fecha,indicativo,nombre,provincia,altitud,tmed,prec,tmin,horatmin,tmax,horatmax,dir,velmedia,racha,horaracha,sol,presMax,horaPresMax,presMin,horaPresMin
2008-06-25,0009X,ALFORJA,TARRAGONA,406,"24,4","0,0","18,0",01:51,"30,7",13:42,99,"3,6","10,3",Varias,,,,,
2008-06-26,0009X,ALFORJA,TARRAGONA,406,"24,3","9,0","17,5",01:58,"31,1",12:23,10,"2,5","6,7",13:00,,,,,
2008-06-27,0009X,ALFORJA,TARRAGONA,406,"23,0","0,0","17,3",05:42,"28,6",16:29,32,"4,2","12,5",04:20,,,,,
2008-06-28,0009X,ALFORJA,TARRAGONA,406,"24,6","0,0","18,0",23:42,"31,1",14:08,28,"2,8","11,4",03:40,,,,,
2008-06-29,0009X,ALFORJA,TARRAGONA,406,"23,0","0,0","16,4",04:28,"29,6",12:10,11,"1,4","6,1",12:40,,,,,
2008-06-30,0009X,ALFORJA,TARRAGONA,406,"24,0","0,0","18,7",04:44,"29,4",14:27,30,"2,8","7,5",07:10,,,,,
2008-07-01,0009X,ALFORJA,TARRAGONA,406,"23,9","0,0","18,3",00:39,"29,5",13:13,,,,,,,,,
2008-07-02,0009X,ALFORJA,TARRAGONA,406,"22,6","0,0","18,1",01:07,"27,2",13:15,11,"2,5","6,7",15:40,,,,,
2008-07-03,0009X,ALFORJA,TARRAGONA,406,"22,3","0,0","15,9",23:54,"28,7",14:44,26,"4,7","11,9",08:50,,,,,
2008-07-04,0009X,ALFORJA,TARRAGONA,406,"20,7","0,0","14,3",02:58,"27,1",14:41,14,"1,9","9,2",13:00,,,,,
2008-07-05,0009X,ALFORJA,TARRAGONA,406,"23,2","0,2","16,1",04:21,"30,4",12:45,12,"1,4","6,7",12:10,,,,,
2008-07-06,0009X,ALFORJA,TARRAGONA,406,"23,6","0,4","17,4",03:37,"29,7",13:43,09,"1,7","6,9",11:40,,,,,
2008-07-07,0009X,ALFORJA,TARRAGONA,406,"21,2","0,0","16,0",05:40,"26,5",13:40,27,"3,3","9,7",03:10,,,,,
2008-07-08,0009X,ALFORJA,TARRAGONA,406,"20,5","0,0","17,6",Varias,"23,4",15:24,10,"1,4","6,1",10:50,,,,,
2008-07-09,0009X,ALFORJA,TARRAGONA,406,"20,1","0,0","16,0",23:42,"24,2",14:49,13,"0,8","5,0",14:00,,,,,
2008-07-10,0009X,ALFORJA,TARRAGONA,406,"22,2","0,0","16,1",00:33,"28,2",13:28,12,"1,7","6,4",14:30,,,,,
2008-07-11,0009X,ALFORJA,TARRAGONA,406,"23,7","0,2","17,6",01:08,"29,8",12:08,11,"1,7","7,8",10:40,,,,,
2008-09-12,0009X,ALFORJA,TARRAGONA,406,"17,2","0,0","12,7",Varias,"21,8",14:15,30,"7,2","17,2",07:40,,,,,
2008-09-13,0009X,ALFORJA,TARRAGONA,406,"17,1","0,0","11,2",03:12,"23,0",14:40,27,"6,4","12,8",20:40,,,,,
2008-09-14,0009X,ALFORJA,TARRAGONA,406,"17,8","0,0","11,2",05:41,"24,4",14:58,30,"5,3","14,7",03:30,,,,,
2008-09-15,0009X,ALFORJA,TARRAGONA,406,"18,9","0,0","12,8",05:26,"25,0",14:41,27,"4,2","12,2",08:30,,,,,
2008-09-16,0009X,ALFORJA,TARRAGONA,406,"19,2","0,0","12,9",05:10,"25,4",13:06,31,"2,2","8,9",08:20,,,,,
2008-09-17,0009X,ALFORJA,TARRAGONA,406,"20,2","0,0","16,5",20:46,"23,8",13:01,12,"1,4","8,6",13:00,,,,,
2008-09-18,0009X,ALFORJA,TARRAGONA,406,"20,8","0,0","18,2",00:01,"23,3",12:21,99,"1,4","6,1",Varias,,,,,
2008-09-19,0009X,ALFORJA,TARRAGONA,406,"22,5","0,0","18,2",05:42,"26,8",12:02,28,"1,9","7,5",10:40,,,,,
2008-09-20,0009X,ALFORJA,TARRAGONA,406,"21,0","0,0","15,2",06:03,"26,7",13:07,25,"2,2","8,3",11:50,,,,,
2008-09-21,0009X,ALFORJA,TARRAGONA,406,"19,2","0,4","16,3",05:49,"22,0",13:52,13,"1,4","5,6",14:10,,,,,
2008-09-22,0009X,ALFORJA,TARRAGONA,406,"17,0","31,0","15,5",Varias,"18,6",12:03,22,"0,6","4,4",07:50,,,,,
2008-09-23,0009X,ALFORJA,TARRAGONA,406,"13,7","9,2","11,9",23:11,"15,5",00:01,24,"0,6","4,2",07:50,,,,,
2008-09-24,0009X,ALFORJA,TARRAGONA,406,"15,6","0,0","11,3",20:00,"19,8",14:10,23,"2,2","8,6",05:20,,,,,
2008-09-25,0009X,ALFORJA,TARRAGONA,406,"15,8","0,0","10,7",Varias,"21,0",Varias,27,"3,9","11,7",07:30,,,,,
2008-09-26,0009X,ALFORJA,TARRAGONA,406,"15,9","9,6","11,6",03:13,"20,2",12:54,29,"1,7","8,6",01:20,,,,,
2008-09-27,0009X,ALFORJA,TARRAGONA,406,"14,9","0,2","9,1",06:11,"20,7",12:30,10,"1,1","7,2",09:20,,,,,
2008-09-28,0009X,ALFORJA,TARRAGONA,406,"15,4","0,0","9,3",04:54,"21,6",12:25,12,"1,1","6,7",13:10,,,,,
2008-09-29,0009X,ALFORJA,TARRAGONA,406,"16,2","0,0","8,7",05:54,"23,6",12:39,34,"1,9","9,4",13:10,,,,,
2008-09-30,0009X,ALFORJA,TARRAGONA,406,"16,7","0,0","11,7",06:02,"21,7",15:01,29,"3,1","13,3",08:00,,,,,
2008-10-01,0009X,ALFORJA,TARRAGONA,406,"15,9","0,0","10,8",05:44,"21,0",14:36,28,"3,3","12,5",07:40,,,,,
2008-10-02,0009X,ALFORJA,TARRAGONA,406,"17,3","0,0","11,9",00:01,"22,7",Varias,27,"3,3","12,2",02:30,,,,,
2008-10-03,0009X,ALFORJA,TARRAGONA,406,"14,2","0,0","9,3",23:58,"19,1",13:40,28,"5,0","13,9",15:00,,,,,
2008-10-04,0009X,ALFORJA,TARRAGONA,406,"12,6","0,0","7,5",05:37,"17,7",14:06,28,"3,3","13,6",05:10,,,,,
2008-10-05,0009X,ALFORJA,TARRAGONA,406,"15,0","0,0","7,4",00:40,"22,6",14:07,28,"2,2","8,1",11:20,,,,,
2008-10-06,0009X,ALFORJA,TARRAGONA,406,"15,6","0,0","7,9",05:56,"23,3",12:11,10,"0,8","5,8",11:10,,,,,
2008-10-07,0009X,ALFORJA,TARRAGONA,406,"16,4","0,2","9,0",06:04,"23,9",11:46,27,"2,5","10,6",21:30,,,,,
2008-10-08,0009X,ALFORJA,TARRAGONA,406,,,,,,,,"3,6",,,,,,,
2008-10-09,0009X,ALFORJA,TARRAGONA,406,"14,2","0,0","10,2",07:10,"18,1",12:45,27,"2,8","10,8",04:50,,,,,
2008-10-10,0009X,ALFORJA,TARRAGONA,406,"16,8","0,0","11,6",21:24,"22,1",14:53,09,"0,8","7,8",08:30,,,,,
2008-10-11,0009X,ALFORJA,TARRAGONA,406,"15,9","0,0","10,8",03:15,"21,0",10:48,14,"1,9","11,1",14:00,,,,,
2008-10-12,0009X,ALFORJA,TARRAGONA,406,"18,6","0,6","17,5",00:01,"19,6",Varias,11,"2,2","9,4",04:20,,,,,
2008-10-13,0009X,ALFORJA,TARRAGONA,406,"19,3","0,0","15,2",23:46,"23,4",13:25,11,"1,4","6,1",13:10,,,,,
2008-10-14,0009X,ALFORJA,TARRAGONA,406,"18,9","0,2","14,6",01:24,"23,2",13:01,24,"1,1","4,7",05:10,,,,,
2008-10-15,0009X,ALFORJA,TARRAGONA,406,"19,5","0,0","13,8",23:20,"25,2",Varias,09,"1,9","5,6",13:40,,,,,
2008-10-16,0009X,ALFORJA,TARRAGONA,406,"19,0","0,0","12,3",04:21,"25,8",14:03,24,"1,4","7,5",14:10,,,,,
2008-10-17,0009X,ALFORJA,TARRAGONA,406,"18,0","10,0","12,9",03:00,"23,1",15:02,27,"1,7","8,6",10:30,,,,,
2008-10-18,0009X,ALFORJA,TARRAGONA,406,"15,4","9,2","14,2",Varias,"16,7",00:09,13,"1,4","5,0",07:10,,,,,
2008-10-19,0009X,ALFORJA,TARRAGONA,406,"17,5","0,0","14,0",Varias,"21,0",13:11,12,"0,8","4,7",15:10,,,,,
2008-10-20,0009X,ALFORJA,TARRAGONA,406,"18,6","0,0","14,2",23:48,"22,9",13:13,14,"1,1","4,7",13:00,,,,,
2008-10-21,0009X,ALFORJA,TARRAGONA,406,"17,2","6,0","13,1",05:38,"21,2",13:37,08,"1,4","4,2",11:00,,,,,
2008-10-22,0009X,ALFORJA,TARRAGONA,406,"12,7","1,0","9,0",20:53,"16,4",00:01,28,"7,8","15,3",12:50,,,,,
2008-10-23,0009X,ALFORJA,TARRAGONA,406,"8,1","15,8","6,8",Varias,"9,4",00:01,29,"4,4","13,9",00:50,,,,,
2008-10-24,0009X,ALFORJA,TARRAGONA,406,"13,8","0,0","8,8",00:01,"18,7",15:12,28,"3,3","8,3",04:30,,,,,
2008-10-25,0009X,ALFORJA,TARRAGONA,406,"15,4","0,0","10,6",20:57,"20,1",13:24,25,"3,9","11,9",09:30,,,,,
2008-10-26,0009X,ALFORJA,TARRAGONA,406,"16,0","0,0","10,7",00:56,"21,4",14:15,99,"3,3","7,2",Varias,,,,,
2008-10-27,0009X,ALFORJA,TARRAGONA,406,"16,8","0,0","10,5",05:43,"23,1",13:53,26,"1,9","7,5",09:50,,,,,
2008-10-28,0009X,ALFORJA,TARRAGONA,406,"10,0","62,0","6,5",23:55,"13,4",01:31,32,"5,0","12,2",09:00,,,,,
2008-10-29,0009X,ALFORJA,TARRAGONA,406,"5,8","9,2","2,7",06:41,"8,8",15:59,28,"4,7","17,2",22:50,,,,,
2008-10-30,0009X,ALFORJA,TARRAGONA,406,"8,4","4,6","3,4",04:51,"13,5",11:31,31,"2,5","12,8",01:50,,,,,
2008-10-31,0009X,ALFORJA,TARRAGONA,406,"11,4","11,4","8,8",05:49,"14,1",23:57,18,"1,7","13,3",19:40,,,,,
2008-11-01,0009X,ALFORJA,TARRAGONA,406,"13,3","59,2","10,5",22:16,"16,1",10:44,20,"0,6","7,2",02:20,,,,,
2008-11-02,0009X,ALFORJA,TARRAGONA,406,"10,4","5,2","5,8",Varias,"14,9",05:18,08,"4,7","16,9",06:40,,,,,
2008-11-03,0009X,ALFORJA,TARRAGONA,406,"10,2","0,4","5,1",03:56,"15,3",14:01,31,"2,5","9,2",00:10,,,,,
2008-11-04,0009X,ALFORJA,TARRAGONA,406,"10,6","0,0","5,7",05:18,"15,5",14:03,99,"4,7","10,8",Varias,,,,,
2008-11-05,0009X,ALFORJA,TARRAGONA,406,"10,1","0,0","7,4",Varias,"12,8",13:54,,"5,3",,,,,,,
2008-11-06,0009X,ALFORJA,TARRAGONA,406,"12,7","0,0","9,5",23:57,"15,9",13:05,26,"4,7","13,1",07:40,,,,,
2008-11-07,0009X,ALFORJA,TARRAGONA,406,"10,0","1,0","5,1",06:37,"14,8",11:30,27,"2,2","7,8",12:00,,,,,
2008-11-08,0009X,ALFORJA,TARRAGONA,406,"12,5","0,2","8,1",00:01,"16,9",13:07,30,"2,2","9,7",20:30,,,,,
2008-11-09,0009X,ALFORJA,TARRAGONA,406,"12,6","0,0","7,8",23:44,"17,3",13:34,25,"3,1","8,3",11:10,,,,,
2008-11-10,0009X,ALFORJA,TARRAGONA,406,"12,4","0,0","7,7",07:12,"17,0",12:44,13,"0,8","4,7",12:40,,,,,
2008-11-11,0009X,ALFORJA,TARRAGONA,406,"12,4","0,0","10,1",07:02,"14,8",10:07,99,"1,7","6,4",Varias,,,,,
2008-11-12,0009X,ALFORJA,TARRAGONA,406,"9,8","0,0","6,5",23:51,"13,1",00:48,29,"6,4","18,1",15:30,,,,,
2008-11-13,0009X,ALFORJA,TARRAGONA,406,"10,2","0,0","5,7",06:24,"14,8",14:00,28,"5,6","17,2",23:30,,,,,
2008-11-14,0009X,ALFORJA,TARRAGONA,406,"8,4","0,0","4,0",06:57,"12,8",14:07,32,"7,2","23,6",07:30,,,,,
2008-11-15,0009X,ALFORJA,TARRAGONA,406,"11,0","0,0","6,4",Varias,"15,7",14:08,29,"5,6","16,9",03:30,,,,,
2008-11-16,0009X,ALFORJA,TARRAGONA,406,"10,2","0,0","6,2",04:31,"14,2",13:51,27,"6,1","18,1",07:30,,,,,
2008-11-17,0009X,ALFORJA,TARRAGONA,406,"10,2","0,0","6,7",06:22,"13,8",14:01,29,"8,9","22,2",03:30,,,,,
2008-11-18,0009X,ALFORJA,TARRAGONA,406,"8,1","0,0","6,3",18:55,"9,9",10:00,28,"3,9","21,1",03:30,,,,,
2008-11-19,0009X,ALFORJA,TARRAGONA,406,"9,3","0,0","5,5",19:12,"13,1",13:40,21,"3,6","17,2",15:30,,,,,
2008-11-20,0009X,ALFORJA,TARRAGONA,406,"9,0","0,0","6,0",06:22,"12,0",14:17,28,"6,1","19,2",23:30,,,,,
2008-11-21,0009X,ALFORJA,TARRAGONA,406,"10,8","0,0","7,0",06:54,"14,6",14:53,26,"8,3","26,7",11:30,,,,,
2008-11-22,0009X,ALFORJA,TARRAGONA,406,"13,2","0,0","8,9",23:58,"17,4",12:58,27,"8,6","21,9",11:30,,,,,
2008-11-23,0009X,ALFORJA,TARRAGONA,406,"11,8","0,2","8,3",01:16,"15,2",13:35,30,"5,8","21,1",07:30,,,,,
2008-11-24,0009X,ALFORJA,TARRAGONA,406,"8,6","0,0","5,8",23:53,"11,5",11:42,33,"5,8","27,8",23:30,,,,,
2008-11-25,0009X,ALFORJA,TARRAGONA,406,"5,8","0,0","1,9",23:57,"9,7",12:49,30,"5,0","16,7",19:30,,,,,
2008-11-26,0009X,ALFORJA,TARRAGONA,406,"4,0","0,0","-0,4",06:50,"8,3",13:10,28,"4,4","13,1",06:30,,,,,
2008-11-27,0009X,ALFORJA,TARRAGONA,406,"3,9","0,0","0,0",06:51,"7,8",11:57,26,"4,4","33,1",80:50,,,,,
2008-11-28,0009X,ALFORJA,TARRAGONA,406,"3,9","0,0","-0,1",06:27,"7,9",14:26,27,"6,9","17,2",13:40,,,,,
2008-11-29,0009X,ALFORJA,TARRAGONA,406,"6,8","2,2","3,8",02:01,"9,9",14:48,27,"4,2","15,8",15:30,,,,,
2008-11-30,0009X,ALFORJA,TARRAGONA,406,"6,0","0,0","2,1",06:27,"9,8",11:28,26,"3,9","15,0",15:30,,,,,
2008-12-01,0009X,ALFORJA,TARRAGONA,406,"6,0","0,0","2,9",23:49,"9,0",12:52,28,"6,7","16,1",09:10,,,,,
2008-12-02,0009X,ALFORJA,TARRAGONA,406,"5,5","0,0","2,5",02:49,"8,5",13:52,30,"6,7","17,5",19:30,,,,,
2008-12-03,0009X,ALFORJA,TARRAGONA,406,"5,9","0,0","3,1",00:28,"8,7",10:40,27,"5,3","14,2",19:30,,,,,
2008-12-04,0009X,ALFORJA,TARRAGONA,406,"8,3","0,0","6,5",03:04,"10,1",23:55,28,"3,9","13,9",00:40,,,,,
2008-12-05,0009X,ALFORJA,TARRAGONA,406,"11,3","0,0","7,9",23:52,"14,7",12:05,26,"5,8","18,3",10:50,,,,,
2008-12-06,0009X,ALFORJA,TARRAGONA,406,"10,4","0,0","7,9",05:26,"12,8",13:52,28,"5,3","13,6",04:50,,,,,
2008-12-07,0009X,ALFORJA,TARRAGONA,406,"10,3","3,0","6,9",05:37,"13,7",10:31,31,"1,4","6,1",02:40,,,,,
2008-12-08,0009X,ALFORJA,TARRAGONA,406,"8,2","1,6","7,3",22:31,"9,1",00:01,,"0,6",,,,,,,
2008-12-09,0009X,ALFORJA,TARRAGONA,406,"7,5","3,8","5,1",Varias,"9,9",10:33,28,"2,5","16,9",19:30,,,,,
2008-12-10,0009X,ALFORJA,TARRAGONA,406,"5,1","0,0","1,4",23:56,"8,8",14:25,28,"4,4","15,8",01:40,,,,,
2008-12-11,0009X,ALFORJA,TARRAGONA,406,"3,9","0,0","-0,3",05:02,"8,1",12:32,27,"5,0","14,7",03:40,,,,,
2008-12-12,0009X,ALFORJA,TARRAGONA,406,"7,4","0,0","4,4",00:01,"10,3",13:54,28,"7,2","18,3",02:20,,,,,
2008-12-13,0009X,ALFORJA,TARRAGONA,406,"7,6","10,8","4,0",07:16,"11,3",12:50,28,"1,4","11,7",02:00,,,,,
2008-12-14,0009X,ALFORJA,TARRAGONA,406,"4,6","0,8","2,3",22:36,"7,0",12:16,29,"6,9","16,7",04:10,,,,,
2008-12-15,0009X,ALFORJA,TARRAGONA,406,"3,6","0,0","1,0",06:26,"6,2",12:28,28,"7,2","13,9",08:00,,,,,
2008-12-16,0009X,ALFORJA,TARRAGONA,406,"6,8","0,0","3,5",01:22,"10,1",13:00,29,"4,4","13,9",00:30,,,,,
2008-12-17,0009X,ALFORJA,TARRAGONA,406,"7,8","0,0","4,8",03:46,"10,7",12:08,99,"6,1","13,3",Varias,,,,,
2008-12-18,0009X,ALFORJA,TARRAGONA,406,"8,2","0,0","4,9",05:46,"11,4",15:05,29,"8,3","17,8",10:40,,,,,
2008-12-19,0009X,ALFORJA,TARRAGONA,406,"8,7","0,0","5,5",06:39,"11,9",14:00,28,"7,5","15,6",01:20,,,,,
2008-12-20,0009X,ALFORJA,TARRAGONA,406,"9,2","0,0","6,3",Varias,"12,2",13:20,26,"6,9","15,8",13:00,,,,,
2008-12-21,0009X,ALFORJA,TARRAGONA,406,"9,9","0,0","6,6",06:42,"13,2",13:50,28,"7,2","18,1",07:30,,,,,
2008-12-22,0009X,ALFORJA,TARRAGONA,406,"9,8","0,0","4,1",23:29,"15,4",12:20,28,"4,2","11,9",06:30,,,,,
2008-12-23,0009X,ALFORJA,TARRAGONA,406,"7,1","0,0","0,7",05:49,"13,5",11:22,10,"1,1","4,2",14:30,,,,,
2008-12-24,0009X,ALFORJA,TARRAGONA,406,"7,4","0,0","1,1",05:50,"13,6",12:01,25,"1,1","3,9",23:30,,,,,
2008-12-25,0009X,ALFORJA,TARRAGONA,406,"5,4","0,0","-0,4",05:01,"11,1",13:30,28,"3,6","12,8",12:20,,,,,
2008-12-26,0009X,ALFORJA,TARRAGONA,406,"4,0","13,0","1,3",05:52,"6,8",00:01,06,"5,6","13,9",23:00,,,,,
2008-12-27,0009X,ALFORJA,TARRAGONA,406,"6,5","14,2","4,0",03:49,"9,0",13:00,07,"1,4","8,6",01:10,,,,,
2008-12-28,0009X,ALFORJA,TARRAGONA,406,"6,8","2,8","5,8",23:59,"7,7",Varias,09,"3,1","9,2",18:20,,,,,
2008-12-29,0009X,ALFORJA,TARRAGONA,406,"6,0","1,8","4,6",Varias,"7,4",23:23,99,"0,0","4,2",Varias,,,,,
2008-12-30,0009X,ALFORJA,TARRAGONA,406,"8,8","1,2","6,3",02:34,"11,2",13:26,12,"1,1","3,6",14:30,,,,,
2008-12-31,0009X,ALFORJA,TARRAGONA,406,"9,0","0,0","5,8",23:41,"12,3",13:16,10,"0,8","5,0",03:50,,,,,
2009-01-01,0009X,ALFORJA,TARRAGONA,406,"9,0","5,8","6,0",00:01,"12,1",11:51,25,"2,2","7,8",07:20,,,,,
2009-01-02,0009X,ALFORJA,TARRAGONA,406,"8,4","0,2","6,4",22:41,"10,4",14:11,32,"3,3","8,9",13:40,,,,,
2009-01-03,0009X,ALFORJA,TARRAGONA,406,"7,8","0,6","6,1",07:38,"9,4",11:53,30,"0,6","4,2",02:00,,,,,
2009-01-04,0009X,ALFORJA,TARRAGONA,406,"5,5","0,2","3,5",21:55,"7,5",14:04,28,"3,6","10,8",18:30,,,,,
2009-01-05,0009X,ALFORJA,TARRAGONA,406,"4,0","0,0","1,6",06:41,"6,5",11:52,28,"5,8","13,6",19:00,,,,,
2009-01-06,0009X,ALFORJA,TARRAGONA,406,"3,0","0,0","-0,4",23:56,"6,5",13:37,28,"3,6","12,2",18:10,,,,,
2009-01-07,0009X,ALFORJA,TARRAGONA,406,"0,3","0,0","-2,4",23:38,"3,0",12:50,28,"6,1","14,2",09:50,,,,,
2009-01-08,0009X,ALFORJA,TARRAGONA,406,"0,4","1,0","-3,3",03:01,"4,0",13:50,30,"2,2","8,9",01:20,,,,,
2009-01-09,0009X,ALFORJA,TARRAGONA,406,"4,0","21,8","1,0",17:49,"6,9",11:03,06,"1,7","8,6",10:10,,,,,
2009-01-10,0009X,ALFORJA,TARRAGONA,406,"5,5","2,0","1,9",17:31,"9,1",13:08,99,"1,4","9,2",Varias,,,,,
2009-01-11,0009X,ALFORJA,TARRAGONA,406,"5,9","0,0","2,8",00:48,"9,0",15:01,32,"6,1","14,2",18:10,,,,,
2009-01-12,0009X,ALFORJA,TARRAGONA,406,"5,8","0,0","1,2",06:34,"10,3",14:57,99,"4,7","12,2",Varias,,,,,
2009-01-13,0009X,ALFORJA,TARRAGONA,406,"4,7","0,0","1,1",01:11,"8,3",08:40,27,"4,4","15,0",22:00,,,,,
2009-01-14,0009X,ALFORJA,TARRAGONA,406,"5,8","0,0","2,5",Varias,"9,2",14:33,28,"6,4","15,3",12:50,,,,,
2009-01-15,0009X,ALFORJA,TARRAGONA,406,"7,4","0,0","2,1",21:12,"12,6",13:36,23,"2,8","8,3",10:20,,,,,
2009-01-16,0009X,ALFORJA,TARRAGONA,406,"6,4","0,0","1,5",06:33,"11,3",13:18,12,"0,8","5,0",13:10,,,,,
2009-01-17,0009X,ALFORJA,TARRAGONA,406,"6,3","0,0","2,4",21:24,"10,2",10:09,27,"2,8","8,9",11:10,,,,,
2009-01-18,0009X,ALFORJA,TARRAGONA,406,"8,6","0,0","3,8",04:37,"13,4",14:58,29,"5,0","14,2",19:10,,,,,
2009-01-19,0009X,ALFORJA,TARRAGONA,406,"13,0","2,4","7,5",01:19,"18,5",13:41,24,"2,2","11,1",20:30,,,,,
2009-01-20,0009X,ALFORJA,TARRAGONA,406,"6,6","0,0","3,7",23:30,"9,6",00:01,28,"6,9","15,8",12:10,,,,,
2009-01-21,0009X,ALFORJA,TARRAGONA,406,"5,2","0,0","2,3",05:18,"8,2",14:45,28,"8,6","21,9",12:20,,,,,
2009-01-22,0009X,ALFORJA,TARRAGONA,406,"7,6","0,6","4,2",02:33,"10,9",23:59,99,"6,9","16,1",13:50,,,,,
2009-01-23,0009X,ALFORJA,TARRAGONA,406,"15,0","1,4","10,9",00:01,"19,2",12:51,25,"6,7","23,6",14:00,,,,,
2009-01-24,0009X,ALFORJA,TARRAGONA,406,"10,8",,"6,3",21:38,"15,2",00:01,29,"12,5","35,8",13:30,,,,,
2009-01-25,0009X,ALFORJA,TARRAGONA,406,"9,4","2,0","5,1",05:08,"13,6",14:12,26,"4,4","18,1",22:50,,,,,
2009-01-26,0009X,ALFORJA,TARRAGONA,406,"6,9","0,0","4,5",07:29,"9,3",13:08,27,"7,2","19,7",13:20,,,,,
2009-01-27,0009X,ALFORJA,TARRAGONA,406,"7,3","0,0","4,2",04:23,"10,4",14:32,29,"8,3","18,3",02:30,,,,,
2009-01-28,0009X,ALFORJA,TARRAGONA,406,"10,5","0,0","6,4",04:37,"14,6",14:47,28,"7,5","17,8",10:30,,,,,
2009-01-29,0009X,ALFORJA,TARRAGONA,406,"11,0","0,0","7,6",23:58,"14,4",15:26,27,"1,4","13,6",03:20,,,,,
2009-01-30,0009X,ALFORJA,TARRAGONA,406,"8,8","3,2","5,4",04:12,"12,3",09:53,10,"1,1","4,2",16:00,,,,,
2009-01-31,0009X,ALFORJA,TARRAGONA,406,"8,8","6,8","7,6",21:48,"9,9",12:54,32,"0,8","6,4",23:40,,,,,
2009-02-01,0009X,ALFORJA,TARRAGONA,406,"6,7","12,0","4,7",20:31,"8,7",11:29,11,"1,9","9,7",15:40,,,,,
2009-02-02,0009X,ALFORJA,TARRAGONA,406,"6,8","2,8","3,5",06:08,"10,0",15:10,28,"0,3","6,1",23:30,,,,,
2009-02-03,0009X,ALFORJA,TARRAGONA,406,"6,9","0,0","3,3",07:31,"10,5",14:20,27,"6,1","16,1",10:40,,,,,
2009-02-13,0009X,ALFORJA,TARRAGONA,406,"7,6","0,0","3,1",Varias,"12,0",15:19,99,"4,2","13,6",Varias,,,,,
2009-02-15,0009X,ALFORJA,TARRAGONA,406,"5,9","0,0","5,1",Varias,"6,7",00:01,13,"0,6","5,0",00:00,,,,,
2009-02-16,0009X,ALFORJA,TARRAGONA,406,"6,8","0,0","4,0",22:10,"9,7",13:16,10,"0,6","5,0",13:20,,,,,
2009-02-17,0009X,ALFORJA,TARRAGONA,406,"6,8","0,0","1,6",02:26,"12,1",15:10,29,"5,0","13,9",23:40,,,,,
2009-02-18,0009X,ALFORJA,TARRAGONA,406,"8,3","0,0","3,5",Varias,"13,1",Varias,32,"6,7","17,8",08:10,,,,,
2009-02-19,0009X,ALFORJA,TARRAGONA,406,"8,9","0,0","3,9",Varias,"13,9",15:34,30,"3,9","10,0",05:10,,,,,
2009-02-22,0009X,ALFORJA,TARRAGONA,406,"8,7","0,0","3,5",Varias,"13,9",15:19,28,"8,6","17,8",13:40,,,,,
2009-02-23,0009X,ALFORJA,TARRAGONA,406,"8,9","0,0","4,4",Varias,"13,4",Varias,29,"6,4","18,9",04:20,,,,,
2009-02-24,0009X,ALFORJA,TARRAGONA,406,"9,2","0,0","4,0",Varias,"14,4",15:25,29,"3,9","11,9",07:30,,,,,
2009-02-25,0009X,ALFORJA,TARRAGONA,406,"8,8","0,0","3,8",23:48,"13,9",11:30,12,"1,1","5,6",11:30,,,,,
2009-02-26,0009X,ALFORJA,TARRAGONA,406,"8,8","0,0","2,5",03:18,"15,0",13:25,99,"1,1","5,6",Varias,,,,,
2009-02-27,0009X,ALFORJA,TARRAGONA,406,"12,3","0,0","6,0",Varias,"18,6",13:28,26,"2,5","9,2",Varias,,,,,
2009-02-28,0009X,ALFORJA,TARRAGONA,406,"8,4","1,4","4,7",Varias,"12,1",14:18,12,"0,3","4,4",12:20,,,,,
2009-03-01,0009X,ALFORJA,TARRAGONA,406,"9,2","1,4","6,1",22:34,"12,2",15:22,99,"1,9","8,3",Varias,,,,,
2009-03-02,0009X,ALFORJA,TARRAGONA,406,"10,4",,"5,3",23:24,"15,4",15:17,99,"2,5","7,2",Varias,,,,,
2009-03-04,0009X,ALFORJA,TARRAGONA,406,"6,3",,"3,0",23:32,"9,6",09:33,30,"2,8","19,7",18:30,,,,,
2009-03-05,0009X,ALFORJA,TARRAGONA,406,,,,,,,30,"7,8","25,3",81:00,,,,,
2009-03-07,0009X,ALFORJA,TARRAGONA,406,"10,2","0,0","4,1",Varias,"16,4",Varias,28,"6,7","18,6",19:40,,,,,
2009-03-08,0009X,ALFORJA,TARRAGONA,406,"13,0","0,0","7,8",Varias,"18,2",15:03,99,"4,7","16,7",Varias,,,,,
2009-03-09,0009X,ALFORJA,TARRAGONA,406,"11,2","0,0","6,4",23:59,"15,9",14:44,99,"4,2","14,7",Varias,,,,,
2009-03-10,0009X,ALFORJA,TARRAGONA,406,"11,1","0,0","4,0",Varias,"18,2",15:25,30,"3,3","12,5",22:30,,,,,
2009-03-11,0009X,ALFORJA,TARRAGONA,406,"12,8","0,0","7,8",06:13,"17,7",14:30,99,"3,1","10,0",Varias,,,,,
2009-03-12,0009X,ALFORJA,TARRAGONA,406,"10,7","0,0","4,8",05:17,"16,6",12:40,99,"1,9","6,4",Varias,,,,,
2009-03-13,0009X,ALFORJA,TARRAGONA,406,"13,8","0,0","5,7",03:08,"21,9",12:36,26,"1,4","8,3",10:40,,,,,
2009-03-14,0009X,ALFORJA,TARRAGONA,406,"15,8","0,0","9,3",23:11,"22,2",12:29,99,"1,9","8,3",09:55,,,,,
2009-03-15,0009X,ALFORJA,TARRAGONA,406,"13,6","0,0","7,1",23:56,"20,2",Varias,28,"2,2","8,1",09:10,,,,,
2009-03-16,0009X,ALFORJA,TARRAGONA,406,"11,8","0,0","5,6",23:58,"18,0",12:37,30,"2,8","11,4",06:30,,,,,
2009-03-17,0009X,ALFORJA,TARRAGONA,406,"11,3","0,0","4,6",00:41,"18,0",11:24,14,"1,7","8,9",11:50,,,,,
2009-03-18,0009X,ALFORJA,TARRAGONA,406,"11,6","0,0","4,7",23:04,"18,5",13:03,10,"1,7","5,8",14:40,,,,,
2009-03-20,0009X,ALFORJA,TARRAGONA,406,"12,0","0,0","6,4",21:07,"17,7",11:52,24,"1,7","7,5",05:20,,,,,
2009-03-21,0009X,ALFORJA,TARRAGONA,406,"9,4",,"4,6",Varias,"14,1",15:23,10,"1,1","6,4",00:00,,,,,
2009-03-23,0009X,ALFORJA,TARRAGONA,406,"13,3","0,0","6,2",06:19,"20,4",Varias,28,"3,3","13,3",08:30,,,,,
2009-03-24,0009X,ALFORJA,TARRAGONA,406,"13,0","0,0","6,6",23:57,"19,3",13:57,28,"5,3","16,4",06:30,,,,,
2009-03-25,0009X,ALFORJA,TARRAGONA,406,"10,1","0,0","4,4",Varias,"15,8",Varias,28,"3,6","11,4",07:50,,,,,
2009-03-26,0009X,ALFORJA,TARRAGONA,406,"12,0","0,0","5,3",23:58,"18,7",14:17,29,"3,9","15,8",01:10,,,,,
2009-03-27,0009X,ALFORJA,TARRAGONA,406,"12,4","1,2","4,9",03:39,"19,8",14:58,99,"1,7","5,6",Varias,,,,,
2009-03-28,0009X,ALFORJA,TARRAGONA,406,"9,0","14,0","4,9",Varias,"13,0",09:04,99,"2,8","11,4",Varias,,,,,
2009-03-29,0009X,ALFORJA,TARRAGONA,406,"8,3","0,0","4,3",05:08,"12,3",16:40,30,"3,3","11,9",03:40,,,,,
2009-03-30,0009X,ALFORJA,TARRAGONA,406,"8,2","10,4","5,7",Varias,"10,8",12:45,28,"2,2","9,2",Varias,,,,,
2009-03-31,0009X,ALFORJA,TARRAGONA,406,"7,1","16,0","3,9",05:35,"10,3",15:21,28,"3,3","10,6",09:40,,,,,
2009-04-01,0009X,ALFORJA,TARRAGONA,406,"9,8","1,8","5,2",Varias,"14,4",14:58,29,"4,2","14,7",02:10,,,,,
2009-04-02,0009X,ALFORJA,TARRAGONA,406,"9,4","5,4","6,0",23:59,"12,7",13:54,30,"3,1","15,0",03:10,,,,,
2009-04-03,0009X,ALFORJA,TARRAGONA,406,"11,4","0,0","5,6",Varias,"17,2",14:29,28,"2,2","10,3",09:00,,,,,
2009-04-04,0009X,ALFORJA,TARRAGONA,406,"11,0","0,0","5,0",05:22,"16,9",10:42,29,"1,1","6,7",08:30,,,,,
2009-04-05,0009X,ALFORJA,TARRAGONA,406,"12,4","0,6","7,2",Varias,"17,7",11:42,26,"2,2","8,1",07:40,,,,,
2009-04-06,0009X,ALFORJA,TARRAGONA,406,"11,3","2,0","9,8",00:18,"12,8",Varias,99,"1,4","4,7",Varias,,,,,
2009-04-07,0009X,ALFORJA,TARRAGONA,406,"9,0","58,4","7,6",23:57,"10,3",08:40,33,"3,9","12,8",23:50,,,,,
2009-04-08,0009X,ALFORJA,TARRAGONA,406,"9,8","0,4","6,0",22:47,"13,6",16:17,31,"3,1","14,4",00:10,,,,,
2009-04-09,0009X,ALFORJA,TARRAGONA,406,"11,6","2,6","5,6",Varias,"17,6",12:25,15,"1,7","6,7",12:40,,,,,
2009-04-10,0009X,ALFORJA,TARRAGONA,406,"8,1","50,4","5,4",21:34,"10,8",15:24,10,"2,5","8,9",19:40,,,,,
2009-04-11,0009X,ALFORJA,TARRAGONA,406,"8,8","0,6","4,9",Varias,"12,8",13:05,17,"3,1","10,3",03:10,,,,,
2009-04-12,0009X,ALFORJA,TARRAGONA,406,"9,2","1,4","4,4",05:24,"14,1",Varias,29,"5,3","14,2",07:20,,,,,
2009-04-13,0009X,ALFORJA,TARRAGONA,406,"11,8","0,0","6,0",05:07,"17,6",14:32,30,"6,1","15,6",07:50,,,,,
2009-04-14,0009X,ALFORJA,TARRAGONA,406,"12,5","8,0","6,1",05:36,"18,9",13:36,12,"1,1","6,7",Varias,,,,,
2009-04-15,0009X,ALFORJA,TARRAGONA,406,"10,5",,"6,4",23:54,"14,6",14:09,20,"2,5","8,6",14:50,,,,,
2009-04-16,0009X,ALFORJA,TARRAGONA,406,"10,4","1,6","4,6",04:27,"16,3",Varias,24,"3,1","10,3",17:30,,,,,
2009-04-17,0009X,ALFORJA,TARRAGONA,406,"11,2","0,0","5,6",23:16,"16,9",Varias,27,"3,9","11,7",13:20,,,,,
2009-04-18,0009X,ALFORJA,TARRAGONA,406,"10,9","2,2","5,1",01:02,"16,7",11:09,11,"1,7","6,4",11:50,,,,,
2009-04-19,0009X,ALFORJA,TARRAGONA,406,"10,6","9,8","4,8",05:15,"16,3",10:41,34,"2,5","10,8",13:10,,,,,
2009-04-20,0009X,ALFORJA,TARRAGONA,406,"12,8","0,0","7,1",05:06,"18,4",15:04,29,"5,6","14,7",23:30,,,,,
2009-04-21,0009X,ALFORJA,TARRAGONA,406,"15,0","0,0","8,6",04:10,"21,4",Varias,28,"5,8","13,6",05:10,,,,,
2009-04-22,0009X,ALFORJA,TARRAGONA,406,"15,0","0,0","8,3",Varias,"21,8",15:29,29,"7,2","16,9",07:10,,,,,
2009-04-23,0009X,ALFORJA,TARRAGONA,406,"18,9","0,0","11,6",05:09,"26,2",15:26,28,"5,0","13,9",06:40,,,,,
2009-04-24,0009X,ALFORJA,TARRAGONA,406,"16,2","0,0","9,9",23:52,"22,5",13:09,09,"1,9","7,2",14:20,,,,,
2009-04-25,0009X,ALFORJA,TARRAGONA,406,"13,4","8,6","7,4",04:21,"19,3",13:18,99,"2,8","9,7",13:35,,,,,
2009-04-26,0009X,ALFORJA,TARRAGONA,406,"10,4","1,0","6,6",Varias,"14,2",14:12,28,"6,7","14,2",11:20,,,,,
2009-04-27,0009X,ALFORJA,TARRAGONA,406,"12,0","0,0","6,5",Varias,"17,6",Varias,28,"5,6","14,7",11:50,,,,,
2009-04-28,0009X,ALFORJA,TARRAGONA,406,"13,3","0,0","8,5",22:51,"18,1",14:50,28,"6,1","17,5",15:30,,,,,
2009-04-29,0009X,ALFORJA,TARRAGONA,406,"14,5","0,0","9,1",Varias,"19,9",Varias,29,"5,3","16,1",10:10,,,,,
2009-04-30,0009X,ALFORJA,TARRAGONA,406,"13,5","1,2","7,1",04:46,"19,9",10:36,99,"1,4","6,1",10:45,,,,,
2009-05-01,0009X,ALFORJA,TARRAGONA,406,"15,4","0,6","9,7",Varias,"21,1",16:06,28,"5,3","12,2",13:20,,,,,
2009-05-02,0009X,ALFORJA,TARRAGONA,406,"15,8","0,0","7,9",Varias,"23,7",15:35,30,"4,2","14,2",04:30,,,,,
2009-05-03,0009X,ALFORJA,TARRAGONA,406,"17,8","0,0","10,6",Varias,"24,9",Varias,30,"2,8","11,1",14:10,,,,,
2009-05-04,0009X,ALFORJA,TARRAGONA,406,"17,6","0,0","11,0",23:59,"24,1",Varias,28,"3,9","14,7",22:40,,,,,
2009-05-05,0009X,ALFORJA,TARRAGONA,406,"15,7","0,0","8,3",05:07,"23,1",14:26,30,"4,7","16,4",06:00,,,,,
2009-05-06,0009X,ALFORJA,TARRAGONA,406,"17,6","0,0","9,8",00:37,"25,5",12:16,99,"2,8","9,7",05:55,,,,,
2009-05-07,0009X,ALFORJA,TARRAGONA,406,"18,8","0,0","11,4",04:47,"26,3",11:05,04,"1,1","7,2",Varias,,,,,
2009-05-08,0009X,ALFORJA,TARRAGONA,406,"16,6","0,0","10,9",23:32,"22,2",11:40,12,"1,9","6,9",12:30,,,,,
2009-05-09,0009X,ALFORJA,TARRAGONA,406,"14,8","0,6","9,0",02:34,"20,6",12:40,99,"1,9","6,1",Varias,,,,,
2009-05-10,0009X,ALFORJA,TARRAGONA,406,"16,6","0,0","10,9",23:59,"22,4",13:21,10,"1,7","7,2",14:00,,,,,
2009-05-11,0009X,ALFORJA,TARRAGONA,406,"16,4","0,0","10,0",03:44,"22,8",13:45,12,"1,9","6,9",11:20,,,,,
2009-05-12,0009X,ALFORJA,TARRAGONA,406,"19,0","0,0","12,2",04:04,"25,8",Varias,10,"1,9","6,9",11:50,,,,,
2009-05-13,0009X,ALFORJA,TARRAGONA,406,"17,8","0,4","13,4",23:48,"22,3",11:07,18,"1,7","8,9",12:50,,,,,
2009-05-14,0009X,ALFORJA,TARRAGONA,406,"16,8","0,0","11,2",23:49,"22,4",14:15,27,"3,1","13,1",21:10,,,,,
2009-05-15,0009X,ALFORJA,TARRAGONA,406,"14,0","0,0","7,6",23:19,"20,5",14:07,29,"6,4","14,4",06:10,,,,,
2009-05-16,0009X,ALFORJA,TARRAGONA,406,"15,5","0,0","7,9",Varias,"23,1",13:08,99,"2,2","7,2",Varias,,,,,
2009-05-17,0009X,ALFORJA,TARRAGONA,406,"16,0",,"9,4",04:28,"22,6",Varias,99,"2,2","6,7",Varias,,,,,
2009-05-18,0009X,ALFORJA,TARRAGONA,406,"16,5","0,0","10,3",Varias,"22,7",Varias,12,"1,9","6,9",14:00,,,,,
2009-05-19,0009X,ALFORJA,TARRAGONA,406,"16,4","0,0","7,8",04:04,"24,9",13:45,12,"1,7","6,9",12:30,,,,,
2009-05-20,0009X,ALFORJA,TARRAGONA,406,"18,4","0,0","11,2",Varias,"25,6",12:10,12,"2,5","8,3",11:30,,,,,
2009-05-21,0009X,ALFORJA,TARRAGONA,406,"20,6","0,0","13,5",04:19,"27,8",12:46,12,"1,9","7,5",12:30,,,,,
2009-05-22,0009X,ALFORJA,TARRAGONA,406,"18,4","0,0","13,9",04:42,"23,0",09:06,14,"1,1","6,4",13:40,,,,,
2009-05-23,0009X,ALFORJA,TARRAGONA,406,"21,8","0,0","17,3",00:35,"26,4",11:24,17,"1,7","9,7",10:00,,,,,
2009-05-24,0009X,ALFORJA,TARRAGONA,406,"19,8",,"14,1",Varias,"25,4",15:19,25,"3,1","10,3",04:20,,,,,
2009-05-25,0009X,ALFORJA,TARRAGONA,406,"18,9","0,4","13,9",04:18,"23,9",Varias,29,"1,9","7,2",23:40,,,,,
2009-05-26,0009X,ALFORJA,TARRAGONA,406,"18,9","0,0","13,2",23:59,"24,6",Varias,28,"6,9","16,1",16:25,,,,,
2009-05-27,0009X,ALFORJA,TARRAGONA,406,"18,3","0,0","10,8",Varias,"25,8",15:57,28,"4,4","12,8",Varias,,,,,
2009-05-28,0009X,ALFORJA,TARRAGONA,406,"20,8","0,0","12,1",05:06,"29,5",14:29,99,"3,9","11,7",Varias,,,,,
2009-05-29,0009X,ALFORJA,TARRAGONA,406,"19,0","0,0","12,7",Varias,"25,3",10:29,10,"1,7","6,9",11:50,,,,,
2009-05-30,0009X,ALFORJA,TARRAGONA,406,"18,8","0,0","11,2",04:33,"26,5",Varias,12,"1,9","7,2",12:00,,,,,
2009-05-31,0009X,ALFORJA,TARRAGONA,406,"19,9","0,0","12,1",23:50,"27,7",Varias,16,"2,2","8,6",13:00,,,,,
2009-06-01,0009X,ALFORJA,TARRAGONA,406,"19,0","0,0","11,1",Varias,"26,9",11:56,04,"2,8","9,2",12:10,,,,,
2009-06-02,0009X,ALFORJA,TARRAGONA,406,"20,8","0,0","13,0",Varias,"28,6",12:37,29,"3,1","11,1",06:20,,,,,
2009-06-03,0009X,ALFORJA,TARRAGONA,406,"19,8","0,0","12,4",Varias,"27,3",Varias,99,"2,8","6,4",Varias,,,,,
2009-06-04,0009X,ALFORJA,TARRAGONA,406,"19,2","4,4","12,0",03:31,"26,3",13:15,27,"2,8","8,1",06:30,,,,,
2009-06-05,0009X,ALFORJA,TARRAGONA,406,"18,1","10,8","14,0",21:51,"22,2",07:04,34,"1,4","15,0",06:30,,,,,
2009-06-06,0009X,ALFORJA,TARRAGONA,406,"19,4","8,0","13,5",21:52,"25,2",15:25,27,"3,3","13,6",20:10,,,,,
2009-06-07,0009X,ALFORJA,TARRAGONA,406,"18,8","0,0","12,8",Varias,"24,8",13:20,29,"3,6","10,3",Varias,,,,,
2009-06-08,0009X,ALFORJA,TARRAGONA,406,"18,4","0,0","12,9",00:01,"24,0",12:05,99,"1,4","8,3",22:15,,,,,
2009-06-09,0009X,ALFORJA,TARRAGONA,406,"18,8","0,0","12,9",23:17,"24,6",12:39,28,"3,3","11,7",12:20,,,,,
2009-06-10,0009X,ALFORJA,TARRAGONA,406,"19,6","0,0","12,2",04:51,"27,1",13:07,99,"1,9","7,2",Varias,,,,,
2009-06-11,0009X,ALFORJA,TARRAGONA,406,"21,4","0,0","13,8",Varias,"29,1",10:03,30,"3,1","9,2",05:50,,,,,
2009-06-12,0009X,ALFORJA,TARRAGONA,406,"20,8","0,0","14,1",04:17,"27,6",11:50,99,"1,7","6,4",Varias,,,,,
2009-06-13,0009X,ALFORJA,TARRAGONA,406,"21,4","0,0","13,9",Varias,"28,9",13:11,30,"1,7","11,4",23:50,,,,,
2009-06-14,0009X,ALFORJA,TARRAGONA,406,"26,2","0,0","18,8",23:58,"33,6",09:31,34,"1,7","9,2",00:00,,,,,
2009-06-15,0009X,ALFORJA,TARRAGONA,406,"23,8","0,0","16,6",Varias,"30,9",13:25,10,"1,7","6,1",13:00,,,,,
2009-06-16,0009X,ALFORJA,TARRAGONA,406,"24,2","0,0","18,2",23:43,"30,2",12:19,99,"1,9","7,2",Varias,,,,,
2009-06-17,0009X,ALFORJA,TARRAGONA,406,"23,2","0,0","16,3",03:16,"30,1",Varias,12,"1,9","7,5",12:40,,,,,
2009-06-18,0009X,ALFORJA,TARRAGONA,406,"23,4","0,0","16,5",00:47,"30,4",Varias,14,"1,4","6,4",11:30,,,,,
2009-06-19,0009X,ALFORJA,TARRAGONA,406,"25,2","10,4","18,0",23:43,"32,4",12:27,09,"1,7","7,2",13:50,,,,,
2009-06-20,0009X,ALFORJA,TARRAGONA,406,"21,6","0,0","15,5",23:59,"27,6",15:24,27,"3,1","12,8",22:10,,,,,
2009-06-21,0009X,ALFORJA,TARRAGONA,406,"19,3","0,0","11,9",05:06,"26,7",16:03,28,"4,2","13,6",05:40,,,,,
2009-06-22,0009X,ALFORJA,TARRAGONA,406,"20,4","0,4","14,2",Varias,"26,7",12:18,28,"3,3","9,4",06:00,,,,,
2009-06-23,0009X,ALFORJA,TARRAGONA,406,"20,4","0,2","17,6",06:37,"23,3",Varias,99,"2,2","6,4",Varias,,,,,
2009-06-24,0009X,ALFORJA,TARRAGONA,406,"22,4","0,0","18,2",03:32,"26,7",13:18,12,"1,4","7,2",13:50,,,,,
2009-06-25,0009X,ALFORJA,TARRAGONA,406,"22,0","0,4","17,1",04:54,"27,0",10:46,13,"2,2","8,3",15:40,,,,,
2009-06-26,0009X,ALFORJA,TARRAGONA,406,"22,4","0,0","15,8",23:59,"29,1",12:14,13,"2,8","8,3",14:40,,,,,
2009-06-27,0009X,ALFORJA,TARRAGONA,406,"21,2","0,0","14,6",03:56,"27,7",11:16,11,"1,9","7,8",15:10,,,,,
2009-06-28,0009X,ALFORJA,TARRAGONA,406,"22,4","0,0","14,7",02:43,"30,0",13:12,09,"1,7","6,9",13:30,,,,,
2009-06-29,0009X,ALFORJA,TARRAGONA,406,"25,0","0,0","18,4",23:59,"31,6",12:19,10,"2,5","7,5",13:00,,,,,
2009-06-30,0009X,ALFORJA,TARRAGONA,406,"25,2","0,0","17,3",00:54,"33,2",11:28,99,"2,5","6,4",Varias,,,,,
2009-07-01,0009X,ALFORJA,TARRAGONA,406,"27,2","0,0","20,1",23:40,"34,2",10:07,31,"1,9","9,4",00:20,,,,,
2009-07-02,0009X,ALFORJA,TARRAGONA,406,"24,8","0,0","17,3",04:01,"32,2",Varias,99,"2,2","7,2",Varias,,,,,
2009-07-03,0009X,ALFORJA,TARRAGONA,406,"23,8","0,0","16,7",Varias,"30,9",12:13,14,"1,9","7,5",12:50,,,,,
2009-07-04,0009X,ALFORJA,TARRAGONA,406,"24,2","0,0","16,8",04:15,"31,7",13:08,99,"2,2","7,2",14:05,,,,,
2009-07-05,0009X,ALFORJA,TARRAGONA,406,"23,6","0,0","16,9",03:41,"30,2",13:50,07,"2,2","7,5",12:50,,,,,
2009-07-06,0009X,ALFORJA,TARRAGONA,406,"22,9","0,0","19,1",22:30,"26,7",12:01,12,"2,8","9,4",11:20,,,,,
2009-07-07,0009X,ALFORJA,TARRAGONA,406,"22,6","0,0","17,3",05:17,"28,0",13:59,28,"3,1","8,6",05:00,,,,,
2009-07-08,0009X,ALFORJA,TARRAGONA,406,"18,8","2,4","16,3",Varias,"21,4",14:37,26,"2,2","10,3",06:00,,,,,
2009-07-09,0009X,ALFORJA,TARRAGONA,406,"18,5","0,0","16,2",06:08,"20,8",Varias,99,"1,7","6,9",Varias,,,,,
2009-07-10,0009X,ALFORJA,TARRAGONA,406,"22,2","0,0","17,3",Varias,"27,0",11:55,30,"2,8","8,9",07:50,,,,,
2009-07-11,0009X,ALFORJA,TARRAGONA,406,"22,4","0,0","18,7",05:16,"26,0",14:08,12,"1,4","5,8",14:50,,,,,
2009-07-12,0009X,ALFORJA,TARRAGONA,406,"23,8","0,0","17,8",23:48,"29,8",12:44,12,"2,2","7,5",12:20,,,,,
2009-07-13,0009X,ALFORJA,TARRAGONA,406,"23,9","0,0","16,9",02:45,"30,9",14:17,14,"2,2","7,2",15:30,,,,,
2009-07-14,0009X,ALFORJA,TARRAGONA,406,"23,1","0,0","16,9",Varias,"29,3",Varias,99,"2,2","8,9",Varias,,,,,
2009-07-15,0009X,ALFORJA,TARRAGONA,406,"23,1","0,0","17,4",23:53,"28,8",Varias,12,"1,9","7,8",11:10,,,,,
2009-07-16,0009X,ALFORJA,TARRAGONA,406,"22,8","0,0","16,2",04:25,"29,4",Varias,11,"2,2","8,6",12:40,,,,,
2009-07-17,0009X,ALFORJA,TARRAGONA,406,"22,0","0,0","15,2",23:47,"28,7",14:21,27,"6,1","20,0",17:00,,,,,
2009-07-18,0009X,ALFORJA,TARRAGONA,406,"20,4","0,0","13,2",Varias,"27,7",15:46,29,"5,0","15,6",06:50,,,,,
2009-07-19,0009X,ALFORJA,TARRAGONA,406,"20,4","0,0","13,4",03:15,"27,3",14:42,99,"2,2","8,1",Varias,,,,,
2009-07-20,0009X,ALFORJA,TARRAGONA,406,"22,6","0,0","17,0",02:28,"28,1",12:34,12,"1,9","8,3",14:40,,,,,
2009-07-21,0009X,ALFORJA,TARRAGONA,406,"22,4","4,8","16,8",05:03,"27,9",13:14,99,"2,5","8,1",Varias,,,,,
2009-07-22,0009X,ALFORJA,TARRAGONA,406,"24,4","0,2","19,2",Varias,"29,5",13:19,27,"2,2","13,1",02:20,,,,,
2009-07-23,0009X,ALFORJA,TARRAGONA,406,"27,4","0,0","18,6",Varias,"36,1",15:25,28,"4,2","13,1",12:30,,,,,
2009-07-24,0009X,ALFORJA,TARRAGONA,406,"26,2","0,0","18,0",04:51,"34,3",15:01,99,"2,2","9,2",Varias,,,,,
2009-07-25,0009X,ALFORJA,TARRAGONA,406,"23,8","0,0","17,7",05:08,"30,0",Varias,28,"3,9","11,1",06:20,,,,,
2009-07-26,0009X,ALFORJA,TARRAGONA,406,"23,0","0,0","17,2",Varias,"28,8",12:10,11,"2,2","8,3",13:40,,,,,
2009-07-27,0009X,ALFORJA,TARRAGONA,406,"24,4","0,0","18,1",03:07,"30,7",13:14,13,"1,9","7,5",11:50,,,,,
2009-07-28,0009X,ALFORJA,TARRAGONA,406,"23,8","0,0","17,6",Varias,"30,0",Varias,09,"3,1","8,9",14:00,,,,,
2009-07-29,0009X,ALFORJA,TARRAGONA,406,"23,0","0,0","15,5",Varias,"30,5",14:10,12,"1,7","6,7",12:00,,,,,
2009-07-30,0009X,ALFORJA,TARRAGONA,406,"25,2","0,0","17,5",23:35,"32,8",13:47,29,"3,1","10,6",04:10,,,,,
2009-07-31,0009X,ALFORJA,TARRAGONA,406,"22,6","0,0","16,7",02:51,"28,6",12:45,12,"1,7","7,2",Varias,,,,,
2009-08-01,0009X,ALFORJA,TARRAGONA,406,,,,,,,,"2,5",,,,,,,
2009-08-02,0009X,ALFORJA,TARRAGONA,406,"22,8","0,0","16,4",05:32,"29,3",13:16,30,"2,5","11,1",03:00,,,,,
2009-08-03,0009X,ALFORJA,TARRAGONA,406,"22,3","0,0","19,1",Varias,"25,5",14:35,09,"1,7","7,8",15:20,,,,,
2009-08-04,0009X,ALFORJA,TARRAGONA,406,"24,3","0,0","19,4",04:42,"29,2",13:54,14,"1,7","7,5",14:00,,,,,
2009-08-05,0009X,ALFORJA,TARRAGONA,406,"24,2","0,0","18,9",23:52,"29,4",12:56,99,"1,7","6,7",Varias,,,,,
2009-08-06,0009X,ALFORJA,TARRAGONA,406,"24,2","0,0","18,8",Varias,"29,6",Varias,14,"1,4","7,2",11:40,,,,,
2009-08-07,0009X,ALFORJA,TARRAGONA,406,"24,6","0,0","18,7",00:09,"30,6",11:24,27,"3,3","10,3",06:00,,,,,
2009-08-08,0009X,ALFORJA,TARRAGONA,406,"23,1","1,8","18,0",Varias,"28,2",10:33,25,"1,7","8,9",03:00,,,,,
2009-08-09,0009X,ALFORJA,TARRAGONA,406,"23,7","0,0","18,1",05:03,"29,3",14:21,30,"2,8","9,4",03:20,,,,,
2009-08-10,0009X,ALFORJA,TARRAGONA,406,"23,8","0,0","17,9",05:08,"29,6",11:29,99,"2,8","8,9",07:35,,,,,
2009-08-11,0009X,ALFORJA,TARRAGONA,406,"23,8","0,0","18,0",05:31,"29,6",12:08,12,"1,9","9,2",12:40,,,,,
2009-08-12,0009X,ALFORJA,TARRAGONA,406,"24,4","0,0","17,2",04:31,"31,7",Varias,12,"2,5","8,6",10:00,,,,,
2009-08-13,0009X,ALFORJA,TARRAGONA,406,"25,0","0,0","17,5",02:08,"32,5",11:34,10,"2,8","8,1",13:50,,,,,
2009-08-14,0009X,ALFORJA,TARRAGONA,406,"25,7","0,0","18,9",00:45,"32,5",12:33,99,"2,5","7,5",Varias,,,,,
2009-08-15,0009X,ALFORJA,TARRAGONA,406,"26,0","0,0","18,5",23:49,"33,6",12:25,99,"2,2","6,9",Varias,,,,,
2009-08-16,0009X,ALFORJA,TARRAGONA,406,"25,0","0,0","16,7",05:23,"33,2",13:15,99,"1,7","6,7",13:15,,,,,
2009-08-17,0009X,ALFORJA,TARRAGONA,406,"26,1","0,0","17,1",Varias,"35,1",12:01,10,"1,4","6,9",12:50,,,,,
2009-08-18,0009X,ALFORJA,TARRAGONA,406,"26,2","0,0","18,6",Varias,"33,9",12:54,15,"1,7","6,9",12:10,,,,,
2009-08-19,0009X,ALFORJA,TARRAGONA,406,"26,1","0,0","17,9",Varias,"34,3",12:19,10,"1,7","8,3",13:50,,,,,
2009-08-20,0009X,ALFORJA,TARRAGONA,406,"25,4","0,0","16,6",04:20,"34,3",11:33,10,"2,2","7,8",12:00,,,,,
2009-08-21,0009X,ALFORJA,TARRAGONA,406,"25,1","0,0","18,5",02:33,"31,7",13:09,12,"1,9","8,1",12:20,,,,,
2009-08-22,0009X,ALFORJA,TARRAGONA,406,"24,4","0,0","18,2",Varias,"30,7",Varias,12,"2,5","7,5",12:00,,,,,
2009-08-23,0009X,ALFORJA,TARRAGONA,406,"24,9","0,0","19,1",Varias,"30,7",Varias,12,"1,7","7,5",13:10,,,,,
2009-08-24,0009X,ALFORJA,TARRAGONA,406,"24,8","0,0","18,6",04:13,"30,9",Varias,99,"2,2","7,8",Varias,,,,,
2009-08-25,0009X,ALFORJA,TARRAGONA,406,"22,1","0,6","18,8",21:24,"25,4",10:30,08,"1,7","6,1",08:10,,,,,
2009-08-26,0009X,ALFORJA,TARRAGONA,406,"23,7","0,0","17,9",01:26,"29,5",Varias,12,"1,9","8,1",13:50,,,,,
2009-08-27,0009X,ALFORJA,TARRAGONA,406,"24,2","0,0","18,8",05:25,"29,6",Varias,99,"1,7","6,7",Varias,,,,,
2009-08-28,0009X,ALFORJA,TARRAGONA,406,"24,7","0,0","17,7",05:16,"31,7",11:22,27,"3,3","8,6",07:40,,,,,
2009-08-29,0009X,ALFORJA,TARRAGONA,406,"23,4","0,0","17,0",05:40,"29,7",15:05,28,"3,6","12,2",03:30,,,,,
2009-08-30,0009X,ALFORJA,TARRAGONA,406,"23,2","0,0","16,1",04:39,"30,2",13:08,31,"3,3","10,8",Varias,,,,,
2009-08-31,0009X,ALFORJA,TARRAGONA,406,"24,6","1,4","20,9",Varias,"28,3",14:14,12,"1,7","7,2",14:40,,,,,
2009-09-01,0009X,ALFORJA,TARRAGONA,406,"24,1","0,0","20,0",23:57,"28,2",13:24,10,"2,5","6,9",11:20,,,,,
2009-09-02,0009X,ALFORJA,TARRAGONA,406,"22,4","0,0","18,8",23:59,"26,0",Varias,99,"1,1","5,8",Varias,,,,,
2009-09-03,0009X,ALFORJA,TARRAGONA,406,"25,0","0,0","18,1",Varias,"31,8",Varias,28,"2,2","10,0",09:10,,,,,
2009-09-04,0009X,ALFORJA,TARRAGONA,406,"25,1","0,0","18,9",23:58,"31,3",13:13,28,"2,8","11,1",12:30,,,,,
2009-09-05,0009X,ALFORJA,TARRAGONA,406,"19,8","0,0","15,2",Varias,"24,5",Varias,26,"3,1","12,5",03:40,,,,,
2009-09-06,0009X,ALFORJA,TARRAGONA,406,"20,3","0,0","15,1",00:15,"25,5",13:16,18,"1,7","6,7",16:20,,,,,
2009-09-07,0009X,ALFORJA,TARRAGONA,406,"20,2","0,0","15,5",23:59,"24,9",14:55,15,"1,9","6,4",14:00,,,,,
2009-09-08,0009X,ALFORJA,TARRAGONA,406,"20,2","0,0","13,8",05:47,"26,5",12:20,14,"1,4","7,5",13:20,,,,,
2009-09-09,0009X,ALFORJA,TARRAGONA,406,"21,1","0,0","14,7",23:29,"27,5",12:58,10,"1,7","7,5",11:40,,,,,
2009-09-10,0009X,ALFORJA,TARRAGONA,406,"21,8","0,0","14,4",04:40,"29,2",11:01,09,"1,4","8,3",15:00,,,,,
2009-09-11,0009X,ALFORJA,TARRAGONA,406,"21,8","0,0","15,1",00:13,"28,6",10:53,99,"1,7","8,1",Varias,,,,,
2009-09-12,0009X,ALFORJA,TARRAGONA,406,"21,4","0,0","15,2",04:47,"27,7",13:17,10,"1,7","7,8",13:20,,,,,
2009-09-13,0009X,ALFORJA,TARRAGONA,406,"20,4","1,0","15,4",Varias,"25,4",10:51,99,"1,7","7,5",Varias,,,,,
2009-09-14,0009X,ALFORJA,TARRAGONA,406,"19,9",,"14,6",23:53,"25,2",13:34,99,"3,6","14,2",08:45,,,,,
2009-09-18,0009X,ALFORJA,TARRAGONA,406,"16,8",,"11,5",05:11,"22,2",13:56,32,"2,5","9,7",23:40,,,,,
2009-09-19,0009X,ALFORJA,TARRAGONA,406,"18,5","0,0","13,6",03:48,"23,4",13:47,26,"5,3","14,7",12:40,,,,,
2009-09-20,0009X,ALFORJA,TARRAGONA,406,"17,9","0,0","13,5",05:31,"22,3",14:10,29,"5,0","15,0",03:40,,,,,
2009-09-21,0009X,ALFORJA,TARRAGONA,406,"19,0","0,0","13,3",Varias,"24,7",14:48,30,"3,9","11,7",07:20,,,,,
2009-09-22,0009X,ALFORJA,TARRAGONA,406,"19,4","0,2","14,6",05:44,"24,3",12:36,30,"3,9","12,5",07:20,,,,,
2009-09-23,0009X,ALFORJA,TARRAGONA,406,"20,0","0,0","14,3",05:46,"25,7",14:04,11,"1,4","10,0",11:10,,,,,
2009-09-24,0009X,ALFORJA,TARRAGONA,406,"21,6",,"15,1",00:07,"28,2",14:09,31,"3,3","9,7",07:30,,,,,
2009-09-25,0009X,ALFORJA,TARRAGONA,406,"20,2","0,0","13,9",23:10,"26,4",14:27,28,"3,3","11,7",02:30,,,,,
2009-09-26,0009X,ALFORJA,TARRAGONA,406,"19,7","0,0","13,8",00:24,"25,6",11:48,13,"2,2","6,9",13:30,,,,,
2009-09-27,0009X,ALFORJA,TARRAGONA,406,"18,7","0,2","12,4",03:35,"25,0",11:39,10,"2,2","8,1",10:10,,,,,
2009-09-28,0009X,ALFORJA,TARRAGONA,406,"18,0","0,0","13,1",02:15,"22,9",15:01,10,"1,4","8,9",11:10,,,,,
2009-09-29,0009X,ALFORJA,TARRAGONA,406,"18,9","15,0","13,1",06:18,"24,7",Varias,15,"1,4","8,1",11:10,,,,,
2009-09-30,0009X,ALFORJA,TARRAGONA,406,"18,8","0,2","14,1",23:00,"23,5",12:29,26,"1,4","6,9",09:10,,,,,
2009-10-01,0009X,ALFORJA,TARRAGONA,406,"19,6","3,0","14,0",03:45,"25,1",12:21,27,"1,7","8,6",10:30,,,,,
2009-10-02,0009X,ALFORJA,TARRAGONA,406,"18,8","0,0","14,4",06:00,"23,3",14:16,27,"6,4","15,0",10:40,,,,,
2009-10-03,0009X,ALFORJA,TARRAGONA,406,"17,3","0,0","11,5",23:59,"23,1",Varias,27,"2,8","9,7",Varias,,,,,
2009-10-04,0009X,ALFORJA,TARRAGONA,406,"18,6","0,0","11,3",00:07,"25,9",12:16,31,"1,9","7,8",03:10,,,,,
2009-10-05,0009X,ALFORJA,TARRAGONA,406,"19,8","0,0","13,1",Varias,"26,6",12:14,10,"1,1","5,3",12:30,,,,,
2009-10-06,0009X,ALFORJA,TARRAGONA,406,"19,9","0,0","13,7",04:06,"26,1",12:15,99,"1,1","5,0",Varias,,,,,
2009-10-07,0009X,ALFORJA,TARRAGONA,406,"18,8","0,2","13,9",01:52,"23,6",13:10,26,"0,8","5,6",21:30,,,,,
2009-10-08,0009X,ALFORJA,TARRAGONA,406,"22,6","0,0","17,5",01:44,"27,8",13:00,31,"1,4","10,6",03:10,,,,,
2009-10-09,0009X,ALFORJA,TARRAGONA,406,"20,2",,"15,4",23:41,"24,9",12:58,99,"1,7","6,7",Varias,,,,,
2009-10-10,0009X,ALFORJA,TARRAGONA,406,"19,4","0,0","14,0",22:48,"24,9",14:14,29,"3,6","11,4",08:00,,,,,
2009-10-11,0009X,ALFORJA,TARRAGONA,406,"20,0","0,0","14,8",05:09,"25,2",13:36,29,"3,3","13,6",22:40,,,,,
2009-10-12,0009X,ALFORJA,TARRAGONA,406,"19,8","0,0","14,4",20:59,"25,3",13:36,25,"5,6","15,0",11:30,,,,,
2009-10-13,0009X,ALFORJA,TARRAGONA,406,"17,4","0,0","11,3",06:24,"23,4",14:31,28,"5,0","13,9",05:00,,,,,
2009-10-14,0009X,ALFORJA,TARRAGONA,406,"17,1","0,0","11,4",06:22,"22,8",13:27,29,"2,5","13,9",05:10,,,,,
2009-10-15,0009X,ALFORJA,TARRAGONA,406,"15,2","0,0","10,4",Varias,"19,9",14:21,28,"2,8","11,7",09:50,,,,,
2009-10-16,0009X,ALFORJA,TARRAGONA,406,"12,1","0,0","6,8",Varias,"17,4",14:05,26,"3,6","12,5",11:10,,,,,
2009-10-17,0009X,ALFORJA,TARRAGONA,406,"12,8","0,0","6,6",22:10,"19,0",14:39,29,"3,9","13,9",05:10,,,,,
2009-10-18,0009X,ALFORJA,TARRAGONA,406,"11,6","0,0","6,5",06:16,"16,7",Varias,27,"2,8","11,9",05:40,,,,,
2009-10-19,0009X,ALFORJA,TARRAGONA,406,"11,4","0,0","7,2",03:11,"15,5",Varias,12,"1,7","6,4",13:00,,,,,
2009-10-20,0009X,ALFORJA,TARRAGONA,406,"16,0","13,4","13,6",00:01,"18,4",11:55,13,"1,9","8,9",12:30,,,,,
2009-10-21,0009X,ALFORJA,TARRAGONA,406,"14,6","2,4","11,5",22:49,"17,8",Varias,31,"2,8","12,5",11:30,,,,,
2009-10-22,0009X,ALFORJA,TARRAGONA,406,"11,8","12,0","9,7",Varias,"13,9",16:19,29,"4,7","21,4",16:20,,,,,
2009-10-23,0009X,ALFORJA,TARRAGONA,406,"15,4","0,0","11,7",05:54,"19,2",Varias,99,"5,6","16,4",Varias,,,,,
2009-10-24,0009X,ALFORJA,TARRAGONA,406,"19,4","0,0","15,9",Varias,"22,8",15:25,29,"4,4","15,0",04:50,,,,,
2009-10-25,0009X,ALFORJA,TARRAGONA,406,"19,4","0,0","15,0",21:06,"23,8",15:22,28,"2,8","12,2",01:30,,,,,
2009-10-26,0009X,ALFORJA,TARRAGONA,406,"16,9","0,0","11,2",23:55,"22,6",Varias,29,"2,5","9,4",07:40,,,,,
2009-10-27,0009X,ALFORJA,TARRAGONA,406,"15,6","0,2","9,5",06:30,"21,6",13:17,09,"1,4","4,4",13:50,,,,,
2009-10-28,0009X,ALFORJA,TARRAGONA,406,"18,0","0,0","14,8",04:03,"21,1",12:26,99,"0,6","4,2",Varias,,,,,
2009-10-29,0009X,ALFORJA,TARRAGONA,406,"17,6","0,0","12,2",02:32,"23,1",Varias,26,"1,4","7,5",12:30,,,,,
2009-10-30,0009X,ALFORJA,TARRAGONA,406,"18,6","0,0","13,1",05:10,"24,1",11:43,25,"1,7","5,8",07:30,,,,,
2009-10-31,0009X,ALFORJA,TARRAGONA,406,"16,6","0,0","11,7",06:06,"21,6",Varias,99,"1,1","5,0",Varias,,,,,
2009-11-01,0009X,ALFORJA,TARRAGONA,406,"17,6","0,0","12,2",00:59,"23,1",12:57,28,"1,7","6,1",11:40,,,,,
2009-11-02,0009X,ALFORJA,TARRAGONA,406,"14,2","0,0","11,2",23:16,"17,2",03:21,27,"7,5","20,8",13:20,,,,,
2009-11-03,0009X,ALFORJA,TARRAGONA,406,"14,7","0,0","10,6",01:08,"18,8",14:00,27,"6,9","20,0",09:10,,,,,
2009-11-04,0009X,ALFORJA,TARRAGONA,406,"14,0","0,0","10,4",23:58,"17,5",13:09,28,"6,9","21,1",17:50,,,,,
2009-11-05,0009X,ALFORJA,TARRAGONA,406,"10,9",,"7,7",23:43,"14,1",14:19,28,"8,1","19,7",13:10,,,,,
2009-11-06,0009X,ALFORJA,TARRAGONA,406,"10,6","0,6","7,5",00:36,"13,7",13:31,28,"6,9","16,1",04:30,,,,,
2009-11-07,0009X,ALFORJA,TARRAGONA,406,"11,8","0,8","7,0",22:11,"16,7",10:53,28,"6,9","17,2",12:40,,,,,
2009-11-08,0009X,ALFORJA,TARRAGONA,406,"9,0","0,6","7,0",00:25,"11,0",09:59,28,"6,7","17,5",10:10,,,,,
2009-11-09,0009X,ALFORJA,TARRAGONA,406,"10,0","0,0","5,5",23:57,"14,4",13:40,28,"5,0","19,7",02:20,,,,,
2009-11-10,0009X,ALFORJA,TARRAGONA,406,"8,9","0,0","4,7",Varias,"13,1",12:54,29,"5,8","16,4",02:30,,,,,
2009-11-11,0009X,ALFORJA,TARRAGONA,406,"14,9","0,0","11,9",05:45,"17,9",14:32,28,"6,7","17,2",07:50,,,,,
2009-11-12,0009X,ALFORJA,TARRAGONA,406,"14,5","0,0","10,4",19:55,"18,6",10:39,29,"4,2","12,5",01:20,,,,,
2009-11-13,0009X,ALFORJA,TARRAGONA,406,"14,4","0,0","8,9",23:59,"19,9",12:02,30,"1,4","4,2",00:10,,,,,
2009-11-14,0009X,ALFORJA,TARRAGONA,406,"14,2","0,0","7,1",07:07,"21,3",13:40,32,"1,9","6,1",17:50,,,,,
2009-11-15,0009X,ALFORJA,TARRAGONA,406,"16,5","0,0","10,2",21:37,"22,8",13:46,24,"1,7","4,4",05:10,,,,,
2009-11-16,0009X,ALFORJA,TARRAGONA,406,"18,1","0,0","10,7",05:34,"25,5",14:02,99,"3,3","9,7",Varias,,,,,
2009-11-17,0009X,ALFORJA,TARRAGONA,406,"15,6","0,0","9,8",23:10,"21,4",10:27,02,"1,1","5,3",04:20,,,,,
2009-11-18,0009X,ALFORJA,TARRAGONA,406,"15,2","0,0","9,3",02:15,"21,0",12:32,24,"1,9","4,7",07:30,,,,,
2009-11-19,0009X,ALFORJA,TARRAGONA,406,"13,4","0,0","9,9",20:02,"17,0",11:29,99,"1,1","4,7",Varias,,,,,
2009-11-20,0009X,ALFORJA,TARRAGONA,406,"13,8","0,0","9,3",01:15,"18,3",13:28,99,"1,1","4,2",Varias,,,,,
2009-11-21,0009X,ALFORJA,TARRAGONA,406,"12,1","0,8","8,2",06:23,"16,0",13:25,29,"1,1","4,2",18:30,,,,,
2009-11-22,0009X,ALFORJA,TARRAGONA,406,"13,6","0,0","10,0",02:57,"17,3",Varias,27,"6,1","15,8",13:00,,,,,
2009-11-23,0009X,ALFORJA,TARRAGONA,406,"13,2","0,0","9,6",06:48,"16,9",Varias,28,"4,2","14,4",05:20,,,,,
2009-11-24,0009X,ALFORJA,TARRAGONA,406,"12,6","0,0","6,1",Varias,"19,0",14:15,99,"2,2","10,8",Varias,,,,,
2009-11-25,0009X,ALFORJA,TARRAGONA,406,"11,4","0,0","4,6",Varias,"18,2",12:25,29,"2,8","14,2",23:50,,,,,
2009-11-26,0009X,ALFORJA,TARRAGONA,406,"13,4","1,2","8,0",07:17,"18,8",14:27,99,"0,8","13,6",Varias,,,,,
2009-11-27,0009X,ALFORJA,TARRAGONA,406,"11,1","0,0","9,3",23:09,"12,9",10:33,28,"3,9","15,0",08:50,,,,,
2009-11-28,0009X,ALFORJA,TARRAGONA,406,"10,4","0,0","5,6",19:32,"15,1",Varias,99,"2,8","10,3",Varias,,,,,
2009-11-29,0009X,ALFORJA,TARRAGONA,406,"8,6","1,8","6,0",05:46,"11,2",01:30,27,"2,2","13,3",23:59,,,,,
2009-11-30,0009X,ALFORJA,TARRAGONA,406,"7,2","0,8","4,4",05:55,"10,0",12:46,27,"8,1","20,6",17:40,,,,,
2009-12-01,0009X,ALFORJA,TARRAGONA,406,"7,7","0,0","4,8",03:55,"10,6",14:34,27,"7,8","22,2",00:10,,,,,
2009-12-02,0009X,ALFORJA,TARRAGONA,406,"11,3","0,2","7,8",07:49,"14,8",11:37,29,"1,7","16,4",01:20,,,,,
2009-12-03,0009X,ALFORJA,TARRAGONA,406,"10,3","0,2","8,1",00:07,"12,5",14:19,29,"5,8","16,4",23:40,,,,,
2009-12-04,0009X,ALFORJA,TARRAGONA,406,"11,4","0,0","8,5",02:33,"14,4",12:44,26,"6,7","16,7",13:20,,,,,
2009-12-05,0009X,ALFORJA,TARRAGONA,406,"10,8","0,0","6,1",20:04,"15,4",13:46,28,"4,4","16,7",02:20,,,,,
2009-12-06,0009X,ALFORJA,TARRAGONA,406,"12,0","0,0","5,7",06:23,"18,2",14:07,28,"1,4","8,3",22:50,,,,,
2009-12-07,0009X,ALFORJA,TARRAGONA,406,"14,2","0,0","11,1",03:49,"17,2",11:09,29,"4,2","10,8",01:20,,,,,
2009-12-08,0009X,ALFORJA,TARRAGONA,406,"11,8","0,0","8,2",21:07,"15,3",13:37,29,"6,4","13,1",09:20,,,,,
2009-12-09,0009X,ALFORJA,TARRAGONA,406,"11,6","0,0","7,8",05:08,"15,3",13:39,28,"3,3","11,4",00:30,,,,,
2009-12-10,0009X,ALFORJA,TARRAGONA,406,"13,0","0,0","9,2",07:00,"16,7",12:04,30,"3,9","10,8",00:30,,,,,
2009-12-11,0009X,ALFORJA,TARRAGONA,406,"11,2","0,0","4,9",22:25,"17,6",14:17,25,"4,2","9,4",06:50,,,,,
2009-12-12,0009X,ALFORJA,TARRAGONA,406,"7,1","6,2","3,2",05:00,"11,0",11:25,24,"1,4","8,6",23:30,,,,,
2009-12-13,0009X,ALFORJA,TARRAGONA,406,"2,4","4,0","0,8",14:14,"4,1",00:01,29,"5,0","11,7",06:30,,,,,
2009-12-14,0009X,ALFORJA,TARRAGONA,406,"1,6","19,6","-0,8",23:39,"3,9",10:02,30,"5,3","14,4",21:10,,,,,
2009-12-15,0009X,ALFORJA,TARRAGONA,406,"0,8","1,2","-0,9",00:11,"2,6",Varias,30,"5,6","16,4",05:30,,,,,
2009-12-16,0009X,ALFORJA,TARRAGONA,406,"2,2","0,0","-0,5",07:47,"5,0",23:04,29,"4,4","16,7",03:40,,,,,
2009-12-17,0009X,ALFORJA,TARRAGONA,406,"2,0","0,0","-0,8",22:21,"4,7",14:12,30,"5,3","11,9",18:30,,,,,
2009-12-18,0009X,ALFORJA,TARRAGONA,406,"1,7","0,0","-1,5",02:24,"4,9",14:19,27,"5,3","15,8",20:40,,,,,
2009-12-19,0009X,ALFORJA,TARRAGONA,406,"0,1","0,0","-3,0",Varias,"3,2",Varias,30,"5,6","13,6",23:40,,,,,
2009-12-20,0009X,ALFORJA,TARRAGONA,406,"0,5","0,8","-3,6",05:39,"4,6",14:58,28,"4,4","15,6",03:30,,,,,
2009-12-21,0009X,ALFORJA,TARRAGONA,406,"2,3","7,0","-1,3",00:01,"5,9",14:44,30,"0,8","6,9",11:20,,,,,
2009-12-22,0009X,ALFORJA,TARRAGONA,406,"8,2","11,2","5,1",00:01,"11,2",16:15,29,"1,7","9,4",19:10,,,,,
2009-12-23,0009X,ALFORJA,TARRAGONA,406,"9,0","5,2","6,7",10:21,"11,2",Varias,28,"0,8","9,7",02:40,,,,,
2009-12-24,0009X,ALFORJA,TARRAGONA,406,"10,6","9,6","7,9",03:28,"13,3",14:03,28,"1,9","8,9",23:20,,,,,
2009-12-25,0009X,ALFORJA,TARRAGONA,406,"8,8","18,6","6,5",18:28,"11,2",00:37,26,"3,3","14,2",11:50,,,,,
2009-12-26,0009X,ALFORJA,TARRAGONA,406,"7,0","6,4","6,1",23:56,"7,9",20:57,28,"1,4","11,1",23:40,,,,,
2009-12-27,0009X,ALFORJA,TARRAGONA,406,"7,2","0,0","3,8",19:52,"10,6",14:03,29,"6,1","16,1",10:20,,,,,
2009-12-28,0009X,ALFORJA,TARRAGONA,406,"10,2","0,0","6,4",00:01,"14,1",12:36,29,"2,2","7,5",13:20,,,,,
2009-12-29,0009X,ALFORJA,TARRAGONA,406,"14,8","2,6","11,3",01:12,"18,3",12:52,27,"1,4","8,6",03:00,,,,,
2009-12-30,0009X,ALFORJA,TARRAGONA,406,"13,9","0,0","9,4",22:15,"18,4",14:18,26,"2,5","11,4",18:40,,,,,
2009-12-31,0009X,ALFORJA,TARRAGONA,406,"11,4","0,2","7,4",22:30,"15,4",13:27,28,"3,1","21,4",23:40,,,,,
2010-01-01,0009X,ALFORJA,TARRAGONA,406,"8,2","0,0","5,4",03:41,"11,0",13:31,26,"7,5","22,8",12:10,,,,,
2010-01-02,0009X,ALFORJA,TARRAGONA,406,"6,9","0,0","2,9",23:00,"10,9",13:58,28,"4,7","14,2",12:20,,,,,
2010-01-03,0009X,ALFORJA,TARRAGONA,406,"8,0","0,0","3,2",07:14,"12,7",13:20,27,"0,8","6,7",22:40,,,,,
2010-01-04,0009X,ALFORJA,TARRAGONA,406,"7,8","16,0","5,8",07:58,"9,9",02:11,26,"1,1","9,2",02:20,,,,,
2010-01-05,0009X,ALFORJA,TARRAGONA,406,"6,2","2,0","3,7",Varias,"8,6",12:54,27,"1,9","14,4",23:20,,,,,
2010-01-06,0009X,ALFORJA,TARRAGONA,406,"3,8","0,4","0,6",20:56,"7,1",12:39,28,"7,2","16,4",06:10,,,,,
2010-01-07,0009X,ALFORJA,TARRAGONA,406,"2,2","38,8","0,6",19:18,"3,7",12:55,32,"2,5","11,7",21:40,,,,,
2010-01-08,0009X,ALFORJA,TARRAGONA,406,"-1,2","0,2","-3,7",23:56,"1,4",00:20,,,,,,,,,
2010-01-09,0009X,ALFORJA,TARRAGONA,406,"-1,8","0,0","-4,4",04:38,"0,8",15:07,,,,,,,,,
2010-01-10,0009X,ALFORJA,TARRAGONA,406,"0,2","2,2","-2,4",06:30,"2,7",13:10,29,"4,2","18,3",01:40,,,,,
2010-01-11,0009X,ALFORJA,TARRAGONA,406,"1,4","1,2","-1,2",07:13,"4,1",13:25,29,"3,3","10,8",20:00,,,,,
2010-01-12,0009X,ALFORJA,TARRAGONA,406,"3,7","11,8","0,8",01:50,"6,6",12:46,26,"1,9","17,8",23:59,,,,,
2010-01-13,0009X,ALFORJA,TARRAGONA,406,"7,7","8,4","4,2",06:35,"11,2",13:16,99,"4,4","19,4",00:30,,,,,
2010-01-14,0009X,ALFORJA,TARRAGONA,406,"8,2","12,0","5,7",00:01,"10,7",10:50,27,"6,7","21,1",22:20,,,,,
2010-01-15,0009X,ALFORJA,TARRAGONA,406,"8,4","0,0","5,4",07:42,"11,4",14:55,29,"7,5","20,0",00:30,,,,,
2010-01-16,0009X,ALFORJA,TARRAGONA,406,"9,4","0,0","4,3",01:31,"14,5",14:53,30,"3,1","9,7",23:40,,,,,
2010-01-17,0009X,ALFORJA,TARRAGONA,406,"10,4",,"8,0",Varias,"12,8",01:05,28,"1,7","9,4",00:10,,,,,
2010-01-18,0009X,ALFORJA,TARRAGONA,406,"7,6",,"5,8",02:12,"9,4",11:27,28,"0,6","2,8",05:00,,,,,
2010-01-19,0009X,ALFORJA,TARRAGONA,406,"9,2",,"7,7",06:05,"10,8",21:14,29,"0,0","9,7",22:20,,,,,
2010-01-20,0009X,ALFORJA,TARRAGONA,406,"10,5","0,0","7,3",23:59,"13,7",13:09,30,"5,0","15,0",10:50,,,,,
2010-01-21,0009X,ALFORJA,TARRAGONA,406,"8,0","0,0","4,0",23:28,"11,9",13:05,26,"4,7","14,2",04:40,,,,,
2010-01-22,0009X,ALFORJA,TARRAGONA,406,"9,4","0,0","4,6",20:01,"14,3",14:16,28,"3,1","11,4",08:40,,,,,
2010-01-23,0009X,ALFORJA,TARRAGONA,406,"6,0","0,0","3,0",03:38,"9,0",13:05,09,"0,6","5,3",12:10,,,,,
2010-01-24,0009X,ALFORJA,TARRAGONA,406,"8,2","0,0","4,2",01:44,"12,3",13:53,99,"2,8","6,9",13:50,,,,,
2010-01-25,0009X,ALFORJA,TARRAGONA,406,"5,0","12,6","2,3",14:50,"7,8",00:40,28,"4,7","10,8",07:30,,,,,
2010-01-26,0009X,ALFORJA,TARRAGONA,406,"3,4","0,0","1,0",23:59,"5,9",11:51,29,"6,1","14,7",20:50,,,,,
2010-01-27,0009X,ALFORJA,TARRAGONA,406,"3,3","0,0","-0,3",06:55,"6,9",13:57,30,"3,6","16,4",23:30,,,,,
2010-01-28,0009X,ALFORJA,TARRAGONA,406,"2,8","0,0","-2,0",05:43,"7,7",15:17,28,"9,4","19,2",03:30,,,,,
2010-01-29,0009X,ALFORJA,TARRAGONA,406,"7,5","0,0","4,1",00:01,"10,9",12:56,27,"6,7","16,7",06:30,,,,,
2010-01-30,0009X,ALFORJA,TARRAGONA,406,"7,8","0,0","5,2",07:17,"10,5",13:20,27,"6,7","19,4",18:50,,,,,
2010-01-31,0009X,ALFORJA,TARRAGONA,406,"7,0","0,2","3,5",23:59,"10,6",11:48,25,"3,1","11,7",01:50,,,,,
2010-02-01,0009X,ALFORJA,TARRAGONA,406,"4,5","0,0","-0,2",07:28,"9,2",15:29,28,"4,7","15,0",19:30,,,,,
2010-02-02,0009X,ALFORJA,TARRAGONA,406,"5,4","0,0","0,7",06:54,"10,2",14:54,28,"2,2","8,9",00:30,,,,,
2010-02-03,0009X,ALFORJA,TARRAGONA,406,"7,2","0,0","0,4",07:11,"13,9",11:59,09,"1,4","5,0",14:20,,,,,
2010-02-04,0009X,ALFORJA,TARRAGONA,406,"6,0","10,4","3,4",02:33,"8,6",19:50,28,"0,6","3,3",06:10,,,,,
2010-02-05,0009X,ALFORJA,TARRAGONA,406,"10,6","0,2","7,1",03:00,"14,0",15:24,28,"4,4","14,7",15:50,,,,,
2010-02-06,0009X,ALFORJA,TARRAGONA,406,"10,6","0,0","7,1",06:33,"14,1",13:31,23,"7,2","25,3",17:20,,,,,
2010-02-07,0009X,ALFORJA,TARRAGONA,406,"9,2","0,0","4,8",23:59,"13,5",13:40,29,"5,0","13,9",09:20,,,,,
2010-02-08,0009X,ALFORJA,TARRAGONA,406,"6,8","7,4","3,6",03:29,"9,9",12:36,27,"1,1","9,2",23:30,,,,,
2010-02-09,0009X,ALFORJA,TARRAGONA,406,"5,6","0,6","2,6",Varias,"8,5",14:59,29,"5,6","16,7",23:30,,,,,
2010-02-10,0009X,ALFORJA,TARRAGONA,406,"3,8","0,0","-0,5",23:58,"8,1",13:40,30,"6,9","20,0",01:30,,,,,
2010-02-11,0009X,ALFORJA,TARRAGONA,406,"0,9","0,0","-2,5",04:15,"4,3",12:57,27,"6,7","20,3",10:20,,,,,
2010-02-12,0009X,ALFORJA,TARRAGONA,406,"0,9","0,0","-3,8",05:59,"5,6",15:06,27,"6,9","17,8",02:10,,,,,
2010-02-13,0009X,ALFORJA,TARRAGONA,406,"1,3","0,0","-2,5",05:59,"5,1",14:38,27,"4,7","10,8",23:30,,,,,
2010-02-14,0009X,ALFORJA,TARRAGONA,406,"0,4","0,0","-3,2",02:49,"4,0",12:17,28,"4,7","11,9",09:40,,,,,
2010-02-15,0009X,ALFORJA,TARRAGONA,406,"1,7","5,2","-2,8",02:21,"6,2",23:47,04,"1,9","7,5",23:50,,,,,
2010-02-16,0009X,ALFORJA,TARRAGONA,406,"7,1","2,8","4,8",01:43,"9,4",13:55,09,"1,4","8,1",04:30,,,,,
2010-02-17,0009X,ALFORJA,TARRAGONA,406,"8,8","0,4","5,9",03:18,"11,6",15:16,28,"1,1","8,1",23:59,,,,,
2010-02-18,0009X,ALFORJA,TARRAGONA,406,"10,5","11,4","6,3",23:12,"14,7",12:10,28,"3,1","11,9",01:30,,,,,
2010-02-19,0009X,ALFORJA,TARRAGONA,406,"7,4","0,0","4,2",23:38,"10,6",15:32,30,"7,2","16,7",08:50,,,,,
2010-02-20,0009X,ALFORJA,TARRAGONA,406,"7,2","0,0","3,5",03:00,"10,8",15:00,28,"6,1","16,4",13:30,,,,,
2010-02-21,0009X,ALFORJA,TARRAGONA,406,"5,1","1,2","2,4",04:05,"7,8",11:24,27,"0,6","6,1",01:00,,,,,
2010-02-22,0009X,ALFORJA,TARRAGONA,406,"9,1","0,0","4,8",07:29,"13,4",16:54,28,"0,8","10,8",23:10,,,,,
2010-02-23,0009X,ALFORJA,TARRAGONA,406,"13,4","1,4","9,8",04:00,"16,9",15:58,28,"4,4","11,9",13:00,,,,,
2010-02-24,0009X,ALFORJA,TARRAGONA,406,"12,0","0,0","7,5",21:23,"16,4",15:34,30,"5,0","19,7",10:30,,,,,
2010-02-25,0009X,ALFORJA,TARRAGONA,406,"13,8","0,0","8,3",06:35,"19,4",14:34,25,"1,7","13,3",22:10,,,,,
2010-02-26,0009X,ALFORJA,TARRAGONA,406,"10,6","0,0","6,2",23:27,"15,0",14:58,26,"3,9","14,2",07:50,,,,,
2010-02-27,0009X,ALFORJA,TARRAGONA,406,"8,6","5,6","5,5",01:39,"11,6",21:04,10,"1,7","6,9",16:30,,,,,
2010-02-28,0009X,ALFORJA,TARRAGONA,406,"9,0","0,0","3,7",22:01,"14,3",15:24,30,"5,6","21,1",03:20,,,,,
2010-03-01,0009X,ALFORJA,TARRAGONA,406,"9,5","0,0","3,5",00:19,"15,5",14:32,26,"3,6","17,2",09:50,,,,,
2010-03-02,0009X,ALFORJA,TARRAGONA,406,"10,6","1,0","6,6",02:46,"14,7",12:32,06,"2,2","10,0",23:50,,,,,
2010-03-03,0009X,ALFORJA,TARRAGONA,406,"7,8","3,2","6,3",22:09,"9,3",08:55,13,"3,9","13,6",02:20,,,,,
2010-03-04,0009X,ALFORJA,TARRAGONA,406,"10,6","0,0","6,5",01:51,"14,7",15:49,28,"5,6","17,5",13:10,,,,,
2010-03-05,0009X,ALFORJA,TARRAGONA,406,"8,2","0,0","5,3",Varias,"11,2",13:21,27,"2,2","11,7",01:50,,,,,
2010-03-06,0009X,ALFORJA,TARRAGONA,406,"6,8","0,0","1,7",06:35,"11,8",12:42,13,"1,4","7,2",11:40,,,,,
2010-03-07,0009X,ALFORJA,TARRAGONA,406,"4,2","17,4","0,8",05:21,"7,6",13:01,25,"0,3","4,2",03:10,,,,,
2010-03-08,0009X,ALFORJA,TARRAGONA,406,"1,0","4,4","-1,5",10:17,"3,5",15:24,,,,,,,,,
2010-03-09,0009X,ALFORJA,TARRAGONA,406,"4,0","0,0","-1,1",02:30,"9,0",15:46,,,,,,,,,
2010-03-10,0009X,ALFORJA,TARRAGONA,406,"1,8","0,0","-3,0",06:09,"6,7",14:44,28,"3,3","10,3",08:30,,,,,
2010-03-11,0009X,ALFORJA,TARRAGONA,406,"2,4","0,0","-1,3",04:55,"6,2",15:53,28,"4,4","12,5",08:20,,,,,
2010-03-12,0009X,ALFORJA,TARRAGONA,406,"3,8","0,0","-0,9",06:26,"8,5",15:26,29,"2,5","8,9",23:30,,,,,
2010-03-13,0009X,ALFORJA,TARRAGONA,406,"5,8","0,0","0,4",05:33,"11,2",Varias,28,"3,6","12,5",15:30,,,,,
2010-03-14,0009X,ALFORJA,TARRAGONA,406,"7,2","0,0","1,4",06:15,"13,0",14:46,29,"6,1","14,4",09:00,,,,,
2010-03-15,0009X,ALFORJA,TARRAGONA,406,"8,1","0,0","1,1",22:59,"15,1",14:27,28,"4,4","16,4",04:30,,,,,
2010-03-16,0009X,ALFORJA,TARRAGONA,406,"7,8","0,0","1,1",05:14,"14,4",13:58,08,"1,4","6,7",11:50,,,,,
2010-03-17,0009X,ALFORJA,TARRAGONA,406,"7,6","0,0","0,1",05:59,"15,2",12:00,12,"1,4","5,8",11:50,,,,,
2010-03-18,0009X,ALFORJA,TARRAGONA,406,"9,4","0,0","3,0",00:01,"15,8",13:01,12,"1,4","4,7",09:50,,,,,
2010-03-19,0009X,ALFORJA,TARRAGONA,406,"10,2","0,4","5,9",06:00,"14,6",11:34,10,"0,8","6,4",11:50,,,,,
2010-03-20,0009X,ALFORJA,TARRAGONA,406,"17,2","0,0","9,8",01:51,"24,6",13:49,28,"2,2","9,4",12:20,,,,,
2010-03-21,0009X,ALFORJA,TARRAGONA,406,"14,4","9,6","11,2",Varias,"17,7",13:35,13,"0,8","5,3",14:00,,,,,
2010-03-22,0009X,ALFORJA,TARRAGONA,406,"13,4","0,6","10,4",03:38,"16,4",13:55,28,"1,7","5,3",12:30,,,,,
2010-03-23,0009X,ALFORJA,TARRAGONA,406,"11,0","0,0","6,8",05:36,"15,2",11:06,10,"1,4","5,0",11:20,,,,,
2010-03-24,0009X,ALFORJA,TARRAGONA,406,"10,3","4,8","9,7",08:23,"10,9",11:26,12,"1,9","5,8",14:00,,,,,
2010-03-25,0009X,ALFORJA,TARRAGONA,406,"10,3","1,8","9,4",03:35,"11,2",Varias,10,"1,1","5,0",02:10,,,,,
2010-03-26,0009X,ALFORJA,TARRAGONA,406,"11,9","0,0","7,1",20:52,"16,7",15:33,29,"5,0","15,8",09:30,,,,,
2010-03-27,0009X,ALFORJA,TARRAGONA,406,"12,8","0,0","8,6",05:29,"16,9",15:15,28,"4,7","17,5",13:40,,,,,
2010-03-28,0009X,ALFORJA,TARRAGONA,406,"12,4","0,0","6,3",23:35,"18,4",11:03,28,"2,5","12,2",02:00,,,,,
2010-03-29,0009X,ALFORJA,TARRAGONA,406,"10,1","3,8","4,8",05:50,"15,4",13:13,31,"1,1","7,2",21:10,,,,,
2010-03-30,0009X,ALFORJA,TARRAGONA,406,"11,9","0,0","7,3",23:05,"16,5",13:54,27,"5,3","18,9",13:20,,,,,
2010-03-31,0009X,ALFORJA,TARRAGONA,406,"11,2","0,0","5,6",21:08,"16,9",15:14,27,"2,8","14,2",10:40,,,,,
2010-04-01,0009X,ALFORJA,TARRAGONA,406,"9,2","0,0","4,2",23:18,"14,3",16:04,32,"6,1","15,6",06:20,,,,,
2010-04-02,0009X,ALFORJA,TARRAGONA,406,"10,8","0,0","4,1",03:51,"17,5",14:59,24,"1,7","10,3",12:30,,,,,
2010-04-03,0009X,ALFORJA,TARRAGONA,406,"11,4","0,0","4,9",05:46,"18,0",12:23,28,"1,1","12,8",23:30,,,,,
2010-04-04,0009X,ALFORJA,TARRAGONA,406,"11,8","0,0","7,4",06:55,"16,3",14:59,29,"6,7","15,0",16:20,,,,,
2010-04-05,0009X,ALFORJA,TARRAGONA,406,"9,9","0,0","5,2",04:53,"14,6",11:38,30,"2,5","12,2",01:00,,,,,
2010-04-06,0009X,ALFORJA,TARRAGONA,406,"11,4","0,0","5,1",05:20,"17,6",13:03,12,"2,2","7,8",12:10,,,,,
2010-04-07,0009X,ALFORJA,TARRAGONA,406,"9,4","10,0","7,9",23:59,"10,9",10:58,28,"1,9","11,9",23:59,,,,,
2010-04-08,0009X,ALFORJA,TARRAGONA,406,"12,1","0,0","5,7",05:04,"18,5",15:32,28,"4,2","15,0",05:40,,,,,
2010-04-09,0009X,ALFORJA,TARRAGONA,406,"13,0","0,0","6,3",05:56,"19,7",13:47,25,"3,3","11,4",07:20,,,,,
2010-04-10,0009X,ALFORJA,TARRAGONA,406,"13,5","0,0","6,5",02:07,"20,5",12:39,13,"1,4","7,2",12:50,,,,,
2010-04-11,0009X,ALFORJA,TARRAGONA,406,"15,3","0,0","7,4",22:40,"23,2",15:12,28,"3,9","11,1",11:10,,,,,
2010-04-12,0009X,ALFORJA,TARRAGONA,406,"8,4","19,4","6,9",02:04,"9,9",07:24,15,"0,6","4,7",10:20,,,,,
2010-04-13,0009X,ALFORJA,TARRAGONA,406,"8,8","0,2","6,0",03:40,"11,6",12:57,13,"0,6","5,0",12:10,,,,,
2010-04-14,0009X,ALFORJA,TARRAGONA,406,"8,9","0,4","6,8",00:01,"11,0",16:31,11,"1,1","4,7",13:40,,,,,
2010-04-15,0009X,ALFORJA,TARRAGONA,406,"11,1","0,0","6,8",00:55,"15,4",11:26,11,"1,7","7,2",12:00,,,,,
2010-04-16,0009X,ALFORJA,TARRAGONA,406,"10,9","0,0","5,5",21:19,"16,3",14:53,13,"1,4","6,7",15:10,,,,,
2010-04-17,0009X,ALFORJA,TARRAGONA,406,"11,3","0,2","7,0",Varias,"15,6",10:51,14,"1,1","6,4",10:50,,,,,
2010-04-18,0009X,ALFORJA,TARRAGONA,406,"11,2","0,0","8,3",Varias,"14,1",09:28,09,"0,8","4,4",10:00,,,,,
2010-04-19,0009X,ALFORJA,TARRAGONA,406,"13,0","0,0","6,9",01:36,"19,2",11:30,26,"1,7","5,8",08:50,,,,,
2010-04-20,0009X,ALFORJA,TARRAGONA,406,"16,8","0,0","10,7",22:45,"23,0",11:52,10,"2,5","7,2",13:10,,,,,
2010-04-21,0009X,ALFORJA,TARRAGONA,406,"14,8","0,0","8,3",05:05,"21,4",11:52,10,"1,4","6,7",12:50,,,,,
2010-04-22,0009X,ALFORJA,TARRAGONA,406,"13,0","0,0","8,3",04:48,"17,7",10:38,11,"1,4","4,2",11:20,,,,,
2010-04-23,0009X,ALFORJA,TARRAGONA,406,"14,0","5,0","10,3",00:01,"17,8",11:58,29,"1,9","6,4",06:40,,,,,
2010-04-24,0009X,ALFORJA,TARRAGONA,406,"16,1","0,0","10,3",23:09,"21,9",14:44,30,"2,2","7,8",07:40,,,,,
2010-04-25,0009X,ALFORJA,TARRAGONA,406,"16,3","0,0","9,6",02:34,"23,0",13:09,12,"1,1","6,1",13:30,,,,,
2010-04-26,0009X,ALFORJA,TARRAGONA,406,"18,9","0,0","11,0",01:03,"26,8",12:59,30,"2,5","8,6",06:50,,,,,
2010-04-27,0009X,ALFORJA,TARRAGONA,406,"16,4","0,0","9,6",04:32,"23,2",11:23,12,"1,7","7,5",13:20,,,,,
2010-04-28,0009X,ALFORJA,TARRAGONA,406,"15,8","0,0","8,8",05:14,"22,9",12:25,12,"1,4","6,7",13:40,,,,,
2010-04-29,0009X,ALFORJA,TARRAGONA,406,"15,4","0,0","9,3",03:12,"21,4",11:26,13,"1,7","6,7",11:10,,,,,
2010-04-30,0009X,ALFORJA,TARRAGONA,406,"15,5","0,0","10,5",05:01,"20,5",11:58,13,"1,9","6,4",11:50,,,,,
2010-05-01,0009X,ALFORJA,TARRAGONA,406,"15,8","2,4","11,1",23:59,"20,6",14:17,22,"0,8","6,4",14:00,,,,,
2010-05-02,0009X,ALFORJA,TARRAGONA,406,"16,2","15,8","9,7",04:25,"22,7",14:28,28,"3,3","11,4",12:10,,,,,
2010-05-03,0009X,ALFORJA,TARRAGONA,406,"9,0","41,0","6,8",23:52,"11,2",00:01,28,"3,6","12,8",23:30,,,,,
2010-05-04,0009X,ALFORJA,TARRAGONA,406,"8,4","0,8","5,8",23:59,"11,0",16:29,28,"6,9","16,9",06:50,,,,,
2010-05-05,0009X,ALFORJA,TARRAGONA,406,"10,8","0,0","5,3",02:02,"16,2",13:52,30,"8,1","19,7",15:30,,,,,
2010-05-06,0009X,ALFORJA,TARRAGONA,406,"10,6","0,0","5,6",05:05,"15,6",16:37,28,"3,9","13,9",01:20,,,,,
2010-05-07,0009X,ALFORJA,TARRAGONA,406,"11,4","1,4","5,9",00:39,"16,9",12:13,28,"2,5","8,9",04:10,,,,,
2010-05-08,0009X,ALFORJA,TARRAGONA,406,"13,8","0,0","7,0",04:09,"20,7",13:30,30,"2,8","9,2",12:00,,,,,
2010-05-09,0009X,ALFORJA,TARRAGONA,406,"13,4","1,2","9,0",00:01,"17,8",13:01,99,"1,4","6,1",Varias,,,,,
2010-05-10,0009X,ALFORJA,TARRAGONA,406,"16,6","0,2","10,0",00:01,"23,2",12:17,28,"2,8","9,7",09:00,,,,,
2010-05-11,0009X,ALFORJA,TARRAGONA,406,"16,1","1,2","10,9",00:09,"21,3",15:42,28,"3,6","11,9",08:30,,,,,
2010-05-12,0009X,ALFORJA,TARRAGONA,406,"15,0","1,6","10,5",23:32,"19,6",12:39,32,"3,3","10,0",02:20,,,,,
2010-05-13,0009X,ALFORJA,TARRAGONA,406,"12,8","2,0","7,8",04:35,"17,8",13:48,29,"3,3","10,8",04:00,,,,,
2010-05-14,0009X,ALFORJA,TARRAGONA,406,"10,0","0,0","6,4",05:06,"13,6",16:14,28,"5,3","12,8",23:00,,,,,
2010-05-15,0009X,ALFORJA,TARRAGONA,406,"13,2","0,0","8,1",04:45,"18,4",14:23,28,"7,2","17,8",07:40,,,,,
2010-05-16,0009X,ALFORJA,TARRAGONA,406,"13,6","0,0","6,9",04:16,"20,4",13:50,30,"5,0","12,2",02:00,,,,,
2010-05-17,0009X,ALFORJA,TARRAGONA,406,"14,8","0,0","7,5",23:57,"22,0",15:21,28,"4,7","13,3",04:20,,,,,
2010-05-18,0009X,ALFORJA,TARRAGONA,406,"15,0","0,0","7,2",01:18,"22,8",12:09,25,"3,3","10,3",07:10,,,,,
2010-05-19,0009X,ALFORJA,TARRAGONA,406,"16,8","0,0","9,7",23:56,"23,8",12:54,28,"2,5","10,3",07:50,,,,,
2010-05-20,0009X,ALFORJA,TARRAGONA,406,"17,6","0,0","9,6",00:11,"25,5",13:44,24,"3,9","13,9",11:30,,,,,
2010-05-21,0009X,ALFORJA,TARRAGONA,406,"18,5","0,0","11,0",00:13,"26,0",11:41,14,"3,1","8,6",12:10,,,,,
2010-05-22,0009X,ALFORJA,TARRAGONA,406,"17,5","0,0","11,3",23:58,"23,7",12:35,11,"2,2","7,8",11:30,,,,,
2010-05-23,0009X,ALFORJA,TARRAGONA,406,"16,7","0,0","9,9",04:34,"23,5",13:12,14,"2,2","7,5",14:00,,,,,
2010-05-24,0009X,ALFORJA,TARRAGONA,406,"16,4","0,0","8,6",04:59,"24,1",12:23,12,"1,9","7,2",14:30,,,,,
2010-05-25,0009X,ALFORJA,TARRAGONA,406,"17,1","0,0","10,3",03:54,"23,9",11:33,10,"1,9","8,6",12:40,,,,,
2010-05-26,0009X,ALFORJA,TARRAGONA,406,"19,0","0,0","10,3",04:11,"27,7",13:04,28,"2,8","9,2",11:30,,,,,
2010-05-27,0009X,ALFORJA,TARRAGONA,406,"16,8","0,2","11,8",23:13,"21,9",14:58,12,"1,7","8,3",11:20,,,,,
2010-05-28,0009X,ALFORJA,TARRAGONA,406,"16,0","0,0","11,7",01:15,"20,3",13:33,25,"1,7","8,3",07:40,,,,,
2010-05-29,0009X,ALFORJA,TARRAGONA,406,"19,4","0,0","12,0",04:45,"26,7",14:52,29,"4,7","12,8",06:30,,,,,
2010-05-30,0009X,ALFORJA,TARRAGONA,406,"22,6","0,0","15,8",04:57,"29,4",13:50,28,"5,8","14,2",07:00,,,,,
2010-05-31,0009X,ALFORJA,TARRAGONA,406,"23,9","0,0","16,9",Varias,"30,9",15:04,99,"5,8","14,7",Varias,,,,,
2010-06-01,0009X,ALFORJA,TARRAGONA,406,"21,2","0,0","14,3",21:39,"28,2",13:16,29,"3,6","11,9",00:50,,,,,
2010-06-02,0009X,ALFORJA,TARRAGONA,406,"20,9","0,0","14,0",24:00,"27,8",14:24,28,"3,3","12,2",05:30,,,,,
2010-06-03,0009X,ALFORJA,TARRAGONA,406,"19,1","0,0","10,7",03:08,"27,5",12:51,26,"3,1","9,7",11:50,,,,,
2010-06-04,0009X,ALFORJA,TARRAGONA,406,"19,8","0,0","12,6",03:57,"27,1",12:14,30,"2,5","6,7",07:30,,,,,
2010-06-05,0009X,ALFORJA,TARRAGONA,406,"20,2","1,0","12,8",01:52,"27,6",11:24,99,"2,2","6,7",Varias,,,,,
2010-06-06,0009X,ALFORJA,TARRAGONA,406,"18,0","1,0","13,9",Varias,"22,0",09:02,14,"0,8","8,3",14:00,,,,,
2010-06-07,0009X,ALFORJA,TARRAGONA,406,"18,8","0,0","12,9",04:09,"24,8",11:55,11,"2,2","7,2",14:10,,,,,
2010-06-08,0009X,ALFORJA,TARRAGONA,406,"18,8","11,4","14,4",01:56,"23,3",14:33,10,"2,2","7,2",13:40,,,,,
2010-06-09,0009X,ALFORJA,TARRAGONA,406,"18,9","49,6","17,0",Varias,"20,8",12:42,07,"1,4","5,6",23:30,,,,,
2010-06-10,0009X,ALFORJA,TARRAGONA,406,"18,8","2,2","14,8",03:52,"22,9",10:29,14,"2,2","6,7",18:00,,,,,
2010-06-11,0009X,ALFORJA,TARRAGONA,406,"17,2","1,2","12,4",23:35,"22,0",16:56,28,"2,2","10,8",13:50,,,,,
2010-06-12,0009X,ALFORJA,TARRAGONA,406,"17,8","0,0","11,7",03:15,"23,9",15:01,21,"1,9","7,2",15:40,,,,,
2010-06-13,0009X,ALFORJA,TARRAGONA,406,"18,4","0,0","12,7",23:46,"24,2",15:24,27,"2,2","7,8",04:50,,,,,
2010-06-14,0009X,ALFORJA,TARRAGONA,406,"17,6","12,8","12,5",01:44,"22,8",10:47,29,"2,5","8,9",23:30,,,,,
2010-06-15,0009X,ALFORJA,TARRAGONA,406,"16,3","0,6","10,2",07:29,"22,4",15:32,29,"3,3","12,5",06:30,,,,,
2010-06-16,0009X,ALFORJA,TARRAGONA,406,"16,6","11,0","11,3",04:08,"21,9",12:12,28,"2,5","13,6",12:50,,,,,
2010-06-17,0009X,ALFORJA,TARRAGONA,406,"16,6","0,0","11,3",01:55,"21,9",15:21,28,"4,2","12,5",01:00,,,,,
2010-06-18,0009X,ALFORJA,TARRAGONA,406,"18,2","0,0","11,6",00:41,"24,7",13:53,28,"2,5","9,7",06:40,,,,,
2010-06-19,0009X,ALFORJA,TARRAGONA,406,"19,0","0,0","13,3",Varias,"24,7",13:18,29,"6,1","15,0",17:10,,,,,
2010-06-20,0009X,ALFORJA,TARRAGONA,406,"17,4","0,0","11,5",23:53,"23,3",13:57,28,"5,6","16,4",02:40,,,,,
2010-06-21,0009X,ALFORJA,TARRAGONA,406,"17,2","0,0","9,4",04:40,"25,1",15:35,28,"4,4","14,4",01:40,,,,,
2010-06-22,0009X,ALFORJA,TARRAGONA,406,"17,2","0,0","10,3",03:49,"24,2",12:00,29,"3,1","9,4",07:00,,,,,
2010-06-23,0009X,ALFORJA,TARRAGONA,406,"18,3","0,0","12,2",05:01,"24,4",12:29,07,"1,9","7,5",10:20,,,,,
2010-06-24,0009X,ALFORJA,TARRAGONA,406,"19,0","0,0","12,1",04:45,"25,9",12:34,09,"2,2","6,4",12:20,,,,,
2010-06-25,0009X,ALFORJA,TARRAGONA,406,"19,4","0,0","11,3",04:02,"27,5",Varias,10,"1,4","6,4",12:20,,,,,
2010-06-26,0009X,ALFORJA,TARRAGONA,406,"21,0","0,0","14,2",04:33,"27,8",14:35,06,"1,7","6,4",14:40,,,,,
2010-06-27,0009X,ALFORJA,TARRAGONA,406,"22,4","0,0","14,8",04:52,"29,9",13:01,12,"1,7","7,2",13:50,,,,,
2010-06-28,0009X,ALFORJA,TARRAGONA,406,"23,6","0,0","16,1",04:33,"31,0",12:10,12,"1,7","7,2",12:20,,,,,
2010-06-29,0009X,ALFORJA,TARRAGONA,406,"24,3","5,0","17,1",00:11,"31,5",11:56,09,"2,8","10,0",13:10,,,,,
2010-06-30,0009X,ALFORJA,TARRAGONA,406,"23,6","0,0","17,0",01:39,"30,2",12:03,25,"1,9","8,3",09:00,,,,,
2010-07-01,0009X,ALFORJA,TARRAGONA,406,"23,0","0,0","15,4",04:37,"30,5",11:24,09,"1,4","7,2",11:40,,,,,
2010-07-02,0009X,ALFORJA,TARRAGONA,406,"22,4","0,0","15,6",05:00,"29,3",12:48,28,"1,7","11,7",21:40,,,,,
2010-07-03,0009X,ALFORJA,TARRAGONA,406,"23,7","0,0","17,0",04:45,"30,4",12:34,99,"1,7","6,1",Varias,,,,,
2010-07-04,0009X,ALFORJA,TARRAGONA,406,"23,9","0,4","17,5",23:58,"30,3",10:55,29,"1,4","7,5",09:50,,,,,
2010-07-05,0009X,ALFORJA,TARRAGONA,406,"25,2","0,0","17,2",01:09,"33,3",15:42,26,"3,6","10,0",09:20,,,,,
2010-07-06,0009X,ALFORJA,TARRAGONA,406,"24,7","0,0","17,7",23:59,"31,7",14:00,29,"4,2","11,9",04:40,,,,,
2010-07-07,0009X,ALFORJA,TARRAGONA,406,"23,8","0,0","17,0",01:51,"30,6",11:56,08,"2,5","7,2",12:00,,,,,
2010-07-08,0009X,ALFORJA,TARRAGONA,406,"24,0","0,0","17,2",04:34,"30,9",11:57,10,"1,9","6,7",15:00,,,,,
2010-07-09,0009X,ALFORJA,TARRAGONA,406,"24,0","0,0","18,2",00:01,"29,8",11:53,10,"1,7","6,7",13:00,,,,,
2010-07-10,0009X,ALFORJA,TARRAGONA,406,"23,6","0,0","17,1",23:36,"30,0",15:28,10,"2,2","6,4",13:50,,,,,
2010-07-11,0009X,ALFORJA,TARRAGONA,406,"24,2","0,0","16,2",04:02,"32,3",13:38,31,"1,9","8,6",23:40,,,,,
2010-07-12,0009X,ALFORJA,TARRAGONA,406,"25,0","0,0","18,5",04:42,"31,5",13:46,34,"1,4","10,3",00:20,,,,,
2010-07-13,0009X,ALFORJA,TARRAGONA,406,"24,5","0,0","18,4",02:57,"30,6",14:02,12,"1,9","6,9",14:10,,,,,
2010-07-14,0009X,ALFORJA,TARRAGONA,406,"24,2","0,0","18,3",02:03,"30,2",12:57,11,"1,9","6,7",12:10,,,,,
2010-07-15,0009X,ALFORJA,TARRAGONA,406,"23,4","0,0","18,3",23:57,"28,5",12:55,28,"3,3","8,9",07:10,,,,,
2010-07-16,0009X,ALFORJA,TARRAGONA,406,"24,2","0,0","17,9",04:52,"30,5",12:37,10,"1,7","6,4",11:50,,,,,
2010-07-17,0009X,ALFORJA,TARRAGONA,406,"24,4","0,0","18,2",03:40,"30,5",12:02,13,"2,8","9,4",13:40,,,,,
2010-07-18,0009X,ALFORJA,TARRAGONA,406,"24,6","0,0","18,6",04:37,"30,6",11:32,28,"2,2","9,2",03:20,,,,,
2010-07-19,0009X,ALFORJA,TARRAGONA,406,"26,1","0,0","21,7",05:03,"30,5",13:26,11,"1,9","7,2",14:00,,,,,
2010-07-20,0009X,ALFORJA,TARRAGONA,406,"25,2","0,0","20,4",04:21,"29,9",11:54,13,"2,2","7,5",11:40,,,,,
2010-07-21,0009X,ALFORJA,TARRAGONA,406,"24,4","0,0","20,5",04:51,"28,2",14:26,11,"2,8","8,6",10:20,,,,,
2010-07-22,0009X,ALFORJA,TARRAGONA,406,"22,8","1,8","20,2",01:28,"25,3",12:47,14,"1,9","6,1",14:20,,,,,
2010-07-23,0009X,ALFORJA,TARRAGONA,406,"23,4","0,0","17,2",05:24,"29,5",14:16,30,"3,9","12,2",08:40,,,,,
2010-07-24,0009X,ALFORJA,TARRAGONA,406,"22,4","0,0","14,5",05:11,"30,4",15:59,30,"3,1","15,0",01:50,,,,,
2010-07-25,0009X,ALFORJA,TARRAGONA,406,"23,0","0,0","15,3",05:02,"30,6",16:32,28,"4,2","13,6",22:20,,,,,
2010-07-26,0009X,ALFORJA,TARRAGONA,406,"23,6","0,0","16,3",23:56,"31,0",15:04,26,"3,9","12,5",07:00,,,,,
2010-07-27,0009X,ALFORJA,TARRAGONA,406,"23,0","0,0","16,1",00:24,"29,9",11:48,14,"3,3","10,8",11:50,,,,,
2010-07-28,0009X,ALFORJA,TARRAGONA,406,"23,5","0,0","16,7",03:41,"30,3",11:41,10,"2,2","6,9",12:00,,,,,
2010-07-29,0009X,ALFORJA,TARRAGONA,406,"25,0","0,0","17,7",04:21,"32,3",13:49,30,"3,6","10,8",07:00,,,,,
2010-07-30,0009X,ALFORJA,TARRAGONA,406,"23,2","0,0","17,1",05:10,"29,3",12:45,28,"3,3","10,0",04:50,,,,,
2010-07-31,0009X,ALFORJA,TARRAGONA,406,"24,2","0,0","19,3",05:04,"29,1",14:12,12,"2,5","8,3",12:20,,,,,
2010-08-01,0009X,ALFORJA,TARRAGONA,406,"23,6","1,8","19,3",23:09,"27,9",12:44,10,"1,7","7,2",12:40,,,,,
2010-08-02,0009X,ALFORJA,TARRAGONA,406,"23,6","12,0","18,9",23:54,"28,4",12:59,16,"1,9","6,9",15:20,,,,,
2010-08-03,0009X,ALFORJA,TARRAGONA,406,"22,6","0,0","16,5",05:31,"28,8",16:16,27,"4,4","14,7",07:50,,,,,
2010-08-04,0009X,ALFORJA,TARRAGONA,406,"22,8","0,0","16,3",04:58,"29,3",15:28,28,"3,6","11,9",07:00,,,,,
2010-08-05,0009X,ALFORJA,TARRAGONA,406,"23,4","0,0","17,0",05:22,"29,8",15:30,28,"5,8","13,3",00:50,,,,,
2010-08-06,0009X,ALFORJA,TARRAGONA,406,"21,4","0,0","14,3",05:02,"28,6",14:07,29,"3,9","10,8",04:20,,,,,
2010-08-07,0009X,ALFORJA,TARRAGONA,406,"23,3","0,0","17,0",02:44,"29,6",12:32,10,"2,2","7,5",13:30,,,,,
2010-08-08,0009X,ALFORJA,TARRAGONA,406,"23,0","0,0","16,7",01:08,"29,2",11:26,09,"1,4","6,7",11:50,,,,,
2010-08-09,0009X,ALFORJA,TARRAGONA,406,"27,0","0,0","20,4",04:42,"33,5",11:28,11,"1,7","7,5",12:10,,,,,
2010-08-10,0009X,ALFORJA,TARRAGONA,406,"24,6","0,0","19,1",05:13,"30,2",14:28,10,"1,4","6,4",15:30,,,,,
2010-08-11,0009X,ALFORJA,TARRAGONA,406,"26,2","0,0","19,9",03:13,"32,4",11:29,12,"3,1","7,2",11:40,,,,,
2010-08-12,0009X,ALFORJA,TARRAGONA,406,"23,0","0,0","17,3",23:08,"28,6",13:24,27,"2,5","7,8",23:59,,,,,
2010-08-13,0009X,ALFORJA,TARRAGONA,406,"18,3","5,4","15,9",20:02,"20,7",13:38,30,"3,3","12,5",04:20,,,,,
2010-08-14,0009X,ALFORJA,TARRAGONA,406,"19,5","0,0","14,0",05:08,"25,0",14:31,29,"3,6","12,2",03:20,,,,,
2010-08-15,0009X,ALFORJA,TARRAGONA,406,"21,0","0,0","14,4",05:12,"27,6",13:44,29,"3,1","11,1",02:40,,,,,
2010-08-16,0009X,ALFORJA,TARRAGONA,406,"19,4","0,0","14,4",Varias,"24,4",12:40,32,"2,5","8,3",07:30,,,,,
2010-08-17,0009X,ALFORJA,TARRAGONA,406,"22,0","0,0","15,5",04:56,"28,5",13:02,11,"1,4","8,6",11:10,,,,,
2010-08-18,0009X,ALFORJA,TARRAGONA,406,"22,4","0,0","16,1",05:00,"28,6",13:53,12,"1,1","7,8",11:50,,,,,
2010-08-19,0009X,ALFORJA,TARRAGONA,406,"20,8","11,6","17,2",22:53,"24,4",10:27,10,"1,1","6,4",15:20,,,,,
2010-08-20,0009X,ALFORJA,TARRAGONA,406,"23,2","0,0","17,2",04:30,"29,3",12:18,99,"1,7","6,1",12:40,,,,,
2010-08-21,0009X,ALFORJA,TARRAGONA,406,"25,8","0,0","18,4",03:05,"33,1",12:33,11,"1,7","6,9",13:30,,,,,
2010-08-22,0009X,ALFORJA,TARRAGONA,406,"26,0","0,0","18,8",23:48,"33,3",11:07,08,"1,9","6,7",14:00,,,,,
2010-08-23,0009X,ALFORJA,TARRAGONA,406,"25,0","0,0","17,9",05:00,"32,1",11:36,11,"1,4","6,4",12:20,,,,,
2010-08-24,0009X,ALFORJA,TARRAGONA,406,"24,6",,"17,8",00:43,"31,3",10:56,31,"1,9","7,5",02:20,,,,,
2010-08-25,0009X,ALFORJA,TARRAGONA,406,"24,0","0,0","17,4",03:48,"30,7",10:54,09,"1,7","6,4",11:20,,,,,
2010-08-26,0009X,ALFORJA,TARRAGONA,406,"24,6","0,0","17,3",04:40,"31,8",13:17,14,"1,7","5,8",12:00,,,,,
2010-08-27,0009X,ALFORJA,TARRAGONA,406,"27,1","0,0","18,0",03:15,"36,2",15:04,29,"4,7","15,0",12:50,,,,,
2010-08-28,0009X,ALFORJA,TARRAGONA,406,"23,2","0,0","16,8",22:13,"29,7",14:23,29,"4,4","17,2",06:30,,,,,
2010-08-29,0009X,ALFORJA,TARRAGONA,406,"22,0","0,0","14,8",05:28,"29,2",15:16,28,"4,2","11,9",07:30,,,,,
2010-08-30,0009X,ALFORJA,TARRAGONA,406,"20,8","0,4","13,9",05:09,"27,8",15:21,28,"4,2","13,6",05:40,,,,,
2010-08-31,0009X,ALFORJA,TARRAGONA,406,"20,4","0,0","15,7",06:18,"25,1",09:57,19,"2,5","7,8",14:40,,,,,
2010-09-01,0009X,ALFORJA,TARRAGONA,406,"20,0","0,2","17,9",21:24,"22,2",10:00,12,"1,4","6,4",13:00,,,,,
2010-09-02,0009X,ALFORJA,TARRAGONA,406,"20,4","0,2","16,0",21:50,"24,9",13:31,99,"0,8","5,0",12:40,,,,,
2010-09-03,0009X,ALFORJA,TARRAGONA,406,"22,2","0,0","16,3",03:10,"28,0",10:25,10,"1,9","9,7",10:50,,,,,
2010-09-04,0009X,ALFORJA,TARRAGONA,406,"23,5","0,0","15,3",Varias,"31,7",12:37,29,"1,4","7,8",12:00,,,,,
2010-09-05,0009X,ALFORJA,TARRAGONA,406,"23,0","0,0","16,7",04:51,"29,3",12:45,10,"1,4","6,7",13:40,,,,,
2010-09-06,0009X,ALFORJA,TARRAGONA,406,"22,1","1,2","16,4",01:17,"27,8",13:22,12,"1,7","6,7",13:00,,,,,
2010-09-07,0009X,ALFORJA,TARRAGONA,406,"23,5","1,0","18,5",00:01,"28,5",10:38,29,"2,8","11,1",17:10,,,,,
2010-09-08,0009X,ALFORJA,TARRAGONA,406,"19,8","0,0","14,0",21:23,"25,6",14:32,27,"5,8","17,8",11:00,,,,,
2010-09-09,0009X,ALFORJA,TARRAGONA,406,"20,3","0,0","13,8",23:03,"26,8",15:27,28,"4,7","14,2",10:50,,,,,
2010-09-10,0009X,ALFORJA,TARRAGONA,406,"20,6","0,0","14,1",22:33,"27,2",12:45,28,"3,1","10,0",07:30,,,,,
2010-09-11,0009X,ALFORJA,TARRAGONA,406,"20,0","0,0","13,5",01:25,"26,5",14:05,99,"1,7","7,8",Varias,,,,,
2010-09-12,0009X,ALFORJA,TARRAGONA,406,"22,0","0,0","15,3",05:39,"28,7",11:48,26,"1,4","8,9",23:50,,,,,
2010-09-13,0009X,ALFORJA,TARRAGONA,406,"22,3","0,0","15,7",Varias,"28,9",15:22,28,"4,2","14,7",07:00,,,,,
2010-09-14,0009X,ALFORJA,TARRAGONA,406,"21,4","0,0","14,6",23:50,"28,1",13:09,30,"2,2","9,4",04:20,,,,,
2010-09-15,0009X,ALFORJA,TARRAGONA,406,"20,6","0,0","13,5",02:39,"27,6",11:13,08,"1,1","6,1",11:30,,,,,
2010-09-16,0009X,ALFORJA,TARRAGONA,406,"20,8","0,6","16,5",02:13,"25,1",12:20,13,"0,8","5,0",13:40,,,,,
2010-09-17,0009X,ALFORJA,TARRAGONA,406,"19,8","123,4","15,5",17:26,"24,0",09:03,31,"1,9","6,4",16:50,,,,,
2010-09-18,0009X,ALFORJA,TARRAGONA,406,"17,3","0,2","13,1",07:09,"21,5",15:26,30,"3,3","12,2",10:30,,,,,
2010-09-19,0009X,ALFORJA,TARRAGONA,406,"18,8","0,0","12,4",05:06,"25,1",15:26,31,"3,9","12,2",07:00,,,,,
2010-09-20,0009X,ALFORJA,TARRAGONA,406,"18,2","103,4","13,9",01:29,"22,4",13:27,12,"0,6","9,7",15:40,,,,,
2010-09-21,0009X,ALFORJA,TARRAGONA,406,"20,1","0,2","16,1",04:39,"24,1",12:49,12,"1,1","7,8",14:00,,,,,
2010-09-22,0009X,ALFORJA,TARRAGONA,406,"19,5","0,0","14,8",05:12,"24,2",12:24,09,"1,7","6,4",12:50,,,,,
2010-09-23,0009X,ALFORJA,TARRAGONA,406,"20,2","2,2","16,3",05:35,"24,1",13:13,30,"0,6","9,4",23:00,,,,,
2010-09-24,0009X,ALFORJA,TARRAGONA,406,"18,6","0,0","13,7",23:59,"23,6",13:49,30,"6,9","17,2",12:40,,,,,
2010-09-25,0009X,ALFORJA,TARRAGONA,406,"16,9","0,0","11,9",02:44,"21,9",13:42,28,"7,5","16,9",07:20,,,,,
2010-09-26,0009X,ALFORJA,TARRAGONA,406,"15,0","0,0","9,8",05:13,"20,3",15:11,27,"5,6","13,1",10:50,,,,,
2010-09-27,0009X,ALFORJA,TARRAGONA,406,"14,0","0,0","8,2",05:07,"19,9",14:51,28,"4,4","13,3",08:40,,,,,
2010-09-28,0009X,ALFORJA,TARRAGONA,406,"15,2","0,0","9,2",03:54,"21,3",13:45,29,"1,9","7,5",09:10,,,,,
2010-09-29,0009X,ALFORJA,TARRAGONA,406,"17,4","0,0","10,7",01:21,"24,1",14:41,28,"2,2","8,3",09:40,,,,,
2010-09-30,0009X,ALFORJA,TARRAGONA,406,"18,4","0,0","12,3",04:39,"24,5",12:38,28,"2,2","8,3",07:20,,,,,
2010-10-01,0009X,ALFORJA,TARRAGONA,406,"18,5","0,0","14,4",Varias,"22,6",11:42,13,"0,8","5,3",14:10,,,,,
2010-10-02,0009X,ALFORJA,TARRAGONA,406,"19,1","0,0","15,7",02:52,"22,5",14:13,12,"1,7","6,7",15:00,,,,,
2010-10-03,0009X,ALFORJA,TARRAGONA,406,"20,0","0,2","16,4",04:33,"23,6",12:17,09,"1,7","6,9",14:20,,,,,
2010-10-04,0009X,ALFORJA,TARRAGONA,406,"18,1","0,0","14,6",23:56,"21,6",11:24,30,"5,8","20,6",20:00,,,,,
2010-10-05,0009X,ALFORJA,TARRAGONA,406,"17,0","0,0","10,5",23:16,"23,6",14:34,28,"2,8","11,9",01:30,,,,,
2010-10-06,0009X,ALFORJA,TARRAGONA,406,"17,2","0,0","9,8",04:47,"24,5",11:45,12,"1,4","6,7",12:20,,,,,
2010-10-07,0009X,ALFORJA,TARRAGONA,406,"19,2","0,0","15,6",00:01,"22,7",15:11,10,"1,9","8,6",07:10,,,,,
2010-10-08,0009X,ALFORJA,TARRAGONA,406,"21,2","0,4","18,2",Varias,"24,2",12:51,11,"1,7","5,8",15:30,,,,,
2010-10-09,0009X,ALFORJA,TARRAGONA,406,"18,4","35,4","14,9",23:47,"22,0",13:30,30,"1,7","10,0",23:00,,,,,
2010-10-10,0009X,ALFORJA,TARRAGONA,406,"15,4","1,6","12,7",23:54,"18,1",14:03,26,"6,1","14,2",15:30,,,,,
2010-10-11,0009X,ALFORJA,TARRAGONA,406,"15,6","22,2","11,8",04:45,"19,4",13:14,28,"2,2","11,9",02:00,,,,,
2010-10-12,0009X,ALFORJA,TARRAGONA,406,"16,2","17,0","13,9",23:50,"18,5",16:06,35,"2,8","20,0",20:40,,,,,
2010-10-13,0009X,ALFORJA,TARRAGONA,406,"16,8","0,0","13,6",20:55,"20,1",15:14,09,"2,5","19,7",01:00,,,,,
2010-10-14,0009X,ALFORJA,TARRAGONA,406,"14,1","0,0","10,4",06:13,"17,8",13:59,28,"5,0","15,0",07:20,,,,,
2010-10-15,0009X,ALFORJA,TARRAGONA,406,"12,6","0,0","8,1",Varias,"17,0",14:28,28,"4,7","12,8",01:00,,,,,
2010-10-16,0009X,ALFORJA,TARRAGONA,406,"11,8","0,0","7,4",06:06,"16,3",14:36,28,"4,7","13,9",07:30,,,,,
2010-10-17,0009X,ALFORJA,TARRAGONA,406,"12,0","0,0","6,5",23:42,"17,6",14:37,27,"5,8","14,2",23:59,,,,,
2010-10-18,0009X,ALFORJA,TARRAGONA,406,"10,7","0,0","5,8",06:20,"15,6",14:02,28,"7,5","16,9",01:00,,,,,
2010-10-19,0009X,ALFORJA,TARRAGONA,406,"10,9","0,0","5,6",Varias,"16,2",14:37,29,"4,4","16,1",07:30,,,,,
2010-10-20,0009X,ALFORJA,TARRAGONA,406,"12,4","0,0","7,1",06:02,"17,8",15:04,28,"3,9","13,3",01:10,,,,,
2010-10-21,0009X,ALFORJA,TARRAGONA,406,"13,3","0,0","8,0",00:54,"18,6",12:43,27,"2,2","7,8",04:00,,,,,
2010-10-22,0009X,ALFORJA,TARRAGONA,406,"14,8","0,0","9,8",06:06,"19,8",12:24,12,"1,4","5,8",14:50,,,,,
2010-10-23,0009X,ALFORJA,TARRAGONA,406,"14,8","0,0","9,1",20:42,"20,4",12:56,25,"1,9","5,8",11:00,,,,,
2010-10-24,0009X,ALFORJA,TARRAGONA,406,"16,0","0,0","11,9",00:17,"20,0",13:58,26,,"15,8",20:20,,,,,
2010-10-25,0009X,ALFORJA,TARRAGONA,406,"11,4","0,0","7,3",23:58,"15,6",13:19,28,"6,1","20,6",19:30,,,,,
2010-10-26,0009X,ALFORJA,TARRAGONA,406,"10,2","0,0","4,7",04:21,"15,8",15:15,30,"6,4","20,0",06:00,,,,,
2010-10-27,0009X,ALFORJA,TARRAGONA,406,"12,6","0,0","6,7",19:39,"18,4",14:15,99,"2,2","8,3",Varias,,,,,
2010-10-28,0009X,ALFORJA,TARRAGONA,406,"14,2","0,0","6,9",20:33,"21,6",12:58,23,"1,7","5,6",10:30,,,,,
2010-10-29,0009X,ALFORJA,TARRAGONA,406,"11,1","0,0","5,2",04:00,"17,0",11:53,10,"1,7","6,4",16:20,,,,,
2010-10-30,0009X,ALFORJA,TARRAGONA,406,"12,4","0,0","8,7",18:25,"16,0",10:59,28,"2,8","11,4",07:50,,,,,
2010-10-31,0009X,ALFORJA,TARRAGONA,406,"13,3","0,6","9,4",06:46,"17,2",12:18,28,"3,9","16,4",12:30,,,,,
2010-11-01,0009X,ALFORJA,TARRAGONA,406,"14,8","0,0","11,0",06:18,"18,7",14:28,28,"5,0","16,1",02:40,,,,,
2010-11-02,0009X,ALFORJA,TARRAGONA,406,"14,7","0,0","9,7",07:32,"19,7",13:47,28,"7,8","15,3",12:40,,,,,
2010-11-03,0009X,ALFORJA,TARRAGONA,406,"14,9","0,0","10,5",04:13,"19,3",Varias,28,"6,1","14,4",05:00,,,,,
2010-11-04,0009X,ALFORJA,TARRAGONA,406,"16,0","0,0","10,8",23:46,"21,1",Varias,28,"3,9","10,8",00:10,,,,,
2010-11-05,0009X,ALFORJA,TARRAGONA,406,"15,1","0,0","9,5",05:03,"20,7",12:11,12,"1,1","5,8",11:30,,,,,
2010-11-06,0009X,ALFORJA,TARRAGONA,406,"14,6","0,2","8,1",03:15,"21,1",13:26,29,"1,1","6,7",23:50,,,,,
2010-11-07,0009X,ALFORJA,TARRAGONA,406,"11,8","0,0","6,9",24:00,"16,6",12:26,29,"5,6","17,8",11:10,,,,,
2010-11-08,0009X,ALFORJA,TARRAGONA,406,"8,7","2,2","5,9",04:31,"11,5",14:59,28,"2,8","18,1",03:00,,,,,
2010-11-09,0009X,ALFORJA,TARRAGONA,406,"12,2","0,0","8,2",00:01,"16,3",12:34,27,"5,8","16,1",19:40,,,,,
2010-11-10,0009X,ALFORJA,TARRAGONA,406,"10,9","0,0","6,9",23:58,"14,9",12:19,27,"7,5","16,7",08:50,,,,,
2010-11-11,0009X,ALFORJA,TARRAGONA,406,"10,9","0,0","6,7",01:27,"15,1",13:24,29,"5,0","16,1",04:50,,,,,
2010-11-12,0009X,ALFORJA,TARRAGONA,406,"14,8","0,0","10,5",22:43,"19,2",Varias,28,"5,3","17,5",08:50,,,,,
2010-11-13,0009X,ALFORJA,TARRAGONA,406,"14,9","0,0","8,6",22:41,"21,2",13:28,28,"3,1","7,8",06:00,,,,,
2010-11-14,0009X,ALFORJA,TARRAGONA,406,"13,2","2,8","7,5",04:02,"18,8",13:15,27,"1,1","5,8",23:40,,,,,
2010-11-15,0009X,ALFORJA,TARRAGONA,406,"10,8","0,0","8,7",Varias,"13,0",00:01,27,"7,5","20,3",19:20,,,,,
2010-11-16,0009X,ALFORJA,TARRAGONA,406,"10,6","0,0","7,3",05:31,"13,8",Varias,24,"8,9","18,9",14:20,,,,,
2010-11-17,0009X,ALFORJA,TARRAGONA,406,"9,1","0,0","6,8",23:38,"11,4",09:02,28,"5,3","14,2",17:10,,,,,
2010-11-18,0009X,ALFORJA,TARRAGONA,406,"10,0","0,0","6,2",03:40,"13,8",12:45,30,"5,6","15,0",05:10,,,,,
2010-11-19,0009X,ALFORJA,TARRAGONA,406,"7,8","0,0","4,1",01:32,"11,4",13:55,31,"1,4","6,7",04:00,,,,,
2010-11-20,0009X,ALFORJA,TARRAGONA,406,"7,6","3,0","2,3",05:41,"12,8",12:36,25,"3,3","11,4",15:10,,,,,
2010-11-21,0009X,ALFORJA,TARRAGONA,406,"8,6","0,0","5,6",01:58,"11,6",14:43,28,"5,0","15,8",16:30,,,,,
2010-11-22,0009X,ALFORJA,TARRAGONA,406,"9,1","0,0","5,8",05:43,"12,4",13:52,28,"6,9","17,5",03:30,,,,,
2010-11-23,0009X,ALFORJA,TARRAGONA,406,"8,8","0,0","5,4",23:55,"12,3",13:12,28,"7,2","15,8",07:10,,,,,
2010-11-24,0009X,ALFORJA,TARRAGONA,406,"7,5","0,0","3,4",06:39,"11,6",13:47,27,"3,6","12,2",09:10,,,,,
2010-11-25,0009X,ALFORJA,TARRAGONA,406,"7,0","0,0","3,2",04:48,"10,8",13:37,29,"4,2","12,8",12:30,,,,,
2010-11-26,0009X,ALFORJA,TARRAGONA,406,"5,6","0,0","2,2",23:47,"9,1",13:48,29,"5,6","13,3",08:00,,,,,
2010-11-27,0009X,ALFORJA,TARRAGONA,406,"5,8","0,0","1,2",05:11,"10,5",13:38,28,"2,8","9,7",09:10,,,,,
2010-11-28,0009X,ALFORJA,TARRAGONA,406,"5,4","0,0","1,9",06:05,"8,9",11:43,28,"5,3","14,4",13:40,,,,,
2010-11-29,0009X,ALFORJA,TARRAGONA,406,"4,0","2,2","1,4",07:36,"6,7",12:33,30,"0,6","9,2",01:20,,,,,
2010-11-30,0009X,ALFORJA,TARRAGONA,406,"7,2","2,6","4,2",Varias,"10,3",14:38,27,"0,3","6,4",23:59,,,,,
2010-12-01,0009X,ALFORJA,TARRAGONA,406,"6,8","0,0","3,6",23:54,"9,9",12:06,27,"4,4","13,9",08:40,,,,,
2010-12-02,0009X,ALFORJA,TARRAGONA,406,"5,2","0,0","2,0",03:44,"8,5",12:02,28,"5,0","14,7",14:10,,,,,
2010-12-03,0009X,ALFORJA,TARRAGONA,406,"4,8","0,0","1,6",05:39,"8,1",13:42,30,"6,7","16,9",14:20,,,,,
2010-12-04,0009X,ALFORJA,TARRAGONA,406,"4,8","0,0","-0,1",18:52,"9,7",14:29,30,"2,5","15,8",08:10,,,,,
2010-12-05,0009X,ALFORJA,TARRAGONA,406,"6,4","0,4","2,6",00:17,"10,2",12:55,27,"0,6","3,9",23:59,,,,,
2010-12-06,0009X,ALFORJA,TARRAGONA,406,"13,4","0,0","6,4",00:48,"20,3",14:22,28,"1,9","6,9",14:50,,,,,
2010-12-07,0009X,ALFORJA,TARRAGONA,406,"16,0","4,6","12,3",06:55,"19,7",12:38,20,"1,1","5,0",11:40,,,,,
2010-12-08,0009X,ALFORJA,TARRAGONA,406,"14,7","0,6","9,7",06:43,"19,7",13:31,30,"1,7","6,7",17:10,,,,,
2010-12-10,0009X,ALFORJA,TARRAGONA,406,"8,4","0,0","3,8",20:35,"12,9",13:51,26,"3,6","12,5",00:20,,,,,
2010-12-11,0009X,ALFORJA,TARRAGONA,406,"8,6","0,0","1,8",07:15,"15,4",12:04,99,"2,5","8,1",Varias,,,,,
2010-12-12,0009X,ALFORJA,TARRAGONA,406,"9,6","0,0","3,6",00:03,"15,5",12:21,30,"3,9","12,2",12:10,,,,,
2010-12-13,0009X,ALFORJA,TARRAGONA,406,"7,5","0,8","4,0",02:13,"11,0",11:54,27,"0,6","4,4",00:10,,,,,
2010-12-14,0009X,ALFORJA,TARRAGONA,406,"4,4","0,0","1,5",23:57,"7,2",00:19,30,"4,4","10,8",22:10,,,,,
2010-12-15,0009X,ALFORJA,TARRAGONA,406,"1,8","0,0","-2,0",23:57,"5,7",14:08,28,"6,4","14,4",21:40,,,,,
2010-12-16,0009X,ALFORJA,TARRAGONA,406,"0,8","0,0","-3,5",05:56,"5,2",14:00,26,"6,7","15,6",23:30,,,,,
2010-12-17,0009X,ALFORJA,TARRAGONA,406,"5,2","0,0","1,1",07:28,"9,4",15:28,30,"6,7","17,2",11:20,,,,,
2010-12-18,0009X,ALFORJA,TARRAGONA,406,"5,4","0,6","0,7",06:26,"10,2",12:52,30,"1,9","9,4",09:00,,,,,
2010-12-19,0009X,ALFORJA,TARRAGONA,406,"9,0","0,0","4,8",00:01,"13,3",13:01,28,"2,2","9,7",15:10,,,,,
2010-12-20,0009X,ALFORJA,TARRAGONA,406,"8,0","1,8","3,9",23:10,"12,2",13:17,28,"4,2","13,1",11:40,,,,,
2010-12-21,0009X,ALFORJA,TARRAGONA,406,"6,1","11,8","2,8",02:15,"9,4",Varias,09,"0,6","5,0",08:30,,,,,
2010-12-22,0009X,ALFORJA,TARRAGONA,406,"8,5","6,0","5,1",03:36,"11,9",13:20,08,"1,1","6,7",20:00,,,,,
2010-12-23,0009X,ALFORJA,TARRAGONA,406,"8,0","0,0","4,7",23:43,"11,3",09:26,28,"5,3","20,3",21:30,,,,,
2010-12-24,0009X,ALFORJA,TARRAGONA,406,"5,2","0,0","2,3",23:51,"8,2",13:28,28,"10,8","22,2",18:00,,,,,
2010-12-25,0009X,ALFORJA,TARRAGONA,406,"1,6","0,0","-1,6",23:42,"4,7",13:31,29,"10,8","21,1",07:30,,,,,
2010-12-26,0009X,ALFORJA,TARRAGONA,406,"1,7","0,0","-2,9",07:16,"6,3",18:56,28,"7,5","17,8",00:10,,,,,
2010-12-27,0009X,ALFORJA,TARRAGONA,406,"4,6","0,0","-1,7",07:00,"10,8",12:20,12,"1,7","6,1",12:50,,,,,
2010-12-28,0009X,ALFORJA,TARRAGONA,406,"6,9","0,0","0,6",01:52,"13,2",13:30,32,"1,7","5,6",13:00,,,,,
2010-12-29,0009X,ALFORJA,TARRAGONA,406,"8,1","0,0","3,7",04:39,"12,5",13:00,14,"1,4","4,7",12:30,,,,,
2010-12-30,0009X,ALFORJA,TARRAGONA,406,"8,6","0,0","7,2",02:45,"10,0",13:26,10,"1,1","6,4",09:00,,,,,
2010-12-31,0009X,ALFORJA,TARRAGONA,406,"8,4","0,2","5,2",02:43,"11,7",12:28,26,"0,8","3,1",03:30,,,,,
2011-01-01,0009X,ALFORJA,TARRAGONA,406,"9,5","0,0","7,1",04:12,"11,9",11:10,99,"2,2","5,3",Varias,,,,,
2011-01-02,0009X,ALFORJA,TARRAGONA,406,"7,8","0,0","4,0",23:57,"11,5",14:23,28,"5,0","12,8",21:50,,,,,
2011-01-03,0009X,ALFORJA,TARRAGONA,406,"4,2","0,0","1,3",07:30,"7,1",Varias,27,"5,0","13,1",00:20,,,,,
2011-01-04,0009X,ALFORJA,TARRAGONA,406,"6,4","0,4","1,3",01:18,"11,5",14:09,25,"2,2","9,2",12:50,,,,,
2011-01-05,0009X,ALFORJA,TARRAGONA,406,"8,2","0,4","5,1",20:10,"11,2",12:39,30,"0,8","6,1",06:00,,,,,
2011-01-06,0009X,ALFORJA,TARRAGONA,406,"11,2","0,0","5,9",06:32,"16,6",13:55,27,"0,8","4,7",05:10,,,,,
2011-01-07,0009X,ALFORJA,TARRAGONA,406,"12,0","0,0","7,3",06:47,"16,7",13:21,28,"1,9","5,6",04:50,,,,,
2011-01-08,0009X,ALFORJA,TARRAGONA,406,"12,6","0,0","7,3",18:26,"17,9",12:10,31,"3,3","8,9",06:30,,,,,
2011-01-09,0009X,ALFORJA,TARRAGONA,406,"10,0","0,0","5,0",23:42,"14,9",10:57,27,"3,3","13,3",14:10,,,,,
2011-01-10,0009X,ALFORJA,TARRAGONA,406,"8,2","0,0","3,9",04:25,"12,4",12:56,28,"3,6","11,1",14:20,,,,,
2011-01-11,0009X,ALFORJA,TARRAGONA,406,"12,0","0,0","8,3",03:18,"15,7",14:10,30,"7,2","15,8",12:20,,,,,
2011-01-12,0009X,ALFORJA,TARRAGONA,406,"12,2","0,0","8,3",06:13,"16,0",13:30,27,"7,2","15,6",03:30,,,,,
2011-01-13,0009X,ALFORJA,TARRAGONA,406,"11,2","0,0","6,1",22:05,"16,4",14:18,25,"4,4","13,3",06:00,,,,,
2011-01-14,0009X,ALFORJA,TARRAGONA,406,"13,5","0,0","6,9",01:39,"20,1",14:16,27,"2,5","9,7",22:40,,,,,
2011-01-15,0009X,ALFORJA,TARRAGONA,406,"11,0","0,0","4,8",23:23,"17,3",14:09,24,"2,5","7,8",00:40,,,,,
2011-01-16,0009X,ALFORJA,TARRAGONA,406,"7,5","0,2","1,9",07:15,"13,1",13:35,10,"0,3","3,3",14:00,,,,,
2011-01-17,0009X,ALFORJA,TARRAGONA,406,"8,1","0,0","1,3",05:22,"14,9",13:05,25,"1,9","10,0",16:40,,,,,
2011-01-18,0009X,ALFORJA,TARRAGONA,406,"8,8","0,0","3,2",02:24,"14,3",12:23,25,"1,7","7,8",08:50,,,,,
2011-01-19,0009X,ALFORJA,TARRAGONA,406,"10,6","0,0","7,1",21:32,"14,1",13:40,26,"1,9","6,7",20:50,,,,,
2011-01-20,0009X,ALFORJA,TARRAGONA,406,"6,4","0,0","3,0",23:45,"9,9",14:56,29,"3,9","9,7",13:20,,,,,
2011-01-21,0009X,ALFORJA,TARRAGONA,406,"3,8","0,0","0,0",24:00,"7,6",14:54,25,"5,8","14,7",13:20,,,,,
2011-01-22,0009X,ALFORJA,TARRAGONA,406,"1,2","0,0","-3,5",06:42,"5,8",14:33,32,"4,2","11,9",07:40,,,,,
2011-01-23,0009X,ALFORJA,TARRAGONA,406,"0,8","0,0","-4,1",07:17,"5,6",14:30,30,"3,9","10,8",06:50,,,,,
2011-01-24,0009X,ALFORJA,TARRAGONA,406,"2,0","0,0","-2,8",05:45,"6,7",14:54,29,"4,4","11,1",09:20,,,,,
2011-01-25,0009X,ALFORJA,TARRAGONA,406,"2,4","0,0","-2,1",07:20,"7,0",14:48,26,"5,8","12,2",06:30,,,,,
2011-01-26,0009X,ALFORJA,TARRAGONA,406,"4,0","6,8","-1,0",05:59,"9,0",13:48,99,"3,1","9,2",01:50,,,,,
2011-01-27,0009X,ALFORJA,TARRAGONA,406,"5,5","0,2","3,4",05:55,"7,6",14:08,13,"1,4","6,4",16:20,,,,,
2011-01-28,0009X,ALFORJA,TARRAGONA,406,"4,4","22,4","1,4",06:54,"7,5",10:17,08,"0,8","8,3",15:00,,,,,
2011-01-29,0009X,ALFORJA,TARRAGONA,406,"6,0","0,0","2,9",03:24,"9,1",14:29,30,"5,3","11,9",12:50,,,,,
2011-01-30,0009X,ALFORJA,TARRAGONA,406,"5,0","0,8","2,0",20:03,"8,0",12:13,29,"2,2","9,2",02:10,,,,,
2011-01-31,0009X,ALFORJA,TARRAGONA,406,"5,8","0,0","2,9",23:51,"8,8",13:51,30,"5,0","12,8",22:50,,,,,
2011-02-01,0009X,ALFORJA,TARRAGONA,406,"5,2","0,0","0,9",Varias,"9,4",13:59,29,"7,5","15,3",22:00,,,,,
2011-02-02,0009X,ALFORJA,TARRAGONA,406,"6,4","0,0","0,7",06:52,"12,0",15:42,28,"8,1","19,7",06:30,,,,,
2011-02-03,0009X,ALFORJA,TARRAGONA,406,"8,0","0,0","3,3",05:57,"12,6",15:22,30,"7,2","15,6",07:50,,,,,
2011-02-04,0009X,ALFORJA,TARRAGONA,406,"9,4","0,0","5,0",07:12,"13,9",15:21,30,"6,1","15,0",01:10,,,,,
2011-02-05,0009X,ALFORJA,TARRAGONA,406,"11,9","0,0","6,9",05:27,"16,9",15:03,28,"4,7","11,9",04:20,,,,,
2011-02-06,0009X,ALFORJA,TARRAGONA,406,"13,2","0,0","6,1",21:29,"20,3",13:27,25,"2,5","10,6",00:10,,,,,
2011-02-07,0009X,ALFORJA,TARRAGONA,406,"8,8","0,0","1,7",23:58,"15,9",11:08,10,"0,8","5,6",14:10,,,,,
2011-02-08,0009X,ALFORJA,TARRAGONA,406,"5,7","0,0","-1,2",07:02,"12,6",14:36,99,"0,8","3,9",12:30,,,,,
2011-02-09,0009X,ALFORJA,TARRAGONA,406,"7,1",,"1,2",00:01,"13,0",13:21,09,"1,1","4,4",14:00,,,,,
2011-02-10,0009X,ALFORJA,TARRAGONA,406,"7,4","0,0","1,5",01:16,"13,2",13:26,12,"1,4","4,4",12:50,,,,,
2011-02-11,0009X,ALFORJA,TARRAGONA,406,"7,5","0,0","2,0",00:34,"13,0",14:09,14,"0,8","4,2",13:50,,,,,
2011-02-12,0009X,ALFORJA,TARRAGONA,406,"9,3","0,0","2,2",04:56,"16,4",14:20,28,"1,9","9,4",09:10,,,,,
2011-02-13,0009X,ALFORJA,TARRAGONA,406,"10,4","1,2","4,8",07:02,"16,0",13:29,26,"2,2","8,6",23:30,,,,,
2011-02-14,0009X,ALFORJA,TARRAGONA,406,"9,0","1,6","5,7",08:22,"12,2",14:36,28,"5,8","16,1",12:50,,,,,
2011-02-15,0009X,ALFORJA,TARRAGONA,406,"6,6","0,0","3,8",06:01,"9,5",11:35,28,"1,1","8,6",23:59,,,,,
2011-02-16,0009X,ALFORJA,TARRAGONA,406,"8,6","0,8","4,0",23:53,"13,1",13:51,28,"3,6","13,6",08:50,,,,,
2011-02-17,0009X,ALFORJA,TARRAGONA,406,"6,9","2,4","4,0",00:01,"9,8",12:09,29,"5,3","14,2",11:50,,,,,
2011-02-18,0009X,ALFORJA,TARRAGONA,406,"9,4","0,0","4,2",05:19,"14,7",14:56,27,"5,6","13,9",11:30,,,,,
2011-02-19,0009X,ALFORJA,TARRAGONA,406,"11,4","1,0","7,3",01:39,"15,5",12:24,28,"4,4","13,9",15:30,,,,,
2011-02-20,0009X,ALFORJA,TARRAGONA,406,"11,1","0,0","7,1",06:53,"15,1",15:02,28,"4,2","12,5",03:30,,,,,
2011-02-21,0009X,ALFORJA,TARRAGONA,406,"10,2","0,0","6,9",07:13,"13,4",12:01,28,"6,7","17,2",22:50,,,,,
2011-02-22,0009X,ALFORJA,TARRAGONA,406,"13,8","0,0","10,7",00:01,"16,9",12:52,28,"7,5","25,0",15:40,,,,,
2011-02-23,0009X,ALFORJA,TARRAGONA,406,"14,0","0,0","9,8",06:46,"18,2",14:35,28,"4,4","14,4",05:00,,,,,
2011-02-24,0009X,ALFORJA,TARRAGONA,406,"12,4","0,0","7,3",22:21,"17,4",15:21,27,"3,3","12,8",10:10,,,,,
2011-02-25,0009X,ALFORJA,TARRAGONA,406,"12,8","0,0","7,4",06:20,"18,1",15:20,29,"5,0","13,3",10:00,,,,,
2011-02-26,0009X,ALFORJA,TARRAGONA,406,"11,0","0,0","6,0",23:10,"15,9",10:46,31,"1,9","13,6",01:20,,,,,
2011-02-27,0009X,ALFORJA,TARRAGONA,406,"10,0","0,0","5,1",23:54,"15,0",14:06,29,"4,2","14,2",05:50,,,,,
2011-02-28,0009X,ALFORJA,TARRAGONA,406,"7,0","5,2","1,6",21:41,"12,4",14:37,28,"4,2","14,2",06:10,,,,,
2011-03-01,0009X,ALFORJA,TARRAGONA,406,"6,8","0,0","0,9",06:35,"12,8",15:06,30,"5,6","15,6",22:30,,,,,
2011-03-02,0009X,ALFORJA,TARRAGONA,406,"7,2","0,0","2,5",02:35,"11,9",14:04,30,"4,2","14,7",06:00,,,,,
2011-03-03,0009X,ALFORJA,TARRAGONA,406,"4,8","33,8","2,8",19:02,"6,7",11:34,28,"1,9","10,0",05:10,,,,,
2011-03-04,0009X,ALFORJA,TARRAGONA,406,"7,1","1,0","3,8",23:58,"10,4",11:28,12,"1,4","10,8",10:20,,,,,
2011-03-05,0009X,ALFORJA,TARRAGONA,406,"8,1","0,2","3,2",00:29,"13,0",15:37,22,"0,8","5,0",22:40,,,,,
2011-03-06,0009X,ALFORJA,TARRAGONA,406,"8,7","0,0","3,2",21:30,"14,2",10:21,34,"1,1","5,8",00:50,,,,,
2011-03-07,0009X,ALFORJA,TARRAGONA,406,"9,0","0,0","2,7",05:21,"15,3",11:42,12,"1,7","7,2",12:10,,,,,
2011-03-08,0009X,ALFORJA,TARRAGONA,406,"7,8","0,0","4,6",22:05,"10,9",12:31,10,"3,9","12,5",07:30,,,,,
2011-03-09,0009X,ALFORJA,TARRAGONA,406,"8,6","0,0","4,0",Varias,"13,1",14:49,15,"1,1","4,2",14:10,,,,,
2011-03-10,0009X,ALFORJA,TARRAGONA,406,"9,6","0,0","3,5",00:55,"15,7",14:27,12,"1,1","5,8",12:40,,,,,
2011-03-11,0009X,ALFORJA,TARRAGONA,406,"7,8","47,0","1,7",06:14,"13,8",12:08,12,"2,2","9,4",23:59,,,,,
2011-03-12,0009X,ALFORJA,TARRAGONA,406,"9,3","74,4","7,9",00:01,"10,7",Varias,07,"2,5","11,4",05:20,,,,,
2011-03-13,0009X,ALFORJA,TARRAGONA,406,"12,6","0,0","7,2",Varias,"18,1",15:18,28,"4,2","12,2",04:50,,,,,
2011-03-14,0009X,ALFORJA,TARRAGONA,406,"8,8","6,4","5,7",02:14,"12,0",16:25,09,"2,2","10,3",16:40,,,,,
2011-03-15,0009X,ALFORJA,TARRAGONA,406,"10,0","26,4","8,2",23:43,"11,9",00:01,30,"2,5","11,7",20:10,,,,,
2011-03-16,0009X,ALFORJA,TARRAGONA,406,"9,0","1,2","6,6",06:27,"11,3",13:20,28,"6,4","14,2",01:30,,,,,
2011-03-17,0009X,ALFORJA,TARRAGONA,406,"13,3","0,0","8,6",23:36,"18,0",14:26,27,"7,5","16,1",05:10,,,,,
2011-03-18,0009X,ALFORJA,TARRAGONA,406,"12,0","0,0","6,7",05:51,"17,3",14:51,30,"7,8","18,9",04:50,,,,,
2011-03-19,0009X,ALFORJA,TARRAGONA,406,"12,1","0,0","6,3",06:15,"17,9",15:11,30,"5,6","14,4",23:30,,,,,
2011-03-20,0009X,ALFORJA,TARRAGONA,406,"10,7","0,0","5,9",23:56,"15,5",11:49,99,"3,3","13,3",Varias,,,,,
2011-03-21,0009X,ALFORJA,TARRAGONA,406,"10,2","3,6","5,3",Varias,"15,2",13:14,13,"1,1","7,5",13:40,,,,,
2011-03-22,0009X,ALFORJA,TARRAGONA,406,"8,6","0,2","6,0",Varias,"11,3",14:33,12,"2,8","9,2",12:30,,,,,
2011-03-23,0009X,ALFORJA,TARRAGONA,406,"9,2","0,0","3,7",23:58,"14,7",13:45,10,"3,3","12,5",14:20,,,,,
2011-03-24,0009X,ALFORJA,TARRAGONA,406,"9,0","0,0","3,0",01:16,"15,0",13:24,14,"3,6","10,0",13:20,,,,,
2011-03-25,0009X,ALFORJA,TARRAGONA,406,"11,9","0,0","7,5",24:00,"16,3",12:08,15,"1,1","6,1",12:30,,,,,
2011-03-26,0009X,ALFORJA,TARRAGONA,406,"12,4","0,2","6,9",06:03,"17,8",13:45,10,"1,4","5,8",14:00,,,,,
2011-03-27,0009X,ALFORJA,TARRAGONA,406,"13,8","0,4","9,2",23:55,"18,5",14:22,30,"3,3","16,4",21:30,,,,,
2011-03-28,0009X,ALFORJA,TARRAGONA,406,"13,1","0,0","8,3",04:03,"17,9",14:54,26,"6,4","13,6",10:50,,,,,
2011-03-29,0009X,ALFORJA,TARRAGONA,406,"13,2","0,6","6,8",23:53,"19,7",12:59,28,"3,3","13,6",09:30,,,,,
2011-03-30,0009X,ALFORJA,TARRAGONA,406,"12,6","0,0","6,8",00:01,"18,3",14:16,28,"2,8","14,2",11:20,,,,,
2011-03-31,0009X,ALFORJA,TARRAGONA,406,"17,0","0,0","10,7",23:03,"23,2",13:47,28,"3,1","12,5",07:40,,,,,
2011-04-01,0009X,ALFORJA,TARRAGONA,406,"16,8","0,0","10,5",23:42,"23,1",13:15,11,"1,4","6,4",11:40,,,,,
2011-04-02,0009X,ALFORJA,TARRAGONA,406,"14,8","0,0","8,7",03:14,"20,9",11:24,11,"1,4","6,7",12:20,,,,,
2011-04-03,0009X,ALFORJA,TARRAGONA,406,"14,8","0,0","9,8",01:53,"19,8",19:35,99,"1,9","11,9",Varias,,,,,
2011-04-04,0009X,ALFORJA,TARRAGONA,406,"17,0","0,0","10,7",06:27,"23,3",13:23,28,"2,8","13,3",03:00,,,,,
2011-04-05,0009X,ALFORJA,TARRAGONA,406,"16,2","0,0","10,2",02:06,"22,2",11:46,14,"2,5","7,5",12:50,,,,,
2011-04-06,0009X,ALFORJA,TARRAGONA,406,"15,8","0,0","8,9",05:46,"22,6",10:48,99,"1,7","6,1",Varias,,,,,
2011-04-07,0009X,ALFORJA,TARRAGONA,406,"15,7","0,0","7,1",05:15,"24,3",13:21,10,"1,1","5,3",11:30,,,,,
2011-04-08,0009X,ALFORJA,TARRAGONA,406,"18,6","0,0","9,5",00:25,"27,7",13:03,24,"1,9","6,4",06:40,,,,,
2011-04-09,0009X,ALFORJA,TARRAGONA,406,"20,3","0,0","13,1",Varias,"27,5",10:21,06,"2,2","6,4",11:40,,,,,
2011-04-10,0009X,ALFORJA,TARRAGONA,406,"18,2","1,0","12,6",Varias,"23,7",13:22,28,"8,1","17,2",15:30,,,,,
2011-04-11,0009X,ALFORJA,TARRAGONA,406,"17,2","0,0","10,6",05:36,"23,9",14:26,99,"4,7","13,9",21:50,,,,,
2011-04-12,0009X,ALFORJA,TARRAGONA,406,"16,8","0,0","10,8",04:55,"22,7",15:28,30,"6,1","16,1",03:30,,,,,
2011-04-13,0009X,ALFORJA,TARRAGONA,406,"13,8","0,0","8,3",05:44,"19,2",12:50,28,"2,2","11,7",03:30,,,,,
2011-04-14,0009X,ALFORJA,TARRAGONA,406,"12,8","0,0","6,1",04:36,"19,5",12:20,10,"1,4","6,4",12:50,,,,,
2011-04-15,0009X,ALFORJA,TARRAGONA,406,"13,0","0,8","7,5",00:32,"18,6",Varias,28,"2,8","9,7",04:50,,,,,
2011-04-16,0009X,ALFORJA,TARRAGONA,406,"12,4","0,0","6,7",22:11,"18,2",13:57,10,"1,4","7,2",15:30,,,,,
2011-04-17,0009X,ALFORJA,TARRAGONA,406,"12,8","0,0","5,8",05:38,"19,7",13:48,14,"1,7","7,2",14:20,,,,,
2011-04-18,0009X,ALFORJA,TARRAGONA,406,"11,6","0,0","4,4",05:02,"18,7",12:22,12,"1,9","8,1",14:00,,,,,
2011-04-19,0009X,ALFORJA,TARRAGONA,406,"11,6","0,0","7,3",00:01,"15,9",13:31,14,"1,4","6,1",11:10,,,,,
2011-04-20,0009X,ALFORJA,TARRAGONA,406,"12,8","0,0","6,5",01:36,"19,1",13:09,12,"3,1","9,2",15:30,,,,,
2011-04-21,0009X,ALFORJA,TARRAGONA,406,"13,2","3,6","9,0",03:04,"17,5",15:03,11,"3,1","10,6",18:20,,,,,
2011-04-22,0009X,ALFORJA,TARRAGONA,406,"11,8","4,4","10,2",22:17,"13,4",16:55,11,"1,9","8,9",07:00,,,,,
2011-04-23,0009X,ALFORJA,TARRAGONA,406,"12,2","1,6","9,3",23:56,"15,2",15:56,09,"1,1","5,3",10:20,,,,,
2011-04-24,0009X,ALFORJA,TARRAGONA,406,"12,0","10,8","8,4",00:51,"15,7",14:51,13,"0,8","5,8",15:30,,,,,
2011-04-25,0009X,ALFORJA,TARRAGONA,406,"15,5","1,0","12,0",00:53,"19,0",16:56,29,"2,5","10,6",23:10,,,,,
2011-04-26,0009X,ALFORJA,TARRAGONA,406,"17,6","3,8","11,6",Varias,"23,7",14:46,30,"4,7","14,2",03:10,,,,,
2011-04-27,0009X,ALFORJA,TARRAGONA,406,"17,3","0,0","11,0",05:09,"23,6",13:34,30,"2,5","11,1",08:30,,,,,
2011-04-28,0009X,ALFORJA,TARRAGONA,406,"14,4","1,4","8,5",03:09,"20,3",10:35,28,"2,5","7,5",06:50,,,,,
2011-04-29,0009X,ALFORJA,TARRAGONA,406,"12,2","0,0","7,6",23:58,"16,8",14:10,13,"1,4","7,5",14:40,,,,,
2011-04-30,0009X,ALFORJA,TARRAGONA,406,"13,7","0,0","6,7",04:34,"20,7",13:50,12,"1,4","7,8",15:00,,,,,
2011-05-01,0009X,ALFORJA,TARRAGONA,406,"14,4","0,0","8,7",Varias,"20,2",13:13,08,"1,4","6,7",12:30,,,,,
2011-05-02,0009X,ALFORJA,TARRAGONA,406,"15,2","0,0","9,5",00:28,"21,0",12:59,13,"2,5","7,8",14:40,,,,,
2011-05-03,0009X,ALFORJA,TARRAGONA,406,"16,8","0,2","8,4",04:18,"25,2",14:10,24,"3,3","9,4",11:10,,,,,
2011-05-04,0009X,ALFORJA,TARRAGONA,406,"17,0","0,0","9,9",23:55,"24,2",13:32,29,"3,1","13,3",03:30,,,,,
2011-05-05,0009X,ALFORJA,TARRAGONA,406,"16,1","0,0","8,8",01:50,"23,4",13:16,99,"1,7","7,2",Varias,,,,,
2011-05-06,0009X,ALFORJA,TARRAGONA,406,"16,2","0,0","10,7",03:20,"21,6",13:05,08,"3,3","11,1",14:30,,,,,
2011-05-07,0009X,ALFORJA,TARRAGONA,406,"16,2","26,6","12,0",20:49,"20,3",14:11,34,"4,4","16,1",19:20,,,,,
2011-05-08,0009X,ALFORJA,TARRAGONA,406,"17,2","0,0","11,5",03:13,"22,9",15:10,35,"2,5","10,8",02:20,,,,,
2011-05-09,0009X,ALFORJA,TARRAGONA,406,"18,1","0,0","11,5",04:41,"24,7",11:08,99,"1,4","6,4",Varias,,,,,
2011-05-10,0009X,ALFORJA,TARRAGONA,406,"15,6","0,0","9,6",04:22,"21,7",13:51,12,"1,9","7,2",12:40,,,,,
2011-05-11,0009X,ALFORJA,TARRAGONA,406,"16,4","0,0","9,2",04:49,"23,7",12:35,08,"1,7","6,1",14:30,,,,,
2011-05-12,0009X,ALFORJA,TARRAGONA,406,"17,4","0,0","10,4",04:54,"24,3",12:27,10,"1,4","6,7",10:20,,,,,
2011-05-13,0009X,ALFORJA,TARRAGONA,406,"18,8","0,0","12,3",02:23,"25,2",13:48,12,"1,7","7,2",11:30,,,,,
2011-05-20,0009X,ALFORJA,TARRAGONA,406,"16,0","0,0","8,9",04:17,"23,1",09:44,11,"1,9","7,5",09:50,,,,,
2011-05-21,0009X,ALFORJA,TARRAGONA,406,"18,2","0,0","10,8",00:15,"25,7",11:07,10,"1,9","7,5",12:00,,,,,
2011-05-22,0009X,ALFORJA,TARRAGONA,406,"19,8","0,0","11,9",02:39,"27,7",11:54,30,"1,9","7,2",05:50,,,,,
2011-05-23,0009X,ALFORJA,TARRAGONA,406,"21,3","0,0","14,3",00:01,"28,3",Varias,26,"3,1","11,7",05:10,,,,,
2011-05-24,0009X,ALFORJA,TARRAGONA,406,"22,8","0,0","15,4",01:13,"30,1",12:18,28,"2,8","8,9",07:50,,,,,
2011-05-25,0009X,ALFORJA,TARRAGONA,406,"22,2","0,0","14,4",23:31,"30,1",11:23,26,"2,5","8,6",05:30,,,,,
2011-05-26,0009X,ALFORJA,TARRAGONA,406,"21,3","0,0","13,2",02:29,"29,4",09:57,22,"2,8","8,6",07:10,,,,,
2011-05-27,0009X,ALFORJA,TARRAGONA,406,"19,4","2,4","15,5",23:54,"23,2",12:32,30,"2,2","7,5",05:10,,,,,
2011-05-28,0009X,ALFORJA,TARRAGONA,406,"17,4","0,2","12,6",04:51,"22,1",14:33,24,"2,5","8,1",06:00,,,,,
2011-05-29,0009X,ALFORJA,TARRAGONA,406,"20,6","3,6","16,4",Varias,"24,7",10:51,12,"1,4","6,9",15:30,,,,,
2011-05-30,0009X,ALFORJA,TARRAGONA,406,"19,0","7,0","14,4",Varias,"23,5",11:30,32,"2,5","11,4",19:40,,,,,
2011-05-31,0009X,ALFORJA,TARRAGONA,406,"17,3","0,0","11,9",23:57,"22,7",15:10,99,"3,6","13,9",22:50,,,,,
2011-06-01,0009X,ALFORJA,TARRAGONA,406,"16,1","0,0","9,4",04:23,"22,8",15:48,28,"4,7","14,7",01:10,,,,,
2011-06-02,0009X,ALFORJA,TARRAGONA,406,"16,3","2,4","10,5",04:35,"22,1",11:35,32,"3,3","11,7",05:50,,,,,
2011-06-03,0009X,ALFORJA,TARRAGONA,406,"15,2","5,0","10,9",00:55,"19,4",11:40,10,"1,9","8,6",12:20,,,,,
2011-06-04,0009X,ALFORJA,TARRAGONA,406,"15,8","10,6","11,4",23:52,"20,3",10:24,02,"1,1","11,1",13:30,,,,,
2011-06-05,0009X,ALFORJA,TARRAGONA,406,"16,0","0,0","10,8",04:00,"21,2",12:48,99,"1,4","5,8",Varias,,,,,
2011-06-06,0009X,ALFORJA,TARRAGONA,406,"15,7","0,0","10,1",Varias,"21,3",12:31,11,,"9,2",12:40,,,,,
2011-06-07,0009X,ALFORJA,TARRAGONA,406,"17,7","0,0","13,3",05:33,"22,1",10:03,28,"2,8","12,2",23:30,,,,,
2011-06-08,0009X,ALFORJA,TARRAGONA,406,"17,4","0,0","11,1",05:39,"23,8",14:14,28,"4,2","13,3",02:00,,,,,
2011-06-09,0009X,ALFORJA,TARRAGONA,406,"17,0","1,6","11,4",00:34,"22,6",13:00,12,"1,9","7,2",15:10,,,,,
2011-06-10,0009X,ALFORJA,TARRAGONA,406,"19,9","0,0","15,6",24:00,"24,2",12:45,28,"1,9","9,7",10:50,,,,,
2011-06-11,0009X,ALFORJA,TARRAGONA,406,"18,5","0,0","12,7",04:27,"24,3",12:59,09,"3,6","11,7",13:10,,,,,
2011-06-12,0009X,ALFORJA,TARRAGONA,406,"19,6","0,0","14,2",03:34,"25,1",13:28,14,"1,9","7,2",14:20,,,,,
2011-06-13,0009X,ALFORJA,TARRAGONA,406,"18,3","0,0","14,7",23:59,"21,9",11:53,13,"1,7","5,0",12:30,,,,,
2011-06-14,0009X,ALFORJA,TARRAGONA,406,"20,0","0,0","13,4",04:20,"26,5",10:44,09,"2,2","7,5",11:30,,,,,
2011-06-15,0009X,ALFORJA,TARRAGONA,406,"20,6","0,0","12,9",03:49,"28,2",12:22,10,"1,9","7,8",12:10,,,,,
2011-06-16,0009X,ALFORJA,TARRAGONA,406,"21,1","0,0","14,3",04:15,"27,9",11:48,11,"1,7","6,9",11:50,,,,,
2011-06-17,0009X,ALFORJA,TARRAGONA,406,"22,4","0,0","17,1",23:54,"27,6",13:21,11,"1,9","7,2",15:30,,,,,
2011-06-18,0009X,ALFORJA,TARRAGONA,406,"21,9","0,0","15,7",02:55,"28,1",14:51,28,"3,9","12,2",10:00,,,,,
2011-06-19,0009X,ALFORJA,TARRAGONA,406,"20,1","0,0","13,8",04:46,"26,4",11:43,22,"3,3","10,0",07:20,,,,,
2011-06-20,0009X,ALFORJA,TARRAGONA,406,"19,9","0,0","16,0",23:52,"23,8",14:31,13,"1,4","5,6",13:40,,,,,
2011-06-21,0009X,ALFORJA,TARRAGONA,406,"20,8","0,2","14,8",04:33,"26,9",13:14,07,"1,9","6,4",13:20,,,,,
2011-06-22,0009X,ALFORJA,TARRAGONA,406,"22,0","0,0","15,1",04:00,"28,8",13:44,11,"1,9","6,9",15:10,,,,,
2011-06-23,0009X,ALFORJA,TARRAGONA,406,"22,2","0,0","18,2",04:41,"26,3",14:18,26,"2,5","7,2",09:00,,,,,
2011-06-24,0009X,ALFORJA,TARRAGONA,406,"21,8","0,0","14,9",04:37,"28,6",11:56,29,"3,9","10,6",06:30,,,,,
2011-06-25,0009X,ALFORJA,TARRAGONA,406,"21,8","0,0","15,7",23:57,"27,9",13:25,09,"2,2","7,2",11:20,,,,,
2011-06-26,0009X,ALFORJA,TARRAGONA,406,"22,8","0,0","14,5",01:27,"31,2",13:42,11,"1,7","6,7",12:30,,,,,
2011-06-27,0009X,ALFORJA,TARRAGONA,406,"21,5","0,0","13,8",03:44,"29,2",11:58,11,"2,2","6,9",12:10,,,,,
2011-06-28,0009X,ALFORJA,TARRAGONA,406,"22,6","0,0","14,4",02:07,"30,9",13:28,29,"1,7","13,6",22:50,,,,,
2011-06-29,0009X,ALFORJA,TARRAGONA,406,"22,4","0,0","15,1",23:56,"29,7",14:44,29,"5,0","17,5",20:40,,,,,
2011-06-30,0009X,ALFORJA,TARRAGONA,406,"20,8","0,0","12,7",Varias,"28,9",14:12,26,"3,9","13,9",06:20,,,,,
2011-07-01,0009X,ALFORJA,TARRAGONA,406,"23,1","0,0","15,4",04:37,"30,8",13:13,29,"3,3","11,9",04:50,,,,,
2011-07-02,0009X,ALFORJA,TARRAGONA,406,"23,8","0,0","19,0",01:16,"28,7",12:24,12,"1,9","7,2",12:00,,,,,
2011-07-03,0009X,ALFORJA,TARRAGONA,406,"22,7","0,4","18,8",22:59,"26,6",11:50,10,"2,8","8,1",12:40,,,,,
2011-07-04,0009X,ALFORJA,TARRAGONA,406,"23,0","0,0","16,9",24:00,"29,0",13:00,34,"3,1","14,4",02:30,,,,,
2011-07-05,0009X,ALFORJA,TARRAGONA,406,"23,6","0,0","15,2",03:30,"32,0",11:40,30,"2,2","7,8",11:50,,,,,
2011-07-06,0009X,ALFORJA,TARRAGONA,406,"24,8","0,0","17,8",04:14,"31,9",11:52,27,"2,5","8,1",08:20,,,,,
2011-07-07,0009X,ALFORJA,TARRAGONA,406,"25,2","0,0","20,2",Varias,"30,2",14:05,10,"1,9","7,5",13:00,,,,,
2011-07-08,0009X,ALFORJA,TARRAGONA,406,"22,8","0,0","16,7",Varias,"28,8",11:46,14,"1,9","9,7",12:30,,,,,
2011-07-09,0009X,ALFORJA,TARRAGONA,406,"22,0","0,0","16,3",03:13,"27,7",13:48,99,"1,7","7,8",Varias,,,,,
2011-07-10,0009X,ALFORJA,TARRAGONA,406,"22,0","0,0","15,4",03:20,"28,5",13:47,16,"2,2","8,1",16:00,,,,,
2011-07-11,0009X,ALFORJA,TARRAGONA,406,"22,8","0,0","15,6",00:22,"30,0",13:27,09,"2,8","9,4",10:40,,,,,
2011-07-12,0009X,ALFORJA,TARRAGONA,406,"21,2","1,0","16,7",Varias,"25,6",10:58,26,"2,5","15,8",22:40,,,,,
2011-07-13,0009X,ALFORJA,TARRAGONA,406,"21,2","0,0","14,5",05:01,"27,8",16:11,28,"8,1","16,9",06:00,,,,,
2011-07-14,0009X,ALFORJA,TARRAGONA,406,"20,6","0,0","14,5",23:59,"26,7",12:23,28,"4,2","12,2",02:10,,,,,
2011-07-15,0009X,ALFORJA,TARRAGONA,406,"21,6","0,0","13,9",01:09,"29,3",11:59,10,"3,1","8,9",13:00,,,,,
2011-07-16,0009X,ALFORJA,TARRAGONA,406,"22,0","0,0","16,2",05:08,"27,7",10:31,12,"2,2","7,8",11:30,,,,,
2011-07-17,0009X,ALFORJA,TARRAGONA,406,"23,0","0,0","16,0",23:44,"30,1",13:49,27,"5,3","12,8",10:20,,,,,
2011-07-18,0009X,ALFORJA,TARRAGONA,406,"20,4","0,0","14,5",05:43,"26,4",12:24,27,"3,1","10,0",03:50,,,,,
2011-07-19,0009X,ALFORJA,TARRAGONA,406,"20,8","0,0","15,6",23:51,"25,9",13:04,27,"7,8","24,7",11:30,,,,,
2011-07-20,0009X,ALFORJA,TARRAGONA,406,"21,0","0,0","13,7",04:30,"28,4",15:27,29,"4,4","16,1",08:10,,,,,
2011-07-21,0009X,ALFORJA,TARRAGONA,406,"22,7","0,2","17,0",03:35,"28,4",10:58,10,"2,8","8,1",11:30,,,,,
2011-07-22,0009X,ALFORJA,TARRAGONA,406,"20,0","0,0","15,0",04:02,"25,0",15:52,28,"3,1","10,3",23:40,,,,,
2011-07-23,0009X,ALFORJA,TARRAGONA,406,"20,8","0,0","13,6",05:02,"28,0",15:43,28,"4,7","15,3",06:30,,,,,
2011-07-24,0009X,ALFORJA,TARRAGONA,406,"19,8","0,0","13,7",04:43,"25,9",12:51,28,"4,7","15,6",06:30,,,,,
2011-07-25,0009X,ALFORJA,TARRAGONA,406,"23,5","0,0","16,8",03:58,"30,2",14:34,26,"7,2","16,1",19:30,,,,,
2011-07-26,0009X,ALFORJA,TARRAGONA,406,"24,1","0,0","18,9",05:04,"29,3",11:20,28,"2,2","11,4",00:10,,,,,
2011-07-27,0009X,ALFORJA,TARRAGONA,406,"21,4","0,0","17,3",02:54,"25,6",14:14,30,"1,9","7,8",08:20,,,,,
2011-07-28,0009X,ALFORJA,TARRAGONA,406,"23,5","0,0","17,1",21:59,"29,9",13:39,15,"3,3","10,6",14:00,,,,,
2011-07-29,0009X,ALFORJA,TARRAGONA,406,"22,8","0,0","19,1",00:01,"26,6",13:12,10,"1,4","7,8",15:20,,,,,
2011-07-30,0009X,ALFORJA,TARRAGONA,406,"23,8","1,4","18,9",23:53,"28,6",12:15,12,"2,2","7,5",13:40,,,,,
2011-07-31,0009X,ALFORJA,TARRAGONA,406,"22,1","0,0","16,5",05:18,"27,7",13:31,16,"2,8","7,5",11:20,,,,,
2011-08-01,0009X,ALFORJA,TARRAGONA,406,"22,1","0,0","19,4",03:11,"24,8",Varias,12,"1,9","7,2",13:30,,,,,
2011-08-02,0009X,ALFORJA,TARRAGONA,406,"23,6","0,0","18,0",05:42,"29,1",11:24,12,"3,1","9,4",13:10,,,,,
2011-08-03,0009X,ALFORJA,TARRAGONA,406,"23,2","0,0","18,2",00:04,"28,3",11:17,10,"2,2","7,5",12:20,,,,,
2011-08-04,0009X,ALFORJA,TARRAGONA,406,"24,0","0,0","17,3",04:59,"30,6",11:33,04,"1,9","8,6",13:10,,,,,
2011-08-05,0009X,ALFORJA,TARRAGONA,406,"23,4","0,0","18,2",02:44,"28,5",12:58,12,"1,9","6,9",13:30,,,,,
2011-08-06,0009X,ALFORJA,TARRAGONA,406,"24,0","0,0","19,0",23:58,"29,1",11:55,10,"1,7","6,1",12:00,,,,,
2011-08-07,0009X,ALFORJA,TARRAGONA,406,"22,8","0,2","18,7",00:14,"26,9",13:52,27,"1,9","8,3",03:30,,,,,
2011-08-08,0009X,ALFORJA,TARRAGONA,406,"24,0","0,0","17,6",Varias,"30,3",14:29,29,"3,1","10,8",11:40,,,,,
2011-08-09,0009X,ALFORJA,TARRAGONA,406,"21,6","0,0","14,1",05:13,"29,2",15:20,28,"5,3","15,8",06:20,,,,,
2011-08-10,0009X,ALFORJA,TARRAGONA,406,"21,4","0,0","14,7",05:03,"28,2",11:49,28,"3,3","10,8",06:30,,,,,
2011-08-11,0009X,ALFORJA,TARRAGONA,406,"21,8","0,0","16,7",23:48,"26,8",10:42,18,"1,7","7,8",12:30,,,,,
2011-08-12,0009X,ALFORJA,TARRAGONA,406,"22,0","0,0","15,4",02:47,"28,6",11:47,04,"1,7","8,1",23:59,,,,,
2011-08-13,0009X,ALFORJA,TARRAGONA,406,"23,4","0,4","17,3",05:01,"29,5",11:17,09,"2,2","6,9",13:10,,,,,
2011-08-14,0009X,ALFORJA,TARRAGONA,406,"24,2","0,0","17,4",03:51,"31,1",11:46,10,"1,7","7,5",12:30,,,,,
2011-08-15,0009X,ALFORJA,TARRAGONA,406,"24,1","0,0","17,8",05:00,"30,4",11:39,12,"2,2","7,2",12:00,,,,,
2011-08-16,0009X,ALFORJA,TARRAGONA,406,"23,4","0,0","15,9",05:02,"30,9",11:38,99,"1,9","7,8",12:50,,,,,
2011-08-17,0009X,ALFORJA,TARRAGONA,406,"23,8","0,0","17,5",03:40,"30,2",13:30,08,"1,7","7,8",14:30,,,,,
2011-08-18,0009X,ALFORJA,TARRAGONA,406,"24,8","0,0","18,1",23:54,"31,4",12:31,11,"1,9","8,6",11:30,,,,,
2011-08-19,0009X,ALFORJA,TARRAGONA,406,"24,2","0,0","15,5",05:04,"32,9",13:46,11,"1,7","6,9",13:00,,,,,
2011-08-20,0009X,ALFORJA,TARRAGONA,406,"25,6","0,0","16,9",04:39,"34,2",12:26,10,"1,7","6,1",12:30,,,,,
2011-08-21,0009X,ALFORJA,TARRAGONA,406,"25,9","0,0","17,9",01:43,"33,9",12:01,10,"1,4","7,2",11:10,,,,,
2011-08-22,0009X,ALFORJA,TARRAGONA,406,"25,2","0,0","17,3",05:16,"33,0",11:59,12,"2,2","8,6",13:30,,,,,
2011-08-23,0009X,ALFORJA,TARRAGONA,406,"24,8","0,0","16,9",05:20,"32,8",11:06,14,"1,7","7,5",11:10,,,,,
2011-08-24,0009X,ALFORJA,TARRAGONA,406,"25,0","0,0","20,1",04:58,"30,0",14:04,14,"1,9","6,4",14:10,,,,,
2011-08-25,0009X,ALFORJA,TARRAGONA,406,"25,8","0,0","21,8",03:00,"29,9",11:54,13,"1,7","7,5",13:50,,,,,
2011-08-26,0009X,ALFORJA,TARRAGONA,406,"25,4","0,0","18,2",04:43,"32,5",12:25,29,"5,3","15,3",17:40,,,,,
2011-08-27,0009X,ALFORJA,TARRAGONA,406,"21,2","0,0","14,6",05:28,"27,9",15:31,28,"4,2","12,5",08:00,,,,,
2011-08-28,0009X,ALFORJA,TARRAGONA,406,"21,0","0,0","14,6",02:15,"27,4",14:41,12,"1,7","8,3",13:10,,,,,
2011-08-29,0009X,ALFORJA,TARRAGONA,406,"23,4","0,0","17,9",23:54,"28,8",13:48,13,"2,2","7,5",Varias,,,,,
2011-08-30,0009X,ALFORJA,TARRAGONA,406,"23,4","0,0","17,3",02:57,"29,5",12:40,12,"1,7","7,2",12:50,,,,,
2011-08-31,0009X,ALFORJA,TARRAGONA,406,"24,2","0,0","20,4",05:54,"28,1",13:42,13,"1,9","6,7",14:00,,,,,
2011-09-01,0009X,ALFORJA,TARRAGONA,406,"23,6","0,0","18,9",22:05,"28,3",12:26,10,"1,9","7,5",12:00,,,,,
2011-09-02,0009X,ALFORJA,TARRAGONA,406,"23,2","0,4","17,4",01:37,"29,1",12:39,11,"1,9","7,2",14:20,,,,,
2011-09-03,0009X,ALFORJA,TARRAGONA,406,"21,0","0,0","15,8",23:35,"26,3",11:25,14,"1,9","6,9",12:40,,,,,
2011-09-04,0009X,ALFORJA,TARRAGONA,406,"22,8","0,0","14,5",01:54,"31,0",13:39,31,"2,5","9,7",10:50,,,,,
2011-09-05,0009X,ALFORJA,TARRAGONA,406,"22,8","0,0","17,5",06:02,"28,2",12:32,27,"3,1","11,4",08:20,,,,,
2011-09-06,0009X,ALFORJA,TARRAGONA,406,"23,0","0,0","16,3",03:39,"29,7",13:24,30,"3,1","10,8",11:10,,,,,
2011-09-07,0009X,ALFORJA,TARRAGONA,406,"23,8","0,0","14,5",05:05,"33,1",15:00,26,"1,9","9,4",14:10,,,,,
2011-09-08,0009X,ALFORJA,TARRAGONA,406,"24,7","0,0","16,4",02:52,"33,0",13:17,29,"3,3","9,7",13:10,,,,,
2011-09-09,0009X,ALFORJA,TARRAGONA,406,"23,8","0,0","17,4",02:43,"30,2",13:08,10,"1,4","6,4",11:10,,,,,
2011-09-10,0009X,ALFORJA,TARRAGONA,406,"23,3","0,0","17,3",02:30,"29,3",13:03,13,"1,7","7,2",12:40,,,,,
2011-09-11,0009X,ALFORJA,TARRAGONA,406,"23,0","0,0","16,4",05:34,"29,5",12:57,27,"1,4","7,2",21:40,,,,,
2011-09-12,0009X,ALFORJA,TARRAGONA,406,"24,6","0,0","18,6",01:53,"30,5",11:38,30,"1,9","9,2",09:00,,,,,
2011-09-13,0009X,ALFORJA,TARRAGONA,406,"22,8","0,0","16,0",05:32,"29,5",12:09,13,"1,4","7,2",12:20,,,,,
2011-09-14,0009X,ALFORJA,TARRAGONA,406,"23,5","0,0","17,4",Varias,"29,6",11:12,12,"2,8","8,6",10:40,,,,,
2011-09-15,0009X,ALFORJA,TARRAGONA,406,"22,8","0,0","16,3",04:52,"29,2",11:01,15,"1,7","6,9",13:00,,,,,
2011-09-16,0009X,ALFORJA,TARRAGONA,406,"22,1","0,0","15,1",04:02,"29,1",12:29,16,"1,7","7,8",11:40,,,,,
2011-09-17,0009X,ALFORJA,TARRAGONA,406,"22,2","0,0","17,4",03:56,"27,0",14:58,14,"1,7","7,5",12:30,,,,,
2011-09-18,0009X,ALFORJA,TARRAGONA,406,"17,1","0,0","13,5",23:59,"20,7",00:28,28,"6,4","18,9",19:50,,,,,
2011-09-19,0009X,ALFORJA,TARRAGONA,406,"18,0","0,0","12,0",Varias,"24,0",15:04,28,"6,9","17,5",03:10,,,,,
2011-09-20,0009X,ALFORJA,TARRAGONA,406,"19,6","0,2","13,4",05:55,"25,8",12:42,28,"3,1","10,8",08:10,,,,,
2011-09-21,0009X,ALFORJA,TARRAGONA,406,"20,3","0,0","13,6",05:35,"27,0",12:10,99,"1,7","7,5",Varias,,,,,
2011-09-22,0009X,ALFORJA,TARRAGONA,406,"21,2","0,0","14,8",05:44,"27,6",12:22,12,"1,4","8,1",12:50,,,,,
2011-09-23,0009X,ALFORJA,TARRAGONA,406,"20,0","1,4","14,5",02:44,"25,6",10:57,09,"1,7","7,5",14:20,,,,,
2011-09-24,0009X,ALFORJA,TARRAGONA,406,"18,5","0,2","14,1",Varias,"22,9",13:11,13,"1,4","6,9",04:50,,,,,
2011-09-25,0009X,ALFORJA,TARRAGONA,406,"18,8","0,0","12,1",04:56,"25,6",13:01,13,"1,1","6,4",11:50,,,,,
2011-09-26,0009X,ALFORJA,TARRAGONA,406,"19,4","0,0","12,0",06:01,"26,8",12:16,12,"1,1","6,7",12:00,,,,,
2011-09-27,0009X,ALFORJA,TARRAGONA,406,"21,6","0,0","14,5",00:01,"28,6",11:21,13,"1,4","7,5",12:20,,,,,
2011-09-28,0009X,ALFORJA,TARRAGONA,406,"20,4","0,0","13,3",Varias,"27,5",11:12,12,"1,9","6,7",11:40,,,,,
2011-09-29,0009X,ALFORJA,TARRAGONA,406,"19,5","0,0","11,8",06:07,"27,2",12:51,12,"1,7","7,2",12:20,,,,,
2011-09-30,0009X,ALFORJA,TARRAGONA,406,"18,8","0,0","11,5",05:44,"26,1",12:17,12,"1,4","7,5",13:40,,,,,
2011-10-01,0009X,ALFORJA,TARRAGONA,406,"19,1","0,0","13,1",05:22,"25,1",11:36,12,"1,4","6,7",15:30,,,,,
2011-10-02,0009X,ALFORJA,TARRAGONA,406,"19,4","0,0","12,2",03:58,"26,5",13:54,19,"1,7","6,9",11:40,,,,,
2011-10-03,0009X,ALFORJA,TARRAGONA,406,"21,3","0,0","12,4",00:12,"30,2",13:37,10,"2,5","7,8",13:50,,,,,
2011-10-04,0009X,ALFORJA,TARRAGONA,406,"21,9","0,0","14,0",23:47,"29,8",14:01,29,"3,6","8,9",09:20,,,,,
2011-10-05,0009X,ALFORJA,TARRAGONA,406,"21,6","0,0","13,3",00:56,"29,9",14:25,27,"3,3","10,3",08:20,,,,,
2011-10-06,0009X,ALFORJA,TARRAGONA,406,"20,6","0,0","12,5",01:07,"28,8",14:17,27,"2,8","11,7",22:50,,,,,
2011-10-07,0009X,ALFORJA,TARRAGONA,406,"17,2","0,0","12,2",23:55,"22,3",13:22,28,"6,9","15,8",07:40,,,,,
2011-10-08,0009X,ALFORJA,TARRAGONA,406,"16,2","0,0","10,7",05:54,"21,7",13:33,28,"6,7","18,1",20:30,,,,,
2011-10-09,0009X,ALFORJA,TARRAGONA,406,"17,4","0,0","11,2",06:10,"23,5",15:27,29,"5,8","16,9",07:10,,,,,
2011-10-10,0009X,ALFORJA,TARRAGONA,406,"22,0","0,0","15,0",06:02,"29,0",15:04,26,"3,9","10,8",07:50,,,,,
2011-10-11,0009X,ALFORJA,TARRAGONA,406,"23,4","0,0","16,2",20:35,"30,5",13:42,27,"2,8","8,3",13:10,,,,,
2011-10-12,0009X,ALFORJA,TARRAGONA,406,"24,3","0,0","17,0",20:10,"31,6",14:46,28,"3,9","10,6",07:20,,,,,
2011-10-13,0009X,ALFORJA,TARRAGONA,406,"22,6","0,8","16,9",06:35,"28,4",15:23,24,"3,1","10,8",06:00,,,,,
2011-10-14,0009X,ALFORJA,TARRAGONA,406,"20,4","0,0","16,4",23:54,"24,3",12:49,09,"1,4","7,2",13:30,,,,,
2011-10-15,0009X,ALFORJA,TARRAGONA,406,"18,0","0,0","15,3",Varias,"20,6",13:13,10,"1,7","6,1",10:30,,,,,
2011-10-16,0009X,ALFORJA,TARRAGONA,406,"17,0","0,0","11,7",06:15,"22,4",13:15,99,"1,4","6,1",Varias,,,,,
2011-10-17,0009X,ALFORJA,TARRAGONA,406,"16,9","0,0","11,1",24:00,"22,7",12:03,12,"2,2","5,6",12:00,,,,,
2011-10-18,0009X,ALFORJA,TARRAGONA,406,"16,0","0,0","9,6",04:02,"22,5",14:11,11,"1,7","5,8",14:20,,,,,
2011-10-19,0009X,ALFORJA,TARRAGONA,406,"16,0","0,0","9,8",05:53,"22,3",11:40,28,"2,2","12,2",23:50,,,,,
2011-10-20,0009X,ALFORJA,TARRAGONA,406,"13,6","0,0","9,4",06:29,"17,8",14:53,28,"3,9","10,0",10:50,,,,,
2011-10-21,0009X,ALFORJA,TARRAGONA,406,"12,8","0,0","8,1",02:58,"17,4",13:05,25,"2,5","8,9",05:40,,,,,
2011-10-22,0009X,ALFORJA,TARRAGONA,406,"16,0","0,0","10,9",22:46,"21,0",13:46,10,"1,7","6,1",13:20,,,,,
2011-10-23,0009X,ALFORJA,TARRAGONA,406,"14,1","5,8","10,0",03:56,"18,2",10:05,12,"1,1","5,8",10:50,,,,,
2011-10-24,0009X,ALFORJA,TARRAGONA,406,"15,0","6,6","12,3",05:01,"17,8",13:42,28,"1,1","6,4",23:50,,,,,
2011-10-25,0009X,ALFORJA,TARRAGONA,406,"14,2","0,0","10,9",23:48,"17,4",14:17,28,"4,4","13,9",12:00,,,,,
2011-10-26,0009X,ALFORJA,TARRAGONA,406,"14,0","0,6","8,1",05:35,"19,8",12:05,31,"1,7","7,5",02:10,,,,,
2011-10-27,0009X,ALFORJA,TARRAGONA,406,"15,0","17,6","13,5",18:51,"16,4",05:07,10,"1,4","8,3",05:50,,,,,
2011-10-28,0009X,ALFORJA,TARRAGONA,406,"13,7","4,0","12,7",13:05,"14,7",03:09,30,"2,8","9,4",11:20,,,,,
2011-10-29,0009X,ALFORJA,TARRAGONA,406,"14,0","0,0","12,4",06:16,"15,5",12:38,24,"3,3","8,9",15:30,,,,,
2011-10-30,0009X,ALFORJA,TARRAGONA,406,"17,0","0,0","12,7",20:40,"21,3",14:54,36,"2,2","10,0",15:00,,,,,
2011-10-31,0009X,ALFORJA,TARRAGONA,406,"15,7","0,0","12,0",06:35,"19,4",13:38,14,"1,1","5,6",11:00,,,,,
2011-11-01,0009X,ALFORJA,TARRAGONA,406,"17,2","0,6","13,5",06:18,"21,0",12:55,13,"1,1","4,7",12:30,,,,,
2011-11-02,0009X,ALFORJA,TARRAGONA,406,"16,6","24,0","15,1",Varias,"18,2",12:57,12,"1,9","9,4",20:40,,,,,
2011-11-03,0009X,ALFORJA,TARRAGONA,406,"14,2","6,4","10,3",23:55,"18,0",15:02,29,"1,9","11,1",15:20,,,,,
2011-11-04,0009X,ALFORJA,TARRAGONA,406,"12,4","36,2","10,2",00:01,"14,7",09:32,17,"1,7","6,4",22:50,,,,,
2011-11-05,0009X,ALFORJA,TARRAGONA,406,"11,0","1,4","9,5",04:02,"12,6",13:33,30,"4,7","12,2",23:30,,,,,
2011-11-06,0009X,ALFORJA,TARRAGONA,406,"12,4","9,6","10,0",Varias,"14,9",14:09,28,"6,7","17,5",02:50,,,,,
2011-11-07,0009X,ALFORJA,TARRAGONA,406,"13,8","0,0","10,5",06:25,"17,1",13:37,27,"4,2","12,2",22:50,,,,,
2011-11-08,0009X,ALFORJA,TARRAGONA,406,"13,6","0,0","9,5",22:25,"17,7",13:56,27,"3,3","11,4",05:10,,,,,
2011-11-09,0009X,ALFORJA,TARRAGONA,406,"14,3","0,0","8,8",21:17,"19,8",12:52,30,"2,2","7,5",07:30,,,,,
2011-11-10,0009X,ALFORJA,TARRAGONA,406,"14,4","0,0","8,9",00:03,"19,9",12:04,11,"1,1","4,7",12:10,,,,,
2011-11-11,0009X,ALFORJA,TARRAGONA,406,"14,5","0,0","8,6",06:44,"20,4",13:00,10,"1,4","4,7",12:20,,,,,
2011-11-12,0009X,ALFORJA,TARRAGONA,406,"15,7","0,0","13,3",22:40,"18,1",14:21,12,"1,4","4,7",12:50,,,,,
2011-11-13,0009X,ALFORJA,TARRAGONA,406,"16,0","0,8","13,3",23:34,"18,8",10:55,08,"2,2","7,5",18:20,,,,,
2011-11-14,0009X,ALFORJA,TARRAGONA,406,"14,0","52,6","12,4",05:44,"15,7",12:37,05,"1,9","7,2",08:50,,,,,
2011-11-15,0009X,ALFORJA,TARRAGONA,406,"12,3","38,4","11,3",Varias,"13,3",00:01,32,"3,3","12,5",23:20,,,,,
2011-11-16,0009X,ALFORJA,TARRAGONA,406,"14,0","0,0","10,8",22:05,"17,1",14:04,29,"3,9","12,8",00:10,,,,,
2011-11-17,0009X,ALFORJA,TARRAGONA,406,"12,2","0,0","8,9",23:15,"15,4",10:50,13,"0,8","4,7",13:20,,,,,
2011-11-18,0009X,ALFORJA,TARRAGONA,406,"10,7","0,0","7,4",04:17,"14,0",11:24,08,"1,7","3,9",11:10,,,,,
2011-11-19,0009X,ALFORJA,TARRAGONA,406,"10,7","3,0","7,0",05:57,"14,4",11:57,11,"1,1","6,9",21:50,,,,,
2011-11-20,0009X,ALFORJA,TARRAGONA,406,"14,0","0,2","11,9",02:17,"16,2",10:49,11,"2,2","10,6",13:00,,,,,
2011-11-21,0009X,ALFORJA,TARRAGONA,406,"13,4","3,2","10,2",04:03,"16,7",13:03,12,"1,9","7,8",08:10,,,,,
2011-11-22,0009X,ALFORJA,TARRAGONA,406,"13,4","0,2","11,5",03:59,"15,3",23:56,32,"5,0","11,1",07:10,,,,,
2011-11-23,0009X,ALFORJA,TARRAGONA,406,"13,4","0,0","10,6",07:35,"16,3",14:45,28,"5,6","13,6",07:30,,,,,
2011-11-24,0009X,ALFORJA,TARRAGONA,406,"11,8","0,0","6,9",23:55,"16,8",13:11,26,"2,8","8,9",07:20,,,,,
2011-11-25,0009X,ALFORJA,TARRAGONA,406,"11,6","0,0","6,7",00:05,"16,4",11:40,32,"4,2","10,6",21:00,,,,,
2011-11-26,0009X,ALFORJA,TARRAGONA,406,"9,6","0,0","5,6",21:37,"13,7",13:07,27,"4,7","14,2",07:30,,,,,
2011-11-27,0009X,ALFORJA,TARRAGONA,406,"10,1","0,0","4,0",06:36,"16,2",11:48,22,"1,7","6,7",23:30,,,,,
2011-11-28,0009X,ALFORJA,TARRAGONA,406,"8,0","0,0","4,9",05:58,"11,2",11:52,24,"3,3","9,7",03:40,,,,,
2011-11-29,0009X,ALFORJA,TARRAGONA,406,"11,8","0,0","6,4",05:57,"17,3",13:34,24,"3,3","6,1",05:30,,,,,
2011-11-30,0009X,ALFORJA,TARRAGONA,406,"10,4","0,0","4,2",03:49,"16,5",12:27,22,"3,1","10,3",01:50,,,,,
2011-12-01,0009X,ALFORJA,TARRAGONA,406,"10,7","0,0","5,3",01:04,"16,1",12:18,28,"1,1","6,4",03:20,,,,,
2011-12-02,0009X,ALFORJA,TARRAGONA,406,"10,4","0,2","6,7",Varias,"14,0",09:46,28,"4,4","12,2",21:30,,,,,
2011-12-03,0009X,ALFORJA,TARRAGONA,406,"9,1","0,0","6,5",07:06,"11,7",14:13,30,"5,3","13,9",21:10,,,,,
2011-12-04,0009X,ALFORJA,TARRAGONA,406,"10,8","0,0","8,3",07:58,"13,4",13:29,28,"5,6","15,0",23:50,,,,,
2011-12-05,0009X,ALFORJA,TARRAGONA,406,"12,1","0,0","8,2",00:30,"16,0",13:54,28,"8,1","18,6",07:10,,,,,
2011-12-06,0009X,ALFORJA,TARRAGONA,406,"12,5","0,0","9,6",01:12,"15,4",12:59,28,"5,8","17,8",11:30,,,,,
2011-12-07,0009X,ALFORJA,TARRAGONA,406,"11,6","0,0","8,3",06:42,"15,0",13:48,26,"6,4","16,9",02:00,,,,,
2011-12-08,0009X,ALFORJA,TARRAGONA,406,"10,8","0,0","6,3",22:13,"15,4",13:58,99,"3,3","12,5",Varias,,,,,
2011-12-09,0009X,ALFORJA,TARRAGONA,406,"9,2","0,0","4,0",06:56,"14,3",11:26,99,"0,6","3,9",Varias,,,,,
2011-12-10,0009X,ALFORJA,TARRAGONA,406,"8,4","0,0","5,1",04:43,"11,6",14:39,28,"3,3","10,3",09:20,,,,,
2011-12-11,0009X,ALFORJA,TARRAGONA,406,"6,6","0,0","2,8",05:55,"10,3",12:03,28,"3,9","12,8",23:50,,,,,
2011-12-12,0009X,ALFORJA,TARRAGONA,406,"10,0","0,0","7,1",00:57,"13,0",15:03,28,"5,3","15,0",03:50,,,,,
2011-12-13,0009X,ALFORJA,TARRAGONA,406,"10,8","0,0","8,6",Varias,"13,1",11:51,28,"4,7","17,5",10:50,,,,,
2011-12-14,0009X,ALFORJA,TARRAGONA,406,"13,2","0,0","10,3",24:00,"16,1",13:48,23,"4,2","11,9",13:40,,,,,
2011-12-15,0009X,ALFORJA,TARRAGONA,406,"10,6","0,0","7,9",07:34,"13,3",13:50,27,"6,7","16,4",12:30,,,,,
2011-12-16,0009X,ALFORJA,TARRAGONA,406,"12,0","0,0","7,6",02:31,"16,3",15:22,30,"7,8","26,9",20:00,,,,,
2011-12-17,0009X,ALFORJA,TARRAGONA,406,"7,8","0,0","5,1",23:09,"10,4",11:48,28,"6,4","19,2",10:50,,,,,
2011-12-18,0009X,ALFORJA,TARRAGONA,406,"6,4","0,0","3,0",24:00,"9,9",13:27,28,"4,7","11,9",01:10,,,,,
2011-12-19,0009X,ALFORJA,TARRAGONA,406,"5,6","0,0","2,1",01:19,"9,1",Varias,29,"6,7","18,9",22:40,,,,,
2011-12-20,0009X,ALFORJA,TARRAGONA,406,"8,4","0,0","4,5",04:42,"12,3",13:59,99,"6,7","15,0",Varias,,,,,
2011-12-21,0009X,ALFORJA,TARRAGONA,406,"12,6","0,0","9,8",02:54,"15,5",13:21,29,"7,8","18,3",23:30,,,,,
2011-12-22,0009X,ALFORJA,TARRAGONA,406,"11,5","0,0","8,0",23:59,"15,0",13:28,28,"8,6","18,6",04:40,,,,,
2011-12-23,0009X,ALFORJA,TARRAGONA,406,"10,6","0,0","7,1",05:58,"14,1",12:41,27,"5,0","18,9",23:20,,,,,
2011-12-24,0009X,ALFORJA,TARRAGONA,406,"8,3","0,0","5,1",23:39,"11,5",13:38,28,"6,1","17,2",00:10,,,,,
2011-12-25,0009X,ALFORJA,TARRAGONA,406,"6,9","0,0","2,9",21:18,"10,9",13:55,28,"4,7","14,7",01:50,,,,,
2011-12-26,0009X,ALFORJA,TARRAGONA,406,"6,9","0,0","1,0",07:19,"12,8",13:11,24,"0,6","5,0",17:30,,,,,
2011-12-27,0009X,ALFORJA,TARRAGONA,406,"8,4","0,0","2,0",00:56,"14,9",13:21,09,"2,2","8,3",13:30,,,,,
2011-12-28,0009X,ALFORJA,TARRAGONA,406,"8,4","0,0","4,2",00:01,"12,5",12:55,29,"4,2","11,9",23:59,,,,,
2011-12-29,0009X,ALFORJA,TARRAGONA,406,"8,2","0,0","4,7",23:45,"11,6",15:02,29,"5,8","15,0",07:40,,,,,
2011-12-30,0009X,ALFORJA,TARRAGONA,406,"7,8","0,0","4,0",01:12,"11,7",14:21,30,"8,9","19,2",03:00,,,,,
2011-12-31,0009X,ALFORJA,TARRAGONA,406,"10,9","0,0","6,9",Varias,"14,9",13:03,29,"8,6","17,5",00:20,,,,,
2012-01-01,0009X,ALFORJA,TARRAGONA,406,"11,8","0,0","8,1",20:07,"15,4",13:25,28,"4,4","14,7",02:10,,,,,
2012-01-02,0009X,ALFORJA,TARRAGONA,406,"11,0","0,0","8,2",24:00,"13,7",13:49,25,"6,7","20,0",13:00,,,,,
2012-01-03,0009X,ALFORJA,TARRAGONA,406,"10,2","0,0","6,6",05:54,"13,9",14:40,28,"5,8","15,8",08:10,,,,,
2012-01-04,0009X,ALFORJA,TARRAGONA,406,"11,2","0,0","7,1",06:47,"15,4",14:09,28,"7,2","17,5",09:40,,,,,
2012-01-05,0009X,ALFORJA,TARRAGONA,406,"11,6","0,0","7,1",03:59,"16,1",15:01,31,"6,7","19,7",22:50,,,,,
2012-01-06,0009X,ALFORJA,TARRAGONA,406,"11,2","0,0","6,9",23:36,"15,5",Varias,29,"6,1","17,8",02:00,,,,,
2012-01-07,0009X,ALFORJA,TARRAGONA,406,"9,4","0,0","5,8",05:03,"13,0",14:12,29,"7,8","18,1",07:30,,,,,
2012-01-08,0009X,ALFORJA,TARRAGONA,406,"9,6","0,0","6,9",07:00,"12,4",14:32,28,"6,9","16,7",20:00,,,,,
2012-01-09,0009X,ALFORJA,TARRAGONA,406,"8,0","0,0","3,3",22:43,"12,6",13:53,28,"4,7","13,9",02:50,,,,,
2012-01-10,0009X,ALFORJA,TARRAGONA,406,"8,0","0,0","2,6",02:33,"13,5",12:35,99,"2,5","6,4",Varias,,,,,
2012-01-11,0009X,ALFORJA,TARRAGONA,406,"7,4","0,0","1,5",05:01,"13,2",12:29,24,"1,1","5,3",01:40,,,,,
2012-01-12,0009X,ALFORJA,TARRAGONA,406,"7,2","0,0","1,4",23:45,"13,0",13:14,26,"2,5","7,2",21:20,,,,,
2012-01-13,0009X,ALFORJA,TARRAGONA,406,"2,2","0,0","-0,5",22:32,"4,8",11:21,25,"6,7","15,0",13:20,,,,,
2012-01-14,0009X,ALFORJA,TARRAGONA,406,"4,7","0,0","-0,3",00:31,"9,7",14:47,30,"3,3","12,2",00:10,,,,,
2012-01-15,0009X,ALFORJA,TARRAGONA,406,"5,8","0,0","1,2",23:01,"10,4",13:17,28,"2,2","10,6",03:10,,,,,
2012-01-16,0009X,ALFORJA,TARRAGONA,406,"6,8","0,0","3,5",00:01,"10,0",11:54,11,"2,2","9,2",11:40,,,,,
2012-01-17,0009X,ALFORJA,TARRAGONA,406,"8,2","0,0","4,8",20:33,"11,5",12:15,06,"1,9","9,4",01:20,,,,,
2012-01-18,0009X,ALFORJA,TARRAGONA,406,"8,0","0,0","4,5",07:38,"11,5",13:40,28,"3,3","9,4",04:20,,,,,
2012-01-19,0009X,ALFORJA,TARRAGONA,406,"8,8","0,0","5,4",01:50,"12,3",12:55,28,"6,1","14,7",22:30,,,,,
2012-01-20,0009X,ALFORJA,TARRAGONA,406,"12,0","0,0","8,7",Varias,"15,2",15:15,28,"7,2","15,8",00:40,,,,,
2012-01-21,0009X,ALFORJA,TARRAGONA,406,"10,8","0,0","6,9",06:58,"14,7",14:32,29,"6,4","16,1",23:30,,,,,
2012-01-22,0009X,ALFORJA,TARRAGONA,406,"11,4","0,0","7,9",07:03,"14,8",15:25,31,"8,1","16,7",03:30,,,,,
2012-01-23,0009X,ALFORJA,TARRAGONA,406,"10,8","0,0","7,2",Varias,"14,5",14:04,28,"7,2","14,2",09:10,,,,,
2012-01-24,0009X,ALFORJA,TARRAGONA,406,"9,8","0,0","6,0",23:40,"13,7",14:14,28,"5,6","15,0",03:40,,,,,
2012-01-25,0009X,ALFORJA,TARRAGONA,406,"9,5","0,0","4,0",22:24,"15,0",14:54,30,"3,3","11,1",02:00,,,,,
2012-01-26,0009X,ALFORJA,TARRAGONA,406,"7,5","0,2","1,7",06:40,"13,3",14:43,26,"1,7","6,1",01:00,,,,,
2012-01-27,0009X,ALFORJA,TARRAGONA,406,"5,8","2,6","3,2",01:30,"8,4",12:50,30,"1,1","8,6",21:50,,,,,
2012-01-28,0009X,ALFORJA,TARRAGONA,406,"6,8","0,2","4,1",23:56,"9,6",Varias,29,"6,1","13,9",23:59,,,,,
2012-01-29,0009X,ALFORJA,TARRAGONA,406,"6,2","0,0","2,2",05:55,"10,2",15:22,26,"3,6","14,7",00:50,,,,,
2012-01-30,0009X,ALFORJA,TARRAGONA,406,"4,3","0,0","-0,3",07:10,"8,9",14:21,31,"7,2","15,8",05:20,,,,,
2012-01-31,0009X,ALFORJA,TARRAGONA,406,"7,3","0,0","3,5",24:00,"11,1",14:05,30,"6,1","16,7",14:40,,,,,
2012-02-01,0009X,ALFORJA,TARRAGONA,406,"5,3","1,4","1,7",01:21,"8,9",14:14,28,"4,4","11,1",Varias,,,,,
2012-02-02,0009X,ALFORJA,TARRAGONA,406,"-0,6","0,0","-3,5",Varias,"2,3",00:01,28,"5,8","13,1",12:10,,,,,
2012-02-03,0009X,ALFORJA,TARRAGONA,406,"-0,4","0,0","-5,9",06:44,"5,1",15:57,28,"8,3","17,8",07:00,,,,,
2012-02-04,0009X,ALFORJA,TARRAGONA,406,"0,6","0,0","-3,5",05:59,"4,8",14:08,24,"7,5","20,6",16:10,,,,,
2012-02-05,0009X,ALFORJA,TARRAGONA,406,"0,6","1,0","-2,7",01:24,"3,9",11:25,26,"3,1","10,6",Varias,,,,,
2012-02-06,0009X,ALFORJA,TARRAGONA,406,"5,0","0,0","-1,7",00:27,"11,6",15:25,28,"5,0","13,9",15:30,,,,,
2012-02-07,0009X,ALFORJA,TARRAGONA,406,"4,2","0,0","-1,0",23:59,"9,4",14:33,27,"6,4","22,2",08:40,,,,,
2012-02-08,0009X,ALFORJA,TARRAGONA,406,"0,4","0,0","-3,6",06:41,"4,4",17:05,30,"7,2","17,2",05:20,,,,,
2012-02-09,0009X,ALFORJA,TARRAGONA,406,"1,4","0,0","-3,6",06:06,"6,3",14:53,30,"9,4","18,6",19:30,,,,,
2012-02-10,0009X,ALFORJA,TARRAGONA,406,"3,8","0,0","-0,9",06:27,"8,5",15:14,29,"6,9","17,2",08:10,,,,,
2012-02-11,0009X,ALFORJA,TARRAGONA,406,"1,2","0,0","-4,1",05:46,"6,4",14:38,30,"6,7","14,7",07:30,,,,,
2012-02-12,0009X,ALFORJA,TARRAGONA,406,"1,2","0,0","-4,4",06:43,"6,7",15:24,28,"5,3","15,6",08:20,,,,,
2012-02-13,0009X,ALFORJA,TARRAGONA,406,"2,8","0,0","-2,8",01:15,"8,3",14:56,30,"6,4","13,1",Varias,,,,,
2012-02-14,0009X,ALFORJA,TARRAGONA,406,"5,8","0,0","0,8",19:57,"10,9",14:17,29,"2,5","13,6",02:00,,,,,
2012-02-15,0009X,ALFORJA,TARRAGONA,406,"6,4","0,0","0,6",06:49,"12,1",16:05,26,"6,9","16,1",15:30,,,,,
2012-02-16,0009X,ALFORJA,TARRAGONA,406,"8,6","0,0","3,1",Varias,"14,1",15:26,29,"6,4","14,2",22:10,,,,,
2012-02-17,0009X,ALFORJA,TARRAGONA,406,"7,6","0,0","2,2",23:07,"13,1",14:26,30,"3,3","11,7",01:40,,,,,
2012-02-18,0009X,ALFORJA,TARRAGONA,406,"8,6","0,0","3,0",07:04,"14,1",15:17,27,"1,9","8,9",11:20,,,,,
2012-02-19,0009X,ALFORJA,TARRAGONA,406,"8,2","0,0","3,3",20:01,"13,1",14:27,27,"3,6","14,2",22:30,,,,,
2012-02-20,0009X,ALFORJA,TARRAGONA,406,"6,8","0,0","1,9",Varias,"11,7",15:25,28,"6,4","15,0",11:50,,,,,
2012-02-21,0009X,ALFORJA,TARRAGONA,406,"6,4","0,0","0,8",05:49,"11,9",14:42,29,"3,6","10,8",08:50,,,,,
2012-02-22,0009X,ALFORJA,TARRAGONA,406,"9,0","0,0","3,5",07:13,"14,5",14:32,27,"5,0","12,2",10:40,,,,,
2012-02-23,0009X,ALFORJA,TARRAGONA,406,"11,4","0,0","5,0",Varias,"17,9",15:28,32,"5,8","14,2",04:30,,,,,
2012-02-24,0009X,ALFORJA,TARRAGONA,406,"12,8","0,0","5,3",23:41,"20,2",13:54,28,"3,3","11,4",00:20,,,,,
2012-02-25,0009X,ALFORJA,TARRAGONA,406,"11,8","0,0","4,6",02:47,"19,1",14:51,28,"2,2","10,6",23:40,,,,,
2012-02-26,0009X,ALFORJA,TARRAGONA,406,"14,6","0,0","9,1",06:41,"20,2",15:37,26,"7,2","17,2",11:30,,,,,
2012-02-27,0009X,ALFORJA,TARRAGONA,406,"11,4","0,0","5,3",23:49,"17,6",13:52,28,"3,6","12,8",01:30,,,,,
2012-02-28,0009X,ALFORJA,TARRAGONA,406,"9,8","0,0","3,6",06:26,"15,9",13:06,99,"1,9","5,3",Varias,,,,,
2012-02-29,0009X,ALFORJA,TARRAGONA,406,"10,9","0,0","3,7",01:02,"18,1",13:52,10,"1,1","5,8",15:30,,,,,
2012-03-01,0009X,ALFORJA,TARRAGONA,406,"11,4","0,0","4,6",21:44,"18,2",12:58,11,"1,7","5,6",12:00,,,,,
2012-03-02,0009X,ALFORJA,TARRAGONA,406,"9,2","0,0","3,8",01:18,"14,5",14:26,99,"2,2","5,3",10:40,,,,,
2012-03-03,0009X,ALFORJA,TARRAGONA,406,"11,8","0,0","4,8",05:04,"18,7",15:04,28,"2,8","9,7",08:50,,,,,
2012-03-04,0009X,ALFORJA,TARRAGONA,406,"12,6","0,2","8,7",24:00,"16,4",11:22,30,"5,0","16,1",23:10,,,,,
2012-03-05,0009X,ALFORJA,TARRAGONA,406,"8,8","0,0","4,2",06:39,"13,3",14:25,27,"7,2","16,1",11:50,,,,,
2012-03-06,0009X,ALFORJA,TARRAGONA,406,"7,7","0,0","1,6",06:30,"13,8",14:17,23,"5,0","11,1",09:40,,,,,
2012-03-07,0009X,ALFORJA,TARRAGONA,406,"8,4","0,0","2,3",06:19,"14,6",14:36,30,"4,2","12,5",08:40,,,,,
2012-03-08,0009X,ALFORJA,TARRAGONA,406,"11,5","0,0","5,4",23:57,"17,6",14:07,30,"3,1","12,8",01:00,,,,,
2012-03-09,0009X,ALFORJA,TARRAGONA,406,"8,3","0,0","2,6",22:07,"14,0",12:09,29,"3,6","13,6",00:30,,,,,
2012-03-10,0009X,ALFORJA,TARRAGONA,406,"8,9","0,0","2,2",02:21,"15,6",14:38,27,"3,9","12,5",11:00,,,,,
2012-03-11,0009X,ALFORJA,TARRAGONA,406,"11,7","0,0","5,1",05:16,"18,3",15:25,28,"5,0","15,0",07:30,,,,,
2012-03-12,0009X,ALFORJA,TARRAGONA,406,"13,6","0,0","7,3",Varias,"19,9",14:39,26,"3,6","11,7",07:00,,,,,
2012-03-13,0009X,ALFORJA,TARRAGONA,406,"14,3","0,0","7,3",00:18,"21,3",13:16,25,"2,5","10,0",07:30,,,,,
2012-03-14,0009X,ALFORJA,TARRAGONA,406,"14,2","0,0","7,0",06:02,"21,5",12:19,12,"1,4","6,4",11:30,,,,,
2012-03-15,0009X,ALFORJA,TARRAGONA,406,"12,4","0,0","5,5",06:04,"19,3",13:19,09,"1,9","6,1",15:00,,,,,
2012-03-16,0009X,ALFORJA,TARRAGONA,406,"11,1","0,0","3,9",02:52,"18,3",12:17,11,"1,9","8,3",15:30,,,,,
2012-03-17,0009X,ALFORJA,TARRAGONA,406,"12,2","0,0","4,7",06:14,"19,8",11:45,11,"1,7","6,7",14:50,,,,,
2012-03-18,0009X,ALFORJA,TARRAGONA,406,"11,8","0,0","7,2",00:01,"16,4",13:48,25,"5,8","15,8",13:30,,,,,
2012-03-19,0009X,ALFORJA,TARRAGONA,406,"9,9","0,2","4,7",06:14,"15,1",13:17,29,"4,4","15,0",07:30,,,,,
2012-03-20,0009X,ALFORJA,TARRAGONA,406,"9,4","9,0","4,0",02:37,"14,8",12:25,10,"2,5","10,3",23:50,,,,,
2012-03-21,0009X,ALFORJA,TARRAGONA,406,"9,0","98,4","7,2",00:01,"10,8",11:21,20,"2,5","15,0",11:40,,,,,
2012-03-22,0009X,ALFORJA,TARRAGONA,406,"9,1","0,0","4,7",23:51,"13,5",15:47,27,"2,8","8,6",11:30,,,,,
2012-03-23,0009X,ALFORJA,TARRAGONA,406,"9,9","0,0","3,8",02:51,"16,0",12:38,10,"1,4","7,5",13:50,,,,,
2012-03-24,0009X,ALFORJA,TARRAGONA,406,"11,8","0,0","5,6",01:25,"17,9",Varias,12,"1,4","6,1",11:30,,,,,
2012-03-25,0009X,ALFORJA,TARRAGONA,406,"14,0","0,0","6,5",04:31,"21,4",13:24,99,"1,7","6,1",Varias,,,,,
2012-03-26,0009X,ALFORJA,TARRAGONA,406,"13,0","0,0","7,1",06:18,"18,8",13:01,99,"1,1","6,1",Varias,,,,,
2012-03-27,0009X,ALFORJA,TARRAGONA,406,"12,9","0,0","6,2",05:51,"19,6",11:44,14,"1,4","7,5",10:30,,,,,
2012-03-28,0009X,ALFORJA,TARRAGONA,406,"14,4","0,0","7,2",06:06,"21,5",14:03,10,"1,1","6,7",12:10,,,,,
2012-03-29,0009X,ALFORJA,TARRAGONA,406,"14,7","0,0","7,6",02:36,"21,8",12:56,26,"1,7","7,5",09:30,,,,,
2012-03-30,0009X,ALFORJA,TARRAGONA,406,"18,4","0,0","12,2",Varias,"24,6",14:50,28,"4,7","11,1",09:30,,,,,
2012-03-31,0009X,ALFORJA,TARRAGONA,406,"16,3","0,0","9,4",22:27,"23,2",13:19,27,"3,3","10,6",08:10,,,,,
2012-04-01,0009X,ALFORJA,TARRAGONA,406,"14,9","0,0","8,4",23:58,"21,4",12:24,32,"2,8","7,8",08:30,,,,,
2012-04-02,0009X,ALFORJA,TARRAGONA,406,"12,8","0,2","6,9",05:08,"18,6",11:57,14,"1,9","7,8",12:20,,,,,
2012-04-03,0009X,ALFORJA,TARRAGONA,406,"12,4","21,4","9,9",23:55,"15,0",14:07,13,"1,7","6,1",14:20,,,,,
2012-04-04,0009X,ALFORJA,TARRAGONA,406,"11,0","9,6","8,7",Varias,"13,3",14:07,26,"2,8","7,8",05:00,,,,,
2012-04-05,0009X,ALFORJA,TARRAGONA,406,"11,9","12,2","8,8",06:23,"15,0",13:54,12,"1,7","6,4",14:10,,,,,
2012-04-06,0009X,ALFORJA,TARRAGONA,406,"9,2","32,2","6,2",09:28,"12,3",14:43,30,"4,2","12,2",12:40,,,,,
2012-04-07,0009X,ALFORJA,TARRAGONA,406,"10,2","0,4","5,9",05:22,"14,4",13:50,28,"5,0","13,9",20:50,,,,,
2012-04-08,0009X,ALFORJA,TARRAGONA,406,"12,5","0,0","6,7",Varias,"18,3",16:15,28,"6,4","17,5",01:30,,,,,
2012-04-09,0009X,ALFORJA,TARRAGONA,406,"13,2","0,0","7,0",05:33,"19,3",13:32,29,"2,8","10,6",00:10,,,,,
2012-04-10,0009X,ALFORJA,TARRAGONA,406,"13,1","2,0","7,5",23:10,"18,7",13:03,28,"3,9","19,2",18:00,,,,,
2012-04-11,0009X,ALFORJA,TARRAGONA,406,"11,6","0,0","6,8",05:26,"16,5",14:39,99,"4,7","13,1",Varias,,,,,
2012-04-12,0009X,ALFORJA,TARRAGONA,406,"11,2","2,4","8,1",23:57,"14,3",15:48,32,"2,2","8,9",12:50,,,,,
2012-04-13,0009X,ALFORJA,TARRAGONA,406,"10,8","0,0","5,5",05:49,"16,2",14:44,28,"5,6","13,3",11:30,,,,,
2012-04-14,0009X,ALFORJA,TARRAGONA,406,"11,4","2,2","7,4",Varias,"15,3",15:12,29,"3,9","12,2",07:40,,,,,
2012-04-15,0009X,ALFORJA,TARRAGONA,406,"10,4","0,0","4,4",06:06,"16,4",15:55,27,"4,4","13,9",22:30,,,,,
2012-04-16,0009X,ALFORJA,TARRAGONA,406,"10,2","0,0","4,5",23:58,"15,9",15:18,29,"6,4","16,9",01:40,,,,,
2012-04-17,0009X,ALFORJA,TARRAGONA,406,"10,4","0,2","2,7",05:16,"18,1",16:27,28,"5,3","16,9",04:40,,,,,
2012-04-18,0009X,ALFORJA,TARRAGONA,406,"12,0","0,0","7,9",07:02,"16,0",15:01,28,"5,0","14,7",11:20,,,,,
2012-04-19,0009X,ALFORJA,TARRAGONA,406,"12,3","2,0","9,0",23:59,"15,6",13:45,27,"5,3","16,7",20:20,,,,,
2012-04-20,0009X,ALFORJA,TARRAGONA,406,"13,8","0,0","7,7",03:58,"19,9",15:16,28,"4,2","16,9",09:40,,,,,
2012-04-21,0009X,ALFORJA,TARRAGONA,406,"14,6","2,4","9,9",04:54,"19,3",13:22,31,"3,6","12,8",05:30,,,,,
2012-04-22,0009X,ALFORJA,TARRAGONA,406,"13,0","0,2","8,7",03:55,"17,4",12:36,29,"2,5","12,5",05:40,,,,,
2012-04-23,0009X,ALFORJA,TARRAGONA,406,"11,4","0,0","6,2",05:13,"16,7",11:17,26,"1,9","17,5",23:59,,,,,
2012-04-24,0009X,ALFORJA,TARRAGONA,406,"11,2","0,0","5,9",23:02,"16,5",15:52,27,"6,9","19,2",09:50,,,,,
2012-04-25,0009X,ALFORJA,TARRAGONA,406,"11,7","0,0","5,7",02:14,"17,7",12:28,12,"1,9","7,5",12:30,,,,,
2012-04-26,0009X,ALFORJA,TARRAGONA,406,"17,0","0,0","11,6",23:32,"22,5",12:43,11,"1,7","6,7",13:20,,,,,
2012-04-27,0009X,ALFORJA,TARRAGONA,406,"16,0","0,0","11,2",01:41,"20,8",11:05,26,"2,5","9,7",04:30,,,,,
2012-04-28,0009X,ALFORJA,TARRAGONA,406,"14,0","14,6","10,2",23:40,"17,9",14:23,12,"2,2","11,7",11:50,,,,,
2012-04-29,0009X,ALFORJA,TARRAGONA,406,"11,6","11,4","6,6",04:50,"16,7",12:14,28,"1,9","10,0",01:50,,,,,
2012-04-30,0009X,ALFORJA,TARRAGONA,406,"10,0","0,2","5,8",23:43,"14,1",15:40,28,"3,3","13,3",11:10,,,,,
2012-05-01,0009X,ALFORJA,TARRAGONA,406,"11,8","0,0","5,4",05:06,"18,2",13:00,14,"1,9","7,2",12:00,,,,,
2012-05-02,0009X,ALFORJA,TARRAGONA,406,"12,6","0,0","5,5",05:16,"19,8",13:05,12,"1,9","8,1",13:40,,,,,
2012-05-03,0009X,ALFORJA,TARRAGONA,406,"12,8","0,0","5,1",04:26,"20,4",11:24,11,"1,7","7,2",12:30,,,,,
2012-05-04,0009X,ALFORJA,TARRAGONA,406,"13,8","3,0","8,0",01:36,"19,5",10:19,28,"1,4","6,9",14:10,,,,,
2012-05-05,0009X,ALFORJA,TARRAGONA,406,"15,3","1,4","10,4",00:33,"20,2",12:44,28,"2,8","9,7",11:50,,,,,
2012-05-06,0009X,ALFORJA,TARRAGONA,406,"15,4","0,2","10,0",23:30,"20,9",13:03,25,"3,3","10,8",10:20,,,,,
2012-05-07,0009X,ALFORJA,TARRAGONA,406,"15,6","0,0","10,2",03:35,"21,1",14:52,12,"2,2","6,4",10:10,,,,,
2012-05-08,0009X,ALFORJA,TARRAGONA,406,"19,0","0,0","12,3",00:01,"25,6",13:23,28,"2,5","8,6",08:20,,,,,
2012-05-09,0009X,ALFORJA,TARRAGONA,406,"18,4","0,0","11,7",04:37,"25,1",13:35,13,"1,4","6,4",10:30,,,,,
2012-05-10,0009X,ALFORJA,TARRAGONA,406,"18,4","0,0","11,0",04:27,"25,7",11:43,12,"1,7","6,4",13:10,,,,,
2012-05-11,0009X,ALFORJA,TARRAGONA,406,"19,4","0,0","12,1",02:42,"26,7",12:03,12,"1,4","6,9",13:10,,,,,
2012-05-12,0009X,ALFORJA,TARRAGONA,406,"22,4","0,0","13,9",04:45,"30,8",12:44,30,"1,4","11,4",23:59,,,,,
2012-05-13,0009X,ALFORJA,TARRAGONA,406,"19,6","0,0","13,1",Varias,"26,0",Varias,28,"2,2","14,2",00:30,,,,,
2012-05-14,0009X,ALFORJA,TARRAGONA,406,"16,6","0,0","10,7",04:12,"22,5",10:51,15,"1,7","7,2",10:30,,,,,
2012-05-15,0009X,ALFORJA,TARRAGONA,406,"18,1","0,0","11,0",05:16,"25,2",16:02,28,"5,6","13,3",03:30,,,,,
2012-05-16,0009X,ALFORJA,TARRAGONA,406,"14,2","2,6","8,9",Varias,"19,4",11:55,26,"3,9","13,9",00:10,,,,,
2012-05-17,0009X,ALFORJA,TARRAGONA,406,"13,6","1,4","12,5",Varias,"14,7",15:09,04,"1,4","5,6",09:00,,,,,
2012-05-18,0009X,ALFORJA,TARRAGONA,406,"16,8","0,2","13,3",Varias,"20,4",13:18,14,"2,8","8,6",15:50,,,,,
2012-05-19,0009X,ALFORJA,TARRAGONA,406,"15,8","3,6","12,3",23:37,"19,4",12:05,12,"1,9","7,8",12:10,,,,,
2012-05-20,0009X,ALFORJA,TARRAGONA,406,"13,7","3,8","9,7",23:41,"17,7",10:24,28,"5,0","13,6",16:30,,,,,
2012-05-21,0009X,ALFORJA,TARRAGONA,406,"12,8","0,0","8,7",02:57,"16,8",12:31,27,"10,0","21,9",16:30,,,,,
2012-05-22,0009X,ALFORJA,TARRAGONA,406,"17,8","0,0","11,4",04:22,"24,1",15:48,28,"6,7","18,1",00:30,,,,,
2012-05-23,0009X,ALFORJA,TARRAGONA,406,"19,8","0,0","11,2",04:42,"28,3",15:38,30,"5,0","16,4",03:30,,,,,
2012-05-24,0009X,ALFORJA,TARRAGONA,406,"18,7","0,0","11,7",23:58,"25,7",14:35,30,"2,8","8,9",05:30,,,,,
2012-05-25,0009X,ALFORJA,TARRAGONA,406,"18,4","0,0","11,6",Varias,"25,2",13:41,11,"1,7","7,2",14:40,,,,,
2012-05-26,0009X,ALFORJA,TARRAGONA,406,"18,4","0,0","12,2",04:50,"24,6",10:48,14,"1,7","6,1",13:30,,,,,
2012-05-27,0009X,ALFORJA,TARRAGONA,406,"19,0","0,0","12,7",04:21,"25,4",12:42,12,"1,7","6,9",13:10,,,,,
2012-05-28,0009X,ALFORJA,TARRAGONA,406,"19,6","0,0","12,7",04:20,"26,4",12:10,12,"1,9","8,6",12:10,,,,,
2012-05-29,0009X,ALFORJA,TARRAGONA,406,"20,2","0,0","13,9",24:00,"26,5",11:18,10,"1,7","7,2",10:30,,,,,
2012-05-30,0009X,ALFORJA,TARRAGONA,406,"20,2","0,0","13,0",01:54,"27,4",14:59,10,"1,7","7,5",12:40,,,,,
2012-05-31,0009X,ALFORJA,TARRAGONA,406,"20,8","0,0","13,3",04:11,"28,3",11:39,11,"1,9","6,7",13:20,,,,,
2012-06-01,0009X,ALFORJA,TARRAGONA,406,"20,9","0,0","13,3",04:26,"28,5",13:01,11,"2,2","6,9",13:20,,,,,
2012-06-02,0009X,ALFORJA,TARRAGONA,406,"21,8","2,8","14,1",03:47,"29,4",12:17,10,"1,7","6,7",13:10,,,,,
2012-06-03,0009X,ALFORJA,TARRAGONA,406,"21,4","0,0","16,9",06:20,"26,0",15:50,31,"3,1","13,3",03:10,,,,,
2012-06-04,0009X,ALFORJA,TARRAGONA,406,"20,6","0,0","13,4",02:41,"27,9",14:43,30,"3,6","10,8",11:20,,,,,
2012-06-05,0009X,ALFORJA,TARRAGONA,406,"19,8","0,0","13,0",05:08,"26,7",10:53,10,"2,5","7,8",11:30,,,,,
2012-06-06,0009X,ALFORJA,TARRAGONA,406,"23,2","0,0","18,2",02:58,"28,3",14:18,10,"1,9","6,7",11:30,,,,,
2012-06-07,0009X,ALFORJA,TARRAGONA,406,"22,4","0,0","17,7",23:55,"27,1",13:29,10,"1,9","6,7",10:40,,,,,
2012-06-08,0009X,ALFORJA,TARRAGONA,406,"21,4","0,0","14,9",23:14,"27,8",13:21,27,"3,9","10,3",12:20,,,,,
2012-06-09,0009X,ALFORJA,TARRAGONA,406,"19,5","0,0","14,0",05:47,"25,0",11:11,28,"2,2","11,7",01:00,,,,,
2012-06-10,0009X,ALFORJA,TARRAGONA,406,"21,8","0,0","14,5",04:31,"29,1",12:11,27,"3,1","11,7",13:10,,,,,
2012-06-11,0009X,ALFORJA,TARRAGONA,406,"19,0","0,2","15,2",23:55,"22,7",11:44,28,"1,9","14,4",23:59,,,,,
2012-06-12,0009X,ALFORJA,TARRAGONA,406,"18,6","0,0","13,0",03:50,"24,3",15:09,29,"7,8","18,6",08:10,,,,,
2012-06-13,0009X,ALFORJA,TARRAGONA,406,"18,8","0,0","13,2",04:18,"24,5",11:19,30,"3,6","11,7",07:30,,,,,
2012-06-14,0009X,ALFORJA,TARRAGONA,406,"19,0","0,0","13,6",00:01,"24,4",12:47,13,"2,5","8,1",12:30,,,,,
2012-06-15,0009X,ALFORJA,TARRAGONA,406,"19,6","0,0","12,6",04:34,"26,6",12:56,10,"1,7","6,7",12:00,,,,,
2012-06-16,0009X,ALFORJA,TARRAGONA,406,"20,2","0,0","12,7",04:39,"27,8",14:12,11,"1,7","7,2",11:50,,,,,
2012-06-17,0009X,ALFORJA,TARRAGONA,406,"20,6","0,0","14,4",Varias,"26,7",10:27,99,"2,5","7,5",Varias,,,,,
2012-06-18,0009X,ALFORJA,TARRAGONA,406,"21,2","1,2","14,2",04:16,"28,3",10:46,10,"2,5","8,6",15:30,,,,,
2012-06-19,0009X,ALFORJA,TARRAGONA,406,"20,8","3,4","15,5",00:01,"26,0",13:49,33,"1,1","17,5",23:10,,,,,
2012-06-20,0009X,ALFORJA,TARRAGONA,406,"24,6","0,0","17,3",03:50,"32,0",13:28,34,"2,8","10,3",00:10,,,,,
2012-06-21,0009X,ALFORJA,TARRAGONA,406,"24,2","0,0","15,6",04:21,"32,8",13:15,99,"3,3","13,3",10:50,,,,,
2012-06-22,0009X,ALFORJA,TARRAGONA,406,"22,4","0,0","16,4",04:55,"28,4",12:17,29,"3,6","10,6",06:50,,,,,
2012-06-23,0009X,ALFORJA,TARRAGONA,406,"20,4","0,0","13,8",04:04,"26,9",14:30,09,"1,9","8,1",12:00,,,,,
2012-06-24,0009X,ALFORJA,TARRAGONA,406,"22,4","0,0","14,8",03:42,"30,0",11:13,12,"1,9","6,7",11:00,,,,,
2012-06-25,0009X,ALFORJA,TARRAGONA,406,"24,4","0,0","16,4",01:23,"32,4",11:13,27,"3,1","10,3",02:40,,,,,
2012-06-26,0009X,ALFORJA,TARRAGONA,406,"23,8","0,0","16,6",04:30,"30,9",13:09,10,"1,9","7,2",12:10,,,,,
2012-06-27,0009X,ALFORJA,TARRAGONA,406,"23,4","0,0","16,2",04:33,"30,6",13:19,28,"1,9","13,1",20:10,,,,,
2012-06-28,0009X,ALFORJA,TARRAGONA,406,"25,4","0,0","17,8",04:48,"32,9",14:35,10,"2,5","6,1",13:10,,,,,
2012-06-29,0009X,ALFORJA,TARRAGONA,406,"25,6","0,0","18,4",00:35,"32,7",11:22,09,"1,7","6,7",10:20,,,,,
2012-06-30,0009X,ALFORJA,TARRAGONA,406,"25,2","1,6","18,6",23:59,"31,7",13:29,28,"2,2","13,1",23:10,,,,,
2012-07-01,0009X,ALFORJA,TARRAGONA,406,"17,0","35,8","13,0",09:30,"20,9",17:23,28,"4,7","13,9",23:40,,,,,
2012-07-02,0009X,ALFORJA,TARRAGONA,406,"19,8","0,0","12,4",04:37,"27,1",14:36,27,"3,6","11,7",06:40,,,,,
2012-07-03,0009X,ALFORJA,TARRAGONA,406,"20,1","0,0","14,1",04:59,"26,1",13:22,12,"1,9","6,9",14:00,,,,,
2012-07-04,0009X,ALFORJA,TARRAGONA,406,"21,1","1,2","17,8",01:42,"24,4",14:47,14,"1,9","6,4",13:30,,,,,
2012-07-05,0009X,ALFORJA,TARRAGONA,406,"20,6","3,2","16,4",23:56,"24,8",13:52,32,"1,1","7,5",19:10,,,,,
2012-07-06,0009X,ALFORJA,TARRAGONA,406,"20,3","0,0","15,5",04:33,"25,1",12:04,28,"3,1","7,8",06:40,,,,,
2012-07-07,0009X,ALFORJA,TARRAGONA,406,"20,8","0,0","17,8",04:38,"23,9",16:16,12,"1,7","6,7",16:10,,,,,
2012-07-08,0009X,ALFORJA,TARRAGONA,406,"22,8","0,0","19,2",23:49,"26,3",09:53,27,"3,1","9,7",04:20,,,,,
2012-07-09,0009X,ALFORJA,TARRAGONA,406,"21,6","0,0","17,6",23:43,"25,6",12:34,10,"1,9","7,5",12:10,,,,,
2012-07-10,0009X,ALFORJA,TARRAGONA,406,"23,2","0,0","17,6",00:01,"28,7",12:26,18,"1,7","7,5",13:30,,,,,
2012-07-11,0009X,ALFORJA,TARRAGONA,406,"23,2","0,6","18,9",00:09,"27,5",13:15,14,"2,8","7,5",14:10,,,,,
2012-07-12,0009X,ALFORJA,TARRAGONA,406,"21,3","0,0","14,2",04:55,"28,4",12:36,28,"4,2","13,9",06:00,,,,,
2012-07-13,0009X,ALFORJA,TARRAGONA,406,"24,8","0,0","19,6",23:16,"30,1",11:10,09,"2,2","7,5",11:40,,,,,
2012-07-14,0009X,ALFORJA,TARRAGONA,406,"22,6","0,0","19,0",Varias,"26,3",10:41,29,"2,8","8,6",04:10,,,,,
2012-07-15,0009X,ALFORJA,TARRAGONA,406,"21,9","0,0","15,4",04:54,"28,4",14:46,28,"3,6","11,4",03:00,,,,,
2012-07-16,0009X,ALFORJA,TARRAGONA,406,"21,6","0,0","15,1",02:48,"28,0",12:32,33,"3,3","11,9",05:00,,,,,
2012-07-17,0009X,ALFORJA,TARRAGONA,406,"23,8","0,0","16,8",04:43,"30,9",15:04,28,"3,1","7,8",07:00,,,,,
2012-07-18,0009X,ALFORJA,TARRAGONA,406,"25,3","0,0","17,3",03:13,"33,3",11:44,09,"2,2","7,2",12:10,,,,,
2012-07-19,0009X,ALFORJA,TARRAGONA,406,"24,1","0,0","16,0",04:38,"32,2",11:25,13,"1,9","7,5",14:30,,,,,
2012-07-20,0009X,ALFORJA,TARRAGONA,406,"23,4","0,0","17,2",00:47,"29,5",12:41,15,"1,9","7,8",12:20,,,,,
2012-07-21,0009X,ALFORJA,TARRAGONA,406,"23,1","0,0","17,8",Varias,"28,4",12:46,12,"3,3","10,0",14:00,,,,,
2012-07-22,0009X,ALFORJA,TARRAGONA,406,"22,9","0,0","15,7",05:33,"30,1",14:43,27,"3,1","10,8",04:30,,,,,
2012-07-23,0009X,ALFORJA,TARRAGONA,406,"21,4","0,0","15,9",23:55,"27,0",10:13,10,"2,8","8,6",12:00,,,,,
2012-07-24,0009X,ALFORJA,TARRAGONA,406,"20,8","0,0","15,1",Varias,"26,5",14:38,13,"2,2","8,3",13:10,,,,,
2012-07-25,0009X,ALFORJA,TARRAGONA,406,"22,1","0,0","16,1",04:55,"28,1",13:35,12,"1,9","8,3",11:20,,,,,
2012-07-26,0009X,ALFORJA,TARRAGONA,406,"24,0","0,0","16,7",01:54,"31,2",12:10,12,"2,8","7,8",12:50,,,,,
2012-07-27,0009X,ALFORJA,TARRAGONA,406,"25,4","0,0","18,0",02:18,"32,9",12:24,29,"1,7","13,6",22:40,,,,,
2012-07-28,0009X,ALFORJA,TARRAGONA,406,"25,7","0,4","18,6",23:46,"32,8",13:10,28,"2,2","12,5",01:10,,,,,
2012-07-29,0009X,ALFORJA,TARRAGONA,406,"23,5","1,4","17,7",05:05,"29,3",11:10,26,"2,8","10,0",03:30,,,,,
2012-07-30,0009X,ALFORJA,TARRAGONA,406,"23,1","0,2","18,5",23:59,"27,7",15:36,12,"1,9","6,9",14:00,,,,,
2012-07-31,0009X,ALFORJA,TARRAGONA,406,"23,2","0,0","18,0",05:02,"28,3",14:08,13,"1,7","7,5",15:30,,,,,
2012-08-01,0009X,ALFORJA,TARRAGONA,406,"26,0","0,0","19,4",05:28,"32,5",14:12,10,"1,7","6,7",11:40,,,,,
2012-08-02,0009X,ALFORJA,TARRAGONA,406,"24,4","0,0","18,8",23:02,"30,0",12:56,10,"1,9","8,6",13:10,,,,,
2012-08-03,0009X,ALFORJA,TARRAGONA,406,"24,0","0,0","17,6",23:55,"30,5",13:06,12,"2,2","8,3",14:50,,,,,
2012-08-04,0009X,ALFORJA,TARRAGONA,406,"22,6","0,0","15,9",04:22,"29,4",12:11,14,"1,9","7,8",12:30,,,,,
2012-08-05,0009X,ALFORJA,TARRAGONA,406,"23,3","0,6","18,5",24:00,"28,1",14:32,28,"2,5","11,1",23:10,,,,,
2012-08-06,0009X,ALFORJA,TARRAGONA,406,"22,8","0,0","15,3",03:50,"30,4",15:07,28,"3,9","13,6",04:50,,,,,
2012-08-07,0009X,ALFORJA,TARRAGONA,406,"22,0","0,0","15,5",04:44,"28,4",13:02,12,"1,9","8,9",11:50,,,,,
2012-08-08,0009X,ALFORJA,TARRAGONA,406,"23,8","0,0","15,8",03:14,"31,8",12:51,11,"1,9","7,8",13:10,,,,,
2012-08-09,0009X,ALFORJA,TARRAGONA,406,"24,8","0,0","17,4",02:12,"32,2",12:45,11,"1,7","7,2",14:40,,,,,
2012-08-10,0009X,ALFORJA,TARRAGONA,406,"26,5","0,0","18,6",04:08,"34,4",11:48,09,"1,7","6,4",13:40,,,,,
2012-08-11,0009X,ALFORJA,TARRAGONA,406,"26,2","0,0","18,9",04:55,"33,6",15:04,12,"1,9","7,8",15:20,,,,,
2012-08-12,0009X,ALFORJA,TARRAGONA,406,"25,6","0,0","20,1",05:45,"31,0",12:52,29,"2,8","12,5",00:40,,,,,
2012-08-13,0009X,ALFORJA,TARRAGONA,406,"23,4","0,0","17,2",04:51,"29,7",13:33,13,"2,2","7,8",12:40,,,,,
2012-08-14,0009X,ALFORJA,TARRAGONA,406,"25,8","0,0","21,8",Varias,"29,7",13:41,12,"2,2","7,5",12:10,,,,,
2012-08-15,0009X,ALFORJA,TARRAGONA,406,"26,4","0,0","22,0",00:59,"30,9",14:36,30,"1,9","11,9",21:40,,,,,
2012-08-16,0009X,ALFORJA,TARRAGONA,406,"25,0","0,0","19,3",23:48,"30,6",12:10,29,"1,9","10,6",00:50,,,,,
2012-08-17,0009X,ALFORJA,TARRAGONA,406,"24,3","0,0","17,1",05:14,"31,5",14:56,14,"1,9","7,5",12:40,,,,,
2012-08-18,0009X,ALFORJA,TARRAGONA,406,"24,8","0,0","16,7",05:08,"32,9",14:13,10,"1,4","6,9",13:10,,,,,
2012-08-19,0009X,ALFORJA,TARRAGONA,406,"26,8","0,0","20,2",01:02,"33,4",13:24,13,"1,7","6,4",13:10,,,,,
2012-08-20,0009X,ALFORJA,TARRAGONA,406,"27,5","0,0","20,2",04:10,"34,8",13:06,99,"1,4","6,1",Varias,,,,,
2012-08-21,0009X,ALFORJA,TARRAGONA,406,"26,6","0,0","19,5",05:03,"33,7",12:59,10,"1,7","7,5",13:40,,,,,
2012-08-22,0009X,ALFORJA,TARRAGONA,406,"26,8","0,0","20,3",03:20,"33,2",14:04,10,"2,2","6,9",10:50,,,,,
2012-08-23,0009X,ALFORJA,TARRAGONA,406,"26,0","0,0","19,6",05:44,"32,5",13:56,08,"2,5","8,6",13:20,,,,,
2012-08-24,0009X,ALFORJA,TARRAGONA,406,"25,6","0,0","19,2",05:26,"32,1",11:36,99,"1,7","6,7",Varias,,,,,
2012-08-25,0009X,ALFORJA,TARRAGONA,406,"25,8","0,0","18,7",05:08,"33,0",13:09,26,"3,1","12,8",23:10,,,,,
2012-08-26,0009X,ALFORJA,TARRAGONA,406,"23,4","0,0","16,4",05:37,"30,5",13:21,29,"3,6","15,3",05:00,,,,,
2012-08-27,0009X,ALFORJA,TARRAGONA,406,"24,9","0,0","21,3",03:54,"28,5",12:46,13,"2,5","8,3",12:40,,,,,
2012-08-28,0009X,ALFORJA,TARRAGONA,406,"26,4","0,0","22,8",Varias,"30,1",11:56,11,"2,2","8,3",13:20,,,,,
2012-08-29,0009X,ALFORJA,TARRAGONA,406,"25,0","0,0","21,9",23:58,"28,1",11:54,14,"1,9","6,9",11:00,,,,,
2012-08-30,0009X,ALFORJA,TARRAGONA,406,"20,1","2,2","16,3",23:57,"23,9",16:59,27,"3,1","10,8",21:50,,,,,
2012-08-31,0009X,ALFORJA,TARRAGONA,406,"19,7","0,0","13,5",05:24,"25,9",13:24,29,"5,6","14,2",07:40,,,,,
2012-09-01,0009X,ALFORJA,TARRAGONA,406,"16,8","0,0","12,5",05:00,"21,0",16:40,28,"4,2","12,8",01:50,,,,,
2012-09-02,0009X,ALFORJA,TARRAGONA,406,"18,4","0,0","10,9",03:54,"25,8",Varias,29,"4,7","12,2",07:20,,,,,
2012-09-03,0009X,ALFORJA,TARRAGONA,406,"20,4","0,0","12,9",05:14,"27,8",15:29,29,"4,2","11,9",11:00,,,,,
2012-09-04,0009X,ALFORJA,TARRAGONA,406,"22,0","0,0","15,1",05:33,"29,0",14:53,29,"3,9","12,2",06:00,,,,,
2012-09-05,0009X,ALFORJA,TARRAGONA,406,"23,0","0,0","16,0",00:01,"30,0",13:36,30,"3,6","10,3",06:40,,,,,
2012-09-06,0009X,ALFORJA,TARRAGONA,406,"22,7","0,0","15,6",01:50,"29,8",11:24,27,"2,5","8,9",05:00,,,,,
2012-09-07,0009X,ALFORJA,TARRAGONA,406,"22,6","0,0","16,0",03:39,"29,2",11:25,11,"1,7","8,6",11:30,,,,,
2012-09-08,0009X,ALFORJA,TARRAGONA,406,"21,6","0,0","15,2",05:19,"27,9",13:23,11,"1,4","7,2",14:30,,,,,
2012-09-09,0009X,ALFORJA,TARRAGONA,406,"22,0","0,0","15,8",04:20,"28,1",13:58,12,"1,4","7,5",14:20,,,,,
2012-09-10,0009X,ALFORJA,TARRAGONA,406,"22,3","0,0","16,5",05:34,"28,1",12:40,12,"1,7","7,5",12:10,,,,,
2012-09-11,0009X,ALFORJA,TARRAGONA,406,"23,1","0,0","17,9",23:10,"28,3",12:21,99,"2,2","7,2",Varias,,,,,
2012-09-12,0009X,ALFORJA,TARRAGONA,406,"23,9","0,0","17,5",23:57,"30,3",13:41,27,"5,6","16,7",23:30,,,,,
2012-09-13,0009X,ALFORJA,TARRAGONA,406,"19,6","0,0","13,5",05:31,"25,8",13:50,27,"6,9","16,7",11:10,,,,,
2012-09-14,0009X,ALFORJA,TARRAGONA,406,"20,4","0,0","13,6",05:06,"27,2",14:31,30,"6,1","15,8",06:40,,,,,
2012-09-15,0009X,ALFORJA,TARRAGONA,406,"22,6","0,0","14,0",23:32,"31,2",13:30,26,"3,9","12,2",06:50,,,,,
2012-09-16,0009X,ALFORJA,TARRAGONA,406,"21,3","0,0","14,7",00:01,"27,9",12:45,13,"1,7","6,9",14:10,,,,,
2012-09-17,0009X,ALFORJA,TARRAGONA,406,"21,2","0,0","16,6",00:39,"25,8",09:44,12,"2,2","7,2",13:10,,,,,
2012-09-18,0009X,ALFORJA,TARRAGONA,406,"21,8","0,0","18,9",06:11,"24,6",11:50,30,"1,1","5,3",23:59,,,,,
2012-09-19,0009X,ALFORJA,TARRAGONA,406,"20,4","0,0","16,8",Varias,"24,0",14:00,28,"2,2","10,8",08:20,,,,,
2012-09-20,0009X,ALFORJA,TARRAGONA,406,"18,3","0,0","15,3",04:30,"21,3",11:03,12,"1,7","5,6",13:50,,,,,
2012-09-21,0009X,ALFORJA,TARRAGONA,406,"20,8","0,0","17,4",24:00,"24,1",14:34,10,"1,7","6,7",11:10,,,,,
2012-09-22,0009X,ALFORJA,TARRAGONA,406,"19,0","0,0","14,6",05:52,"23,4",11:40,13,"1,4","5,8",13:00,,,,,
2012-09-23,0009X,ALFORJA,TARRAGONA,406,"21,6","0,0","19,1",Varias,"24,1",11:36,29,"1,9","8,1",23:40,,,,,
2012-09-24,0009X,ALFORJA,TARRAGONA,406,"21,5","0,0","16,2",23:36,"26,8",14:00,27,"5,3","17,5",01:20,,,,,
2012-09-25,0009X,ALFORJA,TARRAGONA,406,"20,2","0,0","14,8",20:45,"25,5",14:27,28,"3,1","11,7",10:20,,,,,
2012-09-26,0009X,ALFORJA,TARRAGONA,406,"15,6","0,2","9,6",23:59,"21,7",08:44,27,"4,4","14,7",13:50,,,,,
2012-09-27,0009X,ALFORJA,TARRAGONA,406,"15,6","0,2","9,4",02:17,"21,9",14:18,10,"1,1","6,1",19:00,,,,,
2012-09-28,0009X,ALFORJA,TARRAGONA,406,"18,4","2,0","14,3",03:15,"22,5",14:43,08,"1,1","8,9",23:59,,,,,
2012-09-29,0009X,ALFORJA,TARRAGONA,406,"15,3","36,6","11,3",Varias,"19,3",00:09,11,"1,9","10,3",01:20,,,,,
2012-09-30,0009X,ALFORJA,TARRAGONA,406,"15,9","0,0","10,8",06:27,"21,0",15:05,28,"4,7","12,5",06:20,,,,,
2012-10-01,0009X,ALFORJA,TARRAGONA,406,"16,6","0,0","10,7",05:30,"22,6",14:21,26,"3,9","12,2",09:50,,,,,
2012-10-02,0009X,ALFORJA,TARRAGONA,406,"17,4","0,0","10,6",06:10,"24,1",13:38,16,"2,2","7,2",10:10,,,,,
2012-10-03,0009X,ALFORJA,TARRAGONA,406,"16,8","0,0","9,8",05:50,"23,7",Varias,99,"1,4","6,1",11:30,,,,,
2012-10-04,0009X,ALFORJA,TARRAGONA,406,"19,7","0,0","14,0",Varias,"25,4",12:34,10,"1,7","6,7",11:40,,,,,
2012-10-05,0009X,ALFORJA,TARRAGONA,406,"19,8","0,0","14,3",05:32,"25,4",13:33,10,"1,4","5,3",11:40,,,,,
2012-10-06,0009X,ALFORJA,TARRAGONA,406,"18,6","0,0","12,0",06:18,"25,3",12:54,09,"1,4","6,1",13:20,,,,,
2012-10-07,0009X,ALFORJA,TARRAGONA,406,"21,9","0,0","15,4",00:31,"28,4",13:35,28,"3,1","9,4",05:50,,,,,
2012-10-08,0009X,ALFORJA,TARRAGONA,406,"21,9","0,0","16,4",00:02,"27,4",14:21,30,"1,4","5,3",03:30,,,,,
2012-10-09,0009X,ALFORJA,TARRAGONA,406,"22,5","0,0","16,2",Varias,"28,8",14:04,30,"3,6","10,3",14:30,,,,,
2012-10-10,0009X,ALFORJA,TARRAGONA,406,"21,0","17,0","16,1",00:45,"26,0",12:40,10,"1,4","5,0",12:30,,,,,
2012-10-11,0009X,ALFORJA,TARRAGONA,406,"20,2","0,6","16,0",05:18,"24,4",14:31,31,"2,8","11,4",02:00,,,,,
2012-10-12,0009X,ALFORJA,TARRAGONA,406,"16,6","0,0","13,2",23:55,"20,0",15:02,29,"3,3","12,2",12:30,,,,,
2012-10-13,0009X,ALFORJA,TARRAGONA,406,"15,8","0,0","11,3",05:54,"20,4",13:55,28,"3,3","10,6",11:30,,,,,
2012-10-14,0009X,ALFORJA,TARRAGONA,406,"16,5","1,6","10,3",23:32,"22,7",12:48,28,"2,5","14,2",22:50,,,,,
2012-10-15,0009X,ALFORJA,TARRAGONA,406,"13,0","0,0","8,8",06:20,"17,3",14:32,29,"5,6","14,7",00:50,,,,,
2012-10-16,0009X,ALFORJA,TARRAGONA,406,"14,6","0,0","8,6",05:06,"20,7",13:28,28,"1,9","9,7",00:10,,,,,
2012-10-17,0009X,ALFORJA,TARRAGONA,406,"15,6","0,0","10,9",04:45,"20,2",12:12,13,"1,9","8,3",14:10,,,,,
2012-10-18,0009X,ALFORJA,TARRAGONA,406,"19,4",,"15,5",04:59,"23,3",14:10,09,"2,8","10,6",14:10,,,,,
2012-10-19,0009X,ALFORJA,TARRAGONA,406,"18,8",,"16,9",23:50,"20,6",10:19,10,"3,1","10,6",06:40,,,,,
2012-10-20,0009X,ALFORJA,TARRAGONA,406,"17,8",,"15,6",04:30,"20,1",11:07,11,"3,3","13,6",16:20,,,,,
2012-10-21,0009X,ALFORJA,TARRAGONA,406,"14,3",,"11,9",23:51,"16,7",00:01,14,"2,2","11,7",04:30,,,,,
2012-10-22,0009X,ALFORJA,TARRAGONA,406,"16,0","0,2","11,3",03:52,"20,8",14:41,32,"2,2","10,8",09:40,,,,,
2012-10-23,0009X,ALFORJA,TARRAGONA,406,"16,4","0,0","10,8",04:14,"22,0",12:12,24,"3,1","6,4",07:00,,,,,
2012-10-24,0009X,ALFORJA,TARRAGONA,406,"16,2",,"11,3",06:28,"21,0",11:45,08,"1,4","5,3",11:50,,,,,
2012-10-25,0009X,ALFORJA,TARRAGONA,406,"15,0",,"13,9",23:37,"16,2",00:01,10,"0,8","5,0",16:00,,,,,
2012-10-26,0009X,ALFORJA,TARRAGONA,406,"15,5",,"13,0",06:33,"18,0",11:25,88,"2,5","11,1",23:59,,,,,
2012-10-27,0009X,ALFORJA,TARRAGONA,406,"11,4","0,0","4,6",23:58,"18,3",12:11,88,"6,4","17,2",13:40,,,,,
2012-10-28,0009X,ALFORJA,TARRAGONA,406,"7,0","0,0","2,4",06:19,"11,6",13:48,88,"5,3","18,9",11:40,,,,,
2012-10-29,0009X,ALFORJA,TARRAGONA,406,"8,4","0,0","3,3",21:35,"13,6",15:00,88,"3,1","15,8",00:50,,,,,
2012-10-30,0009X,ALFORJA,TARRAGONA,406,,,,,,,,"0,8",,,,,,,
2012-10-31,0009X,ALFORJA,TARRAGONA,406,"11,9","0,0","9,5",06:53,"14,3",13:34,99,"5,0","15,3",11:50,,,,,
2012-11-01,0009X,ALFORJA,TARRAGONA,406,"13,4","0,0","9,6",05:09,"17,2",13:58,28,"5,3","18,3",11:50,,,,,
2012-11-02,0009X,ALFORJA,TARRAGONA,406,"14,4","0,0","9,4",19:52,"19,4",13:25,28,"3,3","10,6",01:50,,,,,
2012-11-03,0009X,ALFORJA,TARRAGONA,406,"13,8","0,6","10,4",22:15,"17,3",12:24,28,"1,9","5,8",01:50,,,,,
2012-11-04,0009X,ALFORJA,TARRAGONA,406,"14,4","4,4","10,8",00:43,"17,9",12:50,28,"3,3","12,5",15:30,,,,,
2012-11-05,0009X,ALFORJA,TARRAGONA,406,"10,7","0,0","7,7",06:13,"13,7",13:05,29,"5,6","15,0",11:30,,,,,
2012-11-06,0009X,ALFORJA,TARRAGONA,406,"9,3","0,0","6,3",Varias,"12,3",15:04,99,"6,1","13,3",Varias,,,,,
2012-11-07,0009X,ALFORJA,TARRAGONA,406,"9,5","0,0","4,4",06:26,"14,6",14:03,24,"3,1","9,7",07:10,,,,,
2012-11-08,0009X,ALFORJA,TARRAGONA,406,"11,2","0,2","6,8",06:42,"15,6",14:10,14,"1,4","5,8",10:00,,,,,
2012-11-09,0009X,ALFORJA,TARRAGONA,406,"12,7","15,8","8,8",05:42,"16,6",10:32,31,"2,5","13,9",08:50,,,,,
2012-11-10,0009X,ALFORJA,TARRAGONA,406,"13,0","0,0","9,0",21:03,"16,9",12:59,27,"3,3","11,1",11:50,,,,,
2012-11-11,0009X,ALFORJA,TARRAGONA,406,"9,6","1,4","8,1",08:10,"11,0",01:18,27,"4,4","10,8",06:20,,,,,
2012-11-12,0009X,ALFORJA,TARRAGONA,406,"9,6","0,0","5,7",06:45,"13,4",Varias,28,"6,7","13,6",15:30,,,,,
2012-11-13,0009X,ALFORJA,TARRAGONA,406,"10,9","0,2","5,4",05:45,"16,4",23:58,24,"4,7","12,8",04:20,,,,,
2012-11-14,0009X,ALFORJA,TARRAGONA,406,"14,8","0,0","12,3",18:26,"17,4",12:40,12,"1,7","7,5",13:00,,,,,
2012-11-15,0009X,ALFORJA,TARRAGONA,406,"13,8","0,0","8,2",22:32,"19,4",11:53,09,"0,8","4,7",10:50,,,,,
2012-11-16,0009X,ALFORJA,TARRAGONA,406,"11,4","8,6","7,8",06:31,"15,0",09:51,99,"1,1","3,6",Varias,,,,,
2012-11-17,0009X,ALFORJA,TARRAGONA,406,"12,2","8,4","10,6",23:33,"13,7",11:36,03,"1,4","6,1",09:50,,,,,
2012-11-18,0009X,ALFORJA,TARRAGONA,406,"12,4","3,0","10,6",23:56,"14,3",13:54,30,"3,1","8,9",13:10,,,,,
2012-11-19,0009X,ALFORJA,TARRAGONA,406,"11,1","0,0","6,7",21:56,"15,5",13:41,29,"4,4","13,1",07:00,,,,,
2012-11-20,0009X,ALFORJA,TARRAGONA,406,"12,6","0,0","8,0",21:52,"17,1",14:52,30,"2,5","8,3",07:50,,,,,
2012-11-21,0009X,ALFORJA,TARRAGONA,406,"12,2","0,6","8,8",02:01,"15,6",11:08,28,"2,8","10,6",12:50,,,,,
2012-11-22,0009X,ALFORJA,TARRAGONA,406,"11,6","0,0","7,4",18:36,"15,8",14:19,28,"3,1","9,2",02:00,,,,,
2012-11-23,0009X,ALFORJA,TARRAGONA,406,"11,7","0,0","6,2",02:45,"17,2",13:30,14,"1,7","4,2",13:30,,,,,
2012-11-24,0009X,ALFORJA,TARRAGONA,406,"11,4","0,0","7,7",23:59,"15,0",13:36,10,"1,1","5,0",11:20,,,,,
2012-11-25,0009X,ALFORJA,TARRAGONA,406,"11,5","0,0","7,6",00:09,"15,4",12:14,13,"1,4","4,4",12:10,,,,,
2012-11-26,0009X,ALFORJA,TARRAGONA,406,"12,0","0,0","8,7",23:50,"15,2",11:08,26,"3,1","11,4",15:10,,,,,
2012-11-27,0009X,ALFORJA,TARRAGONA,406,"6,7","4,0","4,7",23:11,"8,7",00:01,28,"4,7","11,9",07:50,,,,,
2012-11-28,0009X,ALFORJA,TARRAGONA,406,"7,1","0,0","4,4",01:03,"9,8",15:24,26,"8,6","20,6",19:00,,,,,
2012-11-29,0009X,ALFORJA,TARRAGONA,406,"6,7","0,0","2,6",23:42,"10,8",14:03,28,"7,5","18,6",03:40,,,,,
2012-11-30,0009X,ALFORJA,TARRAGONA,406,"4,6","0,0","0,9",23:56,"8,4",14:40,26,"5,0","13,3",00:10,,,,,
2012-12-01,0009X,ALFORJA,TARRAGONA,406,"3,6","0,0","0,1",06:01,"7,0",13:38,28,"6,1","14,2",23:30,,,,,
2012-12-02,0009X,ALFORJA,TARRAGONA,406,"4,6","0,0","0,5",03:31,"8,7",15:36,28,"7,2","16,7",01:30,,,,,
2012-12-03,0009X,ALFORJA,TARRAGONA,406,"10,5","0,0","6,9",00:01,"14,1",14:10,25,"6,4","17,8",07:50,,,,,
2012-12-04,0009X,ALFORJA,TARRAGONA,406,"10,0","0,0","7,3",23:48,"12,6",13:17,26,"6,1","18,9",11:50,,,,,
2012-12-05,0009X,ALFORJA,TARRAGONA,406,"7,9","0,0","5,4",06:49,"10,4",13:21,26,"5,6","18,3",12:10,,,,,
2012-12-06,0009X,ALFORJA,TARRAGONA,406,"6,4","0,0","2,2",20:44,"10,6",14:13,26,"4,4","15,0",02:50,,,,,
2012-12-07,0009X,ALFORJA,TARRAGONA,406,"7,8","0,0","2,7",01:08,"12,9",13:45,25,"5,0","15,0",14:30,,,,,
2012-12-08,0009X,ALFORJA,TARRAGONA,406,"8,4","0,0","4,5",23:59,"12,4",14:18,30,"4,4","14,2",23:30,,,,,
2012-12-09,0009X,ALFORJA,TARRAGONA,406,"6,6","0,0","3,2",04:27,"10,0",14:53,28,"4,7","16,1",03:50,,,,,
2012-12-10,0009X,ALFORJA,TARRAGONA,406,"5,7","0,0","1,8",19:00,"9,6",13:14,29,"3,3","12,5",08:40,,,,,
2012-12-11,0009X,ALFORJA,TARRAGONA,406,"4,8","0,0","0,1",23:05,"9,5",14:28,25,"4,2","8,9",10:00,,,,,
2012-12-12,0009X,ALFORJA,TARRAGONA,406,"4,0","0,0","0,1",Varias,"8,0",Varias,26,"0,8","3,9",03:50,,,,,
2012-12-13,0009X,ALFORJA,TARRAGONA,406,"7,3","0,0","3,0",05:05,"11,6",12:56,24,"1,7","5,3",07:10,,,,,
2012-12-14,0009X,ALFORJA,TARRAGONA,406,"11,3","2,0","8,4",Varias,"14,2",10:45,26,"2,5","8,1",10:20,,,,,
2012-12-15,0009X,ALFORJA,TARRAGONA,406,"12,8","0,0","8,9",00:07,"16,8",13:33,24,"3,3","11,7",12:30,,,,,
2012-12-16,0009X,ALFORJA,TARRAGONA,406,"12,8","0,0","9,7",18:41,"15,9",14:45,99,"4,7","13,9",Varias,,,,,
2012-12-17,0009X,ALFORJA,TARRAGONA,406,"11,6","0,0","9,0",23:56,"14,2",12:38,25,"6,1","16,9",19:30,,,,,
2012-12-18,0009X,ALFORJA,TARRAGONA,406,"10,6","0,0","7,8",06:48,"13,4",14:10,26,"5,6","12,8",09:40,,,,,
2012-12-19,0009X,ALFORJA,TARRAGONA,406,"10,3","0,0","5,5",23:43,"15,1",13:24,26,"1,9","5,8",13:40,,,,,
2012-12-20,0009X,ALFORJA,TARRAGONA,406,"10,6","0,0","5,7",00:08,"15,4",13:47,27,"5,6","13,1",12:00,,,,,
2012-12-21,0009X,ALFORJA,TARRAGONA,406,"12,7","0,0","9,1",05:16,"16,3",14:47,25,"5,0","16,4",14:30,,,,,
2012-12-22,0009X,ALFORJA,TARRAGONA,406,"11,6","0,0","6,7",02:17,"16,5",11:36,28,"3,9","15,0",09:10,,,,,
2012-12-23,0009X,ALFORJA,TARRAGONA,406,"13,7","0,0","7,6",23:15,"19,8",12:54,26,"1,9","8,9",04:20,,,,,
2012-12-24,0009X,ALFORJA,TARRAGONA,406,"10,8","0,0","4,8",22:40,"16,8",12:04,10,"0,6","3,3",14:10,,,,,
2012-12-25,0009X,ALFORJA,TARRAGONA,406,"11,4","0,0","4,0",01:01,"18,7",13:57,99,"1,9","13,6",Varias,,,,,
2012-12-26,0009X,ALFORJA,TARRAGONA,406,"10,5","0,0","7,8",Varias,"13,2",14:15,28,"7,5","14,2",22:00,,,,,
2012-12-27,0009X,ALFORJA,TARRAGONA,406,"10,3","0,0","6,7",06:54,"13,9",13:24,25,"7,2","16,1",13:50,,,,,
2012-12-28,0009X,ALFORJA,TARRAGONA,406,"10,2","0,0","5,2",21:07,"15,2",14:50,28,"5,0","16,1",03:30,,,,,
2012-12-29,0009X,ALFORJA,TARRAGONA,406,"9,6","0,0","3,7",06:35,"15,5",12:03,27,"2,5","14,7",21:00,,,,,
2012-12-30,0009X,ALFORJA,TARRAGONA,406,"9,0","0,0","5,9",07:45,"12,0",13:03,27,"4,7","13,3",00:50,,,,,
2012-12-31,0009X,ALFORJA,TARRAGONA,406,"6,9","0,0","2,3",21:17,"11,5",13:32,28,"2,5","9,2",02:10,,,,,
2013-01-01,0009X,ALFORJA,TARRAGONA,406,"8,1","0,0","4,9",00:01,"11,3",14:46,27,"5,6","13,9",08:10,,,,,
2013-01-02,0009X,ALFORJA,TARRAGONA,406,"7,8","0,0","4,5",23:40,"11,1",14:45,28,"6,4","14,7",01:40,,,,,
2013-01-03,0009X,ALFORJA,TARRAGONA,406,"7,8","0,0","3,3",07:31,"12,2",13:13,27,"4,2","12,5",09:20,,,,,
2013-01-04,0009X,ALFORJA,TARRAGONA,406,"10,3","0,0","6,9",07:06,"13,7",13:38,29,"6,1","14,2",12:00,,,,,
2013-01-05,0009X,ALFORJA,TARRAGONA,406,"12,1","0,0","8,7",07:38,"15,5",14:21,29,"9,4","18,1",15:30,,,,,
2013-01-06,0009X,ALFORJA,TARRAGONA,406,"10,9","0,0","5,5",21:25,"16,3",14:32,30,"4,4","16,7",01:30,,,,,
2013-01-07,0009X,ALFORJA,TARRAGONA,406,"12,8","0,0","9,0",17:58,"16,5",14:15,24,"4,2","12,8",05:50,,,,,
2013-01-08,0009X,ALFORJA,TARRAGONA,406,"11,0","0,0","7,2",24:00,"14,7",14:12,24,"5,6","13,6",07:30,,,,,
2013-01-09,0009X,ALFORJA,TARRAGONA,406,"6,2","0,0","3,2",08:02,"9,3",20:15,28,"6,4","19,2",23:30,,,,,
2013-01-10,0009X,ALFORJA,TARRAGONA,406,"11,1","0,0","7,9",05:10,"14,3",14:33,27,"6,9","17,8",06:40,,,,,
2013-01-11,0009X,ALFORJA,TARRAGONA,406,"7,2","0,0","2,7",21:07,"11,8",14:16,27,"5,8","18,9",03:10,,,,,
2013-01-12,0009X,ALFORJA,TARRAGONA,406,"7,7","6,8","2,5",01:14,"12,9",12:50,31,"3,3","12,5",23:00,,,,,
2013-01-13,0009X,ALFORJA,TARRAGONA,406,"5,4","3,0","2,8",10:44,"8,1",15:25,25,"5,8","16,4",09:40,,,,,
2013-01-14,0009X,ALFORJA,TARRAGONA,406,"5,9","0,0","3,1",02:58,"8,7",15:11,28,"6,1","14,2",08:40,,,,,
2013-01-15,0009X,ALFORJA,TARRAGONA,406,"6,2","0,6","3,8",00:22,"8,5",09:48,27,"6,1","16,9",23:59,,,,,
2013-01-16,0009X,ALFORJA,TARRAGONA,406,"8,8","0,0","6,5",07:19,"11,2",17:28,26,"8,1","19,4",19:00,,,,,
2013-01-17,0009X,ALFORJA,TARRAGONA,406,"9,4","0,6","6,5",23:49,"12,2",13:01,28,"4,7","15,6",02:50,,,,,
2013-01-18,0009X,ALFORJA,TARRAGONA,406,"10,2","1,4","5,6",07:35,"14,9",13:16,22,"2,2","9,2",00:30,,,,,
2013-01-19,0009X,ALFORJA,TARRAGONA,406,"9,0","23,8","5,3",23:15,"12,6",00:01,30,"1,1","10,6",15:40,,,,,
2013-01-20,0009X,ALFORJA,TARRAGONA,406,"7,1","0,8","4,5",06:16,"9,7",14:43,26,"8,6","22,2",12:40,,,,,
2013-01-21,0009X,ALFORJA,TARRAGONA,406,"7,6","0,0","4,9",23:54,"10,2",13:50,26,"6,4","18,1",13:10,,,,,
2013-01-22,0009X,ALFORJA,TARRAGONA,406,"5,8","2,4","3,0",07:39,"8,5",10:38,29,"2,2","13,9",01:40,,,,,
2013-01-23,0009X,ALFORJA,TARRAGONA,406,"5,0","2,8","2,0",Varias,"7,9",13:24,24,"8,3","21,7",13:10,,,,,
2013-01-24,0009X,ALFORJA,TARRAGONA,406,"6,6","0,0","3,7",08:04,"9,4",15:30,27,"6,9","18,6",10:50,,,,,
2013-01-25,0009X,ALFORJA,TARRAGONA,406,"5,6","1,2","1,6",07:09,"9,7",15:25,31,"7,8","15,6",07:30,,,,,
2013-01-26,0009X,ALFORJA,TARRAGONA,406,"10,4","0,0","6,1",01:46,"14,6",13:53,25,"9,4","26,9",07:30,,,,,
2013-01-27,0009X,ALFORJA,TARRAGONA,406,"10,6","1,0","7,4",00:01,"13,7",14:47,30,"4,7","13,9",00:10,,,,,
2013-01-28,0009X,ALFORJA,TARRAGONA,406,"8,6","0,0","5,0",04:00,"12,3",13:35,22,"6,9","16,9",09:10,,,,,
2013-01-29,0009X,ALFORJA,TARRAGONA,406,"9,5","0,0","5,6",23:57,"13,4",14:44,28,"3,3","11,7",06:20,,,,,
2013-01-30,0009X,ALFORJA,TARRAGONA,406,"11,1","0,0","4,6",00:56,"17,6",13:09,27,"6,4","15,8",14:50,,,,,
2013-01-31,0009X,ALFORJA,TARRAGONA,406,"15,2","0,0","11,9",Varias,"18,6",14:05,27,"5,8","14,7",10:40,,,,,
2013-02-01,0009X,ALFORJA,TARRAGONA,406,"14,2","0,4","12,4",07:39,"16,1",14:08,26,"5,8","16,1",23:00,,,,,
2013-02-02,0009X,ALFORJA,TARRAGONA,406,"8,6","0,0","4,6",22:59,"12,6",00:01,26,"8,1","23,6",15:20,,,,,
2013-02-03,0009X,ALFORJA,TARRAGONA,406,"5,8","0,0","2,2",06:15,"9,5",14:28,26,"8,6","27,5",01:00,,,,,
2013-02-04,0009X,ALFORJA,TARRAGONA,406,"8,5","0,0","3,0",00:46,"14,0",15:17,30,"8,1","16,7",03:20,,,,,
2013-02-05,0009X,ALFORJA,TARRAGONA,406,"10,9","0,8","5,9",23:46,"15,9",14:33,27,"6,7","15,6",13:40,,,,,
2013-02-06,0009X,ALFORJA,TARRAGONA,406,"6,5","0,0","3,7",Varias,"9,3",13:13,24,"7,2","20,8",12:30,,,,,
2013-02-07,0009X,ALFORJA,TARRAGONA,406,"5,8","0,0","2,7",07:18,"8,8",13:32,28,"5,6","18,3",10:50,,,,,
2013-02-08,0009X,ALFORJA,TARRAGONA,406,"6,2","0,0","3,1",Varias,"9,3",12:48,26,"5,0","13,3",11:50,,,,,
2013-02-09,0009X,ALFORJA,TARRAGONA,406,"4,9","0,0","0,0",06:14,"9,8",15:08,29,"4,7","12,5",16:30,,,,,
2013-02-10,0009X,ALFORJA,TARRAGONA,406,"9,2","1,0","4,4",06:24,"13,9",14:41,27,"3,9","15,0",23:59,,,,,
2013-02-11,0009X,ALFORJA,TARRAGONA,406,"6,2","0,0","3,7",05:40,"8,7",15:03,27,"8,3","18,9",19:10,,,,,
2013-02-12,0009X,ALFORJA,TARRAGONA,406,"7,0","0,0","3,9",Varias,"10,1",14:43,28,"8,9","17,5",02:10,,,,,
2013-02-13,0009X,ALFORJA,TARRAGONA,406,"8,9","0,0","3,8",07:00,"14,0",15:16,27,"5,0","17,2",05:20,,,,,
2013-02-14,0009X,ALFORJA,TARRAGONA,406,"11,1","0,0","7,2",00:14,"15,0",12:45,28,"4,7","15,3",Varias,,,,,
2013-02-15,0009X,ALFORJA,TARRAGONA,406,"11,2","0,0","6,3",23:47,"16,0",15:09,28,"4,4","15,3",10:00,,,,,
2013-02-16,0009X,ALFORJA,TARRAGONA,406,"7,9","0,0","4,0",05:00,"11,8",12:16,99,"1,7","4,2",12:30,,,,,
2013-02-17,0009X,ALFORJA,TARRAGONA,406,"8,9","0,0","6,4",05:06,"11,4",11:00,10,"0,8","3,3",11:20,,,,,
2013-02-18,0009X,ALFORJA,TARRAGONA,406,"8,6","5,0","6,7",07:12,"10,6",11:00,10,"0,8","4,4",14:50,,,,,
2013-02-19,0009X,ALFORJA,TARRAGONA,406,"7,4","0,0","5,8",23:34,"9,1",16:14,08,"0,8","5,3",09:20,,,,,
2013-02-20,0009X,ALFORJA,TARRAGONA,406,"8,5","0,0","2,7",03:31,"14,3",12:02,99,"1,1","6,1",Varias,,,,,
2013-02-21,0009X,ALFORJA,TARRAGONA,406,"10,0","0,0","5,0",00:18,"15,0",13:57,28,"4,4","12,2",14:40,,,,,
2013-02-22,0009X,ALFORJA,TARRAGONA,406,"8,0",,"5,2",23:54,"10,8",12:09,24,"2,8","10,8",11:40,,,,,
2013-02-23,0009X,ALFORJA,TARRAGONA,406,"1,8",,"-1,6",Varias,"5,2",00:01,28,"6,4","19,7",10:00,,,,,
2013-02-24,0009X,ALFORJA,TARRAGONA,406,"3,4","0,0","-1,3",03:33,"8,0",14:49,26,"6,1","17,5",13:20,,,,,
2013-02-25,0009X,ALFORJA,TARRAGONA,406,"3,5","0,0","-0,5",05:32,"7,5",15:08,30,"3,3","14,4",01:50,,,,,
2013-02-26,0009X,ALFORJA,TARRAGONA,406,"3,4","0,0","-1,3",06:41,"8,1",12:26,28,"1,9","7,8",02:20,,,,,
2013-02-27,0009X,ALFORJA,TARRAGONA,406,"4,2","2,4","-2,1",Varias,"10,6",12:09,14,"1,9","7,2",12:50,,,,,
2013-02-28,0009X,ALFORJA,TARRAGONA,406,"5,4","44,2","3,8",04:14,"7,1",14:16,07,"3,9","18,1",23:30,,,,,
2013-03-01,0009X,ALFORJA,TARRAGONA,406,"6,2","2,6","3,9",01:10,"8,4",20:03,10,"3,9","14,4",01:50,,,,,
2013-03-02,0009X,ALFORJA,TARRAGONA,406,"8,8","0,0","3,3",06:10,"14,3",15:04,29,"4,7","13,9",04:10,,,,,
2013-03-03,0009X,ALFORJA,TARRAGONA,406,"7,9","0,0","1,9",06:11,"13,9",15:24,13,"1,1","5,3",12:00,,,,,
2013-03-04,0009X,ALFORJA,TARRAGONA,406,"6,0","45,0","1,3",03:38,"10,7",12:55,10,"3,6","16,7",22:00,,,,,
2013-03-05,0009X,ALFORJA,TARRAGONA,406,"10,6","49,0","9,7",00:01,"11,6",Varias,06,"4,2","12,8",02:20,,,,,
2013-03-06,0009X,ALFORJA,TARRAGONA,406,"13,4","11,0","9,6",19:20,"17,1",Varias,28,"3,3","12,8",10:10,,,,,
2013-03-07,0009X,ALFORJA,TARRAGONA,406,"14,8","0,8","10,3",22:38,"19,3",11:46,22,"2,2","13,9",23:20,,,,,
2013-03-08,0009X,ALFORJA,TARRAGONA,406,"14,7","0,2","11,0",05:56,"18,4",14:49,28,"4,7","16,9",07:20,,,,,
2013-03-09,0009X,ALFORJA,TARRAGONA,406,"12,2","0,2","8,2",20:32,"16,3",12:00,24,"4,2","12,5",04:40,,,,,
2013-03-10,0009X,ALFORJA,TARRAGONA,406,"13,2","0,0","9,8",23:53,"16,5",12:55,24,"5,0","14,7",13:10,,,,,
2013-03-11,0009X,ALFORJA,TARRAGONA,406,"11,4","0,2","8,1",06:23,"14,8",12:31,28,"5,3","13,9",08:50,,,,,
2013-03-12,0009X,ALFORJA,TARRAGONA,406,"9,8","3,6","4,7",23:47,"14,9",14:13,26,"4,2","14,2",04:20,,,,,
2013-03-13,0009X,ALFORJA,TARRAGONA,406,"4,2","0,0","1,3",21:29,"7,2",02:52,27,"8,1","19,7",18:30,,,,,
2013-03-14,0009X,ALFORJA,TARRAGONA,406,"5,6","0,0","0,7",05:45,"10,5",13:46,27,"7,8","21,9",15:20,,,,,
2013-03-15,0009X,ALFORJA,TARRAGONA,406,"7,2","0,0","2,0",23:52,"12,3",14:52,28,"6,7","16,1",00:50,,,,,
2013-03-16,0009X,ALFORJA,TARRAGONA,406,"6,6","1,8","1,7",00:28,"11,4",15:03,12,"1,9","7,2",15:40,,,,,
2013-03-17,0009X,ALFORJA,TARRAGONA,406,"9,1","1,8","7,1",02:47,"11,1",13:12,27,"1,1","9,2",23:20,,,,,
2013-03-18,0009X,ALFORJA,TARRAGONA,406,"9,4","0,0","5,1",06:08,"13,6",15:30,28,"6,1","18,3",11:00,,,,,
2013-03-19,0009X,ALFORJA,TARRAGONA,406,"8,6","3,6","2,3",05:53,"14,8",11:26,14,"1,9","8,6",12:10,,,,,
2013-03-20,0009X,ALFORJA,TARRAGONA,406,"10,6","0,0","6,2",01:17,"15,1",13:49,27,"4,2","13,9",10:40,,,,,
2013-03-21,0009X,ALFORJA,TARRAGONA,406,"10,9","0,0","4,4",05:55,"17,4",13:00,10,"2,5","7,8",13:50,,,,,
2013-03-22,0009X,ALFORJA,TARRAGONA,406,"10,4","0,0","3,8",05:58,"17,1",13:08,26,"1,4","11,1",23:40,,,,,
2013-03-23,0009X,ALFORJA,TARRAGONA,406,"11,0","0,0","6,1",23:58,"16,0",14:19,31,"1,7","10,8",00:40,,,,,
2013-03-24,0009X,ALFORJA,TARRAGONA,406,"11,9","0,0","5,6",04:47,"18,2",14:46,99,"3,9","11,1",12:30,,,,,
2013-03-25,0009X,ALFORJA,TARRAGONA,406,"12,5","0,4","8,3",05:45,"16,7",13:24,27,"6,9","17,5",10:10,,,,,
2013-03-26,0009X,ALFORJA,TARRAGONA,406,"14,2","5,0","9,9",05:14,"18,6",14:24,29,"3,6","11,7",13:00,,,,,
2013-03-27,0009X,ALFORJA,TARRAGONA,406,"12,4","1,6","9,3",05:24,"15,5",14:00,12,"1,1","6,1",14:40,,,,,
2013-03-28,0009X,ALFORJA,TARRAGONA,406,"14,6","0,4","9,1",03:44,"20,1",13:14,99,"2,8","10,8",Varias,,,,,
2013-03-29,0009X,ALFORJA,TARRAGONA,406,"14,8","1,4","11,5",06:26,"18,1",Varias,28,"3,6","15,6",10:20,,,,,
2013-03-30,0009X,ALFORJA,TARRAGONA,406,"14,0","0,0","10,4",23:53,"17,5",14:51,29,"6,9","24,4",13:20,,,,,
2013-03-31,0009X,ALFORJA,TARRAGONA,406,"13,4","0,8","8,2",05:14,"18,6",14:59,29,"3,9","14,7",11:30,,,,,
2013-04-01,0009X,ALFORJA,TARRAGONA,406,"13,0","0,8","9,4",23:52,"16,5",14:13,27,"5,6","18,6",12:10,,,,,
2013-04-02,0009X,ALFORJA,TARRAGONA,406,"12,8","0,0","8,9",Varias,"16,7",14:23,28,"7,2","17,2",11:30,,,,,
2013-04-03,0009X,ALFORJA,TARRAGONA,406,"11,9","1,0","6,6",05:37,"17,2",10:54,28,"2,2","10,3",02:40,,,,,
2013-04-04,0009X,ALFORJA,TARRAGONA,406,"11,8","3,4","7,9",02:02,"15,8",12:15,26,"2,2","12,5",23:00,,,,,
2013-04-05,0009X,ALFORJA,TARRAGONA,406,"6,0","1,0","3,6",23:55,"8,5",17:34,28,"4,7","15,6",02:20,,,,,
2013-04-06,0009X,ALFORJA,TARRAGONA,406,"7,6","0,4","2,5",03:16,"12,7",16:43,28,"5,3","15,3",03:40,,,,,
2013-04-07,0009X,ALFORJA,TARRAGONA,406,"9,0","0,0","3,6",03:55,"14,4",Varias,28,"4,4","15,8",03:10,,,,,
2013-04-08,0009X,ALFORJA,TARRAGONA,406,"12,3","0,0","7,0",23:02,"17,6",14:58,32,"4,4","15,3",10:20,,,,,
2013-04-09,0009X,ALFORJA,TARRAGONA,406,"14,2","0,0","8,0",00:01,"20,4",14:43,24,"5,0","14,2",12:50,,,,,
2013-04-10,0009X,ALFORJA,TARRAGONA,406,"15,4","0,0","9,9",04:47,"20,9",15:21,28,"2,2","12,2",12:40,,,,,
2013-04-11,0009X,ALFORJA,TARRAGONA,406,"18,2","0,0","14,2",23:55,"22,3",12:28,28,"2,2","16,9",20:30,,,,,
2013-04-12,0009X,ALFORJA,TARRAGONA,406,"14,9","0,0","8,9",22:45,"20,9",15:24,99,"3,6","12,8",Varias,,,,,
2013-04-13,0009X,ALFORJA,TARRAGONA,406,"14,1","0,0","7,1",04:49,"21,1",14:35,12,"1,4","6,7",15:30,,,,,
2013-04-14,0009X,ALFORJA,TARRAGONA,406,"14,2","0,0","7,3",03:04,"21,0",13:05,08,"2,2","7,5",11:40,,,,,
2013-04-15,0009X,ALFORJA,TARRAGONA,406,"15,4","0,0","8,5",00:04,"22,4",12:56,10,"1,4","6,7",12:00,,,,,
2013-04-16,0009X,ALFORJA,TARRAGONA,406,"16,4","0,0","8,6",05:31,"24,3",13:23,12,"1,4","6,7",14:00,,,,,
2013-04-17,0009X,ALFORJA,TARRAGONA,406,"17,0","0,0","9,6",04:42,"24,5",10:48,13,"1,4","6,4",12:20,,,,,
2013-04-18,0009X,ALFORJA,TARRAGONA,406,"15,3","0,0","7,8",02:40,"22,8",10:24,10,"1,9","6,4",12:00,,,,,
2013-04-19,0009X,ALFORJA,TARRAGONA,406,"12,6","0,0","9,1",05:14,"16,0",13:48,28,"6,1","15,8",15:00,,,,,
2013-04-20,0009X,ALFORJA,TARRAGONA,406,"11,9","0,0","5,5",05:03,"18,3",15:25,30,"4,7","13,1",06:10,,,,,
2013-04-21,0009X,ALFORJA,TARRAGONA,406,"11,4","0,0","5,4",23:47,"17,4",12:49,30,"3,3","10,3",04:40,,,,,
2013-04-22,0009X,ALFORJA,TARRAGONA,406,"12,3","0,0","5,4",00:01,"19,2",15:16,30,"3,3","11,1",07:00,,,,,
2013-04-23,0009X,ALFORJA,TARRAGONA,406,"13,6","0,0","7,6",04:44,"19,7",11:51,28,"2,8","10,0",04:30,,,,,
2013-04-24,0009X,ALFORJA,TARRAGONA,406,"12,6","1,4","5,7",04:39,"19,4",12:52,12,"3,1","9,4",11:30,,,,,
2013-04-25,0009X,ALFORJA,TARRAGONA,406,"14,0","8,6","11,8",04:19,"16,3",10:47,11,"2,8","11,4",18:40,,,,,
2013-04-26,0009X,ALFORJA,TARRAGONA,406,"13,8","13,2","10,3",23:55,"17,3",13:54,25,"1,9","9,4",21:10,,,,,
2013-04-27,0009X,ALFORJA,TARRAGONA,406,"9,0","9,2","4,3",08:12,"13,8",15:33,28,"6,1","14,2",14:00,,,,,
2013-04-28,0009X,ALFORJA,TARRAGONA,406,"4,8","27,6","2,5",07:05,"7,0",00:01,28,"2,5","10,8",11:30,,,,,
2013-04-29,0009X,ALFORJA,TARRAGONA,406,"9,1","47,2","6,7",00:01,"11,5",10:54,28,"3,6","10,3",14:00,,,,,
2013-04-30,0009X,ALFORJA,TARRAGONA,406,"10,4","7,2","5,1",Varias,"15,8",12:20,27,"3,1","9,7",02:20,,,,,
2013-05-01,0009X,ALFORJA,TARRAGONA,406,"11,4","0,0","5,0",00:09,"17,7",14:14,11,"1,9","6,9",12:30,,,,,
2013-05-02,0009X,ALFORJA,TARRAGONA,406,"13,3","0,0","8,7",00:13,"17,9",10:51,26,"5,3","12,8",20:50,,,,,
2013-05-03,0009X,ALFORJA,TARRAGONA,406,"14,0","0,0","7,6",Varias,"20,3",14:56,28,"3,6","13,1",02:50,,,,,
2013-05-04,0009X,ALFORJA,TARRAGONA,406,"15,4","1,8","9,4",04:35,"21,3",14:37,99,"2,8","8,9",06:40,,,,,
2013-05-05,0009X,ALFORJA,TARRAGONA,406,"15,5","0,0","9,8",23:52,"21,2",13:27,28,"1,9","7,8",06:10,,,,,
2013-05-06,0009X,ALFORJA,TARRAGONA,406,"17,2","0,0","9,0",03:19,"25,3",13:32,99,"2,2","8,6",Varias,,,,,
2013-05-07,0009X,ALFORJA,TARRAGONA,406,"21,2","0,0","17,0",04:41,"25,4",15:37,28,"4,4","12,2",14:30,,,,,
2013-05-08,0009X,ALFORJA,TARRAGONA,406,"19,4","0,0","14,3",03:03,"24,4",16:21,30,"3,1","8,3",13:50,,,,,
2013-05-09,0009X,ALFORJA,TARRAGONA,406,"17,2","1,8","12,6",03:04,"21,7",14:53,22,"1,7","6,9",21:20,,,,,
2013-05-10,0009X,ALFORJA,TARRAGONA,406,"16,3","0,0","10,8",22:59,"21,8",15:21,27,"4,2","13,9",11:20,,,,,
2013-05-11,0009X,ALFORJA,TARRAGONA,406,"16,7","0,0","11,0",00:05,"22,4",14:33,23,"4,7","12,8",11:30,,,,,
2013-05-12,0009X,ALFORJA,TARRAGONA,406,"15,2","0,0","8,8",04:31,"21,5",15:54,26,"4,2","14,4",11:40,,,,,
2013-05-13,0009X,ALFORJA,TARRAGONA,406,"15,7","0,0","8,4",04:35,"23,0",12:31,28,"3,1","8,6",09:50,,,,,
2013-05-14,0009X,ALFORJA,TARRAGONA,406,"13,2","9,4","10,8",20:19,"15,5",11:11,04,"1,7","5,0",18:00,,,,,
2013-05-15,0009X,ALFORJA,TARRAGONA,406,"12,6","19,8","7,9",23:35,"17,2",12:03,28,"2,8","11,9",21:00,,,,,
2013-05-16,0009X,ALFORJA,TARRAGONA,406,"11,6","0,0","6,2",05:36,"17,1",15:24,27,"6,4","16,1",10:40,,,,,
2013-05-17,0009X,ALFORJA,TARRAGONA,406,"11,2","11,8","5,4",05:00,"17,0",13:30,10,"2,5","9,2",12:00,,,,,
2013-05-18,0009X,ALFORJA,TARRAGONA,406,"12,0","5,6","8,3",Varias,"15,8",12:08,26,"2,5","11,4",09:50,,,,,
2013-05-19,0009X,ALFORJA,TARRAGONA,406,"13,0","22,8","8,1",23:09,"18,0",14:41,27,"4,7","13,9",07:50,,,,,
2013-05-20,0009X,ALFORJA,TARRAGONA,406,"11,2","0,0","7,9",24:00,"14,5",13:47,04,"2,2","6,4",14:00,,,,,
2013-05-21,0009X,ALFORJA,TARRAGONA,406,"12,2","0,0","6,0",02:55,"18,4",15:24,27,"3,3","13,9",23:50,,,,,
2013-05-22,0009X,ALFORJA,TARRAGONA,406,"15,6","0,0","8,9",04:40,"22,2",13:30,28,"5,8","15,8",11:30,,,,,
2013-05-23,0009X,ALFORJA,TARRAGONA,406,"15,0","0,0","9,7",Varias,"20,4",13:17,99,"7,8","16,4",Varias,,,,,
2013-05-24,0009X,ALFORJA,TARRAGONA,406,"13,1","0,0","8,1",04:57,"18,1",14:07,27,"6,4","16,1",09:30,,,,,
2013-05-25,0009X,ALFORJA,TARRAGONA,406,"13,6","0,0","7,8",Varias,"19,3",14:27,28,"7,2","16,7",07:40,,,,,
2013-05-26,0009X,ALFORJA,TARRAGONA,406,"13,2","2,0","7,6",00:48,"18,8",12:36,13,"3,1","8,1",11:20,,,,,
2013-05-27,0009X,ALFORJA,TARRAGONA,406,"13,2","0,2","8,3",23:59,"18,0",11:34,13,"2,2","8,6",13:00,,,,,
2013-05-28,0009X,ALFORJA,TARRAGONA,406,"13,6","0,0","8,1",01:53,"19,1",14:30,28,"5,6","17,2",16:30,,,,,
2013-05-29,0009X,ALFORJA,TARRAGONA,406,"12,8","0,0","7,8",04:31,"17,7",14:17,26,"6,7","18,6",13:50,,,,,
2013-05-30,0009X,ALFORJA,TARRAGONA,406,"13,0","0,0","7,5",04:34,"18,5",14:55,26,"6,9","18,3",11:30,,,,,
2013-05-31,0009X,ALFORJA,TARRAGONA,406,"15,8","0,0","10,3",Varias,"21,3",16:04,27,"7,5","17,8",02:00,,,,,
2013-06-01,0009X,ALFORJA,TARRAGONA,406,"17,4","0,0","10,4",04:49,"24,3",14:15,26,"7,8","16,9",11:40,,,,,
2013-06-02,0009X,ALFORJA,TARRAGONA,406,"17,5","0,0","9,7",03:41,"25,3",15:44,28,"5,8","15,0",07:30,,,,,
2013-06-03,0009X,ALFORJA,TARRAGONA,406,"17,7","0,0","10,3",04:24,"25,1",14:22,26,"4,2","13,9",07:30,,,,,
2013-06-04,0009X,ALFORJA,TARRAGONA,406,"17,2","0,0","11,1",23:45,"23,4",11:35,28,"2,8","8,6",05:50,,,,,
2013-06-05,0009X,ALFORJA,TARRAGONA,406,"15,9","0,0","9,6",03:16,"22,2",12:30,12,"1,7","7,5",13:50,,,,,
2013-06-06,0009X,ALFORJA,TARRAGONA,406,"16,6","0,4","9,7",04:45,"23,4",13:29,13,"1,9","7,8",13:30,,,,,
2013-06-07,0009X,ALFORJA,TARRAGONA,406,"17,6","18,4","11,7",02:03,"23,4",13:44,12,"1,9","7,5",13:40,,,,,
2013-06-08,0009X,ALFORJA,TARRAGONA,406,"15,5","2,0","10,8",05:40,"20,2",11:49,26,"1,9","13,1",05:10,,,,,
2013-06-09,0009X,ALFORJA,TARRAGONA,406,"15,2","2,0","10,7",00:13,"19,8",10:15,26,"4,2","13,6",09:40,,,,,
2013-06-10,0009X,ALFORJA,TARRAGONA,406,"19,2","0,0","13,2",03:49,"25,2",14:47,27,"3,6","13,3",01:30,,,,,
2013-06-11,0009X,ALFORJA,TARRAGONA,406,"21,6","0,0","13,9",00:01,"29,4",15:07,28,"3,1","9,7",11:30,,,,,
2013-06-12,0009X,ALFORJA,TARRAGONA,406,"20,2","0,0","13,8",04:05,"26,7",11:47,10,"1,7","6,1",12:20,,,,,
2013-06-13,0009X,ALFORJA,TARRAGONA,406,"21,2","1,4","13,8",Varias,"28,6",11:28,12,"1,4","6,7",13:10,,,,,
2013-06-14,0009X,ALFORJA,TARRAGONA,406,"20,0","0,0","14,2",04:44,"25,8",Varias,14,"1,9","6,9",10:20,,,,,
2013-06-15,0009X,ALFORJA,TARRAGONA,406,"20,4","0,4","14,0",04:18,"26,7",12:40,09,"1,4","6,4",14:00,,,,,
2013-06-16,0009X,ALFORJA,TARRAGONA,406,"21,6","0,0","14,5",05:34,"28,7",15:02,09,"1,9","7,5",13:50,,,,,
2013-06-17,0009X,ALFORJA,TARRAGONA,406,"21,1","2,6","15,4",01:37,"26,8",10:44,13,"2,8","9,7",13:20,,,,,
2013-06-18,0009X,ALFORJA,TARRAGONA,406,"18,7","5,8","14,6",23:36,"22,8",12:04,18,"2,5","13,1",13:30,,,,,
2013-06-19,0009X,ALFORJA,TARRAGONA,406,"17,2","0,0","11,8",04:34,"22,6",16:26,28,"3,9","11,4",00:30,,,,,
2013-06-20,0009X,ALFORJA,TARRAGONA,406,"19,4","0,0","14,3",04:38,"24,6",15:53,28,"3,3","9,7",03:30,,,,,
2013-06-21,0009X,ALFORJA,TARRAGONA,406,"17,6","0,0","12,2",04:57,"22,9",12:56,12,"1,9","5,6",13:00,,,,,
2013-06-22,0009X,ALFORJA,TARRAGONA,406,"20,2","0,0","13,5",04:44,"27,0",15:50,28,"3,6","11,7",03:30,,,,,
2013-06-23,0009X,ALFORJA,TARRAGONA,406,"19,7","0,0","12,7",23:59,"26,7",13:10,28,"4,7","12,5",21:30,,,,,
2013-06-24,0009X,ALFORJA,TARRAGONA,406,"17,6","0,0","10,6",Varias,"24,6",14:59,29,"4,2","13,3",05:40,,,,,
2013-06-25,0009X,ALFORJA,TARRAGONA,406,"17,1","0,0","9,5",02:34,"24,7",12:28,27,"3,1","8,9",06:40,,,,,
2013-06-26,0009X,ALFORJA,TARRAGONA,406,"19,2","0,0","12,4",04:49,"25,9",13:26,29,"3,1","10,6",04:10,,,,,
2013-06-27,0009X,ALFORJA,TARRAGONA,406,"20,5","0,0","13,5",03:02,"27,5",14:21,27,"3,6","9,7",07:30,,,,,
2013-06-28,0009X,ALFORJA,TARRAGONA,406,"20,8","0,0","14,5",03:47,"27,0",15:32,26,"3,9","9,4",11:30,,,,,
2013-06-29,0009X,ALFORJA,TARRAGONA,406,"21,4","0,0","14,4",01:17,"28,5",13:09,30,"2,8","8,6",05:50,,,,,
2013-06-30,0009X,ALFORJA,TARRAGONA,406,"20,5","0,0","14,9",00:56,"26,1",10:37,30,"2,8","9,2",04:30,,,,,
2013-07-01,0009X,ALFORJA,TARRAGONA,406,"19,9","0,4","12,9",04:42,"26,9",11:03,12,"2,2","8,1",11:10,,,,,
2013-07-02,0009X,ALFORJA,TARRAGONA,406,"21,0","0,0","16,0",04:35,"26,1",13:49,99,"1,9","6,7",Varias,,,,,
2013-07-03,0009X,ALFORJA,TARRAGONA,406,"21,6","0,0","15,4",02:35,"27,8",11:27,29,"2,8","8,6",05:50,,,,,
2013-07-04,0009X,ALFORJA,TARRAGONA,406,"23,2","0,0","16,8",02:34,"29,6",12:03,28,"3,9","11,1",05:40,,,,,
2013-07-05,0009X,ALFORJA,TARRAGONA,406,"22,4","0,0","15,7",04:42,"29,1",11:13,08,"1,9","7,2",11:30,,,,,
2013-07-06,0009X,ALFORJA,TARRAGONA,406,"23,4","0,0","16,3",01:15,"30,4",13:35,14,"1,9","6,9",12:10,,,,,
2013-07-07,0009X,ALFORJA,TARRAGONA,406,"23,8","0,0","16,3",02:02,"31,3",10:30,10,"2,5","7,2",13:10,,,,,
2013-07-08,0009X,ALFORJA,TARRAGONA,406,"23,2","0,0","16,5",23:54,"30,0",12:18,12,"2,2","7,5",13:40,,,,,
2013-07-09,0009X,ALFORJA,TARRAGONA,406,"22,6","0,0","15,6",Varias,"29,5",11:44,12,"1,9","7,5",13:30,,,,,
2013-07-10,0009X,ALFORJA,TARRAGONA,406,"22,2","0,2","16,1",04:38,"28,4",12:41,14,"2,2","7,8",12:10,,,,,
2013-07-11,0009X,ALFORJA,TARRAGONA,406,"23,8","0,4","17,6",23:56,"30,0",12:21,10,"1,9","9,2",16:10,,,,,
2013-07-12,0009X,ALFORJA,TARRAGONA,406,"22,9","0,0","15,1",04:39,"30,7",12:27,11,"2,2","7,2",12:40,,,,,
2013-07-13,0009X,ALFORJA,TARRAGONA,406,"24,2","0,0","18,2",Varias,"30,2",13:16,34,"2,2","20,3",22:50,,,,,
2013-07-14,0009X,ALFORJA,TARRAGONA,406,"24,0","1,8","17,4",23:39,"30,5",12:07,14,"1,9","7,5",13:30,,,,,
2013-07-15,0009X,ALFORJA,TARRAGONA,406,"23,4","0,0","16,2",04:51,"30,7",13:12,99,"1,9","7,5",11:30,,,,,
2013-07-16,0009X,ALFORJA,TARRAGONA,406,"24,3","0,0","17,2",04:59,"31,4",13:24,10,"1,4","8,1",15:30,,,,,
2013-07-17,0009X,ALFORJA,TARRAGONA,406,"25,2","1,2","18,9",00:01,"31,4",13:20,13,"1,9","7,2",14:30,,,,,
2013-07-18,0009X,ALFORJA,TARRAGONA,406,"23,4","0,6","17,7",05:08,"29,0",13:16,13,"1,9","7,5",14:20,,,,,
2013-07-19,0009X,ALFORJA,TARRAGONA,406,"22,6","0,4","17,6",04:35,"27,5",13:21,11,"1,4","7,5",15:20,,,,,
2013-07-20,0009X,ALFORJA,TARRAGONA,406,"24,4","0,0","18,1",03:42,"30,8",11:51,32,"2,5","8,6",04:30,,,,,
2013-07-21,0009X,ALFORJA,TARRAGONA,406,"24,3","0,0","17,5",04:57,"31,1",11:24,13,"1,7","9,4",11:40,,,,,
2013-07-22,0009X,ALFORJA,TARRAGONA,406,"24,4","0,0","17,8",23:48,"30,9",11:20,12,"1,9","8,3",12:20,,,,,
2013-07-23,0009X,ALFORJA,TARRAGONA,406,"23,7","0,2","16,8",02:03,"30,6",11:34,12,"1,9","7,2",12:00,,,,,
2013-07-24,0009X,ALFORJA,TARRAGONA,406,"24,9","0,0","18,8",23:56,"31,0",12:50,10,"1,9","6,9",13:10,,,,,
2013-07-25,0009X,ALFORJA,TARRAGONA,406,"24,3","0,0","17,5",01:43,"31,1",13:40,12,"1,7","7,5",14:00,,,,,
2013-07-26,0009X,ALFORJA,TARRAGONA,406,"24,0","0,0","17,3",04:47,"30,8",14:21,12,"2,8","9,4",13:20,,,,,
2013-07-27,0009X,ALFORJA,TARRAGONA,406,"25,8","0,0","20,5",04:27,"31,1",14:09,12,"2,2","6,9",09:40,,,,,
2013-07-28,0009X,ALFORJA,TARRAGONA,406,"25,4","0,6","18,4",23:55,"32,4",15:25,28,"4,4","11,1",07:00,,,,,
2013-07-29,0009X,ALFORJA,TARRAGONA,406,"23,8","0,0","17,1",Varias,"30,6",15:22,28,"4,4","13,3",08:50,,,,,
2013-07-30,0009X,ALFORJA,TARRAGONA,406,"22,6","0,0","15,9",05:02,"29,2",14:27,13,"1,7","8,6",11:10,,,,,
2013-07-31,0009X,ALFORJA,TARRAGONA,406,"23,8","0,0","16,3",Varias,"31,3",12:14,09,"1,7","6,9",13:20,,,,,
2013-08-01,0009X,ALFORJA,TARRAGONA,406,"22,6","0,0","15,5",04:40,"29,7",13:44,11,"2,2","8,1",12:20,,,,,
2013-08-02,0009X,ALFORJA,TARRAGONA,406,"23,7","0,0","17,8",04:20,"29,6",12:52,08,"1,9","8,1",10:20,,,,,
2013-08-03,0009X,ALFORJA,TARRAGONA,406,"22,5","0,0","18,1",23:59,"26,9",10:27,10,"1,9","6,9",12:10,,,,,
2013-08-04,0009X,ALFORJA,TARRAGONA,406,"23,2","0,0","15,7",05:04,"30,8",13:10,10,"1,4","7,5",13:20,,,,,
2013-08-05,0009X,ALFORJA,TARRAGONA,406,"23,5","0,0","16,9",04:57,"30,1",13:57,12,"1,9","6,9",Varias,,,,,
2013-08-06,0009X,ALFORJA,TARRAGONA,406,"24,8","0,0","18,8",01:30,"30,9",11:59,11,"2,8","7,8",14:00,,,,,
2013-08-07,0009X,ALFORJA,TARRAGONA,406,"23,1","1,8","18,2",23:40,"28,0",13:02,27,"3,6","15,0",22:40,,,,,
2013-08-08,0009X,ALFORJA,TARRAGONA,406,"21,6","0,0","15,3",05:18,"27,9",14:47,27,"5,8","15,8",02:30,,,,,
2013-08-09,0009X,ALFORJA,TARRAGONA,406,"22,4","0,0","15,2",05:01,"29,7",15:25,28,"4,2","12,2",04:30,,,,,
2013-08-10,0009X,ALFORJA,TARRAGONA,406,"24,2","0,0","17,5",22:50,"30,8",13:54,26,"3,1","10,0",03:50,,,,,
2013-08-11,0009X,ALFORJA,TARRAGONA,406,"22,4","0,0","15,5",03:19,"29,4",14:32,09,"2,2","8,1",11:20,,,,,
2013-08-12,0009X,ALFORJA,TARRAGONA,406,"22,0","0,0","14,9",04:20,"29,1",13:38,13,"1,7","7,2",13:20,,,,,
2013-08-13,0009X,ALFORJA,TARRAGONA,406,"24,8","0,0","18,6",24:00,"31,1",10:48,28,"2,8","8,3",08:30,,,,,
2013-08-14,0009X,ALFORJA,TARRAGONA,406,"25,2","0,0","18,4",01:58,"32,0",13:07,19,"2,8","8,9",10:00,,,,,
2013-08-15,0009X,ALFORJA,TARRAGONA,406,"25,1","0,0","20,7",05:57,"29,5",12:35,12,"1,9","7,5",13:40,,,,,
2013-08-16,0009X,ALFORJA,TARRAGONA,406,"24,1","0,4","20,0",05:18,"28,2",12:37,31,"1,4","9,7",18:50,,,,,
2013-08-17,0009X,ALFORJA,TARRAGONA,406,"23,2","3,8","18,1",04:23,"28,3",10:33,30,"3,3","10,3",06:50,,,,,
2013-08-18,0009X,ALFORJA,TARRAGONA,406,"23,6","0,2","18,1",23:59,"29,1",12:45,12,"1,9","7,8",11:50,,,,,
2013-08-19,0009X,ALFORJA,TARRAGONA,406,"23,8","0,0","17,3",05:00,"30,4",12:56,99,"1,4","6,9",Varias,,,,,
2013-08-20,0009X,ALFORJA,TARRAGONA,406,"23,6","0,0","17,3",06:05,"30,0",14:19,28,"3,1","11,4",02:30,,,,,
2013-08-21,0009X,ALFORJA,TARRAGONA,406,"23,3","0,0","17,3",05:32,"29,3",12:17,11,"2,5","8,1",13:20,,,,,
2013-08-22,0009X,ALFORJA,TARRAGONA,406,"21,3","0,0","16,9",05:28,"25,7",12:04,99,"1,9","7,2",Varias,,,,,
2013-08-23,0009X,ALFORJA,TARRAGONA,406,"22,8","0,0","17,5",23:55,"28,2",13:54,09,"1,7","8,3",13:40,,,,,
2013-08-24,0009X,ALFORJA,TARRAGONA,406,"21,8","0,0","16,1",01:37,"27,4",14:12,27,"2,2","11,7",23:40,,,,,
2013-08-25,0009X,ALFORJA,TARRAGONA,406,"21,4","0,0","15,1",04:25,"27,7",15:06,99,"4,7","15,0",Varias,,,,,
2013-08-26,0009X,ALFORJA,TARRAGONA,406,"20,0","0,0","15,3",23:59,"24,7",11:36,27,"2,8","8,3",04:40,,,,,
2013-08-27,0009X,ALFORJA,TARRAGONA,406,"21,6","0,0","15,2",Varias,"27,9",13:29,26,"2,8","8,6",06:20,,,,,
2013-08-28,0009X,ALFORJA,TARRAGONA,406,"19,2","1,2","15,2",23:07,"23,1",11:59,31,"2,5","8,1",04:10,,,,,
2013-08-29,0009X,ALFORJA,TARRAGONA,406,"20,8","0,0","15,5",03:31,"26,2",13:59,09,"1,4","6,1",12:30,,,,,
2013-08-30,0009X,ALFORJA,TARRAGONA,406,"22,6","0,4","17,5",23:56,"27,6",15:06,26,"3,6","9,4",12:50,,,,,
2013-08-31,0009X,ALFORJA,TARRAGONA,406,"22,1","0,0","15,3",04:30,"28,9",13:56,27,"3,6","11,1",07:50,,,,,
2013-09-01,0009X,ALFORJA,TARRAGONA,406,"22,8","0,0","15,4",00:32,"30,1",13:59,26,"3,6","13,3",07:50,,,,,
2013-09-02,0009X,ALFORJA,TARRAGONA,406,"21,8","0,0","15,6",22:34,"27,9",15:30,28,"2,5","11,7",05:40,,,,,
2013-09-03,0009X,ALFORJA,TARRAGONA,406,"21,6","0,0","13,9",05:23,"29,4",12:28,11,"1,7","7,8",15:30,,,,,
2013-09-04,0009X,ALFORJA,TARRAGONA,406,"20,0","0,0","13,2",04:21,"26,7",11:55,12,"1,7","8,3",11:10,,,,,
2013-09-05,0009X,ALFORJA,TARRAGONA,406,"20,8","0,0","13,0",05:02,"28,6",13:15,12,"1,7","8,1",11:20,,,,,
2013-09-06,0009X,ALFORJA,TARRAGONA,406,"21,7","0,0","15,7",05:42,"27,7",12:56,12,"1,9","7,2",13:10,,,,,
2013-09-07,0009X,ALFORJA,TARRAGONA,406,"18,6","15,0","15,5",22:46,"21,7",08:21,24,"1,1","8,3",11:50,,,,,
2013-09-08,0009X,ALFORJA,TARRAGONA,406,"20,7","0,0","15,4",02:59,"26,0",12:57,29,"1,4","7,2",22:20,,,,,
2013-09-09,0009X,ALFORJA,TARRAGONA,406,"20,4","0,0","13,9",05:44,"27,0",14:21,22,"3,1","9,7",04:50,,,,,
2013-09-10,0009X,ALFORJA,TARRAGONA,406,"21,8","0,0","15,0",00:54,"28,6",13:42,30,"3,3","10,3",04:10,,,,,
2013-09-11,0009X,ALFORJA,TARRAGONA,406,"17,9","0,0","12,5",23:20,"23,3",15:36,28,"3,3","12,5",04:20,,,,,
2013-09-12,0009X,ALFORJA,TARRAGONA,406,"18,4","0,0","11,8",05:01,"25,0",15:26,27,"3,9","13,9",02:30,,,,,
2013-09-13,0009X,ALFORJA,TARRAGONA,406,"20,6","0,0","14,5",00:01,"26,6",12:47,25,"3,3","9,7",05:20,,,,,
2013-09-14,0009X,ALFORJA,TARRAGONA,406,"20,4","0,0","13,9",03:43,"27,0",13:08,12,"1,7","7,8",13:30,,,,,
2013-09-15,0009X,ALFORJA,TARRAGONA,406,"19,9","0,0","13,5",22:09,"26,3",14:30,99,"4,2","10,8",Varias,,,,,
2013-09-16,0009X,ALFORJA,TARRAGONA,406,"21,0","0,0","14,0",Varias,"28,0",15:01,28,"4,2","13,9",23:30,,,,,
2013-09-17,0009X,ALFORJA,TARRAGONA,406,"20,4","0,0","15,6",20:24,"25,2",15:26,26,"5,3","15,3",03:00,,,,,
2013-09-18,0009X,ALFORJA,TARRAGONA,406,"20,3","0,0","13,5",Varias,"27,1",15:06,28,"5,6","14,7",07:30,,,,,
2013-09-19,0009X,ALFORJA,TARRAGONA,406,"21,5","0,0","16,0",23:58,"27,0",14:26,30,"5,3","14,2",23:30,,,,,
2013-09-20,0009X,ALFORJA,TARRAGONA,406,"20,4","0,0","14,5",Varias,"26,2",14:03,26,"3,1","13,1",00:10,,,,,
2013-09-21,0009X,ALFORJA,TARRAGONA,406,"20,6","0,0","13,7",23:53,"27,6",12:42,30,"3,1","8,9",02:20,,,,,
2013-09-22,0009X,ALFORJA,TARRAGONA,406,"19,8","0,0","12,3",05:40,"27,2",11:19,12,"1,7","6,9",12:10,,,,,
2013-09-23,0009X,ALFORJA,TARRAGONA,406,"18,8","0,0","15,1",20:58,"22,6",13:42,18,"1,1","5,6",16:20,,,,,
2013-09-24,0009X,ALFORJA,TARRAGONA,406,"20,0","0,0","13,8",02:37,"26,1",12:55,10,"1,7","7,2",12:40,,,,,
2013-09-25,0009X,ALFORJA,TARRAGONA,406,"21,4","0,0","15,6",06:06,"27,1",13:29,15,"1,7","6,4",13:40,,,,,
2013-09-26,0009X,ALFORJA,TARRAGONA,406,"21,8","0,0","16,4",23:46,"27,1",11:55,12,"1,9","6,9",12:20,,,,,
2013-09-27,0009X,ALFORJA,TARRAGONA,406,,"0,0",,,,,,,,,,,,,
2013-09-28,0009X,ALFORJA,TARRAGONA,406,"20,4","0,0","15,6",00:15,"25,2",13:58,28,"0,8","7,5",22:10,,,,,
2013-09-29,0009X,ALFORJA,TARRAGONA,406,"21,6","0,0","17,5",06:01,"25,7",14:07,27,"3,9","11,7",11:10,,,,,
2013-09-30,0009X,ALFORJA,TARRAGONA,406,"21,8","0,0","16,3",04:36,"27,2",15:02,27,"3,1","11,7",12:20,,,,,
2013-10-01,0009X,ALFORJA,TARRAGONA,406,"25,5","0,0","20,0",05:13,"31,0",14:45,28,"3,1","10,0",11:00,,,,,
2013-10-02,0009X,ALFORJA,TARRAGONA,406,"24,9","0,0","20,1",20:26,"29,7",12:03,32,"2,5","12,5",02:10,,,,,
2013-10-03,0009X,ALFORJA,TARRAGONA,406,"20,8","2,2","19,4",23:10,"22,3",Varias,14,"2,8","9,2",16:50,,,,,
2013-10-04,0009X,ALFORJA,TARRAGONA,406,"21,1","3,8","17,2",23:15,"25,0",13:22,30,"2,2","11,4",15:10,,,,,
2013-10-05,0009X,ALFORJA,TARRAGONA,406,"19,4","0,0","14,8",06:02,"24,0",13:57,28,"4,7","13,1",08:10,,,,,
2013-10-06,0009X,ALFORJA,TARRAGONA,406,"18,8","0,0","13,7",06:17,"24,0",13:57,28,"3,3","12,8",05:40,,,,,
2013-10-07,0009X,ALFORJA,TARRAGONA,406,"17,3","0,0","12,1",23:56,"22,5",13:04,28,"1,9","8,9",01:00,,,,,
2013-10-08,0009X,ALFORJA,TARRAGONA,406,"17,9","0,0","11,7",02:13,"24,1",12:25,26,"1,9","6,7",08:00,,,,,
2013-10-09,0009X,ALFORJA,TARRAGONA,406,"17,6","0,0","12,1",05:34,"23,1",14:37,99,"3,1","9,7",Varias,,,,,
2013-10-10,0009X,ALFORJA,TARRAGONA,406,"16,7","0,0","11,5",06:41,"21,9",15:26,25,"5,6","12,8",15:30,,,,,
2013-10-11,0009X,ALFORJA,TARRAGONA,406,"13,7","0,0","9,0",05:02,"18,4",13:47,28,"3,6","12,5",05:50,,,,,
2013-10-12,0009X,ALFORJA,TARRAGONA,406,"14,6","0,0","9,2",06:10,"19,9",12:46,26,"2,2","8,1",09:30,,,,,
2013-10-13,0009X,ALFORJA,TARRAGONA,406,"17,4","0,0","11,0",05:11,"23,9",12:53,12,"1,4","8,1",13:20,,,,,
2013-10-14,0009X,ALFORJA,TARRAGONA,406,"18,4","0,0","12,7",06:28,"24,1",13:31,27,"2,2","8,9",09:40,,,,,
2013-10-15,0009X,ALFORJA,TARRAGONA,406,"18,8","0,0","14,2",00:01,"23,5",12:12,27,"4,7","12,8",13:00,,,,,
2013-10-16,0009X,ALFORJA,TARRAGONA,406,"21,0","0,0","14,8",23:21,"27,1",13:35,30,"5,3","15,3",02:00,,,,,
2013-10-17,0009X,ALFORJA,TARRAGONA,406,"20,5","0,0","14,8",23:43,"26,2",12:49,28,"2,5","8,9",02:50,,,,,
2013-10-18,0009X,ALFORJA,TARRAGONA,406,"19,0","0,0","14,0",06:32,"24,1",11:56,09,"1,7","5,6",11:00,,,,,
2013-10-19,0009X,ALFORJA,TARRAGONA,406,"20,4","0,0","17,9",Varias,"23,0",14:05,14,"1,7","5,6",11:00,,,,,
2013-10-20,0009X,ALFORJA,TARRAGONA,406,"19,4","0,0","14,5",04:32,"24,3",13:14,12,"1,1","5,6",11:10,,,,,
2013-10-21,0009X,ALFORJA,TARRAGONA,406,"19,4","0,0","14,7",06:21,"24,1",12:08,15,"1,7","6,7",13:00,,,,,
2013-10-22,0009X,ALFORJA,TARRAGONA,406,"18,6","3,8","15,0",03:52,"22,1",12:30,10,"1,1","6,4",12:20,,,,,
2013-10-23,0009X,ALFORJA,TARRAGONA,406,"19,2","0,0","14,3",21:44,"24,1",14:49,26,"3,6","11,9",12:00,,,,,
2013-10-24,0009X,ALFORJA,TARRAGONA,406,"18,4","0,0","13,1",05:58,"23,8",11:57,12,"1,9","6,9",13:40,,,,,
2013-10-25,0009X,ALFORJA,TARRAGONA,406,"19,7","0,0","15,7",23:59,"23,7",13:29,10,"1,7","6,4",11:00,,,,,
2013-10-26,0009X,ALFORJA,TARRAGONA,406,"18,8","0,0","13,5",03:45,"24,1",11:20,29,"1,1","8,6",23:50,,,,,
2013-10-27,0009X,ALFORJA,TARRAGONA,406,"19,0","0,0","13,3",23:34,"24,8",14:42,28,"4,4","13,6",11:50,,,,,
2013-10-28,0009X,ALFORJA,TARRAGONA,406,"20,8","0,0","13,6",00:01,"28,1",12:32,99,"3,1","9,7",Varias,,,,,
2013-10-29,0009X,ALFORJA,TARRAGONA,406,"14,4","0,0","9,6",24:00,"19,1",00:27,28,"5,8","14,2",12:20,,,,,
2013-10-30,0009X,ALFORJA,TARRAGONA,406,"12,2","0,0","7,2",06:04,"17,1",Varias,99,"5,3","13,3",Varias,,,,,
2013-10-31,0009X,ALFORJA,TARRAGONA,406,"12,8","0,0","7,8",06:12,"17,7",13:55,27,"5,0","12,5",01:20,,,,,
2013-11-01,0009X,ALFORJA,TARRAGONA,406,"16,0","0,0","11,1",04:44,"21,0",13:46,27,"2,5","8,3",09:20,,,,,
2013-11-02,0009X,ALFORJA,TARRAGONA,406,"19,0","0,0","13,9",18:40,"24,0",12:23,30,"4,2","12,2",06:50,,,,,
2013-11-03,0009X,ALFORJA,TARRAGONA,406,"17,2","0,0","12,7",20:32,"21,8",13:40,28,"3,1","13,1",10:30,,,,,
2013-11-04,0009X,ALFORJA,TARRAGONA,406,"15,0","0,6","12,3",01:19,"17,7",14:28,25,"5,3","17,2",22:10,,,,,
2013-11-05,0009X,ALFORJA,TARRAGONA,406,"18,0","0,0","13,4",01:39,"22,6",13:56,27,"7,8","23,9",11:20,,,,,
2013-11-06,0009X,ALFORJA,TARRAGONA,406,"19,1","0,0","14,1",21:39,"24,1",12:35,23,"4,7","17,2",07:30,,,,,
2013-11-07,0009X,ALFORJA,TARRAGONA,406,"17,6","0,0","11,9",06:08,"23,2",13:22,10,"1,4","5,8",11:50,,,,,
2013-11-08,0009X,ALFORJA,TARRAGONA,406,"17,4","0,0","13,6",06:44,"21,1",11:36,30,"4,7","14,2",07:40,,,,,
2013-11-09,0009X,ALFORJA,TARRAGONA,406,"12,6","0,0","8,8",05:57,"16,5",14:51,26,"6,4","16,1",07:00,,,,,
2013-11-10,0009X,ALFORJA,TARRAGONA,406,"15,2","0,0","12,8",00:29,"17,7",10:58,28,"7,2","19,4",11:40,,,,,
2013-11-11,0009X,ALFORJA,TARRAGONA,406,"16,2","0,0","11,7",05:09,"20,6",13:42,28,"5,6","15,8",14:40,,,,,
2013-11-12,0009X,ALFORJA,TARRAGONA,406,"15,3","0,0","10,9",06:12,"19,7",15:26,99,"5,0","13,3",Varias,,,,,
2013-11-13,0009X,ALFORJA,TARRAGONA,406,"15,8","0,0","11,8",23:52,"19,9",14:07,26,"4,2","13,3",22:40,,,,,
2013-11-14,0009X,ALFORJA,TARRAGONA,406,"12,8","0,0","9,0",23:54,"16,6",13:36,25,"8,6","17,8",14:00,,,,,
2013-11-15,0009X,ALFORJA,TARRAGONA,406,"9,4","1,0","5,7",22:57,"13,1",13:35,27,"4,2","15,3",01:20,,,,,
2013-11-16,0009X,ALFORJA,TARRAGONA,406,"7,8","103,4","5,2",01:29,"10,4",21:11,06,"3,3","20,3",09:10,,,,,
2013-11-17,0009X,ALFORJA,TARRAGONA,406,"9,2","19,2","5,3",05:26,"13,0",12:16,33,"1,7","13,9",21:40,,,,,
2013-11-18,0009X,ALFORJA,TARRAGONA,406,"9,2","14,2","7,0",06:25,"11,4",13:15,28,"3,3","12,2",22:40,,,,,
2013-11-19,0009X,ALFORJA,TARRAGONA,406,"9,2","0,0","5,8",Varias,"12,7",11:57,27,"6,9","18,3",22:00,,,,,
2013-11-20,0009X,ALFORJA,TARRAGONA,406,"6,3","0,0","3,4",07:38,"9,2",13:39,27,"6,1","18,6",03:00,,,,,
2013-11-21,0009X,ALFORJA,TARRAGONA,406,"8,0","0,0","5,0",00:01,"11,0",10:41,25,"6,1","19,7",11:00,,,,,
2013-11-22,0009X,ALFORJA,TARRAGONA,406,"6,3","0,0","3,0",22:15,"9,6",12:47,28,"7,2","15,6",15:20,,,,,
2013-11-23,0009X,ALFORJA,TARRAGONA,406,"6,5","0,0","1,9",06:55,"11,1",14:43,26,"8,1","20,0",13:50,,,,,
2013-11-24,0009X,ALFORJA,TARRAGONA,406,"6,3","0,0","3,0",23:40,"9,6",Varias,29,"7,8","16,1",11:30,,,,,
2013-11-25,0009X,ALFORJA,TARRAGONA,406,"6,1","0,0","2,6",Varias,"9,6",13:51,28,"8,3","18,1",08:20,,,,,
2013-11-26,0009X,ALFORJA,TARRAGONA,406,"4,4","0,0","1,2",06:40,"7,7",13:52,28,"6,9","16,7",05:20,,,,,
2013-11-27,0009X,ALFORJA,TARRAGONA,406,"4,2","0,0","-0,4",21:02,"8,7",14:35,28,"3,6","16,4",Varias,,,,,
2013-11-28,0009X,ALFORJA,TARRAGONA,406,"4,2","0,0","-0,4",03:44,"8,7",13:32,26,"4,7","10,0",11:00,,,,,
2013-11-29,0009X,ALFORJA,TARRAGONA,406,"4,8","0,0","1,5",02:10,"8,2",13:42,27,"5,3","16,9",23:30,,,,,
2013-11-30,0009X,ALFORJA,TARRAGONA,406,"6,5","0,4","2,5",18:41,"10,5",13:25,30,"5,3","17,2",05:10,,,,,
2013-12-01,0009X,ALFORJA,TARRAGONA,406,"6,0","0,0","2,7",23:53,"9,3",13:17,28,"6,9","15,3",21:50,,,,,
2013-12-02,0009X,ALFORJA,TARRAGONA,406,"4,3","0,0","1,4",04:46,"7,2",20:13,26,"6,4","16,4",03:20,,,,,
2013-12-03,0009X,ALFORJA,TARRAGONA,406,"10,0","0,0","5,5",04:50,"14,5",14:18,23,"4,2","10,6",04:50,,,,,
2013-12-04,0009X,ALFORJA,TARRAGONA,406,"11,6","0,0","7,5",01:42,"15,6",12:25,31,"4,4","11,7",10:20,,,,,
2013-12-05,0009X,ALFORJA,TARRAGONA,406,"7,9","0,0","5,6",Varias,"10,2",14:24,28,"8,6","19,2",07:30,,,,,
2013-12-06,0009X,ALFORJA,TARRAGONA,406,"7,2","0,0","3,4",07:16,"11,0",14:09,28,"8,6","17,2",08:30,,,,,
2013-12-07,0009X,ALFORJA,TARRAGONA,406,"8,1","0,0","3,5",23:59,"12,7",13:45,24,"4,4","14,4",11:30,,,,,
2013-12-08,0009X,ALFORJA,TARRAGONA,406,"6,8","0,0","1,1",06:07,"12,4",12:52,24,"1,4","3,9",00:50,,,,,
2013-12-09,0009X,ALFORJA,TARRAGONA,406,"9,2","0,0","4,1",Varias,"14,2",13:26,14,"1,4","5,3",11:40,,,,,
2013-12-10,0009X,ALFORJA,TARRAGONA,406,"7,8","0,0","1,7",06:43,"13,9",12:37,25,"1,9","4,2",01:00,,,,,
2013-12-11,0009X,ALFORJA,TARRAGONA,406,"7,4","0,0","3,6",Varias,"11,3",13:27,13,"1,4","5,6",13:50,,,,,
2013-12-12,0009X,ALFORJA,TARRAGONA,406,"5,9","0,0","0,7",23:39,"11,1",12:44,23,"3,1","8,9",23:20,,,,,
2013-12-13,0009X,ALFORJA,TARRAGONA,406,"4,6","0,0","0,1",03:38,"9,2",13:32,24,"4,2","12,2",09:30,,,,,
2013-12-14,0009X,ALFORJA,TARRAGONA,406,"6,3","0,0","1,1",02:44,"11,5",14:12,27,"4,4","10,8",12:30,,,,,
2013-12-15,0009X,ALFORJA,TARRAGONA,406,"10,7","0,0","3,3",23:56,"18,1",12:21,24,"2,5","10,0",10:00,,,,,
2013-12-16,0009X,ALFORJA,TARRAGONA,406,"6,2","0,0","1,9",05:23,"10,5",11:43,99,"1,4","6,1",Varias,,,,,
2013-12-17,0009X,ALFORJA,TARRAGONA,406,"9,8","0,0","7,0",24:00,"12,7",10:55,99,"0,8","4,2",04:30,,,,,
2013-12-18,0009X,ALFORJA,TARRAGONA,406,"9,4","0,0","4,2",06:34,"14,5",14:11,27,"1,7","6,7",12:10,,,,,
2013-12-19,0009X,ALFORJA,TARRAGONA,406,"9,8","11,2","6,4",00:02,"13,3",11:18,27,"2,5","12,2",23:30,,,,,
2013-12-20,0009X,ALFORJA,TARRAGONA,406,"7,3","0,0","4,9",23:20,"9,7",15:39,28,"6,9","14,4",11:50,,,,,
2013-12-21,0009X,ALFORJA,TARRAGONA,406,"7,6","0,0","3,1",22:57,"12,1",14:41,22,"3,3","11,7",05:50,,,,,
2013-12-22,0009X,ALFORJA,TARRAGONA,406,"8,8","0,0","3,3",00:08,"14,3",11:24,23,"2,5","7,5",12:50,,,,,
2013-12-23,0009X,ALFORJA,TARRAGONA,406,"9,0","0,0","3,3",23:35,"14,7",13:59,28,"1,9","8,1",04:40,,,,,
2013-12-24,0009X,ALFORJA,TARRAGONA,406,"7,6","0,4","3,3",01:11,"11,8",10:42,99,"0,8","3,6",11:50,,,,,
2013-12-25,0009X,ALFORJA,TARRAGONA,406,"8,2","3,6","6,0",23:44,"10,3",10:51,27,"2,5","20,0",23:40,,,,,
2013-12-26,0009X,ALFORJA,TARRAGONA,406,"7,0","0,0","4,6",05:30,"9,3",13:28,30,"9,2","25,0",01:40,,,,,
2013-12-27,0009X,ALFORJA,TARRAGONA,406,"11,6","0,0","6,9",00:07,"16,2",14:18,28,"3,9","17,8",04:20,,,,,
2013-12-28,0009X,ALFORJA,TARRAGONA,406,"11,2","0,0","7,2",23:51,"15,2",09:35,27,"5,8","15,8",12:30,,,,,
2013-12-29,0009X,ALFORJA,TARRAGONA,406,"6,9","0,0","4,2",23:50,"9,6",14:04,28,"6,7","16,1",01:00,,,,,
2013-12-30,0009X,ALFORJA,TARRAGONA,406,"7,5","0,0","3,9",01:08,"11,1",13:57,28,"5,0","12,5",00:10,,,,,
2013-12-31,0009X,ALFORJA,TARRAGONA,406,"8,2","0,0","4,1",04:54,"12,3",13:27,27,"4,2","12,5",21:10,,,,,
2014-01-01,0009X,ALFORJA,TARRAGONA,406,"11,2","0,8","7,5",18:58,"14,9",13:03,28,"2,2","11,7",01:00,,,,,
2014-01-02,0009X,ALFORJA,TARRAGONA,406,"11,8","0,0","8,0",01:06,"15,7",12:48,28,"3,3","10,6",13:50,,,,,
2014-01-03,0009X,ALFORJA,TARRAGONA,406,"13,6","0,2","10,2",22:53,"17,1",14:45,27,"4,4","13,1",13:40,,,,,
2014-01-04,0009X,ALFORJA,TARRAGONA,406,"11,2","3,0","5,4",20:31,"16,9",11:40,24,"4,2","22,2",22:50,,,,,
2014-01-05,0009X,ALFORJA,TARRAGONA,406,"8,4","0,0","4,8",Varias,"12,1",23:07,23,"6,7","21,4",00:30,,,,,
2014-01-06,0009X,ALFORJA,TARRAGONA,406,"12,4","0,0","7,6",23:59,"17,3",12:42,27,"3,6","15,3",03:50,,,,,
2014-01-07,0009X,ALFORJA,TARRAGONA,406,"11,4","0,0","5,8",03:42,"17,0",12:13,26,"1,1","4,2",06:20,,,,,
2014-01-08,0009X,ALFORJA,TARRAGONA,406,"8,8","0,0","2,9",24:00,"14,6",13:15,07,"1,1","3,9",09:40,,,,,
2014-01-09,0009X,ALFORJA,TARRAGONA,406,"8,4","0,0","2,3",00:53,"14,4",11:05,09,"0,8","3,3",11:30,,,,,
2014-01-10,0009X,ALFORJA,TARRAGONA,406,"5,6","0,0","3,3",04:34,"8,0",15:35,11,"1,1","3,6",13:00,,,,,
2014-01-11,0009X,ALFORJA,TARRAGONA,406,"9,6","3,2","7,5",00:01,"11,6",14:55,28,"0,3","5,8",23:59,,,,,
2014-01-12,0009X,ALFORJA,TARRAGONA,406,"11,2","1,0","7,4",04:52,"14,9",11:42,27,"2,5","9,4",23:50,,,,,
2014-01-13,0009X,ALFORJA,TARRAGONA,406,"9,3","1,4","6,8",23:47,"11,8",03:25,28,"4,7","15,8",22:10,,,,,
2014-01-14,0009X,ALFORJA,TARRAGONA,406,"8,1","0,0","5,8",23:58,"10,4",13:22,28,"6,1","16,1",11:10,,,,,
2014-01-15,0009X,ALFORJA,TARRAGONA,406,"8,4","1,8","5,1",04:02,"11,7",14:23,28,"3,3","15,3",07:20,,,,,
2014-01-16,0009X,ALFORJA,TARRAGONA,406,"9,5","0,0","7,0",21:46,"12,0",11:05,27,"2,5","8,3",23:50,,,,,
2014-01-17,0009X,ALFORJA,TARRAGONA,406,"8,7","4,2","4,1",20:55,"13,3",12:37,28,"2,8","12,5",03:30,,,,,
2014-01-18,0009X,ALFORJA,TARRAGONA,406,"7,9","26,6","5,2",00:03,"10,6",13:07,11,"2,5","12,2",12:30,,,,,
2014-01-19,0009X,ALFORJA,TARRAGONA,406,"7,3","0,0","5,0",22:48,"9,6",14:23,28,"5,3","15,3",22:50,,,,,
2014-01-20,0009X,ALFORJA,TARRAGONA,406,"6,8","0,0","4,0",23:41,"9,7",13:52,26,"8,6","18,3",06:00,,,,,
2014-01-21,0009X,ALFORJA,TARRAGONA,406,"6,6","0,0","3,4",Varias,"9,9",15:36,27,"3,6","13,6",11:50,,,,,
2014-01-22,0009X,ALFORJA,TARRAGONA,406,"5,4","1,4","2,9",00:23,"8,0",Varias,29,"2,5","8,1",08:20,,,,,
2014-01-23,0009X,ALFORJA,TARRAGONA,406,"8,5","0,0","4,3",07:08,"12,7",14:58,28,"5,6","13,6",20:50,,,,,
2014-01-24,0009X,ALFORJA,TARRAGONA,406,"10,4","0,0","7,1",01:00,"13,7",13:22,23,"6,7","17,8",18:30,,,,,
2014-01-25,0009X,ALFORJA,TARRAGONA,406,"13,9","0,0","10,1",23:53,"17,7",15:19,28,"6,1","16,1",21:00,,,,,
2014-01-26,0009X,ALFORJA,TARRAGONA,406,"13,1","0,0","9,8",00:46,"16,4",14:34,30,"7,2","17,5",07:30,,,,,
2014-01-27,0009X,ALFORJA,TARRAGONA,406,"9,2","0,4","6,1",Varias,"12,4",14:10,26,"6,9","19,7",13:40,,,,,
2014-01-28,0009X,ALFORJA,TARRAGONA,406,"7,4","3,2","4,0",Varias,"10,8",14:47,27,"4,7","17,5",11:50,,,,,
2014-01-29,0009X,ALFORJA,TARRAGONA,406,"8,4","1,6","4,0",05:17,"12,7",12:45,32,"3,9","11,9",20:50,,,,,
2014-01-30,0009X,ALFORJA,TARRAGONA,406,"6,6","0,0","2,8",06:21,"10,3",13:44,27,"6,4","16,9",10:00,,,,,
2014-01-31,0009X,ALFORJA,TARRAGONA,406,"7,3","0,0","3,2",23:14,"11,4",14:37,29,"3,6","14,4",10:00,,,,,
2014-02-01,0009X,ALFORJA,TARRAGONA,406,"8,0","0,2","3,6",22:17,"12,4",15:12,26,"3,1","14,4",18:30,,,,,
2014-02-02,0009X,ALFORJA,TARRAGONA,406,"6,0","0,0","2,3",07:15,"9,8",14:31,27,"8,3","15,3",06:40,,,,,
2014-02-03,0009X,ALFORJA,TARRAGONA,406,"6,6","0,0","2,2",07:11,"11,1",10:32,28,"2,5","8,9",23:10,,,,,
2014-02-04,0009X,ALFORJA,TARRAGONA,406,"8,2","3,0","4,2",08:25,"12,3",14:34,27,"3,1","10,3",02:30,,,,,
2014-02-05,0009X,ALFORJA,TARRAGONA,406,"10,0","0,0","5,8",02:35,"14,2",13:54,24,"4,7","19,7",13:30,,,,,
2014-02-06,0009X,ALFORJA,TARRAGONA,406,"10,2","0,0","4,6",01:40,"15,8",13:53,12,"1,9","5,3",11:40,,,,,
2014-02-07,0009X,ALFORJA,TARRAGONA,406,"10,1","0,0","7,5",00:15,"12,7",14:35,27,"6,7","19,2",11:20,,,,,
2014-02-08,0009X,ALFORJA,TARRAGONA,406,"11,0","0,0","5,9",04:13,"16,0",12:10,28,"2,5","13,6",23:10,,,,,
2014-02-09,0009X,ALFORJA,TARRAGONA,406,"7,2","15,2","4,8",21:03,"9,6",13:41,29,"2,8","14,7",06:10,,,,,
2014-02-10,0009X,ALFORJA,TARRAGONA,406,"6,6","0,2","4,8",23:38,"8,3",08:39,27,"6,7","21,7",18:40,,,,,
2014-02-11,0009X,ALFORJA,TARRAGONA,406,"5,2","0,8","2,5",07:00,"7,9",11:45,28,"6,1","18,6",10:20,,,,,
2014-02-12,0009X,ALFORJA,TARRAGONA,406,"9,0","0,0","4,1",Varias,"14,0",13:34,30,"4,2","20,6",01:20,,,,,
2014-02-13,0009X,ALFORJA,TARRAGONA,406,"11,3","0,0","4,2",04:24,"18,4",14:30,27,"5,8","16,7",11:20,,,,,
2014-02-14,0009X,ALFORJA,TARRAGONA,406,"13,6","0,0","7,4",06:59,"19,8",14:31,02,"1,4","5,8",11:10,,,,,
2014-02-15,0009X,ALFORJA,TARRAGONA,406,"13,6","5,2","7,9",23:54,"19,3",14:35,32,"3,9","12,8",21:40,,,,,
2014-02-16,0009X,ALFORJA,TARRAGONA,406,"6,4","1,8","3,3",22:06,"9,4",01:41,33,"3,6","12,2",02:20,,,,,
2014-02-17,0009X,ALFORJA,TARRAGONA,406,"7,0","0,0","1,3",06:07,"12,6",13:45,28,"1,9","5,3",02:30,,,,,
2014-02-18,0009X,ALFORJA,TARRAGONA,406,"8,2","0,0","4,0",00:01,"12,4",13:35,26,"5,8","13,3",23:30,,,,,
2014-02-19,0009X,ALFORJA,TARRAGONA,406,"10,9","0,0","6,4",Varias,"15,4",15:11,28,"6,7","15,8",07:00,,,,,
2014-02-20,0009X,ALFORJA,TARRAGONA,406,"11,9","0,0","7,1",03:14,"16,7",16:10,26,"6,1","16,1",11:30,,,,,
2014-02-21,0009X,ALFORJA,TARRAGONA,406,"9,5","0,0","6,4",23:36,"12,6",15:11,26,"5,3","16,4",13:20,,,,,
2014-02-22,0009X,ALFORJA,TARRAGONA,406,"9,4","0,0","4,9",06:51,"13,8",14:53,28,"3,9","11,7",00:20,,,,,
2014-02-23,0009X,ALFORJA,TARRAGONA,406,"10,4","0,0","5,3",04:26,"15,5",12:13,28,"1,9","7,5",00:50,,,,,
2014-02-24,0009X,ALFORJA,TARRAGONA,406,"9,3","0,0","5,3",22:22,"13,3",12:52,12,"2,2","6,9",12:40,,,,,
2014-02-25,0009X,ALFORJA,TARRAGONA,406,"9,6","1,2","5,6",19:59,"13,5",16:03,26,"3,6","14,4",23:20,,,,,
2014-02-26,0009X,ALFORJA,TARRAGONA,406,"8,4","0,0","4,8",05:18,"12,1",14:14,28,"6,1","15,6",07:30,,,,,
2014-02-27,0009X,ALFORJA,TARRAGONA,406,"6,4","0,0","2,8",05:33,"9,9",14:10,28,"6,1","13,6",18:00,,,,,
2014-02-28,0009X,ALFORJA,TARRAGONA,406,"9,3","1,0","4,8",22:08,"13,8",10:37,27,"4,4","17,5",17:40,,,,,
2014-03-01,0009X,ALFORJA,TARRAGONA,406,"7,6","0,0","4,6",01:50,"10,7",12:06,26,"6,4","14,7",10:00,,,,,
2014-03-02,0009X,ALFORJA,TARRAGONA,406,"10,8","0,4","4,6",05:16,"17,1",14:40,27,"4,7","15,3",13:00,,,,,
2014-03-03,0009X,ALFORJA,TARRAGONA,406,"9,0","2,8","5,7",19:47,"12,4",14:24,28,"6,4","23,9",09:40,,,,,
2014-03-04,0009X,ALFORJA,TARRAGONA,406,"8,8","0,0","5,4",05:36,"12,1",14:46,25,"6,9","23,3",13:40,,,,,
2014-03-05,0009X,ALFORJA,TARRAGONA,406,"11,3","0,0","6,1",21:33,"16,5",13:08,28,"3,6","17,2",08:30,,,,,
2014-03-06,0009X,ALFORJA,TARRAGONA,406,"9,8","0,0","3,3",22:57,"16,2",11:55,28,"3,6","14,7",08:30,,,,,
2014-03-07,0009X,ALFORJA,TARRAGONA,406,"10,5","0,0","2,5",01:43,"18,5",13:42,24,"1,9","6,9",10:50,,,,,
2014-03-08,0009X,ALFORJA,TARRAGONA,406,"11,2","0,0","4,2",23:58,"18,2",Varias,11,"1,4","6,1",12:30,,,,,
2014-03-09,0009X,ALFORJA,TARRAGONA,406,"9,7","0,0","2,8",01:12,"16,6",12:33,14,"1,4","8,1",14:20,,,,,
2014-03-10,0009X,ALFORJA,TARRAGONA,406,"11,9","0,0","4,3",00:30,"19,5",15:04,27,"3,1","9,2",12:30,,,,,
2014-03-11,0009X,ALFORJA,TARRAGONA,406,"11,1","0,0","4,9",04:49,"17,3",11:48,99,"2,5","6,7",12:30,,,,,
2014-03-12,0009X,ALFORJA,TARRAGONA,406,"8,9","0,0","3,0",06:21,"14,8",11:04,13,"2,8","9,2",10:50,,,,,
2014-03-13,0009X,ALFORJA,TARRAGONA,406,"9,3","0,0","3,9",00:05,"14,7",11:17,10,"1,4","8,1",08:30,,,,,
2014-03-14,0009X,ALFORJA,TARRAGONA,406,"11,2","0,0","5,1",00:36,"17,4",15:01,12,"2,2","9,2",15:10,,,,,
2014-03-15,0009X,ALFORJA,TARRAGONA,406,"13,2","0,0","6,7",01:48,"19,6",14:45,28,"6,7","16,9",22:30,,,,,
2014-03-16,0009X,ALFORJA,TARRAGONA,406,"14,4","0,0","7,3",05:44,"21,6",15:31,30,"7,5","17,5",06:50,,,,,
2014-03-17,0009X,ALFORJA,TARRAGONA,406,"17,2","0,0","9,3",23:15,"25,0",13:22,27,"2,8","9,4",03:20,,,,,
2014-03-18,0009X,ALFORJA,TARRAGONA,406,"15,1","0,0","8,5",03:56,"21,7",11:01,26,"1,4","10,3",22:40,,,,,
2014-03-19,0009X,ALFORJA,TARRAGONA,406,"13,0","0,0","7,1",23:58,"19,0",15:09,27,"3,6","12,5",04:40,,,,,
2014-03-20,0009X,ALFORJA,TARRAGONA,406,"11,4","0,0","6,1",05:03,"16,6",11:01,12,"1,9","6,7",13:00,,,,,
2014-03-21,0009X,ALFORJA,TARRAGONA,406,,"0,6",,,,,10,"0,6","6,9",14:30,,,,,
2014-03-22,0009X,ALFORJA,TARRAGONA,406,,"0,6",,,,,28,"2,5","13,3",20:10,,,,,
2014-03-23,0009X,ALFORJA,TARRAGONA,406,,"0,0",,,,,27,"7,2","20,6",11:10,,,,,
2014-03-24,0009X,ALFORJA,TARRAGONA,406,"10,8","0,2","4,2",03:53,"17,4",14:31,26,"5,3","16,4",20:30,,,,,
2014-03-25,0009X,ALFORJA,TARRAGONA,406,"9,1","3,6","4,8",23:56,"13,4",11:48,24,"6,1","18,6",10:00,,,,,
2014-03-26,0009X,ALFORJA,TARRAGONA,406,"9,8","0,0","4,2",03:23,"15,3",15:05,29,"6,1","16,4",05:40,,,,,
2014-03-27,0009X,ALFORJA,TARRAGONA,406,"9,1","0,0","3,2",23:49,"15,0",15:22,28,"4,4","13,6",08:30,,,,,
2014-03-28,0009X,ALFORJA,TARRAGONA,406,"7,8","0,0","2,4",04:43,"13,2",13:52,10,"2,8","9,4",18:00,,,,,
2014-03-29,0009X,ALFORJA,TARRAGONA,406,"11,9","0,4","8,6",03:40,"15,2",11:47,10,"5,6","19,7",11:30,,,,,
2014-03-30,0009X,ALFORJA,TARRAGONA,406,"11,1","27,4","10,2",Varias,"12,0",12:59,07,"1,7","7,5",10:30,,,,,
2014-03-31,0009X,ALFORJA,TARRAGONA,406,"13,2","0,2","7,9",23:58,"18,4",13:23,10,"1,7","6,7",13:30,,,,,
2014-04-01,0009X,ALFORJA,TARRAGONA,406,"10,6","0,0","5,0",05:44,"16,2",14:41,14,"1,4","5,6",12:00,,,,,
2014-04-02,0009X,ALFORJA,TARRAGONA,406,"12,3","7,4","8,5",03:41,"16,1",12:32,16,"2,5","9,7",14:00,,,,,
2014-04-03,0009X,ALFORJA,TARRAGONA,406,"11,0","49,6","8,8",23:36,"13,1",00:01,26,"4,2","12,2",23:50,,,,,
2014-04-04,0009X,ALFORJA,TARRAGONA,406,"13,3","0,0","8,8",00:01,"17,8",14:57,26,"8,3","17,8",10:20,,,,,
2014-04-05,0009X,ALFORJA,TARRAGONA,406,"17,0","0,0","11,3",05:05,"22,7",15:39,26,"5,3","15,6",05:40,,,,,
2014-04-06,0009X,ALFORJA,TARRAGONA,406,"15,4","0,0","9,7",21:41,"21,1",10:54,31,"2,2","9,7",05:50,,,,,
2014-04-07,0009X,ALFORJA,TARRAGONA,406,"15,2","0,0","9,0",04:56,"21,5",13:57,12,"1,7","6,7",13:30,,,,,
2014-04-08,0009X,ALFORJA,TARRAGONA,406,"14,2","0,0","7,8",05:23,"20,7",12:59,35,"2,8","8,6",07:50,,,,,
2014-04-09,0009X,ALFORJA,TARRAGONA,406,"14,4","0,0","8,5",03:12,"20,4",10:37,26,"1,9","6,4",07:40,,,,,
2014-04-10,0009X,ALFORJA,TARRAGONA,406,"15,4","0,0","9,1",03:10,"21,8",12:32,28,"1,4","7,2",23:59,,,,,
2014-04-11,0009X,ALFORJA,TARRAGONA,406,"17,1","0,8","11,0",05:18,"23,2",11:12,31,"2,8","10,8",00:10,,,,,
2014-04-12,0009X,ALFORJA,TARRAGONA,406,"16,1","0,0","11,0",05:53,"21,2",14:22,27,"1,4","6,9",03:50,,,,,
2014-04-13,0009X,ALFORJA,TARRAGONA,406,"17,2","0,0","10,3",24:00,"24,2",14:50,25,"3,1","11,9",06:30,,,,,
2014-04-14,0009X,ALFORJA,TARRAGONA,406,"15,7","0,0","9,2",05:17,"22,2",13:30,06,"1,7","6,4",12:20,,,,,
2014-04-15,0009X,ALFORJA,TARRAGONA,406,"15,8","0,0","9,3",03:35,"22,2",12:17,11,"1,1","5,3",12:20,,,,,
2014-04-16,0009X,ALFORJA,TARRAGONA,406,"14,5","0,0","8,1",24:00,"20,9",11:57,10,"1,9","6,1",11:20,,,,,
2014-04-17,0009X,ALFORJA,TARRAGONA,406,"12,9","0,0","5,8",05:14,"20,0",12:57,10,"1,4","6,4",16:30,,,,,
2014-04-18,0009X,ALFORJA,TARRAGONA,406,"17,3","0,0","9,2",01:03,"25,4",14:51,27,"2,5","9,2",07:50,,,,,
2014-04-19,0009X,ALFORJA,TARRAGONA,406,"15,8","4,6","9,7",24:00,"21,9",11:01,28,"4,2","10,3",07:10,,,,,
2014-04-20,0009X,ALFORJA,TARRAGONA,406,"12,8","12,6","9,5",01:09,"16,0",13:31,14,"0,8","6,7",15:40,,,,,
2014-04-21,0009X,ALFORJA,TARRAGONA,406,"12,4","53,0","10,1",00:38,"14,6",11:32,10,"1,1","5,8",12:10,,,,,
2014-04-22,0009X,ALFORJA,TARRAGONA,406,"15,6","0,2","10,4",04:41,"20,7",15:36,28,"4,2","11,7",14:30,,,,,
2014-04-23,0009X,ALFORJA,TARRAGONA,406,"16,0","0,0","9,0",03:16,"23,0",15:15,26,"2,2","8,1",14:50,,,,,
2014-04-24,0009X,ALFORJA,TARRAGONA,406,"15,2","12,0","10,5",01:41,"20,0",12:02,26,"2,2","11,4",17:30,,,,,
2014-04-25,0009X,ALFORJA,TARRAGONA,406,"13,1","0,0","8,3",05:11,"17,9",15:00,26,"7,2","18,9",06:10,,,,,
2014-04-26,0009X,ALFORJA,TARRAGONA,406,"16,0","1,2","10,8",Varias,"21,2",14:16,25,"3,9","13,3",05:30,,,,,
2014-04-27,0009X,ALFORJA,TARRAGONA,406,"13,8","0,0","8,7",04:07,"19,0",15:04,28,"6,7","18,9",16:20,,,,,
2014-04-28,0009X,ALFORJA,TARRAGONA,406,"15,2","0,0","10,0",04:54,"20,4",14:40,25,"5,3","18,9",14:30,,,,,
2014-04-29,0009X,ALFORJA,TARRAGONA,406,"16,8","0,0","11,2",04:50,"22,3",13:30,24,"3,9","12,5",09:40,,,,,
2014-04-30,0009X,ALFORJA,TARRAGONA,406,"16,4","0,0","10,3",22:13,"22,6",Varias,28,"5,3","16,7",12:40,,,,,
2014-05-01,0009X,ALFORJA,TARRAGONA,406,"15,8","0,0","8,0",03:47,"23,5",13:13,26,"3,1","13,6",21:30,,,,,
2014-05-02,0009X,ALFORJA,TARRAGONA,406,"16,0","0,0","10,3",23:57,"21,6",14:40,26,"6,4","15,3",14:10,,,,,
2014-05-03,0009X,ALFORJA,TARRAGONA,406,"16,0","0,0","8,5",05:05,"23,5",15:31,25,"6,4","15,3",06:00,,,,,
2014-05-04,0009X,ALFORJA,TARRAGONA,406,"14,4","0,0","7,0",23:52,"21,8",13:09,26,"4,2","15,3",04:00,,,,,
2014-05-05,0009X,ALFORJA,TARRAGONA,406,"13,2","0,0","6,4",05:04,"20,1",12:48,14,"1,9","8,3",12:10,,,,,
2014-05-06,0009X,ALFORJA,TARRAGONA,406,"14,8","0,0","10,5",05:02,"19,2",15:03,12,"1,7","6,1",15:10,,,,,
2014-05-07,0009X,ALFORJA,TARRAGONA,406,"16,6","0,0","10,7",24:00,"22,5",13:00,08,"1,7","6,4",13:20,,,,,
2014-05-08,0009X,ALFORJA,TARRAGONA,406,"16,2","0,0","9,8",01:49,"22,5",13:33,13,"1,9","6,9",12:00,,,,,
2014-05-09,0009X,ALFORJA,TARRAGONA,406,"17,8","0,0","10,7",02:37,"24,8",12:56,33,"3,1","9,4",10:50,,,,,
2014-05-10,0009X,ALFORJA,TARRAGONA,406,"18,4","0,0","10,9",04:08,"26,0",13:30,10,"1,7","6,4",11:30,,,,,
2014-05-11,0009X,ALFORJA,TARRAGONA,406,"19,0","0,0","12,7",23:58,"25,4",14:07,26,"3,1","9,7",13:30,,,,,
2014-05-12,0009X,ALFORJA,TARRAGONA,406,"11,5","2,8","8,3",03:49,"14,7",17:31,27,"0,8","5,8",04:30,,,,,
2014-05-13,0009X,ALFORJA,TARRAGONA,406,"15,5","0,0","9,9",05:28,"21,1",14:34,28,"3,9","13,9",10:40,,,,,
2014-05-14,0009X,ALFORJA,TARRAGONA,406,"14,9","0,0","7,4",04:48,"22,4",15:04,27,"3,6","10,3",06:00,,,,,
2014-05-15,0009X,ALFORJA,TARRAGONA,406,"16,2","0,0","8,9",00:01,"23,6",13:26,22,"2,8","8,3",12:20,,,,,
2014-05-16,0009X,ALFORJA,TARRAGONA,406,"14,8","0,0","8,8",04:55,"20,7",13:02,14,"2,5","8,6",13:50,,,,,
2014-05-17,0009X,ALFORJA,TARRAGONA,406,"16,6","0,0","10,2",04:10,"23,0",12:44,12,"3,3","9,2",15:20,,,,,
2014-05-18,0009X,ALFORJA,TARRAGONA,406,"15,2","0,0","9,6",02:21,"20,9",11:48,13,"1,7","7,8",12:00,,,,,
2014-05-19,0009X,ALFORJA,TARRAGONA,406,"14,2",,"8,2",03:40,"20,1",13:13,10,"2,2","9,4",23:40,,,,,
2014-05-20,0009X,ALFORJA,TARRAGONA,406,"16,8",,"14,3",05:03,"19,3",09:41,08,"3,3","9,4",13:30,,,,,
2014-05-21,0009X,ALFORJA,TARRAGONA,406,"16,0",,"11,1",23:56,"21,0",13:03,10,"3,1","9,7",04:10,,,,,
2014-05-22,0009X,ALFORJA,TARRAGONA,406,"16,8",,"11,1",00:01,"22,4",12:25,24,"4,2","17,5",11:50,,,,,
2014-05-23,0009X,ALFORJA,TARRAGONA,406,"15,5",,"9,3",23:59,"21,7",11:37,24,"2,2","8,6",10:20,,,,,
2014-05-24,0009X,ALFORJA,TARRAGONA,406,"13,2",,"8,9",01:04,"17,5",13:21,12,"2,8","8,3",16:00,,,,,
2014-05-25,0009X,ALFORJA,TARRAGONA,406,"15,6",,"10,8",02:20,"20,4",10:56,08,"2,2","7,5",09:50,,,,,
2014-05-26,0009X,ALFORJA,TARRAGONA,406,"16,1",,"11,8",Varias,"20,4",15:27,28,"5,0","13,1",16:10,,,,,
2014-05-27,0009X,ALFORJA,TARRAGONA,406,"16,0",,"9,6",01:20,"22,4",13:30,28,"3,1","10,0",05:50,,,,,
2014-05-28,0009X,ALFORJA,TARRAGONA,406,"14,7",,"11,6",24:00,"17,8",11:56,99,"2,2","11,1",Varias,,,,,
2014-05-29,0009X,ALFORJA,TARRAGONA,406,"15,6",,"9,9",04:10,"21,4",16:31,29,"3,6","12,8",05:10,,,,,
2014-05-30,0009X,ALFORJA,TARRAGONA,406,"17,0","0,0","12,4",Varias,"21,6",15:12,31,"3,1","13,1",08:30,,,,,
2014-05-31,0009X,ALFORJA,TARRAGONA,406,"17,2","0,0","9,9",04:20,"24,5",14:17,26,"2,8","11,4",05:30,,,,,
2014-06-01,0009X,ALFORJA,TARRAGONA,406,"17,6","0,0","11,4",04:35,"23,9",12:38,27,"3,9","11,7",03:10,,,,,
2014-06-02,0009X,ALFORJA,TARRAGONA,406,"17,2","0,0","10,9",23:45,"23,4",13:14,30,"3,6","11,4",03:20,,,,,
2014-06-03,0009X,ALFORJA,TARRAGONA,406,"17,3","0,0","9,8",02:26,"24,8",12:11,26,"2,8","8,6",09:30,,,,,
2014-06-04,0009X,ALFORJA,TARRAGONA,406,"18,8","0,0","10,3",04:39,"27,2",13:53,27,"2,5","9,4",10:30,,,,,
2014-06-05,0009X,ALFORJA,TARRAGONA,406,"17,6","0,0","12,8",23:44,"22,3",14:35,09,"2,2","7,5",10:50,,,,,
2014-06-06,0009X,ALFORJA,TARRAGONA,406,"18,4","0,0","12,2",Varias,"24,6",13:31,13,"1,7","7,5",15:40,,,,,
2014-06-07,0009X,ALFORJA,TARRAGONA,406,"19,8","0,0","12,4",04:09,"27,1",11:35,12,"2,8","10,0",11:00,,,,,
2014-06-08,0009X,ALFORJA,TARRAGONA,406,"21,3","0,0","14,6",04:04,"28,0",14:49,12,"2,2","8,6",11:30,,,,,
2014-06-09,0009X,ALFORJA,TARRAGONA,406,"22,4",,"15,6",24:00,"29,3",Varias,14,"1,9","7,2",13:00,,,,,
2014-06-10,0009X,ALFORJA,TARRAGONA,406,"21,0",,"13,7",04:18,"28,3",11:31,12,"1,7","7,2",14:40,,,,,
2014-06-11,0009X,ALFORJA,TARRAGONA,406,"22,4",,"15,6",00:45,"29,1",14:02,12,"1,7","6,1",11:10,,,,,
2014-06-12,0009X,ALFORJA,TARRAGONA,406,"24,4",,"16,6",01:26,"32,2",12:40,29,"2,8","11,4",19:50,,,,,
2014-06-13,0009X,ALFORJA,TARRAGONA,406,"26,4",,"19,6",01:13,"33,1",13:20,24,"2,2","8,6",01:20,,,,,
2014-06-14,0009X,ALFORJA,TARRAGONA,406,"24,6",,"18,3",23:50,"30,9",14:45,26,"5,8","16,7",08:30,,,,,
2014-06-15,0009X,ALFORJA,TARRAGONA,406,"22,0",,"16,2",Varias,"27,8",12:44,30,"3,1","10,6",05:30,,,,,
2014-06-16,0009X,ALFORJA,TARRAGONA,406,"19,6",,"14,2",04:19,"25,1",13:57,28,"3,1","10,8",00:40,,,,,
2014-06-17,0009X,ALFORJA,TARRAGONA,406,"19,2",,"13,1",23:53,"25,4",13:02,02,"3,1","10,3",20:10,,,,,
2014-06-18,0009X,ALFORJA,TARRAGONA,406,"17,9",,"11,6",02:42,"24,2",11:27,08,"2,2","7,8",14:20,,,,,
2014-06-19,0009X,ALFORJA,TARRAGONA,406,"19,3",,"13,4",Varias,"25,2",13:42,14,"2,2","7,8",13:00,,,,,
2014-06-20,0009X,ALFORJA,TARRAGONA,406,"20,4",,"13,7",Varias,"27,0",14:39,08,"1,7","6,7",12:50,,,,,
2014-06-21,0009X,ALFORJA,TARRAGONA,406,"21,4",,"14,4",04:35,"28,3",12:08,10,"1,9","7,8",11:20,,,,,
2014-06-22,0009X,ALFORJA,TARRAGONA,406,"20,0",,"14,2",00:53,"25,9",10:03,14,"2,2","7,8",15:20,,,,,
2014-06-23,0009X,ALFORJA,TARRAGONA,406,"22,3",,"16,8",04:30,"27,8",09:53,12,"1,7","6,9",10:50,,,,,
2014-06-24,0009X,ALFORJA,TARRAGONA,406,"19,4","12,0","15,7",23:50,"23,0",06:30,27,"1,7","11,1",07:40,,,,,
2014-06-25,0009X,ALFORJA,TARRAGONA,406,"20,0","3,4","15,1",04:15,"24,8",12:23,28,"3,1","10,3",03:50,,,,,
2014-06-26,0009X,ALFORJA,TARRAGONA,406,"21,8","0,0","16,2",05:21,"27,5",13:56,30,"3,6","11,9",12:10,,,,,
2014-06-27,0009X,ALFORJA,TARRAGONA,406,"21,8","0,0","16,8",23:57,"26,8",13:44,29,"1,9","8,1",03:10,,,,,
2014-06-28,0009X,ALFORJA,TARRAGONA,406,"21,6","0,0","15,4",03:35,"27,7",13:23,27,"1,9","12,2",23:50,,,,,
2014-06-29,0009X,ALFORJA,TARRAGONA,406,"21,2","0,0","16,3",06:12,"26,0",14:16,24,"7,2","17,8",10:30,,,,,
2014-06-30,0009X,ALFORJA,TARRAGONA,406,"20,2","0,0","14,0",04:38,"26,3",11:13,28,"3,6","9,4",06:50,,,,,
2014-07-01,0009X,ALFORJA,TARRAGONA,406,"21,6","1,2","18,2",23:58,"25,0",11:58,11,"2,5","8,1",11:20,,,,,
2014-07-02,0009X,ALFORJA,TARRAGONA,406,"20,2","0,0","16,0",22:27,"24,4",12:31,14,"2,8","9,4",14:00,,,,,
2014-07-03,0009X,ALFORJA,TARRAGONA,406,"21,8","22,8","17,2",08:39,"26,5",15:50,06,"3,3","10,8",15:50,,,,,
2014-07-04,0009X,ALFORJA,TARRAGONA,406,"21,0","0,0","14,9",04:17,"27,1",15:11,27,"4,4","13,3",09:40,,,,,
2014-07-05,0009X,ALFORJA,TARRAGONA,406,"22,1","0,0","15,5",03:11,"28,7",Varias,12,"2,2","6,7",12:40,,,,,
2014-07-06,0009X,ALFORJA,TARRAGONA,406,"21,2","0,0","16,0",01:52,"26,5",10:51,99,"2,2","9,7",15:50,,,,,
2014-07-07,0009X,ALFORJA,TARRAGONA,406,"19,1","0,5","13,2",23:23,"25,0",14:51,27,"3,1","11,4",05:10,,,,,
2014-07-08,0009X,ALFORJA,TARRAGONA,406,"20,9","0,0","13,9",04:43,"27,9",15:20,26,"3,6","15,3",12:30,,,,,
2014-07-09,0009X,ALFORJA,TARRAGONA,406,"20,8","0,0","15,3",23:51,"26,2",14:24,28,"5,6","14,4",08:40,,,,,
2014-07-10,0009X,ALFORJA,TARRAGONA,406,"19,8","0,0","13,0",04:54,"26,7",14:50,26,"5,8","15,3",19:30,,,,,
2014-07-11,0009X,ALFORJA,TARRAGONA,406,"21,0","0,0","13,3",Varias,"28,6",15:07,26,"5,3","14,2",00:20,,,,,
2014-07-12,0009X,ALFORJA,TARRAGONA,406,"20,8","0,0","13,9",23:58,"27,8",15:09,29,"3,1","11,7",03:00,,,,,
2014-07-13,0009X,ALFORJA,TARRAGONA,406,"21,3","0,0","13,3",00:44,"29,3",14:14,25,"3,1","13,1",12:30,,,,,
2014-07-14,0009X,ALFORJA,TARRAGONA,406,"23,5","0,0","17,2",23:55,"29,8",12:34,28,"3,3","13,1",02:30,,,,,
2014-07-15,0009X,ALFORJA,TARRAGONA,406,"21,8","0,0","15,6",02:57,"27,9",12:27,10,"2,2","7,8",11:50,,,,,
2014-07-16,0009X,ALFORJA,TARRAGONA,406,"23,0","0,0","16,9",04:35,"29,0",13:01,09,"2,2","7,8",13:40,,,,,
2014-07-17,0009X,ALFORJA,TARRAGONA,406,"22,8","0,0","16,2",04:39,"29,4",12:33,10,"1,7","7,5",14:50,,,,,
2014-07-18,0009X,ALFORJA,TARRAGONA,406,"22,9","0,2","16,3",03:19,"29,5",12:20,09,"2,5","6,7",15:10,,,,,
2014-07-19,0009X,ALFORJA,TARRAGONA,406,"25,0","0,0","18,7",04:39,"31,2",10:48,99,"1,7","12,8",Varias,,,,,
2014-07-20,0009X,ALFORJA,TARRAGONA,406,"24,0","0,0","19,1",23:54,"29,0",13:32,28,"5,3","14,2",11:40,,,,,
2014-07-21,0009X,ALFORJA,TARRAGONA,406,"23,4","0,0","16,3",04:57,"30,6",15:46,29,"5,3","15,8",07:30,,,,,
2014-07-22,0009X,ALFORJA,TARRAGONA,406,"24,0","0,0","16,1",04:58,"31,8",14:33,26,"3,6","10,8",06:10,,,,,
2014-07-23,0009X,ALFORJA,TARRAGONA,406,"22,9","0,0","15,7",02:03,"30,1",13:15,26,"3,9","9,2",03:40,,,,,
2014-07-24,0009X,ALFORJA,TARRAGONA,406,,"2,8",,,,,13,"1,9","7,5",13:30,,,,,
2014-07-25,0009X,ALFORJA,TARRAGONA,406,"23,2","0,0","17,3",01:36,"29,0",13:14,14,"2,2","8,3",12:30,,,,,
2014-07-26,0009X,ALFORJA,TARRAGONA,406,"23,0","0,0","17,4",02:44,"28,7",11:10,15,"1,9","8,3",12:20,,,,,
2014-07-27,0009X,ALFORJA,TARRAGONA,406,,"0,0",,,,,10,"2,5","7,5",12:10,,,,,
2014-07-28,0009X,ALFORJA,TARRAGONA,406,"24,2","1,4","18,6",23:46,"29,7",13:19,26,"2,5","8,1",08:50,,,,,
2014-07-29,0009X,ALFORJA,TARRAGONA,406,"22,4","0,0","16,2",05:08,"28,7",12:56,99,"3,3","11,7",Varias,,,,,
2014-07-30,0009X,ALFORJA,TARRAGONA,406,"22,4","0,0","14,8",05:00,"30,0",14:26,28,"3,6","12,8",00:40,,,,,
2014-07-31,0009X,ALFORJA,TARRAGONA,406,"24,6","0,0","18,1",23:38,"31,1",12:00,17,"3,6","9,2",12:00,,,,,
2014-08-01,0009X,ALFORJA,TARRAGONA,406,"22,6","0,6","18,1",00:04,"27,0",09:58,14,"2,2","8,1",10:00,,,,,
2014-08-02,0009X,ALFORJA,TARRAGONA,406,"21,9","0,0","17,1",23:53,"26,7",10:22,15,"1,4","6,4",13:30,,,,,
2014-08-03,0009X,ALFORJA,TARRAGONA,406,"22,1","0,0","15,0",05:03,"29,2",12:48,09,"1,9","8,6",14:00,,,,,
2014-08-04,0009X,ALFORJA,TARRAGONA,406,"23,3","0,0","18,5",Varias,"28,1",14:47,12,"1,9","6,7",13:10,,,,,
2014-08-05,0009X,ALFORJA,TARRAGONA,406,"23,8","0,0","19,6",03:05,"28,1",11:05,12,"1,7","7,2",11:10,,,,,
2014-08-06,0009X,ALFORJA,TARRAGONA,406,"26,0","0,0","21,0",Varias,"31,0",11:12,99,"1,7","7,5",Varias,,,,,
2014-08-07,0009X,ALFORJA,TARRAGONA,406,"24,8","0,0","18,9",05:19,"30,6",11:13,10,"1,9","7,2",11:20,,,,,
2014-08-08,0009X,ALFORJA,TARRAGONA,406,"24,2","0,0","20,7",01:20,"27,6",12:40,12,"2,5","7,8",11:50,,,,,
2014-08-09,0009X,ALFORJA,TARRAGONA,406,"24,4","0,0","19,7",23:56,"29,1",13:54,11,"2,8","8,9",13:30,,,,,
2014-08-10,0009X,ALFORJA,TARRAGONA,406,"25,8","0,0","18,2",04:44,"33,5",11:30,28,"1,7","7,5",10:50,,,,,
2014-08-11,0009X,ALFORJA,TARRAGONA,406,"24,8","0,0","19,6",00:05,"30,1",14:11,10,"1,9","8,9",15:10,,,,,
2014-08-12,0009X,ALFORJA,TARRAGONA,406,"21,6","1,0","21,0",05:21,"22,3",Varias,13,"1,1","5,3",10:10,,,,,
2014-08-13,0009X,ALFORJA,TARRAGONA,406,"22,6","0,0","17,2",23:59,"28,1",14:34,27,"4,7","18,1",07:40,,,,,
2014-08-14,0009X,ALFORJA,TARRAGONA,406,"21,4","0,0","14,6",23:38,"28,3",15:30,27,"4,4","14,7",06:50,,,,,
2014-08-15,0009X,ALFORJA,TARRAGONA,406,"22,2","0,0","14,7",00:01,"29,6",13:44,28,"4,4","12,8",07:30,,,,,
2014-08-16,0009X,ALFORJA,TARRAGONA,406,"20,0","0,0","14,8",05:00,"25,2",12:27,30,"3,1","9,7",09:30,,,,,
2014-08-17,0009X,ALFORJA,TARRAGONA,406,"20,8","0,0","14,7",04:49,"26,9",14:40,08,"2,5","8,6",13:30,,,,,
2014-08-18,0009X,ALFORJA,TARRAGONA,406,"22,0","0,0","18,1",23:59,"25,8",10:17,12,"1,9","7,8",10:40,,,,,
2014-08-19,0009X,ALFORJA,TARRAGONA,406,"22,4","7,8","16,9",01:06,"27,9",10:31,29,"3,6","9,2",06:50,,,,,
2014-08-20,0009X,ALFORJA,TARRAGONA,406,"21,9","2,2","19,0",05:27,"24,8",14:40,13,"1,9","6,4",15:00,,,,,
2014-08-21,0009X,ALFORJA,TARRAGONA,406,"19,2","0,0","17,6",04:53,"20,8",14:33,13,"1,1","4,4",15:30,,,,,
2014-08-22,0009X,ALFORJA,TARRAGONA,406,"20,8","12,0","16,6",23:37,"25,0",12:09,28,"2,2","8,6",23:59,,,,,
2014-08-23,0009X,ALFORJA,TARRAGONA,406,"20,8","0,0","14,2",04:46,"27,5",14:51,29,"4,4","12,8",05:40,,,,,
2014-08-24,0009X,ALFORJA,TARRAGONA,406,"22,0","0,0","17,5",02:38,"26,6",14:28,10,"1,7","7,5",13:10,,,,,
2014-08-25,0009X,ALFORJA,TARRAGONA,406,"22,9","0,0","17,5",01:07,"28,3",12:49,99,"1,9","6,9",12:40,,,,,
2014-08-26,0009X,ALFORJA,TARRAGONA,406,"25,8","0,0","16,3",05:13,"35,3",14:30,27,"3,3","11,4",09:30,,,,,
2014-08-27,0009X,ALFORJA,TARRAGONA,406,"24,0","0,0","18,0",05:19,"30,0",11:38,12,"2,2","6,9",14:30,,,,,
2014-08-28,0009X,ALFORJA,TARRAGONA,406,"24,6","0,0","20,2",05:12,"29,0",13:05,10,"1,7","6,7",12:20,,,,,
2014-08-29,0009X,ALFORJA,TARRAGONA,406,"22,2","0,6","18,3",23:55,"26,1",14:52,16,"1,4","6,1",14:30,,,,,
2014-08-30,0009X,ALFORJA,TARRAGONA,406,"22,5","0,0","16,8",Varias,"28,2",12:14,12,"1,7","8,3",12:40,,,,,
2014-08-31,0009X,ALFORJA,TARRAGONA,406,"22,2","0,0","15,8",04:42,"28,7",12:39,10,"1,9","6,7",11:00,,,,,
2014-09-01,0009X,ALFORJA,TARRAGONA,406,"24,1","0,0","17,8",23:55,"30,4",11:30,24,"3,1","10,6",06:50,,,,,
2014-09-02,0009X,ALFORJA,TARRAGONA,406,"23,4","0,0","15,9",05:26,"31,0",12:06,28,"2,5","7,5",10:00,,,,,
2014-09-03,0009X,ALFORJA,TARRAGONA,406,"22,6","0,2","18,2",05:03,"27,1",13:59,11,"1,9","6,7",11:40,,,,,
2014-09-04,0009X,ALFORJA,TARRAGONA,406,"22,6","4,4","19,9",05:45,"25,2",13:47,13,"1,7","5,8",12:50,,,,,
2014-09-05,0009X,ALFORJA,TARRAGONA,406,"22,1","0,0","18,3",23:52,"25,9",13:37,11,"1,4","5,6",12:50,,,,,
2014-09-06,0009X,ALFORJA,TARRAGONA,406,"22,7","0,0","17,1",03:22,"28,3",12:31,14,"1,1","6,4",15:00,,,,,
2014-09-07,0009X,ALFORJA,TARRAGONA,406,"23,4","0,0","19,7",02:37,"27,2",12:42,10,"2,5","7,2",14:00,,,,,
2014-09-08,0009X,ALFORJA,TARRAGONA,406,"24,1","0,0","18,7",23:48,"29,5",12:45,15,"2,2","7,2",13:30,,,,,
2014-09-09,0009X,ALFORJA,TARRAGONA,406,"23,8","0,0","18,3",23:57,"29,2",10:53,11,"0,8","8,1",11:40,,,,,
2014-09-10,0009X,ALFORJA,TARRAGONA,406,"22,8","0,0","16,1",05:40,"29,4",12:55,16,"1,7","8,1",14:30,,,,,
2014-09-11,0009X,ALFORJA,TARRAGONA,406,"25,5","0,0","17,9",04:38,"33,1",14:01,12,"2,2","10,8",14:30,,,,,
2014-09-12,0009X,ALFORJA,TARRAGONA,406,"24,2","0,0","17,2",03:05,"31,1",12:20,26,"2,5","8,3",09:10,,,,,
2014-09-13,0009X,ALFORJA,TARRAGONA,406,"23,8","0,0","18,2",06:10,"29,5",10:58,10,"1,9","8,3",11:10,,,,,
2014-09-14,0009X,ALFORJA,TARRAGONA,406,"21,8","7,6","18,2",24:00,"25,3",12:56,99,"1,9","6,1",Varias,,,,,
2014-09-15,0009X,ALFORJA,TARRAGONA,406,"21,8","0,0","16,0",03:01,"27,6",13:23,12,"1,7","6,1",13:40,,,,,
2014-09-16,0009X,ALFORJA,TARRAGONA,406,"21,2","1,0","17,0",06:05,"25,3",12:12,12,"2,2","7,8",17:20,,,,,
2014-09-17,0009X,ALFORJA,TARRAGONA,406,"22,0","1,0","17,6",03:47,"26,4",10:42,12,"0,6","5,8",11:20,,,,,
2014-09-18,0009X,ALFORJA,TARRAGONA,406,"21,7","14,8","16,7",03:49,"26,7",11:30,12,"1,7","6,7",13:00,,,,,
2014-09-19,0009X,ALFORJA,TARRAGONA,406,"20,4","0,0","14,5",05:34,"26,4",12:27,28,"1,7","15,3",03:50,,,,,
2014-09-20,0009X,ALFORJA,TARRAGONA,406,"22,1","0,0","15,5",03:11,"28,7",14:12,13,"1,1","6,9",14:20,,,,,
2014-09-21,0009X,ALFORJA,TARRAGONA,406,"21,9","3,2","17,4",02:28,"26,4",13:42,32,"1,1","8,1",09:20,,,,,
2014-09-22,0009X,ALFORJA,TARRAGONA,406,"17,2","5,8","16,2",21:21,"18,1",13:51,23,"1,1","5,0",22:10,,,,,
2014-09-23,0009X,ALFORJA,TARRAGONA,406,"18,6","0,0","14,8",23:53,"22,5",14:47,29,"1,9","6,7",05:40,,,,,
2014-09-24,0009X,ALFORJA,TARRAGONA,406,"18,0","0,0","14,6",00:43,"21,5",13:43,26,"3,6","9,7",10:30,,,,,
2014-09-25,0009X,ALFORJA,TARRAGONA,406,"17,2","0,0","11,7",23:48,"22,7",14:11,28,"2,8","10,3",07:30,,,,,
2014-09-26,0009X,ALFORJA,TARRAGONA,406,"18,0","0,0","11,6",00:31,"24,4",13:50,99,"2,2","7,8",07:40,,,,,
2014-09-27,0009X,ALFORJA,TARRAGONA,406,"18,0","0,2","12,0",05:09,"24,1",13:07,11,"0,8","6,7",13:30,,,,,
2014-09-28,0009X,ALFORJA,TARRAGONA,406,"17,3","11,2","15,4",23:02,"19,2",10:07,08,"1,7","6,4",04:10,,,,,
2014-09-29,0009X,ALFORJA,TARRAGONA,406,"19,6","0,0","14,5",05:38,"24,8",12:21,12,"1,1","4,7",12:20,,,,,
2014-09-30,0009X,ALFORJA,TARRAGONA,406,"17,4","18,8","14,3",23:45,"20,6",16:12,30,"1,9","6,4",12:50,,,,,
2014-10-01,0009X,ALFORJA,TARRAGONA,406,"19,3","0,0","14,2",00:06,"24,4",13:19,26,"2,5","8,1",06:20,,,,,
2014-10-02,0009X,ALFORJA,TARRAGONA,406,"19,2","0,0","13,5",Varias,"24,9",11:16,14,"1,7","6,4",12:10,,,,,
2014-10-03,0009X,ALFORJA,TARRAGONA,406,"18,8","0,4","12,7",01:49,"24,8",11:18,12,"1,9","5,8",12:20,,,,,
2014-10-04,0009X,ALFORJA,TARRAGONA,406,"18,3","0,8","12,1",05:51,"24,5",13:13,04,"1,7","6,9",11:40,,,,,
2014-10-05,0009X,ALFORJA,TARRAGONA,406,"18,5","0,0","15,5",06:39,"21,5",14:48,26,"1,9","8,9",04:50,,,,,
2014-10-06,0009X,ALFORJA,TARRAGONA,406,"19,3","0,0","15,2",23:59,"23,4",13:36,14,"0,6","5,0",14:10,,,,,
2014-10-07,0009X,ALFORJA,TARRAGONA,406,"20,1","0,0","13,9",04:18,"26,3",13:58,28,"2,5","9,7",07:30,,,,,
2014-10-08,0009X,ALFORJA,TARRAGONA,406,"19,4","0,0","11,9",04:08,"27,0",11:54,11,"1,9","6,7",13:00,,,,,
2014-10-09,0009X,ALFORJA,TARRAGONA,406,"20,0","0,0","13,2",05:00,"26,7",12:31,10,"1,4","7,5",13:20,,,,,
2014-10-10,0009X,ALFORJA,TARRAGONA,406,"18,8","2,6","13,6",05:38,"23,9",13:38,29,"1,4","6,1",19:00,,,,,
2014-10-11,0009X,ALFORJA,TARRAGONA,406,"19,2","10,8","14,7",02:18,"23,6",12:30,06,"1,7","6,7",23:10,,,,,
2014-10-12,0009X,ALFORJA,TARRAGONA,406,"18,0","0,6","13,0",23:11,"23,0",13:34,17,,"9,4",02:10,,,,,
2014-10-13,0009X,ALFORJA,TARRAGONA,406,"17,2","0,0","10,6",05:34,"23,9",13:40,27,"1,7","6,7",09:30,,,,,
2014-10-14,0009X,ALFORJA,TARRAGONA,406,"16,6","0,2","13,8",02:53,"19,3",11:51,31,"1,9","10,3",21:00,,,,,
2014-10-15,0009X,ALFORJA,TARRAGONA,406,"17,0","0,0","13,0",06:15,"21,1",11:58,26,"3,9","11,4",12:20,,,,,
2014-10-16,0009X,ALFORJA,TARRAGONA,406,"20,9","0,0","15,1",20:36,"26,7",12:42,28,"2,2","8,9",02:10,,,,,
2014-10-17,0009X,ALFORJA,TARRAGONA,406,,"0,0",,,,,29,"2,5","11,9",04:00,,,,,
2014-10-18,0009X,ALFORJA,TARRAGONA,406,"20,4","0,0","12,8",02:38,"28,0",13:54,10,"1,9","5,8",14:10,,,,,
2014-10-19,0009X,ALFORJA,TARRAGONA,406,"20,2","0,0","13,4",Varias,"26,9",11:38,09,"0,8","5,3",13:50,,,,,
2014-10-20,0009X,ALFORJA,TARRAGONA,406,"19,9","0,0","12,0",05:55,"27,8",12:43,28,"0,8","6,7",23:40,,,,,
2014-10-21,0009X,ALFORJA,TARRAGONA,406,"23,2","0,0","17,8",05:36,"28,5",13:14,25,"4,7","22,5",20:20,,,,,
2014-10-22,0009X,ALFORJA,TARRAGONA,406,"17,0","0,0","13,1",23:56,"21,0",14:48,27,"6,4","16,4",02:50,,,,,
2014-10-23,0009X,ALFORJA,TARRAGONA,406,"17,5","0,0","11,7",04:05,"23,3",14:32,31,"6,9","15,8",06:30,,,,,
2014-10-24,0009X,ALFORJA,TARRAGONA,406,"20,0","0,0","13,7",23:44,"26,3",Varias,32,"5,3","14,7",03:30,,,,,
2014-10-25,0009X,ALFORJA,TARRAGONA,406,"20,3","0,0","13,0",23:57,"27,6",14:31,28,"3,6","8,9",11:10,,,,,
2014-10-26,0009X,ALFORJA,TARRAGONA,406,"17,5","0,0","11,7",04:46,"23,3",11:51,11,"1,4","6,4",12:10,,,,,
2014-10-27,0009X,ALFORJA,TARRAGONA,406,"14,4","0,0","10,4",06:39,"18,3",09:31,11,"0,8","5,3",15:10,,,,,
2014-10-28,0009X,ALFORJA,TARRAGONA,406,"15,4","0,0","13,0",23:20,"17,9",12:58,14,"1,1","3,3",12:10,,,,,
2014-10-29,0009X,ALFORJA,TARRAGONA,406,"16,8","0,0","11,7",23:44,"22,0",13:22,16,"1,1","5,0",13:50,,,,,
2014-10-30,0009X,ALFORJA,TARRAGONA,406,,"0,0",,,,,99,"1,1","5,0",Varias,,,,,
2014-10-31,0009X,ALFORJA,TARRAGONA,406,"16,7","0,0","12,2",06:16,"21,2",11:43,09,"0,6","5,6",11:20,,,,,
2014-11-01,0009X,ALFORJA,TARRAGONA,406,,"0,0",,,,,12,"1,1","4,2",13:00,,,,,
2014-11-02,0009X,ALFORJA,TARRAGONA,406,,"0,0",,,,,10,"0,8","5,8",20:50,,,,,
2014-11-03,0009X,ALFORJA,TARRAGONA,406,,"14,6",,,,,29,"1,7","13,9",23:10,,,,,
2014-11-04,0009X,ALFORJA,TARRAGONA,406,,"0,0",,,,,27,"4,7","15,8",19:50,,,,,
2014-11-05,0009X,ALFORJA,TARRAGONA,406,,"0,0",,,,,28,"5,6","12,8",07:50,,,,,
2014-11-06,0009X,ALFORJA,TARRAGONA,406,"9,9","0,0","5,1",05:40,"14,7",14:39,28,"5,3","13,6",09:20,,,,,
2014-11-07,0009X,ALFORJA,TARRAGONA,406,,"0,0",,,,,29,"4,7","12,2",12:40,,,,,
2014-11-08,0009X,ALFORJA,TARRAGONA,406,,"0,0",,,,,28,"1,4","5,8",23:10,,,,,
2014-11-09,0009X,ALFORJA,TARRAGONA,406,"10,7","0,2","8,3",23:59,"13,1",15:04,25,"4,2","10,3",10:50,,,,,
2014-11-10,0009X,ALFORJA,TARRAGONA,406,"10,4","0,0","4,8",20:35,"16,1",14:03,27,"3,1","10,3",03:40,,,,,
2014-11-11,0009X,ALFORJA,TARRAGONA,406,"7,9","4,4","4,1",03:15,"11,7",10:27,27,"1,1","7,2",23:50,,,,,
2014-11-12,0009X,ALFORJA,TARRAGONA,406,"12,5","0,0","8,9",22:33,"16,1",13:10,28,"4,7","13,6",10:40,,,,,
2014-11-13,0009X,ALFORJA,TARRAGONA,406,"14,6","0,0","9,1",Varias,"20,0",14:20,29,"2,5","8,9",01:50,,,,,
2014-11-14,0009X,ALFORJA,TARRAGONA,406,"12,1","7,0","8,3",02:19,"15,9",13:11,26,"1,1","6,4",23:10,,,,,
2014-11-15,0009X,ALFORJA,TARRAGONA,406,"12,6","0,0","10,4",05:07,"14,9",14:01,99,"6,1","16,9",Varias,,,,,
2014-11-16,0009X,ALFORJA,TARRAGONA,406,"11,5","0,0","7,7",20:10,"15,3",12:46,26,"4,4","15,0",11:00,,,,,
2014-11-17,0009X,ALFORJA,TARRAGONA,406,"10,8","0,0","7,6",07:35,"13,9",12:52,28,"6,9","16,9",11:50,,,,,
2014-11-18,0009X,ALFORJA,TARRAGONA,406,"10,9","0,0","6,0",22:44,"15,8",12:31,29,"2,8","12,2",00:10,,,,,
2014-11-19,0009X,ALFORJA,TARRAGONA,406,"12,4","0,0","6,0",01:49,"18,7",12:30,25,"1,9","5,8",09:40,,,,,
2014-11-20,0009X,ALFORJA,TARRAGONA,406,"14,0","0,0","10,2",06:59,"17,7",13:45,14,"1,4","4,7",14:10,,,,,
2014-11-21,0009X,ALFORJA,TARRAGONA,406,"14,6","0,0","11,0",21:37,"18,3",13:00,12,"0,8","4,4",13:20,,,,,
2014-11-22,0009X,ALFORJA,TARRAGONA,406,"14,5","0,0","11,6",Varias,"17,4",12:48,12,"0,8","4,4",11:00,,,,,
2014-11-23,0009X,ALFORJA,TARRAGONA,406,"16,2","0,0","11,4",03:56,"21,1",13:16,09,"1,1","7,2",12:10,,,,,
2014-11-24,0009X,ALFORJA,TARRAGONA,406,"16,4","0,0","12,1",06:55,"20,8",11:30,08,"1,7","6,9",10:40,,,,,
2014-11-25,0009X,ALFORJA,TARRAGONA,406,"14,6","8,2","12,1",06:58,"17,2",12:23,12,"1,1","3,3",13:00,,,,,
2014-11-26,0009X,ALFORJA,TARRAGONA,406,"12,8","9,8","9,6",20:16,"16,0",13:20,26,"3,1","7,5",04:40,,,,,
2014-11-27,0009X,ALFORJA,TARRAGONA,406,"11,5","23,0","8,8",05:43,"14,2",11:33,04,"1,1","10,3",19:20,,,,,
2014-11-28,0009X,ALFORJA,TARRAGONA,406,"13,2","44,2","11,4",03:14,"14,9",13:31,11,"3,9","18,9",01:20,,,,,
2014-11-29,0009X,ALFORJA,TARRAGONA,406,"13,4","60,8","12,3",00:17,"14,4",04:47,09,"4,2","15,6",05:10,,,,,
2014-11-30,0009X,ALFORJA,TARRAGONA,406,"13,6","13,0","11,2",19:48,"16,1",16:03,04,"1,9","15,6",16:10,,,,,
2014-12-01,0009X,ALFORJA,TARRAGONA,406,"10,6","1,4","6,5",23:26,"14,6",13:51,28,"6,4","15,8",14:10,,,,,
2014-12-02,0009X,ALFORJA,TARRAGONA,406,"9,2","0,0","5,6",Varias,"12,8",13:37,27,"6,9","15,3",11:10,,,,,
2014-12-03,0009X,ALFORJA,TARRAGONA,406,"8,0","18,4","5,2",07:09,"10,8",12:30,27,"4,7","13,3",01:10,,,,,
2014-12-04,0009X,ALFORJA,TARRAGONA,406,"6,0","3,0","5,0",10:38,"7,0",21:19,31,"6,4","13,1",23:50,,,,,
2014-12-05,0009X,ALFORJA,TARRAGONA,406,"7,5","0,0","4,7",06:48,"10,3",13:56,27,"7,8","16,9",11:30,,,,,
2014-12-06,0009X,ALFORJA,TARRAGONA,406,"5,8","0,0","2,1",23:12,"9,5",13:30,26,"6,9","14,4",04:10,,,,,
2014-12-07,0009X,ALFORJA,TARRAGONA,406,"5,6","0,0","1,7",02:38,"9,4",14:30,28,"6,9","17,5",11:00,,,,,
2014-12-08,0009X,ALFORJA,TARRAGONA,406,"8,6","0,0","5,0",00:20,"12,1",14:24,26,"7,2","19,7",22:10,,,,,
2014-12-09,0009X,ALFORJA,TARRAGONA,406,"7,2","0,0","3,2",23:49,"11,3",13:22,28,"3,9","17,8",12:30,,,,,
2014-12-10,0009X,ALFORJA,TARRAGONA,406,"6,9","0,0","2,7",Varias,"11,1",14:36,29,"6,1","15,6",02:30,,,,,
2014-12-11,0009X,ALFORJA,TARRAGONA,406,"9,6","0,0","5,9",22:54,"13,2",13:31,28,"8,3","18,1",02:10,,,,,
2014-12-12,0009X,ALFORJA,TARRAGONA,406,"10,0","0,0","3,9",23:48,"16,1",13:41,31,"1,9","6,7",01:30,,,,,
2014-12-13,0009X,ALFORJA,TARRAGONA,406,"9,3","0,0","3,5",00:54,"15,1",12:04,24,"1,4","4,7",08:40,,,,,
2014-12-14,0009X,ALFORJA,TARRAGONA,406,"9,8","7,0","5,8",02:59,"13,7",13:18,09,"1,4","8,3",21:30,,,,,
2014-12-15,0009X,ALFORJA,TARRAGONA,406,"8,1","7,2","6,1",23:59,"10,1",00:01,28,"1,1","12,2",23:20,,,,,
2014-12-16,0009X,ALFORJA,TARRAGONA,406,"8,2","0,0","5,5",Varias,"10,9",17:58,29,"6,1","15,0",02:40,,,,,
2014-12-17,0009X,ALFORJA,TARRAGONA,406,"9,7","0,0","7,3",06:05,"12,1",17:30,28,"8,6","17,8",10:40,,,,,
2014-12-18,0009X,ALFORJA,TARRAGONA,406,"11,8","0,0","9,0",Varias,"14,6",14:52,27,"8,6","18,9",04:30,,,,,
2014-12-19,0009X,ALFORJA,TARRAGONA,406,"10,0","0,0","6,6",23:47,"13,3",14:46,27,"5,6","14,2",23:00,,,,,
2014-12-20,0009X,ALFORJA,TARRAGONA,406,"8,8","0,0","5,7",Varias,"11,9",13:18,28,"5,8","11,9",08:50,,,,,
2014-12-21,0009X,ALFORJA,TARRAGONA,406,"9,0","0,0","5,9",21:18,"12,2",14:08,26,"7,2","14,4",10:30,,,,,
2014-12-22,0009X,ALFORJA,TARRAGONA,406,"9,0","0,0","2,7",23:37,"15,3",11:53,24,"2,2","5,6",06:30,,,,,
2014-12-23,0009X,ALFORJA,TARRAGONA,406,"7,8","0,0","0,9",Varias,"14,7",12:36,26,"1,4","3,9",06:50,,,,,
2014-12-24,0009X,ALFORJA,TARRAGONA,406,"3,3","0,0","-0,4",07:11,"7,0",10:50,24,"5,6","11,4",08:20,,,,,
2014-12-25,0009X,ALFORJA,TARRAGONA,406,"4,1","0,0","0,9",04:39,"7,3",14:01,27,"5,6","14,7",23:59,,,,,
2014-12-26,0009X,ALFORJA,TARRAGONA,406,"8,0","0,0","4,7",00:13,"11,4",13:18,28,"6,4","17,2",04:40,,,,,
2014-12-27,0009X,ALFORJA,TARRAGONA,406,"9,5","0,0","7,4",Varias,"11,6",13:00,26,"5,3","18,3",23:40,,,,,
2014-12-28,0009X,ALFORJA,TARRAGONA,406,"6,0","0,0","1,4",23:53,"10,7",14:04,26,"6,9","21,9",00:40,,,,,
2014-12-29,0009X,ALFORJA,TARRAGONA,406,"4,6","0,0","-0,9",07:26,"10,0",13:48,30,"5,3","14,7",23:50,,,,,
2014-12-30,0009X,ALFORJA,TARRAGONA,406,"3,2","0,0","-0,3",05:38,"6,8",14:31,29,"6,7","15,3",23:40,,,,,
2014-12-31,0009X,ALFORJA,TARRAGONA,406,"5,8","0,0","0,1",22:03,"11,6",13:48,28,"6,7","16,7",08:50,,,,,
2015-01-01,0009X,ALFORJA,TARRAGONA,406,"7,0","0,0","2,4",02:39,"11,5",Varias,26,"2,2","8,6",14:50,,,,,
2015-01-02,0009X,ALFORJA,TARRAGONA,406,"10,0","0,0","6,1",00:34,"14,0",13:23,24,"6,7","12,8",09:30,,,,,
2015-01-03,0009X,ALFORJA,TARRAGONA,406,"12,4","0,0","8,6",01:42,"16,3",13:10,30,"6,1","14,7",23:00,,,,,
2015-01-04,0009X,ALFORJA,TARRAGONA,406,"10,9","0,0","7,6",Varias,"14,2",14:20,28,"6,4","15,0",05:30,,,,,
2015-01-05,0009X,ALFORJA,TARRAGONA,406,"9,5","0,0","3,7",23:19,"15,3",12:30,99,"2,2","7,5",Varias,,,,,
2015-01-06,0009X,ALFORJA,TARRAGONA,406,"7,3","0,0","4,2",00:01,"10,4",12:14,24,"4,2","11,4",08:20,,,,,
2015-01-07,0009X,ALFORJA,TARRAGONA,406,"5,3","0,0","2,5",23:15,"8,1",09:22,24,"4,7","12,8",11:30,,,,,
2015-01-08,0009X,ALFORJA,TARRAGONA,406,"5,4","0,0","1,9",06:16,"9,0",19:25,26,"5,8","13,6",13:10,,,,,
2015-01-09,0009X,ALFORJA,TARRAGONA,406,"9,4","0,0","4,7",00:23,"14,2",22:01,27,"7,2","18,3",13:30,,,,,
2015-01-10,0009X,ALFORJA,TARRAGONA,406,"14,8","0,0","11,2",00:30,"18,3",11:39,28,"4,7","16,1",01:40,,,,,
2015-01-11,0009X,ALFORJA,TARRAGONA,406,"10,8","0,0","7,2",23:52,"14,5",15:01,28,"8,3","17,8",07:50,,,,,
2015-01-12,0009X,ALFORJA,TARRAGONA,406,"11,1","0,0","4,3",19:47,"17,9",13:32,26,"2,5","10,3",00:30,,,,,
2015-01-13,0009X,ALFORJA,TARRAGONA,406,"11,2","0,0","5,3",Varias,"17,0",13:51,28,"0,8","6,7",23:59,,,,,
2015-01-14,0009X,ALFORJA,TARRAGONA,406,"9,9","0,0","4,4",23:06,"15,4",13:31,24,"3,3","11,7",10:30,,,,,
2015-01-15,0009X,ALFORJA,TARRAGONA,406,"10,2","0,0","4,2",02:41,"16,1",13:32,23,"1,9","5,0",07:20,,,,,
2015-01-16,0009X,ALFORJA,TARRAGONA,406,"7,5","2,4","5,1",23:59,"9,9",00:06,27,"6,4","18,3",18:30,,,,,
2015-01-17,0009X,ALFORJA,TARRAGONA,406,"5,8","0,0","1,8",23:48,"9,8",15:30,27,"5,6","17,5",00:20,,,,,
2015-01-18,0009X,ALFORJA,TARRAGONA,406,"5,6","1,8","-0,2",02:34,"11,5",12:24,29,"2,2","6,1",03:00,,,,,
2015-01-19,0009X,ALFORJA,TARRAGONA,406,"4,2","1,2","1,6",23:59,"6,7",11:21,31,"3,9","13,3",09:00,,,,,
2015-01-20,0009X,ALFORJA,TARRAGONA,406,"4,3","0,0","1,3",Varias,"7,3",14:30,28,"5,3","11,1",02:20,,,,,
2015-01-21,0009X,ALFORJA,TARRAGONA,406,"5,4","0,0","2,0",03:33,"8,9",15:01,28,"5,3","13,9",23:00,,,,,
2015-01-22,0009X,ALFORJA,TARRAGONA,406,"5,3","0,0","1,8",05:48,"8,8",13:15,28,"6,1","12,8",00:10,,,,,
2015-01-23,0009X,ALFORJA,TARRAGONA,406,"6,0","0,0","1,6",05:59,"10,3",14:21,29,"7,2","16,4",23:50,,,,,
2015-01-24,0009X,ALFORJA,TARRAGONA,406,"5,0","0,0","1,2",06:03,"8,9",15:27,99,"8,3","17,5",Varias,,,,,
2015-01-25,0009X,ALFORJA,TARRAGONA,406,"6,4","0,0","1,4",07:09,"11,5",14:46,28,"4,4","14,4",22:30,,,,,
2015-01-26,0009X,ALFORJA,TARRAGONA,406,"6,0","0,0","2,3",Varias,"9,7",12:44,28,"6,4","17,2",02:40,,,,,
2015-01-27,0009X,ALFORJA,TARRAGONA,406,"7,8","0,0","4,6",Varias,"11,0",15:20,99,"8,9","18,3",Varias,,,,,
2015-01-28,0009X,ALFORJA,TARRAGONA,406,"7,8","0,0","4,0",05:51,"11,6",14:59,27,"7,5","16,1",13:40,,,,,
2015-01-29,0009X,ALFORJA,TARRAGONA,406,"10,7","0,0","7,2",00:01,"14,2",14:55,26,"6,4","17,5",18:50,,,,,
2015-01-30,0009X,ALFORJA,TARRAGONA,406,"10,4","15,0","6,4",21:19,"14,5",01:14,27,"6,4","20,8",00:30,,,,,
2015-01-31,0009X,ALFORJA,TARRAGONA,406,"6,4","0,0","3,4",23:53,"9,4",13:15,25,"5,8","21,1",14:20,,,,,
2015-02-01,0009X,ALFORJA,TARRAGONA,406,"5,1","0,0","2,8",07:10,"7,4",13:14,26,"6,1","21,7",14:50,,,,,
2015-02-02,0009X,ALFORJA,TARRAGONA,406,"5,2","1,4","1,7",Varias,"8,6",15:57,28,"3,6","12,8",00:30,,,,,
2015-02-03,0009X,ALFORJA,TARRAGONA,406,"5,2","9,0","2,0",23:40,"8,4",13:52,30,"6,9","20,3",14:00,,,,,
2015-02-04,0009X,ALFORJA,TARRAGONA,406,"1,1","2,2","-0,8",21:44,"3,0",02:17,26,"4,4","15,0",20:30,,,,,
2015-02-05,0009X,ALFORJA,TARRAGONA,406,"2,2","0,0","-1,5",23:42,"5,8",14:32,28,"8,3","18,1",13:30,,,,,
2015-02-06,0009X,ALFORJA,TARRAGONA,406,"0,3","0,0","-3,4",07:13,"4,0",13:33,28,"7,5","15,3",11:30,,,,,
2015-02-07,0009X,ALFORJA,TARRAGONA,406,"2,4","0,0","-1,9",05:43,"6,7",14:55,28,"3,6","10,0",18:50,,,,,
2015-02-08,0009X,ALFORJA,TARRAGONA,406,"2,9","0,0","-1,4",07:13,"7,2",15:21,29,"9,7","17,8",12:10,,,,,
2015-02-09,0009X,ALFORJA,TARRAGONA,406,"6,0","0,0","0,7",00:01,"11,4",14:38,26,"3,3","11,4",00:40,,,,,
2015-02-10,0009X,ALFORJA,TARRAGONA,406,"8,1","0,0","0,3",23:54,"15,9",14:11,24,"2,5","7,5",06:50,,,,,
2015-02-11,0009X,ALFORJA,TARRAGONA,406,"6,0","0,0","-0,3",02:14,"12,4",11:52,99,"1,9","4,2",Varias,,,,,
2015-02-12,0009X,ALFORJA,TARRAGONA,406,"6,0","0,0","1,2",05:46,"10,8",12:17,26,"0,8","4,7",12:30,,,,,
2015-02-13,0009X,ALFORJA,TARRAGONA,406,"9,8","0,0","4,7",03:34,"14,9",13:59,26,"2,8","8,3",11:30,,,,,
2015-02-14,0009X,ALFORJA,TARRAGONA,406,"10,2","0,0","7,0",00:01,"13,5",14:32,28,"5,3","14,7",12:30,,,,,
2015-02-15,0009X,ALFORJA,TARRAGONA,406,"10,4","0,0","7,0",23:21,"13,9",12:31,26,"4,2","10,6",11:00,,,,,
2015-02-16,0009X,ALFORJA,TARRAGONA,406,"9,2","0,0","3,9",06:16,"14,4",15:23,28,"3,9","13,6",02:20,,,,,
2015-02-17,0009X,ALFORJA,TARRAGONA,406,"9,6","0,0","6,4",Varias,"12,9",14:32,28,"4,7","13,1",23:30,,,,,
2015-02-18,0009X,ALFORJA,TARRAGONA,406,"8,2","0,0","3,1",22:51,"13,3",15:34,26,"3,9","14,2",08:50,,,,,
2015-02-19,0009X,ALFORJA,TARRAGONA,406,"7,1","0,0","0,8",Varias,"13,4",11:51,24,"2,2","7,2",04:10,,,,,
2015-02-20,0009X,ALFORJA,TARRAGONA,406,"6,6","1,0","-0,1",05:59,"13,2",12:59,12,"1,4","6,7",12:50,,,,,
2015-02-21,0009X,ALFORJA,TARRAGONA,406,"7,6","0,8","3,5",23:16,"11,7",15:50,27,"5,0","15,8",16:50,,,,,
2015-02-22,0009X,ALFORJA,TARRAGONA,406,"8,2","0,0","3,1",05:48,"13,2",14:47,27,"5,6","17,8",13:10,,,,,
2015-02-23,0009X,ALFORJA,TARRAGONA,406,"12,2","1,2","6,9",23:51,"17,5",13:39,28,"5,8","20,6",04:30,,,,,
2015-02-24,0009X,ALFORJA,TARRAGONA,406,"7,4","0,0","4,2",23:26,"10,7",13:24,28,"7,2","21,4",01:40,,,,,
2015-02-25,0009X,ALFORJA,TARRAGONA,406,"9,2","0,0","4,2",02:01,"14,2",15:12,27,"8,1","20,0",13:30,,,,,
2015-02-26,0009X,ALFORJA,TARRAGONA,406,"13,7","0,0","9,4",Varias,"18,0",14:13,,"6,1",,,,,,,
2015-02-27,0009X,ALFORJA,TARRAGONA,406,"9,0","0,0","4,5",23:59,"13,5",14:52,24,"8,6","21,7",09:20,,,,,
2015-02-28,0009X,ALFORJA,TARRAGONA,406,"8,2","0,0","3,1",06:38,"13,4",13:38,28,"5,0","13,3",00:10,,,,,
2015-03-01,0009X,ALFORJA,TARRAGONA,406,"15,1","0,0","11,1",Varias,"19,1",15:32,27,"5,3","17,2",13:30,,,,,
2015-03-02,0009X,ALFORJA,TARRAGONA,406,"17,7","0,0","13,7",08:18,"21,7",14:53,28,"5,0","13,1",13:00,,,,,
2015-03-03,0009X,ALFORJA,TARRAGONA,406,"12,4","0,0","7,5",22:44,"17,2",13:11,13,"1,1","5,8",12:30,,,,,
2015-03-04,0009X,ALFORJA,TARRAGONA,406,"10,2","0,0","4,8",23:24,"15,5",12:50,26,"5,8","20,0",13:50,,,,,
2015-03-05,0009X,ALFORJA,TARRAGONA,406,"8,0","0,0","2,1",05:55,"13,9",14:47,26,"6,1","14,7",12:30,,,,,
2015-03-06,0009X,ALFORJA,TARRAGONA,406,"9,5","0,0","2,9",23:50,"16,1",13:20,30,"2,8","15,0",00:40,,,,,
2015-03-07,0009X,ALFORJA,TARRAGONA,406,"11,8","0,0","2,7",00:10,"20,9",13:30,29,"1,9","9,7",12:30,,,,,
2015-03-08,0009X,ALFORJA,TARRAGONA,406,"9,6","0,0","3,7",03:03,"15,5",12:19,99,"1,7","5,8",Varias,,,,,
2015-03-09,0009X,ALFORJA,TARRAGONA,406,"11,3","0,0","4,5",00:01,"18,1",12:33,28,"2,5","7,2",08:00,,,,,
2015-03-10,0009X,ALFORJA,TARRAGONA,406,"12,3","0,0","6,0",23:51,"18,6",10:57,28,"1,9","6,7",08:50,,,,,
2015-03-11,0009X,ALFORJA,TARRAGONA,406,"14,2","0,0","5,7",03:23,"22,8",14:32,21,"1,9","7,5",13:50,,,,,
2015-03-12,0009X,ALFORJA,TARRAGONA,406,"13,6","0,0","5,9",22:24,"21,3",11:19,22,"3,1","11,4",04:10,,,,,
2015-03-13,0009X,ALFORJA,TARRAGONA,406,"11,9","0,0","7,0",23:59,"16,8",15:03,31,"4,7","20,0",23:50,,,,,
2015-03-14,0009X,ALFORJA,TARRAGONA,406,"7,4","0,0","2,9",22:40,"12,0",13:16,30,"5,0","17,2",00:10,,,,,
2015-03-15,0009X,ALFORJA,TARRAGONA,406,"8,0","0,2","2,8",04:48,"13,3",13:25,26,"3,1","9,7",09:10,,,,,
2015-03-16,0009X,ALFORJA,TARRAGONA,406,"7,4","3,6","2,4",05:48,"12,4",13:14,28,"2,8","10,0",02:20,,,,,
2015-03-17,0009X,ALFORJA,TARRAGONA,406,"7,6","0,0","1,1",05:58,"14,1",12:38,12,"1,1","7,8",13:20,,,,,
2015-03-18,0009X,ALFORJA,TARRAGONA,406,"10,8","0,0","8,8",00:24,"12,7",12:58,08,"3,9","10,8",13:40,,,,,
2015-03-19,0009X,ALFORJA,TARRAGONA,406,"13,2","0,0","8,5",22:33,"18,0",12:31,11,"3,3","12,2",10:10,,,,,
2015-03-20,0009X,ALFORJA,TARRAGONA,406,"13,6","32,0","9,6",19:39,"17,7",11:20,10,"3,1","12,5",20:10,,,,,
2015-03-21,0009X,ALFORJA,TARRAGONA,406,"10,7","16,2","9,4",01:22,"12,0",13:45,11,"3,3","13,6",01:50,,,,,
2015-03-22,0009X,ALFORJA,TARRAGONA,406,"9,1","11,6","8,1",23:24,"10,1",13:03,12,"1,1","6,7",18:20,,,,,
2015-03-23,0009X,ALFORJA,TARRAGONA,406,"10,2","2,4","8,3",Varias,"12,2",12:44,08,"4,2","10,8",17:10,,,,,
2015-03-24,0009X,ALFORJA,TARRAGONA,406,"8,9","6,8","5,5",23:48,"12,3",16:30,27,"1,7","14,2",23:30,,,,,
2015-03-25,0009X,ALFORJA,TARRAGONA,406,"8,8","0,0","3,6",23:48,"14,0",14:59,29,"7,2","16,7",23:50,,,,,
2015-03-26,0009X,ALFORJA,TARRAGONA,406,"8,4","0,0","2,1",05:04,"14,6",15:39,28,"6,7","14,7",07:10,,,,,
2015-03-27,0009X,ALFORJA,TARRAGONA,406,"14,3","0,0","8,2",Varias,"20,4",15:23,29,"8,3","20,0",03:30,,,,,
2015-03-28,0009X,ALFORJA,TARRAGONA,406,"16,0","0,0","10,6",04:55,"21,3",14:12,27,"7,2","17,5",09:40,,,,,
2015-03-29,0009X,ALFORJA,TARRAGONA,406,"14,5","0,0","9,6",04:47,"19,4",15:42,27,"5,0","18,3",10:40,,,,,
2015-03-30,0009X,ALFORJA,TARRAGONA,406,"18,0","0,0","13,3",04:56,"22,6",13:46,26,"6,7","17,5",11:30,,,,,
2015-03-31,0009X,ALFORJA,TARRAGONA,406,"17,8","0,0","12,0",03:42,"23,5",11:46,29,"8,3","18,3",06:00,,,,,
2015-04-01,0009X,ALFORJA,TARRAGONA,406,"13,8","0,0","9,4",23:48,"18,3",14:14,23,"5,8","17,8",00:40,,,,,
2015-04-02,0009X,ALFORJA,TARRAGONA,406,"13,9","0,0","6,7",05:44,"21,1",14:30,27,"3,9","13,1",01:50,,,,,
2015-04-03,0009X,ALFORJA,TARRAGONA,406,"12,9","0,0","7,5",00:24,"18,3",Varias,27,"2,5","11,1",02:30,,,,,
2015-04-04,0009X,ALFORJA,TARRAGONA,406,,"0,0",,,,,26,,"12,2",Varias,,,,,
2015-04-05,0009X,ALFORJA,TARRAGONA,406,"13,0","0,0","7,5",04:39,"18,6",13:11,28,"4,2","15,0",03:10,,,,,
2015-04-06,0009X,ALFORJA,TARRAGONA,406,"9,2","0,0","4,5",21:47,"13,8",14:38,13,"1,7","6,1",16:00,,,,,
2015-04-07,0009X,ALFORJA,TARRAGONA,406,"9,2","0,0","3,5",01:45,"15,0",13:24,12,"1,7","8,6",15:00,,,,,
2015-04-08,0009X,ALFORJA,TARRAGONA,406,"9,2","0,0","2,0",05:37,"16,5",12:46,07,"1,7","7,5",10:20,,,,,
2015-04-09,0009X,ALFORJA,TARRAGONA,406,"7,8","0,0","-0,6",04:53,"16,3",11:47,08,"2,2","8,1",12:40,,,,,
2015-04-10,0009X,ALFORJA,TARRAGONA,406,"11,5","0,0","5,8",02:46,"17,2",12:32,99,"1,9","6,7",Varias,,,,,
2015-04-11,0009X,ALFORJA,TARRAGONA,406,"12,2","0,0","5,0",05:46,"19,5",11:50,13,"1,9","6,7",12:30,,,,,
2015-04-12,0009X,ALFORJA,TARRAGONA,406,"13,2","0,0","6,5",22:30,"19,8",12:31,13,"2,2","7,8",12:50,,,,,
2015-04-13,0009X,ALFORJA,TARRAGONA,406,"14,8","0,0","7,2",00:01,"22,5",11:44,10,"1,7","6,7",13:20,,,,,
2015-04-14,0009X,ALFORJA,TARRAGONA,406,"15,8","0,0","8,0",05:36,"23,6",13:58,10,"1,4","6,1",12:10,,,,,
2015-04-15,0009X,ALFORJA,TARRAGONA,406,"13,3","0,0","6,8",04:37,"19,8",13:40,12,"1,9","9,4",15:20,,,,,
2015-04-16,0009X,ALFORJA,TARRAGONA,406,"15,4","5,6","9,1",23:04,"21,8",12:42,23,"1,4","9,4",14:00,,,,,
2015-04-17,0009X,ALFORJA,TARRAGONA,406,"16,0","0,0","9,6",23:58,"22,3",12:25,28,"3,1","9,2",07:40,,,,,
2015-04-18,0009X,ALFORJA,TARRAGONA,406,"14,6","1,8","8,6",02:15,"20,7",12:03,29,"1,7","9,2",23:59,,,,,
2015-04-19,0009X,ALFORJA,TARRAGONA,406,"15,2","0,0","10,4",05:42,"20,0",15:15,28,"4,7","13,3",10:40,,,,,
2015-04-20,0009X,ALFORJA,TARRAGONA,406,"14,8","0,0","8,5",04:20,"21,0",12:40,12,"2,8","8,6",12:50,,,,,
2015-04-21,0009X,ALFORJA,TARRAGONA,406,"14,6","0,0","7,1",04:21,"22,1",12:46,12,"2,2","7,8",12:00,,,,,
2015-04-22,0009X,ALFORJA,TARRAGONA,406,"14,7","0,2","9,1",00:01,"20,3",14:33,15,"1,1","6,1",13:50,,,,,
2015-04-23,0009X,ALFORJA,TARRAGONA,406,"16,6","0,0","9,5",00:35,"23,7",12:16,29,"3,6","10,8",05:40,,,,,
2015-04-24,0009X,ALFORJA,TARRAGONA,406,"15,3","0,0","8,1",05:05,"22,5",12:21,12,"1,4","6,4",11:30,,,,,
2015-04-25,0009X,ALFORJA,TARRAGONA,406,"18,0","0,0","13,3",01:21,"22,8",13:01,14,"1,4","6,7",13:20,,,,,
2015-04-26,0009X,ALFORJA,TARRAGONA,406,"16,3","12,8","11,5",Varias,"21,1",10:38,28,"3,1","11,1",21:30,,,,,
2015-04-27,0009X,ALFORJA,TARRAGONA,406,"14,2","0,0","9,7",05:05,"18,6",Varias,28,"7,2","20,0",09:10,,,,,
2015-04-28,0009X,ALFORJA,TARRAGONA,406,"13,4","0,0","7,4",05:11,"19,5",14:52,25,"4,7","17,2",10:30,,,,,
2015-04-29,0009X,ALFORJA,TARRAGONA,406,"13,4","0,0","6,2",05:21,"20,7",15:01,26,"1,7","8,9",11:10,,,,,
2015-04-30,0009X,ALFORJA,TARRAGONA,406,"15,0","0,0","8,3",Varias,"21,8",13:55,14,"1,4","6,4",13:40,,,,,
2015-05-01,0009X,ALFORJA,TARRAGONA,406,"17,4","0,0","10,0",04:00,"24,9",11:31,99,"5,0","12,5",Varias,,,,,
2015-05-02,0009X,ALFORJA,TARRAGONA,406,"19,2","0,0","12,7",05:04,"25,8",13:49,99,"1,4","6,4",Varias,,,,,
2015-05-03,0009X,ALFORJA,TARRAGONA,406,"22,6","0,0","13,8",05:05,"31,5",15:08,27,"1,4","10,3",14:20,,,,,
2015-05-04,0009X,ALFORJA,TARRAGONA,406,"18,4","0,0","14,5",23:37,"22,3",09:01,11,"1,4","5,0",09:00,,,,,
2015-05-05,0009X,ALFORJA,TARRAGONA,406,"18,2","0,0","11,7",22:44,"24,7",12:43,26,"2,5","12,2",10:20,,,,,
2015-05-06,0009X,ALFORJA,TARRAGONA,406,"18,1","0,0","10,3",02:52,"25,9",14:15,27,"3,1","11,1",07:40,,,,,
2015-05-07,0009X,ALFORJA,TARRAGONA,406,"16,1","0,0","9,9",02:00,"22,3",12:49,12,"2,2","8,3",10:10,,,,,
2015-05-08,0009X,ALFORJA,TARRAGONA,406,"19,0","0,0","11,2",05:05,"26,7",13:48,28,"3,9","14,7",11:20,,,,,
2015-05-09,0009X,ALFORJA,TARRAGONA,406,"19,8","0,0","11,9",04:20,"27,8",13:19,28,"2,2","9,2",10:50,,,,,
2015-05-10,0009X,ALFORJA,TARRAGONA,406,"19,1","0,0","11,9",23:52,"26,3",13:30,99,"1,9","6,9",Varias,,,,,
2015-05-11,0009X,ALFORJA,TARRAGONA,406,"18,2","0,0","9,7",03:22,"26,6",11:48,08,"1,4","6,7",12:00,,,,,
2015-05-12,0009X,ALFORJA,TARRAGONA,406,"18,4","0,0","10,2",04:56,"26,7",12:00,10,"1,9","6,1",10:40,,,,,
2015-05-13,0009X,ALFORJA,TARRAGONA,406,"20,0","0,0","11,6",04:41,"28,5",13:32,09,"1,4","6,1",13:10,,,,,
2015-05-14,0009X,ALFORJA,TARRAGONA,406,"24,2","0,0","13,8",23:57,"34,7",13:52,27,"4,7","18,3",20:30,,,,,
2015-05-15,0009X,ALFORJA,TARRAGONA,406,"15,8","0,0","10,4",04:27,"21,3",13:27,26,"7,5","19,7",00:30,,,,,
2015-05-16,0009X,ALFORJA,TARRAGONA,406,"18,3","0,0","10,5",04:38,"26,1",14:58,25,"6,7","19,4",01:30,,,,,
2015-05-17,0009X,ALFORJA,TARRAGONA,406,"19,1","0,0","11,4",04:59,"26,8",13:13,24,"4,2","13,6",08:30,,,,,
2015-05-18,0009X,ALFORJA,TARRAGONA,406,"18,2","0,0","10,9",05:04,"25,5",11:30,08,"2,8","7,5",11:40,,,,,
2015-05-19,0009X,ALFORJA,TARRAGONA,406,"13,8","3,6","9,4",23:53,"18,3",13:11,28,"3,6","13,6",23:00,,,,,
2015-05-20,0009X,ALFORJA,TARRAGONA,406,"14,2","0,0","7,8",03:06,"20,7",Varias,28,"5,3","15,3",04:30,,,,,
2015-05-21,0009X,ALFORJA,TARRAGONA,406,"14,8","0,0","7,8",04:36,"21,9",14:33,26,"5,0","11,9",07:50,,,,,
2015-05-22,0009X,ALFORJA,TARRAGONA,406,"15,3","0,0","7,7",04:15,"22,9",14:25,28,"3,9","12,2",23:30,,,,,
2015-05-23,0009X,ALFORJA,TARRAGONA,406,"16,6","0,0","9,3",Varias,"24,0",13:52,30,"4,4","13,1",04:40,,,,,
2015-05-24,0009X,ALFORJA,TARRAGONA,406,"17,8","0,0","10,9",23:59,"24,7",11:47,27,"3,3","11,1",02:30,,,,,
2015-05-25,0009X,ALFORJA,TARRAGONA,406,"18,4","0,0","10,4",00:44,"26,3",15:14,29,"3,9","13,3",23:40,,,,,
2015-05-26,0009X,ALFORJA,TARRAGONA,406,"18,8","0,0","12,5",04:35,"25,0",14:32,29,"6,1","13,6",10:40,,,,,
2015-05-27,0009X,ALFORJA,TARRAGONA,406,"18,5","0,0","11,2",04:59,"25,8",12:40,30,"4,2","14,4",04:30,,,,,
2015-05-28,0009X,ALFORJA,TARRAGONA,406,"17,3","0,0","9,8",02:37,"24,8",10:47,14,"2,5","10,0",05:50,,,,,
2015-05-29,0009X,ALFORJA,TARRAGONA,406,"17,8","0,0","10,9",03:08,"24,6",11:12,10,"2,2","7,8",13:10,,,,,
2015-05-30,0009X,ALFORJA,TARRAGONA,406,"18,7","0,0","12,7",00:01,"24,7",11:02,29,"3,3","11,4",02:40,,,,,
2015-05-31,0009X,ALFORJA,TARRAGONA,406,"18,8","0,0","12,1",24:00,"25,4",12:02,10,"1,9","7,5",11:10,,,,,
2015-06-01,0009X,ALFORJA,TARRAGONA,406,"18,2","0,0","10,5",02:37,"26,0",11:09,11,"2,2","8,1",12:10,,,,,
2015-06-02,0009X,ALFORJA,TARRAGONA,406,"19,2","0,0","12,1",02:36,"26,2",12:03,09,"1,9","7,5",11:30,,,,,
2015-06-03,0009X,ALFORJA,TARRAGONA,406,"20,6","0,0","12,8",01:18,"28,3",13:01,99,"1,4","6,7",Varias,,,,,
2015-06-04,0009X,ALFORJA,TARRAGONA,406,"21,4","0,0","13,3",04:06,"29,6",12:01,14,"1,9","7,2",13:20,,,,,
2015-06-05,0009X,ALFORJA,TARRAGONA,406,"21,2","0,0","13,1",03:06,"29,3",12:30,12,"2,5","8,1",14:00,,,,,
2015-06-06,0009X,ALFORJA,TARRAGONA,406,"21,1","0,0","13,1",03:43,"29,1",15:15,10,"2,2","7,5",11:10,,,,,
2015-06-07,0009X,ALFORJA,TARRAGONA,406,"21,6","0,0","13,3",03:20,"30,0",13:13,10,"2,2","8,6",12:00,,,,,
2015-06-08,0009X,ALFORJA,TARRAGONA,406,"23,9","0,0","16,0",00:39,"31,8",10:47,09,"1,7","7,5",11:40,,,,,
2015-06-09,0009X,ALFORJA,TARRAGONA,406,"24,0","6,2","18,6",Varias,"29,5",10:42,08,"1,1","6,9",15:30,,,,,
2015-06-10,0009X,ALFORJA,TARRAGONA,406,"19,6","0,6","14,6",23:54,"24,5",13:02,12,"2,5","7,2",13:20,,,,,
2015-06-11,0009X,ALFORJA,TARRAGONA,406,"21,0","0,6","14,5",00:43,"27,5",09:59,24,"3,3","12,8",18:40,,,,,
2015-06-12,0009X,ALFORJA,TARRAGONA,406,"20,4","2,6","14,2",04:27,"26,7",12:47,28,"3,1","8,3",08:30,,,,,
2015-06-13,0009X,ALFORJA,TARRAGONA,406,"19,5","5,2","16,7",23:43,"22,3",12:30,12,"1,4","6,1",12:40,,,,,
2015-06-14,0009X,ALFORJA,TARRAGONA,406,"20,3","0,0","14,9",04:58,"25,7",11:48,27,"3,3","11,7",05:50,,,,,
2015-06-15,0009X,ALFORJA,TARRAGONA,406,"18,6","32,0","12,8",14:39,"24,3",10:18,30,"1,9","8,3",01:20,,,,,
2015-06-16,0009X,ALFORJA,TARRAGONA,406,"18,9","5,4","13,4",04:38,"24,4",13:57,27,"3,1","13,9",22:10,,,,,
2015-06-17,0009X,ALFORJA,TARRAGONA,406,"19,8","0,0","12,6",04:54,"27,0",15:32,29,"4,2","15,6",00:20,,,,,
2015-06-18,0009X,ALFORJA,TARRAGONA,406,"21,5","0,0","14,0",04:38,"29,0",15:13,28,"4,4","16,7",03:30,,,,,
2015-06-19,0009X,ALFORJA,TARRAGONA,406,"22,7","0,0","16,1",04:44,"29,3",14:39,27,"4,2","14,4",01:30,,,,,
2015-06-20,0009X,ALFORJA,TARRAGONA,406,"21,7","0,0","15,0",04:45,"28,4",13:04,28,"2,5","11,7",03:00,,,,,
2015-06-21,0009X,ALFORJA,TARRAGONA,406,"20,7","0,0","14,0",03:45,"27,4",13:30,29,"2,8","8,6",05:40,,,,,
2015-06-22,0009X,ALFORJA,TARRAGONA,406,"20,9","0,0","14,3",04:38,"27,5",13:30,08,"1,9","6,9",12:20,,,,,
2015-06-23,0009X,ALFORJA,TARRAGONA,406,"23,3","17,4","16,0",22:14,"30,6",11:20,09,"3,1","9,7",13:20,,,,,
2015-06-24,0009X,ALFORJA,TARRAGONA,406,"21,2","0,0","15,8",23:58,"26,5",11:59,30,"3,1","9,4",00:40,,,,,
2015-06-25,0009X,ALFORJA,TARRAGONA,406,"20,4","0,0","13,6",04:22,"27,3",14:31,08,"1,7","6,9",12:30,,,,,
2015-06-26,0009X,ALFORJA,TARRAGONA,406,"22,5","0,0","14,8",04:41,"30,2",12:36,99,"1,9","6,4",Varias,,,,,
2015-06-27,0009X,ALFORJA,TARRAGONA,406,"24,4","0,0","16,6",04:07,"32,3",11:53,27,"3,1","7,5",Varias,,,,,
2015-06-28,0009X,ALFORJA,TARRAGONA,406,"24,2","0,0","18,4",Varias,"29,9",10:27,09,"1,9","6,7",10:50,,,,,
2015-06-29,0009X,ALFORJA,TARRAGONA,406,"23,8","0,0","16,5",04:05,"31,2",10:33,07,"1,9","8,3",12:40,,,,,
2015-06-30,0009X,ALFORJA,TARRAGONA,406,"24,4","0,0","17,4",23:56,"31,3",11:30,09,"1,9","7,5",11:20,,,,,
2015-07-01,0009X,ALFORJA,TARRAGONA,406,"24,1","0,0","17,0",04:21,"31,2",11:05,12,"2,2","8,1",15:50,,,,,
2015-07-02,0009X,ALFORJA,TARRAGONA,406,"23,6","0,0","17,7",02:56,"29,5",10:39,08,"1,9","7,5",12:00,,,,,
2015-07-03,0009X,ALFORJA,TARRAGONA,406,"24,1","0,0","16,8",03:26,"31,4",12:11,99,"2,8","8,9",Varias,,,,,
2015-07-04,0009X,ALFORJA,TARRAGONA,406,"26,7","0,0","19,5",01:09,"33,9",12:41,14,"2,2","8,3",12:50,,,,,
2015-07-05,0009X,ALFORJA,TARRAGONA,406,"25,9","0,0","18,2",02:28,"33,6",13:32,10,"1,9","6,9",14:10,,,,,
2015-07-06,0009X,ALFORJA,TARRAGONA,406,"25,6","0,0","18,0",02:39,"33,1",14:30,12,"1,7","6,7",10:40,,,,,
2015-07-07,0009X,ALFORJA,TARRAGONA,406,"26,6","0,0","18,3",04:41,"34,8",13:31,13,"1,7","6,4",14:00,,,,,
2015-07-08,0009X,ALFORJA,TARRAGONA,406,"26,8","0,0","19,3",22:21,"34,4",13:52,26,"3,6","10,6",06:50,,,,,
2015-07-09,0009X,ALFORJA,TARRAGONA,406,"23,6","0,0","15,2",04:46,"32,1",15:06,27,"3,3","13,6",08:30,,,,,
2015-07-10,0009X,ALFORJA,TARRAGONA,406,"23,0","0,0","16,6",02:22,"29,5",11:14,13,"2,2","8,1",11:40,,,,,
2015-07-11,0009X,ALFORJA,TARRAGONA,406,"24,6","0,0","19,2",23:58,"30,1",10:32,29,"2,8","7,5",05:40,,,,,
2015-07-12,0009X,ALFORJA,TARRAGONA,406,"25,0","0,0","18,5",02:14,"31,4",Varias,99,"2,5","7,5",Varias,,,,,
2015-07-13,0009X,ALFORJA,TARRAGONA,406,"26,4","0,0","18,7",02:46,"34,0",11:24,26,"3,6","8,9",10:30,,,,,
2015-07-14,0009X,ALFORJA,TARRAGONA,406,"25,0","0,0","17,7",03:00,"32,2",13:32,11,"2,8","7,5",13:20,,,,,
2015-07-15,0009X,ALFORJA,TARRAGONA,406,"24,2","0,0","16,8",Varias,"31,5",13:49,12,"2,2","7,5",11:40,,,,,
2015-07-16,0009X,ALFORJA,TARRAGONA,406,"24,5","0,0","18,1",00:20,"30,9",12:55,08,"1,9","7,5",11:50,,,,,
2015-07-17,0009X,ALFORJA,TARRAGONA,406,"25,2","0,0","18,5",04:53,"31,8",12:37,11,"2,2","7,8",12:10,,,,,
2015-07-18,0009X,ALFORJA,TARRAGONA,406,"25,2","0,6","18,2",02:09,"32,1",12:14,28,"3,6","12,8",18:20,,,,,
2015-07-19,0009X,ALFORJA,TARRAGONA,406,"25,6","0,0","18,9",04:44,"32,4",12:05,34,"1,7","7,5",02:50,,,,,
2015-07-20,0009X,ALFORJA,TARRAGONA,406,"26,6","0,0","20,5",04:56,"32,6",12:13,10,"1,9","6,7",12:20,,,,,
2015-07-21,0009X,ALFORJA,TARRAGONA,406,"25,7","1,6","19,4",04:45,"32,0",Varias,29,"1,9","12,2",23:20,,,,,
2015-07-22,0009X,ALFORJA,TARRAGONA,406,"28,5","0,0","22,0",00:30,"35,0",13:36,33,"2,8","16,1",00:30,,,,,
2015-07-23,0009X,ALFORJA,TARRAGONA,406,"26,9","0,0","19,7",03:53,"34,1",13:45,26,"3,3","9,7",04:00,,,,,
2015-07-24,0009X,ALFORJA,TARRAGONA,406,"26,4","0,2","20,9",04:58,"31,9",14:34,13,"1,9","7,2",13:00,,,,,
2015-07-25,0009X,ALFORJA,TARRAGONA,406,"24,5","0,0","18,2",23:57,"30,8",13:51,28,"4,4","13,1",05:40,,,,,
2015-07-26,0009X,ALFORJA,TARRAGONA,406,"24,3","0,0","17,2",00:34,"31,4",11:45,27,"2,2","8,3",09:50,,,,,
2015-07-27,0009X,ALFORJA,TARRAGONA,406,"27,2","0,2","20,8",02:34,"33,6",12:36,99,"3,3","10,8",09:50,,,,,
2015-07-28,0009X,ALFORJA,TARRAGONA,406,"24,8","0,2","18,9",Varias,"30,6",12:21,26,"3,6","11,4",06:20,,,,,
2015-07-29,0009X,ALFORJA,TARRAGONA,406,"26,8","2,2","22,9",21:23,"30,8",13:04,11,"2,2","8,3",12:50,,,,,
2015-07-30,0009X,ALFORJA,TARRAGONA,406,"21,1","0,6","19,0",23:43,"23,2",12:42,12,"2,2","7,5",11:20,,,,,
2015-07-31,0009X,ALFORJA,TARRAGONA,406,"20,0","13,0","17,3",23:58,"22,6",12:10,27,"1,9","9,2",22:20,,,,,
2015-08-01,0009X,ALFORJA,TARRAGONA,406,"21,6","0,0","15,7",02:49,"27,5",13:54,26,"4,4","11,4",08:00,,,,,
2015-08-02,0009X,ALFORJA,TARRAGONA,406,"23,2","0,0","18,0",02:27,"28,3",14:01,14,"2,2","8,3",14:50,,,,,
2015-08-03,0009X,ALFORJA,TARRAGONA,406,"25,2","2,0","19,4",00:01,"30,9",11:37,09,"1,4","6,7",12:30,,,,,
2015-08-04,0009X,ALFORJA,TARRAGONA,406,"24,6","0,0","18,4",04:56,"30,8",12:24,12,"1,7","6,9",12:40,,,,,
2015-08-05,0009X,ALFORJA,TARRAGONA,406,"25,4","0,0","19,5",04:54,"31,2",13:33,10,"1,7","6,7",11:40,,,,,
2015-08-06,0009X,ALFORJA,TARRAGONA,406,"25,1","0,0","19,4",02:49,"30,8",12:06,12,"1,9","6,7",12:40,,,,,
2015-08-07,0009X,ALFORJA,TARRAGONA,406,"27,0","0,0","20,8",02:23,"33,1",13:25,08,"1,7","6,4",13:30,,,,,
2015-08-08,0009X,ALFORJA,TARRAGONA,406,"23,7","6,4","18,8",24:00,"28,6",11:05,99,"2,5","11,4",13:30,,,,,
2015-08-09,0009X,ALFORJA,TARRAGONA,406,"21,4","0,0","15,5",05:12,"27,3",16:07,28,"5,6","13,6",05:30,,,,,
2015-08-10,0009X,ALFORJA,TARRAGONA,406,"23,4","0,0","16,0",05:06,"30,8",12:47,28,"2,5","12,2",01:40,,,,,
2015-08-11,0009X,ALFORJA,TARRAGONA,406,"21,8","0,0","14,9",04:23,"28,6",12:36,12,"1,7","7,5",12:10,,,,,
2015-08-12,0009X,ALFORJA,TARRAGONA,406,"26,8","0,0","22,8",Varias,"30,7",12:52,15,"2,2","7,2",12:20,,,,,
2015-08-13,0009X,ALFORJA,TARRAGONA,406,"27,0","5,0","22,2",05:27,"31,8",14:31,27,"3,6","14,4",09:50,,,,,
2015-08-14,0009X,ALFORJA,TARRAGONA,406,"22,9","0,0","17,8",05:53,"28,0",13:55,27,"5,8","12,8",07:00,,,,,
2015-08-15,0009X,ALFORJA,TARRAGONA,406,"21,0","2,6","14,8",23:44,"27,1",14:46,26,"2,5","11,7",01:50,,,,,
2015-08-16,0009X,ALFORJA,TARRAGONA,406,"21,4","0,0","13,5",05:38,"29,3",14:33,11,"3,1","8,3",15:00,,,,,
2015-08-17,0009X,ALFORJA,TARRAGONA,406,"21,2","14,8","18,2",04:21,"24,3",14:34,12,"1,9","6,7",14:30,,,,,
2015-08-18,0009X,ALFORJA,TARRAGONA,406,"18,8","0,6","16,0",23:42,"21,5",15:30,99,"0,6","3,9",Varias,,,,,
2015-08-19,0009X,ALFORJA,TARRAGONA,406,"20,8","0,0","14,5",03:23,"27,0",12:33,11,"2,5","7,8",15:50,,,,,
2015-08-20,0009X,ALFORJA,TARRAGONA,406,"23,3","0,0","17,8",03:14,"28,8",13:07,08,"1,9","7,2",15:00,,,,,
2015-08-21,0009X,ALFORJA,TARRAGONA,406,"24,5","1,8","19,9",Varias,"29,1",12:44,99,"1,9","6,7",Varias,,,,,
2015-08-22,0009X,ALFORJA,TARRAGONA,406,"23,8","0,0","20,5",23:07,"27,1",12:22,11,"1,7","6,7",14:30,,,,,
2015-08-23,0009X,ALFORJA,TARRAGONA,406,"24,6","0,0","18,9",22:06,"30,2",14:01,28,"1,4","10,6",12:40,,,,,
2015-08-24,0009X,ALFORJA,TARRAGONA,406,"21,0","0,0","14,9",24:00,"27,1",13:46,30,"5,8","15,0",07:40,,,,,
2015-08-25,0009X,ALFORJA,TARRAGONA,406,"20,6","0,0","14,6",00:21,"26,5",11:53,15,"1,9","8,6",11:30,,,,,
2015-08-26,0009X,ALFORJA,TARRAGONA,406,"22,4","0,0","17,5",05:15,"27,3",12:15,13,"1,9","7,8",15:30,,,,,
2015-08-27,0009X,ALFORJA,TARRAGONA,406,"23,4","0,0","17,9",05:45,"29,0",11:49,11,"1,7","7,8",12:10,,,,,
2015-08-28,0009X,ALFORJA,TARRAGONA,406,"23,2","0,0","16,4",05:19,"30,0",12:51,10,"1,4","7,8",11:40,,,,,
2015-08-29,0009X,ALFORJA,TARRAGONA,406,"23,6","0,0","17,6",02:22,"29,7",13:44,11,"1,9","7,5",Varias,,,,,
2015-08-30,0009X,ALFORJA,TARRAGONA,406,"22,4","0,0","15,0",04:01,"29,9",13:36,15,"1,9","8,3",11:40,,,,,
2015-08-31,0009X,ALFORJA,TARRAGONA,406,"24,2","6,0","17,6",05:12,"30,8",12:41,30,"1,7","13,1",23:10,,,,,
2015-09-01,0009X,ALFORJA,TARRAGONA,406,"24,3","5,6","18,3",Varias,"30,3",14:38,26,"2,5","12,5",05:00,,,,,
2015-09-02,0009X,ALFORJA,TARRAGONA,406,"18,8","8,2","15,8",06:44,"21,9",Varias,31,"2,5","9,7",07:00,,,,,
2015-09-03,0009X,ALFORJA,TARRAGONA,406,"19,0","6,4","17,6",23:46,"20,3",15:41,26,"1,1","5,6",10:20,,,,,
2015-09-04,0009X,ALFORJA,TARRAGONA,406,"16,2","4,4","13,6",22:20,"18,7",09:20,23,"2,5","8,9",11:30,,,,,
2015-09-05,0009X,ALFORJA,TARRAGONA,406,"17,2","0,0","11,5",05:25,"23,0",15:10,28,"4,4","14,4",12:30,,,,,
2015-09-06,0009X,ALFORJA,TARRAGONA,406,"19,1","0,0","13,1",23:41,"25,1",14:02,23,"3,1","9,2",09:20,,,,,
2015-09-07,0009X,ALFORJA,TARRAGONA,406,"19,0","0,0","12,8",00:45,"25,2",11:22,28,"2,5","9,2",09:00,,,,,
2015-09-08,0009X,ALFORJA,TARRAGONA,406,"17,6","0,0","12,1",23:55,"23,1",14:33,23,"1,4","6,7",05:00,,,,,
2015-09-09,0009X,ALFORJA,TARRAGONA,406,"18,8","0,2","11,9",02:56,"25,6",12:54,12,"1,4","7,2",13:00,,,,,
2015-09-10,0009X,ALFORJA,TARRAGONA,406,"18,8","5,6","17,1",05:39,"20,5",Varias,16,"1,1","6,4",11:00,,,,,
2015-09-11,0009X,ALFORJA,TARRAGONA,406,"19,0","3,8","17,2",Varias,"20,7",11:44,10,"0,8","4,7",16:40,,,,,
2015-09-12,0009X,ALFORJA,TARRAGONA,406,"20,6","0,6","16,4",23:09,"24,9",12:23,10,"1,7","7,2",12:30,,,,,
2015-09-13,0009X,ALFORJA,TARRAGONA,406,"21,0","0,0","15,3",05:13,"26,6",12:30,11,"1,1","5,8",11:40,,,,,
2015-09-14,0009X,ALFORJA,TARRAGONA,406,"18,7","0,0","14,0",23:05,"23,4",14:13,29,"3,6","16,7",02:30,,,,,
2015-09-15,0009X,ALFORJA,TARRAGONA,406,"19,3","0,2","14,4",00:01,"24,2",12:15,13,"1,1","5,3",11:50,,,,,
2015-09-16,0009X,ALFORJA,TARRAGONA,406,"21,1","0,0","14,9",05:18,"27,3",10:48,10,"1,4","7,2",11:00,,,,,
2015-09-17,0009X,ALFORJA,TARRAGONA,406,"19,0","0,0","14,2",21:50,"23,8",14:56,26,"5,6","16,4",09:10,,,,,
2015-09-18,0009X,ALFORJA,TARRAGONA,406,"18,9","0,0","12,4",04:52,"25,4",14:18,28,"2,5","10,3",01:20,,,,,
2015-09-19,0009X,ALFORJA,TARRAGONA,406,"19,2","0,0","12,3",05:12,"26,2",14:02,28,"2,8","9,4",13:40,,,,,
2015-09-20,0009X,ALFORJA,TARRAGONA,406,"19,7","0,0","11,9",00:26,"27,5",14:30,28,"3,3","12,2",07:30,,,,,
2015-09-21,0009X,ALFORJA,TARRAGONA,406,"20,4","0,0","11,8",03:30,"28,9",13:54,23,"2,5","10,3",10:20,,,,,
2015-09-22,0009X,ALFORJA,TARRAGONA,406,"20,4","0,0","13,2",00:59,"27,5",14:27,28,"3,1","13,6",23:59,,,,,
2015-09-23,0009X,ALFORJA,TARRAGONA,406,"18,8","0,0","13,6",23:47,"24,1",14:10,28,"5,6","14,2",02:10,,,,,
2015-09-24,0009X,ALFORJA,TARRAGONA,406,"17,8","0,0","11,7",Varias,"23,9",13:05,30,"3,1","10,3",03:30,,,,,
2015-09-25,0009X,ALFORJA,TARRAGONA,406,"18,6","0,0","11,6",02:00,"25,5",13:08,26,"2,2","8,3",07:20,,,,,
2015-09-26,0009X,ALFORJA,TARRAGONA,406,"20,2","0,0","15,1",00:12,"25,4",12:13,12,"1,7","8,1",12:40,,,,,
2015-09-27,0009X,ALFORJA,TARRAGONA,406,"16,8","0,0","11,6",23:07,"22,1",14:31,12,"1,7","6,9",11:00,,,,,
2015-09-28,0009X,ALFORJA,TARRAGONA,406,"16,9","0,0","10,7",06:01,"23,1",10:42,14,"1,4","6,9",13:00,,,,,
2015-09-29,0009X,ALFORJA,TARRAGONA,406,"17,4","16,6","12,3",00:30,"22,5",10:45,13,"1,4","6,9",11:10,,,,,
2015-09-30,0009X,ALFORJA,TARRAGONA,406,"16,2","2,0","13,1",00:01,"19,2",10:53,12,"1,1","5,8",12:00,,,,,
2015-10-01,0009X,ALFORJA,TARRAGONA,406,"15,0","34,4","10,5",05:10,"19,4",14:05,34,"1,1","8,3",19:40,,,,,
2015-10-02,0009X,ALFORJA,TARRAGONA,406,"17,0","0,8","12,7",00:01,"21,2",14:45,12,"1,1","5,6",16:10,,,,,
2015-10-03,0009X,ALFORJA,TARRAGONA,406,"15,6","0,0","12,4",22:56,"18,8",12:21,22,"1,1","8,1",10:10,,,,,
2015-10-04,0009X,ALFORJA,TARRAGONA,406,"16,2","0,0","11,6",03:47,"20,9",13:42,27,"0,6","5,0",23:20,,,,,
2015-10-05,0009X,ALFORJA,TARRAGONA,406,"22,0","0,2","16,7",00:30,"27,4",13:22,27,"3,1","9,7",13:50,,,,,
2015-10-06,0009X,ALFORJA,TARRAGONA,406,"22,0","0,0","17,7",03:55,"26,4",13:30,30,"4,2","16,1",22:30,,,,,
2015-10-07,0009X,ALFORJA,TARRAGONA,406,"17,0","0,0","11,8",21:34,"22,2",13:21,28,"3,6","11,1",07:40,,,,,
2015-10-08,0009X,ALFORJA,TARRAGONA,406,"16,4","0,0","10,6",23:44,"22,2",13:09,25,"2,8","9,7",07:30,,,,,
2015-10-09,0009X,ALFORJA,TARRAGONA,406,"15,6","0,0","9,3",02:43,"21,9",12:00,24,"1,9","8,3",09:00,,,,,
2015-10-10,0009X,ALFORJA,TARRAGONA,406,"16,1","0,0","10,0",05:46,"22,2",12:21,11,"1,1","5,8",12:10,,,,,
2015-10-11,0009X,ALFORJA,TARRAGONA,406,"17,0","0,0","10,0",03:26,"24,0",12:32,11,"1,1","5,6",13:20,,,,,
2015-10-12,0009X,ALFORJA,TARRAGONA,406,"19,4","0,0","14,3",06:10,"24,6",12:36,10,"1,4","6,4",13:20,,,,,
2015-10-13,0009X,ALFORJA,TARRAGONA,406,"15,2","0,0","12,7",23:52,"17,6",00:01,25,"4,2","10,8",10:30,,,,,
2015-10-14,0009X,ALFORJA,TARRAGONA,406,"12,4","0,0","7,9",23:56,"17,0",13:31,26,"7,2","13,9",11:00,,,,,
2015-10-15,0009X,ALFORJA,TARRAGONA,406,"11,4","0,0","5,7",23:15,"17,1",14:10,26,"3,1","15,3",01:30,,,,,
2015-10-16,0009X,ALFORJA,TARRAGONA,406,"12,5","0,0","5,4",00:59,"19,6",14:56,26,"2,8","9,2",06:10,,,,,
2015-10-17,0009X,ALFORJA,TARRAGONA,406,"13,0","0,0","10,6",00:01,"15,4",12:24,99,"0,8","3,1",10:30,,,,,
2015-10-18,0009X,ALFORJA,TARRAGONA,406,"17,0","0,0","13,6",00:01,"20,3",14:04,14,"0,6","5,0",15:30,,,,,
2015-10-19,0009X,ALFORJA,TARRAGONA,406,"15,4","0,2","13,8",05:16,"17,0",10:30,10,"0,6","5,3",11:00,,,,,
2015-10-20,0009X,ALFORJA,TARRAGONA,406,"13,4","0,0","10,9",23:54,"16,0",14:47,28,"3,3","12,2",23:20,,,,,
2015-10-21,0009X,ALFORJA,TARRAGONA,406,"13,1","0,0","8,8",06:18,"17,4",13:29,28,"4,2","15,0",02:50,,,,,
2015-10-22,0009X,ALFORJA,TARRAGONA,406,"13,2","0,0","7,1",06:20,"19,2",14:19,27,"5,6","15,6",23:10,,,,,
2015-10-23,0009X,ALFORJA,TARRAGONA,406,"15,0","0,0","9,3",22:21,"20,8",12:08,28,"3,3","14,7",01:40,,,,,
2015-10-24,0009X,ALFORJA,TARRAGONA,406,"13,9","0,0","9,7",00:08,"18,1",14:31,12,"1,1","3,6",15:20,,,,,
2015-10-25,0009X,ALFORJA,TARRAGONA,406,"15,3","0,0","11,3",06:10,"19,3",12:08,09,"1,7","5,8",11:40,,,,,
2015-10-26,0009X,ALFORJA,TARRAGONA,406,"14,6","1,6","10,1",05:43,"19,1",11:42,14,"1,1","5,0",11:50,,,,,
2015-10-27,0009X,ALFORJA,TARRAGONA,406,"16,2","3,4","13,2",23:35,"19,1",12:30,28,"1,1","6,7",23:40,,,,,
2015-10-28,0009X,ALFORJA,TARRAGONA,406,"15,6","0,0","11,6",06:37,"19,6",14:12,26,"4,2","12,5",08:40,,,,,
2015-10-29,0009X,ALFORJA,TARRAGONA,406,"16,0","0,0","10,5",23:55,"21,5",14:32,26,"2,8","8,1",08:40,,,,,
2015-10-30,0009X,ALFORJA,TARRAGONA,406,"14,2","0,0","8,7",05:51,"19,6",11:42,15,"1,1","5,6",10:50,,,,,
2015-10-31,0009X,ALFORJA,TARRAGONA,406,"14,4","0,0","9,0",20:31,"19,8",11:26,12,"1,1","5,8",12:40,,,,,
2015-11-01,0009X,ALFORJA,TARRAGONA,406,"13,6","0,8","10,3",04:21,"16,9",11:12,10,"1,9","9,2",09:10,,,,,
2015-11-02,0009X,ALFORJA,TARRAGONA,406,"14,4","50,4","13,1",04:09,"15,7",Varias,10,"4,4","17,5",12:10,,,,,
2015-11-03,0009X,ALFORJA,TARRAGONA,406,"13,2","0,0","8,8",06:22,"17,6",10:48,08,"1,4","5,3",12:10,,,,,
2015-11-04,0009X,ALFORJA,TARRAGONA,406,"15,2","0,2","9,6",00:47,"20,8",12:48,27,"3,3","8,6",04:30,,,,,
2015-11-05,0009X,ALFORJA,TARRAGONA,406,"17,3","0,0","12,5",20:36,"22,1",12:44,26,"1,9","8,1",14:00,,,,,
2015-11-06,0009X,ALFORJA,TARRAGONA,406,"17,6","0,0","11,8",23:53,"23,4",13:33,25,"1,7","6,7",09:30,,,,,
2015-11-07,0009X,ALFORJA,TARRAGONA,406,"17,0","0,0","11,3",05:20,"22,6",11:23,14,"1,7","4,7",12:00,,,,,
2015-11-08,0009X,ALFORJA,TARRAGONA,406,"15,0","0,0","10,1",03:39,"19,9",13:31,08,"1,4","4,7",13:00,,,,,
2015-11-09,0009X,ALFORJA,TARRAGONA,406,"13,7","0,2","9,0",06:19,"18,4",13:31,30,"2,8","10,0",13:20,,,,,
2015-11-10,0009X,ALFORJA,TARRAGONA,406,"15,7","0,0","10,5",04:14,"20,9",14:32,23,"3,3","11,7",21:50,,,,,
2015-11-11,0009X,ALFORJA,TARRAGONA,406,"15,8","0,0","9,9",Varias,"21,7",12:36,99,"2,8","7,2",Varias,,,,,
2015-11-12,0009X,ALFORJA,TARRAGONA,406,"13,4","0,0","8,2",05:44,"18,5",12:31,24,"1,4","6,1",00:10,,,,,
2015-11-13,0009X,ALFORJA,TARRAGONA,406,"11,6","0,0","9,2",18:33,"14,1",13:08,99,"3,9","9,2",Varias,,,,,
2015-11-14,0009X,ALFORJA,TARRAGONA,406,"14,0","0,0","10,6",06:23,"17,3",13:26,25,"3,9","10,6",11:50,,,,,
2015-11-15,0009X,ALFORJA,TARRAGONA,406,"13,4","0,0","7,9",23:41,"18,9",12:16,27,"3,9","12,2",23:40,,,,,
2015-11-16,0009X,ALFORJA,TARRAGONA,406,"11,2","0,0","7,1",06:01,"15,2",13:16,23,"5,3","12,8",04:10,,,,,
2015-11-17,0009X,ALFORJA,TARRAGONA,406,"11,2","0,0","5,7",05:25,"16,7",13:15,26,"5,6","14,2",03:00,,,,,
2015-11-18,0009X,ALFORJA,TARRAGONA,406,"13,7","0,0","8,8",06:54,"18,6",11:23,26,"4,4","10,0",15:40,,,,,
2015-11-19,0009X,ALFORJA,TARRAGONA,406,"13,8","0,0","9,5",07:00,"18,2",13:39,26,"6,4","12,2",22:20,,,,,
2015-11-20,0009X,ALFORJA,TARRAGONA,406,"15,8","0,0","12,6",05:32,"19,0",12:33,29,"6,7","17,2",15:10,,,,,
2015-11-21,0009X,ALFORJA,TARRAGONA,406,"10,0","0,6","5,0",23:40,"15,1",10:05,99,"6,9","20,3",Varias,,,,,
2015-11-22,0009X,ALFORJA,TARRAGONA,406,"7,4","0,0","4,5",23:12,"10,3",14:32,28,"5,3","12,5",06:30,,,,,
2015-11-23,0009X,ALFORJA,TARRAGONA,406,"5,8","0,0","1,4",06:46,"10,3",13:30,28,"4,2","12,2",09:10,,,,,
2015-11-24,0009X,ALFORJA,TARRAGONA,406,"5,9","0,0","1,0",Varias,"10,8",13:26,31,"5,0","12,8",07:30,,,,,
2015-11-25,0009X,ALFORJA,TARRAGONA,406,"11,0","0,0","7,9",00:01,"14,0",10:51,28,"6,7","18,6",17:00,,,,,
2015-11-26,0009X,ALFORJA,TARRAGONA,406,"13,2","0,0","9,0",23:47,"17,4",12:17,25,"6,7","17,5",07:40,,,,,
2015-11-27,0009X,ALFORJA,TARRAGONA,406,"10,0","0,0","6,4",06:17,"13,5",12:55,28,"5,3","13,1",20:00,,,,,
2015-11-28,0009X,ALFORJA,TARRAGONA,406,"11,1","0,0","6,5",23:57,"15,7",13:02,25,"7,2","16,9",13:20,,,,,
2015-11-29,0009X,ALFORJA,TARRAGONA,406,"9,0","0,0","4,4",19:56,"13,5",13:31,28,"3,6","16,4",03:40,,,,,
2015-11-30,0009X,ALFORJA,TARRAGONA,406,"10,6","0,0","3,1",07:10,"18,0",12:29,23,"1,9","7,5",19:40,,,,,
2015-12-01,0009X,ALFORJA,TARRAGONA,406,"10,0","0,0","3,0",05:02,"17,0",13:31,28,"1,7","5,8",05:40,,,,,
2015-12-02,0009X,ALFORJA,TARRAGONA,406,"10,8","0,0","3,9",22:20,"17,7",13:35,22,"1,9","9,2",11:20,,,,,
2015-12-03,0009X,ALFORJA,TARRAGONA,406,"9,4","0,0","2,8",Varias,"16,0",13:08,10,"0,8","4,4",11:30,,,,,
2015-12-04,0009X,ALFORJA,TARRAGONA,406,"10,5","0,0","3,8",07:15,"17,2",13:11,23,"1,9","7,5",12:10,,,,,
2015-12-05,0009X,ALFORJA,TARRAGONA,406,"11,0","0,0","6,5",06:38,"15,5",12:32,27,"0,8","5,0",01:10,,,,,
2015-12-06,0009X,ALFORJA,TARRAGONA,406,"11,3","0,0","10,0",23:57,"12,6",15:04,06,"0,3","2,5",11:30,,,,,
2015-12-07,0009X,ALFORJA,TARRAGONA,406,"11,7","0,0","9,5",06:45,"13,9",12:44,07,"1,1","3,9",15:00,,,,,
2015-12-08,0009X,ALFORJA,TARRAGONA,406,"13,8","0,0","9,5",19:21,"18,0",12:31,08,"2,2","6,4",12:50,,,,,
2015-12-09,0009X,ALFORJA,TARRAGONA,406,"11,9","0,0","7,6",22:43,"16,2",13:52,29,"3,3","8,1",08:50,,,,,
2015-12-10,0009X,ALFORJA,TARRAGONA,406,"10,8","0,0","5,8",Varias,"15,7",12:13,31,"1,4","7,5",23:30,,,,,
2015-12-11,0009X,ALFORJA,TARRAGONA,406,"9,9","0,0","4,7",05:12,"15,1",13:37,28,"1,9","6,1",11:00,,,,,
2015-12-12,0009X,ALFORJA,TARRAGONA,406,"9,2","0,0","4,8",06:47,"13,7",14:43,25,"2,5","6,4",12:30,,,,,
2015-12-13,0009X,ALFORJA,TARRAGONA,406,"8,6","0,0","4,3",19:49,"12,9",12:22,31,"3,1","8,3",13:30,,,,,
2015-12-14,0009X,ALFORJA,TARRAGONA,406,"10,9","0,0","6,0",00:39,"15,8",14:39,26,"1,7","8,6",11:00,,,,,
2015-12-15,0009X,ALFORJA,TARRAGONA,406,"12,2","0,0","7,5",00:01,"16,9",13:44,28,"3,9","10,8",21:10,,,,,
2015-12-16,0009X,ALFORJA,TARRAGONA,406,"14,5","0,0","9,5",23:49,"19,5",13:54,28,"3,9","10,6",07:50,,,,,
2015-12-17,0009X,ALFORJA,TARRAGONA,406,"13,8","0,0","8,0",04:48,"19,5",11:50,28,"1,4","4,4",21:20,,,,,
2015-12-18,0009X,ALFORJA,TARRAGONA,406,"12,7","0,0","6,1",04:01,"19,3",13:11,26,"1,7","7,2",11:40,,,,,
2015-12-19,0009X,ALFORJA,TARRAGONA,406,"11,2","0,0","7,2",07:32,"15,3",10:13,99,"0,8","5,0",04:50,,,,,
2015-12-20,0009X,ALFORJA,TARRAGONA,406,"10,2","0,2","8,1",00:01,"12,3",13:15,07,"0,6","4,2",09:50,,,,,
2015-12-21,0009X,ALFORJA,TARRAGONA,406,"10,2","0,0","5,1",23:57,"15,2",12:31,28,"3,1","8,3",10:30,,,,,
2015-12-22,0009X,ALFORJA,TARRAGONA,406,"9,8","0,0","4,3",03:19,"15,3",12:11,28,"1,4","4,4",05:10,,,,,
2015-12-23,0009X,ALFORJA,TARRAGONA,406,"10,2","0,0","6,9",08:04,"13,5",13:51,26,"1,4","4,7",06:40,,,,,
2015-12-24,0009X,ALFORJA,TARRAGONA,406,"10,0","0,0","5,6",23:33,"14,4",11:48,27,"1,7","4,2",18:40,,,,,
2015-12-25,0009X,ALFORJA,TARRAGONA,406,"9,9","0,0","4,3",06:57,"15,5",11:41,10,"0,8","4,2",12:10,,,,,
2015-12-26,0009X,ALFORJA,TARRAGONA,406,"9,2","0,0","2,8",06:30,"15,7",12:40,08,"1,1","4,2",12:40,,,,,
2015-12-27,0009X,ALFORJA,TARRAGONA,406,"9,2","0,0","2,7",07:04,"15,8",12:11,05,"0,8","4,7",23:10,,,,,
2015-12-28,0009X,ALFORJA,TARRAGONA,406,"11,3","0,6","10,7",Varias,"11,9",Varias,10,"1,4","5,8",08:30,,,,,
2015-12-29,0009X,ALFORJA,TARRAGONA,406,"11,3","0,0","7,5",20:34,"15,1",10:31,28,"3,6","13,6",17:30,,,,,
2015-12-30,0009X,ALFORJA,TARRAGONA,406,"10,6","0,0","5,2",23:07,"15,9",13:34,29,"2,8","7,8",12:20,,,,,
2015-12-31,0009X,ALFORJA,TARRAGONA,406,"11,3","0,0","5,8",00:01,"16,8",12:35,30,"2,5","10,6",23:40,,,,,
2016-01-01,0009X,ALFORJA,TARRAGONA,406,"9,4","0,2","6,0",04:18,"12,7",14:30,99,"1,1","3,6",01:50,,,,,
2016-01-02,0009X,ALFORJA,TARRAGONA,406,"9,7","0,0","6,9",23:28,"12,5",12:51,28,"5,8","17,2",19:10,,,,,
2016-01-03,0009X,ALFORJA,TARRAGONA,406,"8,9","1,0","6,5",04:55,"11,3",13:05,29,"5,0","16,4",01:20,,,,,
2016-01-04,0009X,ALFORJA,TARRAGONA,406,"10,8","0,6","8,0",23:40,"13,5",03:03,28,"3,9","11,1",07:10,,,,,
2016-01-05,0009X,ALFORJA,TARRAGONA,406,"8,8","0,2","6,4",23:58,"11,1",12:33,27,"5,3","16,7",11:20,,,,,
2016-01-06,0009X,ALFORJA,TARRAGONA,406,"7,9","0,0","4,7",05:02,"11,1",14:57,27,"6,9","15,8",03:40,,,,,
2016-01-07,0009X,ALFORJA,TARRAGONA,406,"13,2","0,0","8,6",00:01,"17,9",12:56,28,"4,2","16,4",23:50,,,,,
2016-01-08,0009X,ALFORJA,TARRAGONA,406,"17,1","0,0","13,2",19:18,"21,0",14:15,25,"3,9","16,1",02:00,,,,,
2016-01-09,0009X,ALFORJA,TARRAGONA,406,"14,0","0,0","11,6",20:26,"16,3",14:10,27,"4,2","12,8",11:30,,,,,
2016-01-10,0009X,ALFORJA,TARRAGONA,406,"12,4","0,2","7,4",06:41,"17,4",12:45,99,"2,5","8,9",Varias,,,,,
2016-01-11,0009X,ALFORJA,TARRAGONA,406,"11,6","0,2","7,9",00:49,"15,3",12:19,23,"4,4","19,4",14:40,,,,,
2016-01-12,0009X,ALFORJA,TARRAGONA,406,"8,1","0,0","4,3",07:17,"11,9",12:36,28,"3,3","14,4",14:30,,,,,
2016-01-13,0009X,ALFORJA,TARRAGONA,406,"8,4","0,0","4,3",05:39,"12,5",14:33,31,"3,1","12,5",05:30,,,,,
2016-01-14,0009X,ALFORJA,TARRAGONA,406,"9,2","0,0","5,0",00:37,"13,5",10:48,27,"6,4","16,1",14:40,,,,,
2016-01-15,0009X,ALFORJA,TARRAGONA,406,"6,8","0,0","3,5",23:58,"10,1",15:51,26,"6,1","12,8",09:50,,,,,
2016-01-16,0009X,ALFORJA,TARRAGONA,406,"5,4","0,0","1,8",Varias,"9,0",14:03,28,"4,7","15,0",09:10,,,,,
2016-01-17,0009X,ALFORJA,TARRAGONA,406,"6,0","0,0","1,8",00:01,"10,2",15:12,,"5,0",,,,,,,
2016-01-18,0009X,ALFORJA,TARRAGONA,406,"8,8","0,2","4,8",00:01,"12,8",14:02,26,"4,2","12,5",23:00,,,,,
2016-01-19,0009X,ALFORJA,TARRAGONA,406,"8,0","0,0","3,9",23:57,"12,0",14:36,27,"3,6","13,9",05:20,,,,,
2016-01-20,0009X,ALFORJA,TARRAGONA,406,"7,8","0,0","2,3",03:11,"13,2",14:36,26,"2,5","8,6",12:30,,,,,
2016-01-21,0009X,ALFORJA,TARRAGONA,406,"8,6","0,0","2,9",23:46,"14,3",13:43,28,"2,5","9,4",08:30,,,,,
2016-01-22,0009X,ALFORJA,TARRAGONA,406,"8,2","0,0","2,6",04:40,"13,7",12:35,28,"2,2","8,3",10:10,,,,,
2016-01-23,0009X,ALFORJA,TARRAGONA,406,"11,5","0,0","5,9",03:46,"17,1",13:35,24,"2,8","7,2",14:10,,,,,
2016-01-24,0009X,ALFORJA,TARRAGONA,406,"8,9","0,0","6,6",00:38,"11,2",15:30,12,"1,4","4,2",09:10,,,,,
2016-01-25,0009X,ALFORJA,TARRAGONA,406,"11,8","0,0","9,7",06:42,"14,0",14:33,99,"1,1","3,6",Varias,,,,,
2016-01-26,0009X,ALFORJA,TARRAGONA,406,"10,9","0,0","7,2",23:57,"14,6",14:57,99,"1,4","4,7",19:50,,,,,
2016-01-27,0009X,ALFORJA,TARRAGONA,406,"11,4","0,0","6,1",20:44,"16,6",13:24,30,"1,7","8,1",08:50,,,,,
2016-01-28,0009X,ALFORJA,TARRAGONA,406,"10,8","0,0","5,1",06:45,"16,4",14:46,27,"2,8","10,3",22:10,,,,,
2016-01-29,0009X,ALFORJA,TARRAGONA,406,"10,2","0,0","7,2",20:37,"13,2",12:57,28,"1,7","11,1",00:40,,,,,
2016-01-30,0009X,ALFORJA,TARRAGONA,406,"10,8","0,0","7,3",02:05,"14,3",14:15,26,"5,0","15,0",12:30,,,,,
2016-01-31,0009X,ALFORJA,TARRAGONA,406,"11,7","0,0","7,5",06:09,"15,9",13:38,26,"7,5","16,7",12:20,,,,,
2016-02-01,0009X,ALFORJA,TARRAGONA,406,"13,4","0,0","9,1",22:06,"17,8",14:02,28,"6,9","15,3",00:20,,,,,
2016-02-02,0009X,ALFORJA,TARRAGONA,406,"13,4","0,0","9,0",23:56,"17,7",13:47,26,"3,9","9,7",05:40,,,,,
2016-02-03,0009X,ALFORJA,TARRAGONA,406,"10,4","0,0","5,0",23:44,"15,7",14:04,28,"7,2","18,3",16:10,,,,,
2016-02-04,0009X,ALFORJA,TARRAGONA,406,"8,0","0,0","3,2",07:09,"12,7",15:14,28,"4,7","13,6",06:00,,,,,
2016-02-05,0009X,ALFORJA,TARRAGONA,406,"9,9","0,0","3,1",06:36,"16,7",13:17,29,"1,7","7,8",04:00,,,,,
2016-02-06,0009X,ALFORJA,TARRAGONA,406,"9,0","2,0","5,7",01:03,"12,3",15:08,12,"1,4","6,4",15:10,,,,,
2016-02-07,0009X,ALFORJA,TARRAGONA,406,"9,0","0,0","5,9",06:36,"12,2",14:02,27,"7,2","21,1",10:20,,,,,
2016-02-08,0009X,ALFORJA,TARRAGONA,406,"12,0","0,0","7,0",00:10,"17,1",14:37,28,"5,6","15,3",09:30,,,,,
2016-02-09,0009X,ALFORJA,TARRAGONA,406,"13,6","0,6","10,6",05:41,"16,7",18:12,26,"6,4","21,4",19:00,,,,,
2016-02-10,0009X,ALFORJA,TARRAGONA,406,"11,9","3,8","9,7",06:39,"14,1",17:12,30,"4,2","21,1",03:30,,,,,
2016-02-11,0009X,ALFORJA,TARRAGONA,406,"10,0","7,8","7,8",06:11,"12,2",15:11,99,"2,2","8,9",14:40,,,,,
2016-02-12,0009X,ALFORJA,TARRAGONA,406,"12,4","0,4","8,8",00:56,"15,9",14:30,24,"5,3","16,7",20:20,,,,,
2016-02-13,0009X,ALFORJA,TARRAGONA,406,"15,6","10,6","10,7",23:26,"20,5",14:00,30,"4,4","16,4",10:00,,,,,
2016-02-14,0009X,ALFORJA,TARRAGONA,406,"9,8","1,6","5,6",23:41,"14,0",12:39,28,"6,7","19,2",07:00,,,,,
2016-02-15,0009X,ALFORJA,TARRAGONA,406,"7,6","0,0","1,8",23:35,"13,5",14:52,28,"5,3","14,4",00:10,,,,,
2016-02-16,0009X,ALFORJA,TARRAGONA,406,"5,8","0,0","0,9",06:59,"10,6",13:57,26,"6,1","14,2",02:10,,,,,
2016-02-17,0009X,ALFORJA,TARRAGONA,406,"4,8","0,0","0,0",04:56,"9,6",14:58,27,"4,2","15,3",05:30,,,,,
2016-02-18,0009X,ALFORJA,TARRAGONA,406,"5,0","0,0","2,2",19:23,"7,8",14:54,28,"3,3","11,7",10:50,,,,,
2016-02-19,0009X,ALFORJA,TARRAGONA,406,"7,4","0,0","2,2",06:57,"12,7",14:52,29,"4,2","12,5",05:40,,,,,
2016-02-20,0009X,ALFORJA,TARRAGONA,406,"9,0","0,0","2,4",00:01,"15,5",14:18,26,"3,1","7,8",09:10,,,,,
2016-02-21,0009X,ALFORJA,TARRAGONA,406,"10,9","0,0","3,1",05:24,"18,7",11:56,26,"1,7","5,8",03:10,,,,,
2016-02-22,0009X,ALFORJA,TARRAGONA,406,"13,1","0,0","9,0",05:57,"17,2",13:42,30,"3,3","12,2",10:50,,,,,
2016-02-23,0009X,ALFORJA,TARRAGONA,406,"12,1","0,0","8,1",06:18,"16,1",15:21,28,"6,7","19,7",11:10,,,,,
2016-02-24,0009X,ALFORJA,TARRAGONA,406,"12,1","0,0","7,2",19:19,"17,0",12:31,28,"2,2","14,2",01:30,,,,,
2016-02-25,0009X,ALFORJA,TARRAGONA,406,"12,1","0,0","8,6",07:38,"15,6",15:12,26,"6,4","14,4",03:40,,,,,
2016-02-26,0009X,ALFORJA,TARRAGONA,406,"9,9","45,2","6,4",06:18,"13,4",12:42,26,"2,8","13,1",01:50,,,,,
2016-02-27,0009X,ALFORJA,TARRAGONA,406,"5,2","12,6","1,8",18:45,"8,7",00:23,27,"5,6","12,8",20:00,,,,,
2016-02-28,0009X,ALFORJA,TARRAGONA,406,"7,0","0,0","2,6",00:01,"11,4",15:07,32,"2,8","15,0",03:30,,,,,
2016-02-29,0009X,ALFORJA,TARRAGONA,406,"8,6","0,0","4,4",23:57,"12,9",14:24,26,"8,3","18,6",13:20,,,,,
2016-03-01,0009X,ALFORJA,TARRAGONA,406,"8,2","0,0","3,4",05:49,"13,1",15:42,28,"9,2","18,9",04:10,,,,,
2016-03-02,0009X,ALFORJA,TARRAGONA,406,"13,2","0,0","8,1",01:10,"18,4",14:20,25,"6,9","25,8",20:10,,,,,
2016-03-03,0009X,ALFORJA,TARRAGONA,406,"10,4","0,0","7,0",02:24,"13,7",14:03,28,"7,2","21,4",03:30,,,,,
2016-03-04,0009X,ALFORJA,TARRAGONA,406,"11,0","1,0","5,8",04:43,"16,3",13:37,26,"2,8","14,2",23:59,,,,,
2016-03-05,0009X,ALFORJA,TARRAGONA,406,"8,3","0,0","4,1",06:26,"12,5",13:30,28,"5,3","19,2",02:10,,,,,
2016-03-06,0009X,ALFORJA,TARRAGONA,406,"8,0","0,0","3,7",06:27,"12,3",14:17,28,"6,9","17,5",03:10,,,,,
2016-03-07,0009X,ALFORJA,TARRAGONA,406,"7,6","0,0","4,2",01:51,"11,0",14:17,28,"4,4","11,7",03:20,,,,,
2016-03-08,0009X,ALFORJA,TARRAGONA,406,"8,4","0,0","3,6",04:09,"13,3",14:18,26,"4,7","12,5",13:20,,,,,
2016-03-09,0009X,ALFORJA,TARRAGONA,406,"6,5","3,2","2,5",02:58,"10,5",15:48,28,"5,3","15,3",08:40,,,,,
2016-03-10,0009X,ALFORJA,TARRAGONA,406,"7,8","0,0","2,3",04:37,"13,3",15:48,28,"5,6","15,8",02:30,,,,,
2016-03-11,0009X,ALFORJA,TARRAGONA,406,"8,8","0,0","3,0",06:08,"14,6",14:45,27,"6,9","13,9",11:30,,,,,
2016-03-12,0009X,ALFORJA,TARRAGONA,406,"8,2","0,0","2,7",06:03,"13,8",14:26,27,"4,7","13,9",09:20,,,,,
2016-03-13,0009X,ALFORJA,TARRAGONA,406,"8,2","0,0","2,3",06:27,"14,2",15:30,30,"5,0","15,3",06:30,,,,,
2016-03-14,0009X,ALFORJA,TARRAGONA,406,"6,2","17,2","4,1",01:54,"8,4",15:31,09,"1,1","7,5",14:30,,,,,
2016-03-15,0009X,ALFORJA,TARRAGONA,406,"6,9","9,6","5,4",12:10,"8,4",14:31,28,"3,1","12,5",21:10,,,,,
2016-03-16,0009X,ALFORJA,TARRAGONA,406,"7,7","1,2","3,7",22:59,"11,7",Varias,26,"6,4","13,3",13:20,,,,,
2016-03-17,0009X,ALFORJA,TARRAGONA,406,"9,0","0,0","4,8",04:59,"13,3",13:43,12,"1,7","6,7",14:30,,,,,
2016-03-18,0009X,ALFORJA,TARRAGONA,406,"6,8","2,2","2,6",06:04,"11,0",11:22,14,"1,4","4,7",10:40,,,,,
2016-03-19,0009X,ALFORJA,TARRAGONA,406,"9,2","34,4","7,7",Varias,"10,7",15:30,06,"1,9","7,2",21:20,,,,,
2016-03-20,0009X,ALFORJA,TARRAGONA,406,"10,5","0,4","6,0",04:12,"15,0",12:12,34,"1,1","7,2",02:10,,,,,
2016-03-21,0009X,ALFORJA,TARRAGONA,406,"9,6","0,0","5,3",05:48,"14,0",09:31,12,"1,7","7,8",12:40,,,,,
2016-03-22,0009X,ALFORJA,TARRAGONA,406,"11,2","0,0","6,3",23:54,"16,0",14:32,28,"6,1","15,8",22:00,,,,,
2016-03-23,0009X,ALFORJA,TARRAGONA,406,"10,4","0,0","3,9",06:09,"17,0",15:20,30,"7,8","16,4",01:10,,,,,
2016-03-24,0009X,ALFORJA,TARRAGONA,406,"11,4","0,0","5,1",04:11,"17,6",13:57,29,"5,3","14,7",04:50,,,,,
2016-03-25,0009X,ALFORJA,TARRAGONA,406,"13,4","0,0","8,7",03:55,"18,2",14:30,30,"3,6","11,7",02:30,,,,,
2016-03-26,0009X,ALFORJA,TARRAGONA,406,"12,9","0,0","7,1",04:26,"18,7",12:41,24,"1,7","8,9",00:40,,,,,
2016-03-27,0009X,ALFORJA,TARRAGONA,406,"11,8","0,0","5,3",23:38,"18,2",14:53,27,"6,1","17,2",07:00,,,,,
2016-03-28,0009X,ALFORJA,TARRAGONA,406,"11,8","0,0","5,7",00:01,"18,0",15:13,26,"4,7","12,5",11:50,,,,,
2016-03-29,0009X,ALFORJA,TARRAGONA,406,"15,9","0,0","9,7",23:54,"22,1",13:16,28,"2,5","11,7",09:00,,,,,
2016-03-30,0009X,ALFORJA,TARRAGONA,406,"14,2","0,0","8,4",05:56,"20,1",13:15,09,"1,7","7,5",13:30,,,,,
2016-03-31,0009X,ALFORJA,TARRAGONA,406,"12,8","1,6","6,5",23:45,"19,2",11:00,99,"5,8","16,9",18:30,,,,,
2016-04-01,0009X,ALFORJA,TARRAGONA,406,"8,8","1,4","4,6",07:02,"13,0",13:16,99,"2,2","13,6",Varias,,,,,
2016-04-02,0009X,ALFORJA,TARRAGONA,406,"11,6","0,0","5,4",05:52,"17,7",12:15,30,"2,8","11,9",03:50,,,,,
2016-04-03,0009X,ALFORJA,TARRAGONA,406,"8,6","2,8","3,8",04:39,"13,5",13:32,10,"1,1","6,9",10:30,,,,,
2016-04-04,0009X,ALFORJA,TARRAGONA,406,"10,6","41,4","9,2",05:55,"12,1",12:20,06,"1,4","7,2",23:30,,,,,
2016-04-05,0009X,ALFORJA,TARRAGONA,406,"11,2","38,0","10,1",12:36,"12,3",08:17,26,"1,7","9,2",23:59,,,,,
2016-04-06,0009X,ALFORJA,TARRAGONA,406,"12,0","0,0","6,9",04:36,"17,0",14:20,27,"7,8","15,3",08:50,,,,,
2016-04-07,0009X,ALFORJA,TARRAGONA,406,"11,7","0,0","6,7",05:23,"16,7",13:09,27,"8,6","16,9",17:30,,,,,
2016-04-08,0009X,ALFORJA,TARRAGONA,406,"10,2","0,0","4,7",05:51,"15,6",13:22,28,"5,3","14,2",06:50,,,,,
2016-04-09,0009X,ALFORJA,TARRAGONA,406,"11,9","0,0","5,3",03:42,"18,5",16:18,28,"5,8","16,7",06:50,,,,,
2016-04-10,0009X,ALFORJA,TARRAGONA,406,"11,8","0,8","6,3",04:48,"17,4",10:59,10,"2,2","7,5",16:00,,,,,
2016-04-11,0009X,ALFORJA,TARRAGONA,406,"13,6","0,0","7,9",23:58,"19,4",13:06,13,"1,9","8,9",13:10,,,,,
2016-04-12,0009X,ALFORJA,TARRAGONA,406,"13,8","0,0","7,7",00:12,"19,8",13:37,22,"1,9","8,3",10:20,,,,,
2016-04-13,0009X,ALFORJA,TARRAGONA,406,"14,6","0,0","9,5",02:44,"19,6",14:57,27,"5,0","14,2",08:40,,,,,
2016-04-14,0009X,ALFORJA,TARRAGONA,406,"15,4","0,0","9,4",21:40,"21,3",11:22,14,"1,9","6,9",12:40,,,,,
2016-04-15,0009X,ALFORJA,TARRAGONA,406,"14,8","0,0","7,7",04:37,"22,0",13:17,12,"1,4","6,7",13:50,,,,,
2016-04-16,0009X,ALFORJA,TARRAGONA,406,"16,6","2,0","9,6",00:01,"23,5",11:43,30,"3,3","14,2",19:40,,,,,
2016-04-17,0009X,ALFORJA,TARRAGONA,406,"15,4","0,0","9,0",24:00,"21,7",13:45,27,"3,1","13,6",12:00,,,,,
2016-04-18,0009X,ALFORJA,TARRAGONA,406,"13,6","0,0","8,1",03:36,"19,1",11:35,11,"2,5","8,6",11:50,,,,,
2016-04-19,0009X,ALFORJA,TARRAGONA,406,"12,0","0,0","5,7",04:50,"18,4",11:12,10,"2,2","6,7",13:40,,,,,
2016-04-20,0009X,ALFORJA,TARRAGONA,406,"13,9","1,0","7,7",00:16,"20,1",10:49,99,"3,6","12,5",Varias,,,,,
2016-04-21,0009X,ALFORJA,TARRAGONA,406,"14,2","0,0","9,6",23:49,"18,7",12:37,28,"1,7","6,4",10:00,,,,,
2016-04-22,0009X,ALFORJA,TARRAGONA,406,"13,1","0,0","9,1",Varias,"17,1",12:41,33,"2,5","8,3",12:10,,,,,
2016-04-23,0009X,ALFORJA,TARRAGONA,406,"15,6","1,0","9,7",21:38,"21,5",14:31,99,"4,7","12,2",Varias,,,,,
2016-04-24,0009X,ALFORJA,TARRAGONA,406,"13,7","0,0","7,8",23:58,"19,6",13:42,29,"6,1","15,0",11:30,,,,,
2016-04-25,0009X,ALFORJA,TARRAGONA,406,"11,9","0,0","5,0",04:53,"18,8",14:38,28,"3,3","12,2",05:20,,,,,
2016-04-26,0009X,ALFORJA,TARRAGONA,406,"15,1","0,0","7,9",04:57,"22,3",14:12,31,"3,3","11,4",02:30,,,,,
2016-04-27,0009X,ALFORJA,TARRAGONA,406,"12,8","16,6","7,7",02:33,"17,9",10:04,26,"2,8","7,8",Varias,,,,,
2016-04-28,0009X,ALFORJA,TARRAGONA,406,"8,5","6,4","5,5",22:45,"11,5",17:07,30,"1,4","5,0",12:00,,,,,
2016-04-29,0009X,ALFORJA,TARRAGONA,406,"11,4","2,6","5,6",00:13,"17,2",12:53,26,"2,8","10,8",04:20,,,,,
2016-04-30,0009X,ALFORJA,TARRAGONA,406,"11,2","0,4","6,6",23:56,"15,7",12:56,28,"6,9","19,7",12:40,,,,,
2016-05-01,0009X,ALFORJA,TARRAGONA,406,"10,8","0,0","4,5",04:46,"17,1",15:03,26,"5,8","19,7",11:00,,,,,
2016-05-02,0009X,ALFORJA,TARRAGONA,406,"12,8","0,0","4,9",04:42,"20,7",15:18,27,"7,2","15,8",10:00,,,,,
2016-05-03,0009X,ALFORJA,TARRAGONA,406,"15,6","0,0","7,6",23:57,"23,5",14:00,99,"4,4","11,4",06:30,,,,,
2016-05-04,0009X,ALFORJA,TARRAGONA,406,"13,8","0,0","5,8",05:02,"21,8",11:47,14,"1,9","7,2",13:30,,,,,
2016-05-05,0009X,ALFORJA,TARRAGONA,406,"13,2","0,0","5,5",Varias,"21,0",12:17,09,"1,7","8,3",12:30,,,,,
2016-05-06,0009X,ALFORJA,TARRAGONA,406,"14,6","0,6","11,2",02:09,"18,1",Varias,13,"2,8","8,9",16:10,,,,,
2016-05-07,0009X,ALFORJA,TARRAGONA,406,"14,0","0,0","10,1",23:57,"17,9",13:45,10,"2,8","7,8",10:50,,,,,
2016-05-08,0009X,ALFORJA,TARRAGONA,406,"12,6","3,0","9,7",00:22,"15,4",13:02,10,"2,5","6,7",07:40,,,,,
2016-05-09,0009X,ALFORJA,TARRAGONA,406,"13,7","26,4","9,3",23:59,"18,1",15:31,28,"1,9","13,6",19:10,,,,,
2016-05-10,0009X,ALFORJA,TARRAGONA,406,"12,6","7,0","7,6",03:38,"17,6",10:43,02,"1,1","6,1",18:40,,,,,
2016-05-11,0009X,ALFORJA,TARRAGONA,406,"14,5","0,6","8,6",23:56,"20,4",14:00,26,"3,6","10,8",11:00,,,,,
2016-05-12,0009X,ALFORJA,TARRAGONA,406,"14,4","0,0","8,6",00:01,"20,1",13:41,27,"3,1","11,9",09:20,,,,,
2016-05-13,0009X,ALFORJA,TARRAGONA,406,"15,6","0,0","10,6",05:40,"20,7",13:35,27,"6,1","14,4",23:10,,,,,
2016-05-14,0009X,ALFORJA,TARRAGONA,406,"17,1","0,0","10,7",04:39,"23,5",14:26,28,"6,7","16,1",05:30,,,,,
2016-05-15,0009X,ALFORJA,TARRAGONA,406,"18,0","0,0","11,5",04:37,"24,5",14:22,99,"4,7","11,7",Varias,,,,,
2016-05-16,0009X,ALFORJA,TARRAGONA,406,"15,8","0,0","8,6",23:52,"22,9",14:39,27,"4,2","12,5",07:10,,,,,
2016-05-17,0009X,ALFORJA,TARRAGONA,406,"14,5","0,0","8,4",00:16,"20,6",11:02,27,"2,8","8,1",05:50,,,,,
2016-05-18,0009X,ALFORJA,TARRAGONA,406,"14,4","0,6","9,0",00:23,"19,8",12:00,16,"1,7","6,4",14:00,,,,,
2016-05-19,0009X,ALFORJA,TARRAGONA,406,"17,4","0,0","11,7",23:56,"23,1",15:33,28,"6,7","20,6",13:30,,,,,
2016-05-20,0009X,ALFORJA,TARRAGONA,406,"16,9","0,0","9,5",02:19,"24,3",12:10,27,"3,1","9,2",06:10,,,,,
2016-05-21,0009X,ALFORJA,TARRAGONA,406,"15,1","0,0","9,0",03:19,"21,2",13:22,09,"1,9","6,7",13:00,,,,,
2016-05-22,0009X,ALFORJA,TARRAGONA,406,"14,9","9,8","10,7",23:53,"19,1",11:32,99,"3,3","13,6",16:50,,,,,
2016-05-23,0009X,ALFORJA,TARRAGONA,406,"14,8","0,0","8,6",Varias,"21,0",15:30,28,"4,2","15,8",03:30,,,,,
2016-05-24,0009X,ALFORJA,TARRAGONA,406,"14,4","0,0","8,5",03:51,"20,2",12:31,14,"1,7","7,5",11:50,,,,,
2016-05-25,0009X,ALFORJA,TARRAGONA,406,"16,2","0,0","10,4",04:06,"21,9",14:08,10,"1,1","5,6",12:00,,,,,
2016-05-26,0009X,ALFORJA,TARRAGONA,406,"17,4","0,0","11,6",05:07,"23,1",14:21,10,"2,2","7,8",11:20,,,,,
2016-05-27,0009X,ALFORJA,TARRAGONA,406,"17,8","0,0","11,8",05:03,"23,9",12:06,08,"1,9","6,7",12:40,,,,,
2016-05-28,0009X,ALFORJA,TARRAGONA,406,"18,6","9,0","12,0",03:07,"25,2",13:24,29,"1,1","15,0",19:30,,,,,
2016-05-29,0009X,ALFORJA,TARRAGONA,406,"18,6","0,0","13,5",03:48,"23,7",Varias,29,"6,1","15,3",Varias,,,,,
2016-05-30,0009X,ALFORJA,TARRAGONA,406,"18,6","0,0","13,7",04:58,"23,4",16:06,26,"3,1","12,5",10:30,,,,,
2016-05-31,0009X,ALFORJA,TARRAGONA,406,"18,0","0,0","12,2",04:44,"23,9",13:32,28,"6,1","15,3",06:40,,,,,
2016-06-01,0009X,ALFORJA,TARRAGONA,406,"18,1","0,0","11,3",Varias,"24,9",15:27,30,"4,2","13,9",03:40,,,,,
2016-06-02,0009X,ALFORJA,TARRAGONA,406,"17,0","0,0","9,2",04:16,"24,9",12:26,27,"3,1","11,1",09:40,,,,,
2016-06-03,0009X,ALFORJA,TARRAGONA,406,"17,6","0,0","10,4",Varias,"24,8",13:14,12,"1,4","7,5",13:40,,,,,
2016-06-04,0009X,ALFORJA,TARRAGONA,406,"17,4","3,0","10,9",04:03,"23,9",14:24,29,"1,9","7,2",06:10,,,,,
2016-06-05,0009X,ALFORJA,TARRAGONA,406,"19,2","0,0","13,7",Varias,"24,7",12:14,12,"2,5","7,8",13:00,,,,,
2016-06-06,0009X,ALFORJA,TARRAGONA,406,"18,8","0,0","12,4",04:50,"25,3",11:13,11,"1,1","7,2",16:20,,,,,
2016-06-07,0009X,ALFORJA,TARRAGONA,406,"20,1","0,0","13,3",03:27,"26,9",13:56,10,"1,7","6,7",13:20,,,,,
2016-06-08,0009X,ALFORJA,TARRAGONA,406,"20,3","0,0","12,9",Varias,"27,7",14:11,10,"1,9","6,4",11:10,,,,,
2016-06-09,0009X,ALFORJA,TARRAGONA,406,"21,1","0,0","13,8",03:33,"28,4",14:08,13,"1,9","6,4",14:10,,,,,
2016-06-10,0009X,ALFORJA,TARRAGONA,406,"20,4","0,0","14,3",04:42,"26,4",13:26,12,"2,2","7,8",09:40,,,,,
2016-06-11,0009X,ALFORJA,TARRAGONA,406,"21,6","0,0","17,3",04:49,"25,8",14:14,26,"2,8","7,2",06:10,,,,,
2016-06-12,0009X,ALFORJA,TARRAGONA,406,"22,4","0,0","16,6",02:01,"28,2",13:17,25,"5,0","15,6",13:30,,,,,
2016-06-13,0009X,ALFORJA,TARRAGONA,406,"24,8","0,0","19,6",05:02,"30,1",14:13,28,"5,8","16,4",14:20,,,,,
2016-06-14,0009X,ALFORJA,TARRAGONA,406,"21,6","0,0","16,4",Varias,"26,9",Varias,28,"5,0","17,2",14:00,,,,,
2016-06-15,0009X,ALFORJA,TARRAGONA,406,"19,8","4,6","13,6",03:57,"26,1",09:53,28,"3,3","11,9",22:40,,,,,
2016-06-16,0009X,ALFORJA,TARRAGONA,406,"18,1","0,0","13,5",Varias,"22,7",15:10,27,"5,3","15,0",02:20,,,,,
2016-06-17,0009X,ALFORJA,TARRAGONA,406,"18,2","2,4","12,9",03:57,"23,4",14:42,29,"2,5","11,1",02:20,,,,,
2016-06-18,0009X,ALFORJA,TARRAGONA,406,"17,1","0,0","11,6",05:27,"22,6",13:31,27,"5,3","15,0",12:00,,,,,
2016-06-19,0009X,ALFORJA,TARRAGONA,406,"18,4","0,0","10,9",04:00,"25,8",14:32,27,"5,0","12,8",07:10,,,,,
2016-06-20,0009X,ALFORJA,TARRAGONA,406,"19,5","0,0","12,9",04:47,"26,1",13:15,26,"3,1","9,2",01:50,,,,,
2016-06-21,0009X,ALFORJA,TARRAGONA,406,"19,8","0,0","12,2",04:46,"27,3",14:13,12,"1,9","6,7",12:00,,,,,
2016-06-22,0009X,ALFORJA,TARRAGONA,406,"20,8","0,0","13,9",23:55,"27,7",13:46,12,"1,9","6,9",10:50,,,,,
2016-06-23,0009X,ALFORJA,TARRAGONA,406,"20,4","0,0","12,4",04:40,"28,3",13:44,09,"1,7","8,1",13:20,,,,,
2016-06-24,0009X,ALFORJA,TARRAGONA,406,"21,0","0,0","13,4",02:44,"28,6",10:49,28,"2,2","8,1",23:40,,,,,
2016-06-25,0009X,ALFORJA,TARRAGONA,406,"23,5","0,0","16,9",04:45,"30,1",12:32,28,"3,3","10,0",07:20,,,,,
2016-06-26,0009X,ALFORJA,TARRAGONA,406,"21,8","0,0","16,5",02:45,"27,1",13:27,24,"3,1","9,4",03:30,,,,,
2016-06-27,0009X,ALFORJA,TARRAGONA,406,"21,6","0,0","14,8",04:45,"28,4",12:29,99,"3,6","11,1",Varias,,,,,
2016-06-28,0009X,ALFORJA,TARRAGONA,406,"21,2","0,0","15,1",00:48,"27,3",11:04,12,"1,7","6,9",11:10,,,,,
2016-06-29,0009X,ALFORJA,TARRAGONA,406,"22,1","0,0","16,7",04:56,"27,5",10:56,14,"1,4","6,4",10:20,,,,,
2016-06-30,0009X,ALFORJA,TARRAGONA,406,"22,4","0,0","16,6",04:50,"28,3",12:35,10,"2,2","6,9",15:30,,,,,
2016-07-01,0009X,ALFORJA,TARRAGONA,406,"22,2","0,0","16,0",04:02,"28,4",12:02,12,"2,5","7,5",13:30,,,,,
2016-07-02,0009X,ALFORJA,TARRAGONA,406,"23,4","0,0","15,9",03:21,"30,8",11:21,25,"3,1","11,4",07:30,,,,,
2016-07-03,0009X,ALFORJA,TARRAGONA,406,"23,2","0,0","17,2",05:44,"29,1",12:03,26,"3,1","8,9",05:40,,,,,
2016-07-04,0009X,ALFORJA,TARRAGONA,406,"22,8","0,0","16,0",03:36,"29,7",10:48,12,"1,9","7,5",14:20,,,,,
2016-07-05,0009X,ALFORJA,TARRAGONA,406,"24,6","0,0","18,1",00:01,"31,0",12:08,13,"3,1","8,6",12:30,,,,,
2016-07-06,0009X,ALFORJA,TARRAGONA,406,"25,2","0,0","18,3",00:47,"32,2",11:23,26,"1,9","10,3",05:00,,,,,
2016-07-07,0009X,ALFORJA,TARRAGONA,406,"24,0","1,0","17,4",04:45,"30,6",09:21,12,"2,5","7,8",12:20,,,,,
2016-07-08,0009X,ALFORJA,TARRAGONA,406,"25,5","0,0","18,8",23:38,"32,2",10:55,33,"1,7","11,7",02:30,,,,,
2016-07-09,0009X,ALFORJA,TARRAGONA,406,"25,4","0,0","17,8",04:16,"33,1",11:44,11,"2,8","8,1",12:40,,,,,
2016-07-10,0009X,ALFORJA,TARRAGONA,406,"25,6","0,0","18,3",01:51,"32,8",11:26,08,"1,9","6,7",11:10,,,,,
2016-07-11,0009X,ALFORJA,TARRAGONA,406,"24,7","0,0","18,8",04:47,"30,6",12:05,09,"2,2","8,3",11:20,,,,,
2016-07-12,0009X,ALFORJA,TARRAGONA,406,"23,4","0,0","17,7",01:37,"29,1",12:21,26,"2,5","12,5",23:40,,,,,
2016-07-13,0009X,ALFORJA,TARRAGONA,406,"21,5","0,0","15,8",24:00,"27,2",13:51,26,"6,7","17,8",06:20,,,,,
2016-07-14,0009X,ALFORJA,TARRAGONA,406,"19,9","0,0","13,1",05:20,"26,7",15:09,28,"4,7","12,8",07:20,,,,,
2016-07-15,0009X,ALFORJA,TARRAGONA,406,"20,3","0,0","13,1",04:56,"27,5",12:15,28,"3,3","10,3",01:50,,,,,
2016-07-16,0009X,ALFORJA,TARRAGONA,406,"20,6","0,0","13,3",00:03,"27,9",10:40,12,"2,8","8,9",13:20,,,,,
2016-07-17,0009X,ALFORJA,TARRAGONA,406,"21,1","0,0","13,4",05:10,"28,8",12:56,10,"1,7","6,9",10:20,,,,,
2016-07-18,0009X,ALFORJA,TARRAGONA,406,"21,4","0,0","13,8",03:19,"28,9",12:50,12,"2,2","7,5",12:10,,,,,
2016-07-19,0009X,ALFORJA,TARRAGONA,406,"21,3","0,0","13,2",02:27,"29,4",13:07,99,"1,7","6,1",Varias,,,,,
2016-07-20,0009X,ALFORJA,TARRAGONA,406,"24,2","3,4","15,6",04:35,"32,7",13:38,27,"1,9","13,6",13:50,,,,,
2016-07-21,0009X,ALFORJA,TARRAGONA,406,"24,1","0,0","18,4",Varias,"29,8",12:17,13,"2,2","7,8",13:20,,,,,
2016-07-22,0009X,ALFORJA,TARRAGONA,406,"23,3","23,8","16,6",03:58,"30,0",12:19,25,"2,8","9,4",23:50,,,,,
2016-07-23,0009X,ALFORJA,TARRAGONA,406,"23,4","0,0","16,5",04:44,"30,3",15:31,27,"4,4","15,8",03:20,,,,,
2016-07-24,0009X,ALFORJA,TARRAGONA,406,"24,3","0,0","17,0",04:38,"31,6",13:55,29,"3,3","11,7",05:50,,,,,
2016-07-25,0009X,ALFORJA,TARRAGONA,406,"24,7","0,0","17,8",23:37,"31,6",12:17,28,"2,8","9,2",06:30,,,,,
2016-07-26,0009X,ALFORJA,TARRAGONA,406,"24,0","0,0","16,9",05:08,"31,2",11:36,12,"2,8","8,1",12:00,,,,,
2016-07-27,0009X,ALFORJA,TARRAGONA,406,"24,6","0,0","18,0",04:03,"31,1",12:24,26,"2,8","9,2",08:00,,,,,
2016-07-28,0009X,ALFORJA,TARRAGONA,406,"23,8","0,0","16,8",04:42,"30,9",11:47,31,"3,1","8,6",07:00,,,,,
2016-07-29,0009X,ALFORJA,TARRAGONA,406,"23,8","0,0","17,6",Varias,"30,1",12:26,13,"1,9","7,2",12:10,,,,,
2016-07-30,0009X,ALFORJA,TARRAGONA,406,"23,8","0,0","17,3",04:56,"30,2",14:22,11,"1,9","6,9",12:40,,,,,
2016-07-31,0009X,ALFORJA,TARRAGONA,406,"26,2","0,0","18,2",01:14,"34,2",13:17,27,"3,3","9,2",12:30,,,,,
2016-08-01,0009X,ALFORJA,TARRAGONA,406,"24,4","0,0","17,1",05:06,"31,6",13:38,27,"3,6","13,1",02:20,,,,,
2016-08-02,0009X,ALFORJA,TARRAGONA,406,"25,1","0,0","19,3",05:27,"30,9",11:07,12,"2,5","9,7",11:20,,,,,
2016-08-03,0009X,ALFORJA,TARRAGONA,406,"24,8","0,0","19,0",05:19,"30,5",11:50,12,"1,7","6,9",13:50,,,,,
2016-08-04,0009X,ALFORJA,TARRAGONA,406,"25,8","0,0","20,3",05:27,"31,4",12:54,29,"1,9","8,3",22:30,,,,,
2016-08-05,0009X,ALFORJA,TARRAGONA,406,"24,6","0,0","18,1",23:30,"31,0",14:59,24,"4,4","16,1",12:00,,,,,
2016-08-06,0009X,ALFORJA,TARRAGONA,406,"24,1","0,0","16,2",05:05,"32,0",14:07,27,"3,3","10,0",04:50,,,,,
2016-08-07,0009X,ALFORJA,TARRAGONA,406,"24,0","0,0","17,1",00:35,"30,8",11:47,99,"3,3","8,9",Varias,,,,,
2016-08-08,0009X,ALFORJA,TARRAGONA,406,"25,2","0,0","16,4",02:48,"34,0",12:49,21,"2,2","7,2",11:30,,,,,
2016-08-09,0009X,ALFORJA,TARRAGONA,406,"25,6","0,0","17,7",00:25,"33,5",14:17,27,"3,6","12,2",06:00,,,,,
2016-08-10,0009X,ALFORJA,TARRAGONA,406,"20,9","0,0","15,3",05:18,"26,5",16:33,27,"4,2","13,6",07:10,,,,,
2016-08-11,0009X,ALFORJA,TARRAGONA,406,"21,2","0,0","13,6",05:18,"28,9",14:34,27,"4,7","13,1",06:40,,,,,
2016-08-12,0009X,ALFORJA,TARRAGONA,406,"21,4","0,0","13,7",01:03,"29,1",11:02,25,"3,6","8,6",08:00,,,,,
2016-08-13,0009X,ALFORJA,TARRAGONA,406,"21,6","0,0","14,8",03:37,"28,3",13:17,10,"2,5","7,2",11:10,,,,,
2016-08-14,0009X,ALFORJA,TARRAGONA,406,"21,8","0,0","14,7",03:39,"28,9",14:17,10,"2,2","7,5",12:20,,,,,
2016-08-15,0009X,ALFORJA,TARRAGONA,406,"21,3","0,0","13,7",05:23,"28,9",13:38,09,"2,2","8,3",12:10,,,,,
2016-08-16,0009X,ALFORJA,TARRAGONA,406,"22,0","0,0","17,0",03:44,"27,0",11:57,13,"1,7","6,1",11:10,,,,,
2016-08-17,0009X,ALFORJA,TARRAGONA,406,"24,0","0,0","16,9",04:57,"31,1",12:47,10,"1,7","7,8",12:40,,,,,
2016-08-18,0009X,ALFORJA,TARRAGONA,406,"24,7","0,0","19,4",01:57,"30,0",11:06,25,"3,1","7,5",06:30,,,,,
2016-08-19,0009X,ALFORJA,TARRAGONA,406,"26,0","0,0","21,1",Varias,"30,9",14:05,99,"1,9","5,8",Varias,,,,,
2016-08-20,0009X,ALFORJA,TARRAGONA,406,"26,2","0,0","20,2",24:00,"32,3",11:24,18,"1,4","10,8",11:50,,,,,
2016-08-21,0009X,ALFORJA,TARRAGONA,406,"23,6","0,0","16,7",05:11,"30,4",15:18,27,"4,4","13,9",02:20,,,,,
2016-08-22,0009X,ALFORJA,TARRAGONA,406,"24,0","0,0","17,4",05:17,"30,7",11:56,13,"2,8","7,5",12:40,,,,,
2016-08-23,0009X,ALFORJA,TARRAGONA,406,"22,2","0,0","15,1",05:17,"29,4",13:09,08,"1,4","7,2",10:40,,,,,
2016-08-24,0009X,ALFORJA,TARRAGONA,406,"22,3","0,0","13,8",04:18,"30,8",11:39,99,"1,7","7,2",11:50,,,,,
2016-08-25,0009X,ALFORJA,TARRAGONA,406,"22,4","0,0","14,1",05:21,"30,7",12:39,12,"2,2","7,5",12:30,,,,,
2016-08-26,0009X,ALFORJA,TARRAGONA,406,"21,8","0,0","14,4",04:45,"29,3",12:16,12,"2,2","7,8",14:20,,,,,
2016-08-27,0009X,ALFORJA,TARRAGONA,406,"22,4","0,0","16,2",Varias,"28,6",12:37,12,"1,7","7,2",12:30,,,,,
2016-08-28,0009X,ALFORJA,TARRAGONA,406,"24,6","0,0","19,1",02:47,"30,0",13:47,10,"2,2","6,9",12:30,,,,,
2016-08-29,0009X,ALFORJA,TARRAGONA,406,"20,6","2,0","18,5",23:54,"22,6",Varias,27,"1,7","7,5",05:10,,,,,
2016-08-30,0009X,ALFORJA,TARRAGONA,406,"20,8","0,2","17,2",03:05,"24,4",13:08,27,"2,5","11,4",03:20,,,,,
2016-08-31,0009X,ALFORJA,TARRAGONA,406,"22,7","0,0","18,6",24:00,"26,8",14:42,12,"1,7","6,9",13:40,,,,,
2016-09-01,0009X,ALFORJA,TARRAGONA,406,"23,2","0,0","15,9",05:06,"30,4",11:30,15,"1,9","7,5",12:50,,,,,
2016-09-02,0009X,ALFORJA,TARRAGONA,406,"23,8","0,0","17,0",03:55,"30,6",11:40,12,"1,1","6,7",12:10,,,,,
2016-09-03,0009X,ALFORJA,TARRAGONA,406,"24,0","0,0","15,9",05:31,"32,0",11:58,99,"1,4","6,4",Varias,,,,,
2016-09-04,0009X,ALFORJA,TARRAGONA,406,"27,2","0,0","17,2",05:14,"37,3",13:05,23,"0,8","8,1",13:10,,,,,
2016-09-05,0009X,ALFORJA,TARRAGONA,406,"27,7","0,0","18,8",24:00,"36,6",14:04,31,"3,3","10,8",11:10,,,,,
2016-09-06,0009X,ALFORJA,TARRAGONA,406,"25,2","0,0","17,4",01:19,"33,1",11:30,27,"3,1","7,8",03:00,,,,,
2016-09-07,0009X,ALFORJA,TARRAGONA,406,"23,7","0,0","19,4",06:05,"28,0",11:48,12,"2,2","7,8",12:10,,,,,
2016-09-08,0009X,ALFORJA,TARRAGONA,406,"21,8","0,0","18,3",22:18,"25,2",15:59,14,"0,8","4,4",16:10,,,,,
2016-09-09,0009X,ALFORJA,TARRAGONA,406,"24,5","0,0","20,0",Varias,"29,0",13:00,10,"1,9","7,8",13:40,,,,,
2016-09-10,0009X,ALFORJA,TARRAGONA,406,"24,0","0,0","18,2",23:58,"29,8",12:33,11,"2,2","7,5",12:40,,,,,
2016-09-11,0009X,ALFORJA,TARRAGONA,406,"23,4","0,0","16,5",04:10,"30,4",12:49,11,"1,7","7,2",11:00,,,,,
2016-09-12,0009X,ALFORJA,TARRAGONA,406,"22,8","0,0","17,1",04:19,"28,5",11:55,12,"1,9","8,1",11:20,,,,,
2016-09-13,0009X,ALFORJA,TARRAGONA,406,"21,6","32,0","16,8",22:10,"26,5",10:53,33,"2,8","12,2",23:40,,,,,
2016-09-14,0009X,ALFORJA,TARRAGONA,406,"17,6","6,6","11,7",19:41,"23,5",12:57,28,"4,2","12,5",03:00,,,,,
2016-09-15,0009X,ALFORJA,TARRAGONA,406,"16,9","0,0","11,8",23:06,"22,0",10:38,31,"2,5","9,2",02:40,,,,,
2016-09-16,0009X,ALFORJA,TARRAGONA,406,"18,5","0,0","11,9",00:15,"25,1",15:12,29,"3,1","14,2",23:59,,,,,
2016-09-17,0009X,ALFORJA,TARRAGONA,406,"17,2","0,0","13,2",23:42,"21,2",14:32,27,"7,2","17,5",05:10,,,,,
2016-09-18,0009X,ALFORJA,TARRAGONA,406,"17,6","0,0","11,1",05:38,"24,1",15:26,28,"5,3","12,5",07:00,,,,,
2016-09-19,0009X,ALFORJA,TARRAGONA,406,"19,2","0,0","12,6",05:52,"25,8",14:24,27,"4,2","13,3",06:20,,,,,
2016-09-20,0009X,ALFORJA,TARRAGONA,406,"19,0","0,0","14,2",04:57,"23,7",12:42,28,"3,1","9,7",03:50,,,,,
2016-09-21,0009X,ALFORJA,TARRAGONA,406,"20,2","0,0","13,8",23:36,"26,7",13:41,25,"2,8","9,4",11:50,,,,,
2016-09-22,0009X,ALFORJA,TARRAGONA,406,"18,8","0,0","12,9",02:14,"24,7",12:30,10,"1,4","6,4",11:00,,,,,
2016-09-23,0009X,ALFORJA,TARRAGONA,406,"19,4","3,2","14,7",24:00,"24,0",12:40,33,"1,7","14,2",20:40,,,,,
2016-09-24,0009X,ALFORJA,TARRAGONA,406,"19,2","10,2","13,4",01:52,"24,9",11:30,15,"1,1","6,4",12:30,,,,,
2016-09-25,0009X,ALFORJA,TARRAGONA,406,"18,8","0,0","14,3",23:53,"23,4",13:04,10,"0,8","6,7",20:30,,,,,
2016-09-26,0009X,ALFORJA,TARRAGONA,406,"18,4","0,0","13,6",04:21,"23,3",11:27,15,"1,4","5,8",11:20,,,,,
2016-09-27,0009X,ALFORJA,TARRAGONA,406,"20,2","0,0","14,9",02:09,"25,5",12:55,31,"2,8","7,2",08:40,,,,,
2016-09-28,0009X,ALFORJA,TARRAGONA,406,"19,7","0,0","13,6",06:13,"25,8",12:47,12,"1,4","6,7",13:30,,,,,
2016-09-29,0009X,ALFORJA,TARRAGONA,406,"18,2","0,0","11,4",06:08,"25,1",12:32,13,"1,4","6,4",12:00,,,,,
2016-09-30,0009X,ALFORJA,TARRAGONA,406,"18,9","0,0","13,1",06:17,"24,7",12:39,09,"1,4","6,9",13:50,,,,,
2016-10-01,0009X,ALFORJA,TARRAGONA,406,"20,2","0,0","14,5",21:35,"25,9",12:57,10,"1,4","6,4",14:10,,,,,
2016-10-02,0009X,ALFORJA,TARRAGONA,406,"19,3","0,4","15,6",01:54,"23,0",12:31,09,"1,4","6,9",13:00,,,,,
2016-10-03,0009X,ALFORJA,TARRAGONA,406,"19,6","0,0","17,6",23:58,"21,7",13:26,12,"1,7","6,1",13:20,,,,,
2016-10-04,0009X,ALFORJA,TARRAGONA,406,"20,3","0,0","14,5",04:51,"26,1",13:05,08,"1,9","5,6",14:20,,,,,
2016-10-05,0009X,ALFORJA,TARRAGONA,406,"19,2","2,4","14,5",22:41,"24,0",12:38,10,"1,1","6,4",12:20,,,,,
2016-10-06,0009X,ALFORJA,TARRAGONA,406,"17,8","0,2","15,3",23:59,"20,4",14:06,03,"1,4","10,0",06:30,,,,,
2016-10-07,0009X,ALFORJA,TARRAGONA,406,"17,2","0,0","12,3",03:55,"22,2",14:09,26,"1,4","5,3",23:30,,,,,
2016-10-08,0009X,ALFORJA,TARRAGONA,406,"19,6","0,0","14,1",06:16,"25,2",13:20,29,"2,8","11,7",04:50,,,,,
2016-10-09,0009X,ALFORJA,TARRAGONA,406,,"0,0",,,,,28,"2,2","10,0",01:30,,,,,
2016-10-10,0009X,ALFORJA,TARRAGONA,406,"16,1","0,0","10,9",24:00,"21,3",14:31,27,"2,8","10,6",05:40,,,,,
2016-10-11,0009X,ALFORJA,TARRAGONA,406,"15,8","0,0","9,8",04:24,"21,8",13:48,30,"3,3","11,4",07:00,,,,,
2016-10-12,0009X,ALFORJA,TARRAGONA,406,"14,2","7,2","13,0",06:00,"15,5",08:51,08,"1,1","5,6",13:10,,,,,
2016-10-13,0009X,ALFORJA,TARRAGONA,406,"16,1","30,0","13,1",22:42,"19,1",11:58,30,"0,8","8,6",23:10,,,,,
2016-10-14,0009X,ALFORJA,TARRAGONA,406,"14,2","3,0","10,9",20:24,"17,6",14:23,25,"3,6","10,3",11:10,,,,,
2016-10-15,0009X,ALFORJA,TARRAGONA,406,"15,1","0,0","8,9",05:50,"21,3",11:32,11,"1,4","5,3",14:00,,,,,
2016-10-16,0009X,ALFORJA,TARRAGONA,406,"15,7","0,0","10,4",03:43,"21,0",Varias,07,"1,1","5,6",11:10,,,,,
2016-10-17,0009X,ALFORJA,TARRAGONA,406,"17,3","0,0","13,6",03:57,"21,0",11:22,30,"1,7","8,3",17:30,,,,,
2016-10-18,0009X,ALFORJA,TARRAGONA,406,"16,0","0,0","12,0",23:57,"19,9",13:53,26,"2,2","8,1",10:00,,,,,
2016-10-19,0009X,ALFORJA,TARRAGONA,406,"16,2","0,0","10,3",23:59,"22,0",14:10,28,"2,2","8,3",05:40,,,,,
2016-10-20,0009X,ALFORJA,TARRAGONA,406,"11,8","0,0","7,2",22:07,"16,5",12:22,27,"2,8","10,3",10:40,,,,,
2016-10-21,0009X,ALFORJA,TARRAGONA,406,"11,2","1,8","7,6",04:11,"14,8",13:31,27,"1,9","11,7",03:30,,,,,
2016-10-22,0009X,ALFORJA,TARRAGONA,406,"14,8","0,6","12,2",00:02,"17,3",13:00,12,"0,3","4,2",14:20,,,,,
2016-10-23,0009X,ALFORJA,TARRAGONA,406,"18,0","0,6","14,6",00:01,"21,4",14:51,08,"1,4","8,1",23:40,,,,,
2016-10-24,0009X,ALFORJA,TARRAGONA,406,"18,4","0,6","15,1",22:22,"21,6",11:04,08,"1,4","7,2",00:10,,,,,
2016-10-25,0009X,ALFORJA,TARRAGONA,406,"18,2","0,2","15,3",03:55,"21,0",12:11,12,"1,9","5,8",09:20,,,,,
2016-10-26,0009X,ALFORJA,TARRAGONA,406,"18,1","0,0","14,5",21:51,"21,7",15:17,26,"3,3","9,2",09:50,,,,,
2016-10-27,0009X,ALFORJA,TARRAGONA,406,"17,6","0,0","13,3",23:57,"21,8",11:30,28,"2,2","8,3",06:50,,,,,
2016-10-28,0009X,ALFORJA,TARRAGONA,406,"16,5","0,0","10,2",23:54,"22,8",12:55,20,"1,1","5,0",11:10,,,,,
2016-10-29,0009X,ALFORJA,TARRAGONA,406,"16,4","0,0","8,6",23:26,"24,3",13:46,27,"1,9","7,8",12:40,,,,,
2016-10-30,0009X,ALFORJA,TARRAGONA,406,"15,0","0,0","8,5",05:17,"21,6",12:50,09,"0,8","5,6",13:30,,,,,
2016-10-31,0009X,ALFORJA,TARRAGONA,406,"15,0","0,0","11,1",18:42,"18,8",12:10,08,"0,8","5,6",11:50,,,,,
2016-11-01,0009X,ALFORJA,TARRAGONA,406,"16,0","0,0","11,2",01:06,"20,9",13:54,24,"1,1","4,2",13:30,,,,,
2016-11-02,0009X,ALFORJA,TARRAGONA,406,"15,2","0,0","9,7",06:01,"20,6",13:43,25,"2,8","9,2",11:40,,,,,
2016-11-03,0009X,ALFORJA,TARRAGONA,406,"15,4","0,0","9,1",03:01,"21,7",13:51,28,"1,4","7,8",11:30,,,,,
2016-11-04,0009X,ALFORJA,TARRAGONA,406,"14,0","2,6","9,3",01:21,"18,8",12:25,29,"2,8","11,7",12:30,,,,,
2016-11-05,0009X,ALFORJA,TARRAGONA,406,"14,6","0,0","9,1",Varias,"20,1",15:17,28,"2,8","13,6",23:50,,,,,
2016-11-06,0009X,ALFORJA,TARRAGONA,406,"10,2","0,0","7,1",23:51,"13,4",13:31,27,"6,9","18,9",12:40,,,,,
2016-11-07,0009X,ALFORJA,TARRAGONA,406,"8,2","0,0","4,6",23:57,"11,7",12:25,25,"6,1","13,6",03:30,,,,,
2016-11-08,0009X,ALFORJA,TARRAGONA,406,"7,8","0,0","3,1",05:24,"12,6",12:39,25,"6,4","15,3",13:30,,,,,
2016-11-09,0009X,ALFORJA,TARRAGONA,406,"11,5","0,0","7,4",05:26,"15,6",13:15,28,"6,7","20,0",12:50,,,,,
2016-11-10,0009X,ALFORJA,TARRAGONA,406,"11,8","0,0","8,2",03:35,"15,5",13:53,27,"8,1","18,1",13:10,,,,,
2016-11-11,0009X,ALFORJA,TARRAGONA,406,"13,2","0,0","9,6",01:23,"16,7",13:13,31,"6,4","18,3",08:10,,,,,
2016-11-12,0009X,ALFORJA,TARRAGONA,406,"12,2","0,0","7,8",18:58,"16,6",13:11,28,"3,6","10,3",06:10,,,,,
2016-11-13,0009X,ALFORJA,TARRAGONA,406,"12,9","0,0","9,4",23:45,"16,4",13:35,28,"3,6","11,4",22:10,,,,,
2016-11-14,0009X,ALFORJA,TARRAGONA,406,"10,6","0,0","5,1",19:45,"16,2",11:45,30,"3,1","13,3",07:50,,,,,
2016-11-15,0009X,ALFORJA,TARRAGONA,406,"9,4","0,0","3,5",20:48,"15,4",14:17,31,"3,6","10,8",00:20,,,,,
2016-11-16,0009X,ALFORJA,TARRAGONA,406,"10,2","0,0","3,9",00:01,"16,5",14:21,25,"3,1","7,5",Varias,,,,,
2016-11-17,0009X,ALFORJA,TARRAGONA,406,"12,4","0,0","5,7",00:38,"19,2",13:32,24,"2,8","7,8",06:50,,,,,
2016-11-18,0009X,ALFORJA,TARRAGONA,406,"12,8","0,0","5,9",05:47,"19,8",12:11,28,"1,7","10,0",22:40,,,,,
2016-11-19,0009X,ALFORJA,TARRAGONA,406,"12,3","0,0","7,4",22:19,"17,2",13:50,27,"2,5","11,4",08:30,,,,,
2016-11-20,0009X,ALFORJA,TARRAGONA,406,"13,2","16,0","8,9",00:01,"17,5",11:15,22,"1,7","4,2",06:40,,,,,
2016-11-21,0009X,ALFORJA,TARRAGONA,406,"13,2","10,6","11,1",00:01,"15,4",14:44,06,"1,1","5,3",03:40,,,,,
2016-11-22,0009X,ALFORJA,TARRAGONA,406,"12,9","3,2","11,3",04:40,"14,5",20:32,12,"1,7","9,7",18:40,,,,,
2016-11-23,0009X,ALFORJA,TARRAGONA,406,"10,6","19,8","5,5",21:56,"15,7",03:49,10,"4,4","13,3",11:20,,,,,
2016-11-24,0009X,ALFORJA,TARRAGONA,406,"8,4","0,0","4,8",20:37,"11,9",13:13,29,"3,1","10,3",01:30,,,,,
2016-11-25,0009X,ALFORJA,TARRAGONA,406,"8,5","0,0","3,9",20:15,"13,1",13:45,30,"2,8","8,9",02:00,,,,,
2016-11-26,0009X,ALFORJA,TARRAGONA,406,"9,2","0,6","5,7",00:01,"12,8",20:55,08,"1,9","9,2",09:30,,,,,
2016-11-27,0009X,ALFORJA,TARRAGONA,406,"10,2","45,0","7,2",21:42,"13,1",02:14,16,"2,2","10,8",08:00,,,,,
2016-11-28,0009X,ALFORJA,TARRAGONA,406,"11,0","0,0","8,2",00:01,"13,8",13:42,99,"2,2","5,8",11:40,,,,,
2016-11-29,0009X,ALFORJA,TARRAGONA,406,"9,9","0,0","6,9",04:41,"12,9",13:47,10,"1,1","8,9",22:10,,,,,
2016-11-30,0009X,ALFORJA,TARRAGONA,406,"8,6","0,0","4,1",Varias,"13,1",12:11,11,"1,4","6,7",10:00,,,,,
2016-12-01,0009X,ALFORJA,TARRAGONA,406,"9,1","0,0","3,6",02:27,"14,6",13:36,26,"2,8","5,8",11:10,,,,,
2016-12-02,0009X,ALFORJA,TARRAGONA,406,"9,4","0,0","4,4",05:06,"14,4",11:54,26,"4,4","9,7",11:20,,,,,
2016-12-03,0009X,ALFORJA,TARRAGONA,406,"8,6","0,2","3,8",07:22,"13,3",11:45,23,"1,4","6,4",02:10,,,,,
2016-12-04,0009X,ALFORJA,TARRAGONA,406,"11,5","1,2","9,8",Varias,"13,2",13:53,07,"2,2","7,8",19:30,,,,,
2016-12-05,0009X,ALFORJA,TARRAGONA,406,"12,4","0,0","9,1",19:49,"15,6",14:04,14,"2,5","9,7",11:30,,,,,
2016-12-06,0009X,ALFORJA,TARRAGONA,406,"11,6","0,0","6,0",23:47,"17,3",10:44,30,"1,9","7,2",11:10,,,,,
2016-12-07,0009X,ALFORJA,TARRAGONA,406,"10,4","0,0","5,4",00:52,"15,4",11:21,14,"1,4","4,2",13:40,,,,,
2016-12-08,0009X,ALFORJA,TARRAGONA,406,"10,1","0,0","3,9",06:57,"16,3",12:44,24,"1,4","5,0",22:30,,,,,
2016-12-09,0009X,ALFORJA,TARRAGONA,406,"12,7","0,0","7,5",00:37,"17,9",12:52,23,"3,6","6,9",07:10,,,,,
2016-12-10,0009X,ALFORJA,TARRAGONA,406,"12,0","0,0","6,4",06:23,"17,7",14:07,27,"1,9","6,9",10:30,,,,,
2016-12-11,0009X,ALFORJA,TARRAGONA,406,"8,2","0,0","3,5",23:07,"12,8",Varias,26,"4,4","10,8",10:00,,,,,
2016-12-12,0009X,ALFORJA,TARRAGONA,406,"7,0","0,0","2,4",04:36,"11,6",13:50,22,"5,8","11,9",07:30,,,,,
2016-12-13,0009X,ALFORJA,TARRAGONA,406,"9,6","0,0","4,0",06:01,"15,3",11:49,24,"1,7","6,4",00:30,,,,,
2016-12-14,0009X,ALFORJA,TARRAGONA,406,"10,4","0,0","5,5",23:03,"15,2",12:26,20,"1,4","4,2",10:30,,,,,
2016-12-15,0009X,ALFORJA,TARRAGONA,406,"7,8","15,2","4,3",05:57,"11,2",15:13,24,"1,4","3,9",12:50,,,,,
2016-12-16,0009X,ALFORJA,TARRAGONA,406,"9,0","60,6","8,0",Varias,"10,1",19:31,07,"1,4","9,4",20:40,,,,,
2016-12-17,0009X,ALFORJA,TARRAGONA,406,"7,4","0,2","2,6",23:57,"12,1",14:54,11,"2,5","13,3",03:20,,,,,
2016-12-18,0009X,ALFORJA,TARRAGONA,406,"7,5","0,0","2,2",02:47,"12,8",12:08,99,"1,9","7,5",Varias,,,,,
2016-12-19,0009X,ALFORJA,TARRAGONA,406,"6,6","7,4","4,3",00:33,"8,9",17:38,31,"3,9","12,5",21:10,,,,,
2016-12-20,0009X,ALFORJA,TARRAGONA,406,"7,4","1,2","4,9",04:06,"10,0",14:58,27,"6,9","14,2",08:40,,,,,
2016-12-21,0009X,ALFORJA,TARRAGONA,406,"7,8","0,0","4,9",05:11,"10,7",15:30,27,"5,0","13,1",10:10,,,,,
2016-12-22,0009X,ALFORJA,TARRAGONA,406,"9,6","0,0","6,8",03:55,"12,3",13:18,23,"5,3","11,1",09:30,,,,,
2016-12-23,0009X,ALFORJA,TARRAGONA,406,"10,4","0,0","6,8",03:38,"14,1",13:19,26,"5,0","11,4",12:10,,,,,
2016-12-24,0009X,ALFORJA,TARRAGONA,406,"9,2","0,0","7,1",16:55,"11,3",11:12,26,"5,3","11,9",06:20,,,,,
2016-12-25,0009X,ALFORJA,TARRAGONA,406,"10,6","0,0","8,1",Varias,"13,1",12:14,24,"6,4","15,3",19:30,,,,,
2016-12-26,0009X,ALFORJA,TARRAGONA,406,"12,4","0,0","6,4",23:36,"18,4",12:26,22,"3,6","11,4",00:20,,,,,
2016-12-27,0009X,ALFORJA,TARRAGONA,406,"8,5","0,0","4,9",23:19,"12,1",13:18,24,"4,2","10,3",01:30,,,,,
2016-12-28,0009X,ALFORJA,TARRAGONA,406,"9,2","0,0","1,5",22:40,"17,0",12:56,26,"1,1","5,0",23:59,,,,,
2016-12-29,0009X,ALFORJA,TARRAGONA,406,"7,6","0,0","1,6",23:00,"13,6",13:59,32,"3,6","13,9",06:20,,,,,
2016-12-30,0009X,ALFORJA,TARRAGONA,406,"7,2","0,0","1,6",04:47,"12,9",12:20,99,"1,9","4,7",11:50,,,,,
2016-12-31,0009X,ALFORJA,TARRAGONA,406,"7,8","0,0","2,0",23:59,"13,5",12:07,24,"1,4","5,3",23:59,,,,,
2017-01-01,0009X,ALFORJA,TARRAGONA,406,"6,0","0,0","0,2",04:44,"11,8",13:36,99,"2,2","10,0",Varias,,,,,
2017-01-02,0009X,ALFORJA,TARRAGONA,406,"6,2","0,0","1,1",23:01,"11,2",11:25,24,"3,3","11,4",19:10,,,,,
2017-01-03,0009X,ALFORJA,TARRAGONA,406,"6,1","0,0","0,9",07:08,"11,3",14:50,31,"3,1","14,4",07:10,,,,,
2017-01-04,0009X,ALFORJA,TARRAGONA,406,"5,5","0,0","0,8",05:39,"10,2",13:30,28,"5,8","15,3",22:40,,,,,
2017-01-05,0009X,ALFORJA,TARRAGONA,406,"6,0","0,0","1,3",19:54,"10,8",14:30,28,"5,3","15,8",00:20,,,,,
2017-01-06,0009X,ALFORJA,TARRAGONA,406,"5,6","0,0","0,6",19:06,"10,6",13:21,28,"4,2","12,5",03:40,,,,,
2017-01-07,0009X,ALFORJA,TARRAGONA,406,"4,8","0,0","0,2",05:27,"9,5",13:20,24,"4,2","9,7",23:50,,,,,
2017-01-08,0009X,ALFORJA,TARRAGONA,406,"7,4","0,0","4,1",06:20,"10,7",14:32,24,"7,8","14,2",08:10,,,,,
2017-01-09,0009X,ALFORJA,TARRAGONA,406,"7,4","0,0","4,5",06:50,"10,4",14:06,26,"5,3","14,7",22:10,,,,,
2017-01-10,0009X,ALFORJA,TARRAGONA,406,"8,5","0,0","5,3",01:01,"11,7",15:26,26,"6,4","16,4",18:50,,,,,
2017-01-11,0009X,ALFORJA,TARRAGONA,406,"8,0","0,0","3,6",04:44,"12,3",15:10,99,"1,1","14,2",Varias,,,,,
2017-01-12,0009X,ALFORJA,TARRAGONA,406,"12,6","0,0","9,2",07:14,"16,0",12:52,28,"4,2","15,3",00:50,,,,,
2017-01-13,0009X,ALFORJA,TARRAGONA,406,"7,2","0,0","2,9",23:54,"11,5",01:11,26,"7,2","26,4",08:10,,,,,
2017-01-14,0009X,ALFORJA,TARRAGONA,406,"5,4","0,0","1,4",23:42,"9,4",14:21,26,"4,7","12,8",16:10,,,,,
2017-01-15,0009X,ALFORJA,TARRAGONA,406,"6,5","0,0","1,4",Varias,"11,6",13:43,27,"4,4","13,9",13:30,,,,,
2017-01-16,0009X,ALFORJA,TARRAGONA,406,"9,5","0,0","4,4",00:25,"14,6",14:32,30,"5,0","13,9",14:50,,,,,
2017-01-17,0009X,ALFORJA,TARRAGONA,406,"2,5","0,2","-2,2",Varias,"7,2",00:01,28,"3,9","19,7",10:00,,,,,
2017-01-18,0009X,ALFORJA,TARRAGONA,406,"0,8","0,0","-3,8",06:16,"5,3",14:32,28,"6,4","14,4",08:20,,,,,
2017-01-19,0009X,ALFORJA,TARRAGONA,406,"3,4","1,8","-2,0",07:20,"8,9",10:42,11,"4,4","15,6",21:50,,,,,
2017-01-20,0009X,ALFORJA,TARRAGONA,406,"6,7","1,0","5,1",03:41,"8,3",11:03,04,"3,9","13,3",05:10,,,,,
2017-01-21,0009X,ALFORJA,TARRAGONA,406,"8,8","0,2","6,9",00:04,"10,7",10:56,03,"3,9","13,9",12:40,,,,,
2017-01-22,0009X,ALFORJA,TARRAGONA,406,"8,3","6,2","6,7",13:11,"9,9",02:09,02,"3,6","12,2",06:00,,,,,
2017-01-23,0009X,ALFORJA,TARRAGONA,406,"6,6","1,0","4,6",08:41,"8,7",00:31,32,"5,6","13,3",06:00,,,,,
2017-01-24,0009X,ALFORJA,TARRAGONA,406,"6,8","0,0","3,1",07:37,"10,6",14:54,29,"6,9","16,9",03:50,,,,,
2017-01-25,0009X,ALFORJA,TARRAGONA,406,"4,2","0,0","0,8",06:21,"7,7",10:55,29,"2,8","14,4",00:20,,,,,
2017-01-26,0009X,ALFORJA,TARRAGONA,406,"5,6","0,0","3,3",02:38,"7,9",13:33,07,"1,1","4,4",20:00,,,,,
2017-01-27,0009X,ALFORJA,TARRAGONA,406,"8,0","18,0","6,0",00:04,"10,1",16:17,10,"2,2","10,6",09:20,,,,,
2017-01-28,0009X,ALFORJA,TARRAGONA,406,"8,6","0,0","5,8",23:56,"11,4",15:54,28,"5,6","11,9",11:20,,,,,
2017-01-29,0009X,ALFORJA,TARRAGONA,406,"7,8","0,0","3,2",07:13,"12,5",14:03,99,"1,4","10,0",Varias,,,,,
2017-01-30,0009X,ALFORJA,TARRAGONA,406,"10,8","0,0","5,5",02:39,"16,1",13:22,22,"1,7","6,4",13:40,,,,,
2017-01-31,0009X,ALFORJA,TARRAGONA,406,"10,2","0,0","5,2",07:01,"15,2",13:32,10,"1,1","4,4",13:10,,,,,
2017-02-01,0009X,ALFORJA,TARRAGONA,406,"10,1","0,0","4,4",06:20,"15,8",13:51,09,"1,1","4,2",14:30,,,,,
2017-02-02,0009X,ALFORJA,TARRAGONA,406,"7,4","1,0","3,3",05:53,"11,6",11:38,28,"1,1","10,6",21:20,,,,,
2017-02-03,0009X,ALFORJA,TARRAGONA,406,"10,8","0,0","6,7",04:27,"15,0",14:30,25,"1,9","9,7",01:30,,,,,
2017-02-04,0009X,ALFORJA,TARRAGONA,406,"11,8","3,6","6,7",02:20,"17,0",11:06,29,"5,3","15,8",10:50,,,,,
2017-02-05,0009X,ALFORJA,TARRAGONA,406,"9,9","0,2","5,9",Varias,"13,9",03:58,25,"8,3","32,2",13:50,,,,,
2017-02-06,0009X,ALFORJA,TARRAGONA,406,"9,1","0,0","5,4",Varias,"12,8",13:01,24,"7,8","21,9",00:40,,,,,
2017-02-07,0009X,ALFORJA,TARRAGONA,406,"12,2","0,0","7,8",23:58,"16,7",13:30,30,"7,2","18,6",02:30,,,,,
2017-02-08,0009X,ALFORJA,TARRAGONA,406,"9,0","0,0","4,4",Varias,"13,5",14:12,26,"7,5","20,3",12:30,,,,,
2017-02-09,0009X,ALFORJA,TARRAGONA,406,"6,6","0,0","1,2",21:17,"12,0",14:30,28,"3,9","15,6",04:30,,,,,
2017-02-10,0009X,ALFORJA,TARRAGONA,406,"6,2","0,0","2,3",Varias,"10,0",12:13,11,"1,1","5,0",16:10,,,,,
2017-02-11,0009X,ALFORJA,TARRAGONA,406,"6,7","0,0","2,2",00:02,"11,2",12:57,07,"2,2","9,2",21:50,,,,,
2017-02-12,0009X,ALFORJA,TARRAGONA,406,"10,9","0,2","9,5",05:47,"12,3",13:30,12,"4,7","14,2",11:10,,,,,
2017-02-13,0009X,ALFORJA,TARRAGONA,406,"10,8","17,2","9,2",21:19,"12,4",10:30,07,"3,1","15,0",07:10,,,,,
2017-02-14,0009X,ALFORJA,TARRAGONA,406,"12,0","0,0","7,9",19:41,"16,2",12:32,29,"2,5","9,2",06:50,,,,,
2017-02-15,0009X,ALFORJA,TARRAGONA,406,"11,6","0,0","7,3",05:18,"16,0",13:24,13,"0,8","5,6",12:00,,,,,
2017-02-16,0009X,ALFORJA,TARRAGONA,406,"9,8","0,0","5,3",Varias,"14,4",11:43,10,"1,4","5,6",12:40,,,,,
2017-02-17,0009X,ALFORJA,TARRAGONA,406,"9,6","0,0","3,8",06:53,"15,3",15:52,22,"1,7","5,6",16:10,,,,,
2017-02-18,0009X,ALFORJA,TARRAGONA,406,"10,0","0,0","4,4",05:36,"15,7",11:33,09,"1,9","6,4",13:30,,,,,
2017-02-19,0009X,ALFORJA,TARRAGONA,406,"8,8","0,0","4,2",23:57,"13,5",13:15,23,"1,7","8,3",15:40,,,,,
2017-02-20,0009X,ALFORJA,TARRAGONA,406,"9,8","0,0","4,1",00:02,"15,4",14:35,28,"3,6","11,9",10:10,,,,,
2017-02-21,0009X,ALFORJA,TARRAGONA,406,"12,0","0,0","6,4",06:49,"17,5",14:22,22,"4,2","12,8",08:30,,,,,
2017-02-22,0009X,ALFORJA,TARRAGONA,406,"13,7","0,0","7,5",22:06,"19,9",11:26,22,"2,5","7,5",02:50,,,,,
2017-02-23,0009X,ALFORJA,TARRAGONA,406,"12,6","0,0","7,4",01:35,"17,8",15:15,13,"1,4","4,4",13:40,,,,,
2017-02-24,0009X,ALFORJA,TARRAGONA,406,"9,0","2,6","5,9",23:58,"12,2",02:11,28,"3,1","15,0",21:30,,,,,
2017-02-25,0009X,ALFORJA,TARRAGONA,406,"8,9","0,0","3,8",05:40,"14,0",12:19,26,"3,9","14,4",01:20,,,,,
2017-02-26,0009X,ALFORJA,TARRAGONA,406,"9,0","0,0","2,7",03:35,"15,4",14:57,28,"1,4","6,1",09:20,,,,,
2017-02-27,0009X,ALFORJA,TARRAGONA,406,"10,8","0,0","4,5",06:52,"17,0",15:41,26,"2,5","12,2",11:20,,,,,
2017-02-28,0009X,ALFORJA,TARRAGONA,406,"12,2","0,0","7,2",23:59,"17,1",14:45,27,"6,7","15,8",12:40,,,,,
2017-03-01,0009X,ALFORJA,TARRAGONA,406,"11,4","0,0","5,8",04:36,"17,0",15:09,30,"3,6","14,2",07:30,,,,,
2017-03-02,0009X,ALFORJA,TARRAGONA,406,"12,3","0,0","6,3",00:41,"18,3",12:57,10,"1,7","6,7",13:00,,,,,
2017-03-03,0009X,ALFORJA,TARRAGONA,406,"7,4","60,2","4,3",23:48,"10,5",22:12,25,"2,2","15,8",23:30,,,,,
2017-03-04,0009X,ALFORJA,TARRAGONA,406,"7,8","0,0","3,4",01:50,"12,1",15:03,23,"6,1","23,6",03:20,,,,,
2017-03-05,0009X,ALFORJA,TARRAGONA,406,"10,8","0,0","5,3",05:53,"16,4",14:51,27,"5,8","15,6",12:30,,,,,
2017-03-06,0009X,ALFORJA,TARRAGONA,406,"15,1","0,0","10,8",00:10,"19,4",13:32,30,"6,7","23,9",18:30,,,,,
2017-03-07,0009X,ALFORJA,TARRAGONA,406,"13,0","0,0","9,2",06:25,"16,8",15:30,28,"6,4","20,3",14:20,,,,,
2017-03-08,0009X,ALFORJA,TARRAGONA,406,"15,9","0,0","10,7",Varias,"21,1",15:32,27,"5,0","15,3",09:40,,,,,
2017-03-09,0009X,ALFORJA,TARRAGONA,406,"19,6","0,0","12,9",04:01,"26,3",14:32,26,"3,1","10,0",13:20,,,,,
2017-03-10,0009X,ALFORJA,TARRAGONA,406,"14,4","0,0","8,0",22:59,"20,7",09:30,30,"2,5","9,2",02:50,,,,,
2017-03-11,0009X,ALFORJA,TARRAGONA,406,"13,7","0,0","6,3",05:19,"21,1",11:47,10,"1,4","5,6",12:40,,,,,
2017-03-12,0009X,ALFORJA,TARRAGONA,406,"14,0","0,0","8,4",00:34,"19,5",14:10,28,"3,6","13,3",05:50,,,,,
2017-03-13,0009X,ALFORJA,TARRAGONA,406,"11,2","0,0","7,2",23:04,"15,1",12:14,26,"3,3","11,1",06:50,,,,,
2017-03-14,0009X,ALFORJA,TARRAGONA,406,"13,3","0,0","6,8",23:58,"19,8",13:20,23,"2,8","10,6",11:30,,,,,
2017-03-15,0009X,ALFORJA,TARRAGONA,406,"12,6","0,0","6,0",03:25,"19,2",12:05,24,"2,8","7,8",09:00,,,,,
2017-03-16,0009X,ALFORJA,TARRAGONA,406,"12,9","0,0","5,2",Varias,"20,6",13:16,10,"1,4","6,7",14:30,,,,,
2017-03-17,0009X,ALFORJA,TARRAGONA,406,"12,2","0,0","4,7",04:39,"19,7",12:58,99,"1,1","5,3",Varias,,,,,
2017-03-18,0009X,ALFORJA,TARRAGONA,406,"14,6","0,0","6,2",00:15,"22,9",14:54,27,"3,1","10,3",09:20,,,,,
2017-03-19,0009X,ALFORJA,TARRAGONA,406,"14,6","0,0","6,9",00:48,"22,4",14:31,28,"2,8","8,9",04:10,,,,,
2017-03-20,0009X,ALFORJA,TARRAGONA,406,"14,0","0,0","6,8",03:03,"21,2",12:39,28,"1,9","6,4",05:50,,,,,
2017-03-21,0009X,ALFORJA,TARRAGONA,406,"12,8","0,0","6,9",02:36,"18,7",14:32,27,"3,9","10,6",04:20,,,,,
2017-03-22,0009X,ALFORJA,TARRAGONA,406,"12,3","0,0","7,6",22:52,"17,0",13:38,31,"2,8","11,1",01:10,,,,,
2017-03-23,0009X,ALFORJA,TARRAGONA,406,"8,6","0,0","2,6",23:14,"14,5",15:39,28,"3,3","12,2",Varias,,,,,
2017-03-24,0009X,ALFORJA,TARRAGONA,406,"6,8","98,8","2,0",23:03,"11,6",11:31,27,"1,7","15,0",23:10,,,,,
2017-03-25,0009X,ALFORJA,TARRAGONA,406,"7,2","0,4","2,3",00:11,"12,0",16:03,28,"1,7","14,4",00:10,,,,,
2017-03-26,0009X,ALFORJA,TARRAGONA,406,"9,6","0,2","4,7",23:23,"14,6",14:09,09,"1,4","6,7",12:30,,,,,
2017-03-27,0009X,ALFORJA,TARRAGONA,406,"9,7","30,4","4,9",00:01,"14,5",11:56,11,"1,4","5,8",14:00,,,,,
2017-03-28,0009X,ALFORJA,TARRAGONA,406,"12,6","0,0","5,9",01:38,"19,2",15:03,32,"3,1","7,8",07:00,,,,,
2017-03-29,0009X,ALFORJA,TARRAGONA,406,"13,9","0,0","6,7",03:34,"21,1",13:24,32,"1,9","8,1",08:10,,,,,
2017-03-30,0009X,ALFORJA,TARRAGONA,406,"13,2","0,0","6,6",04:49,"19,9",11:09,14,"1,7","6,9",13:00,,,,,
2017-03-31,0009X,ALFORJA,TARRAGONA,406,"12,6","8,8","7,5",00:14,"17,7",13:20,29,"1,9","11,1",22:20,,,,,
2017-04-01,0009X,ALFORJA,TARRAGONA,406,"12,7","0,0","8,9",23:54,"16,5",13:22,25,"5,8","16,9",11:30,,,,,
2017-04-02,0009X,ALFORJA,TARRAGONA,406,"12,8","0,0","7,3",21:35,"18,3",14:24,27,"6,1","15,0",01:50,,,,,
2017-04-03,0009X,ALFORJA,TARRAGONA,406,"13,0","0,0","5,8",05:41,"20,2",14:14,28,"5,0","14,2",07:30,,,,,
2017-04-04,0009X,ALFORJA,TARRAGONA,406,"15,2","0,0","9,5",Varias,"20,8",14:36,28,"4,2","12,5",23:10,,,,,
2017-04-05,0009X,ALFORJA,TARRAGONA,406,"13,1","0,0","8,4",Varias,"17,8",11:57,27,"3,3","11,1",Varias,,,,,
2017-04-06,0009X,ALFORJA,TARRAGONA,406,"13,9","0,0","7,6",23:14,"20,2",Varias,28,"4,2","12,8",08:40,,,,,
2017-04-07,0009X,ALFORJA,TARRAGONA,406,"13,7","0,0","6,8",23:38,"20,6",Varias,24,"3,1","8,9",05:50,,,,,
2017-04-08,0009X,ALFORJA,TARRAGONA,406,"14,0","0,0","6,2",23:56,"21,7",12:36,10,"1,4","7,2",11:00,,,,,
2017-04-09,0009X,ALFORJA,TARRAGONA,406,"12,4","0,0","4,9",05:03,"20,0",11:55,14,"1,1","6,7",13:00,,,,,
2017-04-10,0009X,ALFORJA,TARRAGONA,406,"14,2","0,0","7,0",05:50,"21,5",14:00,99,"1,1","5,8",Varias,,,,,
2017-04-11,0009X,ALFORJA,TARRAGONA,406,"17,0","0,0","8,7",02:39,"25,2",14:07,27,"2,8","10,6",07:50,,,,,
2017-04-12,0009X,ALFORJA,TARRAGONA,406,"13,8","0,0","6,3",05:41,"21,2",12:16,09,"1,7","6,4",13:10,,,,,
2017-04-13,0009X,ALFORJA,TARRAGONA,406,"16,6","0,0","8,2",Varias,"24,9",11:51,27,"1,4","7,5",10:40,,,,,
2017-04-14,0009X,ALFORJA,TARRAGONA,406,"18,2","0,0","10,0",00:01,"26,5",12:16,29,"3,1","10,3",06:00,,,,,
2017-04-15,0009X,ALFORJA,TARRAGONA,406,"16,4","0,0","10,1",00:59,"22,7",14:54,27,"3,9","11,4",06:50,,,,,
2017-04-16,0009X,ALFORJA,TARRAGONA,406,"15,8","0,0","8,7",23:58,"22,8",13:31,28,"3,3","12,5",06:40,,,,,
2017-04-17,0009X,ALFORJA,TARRAGONA,406,"15,0","0,0","8,7",00:01,"21,2",11:03,10,"1,4","6,9",11:00,,,,,
2017-04-18,0009X,ALFORJA,TARRAGONA,406,"17,4","4,0","10,7",01:57,"24,1",13:27,25,"3,3","9,7",05:00,,,,,
2017-04-19,0009X,ALFORJA,TARRAGONA,406,"9,9","0,0","6,5",23:50,"13,3",00:01,10,"1,9","8,3",03:00,,,,,
2017-04-20,0009X,ALFORJA,TARRAGONA,406,"9,1","0,0","3,8",23:59,"14,4",14:07,99,"1,7","6,4",Varias,,,,,
2017-04-21,0009X,ALFORJA,TARRAGONA,406,"10,0","0,0","3,2",04:20,"16,8",12:58,13,"1,9","7,5",11:50,,,,,
2017-04-22,0009X,ALFORJA,TARRAGONA,406,"10,9","0,0","3,6",04:47,"18,2",12:33,11,"1,9","8,6",13:00,,,,,
2017-04-23,0009X,ALFORJA,TARRAGONA,406,"12,8","0,0","3,6",03:26,"21,9",13:47,99,"1,1","5,8",Varias,,,,,
2017-04-24,0009X,ALFORJA,TARRAGONA,406,"12,8","0,0","4,3",05:02,"21,4",12:14,13,"1,4","6,7",13:30,,,,,
2017-04-25,0009X,ALFORJA,TARRAGONA,406,"14,2","2,6","9,5",00:01,"18,8",12:44,12,"1,7","6,4",11:50,,,,,
2017-04-26,0009X,ALFORJA,TARRAGONA,406,"11,2","14,8","6,0",23:52,"16,4",13:30,29,"3,3","12,2",03:40,,,,,
2017-04-27,0009X,ALFORJA,TARRAGONA,406,"7,4","2,2","2,7",07:27,"12,0",16:32,24,"3,6","12,5",03:20,,,,,
2017-04-28,0009X,ALFORJA,TARRAGONA,406,"10,0","0,0","3,7",05:19,"16,4",14:15,28,"3,6","9,4",08:50,,,,,
2017-04-29,0009X,ALFORJA,TARRAGONA,406,"9,2","1,8","4,4",04:56,"14,1",11:13,10,"1,4","8,1",11:30,,,,,
2017-04-30,0009X,ALFORJA,TARRAGONA,406,"12,4","1,0","9,5",00:01,"15,3",14:32,30,"1,4","14,7",20:30,,,,,
2017-05-01,0009X,ALFORJA,TARRAGONA,406,"11,6","0,0","5,3",05:21,"17,8",14:57,25,"4,7","16,7",08:30,,,,,
2017-05-02,0009X,ALFORJA,TARRAGONA,406,"13,6","0,0","6,6",00:07,"20,7",14:20,26,"2,8","9,7",15:00,,,,,
2017-05-03,0009X,ALFORJA,TARRAGONA,406,"13,6","0,0","10,0",00:01,"17,3",15:39,99,"1,7","5,0",Varias,,,,,
2017-05-04,0009X,ALFORJA,TARRAGONA,406,"15,2","0,0","10,6",00:01,"19,9",12:31,13,"1,7","6,4",13:40,,,,,
2017-05-05,0009X,ALFORJA,TARRAGONA,406,"15,2","0,0","8,7",03:33,"21,6",11:30,10,"3,3","11,9",16:30,,,,,
2017-05-06,0009X,ALFORJA,TARRAGONA,406,"17,2","0,0","10,9",23:51,"23,4",14:21,99,"5,8","17,2",05:50,,,,,
2017-05-07,0009X,ALFORJA,TARRAGONA,406,"17,0","0,0","9,2",01:41,"24,7",12:51,24,"2,5","10,0",11:50,,,,,
2017-05-08,0009X,ALFORJA,TARRAGONA,406,"16,4","0,0","8,6",03:27,"24,2",12:26,27,"2,8","13,6",08:30,,,,,
2017-05-09,0009X,ALFORJA,TARRAGONA,406,"14,4","5,4","7,1",04:16,"21,7",12:26,10,"1,7","7,5",13:00,,,,,
2017-05-10,0009X,ALFORJA,TARRAGONA,406,"15,0","6,6","10,0",03:53,"19,9",14:53,13,"1,7","7,8",17:30,,,,,
2017-05-11,0009X,ALFORJA,TARRAGONA,406,"16,3","2,6","13,1",06:39,"19,5",10:39,30,"0,8","8,6",23:20,,,,,
2017-05-12,0009X,ALFORJA,TARRAGONA,406,"17,8","0,2","13,6",03:47,"22,1",12:26,28,"3,6","12,8",08:20,,,,,
2017-05-13,0009X,ALFORJA,TARRAGONA,406,"19,0","0,0","13,7",22:11,"24,3",13:23,27,"3,3","11,4",10:30,,,,,
2017-05-14,0009X,ALFORJA,TARRAGONA,406,"18,2","0,0","12,0",23:53,"24,4",13:03,31,"3,1","8,3",06:40,,,,,
2017-05-15,0009X,ALFORJA,TARRAGONA,406,"18,4","0,0","10,8",04:10,"26,0",11:32,10,"1,7","7,5",11:40,,,,,
2017-05-16,0009X,ALFORJA,TARRAGONA,406,"20,0","0,0","12,3",03:04,"27,7",12:55,09,"1,4","6,9",13:30,,,,,
2017-05-17,0009X,ALFORJA,TARRAGONA,406,"18,8","0,0","11,7",04:03,"25,9",13:27,12,"1,9","7,5",13:20,,,,,
2017-05-18,0009X,ALFORJA,TARRAGONA,406,"15,8","3,8","9,1",Varias,"22,4",12:11,25,"4,7","16,1",20:00,,,,,
2017-05-19,0009X,ALFORJA,TARRAGONA,406,"13,8","0,0","7,3",05:21,"20,3",15:00,29,"5,0","14,2",00:30,,,,,
2017-05-20,0009X,ALFORJA,TARRAGONA,406,"17,2","0,0","10,3",23:23,"24,1",15:07,24,"2,8","9,2",14:10,,,,,
2017-05-21,0009X,ALFORJA,TARRAGONA,406,"16,6","0,0","9,8",04:44,"23,3",13:11,13,"1,4","6,1",11:50,,,,,
2017-05-22,0009X,ALFORJA,TARRAGONA,406,"17,9","0,0","11,4",Varias,"24,4",13:43,12,"1,9","6,7",14:20,,,,,
2017-05-23,0009X,ALFORJA,TARRAGONA,406,"19,0","0,0","10,3",03:16,"27,6",12:52,12,"1,9","7,2",10:40,,,,,
2017-05-24,0009X,ALFORJA,TARRAGONA,406,"21,6","0,0","14,3",00:27,"28,9",11:31,11,"1,4","7,2",11:10,,,,,
2017-05-25,0009X,ALFORJA,TARRAGONA,406,"22,6","0,0","14,6",23:57,"30,7",10:45,10,"1,7","6,7",11:30,,,,,
2017-05-26,0009X,ALFORJA,TARRAGONA,406,"19,4","0,0","12,5",03:46,"26,2",13:18,09,"1,7","6,4",09:50,,,,,
2017-05-27,0009X,ALFORJA,TARRAGONA,406,"20,1","0,0","14,9",23:53,"25,3",13:31,12,"2,5","7,5",11:20,,,,,
2017-05-28,0009X,ALFORJA,TARRAGONA,406,"19,2","0,0","12,3",Varias,"26,0",10:32,12,"2,2","7,5",10:30,,,,,
2017-05-29,0009X,ALFORJA,TARRAGONA,406,"18,8","0,0","11,6",03:19,"25,9",13:38,14,"1,9","8,6",14:10,,,,,
2017-05-30,0009X,ALFORJA,TARRAGONA,406,"18,7","0,0","12,0",02:34,"25,4",13:20,12,"1,9","7,8",14:00,,,,,
2017-05-31,0009X,ALFORJA,TARRAGONA,406,"18,6","0,0","11,0",03:35,"26,3",11:52,10,"1,9","7,8",13:10,,,,,
2017-06-01,0009X,ALFORJA,TARRAGONA,406,"19,1","0,0","11,7",03:10,"26,5",13:30,12,"2,2","7,2",12:30,,,,,
2017-06-02,0009X,ALFORJA,TARRAGONA,406,"20,2","0,4","12,9",03:47,"27,4",12:32,08,"1,9","7,2",12:40,,,,,
2017-06-03,0009X,ALFORJA,TARRAGONA,406,"20,6","3,4","16,3",23:49,"24,9",16:49,32,"1,9","10,8",19:00,,,,,
2017-06-04,0009X,ALFORJA,TARRAGONA,406,"16,8","24,6","13,9",20:40,"19,6",15:30,27,"1,7","11,1",Varias,,,,,
2017-06-05,0009X,ALFORJA,TARRAGONA,406,"17,4","0,4","12,0",Varias,"22,7",15:02,27,"3,9","11,1",05:00,,,,,
2017-06-06,0009X,ALFORJA,TARRAGONA,406,"19,0","0,0","11,5",02:30,"26,6",14:08,26,"4,2","12,8",13:00,,,,,
2017-06-07,0009X,ALFORJA,TARRAGONA,406,"18,2","0,0","12,3",00:23,"24,1",11:58,27,"2,8","11,7",05:30,,,,,
2017-06-08,0009X,ALFORJA,TARRAGONA,406,"19,6","0,0","15,3",22:24,"23,9",14:00,12,"1,4","6,7",13:40,,,,,
2017-06-09,0009X,ALFORJA,TARRAGONA,406,"20,0","0,0","13,9",23:59,"26,1",12:23,99,"1,9","6,1",Varias,,,,,
2017-06-10,0009X,ALFORJA,TARRAGONA,406,"20,9","0,0","12,6",03:26,"29,2",13:45,10,"1,1","6,4",14:10,,,,,
2017-06-11,0009X,ALFORJA,TARRAGONA,406,"22,6","0,0","13,8",04:01,"31,3",10:48,12,"1,4","6,1",11:30,,,,,
2017-06-12,0009X,ALFORJA,TARRAGONA,406,"23,8","0,0","15,6",03:20,"32,0",10:50,24,"2,8","8,3",05:40,,,,,
2017-06-13,0009X,ALFORJA,TARRAGONA,406,"23,4","0,0","15,5",04:04,"31,4",13:36,12,"1,7","6,7",10:30,,,,,
2017-06-14,0009X,ALFORJA,TARRAGONA,406,"23,8","0,0","16,4",04:36,"31,2",12:38,12,"1,9","6,4",13:00,,,,,
2017-06-15,0009X,ALFORJA,TARRAGONA,406,"24,2","0,0","16,0",04:27,"32,5",13:15,31,"1,1","7,2",23:30,,,,,
2017-06-16,0009X,ALFORJA,TARRAGONA,406,"26,0","0,0","19,4",24:00,"32,5",10:43,28,"2,8","10,3",00:30,,,,,
2017-06-17,0009X,ALFORJA,TARRAGONA,406,"26,5","0,0","18,8",Varias,"34,2",11:45,99,"3,6","9,2",Varias,,,,,
2017-06-18,0009X,ALFORJA,TARRAGONA,406,"23,5","0,0","16,1",04:16,"30,9",13:54,12,"1,9","7,8",13:20,,,,,
2017-06-19,0009X,ALFORJA,TARRAGONA,406,"23,3","0,0","17,3",03:25,"29,3",13:03,09,"2,2","7,8",14:40,,,,,
2017-06-20,0009X,ALFORJA,TARRAGONA,406,"23,8","0,0","17,9",04:16,"29,7",13:45,09,"1,9","7,8",09:50,,,,,
2017-06-21,0009X,ALFORJA,TARRAGONA,406,"23,8","0,0","16,7",04:42,"30,9",Varias,09,"1,9","6,9",11:50,,,,,
2017-06-22,0009X,ALFORJA,TARRAGONA,406,"24,2","0,0","16,7",04:21,"31,8",11:08,11,"1,7","6,7",11:50,,,,,
2017-06-23,0009X,ALFORJA,TARRAGONA,406,"24,0","0,0","16,7",04:05,"31,4",12:42,10,"1,9","6,9",13:40,,,,,
2017-06-24,0009X,ALFORJA,TARRAGONA,406,"23,8","0,0","17,4",02:43,"30,2",11:42,28,"1,9","7,2",04:30,,,,,
2017-06-25,0009X,ALFORJA,TARRAGONA,406,"23,5","0,2","19,2",00:02,"27,8",13:00,12,"2,8","7,2",Varias,,,,,
2017-06-26,0009X,ALFORJA,TARRAGONA,406,"24,0","0,0","16,7",01:47,"31,2",14:39,08,"1,7","7,8",10:20,,,,,
2017-06-27,0009X,ALFORJA,TARRAGONA,406,"22,1","0,0","17,4",04:43,"26,8",14:56,27,"1,4","8,9",22:50,,,,,
2017-06-28,0009X,ALFORJA,TARRAGONA,406,"22,4","1,2","15,8",22:22,"29,1",14:55,29,"4,4","19,2",16:20,,,,,
2017-06-29,0009X,ALFORJA,TARRAGONA,406,"19,2","0,0","13,1",23:39,"25,2",14:31,28,"4,4","13,3",14:40,,,,,
2017-06-30,0009X,ALFORJA,TARRAGONA,406,"19,0","0,0","13,6",00:01,"24,5",13:53,28,"5,6","15,8",15:50,,,,,
2017-07-01,0009X,ALFORJA,TARRAGONA,406,"18,8","0,0","12,6",04:50,"25,1",14:33,28,"6,7","15,8",10:20,,,,,
2017-07-02,0009X,ALFORJA,TARRAGONA,406,"20,8","0,0","12,5",Varias,"29,0",14:46,99,"4,4","14,7",Varias,,,,,
2017-07-03,0009X,ALFORJA,TARRAGONA,406,"22,2","0,0","15,0",23:48,"29,4",11:50,24,"3,1","9,7",04:20,,,,,
2017-07-04,0009X,ALFORJA,TARRAGONA,406,"20,6","0,0","12,5",04:27,"28,6",12:32,11,"1,9","7,2",11:50,,,,,
2017-07-05,0009X,ALFORJA,TARRAGONA,406,"20,4","0,0","12,4",04:24,"28,3",11:39,12,"2,5","8,1",15:20,,,,,
2017-07-06,0009X,ALFORJA,TARRAGONA,406,"26,0","0,0","17,5",01:12,"34,4",10:23,27,"1,1","8,6",08:50,,,,,
2017-07-07,0009X,ALFORJA,TARRAGONA,406,"25,6","0,2","18,8",03:26,"32,3",10:32,15,"2,2","8,6",12:50,,,,,
2017-07-08,0009X,ALFORJA,TARRAGONA,406,"23,4","2,6","18,3",05:25,"28,5",11:24,11,"3,1","10,8",14:40,,,,,
2017-07-09,0009X,ALFORJA,TARRAGONA,406,"23,6","0,0","17,3",Varias,"30,0",15:33,27,"3,6","10,6",05:20,,,,,
2017-07-10,0009X,ALFORJA,TARRAGONA,406,"23,0","0,0","17,3",01:09,"28,6",13:21,10,"1,7","8,3",12:40,,,,,
2017-07-11,0009X,ALFORJA,TARRAGONA,406,"23,6","0,0","17,8",01:03,"29,4",12:31,99,"1,9","7,5",Varias,,,,,
2017-07-12,0009X,ALFORJA,TARRAGONA,406,"26,0","0,0","18,9",01:28,"33,0",12:54,10,"1,9","7,5",13:20,,,,,
2017-07-13,0009X,ALFORJA,TARRAGONA,406,"26,3","0,0","21,8",04:54,"30,8",14:06,12,"1,9","7,2",10:50,,,,,
2017-07-14,0009X,ALFORJA,TARRAGONA,406,"25,2","0,0","19,2",04:08,"31,2",12:32,26,"3,1","9,2",07:30,,,,,
2017-07-15,0009X,ALFORJA,TARRAGONA,406,"25,4","0,0","18,6",05:00,"32,2",12:51,32,"3,6","10,8",07:00,,,,,
2017-07-16,0009X,ALFORJA,TARRAGONA,406,"24,8","0,0","18,1",04:25,"31,6",12:32,11,"2,2","8,6",16:30,,,,,
2017-07-17,0009X,ALFORJA,TARRAGONA,406,"22,8","0,0","16,1",04:18,"29,6",11:55,12,"2,8","8,3",11:10,,,,,
2017-07-18,0009X,ALFORJA,TARRAGONA,406,"24,1","1,2","18,5",04:43,"29,7",12:48,13,"2,2","8,6",12:50,,,,,
2017-07-19,0009X,ALFORJA,TARRAGONA,406,"24,8","0,0","19,7",02:40,"29,9",14:26,09,"2,5","9,2",11:10,,,,,
2017-07-20,0009X,ALFORJA,TARRAGONA,406,"24,1","0,0","19,9",23:53,"28,3",13:30,12,"2,5","7,5",11:30,,,,,
2017-07-21,0009X,ALFORJA,TARRAGONA,406,"21,4","9,6","17,9",23:52,"25,0",16:39,10,"1,4","5,3",16:00,,,,,
2017-07-22,0009X,ALFORJA,TARRAGONA,406,"22,5","0,0","17,2",01:51,"27,8",13:50,12,"1,4","6,4",13:50,,,,,
2017-07-23,0009X,ALFORJA,TARRAGONA,406,"20,6","21,4","16,8",16:35,"24,4",14:24,27,"2,2","13,9",15:40,,,,,
2017-07-24,0009X,ALFORJA,TARRAGONA,406,"23,0","0,0","16,3",00:46,"29,7",14:22,26,"6,4","15,8",12:00,,,,,
2017-07-25,0009X,ALFORJA,TARRAGONA,406,"22,0","0,0","15,3",05:10,"28,7",15:11,28,"3,9","12,2",01:10,,,,,
2017-07-26,0009X,ALFORJA,TARRAGONA,406,"22,2","0,0","14,8",05:20,"29,5",14:02,26,"3,6","12,2",06:00,,,,,
2017-07-27,0009X,ALFORJA,TARRAGONA,406,"23,3","0,0","15,3",04:14,"31,3",14:01,27,"3,1","8,3",07:10,,,,,
2017-07-28,0009X,ALFORJA,TARRAGONA,406,"24,8","0,0","19,9",05:03,"29,8",13:06,09,"1,7","8,1",14:20,,,,,
2017-07-29,0009X,ALFORJA,TARRAGONA,406,"24,0","0,0","18,6",23:46,"29,5",14:17,14,"1,4","7,8",12:40,,,,,
2017-07-30,0009X,ALFORJA,TARRAGONA,406,"24,2","0,0","17,2",02:02,"31,1",12:34,99,"2,2","6,7",12:50,,,,,
2017-07-31,0009X,ALFORJA,TARRAGONA,406,"23,8","0,0","17,6",03:03,"30,0",12:31,13,"2,5","8,3",12:10,,,,,
2017-08-01,0009X,ALFORJA,TARRAGONA,406,"25,3","0,2","20,3",04:07,"30,3",11:17,26,"2,2","10,6",10:40,,,,,
2017-08-02,0009X,ALFORJA,TARRAGONA,406,"26,8","0,0","20,8",01:31,"32,8",11:05,10,"1,9","9,2",13:00,,,,,
2017-08-03,0009X,ALFORJA,TARRAGONA,406,"28,4","0,0","20,1",04:14,"36,8",10:59,14,"1,7","10,8",11:30,,,,,
2017-08-04,0009X,ALFORJA,TARRAGONA,406,"27,7","0,0","19,7",01:55,"35,7",13:46,08,"1,4","8,1",12:10,,,,,
2017-08-05,0009X,ALFORJA,TARRAGONA,406,"26,4","0,0","19,5",03:37,"33,4",11:31,12,"1,7","9,2",09:30,,,,,
2017-08-06,0009X,ALFORJA,TARRAGONA,406,"24,2","0,0","19,0",04:53,"29,4",12:41,26,"3,1","10,8",08:00,,,,,
2017-08-07,0009X,ALFORJA,TARRAGONA,406,"24,0","0,0","20,6",05:17,"27,5",14:24,14,"2,2","7,8",12:20,,,,,
2017-08-08,0009X,ALFORJA,TARRAGONA,406,"23,8","0,0","17,3",22:58,"30,2",13:57,26,"5,0","13,3",07:50,,,,,
2017-08-09,0009X,ALFORJA,TARRAGONA,406,"19,4","1,8","14,3",23:08,"24,4",13:03,27,"3,3","12,5",23:30,,,,,
2017-08-10,0009X,ALFORJA,TARRAGONA,406,"19,2","0,0","11,8",04:41,"26,5",14:53,27,"5,3","13,6",11:00,,,,,
2017-08-11,0009X,ALFORJA,TARRAGONA,406,"20,2","0,0","13,2",05:10,"27,1",15:12,28,"4,2","13,6",02:10,,,,,
2017-08-12,0009X,ALFORJA,TARRAGONA,406,"20,2","0,0","12,6",02:30,"27,7",11:58,09,"3,3","9,4",13:30,,,,,
2017-08-13,0009X,ALFORJA,TARRAGONA,406,"21,4","0,0","14,3",04:30,"28,4",11:36,14,"1,9","7,5",12:20,,,,,
2017-08-14,0009X,ALFORJA,TARRAGONA,406,"22,6","0,0","16,4",05:16,"28,8",13:49,11,"1,9","6,9",13:00,,,,,
2017-08-15,0009X,ALFORJA,TARRAGONA,406,"22,4","0,4","16,2",Varias,"28,5",10:34,13,"1,9","8,3",10:50,,,,,
2017-08-16,0009X,ALFORJA,TARRAGONA,406,"24,3","0,0","18,1",Varias,"30,5",14:34,09,"1,7","7,2",11:30,,,,,
2017-08-17,0009X,ALFORJA,TARRAGONA,406,"25,2","0,0","18,3",03:19,"32,0",12:11,11,"2,2","7,8",13:10,,,,,
2017-08-18,0009X,ALFORJA,TARRAGONA,406,"24,4","0,0","17,4",04:56,"31,3",13:28,27,"1,4","7,5",23:59,,,,,
2017-08-19,0009X,ALFORJA,TARRAGONA,406,"25,2","0,0","19,3",05:36,"31,1",13:25,29,"2,8","9,7",06:20,,,,,
2017-08-20,0009X,ALFORJA,TARRAGONA,406,"24,4","0,0","17,4",05:07,"31,5",14:06,28,"4,2","10,3",07:20,,,,,
2017-08-21,0009X,ALFORJA,TARRAGONA,406,"23,8","0,0","17,6",05:04,"29,9",11:32,12,"1,9","7,8",12:40,,,,,
2017-08-22,0009X,ALFORJA,TARRAGONA,406,"23,2","0,0","16,6",05:36,"29,7",12:02,14,"1,7","6,9",12:40,,,,,
2017-08-23,0009X,ALFORJA,TARRAGONA,406,"23,4","2,0","17,4",05:13,"29,3",11:58,11,"1,4","8,1",13:30,,,,,
2017-08-24,0009X,ALFORJA,TARRAGONA,406,"24,4","0,0","18,1",05:25,"30,6",13:14,29,"1,7","11,4",01:30,,,,,
2017-08-25,0009X,ALFORJA,TARRAGONA,406,"23,7","0,0","17,7",05:05,"29,7",12:57,13,"1,9","7,5",15:30,,,,,
2017-08-26,0009X,ALFORJA,TARRAGONA,406,"25,2","0,0","19,8",05:42,"30,5",12:44,10,"1,1","7,5",12:20,,,,,
2017-08-27,0009X,ALFORJA,TARRAGONA,406,"25,0","0,0","18,7",05:36,"31,4",12:38,31,"3,9","14,2",18:30,,,,,
2017-08-28,0009X,ALFORJA,TARRAGONA,406,"25,4","0,0","18,0",05:26,"32,9",12:13,12,"1,7","8,3",13:40,,,,,
2017-08-29,0009X,ALFORJA,TARRAGONA,406,"23,9","5,6","19,1",05:15,"28,7",10:04,29,"1,9","10,0",19:00,,,,,
2017-08-30,0009X,ALFORJA,TARRAGONA,406,"21,5","0,8","17,3",04:34,"25,7",13:58,20,"1,4","8,1",00:10,,,,,
2017-08-31,0009X,ALFORJA,TARRAGONA,406,"22,0","0,0","16,6",07:06,"27,4",13:48,26,"3,6","11,7",10:30,,,,,
2017-09-01,0009X,ALFORJA,TARRAGONA,406,"21,0","0,0","15,2",04:49,"26,7",14:34,26,"4,7","11,7",12:50,,,,,
2017-09-02,0009X,ALFORJA,TARRAGONA,406,"19,7","0,0","13,1",05:27,"26,3",14:47,27,"5,0","13,9",15:30,,,,,
2017-09-03,0009X,ALFORJA,TARRAGONA,406,"20,9","0,8","12,2",04:27,"29,6",14:20,26,"1,9","7,8",08:50,,,,,
2017-09-04,0009X,ALFORJA,TARRAGONA,406,"21,3","1,6","16,4",04:49,"26,2",10:23,12,"1,7","7,8",13:40,,,,,
2017-09-05,0009X,ALFORJA,TARRAGONA,406,"22,1","0,0","15,3",04:19,"28,9",12:49,11,"1,7","7,5",12:00,,,,,
2017-09-06,0009X,ALFORJA,TARRAGONA,406,"23,7","0,0","17,2",00:42,"30,2",12:37,28,"3,6","12,2",23:10,,,,,
2017-09-07,0009X,ALFORJA,TARRAGONA,406,"20,1","0,0","13,5",05:39,"26,7",14:47,26,"4,4","13,3",02:20,,,,,
2017-09-08,0009X,ALFORJA,TARRAGONA,406,"21,2","0,0","13,5",05:38,"29,0",14:14,28,"2,5","10,3",01:40,,,,,
2017-09-09,0009X,ALFORJA,TARRAGONA,406,"17,3","3,4","14,0",23:58,"20,6",06:56,32,"5,3","16,4",23:30,,,,,
2017-09-10,0009X,ALFORJA,TARRAGONA,406,"18,0","0,0","12,0",04:01,"23,9",14:18,28,"7,5","16,7",23:59,,,,,
2017-09-11,0009X,ALFORJA,TARRAGONA,406,"23,0","0,0","17,3",02:51,"28,8",13:30,26,"5,8","18,3",11:00,,,,,
2017-09-12,0009X,ALFORJA,TARRAGONA,406,"19,2","0,0","13,4",23:16,"25,0",13:55,28,"4,2","11,7",10:10,,,,,
2017-09-13,0009X,ALFORJA,TARRAGONA,406,"22,0","0,0","15,4",00:01,"28,7",11:52,10,"3,1","8,6",12:50,,,,,
2017-09-14,0009X,ALFORJA,TARRAGONA,406,"22,2","0,2","15,3",23:35,"29,1",14:26,26,"2,2","13,3",13:30,,,,,
2017-09-15,0009X,ALFORJA,TARRAGONA,406,"12,0","10,4","8,6",22:09,"15,5",00:01,29,"4,7","13,9",12:30,,,,,
2017-09-16,0009X,ALFORJA,TARRAGONA,406,"14,3","0,0","8,6",05:50,"20,0",15:00,28,"5,0","14,4",05:30,,,,,
2017-09-17,0009X,ALFORJA,TARRAGONA,406,"17,4","0,0","10,8",06:08,"24,0",14:30,28,"2,5","9,4",04:00,,,,,
2017-09-18,0009X,ALFORJA,TARRAGONA,406,"17,6","0,0","11,8",23:19,"23,5",14:48,26,"3,3","12,5",16:10,,,,,
2017-09-19,0009X,ALFORJA,TARRAGONA,406,"17,5","0,0","12,3",05:23,"22,7",15:32,28,"6,4","14,2",12:00,,,,,
2017-09-20,0009X,ALFORJA,TARRAGONA,406,"18,0","0,0","11,3",05:10,"24,8",14:17,21,"2,2","9,2",06:00,,,,,
2017-09-21,0009X,ALFORJA,TARRAGONA,406,"19,0","0,0","13,7",05:30,"24,3",13:38,12,"1,7","7,5",15:00,,,,,
2017-09-22,0009X,ALFORJA,TARRAGONA,406,"18,6","38,6","14,9",11:08,"22,2",09:52,22,"1,4","8,9",10:50,,,,,
2017-09-23,0009X,ALFORJA,TARRAGONA,406,"18,8","0,0","13,6",06:01,"23,9",14:08,99,"1,1","5,8",12:50,,,,,
2017-09-24,0009X,ALFORJA,TARRAGONA,406,"20,3","0,0","13,5",05:27,"27,1",12:26,10,"1,4","6,1",13:00,,,,,
2017-09-25,0009X,ALFORJA,TARRAGONA,406,"19,9","0,0","13,5",02:13,"26,3",12:31,24,"1,4","9,4",08:50,,,,,
2017-09-26,0009X,ALFORJA,TARRAGONA,406,"19,4","0,0","15,1",05:39,"23,8",13:02,26,"3,3","8,6",08:30,,,,,
2017-09-27,0009X,ALFORJA,TARRAGONA,406,"19,7","0,0","15,0",02:13,"24,4",12:41,11,"1,4","7,8",12:40,,,,,
2017-09-28,0009X,ALFORJA,TARRAGONA,406,"19,6","0,0","15,2",22:48,"23,9",13:37,11,"1,4","7,8",13:00,,,,,
2017-09-29,0009X,ALFORJA,TARRAGONA,406,"19,5","0,0","14,1",04:18,"24,9",12:33,99,"1,9","6,7",Varias,,,,,
2017-09-30,0009X,ALFORJA,TARRAGONA,406,"17,4","0,8","12,5",05:22,"22,2",11:57,30,"1,7","5,6",12:50,,,,,
2017-10-01,0009X,ALFORJA,TARRAGONA,406,"18,2","0,0","13,3",23:22,"23,0",14:19,99,"3,3","8,9",Varias,,,,,
2017-10-02,0009X,ALFORJA,TARRAGONA,406,"19,6","0,0","14,0",00:01,"25,2",13:04,29,"2,2","9,2",06:40,,,,,
2017-10-03,0009X,ALFORJA,TARRAGONA,406,"20,2","0,0","14,4",04:49,"25,9",13:20,25,"1,4","8,1",09:00,,,,,
2017-10-04,0009X,ALFORJA,TARRAGONA,406,"20,4","0,0","15,2",05:26,"25,7",10:39,10,"1,4","6,7",13:10,,,,,
2017-10-05,0009X,ALFORJA,TARRAGONA,406,"19,8","0,0","13,2",05:36,"26,5",12:49,29,"1,4","11,7",23:30,,,,,
2017-10-06,0009X,ALFORJA,TARRAGONA,406,"19,9","0,0","14,6",05:59,"25,2",14:20,28,"7,2","13,6",19:10,,,,,
2017-10-07,0009X,ALFORJA,TARRAGONA,406,"17,2","0,0","12,1",20:24,"22,4",11:41,29,"2,8","10,0",00:20,,,,,
2017-10-08,0009X,ALFORJA,TARRAGONA,406,"18,8","0,0","12,0",23:07,"25,6",14:33,28,"2,5","8,3",10:20,,,,,
2017-10-09,0009X,ALFORJA,TARRAGONA,406,"18,1","0,0","11,4",23:51,"24,8",13:36,12,"1,7","6,7",13:30,,,,,
2017-10-10,0009X,ALFORJA,TARRAGONA,406,"17,5","0,0","9,6",05:54,"25,4",11:56,99,"1,9","7,2",Varias,,,,,
2017-10-11,0009X,ALFORJA,TARRAGONA,406,"18,2","0,0","12,5",00:53,"24,0",13:17,11,"1,9","5,8",14:40,,,,,
2017-10-12,0009X,ALFORJA,TARRAGONA,406,"19,3","0,0","14,2",23:07,"24,4",14:04,14,"1,7","5,3",13:20,,,,,
2017-10-13,0009X,ALFORJA,TARRAGONA,406,"20,0","0,0","15,0",00:01,"25,0",12:18,10,"1,7","6,9",11:50,,,,,
2017-10-14,0009X,ALFORJA,TARRAGONA,406,"20,2","0,0","17,6",Varias,"22,8",12:31,99,"1,4","5,8",Varias,,,,,
2017-10-15,0009X,ALFORJA,TARRAGONA,406,"19,6","0,0","16,9",23:54,"22,3",09:41,11,"1,7","5,6",09:00,,,,,
2017-10-16,0009X,ALFORJA,TARRAGONA,406,"18,6","0,0","14,1",23:37,"23,0",12:18,12,"1,1","6,1",12:50,,,,,
2017-10-17,0009X,ALFORJA,TARRAGONA,406,"17,2","0,0","11,7",02:08,"22,8",12:56,16,"1,1","8,3",13:30,,,,,
2017-10-18,0009X,ALFORJA,TARRAGONA,406,"16,6","23,2","13,7",18:44,"19,6",11:14,20,"2,2","14,7",15:50,,,,,
2017-10-19,0009X,ALFORJA,TARRAGONA,406,"12,9","6,2","10,8",07:48,"15,0",21:49,28,"4,7","14,7",17:50,,,,,
2017-10-20,0009X,ALFORJA,TARRAGONA,406,"17,4","0,0","12,3",22:51,"22,6",14:14,27,"1,4","9,2",03:50,,,,,
2017-10-21,0009X,ALFORJA,TARRAGONA,406,"18,6","0,0","12,0",01:46,"25,3",13:36,27,"1,9","15,6",22:50,,,,,
2017-10-22,0009X,ALFORJA,TARRAGONA,406,"14,4","0,0","10,6",06:04,"18,3",14:10,29,"6,7","16,7",08:50,,,,,
2017-10-23,0009X,ALFORJA,TARRAGONA,406,"14,2","0,0","9,2",06:07,"19,2",14:25,29,"4,7","11,4",09:30,,,,,
2017-10-24,0009X,ALFORJA,TARRAGONA,406,"17,3","0,0","9,6",00:01,"25,0",13:47,32,"3,6","14,2",03:50,,,,,
2017-10-25,0009X,ALFORJA,TARRAGONA,406,"17,3","0,0","10,1",01:39,"24,5",12:33,11,"1,4","5,3",13:10,,,,,
2017-10-26,0009X,ALFORJA,TARRAGONA,406,"17,2","0,0","9,7",06:27,"24,7",13:36,10,"0,8","4,7",12:20,,,,,
2017-10-27,0009X,ALFORJA,TARRAGONA,406,"17,8","0,0","12,1",00:33,"23,6",13:20,28,"5,8","16,1",08:40,,,,,
2017-10-28,0009X,ALFORJA,TARRAGONA,406,"16,6","0,0","12,2",23:59,"21,1",14:53,28,"4,7","15,0",22:30,,,,,
2017-10-29,0009X,ALFORJA,TARRAGONA,406,"14,4","0,0","9,7",06:11,"19,1",13:48,30,"6,9","16,9",20:30,,,,,
2017-10-30,0009X,ALFORJA,TARRAGONA,406,"15,6","0,0","11,2",23:59,"19,9",14:30,27,"4,4","14,7",00:10,,,,,
2017-10-31,0009X,ALFORJA,TARRAGONA,406,"13,4","0,0","8,4",06:48,"18,3",11:40,25,"3,1","10,6",03:10,,,,,
2017-11-01,0009X,ALFORJA,TARRAGONA,406,"15,1","0,0","12,2",Varias,"18,0",12:02,12,"0,6","5,3",13:50,,,,,
2017-11-02,0009X,ALFORJA,TARRAGONA,406,"15,1","0,0","10,9",06:36,"19,3",13:11,11,"1,4","4,2",10:50,,,,,
2017-11-03,0009X,ALFORJA,TARRAGONA,406,"16,3","0,4","12,2",05:36,"20,4",12:19,14,"1,4","6,1",14:10,,,,,
2017-11-04,0009X,ALFORJA,TARRAGONA,406,"14,9","31,2","11,7",20:50,"18,1",12:30,28,"1,1","9,2",13:30,,,,,
2017-11-05,0009X,ALFORJA,TARRAGONA,406,"12,0","0,0","8,7",23:43,"15,3",13:20,28,"6,9","18,3",11:50,,,,,
2017-11-06,0009X,ALFORJA,TARRAGONA,406,"10,0","0,0","5,9",23:43,"14,0",13:03,28,"4,4","14,2",12:30,,,,,
2017-11-07,0009X,ALFORJA,TARRAGONA,406,"8,1","0,0","3,5",05:54,"12,7",14:53,28,"6,1","17,5",08:50,,,,,
2017-11-08,0009X,ALFORJA,TARRAGONA,406,"8,4","0,0","5,0",23:38,"11,7",13:31,26,"6,4","14,4",07:20,,,,,
2017-11-09,0009X,ALFORJA,TARRAGONA,406,"9,0","0,0","3,7",03:24,"14,2",14:47,29,"6,7","15,3",07:00,,,,,
2017-11-10,0009X,ALFORJA,TARRAGONA,406,"9,6","0,0","4,9",06:43,"14,2",12:51,28,"6,7","15,0",10:50,,,,,
2017-11-11,0009X,ALFORJA,TARRAGONA,406,"13,4","0,0","9,9",04:43,"16,8",14:22,30,"7,2","16,1",10:30,,,,,
2017-11-12,0009X,ALFORJA,TARRAGONA,406,"13,8","0,0","9,7",Varias,"17,8",13:30,29,"6,1","17,8",02:40,,,,,
2017-11-13,0009X,ALFORJA,TARRAGONA,406,"9,4","0,0","4,7",23:50,"14,2",14:16,27,"5,3","15,8",21:30,,,,,
2017-11-14,0009X,ALFORJA,TARRAGONA,406,"8,2","0,0","3,6",Varias,"12,8",14:23,28,"5,8","15,8",06:50,,,,,
2017-11-15,0009X,ALFORJA,TARRAGONA,406,"8,8","0,0","3,2",23:17,"14,4",14:04,28,"3,6","15,3",03:20,,,,,
2017-11-16,0009X,ALFORJA,TARRAGONA,406,"9,4","0,0","2,2",04:46,"16,7",13:30,28,"1,7","5,0",23:50,,,,,
2017-11-17,0009X,ALFORJA,TARRAGONA,406,"12,0","0,0","6,6",00:23,"17,4",13:36,25,"4,7","10,3",12:00,,,,,
2017-11-18,0009X,ALFORJA,TARRAGONA,406,"11,8","0,0","7,8",19:47,"15,9",13:23,27,"4,7","11,7",06:30,,,,,
2017-11-19,0009X,ALFORJA,TARRAGONA,406,"10,6","0,0","6,2",Varias,"15,1",13:47,28,"5,3","12,2",05:30,,,,,
2017-11-20,0009X,ALFORJA,TARRAGONA,406,"11,5","0,0","5,0",19:33,"18,0",13:57,30,"3,1","9,4",08:30,,,,,
2017-11-21,0009X,ALFORJA,TARRAGONA,406,"12,7","0,0","5,6",22:06,"19,8",11:34,28,"3,1","7,8",08:30,,,,,
2017-11-22,0009X,ALFORJA,TARRAGONA,406,"10,8","0,0","3,7",06:21,"18,0",13:31,08,"0,6","4,7",11:40,,,,,
2017-11-23,0009X,ALFORJA,TARRAGONA,406,"12,5","0,0","5,1",00:42,"19,9",12:18,28,"1,1","5,8",23:50,,,,,
2017-11-24,0009X,ALFORJA,TARRAGONA,406,"16,8","0,0","12,5",19:06,"21,0",11:54,28,"3,6","11,1",12:30,,,,,
2017-11-25,0009X,ALFORJA,TARRAGONA,406,"10,6","0,0","6,0",23:50,"15,3",00:30,28,"4,4","15,8",21:50,,,,,
2017-11-26,0009X,ALFORJA,TARRAGONA,406,"8,0","0,0","4,3",06:03,"11,6",14:38,28,"6,4","15,6",15:30,,,,,
2017-11-27,0009X,ALFORJA,TARRAGONA,406,"7,4","0,0","2,7",19:49,"12,0",13:32,28,"3,3","8,6",00:30,,,,,
2017-11-28,0009X,ALFORJA,TARRAGONA,406,"8,4","0,0","4,5",01:54,"12,3",13:14,27,"5,0","11,4",Varias,,,,,
2017-11-29,0009X,ALFORJA,TARRAGONA,406,"7,6","0,0","3,6",24:00,"11,7",13:12,28,"3,3","13,1",23:30,,,,,
2017-11-30,0009X,ALFORJA,TARRAGONA,406,"5,0","0,0","1,1",07:15,"9,0",14:32,28,"5,3","13,9",23:50,,,,,
2017-12-01,0009X,ALFORJA,TARRAGONA,406,"3,8","2,4","-0,2",23:52,"7,7",08:54,28,"3,9","16,4",02:10,,,,,
2017-12-02,0009X,ALFORJA,TARRAGONA,406,"3,9","0,0","-0,2",01:27,"8,0",14:33,26,"5,8","17,5",11:40,,,,,
2017-12-03,0009X,ALFORJA,TARRAGONA,406,"3,4","0,0","-0,7",06:15,"7,5",14:16,28,"8,3","17,8",06:30,,,,,
2017-12-04,0009X,ALFORJA,TARRAGONA,406,"6,0","0,0","2,3",01:27,"9,8",Varias,28,"5,8","15,0",12:30,,,,,
2017-12-05,0009X,ALFORJA,TARRAGONA,406,"7,0","0,0","2,4",21:54,"11,6",13:39,26,"4,2","12,5",01:10,,,,,
2017-12-06,0009X,ALFORJA,TARRAGONA,406,"7,0","0,0","0,4",06:50,"13,5",12:36,26,"1,7","5,3",00:20,,,,,
2017-12-07,0009X,ALFORJA,TARRAGONA,406,"7,4","0,0","2,4",00:09,"12,4",10:47,24,"2,5","7,2",14:10,,,,,
2017-12-08,0009X,ALFORJA,TARRAGONA,406,"9,4","0,0","6,0",04:43,"12,8",14:01,28,"5,8","17,5",10:20,,,,,
2017-12-09,0009X,ALFORJA,TARRAGONA,406,"8,0","0,4","5,2",07:18,"10,7",14:04,28,"4,4","16,4",02:20,,,,,
2017-12-10,0009X,ALFORJA,TARRAGONA,406,"11,2","0,0","7,0",00:01,"15,3",14:14,28,"5,0","16,7",11:20,,,,,
2017-12-11,0009X,ALFORJA,TARRAGONA,406,"9,8","2,8","6,2",23:54,"13,5",05:31,27,"3,9","13,6",23:20,,,,,
2017-12-12,0009X,ALFORJA,TARRAGONA,406,"7,0","0,0","4,4",07:36,"9,5",14:08,27,"5,8","14,4",10:20,,,,,
2017-12-13,0009X,ALFORJA,TARRAGONA,406,"6,6","0,0","3,3",06:40,"9,9",23:43,27,"4,7","13,1",22:00,,,,,
2017-12-14,0009X,ALFORJA,TARRAGONA,406,"12,3","0,0","9,9",00:01,"14,7",14:40,27,"4,7","13,1",03:00,,,,,
2017-12-15,0009X,ALFORJA,TARRAGONA,406,"9,2","0,0","5,5",23:41,"13,0",12:41,29,"5,6","18,1",10:10,,,,,
2017-12-16,0009X,ALFORJA,TARRAGONA,406,"7,3","0,0","3,8",Varias,"10,8",13:31,27,"5,3","15,0",07:30,,,,,
2017-12-17,0009X,ALFORJA,TARRAGONA,406,"5,1","0,0","1,3",06:51,"8,9",14:32,30,"6,1","15,0",07:20,,,,,
2017-12-18,0009X,ALFORJA,TARRAGONA,406,"6,6","0,0","4,0",06:43,"9,1",18:44,28,"7,2","15,0",16:00,,,,,
2017-12-19,0009X,ALFORJA,TARRAGONA,406,"5,8","0,0","1,2",20:43,"10,4",13:52,28,"3,6","9,7",12:00,,,,,
2017-12-20,0009X,ALFORJA,TARRAGONA,406,"6,2","0,0","2,3",19:07,"10,2",14:33,30,"3,6","13,9",10:00,,,,,
2017-12-21,0009X,ALFORJA,TARRAGONA,406,"7,7","0,0","3,8",07:07,"11,6",Varias,26,"3,6","12,2",12:30,,,,,
2017-12-22,0009X,ALFORJA,TARRAGONA,406,"9,2","0,0","6,7",06:13,"11,8",14:39,25,"7,8","16,1",10:30,,,,,
2017-12-23,0009X,ALFORJA,TARRAGONA,406,"9,1","0,0","6,1",Varias,"12,1",14:06,27,"5,3","13,1",04:30,,,,,
2017-12-24,0009X,ALFORJA,TARRAGONA,406,"9,8","0,0","3,4",21:48,"16,2",13:08,24,"2,8","8,3",07:30,,,,,
2017-12-25,0009X,ALFORJA,TARRAGONA,406,"7,4","0,0","2,6",04:48,"12,3",15:12,11,"0,8","6,4",15:00,,,,,
2017-12-26,0009X,ALFORJA,TARRAGONA,406,"7,0","5,0","4,7",00:01,"9,2",10:52,28,"4,2","9,7",11:50,,,,,
2017-12-27,0009X,ALFORJA,TARRAGONA,406,"7,4","0,2","4,7",07:14,"10,2",11:13,25,"6,9","25,0",16:30,,,,,
2017-12-28,0009X,ALFORJA,TARRAGONA,406,"8,6","0,0","5,4",06:52,"11,9",12:32,28,"5,3","19,4",00:50,,,,,
2017-12-29,0009X,ALFORJA,TARRAGONA,406,"10,6","0,0","8,1",04:52,"13,1",15:39,29,"5,3","16,7",00:20,,,,,
2017-12-30,0009X,ALFORJA,TARRAGONA,406,"14,2","0,0","10,7",00:35,"17,7",13:16,28,"6,7","16,7",14:40,,,,,
2017-12-31,0009X,ALFORJA,TARRAGONA,406,"12,2","0,0","8,1",06:52,"16,2",12:54,27,"4,2","20,8",23:00,,,,,
2018-01-01,0009X,ALFORJA,TARRAGONA,406,"9,3","0,0","5,5",06:47,"13,1",13:31,28,"6,7","20,8",01:50,,,,,
2018-01-02,0009X,ALFORJA,TARRAGONA,406,"13,3","0,0","10,5",08:17,"16,1",13:25,27,"6,4","21,4",01:00,,,,,
2018-01-03,0009X,ALFORJA,TARRAGONA,406,"16,0","0,0","13,0",02:58,"18,9",14:30,24,"6,7","18,3",15:10,,,,,
2018-01-04,0009X,ALFORJA,TARRAGONA,406,"16,0","0,0","13,4",22:56,"18,6",13:12,28,"7,2","18,1",10:00,,,,,
2018-01-05,0009X,ALFORJA,TARRAGONA,406,"11,1","0,0","5,8",23:52,"16,4",13:15,28,"4,7","18,6",11:30,,,,,
2018-01-06,0009X,ALFORJA,TARRAGONA,406,"8,4","13,8","4,6",02:13,"12,3",13:11,10,"2,8","13,3",20:00,,,,,
2018-01-07,0009X,ALFORJA,TARRAGONA,406,"6,6","0,0","2,2",20:15,"11,1",00:06,12,"2,2","16,4",01:50,,,,,
2018-01-08,0009X,ALFORJA,TARRAGONA,406,"5,1","0,0","1,6",02:18,"8,6",12:51,31,"5,3","13,3",13:40,,,,,
2018-01-09,0009X,ALFORJA,TARRAGONA,406,,"0,0",,,,,,"3,6",,,,,,,
2018-01-10,0009X,ALFORJA,TARRAGONA,406,"7,8","0,0","4,5",07:27,"11,2",12:46,27,"3,9","13,6",15:30,,,,,
2018-01-11,0009X,ALFORJA,TARRAGONA,406,"7,0","0,0","4,6",Varias,"9,5",13:59,27,"7,8","15,8",03:10,,,,,
2018-01-12,0009X,ALFORJA,TARRAGONA,406,"6,5","0,0","2,1",23:07,"10,9",14:32,28,"5,8","15,6",10:30,,,,,
2018-01-13,0009X,ALFORJA,TARRAGONA,406,"5,5","0,0","1,3",06:13,"9,7",14:30,26,"1,7","7,5",23:40,,,,,
2018-01-14,0009X,ALFORJA,TARRAGONA,406,"6,0","0,0","3,8",06:20,"8,3",14:34,26,"5,8","14,4",12:30,,,,,
2018-01-15,0009X,ALFORJA,TARRAGONA,406,"6,4","0,0","3,1",07:14,"9,6",14:14,26,"5,0","12,5",11:40,,,,,
2018-01-16,0009X,ALFORJA,TARRAGONA,406,"11,2","0,0","6,7",06:45,"15,8",Varias,28,"7,5","23,1",03:30,,,,,
2018-01-17,0009X,ALFORJA,TARRAGONA,406,"9,8","0,0","6,0",23:44,"13,6",13:09,25,"8,3","23,9",07:30,,,,,
2018-01-18,0009X,ALFORJA,TARRAGONA,406,"9,2","0,0","4,5",05:58,"13,9",14:40,28,"4,2","11,4",03:30,,,,,
2018-01-19,0009X,ALFORJA,TARRAGONA,406,"10,9","0,0","6,8",05:38,"15,0",15:15,28,"5,0","14,4",23:20,,,,,
2018-01-20,0009X,ALFORJA,TARRAGONA,406,"11,0","0,0","6,6",05:40,"15,3",14:08,28,"6,7","16,9",20:30,,,,,
2018-01-21,0009X,ALFORJA,TARRAGONA,406,"15,5","0,0","12,2",23:59,"18,8",14:32,28,"8,1","21,7",10:30,,,,,
2018-01-22,0009X,ALFORJA,TARRAGONA,406,"13,6","0,0","10,5",07:11,"16,8",14:31,26,"10,0","19,7",03:10,,,,,
2018-01-23,0009X,ALFORJA,TARRAGONA,406,"11,4","0,0","6,6",22:14,"16,2",13:30,25,"5,8","16,1",01:10,,,,,
2018-01-24,0009X,ALFORJA,TARRAGONA,406,"10,8","0,0","4,9",22:17,"16,8",12:10,27,"1,4","6,9",02:20,,,,,
2018-01-25,0009X,ALFORJA,TARRAGONA,406,"9,0","7,8","7,2",00:01,"10,9",Varias,28,"1,1","9,7",23:30,,,,,
2018-01-26,0009X,ALFORJA,TARRAGONA,406,"6,3","7,6","4,3",14:12,"8,3",00:47,27,"3,9","14,4",06:10,,,,,
2018-01-27,0009X,ALFORJA,TARRAGONA,406,"6,1","0,0","3,1",Varias,"9,1",Varias,28,"4,7","13,6",03:30,,,,,
2018-01-28,0009X,ALFORJA,TARRAGONA,406,"11,8","0,0","7,2",05:39,"16,3",13:30,09,"2,2","8,9",10:30,,,,,
2018-01-29,0009X,ALFORJA,TARRAGONA,406,"9,8","0,0","4,4",21:37,"15,1",14:09,31,"3,6","10,8",05:20,,,,,
2018-01-30,0009X,ALFORJA,TARRAGONA,406,"9,9","0,0","4,0",23:05,"15,8",14:52,24,"2,8","7,2",09:50,,,,,
2018-01-31,0009X,ALFORJA,TARRAGONA,406,"9,2","0,0","3,3",03:38,"15,2",10:55,08,"2,8","6,4",13:00,,,,,
2018-02-01,0009X,ALFORJA,TARRAGONA,406,"5,9","0,0","3,6",00:11,"8,2",11:32,99,"5,0","11,7",Varias,,,,,
2018-02-02,0009X,ALFORJA,TARRAGONA,406,"5,8","0,0","1,6",07:36,"10,1",15:32,27,"4,2","15,3",22:20,,,,,
2018-02-03,0009X,ALFORJA,TARRAGONA,406,"5,3","0,6","1,0",04:34,"9,6",14:51,24,"6,1","17,8",14:40,,,,,
2018-02-04,0009X,ALFORJA,TARRAGONA,406,"5,4","17,6","4,3",21:57,"6,5",01:53,29,"2,2","13,3",02:00,,,,,
2018-02-05,0009X,ALFORJA,TARRAGONA,406,"5,6","39,8","4,2",19:37,"7,0",09:33,26,"1,1","7,2",22:10,,,,,
2018-02-06,0009X,ALFORJA,TARRAGONA,406,"3,0","5,8","0,9",23:59,"5,0",02:32,27,"4,7","13,9",17:30,,,,,
2018-02-07,0009X,ALFORJA,TARRAGONA,406,"3,6","0,0","-0,4",06:45,"7,6",14:57,28,"6,1","18,6",10:30,,,,,
2018-02-08,0009X,ALFORJA,TARRAGONA,406,"2,6","0,0","-1,5",06:53,"6,7",14:45,99,"3,6","12,2",09:40,,,,,
2018-02-09,0009X,ALFORJA,TARRAGONA,406,"3,6","0,0","-0,2",07:16,"7,4",13:14,26,"5,0","14,2",22:50,,,,,
2018-02-10,0009X,ALFORJA,TARRAGONA,406,"4,8","0,0","0,1",06:46,"9,5",14:35,26,"5,0","17,2",11:50,,,,,
2018-02-11,0009X,ALFORJA,TARRAGONA,406,"8,4","0,0","2,3",00:01,"14,6",14:48,29,"6,4","15,3",07:30,,,,,
2018-02-12,0009X,ALFORJA,TARRAGONA,406,"5,7","0,0","1,4",23:32,"10,0",14:55,27,"3,6","13,3",01:30,,,,,
2018-02-13,0009X,ALFORJA,TARRAGONA,406,"3,6","0,0","-0,6",04:46,"7,9",12:56,28,"5,0","17,2",23:10,,,,,
2018-02-14,0009X,ALFORJA,TARRAGONA,406,"9,5","0,6","6,3",01:55,"12,7",13:27,30,"2,8","13,6",00:50,,,,,
2018-02-15,0009X,ALFORJA,TARRAGONA,406,"13,9","0,0","8,5",20:32,"19,3",14:39,28,"3,9","16,9",10:30,,,,,
2018-02-16,0009X,ALFORJA,TARRAGONA,406,"13,4","0,0","8,6",23:59,"18,2",14:16,25,"1,9","4,7",08:20,,,,,
2018-02-17,0009X,ALFORJA,TARRAGONA,406,"11,3","0,0","6,8",Varias,"15,8",12:43,99,"4,4","13,9",Varias,,,,,
2018-02-18,0009X,ALFORJA,TARRAGONA,406,"8,4","0,0","3,8",06:47,"13,0",Varias,28,"6,1","13,6",03:30,,,,,
2018-02-19,0009X,ALFORJA,TARRAGONA,406,"10,2","0,0","6,7",06:47,"13,8",15:03,28,"3,9","14,4",03:20,,,,,
2018-02-20,0009X,ALFORJA,TARRAGONA,406,"10,8","0,0","6,8",Varias,"14,8",15:41,28,"6,4","16,4",23:59,,,,,
2018-02-21,0009X,ALFORJA,TARRAGONA,406,"7,5","0,0","2,2",21:09,"12,8",13:09,28,"3,9","16,1",00:40,,,,,
2018-02-22,0009X,ALFORJA,TARRAGONA,406,"5,4","0,0","0,3",21:46,"10,5",14:43,27,"3,9","14,7",08:50,,,,,
2018-02-23,0009X,ALFORJA,TARRAGONA,406,"4,4","0,0","-0,8",21:49,"9,7",14:05,27,"3,3","11,7",08:30,,,,,
2018-02-24,0009X,ALFORJA,TARRAGONA,406,"5,6","0,0","-0,7",00:00,"11,9",13:41,23,"2,2","7,8",05:20,,,,,
2018-02-25,0009X,ALFORJA,TARRAGONA,406,"8,4",,"2,9",01:37,"13,9",14:46,27,"5,6","15,8",08:30,,,,,
2018-02-26,0009X,ALFORJA,TARRAGONA,406,"3,9",,"0,2",23:59,"7,6",14:04,10,"1,4","6,9",20:20,,,,,
2018-02-27,0009X,ALFORJA,TARRAGONA,406,"-0,4",,"-1,1",Varias,"0,2",Varias,28,"1,7","6,1",11:10,,,,,
2018-02-28,0009X,ALFORJA,TARRAGONA,406,"2,4",,"-0,2",Varias,"5,1",21:49,08,"1,4","5,0",01:30,,,,,
2018-03-01,0009X,ALFORJA,TARRAGONA,406,"7,4","4,4","3,8",00:14,"10,9",11:06,26,"1,4","17,2",23:50,,,,,
2018-03-02,0009X,ALFORJA,TARRAGONA,406,"8,7","4,4","6,1",04:59,"11,3",11:34,28,"2,8","21,4",00:40,,,,,
2018-03-03,0009X,ALFORJA,TARRAGONA,406,"10,7","0,0","5,0",03:18,"16,4",13:04,25,"4,2","18,1",11:30,,,,,
2018-03-04,0009X,ALFORJA,TARRAGONA,406,"10,5","5,6","4,2",23:59,"16,8",11:44,26,"2,5","8,1",11:00,,,,,
2018-03-05,0009X,ALFORJA,TARRAGONA,406,"9,4","0,8","4,1",00:08,"14,8",13:55,29,"2,8","15,6",10:50,,,,,
2018-03-06,0009X,ALFORJA,TARRAGONA,406,"9,6","2,4","4,3",20:50,"15,0",13:55,28,"4,4","17,8",08:30,,,,,
2018-03-07,0009X,ALFORJA,TARRAGONA,406,"8,5","0,0","3,8",23:59,"13,2",14:40,28,"5,0","17,5",11:00,,,,,
2018-03-08,0009X,ALFORJA,TARRAGONA,406,"8,7","0,0","3,4",00:24,"14,0",12:13,12,"1,1","5,8",11:40,,,,,
2018-03-09,0009X,ALFORJA,TARRAGONA,406,"12,0","1,0","5,3",00:01,"18,7",11:42,10,"1,4","6,4",12:10,,,,,
2018-03-10,0009X,ALFORJA,TARRAGONA,406,"14,1","2,0","7,4",02:44,"20,8",13:04,11,"2,2","7,2",15:40,,,,,
2018-03-11,0009X,ALFORJA,TARRAGONA,406,"12,2","0,0","7,2",03:14,"17,3",14:56,26,"4,4","13,6",11:10,,,,,
2018-03-12,0009X,ALFORJA,TARRAGONA,406,"11,8","0,8","8,4",06:17,"15,2",13:32,25,"5,6","15,3",11:00,,,,,
2018-03-13,0009X,ALFORJA,TARRAGONA,406,"10,8","0,0","6,6",22:06,"14,9",14:10,26,"4,7","11,7",14:30,,,,,
2018-03-14,0009X,ALFORJA,TARRAGONA,406,"10,9","1,0","5,3",05:38,"16,5",09:55,99,"1,9","5,3",Varias,,,,,
2018-03-15,0009X,ALFORJA,TARRAGONA,406,"13,2","0,0","9,3",01:38,"17,0",15:20,27,"2,2","12,8",11:30,,,,,
2018-03-16,0009X,ALFORJA,TARRAGONA,406,"11,7","0,0","7,3",24:00,"16,1",14:27,26,"4,2","10,8",11:50,,,,,
2018-03-17,0009X,ALFORJA,TARRAGONA,406,"7,6","5,6","4,3",22:39,"10,9",09:38,29,"3,6","13,9",21:30,,,,,
2018-03-18,0009X,ALFORJA,TARRAGONA,406,"8,2","0,0","3,3",05:36,"13,2",15:33,25,"5,3","13,9",16:10,,,,,
2018-03-19,0009X,ALFORJA,TARRAGONA,406,"7,5","3,4","1,9",23:53,"13,1",13:38,26,"3,3","16,1",23:40,,,,,
2018-03-20,0009X,ALFORJA,TARRAGONA,406,"6,7","0,4","0,7",07:52,"12,7",15:53,30,"7,2","16,4",17:00,,,,,
2018-03-21,0009X,ALFORJA,TARRAGONA,406,"6,8","0,0","0,7",02:09,"12,9",14:32,30,"6,1","17,2",06:00,,,,,
2018-03-22,0009X,ALFORJA,TARRAGONA,406,"7,2","0,0","1,1",05:44,"13,2",14:22,28,"6,7","16,4",21:20,,,,,
2018-03-23,0009X,ALFORJA,TARRAGONA,406,"11,0","10,4","3,9",05:44,"18,1",15:30,28,"7,2","17,2",02:30,,,,,
2018-03-24,0009X,ALFORJA,TARRAGONA,406,"6,8","10,0","3,9",08:20,"9,6",00:01,28,"7,2","16,7",08:00,,,,,
2018-03-25,0009X,ALFORJA,TARRAGONA,406,"8,0","0,0","3,9",21:42,"12,0",14:40,29,"2,8","12,8",23:30,,,,,
2018-03-26,0009X,ALFORJA,TARRAGONA,406,"10,6","0,0","5,4",03:36,"15,8",15:31,30,"6,9","16,4",06:30,,,,,
2018-03-27,0009X,ALFORJA,TARRAGONA,406,"12,7","0,0","5,3",Varias,"20,1",14:33,27,"8,3","15,8",05:30,,,,,
2018-03-28,0009X,ALFORJA,TARRAGONA,406,"16,6","0,0","9,8",21:39,"23,5",16:10,28,"4,7","16,7",02:00,,,,,
2018-03-29,0009X,ALFORJA,TARRAGONA,406,"13,2","0,0","7,6",24:00,"18,7",12:51,27,"3,1","11,4",05:00,,,,,
2018-03-30,0009X,ALFORJA,TARRAGONA,406,"10,2","0,0","5,1",20:35,"15,4",13:42,28,"3,3","13,9",10:30,,,,,
2018-03-31,0009X,ALFORJA,TARRAGONA,406,"9,9","0,0","6,2",23:39,"13,6",14:27,30,"7,2","25,3",10:30,,,,,
2018-04-01,0009X,ALFORJA,TARRAGONA,406,"11,2","0,0","4,6",04:44,"17,7",13:03,12,"2,8","9,7",13:20,,,,,
2018-04-02,0009X,ALFORJA,TARRAGONA,406,"10,2","0,0","4,2",05:22,"16,3",13:35,11,"1,7","5,8",11:20,,,,,
2018-04-03,0009X,ALFORJA,TARRAGONA,406,"13,0","0,0","6,8",04:52,"19,1",15:02,09,"1,7","5,8",13:20,,,,,
2018-04-04,0009X,ALFORJA,TARRAGONA,406,"13,4","0,0","7,1",00:01,"19,6",14:21,28,"6,4","15,0",12:10,,,,,
2018-04-05,0009X,ALFORJA,TARRAGONA,406,"13,5","0,0","6,4",23:27,"20,6",12:21,28,"3,9","15,8",07:30,,,,,
2018-04-06,0009X,ALFORJA,TARRAGONA,406,"11,7","0,0","4,7",03:19,"18,7",13:05,08,"1,9","8,9",22:40,,,,,
2018-04-07,0009X,ALFORJA,TARRAGONA,406,"13,8","14,4","10,7",05:02,"16,8",14:39,09,"3,9","12,5",09:10,,,,,
2018-04-08,0009X,ALFORJA,TARRAGONA,406,"10,2","3,4","7,4",Varias,"13,1",16:07,27,"5,8","15,0",16:40,,,,,
2018-04-09,0009X,ALFORJA,TARRAGONA,406,"10,6","1,8","5,0",23:48,"16,2",13:24,27,"2,2","14,2",18:50,,,,,
2018-04-10,0009X,ALFORJA,TARRAGONA,406,"9,4","36,4","4,8",05:56,"13,9",09:44,13,"1,9","10,3",14:40,,,,,
2018-04-11,0009X,ALFORJA,TARRAGONA,406,"8,6","2,6","5,1",10:05,"12,1",13:16,09,"2,5","12,8",01:10,,,,,
2018-04-12,0009X,ALFORJA,TARRAGONA,406,"10,4","2,6","5,1",05:29,"15,8",13:23,28,"4,4","12,8",06:50,,,,,
2018-04-13,0009X,ALFORJA,TARRAGONA,406,"9,8","13,6","5,3",00:59,"14,2",13:06,09,"1,9","6,4",13:20,,,,,
2018-04-14,0009X,ALFORJA,TARRAGONA,406,"10,4","1,0","6,7",04:51,"14,1",16:01,99,"1,7","5,3",Varias,,,,,
2018-04-15,0009X,ALFORJA,TARRAGONA,406,"16,1","0,0","11,0",23:48,"21,2",14:53,32,"4,7","11,9",04:10,,,,,
2018-04-16,0009X,ALFORJA,TARRAGONA,406,"12,1","1,2","10,7",00:23,"13,5",17:44,31,"3,9","11,1",10:00,,,,,
2018-04-17,0009X,ALFORJA,TARRAGONA,406,"16,9","0,0","10,6",22:49,"23,2",13:26,27,"2,8","12,8",06:30,,,,,
2018-04-18,0009X,ALFORJA,TARRAGONA,406,"16,6","0,0","9,3",05:06,"24,0",13:24,12,"1,4","6,4",12:30,,,,,
2018-04-19,0009X,ALFORJA,TARRAGONA,406,"15,0","0,0","8,7",04:13,"21,4",12:02,10,"1,9","7,8",14:10,,,,,
2018-04-20,0009X,ALFORJA,TARRAGONA,406,"14,6","0,0","8,3",05:15,"20,8",12:51,12,"1,9","7,5",09:50,,,,,
2018-04-21,0009X,ALFORJA,TARRAGONA,406,"16,0","0,0","9,0",03:59,"23,0",13:30,10,"0,8","7,5",12:00,,,,,
2018-04-22,0009X,ALFORJA,TARRAGONA,406,"16,9","0,0","10,7",00:34,"23,1",12:08,10,"1,7","6,1",13:10,,,,,
2018-04-23,0009X,ALFORJA,TARRAGONA,406,"18,0","0,0","11,3",02:14,"24,6",13:12,10,"1,4","6,1",14:00,,,,,
2018-04-24,0009X,ALFORJA,TARRAGONA,406,"18,3","0,0","11,2",02:46,"25,4",12:58,12,"1,4","6,7",13:30,,,,,
2018-04-25,0009X,ALFORJA,TARRAGONA,406,"19,1","0,0","11,6",01:49,"26,6",11:11,99,"1,1","9,7",23:40,,,,,
2018-04-26,0009X,ALFORJA,TARRAGONA,406,"18,2","0,0","11,4",Varias,"25,0",14:42,27,"3,6","14,4",05:00,,,,,
2018-04-27,0009X,ALFORJA,TARRAGONA,406,"17,7","2,0","10,5",00:54,"24,9",14:00,10,"1,1","6,7",14:10,,,,,
2018-04-28,0009X,ALFORJA,TARRAGONA,406,"14,6","16,2","13,5",Varias,"15,8",11:23,10,"1,9","7,2",23:59,,,,,
2018-04-29,0009X,ALFORJA,TARRAGONA,406,"11,2","7,0","8,8",23:26,"13,7",16:26,24,"4,4","12,8",13:00,,,,,
2018-04-30,0009X,ALFORJA,TARRAGONA,406,"12,0","0,0","7,7",05:03,"16,2",13:57,27,"4,2","11,4",08:10,,,,,
2018-05-01,0009X,ALFORJA,TARRAGONA,406,"9,8","13,4","4,6",20:54,"15,1",13:13,26,"3,3","11,4",06:50,,,,,
2018-05-02,0009X,ALFORJA,TARRAGONA,406,"12,1","0,0","4,7",04:14,"19,5",13:55,28,"5,0","13,6",11:10,,,,,
2018-05-03,0009X,ALFORJA,TARRAGONA,406,"14,4","0,0","9,0",23:55,"19,7",14:20,28,"6,9","16,1",12:30,,,,,
2018-05-04,0009X,ALFORJA,TARRAGONA,406,"11,8","0,2","7,1",05:12,"16,4",13:40,30,"3,6","15,0",03:20,,,,,
2018-05-05,0009X,ALFORJA,TARRAGONA,406,"15,5","0,0","9,5",04:32,"21,5",12:59,28,"3,1","13,6",01:10,,,,,
2018-05-06,0009X,ALFORJA,TARRAGONA,406,"16,0","2,2","11,4",00:11,"20,5",14:03,24,"1,7","6,1",06:40,,,,,
2018-05-07,0009X,ALFORJA,TARRAGONA,406,"17,4","0,2","12,6",00:01,"22,1",12:27,31,"1,1","10,0",21:20,,,,,
2018-05-08,0009X,ALFORJA,TARRAGONA,406,"18,4","3,4","12,1",02:18,"24,6",14:09,27,"1,4","10,3",23:30,,,,,
2018-05-09,0009X,ALFORJA,TARRAGONA,406,"18,2","0,0","12,2",Varias,"24,3",14:43,28,"4,2","15,6",06:10,,,,,
2018-05-10,0009X,ALFORJA,TARRAGONA,406,"16,3","0,0","10,2",23:54,"22,4",14:11,29,"4,2","12,5",04:40,,,,,
2018-05-11,0009X,ALFORJA,TARRAGONA,406,"15,1","0,0","8,8",04:52,"21,4",11:27,12,"1,7","7,5",13:20,,,,,
2018-05-12,0009X,ALFORJA,TARRAGONA,406,"12,0","28,6","7,6",23:53,"16,4",11:34,23,"1,7","15,6",18:40,,,,,
2018-05-13,0009X,ALFORJA,TARRAGONA,406,"11,4","0,0","5,6",04:43,"17,1",14:40,28,"6,1","16,7",19:00,,,,,
2018-05-14,0009X,ALFORJA,TARRAGONA,406,"12,9","0,0","7,5",03:43,"18,3",15:09,26,"5,6","15,8",09:20,,,,,
2018-05-15,0009X,ALFORJA,TARRAGONA,406,"15,0","0,0","7,9",Varias,"22,0",15:20,30,"6,1","16,4",11:30,,,,,
2018-05-16,0009X,ALFORJA,TARRAGONA,406,"17,2","0,0","10,5",04:55,"24,0",12:49,28,"3,6","12,8",00:40,,,,,
2018-05-17,0009X,ALFORJA,TARRAGONA,406,"16,6","0,0","10,4",02:50,"22,9",11:44,12,"2,5","6,9",16:30,,,,,
2018-05-18,0009X,ALFORJA,TARRAGONA,406,"17,0","0,0","12,7",Varias,"21,2",12:33,10,"1,4","8,1",12:40,,,,,
2018-05-19,0009X,ALFORJA,TARRAGONA,406,"17,4","4,0","12,0",04:23,"22,7",09:23,22,"1,1","4,7",23:50,,,,,
2018-05-20,0009X,ALFORJA,TARRAGONA,406,"17,4","0,0","13,0",22:57,"21,9",09:15,32,"1,4","8,9",10:50,,,,,
2018-05-21,0009X,ALFORJA,TARRAGONA,406,"16,2","0,0","10,7",04:37,"21,8",13:31,12,"1,4","6,7",13:30,,,,,
2018-05-22,0009X,ALFORJA,TARRAGONA,406,"16,9","0,0","10,7",00:46,"23,1",12:46,12,"2,2","7,2",14:40,,,,,
2018-05-23,0009X,ALFORJA,TARRAGONA,406,"17,4","0,0","10,3",04:43,"24,4",12:36,12,"1,4","6,4",12:30,,,,,
2018-05-24,0009X,ALFORJA,TARRAGONA,406,"18,6","1,4","11,8",04:32,"25,3",11:47,12,"1,9","6,7",Varias,,,,,
2018-05-25,0009X,ALFORJA,TARRAGONA,406,"18,5","0,0","12,3",01:14,"24,7",12:26,12,"3,6","15,0",12:10,,,,,
2018-05-26,0009X,ALFORJA,TARRAGONA,406,"18,1","0,4","15,7",04:49,"20,5",11:50,09,"2,8","8,3",07:20,,,,,
2018-05-27,0009X,ALFORJA,TARRAGONA,406,"18,2","1,2","13,3",04:09,"23,1",13:21,15,"1,7","6,1",12:10,,,,,
2018-05-28,0009X,ALFORJA,TARRAGONA,406,"16,9","2,8","15,1",Varias,"18,7",11:32,14,"0,8","7,8",12:10,,,,,
2018-05-29,0009X,ALFORJA,TARRAGONA,406,"18,5","0,2","14,7",21:12,"22,3",13:50,08,"1,9","6,7",12:10,,,,,
2018-05-30,0009X,ALFORJA,TARRAGONA,406,"15,6","13,2","12,1",22:03,"19,2",12:17,24,"1,7","8,3",09:30,,,,,
2018-05-31,0009X,ALFORJA,TARRAGONA,406,"17,6","0,0","12,0",04:27,"23,2",15:02,12,"1,7","8,1",13:30,,,,,
2018-06-01,0009X,ALFORJA,TARRAGONA,406,"19,6","0,0","14,4",23:51,"24,8",14:08,12,"1,9","7,8",12:20,,,,,
2018-06-02,0009X,ALFORJA,TARRAGONA,406,"18,5","0,0","13,0",04:44,"24,0",12:22,12,"2,2","7,8",13:00,,,,,
2018-06-03,0009X,ALFORJA,TARRAGONA,406,"16,9","2,6","13,1",23:11,"20,7",15:46,08,"1,1","5,8",16:00,,,,,
2018-06-04,0009X,ALFORJA,TARRAGONA,406,"17,6","2,4","11,8",03:50,"23,5",10:37,13,"2,5","6,7",12:10,,,,,
2018-06-05,0009X,ALFORJA,TARRAGONA,406,"19,6","4,0","14,2",01:58,"25,1",12:56,28,"3,1","8,9",06:20,,,,,
2018-06-06,0009X,ALFORJA,TARRAGONA,406,"15,2","6,4","11,6",23:56,"18,9",11:41,30,"1,7","8,9",05:30,,,,,
2018-06-07,0009X,ALFORJA,TARRAGONA,406,"16,8","0,0","11,0",01:29,"22,6",13:01,27,"2,5","8,3",09:40,,,,,
2018-06-08,0009X,ALFORJA,TARRAGONA,406,"17,9","0,0","11,7",02:42,"24,1",11:30,11,"1,1","6,4",12:00,,,,,
2018-06-09,0009X,ALFORJA,TARRAGONA,406,"19,4","0,0","14,0",01:07,"24,9",12:28,24,"1,9","7,8",23:30,,,,,
2018-06-10,0009X,ALFORJA,TARRAGONA,406,"20,2","0,8","15,1",03:40,"25,3",12:57,99,"1,9","7,2",Varias,,,,,
2018-06-11,0009X,ALFORJA,TARRAGONA,406,"21,4","0,4","16,4",03:47,"26,5",14:17,25,"3,9","11,4",08:30,,,,,
2018-06-12,0009X,ALFORJA,TARRAGONA,406,"19,2","0,0","15,2",Varias,"23,1",10:06,27,"5,8","18,1",16:40,,,,,
2018-06-13,0009X,ALFORJA,TARRAGONA,406,"20,2","0,0","14,3",04:55,"26,2",15:11,28,"6,7","16,1",02:40,,,,,
2018-06-14,0009X,ALFORJA,TARRAGONA,406,"19,6","0,0","12,6",04:35,"26,6",15:49,28,"5,6","16,1",07:00,,,,,
2018-06-15,0009X,ALFORJA,TARRAGONA,406,"20,4","0,0","13,8",23:52,"27,1",12:15,28,"3,3","10,8",05:40,,,,,
2018-06-16,0009X,ALFORJA,TARRAGONA,406,"20,6","0,0","13,7",00:06,"27,6",12:45,99,"3,1","10,0",Varias,,,,,
2018-06-17,0009X,ALFORJA,TARRAGONA,406,"21,1","0,0","14,0",22:34,"28,2",15:36,28,"4,7","10,8",06:00,,,,,
2018-06-18,0009X,ALFORJA,TARRAGONA,406,"22,8","0,0","15,3",04:32,"30,2",13:33,24,"3,3","12,5",09:20,,,,,
2018-06-19,0009X,ALFORJA,TARRAGONA,406,"22,8","0,0","16,0",23:12,"29,5",12:11,99,"3,1","10,0",00:20,,,,,
2018-06-20,0009X,ALFORJA,TARRAGONA,406,"22,3","0,0","15,2",03:50,"29,4",12:55,14,"1,7","7,5",13:10,,,,,
2018-06-21,0009X,ALFORJA,TARRAGONA,406,"23,0","0,0","14,6",04:06,"31,3",12:21,09,"1,9","6,7",13:10,,,,,
2018-06-22,0009X,ALFORJA,TARRAGONA,406,"24,7","0,0","17,0",03:19,"32,4",12:57,26,"2,5","9,7",04:40,,,,,
2018-06-23,0009X,ALFORJA,TARRAGONA,406,"22,9","0,0","18,0",01:38,"27,8",10:35,12,"2,8","8,3",11:40,,,,,
2018-06-24,0009X,ALFORJA,TARRAGONA,406,"22,4","0,0","17,4",23:56,"27,3",11:00,08,"1,9","8,3",13:10,,,,,
2018-06-25,0009X,ALFORJA,TARRAGONA,406,"21,2","0,0","15,3",03:40,"27,2",13:44,99,"1,9","7,2",Varias,,,,,
2018-06-26,0009X,ALFORJA,TARRAGONA,406,"22,8","0,0","17,8",04:51,"27,9",13:45,10,"1,9","7,8",13:20,,,,,
2018-06-27,0009X,ALFORJA,TARRAGONA,406,"22,4","0,0","16,2",04:30,"28,7",13:08,12,"1,4","7,8",09:00,,,,,
2018-06-28,0009X,ALFORJA,TARRAGONA,406,"24,6","0,0","18,2",23:53,"31,0",12:21,08,"2,5","6,9",12:10,,,,,
2018-06-29,0009X,ALFORJA,TARRAGONA,406,"22,8","0,0","17,9",23:59,"27,7",11:23,14,"2,5","8,1",10:00,,,,,
2018-06-30,0009X,ALFORJA,TARRAGONA,406,"22,0","0,0","15,1",04:20,"28,8",12:53,99,"2,8","8,9",Varias,,,,,
2018-07-01,0009X,ALFORJA,TARRAGONA,406,"22,0","0,0","14,2",04:31,"29,7",10:43,12,"2,5","7,8",13:10,,,,,
2018-07-02,0009X,ALFORJA,TARRAGONA,406,"24,8","0,0","17,7",03:25,"31,8",11:19,10,"2,8","8,9",12:10,,,,,
2018-07-03,0009X,ALFORJA,TARRAGONA,406,"23,4","0,0","15,7",03:48,"31,1",12:21,12,"1,9","8,1",12:50,,,,,
2018-07-04,0009X,ALFORJA,TARRAGONA,406,"21,8","0,0","15,0",01:10,"28,6",11:45,14,"2,8","8,6",11:10,,,,,
2018-07-05,0009X,ALFORJA,TARRAGONA,406,"24,2","0,0","17,7",04:36,"30,8",14:43,30,"3,3","11,4",02:10,,,,,
2018-07-06,0009X,ALFORJA,TARRAGONA,406,"23,8","0,0","16,8",04:10,"30,9",12:42,25,"2,2","11,4",11:50,,,,,
2018-07-07,0009X,ALFORJA,TARRAGONA,406,"23,6","0,0","17,6",04:35,"29,5",13:38,09,"1,4","7,2",13:50,,,,,
2018-07-08,0009X,ALFORJA,TARRAGONA,406,"23,8","0,0","16,3",03:49,"31,4",13:12,30,"2,8","7,8",08:40,,,,,
2018-07-09,0009X,ALFORJA,TARRAGONA,406,"25,4","21,6","18,3",23:54,"32,6",12:36,26,"3,1","13,9",18:40,,,,,
2018-07-11,0009X,ALFORJA,TARRAGONA,406,,"1,6",,,,,,"2,5",,,,,,,
2018-07-12,0009X,ALFORJA,TARRAGONA,406,"23,7","0,0","17,7",23:58,"29,7",11:14,14,"2,5","8,1",16:30,,,,,
2018-07-13,0009X,ALFORJA,TARRAGONA,406,"22,2","0,0","15,2",04:18,"29,2",11:55,12,"2,2","8,1",14:20,,,,,
2018-07-14,0009X,ALFORJA,TARRAGONA,406,"23,6","0,0","15,8",04:20,"31,4",13:58,12,"1,7","7,2",14:20,,,,,
2018-07-15,0009X,ALFORJA,TARRAGONA,406,"23,6","0,0","16,4",03:27,"30,9",12:49,12,"1,9","7,5",11:10,,,,,
2018-07-16,0009X,ALFORJA,TARRAGONA,406,"24,6","0,0","18,9",01:20,"30,4",13:30,27,"6,7","17,2",06:40,,,,,
2018-07-17,0009X,ALFORJA,TARRAGONA,406,"24,4","0,0","17,4",05:05,"31,4",12:45,27,"3,6","13,1",00:10,,,,,
2018-07-18,0009X,ALFORJA,TARRAGONA,406,"23,1","0,0","16,1",01:26,"30,1",13:52,11,"1,9","8,6",12:10,,,,,
2018-07-19,0009X,ALFORJA,TARRAGONA,406,"23,4","0,0","16,3",04:12,"30,5",11:39,06,"2,2","7,8",12:30,,,,,
2018-07-20,0009X,ALFORJA,TARRAGONA,406,"24,0","0,2","17,7",02:58,"30,2",13:20,26,"2,2","12,8",23:59,,,,,
2018-07-21,0009X,ALFORJA,TARRAGONA,406,"22,7","0,0","16,3",04:53,"29,1",13:35,99,"3,6","12,8",Varias,,,,,
2018-07-22,0009X,ALFORJA,TARRAGONA,406,"22,6","0,0","16,8",23:59,"28,5",15:05,23,"2,2","10,6",11:40,,,,,
2018-07-23,0009X,ALFORJA,TARRAGONA,406,"22,9","0,0","15,7",02:39,"30,1",13:14,99,"2,8","8,3",09:50,,,,,
2018-07-24,0009X,ALFORJA,TARRAGONA,406,"23,6","0,0","17,3",04:34,"30,0",13:07,09,"2,5","8,1",18:20,,,,,
2018-07-25,0009X,ALFORJA,TARRAGONA,406,"24,1","0,0","17,4",23:56,"30,8",11:55,12,"1,7","8,3",12:50,,,,,
2018-07-26,0009X,ALFORJA,TARRAGONA,406,"24,0","0,0","16,0",03:04,"32,0",12:17,10,"1,9","7,2",12:20,,,,,
2018-07-27,0009X,ALFORJA,TARRAGONA,406,"25,2","0,0","18,4",05:01,"32,0",11:21,11,"1,9","6,4",11:00,,,,,
2018-07-28,0009X,ALFORJA,TARRAGONA,406,"25,0","0,0","16,9",04:13,"33,0",10:56,25,"2,8","7,5",07:20,,,,,
2018-07-29,0009X,ALFORJA,TARRAGONA,406,"25,9","0,0","20,3",03:05,"31,5",12:31,10,"1,9","7,2",13:00,,,,,
2018-07-30,0009X,ALFORJA,TARRAGONA,406,"25,8","0,0","19,4",04:36,"32,2",13:27,12,"2,2","7,2",10:40,,,,,
2018-07-31,0009X,ALFORJA,TARRAGONA,406,"25,0","0,0","16,1",04:22,"33,9",12:56,99,"1,9","6,7",13:50,,,,,
2018-08-01,0009X,ALFORJA,TARRAGONA,406,"25,8","0,0","17,4",01:34,"34,1",11:30,10,"1,7","7,2",13:40,,,,,
2018-08-02,0009X,ALFORJA,TARRAGONA,406,"26,6","0,0","18,6",04:39,"34,6",10:59,06,"2,2","7,8",12:50,,,,,
2018-08-03,0009X,ALFORJA,TARRAGONA,406,"26,7","0,0","19,2",05:16,"34,2",12:10,22,"2,2","8,1",09:20,,,,,
2018-08-04,0009X,ALFORJA,TARRAGONA,406,"30,2","0,0","22,1",01:52,"38,2",13:22,24,"3,6","8,9",05:50,,,,,
2018-08-05,0009X,ALFORJA,TARRAGONA,406,"29,8","0,0","22,5",23:59,"37,0",11:40,25,"3,3","11,1",07:40,,,,,
2018-08-06,0009X,ALFORJA,TARRAGONA,406,"26,8","0,0","20,0",04:55,"33,5",13:01,11,"1,7","9,2",12:40,,,,,
2018-08-07,0009X,ALFORJA,TARRAGONA,406,"25,8","0,2","20,5",03:59,"31,1",10:59,12,"1,9","8,3",11:00,,,,,
2018-08-08,0009X,ALFORJA,TARRAGONA,406,"26,7","0,6","22,9",22:57,"30,5",12:36,11,"2,2","9,4",14:30,,,,,
2018-08-09,0009X,ALFORJA,TARRAGONA,406,"24,2","2,6","19,5",23:41,"28,9",10:44,08,"0,8","7,8",10:20,,,,,
2018-08-10,0009X,ALFORJA,TARRAGONA,406,"22,4","0,0","18,0",04:20,"26,7",15:10,31,"2,2","8,1",06:10,,,,,
2018-08-11,0009X,ALFORJA,TARRAGONA,406,"23,2","0,0","18,1",03:43,"28,2",13:49,14,"1,7","6,7",12:00,,,,,
2018-08-12,0009X,ALFORJA,TARRAGONA,406,"25,1","0,0","20,5",24:00,"29,7",13:02,13,"1,7","9,2",12:50,,,,,
2018-08-13,0009X,ALFORJA,TARRAGONA,406,"24,9","0,0","18,5",04:37,"31,3",12:19,11,"1,9","8,6",13:10,,,,,
2018-08-14,0009X,ALFORJA,TARRAGONA,406,"24,4","0,0","18,6",22:42,"30,3",14:50,26,"4,4","11,7",07:20,,,,,
2018-08-15,0009X,ALFORJA,TARRAGONA,406,"23,6","0,0","16,7",05:05,"30,6",12:33,28,"3,9","10,6",01:50,,,,,
2018-08-16,0009X,ALFORJA,TARRAGONA,406,"23,9","0,0","19,5",03:09,"28,3",11:11,12,"2,2","8,6",12:50,,,,,
2018-08-17,0009X,ALFORJA,TARRAGONA,406,"22,2","25,8","16,1",18:24,"28,3",12:16,28,"3,6","10,8",08:00,,,,,
2018-08-18,0009X,ALFORJA,TARRAGONA,406,"21,2","0,0","14,2",05:12,"28,1",13:29,29,"3,9","14,7",05:30,,,,,
2018-08-19,0009X,ALFORJA,TARRAGONA,406,"23,6","0,0","16,3",00:01,"31,0",12:41,22,"3,1","9,2",05:30,,,,,
2018-08-20,0009X,ALFORJA,TARRAGONA,406,"25,2","0,0","17,7",00:38,"32,7",13:57,29,"3,1","12,2",07:00,,,,,
2018-08-21,0009X,ALFORJA,TARRAGONA,406,"24,8","0,0","17,5",03:46,"32,0",11:57,28,"2,5","7,8",07:00,,,,,
2018-08-22,0009X,ALFORJA,TARRAGONA,406,"24,0","0,0","16,9",05:17,"31,1",11:03,09,"1,1","7,5",11:20,,,,,
2018-08-23,0009X,ALFORJA,TARRAGONA,406,"24,4","2,0","18,2",05:36,"30,6",10:50,09,"1,4","6,7",11:10,,,,,
2018-08-24,0009X,ALFORJA,TARRAGONA,406,"24,8","0,0","18,3",05:31,"31,2",14:35,28,"5,0","17,2",04:20,,,,,
2018-08-25,0009X,ALFORJA,TARRAGONA,406,"22,8","0,0","16,1",05:27,"29,5",14:25,28,"3,9","15,3",03:40,,,,,
2018-08-26,0009X,ALFORJA,TARRAGONA,406,"21,2","0,0","15,3",05:19,"27,2",13:06,28,"2,5","10,3",02:40,,,,,
2018-08-27,0009X,ALFORJA,TARRAGONA,406,"22,6","0,0","15,6",04:33,"29,5",11:49,13,"1,4","7,5",11:40,,,,,
2018-08-28,0009X,ALFORJA,TARRAGONA,406,"24,4","1,8","19,5",05:35,"29,2",12:09,23,"2,5","15,0",21:10,,,,,
2018-08-29,0009X,ALFORJA,TARRAGONA,406,"23,4","0,0","17,3",05:33,"29,4",13:12,30,"1,4","10,0",00:10,,,,,
2018-08-30,0009X,ALFORJA,TARRAGONA,406,"23,7","0,2","18,7",05:33,"28,7",12:15,99,"1,9","7,8",13:40,,,,,
2018-08-31,0009X,ALFORJA,TARRAGONA,406,"23,0","0,0","18,5",06:13,"27,4",13:18,28,"2,2","11,1",05:10,,,,,
2018-09-01,0009X,ALFORJA,TARRAGONA,406,"23,8","0,0","18,4",05:20,"29,1",12:17,28,"3,1","10,3",07:30,,,,,
2018-09-02,0009X,ALFORJA,TARRAGONA,406,"23,2","0,0","18,7",04:06,"27,8",14:15,11,"1,4","7,2",12:20,,,,,
2018-09-03,0009X,ALFORJA,TARRAGONA,406,"24,9","0,0","21,3",05:54,"28,5",12:59,22,"1,7","9,2",13:50,,,,,
2018-09-04,0009X,ALFORJA,TARRAGONA,406,"23,4","0,0","18,1",04:56,"28,7",10:48,12,"1,9","7,5",14:10,,,,,
2018-09-05,0009X,ALFORJA,TARRAGONA,406,"23,0","3,2","18,2",04:16,"27,7",10:33,13,"1,4","7,2",13:30,,,,,
2018-09-06,0009X,ALFORJA,TARRAGONA,406,"22,6","0,0","16,9",23:58,"28,4",14:26,22,"2,5","8,3",12:50,,,,,
2018-09-07,0009X,ALFORJA,TARRAGONA,406,"22,0","0,0","15,6",23:22,"28,5",12:57,29,"1,4","10,8",03:40,,,,,
2018-09-08,0009X,ALFORJA,TARRAGONA,406,"20,4","0,0","14,6",05:17,"26,1",10:44,11,"1,1","6,7",16:30,,,,,
2018-09-09,0009X,ALFORJA,TARRAGONA,406,"22,5","0,0","17,2",05:12,"27,8",13:07,13,"1,9","7,5",13:50,,,,,
2018-09-10,0009X,ALFORJA,TARRAGONA,406,"22,1","20,4","16,2",05:04,"28,0",12:35,34,"1,9","10,0",13:30,,,,,
2018-09-11,0009X,ALFORJA,TARRAGONA,406,"22,2","1,2","16,6",00:51,"27,7",13:35,03,"1,7","13,3",19:50,,,,,
2018-09-12,0009X,ALFORJA,TARRAGONA,406,"21,6","13,6","16,2",04:55,"26,9",10:17,24,"1,4","7,8",19:20,,,,,
2018-09-13,0009X,ALFORJA,TARRAGONA,406,"23,1","0,0","17,2",05:04,"29,0",13:56,27,"2,2","8,9",10:40,,,,,
2018-09-14,0009X,ALFORJA,TARRAGONA,406,"23,0","0,0","17,0",05:54,"28,9",13:18,28,"3,1","10,8",04:50,,,,,
2018-09-15,0009X,ALFORJA,TARRAGONA,406,"20,8","49,6","18,2",23:51,"23,4",12:25,09,"1,1","5,3",13:20,,,,,
2018-09-16,0009X,ALFORJA,TARRAGONA,406,"21,2","0,0","16,8",02:19,"25,5",12:26,10,"1,1","5,8",14:50,,,,,
2018-09-17,0009X,ALFORJA,TARRAGONA,406,"21,5","0,8","17,1",02:47,"25,9",10:39,12,"1,7","6,1",12:40,,,,,
2018-09-18,0009X,ALFORJA,TARRAGONA,406,"20,2","0,2","16,2",24:00,"24,1",10:40,10,"0,8","6,9",10:40,,,,,
2018-09-19,0009X,ALFORJA,TARRAGONA,406,"21,3","0,0","15,2",05:27,"27,4",Varias,09,"1,4","5,8",13:20,,,,,
2018-09-20,0009X,ALFORJA,TARRAGONA,406,"22,8","0,0","16,1",00:59,"29,6",12:21,99,"1,1","5,8",12:30,,,,,
2018-09-21,0009X,ALFORJA,TARRAGONA,406,"23,4","0,0","15,2",04:03,"31,5",11:26,14,"1,1","5,8",13:30,,,,,
2018-09-22,0009X,ALFORJA,TARRAGONA,406,"24,6","0,0","17,9",23:57,"31,2",13:43,27,"1,9","9,2",02:50,,,,,
2018-09-23,0009X,ALFORJA,TARRAGONA,406,"24,2","0,0","16,8",03:32,"31,6",13:05,28,"1,9","7,8",08:10,,,,,
2018-09-24,0009X,ALFORJA,TARRAGONA,406,"21,8","0,0","14,6",23:49,"28,9",13:41,31,"4,2","15,0",03:30,,,,,
2018-09-25,0009X,ALFORJA,TARRAGONA,406,"16,7","1,0","11,8",03:00,"21,6",14:55,24,"2,8","12,2",04:30,,,,,
2018-09-26,0009X,ALFORJA,TARRAGONA,406,"18,6","0,0","13,2",23:47,"24,0",12:28,08,"2,2","8,9",08:20,,,,,
2018-09-27,0009X,ALFORJA,TARRAGONA,406,"17,6","0,0","11,0",04:49,"24,3",13:22,12,"1,1","6,7",13:40,,,,,
2018-09-28,0009X,ALFORJA,TARRAGONA,406,"19,8","0,0","10,7",04:49,"28,8",13:39,22,"1,7","7,5",13:00,,,,,
2018-09-29,0009X,ALFORJA,TARRAGONA,406,"22,2","0,0","15,3",00:01,"29,2",13:18,28,"2,5","10,3",08:10,,,,,
2018-09-30,0009X,ALFORJA,TARRAGONA,406,"20,7","0,0","13,4",21:27,"28,0",14:03,27,"1,1","10,8",23:50,,,,,
2018-10-01,0009X,ALFORJA,TARRAGONA,406,"17,4","0,0","11,4",24:00,"23,5",13:39,29,"6,7","15,3",05:50,,,,,
2018-10-02,0009X,ALFORJA,TARRAGONA,406,"15,6","0,0","9,5",05:58,"21,8",14:42,29,"7,5","16,7",07:50,,,,,
2018-10-03,0009X,ALFORJA,TARRAGONA,406,"18,6","0,0","10,9",23:46,"26,3",14:33,30,"3,9","14,7",02:20,,,,,
2018-10-04,0009X,ALFORJA,TARRAGONA,406,"18,0","0,0","11,0",00:01,"25,1",11:53,30,"1,9","6,4",04:20,,,,,
2018-10-05,0009X,ALFORJA,TARRAGONA,406,"17,6","0,0","11,0",05:39,"24,1",13:07,08,"1,7","8,1",13:10,,,,,
2018-10-06,0009X,ALFORJA,TARRAGONA,406,"19,8","0,0","15,1",01:38,"24,4",12:53,25,"1,4","9,2",23:59,,,,,
2018-10-07,0009X,ALFORJA,TARRAGONA,406,"16,2","0,0","11,7",23:58,"20,6",13:28,99,"5,0","17,2",Varias,,,,,
2018-10-08,0009X,ALFORJA,TARRAGONA,406,"14,2","28,8","10,1",20:36,"18,3",09:56,27,"2,2","9,2",00:50,,,,,
2018-10-09,0009X,ALFORJA,TARRAGONA,406,"15,8","63,8","10,8",01:42,"20,8",14:01,31,"2,2","12,5",03:30,,,,,
2018-10-10,0009X,ALFORJA,TARRAGONA,406,"15,8","6,6","12,1",04:59,"19,6",Varias,14,"1,4","6,9",14:00,,,,,
2018-10-11,0009X,ALFORJA,TARRAGONA,406,"18,3","0,0","12,8",02:45,"23,8",12:10,12,"1,1","5,3",12:30,,,,,
2018-10-12,0009X,ALFORJA,TARRAGONA,406,"19,2","0,0","13,6",05:27,"24,7",11:44,08,"1,1","5,0",13:50,,,,,
2018-10-13,0009X,ALFORJA,TARRAGONA,406,"20,1","6,8","16,5",00:01,"23,7",11:36,14,"1,4","6,9",21:30,,,,,
2018-10-14,0009X,ALFORJA,TARRAGONA,406,"16,8","52,4","14,2",23:58,"19,5",11:51,27,"2,8","10,0",16:20,,,,,
2018-10-15,0009X,ALFORJA,TARRAGONA,406,"15,0","0,0","11,1",06:07,"18,8",14:29,26,"3,9","13,6",06:00,,,,,
2018-10-16,0009X,ALFORJA,TARRAGONA,406,"15,4","0,2","12,2",02:12,"18,7",14:56,99,"0,8","3,6",Varias,,,,,
2018-10-17,0009X,ALFORJA,TARRAGONA,406,"17,2","0,0","12,4",01:43,"21,9",12:57,27,"1,7","7,5",11:00,,,,,
2018-10-18,0009X,ALFORJA,TARRAGONA,406,"16,3","37,4","12,1",05:49,"20,5",10:14,09,"1,7","9,7",23:00,,,,,
2018-10-19,0009X,ALFORJA,TARRAGONA,406,"16,6","24,4","14,7",Varias,"18,5",00:45,11,"1,7","9,4",07:40,,,,,
2018-10-20,0009X,ALFORJA,TARRAGONA,406,"16,9","0,0","12,6",23:38,"21,2",13:52,99,"0,8","6,7",11:50,,,,,
2018-10-21,0009X,ALFORJA,TARRAGONA,406,"18,2","0,0","12,5",00:01,"23,9",14:14,28,"2,8","10,3",20:20,,,,,
2018-10-22,0009X,ALFORJA,TARRAGONA,406,"16,2","0,0","10,9",21:40,"21,4",Varias,26,"2,5","10,8",03:50,,,,,
2018-10-23,0009X,ALFORJA,TARRAGONA,406,"15,2","0,0","10,0",06:04,"20,3",14:25,26,"4,4","11,4",07:50,,,,,
2018-10-24,0009X,ALFORJA,TARRAGONA,406,"15,4","0,0","10,4",05:45,"20,5",13:51,27,"8,9","16,7",06:20,,,,,
2018-10-25,0009X,ALFORJA,TARRAGONA,406,"17,5","0,0","11,0",20:20,"24,0",14:18,29,"2,8","15,0",02:50,,,,,
2018-10-26,0009X,ALFORJA,TARRAGONA,406,"16,1","5,4","9,7",06:38,"22,5",13:24,28,"0,8","10,8",22:40,,,,,
2018-10-27,0009X,ALFORJA,TARRAGONA,406,"10,0","8,4","5,7",Varias,"14,3",00:01,28,"5,6","13,9",11:10,,,,,
2018-10-28,0009X,ALFORJA,TARRAGONA,406,"7,4","0,0","4,1",23:53,"10,6",13:40,29,"5,0","11,4",15:30,,,,,
2018-10-29,0009X,ALFORJA,TARRAGONA,406,"6,8","0,0","3,5",02:47,"10,2",12:31,31,"8,6","20,6",16:50,,,,,
2018-10-30,0009X,ALFORJA,TARRAGONA,406,"9,0","42,6","3,1",06:47,"14,9",11:26,28,"1,1","15,3",00:20,,,,,
2018-10-31,0009X,ALFORJA,TARRAGONA,406,"10,2","3,6","7,7",21:52,"12,6",12:07,99,"2,2","10,8",Varias,,,,,
2018-11-01,0009X,ALFORJA,TARRAGONA,406,"10,4","0,0","6,3",23:57,"14,4",13:52,32,"3,9","12,8",08:30,,,,,
2018-11-02,0009X,ALFORJA,TARRAGONA,406,"10,9","0,0","6,0",00:12,"15,8",13:29,28,"3,9","15,0",23:30,,,,,
2018-11-03,0009X,ALFORJA,TARRAGONA,406,"11,6","0,0","7,0",06:26,"16,1",14:07,28,"5,3","15,0",02:00,,,,,
2018-11-04,0009X,ALFORJA,TARRAGONA,406,"13,1","0,0","6,7",23:58,"19,5",13:28,24,"2,8","11,9",01:50,,,,,
2018-11-05,0009X,ALFORJA,TARRAGONA,406,"9,6","27,8","5,1",02:18,"14,1",12:23,06,"1,9","11,9",15:00,,,,,
2018-11-06,0009X,ALFORJA,TARRAGONA,406,"9,9","0,0","5,9",21:45,"13,9",13:12,99,"3,9","11,1",Varias,,,,,
2018-11-07,0009X,ALFORJA,TARRAGONA,406,"12,4","0,0","6,1",00:01,"18,7",13:50,31,"2,5","9,2",14:10,,,,,
2018-11-08,0009X,ALFORJA,TARRAGONA,406,"11,6","23,6","7,7",03:24,"15,4",11:40,10,"0,8","6,4",10:20,,,,,
2018-11-09,0009X,ALFORJA,TARRAGONA,406,"11,0","0,2","8,3",22:36,"13,6",14:02,26,"6,9","16,1",10:50,,,,,
2018-11-10,0009X,ALFORJA,TARRAGONA,406,"14,6","0,0","9,8",00:01,"19,3",14:17,28,"1,7","8,6",00:30,,,,,
2018-11-11,0009X,ALFORJA,TARRAGONA,406,"16,4","0,0","10,9",03:47,"21,9",12:29,14,"2,2","5,3",23:59,,,,,
2018-11-12,0009X,ALFORJA,TARRAGONA,406,"14,8","0,0","10,3",23:58,"19,4",10:59,12,"1,7","7,8",11:10,,,,,
2018-11-13,0009X,ALFORJA,TARRAGONA,406,"14,2","0,0","9,0",06:41,"19,4",11:01,99,"1,4","6,4",10:50,,,,,
2018-11-14,0009X,ALFORJA,TARRAGONA,406,"14,6","0,2","12,4",05:20,"16,9",12:53,10,"1,1","5,3",15:50,,,,,
2018-11-15,0009X,ALFORJA,TARRAGONA,406,"13,8","32,2","11,6",20:51,"15,9",13:27,11,"0,8","6,1",10:40,,,,,
2018-11-16,0009X,ALFORJA,TARRAGONA,406,"14,4","24,6","10,5",03:47,"18,4",12:23,11,"0,8","5,3",12:00,,,,,
2018-11-17,0009X,ALFORJA,TARRAGONA,406,"11,4","0,4","10,1",Varias,"12,8",11:15,12,"0,0","3,6",04:20,,,,,
2018-11-18,0009X,ALFORJA,TARRAGONA,406,"10,7","2,2","8,8",06:35,"12,6",10:22,10,"3,1","11,1",15:10,,,,,
2018-11-19,0009X,ALFORJA,TARRAGONA,406,"10,1","0,0","7,9",21:33,"12,3",11:35,08,"1,7","7,2",00:30,,,,,
2018-11-20,0009X,ALFORJA,TARRAGONA,406,"9,5","8,4","6,1",02:41,"12,9",12:59,22,"1,7","14,4",17:00,,,,,
2018-11-21,0009X,ALFORJA,TARRAGONA,406,"11,2","0,0","6,7",21:38,"15,8",12:28,26,"3,1","8,1",00:30,,,,,
2018-11-22,0009X,ALFORJA,TARRAGONA,406,"10,8","0,4","5,9",23:08,"15,7",11:41,28,"1,4","5,3",11:00,,,,,
2018-11-23,0009X,ALFORJA,TARRAGONA,406,"9,2","7,8","6,5",00:01,"11,8",12:44,30,"3,1","13,6",16:30,,,,,
2018-11-24,0009X,ALFORJA,TARRAGONA,406,"9,3","0,4","4,5",23:00,"14,1",12:55,30,"3,1","10,3",07:20,,,,,
2018-11-25,0009X,ALFORJA,TARRAGONA,406,"8,8","2,4","3,3",03:55,"14,2",12:24,99,"3,6","9,7",Varias,,,,,
2018-11-26,0009X,ALFORJA,TARRAGONA,406,"8,6","0,4","6,5",07:46,"10,7",15:03,27,"5,0","17,5",22:30,,,,,
2018-11-27,0009X,ALFORJA,TARRAGONA,406,"10,2","0,0","7,3",00:47,"13,1",12:50,27,"7,2","16,1",11:00,,,,,
2018-11-28,0009X,ALFORJA,TARRAGONA,406,"10,2","0,0","4,3",23:18,"16,1",14:18,27,"3,6","11,1",07:30,,,,,
2018-11-29,0009X,ALFORJA,TARRAGONA,406,"9,0","1,6","3,6",03:21,"14,5",13:09,25,"1,4","3,3",01:00,,,,,
2018-11-30,0009X,ALFORJA,TARRAGONA,406,"10,2","0,2","6,3",00:03,"14,1",14:34,27,"4,7","13,3",03:30,,,,,
2018-12-01,0009X,ALFORJA,TARRAGONA,406,"10,2","0,0","7,5",01:39,"13,0",14:27,27,"3,9","14,7",01:30,,,,,
2018-12-02,0009X,ALFORJA,TARRAGONA,406,"13,8","0,0","10,4",06:58,"17,2",13:11,30,"3,3","12,5",07:30,,,,,
2018-12-03,0009X,ALFORJA,TARRAGONA,406,"14,1","0,0","11,4",00:58,"16,8",13:26,30,"5,0","14,4",06:00,,,,,
2018-12-04,0009X,ALFORJA,TARRAGONA,406,"13,6","0,0","8,3",23:54,"19,0",14:35,25,"3,1","10,0",01:40,,,,,
2018-12-05,0009X,ALFORJA,TARRAGONA,406,"14,6","0,0","8,1",02:33,"21,1",13:39,30,"1,1","12,8",23:50,,,,,
2018-12-06,0009X,ALFORJA,TARRAGONA,406,"11,7","0,0","8,2",07:06,"15,2",10:11,28,"6,1","15,6",16:30,,,,,
2018-12-07,0009X,ALFORJA,TARRAGONA,406,"10,8","0,0","7,9",03:27,"13,7",14:19,26,"4,7","13,9",10:40,,,,,
2018-12-08,0009X,ALFORJA,TARRAGONA,406,"11,4","0,0","9,6",07:24,"13,1",13:27,28,"7,2","19,2",03:20,,,,,
2018-12-09,0009X,ALFORJA,TARRAGONA,406,"12,4","0,0","9,8",23:33,"15,1",14:27,26,"7,2","17,8",08:30,,,,,
2018-12-10,0009X,ALFORJA,TARRAGONA,406,"8,6","0,0","3,9",22:43,"13,2",14:07,26,"4,4","16,1",01:50,,,,,
2018-12-11,0009X,ALFORJA,TARRAGONA,406,"9,7","0,0","4,7",Varias,"14,7",13:54,28,"2,8","8,9",03:40,,,,,
2018-12-12,0009X,ALFORJA,TARRAGONA,406,"9,2","0,0","5,6",07:34,"12,7",15:12,26,"2,8","12,5",11:50,,,,,
2018-12-13,0009X,ALFORJA,TARRAGONA,406,"9,2","5,8","7,3",20:56,"11,2",05:27,25,"2,8","11,4",03:50,,,,,
2018-12-14,0009X,ALFORJA,TARRAGONA,406,"9,6","0,0","7,0",07:07,"12,2",13:48,27,"6,7","14,7",09:30,,,,,
2018-12-15,0009X,ALFORJA,TARRAGONA,406,"10,4","0,0","6,9",01:50,"13,8",22:28,24,"6,4","14,7",06:00,,,,,
2018-12-16,0009X,ALFORJA,TARRAGONA,406,"12,0","0,0","9,6",Varias,"14,4",14:39,27,"4,2","16,4",23:30,,,,,
2018-12-17,0009X,ALFORJA,TARRAGONA,406,"6,8","0,0","2,6",23:55,"11,0",11:43,27,"6,1","14,4",08:20,,,,,
2018-12-18,0009X,ALFORJA,TARRAGONA,406,"8,0","0,0","2,6",00:01,"13,3",13:23,26,"1,9","4,7",21:40,,,,,
2018-12-19,0009X,ALFORJA,TARRAGONA,406,"9,7","0,0","6,4",00:01,"13,0",14:22,27,"4,4","14,4",12:30,,,,,
2018-12-20,0009X,ALFORJA,TARRAGONA,406,"10,3","0,0","6,9",20:19,"13,7",14:13,29,"3,1","11,7",00:40,,,,,
2018-12-21,0009X,ALFORJA,TARRAGONA,406,"10,0","0,0","6,0",03:28,"14,1",14:36,27,"3,9","11,9",10:10,,,,,
2018-12-22,0009X,ALFORJA,TARRAGONA,406,"13,0","0,0","9,9",02:22,"16,1",12:43,28,"4,4","12,5",04:00,,,,,
2018-12-23,0009X,ALFORJA,TARRAGONA,406,"12,4","0,0","7,6",22:52,"17,1",11:49,23,"4,2","8,6",14:10,,,,,
2018-12-24,0009X,ALFORJA,TARRAGONA,406,"11,6","0,0","8,2",07:48,"14,9",14:50,99,"5,3","13,3",Varias,,,,,
2018-12-25,0009X,ALFORJA,TARRAGONA,406,"12,3","0,0","7,6",23:58,"17,0",12:05,24,"2,5","7,8",00:10,,,,,
2018-12-26,0009X,ALFORJA,TARRAGONA,406,"8,0","0,0","3,9",03:47,"12,1",13:55,24,"0,8","5,0",23:20,,,,,
2018-12-27,0009X,ALFORJA,TARRAGONA,406,"6,6","0,0","3,8",20:42,"9,4",14:00,25,"4,2","9,2",15:10,,,,,
2018-12-28,0009X,ALFORJA,TARRAGONA,406,"6,2","0,0","3,2",21:03,"9,1",12:17,27,"4,7","10,3",13:20,,,,,
2018-12-29,0009X,ALFORJA,TARRAGONA,406,"8,6","0,0","5,8",Varias,"11,3",14:07,26,"5,8","13,9",10:50,,,,,
2018-12-30,0009X,ALFORJA,TARRAGONA,406,"8,6","0,0","5,3",04:51,"12,0",13:54,24,"5,8","15,8",07:30,,,,,
2018-12-31,0009X,ALFORJA,TARRAGONA,406,"10,6","0,0","7,3",07:06,"13,8",13:55,23,"5,0","11,1",06:50,,,,,
2019-01-01,0009X,ALFORJA,TARRAGONA,406,"10,2","0,0","7,1",18:42,"13,3",12:53,30,"5,8","13,9",23:59,,,,,
2019-01-02,0009X,ALFORJA,TARRAGONA,406,"6,4","0,0","2,4",06:21,"10,5",14:25,26,"8,1","18,3",09:30,,,,,
2019-01-03,0009X,ALFORJA,TARRAGONA,406,"6,0","0,0","2,3",07:22,"9,8",14:21,24,"5,0","12,5",00:10,,,,,
2019-01-04,0009X,ALFORJA,TARRAGONA,406,"5,8","0,0","0,3",21:00,"11,3",13:19,27,"2,8","10,3",05:00,,,,,
2019-01-05,0009X,ALFORJA,TARRAGONA,406,"6,4","0,0","2,3",00:01,"10,6",13:37,99,"8,6","16,4",Varias,,,,,
2019-01-06,0009X,ALFORJA,TARRAGONA,406,"9,5","0,0","5,6",05:49,"13,4",14:22,28,"8,6","16,9",Varias,,,,,
2019-01-07,0009X,ALFORJA,TARRAGONA,406,"5,8","0,0","2,2",23:02,"9,5",13:34,27,"7,5","15,3",16:30,,,,,
2019-01-08,0009X,ALFORJA,TARRAGONA,406,"5,6","0,0","1,6",03:08,"9,6",13:38,30,"9,2","16,9",09:40,,,,,
2019-01-09,0009X,ALFORJA,TARRAGONA,406,"8,2","0,0","3,2",23:57,"13,1",13:21,28,"7,2","15,0",Varias,,,,,
2019-01-10,0009X,ALFORJA,TARRAGONA,406,"4,4","0,0","-0,1",23:59,"8,9",13:40,30,"4,7","15,3",22:20,,,,,
2019-01-11,0009X,ALFORJA,TARRAGONA,406,"2,7","0,0","-1,4",06:47,"6,8",14:27,29,"7,5","16,1",11:40,,,,,
2019-01-12,0009X,ALFORJA,TARRAGONA,406,"5,7","0,0","1,4",04:11,"10,0",13:48,99,"7,8","16,7",Varias,,,,,
2019-01-13,0009X,ALFORJA,TARRAGONA,406,"8,2","0,0","4,4",04:54,"12,0",14:51,28,"9,2","19,2",20:00,,,,,
2019-01-14,0009X,ALFORJA,TARRAGONA,406,"10,1","0,0","6,3",07:02,"13,9",13:50,30,"9,2","20,0",02:10,,,,,
2019-01-15,0009X,ALFORJA,TARRAGONA,406,"9,0","0,0","2,5",22:19,"15,5",14:15,28,"3,6","13,3",05:00,,,,,
2019-01-16,0009X,ALFORJA,TARRAGONA,406,"6,9","0,0","1,8",06:46,"12,0",12:57,25,"1,1","5,8",23:59,,,,,
2019-01-17,0009X,ALFORJA,TARRAGONA,406,"4,6","0,0","2,8",06:46,"6,5",00:01,23,"5,3","11,1",12:10,,,,,
2019-01-18,0009X,ALFORJA,TARRAGONA,406,"5,2","0,0","2,5",05:38,"7,9",13:50,27,"4,7","12,5",01:10,,,,,
2019-01-19,0009X,ALFORJA,TARRAGONA,406,"6,9","1,2","3,4",07:05,"10,4",14:55,27,"3,3","11,9",04:10,,,,,
2019-01-20,0009X,ALFORJA,TARRAGONA,406,"5,6","1,6","4,2",18:07,"6,9",15:51,31,"3,9","13,9",11:50,,,,,
2019-01-21,0009X,ALFORJA,TARRAGONA,406,"6,2","0,0","2,4",23:46,"10,1",15:10,28,"5,0","12,8",23:20,,,,,
2019-01-22,0009X,ALFORJA,TARRAGONA,406,"4,6","1,0","0,4",05:53,"8,8",14:31,29,"6,4","14,2",07:00,,,,,
2019-01-23,0009X,ALFORJA,TARRAGONA,406,"7,0","2,8","4,4",07:35,"9,7",13:50,28,"6,9","20,8",10:50,,,,,
2019-01-24,0009X,ALFORJA,TARRAGONA,406,"5,8","0,0","2,1",23:47,"9,4",12:55,28,"5,3","17,8",05:30,,,,,
2019-01-25,0009X,ALFORJA,TARRAGONA,406,"7,8","0,0","-0,8",05:29,"16,3",13:55,26,"5,0","14,4",20:30,,,,,
2019-01-26,0009X,ALFORJA,TARRAGONA,406,"10,8","0,0","7,2",05:55,"14,3",13:47,27,"5,8","18,9",03:30,,,,,
2019-01-27,0009X,ALFORJA,TARRAGONA,406,"9,0","0,0","5,5",Varias,"12,5",12:17,28,"7,5","22,8",19:10,,,,,
2019-01-28,0009X,ALFORJA,TARRAGONA,406,"8,4","0,0","4,5",03:33,"12,4",12:56,26,"6,1","19,4",14:50,,,,,
2019-01-29,0009X,ALFORJA,TARRAGONA,406,"6,7","3,0","4,8",06:50,"8,6",14:09,27,"4,7","16,1",22:10,,,,,
2019-01-30,0009X,ALFORJA,TARRAGONA,406,"6,8","1,4","2,6",21:55,"11,0",13:55,27,"4,7","16,1",00:50,,,,,
2019-01-31,0009X,ALFORJA,TARRAGONA,406,"9,8","2,2","3,8",02:07,"15,7",14:35,28,"3,1","10,8",12:20,,,,,
2019-02-01,0009X,ALFORJA,TARRAGONA,406,"9,2","3,8","4,7",21:49,"13,6",14:36,28,"3,3","13,6",23:59,,,,,
2019-02-02,0009X,ALFORJA,TARRAGONA,406,"5,4","0,2","2,2",Varias,"8,6",14:12,28,"8,1","22,2",13:00,,,,,
2019-02-03,0009X,ALFORJA,TARRAGONA,406,"5,7","0,0","1,6",02:10,"9,8",13:54,25,"8,3","18,1",10:20,,,,,
2019-02-04,0009X,ALFORJA,TARRAGONA,406,"6,8","0,0","1,2",05:34,"12,3",15:10,28,"4,4","16,1",07:20,,,,,
2019-02-05,0009X,ALFORJA,TARRAGONA,406,"10,9","0,0","6,0",06:27,"15,8",15:38,24,"6,1","13,9",10:20,,,,,
2019-02-06,0009X,ALFORJA,TARRAGONA,406,"11,2","0,0","5,5",20:52,"16,9",14:44,25,"3,3","11,4",04:30,,,,,
2019-02-07,0009X,ALFORJA,TARRAGONA,406,"11,2","0,0","6,1",22:09,"16,2",12:45,26,"3,1","10,6",11:20,,,,,
2019-02-08,0009X,ALFORJA,TARRAGONA,406,"10,9","0,0","4,5",21:19,"17,3",12:49,99,"2,2","6,7",00:30,,,,,
2019-02-09,0009X,ALFORJA,TARRAGONA,406,"10,8","0,0","4,7",22:08,"17,0",13:05,28,"3,1","10,8",06:50,,,,,
2019-02-10,0009X,ALFORJA,TARRAGONA,406,"10,9","0,0","5,1",01:59,"16,7",15:35,29,"5,6","15,8",14:00,,,,,
2019-02-11,0009X,ALFORJA,TARRAGONA,406,"9,6","0,0","5,3",06:52,"14,0",15:30,26,"4,4","14,4",11:20,,,,,
2019-02-12,0009X,ALFORJA,TARRAGONA,406,"8,6","0,0","2,8",22:03,"14,3",14:45,26,"5,0","13,6",07:10,,,,,
2019-02-13,0009X,ALFORJA,TARRAGONA,406,"7,6","0,0","0,6",05:54,"14,7",12:19,13,"1,4","5,6",13:10,,,,,
2019-02-14,0009X,ALFORJA,TARRAGONA,406,"7,2","0,0","0,7",23:42,"13,8",14:10,10,"1,1","5,8",13:10,,,,,
2019-02-15,0009X,ALFORJA,TARRAGONA,406,"7,5","0,0","-0,2",05:17,"15,2",13:46,12,"1,1","5,0",14:00,,,,,
2019-02-16,0009X,ALFORJA,TARRAGONA,406,"9,1","0,0","0,8",07:06,"17,4",13:16,11,"1,4","5,6",13:40,,,,,
2019-02-17,0009X,ALFORJA,TARRAGONA,406,"7,4","0,0","-0,4",06:55,"15,2",12:06,10,"1,4","6,1",12:30,,,,,
2019-02-18,0009X,ALFORJA,TARRAGONA,406,"8,2","0,0","1,5",02:14,"14,9",14:29,12,"1,4","4,7",14:10,,,,,
2019-02-19,0009X,ALFORJA,TARRAGONA,406,"8,0","0,0","2,3",03:59,"13,7",14:38,13,"1,7","5,6",15:50,,,,,
2019-02-20,0009X,ALFORJA,TARRAGONA,406,"8,6","0,0","2,4",04:31,"14,7",13:33,10,"1,1","5,8",13:50,,,,,
2019-02-21,0009X,ALFORJA,TARRAGONA,406,"8,8","0,0","1,8",06:26,"15,9",13:11,10,"0,8","5,0",11:50,,,,,
2019-02-22,0009X,ALFORJA,TARRAGONA,406,"11,9","0,0","3,5",00:29,"20,3",14:22,27,"5,8","12,2",08:50,,,,,
2019-02-23,0009X,ALFORJA,TARRAGONA,406,"12,2","0,0","4,6",23:57,"19,8",13:50,28,"2,8","10,8",00:30,,,,,
2019-02-24,0009X,ALFORJA,TARRAGONA,406,"9,8","0,0","3,0",23:58,"16,7",13:21,13,"1,4","5,8",14:30,,,,,
2019-02-25,0009X,ALFORJA,TARRAGONA,406,"9,4","0,0","1,8",04:57,"16,9",12:55,09,"1,9","5,6",13:30,,,,,
2019-02-26,0009X,ALFORJA,TARRAGONA,406,"12,7","0,0","5,3",00:27,"20,1",09:54,10,"1,7","6,1",11:20,,,,,
2019-02-27,0009X,ALFORJA,TARRAGONA,406,"15,2","0,0","6,4",01:42,"24,1",15:12,27,"3,9","12,2",11:20,,,,,
2019-02-28,0009X,ALFORJA,TARRAGONA,406,"14,6","0,0","9,7",06:30,"19,5",15:06,28,"4,2","14,2",07:30,,,,,
2019-03-01,0009X,ALFORJA,TARRAGONA,406,"13,1","0,0","7,6",06:40,"18,6",14:34,26,"4,2","12,5",03:30,,,,,
2019-03-02,0009X,ALFORJA,TARRAGONA,406,"13,7","0,0","7,6",03:28,"19,8",Varias,26,"3,9","13,9",08:50,,,,,
2019-03-03,0009X,ALFORJA,TARRAGONA,406,"13,9","0,0","4,6",06:28,"23,2",14:47,27,"2,2","8,9",13:10,,,,,
2019-03-04,0009X,ALFORJA,TARRAGONA,406,"15,4","0,0","10,3",Varias,"20,5",12:31,26,"4,2","17,5",09:40,,,,,
2019-03-05,0009X,ALFORJA,TARRAGONA,406,"11,4","0,0","6,2",23:49,"16,7",14:00,10,"1,7","6,4",11:20,,,,,
2019-03-06,0009X,ALFORJA,TARRAGONA,406,"8,6","3,2","5,5",00:49,"11,6",15:52,26,"1,7","11,7",23:40,,,,,
2019-03-07,0009X,ALFORJA,TARRAGONA,406,"9,6","0,0","3,8",23:08,"15,3",14:33,28,"5,3","14,2",Varias,,,,,
2019-03-08,0009X,ALFORJA,TARRAGONA,406,"10,8","0,0","4,2",00:01,"17,3",14:10,31,"3,1","9,4",11:50,,,,,
2019-03-09,0009X,ALFORJA,TARRAGONA,406,"12,6","0,0","5,3",00:01,"19,8",Varias,28,"2,8","12,2",10:30,,,,,
2019-03-10,0009X,ALFORJA,TARRAGONA,406,"16,9","0,0","10,4",00:01,"23,4",14:47,26,"4,7","12,5",14:30,,,,,
2019-03-11,0009X,ALFORJA,TARRAGONA,406,"11,2","0,0","4,4",23:59,"17,9",13:48,28,"5,0","11,9",01:10,,,,,
2019-03-12,0009X,ALFORJA,TARRAGONA,406,"10,2","0,0","3,0",03:52,"17,4",12:41,14,"1,4","5,8",13:20,,,,,
2019-03-13,0009X,ALFORJA,TARRAGONA,406,"11,2","0,0","6,4",24:00,"16,0",14:40,27,"6,9","16,7",21:30,,,,,
2019-03-14,0009X,ALFORJA,TARRAGONA,406,"10,7","0,0","5,4",04:38,"16,0",15:19,27,"7,8","17,8",13:10,,,,,
2019-03-15,0009X,ALFORJA,TARRAGONA,406,"14,0","0,0","7,1",05:55,"21,0",14:50,27,"6,7","17,8",07:00,,,,,
2019-03-16,0009X,ALFORJA,TARRAGONA,406,"15,5","0,0","7,3",06:14,"23,7",12:18,27,"1,9","10,0",02:30,,,,,
2019-03-17,0009X,ALFORJA,TARRAGONA,406,"15,0","0,0","7,0",23:53,"23,0",14:21,29,"3,9","18,6",23:40,,,,,
2019-03-18,0009X,ALFORJA,TARRAGONA,406,"10,7","0,0","4,8",06:38,"16,6",14:35,26,"4,2","16,4",00:40,,,,,
2019-03-19,0009X,ALFORJA,TARRAGONA,406,"10,0","1,2","5,9",06:38,"14,2",11:07,99,"3,3","11,1",Varias,,,,,
2019-03-20,0009X,ALFORJA,TARRAGONA,406,"9,4","0,0","3,8",20:52,"15,1",12:20,27,"2,5","9,4",04:30,,,,,
2019-03-21,0009X,ALFORJA,TARRAGONA,406,"9,8","0,0","3,6",22:07,"16,0",12:22,27,"2,5","9,4",09:40,,,,,
2019-03-22,0009X,ALFORJA,TARRAGONA,406,"12,4","0,0","4,9",00:01,"20,0",13:27,09,"1,7","6,4",13:30,,,,,
2019-03-23,0009X,ALFORJA,TARRAGONA,406,"14,0","0,0","5,8",02:35,"22,1",14:05,15,"2,2","6,9",12:50,,,,,
2019-03-24,0009X,ALFORJA,TARRAGONA,406,"15,2","0,0","8,0",23:48,"22,3",12:25,29,"2,2","8,1",06:00,,,,,
2019-03-25,0009X,ALFORJA,TARRAGONA,406,"14,4","0,0","8,4",23:55,"20,3",14:24,26,"6,1","14,2",09:20,,,,,
2019-03-26,0009X,ALFORJA,TARRAGONA,406,"12,1","0,0","4,4",21:23,"19,8",14:42,28,"3,9","13,9",00:30,,,,,
2019-03-27,0009X,ALFORJA,TARRAGONA,406,"12,0","0,0","5,1",23:35,"19,0",14:53,28,"3,1","10,0",11:20,,,,,
2019-03-28,0009X,ALFORJA,TARRAGONA,406,"10,9","0,0","3,8",23:20,"18,0",12:40,26,"3,6","10,0",07:00,,,,,
2019-03-29,0009X,ALFORJA,TARRAGONA,406,"10,2","0,0","3,6",02:12,"16,7",12:50,11,"1,7","8,3",13:20,,,,,
2019-03-30,0009X,ALFORJA,TARRAGONA,406,"9,7","0,0","3,5",06:02,"15,9",12:43,08,"2,2","7,5",13:30,,,,,
2019-03-31,0009X,ALFORJA,TARRAGONA,406,"8,6","0,0","2,8",02:38,"14,5",14:23,10,"1,4","5,6",10:40,,,,,
2019-04-01,0009X,ALFORJA,TARRAGONA,406,"13,0","0,0","7,6",06:01,"18,4",12:48,14,"1,7","6,1",13:00,,,,,
2019-04-02,0009X,ALFORJA,TARRAGONA,406,"12,4","0,0","5,2",04:55,"19,5",11:20,26,"1,7","7,5",09:50,,,,,
2019-04-03,0009X,ALFORJA,TARRAGONA,406,"10,2","0,0","4,9",23:46,"15,5",12:16,26,"3,6","15,0",17:10,,,,,
2019-04-04,0009X,ALFORJA,TARRAGONA,406,"8,2","0,0","2,4",Varias,"14,1",15:41,27,"3,6","12,8",08:50,,,,,
2019-04-05,0009X,ALFORJA,TARRAGONA,406,"8,9","5,0","2,1",01:17,"15,7",11:37,28,"1,9","9,7",23:59,,,,,
2019-04-06,0009X,ALFORJA,TARRAGONA,406,"9,6","0,2","5,1",01:15,"14,0",12:09,27,"3,1","13,9",01:00,,,,,
2019-04-07,0009X,ALFORJA,TARRAGONA,406,"10,4","0,0","4,4",22:16,"16,3",13:58,26,"5,6","15,0",11:00,,,,,
2019-04-08,0009X,ALFORJA,TARRAGONA,406,"12,2","1,8","5,0",01:17,"19,4",14:23,28,"3,1","11,1",12:10,,,,,
2019-04-09,0009X,ALFORJA,TARRAGONA,406,"13,0","2,8","7,4",00:01,"18,5",13:53,26,"3,3","14,7",10:40,,,,,
2019-04-10,0009X,ALFORJA,TARRAGONA,406,"12,8","0,0","7,4",21:34,"18,1",14:25,31,"4,4","11,7",03:00,,,,,
2019-04-11,0009X,ALFORJA,TARRAGONA,406,"12,8","0,0","6,2",05:01,"19,5",14:39,27,"5,8","13,6",09:10,,,,,
2019-04-12,0009X,ALFORJA,TARRAGONA,406,"13,4","0,0","6,8",05:00,"20,1",15:26,29,"5,8","16,1",00:40,,,,,
2019-04-13,0009X,ALFORJA,TARRAGONA,406,"14,8","0,0","7,6",05:10,"21,9",14:06,24,"3,1","11,4",09:10,,,,,
2019-04-14,0009X,ALFORJA,TARRAGONA,406,"17,1","0,0","10,5",00:12,"23,7",12:15,28,"3,1","11,4",10:20,,,,,
2019-04-15,0009X,ALFORJA,TARRAGONA,406,"10,5","0,4","5,6",05:30,"15,4",11:16,11,"2,2","7,5",13:10,,,,,
2019-04-16,0009X,ALFORJA,TARRAGONA,406,"13,1","0,0","7,9",Varias,"18,3",10:23,99,"1,7","7,2",Varias,,,,,
2019-04-17,0009X,ALFORJA,TARRAGONA,406,"11,6","0,0","5,7",05:09,"17,6",13:35,09,"1,9","7,5",23:30,,,,,
2019-04-18,0009X,ALFORJA,TARRAGONA,406,"13,8","0,0","8,8",Varias,"18,9",13:33,07,"4,4","13,1",10:40,,,,,
2019-04-19,0009X,ALFORJA,TARRAGONA,406,"17,2","0,0","12,9",00:01,"21,4",13:10,11,"5,0","16,7",09:30,,,,,
2019-04-20,0009X,ALFORJA,TARRAGONA,406,"13,4","9,8","9,4",18:42,"17,4",11:43,36,"4,2","18,6",20:00,,,,,
2019-04-21,0009X,ALFORJA,TARRAGONA,406,"13,2","0,2","11,3",01:59,"15,2",14:35,03,"1,9","12,5",04:20,,,,,
2019-04-22,0009X,ALFORJA,TARRAGONA,406,"12,8","5,0","10,7",22:57,"14,8",11:59,10,"2,2","9,7",04:00,,,,,
2019-04-23,0009X,ALFORJA,TARRAGONA,406,"14,4","0,2","9,9",04:58,"18,8",13:32,99,"1,1","6,1",Varias,,,,,
2019-04-24,0009X,ALFORJA,TARRAGONA,406,"12,8","0,0","9,4",05:57,"16,1",10:16,11,"3,3","10,0",16:10,,,,,
2019-04-25,0009X,ALFORJA,TARRAGONA,406,"14,9","2,4","10,1",21:40,"19,7",12:43,29,"2,8","10,0",08:50,,,,,
2019-04-26,0009X,ALFORJA,TARRAGONA,406,"13,8","0,0","8,2",23:47,"19,4",13:46,26,"5,8","13,9",14:10,,,,,
2019-04-27,0009X,ALFORJA,TARRAGONA,406,"15,4","0,0","8,6",00:01,"22,1",14:49,30,"3,6","10,6",06:30,,,,,
2019-04-28,0009X,ALFORJA,TARRAGONA,406,"15,0","0,2","8,9",04:47,"21,2",12:56,27,"3,9","13,6",07:40,,,,,
2019-04-29,0009X,ALFORJA,TARRAGONA,406,"13,1","0,0","7,9",23:57,"18,3",13:21,08,"1,9","8,1",13:50,,,,,
2019-04-30,0009X,ALFORJA,TARRAGONA,406,"13,2","0,0","7,6",00:23,"18,8",14:46,14,"1,7","6,9",13:50,,,,,
2019-05-01,0009X,ALFORJA,TARRAGONA,406,"14,6","0,0","8,4",23:06,"20,8",11:28,14,"2,2","7,5",12:50,,,,,
2019-05-02,0009X,ALFORJA,TARRAGONA,406,"14,8","0,6","8,3",01:23,"21,4",11:30,27,"3,1","10,6",04:40,,,,,
2019-05-03,0009X,ALFORJA,TARRAGONA,406,"10,2","0,8","6,8",23:38,"13,5",11:16,29,"3,3","8,3",05:50,,,,,
2019-05-04,0009X,ALFORJA,TARRAGONA,406,"13,8","0,0","6,8",05:11,"20,8",15:13,27,"5,6","16,1",21:00,,,,,
2019-05-05,0009X,ALFORJA,TARRAGONA,406,"13,5","0,0","7,8",05:14,"19,2",Varias,28,"5,3","15,6",10:30,,,,,
2019-05-06,0009X,ALFORJA,TARRAGONA,406,"12,4","0,0","5,6",Varias,"19,3",14:04,26,"2,2","8,3",03:30,,,,,
2019-05-07,0009X,ALFORJA,TARRAGONA,406,"11,4","0,0","5,4",00:44,"17,5",13:15,10,"1,7","5,8",13:30,,,,,
2019-05-08,0009X,ALFORJA,TARRAGONA,406,"18,6","0,2","12,4",05:17,"24,7",15:05,26,"2,8","12,8",16:50,,,,,
2019-05-09,0009X,ALFORJA,TARRAGONA,406,"18,4","0,0","12,2",23:41,"24,6",14:43,27,"3,6","15,3",09:10,,,,,
2019-05-10,0009X,ALFORJA,TARRAGONA,406,"18,8","0,4","10,6",02:15,"27,0",11:44,24,"1,4","10,8",08:50,,,,,
2019-05-11,0009X,ALFORJA,TARRAGONA,406,"18,4","0,0","12,0",22:48,"24,8",12:58,25,"3,3","13,3",16:40,,,,,
2019-05-12,0009X,ALFORJA,TARRAGONA,406,"17,0","0,0","9,0",05:02,"25,1",15:51,30,"5,3","13,3",04:20,,,,,
2019-05-13,0009X,ALFORJA,TARRAGONA,406,"15,4","0,0","8,6",23:27,"22,2",12:18,29,"3,6","12,8",05:00,,,,,
2019-05-14,0009X,ALFORJA,TARRAGONA,406,"16,1","0,0","8,7",00:01,"23,5",11:19,20,"2,5","8,1",09:10,,,,,
2019-05-15,0009X,ALFORJA,TARRAGONA,406,"13,8","0,0","6,8",Varias,"20,9",10:19,12,"2,2","9,2",14:30,,,,,
2019-05-16,0009X,ALFORJA,TARRAGONA,406,"12,0","10,0","6,0",00:48,"17,9",10:43,08,"2,8","7,5",21:00,,,,,
2019-05-17,0009X,ALFORJA,TARRAGONA,406,"12,5","0,2","9,4",07:35,"15,6",14:48,27,"4,2","13,9",19:10,,,,,
2019-05-18,0009X,ALFORJA,TARRAGONA,406,"13,4","0,0","7,9",04:13,"19,0",14:11,27,"5,3","13,3",05:00,,,,,
2019-05-19,0009X,ALFORJA,TARRAGONA,406,"14,4","0,0","9,2",01:52,"19,7",13:33,28,"3,9","15,3",00:50,,,,,
2019-05-20,0009X,ALFORJA,TARRAGONA,406,"15,6","0,0","8,3",23:55,"22,9",15:42,28,"3,6","12,5",04:00,,,,,
2019-05-21,0009X,ALFORJA,TARRAGONA,406,"15,6","0,0","7,9",00:34,"23,2",11:19,25,"2,8","7,2",07:30,,,,,
2019-05-22,0009X,ALFORJA,TARRAGONA,406,"17,4","0,0","9,9",23:40,"24,8",11:42,18,"2,2","9,2",11:40,,,,,
2019-05-23,0009X,ALFORJA,TARRAGONA,406,"16,9","7,0","8,8",04:13,"25,0",13:26,12,"1,7","6,4",13:20,,,,,
2019-05-24,0009X,ALFORJA,TARRAGONA,406,"14,2","14,4","13,0",23:40,"15,4",16:40,23,"2,2","6,9",07:40,,,,,
2019-05-25,0009X,ALFORJA,TARRAGONA,406,"17,2","0,0","11,4",04:39,"23,1",13:30,27,"4,2","15,0",23:40,,,,,
2019-05-26,0009X,ALFORJA,TARRAGONA,406,"17,5","0,0","10,3",04:53,"24,7",14:15,29,"5,0","15,0",01:20,,,,,
2019-05-27,0009X,ALFORJA,TARRAGONA,406,"18,4","0,0","11,6",04:30,"25,2",13:36,29,"4,7","13,3",03:30,,,,,
2019-05-28,0009X,ALFORJA,TARRAGONA,406,"17,3","0,0","11,2",04:40,"23,4",14:19,28,"7,8","15,3",06:30,,,,,
2019-05-29,0009X,ALFORJA,TARRAGONA,406,"17,0","0,0","9,6",Varias,"24,5",14:59,29,"4,2","13,9",05:50,,,,,
2019-05-30,0009X,ALFORJA,TARRAGONA,406,"16,6","0,0","9,1",00:35,"24,1",11:10,30,"2,8","8,6",04:30,,,,,
2019-05-31,0009X,ALFORJA,TARRAGONA,406,"17,0","0,0","8,6",03:39,"25,5",13:03,13,"2,2","8,9",13:40,,,,,
2019-06-01,0009X,ALFORJA,TARRAGONA,406,"18,8","0,0","11,2",03:39,"26,4",13:53,12,"2,2","6,7",11:00,,,,,
2019-06-02,0009X,ALFORJA,TARRAGONA,406,"18,5","0,0","11,0",04:32,"26,0",13:09,09,"1,9","7,8",11:30,,,,,
2019-06-03,0009X,ALFORJA,TARRAGONA,406,"18,4","0,0","11,2",04:50,"25,5",10:56,10,"1,9","7,8",12:10,,,,,
2019-06-04,0009X,ALFORJA,TARRAGONA,406,"17,8","0,0","10,8",04:35,"24,9",12:32,10,"2,2","7,2",12:30,,,,,
2019-06-05,0009X,ALFORJA,TARRAGONA,406,"17,2","1,6","14,1",23:58,"20,3",11:31,26,"5,6","18,6",17:20,,,,,
2019-06-06,0009X,ALFORJA,TARRAGONA,406,"16,8","0,0","11,1",05:09,"22,5",11:28,99,"2,2","10,3",Varias,,,,,
2019-06-07,0009X,ALFORJA,TARRAGONA,406,"19,2","0,0","12,8",23:59,"25,7",14:26,27,"3,1","11,1",12:10,,,,,
2019-06-08,0009X,ALFORJA,TARRAGONA,406,"17,0","0,0","10,1",03:33,"24,0",11:34,12,"2,5","8,1",12:20,,,,,
2019-06-09,0009X,ALFORJA,TARRAGONA,406,"19,6","0,0","13,0",22:29,"26,2",13:25,17,"1,1","8,6",13:40,,,,,
2019-06-10,0009X,ALFORJA,TARRAGONA,406,"19,8","1,8","13,3",04:41,"26,4",15:45,26,"5,3","14,4",08:50,,,,,
2019-06-11,0009X,ALFORJA,TARRAGONA,406,"11,2","0,8","6,6",23:50,"15,8",00:01,27,"2,8","11,4",04:10,,,,,
2019-06-12,0009X,ALFORJA,TARRAGONA,406,"14,0","0,0","6,0",00:46,"21,9",13:16,27,"3,1","10,0",04:00,,,,,
2019-06-13,0009X,ALFORJA,TARRAGONA,406,"15,6","0,0","8,1",00:01,"23,0",12:36,12,"2,2","7,8",12:30,,,,,
2019-06-14,0009X,ALFORJA,TARRAGONA,406,"19,6","0,0","12,4",00:01,"26,7",13:59,23,"2,5","9,4",11:50,,,,,
2019-06-15,0009X,ALFORJA,TARRAGONA,406,"20,5","0,0","12,5",01:15,"28,5",15:20,28,"4,4","11,9",08:10,,,,,
2019-06-16,0009X,ALFORJA,TARRAGONA,406,"18,9","0,0","11,8",04:56,"26,0",11:56,13,"1,9","8,6",13:50,,,,,
2019-06-17,0009X,ALFORJA,TARRAGONA,406,"19,6","0,0","11,1",04:36,"28,2",11:43,11,"2,2","7,2",13:00,,,,,
2019-06-18,0009X,ALFORJA,TARRAGONA,406,"19,6","0,0","13,0",03:18,"26,3",13:18,10,"1,9","8,3",13:40,,,,,
2019-06-19,0009X,ALFORJA,TARRAGONA,406,"20,2","0,0","11,4",04:39,"29,1",13:14,99,"1,9","6,7",11:40,,,,,
2019-06-20,0009X,ALFORJA,TARRAGONA,406,"20,8","0,0","14,7",04:54,"27,0",11:04,12,"2,5","8,3",15:10,,,,,
2019-06-21,0009X,ALFORJA,TARRAGONA,406,"19,3","18,4","14,6",04:10,"24,0",16:01,24,"1,1","6,1",08:10,,,,,
2019-06-22,0009X,ALFORJA,TARRAGONA,406,"21,8","0,0","15,4",04:34,"28,1",13:28,28,"3,3","11,1",01:20,,,,,
2019-06-23,0009X,ALFORJA,TARRAGONA,406,"22,1","0,0","14,7",04:38,"29,5",11:38,11,"1,4","6,7",12:10,,,,,
2019-06-24,0009X,ALFORJA,TARRAGONA,406,"22,2","0,0","13,8",04:35,"30,5",13:34,13,"3,1","10,3",14:50,,,,,
2019-06-25,0009X,ALFORJA,TARRAGONA,406,"21,7","0,0","15,1",04:25,"28,3",14:22,09,"3,1","8,6",08:30,,,,,
2019-06-26,0009X,ALFORJA,TARRAGONA,406,"24,3","0,0","16,3",03:35,"32,3",13:36,10,"3,6","13,1",10:00,,,,,
2019-06-27,0009X,ALFORJA,TARRAGONA,406,"25,7","0,0","17,9",02:56,"33,5",10:59,12,"1,9","7,8",10:30,,,,,
2019-06-28,0009X,ALFORJA,TARRAGONA,406,"27,3","0,0","17,4",03:40,"37,2",13:15,10,"1,7","5,8",Varias,,,,,
2019-06-29,0009X,ALFORJA,TARRAGONA,406,"29,2","0,0","19,9",23:59,"38,6",12:48,10,"1,7","6,7",12:10,,,,,
2019-06-30,0009X,ALFORJA,TARRAGONA,406,"25,4","0,0","17,2",04:48,"33,5",13:43,10,"1,9","6,9",13:10,,,,,
2019-07-01,0009X,ALFORJA,TARRAGONA,406,"24,6","0,0","16,8",03:19,"32,5",11:39,10,"1,9","6,7",12:30,,,,,
2019-07-02,0009X,ALFORJA,TARRAGONA,406,"23,6","0,0","16,8",04:38,"30,5",13:51,11,"1,7","7,5",13:40,,,,,
2019-07-03,0009X,ALFORJA,TARRAGONA,406,"25,0","0,0","17,2",02:53,"32,8",12:44,12,"1,9","7,8",10:40,,,,,
2019-07-04,0009X,ALFORJA,TARRAGONA,406,"25,0","0,0","17,3",04:52,"32,7",12:45,12,"2,5","7,8",12:20,,,,,
2019-07-05,0009X,ALFORJA,TARRAGONA,406,"25,0","0,0","17,4",03:42,"32,7",13:52,11,"1,9","8,1",15:30,,,,,
2019-07-06,0009X,ALFORJA,TARRAGONA,406,"26,1","1,8","18,0",03:54,"34,2",12:09,10,"1,4","7,2",11:50,,,,,
2019-07-07,0009X,ALFORJA,TARRAGONA,406,"27,3","2,4","18,6",03:40,"36,0",12:35,30,"3,6","10,3",06:00,,,,,
2019-07-08,0009X,ALFORJA,TARRAGONA,406,"24,6","14,8","18,7",22:48,"30,5",10:09,15,"1,9","8,9",00:10,,,,,
2019-07-09,0009X,ALFORJA,TARRAGONA,406,"21,8","0,0","14,9",04:16,"28,8",14:29,32,"3,6","18,3",05:20,,,,,
2019-07-10,0009X,ALFORJA,TARRAGONA,406,"24,3","0,0","16,3",Varias,"32,3",13:44,28,"3,6","12,2",01:30,,,,,
2019-07-11,0009X,ALFORJA,TARRAGONA,406,"25,4","0,0","16,6",04:04,"34,1",11:50,11,"2,2","7,8",12:10,,,,,
2019-07-12,0009X,ALFORJA,TARRAGONA,406,"25,2","0,0","17,4",04:17,"33,0",14:38,12,"1,9","6,4",12:40,,,,,
2019-07-13,0009X,ALFORJA,TARRAGONA,406,"25,2","0,0","18,4",23:40,"32,1",12:10,12,"1,9","7,5",12:20,,,,,
2019-07-14,0009X,ALFORJA,TARRAGONA,406,"23,8","3,4","17,9",04:22,"29,8",15:27,27,"2,2","8,9",15:50,,,,,
2019-07-15,0009X,ALFORJA,TARRAGONA,406,"24,9","0,0","17,4",Varias,"32,4",15:02,28,"4,2","11,9",Varias,,,,,
2019-07-16,0009X,ALFORJA,TARRAGONA,406,"23,0","0,0","15,8",02:19,"30,2",13:27,10,"3,3","10,6",12:30,,,,,
2019-07-17,0009X,ALFORJA,TARRAGONA,406,"24,4","0,2","17,9",23:54,"31,0",11:14,11,"2,5","7,2",12:50,,,,,
2019-07-18,0009X,ALFORJA,TARRAGONA,406,"25,4","0,0","17,7",00:20,"33,2",13:49,27,"3,6","11,4",05:50,,,,,
2019-07-19,0009X,ALFORJA,TARRAGONA,406,"24,2","0,0","17,9",04:31,"30,6",13:15,11,"2,2","7,5",11:10,,,,,
2019-07-20,0009X,ALFORJA,TARRAGONA,406,"25,4","0,0","19,2",23:48,"31,6",12:39,09,"2,2","7,8",15:10,,,,,
2019-07-21,0009X,ALFORJA,TARRAGONA,406,"24,8","0,0","17,5",04:17,"32,1",14:31,12,"2,2","7,5",10:40,,,,,
2019-07-22,0009X,ALFORJA,TARRAGONA,406,"26,1","0,0","17,2",04:51,"35,0",11:35,15,"1,9","7,2",12:40,,,,,
2019-07-23,0009X,ALFORJA,TARRAGONA,406,"26,6","0,0","17,7",04:46,"35,5",Varias,08,"1,7","7,5",13:40,,,,,
2019-07-24,0009X,ALFORJA,TARRAGONA,406,"25,4","0,0","16,7",04:22,"34,2",12:46,11,"1,7","6,4",11:30,,,,,
2019-07-25,0009X,ALFORJA,TARRAGONA,406,"24,8","0,0","16,4",04:29,"33,3",12:45,12,"1,9","7,8",14:30,,,,,
2019-07-26,0009X,ALFORJA,TARRAGONA,406,"24,8","0,2","18,2",04:39,"31,4",14:41,99,"1,4","7,2",Varias,,,,,
2019-07-27,0009X,ALFORJA,TARRAGONA,406,"23,6","0,0","16,9",23:57,"30,3",14:03,30,"5,6","15,3",21:10,,,,,
2019-07-28,0009X,ALFORJA,TARRAGONA,406,"22,4","0,0","14,7",04:47,"30,2",14:50,26,"5,0","15,0",03:30,,,,,
2019-07-29,0009X,ALFORJA,TARRAGONA,406,"24,4","0,0","16,8",04:40,"32,1",12:12,08,"2,2","9,2",10:40,,,,,
2019-07-30,0009X,ALFORJA,TARRAGONA,406,"25,4","0,0","17,8",05:12,"33,0",14:37,26,"3,6","11,7",07:40,,,,,
2019-07-31,0009X,ALFORJA,TARRAGONA,406,"22,8","0,0","17,5",04:59,"28,2",11:27,28,"3,1","9,2",03:10,,,,,
2019-08-01,0009X,ALFORJA,TARRAGONA,406,"23,5","0,0","16,0",04:45,"31,0",13:50,14,"2,5","7,5",12:20,,,,,
2019-08-02,0009X,ALFORJA,TARRAGONA,406,"24,6","0,0","15,4",03:09,"33,9",11:31,13,"2,5","9,4",11:40,,,,,
2019-08-03,0009X,ALFORJA,TARRAGONA,406,"24,0","0,0","16,7",05:10,"31,3",11:20,12,"1,7","8,9",12:30,,,,,
2019-08-04,0009X,ALFORJA,TARRAGONA,406,"24,4","0,0","18,2",05:07,"30,6",13:17,12,"1,9","7,2",12:20,,,,,
2019-08-05,0009X,ALFORJA,TARRAGONA,406,"24,6","0,0","17,5",Varias,"31,8",13:50,10,"1,7","8,1",11:30,,,,,
2019-08-06,0009X,ALFORJA,TARRAGONA,406,"24,9","0,0","18,1",03:15,"31,7",13:49,12,"1,7","6,9",13:20,,,,,
2019-08-07,0009X,ALFORJA,TARRAGONA,406,"25,9","0,0","22,0",01:56,"29,8",09:40,99,"1,4","6,1",12:50,,,,,
2019-08-08,0009X,ALFORJA,TARRAGONA,406,"27,3","0,0","20,4",03:36,"34,2",11:46,26,"2,8","8,3",08:50,,,,,
2019-08-09,0009X,ALFORJA,TARRAGONA,406,"27,7","0,0","18,9",04:51,"36,5",12:12,28,"1,7","11,1",23:50,,,,,
2019-08-10,0009X,ALFORJA,TARRAGONA,406,"27,8","0,0","22,7",23:55,"32,9",10:26,27,"2,5","13,9",04:00,,,,,
2019-08-11,0009X,ALFORJA,TARRAGONA,406,"26,2","5,2","20,0",Varias,"32,4",11:36,11,"1,9","8,3",11:40,,,,,
2019-08-12,0009X,ALFORJA,TARRAGONA,406,"23,6","0,0","17,5",05:30,"29,7",14:48,26,"4,4","12,8",Varias,,,,,
2019-08-13,0009X,ALFORJA,TARRAGONA,406,"21,8","0,0","15,0",04:46,"28,5",15:55,26,"3,9","13,3",08:20,,,,,
2019-08-14,0009X,ALFORJA,TARRAGONA,406,"24,0","0,0","16,0",05:07,"32,1",13:48,22,"2,8","10,6",11:40,,,,,
2019-08-15,0009X,ALFORJA,TARRAGONA,406,"25,2","0,0","18,2",03:59,"32,2",11:59,27,"3,1","11,9",05:50,,,,,
2019-08-16,0009X,ALFORJA,TARRAGONA,406,"22,9","0,0","15,9",04:45,"29,9",12:50,16,"2,2","7,2",10:50,,,,,
2019-08-17,0009X,ALFORJA,TARRAGONA,406,"23,8","0,0","18,0",04:49,"29,6",13:01,10,"1,9","7,8",14:40,,,,,
2019-08-18,0009X,ALFORJA,TARRAGONA,406,"25,5","0,0","20,6",00:01,"30,4",12:08,09,"1,9","6,9",12:10,,,,,
2019-08-19,0009X,ALFORJA,TARRAGONA,406,"22,8","0,0","19,6",02:46,"26,1",13:03,32,"3,3","7,5",06:00,,,,,
2019-08-20,0009X,ALFORJA,TARRAGONA,406,"19,8","5,6","16,6",22:31,"23,1",15:29,34,"3,6","16,4",11:40,,,,,
2019-08-21,0009X,ALFORJA,TARRAGONA,406,"22,6","0,0","16,9",00:50,"28,3",13:51,28,"2,2","7,8",07:40,,,,,
2019-08-22,0009X,ALFORJA,TARRAGONA,406,"24,4","0,0","17,8",02:17,"31,0",13:13,27,"3,3","9,7",07:00,,,,,
2019-08-23,0009X,ALFORJA,TARRAGONA,406,"23,0","0,0","16,4",03:02,"29,7",13:16,12,"1,7","7,8",15:00,,,,,
2019-08-24,0009X,ALFORJA,TARRAGONA,406,"23,6","0,0","16,1",05:06,"31,2",12:40,13,"1,7","6,7",12:10,,,,,
2019-08-25,0009X,ALFORJA,TARRAGONA,406,"24,0","0,0","16,5",05:09,"31,4",13:26,14,"1,4","6,7",12:20,,,,,
2019-08-26,0009X,ALFORJA,TARRAGONA,406,"22,6","1,2","15,2",03:10,"30,0",11:35,18,"1,7","7,2",11:20,,,,,
2019-08-27,0009X,ALFORJA,TARRAGONA,406,"22,3","3,6","18,4",06:04,"26,2",12:46,10,"1,1","11,1",13:20,,,,,
2019-08-28,0009X,ALFORJA,TARRAGONA,406,"22,5","0,0","16,1",04:32,"28,9",14:50,12,"1,4","5,8",14:40,,,,,
2019-08-29,0009X,ALFORJA,TARRAGONA,406,"23,6","0,0","16,6",05:35,"30,5",12:25,09,"1,7","6,4",10:50,,,,,
2019-08-30,0009X,ALFORJA,TARRAGONA,406,"24,6","0,0","16,9",04:09,"32,3",12:40,09,"1,4","6,9",14:00,,,,,
2019-08-31,0009X,ALFORJA,TARRAGONA,406,"26,2","0,0","18,9",01:56,"33,4",12:46,08,"1,4","7,5",12:00,,,,,
2019-09-01,0009X,ALFORJA,TARRAGONA,406,"24,6","1,6","19,0",00:01,"30,2",12:17,28,"1,7","8,3",23:59,,,,,
2019-09-02,0009X,ALFORJA,TARRAGONA,406,"22,2","0,0","16,6",06:30,"27,7",14:22,28,"5,0","13,3",08:10,,,,,
2019-09-03,0009X,ALFORJA,TARRAGONA,406,"22,0","0,0","14,3",24:00,"29,7",13:14,26,"2,8","11,7",07:40,,,,,
2019-09-04,0009X,ALFORJA,TARRAGONA,406,"22,4","0,0","14,2",01:06,"30,5",11:46,99,"1,7","11,1",Varias,,,,,
2019-09-05,0009X,ALFORJA,TARRAGONA,406,"21,8","0,0","15,3",04:57,"28,4",15:17,28,"5,3","14,2",01:00,,,,,
2019-09-06,0009X,ALFORJA,TARRAGONA,406,"19,6","0,0","12,7",05:25,"26,4",15:16,25,"3,9","11,7",08:30,,,,,
2019-09-07,0009X,ALFORJA,TARRAGONA,406,"19,8","0,0","12,6",05:40,"27,0",13:53,27,"3,3","12,5",07:40,,,,,
2019-09-08,0009X,ALFORJA,TARRAGONA,406,"20,3","0,0","13,1",05:51,"27,5",15:11,27,"3,1","10,8",08:20,,,,,
2019-09-09,0009X,ALFORJA,TARRAGONA,406,"20,6","0,0","14,8",00:01,"26,5",13:33,99,"2,8","8,6",Varias,,,,,
2019-09-10,0009X,ALFORJA,TARRAGONA,406,"17,0","6,4","13,0",22:27,"21,0",13:48,25,"4,2","17,2",06:10,,,,,
2019-09-11,0009X,ALFORJA,TARRAGONA,406,"19,1","8,0","13,6",02:13,"24,6",14:38,02,"2,5","15,3",06:00,,,,,
2019-09-12,0009X,ALFORJA,TARRAGONA,406,"21,8","0,0","14,8",23:56,"28,9",13:33,23,"1,9","10,0",04:00,,,,,
2019-09-13,0009X,ALFORJA,TARRAGONA,406,"20,2","1,6","14,1",04:51,"26,4",15:36,13,"2,2","11,1",09:20,,,,,
2019-09-14,0009X,ALFORJA,TARRAGONA,406,"20,9","0,0","13,4",02:26,"28,4",13:53,10,"1,7","10,8",10:20,,,,,
2019-09-15,0009X,ALFORJA,TARRAGONA,406,"21,8","0,0","14,1",03:40,"29,6",13:01,14,"2,8","10,3",14:00,,,,,
2019-09-16,0009X,ALFORJA,TARRAGONA,406,"21,9","0,0","14,8",04:40,"29,0",13:27,12,"1,1","7,8",11:20,,,,,
2019-09-17,0009X,ALFORJA,TARRAGONA,406,"22,8","0,0","15,1",04:37,"30,4",12:49,08,"1,4","7,2",13:10,,,,,
2019-09-18,0009X,ALFORJA,TARRAGONA,406,"24,4","0,0","17,6",03:50,"31,2",12:23,17,"2,2","7,5",13:20,,,,,
2019-09-19,0009X,ALFORJA,TARRAGONA,406,"21,8","0,0","14,9",23:56,"28,6",11:04,12,"1,9","7,5",14:40,,,,,
2019-09-20,0009X,ALFORJA,TARRAGONA,406,"20,0","13,2","14,1",01:03,"26,0",12:50,11,"1,9","7,5",09:50,,,,,
2019-09-21,0009X,ALFORJA,TARRAGONA,406,"20,2","0,8","15,7",06:23,"24,8",13:28,21,"1,4","9,4",05:20,,,,,
2019-09-22,0009X,ALFORJA,TARRAGONA,406,"22,5","0,0","17,2",01:09,"27,8",12:32,27,"1,9","11,4",22:00,,,,,
2019-09-23,0009X,ALFORJA,TARRAGONA,406,"19,4","0,0","13,9",05:25,"24,9",11:44,31,"1,9","8,1",00:10,,,,,
2019-09-24,0009X,ALFORJA,TARRAGONA,406,"22,8","0,0","15,3",05:34,"30,4",14:59,25,"3,1","11,7",10:20,,,,,
2019-09-25,0009X,ALFORJA,TARRAGONA,406,"20,2","0,0","14,7",23:50,"25,8",Varias,27,"2,2","9,4",10:30,,,,,
2019-09-26,0009X,ALFORJA,TARRAGONA,406,"20,8","0,0","14,1",06:10,"27,4",11:57,26,"1,7","7,5",09:40,,,,,
2019-09-27,0009X,ALFORJA,TARRAGONA,406,"21,2","0,0","14,8",01:07,"27,6",13:16,10,"1,7","6,7",13:30,,,,,
2019-09-28,0009X,ALFORJA,TARRAGONA,406,"19,5","0,0","16,0",23:58,"23,0",13:19,13,"1,4","4,7",09:50,,,,,
2019-09-29,0009X,ALFORJA,TARRAGONA,406,"21,4","0,0","14,7",22:26,"28,0",12:59,10,"1,1","5,8",Varias,,,,,
2019-09-30,0009X,ALFORJA,TARRAGONA,406,"20,0","0,0","13,7",05:12,"26,2",14:11,,"1,1",,,,,,,
2019-10-01,0009X,ALFORJA,TARRAGONA,406,"22,3","0,0","14,4",05:10,"30,2",14:35,25,"1,4","10,3",13:50,,,,,
2019-10-02,0009X,ALFORJA,TARRAGONA,406,"20,0","0,0","14,8",23:55,"25,1",14:16,26,"5,3","14,7",09:40,,,,,
2019-10-03,0009X,ALFORJA,TARRAGONA,406,"18,3","0,0","11,6",21:42,"25,0",14:58,28,"3,9","13,6",01:30,,,,,
2019-10-04,0009X,ALFORJA,TARRAGONA,406,"20,8","0,0","14,2",02:31,"27,3",13:02,28,"2,2","10,8",05:30,,,,,
2019-10-05,0009X,ALFORJA,TARRAGONA,406,"20,2","0,0","14,3",06:05,"26,0",12:38,30,"2,8","8,9",02:00,,,,,
2019-10-06,0009X,ALFORJA,TARRAGONA,406,"19,0","0,0","14,1",06:00,"23,9",14:29,28,"4,7","12,2",22:30,,,,,
2019-10-07,0009X,ALFORJA,TARRAGONA,406,"19,2","0,0","12,9",06:07,"25,4",15:41,26,"5,3","14,2",09:20,,,,,
2019-10-08,0009X,ALFORJA,TARRAGONA,406,"17,8","0,2","11,0",04:41,"24,5",13:40,,,,,,,,,
2019-10-09,0009X,ALFORJA,TARRAGONA,406,"21,0","0,0","15,6",01:17,"26,3",14:30,29,"1,4","9,7",14:10,,,,,
2019-10-10,0009X,ALFORJA,TARRAGONA,406,"18,0","0,0","14,8",Varias,"21,3",12:08,27,"2,2","7,8",07:50,,,,,
2019-10-11,0009X,ALFORJA,TARRAGONA,406,"19,5","0,0","17,1",04:17,"21,9",13:41,11,"1,7","5,6",Varias,,,,,
2019-10-12,0009X,ALFORJA,TARRAGONA,406,"20,5","0,2","17,6",20:46,"23,4",13:11,13,"2,2","6,4",14:00,,,,,
2019-10-13,0009X,ALFORJA,TARRAGONA,406,"20,8","0,0","17,3",23:56,"24,2",13:14,11,"1,7","8,9",15:40,,,,,
2019-10-14,0009X,ALFORJA,TARRAGONA,406,"17,2","5,8","12,6",22:49,"21,8",12:19,,"2,5",,,,,,,
2019-10-15,0009X,ALFORJA,TARRAGONA,406,"14,2","0,0","9,9",20:47,"18,6",13:50,,,,,,,,,
2019-10-16,0009X,ALFORJA,TARRAGONA,406,"16,3","0,0","10,4",23:59,"22,2",13:59,26,"2,5","8,6",14:10,,,,,
2019-10-17,0009X,ALFORJA,TARRAGONA,406,"17,2","0,0","9,0",06:02,"25,4",13:04,,"2,8",,,,,,,
2019-10-18,0009X,ALFORJA,TARRAGONA,406,"19,0","0,0","12,8",23:58,"25,2",11:32,27,"2,2","9,2",10:10,,,,,
2019-10-19,0009X,ALFORJA,TARRAGONA,406,"18,0","0,0","11,7",06:25,"24,3",12:58,12,"1,7","5,8",13:10,,,,,
2019-10-20,0009X,ALFORJA,TARRAGONA,406,"14,3","5,4","10,3",19:40,"18,3",Varias,27,"1,4","8,9",08:50,,,,,
2019-10-21,0009X,ALFORJA,TARRAGONA,406,"14,4","3,6","9,8",05:43,"19,1",13:57,25,"2,2","9,2",03:20,,,,,
2019-10-22,0009X,ALFORJA,TARRAGONA,406,"11,6","210,0","8,8",Varias,"14,5",14:35,24,"3,9","19,2",14:00,,,,,
2019-10-23,0009X,ALFORJA,TARRAGONA,406,"12,7","0,0","8,6",23:24,"16,8",13:29,10,"1,4","6,4",05:00,,,,,
2019-10-24,0009X,ALFORJA,TARRAGONA,406,"12,4","0,0","8,1",01:01,"16,8",13:47,27,"6,9","15,0",12:00,,,,,
2019-10-25,0009X,ALFORJA,TARRAGONA,406,"16,0","0,0","10,2",22:39,"21,8",13:38,30,"5,0","14,2",05:10,,,,,
2019-10-26,0009X,ALFORJA,TARRAGONA,406,"15,8","0,0","9,1",05:38,"22,6",13:01,,"1,7",,,,,,,
2019-10-27,0009X,ALFORJA,TARRAGONA,406,"15,2","0,0","8,8",03:19,"21,7",12:45,09,"1,1","5,3",11:20,,,,,
2019-10-28,0009X,ALFORJA,TARRAGONA,406,"13,7","0,0","9,6",00:19,"17,8",13:16,99,"0,6","2,8",Varias,,,,,
2019-10-29,0009X,ALFORJA,TARRAGONA,406,"16,1","0,0","9,7",04:47,"22,5",14:20,26,"1,9","8,3",12:00,,,,,
2019-10-30,0009X,ALFORJA,TARRAGONA,406,"18,2","0,0","14,0",06:13,"22,5",13:42,26,"3,1","10,6",15:00,,,,,
2019-10-31,0009X,ALFORJA,TARRAGONA,406,"18,6","0,0","14,8",23:59,"22,3",13:39,26,"4,4","16,1",13:50,,,,,
2019-11-01,0009X,ALFORJA,TARRAGONA,406,"18,4","0,0","13,3",01:26,"23,5",14:00,28,"2,5","10,8",03:10,,,,,
2019-11-02,0009X,ALFORJA,TARRAGONA,406,"19,2","1,4","14,7",Varias,"23,6",13:47,30,"3,6","12,5",11:50,,,,,
2019-11-03,0009X,ALFORJA,TARRAGONA,406,"14,8","2,4","12,3",09:07,"17,3",00:58,26,"6,9","25,0",11:10,,,,,
2019-11-04,0009X,ALFORJA,TARRAGONA,406,"17,0","1,2","11,7",24:00,"22,4",13:25,25,"4,4","13,6",09:30,,,,,
2019-11-05,0009X,ALFORJA,TARRAGONA,406,"13,0","0,0","9,8",Varias,"16,3",12:51,28,"6,1","16,7",19:20,,,,,
2019-11-06,0009X,ALFORJA,TARRAGONA,406,"12,4","0,0","9,1",04:55,"15,8",13:07,29,"8,1","19,4",07:50,,,,,
2019-11-07,0009X,ALFORJA,TARRAGONA,406,"11,8","0,0","7,3",23:58,"16,2",12:50,29,"3,9","13,6",22:30,,,,,
2019-11-08,0009X,ALFORJA,TARRAGONA,406,"9,2","0,0","5,7",05:40,"12,8",12:49,24,"5,8","18,9",14:50,,,,,
2019-11-09,0009X,ALFORJA,TARRAGONA,406,"10,4","0,0","7,1",06:25,"13,7",13:55,27,"6,1","14,2",23:59,,,,,
2019-11-10,0009X,ALFORJA,TARRAGONA,406,"7,9","0,0","4,0",23:58,"11,8",13:38,25,"6,9","15,8",14:00,,,,,
2019-11-11,0009X,ALFORJA,TARRAGONA,406,"8,2","0,0","3,9",00:23,"12,6",13:40,29,"7,8","15,6",07:30,,,,,
2019-11-12,0009X,ALFORJA,TARRAGONA,406,"9,8","1,2","5,7",06:14,"14,0",12:45,27,"7,8","17,2",17:10,,,,,
2019-11-13,0009X,ALFORJA,TARRAGONA,406,"8,8","6,2","5,5",23:36,"12,2",15:03,27,"3,3","14,7",19:20,,,,,
2019-11-14,0009X,ALFORJA,TARRAGONA,406,"7,4","2,4","3,4",21:23,"11,3",07:03,27,"4,4","14,4",11:20,,,,,
2019-11-15,0009X,ALFORJA,TARRAGONA,406,"7,2","0,0","4,0",00:01,"10,4",11:50,99,"3,9","12,5",21:50,,,,,
2019-11-16,0009X,ALFORJA,TARRAGONA,406,"5,9","0,0","2,6",06:54,"9,2",12:26,28,"5,8","14,7",16:20,,,,,
2019-11-17,0009X,ALFORJA,TARRAGONA,406,"9,0","0,0","5,4",05:48,"12,6",13:49,27,"6,4","16,1",00:50,,,,,
2019-11-18,0009X,ALFORJA,TARRAGONA,406,"7,2","0,0","4,0",23:58,"10,5",14:08,99,"4,7","13,3",Varias,,,,,
2019-11-19,0009X,ALFORJA,TARRAGONA,406,"6,2","0,0","1,6",23:59,"10,7",12:44,27,"4,4","13,9",01:20,,,,,
2019-11-20,0009X,ALFORJA,TARRAGONA,406,"6,5","0,0","1,3",00:44,"11,7",11:09,12,"1,7","6,4",13:40,,,,,
2019-11-21,0009X,ALFORJA,TARRAGONA,406,"9,2","0,0","4,7",00:47,"13,7",14:01,27,"3,1","8,3",12:30,,,,,
2019-11-22,0009X,ALFORJA,TARRAGONA,406,"9,6","16,8","6,3",01:57,"12,9",11:46,99,,"9,2",Varias,,,,,
2019-11-23,0009X,ALFORJA,TARRAGONA,406,"9,4","0,2","8,2",02:43,"10,7",00:01,27,"7,2","21,1",22:00,,,,,
2019-11-24,0009X,ALFORJA,TARRAGONA,406,"10,0","0,0","7,8",Varias,"12,3",13:12,99,"7,8","18,3",Varias,,,,,
2019-11-25,0009X,ALFORJA,TARRAGONA,406,"13,0","0,0","9,0",23:57,"17,1",13:25,27,"5,0","15,6",08:40,,,,,
2019-11-26,0009X,ALFORJA,TARRAGONA,406,"13,9","0,0","8,7",00:10,"19,1",15:10,28,"2,2","11,1",10:00,,,,,
2019-11-27,0009X,ALFORJA,TARRAGONA,406,"14,0","0,0","11,3",22:23,"16,8",14:20,28,"7,2","15,0",18:40,,,,,
2019-11-28,0009X,ALFORJA,TARRAGONA,406,"14,0","0,0","11,0",06:59,"17,1",12:59,27,"2,8","12,8",00:50,,,,,
2019-11-29,0009X,ALFORJA,TARRAGONA,406,"13,1","0,0","8,3",22:35,"17,9",14:27,27,"5,8","17,2",07:40,,,,,
2019-11-30,0009X,ALFORJA,TARRAGONA,406,"12,2","0,0","6,5",05:23,"18,0",11:11,27,"1,1","8,6",23:59,,,,,
2019-12-01,0009X,ALFORJA,TARRAGONA,406,"9,2","0,0","4,4",23:43,"14,0",13:31,26,"3,3","13,6",02:00,,,,,
2019-12-02,0009X,ALFORJA,TARRAGONA,406,"9,3","0,0","4,6",00:01,"14,0",14:23,27,"3,9","11,7",23:59,,,,,
2019-12-03,0009X,ALFORJA,TARRAGONA,406,"7,6","0,4","3,2",06:23,"12,1",Varias,25,"3,6","12,5",06:20,,,,,
2019-12-04,0009X,ALFORJA,TARRAGONA,406,"11,5","26,6","9,9",17:24,"13,1",03:02,05,"4,2","19,7",15:00,,,,,
2019-12-05,0009X,ALFORJA,TARRAGONA,406,"10,6","5,6","9,6",07:58,"11,7",01:27,09,"1,9","10,8",00:50,,,,,
2019-12-06,0009X,ALFORJA,TARRAGONA,406,"10,4","0,0","5,6",22:23,"15,2",13:03,23,"1,7","7,2",11:20,,,,,
2019-12-07,0009X,ALFORJA,TARRAGONA,406,"11,0","0,0","7,2",04:55,"14,9",11:06,24,"3,3","9,2",22:40,,,,,
2019-12-08,0009X,ALFORJA,TARRAGONA,406,"10,2","0,0","6,8",05:52,"13,7",14:37,29,"5,0","16,4",23:00,,,,,
2019-12-09,0009X,ALFORJA,TARRAGONA,406,"10,4","0,0","7,4",05:02,"13,4",13:41,24,"7,5","20,8",16:40,,,,,
2019-12-10,0009X,ALFORJA,TARRAGONA,406,"8,9","0,0","6,0",22:54,"11,8",15:06,28,"5,0","14,7",12:30,,,,,
2019-12-11,0009X,ALFORJA,TARRAGONA,406,"9,8","0,0","5,6",07:03,"13,9",10:30,27,"4,4","19,2",19:20,,,,,
2019-12-12,0009X,ALFORJA,TARRAGONA,406,"8,7","3,0","6,1",07:29,"11,3",11:47,28,"5,3","15,0",12:20,,,,,
2019-12-13,0009X,ALFORJA,TARRAGONA,406,"14,0","5,0","11,1",00:01,"17,0",14:39,24,"9,4","25,8",16:20,,,,,
2019-12-14,0009X,ALFORJA,TARRAGONA,406,"12,2","0,0","10,2",Varias,"14,1",00:01,28,"6,4","20,8",09:00,,,,,
2019-12-15,0009X,ALFORJA,TARRAGONA,406,"10,8","0,0","5,8",23:47,"15,9",12:49,28,"3,9","14,4",00:30,,,,,
2019-12-16,0009X,ALFORJA,TARRAGONA,406,"8,8","0,2","5,7",00:15,"11,8",13:29,10,"1,7","5,8",10:00,,,,,
2019-12-17,0009X,ALFORJA,TARRAGONA,406,"12,4","0,0","10,1",01:57,"14,7",13:29,05,"1,9","7,8",09:10,,,,,
2019-12-18,0009X,ALFORJA,TARRAGONA,406,"11,2","0,0","6,7",23:50,"15,7",12:49,27,"3,1","7,8",07:20,,,,,
2019-12-19,0009X,ALFORJA,TARRAGONA,406,"8,8","3,0","5,2",03:49,"12,3",12:29,99,"1,7","4,2",Varias,,,,,
2019-12-20,0009X,ALFORJA,TARRAGONA,406,"13,0","12,6","9,9",00:01,"16,0",12:41,25,"2,5","12,5",11:30,,,,,
2019-12-21,0009X,ALFORJA,TARRAGONA,406,"14,0","2,2","10,7",00:38,"17,3",17:56,26,"3,1","21,4",19:40,,,,,
2019-12-22,0009X,ALFORJA,TARRAGONA,406,"13,2","1,2","11,0",23:59,"15,3",12:10,27,"5,8","26,4",23:30,,,,,
2019-12-23,0009X,ALFORJA,TARRAGONA,406,"11,8","0,0","9,3",08:05,"14,4",14:29,21,"5,3","27,8",00:30,,,,,
2019-12-24,0009X,ALFORJA,TARRAGONA,406,"12,9","0,0","10,0",07:18,"15,8",15:27,27,"5,6","15,0",09:30,,,,,
2019-12-25,0009X,ALFORJA,TARRAGONA,406,"13,2","0,0","8,1",19:39,"18,3",13:44,26,"3,1","9,7",23:30,,,,,
2019-12-26,0009X,ALFORJA,TARRAGONA,406,"12,0","0,0","8,7",Varias,"15,4",04:27,24,"6,7","15,8",09:20,,,,,
2019-12-27,0009X,ALFORJA,TARRAGONA,406,"8,6","0,0","4,4",19:03,"12,8",12:55,28,"3,6","14,4",14:30,,,,,
2019-12-28,0009X,ALFORJA,TARRAGONA,406,"9,2","0,0","3,1",24:00,"15,2",13:47,25,"2,5","8,9",00:10,,,,,
2019-12-29,0009X,ALFORJA,TARRAGONA,406,"7,4","0,0","2,2",23:30,"12,5",14:39,27,"2,2","7,5",12:00,,,,,
2019-12-30,0009X,ALFORJA,TARRAGONA,406,,,,,,,,"2,2",,,,,,,
2019-12-31,0009X,ALFORJA,TARRAGONA,406,"6,1","0,0","1,0",06:44,"11,2",13:04,26,"3,1","9,2",20:00,,,,,
2020-01-01,0009X,ALFORJA,TARRAGONA,406,"3,8","0,0","0,1",23:09,"7,5",13:11,25,"3,3","10,8",01:10,,,,,
2020-01-02,0009X,ALFORJA,TARRAGONA,406,"5,8","0,0","-0,7",06:54,"12,3",13:57,99,"0,8","6,7",Varias,,,,,
2020-01-03,0009X,ALFORJA,TARRAGONA,406,"5,4","0,0","2,0",06:53,"8,7",15:48,,"5,3",,,,,,,
2020-01-04,0009X,ALFORJA,TARRAGONA,406,"5,4","0,0","2,0",07:18,"8,8",14:13,28,"6,7","17,5",13:30,,,,,
2020-01-05,0009X,ALFORJA,TARRAGONA,406,"7,3","0,0","2,8",21:08,"11,8",13:12,27,"5,6","18,3",05:30,,,,,
2020-01-06,0009X,ALFORJA,TARRAGONA,406,"7,7","0,0","2,0",07:20,"13,4",14:09,22,"1,7","6,4",22:30,,,,,
2020-01-07,0009X,ALFORJA,TARRAGONA,406,"5,1","0,0","1,0",07:27,"9,2",14:11,24,"5,8","12,2",09:00,,,,,
2020-01-08,0009X,ALFORJA,TARRAGONA,406,"10,0","0,0","4,0",07:48,"15,9",13:19,24,"1,7","9,7",01:00,,,,,
2020-01-09,0009X,ALFORJA,TARRAGONA,406,"7,6","0,0","2,7",06:23,"12,5",11:48,08,"1,7","4,2",11:10,,,,,
2020-01-10,0009X,ALFORJA,TARRAGONA,406,"6,0","0,0","3,0",05:16,"9,0",14:06,99,"3,9","12,8",23:50,,,,,
2020-01-11,0009X,ALFORJA,TARRAGONA,406,"5,4","0,0","-0,2",21:52,"10,9",14:36,29,"5,6","14,2",04:50,,,,,
2020-01-12,0009X,ALFORJA,TARRAGONA,406,"8,1","0,0","4,3",06:57,"11,9",13:18,23,"3,9","9,2",09:00,,,,,
2020-01-13,0009X,ALFORJA,TARRAGONA,406,"7,2","0,0","0,8",21:11,"13,7",12:03,99,"3,1","8,9",05:40,,,,,
2020-01-14,0009X,ALFORJA,TARRAGONA,406,"7,7","0,0","0,8",23:02,"14,6",11:41,23,"1,7","6,7",10:30,,,,,
2020-01-15,0009X,ALFORJA,TARRAGONA,406,"7,0","0,0","0,1",04:44,"14,0",12:12,29,"2,2","8,3",12:20,,,,,
2020-01-16,0009X,ALFORJA,TARRAGONA,406,"9,6","0,0","4,0",23:54,"15,1",13:58,24,"1,1","5,8",04:00,,,,,
2020-01-17,0009X,ALFORJA,TARRAGONA,406,"8,9","0,0","3,6",02:08,"14,2",Varias,27,"5,8","15,6",12:40,,,,,
2020-01-18,0009X,ALFORJA,TARRAGONA,406,"9,4","24,6","5,1",02:05,"13,8",12:11,31,"3,1","10,8",07:10,,,,,
2020-01-19,0009X,ALFORJA,TARRAGONA,406,"6,8","5,0","4,7",19:24,"8,8",02:27,34,"2,5","10,6",22:00,,,,,
2020-01-20,0009X,ALFORJA,TARRAGONA,406,"6,8","22,2","5,4",04:02,"8,3",Varias,10,"5,0","18,1",21:00,,,,,
2020-01-21,0009X,ALFORJA,TARRAGONA,406,"8,2","60,6","6,6",02:34,"9,8",13:49,08,"6,9","21,7",04:50,,,,,
2020-01-22,0009X,ALFORJA,TARRAGONA,406,"8,1","82,6","4,7",23:59,"11,5",14:28,31,"2,2","13,3",23:50,,,,,
2020-01-23,0009X,ALFORJA,TARRAGONA,406,"7,2","3,8","3,6",Varias,"10,9",12:44,32,"1,9","15,0",01:40,,,,,
2020-01-24,0009X,ALFORJA,TARRAGONA,406,"8,6","0,0","3,0",02:56,"14,3",12:50,22,"1,4","5,6",11:40,,,,,
2020-01-25,0009X,ALFORJA,TARRAGONA,406,"8,2","0,0","5,3",03:09,"11,2",14:25,10,"0,6","3,3",10:50,,,,,
2020-01-26,0009X,ALFORJA,TARRAGONA,406,"8,8","0,0","5,7",01:36,"11,8",14:12,26,"4,2","12,8",11:30,,,,,
2020-01-27,0009X,ALFORJA,TARRAGONA,406,"8,8","0,0","5,5",06:33,"12,1",12:49,26,"4,2","11,7",14:00,,,,,
2020-01-28,0009X,ALFORJA,TARRAGONA,406,"12,8","0,0","9,4",00:01,"16,2",14:55,28,"3,6","11,1",01:50,,,,,
2020-01-29,0009X,ALFORJA,TARRAGONA,406,"13,2","0,0","9,3",23:25,"17,1",13:42,30,"3,3","11,1",04:10,,,,,
2020-01-30,0009X,ALFORJA,TARRAGONA,406,"13,2","0,0","9,1",01:10,"17,3",11:51,28,"5,3","13,6",23:40,,,,,
2020-01-31,0009X,ALFORJA,TARRAGONA,406,"13,8","0,0","8,9",20:41,"18,6",13:15,29,"1,9","13,1",02:30,,,,,
2020-02-01,0009X,ALFORJA,TARRAGONA,406,"15,2","0,0","10,8",01:45,"19,7",14:28,27,"5,3","16,4",13:00,,,,,
2020-02-02,0009X,ALFORJA,TARRAGONA,406,"16,1","0,0","12,3",05:31,"19,9",14:18,26,"4,4","13,3",13:30,,,,,
2020-02-03,0009X,ALFORJA,TARRAGONA,406,"16,9","0,0","11,8",18:51,"22,0",13:48,28,"3,1","13,9",03:00,,,,,
2020-02-04,0009X,ALFORJA,TARRAGONA,406,"12,8","0,0","7,3",23:53,"18,3",11:19,24,"5,0","17,8",13:30,,,,,
2020-02-05,0009X,ALFORJA,TARRAGONA,406,"8,8","0,0","3,1",22:59,"14,5",14:52,28,"4,4","14,2",00:10,,,,,
2020-02-06,0009X,ALFORJA,TARRAGONA,406,"7,1","0,0","0,6",06:14,"13,6",11:49,10,"1,4","6,1",12:00,,,,,
2020-02-07,0009X,ALFORJA,TARRAGONA,406,"9,5","0,0","7,1",04:44,"11,9",12:16,12,"0,6","4,7",12:30,,,,,
2020-02-08,0009X,ALFORJA,TARRAGONA,406,"8,3","0,0","3,3",05:49,"13,3",14:55,10,"1,1","4,2",15:30,,,,,
2020-02-09,0009X,ALFORJA,TARRAGONA,406,"10,6","0,0","5,0",04:05,"16,3",12:45,27,"2,5","9,2",13:00,,,,,
2020-02-10,0009X,ALFORJA,TARRAGONA,406,"15,0","0,0","10,7",00:01,"19,4",14:34,28,"5,3","15,3",12:40,,,,,
2020-02-11,0009X,ALFORJA,TARRAGONA,406,"15,0","0,0","11,9",22:39,"18,1",14:26,24,"5,8","13,9",02:40,,,,,
2020-02-12,0009X,ALFORJA,TARRAGONA,406,"11,3","3,6","9,0",Varias,"13,6",10:30,27,"0,8","8,1",00:20,,,,,
2020-02-13,0009X,ALFORJA,TARRAGONA,406,"13,2","0,0","9,1",Varias,"17,4",13:35,26,"3,6","12,2",20:50,,,,,
2020-02-14,0009X,ALFORJA,TARRAGONA,406,"12,4","0,0","6,6",23:56,"18,1",15:14,29,"2,8","13,3",11:10,,,,,
2020-02-15,0009X,ALFORJA,TARRAGONA,406,"10,6","0,0","4,6",05:20,"16,6",12:28,10,"1,1","5,3",12:40,,,,,
2020-02-16,0009X,ALFORJA,TARRAGONA,406,"11,7","0,0","8,0",07:34,"15,4",14:31,12,"0,8","4,7",14:30,,,,,
2020-02-17,0009X,ALFORJA,TARRAGONA,406,"13,6","0,2","7,4",02:45,"19,7",14:18,26,"2,8","13,3",11:20,,,,,
2020-02-18,0009X,ALFORJA,TARRAGONA,406,"9,6","0,0","5,5",07:09,"13,8",15:05,26,"3,3","12,2",03:20,,,,,
2020-02-19,0009X,ALFORJA,TARRAGONA,406,"8,4","0,0","3,0",23:59,"13,9",14:31,26,"3,6","12,8",10:30,,,,,
2020-02-20,0009X,ALFORJA,TARRAGONA,406,"9,0","0,0","2,2",06:34,"15,9",12:23,09,"1,1","5,3",13:00,,,,,
2020-02-21,0009X,ALFORJA,TARRAGONA,406,"10,6","0,0","4,6",01:19,"16,5",14:42,24,"3,1","10,0",08:40,,,,,
2020-02-22,0009X,ALFORJA,TARRAGONA,406,"12,2","0,0","5,7",21:04,"18,8",12:46,28,"1,7","6,1",11:30,,,,,
2020-02-23,0009X,ALFORJA,TARRAGONA,406,"13,2","0,0","5,9",01:35,"20,5",14:20,26,"3,1","9,7",11:30,,,,,
2020-02-24,0009X,ALFORJA,TARRAGONA,406,"13,8","0,0","6,3",01:41,"21,3",14:40,25,"2,5","8,9",10:00,,,,,
2020-02-25,0009X,ALFORJA,TARRAGONA,406,"14,4","0,0","10,6",00:01,"18,1",14:37,26,"5,6","14,2",23:20,,,,,
2020-02-26,0009X,ALFORJA,TARRAGONA,406,"11,2","0,0","7,5",23:59,"14,9",14:29,26,"6,9","20,3",13:10,,,,,
2020-02-27,0009X,ALFORJA,TARRAGONA,406,"11,8","0,0","6,0",04:33,"17,5",13:59,26,"5,8","21,4",21:10,,,,,
2020-02-28,0009X,ALFORJA,TARRAGONA,406,"12,5","0,0","7,5",23:18,"17,5",12:00,27,"2,8","13,6",03:20,,,,,
2020-02-29,0009X,ALFORJA,TARRAGONA,406,"12,6","0,0","5,7",03:49,"19,5",12:19,27,"2,5","10,0",21:30,,,,,
2020-03-01,0009X,ALFORJA,TARRAGONA,406,"14,2","0,2","9,7",21:09,"18,6",16:04,26,"3,3","13,6",10:30,,,,,
2020-03-02,0009X,ALFORJA,TARRAGONA,406,"10,3","2,4","6,6",22:15,"14,0",01:27,26,"5,8","25,8",15:30,,,,,
2020-03-03,0009X,ALFORJA,TARRAGONA,406,"11,3","0,0","6,4",02:38,"16,2",16:03,26,"7,2","23,6",18:20,,,,,
2020-03-04,0009X,ALFORJA,TARRAGONA,406,"15,2","0,0","10,4",02:52,"20,1",13:14,27,"5,8","17,8",15:00,,,,,
2020-03-05,0009X,ALFORJA,TARRAGONA,406,"13,8","0,4","8,1",23:39,"19,5",12:15,24,"5,6","19,2",17:40,,,,,
2020-03-06,0009X,ALFORJA,TARRAGONA,406,"8,6","0,0","5,2",23:42,"12,1",11:53,27,"8,1","21,9",10:40,,,,,
2020-03-07,0009X,ALFORJA,TARRAGONA,406,"10,0","0,0","3,9",05:27,"16,2",14:31,28,"4,4","13,1",14:10,,,,,
2020-03-08,0009X,ALFORJA,TARRAGONA,406,"13,2","0,0","7,6",04:40,"18,9",14:54,28,"3,3","15,0",06:50,,,,,
2020-03-09,0009X,ALFORJA,TARRAGONA,406,"11,7","0,0","8,0",23:47,"15,4",15:27,26,"6,7","18,3",06:30,,,,,
2020-03-10,0009X,ALFORJA,TARRAGONA,406,"12,0","0,0","7,2",06:13,"16,8",14:18,27,"2,8","15,0",02:20,,,,,
2020-03-11,0009X,ALFORJA,TARRAGONA,406,"15,4","0,0","8,5",23:00,"22,3",12:20,29,"3,1","13,1",04:10,,,,,
2020-03-12,0009X,ALFORJA,TARRAGONA,406,"15,4","0,0","7,7",04:45,"23,0",14:00,12,"0,8","5,3",14:10,,,,,
2020-03-13,0009X,ALFORJA,TARRAGONA,406,"13,2","0,0","8,0",01:15,"18,3",11:51,29,"1,9","6,7",08:00,,,,,
2020-03-14,0009X,ALFORJA,TARRAGONA,406,"11,8","0,0","4,8",23:55,"18,9",14:21,26,"2,8","12,2",07:50,,,,,
2020-03-15,0009X,ALFORJA,TARRAGONA,406,"8,6","1,0","3,9",03:17,"13,2",10:28,06,"1,4","8,9",22:20,,,,,
2020-03-16,0009X,ALFORJA,TARRAGONA,406,"10,7","17,8","9,4",08:08,"12,0",16:41,09,"3,3","13,1",16:20,,,,,
2020-03-17,0009X,ALFORJA,TARRAGONA,406,"11,8","0,0","8,6",23:22,"14,9",14:02,11,"3,1","10,8",06:50,,,,,
2020-03-18,0009X,ALFORJA,TARRAGONA,406,"11,4","0,0","6,1",24:00,"16,7",13:20,11,"1,4","5,3",14:20,,,,,
2020-03-19,0009X,ALFORJA,TARRAGONA,406,"10,0","0,0","5,0",05:20,"15,1",12:05,11,"1,7","6,1",11:50,,,,,
2020-03-20,0009X,ALFORJA,TARRAGONA,406,"9,7",,"4,1",23:57,"15,3",11:23,12,"1,9","7,8",12:10,,,,,
2020-03-21,0009X,ALFORJA,TARRAGONA,406,"9,0","0,0","2,1",Varias,"15,8",13:29,,"1,9",,,,,,,
2020-03-22,0009X,ALFORJA,TARRAGONA,406,"8,8","9,0","4,2",00:30,"13,5",10:46,,,,,,,,,
2020-03-23,0009X,ALFORJA,TARRAGONA,406,"11,0","1,0","8,5",05:02,"13,5",11:18,09,"1,7","8,6",14:10,,,,,
2020-03-24,0009X,ALFORJA,TARRAGONA,406,"9,1","1,2","6,5",23:38,"11,7",11:42,09,"1,9","8,1",08:20,,,,,
2020-03-25,0009X,ALFORJA,TARRAGONA,406,"6,0","0,6","3,8",07:16,"8,1",14:36,06,"1,1","6,4",07:00,,,,,
2020-03-26,0009X,ALFORJA,TARRAGONA,406,"6,0","3,8","2,5",23:57,"9,6",09:28,28,"3,1","10,6",06:50,,,,,
2020-03-27,0009X,ALFORJA,TARRAGONA,406,"6,9","0,4","0,5",04:49,"13,3",13:27,28,"1,9","8,9",11:20,,,,,
2020-03-28,0009X,ALFORJA,TARRAGONA,406,"11,8","0,0","6,9",00:01,"16,6",14:15,30,"1,1","8,9",23:40,,,,,
2020-03-29,0009X,ALFORJA,TARRAGONA,406,"13,5","0,0","8,2",23:59,"18,8",15:00,99,"5,0","13,3",Varias,,,,,
2020-03-30,0009X,ALFORJA,TARRAGONA,406,"5,0","9,4","1,3",14:06,"8,6",11:25,27,"5,0","13,6",07:10,,,,,
2020-03-31,0009X,ALFORJA,TARRAGONA,406,"6,6","7,6","4,1",01:39,"9,2",Varias,06,"3,1","8,1",18:30,,,,,
2020-04-01,0009X,ALFORJA,TARRAGONA,406,"8,8","16,2","7,6",Varias,"9,9",01:38,10,"2,2","11,1",06:20,,,,,
2020-04-02,0009X,ALFORJA,TARRAGONA,406,"9,4","7,8","7,7",Varias,"11,1",15:32,26,"1,1","6,4",14:10,,,,,
2020-04-03,0009X,ALFORJA,TARRAGONA,406,"10,7","0,0","4,8",23:39,"16,6",15:04,32,"3,6","13,9",07:30,,,,,
2020-04-04,0009X,ALFORJA,TARRAGONA,406,"10,2","0,0","3,4",05:34,"16,9",11:51,10,"1,1","6,7",13:40,,,,,
2020-04-05,0009X,ALFORJA,TARRAGONA,406,"10,4","0,0","4,5",05:38,"16,2",12:08,13,"1,4","7,5",16:10,,,,,
2020-04-06,0009X,ALFORJA,TARRAGONA,406,"11,4","0,0","6,7",00:19,"16,2",12:18,14,"1,4","8,6",12:10,,,,,
2020-04-07,0009X,ALFORJA,TARRAGONA,406,"11,0","5,4","6,0",23:56,"16,0",13:00,,"1,7",,,,,,,
2020-04-08,0009X,ALFORJA,TARRAGONA,406,"11,1","0,0","5,2",03:41,"17,0",15:53,08,"1,1","5,3",16:00,,,,,
2020-04-09,0009X,ALFORJA,TARRAGONA,406,"11,7","0,0","4,6",05:07,"18,8",13:09,99,"1,7","6,4",13:40,,,,,
2020-04-10,0009X,ALFORJA,TARRAGONA,406,"12,8","0,0","5,8",05:28,"19,8",13:12,99,"1,7","6,4",Varias,,,,,
2020-04-11,0009X,ALFORJA,TARRAGONA,406,"12,2","0,0","6,4",22:52,"18,0",14:09,11,"0,8","6,1",14:30,,,,,
2020-04-12,0009X,ALFORJA,TARRAGONA,406,"12,4","0,8","5,4",03:22,"19,3",14:14,10,"1,7","7,5",13:40,,,,,
2020-04-13,0009X,ALFORJA,TARRAGONA,406,"12,4","3,8","7,8",00:08,"17,1",13:05,26,"1,7","5,8",14:20,,,,,
2020-04-14,0009X,ALFORJA,TARRAGONA,406,"13,4","0,0","6,9",23:57,"19,9",14:21,17,"1,4","5,8",09:50,,,,,
2020-04-15,0009X,ALFORJA,TARRAGONA,406,"11,8","1,8","5,5",02:42,"18,0",13:20,12,"2,8","9,7",10:30,,,,,
2020-04-16,0009X,ALFORJA,TARRAGONA,406,"13,4","0,0","8,7",Varias,"18,2",14:07,11,"1,7","5,3",02:30,,,,,
2020-04-17,0009X,ALFORJA,TARRAGONA,406,"13,9","0,0","8,6",00:17,"19,2",13:53,13,"1,1","5,6",15:00,,,,,
2020-04-18,0009X,ALFORJA,TARRAGONA,406,"14,2","13,0","8,8",03:23,"19,7",14:49,13,"2,2","8,6",16:40,,,,,
2020-04-19,0009X,ALFORJA,TARRAGONA,406,"15,6","9,0","12,7",03:09,"18,4",15:06,04,"1,1","5,0",01:00,,,,,
2020-04-20,0009X,ALFORJA,TARRAGONA,406,"14,8","10,8","12,6",Varias,"16,9",14:42,28,"4,4","10,8",09:10,,,,,
2020-04-21,0009X,ALFORJA,TARRAGONA,406,"12,3","17,2","11,3",23:10,"13,3",00:01,32,"3,6","9,4",09:00,,,,,
2020-04-22,0009X,ALFORJA,TARRAGONA,406,"13,2","4,2","10,2",23:52,"16,2",12:08,36,"2,2","9,7",03:10,,,,,
2020-04-23,0009X,ALFORJA,TARRAGONA,406,"14,5","0,0","9,7",04:06,"19,3",14:08,09,"1,1","5,6",15:40,,,,,
2020-04-24,0009X,ALFORJA,TARRAGONA,406,"14,0","0,0","7,9",05:00,"20,1",13:04,12,"1,4","7,5",13:10,,,,,
2020-04-25,0009X,ALFORJA,TARRAGONA,406,"13,2","0,0","6,6",Varias,"19,7",13:32,08,"1,4","6,4",11:00,,,,,
2020-04-26,0009X,ALFORJA,TARRAGONA,406,"14,6","0,0","7,6",03:05,"21,5",Varias,12,"1,4","5,8",13:00,,,,,
2020-04-27,0009X,ALFORJA,TARRAGONA,406,"13,8","5,6","8,9",01:10,"18,8",14:15,27,"1,1","9,4",23:00,,,,,
2020-04-28,0009X,ALFORJA,TARRAGONA,406,"15,2","0,0","10,2",05:22,"20,3",14:07,26,"4,7","13,1",07:20,,,,,
2020-04-29,0009X,ALFORJA,TARRAGONA,406,"16,3","0,0","10,7",04:32,"21,9",14:13,28,"3,3","11,9",13:00,,,,,
2020-04-30,0009X,ALFORJA,TARRAGONA,406,"18,0","0,0","14,1",00:40,"21,8",14:07,27,"5,3","15,8",10:00,,,,,
2020-05-01,0009X,ALFORJA,TARRAGONA,406,"19,7","0,0","14,2",03:53,"25,2",14:02,28,"5,6","14,4",10:10,,,,,
2020-05-02,0009X,ALFORJA,TARRAGONA,406,"22,0","0,0","17,0",05:53,"27,0",14:40,,"3,6",,,,,,,
2020-05-03,0009X,ALFORJA,TARRAGONA,406,"19,6","0,0","13,6",23:00,"25,6",12:31,11,"2,5","7,2",12:00,,,,,
2020-05-04,0009X,ALFORJA,TARRAGONA,406,"18,2","0,0","11,4",04:03,"25,0",14:00,12,"1,4","5,8",10:30,,,,,
2020-05-05,0009X,ALFORJA,TARRAGONA,406,"19,3","0,0","12,3",01:50,"26,3",11:22,26,"0,8","8,1",09:00,,,,,
2020-05-06,0009X,ALFORJA,TARRAGONA,406,"18,5","0,0","11,2",03:21,"25,8",14:00,12,"1,9","7,5",12:10,,,,,
2020-05-07,0009X,ALFORJA,TARRAGONA,406,"17,8","0,0","10,9",05:07,"24,7",14:06,10,"1,4","7,8",11:30,,,,,
2020-05-08,0009X,ALFORJA,TARRAGONA,406,"17,0","0,0","10,1",04:54,"23,8",11:22,12,"3,1","8,6",13:10,,,,,
2020-05-09,0009X,ALFORJA,TARRAGONA,406,"16,4","1,0","13,2",01:18,"19,5",10:18,10,"2,2","7,5",14:40,,,,,
2020-05-10,0009X,ALFORJA,TARRAGONA,406,"14,5","25,6","12,0",10:50,"17,0",13:34,30,"3,6","11,7",12:30,,,,,
2020-05-11,0009X,ALFORJA,TARRAGONA,406,"17,3","0,0","11,9",04:30,"22,7",16:02,28,"4,7","13,6",07:40,,,,,
2020-05-12,0009X,ALFORJA,TARRAGONA,406,"16,8","1,6","13,2",23:58,"20,3",11:18,28,"2,5","11,4",01:20,,,,,
2020-05-13,0009X,ALFORJA,TARRAGONA,406,,"0,0",,,,,28,"3,3","10,3",08:40,,,,,
2020-05-14,0009X,ALFORJA,TARRAGONA,406,"12,8","23,2","10,4",03:21,"15,2",08:07,18,"1,7","8,3",10:50,,,,,
2020-05-15,0009X,ALFORJA,TARRAGONA,406,"15,2",,"11,5",02:53,"19,0",14:33,27,"2,8","9,2",04:50,,,,,
2020-05-16,0009X,ALFORJA,TARRAGONA,406,"16,2","8,6","12,1",03:37,"20,4",15:37,28,"5,0","12,8",13:10,,,,,
2020-05-17,0009X,ALFORJA,TARRAGONA,406,"16,4","0,0","10,5",04:50,"22,4",14:53,24,"5,0","13,3",05:40,,,,,
2020-05-18,0009X,ALFORJA,TARRAGONA,406,,"0,0",,,,,,"2,8",,,,,,,
2020-05-19,0009X,ALFORJA,TARRAGONA,406,"20,2","0,0","13,1",04:58,"27,4",15:02,30,"6,1","16,4",05:30,,,,,
2020-05-20,0009X,ALFORJA,TARRAGONA,406,"21,6",,"14,1",23:55,"29,2",13:48,28,"3,9","10,3",03:20,,,,,
2020-05-21,0009X,ALFORJA,TARRAGONA,406,"21,6",,"13,6",03:57,"29,6",12:03,99,"2,8","8,9",Varias,,,,,
2020-05-22,0009X,ALFORJA,TARRAGONA,406,"21,5","0,0","13,6",04:42,"29,4",13:01,,"1,1",,,,,,,
2020-05-23,0009X,ALFORJA,TARRAGONA,406,"20,2","0,0","13,2",02:32,"27,2",12:57,99,"1,1","5,8",13:30,,,,,
2020-05-24,0009X,ALFORJA,TARRAGONA,406,"19,8","16,2","15,6",23:59,"24,0",11:20,27,"2,8","7,2",05:00,,,,,
2020-05-25,0009X,ALFORJA,TARRAGONA,406,"16,6","0,2","13,3",02:50,"20,0",17:18,29,"1,4","5,8",04:40,,,,,
2020-05-26,0009X,ALFORJA,TARRAGONA,406,"19,4",,"12,9",04:58,"25,8",13:08,13,"1,9","6,9",14:00,,,,,
2020-05-27,0009X,ALFORJA,TARRAGONA,406,,"0,0",,,,,,"1,4",,,,,,,
2020-05-28,0009X,ALFORJA,TARRAGONA,406,"17,8","0,0","11,2",00:25,"24,3",12:21,10,"1,7","6,9",14:30,,,,,
2020-05-29,0009X,ALFORJA,TARRAGONA,406,"18,7","0,0","11,2",04:11,"26,2",11:33,10,"1,9","6,7",11:50,,,,,
2020-05-30,0009X,ALFORJA,TARRAGONA,406,"18,0","0,0","12,8",00:10,"23,3",11:52,11,"2,2","6,7",15:00,,,,,
2020-05-31,0009X,ALFORJA,TARRAGONA,406,"17,3","10,8","13,4",04:33,"21,2",11:58,24,"1,7","10,3",19:40,,,,,
2020-06-01,0009X,ALFORJA,TARRAGONA,406,"18,8","0,0","13,9",04:25,"23,6",14:02,11,"1,4","7,5",13:20,,,,,
2020-06-02,0009X,ALFORJA,TARRAGONA,406,"18,6","0,0","13,8",02:04,"23,4",10:14,,"1,7",,,,,,,
2020-06-03,0009X,ALFORJA,TARRAGONA,406,"19,6","7,2","13,4",Varias,"25,7",12:04,31,"1,4","10,6",19:50,,,,,
2020-06-04,0009X,ALFORJA,TARRAGONA,406,"17,2","0,2","13,5",06:41,"21,0",16:07,26,"6,1","17,8",18:10,,,,,
2020-06-05,0009X,ALFORJA,TARRAGONA,406,"18,4","0,0","12,5",04:47,"24,4",16:04,99,"5,8","16,1",06:50,,,,,
2020-06-06,0009X,ALFORJA,TARRAGONA,406,"19,8","1,2","13,8",05:04,"25,8",11:16,11,"1,1","7,2",11:40,,,,,
2020-06-07,0009X,ALFORJA,TARRAGONA,406,"17,4","21,8","10,8",24:00,"24,0",12:04,27,"3,9","10,8",08:50,,,,,
2020-06-08,0009X,ALFORJA,TARRAGONA,406,"14,8","2,0","9,4",04:05,"20,3",13:05,29,"3,6","15,0",06:00,,,,,
2020-06-09,0009X,ALFORJA,TARRAGONA,406,"16,7","0,0","10,7",04:15,"22,7",15:18,28,"5,3","11,9",07:10,,,,,
2020-06-10,0009X,ALFORJA,TARRAGONA,406,"17,2","0,0","11,0",04:32,"23,3",15:11,28,"3,9","12,2",06:10,,,,,
2020-06-11,0009X,ALFORJA,TARRAGONA,406,"18,1","0,0","13,4",04:11,"22,8",14:13,11,"1,7","6,4",13:00,,,,,
2020-06-12,0009X,ALFORJA,TARRAGONA,406,"18,8","0,0","13,2",23:56,"24,4",14:14,28,"3,1","11,7",04:10,,,,,
2020-06-13,0009X,ALFORJA,TARRAGONA,406,"18,4","0,0","12,4",23:07,"24,5",14:45,24,"5,6","14,4",10:30,,,,,
2020-06-14,0009X,ALFORJA,TARRAGONA,406,"17,8","0,0","10,6",04:34,"25,1",11:10,11,"1,7","7,2",11:10,,,,,
2020-06-15,0009X,ALFORJA,TARRAGONA,406,"20,0","0,6","14,4",00:01,"25,5",11:10,08,"1,7","6,7",14:50,,,,,
2020-06-16,0009X,ALFORJA,TARRAGONA,406,"17,0",,"13,7",20:53,"20,3",16:51,28,"1,9","8,6",23:50,,,,,
2020-06-17,0009X,ALFORJA,TARRAGONA,406,,"13,8",,,,,,"3,3",,,,,,,
2020-06-18,0009X,ALFORJA,TARRAGONA,406,"18,0","0,0","14,4",06:57,"21,6",14:06,32,"1,9","7,8",07:10,,,,,
2020-06-19,0009X,ALFORJA,TARRAGONA,406,"18,4","0,0","15,2",Varias,"21,5",12:18,13,"1,4","6,1",14:10,,,,,
2020-06-20,0009X,ALFORJA,TARRAGONA,406,"21,2","0,0","17,4",Varias,"24,9",14:27,12,"1,4","6,7",13:20,,,,,
2020-06-21,0009X,ALFORJA,TARRAGONA,406,"22,9","0,0","16,3",23:57,"29,5",12:27,28,"2,5","7,5",09:30,,,,,
2020-06-22,0009X,ALFORJA,TARRAGONA,406,"22,4","0,0","15,2",01:35,"29,7",13:03,26,"2,8","10,3",06:00,,,,,
2020-06-23,0009X,ALFORJA,TARRAGONA,406,"21,0","0,0","15,2",23:58,"26,8",13:25,99,"1,4","6,1",Varias,,,,,
2020-06-24,0009X,ALFORJA,TARRAGONA,406,"20,8","0,0","14,4",04:23,"27,1",13:17,12,"1,4","6,7",12:50,,,,,
2020-06-25,0009X,ALFORJA,TARRAGONA,406,"22,2","0,0","15,4",04:32,"29,0",12:52,09,"1,4","6,1",12:00,,,,,
2020-06-26,0009X,ALFORJA,TARRAGONA,406,"22,7","0,0","15,6",03:34,"29,8",13:09,11,"1,4","7,2",15:40,,,,,
2020-06-27,0009X,ALFORJA,TARRAGONA,406,"22,2","0,0","15,3",04:07,"29,0",12:03,13,"1,9","7,5",13:00,,,,,
2020-06-28,0009X,ALFORJA,TARRAGONA,406,"23,4","0,0","17,6",04:43,"29,1",12:20,11,"1,7","6,9",11:50,,,,,
2020-06-29,0009X,ALFORJA,TARRAGONA,406,"23,0","0,0","16,8",02:45,"29,3",13:07,12,"2,2","7,5",10:50,,,,,
2020-06-30,0009X,ALFORJA,TARRAGONA,406,"23,2","0,0","18,6",24:00,"27,7",13:11,12,"1,9","6,4",12:40,,,,,
2020-07-01,0009X,ALFORJA,TARRAGONA,406,"24,2","0,0","16,4",03:30,"32,0",12:42,99,"1,4","6,1",13:40,,,,,
2020-07-02,0009X,ALFORJA,TARRAGONA,406,"23,4","0,4","18,3",03:02,"28,6",13:26,12,"1,9","7,2",14:20,,,,,
2020-07-03,0009X,ALFORJA,TARRAGONA,406,"21,0","0,0","14,1",22:25,"27,9",15:27,27,"4,4","11,7",03:40,,,,,
2020-07-04,0009X,ALFORJA,TARRAGONA,406,"22,1","0,0","14,6",Varias,"29,6",13:34,26,"3,1","13,1",05:50,,,,,
2020-07-05,0009X,ALFORJA,TARRAGONA,406,"23,8","0,0","16,3",00:01,"31,2",12:07,27,"2,8","8,3",03:30,,,,,
2020-07-06,0009X,ALFORJA,TARRAGONA,406,"26,0","0,0","19,0",Varias,"32,9",14:59,99,"4,7","12,5",Varias,,,,,
2020-07-07,0009X,ALFORJA,TARRAGONA,406,"22,6","0,0","14,5",05:10,"30,8",14:28,26,"3,3","13,3",00:30,,,,,
2020-07-08,0009X,ALFORJA,TARRAGONA,406,"21,7","0,0","14,7",04:40,"28,7",11:20,09,"1,9","7,2",13:20,,,,,
2020-07-09,0009X,ALFORJA,TARRAGONA,406,"25,0","0,0","18,1",03:44,"32,0",11:37,15,"1,9","8,1",12:40,,,,,
2020-07-10,0009X,ALFORJA,TARRAGONA,406,"23,9","0,0","17,0",02:35,"30,8",10:31,11,"2,8","9,7",12:10,,,,,
2020-07-11,0009X,ALFORJA,TARRAGONA,406,"24,3","0,0","18,2",05:00,"30,4",Varias,15,"3,1","8,6",12:10,,,,,
2020-07-12,0009X,ALFORJA,TARRAGONA,406,"23,2","1,2","15,8",04:29,"30,5",13:26,11,"1,7","7,5",13:40,,,,,
2020-07-13,0009X,ALFORJA,TARRAGONA,406,"23,0","0,0","16,8",23:24,"29,2",13:20,28,"3,1","8,1",07:40,,,,,
2020-07-14,0009X,ALFORJA,TARRAGONA,406,"23,0","0,0","16,8",22:27,"29,2",14:15,28,"2,8","10,3",03:50,,,,,
2020-07-15,0009X,ALFORJA,TARRAGONA,406,"22,5","0,0","15,4",04:57,"29,6",15:41,28,"4,2","11,4",06:00,,,,,
2020-07-16,0009X,ALFORJA,TARRAGONA,406,"22,7","0,0","15,9",05:16,"29,5",13:50,99,"3,1","9,7",Varias,,,,,
2020-07-17,0009X,ALFORJA,TARRAGONA,406,"23,4","0,0","16,7",00:01,"30,1",14:56,29,"3,6","10,3",05:10,,,,,
2020-07-18,0009X,ALFORJA,TARRAGONA,406,"24,6","0,0","17,8",05:02,"31,3",12:45,,"3,6",,,,,,,
2020-07-19,0009X,ALFORJA,TARRAGONA,406,"23,6","0,0","17,6",04:57,"29,6",11:41,08,"1,9","8,1",13:10,,,,,
2020-07-20,0009X,ALFORJA,TARRAGONA,406,"23,1","0,0","17,2",02:53,"29,0",13:18,09,"2,2","7,2",13:30,,,,,
2020-07-21,0009X,ALFORJA,TARRAGONA,406,"23,9","0,0","16,7",04:54,"31,1",13:22,99,"2,2","6,7",Varias,,,,,
2020-07-22,0009X,ALFORJA,TARRAGONA,406,"23,6","0,0","15,9",04:19,"31,2",14:10,21,"1,7","6,1",15:10,,,,,
2020-07-23,0009X,ALFORJA,TARRAGONA,406,"24,6","0,0","16,0",04:04,"33,1",10:50,11,"1,7","6,4",13:50,,,,,
2020-07-24,0009X,ALFORJA,TARRAGONA,406,"25,0","0,0","17,3",00:09,"32,8",12:42,24,"3,1","8,1",12:20,,,,,
2020-07-25,0009X,ALFORJA,TARRAGONA,406,"24,8","0,0","18,6",04:50,"30,9",13:46,08,"2,8","7,8",12:20,,,,,
2020-07-26,0009X,ALFORJA,TARRAGONA,406,"24,7","0,0","18,0",00:50,"31,4",11:57,10,"1,7","6,9",11:10,,,,,
2020-07-27,0009X,ALFORJA,TARRAGONA,406,"25,6","0,0","18,9",02:27,"32,4",Varias,13,"1,7","6,4",12:30,,,,,
2020-07-28,0009X,ALFORJA,TARRAGONA,406,"26,1","0,0","18,2",23:40,"34,0",13:33,13,"1,7","6,7",14:40,,,,,
2020-07-29,0009X,ALFORJA,TARRAGONA,406,"24,0","0,0","16,5",04:12,"31,6",13:56,09,"1,9","7,2",12:20,,,,,
2020-07-30,0009X,ALFORJA,TARRAGONA,406,"26,1","0,0","17,1",03:05,"35,1",13:28,12,"1,7","7,5",13:20,,,,,
2020-07-31,0009X,ALFORJA,TARRAGONA,406,"27,0","0,0","19,0",02:49,"35,1",11:43,10,"1,7","7,2",12:30,,,,,
2020-08-01,0009X,ALFORJA,TARRAGONA,406,"26,8","0,0","18,4",04:41,"35,1",12:52,30,"1,4","12,5",22:50,,,,,
2020-08-02,0009X,ALFORJA,TARRAGONA,406,"26,2","0,0","19,4",05:11,"33,1",14:03,28,"3,6","13,1",22:50,,,,,
2020-08-03,0009X,ALFORJA,TARRAGONA,406,"24,0","0,0","17,7",06:13,"30,4",15:42,28,"3,6","19,7",06:30,,,,,
2020-08-04,0009X,ALFORJA,TARRAGONA,406,"22,8","0,0","15,8",05:11,"29,8",13:06,10,"3,6","15,8",13:20,,,,,
2020-08-05,0009X,ALFORJA,TARRAGONA,406,"23,5","0,0","16,2",00:01,"30,8",11:20,26,"2,8","7,8",07:10,,,,,
2020-08-06,0009X,ALFORJA,TARRAGONA,406,"23,8","0,0","16,4",23:55,"31,2",13:11,11,"1,7","7,2",13:10,,,,,
2020-08-07,0009X,ALFORJA,TARRAGONA,406,"23,6","0,0","15,3",04:59,"31,9",13:04,15,"1,7","7,5",11:30,,,,,
2020-08-08,0009X,ALFORJA,TARRAGONA,406,"26,4","0,0","20,1",02:51,"32,6",14:17,11,"1,4","6,4",11:40,,,,,
2020-08-09,0009X,ALFORJA,TARRAGONA,406,"26,6","0,4","19,6",05:00,"33,5",12:53,13,"1,4","8,9",11:50,,,,,
2020-08-10,0009X,ALFORJA,TARRAGONA,406,"23,7","0,4","17,3",05:00,"30,1",09:17,10,"0,8","4,4",08:40,,,,,
2020-08-11,0009X,ALFORJA,TARRAGONA,406,"25,6","0,6","17,9",03:19,"33,2",11:26,11,"1,9","6,1",11:40,,,,,
2020-08-12,0009X,ALFORJA,TARRAGONA,406,"23,3","35,0","18,4",11:07,"28,2",09:50,24,"0,8","17,8",10:50,,,,,
2020-08-13,0009X,ALFORJA,TARRAGONA,406,"24,2","0,0","17,7",04:33,"30,8",13:16,12,"1,9","7,2",14:40,,,,,
2020-08-14,0009X,ALFORJA,TARRAGONA,406,"24,2","0,0","19,6",00:01,"28,7",13:59,12,"1,7","6,7",12:00,,,,,
2020-08-15,0009X,ALFORJA,TARRAGONA,406,"24,4","0,0","20,3",23:57,"28,4",11:35,13,"1,7","7,5",11:50,,,,,
2020-08-16,0009X,ALFORJA,TARRAGONA,406,"24,6","0,0","17,4",23:42,"31,7",14:33,30,"3,1","10,8",06:40,,,,,
2020-08-17,0009X,ALFORJA,TARRAGONA,406,"23,6","0,0","17,3",04:48,"29,9",13:13,,"1,9",,,,,,,
2020-08-18,0009X,ALFORJA,TARRAGONA,406,"24,9","0,0","20,4",Varias,"29,4",12:20,28,"2,5","8,3",07:30,,,,,
2020-08-19,0009X,ALFORJA,TARRAGONA,406,"24,4","0,0","17,3",03:48,"31,5",12:38,14,"1,7","6,9",12:50,,,,,
2020-08-20,0009X,ALFORJA,TARRAGONA,406,"24,0","0,0","17,3",03:21,"30,7",11:27,99,"1,4","7,8",Varias,,,,,
2020-08-21,0009X,ALFORJA,TARRAGONA,406,"25,7","0,0","18,7",Varias,"32,7",12:55,12,"1,7","7,2",13:10,,,,,
2020-08-22,0009X,ALFORJA,TARRAGONA,406,"25,8","0,0","20,5",Varias,"31,2",12:50,28,"2,5","10,3",02:00,,,,,
2020-08-23,0009X,ALFORJA,TARRAGONA,406,"24,6","0,0","18,3",05:25,"30,9",13:10,27,"3,3","12,5",07:10,,,,,
2020-08-24,0009X,ALFORJA,TARRAGONA,406,"24,1","0,0","16,5",05:19,"31,7",14:27,26,"2,2","13,1",03:20,,,,,
2020-08-25,0009X,ALFORJA,TARRAGONA,406,"25,2","0,0","19,1",00:01,"31,4",13:56,12,"1,4","6,7",12:00,,,,,
2020-08-26,0009X,ALFORJA,TARRAGONA,406,"24,8","0,0","18,7",Varias,"30,8",13:45,09,"1,7","6,7",14:00,,,,,
2020-08-27,0009X,ALFORJA,TARRAGONA,406,"25,0","0,0","19,6",01:36,"30,3",11:22,10,"1,4","5,8",12:50,,,,,
2020-08-28,0009X,ALFORJA,TARRAGONA,406,"23,0","8,2","17,7",23:56,"28,4",13:48,28,"1,9","11,7",21:50,,,,,
2020-08-29,0009X,ALFORJA,TARRAGONA,406,"18,1","0,0","13,2",21:06,"23,0",12:07,29,"3,3","12,8",01:30,,,,,
2020-08-30,0009X,ALFORJA,TARRAGONA,406,"18,5","0,0","12,1",05:24,"24,9",14:51,27,"5,6","13,6",06:50,,,,,
2020-08-31,0009X,ALFORJA,TARRAGONA,406,"19,4","0,0","12,3",Varias,"26,5",14:54,28,"3,9","12,2",06:30,,,,,
2020-09-01,0009X,ALFORJA,TARRAGONA,406,"18,8","0,0","11,6",05:04,"26,1",11:29,13,"1,1","5,8",13:50,,,,,
2020-09-02,0009X,ALFORJA,TARRAGONA,406,"21,2","0,0","14,9",23:48,"27,6",13:51,26,"3,1","8,1",11:50,,,,,
2020-09-03,0009X,ALFORJA,TARRAGONA,406,"22,1","0,0","14,8",01:01,"29,4",12:07,27,"2,8","7,5",08:00,,,,,
2020-09-04,0009X,ALFORJA,TARRAGONA,406,"21,4","0,0","14,0",04:34,"28,7",12:47,12,"1,7","7,2",13:30,,,,,
2020-09-05,0009X,ALFORJA,TARRAGONA,406,"21,8","0,0","15,1",00:20,"28,6",13:24,29,"1,7","7,5",23:59,,,,,
2020-09-06,0009X,ALFORJA,TARRAGONA,406,"22,6","0,0","16,7",05:45,"28,4",14:02,28,"4,4","13,6",23:59,,,,,
2020-09-07,0009X,ALFORJA,TARRAGONA,406,"20,0","0,0","14,6",05:42,"25,5",14:12,29,"2,8","14,4",01:10,,,,,
2020-09-08,0009X,ALFORJA,TARRAGONA,406,"21,0","0,0","14,5",05:16,"27,4",13:00,30,"1,9","12,5",08:30,,,,,
2020-09-09,0009X,ALFORJA,TARRAGONA,406,"20,0","0,0","15,6",00:01,"24,5",13:54,03,"0,6","8,1",11:50,,,,,
2020-09-10,0009X,ALFORJA,TARRAGONA,406,"21,4","0,4","15,0",00:48,"27,8",11:16,29,"2,5","10,0",13:00,,,,,
2020-09-11,0009X,ALFORJA,TARRAGONA,406,"23,7","0,0","15,7",22:43,"31,7",12:57,99,"3,1","9,7",Varias,,,,,
2020-09-12,0009X,ALFORJA,TARRAGONA,406,"23,4","0,0","15,5",00:57,"31,3",12:04,11,"1,9","6,9",12:50,,,,,
2020-09-13,0009X,ALFORJA,TARRAGONA,406,"24,4","0,0","16,7",Varias,"32,0",11:46,08,"1,7","7,8",13:10,,,,,
2020-09-14,0009X,ALFORJA,TARRAGONA,406,"22,3","0,0","14,3",05:14,"30,3",12:33,12,"1,4","8,6",12:40,,,,,
2020-09-15,0009X,ALFORJA,TARRAGONA,406,"22,6","0,0","15,4",03:28,"29,7",11:42,08,"1,7","7,2",12:50,,,,,
2020-09-16,0009X,ALFORJA,TARRAGONA,406,"22,6","0,0","15,0",05:28,"30,1",13:53,13,"1,4","6,1",12:10,,,,,
2020-09-17,0009X,ALFORJA,TARRAGONA,406,"21,4","0,2","15,5",00:19,"27,4",13:31,11,"1,4","4,4",11:30,,,,,
2020-09-18,0009X,ALFORJA,TARRAGONA,406,"20,6","46,0","17,6",01:23,"23,7",12:45,09,"1,9","6,9",16:10,,,,,
2020-09-19,0009X,ALFORJA,TARRAGONA,406,"22,6","0,0","17,4",19:56,"27,7",12:28,28,"1,7","8,9",23:30,,,,,
2020-09-20,0009X,ALFORJA,TARRAGONA,406,"22,5","0,0","17,3",20:18,"27,7",14:27,26,"3,6","10,6",06:30,,,,,
2020-09-21,0009X,ALFORJA,TARRAGONA,406,"21,1","0,0","15,6",23:39,"26,6",13:44,28,"2,2","8,6",11:00,,,,,
2020-09-22,0009X,ALFORJA,TARRAGONA,406,"20,6","0,0","14,7",21:36,"26,6",12:34,16,"1,9","7,8",13:30,,,,,
2020-09-23,0009X,ALFORJA,TARRAGONA,406,"20,6","0,0","13,6",03:11,"27,6",14:17,28,"3,1","8,1",13:50,,,,,
2020-09-24,0009X,ALFORJA,TARRAGONA,406,"21,2","0,2","17,5",19:52,"24,9",11:29,26,"3,3","13,1",23:20,,,,,
2020-09-25,0009X,ALFORJA,TARRAGONA,406,"15,2","0,0","11,6",Varias,"18,8",00:01,99,"8,9","23,3",Varias,,,,,
2020-09-26,0009X,ALFORJA,TARRAGONA,406,"15,8","0,0","10,7",Varias,"20,8",13:21,25,"6,1","16,7",15:30,,,,,
2020-09-27,0009X,ALFORJA,TARRAGONA,406,"14,8","0,0","9,9",06:13,"19,7",13:33,28,"6,7","16,7",Varias,,,,,
2020-09-28,0009X,ALFORJA,TARRAGONA,406,"16,2","0,0","10,3",Varias,"22,1",14:33,26,"5,6","17,5",09:30,,,,,
2020-09-29,0009X,ALFORJA,TARRAGONA,406,"17,8","0,0","11,4",05:37,"24,2",12:35,29,"2,2","9,2",02:50,,,,,
2020-09-30,0009X,ALFORJA,TARRAGONA,406,"17,4","0,0","10,4",04:08,"24,3",12:08,13,"1,7","5,8",13:30,,,,,
2020-10-01,0009X,ALFORJA,TARRAGONA,406,"18,8","1,0","12,0",05:42,"25,7",13:02,26,"2,2","12,5",09:40,,,,,
2020-10-02,0009X,ALFORJA,TARRAGONA,406,"13,0","5,6","9,3",13:38,"16,8",10:09,28,"4,7","17,5",13:10,,,,,
2020-10-03,0009X,ALFORJA,TARRAGONA,406,"13,4","0,0","8,8",02:05,"18,1",14:22,27,"5,6","16,7",14:40,,,,,
2020-10-04,0009X,ALFORJA,TARRAGONA,406,"15,1","0,0","10,2",23:02,"20,0",11:38,27,"3,9","13,3",17:00,,,,,
2020-10-05,0009X,ALFORJA,TARRAGONA,406,"15,1","0,0","10,4",Varias,"19,8",14:13,26,"6,1","16,4",12:30,,,,,
2020-10-06,0009X,ALFORJA,TARRAGONA,406,"17,0","0,0","8,5",02:41,"25,5",13:44,28,"3,9","12,2",15:10,,,,,
2020-10-07,0009X,ALFORJA,TARRAGONA,406,"20,4","0,0","15,0",24:00,"25,7",14:17,30,"5,0","16,1",04:50,,,,,
2020-10-08,0009X,ALFORJA,TARRAGONA,406,"16,9","0,0","10,0",05:41,"23,8",13:20,28,"1,9","6,7",07:30,,,,,
2020-10-09,0009X,ALFORJA,TARRAGONA,406,"18,7","0,0","13,5",23:17,"23,9",12:05,16,"1,4","5,0",14:20,,,,,
2020-10-10,0009X,ALFORJA,TARRAGONA,406,"17,4","0,0","11,3",23:49,"23,4",14:28,26,"3,9","15,6",22:00,,,,,
2020-10-11,0009X,ALFORJA,TARRAGONA,406,"13,9","0,0","8,4",01:12,"19,4",13:52,26,"5,6","14,2",12:30,,,,,
2020-10-12,0009X,ALFORJA,TARRAGONA,406,"14,4","0,0","9,1",02:58,"19,6",13:58,24,"7,5","18,3",06:30,,,,,
2020-10-13,0009X,ALFORJA,TARRAGONA,406,"16,4","0,0","11,1",01:44,"21,7",12:39,25,"7,2","16,9",13:00,,,,,
2020-10-14,0009X,ALFORJA,TARRAGONA,406,"13,4","0,0","8,7",23:46,"18,0",12:48,28,"5,6","15,0",15:40,,,,,
2020-10-15,0009X,ALFORJA,TARRAGONA,406,"12,3","0,0","7,1",Varias,"17,5",13:56,28,"5,8","15,6",00:30,,,,,
2020-10-16,0009X,ALFORJA,TARRAGONA,406,"11,4","0,0","5,7",06:14,"17,1",13:27,30,"4,2","12,2",02:30,,,,,
2020-10-17,0009X,ALFORJA,TARRAGONA,406,"12,3","0,0","5,7",22:22,"18,9",13:05,27,"2,5","8,6",10:40,,,,,
2020-10-18,0009X,ALFORJA,TARRAGONA,406,"14,0","0,0","6,4",00:14,"21,5",12:44,07,"1,9","8,6",13:00,,,,,
2020-10-19,0009X,ALFORJA,TARRAGONA,406,"14,0","0,0","8,6",00:08,"19,3",13:38,12,"1,9","7,5",13:00,,,,,
2020-10-20,0009X,ALFORJA,TARRAGONA,406,"16,0","0,0","15,2",20:10,"16,9",11:23,08,"2,8","9,2",17:00,,,,,
2020-10-21,0009X,ALFORJA,TARRAGONA,406,"19,6","0,4","13,5",21:26,"25,8",13:37,13,"1,1","6,4",14:30,,,,,
2020-10-22,0009X,ALFORJA,TARRAGONA,406,"17,0","7,6","14,3",00:01,"19,7",10:11,10,"0,8","3,3",10:20,,,,,
2020-10-23,0009X,ALFORJA,TARRAGONA,406,"16,9","0,0","12,7",Varias,"21,1",13:53,26,"3,3","12,5",13:20,,,,,
2020-10-24,0009X,ALFORJA,TARRAGONA,406,"15,2","0,0","9,6",19:11,"20,8",13:13,28,"3,9","12,8",08:30,,,,,
2020-10-25,0009X,ALFORJA,TARRAGONA,406,"16,2","0,2","11,0",21:02,"21,3",13:19,24,"4,4","13,3",11:40,,,,,
2020-10-26,0009X,ALFORJA,TARRAGONA,406,"12,4","0,0","8,9",06:32,"16,0",13:09,25,"6,4","17,8",10:30,,,,,
2020-10-27,0009X,ALFORJA,TARRAGONA,406,"12,8","0,0","8,4",03:46,"17,3",14:51,99,"3,1","11,9",Varias,,,,,
2020-10-28,0009X,ALFORJA,TARRAGONA,406,"15,5","0,0","9,4",22:48,"21,6",12:30,27,"2,8","11,7",02:10,,,,,
2020-10-29,0009X,ALFORJA,TARRAGONA,406,"15,6","0,0","8,7",02:10,"22,5",13:02,30,"2,2","7,5",09:30,,,,,
2020-10-30,0009X,ALFORJA,TARRAGONA,406,"15,8","0,0","8,0",06:26,"23,6",13:42,25,"1,4","5,6",21:50,,,,,
2020-10-31,0009X,ALFORJA,TARRAGONA,406,"17,0","0,0","8,0",06:04,"25,9",13:42,28,"1,4","6,7",12:10,,,,,
2020-11-01,0009X,ALFORJA,TARRAGONA,406,"17,4","0,0","9,8",02:24,"25,1",13:56,99,"3,1","9,2",Varias,,,,,
2020-11-02,0009X,ALFORJA,TARRAGONA,406,"15,3","0,0","8,1",06:07,"22,5",12:49,99,"1,1","4,2",Varias,,,,,
2020-11-03,0009X,ALFORJA,TARRAGONA,406,"13,2","21,2","9,1",23:48,"17,2",09:28,26,"3,6","10,8",18:10,,,,,
2020-11-04,0009X,ALFORJA,TARRAGONA,406,"8,6","5,4","7,1",06:04,"10,2",14:29,99,"2,8","10,0",Varias,,,,,
2020-11-05,0009X,ALFORJA,TARRAGONA,406,"10,1","11,0","5,3",03:56,"14,9",13:01,05,"2,5","10,8",21:10,,,,,
2020-11-06,0009X,ALFORJA,TARRAGONA,406,"14,9","0,8","13,6",00:01,"16,2",11:50,11,"3,6","10,0",15:30,,,,,
2020-11-07,0009X,ALFORJA,TARRAGONA,406,"12,8","13,0","9,5",23:28,"16,1",06:04,11,"1,9","15,3",08:30,,,,,
2020-11-08,0009X,ALFORJA,TARRAGONA,406,"14,0","0,0","7,4",23:33,"20,6",12:05,28,"2,2","6,4",03:20,,,,,
2020-11-09,0009X,ALFORJA,TARRAGONA,406,"13,1","0,0","6,3",05:17,"19,9",11:49,24,"1,9","5,3",02:30,,,,,
2020-11-10,0009X,ALFORJA,TARRAGONA,406,"13,9","0,0","8,6",22:24,"19,2",13:19,27,"3,1","10,3",09:30,,,,,
2020-11-11,0009X,ALFORJA,TARRAGONA,406,"13,8","0,0","7,9",23:50,"19,7",12:53,26,"1,7","6,4",09:10,,,,,
2020-11-12,0009X,ALFORJA,TARRAGONA,406,"13,4","0,0","7,9",00:28,"19,0",11:19,24,"0,8","7,5",06:10,,,,,
2020-11-13,0009X,ALFORJA,TARRAGONA,406,"13,2","0,0","8,1",04:53,"18,2",13:11,99,"1,4","3,9",11:30,,,,,
2020-11-14,0009X,ALFORJA,TARRAGONA,406,"12,8","0,0","8,1",05:30,"17,6",12:15,27,"0,8","4,4",20:30,,,,,
2020-11-15,0009X,ALFORJA,TARRAGONA,406,"15,0","0,0","9,1",06:11,"20,8",13:38,29,"3,9","10,6",23:50,,,,,
2020-11-16,0009X,ALFORJA,TARRAGONA,406,"14,7","0,0","9,9",23:42,"19,5",11:11,26,"2,5","13,3",03:40,,,,,
2020-11-17,0009X,ALFORJA,TARRAGONA,406,"13,0","0,0","6,5",23:22,"19,5",13:38,25,"2,5","9,7",03:10,,,,,
2020-11-18,0009X,ALFORJA,TARRAGONA,406,"12,7","0,0","5,9",03:17,"19,5",13:09,23,"1,1","5,3",22:30,,,,,
2020-11-19,0009X,ALFORJA,TARRAGONA,406,"13,2","0,0","8,0",02:41,"18,4",13:15,27,"5,6","18,3",21:30,,,,,
2020-11-20,0009X,ALFORJA,TARRAGONA,406,"10,2","0,0","6,1",07:23,"14,3",14:51,31,"5,6","16,4",03:00,,,,,
2020-11-21,0009X,ALFORJA,TARRAGONA,406,"9,6","0,0","3,4",22:14,"15,7",13:01,26,"2,5","10,3",01:50,,,,,
2020-11-22,0009X,ALFORJA,TARRAGONA,406,"9,3","0,0","2,9",02:23,"15,7",11:49,32,"1,7","6,7",12:10,,,,,
2020-11-23,0009X,ALFORJA,TARRAGONA,406,"9,3","0,0","2,8",00:48,"15,8",13:29,21,"2,5","6,1",12:10,,,,,
2020-11-24,0009X,ALFORJA,TARRAGONA,406,"9,1","0,0","3,3",01:05,"14,9",12:28,12,"0,8","5,0",13:50,,,,,
2020-11-25,0009X,ALFORJA,TARRAGONA,406,"12,4","0,0","8,3",22:33,"16,6",12:32,12,"1,1","7,5",13:30,,,,,
2020-11-26,0009X,ALFORJA,TARRAGONA,406,"12,8","0,0","9,9",00:01,"15,6",11:50,10,"2,2","7,8",10:00,,,,,
2020-11-27,0009X,ALFORJA,TARRAGONA,406,"12,5","38,0","10,0",Varias,"15,0",11:47,07,"3,3","11,7",06:40,,,,,
2020-11-28,0009X,ALFORJA,TARRAGONA,406,"10,8","0,6","8,9",Varias,"12,7",11:07,26,"2,2","6,9",13:00,,,,,
2020-11-29,0009X,ALFORJA,TARRAGONA,406,"12,6","0,0","7,1",22:03,"18,0",11:28,99,"2,8","6,9",Varias,,,,,
2020-11-30,0009X,ALFORJA,TARRAGONA,406,"13,2","0,0","7,9",03:18,"18,4",11:52,23,"2,5","7,2",09:20,,,,,
2020-12-01,0009X,ALFORJA,TARRAGONA,406,"8,8","0,0","6,7",06:29,"10,8",11:46,30,"6,1","14,2",22:30,,,,,
2020-12-02,0009X,ALFORJA,TARRAGONA,406,"7,0","0,0","3,5",23:19,"10,4",Varias,29,"5,8","15,8",20:40,,,,,
2020-12-03,0009X,ALFORJA,TARRAGONA,406,"7,3","0,0","3,0",20:10,"11,6",14:50,29,"4,4","20,3",02:30,,,,,
2020-12-04,0009X,ALFORJA,TARRAGONA,406,"6,6","0,0","2,6",19:37,"10,7",13:17,27,"5,0","16,7",09:10,,,,,
2020-12-05,0009X,ALFORJA,TARRAGONA,406,"5,8","0,6","2,3",05:19,"9,3",13:33,30,"7,2","16,9",12:30,,,,,
2020-12-06,0009X,ALFORJA,TARRAGONA,406,"7,8","2,4","4,6",06:52,"11,0",13:17,26,"6,7","20,0",05:30,,,,,
2020-12-07,0009X,ALFORJA,TARRAGONA,406,"8,2","2,0","5,2",06:08,"11,2",13:28,26,"3,1","17,2",22:20,,,,,
2020-12-08,0009X,ALFORJA,TARRAGONA,406,"6,6","0,0","5,0",21:54,"8,3",Varias,27,"7,2","17,5",09:20,,,,,
2020-12-09,0009X,ALFORJA,TARRAGONA,406,"7,3","0,6","4,1",05:53,"10,5",11:54,27,"5,8","14,4",08:20,,,,,
2020-12-10,0009X,ALFORJA,TARRAGONA,406,"9,7","5,6","5,5",04:48,"13,9",13:18,28,"5,6","21,1",14:10,,,,,
2020-12-11,0009X,ALFORJA,TARRAGONA,406,"11,3","4,0","7,4",03:25,"15,2",14:00,29,"2,5","14,2",23:50,,,,,
2020-12-12,0009X,ALFORJA,TARRAGONA,406,"11,7","0,0","9,0",23:09,"14,4",12:07,27,"7,2","22,8",14:10,,,,,
2020-12-13,0009X,ALFORJA,TARRAGONA,406,"10,6","0,0","5,2",23:58,"16,1",13:13,27,"2,8","14,4",03:40,,,,,
2020-12-14,0009X,ALFORJA,TARRAGONA,406,"8,9","0,0","4,6",02:06,"13,2",13:14,99,"0,8","3,6",Varias,,,,,
2020-12-15,0009X,ALFORJA,TARRAGONA,406,"11,8","0,0","7,1",04:26,"16,4",12:35,27,"4,2","10,8",13:50,,,,,
2020-12-16,0009X,ALFORJA,TARRAGONA,406,"9,6","0,0","3,3",06:35,"15,9",12:12,27,"1,4","6,4",02:10,,,,,
2020-12-22,0009X,ALFORJA,TARRAGONA,406,"11,8","0,0","5,4",00:18,"18,2",12:12,24,"2,5","8,3",08:00,,,,,
2020-12-23,0009X,ALFORJA,TARRAGONA,406,"9,7","0,0","5,0",05:01,"14,4",14:37,28,"0,8","9,7",23:30,,,,,
2020-12-24,0009X,ALFORJA,TARRAGONA,406,"9,2","0,0","6,1",22:09,"12,3",00:26,29,"5,8","11,7",02:20,,,,,
2020-12-25,0009X,ALFORJA,TARRAGONA,406,"5,2","0,0","1,3",24:00,"9,1",14:07,24,"5,3","17,8",12:40,,,,,
2020-12-26,0009X,ALFORJA,TARRAGONA,406,"4,5","0,0","0,9",01:12,"8,1",13:31,31,"9,4","19,2",06:50,,,,,
2020-12-27,0009X,ALFORJA,TARRAGONA,406,"5,4","1,2","2,1",17:43,"8,8",10:46,27,"3,9","16,4",02:30,,,,,
2020-12-28,0009X,ALFORJA,TARRAGONA,406,"7,6","0,0","4,7",06:48,"10,4",13:36,27,"6,9","19,4",08:50,,,,,
2020-12-29,0009X,ALFORJA,TARRAGONA,406,"7,6","0,0","4,8",23:45,"10,4",14:02,28,"6,4","15,6",23:20,,,,,
2020-12-30,0009X,ALFORJA,TARRAGONA,406,"6,8","0,0","3,5",06:52,"10,0",12:05,30,"5,8","16,1",16:00,,,,,
2020-12-31,0009X,ALFORJA,TARRAGONA,406,"7,2","0,0","3,3",02:46,"11,2",14:03,28,"4,2","12,5",05:50,,,,,
2021-01-01,0009X,ALFORJA,TARRAGONA,406,"5,0","0,0","2,5",23:55,"7,4",13:13,28,"5,0","13,3",21:50,,,,,
2021-01-02,0009X,ALFORJA,TARRAGONA,406,"4,1","0,0","0,9",07:13,"7,3",13:41,27,"6,1","15,8",11:30,,,,,
2021-01-03,0009X,ALFORJA,TARRAGONA,406,"3,7","0,0","-0,9",06:44,"8,3",14:28,27,"5,0","16,9",11:30,,,,,
2021-01-04,0009X,ALFORJA,TARRAGONA,406,"4,6","0,0","0,7",07:41,"8,4",12:59,28,"2,8","11,7",01:00,,,,,
2021-01-05,0009X,ALFORJA,TARRAGONA,406,"3,1","0,0","-0,4",07:31,"6,6",13:50,28,"3,6","11,7",04:20,,,,,
2021-01-06,0009X,ALFORJA,TARRAGONA,406,"2,4","0,0","-2,3",19:41,"7,1",13:43,99,"3,3","10,6",Varias,,,,,
2021-01-07,0009X,ALFORJA,TARRAGONA,406,"1,6","0,0","-1,4",07:20,"4,7",10:07,29,"2,5","10,6",20:20,,,,,
2021-01-08,0009X,ALFORJA,TARRAGONA,406,"1,5","7,2","-1,8",06:42,"4,8",13:41,24,"3,6","11,9",11:30,,,,,
2021-01-09,0009X,ALFORJA,TARRAGONA,406,"1,8","25,0","-0,4",00:17,"4,1",11:49,30,"3,9","13,1",23:30,,,,,
2021-01-10,0009X,ALFORJA,TARRAGONA,406,"1,2","18,6","-0,1",23:55,"2,6",06:12,99,"5,3","13,1",Varias,,,,,
2021-01-11,0009X,ALFORJA,TARRAGONA,406,"0,1","0,0","-2,2",07:11,"2,4",13:41,27,"6,9","16,4",23:59,,,,,
2021-01-12,0009X,ALFORJA,TARRAGONA,406,"1,7","0,0","-1,3",00:59,"4,7",13:58,99,"9,4","17,8",Varias,,,,,
2021-01-13,0009X,ALFORJA,TARRAGONA,406,"5,5","0,0","2,5",01:20,"8,5",13:27,28,"8,6","18,6",06:50,,,,,
2021-01-14,0009X,ALFORJA,TARRAGONA,406,"5,8","0,0","3,2",06:31,"8,3",Varias,28,"8,9","18,3",07:40,,,,,
2021-01-15,0009X,ALFORJA,TARRAGONA,406,"7,8","0,0","4,7",23:42,"11,0",13:29,30,"6,7","16,4",03:50,,,,,
2021-01-16,0009X,ALFORJA,TARRAGONA,406,"6,7","0,0","3,4",07:07,"10,0",15:16,27,"6,1","15,6",02:50,,,,,
2021-01-17,0009X,ALFORJA,TARRAGONA,406,"10,4","0,0","6,3",06:07,"14,6",13:52,28,"6,4","14,2",14:50,,,,,
2021-01-18,0009X,ALFORJA,TARRAGONA,406,,,,,,,,"2,8",,,,,,,
2021-01-19,0009X,ALFORJA,TARRAGONA,406,"7,8","0,0","2,0",07:21,"13,7",12:08,26,"0,8","4,7",03:50,,,,,
2021-01-20,0009X,ALFORJA,TARRAGONA,406,"6,5","0,6","2,0",03:20,"11,0",13:06,99,"1,1","4,7",09:50,,,,,
2021-01-21,0009X,ALFORJA,TARRAGONA,406,"9,8","0,4","4,8",00:01,"14,9",13:34,26,"3,3","10,8",10:40,,,,,
2021-01-22,0009X,ALFORJA,TARRAGONA,406,"9,4","8,2","6,3",08:00,"12,4",11:06,27,"5,3","23,6",17:50,,,,,
2021-01-23,0009X,ALFORJA,TARRAGONA,406,"10,1","3,2","6,5",06:55,"13,7",13:27,28,"5,3","16,7",01:10,,,,,
2021-01-24,0009X,ALFORJA,TARRAGONA,406,"10,4","0,0","7,6",23:20,"13,1",13:27,27,"5,6","18,9",13:20,,,,,
2021-01-25,0009X,ALFORJA,TARRAGONA,406,"9,5","0,6","6,4",23:34,"12,6",14:02,28,"4,2","11,4",15:30,,,,,
2021-01-26,0009X,ALFORJA,TARRAGONA,406,"8,6","0,0","3,9",06:59,"13,4",13:05,28,"2,8","10,0",01:50,,,,,
2021-01-27,0009X,ALFORJA,TARRAGONA,406,"14,7","0,0","11,0",04:57,"18,4",14:23,28,"5,8","15,8",12:00,,,,,
2021-01-28,0009X,ALFORJA,TARRAGONA,406,"16,4","0,0","12,4",06:42,"20,5",14:58,26,"5,6","14,2",12:00,,,,,
2021-01-29,0009X,ALFORJA,TARRAGONA,406,"16,2","0,0","12,9",23:37,"19,5",13:13,27,"4,2","15,0",14:30,,,,,
2021-01-30,0009X,ALFORJA,TARRAGONA,406,"12,8","0,4","8,5",18:17,"17,0",13:46,26,"6,9","22,8",14:20,,,,,
2021-01-31,0009X,ALFORJA,TARRAGONA,406,"12,0","0,0","8,5",02:05,"15,6",16:00,26,"7,2","20,0",08:40,,,,,
2021-02-01,0009X,ALFORJA,TARRAGONA,406,"14,0","0,0","10,8",07:11,"17,3",13:39,26,"8,1","25,6",18:00,,,,,
2021-02-02,0009X,ALFORJA,TARRAGONA,406,,,,,,,,"3,9",,,,,,,
2021-02-03,0009X,ALFORJA,TARRAGONA,406,"13,6","0,0","9,1",23:43,"18,2",12:28,32,"3,6","10,8",04:50,,,,,
2021-02-04,0009X,ALFORJA,TARRAGONA,406,"12,3","0,0","6,6",06:49,"18,0",10:44,10,"1,7","5,3",11:10,,,,,
2021-02-05,0009X,ALFORJA,TARRAGONA,406,"11,3","0,0","7,7",07:12,"14,9",12:59,12,"1,4","6,1",11:00,,,,,
2021-02-06,0009X,ALFORJA,TARRAGONA,406,"12,7","0,6","6,9",23:58,"18,5",13:19,26,"1,7","13,6",22:30,,,,,
2021-02-07,0009X,ALFORJA,TARRAGONA,406,"8,2","0,0","4,4",07:35,"12,1",14:47,27,"6,9","17,5",09:20,,,,,
2021-02-08,0009X,ALFORJA,TARRAGONA,406,"10,0","5,6","7,0",03:52,"13,0",15:03,28,"3,6","12,8",00:30,,,,,
2021-02-09,0009X,ALFORJA,TARRAGONA,406,"9,7","4,6","6,9",06:23,"12,5",11:06,27,"1,7","14,4",03:10,,,,,
2021-02-10,0009X,ALFORJA,TARRAGONA,406,"9,7","1,8","6,4",02:58,"13,0",14:15,26,"5,6","16,9",12:10,,,,,
2021-02-11,0009X,ALFORJA,TARRAGONA,406,"12,8","0,0","7,7",06:46,"17,9",14:45,29,"4,2","11,7",00:10,,,,,
2021-02-12,0009X,ALFORJA,TARRAGONA,406,"13,6","1,8","8,4",06:00,"18,8",10:47,28,"4,2","16,7",20:30,,,,,
2021-02-13,0009X,ALFORJA,TARRAGONA,406,"10,2","6,8","4,4",23:19,"16,1",13:35,28,"3,9","14,7",01:50,,,,,
2021-02-14,0009X,ALFORJA,TARRAGONA,406,"7,2","8,0","5,2",Varias,"9,1",04:05,12,"1,7","6,9",04:20,,,,,
2021-02-15,0009X,ALFORJA,TARRAGONA,406,"6,7","1,4","5,4",00:03,"8,0",Varias,04,"0,6","3,1",00:30,,,,,
2021-02-16,0009X,ALFORJA,TARRAGONA,406,"10,0","0,0","5,0",21:35,"15,1",13:21,14,"1,1","4,4",13:50,,,,,
2021-02-17,0009X,ALFORJA,TARRAGONA,406,"10,2","0,0","4,1",24:00,"16,3",11:38,08,"1,4","5,0",11:50,,,,,
2021-02-18,0009X,ALFORJA,TARRAGONA,406,"9,0","0,0","3,3",06:02,"14,7",14:44,13,"1,1","4,2",12:30,,,,,
2021-02-19,0009X,ALFORJA,TARRAGONA,406,"9,1","0,0","2,8",23:59,"15,4",13:47,30,"1,4","8,6",03:30,,,,,
2021-02-20,0009X,ALFORJA,TARRAGONA,406,"8,1","0,0","2,2",00:22,"14,0",13:30,12,"1,4","5,8",13:30,,,,,
2021-02-21,0009X,ALFORJA,TARRAGONA,406,"8,8","4,0","4,7",00:01,"12,8",13:53,10,"4,2","13,9",15:30,,,,,
2021-02-22,0009X,ALFORJA,TARRAGONA,406,"9,6","6,6","6,8",23:57,"12,3",01:45,10,"3,3","12,8",03:10,,,,,
2021-02-23,0009X,ALFORJA,TARRAGONA,406,"11,6","0,0","6,2",01:22,"17,0",12:24,24,"1,1","5,6",00:20,,,,,
2021-02-24,0009X,ALFORJA,TARRAGONA,406,"12,6","0,0","8,6",19:57,"16,6",13:41,14,"1,7","6,4",13:20,,,,,
2021-02-25,0009X,ALFORJA,TARRAGONA,406,"9,5","0,0","5,9",23:53,"13,1",15:16,10,"0,6","3,3",04:20,,,,,
2021-02-26,0009X,ALFORJA,TARRAGONA,406,"10,4","0,0","5,2",22:20,"15,7",14:29,27,"0,8","5,6",10:00,,,,,
2021-02-27,0009X,ALFORJA,TARRAGONA,406,"10,6","0,0","5,1",00:28,"16,2",15:08,28,"3,9","11,1",11:10,,,,,
2021-02-28,0009X,ALFORJA,TARRAGONA,406,"9,8","0,8","6,5",03:12,"13,1",15:27,14,"1,9","7,5",15:30,,,,,
2021-03-01,0009X,ALFORJA,TARRAGONA,406,"11,0","0,0","8,5",00:01,"13,4",15:14,11,"2,2","7,5",10:00,,,,,
2021-03-02,0009X,ALFORJA,TARRAGONA,406,"10,2","0,0","7,0",05:47,"13,4",12:53,10,"1,1","7,5",00:30,,,,,
2021-03-03,0009X,ALFORJA,TARRAGONA,406,"10,7","0,0","5,8",23:35,"15,6",13:27,12,"0,8","5,3",15:00,,,,,
2021-03-04,0009X,ALFORJA,TARRAGONA,406,"10,3","0,0","5,0",06:22,"15,6",12:47,10,"1,1","4,7",12:50,,,,,
2021-03-05,0009X,ALFORJA,TARRAGONA,406,"10,4","0,0","4,5",Varias,"16,3",12:00,22,"1,4","4,7",08:00,,,,,
2021-03-06,0009X,ALFORJA,TARRAGONA,406,"8,8","0,0","4,3",02:38,"13,3",12:51,32,"2,2","6,4",05:40,,,,,
2021-03-07,0009X,ALFORJA,TARRAGONA,406,"9,3","1,4","4,9",04:52,"13,7",11:48,12,"1,1","5,0",11:30,,,,,
2021-03-08,0009X,ALFORJA,TARRAGONA,406,"8,9","4,2","6,7",02:59,"11,1",13:52,28,"1,7","11,1",23:40,,,,,
2021-03-09,0009X,ALFORJA,TARRAGONA,406,"9,4","0,0","5,1",05:41,"13,8",14:39,29,"6,1","13,6",07:30,,,,,
2021-03-10,0009X,ALFORJA,TARRAGONA,406,"9,2","0,0","2,6",06:18,"15,7",15:09,27,"3,6","13,9",08:30,,,,,
2021-03-11,0009X,ALFORJA,TARRAGONA,406,"12,0","0,0","3,0",03:39,"21,0",14:32,28,"3,3","12,2",12:20,,,,,
2021-03-12,0009X,ALFORJA,TARRAGONA,406,"10,9","0,0","4,5",23:35,"17,3",14:50,28,"3,1","12,8",15:30,,,,,
2021-03-13,0009X,ALFORJA,TARRAGONA,406,"10,6","0,0","4,0",01:27,"17,1",13:37,26,"3,1","10,8",23:20,,,,,
2021-03-14,0009X,ALFORJA,TARRAGONA,406,"11,8","0,0","6,6",23:58,"17,0",14:23,26,"6,7","16,7",12:20,,,,,
2021-03-15,0009X,ALFORJA,TARRAGONA,406,"10,3","0,0","4,4",05:43,"16,2",14:57,26,"6,4","16,9",11:30,,,,,
2021-03-16,0009X,ALFORJA,TARRAGONA,406,"12,7","0,0","6,2",Varias,"19,2",15:03,28,"5,3","15,6",02:00,,,,,
2021-03-17,0009X,ALFORJA,TARRAGONA,406,"13,6","0,0","5,5",22:10,"21,7",14:16,27,"4,7","16,1",02:20,,,,,
2021-03-18,0009X,ALFORJA,TARRAGONA,406,"11,0","0,0","5,7",05:42,"16,3",14:53,26,"3,9","11,7",07:50,,,,,
2021-03-19,0009X,ALFORJA,TARRAGONA,406,"7,0","0,2","1,2",22:34,"12,9",15:21,28,"3,9","11,7",06:50,,,,,
2021-03-20,0009X,ALFORJA,TARRAGONA,406,"7,6","0,0","1,3",03:41,"13,8",14:47,30,"4,2","15,8",06:30,,,,,
2021-03-21,0009X,ALFORJA,TARRAGONA,406,"9,0","0,0","1,9",06:01,"16,0",14:06,30,"5,6","15,0",05:00,,,,,
2021-03-22,0009X,ALFORJA,TARRAGONA,406,"10,6","0,0","4,5",05:47,"16,7",15:28,28,"6,4","16,9",02:30,,,,,
2021-03-23,0009X,ALFORJA,TARRAGONA,406,"11,4","0,0","3,4",23:12,"19,4",13:09,30,"3,3","10,8",03:30,,,,,
2021-03-24,0009X,ALFORJA,TARRAGONA,406,"10,6","0,0","2,6",04:13,"18,7",11:30,11,"1,4","6,1",11:50,,,,,
2021-03-25,0009X,ALFORJA,TARRAGONA,406,"12,5","0,0","4,5",02:55,"20,5",12:16,27,"3,3","11,9",07:30,,,,,
2021-03-26,0009X,ALFORJA,TARRAGONA,406,"13,5","0,0","7,9",02:50,"19,1",14:25,12,"1,4","6,4",12:50,,,,,
2021-03-27,0009X,ALFORJA,TARRAGONA,406,"11,6","0,0","5,4",23:59,"17,7",14:12,25,"2,2","7,8",00:50,,,,,
2021-03-28,0009X,ALFORJA,TARRAGONA,406,"11,7","0,0","3,6",05:40,"19,8",11:29,07,"1,4","7,5",12:40,,,,,
2021-03-29,0009X,ALFORJA,TARRAGONA,406,"12,8","0,0","4,6",05:16,"21,0",12:51,11,"1,7","7,2",12:40,,,,,
2021-03-30,0009X,ALFORJA,TARRAGONA,406,"13,3","0,0","5,3",24:00,"21,3",12:15,12,"1,4","6,7",12:20,,,,,
2021-03-31,0009X,ALFORJA,TARRAGONA,406,"11,8","0,0","3,5",05:21,"20,2",11:48,11,"1,7","6,4",12:00,,,,,
2021-04-01,0009X,ALFORJA,TARRAGONA,406,"12,9","0,0","4,0",00:06,"21,8",12:04,99,"1,4","6,1",Varias,,,,,
2021-04-02,0009X,ALFORJA,TARRAGONA,406,"14,0","0,0","6,0",05:22,"22,1",12:21,12,"1,4","7,8",13:30,,,,,
2021-04-03,0009X,ALFORJA,TARRAGONA,406,"15,8","0,0","7,9",00:01,"23,6",14:38,27,"3,1","9,2",10:00,,,,,
2021-04-04,0009X,ALFORJA,TARRAGONA,406,"13,7","0,0","6,8",21:33,"20,6",13:29,26,"2,8","10,8",08:00,,,,,
2021-04-05,0009X,ALFORJA,TARRAGONA,406,"14,3","0,0","6,4",01:09,"22,2",15:29,28,"3,1","10,3",23:10,,,,,
2021-04-06,0009X,ALFORJA,TARRAGONA,406,"12,6","0,0","5,7",23:51,"19,4",14:33,28,"5,6","16,1",06:10,,,,,
2021-04-07,0009X,ALFORJA,TARRAGONA,406,"8,8","0,0","2,9",05:44,"14,7",13:30,28,"3,6","12,8",01:40,,,,,
2021-04-08,0009X,ALFORJA,TARRAGONA,406,"10,4","0,0","7,5",Varias,"13,3",12:18,08,"1,7","6,4",12:30,,,,,
2021-04-09,0009X,ALFORJA,TARRAGONA,406,"8,1","2,0","5,5",00:39,"10,7",12:12,09,"1,7","5,8",09:00,,,,,
2021-04-10,0009X,ALFORJA,TARRAGONA,406,"9,0","0,6","6,0",04:28,"12,1",09:53,08,"1,4","3,6",12:10,,,,,
2021-04-11,0009X,ALFORJA,TARRAGONA,406,"12,2","8,8","7,3",23:43,"17,0",12:20,29,"1,9","9,2",23:00,,,,,
2021-04-12,0009X,ALFORJA,TARRAGONA,406,"10,4","0,0","4,4",Varias,"16,3",14:33,28,"4,4","16,1",05:30,,,,,
2021-04-13,0009X,ALFORJA,TARRAGONA,406,"11,6","0,0","5,7",05:23,"17,6",12:59,12,"1,9","7,5",12:30,,,,,
2021-04-14,0009X,ALFORJA,TARRAGONA,406,"10,1","0,8","9,1",Varias,"11,1",08:16,10,"0,8","5,8",08:50,,,,,
2021-04-15,0009X,ALFORJA,TARRAGONA,406,"10,1","0,2","5,4",20:34,"14,8",13:33,16,"1,4","6,9",13:30,,,,,
2021-04-16,0009X,ALFORJA,TARRAGONA,406,"10,0","4,0","5,3",21:56,"14,8",11:24,27,"2,8","7,5",06:40,,,,,
2021-04-17,0009X,ALFORJA,TARRAGONA,406,"10,0","0,0","3,8",03:39,"16,1",15:39,29,"3,1","13,3",23:59,,,,,
2021-04-18,0009X,ALFORJA,TARRAGONA,406,"10,8","0,0","3,5",23:59,"18,2",14:29,25,"3,6","12,8",01:30,,,,,
2021-04-19,0009X,ALFORJA,TARRAGONA,406,"10,9","0,0","2,2",03:02,"19,6",12:02,14,"2,2","7,5",12:40,,,,,
2021-04-20,0009X,ALFORJA,TARRAGONA,406,"12,3","2,2","7,4",04:33,"17,2",10:18,99,"2,5","7,2",Varias,,,,,
2021-04-21,0009X,ALFORJA,TARRAGONA,406,"8,8","1,4","6,3",24:00,"11,4",10:48,12,"1,4","5,0",18:20,,,,,
2021-04-22,0009X,ALFORJA,TARRAGONA,406,"9,6","0,0","5,6",23:54,"13,6",15:17,08,"1,1","5,0",10:10,,,,,
2021-04-23,0009X,ALFORJA,TARRAGONA,406,"10,8","0,0","3,2",04:52,"18,5",13:32,13,"2,5","9,7",14:10,,,,,
2021-04-24,0009X,ALFORJA,TARRAGONA,406,"11,8","0,0","3,8",03:05,"19,8",12:06,14,"2,2","7,5",10:50,,,,,
2021-04-25,0009X,ALFORJA,TARRAGONA,406,"13,7","2,8","6,4",02:39,"21,0",13:33,12,"3,1","9,7",14:30,,,,,
2021-04-26,0009X,ALFORJA,TARRAGONA,406,"12,4","4,0","9,9",Varias,"15,0",16:28,24,"1,1","4,4",05:40,,,,,
2021-04-27,0009X,ALFORJA,TARRAGONA,406,"12,9","1,6","8,0",04:55,"17,8",14:34,22,"0,8","4,7",00:20,,,,,
2021-04-28,0009X,ALFORJA,TARRAGONA,406,"14,3","0,4","10,2",01:21,"18,4",14:10,28,"0,6","6,9",12:00,,,,,
2021-04-29,0009X,ALFORJA,TARRAGONA,406,,"1,0",,,,,26,"1,7","5,6",07:50,,,,,
2021-04-30,0009X,ALFORJA,TARRAGONA,406,"15,2","19,6","11,0",24:00,"19,4",12:46,26,"2,5","7,2",08:40,,,,,
2021-05-01,0009X,ALFORJA,TARRAGONA,406,"13,1","0,0","8,3",07:22,"17,9",15:00,28,"5,3","14,4",11:50,,,,,
2021-05-02,0009X,ALFORJA,TARRAGONA,406,"11,2","0,0","5,5",24:00,"16,8",11:45,28,"3,1","11,9",02:00,,,,,
2021-05-03,0009X,ALFORJA,TARRAGONA,406,"11,2","0,0","4,1",04:28,"18,3",11:10,,"1,7",,,,,,,
2021-05-04,0009X,ALFORJA,TARRAGONA,406,"13,2","0,0","5,1",00:59,"21,4",10:42,07,"1,7","6,9",14:00,,,,,
2021-05-05,0009X,ALFORJA,TARRAGONA,406,"16,4","0,0","7,7",Varias,"25,0",14:15,29,"4,2","14,2",09:30,,,,,
2021-05-06,0009X,ALFORJA,TARRAGONA,406,"16,2","0,0","8,7",01:13,"23,6",11:41,12,"1,7","7,5",11:30,,,,,
2021-05-07,0009X,ALFORJA,TARRAGONA,406,"18,5","0,0","9,4",03:21,"27,6",12:45,26,"2,8","10,8",11:00,,,,,
2021-05-08,0009X,ALFORJA,TARRAGONA,406,"17,2","0,0","10,0",Varias,"24,5",11:49,10,"1,7","6,1",11:00,,,,,
2021-05-09,0009X,ALFORJA,TARRAGONA,406,"16,2","1,0","9,4",00:39,"23,0",13:57,14,"1,9","8,6",14:20,,,,,
2021-05-10,0009X,ALFORJA,TARRAGONA,406,"16,1",,"9,8",20:53,"22,4",12:39,,"2,5",,,,,,,
2021-05-11,0009X,ALFORJA,TARRAGONA,406,"13,4","0,0","7,5",24:00,"19,4",14:27,24,"5,8","18,1",11:30,,,,,
2021-05-12,0009X,ALFORJA,TARRAGONA,406,"14,4",,"6,5",00:44,"22,4",15:14,26,"4,2","14,7",13:30,,,,,
2021-05-14,0009X,ALFORJA,TARRAGONA,406,,,,,,,,"5,8",,,,,,,
2021-05-15,0009X,ALFORJA,TARRAGONA,406,"18,0","0,0","9,2",04:34,"26,9",13:15,24,"1,4","10,6",09:50,,,,,
2021-05-16,0009X,ALFORJA,TARRAGONA,406,"21,6","0,0","15,5",24:00,"27,6",14:16,28,"4,7","16,7",13:40,,,,,
2021-05-17,0009X,ALFORJA,TARRAGONA,406,"16,0","0,0","9,7",22:02,"22,4",15:12,25,"3,9","15,8",11:40,,,,,
2021-05-23,0009X,ALFORJA,TARRAGONA,406,"14,4","0,8","11,1",08:43,"17,7",13:15,30,"1,7","7,2",10:10,,,,,
2021-05-24,0009X,ALFORJA,TARRAGONA,406,"17,8","0,0","11,3",Varias,"24,4",14:43,30,"3,9","10,8",12:20,,,,,
2021-05-25,0009X,ALFORJA,TARRAGONA,406,"15,7","0,0","10,1",00:35,"21,3",11:32,12,"1,9","7,8",13:50,,,,,
2021-05-26,0009X,ALFORJA,TARRAGONA,406,"16,2","0,0","11,3",22:53,"21,2",13:41,17,"1,7","6,1",12:00,,,,,
2021-05-27,0009X,ALFORJA,TARRAGONA,406,"18,2","0,0","10,1",02:43,"26,3",11:32,12,"1,7","8,9",11:50,,,,,
2021-05-28,0009X,ALFORJA,TARRAGONA,406,"18,7","0,0","10,9",01:06,"26,5",11:39,10,"1,7","7,2",13:20,,,,,
2021-05-29,0009X,ALFORJA,TARRAGONA,406,"19,6","0,4","10,9",04:49,"28,3",13:44,09,"2,2","7,8",12:40,,,,,
2021-05-30,0009X,ALFORJA,TARRAGONA,406,"21,2","0,0","14,9",22:08,"27,6",11:14,29,"2,2","10,0",03:50,,,,,
2021-05-31,0009X,ALFORJA,TARRAGONA,406,"19,0","0,0","12,5",03:53,"25,4",11:53,08,"1,7","7,2",11:20,,,,,
2021-06-01,0009X,ALFORJA,TARRAGONA,406,"18,8","1,8","12,1",04:40,"25,6",11:28,29,"2,2","9,2",18:20,,,,,
2021-06-02,0009X,ALFORJA,TARRAGONA,406,"19,0","0,0","11,9",02:26,"26,1",14:37,12,"1,9","8,1",11:10,,,,,
2021-06-03,0009X,ALFORJA,TARRAGONA,406,"18,8","0,2","12,3",04:44,"25,4",11:54,12,"2,5","8,3",12:00,,,,,
2021-06-04,0009X,ALFORJA,TARRAGONA,406,"21,0","0,0","16,4",04:12,"25,7",15:19,99,"1,9","6,1",Varias,,,,,
2021-06-05,0009X,ALFORJA,TARRAGONA,406,"20,6","0,2","15,8",02:31,"25,3",13:21,10,"1,4","8,1",13:30,,,,,
2021-06-06,0009X,ALFORJA,TARRAGONA,406,"19,8","0,0","12,9",22:06,"26,6",14:44,26,"1,7","8,1",10:20,,,,,
2021-06-07,0009X,ALFORJA,TARRAGONA,406,"20,8","0,0","11,9",01:27,"29,7",13:22,28,"2,8","10,0",04:40,,,,,
2021-06-25,0009X,ALFORJA,TARRAGONA,406,,"0,0",,,,,,,,,,,,,
2021-06-26,0009X,ALFORJA,TARRAGONA,406,,"5,4",,,,,30,"1,7","8,1",19:50,,,,,
2021-06-27,0009X,ALFORJA,TARRAGONA,406,"20,0","0,0","13,5",01:59,"26,5",12:20,10,"2,2","6,9",13:00,,,,,
2021-06-28,0009X,ALFORJA,TARRAGONA,406,"22,3","0,0","14,7",23:58,"29,9",15:01,26,"3,3","8,9",14:50,,,,,
2021-06-29,0009X,ALFORJA,TARRAGONA,406,"22,0","3,0","14,7",00:01,"29,2",14:00,30,"3,3","10,0",05:10,,,,,
2021-06-30,0009X,ALFORJA,TARRAGONA,406,"18,9","4,2","16,4",22:42,"21,4",16:55,36,"1,1","5,0",08:30,,,,,
2021-07-01,0009X,ALFORJA,TARRAGONA,406,,"0,0",,,,,12,"1,4","5,8",13:40,,,,,
2021-07-02,0009X,ALFORJA,TARRAGONA,406,,"0,0",,,,,11,"1,9","6,9",12:00,,,,,
2021-07-03,0009X,ALFORJA,TARRAGONA,406,,"0,0",,,,,10,"2,2","6,9",12:00,,,,,
2021-07-04,0009X,ALFORJA,TARRAGONA,406,,"0,0",,,,,23,"3,1","10,0",10:20,,,,,
2021-07-05,0009X,ALFORJA,TARRAGONA,406,,"0,0",,,,,09,"1,7","5,8",15:30,,,,,
2021-07-06,0009X,ALFORJA,TARRAGONA,406,,"1,6",,,,,28,"2,8","17,2",20:40,,,,,
2021-07-07,0009X,ALFORJA,TARRAGONA,406,,"0,0",,,,,30,"1,9","11,9",00:30,,,,,
2021-07-08,0009X,ALFORJA,TARRAGONA,406,"21,8","0,0","15,2",05:04,"28,4",14:59,99,"4,4","13,9",Varias,,,,,
2021-07-09,0009X,ALFORJA,TARRAGONA,406,"21,6","0,0","15,3",03:08,"27,9",14:27,11,"1,7","8,3",13:30,,,,,
2021-07-10,0009X,ALFORJA,TARRAGONA,406,"23,3","0,0","16,5",04:37,"30,1",12:44,99,"1,7","7,2",13:40,,,,,
2021-07-11,0009X,ALFORJA,TARRAGONA,406,"22,8","0,0","16,1",02:23,"29,4",11:44,99,"2,5","7,5",Varias,,,,,
2021-07-12,0009X,ALFORJA,TARRAGONA,406,"23,8","0,0","16,4",23:56,"31,3",15:27,28,"3,6","19,4",23:40,,,,,
2021-07-13,0009X,ALFORJA,TARRAGONA,406,"19,6","0,0","13,3",04:44,"25,9",14:35,29,"7,8","17,8",00:20,,,,,
2021-07-14,0009X,ALFORJA,TARRAGONA,406,"21,4","0,0","13,5",04:51,"29,3",15:24,28,"3,6","12,8",04:00,,,,,
2021-07-15,0009X,ALFORJA,TARRAGONA,406,"22,2","0,0","15,0",04:18,"29,4",13:39,26,"3,6","10,3",07:00,,,,,
2021-07-16,0009X,ALFORJA,TARRAGONA,406,"22,8","0,0","14,5",03:05,"31,2",12:56,26,"3,1","9,4",11:50,,,,,
2021-07-17,0009X,ALFORJA,TARRAGONA,406,"23,3","0,0","15,8",04:03,"30,8",11:52,30,"3,1","9,7",06:30,,,,,
2021-07-18,0009X,ALFORJA,TARRAGONA,406,"25,2","0,0","16,6",04:03,"33,9",13:34,26,"4,4","12,2",06:50,,,,,
2021-07-19,0009X,ALFORJA,TARRAGONA,406,"25,2","0,0","17,4",23:49,"33,1",12:33,10,"3,3","9,7",11:30,,,,,
2021-07-20,0009X,ALFORJA,TARRAGONA,406,"23,6","0,0","15,8",04:40,"31,3",14:13,32,"1,9","10,8",23:50,,,,,
2021-07-21,0009X,ALFORJA,TARRAGONA,406,"25,2","0,0","17,2",04:59,"33,1",10:47,34,"1,9","13,6",00:30,,,,,
2021-07-22,0009X,ALFORJA,TARRAGONA,406,"25,6","0,0","16,8",05:06,"34,3",12:15,99,"1,7","7,2",11:40,,,,,
2021-07-23,0009X,ALFORJA,TARRAGONA,406,"24,8","0,0","17,6",03:27,"32,0",10:56,12,"1,9","6,9",12:00,,,,,
2021-07-24,0009X,ALFORJA,TARRAGONA,406,"26,6","0,0","18,5",03:16,"34,8",13:55,28,"3,1","9,2",05:40,,,,,
2021-07-25,0009X,ALFORJA,TARRAGONA,406,"25,0","6,6","18,4",03:01,"31,5",13:27,26,"3,3","9,2",07:30,,,,,
2021-07-26,0009X,ALFORJA,TARRAGONA,406,"21,2",,"15,9",23:46,"26,6",13:21,32,"1,4","10,8",06:10,,,,,
2021-08-15,0009X,ALFORJA,TARRAGONA,406,"28,2","0,0","21,2",01:53,"35,3",10:04,27,"1,1","11,9",23:40,,,,,
2021-08-16,0009X,ALFORJA,TARRAGONA,406,"25,5","0,0","17,8",23:58,"33,2",14:36,28,"4,2","13,6",23:20,,,,,
2021-08-17,0009X,ALFORJA,TARRAGONA,406,"22,8","0,0","15,6",05:13,"30,0",14:46,26,"4,7","13,1",23:40,,,,,
2021-08-18,0009X,ALFORJA,TARRAGONA,406,"22,6","0,0","14,5",05:15,"30,7",13:51,,"4,4",,,,,,,
2021-08-19,0009X,ALFORJA,TARRAGONA,406,"20,9","2,8","16,3",00:01,"25,5",13:19,31,"1,9","8,9",06:10,,,,,
2021-08-20,0009X,ALFORJA,TARRAGONA,406,"22,9","0,0","16,0",05:19,"29,8",13:54,12,"1,4","7,8",13:10,,,,,
2021-08-21,0009X,ALFORJA,TARRAGONA,406,"24,8","0,0","18,0",22:02,"31,7",12:22,07,"1,7","8,1",10:10,,,,,
2021-08-22,0009X,ALFORJA,TARRAGONA,406,"24,6","0,9","17,6",03:53,"31,6",14:18,12,"1,9","7,2",11:50,,,,,
2021-08-23,0009X,ALFORJA,TARRAGONA,406,"24,7","0,0","18,5",05:31,"30,9",11:51,12,"2,8","8,3",14:10,,,,,
2021-08-24,0009X,ALFORJA,TARRAGONA,406,"24,2","10,0","18,5",05:32,"29,8",12:17,28,"3,3","10,3",05:10,,,,,
2021-08-25,0009X,ALFORJA,TARRAGONA,406,"22,2","0,0","16,9",22:22,"27,5",12:18,10,"1,4","7,5",10:40,,,,,
2021-08-26,0009X,ALFORJA,TARRAGONA,406,"23,4","0,0","16,9",00:28,"30,0",13:12,10,"1,4","6,4",12:40,,,,,
2021-08-27,0009X,ALFORJA,TARRAGONA,406,"26,8","0,0","18,0",02:25,"35,6",14:00,28,"3,1","10,0",07:30,,,,,
2021-08-28,0009X,ALFORJA,TARRAGONA,406,"22,0","0,0","14,8",04:14,"29,2",12:30,10,"2,5","7,5",14:40,,,,,
2021-08-29,0009X,ALFORJA,TARRAGONA,406,"21,5","0,2","18,1",05:12,"24,9",10:13,24,"1,9","6,1",06:40,,,,,
2021-08-30,0009X,ALFORJA,TARRAGONA,406,"19,2","14,0","16,6",23:26,"21,8",09:48,23,"0,6","6,9",12:00,,,,,
2021-08-31,0009X,ALFORJA,TARRAGONA,406,"22,0","2,2","17,4",00:01,"26,6",10:44,12,"1,1","5,8",13:20,,,,,
2021-09-01,0009X,ALFORJA,TARRAGONA,406,"18,6","14,8","15,0",21:00,"22,1",08:57,26,"1,1","8,3",22:30,,,,,
2021-09-02,0009X,ALFORJA,TARRAGONA,406,"20,6","0,2","14,0",02:34,"27,3",14:18,28,"1,9","6,9",00:10,,,,,
2021-09-03,0009X,ALFORJA,TARRAGONA,406,,"8,4",,,,,08,"1,1","6,1",14:00,,,,,
2021-09-04,0009X,ALFORJA,TARRAGONA,406,"23,6","0,0","18,6",04:21,"28,5",12:54,13,"1,7","8,1",12:30,,,,,
2021-09-05,0009X,ALFORJA,TARRAGONA,406,"24,6","0,0","19,3",22:18,"29,8",12:03,14,"1,4","5,8",12:20,,,,,
2021-09-06,0009X,ALFORJA,TARRAGONA,406,"25,0","0,0","19,6",06:01,"30,4",11:46,07,"1,7","6,4",13:10,,,,,
2021-09-07,0009X,ALFORJA,TARRAGONA,406,"24,2","0,2","20,0",01:58,"28,3",13:40,10,"1,7","7,2",12:20,,,,,
2021-09-08,0009X,ALFORJA,TARRAGONA,406,"24,2","0,0","19,0",23:11,"29,3",13:57,13,"1,7","6,7",14:00,,,,,
2021-09-09,0009X,ALFORJA,TARRAGONA,406,"23,2","7,4","17,4",22:46,"28,9",14:49,22,"1,1","8,3",18:40,,,,,
2021-09-10,0009X,ALFORJA,TARRAGONA,406,"22,6","0,0","16,1",04:06,"29,2",15:04,26,"3,1","9,2",13:00,,,,,
2021-09-11,0009X,ALFORJA,TARRAGONA,406,"21,2","0,0","16,8",Varias,"25,6",11:30,13,"1,1","6,4",11:30,,,,,
2021-09-12,0009X,ALFORJA,TARRAGONA,406,"23,8","0,0","18,1",02:33,"29,6",12:26,12,"1,4","6,7",13:10,,,,,
2021-09-13,0009X,ALFORJA,TARRAGONA,406,"22,0","0,0","17,2",05:02,"26,9",12:02,12,"1,1","5,6",11:20,,,,,
2021-09-14,0009X,ALFORJA,TARRAGONA,406,"24,6","0,0","19,6",03:28,"29,7",12:57,12,"1,4","5,6",11:30,,,,,
2021-09-15,0009X,ALFORJA,TARRAGONA,406,"24,4","0,4","19,0",21:54,"29,7",13:29,30,"2,5","9,4",18:50,,,,,
2021-09-16,0009X,ALFORJA,TARRAGONA,406,"22,1","0,2","17,9",19:59,"26,3",15:45,28,"3,3","11,7",05:10,,,,,
2021-09-17,0009X,ALFORJA,TARRAGONA,406,"22,2","0,0","16,0",Varias,"28,5",14:07,26,"2,8","8,6",03:40,,,,,
2021-09-18,0009X,ALFORJA,TARRAGONA,406,"21,8","0,0","15,3",00:56,"28,4",12:06,28,"2,5","12,5",21:20,,,,,
2021-09-19,0009X,ALFORJA,TARRAGONA,406,"19,4","0,0","13,5",05:23,"25,3",14:31,27,"3,9","13,6",02:10,,,,,
2021-09-20,0009X,ALFORJA,TARRAGONA,406,"19,2","0,0","13,7",23:58,"24,8",13:46,28,"5,8","13,6",10:10,,,,,
2021-09-21,0009X,ALFORJA,TARRAGONA,406,"16,4","6,8","11,4",07:51,"21,5",13:28,28,"3,1","9,7",03:50,,,,,
2021-09-22,0009X,ALFORJA,TARRAGONA,406,"18,3","13,8","13,4",23:27,"23,2",15:38,26,"1,1","6,1",08:40,,,,,
2021-09-23,0009X,ALFORJA,TARRAGONA,406,"18,5","3,6","13,4",Varias,"23,6",14:30,10,"1,1","6,4",15:50,,,,,
2021-09-24,0009X,ALFORJA,TARRAGONA,406,"18,8","0,0","12,2",03:20,"25,4",13:03,12,"0,6","5,0",14:40,,,,,
2021-09-25,0009X,ALFORJA,TARRAGONA,406,"22,8","0,0","18,0",22:08,"27,6",13:23,11,"1,4","6,7",13:50,,,,,
2021-09-26,0009X,ALFORJA,TARRAGONA,406,"20,6","0,0","14,6",21:38,"26,6",14:12,99,"3,6","10,3",Varias,,,,,
2021-09-27,0009X,ALFORJA,TARRAGONA,406,"21,0","0,0","13,8",03:08,"28,2",14:28,23,"2,2","8,9",13:40,,,,,
2021-09-28,0009X,ALFORJA,TARRAGONA,406,"19,0","0,0","13,6",00:51,"24,4",13:16,11,"0,6","6,7",11:40,,,,,
2021-09-29,0009X,ALFORJA,TARRAGONA,406,"19,8","0,0","13,8",23:27,"25,7",14:08,28,"2,2","11,1",06:20,,,,,
2021-09-30,0009X,ALFORJA,TARRAGONA,406,"18,4","0,0","12,2",22:35,"24,7",14:34,28,"2,5","9,4",02:20,,,,,
2021-10-01,0009X,ALFORJA,TARRAGONA,406,"18,1","0,0","10,6",05:03,"25,6",13:00,11,"1,1","6,1",12:10,,,,,
2021-10-02,0009X,ALFORJA,TARRAGONA,406,"19,2","0,2","13,8",05:12,"24,6",12:01,06,"1,4","8,3",22:50,,,,,
2021-10-03,0009X,ALFORJA,TARRAGONA,406,"18,6","6,6","11,5",23:40,"25,7",12:44,27,"3,1","13,6",21:20,,,,,
2021-10-04,0009X,ALFORJA,TARRAGONA,406,"14,6","0,0","10,3",06:18,"18,8",14:55,30,"5,0","13,9",06:40,,,,,
2021-10-05,0009X,ALFORJA,TARRAGONA,406,"18,2","0,0","12,6",02:28,"23,9",14:11,28,"5,3","13,6",16:00,,,,,
2021-10-06,0009X,ALFORJA,TARRAGONA,406,"17,6","0,0","13,4",06:11,"21,9",13:28,25,"4,2","11,7",09:10,,,,,
2021-10-07,0009X,ALFORJA,TARRAGONA,406,"16,9","0,0","10,1",21:19,"23,7",14:01,28,"2,8","9,2",03:30,,,,,
2021-10-08,0009X,ALFORJA,TARRAGONA,406,"16,0","0,0","11,3",00:33,"20,8",13:56,08,"0,8","5,8",11:50,,,,,
2021-10-09,0009X,ALFORJA,TARRAGONA,406,"16,0","0,0","10,7",23:10,"21,3",10:54,28,"1,4","5,8",08:00,,,,,
2021-10-10,0009X,ALFORJA,TARRAGONA,406,"16,3","0,0","10,5",23:56,"22,1",13:29,29,"2,2","10,3",03:00,,,,,
2021-10-11,0009X,ALFORJA,TARRAGONA,406,"16,7","0,0","10,1",19:56,"23,3",13:49,24,"3,6","9,4",07:10,,,,,
2021-10-12,0009X,ALFORJA,TARRAGONA,406,"17,2","0,0","10,9",Varias,"23,5",13:38,26,"3,9","10,0",09:00,,,,,
2021-10-13,0009X,ALFORJA,TARRAGONA,406,"17,0","0,0","11,1",20:23,"22,9",13:56,29,"3,1","11,9",05:30,,,,,
2021-10-14,0009X,ALFORJA,TARRAGONA,406,,,,,,,,"1,7",,,,,,,
2021-10-15,0009X,ALFORJA,TARRAGONA,406,"17,4","0,0","11,5",24:00,"23,2",13:32,28,"2,8","7,5",13:00,,,,,
2021-10-16,0009X,ALFORJA,TARRAGONA,406,"17,0","0,0","10,5",04:58,"23,5",12:41,08,"2,2","7,5",13:30,,,,,
2021-10-17,0009X,ALFORJA,TARRAGONA,406,"16,2","0,4","12,1",21:56,"20,2",12:51,13,"0,6","5,0",14:10,,,,,
2021-10-18,0009X,ALFORJA,TARRAGONA,406,"17,0","0,0","11,6",05:41,"22,5",09:54,14,"0,8","4,7",10:10,,,,,
2021-10-19,0009X,ALFORJA,TARRAGONA,406,"17,3",,"11,5",00:21,"23,1",12:42,13,"1,9","5,8",12:30,,,,,
2021-10-20,0009X,ALFORJA,TARRAGONA,406,,"0,0",,,,,,,,,,,,,
2021-10-21,0009X,ALFORJA,TARRAGONA,406,"17,4","0,0","11,8",02:16,"22,9",11:42,28,"2,2","9,4",08:50,,,,,
2021-10-22,0009X,ALFORJA,TARRAGONA,406,"14,2","0,0","10,2",20:57,"18,3",13:54,27,"3,6","10,6",05:30,,,,,
2021-10-23,0009X,ALFORJA,TARRAGONA,406,"14,4","0,0","7,9",19:53,"20,9",14:33,26,"2,8","13,9",08:20,,,,,
2021-10-24,0009X,ALFORJA,TARRAGONA,406,"15,0","0,0","8,0",21:10,"21,9",12:57,99,"2,2","5,0",Varias,,,,,
2021-10-25,0009X,ALFORJA,TARRAGONA,406,"14,7","0,0","7,4",06:15,"22,0",12:46,14,"1,1","5,8",13:50,,,,,
2021-10-26,0009X,ALFORJA,TARRAGONA,406,"14,2","0,0","7,5",03:15,"20,9",13:27,26,"2,5","8,6",08:20,,,,,
2021-10-27,0009X,ALFORJA,TARRAGONA,406,"14,2","0,0","7,5",05:50,"21,0",11:45,10,"1,4","6,1",13:20,,,,,
2021-10-28,0009X,ALFORJA,TARRAGONA,406,"13,4","0,0","6,9",05:41,"20,0",12:16,10,"1,1","5,3",12:00,,,,,
2021-10-29,0009X,ALFORJA,TARRAGONA,406,"16,2","14,2","12,7",00:01,"19,8",12:53,11,"1,4","4,4",13:50,,,,,
2021-10-30,0009X,ALFORJA,TARRAGONA,406,"17,0","0,2","13,8",02:38,"20,1",13:22,09,"1,1","6,1",06:40,,,,,
2021-10-31,0009X,ALFORJA,TARRAGONA,406,"18,8","3,0","13,3",03:59,"24,4",13:43,28,"3,6","11,4",12:40,,,,,
2021-11-01,0009X,ALFORJA,TARRAGONA,406,"16,0","0,0","12,0",23:39,"19,9",12:34,28,"6,1","16,1",13:10,,,,,
2021-11-02,0009X,ALFORJA,TARRAGONA,406,"12,4","0,2","8,3",22:44,"16,5",13:00,26,"3,6","11,7",03:30,,,,,
2021-11-03,0009X,ALFORJA,TARRAGONA,406,"11,2","0,0","7,4",23:59,"15,0",12:24,27,"6,1","17,2",15:10,,,,,
2021-11-04,0009X,ALFORJA,TARRAGONA,406,"9,7","0,0","5,8",05:17,"13,6",14:15,28,"4,7","13,3",07:20,,,,,
2021-11-05,0009X,ALFORJA,TARRAGONA,406,"9,8","0,0","5,1",06:43,"14,6",14:14,28,"4,2","12,8",07:50,,,,,
2021-11-06,0009X,ALFORJA,TARRAGONA,406,"9,0","0,0","3,9",06:04,"14,1",13:31,28,"5,6","15,6",09:10,,,,,
2021-11-07,0009X,ALFORJA,TARRAGONA,406,"9,6","0,0","4,3",05:50,"15,0",14:04,27,"8,6","16,9",10:30,,,,,
2021-11-08,0009X,ALFORJA,TARRAGONA,406,"13,0","0,0","8,1",02:25,"18,0",13:27,26,"6,9","14,4",09:20,,,,,
2021-11-09,0009X,ALFORJA,TARRAGONA,406,"11,6","0,0","6,7",06:32,"16,4",13:16,28,"4,4","11,4",04:40,,,,,
2021-11-10,0009X,ALFORJA,TARRAGONA,406,"11,0","1,2","7,8",06:49,"14,1",00:01,31,"5,3","13,6",09:20,,,,,
2021-11-11,0009X,ALFORJA,TARRAGONA,406,"12,4","1,6","8,2",07:18,"16,5",14:42,34,"3,9","13,9",11:50,,,,,
2021-11-12,0009X,ALFORJA,TARRAGONA,406,"12,2","0,0","9,1",09:15,"15,3",02:12,28,"4,7","13,6",10:00,,,,,
2021-11-13,0009X,ALFORJA,TARRAGONA,406,"13,0","0,0","9,0",06:45,"16,9",13:34,24,"4,7","12,2",07:40,,,,,
2021-11-14,0009X,ALFORJA,TARRAGONA,406,"12,8","0,0","8,9",23:37,"16,6",14:37,99,"4,7","12,8",07:40,,,,,
2021-11-15,0009X,ALFORJA,TARRAGONA,406,"11,2","0,0","6,5",Varias,"15,8",15:15,28,"5,8","12,5",19:50,,,,,
2021-11-16,0009X,ALFORJA,TARRAGONA,406,"9,5","0,0","6,7",04:59,"12,3",19:27,27,"5,3","11,4",10:00,,,,,
2021-11-17,0009X,ALFORJA,TARRAGONA,406,"10,0","0,0","6,1",Varias,"14,0",14:09,28,"5,8","14,2",08:30,,,,,
2021-11-18,0009X,ALFORJA,TARRAGONA,406,"9,1","0,0","3,6",22:05,"14,6",13:29,27,"3,9","10,3",11:00,,,,,
2021-11-19,0009X,ALFORJA,TARRAGONA,406,"10,3","0,0","2,8",02:31,"17,8",12:30,12,"1,4","4,4",11:40,,,,,
2021-11-20,0009X,ALFORJA,TARRAGONA,406,"10,2","0,0","4,1",03:04,"16,2",12:05,99,"0,8","3,6",Varias,,,,,
2021-11-21,0009X,ALFORJA,TARRAGONA,406,"11,0","0,0","6,4",05:04,"15,5",13:28,26,"3,3","10,6",11:00,,,,,
2021-11-22,0009X,ALFORJA,TARRAGONA,406,"11,7","19,4","7,1",06:34,"16,3",13:14,30,"2,2","10,8",08:00,,,,,
2021-11-23,0009X,ALFORJA,TARRAGONA,406,"8,2","43,0","5,5",24:00,"10,9",15:05,11,"3,3","13,6",13:10,,,,,
2021-11-24,0009X,ALFORJA,TARRAGONA,406,"7,8","23,4","4,0",04:36,"11,6",11:46,05,"3,6","8,9",11:00,,,,,
2021-11-25,0009X,ALFORJA,TARRAGONA,406,"7,4","0,0","4,4",04:08,"10,4",11:01,27,"3,9","12,8",23:40,,,,,
2021-11-26,0009X,ALFORJA,TARRAGONA,406,"7,6","0,0","4,8",Varias,"10,3",14:23,26,"8,1","16,7",18:10,,,,,
2021-11-27,0009X,ALFORJA,TARRAGONA,406,"7,6","0,0","3,9",21:49,"11,2",12:39,27,"6,7","18,6",15:00,,,,,
2021-11-28,0009X,ALFORJA,TARRAGONA,406,"5,5","0,0","3,0",04:36,"8,0",11:49,26,"7,8","21,4",13:50,,,,,
2021-11-29,0009X,ALFORJA,TARRAGONA,406,"8,2","0,0","4,6",24:00,"11,7",Varias,28,"5,3","13,9",16:00,,,,,
2021-11-30,0009X,ALFORJA,TARRAGONA,406,"7,6","0,0","2,3",01:08,"12,9",14:46,28,"3,6","10,3",09:10,,,,,
2021-12-01,0009X,ALFORJA,TARRAGONA,406,"9,7","0,0","6,4",05:36,"13,0",14:02,29,"5,3","13,6",23:30,,,,,
2021-12-02,0009X,ALFORJA,TARRAGONA,406,"7,4","0,0","3,5",22:43,"11,2",13:20,28,"6,9","16,4",07:50,,,,,
2021-12-03,0009X,ALFORJA,TARRAGONA,406,"8,3","0,0","4,5",00:01,"12,1",13:34,28,"6,4","15,8",14:40,,,,,
2021-12-04,0009X,ALFORJA,TARRAGONA,406,"11,6","0,2","8,4",24:00,"14,9",12:18,26,"7,5","20,6",16:10,,,,,
2021-12-05,0009X,ALFORJA,TARRAGONA,406,"6,6","0,8","4,5",19:47,"8,8",14:04,26,"5,6","16,7",03:50,,,,,
2021-12-06,0009X,ALFORJA,TARRAGONA,406,"7,9","0,0","3,8",05:07,"12,0",14:10,26,"5,0","17,8",00:10,,,,,
2021-12-07,0009X,ALFORJA,TARRAGONA,406,"12,4","0,8","8,2",17:18,"16,5",11:56,28,"2,5","15,0",00:10,,,,,
2021-12-08,0009X,ALFORJA,TARRAGONA,406,"9,2","1,0","4,6",23:56,"13,7",00:01,25,"6,7","17,5",17:50,,,,,
2021-12-09,0009X,ALFORJA,TARRAGONA,406,"7,8","2,6","4,3",00:32,"11,2",21:34,27,"5,3","17,5",18:40,,,,,
2021-12-10,0009X,ALFORJA,TARRAGONA,406,"11,9","0,2","9,0",Varias,"14,8",11:44,32,"8,6","26,4",17:00,,,,,
2021-12-11,0009X,ALFORJA,TARRAGONA,406,"10,4","0,0","4,6",21:14,"16,1",13:09,29,"3,3","15,0",00:30,,,,,
2021-12-12,0009X,ALFORJA,TARRAGONA,406,"9,6","0,0","4,8",20:57,"14,3",13:47,28,"3,9","11,7",07:20,,,,,
2021-12-13,0009X,ALFORJA,TARRAGONA,406,"10,0","0,0","3,9",04:23,"16,0",12:59,26,"1,1","4,7",01:00,,,,,
2021-12-14,0009X,ALFORJA,TARRAGONA,406,"8,2","0,0","2,8",04:31,"13,7",12:50,99,"2,2","5,8",Varias,,,,,
2021-12-15,0009X,ALFORJA,TARRAGONA,406,"9,4","0,0","3,4",01:31,"15,4",13:36,26,"2,8","8,1",07:00,,,,,
2021-12-16,0009X,ALFORJA,TARRAGONA,406,"8,6","0,0","1,5",06:33,"15,7",14:02,09,"1,4","3,9",14:10,,,,,
2021-12-17,0009X,ALFORJA,TARRAGONA,406,"6,2","0,0","1,0",00:24,"11,3",14:38,14,"1,1","3,9",12:10,,,,,
2021-12-18,0009X,ALFORJA,TARRAGONA,406,"8,2","0,0","1,5",06:50,"14,8",11:37,26,"2,2","5,8",12:50,,,,,
2021-12-19,0009X,ALFORJA,TARRAGONA,406,"7,1","0,0","1,1",22:05,"13,1",12:33,26,"2,5","7,5",13:40,,,,,
2021-12-20,0009X,ALFORJA,TARRAGONA,406,"7,1","0,0","1,8",21:02,"12,4",Varias,29,"3,9","10,3",09:00,,,,,
2021-12-21,0009X,ALFORJA,TARRAGONA,406,"9,5","0,0","3,9",21:40,"15,1",12:34,28,"2,5","9,4",07:20,,,,,
2021-12-22,0009X,ALFORJA,TARRAGONA,406,"8,0","0,8","4,8",02:59,"11,1",13:44,12,"1,1","3,3",15:30,,,,,
2021-12-23,0009X,ALFORJA,TARRAGONA,406,"11,1","0,0","9,0",Varias,"13,2",14:34,27,"1,4","3,3",11:20,,,,,
2021-12-24,0009X,ALFORJA,TARRAGONA,406,"12,0","1,0","9,6",23:57,"14,4",13:21,11,"0,8","3,3",13:40,,,,,
2021-12-25,0009X,ALFORJA,TARRAGONA,406,"12,0","0,0","7,4",01:49,"16,6",13:45,27,"3,1","9,7",13:30,,,,,
2021-12-26,0009X,ALFORJA,TARRAGONA,406,"12,2","0,0","8,4",19:14,"16,0",12:07,31,"3,3","13,3",07:20,,,,,
2021-12-27,0009X,ALFORJA,TARRAGONA,406,"14,4","0,0","11,0",00:15,"17,8",12:35,27,"5,6","17,5",14:00,,,,,
2021-12-28,0009X,ALFORJA,TARRAGONA,406,"14,8","0,0","11,9",08:43,"17,8",14:24,32,"6,4","17,8",14:10,,,,,
2021-12-29,0009X,ALFORJA,TARRAGONA,406,"15,7","0,0","13,3",Varias,"18,1",12:41,26,"7,8","20,0",07:40,,,,,
2021-12-30,0009X,ALFORJA,TARRAGONA,406,"13,8","0,2","7,3",22:52,"20,2",14:22,24,"3,9","11,4",04:00,,,,,
2021-12-31,0009X,ALFORJA,TARRAGONA,406,"13,8","0,0","6,4",23:05,"21,2",13:08,23,"1,4","7,8",13:40,,,,,
2022-01-01,0009X,ALFORJA,TARRAGONA,406,"14,6","0,0","6,5",00:23,"22,6",Varias,30,"3,9","10,0",09:30,,,,,
2022-01-02,0009X,ALFORJA,TARRAGONA,406,"14,0","0,0","5,3",23:43,"22,7",11:27,30,"1,9","7,8",11:50,,,,,
2022-01-03,0009X,ALFORJA,TARRAGONA,406,"12,1","0,0","5,2",00:23,"19,0",12:31,28,"2,2","6,7",20:50,,,,,
2022-01-04,0009X,ALFORJA,TARRAGONA,406,"13,5","2,4","6,4",23:57,"20,6",14:02,25,"3,6","16,9",23:20,,,,,
2022-01-05,0009X,ALFORJA,TARRAGONA,406,"6,2","0,0","2,9",23:54,"9,5",12:58,27,"7,2","18,3",14:00,,,,,
2022-01-06,0009X,ALFORJA,TARRAGONA,406,"3,6","0,0","0,2",06:37,"7,0",15:01,26,"7,2","16,1",13:10,,,,,
2022-01-07,0009X,ALFORJA,TARRAGONA,406,"7,0","0,0","2,1",00:07,"11,9",15:15,28,"5,6","14,2",11:30,,,,,
2022-01-08,0009X,ALFORJA,TARRAGONA,406,"8,0","0,0","4,8",01:47,"11,3",12:39,27,"6,4","16,4",15:00,,,,,
2022-01-09,0009X,ALFORJA,TARRAGONA,406,"10,8","0,0","8,2",Varias,"13,3",23:54,28,"8,6","22,8",14:50,,,,,
2022-01-10,0009X,ALFORJA,TARRAGONA,406,"12,4","0,0","8,3",17:36,"16,6",10:42,24,"3,1","19,2",01:30,,,,,
2022-01-11,0009X,ALFORJA,TARRAGONA,406,"9,8","0,0","4,4",23:13,"15,1",13:52,30,"3,1","9,2",21:30,,,,,
2022-01-12,0009X,ALFORJA,TARRAGONA,406,"6,3","0,0","0,7",19:56,"11,9",13:50,26,"3,1","8,9",09:40,,,,,
2022-01-13,0009X,ALFORJA,TARRAGONA,406,"6,8","0,0","-0,3",23:56,"13,8",12:29,26,"2,2","6,1",06:40,,,,,
2022-01-14,0009X,ALFORJA,TARRAGONA,406,"5,0","0,0","-2,7",06:41,"12,6",12:32,23,"1,4","5,0",13:10,,,,,
2022-01-15,0009X,ALFORJA,TARRAGONA,406,"7,4","0,0","2,8",00:31,"12,1",13:33,25,"4,2","10,0",12:10,,,,,
2022-01-16,0009X,ALFORJA,TARRAGONA,406,"6,6","0,0","2,4",06:45,"10,8",13:21,28,"5,0","12,5",10:20,,,,,
2022-01-17,0009X,ALFORJA,TARRAGONA,406,"7,8","0,0","4,5",06:21,"11,0",14:22,27,"5,3","12,2",09:40,,,,,
2022-01-18,0009X,ALFORJA,TARRAGONA,406,"7,0","0,0","-0,2",24:00,"14,1",13:28,24,"2,8","10,3",01:10,,,,,
2022-01-19,0009X,ALFORJA,TARRAGONA,406,"5,2","0,0","-1,0",04:43,"11,3",13:45,28,"2,5","8,9",14:20,,,,,
2022-01-20,0009X,ALFORJA,TARRAGONA,406,"6,4","0,0","2,1",07:10,"10,8",14:59,27,"5,0","11,1",21:40,,,,,
2022-01-21,0009X,ALFORJA,TARRAGONA,406,"5,6","0,0","1,6",23:49,"9,5",14:47,28,"4,7","13,6",01:10,,,,,
2022-01-22,0009X,ALFORJA,TARRAGONA,406,"4,0","0,0","-1,5",22:19,"9,5",13:58,26,"3,9","12,2",01:30,,,,,
2022-01-23,0009X,ALFORJA,TARRAGONA,406,"4,7","0,0","-2,8",04:22,"12,2",12:30,12,"1,7","5,6",13:30,,,,,
2022-01-24,0009X,ALFORJA,TARRAGONA,406,"5,7","0,0","-1,1",05:17,"12,5",13:39,25,"1,4","4,4",19:30,,,,,
2022-01-25,0009X,ALFORJA,TARRAGONA,406,"7,0","0,0","-0,4",07:14,"14,4",13:09,10,"1,4","4,7",13:10,,,,,
2022-01-26,0009X,ALFORJA,TARRAGONA,406,"8,6","0,0","0,1",01:14,"17,0",13:19,24,"2,5","7,2",23:30,,,,,
2022-01-27,0009X,ALFORJA,TARRAGONA,406,"9,6","0,0","3,1",22:48,"16,0",14:27,22,"3,3","10,0",09:20,,,,,
2022-01-28,0009X,ALFORJA,TARRAGONA,406,"9,0","0,0","4,4",07:18,"13,7",13:56,23,"6,1","12,8",10:50,,,,,
2022-01-29,0009X,ALFORJA,TARRAGONA,406,"11,6","0,0","6,4",Varias,"16,7",14:09,30,"4,2","13,6",10:00,,,,,
2022-01-30,0009X,ALFORJA,TARRAGONA,406,"10,0","0,0","2,8",03:37,"17,3",14:57,25,"5,6","12,8",12:10,,,,,
2022-01-31,0009X,ALFORJA,TARRAGONA,406,"10,0","0,0","6,1",07:13,"13,8",15:02,28,"8,6","18,6",06:50,,,,,
2022-02-01,0009X,ALFORJA,TARRAGONA,406,"8,8","0,0","4,9",07:03,"12,8",14:57,29,"8,6","20,0",23:40,,,,,
2022-02-02,0009X,ALFORJA,TARRAGONA,406,"12,4","0,0","6,4",03:47,"18,4",15:28,27,"6,9","19,2",01:40,,,,,
2022-02-03,0009X,ALFORJA,TARRAGONA,406,"14,4","0,0","7,3",22:57,"21,6",14:53,27,"3,3","8,9",14:10,,,,,
2022-02-04,0009X,ALFORJA,TARRAGONA,406,"11,2","0,0","5,4",02:58,"17,0",13:43,28,"3,3","10,6",13:30,,,,,
2022-02-05,0009X,ALFORJA,TARRAGONA,406,"9,6","0,0","6,1",23:47,"13,0",15:10,28,"3,1","12,8",03:40,,,,,
2022-02-06,0009X,ALFORJA,TARRAGONA,406,"7,8","0,0","3,4",06:53,"12,2",14:38,26,"5,8","12,8",23:59,,,,,
2022-02-07,0009X,ALFORJA,TARRAGONA,406,"10,0","0,0","4,8",03:17,"15,2",14:42,28,"8,9","16,9",08:20,,,,,
2022-02-08,0009X,ALFORJA,TARRAGONA,406,"10,0","0,0","3,2",22:04,"16,9",13:56,28,"1,9","13,1",01:40,,,,,
2022-02-09,0009X,ALFORJA,TARRAGONA,406,"9,0","0,0","2,4",05:10,"15,5",12:58,12,"1,4","5,3",13:40,,,,,
2022-02-10,0009X,ALFORJA,TARRAGONA,406,"8,8","0,0","2,2",22:57,"15,5",14:18,23,"2,2","8,1",09:20,,,,,
2022-02-11,0009X,ALFORJA,TARRAGONA,406,"9,4","0,0","2,2",00:05,"16,5",13:31,24,"2,5","7,5",08:20,,,,,
2022-02-12,0009X,ALFORJA,TARRAGONA,406,"8,9","0,4","4,9",04:35,"12,9",11:51,14,"1,9","6,4",14:00,,,,,
2022-02-13,0009X,ALFORJA,TARRAGONA,406,"11,0","1,4","9,4",Varias,"12,5",12:41,12,"1,7","6,4",05:40,,,,,
2022-02-14,0009X,ALFORJA,TARRAGONA,406,"10,3","0,0","7,3",23:57,"13,3",14:06,28,"6,4","16,9",13:30,,,,,
2022-02-15,0009X,ALFORJA,TARRAGONA,406,"10,0","0,0","5,7",Varias,"14,2",13:57,28,"5,8","13,3",07:50,,,,,
2022-02-16,0009X,ALFORJA,TARRAGONA,406,"12,7","0,0","9,0",03:23,"16,4",16:07,29,"7,5","18,9",10:10,,,,,
2022-02-17,0009X,ALFORJA,TARRAGONA,406,"13,8",,"7,6",21:36,"20,0",15:09,26,"5,3","18,3",07:40,,,,,
2022-02-18,0009X,ALFORJA,TARRAGONA,406,"13,6","0,0","6,0",06:01,"21,1",13:08,,"1,1",,,,,,,
2022-02-19,0009X,ALFORJA,TARRAGONA,406,"7,8","0,4","5,5",Varias,"10,2",00:01,27,"6,1","11,7",18:20,,,,,
2022-02-20,0009X,ALFORJA,TARRAGONA,406,"9,1","0,0","3,8",06:45,"14,4",14:48,28,"5,0","13,9",01:30,,,,,
2022-02-21,0009X,ALFORJA,TARRAGONA,406,"13,3","0,0","8,2",23:50,"18,4",14:59,27,"6,4","17,5",05:00,,,,,
2022-02-22,0009X,ALFORJA,TARRAGONA,406,"12,0","0,0","5,5",06:43,"18,4",15:23,28,"6,4","16,7",05:40,,,,,
2022-02-23,0009X,ALFORJA,TARRAGONA,406,"10,0","0,0","2,4",05:53,"17,6",12:24,99,"1,4","6,4",Varias,,,,,
2022-02-24,0009X,ALFORJA,TARRAGONA,406,"9,8","0,0","2,6",06:36,"17,0",12:25,99,"1,1","7,8",Varias,,,,,
2022-02-25,0009X,ALFORJA,TARRAGONA,406,"10,0","0,0","5,0",20:53,"14,9",14:08,32,"3,6","10,3",03:00,,,,,
2022-02-26,0009X,ALFORJA,TARRAGONA,406,"7,8","0,0","3,3",06:07,"12,4",14:42,14,"1,1","7,2",09:30,,,,,
2022-02-27,0009X,ALFORJA,TARRAGONA,406,"8,6","0,0","3,5",02:27,"13,8",12:21,20,"0,8","5,6",12:30,,,,,
2022-02-28,0009X,ALFORJA,TARRAGONA,406,"8,2","0,0","2,3",07:07,"14,2",14:30,15,"1,4","5,3",15:00,,,,,
2022-03-01,0009X,ALFORJA,TARRAGONA,406,"10,5","0,0","2,8",01:55,"18,2",12:27,13,"2,2","6,7",14:20,,,,,
2022-03-02,0009X,ALFORJA,TARRAGONA,406,"10,8","0,8","6,3",00:55,"15,3",12:42,30,"0,8","11,7",23:40,,,,,
2022-03-03,0009X,ALFORJA,TARRAGONA,406,"10,8","0,0","4,6",06:27,"17,0",13:10,30,"2,5","13,1",00:30,,,,,
2022-03-04,0009X,ALFORJA,TARRAGONA,406,"10,1","0,0","4,8",00:20,"15,4",13:13,27,"6,1","15,0",23:50,,,,,
2022-03-05,0009X,ALFORJA,TARRAGONA,406,"8,6","0,0","4,8",22:49,"12,3",14:34,28,"3,9","14,2",00:40,,,,,
2022-03-06,0009X,ALFORJA,TARRAGONA,406,"6,6","1,8","4,5",23:16,"8,7",15:16,29,"2,2","8,9",07:20,,,,,
2022-03-07,0009X,ALFORJA,TARRAGONA,406,"6,8","5,2","4,1",23:10,"9,4",15:58,14,"0,8","4,4",15:00,,,,,
2022-03-08,0009X,ALFORJA,TARRAGONA,406,"6,7","3,6","2,5",22:00,"10,9",14:00,26,"0,6","7,8",15:40,,,,,
2022-03-09,0009X,ALFORJA,TARRAGONA,406,"8,5","0,0","1,9",02:17,"15,1",13:56,11,"1,4","6,9",13:00,,,,,
2022-03-10,0009X,ALFORJA,TARRAGONA,406,"10,3","0,8","7,7",01:50,"12,9",13:41,11,"1,9","7,2",11:40,,,,,
2022-03-11,0009X,ALFORJA,TARRAGONA,406,"10,0","41,4","9,1",00:01,"10,9",13:03,16,"1,4","6,1",22:40,,,,,
2022-03-12,0009X,ALFORJA,TARRAGONA,406,"8,8","2,0","4,0",23:41,"13,7",16:30,27,"4,4","11,7",13:30,,,,,
2022-03-13,0009X,ALFORJA,TARRAGONA,406,"9,5","1,2","4,2",00:01,"14,8",16:43,27,"2,2","12,5",12:00,,,,,
2022-03-14,0009X,ALFORJA,TARRAGONA,406,"10,7","2,4","8,5",05:09,"12,9",14:52,10,"4,4","14,7",14:00,,,,,
2022-03-15,0009X,ALFORJA,TARRAGONA,406,"12,6","0,0","9,8",23:08,"15,5",13:13,09,"3,9","10,6",12:40,,,,,
2022-03-16,0009X,ALFORJA,TARRAGONA,406,"12,6","0,0","9,6",02:57,"15,7",14:27,03,"1,4","8,1",23:40,,,,,
2022-03-17,0009X,ALFORJA,TARRAGONA,406,"11,8","3,4","8,8",23:46,"14,7",12:50,04,"1,1","10,8",01:10,,,,,
2022-03-18,0009X,ALFORJA,TARRAGONA,406,"9,0","2,8","5,6",21:43,"12,3",09:22,32,"2,5","10,0",00:30,,,,,
2022-03-19,0009X,ALFORJA,TARRAGONA,406,"9,5","0,0","6,7",00:01,"12,3",12:01,10,"2,5","10,0",13:20,,,,,
2022-03-20,0009X,ALFORJA,TARRAGONA,406,"10,2","1,0","7,5",02:09,"13,0",12:18,10,"2,2","10,6",21:30,,,,,
2022-03-21,0009X,ALFORJA,TARRAGONA,406,"9,4","0,4","7,5",23:50,"11,2",12:47,10,"5,0","14,2",13:30,,,,,
2022-03-22,0009X,ALFORJA,TARRAGONA,406,"9,5","0,8","6,4",19:52,"12,6",13:32,13,"3,6","10,8",14:30,,,,,
2022-03-23,0009X,ALFORJA,TARRAGONA,406,"8,8","1,6","6,7",20:18,"11,0",09:49,10,"2,8","10,3",07:40,,,,,
2022-03-24,0009X,ALFORJA,TARRAGONA,406,"8,0","0,4","5,7",02:47,"10,3",12:07,11,"1,9","8,1",09:40,,,,,
2022-03-25,0009X,ALFORJA,TARRAGONA,406,"12,0","0,2","7,3",01:48,"16,8",14:30,10,"2,5","10,3",10:10,,,,,
2022-03-26,0009X,ALFORJA,TARRAGONA,406,"8,3","8,8","6,9",22:32,"9,7",05:00,99,"1,1","5,6",Varias,,,,,
2022-03-27,0009X,ALFORJA,TARRAGONA,406,"12,4","0,0","5,3",23:03,"19,5",14:17,10,"1,9","8,3",10:40,,,,,
2022-03-28,0009X,ALFORJA,TARRAGONA,406,"11,3","0,0","4,0",05:47,"18,6",13:29,12,"1,4","7,2",12:10,,,,,
2022-03-29,0009X,ALFORJA,TARRAGONA,406,"10,3","1,6","4,6",00:19,"16,0",14:50,30,"1,7","6,7",23:40,,,,,
2022-03-30,0009X,ALFORJA,TARRAGONA,406,"11,7","0,6","8,1",Varias,"15,3",14:56,27,"1,9","12,5",23:40,,,,,
2022-03-31,0009X,ALFORJA,TARRAGONA,406,"11,3","0,0","6,7",05:47,"15,9",12:50,27,"6,9","16,9",16:10,,,,,
2022-04-01,0009X,ALFORJA,TARRAGONA,406,"6,9","0,0","2,4",23:35,"11,4",12:04,26,"6,7","20,6",15:10,,,,,
2022-04-02,0009X,ALFORJA,TARRAGONA,406,"7,2","0,0","1,6",04:02,"12,7",14:24,28,"6,4","21,4",09:40,,,,,
2022-04-03,0009X,ALFORJA,TARRAGONA,406,"6,0","0,0","0,1",Varias,"11,8",11:44,32,"3,3","11,1",04:10,,,,,
2022-04-04,0009X,ALFORJA,TARRAGONA,406,"6,4",,"0,6",23:54,"12,2",12:18,,"2,5",,,,,,,
2022-04-05,0009X,ALFORJA,TARRAGONA,406,,"0,0",,,,,,"1,7",,,,,,,
2022-04-06,0009X,ALFORJA,TARRAGONA,406,"12,0","0,0","5,4",00:05,"18,7",15:05,24,"3,3","10,3",12:30,,,,,
2022-04-07,0009X,ALFORJA,TARRAGONA,406,"16,6","0,0","10,0",02:48,"23,3",15:57,26,"4,2","13,6",11:50,,,,,
2022-04-08,0009X,ALFORJA,TARRAGONA,406,"17,4","0,0","12,9",05:53,"21,8",15:05,27,"5,8","16,4",15:30,,,,,
2022-04-09,0009X,ALFORJA,TARRAGONA,406,"14,0","0,0","8,8",20:06,"19,2",13:43,26,"5,8","17,8",01:10,,,,,
2022-04-10,0009X,ALFORJA,TARRAGONA,406,"10,4","4,2","8,2",23:56,"12,5",13:30,10,"1,7","6,7",10:10,,,,,
2022-04-11,0009X,ALFORJA,TARRAGONA,406,"12,2","0,0","6,0",04:55,"18,4",12:51,13,"3,1","8,9",13:20,,,,,
2022-04-12,0009X,ALFORJA,TARRAGONA,406,"12,2","7,8","10,1",03:35,"14,4",08:33,11,"1,7","9,4",00:20,,,,,
2022-04-13,0009X,ALFORJA,TARRAGONA,406,"10,6","10,4","8,4",23:53,"12,7",Varias,10,"1,7","9,2",10:40,,,,,
2022-04-14,0009X,ALFORJA,TARRAGONA,406,"15,2","0,0","7,9",00:38,"22,4",12:18,08,"2,8","10,3",11:50,,,,,
2022-04-15,0009X,ALFORJA,TARRAGONA,406,"16,9","0,0","9,7",23:31,"24,1",15:03,31,"4,7","12,2",06:30,,,,,
2022-04-16,0009X,ALFORJA,TARRAGONA,406,"18,0","0,0","10,1",00:01,"25,8",14:24,27,"4,2","12,5",23:59,,,,,
2022-04-17,0009X,ALFORJA,TARRAGONA,406,"15,8","0,0","8,2",23:47,"23,3",11:28,99,"3,1","12,5",Varias,,,,,
2022-04-18,0009X,ALFORJA,TARRAGONA,406,"15,4","0,0","7,9",23:40,"22,9",12:16,27,"2,2","12,5",08:10,,,,,
2022-04-19,0009X,ALFORJA,TARRAGONA,406,"13,9","3,0","8,2",00:01,"19,6",10:24,25,"1,7","8,1",23:30,,,,,
2022-04-20,0009X,ALFORJA,TARRAGONA,406,"10,6","33,0","7,7",04:45,"13,6",16:29,10,"2,2","8,6",17:20,,,,,
2022-04-21,0009X,ALFORJA,TARRAGONA,406,"11,2","1,6","7,9",08:16,"14,4",15:55,26,"4,4","13,3",14:40,,,,,
2022-04-22,0009X,ALFORJA,TARRAGONA,406,"13,9","1,6","7,7",23:15,"20,1",12:18,29,"2,8","10,6",00:10,,,,,
2022-04-23,0009X,ALFORJA,TARRAGONA,406,"12,2","4,8","8,3",18:50,"16,2",10:14,25,"2,8","16,4",17:50,,,,,
2022-04-24,0009X,ALFORJA,TARRAGONA,406,"14,6","0,0","8,6",22:15,"20,7",14:23,27,"5,0","16,7",11:10,,,,,
2022-04-25,0009X,ALFORJA,TARRAGONA,406,"14,4","0,0","7,4",23:33,"21,3",13:36,31,"1,7","7,5",03:50,,,,,
2022-04-26,0009X,ALFORJA,TARRAGONA,406,"13,8","0,0","5,7",04:24,"21,8",12:54,12,"1,1","6,4",14:50,,,,,
2022-04-27,0009X,ALFORJA,TARRAGONA,406,"14,0","0,0","8,3",02:26,"19,7",13:35,14,"0,8","6,1",15:30,,,,,
2022-04-28,0009X,ALFORJA,TARRAGONA,406,"15,5","0,0","10,1",Varias,"20,9",11:27,32,"1,1","8,9",22:20,,,,,
2022-04-29,0009X,ALFORJA,TARRAGONA,406,"17,0","0,0","10,1",23:48,"24,0",12:41,24,"3,1","10,0",07:10,,,,,
2022-04-30,0009X,ALFORJA,TARRAGONA,406,"17,2","0,0","10,2",00:10,"24,3",14:53,19,"3,3","10,0",14:50,,,,,
2022-05-01,0009X,ALFORJA,TARRAGONA,406,"16,0","0,0","9,2",02:55,"22,8",12:46,12,"2,8","9,2",12:40,,,,,
2022-05-02,0009X,ALFORJA,TARRAGONA,406,"13,8","5,4","9,5",01:33,"18,2",14:59,08,"1,9","7,5",13:50,,,,,
2022-05-03,0009X,ALFORJA,TARRAGONA,406,"13,6","0,0","8,1",23:47,"19,0",14:01,12,"1,9","8,3",10:00,,,,,
2022-05-04,0009X,ALFORJA,TARRAGONA,406,"13,8","0,0","8,0",00:22,"19,7",12:09,15,"1,7","5,3",13:00,,,,,
2022-05-05,0009X,ALFORJA,TARRAGONA,406,"16,6","0,0","10,4",21:30,"22,9",15:08,99,"3,6","11,4",Varias,,,,,
2022-05-06,0009X,ALFORJA,TARRAGONA,406,"16,6","0,0","9,2",23:19,"23,9",15:52,27,"5,0","13,6",12:40,,,,,
2022-05-07,0009X,ALFORJA,TARRAGONA,406,"17,4","0,0","10,1",23:59,"24,6",14:16,30,"4,2","12,2",06:50,,,,,
2022-05-08,0009X,ALFORJA,TARRAGONA,406,"16,6","0,0","9,0",01:19,"24,2",11:46,24,"2,5","8,9",09:00,,,,,
2022-05-09,0009X,ALFORJA,TARRAGONA,406,"18,0","1,0","9,9",02:06,"26,0",12:28,11,"2,2","7,8",11:30,,,,,
2022-05-10,0009X,ALFORJA,TARRAGONA,406,"17,6","0,0","9,4",01:16,"25,9",11:33,08,"1,4","6,4",11:00,,,,,
2022-05-11,0009X,ALFORJA,TARRAGONA,406,"17,0","0,0","9,0",04:56,"24,9",11:41,09,"1,9","6,4",10:50,,,,,
2022-05-12,0009X,ALFORJA,TARRAGONA,406,"17,0","0,0","8,6",04:03,"25,4",12:42,10,"1,9","7,2",12:10,,,,,
2022-05-13,0009X,ALFORJA,TARRAGONA,406,"17,4","0,0","9,0",02:45,"25,8",14:08,11,"1,7","6,9",14:40,,,,,
2022-05-14,0009X,ALFORJA,TARRAGONA,406,"19,4","0,0","10,6",04:36,"28,1",13:36,31,"1,4","7,2",22:30,,,,,
2022-05-15,0009X,ALFORJA,TARRAGONA,406,"19,6","0,0","11,8",03:47,"27,5",13:57,13,"1,9","8,1",11:20,,,,,
2022-05-16,0009X,ALFORJA,TARRAGONA,406,"21,0","0,0","11,7",04:00,"30,4",11:18,24,"1,9","6,9",09:20,,,,,
2022-05-17,0009X,ALFORJA,TARRAGONA,406,"21,3","0,0","12,4",02:53,"30,2",13:26,07,"1,4","6,4",13:00,,,,,
2022-05-18,0009X,ALFORJA,TARRAGONA,406,"22,6","0,0","13,8",04:33,"31,3",12:43,09,"1,9","7,2",12:50,,,,,
2022-05-19,0009X,ALFORJA,TARRAGONA,406,"21,2","0,0","13,8",23:17,"28,5",12:48,13,"2,5","7,2",14:20,,,,,
2022-05-20,0009X,ALFORJA,TARRAGONA,406,"21,8","0,0","13,1",03:18,"30,6",12:41,19,"1,4","7,2",10:50,,,,,
2022-05-21,0009X,ALFORJA,TARRAGONA,406,"22,2","0,0","13,6",04:40,"30,9",15:03,08,"1,7","6,1",13:40,,,,,
2022-05-22,0009X,ALFORJA,TARRAGONA,406,"23,8",,"13,3",04:01,"34,2",12:46,,"1,4",,,,,,,
2022-05-23,0009X,ALFORJA,TARRAGONA,406,,"0,0",,,,,,"4,7",,,,,,,
2022-05-24,0009X,ALFORJA,TARRAGONA,406,"14,8","24,0","11,0",23:34,"18,7",Varias,29,"2,2","11,4",21:00,,,,,
2022-05-25,0009X,ALFORJA,TARRAGONA,406,"14,5","1,4","9,9",05:17,"19,1",16:46,26,"3,9","12,5",00:20,,,,,
2022-05-26,0009X,ALFORJA,TARRAGONA,406,"18,3","0,0","10,7",04:28,"25,9",16:20,28,"4,7","15,0",01:30,,,,,
2022-05-27,0009X,ALFORJA,TARRAGONA,406,"21,3","0,0","13,3",04:50,"29,3",14:49,24,"3,6","12,5",07:20,,,,,
2022-05-29,0009X,ALFORJA,TARRAGONA,406,"19,8",,"13,5",23:52,"26,1",10:29,,"2,2",,,,,,,
2022-05-30,0009X,ALFORJA,TARRAGONA,406,"19,3","0,0","11,8",04:07,"26,8",12:26,13,"1,9","7,2",14:40,,,,,
2022-06-01,0009X,ALFORJA,TARRAGONA,406,"21,5","0,0","14,1",23:30,"28,9",11:45,09,"1,7","6,7",10:10,,,,,
2022-06-02,0009X,ALFORJA,TARRAGONA,406,"20,6","0,0","12,9",04:28,"28,4",12:11,08,"2,5","7,8",13:00,,,,,
2022-06-03,0009X,ALFORJA,TARRAGONA,406,"22,4","0,0","15,0",23:28,"29,7",12:03,26,"2,8","7,8",04:50,,,,,
2022-06-04,0009X,ALFORJA,TARRAGONA,406,"22,2","0,0","13,9",03:44,"30,6",12:07,11,"2,2","7,5",15:50,,,,,
2022-06-05,0009X,ALFORJA,TARRAGONA,406,"23,2","0,0","15,3",00:44,"31,2",12:20,29,"2,8","12,8",02:30,,,,,
2022-06-06,0009X,ALFORJA,TARRAGONA,406,"21,8","0,0","15,2",04:46,"28,5",11:33,10,"1,9","7,5",11:40,,,,,
2022-06-07,0009X,ALFORJA,TARRAGONA,406,"22,2","0,0","14,8",02:18,"29,6",11:43,09,"1,7","7,8",10:20,,,,,
2022-06-08,0009X,ALFORJA,TARRAGONA,406,"24,6","0,0","17,5",23:59,"31,8",13:53,26,"2,8","11,1",16:30,,,,,
2022-06-09,0009X,ALFORJA,TARRAGONA,406,"23,8","0,0","16,6",00:42,"31,1",15:18,27,"4,7","12,5",11:20,,,,,
2022-06-10,0009X,ALFORJA,TARRAGONA,406,"22,6","0,0","15,4",23:59,"29,9",12:35,27,"2,2","9,4",03:30,,,,,
2022-06-11,0009X,ALFORJA,TARRAGONA,406,"23,8","0,0","14,5",02:11,"33,1",12:43,09,"1,7","7,8",12:10,,,,,
2022-06-12,0009X,ALFORJA,TARRAGONA,406,"25,4","0,0","16,2",03:47,"34,7",12:37,12,"1,7","6,9",14:20,,,,,
2022-06-13,0009X,ALFORJA,TARRAGONA,406,"24,3","0,0","15,7",04:06,"32,9",12:54,12,"1,7","7,8",14:20,,,,,
2022-06-14,0009X,ALFORJA,TARRAGONA,406,"24,4","0,0","16,0",02:22,"32,7",11:49,28,"1,9","8,1",20:30,,,,,
2022-06-15,0009X,ALFORJA,TARRAGONA,406,"27,0","0,0","17,8",03:37,"36,2",13:16,,"1,9",,,,,,,
2022-06-16,0009X,ALFORJA,TARRAGONA,406,"27,4","0,0","17,4",04:33,"37,3",12:00,10,"1,9","7,2",12:10,,,,,
2022-06-17,0009X,ALFORJA,TARRAGONA,406,"27,6","13,0","19,0",00:01,"36,3",11:04,12,"2,2","8,6",11:40,,,,,
2022-06-18,0009X,ALFORJA,TARRAGONA,406,"26,7","0,0","18,6",04:39,"34,8",11:38,14,"2,5","7,5",13:00,,,,,
2022-06-19,0009X,ALFORJA,TARRAGONA,406,"24,5","0,0","17,6",01:18,"31,4",13:28,10,"2,8","10,8",14:10,,,,,
2022-06-20,0009X,ALFORJA,TARRAGONA,406,"24,8","0,0","21,2",02:55,"28,5",11:02,12,"2,2","7,5",11:40,,,,,
2022-06-21,0009X,ALFORJA,TARRAGONA,406,"25,3","3,8","17,7",23:56,"32,9",11:39,11,"1,7","10,3",09:30,,,,,
2022-06-22,0009X,ALFORJA,TARRAGONA,406,"23,2","0,0","16,6",03:17,"29,8",13:50,12,"1,7","8,6",14:00,,,,,
2022-06-23,0009X,ALFORJA,TARRAGONA,406,"23,7","0,0","17,0",22:36,"30,4",12:44,30,"2,2","10,0",23:50,,,,,
2022-06-24,0009X,ALFORJA,TARRAGONA,406,"23,5","0,0","16,5",23:58,"30,5",14:37,28,"4,2","12,5",Varias,,,,,
2022-06-25,0009X,ALFORJA,TARRAGONA,406,"23,0","0,0","16,3",00:16,"29,8",13:00,11,"2,5","8,6",13:30,,,,,
2022-06-26,0009X,ALFORJA,TARRAGONA,406,"22,4","0,0","16,7",02:22,"28,2",14:37,14,"2,8","8,3",10:00,,,,,
2022-06-27,0009X,ALFORJA,TARRAGONA,406,"19,2","7,2","15,5",20:37,"22,9",09:29,27,"4,2","11,1",18:20,,,,,
2022-06-28,0009X,ALFORJA,TARRAGONA,406,"21,7","0,0","13,1",04:46,"30,3",15:59,28,"3,6","12,8",04:40,,,,,
2022-06-29,0009X,ALFORJA,TARRAGONA,406,"20,8","0,0","13,4",03:05,"28,1",14:45,12,"2,2","6,9",10:30,,,,,
2022-06-30,0009X,ALFORJA,TARRAGONA,406,"22,2","0,0","16,1",Varias,"28,4",13:41,28,"1,9","10,0",23:20,,,,,
2022-07-01,0009X,ALFORJA,TARRAGONA,406,"22,7","0,0","15,9",05:03,"29,5",12:12,27,"3,6","10,3",02:40,,,,,
2022-07-02,0009X,ALFORJA,TARRAGONA,406,"22,2","0,0","14,4",04:41,"30,0",12:01,12,"1,7","7,5",12:50,,,,,
2022-07-03,0009X,ALFORJA,TARRAGONA,406,"24,4","0,0","16,1",04:15,"32,8",12:37,31,"1,9","10,3",20:30,,,,,
2022-07-04,0009X,ALFORJA,TARRAGONA,406,"25,9","0,0","17,0",02:40,"34,8",13:10,29,"2,5","8,3",06:50,,,,,
2022-07-05,0009X,ALFORJA,TARRAGONA,406,"24,8","5,8","17,4",Varias,"32,2",11:43,10,"1,9","8,6",11:50,,,,,
2022-07-06,0009X,ALFORJA,TARRAGONA,406,"21,9","29,0","16,9",19:37,"26,9",14:44,26,"2,2","16,4",16:00,,,,,
2022-07-07,0009X,ALFORJA,TARRAGONA,406,"23,2","0,0","16,0",04:51,"30,4",14:43,30,"5,6","12,8",06:00,,,,,
2022-07-08,0009X,ALFORJA,TARRAGONA,406,"24,4","0,0","17,2",04:34,"31,6",12:36,28,"4,4","15,3",05:50,,,,,
2022-07-09,0009X,ALFORJA,TARRAGONA,406,"25,6","0,0","17,5",00:01,"33,7",13:21,29,"3,6","11,4",13:30,,,,,
2022-07-10,0009X,ALFORJA,TARRAGONA,406,"25,1","0,0","16,7",02:06,"33,5",13:27,12,"2,8","8,9",10:40,,,,,
2022-07-11,0009X,ALFORJA,TARRAGONA,406,"23,8","0,0","15,9",04:05,"31,6",13:55,10,"2,2","7,8",10:50,,,,,
2022-07-12,0009X,ALFORJA,TARRAGONA,406,"25,0","0,0","16,8",04:44,"33,3",14:58,08,"1,7","7,5",13:20,,,,,
2022-07-13,0009X,ALFORJA,TARRAGONA,406,"25,2","0,0","16,7",04:23,"33,8",12:16,11,"1,9","6,7",13:00,,,,,
2022-07-14,0009X,ALFORJA,TARRAGONA,406,"24,0","0,0","15,9",04:02,"32,2",13:03,12,"2,2","7,8",14:40,,,,,
2022-07-15,0009X,ALFORJA,TARRAGONA,406,"27,6","0,0","18,2",02:03,"37,0",11:27,11,"1,9","8,3",13:50,,,,,
2022-07-16,0009X,ALFORJA,TARRAGONA,406,"27,7","0,0","19,2",23:59,"36,2",11:52,08,"1,9","7,2",13:20,,,,,
2022-07-17,0009X,ALFORJA,TARRAGONA,406,"26,6","0,0","18,2",03:52,"35,1",13:27,10,"1,7","7,2",11:30,,,,,
2022-07-18,0009X,ALFORJA,TARRAGONA,406,"25,6","0,0","17,6",04:27,"33,7",13:05,11,"1,7","6,9",12:10,,,,,
2022-07-19,0009X,ALFORJA,TARRAGONA,406,"24,8","1,8","16,3",03:59,"33,4",12:38,05,"1,7","9,2",12:10,,,,,
2022-07-20,0009X,ALFORJA,TARRAGONA,406,"26,3","0,0","18,9",03:21,"33,7",12:56,10,"2,5","8,3",14:50,,,,,
2022-07-21,0009X,ALFORJA,TARRAGONA,406,"25,8",,"18,0",04:55,"33,6",11:11,10,"1,9","8,3",12:40,,,,,
2022-07-22,0009X,ALFORJA,TARRAGONA,406,"26,5","0,0","18,4",02:48,"34,6",13:37,13,"1,7","7,5",13:50,,,,,
2022-07-23,0009X,ALFORJA,TARRAGONA,406,"26,4","0,0","19,9",05:21,"33,0",13:12,27,"2,8","8,6",04:20,,,,,
2022-07-24,0009X,ALFORJA,TARRAGONA,406,"26,8","0,0","19,8",23:50,"33,9",13:40,08,"1,9","7,5",12:20,,,,,
2022-07-25,0009X,ALFORJA,TARRAGONA,406,"27,4","0,0","18,6",02:18,"36,1",12:06,24,"3,1","8,6",10:30,,,,,
2022-07-26,0009X,ALFORJA,TARRAGONA,406,"26,6","0,0","18,9",04:49,"34,3",13:48,99,"3,9","11,7",05:30,,,,,
2022-07-27,0009X,ALFORJA,TARRAGONA,406,"25,1","0,0","17,7",04:55,"32,5",13:33,26,"2,8","13,1",05:40,,,,,
2022-07-28,0009X,ALFORJA,TARRAGONA,406,"25,2","0,0","20,1",01:17,"30,4",12:45,15,"1,7","7,2",11:20,,,,,
2022-07-29,0009X,ALFORJA,TARRAGONA,406,"26,4","0,0","21,7",00:01,"31,2",12:56,99,"2,5","8,1",Varias,,,,,
2022-07-30,0009X,ALFORJA,TARRAGONA,406,"24,1","0,0","19,8",23:38,"28,4",14:38,24,"2,5","6,7",05:00,,,,,
2022-07-31,0009X,ALFORJA,TARRAGONA,406,"26,4","0,0","19,7",01:38,"33,2",12:33,10,"2,2","8,3",12:10,,,,,
2022-08-01,0009X,ALFORJA,TARRAGONA,406,"27,0","0,0","19,5",02:01,"34,6",11:45,10,"3,1","8,3",11:00,,,,,
2022-08-02,0009X,ALFORJA,TARRAGONA,406,"26,8","0,0","19,6",04:45,"34,1",11:55,10,"1,9","8,3",15:30,,,,,
2022-08-03,0009X,ALFORJA,TARRAGONA,406,"26,0","0,0","18,2",04:09,"33,7",12:06,99,"1,9","6,9",Varias,,,,,
2022-08-04,0009X,ALFORJA,TARRAGONA,406,"25,9","0,0","17,9",04:55,"33,9",12:45,09,"2,2","8,9",12:10,,,,,
2022-08-05,0009X,ALFORJA,TARRAGONA,406,"27,4","0,0","19,8",02:01,"34,9",13:30,08,"2,2","11,7",17:30,,,,,
2022-08-06,0009X,ALFORJA,TARRAGONA,406,"27,4","0,0","19,2",03:39,"35,7",12:19,13,"2,5","8,3",11:30,,,,,
2022-08-07,0009X,ALFORJA,TARRAGONA,406,"26,6","0,0","20,2",04:54,"33,0",11:27,15,"2,5","7,5",15:20,,,,,
2022-08-08,0009X,ALFORJA,TARRAGONA,406,"26,1","0,0","19,0",03:02,"33,2",12:53,09,"1,9","7,8",12:50,,,,,
2022-08-09,0009X,ALFORJA,TARRAGONA,406,"27,4","0,0","20,3",Varias,"34,5",11:29,12,"1,9","7,8",11:30,,,,,
2022-08-10,0009X,ALFORJA,TARRAGONA,406,"26,6","0,0","18,5",05:04,"34,7",11:24,13,"1,9","8,3",13:00,,,,,
2022-08-11,0009X,ALFORJA,TARRAGONA,406,"26,2","0,0","17,8",04:45,"34,7",12:53,12,"1,7","7,8",12:20,,,,,
2022-08-12,0009X,ALFORJA,TARRAGONA,406,"27,3","0,0","18,6",04:55,"36,0",12:05,09,"1,7","7,2",13:30,,,,,
2022-08-13,0009X,ALFORJA,TARRAGONA,406,"29,3","1,0","19,8",03:46,"38,8",11:47,29,"4,2","14,2",17:30,,,,,
2022-08-14,0009X,ALFORJA,TARRAGONA,406,"28,3","0,0","20,4",04:28,"36,2",13:53,30,"3,6","11,4",04:20,,,,,
2022-08-15,0009X,ALFORJA,TARRAGONA,406,"25,4","0,0","19,4",02:02,"31,3",12:29,12,"2,2","10,0",10:50,,,,,
2022-08-16,0009X,ALFORJA,TARRAGONA,406,"25,2","0,0","19,9",Varias,"30,6",12:18,12,"1,9","8,1",09:30,,,,,
2022-08-17,0009X,ALFORJA,TARRAGONA,406,"25,6","0,0","18,8",01:14,"32,4",13:43,25,"3,1","14,7",22:30,,,,,
2022-08-18,0009X,ALFORJA,TARRAGONA,406,"22,8",,"16,8",04:59,"28,9",13:28,99,"5,3","15,6",Varias,,,,,
2022-08-19,0009X,ALFORJA,TARRAGONA,406,"23,3","0,0","15,7",23:57,"30,9",14:41,26,"3,6","13,9",05:30,,,,,
2022-08-20,0009X,ALFORJA,TARRAGONA,406,"23,8","0,0","15,3",03:18,"32,4",12:27,26,"3,3","8,1",07:00,,,,,
2022-08-21,0009X,ALFORJA,TARRAGONA,406,"25,4","9,7","16,8",04:49,"34,0",11:22,09,"1,4","7,5",12:00,,,,,
2022-08-22,0009X,ALFORJA,TARRAGONA,406,"25,6",,"18,4",00:49,"32,9",14:45,28,"4,2","12,5",05:50,,,,,
2022-08-23,0009X,ALFORJA,TARRAGONA,406,"26,4","0,0","19,3",00:01,"33,5",12:46,28,"3,6","9,7",02:10,,,,,
2022-08-24,0009X,ALFORJA,TARRAGONA,406,"26,7","0,0","20,8",04:47,"32,6",13:37,33,"1,9","15,3",22:40,,,,,
2022-08-25,0009X,ALFORJA,TARRAGONA,406,"26,2","0,9","19,5",00:57,"33,0",10:46,36,"1,7","13,6",20:10,,,,,
2022-08-26,0009X,ALFORJA,TARRAGONA,406,,"0,0",,,,,26,"3,3","12,8",06:40,,,,,
2022-08-27,0009X,ALFORJA,TARRAGONA,406,"24,8","0,0","17,2",23:35,"32,4",12:22,12,"3,3","9,4",14:00,,,,,
2022-08-28,0009X,ALFORJA,TARRAGONA,406,"25,0","0,9","17,4",00:06,"32,6",11:53,12,"2,2","7,5",13:30,,,,,
2022-08-29,0009X,ALFORJA,TARRAGONA,406,"24,4","0,0","18,8",03:50,"30,0",13:19,32,"1,1","10,0",10:20,,,,,
2022-08-30,0009X,ALFORJA,TARRAGONA,406,"26,5","0,0","20,2",00:01,"32,8",13:24,08,"1,9","13,1",11:10,,,,,
2022-08-31,0009X,ALFORJA,TARRAGONA,406,"23,4","2,8","15,8",20:37,"30,9",13:54,03,"2,2","11,7",16:40,,,,,
2022-09-01,0009X,ALFORJA,TARRAGONA,406,"23,4","0,0","16,3",03:04,"30,4",12:27,06,"2,2","8,3",15:20,,,,,
2022-09-02,0009X,ALFORJA,TARRAGONA,406,"26,0","0,0","20,4",05:43,"31,7",11:56,99,"1,7","6,4",Varias,,,,,
2022-09-03,0009X,ALFORJA,TARRAGONA,406,"23,1","0,0","17,8",22:47,"28,4",13:45,16,"1,7","11,9",17:40,,,,,
2022-09-04,0009X,ALFORJA,TARRAGONA,406,"24,2","0,0","19,1",00:01,"29,4",12:46,10,"2,2","7,2",11:30,,,,,
2022-09-05,0009X,ALFORJA,TARRAGONA,406,"26,0","0,0","21,8",06:14,"30,2",10:27,11,"1,9","7,8",08:30,,,,,
2022-09-06,0009X,ALFORJA,TARRAGONA,406,"25,6","0,0","17,2",23:59,"33,9",12:31,99,"2,5","7,5",Varias,,,,,
2022-09-07,0009X,ALFORJA,TARRAGONA,406,"24,4","0,0","16,7",01:41,"32,2",11:30,28,"2,5","7,8",05:10,,,,,
2022-09-08,0009X,ALFORJA,TARRAGONA,406,"23,2","0,0","17,9",20:51,"28,6",16:11,28,"2,8","12,5",05:40,,,,,
2022-09-09,0009X,ALFORJA,TARRAGONA,406,"25,0","0,0","18,9",02:42,"31,2",14:00,27,"3,1","9,2",09:40,,,,,
2022-09-10,0009X,ALFORJA,TARRAGONA,406,"24,4","0,0","19,8",05:57,"28,9",15:01,12,"1,7","6,7",13:40,,,,,
2022-09-11,0009X,ALFORJA,TARRAGONA,406,"25,4","0,0","19,7",22:43,"31,2",12:57,10,"1,1","6,9",13:00,,,,,
2022-09-12,0009X,ALFORJA,TARRAGONA,406,"25,4","0,0","19,0",04:32,"31,9",14:36,99,"1,7","6,4",Varias,,,,,
2022-09-13,0009X,ALFORJA,TARRAGONA,406,"23,6","13,0","18,8",23:16,"28,3",08:38,99,"1,4","8,9",Varias,,,,,
2022-09-14,0009X,ALFORJA,TARRAGONA,406,"22,4","0,0","17,2",22:29,"27,7",14:50,28,"1,9","12,2",01:00,,,,,
2022-09-15,0009X,ALFORJA,TARRAGONA,406,"23,8","0,0","16,8",01:08,"30,8",13:48,20,"2,5","9,4",14:30,,,,,
2022-09-16,0009X,ALFORJA,TARRAGONA,406,"23,5","0,0","17,9",Varias,"29,1",14:45,26,"4,2","13,9",23:59,,,,,
2022-09-17,0009X,ALFORJA,TARRAGONA,406,"20,6","1,5","14,3",05:34,"26,9",13:32,99,"3,3","13,9",00:30,,,,,
2022-09-18,0009X,ALFORJA,TARRAGONA,406,"20,3","0,0","16,2",19:32,"24,4",14:39,18,"0,8","5,0",14:00,,,,,
2022-09-19,0009X,ALFORJA,TARRAGONA,406,"21,6","4,4","14,9",03:12,"28,4",11:24,,"1,7",,,,,,,
2022-09-20,0009X,ALFORJA,TARRAGONA,406,"22,4","0,0","16,4",22:39,"28,3",13:41,28,"3,1","8,9",11:30,,,,,
2022-09-21,0009X,ALFORJA,TARRAGONA,406,"21,3","0,0","15,7",01:53,"26,9",11:26,08,"2,2","6,4",14:50,,,,,
2022-09-22,0009X,ALFORJA,TARRAGONA,406,"18,8","0,0","14,4",22:17,"23,1",09:34,08,"1,1","5,3",09:10,,,,,
2022-09-23,0009X,ALFORJA,TARRAGONA,406,"19,1","9,1","14,3",00:10,"23,9",11:09,30,"1,1","13,9",23:10,,,,,
2022-09-24,0009X,ALFORJA,TARRAGONA,406,"18,2","0,0","14,1",23:56,"22,3",14:08,28,"0,8","7,8",23:30,,,,,
2022-09-25,0009X,ALFORJA,TARRAGONA,406,"17,4","0,0","11,4",06:11,"23,3",14:40,28,"3,1","11,1",07:10,,,,,
2022-09-26,0009X,ALFORJA,TARRAGONA,406,"16,9","0,0","11,3",05:16,"22,5",15:34,28,"5,6","11,7",Varias,,,,,
2022-09-27,0009X,ALFORJA,TARRAGONA,406,"17,8","0,0","13,4",02:23,"22,2",14:20,26,"7,2","17,8",14:30,,,,,
2022-09-28,0009X,ALFORJA,TARRAGONA,406,"19,1","0,0","13,4",03:28,"24,8",14:07,99,"6,9","18,1",Varias,,,,,
2022-09-29,0009X,ALFORJA,TARRAGONA,406,"17,8","0,0","13,3",23:59,"22,4",13:10,26,"5,6","16,1",10:40,,,,,
2022-09-30,0009X,ALFORJA,TARRAGONA,406,"16,4","0,0","10,4",05:46,"22,5",14:38,26,"4,4","14,4",00:20,,,,,
2022-10-01,0009X,ALFORJA,TARRAGONA,406,"18,1","0,0","11,1",05:51,"25,1",14:27,27,"3,3","13,9",22:10,,,,,
2022-10-02,0009X,ALFORJA,TARRAGONA,406,"19,8","0,0","11,2",01:53,"28,3",13:15,07,"1,9","6,4",13:00,,,,,
2022-10-03,0009X,ALFORJA,TARRAGONA,406,"18,6","0,0","10,5",05:11,"26,8",14:25,10,"1,1","5,8",15:00,,,,,
2022-10-04,0009X,ALFORJA,TARRAGONA,406,"19,3","0,0","11,5",05:01,"27,1",13:33,09,"1,4","6,7",14:20,,,,,
2022-10-05,0009X,ALFORJA,TARRAGONA,406,"18,0","0,0","11,2",04:13,"24,7",13:00,12,"1,9","7,5",13:20,,,,,
2022-10-06,0009X,ALFORJA,TARRAGONA,406,"18,6",,"12,3",05:20,"25,0",11:46,17,"1,4","7,5",12:00,,,,,
2022-10-07,0009X,ALFORJA,TARRAGONA,406,"19,0",,"13,5",06:09,"24,6",15:02,06,"1,1","7,2",08:50,,,,,
2022-10-08,0009X,ALFORJA,TARRAGONA,406,"17,9","17,0","15,2",Varias,"20,6",14:59,15,"0,8","5,6",15:30,,,,,
2022-10-09,0009X,ALFORJA,TARRAGONA,406,"18,4","0,0","13,5",04:50,"23,4",13:00,14,"1,7","6,4",12:30,,,,,
2022-10-10,0009X,ALFORJA,TARRAGONA,406,"19,0","0,0","14,8",06:04,"23,2",11:58,12,"1,4","5,8",10:20,,,,,
2022-10-11,0009X,ALFORJA,TARRAGONA,406,"18,2","0,0","14,0",23:41,"22,4",10:40,12,"0,6","5,3",10:40,,,,,
2022-10-12,0009X,ALFORJA,TARRAGONA,406,"18,3","0,0","12,0",06:08,"24,6",13:16,28,"1,7","6,7",11:20,,,,,
2022-10-13,0009X,ALFORJA,TARRAGONA,406,"19,4","0,0","13,2",01:30,"25,7",14:23,22,"2,2","8,3",13:40,,,,,
2022-10-14,0009X,ALFORJA,TARRAGONA,406,"20,3","0,0","13,3",23:45,"27,3",14:12,26,"2,8","11,1",09:10,,,,,
2022-10-15,0009X,ALFORJA,TARRAGONA,406,"19,7","0,0","12,4",04:38,"27,0",12:18,10,"1,4","6,1",13:40,,,,,
2022-10-16,0009X,ALFORJA,TARRAGONA,406,"20,2","0,0","13,4",04:22,"26,9",12:22,14,"1,7","5,8",14:10,,,,,
2022-10-17,0009X,ALFORJA,TARRAGONA,406,"19,6","0,0","15,1",23:11,"24,2",13:55,09,"1,4","6,7",17:00,,,,,
2022-10-18,0009X,ALFORJA,TARRAGONA,406,"19,8","0,0","15,6",Varias,"24,1",12:09,10,"1,4","5,3",11:40,,,,,
2022-10-19,0009X,ALFORJA,TARRAGONA,406,"20,3","0,2","15,9",01:28,"24,7",13:20,31,"1,1","5,0",22:40,,,,,
2022-10-20,0009X,ALFORJA,TARRAGONA,406,"18,2",,"16,1",18:45,"20,4",02:28,33,"0,8","10,8",02:10,,,,,
2022-10-21,0009X,ALFORJA,TARRAGONA,406,"20,6","0,4","16,3",Varias,"24,9",12:10,32,"1,9","12,8",22:10,,,,,
2022-10-22,0009X,ALFORJA,TARRAGONA,406,"19,6",,"14,1",19:50,"25,1",12:36,99,"1,4","10,0",00:20,,,,,
2022-10-23,0009X,ALFORJA,TARRAGONA,406,"19,0","0,0","15,7",23:57,"22,4",10:48,,"1,1",,,,,,,
2022-10-24,0009X,ALFORJA,TARRAGONA,406,"20,4","0,0","14,9",20:49,"25,9",12:30,28,"2,2","8,1",12:20,,,,,
2022-10-25,0009X,ALFORJA,TARRAGONA,406,"19,4","1,3","12,6",06:02,"26,1",11:23,10,"1,4","4,7",10:50,,,,,
2022-10-26,0009X,ALFORJA,TARRAGONA,406,"21,7","0,0","14,0",23:37,"29,4",12:27,26,"0,8","6,1",01:10,,,,,
2022-10-27,0009X,ALFORJA,TARRAGONA,406,"19,6","0,0","12,5",03:27,"26,6",11:30,12,"1,1","5,8",11:50,,,,,
2022-10-28,0009X,ALFORJA,TARRAGONA,406,"19,1","0,8","12,6",06:07,"25,6",12:27,99,"1,4","5,3",Varias,,,,,
2022-10-29,0009X,ALFORJA,TARRAGONA,406,"17,2","0,0","11,7",22:01,"22,6",11:19,12,"1,4","5,8",15:10,,,,,
2022-10-30,0009X,ALFORJA,TARRAGONA,406,"17,6","0,0","13,8",00:41,"21,4",12:00,09,"1,4","5,3",13:50,,,,,
2022-10-31,0009X,ALFORJA,TARRAGONA,406,"19,0","0,0","16,0",03:13,"21,9",11:01,12,"1,4","6,7",11:00,,,,,
2022-11-01,0009X,ALFORJA,TARRAGONA,406,"19,8","0,0","13,8",01:24,"25,7",12:36,30,"1,4","8,9",05:20,,,,,
2022-11-02,0009X,ALFORJA,TARRAGONA,406,"15,9","0,0","10,9",05:51,"20,9",12:12,12,"1,1","5,6",12:20,,,,,
2022-11-03,0009X,ALFORJA,TARRAGONA,406,"17,4",,"12,9",23:58,"22,0",10:39,26,"3,1","12,5",14:10,,,,,
2022-11-04,0009X,ALFORJA,TARRAGONA,406,"13,3","0,0","9,6",23:56,"17,0",12:31,30,"6,7","20,0",11:30,,,,,
2022-11-05,0009X,ALFORJA,TARRAGONA,406,"12,5","0,0","7,3",22:35,"17,7",13:55,28,"5,6","17,8",04:10,,,,,
2022-11-06,0009X,ALFORJA,TARRAGONA,406,"14,4","0,0","6,2",02:33,"22,7",12:32,26,"3,6","9,4",12:50,,,,,
2022-11-07,0009X,ALFORJA,TARRAGONA,406,"13,4","0,0","6,4",05:58,"20,3",12:16,12,"1,4","4,4",10:40,,,,,
2022-11-08,0009X,ALFORJA,TARRAGONA,406,"15,6","0,0","8,3",05:54,"22,8",13:26,10,"0,8","5,3",12:40,,,,,
2022-11-09,0009X,ALFORJA,TARRAGONA,406,"15,8","0,0","9,8",00:18,"21,9",12:01,27,"5,0","12,8",15:20,,,,,
2022-11-10,0009X,ALFORJA,TARRAGONA,406,"14,6","0,0","8,7",20:39,"20,4",14:07,28,"1,7","8,3",00:10,,,,,
2022-11-11,0009X,ALFORJA,TARRAGONA,406,"14,5","0,0","7,9",05:36,"21,1",11:57,06,"2,8","9,7",13:30,,,,,
2022-11-12,0009X,ALFORJA,TARRAGONA,406,"15,8","0,0","9,4",21:17,"22,1",11:30,32,"3,1","11,7",17:40,,,,,
2022-11-13,0009X,ALFORJA,TARRAGONA,406,"15,3","0,0","8,1",06:35,"22,5",12:34,03,"1,4","8,3",12:50,,,,,
2022-11-14,0009X,ALFORJA,TARRAGONA,406,"15,2","0,0","10,0",06:47,"20,5",14:45,99,"2,5","9,4",11:30,,,,,
2022-11-15,0009X,ALFORJA,TARRAGONA,406,"16,2","0,0","10,6",05:54,"21,8",13:56,28,"3,6","11,1",12:50,,,,,
2022-11-16,0009X,ALFORJA,TARRAGONA,406,"15,6","0,0","13,3",06:56,"18,0",11:05,,"3,9",,,,,,,
2022-11-17,0009X,ALFORJA,TARRAGONA,406,"17,8","1,0","13,7",23:48,"22,0",13:46,,"2,8",,,,,,,
2022-11-18,0009X,ALFORJA,TARRAGONA,406,"11,2","0,0","8,6",23:35,"13,8",00:24,28,"4,7","13,1",23:10,,,,,
2022-11-19,0009X,ALFORJA,TARRAGONA,406,"9,6","0,0","6,7",23:53,"12,5",14:17,26,"7,5","16,7",09:50,,,,,
2022-11-20,0009X,ALFORJA,TARRAGONA,406,"11,2","0,2","6,1",04:52,"16,3",14:20,28,"6,4","16,7",21:40,,,,,
2022-11-21,0009X,ALFORJA,TARRAGONA,406,"12,4","1,8","7,4",23:47,"17,4",14:03,26,"4,2","21,1",18:10,,,,,
2022-11-22,0009X,ALFORJA,TARRAGONA,406,"9,4",,"5,6",05:51,"13,3",13:12,28,"4,7","19,4",00:30,,,,,
2022-11-23,0009X,ALFORJA,TARRAGONA,406,"16,2","0,0","11,5",00:01,"20,9",10:48,28,"4,4","16,1",10:50,,,,,
2022-11-24,0009X,ALFORJA,TARRAGONA,406,"14,4","0,0","9,8",17:59,"19,1",13:29,26,"1,9","11,9",03:00,,,,,
2022-11-25,0009X,ALFORJA,TARRAGONA,406,"12,6","0,0","8,4",23:40,"16,8",11:08,27,"5,8","16,9",13:30,,,,,
2022-11-26,0009X,ALFORJA,TARRAGONA,406,"9,8","0,0","3,8",23:44,"15,9",13:08,,,,,,,,,
2022-11-27,0009X,ALFORJA,TARRAGONA,406,"9,4","0,0","2,5",06:19,"16,4",11:40,24,"1,4","5,3",00:10,,,,,
2022-11-28,0009X,ALFORJA,TARRAGONA,406,"10,2","3,2","7,3",07:46,"13,2",13:29,29,"6,4","14,2",23:50,,,,,
2022-11-29,0009X,ALFORJA,TARRAGONA,406,"10,2","0,0","7,4",22:43,"13,1",12:44,29,"6,7","15,0",00:20,,,,,
2022-11-30,0009X,ALFORJA,TARRAGONA,406,"9,5","0,0","4,5",20:26,"14,5",12:24,26,"2,8","7,8",Varias,,,,,
2022-12-01,0009X,ALFORJA,TARRAGONA,406,"6,0","0,0","2,5",05:38,"9,4",12:19,32,"2,5","7,2",13:50,,,,,
2022-12-02,0009X,ALFORJA,TARRAGONA,406,"7,3","0,0","3,0",22:44,"11,6",12:07,32,"3,3","8,3",03:40,,,,,
2022-12-03,0009X,ALFORJA,TARRAGONA,406,"7,5","0,0","2,9",03:04,"12,1",12:18,22,"2,2","6,4",03:50,,,,,
2022-12-04,0009X,ALFORJA,TARRAGONA,406,"8,0","0,0","4,1",07:33,"11,8",13:55,33,"2,5","8,6",13:30,,,,,
2022-12-05,0009X,ALFORJA,TARRAGONA,406,"8,0","0,0","2,2",03:12,"13,9",11:31,11,"0,8","3,9",14:50,,,,,
2022-12-06,0009X,ALFORJA,TARRAGONA,406,"11,4","0,0","5,8",20:55,"17,0",13:11,34,"1,4","6,1",08:40,,,,,
2022-12-07,0009X,ALFORJA,TARRAGONA,406,"8,8","0,0","5,2",06:44,"12,5",12:17,28,"2,8","7,8",09:10,,,,,
2022-12-08,0009X,ALFORJA,TARRAGONA,406,"8,1","13,6","4,8",03:46,"11,4",09:41,14,"0,3","3,3",09:50,,,,,
2022-12-09,0009X,ALFORJA,TARRAGONA,406,"12,2","0,8","7,4",04:12,"17,1",13:59,28,"2,8","11,7",10:50,,,,,
2022-12-10,0009X,ALFORJA,TARRAGONA,406,"7,8",,"3,6",23:52,"12,0",00:37,30,"7,8","19,7",14:40,,,,,
2022-12-11,0009X,ALFORJA,TARRAGONA,406,"5,4",,"3,4",00:09,"7,4",10:37,28,"1,4","11,4",01:10,,,,,
2022-12-12,0009X,ALFORJA,TARRAGONA,406,"8,6","8,2","4,1",03:39,"13,0",23:44,29,"1,1","10,8",23:30,,,,,
2022-12-13,0009X,ALFORJA,TARRAGONA,406,"14,0","4,2","11,6",18:52,"16,5",11:46,24,"2,2","11,1",03:30,,,,,
2022-12-14,0009X,ALFORJA,TARRAGONA,406,"12,8","4,4","7,6",21:07,"17,9",13:22,27,"3,6","13,9",02:20,,,,,
2022-12-15,0009X,ALFORJA,TARRAGONA,406,"12,5","0,0","9,1",00:01,"15,9",14:16,27,"3,9","13,3",12:00,,,,,
2022-12-16,0009X,ALFORJA,TARRAGONA,406,"11,0","0,0","6,8",20:36,"15,2",13:39,28,"4,4","12,2",01:40,,,,,
2022-12-17,0009X,ALFORJA,TARRAGONA,406,"9,8","0,0","4,7",20:26,"15,0",12:44,28,"1,9","9,7",03:00,,,,,
2022-12-18,0009X,ALFORJA,TARRAGONA,406,"9,1","0,0","3,6",07:05,"14,6",13:30,09,"1,4","4,7",13:10,,,,,
2022-12-19,0009X,ALFORJA,TARRAGONA,406,"10,9","0,0","7,2",01:37,"14,6",13:14,12,"1,1","4,7",14:10,,,,,
2022-12-20,0009X,ALFORJA,TARRAGONA,406,"11,5","0,4","9,1",01:06,"13,9",13:45,32,"0,8","6,7",22:10,,,,,
2022-12-21,0009X,ALFORJA,TARRAGONA,406,"13,1","0,0","10,0",08:11,"16,2",13:05,25,"5,3","15,8",13:50,,,,,
2022-12-22,0009X,ALFORJA,TARRAGONA,406,"14,6","0,0","11,9",07:13,"17,4",12:43,28,"6,1","14,2",13:00,,,,,
2022-12-23,0009X,ALFORJA,TARRAGONA,406,"17,2","0,0","14,1",07:31,"20,4",13:23,29,"5,3","14,7",00:20,,,,,
2022-12-24,0009X,ALFORJA,TARRAGONA,406,"15,2","0,0","8,8",21:53,"21,7",12:24,30,"2,8","13,1",04:00,,,,,
2022-12-25,0009X,ALFORJA,TARRAGONA,406,"15,0","0,0","7,1",06:06,"22,8",12:36,26,"1,7","6,7",14:40,,,,,
2022-12-26,0009X,ALFORJA,TARRAGONA,406,"15,2","0,0","9,6",00:01,"20,9",11:24,26,"3,3","12,8",13:10,,,,,
2022-12-27,0009X,ALFORJA,TARRAGONA,406,"12,5","0,0","5,6",07:34,"19,4",13:24,22,"1,9","5,3",14:30,,,,,
2022-12-28,0009X,ALFORJA,TARRAGONA,406,"12,2","0,0","5,5",05:55,"19,0",13:37,26,"2,5","8,9",22:00,,,,,
2022-12-29,0009X,ALFORJA,TARRAGONA,406,"13,9","0,0","11,1",23:59,"16,7",14:02,30,"3,6","10,8",13:40,,,,,
2022-12-30,0009X,ALFORJA,TARRAGONA,406,"14,4","0,0","10,9",04:04,"17,9",13:55,27,"3,3","12,5",14:10,,,,,
2022-12-31,0009X,ALFORJA,TARRAGONA,406,"14,3","0,0","6,8",22:00,"21,8",12:38,32,"1,7","10,3",01:50,,,,,
2023-01-01,0009X,ALFORJA,TARRAGONA,406,"11,2","0,0","5,6",06:24,"16,8",13:10,09,"0,8","4,2",11:30,,,,,
2023-01-02,0009X,ALFORJA,TARRAGONA,406,"11,2","0,0","5,8",04:15,"16,7",13:29,23,"1,9","7,5",20:40,,,,,
2023-01-03,0009X,ALFORJA,TARRAGONA,406,"11,9","0,0","8,3",23:45,"15,5",14:34,26,"4,2","9,4",13:10,,,,,
2023-01-04,0009X,ALFORJA,TARRAGONA,406,"10,0","0,0","6,3",23:59,"13,7",12:54,26,"3,9","9,4",10:40,,,,,
2023-01-05,0009X,ALFORJA,TARRAGONA,406,,,,,,,,"4,4",,,,,,,
2023-01-06,0009X,ALFORJA,TARRAGONA,406,"8,4","0,0","2,6",Varias,"14,1",12:48,28,"3,1","8,6",14:20,,,,,
2023-01-07,0009X,ALFORJA,TARRAGONA,406,"7,4","1,4","2,0",04:57,"12,8",14:21,26,"4,2","14,4",10:50,,,,,
2023-01-08,0009X,ALFORJA,TARRAGONA,406,"12,0","0,6","8,1",05:09,"15,8",19:43,24,"1,9","11,9",21:20,,,,,
2023-01-09,0009X,ALFORJA,TARRAGONA,406,"11,1","0,0","8,6",23:53,"13,6",00:01,27,"7,8","21,9",12:50,,,,,
2023-01-10,0009X,ALFORJA,TARRAGONA,406,"10,4","0,0","4,8",19:25,"16,0",14:54,28,"3,3","13,6",09:10,,,,,
2023-01-11,0009X,ALFORJA,TARRAGONA,406,"9,2",,"4,7",00:21,"13,6",11:05,29,"6,4","15,8",12:00,,,,,
2023-01-12,0009X,ALFORJA,TARRAGONA,406,"8,9","0,0","3,8",19:44,"14,0",14:21,27,"4,2","12,8",03:10,,,,,
2023-01-13,0009X,ALFORJA,TARRAGONA,406,"10,4","0,0","5,7",00:01,"15,0",14:44,28,"5,3","15,3",11:50,,,,,
2023-01-14,0009X,ALFORJA,TARRAGONA,406,"11,5","0,0","6,1",21:12,"16,9",13:42,27,"2,8","10,6",15:30,,,,,
2023-01-15,0009X,ALFORJA,TARRAGONA,406,"10,6","0,0","5,5",23:59,"15,8",10:45,28,"5,6","14,4",21:00,,,,,
2023-01-16,0009X,ALFORJA,TARRAGONA,406,"9,4","0,0","4,5",01:20,"14,2",14:07,29,"5,8","19,4",12:10,,,,,
2023-01-17,0009X,ALFORJA,TARRAGONA,406,"8,8","1,6","3,8",Varias,"13,8",08:11,24,"5,0","17,5",02:40,,,,,
2023-01-18,0009X,ALFORJA,TARRAGONA,406,"6,1","0,0","2,7",23:58,"9,5",14:20,29,"6,7","17,5",16:50,,,,,
2023-01-19,0009X,ALFORJA,TARRAGONA,406,"5,8","1,8","1,7",01:57,"9,8",13:27,27,"5,3","23,9",23:20,,,,,
2023-01-20,0009X,ALFORJA,TARRAGONA,406,"5,6","0,0","1,2",22:54,"9,9",14:02,28,"5,8","23,6",00:20,,,,,
2023-01-21,0009X,ALFORJA,TARRAGONA,406,"3,8","0,0","-0,6",07:14,"8,1",12:37,99,"4,2","12,5",Varias,,,,,
2023-01-22,0009X,ALFORJA,TARRAGONA,406,"3,5","0,0","-1,1",07:12,"8,1",14:45,30,"5,3","14,2",06:50,,,,,
2023-01-23,0009X,ALFORJA,TARRAGONA,406,"2,6","0,0","-1,3",03:16,"6,5",14:31,28,"5,6","13,3",13:10,,,,,
2023-01-24,0009X,ALFORJA,TARRAGONA,406,"2,2","0,2","-1,1",03:46,"5,4",12:57,28,"3,6","11,4",09:10,,,,,
2023-01-25,0009X,ALFORJA,TARRAGONA,406,"4,6","0,0","0,9",Varias,"8,4",13:13,26,"6,4","13,9",08:50,,,,,
2023-01-26,0009X,ALFORJA,TARRAGONA,406,"6,0","0,0","1,8",07:04,"10,1",15:12,28,"5,3","16,4",01:30,,,,,
2023-01-27,0009X,ALFORJA,TARRAGONA,406,"4,7","0,0","0,8",04:45,"8,6",14:17,28,"5,6","15,6",03:20,,,,,
2023-01-28,0009X,ALFORJA,TARRAGONA,406,"5,0","0,0","0,6",06:56,"9,3",14:06,28,"3,9","14,2",03:40,,,,,
2023-01-29,0009X,ALFORJA,TARRAGONA,406,"4,4","0,0","0,0",03:15,"8,7",13:54,26,"3,6","9,4",02:50,,,,,
2023-01-30,0009X,ALFORJA,TARRAGONA,406,"3,8","0,0","-1,0",05:48,"8,7",14:38,26,"7,5","15,6",22:00,,,,,
2023-01-31,0009X,ALFORJA,TARRAGONA,406,"6,6","0,0","1,5",05:54,"11,8",15:13,29,"6,9","17,8",07:00,,,,,
2023-02-01,0009X,ALFORJA,TARRAGONA,406,"8,3","0,0","4,0",05:22,"12,6",14:18,99,"5,0","12,5",Varias,,,,,
2023-02-02,0009X,ALFORJA,TARRAGONA,406,"8,4","0,0","3,3",04:06,"13,6",13:44,23,"6,4","13,9",05:10,,,,,
2023-02-03,0009X,ALFORJA,TARRAGONA,406,"9,9","0,0","4,1",20:11,"15,7",14:27,99,"3,9","10,8",Varias,,,,,
2023-02-04,0009X,ALFORJA,TARRAGONA,406,"11,4","0,0","6,5",07:00,"16,2",15:14,27,"7,2","16,4",11:40,,,,,
2023-02-05,0009X,ALFORJA,TARRAGONA,406,"9,0","0,0","3,9",05:48,"14,2",14:34,26,"6,7","15,8",09:00,,,,,
2023-02-06,0009X,ALFORJA,TARRAGONA,406,"8,2","0,0","3,5",04:32,"12,8",11:47,28,"2,2","9,2",00:10,,,,,
2023-02-07,0009X,ALFORJA,TARRAGONA,406,"6,7","32,6","3,3",04:08,"10,1",11:24,10,"2,5","13,1",Varias,,,,,
2023-02-08,0009X,ALFORJA,TARRAGONA,406,"6,7","1,2","4,4",23:44,"9,0",12:02,09,"1,9","10,6",05:50,,,,,
2023-02-09,0009X,ALFORJA,TARRAGONA,406,"5,0","0,0","0,1",21:38,"9,8",13:38,08,"0,8","4,7",01:40,,,,,
2023-02-10,0009X,ALFORJA,TARRAGONA,406,"5,4","0,0","-0,5",20:56,"11,4",13:20,24,"2,2","7,5",14:10,,,,,
2023-02-11,0009X,ALFORJA,TARRAGONA,406,"6,1","0,0","-0,6",01:45,"12,8",13:14,12,"1,9","6,1",12:20,,,,,
2023-02-12,0009X,ALFORJA,TARRAGONA,406,"5,7","0,0","-1,0",04:19,"12,4",13:45,12,"2,2","5,8",13:20,,,,,
2023-02-13,0009X,ALFORJA,TARRAGONA,406,"6,2","0,0","-1,3",04:29,"13,8",14:37,11,"1,7","5,0",11:30,,,,,
2023-02-14,0009X,ALFORJA,TARRAGONA,406,"6,6","0,0","-0,4",05:27,"13,6",13:12,12,"1,4","5,8",14:20,,,,,
2023-02-15,0009X,ALFORJA,TARRAGONA,406,"8,2","0,0","1,3",03:38,"15,2",13:32,10,"1,4","5,0",Varias,,,,,
2023-02-16,0009X,ALFORJA,TARRAGONA,406,"8,6","0,0","1,1",03:38,"16,0",14:14,25,"1,7","5,8",12:50,,,,,
2023-02-17,0009X,ALFORJA,TARRAGONA,406,"9,4","0,0","1,2",02:18,"17,7",13:00,24,"2,5","6,9",13:20,,,,,
2023-02-18,0009X,ALFORJA,TARRAGONA,406,"11,8","0,0","3,8",06:01,"19,9",13:12,08,"1,7","5,3",11:50,,,,,
2023-02-19,0009X,ALFORJA,TARRAGONA,406,"12,2","0,0","3,8",00:07,"20,7",12:55,10,"1,4","5,0",12:10,,,,,
2023-02-20,0009X,ALFORJA,TARRAGONA,406,"13,2","0,0","4,7",23:15,"21,7",13:27,11,"0,8","5,0",14:20,,,,,
2023-02-21,0009X,ALFORJA,TARRAGONA,406,"11,9","0,0","4,5",01:04,"19,3",12:28,34,"1,7","5,3",17:50,,,,,
2023-02-22,0009X,ALFORJA,TARRAGONA,406,"10,6","0,0","4,3",06:22,"16,8",13:15,10,"1,4","6,1",12:30,,,,,
2023-02-23,0009X,ALFORJA,TARRAGONA,406,"7,6","17,6","5,2",04:07,"9,9",Varias,26,"1,4","10,8",22:20,,,,,
2023-02-24,0009X,ALFORJA,TARRAGONA,406,"6,7","0,0","1,9",06:36,"11,5",13:57,28,"5,6","14,4",03:20,,,,,
2023-02-25,0009X,ALFORJA,TARRAGONA,406,"8,5","0,0","4,9",23:57,"12,1",14:13,27,"5,3","12,5",06:30,,,,,
2023-02-26,0009X,ALFORJA,TARRAGONA,406,"7,1","0,0","3,1",24:00,"11,1",13:30,25,"7,2","15,6",14:30,,,,,
2023-02-27,0009X,ALFORJA,TARRAGONA,406,"3,3","0,0","-0,6",07:01,"7,2",13:58,27,"4,2","15,6",23:50,,,,,
2023-02-28,0009X,ALFORJA,TARRAGONA,406,"4,3","0,0","-0,9",Varias,"9,5",14:13,28,"8,6","17,8",01:20,,,,,
2023-03-01,0009X,ALFORJA,TARRAGONA,406,"3,7","0,0","-1,2",06:23,"8,6",14:17,30,"4,2","11,7",01:30,,,,,
2023-03-02,0009X,ALFORJA,TARRAGONA,406,"3,6","0,0","-1,2",05:54,"8,4",12:20,28,"4,7","11,7",15:50,,,,,
2023-03-03,0009X,ALFORJA,TARRAGONA,406,"7,8","0,0","2,4",04:53,"13,2",13:59,26,"5,0","11,4",09:20,,,,,
2023-03-04,0009X,ALFORJA,TARRAGONA,406,"8,4","0,0","2,4",06:14,"14,4",15:03,28,"3,3","11,4",02:40,,,,,
2023-03-05,0009X,ALFORJA,TARRAGONA,406,"9,0","0,0","1,6",01:04,"16,4",14:27,26,"2,5","8,9",12:50,,,,,
2023-03-06,0009X,ALFORJA,TARRAGONA,406,"10,0","0,0","4,3",20:13,"15,6",12:18,29,"2,8","10,8",08:00,,,,,
2023-03-07,0009X,ALFORJA,TARRAGONA,406,"13,0","0,0","7,5",02:22,"18,5",13:42,29,"4,4","13,9",19:10,,,,,
2023-03-08,0009X,ALFORJA,TARRAGONA,406,"16,0","0,0","10,6",01:33,"21,3",11:30,30,"2,8","12,5",04:40,,,,,
2023-03-09,0009X,ALFORJA,TARRAGONA,406,"15,8","5,6","11,2",19:08,"20,3",13:56,23,"5,0","14,7",18:00,,,,,
2023-03-10,0009X,ALFORJA,TARRAGONA,406,"16,4","0,0","12,3",06:11,"20,6",14:44,25,"6,9","24,2",16:40,,,,,
2023-03-11,0009X,ALFORJA,TARRAGONA,406,"18,8","0,0","14,1",05:57,"23,5",14:27,26,"5,8","18,9",16:20,,,,,
2023-03-12,0009X,ALFORJA,TARRAGONA,406,"17,2","0,0","10,3",23:45,"24,1",13:29,24,"2,5","14,4",11:20,,,,,
2023-03-13,0009X,ALFORJA,TARRAGONA,406,"16,8","0,0","9,4",05:49,"24,1",12:29,26,"1,4","19,7",22:20,,,,,
2023-03-14,0009X,ALFORJA,TARRAGONA,406,"14,4","0,0","10,8",06:54,"18,0",14:08,28,"5,8","18,3",13:20,,,,,
2023-03-15,0009X,ALFORJA,TARRAGONA,406,"12,8","0,0","5,1",22:55,"20,4",14:17,28,"3,6","14,2",04:20,,,,,
2023-03-16,0009X,ALFORJA,TARRAGONA,406,"11,2","0,0","4,1",05:14,"18,2",12:09,07,"1,7","6,4",13:00,,,,,
2023-03-17,0009X,ALFORJA,TARRAGONA,406,"11,6","0,0","5,7",00:01,"17,4",11:37,13,"1,9","8,6",11:50,,,,,
2023-03-18,0009X,ALFORJA,TARRAGONA,406,"12,2","0,0","5,7",02:32,"18,8",12:17,99,"1,4","7,2",Varias,,,,,
2023-03-19,0009X,ALFORJA,TARRAGONA,406,"11,6","0,0","4,7",23:59,"18,4",13:35,28,"1,4","8,6",01:40,,,,,
2023-03-20,0009X,ALFORJA,TARRAGONA,406,"12,6","0,0","4,2",03:20,"21,1",13:18,27,"2,8","10,3",09:20,,,,,
2023-03-21,0009X,ALFORJA,TARRAGONA,406,"12,1","0,0","5,3",03:47,"18,9",11:55,10,"1,4","6,1",14:20,,,,,
2023-03-22,0009X,ALFORJA,TARRAGONA,406,"12,8","0,0","4,6",05:06,"21,0",14:37,10,"1,1","5,8",12:00,,,,,
2023-03-23,0009X,ALFORJA,TARRAGONA,406,"13,9","0,0","5,5",05:17,"22,3",12:55,10,"1,1","6,1",13:10,,,,,
2023-03-24,0009X,ALFORJA,TARRAGONA,406,"14,4","0,0","6,6",02:44,"22,3",16:22,28,"4,2","11,4",08:50,,,,,
2023-03-25,0009X,ALFORJA,TARRAGONA,406,"12,8","0,0","6,8",06:06,"18,9",11:50,12,"1,7","6,9",10:20,,,,,
2023-03-26,0009X,ALFORJA,TARRAGONA,406,"14,6","0,0","7,1",01:13,"22,0",11:59,30,"6,4","23,3",21:40,,,,,
2023-03-27,0009X,ALFORJA,TARRAGONA,406,"12,4","0,0","5,1",23:47,"19,6",14:43,28,"4,4","13,9",08:00,,,,,
2023-03-28,0009X,ALFORJA,TARRAGONA,406,"12,0","0,0","4,8",01:09,"19,2",12:42,12,"1,4","8,1",13:20,,,,,
2023-03-29,0009X,ALFORJA,TARRAGONA,406,"12,4","0,0","4,3",03:04,"20,5",12:27,14,"1,7","6,4",11:30,,,,,
2023-03-30,0009X,ALFORJA,TARRAGONA,406,"16,1","0,0","5,3",02:36,"26,9",13:36,28,"2,2","10,6",13:50,,,,,
2023-03-31,0009X,ALFORJA,TARRAGONA,406,"17,6","0,0","10,5",00:08,"24,8",13:36,29,"4,4","16,1",10:10,,,,,
2023-04-01,0009X,ALFORJA,TARRAGONA,406,"13,8","1,4","7,6",23:36,"19,9",14:32,24,"6,1","18,1",20:10,,,,,
2023-04-02,0009X,ALFORJA,TARRAGONA,406,"13,2","0,0","6,3",05:24,"20,1",14:22,26,"6,7","16,9",06:30,,,,,
2023-04-03,0009X,ALFORJA,TARRAGONA,406,"12,8","0,0","6,0",Varias,"19,7",15:06,27,"4,4","14,4",06:10,,,,,
2023-04-04,0009X,ALFORJA,TARRAGONA,406,"12,4","0,0","4,8",01:13,"19,9",12:08,27,"3,6","10,8",03:40,,,,,
2023-04-05,0009X,ALFORJA,TARRAGONA,406,"13,3","0,0","5,1",02:03,"21,5",14:16,28,"3,1","11,7",08:00,,,,,
2023-04-06,0009X,ALFORJA,TARRAGONA,406,"12,2","0,0","5,2",23:56,"19,1",12:40,13,"1,7","7,8",13:00,,,,,
2023-04-07,0009X,ALFORJA,TARRAGONA,406,"12,4","0,0","3,5",05:27,"21,3",13:05,11,"1,4","7,2",13:20,,,,,
2023-04-08,0009X,ALFORJA,TARRAGONA,406,"11,6","0,0","4,4",23:41,"18,9",12:12,15,"1,9","8,3",15:20,,,,,
2023-04-09,0009X,ALFORJA,TARRAGONA,406,"12,6","0,0","4,6",00:34,"20,6",13:05,12,"1,7","6,7",13:40,,,,,
2023-04-10,0009X,ALFORJA,TARRAGONA,406,"15,6","0,0","7,8",02:17,"23,5",13:32,99,"1,7","5,8",13:40,,,,,
2023-04-11,0009X,ALFORJA,TARRAGONA,406,"15,0","0,0","7,3",02:32,"22,7",12:06,28,"2,5","10,3",05:50,,,,,
2023-04-12,0009X,ALFORJA,TARRAGONA,406,"16,2","0,0","6,4",04:47,"25,9",14:02,24,"5,3","15,8",13:20,,,,,
2023-04-13,0009X,ALFORJA,TARRAGONA,406,"12,0","0,0","6,7",05:07,"17,2",13:32,28,"6,1","20,0",13:10,,,,,
2023-04-14,0009X,ALFORJA,TARRAGONA,406,"15,1","0,2","8,4",04:47,"21,8",12:47,28,"4,4","23,3",21:20,,,,,
2023-04-15,0009X,ALFORJA,TARRAGONA,406,"16,0","0,0","10,2",24:00,"21,9",13:52,26,"7,5","17,8",13:20,,,,,
2023-04-16,0009X,ALFORJA,TARRAGONA,406,"14,9","0,0","7,4",23:00,"22,4",15:12,99,"5,0","12,8",04:30,,,,,
2023-04-17,0009X,ALFORJA,TARRAGONA,406,"15,0","4,4","8,5",04:10,"21,5",12:41,29,"3,1","9,2",07:20,,,,,
2023-04-18,0009X,ALFORJA,TARRAGONA,406,"12,4","0,0","7,7",23:54,"17,0",15:47,10,"1,9","6,7",12:20,,,,,
2023-04-19,0009X,ALFORJA,TARRAGONA,406,"12,8","0,0","5,0",04:20,"20,5",12:54,12,"1,7","8,3",11:30,,,,,
2023-04-20,0009X,ALFORJA,TARRAGONA,406,"13,8","0,0","4,7",04:38,"22,9",13:05,10,"1,9","6,4",11:30,,,,,
2023-04-21,0009X,ALFORJA,TARRAGONA,406,"15,7","0,0","9,9",01:12,"21,5",12:17,99,"1,9","7,2",Varias,,,,,
2023-04-22,0009X,ALFORJA,TARRAGONA,406,"16,0","0,0","9,9",23:53,"22,2",12:30,09,"2,2","7,2",12:50,,,,,
2023-04-23,0009X,ALFORJA,TARRAGONA,406,"17,3","0,6","8,4",03:22,"26,2",13:21,99,"2,8","9,2",Varias,,,,,
2023-04-24,0009X,ALFORJA,TARRAGONA,406,"19,0","0,0","12,4",02:30,"25,5",14:32,24,"3,1","11,7",13:40,,,,,
2023-04-25,0009X,ALFORJA,TARRAGONA,406,"21,4","0,0","14,2",01:10,"28,5",15:24,27,"3,9","12,2",13:00,,,,,
2023-04-26,0009X,ALFORJA,TARRAGONA,406,"15,2","0,0","10,0",24:00,"20,3",Varias,14,"1,9","6,4",11:10,,,,,
2023-04-27,0009X,ALFORJA,TARRAGONA,406,"17,3","0,0","9,3",02:39,"25,3",13:38,10,"1,7","6,4",12:20,,,,,
2023-04-28,0009X,ALFORJA,TARRAGONA,406,"17,8","0,0","10,0",01:09,"25,7",12:47,12,"1,7","7,2",13:00,,,,,
2023-04-29,0009X,ALFORJA,TARRAGONA,406,"19,6","2,4","12,3",04:24,"27,0",10:02,30,"2,5","10,8",20:20,,,,,
2023-04-30,0009X,ALFORJA,TARRAGONA,406,"20,2","0,0","13,6",05:03,"26,7",14:34,28,"5,3","14,2",05:20,,,,,
2023-05-01,0009X,ALFORJA,TARRAGONA,406,"18,3","0,0","9,9",23:52,"26,7",15:00,26,"3,3","11,7",08:00,,,,,
2023-05-02,0009X,ALFORJA,TARRAGONA,406,"16,7","0,0","9,2",00:40,"24,2",13:29,26,"3,3","10,0",05:40,,,,,
2023-05-03,0009X,ALFORJA,TARRAGONA,406,"15,8","0,0","6,0",04:41,"25,7",12:28,10,"1,9","9,2",14:20,,,,,
2023-05-04,0009X,ALFORJA,TARRAGONA,406,"17,7","0,0","10,5",04:19,"24,9",12:34,12,"2,5","6,9",11:40,,,,,
2023-05-05,0009X,ALFORJA,TARRAGONA,406,"17,9","0,0","9,9",02:56,"25,9",12:36,08,"1,7","7,2",11:10,,,,,
2023-05-06,0009X,ALFORJA,TARRAGONA,406,"17,6","0,2","8,9",04:49,"26,3",13:02,12,"1,4","7,2",14:30,,,,,
2023-05-07,0009X,ALFORJA,TARRAGONA,406,"18,6","0,2","12,1",00:13,"25,1",Varias,14,"2,5","8,3",15:20,,,,,
2023-05-08,0009X,ALFORJA,TARRAGONA,406,"20,1","0,0","12,3",01:00,"27,9",14:41,26,"4,4","11,7",07:30,,,,,
2023-05-09,0009X,ALFORJA,TARRAGONA,406,"20,4","0,0","11,2",01:37,"29,5",12:37,28,"3,6","11,9",17:30,,,,,
2023-05-10,0009X,ALFORJA,TARRAGONA,406,"17,6","0,0","12,0",03:32,"23,3",13:42,28,"6,1","15,8",12:00,,,,,
2023-05-11,0009X,ALFORJA,TARRAGONA,406,"15,8","0,0","9,6",04:55,"22,0",14:49,27,"5,6","14,2",08:30,,,,,
2023-05-12,0009X,ALFORJA,TARRAGONA,406,"15,3","0,4","8,5",04:39,"22,1",13:58,28,"3,1","10,3",09:30,,,,,
2023-05-13,0009X,ALFORJA,TARRAGONA,406,"14,2","0,8","8,4",01:02,"20,0",16:36,27,"3,9","11,4",07:20,,,,,
2023-05-14,0009X,ALFORJA,TARRAGONA,406,"16,9","0,0","9,8",04:14,"24,0",13:16,26,"3,9","12,8",05:50,,,,,
2023-05-15,0009X,ALFORJA,TARRAGONA,406,"17,2","0,0","10,2",04:38,"24,3",13:10,25,"5,3","13,3",08:30,,,,,
2023-05-16,0009X,ALFORJA,TARRAGONA,406,"17,8","0,0","10,3",05:58,"25,3",15:00,28,"5,3","13,1",05:40,,,,,
2023-05-17,0009X,ALFORJA,TARRAGONA,406,"17,4","0,0","8,3",04:03,"26,5",14:07,31,"4,7","13,3",06:00,,,,,
2023-05-18,0009X,ALFORJA,TARRAGONA,406,"16,6","1,0","9,3",00:01,"23,8",13:19,18,"4,2","11,1",13:30,,,,,
2023-05-19,0009X,ALFORJA,TARRAGONA,406,"15,2","4,2","9,3",04:23,"21,1",10:41,29,"3,3","9,4",06:00,,,,,
2023-05-20,0009X,ALFORJA,TARRAGONA,406,"17,3","1,4","10,0",03:39,"24,6",14:30,30,"3,6","11,9",05:10,,,,,
2023-05-21,0009X,ALFORJA,TARRAGONA,406,"16,7","0,4","10,1",00:17,"23,3",12:43,99,"3,3","10,0",Varias,,,,,
2023-05-22,0009X,ALFORJA,TARRAGONA,406,"15,4","11,0","11,5",23:33,"19,2",17:37,25,"1,4","4,7",08:00,,,,,
2023-05-23,0009X,ALFORJA,TARRAGONA,406,"17,6","0,0","10,9",02:07,"24,2",10:40,13,"1,9","9,7",10:20,,,,,
2023-05-24,0009X,ALFORJA,TARRAGONA,406,"17,6","11,6","11,2",03:23,"24,1",08:56,30,"1,4","8,1",21:40,,,,,
2023-05-25,0009X,ALFORJA,TARRAGONA,406,"14,2","35,8","12,3",23:52,"16,1",13:27,27,"2,5","11,9",06:10,,,,,
2023-05-26,0009X,ALFORJA,TARRAGONA,406,"16,3","0,0","9,8",03:22,"22,8",13:53,14,"2,2","7,2",13:50,,,,,
2023-05-27,0009X,ALFORJA,TARRAGONA,406,"18,9","0,0","10,6",02:59,"27,2",12:21,12,"1,9","6,7",13:00,,,,,
2023-05-28,0009X,ALFORJA,TARRAGONA,406,"19,0","0,0","12,0",23:58,"25,9",11:27,10,"1,4","6,4",11:40,,,,,
2023-05-29,0009X,ALFORJA,TARRAGONA,406,"18,8","0,0","11,5",04:44,"26,1",12:12,12,"2,2","7,2",11:40,,,,,
2023-05-30,0009X,ALFORJA,TARRAGONA,406,"19,2","0,0","12,0",02:12,"26,3",13:29,11,"1,1","6,7",14:00,,,,,
2023-05-31,0009X,ALFORJA,TARRAGONA,406,"20,8","0,0","13,7",23:12,"27,9",10:27,13,"1,7","8,1",11:00,,,,,
2023-06-01,0009X,ALFORJA,TARRAGONA,406,"17,8","1,6","12,3",Varias,"23,4",13:06,99,"1,1","7,2",14:30,,,,,
2023-06-02,0009X,ALFORJA,TARRAGONA,406,"18,4","0,0","10,7",04:36,"26,2",13:20,12,"1,9","7,2",11:50,,,,,
2023-06-03,0009X,ALFORJA,TARRAGONA,406,"18,4","0,4","12,6",00:01,"24,3",09:36,10,"0,8","6,7",10:20,,,,,
2023-06-04,0009X,ALFORJA,TARRAGONA,406,"18,4","4,4","12,4",04:55,"24,4",08:46,99,"1,7","6,1",08:50,,,,,
2023-06-05,0009X,ALFORJA,TARRAGONA,406,"19,1","0,0","12,7",04:39,"25,5",10:10,13,"1,7","6,4",14:40,,,,,
2023-06-06,0009X,ALFORJA,TARRAGONA,406,"20,0","0,0","13,4",04:35,"26,6",13:30,09,"2,2","7,5",14:20,,,,,
2023-06-07,0009X,ALFORJA,TARRAGONA,406,"18,6","0,0","13,7",23:52,"23,5",11:19,09,"1,4","5,8",11:30,,,,,
2023-06-08,0009X,ALFORJA,TARRAGONA,406,"17,4","0,0","11,3",04:20,"23,6",15:33,15,"1,9","5,8",16:10,,,,,
2023-06-09,0009X,ALFORJA,TARRAGONA,406,"21,8","0,4","15,5",23:56,"28,0",13:06,08,"1,7","8,1",12:50,,,,,
2023-06-10,0009X,ALFORJA,TARRAGONA,406,"22,6","0,0","14,8",01:12,"30,3",10:56,25,"2,2","7,5",09:40,,,,,
2023-06-11,0009X,ALFORJA,TARRAGONA,406,"22,7","0,8","16,3",03:42,"29,1",11:28,12,"1,7","8,3",11:50,,,,,
2023-06-12,0009X,ALFORJA,TARRAGONA,406,"22,7","0,0","15,9",01:41,"29,5",11:56,33,"1,7","8,6",06:10,,,,,
2023-06-13,0009X,ALFORJA,TARRAGONA,406,"21,4","18,4","15,4",17:18,"27,4",12:32,27,"2,5","10,3",04:50,,,,,
2023-06-14,0009X,ALFORJA,TARRAGONA,406,"23,0","0,0","15,7",04:14,"30,3",14:34,29,"3,6","11,9",03:20,,,,,
2023-06-15,0009X,ALFORJA,TARRAGONA,406,"23,0","0,0","15,6",24:00,"30,5",12:27,26,"3,1","10,3",06:20,,,,,
2023-06-16,0009X,ALFORJA,TARRAGONA,406,"22,4","0,0","14,1",03:31,"30,8",12:00,10,"1,9","7,2",12:50,,,,,
2023-06-17,0009X,ALFORJA,TARRAGONA,406,"22,8","1,0","14,8",03:12,"30,7",13:37,14,"1,9","6,1",13:50,,,,,
2023-06-18,0009X,ALFORJA,TARRAGONA,406,"21,4","5,0","15,8",22:11,"27,0",13:13,32,"1,7","6,7",00:30,,,,,
2023-06-19,0009X,ALFORJA,TARRAGONA,406,"21,5","0,0","14,0",04:07,"29,0",10:44,32,"1,7","7,8",09:10,,,,,
2023-06-20,0009X,ALFORJA,TARRAGONA,406,"22,8","0,0","15,9",03:18,"29,6",14:44,30,"1,4","7,2",04:10,,,,,
2023-06-21,0009X,ALFORJA,TARRAGONA,406,"23,5","0,2","17,2",04:21,"29,8",14:31,29,"1,7","11,7",19:20,,,,,
2023-06-22,0009X,ALFORJA,TARRAGONA,406,"24,2","0,0","17,8",23:56,"30,7",15:13,26,"5,0","13,1",03:40,,,,,
2023-06-23,0009X,ALFORJA,TARRAGONA,406,"24,8","0,0","16,2",04:23,"33,3",13:12,26,"2,8","9,7",11:50,,,,,
2023-06-24,0009X,ALFORJA,TARRAGONA,406,"23,9","0,0","16,3",04:49,"31,5",13:14,24,"2,2","7,5",06:20,,,,,
2023-06-25,0009X,ALFORJA,TARRAGONA,406,"24,5","0,0","16,0",04:19,"33,0",14:06,10,"1,9","7,2",12:20,,,,,
2023-06-26,0009X,ALFORJA,TARRAGONA,406,"26,1","0,0","16,8",04:11,"35,4",12:17,26,"2,8","9,2",07:50,,,,,
2023-06-27,0009X,ALFORJA,TARRAGONA,406,"26,0","0,0","20,0",Varias,"31,9",13:03,30,"2,8","9,2",02:20,,,,,
2023-06-28,0009X,ALFORJA,TARRAGONA,406,"25,2","0,0","18,9",03:39,"31,4",14:55,15,"2,2","6,1",14:00,,,,,
2023-06-29,0009X,ALFORJA,TARRAGONA,406,"24,6","8,0","18,0",23:59,"31,3",11:15,21,"2,2","8,3",21:20,,,,,
2023-06-30,0009X,ALFORJA,TARRAGONA,406,"22,0","0,2","16,2",05:10,"27,9",14:57,29,"5,6","14,2",10:20,,,,,
2023-07-01,0009X,ALFORJA,TARRAGONA,406,"23,0","0,0","15,1",04:15,"31,0",14:52,25,"3,9","11,1",08:10,,,,,
2023-07-02,0009X,ALFORJA,TARRAGONA,406,"24,7","0,0","17,3",22:56,"32,1",13:17,28,"3,3","12,2",02:20,,,,,
2023-07-03,0009X,ALFORJA,TARRAGONA,406,"24,2","13,0","17,6",03:39,"30,8",10:16,27,"2,2","8,9",05:50,,,,,
2023-07-04,0009X,ALFORJA,TARRAGONA,406,"23,3","0,0","17,3",01:42,"29,3",13:39,12,"1,7","6,7",13:50,,,,,
2023-07-05,0009X,ALFORJA,TARRAGONA,406,"22,8","1,2","17,6",02:04,"27,9",09:15,99,"2,8","7,8",05:50,,,,,
2023-07-06,0009X,ALFORJA,TARRAGONA,406,"21,6","7,4","16,9",23:38,"26,3",11:46,34,"1,4","9,4",19:30,,,,,
2023-07-07,0009X,ALFORJA,TARRAGONA,406,"22,7","0,0","16,1",03:23,"29,3",11:35,08,"1,7","7,8",12:00,,,,,
2023-07-08,0009X,ALFORJA,TARRAGONA,406,"25,4","0,0","16,6",04:26,"34,1",13:27,12,"1,9","7,2",13:10,,,,,
2023-07-09,0009X,ALFORJA,TARRAGONA,406,"25,9","0,0","17,6",03:44,"34,2",12:16,09,"1,7","6,9",12:30,,,,,
2023-07-10,0009X,ALFORJA,TARRAGONA,406,"26,0","0,0","19,1",04:07,"32,9",13:02,10,"1,7","8,1",10:50,,,,,
2023-07-11,0009X,ALFORJA,TARRAGONA,406,"26,9","0,0","19,8",03:44,"34,0",13:16,12,"1,9","6,7",13:10,,,,,
2023-07-12,0009X,ALFORJA,TARRAGONA,406,"26,4","0,0","19,4",23:59,"33,3",10:34,26,"2,2","7,8",05:50,,,,,
2023-07-13,0009X,ALFORJA,TARRAGONA,406,"25,4","0,6","17,8",01:55,"32,9",12:46,27,"3,3","10,3",05:00,,,,,
2023-07-14,0009X,ALFORJA,TARRAGONA,406,"26,0","0,2","22,2",05:39,"29,9",13:27,11,"1,9","8,3",14:40,,,,,
2023-07-15,0009X,ALFORJA,TARRAGONA,406,"27,0","0,0","22,6",00:41,"31,3",12:27,10,"1,9","7,8",11:40,,,,,
2023-07-16,0009X,ALFORJA,TARRAGONA,406,"24,8","0,0","19,7",06:20,"30,0",14:00,26,"2,5","7,8",05:20,,,,,
2023-07-17,0009X,ALFORJA,TARRAGONA,406,"24,8","0,0","18,7",02:40,"30,8",13:11,14,"1,7","8,3",10:20,,,,,
2023-07-18,0009X,ALFORJA,TARRAGONA,406,"27,2","0,0","17,5",04:50,"36,9",10:32,29,"2,2","13,1",23:20,,,,,
2023-07-19,0009X,ALFORJA,TARRAGONA,406,"29,2","0,0","20,6",04:16,"37,8",12:29,99,"2,2","7,5",Varias,,,,,
2023-07-20,0009X,ALFORJA,TARRAGONA,406,"26,2","0,0","21,0",02:34,"31,3",12:41,12,"2,8","7,8",13:30,,,,,
2023-07-21,0009X,ALFORJA,TARRAGONA,406,"26,4","0,2","19,5",04:28,"33,4",13:18,08,"3,1","11,4",13:40,,,,,
2023-07-22,0009X,ALFORJA,TARRAGONA,406,"23,7","0,2","17,8",07:42,"29,6",14:09,25,"2,8","6,9",06:30,,,,,
2023-07-23,0009X,ALFORJA,TARRAGONA,406,"26,2","0,0","20,7",23:57,"31,7",13:07,12,"1,9","8,1",11:50,,,,,
2023-07-24,0009X,ALFORJA,TARRAGONA,406,"28,2","0,0","20,1",00:52,"36,2",13:23,28,"4,4","10,3",07:20,,,,,
2023-07-25,0009X,ALFORJA,TARRAGONA,406,,"0,0",,,,,26,"6,7","16,7",10:00,,,,,
2023-07-26,0009X,ALFORJA,TARRAGONA,406,"23,9","0,2","16,3",04:38,"31,5",14:27,27,"3,9","13,3",03:00,,,,,
2023-07-27,0009X,ALFORJA,TARRAGONA,406,"21,7","27,0","16,4",01:28,"27,0",10:49,31,"1,7","16,7",19:50,,,,,
2023-07-28,0009X,ALFORJA,TARRAGONA,406,"24,2","0,0","17,9",04:26,"30,6",14:35,99,"1,9","7,2",Varias,,,,,
2023-07-30,0009X,ALFORJA,TARRAGONA,406,"24,8","0,0","20,1",00:42,"29,6",11:03,29,"2,8","7,5",07:10,,,,,
2023-07-31,0009X,ALFORJA,TARRAGONA,406,"26,2","0,0","20,1",05:16,"32,2",11:51,28,"3,1","8,1",08:00,,,,,
2023-08-01,0009X,ALFORJA,TARRAGONA,406,"27,2","0,0","20,1",02:05,"34,2",14:13,30,"5,8","14,4",06:20,,,,,
2023-08-02,0009X,ALFORJA,TARRAGONA,406,"26,0","0,0","18,3",03:03,"33,7",12:34,11,"1,9","6,7",14:10,,,,,
2023-08-03,0009X,ALFORJA,TARRAGONA,406,"24,4","0,0","18,8",23:56,"29,9",14:25,27,"4,7","15,3",10:00,,,,,
2023-08-04,0009X,ALFORJA,TARRAGONA,406,"22,4","0,0","15,6",04:36,"29,1",14:05,29,"5,3","14,2",00:10,,,,,
2023-08-05,0009X,ALFORJA,TARRAGONA,406,"22,6","0,0","14,3",05:06,"30,9",15:57,26,"5,3","12,5",06:00,,,,,
2023-08-06,0009X,ALFORJA,TARRAGONA,406,"24,6","0,0","17,7",04:47,"31,6",14:19,27,"4,4","12,8",01:50,,,,,
2023-08-07,0009X,ALFORJA,TARRAGONA,406,"21,8","0,0","15,1",05:24,"28,4",12:07,28,"3,1","10,3",Varias,,,,,
2023-08-08,0009X,ALFORJA,TARRAGONA,406,"24,5","0,0","19,0",23:38,"30,0",12:42,13,"1,9","7,8",14:40,,,,,
2023-08-09,0009X,ALFORJA,TARRAGONA,406,"26,0","0,2","19,8",00:36,"32,3",12:51,32,"1,9","8,9",23:10,,,,,
2023-08-10,0009X,ALFORJA,TARRAGONA,406,"28,5","0,0","18,8",04:58,"38,2",11:31,09,"1,7","7,2",12:40,,,,,
2023-08-11,0009X,ALFORJA,TARRAGONA,406,"26,6","0,0","18,9",23:58,"34,3",13:02,11,"3,3","8,6",13:20,,,,,
2023-08-12,0009X,ALFORJA,TARRAGONA,406,"25,2","0,0","17,5",04:55,"33,0",13:51,99,"1,9","6,9",Varias,,,,,
2023-08-13,0009X,ALFORJA,TARRAGONA,406,"25,6","0,0","18,5",04:51,"32,6",12:47,09,"2,2","7,8",12:30,,,,,
2023-08-14,0009X,ALFORJA,TARRAGONA,406,"25,6","0,0","19,5",22:07,"31,6",13:50,08,"2,5","8,3",14:40,,,,,
2023-08-15,0009X,ALFORJA,TARRAGONA,406,"26,6","0,0","19,8",23:51,"33,3",13:00,14,"2,8","8,6",12:00,,,,,
2023-08-16,0009X,ALFORJA,TARRAGONA,406,"25,7","0,0","18,7",04:53,"32,7",14:05,12,"2,5","8,6",15:00,,,,,
2023-08-17,0009X,ALFORJA,TARRAGONA,406,"25,2","0,0","17,4",04:54,"32,9",11:31,12,"2,2","7,5",Varias,,,,,
2023-08-18,0009X,ALFORJA,TARRAGONA,406,"25,8","0,0","18,7",05:03,"33,0",13:07,11,"1,7","6,7",13:00,,,,,
2023-08-19,0009X,ALFORJA,TARRAGONA,406,"26,1","0,0","18,3",02:00,"33,9",12:52,12,"1,7","6,7",12:30,,,,,
2023-08-20,0009X,ALFORJA,TARRAGONA,406,"28,0","0,0","19,2",02:06,"36,8",12:28,09,"1,9","6,9",12:40,,,,,
2023-08-21,0009X,ALFORJA,TARRAGONA,406,"30,2","0,0","22,1",03:45,"38,2",12:33,12,"1,9","8,6",12:00,,,,,
2023-08-22,0009X,ALFORJA,TARRAGONA,406,"30,4","0,0","22,4",05:02,"38,5",11:30,09,"1,7","6,9",11:50,,,,,
2023-08-23,0009X,ALFORJA,TARRAGONA,406,"31,2","0,0","22,2",05:12,"40,2",11:54,09,"1,4","8,1",12:50,,,,,
2023-08-24,0009X,ALFORJA,TARRAGONA,406,"29,8","0,0","21,7",23:46,"37,9",13:11,99,"1,7","6,4",11:30,,,,,
2023-08-25,0009X,ALFORJA,TARRAGONA,406,"27,0","0,0","19,7",05:23,"34,3",13:22,12,"1,9","7,8",12:20,,,,,
2023-08-26,0009X,ALFORJA,TARRAGONA,406,"25,7","1,6","20,8",22:45,"30,6",10:21,24,"1,7","7,8",07:30,,,,,
2023-08-27,0009X,ALFORJA,TARRAGONA,406,"18,8","0,2","14,7",08:56,"22,8",00:29,28,"3,6","15,6",07:20,,,,,
2023-08-28,0009X,ALFORJA,TARRAGONA,406,,,,,,,,"6,1",,,,,,,
2023-08-29,0009X,ALFORJA,TARRAGONA,406,"22,3","0,0","16,6",05:43,"28,0",14:04,24,"6,7","18,1",08:30,,,,,
2023-08-30,0009X,ALFORJA,TARRAGONA,406,"22,0","0,0","15,0",05:52,"28,9",15:16,30,"3,9","12,5",05:00,,,,,
2023-08-31,0009X,ALFORJA,TARRAGONA,406,,,,,,,,"2,8",,,,,,,
2023-09-01,0009X,ALFORJA,TARRAGONA,406,"22,8","2,2","18,6",03:45,"27,0",13:42,12,"2,2","7,5",11:40,,,,,
2023-09-02,0009X,ALFORJA,TARRAGONA,406,"20,5","2,2","17,7",20:15,"23,3",10:58,09,"2,5","12,2",23:50,,,,,
2023-09-03,0009X,ALFORJA,TARRAGONA,406,"24,4","0,4","18,3",06:50,"30,4",14:35,08,"4,2","13,3",17:40,,,,,
2023-09-04,0009X,ALFORJA,TARRAGONA,406,"27,0","0,0","20,3",23:46,"33,7",11:37,12,"5,0","13,3",12:20,,,,,
2023-09-05,0009X,ALFORJA,TARRAGONA,406,"23,6","0,0","16,3",23:44,"30,8",14:02,12,"1,9","7,8",11:30,,,,,
2023-09-06,0009X,ALFORJA,TARRAGONA,406,"23,0","0,0","15,5",04:09,"30,6",13:04,08,"1,7","7,8",12:10,,,,,
2023-09-07,0009X,ALFORJA,TARRAGONA,406,"22,3","0,0","15,2",Varias,"29,4",12:39,09,"1,9","7,2",13:40,,,,,
2023-09-08,0009X,ALFORJA,TARRAGONA,406,"21,0","0,0","12,6",03:44,"29,3",13:30,11,"1,4","7,2",14:30,,,,,
2023-09-09,0009X,ALFORJA,TARRAGONA,406,"21,2","0,0","14,1",00:12,"28,4",13:30,13,"1,7","6,4",15:20,,,,,
2023-09-10,0009X,ALFORJA,TARRAGONA,406,"22,8","0,0","16,9",00:01,"28,6",13:22,12,"1,7","6,7",12:40,,,,,
2023-09-11,0009X,ALFORJA,TARRAGONA,406,"22,1","0,0","15,5",03:54,"28,7",14:08,99,"1,4","6,7",Varias,,,,,
2023-09-12,0009X,ALFORJA,TARRAGONA,406,"22,9","0,0","16,6",03:52,"29,2",11:43,27,"2,2","11,7",09:30,,,,,
2023-09-13,0009X,ALFORJA,TARRAGONA,406,"23,2","0,0","17,1",05:40,"29,2",13:04,99,"3,6","10,0",Varias,,,,,
2023-09-14,0009X,ALFORJA,TARRAGONA,406,"22,6","0,0","16,5",03:42,"28,8",11:11,12,"1,9","7,5",14:30,,,,,
2023-09-15,0009X,ALFORJA,TARRAGONA,406,"18,8","49,8","15,6",20:05,"22,1",08:27,24,"1,4","6,9",15:20,,,,,
2023-09-16,0009X,ALFORJA,TARRAGONA,406,"21,6","0,0","16,1",02:19,"27,0",11:38,15,"0,8","6,4",12:10,,,,,
2023-09-17,0009X,ALFORJA,TARRAGONA,406,"23,4","5,4","17,8",05:50,"28,9",12:31,11,"1,1","6,4",14:00,,,,,
2023-09-18,0009X,ALFORJA,TARRAGONA,406,"21,8","0,0","17,1",20:24,"26,4",12:00,32,"4,4","11,1",04:10,,,,,
2023-09-19,0009X,ALFORJA,TARRAGONA,406,"20,4","20,0","15,6",04:41,"25,1",09:34,29,"1,1","8,9",00:20,,,,,
2023-09-20,0009X,ALFORJA,TARRAGONA,406,"20,6","0,0","15,1",23:50,"26,1",13:48,29,"1,7","6,9",08:30,,,,,
2023-09-21,0009X,ALFORJA,TARRAGONA,406,"22,0","0,0","15,1",00:01,"28,8",12:50,27,"3,6","15,0",21:50,,,,,
2023-09-22,0009X,ALFORJA,TARRAGONA,406,"18,8","0,0","14,7",05:48,"22,9",13:27,28,"5,8","14,7",11:10,,,,,
2023-09-23,0009X,ALFORJA,TARRAGONA,406,"18,2","0,0","12,3",21:48,"24,2",14:14,25,"3,3","10,0",07:00,,,,,
2023-09-24,0009X,ALFORJA,TARRAGONA,406,"19,0","0,0","11,3",04:41,"26,6",14:01,10,"1,7","6,1",10:50,,,,,
2023-09-25,0009X,ALFORJA,TARRAGONA,406,"19,2","0,0","11,9",05:42,"26,5",12:20,12,"1,1","6,1",13:50,,,,,
2023-09-26,0009X,ALFORJA,TARRAGONA,406,"19,1","0,0","12,3",02:38,"25,9",12:18,14,"1,7","6,9",12:40,,,,,
2023-09-27,0009X,ALFORJA,TARRAGONA,406,"20,8","0,0","13,3",05:16,"28,3",12:44,09,"1,4","5,8",12:10,,,,,
2023-09-28,0009X,ALFORJA,TARRAGONA,406,"20,5","0,0","13,1",05:37,"27,9",12:55,09,"1,4","5,8",Varias,,,,,
2023-09-29,0009X,ALFORJA,TARRAGONA,406,"22,3","0,0","14,6",05:11,"30,0",13:43,13,"1,1","6,7",13:30,,,,,
2023-09-30,0009X,ALFORJA,TARRAGONA,406,"23,4","0,0","15,7",00:19,"31,0",11:35,13,"1,9","5,3",11:40,,,,,
2023-10-01,0009X,ALFORJA,TARRAGONA,406,"22,8","0,0","15,2",05:51,"30,4",11:11,12,"1,1","5,3",11:30,,,,,
2023-10-02,0009X,ALFORJA,TARRAGONA,406,"22,4","0,0","17,6",01:09,"27,3",11:59,10,"1,4","6,9",12:20,,,,,
2023-10-03,0009X,ALFORJA,TARRAGONA,406,"21,8","0,0","15,5",06:12,"28,2",12:01,10,"1,4","5,8",12:30,,,,,
2023-10-04,0009X,ALFORJA,TARRAGONA,406,"22,6","0,0","16,5",05:42,"28,6",11:51,12,"1,4","7,5",12:00,,,,,
2023-10-05,0009X,ALFORJA,TARRAGONA,406,"22,0","0,0","15,6",05:54,"28,4",12:43,14,"1,4","5,8",12:30,,,,,
2023-10-06,0009X,ALFORJA,TARRAGONA,406,"22,8","0,0","17,1",00:16,"28,5",13:06,10,"1,9","6,1",12:30,,,,,
2023-10-07,0009X,ALFORJA,TARRAGONA,406,"21,6","0,0","15,3",23:57,"27,8",12:58,12,"1,4","5,8",13:20,,,,,
2023-10-08,0009X,ALFORJA,TARRAGONA,406,"21,2","0,0","14,1",06:02,"28,3",12:38,10,"1,1","5,6",13:50,,,,,
2023-10-09,0009X,ALFORJA,TARRAGONA,406,"19,6","0,0","11,1",04:34,"28,0",12:32,11,"1,1","5,6",13:20,,,,,
2023-10-10,0009X,ALFORJA,TARRAGONA,406,"19,9","0,0","11,9",05:57,"27,9",12:10,11,"1,4","5,8",14:00,,,,,
2023-10-11,0009X,ALFORJA,TARRAGONA,406,"19,2","0,0","11,8",02:08,"26,7",13:08,08,"1,7","5,6",14:00,,,,,
2023-10-12,0009X,ALFORJA,TARRAGONA,406,"20,1","0,0","13,0",05:38,"27,2",Varias,12,"1,4","5,8",12:50,,,,,
2023-10-13,0009X,ALFORJA,TARRAGONA,406,"19,9","0,0","13,1",02:16,"26,7",13:37,12,"1,1","6,1",12:20,,,,,
2023-10-14,0009X,ALFORJA,TARRAGONA,406,"22,7","0,0","17,7",21:13,"27,7",12:03,29,"2,2","10,0",02:50,,,,,
2023-10-15,0009X,ALFORJA,TARRAGONA,406,"20,2","4,0","15,5",06:22,"24,8",13:40,28,"1,9","9,4",09:40,,,,,
2023-10-16,0009X,ALFORJA,TARRAGONA,406,"17,6","0,0","15,7",23:57,"19,6",14:13,13,"0,8","4,7",14:40,,,,,
2023-10-17,0009X,ALFORJA,TARRAGONA,406,"19,2","0,2","15,4",00:10,"22,9",12:33,10,"1,4","4,7",13:40,,,,,
2023-10-18,0009X,ALFORJA,TARRAGONA,406,"21,8","0,6","16,0",06:14,"27,6",13:49,26,"1,7","10,3",13:20,,,,,
2023-10-19,0009X,ALFORJA,TARRAGONA,406,"17,3","13,4","13,1",23:22,"21,5",09:13,28,"1,1","16,1",20:40,,,,,
2023-10-21,0009X,ALFORJA,TARRAGONA,406,"13,4","0,0","8,3",20:45,"18,6",13:54,28,"5,3","15,3",03:30,,,,,
2023-10-22,0009X,ALFORJA,TARRAGONA,406,"13,4","0,4","7,5",04:43,"19,4",12:16,10,"1,4","10,0",22:50,,,,,
2023-10-23,0009X,ALFORJA,TARRAGONA,406,"18,2","5,6","13,4",18:42,"23,0",12:53,27,"1,7","10,3",09:20,,,,,
2023-10-24,0009X,ALFORJA,TARRAGONA,406,"16,0","0,2","12,7",06:16,"19,4",13:47,26,"4,4","14,4",07:10,,,,,
2023-10-25,0009X,ALFORJA,TARRAGONA,406,"17,0","0,0","13,0",05:25,"21,0",14:20,30,"4,2","13,3",10:10,,,,,
2023-10-26,0009X,ALFORJA,TARRAGONA,406,"20,0",,"16,1",23:54,"24,0",11:22,28,"3,9","14,2",17:20,,,,,
2023-10-27,0009X,ALFORJA,TARRAGONA,406,,"0,0",,,,,,"4,4",,,,,,,
2023-10-28,0009X,ALFORJA,TARRAGONA,406,"17,2","0,0","10,9",23:45,"23,5",14:13,26,"1,7","10,6",10:30,,,,,
2023-10-29,0009X,ALFORJA,TARRAGONA,406,,,,,,,,"1,7",,,,,,,
2023-10-30,0009X,ALFORJA,TARRAGONA,406,"15,7","2,8","10,0",02:03,"21,4",13:33,25,"3,3","11,7",21:20,,,,,
2023-10-31,0009X,ALFORJA,TARRAGONA,406,"12,4","0,0","7,3",22:15,"17,4",11:26,24,"2,5","15,6",09:10,,,,,
2023-11-01,0009X,ALFORJA,TARRAGONA,406,,,,,,,,"3,1",,,,,,,
2023-11-02,0009X,ALFORJA,TARRAGONA,406,"15,9","3,6","9,1",24:00,"22,7",09:26,30,"4,4","19,2",16:00,,,,,
2023-11-03,0009X,ALFORJA,TARRAGONA,406,"12,8","0,6","8,8",02:59,"16,7",12:06,23,"6,4","19,4",13:20,,,,,
2023-11-04,0009X,ALFORJA,TARRAGONA,406,"15,1","1,8","8,9",03:16,"21,3",12:31,23,"2,5","16,4",21:30,,,,,
2023-11-05,0009X,ALFORJA,TARRAGONA,406,"15,0","0,0","11,8",23:01,"18,3",13:02,28,"4,7","20,3",08:50,,,,,
2023-11-06,0009X,ALFORJA,TARRAGONA,406,"12,0","0,0","7,4",20:11,"16,6",13:46,28,"5,0","13,6",08:30,,,,,
2023-11-07,0009X,ALFORJA,TARRAGONA,406,"11,2","0,0","7,0",06:25,"15,3",14:21,28,"3,3","10,8",13:00,,,,,
2023-11-08,0009X,ALFORJA,TARRAGONA,406,"11,2","1,4","5,4",20:05,"16,9",12:12,28,"2,5","11,7",05:40,,,,,
2023-11-09,0009X,ALFORJA,TARRAGONA,406,"11,1","0,0","6,3",00:32,"15,9",14:17,29,"4,7","14,7",16:30,,,,,
2023-11-10,0009X,ALFORJA,TARRAGONA,406,"14,2","0,0","11,2",08:07,"17,3",12:27,27,"5,6","15,3",14:00,,,,,
2023-11-11,0009X,ALFORJA,TARRAGONA,406,"15,1","0,0","11,4",21:02,"18,8",13:54,28,"1,9","9,2",09:20,,,,,
2023-11-12,0009X,ALFORJA,TARRAGONA,406,"19,1","0,0","15,9",06:10,"22,3",Varias,27,"4,4","14,7",11:40,,,,,
2023-11-13,0009X,ALFORJA,TARRAGONA,406,"19,4","0,0","16,0",04:52,"22,7",13:39,28,"3,3","11,9",22:10,,,,,
2023-11-14,0009X,ALFORJA,TARRAGONA,406,,,,,,,,"6,1",,,,,,,
2023-11-15,0009X,ALFORJA,TARRAGONA,406,"16,1","0,0","10,0",22:49,"22,2",12:43,26,"2,8","16,4",03:00,,,,,
2023-11-16,0009X,ALFORJA,TARRAGONA,406,"16,4","0,0","11,1",00:28,"21,7",14:40,30,"5,0","13,6",23:30,,,,,
2023-11-17,0009X,ALFORJA,TARRAGONA,406,"12,8","0,0","7,0",23:43,"18,7",13:24,28,"3,6","15,3",11:20,,,,,
2023-11-18,0009X,ALFORJA,TARRAGONA,406,"13,8","0,0","6,0",06:35,"21,6",14:11,27,"1,7","8,3",11:40,,,,,
2023-11-19,0009X,ALFORJA,TARRAGONA,406,"15,6","0,0","7,4",06:24,"23,8",13:16,10,"1,1","4,2",12:00,,,,,
2023-11-20,0009X,ALFORJA,TARRAGONA,406,"13,3","0,0","7,2",04:16,"19,4",13:10,26,"2,5","8,6",21:20,,,,,
2023-11-21,0009X,ALFORJA,TARRAGONA,406,"12,6","0,0","8,7",23:57,"16,5",13:56,30,"6,1","15,6",12:50,,,,,
2023-11-22,0009X,ALFORJA,TARRAGONA,406,"13,2","0,0","7,9",Varias,"18,4",14:10,27,"5,0","13,9",10:20,,,,,
2023-11-23,0009X,ALFORJA,TARRAGONA,406,"9,6","0,0","5,5",06:40,"13,7",13:29,28,"7,2","15,6",13:40,,,,,
2023-11-24,0009X,ALFORJA,TARRAGONA,406,"11,2","0,0","6,3",03:46,"16,0",13:44,30,"8,6","18,6",08:50,,,,,
2023-11-25,0009X,ALFORJA,TARRAGONA,406,"10,8","0,0","5,4",19:30,"16,2",12:53,31,"4,2","16,4",02:50,,,,,
2023-11-26,0009X,ALFORJA,TARRAGONA,406,"9,8","0,0","4,4",07:00,"15,2",13:56,24,"3,1","8,3",13:30,,,,,
2023-11-27,0009X,ALFORJA,TARRAGONA,406,"12,7","0,0","8,2",00:01,"17,2",13:17,24,"4,2","14,4",20:20,,,,,
2023-11-28,0009X,ALFORJA,TARRAGONA,406,"14,4","0,0","10,6",05:14,"18,1",13:22,26,"6,1","21,7",07:10,,,,,
2023-11-29,0009X,ALFORJA,TARRAGONA,406,"13,1","0,0","7,3",22:12,"18,9",13:47,26,"1,1","6,9",00:10,,,,,
2023-11-30,0009X,ALFORJA,TARRAGONA,406,"15,8","0,2","10,1",00:01,"21,4",12:01,28,"1,1","7,5",23:50,,,,,
2023-12-01,0009X,ALFORJA,TARRAGONA,406,"12,7","0,2","7,9",22:02,"17,5",00:13,27,"6,1","16,4",19:20,,,,,
2023-12-02,0009X,ALFORJA,TARRAGONA,406,"9,8","0,0","6,1",23:57,"13,4",13:51,27,"5,8","17,5",03:00,,,,,
2023-12-03,0009X,ALFORJA,TARRAGONA,406,"7,8","0,4","2,4",19:09,"13,1",14:19,27,"3,6","12,8",02:00,,,,,
2023-12-04,0009X,ALFORJA,TARRAGONA,406,"9,8","0,0","5,4",02:19,"14,3",12:46,28,"3,1","10,0",13:40,,,,,
2023-12-05,0009X,ALFORJA,TARRAGONA,406,"8,4","0,0","4,9",22:19,"12,0",14:47,28,"4,4","15,0",03:10,,,,,
2023-12-06,0009X,ALFORJA,TARRAGONA,406,"8,2","0,0","2,6",23:40,"13,8",13:48,29,"2,8","7,2",12:30,,,,,
2023-12-07,0009X,ALFORJA,TARRAGONA,406,"9,6","2,6","2,4",00:34,"16,9",13:27,30,"2,5","9,2",22:00,,,,,
2023-12-08,0009X,ALFORJA,TARRAGONA,406,"11,6","0,0","9,1",23:31,"14,1",13:38,28,"5,8","15,8",13:10,,,,,
2023-12-09,0009X,ALFORJA,TARRAGONA,406,,,,,,,,"5,3",,,,,,,
2023-12-10,0009X,ALFORJA,TARRAGONA,406,"15,8","0,0","12,0",05:01,"19,7",12:56,26,"5,0","17,8",01:40,,,,,
2023-12-11,0009X,ALFORJA,TARRAGONA,406,"16,0",,"13,0",07:02,"18,9",14:16,28,"5,8","13,3",04:20,,,,,
2023-12-12,0009X,ALFORJA,TARRAGONA,406,,"0,0",,,,,,"5,6",,,,,,,
2023-12-13,0009X,ALFORJA,TARRAGONA,406,"12,6","0,0","9,2",22:55,"16,1",00:13,29,"6,4","19,7",19:10,,,,,
2023-12-14,0009X,ALFORJA,TARRAGONA,406,"10,8","0,0","7,3",07:07,"14,2",14:05,27,"6,7","18,9",16:10,,,,,
2023-12-15,0009X,ALFORJA,TARRAGONA,406,"10,6","0,0","6,6",03:17,"14,6",14:40,30,"6,4","15,0",21:30,,,,,
2023-12-16,0009X,ALFORJA,TARRAGONA,406,"8,1","0,0","2,3",20:27,"13,9",13:28,28,"2,5","13,3",00:10,,,,,
2023-12-17,0009X,ALFORJA,TARRAGONA,406,"8,5","0,0","1,0",05:58,"16,0",14:24,22,"1,4","4,7",09:20,,,,,
2023-12-18,0009X,ALFORJA,TARRAGONA,406,"7,8","0,0","0,8",03:52,"14,8",13:31,26,"3,1","7,8",16:00,,,,,
2023-12-19,0009X,ALFORJA,TARRAGONA,406,"10,9","0,0","5,3",00:32,"16,5",11:12,28,"6,1","16,4",21:40,,,,,
2023-12-20,0009X,ALFORJA,TARRAGONA,406,,,,,,,,"6,7",,,,,,,
2023-12-21,0009X,ALFORJA,TARRAGONA,406,"10,8","0,0","6,5",01:13,"15,2",13:33,26,"7,2","17,8",11:50,,,,,
2023-12-22,0009X,ALFORJA,TARRAGONA,406,"12,8","0,0","9,4",Varias,"16,2",13:39,26,"7,8","18,6",06:10,,,,,
2023-12-23,0009X,ALFORJA,TARRAGONA,406,"10,9","0,0","7,5",07:04,"14,3",14:02,28,"6,4","17,2",00:10,,,,,
2023-12-24,0009X,ALFORJA,TARRAGONA,406,"10,1",,"6,8",07:14,"13,4",13:47,26,"4,4","11,4",09:10,,,,,
2023-12-25,0009X,ALFORJA,TARRAGONA,406,,"0,0",,,,,,"3,6",,,,,,,
2023-12-26,0009X,ALFORJA,TARRAGONA,406,"9,4","0,0","3,6",21:02,"15,3",13:11,23,"3,3","9,2",09:50,,,,,
2023-12-27,0009X,ALFORJA,TARRAGONA,406,"9,6","0,0","0,6",23:36,"18,5",12:11,10,"1,4","4,7",12:50,,,,,
2023-12-28,0009X,ALFORJA,TARRAGONA,406,"7,6","0,0","0,5",01:46,"14,7",13:22,23,"1,7","6,4",07:20,,,,,
2023-12-29,0009X,ALFORJA,TARRAGONA,406,"9,2","0,0","4,0",23:35,"14,3",12:20,24,"1,4","6,1",10:10,,,,,
2023-12-30,0009X,ALFORJA,TARRAGONA,406,"9,6","0,0","3,0",00:31,"16,2",13:19,23,"2,5","6,1",22:50,,,,,
2023-12-31,0009X,ALFORJA,TARRAGONA,406,"9,0","0,0","4,1",01:20,"13,9",15:03,28,"3,9","13,3",14:40,,,,,
2024-01-01,0009X,ALFORJA,TARRAGONA,406,"8,8","0,0","4,0",22:07,"13,6",14:20,26,"4,2","11,1",11:40,,,,,
2024-01-02,0009X,ALFORJA,TARRAGONA,406,"9,4","0,0","3,1",01:50,"15,6",13:21,26,"3,9","13,1",14:20,,,,,
2024-01-03,0009X,ALFORJA,TARRAGONA,406,"14,7","0,0","13,2",00:01,"16,2",14:28,27,"4,4","11,7",21:30,,,,,
2024-01-04,0009X,ALFORJA,TARRAGONA,406,"13,0","1,2","8,5",18:34,"17,4",13:06,28,"2,5","9,4",00:20,,,,,
2024-01-05,0009X,ALFORJA,TARRAGONA,406,"8,4","7,8","5,0",23:50,"11,8",11:46,28,"5,6","13,9",10:40,,,,,
2024-01-06,0009X,ALFORJA,TARRAGONA,406,"7,6","0,0","4,5",23:57,"10,6",13:52,99,"6,1","16,4",10:30,,,,,
2024-01-07,0009X,ALFORJA,TARRAGONA,406,"6,9","0,0","3,6",23:53,"10,2",13:15,28,"7,5","16,7",13:50,,,,,
2024-01-08,0009X,ALFORJA,TARRAGONA,406,"5,8","0,0","1,9",06:38,"9,6",14:35,28,"5,8","16,7",07:30,,,,,
2024-01-09,0009X,ALFORJA,TARRAGONA,406,"6,7","0,8","1,4",05:19,"12,0",15:06,24,"1,7","8,3",00:10,,,,,
2024-01-10,0009X,ALFORJA,TARRAGONA,406,"6,4","5,6","4,4",23:50,"8,3",12:23,29,"1,1","10,0",22:40,,,,,
2024-01-11,0009X,ALFORJA,TARRAGONA,406,"4,8","0,0","2,2",07:47,"7,3",14:07,28,"4,4","12,2",00:20,,,,,
2024-01-12,0009X,ALFORJA,TARRAGONA,406,"5,6","0,0","0,7",05:09,"10,4",14:14,24,"4,2","11,9",06:40,,,,,
2024-01-13,0009X,ALFORJA,TARRAGONA,406,"9,0","0,0","3,0",07:57,"14,9",13:28,26,"1,9","8,1",04:30,,,,,
2024-01-14,0009X,ALFORJA,TARRAGONA,406,"12,1","0,0","9,2",01:24,"15,0",15:29,26,"5,3","14,4",21:30,,,,,
2024-01-15,0009X,ALFORJA,TARRAGONA,406,"13,8","0,0","11,2",02:57,"16,3",12:54,27,"5,3","11,9",12:30,,,,,
2024-01-16,0009X,ALFORJA,TARRAGONA,406,"13,6","5,0","9,8",19:44,"17,4",14:27,28,"2,8","11,9",23:40,,,,,
2024-01-17,0009X,ALFORJA,TARRAGONA,406,"13,8","0,6","8,8",06:20,"18,7",13:30,26,"1,7","12,5",21:10,,,,,
2024-01-18,0009X,ALFORJA,TARRAGONA,406,"15,6","2,2","11,2",23:56,"19,9",13:37,26,"3,6","13,3",01:50,,,,,
2024-01-19,0009X,ALFORJA,TARRAGONA,406,"7,0","25,8","3,0",23:57,"11,1",00:01,28,"1,7","11,7",05:00,,,,,
2024-01-20,0009X,ALFORJA,TARRAGONA,406,"5,6","0,0","0,8",07:03,"10,5",14:27,29,"3,1","15,0",05:30,,,,,
2024-01-21,0009X,ALFORJA,TARRAGONA,406,"6,6","0,0","1,5",22:34,"11,7",12:29,22,"2,8","7,2",14:20,,,,,
2024-01-22,0009X,ALFORJA,TARRAGONA,406,"8,2","0,0","1,1",00:35,"15,4",13:29,26,"5,0","12,8",16:30,,,,,
2024-01-23,0009X,ALFORJA,TARRAGONA,406,"13,0","0,0","8,7",06:40,"17,4",12:27,28,"3,3","15,3",08:00,,,,,
2024-01-24,0009X,ALFORJA,TARRAGONA,406,"14,5","0,0","8,2",22:43,"20,8",14:42,24,"3,6","11,4",01:50,,,,,
2024-01-25,0009X,ALFORJA,TARRAGONA,406,"16,8","0,0","11,7",07:11,"21,9",13:51,29,"2,8","10,6",23:10,,,,,
2024-01-26,0009X,ALFORJA,TARRAGONA,406,"13,8","0,0","7,9",23:27,"19,6",10:43,27,"3,1","10,0",13:20,,,,,
2024-01-27,0009X,ALFORJA,TARRAGONA,406,"12,8","0,0","5,5",23:24,"20,2",13:47,10,"1,4","4,7",14:30,,,,,
2024-01-28,0009X,ALFORJA,TARRAGONA,406,"10,9","0,0","4,7",03:31,"17,1",13:39,99,"1,4","4,2",11:50,,,,,
2024-01-29,0009X,ALFORJA,TARRAGONA,406,"8,9","0,0","5,0",02:19,"12,8",13:44,10,"1,7","5,3",13:00,,,,,
2024-01-30,0009X,ALFORJA,TARRAGONA,406,"9,8","0,0","4,8",Varias,"14,7",14:29,09,"0,3","3,6",10:20,,,,,
2024-01-31,0009X,ALFORJA,TARRAGONA,406,"9,8","0,0","3,1",07:08,"16,4",13:16,22,"1,1","8,6",23:20,,,,,
2024-02-01,0009X,ALFORJA,TARRAGONA,406,"12,2","0,0","8,6",03:53,"15,9",14:20,28,"4,7","14,7",21:50,,,,,
2024-02-02,0009X,ALFORJA,TARRAGONA,406,"10,6","0,0","4,9",21:24,"16,2",15:10,26,"4,7","13,6",02:40,,,,,
2024-02-03,0009X,ALFORJA,TARRAGONA,406,"11,9","0,0","6,0",22:43,"17,8",12:58,24,"1,9","7,8",04:20,,,,,
2024-02-04,0009X,ALFORJA,TARRAGONA,406,"13,0","0,0","6,3",03:14,"19,8",13:05,25,"2,8","7,8",06:00,,,,,
2024-02-05,0009X,ALFORJA,TARRAGONA,406,"13,8","0,0","6,7",03:31,"21,0",13:40,26,"3,6","9,2",08:50,,,,,
2024-02-06,0009X,ALFORJA,TARRAGONA,406,"12,6","0,0","9,8",05:49,"15,4",13:21,26,"4,2","10,0",11:50,,,,,
2024-02-07,0009X,ALFORJA,TARRAGONA,406,"13,5",,"9,1",03:16,"17,9",12:54,25,"4,4","13,6",05:50,,,,,
2024-02-08,0009X,ALFORJA,TARRAGONA,406,,"3,8",,,,,,,,,,,,,
2024-02-09,0009X,ALFORJA,TARRAGONA,406,,"7,4",,,,,26,"0,3","5,6",00:10,,,,,
2024-02-10,0009X,ALFORJA,TARRAGONA,406,"10,0","0,0","6,7",20:57,"13,2",14:51,26,"7,5","20,6",09:30,,,,,
2024-02-11,0009X,ALFORJA,TARRAGONA,406,"7,8","0,0","3,9",20:02,"11,7",13:18,27,"5,3","18,1",12:10,,,,,
2024-02-12,0009X,ALFORJA,TARRAGONA,406,"11,8","0,0","6,8",02:43,"16,9",14:51,31,"6,4","23,9",15:10,,,,,
2024-02-13,0009X,ALFORJA,TARRAGONA,406,"12,8","0,0","6,1",04:31,"19,4",14:46,31,"2,8","11,7",01:20,,,,,
2024-02-14,0009X,ALFORJA,TARRAGONA,406,"15,2","0,0","9,6",07:37,"20,9",11:38,25,"1,7","7,2",11:30,,,,,
2024-02-15,0009X,ALFORJA,TARRAGONA,406,"13,5","0,6","8,7",06:57,"18,3",15:05,09,"1,4","4,7",13:30,,,,,
2024-02-16,0009X,ALFORJA,TARRAGONA,406,"10,4","4,0","9,2",06:14,"11,7",15:56,30,"4,2","11,1",17:20,,,,,
2024-02-17,0009X,ALFORJA,TARRAGONA,406,"11,0","0,0","6,8",06:31,"15,2",14:47,28,"5,3","13,3",09:20,,,,,
2024-02-18,0009X,ALFORJA,TARRAGONA,406,"13,0","0,0","8,4",06:55,"17,6",13:02,27,"3,6","11,9",10:50,,,,,
2024-02-19,0009X,ALFORJA,TARRAGONA,406,"14,6","0,0","9,4",05:02,"19,9",14:33,28,"4,7","13,3",21:00,,,,,
2024-02-20,0009X,ALFORJA,TARRAGONA,406,"11,8","0,0","4,9",23:18,"18,6",15:27,30,"3,3","16,4",03:50,,,,,
2024-02-21,0009X,ALFORJA,TARRAGONA,406,"9,8","0,0","2,9",03:38,"16,7",11:47,09,"0,8","6,1",11:00,,,,,
2024-02-22,0009X,ALFORJA,TARRAGONA,406,"14,5","0,2","7,5",05:05,"21,5",11:53,24,"3,6","13,9",21:20,,,,,
2024-02-23,0009X,ALFORJA,TARRAGONA,406,"9,6","0,0","5,3",04:11,"13,8",14:54,28,"4,2","19,2",11:20,,,,,
2024-02-24,0009X,ALFORJA,TARRAGONA,406,"8,8","0,4","5,9",09:06,"11,8",13:21,28,"5,8","16,4",10:40,,,,,
2024-02-25,0009X,ALFORJA,TARRAGONA,406,"9,8","1,0","5,1",06:52,"14,6",23:23,23,"1,1","10,6",23:30,,,,,
2024-02-26,0009X,ALFORJA,TARRAGONA,406,"10,8","0,0","6,3",23:44,"15,2",12:28,29,"5,6","16,1",21:00,,,,,
2024-02-27,0009X,ALFORJA,TARRAGONA,406,"10,4","0,0","5,1",06:33,"15,7",14:58,27,"6,9","14,4",08:40,,,,,
2024-02-28,0009X,ALFORJA,TARRAGONA,406,"11,4","0,0","5,3",04:43,"17,5",15:40,26,"5,3","14,7",22:50,,,,,
2024-02-29,0009X,ALFORJA,TARRAGONA,406,"11,4","3,4","6,3",04:06,"16,6",14:04,28,"5,6","16,4",22:20,,,,,
2024-03-01,0009X,ALFORJA,TARRAGONA,406,"9,3","0,0","4,3",Varias,"14,3",15:09,27,"6,9","17,8",11:50,,,,,
2024-03-02,0009X,ALFORJA,TARRAGONA,406,"10,7","15,6","5,9",Varias,"15,5",09:01,27,"2,2","14,2",23:59,,,,,
2024-03-03,0009X,ALFORJA,TARRAGONA,406,"6,8","0,0","2,3",04:34,"11,2",14:20,28,"7,2","19,7",12:40,,,,,
2024-03-04,0009X,ALFORJA,TARRAGONA,406,"9,0",,"4,0",02:58,"14,0",16:07,28,"3,9","15,3",04:20,,,,,
2024-03-05,0009X,ALFORJA,TARRAGONA,406,,"0,0",,,,,,,,,,,,,
2024-03-06,0009X,ALFORJA,TARRAGONA,406,"10,6","0,0","3,4",21:58,"17,8",13:43,28,"2,5","11,1",04:20,,,,,
2024-03-07,0009X,ALFORJA,TARRAGONA,406,"10,6","22,4","5,7",01:14,"15,4",13:49,13,"1,7","7,2",12:00,,,,,
2024-03-08,0009X,ALFORJA,TARRAGONA,406,"9,2","5,8","3,9",21:58,"14,5",13:10,24,"2,8","13,1",04:40,,,,,
2024-03-09,0009X,ALFORJA,TARRAGONA,406,"7,3","2,2","3,7",00:23,"10,9",13:04,29,"2,2","8,6",23:59,,,,,
2024-03-10,0009X,ALFORJA,TARRAGONA,406,"9,0","3,2","3,8",04:54,"14,3",11:59,99,"2,5","10,0",Varias,,,,,
2024-03-11,0009X,ALFORJA,TARRAGONA,406,"11,2","0,0","7,0",23:59,"15,4",12:58,27,"6,7","20,6",13:40,,,,,
2024-03-12,0009X,ALFORJA,TARRAGONA,406,"11,0","0,0","4,4",23:59,"17,6",13:49,28,"3,9","15,3",05:00,,,,,
2024-03-13,0009X,ALFORJA,TARRAGONA,406,"11,2","0,0","3,9",03:07,"18,4",13:24,09,"1,4","6,1",13:20,,,,,
2024-03-14,0009X,ALFORJA,TARRAGONA,406,"10,7","0,0","3,1",05:16,"18,3",12:22,08,"1,1","6,7",13:40,,,,,
2024-03-15,0009X,ALFORJA,TARRAGONA,406,,,,,,,,"3,3",,,,,,,
2024-03-16,0009X,ALFORJA,TARRAGONA,406,"16,2","0,0","9,6",00:01,"22,8",12:30,30,"2,2","8,1",09:00,,,,,
2024-03-17,0009X,ALFORJA,TARRAGONA,406,"17,8","0,0","9,6",04:40,"25,9",14:04,28,"1,1","8,6",10:30,,,,,
2024-03-18,0009X,ALFORJA,TARRAGONA,406,,"0,0",,,,,26,"1,9","7,5",09:10,,,,,
2024-03-19,0009X,ALFORJA,TARRAGONA,406,,,,,,,,"1,4",,,,,,,
2024-03-20,0009X,ALFORJA,TARRAGONA,406,"14,0","0,0","7,6",05:49,"20,3",11:52,12,"1,9","7,5",12:10,,,,,
2024-03-21,0009X,ALFORJA,TARRAGONA,406,"14,8","0,0","8,0",03:18,"21,7",14:40,10,"0,8","6,1",11:30,,,,,
2024-03-22,0009X,ALFORJA,TARRAGONA,406,"18,5","0,0","9,6",04:38,"27,4",12:20,10,"1,4","6,4",13:50,,,,,
2024-03-23,0009X,ALFORJA,TARRAGONA,406,"15,5","0,0","8,2",22:30,"22,8",15:20,28,"3,9","15,0",07:00,,,,,
2024-03-24,0009X,ALFORJA,TARRAGONA,406,,,,,,,,"2,2",,,,,,,
2024-03-25,0009X,ALFORJA,TARRAGONA,406,"9,8","29,4","9,2",Varias,"10,5",00:11,10,"1,4","6,4",11:00,,,,,
2024-03-26,0009X,ALFORJA,TARRAGONA,406,"9,7","0,6","5,3",23:01,"14,1",14:02,27,"3,9","13,9",13:20,,,,,
2024-03-27,0009X,ALFORJA,TARRAGONA,406,"9,4","0,8","3,3",01:49,"15,4",14:55,27,"2,5","13,3",10:00,,,,,
2024-03-29,0009X,ALFORJA,TARRAGONA,406,"14,6","0,0","10,1",04:24,"19,1",12:27,10,"1,4","8,1",15:40,,,,,
2024-03-30,0009X,ALFORJA,TARRAGONA,406,"12,0","2,2","7,4",04:01,"16,5",14:09,28,"2,5","9,7",03:00,,,,,
2024-03-31,0009X,ALFORJA,TARRAGONA,406,"9,2","0,6","5,3",05:08,"13,1",13:32,23,"1,7","15,0",21:50,,,,,
2024-04-01,0009X,ALFORJA,TARRAGONA,406,"12,4","0,2","6,8",20:17,"18,1",15:00,27,"4,2","12,5",08:40,,,,,
2024-04-02,0009X,ALFORJA,TARRAGONA,406,"13,0","0,0","7,0",23:44,"19,1",12:02,28,"1,7","14,4",05:30,,,,,
2024-04-03,0009X,ALFORJA,TARRAGONA,406,"14,4","0,0","6,0",00:34,"22,8",14:16,26,"2,8","12,2",10:20,,,,,
2024-04-04,0009X,ALFORJA,TARRAGONA,406,"16,2","0,0","8,2",00:22,"24,3",12:36,11,"2,2","6,4",11:40,,,,,
2024-04-05,0009X,ALFORJA,TARRAGONA,406,"14,6","0,0","7,6",04:21,"21,5",10:47,11,"0,8","5,8",14:50,,,,,
2024-04-06,0009X,ALFORJA,TARRAGONA,406,"15,5","0,0","7,1",04:50,"23,9",11:47,12,"1,4","7,5",11:50,,,,,
2024-04-07,0009X,ALFORJA,TARRAGONA,406,"16,6","0,0","12,4",23:58,"20,8",11:27,12,"1,4","6,4",12:40,,,,,
2024-04-08,0009X,ALFORJA,TARRAGONA,406,"18,2","0,0","12,1",00:09,"24,3",10:47,26,"1,1","16,7",21:40,,,,,
2024-04-09,0009X,ALFORJA,TARRAGONA,406,"12,8","0,0","7,4",05:34,"18,2",14:14,27,"6,7","16,9",04:50,,,,,
2024-04-10,0009X,ALFORJA,TARRAGONA,406,"13,2","0,0","6,2",04:31,"20,2",14:35,26,"6,4","14,7",08:00,,,,,
2024-04-11,0009X,ALFORJA,TARRAGONA,406,,"0,0",,,,,30,"2,8","10,3",01:00,,,,,
2024-04-12,0009X,ALFORJA,TARRAGONA,406,"17,4","0,0","7,7",01:51,"27,1",13:30,99,"1,9","6,9",13:50,,,,,
2024-04-13,0009X,ALFORJA,TARRAGONA,406,"19,8","0,0","10,5",01:59,"29,2",12:48,09,"1,7","6,4",11:00,,,,,
2024-04-14,0009X,ALFORJA,TARRAGONA,406,"19,5","0,0","10,0",04:21,"29,0",13:54,10,"1,4","7,5",12:10,,,,,
2024-04-15,0009X,ALFORJA,TARRAGONA,406,"19,1","0,0","10,0",01:47,"28,2",14:58,30,"2,5","16,4",22:00,,,,,
2024-04-16,0009X,ALFORJA,TARRAGONA,406,"15,6","0,0","9,6",05:42,"21,6",Varias,26,"7,5","17,5",12:40,,,,,
2024-04-17,0009X,ALFORJA,TARRAGONA,406,"14,4","0,0","7,8",05:21,"20,9",14:39,28,"4,2","15,6",00:20,,,,,
2024-04-18,0009X,ALFORJA,TARRAGONA,406,"14,0","0,0","6,9",23:59,"21,1",14:48,26,"4,7","13,6",04:50,,,,,
2024-04-19,0009X,ALFORJA,TARRAGONA,406,"13,6","0,0","6,4",23:49,"20,8",11:22,12,"2,5","8,6",12:30,,,,,
2024-04-20,0009X,ALFORJA,TARRAGONA,406,"14,0","0,0","5,5",04:13,"22,6",11:35,26,"3,1","7,8",08:30,,,,,
2024-04-21,0009X,ALFORJA,TARRAGONA,406,,"0,0",,,,,08,"2,2","8,1",13:10,,,,,
2024-04-22,0009X,ALFORJA,TARRAGONA,406,"10,7","0,0","3,8",23:54,"17,6",13:42,28,"3,3","11,1",02:30,,,,,
2024-04-23,0009X,ALFORJA,TARRAGONA,406,"9,4","2,8","2,8",23:59,"15,9",12:42,28,"3,9","13,3",14:40,,,,,
2024-04-24,0009X,ALFORJA,TARRAGONA,406,"10,6","0,0","2,7",00:02,"18,5",13:51,28,"5,0","15,0",09:10,,,,,
2024-04-25,0009X,ALFORJA,TARRAGONA,406,"12,0","0,2","6,7",04:46,"17,3",10:58,28,"2,2","10,3",00:20,,,,,
2024-04-26,0009X,ALFORJA,TARRAGONA,406,"12,2","0,6","5,0",04:49,"19,3",12:14,11,"1,9","7,8",14:20,,,,,
2024-04-27,0009X,ALFORJA,TARRAGONA,406,"13,0","1,8","9,2",22:41,"16,8",12:52,07,"2,2","8,3",10:20,,,,,
2024-04-28,0009X,ALFORJA,TARRAGONA,406,"12,4","24,6","8,4",04:01,"16,3",09:22,12,"0,8","5,8",13:30,,,,,
2024-04-29,0009X,ALFORJA,TARRAGONA,406,"11,4","18,8","10,5",05:02,"12,4",11:05,28,"3,1","10,6",18:20,,,,,
2024-04-30,0009X,ALFORJA,TARRAGONA,406,"14,8","0,0","8,5",22:55,"21,2",15:28,30,"2,8","8,6",05:10,,,,,
2024-05-01,0009X,ALFORJA,TARRAGONA,406,"13,0","0,0","8,0",23:54,"18,0",15:29,30,"5,3","16,4",20:30,,,,,
2024-05-02,0009X,ALFORJA,TARRAGONA,406,"13,0","0,0","7,2",Varias,"18,7",15:27,27,"5,8","18,6",08:40,,,,,
2024-05-03,0009X,ALFORJA,TARRAGONA,406,"14,2","0,0","6,5",01:15,"21,9",13:53,27,"3,1","11,4",12:20,,,,,
2024-05-04,0009X,ALFORJA,TARRAGONA,406,"17,2","0,0","7,8",00:52,"26,5",13:18,27,"3,1","8,9",09:10,,,,,
2024-05-05,0009X,ALFORJA,TARRAGONA,406,"17,2","0,0","9,0",04:16,"25,4",12:53,28,"1,7","9,7",23:59,,,,,
2024-05-06,0009X,ALFORJA,TARRAGONA,406,"17,2","0,6","10,5",24:00,"24,0",14:40,27,"3,3","13,1",08:40,,,,,
2024-05-07,0009X,ALFORJA,TARRAGONA,406,"15,8","0,0","9,2",00:46,"22,3",15:27,27,"5,8","12,8",12:30,,,,,
2024-05-08,0009X,ALFORJA,TARRAGONA,406,"17,5","0,0","9,1",23:40,"25,9",15:05,30,"4,2","13,3",04:40,,,,,
2024-05-09,0009X,ALFORJA,TARRAGONA,406,"16,4","0,0","7,8",03:30,"25,0",10:44,15,"2,5","8,9",11:30,,,,,
2024-05-10,0009X,ALFORJA,TARRAGONA,406,"16,3","0,0","7,7",04:51,"24,9",12:03,12,"1,9","9,4",12:40,,,,,
2024-05-11,0009X,ALFORJA,TARRAGONA,406,"16,6","0,2","8,3",04:36,"24,9",13:36,12,"2,2","7,8",14:10,,,,,
2024-05-12,0009X,ALFORJA,TARRAGONA,406,"17,6","0,0","10,3",00:16,"24,9",13:55,11,"1,9","8,3",12:30,,,,,
2024-05-13,0009X,ALFORJA,TARRAGONA,406,"18,2","1,8","11,6",00:01,"24,9",11:50,09,"1,9","7,2",11:00,,,,,
2024-05-14,0009X,ALFORJA,TARRAGONA,406,"17,4","3,2","12,4",07:53,"22,4",14:56,30,"3,9","13,3",11:40,,,,,
2024-05-15,0009X,ALFORJA,TARRAGONA,406,"14,4","0,8","8,4",24:00,"20,5",12:51,30,"1,7","10,8",05:00,,,,,
2024-05-16,0009X,ALFORJA,TARRAGONA,406,"15,2","0,0","7,4",03:33,"22,9",13:28,10,"1,7","9,4",14:30,,,,,
2024-05-17,0009X,ALFORJA,TARRAGONA,406,"16,0","7,6","8,9",04:00,"23,2",11:07,12,"1,4","7,5",11:30,,,,,
2024-05-18,0009X,ALFORJA,TARRAGONA,406,"15,4","0,0","9,3",02:08,"21,5",14:29,13,"2,2","7,5",14:20,,,,,
2024-05-19,0009X,ALFORJA,TARRAGONA,406,"14,8","1,8","9,7",03:45,"19,9",13:51,27,"1,1","6,7",21:50,,,,,
2024-05-20,0009X,ALFORJA,TARRAGONA,406,"17,1","0,0","11,9",04:43,"22,3",15:33,27,"4,2","10,3",09:00,,,,,
2024-05-21,0009X,ALFORJA,TARRAGONA,406,"18,2","0,0","12,2",02:58,"24,1",14:12,27,"4,4","12,2",09:40,,,,,
2024-05-22,0009X,ALFORJA,TARRAGONA,406,"17,5","0,0","10,9",23:06,"24,1",12:08,28,"2,5","10,3",05:30,,,,,
2024-05-23,0009X,ALFORJA,TARRAGONA,406,"17,2","0,0","11,1",00:36,"23,4",10:49,27,"2,8","8,6",05:00,,,,,
2024-05-24,0009X,ALFORJA,TARRAGONA,406,"18,0","0,0","13,0",23:27,"22,9",14:23,11,"1,7","6,9",12:00,,,,,
2024-05-25,0009X,ALFORJA,TARRAGONA,406,"16,9","0,0","9,4",03:58,"24,4",12:24,13,"1,9","6,7",11:40,,,,,
2024-05-26,0009X,ALFORJA,TARRAGONA,406,"18,8","0,0","10,5",04:36,"27,1",13:28,10,"1,9","7,2",11:10,,,,,
2024-05-27,0009X,ALFORJA,TARRAGONA,406,"20,4","0,0","15,7",24:00,"25,0",14:29,10,"1,4","6,1",13:20,,,,,
2024-05-28,0009X,ALFORJA,TARRAGONA,406,"20,7","0,0","13,5",04:44,"27,9",12:31,29,"3,1","10,3",09:20,,,,,
2024-05-29,0009X,ALFORJA,TARRAGONA,406,"20,2","0,0","11,6",04:05,"28,7",13:57,08,"2,2","6,7",14:00,,,,,
2024-05-30,0009X,ALFORJA,TARRAGONA,406,"22,8","0,0","13,5",00:50,"32,0",13:49,26,"4,7","12,5",11:40,,,,,
2024-05-31,0009X,ALFORJA,TARRAGONA,406,"19,4","0,0","12,6",06:03,"26,1",14:14,27,"4,2","11,1",06:40,,,,,
2024-06-01,0009X,ALFORJA,TARRAGONA,406,"18,6","1,4","12,0",04:56,"25,1",13:03,26,"3,1","10,8",08:20,,,,,
2024-06-02,0009X,ALFORJA,TARRAGONA,406,"18,8","0,0","12,2",03:37,"25,5",13:40,29,"3,3","9,2",05:10,,,,,
2024-06-03,0009X,ALFORJA,TARRAGONA,406,"20,6","0,0","12,9",02:55,"28,2",11:29,28,"3,3","9,2",04:10,,,,,
2024-06-04,0009X,ALFORJA,TARRAGONA,406,"19,2","0,0","11,8",03:05,"26,5",12:32,10,"1,7","7,5",10:20,,,,,
2024-06-05,0009X,ALFORJA,TARRAGONA,406,"20,4","0,0","12,3",03:03,"28,4",12:54,10,"1,7","7,2",11:10,,,,,
2024-06-06,0009X,ALFORJA,TARRAGONA,406,"21,4","0,0","13,1",04:32,"29,8",14:18,09,"1,9","6,7",14:30,,,,,
2024-06-07,0009X,ALFORJA,TARRAGONA,406,"23,4","0,0","14,7",04:12,"32,0",11:27,13,"1,9","8,3",13:00,,,,,
2024-06-08,0009X,ALFORJA,TARRAGONA,406,"23,8","3,2","18,6",03:22,"28,9",13:44,12,"1,9","9,7",11:10,,,,,
2024-06-09,0009X,ALFORJA,TARRAGONA,406,"20,8","0,2","16,0",23:55,"25,7",16:12,26,"6,1","13,1",18:00,,,,,
2024-06-10,0009X,ALFORJA,TARRAGONA,406,"19,6","2,8","13,3",04:42,"25,8",13:58,27,"3,3","11,4",00:30,,,,,
2024-06-11,0009X,ALFORJA,TARRAGONA,406,"14,6","11,8","12,4",05:38,"16,8",00:01,26,"3,1","9,4",04:50,,,,,
2024-06-12,0009X,ALFORJA,TARRAGONA,406,"16,8","0,0","11,5",04:44,"22,1",15:45,28,"3,1","9,7",10:40,,,,,
2024-06-13,0009X,ALFORJA,TARRAGONA,406,"17,6","0,0","10,7",02:06,"24,6",11:51,28,"3,3","9,7",03:20,,,,,
2024-06-14,0009X,ALFORJA,TARRAGONA,406,"22,2","0,0","15,1",23:00,"29,2",13:36,12,"1,9","6,7",15:00,,,,,
2024-06-15,0009X,ALFORJA,TARRAGONA,406,,"0,0",,,,,,"1,9",,,,,,,
2024-06-16,0009X,ALFORJA,TARRAGONA,406,"19,6","0,0","12,8",04:24,"26,5",13:39,08,"1,9","7,2",13:10,,,,,
2024-06-17,0009X,ALFORJA,TARRAGONA,406,"21,7","0,0","14,6",00:48,"28,8",13:27,14,"1,9","7,8",13:00,,,,,
2024-06-18,0009X,ALFORJA,TARRAGONA,406,"22,2","0,0","13,9",04:12,"30,5",13:40,09,"3,3","9,7",09:50,,,,,
2024-06-19,0009X,ALFORJA,TARRAGONA,406,"23,4","9,4","16,9",01:05,"30,0",10:03,28,"2,5","10,0",03:30,,,,,
2024-06-20,0009X,ALFORJA,TARRAGONA,406,"19,0","26,2","15,5",16:20,"22,4",09:03,09,"3,6","10,8",12:40,,,,,
2024-06-21,0009X,ALFORJA,TARRAGONA,406,"20,4","0,0","13,8",04:45,"26,9",14:45,28,"5,6","13,6",06:30,,,,,
2024-06-22,0009X,ALFORJA,TARRAGONA,406,"23,9","0,0","17,6",23:57,"30,2",14:18,28,"3,3","13,9",21:40,,,,,
2024-06-23,0009X,ALFORJA,TARRAGONA,406,"21,2","0,0","15,2",05:05,"27,2",11:18,27,"3,6","11,7",03:30,,,,,
2024-06-24,0009X,ALFORJA,TARRAGONA,406,"22,8","0,0","17,3",04:55,"28,2",11:59,12,"3,1","8,3",13:40,,,,,
2024-06-25,0009X,ALFORJA,TARRAGONA,406,"21,6","0,0","15,3",Varias,"27,8",12:18,10,"1,9","7,5",12:00,,,,,
2024-06-26,0009X,ALFORJA,TARRAGONA,406,"22,7","0,0","16,3",03:22,"29,1",13:47,14,"2,2","7,8",12:00,,,,,
2024-06-27,0009X,ALFORJA,TARRAGONA,406,,"0,0",,,,,,"2,2",,,,,,,
2024-06-28,0009X,ALFORJA,TARRAGONA,406,"23,2","2,0","15,6",03:50,"30,9",14:13,10,"3,6","12,5",10:20,,,,,
2024-06-29,0009X,ALFORJA,TARRAGONA,406,"22,4","0,8","17,3",07:24,"27,6",12:21,27,"3,9","10,3",10:40,,,,,
2024-06-30,0009X,ALFORJA,TARRAGONA,406,"22,8","14,0","17,1",23:24,"28,4",13:56,30,"2,2","9,4",23:00,,,,,
2024-07-01,0009X,ALFORJA,TARRAGONA,406,"20,8","5,2","14,7",09:06,"26,9",16:49,26,"4,4","13,1",23:30,,,,,
2024-07-02,0009X,ALFORJA,TARRAGONA,406,"22,3","0,0","15,9",04:38,"28,7",15:33,28,"4,7","14,2",05:10,,,,,
2024-07-03,0009X,ALFORJA,TARRAGONA,406,"22,2","0,0","13,9",03:35,"30,6",15:27,26,"2,8","10,6",06:30,,,,,
2024-07-04,0009X,ALFORJA,TARRAGONA,406,"21,1","0,0","12,3",02:24,"29,9",11:16,09,"2,8","7,5",13:20,,,,,
2024-07-05,0009X,ALFORJA,TARRAGONA,406,,"0,0",,,,,,"2,2",,,,,,,
2024-07-06,0009X,ALFORJA,TARRAGONA,406,"23,4","0,4","16,4",04:19,"30,4",12:28,08,"1,4","7,5",12:30,,,,,
2024-07-07,0009X,ALFORJA,TARRAGONA,406,"21,8",,"15,7",04:48,"27,9",14:29,99,"2,2","10,0",05:30,,,,,
2024-07-08,0009X,ALFORJA,TARRAGONA,406,,"0,0",,,,,,"2,2",,,,,,,
2024-07-09,0009X,ALFORJA,TARRAGONA,406,"24,4","0,0","18,1",03:11,"30,8",12:41,09,"1,9","7,5",14:50,,,,,
2024-07-10,0009X,ALFORJA,TARRAGONA,406,"24,6","0,0","16,8",04:50,"32,3",13:17,10,"2,5","6,9",12:50,,,,,
2024-07-11,0009X,ALFORJA,TARRAGONA,406,,,,,,,,"2,2",,,,,,,
2024-07-12,0009X,ALFORJA,TARRAGONA,406,"26,6","0,0","19,0",01:34,"34,2",12:53,27,"3,6","11,1",05:40,,,,,
2024-07-13,0009X,ALFORJA,TARRAGONA,406,"23,0","0,0","19,2",Varias,"26,8",14:03,27,"1,9","7,8",02:50,,,,,
2024-07-14,0009X,ALFORJA,TARRAGONA,406,"25,5","0,0","19,8",23:38,"31,2",13:39,11,"1,7","7,5",15:20,,,,,
2024-07-15,0009X,ALFORJA,TARRAGONA,406,"25,7","0,0","18,7",01:11,"32,7",12:36,12,"1,9","6,9",12:40,,,,,
2024-07-16,0009X,ALFORJA,TARRAGONA,406,"25,2","0,0","19,6",03:22,"30,9",13:09,11,"2,2","7,8",12:00,,,,,
2024-07-17,0009X,ALFORJA,TARRAGONA,406,,"0,0",,,,,12,"2,2","9,2",14:30,,,,,
2024-07-18,0009X,ALFORJA,TARRAGONA,406,,,,,,,,"1,9",,,,,,,
2024-07-19,0009X,ALFORJA,TARRAGONA,406,"27,8","0,0","20,1",23:32,"35,5",12:30,09,"1,7","6,9",14:00,,,,,
2024-07-20,0009X,ALFORJA,TARRAGONA,406,"25,9","0,0","17,3",04:21,"34,5",14:09,99,"2,2","7,2",12:30,,,,,
2024-07-21,0009X,ALFORJA,TARRAGONA,406,"23,2","0,0","17,8",23:51,"28,7",15:47,28,"7,2","16,7",08:10,,,,,
2024-07-22,0009X,ALFORJA,TARRAGONA,406,"24,0","0,0","15,1",04:46,"32,9",15:41,28,"4,4","12,5",00:10,,,,,
2024-07-23,0009X,ALFORJA,TARRAGONA,406,"25,3","0,0","17,1",03:18,"33,5",14:45,28,"3,1","7,8",05:40,,,,,
2024-07-24,0009X,ALFORJA,TARRAGONA,406,"26,4","0,0","18,1",05:13,"34,8",13:09,12,"2,8","7,8",13:20,,,,,
2024-07-25,0009X,ALFORJA,TARRAGONA,406,"25,6","0,0","18,4",04:11,"32,8",12:46,11,"1,9","8,9",13:10,,,,,
2024-07-26,0009X,ALFORJA,TARRAGONA,406,"25,4","0,0","17,7",03:48,"33,1",13:01,12,"1,9","7,8",12:00,,,,,
2024-07-27,0009X,ALFORJA,TARRAGONA,406,,,,,,,,"2,2",,,,,,,
2024-07-28,0009X,ALFORJA,TARRAGONA,406,"25,8","0,0","17,4",04:59,"34,3",13:54,16,"2,8","8,6",11:00,,,,,
2024-07-29,0009X,ALFORJA,TARRAGONA,406,"27,2","0,0","17,8",03:42,"36,5",14:33,13,"1,9","7,2",13:10,,,,,
2024-07-31,0009X,ALFORJA,TARRAGONA,406,"28,0","0,0","18,0",04:44,"38,0",13:19,99,"1,7","7,5",Varias,,,,,
2024-08-01,0009X,ALFORJA,TARRAGONA,406,"27,8","0,0","19,4",03:18,"36,2",12:04,11,"1,9","7,5",09:30,,,,,
2024-08-02,0009X,ALFORJA,TARRAGONA,406,"27,1","0,0","19,5",04:57,"34,7",13:22,27,"2,5","11,4",23:30,,,,,
2024-08-03,0009X,ALFORJA,TARRAGONA,406,"26,6","0,0","18,3",Varias,"34,8",14:32,28,"4,2","13,9",01:00,,,,,
2024-08-04,0009X,ALFORJA,TARRAGONA,406,"26,2","0,0","17,2",02:00,"35,3",12:18,29,"3,6","8,6",06:50,,,,,
2024-08-05,0009X,ALFORJA,TARRAGONA,406,"25,8","0,0","18,5",04:45,"33,1",13:13,13,"1,9","7,5",13:10,,,,,
2024-08-06,0009X,ALFORJA,TARRAGONA,406,"26,4","0,0","19,2",04:24,"33,6",12:36,12,"1,7","7,2",10:40,,,,,
2024-08-07,0009X,ALFORJA,TARRAGONA,406,"27,0","0,0","19,4",04:33,"34,5",12:43,15,"1,9","8,6",14:20,,,,,
2024-08-08,0009X,ALFORJA,TARRAGONA,406,"26,3","0,0","18,1",04:56,"34,5",13:15,10,"2,2","7,5",13:50,,,,,
2024-08-09,0009X,ALFORJA,TARRAGONA,406,"26,6","0,0","17,6",05:05,"35,7",10:48,10,"1,7","8,1",13:30,,,,,
2024-08-10,0009X,ALFORJA,TARRAGONA,406,"27,4","0,0","18,2",04:19,"36,5",12:42,12,"1,9","8,6",13:10,,,,,
2024-08-11,0009X,ALFORJA,TARRAGONA,406,"26,0","0,0","18,8",23:59,"33,3",13:02,10,"1,9","7,5",13:10,,,,,
2024-08-12,0009X,ALFORJA,TARRAGONA,406,"26,2","0,0","17,9",02:23,"34,5",11:53,13,"2,2","7,5",14:50,,,,,
2024-08-13,0009X,ALFORJA,TARRAGONA,406,"26,8","0,0","20,5",02:57,"33,2",13:00,32,"1,9","11,9",21:20,,,,,
2024-08-14,0009X,ALFORJA,TARRAGONA,406,"23,4","2,8","18,3",23:45,"28,4",12:19,28,"4,7","11,7",Varias,,,,,
2024-08-15,0009X,ALFORJA,TARRAGONA,406,,"0,4",,,,,26,"3,1","11,7",07:30,,,,,
2024-08-16,0009X,ALFORJA,TARRAGONA,406,,,,,,,,"2,8",,,,,,,
2024-08-17,0009X,ALFORJA,TARRAGONA,406,"25,4","0,0","17,2",03:38,"33,7",12:18,29,"3,1","8,1",06:20,,,,,
2024-08-18,0009X,ALFORJA,TARRAGONA,406,"26,6","0,0","19,0",22:24,"34,1",14:10,26,"4,2","12,2",11:00,,,,,
2024-08-19,0009X,ALFORJA,TARRAGONA,406,"23,4","0,0","15,2",23:08,"31,6",15:40,28,"4,2","11,9",08:10,,,,,
2024-08-20,0009X,ALFORJA,TARRAGONA,406,"24,4","0,0","14,6",01:49,"34,3",14:07,26,"3,1","10,8",09:30,,,,,
2024-08-21,0009X,ALFORJA,TARRAGONA,406,"26,2","0,0","19,2",05:05,"33,2",13:08,14,"2,8","10,3",13:30,,,,,
2024-08-22,0009X,ALFORJA,TARRAGONA,406,"25,4","0,0","18,6",04:44,"32,1",13:16,11,"1,7","7,8",13:40,,,,,
2024-08-24,0009X,ALFORJA,TARRAGONA,406,"25,8","0,8","19,6",04:39,"32,1",13:33,12,"1,9","8,1",11:20,,,,,
2024-08-25,0009X,ALFORJA,TARRAGONA,406,,,,,,,,"3,1",,,,,,,
2024-08-26,0009X,ALFORJA,TARRAGONA,406,"24,8","0,0","17,9",00:37,"31,8",14:07,24,"3,1","9,7",12:20,,,,,
2024-08-27,0009X,ALFORJA,TARRAGONA,406,"24,9","0,0","18,5",05:41,"31,3",12:44,12,"1,7","7,5",10:30,,,,,
2024-08-28,0009X,ALFORJA,TARRAGONA,406,"23,5","0,0","20,1",23:48,"26,9",14:58,10,"1,7","6,9",16:10,,,,,
2024-08-29,0009X,ALFORJA,TARRAGONA,406,"24,0","0,0","17,7",24:00,"30,4",11:28,12,"1,9","7,5",14:00,,,,,
2024-08-30,0009X,ALFORJA,TARRAGONA,406,,,,,,,,"2,2",,,,,,,
2024-08-31,0009X,ALFORJA,TARRAGONA,406,"24,2","1,8","17,0",00:58,"31,3",12:19,12,"2,2","7,8",14:20,,,,,
2024-09-01,0009X,ALFORJA,TARRAGONA,406,"24,8","0,2","18,5",04:32,"31,2",13:36,30,"1,9","7,5",06:20,,,,,
2024-09-02,0009X,ALFORJA,TARRAGONA,406,"23,8","0,0","16,5",05:30,"31,0",11:45,13,"1,7","7,5",12:30,,,,,
2024-09-03,0009X,ALFORJA,TARRAGONA,406,"21,7","40,0","17,6",22:09,"25,8",15:57,36,"1,1","13,6",10:40,,,,,
2024-09-04,0009X,ALFORJA,TARRAGONA,406,,"5,8",,,,,25,"3,3","11,4",19:10,,,,,
2024-09-06,0009X,ALFORJA,TARRAGONA,406,"19,4","20,8","16,9",03:08,"22,0",Varias,09,"1,7","7,5",17:20,,,,,
2024-09-07,0009X,ALFORJA,TARRAGONA,406,"23,6","1,4","19,1",23:17,"28,2",14:37,13,"1,4","6,7",14:30,,,,,
2024-09-08,0009X,ALFORJA,TARRAGONA,406,,,,,,,,"3,1",,,,,,,
2024-09-09,0009X,ALFORJA,TARRAGONA,406,"21,3","0,0","15,0",Varias,"27,6",15:23,28,"5,3","15,6",Varias,,,,,
2024-09-10,0009X,ALFORJA,TARRAGONA,406,"21,2","0,0","15,5",05:11,"27,0",15:12,28,"5,0","12,8",07:00,,,,,
2024-09-11,0009X,ALFORJA,TARRAGONA,406,"19,4","0,0","13,4",05:07,"25,4",15:04,27,"5,0","13,9",06:40,,,,,
2024-09-12,0009X,ALFORJA,TARRAGONA,406,"20,2","0,0","14,2",24:00,"26,1",12:57,27,"5,6","18,3",14:20,,,,,
2024-09-13,0009X,ALFORJA,TARRAGONA,406,,,,,,,,"4,4",,,,,,,
2024-09-14,0009X,ALFORJA,TARRAGONA,406,"18,0","0,0","10,7",05:33,"25,4",14:14,27,"3,3","9,7",02:40,,,,,
2024-09-15,0009X,ALFORJA,TARRAGONA,406,"20,6","0,0","14,0",04:49,"27,3",14:05,29,"3,9","13,3",23:59,,,,,
2024-09-16,0009X,ALFORJA,TARRAGONA,406,"20,2","0,0","13,1",Varias,"27,3",15:32,31,"5,6","14,2",00:20,,,,,
2024-09-17,0009X,ALFORJA,TARRAGONA,406,"19,8","0,0","13,3",Varias,"26,4",13:26,26,"3,6","12,5",05:40,,,,,
2024-09-18,0009X,ALFORJA,TARRAGONA,406,"18,8","0,0","14,9",01:43,"22,8",14:44,10,"1,4","7,2",04:10,,,,,
2024-09-19,0009X,ALFORJA,TARRAGONA,406,"16,6","8,0","13,3",05:34,"20,0",10:00,14,"1,1","6,7",12:30,,,,,
2024-09-20,0009X,ALFORJA,TARRAGONA,406,"17,3","27,8","15,2",06:11,"19,4",13:55,08,"0,8","6,7",14:10,,,,,
2024-09-21,0009X,ALFORJA,TARRAGONA,406,"17,0","15,6","15,9",07:13,"18,1",Varias,09,"1,1","6,1",13:50,,,,,
2024-09-22,0009X,ALFORJA,TARRAGONA,406,"19,2","0,0","16,2",Varias,"22,3",14:04,18,"1,1","5,6",12:50,,,,,
2024-09-23,0009X,ALFORJA,TARRAGONA,406,"19,2","0,0","13,5",22:00,"24,9",12:54,28,"2,8","9,2",08:50,,,,,
2024-09-24,0009X,ALFORJA,TARRAGONA,406,"19,2","0,0","12,9",23:23,"25,6",14:29,26,"2,5","9,7",11:00,,,,,
2024-09-25,0009X,ALFORJA,TARRAGONA,406,"19,4","0,0","12,6",00:44,"26,3",13:53,28,"1,7","8,9",09:00,,,,,
2024-09-26,0009X,ALFORJA,TARRAGONA,406,"24,2","0,0","17,0",04:13,"31,3",12:20,26,"2,8","11,1",15:20,,,,,
2024-09-27,0009X,ALFORJA,TARRAGONA,406,"18,6","0,0","13,2",23:00,"24,0",13:47,26,"6,7","16,9",09:30,,,,,
2024-09-28,0009X,ALFORJA,TARRAGONA,406,"16,2","0,0","11,0",Varias,"21,5",14:33,29,"5,3","15,3",04:40,,,,,
2024-09-29,0009X,ALFORJA,TARRAGONA,406,"17,6","0,0","10,8",05:32,"24,5",12:07,22,"1,4","6,4",11:10,,,,,
2024-09-30,0009X,ALFORJA,TARRAGONA,406,"18,9","0,0","11,6",00:41,"26,2",12:06,10,"1,1","5,6",11:20,,,,,
2024-10-01,0009X,ALFORJA,TARRAGONA,406,,,,,,,,"1,4",,,,,,,
2024-10-02,0009X,ALFORJA,TARRAGONA,406,"20,9","10,0","17,2",22:31,"24,6",12:59,26,"2,2","9,4",08:00,,,,,
2024-10-03,0009X,ALFORJA,TARRAGONA,406,"15,7","0,0","11,5",Varias,"19,9",13:55,28,"5,8","16,4",12:50,,,,,
2024-10-04,0009X,ALFORJA,TARRAGONA,406,,,,,,,,"3,1",,,,,,,
2024-10-05,0009X,ALFORJA,TARRAGONA,406,"16,2","0,0","8,6",02:20,"23,8",14:37,27,"2,2","8,6",11:30,,,,,
2024-10-06,0009X,ALFORJA,TARRAGONA,406,"20,1","0,0","13,4",02:05,"26,8",13:20,28,"2,2","10,0",10:10,,,,,
2024-10-07,0009X,ALFORJA,TARRAGONA,406,,,,,,,,"1,4",,,,,,,
2024-10-08,0009X,ALFORJA,TARRAGONA,406,"18,1","0,2","13,3",20:46,"22,9",14:28,27,"4,4","15,8",08:10,,,,,
2024-10-09,0009X,ALFORJA,TARRAGONA,406,"19,2","0,6","14,5",00:01,"23,9",13:17,25,"1,9","8,3",22:50,,,,,
2024-10-10,0009X,ALFORJA,TARRAGONA,406,"17,7","0,0","14,5",04:40,"20,9",Varias,27,"5,6","15,6",12:40,,,,,
2024-10-11,0009X,ALFORJA,TARRAGONA,406,"17,4","1,0","12,2",19:09,"22,7",11:48,26,"1,4","8,6",02:20,,,,,
2024-10-12,0009X,ALFORJA,TARRAGONA,406,"17,0","0,2","12,4",03:43,"21,5",15:05,09,"0,8","3,9",16:00,,,,,
2024-10-13,0009X,ALFORJA,TARRAGONA,406,"19,0","0,0","12,8",01:04,"25,3",12:53,22,"2,2","6,4",07:20,,,,,
2024-10-14,0009X,ALFORJA,TARRAGONA,406,"19,6","0,0","14,7",05:19,"24,4",13:02,10,"1,7","6,7",20:20,,,,,
2024-10-15,0009X,ALFORJA,TARRAGONA,406,"19,5","0,0","18,2",05:56,"20,8",11:14,10,"2,2","9,4",14:10,,,,,
2024-10-16,0009X,ALFORJA,TARRAGONA,406,"18,6","0,0","13,9",24:00,"23,2",11:58,12,"1,4","6,7",12:00,,,,,
2024-10-17,0009X,ALFORJA,TARRAGONA,406,"15,5","11,8","11,3",18:43,"19,7",08:50,27,"5,0","19,4",17:00,,,,,
2024-10-18,0009X,ALFORJA,TARRAGONA,406,"13,8","0,0","10,8",06:15,"16,9",15:14,28,"7,5","17,8",00:30,,,,,
2024-10-19,0009X,ALFORJA,TARRAGONA,406,"16,2","0,0","11,1",05:57,"21,3",13:49,28,"3,3","11,7",00:40,,,,,
2024-10-20,0009X,ALFORJA,TARRAGONA,406,"18,0","0,0","11,4",23:56,"24,5",Varias,28,"2,5","9,2",07:00,,,,,
2024-10-21,0009X,ALFORJA,TARRAGONA,406,"16,6","0,0","9,6",05:33,"23,5",13:52,99,"1,1","4,7",Varias,,,,,
2024-10-22,0009X,ALFORJA,TARRAGONA,406,"17,0","0,6","11,7",Varias,"22,3",10:00,15,"1,1","5,0",09:30,,,,,
2024-10-23,0009X,ALFORJA,TARRAGONA,406,"16,8","0,0","10,8",23:57,"22,7",13:43,14,"1,1","5,8",12:20,,,,,
2024-10-24,0009X,ALFORJA,TARRAGONA,406,"16,0","0,0","10,0",06:17,"22,0",11:33,10,"1,4","5,3",10:50,,,,,
2024-10-25,0009X,ALFORJA,TARRAGONA,406,"15,8","41,2","12,9",03:05,"18,8",11:17,28,"1,1","6,4",22:30,,,,,
2024-10-26,0009X,ALFORJA,TARRAGONA,406,"11,6","2,4","9,3",23:57,"14,0",00:27,32,"3,3","10,6",17:50,,,,,
2024-10-27,0009X,ALFORJA,TARRAGONA,406,"11,2","49,8","8,4",Varias,"14,1",Varias,24,"3,3","9,7",02:30,,,,,
2024-10-28,0009X,ALFORJA,TARRAGONA,406,"16,1","4,0","13,4",Varias,"18,8",11:20,10,"1,1","8,1",00:50,,,,,
2024-10-29,0009X,ALFORJA,TARRAGONA,406,"17,4","0,2","14,5",00:01,"20,2",11:46,09,"3,3","10,8",22:30,,,,,
2024-10-30,0009X,ALFORJA,TARRAGONA,406,"17,0","2,0","15,7",08:55,"18,2",16:17,11,"2,8","13,3",04:20,,,,,
2024-10-31,0009X,ALFORJA,TARRAGONA,406,,"0,8",,,,,,"2,5",,,,,,,
2024-11-01,0009X,ALFORJA,TARRAGONA,406,"14,6","8,6","11,3",04:11,"17,8",09:27,17,"1,1","7,5",10:40,,,,,
2024-11-02,0009X,ALFORJA,TARRAGONA,406,"14,4","30,0","12,5",00:01,"16,4",10:39,31,"1,1","7,8",16:00,,,,,
2024-11-03,0009X,ALFORJA,TARRAGONA,406,,,,,,,,"1,7",,,,,,,
2024-11-04,0009X,ALFORJA,TARRAGONA,406,"15,6","2,0","11,0",06:03,"20,2",11:52,26,"1,1","8,1",02:30,,,,,
2024-11-05,0009X,ALFORJA,TARRAGONA,406,"16,9","0,2","13,4",23:59,"20,4",13:01,03,"0,3","3,9",14:10,,,,,
2024-11-06,0009X,ALFORJA,TARRAGONA,406,"16,2","7,6","12,0",Varias,"20,3",10:36,26,"1,1","3,3",06:30,,,,,
2024-11-07,0009X,ALFORJA,TARRAGONA,406,"15,1","10,6","9,9",23:54,"20,3",12:24,15,"0,8","5,6",12:50,,,,,
2024-11-08,0009X,ALFORJA,TARRAGONA,406,"14,4","0,0","8,9",06:37,"20,0",11:54,12,"1,4","5,0",14:00,,,,,
2024-11-09,0009X,ALFORJA,TARRAGONA,406,"13,9","0,0","10,1",00:19,"17,7",10:17,27,"3,1","9,4",15:40,,,,,
2024-11-10,0009X,ALFORJA,TARRAGONA,406,"13,2","0,0","9,5",05:37,"16,9",13:02,28,"5,3","13,9",09:30,,,,,
2024-11-11,0009X,ALFORJA,TARRAGONA,406,"13,6","0,0","10,0",05:44,"17,3",Varias,28,"5,3","13,6",22:50,,,,,
2024-11-12,0009X,ALFORJA,TARRAGONA,406,"9,8","2,6","6,8",22:56,"12,7",11:34,28,"5,0","15,6",06:30,,,,,
2024-11-13,0009X,ALFORJA,TARRAGONA,406,"10,6","5,8","7,2",05:22,"14,0",18:29,05,"3,9","12,8",12:00,,,,,
2024-11-14,0009X,ALFORJA,TARRAGONA,406,"13,1","0,0","8,2",06:19,"18,0",13:54,26,"2,5","8,6",09:50,,,,,
2024-11-15,0009X,ALFORJA,TARRAGONA,406,"10,4","0,2","7,5",02:18,"13,3",14:32,25,"0,3","2,8",02:20,,,,,
2024-11-16,0009X,ALFORJA,TARRAGONA,406,"12,2","0,0","6,6",06:48,"17,8",12:47,30,"1,7","5,3",23:10,,,,,
2024-11-17,0009X,ALFORJA,TARRAGONA,406,"14,2","0,0","10,7",Varias,"17,7",13:38,26,"3,3","11,4",14:30,,,,,
2024-11-18,0009X,ALFORJA,TARRAGONA,406,"13,8","0,0","9,4",19:50,"18,2",14:22,28,"3,1","10,8",02:50,,,,,
2024-11-19,0009X,ALFORJA,TARRAGONA,406,"14,7","0,0","10,5",00:34,"18,9",12:50,28,"3,3","10,3",23:30,,,,,
2024-11-20,0009X,ALFORJA,TARRAGONA,406,"14,9","0,0","12,4",Varias,"17,4",14:28,29,"6,4","19,7",13:00,,,,,
2024-11-21,0009X,ALFORJA,TARRAGONA,406,"14,0","0,0","10,9",06:13,"17,2",14:07,27,"4,7","17,2",21:50,,,,,
2024-11-22,0009X,ALFORJA,TARRAGONA,406,"10,4","0,0","5,5",22:07,"15,4",00:15,29,"6,4","24,2",05:30,,,,,
2024-11-23,0009X,ALFORJA,TARRAGONA,406,"10,3","3,2","3,3",05:20,"17,3",12:55,07,"1,1","5,0",12:40,,,,,
2024-11-24,0009X,ALFORJA,TARRAGONA,406,"14,2","1,0","12,3",00:09,"16,2",11:50,12,"1,4","7,8",10:20,,,,,
2024-11-25,0009X,ALFORJA,TARRAGONA,406,"14,9","0,2","13,1",18:03,"16,7",13:51,28,"1,4","14,4",22:10,,,,,
2024-11-26,0009X,ALFORJA,TARRAGONA,406,"12,2","0,0","7,7",19:22,"16,6",13:13,29,"3,3","14,4",00:20,,,,,
2024-11-27,0009X,ALFORJA,TARRAGONA,406,"10,3","0,0","4,7",22:44,"15,9",12:06,26,"2,8","8,6",07:10,,,,,
2024-11-28,0009X,ALFORJA,TARRAGONA,406,"11,5","0,0","4,6",04:50,"18,4",14:11,29,"2,8","7,5",05:40,,,,,
2024-11-29,0009X,ALFORJA,TARRAGONA,406,"12,5","0,0","6,5",22:21,"18,5",13:33,26,"3,3","9,7",10:50,,,,,
2024-11-30,0009X,ALFORJA,TARRAGONA,406,"12,2","0,0","6,0",05:23,"18,4",13:43,23,"1,4","4,4",01:20,,,,,
2024-12-01,0009X,ALFORJA,TARRAGONA,406,"12,6","0,0","6,7",03:49,"18,5",14:07,26,"1,7","6,1",13:10,,,,,
2024-12-02,0009X,ALFORJA,TARRAGONA,406,"12,8","0,0","7,6",04:32,"18,1",11:17,28,"3,9","10,8",13:30,,,,,
2024-12-03,0009X,ALFORJA,TARRAGONA,406,"11,2","0,0","9,0",Varias,"13,5",00:23,28,"3,3","10,8",16:00,,,,,
2024-12-04,0009X,ALFORJA,TARRAGONA,406,"10,0","0,0","7,3",06:20,"12,8",14:05,28,"6,7","15,0",12:30,,,,,
2024-12-05,0009X,ALFORJA,TARRAGONA,406,"10,8","0,0","6,5",02:03,"15,0",13:10,30,"5,6","16,7",00:50,,,,,
2024-12-06,0009X,ALFORJA,TARRAGONA,406,"15,5","0,0","12,7",03:02,"18,3",13:33,99,"6,9","15,0",Varias,,,,,
2024-12-07,0009X,ALFORJA,TARRAGONA,406,"11,3","0,0","5,9",23:47,"16,7",12:09,29,"6,9","25,6",17:00,,,,,
2024-12-08,0009X,ALFORJA,TARRAGONA,406,"7,6","0,0","5,3",06:59,"9,9",12:21,25,"7,5","21,1",09:40,,,,,
2024-12-09,0009X,ALFORJA,TARRAGONA,406,"6,4","0,0","3,7",06:36,"9,1",13:08,28,"6,4","15,6",09:20,,,,,
2024-12-10,0009X,ALFORJA,TARRAGONA,406,"6,6","0,0","3,3",06:59,"9,9",14:45,28,"3,6","11,1",03:50,,,,,
2024-12-11,0009X,ALFORJA,TARRAGONA,406,"6,8","5,8","3,0",02:27,"10,7",Varias,30,"1,1","7,8",02:40,,,,,
2024-12-12,0009X,ALFORJA,TARRAGONA,406,"8,2","6,8","6,1",23:59,"10,4",11:04,08,"0,8","8,3",08:10,,,,,
2024-12-13,0009X,ALFORJA,TARRAGONA,406,"9,4","0,0","5,3",20:31,"13,4",14:28,31,"2,2","6,7",23:20,,,,,
2024-12-14,0009X,ALFORJA,TARRAGONA,406,"7,8","0,0","5,0",05:24,"10,7",14:18,29,"6,4","14,7",12:10,,,,,
2024-12-15,0009X,ALFORJA,TARRAGONA,406,"8,6","0,0","5,4",06:36,"11,7",14:29,99,"6,1","14,2",04:50,,,,,
2024-12-16,0009X,ALFORJA,TARRAGONA,406,"8,2","0,0","1,9",23:36,"14,6",12:38,27,"2,5","10,3",01:00,,,,,
2024-12-17,0009X,ALFORJA,TARRAGONA,406,"8,4","0,0","1,8",02:36,"15,0",13:20,99,"1,4","5,8",21:40,,,,,
2024-12-18,0009X,ALFORJA,TARRAGONA,406,"11,0","0,0","3,4",02:08,"18,6",13:27,29,"3,9","10,8",09:10,,,,,
2024-12-19,0009X,ALFORJA,TARRAGONA,406,"11,9","0,0","6,8",23:43,"17,0",13:17,28,"5,3","17,2",11:20,,,,,
2024-12-20,0009X,ALFORJA,TARRAGONA,406,"8,0","0,0","4,7",07:01,"11,4",14:24,28,"6,1","16,1",12:20,,,,,
2024-12-21,0009X,ALFORJA,TARRAGONA,406,"8,0","0,0","4,6",06:03,"11,5",14:49,28,"6,4","15,3",21:40,,,,,
2024-12-22,0009X,ALFORJA,TARRAGONA,406,"11,7","0,2","8,2",07:21,"15,2",14:04,26,"7,8","26,4",19:20,,,,,
2024-12-23,0009X,ALFORJA,TARRAGONA,406,"9,4","0,0","5,8",21:53,"13,0",13:40,24,"4,2","16,7",01:50,,,,,
2024-12-24,0009X,ALFORJA,TARRAGONA,406,"10,0","0,0","5,3",01:12,"14,8",15:13,27,"6,7","15,3",10:30,,,,,
2024-12-25,0009X,ALFORJA,TARRAGONA,406,"12,6","1,0","8,7",07:23,"16,4",13:47,28,"2,5","15,6",04:40,,,,,
2024-12-26,0009X,ALFORJA,TARRAGONA,406,"10,8","0,0","6,8",24:00,"14,9",11:10,10,"0,6","3,6",04:20,,,,,
2024-12-27,0009X,ALFORJA,TARRAGONA,406,"9,2","0,0","2,9",Varias,"15,6",13:29,99,"1,7","3,9",Varias,,,,,
2024-12-28,0009X,ALFORJA,TARRAGONA,406,"8,8","0,0","2,1",06:44,"15,6",12:20,25,"1,7","5,3",16:10,,,,,
2024-12-29,0009X,ALFORJA,TARRAGONA,406,"5,6","0,0","0,5",23:27,"10,7",11:01,24,"3,3","7,5",13:20,,,,,
2024-12-30,0009X,ALFORJA,TARRAGONA,406,"6,7","0,0","0,2",23:58,"13,2",12:23,24,"2,5","6,1",05:50,,,,,
2024-12-31,0009X,ALFORJA,TARRAGONA,406,"5,1","0,0","-0,5",04:56,"10,7",12:27,26,"2,5","5,0",13:00,,,,,
2025-01-01,0009X,ALFORJA,TARRAGONA,406,"7,0","0,0","1,1",06:04,"12,9",14:21,24,"1,1","6,1",05:40,,,,,
2025-01-02,0009X,ALFORJA,TARRAGONA,406,"6,6","0,0","2,6",01:30,"10,6",09:36,27,"4,2","13,3",23:59,,,,,
2025-01-03,0009X,ALFORJA,TARRAGONA,406,"9,8","0,0","6,7",06:38,"12,8",14:50,28,"6,1","15,8",02:30,,,,,
2025-01-04,0009X,ALFORJA,TARRAGONA,406,"11,4","0,0","6,2",18:30,"16,6",13:49,28,"2,5","13,1",08:40,,,,,
2025-01-05,0009X,ALFORJA,TARRAGONA,406,"10,1","1,0","4,7",20:32,"15,5",14:37,25,"1,9","10,3",03:00,,,,,
2025-01-06,0009X,ALFORJA,TARRAGONA,406,"10,8","0,0","5,0",07:09,"16,5",11:07,26,"3,3","15,3",23:00,,,,,
2025-01-07,0009X,ALFORJA,TARRAGONA,406,"8,6","0,0","5,6",09:39,"11,6",13:19,26,"5,0","16,1",01:20,,,,,
2025-01-08,0009X,ALFORJA,TARRAGONA,406,"13,8","0,0","9,8",00:09,"17,9",13:50,31,"4,2","13,6",05:00,,,,,
2025-01-09,0009X,ALFORJA,TARRAGONA,406,"14,6","0,0","11,6",05:44,"17,7",14:15,30,"5,3","17,8",21:00,,,,,
2025-01-10,0009X,ALFORJA,TARRAGONA,406,"14,7","0,0","12,0",07:17,"17,4",15:03,25,"5,6","17,2",02:20,,,,,
2025-01-11,0009X,ALFORJA,TARRAGONA,406,"13,6","0,0","8,8",23:58,"18,4",12:49,28,"5,6","17,5",15:00,,,,,
2025-01-12,0009X,ALFORJA,TARRAGONA,406,"8,3","0,0","2,7",18:08,"13,9",13:37,30,"3,1","14,2",22:40,,,,,
2025-01-13,0009X,ALFORJA,TARRAGONA,406,"4,3","0,0","-1,2",19:45,"9,8",14:03,30,"4,2","11,7",Varias,,,,,
2025-01-14,0009X,ALFORJA,TARRAGONA,406,"3,8","0,0","-2,5",21:42,"10,2",13:36,29,"4,2","14,7",09:50,,,,,
2025-01-15,0009X,ALFORJA,TARRAGONA,406,"3,4","0,0","-2,7",03:58,"9,6",14:07,28,"6,1","13,3",16:20,,,,,
2025-01-16,0009X,ALFORJA,TARRAGONA,406,"5,6","0,0","-0,8",04:39,"12,0",13:04,10,"1,9","10,3",20:30,,,,,
2025-01-17,0009X,ALFORJA,TARRAGONA,406,"8,2","0,0","2,9",18:37,"13,6",13:29,07,"2,2","12,5",03:10,,,,,
2025-01-18,0009X,ALFORJA,TARRAGONA,406,"7,6","0,0","3,7",05:32,"11,6",13:15,29,"3,6","11,7",00:40,,,,,
2025-01-19,0009X,ALFORJA,TARRAGONA,406,"7,4","0,0","1,2",19:59,"13,6",12:21,25,"2,8","7,8",04:00,,,,,
2025-01-20,0009X,ALFORJA,TARRAGONA,406,"7,4","0,0","2,6",03:27,"12,3",14:23,29,"2,5","6,4",12:40,,,,,
2025-01-21,0009X,ALFORJA,TARRAGONA,406,"7,8","0,6","2,5",03:27,"13,1",11:43,11,"1,4","4,2",12:10,,,,,
2025-01-22,0009X,ALFORJA,TARRAGONA,406,"12,8","0,0","6,1",05:17,"19,5",12:57,28,"2,2","7,2",22:20,,,,,
2025-01-23,0009X,ALFORJA,TARRAGONA,406,"12,5","0,0","8,5",22:18,"16,5",13:17,22,"4,7","11,7",12:40,,,,,
2025-01-24,0009X,ALFORJA,TARRAGONA,406,"13,5","0,0","6,3",21:05,"20,7",13:12,27,"2,5","6,7",09:10,,,,,
2025-01-25,0009X,ALFORJA,TARRAGONA,406,"11,6","0,0","6,1",07:10,"17,1",09:13,24,"3,9","12,5",20:00,,,,,
2025-01-26,0009X,ALFORJA,TARRAGONA,406,"10,2","0,0","5,2",07:10,"15,2",13:34,27,"1,7","11,4",03:40,,,,,
2025-01-27,0009X,ALFORJA,TARRAGONA,406,"12,9","0,6","6,9",00:18,"18,9",15:40,26,"1,1","17,8",21:10,,,,,
2025-01-28,0009X,ALFORJA,TARRAGONA,406,"11,0","0,0","8,6",07:02,"13,4",14:16,30,"5,3","18,1",21:10,,,,,
2025-01-29,0009X,ALFORJA,TARRAGONA,406,"9,3","0,2","4,8",07:20,"13,8",13:56,26,"1,4","15,8",01:10,,,,,
2025-01-30,0009X,ALFORJA,TARRAGONA,406,"8,6","0,0","6,1",23:57,"11,1",10:29,27,"8,1","18,3",12:40,,,,,
2025-01-31,0009X,ALFORJA,TARRAGONA,406,"7,7","0,0","4,1",Varias,"11,3",14:07,29,"6,4","15,0",04:40,,,,,
2025-02-01,0009X,ALFORJA,TARRAGONA,406,"6,6","0,0","3,3",04:36,"9,9",14:50,26,"1,7","8,3",02:00,,,,,
2025-02-02,0009X,ALFORJA,TARRAGONA,406,"7,6","0,0","3,0",01:32,"12,3",14:38,31,"3,6","10,3",08:20,,,,,
2025-02-03,0009X,ALFORJA,TARRAGONA,406,"8,4","0,0","3,4",21:23,"13,3",14:36,26,"3,9","12,2",08:30,,,,,
2025-02-04,0009X,ALFORJA,TARRAGONA,406,"10,6","0,0","5,5",19:46,"15,8",13:25,99,"4,2","10,0",17:50,,,,,
2025-02-05,0009X,ALFORJA,TARRAGONA,406,"8,2","0,0","2,8",22:49,"13,7",14:01,28,"4,7","11,7",10:40,,,,,
2025-02-06,0009X,ALFORJA,TARRAGONA,406,"9,0","0,0","2,9",19:52,"15,2",13:43,27,"2,8","9,4",06:50,,,,,
2025-02-07,0009X,ALFORJA,TARRAGONA,406,"7,3","3,2","4,9",04:01,"9,7",15:07,11,"1,9","8,9",16:50,,,,,
2025-02-08,0009X,ALFORJA,TARRAGONA,406,"7,5","0,0","2,9",06:58,"12,1",14:47,27,"5,0","14,7",05:40,,,,,
2025-02-09,0009X,ALFORJA,TARRAGONA,406,"7,8","0,0","0,2",06:37,"15,4",12:33,29,"1,7","11,9",03:10,,,,,
2025-02-10,0009X,ALFORJA,TARRAGONA,406,"8,6","4,2","4,4",02:52,"12,8",12:16,11,"0,8","4,7",11:50,,,,,
2025-02-11,0009X,ALFORJA,TARRAGONA,406,"10,6","0,6","6,2",22:30,"14,9",13:43,10,"0,8","5,0",05:00,,,,,
2025-02-12,0009X,ALFORJA,TARRAGONA,406,"8,6","8,6","5,8",00:18,"11,5",13:32,29,"1,7","10,8",17:30,,,,,
2025-02-13,0009X,ALFORJA,TARRAGONA,406,"10,2","0,0","6,0",06:19,"14,3",13:27,27,"3,1","9,4",09:50,,,,,
2025-02-14,0009X,ALFORJA,TARRAGONA,406,"14,0","0,0","9,3",Varias,"18,8",13:58,29,"3,6","10,3",06:20,,,,,
2025-02-15,0009X,ALFORJA,TARRAGONA,406,"7,5","0,2","5,6",06:58,"9,4",02:27,10,"0,8","4,2",09:20,,,,,
2025-02-16,0009X,ALFORJA,TARRAGONA,406,"11,6","0,2","5,0",05:07,"18,3",13:08,99,"1,1","6,7",Varias,,,,,
2025-02-17,0009X,ALFORJA,TARRAGONA,406,"12,4","0,0","6,4",02:23,"18,4",13:09,32,"1,4","8,1",09:40,,,,,
2025-02-18,0009X,ALFORJA,TARRAGONA,406,"9,9","0,0","5,8",23:06,"14,0",12:58,10,"1,7","5,3",11:20,,,,,
2025-02-19,0009X,ALFORJA,TARRAGONA,406,"11,3","0,0","5,5",07:02,"17,1",12:01,12,"0,8","4,4",10:40,,,,,
2025-02-20,0009X,ALFORJA,TARRAGONA,406,"11,8","1,4","10,0",Varias,"13,7",13:22,18,"0,6","4,2",13:20,,,,,
2025-02-21,0009X,ALFORJA,TARRAGONA,406,"10,2","2,4","9,7",06:35,"10,8",Varias,14,"1,4","7,5",21:00,,,,,
2025-02-22,0009X,ALFORJA,TARRAGONA,406,"12,0","0,4","8,5",23:44,"15,4",14:39,09,"0,8","6,4",01:40,,,,,
2025-02-23,0009X,ALFORJA,TARRAGONA,406,"10,4","0,0","4,8",22:10,"16,1",13:41,27,"2,5","9,4",08:30,,,,,
2025-02-24,0009X,ALFORJA,TARRAGONA,406,"10,8","0,0","4,1",03:44,"17,4",11:42,26,"1,1","6,9",11:50,,,,,
2025-02-25,0009X,ALFORJA,TARRAGONA,406,"10,7","0,0","6,5",23:54,"14,9",12:28,29,"4,2","13,1",10:00,,,,,
2025-02-26,0009X,ALFORJA,TARRAGONA,406,"8,8","0,0","3,0",23:16,"14,6",14:49,28,"5,3","13,9",09:40,,,,,
2025-02-27,0009X,ALFORJA,TARRAGONA,406,"8,7","0,0","1,5",06:45,"15,9",12:23,14,"1,4","5,8",13:30,,,,,
2025-02-28,0009X,ALFORJA,TARRAGONA,406,"8,6","0,0","2,8",Varias,"14,5",12:45,12,"1,9","6,4",13:20,,,,,
2025-03-01,0009X,ALFORJA,TARRAGONA,406,"7,9","2,2","2,1",01:17,"13,7",10:23,28,"1,1","7,2",23:59,,,,,
2025-03-02,0009X,ALFORJA,TARRAGONA,406,"7,9","1,0","4,4",06:54,"11,4",13:52,25,"1,9","10,0",03:10,,,,,
2025-03-03,0009X,ALFORJA,TARRAGONA,406,"10,4","1,2","8,7",00:19,"12,2",15:41,10,"2,8","10,0",11:30,,,,,
2025-03-04,0009X,ALFORJA,TARRAGONA,406,"11,8","0,0","7,6",23:58,"15,9",13:32,09,"1,9","10,8",08:00,,,,,
2025-03-05,0009X,ALFORJA,TARRAGONA,406,"12,2","0,2","7,3",00:09,"17,0",12:44,14,"2,5","10,0",13:10,,,,,
2025-03-06,0009X,ALFORJA,TARRAGONA,406,"11,4","7,4","9,2",23:44,"13,5",12:19,99,"2,8","9,7",Varias,,,,,
2025-03-07,0009X,ALFORJA,TARRAGONA,406,"10,3","15,0","8,8",Varias,"11,8",12:08,08,"2,5","8,9",20:20,,,,,
2025-03-08,0009X,ALFORJA,TARRAGONA,406,"11,1","32,4","10,4",Varias,"11,8",11:27,11,"3,3","12,2",23:20,,,,,
2025-03-09,0009X,ALFORJA,TARRAGONA,406,"10,6","0,0","5,4",23:18,"15,9",14:07,99,"1,9","9,2",Varias,,,,,
2025-03-10,0009X,ALFORJA,TARRAGONA,406,"9,6","8,2","4,6",05:48,"14,7",15:29,11,"0,8","4,2",16:00,,,,,
2025-03-11,0009X,ALFORJA,TARRAGONA,406,"10,9","3,4","5,7",00:12,"16,1",14:52,14,"1,1","5,0",12:10,,,,,
2025-03-12,0009X,ALFORJA,TARRAGONA,406,"10,9","0,0","5,5",21:50,"16,3",14:46,27,"3,9","12,5",09:10,,,,,
2025-03-13,0009X,ALFORJA,TARRAGONA,406,"10,6","66,0","6,7",23:37,"14,5",11:30,28,"1,4","9,4",02:50,,,,,
2025-03-14,0009X,ALFORJA,TARRAGONA,406,"5,8","6,4","4,5",Varias,"7,0",13:27,99,"4,7","8,9",Varias,,,,,
2025-03-15,0009X,ALFORJA,TARRAGONA,406,"6,6","0,0","1,6",23:55,"11,6",14:27,28,"3,9","12,5",02:10,,,,,
2025-03-16,0009X,ALFORJA,TARRAGONA,406,"6,3","4,8","1,7",00:01,"10,9",10:27,28,"1,7","13,3",22:20,,,,,
2025-03-17,0009X,ALFORJA,TARRAGONA,406,"6,8","0,0","1,6",05:38,"11,9",12:52,29,"2,5","10,0",00:50,,,,,
2025-03-18,0009X,ALFORJA,TARRAGONA,406,"8,6","11,2","5,9",01:48,"11,3",10:57,11,"2,2","10,0",13:00,,,,,
2025-03-19,0009X,ALFORJA,TARRAGONA,406,"10,7","10,4","8,9",00:01,"12,5",15:39,10,"2,8","9,2",11:10,,,,,
2025-03-20,0009X,ALFORJA,TARRAGONA,406,"11,8","0,8","10,6",Varias,"13,1",Varias,12,"4,2","12,2",16:40,,,,,
2025-03-21,0009X,ALFORJA,TARRAGONA,406,"10,0","15,0","6,7",23:58,"13,3",16:02,99,"0,8","8,6",Varias,,,,,
2025-03-22,0009X,ALFORJA,TARRAGONA,406,"11,2","14,4","6,0",02:54,"16,5",14:27,28,"2,2","10,3",12:10,,,,,
2025-03-23,0009X,ALFORJA,TARRAGONA,406,"8,0","1,4","4,3",06:27,"11,7",13:57,28,"3,9","11,9",11:20,,,,,
2025-03-24,0009X,ALFORJA,TARRAGONA,406,"9,6","0,0","4,4",02:02,"14,9",13:34,25,"3,3","9,4",14:00,,,,,
2025-03-25,0009X,ALFORJA,TARRAGONA,406,"12,7","0,0","6,9",04:48,"18,5",14:09,99,"3,1","11,7",23:30,,,,,
2025-03-26,0009X,ALFORJA,TARRAGONA,406,"12,8","0,0","7,7",05:59,"17,8",13:28,27,"5,6","14,2",00:30,,,,,
2025-03-27,0009X,ALFORJA,TARRAGONA,406,"12,2","0,0","6,8",05:04,"17,6",14:04,29,"3,9","12,2",23:30,,,,,
2025-03-28,0009X,ALFORJA,TARRAGONA,406,"12,6","0,0","6,9",05:56,"18,3",14:57,27,"5,8","17,5",23:59,,,,,
2025-03-29,0009X,ALFORJA,TARRAGONA,406,"11,6","0,0","7,2",23:58,"16,0",12:29,26,"4,7","20,8",12:10,,,,,
2025-03-30,0009X,ALFORJA,TARRAGONA,406,"11,6","0,0","4,7",05:33,"18,6",15:07,27,"6,9","18,1",07:40,,,,,
2025-03-31,0009X,ALFORJA,TARRAGONA,406,"15,5","0,0","6,2",23:07,"24,8",14:49,29,"5,6","17,2",07:50,,,,,
2025-04-01,0009X,ALFORJA,TARRAGONA,406,"12,4","0,6","6,0",01:35,"18,9",09:30,12,"1,4","6,7",13:40,,,,,
2025-04-02,0009X,ALFORJA,TARRAGONA,406,"10,2","4,4","9,1",18:25,"11,2",08:29,99,"1,9","7,5",Varias,,,,,
2025-04-03,0009X,ALFORJA,TARRAGONA,406,"13,0","0,2","9,7",Varias,"16,3",13:23,10,"3,3","9,4",21:30,,,,,
2025-04-04,0009X,ALFORJA,TARRAGONA,406,"14,0","0,0","10,3",23:29,"17,8",15:09,09,"2,2","9,7",12:10,,,,,
2025-04-05,0009X,ALFORJA,TARRAGONA,406,"14,8","0,0","8,6",02:17,"21,0",15:18,26,"1,9","9,2",09:50,,,,,
2025-04-06,0009X,ALFORJA,TARRAGONA,406,"17,4","0,0","11,1",05:15,"23,8",14:24,27,"4,4","11,4",08:10,,,,,
2025-04-07,0009X,ALFORJA,TARRAGONA,406,"14,8","0,0","7,5",23:37,"22,1",10:34,25,"2,8","10,0",04:40,,,,,
2025-04-08,0009X,ALFORJA,TARRAGONA,406,"14,4","0,0","7,3",01:39,"21,6",12:43,12,"1,7","6,7",12:00,,,,,
2025-04-09,0009X,ALFORJA,TARRAGONA,406,"14,0","0,8","7,0",02:36,"21,0",12:27,10,"1,1","6,4",12:10,,,,,
2025-04-10,0009X,ALFORJA,TARRAGONA,406,"14,2","0,0","9,8",21:33,"18,6",12:23,14,"1,9","7,5",10:40,,,,,
2025-04-11,0009X,ALFORJA,TARRAGONA,406,"13,3","0,2","7,1",23:55,"19,5",12:58,11,"1,9","7,2",12:50,,,,,
2025-04-12,0009X,ALFORJA,TARRAGONA,406,"13,4","0,0","6,7",01:08,"20,1",14:23,10,"0,3","5,0",09:00,,,,,
2025-04-13,0009X,ALFORJA,TARRAGONA,406,"15,1","0,4","8,6",05:16,"21,6",11:57,28,"2,2","8,1",08:50,,,,,
2025-04-14,0009X,ALFORJA,TARRAGONA,406,"15,3","0,4","12,1",03:23,"18,5",13:17,10,"1,1","6,7",14:20,,,,,
2025-04-15,0009X,ALFORJA,TARRAGONA,406,"12,8","7,4","7,3",23:38,"18,3",12:27,99,"4,2","11,1",23:40,,,,,
2025-04-16,0009X,ALFORJA,TARRAGONA,406,"11,0","0,0","5,8",05:09,"16,3",13:54,28,"6,1","15,6",08:50,,,,,
2025-04-17,0009X,ALFORJA,TARRAGONA,406,"12,0","0,0","6,3",05:07,"17,7",15:41,28,"4,4","16,9",10:30,,,,,
2025-04-18,0009X,ALFORJA,TARRAGONA,406,"13,8","0,0","7,1",05:39,"20,6",11:08,11,"1,4","6,7",11:10,,,,,
2025-04-19,0009X,ALFORJA,TARRAGONA,406,"12,8","5,2","5,5",23:57,"20,0",10:19,24,"3,3","16,1",11:30,,,,,
2025-04-20,0009X,ALFORJA,TARRAGONA,406,"10,6","0,0","3,8",04:20,"17,5",13:44,28,"0,8","10,3",20:50,,,,,
2025-04-21,0009X,ALFORJA,TARRAGONA,406,"14,6","0,0","8,2",05:39,"21,1",13:43,28,"1,7","14,4",00:40,,,,,
2025-04-22,0009X,ALFORJA,TARRAGONA,406,"12,2","2,4","6,7",05:26,"17,7",09:12,28,"1,9","10,0",22:20,,,,,
2025-04-23,0009X,ALFORJA,TARRAGONA,406,"14,8","0,0","7,8",05:19,"21,8",15:23,27,"4,2","13,6",23:40,,,,,
2025-04-24,0009X,ALFORJA,TARRAGONA,406,"17,2","0,0","10,7",23:57,"23,8",14:12,26,"3,3","14,7",02:10,,,,,
2025-04-25,0009X,ALFORJA,TARRAGONA,406,"15,2","0,0","8,4",01:39,"22,0",12:27,10,"0,8","6,7",10:20,,,,,
2025-04-26,0009X,ALFORJA,TARRAGONA,406,"16,6","0,0","11,2",23:56,"22,1",12:45,27,"3,9","13,9",05:50,,,,,
2025-04-27,0009X,ALFORJA,TARRAGONA,406,"15,3","0,0","9,6",23:24,"21,0",12:29,28,"3,3","13,3",06:10,,,,,
2025-04-28,0009X,ALFORJA,TARRAGONA,406,"15,4","0,0","8,2",23:17,"22,7",13:21,14,"1,9","7,2",13:30,,,,,
2025-04-29,0009X,ALFORJA,TARRAGONA,406,"14,4","0,0","6,8",04:28,"21,9",11:41,12,"2,2","8,1",13:00,,,,,
2025-04-30,0009X,ALFORJA,TARRAGONA,406,"14,6","0,0","6,9",04:08,"22,2",13:18,09,"3,3","11,7",10:40,,,,,
2025-05-01,0009X,ALFORJA,TARRAGONA,406,"17,2","0,0","9,7",03:35,"24,6",13:47,11,"3,9","11,9",16:40,,,,,
2025-05-02,0009X,ALFORJA,TARRAGONA,406,"16,0","2,2","10,3",04:47,"21,6",13:35,18,"3,6","11,9",07:00,,,,,
2025-05-03,0009X,ALFORJA,TARRAGONA,406,"18,8","5,4","10,5",03:07,"27,0",13:39,12,"1,1","6,9",11:20,,,,,
2025-05-04,0009X,ALFORJA,TARRAGONA,406,"18,6","0,2","13,8",00:01,"23,5",12:29,26,"2,8","11,1",06:50,,,,,
2025-05-05,0009X,ALFORJA,TARRAGONA,406,"16,2","0,0","10,1",23:49,"22,3",13:18,29,"5,8","13,3",06:20,,,,,
2025-05-06,0009X,ALFORJA,TARRAGONA,406,"13,6","0,0","7,7",Varias,"19,5",14:22,28,"4,4","13,1",07:00,,,,,
2025-05-07,0009X,ALFORJA,TARRAGONA,406,"14,4","0,0","7,4",Varias,"21,4",13:14,29,"2,8","10,3",04:00,,,,,
2025-05-08,0009X,ALFORJA,TARRAGONA,406,"13,2","5,6","8,6",04:48,"17,9",13:50,10,"1,7","5,3",13:30,,,,,
2025-05-09,0009X,ALFORJA,TARRAGONA,406,"14,3","0,0","8,9",04:00,"19,7",14:29,10,"1,7","6,7",15:10,,,,,
2025-05-10,0009X,ALFORJA,TARRAGONA,406,"16,0","14,2","12,3",02:37,"19,8",12:43,12,"2,5","9,2",13:50,,,,,
2025-05-11,0009X,ALFORJA,TARRAGONA,406,"16,4","0,4","10,5",24:00,"22,3",11:27,10,"1,7","7,5",17:00,,,,,
2025-05-12,0009X,ALFORJA,TARRAGONA,406,"15,9","0,0","9,3",23:10,"22,5",12:15,27,"3,1","10,6",08:20,,,,,
2025-05-13,0009X,ALFORJA,TARRAGONA,406,"15,8","3,4","9,0",03:49,"22,7",12:15,10,"1,7","8,1",12:20,,,,,
2025-05-14,0009X,ALFORJA,TARRAGONA,406,"15,4","0,0","8,6",23:48,"22,1",13:20,12,"1,7","7,8",15:30,,,,,
2025-05-15,0009X,ALFORJA,TARRAGONA,406,"16,2","0,0","8,5",00:07,"23,8",13:20,28,"4,4","13,3",23:59,,,,,
2025-05-16,0009X,ALFORJA,TARRAGONA,406,"18,8","0,0","12,1",04:08,"25,4",15:12,30,"4,7","15,3",07:50,,,,,
2025-05-17,0009X,ALFORJA,TARRAGONA,406,"18,2","0,0","11,1",23:47,"25,3",12:46,26,"2,8","10,6",02:50,,,,,
2025-05-18,0009X,ALFORJA,TARRAGONA,406,"18,0","0,0","10,3",04:32,"25,6",13:31,09,"1,4","6,9",11:50,,,,,
2025-05-19,0009X,ALFORJA,TARRAGONA,406,"17,4","8,4","10,0",04:37,"24,8",12:43,99,"3,6","14,4",Varias,,,,,
2025-05-20,0009X,ALFORJA,TARRAGONA,406,"18,8","0,0","12,3",04:20,"25,2",14:41,28,"5,6","14,7",05:20,,,,,
2025-05-21,0009X,ALFORJA,TARRAGONA,406,"19,4","0,0","12,6",04:45,"26,3",15:52,26,"3,9","11,7",10:00,,,,,
2025-05-22,0009X,ALFORJA,TARRAGONA,406,"16,6","0,0","10,0",23:33,"23,2",12:06,25,"3,6","13,6",06:20,,,,,
2025-05-23,0009X,ALFORJA,TARRAGONA,406,"17,7","0,0","10,4",04:46,"25,0",13:47,27,"2,8","9,7",05:50,,,,,
2025-05-24,0009X,ALFORJA,TARRAGONA,406,"18,2","0,0","10,2",23:18,"26,1",14:17,28,"3,3","11,4",06:40,,,,,
2025-05-25,0009X,ALFORJA,TARRAGONA,406,"17,9","0,0","8,8",04:20,"27,0",12:16,26,"1,7","8,1",10:00,,,,,
2025-05-26,0009X,ALFORJA,TARRAGONA,406,"19,4","0,0","12,0",23:58,"26,9",10:38,26,"3,1","8,6",04:10,,,,,
2025-05-27,0009X,ALFORJA,TARRAGONA,406,"18,9","0,0","11,6",00:38,"26,2",13:07,26,"3,1","9,7",03:10,,,,,
2025-05-28,0009X,ALFORJA,TARRAGONA,406,"20,3","0,0","10,9",04:16,"29,7",11:16,26,"2,2","8,6",07:40,,,,,
2025-05-29,0009X,ALFORJA,TARRAGONA,406,"21,2","0,0","12,6",01:59,"29,9",13:40,26,"2,5","7,2",05:50,,,,,
2025-05-30,0009X,ALFORJA,TARRAGONA,406,"22,2","0,0","12,9",03:46,"31,5",11:35,28,"1,9","10,0",22:30,,,,,
2025-05-31,0009X,ALFORJA,TARRAGONA,406,"23,8","0,0","15,7",03:41,"31,9",11:29,26,"2,8","7,5",06:00,,,,,
2025-06-01,0009X,ALFORJA,TARRAGONA,406,"23,4","0,0","14,6",04:34,"32,1",10:13,11,"1,7","6,7",11:30,,,,,
2025-06-02,0009X,ALFORJA,TARRAGONA,406,"21,1","0,0","15,6",23:59,"26,6",14:40,14,"1,9","8,6",14:50,,,,,
2025-06-03,0009X,ALFORJA,TARRAGONA,406,"21,2","0,0","13,4",01:59,"29,1",13:35,12,"2,8","8,9",14:30,,,,,
2025-06-04,0009X,ALFORJA,TARRAGONA,406,"21,0","0,0","14,9",03:21,"27,1",16:37,24,"3,3","11,4",14:00,,,,,
2025-06-05,0009X,ALFORJA,TARRAGONA,406,"20,8","0,0","14,5",02:34,"27,0",13:11,14,"1,7","6,4",11:20,,,,,
2025-06-06,0009X,ALFORJA,TARRAGONA,406,"20,7","0,0","13,6",01:30,"27,8",13:40,12,"1,7","7,5",12:00,,,,,
2025-06-07,0009X,ALFORJA,TARRAGONA,406,"22,0","0,0","14,0",Varias,"30,0",13:47,10,"1,9","6,7",10:40,,,,,
2025-06-08,0009X,ALFORJA,TARRAGONA,406,"21,7","0,0","18,2",23:47,"25,2",10:29,13,"1,9","5,8",10:40,,,,,
2025-06-09,0009X,ALFORJA,TARRAGONA,406,"23,4","0,4","18,1",00:10,"28,8",11:51,28,"1,7","13,6",23:40,,,,,
2025-06-10,0009X,ALFORJA,TARRAGONA,406,"25,6","0,0","17,9",24:00,"33,4",12:27,28,"1,4","13,1",00:30,,,,,
2025-06-11,0009X,ALFORJA,TARRAGONA,406,"24,6","0,0","16,0",04:24,"33,3",13:14,09,"1,4","7,5",11:20,,,,,
2025-06-12,0009X,ALFORJA,TARRAGONA,406,"23,3","0,0","15,4",04:00,"31,2",11:03,99,"2,8","6,9",Varias,,,,,
2025-06-13,0009X,ALFORJA,TARRAGONA,406,"23,5","0,0","16,3",04:33,"30,7",11:49,12,"2,2","10,0",12:20,,,,,
2025-06-14,0009X,ALFORJA,TARRAGONA,406,"25,0","0,0","16,9",Varias,"33,1",14:04,13,"1,7","7,5",10:30,,,,,
2025-06-15,0009X,ALFORJA,TARRAGONA,406,"24,8","0,0","17,2",04:21,"32,5",13:45,10,"1,7","7,2",13:50,,,,,
2025-06-16,0009X,ALFORJA,TARRAGONA,406,"24,2","0,0","16,9",24:00,"31,5",12:04,22,"3,1","10,0",03:50,,,,,
2025-06-17,0009X,ALFORJA,TARRAGONA,406,"24,0","0,0","16,3",03:09,"31,6",12:27,10,"1,9","6,7",15:00,,,,,
2025-06-18,0009X,ALFORJA,TARRAGONA,406,"24,2","0,0","16,4",23:08,"32,1",12:39,08,"1,9","8,6",16:10,,,,,
2025-06-19,0009X,ALFORJA,TARRAGONA,406,"23,5","0,0","15,4",03:46,"31,6",12:36,08,"2,2","6,9",14:00,,,,,
2025-06-20,0009X,ALFORJA,TARRAGONA,406,"25,2","0,0","17,3",04:07,"33,1",10:44,12,"1,9","6,7",13:10,,,,,
2025-06-21,0009X,ALFORJA,TARRAGONA,406,"25,2","0,0","17,7",04:06,"32,7",11:38,10,"1,9","6,7",12:40,,,,,
2025-06-22,0009X,ALFORJA,TARRAGONA,406,"25,7","5,8","17,9",01:19,"33,5",12:36,27,"2,2","9,7",19:00,,,,,
2025-06-23,0009X,ALFORJA,TARRAGONA,406,"26,0","0,0","18,3",04:09,"33,7",11:00,24,"1,4","7,2",01:30,,,,,
2025-06-24,0009X,ALFORJA,TARRAGONA,406,"26,5","0,0","17,4",04:39,"35,6",13:29,99,"1,4","6,1",10:40,,,,,
2025-06-25,0009X,ALFORJA,TARRAGONA,406,"25,2","0,0","16,2",04:01,"34,1",12:40,12,"1,4","7,8",16:10,,,,,
2025-06-26,0009X,ALFORJA,TARRAGONA,406,"25,7","0,0","17,7",23:44,"33,7",13:07,28,"2,8","10,0",03:10,,,,,
2025-06-27,0009X,ALFORJA,TARRAGONA,406,"26,4","0,0","17,3",00:58,"35,6",11:59,27,"2,2","9,2",08:50,,,,,
2025-06-28,0009X,ALFORJA,TARRAGONA,406,"26,2","0,0","17,1",03:58,"35,4",12:01,08,"3,1","7,5",09:30,,,,,
2025-06-29,0009X,ALFORJA,TARRAGONA,406,"28,1","0,0","19,3",00:32,"36,9",12:46,12,"2,5","8,3",11:20,,,,,
2025-06-30,0009X,ALFORJA,TARRAGONA,406,"27,0","0,0","18,4",03:55,"35,5",Varias,28,"2,2","7,2",07:10,,,,,
2025-07-01,0009X,ALFORJA,TARRAGONA,406,"28,8","0,0","20,2",02:14,"37,4",10:03,02,"1,9","12,2",19:50,,,,,
2025-07-02,0009X,ALFORJA,TARRAGONA,406,"28,8","0,0","20,6",04:34,"36,9",11:01,12,"1,9","7,2",14:10,,,,,
2025-07-03,0009X,ALFORJA,TARRAGONA,406,"27,0","3,2","20,1",19:21,"34,0",12:19,32,"3,1","10,0",22:00,,,,,
2025-07-04,0009X,ALFORJA,TARRAGONA,406,"27,4","0,0","20,6",23:10,"34,2",13:24,32,"3,6","12,8",05:30,,,,,
2025-07-05,0009X,ALFORJA,TARRAGONA,406,"27,1","0,0","18,2",04:06,"36,0",13:21,28,"3,3","11,9",06:50,,,,,
2025-07-06,0009X,ALFORJA,TARRAGONA,406,"26,6","8,4","18,5",02:50,"34,7",12:33,28,"2,8","9,2",07:10,,,,,
2025-07-07,0009X,ALFORJA,TARRAGONA,406,"24,2","0,0","16,2",03:39,"32,1",13:30,27,"4,7","11,9",05:50,,,,,
2025-07-08,0009X,ALFORJA,TARRAGONA,406,"23,2","0,0","15,8",04:38,"30,6",14:54,24,"3,3","13,9",05:50,,,,,
2025-07-09,0009X,ALFORJA,TARRAGONA,406,"19,8","11,6","18,6",03:18,"21,0",Varias,07,,"4,7",10:10,,,,,
2025-07-10,0009X,ALFORJA,TARRAGONA,406,"24,6","0,6","20,7",03:49,"28,6",15:18,11,"2,2","6,7",11:10,,,,,
2025-07-11,0009X,ALFORJA,TARRAGONA,406,"24,1","0,6","21,2",05:09,"27,0",14:59,99,"1,7","6,4",Varias,,,,,
2025-07-12,0009X,ALFORJA,TARRAGONA,406,"21,4","5,6","16,0",23:57,"26,8",09:54,22,"2,8","12,8",11:50,,,,,
2025-07-13,0009X,ALFORJA,TARRAGONA,406,"22,6","0,0","14,9",00:40,"30,4",13:30,17,"2,5","7,8",11:10,,,,,
2025-07-14,0009X,ALFORJA,TARRAGONA,406,"24,8","0,0","17,8",01:50,"31,9",12:55,99,"1,7","7,2",12:50,,,,,
2025-07-15,0009X,ALFORJA,TARRAGONA,406,"25,2","0,0","17,6",01:37,"32,7",11:56,26,"2,5","7,8",05:30,,,,,
2025-07-16,0009X,ALFORJA,TARRAGONA,406,"26,2","0,0","18,4",04:23,"33,9",12:17,24,"3,1","9,2",03:40,,,,,
2025-07-17,0009X,ALFORJA,TARRAGONA,406,"25,6","0,0","18,6",03:38,"32,6",13:53,13,"1,7","6,7",11:50,,,,,
2025-07-18,0009X,ALFORJA,TARRAGONA,406,"26,2","0,6","19,5",04:38,"32,8",13:22,12,"1,7","7,2",12:30,,,,,
2025-07-19,0009X,ALFORJA,TARRAGONA,406,"25,9","0,0","19,4",06:01,"32,4",13:02,28,"3,1","10,0",09:10,,,,,
2025-07-20,0009X,ALFORJA,TARRAGONA,406,"27,4","0,0","19,9",21:59,"35,0",13:20,27,"1,9","8,6",10:30,,,,,
2025-07-21,0009X,ALFORJA,TARRAGONA,406,"25,2","0,0","19,0",05:37,"31,3",13:19,29,"3,1","14,2",01:30,,,,,
2025-07-22,0009X,ALFORJA,TARRAGONA,406,"24,5","3,2","19,6",00:31,"29,4",14:56,11,"1,9","8,1",12:40,,,,,
2025-07-23,0009X,ALFORJA,TARRAGONA,406,"23,3","0,8","19,3",24:00,"27,3",13:16,13,"2,2","6,4",13:30,,,,,
2025-07-24,0009X,ALFORJA,TARRAGONA,406,"20,6","0,0","14,9",21:40,"26,2",14:33,26,"3,1","13,1",03:10,,,,,
2025-07-25,0009X,ALFORJA,TARRAGONA,406,"22,4","0,0","15,2",04:49,"29,6",14:21,99,"3,6","9,2",Varias,,,,,
2025-07-26,0009X,ALFORJA,TARRAGONA,406,"24,0","0,0","16,2",05:10,"31,7",14:40,24,"2,8","10,8",08:30,,,,,
2025-07-27,0009X,ALFORJA,TARRAGONA,406,"24,9","0,0","17,6",05:20,"32,2",16:18,28,"4,2","12,2",06:00,,,,,
2025-07-28,0009X,ALFORJA,TARRAGONA,406,"24,3","0,0","18,3",21:11,"30,3",12:09,28,"3,1","12,5",04:30,,,,,
2025-07-29,0009X,ALFORJA,TARRAGONA,406,"23,4","0,0","16,3",04:51,"30,5",14:32,28,"4,2","10,8",08:30,,,,,
2025-07-30,0009X,ALFORJA,TARRAGONA,406,"23,4","0,0","16,2",04:33,"30,5",13:56,23,"3,6","10,8",04:00,,,,,
2025-07-31,0009X,ALFORJA,TARRAGONA,406,"24,3","0,0","17,9",Varias,"30,7",11:53,28,"3,9","10,0",07:20,,,,,
2025-08-01,0009X,ALFORJA,TARRAGONA,406,"24,4","0,0","17,5",01:04,"31,2",12:15,26,"2,8","8,1",06:10,,,,,
2025-08-02,0009X,ALFORJA,TARRAGONA,406,"25,4","0,0","17,7",05:39,"33,0",14:47,27,"3,1","12,2",05:30,,,,,
2025-08-03,0009X,ALFORJA,TARRAGONA,406,"23,5","0,0","16,5",04:24,"30,5",11:56,26,"2,8","10,0",06:10,,,,,
2025-08-04,0009X,ALFORJA,TARRAGONA,406,"25,0","0,0","18,1",23:55,"31,8",12:48,12,"1,9","8,9",12:50,,,,,
2025-08-05,0009X,ALFORJA,TARRAGONA,406,"26,0","0,0","17,7",05:18,"34,2",11:53,26,"1,9","7,2",08:30,,,,,
2025-08-06,0009X,ALFORJA,TARRAGONA,406,"25,6","0,0","19,1",00:17,"32,1",12:58,09,"1,9","7,8",10:40,,,,,
2025-08-07,0009X,ALFORJA,TARRAGONA,406,"25,0","0,0","17,9",04:13,"32,1",12:21,14,"1,9","7,8",12:00,,,,,
2025-08-08,0009X,ALFORJA,TARRAGONA,406,"24,5","0,0","15,9",05:03,"33,1",13:52,12,"1,1","7,2",11:30,,,,,
2025-08-09,0009X,ALFORJA,TARRAGONA,406,"25,4","0,0","16,9",04:55,"33,8",11:58,10,"1,7","7,2",15:10,,,,,
2025-08-10,0009X,ALFORJA,TARRAGONA,406,"28,5","0,0","20,1",01:25,"36,9",12:39,10,"1,4","7,2",11:50,,,,,
2025-08-11,0009X,ALFORJA,TARRAGONA,406,"30,2","0,0","22,7",00:01,"37,8",12:53,08,"1,9","7,8",11:30,,,,,
2025-08-12,0009X,ALFORJA,TARRAGONA,406,"29,0","0,0","21,0",05:17,"36,9",13:11,99,"1,7","7,2",Varias,,,,,
2025-08-13,0009X,ALFORJA,TARRAGONA,406,"27,2","0,0","20,1",03:03,"34,2",10:50,12,"1,4","7,2",11:10,,,,,
2025-08-14,0009X,ALFORJA,TARRAGONA,406,"27,0","0,0","18,0",04:39,"36,1",13:28,10,"1,7","7,2",12:10,,,,,
2025-08-15,0009X,ALFORJA,TARRAGONA,406,"28,4","0,0","19,6",04:02,"37,2",13:24,09,"1,9","7,5",11:20,,,,,
2025-08-16,0009X,ALFORJA,TARRAGONA,406,"29,6","0,0","20,2",00:19,"38,9",12:27,07,"1,1","6,4",11:40,,,,,
2025-08-17,0009X,ALFORJA,TARRAGONA,406,"30,2","0,0","22,0",23:17,"38,3",14:33,32,"2,8","8,3",09:30,,,,,
2025-08-18,0009X,ALFORJA,TARRAGONA,406,"28,2","5,4","21,6",01:31,"34,7",13:40,30,"2,2","15,6",23:40,,,,,
2025-08-19,0009X,ALFORJA,TARRAGONA,406,"26,0","1,2","19,4",07:31,"32,7",13:57,34,"1,4","18,1",00:10,,,,,
2025-08-20,0009X,ALFORJA,TARRAGONA,406,"23,6","0,0","18,0",07:03,"29,3",14:30,28,"4,4","14,2",23:40,,,,,
2025-08-21,0009X,ALFORJA,TARRAGONA,406,"23,2","0,0","16,8",04:42,"29,7",15:29,25,"5,0","14,7",11:30,,,,,
2025-08-22,0009X,ALFORJA,TARRAGONA,406,"23,4","0,0","16,6",22:04,"30,1",14:34,25,"3,6","13,1",07:10,,,,,
2025-08-23,0009X,ALFORJA,TARRAGONA,406,"24,4","0,0","17,6",05:38,"31,3",12:26,26,"3,1","9,4",06:50,,,,,
2025-08-24,0009X,ALFORJA,TARRAGONA,406,"24,2","0,0","18,7",00:01,"29,6",13:52,12,"1,7","6,1",Varias,,,,,
2025-08-25,0009X,ALFORJA,TARRAGONA,406,"24,9","0,2","18,9",01:17,"30,9",15:28,28,"0,6","6,1",09:50,,,,,
2025-08-26,0009X,ALFORJA,TARRAGONA,406,"26,2","0,0","17,8",05:20,"34,6",11:43,30,"1,9","8,3",20:20,,,,,
2025-08-27,0009X,ALFORJA,TARRAGONA,406,"26,2","0,4","18,9",05:03,"33,4",13:34,13,"2,8","8,1",13:40,,,,,
2025-08-28,0009X,ALFORJA,TARRAGONA,406,"23,4","0,0","18,6",24:00,"28,2",13:40,29,"5,0","14,7",16:00,,,,,
2025-08-29,0009X,ALFORJA,TARRAGONA,406,"22,4","0,0","16,6",05:11,"28,3",14:28,27,"4,7","11,9",15:20,,,,,
2025-08-30,0009X,ALFORJA,TARRAGONA,406,"24,0","0,0","16,3",01:31,"31,6",14:41,24,"4,2","13,6",10:10,,,,,
2025-08-31,0009X,ALFORJA,TARRAGONA,406,"23,4","0,0","18,8",00:01,"28,1",14:42,15,"1,7","7,2",15:30,,,,,
2025-09-01,0009X,ALFORJA,TARRAGONA,406,"21,6","0,0","16,5",04:45,"26,6",14:40,28,"6,1","14,4",09:30,,,,,
2025-09-02,0009X,ALFORJA,TARRAGONA,406,"21,8","0,0","15,5",05:14,"28,1",14:27,29,"3,3","10,6",01:00,,,,,
2025-09-03,0009X,ALFORJA,TARRAGONA,406,"22,2","0,0","13,6",04:40,"30,7",11:36,12,"1,4","7,8",12:20,,,,,
2025-09-04,0009X,ALFORJA,TARRAGONA,406,"24,1","2,6","17,6",Varias,"30,6",11:56,12,"1,9","7,8",13:20,,,,,
2025-09-05,0009X,ALFORJA,TARRAGONA,406,"20,2","0,0","14,7",23:50,"25,8",13:01,09,"1,9","7,2",14:20,,,,,
2025-09-06,0009X,ALFORJA,TARRAGONA,406,"20,6","0,0","14,6",Varias,"26,7",15:32,08,"1,7","7,2",13:00,,,,,
2025-09-07,0009X,ALFORJA,TARRAGONA,406,"24,2","0,0","17,1",04:21,"31,2",12:21,14,"1,7","6,7",11:30,,,,,
2025-09-08,0009X,ALFORJA,TARRAGONA,406,"24,0","4,8","19,3",00:02,"28,6",09:57,09,"1,4","8,6",10:50,,,,,
2025-09-09,0009X,ALFORJA,TARRAGONA,406,"20,0","0,0","14,8",06:04,"25,3",14:16,28,"2,2","9,4",07:10,,,,,
2025-09-10,0009X,ALFORJA,TARRAGONA,406,"21,8","0,0","15,6",00:33,"28,1",14:19,29,"3,6","13,6",13:30,,,,,
2025-09-11,0009X,ALFORJA,TARRAGONA,406,"22,2","0,0","15,9",01:49,"28,5",14:12,26,"3,6","10,8",12:50,,,,,
2025-09-12,0009X,ALFORJA,TARRAGONA,406,"22,5","0,0","16,3",05:56,"28,7",12:23,16,"1,4","7,5",11:20,,,,,
2025-09-13,0009X,ALFORJA,TARRAGONA,406,"23,6","0,2","18,5",24:00,"28,8",14:20,12,"1,7","6,9",10:50,,,,,
2025-09-14,0009X,ALFORJA,TARRAGONA,406,"23,9","0,0","18,2",00:10,"29,6",12:24,08,"1,7","6,7",13:20,,,,,
2025-09-15,0009X,ALFORJA,TARRAGONA,406,"24,3","0,0","18,4",02:02,"30,2",13:00,12,"1,4","6,7",14:30,,,,,
2025-09-16,0009X,ALFORJA,TARRAGONA,406,"21,4","1,6","18,9",09:22,"23,8",11:06,10,"1,1","5,3",12:50,,,,,
2025-09-17,0009X,ALFORJA,TARRAGONA,406,"23,4","0,0","17,4",23:54,"29,4",11:27,10,"1,4","5,8",11:30,,,,,
2025-09-18,0009X,ALFORJA,TARRAGONA,406,"23,2","0,0","16,1",05:15,"30,4",12:15,99,"1,7","6,1",Varias,,,,,
2025-09-19,0009X,ALFORJA,TARRAGONA,406,"21,8","0,0","14,9",03:59,"28,8",13:02,10,"1,7","7,5",12:40,,,,,
2025-09-20,0009X,ALFORJA,TARRAGONA,406,"22,4","0,2","16,7",05:22,"28,1",11:45,09,"1,7","7,5",12:10,,,,,
2025-09-21,0009X,ALFORJA,TARRAGONA,406,"20,6","1,4","15,0",23:59,"26,3",11:28,28,"3,1","12,8",23:50,,,,,
2025-09-22,0009X,ALFORJA,TARRAGONA,406,"16,5","0,0","10,7",05:38,"22,3",14:47,29,"5,0","14,4",00:50,,,,,
2025-09-23,0009X,ALFORJA,TARRAGONA,406,"16,8","0,0","11,1",05:55,"22,5",13:50,28,"4,7","14,2",08:00,,,,,
2025-09-24,0009X,ALFORJA,TARRAGONA,406,"15,8","0,0","9,4",05:30,"22,1",15:05,28,"3,3","13,6",04:40,,,,,
2025-09-25,0009X,ALFORJA,TARRAGONA,406,"16,5","0,0","9,8",Varias,"23,2",14:08,27,"3,3","10,6",05:50,,,,,
2025-09-26,0009X,ALFORJA,TARRAGONA,406,"17,4","0,0","9,8",00:04,"24,9",15:11,27,"2,2","8,3",10:20,,,,,
2025-09-27,0009X,ALFORJA,TARRAGONA,406,"19,6","0,0","13,2",00:01,"26,0",13:53,14,"1,4","6,4",12:40,,,,,
2025-09-28,0009X,ALFORJA,TARRAGONA,406,"20,2","1,2","16,2",02:01,"24,3",12:09,11,"1,9","6,7",13:10,,,,,
2025-09-29,0009X,ALFORJA,TARRAGONA,406,"17,9","0,0","13,9",22:41,"21,9",12:48,99,"0,8","4,7",Varias,,,,,
2025-09-30,0009X,ALFORJA,TARRAGONA,406,"19,2","0,0","12,9",23:34,"25,4",13:36,28,"1,4","7,5",10:40,,,,,
2025-10-01,0009X,ALFORJA,TARRAGONA,406,"19,6","0,4","13,1",00:32,"26,0",14:27,28,"2,8","11,4",04:10,,,,,
2025-10-02,0009X,ALFORJA,TARRAGONA,406,"18,2","0,0","12,8",03:36,"23,6",14:36,10,"1,9","5,6",14:40,,,,,
2025-10-03,0009X,ALFORJA,TARRAGONA,406,"20,5","0,0","13,8",04:21,"27,2",13:34,26,"2,2","6,4",14:00,,,,,
2025-10-04,0009X,ALFORJA,TARRAGONA,406,"21,0","0,0","12,6",02:10,"29,5",13:59,27,"3,1","10,8",23:59,,,,,
2025-10-05,0009X,ALFORJA,TARRAGONA,406,"17,7","0,0","13,0",23:59,"22,4",Varias,28,"5,3","15,6",06:20,,,,,
2025-10-06,0009X,ALFORJA,TARRAGONA,406,"17,2","0,0","10,3",22:54,"24,0",13:48,27,"2,5","11,7",01:40,,,,,
2025-10-07,0009X,ALFORJA,TARRAGONA,406,"17,6","0,0","8,9",05:43,"26,3",12:09,10,"1,4","6,4",13:50,,,,,
2025-10-08,0009X,ALFORJA,TARRAGONA,406,"19,6","0,0","12,2",04:47,"27,0",12:12,17,"1,7","7,5",12:30,,,,,
2025-10-09,0009X,ALFORJA,TARRAGONA,406,"18,9","2,8","14,4",23:24,"23,4",14:35,29,"1,9","8,9",06:50,,,,,
2025-10-10,0009X,ALFORJA,TARRAGONA,406,"18,0","0,2","12,9",05:36,"23,1",11:58,30,"1,9","8,6",07:20,,,,,
2025-10-11,0009X,ALFORJA,TARRAGONA,406,"18,6","7,0","14,7",00:01,"22,6",13:17,09,"2,8","9,7",13:20,,,,,
2025-10-12,0009X,ALFORJA,TARRAGONA,406,"15,8","4,0","11,5",05:47,"20,1",15:27,09,"1,4","6,4",14:40,,,,,
2025-10-13,0009X,ALFORJA,TARRAGONA,406,"18,6","0,2","14,4",21:46,"22,8",11:45,11,"1,1","4,7",11:20,,,,,
2025-10-14,0009X,ALFORJA,TARRAGONA,406,"18,8","5,6","13,4",01:20,"24,3",11:13,15,"1,7","8,3",10:10,,,,,
2025-10-15,0009X,ALFORJA,TARRAGONA,406,"18,6","0,2","13,6",03:00,"23,5",12:07,11,"1,1","5,6",11:40,,,,,
2025-10-16,0009X,ALFORJA,TARRAGONA,406,"17,5","0,0","12,8",06:32,"22,2",13:38,12,"1,4","6,9",13:30,,,,,
2025-10-17,0009X,ALFORJA,TARRAGONA,406,"17,6","0,2","12,6",04:57,"22,5",10:27,12,"1,1","5,8",11:50,,,,,
2025-10-18,0009X,ALFORJA,TARRAGONA,406,"17,9","0,2","12,4",01:53,"23,4",12:23,15,"1,4","6,1",12:30,,,,,
2025-10-19,0009X,ALFORJA,TARRAGONA,406,"16,8","0,6","12,8",03:19,"20,8",13:03,14,"1,7","7,2",13:20,,,,,
2025-10-20,0009X,ALFORJA,TARRAGONA,406,"19,3","0,0","14,5",20:32,"24,1",13:18,27,"3,1","12,2",12:40,,,,,
2025-10-21,0009X,ALFORJA,TARRAGONA,406,"20,0","0,0","14,6",21:43,"25,3",13:49,28,"3,6","11,7",10:50,,,,,
2025-10-22,0009X,ALFORJA,TARRAGONA,406,"21,6","0,0","17,2",22:05,"26,0",15:08,27,"3,9","12,5",09:30,,,,,
2025-10-23,0009X,ALFORJA,TARRAGONA,406,"19,2","0,0","14,3",23:50,"24,2",09:24,28,"6,7","21,7",11:30,,,,,
2025-10-24,0009X,ALFORJA,TARRAGONA,406,"15,4","1,0","9,7",06:27,"21,1",13:58,27,"3,6","12,8",09:20,,,,,
2025-10-25,0009X,ALFORJA,TARRAGONA,406,"18,2","0,4","13,1",23:58,"23,4",13:33,28,"3,9","10,8",14:00,,,,,
2025-10-26,0009X,ALFORJA,TARRAGONA,406,"14,0","0,4","9,6",23:49,"18,3",13:54,99,"7,2","13,9",Varias,,,,,
2025-10-27,0009X,ALFORJA,TARRAGONA,406,"13,1","0,0","7,9",05:50,"18,3",14:28,27,"5,0","14,2",00:40,,,,,
2025-10-28,0009X,ALFORJA,TARRAGONA,406,"14,2","2,6","6,4",06:21,"22,1",13:34,30,"1,4","8,3",00:40,,,,,
2025-10-29,0009X,ALFORJA,TARRAGONA,406,"14,4","5,6","11,5",00:25,"17,4",10:56,99,"1,7","7,8",23:50,,,,,
2025-10-30,0009X,ALFORJA,TARRAGONA,406,"16,4","0,0","11,7",18:56,"21,1",14:03,28,"1,9","10,8",02:20,,,,,
2025-10-31,0009X,ALFORJA,TARRAGONA,406,"16,6","0,0","11,0",19:45,"22,2",14:54,27,"1,7","7,2",12:20,,,,,
2025-11-01,0009X,ALFORJA,TARRAGONA,406,"16,8","0,0","10,5",01:50,"23,2",10:10,29,"1,1","7,2",19:00,,,,,
2025-11-02,0009X,ALFORJA,TARRAGONA,406,"15,4","0,0","12,4",23:38,"18,3",09:34,28,"6,9","15,8",19:20,,,,,
2025-11-03,0009X,ALFORJA,TARRAGONA,406,"13,8","0,0","7,1",22:47,"20,6",14:10,29,"2,8","11,1",02:00,,,,,
2025-11-04,0009X,ALFORJA,TARRAGONA,406,"13,0","0,0","6,1",05:10,"19,9",12:14,10,"1,4","5,8",11:00,,,,,
2025-11-05,0009X,ALFORJA,TARRAGONA,406,"15,2","21,4","11,5",06:36,"18,8",11:43,12,"2,2","8,1",17:40,,,,,
2025-11-06,0009X,ALFORJA,TARRAGONA,406,"13,4","0,0","9,8",04:51,"16,9",13:15,28,"5,8","16,1",09:40,,,,,
2025-11-07,0009X,ALFORJA,TARRAGONA,406,"14,0","15,8","10,3",06:40,"17,6",13:59,28,"4,7","13,3",04:30,,,,,
2025-11-08,0009X,ALFORJA,TARRAGONA,406,"12,5","1,4","9,9",23:50,"15,1",15:11,27,"5,0","12,8",22:10,,,,,
2025-11-09,0009X,ALFORJA,TARRAGONA,406,"11,6","0,0","6,8",23:27,"16,5",12:55,28,"4,2","14,2",04:30,,,,,
2025-11-10,0009X,ALFORJA,TARRAGONA,406,"11,2","0,0","5,3",02:09,"17,1",11:14,26,"3,1","10,0",11:30,,,,,
2025-11-11,0009X,ALFORJA,TARRAGONA,406,"13,6","0,0","6,8",05:13,"20,4",13:05,12,"1,7","5,6",12:00,,,,,
2025-11-12,0009X,ALFORJA,TARRAGONA,406,"13,8","0,0","7,7",01:08,"20,0",13:41,12,"1,7","6,7",15:00,,,,,
2025-11-13,0009X,ALFORJA,TARRAGONA,406,"14,6","0,0","9,0",00:46,"20,3",12:59,10,"2,2","8,9",12:50,,,,,
2025-11-14,0009X,ALFORJA,TARRAGONA,406,"14,9","0,0","11,2",21:08,"18,6",12:22,08,"1,1","5,3",07:40,,,,,
2025-11-15,0009X,ALFORJA,TARRAGONA,406,"13,6","2,4","8,0",06:29,"19,1",11:13,24,"1,1","5,0",10:10,,,,,
2025-11-16,0009X,ALFORJA,TARRAGONA,406,"14,7","0,2","11,6",22:39,"17,8",14:13,27,"3,3","12,5",10:00,,,,,
2025-11-17,0009X,ALFORJA,TARRAGONA,406,"12,4","0,0","7,2",22:24,"17,5",12:12,29,"3,6","12,5",06:30,,,,,
2025-11-18,0009X,ALFORJA,TARRAGONA,406,"9,1","0,0","6,0",22:16,"12,2",14:18,27,"6,1","16,4",09:30,,,,,
2025-11-19,0009X,ALFORJA,TARRAGONA,406,"7,0","0,0","2,8",05:16,"11,2",14:27,29,"6,7","18,9",12:50,,,,,
2025-11-20,0009X,ALFORJA,TARRAGONA,406,"8,6","0,0","5,2",23:09,"12,1",14:43,24,"4,2","13,3",23:30,,,,,
2025-11-21,0009X,ALFORJA,TARRAGONA,406,"5,4","0,0","1,0",23:33,"9,7",14:02,24,"4,7","15,3",18:50,,,,,
2025-11-22,0009X,ALFORJA,TARRAGONA,406,"5,1","0,0","0,6",01:31,"9,6",Varias,28,"6,7","16,4",06:10,,,,,
2025-11-23,0009X,ALFORJA,TARRAGONA,406,"10,0","0,0","5,6",00:07,"14,4",12:44,30,"5,3","16,4",08:50,,,,,
2025-11-24,0009X,ALFORJA,TARRAGONA,406,"14,3","0,0","10,7",23:57,"17,9",13:13,28,"4,2","13,9",21:40,,,,,
2025-11-25,0009X,ALFORJA,TARRAGONA,406,"9,4","0,0","5,2",23:48,"13,7",12:06,26,"5,6","17,5",09:30,,,,,
2025-11-26,0009X,ALFORJA,TARRAGONA,406,"8,1","0,0","4,0",02:47,"12,2",13:41,24,"5,0","13,9",14:00,,,,,
2025-11-27,0009X,ALFORJA,TARRAGONA,406,"7,3","0,0","3,4",Varias,"11,2",13:52,29,"5,8","15,8",07:20,,,,,
2025-11-28,0009X,ALFORJA,TARRAGONA,406,"9,6","0,0","5,7",01:40,"13,5",13:43,26,"3,9","12,5",08:50,,,,,
2025-11-29,0009X,ALFORJA,TARRAGONA,406,"10,0","0,0","4,3",22:15,"15,6",13:02,28,"2,8","10,6",08:20,,,,,
2025-11-30,0009X,ALFORJA,TARRAGONA,406,"9,0","0,0","6,9",23:40,"11,0",14:27,26,"4,4","11,9",09:00,,,,,
2025-12-01,0009X,ALFORJA,TARRAGONA,406,"9,0","0,0","4,4",06:38,"13,5",13:57,24,"3,3","9,7",09:00,,,,,
2025-12-02,0009X,ALFORJA,TARRAGONA,406,"9,8","0,0","6,1",00:38,"13,4",11:51,25,"4,4","12,8",12:00,,,,,
2025-12-03,0009X,ALFORJA,TARRAGONA,406,"8,1","0,0","5,2",07:07,"11,0",14:48,28,"6,1","15,6",23:00,,,,,
2025-12-04,0009X,ALFORJA,TARRAGONA,406,"9,9","0,0","7,2",04:27,"12,6",13:43,28,"4,7","13,9",00:40,,,,,
2025-12-05,0009X,ALFORJA,TARRAGONA,406,"11,2","0,0","7,9",Varias,"14,6",12:52,28,"3,9","16,4",03:50,,,,,
2025-12-06,0009X,ALFORJA,TARRAGONA,406,"14,9","0,0","11,5",Varias,"18,3",14:02,27,"6,1","15,0",11:50,,,,,
2025-12-07,0009X,ALFORJA,TARRAGONA,406,"15,0","0,0","11,2",23:49,"18,8",13:26,30,"4,4","13,6",08:10,,,,,
2025-12-08,0009X,ALFORJA,TARRAGONA,406,"12,2","0,0","5,2",22:24,"19,3",13:43,26,"2,2","8,1",01:00,,,,,
2025-12-09,0009X,ALFORJA,TARRAGONA,406,"11,6","0,0","4,5",05:09,"18,6",12:52,26,"1,4","5,0",12:20,,,,,
2025-12-10,0009X,ALFORJA,TARRAGONA,406,"12,6","0,0","5,5",06:53,"19,6",11:28,28,"2,5","8,6",10:20,,,,,
2025-12-11,0009X,ALFORJA,TARRAGONA,406,"10,1","0,0","4,1",06:07,"16,1",12:42,04,"0,6","3,3",11:00,,,,,
2025-12-12,0009X,ALFORJA,TARRAGONA,406,"10,1","0,0","5,4",20:09,"14,8",11:43,12,"1,1","4,4",10:40,,,,,
2025-12-13,0009X,ALFORJA,TARRAGONA,406,"10,3","0,0","3,9",23:30,"16,7",13:39,99,"1,9","4,4",Varias,,,,,
2025-12-14,0009X,ALFORJA,TARRAGONA,406,"8,6","16,8","3,5",05:17,"13,6",13:13,10,"1,1","5,0",22:20,,,,,
2025-12-15,0009X,ALFORJA,TARRAGONA,406,"10,6","22,2","8,1",20:06,"13,1",Varias,30,"2,2","12,5",13:40,,,,,
2025-12-16,0009X,ALFORJA,TARRAGONA,406,"10,6","17,0","8,7",06:25,"12,4",12:02,06,"1,1","6,1",10:20,,,,,
2025-12-17,0009X,ALFORJA,TARRAGONA,406,"11,2","0,4","7,4",23:59,"15,0",13:03,16,"0,8","4,4",14:10,,,,,
2025-12-18,0009X,ALFORJA,TARRAGONA,406,"10,5","0,0","5,1",05:25,"15,9",12:33,12,"1,1","5,0",12:20,,,,,
2025-12-19,0009X,ALFORJA,TARRAGONA,406,"10,8","0,0","4,6",07:31,"17,0",12:34,23,"1,1","4,4",23:50,,,,,
2025-12-20,0009X,ALFORJA,TARRAGONA,406,"10,8","0,6","6,2",23:57,"15,3",13:29,99,"1,1","4,4",00:10,,,,,
2025-12-21,0009X,ALFORJA,TARRAGONA,406,"7,8","5,0","4,3",07:08,"11,2",14:33,30,"1,4","10,0",20:20,,,,,
2025-12-22,0009X,ALFORJA,TARRAGONA,406,"6,6","0,0","4,1",07:36,"9,0",12:49,26,"6,9","14,4",12:00,,,,,
2025-12-23,0009X,ALFORJA,TARRAGONA,406,"6,6","1,6","4,3",Varias,"9,0",13:22,99,"5,8","13,9",00:20,,,,,
2025-12-24,0009X,ALFORJA,TARRAGONA,406,"6,8","0,6","4,5",06:35,"9,2",18:04,29,"5,8","13,1",13:10,,,,,
2025-12-25,0009X,ALFORJA,TARRAGONA,406,"3,8","10,0","1,5",07:30,"6,0",00:01,29,"3,9","11,4",10:50,,,,,
2025-12-26,0009X,ALFORJA,TARRAGONA,406,"6,4","33,2","3,5",00:10,"9,2",15:44,23,"2,2","9,7",01:30,,,,,
2025-12-27,0009X,ALFORJA,TARRAGONA,406,"8,8","28,2","7,1",19:37,"10,6",14:12,06,"2,5","10,0",14:30,,,,,
2025-12-28,0009X,ALFORJA,TARRAGONA,406,"10,0","0,4","6,8",21:50,"13,1",13:38,09,"1,7","8,6",00:30,,,,,
2025-12-29,0009X,ALFORJA,TARRAGONA,406,"8,6","1,2","4,6",05:55,"12,5",13:04,35,"0,6","7,8",23:59,,,,,
2025-12-30,0009X,ALFORJA,TARRAGONA,406,"8,8","0,0","6,6",23:49,"11,1",13:52,26,"6,7","15,3",12:40,,,,,
2025-12-31,0009X,ALFORJA,TARRAGONA,406,"6,5","0,0","2,7",20:22,"10,3",14:02,29,"4,2","13,9",00:50,,,,,
2026-01-01,0009X,ALFORJA,TARRAGONA,406,"6,6","0,0","1,3",01:02,"11,8",14:08,26,"1,9","6,9",11:00,,,,,
2026-01-02,0009X,ALFORJA,TARRAGONA,406,"8,2","0,0","3,4",05:54,"12,9",13:18,26,"3,9","9,4",13:20,,,,,
2026-01-03,0009X,ALFORJA,TARRAGONA,406,"9,9","7,4","7,3",23:50,"12,5",02:15,99,"1,4","7,5",Varias,,,,,
2026-01-04,0009X,ALFORJA,TARRAGONA,406,"4,6","0,6","1,7",24:00,"7,4",00:02,23,"3,9","10,8",18:20,,,,,
2026-01-05,0009X,ALFORJA,TARRAGONA,406,"0,2","0,6","-1,8",08:15,"2,1",19:32,26,"5,8","14,2",05:40,,,,,
2026-01-06,0009X,ALFORJA,TARRAGONA,406,"2,2","0,0","-1,7",04:18,"6,0",13:45,28,"7,5","15,0",20:20,,,,,
2026-01-07,0009X,ALFORJA,TARRAGONA,406,,"0,0",,,,,28,"6,4","15,3",04:40,,,,,
2026-01-08,0009X,ALFORJA,TARRAGONA,406,"9,6","0,0","6,0",00:01,"13,3",15:22,25,"5,6","16,7",22:50,,,,,
2026-01-09,0009X,ALFORJA,TARRAGONA,406,"10,0","0,4","5,8",23:47,"14,3",12:31,26,"5,8","20,8",16:30,,,,,
2026-01-10,0009X,ALFORJA,TARRAGONA,406,"8,2","0,0","5,2",06:18,"11,1",13:29,27,"6,9","20,0",15:00,,,,,
2026-01-11,0009X,ALFORJA,TARRAGONA,406,"7,9","0,0","3,1",19:52,"12,7",14:04,27,"3,9","14,2",02:50,,,,,
2026-01-12,0009X,ALFORJA,TARRAGONA,406,"9,0","0,0","2,2",23:18,"15,9",14:20,26,"1,1","5,3",06:00,,,,,
2026-01-13,0009X,ALFORJA,TARRAGONA,406,"8,2","0,0","2,2",01:30,"14,3",12:27,13,"0,8","5,0",11:20,,,,,
2026-01-14,0009X,ALFORJA,TARRAGONA,406,"10,3","0,0","4,1",00:23,"16,5",13:10,99,"1,7","8,3",Varias,,,,,
2026-01-15,0009X,ALFORJA,TARRAGONA,406,"10,0","0,0","3,9",21:53,"16,0",13:13,30,"1,9","6,9",01:30,,,,,
2026-01-16,0009X,ALFORJA,TARRAGONA,406,"10,8","39,4","7,4",00:34,"14,2",12:57,29,"1,7","8,9",04:00,,,,,
2026-01-17,0009X,ALFORJA,TARRAGONA,406,"9,1","74,8","7,6",23:59,"10,6",08:23,12,"1,7","11,4",08:30,,,,,
2026-01-18,0009X,ALFORJA,TARRAGONA,406,"8,3","4,0","6,7",07:05,"9,9",10:56,28,"2,5","6,9",18:10,,,,,
2026-01-19,0009X,ALFORJA,TARRAGONA,406,"9,1","15,6","6,6",05:49,"11,6",13:03,32,"2,5","11,9",20:10,,,,,
2026-01-20,0009X,ALFORJA,TARRAGONA,406,"8,0","19,6","6,6",06:49,"9,4",17:14,32,"2,8","12,8",15:50,,,,,
2026-01-21,0009X,ALFORJA,TARRAGONA,406,"9,5","4,0","6,0",21:55,"13,0",12:07,24,"1,4","7,5",06:40,,,,,
2026-01-22,0009X,ALFORJA,TARRAGONA,406,"9,6","0,0","7,0",00:01,"12,2",13:59,28,"6,4","17,2",07:50,,,,,
2026-01-23,0009X,ALFORJA,TARRAGONA,406,"7,6","2,4","2,0",05:33,"13,1",14:31,26,"2,8","15,6",11:50,,,,,
2026-01-24,0009X,ALFORJA,TARRAGONA,406,"4,3","17,2","1,3",08:25,"7,3",01:11,29,"5,8","17,2",11:00,,,,,
2026-01-25,0009X,ALFORJA,TARRAGONA,406,"9,0","1,4","5,3",07:09,"12,6",14:53,27,"5,3","23,6",21:20,,,,,
2026-01-26,0009X,ALFORJA,TARRAGONA,406,"9,4","1,2","6,2",Varias,"12,6",13:45,28,"4,4","17,5",00:20,,,,,
2026-01-27,0009X,ALFORJA,TARRAGONA,406,"9,0","5,0","6,5",04:06,"11,5",11:52,26,"1,7","16,1",22:10,,,,,
2026-01-28,0009X,ALFORJA,TARRAGONA,406,"6,2","0,8","4,7",06:15,"7,6",14:28,99,"4,2","15,6",Varias,,,,,
2026-01-29,0009X,ALFORJA,TARRAGONA,406,"10,6","0,4","6,4",07:08,"14,8",13:19,25,"4,4","14,4",01:50,,,,,
2026-01-30,0009X,ALFORJA,TARRAGONA,406,"10,9","2,2","6,9",22:25,"14,9",Varias,28,"4,4","15,8",02:50,,,,,
2026-01-31,0009X,ALFORJA,TARRAGONA,406,"8,2","0,0","4,4",03:19,"11,9",14:10,28,"8,6","23,3",13:00,,,,,
2026-02-01,0009X,ALFORJA,TARRAGONA,406,"8,4","0,2","3,5",22:39,"13,3",13:23,28,"3,3","13,9",15:40,,,,,
2026-02-02,0009X,ALFORJA,TARRAGONA,406,"7,3","1,6","3,9",00:01,"10,7",11:29,99,"1,4","10,6",23:40,,,,,
2026-02-03,0009X,ALFORJA,TARRAGONA,406,"8,0","0,2","1,6",22:59,"14,3",14:27,26,"1,9","8,9",00:10,,,,,
2026-02-04,0009X,ALFORJA,TARRAGONA,406,"7,4","1,2","1,7",01:51,"13,1",14:42,27,"3,6","12,8",13:50,,,,,
2026-02-05,0009X,ALFORJA,TARRAGONA,406,"12,4","2,2","8,1",06:18,"16,6",14:33,28,"2,5","15,3",17:20,,,,,
2026-02-06,0009X,ALFORJA,TARRAGONA,406,"12,2","2,0","7,7",22:16,"16,7",14:27,26,"3,6","16,7",03:10,,,,,
2026-02-07,0009X,ALFORJA,TARRAGONA,406,"9,8","0,8","6,3",18:58,"13,2",14:28,25,"5,3","16,4",11:10,,,,,
2026-02-08,0009X,ALFORJA,TARRAGONA,406,"8,0","0,0","3,6",03:31,"12,3",13:24,28,"5,0","16,1",18:10,,,,,
2026-02-09,0009X,ALFORJA,TARRAGONA,406,"11,0","2,0","7,4",08:59,"14,7",13:42,28,"3,9","12,5",04:50,,,,,
2026-02-10,0009X,ALFORJA,TARRAGONA,406,"14,6","0,0","9,1",00:01,"20,0",11:34,27,"3,9","14,7",22:20,,,,,
2026-02-11,0009X,ALFORJA,TARRAGONA,406,"15,4","1,6","12,0",18:49,"18,7",12:29,26,"5,6","16,4",10:50,,,,,
2026-02-12,0009X,ALFORJA,TARRAGONA,406,"13,2","0,0","10,8",06:58,"15,6",13:58,30,"5,8","21,1",11:50,,,,,
2026-02-13,0009X,ALFORJA,TARRAGONA,406,"9,6","20,2","7,1",04:19,"12,0",00:01,27,"2,8","22,5",23:40,,,,,
2026-02-14,0009X,ALFORJA,TARRAGONA,406,"9,6","0,0","6,0",23:59,"13,3",14:41,26,"8,9","22,5",05:20,,,,,
2026-02-15,0009X,ALFORJA,TARRAGONA,406,"9,0","0,0","4,5",Varias,"13,6",13:38,28,"7,2","17,2",04:00,,,,,
2026-02-16,0009X,ALFORJA,TARRAGONA,406,"14,3","0,0","10,6",00:01,"18,0",14:16,24,"8,1","25,8",23:10,,,,,
2026-02-17,0009X,ALFORJA,TARRAGONA,406,"14,5","0,0","10,3",23:51,"18,7",14:34,23,"4,2","18,9",02:00,,,,,
2026-02-18,0009X,ALFORJA,TARRAGONA,406,"11,2","0,0","5,3",04:50,"17,0",14:04,26,"1,1","16,9",23:59,,,,,
2026-02-19,0009X,ALFORJA,TARRAGONA,406,"10,0","0,0","6,8",06:48,"13,2",13:38,30,"7,8","25,6",14:50,,,,,
2026-02-20,0009X,ALFORJA,TARRAGONA,406,"9,6","0,0","5,4",06:39,"13,7",15:29,26,"7,8","18,3",12:00,,,,,
2026-02-21,0009X,ALFORJA,TARRAGONA,406,"11,8","0,0","5,5",05:20,"18,2",14:30,27,"3,3","13,6",03:00,,,,,
2026-02-22,0009X,ALFORJA,TARRAGONA,406,"14,7","0,0","8,1",22:29,"21,3",14:24,28,"3,3","8,3",10:20,,,,,
2026-02-23,0009X,ALFORJA,TARRAGONA,406,"14,0","0,0","6,0",23:38,"22,1",14:12,24,"1,7","6,9",13:40,,,,,
2026-02-24,0009X,ALFORJA,TARRAGONA,406,"13,3","0,0","4,6",Varias,"22,0",Varias,10,"1,4","5,6",12:30,,,,,
2026-02-25,0009X,ALFORJA,TARRAGONA,406,"11,3","0,0","5,4",06:39,"17,2",13:53,11,"1,1","5,8",12:10,,,,,
2026-02-26,0009X,ALFORJA,TARRAGONA,406,"10,8","0,0","3,0",05:35,"18,7",12:57,11,"1,1","5,0",14:40,,,,,
2026-02-27,0009X,ALFORJA,TARRAGONA,406,"9,8","0,0","2,8",06:39,"16,9",12:53,10,"1,1","4,7",14:00,,,,,
2026-02-28,0009X,ALFORJA,TARRAGONA,406,"9,5","0,4","7,9",Varias,"11,1",12:12,28,"1,1","4,2",16:00,,,,,
2026-03-01,0009X,ALFORJA,TARRAGONA,406,"10,0","0,0","5,2",19:18,"14,7",15:30,10,"1,4","5,3",14:40,,,,,
2026-03-02,0009X,ALFORJA,TARRAGONA,406,"8,6","0,6","4,5",04:01,"12,6",10:00,13,"1,4","5,3",12:10,,,,,
2026-03-03,0009X,ALFORJA,TARRAGONA,406,"12,3","0,0","7,4",06:07,"17,2",10:14,09,"1,7","10,3",12:10,,,,,
2026-03-04,0009X,ALFORJA,TARRAGONA,406,"13,1","0,0","9,6",03:00,"16,6",14:06,09,"3,3","10,0",12:40,,,,,
2026-03-05,0009X,ALFORJA,TARRAGONA,406,"12,4","32,4","11,2",Varias,"13,5",08:22,10,"0,8","10,6",04:50,,,,,
2026-03-06,0009X,ALFORJA,TARRAGONA,406,"11,6","43,4","9,4",21:10,"13,8",15:16,99,"3,1","10,0",Varias,,,,,
2026-03-07,0009X,ALFORJA,TARRAGONA,406,"9,1","21,2","6,2",23:58,"12,0",10:31,08,"1,9","11,4",00:50,,,,,
2026-03-08,0009X,ALFORJA,TARRAGONA,406,"9,6","3,4","5,0",06:22,"14,2",13:31,99,"1,1","5,0",13:40,,,,,
2026-03-09,0009X,ALFORJA,TARRAGONA,406,"10,0","4,8","4,9",23:36,"15,2",13:15,19,"1,4","5,3",15:30,,,,,
2026-03-10,0009X,ALFORJA,TARRAGONA,406,"8,4","0,0","3,6",05:15,"13,3",15:14,13,"1,1","4,4",12:30,,,,,
2026-03-13,0009X,ALFORJA,TARRAGONA,406,"11,5","0,4","4,7",04:21,"18,3",13:36,11,"1,1","6,4",13:10,,,,,
2026-03-14,0009X,ALFORJA,TARRAGONA,406,"10,4","0,0","5,6",23:30,"15,1",12:55,26,"4,2","17,5",13:40,,,,,
2026-03-15,0009X,ALFORJA,TARRAGONA,406,"9,4","0,0","2,9",05:47,"15,9",14:40,27,"6,1","17,8",10:50,,,,,
2026-03-16,0009X,ALFORJA,TARRAGONA,406,"11,8","0,0","5,1",Varias,"18,5",14:44,28,"6,4","16,7",06:30,,,,,
2026-03-17,0009X,ALFORJA,TARRAGONA,406,"12,4","0,0","4,2",23:58,"20,6",13:11,28,"1,1","9,2",00:30,,,,,
2026-03-18,0009X,ALFORJA,TARRAGONA,406,"10,6","0,6","2,5",05:58,"18,6",13:07,09,"2,2","8,9",23:10,,,,,
2026-03-19,0009X,ALFORJA,TARRAGONA,406,"9,5","0,0","3,7",24:00,"15,3",12:42,08,"1,4","7,2",02:10,,,,,
2026-03-20,0009X,ALFORJA,TARRAGONA,406,"8,8","0,0","0,9",05:43,"16,6",11:52,15,"1,7","8,3",14:10,,,,,
2026-03-21,0009X,ALFORJA,TARRAGONA,406,"9,1","0,0","1,0",05:15,"17,2",12:32,11,"1,1","6,4",14:10,,,,,
2026-03-22,0009X,ALFORJA,TARRAGONA,406,"10,1","0,0","1,1",03:19,"19,1",13:09,23,"2,2","7,8",14:00,,,,,
2026-03-23,0009X,ALFORJA,TARRAGONA,406,"11,0","0,0","4,1",01:13,"17,9",13:38,23,"2,2","7,2",12:50,,,,,
2026-03-24,0009X,ALFORJA,TARRAGONA,406,"12,1","0,0","4,8",22:49,"19,4",12:43,32,"2,2","9,2",12:50,,,,,
2026-03-25,0009X,ALFORJA,TARRAGONA,406,"12,0","0,0","4,1",05:06,"20,0",15:01,28,"5,8","20,3",21:30,,,,,
2026-03-26,0009X,ALFORJA,TARRAGONA,406,"10,5","0,0","4,9",05:58,"16,1",14:11,26,"6,1","17,2",00:50,,,,,
2026-03-27,0009X,ALFORJA,TARRAGONA,406,"10,6","0,0","3,3",05:50,"17,8",16:10,28,"5,0","16,1",10:00,,,,,
2026-03-28,0009X,ALFORJA,TARRAGONA,406,"11,0","0,4","4,4",05:28,"17,6",13:59,28,"5,6","15,8",07:30,,,,,
2026-03-29,0009X,ALFORJA,TARRAGONA,406,"10,2","0,0","5,2",05:58,"15,1",14:49,27,"5,0","18,9",05:30,,,,,
2026-03-30,0009X,ALFORJA,TARRAGONA,406,"11,0","0,0","3,7",05:17,"18,3",13:54,28,"6,4","15,8",10:20,,,,,
2026-03-31,0009X,ALFORJA,TARRAGONA,406,"15,2","0,0","8,5",23:48,"21,9",14:52,28,"4,2","13,1",05:40,,,,,
2026-04-01,0009X,ALFORJA,TARRAGONA,406,"13,2","0,0","6,2",05:35,"20,1",15:14,26,"4,4","16,9",14:40,,,,,
2026-04-02,0009X,ALFORJA,TARRAGONA,406,"13,0","0,0","8,2",05:19,"17,7",13:25,29,"6,9","17,5",13:20,,,,,
2026-04-03,0009X,ALFORJA,TARRAGONA,406,"12,6","0,0","6,8",05:37,"18,4",15:14,29,"6,1","15,3",00:50,,,,,
2026-04-04,0009X,ALFORJA,TARRAGONA,406,"16,0","0,0","7,9",Varias,"24,2",12:33,27,"2,8","10,0",00:50,,,,,
2026-04-05,0009X,ALFORJA,TARRAGONA,406,"15,4","0,0","6,9",03:37,"24,0",12:47,09,"1,4","6,4",13:10,,,,,
2026-04-06,0009X,ALFORJA,TARRAGONA,406,"14,3","0,0","6,2",Varias,"22,4",12:37,14,"1,1","6,1",15:30,,,,,
2026-04-07,0009X,ALFORJA,TARRAGONA,406,"14,7","0,0","5,6",02:38,"23,8",12:51,99,"1,4","5,6",Varias,,,,,
2026-04-08,0009X,ALFORJA,TARRAGONA,406,"16,9","0,0","7,2",05:16,"26,6",12:57,10,"1,1","6,1",13:10,,,,,
2026-04-09,0009X,ALFORJA,TARRAGONA,406,"18,4","0,0","9,6",04:41,"27,3",13:05,99,"1,1","5,3",Varias,,,,,
2026-04-10,0009X,ALFORJA,TARRAGONA,406,"19,2","0,0","10,4",00:48,"28,0",12:53,22,"2,5","9,4",05:40,,,,,
2026-04-11,0009X,ALFORJA,TARRAGONA,406,"18,2","0,0","10,4",04:21,"26,1",11:14,28,"1,4","8,9",23:20,,,,,
2026-04-12,0009X,ALFORJA,TARRAGONA,406,"9,6","12,6","5,8",23:58,"13,4",00:01,26,"6,9","13,6",11:40,,,,,
2026-04-13,0009X,ALFORJA,TARRAGONA,406,"11,3","0,0","4,5",Varias,"18,1",13:45,28,"5,3","14,2",03:40,,,,,
2026-04-14,0009X,ALFORJA,TARRAGONA,406,"13,3","0,0","5,0",05:17,"21,6",15:23,26,"3,6","11,1",01:20,,,,,
2026-04-15,0009X,ALFORJA,TARRAGONA,406,"13,9","0,0","5,5",00:01,"22,3",14:01,27,"2,8","11,9",08:00,,,,,
2026-04-16,0009X,ALFORJA,TARRAGONA,406,"16,4","0,0","8,4",02:09,"24,4",12:22,29,"2,2","7,2",08:00,,,,,
2026-04-17,0009X,ALFORJA,TARRAGONA,406,"16,8","0,0","7,3",05:20,"26,2",13:41,10,"1,1","5,8",14:40,,,,,
2026-04-18,0009X,ALFORJA,TARRAGONA,406,"17,6","0,0","9,4",00:56,"25,9",12:10,12,"1,7","5,8",12:00,,,,,
2026-04-19,0009X,ALFORJA,TARRAGONA,406,"18,7","0,0","10,9",01:49,"26,5",14:02,11,"1,4","6,4",12:50,,,,,
2026-04-20,0009X,ALFORJA,TARRAGONA,406,"18,0","0,0","10,0",04:59,"26,0",11:54,09,"1,9","6,4",12:10,,,,,
2026-04-21,0009X,ALFORJA,TARRAGONA,406,"17,1","0,0","8,5",05:03,"25,7",12:25,09,"1,4","5,8",12:10,,,,,
2026-04-22,0009X,ALFORJA,TARRAGONA,406,"18,4","0,0","10,1",01:37,"26,8",12:49,10,"1,7","6,4",19:10,,,,,
2026-04-23,0009X,ALFORJA,TARRAGONA,406,"16,4","0,0","11,3",04:48,"21,4",11:30,12,"3,1","9,2",12:00,,,,,
2026-04-24,0009X,ALFORJA,TARRAGONA,406,"15,2","0,0","8,6",23:06,"21,7",11:14,08,"1,7","6,7",13:10,,,,,
2026-04-25,0009X,ALFORJA,TARRAGONA,406,"16,2","0,0","7,3",04:57,"25,2",11:52,10,"1,4","6,7",13:40,,,,,
2026-04-26,0009X,ALFORJA,TARRAGONA,406,"17,8","0,0","9,7",23:39,"26,0",11:51,15,"1,7","6,9",12:20,,,,,
2026-04-27,0009X,ALFORJA,TARRAGONA,406,"17,0","0,0","8,0",23:58,"26,1",12:04,08,"1,7","6,7",12:50,,,,,
2026-04-28,0009X,ALFORJA,TARRAGONA,406,"16,4","0,6","7,1",03:38,"25,6",13:22,10,"1,9","6,7",15:00,,,,,
2026-04-29,0009X,ALFORJA,TARRAGONA,406,"17,0","0,0","11,2",24:00,"22,8",13:56,12,"2,5","8,9",12:40,,,,,
2026-04-30,0009X,ALFORJA,TARRAGONA,406,"17,4","0,0","9,9",Varias,"24,9",12:24,15,"2,2","8,3",14:50,,,,,
2026-05-01,0009X,ALFORJA,TARRAGONA,406,"17,2","4,8","11,3",05:09,"23,1",11:36,14,"3,3","10,3",14:00,,,,,
2026-05-02,0009X,ALFORJA,TARRAGONA,406,"15,8","0,8","12,8",06:16,"18,7",11:27,99,"2,2","7,8",14:40,,,,,
2026-05-03,0009X,ALFORJA,TARRAGONA,406,"14,7","0,2","9,9",23:58,"19,5",14:03,99,"2,2","6,4",Varias,,,,,
2026-05-04,0009X,ALFORJA,TARRAGONA,406,"15,7","6,8","9,6",00:18,"21,8",10:16,30,"0,8","9,4",18:50,,,,,
2026-05-05,0009X,ALFORJA,TARRAGONA,406,"15,0","0,8","9,8",22:04,"20,3",12:28,36,"1,7","10,3",21:40,,,,,
2026-05-06,0009X,ALFORJA,TARRAGONA,406,"14,8","0,0","8,4",23:50,"21,2",14:15,27,"3,6","11,7",07:40,,,,,
2026-05-07,0009X,ALFORJA,TARRAGONA,406,"14,1","0,0","7,3",04:30,"20,9",13:34,12,"1,9","7,5",13:00,,,,,
2026-05-08,0009X,ALFORJA,TARRAGONA,406,"13,4","0,0","6,0",03:37,"20,7",13:57,12,"1,7","7,8",13:20,,,,,
2026-05-09,0009X,ALFORJA,TARRAGONA,406,"13,0","11,6","9,3",23:43,"16,8",08:51,12,"1,4","8,1",15:30,,,,,
2026-05-10,0009X,ALFORJA,TARRAGONA,406,"16,0","2,0","8,9",05:19,"23,1",14:16,29,"1,7","8,6",20:30,,,,,
2026-05-11,0009X,ALFORJA,TARRAGONA,406,"18,0","0,0","12,3",04:36,"23,8",14:51,26,"3,6","12,2",11:50,,,,,
2026-05-12,0009X,ALFORJA,TARRAGONA,406,"18,9","3,2","12,6",23:57,"25,2",11:44,26,"3,1","11,4",18:30,,,,,
2026-05-13,0009X,ALFORJA,TARRAGONA,406,"15,6","0,0","9,5",05:07,"21,7",14:01,28,"5,8","15,0",06:50,,,,,
2026-05-14,0009X,ALFORJA,TARRAGONA,406,"15,8","0,0","10,9",04:38,"20,8",13:48,32,"5,6","18,1",12:20,,,,,
2026-05-15,0009X,ALFORJA,TARRAGONA,406,"14,4","0,0","9,3",24:00,"19,6",15:28,29,"5,0","14,2",09:00,,,,,
2026-05-16,0009X,ALFORJA,TARRAGONA,406,"14,0","0,0","6,9",03:47,"21,2",14:21,27,"4,2","12,2",10:00,,,,,
2026-05-17,0009X,ALFORJA,TARRAGONA,406,"15,0","0,0","7,4",00:23,"22,5",11:42,15,"3,1","8,1",12:00,,,,,
2026-05-18,0009X,ALFORJA,TARRAGONA,406,"16,2","0,0","10,8",01:25,"21,7",12:47,10,"1,7","6,9",14:10,,,,,
2026-05-19,0009X,ALFORJA,TARRAGONA,406,"18,2","0,0","11,3",00:37,"25,2",13:02,08,"1,9","8,1",13:20,,,,,
2026-05-20,0009X,ALFORJA,TARRAGONA,406,"18,4","0,0","10,4",04:09,"26,5",12:22,12,"1,7","7,5",11:00,,,,,
2026-05-21,0009X,ALFORJA,TARRAGONA,406,"19,2","0,0","9,8",02:46,"28,7",11:53,11,"1,4","6,7",15:00,,,,,
2026-05-22,0009X,ALFORJA,TARRAGONA,406,"20,8","0,0","11,8",02:54,"29,9",12:01,10,"1,7","6,7",12:20,,,,,
2026-05-23,0009X,ALFORJA,TARRAGONA,406,"20,8","0,0","12,7",02:20,"29,0",13:11,12,"1,4","6,4",11:50,,,,,
2026-05-24,0009X,ALFORJA,TARRAGONA,406,"21,6","0,0","13,0",04:16,"30,3",11:34,13,"1,7","7,2",12:40,,,,,
2026-05-25,0009X,ALFORJA,TARRAGONA,406,"21,4","0,0","12,5",22:54,"30,2",12:19,14,"2,8","8,3",15:00,,,,,
2026-05-26,0009X,ALFORJA,TARRAGONA,406,"20,9","0,0","11,5",03:19,"30,3",12:53,10,"1,7","6,7",11:40,,,,,
2026-05-27,0009X,ALFORJA,TARRAGONA,406,"21,8","0,0","12,3",02:20,"31,2",13:53,10,"1,7","6,4",14:40,,,,,
2026-05-28,0009X,ALFORJA,TARRAGONA,406,"25,0","0,0","14,9",00:25,"35,0",11:35,12,"1,4","7,5",11:20,,,,,
2026-05-29,0009X,ALFORJA,TARRAGONA,406,"24,2","0,0","15,9",23:35,"32,6",10:11,12,"2,2","6,9",12:10,,,,,
2026-05-30,0009X,ALFORJA,TARRAGONA,406,"22,6","0,0","14,6",04:20,"30,6",11:59,10,"1,9","6,9",13:30,,,,,
2026-05-31,0009X,ALFORJA,TARRAGONA,406,"23,0","0,0","14,6",03:07,"31,5",10:24,32,"2,8","8,6",07:10,,,,,
2026-06-01,0009X,ALFORJA,TARRAGONA,406,"21,9","0,0","15,8",00:01,"28,0",13:11,13,"1,9","7,5",11:10,,,,,
2026-06-02,0009X,ALFORJA,TARRAGONA,406,"22,6","0,0","14,9",04:48,"30,4",15:50,28,"1,9","10,6",23:50,,,,,
2026-06-03,0009X,ALFORJA,TARRAGONA,406,"21,5","0,0","14,5",04:37,"28,5",14:06,28,"3,9","13,9",03:30,,,,,
2026-06-04,0009X,ALFORJA,TARRAGONA,406,"21,3","7,2","15,7",22:09,"26,9",13:31,29,"1,4","10,8",19:00,,,,,
2026-06-05,0009X,ALFORJA,TARRAGONA,406,"17,8","0,2","13,0",01:51,"22,7",13:27,14,"2,5","7,5",12:30,,,,,
2026-06-06,0009X,ALFORJA,TARRAGONA,406,"20,7","0,2","15,1",Varias,"26,3",12:48,12,"1,4","5,8",10:20,,,,,
2026-06-07,0009X,ALFORJA,TARRAGONA,406,"20,3","0,0","13,6",23:58,"27,0",14:05,10,"2,2","7,5",10:50,,,,,
2026-06-08,0009X,ALFORJA,TARRAGONA,406,"20,8","0,0","12,9",02:39,"28,7",12:14,11,"1,9","6,4",10:40,,,,,
2026-06-09,0009X,ALFORJA,TARRAGONA,406,"21,2","3,8","16,1",04:30,"26,3",14:41,09,"2,5","7,8",15:20,,,,,
2026-06-10,0009X,ALFORJA,TARRAGONA,406,"19,4","0,0","11,6",04:31,"27,3",15:34,27,"4,7","12,2",06:20,,,,,
2026-06-11,0009X,ALFORJA,TARRAGONA,406,"20,4","0,0","13,0",03:48,"27,8",14:05,28,"3,6","12,2",04:50,,,,,
2026-06-12,0009X,ALFORJA,TARRAGONA,406,"21,1","0,0","12,7",03:51,"29,5",12:04,08,"2,5","8,6",10:40,,,,,
2026-06-13,0009X,ALFORJA,TARRAGONA,406,"24,0","0,0","14,9",03:56,"33,0",13:10,12,"1,9","7,8",10:00,,,,,
2026-06-14,0009X,ALFORJA,TARRAGONA,406,"24,4","0,0","15,5",02:00,"33,4",11:38,15,"1,7","6,4",12:40,,,,,
2026-06-15,0009X,ALFORJA,TARRAGONA,406,"23,9","0,0","15,8",03:04,"32,0",08:48,08,"3,1","8,6",10:20,,,,,
2026-06-16,0009X,ALFORJA,TARRAGONA,406,"24,8","0,0","16,0",23:59,"33,5",11:51,13,"1,9","8,1",13:20,,,,,
2026-06-17,0009X,ALFORJA,TARRAGONA,406,"24,4","0,0","15,2",03:58,"33,7",13:01,12,"1,9","7,2",12:20,,,,,
2026-06-18,0009X,ALFORJA,TARRAGONA,406,"22,7","0,4","14,7",04:49,"30,7",12:40,08,"2,2","8,6",14:40,,,,,
2026-06-19,0009X,ALFORJA,TARRAGONA,406,"22,9","0,0","14,2",04:07,"31,6",12:10,14,"2,5","8,9",12:30,,,,,
2026-06-20,0009X,ALFORJA,TARRAGONA,406,"25,2","0,0","16,8",04:07,"33,5",11:14,10,"2,2","8,9",15:50,,,,,
2026-06-21,0009X,ALFORJA,TARRAGONA,406,"27,0","0,0","17,4",03:49,"36,6",12:04,11,"1,7","7,8",13:20,,,,,
2026-06-22,0009X,ALFORJA,TARRAGONA,406,"28,0","0,0","19,5",00:11,"36,6",11:28,08,"1,4","7,2",12:30,,,,,
2026-06-23,0009X,ALFORJA,TARRAGONA,406,"27,3","0,0","17,8",04:23,"36,8",12:28,11,"1,7","6,7",12:40,,,,,
2026-06-24,0009X,ALFORJA,TARRAGONA,406,"27,0","0,0","17,6",23:59,"36,4",12:57,09,"2,2","7,2",12:20,,,,,
2026-06-25,0009X,ALFORJA,TARRAGONA,406,"25,3","0,0","16,5",04:27,"34,1",13:31,12,"1,7","8,3",14:20,,,,,
2026-06-26,0009X,ALFORJA,TARRAGONA,406,"25,4","0,0","17,4",04:39,"33,4",14:19,12,"2,2","8,1",15:30,,,,,
2026-06-27,0009X,ALFORJA,TARRAGONA,406,"25,4","0,0","17,5",00:57,"33,4",12:36,10,"2,5","8,1",11:50,,,,,
2026-06-28,0009X,ALFORJA,TARRAGONA,406,"26,6","0,0","18,1",04:42,"35,2",13:02,99,"1,7","13,9",21:40,,,,,
2026-06-29,0009X,ALFORJA,TARRAGONA,406,"27,2","0,0","19,6",23:56,"34,8",13:50,24,"3,3","11,4",05:50,,,,,
2026-06-30,0009X,ALFORJA,TARRAGONA,406,"28,3","0,0","19,6",00:01,"37,0",14:23,27,"3,1","9,4",05:50,,,,,
2026-07-01,0009X,ALFORJA,TARRAGONA,406,"26,0","0,0","18,7",04:33,"33,2",15:37,26,"4,7","12,8",07:40,,,,,
2026-07-02,0009X,ALFORJA,TARRAGONA,406,"25,3","0,0","17,0",04:37,"33,6",15:00,26,"4,4","13,6",08:10,,,,,
2026-07-03,0009X,ALFORJA,TARRAGONA,406,"26,2","0,0","17,8",04:58,"34,7",13:29,25,"4,2","11,9",06:10,,,,,
2026-07-04,0009X,ALFORJA,TARRAGONA,406,"26,4","0,0","18,4",00:37,"34,4",12:48,28,"3,6","10,8",05:10,,,,,
2026-07-05,0009X,ALFORJA,TARRAGONA,406,"27,6","0,0","19,4",Varias,"35,7",12:50,14,"3,3","9,2",11:00,,,,,
2026-07-06,0009X,ALFORJA,TARRAGONA,406,"27,4","0,0","17,8",02:36,"37,1",11:24,12,"1,7","9,2",11:30,,,,,
2026-07-07,0009X,ALFORJA,TARRAGONA,406,"27,2","0,0","17,2",04:16,"37,2",13:33,09,"1,7","7,2",13:00,,,,,
2026-07-08,0009X,ALFORJA,TARRAGONA,406,"30,4","0,0","21,0",05:08,"39,7",12:45,31,"2,5","8,3",01:10,,,,,
2026-07-09,0009X,ALFORJA,TARRAGONA,406,"28,6","0,0","19,4",23:56,"37,7",13:03,14,"1,9","8,6",11:50,,,,,
2026-07-10,0009X,ALFORJA,TARRAGONA,406,"26,6","0,0","18,1",04:07,"35,1",10:54,11,"2,2","9,4",11:50,,,,,
2026-07-11,0009X,ALFORJA,TARRAGONA,406,"24,8","0,0","17,4",04:11,"32,2",10:29,12,"1,9","7,5",12:20,,,,,
2026-07-12,0009X,ALFORJA,TARRAGONA,406,"25,4","0,0","18,5",04:52,"32,2",10:11,13,"3,6","10,0",11:50,,,,,
2026-07-13,0009X,ALFORJA,TARRAGONA,406,"26,6","0,0","18,7",04:48,"34,6",14:16,11,"1,7","7,2",10:50,,,,,
2026-07-14,0009X,ALFORJA,TARRAGONA,406,"26,6","0,0","21,2",23:59,"32,1",14:27,09,"1,7","6,1",14:40,,,,,
2026-07-15,0009X,ALFORJA,TARRAGONA,406,"29,0","0,0","20,3",03:20,"37,8",09:39,24,"1,4","8,9",08:00,,,,,
2026-07-16,0009X,ALFORJA,TARRAGONA,406,"26,6","0,0","20,4",23:37,"32,8",09:55,13,"2,2","10,0",11:00,,,,,
2026-07-17,0009X,ALFORJA,TARRAGONA,406,"27,2","0,0","20,1",02:37,"34,4",12:27,28,"1,7","10,3",04:20,,,,,
2026-07-18,0009X,ALFORJA,TARRAGONA,406,"26,6","0,0","20,2",00:06,"33,0",12:30,12,"1,9","7,8",14:10,,,,,
2026-07-19,0009X,ALFORJA,TARRAGONA,406,"27,2","0,0","20,2",04:16,"34,1",10:18,99,"1,7","7,8",Varias,,,,,
2026-07-20,0009X,ALFORJA,TARRAGONA,406,"27,4","5,4","19,8",05:02,"34,9",14:07,19,"1,4","8,3",15:20,,,,,
2026-07-21,0009X,ALFORJA,TARRAGONA,406,"27,6","0,0","21,0",02:55,"34,2",13:17,28,"1,4","10,8",05:10,,,,,
2026-07-22,0009X,ALFORJA,TARRAGONA,406,"26,4","0,0","19,4",23:54,"33,5",11:22,12,"1,9","6,9",12:40,,,,,
2026-07-23,0009X,ALFORJA,TARRAGONA,406,"26,6","0,0","18,3",04:09,"34,9",11:54,12,"1,4","6,7",11:00,,,,,
2026-07-24,0009X,ALFORJA,TARRAGONA,406,"26,8","0,0","20,5",04:26,"33,0",10:47,12,"2,8","8,9",11:50,,,,,
2026-07-25,0009X,ALFORJA,TARRAGONA,406,"27,6","0,0","20,9",24:00,"34,2",13:39,27,"3,1","14,2",23:59,,,,,
2026-07-26,0009X,ALFORJA,TARRAGONA,406,"23,9","0,0","17,3",05:10,"30,5",14:12,27,"5,0","15,0",02:40,,,,,
2026-07-27,0009X,ALFORJA,TARRAGONA,406,"25,2","0,0","17,8",22:35,"32,7",12:20,27,"3,1","10,0",04:10,,,,,
2026-07-28,0009X,ALFORJA,TARRAGONA,406,"24,4","0,0","16,2",04:52,"32,5",12:19,10,"1,9","7,2",13:10,,,,,
2026-07-29,0009X,ALFORJA,TARRAGONA,406,"25,6","0,0","18,2",04:09,"33,0",12:16,10,"1,9","6,7",11:40,,,,,
2026-07-30,0009X,ALFORJA,TARRAGONA,406,"26,3","0,0","18,5",04:50,"34,1",12:49,12,"1,9","6,7",11:50,,,,,
2026-07-31,0009X,ALFORJA,TARRAGONA,406,"26,2","0,0","19,8",05:07,"32,7",13:35,12,"1,9","7,8",12:40,,,,,
2026-08-01,0009X,ALFORJA,TARRAGONA,406,"26,2","0,0","20,2",05:21,"32,2",12:32,13,"2,2","7,8",12:10,,,,,
2026-08-02,0009X,ALFORJA,TARRAGONA,406,"27,2","0,0","20,4",03:09,"33,9",13:14,12,"2,2","7,5",13:50,,,,,
2026-08-03,0009X,ALFORJA,TARRAGONA,406,"26,4","0,0","21,8",24:00,"30,9",13:16,19,"1,9","7,5",16:00,,,,,
2026-08-04,0009X,ALFORJA,TARRAGONA,406,"27,0","0,0","20,0",02:06,"33,9",12:19,15,"1,7","7,8",11:30,,,,,
2026-08-05,0009X,ALFORJA,TARRAGONA,406,"26,6","0,0","18,8",03:53,"34,4",11:45,11,"2,8","8,9",14:20,,,,,
2026-08-06,0009X,ALFORJA,TARRAGONA,406,"27,3","0,0","21,0",03:50,"33,6",12:04,99,"3,1","7,5",Varias,,,,,
2026-08-07,0009X,ALFORJA,TARRAGONA,406,"27,4","0,0","20,3",03:36,"34,4",12:35,11,"2,2","7,5",11:30,,,,,
2026-08-08,0009X,ALFORJA,TARRAGONA,406,"26,6","0,0","20,0",03:45,"33,1",11:30,12,"1,9","7,8",10:50,,,,,
2026-08-09,0009X,ALFORJA,TARRAGONA,406,"28,2","0,0","21,1",05:31,"35,3",14:28,16,"1,1","8,3",11:10,,,,,
2026-08-10,0009X,ALFORJA,TARRAGONA,406,"26,6","0,0","19,8",03:58,"33,5",13:22,10,"2,5","7,5",14:40,,,,,
2026-08-11,0009X,ALFORJA,TARRAGONA,406,"26,8","0,0","20,1",03:32,"33,5",12:15,13,"1,7","7,8",10:20,,,,,
2026-08-12,0009X,ALFORJA,TARRAGONA,406,"27,0","0,0","18,9",05:15,"35,0",12:05,12,"1,9","6,9",14:50,,,,,
2026-08-13,0009X,ALFORJA,TARRAGONA,406,"28,1","0,0","18,3",Varias,"37,9",12:54,10,"1,4","7,8",14:10,,,,,
2026-08-14,0009X,ALFORJA,TARRAGONA,406,"28,5","0,0","20,4",04:35,"36,6",12:58,34,"1,1","8,9",19:10,,,,,
2026-08-15,0009X,ALFORJA,TARRAGONA,406,"26,9","0,0","19,6",04:27,"34,2",14:16,10,"0,8","7,2",16:50,,,,,
2026-08-16,0009X,ALFORJA,TARRAGONA,406,"27,6","0,0","20,1",23:50,"35,1",13:00,05,"1,9","8,9",13:20,,,,,
2026-08-17,0009X,ALFORJA,TARRAGONA,406,"28,0","0,0","20,2",00:01,"35,7",11:28,21,"1,7","8,6",11:10,,,,,
2026-08-18,0009X,ALFORJA,TARRAGONA,406,"28,6","0,0","20,4",02:17,"36,8",12:07,28,"2,5","9,2",04:00,,,,,
2026-08-19,0009X,ALFORJA,TARRAGONA,406,"28,0","0,0","19,7",05:06,"36,4",12:17,08,"1,9","7,5",13:00,,,,,
2026-08-20,0009X,ALFORJA,TARRAGONA,406,"29,1","0,0","22,5",23:57,"35,7",11:54,25,"1,9","10,6",22:10,,,,,
2026-08-21,0009X,ALFORJA,TARRAGONA,406,"24,9","2,4","18,4",05:46,"31,4",14:13,29,"3,3","11,9",14:40,,,,,
2026-08-22,0009X,ALFORJA,TARRAGONA,406,"23,4","0,2","19,1",23:40,"27,6",14:46,08,"2,2","6,7",12:30,,,,,
2026-08-23,0009X,ALFORJA,TARRAGONA,406,"25,4","0,0","19,4",00:01,"31,5",12:02,12,"1,7","9,2",13:10,,,,,
2026-08-24,0009X,ALFORJA,TARRAGONA,406,"22,2","31,6","16,1",15:33,"28,4",11:48,29,"1,9","10,8",15:20,,,,,
2026-08-25,0009X,ALFORJA,TARRAGONA,406,"25,6","0,0","18,3",23:57,"33,0",14:27,28,"3,3","10,8",08:30,,,,,
2026-08-26,0009X,ALFORJA,TARRAGONA,406,"24,0","0,4","18,3",00:01,"29,7",12:54,07,"2,2","7,8",15:00,,,,,
2026-08-27,0009X,ALFORJA,TARRAGONA,406,"26,7","0,0","21,3",21:17,"32,1",11:43,31,"1,1","13,6",23:50,,,,,
2026-08-28,0009X,ALFORJA,TARRAGONA,406,"22,6","0,0","17,1",24:00,"28,2",13:52,26,"4,2","13,9",06:20,,,,,
2026-08-29,0009X,ALFORJA,TARRAGONA,406,"21,8","0,0","13,5",04:56,"30,1",12:34,11,"1,7","7,2",12:20,,,,,
2026-08-30,0009X,ALFORJA,TARRAGONA,406,"23,0","0,0","14,9",04:57,"31,1",12:46,14,"1,1","6,7",11:30,,,,,
