fecha,indicativo,nombre,provincia,altitud,tmed,prec,tmin,horatmin,tmax,horatmax,dir,velmedia,racha,horaracha,sol,presMax,horaPresMax,presMin,horaPresMin
2014-03-01,1089U,RAMALES DE LA VICTORIA,CANTABRIA,80,"9,7","61,8","6,6",Varias,"12,8",16:14,30,"0,8","7,8",14:50,,,,,
2014-03-02,1089U,RAMALES DE LA VICTORIA,CANTABRIA,80,"10,8","22,2","7,2",23:57,"14,4",14:48,27,"0,6","15,0",Varias,,,,,
2014-03-03,1089U,RAMALES DE LA VICTORIA,CANTABRIA,80,"9,8","23,2","5,5",03:08,"14,1",11:54,28,"4,7","19,7",18:20,,,,,
2014-03-04,1089U,RAMALES DE LA VICTORIA,CANTABRIA,80,"10,2","7,4","7,4",05:57,"12,9",23:27,24,"0,8","12,5",00:40,,,,,
2014-03-05,1089U,RAMALES DE LA VICTORIA,CANTABRIA,80,"11,2","1,0","9,8",23:53,"12,7",00:01,28,"2,8","16,1",04:30,,,,,
2014-03-06,1089U,RAMALES DE LA VICTORIA,CANTABRIA,80,"11,2","0,0","4,3",Varias,"18,0",15:37,05,"0,8","5,3",11:50,,,,,
2014-03-07,1089U,RAMALES DE LA VICTORIA,CANTABRIA,80,"10,4","0,0","3,1",07:31,"17,7",13:37,06,"0,8","6,1",15:50,,,,,
2014-03-08,1089U,RAMALES DE LA VICTORIA,CANTABRIA,80,"14,6","0,0","3,7",07:24,"25,6",14:43,16,"0,6","8,6",21:00,,,,,
2014-03-09,1089U,RAMALES DE LA VICTORIA,CANTABRIA,80,"15,6","0,0","6,0",23:59,"25,3",15:21,10,"1,7","14,2",02:30,,,,,
2014-03-10,1089U,RAMALES DE LA VICTORIA,CANTABRIA,80,"12,2","0,0","2,1",06:58,"22,3",13:49,05,"1,1","5,3",12:50,,,,,
2014-03-11,1089U,RAMALES DE LA VICTORIA,CANTABRIA,80,"9,4","0,0","1,2",07:09,"17,5",14:52,06,"1,7","7,5",13:00,,,,,
2014-03-12,1089U,RAMALES DE LA VICTORIA,CANTABRIA,80,"14,6","0,0","5,6",23:58,"23,7",14:07,10,"0,8","7,2",11:40,,,,,
2014-03-13,1089U,RAMALES DE LA VICTORIA,CANTABRIA,80,"11,4","0,0","2,1",06:54,"20,8",14:02,07,"1,1","7,2",14:40,,,,,
2014-03-14,1089U,RAMALES DE LA VICTORIA,CANTABRIA,80,"11,2","0,0","2,1",06:29,"20,3",13:37,03,"1,1","6,4",14:50,,,,,
2014-03-15,1089U,RAMALES DE LA VICTORIA,CANTABRIA,80,"8,3","0,0","1,5",06:57,"15,1",14:31,28,"1,7","6,7",15:00,,,,,
2014-03-16,1089U,RAMALES DE LA VICTORIA,CANTABRIA,80,"10,8","0,0","1,8",06:37,"19,7",13:11,08,"1,4","6,4",15:10,,,,,
2014-03-17,1089U,RAMALES DE LA VICTORIA,CANTABRIA,80,"11,0","0,0","1,1",Varias,"20,9",14:06,06,"1,7","5,8",15:10,,,,,
2014-03-18,1089U,RAMALES DE LA VICTORIA,CANTABRIA,80,"10,8","0,2","8,9",23:32,"12,7",Varias,26,"1,4","6,1",13:50,,,,,
2014-03-19,1089U,RAMALES DE LA VICTORIA,CANTABRIA,80,"10,9","0,0","4,9",23:59,"16,9",14:45,04,"1,7","5,6",13:10,,,,,
2014-03-20,1089U,RAMALES DE LA VICTORIA,CANTABRIA,80,"13,4","0,0","2,8",06:28,"24,0",13:23,08,"1,9","6,4",15:00,,,,,
2014-03-29,1089U,RAMALES DE LA VICTORIA,CANTABRIA,80,"13,0","0,0","7,9",05:37,"18,2",11:13,10,"1,9","13,9",10:40,,,,,
2014-03-30,1089U,RAMALES DE LA VICTORIA,CANTABRIA,80,"15,3","0,0","10,7",01:47,"19,9",16:16,10,"1,9","11,9",12:20,,,,,
2014-03-31,1089U,RAMALES DE LA VICTORIA,CANTABRIA,80,"17,0","0,0","13,3",20:27,"20,8",16:17,16,"2,5","16,7",05:00,,,,,
2014-04-01,1089U,RAMALES DE LA VICTORIA,CANTABRIA,80,"19,0","0,0","15,9",23:44,"22,1",14:34,11,"3,1","15,3",13:00,,,,,
2014-04-02,1089U,RAMALES DE LA VICTORIA,CANTABRIA,80,"13,8","1,8","9,0",23:56,"18,7",15:37,07,"0,3","9,7",04:20,,,,,
2014-04-03,1089U,RAMALES DE LA VICTORIA,CANTABRIA,80,"9,4","3,6","6,9",03:30,"12,0",10:52,25,"1,7","8,6",12:20,,,,,
2014-04-04,1089U,RAMALES DE LA VICTORIA,CANTABRIA,80,"13,4","0,4","7,2",05:32,"19,6",12:56,04,"0,8","5,0",13:30,,,,,
2014-04-05,1089U,RAMALES DE LA VICTORIA,CANTABRIA,80,"16,0","0,2","9,7",01:45,"22,4",14:38,99,"1,1","4,4",Varias,,,,,
2014-04-06,1089U,RAMALES DE LA VICTORIA,CANTABRIA,80,"18,7",,"8,7",05:57,"28,7",14:23,10,"1,1","6,9",09:20,,,,,
2014-04-07,1089U,RAMALES DE LA VICTORIA,CANTABRIA,80,"18,8",,"10,7",00:56,"26,8",12:23,17,"3,1","12,2",03:40,,,,,
2014-04-08,1089U,RAMALES DE LA VICTORIA,CANTABRIA,80,"11,1",,"7,0",23:56,"15,2",17:06,02,"1,1","4,7",18:30,,,,,
2014-04-09,1089U,RAMALES DE LA VICTORIA,CANTABRIA,80,"13,5",,"6,2",01:07,"20,8",12:55,99,"1,7","6,4",Varias,,,,,
2014-04-10,1089U,RAMALES DE LA VICTORIA,CANTABRIA,80,"15,5",,"6,4",05:24,"24,6",12:37,08,"1,1","7,2",13:40,,,,,
2014-04-11,1089U,RAMALES DE LA VICTORIA,CANTABRIA,80,"14,0",,"11,1",23:58,"16,9",15:39,31,"0,8","7,5",15:50,,,,,
2014-04-12,1089U,RAMALES DE LA VICTORIA,CANTABRIA,80,"12,0",,"7,4",23:57,"16,7",15:10,26,"0,8","7,2",16:40,,,,,
2014-04-13,1089U,RAMALES DE LA VICTORIA,CANTABRIA,80,"14,2",,"6,4",02:22,"22,1",14:12,07,"1,1","6,9",15:20,,,,,
2014-04-14,1089U,RAMALES DE LA VICTORIA,CANTABRIA,80,"14,2",,"6,1",02:51,"22,3",12:12,02,"1,7","7,5",13:30,,,,,
2014-04-15,1089U,RAMALES DE LA VICTORIA,CANTABRIA,80,"16,3",,"8,1",05:51,"24,5",12:44,07,"1,7","6,9",13:20,,,,,
2014-04-16,1089U,RAMALES DE LA VICTORIA,CANTABRIA,80,"16,6",,"6,6",05:26,"26,6",13:50,06,"1,7","6,4",Varias,,,,,
2014-04-17,1089U,RAMALES DE LA VICTORIA,CANTABRIA,80,"14,6",,"6,1",05:30,"23,0",12:26,04,"1,4","7,5",13:40,,,,,
2014-04-18,1089U,RAMALES DE LA VICTORIA,CANTABRIA,80,"16,0",,"6,8",Varias,"25,2",13:34,06,"1,7","7,8",14:30,,,,,
2014-04-19,1089U,RAMALES DE LA VICTORIA,CANTABRIA,80,"12,4",,"4,1",05:38,"20,6",12:58,06,"1,1","7,2",13:20,,,,,
2014-04-20,1089U,RAMALES DE LA VICTORIA,CANTABRIA,80,"12,7",,"10,0",06:09,"15,4",14:12,05,"0,6","2,8",14:20,,,,,
2014-04-21,1089U,RAMALES DE LA VICTORIA,CANTABRIA,80,"14,0",,"10,5",Varias,"17,5",10:55,04,"0,3","4,4",13:20,,,,,
2014-04-22,1089U,RAMALES DE LA VICTORIA,CANTABRIA,80,"13,0",,"8,3",23:56,"17,6",17:06,08,"0,8","3,6",20:10,,,,,
2014-04-23,1089U,RAMALES DE LA VICTORIA,CANTABRIA,80,"14,8",,"7,4",01:18,"22,1",09:55,29,"2,2","11,1",07:10,,,,,
2014-04-24,1089U,RAMALES DE LA VICTORIA,CANTABRIA,80,"15,0",,"8,9",22:34,"21,1",11:06,25,"1,9","11,7",17:30,,,,,
2014-04-25,1089U,RAMALES DE LA VICTORIA,CANTABRIA,80,"14,0",,"9,3",01:01,"18,8",14:34,34,"1,7","8,1",08:00,,,,,
2014-04-26,1089U,RAMALES DE LA VICTORIA,CANTABRIA,80,"13,3",,"10,4",00:39,"16,2",04:43,15,"1,9","10,8",06:00,,,,,
2014-04-27,1089U,RAMALES DE LA VICTORIA,CANTABRIA,80,"12,9",,"8,2",03:10,"17,6",14:39,99,"1,9","10,0",Varias,,,,,
2014-04-28,1089U,RAMALES DE LA VICTORIA,CANTABRIA,80,"12,5",,"10,2",Varias,"14,8",13:06,30,"0,3","5,3",16:10,,,,,
2014-04-29,1089U,RAMALES DE LA VICTORIA,CANTABRIA,80,"14,2",,"9,4",05:37,"18,9",16:01,28,"0,6","5,6",16:50,,,,,
2014-04-30,1089U,RAMALES DE LA VICTORIA,CANTABRIA,80,"16,4",,"11,8",05:21,"21,1",13:15,28,"1,1","5,8",04:20,,,,,
2014-05-01,1089U,RAMALES DE LA VICTORIA,CANTABRIA,80,"13,8",,"11,4",23:57,"16,1",12:05,28,"1,1","7,2",10:20,,,,,
2014-05-02,1089U,RAMALES DE LA VICTORIA,CANTABRIA,80,"12,8",,"10,3",23:39,"15,4",13:30,22,"1,7","7,2",13:40,,,,,
2014-05-03,1089U,RAMALES DE LA VICTORIA,CANTABRIA,80,"12,4",,"7,3",23:58,"17,4",12:13,07,"1,1","7,2",14:10,,,,,
2014-05-04,1089U,RAMALES DE LA VICTORIA,CANTABRIA,80,"12,4",,"4,0",05:12,"20,8",14:48,99,"1,7","5,8",09:30,,,,,
2014-05-05,1089U,RAMALES DE LA VICTORIA,CANTABRIA,80,"16,8",,"4,9",04:36,"28,6",12:23,06,"1,4","6,7",12:30,,,,,
2014-05-06,1089U,RAMALES DE LA VICTORIA,CANTABRIA,80,"17,8",,"12,2",05:37,"23,5",14:32,08,"0,3","6,1",15:40,,,,,
2014-05-07,1089U,RAMALES DE LA VICTORIA,CANTABRIA,80,"17,4",,"12,2",02:04,"22,6",11:01,05,"1,1","6,4",14:50,,,,,
2014-05-08,1089U,RAMALES DE LA VICTORIA,CANTABRIA,80,"15,8",,"9,1",05:19,"22,5",11:27,08,"0,6","5,8",13:20,,,,,
2014-05-09,1089U,RAMALES DE LA VICTORIA,CANTABRIA,80,"14,4",,"8,3",03:18,"20,4",12:53,08,"0,8","5,0",14:50,,,,,
2014-05-10,1089U,RAMALES DE LA VICTORIA,CANTABRIA,80,"18,4",,"12,0",Varias,"24,8",12:41,06,"1,4","7,8",13:30,,,,,
2014-05-11,1089U,RAMALES DE LA VICTORIA,CANTABRIA,80,"13,8",,"9,5",23:53,"18,1",12:31,28,"1,9","7,2",02:00,,,,,
2014-05-12,1089U,RAMALES DE LA VICTORIA,CANTABRIA,80,"12,2",,"8,8",00:48,"15,6",12:38,02,"0,3","4,2",13:10,,,,,
2014-05-13,1089U,RAMALES DE LA VICTORIA,CANTABRIA,80,"11,4",,"6,0",23:55,"16,7",15:18,29,"1,9","8,3",11:00,,,,,
2014-05-14,1089U,RAMALES DE LA VICTORIA,CANTABRIA,80,"11,8",,"4,1",03:20,"19,6",13:55,05,"1,4","7,8",11:20,,,,,
2014-05-15,1089U,RAMALES DE LA VICTORIA,CANTABRIA,80,"14,2",,"6,4",04:34,"21,9",13:10,04,"1,4","8,3",17:10,,,,,
2014-05-16,1089U,RAMALES DE LA VICTORIA,CANTABRIA,80,"12,8",,"4,6",05:02,"21,1",13:09,05,"1,7","8,1",15:50,,,,,
2014-05-17,1089U,RAMALES DE LA VICTORIA,CANTABRIA,80,"13,4",,"4,6",05:00,"22,2",Varias,03,"1,1","7,2",14:40,,,,,
2014-05-18,1089U,RAMALES DE LA VICTORIA,CANTABRIA,80,"15,6",,"4,9",05:16,"26,4",14:12,05,"1,4","7,2",15:30,,,,,
2014-05-19,1089U,RAMALES DE LA VICTORIA,CANTABRIA,80,"16,0",,"9,5",03:17,"22,4",12:40,05,"1,4","7,8",12:20,,,,,
2014-05-20,1089U,RAMALES DE LA VICTORIA,CANTABRIA,80,"16,2",,"9,8",Varias,"22,7",15:14,08,"0,6","15,0",08:10,,,,,
2014-05-21,1089U,RAMALES DE LA VICTORIA,CANTABRIA,80,"15,7",,"8,7",Varias,"22,7",15:51,26,"2,5","24,4",22:50,,,,,
2014-05-22,1089U,RAMALES DE LA VICTORIA,CANTABRIA,80,"14,7",,"9,8",21:31,"19,6",13:45,26,"3,3","18,1",07:00,,,,,
2014-05-23,1089U,RAMALES DE LA VICTORIA,CANTABRIA,80,"12,1",,"7,5",05:55,"16,7",14:41,27,"1,4","15,0",03:30,,,,,
2014-05-24,1089U,RAMALES DE LA VICTORIA,CANTABRIA,80,"13,3",,"9,8",04:50,"16,8",11:21,33,"0,3","4,2",11:50,,,,,
2014-05-25,1089U,RAMALES DE LA VICTORIA,CANTABRIA,80,"11,4",,"9,1",23:58,"13,6",12:36,25,"0,8","6,1",13:40,,,,,
2014-05-26,1089U,RAMALES DE LA VICTORIA,CANTABRIA,80,"10,8",,"5,1",05:19,"16,6",10:37,30,"1,1","10,8",10:50,,,,,
2014-05-27,1089U,RAMALES DE LA VICTORIA,CANTABRIA,80,"15,2",,"9,5",04:49,"21,0",13:08,07,"1,1","6,7",13:10,,,,,
2014-05-28,1089U,RAMALES DE LA VICTORIA,CANTABRIA,80,"12,4",,"9,5",23:58,"15,3",12:30,04,"0,8","4,7",12:50,,,,,
2014-05-29,1089U,RAMALES DE LA VICTORIA,CANTABRIA,80,"13,8",,"8,0",05:10,"19,6",13:23,26,"0,8","4,2",17:00,,,,,
2014-05-30,1089U,RAMALES DE LA VICTORIA,CANTABRIA,80,"15,0",,"11,9",00:27,"18,1",16:10,27,"0,8","7,2",16:20,,,,,
2014-05-31,1089U,RAMALES DE LA VICTORIA,CANTABRIA,80,"13,8",,"10,7",23:10,"16,8",16:28,25,"1,4","7,5",17:30,,,,,
2014-06-01,1089U,RAMALES DE LA VICTORIA,CANTABRIA,80,"15,0","0,0","9,8",03:33,"20,2",14:43,07,"0,8","5,0",16:40,,,,,
2014-06-02,1089U,RAMALES DE LA VICTORIA,CANTABRIA,80,"16,8","0,0","10,7",05:28,"22,8",13:49,04,"1,1","6,7",14:00,,,,,
2014-06-03,1089U,RAMALES DE LA VICTORIA,CANTABRIA,80,"15,2",,"10,8",01:10,"19,7",09:49,05,"1,4","4,2",13:40,,,,,
2014-06-04,1089U,RAMALES DE LA VICTORIA,CANTABRIA,80,"13,9",,"12,0",Varias,"15,8",15:23,24,"1,7","10,6",04:00,,,,,
2014-06-05,1089U,RAMALES DE LA VICTORIA,CANTABRIA,80,"17,1","0,0","7,3",04:39,"26,9",12:40,03,"1,1","8,6",13:20,,,,,
2014-06-06,1089U,RAMALES DE LA VICTORIA,CANTABRIA,80,"21,8","0,0","11,3",03:44,"32,4",14:46,29,"2,5","17,8",17:30,,,,,
2014-06-07,1089U,RAMALES DE LA VICTORIA,CANTABRIA,80,"20,4","0,0","11,2",05:24,"29,5",15:29,14,"1,4","10,6",12:10,,,,,
2014-06-08,1089U,RAMALES DE LA VICTORIA,CANTABRIA,80,"20,2","0,0","9,8",04:43,"30,6",12:55,07,"1,9","7,5",13:10,,,,,
2014-06-09,1089U,RAMALES DE LA VICTORIA,CANTABRIA,80,"20,4","0,0","13,3",23:58,"27,5",12:29,22,"1,9","10,6",16:50,,,,,
2014-06-10,1089U,RAMALES DE LA VICTORIA,CANTABRIA,80,"15,6","0,0","11,6",03:35,"19,5",11:55,05,"0,8","5,8",15:00,,,,,
2014-06-11,1089U,RAMALES DE LA VICTORIA,CANTABRIA,80,"20,8","0,0","14,7",00:07,"26,9",15:04,07,"1,1","5,8",14:50,,,,,
2014-06-12,1089U,RAMALES DE LA VICTORIA,CANTABRIA,80,"22,7","0,0","15,0",05:25,"30,4",12:47,06,"1,4","7,8",14:30,,,,,
2014-06-13,1089U,RAMALES DE LA VICTORIA,CANTABRIA,80,,"0,0",,,,,04,"1,7","7,5",12:40,,,,,
2014-06-14,1089U,RAMALES DE LA VICTORIA,CANTABRIA,80,"20,4","0,0","16,0",03:47,"24,7",13:23,26,"1,9","8,3",12:50,,,,,
2014-06-15,1089U,RAMALES DE LA VICTORIA,CANTABRIA,80,"18,6","0,0","13,6",22:02,"23,5",13:07,07,"1,4","7,8",16:30,,,,,
2014-06-16,1089U,RAMALES DE LA VICTORIA,CANTABRIA,80,"17,8","0,0","12,0",23:52,"23,6",12:58,07,"1,7","6,7",11:40,,,,,
2014-06-17,1089U,RAMALES DE LA VICTORIA,CANTABRIA,80,"17,7","0,0","10,4",04:24,"25,0",11:14,02,"1,7","8,1",13:10,,,,,
2014-06-18,1089U,RAMALES DE LA VICTORIA,CANTABRIA,80,"17,2","0,0","8,9",04:48,"25,5",13:35,07,"1,4","7,8",15:50,,,,,
2014-06-19,1089U,RAMALES DE LA VICTORIA,CANTABRIA,80,"19,2","0,0","9,2",04:46,"29,3",12:30,06,"1,1","7,5",11:40,,,,,
2014-06-20,1089U,RAMALES DE LA VICTORIA,CANTABRIA,80,"23,6","23,6","14,4",04:56,"32,8",14:36,20,"0,8","11,9",16:20,,,,,
2014-06-21,1089U,RAMALES DE LA VICTORIA,CANTABRIA,80,"22,0","3,4","16,7",05:13,"27,3",11:54,06,"1,4","6,7",12:30,,,,,
2014-06-22,1089U,RAMALES DE LA VICTORIA,CANTABRIA,80,"22,0","0,0","16,9",04:30,"27,0",12:01,03,"0,8","6,7",13:50,,,,,
2014-06-23,1089U,RAMALES DE LA VICTORIA,CANTABRIA,80,"21,2","0,4","14,4",03:50,"27,9",11:56,05,"1,1","6,4",15:10,,,,,
2014-06-24,1089U,RAMALES DE LA VICTORIA,CANTABRIA,80,"19,4","0,0","16,0",23:46,"22,9",15:18,28,"1,4","6,7",18:50,,,,,
2014-06-25,1089U,RAMALES DE LA VICTORIA,CANTABRIA,80,"20,2","10,4","15,1",04:07,"25,2",12:57,07,"1,1","6,9",14:30,,,,,
2014-06-26,1089U,RAMALES DE LA VICTORIA,CANTABRIA,80,"19,4","0,0","15,5",03:18,"23,3",13:38,06,"1,1","5,3",15:00,,,,,
2014-06-27,1089U,RAMALES DE LA VICTORIA,CANTABRIA,80,"18,5","0,2","14,1",05:33,"22,9",10:00,04,"0,6","4,2",09:40,,,,,
2014-06-28,1089U,RAMALES DE LA VICTORIA,CANTABRIA,80,"19,0","6,4","12,5",23:59,"25,6",11:59,12,"2,8","12,5",09:20,,,,,
2014-06-29,1089U,RAMALES DE LA VICTORIA,CANTABRIA,80,"16,4","0,0","11,1",02:08,"21,6",13:10,23,"1,9","10,3",10:30,,,,,
2014-06-30,1089U,RAMALES DE LA VICTORIA,CANTABRIA,80,"18,0","0,6","9,3",05:01,"26,8",12:37,07,"0,8","6,9",14:20,,,,,
2014-07-01,1089U,RAMALES DE LA VICTORIA,CANTABRIA,80,"17,2","9,4","12,7",04:12,"21,8",09:39,28,"0,8","8,3",11:50,,,,,
2014-07-02,1089U,RAMALES DE LA VICTORIA,CANTABRIA,80,,"2,4",,,,,,"0,0",,,,,,,
2014-07-03,1089U,RAMALES DE LA VICTORIA,CANTABRIA,80,"20,3","0,4","15,2",03:55,"25,4",14:23,08,"0,8","7,5",14:50,,,,,
2014-07-04,1089U,RAMALES DE LA VICTORIA,CANTABRIA,80,"22,2","0,0","17,5",23:53,"27,0",14:19,28,"1,9","7,5",10:40,,,,,
2014-07-05,1089U,RAMALES DE LA VICTORIA,CANTABRIA,80,"21,4","0,0","16,1",05:01,"26,8",11:51,06,"0,8","6,7",13:30,,,,,
2014-07-06,1089U,RAMALES DE LA VICTORIA,CANTABRIA,80,"18,4","3,2","14,4",23:45,"22,4",08:45,32,"0,6","10,8",10:30,,,,,
2014-07-07,1089U,RAMALES DE LA VICTORIA,CANTABRIA,80,"17,2","1,0","13,6",Varias,"20,8",14:07,24,"1,7","7,5",10:50,,,,,
2014-07-08,1089U,RAMALES DE LA VICTORIA,CANTABRIA,80,"17,6","8,0","13,8",Varias,"21,3",16:24,32,"1,1","8,1",16:30,,,,,
2014-07-09,1089U,RAMALES DE LA VICTORIA,CANTABRIA,80,"16,7","0,2","12,8",23:59,"20,6",14:37,28,"1,7","6,9",09:30,,,,,
2014-07-10,1089U,RAMALES DE LA VICTORIA,CANTABRIA,80,"16,3","5,0","11,2",04:48,"21,4",14:12,26,"1,9","8,6",12:30,,,,,
2014-07-11,1089U,RAMALES DE LA VICTORIA,CANTABRIA,80,"16,8","3,0","14,4",04:00,"19,1",15:09,24,"1,7","4,4",Varias,,,,,
2014-07-12,1089U,RAMALES DE LA VICTORIA,CANTABRIA,80,"18,2","0,0","13,5",05:15,"22,9",15:30,08,"0,8","6,9",14:30,,,,,
2014-07-13,1089U,RAMALES DE LA VICTORIA,CANTABRIA,80,"18,7","4,2","11,3",05:08,"26,1",14:23,25,"1,1","7,2",15:10,,,,,
2014-07-14,1089U,RAMALES DE LA VICTORIA,CANTABRIA,80,"19,0","0,6","15,1",23:59,"23,0",16:51,06,"1,1","5,0",13:20,,,,,
2014-07-15,1089U,RAMALES DE LA VICTORIA,CANTABRIA,80,"21,2","0,0","14,4",Varias,"27,9",13:52,05,"1,4","6,7",15:20,,,,,
2014-07-16,1089U,RAMALES DE LA VICTORIA,CANTABRIA,80,"23,4","0,0","17,3",00:01,"29,5",14:22,04,"1,1","6,4",14:40,,,,,
2014-07-17,1089U,RAMALES DE LA VICTORIA,CANTABRIA,80,"26,3","0,0","18,4",05:22,"34,2",10:41,18,"1,4","8,6",08:20,,,,,
2014-07-18,1089U,RAMALES DE LA VICTORIA,CANTABRIA,80,"22,0","0,0","16,4",05:33,"27,6",12:23,06,"0,8","6,1",13:30,,,,,
2014-07-19,1089U,RAMALES DE LA VICTORIA,CANTABRIA,80,"22,6","3,6","16,0",05:17,"29,1",13:21,11,"1,4","10,3",07:30,,,,,
2014-07-20,1089U,RAMALES DE LA VICTORIA,CANTABRIA,80,"19,8","0,0","16,2",Varias,"23,3",11:38,24,"1,9","12,5",16:10,,,,,
2014-07-21,1089U,RAMALES DE LA VICTORIA,CANTABRIA,80,"18,6","0,0","13,8",23:56,"23,5",13:25,08,"0,8","5,8",10:40,,,,,
2014-07-22,1089U,RAMALES DE LA VICTORIA,CANTABRIA,80,"19,6","0,0","11,7",02:46,"27,4",12:39,05,"1,1","7,2",13:10,,,,,
2014-07-23,1089U,RAMALES DE LA VICTORIA,CANTABRIA,80,"22,9","0,0","15,1",00:01,"30,7",12:49,03,"1,4","7,5",14:30,,,,,
2014-07-24,1089U,RAMALES DE LA VICTORIA,CANTABRIA,80,"20,6","7,2","14,2",05:16,"27,0",11:58,03,"1,1","6,1",13:20,,,,,
2014-07-25,1089U,RAMALES DE LA VICTORIA,CANTABRIA,80,"22,6","0,0","17,8",05:35,"27,4",12:17,05,"1,4","6,9",14:10,,,,,
2014-07-26,1089U,RAMALES DE LA VICTORIA,CANTABRIA,80,,"0,0",,,,,,,,,,,,,
2014-07-27,1089U,RAMALES DE LA VICTORIA,CANTABRIA,80,"22,6","0,4","15,6",02:37,"29,5",14:45,36,"0,8","6,9",15:30,,,,,
2014-07-28,1089U,RAMALES DE LA VICTORIA,CANTABRIA,80,"19,9","7,8","15,8",Varias,"24,0",13:50,27,"1,1","6,7",14:10,,,,,
2014-07-29,1089U,RAMALES DE LA VICTORIA,CANTABRIA,80,"19,5","1,0","15,5",22:35,"23,5",15:41,28,"1,9","8,6",11:50,,,,,
2014-07-30,1089U,RAMALES DE LA VICTORIA,CANTABRIA,80,"19,4","0,0","12,2",05:37,"26,5",13:59,04,"1,4","6,1",12:50,,,,,
2014-07-31,1089U,RAMALES DE LA VICTORIA,CANTABRIA,80,"21,4","0,0","13,9",04:12,"29,0",12:43,06,"0,8","7,5",13:30,,,,,
2014-08-01,1089U,RAMALES DE LA VICTORIA,CANTABRIA,80,"20,2","1,4","16,5",23:54,"23,9",11:23,31,"0,6","5,3",14:10,,,,,
2014-08-02,1089U,RAMALES DE LA VICTORIA,CANTABRIA,80,"20,7","13,4","15,4",01:40,"26,0",11:55,24,"0,6","5,8",14:00,,,,,
2014-08-03,1089U,RAMALES DE LA VICTORIA,CANTABRIA,80,"20,0","3,0","14,8",05:24,"25,3",11:09,30,"1,1","7,8",13:50,,,,,
2014-08-04,1089U,RAMALES DE LA VICTORIA,CANTABRIA,80,"20,0","0,2","15,7",23:51,"24,4",12:36,05,"0,8","5,0",13:20,,,,,
2014-08-05,1089U,RAMALES DE LA VICTORIA,CANTABRIA,80,"20,8","0,0","13,5",04:46,"28,1",12:32,08,"0,8","5,6",12:30,,,,,
2014-08-06,1089U,RAMALES DE LA VICTORIA,CANTABRIA,80,"20,8","0,0","13,4",05:11,"28,2",13:25,06,"1,1","5,6",16:10,,,,,
2014-08-07,1089U,RAMALES DE LA VICTORIA,CANTABRIA,80,"23,2","0,0","18,0",05:50,"28,4",11:06,03,"0,6","6,7",15:20,,,,,
2014-08-08,1089U,RAMALES DE LA VICTORIA,CANTABRIA,80,"22,6","0,4","17,0",05:40,"28,3",14:48,22,"2,2","7,8",12:00,,,,,
2014-08-09,1089U,RAMALES DE LA VICTORIA,CANTABRIA,80,"23,6","0,0","18,4",Varias,"28,9",12:23,26,"0,6","4,7",16:10,,,,,
2014-08-10,1089U,RAMALES DE LA VICTORIA,CANTABRIA,80,"22,6","2,2","15,3",05:42,"30,0",11:33,26,"1,4","7,8",14:10,,,,,
2014-08-11,1089U,RAMALES DE LA VICTORIA,CANTABRIA,80,"18,8","0,6","16,0",23:43,"21,7",13:08,26,"0,6","5,0",09:30,,,,,
2014-08-12,1089U,RAMALES DE LA VICTORIA,CANTABRIA,80,"21,8","12,8","15,6",05:10,"28,0",13:35,28,"0,8","11,9",23:20,,,,,
2014-08-13,1089U,RAMALES DE LA VICTORIA,CANTABRIA,80,"18,0","1,6","14,1",05:42,"21,8",15:05,23,"1,4","8,6",09:50,,,,,
2014-08-14,1089U,RAMALES DE LA VICTORIA,CANTABRIA,80,"18,1","0,0","12,6",03:19,"23,6",13:19,26,"1,4","7,5",13:20,,,,,
2014-08-15,1089U,RAMALES DE LA VICTORIA,CANTABRIA,80,"18,4","0,8","14,6",Varias,"22,1",13:10,26,"0,6","6,9",12:00,,,,,
2014-08-16,1089U,RAMALES DE LA VICTORIA,CANTABRIA,80,"16,0","0,0","10,0",23:41,"22,0",15:46,05,"0,6","4,7",15:20,,,,,
2014-08-17,1089U,RAMALES DE LA VICTORIA,CANTABRIA,80,"16,4","0,0","7,2",05:37,"25,5",13:07,06,"1,1","8,3",15:20,,,,,
2014-08-18,1089U,RAMALES DE LA VICTORIA,CANTABRIA,80,"16,6","0,6","11,8",04:46,"21,3",11:20,02,"0,3","3,9",13:40,,,,,
2014-08-19,1089U,RAMALES DE LA VICTORIA,CANTABRIA,80,"19,1","0,2","13,4",06:05,"24,8",11:47,06,"1,1","5,6",12:20,,,,,
2014-08-20,1089U,RAMALES DE LA VICTORIA,CANTABRIA,80,"16,8","3,2","15,1",Varias,"18,6",16:23,16,"0,6","3,1",12:30,,,,,
2014-08-21,1089U,RAMALES DE LA VICTORIA,CANTABRIA,80,"17,4","0,0","11,7",23:52,"23,0",12:24,04,"0,6","5,0",15:00,,,,,
2014-08-22,1089U,RAMALES DE LA VICTORIA,CANTABRIA,80,"15,0","0,0","10,6",Varias,"19,3",11:52,21,"0,0","3,1",13:50,,,,,
2014-08-23,1089U,RAMALES DE LA VICTORIA,CANTABRIA,80,"17,6","0,0","10,3",05:17,"25,0",12:09,05,"0,8","6,1",13:30,,,,,
2014-08-24,1089U,RAMALES DE LA VICTORIA,CANTABRIA,80,"18,6","0,0","9,5",05:47,"27,6",14:19,07,"0,8","7,2",16:10,,,,,
2014-08-25,1089U,RAMALES DE LA VICTORIA,CANTABRIA,80,"20,5","0,0","10,7",05:56,"30,3",13:04,06,"0,8","7,2",14:30,,,,,
2014-08-26,1089U,RAMALES DE LA VICTORIA,CANTABRIA,80,"22,2","0,2","14,9",03:13,"29,6",11:54,06,"1,7","7,5",12:40,,,,,
2014-08-27,1089U,RAMALES DE LA VICTORIA,CANTABRIA,80,"24,5","0,0","17,2",23:46,"31,8",12:35,06,"1,7","8,9",13:30,,,,,
2014-08-28,1089U,RAMALES DE LA VICTORIA,CANTABRIA,80,"19,1","0,4","17,0",Varias,"21,2",12:43,99,"0,6","5,8",15:50,,,,,
2014-08-29,1089U,RAMALES DE LA VICTORIA,CANTABRIA,80,"20,6","2,0","16,4",Varias,"24,7",12:06,05,"1,1","5,8",12:10,,,,,
2014-08-30,1089U,RAMALES DE LA VICTORIA,CANTABRIA,80,"19,8","0,0","14,8",22:19,"24,9",13:43,01,"0,6","6,1",14:50,,,,,
2014-08-31,1089U,RAMALES DE LA VICTORIA,CANTABRIA,80,"20,7","0,0","13,7",23:57,"27,7",14:35,08,"1,4","7,2",17:10,,,,,
2014-09-01,1089U,RAMALES DE LA VICTORIA,CANTABRIA,80,"20,6","0,0","11,7",03:53,"29,6",13:43,05,"1,7","7,5",17:50,,,,,
2014-09-02,1089U,RAMALES DE LA VICTORIA,CANTABRIA,80,"21,8","0,0","12,0",06:02,"31,7",14:23,07,"1,4","6,4",16:20,,,,,
2014-09-03,1089U,RAMALES DE LA VICTORIA,CANTABRIA,80,"20,7","0,0","11,4",05:38,"30,0",13:25,08,"1,4","6,7",14:10,,,,,
2014-09-04,1089U,RAMALES DE LA VICTORIA,CANTABRIA,80,"20,0","0,0","12,8",Varias,"27,3",12:48,26,"0,8","6,4",14:40,,,,,
2014-09-05,1089U,RAMALES DE LA VICTORIA,CANTABRIA,80,"20,9","0,0","13,2",02:43,"28,6",14:13,06,"0,8","6,7",14:50,,,,,
2014-09-06,1089U,RAMALES DE LA VICTORIA,CANTABRIA,80,"21,0","0,2","13,2",04:01,"28,9",14:01,06,"1,1","6,7",13:40,,,,,
2014-09-07,1089U,RAMALES DE LA VICTORIA,CANTABRIA,80,"24,5","0,0","17,0",05:51,"32,0",12:23,06,"1,9","7,5",13:20,,,,,
2014-09-08,1089U,RAMALES DE LA VICTORIA,CANTABRIA,80,"22,0","0,0","15,6",05:38,"28,5",11:43,04,"1,4","7,8",13:00,,,,,
2014-09-09,1089U,RAMALES DE LA VICTORIA,CANTABRIA,80,"22,6","0,0","13,9",05:42,"31,4",14:25,07,"0,8","6,1",14:50,,,,,
2014-09-10,1089U,RAMALES DE LA VICTORIA,CANTABRIA,80,"25,4","0,0","17,0",04:36,"33,9",13:07,06,"1,1","6,1",13:10,,,,,
2014-09-11,1089U,RAMALES DE LA VICTORIA,CANTABRIA,80,"22,5","0,0","16,8",03:11,"28,2",13:06,07,"1,1","5,8",12:00,,,,,
2014-09-12,1089U,RAMALES DE LA VICTORIA,CANTABRIA,80,"22,4","0,0","16,2",22:45,"28,6",14:32,07,"1,1","5,8",14:20,,,,,
2014-09-13,1089U,RAMALES DE LA VICTORIA,CANTABRIA,80,"21,8","0,0","13,4",06:00,"30,3",12:42,33,"0,6","8,3",13:30,,,,,
2014-09-14,1089U,RAMALES DE LA VICTORIA,CANTABRIA,80,"21,0","14,4","13,5",05:44,"28,6",12:54,31,"1,1","9,2",17:30,,,,,
2014-09-15,1089U,RAMALES DE LA VICTORIA,CANTABRIA,80,"21,6","0,0","13,8",04:47,"29,5",12:39,08,"0,8","5,8",13:30,,,,,
2014-09-16,1089U,RAMALES DE LA VICTORIA,CANTABRIA,80,"22,6","0,0","13,8",04:38,"31,3",15:31,12,"1,1","9,4",15:10,,,,,
2014-09-17,1089U,RAMALES DE LA VICTORIA,CANTABRIA,80,"25,1","0,0","20,6",Varias,"29,6",14:26,09,"2,2","11,1",07:40,,,,,
2014-09-18,1089U,RAMALES DE LA VICTORIA,CANTABRIA,80,"24,2","0,0","18,4",21:47,"29,9",13:59,10,"2,8","17,2",11:10,,,,,
2014-09-19,1089U,RAMALES DE LA VICTORIA,CANTABRIA,80,"24,4","1,4","20,4",16:39,"28,5",14:41,11,"2,5","11,1",09:20,,,,,
2014-09-20,1089U,RAMALES DE LA VICTORIA,CANTABRIA,80,"22,6","0,0","14,1",23:58,"31,0",14:32,20,"0,6","7,8",01:10,,,,,
2014-09-21,1089U,RAMALES DE LA VICTORIA,CANTABRIA,80,"19,6","0,0","11,0",06:10,"28,1",12:07,06,"1,1","5,8",14:10,,,,,
2014-09-22,1089U,RAMALES DE LA VICTORIA,CANTABRIA,80,"17,9","4,4","15,1",00:51,"20,7",13:24,06,"0,0","2,2",13:40,,,,,
2014-09-23,1089U,RAMALES DE LA VICTORIA,CANTABRIA,80,"16,6","0,0","13,0",23:55,"20,3",11:36,03,"0,6","5,3",13:50,,,,,
2014-09-24,1089U,RAMALES DE LA VICTORIA,CANTABRIA,80,"15,9","0,0","11,1",02:44,"20,7",12:43,26,"0,8","7,5",13:20,,,,,
2014-09-25,1089U,RAMALES DE LA VICTORIA,CANTABRIA,80,"16,0","0,0","9,7",Varias,"22,2",14:51,06,"0,6","4,7",14:50,,,,,
2014-09-26,1089U,RAMALES DE LA VICTORIA,CANTABRIA,80,"15,8","0,0","7,4",06:28,"24,3",14:10,06,"0,6","6,4",16:30,,,,,
2014-09-27,1089U,RAMALES DE LA VICTORIA,CANTABRIA,80,"19,6","0,0","9,0",05:16,"30,2",13:19,10,"0,6","6,7",12:30,,,,,
2014-09-28,1089U,RAMALES DE LA VICTORIA,CANTABRIA,80,"18,5","0,4","14,4",01:34,"22,6",14:25,15,"1,4","6,1",06:40,,,,,
2014-09-29,1089U,RAMALES DE LA VICTORIA,CANTABRIA,80,"20,1","1,0","15,8",Varias,"24,4",13:03,05,"0,8","5,6",15:30,,,,,
2014-09-30,1089U,RAMALES DE LA VICTORIA,CANTABRIA,80,"18,0","0,0","12,4",23:55,"23,6",16:04,04,"0,3","3,6",16:40,,,,,
2014-10-01,1089U,RAMALES DE LA VICTORIA,CANTABRIA,80,"19,4","0,2","12,2",00:18,"26,5",13:25,05,"0,8","5,8",15:10,,,,,
2014-10-02,1089U,RAMALES DE LA VICTORIA,CANTABRIA,80,"18,4","0,0","10,2",Varias,"26,6",12:50,05,"0,6","5,8",12:30,,,,,
2014-10-03,1089U,RAMALES DE LA VICTORIA,CANTABRIA,80,"20,0","0,0","11,5",00:44,"28,4",13:47,07,"0,8","6,7",15:10,,,,,
2014-10-04,1089U,RAMALES DE LA VICTORIA,CANTABRIA,80,"17,1","6,0","10,5",06:27,"23,7",14:50,28,"1,7","8,1",12:10,,,,,
2014-10-05,1089U,RAMALES DE LA VICTORIA,CANTABRIA,80,"14,4","0,0","9,3",23:44,"19,4",13:56,06,"0,3","4,2",15:10,,,,,
2014-10-06,1089U,RAMALES DE LA VICTORIA,CANTABRIA,80,"16,7","0,2","8,1",06:06,"25,3",13:31,19,"0,8","8,6",17:10,,,,,
2014-10-07,1089U,RAMALES DE LA VICTORIA,CANTABRIA,80,"18,0","0,8","12,5",06:39,"23,4",22:53,28,"0,8","18,6",22:20,,,,,
2014-10-08,1089U,RAMALES DE LA VICTORIA,CANTABRIA,80,"21,1","10,2","16,1",23:59,"26,1",12:23,25,"1,7","17,8",11:30,,,,,
2014-10-09,1089U,RAMALES DE LA VICTORIA,CANTABRIA,80,"17,0","0,0","12,0",23:05,"22,0",11:14,27,"0,3","4,2",01:30,,,,,
2014-10-10,1089U,RAMALES DE LA VICTORIA,CANTABRIA,80,"16,6","0,4","11,1",Varias,"22,1",12:57,26,"0,6","5,3",13:50,,,,,
2014-10-11,1089U,RAMALES DE LA VICTORIA,CANTABRIA,80,"17,8","17,6","10,8",05:55,"24,9",15:08,07,"0,3","5,0",16:00,,,,,
2014-10-12,1089U,RAMALES DE LA VICTORIA,CANTABRIA,80,"17,0","0,2","12,4",23:56,"21,7",11:26,26,"1,7","12,8",06:50,,,,,
2014-10-13,1089U,RAMALES DE LA VICTORIA,CANTABRIA,80,"15,3","0,0","10,0",04:11,"20,6",14:55,12,"0,3","10,6",23:50,,,,,
2014-10-14,1089U,RAMALES DE LA VICTORIA,CANTABRIA,80,"16,8","0,0","10,4",22:57,"23,1",12:28,21,"1,1","8,9",02:40,,,,,
2014-10-15,1089U,RAMALES DE LA VICTORIA,CANTABRIA,80,"17,6","1,6","11,9",00:27,"23,4",20:07,14,"4,2","18,3",17:30,,,,,
2014-10-16,1089U,RAMALES DE LA VICTORIA,CANTABRIA,80,"21,6","2,0","15,7",22:02,"27,6",14:45,28,"2,5","12,5",17:30,,,,,
2014-10-17,1089U,RAMALES DE LA VICTORIA,CANTABRIA,80,"21,4","0,0","14,7",03:56,"28,2",13:59,25,"1,9","17,8",08:20,,,,,
2014-10-18,1089U,RAMALES DE LA VICTORIA,CANTABRIA,80,"23,8","0,0","16,5",20:51,"31,2",14:45,26,"1,9","23,3",00:50,,,,,
2014-10-19,1089U,RAMALES DE LA VICTORIA,CANTABRIA,80,"20,0","0,0","12,9",05:43,"27,0",12:20,08,"0,6","5,3",13:50,,,,,
2014-10-20,1089U,RAMALES DE LA VICTORIA,CANTABRIA,80,"19,4","0,0","12,0",06:55,"26,7",12:38,07,"0,8","6,1",12:40,,,,,
2014-10-21,1089U,RAMALES DE LA VICTORIA,CANTABRIA,80,"18,9","1,0","11,0",06:41,"26,8",12:25,99,"1,1","8,9",Varias,,,,,
2014-10-22,1089U,RAMALES DE LA VICTORIA,CANTABRIA,80,"14,0","0,0","6,8",23:55,"21,1",14:03,06,"0,6","4,7",16:00,,,,,
2014-10-23,1089U,RAMALES DE LA VICTORIA,CANTABRIA,80,"14,6","0,0","3,9",06:16,"25,4",13:36,06,"0,3","3,6",13:10,,,,,
2014-10-24,1089U,RAMALES DE LA VICTORIA,CANTABRIA,80,"15,8","0,0","7,7",02:47,"23,8",14:59,24,"0,0","2,5",20:00,,,,,
2014-10-25,1089U,RAMALES DE LA VICTORIA,CANTABRIA,80,"16,8","0,0","8,5",06:49,"25,0",13:05,08,"0,6","5,6",15:00,,,,,
2014-10-26,1089U,RAMALES DE LA VICTORIA,CANTABRIA,80,"17,7","0,0","8,2",07:07,"27,2",14:33,04,"0,3","3,6",13:30,,,,,
2014-10-27,1089U,RAMALES DE LA VICTORIA,CANTABRIA,80,"17,6","0,0","7,8",06:42,"27,5",13:22,08,"0,6","4,7",13:00,,,,,
2014-10-28,1089U,RAMALES DE LA VICTORIA,CANTABRIA,80,"17,6","0,0","7,6",05:20,"27,7",14:49,99,"0,3","2,5",13:30,,,,,
2014-10-29,1089U,RAMALES DE LA VICTORIA,CANTABRIA,80,"18,5","0,0","8,7",04:54,"28,3",14:17,24,"0,6","4,2",18:30,,,,,
2014-10-30,1089U,RAMALES DE LA VICTORIA,CANTABRIA,80,"20,1","0,0","10,1",23:59,"30,1",13:29,06,"0,3","2,2",14:20,,,,,
2014-10-31,1089U,RAMALES DE LA VICTORIA,CANTABRIA,80,"19,0","0,0","9,0",02:05,"29,1",12:14,16,"2,5","11,1",05:40,,,,,
2014-11-01,1089U,RAMALES DE LA VICTORIA,CANTABRIA,80,"17,1",,"10,8",05:02,"23,4",13:07,05,"0,8","4,2",13:30,,,,,
2014-11-02,1089U,RAMALES DE LA VICTORIA,CANTABRIA,80,"16,0",,"9,6",23:56,"22,3",12:50,26,"0,6","8,6",13:30,,,,,
2014-11-03,1089U,RAMALES DE LA VICTORIA,CANTABRIA,80,"13,6",,"8,6",04:35,"18,6",10:45,25,"4,4","20,8",10:40,,,,,
2014-11-04,1089U,RAMALES DE LA VICTORIA,CANTABRIA,80,"10,0",,"7,8",06:23,"12,1",13:01,33,"1,4","8,3",19:00,,,,,
2014-11-05,1089U,RAMALES DE LA VICTORIA,CANTABRIA,80,"10,1",,"8,3",22:49,"11,9",13:35,23,"0,6","9,7",01:20,,,,,
2014-11-06,1089U,RAMALES DE LA VICTORIA,CANTABRIA,80,"12,7",,"7,9",03:16,"17,5",23:08,14,"0,3","14,7",23:30,,,,,
2014-11-07,1089U,RAMALES DE LA VICTORIA,CANTABRIA,80,"12,0",,"5,6",23:58,"18,3",01:14,15,"1,9","15,8",02:20,,,,,
2014-11-08,1089U,RAMALES DE LA VICTORIA,CANTABRIA,80,"10,6",,"4,7",04:40,"16,6",12:51,14,"1,9","16,1",11:30,,,,,
2014-11-09,1089U,RAMALES DE LA VICTORIA,CANTABRIA,80,"10,4",,"6,0",06:18,"14,9",11:32,24,"1,4","8,6",13:00,,,,,
2014-11-10,1089U,RAMALES DE LA VICTORIA,CANTABRIA,80,"9,2",,"2,9",07:59,"15,6",12:35,14,"3,1","24,4",23:00,,,,,
2014-11-11,1089U,RAMALES DE LA VICTORIA,CANTABRIA,80,"13,0",,"7,3",Varias,"18,7",14:04,24,"2,5","15,8",02:30,,,,,
2014-11-12,1089U,RAMALES DE LA VICTORIA,CANTABRIA,80,"13,8",,"6,9",21:38,"20,7",13:45,24,"1,4","21,4",23:30,,,,,
2014-11-13,1089U,RAMALES DE LA VICTORIA,CANTABRIA,80,"19,2",,"16,8",01:59,"21,7",16:23,23,"3,6","21,4",06:30,,,,,
2014-11-14,1089U,RAMALES DE LA VICTORIA,CANTABRIA,80,"16,4",,"11,5",Varias,"21,3",00:01,25,"2,2","12,2",19:30,,,,,
2014-11-15,1089U,RAMALES DE LA VICTORIA,CANTABRIA,80,"11,8",,"7,7",23:36,"15,8",12:41,25,"1,7","15,3",09:30,,,,,
2014-11-16,1089U,RAMALES DE LA VICTORIA,CANTABRIA,80,"10,4",,"6,5",07:37,"14,3",11:23,23,"0,6","6,1",19:50,,,,,
2014-11-17,1089U,RAMALES DE LA VICTORIA,CANTABRIA,80,"11,0",,"8,4",23:58,"13,5",15:32,20,"1,1","8,3",04:00,,,,,
2014-11-18,1089U,RAMALES DE LA VICTORIA,CANTABRIA,80,"10,6",,"4,1",07:15,"17,1",13:41,14,"0,3","10,0",22:20,,,,,
2014-11-19,1089U,RAMALES DE LA VICTORIA,CANTABRIA,80,"11,6",,"6,8",Varias,"16,5",23:59,21,"0,3","9,7",00:40,,,,,
2014-11-20,1089U,RAMALES DE LA VICTORIA,CANTABRIA,80,"17,4",,"11,0",21:20,"23,8",14:24,11,"1,7","11,9",04:30,,,,,
2014-11-21,1089U,RAMALES DE LA VICTORIA,CANTABRIA,80,"17,0",,"12,4",08:28,"21,6",Varias,10,"1,4","10,0",05:40,,,,,
2014-11-22,1089U,RAMALES DE LA VICTORIA,CANTABRIA,80,"18,6",,"13,4",05:03,"23,9",14:01,15,"1,4","9,2",13:20,,,,,
2014-11-23,1089U,RAMALES DE LA VICTORIA,CANTABRIA,80,"15,8",,"10,5",05:57,"21,1",10:40,05,"0,6","8,3",11:10,,,,,
2014-11-24,1089U,RAMALES DE LA VICTORIA,CANTABRIA,80,"14,8",,"13,1",23:59,"16,4",11:21,31,"0,3","2,8",13:50,,,,,
2014-11-25,1089U,RAMALES DE LA VICTORIA,CANTABRIA,80,"13,2",,"11,4",23:56,"14,9",Varias,27,"0,0","4,7",19:40,,,,,
2014-11-26,1089U,RAMALES DE LA VICTORIA,CANTABRIA,80,"11,8",,"8,9",20:38,"14,8",13:38,23,"0,3","3,3",13:40,,,,,
2014-11-27,1089U,RAMALES DE LA VICTORIA,CANTABRIA,80,"11,0",,"5,3",07:32,"16,8",15:00,12,"1,1","17,8",11:50,,,,,
2014-11-28,1089U,RAMALES DE LA VICTORIA,CANTABRIA,80,"14,8",,"10,5",00:01,"19,1",11:13,24,"1,1","9,2",10:50,,,,,
2014-11-29,1089U,RAMALES DE LA VICTORIA,CANTABRIA,80,"12,8",,"12,0",Varias,"13,6",12:20,26,"0,6","5,0",18:40,,,,,
2014-11-30,1089U,RAMALES DE LA VICTORIA,CANTABRIA,80,"13,8",,"12,6",00:07,"15,0",18:58,24,"1,9","7,8",22:30,,,,,
2014-12-01,1089U,RAMALES DE LA VICTORIA,CANTABRIA,80,"12,6",,"10,9",18:00,"14,4",00:50,27,"1,9","11,4",16:10,,,,,
2014-12-02,1089U,RAMALES DE LA VICTORIA,CANTABRIA,80,"10,7",,"9,5",21:02,"11,9",00:01,28,"1,4","6,1",23:30,,,,,
2014-12-03,1089U,RAMALES DE LA VICTORIA,CANTABRIA,80,"9,2",,"7,9",Varias,"10,4",12:45,27,"0,6","4,4",00:40,,,,,
2014-12-04,1089U,RAMALES DE LA VICTORIA,CANTABRIA,80,"8,6","9,2","6,8",23:30,"10,4",14:00,29,"1,1","6,4",12:20,,,,,
2014-12-05,1089U,RAMALES DE LA VICTORIA,CANTABRIA,80,"8,0","24,6","6,4",07:33,"9,7",10:50,28,"0,8","7,8",23:50,,,,,
2014-12-06,1089U,RAMALES DE LA VICTORIA,CANTABRIA,80,"7,3","12,6","5,1",21:45,"9,5",11:57,31,"2,2","10,8",14:50,,,,,
2014-12-07,1089U,RAMALES DE LA VICTORIA,CANTABRIA,80,"7,8","8,6","5,6",01:29,"10,0",14:41,25,"0,6","5,0",03:00,,,,,
2014-12-08,1089U,RAMALES DE LA VICTORIA,CANTABRIA,80,"11,0","14,8","8,7",23:35,"13,4",11:25,32,"1,9","9,7",23:50,,,,,
2014-12-09,1089U,RAMALES DE LA VICTORIA,CANTABRIA,80,"8,7","5,8","7,2",Varias,"10,2",11:40,26,"1,1","8,3",08:40,,,,,
2014-12-10,1089U,RAMALES DE LA VICTORIA,CANTABRIA,80,"10,0",,"6,0",02:03,"13,9",14:20,27,"0,8","5,8",19:30,,,,,
2014-12-11,1089U,RAMALES DE LA VICTORIA,CANTABRIA,80,"8,6","0,2","3,5",23:15,"13,6",13:14,29,"0,6","4,7",12:50,,,,,
2014-12-12,1089U,RAMALES DE LA VICTORIA,CANTABRIA,80,"9,0","0,0","3,2",01:48,"14,8",13:07,16,"4,2","20,8",19:00,,,,,
2014-12-13,1089U,RAMALES DE LA VICTORIA,CANTABRIA,80,"12,6","5,0","9,6",23:36,"15,5",14:11,19,"1,1","15,8",00:10,,,,,
2014-12-14,1089U,RAMALES DE LA VICTORIA,CANTABRIA,80,"10,2","4,8","8,5",23:34,"11,8",12:33,29,"0,8","6,9",18:30,,,,,
2014-12-15,1089U,RAMALES DE LA VICTORIA,CANTABRIA,80,"7,6",,"3,4",08:21,"11,9",13:00,25,"0,3","2,5",18:10,,,,,
2014-12-16,1089U,RAMALES DE LA VICTORIA,CANTABRIA,80,"10,1",,"8,0",00:01,"12,2",06:32,29,"1,4","8,6",14:20,,,,,
2014-12-17,1089U,RAMALES DE LA VICTORIA,CANTABRIA,80,"11,8",,"9,8",Varias,"13,7",11:55,31,"1,4","11,7",09:20,,,,,
2014-12-18,1089U,RAMALES DE LA VICTORIA,CANTABRIA,80,"10,1","0,2","6,3",08:05,"13,9",12:12,26,"0,0","4,2",14:50,,,,,
2014-12-19,1089U,RAMALES DE LA VICTORIA,CANTABRIA,80,"9,0","0,0","4,0",05:01,"14,0",13:20,25,"0,8","6,4",13:50,,,,,
2014-12-20,1089U,RAMALES DE LA VICTORIA,CANTABRIA,80,"11,0","5,8","8,0",00:01,"13,9",13:45,12,"0,0","1,4",03:50,,,,,
2014-12-21,1089U,RAMALES DE LA VICTORIA,CANTABRIA,80,"10,8","0,0","7,2",23:55,"14,4",12:25,07,"0,3","5,0",15:00,,,,,
2014-12-22,1089U,RAMALES DE LA VICTORIA,CANTABRIA,80,"6,4","0,0","1,9",21:49,"10,8",13:09,99,"0,3","3,9",Varias,,,,,
2014-12-23,1089U,RAMALES DE LA VICTORIA,CANTABRIA,80,"5,8","0,0","0,7",08:07,"10,8",13:15,25,"0,0","2,2",01:20,,,,,
2014-12-24,1089U,RAMALES DE LA VICTORIA,CANTABRIA,80,"6,0","1,0","-0,1",04:56,"12,1",14:23,12,"0,0","2,5",10:10,,,,,
2014-12-25,1089U,RAMALES DE LA VICTORIA,CANTABRIA,80,"8,6","7,8","5,7",02:39,"11,6",12:18,28,"0,6","5,8",09:50,,,,,
2014-12-26,1089U,RAMALES DE LA VICTORIA,CANTABRIA,80,"10,0","3,8","8,0",Varias,"12,0",15:35,99,"0,0","3,3",Varias,,,,,
2014-12-27,1089U,RAMALES DE LA VICTORIA,CANTABRIA,80,"11,7","41,6","8,7",01:00,"14,7",13:41,33,"2,5","11,4",20:30,,,,,
2014-12-28,1089U,RAMALES DE LA VICTORIA,CANTABRIA,80,"8,0","6,6","5,0",20:04,"11,0",00:13,34,"1,9","12,5",03:10,,,,,
2014-12-29,1089U,RAMALES DE LA VICTORIA,CANTABRIA,80,"3,1","0,0","-2,1",Varias,"8,3",13:18,27,"0,6","4,7",02:20,,,,,
2014-12-30,1089U,RAMALES DE LA VICTORIA,CANTABRIA,80,"3,0","0,0","-3,1",08:12,"9,2",13:23,03,"1,1","4,4",13:10,,,,,
2014-12-31,1089U,RAMALES DE LA VICTORIA,CANTABRIA,80,"3,2","0,0","-3,4",Varias,"9,7",13:20,18,"0,3","2,5",12:50,,,,,
2015-01-01,1089U,RAMALES DE LA VICTORIA,CANTABRIA,80,"3,2","0,0","-3,0",07:47,"9,3",13:20,12,"0,3","2,5",07:00,,,,,
2015-01-02,1089U,RAMALES DE LA VICTORIA,CANTABRIA,80,"4,2","0,0","-1,9",Varias,"10,4",13:20,99,"0,3","1,7",Varias,,,,,
2015-01-03,1089U,RAMALES DE LA VICTORIA,CANTABRIA,80,"5,2","0,0","-1,1",07:36,"11,4",13:25,24,"0,3","1,7",02:10,,,,,
2015-01-04,1089U,RAMALES DE LA VICTORIA,CANTABRIA,80,"8,2","0,0","2,6",03:50,"13,8",14:41,99,"0,0","2,5",14:50,,,,,
2015-01-05,1089U,RAMALES DE LA VICTORIA,CANTABRIA,80,"5,5","0,0","0,7",08:40,"10,3",12:57,15,"0,3","2,2",20:50,,,,,
2015-01-06,1089U,RAMALES DE LA VICTORIA,CANTABRIA,80,"5,8","0,0","1,2",00:49,"10,4",15:26,23,"0,0","1,7",09:00,,,,,
2015-01-07,1089U,RAMALES DE LA VICTORIA,CANTABRIA,80,"6,8","0,0","0,4",06:01,"13,1",13:29,16,"0,6","3,1",14:10,,,,,
2015-01-08,1089U,RAMALES DE LA VICTORIA,CANTABRIA,80,"5,6","0,0","-0,9",06:56,"12,1",14:14,26,"0,3","4,7",12:50,,,,,
2015-01-09,1089U,RAMALES DE LA VICTORIA,CANTABRIA,80,"8,4","0,0","1,1",07:50,"15,6",13:33,24,"0,3","2,2",03:40,,,,,
2015-01-10,1089U,RAMALES DE LA VICTORIA,CANTABRIA,80,"6,7","3,4","3,6",03:49,"9,8",15:22,16,"0,0","4,2",19:40,,,,,
2015-01-11,1089U,RAMALES DE LA VICTORIA,CANTABRIA,80,"7,0","4,2","2,7",23:55,"11,4",14:24,25,"0,8","5,8",06:00,,,,,
2015-01-12,1089U,RAMALES DE LA VICTORIA,CANTABRIA,80,"7,9","0,0","-1,2",07:32,"17,0",13:38,15,"1,1","14,4",22:40,,,,,
2015-01-13,1089U,RAMALES DE LA VICTORIA,CANTABRIA,80,"12,2","0,2","8,0",23:46,"16,5",00:23,15,"3,6","20,6",08:20,,,,,
2015-01-14,1089U,RAMALES DE LA VICTORIA,CANTABRIA,80,"8,4","0,0","2,0",07:47,"14,7",13:47,99,"1,9","20,0",Varias,,,,,
2015-01-15,1089U,RAMALES DE LA VICTORIA,CANTABRIA,80,,"4,8",,,,,26,"4,4","30,8",65:00,,,,,
2015-01-16,1089U,RAMALES DE LA VICTORIA,CANTABRIA,80,"6,4","14,2","3,2",22:52,"9,7",13:04,28,"1,7","11,7",14:00,,,,,
2015-01-17,1089U,RAMALES DE LA VICTORIA,CANTABRIA,80,"7,0","0,0","2,1",Varias,"11,9",14:09,24,"1,4","12,2",22:40,,,,,
2015-01-18,1089U,RAMALES DE LA VICTORIA,CANTABRIA,80,"9,9","33,4","6,3",20:13,"13,5",12:20,24,"1,9","17,5",01:10,,,,,
2015-01-19,1089U,RAMALES DE LA VICTORIA,CANTABRIA,80,"4,6","4,8","1,8",20:30,"7,4",00:43,28,"1,9","10,3",01:40,,,,,
2015-01-20,1089U,RAMALES DE LA VICTORIA,CANTABRIA,80,"4,8","14,8","2,7",00:19,"7,0",13:17,26,"0,3","5,8",23:00,,,,,
2015-01-21,1089U,RAMALES DE LA VICTORIA,CANTABRIA,80,"6,4","41,3","3,6",22:58,"9,3",11:58,25,"1,9","10,6",14:20,,,,,
2015-01-22,1089U,RAMALES DE LA VICTORIA,CANTABRIA,80,"6,4","23,6","3,7",00:01,"9,1",15:23,26,"1,7","10,8",04:50,,,,,
2015-01-23,1089U,RAMALES DE LA VICTORIA,CANTABRIA,80,"5,5","0,0","0,6",23:43,"10,4",12:55,27,"0,8","5,3",12:40,,,,,
2015-01-24,1089U,RAMALES DE LA VICTORIA,CANTABRIA,80,"4,5","3,4","-1,5",08:13,"10,5",13:42,28,"0,3","7,8",13:30,,,,,
2015-01-25,1089U,RAMALES DE LA VICTORIA,CANTABRIA,80,"7,7","0,0","4,6",06:04,"10,8",13:42,30,"0,3","3,9",13:50,,,,,
2015-01-26,1089U,RAMALES DE LA VICTORIA,CANTABRIA,80,"7,6","1,6","4,3",00:39,"10,8",13:36,28,"0,6","4,2",13:10,,,,,
2015-01-27,1089U,RAMALES DE LA VICTORIA,CANTABRIA,80,"8,4","4,4","7,3",Varias,"9,6",Varias,28,"1,1","5,8",04:10,,,,,
2015-01-28,1089U,RAMALES DE LA VICTORIA,CANTABRIA,80,"9,6","0,4","6,9",Varias,"12,3",20:06,21,"1,1","8,9",12:50,,,,,
2015-01-29,1089U,RAMALES DE LA VICTORIA,CANTABRIA,80,"9,2","46,0","4,0",07:38,"14,5",13:00,25,"1,4","18,6",22:10,,,,,
2015-01-30,1089U,RAMALES DE LA VICTORIA,CANTABRIA,80,"10,8","125,8","8,6",18:11,"12,9",19:53,26,"2,8","17,5",22:40,,,,,
2015-01-31,1089U,RAMALES DE LA VICTORIA,CANTABRIA,80,"6,0","41,0","3,3",22:54,"8,8",00:01,31,"0,6","13,9",21:30,,,,,
2015-02-01,1089U,RAMALES DE LA VICTORIA,CANTABRIA,80,"5,1","42,8","3,4",01:03,"6,8",11:12,26,"1,1","12,2",03:50,,,,,
2015-02-02,1089U,RAMALES DE LA VICTORIA,CANTABRIA,80,"7,2","20,0","2,8",07:14,"11,7",14:08,26,"1,1","13,1",23:50,,,,,
2015-02-03,1089U,RAMALES DE LA VICTORIA,CANTABRIA,80,"4,2","25,6","0,7",23:55,"7,6",00:01,26,"1,4","17,2",01:00,,,,,
2015-02-04,1089U,RAMALES DE LA VICTORIA,CANTABRIA,80,"2,6","17,6","0,3",02:18,"5,0",22:39,27,"1,7","11,9",22:30,,,,,
2015-02-05,1089U,RAMALES DE LA VICTORIA,CANTABRIA,80,"3,4","24,4","1,2",23:58,"5,5",10:17,31,"2,5","11,1",16:20,,,,,
2015-02-06,1089U,RAMALES DE LA VICTORIA,CANTABRIA,80,"1,6","8,8","0,3",Varias,"3,0",19:13,27,"1,4","6,1",19:10,,,,,
2015-02-07,1089U,RAMALES DE LA VICTORIA,CANTABRIA,80,"3,4","0,8","2,4",03:46,"4,4",Varias,28,"0,6","4,4",06:30,,,,,
2015-02-08,1089U,RAMALES DE LA VICTORIA,CANTABRIA,80,"4,6","0,2","2,5",Varias,"6,7",12:13,28,"1,1","4,2",15:20,,,,,
2015-02-09,1089U,RAMALES DE LA VICTORIA,CANTABRIA,80,"4,8","0,0","-1,0",23:33,"10,7",14:25,05,"0,3","5,0",15:10,,,,,
2015-02-10,1089U,RAMALES DE LA VICTORIA,CANTABRIA,80,"5,5","0,0","-3,1",Varias,"14,1",14:05,14,"0,8","5,6",17:00,,,,,
2015-02-11,1089U,RAMALES DE LA VICTORIA,CANTABRIA,80,"5,8","0,0","-1,7",07:12,"13,3",14:47,12,"1,4","8,3",15:30,,,,,
2015-02-12,1089U,RAMALES DE LA VICTORIA,CANTABRIA,80,"7,2","0,0","-0,1",08:04,"14,6",14:23,26,"0,8","7,5",18:30,,,,,
2015-02-13,1089U,RAMALES DE LA VICTORIA,CANTABRIA,80,"6,9","0,8","-0,2",07:29,"14,0",12:31,19,"1,1","15,6",15:00,,,,,
2015-02-14,1089U,RAMALES DE LA VICTORIA,CANTABRIA,80,"6,6","18,4","3,9",00:48,"9,3",14:23,99,"0,8","3,6",Varias,,,,,
2015-02-15,1089U,RAMALES DE LA VICTORIA,CANTABRIA,80,"9,5","46,2","7,3",Varias,"11,7",13:19,26,"1,7","8,9",11:10,,,,,
2015-02-16,1089U,RAMALES DE LA VICTORIA,CANTABRIA,80,"10,0","21,4","7,5",23:32,"12,5",11:40,28,"0,8","13,6",19:10,,,,,
2015-02-17,1089U,RAMALES DE LA VICTORIA,CANTABRIA,80,"7,6","6,0","5,3",23:56,"9,9",11:47,99,"1,7","8,6",Varias,,,,,
2015-02-18,1089U,RAMALES DE LA VICTORIA,CANTABRIA,80,"6,2","0,2","2,1",23:57,"10,3",12:53,06,"0,6","4,2",14:20,,,,,
2015-02-19,1089U,RAMALES DE LA VICTORIA,CANTABRIA,80,"8,0","0,0","-0,5",07:16,"16,6",14:25,08,"0,3","4,7",16:00,,,,,
2015-02-20,1089U,RAMALES DE LA VICTORIA,CANTABRIA,80,"8,6","16,2","3,7",03:17,"13,5",14:34,14,"1,9","13,1",15:30,,,,,
2015-02-21,1089U,RAMALES DE LA VICTORIA,CANTABRIA,80,"7,8","25,4","6,1",23:25,"9,5",14:05,27,"1,9","15,6",11:00,,,,,
2015-02-22,1089U,RAMALES DE LA VICTORIA,CANTABRIA,80,"8,6","7,6","6,1",04:31,"11,0",14:02,30,"0,6","10,0",03:50,,,,,
2015-02-23,1089U,RAMALES DE LA VICTORIA,CANTABRIA,80,"8,7","26,6","6,2",22:52,"11,2",10:54,26,"1,9","14,4",22:30,,,,,
2015-02-24,1089U,RAMALES DE LA VICTORIA,CANTABRIA,80,"6,8","40,4","4,3",04:55,"9,3",Varias,28,"2,5","14,2",00:50,,,,,
2015-02-25,1089U,RAMALES DE LA VICTORIA,CANTABRIA,80,"10,2","42,0","8,9",03:48,"11,5",22:58,29,"2,8","12,5",13:50,,,,,
2015-02-26,1089U,RAMALES DE LA VICTORIA,CANTABRIA,80,"11,6","32,2","9,6",23:44,"13,7",12:49,26,"2,2","8,6",23:59,,,,,
2015-02-27,1089U,RAMALES DE LA VICTORIA,CANTABRIA,80,"8,8","2,8","6,4",23:33,"11,2",14:05,34,"1,4","10,3",04:20,,,,,
2015-02-28,1089U,RAMALES DE LA VICTORIA,CANTABRIA,80,"10,8","4,8","6,3",01:51,"15,2",13:23,32,"0,8","5,6",14:40,,,,,
2015-03-01,1089U,RAMALES DE LA VICTORIA,CANTABRIA,80,"15,4","0,8","10,1",02:55,"20,8",14:51,16,"1,4","7,8",13:10,,,,,
2015-03-02,1089U,RAMALES DE LA VICTORIA,CANTABRIA,80,"11,8","4,0","9,7",23:48,"13,9",13:26,28,"0,8","6,4",15:00,,,,,
2015-03-03,1089U,RAMALES DE LA VICTORIA,CANTABRIA,80,"12,4","10,6","9,4",23:39,"15,3",10:35,09,"0,3","4,2",10:30,,,,,
2015-03-04,1089U,RAMALES DE LA VICTORIA,CANTABRIA,80,,"4,0",,,,,,"1,9",,,,,,,
2015-03-05,1089U,RAMALES DE LA VICTORIA,CANTABRIA,80,"7,6","0,0","2,5",21:37,"12,7",13:35,14,"0,8","8,3",23:40,,,,,
2015-03-06,1089U,RAMALES DE LA VICTORIA,CANTABRIA,80,"10,2","0,0","0,8",07:30,"19,7",14:22,08,"1,4","6,4",15:50,,,,,
2015-03-07,1089U,RAMALES DE LA VICTORIA,CANTABRIA,80,"11,8","0,0","0,6",Varias,"23,1",Varias,10,"0,8","6,1",15:50,,,,,
2015-03-08,1089U,RAMALES DE LA VICTORIA,CANTABRIA,80,"10,6","0,0","1,1",06:59,"20,0",14:10,07,"1,1","6,4",12:40,,,,,
2015-03-09,1089U,RAMALES DE LA VICTORIA,CANTABRIA,80,"10,2","0,0","0,5",06:35,"19,8",15:15,06,"1,4","7,2",16:20,,,,,
2015-03-10,1089U,RAMALES DE LA VICTORIA,CANTABRIA,80,"10,9","0,0","2,3",05:04,"19,5",13:16,08,"1,1","6,4",14:40,,,,,
2015-03-11,1089U,RAMALES DE LA VICTORIA,CANTABRIA,80,"9,5","0,0","5,8",01:47,"13,2",13:23,08,"0,6","4,2",17:30,,,,,
2015-03-12,1089U,RAMALES DE LA VICTORIA,CANTABRIA,80,"12,5","2,4","7,9",06:31,"17,1",13:51,28,"1,1","8,9",14:40,,,,,
2015-03-13,1089U,RAMALES DE LA VICTORIA,CANTABRIA,80,"8,4","12,8","5,5",23:53,"11,3",10:26,23,"1,4","8,6",14:10,,,,,
2015-03-14,1089U,RAMALES DE LA VICTORIA,CANTABRIA,80,"6,1","25,2","4,7",01:39,"7,5",17:08,30,"1,7","6,7",09:40,,,,,
2015-03-15,1089U,RAMALES DE LA VICTORIA,CANTABRIA,80,"5,2","1,6","3,2",23:55,"7,2",15:45,29,"1,1","4,2",14:30,,,,,
2015-03-16,1089U,RAMALES DE LA VICTORIA,CANTABRIA,80,"9,0","0,0","2,1",Varias,"16,0",15:40,99,"0,8","5,8",11:50,,,,,
2015-03-17,1089U,RAMALES DE LA VICTORIA,CANTABRIA,80,"11,4","0,0","2,0",01:30,"20,8",15:42,17,"1,1","10,8",03:50,,,,,
2015-03-18,1089U,RAMALES DE LA VICTORIA,CANTABRIA,80,"10,6","1,0","4,2",06:28,"17,1",12:41,02,"0,6","6,1",13:40,,,,,
2015-03-19,1089U,RAMALES DE LA VICTORIA,CANTABRIA,80,"12,2","3,4","8,2",Varias,"16,2",13:12,04,"0,6","5,8",14:40,,,,,
2015-03-20,1089U,RAMALES DE LA VICTORIA,CANTABRIA,80,"8,5","2,2","6,9",23:49,"10,1",04:14,05,"0,6","5,6",08:10,,,,,
2015-03-21,1089U,RAMALES DE LA VICTORIA,CANTABRIA,80,"8,0","17,8","6,5",Varias,"9,5",13:24,30,"0,0","4,2",15:30,,,,,
2015-03-22,1089U,RAMALES DE LA VICTORIA,CANTABRIA,80,"7,8","2,6","5,5",23:56,"10,0",03:31,27,"1,1","6,7",12:40,,,,,
2015-03-23,1089U,RAMALES DE LA VICTORIA,CANTABRIA,80,"5,9","20,0","4,3",Varias,"7,5",Varias,26,"0,0","2,2",05:00,,,,,
2015-03-24,1089U,RAMALES DE LA VICTORIA,CANTABRIA,80,"7,0","26,8","5,1",23:43,"9,0",Varias,30,"0,6","6,1",12:30,,,,,
2015-03-25,1089U,RAMALES DE LA VICTORIA,CANTABRIA,80,"7,0","6,6","3,9",02:46,"10,2",13:51,29,"3,1","10,8",13:00,,,,,
2015-03-26,1089U,RAMALES DE LA VICTORIA,CANTABRIA,80,"9,1","36,2","4,9",00:09,"13,3",Varias,27,"1,1","9,4",Varias,,,,,
2015-03-27,1089U,RAMALES DE LA VICTORIA,CANTABRIA,80,"11,8","12,0","9,5",Varias,"14,1",15:19,31,"1,1","8,3",15:30,,,,,
2015-03-28,1089U,RAMALES DE LA VICTORIA,CANTABRIA,80,"12,6","0,0","8,3",23:53,"17,0",12:34,27,"0,8","8,3",14:30,,,,,
2015-03-29,1089U,RAMALES DE LA VICTORIA,CANTABRIA,80,"14,8","0,0","8,3",00:01,"21,4",14:51,32,"1,4","10,3",15:10,,,,,
2015-03-30,1089U,RAMALES DE LA VICTORIA,CANTABRIA,80,"12,6","0,0","7,7",05:55,"17,5",17:15,28,"2,2","9,7",13:20,,,,,
2015-03-31,1089U,RAMALES DE LA VICTORIA,CANTABRIA,80,"13,2","2,8","11,3",22:52,"15,1",10:43,29,"1,7","10,3",10:10,,,,,
2015-04-01,1089U,RAMALES DE LA VICTORIA,CANTABRIA,80,"9,4","0,0","3,8",23:59,"15,0",12:58,08,"1,4","6,7",16:30,,,,,
2015-04-02,1089U,RAMALES DE LA VICTORIA,CANTABRIA,80,"10,4","0,0","1,0",05:59,"19,8",13:26,06,"1,7","6,1",13:50,,,,,
2015-04-03,1089U,RAMALES DE LA VICTORIA,CANTABRIA,80,"10,6","0,8","3,3",05:55,"17,8",12:31,04,"1,4","8,1",14:50,,,,,
2015-04-04,1089U,RAMALES DE LA VICTORIA,CANTABRIA,80,"10,2","0,4","7,2",05:12,"13,3",11:31,27,"0,8","6,7",11:40,,,,,
2015-04-05,1089U,RAMALES DE LA VICTORIA,CANTABRIA,80,"10,0","0,0","4,1",23:54,"16,0",14:30,02,"1,4","6,7",13:10,,,,,
2015-04-06,1089U,RAMALES DE LA VICTORIA,CANTABRIA,80,"9,2","0,0","1,4",05:48,"17,1",13:24,07,"1,4","7,8",11:40,,,,,
2015-04-07,1089U,RAMALES DE LA VICTORIA,CANTABRIA,80,"10,8","0,0","1,3",05:36,"20,4",13:26,08,"1,1","7,2",12:10,,,,,
2015-04-08,1089U,RAMALES DE LA VICTORIA,CANTABRIA,80,"18,8","0,0","13,3",04:52,"24,4",15:41,10,"2,5","10,0",01:10,,,,,
2015-04-09,1089U,RAMALES DE LA VICTORIA,CANTABRIA,80,"17,8","0,0","13,0",21:44,"22,6",11:36,12,"1,7","8,6",06:00,,,,,
2015-04-10,1089U,RAMALES DE LA VICTORIA,CANTABRIA,80,"16,2","4,0","12,1",Varias,"20,4",12:51,12,"1,9","16,1",02:30,,,,,
2015-04-11,1089U,RAMALES DE LA VICTORIA,CANTABRIA,80,"13,4","0,0","7,3",23:57,"19,6",13:51,05,"0,8","6,1",14:50,,,,,
2015-04-12,1089U,RAMALES DE LA VICTORIA,CANTABRIA,80,"16,2","0,0","4,7",05:34,"27,6",14:59,06,"0,8","7,2",16:50,,,,,
2015-04-13,1089U,RAMALES DE LA VICTORIA,CANTABRIA,80,"18,0","0,0","7,4",05:43,"28,7",14:47,07,"1,4","7,8",15:10,,,,,
2015-04-14,1089U,RAMALES DE LA VICTORIA,CANTABRIA,80,"19,2","0,0","8,0",04:48,"30,4",13:20,10,"1,4","8,9",14:30,,,,,
2015-04-15,1089U,RAMALES DE LA VICTORIA,CANTABRIA,80,"17,4","0,4","10,3",23:53,"24,4",09:48,12,"1,4","15,3",08:10,,,,,
2015-04-16,1089U,RAMALES DE LA VICTORIA,CANTABRIA,80,"13,6","12,6","8,6",02:33,"18,6",13:46,30,"0,6","5,3",16:50,,,,,
2015-04-17,1089U,RAMALES DE LA VICTORIA,CANTABRIA,80,"14,6","5,6","11,2",23:17,"18,1",15:00,06,"0,6","6,1",15:10,,,,,
2015-04-18,1089U,RAMALES DE LA VICTORIA,CANTABRIA,80,"14,0","0,0","9,2",21:51,"18,7",11:00,28,"1,9","8,6",12:40,,,,,
2015-04-19,1089U,RAMALES DE LA VICTORIA,CANTABRIA,80,"11,6","0,0","6,0",05:43,"17,1",15:11,30,"2,8","9,4",13:00,,,,,
2015-04-20,1089U,RAMALES DE LA VICTORIA,CANTABRIA,80,"12,3","0,0","4,3",05:39,"20,3",13:35,06,"1,7","6,9",13:50,,,,,
2015-04-21,1089U,RAMALES DE LA VICTORIA,CANTABRIA,80,"16,5","0,0","5,8",Varias,"27,2",14:42,05,"1,1","8,1",16:10,,,,,
2015-04-22,1089U,RAMALES DE LA VICTORIA,CANTABRIA,80,"18,6","11,2","12,4",00:12,"24,8",10:42,14,"1,1","11,4",10:10,,,,,
2015-04-23,1089U,RAMALES DE LA VICTORIA,CANTABRIA,80,"14,5","0,0","8,9",23:47,"20,1",14:35,06,"1,1","6,7",16:10,,,,,
2015-04-24,1089U,RAMALES DE LA VICTORIA,CANTABRIA,80,"14,6","0,0","8,0",02:42,"21,1",13:25,30,"0,3","5,6",14:00,,,,,
2015-04-25,1089U,RAMALES DE LA VICTORIA,CANTABRIA,80,"17,7","0,4","10,2",05:06,"25,2",15:13,24,"1,1","10,8",14:40,,,,,
2015-04-26,1089U,RAMALES DE LA VICTORIA,CANTABRIA,80,"15,4","15,2","10,4",23:40,"20,5",09:23,26,"1,7","9,7",13:20,,,,,
2015-04-27,1089U,RAMALES DE LA VICTORIA,CANTABRIA,80,"12,6","16,8","10,2",00:45,"15,1",13:51,28,"1,7","9,2",12:20,,,,,
2015-04-28,1089U,RAMALES DE LA VICTORIA,CANTABRIA,80,"13,0","1,2","8,4",23:47,"17,7",12:36,02,"1,1","6,4",13:50,,,,,
2015-04-29,1089U,RAMALES DE LA VICTORIA,CANTABRIA,80,"12,2","0,0","8,3",00:50,"16,2",13:52,28,"0,8","7,5",14:10,,,,,
2015-04-30,1089U,RAMALES DE LA VICTORIA,CANTABRIA,80,"15,2","0,0","6,3",05:17,"24,1",14:53,18,"0,6","6,1",20:20,,,,,
2015-05-01,1089U,RAMALES DE LA VICTORIA,CANTABRIA,80,"19,4","0,0","15,6",23:40,"23,2",11:47,16,"1,4","11,7",02:00,,,,,
2015-05-02,1089U,RAMALES DE LA VICTORIA,CANTABRIA,80,"20,2","0,0","14,0",03:57,"26,3",16:57,26,"3,3","13,9",21:30,,,,,
2015-05-03,1089U,RAMALES DE LA VICTORIA,CANTABRIA,80,"20,4","0,4","15,6",23:43,"25,1",09:29,27,"2,2","17,8",05:30,,,,,
2015-05-04,1089U,RAMALES DE LA VICTORIA,CANTABRIA,80,"20,5","2,2","14,4",03:11,"26,6",15:26,26,"3,9","21,9",23:20,,,,,
2015-05-05,1089U,RAMALES DE LA VICTORIA,CANTABRIA,80,"16,0","0,0","11,4",06:06,"20,5",00:01,26,"0,6","18,6",00:10,,,,,
2015-05-06,1089U,RAMALES DE LA VICTORIA,CANTABRIA,80,"12,4","0,0","7,0",23:59,"17,9",12:41,06,"0,8","5,3",12:00,,,,,
2015-05-07,1089U,RAMALES DE LA VICTORIA,CANTABRIA,80,"18,3","0,6","6,5",03:02,"30,1",14:37,11,"0,8","9,2",14:40,,,,,
2015-05-08,1089U,RAMALES DE LA VICTORIA,CANTABRIA,80,"17,8","0,0","11,0",05:47,"24,7",12:34,28,"1,7","10,8",02:10,,,,,
2015-05-09,1089U,RAMALES DE LA VICTORIA,CANTABRIA,80,"14,6","0,0","10,5",23:50,"18,8",11:54,06,"0,8","5,6",12:00,,,,,
2015-05-10,1089U,RAMALES DE LA VICTORIA,CANTABRIA,80,"20,8","0,0","8,7",05:29,"32,9",14:35,07,"1,4","6,4",13:10,,,,,
2015-05-11,1089U,RAMALES DE LA VICTORIA,CANTABRIA,80,"19,0","0,0","14,2",23:43,"23,9",12:25,07,"1,7","7,8",13:20,,,,,
2015-05-12,1089U,RAMALES DE LA VICTORIA,CANTABRIA,80,"19,4","0,0","13,9",05:10,"24,9",14:25,06,"1,9","7,2",15:50,,,,,
2015-05-13,1089U,RAMALES DE LA VICTORIA,CANTABRIA,80,"16,9","0,0","13,3",04:52,"20,5",16:30,06,"0,8","6,4",05:40,,,,,
2015-05-14,1089U,RAMALES DE LA VICTORIA,CANTABRIA,80,"15,2","2,8","11,5",22:55,"19,0",09:07,26,"1,1","10,6",09:20,,,,,
2015-05-15,1089U,RAMALES DE LA VICTORIA,CANTABRIA,80,"12,4","7,2","10,6",04:12,"14,2",12:59,26,"2,2","10,3",00:30,,,,,
2015-05-16,1089U,RAMALES DE LA VICTORIA,CANTABRIA,80,"14,2","0,0","10,9",Varias,"17,4",14:02,06,"0,8","5,0",14:50,,,,,
2015-05-17,1089U,RAMALES DE LA VICTORIA,CANTABRIA,80,"14,0","0,0","8,3",23:58,"19,7",13:23,06,"0,8","5,0",13:30,,,,,
2015-05-18,1089U,RAMALES DE LA VICTORIA,CANTABRIA,80,"13,4","5,2","7,6",00:53,"19,3",10:00,05,"1,1","7,5",11:30,,,,,
2015-05-19,1089U,RAMALES DE LA VICTORIA,CANTABRIA,80,"12,3","11,0","10,0",07:08,"14,6",12:28,30,"1,1","8,3",10:40,,,,,
2015-05-20,1089U,RAMALES DE LA VICTORIA,CANTABRIA,80,"12,4","15,6","9,8",Varias,"15,1",13:14,28,"1,1","9,4",10:20,,,,,
2015-05-21,1089U,RAMALES DE LA VICTORIA,CANTABRIA,80,"12,8","0,8","9,2",23:39,"16,4",14:16,28,"1,1","7,5",13:00,,,,,
2015-05-22,1089U,RAMALES DE LA VICTORIA,CANTABRIA,80,"12,4","1,6","9,2",00:01,"15,6",13:28,99,"0,6","5,8",14:50,,,,,
2015-05-23,1089U,RAMALES DE LA VICTORIA,CANTABRIA,80,"13,8","0,2","9,3",Varias,"18,2",12:41,02,"1,4","6,9",14:20,,,,,
2015-05-24,1089U,RAMALES DE LA VICTORIA,CANTABRIA,80,"14,4","0,0","12,1",04:38,"16,8",12:52,29,"0,6","5,8",19:40,,,,,
2015-05-25,1089U,RAMALES DE LA VICTORIA,CANTABRIA,80,"15,7","0,6","12,5",03:14,"18,9",11:50,05,"1,1","7,8",12:30,,,,,
2015-05-26,1089U,RAMALES DE LA VICTORIA,CANTABRIA,80,"15,5","1,2","12,7",Varias,"18,3",11:23,31,"1,4","8,1",11:10,,,,,
2015-05-27,1089U,RAMALES DE LA VICTORIA,CANTABRIA,80,"15,5","0,0","9,3",23:58,"21,7",16:08,03,"0,6","6,7",14:00,,,,,
2015-05-28,1089U,RAMALES DE LA VICTORIA,CANTABRIA,80,"15,2","0,0","7,0",04:54,"23,3",12:49,05,"1,4","7,2",14:00,,,,,
2015-05-29,1089U,RAMALES DE LA VICTORIA,CANTABRIA,80,"15,4","0,0","9,8",23:56,"20,9",15:51,05,"1,4","7,8",14:10,,,,,
2015-05-30,1089U,RAMALES DE LA VICTORIA,CANTABRIA,80,"15,4","0,0","8,0",04:19,"22,9",13:09,05,"1,1","6,7",14:10,,,,,
2015-05-31,1089U,RAMALES DE LA VICTORIA,CANTABRIA,80,"16,6","0,0","8,6",04:02,"24,7",15:10,04,"1,7","6,4",12:30,,,,,
2015-06-01,1089U,RAMALES DE LA VICTORIA,CANTABRIA,80,"17,6","1,2","13,6",23:30,"21,5",10:26,05,"0,6","4,7",10:30,,,,,
2015-06-02,1089U,RAMALES DE LA VICTORIA,CANTABRIA,80,"19,8","0,0","13,6",00:01,"26,1",13:23,07,"1,4","7,2",14:00,,,,,
2015-06-03,1089U,RAMALES DE LA VICTORIA,CANTABRIA,80,"18,6","0,0","14,9",05:15,"22,2",13:19,06,"0,8","5,3",09:30,,,,,
2015-06-04,1089U,RAMALES DE LA VICTORIA,CANTABRIA,80,"26,1",,"16,2",04:40,"36,0",13:23,33,"1,7","8,3",18:30,,,,,
2015-06-05,1089U,RAMALES DE LA VICTORIA,CANTABRIA,80,"19,0","0,0","15,2",04:52,"22,7",08:44,26,"1,7","6,7",12:20,,,,,
2015-06-06,1089U,RAMALES DE LA VICTORIA,CANTABRIA,80,"17,0","0,0","15,0",03:43,"19,0",11:48,06,"0,6","5,0",12:10,,,,,
2015-06-07,1089U,RAMALES DE LA VICTORIA,CANTABRIA,80,"20,8","0,0","15,2",03:34,"26,4",15:14,07,"0,8","5,8",15:40,,,,,
2015-06-08,1089U,RAMALES DE LA VICTORIA,CANTABRIA,80,"20,4","0,0","13,8",02:17,"27,0",13:09,06,"1,7","6,7",12:10,,,,,
2015-06-09,1089U,RAMALES DE LA VICTORIA,CANTABRIA,80,"17,2","3,2","12,6",04:48,"21,8",13:18,08,"0,8","6,9",13:50,,,,,
2015-06-10,1089U,RAMALES DE LA VICTORIA,CANTABRIA,80,"15,3","2,0","11,8",07:29,"18,8",16:52,28,"0,3","4,2",06:30,,,,,
2015-06-11,1089U,RAMALES DE LA VICTORIA,CANTABRIA,80,"19,0","2,2","13,9",01:48,"24,1",13:34,06,"1,1","8,1",14:30,,,,,
2015-06-12,1089U,RAMALES DE LA VICTORIA,CANTABRIA,80,"15,6","17,0","13,9",Varias,"17,3",Varias,30,"0,6","2,8",21:00,,,,,
2015-06-13,1089U,RAMALES DE LA VICTORIA,CANTABRIA,80,"16,8","12,0","12,1",23:40,"21,5",15:24,28,"0,3","10,0",21:50,,,,,
2015-06-14,1089U,RAMALES DE LA VICTORIA,CANTABRIA,80,"15,9","13,6","10,3",Varias,"21,5",10:44,27,"0,8","5,8",11:50,,,,,
2015-06-15,1089U,RAMALES DE LA VICTORIA,CANTABRIA,80,"16,2","0,0","12,0",23:48,"20,3",15:23,99,"1,9","6,9",14:40,,,,,
2015-06-16,1089U,RAMALES DE LA VICTORIA,CANTABRIA,80,"15,5","0,0","11,4",02:39,"19,6",16:31,26,"1,9","7,2",11:50,,,,,
2015-06-17,1089U,RAMALES DE LA VICTORIA,CANTABRIA,80,"17,3","0,0","12,5",00:01,"22,1",13:53,09,"1,7","6,7",15:20,,,,,
2015-06-18,1089U,RAMALES DE LA VICTORIA,CANTABRIA,80,"17,4","0,0","10,5",05:05,"24,2",12:35,07,"1,7","7,2",14:20,,,,,
2015-06-19,1089U,RAMALES DE LA VICTORIA,CANTABRIA,80,"17,4","0,2","13,6",02:09,"21,3",10:24,28,"1,1","6,4",12:30,,,,,
2015-06-20,1089U,RAMALES DE LA VICTORIA,CANTABRIA,80,"18,4","0,0","10,4",05:15,"26,4",14:45,08,"1,1","7,8",15:30,,,,,
2015-06-21,1089U,RAMALES DE LA VICTORIA,CANTABRIA,80,"18,9","0,0","10,1",04:36,"27,7",12:56,07,"1,4","6,9",12:30,,,,,
2015-06-22,1089U,RAMALES DE LA VICTORIA,CANTABRIA,80,"19,6","0,0","12,2",03:17,"27,0",11:41,06,"1,7","6,4",12:20,,,,,
2015-06-23,1089U,RAMALES DE LA VICTORIA,CANTABRIA,80,"19,0","0,0","12,6",23:59,"25,5",11:35,06,"1,7","6,9",12:40,,,,,
2015-06-24,1089U,RAMALES DE LA VICTORIA,CANTABRIA,80,"18,0","0,0","9,9",04:41,"26,2",13:44,06,"1,4","6,4",Varias,,,,,
2015-06-25,1089U,RAMALES DE LA VICTORIA,CANTABRIA,80,"21,8","0,0","12,1",05:00,"31,5",15:32,99,"1,7","5,8",Varias,,,,,
2015-06-26,1089U,RAMALES DE LA VICTORIA,CANTABRIA,80,"19,8","0,0","14,1",04:30,"25,6",10:01,04,"1,4","7,2",10:50,,,,,
2015-06-27,1089U,RAMALES DE LA VICTORIA,CANTABRIA,80,"21,6","0,0","15,0",05:01,"28,2",13:11,04,"1,7","6,9",15:10,,,,,
2015-06-28,1089U,RAMALES DE LA VICTORIA,CANTABRIA,80,"19,6","0,0","13,8",03:47,"25,3",Varias,03,"1,1","5,6",12:40,,,,,
2015-06-29,1089U,RAMALES DE LA VICTORIA,CANTABRIA,80,"22,0","0,0","14,2",02:38,"29,8",13:23,06,"1,7","6,7",14:40,,,,,
2015-06-30,1089U,RAMALES DE LA VICTORIA,CANTABRIA,80,"26,2","1,0","17,0",05:04,"35,4",12:01,05,"1,9","8,6",11:00,,,,,
2015-07-01,1089U,RAMALES DE LA VICTORIA,CANTABRIA,80,"22,8","1,0","18,3",04:48,"27,3",12:11,06,"1,4","7,5",13:00,,,,,
2015-07-02,1089U,RAMALES DE LA VICTORIA,CANTABRIA,80,"18,5","0,2","17,3",21:52,"19,7",07:58,26,"0,6","7,2",08:40,,,,,
2015-07-03,1089U,RAMALES DE LA VICTORIA,CANTABRIA,80,"26,5","0,0","16,2",23:59,"36,8",15:24,99,"1,7","8,6",Varias,,,,,
2015-07-04,1089U,RAMALES DE LA VICTORIA,CANTABRIA,80,"20,6","1,4","13,3",05:00,"28,0",12:30,05,"1,4","8,1",14:00,,,,,
2015-07-05,1089U,RAMALES DE LA VICTORIA,CANTABRIA,80,"19,8","0,4","17,1",Varias,"22,4",11:03,99,"1,1","6,1",11:40,,,,,
2015-07-06,1089U,RAMALES DE LA VICTORIA,CANTABRIA,80,"23,0","0,0","15,8",02:28,"30,3",14:24,06,"2,2","6,9",15:00,,,,,
2015-07-07,1089U,RAMALES DE LA VICTORIA,CANTABRIA,80,"22,4","3,6","16,2",04:55,"28,6",13:07,04,"1,1","8,9",14:30,,,,,
2015-07-08,1089U,RAMALES DE LA VICTORIA,CANTABRIA,80,"18,6","0,8","16,1",23:59,"21,0",14:59,08,"1,1","4,7",16:50,,,,,
2015-07-09,1089U,RAMALES DE LA VICTORIA,CANTABRIA,80,"21,0","0,0","15,5",23:33,"26,5",14:27,99,"1,1","6,1",14:50,,,,,
2015-07-10,1089U,RAMALES DE LA VICTORIA,CANTABRIA,80,"20,8","0,0","11,1",04:39,"30,5",11:37,28,"2,8","15,3",15:00,,,,,
2015-07-11,1089U,RAMALES DE LA VICTORIA,CANTABRIA,80,"20,1","0,0","15,3",05:48,"24,9",15:08,04,"0,8","5,3",15:40,,,,,
2015-07-12,1089U,RAMALES DE LA VICTORIA,CANTABRIA,80,"19,1","0,0","14,7",23:52,"23,5",13:06,99,"1,1","3,9",Varias,,,,,
2015-07-13,1089U,RAMALES DE LA VICTORIA,CANTABRIA,80,"19,8","0,0","11,5",05:11,"28,1",13:25,06,"1,4","8,9",15:30,,,,,
2015-07-14,1089U,RAMALES DE LA VICTORIA,CANTABRIA,80,"21,6","0,0","13,9",01:33,"29,4",13:41,06,"1,7","7,8",15:30,,,,,
2015-07-15,1089U,RAMALES DE LA VICTORIA,CANTABRIA,80,"22,8","0,0","17,1",04:11,"28,5",13:19,04,"1,4","6,9",12:40,,,,,
2015-07-16,1089U,RAMALES DE LA VICTORIA,CANTABRIA,80,"22,0","0,0","16,6",23:53,"27,5",15:20,26,"1,4","6,1",11:50,,,,,
2015-07-17,1089U,RAMALES DE LA VICTORIA,CANTABRIA,80,"22,0","0,0","14,6",02:47,"29,4",13:09,06,"1,7","6,4",13:20,,,,,
2015-07-18,1089U,RAMALES DE LA VICTORIA,CANTABRIA,80,"23,6","0,0","17,5",Varias,"29,6",11:58,03,"0,8","7,2",12:20,,,,,
2015-07-19,1089U,RAMALES DE LA VICTORIA,CANTABRIA,80,"23,8","0,0","17,4",05:15,"30,1",11:42,09,"1,1","7,5",14:10,,,,,
2015-07-20,1089U,RAMALES DE LA VICTORIA,CANTABRIA,80,"24,4","0,0","15,8",04:59,"32,9",13:08,04,"1,4","7,2",15:10,,,,,
2015-07-21,1089U,RAMALES DE LA VICTORIA,CANTABRIA,80,"21,3","10,0","18,0",04:45,"24,6",12:41,11,"1,1","4,7",17:00,,,,,
2015-07-22,1089U,RAMALES DE LA VICTORIA,CANTABRIA,80,"20,1","0,2","17,8",Varias,"22,4",13:06,24,"1,1","7,2",10:40,,,,,
2015-07-23,1089U,RAMALES DE LA VICTORIA,CANTABRIA,80,,"0,0",,,,,06,"1,1","6,7",15:00,,,,,
2015-07-24,1089U,RAMALES DE LA VICTORIA,CANTABRIA,80,"22,2","8,6","14,8",03:53,"29,6",11:53,27,"1,4","8,1",14:30,,,,,
2015-07-25,1089U,RAMALES DE LA VICTORIA,CANTABRIA,80,"18,0","0,0","12,9",23:59,"23,1",16:29,31,"0,8","5,8",11:50,,,,,
2015-07-26,1089U,RAMALES DE LA VICTORIA,CANTABRIA,80,"20,7","0,8","10,7",05:02,"30,7",13:00,27,"1,4","8,3",17:50,,,,,
2015-07-27,1089U,RAMALES DE LA VICTORIA,CANTABRIA,80,"20,4","0,8","17,1",Varias,"23,6",10:25,99,"1,1","6,7",13:50,,,,,
2015-07-28,1089U,RAMALES DE LA VICTORIA,CANTABRIA,80,"22,8","0,0","16,1",05:08,"29,4",14:37,05,"1,4","6,7",14:20,,,,,
2015-07-29,1089U,RAMALES DE LA VICTORIA,CANTABRIA,80,"18,0","3,8","15,9",04:21,"20,0",12:02,08,"0,3","4,4",14:40,,,,,
2015-07-30,1089U,RAMALES DE LA VICTORIA,CANTABRIA,80,"17,6","12,4","13,8",23:35,"21,3",15:25,04,"0,6","4,7",15:30,,,,,
2015-07-31,1089U,RAMALES DE LA VICTORIA,CANTABRIA,80,"15,8","0,6","12,8",23:56,"18,7",10:49,28,"0,6","5,0",14:30,,,,,
2015-08-01,1089U,RAMALES DE LA VICTORIA,CANTABRIA,80,"17,4","0,0","10,3",05:43,"24,6",16:24,04,"1,4","5,6",13:00,,,,,
2015-08-02,1089U,RAMALES DE LA VICTORIA,CANTABRIA,80,"23,4","0,0","11,2",04:17,"35,5",14:19,31,"1,9","7,8",17:40,,,,,
2015-08-03,1089U,RAMALES DE LA VICTORIA,CANTABRIA,80,"20,1","0,6","13,1",05:06,"27,1",13:56,04,"1,4","7,2",14:20,,,,,
2015-08-04,1089U,RAMALES DE LA VICTORIA,CANTABRIA,80,"19,4","0,0","17,1",04:55,"21,8",14:03,24,"1,1","6,4",02:20,,,,,
2015-08-05,1089U,RAMALES DE LA VICTORIA,CANTABRIA,80,"21,8","0,0","15,9",Varias,"27,6",14:59,31,"1,4","8,3",09:40,,,,,
2015-08-06,1089U,RAMALES DE LA VICTORIA,CANTABRIA,80,"22,2","0,0","14,8",05:50,"29,6",12:37,06,"1,1","7,5",12:50,,,,,
2015-08-07,1089U,RAMALES DE LA VICTORIA,CANTABRIA,80,"19,0","1,6","15,4",23:51,"22,7",09:23,26,"0,8","9,2",09:40,,,,,
2015-08-08,1089U,RAMALES DE LA VICTORIA,CANTABRIA,80,"18,8","0,2","14,8",Varias,"22,9",15:12,31,"1,7","8,1",12:00,,,,,
2015-08-09,1089U,RAMALES DE LA VICTORIA,CANTABRIA,80,"20,0","0,0","14,0",23:59,"25,9",14:02,04,"1,4","6,9",15:20,,,,,
2015-08-10,1089U,RAMALES DE LA VICTORIA,CANTABRIA,80,"22,2","0,0","11,3",05:06,"33,1",14:02,06,"0,8","6,9",14:50,,,,,
2015-08-11,1089U,RAMALES DE LA VICTORIA,CANTABRIA,80,"21,2","0,0","15,9",05:03,"26,5",12:35,28,"1,7","6,4",17:10,,,,,
2015-08-12,1089U,RAMALES DE LA VICTORIA,CANTABRIA,80,"22,8","0,2","15,7",05:45,"29,9",12:23,06,"1,4","6,4",12:40,,,,,
2015-08-13,1089U,RAMALES DE LA VICTORIA,CANTABRIA,80,"21,2","3,8","17,6",23:58,"24,8",11:52,99,"1,7","7,8",Varias,,,,,
2015-08-14,1089U,RAMALES DE LA VICTORIA,CANTABRIA,80,"19,8","6,0","15,7",03:38,"23,8",14:51,24,"2,2","9,7",12:40,,,,,
2015-08-15,1089U,RAMALES DE LA VICTORIA,CANTABRIA,80,"17,6","1,0","12,5",23:53,"22,8",13:16,32,"1,1","7,8",13:30,,,,,
2015-08-16,1089U,RAMALES DE LA VICTORIA,CANTABRIA,80,"18,0","0,8","11,8",Varias,"24,2",13:28,07,"1,4","6,7",15:10,,,,,
2015-08-17,1089U,RAMALES DE LA VICTORIA,CANTABRIA,80,"20,0","0,0","14,6",05:13,"25,4",14:12,04,"1,4","6,4",15:10,,,,,
2015-08-18,1089U,RAMALES DE LA VICTORIA,CANTABRIA,80,"18,3","0,0","13,6",02:03,"23,0",11:59,26,"1,1","5,3",13:50,,,,,
2015-08-19,1089U,RAMALES DE LA VICTORIA,CANTABRIA,80,"19,6","0,0","12,7",23:59,"26,4",12:30,05,"1,4","6,7",13:40,,,,,
2015-08-20,1089U,RAMALES DE LA VICTORIA,CANTABRIA,80,"20,4","0,0","9,9",05:29,"31,0",14:25,05,"1,4","6,9",15:50,,,,,
2015-08-21,1089U,RAMALES DE LA VICTORIA,CANTABRIA,80,"21,1","0,0","13,0",05:52,"29,2",Varias,06,"1,9","7,8",13:50,,,,,
2015-08-22,1089U,RAMALES DE LA VICTORIA,CANTABRIA,80,"21,4","18,2","16,1",Varias,"26,8",13:21,27,"1,9","8,6",15:40,,,,,
2015-08-23,1089U,RAMALES DE LA VICTORIA,CANTABRIA,80,"21,0","0,0","14,7",06:16,"27,2",13:30,26,"1,9","16,4",14:50,,,,,
2015-08-24,1089U,RAMALES DE LA VICTORIA,CANTABRIA,80,"17,7","0,0","12,5",05:54,"22,9",12:07,28,"1,7","7,8",12:10,,,,,
2015-08-25,1089U,RAMALES DE LA VICTORIA,CANTABRIA,80,"20,0","0,0","11,5",04:57,"28,6",13:08,06,"1,4","7,5",12:30,,,,,
2015-08-26,1089U,RAMALES DE LA VICTORIA,CANTABRIA,80,"22,8","0,0","13,3",03:30,"32,4",11:45,27,"2,2","9,4",13:00,,,,,
2015-08-27,1089U,RAMALES DE LA VICTORIA,CANTABRIA,80,"24,2","0,0","16,3",02:43,"32,0",12:30,26,"2,8","15,0",07:50,,,,,
2015-08-28,1089U,RAMALES DE LA VICTORIA,CANTABRIA,80,"22,2","0,0","15,7",02:06,"28,7",15:31,07,"1,7","7,8",13:40,,,,,
2015-08-29,1089U,RAMALES DE LA VICTORIA,CANTABRIA,80,"25,1","0,0","16,2",04:09,"34,0",11:18,05,"1,7","9,2",12:40,,,,,
2015-08-30,1089U,RAMALES DE LA VICTORIA,CANTABRIA,80,"27,2","1,8","19,6",05:54,"34,8",12:18,26,"1,4","14,4",20:20,,,,,
2015-08-31,1089U,RAMALES DE LA VICTORIA,CANTABRIA,80,"20,6","21,6","18,0",23:46,"23,2",Varias,12,"1,9","8,6",03:00,,,,,
2015-09-01,1089U,RAMALES DE LA VICTORIA,CANTABRIA,80,,"0,4",,,,,29,"0,3","5,0",01:30,,,,,
2015-09-02,1089U,RAMALES DE LA VICTORIA,CANTABRIA,80,"16,6","5,8","12,2",Varias,"20,9",10:59,02,"0,6","4,2",20:50,,,,,
2015-09-03,1089U,RAMALES DE LA VICTORIA,CANTABRIA,80,"16,0","7,4","14,2",Varias,"17,9",11:38,29,"1,4","6,1",13:00,,,,,
2015-09-04,1089U,RAMALES DE LA VICTORIA,CANTABRIA,80,"15,4","5,0","13,7",23:41,"17,0",13:04,99,"0,6","3,1",Varias,,,,,
2015-09-05,1089U,RAMALES DE LA VICTORIA,CANTABRIA,80,"15,8","0,0","9,9",23:57,"21,7",14:18,06,"0,6","5,0",15:10,,,,,
2015-09-06,1089U,RAMALES DE LA VICTORIA,CANTABRIA,80,"15,6","0,0","8,2",05:57,"23,1",13:06,05,"0,8","5,3",14:00,,,,,
2015-09-07,1089U,RAMALES DE LA VICTORIA,CANTABRIA,80,"15,7","0,0","8,5",05:44,"22,9",13:24,08,"1,1","7,5",11:20,,,,,
2015-09-08,1089U,RAMALES DE LA VICTORIA,CANTABRIA,80,"16,4","0,0","7,0",05:49,"25,9",14:32,07,"0,8","6,4",15:20,,,,,
2015-09-09,1089U,RAMALES DE LA VICTORIA,CANTABRIA,80,"17,0","0,0","9,0",06:02,"25,0",12:44,06,"0,8","4,7",12:40,,,,,
2015-09-10,1089U,RAMALES DE LA VICTORIA,CANTABRIA,80,"18,4","0,0","13,6",23:54,"23,3",10:32,06,"0,6","4,2",12:10,,,,,
2015-09-11,1089U,RAMALES DE LA VICTORIA,CANTABRIA,80,"19,2","0,0","12,8",05:40,"25,6",14:32,08,"0,8","6,7",14:30,,,,,
2015-09-12,1089U,RAMALES DE LA VICTORIA,CANTABRIA,80,"18,3","0,2","15,4",04:15,"21,2",10:24,08,"0,6","4,2",11:00,,,,,
2015-09-13,1089U,RAMALES DE LA VICTORIA,CANTABRIA,80,"18,4","4,8","14,1",23:41,"22,8",17:24,25,"2,5","12,8",15:50,,,,,
2015-09-14,1089U,RAMALES DE LA VICTORIA,CANTABRIA,80,"16,6","0,6","12,7",22:46,"20,5",11:03,24,"1,4","6,9",11:00,,,,,
2015-09-15,1089U,RAMALES DE LA VICTORIA,CANTABRIA,80,"18,0","4,4","12,3",Varias,"23,8",23:52,25,"3,9","22,2",18:10,,,,,
2015-09-16,1089U,RAMALES DE LA VICTORIA,CANTABRIA,80,"19,5","0,2","13,0",23:59,"26,0",12:56,28,"3,3","30,0",02:20,,,,,
2015-09-17,1089U,RAMALES DE LA VICTORIA,CANTABRIA,80,"15,3","0,6","11,3",02:07,"19,3",11:34,29,"0,3","6,1",10:30,,,,,
2015-09-18,1089U,RAMALES DE LA VICTORIA,CANTABRIA,80,"16,2","0,0","11,1",02:27,"21,2",13:12,28,"0,8","5,6",10:20,,,,,
2015-09-19,1089U,RAMALES DE LA VICTORIA,CANTABRIA,80,"15,8","0,0","8,5",06:03,"23,0",11:50,02,"1,1","6,4",13:00,,,,,
2015-09-20,1089U,RAMALES DE LA VICTORIA,CANTABRIA,80,"17,6","0,0","9,5",06:57,"25,6",14:29,06,"0,6","5,8",14:50,,,,,
2015-09-21,1089U,RAMALES DE LA VICTORIA,CANTABRIA,80,"16,3","1,8","8,9",05:46,"23,7",12:12,26,"1,4","7,2",16:00,,,,,
2015-09-22,1089U,RAMALES DE LA VICTORIA,CANTABRIA,80,"17,0","6,6","13,8",Varias,"20,2",11:07,25,"1,9","8,1",11:30,,,,,
2015-09-23,1089U,RAMALES DE LA VICTORIA,CANTABRIA,80,"15,2","26,6","13,6",01:56,"16,9",15:31,28,"1,4","5,3",08:20,,,,,
2015-09-24,1089U,RAMALES DE LA VICTORIA,CANTABRIA,80,"18,1","0,0","12,9",21:16,"23,3",14:23,08,"0,3","5,3",15:20,,,,,
2015-09-25,1089U,RAMALES DE LA VICTORIA,CANTABRIA,80,"18,2","0,0","12,7",04:04,"23,7",14:37,08,"0,8","6,4",16:20,,,,,
2015-09-26,1089U,RAMALES DE LA VICTORIA,CANTABRIA,80,"18,6","0,0","13,4",06:19,"23,7",10:57,04,"1,4","6,1",13:10,,,,,
2015-09-27,1089U,RAMALES DE LA VICTORIA,CANTABRIA,80,"16,8","0,0","10,4",23:53,"23,1",12:39,07,"0,6","6,7",15:00,,,,,
2015-09-28,1089U,RAMALES DE LA VICTORIA,CANTABRIA,80,"16,8","0,0","8,3",06:46,"25,2",14:49,08,"0,6","5,8",16:10,,,,,
2015-09-29,1089U,RAMALES DE LA VICTORIA,CANTABRIA,80,"16,4","0,0","10,2",06:42,"22,7",11:02,06,"1,4","5,6",13:00,,,,,
2015-09-30,1089U,RAMALES DE LA VICTORIA,CANTABRIA,80,"16,8","0,2","10,1",06:13,"23,6",14:58,99,"0,8","4,2",Varias,,,,,
2015-10-01,1089U,RAMALES DE LA VICTORIA,CANTABRIA,80,"15,8","16,8","9,4",Varias,"22,3",11:47,28,"1,7","10,0",16:10,,,,,
2015-10-02,1089U,RAMALES DE LA VICTORIA,CANTABRIA,80,"14,3","7,6","10,3",23:54,"18,3",12:23,29,"0,6","5,8",12:50,,,,,
2015-10-03,1089U,RAMALES DE LA VICTORIA,CANTABRIA,80,"14,6","0,8","8,3",06:40,"20,8",13:54,06,"0,6","5,6",15:00,,,,,
2015-10-04,1089U,RAMALES DE LA VICTORIA,CANTABRIA,80,"17,6","1,0","8,5",00:01,"26,8",14:26,26,"1,7","17,2",13:50,,,,,
2015-10-05,1089U,RAMALES DE LA VICTORIA,CANTABRIA,80,"25,2","0,0","21,9",21:12,"28,6",14:53,27,"2,5","16,7",23:50,,,,,
2015-10-06,1089U,RAMALES DE LA VICTORIA,CANTABRIA,80,"18,2","39,0","13,0",23:52,"23,5",00:48,24,"2,5","17,2",00:30,,,,,
2015-10-07,1089U,RAMALES DE LA VICTORIA,CANTABRIA,80,"14,8","0,2","9,6",06:59,"19,9",12:37,29,"0,6","5,8",12:40,,,,,
2015-10-08,1089U,RAMALES DE LA VICTORIA,CANTABRIA,80,"14,9","0,0","8,6",02:40,"21,2",14:16,24,"0,3","4,2",12:30,,,,,
2015-10-09,1089U,RAMALES DE LA VICTORIA,CANTABRIA,80,"14,6","0,0","6,3",06:43,"22,9",14:24,99,"0,6","5,3",Varias,,,,,
2015-10-10,1089U,RAMALES DE LA VICTORIA,CANTABRIA,80,"17,2","0,0","6,7",06:08,"27,8",14:07,10,"0,3","5,6",11:00,,,,,
2015-10-11,1089U,RAMALES DE LA VICTORIA,CANTABRIA,80,"18,2","0,0","11,7",06:48,"24,8",13:24,07,"0,6","3,9",15:40,,,,,
2015-10-12,1089U,RAMALES DE LA VICTORIA,CANTABRIA,80,"14,6","16,2","12,8",23:33,"16,5",11:43,29,"0,0","4,7",20:00,,,,,
2015-10-13,1089U,RAMALES DE LA VICTORIA,CANTABRIA,80,"14,9","0,2","11,9",02:37,"17,9",10:41,06,"0,6","5,8",12:10,,,,,
2015-10-14,1089U,RAMALES DE LA VICTORIA,CANTABRIA,80,"10,5","0,0","4,9",23:40,"16,1",12:00,06,"0,8","6,1",13:30,,,,,
2015-10-15,1089U,RAMALES DE LA VICTORIA,CANTABRIA,80,"10,3","0,0","2,3",07:07,"18,3",14:17,06,"0,3","4,2",12:00,,,,,
2015-10-16,1089U,RAMALES DE LA VICTORIA,CANTABRIA,80,"10,2","0,0","1,8",06:39,"18,5",12:58,08,"0,3","4,7",15:40,,,,,
2015-10-17,1089U,RAMALES DE LA VICTORIA,CANTABRIA,80,"15,1","1,0","6,4",05:48,"23,8",13:40,09,"0,8","7,5",19:20,,,,,
2015-10-18,1089U,RAMALES DE LA VICTORIA,CANTABRIA,80,"19,2","5,4","14,5",23:48,"23,8",11:49,25,"0,8","11,4",03:40,,,,,
2015-10-19,1089U,RAMALES DE LA VICTORIA,CANTABRIA,80,"15,7","20,0","14,3",00:37,"17,1",13:23,27,"0,3","2,8",23:59,,,,,
2015-10-20,1089U,RAMALES DE LA VICTORIA,CANTABRIA,80,"13,8","1,2","12,3",20:00,"15,4",11:36,31,"0,8","6,1",14:00,,,,,
2015-10-21,1089U,RAMALES DE LA VICTORIA,CANTABRIA,80,"13,4","0,8","11,0",Varias,"15,9",15:42,29,"0,8","5,3",14:30,,,,,
2015-10-22,1089U,RAMALES DE LA VICTORIA,CANTABRIA,80,"13,8","0,0","7,6",22:54,"19,9",12:54,05,"0,3","5,6",15:10,,,,,
2015-10-23,1089U,RAMALES DE LA VICTORIA,CANTABRIA,80,"13,5","0,0","6,0",Varias,"21,0",13:46,25,"0,6","3,3",23:20,,,,,
2015-10-24,1089U,RAMALES DE LA VICTORIA,CANTABRIA,80,"16,4","1,6","11,0",05:48,"21,9",13:55,04,"0,3","3,1",13:40,,,,,
2015-10-25,1089U,RAMALES DE LA VICTORIA,CANTABRIA,80,"15,8","0,0","11,4",22:06,"20,3",14:04,15,"0,6","6,4",23:30,,,,,
2015-10-26,1089U,RAMALES DE LA VICTORIA,CANTABRIA,80,"18,6","0,0","14,6",00:27,"22,7",11:37,11,"1,9","13,9",21:00,,,,,
2015-10-27,1089U,RAMALES DE LA VICTORIA,CANTABRIA,80,"15,6","4,8","11,7",18:02,"19,4",04:25,25,"1,4","16,9",23:59,,,,,
2015-10-28,1089U,RAMALES DE LA VICTORIA,CANTABRIA,80,"16,0","0,0","12,0",08:16,"20,0",12:03,28,"0,8","17,8",02:50,,,,,
2015-10-29,1089U,RAMALES DE LA VICTORIA,CANTABRIA,80,"20,7","0,0","16,2",07:29,"25,2",13:43,15,"1,1","14,2",23:00,,,,,
2015-10-30,1089U,RAMALES DE LA VICTORIA,CANTABRIA,80,"23,2","0,0","19,6",18:06,"26,9",13:05,14,"1,7","12,2",04:50,,,,,
2015-10-31,1089U,RAMALES DE LA VICTORIA,CANTABRIA,80,"19,1","0,0","12,7",23:56,"25,5",14:31,11,"1,4","9,4",11:40,,,,,
2015-11-01,1089U,RAMALES DE LA VICTORIA,CANTABRIA,80,"16,9","0,0","9,6",06:16,"24,2",12:35,10,"1,1","10,0",19:20,,,,,
2015-11-02,1089U,RAMALES DE LA VICTORIA,CANTABRIA,80,"16,8","1,2","14,8",18:51,"18,9",10:24,17,"1,7","13,3",23:40,,,,,
2015-11-03,1089U,RAMALES DE LA VICTORIA,CANTABRIA,80,"15,6","0,4","11,6",Varias,"19,6",13:18,14,"3,1","17,8",07:40,,,,,
2015-11-04,1089U,RAMALES DE LA VICTORIA,CANTABRIA,80,"15,4","0,0","9,1",05:58,"21,7",11:38,28,"3,1","16,7",13:30,,,,,
2015-11-05,1089U,RAMALES DE LA VICTORIA,CANTABRIA,80,"16,4","0,0","12,0",06:29,"20,8",14:04,18,"1,1","12,5",01:50,,,,,
2015-11-06,1089U,RAMALES DE LA VICTORIA,CANTABRIA,80,"18,0","0,0","11,2",23:46,"24,8",12:25,10,"1,1","6,7",03:20,,,,,
2015-11-07,1089U,RAMALES DE LA VICTORIA,CANTABRIA,80,"16,5","0,0","8,2",06:43,"24,8",13:52,07,"0,8","3,9",13:10,,,,,
2015-11-08,1089U,RAMALES DE LA VICTORIA,CANTABRIA,80,"19,0","0,0","9,4",02:10,"28,5",13:34,16,"1,7","9,2",12:10,,,,,
2015-11-09,1089U,RAMALES DE LA VICTORIA,CANTABRIA,80,"16,8","0,0","10,3",22:31,"23,2",14:25,05,"0,0","3,3",14:20,,,,,
2015-11-10,1089U,RAMALES DE LA VICTORIA,CANTABRIA,80,"14,8","0,4","8,7",07:45,"21,0",13:08,04,"0,8","5,0",14:20,,,,,
2015-11-11,1089U,RAMALES DE LA VICTORIA,CANTABRIA,80,"15,0","0,0","12,0",20:18,"17,9",14:36,99,"0,6","3,3",11:30,,,,,
2015-11-12,1089U,RAMALES DE LA VICTORIA,CANTABRIA,80,"13,0","0,0","7,0",23:56,"18,9",12:41,16,"0,3","5,3",03:50,,,,,
2015-11-13,1089U,RAMALES DE LA VICTORIA,CANTABRIA,80,"12,2","1,6","7,0",00:01,"17,5",12:14,27,"0,3","3,3",15:00,,,,,
2015-11-14,1089U,RAMALES DE LA VICTORIA,CANTABRIA,80,"13,2","0,0","7,3",23:33,"19,0",14:34,08,"0,3","4,7",07:20,,,,,
2015-11-15,1089U,RAMALES DE LA VICTORIA,CANTABRIA,80,"9,3","0,0","2,7",07:17,"15,9",13:39,21,"0,3","1,7",13:00,,,,,
2015-11-16,1089U,RAMALES DE LA VICTORIA,CANTABRIA,80,"10,7","0,0","3,8",02:34,"17,6",14:04,14,"0,3","5,0",09:20,,,,,
2015-11-17,1089U,RAMALES DE LA VICTORIA,CANTABRIA,80,"11,9","0,0","5,1",06:55,"18,7",13:33,16,"0,3","3,6",14:00,,,,,
2015-11-18,1089U,RAMALES DE LA VICTORIA,CANTABRIA,80,"13,8","0,0","6,6",06:17,"20,9",14:27,10,"0,3","3,1",14:10,,,,,
2015-11-19,1089U,RAMALES DE LA VICTORIA,CANTABRIA,80,"14,2","0,0","7,3",06:49,"21,0",12:56,05,"0,8","4,7",13:10,,,,,
2015-11-20,1089U,RAMALES DE LA VICTORIA,CANTABRIA,80,"12,4","45,4","7,0",07:33,"17,9",12:52,25,"0,3","4,4",23:20,,,,,
2015-11-21,1089U,RAMALES DE LA VICTORIA,CANTABRIA,80,"10,4","31,4","6,6",22:28,"14,3",00:18,28,"1,7","16,9",14:20,,,,,
2015-11-22,1089U,RAMALES DE LA VICTORIA,CANTABRIA,80,"5,8","17,2","3,8",23:32,"7,9",00:05,32,"0,3","7,5",01:30,,,,,
2015-11-23,1089U,RAMALES DE LA VICTORIA,CANTABRIA,80,"6,0","13,4","2,3",06:38,"9,8",12:12,25,"1,4","7,8",12:10,,,,,
2015-11-24,1089U,RAMALES DE LA VICTORIA,CANTABRIA,80,"10,4","17,8","7,5",00:58,"13,3",20:57,27,"0,3","10,3",21:00,,,,,
2015-11-25,1089U,RAMALES DE LA VICTORIA,CANTABRIA,80,"12,5","22,0","10,9",02:34,"14,1",16:30,27,"2,5","16,7",17:10,,,,,
2015-11-26,1089U,RAMALES DE LA VICTORIA,CANTABRIA,80,"12,8","23,2","11,9",Varias,"13,8",07:52,28,"1,9","11,7",04:10,,,,,
2015-11-27,1089U,RAMALES DE LA VICTORIA,CANTABRIA,80,"12,7","14,0","10,7",06:45,"14,7",13:06,27,"0,3","5,8",00:40,,,,,
2015-11-28,1089U,RAMALES DE LA VICTORIA,CANTABRIA,80,"9,3","2,0","6,6",23:46,"12,0",01:42,27,"0,6","8,9",04:30,,,,,
2015-11-29,1089U,RAMALES DE LA VICTORIA,CANTABRIA,80,"8,0","0,0","3,6",Varias,"12,3",12:23,27,"0,3","1,7",01:00,,,,,
2015-11-30,1089U,RAMALES DE LA VICTORIA,CANTABRIA,80,"6,8","0,0","1,2",07:30,"12,3",13:12,26,"0,0","1,4",08:40,,,,,
2015-12-01,1089U,RAMALES DE LA VICTORIA,CANTABRIA,80,"5,6","0,0","0,9",08:10,"10,3",12:46,26,"0,3","1,7",14:40,,,,,
2015-12-02,1089U,RAMALES DE LA VICTORIA,CANTABRIA,80,"5,4","0,0","-0,2",05:47,"11,0",13:05,24,"0,3","1,7",00:40,,,,,
2015-12-03,1089U,RAMALES DE LA VICTORIA,CANTABRIA,80,"9,2","0,0","2,4",07:37,"15,9",13:03,12,"0,8","4,4",15:50,,,,,
2015-12-04,1089U,RAMALES DE LA VICTORIA,CANTABRIA,80,"10,2","0,6","7,3",03:19,"13,2",14:08,23,"0,0","3,6",01:10,,,,,
2015-12-05,1089U,RAMALES DE LA VICTORIA,CANTABRIA,80,"10,0","0,2","5,0",08:20,"15,1",13:12,99,"0,3","1,7",Varias,,,,,
2015-12-06,1089U,RAMALES DE LA VICTORIA,CANTABRIA,80,"9,7","0,0","4,5",07:13,"14,9",13:02,14,"0,8","14,4",22:20,,,,,
2015-12-07,1089U,RAMALES DE LA VICTORIA,CANTABRIA,80,"14,8","0,0","9,3",23:08,"20,2",13:30,14,"2,5","15,3",09:40,,,,,
2015-12-08,1089U,RAMALES DE LA VICTORIA,CANTABRIA,80,"13,4","7,4","9,6",07:33,"17,1",01:58,16,"0,6","12,2",02:00,,,,,
2015-12-09,1089U,RAMALES DE LA VICTORIA,CANTABRIA,80,"10,0","0,2","3,6",23:57,"16,3",12:53,12,"0,3","3,3",13:30,,,,,
2015-12-10,1089U,RAMALES DE LA VICTORIA,CANTABRIA,80,"7,2","0,0","1,7",05:01,"12,7",13:36,27,"0,3","2,2",07:20,,,,,
2015-12-11,1089U,RAMALES DE LA VICTORIA,CANTABRIA,80,"8,4","0,0","4,2",05:30,"12,7",12:52,24,"0,6","1,7",13:30,,,,,
2015-12-12,1089U,RAMALES DE LA VICTORIA,CANTABRIA,80,"7,2","0,0","2,5",08:30,"11,9",12:59,29,"0,3","1,4",05:20,,,,,
2015-12-13,1089U,RAMALES DE LA VICTORIA,CANTABRIA,80,"9,0","0,0","0,8",07:00,"17,3",22:19,26,"1,1","18,6",23:30,,,,,
2015-12-14,1089U,RAMALES DE LA VICTORIA,CANTABRIA,80,"17,7","0,0","16,1",04:54,"19,3",22:12,25,"5,0","22,5",02:50,,,,,
2015-12-15,1089U,RAMALES DE LA VICTORIA,CANTABRIA,80,"15,4","0,0","9,9",23:33,"21,0",10:51,14,"5,0","18,3",02:40,,,,,
2015-12-16,1089U,RAMALES DE LA VICTORIA,CANTABRIA,80,"13,8","0,0","7,9",05:38,"19,7",14:40,10,"0,3","8,6",14:40,,,,,
2015-12-17,1089U,RAMALES DE LA VICTORIA,CANTABRIA,80,"16,0","0,0","8,8",08:29,"23,1",15:46,16,"1,9","15,0",00:40,,,,,
2015-12-18,1089U,RAMALES DE LA VICTORIA,CANTABRIA,80,"15,0","0,0","9,7",04:02,"20,3",23:54,16,"0,8","15,8",23:10,,,,,
2015-12-19,1089U,RAMALES DE LA VICTORIA,CANTABRIA,80,"19,5","0,0","15,5",03:45,"23,5",11:33,19,"3,6","19,2",11:00,,,,,
2015-12-20,1089U,RAMALES DE LA VICTORIA,CANTABRIA,80,"14,2","0,0","7,6",23:53,"20,7",00:25,20,"1,4","10,3",03:30,,,,,
2015-12-21,1089U,RAMALES DE LA VICTORIA,CANTABRIA,80,"6,8","0,0","1,3",23:57,"12,2",12:58,24,"0,0","2,8",19:10,,,,,
2015-12-22,1089U,RAMALES DE LA VICTORIA,CANTABRIA,80,"9,2","0,0","-0,3",04:23,"18,8",13:18,13,"1,1","6,7",13:10,,,,,
2015-12-23,1089U,RAMALES DE LA VICTORIA,CANTABRIA,80,"12,0","0,0","6,3",00:01,"17,8",23:37,20,"0,3","11,9",23:40,,,,,
2015-12-24,1089U,RAMALES DE LA VICTORIA,CANTABRIA,80,"14,6","0,0","10,6",23:52,"18,5",13:05,24,"3,3","16,1",18:10,,,,,
2015-12-25,1089U,RAMALES DE LA VICTORIA,CANTABRIA,80,"11,0","0,0","4,6",23:57,"17,3",13:18,11,"0,8","7,2",03:00,,,,,
2015-12-26,1089U,RAMALES DE LA VICTORIA,CANTABRIA,80,"11,5","0,0","3,3",07:55,"19,7",13:24,16,"2,5","11,9",20:30,,,,,
2015-12-27,1089U,RAMALES DE LA VICTORIA,CANTABRIA,80,"11,2","0,0","3,0",07:53,"19,5",12:04,12,"2,2","10,8",21:50,,,,,
2015-12-28,1089U,RAMALES DE LA VICTORIA,CANTABRIA,80,"15,7","2,0","11,3",23:09,"20,1",13:00,14,"3,9","19,4",13:30,,,,,
2015-12-29,1089U,RAMALES DE LA VICTORIA,CANTABRIA,80,"11,0","0,0","6,3",07:09,"15,7",12:51,16,"1,4","11,7",01:30,,,,,
2015-12-30,1089U,RAMALES DE LA VICTORIA,CANTABRIA,80,"14,2","3,4","8,6",00:24,"19,9",17:51,16,"5,8","21,7",14:20,,,,,
2015-12-31,1089U,RAMALES DE LA VICTORIA,CANTABRIA,80,"8,8","0,0","3,8",Varias,"13,7",12:35,26,"0,8","3,3",01:50,,,,,
2016-01-01,1089U,RAMALES DE LA VICTORIA,CANTABRIA,80,"10,8","2,8","3,4",02:36,"18,3",14:34,18,"2,5","20,6",10:20,,,,,
2016-01-02,1089U,RAMALES DE LA VICTORIA,CANTABRIA,80,"8,8","0,2","4,4",18:56,"13,3",13:24,29,"1,9","7,5",13:30,,,,,
2016-01-03,1089U,RAMALES DE LA VICTORIA,CANTABRIA,80,"12,4","10,6","6,1",Varias,"18,7",14:45,17,"4,4","22,5",08:50,,,,,
2016-01-04,1089U,RAMALES DE LA VICTORIA,CANTABRIA,80,"9,4","13,8","7,7",23:59,"11,1",00:01,26,"0,3","7,8",22:50,,,,,
2016-01-05,1089U,RAMALES DE LA VICTORIA,CANTABRIA,80,"7,8","0,0","2,9",07:53,"12,6",13:13,29,"0,6","7,8",13:50,,,,,
2016-01-06,1089U,RAMALES DE LA VICTORIA,CANTABRIA,80,"13,0","1,2","9,8",02:20,"16,1",18:28,16,"4,7","21,4",17:40,,,,,
2016-01-07,1089U,RAMALES DE LA VICTORIA,CANTABRIA,80,"13,8","1,8","8,7",00:44,"19,0",10:30,18,"1,9","20,0",05:20,,,,,
2016-01-08,1089U,RAMALES DE LA VICTORIA,CANTABRIA,80,"15,0","5,8","9,9",23:47,"20,1",05:30,26,"2,5","27,5",04:00,,,,,
2016-01-09,1089U,RAMALES DE LA VICTORIA,CANTABRIA,80,"11,5","1,8","6,9",07:31,"16,1",18:05,28,"5,0","22,8",17:30,,,,,
2016-01-10,1089U,RAMALES DE LA VICTORIA,CANTABRIA,80,"12,8","7,2","9,0",23:55,"16,5",19:56,24,"1,9","18,3",19:10,,,,,
2016-01-11,1089U,RAMALES DE LA VICTORIA,CANTABRIA,80,"9,0","0,2","4,3",22:58,"13,7",12:33,26,"0,8","14,2",23:50,,,,,
2016-01-12,1089U,RAMALES DE LA VICTORIA,CANTABRIA,80,"7,7","4,6","2,6",23:57,"12,8",12:51,28,"1,9","11,4",01:40,,,,,
2016-01-13,1089U,RAMALES DE LA VICTORIA,CANTABRIA,80,"8,0","0,8","0,4",07:29,"15,6",23:47,15,"3,9","23,3",21:50,,,,,
2016-01-14,1089U,RAMALES DE LA VICTORIA,CANTABRIA,80,"12,1","20,4","6,9",23:57,"17,3",00:25,16,"0,8","16,1",00:10,,,,,
2016-01-15,1089U,RAMALES DE LA VICTORIA,CANTABRIA,80,"6,6","13,6","3,3",18:47,"10,0",11:11,26,"1,4","12,2",09:10,,,,,
2016-01-16,1089U,RAMALES DE LA VICTORIA,CANTABRIA,80,"5,8","0,2","0,6",23:57,"11,1",12:50,27,"1,1","8,6",01:40,,,,,
2016-01-17,1089U,RAMALES DE LA VICTORIA,CANTABRIA,80,"4,6","3,2","-0,4",05:55,"9,5",14:34,26,"0,0","2,8",22:30,,,,,
2016-01-18,1089U,RAMALES DE LA VICTORIA,CANTABRIA,80,"7,6","10,2","4,7",04:13,"10,5",14:23,26,"1,4","15,0",11:40,,,,,
2016-01-19,1089U,RAMALES DE LA VICTORIA,CANTABRIA,80,"7,8","0,0","1,9",23:50,"13,6",13:25,26,"0,6","5,6",01:20,,,,,
2016-01-20,1089U,RAMALES DE LA VICTORIA,CANTABRIA,80,"6,4","0,0","0,9",Varias,"11,8",13:47,25,"0,0","1,7",00:10,,,,,
2016-01-21,1089U,RAMALES DE LA VICTORIA,CANTABRIA,80,"7,4","0,4","0,2",05:03,"14,7",14:32,99,"0,3","2,5",Varias,,,,,
2016-01-22,1089U,RAMALES DE LA VICTORIA,CANTABRIA,80,"10,0","0,8","4,7",01:07,"15,3",15:06,10,"0,3","3,3",04:00,,,,,
2016-01-23,1089U,RAMALES DE LA VICTORIA,CANTABRIA,80,"12,3","0,0","6,8",23:55,"17,8",13:24,13,"0,3","1,7",02:20,,,,,
2016-01-24,1089U,RAMALES DE LA VICTORIA,CANTABRIA,80,"14,6","0,0","4,5",07:04,"24,8",14:40,12,"1,9","12,5",20:10,,,,,
2016-01-25,1089U,RAMALES DE LA VICTORIA,CANTABRIA,80,"15,6","0,0","9,5",23:21,"21,6",12:48,18,"3,1","18,6",01:30,,,,,
2016-01-26,1089U,RAMALES DE LA VICTORIA,CANTABRIA,80,"12,3","0,0","6,8",08:04,"17,8",13:33,30,"1,1","6,7",12:00,,,,,
2016-01-27,1089U,RAMALES DE LA VICTORIA,CANTABRIA,80,"12,6","1,6","5,4",03:39,"19,8",12:19,17,"1,9","13,1",09:50,,,,,
2016-01-28,1089U,RAMALES DE LA VICTORIA,CANTABRIA,80,"13,1","10,4","9,5",23:33,"16,7",01:28,16,"0,3","13,3",00:50,,,,,
2016-01-29,1089U,RAMALES DE LA VICTORIA,CANTABRIA,80,"8,2","0,0","2,6",23:57,"13,9",14:24,06,"0,3","4,2",14:50,,,,,
2016-01-30,1089U,RAMALES DE LA VICTORIA,CANTABRIA,80,"7,2","0,0","1,5",06:03,"12,8",14:52,10,"0,6","3,9",14:00,,,,,
2016-01-31,1089U,RAMALES DE LA VICTORIA,CANTABRIA,80,"12,8","0,0","7,2",00:01,"18,5",14:24,29,"1,4","7,8",15:30,,,,,
2016-02-01,1089U,RAMALES DE LA VICTORIA,CANTABRIA,80,"12,0","0,0","8,5",07:27,"15,4",14:26,10,"0,6","2,8",17:00,,,,,
2016-02-02,1089U,RAMALES DE LA VICTORIA,CANTABRIA,80,"12,2","6,6","10,3",23:56,"14,0",13:25,26,"0,8","5,3",12:30,,,,,
2016-02-03,1089U,RAMALES DE LA VICTORIA,CANTABRIA,80,"8,6","6,4","5,7",22:44,"11,4",11:57,25,"1,1","10,3",02:10,,,,,
2016-02-04,1089U,RAMALES DE LA VICTORIA,CANTABRIA,80,"8,2","0,0","2,1",23:42,"14,3",15:00,08,"0,6","3,9",12:20,,,,,
2016-02-05,1089U,RAMALES DE LA VICTORIA,CANTABRIA,80,"8,5","0,0","0,1",07:38,"16,9",15:04,33,"0,3","5,3",16:40,,,,,
2016-02-06,1089U,RAMALES DE LA VICTORIA,CANTABRIA,80,"9,5","6,0","2,5",00:08,"16,5",18:50,24,"4,2","28,9",10:20,,,,,
2016-02-07,1089U,RAMALES DE LA VICTORIA,CANTABRIA,80,"9,2","0,0","4,0",05:11,"14,3",13:46,28,"1,1","9,7",13:50,,,,,
2016-02-08,1089U,RAMALES DE LA VICTORIA,CANTABRIA,80,,"0,2",,,,,,"3,6",,,,,,,
2016-02-09,1089U,RAMALES DE LA VICTORIA,CANTABRIA,80,"13,7","70,8","8,4",18:20,"19,0",11:33,29,"3,1","28,6",05:00,,,,,
2016-02-10,1089U,RAMALES DE LA VICTORIA,CANTABRIA,80,"8,4","17,2","7,0",19:41,"9,7",11:24,26,"0,3","5,0",01:30,,,,,
2016-02-11,1089U,RAMALES DE LA VICTORIA,CANTABRIA,80,"9,6","5,0","7,4",19:41,"11,8",12:48,29,"0,8","9,2",02:10,,,,,
2016-02-12,1089U,RAMALES DE LA VICTORIA,CANTABRIA,80,"12,0","40,8","8,1",00:54,"16,0",07:26,27,"1,4","10,3",06:30,,,,,
2016-02-13,1089U,RAMALES DE LA VICTORIA,CANTABRIA,80,"14,8","11,6","9,9",22:05,"19,8",11:38,24,"2,8","14,7",22:30,,,,,
2016-02-14,1089U,RAMALES DE LA VICTORIA,CANTABRIA,80,"8,8","21,0","6,0",06:56,"11,5",00:23,28,"1,7","15,3",00:10,,,,,
2016-02-15,1089U,RAMALES DE LA VICTORIA,CANTABRIA,80,"6,1","17,0","3,7",21:15,"8,5",04:04,34,"3,1","13,1",07:20,,,,,
2016-02-16,1089U,RAMALES DE LA VICTORIA,CANTABRIA,80,"5,4","0,6","1,6",23:59,"9,3",13:39,27,"1,1","6,1",04:10,,,,,
2016-02-17,1089U,RAMALES DE LA VICTORIA,CANTABRIA,80,"4,6","4,6","-2,4",07:37,"11,6",13:29,30,"0,8","4,7",23:00,,,,,
2016-02-18,1089U,RAMALES DE LA VICTORIA,CANTABRIA,80,"6,0","2,6","1,2",23:37,"10,9",14:58,29,"1,4","8,3",15:20,,,,,
2016-02-19,1089U,RAMALES DE LA VICTORIA,CANTABRIA,80,,"0,0",,,,,,"0,6",,,,,,,
2016-02-20,1089U,RAMALES DE LA VICTORIA,CANTABRIA,80,"9,0","0,0","-0,5",05:03,"18,6",15:01,07,"0,3","6,4",16:20,,,,,
2016-02-21,1089U,RAMALES DE LA VICTORIA,CANTABRIA,80,"11,9","0,0","4,2",04:06,"19,6",14:22,35,"0,8","8,1",15:10,,,,,
2016-02-22,1089U,RAMALES DE LA VICTORIA,CANTABRIA,80,"10,4","1,6","4,5",07:07,"16,3",13:19,27,"1,4","8,9",13:30,,,,,
2016-02-23,1089U,RAMALES DE LA VICTORIA,CANTABRIA,80,"10,4","0,0","5,4",23:56,"15,4",11:32,23,"0,8","7,5",11:50,,,,,
2016-02-24,1089U,RAMALES DE LA VICTORIA,CANTABRIA,80,"10,3","1,4","3,1",07:20,"17,5",14:10,18,"1,4","8,3",11:10,,,,,
2016-02-25,1089U,RAMALES DE LA VICTORIA,CANTABRIA,80,"10,2","5,2","7,1",23:59,"13,2",11:06,28,"1,4","9,2",10:30,,,,,
2016-02-26,1089U,RAMALES DE LA VICTORIA,CANTABRIA,80,"9,8","36,0","5,0",19:41,"14,6",12:14,21,"3,1","14,2",12:10,,,,,
2016-02-27,1089U,RAMALES DE LA VICTORIA,CANTABRIA,80,"6,9","97,4","4,4",03:05,"9,4",22:29,26,"3,9","15,8",10:10,,,,,
2016-02-28,1089U,RAMALES DE LA VICTORIA,CANTABRIA,80,"8,4","42,0","7,2",21:20,"9,6",12:41,30,"2,5","10,8",07:40,,,,,
2016-02-29,1089U,RAMALES DE LA VICTORIA,CANTABRIA,80,"8,4","0,0","5,6",21:34,"11,1",13:39,29,"2,2","11,4",14:50,,,,,
2016-03-01,1089U,RAMALES DE LA VICTORIA,CANTABRIA,80,"9,9","0,4","4,5",07:35,"15,3",Varias,05,"0,8","5,6",16:10,,,,,
2016-03-02,1089U,RAMALES DE LA VICTORIA,CANTABRIA,80,"9,2","19,0","6,0",00:01,"12,3",09:54,29,"2,8","11,9",16:50,,,,,
2016-03-03,1089U,RAMALES DE LA VICTORIA,CANTABRIA,80,"8,4","0,4","5,5",Varias,"11,3",15:53,34,"1,4","11,7",12:10,,,,,
2016-03-04,1089U,RAMALES DE LA VICTORIA,CANTABRIA,80,"10,3","26,8","4,8",01:59,"15,8",11:03,34,"1,7","12,8",21:10,,,,,
2016-03-05,1089U,RAMALES DE LA VICTORIA,CANTABRIA,80,"7,4","39,6","5,2",23:59,"9,7",12:31,28,"1,4","12,5",03:30,,,,,
2016-03-06,1089U,RAMALES DE LA VICTORIA,CANTABRIA,80,"7,5","37,0","4,3",07:03,"10,7",15:23,29,"0,3","8,6",04:00,,,,,
2016-03-07,1089U,RAMALES DE LA VICTORIA,CANTABRIA,80,"7,2","25,0","5,2",03:27,"9,2",13:27,26,"1,1","9,2",01:40,,,,,
2016-03-08,1089U,RAMALES DE LA VICTORIA,CANTABRIA,80,"7,3","3,2","2,9",07:09,"11,7",14:38,26,"0,8","10,3",15:00,,,,,
2016-03-09,1089U,RAMALES DE LA VICTORIA,CANTABRIA,80,"8,6","20,8","5,9",Varias,"11,2",12:11,33,"2,5","11,7",12:30,,,,,
2016-03-10,1089U,RAMALES DE LA VICTORIA,CANTABRIA,80,"7,8","21,6","6,0",20:58,"9,6",10:38,27,"2,8","15,0",05:50,,,,,
2016-03-11,1089U,RAMALES DE LA VICTORIA,CANTABRIA,80,"8,0","2,2","5,3",06:17,"10,6",11:35,28,"0,3","7,2",02:00,,,,,
2016-03-12,1089U,RAMALES DE LA VICTORIA,CANTABRIA,80,"8,5","0,0","5,4",Varias,"11,6",12:25,03,"0,6","4,7",16:50,,,,,
2016-03-13,1089U,RAMALES DE LA VICTORIA,CANTABRIA,80,"9,1","0,4","5,1",05:49,"13,1",13:00,07,"0,6","8,6",14:10,,,,,
2016-03-14,1089U,RAMALES DE LA VICTORIA,CANTABRIA,80,"7,2","0,0","2,9",23:59,"11,5",14:31,32,"0,6","5,3",13:40,,,,,
2016-03-15,1089U,RAMALES DE LA VICTORIA,CANTABRIA,80,"9,4","0,0","0,0",06:45,"18,9",15:27,01,"0,6","6,1",17:00,,,,,
2016-03-16,1089U,RAMALES DE LA VICTORIA,CANTABRIA,80,"6,8","2,6","1,3",02:58,"12,3",11:59,27,"1,7","8,9",12:50,,,,,
2016-03-17,1089U,RAMALES DE LA VICTORIA,CANTABRIA,80,"7,8","0,0","3,3",06:32,"12,4",12:25,99,"1,4","5,0",Varias,,,,,
2016-03-18,1089U,RAMALES DE LA VICTORIA,CANTABRIA,80,"9,4","0,2","3,2",06:17,"15,6",13:11,11,"0,8","6,4",11:40,,,,,
2016-03-19,1089U,RAMALES DE LA VICTORIA,CANTABRIA,80,"11,0","3,8","7,5",23:09,"14,6",12:15,13,"1,1","5,3",10:20,,,,,
2016-03-20,1089U,RAMALES DE LA VICTORIA,CANTABRIA,80,"11,4","0,0","5,3",06:04,"17,5",12:42,06,"0,8","5,8",13:40,,,,,
2016-03-21,1089U,RAMALES DE LA VICTORIA,CANTABRIA,80,"10,1","1,4","5,8",02:33,"14,4",10:58,08,"1,4","7,2",13:50,,,,,
2016-03-22,1089U,RAMALES DE LA VICTORIA,CANTABRIA,80,"9,0","0,2","7,6",23:53,"10,5",11:17,27,"1,1","5,3",15:50,,,,,
2016-03-23,1089U,RAMALES DE LA VICTORIA,CANTABRIA,80,"9,0","0,0","4,8",23:59,"13,1",12:31,28,"1,7","8,3",12:50,,,,,
2016-03-24,1089U,RAMALES DE LA VICTORIA,CANTABRIA,80,"10,1","0,2","3,7",02:41,"16,5",12:47,08,"1,4","6,4",13:20,,,,,
2016-03-25,1089U,RAMALES DE LA VICTORIA,CANTABRIA,80,"10,0","0,6","4,2",01:45,"15,8",15:49,99,"0,3","2,8",13:40,,,,,
2016-03-26,1089U,RAMALES DE LA VICTORIA,CANTABRIA,80,"15,2","4,8","7,3",05:44,"23,2",16:03,25,"3,3","18,3",14:00,,,,,
2016-03-27,1089U,RAMALES DE LA VICTORIA,CANTABRIA,80,"11,6","0,2","4,6",06:06,"18,5",14:51,26,"3,1","19,2",23:59,,,,,
2016-03-28,1089U,RAMALES DE LA VICTORIA,CANTABRIA,80,"15,4","1,6","10,4",23:20,"20,5",14:03,17,"3,9","20,3",00:50,,,,,
2016-03-29,1089U,RAMALES DE LA VICTORIA,CANTABRIA,80,"14,6","0,0","7,3",23:23,"22,0",Varias,28,"2,2","18,3",13:00,,,,,
2016-03-30,1089U,RAMALES DE LA VICTORIA,CANTABRIA,80,"15,6","29,6","7,1",00:59,"24,1",16:14,28,"3,6","14,7",11:20,,,,,
2016-03-31,1089U,RAMALES DE LA VICTORIA,CANTABRIA,80,"8,7","27,4","5,7",23:18,"11,7",14:03,29,"2,8","12,8",06:30,,,,,
2016-04-01,1089U,RAMALES DE LA VICTORIA,CANTABRIA,80,"8,3","0,0","2,0",23:56,"14,6",15:24,32,"0,8","6,1",09:20,,,,,
2016-04-02,1089U,RAMALES DE LA VICTORIA,CANTABRIA,80,"9,4","0,0","-1,0",05:36,"19,8",13:36,21,"1,7","15,3",22:10,,,,,
2016-04-03,1089U,RAMALES DE LA VICTORIA,CANTABRIA,80,"15,6","0,0","12,7",23:42,"18,4",14:33,36,"2,8","21,9",12:00,,,,,
2016-04-04,1089U,RAMALES DE LA VICTORIA,CANTABRIA,80,"13,6","6,6","9,6",23:57,"17,6",11:41,26,"1,7","15,0",04:50,,,,,
2016-04-05,1089U,RAMALES DE LA VICTORIA,CANTABRIA,80,"10,4","6,0","6,0",23:59,"14,7",14:09,29,"1,7","9,4",14:00,,,,,
2016-04-06,1089U,RAMALES DE LA VICTORIA,CANTABRIA,80,"9,8","2,0","2,9",04:36,"16,7",15:26,05,"1,1","6,1",16:20,,,,,
2016-04-07,1089U,RAMALES DE LA VICTORIA,CANTABRIA,80,"8,9","17,2","6,5",Varias,"11,3",14:54,30,"1,1","8,1",16:40,,,,,
2016-04-08,1089U,RAMALES DE LA VICTORIA,CANTABRIA,80,"7,9","3,2","3,8",05:19,"12,0",16:19,27,"1,7","10,8",12:50,,,,,
2016-04-09,1089U,RAMALES DE LA VICTORIA,CANTABRIA,80,"9,2","2,2","6,0",23:59,"12,5",08:49,33,"1,4","8,6",09:50,,,,,
2016-04-10,1089U,RAMALES DE LA VICTORIA,CANTABRIA,80,"12,4","0,0","5,5",01:07,"19,4",14:40,12,"3,9","17,5",13:00,,,,,
2016-04-11,1089U,RAMALES DE LA VICTORIA,CANTABRIA,80,"13,6","0,0","7,1",01:01,"20,0",15:35,13,"2,2","12,2",09:50,,,,,
2016-04-12,1089U,RAMALES DE LA VICTORIA,CANTABRIA,80,"14,6","0,0","9,2",04:26,"20,1",16:24,15,"2,5","13,6",14:10,,,,,
2016-04-13,1089U,RAMALES DE LA VICTORIA,CANTABRIA,80,"16,2","0,0","11,9",21:42,"20,5",15:23,24,"2,5","13,6",02:00,,,,,
2016-04-14,1089U,RAMALES DE LA VICTORIA,CANTABRIA,80,"15,8","1,2","11,1",23:58,"20,6",14:02,21,"3,6","27,8",07:20,,,,,
2016-04-15,1089U,RAMALES DE LA VICTORIA,CANTABRIA,80,"14,8","1,2","9,3",04:10,"20,3",14:55,26,"1,7","18,6",21:50,,,,,
2016-04-16,1089U,RAMALES DE LA VICTORIA,CANTABRIA,80,"15,3","7,6","10,4",23:58,"20,2",13:56,27,"1,7","10,3",14:00,,,,,
2016-04-17,1089U,RAMALES DE LA VICTORIA,CANTABRIA,80,"9,5","3,8","7,1",05:57,"11,9",12:08,30,"0,3","5,6",10:20,,,,,
2016-04-18,1089U,RAMALES DE LA VICTORIA,CANTABRIA,80,"13,0","0,0","8,4",23:42,"17,6",14:52,07,"1,9","7,5",13:10,,,,,
2016-04-19,1089U,RAMALES DE LA VICTORIA,CANTABRIA,80,"14,2","8,2","6,0",05:50,"22,4",12:12,15,"2,5","10,3",18:10,,,,,
2016-04-20,1089U,RAMALES DE LA VICTORIA,CANTABRIA,80,"17,0","1,6","13,0",06:53,"21,0",12:25,16,"1,4","8,1",12:00,,,,,
2016-04-21,1089U,RAMALES DE LA VICTORIA,CANTABRIA,80,"13,2","2,6","7,8",23:55,"18,6",17:22,13,"1,4","7,2",03:10,,,,,
2016-04-22,1089U,RAMALES DE LA VICTORIA,CANTABRIA,80,"13,0","1,2","6,5",Varias,"19,5",13:16,06,"0,6","5,3",14:00,,,,,
2016-04-23,1089U,RAMALES DE LA VICTORIA,CANTABRIA,80,"12,2","4,0","8,8",00:15,"15,6",13:20,35,"0,6","7,2",14:10,,,,,
2016-04-24,1089U,RAMALES DE LA VICTORIA,CANTABRIA,80,"9,6","2,2","7,7",23:55,"11,5",09:41,35,"0,3","4,2",11:20,,,,,
2016-04-25,1089U,RAMALES DE LA VICTORIA,CANTABRIA,80,"10,5","0,0","3,8",05:50,"17,2",13:36,07,"1,9","6,9",13:10,,,,,
2016-04-26,1089U,RAMALES DE LA VICTORIA,CANTABRIA,80,"12,2","0,0","8,4",Varias,"16,0",13:53,27,"0,6","6,1",14:30,,,,,
2016-04-27,1089U,RAMALES DE LA VICTORIA,CANTABRIA,80,"11,1","0,2","8,5",05:04,"13,7",13:44,05,"0,8","4,7",17:00,,,,,
2016-04-28,1089U,RAMALES DE LA VICTORIA,CANTABRIA,80,"9,8","0,0","5,1",22:51,"14,5",10:25,08,"1,1","6,4",12:10,,,,,
2016-04-29,1089U,RAMALES DE LA VICTORIA,CANTABRIA,80,"10,6","4,0","3,0",05:33,"18,3",12:18,06,"1,7","8,6",13:20,,,,,
2016-04-30,1089U,RAMALES DE LA VICTORIA,CANTABRIA,80,"10,0","2,6","5,6",23:58,"14,3",14:25,29,"1,4","9,7",09:40,,,,,
2016-05-01,1089U,RAMALES DE LA VICTORIA,CANTABRIA,80,"9,3","0,0","3,4",03:42,"15,2",14:27,06,"1,1","7,8",14:40,,,,,
2016-05-02,1089U,RAMALES DE LA VICTORIA,CANTABRIA,80,"10,1","0,0","1,2",05:14,"19,0",12:46,07,"1,9","7,2",Varias,,,,,
2016-05-03,1089U,RAMALES DE LA VICTORIA,CANTABRIA,80,"11,0","0,0","2,3",05:04,"19,6",12:44,04,"1,1","6,7",14:10,,,,,
2016-05-04,1089U,RAMALES DE LA VICTORIA,CANTABRIA,80,"15,3","0,0","5,0",05:20,"25,6",13:20,09,"1,7","6,7",14:40,,,,,
2016-05-05,1089U,RAMALES DE LA VICTORIA,CANTABRIA,80,"18,2","0,0","7,9",04:59,"28,6",11:35,07,"1,9","8,1",13:20,,,,,
2016-05-06,1089U,RAMALES DE LA VICTORIA,CANTABRIA,80,"19,4","2,8","14,0",05:00,"24,9",13:52,24,"1,7","12,8",15:30,,,,,
2016-05-07,1089U,RAMALES DE LA VICTORIA,CANTABRIA,80,"18,8","1,2","14,2",21:16,"23,5",14:03,07,"1,4","7,8",10:40,,,,,
2016-05-08,1089U,RAMALES DE LA VICTORIA,CANTABRIA,80,"19,1","1,2","16,8",04:03,"21,4",18:12,10,"1,9","19,2",15:00,,,,,
2016-05-09,1089U,RAMALES DE LA VICTORIA,CANTABRIA,80,"19,4","1,6","14,8",20:14,"24,0",14:42,10,"2,2","19,2",00:30,,,,,
2016-05-10,1089U,RAMALES DE LA VICTORIA,CANTABRIA,80,"19,0","4,2","13,6",20:15,"24,4",13:54,14,"1,1","17,2",03:40,,,,,
2016-05-11,1089U,RAMALES DE LA VICTORIA,CANTABRIA,80,"14,4","0,0","7,5",23:59,"21,2",12:53,19,"1,1","12,2",00:40,,,,,
2016-05-12,1089U,RAMALES DE LA VICTORIA,CANTABRIA,80,"12,0","18,8","6,8",02:01,"17,2",11:58,28,"0,8","7,5",13:50,,,,,
2016-05-13,1089U,RAMALES DE LA VICTORIA,CANTABRIA,80,"13,8","6,8","10,0",01:13,"17,7",15:13,31,"1,4","7,2",12:50,,,,,
2016-05-14,1089U,RAMALES DE LA VICTORIA,CANTABRIA,80,"15,2","2,6","12,7",Varias,"17,7",12:44,26,"1,9","7,2",13:00,,,,,
2016-05-15,1089U,RAMALES DE LA VICTORIA,CANTABRIA,80,"15,5","1,8","12,1",23:32,"18,9",12:26,05,"0,8","6,4",15:10,,,,,
2016-05-16,1089U,RAMALES DE LA VICTORIA,CANTABRIA,80,"15,4","0,0","11,3",23:51,"19,6",12:26,09,"0,8","6,1",15:00,,,,,
2016-05-17,1089U,RAMALES DE LA VICTORIA,CANTABRIA,80,"14,6","0,2","7,8",04:31,"21,3",11:59,06,"1,1","6,9",12:10,,,,,
2016-05-18,1089U,RAMALES DE LA VICTORIA,CANTABRIA,80,"14,4","0,4","9,2",05:16,"19,7",09:53,30,"1,4","9,7",11:40,,,,,
2016-05-19,1089U,RAMALES DE LA VICTORIA,CANTABRIA,80,"14,6","2,2","12,7",05:29,"16,4",12:12,26,"1,1","7,8",12:40,,,,,
2016-05-20,1089U,RAMALES DE LA VICTORIA,CANTABRIA,80,"18,2","0,0","10,1",03:46,"26,4",14:32,08,"1,4","6,1",14:50,,,,,
2016-05-21,1089U,RAMALES DE LA VICTORIA,CANTABRIA,80,"19,4","10,0","11,7",03:40,"27,0",09:30,06,"1,4","9,4",11:40,,,,,
2016-05-22,1089U,RAMALES DE LA VICTORIA,CANTABRIA,80,"12,7","2,0","8,2",23:18,"17,2",13:42,26,"2,8","11,4",13:30,,,,,
2016-05-23,1089U,RAMALES DE LA VICTORIA,CANTABRIA,80,"14,1","0,2","8,3",00:12,"19,9",14:26,04,"0,8","6,1",16:20,,,,,
2016-05-24,1089U,RAMALES DE LA VICTORIA,CANTABRIA,80,"19,4","0,2","9,5",05:14,"29,3",15:09,29,"0,8","10,3",19:00,,,,,
2016-05-25,1089U,RAMALES DE LA VICTORIA,CANTABRIA,80,"17,2","0,0","10,9",Varias,"23,6",11:09,08,"0,8","6,7",14:40,,,,,
2016-05-26,1089U,RAMALES DE LA VICTORIA,CANTABRIA,80,"17,1","0,0","11,7",04:54,"22,5",10:06,05,"1,1","5,3",12:00,,,,,
2016-05-27,1089U,RAMALES DE LA VICTORIA,CANTABRIA,80,"19,1","0,0","12,0",04:45,"26,2",12:57,09,"1,4","7,2",13:50,,,,,
2016-05-28,1089U,RAMALES DE LA VICTORIA,CANTABRIA,80,"20,6","0,0","13,5",Varias,"27,8",13:13,16,"1,7","10,0",08:00,,,,,
2016-05-29,1089U,RAMALES DE LA VICTORIA,CANTABRIA,80,"16,2","0,2","11,1",04:55,"21,3",10:03,28,"0,6","6,4",15:20,,,,,
2016-05-30,1089U,RAMALES DE LA VICTORIA,CANTABRIA,80,"15,7","1,2","12,0",00:01,"19,4",14:08,23,"1,7","9,2",14:10,,,,,
2016-05-31,1089U,RAMALES DE LA VICTORIA,CANTABRIA,80,"15,6","0,0","10,8",23:55,"20,3",16:24,30,"2,5","8,9",12:40,,,,,
2016-06-01,1089U,RAMALES DE LA VICTORIA,CANTABRIA,80,"14,8","0,0","7,4",03:50,"22,1",14:08,32,"2,2","10,3",10:00,,,,,
2016-06-02,1089U,RAMALES DE LA VICTORIA,CANTABRIA,80,"18,2","0,0","13,2",Varias,"23,3",14:23,99,"1,1","5,6",13:30,,,,,
2016-06-03,1089U,RAMALES DE LA VICTORIA,CANTABRIA,80,"18,6","0,0","11,2",03:10,"26,0",14:14,08,"1,7","6,7",14:00,,,,,
2016-06-04,1089U,RAMALES DE LA VICTORIA,CANTABRIA,80,"17,8","2,2","15,7",23:54,"19,8",12:23,07,"0,8","4,2",13:50,,,,,
2016-06-05,1089U,RAMALES DE LA VICTORIA,CANTABRIA,80,"19,8","0,0","12,9",04:34,"26,7",13:58,30,"1,1","6,9",16:10,,,,,
2016-06-06,1089U,RAMALES DE LA VICTORIA,CANTABRIA,80,"19,6","0,0","13,3",23:59,"25,8",14:02,29,"1,7","6,4",12:10,,,,,
2016-06-07,1089U,RAMALES DE LA VICTORIA,CANTABRIA,80,"19,9","0,0","10,9",04:51,"28,9",12:49,08,"1,7","7,8",15:10,,,,,
2016-06-08,1089U,RAMALES DE LA VICTORIA,CANTABRIA,80,"21,5","0,0","12,2",04:34,"30,8",13:30,07,"1,7","6,7",15:00,,,,,
2016-06-09,1089U,RAMALES DE LA VICTORIA,CANTABRIA,80,"21,5","0,4","13,8",04:21,"29,2",11:23,30,"1,1","8,9",23:40,,,,,
2016-06-10,1089U,RAMALES DE LA VICTORIA,CANTABRIA,80,"17,6","0,0","15,7",23:41,"19,6",11:26,31,"1,9","8,3",00:10,,,,,
2016-06-11,1089U,RAMALES DE LA VICTORIA,CANTABRIA,80,"16,4","0,0","11,1",23:50,"21,6",15:42,06,"1,1","5,8",18:00,,,,,
2016-06-12,1089U,RAMALES DE LA VICTORIA,CANTABRIA,80,"17,6","0,0","10,8",04:03,"24,5",12:09,06,"1,4","5,3",15:40,,,,,
2016-06-13,1089U,RAMALES DE LA VICTORIA,CANTABRIA,80,"18,2","2,6","15,5",23:48,"20,9",11:05,29,"1,7","10,0",12:20,,,,,
2016-06-14,1089U,RAMALES DE LA VICTORIA,CANTABRIA,80,"18,7","12,4","13,3",Varias,"24,1",12:11,27,"1,4","8,9",17:40,,,,,
2016-06-15,1089U,RAMALES DE LA VICTORIA,CANTABRIA,80,"17,2","7,0","10,9",23:56,"23,5",11:38,08,"0,8","9,2",12:00,,,,,
2016-06-16,1089U,RAMALES DE LA VICTORIA,CANTABRIA,80,"14,8","0,0","10,7",Varias,"18,9",11:13,26,"0,8","11,9",11:40,,,,,
2016-06-17,1089U,RAMALES DE LA VICTORIA,CANTABRIA,80,"14,4","20,8","11,8",23:17,"17,0",09:24,32,"1,1","6,7",13:10,,,,,
2016-06-18,1089U,RAMALES DE LA VICTORIA,CANTABRIA,80,"14,6","5,0","11,3",05:00,"18,0",15:35,05,"0,8","6,1",10:50,,,,,
2016-06-19,1089U,RAMALES DE LA VICTORIA,CANTABRIA,80,"15,7","0,0","11,0",23:53,"20,4",12:24,02,"1,9","7,2",12:00,,,,,
2016-06-20,1089U,RAMALES DE LA VICTORIA,CANTABRIA,80,"18,6","0,0","9,9",02:12,"27,2",14:14,02,"1,4","6,4",15:10,,,,,
2016-06-21,1089U,RAMALES DE LA VICTORIA,CANTABRIA,80,"20,8","0,0","11,6",04:59,"30,1",13:23,04,"1,4","7,2",17:00,,,,,
2016-06-22,1089U,RAMALES DE LA VICTORIA,CANTABRIA,80,"25,2","0,0","14,4",03:37,"35,9",12:24,06,"2,2","8,3",13:20,,,,,
2016-06-23,1089U,RAMALES DE LA VICTORIA,CANTABRIA,80,"20,8","0,0","14,9",04:53,"26,7",10:27,29,"1,9","8,3",12:20,,,,,
2016-06-24,1089U,RAMALES DE LA VICTORIA,CANTABRIA,80,"18,7","1,8","15,5",23:42,"21,9",13:24,07,"1,1","5,3",15:10,,,,,
2016-06-25,1089U,RAMALES DE LA VICTORIA,CANTABRIA,80,"17,0","0,2","14,8",06:10,"19,2",16:48,31,"0,3","3,9",15:30,,,,,
2016-06-26,1089U,RAMALES DE LA VICTORIA,CANTABRIA,80,"15,7","0,0","11,0",23:59,"20,4",14:46,07,"0,8","5,8",15:10,,,,,
2016-06-27,1089U,RAMALES DE LA VICTORIA,CANTABRIA,80,"17,5","0,0","9,4",04:35,"25,6",14:13,08,"1,4","6,7",13:50,,,,,
2016-06-28,1089U,RAMALES DE LA VICTORIA,CANTABRIA,80,"18,0","0,0","10,3",03:07,"25,6",12:16,06,"1,4","6,7",13:40,,,,,
2016-06-29,1089U,RAMALES DE LA VICTORIA,CANTABRIA,80,"17,8","0,0","13,5",01:13,"22,1",11:12,08,"0,8","4,7",19:00,,,,,
2016-06-30,1089U,RAMALES DE LA VICTORIA,CANTABRIA,80,"19,3","0,0","11,8",03:51,"26,8",13:19,06,"1,4","7,2",14:00,,,,,
2016-07-01,1089U,RAMALES DE LA VICTORIA,CANTABRIA,80,"17,5","2,6","11,8",Varias,"23,2",12:38,08,"0,8","5,8",14:00,,,,,
2016-07-02,1089U,RAMALES DE LA VICTORIA,CANTABRIA,80,"16,2","2,2","14,0",23:57,"18,4",12:44,08,"0,3","3,9",13:20,,,,,
2016-07-03,1089U,RAMALES DE LA VICTORIA,CANTABRIA,80,"19,1","0,0","11,7",05:43,"26,5",14:52,08,"1,4","6,9",17:00,,,,,
2016-07-04,1089U,RAMALES DE LA VICTORIA,CANTABRIA,80,"18,6","1,8","12,2",02:00,"24,9",11:23,07,"0,6","5,8",13:00,,,,,
2016-07-05,1089U,RAMALES DE LA VICTORIA,CANTABRIA,80,"19,6","0,0","17,4",05:31,"21,9",Varias,08,"0,6","3,3",14:30,,,,,
2016-07-06,1089U,RAMALES DE LA VICTORIA,CANTABRIA,80,"22,4","2,4","17,4",Varias,"27,4",15:24,08,"1,7","6,7",16:10,,,,,
2016-07-07,1089U,RAMALES DE LA VICTORIA,CANTABRIA,80,"22,4","0,6","17,6",04:17,"27,2",10:57,07,"1,7","5,8",16:00,,,,,
2016-07-08,1089U,RAMALES DE LA VICTORIA,CANTABRIA,80,"19,6","0,6","17,3",23:59,"22,0",11:00,05,"0,6","3,9",11:30,,,,,
2016-07-09,1089U,RAMALES DE LA VICTORIA,CANTABRIA,80,"21,7","0,0","14,4",05:06,"29,0",14:23,07,"1,7","6,9",15:20,,,,,
2016-07-10,1089U,RAMALES DE LA VICTORIA,CANTABRIA,80,"22,2","0,2","17,3",04:55,"27,0",12:14,07,"1,4","6,7",13:00,,,,,
2016-07-11,1089U,RAMALES DE LA VICTORIA,CANTABRIA,80,"18,1","1,4","15,9",Varias,"20,3",11:45,28,"1,1","6,4",15:00,,,,,
2016-07-12,1089U,RAMALES DE LA VICTORIA,CANTABRIA,80,"18,5","0,4","14,6",23:35,"22,4",13:05,28,"1,9","10,3",14:00,,,,,
2016-07-13,1089U,RAMALES DE LA VICTORIA,CANTABRIA,80,"16,0","2,6","11,9",23:59,"20,1",14:05,29,"1,1","7,8",13:20,,,,,
2016-07-14,1089U,RAMALES DE LA VICTORIA,CANTABRIA,80,"16,0","0,0","10,4",23:41,"21,6",11:54,06,"1,4","6,7",15:10,,,,,
2016-07-15,1089U,RAMALES DE LA VICTORIA,CANTABRIA,80,"17,0","0,0","9,0",02:52,"24,9",13:03,07,"1,7","7,8",14:00,,,,,
2016-07-16,1089U,RAMALES DE LA VICTORIA,CANTABRIA,80,"19,2","0,0","9,8",04:48,"28,7",11:59,03,"1,4","7,8",11:00,,,,,
2016-07-17,1089U,RAMALES DE LA VICTORIA,CANTABRIA,80,"21,8","0,0","10,6",05:20,"33,1",14:02,05,"1,7","7,2",14:10,,,,,
2016-07-18,1089U,RAMALES DE LA VICTORIA,CANTABRIA,80,"27,6","0,0","14,8",04:30,"40,5",15:19,16,"0,3","6,7",23:30,,,,,
2016-07-19,1089U,RAMALES DE LA VICTORIA,CANTABRIA,80,"27,7","0,0","17,5",23:59,"37,9",11:55,17,"2,8","11,7",07:40,,,,,
2016-07-20,1089U,RAMALES DE LA VICTORIA,CANTABRIA,80,"19,4","0,0","15,4",23:58,"23,5",11:06,30,"0,6","7,2",17:00,,,,,
2016-07-21,1089U,RAMALES DE LA VICTORIA,CANTABRIA,80,"18,9","0,0","14,2",01:17,"23,6",11:04,06,"0,6","4,7",12:40,,,,,
2016-07-22,1089U,RAMALES DE LA VICTORIA,CANTABRIA,80,"19,7","4,4","13,9",04:41,"25,5",13:15,34,"1,1","7,5",13:10,,,,,
2016-07-23,1089U,RAMALES DE LA VICTORIA,CANTABRIA,80,"18,4","1,6","15,2",22:58,"21,6",10:23,27,"0,6","5,0",11:20,,,,,
2016-07-24,1089U,RAMALES DE LA VICTORIA,CANTABRIA,80,"20,4","0,0","14,0",04:06,"26,8",13:15,09,"1,1","6,4",14:50,,,,,
2016-07-25,1089U,RAMALES DE LA VICTORIA,CANTABRIA,80,"20,5","0,0","12,3",03:49,"28,7",13:18,06,"1,7","7,5",14:50,,,,,
2016-07-26,1089U,RAMALES DE LA VICTORIA,CANTABRIA,80,"21,2","0,0","17,8",00:01,"24,7",11:58,04,"1,1","5,6",13:20,,,,,
2016-07-27,1089U,RAMALES DE LA VICTORIA,CANTABRIA,80,"21,0","0,0","17,4",05:32,"24,7",12:14,08,"1,4","6,7",13:50,,,,,
2016-07-28,1089U,RAMALES DE LA VICTORIA,CANTABRIA,80,"21,0","0,0","14,6",23:55,"27,5",14:19,06,"1,4","6,7",15:50,,,,,
2016-07-29,1089U,RAMALES DE LA VICTORIA,CANTABRIA,80,"20,6","0,2","12,5",04:48,"28,8",13:39,06,"0,8","7,2",14:40,,,,,
2016-07-30,1089U,RAMALES DE LA VICTORIA,CANTABRIA,80,"20,6","23,4","18,6",Varias,"22,7",12:57,04,"0,8","3,9",16:50,,,,,
2016-07-31,1089U,RAMALES DE LA VICTORIA,CANTABRIA,80,"18,6","4,8","16,3",23:42,"21,0",11:31,05,"0,6","4,7",12:30,,,,,
2016-08-01,1089U,RAMALES DE LA VICTORIA,CANTABRIA,80,"19,6","0,0","14,8",05:16,"24,3",11:17,06,"1,1","5,6",11:20,,,,,
2016-08-02,1089U,RAMALES DE LA VICTORIA,CANTABRIA,80,"20,2","0,0","12,7",03:19,"27,8",14:08,07,"1,7","6,9",14:10,,,,,
2016-08-03,1089U,RAMALES DE LA VICTORIA,CANTABRIA,80,"20,7","0,0","13,7",02:44,"27,7",12:35,06,"0,6","5,8",14:40,,,,,
2016-08-04,1089U,RAMALES DE LA VICTORIA,CANTABRIA,80,"22,1","7,6","15,2",03:55,"29,0",12:49,25,"1,4","6,9",14:00,,,,,
2016-08-05,1089U,RAMALES DE LA VICTORIA,CANTABRIA,80,"18,7","0,0","13,4",23:52,"24,0",14:53,05,"0,8","4,7",10:40,,,,,
2016-08-06,1089U,RAMALES DE LA VICTORIA,CANTABRIA,80,"19,4","0,0","12,1",03:42,"26,6",12:19,05,"1,4","6,7",16:50,,,,,
2016-08-07,1089U,RAMALES DE LA VICTORIA,CANTABRIA,80,"20,5","0,0","11,3",05:10,"29,7",15:25,07,"1,1","7,2",13:40,,,,,
2016-08-08,1089U,RAMALES DE LA VICTORIA,CANTABRIA,80,"20,1","1,6","12,0",05:28,"28,2",11:49,06,"1,7","6,1",11:50,,,,,
2016-08-09,1089U,RAMALES DE LA VICTORIA,CANTABRIA,80,"19,6","0,0","15,4",23:58,"23,8",12:42,03,"0,6","6,4",13:10,,,,,
2016-08-10,1089U,RAMALES DE LA VICTORIA,CANTABRIA,80,,"0,0",,,,,08,"1,1","6,7",14:30,,,,,
2016-08-11,1089U,RAMALES DE LA VICTORIA,CANTABRIA,80,"17,8","0,0","11,3",23:57,"24,4",14:09,06,"0,8","5,6",12:50,,,,,
2016-08-12,1089U,RAMALES DE LA VICTORIA,CANTABRIA,80,"20,6","0,0","10,4",02:08,"30,9",15:03,08,"1,4","5,8",Varias,,,,,
2016-08-13,1089U,RAMALES DE LA VICTORIA,CANTABRIA,80,"23,0","0,0","12,7",04:50,"33,3",13:33,07,"1,4","6,7",15:00,,,,,
2016-08-14,1089U,RAMALES DE LA VICTORIA,CANTABRIA,80,"23,5","0,0","14,1",05:27,"32,9",13:10,05,"1,1","6,4",13:20,,,,,
2016-08-15,1089U,RAMALES DE LA VICTORIA,CANTABRIA,80,"26,1","1,4","17,0",23:02,"35,2",12:18,16,"1,4","14,7",16:10,,,,,
2016-08-16,1089U,RAMALES DE LA VICTORIA,CANTABRIA,80,"21,7","0,0","15,2",04:30,"28,2",12:03,08,"1,4","6,7",12:40,,,,,
2016-08-17,1089U,RAMALES DE LA VICTORIA,CANTABRIA,80,"22,6","0,2","18,2",23:52,"27,0",12:44,28,"1,4","6,1",16:40,,,,,
2016-08-18,1089U,RAMALES DE LA VICTORIA,CANTABRIA,80,"20,3","0,0","14,1",23:40,"26,5",15:10,05,"1,4","6,1",13:30,,,,,
2016-08-19,1089U,RAMALES DE LA VICTORIA,CANTABRIA,80,"20,2","0,0","12,4",Varias,"28,1",10:18,27,"1,4","7,5",11:10,,,,,
2016-08-20,1089U,RAMALES DE LA VICTORIA,CANTABRIA,80,"19,3","0,0","13,7",23:48,"24,9",13:14,27,"1,4","8,3",16:10,,,,,
2016-08-21,1089U,RAMALES DE LA VICTORIA,CANTABRIA,80,"19,6","0,0","12,5",05:40,"26,7",13:17,06,"1,4","6,7",15:50,,,,,
2016-08-22,1089U,RAMALES DE LA VICTORIA,CANTABRIA,80,"22,8","0,0","10,1",05:35,"35,5",13:36,08,"0,6","6,7",15:30,,,,,
2016-08-23,1089U,RAMALES DE LA VICTORIA,CANTABRIA,80,"24,6","0,0","14,1",04:49,"35,1",12:19,09,"1,4","6,1",14:30,,,,,
2016-08-24,1089U,RAMALES DE LA VICTORIA,CANTABRIA,80,"22,8","0,0","16,8",23:54,"28,8",13:58,24,"1,4","10,3",14:40,,,,,
2016-08-25,1089U,RAMALES DE LA VICTORIA,CANTABRIA,80,"27,8","0,0","15,0",03:41,"40,6",15:52,29,"1,7","9,4",20:30,,,,,
2016-08-26,1089U,RAMALES DE LA VICTORIA,CANTABRIA,80,"24,0","0,0","17,9",23:58,"30,0",13:11,15,"1,9","6,9",08:00,,,,,
2016-08-27,1089U,RAMALES DE LA VICTORIA,CANTABRIA,80,"26,8","0,0","16,2",06:05,"37,4",11:35,28,"1,7","7,8",17:50,,,,,
2016-08-28,1089U,RAMALES DE LA VICTORIA,CANTABRIA,80,"20,4","2,2","16,5",01:08,"24,4",09:43,27,"1,4","4,4",15:20,,,,,
2016-08-29,1089U,RAMALES DE LA VICTORIA,CANTABRIA,80,"18,4","0,8","15,8",23:56,"21,0",11:26,27,"0,3","7,5",12:10,,,,,
2016-08-30,1089U,RAMALES DE LA VICTORIA,CANTABRIA,80,"20,8","0,0","14,8",23:55,"26,8",13:51,06,"1,1","5,8",13:50,,,,,
2016-08-31,1089U,RAMALES DE LA VICTORIA,CANTABRIA,80,"19,0","0,0","11,6",04:52,"26,4",12:06,06,"1,1","6,4",13:40,,,,,
2016-09-01,1089U,RAMALES DE LA VICTORIA,CANTABRIA,80,"21,8","0,0","13,3",02:08,"30,2",13:08,10,"1,1","7,2",15:20,,,,,
2016-09-02,1089U,RAMALES DE LA VICTORIA,CANTABRIA,80,"22,0","0,0","13,8",05:57,"30,2",12:43,08,"1,4","7,5",14:50,,,,,
2016-09-03,1089U,RAMALES DE LA VICTORIA,CANTABRIA,80,"24,5","0,0","15,0",05:55,"34,0",14:30,06,"0,8","8,3",15:40,,,,,
2016-09-04,1089U,RAMALES DE LA VICTORIA,CANTABRIA,80,"22,8","0,0","15,0",05:36,"30,5",14:26,07,"1,1","6,4",15:00,,,,,
2016-09-05,1089U,RAMALES DE LA VICTORIA,CANTABRIA,80,"22,2","0,0","14,0",04:57,"30,4",13:17,12,"1,7","8,1",13:30,,,,,
2016-09-06,1089U,RAMALES DE LA VICTORIA,CANTABRIA,80,"24,6","0,0","13,1",05:30,"36,1",13:45,08,"0,8","7,5",15:40,,,,,
2016-09-07,1089U,RAMALES DE LA VICTORIA,CANTABRIA,80,"24,6","1,0","14,3",Varias,"34,8",12:35,30,"2,2","11,4",14:30,,,,,
2016-09-08,1089U,RAMALES DE LA VICTORIA,CANTABRIA,80,"19,2","0,2","17,3",23:55,"21,2",02:24,30,"0,8","5,3",03:40,,,,,
2016-09-09,1089U,RAMALES DE LA VICTORIA,CANTABRIA,80,"19,8","0,0","13,6",23:55,"26,1",11:55,08,"0,8","5,0",12:20,,,,,
2016-09-10,1089U,RAMALES DE LA VICTORIA,CANTABRIA,80,"20,2","0,0","11,3",05:49,"29,2",13:30,07,"0,8","6,9",13:20,,,,,
2016-09-11,1089U,RAMALES DE LA VICTORIA,CANTABRIA,80,"22,3","0,0","12,5",05:16,"32,1",13:11,06,"0,8","6,7",15:50,,,,,
2016-09-12,1089U,RAMALES DE LA VICTORIA,CANTABRIA,80,"25,8","0,0","13,3",05:43,"38,3",15:24,26,"1,4","10,0",13:10,,,,,
2016-09-13,1089U,RAMALES DE LA VICTORIA,CANTABRIA,80,"20,4","2,0","13,6",23:02,"27,3",11:02,32,"2,5","11,1",13:20,,,,,
2016-09-14,1089U,RAMALES DE LA VICTORIA,CANTABRIA,80,"16,1","2,8","9,6",06:03,"22,6",12:35,27,"1,4","7,5",11:30,,,,,
2016-09-15,1089U,RAMALES DE LA VICTORIA,CANTABRIA,80,"16,9","52,8","12,2",02:28,"21,6",14:26,23,"2,5","20,8",19:50,,,,,
2016-09-16,1089U,RAMALES DE LA VICTORIA,CANTABRIA,80,"17,3","20,4","14,8",05:39,"19,8",14:16,26,"1,7","11,4",14:40,,,,,
2016-09-17,1089U,RAMALES DE LA VICTORIA,CANTABRIA,80,"16,3","5,6","13,5",Varias,"19,1",12:42,26,"1,9","7,2",13:10,,,,,
2016-09-18,1089U,RAMALES DE LA VICTORIA,CANTABRIA,80,"16,4","0,0","13,1",03:16,"19,8",15:35,31,"0,0","6,4",10:20,,,,,
2016-09-19,1089U,RAMALES DE LA VICTORIA,CANTABRIA,80,"17,2","0,0","11,9",03:18,"22,4",11:48,07,"0,6","5,3",12:10,,,,,
2016-09-20,1089U,RAMALES DE LA VICTORIA,CANTABRIA,80,"14,8","0,0","10,4",23:54,"19,3",16:22,06,"0,0","3,9",11:20,,,,,
2016-09-21,1089U,RAMALES DE LA VICTORIA,CANTABRIA,80,"17,3","0,0","10,0",06:51,"24,6",13:55,09,"0,8","6,7",14:30,,,,,
2016-09-22,1089U,RAMALES DE LA VICTORIA,CANTABRIA,80,"18,8","0,0","12,8",01:29,"24,9",11:56,04,"0,6","5,8",13:40,,,,,
2016-09-23,1089U,RAMALES DE LA VICTORIA,CANTABRIA,80,"19,2","0,0","12,5",23:59,"26,0",13:12,06,"0,6","6,4",11:30,,,,,
2016-09-24,1089U,RAMALES DE LA VICTORIA,CANTABRIA,80,"19,8","0,0","10,6",05:35,"28,9",13:51,12,"1,4","7,8",09:30,,,,,
2016-09-25,1089U,RAMALES DE LA VICTORIA,CANTABRIA,80,"16,6","0,8","12,7",23:53,"20,4",12:14,26,"1,1","9,2",04:10,,,,,
2016-09-26,1089U,RAMALES DE LA VICTORIA,CANTABRIA,80,"17,4","0,0","11,1",23:16,"23,7",12:43,07,"0,6","4,4",13:20,,,,,
2016-09-27,1089U,RAMALES DE LA VICTORIA,CANTABRIA,80,"15,8","4,0","11,2",00:01,"20,5",15:59,31,"1,1","4,7",15:10,,,,,
2016-09-28,1089U,RAMALES DE LA VICTORIA,CANTABRIA,80,"20,3","0,0","14,2",23:55,"26,4",14:08,06,"0,8","5,3",14:50,,,,,
2016-09-29,1089U,RAMALES DE LA VICTORIA,CANTABRIA,80,"20,2","0,0","14,0",Varias,"26,5",13:47,25,"1,7","13,6",03:50,,,,,
2016-09-30,1089U,RAMALES DE LA VICTORIA,CANTABRIA,80,"20,0","0,0","14,5",06:36,"25,4",12:41,07,"0,8","6,4",12:30,,,,,
2016-10-01,1089U,RAMALES DE LA VICTORIA,CANTABRIA,80,"16,0","0,0","13,3",23:59,"18,8",11:14,25,"0,6","6,1",00:10,,,,,
2016-10-02,1089U,RAMALES DE LA VICTORIA,CANTABRIA,80,"15,6","0,0","8,9",06:33,"22,2",12:14,07,"0,8","5,8",13:10,,,,,
2016-10-03,1089U,RAMALES DE LA VICTORIA,CANTABRIA,80,"20,0","0,0","10,0",06:36,"29,9",13:58,06,"0,8","5,8",14:40,,,,,
2016-10-04,1089U,RAMALES DE LA VICTORIA,CANTABRIA,80,"18,6","1,4","12,5",Varias,"24,7",12:38,34,"1,4","10,3",15:00,,,,,
2016-10-05,1089U,RAMALES DE LA VICTORIA,CANTABRIA,80,,"0,2",,,,,,"0,3",,,,,,,
2016-10-06,1089U,RAMALES DE LA VICTORIA,CANTABRIA,80,"15,2","0,0","9,2",23:41,"21,2",11:01,06,"0,8","5,8",13:20,,,,,
2016-10-07,1089U,RAMALES DE LA VICTORIA,CANTABRIA,80,"14,7","0,0","7,5",04:36,"21,9",13:40,07,"1,1","5,8",14:50,,,,,
2016-10-08,1089U,RAMALES DE LA VICTORIA,CANTABRIA,80,"14,0","0,0","9,0",06:14,"18,9",12:32,08,"0,6","4,4",12:50,,,,,
2016-10-09,1089U,RAMALES DE LA VICTORIA,CANTABRIA,80,"14,6","0,0","9,0",20:45,"20,3",11:50,04,"0,6","5,0",13:20,,,,,
2016-10-10,1089U,RAMALES DE LA VICTORIA,CANTABRIA,80,"14,0","0,0","6,3",06:51,"21,7",13:51,09,"0,3","5,0",15:20,,,,,
2016-10-11,1089U,RAMALES DE LA VICTORIA,CANTABRIA,80,"12,4","0,0","4,1",05:42,"20,6",13:25,08,"0,6","3,9",13:30,,,,,
2016-10-12,1089U,RAMALES DE LA VICTORIA,CANTABRIA,80,"15,8","0,0","10,6",02:03,"21,0",13:03,17,"2,2","9,7",11:30,,,,,
2016-10-13,1089U,RAMALES DE LA VICTORIA,CANTABRIA,80,"14,8","19,0","10,9",04:16,"18,7",14:03,34,"0,6","6,4",15:20,,,,,
2016-10-14,1089U,RAMALES DE LA VICTORIA,CANTABRIA,80,"12,9","0,0","6,8",23:57,"19,0",13:31,27,"0,8","7,5",09:10,,,,,
2016-10-15,1089U,RAMALES DE LA VICTORIA,CANTABRIA,80,"14,8","0,0","6,4",00:56,"23,3",14:09,99,"1,9","16,7",23:50,,,,,
2016-10-16,1089U,RAMALES DE LA VICTORIA,CANTABRIA,80,"18,0","0,4","15,0",20:20,"21,1",12:19,28,"1,1","17,2",02:50,,,,,
2016-10-17,1089U,RAMALES DE LA VICTORIA,CANTABRIA,80,"17,6","13,0","12,8",06:57,"22,4",12:35,04,"0,6","4,7",13:00,,,,,
2016-10-18,1089U,RAMALES DE LA VICTORIA,CANTABRIA,80,"16,6","0,0","11,1",23:51,"22,2",12:23,03,"0,6","4,4",14:20,,,,,
2016-10-19,1089U,RAMALES DE LA VICTORIA,CANTABRIA,80,"16,0","0,0","10,8",06:18,"21,1",14:10,03,"0,6","4,2",14:20,,,,,
2016-10-20,1089U,RAMALES DE LA VICTORIA,CANTABRIA,80,"11,6","0,0","6,1",23:59,"17,1",13:50,08,"0,3","4,4",14:50,,,,,
2016-10-21,1089U,RAMALES DE LA VICTORIA,CANTABRIA,80,"11,0","0,0","3,6",06:38,"18,5",14:45,08,"0,8","6,7",11:20,,,,,
2016-10-22,1089U,RAMALES DE LA VICTORIA,CANTABRIA,80,"14,4","0,0","3,9",02:41,"24,8",14:37,99,"1,4","11,1",Varias,,,,,
2016-10-23,1089U,RAMALES DE LA VICTORIA,CANTABRIA,80,"18,8","0,0","14,4",23:18,"23,3",12:42,15,"1,4","11,9",13:20,,,,,
2016-10-24,1089U,RAMALES DE LA VICTORIA,CANTABRIA,80,"14,4","0,2","8,5",23:49,"20,4",15:15,23,"0,8","11,9",01:20,,,,,
2016-10-25,1089U,RAMALES DE LA VICTORIA,CANTABRIA,80,"16,2","0,0","7,3",03:37,"25,2",13:43,09,"0,6","6,4",12:20,,,,,
2016-10-26,1089U,RAMALES DE LA VICTORIA,CANTABRIA,80,"17,3","0,0","11,2",00:05,"23,4",12:47,07,"0,8","5,8",14:00,,,,,
2016-10-27,1089U,RAMALES DE LA VICTORIA,CANTABRIA,80,"16,0","0,0","8,6",22:19,"23,3",14:13,06,"0,6","5,8",15:20,,,,,
2016-10-28,1089U,RAMALES DE LA VICTORIA,CANTABRIA,80,"14,6","0,0","7,1",06:17,"22,1",14:02,08,"0,3","4,2",15:10,,,,,
2016-10-29,1089U,RAMALES DE LA VICTORIA,CANTABRIA,80,"14,0","0,0","5,8",06:37,"22,1",12:57,05,"0,0","5,3",13:20,,,,,
2016-10-30,1089U,RAMALES DE LA VICTORIA,CANTABRIA,80,"13,8","0,2","7,8",07:51,"19,7",12:06,05,"0,6","5,3",13:50,,,,,
2016-10-31,1089U,RAMALES DE LA VICTORIA,CANTABRIA,80,"12,3","0,0","3,8",07:02,"20,8",14:51,08,"0,3","4,7",16:20,,,,,
2016-11-01,1089U,RAMALES DE LA VICTORIA,CANTABRIA,80,"11,6","0,0","3,5",07:44,"19,6",14:17,23,"0,3","1,4",13:10,,,,,
2016-11-02,1089U,RAMALES DE LA VICTORIA,CANTABRIA,80,"12,6","0,0","4,4",06:54,"20,7",14:33,08,"0,3","3,9",14:30,,,,,
2016-11-03,1089U,RAMALES DE LA VICTORIA,CANTABRIA,80,"12,8","0,0","5,4",05:15,"20,3",14:19,06,"0,0","3,9",15:30,,,,,
2016-11-04,1089U,RAMALES DE LA VICTORIA,CANTABRIA,80,,"13,8",,,,,23,"1,9","10,8",21:00,,,,,
2016-11-05,1089U,RAMALES DE LA VICTORIA,CANTABRIA,80,"10,4","24,6","7,4",23:15,"13,4",04:42,28,"1,1","7,2",04:40,,,,,
2016-11-06,1089U,RAMALES DE LA VICTORIA,CANTABRIA,80,"7,6","36,0","5,5",21:49,"9,8",10:49,30,"0,8","6,4",20:30,,,,,
2016-11-07,1089U,RAMALES DE LA VICTORIA,CANTABRIA,80,"6,8","38,0","5,3",22:46,"8,3",12:16,31,"1,7","7,5",12:50,,,,,
2016-11-08,1089U,RAMALES DE LA VICTORIA,CANTABRIA,80,"9,0","15,6","5,4",06:08,"12,5",14:36,28,"0,6","6,1",03:40,,,,,
2016-11-09,1089U,RAMALES DE LA VICTORIA,CANTABRIA,80,"11,0","0,8","7,4",23:53,"14,5",13:31,28,"1,7","11,1",05:20,,,,,
2016-11-10,1089U,RAMALES DE LA VICTORIA,CANTABRIA,80,"10,5","0,0","5,3",Varias,"15,7",14:23,25,"0,6","8,9",12:20,,,,,
2016-11-11,1089U,RAMALES DE LA VICTORIA,CANTABRIA,80,"10,6","0,0","6,0",23:39,"15,3",Varias,25,"0,6","7,5",10:40,,,,,
2016-11-12,1089U,RAMALES DE LA VICTORIA,CANTABRIA,80,"9,2","12,0","4,6",02:54,"13,9",23:49,28,"0,3","4,7",23:59,,,,,
2016-11-13,1089U,RAMALES DE LA VICTORIA,CANTABRIA,80,"12,5","3,4","10,8",18:37,"14,2",01:23,26,"1,1","6,1",15:10,,,,,
2016-11-14,1089U,RAMALES DE LA VICTORIA,CANTABRIA,80,"10,4","0,2","6,5",22:15,"14,2",11:26,07,"0,6","5,6",13:10,,,,,
2016-11-15,1089U,RAMALES DE LA VICTORIA,CANTABRIA,80,"9,9","0,0","4,3",22:39,"15,5",13:46,05,"0,3","3,6",14:30,,,,,
2016-11-16,1089U,RAMALES DE LA VICTORIA,CANTABRIA,80,"10,2","0,0","3,4",06:54,"17,1",14:00,09,"0,6","4,2",13:00,,,,,
2016-11-17,1089U,RAMALES DE LA VICTORIA,CANTABRIA,80,"11,4","0,0","6,6",08:06,"16,3",13:36,24,"0,6","2,5",21:10,,,,,
2016-11-18,1089U,RAMALES DE LA VICTORIA,CANTABRIA,80,"11,3","8,0","8,3",00:35,"14,3",14:47,99,"1,1","5,3",Varias,,,,,
2016-11-19,1089U,RAMALES DE LA VICTORIA,CANTABRIA,80,"11,3","0,0","6,9",08:14,"15,7",20:06,23,"1,9","25,8",19:30,,,,,
2016-11-20,1089U,RAMALES DE LA VICTORIA,CANTABRIA,80,"16,6","2,6","14,7",00:17,"18,6",18:16,16,"3,9","21,7",05:10,,,,,
2016-11-21,1089U,RAMALES DE LA VICTORIA,CANTABRIA,80,"11,8","0,0","5,7",Varias,"18,0",Varias,03,"3,9","20,3",03:00,,,,,
2016-11-22,1089U,RAMALES DE LA VICTORIA,CANTABRIA,80,"7,0","18,0","2,6",07:15,"11,3",12:41,08,"0,3","3,1",16:50,,,,,
2016-11-23,1089U,RAMALES DE LA VICTORIA,CANTABRIA,80,"8,2","41,2","7,6",03:37,"8,8",18:24,28,"1,7","8,3",22:30,,,,,
2016-11-24,1089U,RAMALES DE LA VICTORIA,CANTABRIA,80,"9,4","0,0","6,2",19:15,"12,6",13:11,10,"1,9","14,2",10:40,,,,,
2016-11-25,1089U,RAMALES DE LA VICTORIA,CANTABRIA,80,"7,2","0,0","0,2",08:00,"14,2",13:12,11,"1,4","7,5",23:40,,,,,
2016-11-26,1089U,RAMALES DE LA VICTORIA,CANTABRIA,80,"10,4","0,0","7,1",05:56,"13,6",11:38,10,"2,5","8,9",12:40,,,,,
2016-11-27,1089U,RAMALES DE LA VICTORIA,CANTABRIA,80,"12,3","0,0","6,6",07:17,"18,0",13:43,08,"0,6","5,0",11:50,,,,,
2016-11-28,1089U,RAMALES DE LA VICTORIA,CANTABRIA,80,"8,9","0,4","6,2",03:15,"11,6",14:57,99,"0,0","1,7",02:50,,,,,
2016-11-29,1089U,RAMALES DE LA VICTORIA,CANTABRIA,80,"9,6","0,2","3,8",23:01,"15,3",13:05,25,"0,3","2,8",14:00,,,,,
2016-11-30,1089U,RAMALES DE LA VICTORIA,CANTABRIA,80,"9,9","0,0","2,2",04:42,"17,6",13:45,08,"1,9","10,6",10:40,,,,,
2016-12-01,1089U,RAMALES DE LA VICTORIA,CANTABRIA,80,"10,4","0,0","3,6",23:42,"17,2",12:10,10,"0,6","4,7",00:20,,,,,
2016-12-02,1089U,RAMALES DE LA VICTORIA,CANTABRIA,80,"7,2","0,0","1,3",07:35,"13,2",13:17,99,"0,3","1,4",Varias,,,,,
2016-12-03,1089U,RAMALES DE LA VICTORIA,CANTABRIA,80,"8,6","0,0","0,7",06:46,"16,4",13:18,12,"1,1","12,2",22:20,,,,,
2016-12-04,1089U,RAMALES DE LA VICTORIA,CANTABRIA,80,"14,5","0,0","11,2",00:52,"17,8",12:56,14,"2,2","18,6",11:40,,,,,
2016-12-05,1089U,RAMALES DE LA VICTORIA,CANTABRIA,80,"14,0","0,0","6,4",23:52,"21,7",13:08,14,"1,4","6,9",01:00,,,,,
2016-12-06,1089U,RAMALES DE LA VICTORIA,CANTABRIA,80,"9,3","0,0","3,7",07:28,"14,9",12:59,99,"0,0","1,4",Varias,,,,,
2016-12-07,1089U,RAMALES DE LA VICTORIA,CANTABRIA,80,,"0,0",,,,,,"0,0",,,,,,,
2016-12-08,1089U,RAMALES DE LA VICTORIA,CANTABRIA,80,"9,6","0,0","2,1",05:36,"17,2",12:24,16,"1,4","7,5",14:00,,,,,
2016-12-09,1089U,RAMALES DE LA VICTORIA,CANTABRIA,80,"8,5","0,0","2,0",Varias,"15,0",12:06,99,"0,6","4,2",Varias,,,,,
2016-12-10,1089U,RAMALES DE LA VICTORIA,CANTABRIA,80,"6,8","0,0","-0,2",07:18,"13,7",13:03,99,"0,0","1,7",Varias,,,,,
2016-12-11,1089U,RAMALES DE LA VICTORIA,CANTABRIA,80,"8,4","0,0","1,9",02:16,"14,9",14:23,99,"0,0","1,7",Varias,,,,,
2016-12-12,1089U,RAMALES DE LA VICTORIA,CANTABRIA,80,"8,8","0,0","3,5",Varias,"14,2",12:56,10,"0,0","2,2",04:50,,,,,
2016-12-13,1089U,RAMALES DE LA VICTORIA,CANTABRIA,80,"8,4","0,0","1,3",07:10,"15,5",23:50,19,"0,6","13,6",23:40,,,,,
2016-12-14,1089U,RAMALES DE LA VICTORIA,CANTABRIA,80,"14,0","0,6","9,9",23:44,"18,2",13:07,15,"1,9","16,4",04:10,,,,,
2016-12-15,1089U,RAMALES DE LA VICTORIA,CANTABRIA,80,"11,6","0,0","7,7",08:47,"15,4",12:31,17,"1,7","12,2",21:20,,,,,
2016-12-16,1089U,RAMALES DE LA VICTORIA,CANTABRIA,80,"10,4","1,2","6,1",23:10,"14,7",00:03,14,"0,8","11,1",00:30,,,,,
2016-12-17,1089U,RAMALES DE LA VICTORIA,CANTABRIA,80,"9,8","0,0","6,3",00:01,"13,4",13:19,99,"0,3","1,4",Varias,,,,,
2016-12-18,1089U,RAMALES DE LA VICTORIA,CANTABRIA,80,"5,6","0,0","0,6",23:57,"10,5",13:18,25,"0,3","1,9",11:40,,,,,
2016-12-19,1089U,RAMALES DE LA VICTORIA,CANTABRIA,80,"4,7","8,0","-1,2",05:17,"10,6",14:46,31,"0,0","5,6",14:50,,,,,
2016-12-20,1089U,RAMALES DE LA VICTORIA,CANTABRIA,80,"8,8","16,4","7,4",00:29,"10,1",14:23,29,"0,3","2,8",02:30,,,,,
2016-12-21,1089U,RAMALES DE LA VICTORIA,CANTABRIA,80,"11,2","5,6","9,3",00:01,"13,0",14:23,27,"0,0","4,7",03:20,,,,,
2016-12-22,1089U,RAMALES DE LA VICTORIA,CANTABRIA,80,"11,9","0,0","9,3",00:43,"14,5",Varias,99,"0,6","1,4",Varias,,,,,
2016-12-23,1089U,RAMALES DE LA VICTORIA,CANTABRIA,80,"11,8","0,0","8,6",08:50,"15,0",12:58,10,"0,0","2,2",01:20,,,,,
2016-12-24,1089U,RAMALES DE LA VICTORIA,CANTABRIA,80,"10,6","0,2","5,7",23:44,"15,5",13:37,25,"0,3","1,7",13:20,,,,,
2016-12-25,1089U,RAMALES DE LA VICTORIA,CANTABRIA,80,"8,2","0,2","3,6",08:28,"12,8",13:09,99,"0,0","1,1",Varias,,,,,
2016-12-26,1089U,RAMALES DE LA VICTORIA,CANTABRIA,80,"8,0","0,2","5,4",00:41,"10,7",13:54,10,"0,0","2,8",23:10,,,,,
2016-12-27,1089U,RAMALES DE LA VICTORIA,CANTABRIA,80,"8,8","0,0","3,7",22:14,"14,0",12:24,17,"0,8","5,6",09:40,,,,,
2016-12-28,1089U,RAMALES DE LA VICTORIA,CANTABRIA,80,"6,8","0,0","1,3",Varias,"12,2",13:23,26,"0,3","1,7",12:10,,,,,
2016-12-29,1089U,RAMALES DE LA VICTORIA,CANTABRIA,80,"5,0","0,0","1,7",Varias,"8,4",13:24,10,"0,3","4,4",21:40,,,,,
2016-12-30,1089U,RAMALES DE LA VICTORIA,CANTABRIA,80,"4,9","0,0","1,2",19:56,"8,6",13:24,15,"0,6","5,0",02:20,,,,,
2016-12-31,1089U,RAMALES DE LA VICTORIA,CANTABRIA,80,"3,8","0,0","-1,5",23:12,"9,0",13:23,16,"0,6","3,3",04:30,,,,,
2017-01-01,1089U,RAMALES DE LA VICTORIA,CANTABRIA,80,"2,3","0,0","-2,9",07:01,"7,5",13:13,28,"0,3","3,3",23:10,,,,,
2017-01-02,1089U,RAMALES DE LA VICTORIA,CANTABRIA,80,"4,6","0,0","-0,5",01:47,"9,8",13:28,99,"0,3","3,3",Varias,,,,,
2017-01-03,1089U,RAMALES DE LA VICTORIA,CANTABRIA,80,"3,9","0,0","-1,5",08:01,"9,3",13:24,25,"0,3","2,2",01:30,,,,,
2017-01-04,1089U,RAMALES DE LA VICTORIA,CANTABRIA,80,"5,4","0,0","-0,3",06:57,"11,2",13:34,09,"0,3","3,9",15:00,,,,,
2017-01-05,1089U,RAMALES DE LA VICTORIA,CANTABRIA,80,"4,9","0,0","-0,9",Varias,"10,7",13:48,08,"0,6","5,8",13:40,,,,,
2017-01-06,1089U,RAMALES DE LA VICTORIA,CANTABRIA,80,"3,4","0,0","-3,7",23:55,"10,6",13:35,11,"1,1","6,1",14:10,,,,,
2017-01-07,1089U,RAMALES DE LA VICTORIA,CANTABRIA,80,"-0,3","0,0","-6,2",08:02,"5,6",13:36,99,"0,0","1,4",Varias,,,,,
2017-01-08,1089U,RAMALES DE LA VICTORIA,CANTABRIA,80,"1,6","0,0","-4,9",07:11,"8,1",13:25,10,"0,3","2,8",15:00,,,,,
2017-01-09,1089U,RAMALES DE LA VICTORIA,CANTABRIA,80,"6,4","14,0","0,9",08:45,"11,9",13:31,28,"0,8","3,9",01:00,,,,,
2017-01-10,1089U,RAMALES DE LA VICTORIA,CANTABRIA,80,"7,4","53,2","4,2",Varias,"10,6",Varias,26,"2,2","9,7",13:10,,,,,
2017-01-11,1089U,RAMALES DE LA VICTORIA,CANTABRIA,80,"11,2","7,2","9,3",22:41,"13,0",12:03,29,"1,9","8,9",17:30,,,,,
2017-01-12,1089U,RAMALES DE LA VICTORIA,CANTABRIA,80,"10,8","24,2","6,9",05:15,"14,8",14:45,25,"0,8","13,3",20:40,,,,,
2017-01-13,1089U,RAMALES DE LA VICTORIA,CANTABRIA,80,"6,6","28,6","4,2",21:00,"9,0",12:00,32,"1,1","10,0",06:20,,,,,
2017-01-14,1089U,RAMALES DE LA VICTORIA,CANTABRIA,80,"6,0","24,2","4,2",Varias,"7,8",13:15,27,"0,6","8,3",10:50,,,,,
2017-01-15,1089U,RAMALES DE LA VICTORIA,CANTABRIA,80,"8,2","14,6","6,4",00:09,"10,0",12:17,26,"1,4","7,2",03:40,,,,,
2017-01-16,1089U,RAMALES DE LA VICTORIA,CANTABRIA,80,"9,8","49,4","8,7",04:28,"10,9",Varias,32,"2,8","10,8",10:00,,,,,
2017-01-17,1089U,RAMALES DE LA VICTORIA,CANTABRIA,80,"6,0","0,0","1,7",20:05,"10,2",01:25,28,"1,7","6,7",00:50,,,,,
2017-01-18,1089U,RAMALES DE LA VICTORIA,CANTABRIA,80,"1,6","0,0","-0,6",06:15,"3,9",12:44,28,"1,1","5,6",11:10,,,,,
2017-01-19,1089U,RAMALES DE LA VICTORIA,CANTABRIA,80,"2,0","0,0","-2,2",23:54,"6,2",Varias,13,"0,3","3,1",20:00,,,,,
2017-01-20,1089U,RAMALES DE LA VICTORIA,CANTABRIA,80,"1,9","0,0","-3,6",07:43,"7,4",14:54,26,"0,3","2,2",14:40,,,,,
2017-01-21,1089U,RAMALES DE LA VICTORIA,CANTABRIA,80,"5,6","0,0","-1,5",07:45,"12,6",14:27,10,"0,3","4,7",16:00,,,,,
2017-01-22,1089U,RAMALES DE LA VICTORIA,CANTABRIA,80,"7,6","0,0","2,3",05:00,"13,0",14:54,06,"0,6","5,6",15:00,,,,,
2017-01-23,1089U,RAMALES DE LA VICTORIA,CANTABRIA,80,"6,4","0,0","0,8",05:09,"11,9",13:49,32,"0,8","8,9",13:50,,,,,
2017-01-24,1089U,RAMALES DE LA VICTORIA,CANTABRIA,80,"6,0","0,0","-0,8",23:58,"12,8",13:50,10,"0,8","5,0",14:10,,,,,
2017-01-25,1089U,RAMALES DE LA VICTORIA,CANTABRIA,80,"3,7","0,0","-2,8",23:47,"10,2",13:54,08,"0,3","3,9",12:10,,,,,
2017-01-26,1089U,RAMALES DE LA VICTORIA,CANTABRIA,80,"4,4","0,0","-4,5",06:43,"13,3",13:55,26,"3,3","18,9",17:10,,,,,
2017-01-27,1089U,RAMALES DE LA VICTORIA,CANTABRIA,80,"9,8","1,0","6,5",23:48,"13,0",14:17,12,"2,5","16,9",03:30,,,,,
2017-01-28,1089U,RAMALES DE LA VICTORIA,CANTABRIA,80,"7,0","0,0","0,7",07:05,"13,3",13:55,26,"1,1","7,8",12:30,,,,,
2017-01-29,1089U,RAMALES DE LA VICTORIA,CANTABRIA,80,"10,2","0,0","2,7",00:02,"17,6",13:23,99,"1,9","10,3",10:40,,,,,
2017-01-30,1089U,RAMALES DE LA VICTORIA,CANTABRIA,80,"13,2","0,0","7,0",06:31,"19,5",13:33,20,"1,1","19,4",22:20,,,,,
2017-01-31,1089U,RAMALES DE LA VICTORIA,CANTABRIA,80,"16,4","0,0","12,6",19:29,"20,3",13:13,16,"2,2","17,8",02:30,,,,,
2017-02-01,1089U,RAMALES DE LA VICTORIA,CANTABRIA,80,,"0,0",,,,,27,"4,2","22,2",81:30,,,,,
2017-02-02,1089U,RAMALES DE LA VICTORIA,CANTABRIA,80,"13,0","0,0","7,3",20:59,"18,6",12:55,14,"3,9","23,6",03:20,,,,,
2017-02-03,1089U,RAMALES DE LA VICTORIA,CANTABRIA,80,"15,2","6,6","12,1",00:13,"18,3",22:52,29,"4,4","32,8",21:00,,,,,
2017-02-04,1089U,RAMALES DE LA VICTORIA,CANTABRIA,80,"14,0","9,8","9,2",20:08,"18,7",00:22,28,"0,3","18,3",00:30,,,,,
2017-02-05,1089U,RAMALES DE LA VICTORIA,CANTABRIA,80,"9,9","27,6","6,0",09:44,"13,8",00:38,26,"2,2","19,2",13:40,,,,,
2017-02-06,1089U,RAMALES DE LA VICTORIA,CANTABRIA,80,"10,8","9,8","6,6",Varias,"15,0",13:46,28,"0,3","6,1",13:40,,,,,
2017-02-07,1089U,RAMALES DE LA VICTORIA,CANTABRIA,80,"8,6","33,6","5,4",23:11,"11,9",15:38,27,"1,4","12,8",16:40,,,,,
2017-02-08,1089U,RAMALES DE LA VICTORIA,CANTABRIA,80,"7,2","5,4","3,2",23:51,"11,1",14:20,29,"1,9","8,3",14:40,,,,,
2017-02-09,1089U,RAMALES DE LA VICTORIA,CANTABRIA,80,"6,5","0,0","0,4",08:00,"12,6",13:33,24,"0,6","3,9",19:20,,,,,
2017-02-10,1089U,RAMALES DE LA VICTORIA,CANTABRIA,80,"8,6","0,0","2,0",23:53,"15,2",14:50,14,"0,8","8,1",15:20,,,,,
2017-02-11,1089U,RAMALES DE LA VICTORIA,CANTABRIA,80,"6,0","3,0","1,5",01:17,"10,5",12:23,99,"0,6","3,9",15:50,,,,,
2017-02-12,1089U,RAMALES DE LA VICTORIA,CANTABRIA,80,"10,4","0,2","5,6",06:56,"15,1",23:25,10,"1,7","11,1",19:20,,,,,
2017-02-13,1089U,RAMALES DE LA VICTORIA,CANTABRIA,80,"10,8","0,0","4,5",23:54,"17,0",10:48,09,"2,5","10,8",03:20,,,,,
2017-02-14,1089U,RAMALES DE LA VICTORIA,CANTABRIA,80,"10,4","0,0","3,6",01:40,"17,3",12:01,16,"2,2","11,9",13:10,,,,,
2017-02-15,1089U,RAMALES DE LA VICTORIA,CANTABRIA,80,"13,7","0,0","7,0",23:47,"20,4",14:38,28,"1,1","15,0",02:50,,,,,
2017-02-16,1089U,RAMALES DE LA VICTORIA,CANTABRIA,80,"12,6","0,0","4,3",07:30,"20,9",14:00,10,"0,8","6,7",12:10,,,,,
2017-02-17,1089U,RAMALES DE LA VICTORIA,CANTABRIA,80,"11,0","0,0","1,5",06:46,"20,4",14:25,05,"0,3","5,3",15:30,,,,,
2017-02-18,1089U,RAMALES DE LA VICTORIA,CANTABRIA,80,"8,6","0,0","1,6",06:59,"15,6",11:55,30,"1,1","4,7",11:20,,,,,
2017-02-19,1089U,RAMALES DE LA VICTORIA,CANTABRIA,80,"10,4","0,0","5,1",23:30,"15,7",12:00,07,"0,8","6,1",14:10,,,,,
2017-02-20,1089U,RAMALES DE LA VICTORIA,CANTABRIA,80,"11,2","0,0","5,0",00:04,"17,5",14:18,99,"0,8","6,4",15:50,,,,,
2017-02-21,1089U,RAMALES DE LA VICTORIA,CANTABRIA,80,"10,6","0,0","4,2",23:59,"17,1",13:03,06,"0,3","4,2",14:00,,,,,
2017-02-22,1089U,RAMALES DE LA VICTORIA,CANTABRIA,80,"10,8","0,0","3,3",01:39,"18,2",14:25,07,"1,4","6,9",16:10,,,,,
2017-02-23,1089U,RAMALES DE LA VICTORIA,CANTABRIA,80,"10,8","2,8","8,6",Varias,"13,1",14:26,29,"1,7","5,6",17:50,,,,,
2017-02-24,1089U,RAMALES DE LA VICTORIA,CANTABRIA,80,"7,5","1,2","3,4",23:47,"11,6",12:43,02,"1,1","5,0",13:00,,,,,
2017-02-25,1089U,RAMALES DE LA VICTORIA,CANTABRIA,80,"10,4","0,0","0,9",07:29,"19,9",15:00,27,"0,8","6,7",15:20,,,,,
2017-02-26,1089U,RAMALES DE LA VICTORIA,CANTABRIA,80,"11,1","0,0","4,2",02:11,"18,0",12:40,06,"1,4","5,8",14:30,,,,,
2017-02-27,1089U,RAMALES DE LA VICTORIA,CANTABRIA,80,"12,2","0,0","4,2",07:20,"20,2",14:24,26,"1,4","15,0",12:00,,,,,
2017-02-28,1089U,RAMALES DE LA VICTORIA,CANTABRIA,80,"7,6","16,6","4,3",23:59,"10,9",06:23,25,"2,2","15,6",12:40,,,,,
2017-03-01,1089U,RAMALES DE LA VICTORIA,CANTABRIA,80,"11,3","0,0","2,9",07:38,"19,7",14:03,99,"0,6","9,2",10:30,,,,,
2017-03-02,1089U,RAMALES DE LA VICTORIA,CANTABRIA,80,"12,2","0,0","4,6",04:42,"19,9",15:18,26,"1,1","17,2",22:00,,,,,
2017-03-03,1089U,RAMALES DE LA VICTORIA,CANTABRIA,80,"12,7","6,6","6,6",23:32,"18,8",11:25,28,"2,5","11,1",13:40,,,,,
2017-03-04,1089U,RAMALES DE LA VICTORIA,CANTABRIA,80,"6,9","1,8","0,5",06:59,"13,3",13:59,32,"1,4","13,6",12:00,,,,,
2017-03-05,1089U,RAMALES DE LA VICTORIA,CANTABRIA,80,"12,0","1,0","5,9",00:35,"18,0",12:28,07,"1,1","10,0",13:20,,,,,
2017-03-06,1089U,RAMALES DE LA VICTORIA,CANTABRIA,80,,"1,2",,,,,27,"1,4","12,8",11:30,,,,,
2017-03-07,1089U,RAMALES DE LA VICTORIA,CANTABRIA,80,"12,6","0,2","6,6",04:03,"18,6",13:18,25,"1,9","12,2",13:00,,,,,
2017-03-08,1089U,RAMALES DE LA VICTORIA,CANTABRIA,80,"13,2","0,0","7,5",06:40,"18,8",12:40,08,"1,4","6,4",15:00,,,,,
2017-03-09,1089U,RAMALES DE LA VICTORIA,CANTABRIA,80,"14,0","0,0","7,2",23:09,"20,8",14:03,08,"0,6","6,4",14:50,,,,,
2017-03-10,1089U,RAMALES DE LA VICTORIA,CANTABRIA,80,"15,4","0,0","5,0",07:17,"25,9",15:09,04,"0,3","4,4",13:50,,,,,
2017-03-11,1089U,RAMALES DE LA VICTORIA,CANTABRIA,80,"13,4","1,8","5,6",06:44,"21,1",10:52,29,"1,7","13,3",11:30,,,,,
2017-03-12,1089U,RAMALES DE LA VICTORIA,CANTABRIA,80,"10,5","13,8","7,9",20:51,"13,1",00:04,29,"2,5","15,0",15:20,,,,,
2017-03-13,1089U,RAMALES DE LA VICTORIA,CANTABRIA,80,"9,6","14,4","8,8",07:17,"10,4",09:25,32,"2,5","11,1",01:20,,,,,
2017-03-14,1089U,RAMALES DE LA VICTORIA,CANTABRIA,80,"11,6","0,2","6,5",22:31,"16,6",14:19,06,"0,3","5,6",15:10,,,,,
2017-03-15,1089U,RAMALES DE LA VICTORIA,CANTABRIA,80,"12,8","0,0","6,4",23:07,"19,1",14:00,06,"1,4","5,8",15:10,,,,,
2017-03-16,1089U,RAMALES DE LA VICTORIA,CANTABRIA,80,"16,4","0,0","5,6",07:13,"27,1",14:47,20,"0,6","5,0",13:50,,,,,
2017-03-17,1089U,RAMALES DE LA VICTORIA,CANTABRIA,80,"12,6","0,0","8,0",Varias,"17,2",12:06,05,"1,7","6,1",12:30,,,,,
2017-03-18,1089U,RAMALES DE LA VICTORIA,CANTABRIA,80,"12,8","0,0","9,0",20:20,"16,6",13:08,08,"1,4","6,9",13:40,,,,,
2017-03-19,1089U,RAMALES DE LA VICTORIA,CANTABRIA,80,"12,1","0,0","7,4",06:13,"16,8",13:12,06,"1,4","7,2",14:50,,,,,
2017-03-20,1089U,RAMALES DE LA VICTORIA,CANTABRIA,80,"11,2","0,0","9,3",23:58,"13,1",14:48,30,"1,1","5,3",19:20,,,,,
2017-03-21,1089U,RAMALES DE LA VICTORIA,CANTABRIA,80,"8,0","3,2","5,5",23:58,"10,5",12:14,26,"1,1","7,2",08:20,,,,,
2017-03-22,1089U,RAMALES DE LA VICTORIA,CANTABRIA,80,"6,6","8,4","3,2",05:56,"10,0",08:59,17,"1,4","8,1",07:10,,,,,
2017-03-23,1089U,RAMALES DE LA VICTORIA,CANTABRIA,80,"6,9","0,0","0,0",06:42,"13,8",16:01,10,"1,9","8,9",12:50,,,,,
2017-03-24,1089U,RAMALES DE LA VICTORIA,CANTABRIA,80,"7,7","6,8","-0,4",Varias,"15,8",13:07,06,"1,1","6,9",14:20,,,,,
2017-03-25,1089U,RAMALES DE LA VICTORIA,CANTABRIA,80,"6,8","14,0","4,7",01:02,"8,8",16:18,16,"0,8","8,6",22:40,,,,,
2017-03-26,1089U,RAMALES DE LA VICTORIA,CANTABRIA,80,"12,2","0,0","6,7",03:10,"17,8",15:45,15,"1,9","12,8",00:30,,,,,
2017-03-27,1089U,RAMALES DE LA VICTORIA,CANTABRIA,80,"13,6","0,0","6,3",23:50,"20,8",14:04,16,"2,5","11,4",09:40,,,,,
2017-03-28,1089U,RAMALES DE LA VICTORIA,CANTABRIA,80,"12,5","0,0","3,4",06:14,"21,6",12:55,14,"1,1","7,8",12:50,,,,,
2017-03-29,1089U,RAMALES DE LA VICTORIA,CANTABRIA,80,"14,7","0,0","4,0",06:16,"25,4",13:41,99,"1,4","5,6",Varias,,,,,
2017-03-30,1089U,RAMALES DE LA VICTORIA,CANTABRIA,80,"15,2","0,0","6,2",06:11,"24,2",13:15,16,"1,9","12,5",13:30,,,,,
2017-03-31,1089U,RAMALES DE LA VICTORIA,CANTABRIA,80,"15,8","5,2","10,0",Varias,"21,6",12:39,08,"1,1","8,1",13:30,,,,,
2017-04-01,1089U,RAMALES DE LA VICTORIA,CANTABRIA,80,"11,2","14,8","7,0",03:18,"15,4",14:01,27,"2,2","14,2",13:20,,,,,
2017-04-02,1089U,RAMALES DE LA VICTORIA,CANTABRIA,80,"8,4","9,2","4,0",23:35,"12,9",12:24,24,"1,4","8,3",13:30,,,,,
2017-04-03,1089U,RAMALES DE LA VICTORIA,CANTABRIA,80,"11,4","0,0","2,2",06:37,"20,6",13:28,09,"1,1","6,1",14:50,,,,,
2017-04-04,1089U,RAMALES DE LA VICTORIA,CANTABRIA,80,,"1,6",,,,,06,"1,4","7,2",13:30,,,,,
2017-04-05,1089U,RAMALES DE LA VICTORIA,CANTABRIA,80,"12,0","0,8","9,1",04:17,"14,9",14:38,06,"1,1","6,1",15:30,,,,,
2017-04-06,1089U,RAMALES DE LA VICTORIA,CANTABRIA,80,"12,1","0,0","5,4",23:46,"18,8",14:23,06,"1,1","6,1",15:30,,,,,
2017-04-07,1089U,RAMALES DE LA VICTORIA,CANTABRIA,80,"12,4","0,0","4,2",04:00,"20,5",12:36,99,"1,7","6,1",13:50,,,,,
2017-04-08,1089U,RAMALES DE LA VICTORIA,CANTABRIA,80,"16,0","0,0","4,6",05:36,"27,4",13:44,06,"1,1","5,6",15:10,,,,,
2017-04-09,1089U,RAMALES DE LA VICTORIA,CANTABRIA,80,"15,0","0,0","5,5",05:44,"24,6",12:00,06,"1,9","6,9",15:50,,,,,
2017-04-10,1089U,RAMALES DE LA VICTORIA,CANTABRIA,80,"14,1","0,0","10,7",06:14,"17,5",14:32,08,"1,4","6,1",15:10,,,,,
2017-04-11,1089U,RAMALES DE LA VICTORIA,CANTABRIA,80,"13,6","0,0","6,9",23:55,"20,3",13:04,06,"1,4","7,8",13:50,,,,,
2017-04-12,1089U,RAMALES DE LA VICTORIA,CANTABRIA,80,"13,5","0,0","4,4",04:32,"22,6",13:14,07,"1,9","6,7",13:00,,,,,
2017-04-13,1089U,RAMALES DE LA VICTORIA,CANTABRIA,80,"12,8","0,0","4,1",04:23,"21,6",12:23,08,"1,9","6,9",14:00,,,,,
2017-04-14,1089U,RAMALES DE LA VICTORIA,CANTABRIA,80,"11,4","0,0","7,5",Varias,"15,3",12:08,09,"0,8","5,0",12:50,,,,,
2017-04-15,1089U,RAMALES DE LA VICTORIA,CANTABRIA,80,"11,4","0,0","6,5",23:37,"16,3",10:43,29,"0,8","5,3",12:20,,,,,
2017-04-16,1089U,RAMALES DE LA VICTORIA,CANTABRIA,80,"12,8","0,0","4,6",02:34,"20,9",13:13,08,"1,9","6,7",14:30,,,,,
2017-04-17,1089U,RAMALES DE LA VICTORIA,CANTABRIA,80,"13,0","0,0","4,3",05:12,"21,8",12:31,06,"1,9","7,5",13:40,,,,,
2017-04-18,1089U,RAMALES DE LA VICTORIA,CANTABRIA,80,"11,9","0,0","3,8",05:36,"20,0",12:39,05,"1,1","6,9",14:40,,,,,
2017-04-19,1089U,RAMALES DE LA VICTORIA,CANTABRIA,80,"9,0","0,0","2,0",05:44,"15,9",12:26,05,"1,7","8,1",14:50,,,,,
2017-04-20,1089U,RAMALES DE LA VICTORIA,CANTABRIA,80,"9,2","0,0","0,5",05:41,"18,0",10:58,08,"1,9","7,5",13:10,,,,,
2017-04-21,1089U,RAMALES DE LA VICTORIA,CANTABRIA,80,"13,4","0,0","0,4",05:43,"26,5",14:23,08,"1,7","8,1",12:10,,,,,
2017-04-22,1089U,RAMALES DE LA VICTORIA,CANTABRIA,80,"15,0","0,0","4,0",05:36,"26,1",13:12,07,"1,7","6,7",13:50,,,,,
2017-04-23,1089U,RAMALES DE LA VICTORIA,CANTABRIA,80,"14,8","0,0","3,9",05:18,"25,6",13:01,03,"0,8","8,9",13:50,,,,,
2017-04-24,1089U,RAMALES DE LA VICTORIA,CANTABRIA,80,"14,4","0,2","4,3",05:12,"24,5",13:16,06,"1,4","7,2",14:30,,,,,
2017-04-25,1089U,RAMALES DE LA VICTORIA,CANTABRIA,80,"13,0","16,4","9,4",23:52,"16,6",13:07,28,"1,4","6,4",22:50,,,,,
2017-04-26,1089U,RAMALES DE LA VICTORIA,CANTABRIA,80,"5,6","12,0","1,5",23:11,"9,7",16:45,30,"0,3","5,3",00:40,,,,,
2017-04-27,1089U,RAMALES DE LA VICTORIA,CANTABRIA,80,"7,2","1,8","1,3",05:39,"13,1",15:55,05,"0,6","5,0",15:30,,,,,
2017-04-28,1089U,RAMALES DE LA VICTORIA,CANTABRIA,80,"7,6","0,0","-0,3",05:36,"15,5",12:15,06,"0,8","6,7",12:30,,,,,
2017-04-29,1089U,RAMALES DE LA VICTORIA,CANTABRIA,80,"12,2","0,0","0,8",05:12,"23,7",14:14,15,"1,1","8,6",22:20,,,,,
2017-04-30,1089U,RAMALES DE LA VICTORIA,CANTABRIA,80,"10,5","12,6","3,8",23:57,"17,2",01:41,28,"1,4","23,1",03:50,,,,,
2017-05-01,1089U,RAMALES DE LA VICTORIA,CANTABRIA,80,"9,8","0,0","1,0",05:11,"18,7",13:58,27,"0,6","8,3",09:30,,,,,
2017-05-02,1089U,RAMALES DE LA VICTORIA,CANTABRIA,80,"13,6","0,0","8,4",23:59,"18,9",15:29,32,"0,8","5,8",10:00,,,,,
2017-05-03,1089U,RAMALES DE LA VICTORIA,CANTABRIA,80,"15,4","0,0","8,3",00:09,"22,5",12:43,06,"1,7","7,2",14:00,,,,,
2017-05-04,1089U,RAMALES DE LA VICTORIA,CANTABRIA,80,"16,7","0,0","10,7",00:01,"22,7",13:58,06,"1,4","6,4",14:20,,,,,
2017-05-05,1089U,RAMALES DE LA VICTORIA,CANTABRIA,80,"19,2","5,4","11,4",03:13,"27,0",10:15,20,"2,2","10,8",05:10,,,,,
2017-05-06,1089U,RAMALES DE LA VICTORIA,CANTABRIA,80,"15,8","0,0","9,4",05:46,"22,1",11:50,08,"1,1","6,9",12:30,,,,,
2017-05-07,1089U,RAMALES DE LA VICTORIA,CANTABRIA,80,"15,4","0,0","7,0",05:00,"23,7",11:58,06,"1,7","7,2",16:20,,,,,
2017-05-08,1089U,RAMALES DE LA VICTORIA,CANTABRIA,80,"14,8","0,0","6,0",04:41,"23,5",12:18,08,"1,4","6,1",14:30,,,,,
2017-05-09,1089U,RAMALES DE LA VICTORIA,CANTABRIA,80,"14,4","0,8","7,0",Varias,"21,9",20:13,15,"1,4","9,7",20:10,,,,,
2017-05-10,1089U,RAMALES DE LA VICTORIA,CANTABRIA,80,"18,6","0,4","11,4",05:39,"25,8",10:42,14,"1,7","11,1",23:59,,,,,
2017-05-11,1089U,RAMALES DE LA VICTORIA,CANTABRIA,80,"20,6","0,6","16,7",16:40,"24,6",14:24,30,"4,2","23,3",08:10,,,,,
2017-05-12,1089U,RAMALES DE LA VICTORIA,CANTABRIA,80,"18,4","16,0","12,5",23:47,"24,4",14:16,27,"3,1","16,1",00:10,,,,,
2017-05-13,1089U,RAMALES DE LA VICTORIA,CANTABRIA,80,"16,2","0,0","10,8",23:51,"21,6",17:19,06,"1,4","6,9",12:50,,,,,
2017-05-14,1089U,RAMALES DE LA VICTORIA,CANTABRIA,80,"16,7","0,0","7,6",04:50,"25,8",15:01,06,"1,1","6,7",13:00,,,,,
2017-05-15,1089U,RAMALES DE LA VICTORIA,CANTABRIA,80,"19,1","0,0","9,7",03:32,"28,5",12:00,04,"0,8","5,8",15:40,,,,,
2017-05-16,1089U,RAMALES DE LA VICTORIA,CANTABRIA,80,"20,6","0,0","12,4",03:04,"28,9",14:54,08,"1,1","5,8",15:20,,,,,
2017-05-17,1089U,RAMALES DE LA VICTORIA,CANTABRIA,80,"16,9","18,8","13,8",01:39,"20,0",09:35,28,"0,3","6,7",22:20,,,,,
2017-05-18,1089U,RAMALES DE LA VICTORIA,CANTABRIA,80,"12,8","8,4","8,0",23:38,"17,5",14:39,28,"1,4","10,6",13:10,,,,,
2017-05-19,1089U,RAMALES DE LA VICTORIA,CANTABRIA,80,"11,2","0,6","5,7",05:04,"16,7",11:20,99,"2,2","8,3",Varias,,,,,
2017-05-20,1089U,RAMALES DE LA VICTORIA,CANTABRIA,80,"14,2","0,0","7,5",00:01,"20,9",13:28,04,"0,8","5,8",13:20,,,,,
2017-05-21,1089U,RAMALES DE LA VICTORIA,CANTABRIA,80,"19,8","0,0","7,7",02:33,"32,0",14:40,16,"1,7","10,3",17:20,,,,,
2017-05-22,1089U,RAMALES DE LA VICTORIA,CANTABRIA,80,"17,7","0,0","13,3",23:40,"22,1",15:38,30,"1,7","8,9",00:40,,,,,
2017-05-23,1089U,RAMALES DE LA VICTORIA,CANTABRIA,80,"17,8","0,0","11,6",03:11,"24,0",14:00,08,"1,7","6,7",15:20,,,,,
2017-05-24,1089U,RAMALES DE LA VICTORIA,CANTABRIA,80,"20,8","0,0","12,0",05:06,"29,5",15:58,07,"1,1","6,4",14:50,,,,,
2017-05-25,1089U,RAMALES DE LA VICTORIA,CANTABRIA,80,"24,2","1,4","13,5",04:42,"35,0",14:03,32,"1,7","12,2",17:10,,,,,
2017-05-26,1089U,RAMALES DE LA VICTORIA,CANTABRIA,80,"21,4","9,8","14,0",23:57,"28,8",12:24,29,"1,7","13,3",16:50,,,,,
2017-05-27,1089U,RAMALES DE LA VICTORIA,CANTABRIA,80,"19,3","0,0","13,1",04:32,"25,5",11:25,05,"1,1","5,6",11:50,,,,,
2017-05-28,1089U,RAMALES DE LA VICTORIA,CANTABRIA,80,"21,4","10,8","16,4",23:57,"26,3",14:43,09,"0,8","7,5",16:00,,,,,
2017-05-29,1089U,RAMALES DE LA VICTORIA,CANTABRIA,80,"17,7","7,2","16,1",Varias,"19,3",10:29,28,"0,3","6,9",11:50,,,,,
2017-05-30,1089U,RAMALES DE LA VICTORIA,CANTABRIA,80,"17,7","0,0","13,9",21:51,"21,5",14:30,06,"0,8","5,0",15:50,,,,,
2017-05-31,1089U,RAMALES DE LA VICTORIA,CANTABRIA,80,"19,6","0,0","12,8",04:55,"26,5",14:58,06,"1,4","6,1",15:40,,,,,
2017-06-01,1089U,RAMALES DE LA VICTORIA,CANTABRIA,80,"21,2","0,0","14,3",04:46,"28,2",13:09,06,"1,1","6,9",14:40,,,,,
2017-06-02,1089U,RAMALES DE LA VICTORIA,CANTABRIA,80,"17,1","2,0","15,0",23:29,"19,2",10:37,23,"0,6","4,4",19:50,,,,,
2017-06-03,1089U,RAMALES DE LA VICTORIA,CANTABRIA,80,,"1,2",,,,,,,,,,,,,
2017-06-04,1089U,RAMALES DE LA VICTORIA,CANTABRIA,80,"12,4","4,2","10,4",23:55,"14,3",13:41,28,"0,3","6,1",16:30,,,,,
2017-06-05,1089U,RAMALES DE LA VICTORIA,CANTABRIA,80,"16,6","8,6","8,2",03:38,"24,9",13:29,30,"1,4","8,1",23:59,,,,,
2017-06-06,1089U,RAMALES DE LA VICTORIA,CANTABRIA,80,"15,2","0,6","12,8",Varias,"17,7",13:01,30,"1,4","10,3",00:40,,,,,
2017-06-07,1089U,RAMALES DE LA VICTORIA,CANTABRIA,80,"17,8","0,0","9,8",05:12,"25,9",15:06,06,"1,1","6,1",14:00,,,,,
2017-06-08,1089U,RAMALES DE LA VICTORIA,CANTABRIA,80,"21,9","0,2","11,8",04:39,"32,0",11:44,27,"1,4","11,1",17:20,,,,,
2017-06-09,1089U,RAMALES DE LA VICTORIA,CANTABRIA,80,"17,5","0,0","10,5",04:31,"24,5",11:44,08,"1,1","5,3",14:30,,,,,
2017-06-10,1089U,RAMALES DE LA VICTORIA,CANTABRIA,80,"20,2","0,0","12,2",02:45,"28,2",11:14,07,"1,4","6,4",13:30,,,,,
2017-06-11,1089U,RAMALES DE LA VICTORIA,CANTABRIA,80,"19,0","2,6","17,1",23:44,"20,8",12:37,27,"1,1","5,8",10:00,,,,,
2017-06-12,1089U,RAMALES DE LA VICTORIA,CANTABRIA,80,"18,4","0,0","16,6",Varias,"20,3",11:31,04,"0,6","4,7",12:50,,,,,
2017-06-13,1089U,RAMALES DE LA VICTORIA,CANTABRIA,80,"21,0","2,0","15,6",04:51,"26,3",11:42,27,"2,2","10,8",12:40,,,,,
2017-06-14,1089U,RAMALES DE LA VICTORIA,CANTABRIA,80,"21,2","0,6","16,8",00:01,"25,7",11:54,08,"1,7","5,8",12:40,,,,,
2017-06-15,1089U,RAMALES DE LA VICTORIA,CANTABRIA,80,"18,0","0,0","16,2",23:53,"19,9",13:23,28,"0,8","4,2",12:00,,,,,
2017-06-16,1089U,RAMALES DE LA VICTORIA,CANTABRIA,80,"21,0","0,0","15,8",Varias,"26,3",13:42,04,"0,8","6,4",13:20,,,,,
2017-06-17,1089U,RAMALES DE LA VICTORIA,CANTABRIA,80,"22,1","0,0","13,4",04:40,"30,8",13:07,09,"1,4","6,7",14:20,,,,,
2017-06-18,1089U,RAMALES DE LA VICTORIA,CANTABRIA,80,"23,0","0,0","12,8",04:53,"33,3",12:46,08,"1,4","7,2",15:50,,,,,
2017-06-19,1089U,RAMALES DE LA VICTORIA,CANTABRIA,80,"25,8","0,2","14,7",05:00,"36,8",12:20,17,"1,4","13,1",20:00,,,,,
2017-06-20,1089U,RAMALES DE LA VICTORIA,CANTABRIA,80,"25,8","0,0","16,7",05:09,"34,9",13:24,06,"1,1","7,2",14:20,,,,,
2017-06-21,1089U,RAMALES DE LA VICTORIA,CANTABRIA,80,"26,9","0,0","16,5",04:40,"37,3",Varias,35,"1,1","5,3",18:10,,,,,
2017-06-22,1089U,RAMALES DE LA VICTORIA,CANTABRIA,80,"20,2","0,0","18,6",04:57,"21,9",11:24,28,"2,2","5,6",15:00,,,,,
2017-06-23,1089U,RAMALES DE LA VICTORIA,CANTABRIA,80,"19,0","0,4","17,3",Varias,"20,8",11:25,32,"0,6","3,6",12:40,,,,,
2017-06-24,1089U,RAMALES DE LA VICTORIA,CANTABRIA,80,"19,0","0,0","15,5",03:28,"22,6",11:47,06,"0,6","5,0",12:10,,,,,
2017-06-25,1089U,RAMALES DE LA VICTORIA,CANTABRIA,80,"19,8","0,2","14,4",05:09,"25,3",13:06,08,"1,1","6,9",12:10,,,,,
2017-06-26,1089U,RAMALES DE LA VICTORIA,CANTABRIA,80,"21,2","0,2","16,4",04:53,"25,9",11:30,28,"1,4","10,3",12:10,,,,,
2017-06-27,1089U,RAMALES DE LA VICTORIA,CANTABRIA,80,"20,0","22,4","16,6",23:43,"23,5",17:16,30,"1,4","6,9",11:20,,,,,
2017-06-28,1089U,RAMALES DE LA VICTORIA,CANTABRIA,80,"18,9","1,2","13,9",23:55,"23,9",11:53,28,"3,1","12,8",18:10,,,,,
2017-06-29,1089U,RAMALES DE LA VICTORIA,CANTABRIA,80,"16,8","4,8","12,6",02:46,"21,1",14:06,33,"2,2","9,7",16:20,,,,,
2017-06-30,1089U,RAMALES DE LA VICTORIA,CANTABRIA,80,"14,5","27,8","12,5",03:46,"16,5",14:45,24,"1,7","10,3",13:50,,,,,
2017-07-01,1089U,RAMALES DE LA VICTORIA,CANTABRIA,80,"15,1","0,8","12,2",03:49,"18,0",15:43,26,"1,1","8,9",16:10,,,,,
2017-07-02,1089U,RAMALES DE LA VICTORIA,CANTABRIA,80,"18,2","0,0","11,8",02:42,"24,5",14:17,07,"1,1","6,7",15:00,,,,,
2017-07-03,1089U,RAMALES DE LA VICTORIA,CANTABRIA,80,"19,8","0,0","11,4",03:52,"28,1",14:12,06,"1,4","6,4",14:50,,,,,
2017-07-04,1089U,RAMALES DE LA VICTORIA,CANTABRIA,80,"23,2","0,0","13,3",04:52,"33,1",15:25,06,"1,7","5,3",12:40,,,,,
2017-07-05,1089U,RAMALES DE LA VICTORIA,CANTABRIA,80,"24,0","0,0","18,0",01:09,"30,0",03:44,16,"2,5","7,5",03:00,,,,,
2017-07-06,1089U,RAMALES DE LA VICTORIA,CANTABRIA,80,"19,8","0,0","15,4",04:42,"24,2",13:17,08,"0,8","5,8",19:10,,,,,
2017-07-07,1089U,RAMALES DE LA VICTORIA,CANTABRIA,80,"21,4","1,0","14,7",05:04,"28,1",15:05,08,"1,1","6,1",14:00,,,,,
2017-07-08,1089U,RAMALES DE LA VICTORIA,CANTABRIA,80,"20,8","1,0","17,0",23:56,"24,7",12:39,26,"0,6","7,5",16:20,,,,,
2017-07-09,1089U,RAMALES DE LA VICTORIA,CANTABRIA,80,"20,9","6,6","16,0",05:12,"25,8",11:53,30,"1,1","6,4",14:00,,,,,
2017-07-10,1089U,RAMALES DE LA VICTORIA,CANTABRIA,80,"19,9","0,2","16,8",04:42,"23,0",13:26,29,"1,1","5,8",10:50,,,,,
2017-07-11,1089U,RAMALES DE LA VICTORIA,CANTABRIA,80,"20,9","0,0","14,9",Varias,"26,9",12:49,06,"1,7","5,6",12:50,,,,,
2017-07-12,1089U,RAMALES DE LA VICTORIA,CANTABRIA,80,"18,8","0,2","13,5",04:52,"24,0",11:18,07,"0,6","5,3",13:40,,,,,
2017-07-13,1089U,RAMALES DE LA VICTORIA,CANTABRIA,80,"19,4","1,0","17,2",23:49,"21,7",11:24,06,"0,8","3,9",12:00,,,,,
2017-07-14,1089U,RAMALES DE LA VICTORIA,CANTABRIA,80,"19,6","0,0","14,8",Varias,"24,4",14:32,08,"1,1","6,7",15:30,,,,,
2017-07-15,1089U,RAMALES DE LA VICTORIA,CANTABRIA,80,"20,2","0,0","14,5",Varias,"26,0",13:54,06,"0,8","7,2",14:50,,,,,
2017-07-16,1089U,RAMALES DE LA VICTORIA,CANTABRIA,80,"21,6","0,0","13,1",04:55,"30,0",14:13,07,"1,4","6,9",11:10,,,,,
2017-07-17,1089U,RAMALES DE LA VICTORIA,CANTABRIA,80,"24,4","0,2","15,3",04:00,"33,5",14:16,05,"1,9","7,2",15:30,,,,,
2017-07-18,1089U,RAMALES DE LA VICTORIA,CANTABRIA,80,"25,4","0,0","16,3",04:43,"34,5",10:37,07,"2,5","10,6",11:20,,,,,
2017-07-19,1089U,RAMALES DE LA VICTORIA,CANTABRIA,80,"22,4","2,8","17,2",Varias,"27,6",11:37,30,"1,4","8,3",18:50,,,,,
2017-07-20,1089U,RAMALES DE LA VICTORIA,CANTABRIA,80,"17,1","1,2","15,3",Varias,"18,9",09:42,30,"0,3","5,3",10:40,,,,,
2017-07-21,1089U,RAMALES DE LA VICTORIA,CANTABRIA,80,"16,9","0,0","13,3",23:51,"20,5",16:13,04,"0,6","3,9",16:10,,,,,
2017-07-22,1089U,RAMALES DE LA VICTORIA,CANTABRIA,80,"18,8","0,4","12,9",05:09,"24,7",10:16,30,"1,1","6,9",17:10,,,,,
2017-07-23,1089U,RAMALES DE LA VICTORIA,CANTABRIA,80,"20,1","9,4","13,8",05:05,"26,4",14:21,05,"1,1","6,9",15:00,,,,,
2017-07-24,1089U,RAMALES DE LA VICTORIA,CANTABRIA,80,"18,0","8,6","16,1",23:49,"19,8",12:40,27,"0,6","6,4",14:40,,,,,
2017-07-25,1089U,RAMALES DE LA VICTORIA,CANTABRIA,80,"18,1","0,0","13,5",23:53,"22,7",16:25,29,"1,4","6,4",15:20,,,,,
2017-07-26,1089U,RAMALES DE LA VICTORIA,CANTABRIA,80,"19,3","0,0","12,3",02:28,"26,3",13:05,08,"1,7","6,9",Varias,,,,,
2017-07-27,1089U,RAMALES DE LA VICTORIA,CANTABRIA,80,"22,0","2,0","15,5",Varias,"28,6",13:54,06,"1,1","6,7",14:50,,,,,
2017-07-28,1089U,RAMALES DE LA VICTORIA,CANTABRIA,80,"20,6","0,0","15,7",23:58,"25,5",14:46,06,"0,8","6,1",14:50,,,,,
2017-07-29,1089U,RAMALES DE LA VICTORIA,CANTABRIA,80,"22,0","0,0","13,7",05:35,"30,3",13:35,06,"1,1","6,4",16:00,,,,,
2017-07-30,1089U,RAMALES DE LA VICTORIA,CANTABRIA,80,"20,7","4,4","16,5",23:41,"24,9",10:02,05,"0,8","5,6",10:50,,,,,
2017-07-31,1089U,RAMALES DE LA VICTORIA,CANTABRIA,80,"18,4","1,4","15,2",Varias,"21,7",12:20,07,"0,6","3,6",15:30,,,,,
2017-08-01,1089U,RAMALES DE LA VICTORIA,CANTABRIA,80,"20,3","0,0","16,3",03:08,"24,3",12:59,04,"0,6","5,0",17:00,,,,,
2017-08-02,1089U,RAMALES DE LA VICTORIA,CANTABRIA,80,"21,6","0,0","14,6",03:32,"28,5",12:57,06,"1,1","7,2",13:40,,,,,
2017-08-03,1089U,RAMALES DE LA VICTORIA,CANTABRIA,80,"21,8","0,0","14,3",05:46,"29,3",13:06,06,"1,4","7,8",12:10,,,,,
2017-08-04,1089U,RAMALES DE LA VICTORIA,CANTABRIA,80,,"3,0",,,,,,"1,1",,,,,,,
2017-08-05,1089U,RAMALES DE LA VICTORIA,CANTABRIA,80,"18,8","9,4","16,1",Varias,"21,6",00:01,28,"0,8","6,7",08:40,,,,,
2017-08-06,1089U,RAMALES DE LA VICTORIA,CANTABRIA,80,"20,0","0,0","15,9",Varias,"24,0",Varias,04,"0,8","5,8",15:30,,,,,
2017-08-07,1089U,RAMALES DE LA VICTORIA,CANTABRIA,80,"19,9","1,2","15,6",23:49,"24,2",10:10,25,"1,1","6,4",15:50,,,,,
2017-08-08,1089U,RAMALES DE LA VICTORIA,CANTABRIA,80,"16,8","2,0","12,7",05:26,"21,0",15:44,28,"0,8","10,8",12:00,,,,,
2017-08-09,1089U,RAMALES DE LA VICTORIA,CANTABRIA,80,"16,0","6,0","12,2",21:51,"19,8",12:55,30,"1,7","8,9",13:10,,,,,
2017-08-10,1089U,RAMALES DE LA VICTORIA,CANTABRIA,80,"16,3","0,2","11,7",05:39,"20,9",16:14,29,"1,1","10,3",12:10,,,,,
2017-08-11,1089U,RAMALES DE LA VICTORIA,CANTABRIA,80,"16,9","0,0","11,0",23:55,"22,8",14:27,07,"1,4","6,7",13:00,,,,,
2017-08-12,1089U,RAMALES DE LA VICTORIA,CANTABRIA,80,"17,6","0,0","8,8",05:42,"26,4",13:49,05,"1,4","5,8",14:30,,,,,
2017-08-13,1089U,RAMALES DE LA VICTORIA,CANTABRIA,80,"18,2","0,0","9,6",04:58,"26,8",13:08,09,"1,7","6,7",13:40,,,,,
2017-08-14,1089U,RAMALES DE LA VICTORIA,CANTABRIA,80,"24,9","0,4","13,3",05:45,"36,5",12:58,07,"1,1","8,3",13:20,,,,,
2017-08-15,1089U,RAMALES DE LA VICTORIA,CANTABRIA,80,"18,0","0,2","15,0",23:49,"20,9",Varias,32,"0,3","3,6",12:20,,,,,
2017-08-16,1089U,RAMALES DE LA VICTORIA,CANTABRIA,80,"19,7","0,0","12,6",05:43,"26,8",16:18,06,"1,4","6,1",15:20,,,,,
2017-08-17,1089U,RAMALES DE LA VICTORIA,CANTABRIA,80,"20,4","0,0","12,7",05:18,"28,2",12:40,06,"1,4","7,2",12:30,,,,,
2017-08-18,1089U,RAMALES DE LA VICTORIA,CANTABRIA,80,"22,0","2,6","18,3",00:01,"25,7",14:19,30,"1,4","6,7",11:30,,,,,
2017-08-19,1089U,RAMALES DE LA VICTORIA,CANTABRIA,80,"19,0","0,0","13,0",23:47,"25,1",11:59,04,"0,8","6,9",12:50,,,,,
2017-08-20,1089U,RAMALES DE LA VICTORIA,CANTABRIA,80,"19,6","0,0","12,1",Varias,"27,2",13:14,06,"1,7","6,1",14:00,,,,,
2017-08-21,1089U,RAMALES DE LA VICTORIA,CANTABRIA,80,"22,2","0,0","9,8",05:14,"34,6",15:26,07,"0,8","6,1",14:30,,,,,
2017-08-22,1089U,RAMALES DE LA VICTORIA,CANTABRIA,80,"22,6","0,0","15,1",06:01,"30,1",12:03,05,"1,9","6,1",13:40,,,,,
2017-08-23,1089U,RAMALES DE LA VICTORIA,CANTABRIA,80,"21,2","0,0","15,7",01:55,"26,8",14:19,08,"1,4","6,4",15:30,,,,,
2017-08-24,1089U,RAMALES DE LA VICTORIA,CANTABRIA,80,"22,0","0,0","18,4",Varias,"25,5",11:10,05,"0,8","5,0",12:50,,,,,
2017-08-25,1089U,RAMALES DE LA VICTORIA,CANTABRIA,80,"21,8","0,0","18,3",05:32,"25,3",11:53,09,"1,1","5,8",12:00,,,,,
2017-08-26,1089U,RAMALES DE LA VICTORIA,CANTABRIA,80,"22,2","0,0","16,7",06:01,"27,6",11:46,07,"1,4","5,8",12:40,,,,,
2017-08-27,1089U,RAMALES DE LA VICTORIA,CANTABRIA,80,"22,3","3,8","18,0",06:02,"26,6",11:23,27,"1,7","7,5",21:30,,,,,
2017-08-28,1089U,RAMALES DE LA VICTORIA,CANTABRIA,80,"22,6","4,6","16,5",03:07,"28,8",11:58,16,"1,1","11,1",16:30,,,,,
2017-08-29,1089U,RAMALES DE LA VICTORIA,CANTABRIA,80,"22,4","1,2","15,3",04:57,"29,4",13:34,07,"0,8","7,2",14:40,,,,,
2017-08-30,1089U,RAMALES DE LA VICTORIA,CANTABRIA,80,"20,2","54,4","14,6",Varias,"25,9",10:15,28,"1,1","7,8",13:20,,,,,
2017-08-31,1089U,RAMALES DE LA VICTORIA,CANTABRIA,80,"18,2","0,8","13,8",04:30,"22,6",10:33,06,"0,8","5,8",12:30,,,,,
2017-09-01,1089U,RAMALES DE LA VICTORIA,CANTABRIA,80,"18,0","2,2","14,1",23:30,"21,8",11:36,28,"0,6","7,8",16:30,,,,,
2017-09-02,1089U,RAMALES DE LA VICTORIA,CANTABRIA,80,"18,4","0,0","12,3",05:46,"24,5",13:56,08,"0,8","6,1",13:40,,,,,
2017-09-03,1089U,RAMALES DE LA VICTORIA,CANTABRIA,80,"20,1","0,6","13,2",00:04,"27,0",12:03,36,"0,8","4,7",11:00,,,,,
2017-09-04,1089U,RAMALES DE LA VICTORIA,CANTABRIA,80,"20,8","0,0","16,5",Varias,"25,0",12:55,27,"1,1","8,1",13:10,,,,,
2017-09-05,1089U,RAMALES DE LA VICTORIA,CANTABRIA,80,"20,8","1,4","15,8",23:37,"25,7",10:13,26,"1,4","5,3",13:00,,,,,
2017-09-06,1089U,RAMALES DE LA VICTORIA,CANTABRIA,80,"17,6","1,0","15,4",23:43,"19,7",14:34,05,"0,6","3,6",15:50,,,,,
2017-09-07,1089U,RAMALES DE LA VICTORIA,CANTABRIA,80,"17,6","0,0","12,4",06:00,"22,8",13:20,06,"0,8","5,8",16:50,,,,,
2017-09-08,1089U,RAMALES DE LA VICTORIA,CANTABRIA,80,"17,8","15,2","11,3",03:32,"24,2",13:20,07,"0,8","7,5",13:30,,,,,
2017-09-09,1089U,RAMALES DE LA VICTORIA,CANTABRIA,80,"15,8","31,2","12,6",22:13,"18,9",12:10,28,"1,1","10,6",12:20,,,,,
2017-09-10,1089U,RAMALES DE LA VICTORIA,CANTABRIA,80,"17,2","10,6","12,9",Varias,"21,4",14:23,27,"1,4","7,2",11:50,,,,,
2017-09-11,1089U,RAMALES DE LA VICTORIA,CANTABRIA,80,"17,6","29,8","14,4",Varias,"20,7",15:06,26,"0,8","7,8",14:50,,,,,
2017-09-12,1089U,RAMALES DE LA VICTORIA,CANTABRIA,80,"18,1","0,2","13,1",23:50,"23,1",15:20,28,"0,6","5,8",15:00,,,,,
2017-09-13,1089U,RAMALES DE LA VICTORIA,CANTABRIA,80,"19,0","5,8","12,4",05:59,"25,7",13:33,10,"0,8","5,3",12:40,,,,,
2017-09-14,1089U,RAMALES DE LA VICTORIA,CANTABRIA,80,"15,0","3,4","10,1",23:49,"19,9",12:07,32,"2,2","8,9",12:30,,,,,
2017-09-15,1089U,RAMALES DE LA VICTORIA,CANTABRIA,80,"12,2","22,0","9,5",02:44,"15,0",10:20,28,"0,6","5,8",10:50,,,,,
2017-09-16,1089U,RAMALES DE LA VICTORIA,CANTABRIA,80,"13,4","8,4","9,5",03:16,"17,4",12:54,29,"1,1","6,9",13:00,,,,,
2017-09-17,1089U,RAMALES DE LA VICTORIA,CANTABRIA,80,"14,6","4,2","8,5",04:33,"20,8",13:56,26,"1,4","6,7",12:00,,,,,
2017-09-18,1089U,RAMALES DE LA VICTORIA,CANTABRIA,80,"15,6","10,4","13,1",05:17,"18,1",14:20,06,"0,8","4,2",18:00,,,,,
2017-09-19,1089U,RAMALES DE LA VICTORIA,CANTABRIA,80,"15,5","0,0","9,9",22:37,"21,1",14:02,09,"0,3","5,0",12:30,,,,,
2017-09-20,1089U,RAMALES DE LA VICTORIA,CANTABRIA,80,"16,2","0,2","7,6",Varias,"24,8",Varias,99,"0,8","4,2",Varias,,,,,
2017-09-21,1089U,RAMALES DE LA VICTORIA,CANTABRIA,80,"16,8","7,8","9,5",06:30,"24,0",12:55,26,"0,6","6,7",15:00,,,,,
2017-09-22,1089U,RAMALES DE LA VICTORIA,CANTABRIA,80,"16,0","0,4","12,7",23:39,"19,3",13:07,06,"0,3","3,3",14:40,,,,,
2017-09-23,1089U,RAMALES DE LA VICTORIA,CANTABRIA,80,"20,3","0,0","11,5",04:30,"29,1",15:14,30,"0,6","5,8",17:00,,,,,
2017-09-24,1089U,RAMALES DE LA VICTORIA,CANTABRIA,80,"18,7","3,2","10,4",06:20,"27,0",14:04,06,"1,1","6,1",15:10,,,,,
2017-09-25,1089U,RAMALES DE LA VICTORIA,CANTABRIA,80,"17,6","2,4","13,5",Varias,"21,6",11:15,29,"0,6","8,1",11:40,,,,,
2017-09-26,1089U,RAMALES DE LA VICTORIA,CANTABRIA,80,"18,4","0,2","12,5",22:36,"24,2",14:52,08,"0,8","5,3",15:20,,,,,
2017-09-27,1089U,RAMALES DE LA VICTORIA,CANTABRIA,80,"18,7","0,0","10,8",06:43,"26,6",15:02,07,"1,1","5,3",15:20,,,,,
2017-09-28,1089U,RAMALES DE LA VICTORIA,CANTABRIA,80,"19,2","0,0","10,1",05:56,"28,4",14:00,05,"1,1","5,8",13:20,,,,,
2017-09-29,1089U,RAMALES DE LA VICTORIA,CANTABRIA,80,"19,8","4,4","13,0",Varias,"26,7",12:23,30,"0,8","6,7",14:10,,,,,
2017-09-30,1089U,RAMALES DE LA VICTORIA,CANTABRIA,80,"16,2","9,0","14,2",23:52,"18,1",13:08,99,"0,3","2,8",Varias,,,,,
2017-10-01,1089U,RAMALES DE LA VICTORIA,CANTABRIA,80,"17,8","1,0","14,2",Varias,"21,4",14:58,33,"0,3","3,1",13:20,,,,,
2017-10-02,1089U,RAMALES DE LA VICTORIA,CANTABRIA,80,"21,0","0,0","17,2",03:36,"24,9",14:44,05,"0,6","3,3",14:20,,,,,
2017-10-03,1089U,RAMALES DE LA VICTORIA,CANTABRIA,80,"20,9","0,0","17,5",05:09,"24,3",11:44,99,"0,8","5,3",11:50,,,,,
2017-10-04,1089U,RAMALES DE LA VICTORIA,CANTABRIA,80,"20,0","0,2","13,7",06:15,"26,3",13:32,08,"0,8","7,2",13:50,,,,,
2017-10-05,1089U,RAMALES DE LA VICTORIA,CANTABRIA,80,,"0,0",,,,,,"0,6",,,,,,,
2017-10-06,1089U,RAMALES DE LA VICTORIA,CANTABRIA,80,"16,0","1,6","13,0",23:57,"19,1",11:00,08,"0,8","6,1",13:10,,,,,
2017-10-07,1089U,RAMALES DE LA VICTORIA,CANTABRIA,80,"15,1","0,0","8,3",23:29,"21,9",14:19,08,"0,3","5,3",14:20,,,,,
2017-10-08,1089U,RAMALES DE LA VICTORIA,CANTABRIA,80,"15,1","0,0","6,9",07:08,"23,3",13:50,09,"0,3","5,3",14:30,,,,,
2017-10-09,1089U,RAMALES DE LA VICTORIA,CANTABRIA,80,"14,9","0,0","6,5",07:01,"23,3",14:05,08,"0,0","5,6",14:40,,,,,
2017-10-10,1089U,RAMALES DE LA VICTORIA,CANTABRIA,80,"16,4","0,0","8,7",06:42,"24,2",13:23,06,"0,6","5,3",15:50,,,,,
2017-10-11,1089U,RAMALES DE LA VICTORIA,CANTABRIA,80,"15,4","0,0","6,6",06:18,"24,1",13:13,07,"1,4","5,3",14:30,,,,,
2017-10-12,1089U,RAMALES DE LA VICTORIA,CANTABRIA,80,"16,6","0,0","8,7",06:50,"24,6",13:56,08,"0,6","3,9",15:10,,,,,
2017-10-13,1089U,RAMALES DE LA VICTORIA,CANTABRIA,80,"16,6","0,0","8,6",06:43,"24,6",12:44,07,"0,8","5,3",13:30,,,,,
2017-10-14,1089U,RAMALES DE LA VICTORIA,CANTABRIA,80,"20,8","0,0","13,4",23:55,"28,2",13:40,06,"0,6","4,7",14:30,,,,,
2017-10-15,1089U,RAMALES DE LA VICTORIA,CANTABRIA,80,"22,0","0,0","12,5",03:43,"31,4",12:11,14,"2,2","13,6",13:00,,,,,
2017-10-16,1089U,RAMALES DE LA VICTORIA,CANTABRIA,80,"21,4","0,0","15,9",23:59,"26,8",10:19,99,"2,8","10,8",06:30,,,,,
2017-10-17,1089U,RAMALES DE LA VICTORIA,CANTABRIA,80,"19,0","0,0","13,7",01:35,"24,3",13:30,12,"1,9","8,6",07:00,,,,,
2017-10-18,1089U,RAMALES DE LA VICTORIA,CANTABRIA,80,"15,4","1,2","12,3",Varias,"18,4",05:25,20,"0,8","8,1",04:50,,,,,
2017-10-19,1089U,RAMALES DE LA VICTORIA,CANTABRIA,80,"15,4","0,0","8,9",07:11,"21,9",12:59,05,"0,3","3,9",15:50,,,,,
2017-10-20,1089U,RAMALES DE LA VICTORIA,CANTABRIA,80,"18,6","1,4","12,3",Varias,"24,8",13:49,27,"0,6","15,0",21:40,,,,,
2017-10-21,1089U,RAMALES DE LA VICTORIA,CANTABRIA,80,"17,8","4,2","11,5",23:55,"24,0",00:01,30,"1,4","10,0",01:10,,,,,
2017-10-22,1089U,RAMALES DE LA VICTORIA,CANTABRIA,80,"12,4","0,0","7,9",23:41,"16,9",14:06,26,"0,3","6,4",12:40,,,,,
2017-10-23,1089U,RAMALES DE LA VICTORIA,CANTABRIA,80,"13,2","0,0","5,2",06:08,"21,2",13:28,08,"1,1","5,0",13:20,,,,,
2017-10-24,1089U,RAMALES DE LA VICTORIA,CANTABRIA,80,"14,5","0,0","4,8",06:31,"24,2",14:29,10,"0,0","4,7",14:30,,,,,
2017-10-25,1089U,RAMALES DE LA VICTORIA,CANTABRIA,80,"15,0","0,0","5,8",07:00,"24,1",14:25,07,"0,0","4,2",14:30,,,,,
2017-10-26,1089U,RAMALES DE LA VICTORIA,CANTABRIA,80,"16,0","0,0","7,4",06:54,"24,6",13:48,07,"0,3","5,3",15:50,,,,,
2017-10-27,1089U,RAMALES DE LA VICTORIA,CANTABRIA,80,"14,6","0,0","7,0",06:08,"22,1",12:53,06,"0,6","5,3",14:20,,,,,
2017-10-28,1089U,RAMALES DE LA VICTORIA,CANTABRIA,80,"13,5","0,0","7,3",23:59,"19,7",14:18,06,"0,3","4,4",14:30,,,,,
2017-10-29,1089U,RAMALES DE LA VICTORIA,CANTABRIA,80,"11,6","4,0","7,2",00:04,"16,1",12:02,99,"0,6","3,3",15:50,,,,,
2017-10-30,1089U,RAMALES DE LA VICTORIA,CANTABRIA,80,"11,2","2,2","7,4",22:54,"15,1",11:03,24,"1,1","5,0",12:00,,,,,
2017-10-31,1089U,RAMALES DE LA VICTORIA,CANTABRIA,80,"12,2","0,0","6,0",23:49,"18,3",14:23,01,"0,6","3,3",13:10,,,,,
2017-11-01,1089U,RAMALES DE LA VICTORIA,CANTABRIA,80,"12,8","0,0","4,1",Varias,"21,5",12:20,17,"0,3","7,2",22:20,,,,,
2017-11-02,1089U,RAMALES DE LA VICTORIA,CANTABRIA,80,"17,4","0,2","10,5",02:14,"24,2",13:25,17,"2,8","10,0",09:50,,,,,
2017-11-03,1089U,RAMALES DE LA VICTORIA,CANTABRIA,80,"15,7","0,2","8,3",Varias,"23,1",14:24,10,"0,8","8,3",09:50,,,,,
2017-11-04,1089U,RAMALES DE LA VICTORIA,CANTABRIA,80,"12,1","26,0","7,0",04:48,"17,2",13:48,28,"0,6","10,3",15:00,,,,,
2017-11-05,1089U,RAMALES DE LA VICTORIA,CANTABRIA,80,"11,4","25,6","9,4",06:23,"13,5",13:49,29,"1,1","8,3",20:00,,,,,
2017-11-06,1089U,RAMALES DE LA VICTORIA,CANTABRIA,80,"10,4","1,8","7,5",20:10,"13,3",12:34,28,"1,1","6,9",14:20,,,,,
2017-11-07,1089U,RAMALES DE LA VICTORIA,CANTABRIA,80,"11,3","12,8","7,4",06:03,"15,2",13:55,30,"0,3","6,4",15:50,,,,,
2017-11-08,1089U,RAMALES DE LA VICTORIA,CANTABRIA,80,"7,8","26,8","5,5",20:14,"10,0",10:27,08,"0,3","5,8",15:50,,,,,
2017-11-09,1089U,RAMALES DE LA VICTORIA,CANTABRIA,80,"10,2","8,8","6,6",00:01,"13,9",12:19,27,"0,8","6,7",13:10,,,,,
2017-11-10,1089U,RAMALES DE LA VICTORIA,CANTABRIA,80,"11,4","10,4","9,0",00:01,"13,8",12:05,27,"1,1","7,8",11:50,,,,,
2017-11-11,1089U,RAMALES DE LA VICTORIA,CANTABRIA,80,"13,0",,"10,5",04:20,"15,6",13:42,30,"0,8","6,7",12:00,,,,,
2017-11-12,1089U,RAMALES DE LA VICTORIA,CANTABRIA,80,"13,5","0,0","10,7",03:08,"16,3",11:54,28,"1,1","7,5",10:50,,,,,
2017-11-13,1089U,RAMALES DE LA VICTORIA,CANTABRIA,80,"8,6","0,2","5,7",23:57,"11,6",14:00,28,"0,8","6,7",05:10,,,,,
2017-11-14,1089U,RAMALES DE LA VICTORIA,CANTABRIA,80,"8,1","0,0","3,2",23:30,"13,0",13:56,11,"0,3","4,7",21:20,,,,,
2017-11-15,1089U,RAMALES DE LA VICTORIA,CANTABRIA,80,"6,6","0,0","0,7",07:08,"12,6",12:40,99,"0,6","4,2",Varias,,,,,
2017-11-16,1089U,RAMALES DE LA VICTORIA,CANTABRIA,80,"8,0","0,0","0,1",05:12,"15,9",14:34,09,"0,3","2,8",14:20,,,,,
2017-11-17,1089U,RAMALES DE LA VICTORIA,CANTABRIA,80,"8,4","0,0","2,1",06:40,"14,7",12:28,12,"0,3","3,3",14:10,,,,,
2017-11-18,1089U,RAMALES DE LA VICTORIA,CANTABRIA,80,"9,8","0,0","3,5",06:08,"16,2",13:24,06,"0,8","4,7",13:30,,,,,
2017-11-19,1089U,RAMALES DE LA VICTORIA,CANTABRIA,80,"7,1","0,0","1,6",23:59,"12,6",13:22,20,"0,6","1,9",14:50,,,,,
2017-11-20,1089U,RAMALES DE LA VICTORIA,CANTABRIA,80,"6,6","0,0","-0,3",06:45,"13,6",13:24,24,"0,3","1,4",13:10,,,,,
2017-11-21,1089U,RAMALES DE LA VICTORIA,CANTABRIA,80,"7,0","0,0","0,0",07:26,"13,9",13:25,25,"0,0","2,2",22:00,,,,,
2017-11-22,1089U,RAMALES DE LA VICTORIA,CANTABRIA,80,"11,8","0,0","0,6",02:04,"23,0",14:10,26,"2,5","17,2",23:59,,,,,
2017-11-23,1089U,RAMALES DE LA VICTORIA,CANTABRIA,80,"20,1","0,0","18,3",08:02,"21,9",14:24,28,"5,0","21,4",03:30,,,,,
2017-11-24,1089U,RAMALES DE LA VICTORIA,CANTABRIA,80,"16,6","9,6","11,6",23:32,"21,5",00:02,29,"0,8","17,8",00:30,,,,,
2017-11-25,1089U,RAMALES DE LA VICTORIA,CANTABRIA,80,"8,0","5,0","4,2",23:32,"11,8",01:32,26,"0,6","6,1",02:00,,,,,
2017-11-26,1089U,RAMALES DE LA VICTORIA,CANTABRIA,80,"7,4","0,2","2,8",06:27,"11,9",13:49,10,"0,3","2,8",12:50,,,,,
2017-11-27,1089U,RAMALES DE LA VICTORIA,CANTABRIA,80,"7,2","0,0","1,7",23:36,"12,8",13:51,08,"0,0","3,3",14:40,,,,,
2017-11-28,1089U,RAMALES DE LA VICTORIA,CANTABRIA,80,"7,0","14,4","-0,3",07:39,"14,4",13:41,26,"1,1","6,1",13:30,,,,,
2017-11-29,1089U,RAMALES DE LA VICTORIA,CANTABRIA,80,"5,6","20,4","2,7",23:50,"8,4",14:23,27,"0,3","5,3",10:50,,,,,
2017-11-30,1089U,RAMALES DE LA VICTORIA,CANTABRIA,80,"5,8","35,8","2,6",00:03,"8,9",11:24,26,"1,4","7,2",21:50,,,,,
2017-12-01,1089U,RAMALES DE LA VICTORIA,CANTABRIA,80,"5,0","30,2","2,6",19:37,"7,3",04:15,30,"1,7","11,4",11:00,,,,,
2017-12-02,1089U,RAMALES DE LA VICTORIA,CANTABRIA,80,"5,4","8,8","3,9",00:01,"6,9",13:38,27,"1,4","11,4",13:50,,,,,
2017-12-03,1089U,RAMALES DE LA VICTORIA,CANTABRIA,80,"4,7","0,8","1,9",06:10,"7,5",Varias,28,"0,3","3,9",00:50,,,,,
2017-12-04,1089U,RAMALES DE LA VICTORIA,CANTABRIA,80,"8,3","0,2","5,1",23:59,"11,5",11:35,08,"0,0","3,3",12:20,,,,,
2017-12-05,1089U,RAMALES DE LA VICTORIA,CANTABRIA,80,"5,3","0,0","0,0",23:33,"10,6",12:54,10,"0,6","1,9",12:00,,,,,
2017-12-06,1089U,RAMALES DE LA VICTORIA,CANTABRIA,80,,"0,0",,,,,,"0,6",,,,,,,
2017-12-07,1089U,RAMALES DE LA VICTORIA,CANTABRIA,80,"6,4","13,2","1,5",00:01,"11,4",14:42,24,"0,8","3,3",07:30,,,,,
2017-12-08,1089U,RAMALES DE LA VICTORIA,CANTABRIA,80,"9,0","27,4","7,5",00:01,"10,6",10:23,07,"0,6","3,9",12:50,,,,,
2017-12-09,1089U,RAMALES DE LA VICTORIA,CANTABRIA,80,"8,8","6,0","6,6",07:36,"11,0",Varias,28,"0,6","4,2",19:00,,,,,
2017-12-10,1089U,RAMALES DE LA VICTORIA,CANTABRIA,80,"14,4","29,2","10,0",23:55,"18,8",21:56,27,"2,2","32,5",20:50,,,,,
2017-12-11,1089U,RAMALES DE LA VICTORIA,CANTABRIA,80,"7,1","24,6","4,2",23:58,"10,0",00:01,28,"2,2","13,9",18:50,,,,,
2017-12-12,1089U,RAMALES DE LA VICTORIA,CANTABRIA,80,"4,3","17,4","2,0",23:54,"6,6",14:55,29,"1,1","4,4",05:20,,,,,
2017-12-13,1089U,RAMALES DE LA VICTORIA,CANTABRIA,80,"7,1","27,0","1,4",01:57,"12,8",14:04,16,"0,8","7,2",19:00,,,,,
2017-12-14,1089U,RAMALES DE LA VICTORIA,CANTABRIA,80,"10,7","18,0","8,1",23:42,"13,3",13:46,25,"0,8","7,2",21:00,,,,,
2017-12-15,1089U,RAMALES DE LA VICTORIA,CANTABRIA,80,"8,8","23,8","5,8",23:47,"11,8",02:10,34,"1,7","10,8",03:50,,,,,
2017-12-16,1089U,RAMALES DE LA VICTORIA,CANTABRIA,80,"7,4","14,2","5,2",19:58,"9,7",13:43,05,"1,1","9,2",16:30,,,,,
2017-12-17,1089U,RAMALES DE LA VICTORIA,CANTABRIA,80,"7,6","0,2","4,4",05:50,"10,7",11:41,99,"0,8","4,7",Varias,,,,,
2017-12-18,1089U,RAMALES DE LA VICTORIA,CANTABRIA,80,"6,8","7,0","1,4",07:49,"12,2",Varias,30,"1,4","7,8",19:00,,,,,
2017-12-19,1089U,RAMALES DE LA VICTORIA,CANTABRIA,80,"6,7","0,0","1,8",23:04,"11,6",13:14,36,"0,6","3,9",02:40,,,,,
2017-12-20,1089U,RAMALES DE LA VICTORIA,CANTABRIA,80,"4,0","0,0","0,1",08:09,"8,0",13:10,30,"0,3","2,2",17:30,,,,,
2017-12-21,1089U,RAMALES DE LA VICTORIA,CANTABRIA,80,"6,2","0,0","2,2",21:46,"10,2",12:53,28,"0,3","2,2",05:40,,,,,
2017-12-22,1089U,RAMALES DE LA VICTORIA,CANTABRIA,80,"7,0","0,2","2,5",00:01,"11,4",13:43,26,"0,6","2,8",06:10,,,,,
2017-12-23,1089U,RAMALES DE LA VICTORIA,CANTABRIA,80,"7,2","0,0","3,1",23:55,"11,4",13:57,11,"0,3","3,6",14:00,,,,,
2017-12-24,1089U,RAMALES DE LA VICTORIA,CANTABRIA,80,"5,3","0,0","0,7",08:39,"9,9",12:41,99,"0,6","1,4",Varias,,,,,
2017-12-25,1089U,RAMALES DE LA VICTORIA,CANTABRIA,80,"7,6","7,2","-0,2",07:50,"15,3",13:19,27,"2,5","26,4",16:40,,,,,
2017-12-26,1089U,RAMALES DE LA VICTORIA,CANTABRIA,80,"8,4","18,0","2,8",06:53,"13,9",22:13,27,"4,2","20,6",20:20,,,,,
2017-12-27,1089U,RAMALES DE LA VICTORIA,CANTABRIA,80,"9,0","26,6","5,8",20:35,"12,3",02:16,24,"3,1","15,6",05:30,,,,,
2017-12-28,1089U,RAMALES DE LA VICTORIA,CANTABRIA,80,"10,3","15,2","5,9",01:21,"14,7",12:52,26,"2,5","16,1",11:00,,,,,
2017-12-29,1089U,RAMALES DE LA VICTORIA,CANTABRIA,80,"12,8","1,0","7,5",01:59,"18,2",12:52,31,"1,1","10,0",09:30,,,,,
2017-12-30,1089U,RAMALES DE LA VICTORIA,CANTABRIA,80,"11,6","0,0","5,2",Varias,"18,1",21:37,17,"0,8","15,0",21:10,,,,,
2017-12-31,1089U,RAMALES DE LA VICTORIA,CANTABRIA,80,"11,4","11,2","4,7",23:52,"18,1",11:11,26,"4,7","20,8",11:00,,,,,
2018-01-01,1089U,RAMALES DE LA VICTORIA,CANTABRIA,80,"9,6","11,6","2,1",04:09,"17,1",13:03,18,"4,4","16,9",12:40,,,,,
2018-01-02,1089U,RAMALES DE LA VICTORIA,CANTABRIA,80,"12,0","7,2","9,6",Varias,"14,5",15:45,20,"0,8","3,3",06:10,,,,,
2018-01-03,1089U,RAMALES DE LA VICTORIA,CANTABRIA,80,"12,4","0,0","8,9",02:46,"16,0",13:23,22,"0,3","3,6",15:20,,,,,
2018-01-04,1089U,RAMALES DE LA VICTORIA,CANTABRIA,80,"12,2","0,2","7,4",07:43,"16,9",23:10,21,"0,6","12,2",23:59,,,,,
2018-01-05,1089U,RAMALES DE LA VICTORIA,CANTABRIA,80,"12,0","12,6","7,3",23:38,"16,8",00:25,17,"1,1","20,8",03:10,,,,,
2018-01-06,1089U,RAMALES DE LA VICTORIA,CANTABRIA,80,"5,6","49,4","3,9",Varias,"7,4",00:01,29,"1,1","7,2",12:50,,,,,
2018-01-07,1089U,RAMALES DE LA VICTORIA,CANTABRIA,80,"6,8","3,0","3,4",Varias,"10,1",14:44,28,"0,8","7,8",05:00,,,,,
2018-01-08,1089U,RAMALES DE LA VICTORIA,CANTABRIA,80,"5,9","0,0","1,4",Varias,"10,4",13:10,99,"0,0","1,7",Varias,,,,,
2018-01-09,1089U,RAMALES DE LA VICTORIA,CANTABRIA,80,"5,7","1,2","0,0",04:47,"11,4",12:25,19,"4,4","20,0",13:10,,,,,
2018-01-10,1089U,RAMALES DE LA VICTORIA,CANTABRIA,80,"7,4","7,2","0,8",08:04,"14,0",14:42,18,"3,3","15,6",13:40,,,,,
2018-01-11,1089U,RAMALES DE LA VICTORIA,CANTABRIA,80,"6,9","18,0","4,4",01:32,"9,4",14:52,26,"3,1","11,1",16:10,,,,,
2018-01-12,1089U,RAMALES DE LA VICTORIA,CANTABRIA,80,"8,2","0,0","3,8",23:39,"12,7",13:08,28,"0,6","2,5",16:20,,,,,
2018-01-13,1089U,RAMALES DE LA VICTORIA,CANTABRIA,80,"8,2","21,6","3,5",01:01,"12,8",05:13,16,"1,1","12,8",05:10,,,,,
2018-01-14,1089U,RAMALES DE LA VICTORIA,CANTABRIA,80,"7,7","12,2","5,2",08:12,"10,2",12:04,32,"0,8","7,5",12:10,,,,,
2018-01-15,1089U,RAMALES DE LA VICTORIA,CANTABRIA,80,"7,8","0,0","3,7",08:14,"11,9",14:23,12,"0,3","4,7",15:20,,,,,
2018-01-16,1089U,RAMALES DE LA VICTORIA,CANTABRIA,80,"13,4","4,4","9,6",00:01,"17,3",13:04,30,"1,1","9,7",23:20,,,,,
2018-01-17,1089U,RAMALES DE LA VICTORIA,CANTABRIA,80,"8,6","3,0","4,0",23:56,"13,2",Varias,28,"1,7","10,3",04:00,,,,,
2018-01-18,1089U,RAMALES DE LA VICTORIA,CANTABRIA,80,"6,8","0,6","1,4",07:55,"12,1",13:30,27,"0,6","4,7",16:40,,,,,
2018-01-19,1089U,RAMALES DE LA VICTORIA,CANTABRIA,80,"10,2","5,8","8,5",07:09,"11,9",15:45,29,"0,8","6,1",11:10,,,,,
2018-01-20,1089U,RAMALES DE LA VICTORIA,CANTABRIA,80,"10,6","5,7","5,0",07:38,"16,1",14:47,24,"1,4","7,8",12:40,,,,,
2018-01-21,1089U,RAMALES DE LA VICTORIA,CANTABRIA,80,"11,8","0,2","6,4",22:54,"17,1",13:02,28,"0,8","6,7",15:40,,,,,
2018-01-22,1089U,RAMALES DE LA VICTORIA,CANTABRIA,80,"11,8","2,2","7,2",00:01,"16,5",13:11,27,"1,4","8,3",14:20,,,,,
2018-01-23,1089U,RAMALES DE LA VICTORIA,CANTABRIA,80,"11,2","0,0","7,0",23:56,"15,4",14:13,08,"0,3","3,1",16:20,,,,,
2018-01-24,1089U,RAMALES DE LA VICTORIA,CANTABRIA,80,"7,4","0,0","3,5",08:58,"11,4",13:45,99,"0,3","2,5",Varias,,,,,
2018-01-25,1089U,RAMALES DE LA VICTORIA,CANTABRIA,80,"7,1","14,6","4,1",01:29,"10,1",12:19,26,"1,1","10,0",13:50,,,,,
2018-01-26,1089U,RAMALES DE LA VICTORIA,CANTABRIA,80,"7,2","20,4","5,6",05:45,"8,9",11:07,29,"1,9","9,4",20:00,,,,,
2018-01-27,1089U,RAMALES DE LA VICTORIA,CANTABRIA,80,"6,4","1,0","1,8",Varias,"11,1",13:04,02,"1,1","7,5",01:30,,,,,
2018-01-28,1089U,RAMALES DE LA VICTORIA,CANTABRIA,80,"6,0","0,0","-0,7",07:45,"12,7",13:44,10,"0,3","3,3",15:20,,,,,
2018-01-29,1089U,RAMALES DE LA VICTORIA,CANTABRIA,80,"7,2","0,0","-0,7",08:07,"15,0",14:07,06,"0,3","5,3",14:20,,,,,
2018-01-30,1089U,RAMALES DE LA VICTORIA,CANTABRIA,80,"7,4","0,0","2,5",20:41,"12,2",14:05,17,"0,3","5,0",04:00,,,,,
2018-01-31,1089U,RAMALES DE LA VICTORIA,CANTABRIA,80,"8,8","14,4","3,9",00:01,"13,6",15:05,18,"1,7","7,8",06:50,,,,,
2018-02-01,1089U,RAMALES DE LA VICTORIA,CANTABRIA,80,,"33,4",,,,,26,"0,6","10,8",11:10,,,,,
2018-02-02,1089U,RAMALES DE LA VICTORIA,CANTABRIA,80,"4,6","18,0","2,0",05:43,"7,1",12:55,28,"0,8","7,8",13:30,,,,,
2018-02-03,1089U,RAMALES DE LA VICTORIA,CANTABRIA,80,"7,4","43,4","3,6",03:35,"11,3",12:20,27,"1,4","14,2",14:20,,,,,
2018-02-04,1089U,RAMALES DE LA VICTORIA,CANTABRIA,80,"5,2","18,6","1,9",07:17,"8,4",12:24,34,"1,1","6,9",15:30,,,,,
2018-02-05,1089U,RAMALES DE LA VICTORIA,CANTABRIA,80,"4,1","16,2","2,7",07:10,"5,5",11:05,27,"1,7","7,5",20:20,,,,,
2018-02-06,1089U,RAMALES DE LA VICTORIA,CANTABRIA,80,"4,8","12,2","1,2",07:35,"8,3",13:36,29,"1,7","8,9",14:20,,,,,
2018-02-07,1089U,RAMALES DE LA VICTORIA,CANTABRIA,80,"3,9","11,8","1,0",23:59,"6,8",12:27,28,"1,7","9,7",06:20,,,,,
2018-02-08,1089U,RAMALES DE LA VICTORIA,CANTABRIA,80,"3,6","0,4","-0,7",23:33,"7,8",13:41,27,"0,8","7,8",13:50,,,,,
2018-02-09,1089U,RAMALES DE LA VICTORIA,CANTABRIA,80,"4,0","19,0","-1,1",03:41,"9,0",14:25,28,"0,8","13,6",14:20,,,,,
2018-02-10,1089U,RAMALES DE LA VICTORIA,CANTABRIA,80,"6,5","3,6","3,8",Varias,"9,2",11:47,26,"1,1","10,3",09:20,,,,,
2018-02-11,1089U,RAMALES DE LA VICTORIA,CANTABRIA,80,"9,6","3,2","6,4",23:56,"12,9",13:07,28,"1,1","12,5",15:30,,,,,
2018-02-12,1089U,RAMALES DE LA VICTORIA,CANTABRIA,80,"4,0","4,0","0,3",22:49,"7,6",15:09,28,"1,7","6,7",01:00,,,,,
2018-02-13,1089U,RAMALES DE LA VICTORIA,CANTABRIA,80,"5,0","2,4","-0,4",03:39,"10,3",13:20,17,"2,5","15,8",07:20,,,,,
2018-02-14,1089U,RAMALES DE LA VICTORIA,CANTABRIA,80,"11,2","0,2","6,1",Varias,"16,2",15:08,05,"0,3","3,3",12:30,,,,,
2018-02-15,1089U,RAMALES DE LA VICTORIA,CANTABRIA,80,"12,6","0,0","4,9",05:37,"20,4",14:26,17,"1,4","9,4",13:40,,,,,
2018-02-16,1089U,RAMALES DE LA VICTORIA,CANTABRIA,80,"14,3","4,2","8,4",07:28,"20,2",14:54,07,"0,3","5,3",16:00,,,,,
2018-02-17,1089U,RAMALES DE LA VICTORIA,CANTABRIA,80,"9,0","6,6","5,7",20:12,"12,3",15:36,29,"0,8","6,4",16:00,,,,,
2018-02-18,1089U,RAMALES DE LA VICTORIA,CANTABRIA,80,"8,4","19,2","4,4",07:04,"12,4",13:24,28,"1,7","7,5",11:00,,,,,
2018-02-19,1089U,RAMALES DE LA VICTORIA,CANTABRIA,80,"10,4","35,6","9,0",02:17,"11,8",13:56,26,"1,1","11,4",22:40,,,,,
2018-02-20,1089U,RAMALES DE LA VICTORIA,CANTABRIA,80,"10,6","3,0","9,0",06:59,"12,1",11:37,28,"2,2","8,9",15:20,,,,,
2018-02-21,1089U,RAMALES DE LA VICTORIA,CANTABRIA,80,"5,9","3,2","2,2",22:42,"9,6",00:25,28,"1,7","9,7",00:50,,,,,
2018-02-22,1089U,RAMALES DE LA VICTORIA,CANTABRIA,80,"4,8","0,0","-0,1",23:57,"9,7",12:06,04,"0,6","6,4",13:20,,,,,
2018-02-23,1089U,RAMALES DE LA VICTORIA,CANTABRIA,80,"4,3","0,0","-1,3",06:38,"9,9",12:19,07,"1,4","5,8",14:10,,,,,
2018-02-24,1089U,RAMALES DE LA VICTORIA,CANTABRIA,80,"4,5","0,0","-2,3",07:41,"11,3",14:36,08,"0,6","5,8",16:00,,,,,
2018-02-25,1089U,RAMALES DE LA VICTORIA,CANTABRIA,80,"5,7","0,0","-2,2",06:44,"13,6",15:03,07,"1,4","8,3",16:40,,,,,
2018-02-26,1089U,RAMALES DE LA VICTORIA,CANTABRIA,80,"4,8","0,0","-1,4",07:04,"11,0",13:23,07,"0,6","7,5",14:30,,,,,
2018-02-27,1089U,RAMALES DE LA VICTORIA,CANTABRIA,80,"0,4","4,2","-2,4",20:14,"3,2",13:31,05,"0,8","5,6",15:30,,,,,
2018-02-28,1089U,RAMALES DE LA VICTORIA,CANTABRIA,80,"5,5","2,2","-1,9",Varias,"12,9",21:20,16,"3,3","18,9",13:10,,,,,
2018-03-01,1089U,RAMALES DE LA VICTORIA,CANTABRIA,80,"11,0","6,8","4,7",23:58,"17,4",16:43,26,"2,2","12,5",21:20,,,,,
2018-03-02,1089U,RAMALES DE LA VICTORIA,CANTABRIA,80,"7,9","0,0","0,5",07:37,"15,3",22:19,28,"1,9","15,8",20:50,,,,,
2018-03-03,1089U,RAMALES DE LA VICTORIA,CANTABRIA,80,"14,3","1,2","10,9",04:53,"17,7",14:30,25,"4,2","16,9",Varias,,,,,
2018-03-04,1089U,RAMALES DE LA VICTORIA,CANTABRIA,80,"13,4","0,0","8,8",Varias,"18,1",14:20,24,"1,4","9,7",17:40,,,,,
2018-03-05,1089U,RAMALES DE LA VICTORIA,CANTABRIA,80,"11,2","9,0","4,8",23:55,"17,5",12:16,16,"1,9","16,4",06:40,,,,,
2018-03-06,1089U,RAMALES DE LA VICTORIA,CANTABRIA,80,"8,6","0,0","3,2",04:29,"14,0",09:57,17,"3,6","15,0",05:30,,,,,
2018-03-07,1089U,RAMALES DE LA VICTORIA,CANTABRIA,80,"10,1","0,0","3,8",03:12,"16,4",13:25,27,"1,1","6,9",10:10,,,,,
2018-03-08,1089U,RAMALES DE LA VICTORIA,CANTABRIA,80,"12,2","0,0","5,0",00:01,"19,3",14:24,24,"3,3","14,7",21:20,,,,,
2018-03-09,1089U,RAMALES DE LA VICTORIA,CANTABRIA,80,"17,7","0,0","16,2",04:44,"19,2",16:00,22,"4,4","22,2",06:40,,,,,
2018-03-10,1089U,RAMALES DE LA VICTORIA,CANTABRIA,80,"16,8","0,0","13,2",23:42,"20,4",11:42,03,"3,1","15,3",23:40,,,,,
2018-03-11,1089U,RAMALES DE LA VICTORIA,CANTABRIA,80,"11,4","0,2","5,7",24:00,"17,1",14:47,12,"4,7","23,9",01:30,,,,,
2018-03-12,1089U,RAMALES DE LA VICTORIA,CANTABRIA,80,"9,2","0,0","3,5",03:14,"15,0",14:11,24,"2,2","11,9",09:00,,,,,
2018-03-13,1089U,RAMALES DE LA VICTORIA,CANTABRIA,80,"12,8","0,0","6,6",00:02,"19,0",14:07,15,"0,6","11,7",23:59,,,,,
2018-03-14,1089U,RAMALES DE LA VICTORIA,CANTABRIA,80,"15,4","1,0","12,0",00:25,"18,8",14:39,23,"4,2","22,8",05:30,,,,,
2018-03-15,1089U,RAMALES DE LA VICTORIA,CANTABRIA,80,"12,0","5,4","5,1",23:53,"19,0",14:45,27,"2,5","18,3",01:00,,,,,
2018-03-16,1089U,RAMALES DE LA VICTORIA,CANTABRIA,80,"9,5","0,0","2,6",06:47,"16,4",13:44,18,"0,8","11,1",21:50,,,,,
2018-03-17,1089U,RAMALES DE LA VICTORIA,CANTABRIA,80,"7,5","28,4","2,9",06:51,"12,1",11:57,31,"1,4","10,3",13:20,,,,,
2018-03-18,1089U,RAMALES DE LA VICTORIA,CANTABRIA,80,"7,8","10,2","4,6",04:20,"11,1",13:57,26,"1,4","11,9",17:20,,,,,
2018-03-19,1089U,RAMALES DE LA VICTORIA,CANTABRIA,80,"4,2","33,8","1,4",17:54,"7,0",14:23,27,"1,7","11,1",12:30,,,,,
2018-03-20,1089U,RAMALES DE LA VICTORIA,CANTABRIA,80,"4,9","13,8","2,4",01:41,"7,4",16:19,27,"2,2","10,6",15:40,,,,,
2018-03-21,1089U,RAMALES DE LA VICTORIA,CANTABRIA,80,"7,6","0,2","4,7",Varias,"10,6",13:29,28,"1,4","8,9",02:50,,,,,
2018-03-22,1089U,RAMALES DE LA VICTORIA,CANTABRIA,80,"7,4","1,4","0,7",23:51,"14,2",16:24,26,"1,1","5,6",00:40,,,,,
2018-03-23,1089U,RAMALES DE LA VICTORIA,CANTABRIA,80,"9,2","8,0","0,6",00:06,"17,8",16:01,29,"1,7","20,0",20:40,,,,,
2018-03-24,1089U,RAMALES DE LA VICTORIA,CANTABRIA,80,"8,2","31,2","4,2",03:48,"12,1",11:23,27,"3,9","15,8",11:10,,,,,
2018-03-25,1089U,RAMALES DE LA VICTORIA,CANTABRIA,80,"9,0","31,8","6,1",00:54,"11,8",12:01,31,"1,4","8,9",07:40,,,,,
2018-03-26,1089U,RAMALES DE LA VICTORIA,CANTABRIA,80,"10,0","4,2","7,2",06:48,"12,8",15:43,24,"1,1","10,3",02:10,,,,,
2018-03-27,1089U,RAMALES DE LA VICTORIA,CANTABRIA,80,"13,6","0,0","8,4",00:01,"18,9",13:29,26,"2,2","7,8",12:10,,,,,
2018-03-28,1089U,RAMALES DE LA VICTORIA,CANTABRIA,80,"13,0","6,0","6,7",06:12,"19,2",12:50,99,"1,9","8,6",Varias,,,,,
2018-03-29,1089U,RAMALES DE LA VICTORIA,CANTABRIA,80,"12,0","3,6","5,6",06:05,"18,3",13:28,27,"0,8","21,1",23:20,,,,,
2018-03-30,1089U,RAMALES DE LA VICTORIA,CANTABRIA,80,"9,4","8,0","4,3",06:32,"14,5",12:16,31,"2,8","23,1",18:50,,,,,
2018-03-31,1089U,RAMALES DE LA VICTORIA,CANTABRIA,80,"8,2","1,8","3,3",23:55,"13,2",15:15,27,"1,7","13,1",02:40,,,,,
2018-04-01,1089U,RAMALES DE LA VICTORIA,CANTABRIA,80,"11,4","0,0","3,0",00:37,"19,9",12:47,13,"1,1","10,8",22:10,,,,,
2018-04-02,1089U,RAMALES DE LA VICTORIA,CANTABRIA,80,"17,0","0,0","11,0",06:45,"23,0",14:05,09,"2,5","15,0",15:30,,,,,
2018-04-03,1089U,RAMALES DE LA VICTORIA,CANTABRIA,80,"17,4","0,0","14,0",22:49,"20,8",13:49,25,"5,3","21,4",17:20,,,,,
2018-04-04,1089U,RAMALES DE LA VICTORIA,CANTABRIA,80,"14,9","6,8","9,8",23:54,"20,0",11:54,27,"3,1","19,7",05:40,,,,,
2018-04-05,1089U,RAMALES DE LA VICTORIA,CANTABRIA,80,"14,8","0,0","6,2",05:53,"23,3",15:45,12,"1,4","13,3",19:40,,,,,
2018-04-06,1089U,RAMALES DE LA VICTORIA,CANTABRIA,80,"18,6","1,0","11,0",23:54,"26,3",15:03,27,"2,8","18,9",04:10,,,,,
2018-04-07,1089U,RAMALES DE LA VICTORIA,CANTABRIA,80,"11,0","0,8","7,8",23:38,"14,3",10:04,05,"0,3","4,7",11:50,,,,,
2018-04-08,1089U,RAMALES DE LA VICTORIA,CANTABRIA,80,"12,8","3,8","6,8",04:04,"18,7",14:51,16,"1,1","5,8",18:00,,,,,
2018-04-09,1089U,RAMALES DE LA VICTORIA,CANTABRIA,80,"9,6","3,0","6,6",Varias,"12,5",10:33,31,"0,8","6,7",15:30,,,,,
2018-04-10,1089U,RAMALES DE LA VICTORIA,CANTABRIA,80,"8,8","14,8","5,6",01:07,"12,0",14:33,13,"2,5","15,3",03:00,,,,,
2018-04-11,1089U,RAMALES DE LA VICTORIA,CANTABRIA,80,"8,8","41,6","6,4",03:44,"11,1",20:25,27,"2,5","10,8",11:10,,,,,
2018-04-12,1089U,RAMALES DE LA VICTORIA,CANTABRIA,80,"13,0","0,0","6,6",23:59,"19,5",15:47,99,"1,4","5,3",Varias,,,,,
2018-04-13,1089U,RAMALES DE LA VICTORIA,CANTABRIA,80,"10,2","2,0","3,9",05:20,"16,6",12:29,30,"0,8","6,4",13:50,,,,,
2018-04-14,1089U,RAMALES DE LA VICTORIA,CANTABRIA,80,"15,0","0,4","9,3",Varias,"20,7",14:53,19,"1,4","7,8",22:40,,,,,
2018-04-15,1089U,RAMALES DE LA VICTORIA,CANTABRIA,80,"14,6","13,6","9,8",06:20,"19,3",09:45,30,"0,6","6,9",00:50,,,,,
2018-04-16,1089U,RAMALES DE LA VICTORIA,CANTABRIA,80,"14,2","0,0","7,6",23:59,"20,7",15:32,10,"0,8","5,8",15:00,,,,,
2018-04-17,1089U,RAMALES DE LA VICTORIA,CANTABRIA,80,"14,6","0,0","4,3",05:16,"25,0",12:02,08,"1,4","6,7",16:40,,,,,
2018-04-18,1089U,RAMALES DE LA VICTORIA,CANTABRIA,80,"18,4","0,0","5,6",05:37,"31,1",14:43,11,"1,1","8,6",11:10,,,,,
2018-04-19,1089U,RAMALES DE LA VICTORIA,CANTABRIA,80,"19,3","0,0","9,1",05:45,"29,5",13:37,05,"0,8","8,3",14:20,,,,,
2018-04-20,1089U,RAMALES DE LA VICTORIA,CANTABRIA,80,"18,2","0,0","9,5",02:01,"26,8",14:03,08,"1,7","8,3",12:00,,,,,
2018-04-21,1089U,RAMALES DE LA VICTORIA,CANTABRIA,80,"20,2","0,0","13,2",01:30,"27,3",12:08,13,"1,7","8,9",11:00,,,,,
2018-04-22,1089U,RAMALES DE LA VICTORIA,CANTABRIA,80,"17,6","16,0","10,4",06:01,"24,9",14:05,06,"0,8","6,1",14:10,,,,,
2018-04-23,1089U,RAMALES DE LA VICTORIA,CANTABRIA,80,"16,6","0,2","13,4",05:34,"19,8",13:54,06,"0,6","4,7",02:00,,,,,
2018-04-24,1089U,RAMALES DE LA VICTORIA,CANTABRIA,80,"18,1","1,4","13,6",Varias,"22,6",14:00,08,"0,6","6,7",15:00,,,,,
2018-04-25,1089U,RAMALES DE LA VICTORIA,CANTABRIA,80,"13,2","0,8","11,5",Varias,"15,0",09:11,28,"1,1","5,3",13:50,,,,,
2018-04-26,1089U,RAMALES DE LA VICTORIA,CANTABRIA,80,"12,3","0,0","7,0",23:55,"17,6",14:19,08,"1,4","6,1",16:30,,,,,
2018-04-27,1089U,RAMALES DE LA VICTORIA,CANTABRIA,80,"10,9","0,4","5,6",04:51,"16,2",08:41,29,"0,8","7,8",08:00,,,,,
2018-04-28,1089U,RAMALES DE LA VICTORIA,CANTABRIA,80,"10,6","1,8","8,9",04:40,"12,2",12:42,30,"0,6","5,0",23:20,,,,,
2018-04-29,1089U,RAMALES DE LA VICTORIA,CANTABRIA,80,"11,8","6,4","7,4",05:27,"16,2",12:47,27,"1,4","7,2",12:40,,,,,
2018-04-30,1089U,RAMALES DE LA VICTORIA,CANTABRIA,80,"8,3","17,8","6,5",21:43,"10,1",15:48,26,"0,6","8,9",16:10,,,,,
2018-05-01,1089U,RAMALES DE LA VICTORIA,CANTABRIA,80,"11,0","0,2","5,3",01:30,"16,8",15:03,36,"1,4","5,8",17:40,,,,,
2018-05-02,1089U,RAMALES DE LA VICTORIA,CANTABRIA,80,"11,8","20,6","6,8",00:09,"16,9",10:59,26,"0,8","6,4",23:20,,,,,
2018-05-03,1089U,RAMALES DE LA VICTORIA,CANTABRIA,80,"11,7","0,4","8,5",06:00,"14,9",15:57,30,"1,9","8,3",12:30,,,,,
2018-05-04,1089U,RAMALES DE LA VICTORIA,CANTABRIA,80,"11,4","0,0","6,1",23:59,"16,7",13:26,29,"0,8","7,5",12:00,,,,,
2018-05-05,1089U,RAMALES DE LA VICTORIA,CANTABRIA,80,"12,8","0,0","4,4",Varias,"21,3",14:34,06,"1,1","5,6",13:50,,,,,
2018-05-06,1089U,RAMALES DE LA VICTORIA,CANTABRIA,80,"16,4","0,0","7,0",04:30,"25,9",12:22,08,"1,4","6,7",13:20,,,,,
2018-05-07,1089U,RAMALES DE LA VICTORIA,CANTABRIA,80,"17,2","0,0","8,2",05:05,"26,2",13:23,07,"1,7","7,5",14:10,,,,,
2018-05-08,1089U,RAMALES DE LA VICTORIA,CANTABRIA,80,"14,0","0,0","11,3",00:41,"16,6",Varias,30,"0,8","7,8",10:10,,,,,
2018-05-09,1089U,RAMALES DE LA VICTORIA,CANTABRIA,80,"14,7","4,4","11,3",23:43,"18,1",10:25,06,"1,1","4,7",15:10,,,,,
2018-05-10,1089U,RAMALES DE LA VICTORIA,CANTABRIA,80,"11,2","0,0","5,3",23:56,"17,0",16:09,04,"1,4","6,1",12:40,,,,,
2018-05-11,1089U,RAMALES DE LA VICTORIA,CANTABRIA,80,"13,0","1,0","2,8",04:56,"23,3",10:28,27,"1,1","7,2",11:20,,,,,
2018-05-12,1089U,RAMALES DE LA VICTORIA,CANTABRIA,80,"9,2","12,8","5,3",23:41,"13,1",10:55,26,"0,6","10,8",14:30,,,,,
2018-05-13,1089U,RAMALES DE LA VICTORIA,CANTABRIA,80,"10,0","24,6","4,2",04:10,"15,8",14:19,28,"1,1","10,0",15:00,,,,,
2018-05-14,1089U,RAMALES DE LA VICTORIA,CANTABRIA,80,"11,8","0,0","6,2",Varias,"17,5",13:37,32,"1,4","7,8",15:40,,,,,
2018-05-15,1089U,RAMALES DE LA VICTORIA,CANTABRIA,80,"12,0","0,0","5,3",03:34,"18,7",14:46,06,"1,7","7,2",16:20,,,,,
2018-05-16,1089U,RAMALES DE LA VICTORIA,CANTABRIA,80,"13,4","0,0","9,5",Varias,"17,4",10:57,25,"0,8","6,1",10:10,,,,,
2018-05-17,1089U,RAMALES DE LA VICTORIA,CANTABRIA,80,"14,4","0,0","6,9",04:48,"21,9",14:51,06,"0,8","7,5",11:30,,,,,
2018-05-18,1089U,RAMALES DE LA VICTORIA,CANTABRIA,80,"17,4","0,0","11,9",05:11,"23,0",14:26,05,"1,1","6,1",14:50,,,,,
2018-05-19,1089U,RAMALES DE LA VICTORIA,CANTABRIA,80,"17,0","0,0","10,0",23:48,"23,9",12:34,06,"1,7","8,3",14:10,,,,,
2018-05-20,1089U,RAMALES DE LA VICTORIA,CANTABRIA,80,"16,2","0,0","9,0",Varias,"23,5",12:32,08,"1,4","6,1",13:30,,,,,
2018-05-21,1089U,RAMALES DE LA VICTORIA,CANTABRIA,80,"15,9","0,0","7,3",04:57,"24,5",11:37,07,"1,4","7,2",12:20,,,,,
2018-05-22,1089U,RAMALES DE LA VICTORIA,CANTABRIA,80,"17,0","0,0","8,6",04:51,"25,5",11:45,06,"1,4","7,2",14:40,,,,,
2018-05-23,1089U,RAMALES DE LA VICTORIA,CANTABRIA,80,"18,0","0,2","10,4",05:14,"25,6",14:24,10,"0,6","5,8",11:20,,,,,
2018-05-24,1089U,RAMALES DE LA VICTORIA,CANTABRIA,80,"19,0","31,4","13,1",05:00,"25,0",12:00,07,"1,1","5,8",13:30,,,,,
2018-05-25,1089U,RAMALES DE LA VICTORIA,CANTABRIA,80,"17,6","2,8","14,9",04:44,"20,4",15:44,15,"0,6","5,8",05:40,,,,,
2018-05-26,1089U,RAMALES DE LA VICTORIA,CANTABRIA,80,"18,8","0,6","14,3",Varias,"23,3",12:16,24,"1,7","8,9",13:30,,,,,
2018-05-27,1089U,RAMALES DE LA VICTORIA,CANTABRIA,80,"16,2","2,0","14,4",Varias,"18,1",11:26,06,"0,6","3,6",13:10,,,,,
2018-05-28,1089U,RAMALES DE LA VICTORIA,CANTABRIA,80,"15,6","0,0","13,8",05:00,"17,4",12:39,28,"0,3","3,9",14:10,,,,,
2018-05-29,1089U,RAMALES DE LA VICTORIA,CANTABRIA,80,"16,0","0,0","12,2",04:19,"19,8",11:02,08,"0,8","4,2",13:00,,,,,
2018-05-30,1089U,RAMALES DE LA VICTORIA,CANTABRIA,80,"16,1","3,4","14,1",Varias,"18,1",11:32,27,"0,6","2,8",15:00,,,,,
2018-05-31,1089U,RAMALES DE LA VICTORIA,CANTABRIA,80,"15,6","2,0","12,6",Varias,"18,7",15:37,11,"0,3","3,3",22:10,,,,,
2018-06-01,1089U,RAMALES DE LA VICTORIA,CANTABRIA,80,"16,0","2,4","12,2",00:50,"19,8",12:54,08,"0,3","3,3",13:30,,,,,
2018-06-02,1089U,RAMALES DE LA VICTORIA,CANTABRIA,80,"21,4","1,2","15,2",Varias,"27,5",14:04,05,"0,6","6,1",14:40,,,,,
2018-06-03,1089U,RAMALES DE LA VICTORIA,CANTABRIA,80,"18,6","6,0","15,3",23:53,"22,0",09:59,25,"1,1","5,8",14:20,,,,,
2018-06-04,1089U,RAMALES DE LA VICTORIA,CANTABRIA,80,"16,2","14,8","13,3",Varias,"19,1",11:28,07,"0,6","4,4",12:10,,,,,
2018-06-05,1089U,RAMALES DE LA VICTORIA,CANTABRIA,80,"15,6","3,0","12,0",Varias,"19,3",12:07,26,"0,6","4,7",02:10,,,,,
2018-06-06,1089U,RAMALES DE LA VICTORIA,CANTABRIA,80,"16,9","0,2","11,4",01:28,"22,4",14:03,28,"1,7","8,6",13:30,,,,,
2018-06-07,1089U,RAMALES DE LA VICTORIA,CANTABRIA,80,"19,6","0,0","14,4",04:46,"24,7",11:05,07,"0,8","5,0",13:10,,,,,
2018-06-08,1089U,RAMALES DE LA VICTORIA,CANTABRIA,80,"20,4","8,8","15,2",00:01,"25,7",12:28,06,"0,6","5,0",12:40,,,,,
2018-06-09,1089U,RAMALES DE LA VICTORIA,CANTABRIA,80,"19,2","0,0","14,0",23:47,"24,4",10:20,17,"1,7","9,2",02:20,,,,,
2018-06-10,1089U,RAMALES DE LA VICTORIA,CANTABRIA,80,"17,0","7,8","10,7",04:31,"23,2",10:14,06,"1,4","6,1",11:50,,,,,
2018-06-11,1089U,RAMALES DE LA VICTORIA,CANTABRIA,80,"17,9","9,2","13,4",02:20,"22,4",16:37,28,"1,1","6,1",17:20,,,,,
2018-06-12,1089U,RAMALES DE LA VICTORIA,CANTABRIA,80,"16,9","3,2","15,2",00:05,"18,6",11:30,25,"2,5","11,4",13:40,,,,,
2018-06-13,1089U,RAMALES DE LA VICTORIA,CANTABRIA,80,"15,3","0,0","10,5",23:54,"20,1",16:54,26,"2,5","7,8",11:20,,,,,
2018-06-14,1089U,RAMALES DE LA VICTORIA,CANTABRIA,80,"16,4","0,0","9,9",01:08,"22,9",12:44,09,"1,7","6,7",13:10,,,,,
2018-06-15,1089U,RAMALES DE LA VICTORIA,CANTABRIA,80,"17,2","1,0","12,7",00:01,"21,6",13:28,27,"0,8","6,7",14:50,,,,,
2018-06-16,1089U,RAMALES DE LA VICTORIA,CANTABRIA,80,"17,6","0,2","13,5",23:58,"21,7",10:51,04,"1,1","6,9",16:50,,,,,
2018-06-17,1089U,RAMALES DE LA VICTORIA,CANTABRIA,80,"17,7","0,0","12,2",23:53,"23,2",11:35,05,"1,4","6,7",16:00,,,,,
2018-06-18,1089U,RAMALES DE LA VICTORIA,CANTABRIA,80,"16,6","2,2","10,6",02:40,"22,6",13:41,06,"0,8","6,1",14:40,,,,,
2018-06-19,1089U,RAMALES DE LA VICTORIA,CANTABRIA,80,"18,6","0,0","15,6",04:18,"21,7",13:44,04,"1,1","6,1",14:00,,,,,
2018-06-20,1089U,RAMALES DE LA VICTORIA,CANTABRIA,80,"20,4","0,0","13,2",05:12,"27,7",12:27,09,"1,4","8,3",15:30,,,,,
2018-06-21,1089U,RAMALES DE LA VICTORIA,CANTABRIA,80,"21,7","0,0","18,5",Varias,"24,9",14:42,28,"1,1","5,8",18:20,,,,,
2018-06-22,1089U,RAMALES DE LA VICTORIA,CANTABRIA,80,"20,5","0,0","14,6",23:58,"26,4",11:50,08,"1,9","7,2",14:20,,,,,
2018-06-23,1089U,RAMALES DE LA VICTORIA,CANTABRIA,80,"19,6","0,0","11,7",04:10,"27,6",13:37,06,"1,7","6,9",16:00,,,,,
2018-06-24,1089U,RAMALES DE LA VICTORIA,CANTABRIA,80,"20,4","0,0","9,6",05:18,"31,3",13:23,09,"1,4","6,4",15:10,,,,,
2018-06-25,1089U,RAMALES DE LA VICTORIA,CANTABRIA,80,"21,2","0,0","12,1",04:52,"30,3",12:48,05,"1,4","7,2",13:10,,,,,
2018-06-26,1089U,RAMALES DE LA VICTORIA,CANTABRIA,80,"20,7","0,2","12,4",04:15,"29,0",11:20,29,"1,7","7,5",19:30,,,,,
2018-06-27,1089U,RAMALES DE LA VICTORIA,CANTABRIA,80,"18,6","5,2","16,9",02:55,"20,4",12:22,27,"0,6","4,7",13:20,,,,,
2018-06-28,1089U,RAMALES DE LA VICTORIA,CANTABRIA,80,"19,6","0,0","16,5",Varias,"22,8",10:35,06,"0,8","4,7",12:30,,,,,
2018-06-29,1089U,RAMALES DE LA VICTORIA,CANTABRIA,80,"22,2","2,0","15,7",02:27,"28,8",13:25,20,"1,1","8,1",19:40,,,,,
2018-06-30,1089U,RAMALES DE LA VICTORIA,CANTABRIA,80,"22,8","10,2","15,9",04:27,"29,6",13:23,28,"0,8","9,2",15:10,,,,,
2018-07-01,1089U,RAMALES DE LA VICTORIA,CANTABRIA,80,"22,3","15,4","16,9",23:52,"27,7",11:10,26,"0,8","10,8",21:40,,,,,
2018-07-02,1089U,RAMALES DE LA VICTORIA,CANTABRIA,80,"22,1","0,0","15,6",03:28,"28,6",12:28,06,"1,7","5,8",12:40,,,,,
2018-07-03,1089U,RAMALES DE LA VICTORIA,CANTABRIA,80,,"0,0",,,,,,"1,1",,,,,,,
2018-07-04,1089U,RAMALES DE LA VICTORIA,CANTABRIA,80,"18,4","14,4","16,2",23:53,"20,5",10:52,26,"0,8","7,5",14:40,,,,,
2018-07-05,1089U,RAMALES DE LA VICTORIA,CANTABRIA,80,"17,4","0,4","13,8",03:41,"20,9",12:44,99,"1,1","5,3",Varias,,,,,
2018-07-06,1089U,RAMALES DE LA VICTORIA,CANTABRIA,80,"21,0","0,0","15,9",23:58,"26,2",12:49,02,"1,1","6,9",15:40,,,,,
2018-07-07,1089U,RAMALES DE LA VICTORIA,CANTABRIA,80,"21,6","0,0","15,2",01:01,"28,1",12:52,08,"1,1","5,3",14:30,,,,,
2018-07-08,1089U,RAMALES DE LA VICTORIA,CANTABRIA,80,"23,8","0,0","18,5",23:59,"29,2",13:24,99,"1,1","6,1",13:50,,,,,
2018-07-09,1089U,RAMALES DE LA VICTORIA,CANTABRIA,80,"23,4","0,0","16,6",23:59,"30,3",12:37,05,"1,1","5,8",13:30,,,,,
2018-07-10,1089U,RAMALES DE LA VICTORIA,CANTABRIA,80,"22,0","0,0","15,1",02:38,"28,8",11:57,08,"1,4","5,8",11:30,,,,,
2018-07-11,1089U,RAMALES DE LA VICTORIA,CANTABRIA,80,"21,8","9,0","16,3",05:14,"27,4",10:51,06,"0,8","4,7",15:00,,,,,
2018-07-12,1089U,RAMALES DE LA VICTORIA,CANTABRIA,80,"20,5","0,0","15,0",23:59,"26,0",13:55,22,"1,1","7,2",02:20,,,,,
2018-07-13,1089U,RAMALES DE LA VICTORIA,CANTABRIA,80,"21,2","4,8","13,4",04:35,"29,0",13:25,06,"0,3","6,7",15:20,,,,,
2018-07-14,1089U,RAMALES DE LA VICTORIA,CANTABRIA,80,"23,0","5,8","16,8",05:03,"29,2",11:32,06,"0,8","5,8",12:10,,,,,
2018-07-15,1089U,RAMALES DE LA VICTORIA,CANTABRIA,80,"23,0","6,8","18,6",05:01,"27,3",11:46,27,"0,8","6,7",15:40,,,,,
2018-07-16,1089U,RAMALES DE LA VICTORIA,CANTABRIA,80,"19,4","1,2","14,7",23:56,"24,1",16:16,29,"1,7","8,3",08:00,,,,,
2018-07-17,1089U,RAMALES DE LA VICTORIA,CANTABRIA,80,"20,2","0,0","13,2",04:57,"27,1",12:54,06,"0,8","5,8",13:20,,,,,
2018-07-18,1089U,RAMALES DE LA VICTORIA,CANTABRIA,80,"23,0","3,0","18,6",05:09,"27,4",13:42,06,"0,6","5,3",15:00,,,,,
2018-07-19,1089U,RAMALES DE LA VICTORIA,CANTABRIA,80,"21,6","0,6","18,2",23:55,"24,9",10:39,08,"0,3","4,7",12:00,,,,,
2018-07-20,1089U,RAMALES DE LA VICTORIA,CANTABRIA,80,"18,0","19,4","16,0",Varias,"20,1",09:42,34,"0,8","5,6",13:30,,,,,
2018-07-21,1089U,RAMALES DE LA VICTORIA,CANTABRIA,80,"19,6","1,6","15,4",04:42,"23,9",12:50,07,"1,1","5,0",14:00,,,,,
2018-07-22,1089U,RAMALES DE LA VICTORIA,CANTABRIA,80,"20,6","0,0","15,5",Varias,"25,6",15:25,30,"0,8","5,3",15:10,,,,,
2018-07-23,1089U,RAMALES DE LA VICTORIA,CANTABRIA,80,"22,8","0,0","15,1",05:28,"30,6",Varias,08,"1,4","5,8",17:10,,,,,
2018-07-24,1089U,RAMALES DE LA VICTORIA,CANTABRIA,80,"23,6","0,0","19,0",Varias,"28,2",10:51,08,"0,8","5,6",14:10,,,,,
2018-07-25,1089U,RAMALES DE LA VICTORIA,CANTABRIA,80,"22,7","0,0","18,9",04:17,"26,5",12:45,12,"1,1","5,3",12:10,,,,,
2018-07-26,1089U,RAMALES DE LA VICTORIA,CANTABRIA,80,"22,2","1,0","18,8",23:40,"25,7",09:47,07,"0,3","3,3",11:20,,,,,
2018-07-27,1089U,RAMALES DE LA VICTORIA,CANTABRIA,80,"22,3","0,2","18,3",Varias,"26,3",10:49,28,"0,6","5,6",13:40,,,,,
2018-07-28,1089U,RAMALES DE LA VICTORIA,CANTABRIA,80,"21,2","0,2","18,0",Varias,"24,4",11:13,99,"0,8","4,7",13:40,,,,,
2018-07-29,1089U,RAMALES DE LA VICTORIA,CANTABRIA,80,"21,4","0,0","16,8",23:52,"26,1",09:57,07,"0,6","5,6",13:40,,,,,
2018-07-30,1089U,RAMALES DE LA VICTORIA,CANTABRIA,80,"22,6","0,0","15,5",02:20,"29,7",12:40,05,"1,1","4,7",13:00,,,,,
2018-07-31,1089U,RAMALES DE LA VICTORIA,CANTABRIA,80,"19,0","6,6","15,1",03:08,"22,9",11:58,29,"0,6","5,3",08:40,,,,,
2018-08-01,1089U,RAMALES DE LA VICTORIA,CANTABRIA,80,"20,8","0,2","17,7",Varias,"24,0",13:00,07,"0,3","4,7",11:40,,,,,
2018-08-02,1089U,RAMALES DE LA VICTORIA,CANTABRIA,80,"23,9","0,0","16,3",05:43,"31,5",15:32,08,"1,4","5,6",16:50,,,,,
2018-08-03,1089U,RAMALES DE LA VICTORIA,CANTABRIA,80,"26,0","0,0","18,3",00:49,"33,7",13:12,09,"1,1","6,1",15:50,,,,,
2018-08-04,1089U,RAMALES DE LA VICTORIA,CANTABRIA,80,"24,1","0,0","16,3",05:11,"31,9",13:24,07,"1,4","6,4",13:40,,,,,
2018-08-05,1089U,RAMALES DE LA VICTORIA,CANTABRIA,80,"25,4","0,0","18,0",23:58,"32,9",13:13,08,"0,8","6,4",15:00,,,,,
2018-08-06,1089U,RAMALES DE LA VICTORIA,CANTABRIA,80,"25,6","0,0","15,8",05:03,"35,3",12:57,28,"0,8","7,2",20:50,,,,,
2018-08-07,1089U,RAMALES DE LA VICTORIA,CANTABRIA,80,"20,0","0,0","15,3",23:54,"24,7",13:09,26,"1,9","10,0",13:40,,,,,
2018-08-08,1089U,RAMALES DE LA VICTORIA,CANTABRIA,80,"20,8","6,0","13,6",02:42,"27,9",13:01,29,"0,6","14,4",22:50,,,,,
2018-08-09,1089U,RAMALES DE LA VICTORIA,CANTABRIA,80,"18,4","1,8","14,9",05:09,"21,9",10:00,29,"1,1","10,6",00:10,,,,,
2018-08-10,1089U,RAMALES DE LA VICTORIA,CANTABRIA,80,,"0,0",,,,,,"1,4",,,,,,,
2018-08-11,1089U,RAMALES DE LA VICTORIA,CANTABRIA,80,"20,4","0,0","11,7",05:15,"29,0",14:27,05,"1,4","6,4",13:20,,,,,
2018-08-12,1089U,RAMALES DE LA VICTORIA,CANTABRIA,80,"21,4","0,8","14,0",05:15,"28,7",12:26,28,"1,4","8,1",14:10,,,,,
2018-08-13,1089U,RAMALES DE LA VICTORIA,CANTABRIA,80,"21,4","1,4","17,7",23:33,"25,1",14:23,27,"1,9","8,6",10:40,,,,,
2018-08-14,1089U,RAMALES DE LA VICTORIA,CANTABRIA,80,"20,0","0,0","17,3",05:09,"22,7",13:32,30,"0,3","5,3",10:00,,,,,
2018-08-15,1089U,RAMALES DE LA VICTORIA,CANTABRIA,80,"21,9","0,0","15,9",04:18,"27,9",14:39,06,"1,4","6,4",15:50,,,,,
2018-08-16,1089U,RAMALES DE LA VICTORIA,CANTABRIA,80,"20,3","10,0","15,2",05:11,"25,4",13:04,28,"0,3","6,9",15:10,,,,,
2018-08-17,1089U,RAMALES DE LA VICTORIA,CANTABRIA,80,"16,9","3,4","13,7",22:11,"20,1",12:47,29,"0,3","4,4",15:20,,,,,
2018-08-18,1089U,RAMALES DE LA VICTORIA,CANTABRIA,80,"18,2","0,0","12,0",04:14,"24,3",12:55,05,"0,8","5,0",15:00,,,,,
2018-08-19,1089U,RAMALES DE LA VICTORIA,CANTABRIA,80,"19,6","0,0","10,9",05:14,"28,2",13:33,08,"0,8","6,7",16:10,,,,,
2018-08-20,1089U,RAMALES DE LA VICTORIA,CANTABRIA,80,"21,0","0,0","14,0",00:37,"27,9",13:27,08,"1,4","5,8",14:00,,,,,
2018-08-21,1089U,RAMALES DE LA VICTORIA,CANTABRIA,80,"22,3","0,0","14,9",05:56,"29,7",13:28,05,"0,8","6,7",15:30,,,,,
2018-08-22,1089U,RAMALES DE LA VICTORIA,CANTABRIA,80,"22,5","0,0","15,4",01:55,"29,6",13:19,06,"1,4","5,8",12:30,,,,,
2018-08-23,1089U,RAMALES DE LA VICTORIA,CANTABRIA,80,"21,6","1,6","17,7",01:00,"25,4",14:40,04,"1,4","6,1",15:50,,,,,
2018-08-24,1089U,RAMALES DE LA VICTORIA,CANTABRIA,80,"18,4","2,6","16,8",23:54,"20,1",10:26,10,"0,3","3,6",13:30,,,,,
2018-08-25,1089U,RAMALES DE LA VICTORIA,CANTABRIA,80,"18,6","1,0","14,0",23:57,"23,1",15:43,28,"1,1","5,3",16:50,,,,,
2018-08-26,1089U,RAMALES DE LA VICTORIA,CANTABRIA,80,"18,8","0,0","11,2",05:18,"26,3",13:24,06,"1,1","6,7",15:00,,,,,
2018-08-27,1089U,RAMALES DE LA VICTORIA,CANTABRIA,80,"20,8","0,0","12,3",05:21,"29,4",13:32,08,"1,1","6,1",14:20,,,,,
2018-08-28,1089U,RAMALES DE LA VICTORIA,CANTABRIA,80,"22,8","0,6","15,4",02:44,"30,3",15:43,28,"1,7","7,5",14:40,,,,,
2018-08-29,1089U,RAMALES DE LA VICTORIA,CANTABRIA,80,"20,0","2,2","16,3",05:17,"23,7",10:07,26,"0,6","8,9",10:20,,,,,
2018-08-30,1089U,RAMALES DE LA VICTORIA,CANTABRIA,80,"20,3","0,0","14,1",Varias,"26,5",12:51,08,"1,4","5,3",15:50,,,,,
2018-08-31,1089U,RAMALES DE LA VICTORIA,CANTABRIA,80,"20,0","0,0","13,4",06:01,"26,7",13:20,06,"1,4","6,9",15:00,,,,,
2018-09-01,1089U,RAMALES DE LA VICTORIA,CANTABRIA,80,"21,9","0,0","14,4",01:32,"29,4",13:54,08,"1,1","6,4",15:50,,,,,
2018-09-02,1089U,RAMALES DE LA VICTORIA,CANTABRIA,80,"21,2","0,0","12,0",06:02,"30,5",12:36,08,"1,4","6,7",14:50,,,,,
2018-09-03,1089U,RAMALES DE LA VICTORIA,CANTABRIA,80,"19,8","0,0","12,1",05:48,"27,5",13:56,04,"0,8","6,1",13:20,,,,,
2018-09-04,1089U,RAMALES DE LA VICTORIA,CANTABRIA,80,"18,2","0,0","11,3",05:43,"25,2",15:54,05,"0,3","4,2",15:50,,,,,
2018-09-05,1089U,RAMALES DE LA VICTORIA,CANTABRIA,80,,"5,0",,,,,,,,,,,,,
2018-09-06,1089U,RAMALES DE LA VICTORIA,CANTABRIA,80,"17,7","25,6","15,4",05:43,"20,0",12:25,28,"0,8","5,0",11:40,,,,,
2018-09-07,1089U,RAMALES DE LA VICTORIA,CANTABRIA,80,"17,6","0,2","12,4",23:51,"22,7",14:26,02,"0,3","2,8",16:00,,,,,
2018-09-08,1089U,RAMALES DE LA VICTORIA,CANTABRIA,80,"19,8","1,0","11,7",Varias,"27,9",12:27,08,"1,1","6,7",12:30,,,,,
2018-09-09,1089U,RAMALES DE LA VICTORIA,CANTABRIA,80,"21,0","0,2","16,7",00:17,"25,4",13:10,27,"0,8","6,1",12:40,,,,,
2018-09-10,1089U,RAMALES DE LA VICTORIA,CANTABRIA,80,"20,9","0,0","14,5",23:49,"27,3",13:44,06,"0,8","7,8",14:00,,,,,
2018-09-11,1089U,RAMALES DE LA VICTORIA,CANTABRIA,80,"22,0","0,0","14,5",00:04,"29,6",13:24,08,"0,8","5,8",13:10,,,,,
2018-09-12,1089U,RAMALES DE LA VICTORIA,CANTABRIA,80,"20,9","0,0","14,7",05:08,"27,1",11:48,30,"1,1","6,1",15:00,,,,,
2018-09-13,1089U,RAMALES DE LA VICTORIA,CANTABRIA,80,"19,5","0,0","14,2",23:57,"24,8",12:40,26,"0,8","4,7",12:30,,,,,
2018-09-14,1089U,RAMALES DE LA VICTORIA,CANTABRIA,80,"19,7","0,0","13,2",05:11,"26,2",11:48,06,"0,8","5,3",12:20,,,,,
2018-09-15,1089U,RAMALES DE LA VICTORIA,CANTABRIA,80,"21,5","0,0","14,7",23:46,"28,3",13:51,05,"0,8","6,7",10:50,,,,,
2018-09-16,1089U,RAMALES DE LA VICTORIA,CANTABRIA,80,"18,8","0,0","13,0",05:58,"24,5",10:36,30,"0,6","6,4",16:00,,,,,
2018-09-17,1089U,RAMALES DE LA VICTORIA,CANTABRIA,80,"25,0","0,4","14,3",03:58,"35,7",14:31,14,"1,4","7,2",13:10,,,,,
2018-09-18,1089U,RAMALES DE LA VICTORIA,CANTABRIA,80,"20,8","0,0","14,7",06:21,"26,9",13:40,05,"1,1","6,4",14:20,,,,,
2018-09-19,1089U,RAMALES DE LA VICTORIA,CANTABRIA,80,"21,4","0,0","15,9",05:54,"26,9",11:36,08,"0,8","5,6",13:30,,,,,
2018-09-20,1089U,RAMALES DE LA VICTORIA,CANTABRIA,80,"21,9","0,0","15,5",23:39,"28,3",12:41,03,"0,8","6,7",14:30,,,,,
2018-09-21,1089U,RAMALES DE LA VICTORIA,CANTABRIA,80,"19,6","0,0","13,8",06:10,"25,3",12:33,24,"0,8","8,9",12:50,,,,,
2018-09-22,1089U,RAMALES DE LA VICTORIA,CANTABRIA,80,"23,2","0,0","15,5",23:53,"31,0",13:33,06,"0,8","6,7",14:30,,,,,
2018-09-23,1089U,RAMALES DE LA VICTORIA,CANTABRIA,80,"20,4","6,2","13,2",06:00,"27,6",12:33,25,"1,7","7,8",17:30,,,,,
2018-09-24,1089U,RAMALES DE LA VICTORIA,CANTABRIA,80,"13,8","0,6","8,5",23:41,"19,2",00:01,06,"0,6","5,0",15:20,,,,,
2018-09-25,1089U,RAMALES DE LA VICTORIA,CANTABRIA,80,"13,8","0,2","6,7",06:37,"20,9",13:31,05,"0,8","6,1",14:40,,,,,
2018-09-26,1089U,RAMALES DE LA VICTORIA,CANTABRIA,80,"19,8","0,0","7,3",05:00,"32,2",14:57,10,"0,6","8,3",12:00,,,,,
2018-09-27,1089U,RAMALES DE LA VICTORIA,CANTABRIA,80,"23,5","0,0","14,9",05:59,"32,1",12:45,32,"1,1","5,8",13:40,,,,,
2018-09-28,1089U,RAMALES DE LA VICTORIA,CANTABRIA,80,"20,6","0,0","13,9",03:01,"27,2",14:25,08,"1,1","6,1",14:50,,,,,
2018-09-29,1089U,RAMALES DE LA VICTORIA,CANTABRIA,80,"20,6","0,0","14,6",06:04,"26,5",12:31,07,"1,4","7,8",13:40,,,,,
2018-09-30,1089U,RAMALES DE LA VICTORIA,CANTABRIA,80,"19,1","0,0","14,5",06:43,"23,7",14:04,28,"0,3","5,6",14:20,,,,,
2018-10-01,1089U,RAMALES DE LA VICTORIA,CANTABRIA,80,"15,4","0,0","12,2",23:52,"18,5",12:25,27,"1,1","7,2",09:20,,,,,
2018-10-02,1089U,RAMALES DE LA VICTORIA,CANTABRIA,80,"13,8","0,0","6,9",23:54,"20,7",13:14,08,"0,8","5,8",13:00,,,,,
2018-10-03,1089U,RAMALES DE LA VICTORIA,CANTABRIA,80,"15,0","0,0","5,2",05:47,"24,9",14:00,08,"1,1","6,4",16:30,,,,,
2018-10-04,1089U,RAMALES DE LA VICTORIA,CANTABRIA,80,"17,1","0,0","7,2",06:50,"27,0",13:18,09,"0,8","5,8",14:10,,,,,
2018-10-05,1089U,RAMALES DE LA VICTORIA,CANTABRIA,80,"16,8","0,0","6,1",06:52,"27,4",13:07,06,"0,8","6,4",13:10,,,,,
2018-10-06,1089U,RAMALES DE LA VICTORIA,CANTABRIA,80,"14,4","12,8","7,0",05:46,"21,8",12:33,30,"2,8","14,2",15:00,,,,,
2018-10-07,1089U,RAMALES DE LA VICTORIA,CANTABRIA,80,"13,4","15,4","10,8",01:36,"16,0",12:00,99,"1,4","8,6",Varias,,,,,
2018-10-08,1089U,RAMALES DE LA VICTORIA,CANTABRIA,80,"15,8","0,2","11,4",Varias,"20,3",13:50,31,"0,3","6,4",01:50,,,,,
2018-10-09,1089U,RAMALES DE LA VICTORIA,CANTABRIA,80,"16,8","0,0","9,8",23:42,"23,9",14:35,06,"0,3","6,1",14:00,,,,,
2018-10-10,1089U,RAMALES DE LA VICTORIA,CANTABRIA,80,"16,3","0,0","7,9",04:52,"24,7",13:08,28,"1,1","18,9",23:40,,,,,
2018-10-11,1089U,RAMALES DE LA VICTORIA,CANTABRIA,80,"18,6","2,2","13,5",20:04,"23,7",12:24,27,"1,1","18,6",22:50,,,,,
2018-10-12,1089U,RAMALES DE LA VICTORIA,CANTABRIA,80,"23,9","0,0","20,0",21:01,"27,8",14:31,26,"3,3","22,2",02:00,,,,,
2018-10-13,1089U,RAMALES DE LA VICTORIA,CANTABRIA,80,"24,2","0,0","17,5",19:48,"30,9",15:06,26,"2,5","17,2",06:00,,,,,
2018-10-14,1089U,RAMALES DE LA VICTORIA,CANTABRIA,80,"16,7","3,0","12,1",23:59,"21,3",00:01,29,"1,4","10,6",07:50,,,,,
2018-10-15,1089U,RAMALES DE LA VICTORIA,CANTABRIA,80,"15,8","0,0","8,9",04:41,"22,7",13:26,04,"0,6","5,0",13:50,,,,,
2018-10-16,1089U,RAMALES DE LA VICTORIA,CANTABRIA,80,"14,2","0,0","8,1",04:51,"20,2",14:26,04,"0,8","2,8",12:00,,,,,
2018-10-17,1089U,RAMALES DE LA VICTORIA,CANTABRIA,80,"16,0","5,0","9,5",01:31,"22,5",13:26,05,"0,6","5,8",15:00,,,,,
2018-10-18,1089U,RAMALES DE LA VICTORIA,CANTABRIA,80,"15,5","4,2","14,5",Varias,"16,5",13:18,99,"0,0","1,9",14:50,,,,,
2018-10-19,1089U,RAMALES DE LA VICTORIA,CANTABRIA,80,"16,0","0,0","12,0",23:07,"20,0",12:51,27,"0,8","5,3",12:30,,,,,
2018-10-20,1089U,RAMALES DE LA VICTORIA,CANTABRIA,80,"16,0","0,0","11,0",06:49,"21,1",13:28,09,"0,8","5,0",13:50,,,,,
2018-10-21,1089U,RAMALES DE LA VICTORIA,CANTABRIA,80,"17,1","0,0","10,5",03:08,"23,7",13:25,06,"0,8","5,6",15:10,,,,,
2018-10-22,1089U,RAMALES DE LA VICTORIA,CANTABRIA,80,"15,0","0,0","10,3",23:57,"19,6",13:45,99,"0,8","5,8",10:30,,,,,
2018-10-23,1089U,RAMALES DE LA VICTORIA,CANTABRIA,80,"14,6","0,0","9,5",01:13,"19,7",12:48,06,"1,1","6,4",14:00,,,,,
2018-10-24,1089U,RAMALES DE LA VICTORIA,CANTABRIA,80,"13,4","0,0","5,9",06:57,"20,8",13:12,08,"0,6","5,0",15:20,,,,,
2018-10-25,1089U,RAMALES DE LA VICTORIA,CANTABRIA,80,"13,6","0,0","5,1",07:07,"22,1",13:25,08,"0,6","5,6",14:10,,,,,
2018-10-26,1089U,RAMALES DE LA VICTORIA,CANTABRIA,80,"14,0","14,8","11,0",00:01,"16,9",11:43,28,"0,8","4,2",13:00,,,,,
2018-10-27,1089U,RAMALES DE LA VICTORIA,CANTABRIA,80,"8,2","39,0","4,6",21:54,"11,7",00:01,26,"0,6","8,9",16:40,,,,,
2018-10-28,1089U,RAMALES DE LA VICTORIA,CANTABRIA,80,"6,6","54,8","4,2",06:34,"9,1",11:12,26,"0,8","8,6",21:10,,,,,
2018-10-29,1089U,RAMALES DE LA VICTORIA,CANTABRIA,80,"8,0","11,6","3,3",23:55,"12,8",13:13,30,"2,2","13,1",02:10,,,,,
2018-10-30,1089U,RAMALES DE LA VICTORIA,CANTABRIA,80,"8,4","0,4","2,8",04:58,"14,1",14:24,16,"1,9","12,5",11:30,,,,,
2018-10-31,1089U,RAMALES DE LA VICTORIA,CANTABRIA,80,"10,6","8,2","6,8",05:59,"14,3",12:41,29,"0,8","5,0",17:00,,,,,
2018-11-01,1089U,RAMALES DE LA VICTORIA,CANTABRIA,80,"12,4","29,2","8,7",Varias,"16,1",13:23,24,"0,6","4,2",06:00,,,,,
2018-11-02,1089U,RAMALES DE LA VICTORIA,CANTABRIA,80,"11,3","0,4","8,0",Varias,"14,6",13:14,05,"0,0","4,7",14:30,,,,,
2018-11-03,1089U,RAMALES DE LA VICTORIA,CANTABRIA,80,"10,0","0,0","4,0",23:56,"16,0",13:12,06,"0,6","2,8",15:00,,,,,
2018-11-04,1089U,RAMALES DE LA VICTORIA,CANTABRIA,80,"11,5","0,0","1,8",06:49,"21,2",14:29,13,"0,8","12,8",14:50,,,,,
2018-11-05,1089U,RAMALES DE LA VICTORIA,CANTABRIA,80,"12,0","10,6","6,4",20:56,"17,7",00:06,18,"1,1","17,2",03:50,,,,,
2018-11-06,1089U,RAMALES DE LA VICTORIA,CANTABRIA,80,"12,4","0,8","8,6",00:40,"16,3",23:24,26,"2,8","23,3",19:40,,,,,
2018-11-07,1089U,RAMALES DE LA VICTORIA,CANTABRIA,80,"11,2","0,0","4,6",23:42,"17,7",10:45,27,"1,4","19,7",00:50,,,,,
2018-11-08,1089U,RAMALES DE LA VICTORIA,CANTABRIA,80,"11,2","3,6","4,1",01:00,"18,3",14:44,16,"2,2","15,3",19:40,,,,,
2018-11-09,1089U,RAMALES DE LA VICTORIA,CANTABRIA,80,"12,4","0,0","7,7",08:05,"17,1",Varias,17,"3,3","21,4",22:10,,,,,
2018-11-10,1089U,RAMALES DE LA VICTORIA,CANTABRIA,80,"14,2","0,2","8,1",20:51,"20,4",12:52,19,"1,9","20,3",00:30,,,,,
2018-11-11,1089U,RAMALES DE LA VICTORIA,CANTABRIA,80,"17,1","12,2","12,5",Varias,"21,7",11:45,25,"3,6","26,1",06:00,,,,,
2018-11-12,1089U,RAMALES DE LA VICTORIA,CANTABRIA,80,"12,6","1,8","10,5",06:41,"14,7",15:09,29,"0,3","4,7",04:20,,,,,
2018-11-13,1089U,RAMALES DE LA VICTORIA,CANTABRIA,80,"13,3","0,0","8,2",20:58,"18,4",13:40,04,"0,6","4,7",13:10,,,,,
2018-11-14,1089U,RAMALES DE LA VICTORIA,CANTABRIA,80,"13,2","0,2","5,9",06:46,"20,5",13:26,10,"1,4","7,5",19:10,,,,,
2018-11-15,1089U,RAMALES DE LA VICTORIA,CANTABRIA,80,"15,8","0,0","8,5",23:34,"23,1",13:12,10,"1,4","8,9",08:40,,,,,
2018-11-16,1089U,RAMALES DE LA VICTORIA,CANTABRIA,80,"13,6","0,0","6,4",06:21,"20,8",13:04,22,"1,4","8,3",19:30,,,,,
2018-11-17,1089U,RAMALES DE LA VICTORIA,CANTABRIA,80,"13,3","0,0","6,1",23:58,"20,5",14:05,17,"0,6","6,7",00:40,,,,,
2018-11-18,1089U,RAMALES DE LA VICTORIA,CANTABRIA,80,"10,3","0,0","4,8",Varias,"15,8",14:25,12,"0,6","8,3",20:30,,,,,
2018-11-19,1089U,RAMALES DE LA VICTORIA,CANTABRIA,80,"12,9","0,0","7,8",06:07,"18,0",12:24,20,"0,8","7,5",01:40,,,,,
2018-11-20,1089U,RAMALES DE LA VICTORIA,CANTABRIA,80,"8,2","0,8","5,9",Varias,"10,5",00:02,05,"0,6","3,9",01:40,,,,,
2018-11-21,1089U,RAMALES DE LA VICTORIA,CANTABRIA,80,"10,0","0,0","3,6",05:55,"16,3",14:11,28,"1,9","15,8",18:20,,,,,
2018-11-22,1089U,RAMALES DE LA VICTORIA,CANTABRIA,80,"13,9","0,0","11,5",00:43,"16,3",Varias,32,"2,2","13,9",04:40,,,,,
2018-11-23,1089U,RAMALES DE LA VICTORIA,CANTABRIA,80,"12,4","0,0","7,9",21:07,"17,0",12:45,21,"3,1","10,3",23:59,,,,,
2018-11-24,1089U,RAMALES DE LA VICTORIA,CANTABRIA,80,"14,7","5,0","13,2",00:08,"16,2",12:12,13,"3,9","16,7",21:00,,,,,
2018-11-25,1089U,RAMALES DE LA VICTORIA,CANTABRIA,80,"10,4","5,4","5,4",23:51,"15,4",Varias,28,"1,1","8,9",01:00,,,,,
2018-11-26,1089U,RAMALES DE LA VICTORIA,CANTABRIA,80,"8,2","14,4","5,4",00:01,"11,1",15:24,25,"1,4","8,1",13:30,,,,,
2018-11-27,1089U,RAMALES DE LA VICTORIA,CANTABRIA,80,"8,6","0,0","4,5",07:34,"12,6",13:02,27,"0,0","3,1",21:10,,,,,
2018-11-28,1089U,RAMALES DE LA VICTORIA,CANTABRIA,80,"10,7","0,0","4,0",07:55,"17,4",23:59,13,"0,6","18,3",23:20,,,,,
2018-11-29,1089U,RAMALES DE LA VICTORIA,CANTABRIA,80,"14,7","0,6","8,9",23:51,"20,5",04:07,17,"3,3","22,8",09:00,,,,,
2018-11-30,1089U,RAMALES DE LA VICTORIA,CANTABRIA,80,"9,8","0,8","4,9",08:12,"14,8",13:37,26,"0,6","4,7",13:40,,,,,
2018-12-01,1089U,RAMALES DE LA VICTORIA,CANTABRIA,80,"9,8","1,2","5,9",00:01,"13,6",14:58,26,"0,3","3,3",20:00,,,,,
2018-12-02,1089U,RAMALES DE LA VICTORIA,CANTABRIA,80,"12,8","0,0","8,3",22:59,"17,4",14:04,12,"0,8","5,8",09:20,,,,,
2018-12-03,1089U,RAMALES DE LA VICTORIA,CANTABRIA,80,"12,4","1,8","7,7",07:01,"17,1",14:25,25,"0,6","4,4",09:50,,,,,
2018-12-04,1089U,RAMALES DE LA VICTORIA,CANTABRIA,80,,"0,0",,,,,,"0,6",,,,,,,
2018-12-05,1089U,RAMALES DE LA VICTORIA,CANTABRIA,80,"9,6","0,0","3,4",Varias,"15,8",13:25,28,"0,0","3,9",15:20,,,,,
2018-12-06,1089U,RAMALES DE LA VICTORIA,CANTABRIA,80,"9,7","0,0","4,1",23:56,"15,3",13:08,26,"0,8","6,1",13:20,,,,,
2018-12-07,1089U,RAMALES DE LA VICTORIA,CANTABRIA,80,"7,0","4,2","1,5",07:42,"12,4",15:46,29,"0,6","9,4",17:40,,,,,
2018-12-08,1089U,RAMALES DE LA VICTORIA,CANTABRIA,80,"8,4","0,0","3,7",07:48,"13,2",12:48,19,"0,6","2,8",13:10,,,,,
2018-12-09,1089U,RAMALES DE LA VICTORIA,CANTABRIA,80,"10,0","0,0","5,4",02:56,"14,5",11:27,30,"1,4","8,3",11:40,,,,,
2018-12-10,1089U,RAMALES DE LA VICTORIA,CANTABRIA,80,"8,4","0,0","2,5",23:54,"14,3",13:06,26,"0,0","2,5",13:50,,,,,
2018-12-11,1089U,RAMALES DE LA VICTORIA,CANTABRIA,80,"6,0","0,0","0,6",07:21,"11,4",14:00,07,"0,6","2,2",20:10,,,,,
2018-12-12,1089U,RAMALES DE LA VICTORIA,CANTABRIA,80,"10,4","0,8","5,8",00:01,"15,0",23:30,16,"0,3","16,4",23:10,,,,,
2018-12-13,1089U,RAMALES DE LA VICTORIA,CANTABRIA,80,"12,4","21,0","9,1",23:36,"15,7",02:02,17,"3,3","16,7",00:10,,,,,
2018-12-14,1089U,RAMALES DE LA VICTORIA,CANTABRIA,80,"8,9","3,4","4,9",19:00,"12,9",13:14,31,"1,9","9,2",12:40,,,,,
2018-12-15,1089U,RAMALES DE LA VICTORIA,CANTABRIA,80,"12,3","1,0","6,4",00:01,"18,2",12:58,16,"1,7","14,4",19:20,,,,,
2018-12-16,1089U,RAMALES DE LA VICTORIA,CANTABRIA,80,"8,9","0,6","3,6",24:00,"14,2",12:57,28,"0,6","9,7",16:40,,,,,
2018-12-17,1089U,RAMALES DE LA VICTORIA,CANTABRIA,80,"7,9","0,0","1,0",07:08,"14,8",22:40,26,"0,8","14,4",23:30,,,,,
2018-12-18,1089U,RAMALES DE LA VICTORIA,CANTABRIA,80,"11,0","0,0","5,3",24:00,"16,7",11:17,18,"4,2","23,6",02:20,,,,,
2018-12-19,1089U,RAMALES DE LA VICTORIA,CANTABRIA,80,"9,2","0,0","3,3",02:34,"15,0",10:58,14,"3,1","18,1",07:50,,,,,
2018-12-20,1089U,RAMALES DE LA VICTORIA,CANTABRIA,80,"9,9","0,0","4,4",00:01,"15,4",13:09,18,"0,6","10,8",23:50,,,,,
2018-12-21,1089U,RAMALES DE LA VICTORIA,CANTABRIA,80,"14,4","0,0","9,8",Varias,"18,9",13:19,17,"2,2","13,6",02:50,,,,,
2018-12-22,1089U,RAMALES DE LA VICTORIA,CANTABRIA,80,"11,6","0,0","5,7",23:47,"17,5",12:56,18,"0,8","3,1",14:50,,,,,
2018-12-23,1089U,RAMALES DE LA VICTORIA,CANTABRIA,80,"8,8","0,0","2,8",07:52,"14,7",12:56,99,"0,0","1,7",Varias,,,,,
2018-12-24,1089U,RAMALES DE LA VICTORIA,CANTABRIA,80,"7,8","0,0","2,3",07:10,"13,2",13:16,26,"0,0","1,7",23:10,,,,,
2018-12-25,1089U,RAMALES DE LA VICTORIA,CANTABRIA,80,"8,8","0,0","3,7",01:18,"14,0",12:54,25,"0,6","1,7",04:20,,,,,
2018-12-26,1089U,RAMALES DE LA VICTORIA,CANTABRIA,80,"6,2","0,0","1,4",23:55,"11,1",13:21,99,"0,0","1,4",Varias,,,,,
2018-12-27,1089U,RAMALES DE LA VICTORIA,CANTABRIA,80,"4,8","0,0","-0,8",Varias,"10,5",14:49,99,"0,3","1,1",Varias,,,,,
2018-12-28,1089U,RAMALES DE LA VICTORIA,CANTABRIA,80,"5,8","0,8","1,6",00:01,"10,1",14:42,28,"0,0","1,4",09:00,,,,,
2018-12-29,1089U,RAMALES DE LA VICTORIA,CANTABRIA,80,"7,4","0,0","3,2",23:58,"11,5",13:31,08,"0,6","4,2",13:40,,,,,
2018-12-30,1089U,RAMALES DE LA VICTORIA,CANTABRIA,80,"5,0","0,0","0,9",23:57,"9,1",13:17,10,"0,6","1,9",01:20,,,,,
2018-12-31,1089U,RAMALES DE LA VICTORIA,CANTABRIA,80,"4,8","0,0","-0,2",Varias,"9,8",13:17,10,"0,3","3,3",02:00,,,,,
2019-01-01,1089U,RAMALES DE LA VICTORIA,CANTABRIA,80,"4,2","0,0","-1,4",05:57,"9,7",13:28,04,"0,0","2,5",15:10,,,,,
2019-01-02,1089U,RAMALES DE LA VICTORIA,CANTABRIA,80,"7,2","0,0","5,6",Varias,"8,7",14:25,11,"0,6","4,7",18:20,,,,,
2019-01-03,1089U,RAMALES DE LA VICTORIA,CANTABRIA,80,"4,3","0,0","-1,6",08:03,"10,2",12:58,16,"0,6","5,6",01:20,,,,,
2019-01-04,1089U,RAMALES DE LA VICTORIA,CANTABRIA,80,"1,4","0,0","-2,8",23:49,"5,5",13:24,08,"0,6","2,8",15:10,,,,,
2019-01-05,1089U,RAMALES DE LA VICTORIA,CANTABRIA,80,"1,4","0,0","-4,7",06:55,"7,6",13:26,27,"0,3","1,7",19:00,,,,,
2019-01-06,1089U,RAMALES DE LA VICTORIA,CANTABRIA,80,"0,8","0,0","-5,3",07:57,"6,9",13:24,13,"0,0","2,2",02:50,,,,,
2019-01-07,1089U,RAMALES DE LA VICTORIA,CANTABRIA,80,"5,4","0,0","3,2",00:01,"7,5",21:18,16,"0,8","5,0",21:10,,,,,
2019-01-08,1089U,RAMALES DE LA VICTORIA,CANTABRIA,80,,"0,6",,,,,,"0,6",,,,,,,
2019-01-09,1089U,RAMALES DE LA VICTORIA,CANTABRIA,80,"8,2","7,8","6,5",23:36,"10,0",13:03,29,"1,1","5,6",18:00,,,,,
2019-01-10,1089U,RAMALES DE LA VICTORIA,CANTABRIA,80,"4,4","0,8","0,7",22:29,"8,2",13:37,02,"0,8","5,6",13:40,,,,,
2019-01-11,1089U,RAMALES DE LA VICTORIA,CANTABRIA,80,"4,2","2,0","1,2",00:01,"7,3",15:10,08,"0,3","1,9",15:30,,,,,
2019-01-12,1089U,RAMALES DE LA VICTORIA,CANTABRIA,80,"7,8","1,6","5,5",Varias,"10,0",12:24,28,"1,1","5,3",14:50,,,,,
2019-01-13,1089U,RAMALES DE LA VICTORIA,CANTABRIA,80,"9,2","0,0","4,6",Varias,"13,8",14:04,29,"0,6","6,7",14:10,,,,,
2019-01-14,1089U,RAMALES DE LA VICTORIA,CANTABRIA,80,"9,8","0,0","6,4",Varias,"13,2",12:20,29,"0,8","5,8",11:40,,,,,
2019-01-15,1089U,RAMALES DE LA VICTORIA,CANTABRIA,80,"7,6","0,0","1,5",23:50,"13,7",14:08,10,"0,6","3,3",11:10,,,,,
2019-01-16,1089U,RAMALES DE LA VICTORIA,CANTABRIA,80,"5,4","12,8","-0,4",07:35,"11,3",13:05,19,"0,3","2,8",19:40,,,,,
2019-01-17,1089U,RAMALES DE LA VICTORIA,CANTABRIA,80,"7,6","9,8","4,4",23:03,"10,7",12:37,28,"0,6","5,6",15:30,,,,,
2019-01-18,1089U,RAMALES DE LA VICTORIA,CANTABRIA,80,"6,5","2,4","3,9",03:30,"9,1",15:24,25,"0,3","2,2",21:50,,,,,
2019-01-19,1089U,RAMALES DE LA VICTORIA,CANTABRIA,80,"7,2","5,0","2,9",05:04,"11,5",12:36,14,"1,4","9,4",15:10,,,,,
2019-01-20,1089U,RAMALES DE LA VICTORIA,CANTABRIA,80,"8,9","29,6","6,9",23:08,"10,9",11:41,03,"1,1","8,1",05:50,,,,,
2019-01-21,1089U,RAMALES DE LA VICTORIA,CANTABRIA,80,"6,8","1,4","3,8",23:47,"9,9",13:47,36,"0,8","5,8",02:00,,,,,
2019-01-22,1089U,RAMALES DE LA VICTORIA,CANTABRIA,80,"6,0","58,4","3,7",03:34,"8,2",13:34,30,"0,8","10,3",14:20,,,,,
2019-01-23,1089U,RAMALES DE LA VICTORIA,CANTABRIA,80,"9,4","89,6","7,5",00:01,"11,4",06:38,25,"3,3","13,6",15:40,,,,,
2019-01-24,1089U,RAMALES DE LA VICTORIA,CANTABRIA,80,"9,6","43,2","8,3",Varias,"10,9",22:13,31,"0,6","8,6",23:10,,,,,
2019-01-25,1089U,RAMALES DE LA VICTORIA,CANTABRIA,80,"10,3","3,8","8,9",23:57,"11,7",14:18,26,"1,4","8,1",09:20,,,,,
2019-01-26,1089U,RAMALES DE LA VICTORIA,CANTABRIA,80,"9,4","2,4","4,9",23:56,"14,0",13:07,07,"0,6","3,1",17:00,,,,,
2019-01-27,1089U,RAMALES DE LA VICTORIA,CANTABRIA,80,"8,1","12,4","4,7",00:08,"11,5",13:17,28,"3,1","14,2",11:20,,,,,
2019-01-28,1089U,RAMALES DE LA VICTORIA,CANTABRIA,80,"9,1","34,6","7,4",01:04,"10,8",06:28,25,"2,2","12,5",06:30,,,,,
2019-01-29,1089U,RAMALES DE LA VICTORIA,CANTABRIA,80,"8,7","21,6","5,7",23:51,"11,7",13:41,25,"1,4","17,5",14:30,,,,,
2019-01-30,1089U,RAMALES DE LA VICTORIA,CANTABRIA,80,"9,0","12,6","5,1",07:53,"12,9",13:51,16,"1,1","15,0",18:40,,,,,
2019-01-31,1089U,RAMALES DE LA VICTORIA,CANTABRIA,80,"12,8","11,2","7,8",00:01,"17,7",13:31,27,"0,8","8,1",16:40,,,,,
2019-02-01,1089U,RAMALES DE LA VICTORIA,CANTABRIA,80,"8,4","38,8","4,7",22:31,"12,2",11:51,26,"3,1","13,9",07:00,,,,,
2019-02-02,1089U,RAMALES DE LA VICTORIA,CANTABRIA,80,"5,9","17,0","2,2",15:12,"9,6",11:13,30,"3,6","16,4",09:30,,,,,
2019-02-03,1089U,RAMALES DE LA VICTORIA,CANTABRIA,80,"5,1","2,4","-0,2",23:58,"10,4",14:58,25,"1,1","11,1",11:00,,,,,
2019-02-04,1089U,RAMALES DE LA VICTORIA,CANTABRIA,80,"5,6","0,0","-1,6",Varias,"12,9",14:29,26,"0,3","2,5",01:40,,,,,
2019-02-05,1089U,RAMALES DE LA VICTORIA,CANTABRIA,80,"11,0","0,0","4,3",Varias,"17,6",12:45,27,"0,6","4,2",12:40,,,,,
2019-02-06,1089U,RAMALES DE LA VICTORIA,CANTABRIA,80,"8,8","0,0","2,3",06:54,"15,3",15:00,07,"0,3","3,1",17:10,,,,,
2019-02-07,1089U,RAMALES DE LA VICTORIA,CANTABRIA,80,"7,7","1,4","3,2",23:48,"12,2",15:25,99,"0,8","5,0",12:50,,,,,
2019-02-08,1089U,RAMALES DE LA VICTORIA,CANTABRIA,80,"8,0","0,0","0,8",06:59,"15,3",13:45,07,"0,8","4,4",14:10,,,,,
2019-02-09,1089U,RAMALES DE LA VICTORIA,CANTABRIA,80,"9,4","0,0","2,0",07:01,"16,9",12:12,31,"3,1","19,2",16:10,,,,,
2019-02-10,1089U,RAMALES DE LA VICTORIA,CANTABRIA,80,"11,4","15,2","6,9",23:45,"15,8",07:35,14,"3,1","20,3",03:00,,,,,
2019-02-11,1089U,RAMALES DE LA VICTORIA,CANTABRIA,80,"7,6","0,6","4,4",23:57,"10,8",13:39,28,"0,3","8,9",10:50,,,,,
2019-02-12,1089U,RAMALES DE LA VICTORIA,CANTABRIA,80,"7,9","0,0","0,3",07:21,"15,5",15:18,10,"0,6","6,4",12:10,,,,,
2019-02-13,1089U,RAMALES DE LA VICTORIA,CANTABRIA,80,"6,9","0,0","-0,9",08:07,"14,7",15:25,25,"0,3","2,2",14:00,,,,,
2019-02-14,1089U,RAMALES DE LA VICTORIA,CANTABRIA,80,"11,0","0,0","0,8",07:11,"21,3",14:39,99,"1,9","9,2",12:30,,,,,
2019-02-15,1089U,RAMALES DE LA VICTORIA,CANTABRIA,80,"11,0","0,0","1,9",07:45,"20,2",15:30,26,"0,8","5,0",02:30,,,,,
2019-02-16,1089U,RAMALES DE LA VICTORIA,CANTABRIA,80,"10,2","0,0","0,3",07:24,"20,2",14:33,16,"1,7","10,6",23:59,,,,,
2019-02-17,1089U,RAMALES DE LA VICTORIA,CANTABRIA,80,"12,9","0,0","4,9",22:35,"20,9",14:23,14,"1,7","20,8",00:30,,,,,
2019-02-18,1089U,RAMALES DE LA VICTORIA,CANTABRIA,80,"9,6","0,2","3,5",07:15,"15,7",13:20,18,"0,8","8,1",01:50,,,,,
2019-02-19,1089U,RAMALES DE LA VICTORIA,CANTABRIA,80,"9,4","0,4","3,6",23:43,"15,3",15:05,30,"0,6","5,8",02:10,,,,,
2019-02-20,1089U,RAMALES DE LA VICTORIA,CANTABRIA,80,"10,8","0,0","2,0",Varias,"19,5",14:42,18,"0,8","8,3",11:10,,,,,
2019-02-21,1089U,RAMALES DE LA VICTORIA,CANTABRIA,80,"10,8","0,0","-0,4",07:05,"22,1",14:25,18,"0,8","8,3",11:40,,,,,
2019-02-22,1089U,RAMALES DE LA VICTORIA,CANTABRIA,80,"11,2","0,0","0,9",06:53,"21,4",15:26,07,"0,0","2,8",15:30,,,,,
2019-02-23,1089U,RAMALES DE LA VICTORIA,CANTABRIA,80,"10,8","0,0","0,0",07:30,"21,6",13:24,28,"1,4","8,1",13:40,,,,,
2019-02-24,1089U,RAMALES DE LA VICTORIA,CANTABRIA,80,"11,4","0,0","1,6",06:55,"21,1",13:25,99,"0,8","5,0",Varias,,,,,
2019-02-25,1089U,RAMALES DE LA VICTORIA,CANTABRIA,80,"11,8","0,0","1,1",07:05,"22,4",14:21,06,"0,3","6,1",15:50,,,,,
2019-02-26,1089U,RAMALES DE LA VICTORIA,CANTABRIA,80,"13,8","0,0","1,2",06:59,"26,5",Varias,11,"0,6","8,9",13:10,,,,,
2019-02-27,1089U,RAMALES DE LA VICTORIA,CANTABRIA,80,"15,2","0,0","3,3",06:09,"27,1",14:08,28,"1,4","9,4",16:10,,,,,
2019-02-28,1089U,RAMALES DE LA VICTORIA,CANTABRIA,80,"10,4","0,0","2,3",06:38,"18,6",12:26,08,"0,8","6,1",14:20,,,,,
2019-03-01,1089U,RAMALES DE LA VICTORIA,CANTABRIA,80,"9,3","0,0","0,9",07:04,"17,7",13:25,07,"0,8","6,1",14:00,,,,,
2019-03-02,1089U,RAMALES DE LA VICTORIA,CANTABRIA,80,"13,0","0,0","5,6",07:30,"20,5",15:46,27,"1,4","8,1",12:20,,,,,
2019-03-03,1089U,RAMALES DE LA VICTORIA,CANTABRIA,80,"14,3","0,0","3,6",03:55,"25,0",14:25,28,"4,2","23,6",18:50,,,,,
2019-03-04,1089U,RAMALES DE LA VICTORIA,CANTABRIA,80,"13,0","0,0","7,2",23:57,"18,7",00:09,29,"1,4","11,9",00:10,,,,,
2019-03-05,1089U,RAMALES DE LA VICTORIA,CANTABRIA,80,"10,6","0,0","2,3",06:36,"19,0",15:12,27,"2,8","20,8",17:00,,,,,
2019-03-06,1089U,RAMALES DE LA VICTORIA,CANTABRIA,80,,"6,8",,,,,30,,"19,4",08:00,,,,,
2019-03-07,1089U,RAMALES DE LA VICTORIA,CANTABRIA,80,"9,4","6,8","2,3",07:08,"16,6",12:14,25,"1,4","11,7",00:50,,,,,
2019-03-08,1089U,RAMALES DE LA VICTORIA,CANTABRIA,80,"12,2","2,6","8,5",Varias,"16,0",14:36,30,"0,6","10,0",12:00,,,,,
2019-03-09,1089U,RAMALES DE LA VICTORIA,CANTABRIA,80,"14,6","0,0","6,6",02:03,"22,5",13:36,09,"1,1","6,1",15:40,,,,,
2019-03-10,1089U,RAMALES DE LA VICTORIA,CANTABRIA,80,"12,5","6,2","7,3",00:14,"17,7",11:08,28,"0,8","7,5",11:10,,,,,
2019-03-11,1089U,RAMALES DE LA VICTORIA,CANTABRIA,80,"10,0","0,0","3,7",23:59,"16,3",15:06,07,"0,6","6,4",16:20,,,,,
2019-03-12,1089U,RAMALES DE LA VICTORIA,CANTABRIA,80,"9,8","5,4","1,6",06:29,"18,0",12:28,26,"2,8","11,1",18:10,,,,,
2019-03-13,1089U,RAMALES DE LA VICTORIA,CANTABRIA,80,"9,2","7,6","5,1",03:17,"13,3",13:14,26,"1,7","11,4",14:00,,,,,
2019-03-14,1089U,RAMALES DE LA VICTORIA,CANTABRIA,80,"10,2","0,0","6,0",06:37,"14,5",11:56,29,"1,7","9,7",12:20,,,,,
2019-03-15,1089U,RAMALES DE LA VICTORIA,CANTABRIA,80,"10,3","0,0","3,7",06:43,"16,9",14:32,06,"1,4","6,9",15:50,,,,,
2019-03-16,1089U,RAMALES DE LA VICTORIA,CANTABRIA,80,"13,9","0,0","2,5",04:33,"25,3",13:56,09,"1,1","6,7",16:50,,,,,
2019-03-17,1089U,RAMALES DE LA VICTORIA,CANTABRIA,80,"8,1","6,6","4,3",23:52,"11,9",07:25,30,"0,8","7,5",07:30,,,,,
2019-03-18,1089U,RAMALES DE LA VICTORIA,CANTABRIA,80,"8,0","10,2","3,7",01:33,"12,3",14:03,25,"1,4","8,6",12:30,,,,,
2019-03-19,1089U,RAMALES DE LA VICTORIA,CANTABRIA,80,"10,0","11,8","7,6",00:01,"12,3",13:05,06,"1,1","6,1",12:20,,,,,
2019-03-20,1089U,RAMALES DE LA VICTORIA,CANTABRIA,80,"9,0","0,0","3,3",23:49,"14,7",13:24,03,"0,8","5,8",12:00,,,,,
2019-03-21,1089U,RAMALES DE LA VICTORIA,CANTABRIA,80,"8,9","0,0","1,2",06:20,"16,6",13:47,08,"0,8","6,4",15:00,,,,,
2019-03-22,1089U,RAMALES DE LA VICTORIA,CANTABRIA,80,"10,8","0,0","0,1",06:28,"21,5",14:27,05,"0,8","6,9",16:00,,,,,
2019-03-23,1089U,RAMALES DE LA VICTORIA,CANTABRIA,80,"12,0","0,0","1,6",06:36,"22,5",13:26,08,"1,1","6,1",15:00,,,,,
2019-03-24,1089U,RAMALES DE LA VICTORIA,CANTABRIA,80,"12,0","0,0","2,5",06:10,"21,5",14:11,08,"1,4","6,7",16:00,,,,,
2019-03-25,1089U,RAMALES DE LA VICTORIA,CANTABRIA,80,"11,2","0,0","6,8",22:07,"15,7",12:24,99,"1,4","6,4",Varias,,,,,
2019-03-26,1089U,RAMALES DE LA VICTORIA,CANTABRIA,80,"9,4","0,0","3,5",06:39,"15,2",14:24,06,"1,4","6,9",13:40,,,,,
2019-03-27,1089U,RAMALES DE LA VICTORIA,CANTABRIA,80,"8,6","0,0","0,5",05:59,"16,7",13:24,99,"1,4","7,8",Varias,,,,,
2019-03-28,1089U,RAMALES DE LA VICTORIA,CANTABRIA,80,"9,5","0,0","1,7",06:28,"17,3",13:18,99,"1,4","6,1",Varias,,,,,
2019-03-29,1089U,RAMALES DE LA VICTORIA,CANTABRIA,80,"11,0","0,0","0,8",05:58,"21,1",13:36,08,"1,4","7,2",15:00,,,,,
2019-03-30,1089U,RAMALES DE LA VICTORIA,CANTABRIA,80,"13,8","0,0","4,2",01:31,"23,5",13:00,21,"1,4","9,7",05:30,,,,,
2019-03-31,1089U,RAMALES DE LA VICTORIA,CANTABRIA,80,"13,0","0,0","2,5",06:13,"23,4",13:36,06,"1,1","7,5",12:30,,,,,
2019-04-01,1089U,RAMALES DE LA VICTORIA,CANTABRIA,80,"12,0","0,0","5,6",00:01,"18,4",11:27,05,"0,3","4,7",12:00,,,,,
2019-04-02,1089U,RAMALES DE LA VICTORIA,CANTABRIA,80,,"8,0",,,,,,"1,4",,,,,,,
2019-04-03,1089U,RAMALES DE LA VICTORIA,CANTABRIA,80,"6,8","25,0","3,6",Varias,"9,9",10:33,30,"1,1","13,3",17:50,,,,,
2019-04-04,1089U,RAMALES DE LA VICTORIA,CANTABRIA,80,"9,8","0,0","2,4",01:07,"17,1",14:17,26,"1,7","15,8",23:20,,,,,
2019-04-05,1089U,RAMALES DE LA VICTORIA,CANTABRIA,80,"11,6","0,0","6,7",23:57,"16,5",12:07,11,"2,5","15,3",03:50,,,,,
2019-04-06,1089U,RAMALES DE LA VICTORIA,CANTABRIA,80,"10,0","4,0","1,9",06:05,"18,1",13:52,28,"1,7","13,3",11:10,,,,,
2019-04-07,1089U,RAMALES DE LA VICTORIA,CANTABRIA,80,"11,7","0,0","6,0",00:09,"17,4",15:24,24,"1,1","15,3",20:20,,,,,
2019-04-08,1089U,RAMALES DE LA VICTORIA,CANTABRIA,80,"11,2","1,6","5,7",Varias,"16,7",12:48,28,"1,1","10,8",00:50,,,,,
2019-04-09,1089U,RAMALES DE LA VICTORIA,CANTABRIA,80,"11,8","14,8","4,5",01:33,"19,0",11:10,13,"1,9","8,6",10:10,,,,,
2019-04-10,1089U,RAMALES DE LA VICTORIA,CANTABRIA,80,"11,0","4,8","5,8",04:40,"16,3",10:17,02,"1,9","7,2",12:20,,,,,
2019-04-11,1089U,RAMALES DE LA VICTORIA,CANTABRIA,80,"9,4","5,2","6,7",03:44,"12,1",11:24,29,"0,6","6,7",11:40,,,,,
2019-04-12,1089U,RAMALES DE LA VICTORIA,CANTABRIA,80,"10,5","0,0","3,3",23:51,"17,7",13:25,06,"1,9","6,1",13:50,,,,,
2019-04-13,1089U,RAMALES DE LA VICTORIA,CANTABRIA,80,"11,9","0,0","0,8",05:54,"23,0",13:45,06,"1,1","7,2",15:00,,,,,
2019-04-14,1089U,RAMALES DE LA VICTORIA,CANTABRIA,80,"15,0","0,0","8,3",05:46,"21,6",11:41,99,"1,9","6,1",12:50,,,,,
2019-04-15,1089U,RAMALES DE LA VICTORIA,CANTABRIA,80,"16,2","8,4","9,1",02:47,"23,3",12:37,30,"3,1","17,2",13:00,,,,,
2019-04-16,1089U,RAMALES DE LA VICTORIA,CANTABRIA,80,"15,4","0,0","7,2",05:39,"23,5",15:14,11,"0,8","7,8",12:10,,,,,
2019-04-17,1089U,RAMALES DE LA VICTORIA,CANTABRIA,80,"18,8","0,6","11,6",00:01,"26,1",15:56,17,"1,1","10,3",12:20,,,,,
2019-04-18,1089U,RAMALES DE LA VICTORIA,CANTABRIA,80,"13,8","16,4","11,6",23:48,"16,1",06:04,15,"0,3","8,3",05:50,,,,,
2019-04-19,1089U,RAMALES DE LA VICTORIA,CANTABRIA,80,"15,6","0,0","8,9",23:59,"22,2",15:58,06,"1,1","7,8",12:10,,,,,
2019-04-20,1089U,RAMALES DE LA VICTORIA,CANTABRIA,80,"14,6","0,0","6,3",05:31,"22,8",14:04,05,"1,4","6,1",15:00,,,,,
2019-04-21,1089U,RAMALES DE LA VICTORIA,CANTABRIA,80,"12,6","0,0","6,3",03:38,"19,0",12:07,06,"1,1","7,5",15:00,,,,,
2019-04-22,1089U,RAMALES DE LA VICTORIA,CANTABRIA,80,"15,6","0,0","8,1",00:40,"23,2",14:20,18,"1,1","10,3",23:00,,,,,
2019-04-23,1089U,RAMALES DE LA VICTORIA,CANTABRIA,80,"13,4","1,2","8,2",Varias,"18,6",00:24,11,"0,6","8,9",02:10,,,,,
2019-04-24,1089U,RAMALES DE LA VICTORIA,CANTABRIA,80,"12,6","0,2","5,9",Varias,"19,3",14:39,11,"3,6","16,4",08:40,,,,,
2019-04-25,1089U,RAMALES DE LA VICTORIA,CANTABRIA,80,"13,9","3,4","8,1",23:55,"19,7",16:05,27,"4,7","16,7",09:00,,,,,
2019-04-26,1089U,RAMALES DE LA VICTORIA,CANTABRIA,80,"10,6","0,0","6,7",Varias,"14,6",13:57,24,"1,1","7,2",09:40,,,,,
2019-04-27,1089U,RAMALES DE LA VICTORIA,CANTABRIA,80,"10,4","0,2","5,4",01:58,"15,4",11:27,29,"1,1","5,6",11:30,,,,,
2019-04-28,1089U,RAMALES DE LA VICTORIA,CANTABRIA,80,"13,1","0,0","5,9",23:59,"20,3",13:24,07,"1,7","7,5",15:00,,,,,
2019-04-29,1089U,RAMALES DE LA VICTORIA,CANTABRIA,80,"13,2","0,0","4,2",02:58,"22,3",13:45,08,"1,7","7,2",16:20,,,,,
2019-04-30,1089U,RAMALES DE LA VICTORIA,CANTABRIA,80,"14,4","0,0","6,0",01:57,"22,7",12:23,06,"1,7","6,9",13:50,,,,,
2019-05-01,1089U,RAMALES DE LA VICTORIA,CANTABRIA,80,"11,4","0,0","3,9",05:19,"18,8",10:24,30,"1,7","10,0",15:00,,,,,
2019-05-02,1089U,RAMALES DE LA VICTORIA,CANTABRIA,80,"10,3","3,2","4,5",05:08,"16,1",11:26,08,"0,8","6,7",11:50,,,,,
2019-05-03,1089U,RAMALES DE LA VICTORIA,CANTABRIA,80,"9,6","3,2","5,9",23:15,"13,4",16:15,30,"0,6","5,3",11:20,,,,,
2019-05-04,1089U,RAMALES DE LA VICTORIA,CANTABRIA,80,"12,2","1,0","5,5",05:15,"19,0",13:24,28,"1,4","9,4",14:30,,,,,
2019-05-05,1089U,RAMALES DE LA VICTORIA,CANTABRIA,80,"10,5","0,0","3,9",23:41,"17,1",13:02,06,"1,7","7,2",14:20,,,,,
2019-05-06,1089U,RAMALES DE LA VICTORIA,CANTABRIA,80,"11,8","0,0","1,2",05:10,"22,5",12:28,06,"1,7","6,1",14:50,,,,,
2019-05-07,1089U,RAMALES DE LA VICTORIA,CANTABRIA,80,"14,8","0,0","6,8",05:07,"22,8",13:09,26,"0,8","12,8",23:50,,,,,
2019-05-08,1089U,RAMALES DE LA VICTORIA,CANTABRIA,80,"14,0",Acum,"7,3",23:58,"20,8",00:06,27,"1,4","13,3",05:50,,,,,
2019-05-09,1089U,RAMALES DE LA VICTORIA,CANTABRIA,80,"13,0",Acum,"4,5",05:13,"21,5",12:24,07,"1,1","6,1",14:00,,,,,
2019-05-10,1089U,RAMALES DE LA VICTORIA,CANTABRIA,80,"16,2",Acum,"9,7",04:39,"22,7",12:35,36,"0,8","9,7",21:00,,,,,
2019-05-11,1089U,RAMALES DE LA VICTORIA,CANTABRIA,80,"14,4","5,4","9,2",23:56,"19,5",15:29,27,"1,4","7,5",14:40,,,,,
2019-05-12,1089U,RAMALES DE LA VICTORIA,CANTABRIA,80,"14,4","0,0","7,2",01:40,"21,5",12:25,05,"1,9","7,8",13:40,,,,,
2019-05-13,1089U,RAMALES DE LA VICTORIA,CANTABRIA,80,"13,2","0,0","4,7",05:00,"21,8",13:14,06,"1,4","8,6",13:50,,,,,
2019-05-14,1089U,RAMALES DE LA VICTORIA,CANTABRIA,80,"14,2","0,0","3,1",04:40,"25,3",12:18,08,"1,1","8,1",16:00,,,,,
2019-05-15,1089U,RAMALES DE LA VICTORIA,CANTABRIA,80,"15,8","0,0","5,2",04:56,"26,4",11:57,08,"1,4","7,2",12:40,,,,,
2019-05-16,1089U,RAMALES DE LA VICTORIA,CANTABRIA,80,"13,1","23,8","6,8",Varias,"19,4",10:30,29,"1,4","10,3",11:40,,,,,
2019-05-17,1089U,RAMALES DE LA VICTORIA,CANTABRIA,80,"10,6","20,6","7,8",23:59,"13,4",15:31,30,"1,4","8,6",04:40,,,,,
2019-05-18,1089U,RAMALES DE LA VICTORIA,CANTABRIA,80,"10,0","19,6","6,8",02:32,"13,2",15:45,30,"1,4","8,3",11:00,,,,,
2019-05-19,1089U,RAMALES DE LA VICTORIA,CANTABRIA,80,"11,3","0,8","5,8",23:48,"16,8",14:14,30,"1,7","8,6",14:30,,,,,
2019-05-20,1089U,RAMALES DE LA VICTORIA,CANTABRIA,80,"11,8","0,0","3,7",03:43,"19,8",11:17,04,"1,1","5,8",12:40,,,,,
2019-05-21,1089U,RAMALES DE LA VICTORIA,CANTABRIA,80,"14,4","0,0","7,0",23:52,"21,9",13:26,06,"1,4","7,8",14:20,,,,,
2019-05-22,1089U,RAMALES DE LA VICTORIA,CANTABRIA,80,"16,0","0,0","5,9",01:44,"26,2",13:45,06,"1,1","6,4",15:00,,,,,
2019-05-23,1089U,RAMALES DE LA VICTORIA,CANTABRIA,80,"16,3","0,6","9,7",01:46,"22,9",13:32,26,"1,7","8,3",15:20,,,,,
2019-05-24,1089U,RAMALES DE LA VICTORIA,CANTABRIA,80,"14,0","4,6","12,3",06:22,"15,6",12:12,26,"1,7","6,4",12:20,,,,,
2019-05-25,1089U,RAMALES DE LA VICTORIA,CANTABRIA,80,"14,2","1,2","11,7",04:47,"16,8",15:13,32,"0,6","6,7",10:30,,,,,
2019-05-26,1089U,RAMALES DE LA VICTORIA,CANTABRIA,80,"15,2","0,0","11,9",04:37,"18,5",11:08,02,"1,1","8,6",10:20,,,,,
2019-05-27,1089U,RAMALES DE LA VICTORIA,CANTABRIA,80,"14,0","2,6","11,2",23:52,"16,7",12:14,28,"0,8","8,1",13:40,,,,,
2019-05-28,1089U,RAMALES DE LA VICTORIA,CANTABRIA,80,"13,9","0,6","10,2",05:10,"17,6",15:35,32,"1,9","9,4",10:30,,,,,
2019-05-29,1089U,RAMALES DE LA VICTORIA,CANTABRIA,80,"14,6","0,6","8,5",23:57,"20,6",14:54,06,"0,8","4,7",15:10,,,,,
2019-05-30,1089U,RAMALES DE LA VICTORIA,CANTABRIA,80,"18,0","0,0","7,1",02:51,"29,0",14:41,99,"0,8","7,2",Varias,,,,,
2019-05-31,1089U,RAMALES DE LA VICTORIA,CANTABRIA,80,"19,8","0,0","8,2",04:39,"31,3",12:56,06,"1,1","6,1",14:20,,,,,
2019-06-01,1089U,RAMALES DE LA VICTORIA,CANTABRIA,80,"22,6","0,0","11,2",05:08,"34,1",12:54,07,"1,1","6,7",14:30,,,,,
2019-06-02,1089U,RAMALES DE LA VICTORIA,CANTABRIA,80,"20,6","0,0","12,2",04:40,"29,1",12:17,07,"1,1","7,5",13:20,,,,,
2019-06-03,1089U,RAMALES DE LA VICTORIA,CANTABRIA,80,"19,4","0,0","12,8",03:20,"26,1",12:59,08,"1,1","6,7",14:20,,,,,
2019-06-04,1089U,RAMALES DE LA VICTORIA,CANTABRIA,80,"18,6","20,6","12,2",23:57,"25,1",11:17,28,"0,8","11,9",13:50,,,,,
2019-06-05,1089U,RAMALES DE LA VICTORIA,CANTABRIA,80,"14,1","4,8","10,2",23:51,"18,0",14:54,28,"1,1","10,8",13:20,,,,,
2019-06-06,1089U,RAMALES DE LA VICTORIA,CANTABRIA,80,"16,9","0,0","7,5",05:17,"26,3",18:20,30,"1,4","16,9",21:40,,,,,
2019-06-07,1089U,RAMALES DE LA VICTORIA,CANTABRIA,80,"15,6","0,0","11,6",23:56,"19,6",10:14,29,"2,5","14,7",01:10,,,,,
2019-06-08,1089U,RAMALES DE LA VICTORIA,CANTABRIA,80,"15,8","0,0","10,9",Varias,"20,8",10:55,05,"1,1","6,4",15:40,,,,,
2019-06-09,1089U,RAMALES DE LA VICTORIA,CANTABRIA,80,"15,6","0,6","12,0",23:41,"19,2",12:41,32,"1,1","8,1",13:10,,,,,
2019-06-10,1089U,RAMALES DE LA VICTORIA,CANTABRIA,80,"13,5","11,0","9,0",05:09,"18,0",11:33,05,"1,1","6,7",14:00,,,,,
2019-06-11,1089U,RAMALES DE LA VICTORIA,CANTABRIA,80,"12,0","19,2","9,1",23:59,"14,9",13:41,24,"0,8","8,3",14:00,,,,,
2019-06-12,1089U,RAMALES DE LA VICTORIA,CANTABRIA,80,"13,8","0,0","8,8",01:09,"18,9",13:17,26,"1,7","8,1",17:10,,,,,
2019-06-13,1089U,RAMALES DE LA VICTORIA,CANTABRIA,80,"14,0","0,6","6,7",05:06,"21,2",11:37,04,"0,6","6,4",12:00,,,,,
2019-06-14,1089U,RAMALES DE LA VICTORIA,CANTABRIA,80,"14,3","1,4","10,9",Varias,"17,7",11:06,06,"0,6","4,2",10:10,,,,,
2019-06-15,1089U,RAMALES DE LA VICTORIA,CANTABRIA,80,"15,6","0,0","9,1",23:50,"22,2",11:53,08,"1,1","6,4",11:40,,,,,
2019-06-16,1089U,RAMALES DE LA VICTORIA,CANTABRIA,80,"16,1","0,0","6,4",04:42,"25,8",12:38,05,"1,1","6,4",13:20,,,,,
2019-06-17,1089U,RAMALES DE LA VICTORIA,CANTABRIA,80,"19,4","0,0","11,3",02:50,"27,4",13:34,06,"1,1","7,2",13:40,,,,,
2019-06-18,1089U,RAMALES DE LA VICTORIA,CANTABRIA,80,"23,2","0,0","12,8",04:14,"33,6",13:47,06,"1,1","10,6",14:50,,,,,
2019-06-19,1089U,RAMALES DE LA VICTORIA,CANTABRIA,80,"17,4","0,6","11,8",04:11,"22,9",11:54,09,"0,8","5,0",12:00,,,,,
2019-06-20,1089U,RAMALES DE LA VICTORIA,CANTABRIA,80,"16,8","6,8","15,0",23:47,"18,5",13:39,30,"0,3","3,1",16:20,,,,,
2019-06-21,1089U,RAMALES DE LA VICTORIA,CANTABRIA,80,"16,1","0,6","11,1",23:58,"21,1",13:14,07,"1,4","5,0",16:20,,,,,
2019-06-22,1089U,RAMALES DE LA VICTORIA,CANTABRIA,80,"19,5","0,0","9,4",02:03,"29,6",15:21,08,"1,1","5,6",12:20,,,,,
2019-06-23,1089U,RAMALES DE LA VICTORIA,CANTABRIA,80,"21,5","0,2","16,3",04:44,"26,7",13:46,06,"1,4","7,2",15:30,,,,,
2019-06-24,1089U,RAMALES DE LA VICTORIA,CANTABRIA,80,"19,0","0,0","15,2",23:56,"22,7",14:06,31,"1,1","7,2",14:30,,,,,
2019-06-25,1089U,RAMALES DE LA VICTORIA,CANTABRIA,80,"20,0","0,0","13,8",02:36,"26,2",12:15,05,"0,6","6,4",12:20,,,,,
2019-06-26,1089U,RAMALES DE LA VICTORIA,CANTABRIA,80,"27,7","0,0","17,7",04:41,"37,7",13:33,08,"1,9","7,8",13:50,,,,,
2019-06-27,1089U,RAMALES DE LA VICTORIA,CANTABRIA,80,"27,2","0,0","14,5",05:06,"39,9",Varias,99,"1,7","8,3",16:50,,,,,
2019-06-28,1089U,RAMALES DE LA VICTORIA,CANTABRIA,80,"21,7","0,0","14,2",04:44,"29,2",12:11,09,"1,7","6,9",14:20,,,,,
2019-06-29,1089U,RAMALES DE LA VICTORIA,CANTABRIA,80,"20,0","0,0","15,9",23:59,"24,2",12:46,31,"1,7","5,8",18:00,,,,,
2019-06-30,1089U,RAMALES DE LA VICTORIA,CANTABRIA,80,"20,4","2,4","15,1",01:58,"25,8",12:47,05,"1,4","7,5",12:30,,,,,
2019-07-01,1089U,RAMALES DE LA VICTORIA,CANTABRIA,80,"19,4","0,4","16,2",04:41,"22,7",09:59,08,"1,1","6,1",11:00,,,,,
2019-07-02,1089U,RAMALES DE LA VICTORIA,CANTABRIA,80,"19,5","0,0","16,4",Varias,"22,6",09:37,31,"0,6","3,6",14:00,,,,,
2019-07-03,1089U,RAMALES DE LA VICTORIA,CANTABRIA,80,"23,4","0,4","17,6",Varias,"29,3",12:35,06,"0,6","6,1",15:00,,,,,
2019-07-04,1089U,RAMALES DE LA VICTORIA,CANTABRIA,80,"25,8","5,0","17,3",04:45,"34,3",15:19,25,"1,1","5,6",18:50,,,,,
2019-07-05,1089U,RAMALES DE LA VICTORIA,CANTABRIA,80,"23,4","0,0","17,7",04:50,"29,0",Varias,29,"1,1","6,1",23:10,,,,,
2019-07-06,1089U,RAMALES DE LA VICTORIA,CANTABRIA,80,"22,6","0,0","17,5",23:35,"27,7",11:26,06,"0,8","7,2",11:50,,,,,
2019-07-07,1089U,RAMALES DE LA VICTORIA,CANTABRIA,80,"20,6","0,8","17,5",00:01,"23,8",11:50,08,"0,6","5,0",12:30,,,,,
2019-07-08,1089U,RAMALES DE LA VICTORIA,CANTABRIA,80,"21,2","9,8","17,6",Varias,"24,9",13:06,28,"0,8","5,6",21:10,,,,,
2019-07-09,1089U,RAMALES DE LA VICTORIA,CANTABRIA,80,"19,2","0,0","13,7",23:45,"24,6",15:26,29,"1,9","12,2",10:10,,,,,
2019-07-10,1089U,RAMALES DE LA VICTORIA,CANTABRIA,80,"19,8","0,0","10,8",05:00,"28,7",13:14,08,"1,4","6,4",14:20,,,,,
2019-07-11,1089U,RAMALES DE LA VICTORIA,CANTABRIA,80,"20,4","0,0","11,3",04:44,"29,4",12:32,08,"1,7","6,9",13:40,,,,,
2019-07-12,1089U,RAMALES DE LA VICTORIA,CANTABRIA,80,"20,9","0,0","11,9",04:36,"29,9",13:37,08,"1,1","6,4",13:50,,,,,
2019-07-13,1089U,RAMALES DE LA VICTORIA,CANTABRIA,80,"19,2","0,0","13,0",05:11,"25,5",11:41,07,"0,8","5,8",11:50,,,,,
2019-07-14,1089U,RAMALES DE LA VICTORIA,CANTABRIA,80,"21,1","0,0","13,6",23:58,"28,6",11:29,07,"0,8","6,9",14:50,,,,,
2019-07-15,1089U,RAMALES DE LA VICTORIA,CANTABRIA,80,"20,0","0,0","11,5",05:14,"28,6",13:36,05,"1,4","7,5",14:40,,,,,
2019-07-16,1089U,RAMALES DE LA VICTORIA,CANTABRIA,80,"19,4","0,0","10,9",04:52,"27,9",12:41,06,"1,4","7,2",14:20,,,,,
2019-07-17,1089U,RAMALES DE LA VICTORIA,CANTABRIA,80,"19,6","0,0","16,0",05:45,"23,2",12:24,08,"0,8","5,3",17:20,,,,,
2019-07-18,1089U,RAMALES DE LA VICTORIA,CANTABRIA,80,"19,8","0,0","14,1",04:52,"25,6",10:45,06,"1,4","6,7",15:10,,,,,
2019-07-19,1089U,RAMALES DE LA VICTORIA,CANTABRIA,80,"21,6","0,0","12,6",03:11,"30,5",12:58,04,"1,9","7,2",15:10,,,,,
2019-07-20,1089U,RAMALES DE LA VICTORIA,CANTABRIA,80,"21,1","1,6","15,3",04:41,"26,9",11:38,06,"0,8","6,1",13:30,,,,,
2019-07-21,1089U,RAMALES DE LA VICTORIA,CANTABRIA,80,"21,4","0,4","18,1",02:29,"24,7",13:37,06,"0,6","5,6",15:20,,,,,
2019-07-22,1089U,RAMALES DE LA VICTORIA,CANTABRIA,80,"25,8","0,0","19,5",Varias,"32,2",14:21,08,"1,7","6,7",15:30,,,,,
2019-07-23,1089U,RAMALES DE LA VICTORIA,CANTABRIA,80,"28,6","6,2","17,6",05:19,"39,6",13:05,20,"1,7","13,6",07:50,,,,,
2019-07-24,1089U,RAMALES DE LA VICTORIA,CANTABRIA,80,"26,2","0,0","18,8",04:39,"33,5",16:26,05,"1,4","6,7",12:50,,,,,
2019-07-25,1089U,RAMALES DE LA VICTORIA,CANTABRIA,80,"25,5","5,8","20,5",23:51,"30,5",11:34,07,"1,4","8,3",12:20,,,,,
2019-07-26,1089U,RAMALES DE LA VICTORIA,CANTABRIA,80,"18,4","14,4","16,2",23:51,"20,5",Varias,26,"0,8","9,4",14:40,,,,,
2019-07-27,1089U,RAMALES DE LA VICTORIA,CANTABRIA,80,"17,3","4,2","15,2",Varias,"19,4",15:09,28,"1,1","6,7",16:50,,,,,
2019-07-28,1089U,RAMALES DE LA VICTORIA,CANTABRIA,80,"20,0","0,2","14,4",04:48,"25,5",13:26,08,"1,4","6,4",12:00,,,,,
2019-07-29,1089U,RAMALES DE LA VICTORIA,CANTABRIA,80,"19,0","2,8","12,3",05:05,"25,8",10:24,24,"0,8","5,6",11:00,,,,,
2019-07-30,1089U,RAMALES DE LA VICTORIA,CANTABRIA,80,"18,4","0,0","13,6",Varias,"23,1",15:00,30,"1,7","7,8",11:00,,,,,
2019-07-31,1089U,RAMALES DE LA VICTORIA,CANTABRIA,80,"18,2","0,0","12,2",05:20,"24,2",12:50,06,"1,1","5,6",11:40,,,,,
2019-08-01,1089U,RAMALES DE LA VICTORIA,CANTABRIA,80,"19,0","0,0","16,7",Varias,"21,3",12:33,07,"0,6","3,9",13:50,,,,,
2019-08-02,1089U,RAMALES DE LA VICTORIA,CANTABRIA,80,"22,0","0,0","16,2",23:54,"27,9",14:40,06,"1,4","7,5",16:20,,,,,
2019-08-03,1089U,RAMALES DE LA VICTORIA,CANTABRIA,80,"21,4","0,0","13,5",03:58,"29,4",12:07,10,"1,9","6,4",13:30,,,,,
2019-08-04,1089U,RAMALES DE LA VICTORIA,CANTABRIA,80,"20,1","0,2","15,5",23:54,"24,7",11:51,08,"0,6","5,3",13:10,,,,,
2019-08-05,1089U,RAMALES DE LA VICTORIA,CANTABRIA,80,"21,8","0,0","14,9",01:42,"28,8",12:13,07,"1,1","5,6",12:50,,,,,
2019-08-06,1089U,RAMALES DE LA VICTORIA,CANTABRIA,80,"21,2","0,4","13,5",04:59,"28,8",12:56,10,"1,1","7,2",14:00,,,,,
2019-08-07,1089U,RAMALES DE LA VICTORIA,CANTABRIA,80,"24,2","0,2","17,5",05:14,"31,0",13:41,09,"0,8","6,1",14:10,,,,,
2019-08-08,1089U,RAMALES DE LA VICTORIA,CANTABRIA,80,"26,6","0,0","17,3",04:43,"36,0",17:00,27,"1,9","18,9",22:10,,,,,
2019-08-09,1089U,RAMALES DE LA VICTORIA,CANTABRIA,80,"24,9","2,8","18,7",Varias,"31,1",00:01,28,"1,7","15,0",02:20,,,,,
2019-08-10,1089U,RAMALES DE LA VICTORIA,CANTABRIA,80,"20,3","9,6","17,4",23:35,"23,2",12:47,04,"1,1","6,9",10:20,,,,,
2019-08-11,1089U,RAMALES DE LA VICTORIA,CANTABRIA,80,"18,1","4,4","14,3",23:52,"21,9",09:58,99,"1,1","4,7",Varias,,,,,
2019-08-12,1089U,RAMALES DE LA VICTORIA,CANTABRIA,80,"16,8","0,0","11,6",05:33,"22,0",11:49,27,"1,4","10,0",09:10,,,,,
2019-08-13,1089U,RAMALES DE LA VICTORIA,CANTABRIA,80,"18,0","0,0","11,6",04:52,"24,4",Varias,06,"1,1","6,1",13:10,,,,,
2019-08-14,1089U,RAMALES DE LA VICTORIA,CANTABRIA,80,"19,6","4,0","11,0",05:05,"28,2",12:49,27,"1,7","7,2",18:20,,,,,
2019-08-15,1089U,RAMALES DE LA VICTORIA,CANTABRIA,80,"18,7","0,6","13,8",23:56,"23,6",11:26,06,"0,8","6,4",12:30,,,,,
2019-08-16,1089U,RAMALES DE LA VICTORIA,CANTABRIA,80,"20,7","0,0","12,1",06:01,"29,3",14:26,06,"0,8","6,9",14:40,,,,,
2019-08-17,1089U,RAMALES DE LA VICTORIA,CANTABRIA,80,"21,6","0,0","12,3",05:35,"30,8",12:13,08,"1,9","7,5",14:30,,,,,
2019-08-18,1089U,RAMALES DE LA VICTORIA,CANTABRIA,80,"19,0","4,8","14,2",05:40,"23,7",09:58,27,"1,7","7,8",17:50,,,,,
2019-08-19,1089U,RAMALES DE LA VICTORIA,CANTABRIA,80,"17,4","2,6","15,0",06:01,"19,7",12:24,15,"0,6","3,3",18:50,,,,,
2019-08-20,1089U,RAMALES DE LA VICTORIA,CANTABRIA,80,"19,7","1,8","14,8",21:41,"24,6",13:52,06,"0,8","6,4",15:50,,,,,
2019-08-21,1089U,RAMALES DE LA VICTORIA,CANTABRIA,80,"19,4","0,0","12,6",23:46,"26,3",11:36,02,"1,4","6,1",13:50,,,,,
2019-08-22,1089U,RAMALES DE LA VICTORIA,CANTABRIA,80,"19,4","0,0","10,0",04:33,"28,8",13:42,03,"1,1","5,8",15:10,,,,,
2019-08-23,1089U,RAMALES DE LA VICTORIA,CANTABRIA,80,"21,4","0,0","8,8",05:50,"34,1",14:06,06,"0,8","6,1",15:00,,,,,
2019-08-24,1089U,RAMALES DE LA VICTORIA,CANTABRIA,80,"20,6","0,0","11,8",05:35,"29,3",11:51,08,"1,7","6,4",12:30,,,,,
2019-08-25,1089U,RAMALES DE LA VICTORIA,CANTABRIA,80,"20,7","0,0","17,9",21:58,"23,5",13:09,29,"0,3","3,9",08:40,,,,,
2019-08-26,1089U,RAMALES DE LA VICTORIA,CANTABRIA,80,"23,2","17,0","16,0",Varias,"30,4",14:07,10,"1,1","9,4",15:00,,,,,
2019-08-27,1089U,RAMALES DE LA VICTORIA,CANTABRIA,80,"21,0","0,0","14,8",04:59,"27,2",12:15,08,"1,1","5,6",12:20,,,,,
2019-08-28,1089U,RAMALES DE LA VICTORIA,CANTABRIA,80,"22,4","0,2","17,1",03:16,"27,7",12:14,06,"0,6","4,7",13:00,,,,,
2019-08-29,1089U,RAMALES DE LA VICTORIA,CANTABRIA,80,"23,4","0,2","18,9",Varias,"27,9",11:52,06,"1,1","4,4",13:50,,,,,
2019-08-30,1089U,RAMALES DE LA VICTORIA,CANTABRIA,80,"23,4","0,0","17,7",06:12,"29,2",12:07,10,"1,1","6,9",14:00,,,,,
2019-08-31,1089U,RAMALES DE LA VICTORIA,CANTABRIA,80,"20,8","6,8","18,2",23:36,"23,5",10:25,07,"0,3","5,6",12:50,,,,,
2019-09-01,1089U,RAMALES DE LA VICTORIA,CANTABRIA,80,"19,0","10,2","15,1",Varias,"22,9",12:41,24,"0,3","5,3",18:40,,,,,
2019-09-02,1089U,RAMALES DE LA VICTORIA,CANTABRIA,80,"17,5","0,0","11,6",23:57,"23,4",13:57,01,"0,6","5,3",16:00,,,,,
2019-09-03,1089U,RAMALES DE LA VICTORIA,CANTABRIA,80,"18,0","0,0","10,3",05:41,"25,8",13:20,06,"1,1","6,4",15:20,,,,,
2019-09-04,1089U,RAMALES DE LA VICTORIA,CANTABRIA,80,"16,6","6,0","8,8",06:08,"24,4",13:26,07,"1,4","5,6",14:50,,,,,
2019-09-05,1089U,RAMALES DE LA VICTORIA,CANTABRIA,80,,"9,7",,,,,,"0,8",,,,,,,
2019-09-06,1089U,RAMALES DE LA VICTORIA,CANTABRIA,80,"16,4","0,2","11,3",23:59,"21,5",14:12,06,"0,8","6,7",14:50,,,,,
2019-09-07,1089U,RAMALES DE LA VICTORIA,CANTABRIA,80,"16,0","1,2","8,9",Varias,"23,2",12:55,03,"1,1","5,8",16:40,,,,,
2019-09-08,1089U,RAMALES DE LA VICTORIA,CANTABRIA,80,"17,0","0,0","10,8",23:55,"23,1",Varias,04,"0,6","5,8",14:30,,,,,
2019-09-09,1089U,RAMALES DE LA VICTORIA,CANTABRIA,80,"16,0","26,0","9,4",02:41,"22,5",13:22,27,"0,6","13,9",21:00,,,,,
2019-09-10,1089U,RAMALES DE LA VICTORIA,CANTABRIA,80,"13,6","62,4","11,3",04:06,"16,0",12:30,26,"2,5","11,7",13:10,,,,,
2019-09-11,1089U,RAMALES DE LA VICTORIA,CANTABRIA,80,"16,7","0,0","12,7",23:35,"20,7",13:24,28,"0,8","7,2",15:10,,,,,
2019-09-12,1089U,RAMALES DE LA VICTORIA,CANTABRIA,80,"18,0","0,0","11,1",05:36,"24,9",12:45,06,"1,1","5,6",15:10,,,,,
2019-09-13,1089U,RAMALES DE LA VICTORIA,CANTABRIA,80,"19,2","0,0","11,3",06:09,"27,1",13:58,08,"0,8","5,0",12:20,,,,,
2019-09-14,1089U,RAMALES DE LA VICTORIA,CANTABRIA,80,"22,4","0,0","15,4",00:09,"29,5",12:58,02,"0,8","6,1",13:40,,,,,
2019-09-15,1089U,RAMALES DE LA VICTORIA,CANTABRIA,80,"21,8","2,0","14,7",02:48,"29,0",13:09,14,"0,6","5,8",08:30,,,,,
2019-09-16,1089U,RAMALES DE LA VICTORIA,CANTABRIA,80,"22,0","0,2","15,6",04:04,"28,3",12:01,06,"0,8","6,7",12:30,,,,,
2019-09-17,1089U,RAMALES DE LA VICTORIA,CANTABRIA,80,"21,8","0,0","15,6",Varias,"28,1",13:24,07,"1,1","6,1",13:00,,,,,
2019-09-18,1089U,RAMALES DE LA VICTORIA,CANTABRIA,80,"21,2","0,0","17,2",23:59,"25,1",13:44,08,"1,1","6,1",14:50,,,,,
2019-09-19,1089U,RAMALES DE LA VICTORIA,CANTABRIA,80,"20,0","0,2","13,9",03:03,"26,1",12:55,06,"0,6","6,4",13:30,,,,,
2019-09-20,1089U,RAMALES DE LA VICTORIA,CANTABRIA,80,"22,3","0,6","12,4",03:42,"32,2",14:12,15,"1,7","9,7",23:59,,,,,
2019-09-21,1089U,RAMALES DE LA VICTORIA,CANTABRIA,80,"23,1","8,6","19,1",23:59,"27,1",11:24,25,"3,6","16,7",19:30,,,,,
2019-09-22,1089U,RAMALES DE LA VICTORIA,CANTABRIA,80,"18,6","2,8","13,1",23:51,"24,1",12:11,99,"0,6","5,0",Varias,,,,,
2019-09-23,1089U,RAMALES DE LA VICTORIA,CANTABRIA,80,"18,2","1,0","12,7",06:10,"23,6",Varias,22,"0,3","11,4",23:59,,,,,
2019-09-24,1089U,RAMALES DE LA VICTORIA,CANTABRIA,80,"20,6","0,0","15,7",23:16,"25,5",02:52,22,"1,4","16,9",00:10,,,,,
2019-09-25,1089U,RAMALES DE LA VICTORIA,CANTABRIA,80,"17,2","0,0","10,9",05:50,"23,4",13:00,30,"1,1","7,5",12:10,,,,,
2019-09-26,1089U,RAMALES DE LA VICTORIA,CANTABRIA,80,"18,4","0,0","12,3",03:58,"24,5",14:00,05,"0,8","6,4",14:30,,,,,
2019-09-27,1089U,RAMALES DE LA VICTORIA,CANTABRIA,80,"18,2","0,2","10,9",06:18,"25,5",12:38,08,"0,8","5,8",15:00,,,,,
2019-09-28,1089U,RAMALES DE LA VICTORIA,CANTABRIA,80,"18,8","0,0","13,0",23:25,"24,7",14:09,07,"0,6","5,3",15:30,,,,,
2019-09-29,1089U,RAMALES DE LA VICTORIA,CANTABRIA,80,"19,2","0,0","9,5",06:53,"28,8",14:46,06,"0,3","6,4",15:10,,,,,
2019-09-30,1089U,RAMALES DE LA VICTORIA,CANTABRIA,80,"20,5","0,0","12,1",06:04,"28,9",13:44,05,"0,0","3,6",16:30,,,,,
2019-10-01,1089U,RAMALES DE LA VICTORIA,CANTABRIA,80,"19,0","5,2","13,7",02:30,"24,2",12:24,28,"1,4","8,1",13:10,,,,,
2019-10-02,1089U,RAMALES DE LA VICTORIA,CANTABRIA,80,"17,0","0,8","13,5",23:57,"20,6",12:38,26,"1,1","7,2",11:30,,,,,
2019-10-03,1089U,RAMALES DE LA VICTORIA,CANTABRIA,80,"17,4","0,2","10,5",06:43,"24,4",15:24,99,"0,8","6,1",12:40,,,,,
2019-10-04,1089U,RAMALES DE LA VICTORIA,CANTABRIA,80,"15,4","4,8","11,0",03:44,"19,7",11:45,07,"0,6","5,6",12:50,,,,,
2019-10-05,1089U,RAMALES DE LA VICTORIA,CANTABRIA,80,"17,4","0,0","12,6",23:58,"22,1",12:06,06,"0,3","4,2",14:30,,,,,
2019-10-06,1089U,RAMALES DE LA VICTORIA,CANTABRIA,80,"15,0","3,0","12,3",01:44,"17,8",11:04,26,"0,3","7,2",11:20,,,,,
2019-10-07,1089U,RAMALES DE LA VICTORIA,CANTABRIA,80,"17,8","0,0","10,9",Varias,"24,6",14:37,06,"0,3","4,7",15:10,,,,,
2019-10-08,1089U,RAMALES DE LA VICTORIA,CANTABRIA,80,"17,7","2,2","8,4",06:15,"27,0",13:19,26,"1,4","9,4",14:40,,,,,
2019-10-09,1089U,RAMALES DE LA VICTORIA,CANTABRIA,80,"15,8","0,0","11,0",22:45,"20,6",12:32,27,"0,3","8,3",15:10,,,,,
2019-10-10,1089U,RAMALES DE LA VICTORIA,CANTABRIA,80,"16,1","0,0","9,0",06:10,"23,2",13:26,07,"0,6","5,8",15:50,,,,,
2019-10-11,1089U,RAMALES DE LA VICTORIA,CANTABRIA,80,"17,8","0,0","7,5",06:09,"28,1",14:12,06,"0,3","5,3",16:30,,,,,
2019-10-12,1089U,RAMALES DE LA VICTORIA,CANTABRIA,80,"23,0","0,0","14,3",03:53,"31,6",15:12,06,"1,1","9,2",14:20,,,,,
2019-10-13,1089U,RAMALES DE LA VICTORIA,CANTABRIA,80,"20,1","0,0","12,1",23:46,"28,1",13:26,14,"1,4","13,3",06:30,,,,,
2019-10-14,1089U,RAMALES DE LA VICTORIA,CANTABRIA,80,"15,8","6,2","9,7",23:48,"22,0",13:51,28,"2,2","11,9",13:30,,,,,
2019-10-15,1089U,RAMALES DE LA VICTORIA,CANTABRIA,80,"13,4","0,0","6,8",05:47,"20,0",12:21,18,"1,1","13,3",19:40,,,,,
2019-10-16,1089U,RAMALES DE LA VICTORIA,CANTABRIA,80,"19,9","2,8","17,7",03:20,"22,1",13:14,21,"4,4","17,2",22:00,,,,,
2019-10-17,1089U,RAMALES DE LA VICTORIA,CANTABRIA,80,"20,6","0,6","15,2",23:42,"26,0",12:51,18,"0,8","15,3",00:10,,,,,
2019-10-18,1089U,RAMALES DE LA VICTORIA,CANTABRIA,80,"16,4","0,0","12,9",22:40,"20,0",11:31,28,"0,6","3,6",11:50,,,,,
2019-10-19,1089U,RAMALES DE LA VICTORIA,CANTABRIA,80,"15,6","30,4","12,4",Varias,"18,8",02:00,23,"1,1","23,9",04:40,,,,,
2019-10-20,1089U,RAMALES DE LA VICTORIA,CANTABRIA,80,"10,6","8,0","8,0",23:58,"13,2",12:56,28,"0,6","6,4",06:00,,,,,
2019-10-21,1089U,RAMALES DE LA VICTORIA,CANTABRIA,80,"12,0","0,2","6,1",Varias,"17,8",11:44,03,"0,8","4,2",12:50,,,,,
2019-10-22,1089U,RAMALES DE LA VICTORIA,CANTABRIA,80,"9,0","20,4","5,8",05:33,"12,3",Varias,99,"0,6","5,3",Varias,,,,,
2019-10-23,1089U,RAMALES DE LA VICTORIA,CANTABRIA,80,"13,8","22,0","10,2",23:54,"17,5",11:09,32,"2,5","12,5",19:20,,,,,
2019-10-24,1089U,RAMALES DE LA VICTORIA,CANTABRIA,80,"14,4","2,0","9,9",05:55,"18,9",13:46,16,"0,6","5,3",00:20,,,,,
2019-10-25,1089U,RAMALES DE LA VICTORIA,CANTABRIA,80,"15,8","0,0","8,3",23:59,"23,3",14:07,07,"0,3","5,0",16:00,,,,,
2019-10-26,1089U,RAMALES DE LA VICTORIA,CANTABRIA,80,"15,5","0,2","6,0",06:39,"25,0",14:00,20,"0,8","5,0",15:30,,,,,
2019-10-27,1089U,RAMALES DE LA VICTORIA,CANTABRIA,80,"14,6","0,0","7,8",03:00,"21,5",12:13,11,"0,6","2,5",08:50,,,,,
2019-10-28,1089U,RAMALES DE LA VICTORIA,CANTABRIA,80,"17,9","0,2","11,7",Varias,"24,1",13:59,07,"0,3","3,9",13:40,,,,,
2019-10-29,1089U,RAMALES DE LA VICTORIA,CANTABRIA,80,"16,1","0,0","9,6",06:34,"22,6",13:30,10,"0,3","5,3",14:30,,,,,
2019-10-30,1089U,RAMALES DE LA VICTORIA,CANTABRIA,80,"15,3","1,2","8,9",06:44,"21,7",15:01,13,"0,3","6,1",14:40,,,,,
2019-10-31,1089U,RAMALES DE LA VICTORIA,CANTABRIA,80,"18,2","1,4","14,8",23:59,"21,7",14:27,08,"0,6","4,4",13:20,,,,,
2019-11-01,1089U,RAMALES DE LA VICTORIA,CANTABRIA,80,"17,5","8,8","14,2",00:55,"20,8",12:37,10,"0,3","7,5",15:50,,,,,
2019-11-02,1089U,RAMALES DE LA VICTORIA,CANTABRIA,80,"15,7","15,2","13,5",20:40,"17,9",Varias,28,"0,3","12,2",23:10,,,,,
2019-11-03,1089U,RAMALES DE LA VICTORIA,CANTABRIA,80,"15,6","2,0","12,5",03:50,"18,6",01:49,28,"3,3","17,2",04:00,,,,,
2019-11-04,1089U,RAMALES DE LA VICTORIA,CANTABRIA,80,"12,9","23,2","7,5",23:43,"18,3",05:35,17,"0,6","14,2",05:30,,,,,
2019-11-05,1089U,RAMALES DE LA VICTORIA,CANTABRIA,80,"11,0","40,4","7,1",01:12,"15,0",12:56,20,"1,9","15,6",08:20,,,,,
2019-11-06,1089U,RAMALES DE LA VICTORIA,CANTABRIA,80,,"12,0",,,,,30,"0,3","4,7",01:20,,,,,
2019-11-07,1089U,RAMALES DE LA VICTORIA,CANTABRIA,80,"9,2","6,4","5,6",21:09,"12,7",12:24,25,"1,7","8,9",03:20,,,,,
2019-11-08,1089U,RAMALES DE LA VICTORIA,CANTABRIA,80,"8,8","49,0","6,9",01:06,"10,6",09:19,26,"1,9","13,1",10:40,,,,,
2019-11-09,1089U,RAMALES DE LA VICTORIA,CANTABRIA,80,"10,5","38,2","7,2",23:51,"13,8",14:17,26,"1,9","11,7",15:30,,,,,
2019-11-10,1089U,RAMALES DE LA VICTORIA,CANTABRIA,80,"9,0","23,8","6,3",07:29,"11,6",13:24,35,"1,1","9,4",11:30,,,,,
2019-11-11,1089U,RAMALES DE LA VICTORIA,CANTABRIA,80,"10,4","17,8","7,7",Varias,"13,0",10:20,27,"0,8","10,8",10:30,,,,,
2019-11-12,1089U,RAMALES DE LA VICTORIA,CANTABRIA,80,"10,8","28,6","8,0",01:56,"13,7",13:49,16,"0,6","4,7",Varias,,,,,
2019-11-13,1089U,RAMALES DE LA VICTORIA,CANTABRIA,80,"10,0","26,4","7,6",21:49,"12,5",12:26,28,"0,6","7,5",22:30,,,,,
2019-11-14,1089U,RAMALES DE LA VICTORIA,CANTABRIA,80,"7,9","22,8","1,9",23:21,"13,9",12:52,24,"0,8","8,3",05:30,,,,,
2019-11-15,1089U,RAMALES DE LA VICTORIA,CANTABRIA,80,"5,2","27,2","1,9",23:56,"8,4",09:09,27,"1,4","8,3",09:10,,,,,
2019-11-16,1089U,RAMALES DE LA VICTORIA,CANTABRIA,80,"6,6","12,6","1,3",01:44,"11,9",12:59,24,"1,4","11,4",12:20,,,,,
2019-11-17,1089U,RAMALES DE LA VICTORIA,CANTABRIA,80,"10,2","23,8","6,6",00:01,"13,7",12:08,31,"1,1","8,6",18:40,,,,,
2019-11-18,1089U,RAMALES DE LA VICTORIA,CANTABRIA,80,"9,0","2,8","6,6",23:09,"11,3",13:35,04,"0,8","4,7",10:20,,,,,
2019-11-19,1089U,RAMALES DE LA VICTORIA,CANTABRIA,80,"7,9","0,0","2,9",23:35,"12,9",13:04,28,"0,3","2,5",Varias,,,,,
2019-11-20,1089U,RAMALES DE LA VICTORIA,CANTABRIA,80,"7,9","0,0","1,8",05:00,"14,0",11:14,16,"1,9","13,6",19:10,,,,,
2019-11-21,1089U,RAMALES DE LA VICTORIA,CANTABRIA,80,"10,6","0,0","4,1",20:16,"17,2",13:12,27,"1,1","18,3",01:00,,,,,
2019-11-22,1089U,RAMALES DE LA VICTORIA,CANTABRIA,80,"14,9","27,0","12,1",00:06,"17,7",16:03,13,"1,9","19,4",11:00,,,,,
2019-11-23,1089U,RAMALES DE LA VICTORIA,CANTABRIA,80,"11,8","17,0","8,5",23:57,"15,0",00:30,24,"2,5","20,3",07:20,,,,,
2019-11-24,1089U,RAMALES DE LA VICTORIA,CANTABRIA,80,"12,0","0,8","8,4",00:06,"15,5",23:59,18,"1,4","11,7",23:50,,,,,
2019-11-25,1089U,RAMALES DE LA VICTORIA,CANTABRIA,80,"13,5","0,0","9,0",21:44,"18,0",11:54,15,"0,8","10,8",03:10,,,,,
2019-11-26,1089U,RAMALES DE LA VICTORIA,CANTABRIA,80,"15,4","1,0","9,2",00:01,"21,6",17:15,26,"5,6","20,3",17:30,,,,,
2019-11-27,1089U,RAMALES DE LA VICTORIA,CANTABRIA,80,"11,6","1,6","6,8",07:50,"16,5",13:58,19,"0,6","7,2",13:50,,,,,
2019-11-28,1089U,RAMALES DE LA VICTORIA,CANTABRIA,80,"9,6","8,2","7,0",03:59,"12,2",14:04,10,"0,6","5,6",17:20,,,,,
2019-11-29,1089U,RAMALES DE LA VICTORIA,CANTABRIA,80,"12,1","0,2","7,0",23:47,"17,2",11:33,20,"0,3","2,5",23:20,,,,,
2019-11-30,1089U,RAMALES DE LA VICTORIA,CANTABRIA,80,"13,0","11,4","6,9",01:08,"19,2",06:27,17,"1,9","16,4",07:10,,,,,
2019-12-01,1089U,RAMALES DE LA VICTORIA,CANTABRIA,80,"9,8","20,0","5,3",05:41,"14,3",12:42,12,"0,8","4,4",17:20,,,,,
2019-12-02,1089U,RAMALES DE LA VICTORIA,CANTABRIA,80,"9,0","2,6","7,4",Varias,"10,5",10:24,05,"0,8","6,1",12:40,,,,,
2019-12-03,1089U,RAMALES DE LA VICTORIA,CANTABRIA,80,"5,8","0,0","1,5",Varias,"10,0",12:57,04,"0,3","4,2",13:10,,,,,
2019-12-04,1089U,RAMALES DE LA VICTORIA,CANTABRIA,80,"5,5","0,4","-0,4",Varias,"11,4",13:17,24,"0,6","5,3",15:50,,,,,
2019-12-05,1089U,RAMALES DE LA VICTORIA,CANTABRIA,80,"8,5","0,2","5,5",23:52,"11,5",14:41,29,"0,0","3,9",00:10,,,,,
2019-12-06,1089U,RAMALES DE LA VICTORIA,CANTABRIA,80,,"0,0",,,,,,"0,0",,,,,,,
2019-12-07,1089U,RAMALES DE LA VICTORIA,CANTABRIA,80,"8,3","0,0","3,2",07:36,"13,4",14:07,10,"0,0","2,2",11:00,,,,,
2019-12-08,1089U,RAMALES DE LA VICTORIA,CANTABRIA,80,"8,6","4,4","4,0",04:29,"13,1",15:05,26,"0,6","10,8",15:10,,,,,
2019-12-09,1089U,RAMALES DE LA VICTORIA,CANTABRIA,80,"8,6","2,8","4,0",01:43,"13,1",13:33,30,"1,1","11,7",12:50,,,,,
2019-12-10,1089U,RAMALES DE LA VICTORIA,CANTABRIA,80,"8,5","5,2","4,2",08:09,"12,8",13:07,27,"0,0","2,2",23:00,,,,,
2019-12-11,1089U,RAMALES DE LA VICTORIA,CANTABRIA,80,"9,4","14,2","6,2",02:58,"12,7",12:46,26,"2,5","13,9",07:30,,,,,
2019-12-12,1089U,RAMALES DE LA VICTORIA,CANTABRIA,80,"11,2","40,2","7,7",06:55,"14,7",23:42,28,"2,8","12,2",20:50,,,,,
2019-12-13,1089U,RAMALES DE LA VICTORIA,CANTABRIA,80,"14,2","0,0","9,6",23:59,"18,9",13:10,30,"3,6","16,9",10:00,,,,,
2019-12-14,1089U,RAMALES DE LA VICTORIA,CANTABRIA,80,"12,0","0,0","6,9",03:28,"17,0",Varias,18,"2,8","18,1",20:10,,,,,
2019-12-15,1089U,RAMALES DE LA VICTORIA,CANTABRIA,80,"15,8","0,0","14,0",22:30,"17,5",12:32,25,"2,5","21,1",03:10,,,,,
2019-12-16,1089U,RAMALES DE LA VICTORIA,CANTABRIA,80,"14,9","1,0","11,9",23:53,"17,9",11:53,06,"3,3","9,7",18:00,,,,,
2019-12-17,1089U,RAMALES DE LA VICTORIA,CANTABRIA,80,"8,8","9,8","5,6",23:51,"11,9",00:01,30,"0,6","8,3",01:10,,,,,
2019-12-18,1089U,RAMALES DE LA VICTORIA,CANTABRIA,80,"12,0","1,2","5,8",00:01,"18,1",21:42,27,"5,3","22,2",15:30,,,,,
2019-12-19,1089U,RAMALES DE LA VICTORIA,CANTABRIA,80,"16,4","11,4","14,2",07:36,"18,7",16:09,12,"3,9","27,8",12:20,,,,,
2019-12-20,1089U,RAMALES DE LA VICTORIA,CANTABRIA,80,"12,1","4,8","7,2",23:46,"17,0",00:01,29,"1,4","12,8",02:10,,,,,
2019-12-21,1089U,RAMALES DE LA VICTORIA,CANTABRIA,80,"13,2","6,2","4,5",03:20,"21,9",12:20,30,"3,1","21,1",10:40,,,,,
2019-12-22,1089U,RAMALES DE LA VICTORIA,CANTABRIA,80,"11,8","2,2","6,1",08:42,"17,5",12:31,30,"1,9","13,9",01:00,,,,,
2019-12-23,1089U,RAMALES DE LA VICTORIA,CANTABRIA,80,"10,3","0,0","5,2",03:36,"15,4",12:59,18,"0,3","2,5",01:20,,,,,
2019-12-24,1089U,RAMALES DE LA VICTORIA,CANTABRIA,80,"10,5","0,0","5,1",07:49,"15,9",12:47,26,"0,3","2,5",11:50,,,,,
2019-12-25,1089U,RAMALES DE LA VICTORIA,CANTABRIA,80,"11,8","0,0","3,7",07:36,"19,8",13:12,99,"0,8","5,8",12:50,,,,,
2019-12-26,1089U,RAMALES DE LA VICTORIA,CANTABRIA,80,"8,8","0,0","2,2",23:49,"15,5",02:30,33,"0,3","7,5",02:10,,,,,
2019-12-27,1089U,RAMALES DE LA VICTORIA,CANTABRIA,80,"4,5","0,0","-0,2",22:51,"9,2",13:13,26,"0,6","1,7",23:30,,,,,
2019-12-28,1089U,RAMALES DE LA VICTORIA,CANTABRIA,80,"5,1","0,0","-1,5",07:45,"11,7",13:23,20,"0,0","1,7",13:50,,,,,
2019-12-29,1089U,RAMALES DE LA VICTORIA,CANTABRIA,80,"4,2","0,0","-1,2",08:12,"9,7",13:02,22,"0,0","1,4",13:20,,,,,
2019-12-30,1089U,RAMALES DE LA VICTORIA,CANTABRIA,80,"4,4","0,0","-1,7",Varias,"10,4",13:11,25,"0,3","1,4",13:10,,,,,
2019-12-31,1089U,RAMALES DE LA VICTORIA,CANTABRIA,80,"4,4","0,0","-2,3",06:00,"11,2",13:14,99,"0,0","1,7",13:50,,,,,
2020-01-01,1089U,RAMALES DE LA VICTORIA,CANTABRIA,80,"6,3","0,0","1,3",21:30,"11,3",13:08,99,"0,3","1,4",Varias,,,,,
2020-01-02,1089U,RAMALES DE LA VICTORIA,CANTABRIA,80,"4,6","0,0","-0,7",06:20,"9,9",14:49,28,"0,0","1,4",18:40,,,,,
2020-01-03,1089U,RAMALES DE LA VICTORIA,CANTABRIA,80,"6,6","4,8","3,3",03:38,"9,9",14:24,10,"0,3","2,8",07:50,,,,,
2020-01-04,1089U,RAMALES DE LA VICTORIA,CANTABRIA,80,"8,9","1,4","6,7",Varias,"11,1",14:25,06,"0,3","3,9",13:20,,,,,
2020-01-05,1089U,RAMALES DE LA VICTORIA,CANTABRIA,80,"5,8","0,0","0,5",23:49,"11,1",13:26,14,"0,3","5,6",05:20,,,,,
2020-01-06,1089U,RAMALES DE LA VICTORIA,CANTABRIA,80,"3,8","0,0","-2,2",Varias,"9,9",16:02,24,"0,3","3,9",17:20,,,,,
2020-01-07,1089U,RAMALES DE LA VICTORIA,CANTABRIA,80,,"0,0",,,,,,"0,3",,,,,,,
2020-01-08,1089U,RAMALES DE LA VICTORIA,CANTABRIA,80,"7,6","0,0","1,9",06:18,"13,2",13:26,22,"0,0","1,7",14:10,,,,,
2020-01-09,1089U,RAMALES DE LA VICTORIA,CANTABRIA,80,"10,4","2,8","2,3",08:02,"18,5",13:45,30,"1,9","15,0",15:00,,,,,
2020-01-10,1089U,RAMALES DE LA VICTORIA,CANTABRIA,80,"7,6","6,0","5,2",23:55,"10,0",02:07,29,"1,4","7,5",02:20,,,,,
2020-01-11,1089U,RAMALES DE LA VICTORIA,CANTABRIA,80,"5,7","0,0","1,1",23:38,"10,3",13:13,36,"0,6","1,9",04:40,,,,,
2020-01-12,1089U,RAMALES DE LA VICTORIA,CANTABRIA,80,"4,6","0,0","-1,4",Varias,"10,7",12:58,27,"0,3","1,7",05:30,,,,,
2020-01-13,1089U,RAMALES DE LA VICTORIA,CANTABRIA,80,"7,5","0,0","-0,5",Varias,"15,5",14:29,16,"1,4","15,0",23:20,,,,,
2020-01-14,1089U,RAMALES DE LA VICTORIA,CANTABRIA,80,"13,8","0,0","11,3",05:55,"16,2",14:08,20,"4,2","20,8",13:10,,,,,
2020-01-15,1089U,RAMALES DE LA VICTORIA,CANTABRIA,80,"12,0","0,0","6,3",20:31,"17,6",13:12,15,"2,2","20,8",06:10,,,,,
2020-01-16,1089U,RAMALES DE LA VICTORIA,CANTABRIA,80,"16,6","1,4","14,5",22:41,"18,8",15:11,28,"4,2","23,1",06:20,,,,,
2020-01-17,1089U,RAMALES DE LA VICTORIA,CANTABRIA,80,"10,3","5,2","4,7",23:52,"15,9",00:02,24,"0,8","14,7",00:10,,,,,
2020-01-18,1089U,RAMALES DE LA VICTORIA,CANTABRIA,80,"10,8","22,0","4,7",00:01,"16,8",13:24,33,"2,5","20,6",15:50,,,,,
2020-01-19,1089U,RAMALES DE LA VICTORIA,CANTABRIA,80,"8,4","0,0","7,2",Varias,"9,5",13:32,36,"2,2","8,9",02:50,,,,,
2020-01-20,1089U,RAMALES DE LA VICTORIA,CANTABRIA,80,"5,6","0,0","3,9",23:54,"7,4",00:26,34,"0,8","6,7",00:30,,,,,
2020-01-21,1089U,RAMALES DE LA VICTORIA,CANTABRIA,80,"3,8","0,6","1,5",04:32,"6,1",15:12,24,"0,3","2,8",14:10,,,,,
2020-01-22,1089U,RAMALES DE LA VICTORIA,CANTABRIA,80,"7,4","0,2","5,3",23:06,"9,4",Varias,08,"0,0","3,6",20:00,,,,,
2020-01-23,1089U,RAMALES DE LA VICTORIA,CANTABRIA,80,"7,4","0,0","3,2",07:49,"11,6",23:55,17,"0,0","8,9",23:50,,,,,
2020-01-24,1089U,RAMALES DE LA VICTORIA,CANTABRIA,80,"9,8","0,0","4,5",23:42,"15,1",13:41,14,"1,1","11,9",00:40,,,,,
2020-01-25,1089U,RAMALES DE LA VICTORIA,CANTABRIA,80,"8,7","0,6","3,0",07:18,"14,4",14:49,11,"0,6","3,6",14:00,,,,,
2020-01-26,1089U,RAMALES DE LA VICTORIA,CANTABRIA,80,"7,4","0,0","0,8",08:08,"14,1",13:44,09,"0,6","5,3",16:30,,,,,
2020-01-27,1089U,RAMALES DE LA VICTORIA,CANTABRIA,80,"11,2","1,2","5,1",00:34,"17,2",18:04,21,"5,0","19,7",08:00,,,,,
2020-01-28,1089U,RAMALES DE LA VICTORIA,CANTABRIA,80,"9,6","0,4","3,7",22:14,"15,5",14:09,28,"0,6","9,2",02:00,,,,,
2020-01-29,1089U,RAMALES DE LA VICTORIA,CANTABRIA,80,"11,8","1,6","5,5",00:01,"18,0",14:24,11,"0,8","10,6",23:50,,,,,
2020-01-30,1089U,RAMALES DE LA VICTORIA,CANTABRIA,80,"14,4","0,2","9,3",23:53,"19,4",11:43,99,"2,5","16,1",03:50,,,,,
2020-01-31,1089U,RAMALES DE LA VICTORIA,CANTABRIA,80,"13,1","1,0","5,2",07:57,"21,0",14:18,23,"2,5","14,7",22:30,,,,,
2020-02-01,1089U,RAMALES DE LA VICTORIA,CANTABRIA,80,"15,8","0,0","10,5",08:14,"21,2",13:05,19,"0,6","10,6",00:10,,,,,
2020-02-02,1089U,RAMALES DE LA VICTORIA,CANTABRIA,80,"17,0","0,0","9,7",07:14,"24,3",14:59,20,"1,7","12,8",12:00,,,,,
2020-02-03,1089U,RAMALES DE LA VICTORIA,CANTABRIA,80,"15,8","0,0","5,7",07:31,"25,9",13:56,20,"0,6","8,6",15:30,,,,,
2020-02-04,1089U,RAMALES DE LA VICTORIA,CANTABRIA,80,"9,9","3,2","6,8",23:39,"13,0",06:12,12,"0,8","5,3",14:10,,,,,
2020-02-05,1089U,RAMALES DE LA VICTORIA,CANTABRIA,80,"7,2","0,0","1,3",23:59,"13,1",13:34,08,"0,8","6,1",14:30,,,,,
2020-02-06,1089U,RAMALES DE LA VICTORIA,CANTABRIA,80,"8,1","0,0","-0,7",06:47,"16,9",14:37,32,"0,6","2,5",13:20,,,,,
2020-02-07,1089U,RAMALES DE LA VICTORIA,CANTABRIA,80,"10,6","0,0","2,6",03:09,"18,7",15:26,08,"0,6","4,4",14:40,,,,,
2020-02-08,1089U,RAMALES DE LA VICTORIA,CANTABRIA,80,"8,2","3,0","3,3",04:05,"13,1",14:14,27,"0,3","8,9",09:50,,,,,
2020-02-09,1089U,RAMALES DE LA VICTORIA,CANTABRIA,80,"11,4","0,0","3,3",05:13,"19,4",21:56,16,"2,2","15,8",21:20,,,,,
2020-02-10,1089U,RAMALES DE LA VICTORIA,CANTABRIA,80,"13,1","0,4","6,1",07:33,"20,1",13:36,16,"0,6","6,9",00:20,,,,,
2020-02-11,1089U,RAMALES DE LA VICTORIA,CANTABRIA,80,"11,1","3,2","9,4",Varias,"12,8",11:40,28,"0,6","4,4",13:20,,,,,
2020-02-12,1089U,RAMALES DE LA VICTORIA,CANTABRIA,80,"10,9","0,2","5,9",23:58,"15,9",13:58,26,"0,3","3,9",14:30,,,,,
2020-02-13,1089U,RAMALES DE LA VICTORIA,CANTABRIA,80,"11,2","0,0","4,7",07:17,"17,6",13:26,30,"1,4","7,5",17:20,,,,,
2020-02-14,1089U,RAMALES DE LA VICTORIA,CANTABRIA,80,"12,2","0,0","5,0",23:48,"19,3",14:15,08,"0,3","4,7",15:00,,,,,
2020-02-15,1089U,RAMALES DE LA VICTORIA,CANTABRIA,80,"11,6","0,0","2,8",Varias,"20,5",16:11,17,"2,8","19,4",21:50,,,,,
2020-02-16,1089U,RAMALES DE LA VICTORIA,CANTABRIA,80,"20,0","1,4","18,0",00:45,"22,0",12:46,25,"6,9","23,3",10:50,,,,,
2020-02-17,1089U,RAMALES DE LA VICTORIA,CANTABRIA,80,,"5,0",,,,,21,"1,7","10,8",00:10,,,,,
2020-02-18,1089U,RAMALES DE LA VICTORIA,CANTABRIA,80,"8,6","0,6","3,6",23:54,"13,6",12:40,25,"0,8","6,4",14:30,,,,,
2020-02-19,1089U,RAMALES DE LA VICTORIA,CANTABRIA,80,"9,1","0,0","1,1",05:05,"17,1",14:38,09,"0,8","4,2",12:30,,,,,
2020-02-20,1089U,RAMALES DE LA VICTORIA,CANTABRIA,80,"8,4","0,2","-0,1",07:16,"16,8",13:19,28,"1,1","6,9",14:10,,,,,
2020-02-21,1089U,RAMALES DE LA VICTORIA,CANTABRIA,80,"11,2","0,0","4,1",23:51,"18,4",14:18,08,"0,6","6,4",16:30,,,,,
2020-02-22,1089U,RAMALES DE LA VICTORIA,CANTABRIA,80,"11,2","0,0","2,9",Varias,"19,6",13:03,04,"0,6","7,5",14:10,,,,,
2020-02-23,1089U,RAMALES DE LA VICTORIA,CANTABRIA,80,"12,2","0,0","4,2",07:40,"20,1",13:23,08,"1,1","7,8",15:10,,,,,
2020-02-24,1089U,RAMALES DE LA VICTORIA,CANTABRIA,80,"10,8","0,0","3,7",07:18,"17,9",15:18,08,"1,7","7,2",11:50,,,,,
2020-02-25,1089U,RAMALES DE LA VICTORIA,CANTABRIA,80,"11,6","8,2","8,9",Varias,"14,3",13:06,32,"1,1","10,3",16:50,,,,,
2020-02-26,1089U,RAMALES DE LA VICTORIA,CANTABRIA,80,"9,4","4,0","7,2",23:05,"11,5",15:02,27,"1,9","8,6",15:10,,,,,
2020-02-27,1089U,RAMALES DE LA VICTORIA,CANTABRIA,80,"11,0","4,0","4,9",05:37,"17,1",10:58,26,"1,4","10,3",16:00,,,,,
2020-02-28,1089U,RAMALES DE LA VICTORIA,CANTABRIA,80,"12,9","0,0","5,7",05:01,"20,1",14:09,14,"0,8","8,9",23:50,,,,,
2020-02-29,1089U,RAMALES DE LA VICTORIA,CANTABRIA,80,"12,6","0,0","6,9",23:57,"18,4",01:20,27,"1,9","21,9",04:00,,,,,
2020-03-01,1089U,RAMALES DE LA VICTORIA,CANTABRIA,80,"12,5","21,6","5,9",03:07,"19,1",10:40,30,"2,5","21,1",23:10,,,,,
2020-03-02,1089U,RAMALES DE LA VICTORIA,CANTABRIA,80,"10,8","17,8","3,9",23:29,"17,7",00:48,26,"2,5","17,5",00:10,,,,,
2020-03-03,1089U,RAMALES DE LA VICTORIA,CANTABRIA,80,"12,2","6,6","4,2",00:01,"20,1",10:26,28,"2,8","19,2",14:10,,,,,
2020-03-04,1089U,RAMALES DE LA VICTORIA,CANTABRIA,80,"14,9","2,2","9,5",06:27,"20,3",14:09,17,"0,8","7,5",23:40,,,,,
2020-03-05,1089U,RAMALES DE LA VICTORIA,CANTABRIA,80,"11,9","23,2","4,8",23:54,"19,0",04:31,32,"3,6","21,7",04:30,,,,,
2020-03-06,1089U,RAMALES DE LA VICTORIA,CANTABRIA,80,"7,6","21,8","4,7",00:06,"10,5",11:04,27,"1,4","14,4",14:30,,,,,
2020-03-07,1089U,RAMALES DE LA VICTORIA,CANTABRIA,80,"9,2","2,0","3,5",23:08,"14,8",15:47,29,"0,8","7,2",00:30,,,,,
2020-03-08,1089U,RAMALES DE LA VICTORIA,CANTABRIA,80,"11,0","7,0","2,3",03:58,"19,6",14:31,26,"1,7","9,7",16:20,,,,,
2020-03-09,1089U,RAMALES DE LA VICTORIA,CANTABRIA,80,"10,1","0,6","5,8",23:53,"14,4",13:57,26,"1,7","10,3",10:20,,,,,
2020-03-10,1089U,RAMALES DE LA VICTORIA,CANTABRIA,80,,"0,0",,,,,,"0,6",,,,,,,
2020-03-11,1089U,RAMALES DE LA VICTORIA,CANTABRIA,80,"12,6","0,0","4,8",06:43,"20,5",13:09,09,"1,7","6,1",15:40,,,,,
2020-03-12,1089U,RAMALES DE LA VICTORIA,CANTABRIA,80,"11,4","5,0","8,2",00:01,"14,7",12:48,08,"0,6","5,0",17:00,,,,,
2020-03-13,1089U,RAMALES DE LA VICTORIA,CANTABRIA,80,"8,3","0,0","2,7",23:32,"13,9",13:40,03,"0,8","4,4",16:50,,,,,
2020-03-14,1089U,RAMALES DE LA VICTORIA,CANTABRIA,80,"9,5","0,0","2,0",06:46,"17,0",14:56,06,"0,8","6,7",15:20,,,,,
2020-03-15,1089U,RAMALES DE LA VICTORIA,CANTABRIA,80,"9,2","20,0","1,6",06:37,"16,7",11:17,28,"1,4","6,9",12:40,,,,,
2020-03-16,1089U,RAMALES DE LA VICTORIA,CANTABRIA,80,"8,0","22,2","6,3",04:10,"9,8",13:03,27,"1,9","8,6",09:10,,,,,
2020-03-17,1089U,RAMALES DE LA VICTORIA,CANTABRIA,80,"10,4","0,2","7,1",23:58,"13,7",15:20,06,"0,8","3,9",18:00,,,,,
2020-03-18,1089U,RAMALES DE LA VICTORIA,CANTABRIA,80,"11,6","0,0","5,2",06:18,"17,9",14:50,08,"1,1","4,4",15:40,,,,,
2020-03-19,1089U,RAMALES DE LA VICTORIA,CANTABRIA,80,"16,8","0,0","9,7",06:30,"23,9",14:12,12,"1,1","6,7",13:20,,,,,
2020-03-20,1089U,RAMALES DE LA VICTORIA,CANTABRIA,80,"14,4","0,0","8,3",03:21,"20,4",13:54,11,"1,4","9,7",11:30,,,,,
2020-03-21,1089U,RAMALES DE LA VICTORIA,CANTABRIA,80,"15,4","0,0","8,0",23:11,"22,7",14:37,99,"1,7","7,5",Varias,,,,,
2020-03-22,1089U,RAMALES DE LA VICTORIA,CANTABRIA,80,"13,8","0,0","8,7",00:01,"19,0",13:47,29,"1,1","7,2",16:50,,,,,
2020-03-23,1089U,RAMALES DE LA VICTORIA,CANTABRIA,80,"13,6","0,0","8,5",23:48,"18,7",14:17,06,"1,1","5,8",15:40,,,,,
2020-03-24,1089U,RAMALES DE LA VICTORIA,CANTABRIA,80,"13,4","0,0","5,4",04:12,"21,5",13:46,05,"0,8","6,7",14:50,,,,,
2020-03-25,1089U,RAMALES DE LA VICTORIA,CANTABRIA,80,"10,7","0,0","3,2",06:05,"18,2",13:47,28,"1,9","8,9",14:10,,,,,
2020-03-26,1089U,RAMALES DE LA VICTORIA,CANTABRIA,80,"8,2","0,0","3,7",21:33,"12,8",14:46,26,"1,4","9,2",11:50,,,,,
2020-03-27,1089U,RAMALES DE LA VICTORIA,CANTABRIA,80,"7,9","0,0","-0,4",06:17,"16,2",13:25,99,"1,1","7,2",Varias,,,,,
2020-03-28,1089U,RAMALES DE LA VICTORIA,CANTABRIA,80,"9,4","0,0","0,3",05:52,"18,6",12:59,09,"0,8","6,4",14:20,,,,,
2020-03-29,1089U,RAMALES DE LA VICTORIA,CANTABRIA,80,"8,6","11,2","1,1",Varias,"16,2",12:33,05,"1,1","7,5",13:30,,,,,
2020-03-30,1089U,RAMALES DE LA VICTORIA,CANTABRIA,80,"4,2","10,6","2,3",08:55,"6,0",15:37,33,"1,1","7,2",08:40,,,,,
2020-03-31,1089U,RAMALES DE LA VICTORIA,CANTABRIA,80,"5,6","0,6","1,1",03:52,"10,1",17:16,04,"1,4","5,8",16:10,,,,,
2020-04-01,1089U,RAMALES DE LA VICTORIA,CANTABRIA,80,"12,8","0,0","8,2",00:12,"17,4",14:54,12,"1,1","7,2",11:10,,,,,
2020-04-02,1089U,RAMALES DE LA VICTORIA,CANTABRIA,80,"11,4","0,4","7,3",Varias,"15,6",14:45,33,"0,8","6,4",14:40,,,,,
2020-04-03,1089U,RAMALES DE LA VICTORIA,CANTABRIA,80,"10,4","0,0","3,5",23:57,"17,3",14:41,08,"1,7","5,6",12:50,,,,,
2020-04-04,1089U,RAMALES DE LA VICTORIA,CANTABRIA,80,"13,0","0,0","1,0",05:45,"25,0",15:52,10,"1,9","11,1",11:30,,,,,
2020-04-05,1089U,RAMALES DE LA VICTORIA,CANTABRIA,80,"20,8","2,8","16,3",05:04,"25,2",15:49,26,"2,5","18,1",10:30,,,,,
2020-04-06,1089U,RAMALES DE LA VICTORIA,CANTABRIA,80,"14,8","14,4","10,6",23:45,"19,1",00:01,27,"0,6","6,1",00:10,,,,,
2020-04-07,1089U,RAMALES DE LA VICTORIA,CANTABRIA,80,"16,8","6,8","10,1",Varias,"23,5",12:33,08,"1,4","7,2",10:50,,,,,
2020-04-08,1089U,RAMALES DE LA VICTORIA,CANTABRIA,80,"17,0","0,0","10,6",22:55,"23,4",13:18,07,"0,8","6,4",14:50,,,,,
2020-04-09,1089U,RAMALES DE LA VICTORIA,CANTABRIA,80,"18,3","0,0","9,4",06:02,"27,2",13:53,12,"0,8","7,2",12:10,,,,,
2020-04-10,1089U,RAMALES DE LA VICTORIA,CANTABRIA,80,"16,1","8,6","11,5",05:33,"20,7",11:24,99,"0,6","3,6",13:30,,,,,
2020-04-11,1089U,RAMALES DE LA VICTORIA,CANTABRIA,80,"15,6","11,8","13,6",23:54,"17,7",13:15,25,"0,8","4,7",12:20,,,,,
2020-04-12,1089U,RAMALES DE LA VICTORIA,CANTABRIA,80,"17,6","13,2","13,2",22:30,"22,0",13:03,99,"1,1","5,3",Varias,,,,,
2020-04-13,1089U,RAMALES DE LA VICTORIA,CANTABRIA,80,"14,8","0,2","8,8",23:49,"20,7",15:24,06,"1,9","6,7",13:20,,,,,
2020-04-14,1089U,RAMALES DE LA VICTORIA,CANTABRIA,80,"14,2","0,0","7,9",01:11,"20,4",14:51,02,"1,1","6,4",16:30,,,,,
2020-04-15,1089U,RAMALES DE LA VICTORIA,CANTABRIA,80,"17,4","0,0","10,7",01:42,"24,2",12:04,18,"2,2","10,3",13:40,,,,,
2020-04-16,1089U,RAMALES DE LA VICTORIA,CANTABRIA,80,"16,2","0,4","10,3",23:30,"22,0",13:27,10,"1,9","10,0",09:50,,,,,
2020-04-17,1089U,RAMALES DE LA VICTORIA,CANTABRIA,80,"16,6","1,8","9,6",Varias,"23,6",12:38,28,"2,2","10,8",15:20,,,,,
2020-04-18,1089U,RAMALES DE LA VICTORIA,CANTABRIA,80,"14,7","1,2","7,0",05:33,"22,4",09:58,07,"1,4","6,4",12:40,,,,,
2020-04-19,1089U,RAMALES DE LA VICTORIA,CANTABRIA,80,"13,6","0,0","11,8",21:08,"15,4",11:50,29,"1,1","5,0",11:20,,,,,
2020-04-20,1089U,RAMALES DE LA VICTORIA,CANTABRIA,80,"15,6","0,0","10,3",05:38,"20,9",14:03,07,"0,8","6,7",14:20,,,,,
2020-04-21,1089U,RAMALES DE LA VICTORIA,CANTABRIA,80,"13,0","3,0","10,8",03:50,"15,2",11:05,30,"1,1","6,1",12:30,,,,,
2020-04-22,1089U,RAMALES DE LA VICTORIA,CANTABRIA,80,"14,6","0,0","10,4",23:56,"18,8",12:04,33,"1,1","7,8",12:40,,,,,
2020-04-23,1089U,RAMALES DE LA VICTORIA,CANTABRIA,80,"15,2","0,0","7,4",04:52,"23,0",12:48,08,"0,8","5,6",15:00,,,,,
2020-04-24,1089U,RAMALES DE LA VICTORIA,CANTABRIA,80,"16,8","0,2","11,2",05:47,"22,5",10:31,07,"0,3","5,3",17:10,,,,,
2020-04-25,1089U,RAMALES DE LA VICTORIA,CANTABRIA,80,"16,9","0,0","14,2",Varias,"19,6",12:18,25,"1,1","4,2",15:20,,,,,
2020-04-26,1089U,RAMALES DE LA VICTORIA,CANTABRIA,80,"17,4","13,0","13,7",23:32,"21,1",12:30,09,"0,8","4,4",15:10,,,,,
2020-04-27,1089U,RAMALES DE LA VICTORIA,CANTABRIA,80,"14,2","4,4","10,7",23:55,"17,6",12:01,28,"0,6","5,0",12:30,,,,,
2020-04-28,1089U,RAMALES DE LA VICTORIA,CANTABRIA,80,"13,6","1,0","9,7",05:37,"17,5",11:35,29,"0,8","5,6",15:00,,,,,
2020-04-29,1089U,RAMALES DE LA VICTORIA,CANTABRIA,80,"13,6","0,0","7,1",04:53,"20,2",16:38,26,"1,9","16,1",15:00,,,,,
2020-04-30,1089U,RAMALES DE LA VICTORIA,CANTABRIA,80,"15,9","0,0","11,6",02:28,"20,2",15:13,15,"1,7","15,3",06:00,,,,,
2020-05-01,1089U,RAMALES DE LA VICTORIA,CANTABRIA,80,"18,0","3,4","14,3",23:54,"21,7",10:55,18,"1,7","11,1",05:50,,,,,
2020-05-02,1089U,RAMALES DE LA VICTORIA,CANTABRIA,80,"19,2","0,0","13,3",Varias,"25,2",11:14,06,"0,8","6,1",11:30,,,,,
2020-05-03,1089U,RAMALES DE LA VICTORIA,CANTABRIA,80,"19,3","0,0","10,9",03:07,"27,7",13:54,06,"0,8","6,1",11:40,,,,,
2020-05-04,1089U,RAMALES DE LA VICTORIA,CANTABRIA,80,"21,8","0,0","11,0",05:08,"32,6",16:09,28,"1,4","16,1",18:50,,,,,
2020-05-05,1089U,RAMALES DE LA VICTORIA,CANTABRIA,80,"18,6","0,0","10,9",23:53,"26,4",13:16,99,"1,1","6,1",Varias,,,,,
2020-05-06,1089U,RAMALES DE LA VICTORIA,CANTABRIA,80,"17,6","0,0","8,4",04:46,"26,9",14:26,09,"1,4","5,8",15:10,,,,,
2020-05-07,1089U,RAMALES DE LA VICTORIA,CANTABRIA,80,"19,0","3,6","11,2",02:03,"26,8",14:57,26,"1,1","8,1",20:10,,,,,
2020-05-08,1089U,RAMALES DE LA VICTORIA,CANTABRIA,80,"22,2","7,8","15,8",23:48,"28,5",13:16,16,"1,1","10,8",10:10,,,,,
2020-05-09,1089U,RAMALES DE LA VICTORIA,CANTABRIA,80,"18,8","22,2","12,7",05:06,"24,9",11:48,99,"1,4","5,6",12:30,,,,,
2020-05-10,1089U,RAMALES DE LA VICTORIA,CANTABRIA,80,"14,7","3,4","12,5",05:54,"16,9",09:37,18,"1,1","7,8",05:00,,,,,
2020-05-11,1089U,RAMALES DE LA VICTORIA,CANTABRIA,80,"15,4","0,2","10,0",05:41,"20,7",14:10,33,"1,7","7,8",15:20,,,,,
2020-05-12,1089U,RAMALES DE LA VICTORIA,CANTABRIA,80,"12,6","3,2","10,6",05:44,"14,5",10:31,09,"0,3","3,9",14:20,,,,,
2020-05-13,1089U,RAMALES DE LA VICTORIA,CANTABRIA,80,"14,3","0,6","11,4",Varias,"17,2",13:09,04,"0,6","4,7",12:20,,,,,
2020-05-14,1089U,RAMALES DE LA VICTORIA,CANTABRIA,80,"14,1","3,6","11,9",Varias,"16,3",15:42,07,"0,6","5,8",16:10,,,,,
2020-05-15,1089U,RAMALES DE LA VICTORIA,CANTABRIA,80,"13,0","0,0","10,5",23:36,"15,5",14:19,02,"1,1","4,4",14:40,,,,,
2020-05-16,1089U,RAMALES DE LA VICTORIA,CANTABRIA,80,"12,8","0,0","7,9",23:59,"17,8",12:20,27,"1,1","5,3",12:40,,,,,
2020-05-17,1089U,RAMALES DE LA VICTORIA,CANTABRIA,80,"13,7","0,0","5,1",03:53,"22,3",13:52,05,"0,8","6,4",13:20,,,,,
2020-05-18,1089U,RAMALES DE LA VICTORIA,CANTABRIA,80,"14,8","0,2","4,9",04:56,"24,8",Varias,05,"1,4","6,1",13:30,,,,,
2020-05-19,1089U,RAMALES DE LA VICTORIA,CANTABRIA,80,"17,0","0,0","7,3",04:56,"26,7",13:16,04,"1,1","6,4",14:50,,,,,
2020-05-20,1089U,RAMALES DE LA VICTORIA,CANTABRIA,80,"19,8","0,0","8,4",04:41,"31,2",13:41,09,"1,1","5,8",14:10,,,,,
2020-05-21,1089U,RAMALES DE LA VICTORIA,CANTABRIA,80,"20,2","0,0","9,8",05:08,"30,6",13:57,06,"0,8","5,3",14:50,,,,,
2020-05-22,1089U,RAMALES DE LA VICTORIA,CANTABRIA,80,"19,0","2,2","12,4",05:07,"25,6",12:24,06,"1,4","6,4",12:40,,,,,
2020-05-23,1089U,RAMALES DE LA VICTORIA,CANTABRIA,80,"13,6","1,0","8,1",23:29,"19,1",16:25,32,"0,6","5,3",04:30,,,,,
2020-05-24,1089U,RAMALES DE LA VICTORIA,CANTABRIA,80,"15,2","0,0","7,9",00:44,"22,6",12:11,04,"1,4","6,7",15:40,,,,,
2020-05-25,1089U,RAMALES DE LA VICTORIA,CANTABRIA,80,"17,2","0,0","9,1",05:10,"25,3",12:42,06,"1,4","7,5",15:10,,,,,
2020-05-26,1089U,RAMALES DE LA VICTORIA,CANTABRIA,80,"17,2","0,0","8,3",05:07,"26,2",12:38,08,"1,4","6,9",13:30,,,,,
2020-05-27,1089U,RAMALES DE LA VICTORIA,CANTABRIA,80,"18,9","0,0","9,1",04:35,"28,7",14:04,05,"1,4","6,4",13:10,,,,,
2020-05-28,1089U,RAMALES DE LA VICTORIA,CANTABRIA,80,"23,3","0,0","12,1",Varias,"34,5",14:28,06,"0,8","5,8",13:10,,,,,
2020-05-29,1089U,RAMALES DE LA VICTORIA,CANTABRIA,80,"21,0","0,0","11,7",04:52,"30,4",12:41,06,"1,4","7,2",14:20,,,,,
2020-05-30,1089U,RAMALES DE LA VICTORIA,CANTABRIA,80,"20,8","0,0","10,4",04:49,"31,2",12:49,02,"1,1","6,7",15:50,,,,,
2020-05-31,1089U,RAMALES DE LA VICTORIA,CANTABRIA,80,"21,0","0,0","13,4",05:08,"28,7",12:43,06,"0,8","5,8",14:40,,,,,
2020-06-01,1089U,RAMALES DE LA VICTORIA,CANTABRIA,80,"21,6","0,0","14,3",04:51,"28,9",12:46,06,"1,9","6,7",15:10,,,,,
2020-06-02,1089U,RAMALES DE LA VICTORIA,CANTABRIA,80,"21,2","0,0","14,7",01:17,"27,7",12:25,08,"0,8","5,8",15:40,,,,,
2020-06-03,1089U,RAMALES DE LA VICTORIA,CANTABRIA,80,"20,1","7,8","16,6",22:20,"23,6",12:27,26,"1,1","6,9",15:10,,,,,
2020-06-04,1089U,RAMALES DE LA VICTORIA,CANTABRIA,80,"15,0","20,0","13,1",06:37,"16,9",00:01,27,"1,4","11,4",11:40,,,,,
2020-06-05,1089U,RAMALES DE LA VICTORIA,CANTABRIA,80,"16,8","0,0","11,6",05:19,"22,1",14:03,29,"1,7","7,5",12:30,,,,,
2020-06-06,1089U,RAMALES DE LA VICTORIA,CANTABRIA,80,"16,3","8,4","13,1",23:58,"19,5",11:25,29,"0,6","8,1",13:50,,,,,
2020-06-07,1089U,RAMALES DE LA VICTORIA,CANTABRIA,80,"13,4","2,6","10,3",21:10,"16,5",10:55,27,"0,8","5,3",16:30,,,,,
2020-06-08,1089U,RAMALES DE LA VICTORIA,CANTABRIA,80,"13,4","9,8","9,3",01:56,"17,5",15:03,32,"0,8","10,0",16:50,,,,,
2020-06-09,1089U,RAMALES DE LA VICTORIA,CANTABRIA,80,"14,4","0,0","9,3",23:51,"19,5",16:41,27,"1,4","6,4",14:10,,,,,
2020-06-10,1089U,RAMALES DE LA VICTORIA,CANTABRIA,80,"14,5","2,4","8,8",01:34,"20,2",10:40,07,"0,6","4,7",12:00,,,,,
2020-06-11,1089U,RAMALES DE LA VICTORIA,CANTABRIA,80,"14,0","13,8","9,7",22:56,"18,3",09:49,31,"0,8","10,0",10:10,,,,,
2020-06-12,1089U,RAMALES DE LA VICTORIA,CANTABRIA,80,"15,0","2,6","9,7",23:31,"20,3",11:54,29,"1,1","13,6",14:40,,,,,
2020-06-13,1089U,RAMALES DE LA VICTORIA,CANTABRIA,80,"15,6","5,4","9,8",00:01,"21,3",12:28,06,"0,8","5,6",13:30,,,,,
2020-06-14,1089U,RAMALES DE LA VICTORIA,CANTABRIA,80,"16,9","0,0","11,8",04:53,"22,0",12:10,08,"1,1","6,1",15:20,,,,,
2020-06-15,1089U,RAMALES DE LA VICTORIA,CANTABRIA,80,"18,0","4,0","13,2",22:36,"22,7",12:13,30,"1,9","6,1",18:00,,,,,
2020-06-16,1089U,RAMALES DE LA VICTORIA,CANTABRIA,80,"15,8","4,4","13,2",23:36,"18,4",16:28,27,"0,6","5,3",08:50,,,,,
2020-06-17,1089U,RAMALES DE LA VICTORIA,CANTABRIA,80,"15,5","6,2","11,9",04:57,"19,1",13:59,33,"1,4","6,9",15:10,,,,,
2020-06-18,1089U,RAMALES DE LA VICTORIA,CANTABRIA,80,"16,8","0,2","12,8",Varias,"20,9",12:24,08,"0,8","6,1",14:50,,,,,
2020-06-19,1089U,RAMALES DE LA VICTORIA,CANTABRIA,80,"16,4","0,0","10,9",04:44,"22,0",11:05,26,"0,8","5,3",13:10,,,,,
2020-06-20,1089U,RAMALES DE LA VICTORIA,CANTABRIA,80,"17,4","0,0","9,0",04:52,"25,7",12:55,06,"1,4","6,7",14:50,,,,,
2020-06-21,1089U,RAMALES DE LA VICTORIA,CANTABRIA,80,"17,8","0,0","10,7",04:43,"25,0",10:35,10,"1,1","8,3",14:30,,,,,
2020-06-22,1089U,RAMALES DE LA VICTORIA,CANTABRIA,80,"20,5","0,0","12,4",05:16,"28,6",14:31,06,"1,4","5,8",15:20,,,,,
2020-06-23,1089U,RAMALES DE LA VICTORIA,CANTABRIA,80,"22,2","0,0","12,4",03:01,"32,1",14:08,12,"1,7","6,4",08:20,,,,,
2020-06-24,1089U,RAMALES DE LA VICTORIA,CANTABRIA,80,"22,5","0,2","15,8",04:43,"29,2",12:46,09,"1,4","6,9",14:40,,,,,
2020-06-25,1089U,RAMALES DE LA VICTORIA,CANTABRIA,80,"20,0","3,0","17,0",Varias,"23,1",10:25,26,"1,7","8,6",11:40,,,,,
2020-06-26,1089U,RAMALES DE LA VICTORIA,CANTABRIA,80,"16,7","0,2","13,5",23:55,"19,9",18:28,06,"0,8","3,9",11:10,,,,,
2020-06-27,1089U,RAMALES DE LA VICTORIA,CANTABRIA,80,"20,5","0,2","13,0",04:53,"28,0",16:29,07,"1,4","6,4",15:30,,,,,
2020-06-28,1089U,RAMALES DE LA VICTORIA,CANTABRIA,80,"22,6","0,4","17,1",Varias,"28,2",13:25,35,"1,7","6,4",13:00,,,,,
2020-06-29,1089U,RAMALES DE LA VICTORIA,CANTABRIA,80,"18,2","0,0","16,2",23:54,"20,3",12:18,99,"0,8","5,3",00:10,,,,,
2020-06-30,1089U,RAMALES DE LA VICTORIA,CANTABRIA,80,"21,0","0,0","13,3",04:31,"28,7",Varias,06,"1,1","6,7",14:30,,,,,
2020-07-01,1089U,RAMALES DE LA VICTORIA,CANTABRIA,80,"18,4","4,6","14,6",04:51,"22,2",12:26,28,"0,6","4,7",13:40,,,,,
2020-07-02,1089U,RAMALES DE LA VICTORIA,CANTABRIA,80,"16,2","0,0","14,5",Varias,"18,0",13:30,25,"1,4","7,5",15:00,,,,,
2020-07-03,1089U,RAMALES DE LA VICTORIA,CANTABRIA,80,,"0,0",,,,,29,,"5,0",09:10,,,,,
2020-07-04,1089U,RAMALES DE LA VICTORIA,CANTABRIA,80,"18,2","0,0","8,9",04:48,"27,5",13:41,06,"1,4","7,5",14:10,,,,,
2020-07-05,1089U,RAMALES DE LA VICTORIA,CANTABRIA,80,"20,6","0,6","12,1",04:50,"29,1",12:27,08,"1,7","7,2",15:50,,,,,
2020-07-06,1089U,RAMALES DE LA VICTORIA,CANTABRIA,80,"16,9","1,6","14,4",23:50,"19,4",11:11,06,"0,6","5,0",13:10,,,,,
2020-07-07,1089U,RAMALES DE LA VICTORIA,CANTABRIA,80,"19,8","0,0","13,7",05:04,"25,8",13:13,99,"1,7","6,1",Varias,,,,,
2020-07-08,1089U,RAMALES DE LA VICTORIA,CANTABRIA,80,"20,7","0,0","12,4",04:52,"29,0",14:43,07,"1,4","7,2",15:50,,,,,
2020-07-09,1089U,RAMALES DE LA VICTORIA,CANTABRIA,80,"21,2","0,6","14,3",05:12,"28,0",12:59,06,"1,7","7,2",13:10,,,,,
2020-07-10,1089U,RAMALES DE LA VICTORIA,CANTABRIA,80,"18,5","1,4","15,6",23:50,"21,4",11:27,30,"0,8","4,4",12:50,,,,,
2020-07-11,1089U,RAMALES DE LA VICTORIA,CANTABRIA,80,"18,8","10,8","13,7",03:56,"24,0",16:30,05,"0,6","5,8",17:40,,,,,
2020-07-12,1089U,RAMALES DE LA VICTORIA,CANTABRIA,80,"21,0","0,0","14,7",00:40,"27,2",14:00,04,"1,9","7,8",15:00,,,,,
2020-07-13,1089U,RAMALES DE LA VICTORIA,CANTABRIA,80,"20,2","0,0","13,5",23:56,"26,9",12:14,05,"1,4","6,4",11:10,,,,,
2020-07-14,1089U,RAMALES DE LA VICTORIA,CANTABRIA,80,"18,5","0,4","12,5",02:55,"24,5",13:53,27,"1,7","8,6",14:40,,,,,
2020-07-15,1089U,RAMALES DE LA VICTORIA,CANTABRIA,80,"17,8","0,6","12,3",01:10,"23,3",13:31,10,"1,1","7,8",14:20,,,,,
2020-07-16,1089U,RAMALES DE LA VICTORIA,CANTABRIA,80,"18,6","0,0","13,6",05:03,"23,7",14:35,06,"1,4","7,2",14:10,,,,,
2020-07-17,1089U,RAMALES DE LA VICTORIA,CANTABRIA,80,"20,3","0,0","14,7",Varias,"25,9",12:36,04,"1,1","6,1",15:20,,,,,
2020-07-18,1089U,RAMALES DE LA VICTORIA,CANTABRIA,80,"21,1","0,0","11,7",04:42,"30,5",12:50,06,"1,7","6,4",14:10,,,,,
2020-07-19,1089U,RAMALES DE LA VICTORIA,CANTABRIA,80,"21,9","0,0","13,1",04:44,"30,7",13:52,06,"1,7","7,8",14:00,,,,,
2020-07-20,1089U,RAMALES DE LA VICTORIA,CANTABRIA,80,"22,2","0,0","15,2",05:00,"29,2",12:32,07,"1,4","6,9",13:20,,,,,
2020-07-21,1089U,RAMALES DE LA VICTORIA,CANTABRIA,80,"21,7","0,0","16,4",05:11,"27,0",10:52,33,"0,8","5,0",12:00,,,,,
2020-07-22,1089U,RAMALES DE LA VICTORIA,CANTABRIA,80,"23,1","1,0","18,1",03:31,"28,1",10:42,04,"0,8","6,4",11:00,,,,,
2020-07-23,1089U,RAMALES DE LA VICTORIA,CANTABRIA,80,"22,1","0,0","18,3",04:57,"25,9",12:55,07,"0,8","4,7",10:20,,,,,
2020-07-24,1089U,RAMALES DE LA VICTORIA,CANTABRIA,80,"20,2","0,0","15,3",Varias,"25,1",16:41,07,"0,8","5,8",16:40,,,,,
2020-07-25,1089U,RAMALES DE LA VICTORIA,CANTABRIA,80,"20,1","0,0","12,3",04:46,"27,9",14:00,06,"1,4","7,5",14:10,,,,,
2020-07-26,1089U,RAMALES DE LA VICTORIA,CANTABRIA,80,"21,2","0,0","15,0",03:42,"27,4",11:13,05,"0,8","5,3",11:20,,,,,
2020-07-27,1089U,RAMALES DE LA VICTORIA,CANTABRIA,80,"23,0","0,0","15,3",05:02,"30,6",13:09,28,"1,7","7,2",14:40,,,,,
2020-07-28,1089U,RAMALES DE LA VICTORIA,CANTABRIA,80,"20,8","1,4","16,7",01:49,"24,8",11:24,04,"0,6","5,0",11:50,,,,,
2020-07-29,1089U,RAMALES DE LA VICTORIA,CANTABRIA,80,"20,8","0,0","17,9",Varias,"23,8",10:25,08,"0,6","6,7",11:00,,,,,
2020-07-30,1089U,RAMALES DE LA VICTORIA,CANTABRIA,80,"29,4","0,0","18,1",04:57,"40,7",13:30,16,"1,4","10,8",14:10,,,,,
2020-07-31,1089U,RAMALES DE LA VICTORIA,CANTABRIA,80,"23,6","0,0","17,6",05:22,"29,6",12:25,08,"1,1","6,9",12:00,,,,,
2020-08-01,1089U,RAMALES DE LA VICTORIA,CANTABRIA,80,"20,3","6,6","15,6",05:41,"25,0",10:45,35,"0,8","6,1",13:10,,,,,
2020-08-02,1089U,RAMALES DE LA VICTORIA,CANTABRIA,80,"19,0","2,4","16,8",05:36,"21,3",15:42,28,"0,6","4,2",17:20,,,,,
2020-08-03,1089U,RAMALES DE LA VICTORIA,CANTABRIA,80,"19,7","0,0","13,7",Varias,"25,7",15:00,09,"1,1","8,6",14:50,,,,,
2020-08-04,1089U,RAMALES DE LA VICTORIA,CANTABRIA,80,"20,0","0,0","13,1",01:06,"27,0",14:17,06,"0,8","5,8",15:20,,,,,
2020-08-05,1089U,RAMALES DE LA VICTORIA,CANTABRIA,80,"21,8","0,0","11,5",04:14,"32,1",13:27,07,"1,1","7,2",15:00,,,,,
2020-08-06,1089U,RAMALES DE LA VICTORIA,CANTABRIA,80,"25,3","0,0","12,2",05:11,"38,4",13:56,06,"1,1","5,8",14:50,,,,,
2020-08-07,1089U,RAMALES DE LA VICTORIA,CANTABRIA,80,"23,9","2,0","17,6",05:08,"30,2",11:18,29,"0,8","7,2",15:00,,,,,
2020-08-08,1089U,RAMALES DE LA VICTORIA,CANTABRIA,80,"23,2","6,8","15,3",05:08,"31,0",12:55,11,"1,4","6,9",21:40,,,,,
2020-08-09,1089U,RAMALES DE LA VICTORIA,CANTABRIA,80,"23,6","0,0","18,0",04:44,"29,2",12:48,05,"1,7","7,5",13:20,,,,,
2020-08-10,1089U,RAMALES DE LA VICTORIA,CANTABRIA,80,"22,6","0,6","19,8",Varias,"25,3",11:26,06,"1,1","4,7",13:00,,,,,
2020-08-11,1089U,RAMALES DE LA VICTORIA,CANTABRIA,80,"23,8","5,2","18,5",05:37,"29,2",11:40,99,"0,3","9,2",13:50,,,,,
2020-08-12,1089U,RAMALES DE LA VICTORIA,CANTABRIA,80,"23,9","4,8","17,5",05:47,"30,3",13:02,18,"0,8","9,4",09:10,,,,,
2020-08-13,1089U,RAMALES DE LA VICTORIA,CANTABRIA,80,"19,6","0,0","16,3",23:53,"23,0",11:24,30,"0,8","6,4",03:20,,,,,
2020-08-14,1089U,RAMALES DE LA VICTORIA,CANTABRIA,80,"19,8","0,2","12,3",05:15,"27,2",13:44,08,"0,8","6,4",14:40,,,,,
2020-08-15,1089U,RAMALES DE LA VICTORIA,CANTABRIA,80,"20,4","0,0","13,4",23:45,"27,4",11:21,27,"1,1","8,6",16:50,,,,,
2020-08-16,1089U,RAMALES DE LA VICTORIA,CANTABRIA,80,"18,9","0,0","11,5",05:34,"26,3",12:32,05,"0,8","6,4",13:30,,,,,
2020-08-17,1089U,RAMALES DE LA VICTORIA,CANTABRIA,80,"20,3","0,2","13,2",03:13,"27,4",12:11,06,"0,6","4,2",12:10,,,,,
2020-08-18,1089U,RAMALES DE LA VICTORIA,CANTABRIA,80,"22,0","0,2","13,9",05:08,"30,1",15:21,06,"0,3","4,2",16:20,,,,,
2020-08-19,1089U,RAMALES DE LA VICTORIA,CANTABRIA,80,"27,0","0,0","17,8",22:29,"36,1",15:42,14,"2,8","14,4",11:20,,,,,
2020-08-20,1089U,RAMALES DE LA VICTORIA,CANTABRIA,80,"27,3","0,6","20,0",01:06,"34,6",12:57,16,"1,9","12,2",07:50,,,,,
2020-08-21,1089U,RAMALES DE LA VICTORIA,CANTABRIA,80,"21,0","0,2","17,5",Varias,"24,4",11:10,05,"1,1","5,3",12:00,,,,,
2020-08-22,1089U,RAMALES DE LA VICTORIA,CANTABRIA,80,"20,1","0,0","15,0",23:55,"25,2",10:33,31,"0,6","6,7",11:30,,,,,
2020-08-23,1089U,RAMALES DE LA VICTORIA,CANTABRIA,80,"19,7","0,0","12,8",05:55,"26,6",12:38,99,"1,4","5,8",Varias,,,,,
2020-08-24,1089U,RAMALES DE LA VICTORIA,CANTABRIA,80,"21,8","0,0","15,0",23:41,"28,5",15:31,08,"1,4","6,4",17:00,,,,,
2020-08-25,1089U,RAMALES DE LA VICTORIA,CANTABRIA,80,"21,6","0,0","12,9",05:09,"30,2",12:40,09,"1,7","7,5",13:40,,,,,
2020-08-26,1089U,RAMALES DE LA VICTORIA,CANTABRIA,80,"23,4","0,0","17,5",05:43,"29,3",12:58,08,"1,4","5,8",14:00,,,,,
2020-08-27,1089U,RAMALES DE LA VICTORIA,CANTABRIA,80,"23,2","3,8","16,0",05:44,"30,4",10:59,27,"1,7","7,2",12:00,,,,,
2020-08-28,1089U,RAMALES DE LA VICTORIA,CANTABRIA,80,"17,0","3,2","13,8",23:59,"20,2",00:01,28,"1,4","7,2",05:00,,,,,
2020-08-29,1089U,RAMALES DE LA VICTORIA,CANTABRIA,80,"15,2","45,2","12,7",23:33,"17,8",14:49,31,"0,8","7,5",15:10,,,,,
2020-08-30,1089U,RAMALES DE LA VICTORIA,CANTABRIA,80,"14,6","3,6","9,7",23:53,"19,4",14:20,27,"0,6","7,8",10:20,,,,,
2020-08-31,1089U,RAMALES DE LA VICTORIA,CANTABRIA,80,"16,8","0,0","7,9",05:33,"25,6",13:46,06,"0,6","5,8",15:00,,,,,
2020-09-01,1089U,RAMALES DE LA VICTORIA,CANTABRIA,80,"18,1","0,4","10,8",Varias,"25,4",12:29,06,"1,1","6,1",14:50,,,,,
2020-09-02,1089U,RAMALES DE LA VICTORIA,CANTABRIA,80,"18,6","0,0","11,2",23:58,"26,1",13:36,07,"0,8","5,8",13:50,,,,,
2020-09-03,1089U,RAMALES DE LA VICTORIA,CANTABRIA,80,"19,3","0,0","8,3",05:54,"30,3",13:54,99,"1,1","6,1",14:50,,,,,
2020-09-04,1089U,RAMALES DE LA VICTORIA,CANTABRIA,80,"22,4","0,0","10,6",05:36,"34,3",13:35,06,"0,6","7,8",14:40,,,,,
2020-09-05,1089U,RAMALES DE LA VICTORIA,CANTABRIA,80,"18,3","1,8","14,5",03:29,"22,1",12:54,07,"0,6","4,2",10:50,,,,,
2020-09-06,1089U,RAMALES DE LA VICTORIA,CANTABRIA,80,"18,4","3,4","15,5",Varias,"21,4",15:17,26,"0,6","6,7",14:50,,,,,
2020-09-07,1089U,RAMALES DE LA VICTORIA,CANTABRIA,80,"17,0","0,0","10,9",23:42,"23,2",13:32,06,"0,8","5,0",14:40,,,,,
2020-09-08,1089U,RAMALES DE LA VICTORIA,CANTABRIA,80,"17,8","0,0","10,1",02:45,"25,4",11:55,07,"0,8","6,7",12:50,,,,,
2020-09-09,1089U,RAMALES DE LA VICTORIA,CANTABRIA,80,"18,8","0,0","9,5",05:04,"28,2",13:24,05,"1,4","6,1",14:00,,,,,
2020-09-10,1089U,RAMALES DE LA VICTORIA,CANTABRIA,80,"19,8","0,0","11,8",05:29,"27,8",14:11,07,"1,1","6,7",13:40,,,,,
2020-09-11,1089U,RAMALES DE LA VICTORIA,CANTABRIA,80,"21,8","0,0","14,4",23:53,"29,2",13:35,05,"1,1","6,7",13:10,,,,,
2020-09-12,1089U,RAMALES DE LA VICTORIA,CANTABRIA,80,"21,2","0,0","12,8",Varias,"29,7",14:24,06,"0,8","5,6",13:10,,,,,
2020-09-13,1089U,RAMALES DE LA VICTORIA,CANTABRIA,80,"23,4","0,0","10,7",06:01,"36,0",14:20,12,"0,6","5,6",12:10,,,,,
2020-09-14,1089U,RAMALES DE LA VICTORIA,CANTABRIA,80,"24,8","0,0","16,4",00:35,"33,3",12:00,16,"1,7","10,8",04:20,,,,,
2020-09-15,1089U,RAMALES DE LA VICTORIA,CANTABRIA,80,"23,0","0,0","16,0",23:36,"30,0",13:11,08,"0,8","6,4",12:30,,,,,
2020-09-16,1089U,RAMALES DE LA VICTORIA,CANTABRIA,80,"22,1","1,2","13,6",06:20,"30,6",12:57,08,"0,6","6,1",14:10,,,,,
2020-09-17,1089U,RAMALES DE LA VICTORIA,CANTABRIA,80,"24,6","0,2","17,1",00:48,"32,0",13:25,18,"0,8","5,3",15:30,,,,,
2020-09-18,1089U,RAMALES DE LA VICTORIA,CANTABRIA,80,"23,1","5,6","16,8",23:44,"29,4",15:41,20,"1,1","15,0",01:00,,,,,
2020-09-19,1089U,RAMALES DE LA VICTORIA,CANTABRIA,80,"18,5","0,0","13,1",Varias,"23,9",11:40,16,"1,4","13,1",01:00,,,,,
2020-09-20,1089U,RAMALES DE LA VICTORIA,CANTABRIA,80,"18,0","0,0","10,8",05:50,"25,1",12:01,99,"0,6","4,2",Varias,,,,,
2020-09-21,1089U,RAMALES DE LA VICTORIA,CANTABRIA,80,"18,5","0,0","12,4",04:18,"24,6",12:27,06,"1,1","5,3",12:40,,,,,
2020-09-22,1089U,RAMALES DE LA VICTORIA,CANTABRIA,80,"18,8","0,0","12,4",Varias,"25,3",12:11,29,"1,1","6,1",12:50,,,,,
2020-09-23,1089U,RAMALES DE LA VICTORIA,CANTABRIA,80,"19,6","0,0","13,6",Varias,"25,5",10:52,18,"1,9","10,6",07:30,,,,,
2020-09-24,1089U,RAMALES DE LA VICTORIA,CANTABRIA,80,"17,9","29,0","12,9",23:59,"22,9",13:25,26,"1,4","11,7",20:10,,,,,
2020-09-25,1089U,RAMALES DE LA VICTORIA,CANTABRIA,80,"13,0","34,4","10,5",05:17,"15,5",12:46,25,"2,2","12,2",03:10,,,,,
2020-09-26,1089U,RAMALES DE LA VICTORIA,CANTABRIA,80,"14,6","36,8","11,1",01:33,"18,0",14:11,25,"2,2","12,5",19:40,,,,,
2020-09-27,1089U,RAMALES DE LA VICTORIA,CANTABRIA,80,"13,6","0,0","9,7",04:33,"17,5",13:25,26,"0,6","10,0",12:10,,,,,
2020-09-28,1089U,RAMALES DE LA VICTORIA,CANTABRIA,80,"14,4","0,0","8,4",02:17,"20,4",13:12,06,"0,8","5,3",16:00,,,,,
2020-09-29,1089U,RAMALES DE LA VICTORIA,CANTABRIA,80,"15,6","0,0","9,0",04:34,"22,1",Varias,07,"0,6","5,3",15:00,,,,,
2020-09-30,1089U,RAMALES DE LA VICTORIA,CANTABRIA,80,"15,8","5,0","7,7",06:08,"24,0",13:24,06,"0,8","6,4",14:20,,,,,
2020-10-01,1089U,RAMALES DE LA VICTORIA,CANTABRIA,80,"17,4","29,4","13,0",01:20,"21,8",20:37,24,"0,6","18,3",22:20,,,,,
2020-10-02,1089U,RAMALES DE LA VICTORIA,CANTABRIA,80,"15,0","50,2","10,2",11:12,"19,8",Varias,26,"2,2","14,7",23:40,,,,,
2020-10-03,1089U,RAMALES DE LA VICTORIA,CANTABRIA,80,"13,4","8,6","9,0",23:58,"17,7",15:30,27,"1,4","15,0",04:50,,,,,
2020-10-04,1089U,RAMALES DE LA VICTORIA,CANTABRIA,80,"11,9","14,0","8,8",00:12,"15,0",13:11,25,"1,9","11,7",11:10,,,,,
2020-10-05,1089U,RAMALES DE LA VICTORIA,CANTABRIA,80,"15,2","0,6","10,3",00:01,"20,2",14:30,32,"0,8","7,2",11:30,,,,,
2020-10-06,1089U,RAMALES DE LA VICTORIA,CANTABRIA,80,"17,0","11,0","13,0",03:48,"20,9",10:59,26,"0,8","5,0",14:40,,,,,
2020-10-07,1089U,RAMALES DE LA VICTORIA,CANTABRIA,80,"17,6","2,8","15,6",23:55,"19,5",12:57,34,"0,6","4,2",14:10,,,,,
2020-10-08,1089U,RAMALES DE LA VICTORIA,CANTABRIA,80,"17,6","0,4","12,4",07:12,"22,8",12:16,05,"0,6","4,2",14:20,,,,,
2020-10-09,1089U,RAMALES DE LA VICTORIA,CANTABRIA,80,"16,7","7,0","14,4",23:59,"19,0",12:11,33,"0,3","2,8",13:40,,,,,
2020-10-10,1089U,RAMALES DE LA VICTORIA,CANTABRIA,80,"14,4","7,0","11,8",23:49,"16,9",12:27,27,"0,8","5,0",17:30,,,,,
2020-10-11,1089U,RAMALES DE LA VICTORIA,CANTABRIA,80,"12,6","8,2","10,6",04:40,"14,6",11:24,24,"1,4","7,5",12:30,,,,,
2020-10-12,1089U,RAMALES DE LA VICTORIA,CANTABRIA,80,"14,4","16,6","10,5",04:00,"18,3",13:47,28,"0,6","7,2",12:30,,,,,
2020-10-13,1089U,RAMALES DE LA VICTORIA,CANTABRIA,80,"13,5","40,0","11,0",23:01,"16,0",00:01,24,"1,1","6,4",14:20,,,,,
2020-10-14,1089U,RAMALES DE LA VICTORIA,CANTABRIA,80,"11,6","28,4","10,0",23:55,"13,1",09:52,35,"1,1","6,1",13:20,,,,,
2020-10-15,1089U,RAMALES DE LA VICTORIA,CANTABRIA,80,"9,6","12,6","7,5",21:45,"11,7",12:38,07,"0,6","6,4",08:10,,,,,
2020-10-16,1089U,RAMALES DE LA VICTORIA,CANTABRIA,80,"10,2","0,0","5,9",Varias,"14,5",15:17,25,"0,3","2,5",08:50,,,,,
2020-10-17,1089U,RAMALES DE LA VICTORIA,CANTABRIA,80,"11,9","0,0","4,8",06:48,"19,0",13:15,07,"0,3","4,2",14:40,,,,,
2020-10-18,1089U,RAMALES DE LA VICTORIA,CANTABRIA,80,"13,7","0,0","5,6",Varias,"21,8",14:37,99,"0,6","4,2",14:50,,,,,
2020-10-19,1089U,RAMALES DE LA VICTORIA,CANTABRIA,80,"16,6","1,0","7,6",05:17,"25,5",14:15,11,"1,4","15,8",11:30,,,,,
2020-10-20,1089U,RAMALES DE LA VICTORIA,CANTABRIA,80,"19,5","11,2","17,1",16:50,"21,9",Varias,14,"5,0","20,3",22:30,,,,,
2020-10-21,1089U,RAMALES DE LA VICTORIA,CANTABRIA,80,"16,6","0,4","11,5",22:57,"21,8",10:53,10,"1,4","12,2",03:30,,,,,
2020-10-22,1089U,RAMALES DE LA VICTORIA,CANTABRIA,80,"16,2","0,4","12,0",00:36,"20,4",14:38,17,"1,1","10,0",02:00,,,,,
2020-10-23,1089U,RAMALES DE LA VICTORIA,CANTABRIA,80,"13,4","0,2","8,8",23:58,"18,0",11:58,26,"0,6","6,1",12:30,,,,,
2020-10-24,1089U,RAMALES DE LA VICTORIA,CANTABRIA,80,"13,0","0,0","6,3",Varias,"19,6",13:24,29,"2,8","23,6",23:40,,,,,
2020-10-25,1089U,RAMALES DE LA VICTORIA,CANTABRIA,80,"13,7","5,8","8,1",23:59,"19,3",03:10,27,"1,1","20,0",03:20,,,,,
2020-10-26,1089U,RAMALES DE LA VICTORIA,CANTABRIA,80,"11,6","0,2","6,0",02:52,"17,1",14:04,31,"0,8","10,0",12:00,,,,,
2020-10-27,1089U,RAMALES DE LA VICTORIA,CANTABRIA,80,"13,8","0,0","7,9",01:47,"19,7",12:20,18,"1,7","11,4",16:20,,,,,
2020-10-28,1089U,RAMALES DE LA VICTORIA,CANTABRIA,80,"13,2","0,0","8,7",23:54,"17,6",15:25,26,"0,6","5,3",12:20,,,,,
2020-10-29,1089U,RAMALES DE LA VICTORIA,CANTABRIA,80,"13,8","0,0","6,9",07:16,"20,6",14:21,09,"0,3","5,3",15:30,,,,,
2020-10-30,1089U,RAMALES DE LA VICTORIA,CANTABRIA,80,"14,1","0,0","7,8",00:01,"20,4",14:19,08,"0,3","3,9",15:30,,,,,
2020-10-31,1089U,RAMALES DE LA VICTORIA,CANTABRIA,80,"16,2","0,0","7,7",07:14,"24,6",14:49,15,"0,6","11,7",12:00,,,,,
2020-11-01,1089U,RAMALES DE LA VICTORIA,CANTABRIA,80,"17,4","0,0","10,6",00:04,"24,3",14:20,20,"0,6","7,8",16:40,,,,,
2020-11-02,1089U,RAMALES DE LA VICTORIA,CANTABRIA,80,"16,6","12,6","9,7",06:39,"23,5",12:22,29,"2,5","15,0",12:50,,,,,
2020-11-03,1089U,RAMALES DE LA VICTORIA,CANTABRIA,80,"10,2","5,0","8,1",23:06,"12,2",09:47,26,"0,3","6,7",10:10,,,,,
2020-11-04,1089U,RAMALES DE LA VICTORIA,CANTABRIA,80,"10,4","1,2","7,6",01:40,"13,3",14:09,06,"0,3","5,6",14:20,,,,,
2020-11-05,1089U,RAMALES DE LA VICTORIA,CANTABRIA,80,"13,6","0,0","7,8",03:30,"19,3",13:27,18,"1,1","12,8",22:10,,,,,
2020-11-06,1089U,RAMALES DE LA VICTORIA,CANTABRIA,80,"19,6","0,8","16,7",21:38,"22,4",12:24,26,"2,8","11,4",09:50,,,,,
2020-11-07,1089U,RAMALES DE LA VICTORIA,CANTABRIA,80,"16,4","0,0","11,6",19:38,"21,3",14:48,20,"1,4","10,3",23:30,,,,,
2020-11-08,1089U,RAMALES DE LA VICTORIA,CANTABRIA,80,"20,3","0,0","17,8",Varias,"22,8",13:25,25,"2,5","15,8",03:00,,,,,
2020-11-09,1089U,RAMALES DE LA VICTORIA,CANTABRIA,80,"17,3","2,2","12,2",Varias,"22,4",13:24,31,"0,6","11,4",02:50,,,,,
2020-11-10,1089U,RAMALES DE LA VICTORIA,CANTABRIA,80,"13,6","0,0","8,8",23:58,"18,4",13:27,26,"0,3","3,3",13:10,,,,,
2020-11-11,1089U,RAMALES DE LA VICTORIA,CANTABRIA,80,"13,4","0,0","5,2",07:18,"21,6",13:23,20,"1,7","10,8",11:00,,,,,
2020-11-12,1089U,RAMALES DE LA VICTORIA,CANTABRIA,80,"14,0","0,0","8,6",05:02,"19,4",13:19,02,"0,0","2,8",13:20,,,,,
2020-11-13,1089U,RAMALES DE LA VICTORIA,CANTABRIA,80,"13,9","0,0","7,1",22:43,"20,7",12:50,11,"0,6","7,5",11:40,,,,,
2020-11-14,1089U,RAMALES DE LA VICTORIA,CANTABRIA,80,"15,0","0,0","8,0",00:30,"21,9",13:43,18,"3,6","16,1",10:30,,,,,
2020-11-15,1089U,RAMALES DE LA VICTORIA,CANTABRIA,80,"17,8","3,4","12,4",23:19,"23,3",11:24,16,"4,2","16,4",06:30,,,,,
2020-11-16,1089U,RAMALES DE LA VICTORIA,CANTABRIA,80,,"0,2",,,,,07,"0,6","4,4",13:30,,,,,
2020-11-17,1089U,RAMALES DE LA VICTORIA,CANTABRIA,80,"10,0","0,0","4,3",07:14,"15,6",13:31,27,"0,3","2,2",13:10,,,,,
2020-11-18,1089U,RAMALES DE LA VICTORIA,CANTABRIA,80,"13,3","1,6","6,8",06:33,"19,8",14:27,26,"0,3","4,4",01:40,,,,,
2020-11-19,1089U,RAMALES DE LA VICTORIA,CANTABRIA,80,"10,5","6,4","8,0",00:37,"13,0",10:24,99,"1,4","3,9",Varias,,,,,
2020-11-20,1089U,RAMALES DE LA VICTORIA,CANTABRIA,80,"10,2","0,0","4,9",23:59,"15,4",14:25,08,"0,3","3,9",14:30,,,,,
2020-11-21,1089U,RAMALES DE LA VICTORIA,CANTABRIA,80,"7,7","0,0","1,3",07:15,"14,1",14:01,07,"0,3","5,3",15:10,,,,,
2020-11-22,1089U,RAMALES DE LA VICTORIA,CANTABRIA,80,"5,9","0,0","-0,5",06:36,"12,3",14:24,20,"0,3","1,7",13:50,,,,,
2020-11-23,1089U,RAMALES DE LA VICTORIA,CANTABRIA,80,"7,2","0,0","2,6",01:56,"11,7",14:24,99,"0,3","1,4",Varias,,,,,
2020-11-24,1089U,RAMALES DE LA VICTORIA,CANTABRIA,80,"9,1","0,0","1,9",02:34,"16,3",13:47,21,"0,0","9,4",23:00,,,,,
2020-11-25,1089U,RAMALES DE LA VICTORIA,CANTABRIA,80,"13,9","0,0","9,2",01:20,"18,6",12:48,16,"2,2","16,1",06:30,,,,,
2020-11-26,1089U,RAMALES DE LA VICTORIA,CANTABRIA,80,"14,0","0,0","10,0",00:01,"18,1",12:57,10,"1,1","9,7",09:20,,,,,
2020-11-27,1089U,RAMALES DE LA VICTORIA,CANTABRIA,80,"12,1","0,0","6,6",23:19,"17,6",14:51,15,"0,3","6,4",10:00,,,,,
2020-11-28,1089U,RAMALES DE LA VICTORIA,CANTABRIA,80,"10,4","0,0","4,2",07:32,"16,7",12:33,13,"0,3","4,2",14:00,,,,,
2020-11-29,1089U,RAMALES DE LA VICTORIA,CANTABRIA,80,"9,8","0,0","3,8",07:30,"15,8",13:15,27,"0,0","2,8",04:20,,,,,
2020-11-30,1089U,RAMALES DE LA VICTORIA,CANTABRIA,80,"7,5","0,0","2,0",06:47,"13,0",13:47,16,"0,0","4,4",19:30,,,,,
2020-12-01,1089U,RAMALES DE LA VICTORIA,CANTABRIA,80,"7,8","5,6","2,9",07:53,"12,8",14:24,28,"0,3","6,7",15:20,,,,,
2020-12-02,1089U,RAMALES DE LA VICTORIA,CANTABRIA,80,"7,6","1,0","4,3",21:23,"11,0",12:24,28,"0,3","6,7",12:10,,,,,
2020-12-03,1089U,RAMALES DE LA VICTORIA,CANTABRIA,80,"8,6","11,2","3,5",07:37,"13,8",13:35,18,"2,2","11,9",18:00,,,,,
2020-12-04,1089U,RAMALES DE LA VICTORIA,CANTABRIA,80,"5,1","11,2","2,1",23:56,"8,1",00:24,26,"1,1","13,6",00:20,,,,,
2020-12-05,1089U,RAMALES DE LA VICTORIA,CANTABRIA,80,"5,5","32,6","1,3",01:17,"9,7",12:50,26,"2,2","10,3",19:50,,,,,
2020-12-06,1089U,RAMALES DE LA VICTORIA,CANTABRIA,80,"7,6","46,0","5,7",01:13,"9,6",12:56,24,"1,4","11,4",03:20,,,,,
2020-12-07,1089U,RAMALES DE LA VICTORIA,CANTABRIA,80,"8,9","29,0","5,9",Varias,"11,9",07:43,29,"3,9","17,8",15:40,,,,,
2020-12-08,1089U,RAMALES DE LA VICTORIA,CANTABRIA,80,"7,2","46,0","5,2",23:45,"9,1",02:29,25,"1,7","16,9",02:20,,,,,
2020-12-09,1089U,RAMALES DE LA VICTORIA,CANTABRIA,80,"7,3","6,4","3,9",01:07,"10,7",13:24,27,"0,6","6,9",03:40,,,,,
2020-12-10,1089U,RAMALES DE LA VICTORIA,CANTABRIA,80,,"21,2",,,,,24,"1,1","13,3",03:30,,,,,
2020-12-11,1089U,RAMALES DE LA VICTORIA,CANTABRIA,80,"13,3","21,8","10,6",00:01,"16,0",10:31,27,"1,7","15,6",13:40,,,,,
2020-12-12,1089U,RAMALES DE LA VICTORIA,CANTABRIA,80,"10,6","26,2","8,5",Varias,"12,7",00:04,28,"1,4","11,7",05:40,,,,,
2020-12-13,1089U,RAMALES DE LA VICTORIA,CANTABRIA,80,"13,1","0,0","6,9",07:55,"19,3",20:24,17,"1,9","14,7",23:20,,,,,
2020-12-14,1089U,RAMALES DE LA VICTORIA,CANTABRIA,80,"14,6","4,6","10,0",23:46,"19,1",00:04,18,"1,4","13,3",01:40,,,,,
2020-12-15,1089U,RAMALES DE LA VICTORIA,CANTABRIA,80,"10,3","0,0","6,0",08:42,"14,6",21:46,26,"1,7","22,8",20:40,,,,,
2020-12-16,1089U,RAMALES DE LA VICTORIA,CANTABRIA,80,"13,2","6,6","9,3",23:41,"17,0",13:37,18,"1,1","12,5",02:40,,,,,
2020-12-17,1089U,RAMALES DE LA VICTORIA,CANTABRIA,80,"6,8","0,0","1,9",23:59,"11,6",13:08,26,"0,3","2,5",14:10,,,,,
2020-12-18,1089U,RAMALES DE LA VICTORIA,CANTABRIA,80,"8,8","0,8","1,5",05:13,"16,1",14:42,28,"2,5","22,5",21:30,,,,,
2020-12-19,1089U,RAMALES DE LA VICTORIA,CANTABRIA,80,"11,1","4,2","6,3",23:48,"15,9",11:26,26,"1,1","22,2",01:10,,,,,
2020-12-20,1089U,RAMALES DE LA VICTORIA,CANTABRIA,80,"8,6","2,0","3,3",06:08,"14,0",20:53,14,"1,1","8,6",22:30,,,,,
2020-12-21,1089U,RAMALES DE LA VICTORIA,CANTABRIA,80,"13,2","0,2","8,2",23:42,"18,1",13:16,21,"0,6","9,2",01:20,,,,,
2020-12-22,1089U,RAMALES DE LA VICTORIA,CANTABRIA,80,"13,8","0,2","6,4",05:01,"21,3",13:17,24,"3,6","17,5",20:20,,,,,
2020-12-23,1089U,RAMALES DE LA VICTORIA,CANTABRIA,80,"14,2","4,2","8,2",23:56,"20,2",00:01,16,"3,6","12,2",08:20,,,,,
2020-12-24,1089U,RAMALES DE LA VICTORIA,CANTABRIA,80,"8,6","22,8","5,7",07:40,"11,4",13:17,99,"1,4","8,6",Varias,,,,,
2020-12-25,1089U,RAMALES DE LA VICTORIA,CANTABRIA,80,"6,6","4,2","4,0",22:28,"9,2",13:14,28,"1,4","8,9",03:30,,,,,
2020-12-26,1089U,RAMALES DE LA VICTORIA,CANTABRIA,80,"5,4","1,0","2,6",23:47,"8,2",14:26,30,"0,3","4,2",05:00,,,,,
2020-12-27,1089U,RAMALES DE LA VICTORIA,CANTABRIA,80,"7,6","43,2","1,8",07:06,"13,5",15:44,16,"4,2","24,2",18:00,,,,,
2020-12-28,1089U,RAMALES DE LA VICTORIA,CANTABRIA,80,"8,4","14,2","5,1",05:40,"11,7",12:48,26,"5,8","16,7",17:50,,,,,
2020-12-29,1089U,RAMALES DE LA VICTORIA,CANTABRIA,80,"6,8","35,0","4,1",04:24,"9,6",13:24,24,"1,4","9,2",14:00,,,,,
2020-12-30,1089U,RAMALES DE LA VICTORIA,CANTABRIA,80,"5,8","4,8","3,5",22:05,"8,2",13:18,25,"0,8","8,9",05:50,,,,,
2020-12-31,1089U,RAMALES DE LA VICTORIA,CANTABRIA,80,"6,0","38,2","2,5",07:08,"9,6",12:38,16,"0,8","8,6",11:00,,,,,
2021-01-01,1089U,RAMALES DE LA VICTORIA,CANTABRIA,80,"3,4","37,8","1,2",08:05,"5,7",11:08,28,"0,6","10,3",13:30,,,,,
2021-01-02,1089U,RAMALES DE LA VICTORIA,CANTABRIA,80,"4,8","16,2","2,4",Varias,"7,2",14:26,28,"1,4","11,1",04:00,,,,,
2021-01-03,1089U,RAMALES DE LA VICTORIA,CANTABRIA,80,"3,4","28,4","0,9",08:09,"5,9",14:16,28,"0,6","6,7",23:50,,,,,
2021-01-04,1089U,RAMALES DE LA VICTORIA,CANTABRIA,80,"2,8","26,0","1,5",20:02,"4,2",12:03,26,"0,8","6,4",07:20,,,,,
2021-01-05,1089U,RAMALES DE LA VICTORIA,CANTABRIA,80,"3,5","3,4","1,5",04:02,"5,5",14:24,24,"0,0","3,3",02:20,,,,,
2021-01-06,1089U,RAMALES DE LA VICTORIA,CANTABRIA,80,"3,5","0,0","-0,5",23:54,"7,5",13:31,29,"0,6","3,9",14:00,,,,,
2021-01-07,1089U,RAMALES DE LA VICTORIA,CANTABRIA,80,,"0,0",,,,,,"0,6",,,,,,,
2021-01-08,1089U,RAMALES DE LA VICTORIA,CANTABRIA,80,"3,1","0,0","-1,3",08:58,"7,5",12:52,02,"0,6","3,9",14:10,,,,,
2021-01-09,1089U,RAMALES DE LA VICTORIA,CANTABRIA,80,"2,5","6,4","1,0",00:06,"4,0",13:02,24,"0,3","3,9",15:50,,,,,
2021-01-10,1089U,RAMALES DE LA VICTORIA,CANTABRIA,80,"3,6","0,0","1,5",00:01,"5,8",13:05,28,"1,4","7,2",13:40,,,,,
2021-01-11,1089U,RAMALES DE LA VICTORIA,CANTABRIA,80,"5,0","0,0","2,1",07:33,"7,9",14:14,27,"0,6","4,4",11:30,,,,,
2021-01-12,1089U,RAMALES DE LA VICTORIA,CANTABRIA,80,"7,8","0,0","3,2",02:06,"12,4",14:08,21,"0,3","4,4",13:00,,,,,
2021-01-13,1089U,RAMALES DE LA VICTORIA,CANTABRIA,80,"6,6","0,0","0,4",23:55,"12,8",12:15,22,"0,3","2,2",12:50,,,,,
2021-01-14,1089U,RAMALES DE LA VICTORIA,CANTABRIA,80,"4,8","5,8","-0,5",01:51,"10,0",11:58,99,"0,3","3,3",Varias,,,,,
2021-01-15,1089U,RAMALES DE LA VICTORIA,CANTABRIA,80,"6,9","0,2","1,8",23:59,"12,0",13:10,32,"0,6","5,8",13:20,,,,,
2021-01-16,1089U,RAMALES DE LA VICTORIA,CANTABRIA,80,"4,1","0,0","-1,1",07:46,"9,3",13:01,26,"0,3","2,2",14:40,,,,,
2021-01-17,1089U,RAMALES DE LA VICTORIA,CANTABRIA,80,"5,7","10,8","0,0",03:17,"11,4",13:24,29,"0,8","5,3",13:00,,,,,
2021-01-18,1089U,RAMALES DE LA VICTORIA,CANTABRIA,80,"9,0","0,6","5,0",Varias,"12,9",11:45,12,"0,0","3,6",11:10,,,,,
2021-01-19,1089U,RAMALES DE LA VICTORIA,CANTABRIA,80,"9,4","0,0","1,5",06:29,"17,4",14:26,25,"4,2","25,8",20:10,,,,,
2021-01-20,1089U,RAMALES DE LA VICTORIA,CANTABRIA,80,"13,6","0,0","11,4",07:49,"15,8",18:46,30,"4,4","21,4",13:20,,,,,
2021-01-21,1089U,RAMALES DE LA VICTORIA,CANTABRIA,80,"14,2","10,0","10,7",06:19,"17,7",17:13,25,"5,8","23,3",13:20,,,,,
2021-01-22,1089U,RAMALES DE LA VICTORIA,CANTABRIA,80,"9,9","12,8","2,8",23:56,"17,0",01:19,28,"0,8","18,3",01:50,,,,,
2021-01-23,1089U,RAMALES DE LA VICTORIA,CANTABRIA,80,"8,0","20,4","2,5",00:36,"13,5",15:51,27,"1,4","12,2",23:30,,,,,
2021-01-24,1089U,RAMALES DE LA VICTORIA,CANTABRIA,80,"10,8","7,8","6,6",Varias,"15,0",14:06,26,"0,6","11,4",00:10,,,,,
2021-01-25,1089U,RAMALES DE LA VICTORIA,CANTABRIA,80,"7,7","4,0","5,3",23:59,"10,1",11:48,11,"0,0","4,2",14:20,,,,,
2021-01-26,1089U,RAMALES DE LA VICTORIA,CANTABRIA,80,"9,2","13,4","4,6",07:04,"13,9",15:25,99,"0,3","2,2",Varias,,,,,
2021-01-27,1089U,RAMALES DE LA VICTORIA,CANTABRIA,80,"13,6","1,4","11,1",00:01,"16,0",14:18,26,"0,3","2,5",06:50,,,,,
2021-01-28,1089U,RAMALES DE LA VICTORIA,CANTABRIA,80,"14,0","2,4","8,5",23:16,"19,5",14:24,08,"0,3","5,3",15:40,,,,,
2021-01-29,1089U,RAMALES DE LA VICTORIA,CANTABRIA,80,"14,0","0,8","8,6",00:30,"19,4",21:45,20,"0,8","17,5",21:50,,,,,
2021-01-30,1089U,RAMALES DE LA VICTORIA,CANTABRIA,80,"14,6","1,0","10,5",08:19,"18,6",00:01,19,"1,4","15,0",00:40,,,,,
2021-01-31,1089U,RAMALES DE LA VICTORIA,CANTABRIA,80,"13,3","1,0","9,1",19:05,"17,5",13:01,28,"1,4","15,3",00:40,,,,,
2021-02-01,1089U,RAMALES DE LA VICTORIA,CANTABRIA,80,"14,0","1,0","10,2",23:58,"17,7",14:01,28,"1,4","11,4",11:00,,,,,
2021-02-02,1089U,RAMALES DE LA VICTORIA,CANTABRIA,80,"13,2","1,0","6,9",05:17,"19,6",12:12,26,"3,3","25,8",23:59,,,,,
2021-02-03,1089U,RAMALES DE LA VICTORIA,CANTABRIA,80,"15,8","0,0","11,5",18:57,"20,0",13:33,24,"3,1","28,1",01:40,,,,,
2021-02-04,1089U,RAMALES DE LA VICTORIA,CANTABRIA,80,"11,8","9,0","8,3",Varias,"15,2",12:25,18,"1,4","9,2",08:40,,,,,
2021-02-05,1089U,RAMALES DE LA VICTORIA,CANTABRIA,80,"9,8","26,4","8,2",00:03,"11,3",13:25,28,"0,6","2,5",18:40,,,,,
2021-02-06,1089U,RAMALES DE LA VICTORIA,CANTABRIA,80,"7,7","27,6","4,9",24:00,"10,5",05:24,28,"2,2","9,2",13:00,,,,,
2021-02-07,1089U,RAMALES DE LA VICTORIA,CANTABRIA,80,"7,8","0,8","3,4",04:49,"12,1",Varias,16,"0,3","14,7",23:00,,,,,
2021-02-08,1089U,RAMALES DE LA VICTORIA,CANTABRIA,80,"10,6","1,2","6,5",22:00,"14,6",14:24,12,"0,3","11,7",01:10,,,,,
2021-02-09,1089U,RAMALES DE LA VICTORIA,CANTABRIA,80,"10,6","1,6","6,0",01:31,"15,3",10:05,34,"2,2","18,1",11:00,,,,,
2021-02-10,1089U,RAMALES DE LA VICTORIA,CANTABRIA,80,"9,4","0,2","5,5",02:12,"13,2",13:25,26,"1,1","8,9",10:00,,,,,
2021-02-11,1089U,RAMALES DE LA VICTORIA,CANTABRIA,80,"12,0","3,6","5,5",02:00,"18,6",23:24,30,"0,3","12,5",23:20,,,,,
2021-02-12,1089U,RAMALES DE LA VICTORIA,CANTABRIA,80,"12,2","8,4","6,0",23:52,"18,4",00:17,32,"1,1","11,9",01:20,,,,,
2021-02-13,1089U,RAMALES DE LA VICTORIA,CANTABRIA,80,"10,8","0,0","5,0",06:43,"16,5",14:24,06,"0,3","2,8",14:10,,,,,
2021-02-14,1089U,RAMALES DE LA VICTORIA,CANTABRIA,80,"11,7","0,0","2,8",06:38,"20,6",13:19,18,"3,1","15,8",21:50,,,,,
2021-02-15,1089U,RAMALES DE LA VICTORIA,CANTABRIA,80,"18,7","0,0","15,2",18:24,"22,2",14:53,20,"2,8","17,2",01:10,,,,,
2021-02-16,1089U,RAMALES DE LA VICTORIA,CANTABRIA,80,"12,4","0,0","5,7",23:58,"19,2",10:54,25,"1,7","18,6",10:00,,,,,
2021-02-17,1089U,RAMALES DE LA VICTORIA,CANTABRIA,80,"11,6","0,0","3,9",07:24,"19,4",14:47,27,"3,1","17,5",13:30,,,,,
2021-02-18,1089U,RAMALES DE LA VICTORIA,CANTABRIA,80,"12,5","0,0","6,9",22:32,"18,1",08:50,28,"1,9","15,0",06:20,,,,,
2021-02-19,1089U,RAMALES DE LA VICTORIA,CANTABRIA,80,"14,1","0,0","7,6",00:01,"20,6",19:51,26,"4,7","26,9",08:20,,,,,
2021-02-20,1089U,RAMALES DE LA VICTORIA,CANTABRIA,80,"17,6","0,0","12,8",22:20,"22,4",13:37,10,"3,1","17,8",00:30,,,,,
2021-02-21,1089U,RAMALES DE LA VICTORIA,CANTABRIA,80,"12,6","45,8","6,1",23:38,"19,0",01:58,08,"2,5","9,7",08:20,,,,,
2021-02-22,1089U,RAMALES DE LA VICTORIA,CANTABRIA,80,"9,1","0,8","4,0",23:58,"14,2",14:24,26,"1,4","6,1",13:00,,,,,
2021-02-23,1089U,RAMALES DE LA VICTORIA,CANTABRIA,80,"11,4","0,0","2,2",05:46,"20,5",14:46,12,"4,2","14,4",08:00,,,,,
2021-02-24,1089U,RAMALES DE LA VICTORIA,CANTABRIA,80,"18,6","0,0","13,9",02:27,"23,2",15:13,06,"3,6","22,8",10:50,,,,,
2021-02-25,1089U,RAMALES DE LA VICTORIA,CANTABRIA,80,"14,4","0,2","11,4",23:41,"17,3",00:01,17,"1,1","10,3",03:50,,,,,
2021-02-26,1089U,RAMALES DE LA VICTORIA,CANTABRIA,80,"12,6","0,0","10,7",Varias,"14,6",14:26,09,"0,6","4,2",17:40,,,,,
2021-02-27,1089U,RAMALES DE LA VICTORIA,CANTABRIA,80,"9,6","0,2","5,8",20:13,"13,4",10:39,99,"1,4","6,7",Varias,,,,,
2021-02-28,1089U,RAMALES DE LA VICTORIA,CANTABRIA,80,"7,8","5,2","2,3",06:56,"13,2",14:13,12,"0,3","5,0",15:20,,,,,
2021-03-01,1089U,RAMALES DE LA VICTORIA,CANTABRIA,80,"13,6","0,0","8,1",07:12,"19,0",13:53,27,"1,7","8,9",08:20,,,,,
2021-03-02,1089U,RAMALES DE LA VICTORIA,CANTABRIA,80,"15,5","0,0","11,2",22:17,"19,8",13:46,16,"2,5","13,3",10:50,,,,,
2021-03-03,1089U,RAMALES DE LA VICTORIA,CANTABRIA,80,"13,8","0,0","6,8",23:45,"20,9",14:17,06,"1,4","6,7",14:40,,,,,
2021-03-04,1089U,RAMALES DE LA VICTORIA,CANTABRIA,80,"12,5","0,0","3,7",06:13,"21,3",Varias,08,"0,3","6,4",17:00,,,,,
2021-03-05,1089U,RAMALES DE LA VICTORIA,CANTABRIA,80,"8,2","0,4","4,6",03:00,"11,7",15:13,07,"0,3","3,9",15:50,,,,,
2021-03-06,1089U,RAMALES DE LA VICTORIA,CANTABRIA,80,"9,4","0,0","7,5",23:54,"11,3",11:58,02,"0,8","4,2",15:30,,,,,
2021-03-07,1089U,RAMALES DE LA VICTORIA,CANTABRIA,80,"8,8","0,0","6,7",23:49,"10,9",14:06,06,"0,3","2,8",13:30,,,,,
2021-03-08,1089U,RAMALES DE LA VICTORIA,CANTABRIA,80,"8,4","10,4","6,0",Varias,"10,8",10:48,28,"0,8","5,8",11:10,,,,,
2021-03-09,1089U,RAMALES DE LA VICTORIA,CANTABRIA,80,"5,3","0,0","0,6",23:54,"10,0",14:57,26,"0,3","4,7",10:50,,,,,
2021-03-10,1089U,RAMALES DE LA VICTORIA,CANTABRIA,80,"8,9","0,0","-0,9",06:38,"18,7",14:25,05,"0,0","4,2",14:40,,,,,
2021-03-11,1089U,RAMALES DE LA VICTORIA,CANTABRIA,80,"12,4","2,4","3,9",04:32,"21,0",12:27,26,"0,8","14,7",13:10,,,,,
2021-03-12,1089U,RAMALES DE LA VICTORIA,CANTABRIA,80,"9,0","0,0","3,3",23:59,"14,7",12:36,27,"0,8","7,8",13:40,,,,,
2021-03-13,1089U,RAMALES DE LA VICTORIA,CANTABRIA,80,"8,6","10,0","0,9",06:04,"16,4",12:28,30,"1,7","9,2",14:50,,,,,
2021-03-14,1089U,RAMALES DE LA VICTORIA,CANTABRIA,80,"9,6","2,8","7,0",24:00,"12,3",15:27,30,"1,1","6,7",06:00,,,,,
2021-03-15,1089U,RAMALES DE LA VICTORIA,CANTABRIA,80,"9,0","0,0","3,6",05:54,"14,3",14:03,06,"0,8","7,2",14:20,,,,,
2021-03-16,1089U,RAMALES DE LA VICTORIA,CANTABRIA,80,"11,6","0,0","7,9",05:55,"15,2",12:58,08,"0,8","5,3",13:50,,,,,
2021-03-17,1089U,RAMALES DE LA VICTORIA,CANTABRIA,80,"11,4","5,8","7,2",23:59,"15,5",16:24,05,"1,1","5,3",18:00,,,,,
2021-03-18,1089U,RAMALES DE LA VICTORIA,CANTABRIA,80,"8,4","10,4","5,0",01:43,"11,7",09:28,03,"1,1","6,9",13:00,,,,,
2021-03-19,1089U,RAMALES DE LA VICTORIA,CANTABRIA,80,"8,4","31,4","6,5",Varias,"10,2",13:06,31,"2,5","9,4",13:10,,,,,
2021-03-20,1089U,RAMALES DE LA VICTORIA,CANTABRIA,80,"8,4","0,0","6,0",06:14,"10,7",14:09,05,"1,9","7,8",09:50,,,,,
2021-03-21,1089U,RAMALES DE LA VICTORIA,CANTABRIA,80,"8,2","0,0","6,6",24:00,"9,9",16:12,28,"1,9","6,7",12:10,,,,,
2021-03-22,1089U,RAMALES DE LA VICTORIA,CANTABRIA,80,"8,8","0,0","2,4",23:43,"15,3",14:29,08,"0,8","5,6",16:50,,,,,
2021-03-23,1089U,RAMALES DE LA VICTORIA,CANTABRIA,80,"10,0","0,0","-0,3",06:39,"20,4",13:24,09,"0,8","6,4",15:10,,,,,
2021-03-24,1089U,RAMALES DE LA VICTORIA,CANTABRIA,80,"8,6","0,0","-0,3",06:21,"17,5",11:59,08,"1,4","6,1",13:00,,,,,
2021-03-25,1089U,RAMALES DE LA VICTORIA,CANTABRIA,80,"11,4","0,0","4,3",05:40,"18,4",14:17,07,"1,1","6,1",15:30,,,,,
2021-03-26,1089U,RAMALES DE LA VICTORIA,CANTABRIA,80,"9,0","1,8","3,8",05:46,"14,1",Varias,28,"1,7","6,9",18:50,,,,,
2021-03-27,1089U,RAMALES DE LA VICTORIA,CANTABRIA,80,"11,0","0,2","4,1",23:54,"17,9",15:10,07,"2,2","8,1",13:00,,,,,
2021-03-28,1089U,RAMALES DE LA VICTORIA,CANTABRIA,80,"14,0","0,0","1,6",06:08,"26,5",15:17,04,"1,1","7,2",16:20,,,,,
2021-03-29,1089U,RAMALES DE LA VICTORIA,CANTABRIA,80,"16,9","0,0","8,8",00:07,"25,0",15:49,12,"1,1","10,8",09:50,,,,,
2021-03-30,1089U,RAMALES DE LA VICTORIA,CANTABRIA,80,"20,2","0,0","13,3",21:21,"27,0",14:17,08,"1,7","7,5",09:30,,,,,
2021-03-31,1089U,RAMALES DE LA VICTORIA,CANTABRIA,80,"21,9","0,0","14,7",00:01,"29,1",15:23,09,"1,7","9,7",14:00,,,,,
2021-04-01,1089U,RAMALES DE LA VICTORIA,CANTABRIA,80,"16,8","0,0","11,2",23:03,"22,4",10:28,14,"1,4","9,7",07:40,,,,,
2021-04-02,1089U,RAMALES DE LA VICTORIA,CANTABRIA,80,"15,8","0,0","9,8",23:59,"21,7",13:07,26,"1,4","8,3",15:30,,,,,
2021-04-03,1089U,RAMALES DE LA VICTORIA,CANTABRIA,80,"11,4","0,0","6,6",21:45,"16,2",12:51,33,"1,4","8,1",12:30,,,,,
2021-04-04,1089U,RAMALES DE LA VICTORIA,CANTABRIA,80,"10,0","0,0","3,4",23:53,"16,6",14:08,09,"1,4","8,3",15:00,,,,,
2021-04-05,1089U,RAMALES DE LA VICTORIA,CANTABRIA,80,"9,8","0,0","0,7",05:58,"18,8",13:41,08,"1,7","7,8",15:30,,,,,
2021-04-06,1089U,RAMALES DE LA VICTORIA,CANTABRIA,80,"8,8","1,6","6,7",23:45,"10,9",00:01,30,"0,6","5,3",10:00,,,,,
2021-04-07,1089U,RAMALES DE LA VICTORIA,CANTABRIA,80,"7,8","0,0","1,7",23:56,"13,9",12:33,07,"1,4","8,1",13:50,,,,,
2021-04-08,1089U,RAMALES DE LA VICTORIA,CANTABRIA,80,"12,3","0,0","-0,9",Varias,"25,5",14:15,16,"0,3","6,1",21:40,,,,,
2021-04-09,1089U,RAMALES DE LA VICTORIA,CANTABRIA,80,,"0,4",,,,,,"1,7",,,,,,,
2021-04-10,1089U,RAMALES DE LA VICTORIA,CANTABRIA,80,"15,7","31,8","9,3",00:14,"22,1",11:55,18,"1,1","10,8",09:30,,,,,
2021-04-11,1089U,RAMALES DE LA VICTORIA,CANTABRIA,80,"8,1","8,6","4,5",Varias,"11,7",00:01,29,"1,1","8,6",16:50,,,,,
2021-04-12,1089U,RAMALES DE LA VICTORIA,CANTABRIA,80,"8,4","0,0","2,7",06:02,"14,0",16:10,06,"0,8","5,3",16:50,,,,,
2021-04-13,1089U,RAMALES DE LA VICTORIA,CANTABRIA,80,"9,8","0,0","1,4",05:31,"18,3",13:33,07,"1,1","6,7",11:00,,,,,
2021-04-14,1089U,RAMALES DE LA VICTORIA,CANTABRIA,80,"9,9","0,0","2,7",05:33,"17,1",10:50,06,"1,4","7,5",12:30,,,,,
2021-04-15,1089U,RAMALES DE LA VICTORIA,CANTABRIA,80,"8,2","0,0","0,6",05:41,"15,7",12:31,09,"1,7","7,2",14:00,,,,,
2021-04-16,1089U,RAMALES DE LA VICTORIA,CANTABRIA,80,"7,7","0,0","1,2",05:38,"14,2",12:37,04,"1,1","6,7",13:30,,,,,
2021-04-17,1089U,RAMALES DE LA VICTORIA,CANTABRIA,80,"6,4","0,0","1,1",24:00,"11,8",14:24,07,"0,3","5,8",14:00,,,,,
2021-04-18,1089U,RAMALES DE LA VICTORIA,CANTABRIA,80,"9,3","0,0","-0,9",Varias,"19,5",14:02,04,"1,1","6,9",14:50,,,,,
2021-04-19,1089U,RAMALES DE LA VICTORIA,CANTABRIA,80,"11,4","0,0","1,2",05:16,"21,6",13:26,06,"1,1","6,7",14:10,,,,,
2021-04-20,1089U,RAMALES DE LA VICTORIA,CANTABRIA,80,"12,9","0,0","6,1",03:06,"19,7",11:59,05,"1,4","6,7",12:30,,,,,
2021-04-21,1089U,RAMALES DE LA VICTORIA,CANTABRIA,80,"13,3","0,0","6,6",03:28,"20,0",11:59,05,"0,8","6,1",13:50,,,,,
2021-04-22,1089U,RAMALES DE LA VICTORIA,CANTABRIA,80,"16,8","0,0","10,6",00:57,"23,0",15:19,12,"1,1","8,9",10:30,,,,,
2021-04-23,1089U,RAMALES DE LA VICTORIA,CANTABRIA,80,"19,0","0,0","13,1",01:51,"25,0",14:31,11,"1,9","8,9",09:20,,,,,
2021-04-24,1089U,RAMALES DE LA VICTORIA,CANTABRIA,80,"21,1","0,0","16,2",06:20,"26,0",13:40,10,"1,1","8,1",00:50,,,,,
2021-04-25,1089U,RAMALES DE LA VICTORIA,CANTABRIA,80,"19,8","0,0","14,4",06:05,"25,1",13:05,12,"0,8","7,5",10:00,,,,,
2021-04-26,1089U,RAMALES DE LA VICTORIA,CANTABRIA,80,"15,6","16,6","13,3",05:47,"17,8",09:28,06,"0,8","5,3",15:10,,,,,
2021-04-27,1089U,RAMALES DE LA VICTORIA,CANTABRIA,80,"14,2","0,4","10,4",24:00,"18,0",16:14,31,"1,1","6,1",16:40,,,,,
2021-04-28,1089U,RAMALES DE LA VICTORIA,CANTABRIA,80,"11,2","3,8","9,3",Varias,"13,1",09:56,30,"0,8","5,3",09:50,,,,,
2021-04-29,1089U,RAMALES DE LA VICTORIA,CANTABRIA,80,"11,2","5,2","8,4",22:08,"14,1",13:53,08,"0,0","3,1",14:00,,,,,
2021-04-30,1089U,RAMALES DE LA VICTORIA,CANTABRIA,80,"10,4","0,8","7,7",23:35,"13,2",14:11,24,"0,0","3,9",19:40,,,,,
2021-05-01,1089U,RAMALES DE LA VICTORIA,CANTABRIA,80,"9,9","1,8","4,6",23:56,"15,2",13:12,28,"1,1","7,2",11:10,,,,,
2021-05-02,1089U,RAMALES DE LA VICTORIA,CANTABRIA,80,"10,2","0,6","3,9",04:15,"16,4",10:44,05,"0,8","4,7",11:50,,,,,
2021-05-03,1089U,RAMALES DE LA VICTORIA,CANTABRIA,80,"12,0","0,0","2,8",04:55,"21,1",15:22,06,"0,8","5,8",11:00,,,,,
2021-05-04,1089U,RAMALES DE LA VICTORIA,CANTABRIA,80,"12,8","0,2","4,7",05:10,"20,8",11:59,34,"1,7","7,2",15:00,,,,,
2021-05-05,1089U,RAMALES DE LA VICTORIA,CANTABRIA,80,"16,4","0,4","11,9",23:59,"20,8",14:19,06,"0,8","6,1",15:20,,,,,
2021-05-06,1089U,RAMALES DE LA VICTORIA,CANTABRIA,80,"16,0","0,0","9,2",04:38,"22,8",12:56,36,"1,4","7,8",09:50,,,,,
2021-05-07,1089U,RAMALES DE LA VICTORIA,CANTABRIA,80,"16,1","0,0","11,0",05:05,"21,2",14:25,10,"0,6","5,8",15:40,,,,,
2021-05-08,1089U,RAMALES DE LA VICTORIA,CANTABRIA,80,"19,2","0,0","7,8",05:02,"30,7",12:48,24,"1,1","11,9",11:50,,,,,
2021-05-09,1089U,RAMALES DE LA VICTORIA,CANTABRIA,80,"17,0","5,4","10,1",Varias,"23,9",11:43,26,"2,8","17,5",12:50,,,,,
2021-05-10,1089U,RAMALES DE LA VICTORIA,CANTABRIA,80,"14,9","0,2","7,8",05:16,"22,0",14:17,24,"2,2","14,2",10:50,,,,,
2021-05-11,1089U,RAMALES DE LA VICTORIA,CANTABRIA,80,"12,2","0,0","6,2",05:29,"18,3",14:45,10,"0,8","6,9",12:20,,,,,
2021-05-12,1089U,RAMALES DE LA VICTORIA,CANTABRIA,80,"14,4","4,2","8,7",23:41,"20,1",10:25,18,"2,2","15,6",04:30,,,,,
2021-05-13,1089U,RAMALES DE LA VICTORIA,CANTABRIA,80,"13,0","9,6","7,3",01:53,"18,6",11:20,19,"1,7","8,9",12:10,,,,,
2021-05-14,1089U,RAMALES DE LA VICTORIA,CANTABRIA,80,"14,2","0,2","8,6",05:11,"19,9",13:58,06,"0,8","6,1",15:30,,,,,
2021-05-15,1089U,RAMALES DE LA VICTORIA,CANTABRIA,80,"15,8","4,2","11,2",00:01,"20,5",10:34,03,"0,6","5,6",11:10,,,,,
2021-05-16,1089U,RAMALES DE LA VICTORIA,CANTABRIA,80,"13,2","0,4","11,0",21:28,"15,5",17:15,30,"0,6","8,6",07:50,,,,,
2021-05-17,1089U,RAMALES DE LA VICTORIA,CANTABRIA,80,"13,3","0,0","7,7",23:55,"18,9",13:27,30,"1,4","6,4",10:40,,,,,
2021-05-18,1089U,RAMALES DE LA VICTORIA,CANTABRIA,80,"14,2","3,6","7,5",00:15,"20,9",11:24,06,"0,8","6,9",12:00,,,,,
2021-05-19,1089U,RAMALES DE LA VICTORIA,CANTABRIA,80,"12,8","0,8","7,0",23:52,"18,6",13:39,28,"1,4","6,9",11:50,,,,,
2021-05-20,1089U,RAMALES DE LA VICTORIA,CANTABRIA,80,"15,6","0,0","5,5",04:56,"25,8",14:05,25,"1,1","6,4",16:40,,,,,
2021-05-21,1089U,RAMALES DE LA VICTORIA,CANTABRIA,80,"11,2","0,4","7,5",04:41,"15,0",10:43,26,"1,1","6,9",12:50,,,,,
2021-05-22,1089U,RAMALES DE LA VICTORIA,CANTABRIA,80,"10,0","3,4","5,8",23:37,"14,1",18:03,28,"0,0","5,3",11:30,,,,,
2021-05-23,1089U,RAMALES DE LA VICTORIA,CANTABRIA,80,"12,5","2,8","4,7",05:05,"20,3",14:19,06,"1,1","6,4",15:00,,,,,
2021-05-24,1089U,RAMALES DE LA VICTORIA,CANTABRIA,80,"13,2","2,2","8,3",00:54,"18,2",16:27,30,"1,4","10,0",06:00,,,,,
2021-05-25,1089U,RAMALES DE LA VICTORIA,CANTABRIA,80,"12,0","0,0","6,9",24:00,"17,0",12:50,99,"0,8","5,6",Varias,,,,,
2021-05-26,1089U,RAMALES DE LA VICTORIA,CANTABRIA,80,"13,1","0,0","5,8",Varias,"20,4",13:08,08,"1,4","5,6",14:50,,,,,
2021-05-27,1089U,RAMALES DE LA VICTORIA,CANTABRIA,80,"15,8","0,0","7,1",02:13,"24,6",13:23,08,"1,7","6,7",14:10,,,,,
2021-05-28,1089U,RAMALES DE LA VICTORIA,CANTABRIA,80,"18,0","0,0","11,6",04:17,"24,5",13:02,99,"1,1","5,8",Varias,,,,,
2021-05-29,1089U,RAMALES DE LA VICTORIA,CANTABRIA,80,"15,8","0,0","12,2",24:00,"19,5",14:04,29,"0,8","5,8",15:30,,,,,
2021-05-30,1089U,RAMALES DE LA VICTORIA,CANTABRIA,80,"17,8","0,4","10,0",04:32,"25,5",13:20,08,"1,4","6,7",13:00,,,,,
2021-05-31,1089U,RAMALES DE LA VICTORIA,CANTABRIA,80,"21,0","0,6","12,7",04:55,"29,4",15:57,06,"1,1","6,1",12:10,,,,,
2021-06-01,1089U,RAMALES DE LA VICTORIA,CANTABRIA,80,"20,8","0,0","15,5",23:06,"26,2",13:07,27,"2,5","13,6",07:00,,,,,
2021-06-02,1089U,RAMALES DE LA VICTORIA,CANTABRIA,80,"20,3","12,2","15,4",04:43,"25,2",12:57,08,"1,1","5,6",12:40,,,,,
2021-06-03,1089U,RAMALES DE LA VICTORIA,CANTABRIA,80,"14,6","12,2","12,5",Varias,"16,7",13:37,30,"1,4","5,8",13:50,,,,,
2021-06-04,1089U,RAMALES DE LA VICTORIA,CANTABRIA,80,"13,4","1,2","10,2",23:57,"16,5",14:24,28,"0,3","6,1",09:20,,,,,
2021-06-05,1089U,RAMALES DE LA VICTORIA,CANTABRIA,80,,"0,0",,,,,08,"1,7","6,7",10:10,,,,,
2021-06-06,1089U,RAMALES DE LA VICTORIA,CANTABRIA,80,"18,2","0,0","12,5",23:39,"24,0",13:47,99,"1,4","6,4",Varias,,,,,
2021-06-07,1089U,RAMALES DE LA VICTORIA,CANTABRIA,80,"18,9","0,0","10,8",Varias,"27,0",13:53,08,"1,7","6,7",17:20,,,,,
2021-06-08,1089U,RAMALES DE LA VICTORIA,CANTABRIA,80,"18,0","0,0","11,5",02:08,"24,6",11:00,32,"1,9","6,4",15:00,,,,,
2021-06-09,1089U,RAMALES DE LA VICTORIA,CANTABRIA,80,"18,2","0,0","11,6",23:52,"24,7",11:14,07,"1,4","6,1",11:40,,,,,
2021-06-10,1089U,RAMALES DE LA VICTORIA,CANTABRIA,80,"18,5","0,0","10,2",Varias,"26,8",12:03,07,"1,4","6,7",14:30,,,,,
2021-06-11,1089U,RAMALES DE LA VICTORIA,CANTABRIA,80,"19,2","0,0","13,1",05:11,"25,4",15:09,99,"1,4","6,4",Varias,,,,,
2021-06-12,1089U,RAMALES DE LA VICTORIA,CANTABRIA,80,"21,7","0,0","15,6",23:57,"27,8",13:25,07,"1,4","7,2",14:20,,,,,
2021-06-13,1089U,RAMALES DE LA VICTORIA,CANTABRIA,80,"24,6","0,0","14,9",01:12,"34,3",14:13,08,"1,4","6,7",14:30,,,,,
2021-06-14,1089U,RAMALES DE LA VICTORIA,CANTABRIA,80,"24,0","3,0","17,7",04:59,"30,2",14:37,26,"0,8","5,6",10:20,,,,,
2021-06-15,1089U,RAMALES DE LA VICTORIA,CANTABRIA,80,"23,8","3,4","17,0",04:38,"30,6",13:19,09,"1,7","7,5",14:50,,,,,
2021-06-16,1089U,RAMALES DE LA VICTORIA,CANTABRIA,80,"24,4","9,2","16,8",23:37,"32,1",13:24,16,"2,8","14,2",07:10,,,,,
2021-06-17,1089U,RAMALES DE LA VICTORIA,CANTABRIA,80,"17,7","9,0","16,2",02:53,"19,2",10:59,12,"0,0","2,8",11:30,,,,,
2021-06-18,1089U,RAMALES DE LA VICTORIA,CANTABRIA,80,"20,4","28,6","16,9",Varias,"24,0",13:08,28,"0,8","4,4",11:40,,,,,
2021-06-19,1089U,RAMALES DE LA VICTORIA,CANTABRIA,80,"20,6","0,2","15,0",05:29,"26,3",11:06,12,"1,1","7,2",09:30,,,,,
2021-06-20,1089U,RAMALES DE LA VICTORIA,CANTABRIA,80,"20,2","0,0","14,2",23:01,"26,1",15:59,28,"3,9","19,2",06:30,,,,,
2021-06-21,1089U,RAMALES DE LA VICTORIA,CANTABRIA,80,"17,7","15,2","12,5",23:58,"22,9",10:44,22,"1,7","10,3",05:40,,,,,
2021-06-22,1089U,RAMALES DE LA VICTORIA,CANTABRIA,80,"15,5","33,8","12,5",00:01,"18,5",17:25,29,"1,4","7,5",16:30,,,,,
2021-06-23,1089U,RAMALES DE LA VICTORIA,CANTABRIA,80,"14,3","0,0","12,9",04:59,"15,7",09:05,32,"2,2","9,4",12:00,,,,,
2021-06-24,1089U,RAMALES DE LA VICTORIA,CANTABRIA,80,"17,2","0,0","12,4",24:00,"21,9",12:19,04,"0,8","5,8",12:40,,,,,
2021-06-25,1089U,RAMALES DE LA VICTORIA,CANTABRIA,80,"17,6","0,0","10,9",04:34,"24,4",12:45,06,"0,8","6,1",12:30,,,,,
2021-06-26,1089U,RAMALES DE LA VICTORIA,CANTABRIA,80,"18,4","0,0","14,5",05:13,"22,2",10:15,28,"0,8","5,3",14:00,,,,,
2021-06-27,1089U,RAMALES DE LA VICTORIA,CANTABRIA,80,"15,4","0,0","11,3",23:49,"19,6",17:31,32,"1,1","6,4",10:10,,,,,
2021-06-28,1089U,RAMALES DE LA VICTORIA,CANTABRIA,80,"15,0","3,2","10,2",01:21,"19,8",13:56,25,"0,6","7,5",18:50,,,,,
2021-06-29,1089U,RAMALES DE LA VICTORIA,CANTABRIA,80,"17,8","0,0","14,3",23:44,"21,4",13:50,28,"0,8","8,6",15:10,,,,,
2021-06-30,1089U,RAMALES DE LA VICTORIA,CANTABRIA,80,"18,3","0,0","14,3",00:08,"22,3",13:25,05,"0,8","4,7",13:50,,,,,
2021-07-01,1089U,RAMALES DE LA VICTORIA,CANTABRIA,80,"18,5","0,0","15,0",23:11,"22,0",12:04,05,"0,8","3,3",11:10,,,,,
2021-07-02,1089U,RAMALES DE LA VICTORIA,CANTABRIA,80,"20,5","1,2","13,5",Varias,"27,5",Varias,28,"1,4","7,5",14:30,,,,,
2021-07-03,1089U,RAMALES DE LA VICTORIA,CANTABRIA,80,"20,4","0,0","16,4",05:38,"24,3",10:41,27,"0,3","4,7",01:10,,,,,
2021-07-04,1089U,RAMALES DE LA VICTORIA,CANTABRIA,80,"21,2","0,0","15,7",23:45,"26,7",14:10,07,"0,8","6,9",16:00,,,,,
2021-07-05,1089U,RAMALES DE LA VICTORIA,CANTABRIA,80,"23,8","1,4","13,4",04:44,"34,3",15:40,12,"1,1","10,0",13:40,,,,,
2021-07-06,1089U,RAMALES DE LA VICTORIA,CANTABRIA,80,"17,6","4,0","15,0",Varias,"20,2",18:45,99,"0,6","4,7",Varias,,,,,
2021-07-07,1089U,RAMALES DE LA VICTORIA,CANTABRIA,80,"16,6","10,4","12,9",22:08,"20,2",14:47,27,"1,1","6,1",17:20,,,,,
2021-07-08,1089U,RAMALES DE LA VICTORIA,CANTABRIA,80,"16,9","0,0","12,7",02:56,"21,1",12:24,05,"0,6","5,6",12:40,,,,,
2021-07-09,1089U,RAMALES DE LA VICTORIA,CANTABRIA,80,"17,5","0,0","10,4",04:30,"24,6",12:51,06,"1,4","6,7",12:40,,,,,
2021-07-10,1089U,RAMALES DE LA VICTORIA,CANTABRIA,80,"20,2","0,0","14,5",24:00,"26,0",12:31,11,"1,7","7,5",16:40,,,,,
2021-07-11,1089U,RAMALES DE LA VICTORIA,CANTABRIA,80,"20,8","0,2","13,5",02:44,"28,0",13:10,99,"1,1","8,3",15:40,,,,,
2021-07-12,1089U,RAMALES DE LA VICTORIA,CANTABRIA,80,"17,5","5,2","14,3",Varias,"20,7",13:03,25,"1,9","10,0",16:50,,,,,
2021-07-13,1089U,RAMALES DE LA VICTORIA,CANTABRIA,80,"16,8","0,6","13,7",03:13,"20,0",13:50,32,"1,4","10,3",15:50,,,,,
2021-07-14,1089U,RAMALES DE LA VICTORIA,CANTABRIA,80,"17,2","0,2","14,3",24:00,"20,0",17:03,25,"1,1","5,0",12:30,,,,,
2021-07-15,1089U,RAMALES DE LA VICTORIA,CANTABRIA,80,"18,6","0,0","12,9",23:56,"24,2",14:12,06,"1,4","6,4",13:10,,,,,
2021-07-16,1089U,RAMALES DE LA VICTORIA,CANTABRIA,80,"18,8","0,0","11,2",02:19,"26,4",14:00,08,"1,1","6,7",15:40,,,,,
2021-07-17,1089U,RAMALES DE LA VICTORIA,CANTABRIA,80,"20,2","0,0","11,4",04:49,"29,0",15:28,99,"1,4","5,8",Varias,,,,,
2021-07-18,1089U,RAMALES DE LA VICTORIA,CANTABRIA,80,"21,3","0,0","13,0",05:10,"29,6",13:32,08,"1,4","7,5",14:30,,,,,
2021-07-19,1089U,RAMALES DE LA VICTORIA,CANTABRIA,80,"22,4","0,0","14,4",05:05,"30,3",13:33,04,"0,8","6,1",15:10,,,,,
2021-07-20,1089U,RAMALES DE LA VICTORIA,CANTABRIA,80,"20,6","0,0","12,3",05:07,"28,9",13:06,07,"1,7","7,5",13:50,,,,,
2021-07-21,1089U,RAMALES DE LA VICTORIA,CANTABRIA,80,"21,2","0,8","17,9",00:01,"24,4",13:01,05,"0,8","5,0",13:20,,,,,
2021-07-22,1089U,RAMALES DE LA VICTORIA,CANTABRIA,80,"21,1","0,6","18,4",04:55,"23,8",Varias,06,"0,6","4,7",12:30,,,,,
2021-07-23,1089U,RAMALES DE LA VICTORIA,CANTABRIA,80,"21,2","0,0","17,9",23:56,"24,4",17:10,27,"1,4","9,2",12:40,,,,,
2021-07-24,1089U,RAMALES DE LA VICTORIA,CANTABRIA,80,"21,2","2,2","16,3",05:41,"26,1",12:14,07,"1,4","6,4",12:50,,,,,
2021-07-25,1089U,RAMALES DE LA VICTORIA,CANTABRIA,80,"20,2","0,0","16,4",04:44,"23,9",10:41,10,"0,3","5,0",14:00,,,,,
2021-07-26,1089U,RAMALES DE LA VICTORIA,CANTABRIA,80,"20,2","0,0","16,0",04:50,"24,5",11:42,04,"0,8","5,8",12:50,,,,,
2021-07-27,1089U,RAMALES DE LA VICTORIA,CANTABRIA,80,"17,8","1,2","13,3",05:04,"22,4",14:00,29,"0,8","4,4",15:30,,,,,
2021-07-28,1089U,RAMALES DE LA VICTORIA,CANTABRIA,80,"17,8","0,0","13,3",23:56,"22,4",12:13,06,"0,3","4,7",12:10,,,,,
2021-07-29,1089U,RAMALES DE LA VICTORIA,CANTABRIA,80,"17,3","0,4","11,8",02:05,"22,8",12:06,07,"0,8","4,7",09:50,,,,,
2021-07-30,1089U,RAMALES DE LA VICTORIA,CANTABRIA,80,"19,6","3,8","15,2",Varias,"24,0",12:23,29,"0,6","5,8",13:20,,,,,
2021-07-31,1089U,RAMALES DE LA VICTORIA,CANTABRIA,80,"16,0","2,6","12,6",23:42,"19,5",15:51,25,"0,6","11,4",16:40,,,,,
2021-08-01,1089U,RAMALES DE LA VICTORIA,CANTABRIA,80,"18,1","0,0","12,7",00:01,"23,5",14:52,29,"1,7","6,9",14:50,,,,,
2021-08-02,1089U,RAMALES DE LA VICTORIA,CANTABRIA,80,"18,0","0,0","11,5",Varias,"24,4",12:17,06,"0,8","5,8",11:30,,,,,
2021-08-03,1089U,RAMALES DE LA VICTORIA,CANTABRIA,80,"18,8","23,2","13,4",03:21,"24,3",11:40,06,"0,8","5,8",14:10,,,,,
2021-08-04,1089U,RAMALES DE LA VICTORIA,CANTABRIA,80,"20,4","2,6","16,9",23:59,"23,9",13:38,30,"1,1","7,5",16:20,,,,,
2021-08-05,1089U,RAMALES DE LA VICTORIA,CANTABRIA,80,"22,1","4,8","14,7",03:09,"29,5",12:33,25,"2,2","8,6",17:30,,,,,
2021-08-06,1089U,RAMALES DE LA VICTORIA,CANTABRIA,80,"17,2","0,8","14,9",23:54,"19,5",14:24,06,"0,3","5,0",11:20,,,,,
2021-08-07,1089U,RAMALES DE LA VICTORIA,CANTABRIA,80,"16,4","0,8","12,9",Varias,"20,0",12:32,27,"1,4","6,9",12:00,,,,,
2021-08-08,1089U,RAMALES DE LA VICTORIA,CANTABRIA,80,"18,3","0,0","13,4",24:00,"23,2",11:15,06,"1,1","6,1",13:40,,,,,
2021-08-09,1089U,RAMALES DE LA VICTORIA,CANTABRIA,80,"18,7","0,0","11,5",03:58,"25,9",13:59,07,"1,1","6,1",14:50,,,,,
2021-08-10,1089U,RAMALES DE LA VICTORIA,CANTABRIA,80,"20,2","0,0","14,5",01:38,"25,9",10:14,06,"0,3","5,0",10:00,,,,,
2021-08-11,1089U,RAMALES DE LA VICTORIA,CANTABRIA,80,"19,8","0,6","14,5",05:37,"25,0",12:39,06,"0,6","3,9",Varias,,,,,
2021-08-12,1089U,RAMALES DE LA VICTORIA,CANTABRIA,80,"20,4","0,0","18,5",04:37,"22,4",15:24,30,"0,6","5,8",12:30,,,,,
2021-08-13,1089U,RAMALES DE LA VICTORIA,CANTABRIA,80,"22,8","0,2","18,1",05:54,"27,5",14:01,08,"1,4","6,7",15:10,,,,,
2021-08-14,1089U,RAMALES DE LA VICTORIA,CANTABRIA,80,"21,8","0,2","19,5",05:36,"24,0",12:45,26,"0,6","5,0",14:40,,,,,
2021-08-15,1089U,RAMALES DE LA VICTORIA,CANTABRIA,80,"19,5","0,2","16,8",23:31,"22,2",11:07,26,"0,8","6,4",15:10,,,,,
2021-08-16,1089U,RAMALES DE LA VICTORIA,CANTABRIA,80,"18,8","1,0","15,1",Varias,"22,4",13:11,28,"1,1","7,2",13:20,,,,,
2021-08-17,1089U,RAMALES DE LA VICTORIA,CANTABRIA,80,"18,2","0,0","15,4",05:39,"20,9",13:15,03,"1,1","5,8",13:00,,,,,
2021-08-18,1089U,RAMALES DE LA VICTORIA,CANTABRIA,80,"17,3","1,0","15,1",Varias,"19,5",11:30,06,"0,8","6,7",14:00,,,,,
2021-08-19,1089U,RAMALES DE LA VICTORIA,CANTABRIA,80,"19,0","0,0","15,0",Varias,"23,0",13:01,08,"0,8","5,8",14:50,,,,,
2021-08-20,1089U,RAMALES DE LA VICTORIA,CANTABRIA,80,"20,3","0,0","12,2",04:50,"28,4",13:44,05,"1,4","6,1",14:10,,,,,
2021-08-21,1089U,RAMALES DE LA VICTORIA,CANTABRIA,80,"22,0","0,0","15,1",06:01,"28,8",13:54,06,"1,1","6,4",14:10,,,,,
2021-08-22,1089U,RAMALES DE LA VICTORIA,CANTABRIA,80,"20,2","0,6","13,4",04:46,"27,0",11:58,99,"0,8","5,8",Varias,,,,,
2021-08-23,1089U,RAMALES DE LA VICTORIA,CANTABRIA,80,"19,6","0,2","14,3",23:59,"25,0",14:27,04,"0,6","5,6",16:20,,,,,
2021-08-24,1089U,RAMALES DE LA VICTORIA,CANTABRIA,80,"19,8","0,0","13,8",Varias,"25,8",12:57,05,"1,1","6,1",14:30,,,,,
2021-08-25,1089U,RAMALES DE LA VICTORIA,CANTABRIA,80,"19,8","0,0","11,5",04:18,"28,2",13:16,05,"0,6","6,4",14:20,,,,,
2021-08-26,1089U,RAMALES DE LA VICTORIA,CANTABRIA,80,"21,2","0,0","13,4",03:13,"29,1",12:59,11,"1,4","7,2",15:20,,,,,
2021-08-27,1089U,RAMALES DE LA VICTORIA,CANTABRIA,80,"21,0","0,0","12,6",04:58,"29,3",13:26,06,"0,8","7,2",14:00,,,,,
2021-08-28,1089U,RAMALES DE LA VICTORIA,CANTABRIA,80,"18,8","0,0","12,0",23:34,"25,5",12:33,06,"1,4","7,5",14:20,,,,,
2021-08-29,1089U,RAMALES DE LA VICTORIA,CANTABRIA,80,"17,8","0,0","10,4",05:33,"25,1",13:39,05,"1,1","6,7",13:20,,,,,
2021-08-30,1089U,RAMALES DE LA VICTORIA,CANTABRIA,80,"18,1","0,0","11,0",04:52,"25,2",13:16,08,"1,1","6,1",14:40,,,,,
2021-08-31,1089U,RAMALES DE LA VICTORIA,CANTABRIA,80,"19,6","0,0","11,5",05:54,"27,8",12:02,07,"0,8","7,5",15:00,,,,,
2021-09-01,1089U,RAMALES DE LA VICTORIA,CANTABRIA,80,"20,4","11,8","13,3",04:07,"27,5",14:25,09,"0,8","5,0",14:20,,,,,
2021-09-02,1089U,RAMALES DE LA VICTORIA,CANTABRIA,80,"20,2","6,6","17,2",00:41,"23,1",11:57,30,"0,6","3,6",13:00,,,,,
2021-09-03,1089U,RAMALES DE LA VICTORIA,CANTABRIA,80,"20,4","0,0","17,1",04:48,"23,8",14:20,25,"0,8","6,4",12:30,,,,,
2021-09-04,1089U,RAMALES DE LA VICTORIA,CANTABRIA,80,"19,6","0,0","15,0",22:44,"24,1",12:58,06,"0,6","5,3",12:40,,,,,
2021-09-05,1089U,RAMALES DE LA VICTORIA,CANTABRIA,80,"22,8","0,0","12,8",05:35,"32,7",13:49,08,"0,6","5,8",14:10,,,,,
2021-09-06,1089U,RAMALES DE LA VICTORIA,CANTABRIA,80,"26,0","0,0","15,6",06:17,"36,5",12:43,06,"0,3","4,4",14:50,,,,,
2021-09-07,1089U,RAMALES DE LA VICTORIA,CANTABRIA,80,"27,0","0,0","18,1",23:54,"35,8",13:48,29,"2,2","8,6",18:00,,,,,
2021-09-08,1089U,RAMALES DE LA VICTORIA,CANTABRIA,80,"22,6","5,4","15,8",05:50,"29,3",11:07,08,"1,4","6,7",13:20,,,,,
2021-09-09,1089U,RAMALES DE LA VICTORIA,CANTABRIA,80,"21,6","20,4","16,1",22:00,"27,0",14:28,25,"0,8","14,4",18:20,,,,,
2021-09-10,1089U,RAMALES DE LA VICTORIA,CANTABRIA,80,"20,1","0,0","15,2",05:47,"25,0",15:21,27,"1,1","6,7",01:50,,,,,
2021-09-11,1089U,RAMALES DE LA VICTORIA,CANTABRIA,80,"21,6","0,0","14,4",06:34,"28,7",13:41,11,"0,8","5,8",16:00,,,,,
2021-09-12,1089U,RAMALES DE LA VICTORIA,CANTABRIA,80,"23,0","0,0","15,7",00:54,"30,4",13:55,06,"0,8","5,6",13:30,,,,,
2021-09-13,1089U,RAMALES DE LA VICTORIA,CANTABRIA,80,"23,6","0,6","15,6",Varias,"31,6",14:27,25,"1,1","13,3",17:20,,,,,
2021-09-14,1089U,RAMALES DE LA VICTORIA,CANTABRIA,80,"21,6","0,2","17,5",23:36,"25,8",14:19,19,"0,6","8,6",09:50,,,,,
2021-09-15,1089U,RAMALES DE LA VICTORIA,CANTABRIA,80,"20,4","32,6","14,8",06:10,"26,0",10:30,99,"0,6","5,0",Varias,,,,,
2021-09-16,1089U,RAMALES DE LA VICTORIA,CANTABRIA,80,"18,4","0,2","14,8",21:32,"22,0",14:15,07,"0,6","5,8",12:20,,,,,
2021-09-17,1089U,RAMALES DE LA VICTORIA,CANTABRIA,80,"20,0","7,2","13,7",06:02,"26,4",13:11,30,"1,1","6,9",20:10,,,,,
2021-09-18,1089U,RAMALES DE LA VICTORIA,CANTABRIA,80,"17,2","0,6","13,6",21:51,"20,9",10:29,28,"1,7","9,2",11:40,,,,,
2021-09-19,1089U,RAMALES DE LA VICTORIA,CANTABRIA,80,"16,6","9,4","9,9",06:11,"23,4",14:02,28,"1,4","7,8",10:10,,,,,
2021-09-20,1089U,RAMALES DE LA VICTORIA,CANTABRIA,80,"16,2","15,8","13,6",Varias,"18,8",10:39,26,"0,3","6,1",12:00,,,,,
2021-09-21,1089U,RAMALES DE LA VICTORIA,CANTABRIA,80,"15,6","14,6","10,8",03:20,"20,5",14:19,32,"0,3","4,2",15:10,,,,,
2021-09-22,1089U,RAMALES DE LA VICTORIA,CANTABRIA,80,"18,0","0,0","12,7",06:34,"23,4",13:03,07,"1,1","6,7",13:40,,,,,
2021-09-23,1089U,RAMALES DE LA VICTORIA,CANTABRIA,80,"18,1","0,0","14,0",05:01,"22,2",16:03,06,"0,3","3,3",11:50,,,,,
2021-09-24,1089U,RAMALES DE LA VICTORIA,CANTABRIA,80,"18,0","1,2","12,7",04:41,"23,2",14:54,20,"0,8","7,5",20:30,,,,,
2021-09-25,1089U,RAMALES DE LA VICTORIA,CANTABRIA,80,"20,2","1,0","13,9",23:21,"26,6",11:21,21,"1,4","10,3",00:30,,,,,
2021-09-26,1089U,RAMALES DE LA VICTORIA,CANTABRIA,80,"18,7","0,0","11,3",06:29,"26,1",13:17,17,"0,8","8,9",23:30,,,,,
2021-09-27,1089U,RAMALES DE LA VICTORIA,CANTABRIA,80,"18,6","0,8","14,6",22:39,"22,7",01:27,18,"0,8","10,3",00:10,,,,,
2021-09-28,1089U,RAMALES DE LA VICTORIA,CANTABRIA,80,"16,4","1,4","12,9",23:58,"19,9",11:48,26,"0,8","6,4",15:30,,,,,
2021-09-29,1089U,RAMALES DE LA VICTORIA,CANTABRIA,80,"15,8","3,2","9,5",04:46,"22,0",11:47,30,"0,6","9,4",15:00,,,,,
2021-09-30,1089U,RAMALES DE LA VICTORIA,CANTABRIA,80,"16,2","0,0","10,2",22:55,"22,2",12:26,07,"0,3","5,6",14:10,,,,,
2021-10-01,1089U,RAMALES DE LA VICTORIA,CANTABRIA,80,"17,4","0,0","10,4",05:54,"24,4",14:00,07,"0,6","4,2",14:40,,,,,
2021-10-02,1089U,RAMALES DE LA VICTORIA,CANTABRIA,80,"18,4","16,2","11,0",Varias,"25,8",16:11,28,"4,2","26,4",20:40,,,,,
2021-10-03,1089U,RAMALES DE LA VICTORIA,CANTABRIA,80,"16,2","0,8","8,2",23:55,"24,3",01:21,29,"0,6","27,8",00:50,,,,,
2021-10-04,1089U,RAMALES DE LA VICTORIA,CANTABRIA,80,"14,5","1,0","7,1",03:12,"21,9",13:53,02,"0,8","5,0",13:00,,,,,
2021-10-05,1089U,RAMALES DE LA VICTORIA,CANTABRIA,80,"13,9","18,2","10,6",00:01,"17,2",11:40,24,"0,6","6,9",09:20,,,,,
2021-10-06,1089U,RAMALES DE LA VICTORIA,CANTABRIA,80,"15,2","0,0","9,3",23:30,"21,0",12:54,06,"0,8","4,7",13:00,,,,,
2021-10-07,1089U,RAMALES DE LA VICTORIA,CANTABRIA,80,"15,2","0,0","6,8",07:02,"23,5",14:27,08,"0,6","5,3",17:00,,,,,
2021-10-08,1089U,RAMALES DE LA VICTORIA,CANTABRIA,80,"15,0","0,0","6,8",07:07,"23,1",13:57,08,"0,8","6,1",15:10,,,,,
2021-10-09,1089U,RAMALES DE LA VICTORIA,CANTABRIA,80,"13,0","0,0","5,4",05:48,"20,7",12:35,08,"0,6","4,7",14:40,,,,,
2021-10-10,1089U,RAMALES DE LA VICTORIA,CANTABRIA,80,"15,7","0,0","11,9",23:55,"19,5",12:17,04,"0,6","5,3",16:20,,,,,
2021-10-11,1089U,RAMALES DE LA VICTORIA,CANTABRIA,80,"14,6","0,0","7,3",23:54,"21,8",13:53,09,"0,3","6,1",14:50,,,,,
2021-10-12,1089U,RAMALES DE LA VICTORIA,CANTABRIA,80,"13,3","0,0","6,2",06:59,"20,4",13:25,07,"0,6","6,1",14:20,,,,,
2021-10-13,1089U,RAMALES DE LA VICTORIA,CANTABRIA,80,"13,0","0,0","5,6",06:58,"20,3",13:39,06,"0,6","6,1",15:20,,,,,
2021-10-14,1089U,RAMALES DE LA VICTORIA,CANTABRIA,80,"13,0","0,0","4,3",06:44,"21,8",14:53,06,"0,6","3,3",14:20,,,,,
2021-10-15,1089U,RAMALES DE LA VICTORIA,CANTABRIA,80,"13,6","0,0","5,7",06:35,"21,6",12:35,06,"1,1","5,8",13:40,,,,,
2021-10-16,1089U,RAMALES DE LA VICTORIA,CANTABRIA,80,"13,7","0,0","7,7",06:46,"19,7",13:04,03,"0,6","3,1",12:10,,,,,
2021-10-17,1089U,RAMALES DE LA VICTORIA,CANTABRIA,80,"16,7","0,0","10,5",23:59,"22,9",12:09,05,"0,3","3,3",14:40,,,,,
2021-10-18,1089U,RAMALES DE LA VICTORIA,CANTABRIA,80,"16,4","0,0","8,7",05:41,"24,0",13:30,24,"0,0","1,7",14:10,,,,,
2021-10-22,1089U,RAMALES DE LA VICTORIA,CANTABRIA,80,"13,0","2,4","9,8",00:01,"16,1",12:58,25,"0,6","5,3",16:00,,,,,
2021-10-23,1089U,RAMALES DE LA VICTORIA,CANTABRIA,80,"12,4","0,0","6,3",24:00,"18,5",13:26,25,"0,6","3,3",12:20,,,,,
2021-10-24,1089U,RAMALES DE LA VICTORIA,CANTABRIA,80,"12,8","0,2","3,9",Varias,"21,6",14:05,07,"0,6","5,0",14:20,,,,,
2021-10-25,1089U,RAMALES DE LA VICTORIA,CANTABRIA,80,"13,3","0,0","7,0",01:03,"19,6",11:40,28,"0,6","4,7",14:00,,,,,
2021-10-26,1089U,RAMALES DE LA VICTORIA,CANTABRIA,80,"13,8","0,0","6,3",07:39,"21,2",14:10,06,"0,6","4,2",12:40,,,,,
2021-10-27,1089U,RAMALES DE LA VICTORIA,CANTABRIA,80,"12,8","0,0","3,9",07:08,"21,6",14:20,07,"0,3","4,2",15:10,,,,,
2021-10-28,1089U,RAMALES DE LA VICTORIA,CANTABRIA,80,"13,6","0,0","3,7",06:53,"23,5",13:45,24,"1,4","20,8",21:00,,,,,
2021-10-29,1089U,RAMALES DE LA VICTORIA,CANTABRIA,80,"17,0","1,0","14,2",18:36,"19,8",00:03,28,"1,9","20,0",01:20,,,,,
2021-10-30,1089U,RAMALES DE LA VICTORIA,CANTABRIA,80,"16,3","0,0","11,1",22:57,"21,5",04:24,16,"1,4","11,9",03:50,,,,,
2021-10-31,1089U,RAMALES DE LA VICTORIA,CANTABRIA,80,"18,1","7,0","12,3",23:59,"23,9",10:53,23,"1,9","21,7",03:50,,,,,
2021-11-01,1089U,RAMALES DE LA VICTORIA,CANTABRIA,80,"13,6","0,0","9,4",Varias,"17,9",14:26,27,"1,1","8,9",11:40,,,,,
2021-11-02,1089U,RAMALES DE LA VICTORIA,CANTABRIA,80,"14,6","16,4","7,7",Varias,"21,6",13:54,19,"1,7","11,9",10:00,,,,,
2021-11-03,1089U,RAMALES DE LA VICTORIA,CANTABRIA,80,"9,4","21,4","7,3",22:43,"11,6",14:40,20,"0,8","8,9",08:00,,,,,
2021-11-04,1089U,RAMALES DE LA VICTORIA,CANTABRIA,80,"8,6","28,4","6,5",05:02,"10,7",13:12,26,"0,3","9,7",20:40,,,,,
2021-11-05,1089U,RAMALES DE LA VICTORIA,CANTABRIA,80,"8,3","12,2","5,9",23:31,"10,7",11:45,11,"0,3","5,8",14:20,,,,,
2021-11-06,1089U,RAMALES DE LA VICTORIA,CANTABRIA,80,"9,2","0,2","4,1",Varias,"14,2",11:26,06,"0,3","5,0",14:00,,,,,
2021-11-07,1089U,RAMALES DE LA VICTORIA,CANTABRIA,80,"8,6","0,2","3,9",01:05,"13,3",13:25,34,"0,8","5,0",13:30,,,,,
2021-11-08,1089U,RAMALES DE LA VICTORIA,CANTABRIA,80,"13,2","0,4","10,3",02:05,"16,2",12:36,28,"1,4","5,8",11:50,,,,,
2021-11-09,1089U,RAMALES DE LA VICTORIA,CANTABRIA,80,"11,6","0,0","6,8",23:30,"16,5",12:58,08,"0,6","5,3",14:20,,,,,
2021-11-10,1089U,RAMALES DE LA VICTORIA,CANTABRIA,80,"9,4","0,2","3,8",23:55,"15,0",13:32,07,"0,3","4,2",15:00,,,,,
2021-11-11,1089U,RAMALES DE LA VICTORIA,CANTABRIA,80,"9,3","0,0","2,7",07:01,"15,9",13:43,05,"0,3","3,6",12:30,,,,,
2021-11-12,1089U,RAMALES DE LA VICTORIA,CANTABRIA,80,"13,0","0,0","10,4",Varias,"15,6",13:45,30,"0,8","4,2",13:00,,,,,
2021-11-13,1089U,RAMALES DE LA VICTORIA,CANTABRIA,80,"14,1","0,0","10,8",Varias,"17,4",13:46,34,"0,6","6,4",13:40,,,,,
2021-11-14,1089U,RAMALES DE LA VICTORIA,CANTABRIA,80,"11,9","5,2","9,1",05:42,"14,7",12:23,28,"1,1","7,8",12:20,,,,,
2021-11-15,1089U,RAMALES DE LA VICTORIA,CANTABRIA,80,"11,6","5,4","9,4",23:29,"13,7",13:25,30,"1,1","6,7",14:20,,,,,
2021-11-16,1089U,RAMALES DE LA VICTORIA,CANTABRIA,80,"10,2","2,6","9,1",01:45,"11,4",Varias,28,"0,0","4,4",05:10,,,,,
2021-11-17,1089U,RAMALES DE LA VICTORIA,CANTABRIA,80,"10,2","0,2","8,7",Varias,"11,8",13:24,30,"0,8","3,6",08:30,,,,,
2021-11-18,1089U,RAMALES DE LA VICTORIA,CANTABRIA,80,"9,2","0,0","5,0",Varias,"13,3",13:20,24,"0,0","2,2",13:30,,,,,
2021-11-19,1089U,RAMALES DE LA VICTORIA,CANTABRIA,80,"8,2","0,0","2,4",04:02,"14,0",14:18,10,"0,3","6,7",21:50,,,,,
2021-11-20,1089U,RAMALES DE LA VICTORIA,CANTABRIA,80,"10,6","0,0","3,5",04:53,"17,6",11:45,28,"0,3","5,8",09:50,,,,,
2021-11-21,1089U,RAMALES DE LA VICTORIA,CANTABRIA,80,"9,8","27,6","4,8",05:45,"14,8",11:10,25,"0,3","10,3",22:50,,,,,
2021-11-22,1089U,RAMALES DE LA VICTORIA,CANTABRIA,80,"7,6","10,2","5,3",07:13,"9,9",13:26,27,"0,6","8,9",00:30,,,,,
2021-11-23,1089U,RAMALES DE LA VICTORIA,CANTABRIA,80,"8,6","20,4","7,6",23:47,"9,6",12:18,24,"1,4","3,9",13:50,,,,,
2021-11-24,1089U,RAMALES DE LA VICTORIA,CANTABRIA,80,"10,4","22,2","7,4",05:49,"13,5",13:04,28,"0,3","8,3",23:10,,,,,
2021-11-25,1089U,RAMALES DE LA VICTORIA,CANTABRIA,80,"8,4","28,4","6,9",17:45,"9,9",00:01,28,"1,1","9,2",21:30,,,,,
2021-11-26,1089U,RAMALES DE LA VICTORIA,CANTABRIA,80,"8,5","38,0","7,0",05:39,"10,0",12:03,16,"1,1","6,1",22:40,,,,,
2021-11-27,1089U,RAMALES DE LA VICTORIA,CANTABRIA,80,"7,0","52,6","3,6",17:24,"10,4",00:25,27,"2,8","16,4",04:50,,,,,
2021-11-28,1089U,RAMALES DE LA VICTORIA,CANTABRIA,80,"8,4","114,4","5,1",00:32,"11,8",23:28,26,"0,8","10,0",09:30,,,,,
2021-11-29,1089U,RAMALES DE LA VICTORIA,CANTABRIA,80,"10,8","30,8","9,8",23:47,"11,9",09:14,26,"1,1","10,6",09:10,,,,,
2021-11-30,1089U,RAMALES DE LA VICTORIA,CANTABRIA,80,"8,6","0,0","4,9",20:32,"12,4",12:24,99,"0,6","2,5",00:30,,,,,
2021-12-01,1089U,RAMALES DE LA VICTORIA,CANTABRIA,80,"9,0","46,8","5,7",02:45,"12,2",13:50,31,"0,6","7,2",16:00,,,,,
2021-12-02,1089U,RAMALES DE LA VICTORIA,CANTABRIA,80,"8,4","18,8","6,2",03:53,"10,6",14:23,24,"1,9","9,4",10:20,,,,,
2021-12-03,1089U,RAMALES DE LA VICTORIA,CANTABRIA,80,"9,8","1,0","6,4",23:51,"13,2",13:54,26,"0,6","4,7",00:10,,,,,
2021-12-04,1089U,RAMALES DE LA VICTORIA,CANTABRIA,80,"10,2","47,0","5,7",Varias,"14,6",12:29,26,"1,4","10,8",10:20,,,,,
2021-12-05,1089U,RAMALES DE LA VICTORIA,CANTABRIA,80,"8,8","25,4","7,2",03:51,"10,4",13:06,28,"1,9","17,5",13:30,,,,,
2021-12-06,1089U,RAMALES DE LA VICTORIA,CANTABRIA,80,"11,0","5,8","8,1",00:01,"13,9",16:56,27,"0,6","6,4",18:30,,,,,
2021-12-07,1089U,RAMALES DE LA VICTORIA,CANTABRIA,80,"13,6","21,6","7,8",22:52,"19,4",12:38,26,"2,8","21,1",15:00,,,,,
2021-12-08,1089U,RAMALES DE LA VICTORIA,CANTABRIA,80,"7,0","49,2","4,4",18:21,"9,6",01:10,32,"2,2","13,6",05:10,,,,,
2021-12-09,1089U,RAMALES DE LA VICTORIA,CANTABRIA,80,"10,2","58,0","5,6",00:42,"14,8",19:44,29,"2,2","11,4",19:10,,,,,
2021-12-10,1089U,RAMALES DE LA VICTORIA,CANTABRIA,80,"12,6","33,0","10,4",Varias,"14,9",04:54,36,"3,1","14,4",10:40,,,,,
2021-12-11,1089U,RAMALES DE LA VICTORIA,CANTABRIA,80,"11,6","20,6","9,4",23:59,"13,9",13:24,99,"1,9","6,4",Varias,,,,,
2021-12-12,1089U,RAMALES DE LA VICTORIA,CANTABRIA,80,"8,2","0,0","4,0",Varias,"12,3",13:09,34,"0,3","1,7",08:20,,,,,
2021-12-13,1089U,RAMALES DE LA VICTORIA,CANTABRIA,80,,"0,0",,,,,,"0,3",,,,,,,
2021-12-14,1089U,RAMALES DE LA VICTORIA,CANTABRIA,80,"4,8","0,0","-0,4",07:09,"9,9",13:16,99,"0,3","1,7",Varias,,,,,
2021-12-15,1089U,RAMALES DE LA VICTORIA,CANTABRIA,80,"4,0","0,0","-0,6",Varias,"8,7",13:12,99,"0,3","1,4",13:40,,,,,
2021-12-16,1089U,RAMALES DE LA VICTORIA,CANTABRIA,80,"4,4","0,0","-0,5",06:12,"9,3",13:01,21,"0,3","1,7",13:40,,,,,
2021-12-17,1089U,RAMALES DE LA VICTORIA,CANTABRIA,80,"3,8","0,0","-1,2",08:02,"8,8",12:57,17,"0,0","1,7",14:10,,,,,
2021-12-18,1089U,RAMALES DE LA VICTORIA,CANTABRIA,80,"4,4","0,0","-1,0",07:33,"9,8",13:13,12,"0,3","1,9",22:40,,,,,
2021-12-19,1089U,RAMALES DE LA VICTORIA,CANTABRIA,80,"6,2","0,0","-0,9",04:04,"13,4",13:19,28,"0,6","2,8",13:20,,,,,
2021-12-20,1089U,RAMALES DE LA VICTORIA,CANTABRIA,80,"4,4","0,0","-1,1",07:34,"9,8",13:13,24,"0,0","2,2",20:00,,,,,
2021-12-21,1089U,RAMALES DE LA VICTORIA,CANTABRIA,80,"9,9","0,0","2,6",Varias,"17,2",14:54,13,"0,0","6,4",14:00,,,,,
2021-12-22,1089U,RAMALES DE LA VICTORIA,CANTABRIA,80,"11,8","0,0","3,3",03:53,"20,2",12:53,27,"1,7","18,1",21:10,,,,,
2021-12-23,1089U,RAMALES DE LA VICTORIA,CANTABRIA,80,"17,4","0,0","15,7",20:32,"19,1",10:24,26,"4,7","19,2",02:40,,,,,
2021-12-24,1089U,RAMALES DE LA VICTORIA,CANTABRIA,80,"16,0","0,0","14,6",07:21,"17,4",12:27,28,"3,1","17,5",23:40,,,,,
2021-12-25,1089U,RAMALES DE LA VICTORIA,CANTABRIA,80,"12,4","0,0","6,9",23:57,"17,9",12:30,27,"1,9","15,6",04:50,,,,,
2021-12-26,1089U,RAMALES DE LA VICTORIA,CANTABRIA,80,"11,8","7,4","4,4",07:35,"19,3",23:56,18,"2,8","15,6",18:00,,,,,
2021-12-27,1089U,RAMALES DE LA VICTORIA,CANTABRIA,80,"14,8","0,0","9,8",07:33,"19,8",02:01,18,"3,6","16,7",19:20,,,,,
2021-12-28,1089U,RAMALES DE LA VICTORIA,CANTABRIA,80,"14,0","0,0","6,9",23:41,"21,1",13:24,17,"0,8","12,5",00:10,,,,,
2021-12-29,1089U,RAMALES DE LA VICTORIA,CANTABRIA,80,"12,3","0,0","5,8",23:34,"18,8",13:50,15,"0,6","7,8",13:50,,,,,
2021-12-30,1089U,RAMALES DE LA VICTORIA,CANTABRIA,80,"12,8","0,0","2,4",07:52,"23,1",15:04,19,"0,6","9,7",14:50,,,,,
2021-12-31,1089U,RAMALES DE LA VICTORIA,CANTABRIA,80,"11,6","0,0","2,9",07:39,"20,3",14:15,20,"0,6","9,2",14:00,,,,,
2022-01-01,1089U,RAMALES DE LA VICTORIA,CANTABRIA,80,"14,2","0,0","4,2",06:39,"24,2",13:10,25,"1,1","16,1",22:00,,,,,
2022-01-02,1089U,RAMALES DE LA VICTORIA,CANTABRIA,80,"14,8","0,0","7,1",23:58,"22,5",00:01,18,"0,3","11,7",03:30,,,,,
2022-01-03,1089U,RAMALES DE LA VICTORIA,CANTABRIA,80,"12,3","0,0","4,0",07:54,"20,6",15:31,17,"2,5","18,3",22:20,,,,,
2022-01-04,1089U,RAMALES DE LA VICTORIA,CANTABRIA,80,"14,2","20,6","7,7",19:53,"20,6",06:11,19,"2,5","19,2",05:00,,,,,
2022-01-05,1089U,RAMALES DE LA VICTORIA,CANTABRIA,80,"7,1","0,2","4,3",23:29,"9,9",13:24,29,"0,6","4,2",00:10,,,,,
2022-01-06,1089U,RAMALES DE LA VICTORIA,CANTABRIA,80,"6,0","13,8","2,2",07:53,"9,9",12:47,08,"0,3","2,8",12:10,,,,,
2022-01-07,1089U,RAMALES DE LA VICTORIA,CANTABRIA,80,"8,7","7,6","6,8",Varias,"10,6",12:08,24,"0,6","9,4",05:10,,,,,
2022-01-08,1089U,RAMALES DE LA VICTORIA,CANTABRIA,80,"9,0","33,6","4,2",07:51,"13,9",21:39,30,"0,3","8,1",13:40,,,,,
2022-01-09,1089U,RAMALES DE LA VICTORIA,CANTABRIA,80,"12,6","76,2","10,6",01:16,"14,6",12:46,27,"2,2","11,7",20:10,,,,,
2022-01-10,1089U,RAMALES DE LA VICTORIA,CANTABRIA,80,"12,8","15,2","11,8",Varias,"13,8",00:17,26,"2,5","11,1",01:10,,,,,
2022-01-11,1089U,RAMALES DE LA VICTORIA,CANTABRIA,80,"11,0","5,8","9,8",23:59,"12,2",Varias,30,"0,0","3,6",00:10,,,,,
2022-01-12,1089U,RAMALES DE LA VICTORIA,CANTABRIA,80,"6,0","0,0","0,8",23:45,"11,1",13:27,25,"0,3","2,2",12:30,,,,,
2022-01-13,1089U,RAMALES DE LA VICTORIA,CANTABRIA,80,"3,4","0,0","-0,8",Varias,"7,7",13:54,29,"0,6","1,7",01:00,,,,,
2022-01-14,1089U,RAMALES DE LA VICTORIA,CANTABRIA,80,"3,6","0,0","-2,1",07:48,"9,2",13:28,25,"0,3","2,5",13:30,,,,,
2022-01-15,1089U,RAMALES DE LA VICTORIA,CANTABRIA,80,"2,6","0,0","-2,9",07:40,"8,0",14:05,27,"0,0","2,5",04:00,,,,,
2022-01-16,1089U,RAMALES DE LA VICTORIA,CANTABRIA,80,"3,5","0,0","-2,5",07:39,"9,5",13:44,19,"0,0","1,4",14:30,,,,,
2022-01-17,1089U,RAMALES DE LA VICTORIA,CANTABRIA,80,,"0,0",,,,,26,,"1,4",09:30,,,,,
2022-01-18,1089U,RAMALES DE LA VICTORIA,CANTABRIA,80,"3,2","0,0","-2,8",07:18,"9,1",13:25,23,"0,3","1,4",13:50,,,,,
2022-01-19,1089U,RAMALES DE LA VICTORIA,CANTABRIA,80,"3,3","0,2","-1,9",Varias,"8,5",14:54,28,"0,6","2,2",22:30,,,,,
2022-01-20,1089U,RAMALES DE LA VICTORIA,CANTABRIA,80,"6,6","13,2","3,2",00:01,"10,0",14:25,28,"0,8","6,9",13:20,,,,,
2022-01-21,1089U,RAMALES DE LA VICTORIA,CANTABRIA,80,"5,4","0,6","3,5",21:33,"7,4",11:53,07,"0,6","5,0",12:30,,,,,
2022-01-22,1089U,RAMALES DE LA VICTORIA,CANTABRIA,80,"4,6","0,0","-1,0",23:15,"10,1",13:46,07,"0,3","5,3",15:40,,,,,
2022-01-23,1089U,RAMALES DE LA VICTORIA,CANTABRIA,80,"3,3","0,0","-1,8",08:13,"8,4",13:25,21,"0,0","1,7",14:50,,,,,
2022-01-24,1089U,RAMALES DE LA VICTORIA,CANTABRIA,80,"5,0","0,0","-2,3",07:14,"12,3",14:46,09,"0,0","2,2",15:40,,,,,
2022-01-25,1089U,RAMALES DE LA VICTORIA,CANTABRIA,80,"4,8","0,0","-1,9",07:33,"11,6",14:41,27,"0,0","2,2",12:10,,,,,
2022-01-26,1089U,RAMALES DE LA VICTORIA,CANTABRIA,80,"5,6","0,0","-1,7",07:39,"12,9",14:57,99,"0,3","3,6",14:30,,,,,
2022-01-27,1089U,RAMALES DE LA VICTORIA,CANTABRIA,80,"5,5","0,0","-1,7",08:03,"12,7",Varias,08,"0,3","4,4",14:30,,,,,
2022-01-28,1089U,RAMALES DE LA VICTORIA,CANTABRIA,80,"5,8","0,0","0,7",23:58,"10,9",13:24,04,"0,6","5,0",13:30,,,,,
2022-01-29,1089U,RAMALES DE LA VICTORIA,CANTABRIA,80,"6,1","0,0","0,1",01:30,"12,1",14:47,34,"0,6","3,1",11:30,,,,,
2022-01-30,1089U,RAMALES DE LA VICTORIA,CANTABRIA,80,"7,2","0,2","0,2",Varias,"14,1",14:17,06,"0,8","4,2",14:00,,,,,
2022-01-31,1089U,RAMALES DE LA VICTORIA,CANTABRIA,80,"8,4","7,4","5,9",05:06,"10,9",14:00,27,"1,4","7,8",19:00,,,,,
2022-02-01,1089U,RAMALES DE LA VICTORIA,CANTABRIA,80,"7,3","0,0","2,3",23:17,"12,3",14:50,35,"1,1","6,4",02:20,,,,,
2022-02-02,1089U,RAMALES DE LA VICTORIA,CANTABRIA,80,"9,0","0,0","-0,1",08:13,"18,1",14:46,01,"0,0","3,9",14:40,,,,,
2022-02-03,1089U,RAMALES DE LA VICTORIA,CANTABRIA,80,"8,1","0,0","0,3",03:17,"15,9",14:45,06,"0,3","4,7",15:20,,,,,
2022-02-04,1089U,RAMALES DE LA VICTORIA,CANTABRIA,80,"7,2","8,0","2,4",04:12,"12,1",14:30,28,"0,3","5,6",16:30,,,,,
2022-02-05,1089U,RAMALES DE LA VICTORIA,CANTABRIA,80,"6,4","1,0","2,0",23:55,"10,8",11:22,28,"0,6","5,8",04:20,,,,,
2022-02-06,1089U,RAMALES DE LA VICTORIA,CANTABRIA,80,"5,4","0,0","-0,6",07:31,"11,4",14:41,29,"0,3","1,7",03:10,,,,,
2022-02-07,1089U,RAMALES DE LA VICTORIA,CANTABRIA,80,"6,6","0,2","1,2",02:11,"12,1",14:45,27,"0,6","1,9",Varias,,,,,
2022-02-08,1089U,RAMALES DE LA VICTORIA,CANTABRIA,80,"10,4","0,0","3,8",23:57,"17,0",13:13,20,"1,1","3,9",13:10,,,,,
2022-02-09,1089U,RAMALES DE LA VICTORIA,CANTABRIA,80,"9,8","0,0","0,7",07:45,"18,9",15:11,04,"0,3","3,3",15:10,,,,,
2022-02-10,1089U,RAMALES DE LA VICTORIA,CANTABRIA,80,"9,2","6,4","1,3",07:08,"17,0",15:05,99,"0,8","4,7",13:30,,,,,
2022-02-11,1089U,RAMALES DE LA VICTORIA,CANTABRIA,80,"8,2","0,4","3,6",Varias,"12,8",13:26,08,"0,6","3,9",14:30,,,,,
2022-02-12,1089U,RAMALES DE LA VICTORIA,CANTABRIA,80,"8,7","0,0","2,5",07:21,"14,9",14:47,08,"0,3","5,0",15:50,,,,,
2022-02-13,1089U,RAMALES DE LA VICTORIA,CANTABRIA,80,"10,2","8,6","4,0",03:20,"16,3",14:43,27,"4,2","22,2",14:40,,,,,
2022-02-14,1089U,RAMALES DE LA VICTORIA,CANTABRIA,80,"8,2","8,8","3,4",05:58,"13,1",13:44,23,"1,1","13,3",14:10,,,,,
2022-02-15,1089U,RAMALES DE LA VICTORIA,CANTABRIA,80,"10,4","0,0","5,5",08:17,"15,2",14:41,29,"1,1","8,6",13:00,,,,,
2022-02-16,1089U,RAMALES DE LA VICTORIA,CANTABRIA,80,"12,0","0,0","6,4",07:22,"17,7",13:08,99,"1,7","6,1",Varias,,,,,
2022-02-17,1089U,RAMALES DE LA VICTORIA,CANTABRIA,80,"12,2","0,0","6,2",23:58,"18,2",14:05,07,"1,1","4,7",15:50,,,,,
2022-02-18,1089U,RAMALES DE LA VICTORIA,CANTABRIA,80,"10,2","4,8","3,3",07:29,"17,0",11:43,30,"1,7","11,4",12:30,,,,,
2022-02-19,1089U,RAMALES DE LA VICTORIA,CANTABRIA,80,"7,0","0,4","2,7",21:11,"11,2",14:11,28,"0,8","7,8",10:00,,,,,
2022-02-20,1089U,RAMALES DE LA VICTORIA,CANTABRIA,80,"9,0","0,4","3,4",02:15,"14,6",15:03,30,"0,0","6,4",15:40,,,,,
2022-02-21,1089U,RAMALES DE LA VICTORIA,CANTABRIA,80,"10,1","0,6","5,2",23:59,"15,0",14:55,27,"2,2","9,2",11:30,,,,,
2022-02-22,1089U,RAMALES DE LA VICTORIA,CANTABRIA,80,"9,2","0,0","0,9",23:59,"17,5",15:35,04,"0,3","3,3",16:10,,,,,
2022-02-23,1089U,RAMALES DE LA VICTORIA,CANTABRIA,80,"8,4","0,0","-1,9",07:14,"18,8",14:55,06,"0,3","4,4",15:10,,,,,
2022-02-24,1089U,RAMALES DE LA VICTORIA,CANTABRIA,80,"7,8","6,8","3,3",07:06,"12,3",13:37,28,"0,6","5,8",11:00,,,,,
2022-02-25,1089U,RAMALES DE LA VICTORIA,CANTABRIA,80,"6,8","0,2","2,1",21:09,"11,6",14:27,99,"0,6","4,2",Varias,,,,,
2022-02-26,1089U,RAMALES DE LA VICTORIA,CANTABRIA,80,"9,2","0,0","-0,6",07:08,"18,9",14:46,11,"1,7","8,1",13:10,,,,,
2022-02-27,1089U,RAMALES DE LA VICTORIA,CANTABRIA,80,"11,2","0,0","4,8",23:52,"17,6",15:26,06,"0,8","5,6",14:50,,,,,
2022-02-28,1089U,RAMALES DE LA VICTORIA,CANTABRIA,80,"11,2","0,0","1,9",06:51,"20,6",15:00,07,"1,1","5,6",13:20,,,,,
2022-03-01,1089U,RAMALES DE LA VICTORIA,CANTABRIA,80,"12,1","0,4","3,0",04:48,"21,2",14:24,06,"0,3","5,3",15:40,,,,,
2022-03-02,1089U,RAMALES DE LA VICTORIA,CANTABRIA,80,"10,7","2,8","6,3",23:11,"15,1",12:59,27,"1,4","9,7",12:30,,,,,
2022-03-03,1089U,RAMALES DE LA VICTORIA,CANTABRIA,80,"8,1","43,0","5,6",06:39,"10,6",11:48,28,"1,7","10,3",20:10,,,,,
2022-03-04,1089U,RAMALES DE LA VICTORIA,CANTABRIA,80,"8,1","11,8","4,2",23:57,"12,0",14:58,28,"1,4","11,4",15:20,,,,,
2022-03-05,1089U,RAMALES DE LA VICTORIA,CANTABRIA,80,"6,8","5,4","2,6",06:43,"10,9",11:31,03,"0,3","6,7",13:20,,,,,
2022-03-06,1089U,RAMALES DE LA VICTORIA,CANTABRIA,80,"7,7","1,6","3,8",07:33,"11,6",13:11,29,"1,4","8,9",09:50,,,,,
2022-03-07,1089U,RAMALES DE LA VICTORIA,CANTABRIA,80,"9,6","0,0","5,6",Varias,"13,6",13:24,07,"1,4","7,2",14:00,,,,,
2022-03-08,1089U,RAMALES DE LA VICTORIA,CANTABRIA,80,"9,8","0,4","4,0",23:32,"15,6",12:50,30,"1,4","12,5",04:40,,,,,
2022-03-09,1089U,RAMALES DE LA VICTORIA,CANTABRIA,80,"9,8","7,2","3,2",01:45,"16,4",21:20,15,"4,2","16,1",13:10,,,,,
2022-03-10,1089U,RAMALES DE LA VICTORIA,CANTABRIA,80,"13,2","0,0","8,4",06:59,"18,1",15:02,14,"1,4","18,3",22:00,,,,,
2022-03-11,1089U,RAMALES DE LA VICTORIA,CANTABRIA,80,"13,6","4,8","8,1",Varias,"19,1",12:33,14,"2,8","19,4",02:00,,,,,
2022-03-12,1089U,RAMALES DE LA VICTORIA,CANTABRIA,80,"10,8","10,8","4,7",07:12,"16,8",14:42,26,"2,8","17,5",18:30,,,,,
2022-03-13,1089U,RAMALES DE LA VICTORIA,CANTABRIA,80,"11,6","0,0","5,4",23:56,"17,7",14:46,30,"1,1","8,9",03:10,,,,,
2022-03-14,1089U,RAMALES DE LA VICTORIA,CANTABRIA,80,"10,0","5,8","4,7",01:36,"15,4",11:58,21,"0,8","11,7",12:10,,,,,
2022-03-15,1089U,RAMALES DE LA VICTORIA,CANTABRIA,80,"16,4","0,0","9,6",00:01,"23,2",14:00,18,"1,9","9,4",23:30,,,,,
2022-03-16,1089U,RAMALES DE LA VICTORIA,CANTABRIA,80,"15,0","1,2","11,1",Varias,"18,8",04:43,18,"1,9","10,0",04:50,,,,,
2022-03-17,1089U,RAMALES DE LA VICTORIA,CANTABRIA,80,"10,0","1,8","8,7",23:43,"11,2",12:23,32,"1,9","6,9",15:30,,,,,
2022-03-18,1089U,RAMALES DE LA VICTORIA,CANTABRIA,80,"9,2","0,0","6,0",Varias,"12,4",13:04,28,"0,8","4,2",09:00,,,,,
2022-03-19,1089U,RAMALES DE LA VICTORIA,CANTABRIA,80,"12,2","0,0","5,6",00:47,"18,8",14:06,17,"1,1","7,8",09:30,,,,,
2022-03-20,1089U,RAMALES DE LA VICTORIA,CANTABRIA,80,"16,2","0,0","11,5",03:13,"20,9",13:24,12,"2,2","11,1",09:40,,,,,
2022-03-21,1089U,RAMALES DE LA VICTORIA,CANTABRIA,80,"14,8","0,0","10,3",05:18,"19,2",10:59,22,"1,9","11,1",20:20,,,,,
2022-03-22,1089U,RAMALES DE LA VICTORIA,CANTABRIA,80,"15,2","0,0","12,0",08:02,"18,4",13:00,11,"3,1","13,3",04:50,,,,,
2022-03-23,1089U,RAMALES DE LA VICTORIA,CANTABRIA,80,"15,4","0,0","10,3",23:58,"20,6",15:02,10,"1,7","8,6",12:10,,,,,
2022-03-24,1089U,RAMALES DE LA VICTORIA,CANTABRIA,80,"15,2","0,0","8,8",06:50,"21,6",14:16,07,"2,2","7,8",14:00,,,,,
2022-03-25,1089U,RAMALES DE LA VICTORIA,CANTABRIA,80,"15,8","0,0","10,5",23:57,"21,1",15:02,12,"1,7","10,8",03:00,,,,,
2022-03-26,1089U,RAMALES DE LA VICTORIA,CANTABRIA,80,"15,4","0,0","7,2",03:56,"23,5",14:53,08,"1,1","7,5",15:50,,,,,
2022-03-27,1089U,RAMALES DE LA VICTORIA,CANTABRIA,80,"14,1","0,0","5,9",06:04,"22,3",14:09,10,"1,1","10,3",13:20,,,,,
2022-03-28,1089U,RAMALES DE LA VICTORIA,CANTABRIA,80,"15,6","0,0","8,8",06:09,"22,4",15:38,10,"1,4","8,3",12:20,,,,,
2022-03-29,1089U,RAMALES DE LA VICTORIA,CANTABRIA,80,"12,6","1,8","7,6",03:40,"17,7",12:20,26,"1,7","6,9",15:00,,,,,
2022-03-30,1089U,RAMALES DE LA VICTORIA,CANTABRIA,80,"11,0","24,2","8,4",22:14,"13,7",13:26,28,"1,1","6,9",12:50,,,,,
2022-03-31,1089U,RAMALES DE LA VICTORIA,CANTABRIA,80,"9,4","29,4","5,6",23:55,"13,1",11:02,30,"0,8","11,4",15:40,,,,,
2022-04-01,1089U,RAMALES DE LA VICTORIA,CANTABRIA,80,"6,4","9,8","3,4",22:20,"9,3",14:46,30,"1,9","11,1",08:40,,,,,
2022-04-02,1089U,RAMALES DE LA VICTORIA,CANTABRIA,80,"4,6","26,4","2,1",23:31,"7,0",12:10,27,"0,8","7,2",17:20,,,,,
2022-04-03,1089U,RAMALES DE LA VICTORIA,CANTABRIA,80,"5,2","2,0","0,6",05:05,"9,8",16:01,08,"0,6","5,6",06:30,,,,,
2022-04-04,1089U,RAMALES DE LA VICTORIA,CANTABRIA,80,"4,5","0,0","0,0",21:32,"9,0",12:58,04,"0,6","5,0",13:50,,,,,
2022-04-05,1089U,RAMALES DE LA VICTORIA,CANTABRIA,80,"6,4","0,0","-1,7",05:45,"14,6",14:34,06,"1,4","6,9",15:40,,,,,
2022-04-06,1089U,RAMALES DE LA VICTORIA,CANTABRIA,80,"8,6","0,0","-0,3",Varias,"17,5",Varias,27,"1,4","7,5",14:40,,,,,
2022-04-07,1089U,RAMALES DE LA VICTORIA,CANTABRIA,80,"13,4","0,0","3,2",05:38,"23,6",14:08,23,"1,4","10,8",13:20,,,,,
2022-04-08,1089U,RAMALES DE LA VICTORIA,CANTABRIA,80,"14,3","17,0","9,9",01:16,"18,7",12:41,16,"2,2","16,9",10:20,,,,,
2022-04-09,1089U,RAMALES DE LA VICTORIA,CANTABRIA,80,"11,5","0,0","6,0",23:54,"17,0",14:50,05,"1,4","5,8",16:00,,,,,
2022-04-10,1089U,RAMALES DE LA VICTORIA,CANTABRIA,80,"14,8","0,0","3,6",05:58,"26,1",16:25,20,"1,1","11,9",22:20,,,,,
2022-04-11,1089U,RAMALES DE LA VICTORIA,CANTABRIA,80,"19,6","1,4","13,0",23:30,"26,2",15:46,12,"2,2","18,1",12:10,,,,,
2022-04-12,1089U,RAMALES DE LA VICTORIA,CANTABRIA,80,"17,8","0,0","11,9",24:00,"23,8",14:44,33,"2,2","15,6",05:30,,,,,
2022-04-13,1089U,RAMALES DE LA VICTORIA,CANTABRIA,80,"13,0","0,0","6,6",05:48,"19,4",14:27,29,"1,1","6,4",11:50,,,,,
2022-04-14,1089U,RAMALES DE LA VICTORIA,CANTABRIA,80,"14,4","0,0","8,5",24:00,"20,3",12:01,06,"1,1","5,6",13:20,,,,,
2022-04-15,1089U,RAMALES DE LA VICTORIA,CANTABRIA,80,"15,4","0,0","8,4",00:18,"22,3",15:44,08,"1,7","6,1",13:30,,,,,
2022-04-16,1089U,RAMALES DE LA VICTORIA,CANTABRIA,80,"15,4","0,0","7,0",23:55,"23,9",12:59,07,"1,1","6,4",13:00,,,,,
2022-04-17,1089U,RAMALES DE LA VICTORIA,CANTABRIA,80,"12,7","0,0","4,0",05:40,"21,4",12:08,30,"1,7","7,5",15:20,,,,,
2022-04-18,1089U,RAMALES DE LA VICTORIA,CANTABRIA,80,"11,2","9,6","7,0",06:08,"15,5",10:48,99,"0,6","3,3",Varias,,,,,
2022-04-19,1089U,RAMALES DE LA VICTORIA,CANTABRIA,80,"9,9","24,2","7,7",23:32,"12,1",15:01,31,"1,4","5,6",11:20,,,,,
2022-04-20,1089U,RAMALES DE LA VICTORIA,CANTABRIA,80,"10,4","17,2","7,6",06:05,"13,1",11:11,30,"2,5","10,8",13:50,,,,,
2022-04-21,1089U,RAMALES DE LA VICTORIA,CANTABRIA,80,"11,6","0,0","6,7",24:00,"16,5",15:16,08,"1,1","5,3",15:10,,,,,
2022-04-22,1089U,RAMALES DE LA VICTORIA,CANTABRIA,80,"11,4","0,0","5,2",03:04,"17,5",12:59,20,"1,7","14,2",11:00,,,,,
2022-04-23,1089U,RAMALES DE LA VICTORIA,CANTABRIA,80,"11,0","18,4","9,9",06:05,"12,2",14:32,15,"1,1","11,4",02:20,,,,,
2022-04-24,1089U,RAMALES DE LA VICTORIA,CANTABRIA,80,"14,0","0,6","10,2",05:44,"17,7",12:42,29,"1,1","6,4",03:00,,,,,
2022-04-25,1089U,RAMALES DE LA VICTORIA,CANTABRIA,80,"15,2","0,0","8,4",23:42,"22,0",12:24,08,"1,7","7,2",14:50,,,,,
2022-04-26,1089U,RAMALES DE LA VICTORIA,CANTABRIA,80,"16,4","7,2","7,2",04:15,"25,5",12:12,26,"1,1","13,9",18:20,,,,,
2022-04-27,1089U,RAMALES DE LA VICTORIA,CANTABRIA,80,"14,3","3,6","11,4",05:33,"17,2",11:29,05,"0,3","5,0",11:40,,,,,
2022-04-28,1089U,RAMALES DE LA VICTORIA,CANTABRIA,80,"13,0","0,0","9,3",23:55,"16,8",16:24,35,"0,8","4,4",13:00,,,,,
2022-04-29,1089U,RAMALES DE LA VICTORIA,CANTABRIA,80,"14,9","0,0","8,6",06:10,"21,2",12:11,05,"1,7","6,7",13:30,,,,,
2022-04-30,1089U,RAMALES DE LA VICTORIA,CANTABRIA,80,"15,4","0,0","9,1",23:55,"21,6",15:02,09,"1,7","6,7",15:10,,,,,
2022-05-01,1089U,RAMALES DE LA VICTORIA,CANTABRIA,80,"14,4","0,8","9,0",00:11,"19,8",12:05,10,"0,6","6,4",14:50,,,,,
2022-05-02,1089U,RAMALES DE LA VICTORIA,CANTABRIA,80,"13,4","0,0","11,4",05:46,"15,4",11:30,27,"1,1","6,1",13:50,,,,,
2022-05-03,1089U,RAMALES DE LA VICTORIA,CANTABRIA,80,"13,5","0,0","8,9",23:59,"18,1",16:01,35,"1,7","7,2",13:40,,,,,
2022-05-04,1089U,RAMALES DE LA VICTORIA,CANTABRIA,80,"12,1","0,0","7,2",05:18,"17,0",10:24,27,"0,3","4,7",14:50,,,,,
2022-05-05,1089U,RAMALES DE LA VICTORIA,CANTABRIA,80,"14,0","0,0","7,0",06:01,"21,0",14:17,06,"1,1","6,4",14:00,,,,,
2022-05-06,1089U,RAMALES DE LA VICTORIA,CANTABRIA,80,,"0,0",,,,,,,,,,,,,
2022-05-07,1089U,RAMALES DE LA VICTORIA,CANTABRIA,80,,"0,0",,,,,,,,,,,,,
2022-05-08,1089U,RAMALES DE LA VICTORIA,CANTABRIA,80,,"0,0",,,,,,,,,,,,,
2022-05-09,1089U,RAMALES DE LA VICTORIA,CANTABRIA,80,,"0,0",,,,,,,,,,,,,
2022-05-10,1089U,RAMALES DE LA VICTORIA,CANTABRIA,80,"16,4","0,0","7,8",05:21,"25,1",13:55,04,"1,4","6,4",15:50,,,,,
2022-05-11,1089U,RAMALES DE LA VICTORIA,CANTABRIA,80,"16,8","0,0","11,9",00:01,"21,7",13:16,06,"1,4","6,7",11:40,,,,,
2022-05-12,1089U,RAMALES DE LA VICTORIA,CANTABRIA,80,,"7,2",,,,,,"0,6",,,,,,,
2022-05-13,1089U,RAMALES DE LA VICTORIA,CANTABRIA,80,"17,8","9,4","14,0",Varias,"21,5",12:25,08,"1,1","5,8",13:00,,,,,
2022-05-14,1089U,RAMALES DE LA VICTORIA,CANTABRIA,80,"20,8","0,4","14,9",22:07,"26,7",12:38,99,"0,8","7,8",22:40,,,,,
2022-05-15,1089U,RAMALES DE LA VICTORIA,CANTABRIA,80,"21,8","0,0","14,8",23:59,"28,8",14:27,28,"2,5","11,7",12:00,,,,,
2022-05-16,1089U,RAMALES DE LA VICTORIA,CANTABRIA,80,"21,6","0,0","13,6",01:35,"29,6",14:54,13,"1,9","9,7",11:40,,,,,
2022-05-17,1089U,RAMALES DE LA VICTORIA,CANTABRIA,80,"21,4","0,0","11,4",04:32,"31,3",15:07,28,"1,4","11,4",18:50,,,,,
2022-05-18,1089U,RAMALES DE LA VICTORIA,CANTABRIA,80,"23,6","0,0","15,0",23:49,"32,3",13:44,28,"1,4","9,2",16:50,,,,,
2022-05-19,1089U,RAMALES DE LA VICTORIA,CANTABRIA,80,"18,0","0,0","10,5",05:12,"25,6",12:39,09,"1,1","6,1",13:50,,,,,
2022-05-20,1089U,RAMALES DE LA VICTORIA,CANTABRIA,80,"18,8","0,0","15,9",23:39,"21,6",12:25,26,"1,7","5,8",06:40,,,,,
2022-05-21,1089U,RAMALES DE LA VICTORIA,CANTABRIA,80,"20,4","0,0","14,6",04:14,"26,2",13:03,30,"0,8","7,8",21:40,,,,,
2022-05-22,1089U,RAMALES DE LA VICTORIA,CANTABRIA,80,"23,8","2,0","15,1",05:05,"32,6",13:28,30,"1,7","10,6",17:00,,,,,
2022-05-23,1089U,RAMALES DE LA VICTORIA,CANTABRIA,80,"16,2","0,0","12,8",24:00,"19,6",12:27,32,"1,4","10,8",14:00,,,,,
2022-05-24,1089U,RAMALES DE LA VICTORIA,CANTABRIA,80,"12,7","11,6","8,7",04:42,"16,7",16:26,33,"1,4","8,9",13:40,,,,,
2022-05-25,1089U,RAMALES DE LA VICTORIA,CANTABRIA,80,"14,6","2,0","10,2",23:37,"18,9",15:27,30,"1,1","8,6",11:50,,,,,
2022-05-26,1089U,RAMALES DE LA VICTORIA,CANTABRIA,80,"15,8","0,0","10,3",00:01,"21,2",15:26,09,"1,1","6,1",15:10,,,,,
2022-05-27,1089U,RAMALES DE LA VICTORIA,CANTABRIA,80,"18,0","0,0","12,8",00:13,"23,1",14:33,08,"1,4","6,1",13:20,,,,,
2022-05-28,1089U,RAMALES DE LA VICTORIA,CANTABRIA,80,"18,6","0,0","11,8",23:48,"25,4",12:11,01,"1,7","7,8",14:10,,,,,
2022-05-29,1089U,RAMALES DE LA VICTORIA,CANTABRIA,80,"16,8","0,0","8,6",05:07,"25,1",12:36,05,"1,4","8,1",13:50,,,,,
2022-05-30,1089U,RAMALES DE LA VICTORIA,CANTABRIA,80,"18,0","0,0","12,2",02:59,"23,9",12:26,08,"1,4","7,2",11:40,,,,,
2022-05-31,1089U,RAMALES DE LA VICTORIA,CANTABRIA,80,"18,8","0,0","10,2",04:46,"27,4",12:26,06,"1,1","6,4",16:00,,,,,
2022-06-01,1089U,RAMALES DE LA VICTORIA,CANTABRIA,80,"20,5","0,0","10,8",04:59,"30,2",Varias,31,"1,4","12,5",15:50,,,,,
2022-06-02,1089U,RAMALES DE LA VICTORIA,CANTABRIA,80,"19,8","0,0","12,7",02:24,"26,9",13:19,26,"1,4","9,4",13:50,,,,,
2022-06-03,1089U,RAMALES DE LA VICTORIA,CANTABRIA,80,"20,2","2,2","15,2",23:59,"25,1",16:03,99,"1,1","6,9",Varias,,,,,
2022-06-04,1089U,RAMALES DE LA VICTORIA,CANTABRIA,80,"18,0","10,6","14,8",00:43,"21,3",09:38,99,"1,1","5,0",12:50,,,,,
2022-06-05,1089U,RAMALES DE LA VICTORIA,CANTABRIA,80,"17,5","0,2","13,3",23:57,"21,7",12:24,06,"0,6","4,7",14:30,,,,,
2022-06-06,1089U,RAMALES DE LA VICTORIA,CANTABRIA,80,"19,1","3,2","12,2",04:32,"26,0",14:32,07,"0,8","6,4",15:10,,,,,
2022-06-07,1089U,RAMALES DE LA VICTORIA,CANTABRIA,80,"19,8","0,0","14,1",23:51,"25,6",13:42,07,"0,6","5,3",15:50,,,,,
2022-06-08,1089U,RAMALES DE LA VICTORIA,CANTABRIA,80,"16,8","13,2","14,0",00:06,"19,7",16:26,24,"0,6","4,2",15:00,,,,,
2022-06-09,1089U,RAMALES DE LA VICTORIA,CANTABRIA,80,"18,8","0,0","13,2",23:52,"24,4",12:34,03,"1,1","6,9",14:20,,,,,
2022-06-10,1089U,RAMALES DE LA VICTORIA,CANTABRIA,80,"20,9","0,0","13,0",00:18,"28,8",13:57,06,"1,4","6,4",17:40,,,,,
2022-06-11,1089U,RAMALES DE LA VICTORIA,CANTABRIA,80,"19,7","3,8","17,0",Varias,"22,4",10:47,28,"0,3","6,9",14:10,,,,,
2022-06-12,1089U,RAMALES DE LA VICTORIA,CANTABRIA,80,"21,7","0,0","16,6",04:47,"26,8",12:26,12,"1,9","8,3",05:30,,,,,
2022-06-13,1089U,RAMALES DE LA VICTORIA,CANTABRIA,80,"22,2","0,0","16,8",23:56,"27,5",13:35,08,"1,4","6,4",14:30,,,,,
2022-06-14,1089U,RAMALES DE LA VICTORIA,CANTABRIA,80,"22,8","0,0","15,5",04:05,"30,1",14:18,09,"1,1","7,5",15:10,,,,,
2022-06-15,1089U,RAMALES DE LA VICTORIA,CANTABRIA,80,"24,6","0,0","17,3",00:45,"31,9",15:26,06,"1,4","6,7",10:50,,,,,
2022-06-16,1089U,RAMALES DE LA VICTORIA,CANTABRIA,80,"27,5","0,0","18,2",05:09,"36,8",14:11,31,"1,1","7,8",19:10,,,,,
2022-06-17,1089U,RAMALES DE LA VICTORIA,CANTABRIA,80,"29,3","0,2","18,5",05:06,"40,1",14:06,07,"0,6","6,1",14:50,,,,,
2022-06-18,1089U,RAMALES DE LA VICTORIA,CANTABRIA,80,"27,4","4,6","16,5",23:57,"38,4",10:40,32,"1,9","12,5",14:30,,,,,
2022-06-19,1089U,RAMALES DE LA VICTORIA,CANTABRIA,80,"20,9","0,8","13,6",04:54,"28,2",14:08,27,"1,7","12,2",17:10,,,,,
2022-06-20,1089U,RAMALES DE LA VICTORIA,CANTABRIA,80,"17,2","3,0","15,1",04:50,"19,2",14:18,08,"0,6","5,6",10:40,,,,,
2022-06-21,1089U,RAMALES DE LA VICTORIA,CANTABRIA,80,"20,2","19,8","14,8",03:36,"25,6",11:18,05,"0,8","6,7",11:20,,,,,
2022-06-22,1089U,RAMALES DE LA VICTORIA,CANTABRIA,80,"18,7","4,0","14,6",04:38,"22,8",11:51,08,"0,8","5,0",12:40,,,,,
2022-06-23,1089U,RAMALES DE LA VICTORIA,CANTABRIA,80,"18,0","17,6","14,0",23:36,"22,1",13:12,27,"1,1","8,1",11:40,,,,,
2022-06-24,1089U,RAMALES DE LA VICTORIA,CANTABRIA,80,"19,8","0,8","13,5",02:44,"26,1",14:26,06,"1,1","6,9",14:10,,,,,
2022-06-25,1089U,RAMALES DE LA VICTORIA,CANTABRIA,80,"15,6","6,4","13,3",22:42,"17,8",16:01,26,"0,3","5,8",08:30,,,,,
2022-06-26,1089U,RAMALES DE LA VICTORIA,CANTABRIA,80,"14,8","0,2","12,4",Varias,"17,1",09:43,99,"1,1","4,7",Varias,,,,,
2022-06-27,1089U,RAMALES DE LA VICTORIA,CANTABRIA,80,"13,7","0,2","9,6",04:32,"17,8",14:27,27,"0,3","4,7",11:20,,,,,
2022-06-28,1089U,RAMALES DE LA VICTORIA,CANTABRIA,80,"17,1","0,0","8,7",03:07,"25,5",12:39,06,"1,4","6,4",13:30,,,,,
2022-06-29,1089U,RAMALES DE LA VICTORIA,CANTABRIA,80,"15,4","0,2","8,9",05:09,"22,0",10:24,30,"1,4","7,2",12:10,,,,,
2022-06-30,1089U,RAMALES DE LA VICTORIA,CANTABRIA,80,"15,1","0,0","9,9",23:54,"20,3",13:44,27,"1,4","7,5",14:20,,,,,
2022-07-01,1089U,RAMALES DE LA VICTORIA,CANTABRIA,80,"16,6","0,0","8,4",04:50,"24,8",14:45,08,"1,7","6,9",13:00,,,,,
2022-07-02,1089U,RAMALES DE LA VICTORIA,CANTABRIA,80,"18,1","0,2","9,8",04:06,"26,4",12:15,06,"1,4","6,7",13:00,,,,,
2022-07-03,1089U,RAMALES DE LA VICTORIA,CANTABRIA,80,"17,8","4,2","15,8",23:53,"19,7",09:53,99,"0,3","3,6",Varias,,,,,
2022-07-04,1089U,RAMALES DE LA VICTORIA,CANTABRIA,80,"17,2","0,0","13,7",03:45,"20,7",13:35,05,"0,0","3,6",13:50,,,,,
2022-07-05,1089U,RAMALES DE LA VICTORIA,CANTABRIA,80,"20,0","0,0","14,8",02:48,"25,1",14:33,06,"0,8","6,7",16:00,,,,,
2022-07-06,1089U,RAMALES DE LA VICTORIA,CANTABRIA,80,"19,7","0,0","13,9",23:53,"25,5",16:17,32,"1,1","6,4",10:40,,,,,
2022-07-07,1089U,RAMALES DE LA VICTORIA,CANTABRIA,80,"17,8","0,0","11,3",04:51,"24,4",10:31,08,"0,8","6,7",15:30,,,,,
2022-07-08,1089U,RAMALES DE LA VICTORIA,CANTABRIA,80,"20,7","0,0","13,5",05:11,"27,9",13:44,07,"1,1","6,4",15:50,,,,,
2022-07-09,1089U,RAMALES DE LA VICTORIA,CANTABRIA,80,"21,9","0,0","13,6",02:12,"30,2",15:35,05,"1,1","5,8",14:40,,,,,
2022-07-10,1089U,RAMALES DE LA VICTORIA,CANTABRIA,80,"22,4","0,0","12,5",05:02,"32,2",13:40,05,"1,1","6,1",15:20,,,,,
2022-07-11,1089U,RAMALES DE LA VICTORIA,CANTABRIA,80,"23,6","0,0","13,3",04:49,"33,8",12:37,08,"1,4","6,4",13:20,,,,,
2022-07-12,1089U,RAMALES DE LA VICTORIA,CANTABRIA,80,"25,4","0,0","15,3",05:13,"35,5",14:00,05,"1,1","6,1",14:30,,,,,
2022-07-13,1089U,RAMALES DE LA VICTORIA,CANTABRIA,80,"25,8","0,0","14,4",05:12,"37,1",Varias,07,"0,6","6,1",15:50,,,,,
2022-07-14,1089U,RAMALES DE LA VICTORIA,CANTABRIA,80,"25,2","0,0","14,1",04:52,"36,4",13:46,06,"1,1","6,7",14:20,,,,,
2022-07-15,1089U,RAMALES DE LA VICTORIA,CANTABRIA,80,"25,2","0,0","14,7",04:57,"35,8",12:34,06,"0,8","8,1",14:20,,,,,
2022-07-16,1089U,RAMALES DE LA VICTORIA,CANTABRIA,80,"27,6","0,0","15,2",04:51,"40,0",14:14,32,"1,1","5,8",17:40,,,,,
2022-07-17,1089U,RAMALES DE LA VICTORIA,CANTABRIA,80,"29,6","0,0","16,8",05:08,"42,4",14:21,04,"0,8","5,0",16:00,,,,,
2022-07-18,1089U,RAMALES DE LA VICTORIA,CANTABRIA,80,"29,5","0,2","17,6",23:56,"41,4",11:58,08,"1,9","9,2",13:00,,,,,
2022-07-19,1089U,RAMALES DE LA VICTORIA,CANTABRIA,80,"22,0","1,0","15,2",05:12,"28,9",11:25,03,"1,4","7,5",14:00,,,,,
2022-07-20,1089U,RAMALES DE LA VICTORIA,CANTABRIA,80,"22,4","0,0","18,8",05:10,"26,1",13:08,05,"1,1","5,8",15:00,,,,,
2022-07-21,1089U,RAMALES DE LA VICTORIA,CANTABRIA,80,"24,0","0,8","18,1",02:43,"29,9",13:10,05,"1,1","7,8",15:30,,,,,
2022-07-22,1089U,RAMALES DE LA VICTORIA,CANTABRIA,80,"18,8","7,4","16,9",23:45,"20,6",11:57,08,"0,3","5,0",12:40,,,,,
2022-07-23,1089U,RAMALES DE LA VICTORIA,CANTABRIA,80,"21,3","0,2","15,5",24:00,"27,1",13:47,05,"1,4","6,7",14:00,,,,,
2022-07-24,1089U,RAMALES DE LA VICTORIA,CANTABRIA,80,"22,4","0,0","13,7",03:41,"31,0",15:06,30,"1,9","8,3",16:10,,,,,
2022-07-25,1089U,RAMALES DE LA VICTORIA,CANTABRIA,80,"21,2","0,6","16,7",03:12,"25,7",10:12,28,"1,4","6,4",12:20,,,,,
2022-07-26,1089U,RAMALES DE LA VICTORIA,CANTABRIA,80,"19,4","0,2","17,2",Varias,"21,7",16:25,30,"0,8","3,6",13:20,,,,,
2022-07-27,1089U,RAMALES DE LA VICTORIA,CANTABRIA,80,"18,9","0,0","14,3",Varias,"23,5",11:53,06,"0,3","4,7",13:50,,,,,
2022-07-28,1089U,RAMALES DE LA VICTORIA,CANTABRIA,80,"19,4","0,0","11,3",Varias,"27,5",12:40,08,"1,4","7,5",16:10,,,,,
2022-07-29,1089U,RAMALES DE LA VICTORIA,CANTABRIA,80,"19,5","0,0","13,0",05:20,"26,0",14:03,04,"0,6","5,0",15:00,,,,,
2022-07-30,1089U,RAMALES DE LA VICTORIA,CANTABRIA,80,"20,0","0,0","13,6",05:04,"26,5",12:11,07,"1,1","6,1",15:00,,,,,
2022-07-31,1089U,RAMALES DE LA VICTORIA,CANTABRIA,80,"22,3","0,0","16,3",01:42,"28,3",13:54,04,"1,4","7,5",14:50,,,,,
2022-08-01,1089U,RAMALES DE LA VICTORIA,CANTABRIA,80,"22,8","0,0","17,4",23:56,"28,1",16:10,99,"1,4","6,1",Varias,,,,,
2022-08-02,1089U,RAMALES DE LA VICTORIA,CANTABRIA,80,"23,4","0,4","14,4",04:51,"32,5",13:18,09,"1,4","8,9",14:00,,,,,
2022-08-03,1089U,RAMALES DE LA VICTORIA,CANTABRIA,80,"25,3","0,0","19,3",00:01,"31,3",13:09,06,"1,7","7,8",13:20,,,,,
2022-08-04,1089U,RAMALES DE LA VICTORIA,CANTABRIA,80,"21,6","0,6","19,3",Varias,"23,8",12:49,30,"0,8","4,7",16:20,,,,,
2022-08-05,1089U,RAMALES DE LA VICTORIA,CANTABRIA,80,"20,4","0,0","16,1",23:46,"24,6",11:11,08,"0,6","5,3",11:40,,,,,
2022-08-06,1089U,RAMALES DE LA VICTORIA,CANTABRIA,80,"22,8","0,0","15,5",05:50,"30,0",13:27,07,"1,4","6,9",13:30,,,,,
2022-08-07,1089U,RAMALES DE LA VICTORIA,CANTABRIA,80,"22,4","0,0","14,3",05:36,"30,6",11:58,06,"1,4","8,3",15:00,,,,,
2022-08-08,1089U,RAMALES DE LA VICTORIA,CANTABRIA,80,"22,9","0,0","14,0",04:59,"31,8",12:35,07,"1,1","8,6",15:10,,,,,
2022-08-09,1089U,RAMALES DE LA VICTORIA,CANTABRIA,80,"25,7","0,0","17,1",05:39,"34,3",13:52,05,"1,1","6,9",15:00,,,,,
2022-08-10,1089U,RAMALES DE LA VICTORIA,CANTABRIA,80,"26,4","0,0","16,0",05:21,"36,9",12:02,09,"1,1","7,2",12:00,,,,,
2022-08-11,1089U,RAMALES DE LA VICTORIA,CANTABRIA,80,"28,8","0,8","19,6",04:54,"38,1",13:46,06,"1,7","6,9",14:00,,,,,
2022-08-12,1089U,RAMALES DE LA VICTORIA,CANTABRIA,80,"24,5","0,0","17,5",23:59,"31,5",12:22,08,"1,4","8,3",13:20,,,,,
2022-08-13,1089U,RAMALES DE LA VICTORIA,CANTABRIA,80,"22,7","0,2","15,9",03:02,"29,5",13:04,33,"1,7","9,7",16:20,,,,,
2022-08-14,1089U,RAMALES DE LA VICTORIA,CANTABRIA,80,"20,8","0,0","16,7",22:12,"24,8",14:21,07,"0,8","5,6",15:10,,,,,
2022-08-15,1089U,RAMALES DE LA VICTORIA,CANTABRIA,80,"22,3","0,0","16,0",Varias,"28,6",13:38,08,"1,1","7,8",16:00,,,,,
2022-08-16,1089U,RAMALES DE LA VICTORIA,CANTABRIA,80,"19,2","0,0","13,8",23:58,"24,6",11:56,06,"1,9","7,2",12:00,,,,,
2022-08-17,1089U,RAMALES DE LA VICTORIA,CANTABRIA,80,"17,3","28,0","13,7",00:06,"20,9",11:19,30,"1,1","8,3",11:20,,,,,
2022-08-18,1089U,RAMALES DE LA VICTORIA,CANTABRIA,80,"17,7","0,2","14,1",23:58,"21,3",13:42,27,"1,7","10,8",10:40,,,,,
2022-08-19,1089U,RAMALES DE LA VICTORIA,CANTABRIA,80,"20,2","0,0","11,6",03:42,"28,8",13:54,07,"1,1","7,2",17:00,,,,,
2022-08-20,1089U,RAMALES DE LA VICTORIA,CANTABRIA,80,"21,8","0,0","12,6",03:51,"31,1",13:09,07,"1,4","7,5",13:50,,,,,
2022-08-21,1089U,RAMALES DE LA VICTORIA,CANTABRIA,80,"23,4","0,0","18,2",05:07,"28,6",12:56,09,"1,4","8,6",13:30,,,,,
2022-08-22,1089U,RAMALES DE LA VICTORIA,CANTABRIA,80,"21,4","0,4","18,3",Varias,"24,5",14:12,28,"1,1","6,7",14:20,,,,,
2022-08-23,1089U,RAMALES DE LA VICTORIA,CANTABRIA,80,"25,0","0,0","18,9",Varias,"31,1",13:04,08,"1,4","7,5",14:50,,,,,
2022-08-24,1089U,RAMALES DE LA VICTORIA,CANTABRIA,80,"26,1","9,4","19,6",05:31,"32,6",13:34,26,"1,7","8,9",21:50,,,,,
2022-08-25,1089U,RAMALES DE LA VICTORIA,CANTABRIA,80,"22,4","2,4","18,5",05:21,"26,4",12:53,26,"1,1","6,4",13:20,,,,,
2022-08-26,1089U,RAMALES DE LA VICTORIA,CANTABRIA,80,"20,4","2,2","16,6",22:51,"24,2",12:54,09,"0,8","7,2",14:00,,,,,
2022-08-27,1089U,RAMALES DE LA VICTORIA,CANTABRIA,80,"22,0","0,0","15,8",05:40,"28,1",13:33,08,"1,1","6,9",15:20,,,,,
2022-08-28,1089U,RAMALES DE LA VICTORIA,CANTABRIA,80,"23,8","0,8","15,0",03:06,"32,5",12:52,08,"0,8","6,1",19:10,,,,,
2022-08-29,1089U,RAMALES DE LA VICTORIA,CANTABRIA,80,"24,4","0,2","18,0",23:52,"30,9",10:44,25,"1,4","15,3",10:50,,,,,
2022-08-30,1089U,RAMALES DE LA VICTORIA,CANTABRIA,80,"21,6","0,0","15,3",05:28,"27,9",12:10,06,"1,1","6,4",12:20,,,,,
2022-08-31,1089U,RAMALES DE LA VICTORIA,CANTABRIA,80,"21,2","2,0","18,9",23:44,"23,6",11:12,06,"0,6","5,3",12:10,,,,,
2022-09-01,1089U,RAMALES DE LA VICTORIA,CANTABRIA,80,"23,0","0,2","18,4",05:31,"27,6",12:25,01,"0,8","5,3",13:00,,,,,
2022-09-02,1089U,RAMALES DE LA VICTORIA,CANTABRIA,80,"21,3","0,0","17,9",22:43,"24,7",11:56,27,"1,1","6,9",15:10,,,,,
2022-09-03,1089U,RAMALES DE LA VICTORIA,CANTABRIA,80,"20,4","0,0","15,7",Varias,"25,2",12:28,12,"0,8","5,8",21:40,,,,,
2022-09-04,1089U,RAMALES DE LA VICTORIA,CANTABRIA,80,"22,4","0,0","11,9",04:08,"33,0",15:26,05,"1,4","11,4",13:20,,,,,
2022-09-05,1089U,RAMALES DE LA VICTORIA,CANTABRIA,80,,"0,0",,,,,,"2,5",,,,,,,
2022-09-06,1089U,RAMALES DE LA VICTORIA,CANTABRIA,80,"21,8","0,0","13,9",04:39,"29,6",12:01,26,"1,7","10,3",11:20,,,,,
2022-09-07,1089U,RAMALES DE LA VICTORIA,CANTABRIA,80,"20,6","0,0","13,7",05:55,"27,6",14:01,06,"0,8","6,1",12:10,,,,,
2022-09-08,1089U,RAMALES DE LA VICTORIA,CANTABRIA,80,"20,2","1,2","12,9",03:28,"27,6",12:25,08,"1,4","6,7",14:30,,,,,
2022-09-09,1089U,RAMALES DE LA VICTORIA,CANTABRIA,80,"19,5","0,0","13,4",23:52,"25,6",12:36,04,"1,1","5,0",13:40,,,,,
2022-09-10,1089U,RAMALES DE LA VICTORIA,CANTABRIA,80,"20,8","0,0","11,3",05:32,"30,3",12:44,08,"1,1","6,7",13:30,,,,,
2022-09-11,1089U,RAMALES DE LA VICTORIA,CANTABRIA,80,"25,2","0,0","12,1",05:54,"38,3",14:24,17,"0,8","7,8",12:20,,,,,
2022-09-12,1089U,RAMALES DE LA VICTORIA,CANTABRIA,80,"25,7","0,2","16,1",02:41,"35,3",13:52,18,"1,4","13,6",14:20,,,,,
2022-09-13,1089U,RAMALES DE LA VICTORIA,CANTABRIA,80,"28,0","0,0","22,4",18:45,"33,6",14:55,30,"2,5","17,2",04:50,,,,,
2022-09-14,1089U,RAMALES DE LA VICTORIA,CANTABRIA,80,"23,2","0,0","18,3",23:57,"28,0",11:25,26,"3,6","18,6",06:30,,,,,
2022-09-15,1089U,RAMALES DE LA VICTORIA,CANTABRIA,80,"20,4","11,2","15,1",Varias,"25,7",10:57,06,"0,3","5,0",14:10,,,,,
2022-09-16,1089U,RAMALES DE LA VICTORIA,CANTABRIA,80,"20,5","0,2","16,7",23:57,"24,3",14:47,28,"0,8","5,8",14:40,,,,,
2022-09-17,1089U,RAMALES DE LA VICTORIA,CANTABRIA,80,"17,0","0,0","11,9",23:57,"22,1",12:34,02,"1,1","6,1",12:50,,,,,
2022-09-18,1089U,RAMALES DE LA VICTORIA,CANTABRIA,80,"17,6","0,0","9,4",06:19,"25,8",13:42,06,"0,8","7,2",15:40,,,,,
2022-09-19,1089U,RAMALES DE LA VICTORIA,CANTABRIA,80,"17,9","0,0","8,8",06:00,"27,0",13:31,04,"1,1","6,7",13:20,,,,,
2022-09-20,1089U,RAMALES DE LA VICTORIA,CANTABRIA,80,"15,6","0,0","6,9",06:10,"24,3",12:12,07,"0,8","7,5",14:00,,,,,
2022-09-21,1089U,RAMALES DE LA VICTORIA,CANTABRIA,80,"15,4","0,0","7,1",06:10,"23,6",12:13,06,"1,1","7,5",14:40,,,,,
2022-09-22,1089U,RAMALES DE LA VICTORIA,CANTABRIA,80,"16,6","0,0","6,3",06:11,"26,9",13:25,08,"0,8","6,4",Varias,,,,,
2022-09-23,1089U,RAMALES DE LA VICTORIA,CANTABRIA,80,"16,4","4,6","10,9",06:09,"21,8",15:30,29,"1,1","5,0",15:40,,,,,
2022-09-24,1089U,RAMALES DE LA VICTORIA,CANTABRIA,80,"12,8","13,0","8,7",23:56,"17,0",11:18,99,"0,8","6,7",13:50,,,,,
2022-09-25,1089U,RAMALES DE LA VICTORIA,CANTABRIA,80,"14,0","3,0","8,4",00:21,"19,6",12:22,26,"1,7","7,2",13:00,,,,,
2022-09-26,1089U,RAMALES DE LA VICTORIA,CANTABRIA,80,"15,0","4,4","11,4",05:29,"18,7",15:02,25,"0,8","7,8",13:40,,,,,
2022-09-27,1089U,RAMALES DE LA VICTORIA,CANTABRIA,80,"17,4","2,0","14,4",04:49,"20,3",15:40,24,"1,4","10,8",11:20,,,,,
2022-09-28,1089U,RAMALES DE LA VICTORIA,CANTABRIA,80,"17,2","11,4","13,8",23:55,"20,5",12:56,29,"2,2","10,3",12:50,,,,,
2022-09-29,1089U,RAMALES DE LA VICTORIA,CANTABRIA,80,"13,4","44,4","11,7",23:29,"15,0",11:10,25,"0,8","6,4",17:20,,,,,
2022-09-30,1089U,RAMALES DE LA VICTORIA,CANTABRIA,80,"13,8","6,0","10,3",23:53,"17,4",15:02,28,"0,8","5,6",09:50,,,,,
2022-10-01,1089U,RAMALES DE LA VICTORIA,CANTABRIA,80,"17,0","0,0","8,8",05:49,"25,1",14:06,06,"0,8","6,4",15:10,,,,,
2022-10-02,1089U,RAMALES DE LA VICTORIA,CANTABRIA,80,"18,0","0,0","12,0",23:40,"24,1",15:14,07,"0,3","4,4",16:20,,,,,
2022-10-03,1089U,RAMALES DE LA VICTORIA,CANTABRIA,80,"18,6","0,0","11,5",06:31,"25,8",13:46,99,"0,6","6,1",Varias,,,,,
2022-10-04,1089U,RAMALES DE LA VICTORIA,CANTABRIA,80,"18,8","0,0","11,5",06:56,"26,0",12:41,09,"0,8","6,7",14:00,,,,,
2022-10-05,1089U,RAMALES DE LA VICTORIA,CANTABRIA,80,"17,8","0,0","13,6",06:15,"22,0",13:36,28,"0,6","8,3",14:50,,,,,
2022-10-06,1089U,RAMALES DE LA VICTORIA,CANTABRIA,80,"18,0","0,0","13,8",23:52,"22,1",12:42,02,"0,6","4,2",13:10,,,,,
2022-10-07,1089U,RAMALES DE LA VICTORIA,CANTABRIA,80,"18,1","4,6","13,2",05:21,"23,0",13:18,99,"1,1","4,7",Varias,,,,,
2022-10-08,1089U,RAMALES DE LA VICTORIA,CANTABRIA,80,"16,2","0,0","12,1",23:59,"20,3",15:38,07,"0,6","3,9",16:50,,,,,
2022-10-09,1089U,RAMALES DE LA VICTORIA,CANTABRIA,80,"18,8","1,0","10,3",06:47,"27,3",13:57,06,"0,3","6,4",14:40,,,,,
2022-10-10,1089U,RAMALES DE LA VICTORIA,CANTABRIA,80,"19,2","0,4","15,2",23:58,"23,1",12:41,16,"0,8","6,1",09:00,,,,,
2022-10-11,1089U,RAMALES DE LA VICTORIA,CANTABRIA,80,"17,6","13,6","14,4",Varias,"20,7",11:34,08,"0,3","3,6",11:50,,,,,
2022-10-12,1089U,RAMALES DE LA VICTORIA,CANTABRIA,80,"17,8","0,0","13,1",23:12,"22,5",12:45,08,"0,6","6,1",13:30,,,,,
2022-10-13,1089U,RAMALES DE LA VICTORIA,CANTABRIA,80,"18,4","0,0","12,4",06:19,"24,3",14:06,27,"0,3","7,8",17:00,,,,,
2022-10-14,1089U,RAMALES DE LA VICTORIA,CANTABRIA,80,"19,9","0,0","13,7",Varias,"26,1",13:14,,,,,,,,,
2022-10-15,1089U,RAMALES DE LA VICTORIA,CANTABRIA,80,"17,6","0,0","12,3",02:13,"23,0",11:17,,,,,,,,,
2022-10-16,1089U,RAMALES DE LA VICTORIA,CANTABRIA,80,"20,5","0,0","13,4",03:15,"27,6",16:24,,,,,,,,,
2022-10-17,1089U,RAMALES DE LA VICTORIA,CANTABRIA,80,"20,4","0,2","14,8",23:54,"25,9",16:01,16,"1,1","10,6",09:10,,,,,
2022-10-18,1089U,RAMALES DE LA VICTORIA,CANTABRIA,80,"22,4","0,0","13,8",04:49,"31,1",15:00,09,"0,6","8,6",14:20,,,,,
2022-10-19,1089U,RAMALES DE LA VICTORIA,CANTABRIA,80,"21,6","0,0","14,8",05:59,"28,3",12:24,33,"1,7","17,8",19:30,,,,,
2022-10-20,1089U,RAMALES DE LA VICTORIA,CANTABRIA,80,"21,0","0,0","17,7",02:45,"24,4",12:01,08,"2,2","16,1",11:50,,,,,
2022-10-21,1089U,RAMALES DE LA VICTORIA,CANTABRIA,80,"20,8","0,0","18,7",06:53,"22,8",11:17,33,"1,9","15,8",21:30,,,,,
2022-10-22,1089U,RAMALES DE LA VICTORIA,CANTABRIA,80,"22,4","0,0","18,8",04:02,"25,9",14:00,30,"2,8","14,4",01:30,,,,,
2022-10-23,1089U,RAMALES DE LA VICTORIA,CANTABRIA,80,"21,4","0,2","18,6",07:30,"24,1",13:47,28,"2,5","22,2",13:40,,,,,
2022-10-24,1089U,RAMALES DE LA VICTORIA,CANTABRIA,80,"19,6","0,0","16,0",19:09,"23,3",12:05,28,"2,2","13,9",01:30,,,,,
2022-10-25,1089U,RAMALES DE LA VICTORIA,CANTABRIA,80,"22,4","0,4","17,3",05:52,"27,5",12:46,28,"3,6","17,5",15:30,,,,,
2022-10-26,1089U,RAMALES DE LA VICTORIA,CANTABRIA,80,"21,5","0,0","16,8",21:29,"26,2",13:24,31,"2,2","15,6",01:10,,,,,
2022-10-27,1089U,RAMALES DE LA VICTORIA,CANTABRIA,80,"24,8","0,0","19,1",02:43,"30,6",14:07,09,"1,9","14,7",11:00,,,,,
2022-10-28,1089U,RAMALES DE LA VICTORIA,CANTABRIA,80,"23,0","0,0","15,4",23:51,"30,5",13:42,06,"1,9","10,3",02:00,,,,,
2022-10-29,1089U,RAMALES DE LA VICTORIA,CANTABRIA,80,"22,5","0,2","15,2",00:38,"29,8",13:07,28,"1,1","8,6",12:00,,,,,
2022-10-30,1089U,RAMALES DE LA VICTORIA,CANTABRIA,80,"17,2","1,2","12,7",23:47,"21,7",01:16,10,"0,6","8,9",01:50,,,,,
2022-10-31,1089U,RAMALES DE LA VICTORIA,CANTABRIA,80,"17,4","6,4","11,6",01:57,"23,1",12:58,08,"1,9","14,4",12:20,,,,,
2022-11-01,1089U,RAMALES DE LA VICTORIA,CANTABRIA,80,"14,6","0,0","9,3",23:56,"19,9",12:44,08,"0,6","6,7",15:30,,,,,
2022-11-02,1089U,RAMALES DE LA VICTORIA,CANTABRIA,80,"13,2","0,0","6,1",07:32,"20,4",13:07,26,"0,3","9,7",23:59,,,,,
2022-11-03,1089U,RAMALES DE LA VICTORIA,CANTABRIA,80,"14,1","7,2","7,3",23:46,"20,9",01:41,16,"3,3","19,2",05:50,,,,,
2022-11-04,1089U,RAMALES DE LA VICTORIA,CANTABRIA,80,"10,8","13,2","6,9",00:19,"14,7",08:43,23,"0,8","11,1",08:40,,,,,
2022-11-05,1089U,RAMALES DE LA VICTORIA,CANTABRIA,80,"11,6","0,0","6,3",24:00,"16,9",12:12,24,"0,3","2,5",13:40,,,,,
2022-11-06,1089U,RAMALES DE LA VICTORIA,CANTABRIA,80,"12,0","0,0","4,1",06:30,"19,9",14:36,22,"0,6","5,0",13:00,,,,,
2022-11-07,1089U,RAMALES DE LA VICTORIA,CANTABRIA,80,"13,0","0,2","5,8",07:16,"20,1",15:21,29,"1,9","16,1",13:40,,,,,
2022-11-08,1089U,RAMALES DE LA VICTORIA,CANTABRIA,80,"20,4","0,0","18,9",Varias,"21,9",13:42,29,"2,2","16,4",10:20,,,,,
2022-11-09,1089U,RAMALES DE LA VICTORIA,CANTABRIA,80,"13,6","0,0","7,9",21:19,"19,3",01:01,28,"0,3","7,8",07:50,,,,,
2022-11-10,1089U,RAMALES DE LA VICTORIA,CANTABRIA,80,"12,0","0,0","4,7",07:06,"19,4",14:34,12,"0,3","2,5",14:30,,,,,
2022-11-11,1089U,RAMALES DE LA VICTORIA,CANTABRIA,80,"12,6","0,0","3,0",06:04,"22,1",13:59,10,"0,6","9,2",12:00,,,,,
2022-11-12,1089U,RAMALES DE LA VICTORIA,CANTABRIA,80,"15,8","0,0","7,2",02:08,"24,4",14:08,12,"0,8","9,4",23:40,,,,,
2022-11-13,1089U,RAMALES DE LA VICTORIA,CANTABRIA,80,"17,9","0,8","12,7",23:43,"23,1",14:23,19,"1,4","13,9",09:30,,,,,
2022-11-14,1089U,RAMALES DE LA VICTORIA,CANTABRIA,80,"15,8","0,2","11,3",20:04,"20,4",Varias,17,"0,6","13,9",23:59,,,,,
2022-11-15,1089U,RAMALES DE LA VICTORIA,CANTABRIA,80,"15,1","8,8","10,3",23:40,"19,9",05:17,24,"3,1","25,6",03:20,,,,,
2022-11-16,1089U,RAMALES DE LA VICTORIA,CANTABRIA,80,"15,4","0,0","9,9",05:40,"20,9",19:22,16,"4,2","16,4",11:10,,,,,
2022-11-17,1089U,RAMALES DE LA VICTORIA,CANTABRIA,80,"14,4","13,2","9,2",21:41,"19,6",13:22,26,"1,1","9,2",16:30,,,,,
2022-11-18,1089U,RAMALES DE LA VICTORIA,CANTABRIA,80,"10,1","31,6","7,1",23:38,"13,1",13:37,28,"0,6","7,8",18:30,,,,,
2022-11-19,1089U,RAMALES DE LA VICTORIA,CANTABRIA,80,"9,0","27,2","6,7",04:51,"11,4",11:48,32,"0,8","8,6",13:40,,,,,
2022-11-20,1089U,RAMALES DE LA VICTORIA,CANTABRIA,80,"11,0","10,8","7,4",00:01,"14,7",13:48,23,"0,8","8,9",12:40,,,,,
2022-11-21,1089U,RAMALES DE LA VICTORIA,CANTABRIA,80,"10,9","34,0","6,9",18:04,"14,9",02:16,24,"1,9","19,2",23:59,,,,,
2022-11-22,1089U,RAMALES DE LA VICTORIA,CANTABRIA,80,"9,4","16,4","5,0",05:29,"13,7",12:32,27,"1,9","12,2",00:30,,,,,
2022-11-23,1089U,RAMALES DE LA VICTORIA,CANTABRIA,80,"12,4","0,8","7,1",24:00,"17,6",12:58,25,"2,5","14,2",06:40,,,,,
2022-11-24,1089U,RAMALES DE LA VICTORIA,CANTABRIA,80,"9,0","11,0","5,9",01:40,"12,1",15:24,15,"0,6","6,7",15:20,,,,,
2022-11-25,1089U,RAMALES DE LA VICTORIA,CANTABRIA,80,"9,3","1,0","3,8",22:16,"14,8",13:08,30,"1,4","10,0",06:50,,,,,
2022-11-26,1089U,RAMALES DE LA VICTORIA,CANTABRIA,80,"7,5","0,0","2,6",08:16,"12,4",14:24,12,"0,6","2,2",07:20,,,,,
2022-11-27,1089U,RAMALES DE LA VICTORIA,CANTABRIA,80,"8,6","7,6","1,5",05:16,"15,6",13:40,18,"0,3","6,7",21:40,,,,,
2022-11-28,1089U,RAMALES DE LA VICTORIA,CANTABRIA,80,"11,1","7,8","7,4",07:29,"14,8",11:44,32,"1,7","13,1",13:40,,,,,
2022-11-29,1089U,RAMALES DE LA VICTORIA,CANTABRIA,80,"10,8","0,4","7,8",23:56,"13,8",11:37,28,"1,1","9,2",12:20,,,,,
2022-11-30,1089U,RAMALES DE LA VICTORIA,CANTABRIA,80,"10,0","0,0","5,0",20:42,"15,0",13:42,25,"0,3","2,8",13:10,,,,,
2022-12-01,1089U,RAMALES DE LA VICTORIA,CANTABRIA,80,"7,6","0,0","5,2",02:44,"10,0",15:06,99,"0,0","1,7",Varias,,,,,
2022-12-02,1089U,RAMALES DE LA VICTORIA,CANTABRIA,80,"8,4","0,8","6,1",Varias,"10,7",12:46,09,"0,0","3,9",13:20,,,,,
2022-12-03,1089U,RAMALES DE LA VICTORIA,CANTABRIA,80,"5,6","13,4","3,8",18:39,"7,5",12:38,26,"0,3","3,9",07:30,,,,,
2022-12-04,1089U,RAMALES DE LA VICTORIA,CANTABRIA,80,"4,8","0,0","0,1",23:41,"9,4",13:02,99,"0,6","2,2",Varias,,,,,
2022-12-05,1089U,RAMALES DE LA VICTORIA,CANTABRIA,80,"6,9","1,0","-0,7",05:34,"14,5",23:56,18,"1,4","10,0",23:40,,,,,
2022-12-06,1089U,RAMALES DE LA VICTORIA,CANTABRIA,80,"10,9","0,0","7,0",Varias,"14,8",14:52,16,"0,3","9,7",01:00,,,,,
2022-12-07,1089U,RAMALES DE LA VICTORIA,CANTABRIA,80,"10,5","0,0","6,8",Varias,"14,2",13:26,99,"0,3","1,7",Varias,,,,,
2022-12-08,1089U,RAMALES DE LA VICTORIA,CANTABRIA,80,"10,0","3,4","6,7",03:18,"13,2",12:02,04,"0,6","9,4",15:30,,,,,
2022-12-09,1089U,RAMALES DE LA VICTORIA,CANTABRIA,80,,,,,,,,"0,0",,,,,,,
2022-12-10,1089U,RAMALES DE LA VICTORIA,CANTABRIA,80,"6,1","0,2","2,4",23:35,"9,8",12:27,27,"0,3","5,0",00:20,,,,,
2022-12-11,1089U,RAMALES DE LA VICTORIA,CANTABRIA,80,"5,6","0,0","2,1",04:09,"9,2",14:26,28,"0,0","1,4",00:40,,,,,
2022-12-12,1089U,RAMALES DE LA VICTORIA,CANTABRIA,80,"8,2","10,0","3,5",Varias,"12,9",13:24,20,"0,8","9,4",09:00,,,,,
2022-12-13,1089U,RAMALES DE LA VICTORIA,CANTABRIA,80,"11,2","1,0","8,5",07:42,"14,0",14:11,12,"0,0","2,8",22:40,,,,,
2022-12-14,1089U,RAMALES DE LA VICTORIA,CANTABRIA,80,"12,8","1,6","7,9",07:32,"17,6",15:00,24,"1,4","15,3",15:30,,,,,
2022-12-15,1089U,RAMALES DE LA VICTORIA,CANTABRIA,80,"11,0","5,8","7,1",06:42,"14,8",01:39,14,"0,3","9,2",00:50,,,,,
2022-12-16,1089U,RAMALES DE LA VICTORIA,CANTABRIA,80,"8,4","1,2","6,0",23:39,"10,7",03:24,99,"0,6","3,3",Varias,,,,,
2022-12-17,1089U,RAMALES DE LA VICTORIA,CANTABRIA,80,"6,7","0,0","2,7",23:50,"10,7",12:30,12,"0,6","2,5",08:10,,,,,
2022-12-18,1089U,RAMALES DE LA VICTORIA,CANTABRIA,80,"10,6","0,0","2,7",00:01,"18,5",15:14,28,"5,3","27,5",23:30,,,,,
2022-12-19,1089U,RAMALES DE LA VICTORIA,CANTABRIA,80,"16,7","0,0","14,7",21:53,"18,7",13:33,19,"4,4","22,2",11:00,,,,,
2022-12-20,1089U,RAMALES DE LA VICTORIA,CANTABRIA,80,"15,4","3,0","11,5",23:53,"19,3",14:56,27,"2,5","13,9",Varias,,,,,
2022-12-21,1089U,RAMALES DE LA VICTORIA,CANTABRIA,80,"14,0","0,2","8,5",23:57,"19,6",11:31,20,"1,7","16,7",16:00,,,,,
2022-12-22,1089U,RAMALES DE LA VICTORIA,CANTABRIA,80,"12,6","0,0","6,8",02:15,"18,3",12:17,04,"0,6","8,3",23:50,,,,,
2022-12-23,1089U,RAMALES DE LA VICTORIA,CANTABRIA,80,"16,6","0,0","12,5",23:55,"20,7",11:50,16,"6,4","20,3",15:10,,,,,
2022-12-24,1089U,RAMALES DE LA VICTORIA,CANTABRIA,80,"15,2","0,0","11,4",02:30,"18,9",13:06,19,"4,4","20,6",09:30,,,,,
2022-12-25,1089U,RAMALES DE LA VICTORIA,CANTABRIA,80,"17,8","0,0","15,8",07:17,"19,9",12:43,27,"1,9","11,9",15:20,,,,,
2022-12-26,1089U,RAMALES DE LA VICTORIA,CANTABRIA,80,"14,4","0,2","11,5",Varias,"17,3",00:26,26,"0,8","10,6",02:00,,,,,
2022-12-27,1089U,RAMALES DE LA VICTORIA,CANTABRIA,80,"10,8","0,0","5,9",23:45,"15,7",13:04,06,"0,6","2,8",15:40,,,,,
2022-12-28,1089U,RAMALES DE LA VICTORIA,CANTABRIA,80,"11,7","0,0","5,1",03:46,"18,3",13:05,22,"3,6","15,8",13:40,,,,,
2022-12-29,1089U,RAMALES DE LA VICTORIA,CANTABRIA,80,"13,9","5,8","10,8",22:53,"17,0",00:01,22,"0,6","11,9",02:10,,,,,
2022-12-30,1089U,RAMALES DE LA VICTORIA,CANTABRIA,80,"17,4","0,0","14,4",00:01,"20,4",Varias,24,"7,2","23,1",14:00,,,,,
2022-12-31,1089U,RAMALES DE LA VICTORIA,CANTABRIA,80,"19,6","0,0","17,7",10:37,"21,5",13:09,27,"3,1","22,8",02:20,,,,,
2023-01-01,1089U,RAMALES DE LA VICTORIA,CANTABRIA,80,"17,6","12,0","12,5",23:53,"22,8",12:26,10,"3,3","19,7",14:00,,,,,
2023-01-02,1089U,RAMALES DE LA VICTORIA,CANTABRIA,80,"9,0","0,0","3,5",23:40,"14,5",12:54,30,"0,6","6,1",01:40,,,,,
2023-01-03,1089U,RAMALES DE LA VICTORIA,CANTABRIA,80,"5,3","0,0","0,6",07:55,"10,0",13:14,26,"0,6","2,2",02:10,,,,,
2023-01-04,1089U,RAMALES DE LA VICTORIA,CANTABRIA,80,"6,8","0,0","0,3",05:53,"13,3",13:23,25,"0,3","1,9",01:30,,,,,
2023-01-05,1089U,RAMALES DE LA VICTORIA,CANTABRIA,80,"7,4","0,0","2,2",23:50,"12,7",13:06,99,"0,0","1,4",Varias,,,,,
2023-01-06,1089U,RAMALES DE LA VICTORIA,CANTABRIA,80,"7,6","0,0","0,8",Varias,"14,4",22:59,21,"0,3","15,0",23:59,,,,,
2023-01-07,1089U,RAMALES DE LA VICTORIA,CANTABRIA,80,"13,5","5,0","10,2",01:28,"16,8",14:26,24,"5,3","26,4",11:30,,,,,
2023-01-08,1089U,RAMALES DE LA VICTORIA,CANTABRIA,80,"13,1","29,6","9,4",05:40,"16,8",13:41,26,"1,7","12,5",08:50,,,,,
2023-01-09,1089U,RAMALES DE LA VICTORIA,CANTABRIA,80,"8,8","0,2","3,3",23:59,"14,4",12:43,30,"1,1","9,7",02:20,,,,,
2023-01-10,1089U,RAMALES DE LA VICTORIA,CANTABRIA,80,"7,2","7,0","1,7",Varias,"12,6",13:22,26,"0,6","4,7",23:10,,,,,
2023-01-11,1089U,RAMALES DE LA VICTORIA,CANTABRIA,80,"9,2","2,4","5,3",23:34,"13,2",04:19,27,"0,0","8,6",03:50,,,,,
2023-01-12,1089U,RAMALES DE LA VICTORIA,CANTABRIA,80,"7,9","0,0","2,3",08:05,"13,5",13:43,09,"0,3","4,2",15:10,,,,,
2023-01-13,1089U,RAMALES DE LA VICTORIA,CANTABRIA,80,"10,2","0,8","5,1",23:53,"15,3",13:23,13,"0,3","5,6",22:20,,,,,
2023-01-14,1089U,RAMALES DE LA VICTORIA,CANTABRIA,80,"11,2","16,4","3,9",03:46,"18,5",13:26,18,"1,9","12,2",14:50,,,,,
2023-01-15,1089U,RAMALES DE LA VICTORIA,CANTABRIA,80,"9,7","34,6","3,2",19:32,"16,2",00:01,20,"1,7","11,9",22:10,,,,,
2023-01-16,1089U,RAMALES DE LA VICTORIA,CANTABRIA,80,"11,5","139,0","8,5",Varias,"14,5",23:03,20,"0,8","17,2",02:20,,,,,
2023-01-17,1089U,RAMALES DE LA VICTORIA,CANTABRIA,80,"7,6","53,4","3,0",23:50,"12,3",02:49,28,"2,5","18,3",03:40,,,,,
2023-01-18,1089U,RAMALES DE LA VICTORIA,CANTABRIA,80,"3,3","35,2","0,9",07:57,"5,7",02:28,23,"0,0","8,9",02:10,,,,,
2023-01-19,1089U,RAMALES DE LA VICTORIA,CANTABRIA,80,"7,6","28,2","3,2",01:12,"12,1",19:17,30,"1,1","11,9",21:00,,,,,
2023-01-20,1089U,RAMALES DE LA VICTORIA,CANTABRIA,80,"7,2","0,2","4,0",23:56,"10,4",12:12,36,"0,3","4,4",00:10,,,,,
2023-01-21,1089U,RAMALES DE LA VICTORIA,CANTABRIA,80,"5,1","1,8","1,4",07:00,"8,8",14:25,26,"0,6","6,7",16:40,,,,,
2023-01-22,1089U,RAMALES DE LA VICTORIA,CANTABRIA,80,"4,4","0,0","0,3",05:52,"8,4",13:38,99,"1,1","5,0",Varias,,,,,
2023-01-23,1089U,RAMALES DE LA VICTORIA,CANTABRIA,80,"4,2","18,6","1,9",03:32,"6,4",10:12,26,"1,1","7,2",15:00,,,,,
2023-01-24,1089U,RAMALES DE LA VICTORIA,CANTABRIA,80,"5,1","7,0","3,9",Varias,"6,3",14:02,28,"0,3","5,3",01:40,,,,,
2023-01-25,1089U,RAMALES DE LA VICTORIA,CANTABRIA,80,"5,8","6,6","3,9",Varias,"7,6",23:45,30,"0,6","6,1",23:50,,,,,
2023-01-26,1089U,RAMALES DE LA VICTORIA,CANTABRIA,80,"7,2","18,0","5,9",Varias,"8,4",13:23,26,"1,7","7,5",09:40,,,,,
2023-01-27,1089U,RAMALES DE LA VICTORIA,CANTABRIA,80,"6,6","15,0","4,9",22:18,"8,3",11:25,08,"1,7","10,3",16:00,,,,,
2023-01-28,1089U,RAMALES DE LA VICTORIA,CANTABRIA,80,"5,4","13,4","4,0",21:02,"6,7",10:40,29,"1,4","6,7",00:50,,,,,
2023-01-29,1089U,RAMALES DE LA VICTORIA,CANTABRIA,80,"5,8","1,6","3,7",Varias,"8,0",15:15,02,"0,8","4,4",12:20,,,,,
2023-01-30,1089U,RAMALES DE LA VICTORIA,CANTABRIA,80,"5,4","0,0","1,7",19:50,"9,2",Varias,26,"0,3","2,5",12:40,,,,,
2023-01-31,1089U,RAMALES DE LA VICTORIA,CANTABRIA,80,"7,6","1,0","3,3",00:01,"11,8",14:26,06,"0,0","3,3",15:00,,,,,
2023-02-01,1089U,RAMALES DE LA VICTORIA,CANTABRIA,80,"8,0","0,8","4,8",23:58,"11,1",14:41,07,"0,6","3,9",12:50,,,,,
2023-02-02,1089U,RAMALES DE LA VICTORIA,CANTABRIA,80,"6,4","0,0","0,1",23:58,"12,8",15:11,10,"0,3","5,0",11:00,,,,,
2023-02-03,1089U,RAMALES DE LA VICTORIA,CANTABRIA,80,"6,4","0,0","-1,3",07:52,"14,2",14:40,06,"0,3","5,8",15:30,,,,,
2023-02-04,1089U,RAMALES DE LA VICTORIA,CANTABRIA,80,"5,4","0,0","-0,9",08:00,"11,7",15:05,03,"0,3","4,2",13:30,,,,,
2023-02-05,1089U,RAMALES DE LA VICTORIA,CANTABRIA,80,"8,3","0,0","6,3",Varias,"10,3",14:24,26,"0,3","2,2",13:40,,,,,
2023-02-06,1089U,RAMALES DE LA VICTORIA,CANTABRIA,80,"5,4","0,0","-0,2",23:52,"11,0",13:36,07,"0,6","5,3",13:40,,,,,
2023-02-07,1089U,RAMALES DE LA VICTORIA,CANTABRIA,80,"3,2","4,2","-1,6",03:49,"8,0",12:24,28,"0,8","6,1",13:10,,,,,
2023-02-08,1089U,RAMALES DE LA VICTORIA,CANTABRIA,80,"8,0","0,0","0,8",06:01,"15,1",14:04,07,"0,8","6,9",15:00,,,,,
2023-02-09,1089U,RAMALES DE LA VICTORIA,CANTABRIA,80,"6,4","0,0","-0,6",06:55,"13,4",13:30,08,"0,3","5,8",14:40,,,,,
2023-02-10,1089U,RAMALES DE LA VICTORIA,CANTABRIA,80,"6,1","0,0","-2,0",07:47,"14,2",15:11,08,"0,6","4,2",15:20,,,,,
2023-02-11,1089U,RAMALES DE LA VICTORIA,CANTABRIA,80,"6,6","0,0","-3,1",07:04,"16,3",14:40,10,"1,1","6,7",14:20,,,,,
2023-02-12,1089U,RAMALES DE LA VICTORIA,CANTABRIA,80,"7,6","0,0","-2,3",06:23,"17,6",14:34,13,"0,6","6,4",13:10,,,,,
2023-02-13,1089U,RAMALES DE LA VICTORIA,CANTABRIA,80,"10,2","0,0","0,8",00:49,"19,7",13:27,11,"0,8","8,6",23:40,,,,,
2023-02-14,1089U,RAMALES DE LA VICTORIA,CANTABRIA,80,"12,8","0,0","8,4",02:38,"17,1",14:59,16,"1,7","11,7",13:40,,,,,
2023-02-15,1089U,RAMALES DE LA VICTORIA,CANTABRIA,80,"12,0","0,0","3,5",23:46,"20,5",14:00,18,"0,3","13,9",00:40,,,,,
2023-02-16,1089U,RAMALES DE LA VICTORIA,CANTABRIA,80,"10,1","0,0","0,7",07:03,"19,5",14:14,08,"0,6","5,8",15:00,,,,,
2023-02-17,1089U,RAMALES DE LA VICTORIA,CANTABRIA,80,"10,8","0,0","1,1",06:51,"20,4",14:00,08,"0,3","6,1",15:10,,,,,
2023-02-18,1089U,RAMALES DE LA VICTORIA,CANTABRIA,80,"10,4","0,0","0,5",07:28,"20,3",13:49,08,"0,6","5,8",15:10,,,,,
2023-02-19,1089U,RAMALES DE LA VICTORIA,CANTABRIA,80,"10,5","0,0","3,8",00:01,"17,2",14:31,08,"1,1","6,7",16:30,,,,,
2023-02-20,1089U,RAMALES DE LA VICTORIA,CANTABRIA,80,"13,1","0,0","5,1",03:51,"21,1",15:18,05,"0,3","3,6",16:00,,,,,
2023-02-21,1089U,RAMALES DE LA VICTORIA,CANTABRIA,80,"14,0","0,6","7,9",07:45,"20,0",13:01,26,"1,1","5,0",03:10,,,,,
2023-02-22,1089U,RAMALES DE LA VICTORIA,CANTABRIA,80,"11,3","28,6","8,1",23:53,"14,5",13:41,31,"0,3","7,2",20:40,,,,,
2023-02-23,1089U,RAMALES DE LA VICTORIA,CANTABRIA,80,"5,6","14,0","3,1",Varias,"8,1",00:01,30,"1,7","7,2",22:30,,,,,
2023-02-24,1089U,RAMALES DE LA VICTORIA,CANTABRIA,80,"7,0","0,4","0,9",06:39,"13,2",14:13,14,"1,1","6,4",12:20,,,,,
2023-02-25,1089U,RAMALES DE LA VICTORIA,CANTABRIA,80,"8,6","4,0","4,8",03:32,"12,5",13:40,07,"0,6","5,0",16:30,,,,,
2023-02-26,1089U,RAMALES DE LA VICTORIA,CANTABRIA,80,"7,2","0,0","5,8",24:00,"8,7",12:48,08,"1,9","7,8",14:30,,,,,
2023-02-27,1089U,RAMALES DE LA VICTORIA,CANTABRIA,80,"4,6","1,0","3,2",16:16,"6,1",12:41,26,"2,5","9,4",14:00,,,,,
2023-02-28,1089U,RAMALES DE LA VICTORIA,CANTABRIA,80,"5,6","1,6","3,2",23:52,"8,0",14:26,30,"1,9","6,4",16:20,,,,,
2023-03-01,1089U,RAMALES DE LA VICTORIA,CANTABRIA,80,"4,0","3,8","0,7",03:21,"7,2",14:22,07,"0,3","4,2",15:40,,,,,
2023-03-02,1089U,RAMALES DE LA VICTORIA,CANTABRIA,80,"6,1","0,2","2,7",Varias,"9,5",12:51,28,"1,4","8,3",13:10,,,,,
2023-03-03,1089U,RAMALES DE LA VICTORIA,CANTABRIA,80,"7,1","4,2","5,2",Varias,"9,0",13:27,28,"0,8","5,8",13:10,,,,,
2023-03-04,1089U,RAMALES DE LA VICTORIA,CANTABRIA,80,"6,4","0,0","1,3",23:57,"11,5",11:51,99,"0,6","2,8",Varias,,,,,
2023-03-05,1089U,RAMALES DE LA VICTORIA,CANTABRIA,80,"7,2","0,0","-1,0",07:29,"15,3",13:55,08,"0,8","6,7",15:20,,,,,
2023-03-06,1089U,RAMALES DE LA VICTORIA,CANTABRIA,80,"9,2","0,0","2,9",00:01,"15,4",13:33,07,"0,6","5,6",16:30,,,,,
2023-03-07,1089U,RAMALES DE LA VICTORIA,CANTABRIA,80,"10,2","0,8","3,4",03:19,"17,0",22:28,16,"0,8","15,0",23:50,,,,,
2023-03-08,1089U,RAMALES DE LA VICTORIA,CANTABRIA,80,"15,6","0,8","8,7",23:55,"22,6",16:02,15,"3,3","18,6",00:10,,,,,
2023-03-09,1089U,RAMALES DE LA VICTORIA,CANTABRIA,80,"14,4","0,0","7,0",Varias,"21,7",14:08,28,"3,3","16,4",13:10,,,,,
2023-03-10,1089U,RAMALES DE LA VICTORIA,CANTABRIA,80,"14,9","0,0","6,1",01:50,"23,7",16:53,18,"0,6","10,8",16:30,,,,,
2023-03-11,1089U,RAMALES DE LA VICTORIA,CANTABRIA,80,"14,7","12,0","8,9",06:29,"20,5",12:58,28,"1,4","6,7",15:40,,,,,
2023-03-12,1089U,RAMALES DE LA VICTORIA,CANTABRIA,80,"18,6","0,0","13,0",06:42,"24,1",13:06,08,"0,6","5,0",16:00,,,,,
2023-03-13,1089U,RAMALES DE LA VICTORIA,CANTABRIA,80,"16,1","1,8","8,8",23:38,"23,4",14:38,28,"3,9","16,7",12:50,,,,,
2023-03-14,1089U,RAMALES DE LA VICTORIA,CANTABRIA,80,,,,,,,,"1,7",,,,,,,
2023-03-15,1089U,RAMALES DE LA VICTORIA,CANTABRIA,80,"14,4","0,0","7,0",07:06,"21,8",14:12,10,"0,8","6,1",15:10,,,,,
2023-03-16,1089U,RAMALES DE LA VICTORIA,CANTABRIA,80,"14,4","0,0","5,1",02:48,"23,7",09:55,26,"1,1","14,2",09:30,,,,,
2023-03-17,1089U,RAMALES DE LA VICTORIA,CANTABRIA,80,"14,4","1,8","7,5",05:27,"21,3",14:53,29,"1,9","18,9",16:40,,,,,
2023-03-18,1089U,RAMALES DE LA VICTORIA,CANTABRIA,80,"13,0","15,2","7,8",04:11,"18,1",10:35,20,"1,1","13,3",00:30,,,,,
2023-03-19,1089U,RAMALES DE LA VICTORIA,CANTABRIA,80,"12,0","0,8","7,1",24:00,"17,0",14:36,28,"1,7","8,1",03:20,,,,,
2023-03-20,1089U,RAMALES DE LA VICTORIA,CANTABRIA,80,"13,1","0,0","4,4",06:46,"21,8",13:37,06,"1,1","5,8",14:40,,,,,
2023-03-21,1089U,RAMALES DE LA VICTORIA,CANTABRIA,80,"11,9","0,0","4,5",03:57,"19,3",12:24,08,"1,7","6,7",13:20,,,,,
2023-03-22,1089U,RAMALES DE LA VICTORIA,CANTABRIA,80,"13,4","0,0","5,6",06:19,"21,1",19:25,18,"0,8","11,1",19:10,,,,,
2023-03-23,1089U,RAMALES DE LA VICTORIA,CANTABRIA,80,"15,4","0,0","8,7",05:17,"22,1",14:14,26,"2,2","17,5",18:40,,,,,
2023-03-24,1089U,RAMALES DE LA VICTORIA,CANTABRIA,80,"13,3","0,0","7,4",23:57,"19,2",14:36,15,"1,7","10,0",01:00,,,,,
2023-03-25,1089U,RAMALES DE LA VICTORIA,CANTABRIA,80,"12,4","3,8","3,9",05:54,"21,0",Varias,26,"1,4","10,3",18:20,,,,,
2023-03-26,1089U,RAMALES DE LA VICTORIA,CANTABRIA,80,"14,0","5,8","10,1",23:55,"18,0",13:06,28,"2,8","17,5",14:40,,,,,
2023-03-27,1089U,RAMALES DE LA VICTORIA,CANTABRIA,80,"11,2","0,0","5,2",23:41,"17,3",14:47,08,"0,8","5,3",16:00,,,,,
2023-03-28,1089U,RAMALES DE LA VICTORIA,CANTABRIA,80,"15,6","0,0","3,4",06:13,"27,9",15:09,17,"0,8","7,5",19:10,,,,,
2023-03-29,1089U,RAMALES DE LA VICTORIA,CANTABRIA,80,"20,4","0,0","12,2",23:56,"28,6",11:40,28,"2,2","13,6",12:00,,,,,
2023-03-30,1089U,RAMALES DE LA VICTORIA,CANTABRIA,80,"16,4","0,0","7,9",05:16,"24,9",13:09,28,"2,2","14,7",18:30,,,,,
2023-03-31,1089U,RAMALES DE LA VICTORIA,CANTABRIA,80,"16,6","0,8","13,2",22:49,"20,0",00:01,15,"1,4","12,8",00:10,,,,,
2023-04-01,1089U,RAMALES DE LA VICTORIA,CANTABRIA,80,"12,3","16,0","9,5",23:56,"15,1",10:46,20,"1,9","11,4",12:40,,,,,
2023-04-02,1089U,RAMALES DE LA VICTORIA,CANTABRIA,80,"9,9","1,4","5,8",23:54,"14,0",13:32,32,"1,9","8,9",03:40,,,,,
2023-04-03,1089U,RAMALES DE LA VICTORIA,CANTABRIA,80,"10,9","0,0","3,5",03:03,"18,3",14:13,07,"1,4","6,4",13:00,,,,,
2023-04-04,1089U,RAMALES DE LA VICTORIA,CANTABRIA,80,"9,2","0,0","2,8",23:58,"15,6",11:34,07,,"7,8",12:50,,,,,
2023-04-05,1089U,RAMALES DE LA VICTORIA,CANTABRIA,80,"10,5","0,0","1,3",06:08,"19,7",12:56,09,"1,7","6,9",14:40,,,,,
2023-04-06,1089U,RAMALES DE LA VICTORIA,CANTABRIA,80,"11,0","0,0","1,3",05:55,"20,6",12:44,08,"1,9","7,8",13:20,,,,,
2023-04-07,1089U,RAMALES DE LA VICTORIA,CANTABRIA,80,"12,2","0,0","1,6",05:45,"22,8",14:08,05,"1,7","6,9",15:00,,,,,
2023-04-08,1089U,RAMALES DE LA VICTORIA,CANTABRIA,80,"14,4","0,0","3,9",05:55,"24,8",12:50,08,"1,4","6,7",14:30,,,,,
2023-04-09,1089U,RAMALES DE LA VICTORIA,CANTABRIA,80,"15,2","0,0","5,2",05:54,"25,1",11:37,36,"1,9","8,3",14:40,,,,,
2023-04-10,1089U,RAMALES DE LA VICTORIA,CANTABRIA,80,"12,9","1,2","4,6",05:52,"21,2",14:27,07,"1,4","6,7",12:40,,,,,
2023-04-11,1089U,RAMALES DE LA VICTORIA,CANTABRIA,80,"14,2","0,0","9,1",23:59,"19,4",12:04,05,"0,6","4,4",12:20,,,,,
2023-04-12,1089U,RAMALES DE LA VICTORIA,CANTABRIA,80,"8,6","9,2","5,3",23:40,"11,9",12:37,30,"1,1","10,3",10:50,,,,,
2023-04-13,1089U,RAMALES DE LA VICTORIA,CANTABRIA,80,"8,6","2,2","2,9",06:04,"14,2",10:59,28,"0,8","9,7",09:30,,,,,
2023-04-14,1089U,RAMALES DE LA VICTORIA,CANTABRIA,80,"13,0","2,2","9,0",Varias,"16,9",11:07,27,"1,9","12,5",14:00,,,,,
2023-04-15,1089U,RAMALES DE LA VICTORIA,CANTABRIA,80,"12,8","3,0","11,5",23:53,"14,2",15:21,27,"1,4","14,2",03:20,,,,,
2023-04-16,1089U,RAMALES DE LA VICTORIA,CANTABRIA,80,"12,2","0,0","5,1",24:00,"19,4",14:27,04,"1,1","6,7",16:00,,,,,
2023-04-17,1089U,RAMALES DE LA VICTORIA,CANTABRIA,80,"11,0","0,0","3,4",04:53,"18,5",12:45,04,"1,7","7,8",14:20,,,,,
2023-04-18,1089U,RAMALES DE LA VICTORIA,CANTABRIA,80,"11,8","0,0","5,1",Varias,"18,5",12:08,06,"1,4","7,5",13:30,,,,,
2023-04-19,1089U,RAMALES DE LA VICTORIA,CANTABRIA,80,"14,4","0,0","3,8",05:49,"25,0",13:09,99,"1,7","6,1",Varias,,,,,
2023-04-20,1089U,RAMALES DE LA VICTORIA,CANTABRIA,80,"15,0","0,0","6,6",05:39,"23,5",13:17,09,"1,9","8,6",14:30,,,,,
2023-04-21,1089U,RAMALES DE LA VICTORIA,CANTABRIA,80,"15,4","2,6","7,6",00:53,"23,2",12:36,99,"2,2","8,9",Varias,,,,,
2023-04-22,1089U,RAMALES DE LA VICTORIA,CANTABRIA,80,"15,0","0,0","9,4",22:01,"20,6",11:53,20,"1,1","11,1",23:40,,,,,
2023-04-23,1089U,RAMALES DE LA VICTORIA,CANTABRIA,80,"15,4","7,4","11,9",Varias,"18,8",01:08,16,"0,8","11,7",01:10,,,,,
2023-04-24,1089U,RAMALES DE LA VICTORIA,CANTABRIA,80,"15,8","0,0","11,3",05:38,"20,2",14:17,30,"0,8","5,0",15:30,,,,,
2023-04-25,1089U,RAMALES DE LA VICTORIA,CANTABRIA,80,"18,2","0,2","12,8",03:12,"23,6",14:06,06,"0,8","5,8",14:30,,,,,
2023-04-26,1089U,RAMALES DE LA VICTORIA,CANTABRIA,80,"19,8","0,0","14,9",Varias,"24,6",12:32,06,"1,1","6,1",14:50,,,,,
2023-04-27,1089U,RAMALES DE LA VICTORIA,CANTABRIA,80,"19,7","0,0","12,4",05:19,"27,0",12:25,08,"1,7","6,7",14:40,,,,,
2023-04-28,1089U,RAMALES DE LA VICTORIA,CANTABRIA,80,"16,4","0,2","10,4",05:15,"22,4",11:24,34,"0,8","6,9",15:40,,,,,
2023-04-29,1089U,RAMALES DE LA VICTORIA,CANTABRIA,80,"16,8","1,6","14,5",23:52,"19,1",14:31,27,"1,1","4,2",20:40,,,,,
2023-04-30,1089U,RAMALES DE LA VICTORIA,CANTABRIA,80,"17,2","3,0","13,8",Varias,"20,6",14:29,08,"0,3","4,7",09:20,,,,,
2023-05-01,1089U,RAMALES DE LA VICTORIA,CANTABRIA,80,"15,6","0,0","9,1",23:47,"22,1",15:08,08,"1,7","6,9",12:10,,,,,
2023-05-02,1089U,RAMALES DE LA VICTORIA,CANTABRIA,80,"17,0","0,0","6,2",05:12,"27,7",14:01,04,"1,4","6,4",13:00,,,,,
2023-05-03,1089U,RAMALES DE LA VICTORIA,CANTABRIA,80,"21,9","0,0","10,1",05:20,"33,7",Varias,30,"1,1","14,7",18:40,,,,,
2023-05-04,1089U,RAMALES DE LA VICTORIA,CANTABRIA,80,"19,3","0,0","12,9",23:53,"25,7",12:57,19,"1,9","9,7",07:00,,,,,
2023-05-05,1089U,RAMALES DE LA VICTORIA,CANTABRIA,80,"16,7","0,0","8,9",05:36,"24,5",11:57,07,"1,1","8,1",14:40,,,,,
2023-05-06,1089U,RAMALES DE LA VICTORIA,CANTABRIA,80,"15,6","7,4","7,8",04:18,"23,5",13:01,99,"1,1","8,3",10:40,,,,,
2023-05-07,1089U,RAMALES DE LA VICTORIA,CANTABRIA,80,"15,2","0,0","9,6",23:59,"20,8",11:19,05,"1,1","6,7",12:50,,,,,
2023-05-08,1089U,RAMALES DE LA VICTORIA,CANTABRIA,80,"16,8","0,8","8,9",01:11,"24,7",14:10,07,"1,4","6,7",16:00,,,,,
2023-05-09,1089U,RAMALES DE LA VICTORIA,CANTABRIA,80,"15,1","6,4","12,2",23:51,"18,0",13:24,26,"0,8","8,1",13:50,,,,,
2023-05-10,1089U,RAMALES DE LA VICTORIA,CANTABRIA,80,,"9,6",,,,,25,"0,8","5,3",11:30,,,,,
2023-05-11,1089U,RAMALES DE LA VICTORIA,CANTABRIA,80,"12,6","29,4","10,3",04:39,"15,0",14:38,27,"1,4","9,2",15:00,,,,,
2023-05-12,1089U,RAMALES DE LA VICTORIA,CANTABRIA,80,"12,2","13,6","9,6",23:13,"14,7",14:26,30,"0,8","7,5",11:20,,,,,
2023-05-13,1089U,RAMALES DE LA VICTORIA,CANTABRIA,80,"13,0","12,2","8,8",05:32,"17,3",12:08,32,"1,7","8,3",11:50,,,,,
2023-05-14,1089U,RAMALES DE LA VICTORIA,CANTABRIA,80,"12,8","0,4","9,1",24:00,"16,6",15:46,28,"2,8","8,9",16:50,,,,,
2023-05-15,1089U,RAMALES DE LA VICTORIA,CANTABRIA,80,"11,4","13,8","8,5",00:48,"14,2",10:59,29,"0,3","6,1",15:20,,,,,
2023-05-16,1089U,RAMALES DE LA VICTORIA,CANTABRIA,80,"11,4","0,0","6,3",23:05,"16,4",15:23,10,"1,1","6,9",13:40,,,,,
2023-05-17,1089U,RAMALES DE LA VICTORIA,CANTABRIA,80,"13,0","0,0","7,2",00:01,"18,8",13:58,06,"0,8","6,9",15:50,,,,,
2023-05-18,1089U,RAMALES DE LA VICTORIA,CANTABRIA,80,"14,0","0,0","8,9",05:05,"19,1",12:48,06,"1,1","7,2",13:40,,,,,
2023-05-19,1089U,RAMALES DE LA VICTORIA,CANTABRIA,80,"14,6","0,4","9,9",23:37,"19,3",11:52,07,"1,4","8,1",12:40,,,,,
2023-05-20,1089U,RAMALES DE LA VICTORIA,CANTABRIA,80,"13,2","4,4","8,1",02:36,"18,4",11:32,33,"1,1","6,7",13:10,,,,,
2023-05-21,1089U,RAMALES DE LA VICTORIA,CANTABRIA,80,"14,8","0,0","9,6",Varias,"20,1",16:17,06,"1,4","5,6",17:20,,,,,
2023-05-22,1089U,RAMALES DE LA VICTORIA,CANTABRIA,80,"13,8","1,0","8,3",05:03,"19,4",11:03,26,"1,1","6,1",12:20,,,,,
2023-05-23,1089U,RAMALES DE LA VICTORIA,CANTABRIA,80,"16,1","4,8","14,4",04:52,"17,8",11:07,28,"0,8","5,3",15:20,,,,,
2023-05-24,1089U,RAMALES DE LA VICTORIA,CANTABRIA,80,"15,4","0,8","13,6",23:58,"17,3",11:54,99,"0,6","3,3",Varias,,,,,
2023-05-25,1089U,RAMALES DE LA VICTORIA,CANTABRIA,80,"14,0","10,2","9,5",Varias,"18,6",11:45,11,"1,1","7,2",14:30,,,,,
2023-05-26,1089U,RAMALES DE LA VICTORIA,CANTABRIA,80,"17,4","0,0","8,0",03:49,"26,9",13:22,11,"0,8","7,8",10:40,,,,,
2023-05-27,1089U,RAMALES DE LA VICTORIA,CANTABRIA,80,"20,4","0,0","11,4",05:15,"29,3",13:16,99,"0,6","6,1",14:50,,,,,
2023-05-28,1089U,RAMALES DE LA VICTORIA,CANTABRIA,80,"19,0","0,0","11,6",04:51,"26,5",11:25,08,"0,8","6,4",11:20,,,,,
2023-05-29,1089U,RAMALES DE LA VICTORIA,CANTABRIA,80,"19,6","0,0","12,6",04:08,"26,5",14:18,07,"0,8","6,4",15:10,,,,,
2023-05-30,1089U,RAMALES DE LA VICTORIA,CANTABRIA,80,"19,1","0,0","11,7",04:28,"26,5",12:28,08,"1,4","7,8",13:10,,,,,
2023-05-31,1089U,RAMALES DE LA VICTORIA,CANTABRIA,80,"19,4","0,0","13,3",01:42,"25,6",12:55,07,"1,7","6,7",12:50,,,,,
2023-06-01,1089U,RAMALES DE LA VICTORIA,CANTABRIA,80,"19,6","0,0","13,1",23:57,"26,1",13:34,09,"1,1","7,8",14:50,,,,,
2023-06-02,1089U,RAMALES DE LA VICTORIA,CANTABRIA,80,"20,4","0,0","12,1",02:16,"28,6",12:47,06,"0,6","7,5",14:50,,,,,
2023-06-03,1089U,RAMALES DE LA VICTORIA,CANTABRIA,80,"20,2","0,0","11,9",04:55,"28,4",Varias,07,"1,1","6,1",14:40,,,,,
2023-06-04,1089U,RAMALES DE LA VICTORIA,CANTABRIA,80,"21,2","0,0","14,7",23:53,"27,8",13:36,99,"1,4","6,1",Varias,,,,,
2023-06-05,1089U,RAMALES DE LA VICTORIA,CANTABRIA,80,"20,8","0,0","13,8",02:36,"27,7",12:24,05,"1,1","6,7",13:00,,,,,
2023-06-06,1089U,RAMALES DE LA VICTORIA,CANTABRIA,80,"21,6","0,0","13,6",04:14,"29,6",11:46,08,"1,4","6,7",12:10,,,,,
2023-06-07,1089U,RAMALES DE LA VICTORIA,CANTABRIA,80,"22,0","3,6","15,1",02:36,"29,0",13:38,25,"0,6","9,4",16:30,,,,,
2023-06-08,1089U,RAMALES DE LA VICTORIA,CANTABRIA,80,"22,3","4,2","16,5",23:17,"28,1",10:59,16,"0,8","7,8",05:00,,,,,
2023-06-09,1089U,RAMALES DE LA VICTORIA,CANTABRIA,80,"22,5","0,2","16,1",23:59,"28,9",13:33,25,"1,7","12,8",06:40,,,,,
2023-06-10,1089U,RAMALES DE LA VICTORIA,CANTABRIA,80,"20,6","4,2","14,7",Varias,"26,5",11:42,11,"1,1","6,1",16:10,,,,,
2023-06-11,1089U,RAMALES DE LA VICTORIA,CANTABRIA,80,"21,8","0,2","16,5",04:46,"27,1",14:21,08,"0,8","6,1",14:40,,,,,
2023-06-12,1089U,RAMALES DE LA VICTORIA,CANTABRIA,80,"21,2","14,2","15,0",04:16,"27,4",13:19,27,"0,8","6,9",14:50,,,,,
2023-06-13,1089U,RAMALES DE LA VICTORIA,CANTABRIA,80,"17,4","12,6","14,7",04:30,"20,2",12:03,25,"0,8","7,5",12:40,,,,,
2023-06-14,1089U,RAMALES DE LA VICTORIA,CANTABRIA,80,"20,0","0,0","16,4",03:32,"23,6",11:43,30,"0,8","8,1",00:50,,,,,
2023-06-15,1089U,RAMALES DE LA VICTORIA,CANTABRIA,80,"20,2","0,0","14,0",23:44,"26,5",14:54,08,"1,4","6,9",16:10,,,,,
2023-06-16,1089U,RAMALES DE LA VICTORIA,CANTABRIA,80,"21,7","2,0","13,4",00:54,"30,0",14:02,10,"0,8","6,1",13:30,,,,,
2023-06-17,1089U,RAMALES DE LA VICTORIA,CANTABRIA,80,"20,8","24,4","16,9",05:30,"24,8",10:17,30,"0,8","5,3",10:30,,,,,
2023-06-18,1089U,RAMALES DE LA VICTORIA,CANTABRIA,80,"19,2","0,0","16,2",05:33,"22,3",10:23,31,"0,8","5,3",11:10,,,,,
2023-06-19,1089U,RAMALES DE LA VICTORIA,CANTABRIA,80,"22,8","16,4","16,5",03:14,"29,2",12:18,17,"0,8","9,2",06:20,,,,,
2023-06-20,1089U,RAMALES DE LA VICTORIA,CANTABRIA,80,"18,8","10,8","16,1",23:51,"21,6",10:26,28,"0,6","7,8",14:20,,,,,
2023-06-21,1089U,RAMALES DE LA VICTORIA,CANTABRIA,80,"19,2","4,4","16,1",Varias,"22,2",12:41,10,"0,3","5,0",14:30,,,,,
2023-06-22,1089U,RAMALES DE LA VICTORIA,CANTABRIA,80,"20,8","0,0","16,2",23:58,"25,4",15:05,08,"0,8","4,7",15:20,,,,,
2023-06-23,1089U,RAMALES DE LA VICTORIA,CANTABRIA,80,"22,4","0,0","15,1",Varias,"29,6",13:27,06,"1,7","6,7",15:20,,,,,
2023-06-24,1089U,RAMALES DE LA VICTORIA,CANTABRIA,80,"23,4","0,0","14,2",05:07,"32,7",Varias,08,"1,1","6,4",10:30,,,,,
2023-06-25,1089U,RAMALES DE LA VICTORIA,CANTABRIA,80,"21,0","0,0","16,1",03:56,"26,0",11:18,27,"1,1","5,3",08:10,,,,,
2023-06-26,1089U,RAMALES DE LA VICTORIA,CANTABRIA,80,"20,8","0,0","17,7",02:13,"24,0",12:24,06,"0,6","5,3",10:10,,,,,
2023-06-27,1089U,RAMALES DE LA VICTORIA,CANTABRIA,80,"20,2","0,0","14,6",22:49,"25,9",12:16,06,"1,7","6,7",13:40,,,,,
2023-06-28,1089U,RAMALES DE LA VICTORIA,CANTABRIA,80,,"0,0",,,,,,"1,1",,,,,,,
2023-06-29,1089U,RAMALES DE LA VICTORIA,CANTABRIA,80,"17,4","13,2","15,0",23:59,"19,8",15:01,27,"0,8","10,0",19:00,,,,,
2023-06-30,1089U,RAMALES DE LA VICTORIA,CANTABRIA,80,"18,4","0,8","14,2",04:43,"22,7",13:36,30,"1,1","7,2",13:10,,,,,
2023-07-01,1089U,RAMALES DE LA VICTORIA,CANTABRIA,80,"20,2","0,0","15,8",05:18,"24,6",15:22,28,"1,7","7,5",12:40,,,,,
2023-07-02,1089U,RAMALES DE LA VICTORIA,CANTABRIA,80,"20,8","0,0","16,3",04:45,"25,2",10:46,07,"1,1","6,4",11:40,,,,,
2023-07-03,1089U,RAMALES DE LA VICTORIA,CANTABRIA,80,"20,6","0,0","14,2",23:50,"27,1",12:07,03,"0,8","6,4",13:10,,,,,
2023-07-04,1089U,RAMALES DE LA VICTORIA,CANTABRIA,80,"19,8","0,0","14,0",00:34,"25,6",13:36,30,"1,4","6,1",15:20,,,,,
2023-07-05,1089U,RAMALES DE LA VICTORIA,CANTABRIA,80,"20,4","0,0","15,9",23:51,"24,9",10:14,09,"0,8","6,4",12:40,,,,,
2023-07-06,1089U,RAMALES DE LA VICTORIA,CANTABRIA,80,"21,2","0,0","15,2",Varias,"27,3",12:40,08,"0,8","6,4",13:00,,,,,
2023-07-07,1089U,RAMALES DE LA VICTORIA,CANTABRIA,80,"24,7","0,6","14,9",03:20,"34,5",13:42,10,"0,6","8,3",14:50,,,,,
2023-07-08,1089U,RAMALES DE LA VICTORIA,CANTABRIA,80,"22,0","0,0","15,8",04:11,"28,3",11:04,08,"0,8","6,9",14:30,,,,,
2023-07-09,1089U,RAMALES DE LA VICTORIA,CANTABRIA,80,"20,0","2,4","17,6",23:46,"22,5",08:15,28,"0,3","7,5",09:00,,,,,
2023-07-10,1089U,RAMALES DE LA VICTORIA,CANTABRIA,80,"22,7","0,0","15,8",05:13,"29,6",14:47,08,"1,4","6,4",14:00,,,,,
2023-07-11,1089U,RAMALES DE LA VICTORIA,CANTABRIA,80,"20,8","0,0","15,4",05:47,"26,2",09:52,06,"0,8","4,7",11:50,,,,,
2023-07-12,1089U,RAMALES DE LA VICTORIA,CANTABRIA,80,"21,5","12,2","15,8",01:33,"27,2",11:42,10,"0,8","5,3",13:40,,,,,
2023-07-13,1089U,RAMALES DE LA VICTORIA,CANTABRIA,80,"21,0","0,6","16,3",23:59,"25,8",16:54,08,"0,6","4,2",13:50,,,,,
2023-07-14,1089U,RAMALES DE LA VICTORIA,CANTABRIA,80,"24,5","0,0","14,6",05:11,"34,4",11:46,28,"1,1","13,3",10:40,,,,,
2023-07-15,1089U,RAMALES DE LA VICTORIA,CANTABRIA,80,"18,7","0,6","16,4",03:02,"21,0",14:40,24,"0,8","8,9",13:20,,,,,
2023-07-16,1089U,RAMALES DE LA VICTORIA,CANTABRIA,80,"19,6","0,0","15,5",Varias,"23,6",11:39,06,"0,6","6,1",12:00,,,,,
2023-07-17,1089U,RAMALES DE LA VICTORIA,CANTABRIA,80,"20,3","0,2","16,0",04:15,"24,6",14:41,06,"0,8","5,0",12:10,,,,,
2023-07-18,1089U,RAMALES DE LA VICTORIA,CANTABRIA,80,"19,6","0,0","14,7",05:07,"24,6",09:30,29,"1,1","7,8",12:10,,,,,
2023-07-19,1089U,RAMALES DE LA VICTORIA,CANTABRIA,80,"18,4","0,0","14,2",23:59,"22,6",13:31,05,"0,6","3,9",18:30,,,,,
2023-07-20,1089U,RAMALES DE LA VICTORIA,CANTABRIA,80,"17,6","0,6","12,4",03:03,"22,8",14:24,99,"0,6","4,7",Varias,,,,,
2023-07-21,1089U,RAMALES DE LA VICTORIA,CANTABRIA,80,"18,3","1,6","14,1",23:52,"22,5",13:35,06,"0,6","3,6",10:40,,,,,
2023-07-22,1089U,RAMALES DE LA VICTORIA,CANTABRIA,80,"19,4","0,0","12,0",Varias,"26,9",12:15,06,"0,8","5,0",13:50,,,,,
2023-07-23,1089U,RAMALES DE LA VICTORIA,CANTABRIA,80,"19,6","0,6","14,1",05:31,"25,2",12:49,08,"0,3","4,7",13:30,,,,,
2023-07-24,1089U,RAMALES DE LA VICTORIA,CANTABRIA,80,"18,6","4,8","14,9",03:07,"22,3",12:24,28,"1,4","8,1",13:10,,,,,
2023-07-25,1089U,RAMALES DE LA VICTORIA,CANTABRIA,80,"17,2","0,0","12,9",Varias,"21,4",13:50,27,"1,1","8,1",09:30,,,,,
2023-07-26,1089U,RAMALES DE LA VICTORIA,CANTABRIA,80,"20,6","0,0","14,5",01:29,"26,6",13:19,07,"1,1","5,8",15:50,,,,,
2023-07-27,1089U,RAMALES DE LA VICTORIA,CANTABRIA,80,"21,2","0,0","15,6",01:45,"26,7",10:58,30,"1,1","6,1",13:20,,,,,
2023-07-28,1089U,RAMALES DE LA VICTORIA,CANTABRIA,80,"23,0","0,0","16,0",02:40,"29,9",14:17,06,"1,1","6,4",14:40,,,,,
2023-07-29,1089U,RAMALES DE LA VICTORIA,CANTABRIA,80,"20,6","1,0","14,8",05:35,"26,4",10:06,26,"0,8","8,3",11:10,,,,,
2023-07-30,1089U,RAMALES DE LA VICTORIA,CANTABRIA,80,"19,8","0,0","15,4",23:57,"24,3",13:17,04,"0,3","4,7",13:40,,,,,
2023-07-31,1089U,RAMALES DE LA VICTORIA,CANTABRIA,80,"20,4","0,0","12,9",05:15,"27,8",12:19,07,"1,4","6,7",13:10,,,,,
2023-08-01,1089U,RAMALES DE LA VICTORIA,CANTABRIA,80,"20,0","0,0","13,9",03:43,"26,2",14:04,28,"0,8","7,2",14:20,,,,,
2023-08-02,1089U,RAMALES DE LA VICTORIA,CANTABRIA,80,"23,2","1,2","16,6",04:40,"29,7",10:33,28,"1,9","13,3",11:30,,,,,
2023-08-03,1089U,RAMALES DE LA VICTORIA,CANTABRIA,80,"18,7","8,4","15,0",04:31,"22,4",12:47,30,"1,1","8,6",11:00,,,,,
2023-08-04,1089U,RAMALES DE LA VICTORIA,CANTABRIA,80,"16,9","0,2","12,6",23:55,"21,2",12:55,29,"1,1","6,7",15:20,,,,,
2023-08-05,1089U,RAMALES DE LA VICTORIA,CANTABRIA,80,"18,9","3,8","11,0",02:35,"26,8",14:08,34,"1,4","9,2",16:30,,,,,
2023-08-06,1089U,RAMALES DE LA VICTORIA,CANTABRIA,80,"18,0","0,0","13,9",23:57,"22,0",12:07,09,"1,4","6,9",14:30,,,,,
2023-08-07,1089U,RAMALES DE LA VICTORIA,CANTABRIA,80,"18,2","0,0","10,9",05:15,"25,6",14:27,09,"1,4","6,9",14:10,,,,,
2023-08-08,1089U,RAMALES DE LA VICTORIA,CANTABRIA,80,"20,4","0,0","11,2",03:43,"29,6",13:45,06,"1,1","6,4",14:20,,,,,
2023-08-09,1089U,RAMALES DE LA VICTORIA,CANTABRIA,80,"24,9","0,0","14,3",02:18,"35,5",14:35,30,"1,1","12,8",23:20,,,,,
2023-08-10,1089U,RAMALES DE LA VICTORIA,CANTABRIA,80,"22,6","0,0","16,1",23:39,"29,1",14:32,29,"1,1","9,2",00:20,,,,,
2023-08-11,1089U,RAMALES DE LA VICTORIA,CANTABRIA,80,"22,4","0,0","13,2",05:39,"31,5",13:32,07,"2,2","6,9",13:10,,,,,
2023-08-12,1089U,RAMALES DE LA VICTORIA,CANTABRIA,80,"21,0","1,0","14,4",05:18,"27,6",10:55,30,"0,6","9,4",11:30,,,,,
2023-08-13,1089U,RAMALES DE LA VICTORIA,CANTABRIA,80,"20,2","0,0","17,6",Varias,"22,7",11:45,06,"0,3","3,9",11:20,,,,,
2023-08-14,1089U,RAMALES DE LA VICTORIA,CANTABRIA,80,"21,4","0,0","16,5",23:58,"26,3",12:52,03,"0,6","6,9",14:10,,,,,
2023-08-15,1089U,RAMALES DE LA VICTORIA,CANTABRIA,80,"20,3","2,4","14,5",02:46,"26,1",14:09,06,"0,6","5,3",14:30,,,,,
2023-08-16,1089U,RAMALES DE LA VICTORIA,CANTABRIA,80,"20,6","0,2","18,3",06:52,"22,9",12:29,09,"0,8","3,6",11:40,,,,,
2023-08-17,1089U,RAMALES DE LA VICTORIA,CANTABRIA,80,"23,0","0,0","16,6",23:57,"29,4",13:36,99,"1,1","6,9",Varias,,,,,
2023-08-18,1089U,RAMALES DE LA VICTORIA,CANTABRIA,80,"26,2","0,0","15,6",02:45,"36,9",14:32,06,"0,6","6,7",15:00,,,,,
2023-08-19,1089U,RAMALES DE LA VICTORIA,CANTABRIA,80,"24,0","0,0","16,0",05:44,"31,9",13:38,99,"1,1","6,7",Varias,,,,,
2023-08-20,1089U,RAMALES DE LA VICTORIA,CANTABRIA,80,"22,9","0,0","18,0",05:36,"27,8",09:55,05,"0,8","4,2",10:10,,,,,
2023-08-21,1089U,RAMALES DE LA VICTORIA,CANTABRIA,80,"24,9","0,0","18,3",00:01,"31,5",12:15,10,"0,8","6,4",13:20,,,,,
2023-08-22,1089U,RAMALES DE LA VICTORIA,CANTABRIA,80,"25,4","0,0","18,8",03:46,"32,0",14:39,08,"1,4","5,8",14:30,,,,,
2023-08-23,1089U,RAMALES DE LA VICTORIA,CANTABRIA,80,"31,3","0,0","19,3",05:55,"43,3",14:17,30,"1,1","8,6",02:10,,,,,
2023-08-24,1089U,RAMALES DE LA VICTORIA,CANTABRIA,80,"27,2","0,0","19,6",05:30,"34,9",07:40,25,"3,3","11,4",07:10,,,,,
2023-08-25,1089U,RAMALES DE LA VICTORIA,CANTABRIA,80,"20,0","9,0","16,9",23:38,"23,0",09:41,07,"0,6","4,7",10:00,,,,,
2023-08-26,1089U,RAMALES DE LA VICTORIA,CANTABRIA,80,"16,3","20,8","14,0",23:51,"18,6",10:27,08,"0,0","4,7",12:10,,,,,
2023-08-27,1089U,RAMALES DE LA VICTORIA,CANTABRIA,80,"17,0","14,2","14,0",00:01,"20,0",12:57,24,"1,7","9,4",13:20,,,,,
2023-08-28,1089U,RAMALES DE LA VICTORIA,CANTABRIA,80,"19,1","15,2","15,6",00:22,"22,6",14:17,30,"1,4","8,6",14:30,,,,,
2023-08-29,1089U,RAMALES DE LA VICTORIA,CANTABRIA,80,"19,0","11,6","15,3",05:56,"22,7",13:50,27,"1,1","6,9",17:50,,,,,
2023-08-30,1089U,RAMALES DE LA VICTORIA,CANTABRIA,80,"17,2","3,0","13,1",23:29,"21,4",14:29,33,"1,1","7,5",11:50,,,,,
2023-08-31,1089U,RAMALES DE LA VICTORIA,CANTABRIA,80,"20,0","0,0","12,2",04:56,"27,9",13:41,08,"0,8","6,1",14:20,,,,,
2023-09-01,1089U,RAMALES DE LA VICTORIA,CANTABRIA,80,"22,0","3,0","16,7",05:07,"27,3",12:26,07,"0,8","6,7",13:30,,,,,
2023-09-02,1089U,RAMALES DE LA VICTORIA,CANTABRIA,80,"18,8","0,0","14,5",23:56,"23,2",14:17,07,"0,3","4,4",15:30,,,,,
2023-09-03,1089U,RAMALES DE LA VICTORIA,CANTABRIA,80,"20,6","0,0","12,7",04:14,"28,6",15:46,10,"0,8","7,5",14:00,,,,,
2023-09-04,1089U,RAMALES DE LA VICTORIA,CANTABRIA,80,"24,4","7,6","18,4",23:06,"30,5",11:28,28,"1,1","9,2",15:50,,,,,
2023-09-05,1089U,RAMALES DE LA VICTORIA,CANTABRIA,80,"24,6","0,0","15,8",04:51,"33,3",15:08,08,"0,6","10,0",08:50,,,,,
2023-09-06,1089U,RAMALES DE LA VICTORIA,CANTABRIA,80,"24,8","0,0","16,7",05:08,"32,8",12:07,08,"1,1","6,4",14:10,,,,,
2023-09-07,1089U,RAMALES DE LA VICTORIA,CANTABRIA,80,"26,0","0,0","18,1",04:03,"34,0",14:41,06,"0,8","6,1",10:10,,,,,
2023-09-08,1089U,RAMALES DE LA VICTORIA,CANTABRIA,80,"25,9","0,6","18,4",06:07,"33,4",14:03,28,"0,8","6,7",16:20,,,,,
2023-09-09,1089U,RAMALES DE LA VICTORIA,CANTABRIA,80,"25,4","0,2","18,0",06:06,"32,7",12:48,22,"1,7","7,2",11:10,,,,,
2023-09-10,1089U,RAMALES DE LA VICTORIA,CANTABRIA,80,"23,4","6,0","18,4",06:03,"28,4",12:24,08,"1,1","6,9",13:10,,,,,
2023-09-11,1089U,RAMALES DE LA VICTORIA,CANTABRIA,80,"23,2","13,0","18,3",22:59,"28,1",12:08,28,"1,7","7,5",12:50,,,,,
2023-09-12,1089U,RAMALES DE LA VICTORIA,CANTABRIA,80,"19,6","1,6","17,3",06:22,"22,0",13:10,28,"0,3","5,8",11:30,,,,,
2023-09-13,1089U,RAMALES DE LA VICTORIA,CANTABRIA,80,,"0,1",,,,,,"0,6",,,,,,,
2023-09-14,1089U,RAMALES DE LA VICTORIA,CANTABRIA,80,"21,4","0,0","15,7",23:55,"27,0",13:31,08,"0,8","5,8",15:10,,,,,
2023-09-15,1089U,RAMALES DE LA VICTORIA,CANTABRIA,80,"21,4","9,2","15,8",00:01,"27,0",11:23,18,"0,6","8,6",10:20,,,,,
2023-09-16,1089U,RAMALES DE LA VICTORIA,CANTABRIA,80,"21,6","0,0","17,2",01:43,"26,1",14:21,16,"1,1","10,3",08:20,,,,,
2023-09-17,1089U,RAMALES DE LA VICTORIA,CANTABRIA,80,"21,0","0,0","14,8",06:18,"27,2",15:38,32,"1,4","17,5",21:40,,,,,
2023-09-18,1089U,RAMALES DE LA VICTORIA,CANTABRIA,80,"21,2","1,0","17,5",Varias,"24,9",14:35,28,"3,1","18,3",00:40,,,,,
2023-09-19,1089U,RAMALES DE LA VICTORIA,CANTABRIA,80,"21,2","0,0","15,8",03:35,"26,6",12:46,08,"0,6","6,1",13:50,,,,,
2023-09-20,1089U,RAMALES DE LA VICTORIA,CANTABRIA,80,"20,4","0,8","14,5",03:33,"26,4",14:00,23,"0,8","12,8",22:00,,,,,
2023-09-21,1089U,RAMALES DE LA VICTORIA,CANTABRIA,80,"17,4","8,6","11,3",23:55,"23,6",00:18,23,"1,1","17,8",01:30,,,,,
2023-09-22,1089U,RAMALES DE LA VICTORIA,CANTABRIA,80,"14,1","8,8","8,8",04:33,"19,4",15:09,29,"1,4","10,0",12:40,,,,,
2023-09-23,1089U,RAMALES DE LA VICTORIA,CANTABRIA,80,"17,0","0,0","10,9",23:40,"23,2",13:30,08,"0,8","4,7",14:20,,,,,
2023-09-24,1089U,RAMALES DE LA VICTORIA,CANTABRIA,80,"19,6","0,0","10,1",Varias,"29,2",14:16,07,"0,3","5,8",16:00,,,,,
2023-09-25,1089U,RAMALES DE LA VICTORIA,CANTABRIA,80,"18,7","0,0","8,5",06:02,"28,9",14:44,99,"1,1","5,8",Varias,,,,,
2023-09-26,1089U,RAMALES DE LA VICTORIA,CANTABRIA,80,"19,3","0,0","12,0",06:18,"26,6",13:01,10,"0,6","5,8",13:50,,,,,
2023-09-27,1089U,RAMALES DE LA VICTORIA,CANTABRIA,80,"21,4","0,0","13,8",23:44,"29,0",11:17,32,"1,4","10,3",11:40,,,,,
2023-09-28,1089U,RAMALES DE LA VICTORIA,CANTABRIA,80,"21,0","0,0","11,2",06:31,"30,9",14:30,99,"0,6","4,7",13:50,,,,,
2023-09-29,1089U,RAMALES DE LA VICTORIA,CANTABRIA,80,"20,4","0,0","11,8",06:37,"29,1",13:26,08,"0,3","5,6",15:10,,,,,
2023-09-30,1089U,RAMALES DE LA VICTORIA,CANTABRIA,80,"23,2","0,0","14,4",01:16,"32,1",14:29,08,"0,3","3,9",14:30,,,,,
2023-10-01,1089U,RAMALES DE LA VICTORIA,CANTABRIA,80,"22,4","0,0","12,2",06:06,"32,5",14:14,99,"0,8","5,0",14:40,,,,,
2023-10-02,1089U,RAMALES DE LA VICTORIA,CANTABRIA,80,"24,8","0,6","13,6",06:00,"36,0",14:32,06,"1,1","10,6",15:00,,,,,
2023-10-03,1089U,RAMALES DE LA VICTORIA,CANTABRIA,80,"17,4","10,0","14,2",01:59,"20,6",11:08,32,"0,3","3,3",15:10,,,,,
2023-10-04,1089U,RAMALES DE LA VICTORIA,CANTABRIA,80,"20,3","0,0","15,1",22:30,"25,5",14:14,08,"0,3","5,8",14:50,,,,,
2023-10-05,1089U,RAMALES DE LA VICTORIA,CANTABRIA,80,"21,6","0,0","15,1",02:05,"28,1",14:25,08,"0,6","5,6",15:30,,,,,
2023-10-06,1089U,RAMALES DE LA VICTORIA,CANTABRIA,80,"21,6","0,0","15,2",06:35,"28,1",13:57,08,"0,6","5,0",13:20,,,,,
2023-10-07,1089U,RAMALES DE LA VICTORIA,CANTABRIA,80,"22,2","0,0","13,9",06:53,"30,6",14:27,06,"0,0","3,6",14:10,,,,,
2023-10-08,1089U,RAMALES DE LA VICTORIA,CANTABRIA,80,"20,9","0,0","10,8",06:20,"31,0",14:16,10,"0,3","4,2",14:40,,,,,
2023-10-09,1089U,RAMALES DE LA VICTORIA,CANTABRIA,80,"18,1","0,0","8,0",Varias,"28,2",14:09,07,"0,6","4,7",14:40,,,,,
2023-10-10,1089U,RAMALES DE LA VICTORIA,CANTABRIA,80,"18,5","0,0","7,8",06:35,"29,2",13:58,07,"0,3","4,2",13:40,,,,,
2023-10-11,1089U,RAMALES DE LA VICTORIA,CANTABRIA,80,"17,2","0,0","7,0",06:39,"27,3",13:48,26,"0,3","2,2",19:40,,,,,
2023-10-12,1089U,RAMALES DE LA VICTORIA,CANTABRIA,80,"19,4","0,0","8,6",06:30,"30,3",14:02,22,"0,3","8,9",22:10,,,,,
2023-10-13,1089U,RAMALES DE LA VICTORIA,CANTABRIA,80,"21,8","0,0","16,6",04:08,"27,1",10:36,26,"1,4","10,8",14:40,,,,,
2023-10-14,1089U,RAMALES DE LA VICTORIA,CANTABRIA,80,"16,8","11,0","14,4",23:15,"19,1",09:50,07,"0,6","3,3",12:20,,,,,
2023-10-15,1089U,RAMALES DE LA VICTORIA,CANTABRIA,80,"16,6","0,6","12,9",07:05,"20,3",10:48,09,"0,8","5,6",13:20,,,,,
2023-10-16,1089U,RAMALES DE LA VICTORIA,CANTABRIA,80,"18,2","0,0","11,5",06:42,"24,9",12:24,26,"0,8","15,3",23:59,,,,,
2023-10-17,1089U,RAMALES DE LA VICTORIA,CANTABRIA,80,"26,4","0,0","22,9",08:14,"30,0",13:12,28,"3,9","17,8",02:30,,,,,
2023-10-18,1089U,RAMALES DE LA VICTORIA,CANTABRIA,80,"24,2","0,0","21,3",23:58,"27,1",11:27,28,"3,9","23,1",20:10,,,,,
2023-10-19,1089U,RAMALES DE LA VICTORIA,CANTABRIA,80,"17,5","14,0","13,2",22:39,"21,8",09:50,26,"1,1","16,9",00:40,,,,,
2023-10-20,1089U,RAMALES DE LA VICTORIA,CANTABRIA,80,"13,8","3,6","9,0",23:58,"18,6",14:23,21,"1,7","14,7",01:50,,,,,
2023-10-21,1089U,RAMALES DE LA VICTORIA,CANTABRIA,80,"12,4","0,0","5,1",06:33,"19,6",13:37,34,"0,8","5,8",11:40,,,,,
2023-10-22,1089U,RAMALES DE LA VICTORIA,CANTABRIA,80,"15,1","1,4","7,9",06:37,"22,3",14:24,13,"1,4","6,4",21:50,,,,,
2023-10-23,1089U,RAMALES DE LA VICTORIA,CANTABRIA,80,"14,1","4,0","10,5",06:03,"17,7",11:26,26,"0,8","6,1",16:20,,,,,
2023-10-24,1089U,RAMALES DE LA VICTORIA,CANTABRIA,80,"13,8","0,2","7,8",07:11,"19,8",23:37,19,"4,2","19,4",13:20,,,,,
2023-10-25,1089U,RAMALES DE LA VICTORIA,CANTABRIA,80,"17,8","14,2","12,3",06:47,"23,3",15:44,99,"2,5","12,5",Varias,,,,,
2023-10-26,1089U,RAMALES DE LA VICTORIA,CANTABRIA,80,"13,2","8,8","8,4",Varias,"18,1",00:01,28,"0,6","5,0",17:00,,,,,
2023-10-27,1089U,RAMALES DE LA VICTORIA,CANTABRIA,80,"13,6","0,2","7,8",00:59,"19,3",12:22,19,"2,2","12,8",07:00,,,,,
2023-10-28,1089U,RAMALES DE LA VICTORIA,CANTABRIA,80,"19,0","0,0","15,9",23:40,"22,1",15:25,30,"3,6","21,7",14:00,,,,,
2023-10-29,1089U,RAMALES DE LA VICTORIA,CANTABRIA,80,"17,9","0,0","14,5",19:53,"21,3",12:53,32,"1,7","21,4",05:30,,,,,
2023-10-30,1089U,RAMALES DE LA VICTORIA,CANTABRIA,80,"15,4","0,0","9,3",23:56,"21,5",14:05,28,"1,4","6,4",12:40,,,,,
2023-10-31,1089U,RAMALES DE LA VICTORIA,CANTABRIA,80,"12,8","4,8","5,2",07:01,"20,3",13:08,33,"1,7","20,0",23:10,,,,,
2023-11-01,1089U,RAMALES DE LA VICTORIA,CANTABRIA,80,"17,6","23,2","13,0",08:13,"22,1",23:28,26,"3,1","32,8",22:20,,,,,
2023-11-02,1089U,RAMALES DE LA VICTORIA,CANTABRIA,80,"14,0","9,6","5,6",21:33,"22,4",00:30,26,"1,9","28,3",00:20,,,,,
2023-11-03,1089U,RAMALES DE LA VICTORIA,CANTABRIA,80,"12,0","12,6","8,8",21:02,"15,2",23:59,16,"1,9","21,9",23:40,,,,,
2023-11-04,1089U,RAMALES DE LA VICTORIA,CANTABRIA,80,"17,9","5,2","14,7",10:40,"21,1",08:18,26,"5,0","33,3",07:30,,,,,
2023-11-05,1089U,RAMALES DE LA VICTORIA,CANTABRIA,80,"13,4","2,4","7,1",07:09,"19,8",12:16,27,"0,6","8,9",00:30,,,,,
2023-11-06,1089U,RAMALES DE LA VICTORIA,CANTABRIA,80,"10,0","0,2","4,5",23:55,"15,5",12:45,27,"1,1","6,1",13:30,,,,,
2023-11-07,1089U,RAMALES DE LA VICTORIA,CANTABRIA,80,"9,6","4,0","3,0",03:14,"16,3",12:30,16,"1,1","8,1",10:40,,,,,
2023-11-08,1089U,RAMALES DE LA VICTORIA,CANTABRIA,80,"11,0","7,4","4,5",07:12,"17,6",12:16,16,"2,5","15,8",19:50,,,,,
2023-11-09,1089U,RAMALES DE LA VICTORIA,CANTABRIA,80,"13,4","6,8","9,6",06:48,"17,1",13:58,28,"0,3","5,3",13:30,,,,,
2023-11-10,1089U,RAMALES DE LA VICTORIA,CANTABRIA,80,"11,6","19,6","10,1",Varias,"13,2",14:26,26,"0,3","2,5",06:10,,,,,
2023-11-11,1089U,RAMALES DE LA VICTORIA,CANTABRIA,80,"15,1","7,8","11,7",Varias,"18,5",15:45,14,"0,0","2,8",20:10,,,,,
2023-11-12,1089U,RAMALES DE LA VICTORIA,CANTABRIA,80,"16,6","0,2","11,7",23:57,"21,6",21:07,16,"0,6","10,6",21:00,,,,,
2023-11-13,1089U,RAMALES DE LA VICTORIA,CANTABRIA,80,"18,0","0,0","11,4",00:45,"24,5",13:44,19,"4,2","15,8",08:20,,,,,
2023-11-14,1089U,RAMALES DE LA VICTORIA,CANTABRIA,80,"19,4","2,2","14,2",23:15,"24,6",12:17,17,"2,8","12,8",02:40,,,,,
2023-11-15,1089U,RAMALES DE LA VICTORIA,CANTABRIA,80,"16,2","0,0","12,6",19:12,"19,7",13:54,26,"0,6","5,8",23:10,,,,,
2023-11-16,1089U,RAMALES DE LA VICTORIA,CANTABRIA,80,"16,4","6,4","12,7",Varias,"20,2",01:48,26,"1,9","9,2",00:20,,,,,
2023-11-17,1089U,RAMALES DE LA VICTORIA,CANTABRIA,80,"12,2","0,0","7,9",23:50,"16,5",12:21,24,"0,6","2,2",21:10,,,,,
2023-11-18,1089U,RAMALES DE LA VICTORIA,CANTABRIA,80,"12,1","0,2","5,9",07:08,"18,3",14:26,12,"0,0","4,2",14:20,,,,,
2023-11-19,1089U,RAMALES DE LA VICTORIA,CANTABRIA,80,"12,6","0,0","6,3",07:03,"19,0",14:26,10,"0,0","2,5",14:50,,,,,
2023-11-20,1089U,RAMALES DE LA VICTORIA,CANTABRIA,80,"12,0","26,6","9,8",21:58,"14,2",10:47,28,"2,2","8,6",12:50,,,,,
2023-11-21,1089U,RAMALES DE LA VICTORIA,CANTABRIA,80,"11,1","31,2","10,0",17:18,"12,2",12:47,27,"1,9","8,1",17:30,,,,,
2023-11-22,1089U,RAMALES DE LA VICTORIA,CANTABRIA,80,"10,4","4,4","8,1",23:57,"12,7",11:10,29,"1,7","7,8",10:00,,,,,
2023-11-23,1089U,RAMALES DE LA VICTORIA,CANTABRIA,80,"10,3","0,0","6,0",18:35,"14,6",13:15,20,"0,6","1,9",11:30,,,,,
2023-11-24,1089U,RAMALES DE LA VICTORIA,CANTABRIA,80,"11,6","0,2","8,4",00:01,"14,8",13:56,07,"0,6","3,1",13:00,,,,,
2023-11-25,1089U,RAMALES DE LA VICTORIA,CANTABRIA,80,"12,0","0,0","8,9",23:59,"15,0",12:06,10,"0,8","5,3",12:20,,,,,
2023-11-26,1089U,RAMALES DE LA VICTORIA,CANTABRIA,80,"8,6","0,2","4,7",06:51,"12,5",12:34,26,"0,3","2,2",23:20,,,,,
2023-11-27,1089U,RAMALES DE LA VICTORIA,CANTABRIA,80,"9,9","19,6","5,9",Varias,"13,9",14:42,25,"0,8","9,7",14:00,,,,,
2023-11-28,1089U,RAMALES DE LA VICTORIA,CANTABRIA,80,"12,8","7,6","11,7",Varias,"13,8",12:27,24,"0,8","5,3",04:40,,,,,
2023-11-29,1089U,RAMALES DE LA VICTORIA,CANTABRIA,80,"15,6","5,6","10,5",06:44,"20,6",18:06,14,"2,5","14,7",13:50,,,,,
2023-11-30,1089U,RAMALES DE LA VICTORIA,CANTABRIA,80,"11,7","20,8","8,9",Varias,"14,5",01:28,27,"0,8","6,9",02:20,,,,,
2023-12-01,1089U,RAMALES DE LA VICTORIA,CANTABRIA,80,"9,5","28,0","6,3",08:31,"12,7",13:45,30,"0,6","8,1",16:20,,,,,
2023-12-02,1089U,RAMALES DE LA VICTORIA,CANTABRIA,80,"8,0","8,8","4,3",21:33,"11,8",11:27,28,"0,3","6,1",15:20,,,,,
2023-12-03,1089U,RAMALES DE LA VICTORIA,CANTABRIA,80,"7,9","2,2","1,6",07:51,"14,2",20:22,26,"1,9","21,9",20:10,,,,,
2023-12-04,1089U,RAMALES DE LA VICTORIA,CANTABRIA,80,"11,4","13,6","7,3",Varias,"15,4",13:21,28,"5,3","20,8",01:20,,,,,
2023-12-05,1089U,RAMALES DE LA VICTORIA,CANTABRIA,80,"8,0","0,2","4,3",07:04,"11,8",13:15,30,"0,3","5,0",12:20,,,,,
2023-12-06,1089U,RAMALES DE LA VICTORIA,CANTABRIA,80,"6,8","0,0","2,2",08:06,"11,5",13:04,26,"0,0","3,3",23:10,,,,,
2023-12-07,1089U,RAMALES DE LA VICTORIA,CANTABRIA,80,"10,0","5,8","3,1",00:01,"17,0",14:00,23,"2,8","14,2",10:40,,,,,
2023-12-08,1089U,RAMALES DE LA VICTORIA,CANTABRIA,80,"9,7","0,4","5,8",23:53,"13,6",12:47,30,"1,4","11,1",02:00,,,,,
2023-12-09,1089U,RAMALES DE LA VICTORIA,CANTABRIA,80,"12,0","1,8","5,7",00:07,"18,4",12:36,20,"1,4","10,3",07:00,,,,,
2023-12-10,1089U,RAMALES DE LA VICTORIA,CANTABRIA,80,"15,2","0,0","9,0",05:57,"21,3",13:17,20,"1,7","10,6",23:20,,,,,
2023-12-11,1089U,RAMALES DE LA VICTORIA,CANTABRIA,80,,"0,0",,,,,,"1,1",,,,,,,
2023-12-12,1089U,RAMALES DE LA VICTORIA,CANTABRIA,80,"15,5","21,6","11,1",23:53,"19,9",01:23,28,"0,3","14,7",00:10,,,,,
2023-12-13,1089U,RAMALES DE LA VICTORIA,CANTABRIA,80,"10,2","12,8","7,8",04:22,"12,5",11:54,26,"2,2","13,9",07:50,,,,,
2023-12-14,1089U,RAMALES DE LA VICTORIA,CANTABRIA,80,"10,2","1,6","8,0",07:36,"12,5",11:49,31,"1,1","6,9",14:30,,,,,
2023-12-15,1089U,RAMALES DE LA VICTORIA,CANTABRIA,80,"11,3","2,0","9,0",18:32,"13,6",13:24,28,"0,0","5,0",05:50,,,,,
2023-12-16,1089U,RAMALES DE LA VICTORIA,CANTABRIA,80,"8,5","0,0","3,7",20:24,"13,3",13:10,09,"0,8","6,1",12:20,,,,,
2023-12-17,1089U,RAMALES DE LA VICTORIA,CANTABRIA,80,"4,4","0,0","0,1",23:40,"8,7",13:15,27,"0,3","1,7",00:10,,,,,
2023-12-18,1089U,RAMALES DE LA VICTORIA,CANTABRIA,80,"3,6","0,0","-1,8",Varias,"9,1",13:16,28,"0,0","1,4",14:40,,,,,
2023-12-19,1089U,RAMALES DE LA VICTORIA,CANTABRIA,80,"7,1","21,8","3,9",00:01,"10,3",12:18,19,"0,8","5,8",07:50,,,,,
2023-12-20,1089U,RAMALES DE LA VICTORIA,CANTABRIA,80,"9,9","11,2","7,9",00:01,"11,9",03:07,36,"1,4","7,5",05:00,,,,,
2023-12-21,1089U,RAMALES DE LA VICTORIA,CANTABRIA,80,"11,8","0,0","9,5",01:18,"14,2",13:34,30,"1,9","10,3",13:40,,,,,
2023-12-22,1089U,RAMALES DE LA VICTORIA,CANTABRIA,80,"11,8","0,0","10,0",23:52,"13,6",13:18,29,"0,8","7,5",11:40,,,,,
2023-12-23,1089U,RAMALES DE LA VICTORIA,CANTABRIA,80,"8,8","0,2","4,8",21:40,"12,8",14:01,30,"0,6","4,2",01:00,,,,,
2023-12-24,1089U,RAMALES DE LA VICTORIA,CANTABRIA,80,"6,4","0,0","1,8",08:15,"11,1",12:38,30,"0,3","3,1",04:40,,,,,
2023-12-25,1089U,RAMALES DE LA VICTORIA,CANTABRIA,80,"4,4","0,0","-0,6",07:43,"9,5",13:00,23,"0,3","1,7",00:30,,,,,
2023-12-26,1089U,RAMALES DE LA VICTORIA,CANTABRIA,80,"4,4","0,0","-1,1",Varias,"9,8",13:22,27,"0,6","3,1",12:30,,,,,
2023-12-27,1089U,RAMALES DE LA VICTORIA,CANTABRIA,80,"10,2","0,0","-0,4",04:06,"20,7",11:54,24,"1,9","16,4",14:30,,,,,
2023-12-28,1089U,RAMALES DE LA VICTORIA,CANTABRIA,80,"11,8","0,0","5,7",04:56,"17,8",14:12,20,"2,8","15,8",08:20,,,,,
2023-12-29,1089U,RAMALES DE LA VICTORIA,CANTABRIA,80,"9,6","0,0","4,9",04:05,"14,4",Varias,27,"0,6","2,8",05:30,,,,,
2023-12-30,1089U,RAMALES DE LA VICTORIA,CANTABRIA,80,"10,1","3,6","3,0",08:08,"17,2",19:40,27,"1,1","23,9",20:40,,,,,
2023-12-31,1089U,RAMALES DE LA VICTORIA,CANTABRIA,80,"10,8","0,2","5,3",23:37,"16,3",00:46,99,"0,6","12,8",Varias,,,,,
2024-01-01,1089U,RAMALES DE LA VICTORIA,CANTABRIA,80,"9,6","0,0","4,2",07:42,"14,9",23:38,19,"0,6","11,7",22:20,,,,,
2024-01-02,1089U,RAMALES DE LA VICTORIA,CANTABRIA,80,"14,6","0,2","11,0",23:58,"18,3",15:45,17,"4,4","21,7",08:40,,,,,
2024-01-03,1089U,RAMALES DE LA VICTORIA,CANTABRIA,80,"10,0","0,2","4,7",23:55,"15,3",13:29,18,"0,6","3,1",12:50,,,,,
2024-01-04,1089U,RAMALES DE LA VICTORIA,CANTABRIA,80,"10,0","1,8","3,2",03:18,"16,7",13:39,27,"2,5","18,3",07:40,,,,,
2024-01-05,1089U,RAMALES DE LA VICTORIA,CANTABRIA,80,"8,2","34,0","5,7",07:48,"10,7",13:33,28,"0,6","8,6",09:10,,,,,
2024-01-06,1089U,RAMALES DE LA VICTORIA,CANTABRIA,80,"7,0","24,0","5,4",21:44,"8,6",11:32,28,"0,8","8,1",10:30,,,,,
2024-01-07,1089U,RAMALES DE LA VICTORIA,CANTABRIA,80,"6,8","15,2","4,8",22:10,"8,8",13:26,06,"0,6","6,4",15:00,,,,,
2024-01-08,1089U,RAMALES DE LA VICTORIA,CANTABRIA,80,"6,2","0,0","2,9",Varias,"9,5",11:59,30,"0,6","2,8",01:30,,,,,
2024-01-09,1089U,RAMALES DE LA VICTORIA,CANTABRIA,80,,"1,2",,,,,,"0,0",,,,,,,
2024-01-10,1089U,RAMALES DE LA VICTORIA,CANTABRIA,80,"4,0","4,0","1,6",00:08,"6,5",15:03,25,"0,0","3,3",07:30,,,,,
2024-01-11,1089U,RAMALES DE LA VICTORIA,CANTABRIA,80,"5,4","1,8","4,1",Varias,"6,6",13:47,08,"0,3","2,8",14:30,,,,,
2024-01-12,1089U,RAMALES DE LA VICTORIA,CANTABRIA,80,"6,1","0,0","0,8",23:43,"11,4",13:28,12,"0,3","3,6",13:20,,,,,
2024-01-13,1089U,RAMALES DE LA VICTORIA,CANTABRIA,80,"10,0","0,0","0,3",Varias,"19,7",13:34,21,"1,4","11,4",12:20,,,,,
2024-01-14,1089U,RAMALES DE LA VICTORIA,CANTABRIA,80,"9,7","1,4","5,7",08:18,"13,7",15:08,08,"0,3","4,4",11:40,,,,,
2024-01-15,1089U,RAMALES DE LA VICTORIA,CANTABRIA,80,"12,2","1,4","8,4",07:23,"16,1",14:53,27,"0,0","4,2",22:50,,,,,
2024-01-16,1089U,RAMALES DE LA VICTORIA,CANTABRIA,80,"13,6","0,4","8,0",06:01,"19,2",Varias,16,"2,2","15,3",16:20,,,,,
2024-01-17,1089U,RAMALES DE LA VICTORIA,CANTABRIA,80,"18,4","0,0","17,2",23:51,"19,5",00:11,30,"3,3","19,7",16:20,,,,,
2024-01-18,1089U,RAMALES DE LA VICTORIA,CANTABRIA,80,"12,7","8,2","7,3",Varias,"18,1",11:13,18,"2,8","18,3",06:00,,,,,
2024-01-19,1089U,RAMALES DE LA VICTORIA,CANTABRIA,80,"3,6","0,0","-0,5",20:17,"7,8",14:13,06,"1,1","6,7",15:10,,,,,
2024-01-20,1089U,RAMALES DE LA VICTORIA,CANTABRIA,80,"2,6","0,0","-2,9",08:48,"8,2",13:21,29,"0,6","2,8",12:20,,,,,
2024-01-21,1089U,RAMALES DE LA VICTORIA,CANTABRIA,80,"6,7","0,0","-1,6",00:01,"15,0",15:01,12,"0,6","4,4",15:00,,,,,
2024-01-22,1089U,RAMALES DE LA VICTORIA,CANTABRIA,80,"10,4","0,6","3,9",03:06,"16,8",14:00,06,"0,6","5,3",15:50,,,,,
2024-01-23,1089U,RAMALES DE LA VICTORIA,CANTABRIA,80,"12,2","0,0","6,4",23:56,"18,0",14:21,24,"0,3","2,5",14:20,,,,,
2024-01-24,1089U,RAMALES DE LA VICTORIA,CANTABRIA,80,"10,7","0,0","4,9",23:57,"16,5",13:52,26,"0,3","1,9",12:50,,,,,
2024-01-25,1089U,RAMALES DE LA VICTORIA,CANTABRIA,80,"9,8","0,0","2,5",07:41,"17,0",13:59,28,"0,3","2,8",10:00,,,,,
2024-01-26,1089U,RAMALES DE LA VICTORIA,CANTABRIA,80,"9,0","0,0","2,7",07:48,"15,2",13:16,09,"0,0","3,6",16:10,,,,,
2024-01-27,1089U,RAMALES DE LA VICTORIA,CANTABRIA,80,"10,5","0,0","4,6",08:35,"16,4",13:43,27,"0,3","1,7",14:50,,,,,
2024-01-28,1089U,RAMALES DE LA VICTORIA,CANTABRIA,80,"14,7","0,0","4,7",02:37,"24,7",12:31,28,"1,9","13,1",14:30,,,,,
2024-01-29,1089U,RAMALES DE LA VICTORIA,CANTABRIA,80,"14,2","0,0","7,2",23:59,"21,3",13:44,17,"1,1","10,3",04:00,,,,,
2024-01-30,1089U,RAMALES DE LA VICTORIA,CANTABRIA,80,"10,4","0,0","3,1",07:53,"17,8",15:07,10,"0,3","4,2",15:30,,,,,
2024-01-31,1089U,RAMALES DE LA VICTORIA,CANTABRIA,80,"9,4","0,0","2,4",08:09,"16,5",14:08,08,"0,3","2,8",15:50,,,,,
2024-02-01,1089U,RAMALES DE LA VICTORIA,CANTABRIA,80,"8,6","0,0","3,0",04:23,"14,2",11:43,08,"0,3","4,7",12:00,,,,,
2024-02-02,1089U,RAMALES DE LA VICTORIA,CANTABRIA,80,"9,8","0,0","4,6",23:57,"15,0",15:08,06,"0,6","3,3",13:30,,,,,
2024-02-03,1089U,RAMALES DE LA VICTORIA,CANTABRIA,80,"9,9","0,0","3,7",06:50,"16,1",15:25,99,"0,8","4,7",Varias,,,,,
2024-02-04,1089U,RAMALES DE LA VICTORIA,CANTABRIA,80,"12,1","0,0","8,2",22:06,"16,0",14:28,19,"0,8","6,4",07:40,,,,,
2024-02-05,1089U,RAMALES DE LA VICTORIA,CANTABRIA,80,"9,6","0,0","3,7",08:33,"15,5",Varias,12,"1,1","5,0",16:00,,,,,
2024-02-06,1089U,RAMALES DE LA VICTORIA,CANTABRIA,80,"11,0","0,0","4,8",23:46,"17,1",14:28,18,"0,0","4,2",09:10,,,,,
2024-02-07,1089U,RAMALES DE LA VICTORIA,CANTABRIA,80,,"0,0",,,,,,,,,,,,,
2024-02-08,1089U,RAMALES DE LA VICTORIA,CANTABRIA,80,,"0,0",,,,,28,,"24,7",72:10,,,,,
2024-02-09,1089U,RAMALES DE LA VICTORIA,CANTABRIA,80,"14,0","25,2","10,2",23:50,"17,7",Varias,28,"4,2","18,9",11:10,,,,,
2024-02-10,1089U,RAMALES DE LA VICTORIA,CANTABRIA,80,"10,9","0,0","8,1",07:45,"13,7",14:22,26,"2,2","13,3",14:10,,,,,
2024-02-11,1089U,RAMALES DE LA VICTORIA,CANTABRIA,80,"11,2","0,0","6,4",05:23,"16,1",14:05,19,"1,4","17,5",22:20,,,,,
2024-02-12,1089U,RAMALES DE LA VICTORIA,CANTABRIA,80,"10,0","1,0","5,9",23:59,"14,2",13:50,27,"1,4","16,9",08:40,,,,,
2024-02-13,1089U,RAMALES DE LA VICTORIA,CANTABRIA,80,"12,6","0,0","2,9",07:01,"22,3",14:13,20,"0,6","9,7",15:20,,,,,
2024-02-14,1089U,RAMALES DE LA VICTORIA,CANTABRIA,80,"12,8","0,0","3,6",05:34,"22,0",23:54,31,"1,4","12,8",23:50,,,,,
2024-02-15,1089U,RAMALES DE LA VICTORIA,CANTABRIA,80,"18,6","14,4","12,2",23:44,"25,0",12:45,30,"4,2","17,5",01:20,,,,,
2024-02-16,1089U,RAMALES DE LA VICTORIA,CANTABRIA,80,"10,6","3,2","6,4",23:50,"14,7",15:11,25,"0,3","7,2",09:40,,,,,
2024-02-17,1089U,RAMALES DE LA VICTORIA,CANTABRIA,80,,"0,7",,,,,,,,,,,,,
2024-02-18,1089U,RAMALES DE LA VICTORIA,CANTABRIA,80,"11,2","2,2","2,6",06:08,"19,8",14:07,31,"0,6","5,6",14:50,,,,,
2024-02-19,1089U,RAMALES DE LA VICTORIA,CANTABRIA,80,"12,4","0,0","9,7",23:56,"15,2",13:21,09,"1,9","6,4",14:20,,,,,
2024-02-20,1089U,RAMALES DE LA VICTORIA,CANTABRIA,80,"11,0","0,0","4,7",07:17,"17,4",13:26,08,"0,3","3,9",13:50,,,,,
2024-02-21,1089U,RAMALES DE LA VICTORIA,CANTABRIA,80,"10,0","0,0","3,1",05:35,"16,8",14:40,23,"0,6","6,1",23:50,,,,,
2024-02-22,1089U,RAMALES DE LA VICTORIA,CANTABRIA,80,"12,9","17,0","3,9",23:59,"21,9",11:36,28,"5,0","17,2",07:10,,,,,
2024-02-23,1089U,RAMALES DE LA VICTORIA,CANTABRIA,80,"7,9","11,4","3,0",01:20,"12,8",12:28,29,"2,2","11,1",14:00,,,,,
2024-02-24,1089U,RAMALES DE LA VICTORIA,CANTABRIA,80,"8,2","7,0","4,1",03:33,"12,4",13:27,36,"1,7","11,4",12:50,,,,,
2024-02-25,1089U,RAMALES DE LA VICTORIA,CANTABRIA,80,"13,5","17,0","8,2",22:57,"18,8",11:20,19,"3,9","14,2",04:20,,,,,
2024-02-26,1089U,RAMALES DE LA VICTORIA,CANTABRIA,80,"9,4","83,6","6,8",20:06,"12,0",01:03,26,"2,8","16,4",21:40,,,,,
2024-02-27,1089U,RAMALES DE LA VICTORIA,CANTABRIA,80,"9,0","10,0","6,6",05:16,"11,5",13:24,32,"2,8","13,1",01:00,,,,,
2024-02-28,1089U,RAMALES DE LA VICTORIA,CANTABRIA,80,"9,3","1,4","6,8",03:43,"11,8",14:37,28,"1,7","6,4",08:50,,,,,
2024-02-29,1089U,RAMALES DE LA VICTORIA,CANTABRIA,80,"11,2","12,8","6,1",22:59,"16,4",11:55,30,"2,5","14,2",12:50,,,,,
2024-03-01,1089U,RAMALES DE LA VICTORIA,CANTABRIA,80,"9,1","8,8","2,4",05:06,"15,8",11:58,29,"2,2","14,4",17:00,,,,,
2024-03-02,1089U,RAMALES DE LA VICTORIA,CANTABRIA,80,"8,5","27,0","3,4",20:09,"13,6",09:10,26,"3,1","21,4",08:40,,,,,
2024-03-03,1089U,RAMALES DE LA VICTORIA,CANTABRIA,80,"6,3","16,8","3,1",04:30,"9,5",15:40,28,"1,7","8,6",01:50,,,,,
2024-03-04,1089U,RAMALES DE LA VICTORIA,CANTABRIA,80,"9,6","4,6","3,5",00:01,"15,7",11:25,23,"0,8","10,8",23:20,,,,,
2024-03-05,1089U,RAMALES DE LA VICTORIA,CANTABRIA,80,"9,0","0,0","2,8",06:52,"15,3",15:00,28,"1,1","7,2",10:10,,,,,
2024-03-06,1089U,RAMALES DE LA VICTORIA,CANTABRIA,80,"9,6","0,0","0,2",06:45,"19,0",14:26,08,"0,6","5,0",15:50,,,,,
2024-03-07,1089U,RAMALES DE LA VICTORIA,CANTABRIA,80,"12,2","0,0","5,2",00:01,"19,3",12:30,22,"3,1","14,7",19:40,,,,,
2024-03-08,1089U,RAMALES DE LA VICTORIA,CANTABRIA,80,"12,9","0,0","9,7",04:22,"16,1",15:54,27,"3,6","16,9",20:10,,,,,
2024-03-09,1089U,RAMALES DE LA VICTORIA,CANTABRIA,80,"12,2","0,0","10,2",07:59,"14,3",15:25,26,"3,3","20,0",05:20,,,,,
2024-03-10,1089U,RAMALES DE LA VICTORIA,CANTABRIA,80,"11,0","8,6","8,1",22:14,"14,0",10:21,23,"2,5","18,9",02:20,,,,,
2024-03-11,1089U,RAMALES DE LA VICTORIA,CANTABRIA,80,"9,3","8,8","7,1",21:49,"11,5",15:27,32,"1,4","10,0",08:00,,,,,
2024-03-12,1089U,RAMALES DE LA VICTORIA,CANTABRIA,80,"12,0","0,0","4,8",23:55,"19,1",15:23,08,"0,8","4,7",16:50,,,,,
2024-03-13,1089U,RAMALES DE LA VICTORIA,CANTABRIA,80,"12,2","0,0","1,2",06:00,"23,2",13:50,07,"1,1","6,7",16:00,,,,,
2024-03-14,1089U,RAMALES DE LA VICTORIA,CANTABRIA,80,"14,1","0,0","4,5",06:04,"23,7",14:31,27,"1,4","10,0",14:20,,,,,
2024-03-15,1089U,RAMALES DE LA VICTORIA,CANTABRIA,80,"14,3","0,0","7,3",06:55,"21,3",11:35,09,"1,4","7,2",14:30,,,,,
2024-03-16,1089U,RAMALES DE LA VICTORIA,CANTABRIA,80,"15,0","0,0","6,4",06:19,"23,5",14:51,20,"1,4","10,3",18:30,,,,,
2024-03-17,1089U,RAMALES DE LA VICTORIA,CANTABRIA,80,"16,0","0,0","9,0",06:42,"23,0",13:49,08,"1,4","4,7",14:50,,,,,
2024-03-18,1089U,RAMALES DE LA VICTORIA,CANTABRIA,80,"17,3","4,8","9,8",03:24,"24,8",13:46,30,"1,4","9,2",20:50,,,,,
2024-03-19,1089U,RAMALES DE LA VICTORIA,CANTABRIA,80,"16,9","0,0","12,5",01:16,"21,3",13:18,10,"1,4","7,2",13:50,,,,,
2024-03-20,1089U,RAMALES DE LA VICTORIA,CANTABRIA,80,"14,2","1,0","12,3",Varias,"16,2",12:48,07,"0,6","4,2",15:00,,,,,
2024-03-21,1089U,RAMALES DE LA VICTORIA,CANTABRIA,80,"16,6","0,0","10,0",03:21,"23,3",14:46,99,"1,1","6,9",Varias,,,,,
2024-03-22,1089U,RAMALES DE LA VICTORIA,CANTABRIA,80,"15,9","1,4","11,0",07:08,"20,8",14:27,32,"1,4","6,9",20:10,,,,,
2024-03-23,1089U,RAMALES DE LA VICTORIA,CANTABRIA,80,"13,0","0,2","9,6",23:52,"16,5",13:27,06,"1,7","5,6",15:10,,,,,
2024-03-24,1089U,RAMALES DE LA VICTORIA,CANTABRIA,80,"11,6","0,0","6,0",23:55,"17,1",14:05,06,"0,8","6,4",14:30,,,,,
2024-03-25,1089U,RAMALES DE LA VICTORIA,CANTABRIA,80,"9,0","5,0","3,2",05:31,"14,8",10:34,26,"1,9","9,7",12:40,,,,,
2024-03-26,1089U,RAMALES DE LA VICTORIA,CANTABRIA,80,"10,0","1,4","4,8",23:59,"15,3",13:30,24,"1,1","10,0",14:40,,,,,
2024-03-27,1089U,RAMALES DE LA VICTORIA,CANTABRIA,80,"10,8","0,0","3,2",03:56,"18,4",16:28,30,"4,7","22,8",16:40,,,,,
2024-03-28,1089U,RAMALES DE LA VICTORIA,CANTABRIA,80,"11,9","0,8","6,5",01:12,"17,3",16:04,27,"3,3","20,0",09:10,,,,,
2024-03-29,1089U,RAMALES DE LA VICTORIA,CANTABRIA,80,"11,1","17,2","6,4",23:56,"15,8",13:13,28,"1,4","16,4",03:20,,,,,
2024-03-30,1089U,RAMALES DE LA VICTORIA,CANTABRIA,80,"11,3","1,2","5,4",01:25,"17,2",14:48,18,"1,9","12,8",06:20,,,,,
2024-03-31,1089U,RAMALES DE LA VICTORIA,CANTABRIA,80,"9,4","2,4","5,5",20:54,"13,3",16:58,19,"0,8","11,4",23:00,,,,,
2024-04-01,1089U,RAMALES DE LA VICTORIA,CANTABRIA,80,"12,0","5,4","5,2",21:51,"18,9",13:23,25,"3,1","17,5",07:20,,,,,
2024-04-02,1089U,RAMALES DE LA VICTORIA,CANTABRIA,80,"10,8","0,0","4,5",01:23,"17,0",21:01,24,"5,0","21,9",11:00,,,,,
2024-04-03,1089U,RAMALES DE LA VICTORIA,CANTABRIA,80,"15,0","0,0","6,3",06:19,"23,6",14:41,16,"1,9","12,2",20:30,,,,,
2024-04-04,1089U,RAMALES DE LA VICTORIA,CANTABRIA,80,"21,0","0,0","16,4",02:39,"25,5",15:12,13,"2,5","16,1",21:40,,,,,
2024-04-05,1089U,RAMALES DE LA VICTORIA,CANTABRIA,80,"22,5","0,0","18,3",23:46,"26,7",18:48,11,"2,8","13,6",18:50,,,,,
2024-04-06,1089U,RAMALES DE LA VICTORIA,CANTABRIA,80,"22,8","0,0","15,7",21:34,"30,0",13:41,14,"3,6","16,1",12:40,,,,,
2024-04-07,1089U,RAMALES DE LA VICTORIA,CANTABRIA,80,"17,1","3,4","10,9",23:59,"23,3",15:18,08,"1,7","8,6",12:00,,,,,
2024-04-08,1089U,RAMALES DE LA VICTORIA,CANTABRIA,80,"13,7","10,3","6,9",23:25,"20,5",09:23,27,"3,9","13,6",06:50,,,,,
2024-04-09,1089U,RAMALES DE LA VICTORIA,CANTABRIA,80,"11,0","0,0","6,4",23:58,"15,5",12:29,35,"2,2","10,8",11:40,,,,,
2024-04-10,1089U,RAMALES DE LA VICTORIA,CANTABRIA,80,"11,6","0,0","3,7",05:25,"19,5",12:53,09,"1,4","8,1",15:20,,,,,
2024-04-11,1089U,RAMALES DE LA VICTORIA,CANTABRIA,80,"14,6","0,0","4,7",04:45,"24,6",13:56,08,"0,8","6,4",14:20,,,,,
2024-04-12,1089U,RAMALES DE LA VICTORIA,CANTABRIA,80,"17,6","0,0","6,3",05:38,"28,8",14:48,09,"1,1","7,5",13:30,,,,,
2024-04-13,1089U,RAMALES DE LA VICTORIA,CANTABRIA,80,"18,2","0,0","7,1",05:49,"29,3",12:09,07,"1,4","6,4",16:10,,,,,
2024-04-14,1089U,RAMALES DE LA VICTORIA,CANTABRIA,80,"17,0","0,0","8,0",06:03,"25,9",12:46,08,"1,7","8,1",13:30,,,,,
2024-04-15,1089U,RAMALES DE LA VICTORIA,CANTABRIA,80,"13,2","0,0","11,9",22:44,"14,4",10:03,04,"1,1","5,6",10:40,,,,,
2024-04-16,1089U,RAMALES DE LA VICTORIA,CANTABRIA,80,"11,0","5,4","9,4",23:24,"12,7",13:27,99,"1,1","6,1",Varias,,,,,
2024-04-17,1089U,RAMALES DE LA VICTORIA,CANTABRIA,80,"10,6","2,6","8,5",23:12,"12,7",15:37,08,"0,8","6,7",13:50,,,,,
2024-04-18,1089U,RAMALES DE LA VICTORIA,CANTABRIA,80,"10,7","1,6","5,6",22:09,"15,8",15:15,99,"0,6","4,7",15:50,,,,,
2024-04-19,1089U,RAMALES DE LA VICTORIA,CANTABRIA,80,"12,0","0,0","1,5",05:52,"22,6",13:44,07,"1,1","7,2",15:10,,,,,
2024-04-20,1089U,RAMALES DE LA VICTORIA,CANTABRIA,80,"11,8","0,0","3,8",04:22,"19,8",11:21,08,"1,7","8,1",16:10,,,,,
2024-04-21,1089U,RAMALES DE LA VICTORIA,CANTABRIA,80,"9,8","0,0","3,6",05:34,"16,0",12:49,99,"1,7","7,5",Varias,,,,,
2024-04-22,1089U,RAMALES DE LA VICTORIA,CANTABRIA,80,"10,6","0,0","6,0",23:59,"15,1",10:31,32,"1,1","8,6",11:10,,,,,
2024-04-23,1089U,RAMALES DE LA VICTORIA,CANTABRIA,80,"7,6","7,0","4,2",01:55,"10,9",16:41,30,"0,8","7,2",09:00,,,,,
2024-04-24,1089U,RAMALES DE LA VICTORIA,CANTABRIA,80,"9,0","0,0","1,6",05:37,"16,5",13:44,25,"0,8","6,9",15:50,,,,,
2024-04-25,1089U,RAMALES DE LA VICTORIA,CANTABRIA,80,"10,9","0,6","7,6",05:16,"14,2",11:50,33,"0,3","6,1",10:30,,,,,
2024-04-26,1089U,RAMALES DE LA VICTORIA,CANTABRIA,80,"11,8","2,8","8,3",01:46,"15,2",09:42,99,"0,3","3,9",13:50,,,,,
2024-04-27,1089U,RAMALES DE LA VICTORIA,CANTABRIA,80,"10,4","7,8","3,6",23:57,"17,1",12:26,28,"1,1","13,3",10:00,,,,,
2024-04-28,1089U,RAMALES DE LA VICTORIA,CANTABRIA,80,"9,2","1,2","2,0",04:32,"16,5",10:45,27,"0,8","6,7",13:10,,,,,
2024-04-29,1089U,RAMALES DE LA VICTORIA,CANTABRIA,80,"12,2","0,0","5,5",Varias,"18,9",13:15,08,"1,1","6,1",15:40,,,,,
2024-04-30,1089U,RAMALES DE LA VICTORIA,CANTABRIA,80,"14,3","14,0","4,8",02:39,"23,8",13:28,29,"1,1","12,5",14:30,,,,,
2024-05-01,1089U,RAMALES DE LA VICTORIA,CANTABRIA,80,"10,0","2,8","6,2",23:47,"13,9",11:54,99,"0,8","8,9",Varias,,,,,
2024-05-02,1089U,RAMALES DE LA VICTORIA,CANTABRIA,80,"10,2","1,2","3,5",05:34,"17,0",10:30,20,"1,1","6,1",12:50,,,,,
2024-05-03,1089U,RAMALES DE LA VICTORIA,CANTABRIA,80,"14,2","0,0","7,4",01:39,"20,9",13:53,26,"1,1","15,3",20:10,,,,,
2024-05-04,1089U,RAMALES DE LA VICTORIA,CANTABRIA,80,"19,2","0,4","13,5",24:00,"25,0",14:27,30,"3,6","17,2",15:10,,,,,
2024-05-05,1089U,RAMALES DE LA VICTORIA,CANTABRIA,80,"16,0","8,0","10,2",23:46,"21,7",09:46,28,"2,5","15,8",09:50,,,,,
2024-05-06,1089U,RAMALES DE LA VICTORIA,CANTABRIA,80,"14,6","1,0","9,8",03:38,"19,5",13:27,29,"1,4","8,3",14:40,,,,,
2024-05-07,1089U,RAMALES DE LA VICTORIA,CANTABRIA,80,"14,6","0,0","10,5",21:55,"18,8",14:12,29,"1,7","7,2",13:10,,,,,
2024-05-08,1089U,RAMALES DE LA VICTORIA,CANTABRIA,80,"15,3","0,0","7,7",05:33,"22,9",13:09,07,"1,4","7,2",14:50,,,,,
2024-05-09,1089U,RAMALES DE LA VICTORIA,CANTABRIA,80,"16,8","0,0","7,3",05:07,"26,2",14:03,09,"0,8","6,9",11:00,,,,,
2024-05-10,1089U,RAMALES DE LA VICTORIA,CANTABRIA,80,"19,2","0,0","9,6",04:52,"28,8",12:58,08,"1,1","6,7",14:20,,,,,
2024-05-11,1089U,RAMALES DE LA VICTORIA,CANTABRIA,80,"18,6","1,8","10,6",05:09,"26,7",11:29,29,"1,4","9,7",12:20,,,,,
2024-05-12,1089U,RAMALES DE LA VICTORIA,CANTABRIA,80,"13,7","0,0","11,1",23:00,"16,3",16:54,24,"0,6","4,4",11:00,,,,,
2024-05-13,1089U,RAMALES DE LA VICTORIA,CANTABRIA,80,"17,0","23,2","9,7",05:29,"24,3",12:18,30,"1,1","7,2",17:40,,,,,
2024-05-14,1089U,RAMALES DE LA VICTORIA,CANTABRIA,80,"13,6","14,2","9,5",Varias,"17,7",09:57,28,"0,6","6,7",15:00,,,,,
2024-05-15,1089U,RAMALES DE LA VICTORIA,CANTABRIA,80,"12,4","23,6","8,3",23:57,"16,6",15:13,20,"0,6","8,6",10:00,,,,,
2024-05-16,1089U,RAMALES DE LA VICTORIA,CANTABRIA,80,"13,7","2,6","7,4",05:34,"20,0",13:17,09,"0,6","4,7",14:20,,,,,
2024-05-17,1089U,RAMALES DE LA VICTORIA,CANTABRIA,80,"14,4","3,4","10,0",04:09,"18,8",13:04,07,"0,3","4,7",13:40,,,,,
2024-05-18,1089U,RAMALES DE LA VICTORIA,CANTABRIA,80,"14,4","8,0","9,5",04:48,"19,2",11:34,06,"0,8","5,3",09:50,,,,,
2024-05-19,1089U,RAMALES DE LA VICTORIA,CANTABRIA,80,"13,9","12,4","11,2",04:56,"16,6",12:51,05,"0,6","3,6",14:30,,,,,
2024-05-20,1089U,RAMALES DE LA VICTORIA,CANTABRIA,80,"13,8","0,0","8,5",23:52,"19,0",11:07,35,"1,7","6,9",10:40,,,,,
2024-05-21,1089U,RAMALES DE LA VICTORIA,CANTABRIA,80,"13,4","0,0","8,4",00:20,"18,4",10:58,32,"1,1","7,5",10:30,,,,,
2024-05-22,1089U,RAMALES DE LA VICTORIA,CANTABRIA,80,"13,8","9,6","7,9",04:51,"19,7",10:44,27,"0,6","4,7",11:30,,,,,
2024-05-23,1089U,RAMALES DE LA VICTORIA,CANTABRIA,80,"13,8","0,0","8,0",23:58,"19,5",14:24,28,"1,4","6,4",15:30,,,,,
2024-05-24,1089U,RAMALES DE LA VICTORIA,CANTABRIA,80,"14,0","0,0","6,3",03:53,"21,8",12:27,08,"1,4","7,8",13:30,,,,,
2024-05-25,1089U,RAMALES DE LA VICTORIA,CANTABRIA,80,"17,4","0,0","8,5",04:36,"26,3",10:28,29,"1,7","8,3",13:10,,,,,
2024-05-26,1089U,RAMALES DE LA VICTORIA,CANTABRIA,80,"12,8","0,0","8,0",04:36,"17,7",09:54,30,"0,3","5,0",11:00,,,,,
2024-05-27,1089U,RAMALES DE LA VICTORIA,CANTABRIA,80,"13,2","0,0","9,3",23:51,"17,1",17:27,05,"0,6","5,0",10:20,,,,,
2024-05-28,1089U,RAMALES DE LA VICTORIA,CANTABRIA,80,"16,0","0,0","7,3",04:51,"24,7",13:56,07,"1,7","6,7",15:40,,,,,
2024-05-29,1089U,RAMALES DE LA VICTORIA,CANTABRIA,80,"17,1","0,4","9,1",04:29,"25,1",13:32,08,"1,1","7,8",14:30,,,,,
2024-05-30,1089U,RAMALES DE LA VICTORIA,CANTABRIA,80,"15,0","4,8","12,3",Varias,"17,8",08:54,10,"1,1","7,5",11:10,,,,,
2024-05-31,1089U,RAMALES DE LA VICTORIA,CANTABRIA,80,"14,2","0,0","10,4",04:49,"18,1",15:16,07,"0,8","6,4",16:10,,,,,
2024-06-01,1089U,RAMALES DE LA VICTORIA,CANTABRIA,80,"14,0","0,2","8,0",05:22,"20,0",16:02,08,"1,1","5,8",17:00,,,,,
2024-06-02,1089U,RAMALES DE LA VICTORIA,CANTABRIA,80,"17,0","1,0","13,0",04:05,"21,0",13:10,09,"1,1","8,1",14:50,,,,,
2024-06-03,1089U,RAMALES DE LA VICTORIA,CANTABRIA,80,"15,4","0,0","10,9",24:00,"19,8",16:34,06,"0,6","3,6",16:50,,,,,
2024-06-04,1089U,RAMALES DE LA VICTORIA,CANTABRIA,80,"18,1","0,0","10,2",00:58,"26,0",13:06,08,"1,4","6,1",13:50,,,,,
2024-06-05,1089U,RAMALES DE LA VICTORIA,CANTABRIA,80,"19,2","0,0","11,6",Varias,"26,8",12:34,08,"1,7","8,1",14:10,,,,,
2024-06-06,1089U,RAMALES DE LA VICTORIA,CANTABRIA,80,"18,4","0,0","12,2",04:57,"24,6",10:42,08,"0,6","7,5",10:50,,,,,
2024-06-07,1089U,RAMALES DE LA VICTORIA,CANTABRIA,80,"20,1","12,8","15,2",04:55,"25,0",15:27,10,"0,8","6,7",16:20,,,,,
2024-06-08,1089U,RAMALES DE LA VICTORIA,CANTABRIA,80,"18,8","5,0","15,6",23:22,"22,0",08:52,26,"1,4","9,2",15:30,,,,,
2024-06-09,1089U,RAMALES DE LA VICTORIA,CANTABRIA,80,"15,5","0,4","13,4",Varias,"17,6",11:29,32,"1,1","6,1",12:10,,,,,
2024-06-10,1089U,RAMALES DE LA VICTORIA,CANTABRIA,80,"15,8","0,2","11,4",23:38,"20,1",13:16,23,"1,4","6,9",12:30,,,,,
2024-06-11,1089U,RAMALES DE LA VICTORIA,CANTABRIA,80,"13,8","3,2","11,5",00:01,"16,0",16:37,30,"0,8","4,7",10:40,,,,,
2024-06-12,1089U,RAMALES DE LA VICTORIA,CANTABRIA,80,"15,4","0,0","9,8",23:55,"20,9",15:08,07,"1,1","6,7",16:00,,,,,
2024-06-13,1089U,RAMALES DE LA VICTORIA,CANTABRIA,80,"18,2","0,0","8,3",02:02,"28,2",13:26,34,"0,6","7,5",14:00,,,,,
2024-06-14,1089U,RAMALES DE LA VICTORIA,CANTABRIA,80,"18,8","2,8","13,0",Varias,"24,5",10:07,30,"1,4","7,5",14:30,,,,,
2024-06-15,1089U,RAMALES DE LA VICTORIA,CANTABRIA,80,"15,2","0,2","10,3",24:00,"20,1",13:29,99,"1,1","7,2",Varias,,,,,
2024-06-16,1089U,RAMALES DE LA VICTORIA,CANTABRIA,80,"16,8","0,0","8,7",04:43,"24,9",13:29,06,"0,8","5,6",14:20,,,,,
2024-06-17,1089U,RAMALES DE LA VICTORIA,CANTABRIA,80,"20,8","0,2","12,0",04:12,"29,7",12:31,28,"1,1","7,8",20:40,,,,,
2024-06-18,1089U,RAMALES DE LA VICTORIA,CANTABRIA,80,"20,4","2,6","15,0",23:31,"25,7",14:29,26,"1,4","6,1",22:10,,,,,
2024-06-19,1089U,RAMALES DE LA VICTORIA,CANTABRIA,80,"17,7","1,8","12,5",05:17,"22,9",10:11,26,"0,3","5,0",16:10,,,,,
2024-06-20,1089U,RAMALES DE LA VICTORIA,CANTABRIA,80,"18,4","3,4","14,6",23:13,"22,2",13:04,30,"0,6","9,7",15:40,,,,,
2024-06-21,1089U,RAMALES DE LA VICTORIA,CANTABRIA,80,"17,6","0,2","14,7",00:01,"20,6",11:04,30,"0,8","6,9",10:30,,,,,
2024-06-22,1089U,RAMALES DE LA VICTORIA,CANTABRIA,80,"17,2","4,2","13,2",04:23,"21,1",13:27,30,"1,4","7,8",15:40,,,,,
2024-06-23,1089U,RAMALES DE LA VICTORIA,CANTABRIA,80,"18,8","2,4","15,9",Varias,"21,6",12:28,36,"1,4","8,1",13:20,,,,,
2024-06-24,1089U,RAMALES DE LA VICTORIA,CANTABRIA,80,"19,5","0,4","13,0",23:55,"26,0",13:20,08,"1,1","6,7",11:40,,,,,
2024-06-25,1089U,RAMALES DE LA VICTORIA,CANTABRIA,80,"19,9","1,0","11,1",04:38,"28,7",13:18,06,"1,7","7,2",15:10,,,,,
2024-06-26,1089U,RAMALES DE LA VICTORIA,CANTABRIA,80,"22,9","25,6","17,0",03:20,"28,8",13:27,20,"0,8","8,1",19:10,,,,,
2024-06-27,1089U,RAMALES DE LA VICTORIA,CANTABRIA,80,"20,8","1,8","17,5",04:18,"24,2",13:50,34,"0,8","5,8",15:10,,,,,
2024-06-28,1089U,RAMALES DE LA VICTORIA,CANTABRIA,80,"19,6","1,6","16,4",23:37,"22,7",13:28,10,"0,3","5,0",14:10,,,,,
2024-06-29,1089U,RAMALES DE LA VICTORIA,CANTABRIA,80,"17,2","0,8","15,2",Varias,"19,3",15:04,28,"1,4","7,2",13:40,,,,,
2024-06-30,1089U,RAMALES DE LA VICTORIA,CANTABRIA,80,"17,8","0,0","13,5",23:57,"22,2",10:42,06,"1,4","5,6",Varias,,,,,
2024-07-01,1089U,RAMALES DE LA VICTORIA,CANTABRIA,80,"16,6","0,8","10,4",04:50,"22,9",15:08,29,"1,4","5,3",13:40,,,,,
2024-07-02,1089U,RAMALES DE LA VICTORIA,CANTABRIA,80,"18,0","0,0","13,5",23:40,"22,5",11:59,07,"1,4","6,4",12:20,,,,,
2024-07-03,1089U,RAMALES DE LA VICTORIA,CANTABRIA,80,"18,4","0,0","13,3",02:18,"23,4",13:04,09,"0,8","6,1",14:20,,,,,
2024-07-04,1089U,RAMALES DE LA VICTORIA,CANTABRIA,80,"18,2","0,0","11,3",05:01,"25,0",11:11,05,"0,8","6,1",14:50,,,,,
2024-07-05,1089U,RAMALES DE LA VICTORIA,CANTABRIA,80,"19,8","0,6","13,6",04:54,"26,1",11:49,06,"0,8","6,7",11:40,,,,,
2024-07-06,1089U,RAMALES DE LA VICTORIA,CANTABRIA,80,"16,8","4,4","13,7",23:44,"20,0",09:15,32,"0,8","6,7",12:20,,,,,
2024-07-07,1089U,RAMALES DE LA VICTORIA,CANTABRIA,80,"16,3","0,2","12,1",04:41,"20,5",14:26,08,"0,6","3,9",13:20,,,,,
2024-07-08,1089U,RAMALES DE LA VICTORIA,CANTABRIA,80,"20,1","0,0","10,7",04:41,"29,5",13:42,07,"1,4","6,7",15:30,,,,,
2024-07-09,1089U,RAMALES DE LA VICTORIA,CANTABRIA,80,"20,0","2,2","14,3",02:10,"25,7",12:29,07,"0,8","4,4",11:00,,,,,
2024-07-10,1089U,RAMALES DE LA VICTORIA,CANTABRIA,80,"22,7","0,0","16,3",Varias,"29,1",14:25,06,"1,1","6,7",14:40,,,,,
2024-07-11,1089U,RAMALES DE LA VICTORIA,CANTABRIA,80,"22,7","13,0","16,3",04:58,"29,1",11:05,29,"1,4","8,1",12:00,,,,,
2024-07-12,1089U,RAMALES DE LA VICTORIA,CANTABRIA,80,"16,8","2,0","14,7",23:48,"18,9",00:01,26,"0,6","4,7",10:10,,,,,
2024-07-13,1089U,RAMALES DE LA VICTORIA,CANTABRIA,80,"17,8","0,0","13,0",05:17,"22,7",11:20,09,"0,6","5,6",09:50,,,,,
2024-07-14,1089U,RAMALES DE LA VICTORIA,CANTABRIA,80,"18,6","0,0","12,4",05:11,"24,7",12:33,08,"1,1","4,2",13:20,,,,,
2024-07-15,1089U,RAMALES DE LA VICTORIA,CANTABRIA,80,"18,8","1,2","14,8",00:38,"22,7",05:57,29,"1,1","8,6",07:30,,,,,
2024-07-16,1089U,RAMALES DE LA VICTORIA,CANTABRIA,80,"18,5","0,0","15,9",02:22,"21,1",10:52,30,"0,8","3,3",13:10,,,,,
2024-07-17,1089U,RAMALES DE LA VICTORIA,CANTABRIA,80,"21,4","0,0","13,5",05:09,"29,4",14:14,99,"1,7","5,8",Varias,,,,,
2024-07-18,1089U,RAMALES DE LA VICTORIA,CANTABRIA,80,"21,9","0,0","15,2",03:47,"28,6",11:10,30,"1,1","6,1",12:30,,,,,
2024-07-19,1089U,RAMALES DE LA VICTORIA,CANTABRIA,80,"23,6","0,0","18,4",05:33,"28,8",11:50,07,"1,7","7,2",13:00,,,,,
2024-07-20,1089U,RAMALES DE LA VICTORIA,CANTABRIA,80,"23,2","10,0","17,0",23:57,"29,3",13:45,29,"1,9","7,5",22:00,,,,,
2024-07-21,1089U,RAMALES DE LA VICTORIA,CANTABRIA,80,"17,2","0,0","13,1",23:54,"21,2",13:31,26,"1,7","11,1",09:50,,,,,
2024-07-22,1089U,RAMALES DE LA VICTORIA,CANTABRIA,80,"19,6","0,0","10,6",Varias,"28,6",15:08,08,"1,4","6,1",16:40,,,,,
2024-07-23,1089U,RAMALES DE LA VICTORIA,CANTABRIA,80,"21,8","0,0","13,0",04:53,"30,5",12:39,08,"1,4","6,4",14:50,,,,,
2024-07-24,1089U,RAMALES DE LA VICTORIA,CANTABRIA,80,"21,8","0,0","15,0",02:51,"28,7",12:49,06,"1,1","7,2",14:40,,,,,
2024-07-25,1089U,RAMALES DE LA VICTORIA,CANTABRIA,80,"23,2","0,0","19,2",23:59,"27,2",13:26,10,"0,8","5,8",13:40,,,,,
2024-07-26,1089U,RAMALES DE LA VICTORIA,CANTABRIA,80,"22,8","0,0","18,2",Varias,"27,5",12:52,09,"1,4","7,5",13:10,,,,,
2024-07-27,1089U,RAMALES DE LA VICTORIA,CANTABRIA,80,"22,0","0,0","17,4",22:40,"26,6",10:58,07,"0,6","4,7",11:30,,,,,
2024-07-28,1089U,RAMALES DE LA VICTORIA,CANTABRIA,80,"26,2","0,0","17,9",00:01,"34,4",14:27,08,"1,7","6,7",18:20,,,,,
2024-07-29,1089U,RAMALES DE LA VICTORIA,CANTABRIA,80,"26,6","0,0","20,7",23:50,"32,5",14:10,10,"1,7","6,9",14:20,,,,,
2024-07-30,1089U,RAMALES DE LA VICTORIA,CANTABRIA,80,"27,4","1,8","19,4",04:05,"35,3",14:58,08,"0,8","5,3",13:40,,,,,
2024-07-31,1089U,RAMALES DE LA VICTORIA,CANTABRIA,80,"25,5","0,0","20,0",22:54,"31,0",11:53,10,"1,7","8,1",12:40,,,,,
2024-08-01,1089U,RAMALES DE LA VICTORIA,CANTABRIA,80,"22,8","0,0","20,2",23:59,"25,5",12:06,06,"0,8","5,8",12:20,,,,,
2024-08-02,1089U,RAMALES DE LA VICTORIA,CANTABRIA,80,"19,9","0,0","16,2",03:57,"23,6",15:08,29,"0,3","5,0",14:00,,,,,
2024-08-03,1089U,RAMALES DE LA VICTORIA,CANTABRIA,80,"22,2","0,0","16,1",23:56,"28,2",13:35,08,"0,8","6,4",15:30,,,,,
2024-08-04,1089U,RAMALES DE LA VICTORIA,CANTABRIA,80,"22,0","0,0","13,4",05:16,"30,7",13:28,08,"1,1","7,5",14:50,,,,,
2024-08-05,1089U,RAMALES DE LA VICTORIA,CANTABRIA,80,"21,6","0,0","14,9",02:37,"28,4",12:10,07,"0,8","5,3",11:10,,,,,
2024-08-06,1089U,RAMALES DE LA VICTORIA,CANTABRIA,80,"22,4","1,6","16,0",05:19,"28,9",11:54,07,"1,4","6,4",12:20,,,,,
2024-08-07,1089U,RAMALES DE LA VICTORIA,CANTABRIA,80,"20,6","1,2","19,0",Varias,"22,3",13:04,11,"0,6","3,9",13:10,,,,,
2024-08-08,1089U,RAMALES DE LA VICTORIA,CANTABRIA,80,"21,4","0,2","18,7",Varias,"24,1",12:26,07,"0,6","4,2",12:10,,,,,
2024-08-09,1089U,RAMALES DE LA VICTORIA,CANTABRIA,80,"23,6","0,0","18,3",05:41,"28,9",12:28,10,"1,7","6,9",12:10,,,,,
2024-08-10,1089U,RAMALES DE LA VICTORIA,CANTABRIA,80,"24,6","0,0","17,4",05:37,"31,8",15:09,09,"1,1","6,4",16:50,,,,,
2024-08-11,1089U,RAMALES DE LA VICTORIA,CANTABRIA,80,"30,6","0,0","18,4",03:38,"42,7",14:49,26,"1,9","8,9",19:50,,,,,
2024-08-12,1089U,RAMALES DE LA VICTORIA,CANTABRIA,80,"22,5","1,6","19,5",23:54,"25,5",12:46,29,"0,8","4,7",11:30,,,,,
2024-08-13,1089U,RAMALES DE LA VICTORIA,CANTABRIA,80,"21,6","4,2","16,9",05:07,"26,3",12:36,06,"0,6","5,8",13:30,,,,,
2024-08-14,1089U,RAMALES DE LA VICTORIA,CANTABRIA,80,"17,2","5,8","13,5",23:55,"21,0",Varias,32,"1,1","5,8",15:30,,,,,
2024-08-15,1089U,RAMALES DE LA VICTORIA,CANTABRIA,80,"18,6","0,0","11,4",05:39,"25,9",13:07,08,"1,1","6,4",16:30,,,,,
2024-08-16,1089U,RAMALES DE LA VICTORIA,CANTABRIA,80,"20,4","0,0","11,2",05:45,"29,6",15:45,08,"1,4","5,8",14:10,,,,,
2024-08-17,1089U,RAMALES DE LA VICTORIA,CANTABRIA,80,"21,2","7,2","13,8",03:47,"28,7",11:51,30,"1,7","7,8",13:40,,,,,
2024-08-18,1089U,RAMALES DE LA VICTORIA,CANTABRIA,80,"18,2","4,8","15,2",23:39,"21,1",17:13,04,"0,3","5,0",12:10,,,,,
2024-08-19,1089U,RAMALES DE LA VICTORIA,CANTABRIA,80,"20,0","0,0","13,2",23:52,"26,9",14:29,99,"1,1","6,4",Varias,,,,,
2024-08-20,1089U,RAMALES DE LA VICTORIA,CANTABRIA,80,"19,9","5,2","12,1",02:08,"27,7",12:26,30,"1,1","8,1",14:10,,,,,
2024-08-21,1089U,RAMALES DE LA VICTORIA,CANTABRIA,80,"19,4","0,0","14,3",23:48,"24,6",14:04,06,"0,3","4,4",16:00,,,,,
2024-08-22,1089U,RAMALES DE LA VICTORIA,CANTABRIA,80,"19,4","0,0","14,0",00:30,"24,7",11:28,07,"0,6","4,2",13:50,,,,,
2024-08-23,1089U,RAMALES DE LA VICTORIA,CANTABRIA,80,"22,6","0,0","14,8",05:49,"30,3",14:16,10,"0,8","6,1",17:10,,,,,
2024-08-24,1089U,RAMALES DE LA VICTORIA,CANTABRIA,80,"22,6","2,2","16,1",01:13,"29,2",11:15,33,"1,7","10,8",12:50,,,,,
2024-08-25,1089U,RAMALES DE LA VICTORIA,CANTABRIA,80,"17,4","0,2","13,1",23:54,"21,6",15:28,04,"0,6","3,6",16:00,,,,,
2024-08-26,1089U,RAMALES DE LA VICTORIA,CANTABRIA,80,"18,6","0,0","12,8",00:16,"24,5",13:41,99,"1,1","6,1",13:50,,,,,
2024-08-27,1089U,RAMALES DE LA VICTORIA,CANTABRIA,80,"21,2","0,0","10,3",05:21,"32,2",13:52,27,"1,1","7,2",15:50,,,,,
2024-08-28,1089U,RAMALES DE LA VICTORIA,CANTABRIA,80,"19,5","1,0","12,2",05:41,"26,8",11:42,06,"0,8","6,7",13:00,,,,,
2024-08-29,1089U,RAMALES DE LA VICTORIA,CANTABRIA,80,"21,4","5,4","17,9",09:16,"24,8",16:12,11,"0,6","5,3",15:00,,,,,
2024-08-30,1089U,RAMALES DE LA VICTORIA,CANTABRIA,80,"21,6","0,2","16,5",05:55,"26,8",11:14,08,"1,4","4,7",13:00,,,,,
2024-08-31,1089U,RAMALES DE LA VICTORIA,CANTABRIA,80,"23,8","23,4","17,5",Varias,"30,2",12:09,28,"1,1","8,6",15:30,,,,,
2024-09-01,1089U,RAMALES DE LA VICTORIA,CANTABRIA,80,"22,0","0,2","16,8",05:32,"27,2",11:19,10,"0,6","5,0",11:30,,,,,
2024-09-02,1089U,RAMALES DE LA VICTORIA,CANTABRIA,80,"20,4","1,4","16,5",23:57,"24,4",12:28,31,"0,8","6,1",14:30,,,,,
2024-09-03,1089U,RAMALES DE LA VICTORIA,CANTABRIA,80,"18,4","8,8","15,6",05:09,"21,1",12:10,34,"0,8","5,8",17:00,,,,,
2024-09-04,1089U,RAMALES DE LA VICTORIA,CANTABRIA,80,"16,8","14,2","14,6",23:53,"19,0",12:57,28,"0,3","7,2",16:40,,,,,
2024-09-05,1089U,RAMALES DE LA VICTORIA,CANTABRIA,80,"16,2","20,8","12,8",Varias,"19,6",10:43,99,"0,3","5,0",Varias,,,,,
2024-09-06,1089U,RAMALES DE LA VICTORIA,CANTABRIA,80,"16,4","0,0","11,0",06:19,"21,9",16:18,08,"1,1","4,7",Varias,,,,,
2024-09-07,1089U,RAMALES DE LA VICTORIA,CANTABRIA,80,"16,4","0,8","11,1",03:32,"21,6",14:25,31,"0,3","5,8",12:30,,,,,
2024-09-08,1089U,RAMALES DE LA VICTORIA,CANTABRIA,80,"17,2","0,0","11,2",23:54,"23,3",12:26,99,"1,1","6,4",Varias,,,,,
2024-09-09,1089U,RAMALES DE LA VICTORIA,CANTABRIA,80,"16,0","3,4","10,2",03:46,"21,9",15:14,25,"0,3","6,4",10:20,,,,,
2024-09-10,1089U,RAMALES DE LA VICTORIA,CANTABRIA,80,"17,4","0,6","14,4",22:55,"20,4",11:04,07,"1,1","5,0",12:30,,,,,
2024-09-11,1089U,RAMALES DE LA VICTORIA,CANTABRIA,80,"17,1","44,0","12,7",05:51,"21,5",14:11,28,"1,7","8,1",12:50,,,,,
2024-09-12,1089U,RAMALES DE LA VICTORIA,CANTABRIA,80,"13,8","22,4","10,9",23:39,"16,8",00:01,14,"0,3","3,6",10:30,,,,,
2024-09-13,1089U,RAMALES DE LA VICTORIA,CANTABRIA,80,"13,7","0,4","8,0",23:58,"19,4",12:58,07,"0,6","5,6",13:10,,,,,
2024-09-14,1089U,RAMALES DE LA VICTORIA,CANTABRIA,80,"14,6","0,0","6,6",04:45,"22,6",13:39,07,"0,8","5,3",14:10,,,,,
2024-09-15,1089U,RAMALES DE LA VICTORIA,CANTABRIA,80,"14,0","0,0","5,9",06:13,"22,1",12:06,10,"1,1","7,2",12:30,,,,,
2024-09-16,1089U,RAMALES DE LA VICTORIA,CANTABRIA,80,"14,6","0,0","6,2",05:55,"22,9",13:04,09,"0,6","6,1",13:30,,,,,
2024-09-17,1089U,RAMALES DE LA VICTORIA,CANTABRIA,80,"16,5","0,2","11,4",05:16,"21,6",14:04,34,"0,6","5,0",14:10,,,,,
2024-09-18,1089U,RAMALES DE LA VICTORIA,CANTABRIA,80,"17,4","0,0","12,5",05:37,"22,3",13:59,08,"0,6","5,0",14:50,,,,,
2024-09-19,1089U,RAMALES DE LA VICTORIA,CANTABRIA,80,"19,6","1,4","12,7",05:59,"26,5",13:28,07,"0,6","4,7",Varias,,,,,
2024-09-20,1089U,RAMALES DE LA VICTORIA,CANTABRIA,80,"19,9","12,8","14,1",06:40,"25,7",13:44,07,"0,8","5,3",14:30,,,,,
2024-09-21,1089U,RAMALES DE LA VICTORIA,CANTABRIA,80,"19,4","11,4","15,0",06:09,"23,7",12:31,10,"0,3","4,7",14:20,,,,,
2024-09-22,1089U,RAMALES DE LA VICTORIA,CANTABRIA,80,"17,6","0,0","14,3",23:54,"21,0",11:31,31,"0,8","5,3",10:50,,,,,
2024-09-23,1089U,RAMALES DE LA VICTORIA,CANTABRIA,80,"15,5","0,0","9,9",06:33,"21,1",11:37,26,"0,8","7,8",13:10,,,,,
2024-09-24,1089U,RAMALES DE LA VICTORIA,CANTABRIA,80,"17,0","0,0","10,6",06:42,"23,5",12:11,09,"0,0","3,6",14:30,,,,,
2024-09-25,1089U,RAMALES DE LA VICTORIA,CANTABRIA,80,"19,2","16,6","10,7",00:51,"27,7",20:47,27,"3,1","17,2",21:40,,,,,
2024-09-26,1089U,RAMALES DE LA VICTORIA,CANTABRIA,80,"18,0","20,0","14,7",23:43,"21,4",00:01,34,"1,1","8,6",12:30,,,,,
2024-09-27,1089U,RAMALES DE LA VICTORIA,CANTABRIA,80,"15,2","9,2","11,7",23:54,"18,8",14:31,29,"1,9","13,3",10:30,,,,,
2024-09-28,1089U,RAMALES DE LA VICTORIA,CANTABRIA,80,"13,0","0,6","8,5",23:57,"17,6",13:19,06,"0,3","5,0",14:10,,,,,
2024-09-29,1089U,RAMALES DE LA VICTORIA,CANTABRIA,80,"17,4","0,0","6,9",04:49,"28,0",15:03,19,"0,6","8,3",14:20,,,,,
2024-09-30,1089U,RAMALES DE LA VICTORIA,CANTABRIA,80,"18,7","0,0","11,8",Varias,"25,6",13:48,08,"0,6","5,6",14:10,,,,,
2024-10-01,1089U,RAMALES DE LA VICTORIA,CANTABRIA,80,"19,8","30,2","14,1",05:14,"25,5",11:55,29,"0,8","8,9",13:50,,,,,
2024-10-02,1089U,RAMALES DE LA VICTORIA,CANTABRIA,80,"15,9","21,6","13,6",Varias,"18,2",11:28,33,"0,3","3,3",17:40,,,,,
2024-10-03,1089U,RAMALES DE LA VICTORIA,CANTABRIA,80,"15,2","0,0","9,2",22:44,"21,1",13:28,06,"0,8","5,3",15:20,,,,,
2024-10-04,1089U,RAMALES DE LA VICTORIA,CANTABRIA,80,"15,2","0,0","8,1",06:46,"22,3",14:54,09,"0,3","4,2",11:10,,,,,
2024-10-05,1089U,RAMALES DE LA VICTORIA,CANTABRIA,80,"17,8","1,6","9,6",05:47,"26,1",13:38,29,"0,3","10,0",16:00,,,,,
2024-10-06,1089U,RAMALES DE LA VICTORIA,CANTABRIA,80,"21,1","4,0","15,5",23:31,"26,7",11:27,29,"3,1","20,3",08:10,,,,,
2024-10-07,1089U,RAMALES DE LA VICTORIA,CANTABRIA,80,"18,5","2,0","12,4",23:59,"24,6",15:50,29,"0,8","13,3",11:50,,,,,
2024-10-08,1089U,RAMALES DE LA VICTORIA,CANTABRIA,80,"17,4","0,0","12,3",00:11,"22,6",23:59,27,"2,5","20,6",22:00,,,,,
2024-10-09,1089U,RAMALES DE LA VICTORIA,CANTABRIA,80,"20,2","29,4","12,4",Varias,"27,9",12:56,31,"3,9","24,4",06:30,,,,,
2024-10-10,1089U,RAMALES DE LA VICTORIA,CANTABRIA,80,"15,7","0,8","11,0",05:17,"20,4",11:42,23,"1,1","7,5",12:50,,,,,
2024-10-11,1089U,RAMALES DE LA VICTORIA,CANTABRIA,80,"16,0","0,0","9,2",06:58,"22,8",Varias,20,"1,7","11,1",23:50,,,,,
2024-10-12,1089U,RAMALES DE LA VICTORIA,CANTABRIA,80,"19,8","0,0","13,8",23:58,"25,9",13:46,19,"1,1","13,9",08:00,,,,,
2024-10-13,1089U,RAMALES DE LA VICTORIA,CANTABRIA,80,"19,9","0,0","11,6",Varias,"28,2",13:56,16,"0,8","6,7",13:10,,,,,
2024-10-14,1089U,RAMALES DE LA VICTORIA,CANTABRIA,80,"20,0","0,0","13,8",06:56,"26,2",13:13,06,"0,3","3,9",13:20,,,,,
2024-10-15,1089U,RAMALES DE LA VICTORIA,CANTABRIA,80,"21,9","2,2","16,1",01:16,"27,7",13:44,23,"1,7","10,6",21:50,,,,,
2024-10-16,1089U,RAMALES DE LA VICTORIA,CANTABRIA,80,"19,6","13,0","14,4",23:45,"24,8",12:34,13,"0,8","8,3",02:10,,,,,
2024-10-17,1089U,RAMALES DE LA VICTORIA,CANTABRIA,80,"14,2","24,8","11,5",18:57,"16,8",15:41,30,"0,8","8,9",13:00,,,,,
2024-10-18,1089U,RAMALES DE LA VICTORIA,CANTABRIA,80,"15,2","0,4","9,5",07:00,"20,9",13:28,99,"0,8","5,3",Varias,,,,,
2024-10-19,1089U,RAMALES DE LA VICTORIA,CANTABRIA,80,"17,0","0,0","12,6",03:48,"21,4",12:52,09,"0,8","5,3",14:40,,,,,
2024-10-20,1089U,RAMALES DE LA VICTORIA,CANTABRIA,80,"19,6","0,0","11,9",23:49,"27,4",13:19,17,"1,1","8,9",10:50,,,,,
2024-10-21,1089U,RAMALES DE LA VICTORIA,CANTABRIA,80,"16,8","2,0","9,2",06:41,"24,5",12:31,99,"1,9","9,4",Varias,,,,,
2024-10-22,1089U,RAMALES DE LA VICTORIA,CANTABRIA,80,"14,5","0,6","11,2",23:50,"17,8",13:24,11,"0,3","5,6",14:20,,,,,
2024-10-23,1089U,RAMALES DE LA VICTORIA,CANTABRIA,80,"14,9","0,0","8,0",06:59,"21,8",14:33,25,"0,3","3,6",12:20,,,,,
2024-10-24,1089U,RAMALES DE LA VICTORIA,CANTABRIA,80,"18,4","1,4","11,2",00:18,"25,7",14:19,18,"3,3","15,0",08:10,,,,,
2024-10-25,1089U,RAMALES DE LA VICTORIA,CANTABRIA,80,"14,2","0,2","10,7",23:51,"17,7",14:45,34,"1,1","8,3",03:00,,,,,
2024-10-26,1089U,RAMALES DE LA VICTORIA,CANTABRIA,80,"11,6",,"9,5",02:49,"13,7",13:12,09,"0,0","2,2",14:20,,,,,
2024-10-27,1089U,RAMALES DE LA VICTORIA,CANTABRIA,80,"13,0",,"10,2",00:07,"15,7",14:00,26,"0,6","4,4",14:00,,,,,
2024-10-28,1089U,RAMALES DE LA VICTORIA,CANTABRIA,80,"12,7","0,0","9,8",Varias,"15,6",15:56,29,"0,3","1,9",01:10,,,,,
2024-10-29,1089U,RAMALES DE LA VICTORIA,CANTABRIA,80,"14,3","0,4","8,8",04:24,"19,8",14:08,11,"0,3","4,2",14:10,,,,,
2024-10-30,1089U,RAMALES DE LA VICTORIA,CANTABRIA,80,"14,3","0,2","10,4",00:01,"18,2",14:26,08,"0,8","5,8",13:10,,,,,
2024-10-31,1089U,RAMALES DE LA VICTORIA,CANTABRIA,80,"16,3","0,0","8,4",06:47,"24,2",14:09,12,"0,3","5,8",10:50,,,,,
2024-11-01,1089U,RAMALES DE LA VICTORIA,CANTABRIA,80,"17,5","0,0","10,7",23:52,"24,3",12:56,20,"0,8","4,7",10:50,,,,,
2024-11-02,1089U,RAMALES DE LA VICTORIA,CANTABRIA,80,"15,2","0,0","8,3",07:24,"22,2",14:26,08,"0,8","4,7",13:20,,,,,
2024-11-03,1089U,RAMALES DE LA VICTORIA,CANTABRIA,80,"17,2","0,0","10,8",07:40,"23,7",13:13,22,"0,6","7,2",09:50,,,,,
2024-11-04,1089U,RAMALES DE LA VICTORIA,CANTABRIA,80,"17,6","0,0","10,8",00:34,"24,5",13:34,28,"0,8","7,2",22:40,,,,,
2024-11-05,1089U,RAMALES DE LA VICTORIA,CANTABRIA,80,"17,4","0,0","11,0",23:41,"23,7",13:35,02,"0,6","6,4",01:20,,,,,
2024-11-06,1089U,RAMALES DE LA VICTORIA,CANTABRIA,80,"15,7","0,0","8,3",07:31,"23,1",14:36,08,"0,3","3,6",14:50,,,,,
2024-11-07,1089U,RAMALES DE LA VICTORIA,CANTABRIA,80,"15,0","0,0","7,8",07:07,"22,1",13:36,12,"1,1","5,3",13:30,,,,,
2024-11-08,1089U,RAMALES DE LA VICTORIA,CANTABRIA,80,"13,6","6,8","8,2",02:18,"18,9",14:28,27,"0,6","5,0",21:40,,,,,
2024-11-09,1089U,RAMALES DE LA VICTORIA,CANTABRIA,80,"13,2","0,8","7,4",21:51,"19,1",14:04,27,"0,8","6,1",13:30,,,,,
2024-11-10,1089U,RAMALES DE LA VICTORIA,CANTABRIA,80,"11,7","29,0","8,3",00:01,"15,1",Varias,33,"0,0","2,5",18:50,,,,,
2024-11-11,1089U,RAMALES DE LA VICTORIA,CANTABRIA,80,"13,6","1,2","11,9",23:44,"15,3",13:27,28,"0,8","5,0",01:30,,,,,
2024-11-12,1089U,RAMALES DE LA VICTORIA,CANTABRIA,80,"10,6","15,0","6,9",23:52,"14,2",12:57,36,"0,8","6,4",13:20,,,,,
2024-11-13,1089U,RAMALES DE LA VICTORIA,CANTABRIA,80,"9,5","0,0","6,2",01:44,"12,8",13:47,09,"0,3","7,2",23:59,,,,,
2024-11-14,1089U,RAMALES DE LA VICTORIA,CANTABRIA,80,"11,1","0,0","5,0",05:47,"17,2",13:44,10,"0,6","6,1",15:40,,,,,
2024-11-15,1089U,RAMALES DE LA VICTORIA,CANTABRIA,80,"10,8","0,0","5,4",00:46,"16,1",12:26,16,"0,3","5,3",16:00,,,,,
2024-11-16,1089U,RAMALES DE LA VICTORIA,CANTABRIA,80,"11,3","0,0","5,5",07:08,"17,1",13:43,28,"0,3","1,9",12:20,,,,,
2024-11-17,1089U,RAMALES DE LA VICTORIA,CANTABRIA,80,"11,6","0,0","8,1",01:33,"15,2",13:49,11,"0,3","3,6",15:00,,,,,
2024-11-18,1089U,RAMALES DE LA VICTORIA,CANTABRIA,80,"12,6","0,0","8,8",23:18,"16,5",13:20,07,"0,0","3,3",13:40,,,,,
2024-11-19,1089U,RAMALES DE LA VICTORIA,CANTABRIA,80,"13,0","0,0","8,7",02:20,"17,2",13:18,30,"0,6","4,2",14:00,,,,,
2024-11-20,1089U,RAMALES DE LA VICTORIA,CANTABRIA,80,"14,2","23,6","10,7",00:01,"17,7",13:09,28,"0,6","9,4",03:10,,,,,
2024-11-21,1089U,RAMALES DE LA VICTORIA,CANTABRIA,80,"14,2","27,8","10,2",Varias,"18,1",13:43,26,"1,9","13,3",22:50,,,,,
2024-11-22,1089U,RAMALES DE LA VICTORIA,CANTABRIA,80,,"1,0",,,,,28,"0,3","13,9",04:30,,,,,
2024-11-23,1089U,RAMALES DE LA VICTORIA,CANTABRIA,80,"13,2","0,0","5,1",01:42,"21,4",20:02,99,"6,1","20,0",Varias,,,,,
2024-11-24,1089U,RAMALES DE LA VICTORIA,CANTABRIA,80,"19,4","6,0","14,8",07:56,"24,1",20:52,13,"2,8","17,5",20:50,,,,,
2024-11-25,1089U,RAMALES DE LA VICTORIA,CANTABRIA,80,"14,6","4,2","5,2",23:24,"24,1",02:00,20,"1,1","14,7",03:00,,,,,
2024-11-26,1089U,RAMALES DE LA VICTORIA,CANTABRIA,80,"9,0","0,0","4,5",23:44,"13,4",15:01,29,"0,3","2,2",08:40,,,,,
2024-11-27,1089U,RAMALES DE LA VICTORIA,CANTABRIA,80,"8,7","0,0","2,9",06:55,"14,5",13:01,13,"0,3","1,9",09:40,,,,,
2024-11-28,1089U,RAMALES DE LA VICTORIA,CANTABRIA,80,"9,4","0,0","3,2",07:02,"15,5",13:34,31,"0,6","3,3",17:10,,,,,
2024-11-29,1089U,RAMALES DE LA VICTORIA,CANTABRIA,80,"12,4","0,0","6,3",00:01,"18,6",11:54,27,"0,6","5,3",03:30,,,,,
2024-11-30,1089U,RAMALES DE LA VICTORIA,CANTABRIA,80,"11,8","0,0","5,0",07:18,"18,5",12:59,29,"0,3","4,2",15:10,,,,,
2024-12-01,1089U,RAMALES DE LA VICTORIA,CANTABRIA,80,"13,8","0,0","9,3",00:02,"18,2",13:39,20,"0,6","4,2",03:30,,,,,
2024-12-02,1089U,RAMALES DE LA VICTORIA,CANTABRIA,80,"12,4","3,2","9,9",04:02,"14,8",13:03,30,"0,3","4,4",14:40,,,,,
2024-12-03,1089U,RAMALES DE LA VICTORIA,CANTABRIA,80,"11,4","18,0","9,6",07:42,"13,3",12:33,08,"0,0","1,9",20:50,,,,,
2024-12-04,1089U,RAMALES DE LA VICTORIA,CANTABRIA,80,"11,1","0,0","7,9",23:12,"14,3",13:30,13,"0,3","4,2",20:50,,,,,
2024-12-05,1089U,RAMALES DE LA VICTORIA,CANTABRIA,80,"11,3","13,4","7,5",02:42,"15,1",Varias,99,"0,3","2,5",Varias,,,,,
2024-12-06,1089U,RAMALES DE LA VICTORIA,CANTABRIA,80,"14,9","7,6","12,6",00:01,"17,2",14:31,27,"0,6","3,3",05:10,,,,,
2024-12-07,1089U,RAMALES DE LA VICTORIA,CANTABRIA,80,"10,8","33,0","8,2",21:09,"13,4",00:01,26,"3,1","15,8",08:40,,,,,
2024-12-08,1089U,RAMALES DE LA VICTORIA,CANTABRIA,80,"8,0","51,4","6,5",23:44,"9,5",11:40,28,"1,9","15,3",06:50,,,,,
2024-12-09,1089U,RAMALES DE LA VICTORIA,CANTABRIA,80,"8,0","22,0","6,5",00:02,"9,4",14:25,30,"2,5","9,7",00:50,,,,,
2024-12-10,1089U,RAMALES DE LA VICTORIA,CANTABRIA,80,"7,0","7,9","5,9",23:18,"8,2",13:13,30,"0,3","4,7",05:50,,,,,
2024-12-11,1089U,RAMALES DE LA VICTORIA,CANTABRIA,80,"7,0","0,0","5,5",07:40,"8,4",14:26,12,"0,0","5,3",22:20,,,,,
2024-12-12,1089U,RAMALES DE LA VICTORIA,CANTABRIA,80,"6,8","0,0","3,4",08:47,"10,3",12:21,12,"0,8","6,7",03:40,,,,,
2024-12-13,1089U,RAMALES DE LA VICTORIA,CANTABRIA,80,"5,7","2,0","1,3",24:00,"10,1",12:43,19,"0,0","2,5",12:50,,,,,
2024-12-14,1089U,RAMALES DE LA VICTORIA,CANTABRIA,80,"6,0","14,4","1,0",02:16,"11,0",14:27,27,"0,6","6,1",15:10,,,,,
2024-12-15,1089U,RAMALES DE LA VICTORIA,CANTABRIA,80,"8,5","0,2","5,2",23:57,"11,8",13:43,32,"0,0","3,3",14:30,,,,,
2024-12-16,1089U,RAMALES DE LA VICTORIA,CANTABRIA,80,"6,8","0,0","1,7",07:51,"11,9",12:55,20,"0,3","4,4",01:40,,,,,
2024-12-17,1089U,RAMALES DE LA VICTORIA,CANTABRIA,80,"11,0","0,0","1,4",03:09,"20,6",20:27,18,"0,6","14,4",20:20,,,,,
2024-12-18,1089U,RAMALES DE LA VICTORIA,CANTABRIA,80,"13,6","0,0","6,8",06:48,"20,3",12:31,28,"4,2","23,3",18:10,,,,,
2024-12-19,1089U,RAMALES DE LA VICTORIA,CANTABRIA,80,"12,9","18,0","6,4",23:57,"19,4",07:37,30,"1,4","16,4",08:00,,,,,
2024-12-20,1089U,RAMALES DE LA VICTORIA,CANTABRIA,80,"8,6","5,4","6,1",04:24,"11,0",13:28,29,"0,3","4,7",11:40,,,,,
2024-12-21,1089U,RAMALES DE LA VICTORIA,CANTABRIA,80,"9,6","0,0","4,7",04:15,"14,6",14:01,32,"0,8","7,5",13:30,,,,,
2024-12-22,1089U,RAMALES DE LA VICTORIA,CANTABRIA,80,"11,8","16,6","8,6",03:08,"15,1",10:41,30,"2,2","14,7",23:40,,,,,
2024-12-23,1089U,RAMALES DE LA VICTORIA,CANTABRIA,80,"9,5","1,4","7,3",19:59,"11,7",13:26,29,"1,9","13,9",01:50,,,,,
2024-12-24,1089U,RAMALES DE LA VICTORIA,CANTABRIA,80,"10,7","0,2","8,5",00:01,"12,9",13:27,28,"0,8","5,0",07:50,,,,,
2024-12-25,1089U,RAMALES DE LA VICTORIA,CANTABRIA,80,"11,4","0,0","7,0",23:24,"15,9",13:22,09,"0,8","5,6",13:00,,,,,
2024-12-26,1089U,RAMALES DE LA VICTORIA,CANTABRIA,80,"8,3","0,0","6,5",08:07,"10,1",15:10,30,"0,6","2,2",12:10,,,,,
2024-12-27,1089U,RAMALES DE LA VICTORIA,CANTABRIA,80,"8,2","0,0","3,7",20:48,"12,6",13:02,99,"0,6","1,7",Varias,,,,,
2024-12-28,1089U,RAMALES DE LA VICTORIA,CANTABRIA,80,"6,6","0,0","2,0",08:08,"11,3",13:06,23,"0,0","1,4",13:40,,,,,
2024-12-29,1089U,RAMALES DE LA VICTORIA,CANTABRIA,80,"6,6","0,0","1,1",23:52,"12,1",13:24,99,"0,3","1,7",Varias,,,,,
2024-12-30,1089U,RAMALES DE LA VICTORIA,CANTABRIA,80,"4,7","0,0","-0,1",07:57,"9,5",13:10,24,"0,3","1,7",13:20,,,,,
2024-12-31,1089U,RAMALES DE LA VICTORIA,CANTABRIA,80,"4,7","0,0","-0,1",23:58,"9,5",13:17,30,"0,3","1,7",11:20,,,,,
2025-01-01,1089U,RAMALES DE LA VICTORIA,CANTABRIA,80,"6,0","0,0","-1,7",06:34,"13,6",18:26,19,"1,9","12,2",17:50,,,,,
2025-01-02,1089U,RAMALES DE LA VICTORIA,CANTABRIA,80,"5,2","1,0","-1,1",05:14,"11,4",14:53,16,"1,1","3,1",17:00,,,,,
2025-01-03,1089U,RAMALES DE LA VICTORIA,CANTABRIA,80,"8,7","12,4","6,1",00:01,"11,3",15:25,12,"0,3","8,6",01:00,,,,,
2025-01-04,1089U,RAMALES DE LA VICTORIA,CANTABRIA,80,"13,8","0,0","9,1",07:15,"18,4",12:07,20,"3,3","19,4",23:59,,,,,
2025-01-05,1089U,RAMALES DE LA VICTORIA,CANTABRIA,80,"16,8","7,0","15,9",01:12,"17,6",13:25,31,"4,4","24,4",23:40,,,,,
2025-01-06,1089U,RAMALES DE LA VICTORIA,CANTABRIA,80,"9,6","8,2","2,0",23:58,"17,1",Varias,31,"1,1","22,2",00:30,,,,,
2025-01-07,1089U,RAMALES DE LA VICTORIA,CANTABRIA,80,"9,4","0,0","1,2",02:56,"17,5",23:39,17,"4,4","21,4",13:50,,,,,
2025-01-08,1089U,RAMALES DE LA VICTORIA,CANTABRIA,80,"17,2","0,0","16,2",07:17,"18,1",11:28,26,"3,9","23,6",11:50,,,,,
2025-01-09,1089U,RAMALES DE LA VICTORIA,CANTABRIA,80,"12,1","7,2","7,3",07:02,"16,9",00:18,20,"0,8","13,6",00:30,,,,,
2025-01-10,1089U,RAMALES DE LA VICTORIA,CANTABRIA,80,"11,2","14,4","5,3",07:33,"17,0",13:22,33,"0,6","4,7",15:00,,,,,
2025-01-11,1089U,RAMALES DE LA VICTORIA,CANTABRIA,80,"11,4","4,0","8,6",22:38,"14,1",14:43,28,"0,8","6,4",12:10,,,,,
2025-01-12,1089U,RAMALES DE LA VICTORIA,CANTABRIA,80,"5,2","0,0","-1,0",23:47,"11,3",12:13,99,"0,6","5,0",14:40,,,,,
2025-01-13,1089U,RAMALES DE LA VICTORIA,CANTABRIA,80,"3,4","0,0","-1,4",23:40,"8,1",13:27,06,"0,3","3,9",15:30,,,,,
2025-01-14,1089U,RAMALES DE LA VICTORIA,CANTABRIA,80,"2,3","0,0","-3,2",07:00,"7,8",13:27,26,"0,6","3,1",01:30,,,,,
2025-01-15,1089U,RAMALES DE LA VICTORIA,CANTABRIA,80,"2,4","0,0","-2,9",08:22,"7,6",13:26,99,"0,3","1,4",Varias,,,,,
2025-01-16,1089U,RAMALES DE LA VICTORIA,CANTABRIA,80,"4,0","0,2","-1,2",00:01,"9,1",15:02,30,"0,3","2,5",17:00,,,,,
2025-01-17,1089U,RAMALES DE LA VICTORIA,CANTABRIA,80,"6,8","0,0","-0,2",23:35,"13,8",13:11,19,"0,6","3,9",12:40,,,,,
2025-01-18,1089U,RAMALES DE LA VICTORIA,CANTABRIA,80,"5,7","0,0","-2,5",07:42,"13,9",14:26,10,"0,0","4,2",13:40,,,,,
2025-01-19,1089U,RAMALES DE LA VICTORIA,CANTABRIA,80,"6,4","2,2","-2,2",08:14,"15,0",14:28,18,"1,1","14,7",23:00,,,,,
2025-01-20,1089U,RAMALES DE LA VICTORIA,CANTABRIA,80,"10,1","0,4","4,7",21:58,"15,5",13:15,26,"0,8","6,1",00:10,,,,,
2025-01-21,1089U,RAMALES DE LA VICTORIA,CANTABRIA,80,"10,8","0,0","3,8",02:55,"17,8",14:00,15,"2,8","15,6",16:50,,,,,
2025-01-22,1089U,RAMALES DE LA VICTORIA,CANTABRIA,80,"14,8","6,8","11,0",23:56,"18,5",14:16,26,"2,5","14,4",13:00,,,,,
2025-01-23,1089U,RAMALES DE LA VICTORIA,CANTABRIA,80,"11,1","0,6","5,9",21:09,"16,3",14:12,28,"0,6","7,8",00:40,,,,,
2025-01-24,1089U,RAMALES DE LA VICTORIA,CANTABRIA,80,"14,7","0,0","10,4",00:01,"19,0",12:55,28,"6,4","27,8",13:40,,,,,
2025-01-25,1089U,RAMALES DE LA VICTORIA,CANTABRIA,80,"10,5","13,6","4,1",22:36,"16,9",00:01,26,"1,1","20,3",01:50,,,,,
2025-01-26,1089U,RAMALES DE LA VICTORIA,CANTABRIA,80,"12,8","2,4","4,5",00:18,"21,2",21:17,27,"5,3","42,2",18:50,,,,,
2025-01-27,1089U,RAMALES DE LA VICTORIA,CANTABRIA,80,"13,8","0,6","8,3",20:25,"19,2",00:41,26,"1,4","14,7",00:40,,,,,
2025-01-28,1089U,RAMALES DE LA VICTORIA,CANTABRIA,80,"10,0","2,0","5,0",23:46,"15,0",12:42,26,"2,5","17,5",14:00,,,,,
2025-01-29,1089U,RAMALES DE LA VICTORIA,CANTABRIA,80,"9,8","23,2","4,9",00:02,"14,8",11:38,25,"4,4","27,8",10:40,,,,,
2025-01-30,1089U,RAMALES DE LA VICTORIA,CANTABRIA,80,"7,2","31,4","4,3",20:09,"10,2",03:01,29,"2,8","15,8",03:00,,,,,
2025-01-31,1089U,RAMALES DE LA VICTORIA,CANTABRIA,80,"7,8","2,4","1,3",04:54,"14,3",13:57,16,"0,6","2,8",13:00,,,,,
2025-02-01,1089U,RAMALES DE LA VICTORIA,CANTABRIA,80,"7,7","1,8","4,3",00:01,"11,1",04:51,27,"1,1","8,1",05:40,,,,,
2025-02-02,1089U,RAMALES DE LA VICTORIA,CANTABRIA,80,"6,4","17,4","3,1",23:34,"9,6",15:25,33,"0,8","10,3",14:10,,,,,
2025-02-03,1089U,RAMALES DE LA VICTORIA,CANTABRIA,80,"8,8","0,0","3,2",00:01,"14,3",14:43,08,"0,3","4,2",15:00,,,,,
2025-02-04,1089U,RAMALES DE LA VICTORIA,CANTABRIA,80,"8,9","0,0","1,3",07:50,"16,5",14:37,28,"0,3","6,7",15:20,,,,,
2025-02-05,1089U,RAMALES DE LA VICTORIA,CANTABRIA,80,"8,0","0,0","0,3",03:46,"15,8",14:46,08,"0,0","5,6",76:30,,,,,
2025-02-06,1089U,RAMALES DE LA VICTORIA,CANTABRIA,80,"8,4","1,2","1,7",08:11,"15,1",13:26,08,"1,4","5,6",12:50,,,,,
2025-02-07,1089U,RAMALES DE LA VICTORIA,CANTABRIA,80,"9,3","11,6","4,5",23:59,"14,1",12:05,16,"2,2","15,3",12:40,,,,,
2025-02-08,1089U,RAMALES DE LA VICTORIA,CANTABRIA,80,"6,5","2,8","0,1",07:11,"12,9",13:51,31,"0,6","6,1",12:50,,,,,
2025-02-09,1089U,RAMALES DE LA VICTORIA,CANTABRIA,80,"11,6","0,2","6,1",00:01,"17,2",14:55,27,"0,0","3,3",12:30,,,,,
2025-02-10,1089U,RAMALES DE LA VICTORIA,CANTABRIA,80,"13,1","1,6","7,7",07:41,"18,5",12:37,10,"1,1","7,2",21:00,,,,,
2025-02-11,1089U,RAMALES DE LA VICTORIA,CANTABRIA,80,"13,5","11,0","7,3",07:02,"19,7",14:26,28,"1,7","11,1",10:10,,,,,
2025-02-12,1089U,RAMALES DE LA VICTORIA,CANTABRIA,80,"11,8","0,6","8,2",23:47,"15,4",00:26,21,"1,1","9,2",00:40,,,,,
2025-02-13,1089U,RAMALES DE LA VICTORIA,CANTABRIA,80,"9,2","2,0","6,0",07:23,"12,5",16:36,99,"0,3","1,7",Varias,,,,,
2025-02-14,1089U,RAMALES DE LA VICTORIA,CANTABRIA,80,"13,2","0,0","5,7",23:58,"20,6",15:00,09,"0,3","6,1",16:00,,,,,
2025-02-15,1089U,RAMALES DE LA VICTORIA,CANTABRIA,80,"12,6","0,0","3,2",07:05,"22,0",13:32,18,"1,9","11,1",16:30,,,,,
2025-02-16,1089U,RAMALES DE LA VICTORIA,CANTABRIA,80,"12,5","0,0","4,5",07:37,"20,5",13:40,32,"0,6","7,8",16:40,,,,,
2025-02-17,1089U,RAMALES DE LA VICTORIA,CANTABRIA,80,"12,8","0,0","6,0",24:00,"19,7",14:15,07,"0,8","5,8",13:40,,,,,
2025-02-18,1089U,RAMALES DE LA VICTORIA,CANTABRIA,80,"13,6","0,0","5,5",01:03,"21,7",12:27,18,"1,9","10,3",23:10,,,,,
2025-02-19,1089U,RAMALES DE LA VICTORIA,CANTABRIA,80,"13,4","0,0","5,7",07:39,"21,2",13:26,21,"0,8","6,7",00:20,,,,,
2025-02-20,1089U,RAMALES DE LA VICTORIA,CANTABRIA,80,"14,2","0,0","5,2",07:21,"23,3",13:27,28,"0,8","12,8",22:00,,,,,
2025-02-21,1089U,RAMALES DE LA VICTORIA,CANTABRIA,80,"16,2","3,8","10,4",23:55,"22,1",14:21,28,"2,8","23,9",06:50,,,,,
2025-02-22,1089U,RAMALES DE LA VICTORIA,CANTABRIA,80,"11,4","0,0","6,3",23:57,"16,4",13:58,06,"0,3","5,3",14:50,,,,,
2025-02-23,1089U,RAMALES DE LA VICTORIA,CANTABRIA,80,"11,2","0,0","2,3",07:20,"20,0",13:11,07,"0,3","4,4",14:30,,,,,
2025-02-24,1089U,RAMALES DE LA VICTORIA,CANTABRIA,80,"14,6","21,0","6,6",00:14,"22,6",13:37,27,"3,1","16,7",23:30,,,,,
2025-02-25,1089U,RAMALES DE LA VICTORIA,CANTABRIA,80,"12,4","11,0","6,6",21:55,"18,2",00:01,30,"1,1","13,3",00:20,,,,,
2025-02-26,1089U,RAMALES DE LA VICTORIA,CANTABRIA,80,"10,4","0,0","4,0",07:08,"16,7",13:28,08,"0,6","6,1",16:00,,,,,
2025-02-27,1089U,RAMALES DE LA VICTORIA,CANTABRIA,80,"9,9","0,0","3,7",Varias,"16,1",14:28,12,"0,3","3,6",17:20,,,,,
2025-02-28,1089U,RAMALES DE LA VICTORIA,CANTABRIA,80,"8,1","0,0","4,0",23:53,"12,2",12:16,09,"1,1","5,6",14:00,,,,,
2025-03-01,1089U,RAMALES DE LA VICTORIA,CANTABRIA,80,"7,2","0,0","2,8",01:30,"11,5",11:18,07,"1,4","7,8",13:50,,,,,
2025-03-02,1089U,RAMALES DE LA VICTORIA,CANTABRIA,80,"8,0","1,6","3,0",04:31,"13,0",15:17,10,"1,4","5,6",15:40,,,,,
2025-03-03,1089U,RAMALES DE LA VICTORIA,CANTABRIA,80,"12,2","0,0","7,2",00:01,"17,1",15:34,12,"1,4","9,2",12:30,,,,,
2025-03-04,1089U,RAMALES DE LA VICTORIA,CANTABRIA,80,"13,1","0,0","8,1",04:03,"18,1",13:03,09,"0,6","6,7",14:00,,,,,
2025-03-05,1089U,RAMALES DE LA VICTORIA,CANTABRIA,80,"15,4","0,0","8,9",05:38,"21,8",14:48,12,"1,7","7,2",Varias,,,,,
2025-03-06,1089U,RAMALES DE LA VICTORIA,CANTABRIA,80,"16,5","0,0","13,9",07:12,"19,1",13:24,10,"3,6","12,5",12:20,,,,,
2025-03-07,1089U,RAMALES DE LA VICTORIA,CANTABRIA,80,"17,5","0,0","14,4",06:37,"20,6",12:29,11,"2,5","15,3",09:10,,,,,
2025-03-08,1089U,RAMALES DE LA VICTORIA,CANTABRIA,80,"16,0","0,4","12,7",23:31,"19,4",12:32,13,"2,8","13,9",14:50,,,,,
2025-03-09,1089U,RAMALES DE LA VICTORIA,CANTABRIA,80,"11,8","0,0","4,7",23:57,"18,8",14:56,28,"1,9","16,7",08:20,,,,,
2025-03-10,1089U,RAMALES DE LA VICTORIA,CANTABRIA,80,"11,2","2,6","2,4",05:12,"20,0",14:23,22,"1,9","10,8",08:20,,,,,
2025-03-11,1089U,RAMALES DE LA VICTORIA,CANTABRIA,80,"10,6","15,4","7,0",06:43,"14,1",13:22,33,"1,7","8,6",13:30,,,,,
2025-03-12,1089U,RAMALES DE LA VICTORIA,CANTABRIA,80,"10,4","14,0","6,5",07:11,"14,2",10:13,29,"0,8","8,3",10:40,,,,,
2025-03-13,1089U,RAMALES DE LA VICTORIA,CANTABRIA,80,"7,6","7,8","4,3",22:30,"10,9",11:29,06,"1,7","8,1",13:00,,,,,
2025-03-14,1089U,RAMALES DE LA VICTORIA,CANTABRIA,80,"5,6","9,2","1,0",05:49,"10,3",12:29,29,"1,1","6,7",00:20,,,,,
2025-03-15,1089U,RAMALES DE LA VICTORIA,CANTABRIA,80,"5,8","2,0","2,3",02:45,"9,3",14:51,30,"0,6","6,9",18:50,,,,,
2025-03-16,1089U,RAMALES DE LA VICTORIA,CANTABRIA,80,"6,0","0,0","2,0",06:42,"10,1",11:52,30,"0,8","8,6",12:00,,,,,
2025-03-17,1089U,RAMALES DE LA VICTORIA,CANTABRIA,80,"8,2","0,0","-0,1",06:50,"16,5",14:17,14,"1,4","8,3",12:50,,,,,
2025-03-18,1089U,RAMALES DE LA VICTORIA,CANTABRIA,80,"12,3","0,0","6,5",00:04,"18,1",14:03,12,"1,9","8,6",02:30,,,,,
2025-03-19,1089U,RAMALES DE LA VICTORIA,CANTABRIA,80,"16,4","0,0","11,0",04:57,"21,9",14:19,12,"2,8","12,8",12:40,,,,,
2025-03-20,1089U,RAMALES DE LA VICTORIA,CANTABRIA,80,"17,8","4,2","14,1",23:55,"21,5",10:28,12,"3,9","18,1",18:10,,,,,
2025-03-21,1089U,RAMALES DE LA VICTORIA,CANTABRIA,80,"14,4","0,0","11,5",02:23,"17,3",09:37,27,"3,3","20,8",23:50,,,,,
2025-03-22,1089U,RAMALES DE LA VICTORIA,CANTABRIA,80,"11,7","1,4","8,8",22:43,"14,6",00:01,28,"1,9","16,1",04:10,,,,,
2025-03-23,1089U,RAMALES DE LA VICTORIA,CANTABRIA,80,"9,0","16,6","4,7",05:41,"13,3",15:57,34,"1,1","8,3",09:20,,,,,
2025-03-24,1089U,RAMALES DE LA VICTORIA,CANTABRIA,80,"10,0","55,0","8,3",00:01,"11,7",05:08,30,"1,4","10,6",05:10,,,,,
2025-03-25,1089U,RAMALES DE LA VICTORIA,CANTABRIA,80,"11,5","3,0","9,2",00:01,"13,8",14:39,26,"0,6","6,1",14:20,,,,,
2025-03-26,1089U,RAMALES DE LA VICTORIA,CANTABRIA,80,"8,9","0,4","4,3",23:32,"13,5",14:43,11,"0,8","5,8",14:30,,,,,
2025-03-27,1089U,RAMALES DE LA VICTORIA,CANTABRIA,80,"8,2","0,4","4,5",00:01,"12,0",17:26,99,"0,3","1,9",Varias,,,,,
2025-03-28,1089U,RAMALES DE LA VICTORIA,CANTABRIA,80,"10,4","3,4","4,8",02:36,"15,9",15:23,28,"0,8","7,8",16:20,,,,,
2025-03-29,1089U,RAMALES DE LA VICTORIA,CANTABRIA,80,"10,4","1,2","6,2",21:56,"14,7",14:11,28,"0,8","7,2",10:00,,,,,
2025-03-30,1089U,RAMALES DE LA VICTORIA,CANTABRIA,80,"10,4","0,0","3,9",04:56,"16,8",13:26,11,"1,7","6,1",13:30,,,,,
2025-03-31,1089U,RAMALES DE LA VICTORIA,CANTABRIA,80,"12,4","0,0","2,1",06:05,"22,7",14:00,11,"1,4","7,5",17:40,,,,,
2025-04-01,1089U,RAMALES DE LA VICTORIA,CANTABRIA,80,"14,2","0,0","3,7",06:12,"24,7",13:44,07,"1,4","8,9",14:30,,,,,
2025-04-02,1089U,RAMALES DE LA VICTORIA,CANTABRIA,80,"11,6","0,6","4,7",05:07,"18,5",12:18,17,"1,4","11,7",18:50,,,,,
2025-04-03,1089U,RAMALES DE LA VICTORIA,CANTABRIA,80,"15,8","0,0","13,1",03:28,"18,6",14:06,12,"1,9","9,2",15:20,,,,,
2025-04-04,1089U,RAMALES DE LA VICTORIA,CANTABRIA,80,,"0,0",,,,,26,"2,5","13,3",15:30,,,,,
2025-04-05,1089U,RAMALES DE LA VICTORIA,CANTABRIA,80,"17,0","0,0","12,7",23:57,"21,2",10:39,30,"1,1","17,2",02:30,,,,,
2025-04-06,1089U,RAMALES DE LA VICTORIA,CANTABRIA,80,"15,7","0,0","9,5",06:02,"21,9",12:57,09,"2,2","6,9",14:30,,,,,
2025-04-07,1089U,RAMALES DE LA VICTORIA,CANTABRIA,80,"15,6","0,0","7,8",23:44,"23,3",13:26,07,"1,9","6,4",14:50,,,,,
2025-04-08,1089U,RAMALES DE LA VICTORIA,CANTABRIA,80,"13,8","0,0","4,4",05:56,"23,2",13:31,12,"1,9","7,5",13:40,,,,,
2025-04-09,1089U,RAMALES DE LA VICTORIA,CANTABRIA,80,"15,2","0,0","7,4",23:43,"23,0",13:50,10,"2,2","7,5",15:20,,,,,
2025-04-10,1089U,RAMALES DE LA VICTORIA,CANTABRIA,80,"14,8","0,0","4,5",06:06,"25,2",13:20,08,"1,4","8,6",14:20,,,,,
2025-04-11,1089U,RAMALES DE LA VICTORIA,CANTABRIA,80,"18,4","1,4","12,9",00:01,"24,0",11:43,21,"3,3","16,7",19:00,,,,,
2025-04-12,1089U,RAMALES DE LA VICTORIA,CANTABRIA,80,"16,4","18,6","13,1",05:45,"19,7",10:46,32,"0,0","5,3",11:40,,,,,
2025-04-13,1089U,RAMALES DE LA VICTORIA,CANTABRIA,80,"12,4","4,2","10,9",23:54,"14,0",00:01,10,"0,6","5,0",14:40,,,,,
2025-04-14,1089U,RAMALES DE LA VICTORIA,CANTABRIA,80,"15,7","4,0","9,1",05:10,"22,3",15:42,30,"1,4","16,1",20:50,,,,,
2025-04-15,1089U,RAMALES DE LA VICTORIA,CANTABRIA,80,"10,4","6,6","6,5",23:08,"14,4",11:05,22,"0,6","10,0",17:20,,,,,
2025-04-16,1089U,RAMALES DE LA VICTORIA,CANTABRIA,80,"10,0","2,2","3,9",Varias,"16,1",11:47,32,"0,6","10,8",13:50,,,,,
2025-04-17,1089U,RAMALES DE LA VICTORIA,CANTABRIA,80,"10,8","0,0","3,6",00:24,"18,1",15:03,08,"0,3","5,0",13:10,,,,,
2025-04-18,1089U,RAMALES DE LA VICTORIA,CANTABRIA,80,"15,8","5,8","9,3",00:01,"22,3",14:18,31,"2,5","15,8",17:10,,,,,
2025-04-19,1089U,RAMALES DE LA VICTORIA,CANTABRIA,80,"14,2","0,6","8,1",05:32,"20,3",15:33,25,"1,4","10,6",00:10,,,,,
2025-04-20,1089U,RAMALES DE LA VICTORIA,CANTABRIA,80,"12,2","4,8","8,0",Varias,"16,3",16:10,28,"1,4","10,6",11:30,,,,,
2025-04-21,1089U,RAMALES DE LA VICTORIA,CANTABRIA,80,"13,0","13,8","9,7",Varias,"16,2",11:57,32,"0,6","5,8",17:00,,,,,
2025-04-22,1089U,RAMALES DE LA VICTORIA,CANTABRIA,80,"11,4","0,0","5,9",23:48,"17,0",13:19,30,"1,1","7,5",10:10,,,,,
2025-04-23,1089U,RAMALES DE LA VICTORIA,CANTABRIA,80,"12,5","0,0","5,2",04:39,"19,8",11:34,32,"1,4","7,2",14:40,,,,,
2025-04-24,1089U,RAMALES DE LA VICTORIA,CANTABRIA,80,"14,6","0,0","8,4",23:50,"20,8",13:07,12,"1,9","7,5",16:30,,,,,
2025-04-25,1089U,RAMALES DE LA VICTORIA,CANTABRIA,80,"15,8","11,4","7,9",00:59,"23,6",12:13,33,"2,2","12,5",17:20,,,,,
2025-04-26,1089U,RAMALES DE LA VICTORIA,CANTABRIA,80,"13,0","25,4","11,2",23:49,"14,9",15:02,27,"1,7","11,7",12:00,,,,,
2025-04-27,1089U,RAMALES DE LA VICTORIA,CANTABRIA,80,"14,0","0,0","7,9",23:59,"20,1",15:50,30,"1,7","5,0",10:50,,,,,
2025-04-28,1089U,RAMALES DE LA VICTORIA,CANTABRIA,80,"16,4","0,2","5,2",05:12,"27,7",14:46,12,"1,4","10,3",12:10,,,,,
2025-04-29,1089U,RAMALES DE LA VICTORIA,CANTABRIA,80,"20,0","0,0","12,1",00:27,"27,8",15:16,11,"2,8","11,1",11:30,,,,,
2025-04-30,1089U,RAMALES DE LA VICTORIA,CANTABRIA,80,"22,5","0,0","17,5",05:18,"27,5",13:53,31,"2,5","14,2",23:50,,,,,
2025-05-01,1089U,RAMALES DE LA VICTORIA,CANTABRIA,80,"17,6","0,0","12,5",23:59,"22,8",14:22,20,"1,7","6,1",04:50,,,,,
2025-05-02,1089U,RAMALES DE LA VICTORIA,CANTABRIA,80,"18,3","2,6","10,7",02:41,"25,9",16:11,08,"1,4","9,2",18:30,,,,,
2025-05-03,1089U,RAMALES DE LA VICTORIA,CANTABRIA,80,"19,0","0,0","11,7",23:59,"26,3",11:44,18,"2,2","10,3",08:20,,,,,
2025-05-04,1089U,RAMALES DE LA VICTORIA,CANTABRIA,80,"16,0","24,0","10,1",04:58,"21,9",10:40,13,"1,1","6,1",11:00,,,,,
2025-05-05,1089U,RAMALES DE LA VICTORIA,CANTABRIA,80,"13,0","2,6","9,0",Varias,"16,9",11:56,08,"1,1","6,1",13:30,,,,,
2025-05-06,1089U,RAMALES DE LA VICTORIA,CANTABRIA,80,"11,0","1,0","6,1",23:51,"16,0",15:14,08,"1,1","6,9",10:00,,,,,
2025-05-07,1089U,RAMALES DE LA VICTORIA,CANTABRIA,80,"12,4","0,0","5,5",03:58,"19,2",13:14,11,"1,1","5,6",13:00,,,,,
2025-05-08,1089U,RAMALES DE LA VICTORIA,CANTABRIA,80,"11,4","0,2","4,2",04:52,"18,7",12:27,10,"0,8","5,6",14:00,,,,,
2025-05-09,1089U,RAMALES DE LA VICTORIA,CANTABRIA,80,"10,8","5,4","6,8",01:50,"14,9",13:12,10,"0,6","4,2",23:10,,,,,
2025-05-10,1089U,RAMALES DE LA VICTORIA,CANTABRIA,80,"14,6","11,2","8,9",02:52,"20,2",15:48,31,"0,8","7,8",10:30,,,,,
2025-05-11,1089U,RAMALES DE LA VICTORIA,CANTABRIA,80,"14,5","0,2","9,3",24:00,"19,7",10:45,12,"0,8","10,3",10:30,,,,,
2025-05-12,1089U,RAMALES DE LA VICTORIA,CANTABRIA,80,"13,6","2,2","5,5",05:21,"21,6",12:05,12,"0,6","5,0",14:30,,,,,
2025-05-13,1089U,RAMALES DE LA VICTORIA,CANTABRIA,80,"13,9","1,6","10,1",03:09,"17,7",12:07,33,"1,4","5,3",10:50,,,,,
2025-05-14,1089U,RAMALES DE LA VICTORIA,CANTABRIA,80,"14,1","16,2","11,2",01:01,"17,0",10:13,05,"0,3","3,3",13:50,,,,,
2025-05-15,1089U,RAMALES DE LA VICTORIA,CANTABRIA,80,"14,2","1,2","11,5",23:21,"16,9",17:41,30,"0,8","6,7",14:30,,,,,
2025-05-16,1089U,RAMALES DE LA VICTORIA,CANTABRIA,80,"15,0","0,0","8,7",05:07,"21,3",13:58,29,"1,7","6,9",10:40,,,,,
2025-05-17,1089U,RAMALES DE LA VICTORIA,CANTABRIA,80,"16,4","0,0","8,7",02:10,"24,0",12:26,10,"1,9","6,9",17:30,,,,,
2025-05-18,1089U,RAMALES DE LA VICTORIA,CANTABRIA,80,"18,3","3,6","7,8",04:41,"28,8",13:43,31,"1,1","8,6",23:10,,,,,
2025-05-19,1089U,RAMALES DE LA VICTORIA,CANTABRIA,80,"16,3","0,0","14,3",Varias,"18,3",15:30,28,"1,9","11,1",12:20,,,,,
2025-05-20,1089U,RAMALES DE LA VICTORIA,CANTABRIA,80,"16,0","0,0","9,4",04:20,"22,7",15:09,34,"0,8","5,3",13:30,,,,,
2025-05-21,1089U,RAMALES DE LA VICTORIA,CANTABRIA,80,"14,0","1,6","8,0",03:49,"20,0",09:44,34,"1,4","7,5",13:00,,,,,
2025-05-22,1089U,RAMALES DE LA VICTORIA,CANTABRIA,80,"14,8","2,2","9,8",23:59,"19,7",14:40,29,"1,4","6,9",14:30,,,,,
2025-05-23,1089U,RAMALES DE LA VICTORIA,CANTABRIA,80,"14,3","0,0","8,2",01:49,"20,4",11:58,09,"1,4","7,5",11:00,,,,,
2025-05-24,1089U,RAMALES DE LA VICTORIA,CANTABRIA,80,"14,8","0,0","6,8",04:04,"22,8",14:29,12,"1,7","7,2",15:00,,,,,
2025-05-25,1089U,RAMALES DE LA VICTORIA,CANTABRIA,80,"15,5","1,6","7,8",04:39,"23,2",12:55,13,"1,4","7,5",14:50,,,,,
2025-05-26,1089U,RAMALES DE LA VICTORIA,CANTABRIA,80,"16,5","2,0","13,1",23:58,"19,9",14:51,30,"0,3","3,9",16:10,,,,,
2025-05-27,1089U,RAMALES DE LA VICTORIA,CANTABRIA,80,"16,4","0,0","8,6",04:31,"24,1",13:35,10,"1,7","6,9",16:20,,,,,
2025-05-28,1089U,RAMALES DE LA VICTORIA,CANTABRIA,80,"16,8","0,0","9,5",03:56,"24,2",13:54,10,"1,9","7,2",14:30,,,,,
2025-05-29,1089U,RAMALES DE LA VICTORIA,CANTABRIA,80,"21,3","0,0","10,6",02:15,"32,0",15:55,10,"1,4","6,4",14:20,,,,,
2025-05-30,1089U,RAMALES DE LA VICTORIA,CANTABRIA,80,"22,8","4,8","13,9",04:40,"31,8",13:26,29,"1,1","10,8",11:50,,,,,
2025-05-31,1089U,RAMALES DE LA VICTORIA,CANTABRIA,80,"20,0","2,6","16,2",23:41,"23,7",13:04,11,"1,7","6,4",13:20,,,,,
2025-06-01,1089U,RAMALES DE LA VICTORIA,CANTABRIA,80,"16,8","4,8","15,0",23:55,"18,5",10:11,10,"0,6","5,6",12:30,,,,,
2025-06-02,1089U,RAMALES DE LA VICTORIA,CANTABRIA,80,"15,5","2,4","14,2",Varias,"16,8",14:45,30,"0,0","2,8",00:20,,,,,
2025-06-03,1089U,RAMALES DE LA VICTORIA,CANTABRIA,80,"15,0","0,8","12,8",23:58,"17,1",Varias,08,"0,3","3,3",18:30,,,,,
2025-06-04,1089U,RAMALES DE LA VICTORIA,CANTABRIA,80,"16,1","0,2","11,7",01:48,"20,5",10:15,29,"0,8","7,2",16:20,,,,,
2025-06-05,1089U,RAMALES DE LA VICTORIA,CANTABRIA,80,"19,5","0,0","11,7",04:36,"27,3",14:14,07,"1,1","7,5",15:40,,,,,
2025-06-06,1089U,RAMALES DE LA VICTORIA,CANTABRIA,80,"19,6","1,6","14,5",04:32,"24,7",10:29,10,"1,1","6,1",12:20,,,,,
2025-06-07,1089U,RAMALES DE LA VICTORIA,CANTABRIA,80,"17,6","0,0","14,7",04:44,"20,4",11:50,28,"0,0","4,2",09:40,,,,,
2025-06-08,1089U,RAMALES DE LA VICTORIA,CANTABRIA,80,"18,8","0,0","14,6",Varias,"23,0",13:12,07,"1,4","5,8",15:10,,,,,
2025-06-09,1089U,RAMALES DE LA VICTORIA,CANTABRIA,80,"18,6","0,0","11,7",05:02,"25,5",12:11,12,"1,9","6,7",13:50,,,,,
2025-06-10,1089U,RAMALES DE LA VICTORIA,CANTABRIA,80,"21,5","2,8","13,9",03:14,"29,1",13:51,28,"1,7","12,8",19:40,,,,,
2025-06-11,1089U,RAMALES DE LA VICTORIA,CANTABRIA,80,"22,8","0,6","15,7",00:47,"29,8",16:28,30,"0,8","13,6",16:40,,,,,
2025-06-12,1089U,RAMALES DE LA VICTORIA,CANTABRIA,80,"20,9","0,0","13,4",04:39,"28,4",13:44,12,"1,4","8,1",08:50,,,,,
2025-06-13,1089U,RAMALES DE LA VICTORIA,CANTABRIA,80,,"0,0",,,,,08,,"7,8",13:40,,,,,
2025-06-14,1089U,RAMALES DE LA VICTORIA,CANTABRIA,80,"17,2","2,0","15,3",Varias,"19,2",00:01,99,"0,8","3,1",Varias,,,,,
2025-06-15,1089U,RAMALES DE LA VICTORIA,CANTABRIA,80,"16,7","0,6","13,7",24:00,"19,7",15:49,08,"0,3","4,4",13:40,,,,,
2025-06-16,1089U,RAMALES DE LA VICTORIA,CANTABRIA,80,"19,8","0,0","13,3",00:24,"26,4",14:15,12,"1,1","5,6",13:20,,,,,
2025-06-17,1089U,RAMALES DE LA VICTORIA,CANTABRIA,80,"21,6","0,0","13,5",04:50,"29,8",13:04,08,"1,7","7,5",14:40,,,,,
2025-06-18,1089U,RAMALES DE LA VICTORIA,CANTABRIA,80,"22,6","0,0","11,6",04:03,"33,7",13:35,11,"1,1","6,7",15:40,,,,,
2025-06-19,1089U,RAMALES DE LA VICTORIA,CANTABRIA,80,"25,3","0,0","16,9",04:41,"33,7",12:25,29,"1,4","10,0",14:10,,,,,
2025-06-20,1089U,RAMALES DE LA VICTORIA,CANTABRIA,80,"24,6","0,0","14,4",04:49,"34,8",14:06,20,"0,8","5,8",19:20,,,,,
2025-06-21,1089U,RAMALES DE LA VICTORIA,CANTABRIA,80,"20,4","12,4","18,0",23:49,"22,8",00:01,12,"0,8","5,0",21:10,,,,,
2025-06-22,1089U,RAMALES DE LA VICTORIA,CANTABRIA,80,"19,9","1,2","17,7",Varias,"22,1",10:59,10,"0,6","3,6",11:30,,,,,
2025-06-23,1089U,RAMALES DE LA VICTORIA,CANTABRIA,80,"20,3","8,4","16,6",02:50,"24,0",13:14,11,"1,1","5,8",14:30,,,,,
2025-06-24,1089U,RAMALES DE LA VICTORIA,CANTABRIA,80,"27,4","13,0","19,1",Varias,"35,8",12:44,29,"1,1","7,2",19:10,,,,,
2025-06-25,1089U,RAMALES DE LA VICTORIA,CANTABRIA,80,"23,1","0,6","16,6",22:18,"29,6",10:40,32,"3,3","10,8",13:00,,,,,
2025-06-26,1089U,RAMALES DE LA VICTORIA,CANTABRIA,80,"21,0","0,2","15,8",23:56,"26,2",12:00,07,"1,1","5,0",11:40,,,,,
2025-06-27,1089U,RAMALES DE LA VICTORIA,CANTABRIA,80,"22,7","0,0","14,7",Varias,"30,7",15:11,11,"2,2","7,5",17:40,,,,,
2025-06-28,1089U,RAMALES DE LA VICTORIA,CANTABRIA,80,"25,6","0,0","18,2",23:56,"33,1",13:20,08,"1,9","7,5",16:00,,,,,
2025-06-29,1089U,RAMALES DE LA VICTORIA,CANTABRIA,80,"26,2","0,0","16,4",04:45,"35,9",Varias,11,"0,6","6,1",14:10,,,,,
2025-06-30,1089U,RAMALES DE LA VICTORIA,CANTABRIA,80,"26,4","0,2","16,8",04:48,"36,1",12:59,12,"1,7","6,9",16:50,,,,,
2025-07-01,1089U,RAMALES DE LA VICTORIA,CANTABRIA,80,"24,8","0,8","20,3",01:05,"29,2",12:46,99,"1,9","7,2",Varias,,,,,
2025-07-02,1089U,RAMALES DE LA VICTORIA,CANTABRIA,80,"20,4","7,6","18,2",Varias,"22,5",09:19,28,"0,3","5,6",10:30,,,,,
2025-07-03,1089U,RAMALES DE LA VICTORIA,CANTABRIA,80,"20,0","1,0","16,2",03:04,"23,7",10:23,09,"1,1","4,7",14:20,,,,,
2025-07-04,1089U,RAMALES DE LA VICTORIA,CANTABRIA,80,"23,6","0,0","17,3",02:20,"29,8",12:42,12,"1,1","6,4",14:40,,,,,
2025-07-05,1089U,RAMALES DE LA VICTORIA,CANTABRIA,80,"23,4","0,0","17,2",23:56,"29,5",12:07,10,"1,9","6,9",13:20,,,,,
2025-07-06,1089U,RAMALES DE LA VICTORIA,CANTABRIA,80,"20,8","10,6","15,3",05:07,"26,3",14:12,30,"1,4","8,9",16:10,,,,,
2025-07-07,1089U,RAMALES DE LA VICTORIA,CANTABRIA,80,"17,8","3,6","16,0",23:54,"19,5",14:01,28,"1,1","6,4",10:30,,,,,
2025-07-08,1089U,RAMALES DE LA VICTORIA,CANTABRIA,80,"19,2","0,0","13,7",24:00,"24,7",14:12,08,"1,1","6,1",13:20,,,,,
2025-07-09,1089U,RAMALES DE LA VICTORIA,CANTABRIA,80,"19,8","0,0","12,0",04:06,"27,7",14:02,12,"2,2","7,2",10:30,,,,,
2025-07-10,1089U,RAMALES DE LA VICTORIA,CANTABRIA,80,"22,6","0,0","13,6",04:46,"31,5",12:41,09,"1,7","6,4",14:00,,,,,
2025-07-11,1089U,RAMALES DE LA VICTORIA,CANTABRIA,80,"22,1","7,4","14,3",05:06,"29,9",12:02,09,"1,7","6,7",13:10,,,,,
2025-07-12,1089U,RAMALES DE LA VICTORIA,CANTABRIA,80,"22,4","0,0","16,9",04:47,"27,8",12:53,36,"1,4","6,1",15:40,,,,,
2025-07-13,1089U,RAMALES DE LA VICTORIA,CANTABRIA,80,"20,6","14,0","15,4",04:47,"25,7",12:01,10,"1,1","5,8",13:00,,,,,
2025-07-14,1089U,RAMALES DE LA VICTORIA,CANTABRIA,80,"18,5","6,8","16,8",23:23,"20,2",13:55,32,"0,3","3,3",17:30,,,,,
2025-07-15,1089U,RAMALES DE LA VICTORIA,CANTABRIA,80,"20,8","0,2","15,3",03:05,"26,2",13:52,10,"0,8","5,8",15:30,,,,,
2025-07-16,1089U,RAMALES DE LA VICTORIA,CANTABRIA,80,"23,1",,"15,1",Varias,"31,1",Varias,12,"1,7","6,7",16:20,,,,,
2025-07-17,1089U,RAMALES DE LA VICTORIA,CANTABRIA,80,"23,1",,"16,7",01:59,"29,5",11:35,10,"1,9","6,9",12:50,,,,,
2025-07-18,1089U,RAMALES DE LA VICTORIA,CANTABRIA,80,"21,7",,"18,1",23:52,"25,3",12:59,07,"0,3","5,0",14:40,,,,,
2025-07-19,1089U,RAMALES DE LA VICTORIA,CANTABRIA,80,"21,0",,"16,3",05:14,"25,6",13:10,30,"0,8","7,2",09:40,,,,,
2025-07-20,1089U,RAMALES DE LA VICTORIA,CANTABRIA,80,"18,2",,"14,9",22:04,"21,6",10:51,32,"0,3","7,5",04:20,,,,,
2025-07-21,1089U,RAMALES DE LA VICTORIA,CANTABRIA,80,"18,6",,"12,4",05:36,"24,7",13:35,27,"1,1","7,2",13:30,,,,,
2025-07-22,1089U,RAMALES DE LA VICTORIA,CANTABRIA,80,"21,2",,"13,5",05:17,"28,8",14:28,99,"1,4","6,9",Varias,,,,,
2025-07-23,1089U,RAMALES DE LA VICTORIA,CANTABRIA,80,"19,6",,"16,4",Varias,"22,9",12:59,29,"1,4","8,9",14:00,,,,,
2025-07-24,1089U,RAMALES DE LA VICTORIA,CANTABRIA,80,"18,4",,"15,0",23:56,"21,9",14:01,28,"0,8","6,7",09:10,,,,,
2025-07-25,1089U,RAMALES DE LA VICTORIA,CANTABRIA,80,"18,2",,"13,2",23:45,"23,1",13:41,10,"0,8","5,8",17:00,,,,,
2025-07-26,1089U,RAMALES DE LA VICTORIA,CANTABRIA,80,"19,0",,"11,9",05:04,"26,1",12:29,12,"1,4","6,1",13:30,,,,,
2025-07-27,1089U,RAMALES DE LA VICTORIA,CANTABRIA,80,"19,8",,"13,4",04:35,"26,3",14:57,06,"0,8","5,8",14:40,,,,,
2025-07-28,1089U,RAMALES DE LA VICTORIA,CANTABRIA,80,"19,3",,"16,2",Varias,"22,4",17:08,11,"0,6","5,0",10:20,,,,,
2025-07-29,1089U,RAMALES DE LA VICTORIA,CANTABRIA,80,"19,1",,"15,2",23:47,"23,0",13:50,10,"1,1","6,7",14:20,,,,,
2025-07-30,1089U,RAMALES DE LA VICTORIA,CANTABRIA,80,"19,6","0,0","15,2",00:01,"24,1",11:44,09,"1,4","6,4",14:40,,,,,
2025-07-31,1089U,RAMALES DE LA VICTORIA,CANTABRIA,80,"20,9","0,0","16,5",Varias,"25,3",12:26,09,"1,1","5,0",17:30,,,,,
2025-08-01,1089U,RAMALES DE LA VICTORIA,CANTABRIA,80,"19,4","0,0","14,7",04:55,"24,2",13:28,10,"0,8","6,7",15:40,,,,,
2025-08-02,1089U,RAMALES DE LA VICTORIA,CANTABRIA,80,"21,1","0,0","16,4",Varias,"25,8",12:47,08,"1,4","6,9",13:50,,,,,
2025-08-03,1089U,RAMALES DE LA VICTORIA,CANTABRIA,80,"20,8","0,0","13,8",05:54,"27,7",13:41,10,"1,7","6,4",13:50,,,,,
2025-08-04,1089U,RAMALES DE LA VICTORIA,CANTABRIA,80,"21,8","0,0","12,0",05:17,"31,6",12:49,99,"2,2","7,2",Varias,,,,,
2025-08-05,1089U,RAMALES DE LA VICTORIA,CANTABRIA,80,"20,8","0,2","14,7",05:24,"26,9",11:19,11,"1,7","7,8",13:00,,,,,
2025-08-06,1089U,RAMALES DE LA VICTORIA,CANTABRIA,80,"22,1","0,0","15,7",23:55,"28,5",14:15,12,"2,2","7,5",16:40,,,,,
2025-08-07,1089U,RAMALES DE LA VICTORIA,CANTABRIA,80,"21,5","0,0","13,5",05:20,"29,5",Varias,12,"1,9","6,9",Varias,,,,,
2025-08-08,1089U,RAMALES DE LA VICTORIA,CANTABRIA,80,"22,8","0,0","15,7",05:21,"29,9",14:39,99,"1,7","6,4",Varias,,,,,
2025-08-09,1089U,RAMALES DE LA VICTORIA,CANTABRIA,80,"22,7","0,0","15,6",04:58,"29,8",12:54,10,"1,4","7,8",13:50,,,,,
2025-08-10,1089U,RAMALES DE LA VICTORIA,CANTABRIA,80,"25,6","0,0","15,4",05:14,"35,8",14:21,99,"1,1","6,7",15:30,,,,,
2025-08-11,1089U,RAMALES DE LA VICTORIA,CANTABRIA,80,"27,0","0,0","18,0",05:19,"36,1",11:29,07,"1,1","7,8",12:10,,,,,
2025-08-12,1089U,RAMALES DE LA VICTORIA,CANTABRIA,80,"26,4","0,4","16,3",05:38,"36,4",13:56,07,"1,4","8,3",15:10,,,,,
2025-08-13,1089U,RAMALES DE LA VICTORIA,CANTABRIA,80,"25,0","8,8","20,0",21:35,"30,0",01:26,18,"1,4","8,1",01:00,,,,,
2025-08-14,1089U,RAMALES DE LA VICTORIA,CANTABRIA,80,"25,1","0,0","19,9",Varias,"30,3",13:22,09,"1,4","7,8",14:20,,,,,
2025-08-15,1089U,RAMALES DE LA VICTORIA,CANTABRIA,80,"31,2","0,0","20,3",05:53,"42,2",14:15,12,"1,1","5,3",13:50,,,,,
2025-08-16,1089U,RAMALES DE LA VICTORIA,CANTABRIA,80,"24,0","0,0","19,1",05:49,"28,9",11:52,08,"1,7","7,8",13:10,,,,,
2025-08-17,1089U,RAMALES DE LA VICTORIA,CANTABRIA,80,"24,7","2,0","20,0",04:09,"29,4",12:44,13,"1,7","8,3",09:10,,,,,
2025-08-18,1089U,RAMALES DE LA VICTORIA,CANTABRIA,80,"19,6","1,8","18,2",23:51,"20,9",14:44,12,"0,0","3,3",04:30,,,,,
2025-08-19,1089U,RAMALES DE LA VICTORIA,CANTABRIA,80,"18,4","0,0","15,7",Varias,"21,1",17:43,33,"0,3","6,7",13:20,,,,,
2025-08-20,1089U,RAMALES DE LA VICTORIA,CANTABRIA,80,"19,2","23,8","15,0",03:30,"23,3",16:30,34,"1,4","8,3",09:50,,,,,
2025-08-21,1089U,RAMALES DE LA VICTORIA,CANTABRIA,80,"18,9","5,4","16,8",23:54,"21,0",13:50,33,"0,6","6,7",11:30,,,,,
2025-08-22,1089U,RAMALES DE LA VICTORIA,CANTABRIA,80,"18,5","0,0","12,8",24:00,"24,2",13:00,12,"0,8","5,6",14:50,,,,,
2025-08-23,1089U,RAMALES DE LA VICTORIA,CANTABRIA,80,"20,4","0,0","12,2",00:54,"28,7",14:35,12,"1,7","6,7",17:10,,,,,
2025-08-24,1089U,RAMALES DE LA VICTORIA,CANTABRIA,80,"22,7","0,0","14,8",Varias,"30,6",15:05,09,"1,7","6,7",14:00,,,,,
2025-08-25,1089U,RAMALES DE LA VICTORIA,CANTABRIA,80,"22,6","0,0","17,2",00:24,"27,9",13:12,08,"1,4","7,2",14:10,,,,,
2025-08-26,1089U,RAMALES DE LA VICTORIA,CANTABRIA,80,"20,5","0,0","17,7",Varias,"23,3",16:47,29,"0,6","3,6",19:00,,,,,
2025-08-27,1089U,RAMALES DE LA VICTORIA,CANTABRIA,80,"17,6","1,4","14,2",23:25,"20,9",11:28,28,"0,3","7,2",17:10,,,,,
2025-08-28,1089U,RAMALES DE LA VICTORIA,CANTABRIA,80,"18,9","0,0","14,2",23:08,"23,6",13:42,30,"1,4","7,5",09:10,,,,,
2025-08-29,1089U,RAMALES DE LA VICTORIA,CANTABRIA,80,"20,4","4,2","14,0",00:33,"26,7",15:22,29,"1,4","11,4",11:30,,,,,
2025-08-30,1089U,RAMALES DE LA VICTORIA,CANTABRIA,80,"21,9","0,0","15,8",23:39,"28,0",12:55,10,"1,7","7,5",14:10,,,,,
2025-08-31,1089U,RAMALES DE LA VICTORIA,CANTABRIA,80,"17,2","5,8","14,3",21:55,"20,2",14:17,30,"0,6","5,8",14:40,,,,,
2025-09-01,1089U,RAMALES DE LA VICTORIA,CANTABRIA,80,"17,7","0,0","12,9",06:23,"22,5",11:07,27,"1,1","10,8",10:10,,,,,
2025-09-02,1089U,RAMALES DE LA VICTORIA,CANTABRIA,80,"19,6","0,0","11,4",Varias,"27,7",12:17,19,"0,8","7,5",11:10,,,,,
2025-09-03,1089U,RAMALES DE LA VICTORIA,CANTABRIA,80,"21,8","1,4","14,5",00:40,"29,2",11:26,19,"3,1","13,3",05:30,,,,,
2025-09-04,1089U,RAMALES DE LA VICTORIA,CANTABRIA,80,"19,2","0,0","14,9",23:17,"23,5",10:57,27,"0,8","7,8",11:50,,,,,
2025-09-05,1089U,RAMALES DE LA VICTORIA,CANTABRIA,80,"20,4","0,0","14,6",04:47,"26,1",13:56,12,"1,4","7,5",11:50,,,,,
2025-09-06,1089U,RAMALES DE LA VICTORIA,CANTABRIA,80,"25,6","0,0","13,8",03:00,"37,4",14:54,08,"1,4","11,4",10:00,,,,,
2025-09-07,1089U,RAMALES DE LA VICTORIA,CANTABRIA,80,"23,0","1,6","16,4",23:37,"29,6",10:55,34,"1,4","9,7",08:10,,,,,
2025-09-08,1089U,RAMALES DE LA VICTORIA,CANTABRIA,80,"16,5","1,6","14,5",Varias,"18,5",11:39,27,"0,6","3,9",04:10,,,,,
2025-09-09,1089U,RAMALES DE LA VICTORIA,CANTABRIA,80,"17,4","0,2","12,6",05:12,"22,3",14:41,12,"0,8","4,4",11:30,,,,,
2025-09-10,1089U,RAMALES DE LA VICTORIA,CANTABRIA,80,"18,4","9,8","11,7",01:38,"25,0",12:43,36,"1,4","7,5",13:00,,,,,
2025-09-11,1089U,RAMALES DE LA VICTORIA,CANTABRIA,80,"19,2","1,8","13,5",06:10,"24,8",14:03,28,"1,4","9,2",12:30,,,,,
2025-09-12,1089U,RAMALES DE LA VICTORIA,CANTABRIA,80,"17,6","1,6","15,3",23:37,"20,0",13:25,32,"0,3","3,3",15:00,,,,,
2025-09-13,1089U,RAMALES DE LA VICTORIA,CANTABRIA,80,"18,3","0,0","12,8",23:52,"23,8",13:25,08,"1,1","5,8",14:50,,,,,
2025-09-14,1089U,RAMALES DE LA VICTORIA,CANTABRIA,80,"20,6","0,0","12,7",03:34,"28,6",13:28,11,"1,4","6,7",15:20,,,,,
2025-09-15,1089U,RAMALES DE LA VICTORIA,CANTABRIA,80,"20,2","1,4","15,6",Varias,"24,7",09:37,30,"0,8","9,2",10:20,,,,,
2025-09-16,1089U,RAMALES DE LA VICTORIA,CANTABRIA,80,"19,0","0,2","12,8",23:38,"25,1",14:42,09,"0,8","6,1",15:50,,,,,
2025-09-17,1089U,RAMALES DE LA VICTORIA,CANTABRIA,80,"19,4","0,0","10,2",06:13,"28,5",13:16,07,"1,7","6,9",14:30,,,,,
2025-09-18,1089U,RAMALES DE LA VICTORIA,CANTABRIA,80,"23,9","0,0","16,8",Varias,"31,0",14:56,09,"1,4","5,3",15:10,,,,,
2025-09-19,1089U,RAMALES DE LA VICTORIA,CANTABRIA,80,"23,8","1,6","16,5",06:31,"31,2",15:10,18,"0,6","12,5",21:40,,,,,
2025-09-20,1089U,RAMALES DE LA VICTORIA,CANTABRIA,80,"21,6","18,0","14,3",23:33,"28,9",09:18,19,"1,1","11,1",04:20,,,,,
2025-09-21,1089U,RAMALES DE LA VICTORIA,CANTABRIA,80,"13,6","18,6","9,2",22:07,"17,9",13:50,26,"0,8","6,4",15:20,,,,,
2025-09-22,1089U,RAMALES DE LA VICTORIA,CANTABRIA,80,"13,8","18,2","10,2",00:01,"17,3",13:46,34,"0,8","6,9",11:30,,,,,
2025-09-23,1089U,RAMALES DE LA VICTORIA,CANTABRIA,80,"13,8","6,2","9,0",23:41,"18,7",13:58,11,"0,0","6,4",15:10,,,,,
2025-09-24,1089U,RAMALES DE LA VICTORIA,CANTABRIA,80,"13,6","0,2","7,8",Varias,"19,3",15:55,12,"0,3","5,0",13:30,,,,,
2025-09-25,1089U,RAMALES DE LA VICTORIA,CANTABRIA,80,"14,0","0,0","6,4",06:44,"21,5",13:11,10,"0,6","5,8",14:30,,,,,
2025-09-26,1089U,RAMALES DE LA VICTORIA,CANTABRIA,80,"15,2","0,0","7,8",06:33,"22,6",14:35,08,"0,3","5,6",16:50,,,,,
2025-09-27,1089U,RAMALES DE LA VICTORIA,CANTABRIA,80,"16,6","0,0","8,1",Varias,"25,2",13:19,10,"0,8","5,8",15:30,,,,,
2025-09-28,1089U,RAMALES DE LA VICTORIA,CANTABRIA,80,"18,6","0,0","13,5",05:52,"23,7",12:01,31,"1,1","7,2",14:00,,,,,
2025-09-29,1089U,RAMALES DE LA VICTORIA,CANTABRIA,80,"17,2","0,0","12,3",23:59,"22,1",14:31,10,"0,3","5,0",15:30,,,,,
2025-09-30,1089U,RAMALES DE LA VICTORIA,CANTABRIA,80,"16,6","0,0","10,2",Varias,"22,9",14:37,12,"0,6","5,6",11:30,,,,,
2025-10-01,1089U,RAMALES DE LA VICTORIA,CANTABRIA,80,"16,8","0,0","9,2",Varias,"24,4",14:19,12,"0,8","5,6",15:00,,,,,
2025-10-02,1089U,RAMALES DE LA VICTORIA,CANTABRIA,80,"17,2","0,0","6,7",06:50,"27,6",14:31,09,"0,3","3,9",16:20,,,,,
2025-10-03,1089U,RAMALES DE LA VICTORIA,CANTABRIA,80,"17,6","0,0","10,6",03:02,"24,6",14:04,09,"0,8","5,3",15:30,,,,,
2025-10-04,1089U,RAMALES DE LA VICTORIA,CANTABRIA,80,"16,7","5,0","11,5",06:21,"21,9",10:17,27,"1,1","10,0",10:50,,,,,
2025-10-05,1089U,RAMALES DE LA VICTORIA,CANTABRIA,80,"13,7","5,2","10,0",23:30,"17,4",11:41,30,"0,3","5,8",11:50,,,,,
2025-10-06,1089U,RAMALES DE LA VICTORIA,CANTABRIA,80,"15,6","0,0","7,2",05:14,"24,1",14:37,08,"0,8","5,3",10:10,,,,,
2025-10-07,1089U,RAMALES DE LA VICTORIA,CANTABRIA,80,"16,8","0,0","6,4",06:47,"27,3",14:45,14,"0,3","4,7",14:20,,,,,
2025-10-08,1089U,RAMALES DE LA VICTORIA,CANTABRIA,80,"16,2","0,4","9,4",06:34,"23,1",14:06,32,"1,1","7,2",15:50,,,,,
2025-10-09,1089U,RAMALES DE LA VICTORIA,CANTABRIA,80,"17,2","0,2","14,3",23:52,"20,0",12:03,26,"0,8","5,3",11:00,,,,,
2025-10-10,1089U,RAMALES DE LA VICTORIA,CANTABRIA,80,"14,8","0,0","9,1",23:47,"20,5",12:43,09,"0,8","5,3",12:40,,,,,
2025-10-11,1089U,RAMALES DE LA VICTORIA,CANTABRIA,80,"15,9","0,0","7,6",Varias,"24,2",14:11,12,"0,3","5,6",15:10,,,,,
2025-10-12,1089U,RAMALES DE LA VICTORIA,CANTABRIA,80,"18,0","0,0","8,9",06:57,"27,2",13:28,08,"0,8","6,4",14:50,,,,,
2025-10-13,1089U,RAMALES DE LA VICTORIA,CANTABRIA,80,"18,4","0,0","10,8",04:50,"26,1",14:34,09,"0,3","5,3",15:40,,,,,
2025-10-14,1089U,RAMALES DE LA VICTORIA,CANTABRIA,80,"17,2","0,0","11,2",03:12,"23,1",13:11,08,"0,8","6,1",13:30,,,,,
2025-10-15,1089U,RAMALES DE LA VICTORIA,CANTABRIA,80,"17,0","0,0","10,4",06:46,"23,6",12:54,12,"0,8","6,4",16:10,,,,,
2025-10-16,1089U,RAMALES DE LA VICTORIA,CANTABRIA,80,"18,0","0,0","13,5",Varias,"22,4",13:40,07,"1,1","5,6",14:20,,,,,
2025-10-17,1089U,RAMALES DE LA VICTORIA,CANTABRIA,80,"18,0","0,0","11,1",Varias,"24,9",13:26,08,"0,6","5,3",14:30,,,,,
2025-10-18,1089U,RAMALES DE LA VICTORIA,CANTABRIA,80,"16,2","0,0","7,6",07:17,"24,8",13:19,28,"0,3","3,1",23:40,,,,,
2025-10-19,1089U,RAMALES DE LA VICTORIA,CANTABRIA,80,"19,3","1,4","11,4",00:01,"27,2",13:04,27,"3,6","19,7",11:30,,,,,
2025-10-20,1089U,RAMALES DE LA VICTORIA,CANTABRIA,80,"16,0","0,0","11,2",06:26,"20,8",11:46,99,"0,8","8,3",00:10,,,,,
2025-10-21,1089U,RAMALES DE LA VICTORIA,CANTABRIA,80,"18,8","3,2","12,3",07:36,"25,3",14:50,21,"0,6","5,8",02:30,,,,,
2025-10-22,1089U,RAMALES DE LA VICTORIA,CANTABRIA,80,"20,6","19,8","13,9",03:54,"27,2",15:10,20,"2,5","14,7",18:50,,,,,
2025-10-23,1089U,RAMALES DE LA VICTORIA,CANTABRIA,80,"15,2","0,0","9,2",23:59,"21,1",00:01,31,"2,2","16,7",03:50,,,,,
2025-10-24,1089U,RAMALES DE LA VICTORIA,CANTABRIA,80,"13,0","0,0","5,2",06:55,"20,7",13:21,09,"0,6","5,3",13:40,,,,,
2025-10-25,1089U,RAMALES DE LA VICTORIA,CANTABRIA,80,"13,0","6,8","9,0",06:36,"17,0",14:54,99,"0,8","7,8",Varias,,,,,
2025-10-26,1089U,RAMALES DE LA VICTORIA,CANTABRIA,80,"12,6","1,8","9,2",20:51,"15,9",12:41,27,"0,6","5,0",14:50,,,,,
2025-10-27,1089U,RAMALES DE LA VICTORIA,CANTABRIA,80,"13,4","0,0","6,7",06:57,"20,0",13:33,11,"0,6","4,4",15:50,,,,,
2025-10-28,1089U,RAMALES DE LA VICTORIA,CANTABRIA,80,,"0,0",,,,,21,"0,3","7,2",22:50,,,,,
2025-10-29,1089U,RAMALES DE LA VICTORIA,CANTABRIA,80,"17,7","4,8","12,9",23:49,"22,5",13:12,12,"2,2","15,6",02:40,,,,,
2025-10-30,1089U,RAMALES DE LA VICTORIA,CANTABRIA,80,"16,0","0,0","9,7",06:44,"22,2",13:18,24,"2,2","19,4",18:40,,,,,
2025-10-31,1089U,RAMALES DE LA VICTORIA,CANTABRIA,80,"20,4","2,0","19,1",06:12,"21,8",22:14,28,"5,0","21,4",12:00,,,,,
2025-11-01,1089U,RAMALES DE LA VICTORIA,CANTABRIA,80,"15,8","2,6","10,9",23:53,"20,7",00:18,20,"1,1","9,4",01:10,,,,,
2025-11-02,1089U,RAMALES DE LA VICTORIA,CANTABRIA,80,"13,5","0,0","8,5",23:57,"18,5",14:14,30,"0,6","6,9",14:00,,,,,
2025-11-03,1089U,RAMALES DE LA VICTORIA,CANTABRIA,80,"13,6","0,0","6,4",Varias,"20,9",12:59,25,"0,3","7,2",23:59,,,,,
2025-11-04,1089U,RAMALES DE LA VICTORIA,CANTABRIA,80,"20,4","0,0","17,0",00:01,"23,8",15:32,30,"3,3","20,0",02:30,,,,,
2025-11-05,1089U,RAMALES DE LA VICTORIA,CANTABRIA,80,"21,3","0,0","16,6",22:12,"26,0",14:27,08,"4,7","22,2",14:50,,,,,
2025-11-06,1089U,RAMALES DE LA VICTORIA,CANTABRIA,80,"14,0","2,4","8,7",23:36,"19,2",12:51,31,"1,1","15,6",02:50,,,,,
2025-11-07,1089U,RAMALES DE LA VICTORIA,CANTABRIA,80,"12,2","7,8","7,4",03:45,"16,9",13:16,12,"0,6","6,4",10:30,,,,,
2025-11-08,1089U,RAMALES DE LA VICTORIA,CANTABRIA,80,"11,8","7,8","7,3",23:55,"16,4",13:01,27,"1,1","9,2",12:20,,,,,
2025-11-09,1089U,RAMALES DE LA VICTORIA,CANTABRIA,80,"11,4","0,0","4,8",07:24,"18,0",14:05,10,"0,6","3,9",15:20,,,,,
2025-11-10,1089U,RAMALES DE LA VICTORIA,CANTABRIA,80,"13,8","0,0","7,4",05:34,"20,1",13:02,20,"0,6","8,6",23:10,,,,,
2025-11-11,1089U,RAMALES DE LA VICTORIA,CANTABRIA,80,"19,0",,"16,2",01:07,"21,7",13:29,06,"3,6","16,7",06:20,,,,,
2025-11-12,1089U,RAMALES DE LA VICTORIA,CANTABRIA,80,"21,4","0,0","14,6",06:33,"28,1",14:34,30,"3,9","23,6",00:40,,,,,
2025-11-13,1089U,RAMALES DE LA VICTORIA,CANTABRIA,80,"20,5","0,8","16,3",07:41,"24,7",13:20,10,"5,0","25,0",22:20,,,,,
2025-11-14,1089U,RAMALES DE LA VICTORIA,CANTABRIA,80,"19,2","0,0","15,6",20:57,"22,7",00:01,22,"2,5","23,9",03:20,,,,,
2025-11-15,1089U,RAMALES DE LA VICTORIA,CANTABRIA,80,"17,9","0,0","15,6",05:54,"20,2",12:20,28,"3,1","22,2",01:10,,,,,
2025-11-16,1089U,RAMALES DE LA VICTORIA,CANTABRIA,80,"13,6","0,0","7,7",23:54,"19,4",11:58,24,"1,9","10,8",00:40,,,,,
2025-11-17,1089U,RAMALES DE LA VICTORIA,CANTABRIA,80,"10,6","7,0","5,7",03:23,"15,6",13:09,26,"0,8","6,1",15:30,,,,,
2025-11-18,1089U,RAMALES DE LA VICTORIA,CANTABRIA,80,,"0,2",,,,,27,"0,3","1,9",08:20,,,,,
2025-11-19,1089U,RAMALES DE LA VICTORIA,CANTABRIA,80,"10,6","31,4","7,4",07:05,"13,7",12:42,34,"1,1","8,3",14:10,,,,,
2025-11-20,1089U,RAMALES DE LA VICTORIA,CANTABRIA,80,"7,3","44,0","5,7",Varias,"8,9",13:46,30,"0,8","7,8",02:20,,,,,
2025-11-21,1089U,RAMALES DE LA VICTORIA,CANTABRIA,80,"5,5","6,4","3,2",20:24,"7,8",12:30,27,"0,8","9,7",02:40,,,,,
2025-11-22,1089U,RAMALES DE LA VICTORIA,CANTABRIA,80,"5,8","2,2","0,8",06:15,"10,8",Varias,28,"0,3","3,3",23:40,,,,,
2025-11-23,1089U,RAMALES DE LA VICTORIA,CANTABRIA,80,"11,6","0,0","7,6",06:18,"15,7",18:00,18,"1,9","10,0",22:00,,,,,
2025-11-24,1089U,RAMALES DE LA VICTORIA,CANTABRIA,80,"12,1","45,4","7,8",21:13,"16,4",07:40,19,"3,3","14,7",06:50,,,,,
2025-11-25,1089U,RAMALES DE LA VICTORIA,CANTABRIA,80,"9,6","25,0","5,9",23:17,"13,2",12:47,32,"1,7","7,2",01:40,,,,,
2025-11-26,1089U,RAMALES DE LA VICTORIA,CANTABRIA,80,"7,8","2,6","3,3",22:06,"12,3",13:40,31,"0,3","5,8",03:20,,,,,
2025-11-27,1089U,RAMALES DE LA VICTORIA,CANTABRIA,80,"8,8","0,0","4,0",00:01,"13,5",14:21,29,"0,0","1,4",11:30,,,,,
2025-11-28,1089U,RAMALES DE LA VICTORIA,CANTABRIA,80,"8,8","0,0","3,6",07:54,"13,9",14:31,07,"0,3","2,5",14:30,,,,,
2025-11-29,1089U,RAMALES DE LA VICTORIA,CANTABRIA,80,"9,8","20,0","3,3",07:32,"16,4",13:43,30,"1,4","5,0",23:40,,,,,
2025-11-30,1089U,RAMALES DE LA VICTORIA,CANTABRIA,80,"8,2","2,6","4,8",20:55,"11,6",13:59,30,"0,6","5,0",12:40,,,,,
2025-12-01,1089U,RAMALES DE LA VICTORIA,CANTABRIA,80,"7,0","2,4","0,5",07:44,"13,4",20:28,23,"0,6","10,3",20:30,,,,,
2025-12-02,1089U,RAMALES DE LA VICTORIA,CANTABRIA,80,"8,0","0,6","2,6",22:45,"13,4",13:11,12,"0,3","5,8",00:20,,,,,
2025-12-03,1089U,RAMALES DE LA VICTORIA,CANTABRIA,80,"7,5","4,2","2,5",05:31,"12,5",12:51,30,"1,1","6,7",13:00,,,,,
2025-12-04,1089U,RAMALES DE LA VICTORIA,CANTABRIA,80,"9,8","39,0","7,4",00:05,"12,1",03:01,20,"0,8","10,3",02:40,,,,,
2025-12-05,1089U,RAMALES DE LA VICTORIA,CANTABRIA,80,"13,0","0,2","7,8",01:22,"18,3",23:51,20,"0,6","13,1",23:59,,,,,
2025-12-06,1089U,RAMALES DE LA VICTORIA,CANTABRIA,80,"14,4","0,0","10,1",04:54,"18,8",01:18,19,"0,6","15,3",00:50,,,,,
2025-12-07,1089U,RAMALES DE LA VICTORIA,CANTABRIA,80,"13,9","0,0","7,6",23:54,"20,2",11:27,26,"2,2","15,3",05:20,,,,,
2025-12-08,1089U,RAMALES DE LA VICTORIA,CANTABRIA,80,"12,6","0,0","5,6",07:58,"19,7",13:11,11,"2,5","20,3",22:40,,,,,
2025-12-09,1089U,RAMALES DE LA VICTORIA,CANTABRIA,80,"17,6","0,0","16,0",23:39,"19,1",Varias,28,"6,1","28,9",10:00,,,,,
2025-12-10,1089U,RAMALES DE LA VICTORIA,CANTABRIA,80,"12,6","5,0","9,0",23:46,"16,3",00:01,23,"0,3","6,1",00:10,,,,,
2025-12-11,1089U,RAMALES DE LA VICTORIA,CANTABRIA,80,"12,8","0,0","8,0",03:18,"17,5",12:38,31,"1,9","16,7",23:40,,,,,
2025-12-12,1089U,RAMALES DE LA VICTORIA,CANTABRIA,80,"11,5","0,0","6,7",23:54,"16,3",00:40,29,"2,5","13,6",00:10,,,,,
2025-12-13,1089U,RAMALES DE LA VICTORIA,CANTABRIA,80,"9,6","0,0","4,6",22:44,"14,7",13:14,20,"0,3","2,2",12:20,,,,,
2025-12-14,1089U,RAMALES DE LA VICTORIA,CANTABRIA,80,"7,8","0,0","3,2",08:07,"12,4",12:32,29,"0,8","4,2",23:59,,,,,
2025-12-15,1089U,RAMALES DE LA VICTORIA,CANTABRIA,80,"10,6","0,0","4,5",00:01,"16,8",11:53,30,"2,8","17,2",07:50,,,,,
2025-12-16,1089U,RAMALES DE LA VICTORIA,CANTABRIA,80,"12,1","2,6","9,1",07:05,"15,1",02:00,20,"0,3","10,6",00:50,,,,,
2025-12-17,1089U,RAMALES DE LA VICTORIA,CANTABRIA,80,"11,7","0,2","6,7",08:12,"16,7",23:43,18,"0,3","13,3",23:40,,,,,
2025-12-18,1089U,RAMALES DE LA VICTORIA,CANTABRIA,80,"16,2","2,0","14,7",08:08,"17,8",Varias,22,"7,8","22,2",12:20,,,,,
2025-12-19,1089U,RAMALES DE LA VICTORIA,CANTABRIA,80,"12,9","15,4","9,0",Varias,"16,8",00:01,30,"0,3","6,7",09:40,,,,,
2025-12-20,1089U,RAMALES DE LA VICTORIA,CANTABRIA,80,"11,0","1,0","7,2",08:57,"14,9",11:40,29,"1,9","16,1",15:00,,,,,
2025-12-21,1089U,RAMALES DE LA VICTORIA,CANTABRIA,80,"6,4","6,4","0,7",23:20,"12,1",03:00,29,"1,1","11,4",03:00,,,,,
2025-12-22,1089U,RAMALES DE LA VICTORIA,CANTABRIA,80,"5,7","0,6","0,9",00:02,"10,5",12:49,31,"0,6","6,7",14:40,,,,,
2025-12-23,1089U,RAMALES DE LA VICTORIA,CANTABRIA,80,"7,3","2,6","1,5",07:58,"13,1",13:03,29,"0,8","6,1",14:40,,,,,
2025-12-24,1089U,RAMALES DE LA VICTORIA,CANTABRIA,80,"7,6","8,6","5,7",23:57,"9,5",Varias,06,"0,6","5,0",11:40,,,,,
2025-12-25,1089U,RAMALES DE LA VICTORIA,CANTABRIA,80,"3,4","0,2","-0,6",21:45,"7,5",11:14,30,"0,3","4,7",01:00,,,,,
2025-12-26,1089U,RAMALES DE LA VICTORIA,CANTABRIA,80,"5,0","1,8","0,3",00:06,"9,7",12:51,08,"0,0","2,5",13:20,,,,,
2025-12-27,1089U,RAMALES DE LA VICTORIA,CANTABRIA,80,"9,4","0,0","4,5",08:45,"14,2",13:36,11,"0,8","5,0",14:40,,,,,
2025-12-28,1089U,RAMALES DE LA VICTORIA,CANTABRIA,80,"9,2","0,0","3,1",23:55,"15,4",11:30,07,"0,8","6,7",14:30,,,,,
2025-12-29,1089U,RAMALES DE LA VICTORIA,CANTABRIA,80,"7,0","1,0","1,6",08:37,"12,4",13:22,28,"0,0","2,2",14:20,,,,,
2025-12-30,1089U,RAMALES DE LA VICTORIA,CANTABRIA,80,"5,7","1,0","2,3",00:14,"9,1",15:26,07,"0,3","4,2",22:40,,,,,
2025-12-31,1089U,RAMALES DE LA VICTORIA,CANTABRIA,80,"5,0","0,0","1,2",23:53,"8,7",Varias,10,"0,8","4,4",12:20,,,,,
2026-01-01,1089U,RAMALES DE LA VICTORIA,CANTABRIA,80,"4,0","0,0","-0,9",07:44,"9,0",13:20,99,"0,0","1,4",Varias,,,,,
2026-01-02,1089U,RAMALES DE LA VICTORIA,CANTABRIA,80,"5,6","4,8","0,8",00:01,"10,3",15:28,28,"0,0","2,8",11:00,,,,,
2026-01-03,1089U,RAMALES DE LA VICTORIA,CANTABRIA,80,"6,2","3,0","4,6",23:33,"7,9",Varias,08,"0,3","2,8",13:20,,,,,
2026-01-04,1089U,RAMALES DE LA VICTORIA,CANTABRIA,80,,"0,0",,,,,19,"0,3","2,8",14:00,,,,,
2026-01-05,1089U,RAMALES DE LA VICTORIA,CANTABRIA,80,"3,9","8,6","0,6",17:57,"7,2",13:31,30,"0,6","3,1",22:50,,,,,
2026-01-06,1089U,RAMALES DE LA VICTORIA,CANTABRIA,80,"4,8","0,0","1,4",23:56,"8,3",12:45,99,"1,7","10,3",Varias,,,,,
2026-01-07,1089U,RAMALES DE LA VICTORIA,CANTABRIA,80,"5,8","3,6","-0,4",Varias,"12,1",13:38,32,"1,4","10,6",14:00,,,,,
2026-01-08,1089U,RAMALES DE LA VICTORIA,CANTABRIA,80,"10,6","19,6","4,4",07:48,"16,8",20:20,22,"1,9","19,7",15:40,,,,,
2026-01-09,1089U,RAMALES DE LA VICTORIA,CANTABRIA,80,"9,2","21,2","6,2",19:47,"12,3",10:19,30,"2,8","17,8",11:20,,,,,
2026-01-10,1089U,RAMALES DE LA VICTORIA,CANTABRIA,80,"8,0","2,6","4,7",23:56,"11,3",12:26,30,"1,1","6,9",12:20,,,,,
2026-01-11,1089U,RAMALES DE LA VICTORIA,CANTABRIA,80,"9,2","0,0","1,9",05:57,"16,4",23:42,22,"1,1","14,2",22:30,,,,,
2026-01-12,1089U,RAMALES DE LA VICTORIA,CANTABRIA,80,"16,4","0,0","15,0",23:57,"17,7",19:46,30,"5,0","23,3",19:00,,,,,
2026-01-13,1089U,RAMALES DE LA VICTORIA,CANTABRIA,80,"14,9","0,0","12,0",08:01,"17,8",12:11,14,"2,8","19,2",11:40,,,,,
2026-01-14,1089U,RAMALES DE LA VICTORIA,CANTABRIA,80,"12,4","0,0","5,8",22:37,"18,9",13:29,22,"1,1","9,4",06:10,,,,,
2026-01-15,1089U,RAMALES DE LA VICTORIA,CANTABRIA,80,"10,0","1,2","5,6",03:56,"14,5",09:44,30,"5,6","24,4",09:40,,,,,
2026-01-16,1089U,RAMALES DE LA VICTORIA,CANTABRIA,80,"8,6","0,0","3,4",07:24,"13,9",14:50,13,"0,8","14,4",14:40,,,,,
2026-01-17,1089U,RAMALES DE LA VICTORIA,CANTABRIA,80,"7,7","8,8","6,0",00:01,"9,4",11:56,28,"0,3","3,3",13:30,,,,,
2026-01-18,1089U,RAMALES DE LA VICTORIA,CANTABRIA,80,"8,5","4,0","6,9",03:37,"10,1",14:52,24,"0,8","4,7",18:30,,,,,
2026-01-19,1089U,RAMALES DE LA VICTORIA,CANTABRIA,80,"8,5","0,8","3,0",23:58,"14,0",12:48,30,"1,4","5,6",13:00,,,,,
2026-01-20,1089U,RAMALES DE LA VICTORIA,CANTABRIA,80,"6,6","0,0","0,1",08:16,"13,0",23:48,28,"1,4","15,0",23:59,,,,,
2026-01-21,1089U,RAMALES DE LA VICTORIA,CANTABRIA,80,"11,4","8,4","6,1",23:57,"16,8",15:33,28,"4,4","25,8",11:20,,,,,
2026-01-22,1089U,RAMALES DE LA VICTORIA,CANTABRIA,80,"10,0","0,0","5,8",00:12,"14,3",13:43,25,"3,1","20,3",23:40,,,,,
2026-01-23,1089U,RAMALES DE LA VICTORIA,CANTABRIA,80,"9,9","0,0","6,0",04:53,"13,8",00:14,24,"5,0","16,7",08:50,,,,,
2026-01-24,1089U,RAMALES DE LA VICTORIA,CANTABRIA,80,"6,2","2,2","-0,3",06:57,"12,8",13:52,30,"1,9","9,7",13:10,,,,,
2026-01-25,1089U,RAMALES DE LA VICTORIA,CANTABRIA,80,"7,8","21,2","2,7",00:05,"12,9",10:48,26,"1,1","18,6",13:50,,,,,
2026-01-26,1089U,RAMALES DE LA VICTORIA,CANTABRIA,80,"12,1","3,0","5,4",Varias,"18,8",21:00,31,"3,3","22,2",23:00,,,,,
2026-01-27,1089U,RAMALES DE LA VICTORIA,CANTABRIA,80,"11,4","3,0","4,7",23:59,"18,2",00:34,27,"1,7","23,6",03:00,,,,,
2026-01-28,1089U,RAMALES DE LA VICTORIA,CANTABRIA,80,"7,4","0,6","1,7",05:05,"13,1",14:30,20,"1,4","9,7",11:30,,,,,
2026-01-29,1089U,RAMALES DE LA VICTORIA,CANTABRIA,80,"11,5","12,4","4,9",23:57,"18,1",14:29,26,"0,8","14,4",20:50,,,,,
2026-01-30,1089U,RAMALES DE LA VICTORIA,CANTABRIA,80,"8,4","5,8","2,2",07:14,"14,6",11:06,28,"1,9","16,1",10:20,,,,,
2026-01-31,1089U,RAMALES DE LA VICTORIA,CANTABRIA,80,"10,2","11,2","6,3",22:36,"14,2",13:26,27,"1,9","11,4",06:30,,,,,
2026-02-01,1089U,RAMALES DE LA VICTORIA,CANTABRIA,80,"11,4","0,0","6,0",07:24,"16,8",14:19,12,"0,3","13,3",21:40,,,,,
2026-02-02,1089U,RAMALES DE LA VICTORIA,CANTABRIA,80,"14,1","0,0","11,1",23:35,"17,1",00:20,25,"3,1","18,9",20:20,,,,,
2026-02-03,1089U,RAMALES DE LA VICTORIA,CANTABRIA,80,"11,8","0,0","9,9",08:13,"13,6",12:22,19,"3,3","15,3",09:30,,,,,
2026-02-04,1089U,RAMALES DE LA VICTORIA,CANTABRIA,80,"12,1","1,4","7,9",18:45,"16,3",13:19,27,"3,6","19,4",05:10,,,,,
2026-02-05,1089U,RAMALES DE LA VICTORIA,CANTABRIA,80,"12,2","1,6","6,9",21:25,"17,5",15:28,19,"1,9","20,0",06:30,,,,,
2026-02-06,1089U,RAMALES DE LA VICTORIA,CANTABRIA,80,"11,8","0,0","7,8",20:17,"15,8",14:42,20,"1,7","13,6",03:50,,,,,
2026-02-07,1089U,RAMALES DE LA VICTORIA,CANTABRIA,80,"12,2","1,4","10,4",02:55,"14,0",11:45,23,"4,2","15,6",10:30,,,,,
2026-02-08,1089U,RAMALES DE LA VICTORIA,CANTABRIA,80,"9,5","6,4","5,6",21:36,"13,4",15:09,20,"1,4","11,1",00:50,,,,,
2026-02-09,1089U,RAMALES DE LA VICTORIA,CANTABRIA,80,"10,2","13,6","6,4",07:17,"14,0",14:57,09,"0,8","8,6",02:10,,,,,
2026-02-10,1089U,RAMALES DE LA VICTORIA,CANTABRIA,80,"14,4","3,6","8,6",23:54,"20,3",11:21,31,"1,1","7,5",10:00,,,,,
2026-02-11,1089U,RAMALES DE LA VICTORIA,CANTABRIA,80,"13,4","5,4","6,1",06:05,"20,7",14:41,25,"2,2","20,6",13:50,,,,,
2026-02-12,1089U,RAMALES DE LA VICTORIA,CANTABRIA,80,"12,9","0,6","8,2",20:35,"17,6",14:49,28,"2,2","13,9",01:40,,,,,
2026-02-13,1089U,RAMALES DE LA VICTORIA,CANTABRIA,80,"11,0","41,8","7,5",23:59,"14,6",01:16,29,"1,9","15,6",15:40,,,,,
2026-02-14,1089U,RAMALES DE LA VICTORIA,CANTABRIA,80,"6,0","37,0","3,1",21:46,"9,0",11:24,35,"2,2","16,1",07:50,,,,,
2026-02-15,1089U,RAMALES DE LA VICTORIA,CANTABRIA,80,"9,8","5,8","2,8",00:44,"16,8",14:11,28,"0,8","6,4",13:00,,,,,
2026-02-16,1089U,RAMALES DE LA VICTORIA,CANTABRIA,80,"11,4","67,6","9,7",01:53,"13,1",12:11,32,"0,6","5,8",14:30,,,,,
2026-02-17,1089U,RAMALES DE LA VICTORIA,CANTABRIA,80,"11,4","3,4","7,2",23:23,"15,5",13:29,06,"0,3","3,6",11:10,,,,,
2026-02-18,1089U,RAMALES DE LA VICTORIA,CANTABRIA,80,"12,2","9,0","6,4",04:38,"18,0",13:39,31,"5,3","23,1",13:00,,,,,
2026-02-19,1089U,RAMALES DE LA VICTORIA,CANTABRIA,80,"9,3","5,2","5,8",02:54,"12,8",11:10,32,"2,8","15,8",09:40,,,,,
2026-02-20,1089U,RAMALES DE LA VICTORIA,CANTABRIA,80,"10,7","0,0","5,4",23:57,"16,0",14:05,06,"0,8","6,9",14:30,,,,,
2026-02-21,1089U,RAMALES DE LA VICTORIA,CANTABRIA,80,"9,8","0,0","1,0",06:57,"18,6",14:09,09,"0,3","5,3",15:40,,,,,
2026-02-22,1089U,RAMALES DE LA VICTORIA,CANTABRIA,80,"10,6","0,0","1,5",06:23,"19,6",13:41,07,"0,6","6,9",16:10,,,,,
2026-02-23,1089U,RAMALES DE LA VICTORIA,CANTABRIA,80,"12,7","0,0","3,8",06:04,"21,6",14:45,06,"0,0","4,7",15:10,,,,,
2026-02-24,1089U,RAMALES DE LA VICTORIA,CANTABRIA,80,"15,6","0,0","5,0",04:24,"26,2",13:52,29,"2,5","17,2",11:10,,,,,
2026-02-25,1089U,RAMALES DE LA VICTORIA,CANTABRIA,80,"17,5","0,0","7,2",23:56,"27,8",12:42,26,"3,1","16,7",01:20,,,,,
2026-02-26,1089U,RAMALES DE LA VICTORIA,CANTABRIA,80,"14,0","0,0","4,3",07:12,"23,7",15:00,07,"1,7","7,2",17:00,,,,,
2026-02-27,1089U,RAMALES DE LA VICTORIA,CANTABRIA,80,"10,4","2,2","5,9",00:36,"14,9",12:27,26,"1,9","8,9",05:20,,,,,
2026-02-28,1089U,RAMALES DE LA VICTORIA,CANTABRIA,80,"8,7","0,2","3,5",23:54,"13,9",11:25,30,"1,7","7,2",13:00,,,,,
2026-03-01,1089U,RAMALES DE LA VICTORIA,CANTABRIA,80,"11,4","0,0","1,2",07:07,"21,5",15:39,16,"1,7","12,8",22:00,,,,,
2026-03-02,1089U,RAMALES DE LA VICTORIA,CANTABRIA,80,"15,4","0,0","9,3",21:17,"21,5",15:28,26,"1,1","19,2",02:20,,,,,
2026-03-03,1089U,RAMALES DE LA VICTORIA,CANTABRIA,80,"14,1","0,0","8,5",22:43,"19,7",13:50,11,"0,8","8,6",03:00,,,,,
2026-03-04,1089U,RAMALES DE LA VICTORIA,CANTABRIA,80,"14,0","0,0","6,2",07:05,"21,8",Varias,10,"1,9","9,7",13:40,,,,,
2026-03-05,1089U,RAMALES DE LA VICTORIA,CANTABRIA,80,"13,9","27,2","9,9",21:45,"17,9",04:00,17,"2,5","8,6",06:20,,,,,
2026-03-06,1089U,RAMALES DE LA VICTORIA,CANTABRIA,80,"10,6","22,4","9,8",Varias,"11,5",11:50,28,"2,2","10,0",15:40,,,,,
2026-03-07,1089U,RAMALES DE LA VICTORIA,CANTABRIA,80,"11,0","0,4","9,0",07:05,"13,1",Varias,33,"1,7","8,6",00:10,,,,,
2026-03-08,1089U,RAMALES DE LA VICTORIA,CANTABRIA,80,"12,3","0,0","6,4",23:58,"18,2",14:16,07,"0,8","5,8",14:30,,,,,
2026-03-09,1089U,RAMALES DE LA VICTORIA,CANTABRIA,80,"10,8","14,4","5,7",01:22,"15,8",13:21,28,"1,4","6,1",15:20,,,,,
2026-03-10,1089U,RAMALES DE LA VICTORIA,CANTABRIA,80,"11,8","0,2","8,2",00:01,"15,3",14:19,10,"0,6","4,7",18:10,,,,,
2026-03-11,1089U,RAMALES DE LA VICTORIA,CANTABRIA,80,"10,9","3,2","5,8",03:07,"16,0",13:42,27,"1,1","6,4",13:50,,,,,
2026-03-12,1089U,RAMALES DE LA VICTORIA,CANTABRIA,80,"13,2","0,0","6,0",23:59,"20,4",13:01,06,"1,1","6,7",13:40,,,,,
2026-03-13,1089U,RAMALES DE LA VICTORIA,CANTABRIA,80,"11,9","33,6","4,2",07:07,"19,6",13:10,34,"0,8","7,2",18:20,,,,,
2026-03-14,1089U,RAMALES DE LA VICTORIA,CANTABRIA,80,"8,4","35,2","6,9",07:47,"9,8",00:01,25,"1,1","10,6",01:40,,,,,
2026-03-15,1089U,RAMALES DE LA VICTORIA,CANTABRIA,80,"10,0","2,6","7,2",07:07,"12,7",13:52,99,"1,1","7,2",Varias,,,,,
2026-03-16,1089U,RAMALES DE LA VICTORIA,CANTABRIA,80,"11,4","0,0","5,5",23:55,"17,3",12:40,08,"1,4","5,6",12:50,,,,,
2026-03-17,1089U,RAMALES DE LA VICTORIA,CANTABRIA,80,"13,8","0,0","2,9",06:56,"24,6",14:29,10,"1,1","6,7",12:40,,,,,
2026-03-18,1089U,RAMALES DE LA VICTORIA,CANTABRIA,80,"15,2","0,0","5,3",07:05,"25,0",13:21,12,"1,4","6,7",14:30,,,,,
2026-03-19,1089U,RAMALES DE LA VICTORIA,CANTABRIA,80,"14,2","0,0","5,0",04:37,"23,5",15:10,15,"1,9","8,9",11:40,,,,,
2026-03-20,1089U,RAMALES DE LA VICTORIA,CANTABRIA,80,"15,3","0,0","7,7",23:55,"22,9",14:25,11,"2,8","8,6",11:00,,,,,
2026-03-21,1089U,RAMALES DE LA VICTORIA,CANTABRIA,80,"12,1","0,0","3,8",06:44,"20,4",12:28,08,"1,4","7,2",13:30,,,,,
2026-03-22,1089U,RAMALES DE LA VICTORIA,CANTABRIA,80,"11,0","0,0","3,8",03:04,"18,3",12:55,30,"1,4","7,8",14:40,,,,,
2026-03-23,1089U,RAMALES DE LA VICTORIA,CANTABRIA,80,"10,0","0,0","3,5",23:58,"16,6",13:25,07,"0,8","6,1",14:30,,,,,
2026-03-24,1089U,RAMALES DE LA VICTORIA,CANTABRIA,80,"10,8","0,0","0,8",06:05,"20,7",14:08,08,"2,2","6,7",16:20,,,,,
2026-03-25,1089U,RAMALES DE LA VICTORIA,CANTABRIA,80,"8,6","5,2","3,7",02:53,"13,4",09:01,26,"1,1","7,5",09:30,,,,,
2026-03-26,1089U,RAMALES DE LA VICTORIA,CANTABRIA,80,"9,0","4,0","6,7",03:01,"11,4",11:48,29,"1,1","7,5",10:30,,,,,
2026-03-27,1089U,RAMALES DE LA VICTORIA,CANTABRIA,80,"8,0","1,8","4,1",06:03,"11,8",15:39,07,"0,6","4,7",15:50,,,,,
2026-03-28,1089U,RAMALES DE LA VICTORIA,CANTABRIA,80,"8,4","15,2","5,3",20:43,"11,5",11:25,28,"1,7","6,1",11:30,,,,,
2026-03-29,1089U,RAMALES DE LA VICTORIA,CANTABRIA,80,"8,8","0,2","5,1",23:53,"12,4",12:51,09,"1,9","9,2",10:10,,,,,
2026-03-30,1089U,RAMALES DE LA VICTORIA,CANTABRIA,80,"8,8","5,8","4,7",00:55,"12,9",13:22,30,"1,7","8,9",10:00,,,,,
2026-03-31,1089U,RAMALES DE LA VICTORIA,CANTABRIA,80,"11,0","5,2","9,4",05:56,"12,5",14:20,27,"0,6","6,7",09:30,,,,,
2026-04-01,1089U,RAMALES DE LA VICTORIA,CANTABRIA,80,"12,9","6,2","9,7",Varias,"16,1",15:20,30,"1,7","10,3",14:40,,,,,
2026-04-02,1089U,RAMALES DE LA VICTORIA,CANTABRIA,80,"11,8","5,6","9,5",04:56,"14,0",16:49,29,"1,1","8,3",05:40,,,,,
2026-04-03,1089U,RAMALES DE LA VICTORIA,CANTABRIA,80,"12,6","0,0","6,4",05:33,"18,8",15:27,07,"1,4","5,6",17:20,,,,,
2026-04-04,1089U,RAMALES DE LA VICTORIA,CANTABRIA,80,"16,2","0,0","4,3",05:24,"28,2",Varias,08,"1,1","6,1",13:20,,,,,
2026-04-05,1089U,RAMALES DE LA VICTORIA,CANTABRIA,80,"12,1","0,0","5,1",05:56,"19,1",12:50,10,"1,9","7,8",14:50,,,,,
2026-04-06,1089U,RAMALES DE LA VICTORIA,CANTABRIA,80,"20,2","0,0","9,4",Varias,"30,9",16:11,10,"1,1","8,1",Varias,,,,,
2026-04-07,1089U,RAMALES DE LA VICTORIA,CANTABRIA,80,"20,8","0,0","13,5",23:56,"28,2",15:31,14,"1,1","8,9",03:00,,,,,
2026-04-08,1089U,RAMALES DE LA VICTORIA,CANTABRIA,80,"18,0","0,0","9,1",06:05,"27,0",12:22,11,"1,4","7,8",13:30,,,,,
2026-04-09,1089U,RAMALES DE LA VICTORIA,CANTABRIA,80,"17,0","0,0","8,5",05:46,"25,4",12:10,29,"2,2","8,9",17:10,,,,,
2026-04-10,1089U,RAMALES DE LA VICTORIA,CANTABRIA,80,"17,4","0,0","9,4",00:33,"25,3",13:48,12,"0,8","6,4",14:40,,,,,
2026-04-11,1089U,RAMALES DE LA VICTORIA,CANTABRIA,80,"11,2","2,0","8,2",Varias,"14,3",10:11,24,"1,4","13,3",10:20,,,,,
2026-04-12,1089U,RAMALES DE LA VICTORIA,CANTABRIA,80,"11,8","8,4","7,6",23:46,"15,9",14:21,30,"0,8","8,6",18:20,,,,,
2026-04-13,1089U,RAMALES DE LA VICTORIA,CANTABRIA,80,"10,8","3,2","6,2",Varias,"15,4",16:07,25,"1,1","7,5",12:50,,,,,
2026-04-14,1089U,RAMALES DE LA VICTORIA,CANTABRIA,80,"13,0","2,0","7,3",00:01,"18,6",10:25,28,"0,6","6,7",11:10,,,,,
2026-04-15,1089U,RAMALES DE LA VICTORIA,CANTABRIA,80,"15,8","0,0","9,1",23:56,"22,4",12:04,08,"1,4","6,7",14:00,,,,,
2026-04-16,1089U,RAMALES DE LA VICTORIA,CANTABRIA,80,"15,0","0,0","7,9",02:14,"22,2",11:30,07,"0,8","7,5",12:10,,,,,
2026-04-17,1089U,RAMALES DE LA VICTORIA,CANTABRIA,80,"15,5","0,0","8,9",05:54,"22,1",13:10,06,"1,7","6,9",13:00,,,,,
2026-04-18,1089U,RAMALES DE LA VICTORIA,CANTABRIA,80,"14,8","0,2","11,2",04:37,"18,4",13:51,06,"0,8","6,1",15:30,,,,,
2026-04-19,1089U,RAMALES DE LA VICTORIA,CANTABRIA,80,"17,0","0,2","10,0",05:43,"23,9",14:19,12,"2,5","9,2",01:10,,,,,
2026-04-20,1089U,RAMALES DE LA VICTORIA,CANTABRIA,80,"20,1","0,0","14,7",01:14,"25,5",14:01,07,"2,2","7,5",13:30,,,,,
2026-04-21,1089U,RAMALES DE LA VICTORIA,CANTABRIA,80,"22,9","0,0","14,3",06:07,"31,5",14:02,12,"0,8","7,2",18:10,,,,,
2026-04-22,1089U,RAMALES DE LA VICTORIA,CANTABRIA,80,"13,9","0,0","8,7",23:52,"19,1",09:24,26,"1,1","6,7",08:50,,,,,
2026-04-23,1089U,RAMALES DE LA VICTORIA,CANTABRIA,80,"18,0","0,2","6,7",05:07,"29,2",14:09,10,"1,4","8,1",10:40,,,,,
2026-04-24,1089U,RAMALES DE LA VICTORIA,CANTABRIA,80,"17,6","5,2","12,7",22:45,"22,5",11:58,26,"1,1","8,6",13:20,,,,,
2026-04-25,1089U,RAMALES DE LA VICTORIA,CANTABRIA,80,"16,4","0,0","11,0",05:52,"21,9",12:30,10,"1,9","8,1",15:30,,,,,
2026-04-26,1089U,RAMALES DE LA VICTORIA,CANTABRIA,80,"17,6","0,0","12,8",06:46,"22,3",13:31,07,"2,5","7,2",14:30,,,,,
2026-04-27,1089U,RAMALES DE LA VICTORIA,CANTABRIA,80,"15,3","6,8","13,6",04:07,"17,0",11:32,06,"1,1","3,6",12:30,,,,,
2026-04-28,1089U,RAMALES DE LA VICTORIA,CANTABRIA,80,"18,0","0,6","14,5",Varias,"21,6",12:02,10,"1,7","6,4",11:20,,,,,
2026-04-29,1089U,RAMALES DE LA VICTORIA,CANTABRIA,80,"17,7","7,6","14,0",04:48,"21,4",12:48,17,"1,4","8,3",22:10,,,,,
2026-04-30,1089U,RAMALES DE LA VICTORIA,CANTABRIA,80,"17,0","0,0","11,4",05:32,"22,7",11:26,16,"0,8","6,7",02:40,,,,,
2026-05-01,1089U,RAMALES DE LA VICTORIA,CANTABRIA,80,"19,0","0,0","11,6",Varias,"26,3",13:13,10,"1,7","7,8",13:40,,,,,
2026-05-02,1089U,RAMALES DE LA VICTORIA,CANTABRIA,80,"15,2","11,6","11,3",23:35,"19,1",07:01,20,"1,1","8,3",12:10,,,,,
2026-05-03,1089U,RAMALES DE LA VICTORIA,CANTABRIA,80,"15,1","17,2","10,3",04:36,"19,9",13:21,32,"1,1","7,8",20:10,,,,,
2026-05-04,1089U,RAMALES DE LA VICTORIA,CANTABRIA,80,,"7,8",,,,,29,"0,8","5,8",16:10,,,,,
2026-05-05,1089U,RAMALES DE LA VICTORIA,CANTABRIA,80,"12,6","6,8","8,9",22:43,"16,4",11:38,30,"0,8","8,3",11:50,,,,,
2026-05-06,1089U,RAMALES DE LA VICTORIA,CANTABRIA,80,"12,4","0,0","8,7",05:21,"16,0",14:34,30,"0,6","8,3",09:40,,,,,
2026-05-07,1089U,RAMALES DE LA VICTORIA,CANTABRIA,80,"15,2","0,2","7,6",05:34,"22,9",13:06,10,"1,1","6,1",12:50,,,,,
2026-05-08,1089U,RAMALES DE LA VICTORIA,CANTABRIA,80,"14,1","3,6","6,7",04:55,"21,5",10:39,99,"0,8","6,7",Varias,,,,,
2026-05-09,1089U,RAMALES DE LA VICTORIA,CANTABRIA,80,"16,4","1,4","10,3",01:44,"22,5",Varias,32,"1,4","11,9",15:50,,,,,
2026-05-10,1089U,RAMALES DE LA VICTORIA,CANTABRIA,80,"15,0","1,0","8,3",23:55,"21,6",16:30,09,"1,4","10,0",02:00,,,,,
2026-05-11,1089U,RAMALES DE LA VICTORIA,CANTABRIA,80,"13,2","1,4","6,3",03:46,"20,0",10:39,08,"0,3","5,3",09:20,,,,,
2026-05-12,1089U,RAMALES DE LA VICTORIA,CANTABRIA,80,"13,3","1,4","9,2",22:46,"17,4",15:05,03,"0,6","4,2",13:40,,,,,
2026-05-13,1089U,RAMALES DE LA VICTORIA,CANTABRIA,80,"14,0","0,4","9,9",00:01,"18,1",13:49,29,"1,1","6,9",13:20,,,,,
2026-05-14,1089U,RAMALES DE LA VICTORIA,CANTABRIA,80,"12,4","43,0","10,4",23:45,"14,4",11:27,25,"1,1","8,6",10:20,,,,,
2026-05-15,1089U,RAMALES DE LA VICTORIA,CANTABRIA,80,"11,6","12,6","7,7",21:56,"15,5",13:34,28,"1,1","9,7",14:30,,,,,
2026-05-16,1089U,RAMALES DE LA VICTORIA,CANTABRIA,80,"13,6","0,6","8,0",04:06,"19,1",14:28,29,"1,4","5,8",17:20,,,,,
2026-05-17,1089U,RAMALES DE LA VICTORIA,CANTABRIA,80,"13,8","0,0","10,9",04:43,"16,8",09:38,29,"0,8","7,2",11:10,,,,,
2026-05-18,1089U,RAMALES DE LA VICTORIA,CANTABRIA,80,"14,6","0,0","9,5",04:35,"19,8",16:01,99,"0,8","5,0",16:30,,,,,
2026-05-19,1089U,RAMALES DE LA VICTORIA,CANTABRIA,80,"17,4","0,2","8,6",Varias,"26,1",12:18,07,"0,8","7,5",14:50,,,,,
2026-05-20,1089U,RAMALES DE LA VICTORIA,CANTABRIA,80,"18,7","0,0","12,4",05:34,"25,0",13:01,09,"2,5","7,5",13:40,,,,,
2026-05-21,1089U,RAMALES DE LA VICTORIA,CANTABRIA,80,"22,8","0,0","11,7",02:24,"33,8",12:18,10,"1,1","5,8",12:50,,,,,
2026-05-22,1089U,RAMALES DE LA VICTORIA,CANTABRIA,80,"25,2","0,0","13,6",04:55,"36,7",13:49,29,"0,3","7,5",20:30,,,,,
2026-05-23,1089U,RAMALES DE LA VICTORIA,CANTABRIA,80,"22,4","0,0","15,3",23:55,"29,5",14:26,10,"1,1","6,1",11:30,,,,,
2026-05-24,1089U,RAMALES DE LA VICTORIA,CANTABRIA,80,"22,0","0,0","13,1",04:56,"30,8",15:07,99,"1,4","6,1",Varias,,,,,
2026-05-25,1089U,RAMALES DE LA VICTORIA,CANTABRIA,80,"26,6","0,0","17,7",00:01,"35,5",16:00,09,"1,7","8,1",08:00,,,,,
2026-05-26,1089U,RAMALES DE LA VICTORIA,CANTABRIA,80,"25,6","0,0","14,1",05:03,"37,2",16:28,08,"1,7","8,9",09:50,,,,,
2026-05-27,1089U,RAMALES DE LA VICTORIA,CANTABRIA,80,"24,4","0,0","13,4",05:04,"35,4",14:26,10,"0,6","5,0",15:30,,,,,
2026-05-28,1089U,RAMALES DE LA VICTORIA,CANTABRIA,80,"25,4","0,0","14,5",05:05,"36,3",13:33,08,"1,4","6,9",15:00,,,,,
2026-05-29,1089U,RAMALES DE LA VICTORIA,CANTABRIA,80,"21,1","0,0","16,3",01:23,"25,9",13:39,09,"1,9","6,9",13:40,,,,,
2026-05-30,1089U,RAMALES DE LA VICTORIA,CANTABRIA,80,"16,0","0,0","12,7",23:34,"19,3",10:50,28,"1,1","6,1",15:30,,,,,
2026-05-31,1089U,RAMALES DE LA VICTORIA,CANTABRIA,80,"17,1","0,0","10,5",04:35,"23,7",15:03,08,"1,7","7,5",16:00,,,,,
2026-06-01,1089U,RAMALES DE LA VICTORIA,CANTABRIA,80,"17,8","0,2","8,8",04:57,"26,8",12:10,08,"2,2","6,7",12:50,,,,,
2026-06-02,1089U,RAMALES DE LA VICTORIA,CANTABRIA,80,"16,6","0,6","13,9",02:07,"19,2",12:10,27,"1,9","9,4",10:40,,,,,
2026-06-03,1089U,RAMALES DE LA VICTORIA,CANTABRIA,80,"19,4","2,0","12,1",04:57,"26,6",13:11,10,"1,4","8,1",15:20,,,,,
2026-06-04,1089U,RAMALES DE LA VICTORIA,CANTABRIA,80,"15,0","7,4","12,3",23:47,"17,8",01:21,26,"0,8","6,9",14:10,,,,,
2026-06-05,1089U,RAMALES DE LA VICTORIA,CANTABRIA,80,"16,8","0,0","11,7",05:06,"21,9",15:31,11,"0,8","5,8",13:10,,,,,
2026-06-06,1089U,RAMALES DE LA VICTORIA,CANTABRIA,80,"14,1","0,0","10,2",04:45,"18,0",14:11,27,"0,3","7,8",12:30,,,,,
2026-06-07,1089U,RAMALES DE LA VICTORIA,CANTABRIA,80,"18,2","0,0","10,6",05:06,"25,9",13:33,10,"1,9","7,5",14:30,,,,,
2026-06-08,1089U,RAMALES DE LA VICTORIA,CANTABRIA,80,"18,0","1,4","13,1",04:47,"23,0",15:49,10,"1,1","5,8",15:10,,,,,
2026-06-09,1089U,RAMALES DE LA VICTORIA,CANTABRIA,80,"15,2","0,4","13,1",23:55,"17,3",13:09,29,"0,3","3,9",00:40,,,,,
2026-06-10,1089U,RAMALES DE LA VICTORIA,CANTABRIA,80,"14,9","0,0","11,0",24:00,"18,8",12:28,99,"1,1","5,0",Varias,,,,,
2026-06-11,1089U,RAMALES DE LA VICTORIA,CANTABRIA,80,"16,0","0,0","7,9",04:46,"24,0",13:32,99,"1,7","6,7",Varias,,,,,
2026-06-12,1089U,RAMALES DE LA VICTORIA,CANTABRIA,80,"19,4","0,0","9,2",03:30,"29,5",12:31,11,"1,9","7,5",12:30,,,,,
2026-06-13,1089U,RAMALES DE LA VICTORIA,CANTABRIA,80,"24,4","0,0","11,6",05:16,"37,2",13:40,10,"1,4","6,9",12:30,,,,,
2026-06-14,1089U,RAMALES DE LA VICTORIA,CANTABRIA,80,"24,4","0,0","14,9",04:35,"33,8",12:12,06,"1,7","6,9",13:30,,,,,
2026-06-15,1089U,RAMALES DE LA VICTORIA,CANTABRIA,80,"22,8","0,0","16,0",04:33,"29,7",11:51,06,"2,2","8,6",12:30,,,,,
2026-06-16,1089U,RAMALES DE LA VICTORIA,CANTABRIA,80,"22,4","0,0","17,9",Varias,"27,0",14:08,06,"2,5","8,1",15:30,,,,,
2026-06-17,1089U,RAMALES DE LA VICTORIA,CANTABRIA,80,"22,2","1,6","18,0",05:36,"26,5",13:28,10,"1,7","7,2",13:40,,,,,
2026-06-18,1089U,RAMALES DE LA VICTORIA,CANTABRIA,80,"23,6","1,0","17,5",03:55,"29,8",14:31,07,"1,7","7,5",12:40,,,,,
2026-06-19,1089U,RAMALES DE LA VICTORIA,CANTABRIA,80,"24,2","3,0","19,5",Varias,"29,0",11:38,11,"1,7","8,3",01:40,,,,,
2026-06-20,1089U,RAMALES DE LA VICTORIA,CANTABRIA,80,"23,5","0,2","19,3",04:47,"27,7",14:25,10,"1,7","6,1",11:20,,,,,
2026-06-21,1089U,RAMALES DE LA VICTORIA,CANTABRIA,80,"29,8","0,0","20,1",03:25,"39,6",13:20,09,"1,1","8,9",10:30,,,,,
2026-06-22,1089U,RAMALES DE LA VICTORIA,CANTABRIA,80,"26,6","0,0","18,9",04:57,"34,4",13:41,09,"1,7","6,9",10:00,,,,,
2026-06-23,1089U,RAMALES DE LA VICTORIA,CANTABRIA,80,"30,0","0,0","18,5",05:07,"41,4",14:50,10,"0,8","6,4",16:30,,,,,
2026-06-24,1089U,RAMALES DE LA VICTORIA,CANTABRIA,80,"30,5","0,0","18,1",Varias,"42,9",14:38,26,"1,4","8,9",17:30,,,,,
2026-06-25,1089U,RAMALES DE LA VICTORIA,CANTABRIA,80,"27,2","0,0","18,8",04:52,"35,6",09:54,18,"2,8","10,3",08:20,,,,,
2026-06-26,1089U,RAMALES DE LA VICTORIA,CANTABRIA,80,"26,6","0,0","17,6",04:33,"35,7",12:38,11,"1,9","9,4",12:40,,,,,
2026-06-27,1089U,RAMALES DE LA VICTORIA,CANTABRIA,80,"25,0","0,0","19,3",23:55,"30,6",12:27,11,"1,7","7,5",13:50,,,,,
2026-06-28,1089U,RAMALES DE LA VICTORIA,CANTABRIA,80,"20,6","17,6","17,5",02:23,"23,8",11:30,09,"0,6","4,2",12:10,,,,,
2026-06-29,1089U,RAMALES DE LA VICTORIA,CANTABRIA,80,"20,8","0,4","18,0",Varias,"23,7",13:10,06,"0,8","4,7",14:20,,,,,
2026-06-30,1089U,RAMALES DE LA VICTORIA,CANTABRIA,80,"20,1","0,0","16,9",01:18,"23,3",09:41,02,"0,8","5,3",10:30,,,,,
2026-07-01,1089U,RAMALES DE LA VICTORIA,CANTABRIA,80,"20,6","0,0","17,4",Varias,"23,7",14:27,09,"1,7","6,4",11:40,,,,,
2026-07-02,1089U,RAMALES DE LA VICTORIA,CANTABRIA,80,"20,8","0,0","16,0",03:14,"25,5",15:42,07,"1,7","7,8",14:00,,,,,
2026-07-03,1089U,RAMALES DE LA VICTORIA,CANTABRIA,80,"20,6","0,0","13,4",05:02,"27,9",13:26,11,"1,7","6,7",14:30,,,,,
2026-07-04,1089U,RAMALES DE LA VICTORIA,CANTABRIA,80,"23,6","0,0","15,7",23:46,"31,4",13:45,99,"1,9","7,2",Varias,,,,,
2026-07-05,1089U,RAMALES DE LA VICTORIA,CANTABRIA,80,"23,6","0,0","12,8",04:44,"34,5",12:49,12,"1,4","8,1",11:10,,,,,
2026-07-06,1089U,RAMALES DE LA VICTORIA,CANTABRIA,80,"26,2","0,0","13,4",05:05,"39,0",14:53,10,"1,4","6,1",14:10,,,,,
2026-07-07,1089U,RAMALES DE LA VICTORIA,CANTABRIA,80,"22,4","0,0","14,9",04:56,"29,8",12:20,99,"1,4","7,2",11:30,,,,,
2026-07-08,1089U,RAMALES DE LA VICTORIA,CANTABRIA,80,"23,3",,"17,3",01:52,"29,3",12:26,07,"1,7","7,5",14:00,,,,,
2026-07-09,1089U,RAMALES DE LA VICTORIA,CANTABRIA,80,"25,4","2,0","20,4",Varias,"30,3",12:43,11,"1,9","8,3",14:40,,,,,
2026-07-10,1089U,RAMALES DE LA VICTORIA,CANTABRIA,80,"25,2","0,0","21,4",05:36,"29,0",12:05,09,"1,4","7,8",14:40,,,,,
2026-07-11,1089U,RAMALES DE LA VICTORIA,CANTABRIA,80,"27,0","0,0","18,6",04:56,"35,4",13:06,11,"1,7","6,9",13:40,,,,,
2026-07-12,1089U,RAMALES DE LA VICTORIA,CANTABRIA,80,"27,8","9,2","19,0",03:04,"36,5",14:02,36,"1,7","10,3",16:20,,,,,
2026-07-13,1089U,RAMALES DE LA VICTORIA,CANTABRIA,80,"23,4","0,0","17,8",05:15,"29,0",11:25,12,"2,2","6,7",15:20,,,,,
2026-07-14,1089U,RAMALES DE LA VICTORIA,CANTABRIA,80,"25,4","0,0","18,8",04:34,"31,9",12:09,09,"2,5","7,5",17:20,,,,,
2026-07-15,1089U,RAMALES DE LA VICTORIA,CANTABRIA,80,"26,0","0,0","21,8",05:05,"30,3",12:26,06,"1,4","6,1",14:10,,,,,
2026-07-16,1089U,RAMALES DE LA VICTORIA,CANTABRIA,80,"22,8","0,0","17,7",23:55,"27,8",14:33,32,"1,1","8,1",17:10,,,,,
2026-07-17,1089U,RAMALES DE LA VICTORIA,CANTABRIA,80,"22,2","0,0","16,6",04:04,"27,9",12:45,06,"1,1","6,7",14:40,,,,,
2026-07-18,1089U,RAMALES DE LA VICTORIA,CANTABRIA,80,"21,1","0,2","17,4",03:16,"24,8",15:49,08,"0,3","5,0",10:50,,,,,
2026-07-19,1089U,RAMALES DE LA VICTORIA,CANTABRIA,80,"24,0","0,0","18,1",00:03,"29,9",14:13,11,"1,4","7,2",15:10,,,,,
2026-07-20,1089U,RAMALES DE LA VICTORIA,CANTABRIA,80,"23,2","0,0","16,0",04:56,"30,4",12:41,08,"1,7","8,6",13:30,,,,,
2026-07-21,1089U,RAMALES DE LA VICTORIA,CANTABRIA,80,"22,0","0,0","14,6",Varias,"29,3",12:05,05,"1,7","7,8",15:50,,,,,
2026-07-22,1089U,RAMALES DE LA VICTORIA,CANTABRIA,80,"21,8","0,0","12,1",04:57,"31,6",11:36,10,"2,2","8,9",14:10,,,,,
2026-07-23,1089U,RAMALES DE LA VICTORIA,CANTABRIA,80,"23,0","0,0","12,9",05:04,"33,2",13:08,08,"1,7","8,1",14:30,,,,,
2026-07-24,1089U,RAMALES DE LA VICTORIA,CANTABRIA,80,"21,6","0,0","14,4",Varias,"28,8",12:22,31,"2,2","12,2",14:10,,,,,
2026-07-25,1089U,RAMALES DE LA VICTORIA,CANTABRIA,80,"19,5","27,6","15,7",03:15,"23,3",10:35,30,"1,7","9,7",10:30,,,,,
2026-07-26,1089U,RAMALES DE LA VICTORIA,CANTABRIA,80,"21,1","0,0","15,8",05:24,"26,4",16:33,31,"1,4","6,7",10:50,,,,,
2026-07-27,1089U,RAMALES DE LA VICTORIA,CANTABRIA,80,"21,4","0,2","15,4",23:56,"27,4",15:08,12,"1,7","8,3",16:50,,,,,
2026-07-28,1089U,RAMALES DE LA VICTORIA,CANTABRIA,80,"25,2","0,0","14,1",01:47,"36,2",15:04,11,"1,4","6,7",14:00,,,,,
2026-07-29,1089U,RAMALES DE LA VICTORIA,CANTABRIA,80,"22,8","0,0","16,0",05:16,"29,5",12:28,09,"1,4","6,7",15:50,,,,,
2026-07-30,1089U,RAMALES DE LA VICTORIA,CANTABRIA,80,"23,1","0,4","18,3",05:53,"27,9",11:34,11,"1,7","7,2",12:20,,,,,
2026-07-31,1089U,RAMALES DE LA VICTORIA,CANTABRIA,80,"21,1","0,4","16,7",23:36,"25,5",12:29,05,"1,1","5,8",13:30,,,,,
2026-08-01,1089U,RAMALES DE LA VICTORIA,CANTABRIA,80,"20,0","0,0","16,3",23:56,"23,7",17:21,08,"0,8","5,0",11:20,,,,,
2026-08-02,1089U,RAMALES DE LA VICTORIA,CANTABRIA,80,"22,0","0,0","15,3",04:22,"28,6",12:55,08,"1,7","7,2",14:50,,,,,
2026-08-03,1089U,RAMALES DE LA VICTORIA,CANTABRIA,80,"21,9","0,0","16,0",04:58,"27,8",11:52,08,"1,1","5,8",13:40,,,,,
2026-08-04,1089U,RAMALES DE LA VICTORIA,CANTABRIA,80,"22,6","0,0","17,1",05:08,"28,1",10:28,07,"1,1","5,3",13:00,,,,,
2026-08-05,1089U,RAMALES DE LA VICTORIA,CANTABRIA,80,"19,3","2,4","15,9",03:33,"22,7",15:50,12,"0,3","5,0",11:30,,,,,
2026-08-06,1089U,RAMALES DE LA VICTORIA,CANTABRIA,80,"19,3","0,2","15,3",23:56,"23,3",17:35,05,"0,6","3,6",11:00,,,,,
2026-08-07,1089U,RAMALES DE LA VICTORIA,CANTABRIA,80,"22,0","0,0","14,5",01:44,"29,4",12:13,08,"1,9","7,2",13:00,,,,,
2026-08-08,1089U,RAMALES DE LA VICTORIA,CANTABRIA,80,"25,0","4,6","14,9",05:11,"35,1",12:59,08,"1,9","7,5",13:30,,,,,
2026-08-09,1089U,RAMALES DE LA VICTORIA,CANTABRIA,80,"21,4","0,0","16,7",23:57,"26,2",16:41,30,"1,1","5,6",09:10,,,,,
2026-08-10,1089U,RAMALES DE LA VICTORIA,CANTABRIA,80,"21,8","0,0","14,8",05:37,"28,7",11:40,08,"0,8","6,1",12:00,,,,,
2026-08-11,1089U,RAMALES DE LA VICTORIA,CANTABRIA,80,"23,8","0,0","16,1",03:54,"31,5",12:27,10,"1,9","7,8",14:20,,,,,
2026-08-12,1089U,RAMALES DE LA VICTORIA,CANTABRIA,80,"27,5","0,0","22,3",Varias,"32,7",13:26,08,"1,7","7,8",13:50,,,,,
2026-08-13,1089U,RAMALES DE LA VICTORIA,CANTABRIA,80,"26,9","0,0","22,0",23:58,"31,8",13:13,04,"1,9","7,2",15:00,,,,,
2026-08-14,1089U,RAMALES DE LA VICTORIA,CANTABRIA,80,"23,3","0,0","19,5",05:16,"27,1",12:42,27,"1,1","7,5",17:20,,,,,
2026-08-15,1089U,RAMALES DE LA VICTORIA,CANTABRIA,80,"23,4","0,2","20,4",00:54,"26,5",13:20,08,"0,8","5,6",15:20,,,,,
2026-08-16,1089U,RAMALES DE LA VICTORIA,CANTABRIA,80,"23,0","1,4","20,2",23:36,"25,8",12:51,11,"0,6","4,4",14:30,,,,,
2026-08-17,1089U,RAMALES DE LA VICTORIA,CANTABRIA,80,"23,0","0,4","19,5",23:35,"26,4",12:06,10,"1,1","5,0",13:20,,,,,
2026-08-18,1089U,RAMALES DE LA VICTORIA,CANTABRIA,80,"24,2","0,0","18,5",03:35,"29,8",12:28,06,"1,9","8,3",14:50,,,,,
2026-08-19,1089U,RAMALES DE LA VICTORIA,CANTABRIA,80,"24,8","5,6","20,0",23:51,"29,6",15:24,28,"1,7","6,9",13:00,,,,,
2026-08-20,1089U,RAMALES DE LA VICTORIA,CANTABRIA,80,"19,0","9,4","17,1",23:55,"21,0",Varias,11,"0,6","5,3",10:20,,,,,
2026-08-21,1089U,RAMALES DE LA VICTORIA,CANTABRIA,80,"19,0","0,0","15,1",23:57,"22,9",15:04,30,"0,6","7,8",10:40,,,,,
2026-08-22,1089U,RAMALES DE LA VICTORIA,CANTABRIA,80,"19,9","0,0","12,2",Varias,"27,6",12:41,11,"1,1","7,5",11:20,,,,,
2026-08-23,1089U,RAMALES DE LA VICTORIA,CANTABRIA,80,"25,0","0,0","15,0",05:36,"34,9",12:50,30,"1,4","6,7",13:10,,,,,
2026-08-24,1089U,RAMALES DE LA VICTORIA,CANTABRIA,80,"25,0","0,6","18,8",02:14,"31,2",14:22,11,"1,7","14,4",16:20,,,,,
2026-08-25,1089U,RAMALES DE LA VICTORIA,CANTABRIA,80,"22,8","0,0","17,6",23:55,"27,9",12:31,08,"1,7","6,1",12:30,,,,,
2026-08-26,1089U,RAMALES DE LA VICTORIA,CANTABRIA,80,"24,7","0,0","16,4",06:05,"33,0",13:54,36,"1,7","10,3",14:40,,,,,
2026-08-27,1089U,RAMALES DE LA VICTORIA,CANTABRIA,80,"22,7","0,0","15,9",23:59,"29,5",12:33,10,"1,9","11,9",10:30,,,,,
2026-08-28,1089U,RAMALES DE LA VICTORIA,CANTABRIA,80,"19,4","0,0","11,6",06:06,"27,1",15:48,19,"1,9","8,1",06:50,,,,,
2026-08-29,1089U,RAMALES DE LA VICTORIA,CANTABRIA,80,"21,8","0,0","12,3",05:43,"31,4",12:30,10,"1,4","8,6",14:30,,,,,
2026-08-30,1089U,RAMALES DE LA VICTORIA,CANTABRIA,80,"19,4","0,0","14,0",05:55,"24,9",09:30,30,"0,6","7,2",11:40,,,,,
