fecha,indicativo,nombre,provincia,altitud,tmed,prec,tmin,horatmin,tmax,horatmax,dir,velmedia,racha,horaracha,sol,presMax,horaPresMax,presMin,horaPresMin
2009-03-05,2401X,PALENCIA,PALENCIA,736,"3,5","1,4","1,3",00:00,"5,7",13:18,31,"7,8","20,3",13:40,,,,,
2009-03-06,2401X,PALENCIA,PALENCIA,736,"7,1","0,0","1,5",01:06,"12,7",16:08,29,"2,8","10,3",23:45,,,,,
2009-03-07,2401X,PALENCIA,PALENCIA,736,"9,3","0,0","2,0",06:54,"16,6",14:22,30,"0,8","10,8",00:00,,,,,
2009-03-08,2401X,PALENCIA,PALENCIA,736,"7,4","0,0","2,3",Varias,"12,4",15:30,32,"0,6","6,7",14:50,,,,,
2009-03-09,2401X,PALENCIA,PALENCIA,736,"7,6","0,0","-0,7",06:45,"15,8",15:30,08,"1,1","5,3",09:30,,,,,
2009-03-10,2401X,PALENCIA,PALENCIA,736,"7,8","0,0","-3,2",06:33,"18,8",15:23,30,"1,4","6,1",13:10,,,,,
2009-03-11,2401X,PALENCIA,PALENCIA,736,"9,1","0,0","-1,6",05:30,"19,8",16:01,33,"0,8","5,0",14:40,,,,,
2009-03-12,2401X,PALENCIA,PALENCIA,736,"10,6","0,0","-1,4",06:14,"22,5",15:27,99,"1,1","3,1",Varias,,,,,
2009-03-13,2401X,PALENCIA,PALENCIA,736,"11,2","0,0","-0,3",06:40,"22,6",14:47,30,"1,7","5,3",12:40,,,,,
2009-03-14,2401X,PALENCIA,PALENCIA,736,"9,7","0,0","-0,2",06:16,"19,6",15:12,08,"1,7","6,1",18:10,,,,,
2009-03-15,2401X,PALENCIA,PALENCIA,736,"12,4","0,0","5,2",03:30,"19,7",15:13,99,"1,7","7,2",12:35,,,,,
2009-03-16,2401X,PALENCIA,PALENCIA,736,"12,0","0,0","0,7",06:43,"23,2",15:35,06,"1,1","7,5",17:30,,,,,
2009-03-17,2401X,PALENCIA,PALENCIA,736,"11,6","0,0","0,9",06:40,"22,4",15:10,15,"1,1","4,7",12:40,,,,,
2009-03-18,2401X,PALENCIA,PALENCIA,736,"10,8","0,0","-1,2",06:33,"22,8",15:30,14,"0,8","5,3",15:30,,,,,
2009-03-19,2401X,PALENCIA,PALENCIA,736,"10,8","0,0","-1,6",06:20,"23,1",15:08,35,"0,8","4,7",15:10,,,,,
2009-03-20,2401X,PALENCIA,PALENCIA,736,"11,9","0,0","0,7",06:05,"23,1",15:52,34,"1,4","8,9",15:20,,,,,
2009-03-21,2401X,PALENCIA,PALENCIA,736,"9,3","0,0","-2,0",03:30,"20,6",14:03,08,"2,8","10,6",16:50,,,,,
2009-03-22,2401X,PALENCIA,PALENCIA,736,"9,8","0,0","1,5",Varias,"18,1",14:30,99,"3,1","10,0",Varias,,,,,
2009-03-23,2401X,PALENCIA,PALENCIA,736,"9,9","0,0","-0,3",06:04,"20,1",14:51,07,"0,8","8,3",16:00,,,,,
2009-03-24,2401X,PALENCIA,PALENCIA,736,"8,7","0,0","2,1",03:09,"15,3",13:39,08,"2,2","11,4",12:10,,,,,
2009-03-25,2401X,PALENCIA,PALENCIA,736,"7,4","0,0","-3,2",05:06,"18,1",15:30,28,"1,1","9,2",16:40,,,,,
2009-03-26,2401X,PALENCIA,PALENCIA,736,"9,7","0,0","-1,3",04:05,"20,7",15:30,30,"1,1","5,6",13:20,,,,,
2009-03-27,2401X,PALENCIA,PALENCIA,736,"10,8","0,0","-0,7",06:03,"22,2",15:03,32,"2,5","9,4",23:30,,,,,
2009-03-28,2401X,PALENCIA,PALENCIA,736,"4,4","0,6","-1,4",Varias,"10,1",15:12,99,"3,1","11,7",Varias,,,,,
2009-03-29,2401X,PALENCIA,PALENCIA,736,"4,7","0,0","-1,4",Varias,"10,8",14:58,06,"2,8","13,6",11:20,,,,,
2009-03-30,2401X,PALENCIA,PALENCIA,736,"4,8","0,0","-1,6",05:30,"11,3",15:04,08,"2,8","13,6",11:10,,,,,
2009-03-31,2401X,PALENCIA,PALENCIA,736,"3,2","0,0","-2,6",04:34,"8,9",14:27,99,"1,9","9,2",Varias,,,,,
2009-04-01,2401X,PALENCIA,PALENCIA,736,"7,0","0,0","-2,5",03:15,"16,6",14:47,08,"2,2","9,2",18:20,,,,,
2009-04-02,2401X,PALENCIA,PALENCIA,736,"7,4","0,0","-1,7",06:22,"16,5",16:06,99,"0,8","6,1",09:55,,,,,
2009-04-03,2401X,PALENCIA,PALENCIA,736,"8,4","0,0","-1,7",04:30,"18,6",15:34,34,"1,1","5,3",13:00,,,,,
2009-04-04,2401X,PALENCIA,PALENCIA,736,"11,8","0,0","2,9",05:30,"20,7",15:16,99,"1,1","5,8",Varias,,,,,
2009-04-05,2401X,PALENCIA,PALENCIA,736,"12,0","0,0","3,0",04:30,"20,9",15:27,28,"1,9","8,1",14:50,,,,,
2009-04-06,2401X,PALENCIA,PALENCIA,736,"11,0","0,0","4,3",05:19,"17,6",11:30,28,"3,6","12,5",15:40,,,,,
2009-04-07,2401X,PALENCIA,PALENCIA,736,"7,8","0,0","0,5",Varias,"15,1",16:34,12,"1,1","6,7",17:30,,,,,
2009-04-08,2401X,PALENCIA,PALENCIA,736,"8,8","0,0","-0,8",05:24,"18,5",16:07,29,"1,1","6,9",09:40,,,,,
2009-04-09,2401X,PALENCIA,PALENCIA,736,"11,6","4,8","2,2",03:30,"20,9",13:50,25,"5,0","13,9",14:20,,,,,
2009-04-10,2401X,PALENCIA,PALENCIA,736,"5,0","8,4","0,2",22:39,"9,8",12:01,25,"3,9","13,1",02:50,,,,,
2009-04-11,2401X,PALENCIA,PALENCIA,736,"5,6","0,0","-1,5",05:02,"12,7",14:41,99,"2,2","8,6",Varias,,,,,
2009-04-12,2401X,PALENCIA,PALENCIA,736,"5,6","0,0","-2,4",04:56,"13,7",17:13,02,"1,9","7,2",17:30,,,,,
2009-04-13,2401X,PALENCIA,PALENCIA,736,"7,4","3,0","-2,9",05:36,"17,8",15:22,99,"2,2","8,6",17:45,,,,,
2009-04-14,2401X,PALENCIA,PALENCIA,736,"9,6","1,8","4,7",Varias,"14,4",15:11,26,"1,9","8,6",21:20,,,,,
2009-04-15,2401X,PALENCIA,PALENCIA,736,"8,3","5,6","3,9",07:35,"12,7",14:10,24,"2,2","11,9",15:20,,,,,
2009-04-16,2401X,PALENCIA,PALENCIA,736,"8,0","3,6","3,9",03:14,"12,0",13:31,30,"3,6","14,7",18:50,,,,,
2009-04-17,2401X,PALENCIA,PALENCIA,736,"8,6","1,6","3,2",Varias,"14,1",15:35,28,"3,6","9,2",02:45,,,,,
2009-04-18,2401X,PALENCIA,PALENCIA,736,"8,3","2,4","2,4",03:15,"14,2",13:19,28,"1,9","6,9",12:50,,,,,
2009-04-19,2401X,PALENCIA,PALENCIA,736,"10,6","0,0","4,8",05:39,"16,4",14:39,99,"2,2","7,2",Varias,,,,,
2009-04-20,2401X,PALENCIA,PALENCIA,736,"8,5","0,0","0,2",05:43,"16,8",14:30,08,"2,2","6,9",15:50,,,,,
2009-04-21,2401X,PALENCIA,PALENCIA,736,"10,0","0,0","1,8",02:30,"18,1",15:30,99,"2,8","8,6",Varias,,,,,
2009-04-22,2401X,PALENCIA,PALENCIA,736,"11,0","0,0","0,8",03:49,"21,3",15:36,06,"1,9","7,2",14:00,,,,,
2009-04-23,2401X,PALENCIA,PALENCIA,736,"10,9","0,0","-2,9",05:14,"24,7",14:40,99,"0,8","3,9",19:45,,,,,
2009-04-24,2401X,PALENCIA,PALENCIA,736,"13,8","0,0","3,2",05:35,"24,5",14:50,27,"3,9","11,7",16:30,,,,,
2009-04-25,2401X,PALENCIA,PALENCIA,736,"9,8","1,4","5,5",Varias,"14,1",14:54,34,"1,9","9,2",11:50,,,,,
2009-04-26,2401X,PALENCIA,PALENCIA,736,"8,8","0,0","2,0",23:19,"15,6",15:13,12,"1,4","8,1",13:10,,,,,
2009-04-27,2401X,PALENCIA,PALENCIA,736,"8,9","0,0","2,3",02:48,"15,5",11:30,99,"5,0","13,6",Varias,,,,,
2009-04-28,2401X,PALENCIA,PALENCIA,736,"11,4","0,0","6,4",05:28,"16,3",14:30,29,"6,4","13,3",16:00,,,,,
2009-04-29,2401X,PALENCIA,PALENCIA,736,"11,4","1,2","6,3",05:14,"16,5",15:29,28,"5,6","11,7",07:00,,,,,
2009-05-01,2401X,PALENCIA,PALENCIA,736,"9,6","0,0","3,9",01:17,"15,4",16:46,,"2,8",,,,,,,
2009-05-02,2401X,PALENCIA,PALENCIA,736,"12,0","0,0","2,4",05:12,"21,5",16:22,06,"2,5","8,6",11:00,,,,,
2009-05-03,2401X,PALENCIA,PALENCIA,736,"14,1","0,0","6,1",04:04,"22,1",14:15,99,"3,3","10,8",Varias,,,,,
2009-05-04,2401X,PALENCIA,PALENCIA,736,"15,2","0,0","7,7",01:05,"22,8",15:17,06,"4,2","11,4",03:30,,,,,
2009-05-05,2401X,PALENCIA,PALENCIA,736,"16,8","0,0","4,4",04:30,"29,2",14:25,28,"1,9","8,3",14:30,,,,,
2009-05-06,2401X,PALENCIA,PALENCIA,736,"18,4","0,0","8,6",05:09,"28,3",14:44,27,"4,7","12,2",15:50,,,,,
2009-05-07,2401X,PALENCIA,PALENCIA,736,"18,9","0,0","10,1",05:10,"27,7",14:39,22,"2,5","9,2",19:00,,,,,
2009-05-08,2401X,PALENCIA,PALENCIA,736,"17,2","1,2","8,6",03:30,"25,8",14:00,27,"3,9","12,2",12:50,,,,,
2009-05-09,2401X,PALENCIA,PALENCIA,736,"16,0","1,0","8,6",05:33,"23,5",16:22,99,"2,8","9,2",13:35,,,,,
2009-05-10,2401X,PALENCIA,PALENCIA,736,"15,8","5,0","9,4",04:19,"22,2",13:29,24,"4,4","14,2",14:00,,,,,
2009-05-13,2401X,PALENCIA,PALENCIA,736,"14,7","0,0","7,6",05:27,"21,8",14:33,28,"3,1","12,2",16:40,,,,,
2009-05-14,2401X,PALENCIA,PALENCIA,736,"12,8","0,0","7,9",03:26,"17,8",14:45,34,"5,6","11,1",12:00,,,,,
2009-05-15,2401X,PALENCIA,PALENCIA,736,"11,7","0,0","3,0",03:43,"20,4",17:14,28,"1,9","8,1",14:30,,,,,
2009-05-16,2401X,PALENCIA,PALENCIA,736,"16,2","0,0","8,2",02:33,"24,3",14:50,26,"3,9","11,7",15:00,,,,,
2009-05-17,2401X,PALENCIA,PALENCIA,736,"14,4","0,0","8,5",Varias,"20,3",14:05,28,"4,4","10,8",14:10,,,,,
2009-05-18,2401X,PALENCIA,PALENCIA,736,"14,6","0,0","5,6",02:58,"23,6",16:30,17,"1,7","6,1",16:20,,,,,
2009-05-19,2401X,PALENCIA,PALENCIA,736,"15,0","0,0","5,2",03:30,"24,9",17:36,11,"0,8","6,1",15:50,,,,,
2009-05-20,2401X,PALENCIA,PALENCIA,736,"17,0","0,0","5,3",04:30,"28,7",14:30,18,"0,8","6,4",12:50,,,,,
2009-05-21,2401X,PALENCIA,PALENCIA,736,"20,2","0,0","9,3",04:30,"31,1",15:12,99,"2,8","10,0",Varias,,,,,
2009-05-22,2401X,PALENCIA,PALENCIA,736,"19,8","10,6","8,8",04:30,"30,7",15:30,11,"1,7","6,7",12:20,,,,,
2009-05-23,2401X,PALENCIA,PALENCIA,736,"16,2","0,2","11,4",21:44,"21,0",15:43,25,"3,1","10,0",03:00,,,,,
2009-05-24,2401X,PALENCIA,PALENCIA,736,"15,2","5,8","8,6",Varias,"21,8",13:24,28,"1,4","9,7",15:40,,,,,
2009-05-25,2401X,PALENCIA,PALENCIA,736,"13,2",,"7,4",Varias,"19,0",15:13,26,"2,8","10,3",15:30,,,,,
2009-05-26,2401X,PALENCIA,PALENCIA,736,"13,4","0,0","8,0",Varias,"18,8",14:02,09,"1,9","8,3",18:50,,,,,
2009-05-27,2401X,PALENCIA,PALENCIA,736,"13,3","0,0","5,3",Varias,"21,3",15:02,06,"3,6","10,0",15:50,,,,,
2009-05-28,2401X,PALENCIA,PALENCIA,736,"16,6","0,0","6,9",05:05,"26,3",16:01,08,"3,1","9,2",18:30,,,,,
2009-05-29,2401X,PALENCIA,PALENCIA,736,"18,2","0,0","7,3",04:37,"29,0",16:08,33,"1,7","7,2",16:20,,,,,
2009-05-30,2401X,PALENCIA,PALENCIA,736,"19,8","0,0","8,9",04:48,"30,6",16:53,07,"0,8","8,1",19:20,,,,,
2009-05-31,2401X,PALENCIA,PALENCIA,736,"19,9","0,0","10,5",04:57,"29,3",14:29,99,"1,9","6,7",Varias,,,,,
2009-06-01,2401X,PALENCIA,PALENCIA,736,"18,0","0,0","7,0",04:30,"28,9",15:30,07,"1,7","7,5",18:50,,,,,
2009-06-02,2401X,PALENCIA,PALENCIA,736,"18,0","0,0","7,8",04:19,"28,1",14:30,99,"1,7","6,7",Varias,,,,,
2009-06-03,2401X,PALENCIA,PALENCIA,736,"20,3","0,2","10,8",Varias,"29,8",13:56,28,"0,8","19,7",18:40,,,,,
2009-06-04,2401X,PALENCIA,PALENCIA,736,"21,0","0,0","14,0",04:30,"27,9",13:13,30,"2,8","10,0",15:20,,,,,
2009-06-05,2401X,PALENCIA,PALENCIA,736,"15,9","0,8","10,2",Varias,"21,6",14:06,26,"4,7","16,1",14:20,,,,,
2009-06-06,2401X,PALENCIA,PALENCIA,736,"14,2","0,0","9,0",03:47,"19,5",15:30,28,"4,7","12,5",14:40,,,,,
2009-06-07,2401X,PALENCIA,PALENCIA,736,"14,2","8,6","8,3",04:30,"20,0",12:22,28,"3,9","10,8",12:10,,,,,
2009-06-08,2401X,PALENCIA,PALENCIA,736,"14,6","0,8","9,7",Varias,"19,4",13:39,26,"6,7","17,5",15:40,,,,,
2009-06-09,2401X,PALENCIA,PALENCIA,736,"13,8","6,4","6,9",05:21,"20,8",Varias,27,"3,9","10,6",19:10,,,,,
2009-06-10,2401X,PALENCIA,PALENCIA,736,"17,3","0,0","11,8",00:00,"22,8",16:08,27,"3,9","11,1",15:50,,,,,
2009-06-11,2401X,PALENCIA,PALENCIA,736,"20,0","0,0","11,0",04:42,"29,1",17:04,33,"1,7","6,1",14:20,,,,,
2009-06-12,2401X,PALENCIA,PALENCIA,736,"22,6","0,0","10,6",04:30,"34,5",15:30,99,"2,2","7,2",Varias,,,,,
2009-06-13,2401X,PALENCIA,PALENCIA,736,"24,2","3,0","13,0",04:30,"35,5",15:31,25,"1,7","11,1",23:59,,,,,
2009-06-14,2401X,PALENCIA,PALENCIA,736,"21,4","3,6","15,7",04:32,"27,1",15:55,25,"3,3","11,1",00:00,,,,,
2009-06-15,2401X,PALENCIA,PALENCIA,736,"21,8","0,0","15,7",Varias,"27,8",14:04,06,"0,6","7,5",23:30,,,,,
2009-06-16,2401X,PALENCIA,PALENCIA,736,"19,8","2,6","13,9",Varias,"25,7",13:05,12,"1,7","10,8",13:30,,,,,
2009-06-17,2401X,PALENCIA,PALENCIA,736,"22,6","0,0","14,1",04:30,"31,1",17:02,28,"1,7","6,4",12:20,,,,,
2009-06-18,2401X,PALENCIA,PALENCIA,736,"24,6","0,0","14,1",04:50,"35,0",15:39,,,,,,,,,
2009-06-19,2401X,PALENCIA,PALENCIA,736,"21,6","0,0","14,3",Varias,"28,8",12:46,09,"2,5","10,8",18:50,,,,,
2009-06-20,2401X,PALENCIA,PALENCIA,736,"17,7","0,0","10,7",Varias,"24,7",14:30,05,"4,7","10,8",09:10,,,,,
2009-06-21,2401X,PALENCIA,PALENCIA,736,"17,2","0,0","8,0",02:30,"26,3",15:25,08,"3,6","9,2",13:20,,,,,
2009-06-22,2401X,PALENCIA,PALENCIA,736,"19,8","0,0","8,8",04:40,"30,8",16:06,99,"1,7","5,8",Varias,,,,,
2009-06-23,2401X,PALENCIA,PALENCIA,736,"22,8","0,0","12,4",04:40,"33,3",15:19,27,"2,2","9,7",19:30,,,,,
2009-06-24,2401X,PALENCIA,PALENCIA,736,"19,8","0,0","10,0",04:48,"29,7",14:30,27,"3,3","10,8",14:00,,,,,
2009-06-25,2401X,PALENCIA,PALENCIA,736,"18,2","0,0","10,5",04:02,"25,8",14:45,28,"5,3","11,4",11:30,,,,,
2009-06-26,2401X,PALENCIA,PALENCIA,736,"18,1","0,0","10,8",04:30,"25,4",Varias,26,"2,8","8,1",14:50,,,,,
2009-06-27,2401X,PALENCIA,PALENCIA,736,"19,4","0,0","9,0",05:09,"29,7",14:33,26,"2,8","10,6",16:30,,,,,
2009-06-28,2401X,PALENCIA,PALENCIA,736,"20,4","3,2","12,1",04:26,"28,7",13:09,28,"3,1","11,9",14:10,,,,,
2009-06-29,2401X,PALENCIA,PALENCIA,736,"21,1","0,0","12,2",04:15,"30,0",14:12,28,"3,1","8,6",15:10,,,,,
2009-06-30,2401X,PALENCIA,PALENCIA,736,"23,4","0,0","14,1",04:46,"32,6",15:30,28,"1,4","7,8",21:20,,,,,
2009-07-01,2401X,PALENCIA,PALENCIA,736,"24,6","0,0","15,1",04:38,"34,0",15:16,99,"2,5","8,1",Varias,,,,,
2009-07-02,2401X,PALENCIA,PALENCIA,736,"23,9","0,0","16,2",Varias,"31,6",16:36,25,"3,1","10,3",15:10,,,,,
2009-07-03,2401X,PALENCIA,PALENCIA,736,"21,3","0,0","11,7",04:41,"30,9",15:40,99,"3,6","10,3",Varias,,,,,
2009-07-04,2401X,PALENCIA,PALENCIA,736,"21,8","0,0","14,9",04:40,"28,7",Varias,28,"2,2","10,0",16:20,,,,,
2009-07-05,2401X,PALENCIA,PALENCIA,736,"19,5","0,0","11,4",03:04,"27,6",15:23,27,"3,6","10,0",11:10,,,,,
2009-07-06,2401X,PALENCIA,PALENCIA,736,"20,6","0,0","12,8",Varias,"28,5",16:09,07,"2,2","9,7",17:20,,,,,
2009-07-07,2401X,PALENCIA,PALENCIA,736,"18,2","0,0","10,8",04:29,"25,7",15:50,05,"2,8","9,7",18:10,,,,,
2009-07-08,2401X,PALENCIA,PALENCIA,736,"19,1",,"10,5",04:03,"27,7",15:46,08,"2,8","9,2",22:50,,,,,
2009-07-09,2401X,PALENCIA,PALENCIA,736,"20,3","0,0","11,7",04:30,"28,9",17:08,07,"2,5","8,9",18:30,,,,,
2009-07-10,2401X,PALENCIA,PALENCIA,736,"21,1","0,0","11,6",04:30,"30,6",16:06,08,"1,7","8,6",19:30,,,,,
2009-07-11,2401X,PALENCIA,PALENCIA,736,"22,5","0,0","10,7",05:08,"34,3",14:30,26,"2,5","11,4",16:20,,,,,
2009-07-12,2401X,PALENCIA,PALENCIA,736,"22,4","0,0","11,4",04:30,"33,5",15:30,28,"2,8","9,4",14:20,,,,,
2009-07-13,2401X,PALENCIA,PALENCIA,736,"23,1","0,0","14,4",04:30,"31,8",13:17,24,"3,9","11,1",13:10,,,,,
2009-07-14,2401X,PALENCIA,PALENCIA,736,"19,5","0,0","11,8",05:06,"27,2",15:14,99,"3,3","9,2",Varias,,,,,
2009-07-15,2401X,PALENCIA,PALENCIA,736,"19,7","0,0","8,8",05:11,"30,6",16:01,27,"1,9","6,9",16:20,,,,,
2009-07-16,2401X,PALENCIA,PALENCIA,736,"21,0","0,0","9,8",04:30,"32,1",14:52,29,"4,4","16,1",16:50,,,,,
2009-07-17,2401X,PALENCIA,PALENCIA,736,"15,4","0,0","8,4",Varias,"22,5",15:06,30,"3,9","13,1",13:10,,,,,
2009-07-18,2401X,PALENCIA,PALENCIA,736,"16,2","0,0","4,7",04:30,"27,7",18:34,99,"1,7","6,1",Varias,,,,,
2009-07-19,2401X,PALENCIA,PALENCIA,736,"20,9","0,0","10,1",05:04,"31,7",17:28,99,"2,2","8,1",Varias,,,,,
2009-07-20,2401X,PALENCIA,PALENCIA,736,"22,0","0,0","11,9",04:34,"32,1",16:30,20,"3,1","10,3",14:20,,,,,
2009-07-21,2401X,PALENCIA,PALENCIA,736,"24,6","0,0","14,0",04:30,"35,3",14:03,24,"4,2","14,7",13:50,,,,,
2009-07-22,2401X,PALENCIA,PALENCIA,736,"24,4","2,6","16,8",04:30,"32,0",12:15,99,"5,6","17,8",Varias,,,,,
2009-07-23,2401X,PALENCIA,PALENCIA,736,"19,4","0,0","14,0",04:43,"24,8",14:30,28,"5,0","19,7",01:20,,,,,
2009-07-24,2401X,PALENCIA,PALENCIA,736,"19,7","0,0","12,6",01:30,"26,8",16:38,31,"3,3","9,2",12:10,,,,,
2009-07-25,2401X,PALENCIA,PALENCIA,736,"21,2","0,0","11,9",04:30,"30,4",17:11,34,"1,9","5,8",16:00,,,,,
2009-07-26,2401X,PALENCIA,PALENCIA,736,"23,4","0,0","10,7",04:50,"36,0",13:37,30,"2,5","10,0",15:20,,,,,
2009-07-27,2401X,PALENCIA,PALENCIA,736,"22,2","0,0","14,8",03:45,"29,6",14:30,27,"2,8","9,7",00:50,,,,,
2009-07-28,2401X,PALENCIA,PALENCIA,736,"22,4","0,0","11,7",04:21,"33,0",15:01,99,"2,2","8,1",Varias,,,,,
2009-07-29,2401X,PALENCIA,PALENCIA,736,"19,9","0,0","9,8",04:30,"30,0",14:30,28,"3,6","10,6",15:40,,,,,
2009-07-30,2401X,PALENCIA,PALENCIA,736,"21,0","0,0","12,0",Varias,"30,0",15:30,33,"1,4","6,1",16:00,,,,,
2009-07-31,2401X,PALENCIA,PALENCIA,736,"21,1",,"9,8",04:30,"32,4",13:45,99,"3,3","10,8",Varias,,,,,
2009-08-01,2401X,PALENCIA,PALENCIA,736,"18,0","13,6","12,8",03:30,"23,3",16:33,27,"3,6","11,7",15:10,,,,,
2009-08-02,2401X,PALENCIA,PALENCIA,736,"18,6","0,0","11,1",05:12,"26,1",15:39,34,"1,7","7,8",13:10,,,,,
2009-08-03,2401X,PALENCIA,PALENCIA,736,"20,2","0,0","11,2",04:30,"29,2",15:19,32,"1,1","7,2",16:10,,,,,
2009-08-04,2401X,PALENCIA,PALENCIA,736,"23,2","0,0","12,5",04:02,"33,9",14:30,99,"2,2","8,6",16:25,,,,,
2009-08-05,2401X,PALENCIA,PALENCIA,736,"24,0","0,0","13,6",05:24,"34,5",14:30,28,"2,5","8,9",13:40,,,,,
2009-08-06,2401X,PALENCIA,PALENCIA,736,"23,0","0,0","15,7",05:21,"30,4",14:39,99,"3,1","8,9",Varias,,,,,
2009-08-07,2401X,PALENCIA,PALENCIA,736,"20,0","0,0","14,5",23:55,"25,4",13:30,08,"3,6","10,0",Varias,,,,,
2009-08-08,2401X,PALENCIA,PALENCIA,736,"19,1","0,0","13,5",05:13,"24,7",15:33,06,"3,6","11,7",19:00,,,,,
2009-08-09,2401X,PALENCIA,PALENCIA,736,"18,5","0,0","13,4",05:24,"23,6",13:17,99,"2,8","10,0",Varias,,,,,
2009-08-10,2401X,PALENCIA,PALENCIA,736,"20,8","0,0","12,4",04:30,"29,1",16:20,99,"1,9","9,2",18:35,,,,,
2009-08-11,2401X,PALENCIA,PALENCIA,736,"23,0","0,0","13,0",05:15,"33,1",15:53,08,"1,9","8,1",19:10,,,,,
2009-08-12,2401X,PALENCIA,PALENCIA,736,"23,2","0,0","13,5",05:21,"32,9",14:15,,,,,,,,,
2009-08-13,2401X,PALENCIA,PALENCIA,736,"23,4","0,0","14,5",05:16,"32,3",15:22,36,"1,7","7,2",16:30,,,,,
2009-08-14,2401X,PALENCIA,PALENCIA,736,"24,2","0,0","14,5",05:19,"34,0",16:12,31,"0,8","7,5",16:20,,,,,
2009-08-15,2401X,PALENCIA,PALENCIA,736,"24,6","0,0","13,2",05:08,"36,0",13:18,22,"1,7","9,7",15:00,,,,,
2009-08-16,2401X,PALENCIA,PALENCIA,736,"26,2","0,0","16,5",Varias,"35,9",15:10,31,"1,4","7,2",15:20,,,,,
2009-08-17,2401X,PALENCIA,PALENCIA,736,"25,5","0,0","16,0",05:47,"35,0",14:07,26,"2,5","8,9",14:00,,,,,
2009-08-18,2401X,PALENCIA,PALENCIA,736,"26,4","2,8","15,9",04:45,"36,9",14:44,99,"1,1","13,6",Varias,,,,,
2009-08-19,2401X,PALENCIA,PALENCIA,736,"24,8","0,0","14,6",05:32,"35,1",15:26,24,"1,7","8,3",15:30,,,,,
2009-08-20,2401X,PALENCIA,PALENCIA,736,"23,2","0,0","13,1",05:35,"33,4",12:58,28,"1,9","9,2",13:40,,,,,
2009-08-21,2401X,PALENCIA,PALENCIA,736,"22,2","0,0","13,5",04:30,"30,8",17:10,08,"1,7","6,4",20:40,,,,,
2009-08-22,2401X,PALENCIA,PALENCIA,736,"22,7","0,0","12,6",04:21,"32,8",15:14,99,"1,7","5,6",Varias,,,,,
2009-08-23,2401X,PALENCIA,PALENCIA,736,"24,0","0,0","11,6",05:29,"36,3",14:18,26,"3,3","12,2",12:40,,,,,
2009-08-24,2401X,PALENCIA,PALENCIA,736,"21,0","0,8","14,0",03:18,"28,0",14:30,99,"1,9","7,5",Varias,,,,,
2009-08-25,2401X,PALENCIA,PALENCIA,736,"20,4","0,0","14,1",Varias,"26,8",16:11,08,"1,7","6,9",18:50,,,,,
2009-08-26,2401X,PALENCIA,PALENCIA,736,"20,6","0,0","10,9",05:38,"30,4",15:48,19,"1,7","8,6",11:30,,,,,
2009-08-27,2401X,PALENCIA,PALENCIA,736,"21,6","0,0","9,6",05:26,"33,6",15:11,22,"1,9","10,0",11:40,,,,,
2009-08-28,2401X,PALENCIA,PALENCIA,736,"20,8","0,0","14,5",Varias,"27,2",13:30,05,"3,6","10,6",12:10,,,,,
2009-08-29,2401X,PALENCIA,PALENCIA,736,"20,0","0,0","12,4",05:29,"27,5",15:15,99,"3,1","8,3",Varias,,,,,
2009-08-30,2401X,PALENCIA,PALENCIA,736,"20,0","0,0","8,7",05:35,"31,3",15:30,01,"1,7","5,0",13:00,,,,,
2009-08-31,2401X,PALENCIA,PALENCIA,736,"23,5","0,0","12,1",05:30,"34,9",15:25,27,"3,1","12,8",12:10,,,,,
2009-09-01,2401X,PALENCIA,PALENCIA,736,"21,4","0,0","13,7",Varias,"29,2",14:30,99,"1,9","8,3",Varias,,,,,
2009-09-02,2401X,PALENCIA,PALENCIA,736,"19,4","0,0","11,1",03:30,"27,6",14:25,28,"2,5","9,7",20:40,,,,,
2009-09-03,2401X,PALENCIA,PALENCIA,736,"21,2","0,0","14,2",04:56,"28,3",15:22,28,"3,1","8,6",22:50,,,,,
2009-09-04,2401X,PALENCIA,PALENCIA,736,"19,1","0,0","12,1",Varias,"26,1",14:51,08,"4,2","10,6",17:30,,,,,
2009-09-05,2401X,PALENCIA,PALENCIA,736,"17,8","0,0","9,6",05:19,"25,9",14:30,08,"3,1","8,9",16:10,,,,,
2009-09-06,2401X,PALENCIA,PALENCIA,736,"19,8","0,0","8,9",05:41,"30,6",14:40,99,"0,8","4,2",Varias,,,,,
2009-09-07,2401X,PALENCIA,PALENCIA,736,"22,8","0,0","12,7",04:01,"33,0",16:11,08,"1,4","4,7",19:20,,,,,
2009-09-08,2401X,PALENCIA,PALENCIA,736,"24,2","0,0","14,8",05:37,"33,6",14:31,,,,,,,,,
2009-09-09,2401X,PALENCIA,PALENCIA,736,"23,7","0,0","16,2",06:25,"31,2",13:42,07,"2,8","10,0",16:30,,,,,
2009-09-10,2401X,PALENCIA,PALENCIA,736,"22,1","0,0","13,4",Varias,"30,8",14:11,99,"2,5","8,3",Varias,,,,,
2009-09-11,2401X,PALENCIA,PALENCIA,736,"20,2","0,0","12,5",05:45,"28,0",13:30,05,"3,3","10,3",11:50,,,,,
2009-09-12,2401X,PALENCIA,PALENCIA,736,"20,1","0,0","12,0",06:05,"28,2",14:44,08,"1,9","8,6",18:40,,,,,
2009-09-13,2401X,PALENCIA,PALENCIA,736,"18,2","0,0","9,6",05:30,"26,8",15:01,06,"1,9","7,8",18:00,,,,,
2009-09-14,2401X,PALENCIA,PALENCIA,736,"15,8","0,0","9,7",05:19,"21,8",14:04,,"3,1",,,,,,,
2009-09-15,2401X,PALENCIA,PALENCIA,736,"13,2","0,6","6,6",Varias,"19,7",12:46,08,"2,2","10,8",14:20,,,,,
2009-09-16,2401X,PALENCIA,PALENCIA,736,"12,0","2,4","6,6",Varias,"17,5",14:11,09,"1,7","6,7",16:50,,,,,
2009-09-17,2401X,PALENCIA,PALENCIA,736,"12,6","4,2","4,1",05:40,"21,0",14:44,13,"1,1","9,7",16:40,,,,,
2009-09-18,2401X,PALENCIA,PALENCIA,736,"14,8","0,6","10,5",06:05,"19,2",14:08,33,"1,9","7,5",18:10,,,,,
2009-09-19,2401X,PALENCIA,PALENCIA,736,"15,6","0,0","8,2",02:30,"23,0",14:44,28,"2,8","8,6",10:40,,,,,
2009-09-20,2401X,PALENCIA,PALENCIA,736,"14,6","0,0","6,7",06:13,"22,5",15:45,07,"0,8","6,7",18:50,,,,,
2009-09-21,2401X,PALENCIA,PALENCIA,736,"14,0","0,0","6,9",05:18,"21,2",12:46,05,"2,2","9,7",14:40,,,,,
2009-09-22,2401X,PALENCIA,PALENCIA,736,"17,0","0,0","10,0",Varias,"24,1",14:30,07,"1,7","8,1",16:00,,,,,
2009-09-23,2401X,PALENCIA,PALENCIA,736,"17,6","0,0","7,5",06:06,"27,6",13:32,06,"0,6","6,4",14:20,,,,,
2009-09-24,2401X,PALENCIA,PALENCIA,736,"17,2","0,0","6,9",06:03,"27,6",Varias,35,"1,1","6,7",15:30,,,,,
2009-09-25,2401X,PALENCIA,PALENCIA,736,"17,0","0,0","10,2",05:52,"23,9",13:18,99,"2,8","9,7",Varias,,,,,
2009-09-26,2401X,PALENCIA,PALENCIA,736,"17,6","0,0","8,8",06:07,"26,3",14:24,99,"1,4","6,7",Varias,,,,,
2009-09-27,2401X,PALENCIA,PALENCIA,736,"17,4","0,0","8,2",06:17,"26,5",14:42,04,"1,7","7,5",19:40,,,,,
2009-09-28,2401X,PALENCIA,PALENCIA,736,"18,0","1,4","11,1",06:06,"25,0",13:47,13,"1,4","11,4",14:50,,,,,
2009-09-29,2401X,PALENCIA,PALENCIA,736,"16,2","0,0","8,0",06:18,"24,4",12:48,13,"2,2","10,6",21:40,,,,,
2009-09-30,2401X,PALENCIA,PALENCIA,736,"18,2","0,2","13,8",06:12,"22,5",12:04,99,"1,4","5,3",Varias,,,,,
2009-10-01,2401X,PALENCIA,PALENCIA,736,"18,6","0,0","12,5",23:55,"24,7",13:44,06,"0,8","11,4",15:00,,,,,
2009-10-02,2401X,PALENCIA,PALENCIA,736,"15,6","0,0","8,4",05:51,"22,7",14:59,99,"0,3","5,0",Varias,,,,,
2009-10-03,2401X,PALENCIA,PALENCIA,736,"15,8","0,0","6,2",Varias,"25,3",14:52,27,"1,4","6,9",16:10,,,,,
2009-10-04,2401X,PALENCIA,PALENCIA,736,"18,1","0,4","9,6",Varias,"26,6",15:07,24,"1,7","7,5",14:30,,,,,
2009-10-05,2401X,PALENCIA,PALENCIA,736,"21,4","0,6","14,4",06:29,"28,3",13:52,28,"2,5","10,0",21:30,,,,,
2009-10-06,2401X,PALENCIA,PALENCIA,736,"21,0","0,0","14,9",Varias,"27,0",15:36,24,"2,5","10,3",16:50,,,,,
2009-10-07,2401X,PALENCIA,PALENCIA,736,"17,0","16,6","12,9",08:08,"21,2",15:18,26,"1,9","20,0",07:50,,,,,
2009-10-08,2401X,PALENCIA,PALENCIA,736,"16,5","0,0","12,5",Varias,"20,5",13:06,27,"3,3","8,9",13:00,,,,,
2009-10-09,2401X,PALENCIA,PALENCIA,736,"14,0","0,0","8,6",05:05,"19,4",15:10,32,"1,4","5,6",15:30,,,,,
2009-10-10,2401X,PALENCIA,PALENCIA,736,"16,6","0,0","10,8",05:51,"22,3",15:47,32,"1,1","4,7",Varias,,,,,
2009-10-11,2401X,PALENCIA,PALENCIA,736,"16,9","0,0","9,6",05:59,"24,2",14:17,34,"0,6","5,0",12:50,,,,,
2009-10-12,2401X,PALENCIA,PALENCIA,736,"15,0","0,0","8,2",06:42,"21,7",13:30,08,"2,8","13,6",16:50,,,,,
2009-10-13,2401X,PALENCIA,PALENCIA,736,"15,0","0,0","7,6",06:31,"22,5",14:02,99,"1,7","9,4",Varias,,,,,
2009-10-14,2401X,PALENCIA,PALENCIA,736,"13,2","0,0","3,5",06:24,"22,9",15:04,99,"1,9","9,7",Varias,,,,,
2009-10-15,2401X,PALENCIA,PALENCIA,736,"11,8","0,0","4,9",Varias,"18,7",14:36,07,"2,5","11,9",14:10,,,,,
2009-10-16,2401X,PALENCIA,PALENCIA,736,"8,4","0,0","1,3",06:21,"15,5",14:30,06,"1,9","11,1",14:20,,,,,
2009-10-17,2401X,PALENCIA,PALENCIA,736,"10,2","0,0","1,3",03:29,"19,1",14:09,07,"1,7","8,9",12:50,,,,,
2009-10-18,2401X,PALENCIA,PALENCIA,736,"10,6","0,0","0,9",Varias,"20,3",14:49,08,"0,8","5,8",12:20,,,,,
2009-10-19,2401X,PALENCIA,PALENCIA,736,"8,7","3,0","-2,9",05:30,"20,3",14:09,27,"0,6","9,2",14:20,,,,,
2009-10-20,2401X,PALENCIA,PALENCIA,736,"10,3","8,8","7,5",Varias,"13,1",14:08,26,"3,1","10,0",22:40,,,,,
2009-10-21,2401X,PALENCIA,PALENCIA,736,"9,6","13,2","5,8",05:30,"13,3",13:15,24,"3,3","11,9",15:30,,,,,
2009-10-22,2401X,PALENCIA,PALENCIA,736,"11,6","0,0","7,1",07:18,"16,1",14:30,32,"6,1","14,7",04:40,,,,,
2009-10-23,2401X,PALENCIA,PALENCIA,736,"12,6","0,0","7,5",07:08,"17,7",15:11,27,"2,8","11,1",01:30,,,,,
2009-10-24,2401X,PALENCIA,PALENCIA,736,"15,6","0,4","10,9",04:30,"20,4",12:26,26,"2,5","9,7",Varias,,,,,
2009-10-25,2401X,PALENCIA,PALENCIA,736,"15,0","0,2","10,9",Varias,"19,2",14:29,30,"1,4","4,2",11:00,,,,,
2009-10-26,2401X,PALENCIA,PALENCIA,736,"15,6","0,0","8,8",Varias,"22,4",14:30,10,"0,3","3,3",14:00,,,,,
2009-10-27,2401X,PALENCIA,PALENCIA,736,"14,2","0,0","6,0",06:18,"22,5",13:30,31,"0,6","4,7",14:20,,,,,
2009-10-28,2401X,PALENCIA,PALENCIA,736,"15,6","0,0","7,0",06:18,"24,1",14:11,,"0,3",,,,,,,
2009-10-29,2401X,PALENCIA,PALENCIA,736,"15,6","0,0","7,7",06:45,"23,6",14:30,28,"0,3","4,2",13:10,,,,,
2009-10-30,2401X,PALENCIA,PALENCIA,736,"14,4","0,0","6,2",07:09,"22,5",13:33,99,"0,8","5,3",Varias,,,,,
2009-10-31,2401X,PALENCIA,PALENCIA,736,"15,1","0,0","9,4",04:19,"20,8",13:36,99,"0,8","4,2",13:45,,,,,
2009-11-01,2401X,PALENCIA,PALENCIA,736,"15,1","1,4","10,1",06:30,"20,1",14:17,26,"2,5","13,3",19:40,,,,,
2009-11-02,2401X,PALENCIA,PALENCIA,736,"10,0","0,0","7,3",05:21,"12,8",13:39,30,"4,4","11,1",00:30,,,,,
2009-11-03,2401X,PALENCIA,PALENCIA,736,"11,2","0,0","5,1",04:28,"17,3",14:16,26,"4,4","11,7",19:00,,,,,
2009-11-04,2401X,PALENCIA,PALENCIA,736,"10,4","0,0","7,0",22:07,"13,7",14:25,32,"7,2","18,9",12:20,,,,,
2009-11-05,2401X,PALENCIA,PALENCIA,736,"7,9","0,0","5,0",07:01,"10,8",11:49,28,"5,8","15,6",10:00,,,,,
2009-11-06,2401X,PALENCIA,PALENCIA,736,"11,8","0,0","5,8",03:14,"17,8",14:31,29,"6,1","13,3",21:20,,,,,
2009-11-07,2401X,PALENCIA,PALENCIA,736,"8,6","0,8","5,0",23:48,"12,3",,27,"5,8","18,3",10:30,,,,,
2009-11-08,2401X,PALENCIA,PALENCIA,736,"9,2","0,0","4,8",01:43,"13,5",13:41,29,"7,5","15,6",12:10,,,,,
2009-11-09,2401X,PALENCIA,PALENCIA,736,"7,2","0,0","1,7",Varias,"12,7",12:30,35,"1,9","9,4",16:00,,,,,
2009-11-10,2401X,PALENCIA,PALENCIA,736,"7,5","0,0","0,0",02:30,"15,0",14:01,28,"5,0","13,6",20:10,,,,,
2009-11-11,2401X,PALENCIA,PALENCIA,736,"12,0","0,0","6,9",05:24,"17,1",13:41,99,"4,4","10,8",Varias,,,,,
2009-11-12,2401X,PALENCIA,PALENCIA,736,"11,8","0,0","6,4",06:31,"17,2",13:45,27,"2,8","9,4",13:20,,,,,
2009-11-13,2401X,PALENCIA,PALENCIA,736,"13,2","2,4","8,9",23:34,"17,5",15:04,24,"3,1","10,8",18:20,,,,,
2009-11-14,2401X,PALENCIA,PALENCIA,736,"11,3","3,4","8,0",19:19,"14,6",13:10,23,"2,8","13,3",04:10,,,,,
2009-11-15,2401X,PALENCIA,PALENCIA,736,"12,4","1,0","8,7",05:04,"16,0",13:03,22,"4,4","15,8",12:40,,,,,
2009-11-16,2401X,PALENCIA,PALENCIA,736,"16,1","1,4","12,1",07:27,"20,1",14:14,22,"3,6","13,3",15:30,,,,,
2009-11-17,2401X,PALENCIA,PALENCIA,736,"9,2","2,2","3,7",Varias,"14,6",14:30,26,"3,1","11,9",05:30,,,,,
2009-11-18,2401X,PALENCIA,PALENCIA,736,"6,2","0,0","1,5",04:48,"10,8",15:06,34,"0,8","4,2",14:20,,,,,
2009-11-19,2401X,PALENCIA,PALENCIA,736,"10,0","0,0","2,6",Varias,"17,5",14:10,99,"0,8","5,8",12:05,,,,,
2009-11-20,2401X,PALENCIA,PALENCIA,736,"9,6","0,0","4,1",06:29,"15,2",13:47,27,"1,1","6,4",14:20,,,,,
2009-11-21,2401X,PALENCIA,PALENCIA,736,"11,2","1,8","5,1",Varias,"17,2",12:32,26,"3,3","13,9",22:00,,,,,
2009-11-22,2401X,PALENCIA,PALENCIA,736,"9,0","0,0","5,3",Varias,"12,7",14:11,26,"5,3","13,1",Varias,,,,,
2009-11-23,2401X,PALENCIA,PALENCIA,736,"7,6","0,0","3,2",23:49,"11,9",13:24,99,"1,9","10,0",Varias,,,,,
2009-11-24,2401X,PALENCIA,PALENCIA,736,"4,8","0,0","-0,7",23:13,"10,2",14:41,99,"0,6","3,6",13:55,,,,,
2009-11-25,2401X,PALENCIA,PALENCIA,736,"4,8","2,2","-0,7",06:24,"10,4",14:38,26,"2,2","8,3",22:30,,,,,
2009-11-26,2401X,PALENCIA,PALENCIA,736,"6,0","0,2","2,7",23:29,"9,3",Varias,26,"2,2","7,5",00:20,,,,,
2009-11-27,2401X,PALENCIA,PALENCIA,736,"5,2","0,0","1,0",06:21,"9,4",13:18,26,"2,2","9,2",21:10,,,,,
2009-11-28,2401X,PALENCIA,PALENCIA,736,"6,3","11,6","2,7",03:10,"9,9",13:30,99,"4,4","13,9",21:35,,,,,
2009-11-29,2401X,PALENCIA,PALENCIA,736,"4,7","1,6","1,4",22:30,"8,0",01:30,24,"6,1","18,3",02:20,,,,,
2009-11-30,2401X,PALENCIA,PALENCIA,736,"4,4","0,0","0,6",23:26,"8,2",13:39,28,"6,1","13,3",09:20,,,,,
2009-12-01,2401X,PALENCIA,PALENCIA,736,"5,0","0,0","0,8",00:01,"9,1",23:56,26,"2,8","10,3",21:00,,,,,
2009-12-02,2401X,PALENCIA,PALENCIA,736,"10,3","1,4","7,6",23:41,"13,0",11:58,26,"5,0","14,4",12:40,,,,,
2009-12-03,2401X,PALENCIA,PALENCIA,736,"6,9","0,2","3,4",07:45,"10,4",14:06,99,"5,6","11,7",00:20,,,,,
2009-12-04,2401X,PALENCIA,PALENCIA,736,"7,6","0,0","4,1",05:37,"11,2",14:31,31,"4,4","9,4",04:00,,,,,
2009-12-05,2401X,PALENCIA,PALENCIA,736,"7,6","0,2","3,0",02:21,"12,1",14:02,21,"3,6","10,3",21:10,,,,,
2009-12-06,2401X,PALENCIA,PALENCIA,736,"10,3","6,8","8,7",Varias,"11,9",13:51,21,"4,2","10,8",08:50,,,,,
2009-12-07,2401X,PALENCIA,PALENCIA,736,"9,8","0,2","5,8",24:00,"13,9",12:48,26,"5,0","12,5",14:10,,,,,
2009-12-08,2401X,PALENCIA,PALENCIA,736,"7,4","0,0","3,8",07:06,"11,1",12:59,26,"1,7","6,4",12:20,,,,,
2009-12-09,2401X,PALENCIA,PALENCIA,736,"8,4","0,2","2,8",23:45,"14,1",13:40,28,"0,8","5,0",14:30,,,,,
2009-12-10,2401X,PALENCIA,PALENCIA,736,"7,8","0,0","1,6",23:57,"13,9",14:35,06,"0,3","5,3",13:20,,,,,
2009-12-11,2401X,PALENCIA,PALENCIA,736,"2,5","0,4","-0,9",06:13,"5,9",12:45,99,"1,1","3,3",Varias,,,,,
2009-12-12,2401X,PALENCIA,PALENCIA,736,"6,1","0,0","-0,2",07:46,"12,4",14:54,08,"0,3","8,1",21:50,,,,,
2009-12-13,2401X,PALENCIA,PALENCIA,736,"1,8","0,0","-1,0",21:54,"4,6",12:21,06,"3,1","13,1",12:00,,,,,
2009-12-14,2401X,PALENCIA,PALENCIA,736,"0,6","0,0","-2,8",21:44,"3,9",13:48,08,"2,8","11,9",11:40,,,,,
2009-12-15,2401X,PALENCIA,PALENCIA,736,"-0,9","0,0","-6,1",23:44,"4,3",15:10,32,"0,8","4,2",12:00,,,,,
2009-12-16,2401X,PALENCIA,PALENCIA,736,"-2,8","0,0","-6,3",00:13,"0,6",13:25,34,"0,3","2,8",08:20,,,,,
2009-12-17,2401X,PALENCIA,PALENCIA,736,"0,0","13,4","-3,0",24:00,"2,9",14:49,34,"0,0","4,2",05:40,,,,,
2009-12-18,2401X,PALENCIA,PALENCIA,736,"-1,4","1,8","-5,2",Varias,"2,4",14:26,07,"0,3","5,0",19:00,,,,,
2009-12-19,2401X,PALENCIA,PALENCIA,736,"-4,8","0,6","-10,6",23:51,"0,9",12:47,08,"0,8","8,6",13:40,,,,,
2009-12-20,2401X,PALENCIA,PALENCIA,736,"-7,8","0,2","-12,6",07:49,"-3,0",13:20,33,"0,6","3,3",13:30,,,,,
2009-12-21,2401X,PALENCIA,PALENCIA,736,"-0,2","4,2","-9,2",00:01,"8,8",14:07,21,"3,9","10,8",15:20,,,,,
2009-12-22,2401X,PALENCIA,PALENCIA,736,"5,7","16,6","2,6",23:25,"8,8",14:18,26,"4,7","15,6",20:10,,,,,
2009-12-23,2401X,PALENCIA,PALENCIA,736,"2,4","20,4","0,7",06:38,"4,1",15:40,22,"1,4","7,2",00:30,,,,,
2009-12-24,2401X,PALENCIA,PALENCIA,736,"7,4","0,6","3,1",00:07,"11,8",12:41,24,"7,2","19,4",13:00,,,,,
2009-12-25,2401X,PALENCIA,PALENCIA,736,"1,6","4,0","-1,8",07:50,"5,1",Varias,29,"0,6","11,4",00:10,,,,,
2009-12-26,2401X,PALENCIA,PALENCIA,736,"3,8","0,0","-0,7",23:56,"8,3",14:02,04,"1,7","6,4",12:00,,,,,
2009-12-27,2401X,PALENCIA,PALENCIA,736,"1,1","5,2","-3,0",06:21,"5,2",12:42,14,"1,7","4,4",12:00,,,,,
2009-12-28,2401X,PALENCIA,PALENCIA,736,"8,2","16,2","2,9",00:01,"13,6",14:32,26,"5,0","13,9",18:20,,,,,
2009-12-29,2401X,PALENCIA,PALENCIA,736,"10,5","22,2","9,0",20:19,"12,0",13:03,26,"4,4","10,8",14:00,,,,,
2009-12-30,2401X,PALENCIA,PALENCIA,736,"7,9","9,6","5,4",23:25,"10,4",00:10,25,"5,3","18,1",03:20,,,,,
2009-12-31,2401X,PALENCIA,PALENCIA,736,"4,7","6,4","1,3",21:33,"8,1",11:51,27,"6,7","17,2",17:00,,,,,
2010-01-01,2401X,PALENCIA,PALENCIA,736,"4,0","1,4","1,3",20:46,"6,6",12:52,26,"5,0","13,1",10:50,,,,,
2010-01-02,2401X,PALENCIA,PALENCIA,736,"4,8","4,2","1,0",02:13,"8,7",15:03,26,"1,4","6,7",00:20,,,,,
2010-01-03,2401X,PALENCIA,PALENCIA,736,"6,4","9,8","4,8",07:46,"8,1",17:22,25,"2,2","6,9",17:50,,,,,
2010-01-04,2401X,PALENCIA,PALENCIA,736,"6,6","0,0","4,8",23:37,"8,4",14:38,06,"1,7","6,7",23:30,,,,,
2010-01-05,2401X,PALENCIA,PALENCIA,736,"3,7","0,2","1,1",23:54,"6,3",10:11,08,"1,4","8,3",11:50,,,,,
2010-01-06,2401X,PALENCIA,PALENCIA,736,"2,3","0,4","-1,0",23:50,"5,6",14:26,26,"1,1","5,3",14:30,,,,,
2010-01-07,2401X,PALENCIA,PALENCIA,736,"0,8","0,0","-1,9",23:45,"3,6",13:17,04,"3,6","11,4",17:10,,,,,
2010-01-08,2401X,PALENCIA,PALENCIA,736,"-1,9","0,4","-5,0",04:48,"1,2",15:24,01,"2,5","8,6",10:50,,,,,
2010-01-09,2401X,PALENCIA,PALENCIA,736,"-1,6","0,0","-4,9",23:22,"1,7",15:00,30,"1,4","7,8",14:50,,,,,
2010-01-10,2401X,PALENCIA,PALENCIA,736,"-4,6","0,0","-8,8",07:45,"-0,5",13:23,29,"1,1","7,2",01:10,,,,,
2010-01-11,2401X,PALENCIA,PALENCIA,736,"0,0","2,6","-3,5",00:01,"3,5",14:56,29,"1,4","5,0",14:00,,,,,
2010-01-12,2401X,PALENCIA,PALENCIA,736,"4,0","5,8","0,6",00:55,"7,5",14:13,28,"5,0","13,1",22:50,,,,,
2010-01-13,2401X,PALENCIA,PALENCIA,736,"4,6","17,0","1,0",02:14,"8,3",23:55,27,"3,3","10,3",00:20,,,,,
2010-01-14,2401X,PALENCIA,PALENCIA,736,"5,6","0,0","1,5",23:27,"9,7",01:16,99,"10,8","25,0",05:50,,,,,
2010-01-15,2401X,PALENCIA,PALENCIA,736,"1,7","0,2","-1,8",05:51,"5,2",15:16,27,"0,6","5,6",00:10,,,,,
2010-01-16,2401X,PALENCIA,PALENCIA,736,"7,6","6,2","3,5",00:01,"11,7",14:37,22,"3,3","10,8",06:10,,,,,
2010-01-17,2401X,PALENCIA,PALENCIA,736,"7,4","1,6","5,7",21:25,"9,1",13:53,99,"0,8","6,4",Varias,,,,,
2010-01-18,2401X,PALENCIA,PALENCIA,736,"9,1","0,8","6,5",00:01,"11,7",12:54,14,"1,4","4,7",10:10,,,,,
2010-01-19,2401X,PALENCIA,PALENCIA,736,"9,0","2,6","5,4",23:58,"12,5",11:00,27,"5,3","12,5",21:00,,,,,
2010-01-20,2401X,PALENCIA,PALENCIA,736,"6,9","0,2","3,4",23:58,"10,4",14:34,28,"4,7","10,3",13:40,,,,,
2010-01-21,2401X,PALENCIA,PALENCIA,736,"6,8","0,0","3,2",01:25,"10,5",14:53,26,"1,4","5,3",00:40,,,,,
2010-01-22,2401X,PALENCIA,PALENCIA,736,"7,2","0,4","4,9",23:32,"9,5",13:04,28,"0,8","4,2",13:00,,,,,
2010-01-23,2401X,PALENCIA,PALENCIA,736,"6,5","4,6","4,1",02:40,"8,9",12:48,02,"0,6","4,2",05:00,,,,,
2010-01-24,2401X,PALENCIA,PALENCIA,736,"5,8","0,8","2,1",23:54,"9,6",13:25,06,"1,9","8,6",12:00,,,,,
2010-01-25,2401X,PALENCIA,PALENCIA,736,"2,8","0,0","-0,4",03:46,"5,9",13:55,08,"2,8","10,3",13:50,,,,,
2010-01-26,2401X,PALENCIA,PALENCIA,736,"2,2","0,0","-0,8",06:37,"5,1",13:54,99,"4,7","12,8",Varias,,,,,
2010-01-27,2401X,PALENCIA,PALENCIA,736,"-1,3","0,0","-4,5",24:00,"1,9",13:53,06,"3,9","14,2",13:20,,,,,
2010-01-28,2401X,PALENCIA,PALENCIA,736,"-1,0","0,0","-7,8",06:03,"5,7",15:27,28,"0,6","3,6",12:30,,,,,
2010-01-29,2401X,PALENCIA,PALENCIA,736,"2,6","0,0","-3,9",05:40,"9,2",15:50,30,"3,6","14,7",16:00,,,,,
2010-01-30,2401X,PALENCIA,PALENCIA,736,"5,2","0,0","1,3",06:42,"9,2",14:17,99,"7,5","13,3",13:50,,,,,
2010-01-31,2401X,PALENCIA,PALENCIA,736,"5,7","0,0","2,0",Varias,"9,4",13:51,28,"3,6","14,2",15:30,,,,,
2010-02-01,2401X,PALENCIA,PALENCIA,736,"2,2","0,0","-3,8",07:41,"8,2",13:54,29,"0,6","8,9",02:30,,,,,
2010-02-02,2401X,PALENCIA,PALENCIA,736,"2,0","0,0","-5,6",07:25,"9,7",14:36,34,"0,6","3,9",15:10,,,,,
2010-02-03,2401X,PALENCIA,PALENCIA,736,"2,6","3,0","-6,4",07:27,"11,7",15:52,26,"2,8","13,6",23:30,,,,,
2010-02-05,2401X,PALENCIA,PALENCIA,736,"6,8","0,0","3,3",07:00,"10,4",14:50,,"5,0",,,,,,,
2010-02-06,2401X,PALENCIA,PALENCIA,736,"8,2","0,0","4,4",05:38,"11,9",15:11,29,"5,6","14,2",11:20,,,,,
2010-02-07,2401X,PALENCIA,PALENCIA,736,"5,0","1,2","0,3",06:54,"9,8",15:26,03,"0,8","3,6",13:40,,,,,
2010-02-08,2401X,PALENCIA,PALENCIA,736,"5,8","5,8","3,9",Varias,"7,7",17:35,30,"2,8","8,9",13:40,,,,,
2010-02-09,2401X,PALENCIA,PALENCIA,736,"3,0","0,0","-2,8",Varias,"8,9",14:48,34,"0,8","9,7",14:20,,,,,
2010-02-10,2401X,PALENCIA,PALENCIA,736,"-0,3","0,0","-4,6",06:38,"4,0",12:33,06,"0,8","5,8",23:20,,,,,
2010-02-11,2401X,PALENCIA,PALENCIA,736,"-0,8","0,0","-5,5",03:45,"4,0",14:01,34,"1,1","10,0",14:50,,,,,
2010-02-12,2401X,PALENCIA,PALENCIA,736,"-2,2","0,0","-7,1",05:20,"2,8",13:55,07,"2,8","11,1",16:10,,,,,
2010-02-13,2401X,PALENCIA,PALENCIA,736,"-0,9","0,0","-2,5",23:59,"0,7",13:33,05,"3,9","11,4",12:00,,,,,
2010-02-14,2401X,PALENCIA,PALENCIA,736,"-2,4","0,0","-6,4",03:15,"1,5",15:45,99,"1,9","8,3",13:50,,,,,
2010-02-15,2401X,PALENCIA,PALENCIA,736,"1,5","0,0","-3,7",07:32,"6,7",13:26,,"2,2",,,,,,,
2010-02-16,2401X,PALENCIA,PALENCIA,736,"3,7","3,2","-0,1",07:00,"7,5",14:28,15,"1,1","5,3",12:10,,,,,
2010-02-17,2401X,PALENCIA,PALENCIA,736,"4,8","3,2","2,6",Varias,"6,9",14:59,26,"1,4","10,3",22:50,,,,,
2010-02-18,2401X,PALENCIA,PALENCIA,736,"2,4","0,0","-1,2",06:00,"5,9",14:29,99,"0,8","7,5",00:10,,,,,
2010-02-19,2401X,PALENCIA,PALENCIA,736,"3,4","0,0","-1,9",06:58,"8,7",15:30,28,"1,7","14,4",16:50,,,,,
2010-02-20,2401X,PALENCIA,PALENCIA,736,"3,3","2,2","-0,6",05:26,"7,2",15:33,99,"3,9","10,6",Varias,,,,,
2010-02-21,2401X,PALENCIA,PALENCIA,736,"6,0","3,0","0,8",00:03,"11,2",15:50,25,"2,8","10,6",14:40,,,,,
2010-02-22,2401X,PALENCIA,PALENCIA,736,"8,4","3,2","5,2",21:16,"11,7",12:28,26,"5,8","22,2",12:50,,,,,
2010-02-23,2401X,PALENCIA,PALENCIA,736,"7,1","11,0","4,8",03:55,"9,4",Varias,24,"3,9","17,8",14:20,,,,,
2010-02-24,2401X,PALENCIA,PALENCIA,736,"7,4","1,0","3,4",06:43,"11,4",16:22,24,"7,5","17,8",11:10,,,,,
2010-02-25,2401X,PALENCIA,PALENCIA,736,"9,4","2,8","4,7",23:10,"14,0",13:43,27,"8,6","21,1",14:50,,,,,
2010-02-26,2401X,PALENCIA,PALENCIA,736,"6,3","3,2","1,9",07:06,"10,7",14:26,26,"2,2","11,9",01:10,,,,,
2010-02-27,2401X,PALENCIA,PALENCIA,736,"10,8","6,6","4,1",01:24,"17,6",15:00,21,"6,1","25,6",18:40,,,,,
2010-02-28,2401X,PALENCIA,PALENCIA,736,"7,9","3,2","3,1",07:28,"12,7",15:07,25,"1,7","15,0",00:40,,,,,
2010-03-01,2401X,PALENCIA,PALENCIA,736,"6,3","0,0","1,6",23:56,"11,0",12:51,24,"5,3","12,5",12:30,,,,,
2010-03-02,2401X,PALENCIA,PALENCIA,736,"7,6","0,0","-1,0",06:28,"16,1",15:06,15,"2,5","10,3",17:00,,,,,
2010-03-03,2401X,PALENCIA,PALENCIA,736,"6,4","3,8","4,7",Varias,"8,1",00:49,12,"1,9","10,3",01:20,,,,,
2010-03-04,2401X,PALENCIA,PALENCIA,736,"8,7","1,0","4,1",07:03,"13,3",14:22,28,"0,8","6,7",02:50,,,,,
2010-03-05,2401X,PALENCIA,PALENCIA,736,"5,3","1,0","3,0",07:16,"7,6",14:28,07,"4,2","13,3",09:10,,,,,
2010-03-06,2401X,PALENCIA,PALENCIA,736,"6,6","0,4","3,1",06:57,"10,0",13:29,13,"3,9","14,4",02:00,,,,,
2010-03-07,2401X,PALENCIA,PALENCIA,736,"2,6","2,6","-1,5",23:43,"6,7",16:19,06,"2,2","9,7",20:50,,,,,
2010-03-08,2401X,PALENCIA,PALENCIA,736,"-0,6","0,0","-5,5",06:59,"4,3",15:03,05,"1,4","10,8",23:59,,,,,
2010-03-09,2401X,PALENCIA,PALENCIA,736,"2,6","0,0","-1,9",21:53,"7,2",15:13,,"2,5",,,,,,,
2010-03-10,2401X,PALENCIA,PALENCIA,736,"0,4","0,0","-5,0",03:08,"5,8",13:50,30,"1,1","6,4",09:30,,,,,
2010-03-11,2401X,PALENCIA,PALENCIA,736,"0,3","0,0","-3,4",01:34,"4,0",11:39,07,"2,2","9,4",08:20,,,,,
2010-03-12,2401X,PALENCIA,PALENCIA,736,"2,2","0,0","-2,3",23:12,"6,6",Varias,07,"3,1","10,6",15:30,,,,,
2010-03-13,2401X,PALENCIA,PALENCIA,736,"2,0","0,2","-5,4",05:42,"9,3",14:34,31,"1,7","10,0",17:10,,,,,
2010-03-14,2401X,PALENCIA,PALENCIA,736,"4,4","0,0","-0,3",23:47,"9,0",13:49,08,"3,1","12,2",11:40,,,,,
2010-03-15,2401X,PALENCIA,PALENCIA,736,"5,3","0,0","-4,4",06:00,"15,0",16:23,30,"0,8","3,6",13:50,,,,,
2010-03-16,2401X,PALENCIA,PALENCIA,736,"6,6","0,0","-5,4",06:36,"18,7",15:21,21,"0,6","5,3",15:30,,,,,
2010-03-17,2401X,PALENCIA,PALENCIA,736,"8,2","0,0","-3,4",06:34,"19,8",14:01,14,"1,9","6,7",15:20,,,,,
2010-03-18,2401X,PALENCIA,PALENCIA,736,"13,5","0,2","6,8",03:18,"20,2",15:21,24,"2,5","9,4",15:00,,,,,
2010-03-19,2401X,PALENCIA,PALENCIA,736,"13,0","9,6","9,6",06:47,"16,4",15:23,24,"2,8","12,2",10:40,,,,,
2010-03-20,2401X,PALENCIA,PALENCIA,736,"13,1","16,6","9,1",23:57,"17,1",12:24,25,"4,7","20,3",13:50,,,,,
2010-03-21,2401X,PALENCIA,PALENCIA,736,"11,8","0,2","6,9",02:21,"16,6",16:33,13,"1,1","5,6",17:50,,,,,
2010-03-22,2401X,PALENCIA,PALENCIA,736,"10,0","1,0","3,0",06:34,"17,1",13:22,22,"1,9","8,3",18:00,,,,,
2010-03-24,2401X,PALENCIA,PALENCIA,736,,"6,8",,,,,,"3,6",,,,,,,
2010-03-25,2401X,PALENCIA,PALENCIA,736,"7,4","7,8","3,4",23:59,"11,5",14:57,26,"4,4","13,9",08:50,,,,,
2010-03-26,2401X,PALENCIA,PALENCIA,736,"6,5","1,8","2,2",06:33,"10,8",13:06,24,"5,8","16,1",13:20,,,,,
2010-03-27,2401X,PALENCIA,PALENCIA,736,"8,5","0,0","3,4",05:33,"13,6",15:12,26,"3,6","12,8",00:10,,,,,
2010-03-28,2401X,PALENCIA,PALENCIA,736,"9,4","0,0","1,7",05:36,"17,1",16:31,14,"1,1","4,4",15:20,,,,,
2010-03-29,2401X,PALENCIA,PALENCIA,736,"8,9","4,0","4,3",04:45,"13,5",13:52,26,"4,7","18,9",20:10,,,,,
2010-03-30,2401X,PALENCIA,PALENCIA,736,"8,6","0,0","3,7",23:46,"13,4",14:37,24,"8,3","16,7",02:30,,,,,
2010-03-31,2401X,PALENCIA,PALENCIA,736,"6,8","1,0","2,3",05:30,"11,3",12:55,26,"7,2","15,3",15:30,,,,,
2010-04-01,2401X,PALENCIA,PALENCIA,736,"6,2","0,0","0,4",04:48,"12,0",14:55,26,"2,2","8,9",Varias,,,,,
2010-04-02,2401X,PALENCIA,PALENCIA,736,"7,4","0,8","1,0",06:00,"13,8",15:10,26,"5,8","13,3",13:40,,,,,
2010-04-03,2401X,PALENCIA,PALENCIA,736,"7,8","0,2","2,3",23:58,"13,2",15:16,26,"6,7","13,3",15:00,,,,,
2010-04-04,2401X,PALENCIA,PALENCIA,736,"5,8","0,0","-1,2",05:29,"12,8",15:58,34,"1,4","8,3",13:40,,,,,
2010-04-05,2401X,PALENCIA,PALENCIA,736,"7,9","0,0","-2,4",05:51,"18,2",15:47,10,"1,1","6,7",13:50,,,,,
2010-04-06,2401X,PALENCIA,PALENCIA,736,"10,2","0,2","-0,1",05:29,"20,4",14:17,29,"1,4","9,2",23:10,,,,,
2010-04-07,2401X,PALENCIA,PALENCIA,736,"9,2","0,0","4,0",23:38,"14,3",15:37,99,"3,6","10,3",01:50,,,,,
2010-04-08,2401X,PALENCIA,PALENCIA,736,"8,8","0,0","1,3",05:59,"16,2",14:39,09,"2,2","8,6",14:10,,,,,
2010-04-09,2401X,PALENCIA,PALENCIA,736,"10,1","0,0","1,6",06:01,"18,6",16:10,14,"1,9","6,4",09:50,,,,,
2010-04-10,2401X,PALENCIA,PALENCIA,736,"10,8","0,0","1,1",05:49,"20,5",13:42,13,"1,7","8,6",11:30,,,,,
2010-04-11,2401X,PALENCIA,PALENCIA,736,"11,0","0,0","1,6",05:34,"20,5",13:56,04,"2,5","9,7",17:40,,,,,
2010-04-12,2401X,PALENCIA,PALENCIA,736,"7,5","0,0","3,3",23:49,"11,7",12:26,06,"5,6","13,1",11:00,,,,,
2010-04-13,2401X,PALENCIA,PALENCIA,736,"7,0","0,0","-0,5",06:00,"14,6",14:00,08,"2,5","12,5",09:00,,,,,
2010-04-14,2401X,PALENCIA,PALENCIA,736,"8,8","5,0","4,2",Varias,"13,3",14:11,14,"2,5","8,6",17:30,,,,,
2010-04-15,2401X,PALENCIA,PALENCIA,736,"12,0","4,8","7,2",Varias,"16,7",12:25,13,"1,1","8,3",03:20,,,,,
2010-04-16,2401X,PALENCIA,PALENCIA,736,"12,2","8,4","7,8",23:57,"16,7",12:09,06,"1,9","7,8",16:40,,,,,
2010-04-17,2401X,PALENCIA,PALENCIA,736,"12,0","6,6","7,8",00:01,"16,3",12:42,14,"0,8","7,5",13:10,,,,,
2010-04-18,2401X,PALENCIA,PALENCIA,736,"12,3","12,6","8,4",23:37,"16,2",13:33,26,"0,8","8,6",14:40,,,,,
2010-04-19,2401X,PALENCIA,PALENCIA,736,"13,1","0,0","6,9",Varias,"19,3",16:01,28,"2,2","6,9",13:10,,,,,
2010-04-20,2401X,PALENCIA,PALENCIA,736,"12,3","0,0","3,9",05:20,"20,7",15:28,14,"1,1","4,4",10:40,,,,,
2010-04-21,2401X,PALENCIA,PALENCIA,736,"13,4","8,6","5,6",03:48,"21,2",12:26,30,"1,4","9,2",20:20,,,,,
2010-04-22,2401X,PALENCIA,PALENCIA,736,"14,7","0,0","10,3",22:26,"19,1",12:49,33,"1,7","10,3",15:30,,,,,
2010-04-23,2401X,PALENCIA,PALENCIA,736,"14,2","0,0","7,4",23:48,"21,1",15:34,25,"1,9","6,4",15:00,,,,,
2010-04-24,2401X,PALENCIA,PALENCIA,736,"13,1","0,0","5,1",05:25,"21,1",15:08,28,"2,2","6,4",14:50,,,,,
2010-04-25,2401X,PALENCIA,PALENCIA,736,"14,8","0,0","5,9",05:02,"23,6",14:14,28,"0,8","6,1",14:20,,,,,
2010-04-26,2401X,PALENCIA,PALENCIA,736,"15,3","0,0","6,3",05:24,"24,3",14:49,29,"1,9","6,7",13:00,,,,,
2010-04-27,2401X,PALENCIA,PALENCIA,736,"16,6","0,0","7,3",05:31,"25,9",16:01,28,"1,7","5,6",14:10,,,,,
2010-04-28,2401X,PALENCIA,PALENCIA,736,"17,5","0,0","6,9",04:38,"28,1",13:51,28,"0,8","6,4",14:20,,,,,
2010-04-29,2401X,PALENCIA,PALENCIA,736,"17,8","0,0","10,6",23:39,"25,1",12:21,24,"3,3","9,2",11:00,,,,,
2010-04-30,2401X,PALENCIA,PALENCIA,736,"14,9","0,0","8,0",Varias,"21,8",14:46,99,"1,9","6,1",Varias,,,,,
2010-05-01,2401X,PALENCIA,PALENCIA,736,"15,1","0,0","11,0",04:40,"19,2",14:54,06,"1,7","7,2",08:50,,,,,
2010-05-02,2401X,PALENCIA,PALENCIA,736,"12,6","0,0","6,9",Varias,"18,4",14:28,08,"2,2","9,7",19:30,,,,,
2010-05-03,2401X,PALENCIA,PALENCIA,736,"7,9","0,0","2,2",23:57,"13,6",12:37,04,"2,8","10,8",12:40,,,,,
2010-05-04,2401X,PALENCIA,PALENCIA,736,"6,6","0,0","1,6",23:59,"11,6",14:07,36,"3,3","12,8",10:40,,,,,
2010-05-05,2401X,PALENCIA,PALENCIA,736,"7,3","0,0","0,2",02:31,"14,4",15:31,06,"2,5","8,9",18:30,,,,,
2010-05-06,2401X,PALENCIA,PALENCIA,736,"6,0","3,0","-2,4",04:56,"14,3",17:04,32,"0,8","5,8",09:00,,,,,
2010-05-07,2401X,PALENCIA,PALENCIA,736,"7,8","0,8","0,8",00:01,"14,9",17:09,28,"2,2","14,4",18:20,,,,,
2010-05-08,2401X,PALENCIA,PALENCIA,736,"10,2","4,0","5,3",05:18,"15,1",13:22,99,"2,2","7,5",14:40,,,,,
2010-05-09,2401X,PALENCIA,PALENCIA,736,"10,3","4,0","4,8",23:57,"15,8",16:04,27,"4,7","14,2",16:30,,,,,
2010-05-10,2401X,PALENCIA,PALENCIA,736,"9,1","0,0","1,7",05:16,"16,5",15:03,28,"3,1","9,7",15:30,,,,,
2010-05-11,2401X,PALENCIA,PALENCIA,736,"10,4","1,2","4,2",23:21,"16,7",15:54,32,"2,8","10,0",18:50,,,,,
2010-05-12,2401X,PALENCIA,PALENCIA,736,"8,4","8,2","4,6",Varias,"12,2",12:12,04,"0,6","8,9",19:50,,,,,
2010-05-13,2401X,PALENCIA,PALENCIA,736,"7,1","3,6","3,5",06:31,"10,7",14:42,33,"2,2","10,8",16:50,,,,,
2010-05-14,2401X,PALENCIA,PALENCIA,736,"6,4","0,8","1,0",05:09,"11,9",16:01,28,"4,2","9,4",18:50,,,,,
2010-05-15,2401X,PALENCIA,PALENCIA,736,"9,2","0,0","3,4",23:14,"14,9",15:45,28,"3,9","11,4",04:20,,,,,
2010-05-16,2401X,PALENCIA,PALENCIA,736,"8,4","0,0","-0,9",04:53,"17,6",17:13,12,"1,1","5,6",09:30,,,,,
2010-05-17,2401X,PALENCIA,PALENCIA,736,"11,2","0,0","1,6",04:55,"20,8",16:53,07,"1,7","6,4",17:30,,,,,
2010-05-18,2401X,PALENCIA,PALENCIA,736,"12,4","0,0","2,6",04:13,"22,2",13:40,05,"3,9","10,6",13:00,,,,,
2010-05-20,2401X,PALENCIA,PALENCIA,736,"15,4","0,0","6,9",05:00,"23,9",15:00,,"2,5",,,,,,,
2010-05-21,2401X,PALENCIA,PALENCIA,736,"16,5","0,0","5,3",05:02,"27,7",15:25,07,"1,9","6,1",18:10,,,,,
2010-05-22,2401X,PALENCIA,PALENCIA,736,"17,9","0,0","7,2",04:57,"28,6",15:11,34,"0,8","4,7",14:00,,,,,
2010-05-23,2401X,PALENCIA,PALENCIA,736,"18,5","0,0","8,2",05:03,"28,8",15:29,24,"1,1","5,8",22:10,,,,,
2010-05-24,2401X,PALENCIA,PALENCIA,736,"19,9","1,2","11,8",02:45,"28,0",14:06,24,"2,8","8,3",17:50,,,,,
2010-05-25,2401X,PALENCIA,PALENCIA,736,"16,7","1,4","11,2",22:01,"22,2",11:50,,"4,4",,,,,,,
2010-05-26,2401X,PALENCIA,PALENCIA,736,"15,4","0,2","9,4",05:16,"21,3",15:57,26,"3,9","9,7",15:20,,,,,
2010-05-27,2401X,PALENCIA,PALENCIA,736,"14,1","0,4","6,1",03:46,"22,1",14:24,34,"1,1","10,0",15:10,,,,,
2010-05-28,2401X,PALENCIA,PALENCIA,736,"16,4","0,0","10,7",23:56,"22,0",17:22,06,"1,9","5,3",07:10,,,,,
2010-05-29,2401X,PALENCIA,PALENCIA,736,"15,2","0,0","5,9",04:39,"24,5",17:07,27,"1,9","8,1",23:00,,,,,
2010-05-30,2401X,PALENCIA,PALENCIA,736,"18,9","0,0","9,3",04:50,"28,5",18:01,34,"1,4","6,9",13:30,,,,,
2010-05-31,2401X,PALENCIA,PALENCIA,736,"20,2","0,0","11,4",04:16,"29,1",16:09,07,"1,1","6,7",21:10,,,,,
2010-06-01,2401X,PALENCIA,PALENCIA,736,"20,6","0,0","12,9",05:07,"28,4",13:49,07,"1,4","6,9",17:30,,,,,
2010-06-02,2401X,PALENCIA,PALENCIA,736,"20,6","0,0","14,2",Varias,"27,1",15:02,07,"1,4","6,9",15:30,,,,,
2010-06-03,2401X,PALENCIA,PALENCIA,736,"20,7","0,0","12,0",Varias,"29,4",15:48,31,"2,5","8,6",15:30,,,,,
2010-06-04,2401X,PALENCIA,PALENCIA,736,"20,6","0,0","10,1",04:57,"31,1",17:13,12,"0,8","5,3",16:10,,,,,
2010-06-05,2401X,PALENCIA,PALENCIA,736,"21,8","0,0","11,1",04:44,"32,4",13:57,26,"4,2","11,9",14:10,,,,,
2010-06-06,2401X,PALENCIA,PALENCIA,736,"18,3","0,0","11,6",23:53,"25,0",14:21,08,"2,8","8,1",19:40,,,,,
2010-06-07,2401X,PALENCIA,PALENCIA,736,"17,8","0,0","8,4",04:55,"27,3",15:10,28,"3,1","11,4",16:40,,,,,
2010-06-08,2401X,PALENCIA,PALENCIA,736,"15,9","0,4","11,1",04:08,"20,7",11:45,26,"3,1","12,2",12:30,,,,,
2010-06-09,2401X,PALENCIA,PALENCIA,736,"14,8","17,0","11,2",23:57,"18,4",14:20,21,"1,4","7,5",17:00,,,,,
2010-06-10,2401X,PALENCIA,PALENCIA,736,"13,1","10,4","10,3",05:34,"15,9",15:39,27,"6,1","14,2",14:30,,,,,
2010-06-11,2401X,PALENCIA,PALENCIA,736,"13,6","16,4","9,9",04:35,"17,2",14:29,28,"3,9","13,1",16:10,,,,,
2010-06-12,2401X,PALENCIA,PALENCIA,736,"13,9","1,2","10,1",05:03,"17,7",16:53,28,"2,2","6,7",00:20,,,,,
2010-06-13,2401X,PALENCIA,PALENCIA,736,"16,5","0,0","11,3",23:59,"21,7",15:32,08,"2,5","8,9",09:50,,,,,
2010-06-14,2401X,PALENCIA,PALENCIA,736,"14,9","0,0","9,1",23:44,"20,7",15:14,08,"2,5","9,2",17:10,,,,,
2010-06-15,2401X,PALENCIA,PALENCIA,736,"11,2","5,2","4,4",04:26,"17,9",15:23,35,"2,5","10,3",12:30,,,,,
2010-06-16,2401X,PALENCIA,PALENCIA,736,"10,4","5,8","5,8",00:24,"15,1",Varias,26,"2,5","8,6",06:10,,,,,
2010-06-17,2401X,PALENCIA,PALENCIA,736,"13,0","0,0","4,4",04:40,"21,6",15:40,07,"1,7","5,6",17:40,,,,,
2010-06-18,2401X,PALENCIA,PALENCIA,736,"16,0","0,0","7,6",03:52,"24,3",15:50,04,"2,5","9,7",17:50,,,,,
2010-06-19,2401X,PALENCIA,PALENCIA,736,"15,8","0,0","8,3",05:08,"23,4",15:25,08,"1,4","7,5",19:00,,,,,
2010-06-20,2401X,PALENCIA,PALENCIA,736,"13,6","0,0","7,7",23:59,"19,4",15:11,06,"2,2","9,4",11:40,,,,,
2010-06-21,2401X,PALENCIA,PALENCIA,736,"14,8","0,0","6,1",03:04,"23,6",16:43,08,"2,5","8,3",10:20,,,,,
2010-06-22,2401X,PALENCIA,PALENCIA,736,"17,4","0,0","7,2",04:56,"27,6",16:26,34,"1,7","7,2",15:40,,,,,
2010-06-23,2401X,PALENCIA,PALENCIA,736,"18,4","0,0","7,2",04:43,"29,7",16:31,34,"1,7","5,6",13:30,,,,,
2010-06-24,2401X,PALENCIA,PALENCIA,736,"20,6","0,0","9,4",04:27,"31,7",15:54,08,"1,4","5,8",18:00,,,,,
2010-06-25,2401X,PALENCIA,PALENCIA,736,"20,3","0,0","13,5",03:49,"27,1",18:06,28,"0,6","6,9",19:30,,,,,
2010-06-26,2401X,PALENCIA,PALENCIA,736,"21,6","3,8","14,8",02:38,"28,5",16:51,26,"0,8","15,6",19:00,,,,,
2010-06-27,2401X,PALENCIA,PALENCIA,736,"21,1","4,0","13,9",03:04,"28,3",15:05,15,"1,7","13,6",16:50,,,,,
2010-06-28,2401X,PALENCIA,PALENCIA,736,"20,9","0,0","13,1",04:47,"28,7",17:45,13,"1,9","9,2",19:40,,,,,
2010-06-29,2401X,PALENCIA,PALENCIA,736,"21,4","0,0","13,1",04:49,"29,8",16:48,02,"0,8","6,4",18:20,,,,,
2010-06-30,2401X,PALENCIA,PALENCIA,736,"22,8","0,0","13,8",04:47,"31,8",16:33,27,"1,4","8,6",13:40,,,,,
2010-07-01,2401X,PALENCIA,PALENCIA,736,"23,4","0,8","13,8",02:48,"33,0",13:18,20,"1,4","10,6",12:10,,,,,
2010-07-02,2401X,PALENCIA,PALENCIA,736,"21,6","1,4","15,3",04:27,"28,0",10:22,99,"3,3","10,0",Varias,,,,,
2010-07-03,2401X,PALENCIA,PALENCIA,736,"23,0","0,0","15,7",02:11,"30,2",15:00,06,"1,7","7,8",07:00,,,,,
2010-07-04,2401X,PALENCIA,PALENCIA,736,"24,2","0,0","15,8",04:36,"32,6",16:46,08,"2,2","9,2",18:50,,,,,
2010-07-05,2401X,PALENCIA,PALENCIA,736,"22,6","0,0","14,8",04:06,"30,3",14:28,06,"2,5","10,3",15:10,,,,,
2010-07-06,2401X,PALENCIA,PALENCIA,736,"22,4","0,0","13,0",04:49,"31,9",16:03,08,"2,5","8,3",07:00,,,,,
2010-07-07,2401X,PALENCIA,PALENCIA,736,"25,0","0,0","13,3",04:47,"36,6",14:08,99,"1,7","6,9",Varias,,,,,
2010-07-08,2401X,PALENCIA,PALENCIA,736,"26,2","1,0","16,4",Varias,"36,0",13:14,14,"2,2","11,9",14:40,,,,,
2010-07-09,2401X,PALENCIA,PALENCIA,736,"25,0","0,0","17,6",05:03,"32,3",16:27,08,"1,9","8,9",19:10,,,,,
2010-07-10,2401X,PALENCIA,PALENCIA,736,"25,2","0,0","15,9",04:33,"34,5",16:44,14,"1,7","5,3",11:40,,,,,
2010-07-11,2401X,PALENCIA,PALENCIA,736,"24,5","0,0","13,4",04:27,"35,6",15:50,29,"1,9","8,6",14:10,,,,,
2010-07-12,2401X,PALENCIA,PALENCIA,736,"23,2","0,0","14,7",05:02,"31,8",14:55,25,"3,9","11,4",13:30,,,,,
2010-07-13,2401X,PALENCIA,PALENCIA,736,"22,1","0,0","13,1",04:29,"31,1",15:50,99,"3,3","8,6",Varias,,,,,
2010-07-14,2401X,PALENCIA,PALENCIA,736,"20,0","0,0","13,7",04:30,"26,3",14:41,28,"5,0","11,4",12:00,,,,,
2010-07-15,2401X,PALENCIA,PALENCIA,736,"19,0","0,0","8,9",05:04,"29,2",16:45,27,"1,9","8,9",14:30,,,,,
2010-07-16,2401X,PALENCIA,PALENCIA,736,"22,1","0,0","13,6",04:53,"30,6",16:29,28,"3,1","8,6",12:50,,,,,
2010-07-17,2401X,PALENCIA,PALENCIA,736,"20,8","0,0","12,7",05:07,"28,8",15:00,05,"3,1","10,8",17:00,,,,,
2010-07-18,2401X,PALENCIA,PALENCIA,736,"22,8","0,0","11,7",04:58,"34,0",Varias,28,"1,7","7,2",16:10,,,,,
2010-07-19,2401X,PALENCIA,PALENCIA,736,"25,4","0,0","15,5",05:12,"35,2",16:13,36,"1,9","8,1",15:00,,,,,
2010-07-20,2401X,PALENCIA,PALENCIA,736,"23,6","0,0","14,2",05:37,"33,1",14:51,31,"2,5","10,0",20:00,,,,,
2010-07-21,2401X,PALENCIA,PALENCIA,736,"20,8","0,0","13,5",23:13,"28,1",15:07,34,"1,9","8,3",12:20,,,,,
2010-07-22,2401X,PALENCIA,PALENCIA,736,"18,6","0,0","12,8",23:53,"24,3",15:07,08,"3,6","10,3",14:30,,,,,
2010-07-23,2401X,PALENCIA,PALENCIA,736,"18,3","0,0","10,6",04:56,"26,0",15:45,08,"2,2","8,3",14:50,,,,,
2010-07-24,2401X,PALENCIA,PALENCIA,736,"19,4","0,0","9,0",05:05,"29,8",15:54,07,"1,9","7,8",18:40,,,,,
2010-07-25,2401X,PALENCIA,PALENCIA,736,"19,6","0,0","10,6",05:12,"28,5",14:34,07,"2,8","8,9",14:00,,,,,
2010-07-26,2401X,PALENCIA,PALENCIA,736,"20,0","0,0","10,8",03:33,"29,3",13:59,07,"2,5","9,7",14:50,,,,,
2010-07-27,2401X,PALENCIA,PALENCIA,736,"22,6","0,0","12,4",05:08,"32,9",14:30,99,"1,9","6,1",Varias,,,,,
2010-07-28,2401X,PALENCIA,PALENCIA,736,"23,2","0,0","11,4",05:07,"35,0",15:39,06,"1,1","5,3",21:20,,,,,
2010-07-29,2401X,PALENCIA,PALENCIA,736,"22,6","0,0","15,9",Varias,"29,3",14:00,06,"3,3","9,2",07:40,,,,,
2010-07-30,2401X,PALENCIA,PALENCIA,736,"22,4","0,0","12,9",04:55,"32,0",16:02,,"1,4",,,,,,,
2010-07-31,2401X,PALENCIA,PALENCIA,736,"23,6","0,0","11,7",05:00,"35,5",16:40,28,"1,4","6,4",14:30,,,,,
2010-08-01,2401X,PALENCIA,PALENCIA,736,"25,0","0,0","16,0",05:27,"34,0",15:07,07,"3,1","9,7",18:20,,,,,
2010-08-02,2401X,PALENCIA,PALENCIA,736,"20,3","0,0","14,3",23:49,"26,3",14:48,06,"4,2","10,3",16:50,,,,,
2010-08-03,2401X,PALENCIA,PALENCIA,736,"19,6","0,0","11,5",04:56,"27,7",15:17,07,"3,1","9,2",08:40,,,,,
2010-08-04,2401X,PALENCIA,PALENCIA,736,"20,3","0,0","10,6",05:02,"30,0",16:44,06,"1,4","8,6",19:10,,,,,
2010-08-05,2401X,PALENCIA,PALENCIA,736,"18,2","0,0","10,8",05:05,"25,6",14:41,07,"2,5","8,9",12:10,,,,,
2010-08-06,2401X,PALENCIA,PALENCIA,736,"20,0","0,0","9,7",05:22,"30,4",15:22,12,"2,5","7,2",12:30,,,,,
2010-08-07,2401X,PALENCIA,PALENCIA,736,"22,4","0,0","9,7",05:08,"35,0",14:43,25,"1,1","8,6",16:00,,,,,
2010-08-08,2401X,PALENCIA,PALENCIA,736,"24,2","0,0","13,8",05:24,"34,7",Varias,22,"1,7","11,4",19:20,,,,,
2010-08-09,2401X,PALENCIA,PALENCIA,736,"25,6","0,0","17,3",23:58,"33,8",14:23,29,"2,5","9,2",13:50,,,,,
2010-08-10,2401X,PALENCIA,PALENCIA,736,"23,3","0,0","12,9",05:26,"33,7",15:03,26,"1,9","11,7",13:30,,,,,
2010-08-11,2401X,PALENCIA,PALENCIA,736,"22,5","0,0","12,8",04:33,"32,2",15:03,26,"1,9","7,2",14:50,,,,,
2010-08-12,2401X,PALENCIA,PALENCIA,736,"19,7","0,0","13,3",23:43,"26,1",14:15,07,"3,3","11,7",17:10,,,,,
2010-08-13,2401X,PALENCIA,PALENCIA,736,"16,6","0,0","10,8",23:58,"22,3",14:41,08,"3,9","11,9",09:50,,,,,
2010-08-14,2401X,PALENCIA,PALENCIA,736,"16,0","0,0","8,6",05:17,"23,4",14:56,08,"1,1","8,1",19:40,,,,,
2010-08-15,2401X,PALENCIA,PALENCIA,736,"17,5","0,0","9,8",05:41,"25,2",14:34,09,"2,5","10,3",20:40,,,,,
2010-08-16,2401X,PALENCIA,PALENCIA,736,"18,6","0,0","9,3",05:27,"27,9",15:19,34,"2,2","7,8",16:00,,,,,
2010-08-17,2401X,PALENCIA,PALENCIA,736,"19,6","0,0","8,6",05:46,"30,5",15:48,26,"1,9","12,2",13:50,,,,,
2010-08-18,2401X,PALENCIA,PALENCIA,736,"21,6","0,0","11,8",05:45,"31,4",15:00,29,"1,9","7,2",12:10,,,,,
2010-08-19,2401X,PALENCIA,PALENCIA,736,"22,2","0,0","12,7",05:31,"31,6",15:21,14,"3,1","9,7",17:50,,,,,
2010-08-20,2401X,PALENCIA,PALENCIA,736,"23,4","0,0","12,4",05:05,"34,4",14:57,29,"0,8","12,2",12:20,,,,,
2010-08-21,2401X,PALENCIA,PALENCIA,736,"25,0","0,0","13,6",05:08,"36,5",14:20,20,"1,7","6,9",13:30,,,,,
2010-08-22,2401X,PALENCIA,PALENCIA,736,"26,4","0,0","19,1",05:31,"33,7",13:36,30,"3,6","13,3",12:30,,,,,
2010-08-23,2401X,PALENCIA,PALENCIA,736,"21,6","0,0","12,9",05:26,"30,3",14:01,26,"4,2","11,9",16:00,,,,,
2010-08-24,2401X,PALENCIA,PALENCIA,736,"22,4","0,0","15,4",Varias,"29,5",15:19,26,"1,9","9,2",15:30,,,,,
2010-08-25,2401X,PALENCIA,PALENCIA,736,"23,7","0,0","12,8",05:26,"34,6",14:57,27,"2,5","8,3",15:10,,,,,
2010-08-26,2401X,PALENCIA,PALENCIA,736,"24,5","0,0","15,0",05:18,"34,0",12:08,24,"4,4","13,9",11:30,,,,,
2010-08-27,2401X,PALENCIA,PALENCIA,736,"23,0","0,0","16,0",23:26,"30,1",14:56,26,"3,1","11,4",04:50,,,,,
2010-08-28,2401X,PALENCIA,PALENCIA,736,"19,6","0,0","12,4",05:29,"26,8",14:27,07,"2,8","9,2",11:20,,,,,
2010-08-29,2401X,PALENCIA,PALENCIA,736,"19,4","0,0","10,1",05:36,"28,6",15:15,09,"1,7","6,7",01:00,,,,,
2010-08-30,2401X,PALENCIA,PALENCIA,736,"18,4","0,0","8,2",05:38,"28,6",16:18,06,"1,4","7,2",10:10,,,,,
2010-08-31,2401X,PALENCIA,PALENCIA,736,"19,6","0,0","8,8",05:24,"30,4",14:34,99,"0,8","4,7",Varias,,,,,
2010-09-01,2401X,PALENCIA,PALENCIA,736,"18,6","4,6","13,6",00:01,"23,6",15:32,15,"0,8","6,4",07:20,,,,,
2010-09-02,2401X,PALENCIA,PALENCIA,736,"21,0","0,0","13,3",06:03,"28,8",13:48,30,"0,3","5,0",16:50,,,,,
2010-09-03,2401X,PALENCIA,PALENCIA,736,"21,4","0,0","11,2",05:40,"31,6",15:04,34,"0,6","5,3",15:10,,,,,
2010-09-04,2401X,PALENCIA,PALENCIA,736,"22,0","0,0","11,5",03:51,"32,6",14:01,28,"2,2","7,5",12:50,,,,,
2010-09-05,2401X,PALENCIA,PALENCIA,736,"22,4","0,0","11,2",04:54,"33,6",12:24,23,"2,5","10,3",12:10,,,,,
2010-09-06,2401X,PALENCIA,PALENCIA,736,"21,0","4,6","13,5",03:51,"28,5",12:09,27,"3,6","12,2",14:00,,,,,
2010-09-07,2401X,PALENCIA,PALENCIA,736,"14,6","1,4","9,9",23:26,"19,2",15:26,26,"4,7","15,0",15:50,,,,,
2010-09-08,2401X,PALENCIA,PALENCIA,736,"14,4","0,0","6,6",05:40,"22,3",14:22,30,"3,3","10,3",15:50,,,,,
2010-09-09,2401X,PALENCIA,PALENCIA,736,"16,8","0,0","9,6",04:47,"24,0",15:43,28,"0,8","7,2",02:10,,,,,
2010-09-10,2401X,PALENCIA,PALENCIA,736,"17,6","0,0","7,1",05:30,"28,2",13:36,32,"0,8","5,0",14:50,,,,,
2010-09-11,2401X,PALENCIA,PALENCIA,736,"18,3","0,0","6,4",05:00,"30,2",15:09,33,"0,8","5,0",14:00,,,,,
2010-09-12,2401X,PALENCIA,PALENCIA,736,"18,9","0,0","13,2",04:12,"24,6",14:32,07,"3,6","11,9",17:40,,,,,
2010-09-13,2401X,PALENCIA,PALENCIA,736,"19,2","0,0","10,2",23:59,"28,2",14:17,08,"1,7","8,1",15:20,,,,,
2010-09-14,2401X,PALENCIA,PALENCIA,736,"18,4","0,0","7,4",05:43,"29,4",15:19,35,"1,7","4,7",11:00,,,,,
2010-09-15,2401X,PALENCIA,PALENCIA,736,"20,5","2,4","9,3",05:12,"31,7",13:07,32,"0,8","5,8",14:40,,,,,
2010-09-16,2401X,PALENCIA,PALENCIA,736,"19,2","9,2","14,4",Varias,"24,0",12:21,32,"1,9","9,2",18:00,,,,,
2010-09-17,2401X,PALENCIA,PALENCIA,736,"13,8","4,0","11,2",23:59,"16,5",Varias,08,"1,7","9,2",20:00,,,,,
2010-09-18,2401X,PALENCIA,PALENCIA,736,"14,6","0,2","8,9",23:59,"20,4",15:29,07,"1,4","7,8",Varias,,,,,
2010-09-19,2401X,PALENCIA,PALENCIA,736,"14,6","0,0","5,3",05:15,"23,8",14:14,26,"0,8","5,8",14:10,,,,,
2010-09-20,2401X,PALENCIA,PALENCIA,736,"17,1","0,0","8,1",03:30,"26,1",13:48,24,"0,3","11,1",15:50,,,,,
2010-09-21,2401X,PALENCIA,PALENCIA,736,"18,7","0,0","11,3",04:37,"26,1",14:03,26,"1,4","7,2",11:50,,,,,
2010-09-22,2401X,PALENCIA,PALENCIA,736,"18,0","0,0","10,5",05:35,"25,5",11:22,22,"1,7","7,8",12:40,,,,,
2010-09-23,2401X,PALENCIA,PALENCIA,736,"17,6","0,0","12,0",Varias,"23,2",11:15,,"2,2",,,,,,,
2010-09-24,2401X,PALENCIA,PALENCIA,736,"15,3","0,0","8,3",23:55,"22,3",11:39,28,"4,7","10,8",08:30,,,,,
2010-09-25,2401X,PALENCIA,PALENCIA,736,"12,0","0,0","4,0",05:43,"19,9",12:59,10,"1,7","9,4",17:40,,,,,
2010-09-26,2401X,PALENCIA,PALENCIA,736,"10,8","0,0","4,9",05:47,"16,8",13:02,08,"1,9","8,3",Varias,,,,,
2010-09-27,2401X,PALENCIA,PALENCIA,736,"10,6","0,0","1,8",03:19,"19,5",14:22,99,"1,4","4,7",12:40,,,,,
2010-09-28,2401X,PALENCIA,PALENCIA,736,"13,6","0,0","3,8",05:44,"23,4",14:21,31,"0,6","3,9",11:00,,,,,
2010-09-29,2401X,PALENCIA,PALENCIA,736,"14,8","0,0","4,2",05:32,"25,5",13:36,26,"2,2","8,3",20:40,,,,,
2010-09-30,2401X,PALENCIA,PALENCIA,736,"15,4","0,0","9,2",04:00,"21,6",15:00,,"1,1",,,,,,,
2010-10-01,2401X,PALENCIA,PALENCIA,736,"13,6","0,0","5,2",06:18,"22,0",14:36,26,"1,1","7,8",12:00,,,,,
2010-10-02,2401X,PALENCIA,PALENCIA,736,"17,1","0,0","8,2",06:43,"26,0",14:30,26,"3,1","13,3",13:10,,,,,
2010-10-03,2401X,PALENCIA,PALENCIA,736,"12,9","12,4","8,6",03:12,"17,2",09:51,22,"3,9","18,9",19:50,,,,,
2010-10-04,2401X,PALENCIA,PALENCIA,736,"13,2","0,0","7,6",23:53,"18,7",14:43,26,"5,8","15,0",00:40,,,,,
2010-10-05,2401X,PALENCIA,PALENCIA,736,"13,6","0,0","5,0",Varias,"22,3",15:17,24,"1,4","6,7",13:20,,,,,
2010-10-06,2401X,PALENCIA,PALENCIA,736,"14,8","0,0","6,7",05:14,"23,0",14:51,27,"1,9","9,2",12:10,,,,,
2010-10-07,2401X,PALENCIA,PALENCIA,736,"14,8","1,8","5,6",06:11,"24,0",13:43,12,"1,4","6,9",12:20,,,,,
2010-10-08,2401X,PALENCIA,PALENCIA,736,"16,8","3,8","9,3",06:29,"24,4",12:51,19,"3,1","11,9",13:10,,,,,
2010-10-09,2401X,PALENCIA,PALENCIA,736,"12,6","12,8","6,7",23:31,"18,4",00:01,22,"1,7","10,0",10:10,,,,,
2010-10-10,2401X,PALENCIA,PALENCIA,736,"11,6","0,8","5,7",05:12,"17,4",14:01,99,"1,4","6,7",14:50,,,,,
2010-10-11,2401X,PALENCIA,PALENCIA,736,"12,7","0,4","9,8",00:29,"15,6",12:07,08,"1,9","8,1",11:50,,,,,
2010-10-12,2401X,PALENCIA,PALENCIA,736,"15,0","0,0","10,0",06:31,"20,1",13:42,05,"1,4","6,7",19:30,,,,,
2010-10-13,2401X,PALENCIA,PALENCIA,736,"13,1","0,0","6,7",23:58,"19,5",14:59,05,"0,8","8,6",08:30,,,,,
2010-10-14,2401X,PALENCIA,PALENCIA,736,"10,6","0,0","3,2",04:02,"18,1",15:12,07,"1,1","5,0",21:20,,,,,
2010-10-15,2401X,PALENCIA,PALENCIA,736,"9,7","0,0","3,3",04:33,"16,1",15:31,99,"2,2","8,3",Varias,,,,,
2010-10-16,2401X,PALENCIA,PALENCIA,736,"8,7","0,0","2,8",07:03,"14,6",14:50,07,"1,9","8,9",13:50,,,,,
2010-10-17,2401X,PALENCIA,PALENCIA,736,"8,7","0,0","3,2",06:11,"14,2",14:21,07,"1,7","9,4",13:10,,,,,
2010-10-18,2401X,PALENCIA,PALENCIA,736,"7,4","0,0","1,1",03:38,"13,7",14:47,08,"1,4","8,9",10:10,,,,,
2010-10-19,2401X,PALENCIA,PALENCIA,736,"8,8","0,0","0,4",03:56,"17,2",14:53,08,"0,8","6,1",11:10,,,,,
2010-10-20,2401X,PALENCIA,PALENCIA,736,"8,1","0,0","-1,3",06:48,"17,5",14:32,06,"1,1","6,4",12:20,,,,,
2010-10-21,2401X,PALENCIA,PALENCIA,736,"9,4","0,0","-1,3",06:42,"20,1",14:41,28,"0,6","5,3",14:50,,,,,
2010-10-22,2401X,PALENCIA,PALENCIA,736,"9,8","0,0","0,9",06:43,"18,8",14:36,28,"0,8","5,8",15:00,,,,,
2010-10-23,2401X,PALENCIA,PALENCIA,736,"10,4","0,0","2,0",06:53,"18,7",14:19,28,"1,4","6,4",12:10,,,,,
2010-10-24,2401X,PALENCIA,PALENCIA,736,"12,9","0,0","6,7",06:25,"19,1",13:23,29,"4,2","14,2",15:20,,,,,
2010-10-25,2401X,PALENCIA,PALENCIA,736,"7,4","0,0","1,9",23:59,"12,9",13:30,05,"2,2","10,3",11:40,,,,,
2010-10-26,2401X,PALENCIA,PALENCIA,736,"6,0","0,0","-3,1",06:59,"15,2",14:52,30,"0,6","5,3",12:20,,,,,
2010-10-27,2401X,PALENCIA,PALENCIA,736,"9,2","0,0","-1,2",03:07,"19,7",14:47,28,"0,6","4,2",13:50,,,,,
2010-10-28,2401X,PALENCIA,PALENCIA,736,"12,6","0,0","2,2",07:17,"23,1",14:58,24,"0,8","3,9",15:30,,,,,
2010-10-29,2401X,PALENCIA,PALENCIA,736,"11,6","19,0","6,0",06:08,"17,2",12:15,26,"2,2","14,7",15:20,,,,,
2010-10-30,2401X,PALENCIA,PALENCIA,736,"8,6","7,0","5,9",03:37,"11,2",13:55,19,"3,3","13,1",12:50,,,,,
2010-10-31,2401X,PALENCIA,PALENCIA,736,"9,9","2,0","7,0",06:57,"12,8",13:08,28,"6,1","13,9",23:30,,,,,
2010-11-01,2401X,PALENCIA,PALENCIA,736,"10,4","0,0","4,7",23:59,"16,1",15:16,99,"1,4","13,9",00:40,,,,,
2010-11-02,2401X,PALENCIA,PALENCIA,736,"9,3","0,0","1,4",Varias,"17,2",14:49,28,"0,8","3,9",15:20,,,,,
2010-11-03,2401X,PALENCIA,PALENCIA,736,"9,4","0,0","2,5",07:11,"16,4",15:10,01,"0,8","3,9",13:10,,,,,
2010-11-04,2401X,PALENCIA,PALENCIA,736,"11,8","0,4","4,9",05:10,"18,7",15:03,35,"1,1","4,2",14:00,,,,,
2010-11-05,2401X,PALENCIA,PALENCIA,736,"11,1","0,0","4,8",23:42,"17,4",15:15,14,"0,3","4,2",10:30,,,,,
2010-11-06,2401X,PALENCIA,PALENCIA,736,"9,4","0,2","4,8",00:29,"14,0",14:33,14,"0,6","3,9",16:30,,,,,
2010-11-07,2401X,PALENCIA,PALENCIA,736,"7,3","0,0","2,8",22:00,"11,8",13:36,99,"2,2","7,8",Varias,,,,,
2010-11-08,2401X,PALENCIA,PALENCIA,736,"8,6","5,4","3,7",01:02,"13,6",13:05,26,"9,2","21,7",12:20,,,,,
2010-11-09,2401X,PALENCIA,PALENCIA,736,"8,2","0,0","5,1",23:55,"11,4",13:06,26,"9,4","18,3",15:00,,,,,
2010-11-10,2401X,PALENCIA,PALENCIA,736,"6,0","0,0","0,6",23:54,"11,4",13:12,34,"4,7","12,8",15:00,,,,,
2010-11-11,2401X,PALENCIA,PALENCIA,736,"6,0","0,0","-0,3",01:11,"12,2",12:23,27,"5,3","12,2",16:40,,,,,
2010-11-12,2401X,PALENCIA,PALENCIA,736,"11,7","0,0","8,2",06:44,"15,2",13:06,25,"1,9","10,3",03:50,,,,,
2010-11-13,2401X,PALENCIA,PALENCIA,736,"11,8","2,6","9,1",Varias,"14,4",13:09,24,"3,3","10,6",19:50,,,,,
2010-11-14,2401X,PALENCIA,PALENCIA,736,"7,0","0,4","3,3",23:45,"10,8",01:05,20,"3,9","11,7",01:10,,,,,
2010-11-15,2401X,PALENCIA,PALENCIA,736,"5,8","0,0","1,0",Varias,"10,5",14:00,,"6,1",,,,,,,
2010-11-16,2401X,PALENCIA,PALENCIA,736,"3,8","8,6","-2,0",06:42,"9,6",14:19,30,"2,2","7,8",01:00,,,,,
2010-11-17,2401X,PALENCIA,PALENCIA,736,"7,3","0,2","3,7",22:51,"10,9",13:50,30,"4,7","11,7",14:50,,,,,
2010-11-18,2401X,PALENCIA,PALENCIA,736,"6,9","0,0","3,0",00:57,"10,8",13:58,26,"5,6","11,9",06:10,,,,,
2010-11-19,2401X,PALENCIA,PALENCIA,736,"5,6","11,0","2,9",00:37,"8,2",Varias,22,"1,7","9,2",21:30,,,,,
2010-11-20,2401X,PALENCIA,PALENCIA,736,"7,8","0,2","4,4",05:32,"11,3",13:52,26,"7,2","16,4",15:30,,,,,
2010-11-21,2401X,PALENCIA,PALENCIA,736,"6,6","0,0","2,2",23:55,"11,0",14:29,27,"6,1","12,8",04:20,,,,,
2010-11-22,2401X,PALENCIA,PALENCIA,736,"3,8","0,0","-1,7",06:45,"9,3",Varias,26,"3,1","8,3",20:40,,,,,
2010-11-23,2401X,PALENCIA,PALENCIA,736,"2,4","0,0","-1,4",05:45,"6,3",13:30,27,"1,4","5,0",01:40,,,,,
2010-11-24,2401X,PALENCIA,PALENCIA,736,"3,2","0,0","-2,9",23:59,"9,2",14:28,99,"0,8","3,3",Varias,,,,,
2010-11-25,2401X,PALENCIA,PALENCIA,736,"1,8","0,0","-4,7",05:03,"8,4",15:08,99,"2,5","8,3",13:50,,,,,
2010-11-26,2401X,PALENCIA,PALENCIA,736,"0,8","0,0","-5,9",07:02,"7,5",13:41,07,"1,1","3,6",15:10,,,,,
2010-11-27,2401X,PALENCIA,PALENCIA,736,"-0,4","0,0","-7,1",05:21,"6,2",14:22,29,"1,7","3,6",13:30,,,,,
2010-11-28,2401X,PALENCIA,PALENCIA,736,"0,4","0,0","-5,0",00:02,"5,9",14:20,27,"1,9","8,6",08:10,,,,,
2010-11-29,2401X,PALENCIA,PALENCIA,736,"-1,5","2,4","-7,7",07:08,"4,7",14:47,13,"0,8","5,3",20:30,,,,,
2010-11-30,2401X,PALENCIA,PALENCIA,736,"2,4","1,6","-0,5",02:00,"5,4",14:45,22,"1,1","5,6",14:40,,,,,
2010-12-01,2401X,PALENCIA,PALENCIA,736,"2,6","0,0","0,1",18:01,"5,0",14:15,99,"3,3","10,0",Varias,,,,,
2010-12-02,2401X,PALENCIA,PALENCIA,736,"0,0","6,2","-4,0",07:19,"4,1",14:12,25,"5,0","11,7",17:50,,,,,
2010-12-03,2401X,PALENCIA,PALENCIA,736,"-3,2","0,0","-8,0",06:07,"1,5",14:45,28,"3,9","10,0",12:50,,,,,
2010-12-04,2401X,PALENCIA,PALENCIA,736,"-3,2","0,2","-8,3",03:57,"2,0",13:24,28,"1,1","3,6",20:30,,,,,
2010-12-05,2401X,PALENCIA,PALENCIA,736,"4,8","12,2","0,4",Varias,"9,3",23:48,20,"1,4","10,8",23:20,,,,,
2010-12-06,2401X,PALENCIA,PALENCIA,736,"12,4","10,6","9,1",Varias,"15,6",13:09,26,"5,3","17,8",12:50,,,,,
2010-12-07,2401X,PALENCIA,PALENCIA,736,"11,1","26,8","8,5",01:20,"13,7",12:56,21,"2,8","10,8",14:00,,,,,
2010-12-08,2401X,PALENCIA,PALENCIA,736,"10,6","5,4","7,5",23:59,"13,6",13:28,24,"3,6","11,9",09:00,,,,,
2010-12-09,2401X,PALENCIA,PALENCIA,736,"5,2","0,0","2,8",23:15,"7,5",00:01,07,"2,2","8,9",10:10,,,,,
2010-12-10,2401X,PALENCIA,PALENCIA,736,"7,2","0,0","1,7",07:01,"12,7",13:56,08,"0,8","5,0",06:00,,,,,
2010-12-11,2401X,PALENCIA,PALENCIA,736,"7,6","0,0","0,3",07:33,"14,8",13:52,31,"0,3","2,5",16:20,,,,,
2010-12-12,2401X,PALENCIA,PALENCIA,736,"7,6","0,4","1,6",01:41,"13,6",14:41,99,"1,1","2,8",Varias,,,,,
2010-12-13,2401X,PALENCIA,PALENCIA,736,"7,7","1,6","4,5",23:59,"10,9",15:08,04,"1,1","5,3",21:40,,,,,
2010-12-14,2401X,PALENCIA,PALENCIA,736,"3,7","0,0","-0,8",06:50,"8,2",13:51,08,"1,9","7,5",15:00,,,,,
2010-12-15,2401X,PALENCIA,PALENCIA,736,"0,9","0,0","-2,0",22:43,"3,8",12:37,01,"3,1","12,5",11:30,,,,,
2010-12-16,2401X,PALENCIA,PALENCIA,736,"-0,2","0,0","-4,4",23:57,"4,1",14:15,08,"2,5","8,3",11:40,,,,,
2010-12-17,2401X,PALENCIA,PALENCIA,736,"-0,7","0,0","-7,4",07:50,"6,0",14:55,28,"3,6","9,2",19:40,,,,,
2010-12-18,2401X,PALENCIA,PALENCIA,736,"-0,8","0,0","-3,1",Varias,"1,4",14:31,13,"1,4","5,0",08:10,,,,,
2010-12-19,2401X,PALENCIA,PALENCIA,736,"-1,4","0,0","-3,8",07:59,"1,1",19:42,26,"1,9","6,1",13:00,,,,,
2010-12-20,2401X,PALENCIA,PALENCIA,736,"5,2","11,8","0,1",00:01,"10,4",13:53,21,"2,8","8,9",12:50,,,,,
2010-12-21,2401X,PALENCIA,PALENCIA,736,"7,4","19,6","3,6",01:45,"11,1",14:48,23,"1,9","7,2",17:40,,,,,
2010-12-22,2401X,PALENCIA,PALENCIA,736,"9,2","17,2","6,1",23:43,"12,3",12:38,24,"1,7","6,1",11:10,,,,,
2010-12-23,2401X,PALENCIA,PALENCIA,736,"3,2","2,4","0,3",23:57,"6,2",00:03,30,"4,4","10,8",20:30,,,,,
2010-12-24,2401X,PALENCIA,PALENCIA,736,"0,7","0,0","-3,6",23:19,"5,0",14:43,32,"3,3","8,3",14:10,,,,,
2010-12-25,2401X,PALENCIA,PALENCIA,736,"-1,8","0,0","-5,8",07:25,"2,3",12:48,08,"2,2","7,8",15:10,,,,,
2010-12-26,2401X,PALENCIA,PALENCIA,736,"-1,2","0,0","-6,0",04:56,"3,7",14:37,05,"1,9","5,3",07:00,,,,,
2010-12-27,2401X,PALENCIA,PALENCIA,736,"-0,4","0,0","-6,9",01:56,"6,0",14:43,28,"0,6","7,2",20:50,,,,,
2010-12-28,2401X,PALENCIA,PALENCIA,736,"3,7","0,0","-1,1",00:38,"8,5",15:05,34,"0,8","3,9",12:40,,,,,
2010-12-29,2401X,PALENCIA,PALENCIA,736,"5,6","0,0","-1,2",07:59,"12,3",14:16,16,"0,6","4,2",10:40,,,,,
2010-12-30,2401X,PALENCIA,PALENCIA,736,"4,3","1,2","-0,2",07:16,"8,8",14:44,99,"0,8","5,8",Varias,,,,,
2010-12-31,2401X,PALENCIA,PALENCIA,736,"8,2","0,2","3,4",23:59,"12,9",12:59,,"1,1",,,,,,,
2011-01-01,2401X,PALENCIA,PALENCIA,736,"6,6","0,0","2,9",00:49,"10,4",13:59,36,"0,6","3,3",04:10,,,,,
2011-01-02,2401X,PALENCIA,PALENCIA,736,"6,7","0,0","3,6",23:58,"9,8",12:59,14,"0,8","3,9",21:30,,,,,
2011-01-03,2401X,PALENCIA,PALENCIA,736,"2,8","0,0","-0,4",04:39,"5,9",16:15,06,"1,1","3,6",00:40,,,,,
2011-01-04,2401X,PALENCIA,PALENCIA,736,"6,6","13,8","4,0",Varias,"9,2",Varias,24,"3,6","8,9",10:40,,,,,
2011-01-05,2401X,PALENCIA,PALENCIA,736,"10,0","2,0","7,9",03:24,"12,2",12:55,20,"5,6","12,2",13:00,,,,,
2011-01-06,2401X,PALENCIA,PALENCIA,736,"12,0","12,4","9,1",Varias,"14,9",11:55,24,"5,6","13,6",12:10,,,,,
2011-01-07,2401X,PALENCIA,PALENCIA,736,"10,6","0,8","8,6",22:47,"12,5",14:46,21,"4,4","13,3",12:10,,,,,
2011-01-08,2401X,PALENCIA,PALENCIA,736,"9,3","4,2","6,6",23:58,"12,0",11:31,23,"4,7","16,4",11:40,,,,,
2011-01-09,2401X,PALENCIA,PALENCIA,736,"5,4","6,2","3,7",04:10,"7,1",11:31,27,"0,8","7,5",05:00,,,,,
2011-01-10,2401X,PALENCIA,PALENCIA,736,"5,2","1,0","2,8",09:01,"7,7",23:35,26,"2,5","11,4",Varias,,,,,
2011-01-11,2401X,PALENCIA,PALENCIA,736,"9,0","0,2","6,1",23:59,"12,0",13:13,,"6,9",,,,,,,
2011-01-12,2401X,PALENCIA,PALENCIA,736,"5,5","0,0","2,0",07:40,"9,0",14:48,24,"1,1","4,4",04:10,,,,,
2011-01-13,2401X,PALENCIA,PALENCIA,736,"5,2","0,0","3,7",Varias,"6,6",14:22,29,"0,8","3,6",14:30,,,,,
2011-01-14,2401X,PALENCIA,PALENCIA,736,"3,6","0,0","1,3",03:15,"5,9",15:55,33,"1,1","3,9",14:30,,,,,
2011-01-15,2401X,PALENCIA,PALENCIA,736,"3,3","0,0","2,1",23:49,"4,5",Varias,35,"0,8","3,6",13:40,,,,,
2011-01-16,2401X,PALENCIA,PALENCIA,736,"2,9","0,0","0,8",07:41,"5,0",16:02,18,"0,8","4,2",23:30,,,,,
2011-01-17,2401X,PALENCIA,PALENCIA,736,"5,6","0,0","3,2",Varias,"8,1",15:52,15,"1,4","5,0",06:00,,,,,
2011-01-18,2401X,PALENCIA,PALENCIA,736,"7,0","0,2","4,1",00:01,"9,9",15:21,13,"0,3","3,1",04:20,,,,,
2011-01-19,2401X,PALENCIA,PALENCIA,736,"8,0","0,0","5,3",07:39,"10,6",14:03,08,"1,4","5,8",12:20,,,,,
2011-01-20,2401X,PALENCIA,PALENCIA,736,"4,8","0,0","-0,2",23:31,"9,7",14:21,05,"2,2","11,1",15:40,,,,,
2011-01-21,2401X,PALENCIA,PALENCIA,736,"0,2","0,0","-3,5",23:59,"3,8",14:30,07,"2,8","12,2",11:00,,,,,
2011-01-22,2401X,PALENCIA,PALENCIA,736,"-0,6","0,0","-4,6",06:13,"3,4",13:44,,"3,3",,,,,,,
2011-01-23,2401X,PALENCIA,PALENCIA,736,"0,4","0,0","-3,0",23:40,"3,9",14:41,06,"3,3","13,9",12:40,,,,,
2011-01-24,2401X,PALENCIA,PALENCIA,736,"0,8","0,0","-4,2",07:16,"5,8",15:07,08,"3,1","11,1",14:40,,,,,
2011-01-25,2401X,PALENCIA,PALENCIA,736,"-0,2","0,0","-7,1",08:01,"6,8",14:21,06,"1,1","3,6",01:20,,,,,
2011-01-26,2401X,PALENCIA,PALENCIA,736,,"0,0",,,,,,,,,,,,,
2011-01-27,2401X,PALENCIA,PALENCIA,736,,"6,0",,,,,,"1,4",,,,,,,
2011-01-28,2401X,PALENCIA,PALENCIA,736,"2,4","1,0","0,5",05:03,"4,2",12:44,22,"1,4","5,6",13:10,,,,,
2011-01-29,2401X,PALENCIA,PALENCIA,736,"2,8","0,0","0,8",19:18,"4,7",15:57,28,"1,7","6,9",06:50,,,,,
2011-01-30,2401X,PALENCIA,PALENCIA,736,"2,8","2,6","0,1",04:19,"5,4",14:58,07,"1,1","8,1",14:50,,,,,
2011-01-31,2401X,PALENCIA,PALENCIA,736,"1,4","0,0","-0,8",05:36,"3,6",14:32,06,"1,9","7,2",19:10,,,,,
2011-02-01,2401X,PALENCIA,PALENCIA,736,"2,4","0,0","-1,5",23:58,"6,3",14:55,08,"1,9","6,4",13:20,,,,,
2011-02-02,2401X,PALENCIA,PALENCIA,736,"3,0","0,0","-3,0",02:13,"9,1",15:26,,"2,2",,,,,,,
2011-02-03,2401X,PALENCIA,PALENCIA,736,"4,6","0,0","-2,1",06:57,"11,2",15:31,31,"1,1","5,6",14:40,,,,,
2011-02-04,2401X,PALENCIA,PALENCIA,736,,"0,0",,,,,,,,,,,,,
2011-02-05,2401X,PALENCIA,PALENCIA,736,,"0,0",,,,,,"0,6",,,,,,,
2011-02-06,2401X,PALENCIA,PALENCIA,736,"6,2","0,0","-3,4",07:46,"15,8",15:46,99,"1,1","3,3",17:40,,,,,
2011-02-07,2401X,PALENCIA,PALENCIA,736,"6,8","0,0","-3,4",07:24,"17,0",15:10,31,"1,4","5,3",15:30,,,,,
2011-02-08,2401X,PALENCIA,PALENCIA,736,"6,0","0,0","-3,8",07:25,"15,7",14:10,30,"1,1","5,6",14:40,,,,,
2011-02-09,2401X,PALENCIA,PALENCIA,736,"4,9","0,0","-3,4",07:12,"13,2",15:17,29,"1,1","5,0",14:20,,,,,
2011-02-10,2401X,PALENCIA,PALENCIA,736,,"0,0",,,,,,,,,,,,,
2011-02-11,2401X,PALENCIA,PALENCIA,736,,"0,0",,,,,,"2,2",,,,,,,
2011-02-12,2401X,PALENCIA,PALENCIA,736,"5,6","0,0","0,1",05:55,"11,0",14:40,28,"1,4","6,4",01:20,,,,,
2011-02-13,2401X,PALENCIA,PALENCIA,736,"5,6","3,4","2,0",06:24,"9,2",11:41,,"4,2",,,,,,,
2011-02-14,2401X,PALENCIA,PALENCIA,736,"3,0","2,6","0,2",07:08,"5,9",11:55,26,"5,3","11,1",08:00,,,,,
2011-02-15,2401X,PALENCIA,PALENCIA,736,"5,3","7,2","0,8",23:47,"9,8",13:39,27,"2,5","11,1",22:20,,,,,
2011-02-16,2401X,PALENCIA,PALENCIA,736,"4,6","10,4","0,8",23:59,"8,4",14:44,21,"5,3","15,3",18:30,,,,,
2011-02-17,2401X,PALENCIA,PALENCIA,736,"3,8","0,0","-0,2",23:55,"7,8",14:02,30,"5,8","13,9",13:30,,,,,
2011-02-18,2401X,PALENCIA,PALENCIA,736,"3,1","5,8","-2,2",05:06,"8,4",13:57,28,"1,4","6,1",15:40,,,,,
2011-02-19,2401X,PALENCIA,PALENCIA,736,"8,8","0,2","4,8",23:59,"12,7",14:56,26,"1,9","8,6",09:40,,,,,
2011-02-20,2401X,PALENCIA,PALENCIA,736,"7,4","1,8","2,5",02:04,"12,2",13:16,26,"3,9","11,4",17:30,,,,,
2011-02-21,2401X,PALENCIA,PALENCIA,736,"7,2","0,0","3,9",Varias,"10,5",15:09,25,"7,5","14,7",19:20,,,,,
2011-02-22,2401X,PALENCIA,PALENCIA,736,"10,2","0,0","6,3",Varias,"14,1",15:36,27,"6,9","15,0",02:20,,,,,
2011-02-23,2401X,PALENCIA,PALENCIA,736,"7,6","0,0","0,3",07:00,"14,8",14:13,27,"1,4","8,1",00:30,,,,,
2011-02-24,2401X,PALENCIA,PALENCIA,736,"8,7","0,0","1,7",02:33,"15,7",14:55,,"1,1",,,,,,,
2011-02-25,2401X,PALENCIA,PALENCIA,736,"8,1","0,0","-0,5",07:20,"16,7",15:30,99,"1,1","5,0",Varias,,,,,
2011-02-26,2401X,PALENCIA,PALENCIA,736,"8,1","0,0","-0,1",06:58,"16,3",13:50,13,"1,1","5,6",12:20,,,,,
2011-02-27,2401X,PALENCIA,PALENCIA,736,"5,2","0,0","-0,4",21:55,"10,8",14:08,33,"2,2","8,1",13:10,,,,,
2011-02-28,2401X,PALENCIA,PALENCIA,736,"5,2","0,0","0,9",00:01,"9,5",13:00,30,"3,1","12,5",02:00,,,,,
2011-03-01,2401X,PALENCIA,PALENCIA,736,"2,5","0,0","-1,9",06:37,"6,9",15:05,04,"2,5","10,8",17:10,,,,,
2011-03-02,2401X,PALENCIA,PALENCIA,736,"2,5","0,0","-2,0",23:55,"7,0",13:20,04,"3,6","12,5",14:20,,,,,
2011-03-03,2401X,PALENCIA,PALENCIA,736,"1,6","0,0","-3,6",04:04,"6,8",14:44,05,"2,2","8,9",13:40,,,,,
2011-03-04,2401X,PALENCIA,PALENCIA,736,"2,6","4,8","-1,3",01:46,"6,6",14:27,99,"1,4","11,4",Varias,,,,,
2011-03-05,2401X,PALENCIA,PALENCIA,736,"6,4","0,0","0,1",22:41,"12,6",12:38,13,"2,8","10,3",00:30,,,,,
2011-03-06,2401X,PALENCIA,PALENCIA,736,"5,6","0,0","-3,1",06:49,"14,2",Varias,16,"1,7","7,5",13:10,,,,,
2011-03-07,2401X,PALENCIA,PALENCIA,736,"7,4","0,0","-2,2",07:22,"17,0",14:47,12,"1,1","5,8",13:10,,,,,
2011-03-08,2401X,PALENCIA,PALENCIA,736,"8,1","0,0","0,8",03:42,"15,4",Varias,14,"3,1","10,0",10:50,,,,,
2011-03-09,2401X,PALENCIA,PALENCIA,736,"10,0","0,0","4,5",06:39,"15,6",15:49,06,"3,1","10,0",13:50,,,,,
2011-03-10,2401X,PALENCIA,PALENCIA,736,"9,9","0,0","0,5",07:03,"19,3",15:12,34,"0,8","8,9",14:20,,,,,
2011-03-11,2401X,PALENCIA,PALENCIA,736,"7,6","0,4","-0,3",06:22,"15,6",13:40,14,"2,5","11,4",18:10,,,,,
2011-03-12,2401X,PALENCIA,PALENCIA,736,"9,2","0,2","5,2",04:26,"13,3",13:54,22,"2,5","6,7",13:20,,,,,
2011-03-13,2401X,PALENCIA,PALENCIA,736,"8,2","7,6","3,2",02:20,"13,2",13:02,24,"1,7","7,2",15:30,,,,,
2011-03-14,2401X,PALENCIA,PALENCIA,736,"8,0","6,8","2,7",06:04,"13,3",16:02,12,"3,3","10,3",17:40,,,,,
2011-03-15,2401X,PALENCIA,PALENCIA,736,"6,8","9,2","4,4",06:30,"9,3",14:34,26,"4,2","11,4",16:20,,,,,
2011-03-16,2401X,PALENCIA,PALENCIA,736,"8,4","1,2","4,7",06:36,"12,1",13:07,99,"6,7","13,6",06:50,,,,,
2011-03-17,2401X,PALENCIA,PALENCIA,736,"9,0","0,0","1,2",06:39,"16,8",14:34,12,"1,4","6,7",19:00,,,,,
2011-03-18,2401X,PALENCIA,PALENCIA,736,"7,4","0,0","-0,5",06:26,"15,3",16:23,99,"0,8","4,2",14:30,,,,,
2011-03-19,2401X,PALENCIA,PALENCIA,736,"8,8","0,0","0,1",05:55,"17,6",Varias,07,"1,4","6,1",14:10,,,,,
2011-03-20,2401X,PALENCIA,PALENCIA,736,"8,7","0,0","-0,6",06:25,"18,0",15:03,08,"1,7","7,2",14:50,,,,,
2011-03-21,2401X,PALENCIA,PALENCIA,736,"7,2","0,0","-0,9",06:27,"15,4",15:17,06,"2,8","10,3",17:10,,,,,
2011-03-22,2401X,PALENCIA,PALENCIA,736,"7,8","0,0","0,2",06:24,"15,4",12:24,07,"2,8","12,5",17:30,,,,,
2011-03-23,2401X,PALENCIA,PALENCIA,736,"7,7","0,4","3,0",06:25,"12,4",14:18,12,"4,4","14,7",17:40,,,,,
2011-03-24,2401X,PALENCIA,PALENCIA,736,"10,2","0,0","5,5",05:44,"14,9",14:29,14,"4,4","11,9",16:00,,,,,
2011-03-25,2401X,PALENCIA,PALENCIA,736,"11,2","2,2","5,3",01:49,"17,0",13:56,31,"1,7","9,7",15:50,,,,,
2011-03-26,2401X,PALENCIA,PALENCIA,736,"11,1","2,6","5,7",23:57,"16,5",14:20,28,"3,3","14,7",20:20,,,,,
2011-03-27,2401X,PALENCIA,PALENCIA,736,"8,0","11,2","3,7",02:45,"12,3",11:06,28,"6,4","15,0",15:40,,,,,
2011-03-28,2401X,PALENCIA,PALENCIA,736,"8,2","1,6","3,5",06:15,"12,9",12:09,28,"3,1","11,4",01:10,,,,,
2011-03-29,2401X,PALENCIA,PALENCIA,736,"11,1","0,0","7,0",06:32,"15,2",13:05,27,"5,0","15,6",16:30,,,,,
2011-03-30,2401X,PALENCIA,PALENCIA,736,"13,0","0,0","8,5",21:23,"17,5",13:35,26,"5,3","12,2",01:00,,,,,
2011-03-31,2401X,PALENCIA,PALENCIA,736,"12,0","0,0","3,8",05:40,"20,1",15:33,28,"0,6","4,7",00:10,,,,,
2011-04-01,2401X,PALENCIA,PALENCIA,736,"14,2","0,0","3,3",05:56,"25,1",15:37,99,"1,9","7,5",Varias,,,,,
2011-04-02,2401X,PALENCIA,PALENCIA,736,"14,2","0,0","7,9",03:46,"20,5",13:35,24,"3,1","9,2",12:10,,,,,
2011-04-03,2401X,PALENCIA,PALENCIA,736,"9,8","2,6","7,2",23:51,"12,4",12:48,08,"1,1","8,6",20:10,,,,,
2011-04-04,2401X,PALENCIA,PALENCIA,736,"11,1","0,0","5,2",22:51,"17,0",16:46,05,"1,4","7,2",00:10,,,,,
2011-04-05,2401X,PALENCIA,PALENCIA,736,"14,2","0,0","3,1",03:46,"25,3",16:36,99,"1,4","4,7",Varias,,,,,
2011-04-06,2401X,PALENCIA,PALENCIA,736,"16,8","0,0","6,5",05:06,"27,2",14:31,13,"1,4","6,7",10:50,,,,,
2011-04-07,2401X,PALENCIA,PALENCIA,736,"16,8","0,0","6,3",05:52,"27,3",14:20,12,"1,4","6,1",13:10,,,,,
2011-04-08,2401X,PALENCIA,PALENCIA,736,"17,2","0,0","6,6",05:57,"27,7",14:59,34,"1,1","3,6",13:40,,,,,
2011-04-09,2401X,PALENCIA,PALENCIA,736,"16,4","0,0","7,2",05:59,"25,7",14:08,26,"2,8","10,0",21:30,,,,,
2011-04-10,2401X,PALENCIA,PALENCIA,736,"14,2","0,0","7,7",05:03,"20,8",15:24,34,"1,7","10,3",17:10,,,,,
2011-04-11,2401X,PALENCIA,PALENCIA,736,"12,4","0,0","7,6",05:41,"17,1",14:39,06,"2,2","9,7",14:10,,,,,
2011-04-12,2401X,PALENCIA,PALENCIA,736,"12,2","0,0","6,4",23:59,"18,1",14:59,08,"3,3","10,0",06:40,,,,,
2011-04-13,2401X,PALENCIA,PALENCIA,736,"12,5","0,0","2,2",05:50,"22,8",15:47,30,"1,1","5,8",16:10,,,,,
2011-04-14,2401X,PALENCIA,PALENCIA,736,"13,6","0,0","4,4",05:59,"22,8",15:25,13,"1,1","6,4",16:40,,,,,
2011-04-15,2401X,PALENCIA,PALENCIA,736,"10,1","0,0","2,7",05:55,"17,5",15:08,07,"2,8","8,6",11:50,,,,,
2011-04-16,2401X,PALENCIA,PALENCIA,736,"12,0","0,0","2,8",06:04,"21,1",Varias,07,"1,4","6,7",11:20,,,,,
2011-04-17,2401X,PALENCIA,PALENCIA,736,"13,2","0,0","3,5",05:10,"23,0",16:18,14,"1,1","6,1",12:10,,,,,
2011-04-18,2401X,PALENCIA,PALENCIA,736,"15,6","0,2","7,1",05:39,"24,2",14:36,27,"2,2","8,3",20:20,,,,,
2011-04-19,2401X,PALENCIA,PALENCIA,736,"15,0","4,8","9,0",05:12,"20,9",13:42,12,"2,5","9,2",14:20,,,,,
2011-04-20,2401X,PALENCIA,PALENCIA,736,"14,4","7,2","9,9",Varias,"19,0",11:46,21,"1,4","7,8",11:50,,,,,
2011-04-21,2401X,PALENCIA,PALENCIA,736,"14,4","24,8","9,7",05:07,"19,2",13:11,14,"2,2","11,9",14:20,,,,,
2011-04-22,2401X,PALENCIA,PALENCIA,736,"10,1","2,4","5,4",23:51,"14,8",12:49,13,"2,5","10,3",13:40,,,,,
2011-04-23,2401X,PALENCIA,PALENCIA,736,"11,3","0,0","4,8",01:15,"17,8",16:01,06,"1,4","7,8",16:30,,,,,
2011-04-24,2401X,PALENCIA,PALENCIA,736,"13,4","0,0","9,8",03:02,"17,1",14:27,99,"3,1","11,4",13:30,,,,,
2011-04-25,2401X,PALENCIA,PALENCIA,736,"12,4","0,0","8,0",Varias,"16,9",15:20,07,"2,5","10,3",09:30,,,,,
2011-04-26,2401X,PALENCIA,PALENCIA,736,"12,4","0,6","6,4",04:29,"18,4",12:58,08,"3,1","11,4",13:50,,,,,
2011-04-27,2401X,PALENCIA,PALENCIA,736,"12,5","0,0","4,1",05:36,"20,9",15:40,05,"1,9","9,7",11:10,,,,,
2011-04-28,2401X,PALENCIA,PALENCIA,736,"12,6","0,0","4,7",05:41,"20,6",15:45,08,"1,4","6,4",10:20,,,,,
2011-04-29,2401X,PALENCIA,PALENCIA,736,"14,7","0,0","7,9",05:50,"21,5",14:06,21,"0,8","6,7",22:30,,,,,
2011-04-30,2401X,PALENCIA,PALENCIA,736,"14,2","4,4","9,1",Varias,"19,2",13:02,13,"2,2","10,3",14:20,,,,,
2011-05-01,2401X,PALENCIA,PALENCIA,736,"13,5","4,4","7,4",23:59,"19,6",15:07,22,"1,9","8,1",13:10,,,,,
2011-05-02,2401X,PALENCIA,PALENCIA,736,"13,3","0,0","5,4",03:03,"21,2",15:03,03,"1,1","6,7",15:00,,,,,
2011-05-03,2401X,PALENCIA,PALENCIA,736,"13,6","0,6","6,6",05:11,"20,6",14:37,27,"1,7","8,3",Varias,,,,,
2011-05-04,2401X,PALENCIA,PALENCIA,736,"12,6","0,0","4,5",05:06,"20,6",15:50,28,"1,9","5,8",Varias,,,,,
2011-05-05,2401X,PALENCIA,PALENCIA,736,"14,0","0,0","5,0",05:20,"23,0",Varias,25,"1,4","7,5",16:10,,,,,
2011-05-06,2401X,PALENCIA,PALENCIA,736,"15,4","4,4","7,9",01:09,"23,0",12:46,14,"3,3","10,3",17:00,,,,,
2011-05-07,2401X,PALENCIA,PALENCIA,736,"13,2","0,0","6,8",23:58,"19,6",15:17,28,"3,9","12,8",16:50,,,,,
2011-05-08,2401X,PALENCIA,PALENCIA,736,"12,7","0,0","4,7",01:35,"20,7",15:02,24,"3,6","8,6",13:00,,,,,
2011-05-09,2401X,PALENCIA,PALENCIA,736,"14,8","0,0","3,9",05:00,"25,6",15:35,13,"1,9","7,2",12:50,,,,,
2011-05-10,2401X,PALENCIA,PALENCIA,736,"18,0","0,0","7,3",04:48,"28,8",15:29,13,"0,6","5,8",14:10,,,,,
2011-05-11,2401X,PALENCIA,PALENCIA,736,"18,5","2,8","8,7",05:02,"28,3",16:03,28,"1,4","10,8",18:50,,,,,
2011-05-12,2401X,PALENCIA,PALENCIA,736,"17,0","0,0","10,7",04:54,"23,4",14:47,13,"3,1","8,3",17:00,,,,,
2011-05-13,2401X,PALENCIA,PALENCIA,736,"17,0","0,0","7,3",04:20,"26,8",16:26,31,"0,8","6,4",19:00,,,,,
2011-05-14,2401X,PALENCIA,PALENCIA,736,"11,6","0,0","6,1",23:49,"17,2",12:43,06,"4,2","14,2",15:00,,,,,
2011-05-15,2401X,PALENCIA,PALENCIA,736,"10,7","0,0","3,2",05:12,"18,2",15:08,07,"3,9","11,4",09:20,,,,,
2011-05-16,2401X,PALENCIA,PALENCIA,736,"14,1","0,0","5,1",04:51,"23,1",15:37,99,"1,1","6,1",Varias,,,,,
2011-05-17,2401X,PALENCIA,PALENCIA,736,"15,9","1,2","5,4",05:09,"26,4",13:14,09,"1,7","8,6",19:00,,,,,
2011-05-18,2401X,PALENCIA,PALENCIA,736,,,,,,,,,,,,,,,
2011-05-19,2401X,PALENCIA,PALENCIA,736,"17,3","0,2","10,7",23:54,"23,9",15:14,,,,,,,,,
2011-05-20,2401X,PALENCIA,PALENCIA,736,"15,9","0,0","6,8",05:11,"25,0",15:45,14,"0,6","6,1",15:00,,,,,
2011-05-21,2401X,PALENCIA,PALENCIA,736,"17,5","0,0","7,5",05:20,"27,5",15:54,02,"2,2","10,0",18:40,,,,,
2011-05-22,2401X,PALENCIA,PALENCIA,736,"17,0","0,0","8,7",04:14,"25,2",14:41,13,"2,5","9,2",18:40,,,,,
2011-05-23,2401X,PALENCIA,PALENCIA,736,"18,2","0,0","7,6",05:18,"28,8",16:12,34,"1,1","5,8",13:20,,,,,
2011-05-24,2401X,PALENCIA,PALENCIA,736,"20,1","0,0","11,2",05:06,"29,0",16:05,06,"1,7","5,8",14:20,,,,,
2011-05-25,2401X,PALENCIA,PALENCIA,736,"20,7","0,0","9,7",04:52,"31,7",13:43,26,"3,3","12,2",17:00,,,,,
2011-05-26,2401X,PALENCIA,PALENCIA,736,"18,6","9,6","9,3",03:59,"28,0",13:55,13,"1,4","9,4",16:40,,,,,
2011-05-27,2401X,PALENCIA,PALENCIA,736,"15,4","0,0","9,2",23:58,"21,5",13:59,07,"2,2","8,1",15:00,,,,,
2011-05-28,2401X,PALENCIA,PALENCIA,736,"16,8","0,0","7,0",04:39,"26,5",14:25,27,"1,1","5,6",13:20,,,,,
2011-05-29,2401X,PALENCIA,PALENCIA,736,"18,2","7,2","10,0",04:16,"26,4",13:03,13,"1,7","8,6",14:00,,,,,
2011-05-30,2401X,PALENCIA,PALENCIA,736,"16,2","0,2","9,3",Varias,"23,2",17:18,21,"1,9","10,3",13:10,,,,,
2011-05-31,2401X,PALENCIA,PALENCIA,736,"12,8","0,0","7,2",23:55,"18,3",12:38,06,"3,3","10,3",11:30,,,,,
2011-06-01,2401X,PALENCIA,PALENCIA,736,"11,2","0,0","5,5",04:18,"17,0",16:14,07,"3,1","12,8",11:20,,,,,
2011-06-02,2401X,PALENCIA,PALENCIA,736,"12,0","0,0","5,7",04:12,"18,4",13:21,05,"3,1","11,9",12:30,,,,,
2011-06-03,2401X,PALENCIA,PALENCIA,736,"15,0","0,0","6,1",04:46,"24,0",16:15,08,"2,2","7,5",09:00,,,,,
2011-06-04,2401X,PALENCIA,PALENCIA,736,"16,8","0,0","9,3",03:36,"24,3",14:55,08,"1,9","7,5",12:50,,,,,
2011-06-05,2401X,PALENCIA,PALENCIA,736,"17,6","9,4","9,1",02:56,"26,0",16:56,08,"1,4","10,8",17:10,,,,,
2011-06-06,2401X,PALENCIA,PALENCIA,736,"17,2","9,2","12,2",04:21,"22,1",11:44,26,"0,6","14,2",14:40,,,,,
2011-06-07,2401X,PALENCIA,PALENCIA,736,"13,8","1,2","9,9",23:43,"17,7",14:29,07,"2,5","7,2",18:00,,,,,
2011-06-08,2401X,PALENCIA,PALENCIA,736,"14,2","0,0","8,5",04:28,"20,0",14:00,32,"1,7","6,9",13:40,,,,,
2011-06-09,2401X,PALENCIA,PALENCIA,736,"14,0","0,0","6,2",04:27,"21,7",12:19,24,"3,3","10,0",17:50,,,,,
2011-06-10,2401X,PALENCIA,PALENCIA,736,"15,2","0,0","8,9",01:57,"21,6",15:25,99,"1,4","7,8",18:50,,,,,
2011-06-11,2401X,PALENCIA,PALENCIA,736,"15,4","0,0","7,8",05:08,"23,1",15:30,28,"1,9","7,2",15:40,,,,,
2011-06-12,2401X,PALENCIA,PALENCIA,736,"20,4","0,0","12,0",05:11,"28,7",13:42,28,"3,3","9,7",13:10,,,,,
2011-06-13,2401X,PALENCIA,PALENCIA,736,"19,2","0,0","10,9",05:01,"27,4",14:57,27,"3,1","9,2",21:10,,,,,
2011-06-14,2401X,PALENCIA,PALENCIA,736,"19,0","0,0","9,0",04:56,"29,0",14:57,30,"1,4","10,8",11:00,,,,,
2011-06-15,2401X,PALENCIA,PALENCIA,736,"19,8","0,0","10,4",05:01,"29,3",Varias,28,"2,8","10,8",14:20,,,,,
2011-06-16,2401X,PALENCIA,PALENCIA,736,"18,8","0,0","11,9",02:48,"25,8",15:09,28,"3,1","8,3",12:40,,,,,
2011-06-17,2401X,PALENCIA,PALENCIA,736,"19,8","0,0","12,1",05:22,"27,5",14:12,28,"5,3","13,9",16:20,,,,,
2011-06-18,2401X,PALENCIA,PALENCIA,736,"17,2","0,0","10,5",Varias,"23,8",16:05,28,"3,1","8,9",09:20,,,,,
2011-06-19,2401X,PALENCIA,PALENCIA,736,"18,4","0,0","7,0",04:41,"29,7",16:05,33,"1,7","7,2",14:20,,,,,
2011-06-20,2401X,PALENCIA,PALENCIA,736,"22,0","0,0","10,9",05:03,"33,2",14:54,27,"1,9","9,2",15:20,,,,,
2011-06-21,2401X,PALENCIA,PALENCIA,736,"22,2","0,0","12,3",04:58,"32,2",13:50,28,"2,5","10,3",16:40,,,,,
2011-06-22,2401X,PALENCIA,PALENCIA,736,"19,8","0,0","11,3",23:53,"28,4",15:13,22,"4,4","12,5",15:00,,,,,
2011-06-23,2401X,PALENCIA,PALENCIA,736,"16,8","0,0","9,1",04:55,"24,5",15:50,08,"2,8","10,0",17:00,,,,,
2011-06-24,2401X,PALENCIA,PALENCIA,736,"18,8","0,0","7,8",05:06,"29,8",16:18,06,"1,9","6,4",10:10,,,,,
2011-06-25,2401X,PALENCIA,PALENCIA,736,"24,0","0,0","11,9",05:03,"36,0",15:22,26,"1,4","6,9",14:20,,,,,
2011-06-26,2401X,PALENCIA,PALENCIA,736,"25,8","0,0","14,1",04:42,"37,4",15:53,27,"1,7","6,9",12:10,,,,,
2011-06-27,2401X,PALENCIA,PALENCIA,736,"27,4","0,0","17,7",02:59,"37,1",14:28,27,"3,6","14,2",14:50,,,,,
2011-06-28,2401X,PALENCIA,PALENCIA,736,"23,1","0,0","12,8",23:51,"33,4",13:26,08,"3,1","12,8",20:40,,,,,
2011-06-29,2401X,PALENCIA,PALENCIA,736,"14,6","0,0","9,5",23:54,"19,6",14:07,09,"5,0","12,2",07:20,,,,,
2011-06-30,2401X,PALENCIA,PALENCIA,736,"17,4","0,0","8,3",03:52,"26,4",16:02,99,"3,6","8,6",Varias,,,,,
2011-07-01,2401X,PALENCIA,PALENCIA,736,"20,2","0,0","9,0",04:55,"31,3",16:28,28,"2,2","6,1",16:40,,,,,
2011-07-02,2401X,PALENCIA,PALENCIA,736,"23,7","2,0","14,1",04:40,"33,3",15:21,28,"2,2","10,3",13:20,,,,,
2011-07-03,2401X,PALENCIA,PALENCIA,736,"21,8","2,2","13,8",17:54,"29,8",12:25,32,"1,9","19,4",16:50,,,,,
2011-07-04,2401X,PALENCIA,PALENCIA,736,"19,3","0,0","10,0",04:45,"28,6",17:16,99,"0,8","5,0",Varias,,,,,
2011-07-05,2401X,PALENCIA,PALENCIA,736,"21,0","0,0","10,8",04:52,"31,2",14:52,27,"4,4","13,3",16:30,,,,,
2011-07-06,2401X,PALENCIA,PALENCIA,736,"19,8","0,0","11,8",Varias,"27,8",17:14,28,"3,1","8,3",14:00,,,,,
2011-07-07,2401X,PALENCIA,PALENCIA,736,"16,1","0,0","8,5",03:31,"23,7",16:16,30,"3,1","10,6",10:50,,,,,
2011-07-08,2401X,PALENCIA,PALENCIA,736,"17,2","0,0","7,9",04:03,"26,6",15:34,28,"4,2","10,8",16:50,,,,,
2011-07-09,2401X,PALENCIA,PALENCIA,736,"21,4","0,0","14,3",04:53,"28,4",16:12,27,"1,7","7,5",00:10,,,,,
2011-07-10,2401X,PALENCIA,PALENCIA,736,"21,6","0,0","13,7",02:46,"29,5",16:05,08,"2,5","9,7",19:00,,,,,
2011-07-11,2401X,PALENCIA,PALENCIA,736,"23,2","0,0","13,1",04:59,"33,2",15:20,24,"2,5","8,9",15:30,,,,,
2011-07-12,2401X,PALENCIA,PALENCIA,736,"17,6","20,4","10,8",23:36,"24,4",11:17,30,"4,2","18,1",13:00,,,,,
2011-07-13,2401X,PALENCIA,PALENCIA,736,"16,1","0,0","9,6",05:49,"22,6",14:45,07,"2,2","9,4",14:50,,,,,
2011-07-14,2401X,PALENCIA,PALENCIA,736,"16,2","0,0","7,8",04:37,"24,7",16:36,34,"2,2","10,3",13:10,,,,,
2011-07-15,2401X,PALENCIA,PALENCIA,736,"19,4","0,0","9,8",04:03,"29,1",Varias,29,"1,7","9,7",16:00,,,,,
2011-07-16,2401X,PALENCIA,PALENCIA,736,"21,0","0,0","11,0",05:00,"31,0",15:43,99,"2,5","9,7",Varias,,,,,
2011-07-17,2401X,PALENCIA,PALENCIA,736,"17,3","0,0","10,5",23:57,"24,1",14:49,28,"3,9","9,7",00:50,,,,,
2011-07-18,2401X,PALENCIA,PALENCIA,736,"16,6","0,0","7,5",03:51,"25,8",16:19,26,"3,9","13,6",23:00,,,,,
2011-07-19,2401X,PALENCIA,PALENCIA,736,"17,4","0,0","11,4",23:51,"23,4",16:24,27,"4,4","12,5",17:20,,,,,
2011-07-20,2401X,PALENCIA,PALENCIA,736,"17,8","0,0","7,7",05:00,"27,8",17:17,99,"2,5","8,6",Varias,,,,,
2011-07-21,2401X,PALENCIA,PALENCIA,736,"18,5","0,0","10,5",04:53,"26,5",15:26,06,"2,8","10,0",18:00,,,,,
2011-07-22,2401X,PALENCIA,PALENCIA,736,"17,2","0,0","10,3",04:32,"24,1",15:29,06,"3,1","10,3",07:30,,,,,
2011-07-23,2401X,PALENCIA,PALENCIA,736,"16,9","0,0","8,8",05:08,"25,0",15:41,09,"2,2","7,2",18:30,,,,,
2011-07-24,2401X,PALENCIA,PALENCIA,736,"16,8","0,0","7,3",04:49,"26,3",14:14,07,"0,8","7,8",18:40,,,,,
2011-07-25,2401X,PALENCIA,PALENCIA,736,"20,5","0,0","12,5",Varias,"28,5",16:14,32,"1,7","8,6",15:50,,,,,
2011-07-26,2401X,PALENCIA,PALENCIA,736,"20,7","0,0","12,3",05:06,"29,1",15:42,08,"1,7","10,0",18:40,,,,,
2011-07-27,2401X,PALENCIA,PALENCIA,736,"19,0","0,0","11,8",04:54,"26,3",15:24,06,"2,8","8,9",17:20,,,,,
2011-07-28,2401X,PALENCIA,PALENCIA,736,"20,2","0,0","11,5",04:49,"29,0",16:49,06,"2,2","7,2",12:40,,,,,
2011-07-29,2401X,PALENCIA,PALENCIA,736,"21,3","0,0","10,9",05:15,"31,7",15:07,08,"1,4","6,7",19:50,,,,,
2011-07-30,2401X,PALENCIA,PALENCIA,736,"21,9","0,0","14,4",05:11,"29,4",16:15,08,"2,8","9,2",14:00,,,,,
2011-07-31,2401X,PALENCIA,PALENCIA,736,"21,4","0,0","11,4",05:41,"31,4",15:18,32,"1,1","6,4",11:50,,,,,
2011-08-01,2401X,PALENCIA,PALENCIA,736,"23,1","5,6","12,8",05:15,"33,4",11:58,25,"1,4","8,6",14:10,,,,,
2011-08-02,2401X,PALENCIA,PALENCIA,736,"21,0","0,0","16,8",03:08,"25,3",15:46,26,"2,5","10,3",00:40,,,,,
2011-08-03,2401X,PALENCIA,PALENCIA,736,"21,2","0,0","14,0",05:38,"28,4",16:52,30,"1,7","6,7",14:10,,,,,
2011-08-04,2401X,PALENCIA,PALENCIA,736,"22,1","0,0","12,6",05:05,"31,6",16:13,26,"2,8","8,9",20:40,,,,,
2011-08-05,2401X,PALENCIA,PALENCIA,736,"23,0","0,0","16,8",02:12,"29,1",12:30,99,"3,6","8,6",Varias,,,,,
2011-08-06,2401X,PALENCIA,PALENCIA,736,"21,2","0,0","15,4",24:00,"27,1",13:23,28,"5,6","12,8",14:30,,,,,
2011-08-07,2401X,PALENCIA,PALENCIA,736,"19,3","0,0","10,9",05:27,"27,7",15:55,29,"3,3","11,1",17:00,,,,,
2011-08-08,2401X,PALENCIA,PALENCIA,736,"17,5","0,0","9,6",05:22,"25,4",15:02,28,"1,9","8,1",00:40,,,,,
2011-08-09,2401X,PALENCIA,PALENCIA,736,"17,8","0,0","9,9",05:32,"25,7",15:11,04,"3,1","8,6",16:10,,,,,
2011-08-10,2401X,PALENCIA,PALENCIA,736,"20,6","0,0","9,0",05:28,"32,1",15:34,07,"1,4","6,7",01:00,,,,,
2011-08-11,2401X,PALENCIA,PALENCIA,736,"21,8","0,0","9,3",05:29,"34,3",15:24,25,"1,1","9,2",15:40,,,,,
2011-08-12,2401X,PALENCIA,PALENCIA,736,"23,8","0,0","12,4",05:10,"35,3",14:36,20,"1,9","14,2",16:40,,,,,
2011-08-13,2401X,PALENCIA,PALENCIA,736,"24,6","0,0","15,8",05:51,"33,4",15:13,28,"2,2","8,3",15:50,,,,,
2011-08-14,2401X,PALENCIA,PALENCIA,736,"22,7","0,0","14,2",04:07,"31,2",16:20,28,"2,8","9,2",15:40,,,,,
2011-08-15,2401X,PALENCIA,PALENCIA,736,"22,8","0,0","14,0",05:29,"31,7",15:23,07,"0,8","4,7",07:50,,,,,
2011-08-16,2401X,PALENCIA,PALENCIA,736,"24,7","0,0","13,7",05:23,"35,7",16:26,27,"1,1","8,9",14:50,,,,,
2011-08-17,2401X,PALENCIA,PALENCIA,736,"24,8","0,0","15,0",05:29,"34,6",14:11,27,"2,8","9,4",11:40,,,,,
2011-08-18,2401X,PALENCIA,PALENCIA,736,"21,9","0,0","11,3",04:55,"32,5",14:05,24,"2,5","8,3",14:10,,,,,
2011-08-19,2401X,PALENCIA,PALENCIA,736,"25,2","0,0","13,8",05:53,"36,6",16:00,24,"1,9","9,2",13:00,,,,,
2011-08-20,2401X,PALENCIA,PALENCIA,736,"27,8","2,4","17,4",05:27,"38,3",14:17,24,"1,4","14,4",19:00,,,,,
2011-08-21,2401X,PALENCIA,PALENCIA,736,"23,7","5,8","15,8",05:19,"31,6",11:18,27,"5,3","15,8",12:10,,,,,
2011-08-22,2401X,PALENCIA,PALENCIA,736,"20,2","0,0","15,1",23:59,"25,3",14:44,28,"3,1","8,3",12:40,,,,,
2011-08-23,2401X,PALENCIA,PALENCIA,736,"20,7","0,0","12,7",05:33,"28,7",16:03,28,"1,1","8,9",15:30,,,,,
2011-08-24,2401X,PALENCIA,PALENCIA,736,"21,6","0,0","15,7",Varias,"27,5",15:28,31,"1,9","8,1",22:40,,,,,
2011-08-25,2401X,PALENCIA,PALENCIA,736,"20,1","3,2","10,6",05:44,"29,6",12:53,26,"3,9","12,5",15:30,,,,,
2011-08-26,2401X,PALENCIA,PALENCIA,736,"16,0","0,0","9,9",23:38,"22,1",14:45,29,"5,0","11,9",15:30,,,,,
2011-08-27,2401X,PALENCIA,PALENCIA,736,"15,4","0,0","6,1",05:40,"24,6",17:29,08,"1,4","6,9",09:50,,,,,
2011-08-28,2401X,PALENCIA,PALENCIA,736,"18,2","0,0","6,0",05:40,"30,3",13:27,26,"1,7","8,6",16:20,,,,,
2011-08-29,2401X,PALENCIA,PALENCIA,736,,,,,,,,"1,9",,,,,,,
2011-08-30,2401X,PALENCIA,PALENCIA,736,"18,8","0,0","7,2",05:38,"30,5",14:17,26,"1,9","10,8",23:20,,,,,
2011-08-31,2401X,PALENCIA,PALENCIA,736,"19,9","4,8","14,3",05:06,"25,5",11:41,21,"1,7","13,1",16:20,,,,,
2011-09-01,2401X,PALENCIA,PALENCIA,736,"20,0","0,0","14,7",03:54,"25,3",13:44,23,"0,6","8,6",16:50,,,,,
2011-09-02,2401X,PALENCIA,PALENCIA,736,"19,5","0,0","14,6",00:35,"24,4",15:57,31,"1,9","6,4",20:20,,,,,
2011-09-03,2401X,PALENCIA,PALENCIA,736,"20,4","0,0","14,9",05:40,"26,0",14:13,26,"2,5","9,2",23:20,,,,,
2011-09-04,2401X,PALENCIA,PALENCIA,736,"18,0","0,0","10,6",23:58,"25,5",15:02,27,"2,8","9,4",16:30,,,,,
2011-09-05,2401X,PALENCIA,PALENCIA,736,"17,0","0,0","9,5",01:00,"24,4",14:52,23,"1,1","7,5",12:50,,,,,
2011-09-06,2401X,PALENCIA,PALENCIA,736,"17,8","0,0","6,5",05:55,"29,1",14:15,99,"1,4","6,1",Varias,,,,,
2011-09-07,2401X,PALENCIA,PALENCIA,736,"18,6","0,0","6,7",05:57,"30,5",14:44,28,"1,1","5,8",11:00,,,,,
2011-09-08,2401X,PALENCIA,PALENCIA,736,"19,8","0,0","8,5",05:35,"31,2",14:27,31,"0,8","6,7",14:50,,,,,
2011-09-09,2401X,PALENCIA,PALENCIA,736,"21,8","0,0","9,3",06:00,"34,3",14:30,26,"2,8","10,8",15:20,,,,,
2011-09-10,2401X,PALENCIA,PALENCIA,736,"21,6","0,0","11,6",05:10,"31,5",14:32,28,"3,9","11,4",16:50,,,,,
2011-09-11,2401X,PALENCIA,PALENCIA,736,"19,0","0,0","12,1",03:42,"25,8",13:17,25,"2,2","7,8",10:20,,,,,
2011-09-12,2401X,PALENCIA,PALENCIA,736,"20,0","0,0","10,5",05:55,"29,4",15:14,32,"0,8","4,2",13:00,,,,,
2011-09-13,2401X,PALENCIA,PALENCIA,736,"21,6","0,0","10,7",05:59,"32,5",14:12,06,"1,4","9,2",17:10,,,,,
2011-09-14,2401X,PALENCIA,PALENCIA,736,"23,4","0,0","14,9",06:02,"31,9",15:18,03,"1,4","7,8",02:40,,,,,
2011-09-15,2401X,PALENCIA,PALENCIA,736,"23,6","0,0","13,1",06:07,"34,0",14:16,20,"1,7","9,7",12:40,,,,,
2011-09-16,2401X,PALENCIA,PALENCIA,736,"21,4","5,0","12,8",05:33,"30,1",15:43,99,"1,7","9,2",Varias,,,,,
2011-09-17,2401X,PALENCIA,PALENCIA,736,"19,4","0,0","11,4",23:59,"27,5",15:09,29,"2,2","10,3",14:20,,,,,
2011-09-18,2401X,PALENCIA,PALENCIA,736,"13,6","0,0","5,7",23:48,"21,4",13:59,33,"2,5","10,6",13:20,,,,,
2011-09-19,2401X,PALENCIA,PALENCIA,736,"12,0","0,0","2,1",06:10,"22,0",15:37,15,"0,6","4,7",12:00,,,,,
2011-09-20,2401X,PALENCIA,PALENCIA,736,,,,,,,,"1,1",,,,,,,
2011-09-21,2401X,PALENCIA,PALENCIA,736,"18,3","0,0","6,7",06:10,"29,9",14:10,26,"1,1","5,6",15:00,,,,,
2011-09-22,2401X,PALENCIA,PALENCIA,736,"20,1","0,0","11,8",06:08,"28,4",14:27,08,"1,7","6,7",17:50,,,,,
2011-09-23,2401X,PALENCIA,PALENCIA,736,"19,0","0,0","10,1",05:55,"28,0",14:44,24,"1,7","10,3",12:50,,,,,
2011-09-24,2401X,PALENCIA,PALENCIA,736,"16,3","0,0","7,9",05:57,"24,7",Varias,99,"1,9","6,1",12:50,,,,,
2011-09-25,2401X,PALENCIA,PALENCIA,736,"15,9","0,0","5,0",05:52,"26,8",15:17,31,"1,1","5,8",14:50,,,,,
2011-09-26,2401X,PALENCIA,PALENCIA,736,"17,8","0,0","6,4",06:09,"29,2",14:47,34,"0,8","3,9",15:40,,,,,
2011-09-27,2401X,PALENCIA,PALENCIA,736,"18,7","0,0","7,9",06:20,"29,5",13:11,12,"0,8","5,0",13:20,,,,,
2011-09-28,2401X,PALENCIA,PALENCIA,736,"19,6","0,0","10,3",06:18,"28,9",14:02,26,"0,8","6,4",12:50,,,,,
2011-09-29,2401X,PALENCIA,PALENCIA,736,"18,8","0,0","8,9",06:18,"28,8",14:34,13,"1,1","5,0",09:40,,,,,
2011-09-30,2401X,PALENCIA,PALENCIA,736,"18,2","0,0","8,4",06:06,"28,1",14:23,16,"0,8","4,7",14:00,,,,,
2011-10-01,2401X,PALENCIA,PALENCIA,736,"18,1","0,0","8,7",06:26,"27,5",14:39,12,"1,4","7,2",15:20,,,,,
2011-10-02,2401X,PALENCIA,PALENCIA,736,"17,2","0,0","7,0",06:13,"27,4",14:44,33,"0,8","4,4",14:50,,,,,
2011-10-03,2401X,PALENCIA,PALENCIA,736,"16,4","0,0","5,0",06:01,"27,9",14:33,02,"0,8","4,7",13:40,,,,,
2011-10-04,2401X,PALENCIA,PALENCIA,736,"16,9","0,0","5,3",06:19,"28,5",14:41,36,"1,1","6,9",11:40,,,,,
2011-10-05,2401X,PALENCIA,PALENCIA,736,"18,0","0,0","7,7",06:38,"28,2",14:18,34,"0,6","4,7",12:50,,,,,
2011-10-06,2401X,PALENCIA,PALENCIA,736,,,,,,,,"1,7",,,,,,,
2011-10-07,2401X,PALENCIA,PALENCIA,736,"12,7","0,0","7,2",23:58,"18,2",13:53,07,"1,1","8,6",14:20,,,,,
2011-10-08,2401X,PALENCIA,PALENCIA,736,"10,2","0,0","3,2",06:15,"17,1",13:25,07,"2,2","10,0",13:30,,,,,
2011-10-09,2401X,PALENCIA,PALENCIA,736,"13,5","0,0","6,9",05:03,"20,1",14:16,07,"2,8","8,9",15:50,,,,,
2011-10-10,2401X,PALENCIA,PALENCIA,736,"15,6","0,0","4,1",06:30,"27,2",15:07,35,"0,3","3,6",14:20,,,,,
2011-10-11,2401X,PALENCIA,PALENCIA,736,"16,6","0,0","4,4",05:58,"28,8",14:34,34,"1,1","4,2",13:10,,,,,
2011-10-12,2401X,PALENCIA,PALENCIA,736,"17,2","0,0","4,6",06:23,"29,9",14:37,99,"1,1","4,2",13:40,,,,,
2011-10-13,2401X,PALENCIA,PALENCIA,736,"16,8","0,0","4,7",06:28,"29,0",14:16,35,"0,3","4,2",15:00,,,,,
2011-10-14,2401X,PALENCIA,PALENCIA,736,"15,4","0,0","3,5",06:46,"27,4",14:30,34,"0,0","4,4",14:00,,,,,
2011-10-15,2401X,PALENCIA,PALENCIA,736,"14,4","0,0","2,3",06:31,"26,5",14:30,28,"0,6","3,6",15:20,,,,,
2011-10-16,2401X,PALENCIA,PALENCIA,736,"14,2","0,0","3,0",06:35,"25,4",Varias,12,"0,6","5,0",13:30,,,,,
2011-10-17,2401X,PALENCIA,PALENCIA,736,"14,4","0,0","3,6",06:59,"25,3",13:57,12,"0,6","5,8",14:00,,,,,
2011-10-18,2401X,PALENCIA,PALENCIA,736,"12,5","0,0","0,9",06:27,"24,1",13:32,28,"1,1","4,7",13:50,,,,,
2011-10-19,2401X,PALENCIA,PALENCIA,736,"12,7","0,0","4,5",06:50,"20,9",13:26,06,"1,1","7,2",14:00,,,,,
2011-10-20,2401X,PALENCIA,PALENCIA,736,"8,0","0,0","1,9",06:38,"14,2",14:05,08,"1,1","7,8",14:40,,,,,
2011-10-21,2401X,PALENCIA,PALENCIA,736,"7,4","0,0","-2,8",06:34,"17,5",14:30,06,"0,6","3,6",00:20,,,,,
2011-10-22,2401X,PALENCIA,PALENCIA,736,"11,1","0,0","-1,0",03:10,"23,2",14:04,25,"0,8","6,9",15:30,,,,,
2011-10-23,2401X,PALENCIA,PALENCIA,736,"14,0","5,2","9,4",02:29,"18,5",11:41,23,"3,1","11,7",12:40,,,,,
2011-10-24,2401X,PALENCIA,PALENCIA,736,"11,0","2,0","6,4",23:06,"15,7",12:25,26,"5,3","14,7",11:30,,,,,
2011-10-25,2401X,PALENCIA,PALENCIA,736,"9,0","0,0","4,7",07:00,"13,3",13:47,26,"3,9","12,5",11:00,,,,,
2011-10-26,2401X,PALENCIA,PALENCIA,736,"9,1","7,6","4,0",02:36,"14,2",12:12,16,"3,3","13,6",19:50,,,,,
2011-10-27,2401X,PALENCIA,PALENCIA,736,"12,7","0,0","8,1",05:30,"17,3",12:00,16,"1,9","10,6",01:10,,,,,
2011-10-28,2401X,PALENCIA,PALENCIA,736,"9,0","0,0","3,1",06:49,"14,8",12:25,08,"1,4","6,4",14:20,,,,,
2011-10-29,2401X,PALENCIA,PALENCIA,736,"8,8","0,0","0,4",06:52,"17,2",14:20,34,"0,3","3,9",11:50,,,,,
2011-10-30,2401X,PALENCIA,PALENCIA,736,"9,6","0,0","0,6",07:01,"18,6",14:40,34,"0,6","3,6",14:30,,,,,
2011-10-31,2401X,PALENCIA,PALENCIA,736,"11,2","7,0","2,0",06:04,"20,3",13:06,26,"1,7","9,4",13:20,,,,,
2011-11-01,2401X,PALENCIA,PALENCIA,736,"12,1","0,0","7,5",07:02,"16,7",13:47,28,"0,8","5,8",00:40,,,,,
2011-11-02,2401X,PALENCIA,PALENCIA,736,"14,4","20,2","11,4",22:02,"17,5",11:17,15,"3,6","12,5",12:10,,,,,
2011-11-03,2401X,PALENCIA,PALENCIA,736,"9,3","8,0","6,4",22:15,"12,2",14:13,28,"3,9","15,0",07:10,,,,,
2011-11-04,2401X,PALENCIA,PALENCIA,736,"9,2","6,0","6,6",06:19,"11,7",13:20,26,"1,1","6,7",14:30,,,,,
2011-11-05,2401X,PALENCIA,PALENCIA,736,"9,0","0,2","4,9",23:42,"13,2",13:04,34,"3,6","11,4",14:10,,,,,
2011-11-06,2401X,PALENCIA,PALENCIA,736,"8,2","0,0","2,1",03:48,"14,2",13:34,28,"1,9","8,1",00:30,,,,,
2011-11-07,2401X,PALENCIA,PALENCIA,736,"8,8","0,0","3,2",06:55,"14,5",12:34,28,"0,6","4,7",15:00,,,,,
2011-11-08,2401X,PALENCIA,PALENCIA,736,"8,8","0,8","2,9",04:59,"14,6",12:39,28,"2,2","6,4",12:50,,,,,
2011-11-09,2401X,PALENCIA,PALENCIA,736,"10,6","3,8","8,3",00:01,"13,0",15:17,23,"0,8","5,8",23:00,,,,,
2011-11-10,2401X,PALENCIA,PALENCIA,736,"12,3","0,2","8,9",06:54,"15,7",14:09,22,"1,1","6,9",13:10,,,,,
2011-11-11,2401X,PALENCIA,PALENCIA,736,"13,0","0,2","7,8",06:16,"18,3",14:38,22,"2,8","9,2",13:00,,,,,
2011-11-12,2401X,PALENCIA,PALENCIA,736,"14,3","0,0","6,2",Varias,"22,4",13:58,20,"2,5","10,3",14:30,,,,,
2011-11-13,2401X,PALENCIA,PALENCIA,736,"12,3","0,0","9,5",05:19,"15,1",13:50,14,"2,5","9,2",15:50,,,,,
2011-11-14,2401X,PALENCIA,PALENCIA,736,"9,7","3,6","5,9",23:59,"13,5",16:01,20,"2,8","11,9",18:50,,,,,
2011-11-15,2401X,PALENCIA,PALENCIA,736,"7,5","3,6","3,8",02:59,"11,2",11:21,24,"2,2","9,7",15:20,,,,,
2011-11-16,2401X,PALENCIA,PALENCIA,736,"7,7","0,0","2,7",23:33,"12,7",15:35,25,"1,7","10,6",01:10,,,,,
2011-11-17,2401X,PALENCIA,PALENCIA,736,"8,0","0,0","1,6",04:01,"14,3",13:27,15,"0,3","2,8",14:10,,,,,
2011-11-18,2401X,PALENCIA,PALENCIA,736,"8,4","0,8","1,0",05:45,"15,7",13:59,20,"0,8","6,1",11:30,,,,,
2011-11-19,2401X,PALENCIA,PALENCIA,736,"8,5","2,8","6,1",00:01,"10,9",15:06,15,"0,8","6,1",01:00,,,,,
2011-11-20,2401X,PALENCIA,PALENCIA,736,"11,4","0,2","9,0",03:57,"13,7",13:06,14,"0,6","6,4",13:20,,,,,
2011-11-21,2401X,PALENCIA,PALENCIA,736,"9,5","1,4","6,2",07:04,"12,8",14:23,28,"1,1","7,2",21:30,,,,,
2011-11-22,2401X,PALENCIA,PALENCIA,736,"8,6","1,4","5,8",Varias,"11,3",15:59,05,"1,1","7,8",21:10,,,,,
2011-11-23,2401X,PALENCIA,PALENCIA,736,"10,0","0,0","4,8",23:35,"15,3",13:36,09,"2,2","9,2",11:00,,,,,
2011-11-24,2401X,PALENCIA,PALENCIA,736,"7,0",,"0,9",23:59,"13,0",14:34,14,"0,6","4,4",11:50,,,,,
2011-11-26,2401X,PALENCIA,PALENCIA,736,,"0,2",,,,,,"0,3",,,,,,,
2011-11-27,2401X,PALENCIA,PALENCIA,736,"2,0","0,2","-1,0",23:54,"5,1",15:24,13,"0,6","3,6",05:30,,,,,
2011-11-28,2401X,PALENCIA,PALENCIA,736,"1,8","0,2","-2,0",04:35,"5,6",14:44,24,"0,6","3,1",17:00,,,,,
2011-11-29,2401X,PALENCIA,PALENCIA,736,"2,2","0,2","-1,2",08:18,"5,7",15:43,28,"0,8","4,7",13:00,,,,,
2011-11-30,2401X,PALENCIA,PALENCIA,736,"2,4","0,0","-0,7",01:12,"5,5",15:36,12,"0,6","3,9",09:30,,,,,
2011-12-01,2401X,PALENCIA,PALENCIA,736,"4,8","2,4","0,6",07:39,"8,9",14:10,22,"0,8","9,7",23:50,,,,,
2011-12-02,2401X,PALENCIA,PALENCIA,736,"4,1","0,0","-0,4",23:57,"8,6",13:19,28,"3,9","16,1",04:10,,,,,
2011-12-03,2401X,PALENCIA,PALENCIA,736,"2,8","0,0","-2,2",04:53,"7,8",14:54,99,"0,8","4,7",Varias,,,,,
2011-12-04,2401X,PALENCIA,PALENCIA,736,"5,4","0,0","0,8",04:49,"10,0",14:15,22,"2,5","6,7",18:30,,,,,
2011-12-05,2401X,PALENCIA,PALENCIA,736,"10,2","0,0","5,7",03:11,"14,7",14:22,29,"3,6","11,7",13:10,,,,,
2011-12-06,2401X,PALENCIA,PALENCIA,736,"7,6","0,0","2,8",21:58,"12,3",14:16,30,"2,8","9,4",11:10,,,,,
2011-12-07,2401X,PALENCIA,PALENCIA,736,"5,0","0,0","-1,7",07:32,"11,7",14:36,14,"0,8","4,4",10:00,,,,,
2011-12-08,2401X,PALENCIA,PALENCIA,736,"2,0","0,2","-2,3",04:04,"6,4",14:54,14,"0,6","2,8",21:40,,,,,
2011-12-09,2401X,PALENCIA,PALENCIA,736,"2,0","0,0","-0,1",06:57,"4,2",16:07,30,"1,1","3,3",18:10,,,,,
2011-12-10,2401X,PALENCIA,PALENCIA,736,"7,1","0,8","3,2",Varias,"11,0",13:53,19,"1,7","5,6",12:30,,,,,
2011-12-11,2401X,PALENCIA,PALENCIA,736,"6,6","0,0","5,2",Varias,"8,0",10:56,26,"2,5","8,6",23:30,,,,,
2011-12-12,2401X,PALENCIA,PALENCIA,736,"7,8","0,0","4,5",19:28,"11,0",13:00,28,"3,3","10,3",02:20,,,,,
2011-12-13,2401X,PALENCIA,PALENCIA,736,"8,0","0,2","4,8",00:01,"11,1",15:00,24,"6,1","13,3",12:30,,,,,
2011-12-14,2401X,PALENCIA,PALENCIA,736,"7,4","0,0","4,3",23:58,"10,4",10:46,26,"6,1","13,3",16:10,,,,,
2011-12-15,2401X,PALENCIA,PALENCIA,736,"7,0","0,0","4,1",00:19,"9,9",14:46,24,"5,0","11,7",19:50,,,,,
2011-12-16,2401X,PALENCIA,PALENCIA,736,"7,2","3,2","2,6",Varias,"11,9",13:13,25,"10,0","19,7",12:50,,,,,
2011-12-17,2401X,PALENCIA,PALENCIA,736,"4,4","0,0","1,1",23:51,"7,8",13:27,26,"6,4","11,4",11:20,,,,,
2011-12-18,2401X,PALENCIA,PALENCIA,736,"2,4","0,0","-2,9",07:51,"7,7",14:45,29,"0,6","9,2",03:50,,,,,
2011-12-19,2401X,PALENCIA,PALENCIA,736,"0,8","0,0","-5,3",06:55,"7,0",13:24,28,"0,8","6,7",14:30,,,,,
2011-12-20,2401X,PALENCIA,PALENCIA,736,"4,2","0,0","-2,6",02:00,"11,0",14:47,26,"0,8","4,2",13:10,,,,,
2011-12-21,2401X,PALENCIA,PALENCIA,736,"3,7","0,2","0,5",00:49,"6,9",15:00,12,"0,8","3,6",16:40,,,,,
2011-12-22,2401X,PALENCIA,PALENCIA,736,"5,0","0,0","1,3",18:42,"8,6",14:46,36,"1,1","3,6",11:10,,,,,
2011-12-23,2401X,PALENCIA,PALENCIA,736,"2,1","0,0","0,9",07:37,"3,3",13:53,32,"0,8","4,4",11:40,,,,,
2011-12-24,2401X,PALENCIA,PALENCIA,736,"3,1","0,0","-1,9",06:02,"8,1",14:01,07,"2,5","12,5",12:50,,,,,
2011-12-25,2401X,PALENCIA,PALENCIA,736,"2,8","0,0","-4,4",23:55,"9,9",14:48,32,"1,1","4,2",12:50,,,,,
2011-12-26,2401X,PALENCIA,PALENCIA,736,"2,7","0,0","-6,4",Varias,"11,8",15:00,24,"0,6","2,8",17:00,,,,,
2011-12-27,2401X,PALENCIA,PALENCIA,736,"2,4","0,0","-6,2",07:07,"11,0",15:00,12,"0,3","2,8",13:30,,,,,
2011-12-28,2401X,PALENCIA,PALENCIA,736,"2,5","0,0","-5,4",06:45,"10,4",14:36,32,"0,6","3,9",15:30,,,,,
2011-12-29,2401X,PALENCIA,PALENCIA,736,"1,8","0,0","-4,2",23:54,"7,7",14:04,04,"0,8","9,2",12:30,,,,,
2011-12-30,2401X,PALENCIA,PALENCIA,736,"0,1","0,0","-6,5",07:43,"6,7",15:00,30,"1,1","3,9",13:30,,,,,
2011-12-31,2401X,PALENCIA,PALENCIA,736,"3,8","0,2","-2,8",07:28,"10,5",14:49,14,"1,4","4,2",11:10,,,,,
2012-01-01,2401X,PALENCIA,PALENCIA,736,"3,4","2,0","-1,0",02:20,"7,9",15:21,21,"0,8","9,2",23:30,,,,,
2012-01-02,2401X,PALENCIA,PALENCIA,736,"5,2","0,0","1,3",23:53,"9,0",12:30,26,"4,4","11,9",02:50,,,,,
2012-01-03,2401X,PALENCIA,PALENCIA,736,"4,6","0,0","0,2",05:48,"9,1",14:22,21,"1,4","7,2",13:20,,,,,
2012-01-04,2401X,PALENCIA,PALENCIA,736,"4,6","0,0","1,7",00:50,"7,4",Varias,21,"1,1","3,9",00:10,,,,,
2012-01-05,2401X,PALENCIA,PALENCIA,736,"5,4","0,0","2,0",Varias,"8,8",14:27,24,"1,1","4,4",12:10,,,,,
2012-01-06,2401X,PALENCIA,PALENCIA,736,"4,1","0,2","-2,6",06:22,"10,8",14:56,13,"1,4","3,6",12:50,,,,,
2012-01-07,2401X,PALENCIA,PALENCIA,736,"5,7","0,0","0,1",01:11,"11,3",14:46,06,"0,6","5,8",14:40,,,,,
2012-01-08,2401X,PALENCIA,PALENCIA,736,"4,6","0,2","-2,2",08:35,"11,3",15:02,05,"1,7","4,7",12:20,,,,,
2012-01-09,2401X,PALENCIA,PALENCIA,736,"2,7","0,2","-4,1",03:24,"9,5",14:31,28,"0,8","4,4",15:20,,,,,
2012-01-10,2401X,PALENCIA,PALENCIA,736,"2,2","0,2","-3,4",08:12,"7,9",15:04,13,"0,3","2,5",13:30,,,,,
2012-01-11,2401X,PALENCIA,PALENCIA,736,"0,4","0,2","-4,5",08:01,"5,4",15:28,36,"0,3","3,3",15:50,,,,,
2012-01-12,2401X,PALENCIA,PALENCIA,736,"0,4","0,0","-5,2",06:56,"5,9",14:28,,"0,6",,,,,,,
2012-01-13,2401X,PALENCIA,PALENCIA,736,"-1,6","0,2","-5,9",06:41,"2,6",15:09,35,"0,0","2,5",15:30,,,,,
2012-01-14,2401X,PALENCIA,PALENCIA,736,"0,2","0,0","-2,1",09:04,"2,4",Varias,99,"1,1","2,5",Varias,,,,,
2012-01-15,2401X,PALENCIA,PALENCIA,736,"1,8","8,6","-3,1",01:51,"6,7",Varias,,,,,,,,,
2012-01-16,2401X,PALENCIA,PALENCIA,736,"3,4","2,8","0,3",05:12,"6,4",13:45,04,"2,2","10,0",14:00,,,,,
2012-01-17,2401X,PALENCIA,PALENCIA,736,"3,0","0,2","-2,9",23:56,"8,8",14:26,24,"1,7","4,7",18:00,,,,,
2012-01-18,2401X,PALENCIA,PALENCIA,736,"2,4","0,0","-3,0",00:01,"7,8",14:50,36,"0,6","3,6",15:00,,,,,
2012-01-19,2401X,PALENCIA,PALENCIA,736,"7,4","0,0","2,5",22:52,"12,3",14:45,26,"1,4","4,7",14:30,,,,,
2012-01-20,2401X,PALENCIA,PALENCIA,736,"6,5","0,2","1,6",23:43,"11,4",15:03,34,"0,8","5,8",12:30,,,,,
2012-01-21,2401X,PALENCIA,PALENCIA,736,"4,7","0,4","-0,2",07:40,"9,6",15:02,14,"0,8","3,3",12:40,,,,,
2012-01-22,2401X,PALENCIA,PALENCIA,736,"3,8","0,0","0,0",05:43,"7,5",15:15,33,"0,8","3,9",12:10,,,,,
2012-01-23,2401X,PALENCIA,PALENCIA,736,"6,8","0,0","3,4",00:01,"10,1",14:37,07,"1,7","8,6",09:50,,,,,
2012-01-24,2401X,PALENCIA,PALENCIA,736,"6,6","0,0","0,6",23:58,"12,6",14:38,06,"1,4","8,6",10:10,,,,,
2012-01-25,2401X,PALENCIA,PALENCIA,736,"2,2","0,0","-4,0",06:42,"8,5",15:21,13,"1,1","3,9",16:20,,,,,
2012-01-27,2401X,PALENCIA,PALENCIA,736,,"0,4",,,,,,"2,2",,,,,,,
2012-01-28,2401X,PALENCIA,PALENCIA,736,"2,6","0,0","-2,4",23:54,"7,5",13:53,31,"1,4","5,6",19:10,,,,,
2012-01-29,2401X,PALENCIA,PALENCIA,736,"0,8","0,0","-5,6",07:30,"7,2",14:51,32,"1,9","6,4",13:10,,,,,
2012-01-30,2401X,PALENCIA,PALENCIA,736,"0,0","0,0","-6,5",07:42,"6,6",13:56,99,"1,1","5,8",Varias,,,,,
2012-01-31,2401X,PALENCIA,PALENCIA,736,"3,0","0,0","-3,6",07:49,"9,5",15:00,28,"1,9","5,6",13:20,,,,,
2012-02-01,2401X,PALENCIA,PALENCIA,736,"3,4","0,0","-2,8",04:45,"9,5",13:53,08,"2,8","9,7",18:10,,,,,
2012-02-02,2401X,PALENCIA,PALENCIA,736,"-1,1","0,0","-4,0",22:10,"1,8",12:08,02,"2,5","9,2",09:40,,,,,
2012-02-03,2401X,PALENCIA,PALENCIA,736,"-2,0","0,0","-5,6",01:20,"1,5",13:51,04,"3,3","12,2",12:50,,,,,
2012-02-04,2401X,PALENCIA,PALENCIA,736,"-1,2","0,0","-7,6",07:35,"5,1",16:25,05,"1,9","8,9",13:50,,,,,
2012-02-05,2401X,PALENCIA,PALENCIA,736,"2,0","0,2","-6,4",04:03,"10,5",13:24,32,"4,7","13,6",13:10,,,,,
2012-02-06,2401X,PALENCIA,PALENCIA,736,"5,0","0,6","-2,5",06:49,"12,6",13:57,32,"2,5","11,9",14:40,,,,,
2012-02-07,2401X,PALENCIA,PALENCIA,736,"2,2","1,0","-1,2",21:07,"5,7",14:07,06,"3,1","11,1",16:50,,,,,
2012-02-08,2401X,PALENCIA,PALENCIA,736,"-0,4","0,0","-4,1",07:54,"3,3",14:39,06,"2,8","10,8",14:10,,,,,
2012-02-09,2401X,PALENCIA,PALENCIA,736,"1,0","0,0","-2,5",23:55,"4,6",14:45,07,"2,5","9,2",04:50,,,,,
2012-02-10,2401X,PALENCIA,PALENCIA,736,"0,4","0,0","-3,8",04:37,"4,7",13:14,08,"3,1","11,7",14:00,,,,,
2012-02-11,2401X,PALENCIA,PALENCIA,736,"-1,3","0,0","-5,5",06:45,"2,9",13:45,05,"1,7","9,2",14:00,,,,,
2012-02-12,2401X,PALENCIA,PALENCIA,736,"-1,6","0,0","-6,6",06:32,"3,3",14:37,08,"2,5","11,9",11:30,,,,,
2012-02-13,2401X,PALENCIA,PALENCIA,736,"0,0","0,0","-6,4",05:35,"6,5",13:14,04,"1,4","8,1",12:30,,,,,
2012-02-14,2401X,PALENCIA,PALENCIA,736,"1,5","1,2","-4,2",07:10,"7,2",14:55,02,"1,4","10,0",14:50,,,,,
2012-02-15,2401X,PALENCIA,PALENCIA,736,"4,3","0,0","-1,6",04:30,"10,2",15:27,02,"1,7","8,3",13:00,,,,,
2012-02-16,2401X,PALENCIA,PALENCIA,736,"1,0","0,0","-5,5",06:50,"7,6",14:02,08,"2,2","12,2",11:40,,,,,
2012-02-17,2401X,PALENCIA,PALENCIA,736,"3,2","0,0","-3,7",23:41,"10,1",14:47,07,"1,7","10,8",11:00,,,,,
2012-02-18,2401X,PALENCIA,PALENCIA,736,"2,2","0,0","-7,7",06:45,"12,0",15:01,26,"1,4","6,4",13:30,,,,,
2012-02-19,2401X,PALENCIA,PALENCIA,736,"3,6","0,0","-4,6",06:01,"11,8",14:16,05,"1,4","8,1",17:10,,,,,
2012-02-20,2401X,PALENCIA,PALENCIA,736,"3,0","0,0","-2,9",06:23,"9,0",14:54,06,"1,7","8,6",11:50,,,,,
2012-02-21,2401X,PALENCIA,PALENCIA,736,"3,4","0,0","-6,1",03:30,"12,8",15:35,07,"1,4","6,7",15:40,,,,,
2012-02-22,2401X,PALENCIA,PALENCIA,736,"3,8","0,0","-8,1",06:12,"15,7",15:03,04,"1,4","6,7",14:10,,,,,
2012-02-23,2401X,PALENCIA,PALENCIA,736,"6,1","0,0","-4,7",03:10,"16,9",14:15,03,"2,2","8,1",15:40,,,,,
2012-02-24,2401X,PALENCIA,PALENCIA,736,"7,6","0,0","-2,0",03:31,"17,3",14:03,14,"1,1","5,3",13:50,,,,,
2012-02-25,2401X,PALENCIA,PALENCIA,736,"9,2","0,0","2,5",07:08,"15,8",14:06,30,"1,1","4,4",14:20,,,,,
2012-02-26,2401X,PALENCIA,PALENCIA,736,"9,7","0,0","2,9",23:46,"16,5",14:41,05,"1,4","8,9",16:10,,,,,
2012-02-27,2401X,PALENCIA,PALENCIA,736,"9,6","0,0","1,0",04:59,"18,1",15:03,06,"2,2","9,4",13:30,,,,,
2012-02-28,2401X,PALENCIA,PALENCIA,736,"8,8","0,0","-2,3",05:31,"19,8",14:52,14,"1,1","4,7",11:40,,,,,
2012-02-29,2401X,PALENCIA,PALENCIA,736,"7,5","0,0","-4,1",06:56,"19,1",14:51,31,"0,6","3,9",14:20,,,,,
2012-03-01,2401X,PALENCIA,PALENCIA,736,"8,8","0,0","-2,2",06:02,"19,8",14:24,24,"0,8","8,9",22:00,,,,,
2012-03-02,2401X,PALENCIA,PALENCIA,736,"8,9","0,0","0,4",07:03,"17,4",14:46,20,"2,8","12,2",17:50,,,,,
2012-03-03,2401X,PALENCIA,PALENCIA,736,"7,9","0,4","2,5",03:32,"13,3",15:55,27,"2,5","10,8",05:20,,,,,
2012-03-04,2401X,PALENCIA,PALENCIA,736,"8,8","1,2","1,9",Varias,"15,6",15:55,25,"5,0","12,2",12:10,,,,,
2012-03-05,2401X,PALENCIA,PALENCIA,736,"2,6","0,0","-4,9",06:49,"10,1",Varias,36,"1,4","6,9",11:20,,,,,
2012-03-06,2401X,PALENCIA,PALENCIA,736,"1,7","0,0","-6,8",06:49,"10,2",15:46,30,"0,8","6,1",14:00,,,,,
2012-03-07,2401X,PALENCIA,PALENCIA,736,"2,8","0,0","-7,1",06:01,"12,6",15:31,34,"0,6","4,7",12:10,,,,,
2012-03-08,2401X,PALENCIA,PALENCIA,736,"4,2","0,0","-3,2",04:28,"11,7",13:48,06,"3,1","11,9",16:20,,,,,
2012-03-09,2401X,PALENCIA,PALENCIA,736,"8,6","0,0","0,8",05:29,"16,4",15:06,06,"2,5","8,9",16:00,,,,,
2012-03-10,2401X,PALENCIA,PALENCIA,736,"9,8","0,0","1,3",05:08,"18,3",15:23,07,"2,8","10,8",19:00,,,,,
2012-03-11,2401X,PALENCIA,PALENCIA,736,"9,4","0,0","2,7",03:30,"16,2",15:03,08,"3,3","11,4",13:40,,,,,
2012-03-12,2401X,PALENCIA,PALENCIA,736,"10,8","0,0","1,7",06:11,"19,8",15:32,07,"1,4","5,0",09:00,,,,,
2012-03-13,2401X,PALENCIA,PALENCIA,736,"10,6","0,0","-1,1",05:52,"22,3",14:42,23,"1,1","4,2",14:00,,,,,
2012-03-14,2401X,PALENCIA,PALENCIA,736,"11,1","0,0","-1,9",06:39,"24,1",15:35,17,"1,1","3,6",13:50,,,,,
2012-03-16,2401X,PALENCIA,PALENCIA,736,,"0,8",,,,,,"3,3",,,,,,,
2012-03-17,2401X,PALENCIA,PALENCIA,736,"8,8","1,2","3,2",23:35,"14,4",15:02,28,"4,7","12,2",16:30,,,,,
2012-03-18,2401X,PALENCIA,PALENCIA,736,"5,8","0,0","0,4",23:59,"11,2",14:57,27,"5,3","13,3",13:10,,,,,
2012-03-19,2401X,PALENCIA,PALENCIA,736,"2,4","0,0","-6,2",05:35,"11,1",14:42,06,"2,5","11,4",17:00,,,,,
2012-03-20,2401X,PALENCIA,PALENCIA,736,"5,1","0,0","-0,1",06:22,"10,3",13:37,08,"3,1","11,1",11:10,,,,,
2012-03-21,2401X,PALENCIA,PALENCIA,736,"5,0","0,4","0,7",24:00,"9,4",15:06,04,"3,9","11,4",09:30,,,,,
2012-03-22,2401X,PALENCIA,PALENCIA,736,"6,6","0,0","-2,3",03:02,"15,5",Varias,28,"0,8","6,1",14:00,,,,,
2012-03-23,2401X,PALENCIA,PALENCIA,736,"7,3","0,0","-4,4",06:26,"19,0",13:30,12,"1,1","6,9",13:20,,,,,
2012-03-24,2401X,PALENCIA,PALENCIA,736,"10,8","0,0","-0,8",05:51,"22,5",14:54,13,"0,8","4,7",10:20,,,,,
2012-03-25,2401X,PALENCIA,PALENCIA,736,"11,4","0,0","-0,1",06:05,"22,9",14:40,06,"0,8","5,0",15:50,,,,,
2012-03-26,2401X,PALENCIA,PALENCIA,736,"12,2","0,0","1,9",06:05,"22,4",15:18,08,"0,6","5,8",16:10,,,,,
2012-03-27,2401X,PALENCIA,PALENCIA,736,"10,2","0,0","-0,9",06:10,"21,3",14:51,13,"1,1","8,9",15:10,,,,,
2012-03-28,2401X,PALENCIA,PALENCIA,736,"10,2","0,0","-0,6",06:13,"21,0",Varias,07,"1,7","7,8",12:50,,,,,
2012-03-29,2401X,PALENCIA,PALENCIA,736,"10,2","0,0","-1,3",05:42,"21,7",13:59,06,"1,4","12,5",14:00,,,,,
2012-03-30,2401X,PALENCIA,PALENCIA,736,"11,4","0,0","0,2",06:04,"22,5",14:04,07,"1,9","8,6",13:30,,,,,
2012-03-31,2401X,PALENCIA,PALENCIA,736,"13,8","0,0","4,7",06:18,"22,8",14:06,09,"1,4","7,2",20:10,,,,,
2012-04-01,2401X,PALENCIA,PALENCIA,736,"14,2","0,0","5,9",04:46,"22,4",13:52,08,"1,1","9,7",11:00,,,,,
2012-04-02,2401X,PALENCIA,PALENCIA,736,"12,6","0,2","3,9",04:11,"21,3",15:29,11,"2,8","10,8",16:20,,,,,
2012-04-03,2401X,PALENCIA,PALENCIA,736,"8,6","0,0","6,6",23:35,"10,7",14:35,04,"2,2","8,3",16:20,,,,,
2012-04-04,2401X,PALENCIA,PALENCIA,736,"8,5","0,0","4,8",23:10,"12,2",14:05,04,"1,4","7,5",14:40,,,,,
2012-04-05,2401X,PALENCIA,PALENCIA,736,"8,0","2,8","4,3",06:19,"11,7",14:06,07,"1,7","7,5",05:50,,,,,
2012-04-06,2401X,PALENCIA,PALENCIA,736,"5,7","6,8","2,4",08:11,"9,0",14:32,25,"4,2","9,7",15:30,,,,,
2012-04-07,2401X,PALENCIA,PALENCIA,736,"6,2","1,2","2,4",06:20,"10,0",15:45,27,"1,7","8,9",03:00,,,,,
2012-04-08,2401X,PALENCIA,PALENCIA,736,"9,3","0,2","2,8",23:55,"15,8",16:39,35,"1,7","5,3",12:40,,,,,
2012-04-09,2401X,PALENCIA,PALENCIA,736,"10,4","1,6","-0,1",05:50,"20,8",15:07,26,"3,1","10,3",14:50,,,,,
2012-04-10,2401X,PALENCIA,PALENCIA,736,"9,0","6,2","4,0",23:21,"13,9",00:01,25,"6,7","16,1",11:40,,,,,
2012-04-11,2401X,PALENCIA,PALENCIA,736,"6,6","2,4","3,4",03:29,"9,9",15:43,26,"6,1","12,5",04:30,,,,,
2012-04-12,2401X,PALENCIA,PALENCIA,736,"7,3","0,2","3,0",23:35,"11,6",16:58,28,"2,2","8,3",05:10,,,,,
2012-04-13,2401X,PALENCIA,PALENCIA,736,"7,5","4,2","2,1",03:46,"12,9",12:52,31,"6,1","15,3",14:20,,,,,
2012-04-14,2401X,PALENCIA,PALENCIA,736,"7,8","0,8","1,7",24:00,"13,9",14:33,25,"6,1","14,7",03:00,,,,,
2012-04-15,2401X,PALENCIA,PALENCIA,736,"6,2","0,0","1,2",02:50,"11,1",13:52,36,"4,2","12,5",16:10,,,,,
2012-04-16,2401X,PALENCIA,PALENCIA,736,"5,1","0,0","-0,7",02:05,"10,9",15:57,07,"2,5","10,0",12:10,,,,,
2012-04-17,2401X,PALENCIA,PALENCIA,736,"9,0","3,0","0,0",04:11,"17,9",13:30,28,"5,0","14,7",17:30,,,,,
2012-04-18,2401X,PALENCIA,PALENCIA,736,"6,8","0,4","3,1",03:33,"10,6",13:33,26,"8,3","16,9",18:00,,,,,
2012-04-19,2401X,PALENCIA,PALENCIA,736,"10,1","0,2","5,4",02:30,"14,8",15:03,28,"7,5","16,4",14:10,,,,,
2012-04-20,2401X,PALENCIA,PALENCIA,736,"12,1","0,2","6,6",Varias,"17,6",14:44,30,"7,5","16,1",13:30,,,,,
2012-04-21,2401X,PALENCIA,PALENCIA,736,"13,2","0,0","6,9",23:59,"19,5",14:21,24,"6,7","19,7",08:30,,,,,
2012-04-22,2401X,PALENCIA,PALENCIA,736,"9,6","0,0","3,0",05:39,"16,3",14:02,28,"3,6","9,4",13:10,,,,,
2012-04-23,2401X,PALENCIA,PALENCIA,736,"9,9","0,0","3,5",01:29,"16,3",15:22,26,"8,3","20,0",15:10,,,,,
2012-04-24,2401X,PALENCIA,PALENCIA,736,"8,6","0,0","1,2",05:22,"15,9",15:01,28,"5,6","13,1",01:20,,,,,
2012-04-25,2401X,PALENCIA,PALENCIA,736,"10,8","12,2","5,3",05:03,"16,4",12:12,22,"5,6","17,8",08:20,,,,,
2012-04-26,2401X,PALENCIA,PALENCIA,736,"8,2","6,4","4,2",04:49,"12,1",11:03,23,"3,1","9,4",10:40,,,,,
2012-04-27,2401X,PALENCIA,PALENCIA,736,"7,3","14,8","6,0",Varias,"8,6",Varias,31,"0,3","5,0",16:00,,,,,
2012-04-28,2401X,PALENCIA,PALENCIA,736,"7,2","5,2","4,4",19:00,"9,9",15:28,26,"1,4","13,9",18:40,,,,,
2012-04-29,2401X,PALENCIA,PALENCIA,736,"7,1","3,6","2,8",03:35,"11,4",12:44,24,"1,1","9,7",13:50,,,,,
2012-04-30,2401X,PALENCIA,PALENCIA,736,"7,8","0,2","2,2",04:39,"13,5",12:07,25,"3,6","11,7",13:50,,,,,
2012-05-01,2401X,PALENCIA,PALENCIA,736,"8,0","0,0","1,1",03:35,"14,9",14:04,24,"2,2","8,3",11:30,,,,,
2012-05-02,2401X,PALENCIA,PALENCIA,736,,,,,,,,"2,5",,,,,,,
2012-05-03,2401X,PALENCIA,PALENCIA,736,"12,2","6,4","7,0",05:03,"17,4",13:23,24,"3,1","12,8",10:40,,,,,
2012-05-04,2401X,PALENCIA,PALENCIA,736,"9,6","15,0","5,2",05:25,"13,9",11:46,26,"1,4","13,9",18:40,,,,,
2012-05-05,2401X,PALENCIA,PALENCIA,736,"10,7","0,4","4,8",23:50,"16,6",15:48,28,"3,6","10,8",14:00,,,,,
2012-05-06,2401X,PALENCIA,PALENCIA,736,"10,0","0,0","3,1",02:51,"16,9",16:24,27,"2,8","8,9",13:50,,,,,
2012-05-07,2401X,PALENCIA,PALENCIA,736,"11,2","4,8","4,6",05:09,"17,9",13:31,21,"3,3","10,8",14:10,,,,,
2012-05-08,2401X,PALENCIA,PALENCIA,736,"16,9","0,2","11,9",23:58,"21,9",14:35,26,"5,3","11,7",14:40,,,,,
2012-05-09,2401X,PALENCIA,PALENCIA,736,"18,4","0,0","11,2",02:01,"25,6",16:15,22,"1,9","7,8",11:40,,,,,
2012-05-10,2401X,PALENCIA,PALENCIA,736,"20,4","0,0","10,7",05:25,"30,1",15:07,23,"1,7","7,5",13:40,,,,,
2012-05-11,2401X,PALENCIA,PALENCIA,736,"21,4","0,0","12,9",05:08,"29,9",13:37,26,"1,9","8,1",21:50,,,,,
2012-05-12,2401X,PALENCIA,PALENCIA,736,"22,4","0,0","14,6",23:59,"30,1",15:37,28,"2,5","6,9",18:00,,,,,
2012-05-13,2401X,PALENCIA,PALENCIA,736,"18,4","0,0","12,2",23:59,"24,6",14:20,08,"1,7","6,4",18:00,,,,,
2012-05-14,2401X,PALENCIA,PALENCIA,736,"17,2","0,0","7,8",05:08,"26,6",16:14,28,"2,2","8,9",14:40,,,,,
2012-05-15,2401X,PALENCIA,PALENCIA,736,"12,7","0,0","4,1",04:17,"21,3",16:11,07,"2,2","8,3",18:40,,,,,
2012-05-16,2401X,PALENCIA,PALENCIA,736,"15,5","0,0","5,0",05:02,"26,0",16:49,07,"0,8","6,4",12:50,,,,,
2012-05-17,2401X,PALENCIA,PALENCIA,736,"19,2","0,0","10,9",02:43,"27,6",13:37,28,"5,0","11,7",12:10,,,,,
2012-05-18,2401X,PALENCIA,PALENCIA,736,"16,8","0,2","8,9",04:08,"24,6",16:27,28,"3,3","10,8",23:10,,,,,
2012-05-19,2401X,PALENCIA,PALENCIA,736,"11,8","0,6","5,7",23:59,"17,8",13:51,27,"4,4","11,4",19:50,,,,,
2012-05-20,2401X,PALENCIA,PALENCIA,736,"9,6","0,4","4,2",01:08,"15,0",14:50,04,"1,4","8,1",15:50,,,,,
2012-05-21,2401X,PALENCIA,PALENCIA,736,"10,9","0,0","4,2",00:06,"17,6",14:59,27,"6,1","15,0",12:30,,,,,
2012-05-22,2401X,PALENCIA,PALENCIA,736,"15,8","0,0","7,6",02:50,"23,9",16:35,29,"1,7","6,7",00:20,,,,,
2012-05-23,2401X,PALENCIA,PALENCIA,736,"16,4","0,0","6,2",04:57,"26,6",15:59,34,"1,1","5,0",12:20,,,,,
2012-05-24,2401X,PALENCIA,PALENCIA,736,"17,7","0,0","6,5",04:18,"28,9",16:48,04,"1,1","6,4",15:50,,,,,
2012-05-25,2401X,PALENCIA,PALENCIA,736,"20,6","0,0","10,1",04:51,"31,2",15:23,28,"1,7","11,4",19:40,,,,,
2012-05-26,2401X,PALENCIA,PALENCIA,736,"13,7","0,0","5,7",05:11,"21,7",13:51,25,"3,6","10,6",16:40,,,,,
2012-05-27,2401X,PALENCIA,PALENCIA,736,"14,8","0,0","5,1",04:53,"24,5",16:36,28,"1,7","7,8",14:50,,,,,
2012-05-28,2401X,PALENCIA,PALENCIA,736,"16,8","0,0","6,6",04:57,"26,9",14:40,13,"0,8","8,1",21:00,,,,,
2012-05-29,2401X,PALENCIA,PALENCIA,736,"18,4","0,0","7,7",04:46,"29,0",14:25,27,"1,7","8,6",14:50,,,,,
2012-05-30,2401X,PALENCIA,PALENCIA,736,"20,0","0,0","9,7",04:59,"30,2",14:47,05,"1,1","6,1",21:40,,,,,
2012-05-31,2401X,PALENCIA,PALENCIA,736,"22,4","0,0","12,3",04:34,"32,6",16:28,08,"1,1","6,4",19:20,,,,,
2012-06-01,2401X,PALENCIA,PALENCIA,736,"23,8","9,6","12,4",04:54,"35,1",13:40,13,"1,7","11,4",17:00,,,,,
2012-06-02,2401X,PALENCIA,PALENCIA,736,"20,6","5,4","14,5",23:10,"26,7",12:24,28,"4,2","11,1",17:40,,,,,
2012-06-03,2401X,PALENCIA,PALENCIA,736,"18,4","0,0","12,8",23:59,"24,1",15:05,27,"2,8","7,5",13:40,,,,,
2012-06-04,2401X,PALENCIA,PALENCIA,736,"18,0","0,0","10,4",05:19,"25,7",16:14,34,"0,8","5,0",14:40,,,,,
2012-06-05,2401X,PALENCIA,PALENCIA,736,"19,3","0,0","9,8",04:38,"28,8",14:28,28,"4,7","11,7",23:20,,,,,
2012-06-06,2401X,PALENCIA,PALENCIA,736,"20,0","0,6","14,4",03:30,"25,6",14:22,29,"3,6","11,4",00:30,,,,,
2012-06-07,2401X,PALENCIA,PALENCIA,736,"19,0","0,2","13,2",23:59,"24,8",13:22,29,"5,3","14,4",15:50,,,,,
2012-06-08,2401X,PALENCIA,PALENCIA,736,"15,8","0,0","9,2",05:02,"22,5",16:20,29,"3,1","8,3",06:50,,,,,
2012-06-09,2401X,PALENCIA,PALENCIA,736,"14,6","0,0","5,6",04:30,"23,5",15:38,28,"3,9","12,2",23:10,,,,,
2012-06-10,2401X,PALENCIA,PALENCIA,736,"20,4","0,0","14,5",00:52,"26,3",15:58,31,"7,2","16,4",16:00,,,,,
2012-06-11,2401X,PALENCIA,PALENCIA,736,"15,6","0,0","10,0",04:57,"21,3",11:21,27,"6,9","16,9",13:20,,,,,
2012-06-12,2401X,PALENCIA,PALENCIA,736,"15,6","0,0","9,7",Varias,"21,5",14:57,26,"4,7","10,6",06:00,,,,,
2012-06-13,2401X,PALENCIA,PALENCIA,736,"14,4","0,0","5,1",04:07,"23,7",15:58,32,"1,4","5,0",14:00,,,,,
2012-06-14,2401X,PALENCIA,PALENCIA,736,"17,5","0,0","6,7",04:47,"28,3",14:09,27,"4,7","13,6",14:30,,,,,
2012-06-15,2401X,PALENCIA,PALENCIA,736,"18,4","0,0","8,8",05:00,"28,0",14:44,24,"4,7","14,7",15:10,,,,,
2012-06-16,2401X,PALENCIA,PALENCIA,736,"19,2","0,0","10,7",04:57,"27,6",15:27,26,"3,9","11,9",13:00,,,,,
2012-06-17,2401X,PALENCIA,PALENCIA,736,"19,8","0,0","9,3",04:56,"30,3",14:46,27,"4,2","13,9",17:10,,,,,
2012-06-18,2401X,PALENCIA,PALENCIA,736,"18,8","0,2","11,9",03:31,"25,6",11:49,09,"1,7","6,9",15:30,,,,,
2012-06-19,2401X,PALENCIA,PALENCIA,736,"22,2","0,0","13,6",04:46,"30,7",14:38,23,"2,5","9,7",14:00,,,,,
2012-06-20,2401X,PALENCIA,PALENCIA,736,"19,8","0,2","11,5",03:46,"28,1",14:01,26,"4,4","11,9",13:20,,,,,
2012-06-21,2401X,PALENCIA,PALENCIA,736,"18,2","0,0","11,0",23:52,"25,3",16:34,25,"5,6","12,8",08:50,,,,,
2012-06-22,2401X,PALENCIA,PALENCIA,736,"17,6","0,0","7,8",04:41,"27,3",15:51,33,"1,4","7,2",14:10,,,,,
2012-06-23,2401X,PALENCIA,PALENCIA,736,"20,2","0,0","9,4",04:56,"30,9",16:11,30,"2,8","7,5",13:20,,,,,
2012-06-24,2401X,PALENCIA,PALENCIA,736,"21,6","0,0","10,0",04:59,"33,3",15:45,08,"1,7","6,9",18:50,,,,,
2012-06-25,2401X,PALENCIA,PALENCIA,736,"24,0","0,0","13,0",04:55,"34,9",16:35,30,"1,4","5,8",12:50,,,,,
2012-06-26,2401X,PALENCIA,PALENCIA,736,"25,8","0,0","14,1",04:52,"37,5",Varias,99,"1,1","5,3",13:50,,,,,
2012-06-27,2401X,PALENCIA,PALENCIA,736,"27,6","0,0","17,4",03:20,"37,7",15:02,24,"4,2","13,1",17:40,,,,,
2012-06-28,2401X,PALENCIA,PALENCIA,736,"25,5","0,0","17,0",05:03,"34,0",14:35,26,"2,8","11,9",12:20,,,,,
2012-06-29,2401X,PALENCIA,PALENCIA,736,"19,6","0,0","13,1",04:40,"26,0",14:39,26,"5,0","12,8",16:30,,,,,
2012-06-30,2401X,PALENCIA,PALENCIA,736,"16,1","0,0","9,5",23:58,"22,7",12:55,26,"3,1","12,8",16:30,,,,,
2012-07-01,2401X,PALENCIA,PALENCIA,736,"14,4","0,0","5,2",04:44,"23,6",17:33,10,"1,7","7,2",19:40,,,,,
2012-07-02,2401X,PALENCIA,PALENCIA,736,"18,8","0,0","8,8",04:57,"28,7",16:11,26,"2,2","8,1",14:20,,,,,
2012-07-03,2401X,PALENCIA,PALENCIA,736,"19,8","0,0","9,2",05:02,"30,3",16:59,25,"2,8","9,4",13:50,,,,,
2012-07-04,2401X,PALENCIA,PALENCIA,736,"20,0","0,0","11,6",05:07,"28,3",15:36,26,"3,1","11,4",18:40,,,,,
2012-07-05,2401X,PALENCIA,PALENCIA,736,"18,0","0,0","12,4",00:57,"23,6",14:19,29,"3,9","12,2",12:30,,,,,
2012-07-06,2401X,PALENCIA,PALENCIA,736,"17,4","0,0","8,8",04:57,"26,0",15:10,27,"1,9","8,9",21:40,,,,,
2012-07-07,2401X,PALENCIA,PALENCIA,736,"18,3","0,0","9,7",04:40,"26,9",14:21,26,"5,0","14,7",16:10,,,,,
2012-07-08,2401X,PALENCIA,PALENCIA,736,"18,2","0,0","8,4",04:58,"28,1",16:44,08,"0,8","5,0",19:40,,,,,
2012-07-09,2401X,PALENCIA,PALENCIA,736,"20,8","0,0","11,7",04:55,"29,9",15:48,29,"1,9","9,7",16:00,,,,,
2012-07-10,2401X,PALENCIA,PALENCIA,736,"19,9","0,0","11,8",05:04,"28,0",15:39,05,"1,9","8,3",19:00,,,,,
2012-07-11,2401X,PALENCIA,PALENCIA,736,"18,6","0,0","10,8",04:52,"26,4",15:42,06,"2,2","9,7",18:40,,,,,
2012-07-12,2401X,PALENCIA,PALENCIA,736,"18,6","0,0","8,4",05:04,"28,9",14:54,28,"2,5","9,7",Varias,,,,,
2012-07-13,2401X,PALENCIA,PALENCIA,736,"20,2","0,0","11,1",05:01,"29,4",13:39,28,"5,6","15,8",15:30,,,,,
2012-07-14,2401X,PALENCIA,PALENCIA,736,"17,3","0,0","9,5",05:01,"25,1",15:55,28,"3,6","9,2",14:30,,,,,
2012-07-15,2401X,PALENCIA,PALENCIA,736,"17,4","0,0","8,8",04:07,"26,0",17:00,04,"2,2","8,1",19:20,,,,,
2012-07-16,2401X,PALENCIA,PALENCIA,736,"20,4","0,0","9,6",03:58,"31,1",16:57,27,"2,2","7,8",14:10,,,,,
2012-07-17,2401X,PALENCIA,PALENCIA,736,"22,5","0,0","10,0",05:05,"35,0",15:50,01,"0,8","6,1",15:30,,,,,
2012-07-18,2401X,PALENCIA,PALENCIA,736,"24,0","0,0","11,4",05:03,"36,7",15:28,26,"1,1","7,5",14:10,,,,,
2012-07-19,2401X,PALENCIA,PALENCIA,736,"23,0","0,0","13,1",04:36,"32,8",15:51,07,"1,1","10,0",19:30,,,,,
2012-07-20,2401X,PALENCIA,PALENCIA,736,"20,8","0,0","12,9",04:55,"28,7",15:51,08,"2,8","10,0",20:00,,,,,
2012-07-21,2401X,PALENCIA,PALENCIA,736,"20,4","0,0","12,1",05:06,"28,8",15:54,07,"2,5","8,3",20:40,,,,,
2012-07-22,2401X,PALENCIA,PALENCIA,736,"20,6","0,0","11,5",05:34,"29,8",16:45,07,"2,5","6,9",14:50,,,,,
2012-07-23,2401X,PALENCIA,PALENCIA,736,"22,8","0,0","13,0",04:53,"32,5",15:37,08,"1,9","6,9",08:10,,,,,
2012-07-24,2401X,PALENCIA,PALENCIA,736,"22,8","0,0","11,5",05:13,"34,0",17:19,30,"1,7","8,6",15:00,,,,,
2012-07-25,2401X,PALENCIA,PALENCIA,736,"24,8","22,8","15,1",05:13,"34,6",12:48,08,"1,1","18,3",14:20,,,,,
2012-07-26,2401X,PALENCIA,PALENCIA,736,"23,8","2,6","15,7",05:37,"32,0",15:27,23,"3,6","20,0",17:40,,,,,
2012-07-27,2401X,PALENCIA,PALENCIA,736,"20,4","28,2","13,8",20:06,"27,1",16:17,30,"1,1","16,1",19:40,,,,,
2012-07-28,2401X,PALENCIA,PALENCIA,736,"20,2","0,0","13,7",05:28,"26,7",16:48,33,"1,7","6,7",14:20,,,,,
2012-07-29,2401X,PALENCIA,PALENCIA,736,"21,2","0,0","13,5",05:19,"28,8",15:30,31,"1,9","8,9",14:40,,,,,
2012-07-30,2401X,PALENCIA,PALENCIA,736,"21,8","0,0","11,9",05:17,"31,6",16:36,28,"1,4","7,2",12:50,,,,,
2012-07-31,2401X,PALENCIA,PALENCIA,736,"23,9","0,0","13,2",05:11,"34,6",15:51,24,"2,8","11,9",17:00,,,,,
2012-08-01,2401X,PALENCIA,PALENCIA,736,"21,2","0,0","12,6",05:21,"29,9",15:13,26,"3,9","10,6",17:00,,,,,
2012-08-02,2401X,PALENCIA,PALENCIA,736,"20,2","0,0","12,1",05:06,"28,4",15:37,28,"1,9","7,8",13:20,,,,,
2012-08-03,2401X,PALENCIA,PALENCIA,736,"20,6","0,0","12,3",05:21,"28,9",Varias,28,"1,7","7,8",15:40,,,,,
2012-08-04,2401X,PALENCIA,PALENCIA,736,"19,2","0,0","12,4",04:31,"26,0",13:20,28,"1,1","8,3",14:20,,,,,
2012-08-05,2401X,PALENCIA,PALENCIA,736,"18,2","0,0","11,7",03:36,"24,6",14:45,29,"1,7","7,8",15:10,,,,,
2012-08-06,2401X,PALENCIA,PALENCIA,736,"17,2","0,0","9,4",05:04,"25,0",15:25,99,"1,4","5,0",Varias,,,,,
2012-08-07,2401X,PALENCIA,PALENCIA,736,"20,7","0,0","10,3",05:25,"31,1",15:49,12,"0,8","6,9",13:50,,,,,
2012-08-08,2401X,PALENCIA,PALENCIA,736,"24,8","0,0","14,0",05:19,"35,6",14:49,14,"1,7","7,5",12:40,,,,,
2012-08-09,2401X,PALENCIA,PALENCIA,736,"25,2","0,0","14,0",05:24,"36,4",13:54,24,"1,7","10,0",12:50,,,,,
2012-08-10,2401X,PALENCIA,PALENCIA,736,"25,3","0,0","13,7",05:22,"36,9",16:25,28,"2,2","10,3",16:10,,,,,
2012-08-11,2401X,PALENCIA,PALENCIA,736,"24,0","0,0","15,7",05:38,"32,4",13:41,26,"4,2","12,8",15:40,,,,,
2012-08-12,2401X,PALENCIA,PALENCIA,736,"20,4","0,0","12,6",05:29,"28,2",15:48,31,"1,7","5,3",14:00,,,,,
2012-08-13,2401X,PALENCIA,PALENCIA,736,"20,2","0,0","11,6",05:37,"28,8",14:55,29,"1,7","7,2",11:10,,,,,
2012-08-14,2401X,PALENCIA,PALENCIA,736,"23,8","1,0","16,3",05:31,"31,3",15:35,24,"2,8","9,7",14:30,,,,,
2012-08-15,2401X,PALENCIA,PALENCIA,736,"18,5","0,4","12,4",23:55,"24,6",16:03,30,"3,3","14,4",05:00,,,,,
2012-08-16,2401X,PALENCIA,PALENCIA,736,"19,1","0,0","8,0",05:14,"30,2",15:02,22,"1,7","7,5",12:50,,,,,
2012-08-17,2401X,PALENCIA,PALENCIA,736,"23,6","0,0","10,9",05:20,"36,3",14:34,20,"3,3","12,2",15:10,,,,,
2012-08-18,2401X,PALENCIA,PALENCIA,736,"25,4","0,0","14,2",05:39,"36,7",15:09,22,"2,2","9,7",13:40,,,,,
2012-08-19,2401X,PALENCIA,PALENCIA,736,"26,5","0,0","17,2",06:10,"35,8",16:00,25,"2,2","8,9",17:50,,,,,
2012-08-20,2401X,PALENCIA,PALENCIA,736,"25,8","0,0","15,7",04:58,"36,0",14:30,24,"2,8","10,8",Varias,,,,,
2012-08-21,2401X,PALENCIA,PALENCIA,736,"23,8","0,0","13,4",05:24,"34,2",15:22,28,"2,8","11,7",13:40,,,,,
2012-08-22,2401X,PALENCIA,PALENCIA,736,"24,3","0,0","15,0",05:49,"33,6",14:47,27,"1,4","7,5",15:50,,,,,
2012-08-23,2401X,PALENCIA,PALENCIA,736,"21,6","0,0","13,3",05:40,"29,8",13:27,26,"2,8","10,8",17:00,,,,,
2012-08-24,2401X,PALENCIA,PALENCIA,736,"21,0","0,0","14,2",05:30,"27,8",15:11,26,"4,4","11,4",12:50,,,,,
2012-08-25,2401X,PALENCIA,PALENCIA,736,"19,8","0,0","12,9",23:54,"26,8",15:26,26,"2,8","9,4",00:40,,,,,
2012-08-26,2401X,PALENCIA,PALENCIA,736,"19,7","0,0","11,1",05:03,"28,3",16:13,99,"1,4","6,1",01:50,,,,,
2012-08-27,2401X,PALENCIA,PALENCIA,736,"20,2","0,0","8,6",05:23,"31,9",14:51,26,"3,3","14,2",11:10,,,,,
2012-08-28,2401X,PALENCIA,PALENCIA,736,"20,4","0,0","12,4",05:56,"28,3",12:53,28,"2,2","8,9",14:20,,,,,
2012-08-29,2401X,PALENCIA,PALENCIA,736,"21,2","0,0","14,5",06:11,"27,8",13:51,99,"1,9","8,3",Varias,,,,,
2012-08-30,2401X,PALENCIA,PALENCIA,736,"17,0","0,0","10,9",05:50,"23,2",13:36,06,"3,3","11,1",16:10,,,,,
2012-08-31,2401X,PALENCIA,PALENCIA,736,"16,0","0,0","9,3",05:44,"22,6",14:17,07,"1,9","10,8",08:50,,,,,
2012-09-01,2401X,PALENCIA,PALENCIA,736,"15,1","0,0","8,1",05:47,"22,1",15:21,08,"2,5","10,0",13:50,,,,,
2012-09-02,2401X,PALENCIA,PALENCIA,736,"15,3","0,0","7,4",04:06,"23,2",14:24,06,"2,2","10,0",16:30,,,,,
2012-09-03,2401X,PALENCIA,PALENCIA,736,"17,0","0,0","10,9",Varias,"23,1",13:52,05,"2,8","10,3",09:40,,,,,
2012-09-04,2401X,PALENCIA,PALENCIA,736,"16,2","0,0","8,2",05:03,"24,1",13:25,07,"3,1","9,7",14:50,,,,,
2012-09-05,2401X,PALENCIA,PALENCIA,736,"18,2","0,0","10,8",06:06,"25,5",14:30,07,"2,8","9,4",15:20,,,,,
2012-09-06,2401X,PALENCIA,PALENCIA,736,"20,8","0,0","11,2",05:45,"30,3",14:48,06,"1,1","5,8",00:30,,,,,
2012-09-07,2401X,PALENCIA,PALENCIA,736,"21,2","0,0","10,7",06:08,"31,8",14:49,30,"0,6","6,9",16:10,,,,,
2012-09-08,2401X,PALENCIA,PALENCIA,736,"21,1","1,6","10,2",05:54,"32,0",14:36,05,"1,4","11,1",16:30,,,,,
2012-09-09,2401X,PALENCIA,PALENCIA,736,"20,9","0,0","11,9",05:50,"29,9",15:52,27,"0,8","12,8",19:00,,,,,
2012-09-10,2401X,PALENCIA,PALENCIA,736,"19,6","0,0","12,5",06:03,"26,7",15:16,30,"1,7","7,5",13:30,,,,,
2012-09-11,2401X,PALENCIA,PALENCIA,736,"19,7","0,0","10,4",05:21,"29,0",14:01,29,"1,9","8,9",13:10,,,,,
2012-09-12,2401X,PALENCIA,PALENCIA,736,"19,5","0,0","12,1",23:56,"26,9",13:49,36,"1,7","9,7",18:40,,,,,
2012-09-13,2401X,PALENCIA,PALENCIA,736,"15,8","0,0","7,8",06:03,"23,9",13:38,06,"1,7","10,3",17:00,,,,,
2012-09-14,2401X,PALENCIA,PALENCIA,736,"17,6","0,0","6,8",04:58,"28,5",15:16,05,"1,7","6,9",16:40,,,,,
2012-09-15,2401X,PALENCIA,PALENCIA,736,"19,8","0,0","6,9",05:57,"32,8",14:43,28,"0,6","5,6",15:20,,,,,
2012-09-16,2401X,PALENCIA,PALENCIA,736,"19,4","0,0","7,5",05:48,"31,2",15:05,28,"1,7","8,1",15:50,,,,,
2012-09-17,2401X,PALENCIA,PALENCIA,736,"20,5","0,0","12,1",03:29,"28,9",14:11,26,"1,1","4,7",14:10,,,,,
2012-09-18,2401X,PALENCIA,PALENCIA,736,"19,7","0,0","12,3",02:10,"27,1",14:27,99,"2,2","8,1",Varias,,,,,
2012-09-19,2401X,PALENCIA,PALENCIA,736,"16,6","0,0","10,8",23:54,"22,3",14:07,06,"3,1","10,6",08:10,,,,,
2012-09-20,2401X,PALENCIA,PALENCIA,736,"19,2","0,0","7,8",05:35,"30,5",13:55,26,"0,8","6,1",13:30,,,,,
2012-09-21,2401X,PALENCIA,PALENCIA,736,"22,4","0,0","16,1",05:59,"28,6",Varias,27,"3,1","10,0",14:10,,,,,
2012-09-22,2401X,PALENCIA,PALENCIA,736,"20,8","0,0","11,7",06:15,"29,8",15:01,22,"1,7","7,5",15:10,,,,,
2012-09-23,2401X,PALENCIA,PALENCIA,736,"19,4","0,6","14,7",04:03,"24,2",12:24,27,"6,1","18,6",17:30,,,,,
2012-09-24,2401X,PALENCIA,PALENCIA,736,"16,4","0,0","12,0",06:14,"20,7",13:47,25,"5,6","16,4",00:20,,,,,
2012-09-25,2401X,PALENCIA,PALENCIA,736,"13,4","13,0","8,1",22:22,"18,7",13:10,25,"5,6","15,8",11:40,,,,,
2012-09-26,2401X,PALENCIA,PALENCIA,736,"11,4","0,0","7,7",06:33,"15,1",11:43,26,"4,2","9,2",08:50,,,,,
2012-09-27,2401X,PALENCIA,PALENCIA,736,"10,8","0,6","4,9",06:11,"16,8",16:00,14,"0,8","5,8",15:10,,,,,
2012-09-28,2401X,PALENCIA,PALENCIA,736,"13,4","0,2","11,0",03:53,"15,8",12:39,08,"1,4","9,2",15:40,,,,,
2012-09-29,2401X,PALENCIA,PALENCIA,736,"13,2","0,0","9,5",23:59,"17,0",15:27,99,"3,3","14,4",Varias,,,,,
2012-09-30,2401X,PALENCIA,PALENCIA,736,"11,9","0,0","5,6",23:50,"18,2",14:25,06,"1,7","6,7",08:50,,,,,
2012-10-01,2401X,PALENCIA,PALENCIA,736,"11,9","0,0","2,1",06:16,"21,7",15:16,99,"1,4","5,8",Varias,,,,,
2012-10-02,2401X,PALENCIA,PALENCIA,736,"14,1","0,0","5,1",06:09,"23,1",14:06,28,"1,4","7,8",14:50,,,,,
2012-10-03,2401X,PALENCIA,PALENCIA,736,"15,0","0,0","6,4",06:20,"23,7",13:50,28,"2,5","9,7",16:20,,,,,
2012-10-04,2401X,PALENCIA,PALENCIA,736,"14,4","0,0","5,5",06:23,"23,2",14:38,32,"1,1","4,2",12:20,,,,,
2012-10-05,2401X,PALENCIA,PALENCIA,736,"15,3","0,0","4,0",05:49,"26,6",14:52,28,"0,8","7,5",14:00,,,,,
2012-10-06,2401X,PALENCIA,PALENCIA,736,"16,2","0,0","8,4",03:00,"23,9",Varias,26,"2,2","10,0",13:10,,,,,
2012-10-07,2401X,PALENCIA,PALENCIA,736,"19,2","0,0","11,9",06:24,"26,4",14:58,99,"0,8","5,3",00:10,,,,,
2012-10-08,2401X,PALENCIA,PALENCIA,736,"20,2","0,0","12,6",04:32,"27,9",12:55,29,"4,2","11,4",13:20,,,,,
2012-10-09,2401X,PALENCIA,PALENCIA,736,"17,2","0,0","9,8",06:06,"24,5",13:28,32,"2,8","7,8",16:20,,,,,
2012-10-10,2401X,PALENCIA,PALENCIA,736,"19,2","0,4","15,6",23:59,"22,9",12:29,28,"1,7","7,5",05:20,,,,,
2012-10-11,2401X,PALENCIA,PALENCIA,736,"17,8","3,8","13,3",23:57,"22,2",13:54,28,"5,6","11,9",18:40,,,,,
2012-10-12,2401X,PALENCIA,PALENCIA,736,"13,2","0,0","8,1",22:37,"18,3",14:01,04,"0,6","6,4",10:50,,,,,
2012-10-13,2401X,PALENCIA,PALENCIA,736,"11,0","0,2","3,1",06:42,"18,9",14:55,28,"1,9","7,5",12:30,,,,,
2012-10-14,2401X,PALENCIA,PALENCIA,736,"11,0","0,0","5,6",23:59,"16,5",12:25,25,"3,6","13,3",10:40,,,,,
2012-10-15,2401X,PALENCIA,PALENCIA,736,"8,2","0,0","0,0",06:15,"16,4",14:30,26,"1,4","7,8",11:30,,,,,
2012-10-16,2401X,PALENCIA,PALENCIA,736,"13,0","0,0","5,9",02:27,"20,2",14:26,23,"2,5","8,9",15:20,,,,,
2012-10-17,2401X,PALENCIA,PALENCIA,736,"11,0","29,8","8,6",02:54,"13,3",09:06,22,"3,1","11,4",12:00,,,,,
2012-10-18,2401X,PALENCIA,PALENCIA,736,"10,0","21,8","8,3",07:51,"11,7",00:01,28,"1,7","7,5",05:40,,,,,
2012-10-19,2401X,PALENCIA,PALENCIA,736,"9,2","0,0","6,6",06:42,"11,9",15:09,27,"0,6","8,1",02:20,,,,,
2012-10-20,2401X,PALENCIA,PALENCIA,736,"10,8","0,0","5,5",Varias,"16,1",13:59,30,"0,8","4,2",14:10,,,,,
2012-10-21,2401X,PALENCIA,PALENCIA,736,"10,8","0,0","5,2",00:24,"16,4",15:54,29,"1,7","5,0",12:40,,,,,
2012-10-22,2401X,PALENCIA,PALENCIA,736,"11,8","0,0","4,4",06:18,"19,3",14:30,24,"1,1","3,9",13:30,,,,,
2012-10-23,2401X,PALENCIA,PALENCIA,736,"15,0","0,0","8,2",06:47,"21,9",14:37,11,"0,3","3,6",13:50,,,,,
2012-10-24,2401X,PALENCIA,PALENCIA,736,"13,1","7,6","7,7",04:20,"18,5",14:00,,"1,7",,,,,,,
2012-10-25,2401X,PALENCIA,PALENCIA,736,"12,4","7,0","6,7",06:44,"18,2",14:33,14,"1,1","7,2",12:10,,,,,
2012-10-26,2401X,PALENCIA,PALENCIA,736,"13,0","1,0","10,1",06:49,"16,0",15:10,25,"2,2","9,4",13:10,,,,,
2012-10-27,2401X,PALENCIA,PALENCIA,736,"7,0","0,0","1,7",23:37,"12,4",10:10,06,"3,1","13,6",14:10,,,,,
2012-10-28,2401X,PALENCIA,PALENCIA,736,"4,1","0,0","-0,8",06:48,"9,0",14:54,30,"0,8","4,2",04:30,,,,,
2012-10-29,2401X,PALENCIA,PALENCIA,736,"5,1","0,0","-2,5",Varias,"12,7",14:50,,"0,8",,,,,,,
2012-10-30,2401X,PALENCIA,PALENCIA,736,"2,8","5,6","-1,3",03:01,"6,8",16:12,99,"0,8","2,5",Varias,,,,,
2012-10-31,2401X,PALENCIA,PALENCIA,736,"4,2","0,0","-1,4",06:00,"9,8",14:30,,,,,,,,,
2012-11-01,2401X,PALENCIA,PALENCIA,736,"10,1","0,0","6,9",01:37,"13,3",14:10,24,"6,9","15,6",12:40,,,,,
2012-11-02,2401X,PALENCIA,PALENCIA,736,"11,7","0,0","8,4",06:48,"15,0",14:27,25,"5,0","13,1",13:10,,,,,
2012-11-03,2401X,PALENCIA,PALENCIA,736,"13,0","4,4","9,9",04:47,"16,1",14:10,26,"3,9","10,6",14:20,,,,,
2012-11-04,2401X,PALENCIA,PALENCIA,736,"8,4","3,0","4,5",23:58,"12,3",13:13,29,"3,3","11,7",16:10,,,,,
2012-11-05,2401X,PALENCIA,PALENCIA,736,"7,3","0,0","2,5",05:49,"12,1",14:27,99,"3,1","9,7",Varias,,,,,
2012-11-06,2401X,PALENCIA,PALENCIA,736,"4,9","0,0","-1,0",06:55,"10,8",14:11,08,"2,2","9,4",11:20,,,,,
2012-11-07,2401X,PALENCIA,PALENCIA,736,"6,2","0,0","1,3",00:01,"11,0",14:11,11,"1,4","9,2",10:50,,,,,
2012-11-08,2401X,PALENCIA,PALENCIA,736,"10,2","5,8","7,7",23:52,"12,6",12:10,10,"1,7","5,6",16:20,,,,,
2012-11-09,2401X,PALENCIA,PALENCIA,736,"9,8","13,8","6,4",23:01,"13,1",13:10,22,"0,3","4,7",23:40,,,,,
2012-11-10,2401X,PALENCIA,PALENCIA,736,"8,0","1,2","4,0",23:50,"12,1",14:37,29,"5,0","15,3",15:10,,,,,
2012-11-11,2401X,PALENCIA,PALENCIA,736,"5,2","0,0","0,7",05:51,"9,8",14:03,04,"1,9","9,2",15:20,,,,,
2012-11-12,2401X,PALENCIA,PALENCIA,736,"5,8","0,0","1,2",01:41,"10,3",14:40,08,"1,9","8,3",13:00,,,,,
2012-11-13,2401X,PALENCIA,PALENCIA,736,"7,2","0,0","0,8",07:16,"13,6",13:58,07,"0,8","4,2",00:20,,,,,
2012-11-14,2401X,PALENCIA,PALENCIA,736,"10,3","0,0","1,2",01:58,"19,4",13:04,12,"1,4","9,7",16:10,,,,,
2012-11-15,2401X,PALENCIA,PALENCIA,736,"12,7","0,0","6,3",06:53,"19,1",Varias,16,"0,8","6,7",16:00,,,,,
2012-11-16,2401X,PALENCIA,PALENCIA,736,"12,8","0,0","7,9",01:39,"17,7",13:26,13,"1,7","6,7",12:20,,,,,
2012-11-17,2401X,PALENCIA,PALENCIA,736,"10,6","0,6","7,5",Varias,"13,8",13:49,14,"1,4","5,8",02:50,,,,,
2012-11-18,2401X,PALENCIA,PALENCIA,736,"7,0","0,0","1,9",23:01,"12,2",12:12,07,"1,4","10,3",11:10,,,,,
2012-11-19,2401X,PALENCIA,PALENCIA,736,"6,4","0,0","0,2",03:16,"12,5",14:58,15,"1,1","4,2",05:30,,,,,
2012-11-20,2401X,PALENCIA,PALENCIA,736,"6,9","0,0","1,9",07:24,"11,9",12:41,22,"1,4","7,5",22:50,,,,,
2012-11-21,2401X,PALENCIA,PALENCIA,736,"6,6","0,0","1,9",23:56,"11,2",14:12,29,"3,1","11,4",09:00,,,,,
2012-11-22,2401X,PALENCIA,PALENCIA,736,"4,1","0,0","-2,8",07:47,"11,0",12:58,30,"1,1","5,6",13:50,,,,,
2012-11-23,2401X,PALENCIA,PALENCIA,736,"6,8","0,0","0,3",00:27,"13,3",14:27,22,"0,8","5,6",12:10,,,,,
2012-11-24,2401X,PALENCIA,PALENCIA,736,"9,6","4,8","5,2",02:56,"13,9",13:37,21,"2,5","12,2",13:10,,,,,
2012-11-25,2401X,PALENCIA,PALENCIA,736,"10,6","18,2","9,6",Varias,"11,6",15:12,26,"1,4","8,6",21:10,,,,,
2012-11-26,2401X,PALENCIA,PALENCIA,736,"5,4","0,0","0,9",22:37,"9,8",14:11,30,"4,4","9,7",10:50,,,,,
2012-11-27,2401X,PALENCIA,PALENCIA,736,"3,6","0,0","-0,9",24:00,"8,2",13:34,30,"3,6","11,4",11:10,,,,,
2012-11-28,2401X,PALENCIA,PALENCIA,736,"3,0","0,0","-1,7",02:04,"7,8",12:44,28,"3,9","10,0",09:10,,,,,
2012-11-29,2401X,PALENCIA,PALENCIA,736,"2,7","0,0","-2,1",05:02,"7,5",14:02,31,"3,1","8,9",14:50,,,,,
2012-11-30,2401X,PALENCIA,PALENCIA,736,"1,6","0,0","-2,2",07:34,"5,3",13:24,07,"1,1","7,2",17:10,,,,,
2012-12-01,2401X,PALENCIA,PALENCIA,736,"1,5","0,0","-2,3",07:17,"5,3",13:12,06,"2,2","8,3",12:50,,,,,
2012-12-02,2401X,PALENCIA,PALENCIA,736,"0,8","0,0","-5,2",07:43,"6,8",14:10,27,"1,9","6,7",11:50,,,,,
2012-12-03,2401X,PALENCIA,PALENCIA,736,"3,0","1,4","-3,8",07:41,"9,8",13:59,24,"1,7","11,4",23:59,,,,,
2012-12-04,2401X,PALENCIA,PALENCIA,736,"6,2","0,0","2,2",23:36,"10,1",13:18,26,"5,8","13,9",05:00,,,,,
2012-12-05,2401X,PALENCIA,PALENCIA,736,"5,0","0,0","1,2",06:40,"8,7",Varias,27,"6,4","17,8",09:40,,,,,
2012-12-06,2401X,PALENCIA,PALENCIA,736,"2,0","0,2","-2,8",06:46,"6,9",15:35,30,"1,4","4,7",02:00,,,,,
2012-12-07,2401X,PALENCIA,PALENCIA,736,"5,8","0,2","2,0",23:58,"9,7",11:23,31,"1,7","8,6",14:10,,,,,
2012-12-08,2401X,PALENCIA,PALENCIA,736,"2,7","0,0","-3,5",07:00,"8,9",14:05,08,"0,8","5,3",14:40,,,,,
2012-12-09,2401X,PALENCIA,PALENCIA,736,"1,2","0,0","-3,7",23:57,"6,0",13:11,34,"1,1","4,4",13:10,,,,,
2012-12-10,2401X,PALENCIA,PALENCIA,736,"-1,7","0,0","-4,1",00:58,"0,7",15:53,14,"1,1","4,2",06:10,,,,,
2012-12-11,2401X,PALENCIA,PALENCIA,736,"1,4","0,0","-2,1",07:52,"4,9",15:52,32,"1,1","4,4",02:50,,,,,
2012-12-12,2401X,PALENCIA,PALENCIA,736,"1,6","0,2","0,7",00:01,"2,6",Varias,12,"1,4","3,9",11:50,,,,,
2012-12-13,2401X,PALENCIA,PALENCIA,736,"4,6","2,6","1,2",00:01,"8,1",16:35,24,"4,7","12,5",15:50,,,,,
2012-12-14,2401X,PALENCIA,PALENCIA,736,"10,1","10,0","7,4",00:19,"12,8",14:40,19,"7,5","21,9",15:10,,,,,
2012-12-15,2401X,PALENCIA,PALENCIA,736,"9,2","0,4","7,4",07:29,"11,0",11:28,24,"5,8","14,4",12:10,,,,,
2012-12-16,2401X,PALENCIA,PALENCIA,736,"9,0","1,0","6,8",05:03,"11,2",18:21,27,"5,3","16,4",19:10,,,,,
2012-12-17,2401X,PALENCIA,PALENCIA,736,"7,1","0,0","3,4",24:00,"10,8",13:41,25,"4,7","11,4",01:10,,,,,
2012-12-18,2401X,PALENCIA,PALENCIA,736,"6,3","3,8","2,5",00:56,"10,1",15:46,27,"1,9","8,9",15:30,,,,,
2012-12-19,2401X,PALENCIA,PALENCIA,736,"8,8","1,6","6,8",07:15,"10,9",13:05,21,"1,4","7,2",23:50,,,,,
2012-12-20,2401X,PALENCIA,PALENCIA,736,"8,4","0,2","6,4",21:03,"10,5",13:23,26,"6,1","14,4",07:20,,,,,
2012-12-21,2401X,PALENCIA,PALENCIA,736,"10,7","0,0","7,7",00:01,"13,7",14:10,24,"8,1","15,0",06:10,,,,,
2012-12-22,2401X,PALENCIA,PALENCIA,736,"9,3","0,0","4,8",22:54,"13,8",14:23,26,"1,9","6,7",11:20,,,,,
2012-12-23,2401X,PALENCIA,PALENCIA,736,"5,9","0,0","1,7",23:30,"10,1",13:51,22,"0,8","3,9",08:00,,,,,
2012-12-24,2401X,PALENCIA,PALENCIA,736,"7,7","0,0","0,5",03:39,"14,9",14:55,24,"2,8","9,7",15:10,,,,,
2012-12-25,2401X,PALENCIA,PALENCIA,736,"4,6","1,4","-0,1",23:48,"9,4",14:11,33,"2,5","7,5",14:00,,,,,
2012-12-26,2401X,PALENCIA,PALENCIA,736,"2,6","0,0","-2,7",07:27,"7,9",13:43,13,"1,7","6,4",14:50,,,,,
2012-12-27,2401X,PALENCIA,PALENCIA,736,"3,4","0,0","0,1",01:20,"6,8",16:10,18,"1,1","5,0",14:10,,,,,
2012-12-28,2401X,PALENCIA,PALENCIA,736,"4,3","0,0","-1,1",23:53,"9,7",14:54,15,"1,1","3,6",12:50,,,,,
2012-12-29,2401X,PALENCIA,PALENCIA,736,"3,4","0,4","-1,6",05:12,"8,3",14:29,25,"4,2","14,2",13:30,,,,,
2012-12-30,2401X,PALENCIA,PALENCIA,736,"5,3","0,0","2,0",21:57,"8,6",15:10,26,"2,2","10,0",01:30,,,,,
2012-12-31,2401X,PALENCIA,PALENCIA,736,"5,3","5,2","2,6",00:01,"8,0",13:04,99,"3,3","9,7",Varias,,,,,
2013-01-01,2401X,PALENCIA,PALENCIA,736,"5,7","0,0","0,9",23:58,"10,5",14:11,26,"3,6","13,3",02:10,,,,,
2013-01-02,2401X,PALENCIA,PALENCIA,736,"4,2","0,0","-1,5",08:01,"9,9",14:37,04,"1,4","6,1",15:00,,,,,
2013-01-03,2401X,PALENCIA,PALENCIA,736,"5,4","0,0","-0,4",23:59,"11,3",14:28,99,"1,4","6,9",09:50,,,,,
2013-01-04,2401X,PALENCIA,PALENCIA,736,"3,8","0,0","-3,0",06:28,"10,7",14:58,99,"1,1","3,3",Varias,,,,,
2013-01-05,2401X,PALENCIA,PALENCIA,736,"4,6","0,0","-2,6",05:38,"11,8",15:07,99,"0,3","3,3",13:50,,,,,
2013-01-06,2401X,PALENCIA,PALENCIA,736,"2,5","0,0","-4,7",07:40,"9,7",15:10,15,"1,7","3,9",17:40,,,,,
2013-01-07,2401X,PALENCIA,PALENCIA,736,"-0,7","0,0","-3,4",07:51,"2,0",15:10,14,"1,7","4,2",10:10,,,,,
2013-01-08,2401X,PALENCIA,PALENCIA,736,"1,6","0,0","-1,5",01:37,"4,6",14:11,29,"1,4","5,8",12:50,,,,,
2013-01-09,2401X,PALENCIA,PALENCIA,736,"4,5","1,2","2,2",01:25,"6,8",15:36,27,"1,7","7,5",17:10,,,,,
2013-01-10,2401X,PALENCIA,PALENCIA,736,"6,7","0,2","2,0",23:57,"11,4",15:00,26,"2,2","7,5",10:00,,,,,
2013-01-11,2401X,PALENCIA,PALENCIA,736,"4,8","0,0","0,8",00:49,"8,9",14:10,28,"1,4","6,7",15:40,,,,,
2013-01-12,2401X,PALENCIA,PALENCIA,736,"5,4","3,0","1,9",23:43,"8,8",12:20,25,"5,8","16,7",13:10,,,,,
2013-01-13,2401X,PALENCIA,PALENCIA,736,"1,9","0,0","-2,4",23:37,"6,2",15:42,30,"5,6","13,1",15:10,,,,,
2013-01-14,2401X,PALENCIA,PALENCIA,736,"2,6","0,0","-3,1",06:57,"8,2",14:38,28,"4,7","12,5",12:30,,,,,
2013-01-15,2401X,PALENCIA,PALENCIA,736,"4,6","0,4","1,1",05:03,"8,0",16:12,28,"8,9","17,8",13:10,,,,,
2013-01-16,2401X,PALENCIA,PALENCIA,736,"6,8","1,2","4,4",Varias,"9,2",16:11,25,"8,6","17,2",10:40,,,,,
2013-01-17,2401X,PALENCIA,PALENCIA,736,"6,7","1,4","4,0",05:21,"9,4",13:11,26,"6,4","15,6",01:10,,,,,
2013-01-18,2401X,PALENCIA,PALENCIA,736,"10,2","11,4","7,7",00:01,"12,8",13:44,26,"9,2","17,8",03:10,,,,,
2013-01-19,2401X,PALENCIA,PALENCIA,736,"6,2","5,2","2,3",23:52,"10,0",03:12,99,"3,6","14,7",Varias,,,,,
2013-01-20,2401X,PALENCIA,PALENCIA,736,"3,4","2,4","0,7",06:50,"6,2",21:10,25,"5,8","15,6",21:10,,,,,
2013-01-21,2401X,PALENCIA,PALENCIA,736,"3,6","2,4","0,6",Varias,"6,7",14:42,27,"5,6","14,7",08:10,,,,,
2013-01-22,2401X,PALENCIA,PALENCIA,736,"1,1","1,6","-1,2",23:19,"3,4",15:10,25,"5,3","13,6",08:50,,,,,
2013-01-23,2401X,PALENCIA,PALENCIA,736,"2,8","0,0","-1,3",00:40,"6,9",14:33,26,"6,7","15,6",22:00,,,,,
2013-01-24,2401X,PALENCIA,PALENCIA,736,"4,7","0,0","-0,6",23:46,"10,0",14:38,26,"4,4","16,7",02:10,,,,,
2013-01-25,2401X,PALENCIA,PALENCIA,736,"2,2","0,4","-2,0",02:17,"6,3",15:33,30,"1,4","9,7",23:40,,,,,
2013-01-26,2401X,PALENCIA,PALENCIA,736,"9,1","0,0","4,7",22:23,"13,5",13:52,26,"5,0","13,6",00:10,,,,,
2013-01-27,2401X,PALENCIA,PALENCIA,736,"6,1","3,2","2,3",23:56,"9,9",13:38,26,"5,8","15,0",18:00,,,,,
2013-01-28,2401X,PALENCIA,PALENCIA,736,"4,0","0,0","-0,8",07:33,"8,8",13:10,26,"1,9","11,9",03:30,,,,,
2013-01-29,2401X,PALENCIA,PALENCIA,736,"4,9","0,0","-0,2",04:40,"10,0",17:05,20,"1,4","5,3",22:30,,,,,
2013-01-30,2401X,PALENCIA,PALENCIA,736,"7,3","0,0","1,2",07:50,"13,4",14:30,27,"1,9","8,3",15:10,,,,,
2013-01-31,2401X,PALENCIA,PALENCIA,736,"10,3","0,0","5,3",07:10,"15,3",15:10,21,"1,4","5,6",14:20,,,,,
2013-02-01,2401X,PALENCIA,PALENCIA,736,"8,6","2,6","4,3",02:07,"13,0",14:29,23,"5,8","15,3",15:10,,,,,
2013-02-02,2401X,PALENCIA,PALENCIA,736,"3,0","0,0","-1,3",23:47,"7,3",00:01,30,"4,4","11,1",00:10,,,,,
2013-02-03,2401X,PALENCIA,PALENCIA,736,"2,9","0,0","-2,5",07:47,"8,3",14:03,36,"1,1","5,8",13:40,,,,,
2013-02-04,2401X,PALENCIA,PALENCIA,736,"5,8","0,0","-1,1",Varias,"12,7",15:12,28,"2,2","7,5",14:10,,,,,
2013-02-05,2401X,PALENCIA,PALENCIA,736,"5,6","0,0","-0,6",03:30,"11,8",14:25,27,"3,6","16,4",19:40,,,,,
2013-02-06,2401X,PALENCIA,PALENCIA,736,"3,6","0,0","-0,3",24:00,"7,4",12:51,26,"5,6","14,4",09:10,,,,,
2013-02-07,2401X,PALENCIA,PALENCIA,736,"2,6","0,0","-2,9",03:54,"8,0",14:07,26,"3,3","11,1",23:30,,,,,
2013-02-08,2401X,PALENCIA,PALENCIA,736,"2,8","0,0","-3,5",23:57,"9,0",13:06,26,"4,2","14,4",01:10,,,,,
2013-02-09,2401X,PALENCIA,PALENCIA,736,"2,0","0,0","-4,4",07:19,"8,5",15:27,25,"1,9","6,1",16:10,,,,,
2013-02-10,2401X,PALENCIA,PALENCIA,736,"4,0","4,0","0,3",23:31,"7,7",14:43,27,"5,8","21,4",16:10,,,,,
2013-02-11,2401X,PALENCIA,PALENCIA,736,"2,8","0,0","-0,5",07:31,"6,2",13:33,28,"6,9","16,4",20:50,,,,,
2013-02-12,2401X,PALENCIA,PALENCIA,736,"4,5","0,0","-0,6",06:44,"9,6",14:35,29,"6,7","15,0",07:10,,,,,
2013-02-13,2401X,PALENCIA,PALENCIA,736,"7,0","0,0","-0,2",Varias,"14,3",14:01,99,"1,7","9,7",Varias,,,,,
2013-02-14,2401X,PALENCIA,PALENCIA,736,"4,3","0,0","-3,6",07:06,"12,2",14:13,32,"1,4","5,0",15:30,,,,,
2013-02-15,2401X,PALENCIA,PALENCIA,736,"5,0","0,0","-3,4",05:19,"13,3",14:22,16,"1,1","3,9",12:40,,,,,
2013-02-16,2401X,PALENCIA,PALENCIA,736,"6,0","0,0","-1,9",06:48,"14,0",15:03,29,"1,7","4,4",14:10,,,,,
2013-02-17,2401X,PALENCIA,PALENCIA,736,"4,0","2,4","-2,0",04:42,"9,9",14:21,15,"1,1","4,2",09:10,,,,,
2013-02-18,2401X,PALENCIA,PALENCIA,736,"6,8","0,0","2,1",06:43,"11,6",13:15,14,"1,7","5,0",13:10,,,,,
2013-02-19,2401X,PALENCIA,PALENCIA,736,"6,6","0,2","0,3",04:23,"13,0",14:56,21,"0,8","8,3",14:40,,,,,
2013-02-20,2401X,PALENCIA,PALENCIA,736,"8,2","1,8","1,6",01:53,"14,9",13:34,28,"2,5","9,4",17:30,,,,,
2013-02-21,2401X,PALENCIA,PALENCIA,736,"6,8","11,0","4,8",21:03,"8,9",16:12,26,"1,7","8,1",03:00,,,,,
2013-02-22,2401X,PALENCIA,PALENCIA,736,"5,0","14,6","0,1",23:42,"9,9",12:07,28,"4,7","12,5",03:50,,,,,
2013-02-23,2401X,PALENCIA,PALENCIA,736,"1,4","0,0","-1,8",07:25,"4,7",13:59,04,"1,9","9,2",04:00,,,,,
2013-02-24,2401X,PALENCIA,PALENCIA,736,"1,8","0,0","-3,2",23:59,"6,9",14:36,28,"4,2","12,2",09:10,,,,,
2013-02-25,2401X,PALENCIA,PALENCIA,736,"1,0","0,2","-4,5",02:16,"6,6",13:40,28,"1,7","7,5",09:20,,,,,
2013-02-26,2401X,PALENCIA,PALENCIA,736,"1,1","5,8","-5,0",04:40,"7,2",15:06,31,"2,5","8,9",15:10,,,,,
2013-02-27,2401X,PALENCIA,PALENCIA,736,"3,6","0,0","0,3",Varias,"6,8",12:52,08,"2,8","9,4",13:10,,,,,
2013-02-28,2401X,PALENCIA,PALENCIA,736,"2,2","0,0","-0,9",03:23,"5,3",15:59,07,"3,6","11,1",15:10,,,,,
2013-03-01,2401X,PALENCIA,PALENCIA,736,"3,5","0,0","-0,3",23:52,"7,3",12:36,08,"2,2","10,6",14:20,,,,,
2013-03-02,2401X,PALENCIA,PALENCIA,736,"4,8","0,0","-2,3",06:16,"11,9",15:10,07,"1,4","7,8",10:10,,,,,
2013-03-03,2401X,PALENCIA,PALENCIA,736,"6,0","0,0","-2,9",06:47,"15,0",14:59,11,"1,4","5,3",15:50,,,,,
2013-03-04,2401X,PALENCIA,PALENCIA,736,"7,3","0,4","0,8",04:16,"13,8",13:58,14,"4,7","14,4",16:10,,,,,
2013-03-05,2401X,PALENCIA,PALENCIA,736,"10,3","0,2","5,4",24:00,"15,2",13:00,99,"2,8","8,9",Varias,,,,,
2013-03-06,2401X,PALENCIA,PALENCIA,736,"8,7","10,6","3,2",06:57,"14,2",13:04,26,"2,8","15,3",16:10,,,,,
2013-03-07,2401X,PALENCIA,PALENCIA,736,"11,8","7,0","6,9",22:53,"16,6",14:18,24,"6,4","19,2",14:30,,,,,
2013-03-08,2401X,PALENCIA,PALENCIA,736,"9,4","3,0","5,2",23:19,"13,6",13:17,20,"3,3","11,7",10:50,,,,,
2013-03-09,2401X,PALENCIA,PALENCIA,736,"9,4","0,6","4,9",07:22,"13,9",15:00,25,"4,4","11,9",12:30,,,,,
2013-03-10,2401X,PALENCIA,PALENCIA,736,"7,6","0,4","4,4",Varias,"10,9",13:49,25,"6,1","15,8",15:10,,,,,
2013-03-11,2401X,PALENCIA,PALENCIA,736,"8,0","0,0","4,4",00:01,"11,5",13:39,24,"8,3","19,7",09:10,,,,,
2013-03-12,2401X,PALENCIA,PALENCIA,736,"5,4","7,0","0,0",23:59,"10,7",12:37,26,"5,8","14,2",17:00,,,,,
2013-03-13,2401X,PALENCIA,PALENCIA,736,"1,8","0,4","-1,6",22:25,"5,2",15:30,04,"2,8","10,8",12:50,,,,,
2013-03-14,2401X,PALENCIA,PALENCIA,736,"3,4","0,0","-2,6",05:51,"9,3",15:12,32,"3,9","12,5",15:10,,,,,
2013-03-15,2401X,PALENCIA,PALENCIA,736,"3,5","0,6","-4,1",06:47,"11,1",15:33,20,"1,4","5,8",16:10,,,,,
2013-03-16,2401X,PALENCIA,PALENCIA,736,"6,2","17,8","3,9",07:07,"8,5",16:27,24,"2,5","11,4",13:50,,,,,
2013-03-17,2401X,PALENCIA,PALENCIA,736,"6,0","5,8","0,4",23:30,"11,6",14:20,30,"1,9","6,4",23:59,,,,,
2013-03-18,2401X,PALENCIA,PALENCIA,736,"5,5","0,6","0,7",02:19,"10,3",15:02,24,"6,1","13,6",09:10,,,,,
2013-03-19,2401X,PALENCIA,PALENCIA,736,"5,6","2,0","0,1",04:02,"11,1",12:26,26,"1,4","7,5",00:40,,,,,
2013-03-20,2401X,PALENCIA,PALENCIA,736,"6,6","0,0","0,8",03:45,"12,4",15:53,24,"2,8","7,5",15:10,,,,,
2013-03-21,2401X,PALENCIA,PALENCIA,736,"9,8","0,0","2,5",Varias,"17,0",15:39,21,"2,2","7,5",10:30,,,,,
2013-03-22,2401X,PALENCIA,PALENCIA,736,"7,4","7,2","3,1",23:52,"11,8",14:17,27,"4,7","13,3",12:50,,,,,
2013-03-23,2401X,PALENCIA,PALENCIA,736,"7,7","5,2","2,1",06:40,"13,3",11:59,21,"2,2","9,7",18:30,,,,,
2013-03-24,2401X,PALENCIA,PALENCIA,736,"6,7","1,6","1,8",06:26,"11,6",14:59,27,"3,6","11,4",20:10,,,,,
2013-03-25,2401X,PALENCIA,PALENCIA,736,"7,6","7,6","3,9",04:58,"11,4",17:10,26,"5,8","19,7",14:10,,,,,
2013-03-26,2401X,PALENCIA,PALENCIA,736,"10,4","10,8","8,9",Varias,"11,9",15:35,25,"3,9","15,0",01:10,,,,,
2013-03-27,2401X,PALENCIA,PALENCIA,736,"12,4","4,0","8,5",03:30,"16,2",14:24,25,"3,9","10,3",12:10,,,,,
2013-03-28,2401X,PALENCIA,PALENCIA,736,"11,6","2,8","8,4",05:01,"14,9",13:59,26,"5,3","12,5",Varias,,,,,
2013-03-29,2401X,PALENCIA,PALENCIA,736,"11,6","8,8","8,5",Varias,"14,8",16:41,25,"6,1","20,3",17:50,,,,,
2013-03-30,2401X,PALENCIA,PALENCIA,736,"10,7","0,0","6,7",05:38,"14,7",14:33,26,"5,6","14,7",03:10,,,,,
2013-03-31,2401X,PALENCIA,PALENCIA,736,"9,3","9,2","2,5",05:52,"16,1",13:52,28,"2,2","10,3",23:50,,,,,
2013-04-01,2401X,PALENCIA,PALENCIA,736,"8,9","5,4","4,9",23:18,"12,9",12:51,26,"6,9","17,2",15:10,,,,,
2013-04-02,2401X,PALENCIA,PALENCIA,736,"8,1","0,4","3,0",03:44,"13,2",14:11,26,"4,4","12,2",14:40,,,,,
2013-04-03,2401X,PALENCIA,PALENCIA,736,"7,4","1,8","0,6",05:33,"14,1",11:41,13,"1,7","10,0",11:40,,,,,
2013-04-04,2401X,PALENCIA,PALENCIA,736,"6,4","3,6","1,6",Varias,"11,3",10:53,28,"1,7","9,4",11:40,,,,,
2013-04-05,2401X,PALENCIA,PALENCIA,736,"4,0","0,0","-0,3",06:18,"8,3",14:19,33,"3,9","12,8",14:40,,,,,
2013-04-06,2401X,PALENCIA,PALENCIA,736,"4,6","0,0","-0,3",02:29,"9,6",15:26,28,"4,4","11,9",04:10,,,,,
2013-04-07,2401X,PALENCIA,PALENCIA,736,"3,8","0,4","-2,4",Varias,"10,1",12:48,28,"3,1","10,8",13:10,,,,,
2013-04-08,2401X,PALENCIA,PALENCIA,736,"8,4","0,0","4,3",04:59,"12,5",14:40,26,"6,4","14,7",15:40,,,,,
2013-04-09,2401X,PALENCIA,PALENCIA,736,"10,2","0,2","6,2",05:51,"14,2",14:57,24,"7,8","17,8",12:10,,,,,
2013-04-10,2401X,PALENCIA,PALENCIA,736,"10,5","0,2","5,5",05:59,"15,5",15:27,25,"4,4","12,5",15:50,,,,,
2013-04-11,2401X,PALENCIA,PALENCIA,736,"9,4","4,8","6,2",23:55,"12,5",15:37,25,"6,7","15,0",15:40,,,,,
2013-04-12,2401X,PALENCIA,PALENCIA,736,"10,0","0,0","5,4",04:27,"14,6",16:03,23,"5,3","12,5",09:40,,,,,
2013-04-13,2401X,PALENCIA,PALENCIA,736,"11,4","0,0","3,0",05:52,"19,8",15:10,99,"1,7","6,1",Varias,,,,,
2013-04-14,2401X,PALENCIA,PALENCIA,736,"13,9","0,0","3,5",06:04,"24,3",14:30,29,"2,2","7,8",19:40,,,,,
2013-04-15,2401X,PALENCIA,PALENCIA,736,"14,8","0,0","8,1",23:57,"21,4",14:12,26,"3,3","8,9",Varias,,,,,
2013-04-16,2401X,PALENCIA,PALENCIA,736,"13,7","0,0","5,2",05:39,"22,2",15:35,04,"1,1","6,4",12:30,,,,,
2013-04-17,2401X,PALENCIA,PALENCIA,736,"15,7","0,0","5,8",05:02,"25,6",15:17,26,"1,9","7,5",15:00,,,,,
2013-04-18,2401X,PALENCIA,PALENCIA,736,"12,6","0,0","6,9",05:38,"18,4",11:37,08,"2,8","10,8",21:00,,,,,
2013-04-19,2401X,PALENCIA,PALENCIA,736,"8,1","0,0","2,8",23:58,"13,4",13:46,08,"3,9","12,5",08:10,,,,,
2013-04-20,2401X,PALENCIA,PALENCIA,736,"7,4","0,0","0,7",Varias,"14,0",14:21,07,"2,5","9,4",10:30,,,,,
2013-04-21,2401X,PALENCIA,PALENCIA,736,"8,4","0,0","-1,4",05:33,"18,1",15:22,05,"1,1","7,8",20:00,,,,,
2013-04-22,2401X,PALENCIA,PALENCIA,736,"9,5","0,0","3,2",05:46,"15,8",15:30,07,"3,1","10,6",09:00,,,,,
2013-04-23,2401X,PALENCIA,PALENCIA,736,"12,0","0,0","4,5",23:53,"19,5",17:10,06,"1,4","7,8",08:30,,,,,
2013-04-24,2401X,PALENCIA,PALENCIA,736,"11,8","0,0","1,6",04:33,"22,1",15:10,13,"1,7","6,7",09:10,,,,,
2013-04-25,2401X,PALENCIA,PALENCIA,736,"13,2","0,0","3,3",05:33,"23,2",16:18,15,"1,4","8,9",19:10,,,,,
2013-04-26,2401X,PALENCIA,PALENCIA,736,"10,4","8,6","4,5",Varias,"16,4",11:48,08,"1,4","11,1",19:30,,,,,
2013-04-27,2401X,PALENCIA,PALENCIA,736,"5,0","2,0","0,1",23:59,"9,8",13:27,36,"2,5","14,7",14:40,,,,,
2013-04-28,2401X,PALENCIA,PALENCIA,736,"3,7","0,0","-1,5",05:26,"8,9",15:10,36,"3,9","13,9",17:30,,,,,
2013-04-29,2401X,PALENCIA,PALENCIA,736,"5,4","5,2","3,5",21:51,"7,3",13:41,07,"5,0","17,5",13:50,,,,,
2013-04-30,2401X,PALENCIA,PALENCIA,736,"5,7","2,6","3,4",04:00,"8,0",15:03,04,"2,5","7,8",07:30,,,,,
2013-05-01,2401X,PALENCIA,PALENCIA,736,"8,4","0,2","2,3",02:19,"14,4",15:46,28,"1,4","6,1",19:40,,,,,
2013-05-02,2401X,PALENCIA,PALENCIA,736,"9,6","0,0","3,6",04:43,"15,5",13:56,11,"1,7","8,1",14:10,,,,,
2013-05-03,2401X,PALENCIA,PALENCIA,736,"7,7","0,0","-0,2",05:24,"15,6",15:14,06,"1,7","6,4",13:40,,,,,
2013-05-04,2401X,PALENCIA,PALENCIA,736,"10,3","0,0","0,9",05:22,"19,7",17:37,34,"1,1","4,7",10:20,,,,,
2013-05-05,2401X,PALENCIA,PALENCIA,736,"12,3","0,0","2,5",05:18,"22,1",17:06,31,"1,1","4,7",12:00,,,,,
2013-05-06,2401X,PALENCIA,PALENCIA,736,"13,0","0,0","5,4",04:19,"20,5",13:39,28,"2,8","8,9",15:20,,,,,
2013-05-07,2401X,PALENCIA,PALENCIA,736,"16,2","0,0","11,3",01:34,"21,0",12:32,28,"3,1","10,8",14:20,,,,,
2013-05-08,2401X,PALENCIA,PALENCIA,736,"14,0","1,2","9,0",23:54,"19,1",17:06,28,"1,7","7,5",13:10,,,,,
2013-05-09,2401X,PALENCIA,PALENCIA,736,"12,2","3,2","8,9",00:03,"15,4",14:45,31,"1,9","9,7",11:10,,,,,
2013-05-10,2401X,PALENCIA,PALENCIA,736,"13,4","0,2","7,5",23:56,"19,2",15:46,07,"1,4","5,0",06:30,,,,,
2013-05-11,2401X,PALENCIA,PALENCIA,736,"11,2","0,0","4,2",04:59,"18,1",16:28,05,"1,4","6,4",18:40,,,,,
2013-05-12,2401X,PALENCIA,PALENCIA,736,"11,8","0,0","4,6",01:20,"19,0",16:17,05,"2,2","6,9",09:30,,,,,
2013-05-13,2401X,PALENCIA,PALENCIA,736,"12,9","0,0","2,5",05:24,"23,3",16:14,07,"1,1","4,2",00:10,,,,,
2013-05-14,2401X,PALENCIA,PALENCIA,736,"13,8","12,0","3,7",04:59,"24,0",15:04,28,"3,3","12,5",15:20,,,,,
2013-05-15,2401X,PALENCIA,PALENCIA,736,"7,6","0,2","2,2",23:45,"12,9",13:33,99,"1,9","8,6",Varias,,,,,
2013-05-16,2401X,PALENCIA,PALENCIA,736,"7,0","11,6","1,1",02:28,"13,0",15:12,25,"3,3","14,2",16:20,,,,,
2013-05-17,2401X,PALENCIA,PALENCIA,736,"7,2","8,0","2,8",23:03,"11,7",13:51,28,"3,6","9,7",04:10,,,,,
2013-05-18,2401X,PALENCIA,PALENCIA,736,"8,3","7,8","3,5",04:51,"13,1",13:46,27,"6,1","16,1",16:00,,,,,
2013-05-19,2401X,PALENCIA,PALENCIA,736,"8,0","1,0","4,6",03:48,"11,5",12:12,26,"2,2","8,6",00:30,,,,,
2013-05-20,2401X,PALENCIA,PALENCIA,736,"9,1","0,0","3,4",04:19,"14,8",15:26,07,"1,4","6,4",08:50,,,,,
2013-05-21,2401X,PALENCIA,PALENCIA,736,"8,8","0,0","3,5",05:25,"14,0",17:12,99,"1,1","5,8",Varias,,,,,
2013-05-22,2401X,PALENCIA,PALENCIA,736,"12,0","0,0","4,4",04:48,"19,7",16:28,08,"1,7","8,3",18:30,,,,,
2013-05-23,2401X,PALENCIA,PALENCIA,736,"11,0","0,0","2,5",05:03,"19,6",17:16,07,"1,9","8,6",18:10,,,,,
2013-05-24,2401X,PALENCIA,PALENCIA,736,"10,7","0,0","1,5",04:34,"19,9",16:12,36,"2,2","8,1",17:20,,,,,
2013-05-25,2401X,PALENCIA,PALENCIA,736,"8,9","0,0","0,2",04:52,"17,6",16:26,99,"2,8","6,9",Varias,,,,,
2013-05-26,2401X,PALENCIA,PALENCIA,736,"12,0","0,0","2,0",05:02,"22,0",12:12,26,"1,4","10,6",14:10,,,,,
2013-05-27,2401X,PALENCIA,PALENCIA,736,"12,9","0,0","6,4",02:56,"19,4",15:16,26,"2,2","11,4",22:20,,,,,
2013-05-28,2401X,PALENCIA,PALENCIA,736,"10,9","0,0","5,8",23:48,"16,0",15:59,27,"4,4","13,1",00:50,,,,,
2013-05-29,2401X,PALENCIA,PALENCIA,736,"9,9","1,0","3,9",Varias,"15,9",14:50,27,"6,4","15,3",15:50,,,,,
2013-05-30,2401X,PALENCIA,PALENCIA,736,"10,1","0,0","1,6",04:06,"18,6",14:38,33,"4,2","10,6",17:20,,,,,
2013-05-31,2401X,PALENCIA,PALENCIA,736,"9,8","0,0","1,1",04:49,"18,4",Varias,07,"2,2","9,7",17:10,,,,,
2013-06-01,2401X,PALENCIA,PALENCIA,736,"9,8","0,0","1,6",04:55,"18,1",14:13,07,"2,2","11,1",20:40,,,,,
2013-06-02,2401X,PALENCIA,PALENCIA,736,"12,4","0,0","7,4",05:04,"17,4",15:20,08,"3,9","10,6",13:00,,,,,
2013-06-03,2401X,PALENCIA,PALENCIA,736,"12,2","0,0","3,7",04:51,"20,7",15:33,07,"3,1","11,1",10:10,,,,,
2013-06-04,2401X,PALENCIA,PALENCIA,736,"15,1","0,0","5,1",04:51,"25,1",17:11,34,"0,6","5,6",13:30,,,,,
2013-06-05,2401X,PALENCIA,PALENCIA,736,"16,8","0,2","5,3",04:36,"28,2",15:56,21,"1,9","8,3",18:40,,,,,
2013-06-06,2401X,PALENCIA,PALENCIA,736,"18,2","0,2","11,9",05:03,"24,5",13:10,25,"1,1","14,2",15:00,,,,,
2013-06-07,2401X,PALENCIA,PALENCIA,736,"12,6","21,2","9,2",04:07,"15,9",14:23,23,"2,2","8,6",12:30,,,,,
2013-06-08,2401X,PALENCIA,PALENCIA,736,"13,0","1,2","7,4",02:22,"18,5",15:14,26,"3,3","11,1",23:10,,,,,
2013-06-09,2401X,PALENCIA,PALENCIA,736,"15,8","0,0","10,6",23:54,"20,9",17:17,27,"3,3","12,5",06:50,,,,,
2013-06-10,2401X,PALENCIA,PALENCIA,736,"15,2","0,0","9,4",Varias,"21,0",16:06,27,"1,7","8,3",22:20,,,,,
2013-06-11,2401X,PALENCIA,PALENCIA,736,"18,8","0,0","13,0",04:35,"24,6",16:57,99,"3,3","8,6",Varias,,,,,
2013-06-12,2401X,PALENCIA,PALENCIA,736,"20,2","0,0","10,5",04:54,"29,9",17:58,25,"1,7","9,2",13:40,,,,,
2013-06-13,2401X,PALENCIA,PALENCIA,736,"18,8","0,0","12,2",23:55,"25,3",11:39,08,"2,5","10,0",15:00,,,,,
2013-06-14,2401X,PALENCIA,PALENCIA,736,"18,8","0,0","9,8",05:01,"27,9",16:15,28,"2,5","8,3",17:00,,,,,
2013-06-15,2401X,PALENCIA,PALENCIA,736,"19,2","0,0","8,9",05:00,"29,6",15:12,27,"1,4","5,8",17:20,,,,,
2013-06-16,2401X,PALENCIA,PALENCIA,736,"20,6","0,0","9,3",04:55,"32,0",15:43,20,"3,1","9,2",15:30,,,,,
2013-06-17,2401X,PALENCIA,PALENCIA,736,"14,4","7,2","9,3",Varias,"19,5",15:01,25,"4,7","12,8",11:00,,,,,
2013-06-18,2401X,PALENCIA,PALENCIA,736,"12,6","20,0","7,3",05:05,"17,9",10:22,28,"1,9","13,9",14:50,,,,,
2013-06-19,2401X,PALENCIA,PALENCIA,736,"10,9","12,6","8,8",05:43,"13,0",19:10,15,"1,7","7,2",12:10,,,,,
2013-06-20,2401X,PALENCIA,PALENCIA,736,"16,0","0,6","9,5",05:34,"22,6",17:32,99,"2,2","8,6",Varias,,,,,
2013-06-21,2401X,PALENCIA,PALENCIA,736,"17,6","0,0","11,4",23:55,"23,7",16:15,07,"1,9","7,5",20:10,,,,,
2013-06-22,2401X,PALENCIA,PALENCIA,736,"18,2","0,0","8,8",Varias,"27,6",17:31,26,"1,4","6,9",14:10,,,,,
2013-06-23,2401X,PALENCIA,PALENCIA,736,"14,8","0,0","8,3",23:52,"21,3",16:38,99,"2,8","8,1",Varias,,,,,
2013-06-24,2401X,PALENCIA,PALENCIA,736,"14,4","0,0","5,3",04:50,"23,6",16:05,99,"2,8","8,1",Varias,,,,,
2013-06-25,2401X,PALENCIA,PALENCIA,736,"16,1","0,0","7,7",Varias,"24,5",14:31,08,"2,5","9,2",15:20,,,,,
2013-06-26,2401X,PALENCIA,PALENCIA,736,"15,8","0,0","7,8",04:55,"23,9",15:13,08,"2,8","8,3",12:20,,,,,
2013-06-27,2401X,PALENCIA,PALENCIA,736,"16,3","0,0","9,4",Varias,"23,2",14:41,08,"3,3","10,3",12:00,,,,,
2013-06-28,2401X,PALENCIA,PALENCIA,736,"16,3","0,0","7,5",05:06,"25,1",14:57,05,"3,6","8,9",14:20,,,,,
2013-06-29,2401X,PALENCIA,PALENCIA,736,"18,0","0,0","8,5",03:54,"27,4",14:16,08,"3,1","9,2",13:30,,,,,
2013-06-30,2401X,PALENCIA,PALENCIA,736,"20,2","0,0","10,2",05:02,"30,3",15:55,09,"1,7","6,1",16:30,,,,,
2013-07-01,2401X,PALENCIA,PALENCIA,736,"20,6","0,8","11,1",04:51,"30,1",12:59,08,"1,1","7,2",19:10,,,,,
2013-07-02,2401X,PALENCIA,PALENCIA,736,"20,8","0,0","11,0",05:04,"30,6",17:12,27,"2,8","9,2",11:20,,,,,
2013-07-03,2401X,PALENCIA,PALENCIA,736,"21,2","0,0","12,1",04:51,"30,4",16:48,34,"1,1","6,7",13:40,,,,,
2013-07-04,2401X,PALENCIA,PALENCIA,736,"22,6","0,0","15,0",04:57,"30,1",14:59,07,"3,1","10,3",18:00,,,,,
2013-07-05,2401X,PALENCIA,PALENCIA,736,"21,7","0,0","10,7",04:59,"32,7",15:02,07,"1,9","7,2",13:50,,,,,
2013-07-06,2401X,PALENCIA,PALENCIA,736,"23,9","0,0","13,6",04:13,"34,2",14:57,07,"1,7","8,3",19:30,,,,,
2013-07-07,2401X,PALENCIA,PALENCIA,736,"22,6","0,0","11,5",04:47,"33,8",15:10,33,"1,7","6,4",14:40,,,,,
2013-07-08,2401X,PALENCIA,PALENCIA,736,"22,8","0,0","11,8",04:35,"33,9",16:07,33,"1,7","6,4",15:10,,,,,
2013-07-09,2401X,PALENCIA,PALENCIA,736,"25,0","0,0","14,5",05:00,"35,4",15:52,34,"1,4","6,1",14:30,,,,,
2013-07-10,2401X,PALENCIA,PALENCIA,736,"25,0","0,0","17,4",05:03,"32,5",14:23,04,"2,2","8,6",19:30,,,,,
2013-07-11,2401X,PALENCIA,PALENCIA,736,"24,4","0,0","15,7",05:19,"33,0",15:51,07,"2,2","8,3",09:20,,,,,
2013-07-12,2401X,PALENCIA,PALENCIA,736,"26,5","2,4","18,3",23:54,"34,7",15:16,30,"2,2","12,2",22:20,,,,,
2013-07-13,2401X,PALENCIA,PALENCIA,736,"24,0","25,6","15,1",04:32,"32,8",15:35,01,"1,9","15,3",17:20,,,,,
2013-07-14,2401X,PALENCIA,PALENCIA,736,"21,4","0,0","13,8",04:24,"29,1",14:19,06,"1,9","7,8",17:10,,,,,
2013-07-15,2401X,PALENCIA,PALENCIA,736,"22,6","4,6","14,6",04:59,"30,6",14:43,12,"1,4","9,7",16:00,,,,,
2013-07-16,2401X,PALENCIA,PALENCIA,736,"23,0","0,0","16,5",05:42,"29,4",15:12,36,"1,4","10,8",15:30,,,,,
2013-07-17,2401X,PALENCIA,PALENCIA,736,"21,3","0,0","14,0",04:52,"28,6",15:12,32,"2,2","8,1",15:10,,,,,
2013-07-18,2401X,PALENCIA,PALENCIA,736,"21,8","0,0","13,8",05:01,"29,7",15:43,32,"1,9","5,8",13:40,,,,,
2013-07-19,2401X,PALENCIA,PALENCIA,736,"22,8","0,0","13,6",05:04,"32,1",12:56,26,"1,4","7,8",13:00,,,,,
2013-07-20,2401X,PALENCIA,PALENCIA,736,"24,0","0,0","14,7",03:28,"33,3",13:49,16,"2,2","10,0",18:30,,,,,
2013-07-21,2401X,PALENCIA,PALENCIA,736,"24,8","0,2","17,0",05:39,"32,5",13:02,18,"2,5","10,6",16:20,,,,,
2013-07-22,2401X,PALENCIA,PALENCIA,736,"23,5","0,0","13,9",05:14,"33,1",14:42,24,"1,9","9,7",13:10,,,,,
2013-07-23,2401X,PALENCIA,PALENCIA,736,"23,1","0,0","15,3",01:54,"30,9",13:10,27,"3,1","10,0",15:00,,,,,
2013-07-24,2401X,PALENCIA,PALENCIA,736,"22,7","0,0","12,8",04:52,"32,6",14:16,26,"2,2","9,7",16:40,,,,,
2013-07-25,2401X,PALENCIA,PALENCIA,736,"23,8","0,0","14,6",05:15,"32,9",15:39,28,"3,3","10,6",14:00,,,,,
2013-07-26,2401X,PALENCIA,PALENCIA,736,"23,4","0,4","14,4",04:54,"32,4",15:30,23,"3,6","11,1",16:10,,,,,
2013-07-27,2401X,PALENCIA,PALENCIA,736,"19,8","0,2","15,1",07:02,"24,4",13:13,26,"3,6","10,8",17:10,,,,,
2013-07-28,2401X,PALENCIA,PALENCIA,736,"17,9","0,0","11,5",23:51,"24,3",13:26,28,"3,9","18,1",16:40,,,,,
2013-07-29,2401X,PALENCIA,PALENCIA,736,"17,7","0,0","8,5",05:12,"26,9",15:51,26,"1,4","7,8",13:00,,,,,
2013-07-30,2401X,PALENCIA,PALENCIA,736,"20,8","0,0","9,8",05:06,"31,8",16:41,99,"1,4","5,8",Varias,,,,,
2013-07-31,2401X,PALENCIA,PALENCIA,736,"24,4","0,0","12,2",05:04,"36,5",15:48,15,"1,7","7,2",15:00,,,,,
2013-08-01,2401X,PALENCIA,PALENCIA,736,"26,6","0,0","16,9",05:41,"36,2",14:51,25,"3,3","14,2",15:40,,,,,
2013-08-02,2401X,PALENCIA,PALENCIA,736,"21,9","0,0","14,8",23:59,"29,0",13:58,25,"4,2","12,5",15:00,,,,,
2013-08-03,2401X,PALENCIA,PALENCIA,736,"18,9","0,0","9,3",05:17,"28,5",16:25,29,"1,4","6,1",17:00,,,,,
2013-08-04,2401X,PALENCIA,PALENCIA,736,"22,0","0,0","11,8",04:48,"32,1",15:54,27,"1,7","5,6",14:20,,,,,
2013-08-05,2401X,PALENCIA,PALENCIA,736,"21,6","0,0","11,6",05:27,"31,5",13:35,26,"1,9","7,8",15:50,,,,,
2013-08-06,2401X,PALENCIA,PALENCIA,736,"19,8","0,0","14,0",04:55,"25,6",15:31,26,"2,5","8,3",16:10,,,,,
2013-08-07,2401X,PALENCIA,PALENCIA,736,"17,8","0,8","11,3",23:56,"24,4",14:04,28,"2,8","10,0",17:00,,,,,
2013-08-08,2401X,PALENCIA,PALENCIA,736,"17,0","0,0","8,8",04:20,"25,2",15:36,04,"1,9","7,8",13:10,,,,,
2013-08-09,2401X,PALENCIA,PALENCIA,736,"20,0","0,0","9,5",05:26,"30,5",15:50,34,"0,8","5,3",15:30,,,,,
2013-08-10,2401X,PALENCIA,PALENCIA,736,"22,1","0,0","12,5",05:27,"31,7",14:44,34,"1,4","7,5",15:20,,,,,
2013-08-11,2401X,PALENCIA,PALENCIA,736,"23,4","0,0","11,4",05:40,"35,5",15:10,07,"1,1","5,3",00:40,,,,,
2013-08-12,2401X,PALENCIA,PALENCIA,736,"22,3","0,0","14,0",03:46,"30,6",12:12,04,"1,7","10,6",19:10,,,,,
2013-08-13,2401X,PALENCIA,PALENCIA,736,"21,8","0,0","15,9",23:54,"27,7",14:01,08,"3,6","9,7",18:10,,,,,
2013-08-14,2401X,PALENCIA,PALENCIA,736,"22,5","0,0","13,1",05:35,"31,9",15:30,03,"1,4","6,1",09:40,,,,,
2013-08-15,2401X,PALENCIA,PALENCIA,736,"23,0","0,0","12,3",05:34,"33,7",13:12,28,"1,4","9,4",14:50,,,,,
2013-08-16,2401X,PALENCIA,PALENCIA,736,"23,0","0,0","12,9",05:43,"33,1",14:04,06,"1,7","8,6",17:00,,,,,
2013-08-17,2401X,PALENCIA,PALENCIA,736,"21,0","0,0","11,8",05:21,"30,3",15:10,34,"1,7","5,6",13:00,,,,,
2013-08-18,2401X,PALENCIA,PALENCIA,736,"22,8","0,0","12,0",05:29,"33,5",14:29,27,"1,7","8,3",14:40,,,,,
2013-08-19,2401X,PALENCIA,PALENCIA,736,"22,0","0,0","14,9",23:54,"29,1",14:57,08,"2,5","7,8",17:20,,,,,
2013-08-20,2401X,PALENCIA,PALENCIA,736,"22,0","0,0","11,8",05:30,"32,2",15:41,32,"1,7","8,1",14:10,,,,,
2013-08-21,2401X,PALENCIA,PALENCIA,736,"22,6","0,0","9,8",05:30,"35,5",15:10,34,"0,8","5,0",13:40,,,,,
2013-08-22,2401X,PALENCIA,PALENCIA,736,"24,2","0,0","14,6",05:44,"33,9",15:12,25,"2,5","7,5",13:20,,,,,
2013-08-23,2401X,PALENCIA,PALENCIA,736,"21,7","0,0","11,2",06:00,"32,2",15:14,07,"0,6","5,8",Varias,,,,,
2013-08-24,2401X,PALENCIA,PALENCIA,736,"19,0","0,0","12,9",23:59,"25,2",13:37,07,"3,3","9,4",08:40,,,,,
2013-08-25,2401X,PALENCIA,PALENCIA,736,"17,8","0,0","9,7",06:03,"25,9",16:26,08,"1,7","7,8",19:40,,,,,
2013-08-26,2401X,PALENCIA,PALENCIA,736,"18,1","0,0","12,4",05:03,"23,8",13:32,99,"2,8","10,3",Varias,,,,,
2013-08-27,2401X,PALENCIA,PALENCIA,736,"17,9","0,0","10,8",05:03,"25,0",15:19,07,"2,5","9,4",08:50,,,,,
2013-08-28,2401X,PALENCIA,PALENCIA,736,"18,4","0,0","12,8",23:53,"24,0",15:12,07,"3,6","11,4",16:40,,,,,
2013-08-29,2401X,PALENCIA,PALENCIA,736,"17,8","0,0","10,7",05:24,"24,9",15:23,04,"2,2","9,4",18:00,,,,,
2013-08-30,2401X,PALENCIA,PALENCIA,736,"18,5","0,0","10,7",04:58,"26,3",15:23,06,"1,1","8,6",21:30,,,,,
2013-08-31,2401X,PALENCIA,PALENCIA,736,"17,8","0,0","9,1",05:25,"26,5",14:58,02,"1,9","7,8",18:10,,,,,
2013-09-01,2401X,PALENCIA,PALENCIA,736,"19,4","0,0","11,6",05:59,"27,2",15:10,99,"3,1","8,3",Varias,,,,,
2013-09-02,2401X,PALENCIA,PALENCIA,736,"20,6","0,0","11,2",06:10,"29,9",14:40,07,"1,1","5,8",10:00,,,,,
2013-09-03,2401X,PALENCIA,PALENCIA,736,"18,6","0,0","6,0",05:01,"31,1",15:29,35,"1,1","4,4",12:50,,,,,
2013-09-04,2401X,PALENCIA,PALENCIA,736,"20,7","0,0","8,5",05:52,"32,9",15:11,11,"0,8","10,8",13:50,,,,,
2013-09-05,2401X,PALENCIA,PALENCIA,736,"19,2","2,8","12,7",23:58,"25,8",12:10,20,"2,2","11,9",18:40,,,,,
2013-09-06,2401X,PALENCIA,PALENCIA,736,"17,2","0,0","9,7",05:57,"24,6",15:01,04,"0,3","5,3",23:10,,,,,
2013-09-07,2401X,PALENCIA,PALENCIA,736,"18,8","2,2","13,0",22:59,"24,6",14:48,22,"1,4","10,6",16:40,,,,,
2013-09-08,2401X,PALENCIA,PALENCIA,736,"15,4","0,0","9,2",23:59,"21,6",16:11,34,"1,4","4,7",13:10,,,,,
2013-09-09,2401X,PALENCIA,PALENCIA,736,"16,4","0,0","7,0",05:43,"25,8",14:48,99,"0,6","4,7",Varias,,,,,
2013-09-10,2401X,PALENCIA,PALENCIA,736,"17,7","0,0","9,4",05:47,"26,0",14:32,06,"2,5","9,2",18:10,,,,,
2013-09-11,2401X,PALENCIA,PALENCIA,736,"15,5","0,0","10,5",23:53,"20,5",14:40,07,"2,8","10,0",11:20,,,,,
2013-09-12,2401X,PALENCIA,PALENCIA,736,"15,4","0,0","5,2",06:03,"25,5",14:56,06,"1,7","7,2",17:20,,,,,
2013-09-13,2401X,PALENCIA,PALENCIA,736,"18,1","0,0","9,9",05:16,"26,3",14:26,24,"1,1","6,4",14:30,,,,,
2013-09-14,2401X,PALENCIA,PALENCIA,736,"18,1","0,0","8,1",05:59,"28,1",14:10,28,"1,7","9,7",14:10,,,,,
2013-09-15,2401X,PALENCIA,PALENCIA,736,"16,4","0,0","9,4",23:15,"23,3",15:19,08,"0,8","7,5",08:10,,,,,
2013-09-16,2401X,PALENCIA,PALENCIA,736,"16,7","0,0","6,0",05:56,"27,4",14:39,33,"1,7","7,2",18:30,,,,,
2013-09-17,2401X,PALENCIA,PALENCIA,736,"15,6","0,0","7,9",06:07,"23,3",15:34,08,"1,1","5,3",11:10,,,,,
2013-09-18,2401X,PALENCIA,PALENCIA,736,"16,2","0,0","7,3",05:55,"25,2",15:12,34,"1,1","6,7",11:10,,,,,
2013-09-19,2401X,PALENCIA,PALENCIA,736,"17,1","0,0","8,5",05:56,"25,7",15:22,06,"1,7","6,9",19:20,,,,,
2013-09-20,2401X,PALENCIA,PALENCIA,736,"17,6","0,0","9,3",04:35,"26,0",14:51,06,"1,7","6,9",10:40,,,,,
2013-09-21,2401X,PALENCIA,PALENCIA,736,"18,2","0,0","9,6",06:00,"26,9",13:58,07,"0,8","6,4",15:10,,,,,
2013-09-22,2401X,PALENCIA,PALENCIA,736,"17,8","0,0","5,8",06:14,"29,9",15:26,36,"0,8","4,4",16:00,,,,,
2013-09-23,2401X,PALENCIA,PALENCIA,736,"18,8","0,0","6,2",05:45,"31,5",14:11,29,"0,8","6,4",14:10,,,,,
2013-09-24,2401X,PALENCIA,PALENCIA,736,"19,8","0,0","9,4",,"30,3",,,"1,7",,,,,,,
2013-09-25,2401X,PALENCIA,PALENCIA,736,"20,4","0,0","12,5",03:44,"28,2",14:17,14,"1,4","6,1",13:10,,,,,
2013-09-26,2401X,PALENCIA,PALENCIA,736,"20,6","0,0","11,2",05:46,"29,9",14:53,20,"1,9","8,9",15:10,,,,,
2013-09-27,2401X,PALENCIA,PALENCIA,736,"19,2","14,2","12,5",Varias,"26,0",13:30,12,"1,9","10,6",13:10,,,,,
2013-09-28,2401X,PALENCIA,PALENCIA,736,"14,5","6,6","12,4",04:26,"16,6",11:44,20,"2,2","10,6",12:00,,,,,
2013-09-29,2401X,PALENCIA,PALENCIA,736,"17,0","2,8","13,6",05:21,"20,4",14:46,25,"4,7","11,9",16:10,,,,,
2013-09-30,2401X,PALENCIA,PALENCIA,736,"18,3","2,2","14,4",00:01,"22,2",14:12,26,"2,8","10,6",05:50,,,,,
2013-10-01,2401X,PALENCIA,PALENCIA,736,"17,2","13,6","16,0",10:47,"18,5",15:49,22,"2,2","7,2",13:40,,,,,
2013-10-02,2401X,PALENCIA,PALENCIA,736,"17,7","4,8","14,0",06:25,"21,4",15:34,28,"1,7","10,6",17:50,,,,,
2013-10-03,2401X,PALENCIA,PALENCIA,736,"17,4","6,2","12,3",22:48,"22,6",11:47,28,"2,8","11,7",13:30,,,,,
2013-10-04,2401X,PALENCIA,PALENCIA,736,"15,6","0,2","9,6",23:56,"21,5",14:24,28,"2,2","8,9",16:00,,,,,
2013-10-05,2401X,PALENCIA,PALENCIA,736,"13,8","0,0","6,2",06:16,"21,3",13:59,36,"0,6","5,0",14:00,,,,,
2013-10-06,2401X,PALENCIA,PALENCIA,736,"13,8","0,0","7,3",06:27,"20,4",14:12,07,"0,8","6,4",14:30,,,,,
2013-10-07,2401X,PALENCIA,PALENCIA,736,"13,2","0,0","5,4",05:40,"20,9",15:24,33,"1,1","4,7",09:30,,,,,
2013-10-08,2401X,PALENCIA,PALENCIA,736,"12,6","0,0","4,5",05:01,"20,6",15:06,06,"1,1","5,6",13:50,,,,,
2013-10-09,2401X,PALENCIA,PALENCIA,736,"13,7","0,0","7,5",06:25,"19,9",15:18,06,"0,8","6,9",08:30,,,,,
2013-10-10,2401X,PALENCIA,PALENCIA,736,"11,9","0,0","4,0",06:36,"19,8",14:22,07,"0,8","6,1",11:10,,,,,
2013-10-11,2401X,PALENCIA,PALENCIA,736,"10,2","0,0","5,0",05:52,"15,4",15:01,05,"1,1","7,8",19:30,,,,,
2013-10-12,2401X,PALENCIA,PALENCIA,736,"9,2","0,0","0,8",06:41,"17,5",14:10,33,"0,8","3,9",15:10,,,,,
2013-10-13,2401X,PALENCIA,PALENCIA,736,"12,0","0,0","5,7",00:01,"18,2",15:12,28,"1,4","7,8",18:30,,,,,
2013-10-14,2401X,PALENCIA,PALENCIA,736,"15,0","4,2","12,3",00:38,"17,6",13:31,27,"1,7","8,9",15:10,,,,,
2013-10-15,2401X,PALENCIA,PALENCIA,736,"15,7","0,9","12,8",07:21,"18,6",15:25,26,"3,3","11,1",13:10,,,,,
2013-10-16,2401X,PALENCIA,PALENCIA,736,"17,1","0,0","13,0",06:38,"21,2",12:05,25,"3,6","9,4",10:40,,,,,
2013-10-17,2401X,PALENCIA,PALENCIA,736,"18,0","0,0","12,3",23:59,"23,7",14:40,12,"0,8","5,0",11:40,,,,,
2013-10-18,2401X,PALENCIA,PALENCIA,736,"16,5","2,2","9,5",06:42,"23,5",13:57,25,"1,7","9,7",15:00,,,,,
2013-10-19,2401X,PALENCIA,PALENCIA,736,"15,3","0,2","10,0",23:53,"20,6",13:11,21,"2,8","10,0",12:30,,,,,
2013-10-20,2401X,PALENCIA,PALENCIA,736,"13,4","0,0","7,5",05:24,"19,3",14:10,99,"2,2","7,2",Varias,,,,,
2013-10-21,2401X,PALENCIA,PALENCIA,736,"15,2","3,4","10,2",07:17,"20,1",13:20,20,"2,5","10,8",13:20,,,,,
2013-10-22,2401X,PALENCIA,PALENCIA,736,"13,2","7,6","10,8",06:41,"15,5",12:06,23,"2,5","10,6",05:20,,,,,
2013-10-23,2401X,PALENCIA,PALENCIA,736,"13,2","1,2","8,8",06:40,"17,5",Varias,22,"2,2","7,5",09:00,,,,,
2013-10-24,2401X,PALENCIA,PALENCIA,736,"14,6","9,0","10,6",06:28,"18,5",13:53,19,"2,2","11,1",13:50,,,,,
2013-10-25,2401X,PALENCIA,PALENCIA,736,"12,7","11,6","10,3",23:48,"15,1",12:10,20,"1,4","6,1",03:20,,,,,
2013-11-05,2401X,PALENCIA,PALENCIA,736,"16,0",,"11,8",23:59,"20,3",Varias,,,,,,,,,
2013-11-06,2401X,PALENCIA,PALENCIA,736,"13,6",,"11,3",,"15,8",,,,,,,,,,
2013-11-07,2401X,PALENCIA,PALENCIA,736,"11,6","0,0","8,8",07:19,"14,4",13:01,28,"2,2","6,7",10:10,,,,,
2013-11-08,2401X,PALENCIA,PALENCIA,736,"10,0","0,4","4,8",23:53,"15,3",11:38,30,"4,7","14,7",13:10,,,,,
2013-11-09,2401X,PALENCIA,PALENCIA,736,"7,8","0,0","2,0",06:28,"13,7",13:42,25,"4,4","13,6",16:00,,,,,
2013-11-10,2401X,PALENCIA,PALENCIA,736,"10,0","0,0","4,2",23:56,"15,8",13:18,28,"3,9","12,2",14:10,,,,,
2013-11-11,2401X,PALENCIA,PALENCIA,736,"9,0","0,0","1,9",06:03,"16,1",14:21,09,"0,3","4,2",17:00,,,,,
2013-11-12,2401X,PALENCIA,PALENCIA,736,"10,4","0,0","3,9",02:21,"16,8",14:20,08,"1,4","7,2",20:20,,,,,
2013-11-13,2401X,PALENCIA,PALENCIA,736,"11,0","0,0","7,1",06:15,"15,0",13:22,07,"1,9","10,8",12:40,,,,,
2013-11-14,2401X,PALENCIA,PALENCIA,736,"6,2","0,0","0,6",23:50,"11,7",13:34,07,"1,9","10,0",11:10,,,,,
2013-11-15,2401X,PALENCIA,PALENCIA,736,"3,0","5,0","-2,0",06:58,"7,9",12:22,04,"1,9","10,0",15:40,,,,,
2013-11-16,2401X,PALENCIA,PALENCIA,736,"2,8","0,2","0,0",07:25,"5,6",22:24,08,"2,5","10,3",16:30,,,,,
2013-11-17,2401X,PALENCIA,PALENCIA,736,"6,2","0,4","4,2",20:54,"8,2",11:10,04,"2,5","8,9",14:20,,,,,
2013-11-18,2401X,PALENCIA,PALENCIA,736,"5,4","0,0","-0,7",05:44,"11,4",14:18,28,"0,6","7,2",11:10,,,,,
2013-11-19,2401X,PALENCIA,PALENCIA,736,"4,2","0,0","-2,2",23:59,"10,7",13:20,09,"1,7","6,9",14:00,,,,,
2013-11-20,2401X,PALENCIA,PALENCIA,736,"2,6","0,0","-3,9",07:03,"9,1",14:06,28,"2,2","8,3",22:10,,,,,
2013-11-21,2401X,PALENCIA,PALENCIA,736,"5,2","0,0","0,5",02:44,"9,9",14:17,26,"7,8","16,4",09:10,,,,,
2013-11-22,2401X,PALENCIA,PALENCIA,736,"2,4","0,0","-3,6",23:59,"8,5",14:04,29,"0,8","7,8",00:10,,,,,
2013-11-23,2401X,PALENCIA,PALENCIA,736,"0,0","0,0","-6,0",07:28,"6,0",15:12,06,"0,8","4,7",16:50,,,,,
2013-11-24,2401X,PALENCIA,PALENCIA,736,"3,5","0,0","-0,5",00:01,"7,5",13:50,05,"3,3","10,6",14:00,,,,,
2013-11-25,2401X,PALENCIA,PALENCIA,736,"4,8","0,0","2,3",23:45,"7,4",11:25,02,"2,5","12,8",12:10,,,,,
2013-11-26,2401X,PALENCIA,PALENCIA,736,"2,8","0,0","1,3",19:34,"4,3",12:46,04,"4,2","14,2",14:50,,,,,
2013-11-27,2401X,PALENCIA,PALENCIA,736,"2,3","0,0","-0,8",06:04,"5,4",12:37,06,"4,4","11,7",02:00,,,,,
2013-11-28,2401X,PALENCIA,PALENCIA,736,"1,1","0,0","-5,9",23:48,"8,1",14:10,07,"0,8","5,6",01:20,,,,,
2013-11-29,2401X,PALENCIA,PALENCIA,736,"0,0","0,0","-5,9",00:01,"6,0",10:46,02,"2,2","9,4",13:10,,,,,
2013-11-30,2401X,PALENCIA,PALENCIA,736,"2,4","0,0","-3,9",07:00,"8,8",13:52,04,"2,8","9,7",19:30,,,,,
2013-12-01,2401X,PALENCIA,PALENCIA,736,"4,2","0,0","1,2",05:18,"7,2",12:42,06,"3,6","12,2",11:00,,,,,
2013-12-02,2401X,PALENCIA,PALENCIA,736,"2,6","0,0","-3,0",23:55,"8,3",12:59,06,"1,7","12,2",10:30,,,,,
2013-12-03,2401X,PALENCIA,PALENCIA,736,,"0,0",,,,,,,,,,,,,
2013-12-04,2401X,PALENCIA,PALENCIA,736,"4,2","0,0","-4,7",,"13,2",,,"0,6",,,,,,,
2013-12-05,2401X,PALENCIA,PALENCIA,736,"4,4","0,0","-0,9",01:50,"9,7",14:12,06,"0,8","5,6",23:59,,,,,
2013-12-06,2401X,PALENCIA,PALENCIA,736,"5,4","0,0","-0,3",23:54,"11,1",14:11,07,"1,4","7,2",10:40,,,,,
2013-12-07,2401X,PALENCIA,PALENCIA,736,"-1,4","0,0","-5,3",07:18,"2,4",15:00,14,"0,6","3,9",04:30,,,,,
2013-12-08,2401X,PALENCIA,PALENCIA,736,"-1,8","0,0","-5,5",01:28,"2,0",15:21,33,"0,6","3,3",23:10,,,,,
2013-12-09,2401X,PALENCIA,PALENCIA,736,"1,0","0,0","-6,6",08:01,"8,7",14:41,25,"0,6","3,1",16:30,,,,,
2013-12-10,2401X,PALENCIA,PALENCIA,736,"0,2","0,0","-8,7",06:43,"9,0",14:39,29,"0,6","3,1",16:10,,,,,
2013-12-11,2401X,PALENCIA,PALENCIA,736,"2,2","0,0","-7,4",,"11,7",,,,,,,,,,
2013-12-12,2401X,PALENCIA,PALENCIA,736,"1,6","0,8","-7,0",07:20,"10,2",Varias,16,"0,8","2,8",11:10,,,,,
2013-12-13,2401X,PALENCIA,PALENCIA,736,"4,8","2,4","2,2",00:01,"7,5",15:37,34,"1,1","3,6",23:10,,,,,
2013-12-14,2401X,PALENCIA,PALENCIA,736,"5,1","0,0","-0,8",06:24,"11,0",14:11,08,"1,9","5,8",11:40,,,,,
2013-12-15,2401X,PALENCIA,PALENCIA,736,"1,1","0,0","-1,0",07:43,"3,2",13:10,34,"0,6","3,3",14:10,,,,,
2013-12-16,2401X,PALENCIA,PALENCIA,736,"3,5","0,0","-3,4",08:01,"10,4",14:24,32,"0,3","3,3",23:50,,,,,
2013-12-17,2401X,PALENCIA,PALENCIA,736,"2,0","1,4","-3,4",03:34,"7,3",15:07,99,"0,8","4,2",13:50,,,,,
2013-12-18,2401X,PALENCIA,PALENCIA,736,"6,5","9,6","4,0",07:33,"9,0",12:25,24,"2,2","7,5",12:50,,,,,
2013-12-19,2401X,PALENCIA,PALENCIA,736,"5,4","2,8","0,9",23:55,"10,0",10:54,27,"5,0","13,9",11:50,,,,,
2013-12-20,2401X,PALENCIA,PALENCIA,736,"1,7","0,0","-4,0",07:50,"7,4",14:13,06,"0,8","5,8",13:50,,,,,
2013-12-21,2401X,PALENCIA,PALENCIA,736,"0,3","0,0","-4,1",06:25,"4,7",13:47,13,"1,4","4,2",10:30,,,,,
2013-12-22,2401X,PALENCIA,PALENCIA,736,"1,8","0,0","-3,0",03:23,"6,6",14:06,23,"1,1","4,7",13:10,,,,,
2013-12-23,2401X,PALENCIA,PALENCIA,736,"6,8","0,4","4,0",Varias,"9,7",12:54,20,"2,8","12,8",23:40,,,,,
2013-12-24,2401X,PALENCIA,PALENCIA,736,"8,6","33,4","6,1",23:50,"11,0",12:40,21,"8,1","21,1",13:00,,,,,
2013-12-25,2401X,PALENCIA,PALENCIA,736,"3,6","1,4","0,9",23:26,"6,2",00:10,25,"7,5","15,8",20:10,,,,,
2013-12-26,2401X,PALENCIA,PALENCIA,736,"4,4","1,2","0,8",07:28,"8,0",13:47,27,"6,4","15,3",00:10,,,,,
2013-12-27,2401X,PALENCIA,PALENCIA,736,"9,6","8,4","6,8",00:34,"12,5",13:02,26,"4,7","14,4",22:20,,,,,
2013-12-28,2401X,PALENCIA,PALENCIA,736,"4,5","0,0","1,1",22:31,"7,9",Varias,27,"6,7","15,8",04:30,,,,,
2013-12-29,2401X,PALENCIA,PALENCIA,736,"3,0","0,0","-1,4",23:56,"7,5",13:48,26,"3,1","11,1",00:10,,,,,
2013-12-30,2401X,PALENCIA,PALENCIA,736,"2,8","5,6","-2,0",00:42,"7,5",13:04,22,"1,9","7,8",11:00,,,,,
2013-12-31,2401X,PALENCIA,PALENCIA,736,"6,2","0,0","3,4",02:58,"9,1",15:30,22,"3,9","10,3",20:30,,,,,
2014-01-01,2401X,PALENCIA,PALENCIA,736,"7,4","2,8","5,8",03:18,"9,0",21:38,22,"4,2","14,4",12:10,,,,,
2014-01-02,2401X,PALENCIA,PALENCIA,736,"9,8","13,2","8,1",09:54,"11,6",Varias,25,"3,3","12,5",20:00,,,,,
2014-01-03,2401X,PALENCIA,PALENCIA,736,"9,4","6,4","7,2",22:36,"11,5",00:01,24,"4,4","12,8",07:10,,,,,
2014-01-04,2401X,PALENCIA,PALENCIA,736,"4,6","6,0","1,5",20:36,"7,7",00:01,27,"7,2","22,8",13:30,,,,,
2014-01-05,2401X,PALENCIA,PALENCIA,736,"6,2","0,0","2,4",00:01,"10,0",13:12,24,"4,4","13,6",01:10,,,,,
2014-01-06,2401X,PALENCIA,PALENCIA,736,"9,6","1,0","7,4",06:59,"11,7",11:26,21,"4,2","14,2",10:40,,,,,
2014-01-07,2401X,PALENCIA,PALENCIA,736,"10,1","0,6","7,7",03:46,"12,5",13:07,21,"2,8","9,2",13:10,,,,,
2014-01-08,2401X,PALENCIA,PALENCIA,736,"9,0","0,0","4,6",23:57,"13,3",12:00,21,"1,7","6,1",11:30,,,,,
2014-01-09,2401X,PALENCIA,PALENCIA,736,"8,5","0,0","1,5",23:59,"15,5",14:21,15,"0,6","4,2",08:10,,,,,
2014-01-10,2401X,PALENCIA,PALENCIA,736,"4,6","0,0","-0,5",07:45,"9,7",15:11,32,"0,6","3,9",12:10,,,,,
2014-01-11,2401X,PALENCIA,PALENCIA,736,"5,1","0,0","-2,2",07:37,"12,4",15:07,15,"0,6","3,3",13:30,,,,,
2014-01-12,2401X,PALENCIA,PALENCIA,736,"3,9","0,6","-1,4",07:32,"9,2",16:29,25,"1,9","10,6",20:20,,,,,
2014-01-13,2401X,PALENCIA,PALENCIA,736,"5,4","0,0","2,5",07:38,"8,2",14:30,29,"4,7","11,9",10:10,,,,,
2014-01-14,2401X,PALENCIA,PALENCIA,736,"8,8","0,0","4,8",00:01,"12,9",14:53,25,"5,8","13,6",02:00,,,,,
2014-01-15,2401X,PALENCIA,PALENCIA,736,"7,1","4,4","5,0",01:05,"9,2",10:51,26,"2,8","10,3",02:30,,,,,
2014-01-16,2401X,PALENCIA,PALENCIA,736,"5,4","0,0","2,0",23:48,"8,9",14:04,27,"4,2","17,2",00:40,,,,,
2014-01-17,2401X,PALENCIA,PALENCIA,736,"4,8","1,6","0,6",Varias,"9,1",12:38,14,"3,3","10,8",11:20,,,,,
2014-01-18,2401X,PALENCIA,PALENCIA,736,"4,0","2,0","1,3",23:30,"6,6",13:06,24,"2,5","10,3",17:40,,,,,
2014-01-19,2401X,PALENCIA,PALENCIA,736,"3,7","2,8","0,5",09:06,"6,9",15:04,29,"2,8","13,3",20:30,,,,,
2014-01-20,2401X,PALENCIA,PALENCIA,736,"4,0","0,0","0,0",23:22,"7,9",14:24,26,"5,6","12,8",08:10,,,,,
2014-01-21,2401X,PALENCIA,PALENCIA,736,"3,2","9,8","-0,4",02:51,"6,8",16:10,28,"1,7","9,7",23:20,,,,,
2014-01-22,2401X,PALENCIA,PALENCIA,736,"6,1","0,0","2,2",23:59,"10,0",13:51,32,"4,7","11,4",01:10,,,,,
2014-01-23,2401X,PALENCIA,PALENCIA,736,"3,3","0,0","-3,1",07:34,"9,7",14:46,26,"1,9","8,3",15:10,,,,,
2014-01-24,2401X,PALENCIA,PALENCIA,736,"4,4","0,0","-1,2",03:52,"10,1",16:28,27,"5,6","14,7",21:40,,,,,
2014-01-25,2401X,PALENCIA,PALENCIA,736,"9,4","0,0","3,1",23:45,"15,8",15:12,28,"4,2","13,6",00:50,,,,,
2014-01-26,2401X,PALENCIA,PALENCIA,736,"4,8","0,0","-0,7",07:14,"10,2",15:04,25,"3,3","15,0",18:10,,,,,
2014-01-27,2401X,PALENCIA,PALENCIA,736,"4,8","0,0","1,2",23:49,"8,5",13:19,28,"6,9","16,7",14:00,,,,,
2014-01-28,2401X,PALENCIA,PALENCIA,736,"4,5","4,6","0,7",01:18,"8,3",15:46,25,"7,8","18,9",19:10,,,,,
2014-01-29,2401X,PALENCIA,PALENCIA,736,"3,7","0,0","-0,3",08:26,"7,7",15:22,99,"4,2","10,3",Varias,,,,,
2014-01-30,2401X,PALENCIA,PALENCIA,736,"3,6","0,0","-0,1",02:26,"7,3",14:41,28,"6,4","12,5",14:50,,,,,
2014-01-31,2401X,PALENCIA,PALENCIA,736,"7,7","1,4","3,7",02:42,"11,7",13:48,27,"5,8","13,1",00:20,,,,,
2014-02-01,2401X,PALENCIA,PALENCIA,736,"4,0","0,2","-0,7",23:35,"8,8",00:28,29,"6,1","19,2",13:20,,,,,
2014-02-02,2401X,PALENCIA,PALENCIA,736,"3,4","2,2","-1,4",23:54,"8,1",14:21,26,"2,8","11,4",03:10,,,,,
2014-02-03,2401X,PALENCIA,PALENCIA,736,"2,0","0,8","-2,0",03:03,"6,0",13:47,26,"5,3","11,9",13:50,,,,,
2014-02-04,2401X,PALENCIA,PALENCIA,736,"4,6","5,4","1,5",00:01,"7,7",23:10,25,"5,0","15,8",23:30,,,,,
2014-02-05,2401X,PALENCIA,PALENCIA,736,"6,0","0,8","3,5",06:18,"8,6",15:18,26,"6,9","17,2",12:10,,,,,
2014-02-06,2401X,PALENCIA,PALENCIA,736,"10,2","5,8","4,8",Varias,"15,5",13:32,27,"6,7","21,4",15:40,,,,,
2014-02-07,2401X,PALENCIA,PALENCIA,736,"4,6","5,4","1,5",06:49,"7,6",14:53,99,"5,3","13,3",01:50,,,,,
2014-02-08,2401X,PALENCIA,PALENCIA,736,"5,2","0,6","1,8",23:47,"8,6",15:11,26,"8,9","17,8",12:30,,,,,
2014-02-09,2401X,PALENCIA,PALENCIA,736,"4,2","13,6","0,9",04:00,"7,6",19:10,28,"3,3","15,3",19:20,,,,,
2014-02-10,2401X,PALENCIA,PALENCIA,736,"3,2","1,8","0,0",22:36,"6,4",14:54,28,"7,8","19,2",02:10,,,,,
2014-02-11,2401X,PALENCIA,PALENCIA,736,"3,1","2,0","-1,3",23:56,"7,5",15:41,27,"2,5","14,2",14:30,,,,,
2014-02-12,2401X,PALENCIA,PALENCIA,736,"3,6","1,0","-1,5",00:10,"8,7",17:57,26,"3,6","11,1",18:10,,,,,
2014-02-13,2401X,PALENCIA,PALENCIA,736,"10,5","0,0","7,4",07:16,"13,6",14:10,26,"6,4","16,9",12:10,,,,,
2014-02-14,2401X,PALENCIA,PALENCIA,736,"11,0","6,4","6,3",Varias,"15,7",13:25,21,"7,5","19,2",14:10,,,,,
2014-02-15,2401X,PALENCIA,PALENCIA,736,"5,6","0,0","2,5",23:59,"8,6",14:28,28,"3,6","9,7",02:30,,,,,
2014-02-16,2401X,PALENCIA,PALENCIA,736,"2,9","0,0","-2,1",07:06,"7,9",13:59,21,"1,1","6,7",14:30,,,,,
2014-02-17,2401X,PALENCIA,PALENCIA,736,"4,1","0,0","-3,2",06:44,"11,4",15:10,14,"2,2","6,9",12:20,,,,,
2014-02-18,2401X,PALENCIA,PALENCIA,736,"5,3","0,0","1,4",23:59,"9,2",15:16,27,"1,9","12,5",20:10,,,,,
2014-02-19,2401X,PALENCIA,PALENCIA,736,"4,8","0,0","-2,8",07:14,"12,3",14:54,28,"1,7","6,1",12:50,,,,,
2014-02-20,2401X,PALENCIA,PALENCIA,736,"8,7","0,0","3,9",00:01,"13,5",12:53,28,"5,0","13,3",12:10,,,,,
2014-02-21,2401X,PALENCIA,PALENCIA,736,"5,1","0,0","1,5",07:15,"8,7",14:47,25,"4,7","12,8",00:30,,,,,
2014-02-22,2401X,PALENCIA,PALENCIA,736,"5,8","0,0","0,4",23:59,"11,2",15:31,25,"2,8","9,7",00:30,,,,,
2014-02-23,2401X,PALENCIA,PALENCIA,736,"6,1","0,0","-2,7",07:15,"14,9",15:03,14,"2,5","9,2",13:10,,,,,
2014-02-24,2401X,PALENCIA,PALENCIA,736,"5,0","0,8","-0,7",02:53,"10,7",12:23,25,"2,2","8,6",21:40,,,,,
2014-02-25,2401X,PALENCIA,PALENCIA,736,"6,9","6,4","1,5",23:37,"12,3",12:48,27,"6,1","21,4",15:00,,,,,
2014-02-26,2401X,PALENCIA,PALENCIA,736,"4,6","1,8","0,8",07:13,"8,5",15:03,24,"4,4","12,5",02:20,,,,,
2014-02-27,2401X,PALENCIA,PALENCIA,736,"8,6","0,0","4,6",05:40,"12,7",15:30,99,"5,0","12,8",Varias,,,,,
2014-02-28,2401X,PALENCIA,PALENCIA,736,"8,0","2,2","4,5",04:59,"11,5",12:51,28,"11,1","23,1",13:10,,,,,
2014-03-01,2401X,PALENCIA,PALENCIA,736,"7,9","5,2","4,0",06:48,"11,8",14:58,28,"6,9","15,8",13:00,,,,,
2014-03-02,2401X,PALENCIA,PALENCIA,736,"9,8","1,2","6,9",23:59,"12,8",12:04,26,"7,2","17,2",20:30,,,,,
2014-03-03,2401X,PALENCIA,PALENCIA,736,"5,4","0,0","1,4",06:49,"9,3",14:12,29,"8,9","22,8",15:10,,,,,
2014-03-04,2401X,PALENCIA,PALENCIA,736,"5,2","0,0","1,7",06:42,"8,7",14:04,28,"6,9","15,8",00:30,,,,,
2014-03-05,2401X,PALENCIA,PALENCIA,736,"9,4","0,0","3,4",,"15,4",,,"1,9",,,,,,,
2014-03-06,2401X,PALENCIA,PALENCIA,736,"7,4","0,0","-0,6",06:18,"15,4",16:29,32,"1,9","6,1",13:10,,,,,
2014-03-07,2401X,PALENCIA,PALENCIA,736,"9,3","0,0","-0,7",06:45,"19,3",15:28,06,"1,4","4,7",14:40,,,,,
2014-03-08,2401X,PALENCIA,PALENCIA,736,"10,3","0,0","0,1",05:39,"20,5",14:30,25,"0,8","5,3",13:10,,,,,
2014-03-09,2401X,PALENCIA,PALENCIA,736,"10,1","0,0","0,4",06:52,"19,8",14:16,12,"1,4","5,8",09:10,,,,,
2014-03-10,2401X,PALENCIA,PALENCIA,736,"8,8","0,0","-1,4",06:30,"19,1",14:20,08,"2,2","8,3",12:50,,,,,
2014-03-11,2401X,PALENCIA,PALENCIA,736,"9,6","0,0","1,5",06:44,"17,7",15:31,07,"2,2","9,2",12:10,,,,,
2014-03-12,2401X,PALENCIA,PALENCIA,736,"9,4","0,0","0,0",06:37,"18,8",13:53,14,"1,7","8,9",13:40,,,,,
2014-03-13,2401X,PALENCIA,PALENCIA,736,"7,4","0,0","-1,0",06:42,"15,8",Varias,14,"2,5","7,5",11:10,,,,,
2014-03-14,2401X,PALENCIA,PALENCIA,736,"7,2","0,0","-1,9",Varias,"16,2",14:11,29,"1,4","5,3",15:20,,,,,
2014-03-15,2401X,PALENCIA,PALENCIA,736,"9,0","0,0","1,1",06:18,"16,9",14:00,07,"2,2","9,7",12:40,,,,,
2014-03-16,2401X,PALENCIA,PALENCIA,736,"11,4","0,0","2,8",06:23,"20,0",14:51,06,"2,8","12,5",11:20,,,,,
2014-03-17,2401X,PALENCIA,PALENCIA,736,"11,0","0,0","-0,2",06:31,"22,2",14:21,28,"1,1","6,9",16:10,,,,,
2014-03-18,2401X,PALENCIA,PALENCIA,736,"10,2","0,0","1,6",06:37,"18,9",15:42,05,"1,1","6,4",09:40,,,,,
2014-03-20,2401X,PALENCIA,PALENCIA,736,"11,4",,"1,5",,"21,2",,,"1,7",,,,,,,
2014-03-21,2401X,PALENCIA,PALENCIA,736,"13,6","2,0","8,5",06:49,"18,7",14:01,99,"4,2","13,1",Varias,,,,,
2014-03-22,2401X,PALENCIA,PALENCIA,736,"7,4","0,0","2,4",Varias,"12,3",12:09,26,"5,3","13,3",14:40,,,,,
2014-03-23,2401X,PALENCIA,PALENCIA,736,"5,9","0,0","0,2",,"11,6",,26,"4,2","11,1",02:50,,,,,
2014-03-24,2401X,PALENCIA,PALENCIA,736,"5,3","3,3","0,1",03:08,"10,5",17:12,27,"5,3","15,3",16:10,,,,,
2014-03-25,2401X,PALENCIA,PALENCIA,736,"5,8","0,2","1,2",Varias,"10,5",11:12,29,"8,1","23,6",14:00,,,,,
2014-03-26,2401X,PALENCIA,PALENCIA,736,"5,0","0,0","-1,4",22:53,"11,3",12:41,28,"5,0","16,4",00:10,,,,,
2014-03-27,2401X,PALENCIA,PALENCIA,736,"4,9","0,0","-2,6",05:19,"12,4",13:45,23,"2,2","8,6",15:50,,,,,
2014-03-28,2401X,PALENCIA,PALENCIA,736,"6,9","0,0","-0,8",03:48,"14,6",12:14,12,"1,9","8,9",14:50,,,,,
2014-03-29,2401X,PALENCIA,PALENCIA,736,"8,3","2,4","5,1",04:18,"11,5",10:29,13,"3,9","13,6",10:00,,,,,
2014-03-30,2401X,PALENCIA,PALENCIA,736,"10,8","0,6","6,6",22:58,"14,9",14:10,14,"2,2","8,9",16:10,,,,,
2014-03-31,2401X,PALENCIA,PALENCIA,736,"11,5","1,0","6,9",06:38,"16,1",14:47,12,"2,8","11,9",15:00,,,,,
2014-04-01,2401X,PALENCIA,PALENCIA,736,"12,2","1,6","7,8",21:44,"16,6",12:53,17,"3,3","13,3",13:30,,,,,
2014-04-02,2401X,PALENCIA,PALENCIA,736,"9,9","1,6","6,6",23:38,"13,2",16:26,26,"1,4","6,7",17:10,,,,,
2014-04-03,2401X,PALENCIA,PALENCIA,736,,"1,8",,,,,30,"3,9","11,9",17:00,,,,,
2014-04-04,2401X,PALENCIA,PALENCIA,736,,"2,8",,,,,27,"4,7","9,2",02:30,,,,,
2014-04-05,2401X,PALENCIA,PALENCIA,736,"13,8","1,0","7,9",23:31,"19,8",15:41,26,"3,3","8,3",04:40,,,,,
2014-04-06,2401X,PALENCIA,PALENCIA,736,"13,2","0,0","5,3",05:46,"21,1",16:12,30,"2,2","6,4",13:10,,,,,
2014-04-07,2401X,PALENCIA,PALENCIA,736,"14,5","0,0","6,4",05:23,"22,6",13:19,28,"4,2","11,4",15:10,,,,,
2014-04-08,2401X,PALENCIA,PALENCIA,736,"13,0","0,0","5,7",06:03,"20,2",15:11,04,"1,4","6,1",20:30,,,,,
2014-04-09,2401X,PALENCIA,PALENCIA,736,"14,0","0,0","3,5",04:43,"24,5",15:19,25,"1,1","10,8",20:50,,,,,
2014-04-10,2401X,PALENCIA,PALENCIA,736,"17,8","0,0","9,4",02:40,"26,3",14:43,17,"2,2","12,2",16:10,,,,,
2014-04-11,2401X,PALENCIA,PALENCIA,736,"12,6","0,0","5,5",05:49,"19,7",13:24,04,"2,2","8,3",18:30,,,,,
2014-04-12,2401X,PALENCIA,PALENCIA,736,"11,9","0,0","5,7",Varias,"18,1",13:53,08,"2,5","9,4",14:50,,,,,
2014-04-13,2401X,PALENCIA,PALENCIA,736,"13,9","0,0","4,2",05:21,"23,6",15:18,14,"0,8","5,3",11:10,,,,,
2014-04-14,2401X,PALENCIA,PALENCIA,736,"14,8","0,0","5,5",05:51,"24,1",14:35,13,"1,1","5,6",12:10,,,,,
2014-04-15,2401X,PALENCIA,PALENCIA,736,"16,0","0,0","8,3",Varias,"23,6",13:40,28,"2,2","6,1",13:10,,,,,
2014-04-16,2401X,PALENCIA,PALENCIA,736,"16,4","0,0","7,4",05:43,"25,5",Varias,27,"1,7","5,8",14:10,,,,,
2014-04-17,2401X,PALENCIA,PALENCIA,736,"16,6","0,0","7,5",05:56,"25,6",14:58,06,"1,4","6,4",18:20,,,,,
2014-04-18,2401X,PALENCIA,PALENCIA,736,"14,7","0,0","3,7",05:30,"25,7",15:11,31,"1,9","6,4",15:20,,,,,
2014-04-19,2401X,PALENCIA,PALENCIA,736,"14,8","17,8","5,1",05:33,"24,6",14:56,17,"1,9","10,3",17:50,,,,,
2014-04-20,2401X,PALENCIA,PALENCIA,736,"11,9","2,4","7,2",23:59,"16,6",17:10,26,"2,8","11,7",03:10,,,,,
2014-04-21,2401X,PALENCIA,PALENCIA,736,"10,8","0,0","3,9",03:17,"17,7",16:24,26,"2,5","9,4",21:00,,,,,
2014-04-22,2401X,PALENCIA,PALENCIA,736,"10,2","0,2","5,2",06:04,"15,3",16:57,27,"3,1","8,9",11:40,,,,,
2014-04-23,2401X,PALENCIA,PALENCIA,736,"13,0","0,0","8,5",22:52,"17,6",15:45,28,"3,6","10,0",10:00,,,,,
2014-04-24,2401X,PALENCIA,PALENCIA,736,"10,3","0,0","4,6",23:56,"16,0",12:52,28,"4,4","14,7",19:50,,,,,
2014-04-25,2401X,PALENCIA,PALENCIA,736,"8,8","2,8","2,2",05:27,"15,4",14:59,27,"5,3","13,6",02:10,,,,,
2014-04-26,2401X,PALENCIA,PALENCIA,736,"12,3","0,6","6,3",23:57,"18,3",14:56,28,"5,8","18,9",16:10,,,,,
2014-04-27,2401X,PALENCIA,PALENCIA,736,"11,0","0,0","3,8",04:56,"18,1",14:42,29,"4,4","10,3",09:10,,,,,
2014-04-28,2401X,PALENCIA,PALENCIA,736,"14,2","0,0","7,1",Varias,"21,3",14:47,26,"3,9","11,1",07:50,,,,,
2014-04-29,2401X,PALENCIA,PALENCIA,736,"11,6","0,0","2,7",04:25,"20,6",15:27,29,"2,2","10,6",16:40,,,,,
2014-04-30,2401X,PALENCIA,PALENCIA,736,"13,0","0,0","6,0",05:44,"19,9",15:48,28,"1,4","7,5",02:20,,,,,
2014-05-01,2401X,PALENCIA,PALENCIA,736,"13,8","0,0","5,3",04:30,"22,4",16:40,32,"1,7","8,3",18:30,,,,,
2014-05-02,2401X,PALENCIA,PALENCIA,736,"10,7","0,0","2,9",04:41,"18,5",13:37,08,"2,2","9,4",17:50,,,,,
2014-05-03,2401X,PALENCIA,PALENCIA,736,"10,8","0,0","3,5",03:56,"18,0",15:17,06,"2,5","9,7",11:40,,,,,
2014-05-04,2401X,PALENCIA,PALENCIA,736,"12,6","0,0","2,4",02:47,"22,7",17:24,23,"1,7","8,1",14:00,,,,,
2014-05-05,2401X,PALENCIA,PALENCIA,736,"15,3","0,0","2,7",05:17,"27,9",15:10,22,"1,4","7,2",13:10,,,,,
2014-05-06,2401X,PALENCIA,PALENCIA,736,"19,3","0,0","12,6",05:27,"26,0",13:57,27,"2,5","8,6",14:00,,,,,
2014-05-07,2401X,PALENCIA,PALENCIA,736,"18,4","0,0","10,4",05:00,"26,4",15:58,07,"1,4","6,4",18:40,,,,,
2014-05-08,2401X,PALENCIA,PALENCIA,736,"17,8","0,0","8,6",05:18,"26,9",15:39,08,"2,5","8,9",18:00,,,,,
2014-05-09,2401X,PALENCIA,PALENCIA,736,"17,9","0,2","8,8",05:15,"27,0",15:05,31,"1,4","5,3",13:40,,,,,
2014-05-10,2401X,PALENCIA,PALENCIA,736,"18,2","0,0","8,9",05:03,"27,4",14:54,25,"1,9","8,9",13:10,,,,,
2014-05-11,2401X,PALENCIA,PALENCIA,736,"16,1","0,0","8,8",23:58,"23,4",15:12,34,"0,8","7,2",16:10,,,,,
2014-05-12,2401X,PALENCIA,PALENCIA,736,"13,6","0,0","4,5",05:05,"22,6",15:29,06,"2,5","9,7",18:00,,,,,
2014-05-13,2401X,PALENCIA,PALENCIA,736,"10,6","0,0","4,8",05:14,"16,3",14:42,06,"3,3","10,0",14:10,,,,,
2014-05-14,2401X,PALENCIA,PALENCIA,736,"12,1","0,0","2,7",05:28,"21,5",14:21,08,"2,8","8,9",16:30,,,,,
2014-05-15,2401X,PALENCIA,PALENCIA,736,"14,4","0,0","5,8",04:42,"23,1",15:03,05,"3,1","10,8",18:50,,,,,
2014-05-16,2401X,PALENCIA,PALENCIA,736,"14,8","0,0","6,3",04:46,"23,2",14:01,06,"3,3","12,8",15:50,,,,,
2014-05-17,2401X,PALENCIA,PALENCIA,736,"13,8","0,0","5,4",05:02,"22,2",14:50,08,"3,3","10,8",10:50,,,,,
2014-05-18,2401X,PALENCIA,PALENCIA,736,"14,6","0,0","2,8",05:04,"26,3",15:10,28,"2,5","9,2",16:50,,,,,
2014-05-19,2401X,PALENCIA,PALENCIA,736,"15,0","0,0","8,1",23:57,"22,0",13:40,28,"5,6","16,9",18:10,,,,,
2014-05-20,2401X,PALENCIA,PALENCIA,736,"11,8","5,2","4,8",04:55,"18,7",15:59,21,"2,2","9,2",11:30,,,,,
2014-05-21,2401X,PALENCIA,PALENCIA,736,"11,3","2,8","6,3",Varias,"16,3",14:37,22,"3,9","16,1",15:20,,,,,
2014-05-22,2401X,PALENCIA,PALENCIA,736,"11,0","2,6","6,3",00:01,"15,7",16:22,26,"6,4","15,0",10:30,,,,,
2014-05-23,2401X,PALENCIA,PALENCIA,736,"11,2","0,0","5,4",05:41,"17,0",15:17,27,"5,6","13,3",13:10,,,,,
2014-05-24,2401X,PALENCIA,PALENCIA,736,"11,4","0,0","3,2",04:00,"19,7",Varias,31,"1,9","6,7",12:30,,,,,
2014-05-25,2401X,PALENCIA,PALENCIA,736,"11,6","0,0","4,3",04:45,"19,0",13:41,99,"2,8","9,2",Varias,,,,,
2014-05-26,2401X,PALENCIA,PALENCIA,736,"10,4","0,0","1,5",04:59,"19,2",14:48,30,"1,9","7,5",14:00,,,,,
2014-05-27,2401X,PALENCIA,PALENCIA,736,"14,8","3,0","7,6",02:47,"22,1",15:53,30,"2,2","11,1",19:50,,,,,
2014-05-28,2401X,PALENCIA,PALENCIA,736,"13,4","2,0","10,0",23:55,"16,7",10:49,30,"2,5","9,7",11:00,,,,,
2014-05-29,2401X,PALENCIA,PALENCIA,736,"14,2","4,4","8,8",04:17,"19,7",15:00,27,"1,9","10,6",16:20,,,,,
2014-05-30,2401X,PALENCIA,PALENCIA,736,"14,2","0,0","9,3",Varias,"19,1",16:11,07,"2,2","8,9",20:50,,,,,
2014-05-31,2401X,PALENCIA,PALENCIA,736,"12,0","0,0","6,4",05:23,"17,5",13:13,08,"2,8","11,4",13:40,,,,,
2014-06-01,2401X,PALENCIA,PALENCIA,736,"13,6","0,0","6,8",04:51,"20,3",13:51,06,"2,5","9,7",08:10,,,,,
2014-06-02,2401X,PALENCIA,PALENCIA,736,"14,1","0,0","4,6",05:00,"23,6",17:57,05,"1,1","9,4",12:00,,,,,
2014-06-03,2401X,PALENCIA,PALENCIA,736,"17,2","0,0","7,0",03:06,"27,3",15:28,28,"3,6","10,0",21:10,,,,,
2014-06-04,2401X,PALENCIA,PALENCIA,736,"15,8","0,0","9,1",23:52,"22,4",15:17,28,"3,6","10,0",04:20,,,,,
2014-06-05,2401X,PALENCIA,PALENCIA,736,"15,4","0,0","4,4",04:46,"26,4",16:00,22,"1,9","7,8",12:00,,,,,
2014-06-06,2401X,PALENCIA,PALENCIA,736,"18,0","0,0","8,1",04:18,"27,8",11:25,28,"5,0","16,1",17:50,,,,,
2014-06-07,2401X,PALENCIA,PALENCIA,736,"17,4","0,0","10,3",Varias,"24,4",15:24,27,"4,4","14,2",14:50,,,,,
2014-06-08,2401X,PALENCIA,PALENCIA,736,"17,0","0,0","6,6",04:45,"27,3",15:23,24,"3,6","11,9",14:10,,,,,
2014-06-09,2401X,PALENCIA,PALENCIA,736,"17,4","0,0","7,9",04:44,"26,8",13:16,27,"2,5","12,5",15:40,,,,,
2014-06-10,2401X,PALENCIA,PALENCIA,736,"16,2","0,0","6,9",05:05,"25,4",14:37,04,"1,4","6,7",19:30,,,,,
2014-06-11,2401X,PALENCIA,PALENCIA,736,"21,8","0,0","12,4",05:35,"31,2",16:02,21,"1,9","8,1",19:40,,,,,
2014-06-12,2401X,PALENCIA,PALENCIA,736,"22,5","0,0","12,5",04:42,"32,5",15:42,08,"1,1","7,8",13:10,,,,,
2014-06-13,2401X,PALENCIA,PALENCIA,736,"23,0","0,0","13,8",04:38,"32,1",15:07,04,"1,7","8,6",18:10,,,,,
2014-06-14,2401X,PALENCIA,PALENCIA,736,"19,0","0,0","12,5",23:45,"25,6",12:57,08,"3,1","11,4",15:10,,,,,
2014-06-15,2401X,PALENCIA,PALENCIA,736,"17,6","0,0","11,0",23:57,"24,2",13:53,07,"3,3","12,2",13:20,,,,,
2014-06-16,2401X,PALENCIA,PALENCIA,736,"15,1","0,0","7,5",04:46,"22,7",14:46,06,"2,5","10,0",16:40,,,,,
2014-06-17,2401X,PALENCIA,PALENCIA,736,"17,0","0,0","8,1",04:01,"25,8",16:06,09,"2,2","7,8",13:30,,,,,
2014-06-18,2401X,PALENCIA,PALENCIA,736,"17,7","0,0","7,7",05:03,"27,7",15:03,05,"1,7","7,8",22:10,,,,,
2014-06-19,2401X,PALENCIA,PALENCIA,736,"20,4","0,0","10,1",04:58,"30,6",14:30,04,"1,9","8,6",18:20,,,,,
2014-06-20,2401X,PALENCIA,PALENCIA,736,"23,1","0,0","13,9",Varias,"32,3",15:23,22,"3,1","11,1",15:10,,,,,
2014-06-21,2401X,PALENCIA,PALENCIA,736,"21,2","0,0","13,2",05:03,"29,1",15:45,27,"2,5","11,1",18:10,,,,,
2014-06-22,2401X,PALENCIA,PALENCIA,736,"18,7","2,2","10,2",04:46,"27,2",13:30,32,"2,2","9,7",16:50,,,,,
2014-06-23,2401X,PALENCIA,PALENCIA,736,"20,1","3,4","11,2",04:45,"29,0",13:38,06,"1,4","10,0",19:10,,,,,
2014-06-24,2401X,PALENCIA,PALENCIA,736,"15,9","2,2","13,0",23:59,"18,8",15:32,99,"1,1","6,9",03:50,,,,,
2014-06-25,2401X,PALENCIA,PALENCIA,736,"17,4","2,8","9,1",03:49,"25,7",16:54,30,"1,1","10,3",21:50,,,,,
2014-06-26,2401X,PALENCIA,PALENCIA,736,"19,0","0,0","12,6",23:24,"25,3",15:11,36,"1,4","6,7",16:00,,,,,
2014-06-27,2401X,PALENCIA,PALENCIA,736,"19,4","0,0","10,4",02:25,"28,4",14:10,26,"4,4","11,4",14:10,,,,,
2014-06-28,2401X,PALENCIA,PALENCIA,736,"17,0","0,0","10,4",23:54,"23,6",16:36,30,"3,9","14,4",14:30,,,,,
2014-06-29,2401X,PALENCIA,PALENCIA,736,"14,6","0,0","5,9",04:42,"23,2",16:39,32,"1,9","7,5",13:40,,,,,
2014-06-30,2401X,PALENCIA,PALENCIA,736,"17,4","2,2","7,4",04:44,"27,5",16:02,26,"3,1","13,6",15:10,,,,,
2014-07-01,2401X,PALENCIA,PALENCIA,736,"18,3","0,0","12,8",23:38,"23,8",14:36,26,"3,6","10,8",12:30,,,,,
2014-07-02,2401X,PALENCIA,PALENCIA,736,"17,0","0,0","11,8",Varias,"22,3",14:54,08,"3,1","11,4",14:20,,,,,
2014-07-03,2401X,PALENCIA,PALENCIA,736,"18,4","20,4","12,3",22:26,"24,6",14:10,15,"3,1","12,5",15:10,,,,,
2014-07-04,2401X,PALENCIA,PALENCIA,736,"19,8","0,0","12,3",05:20,"27,4",17:03,28,"2,5","8,9",15:50,,,,,
2014-07-05,2401X,PALENCIA,PALENCIA,736,"21,6","0,0","13,8",05:14,"29,5",14:39,26,"3,6","11,4",15:30,,,,,
2014-07-06,2401X,PALENCIA,PALENCIA,736,"17,0","16,4","12,1",23:58,"22,0",13:48,26,"2,8","11,1",01:20,,,,,
2014-07-07,2401X,PALENCIA,PALENCIA,736,"16,8","0,0","11,3",05:22,"22,4",18:05,99,"1,4","7,2",Varias,,,,,
2014-07-08,2401X,PALENCIA,PALENCIA,736,"17,4","0,0","8,9",04:52,"25,9",17:29,04,"1,4","8,3",18:10,,,,,
2014-07-09,2401X,PALENCIA,PALENCIA,736,"15,4","0,0","10,7",05:01,"20,1",14:48,08,"3,6","12,2",09:30,,,,,
2014-07-10,2401X,PALENCIA,PALENCIA,736,"15,5","0,0","9,2",04:58,"21,8",16:27,06,"3,1","10,6",09:10,,,,,
2014-07-11,2401X,PALENCIA,PALENCIA,736,"16,4","0,0","8,4",05:20,"24,3",16:04,08,"2,5","9,4",09:20,,,,,
2014-07-12,2401X,PALENCIA,PALENCIA,736,"18,0","0,0","10,0",04:40,"25,9",17:37,32,"2,2","7,5",14:40,,,,,
2014-07-13,2401X,PALENCIA,PALENCIA,736,"20,4","0,0","10,4",04:54,"30,3",15:11,28,"2,5","8,6",14:50,,,,,
2014-07-14,2401X,PALENCIA,PALENCIA,736,"21,0","0,0","11,9",04:26,"30,1",15:36,12,"1,9","6,7",09:20,,,,,
2014-07-15,2401X,PALENCIA,PALENCIA,736,"23,4","0,0","13,1",05:01,"33,6",14:56,30,"0,8","6,1",14:10,,,,,
2014-07-16,2401X,PALENCIA,PALENCIA,736,"25,7","0,0","14,6",04:58,"36,8",16:21,99,"1,7","7,8",Varias,,,,,
2014-07-17,2401X,PALENCIA,PALENCIA,736,"26,3","0,0","16,4",05:19,"36,2",15:07,25,"3,6","12,8",14:50,,,,,
2014-07-18,2401X,PALENCIA,PALENCIA,736,"23,2","0,0","13,8",,"32,7",,26,"3,3","12,8",14:10,,,,,
2014-07-19,2401X,PALENCIA,PALENCIA,736,"17,4","16,8","12,6",Varias,"22,1",10:36,28,"2,5","15,6",16:50,,,,,
2014-07-20,2401X,PALENCIA,PALENCIA,736,"18,0","0,0","12,5",05:21,"23,6",15:36,29,"4,2","10,0",13:10,,,,,
2014-07-21,2401X,PALENCIA,PALENCIA,736,"18,6","0,0","10,1",04:45,"27,0",17:20,34,"1,7","5,6",13:20,,,,,
2014-07-22,2401X,PALENCIA,PALENCIA,736,"21,0","0,0","11,9",04:50,"30,0",16:47,35,"2,5","6,1",15:20,,,,,
2014-07-23,2401X,PALENCIA,PALENCIA,736,"22,8","0,0","13,2",,"32,4",,99,"2,2","6,7",Varias,,,,,
2014-07-24,2401X,PALENCIA,PALENCIA,736,"24,1","0,0","14,9",04:45,"33,3",15:22,07,"2,5","8,3",Varias,,,,,
2014-07-25,2401X,PALENCIA,PALENCIA,736,"24,0","0,0","16,2",,"31,9",,07,"1,9","8,6",19:00,,,,,
2014-07-26,2401X,PALENCIA,PALENCIA,736,"23,8","0,0","15,5",,"32,1",,04,"1,7","8,1",19:10,,,,,
2014-07-27,2401X,PALENCIA,PALENCIA,736,"24,1","0,0","15,5",,"32,7",,06,"1,4","6,1",20:40,,,,,
2014-07-28,2401X,PALENCIA,PALENCIA,736,,"0,0",,,,,08,"2,8","10,3",16:40,,,,,
2014-07-29,2401X,PALENCIA,PALENCIA,736,"17,8","0,0","11,9",04:40,"23,6",15:18,06,"2,8","9,7",09:10,,,,,
2014-07-30,2401X,PALENCIA,PALENCIA,736,,"0,0",,,,,08,"1,7","6,9",13:30,,,,,
2014-07-31,2401X,PALENCIA,PALENCIA,736,"21,6","0,0","11,0",04:59,"32,3",14:37,28,"1,9","9,4",15:10,,,,,
2014-08-01,2401X,PALENCIA,PALENCIA,736,"21,4","0,0","13,6",05:23,"29,3",14:52,26,"2,5","12,2",17:00,,,,,
2014-08-02,2401X,PALENCIA,PALENCIA,736,"18,6","0,0","11,7",04:51,"25,6",16:28,27,"3,3","11,9",18:30,,,,,
2014-08-03,2401X,PALENCIA,PALENCIA,736,"19,2","0,0","12,3",02:38,"26,2",14:54,32,"1,7","8,6",15:30,,,,,
2014-08-04,2401X,PALENCIA,PALENCIA,736,"21,1","0,0","14,2",03:42,"28,0",14:11,32,"1,4","6,7",17:30,,,,,
2014-08-05,2401X,PALENCIA,PALENCIA,736,"21,4","0,0","13,3",05:00,"29,5",15:04,33,"1,4","6,7",14:10,,,,,
2014-08-06,2401X,PALENCIA,PALENCIA,736,"21,6","0,0","12,7",03:38,"30,5",15:20,34,"1,9","7,8",16:10,,,,,
2014-08-07,2401X,PALENCIA,PALENCIA,736,"22,8","0,0","14,3",05:22,"31,4",15:11,27,"1,9","6,7",15:00,,,,,
2014-08-08,2401X,PALENCIA,PALENCIA,736,"22,6","0,0","15,0",05:37,"30,1",16:13,28,"3,6","10,8",14:10,,,,,
2014-08-09,2401X,PALENCIA,PALENCIA,736,"22,6","0,0","15,7",02:53,"29,6",15:10,26,"3,6","10,6",16:20,,,,,
2014-08-10,2401X,PALENCIA,PALENCIA,736,"21,8","0,0","13,6",05:31,"29,9",16:24,28,"3,9","10,6",12:20,,,,,
2014-08-11,2401X,PALENCIA,PALENCIA,736,"21,6","0,0","14,6",23:55,"28,7",16:11,33,"0,8","6,1",16:10,,,,,
2014-08-12,2401X,PALENCIA,PALENCIA,736,"19,7","1,5","11,2",05:32,"28,2",15:16,27,"3,9","13,1",21:50,,,,,
2014-08-13,2401X,PALENCIA,PALENCIA,736,"17,5","0,0","10,9",05:30,"24,1",17:16,28,"1,9","9,7",01:20,,,,,
2014-08-14,2401X,PALENCIA,PALENCIA,736,"16,4","0,0","8,1",05:27,"24,8",15:13,32,"1,1","6,1",15:10,,,,,
2014-08-15,2401X,PALENCIA,PALENCIA,736,"18,0","0,0","9,4",05:40,"26,5",15:33,06,"1,7","9,7",18:10,,,,,
2014-08-16,2401X,PALENCIA,PALENCIA,736,"17,2","0,0","10,9",05:38,"23,5",14:48,07,"2,8","9,2",08:30,,,,,
2014-08-17,2401X,PALENCIA,PALENCIA,736,"18,8","0,0","6,7",05:29,"31,0",14:48,27,"1,4","8,9",15:00,,,,,
2014-08-18,2401X,PALENCIA,PALENCIA,736,"22,0","0,0","11,6",05:46,"32,5",14:15,99,"2,8","10,6",Varias,,,,,
2014-08-19,2401X,PALENCIA,PALENCIA,736,"21,1","0,0","13,8",03:39,"28,4",15:26,33,"1,9","6,1",14:20,,,,,
2014-08-20,2401X,PALENCIA,PALENCIA,736,"19,2","0,0","11,9",05:40,"26,6",14:52,05,"1,4","7,2",18:40,,,,,
2014-08-21,2401X,PALENCIA,PALENCIA,736,"18,7","0,6","10,2",05:52,"27,2",15:54,26,"1,7","8,3",14:40,,,,,
2014-08-22,2401X,PALENCIA,PALENCIA,736,"17,6","0,4","12,9",23:59,"22,2",13:34,08,"1,7","6,9",20:20,,,,,
2014-08-23,2401X,PALENCIA,PALENCIA,736,"17,9","0,0","8,7",05:29,"27,1",16:10,33,"1,4","7,8",14:50,,,,,
2014-08-24,2401X,PALENCIA,PALENCIA,736,"19,2","0,0","8,0",05:43,"30,3",15:14,26,"2,5","10,0",13:10,,,,,
2014-08-25,2401X,PALENCIA,PALENCIA,736,"20,7","0,0","8,8",05:27,"32,6",14:30,26,"3,6","12,5",16:30,,,,,
2014-08-26,2401X,PALENCIA,PALENCIA,736,"23,0","0,0","15,9",05:33,"30,0",14:39,27,"5,0","13,1",16:00,,,,,
2014-08-27,2401X,PALENCIA,PALENCIA,736,"23,0","0,0","14,9",05:50,"31,2",14:27,27,"3,1","10,0",15:50,,,,,
2014-08-28,2401X,PALENCIA,PALENCIA,736,"21,1","0,0","11,4",05:51,"30,8",13:53,26,"3,6","12,2",13:30,,,,,
2014-08-29,2401X,PALENCIA,PALENCIA,736,"21,4","0,0","15,1",23:48,"27,8",14:23,05,"2,2","8,3",18:10,,,,,
2014-08-30,2401X,PALENCIA,PALENCIA,736,"20,9","0,0","12,9",05:33,"28,9",15:45,99,"1,9","6,1",Varias,,,,,
2014-08-31,2401X,PALENCIA,PALENCIA,736,"21,2","0,0","12,3",Varias,"30,2",15:08,07,"1,7","6,4",17:20,,,,,
2014-09-01,2401X,PALENCIA,PALENCIA,736,"21,6","0,0","10,4",05:22,"32,7",15:12,30,"1,1","6,1",13:10,,,,,
2014-09-02,2401X,PALENCIA,PALENCIA,736,"22,6","0,0","10,8",05:48,"34,3",13:55,14,"0,6","7,2",20:50,,,,,
2014-09-03,2401X,PALENCIA,PALENCIA,736,"24,3","0,0","15,8",,"32,8",,27,"1,4","8,6",20:10,,,,,
2014-09-04,2401X,PALENCIA,PALENCIA,736,"21,4","0,0","13,1",Varias,"29,8",14:19,25,"1,7","7,5",15:00,,,,,
2014-09-05,2401X,PALENCIA,PALENCIA,736,"20,9","0,0","11,5",06:04,"30,3",14:36,28,"1,9","8,6",12:20,,,,,
2014-09-06,2401X,PALENCIA,PALENCIA,736,"21,0","0,0","12,7",03:56,"29,4",12:49,24,"2,5","8,3",11:10,,,,,
2014-09-07,2401X,PALENCIA,PALENCIA,736,"19,8","1,8","13,3",05:55,"26,4",11:01,22,"2,5","13,1",11:20,,,,,
2014-09-08,2401X,PALENCIA,PALENCIA,736,"19,9","1,0","13,1",05:28,"26,7",14:28,25,"0,3","10,6",16:00,,,,,
2014-09-09,2401X,PALENCIA,PALENCIA,736,"20,4","0,0","10,4",06:04,"30,5",14:57,27,"1,7","7,5",13:40,,,,,
2014-09-10,2401X,PALENCIA,PALENCIA,736,"21,4","0,0","11,7",06:02,"31,1",14:13,26,"1,7","11,1",21:20,,,,,
2014-09-11,2401X,PALENCIA,PALENCIA,736,"20,6","0,0","13,7",06:00,"27,5",15:05,26,"1,9","11,1",00:10,,,,,
2014-09-12,2401X,PALENCIA,PALENCIA,736,"20,6","0,0","12,3",05:53,"29,0",15:23,27,"1,4","8,6",00:10,,,,,
2014-09-13,2401X,PALENCIA,PALENCIA,736,"20,4","1,4","13,0",05:41,"27,9",14:11,24,"1,1","9,2",21:00,,,,,
2014-09-14,2401X,PALENCIA,PALENCIA,736,"18,6","7,4","11,6",23:59,"25,5",15:02,28,"1,1","13,9",15:40,,,,,
2014-09-15,2401X,PALENCIA,PALENCIA,736,"17,2","0,0","11,6",00:01,"22,9",16:10,26,"1,7","10,8",02:40,,,,,
2014-09-16,2401X,PALENCIA,PALENCIA,736,"20,3","0,0","13,4",06:23,"27,2",14:07,23,"2,8","15,8",18:40,,,,,
2014-09-17,2401X,PALENCIA,PALENCIA,736,"18,2","0,6","11,8",22:52,"24,7",12:25,26,"2,2","10,8",18:40,,,,,
2014-09-18,2401X,PALENCIA,PALENCIA,736,"18,2","0,0","11,2",05:48,"25,1",14:39,25,"3,3","11,4",13:00,,,,,
2014-09-19,2401X,PALENCIA,PALENCIA,736,"17,9","19,6","12,5",04:41,"23,3",13:06,20,"1,9","9,4",14:00,,,,,
2014-09-20,2401X,PALENCIA,PALENCIA,736,"16,8","1,0","11,6",23:39,"22,1",15:12,26,"1,4","4,7",13:00,,,,,
2014-09-21,2401X,PALENCIA,PALENCIA,736,"18,0","7,4","9,5",04:54,"26,5",14:37,14,"1,4","7,2",18:20,,,,,
2014-09-22,2401X,PALENCIA,PALENCIA,736,"19,0","0,4","14,1",05:48,"24,0",14:29,02,"1,4","6,4",00:20,,,,,
2014-09-23,2401X,PALENCIA,PALENCIA,736,"16,8","0,0","12,0",23:59,"21,6",13:25,08,"0,8","6,7",17:10,,,,,
2014-09-24,2401X,PALENCIA,PALENCIA,736,"15,1","0,0","10,3",22:48,"19,9",14:23,07,"1,7","8,9",09:00,,,,,
2014-09-25,2401X,PALENCIA,PALENCIA,736,"14,2","0,0","7,0",04:22,"21,3",Varias,04,"1,7","9,7",12:00,,,,,
2014-09-26,2401X,PALENCIA,PALENCIA,736,"14,6","0,0","5,8",06:00,"23,3",15:04,02,"0,6","3,9",16:10,,,,,
2014-09-27,2401X,PALENCIA,PALENCIA,736,"15,5","3,4","5,8",06:07,"25,2",15:02,24,"1,9","13,1",18:10,,,,,
2014-09-28,2401X,PALENCIA,PALENCIA,736,"17,8","0,0","13,6",23:57,"22,1",10:57,14,"1,4","5,0",09:40,,,,,
2014-09-29,2401X,PALENCIA,PALENCIA,736,"16,1","0,0","9,9",06:21,"22,3",14:23,28,"1,1","5,0",12:40,,,,,
2014-09-30,2401X,PALENCIA,PALENCIA,736,"16,9","0,0","9,8",06:25,"24,0",15:15,34,"0,8","6,4",14:00,,,,,
2014-10-01,2401X,PALENCIA,PALENCIA,736,"17,4","0,0","10,0",04:25,"24,8",14:58,34,"1,4","5,3",15:50,,,,,
2014-10-02,2401X,PALENCIA,PALENCIA,736,"18,6","0,0","11,5",,"25,6",,33,"0,6","4,2",14:10,,,,,
2014-10-03,2401X,PALENCIA,PALENCIA,736,"17,8","0,0","9,9",04:45,"25,8",14:35,29,"0,8","6,1",14:10,,,,,
2014-10-04,2401X,PALENCIA,PALENCIA,736,"15,8","0,0","7,9",05:54,"23,6",14:23,28,"2,5","8,3",13:10,,,,,
2014-10-05,2401X,PALENCIA,PALENCIA,736,"15,2","0,0","8,6",23:59,"21,7",14:28,08,"1,4","7,2",00:50,,,,,
2014-10-06,2401X,PALENCIA,PALENCIA,736,"14,8","0,0","7,2",06:06,"22,3",13:46,28,"2,8","11,9",15:30,,,,,
2014-10-07,2401X,PALENCIA,PALENCIA,736,"16,8","0,6","13,8",05:48,"19,9",14:50,21,"3,6","11,1",23:10,,,,,
2014-10-08,2401X,PALENCIA,PALENCIA,736,"18,8","10,4","15,3",14:06,"22,2",11:27,26,"3,6","15,8",13:50,,,,,
2014-10-09,2401X,PALENCIA,PALENCIA,736,"15,2","0,2","11,5",23:35,"18,8",12:33,26,"3,1","8,9",12:40,,,,,
2014-10-10,2401X,PALENCIA,PALENCIA,736,"14,7","0,0","9,9",23:53,"19,5",13:51,28,"1,4","6,1",15:00,,,,,
2014-10-11,2401X,PALENCIA,PALENCIA,736,"15,2","13,4","9,8",,"20,7",,24,"0,8","6,7",11:30,,,,,
2014-10-12,2401X,PALENCIA,PALENCIA,736,"13,8","2,4","11,0",05:40,"16,7",14:05,21,"1,9","11,1",12:00,,,,,
2014-10-13,2401X,PALENCIA,PALENCIA,736,"13,0","4,2","9,5",23:52,"16,6",13:56,27,"1,9","11,7",14:40,,,,,
2014-10-14,2401X,PALENCIA,PALENCIA,736,"11,6","2,0","8,3",22:13,"14,8",15:28,26,"1,9","6,9",12:10,,,,,
2014-10-15,2401X,PALENCIA,PALENCIA,736,"13,2","2,4","9,1",02:16,"17,4",15:09,22,"2,5","9,7",18:30,,,,,
2014-10-16,2401X,PALENCIA,PALENCIA,736,"18,1","0,0","14,3",23:46,"21,9",12:28,22,"5,3","13,9",10:20,,,,,
2014-10-17,2401X,PALENCIA,PALENCIA,736,"17,2","0,0","11,1",06:48,"23,3",Varias,23,"2,2","9,7",12:40,,,,,
2014-10-18,2401X,PALENCIA,PALENCIA,736,"18,0","0,0","10,7",07:06,"25,2",Varias,24,"1,4","8,3",15:40,,,,,
2014-10-19,2401X,PALENCIA,PALENCIA,736,"17,4","0,0","8,5",06:57,"26,2",14:52,14,"0,3","3,3",11:20,,,,,
2014-10-20,2401X,PALENCIA,PALENCIA,736,"17,4","0,0","8,0",06:36,"26,7",14:45,15,"0,6","3,3",10:00,,,,,
2014-10-21,2401X,PALENCIA,PALENCIA,736,"17,4","0,0","8,4",05:59,"26,4",14:47,29,"2,2","8,6",15:00,,,,,
2014-10-22,2401X,PALENCIA,PALENCIA,736,"12,6","0,0","5,2",23:58,"20,0",14:51,07,"1,1","5,8",08:50,,,,,
2014-10-23,2401X,PALENCIA,PALENCIA,736,"12,8","0,0","3,0",05:18,"22,7",14:55,30,"0,8","4,4",11:00,,,,,
2014-10-24,2401X,PALENCIA,PALENCIA,736,"15,3","0,0","7,0",06:38,"23,6",14:10,32,"0,6","4,2",13:40,,,,,
2014-10-25,2401X,PALENCIA,PALENCIA,736,"16,2","0,0","6,7",06:18,"25,7",14:16,99,"0,0","2,2",Varias,,,,,
2014-10-26,2401X,PALENCIA,PALENCIA,736,"15,9","0,0","5,9",,"25,9",,15,"0,3","3,3",21:10,,,,,
2014-10-27,2401X,PALENCIA,PALENCIA,736,"15,0","0,0","5,5",06:43,"24,5",15:04,14,"0,6","2,5",09:50,,,,,
2014-10-28,2401X,PALENCIA,PALENCIA,736,"13,5","0,0","4,6",06:32,"22,4",14:37,13,"0,6","2,5",10:00,,,,,
2014-10-29,2401X,PALENCIA,PALENCIA,736,"17,1","0,0","9,2",23:56,"25,0",14:55,12,"0,6","3,3",13:50,,,,,
2014-10-30,2401X,PALENCIA,PALENCIA,736,"15,4","0,0","5,7",06:52,"25,1",14:50,99,"0,6","3,1",Varias,,,,,
2014-10-31,2401X,PALENCIA,PALENCIA,736,"15,4","0,0","5,3",06:56,"25,4",13:59,21,"0,8","5,8",13:40,,,,,
2014-11-01,2401X,PALENCIA,PALENCIA,736,"13,5","0,2","7,1",,"19,9",,28,"0,6","5,6",14:40,,,,,
2014-11-02,2401X,PALENCIA,PALENCIA,736,"13,0","0,0","7,0",22:04,"18,9",13:01,28,"1,4","8,9",16:20,,,,,
2014-11-03,2401X,PALENCIA,PALENCIA,736,"10,8","13,0","8,0",,"13,6",,22,"5,0","16,7",19:00,,,,,
2014-11-04,2401X,PALENCIA,PALENCIA,736,"6,6","0,0","2,6",,"10,5",,28,"5,0","11,1",15:50,,,,,
2014-11-05,2401X,PALENCIA,PALENCIA,736,"7,2","0,2","2,3",00:56,"12,1",13:30,31,"3,6","9,7",11:40,,,,,
2014-11-06,2401X,PALENCIA,PALENCIA,736,"5,9","1,6","0,5",02:03,"11,3",15:09,21,"1,4","8,9",22:00,,,,,
2014-11-07,2401X,PALENCIA,PALENCIA,736,"9,0","0,0","3,9",,"14,0",,28,"3,9","12,5",11:50,,,,,
2014-11-08,2401X,PALENCIA,PALENCIA,736,"7,2","3,8","2,3",,"12,0",,20,"3,3","12,2",17:00,,,,,
2014-11-09,2401X,PALENCIA,PALENCIA,736,"6,6","0,0","2,6",06:51,"10,7",12:54,27,"2,8","10,6",02:50,,,,,
2014-11-10,2401X,PALENCIA,PALENCIA,736,"4,4","6,4","-1,3",05:55,"10,1",13:44,22,"1,7","5,8",14:40,,,,,
2014-11-11,2401X,PALENCIA,PALENCIA,736,"9,7","0,8","6,8",00:01,"12,6",13:44,26,"3,9","11,7",17:10,,,,,
2014-11-12,2401X,PALENCIA,PALENCIA,736,"9,8","1,4","6,7",03:01,"12,8",12:54,26,"4,7","11,1",13:00,,,,,
2014-11-13,2401X,PALENCIA,PALENCIA,736,"12,1","9,4","9,0",00:01,"15,2",11:12,22,"3,6","12,2",11:40,,,,,
2014-11-14,2401X,PALENCIA,PALENCIA,736,"9,4","0,2","6,3",,"12,6",,,"3,9",,,,,,,
2014-11-15,2401X,PALENCIA,PALENCIA,736,"7,2","1,2","4,9",06:38,"9,4",10:53,26,"5,6","15,3",14:00,,,,,
2014-11-16,2401X,PALENCIA,PALENCIA,736,"8,4","2,8","5,3",02:37,"11,5",13:31,25,"7,5","15,6",14:40,,,,,
2014-11-17,2401X,PALENCIA,PALENCIA,736,"6,3","0,0","1,4",23:55,"11,2",12:39,25,"4,4","14,4",00:30,,,,,
2014-11-18,2401X,PALENCIA,PALENCIA,736,"5,5","0,0","0,7",02:34,"10,3",14:11,21,"1,1","4,7",12:10,,,,,
2014-11-19,2401X,PALENCIA,PALENCIA,736,"8,3","0,2","5,3",00:14,"11,3",14:12,31,"0,8","4,7",15:50,,,,,
2014-11-20,2401X,PALENCIA,PALENCIA,736,"12,8","0,0","5,9",04:10,"19,6",14:13,07,"1,1","5,3",14:30,,,,,
2014-11-21,2401X,PALENCIA,PALENCIA,736,"10,8","0,2","3,5",06:38,"18,1",14:26,14,"0,6","3,6",10:20,,,,,
2014-11-22,2401X,PALENCIA,PALENCIA,736,"13,6","0,0","7,2",07:54,"20,1",14:48,99,"1,1","3,6",Varias,,,,,
2014-11-23,2401X,PALENCIA,PALENCIA,736,"11,0","1,8","8,3",20:16,"13,8",15:23,15,"1,1","6,4",10:20,,,,,
2014-11-24,2401X,PALENCIA,PALENCIA,736,"11,6","0,0","6,8",05:22,"16,4",12:53,05,"0,8","6,1",10:40,,,,,
2014-11-25,2401X,PALENCIA,PALENCIA,736,"8,0","2,2","3,4",08:01,"12,7",13:12,17,"3,1","12,2",13:10,,,,,
2014-11-26,2401X,PALENCIA,PALENCIA,736,"7,6","0,0","3,4",23:59,"11,7",12:54,16,"0,6","8,3",00:50,,,,,
2014-11-27,2401X,PALENCIA,PALENCIA,736,"6,8","2,2","1,0",02:38,"12,7",13:12,17,"2,8","12,2",13:10,,,,,
2014-11-28,2401X,PALENCIA,PALENCIA,736,"9,2","1,2","6,2",,"12,3",,,"3,3",,,,,,,
2014-11-29,2401X,PALENCIA,PALENCIA,736,"8,6","9,2","6,5",04:34,"10,7",15:10,06,"2,5","10,3",13:30,,,,,
2014-11-30,2401X,PALENCIA,PALENCIA,736,"12,0","2,0","9,7",23:44,"14,4",13:45,05,"3,1","11,1",13:30,,,,,
2014-12-01,2401X,PALENCIA,PALENCIA,736,"9,0","0,0","3,8",07:59,"14,1",14:16,07,"1,7","8,1",00:20,,,,,
2014-12-02,2401X,PALENCIA,PALENCIA,736,"7,1","0,0","3,0",07:36,"11,2",Varias,30,"0,8","8,3",00:50,,,,,
2014-12-03,2401X,PALENCIA,PALENCIA,736,"5,9","0,0","3,8",21:58,"8,0",14:04,99,"1,7","7,5",Varias,,,,,
2014-12-04,2401X,PALENCIA,PALENCIA,736,"5,4","0,0","2,8",23:56,"8,1",14:56,28,"1,1","8,1",20:10,,,,,
2014-12-05,2401X,PALENCIA,PALENCIA,736,"4,1","0,0","-1,3",04:51,"9,5",14:41,99,"0,8","4,2",12:30,,,,,
2014-12-06,2401X,PALENCIA,PALENCIA,736,"2,7","0,0","-3,2",06:22,"8,6",12:58,30,"2,2","9,2",15:10,,,,,
2014-12-07,2401X,PALENCIA,PALENCIA,736,"4,6","0,0","0,1",Varias,"9,2",14:49,27,"1,1","5,3",10:40,,,,,
2014-12-08,2401X,PALENCIA,PALENCIA,736,"3,4","0,0","-3,5",07:56,"10,4",14:12,28,"2,2","8,1",14:20,,,,,
2014-12-09,2401X,PALENCIA,PALENCIA,736,"3,6","0,0","-1,7",23:30,"9,0",Varias,01,"0,8","7,5",13:40,,,,,
2014-12-10,2401X,PALENCIA,PALENCIA,736,"3,0","0,0","-3,4",03:21,"9,4",14:33,28,"1,4","5,6",12:00,,,,,
2014-12-11,2401X,PALENCIA,PALENCIA,736,"0,4","0,0","-2,8",03:37,"3,5",15:37,14,"0,8","3,1",05:10,,,,,
2014-12-12,2401X,PALENCIA,PALENCIA,736,"3,2","0,2","-0,3",Varias,"6,6",15:18,27,"2,5","7,5",12:20,,,,,
2014-12-13,2401X,PALENCIA,PALENCIA,736,"7,2","4,0","4,0",00:00,"10,3",14:10,20,"1,9","7,8",01:30,,,,,
2014-12-14,2401X,PALENCIA,PALENCIA,736,"6,7","1,4","5,3",03:52,"8,1",14:11,03,"1,4","8,1",19:40,,,,,
2014-12-15,2401X,PALENCIA,PALENCIA,736,"5,4","1,0","2,6",08:05,"8,3",13:47,06,"2,5","8,3",06:50,,,,,
2014-12-16,2401X,PALENCIA,PALENCIA,736,"6,8","0,0","1,0",23:54,"12,5",Varias,27,"1,4","6,1",00:40,,,,,
2014-12-17,2401X,PALENCIA,PALENCIA,736,"5,4","0,0","-0,4",07:33,"11,1",14:41,11,"1,4","3,6",07:50,,,,,
2014-12-18,2401X,PALENCIA,PALENCIA,736,"5,3","0,0","2,0",19:29,"8,6",14:35,30,"0,8","3,3",13:10,,,,,
2014-12-19,2401X,PALENCIA,PALENCIA,736,"3,4","0,2","2,0",23:56,"4,7",Varias,27,"0,8","3,9",13:40,,,,,
2014-12-20,2401X,PALENCIA,PALENCIA,736,"2,7","0,0","1,3",01:45,"4,1",Varias,99,"0,8","3,3",17:50,,,,,
2014-12-21,2401X,PALENCIA,PALENCIA,736,"6,7","0,0","1,8",02:35,"11,6",14:42,33,"1,7","5,0",12:50,,,,,
2014-12-22,2401X,PALENCIA,PALENCIA,736,"2,9","0,0","-0,8",23:58,"6,6",14:45,13,"0,8","3,9",05:20,,,,,
2014-12-23,2401X,PALENCIA,PALENCIA,736,"-0,2","0,0","-3,2",05:44,"2,7",14:32,99,"0,6","3,3",14:40,,,,,
2014-12-24,2401X,PALENCIA,PALENCIA,736,"0,7","0,0","-1,8",Varias,"3,2",15:20,34,"0,0","3,9",15:30,,,,,
2014-12-25,2401X,PALENCIA,PALENCIA,736,"1,6","0,0","-1,8",00:01,"5,1",15:12,34,"0,3","3,6",15:40,,,,,
2014-12-26,2401X,PALENCIA,PALENCIA,736,"4,2","0,0","2,2",03:36,"6,2",14:11,28,"1,7","5,3",13:20,,,,,
2014-12-27,2401X,PALENCIA,PALENCIA,736,"4,5","0,0","1,2",07:18,"7,8",14:50,26,"5,0","13,9",19:00,,,,,
2014-12-28,2401X,PALENCIA,PALENCIA,736,"3,2","0,0","-0,9",23:47,"7,4",10:36,27,"2,5","17,8",03:10,,,,,
2014-12-29,2401X,PALENCIA,PALENCIA,736,"1,0","0,0","-3,0",23:04,"5,1",14:43,34,"1,9","6,9",04:50,,,,,
2014-12-30,2401X,PALENCIA,PALENCIA,736,"0,2","0,0","-6,4",07:35,"6,8",14:43,04,"1,1","6,7",11:10,,,,,
2014-12-31,2401X,PALENCIA,PALENCIA,736,"0,4","0,0","-7,7",07:29,"8,4",14:43,99,"0,6","3,3",11:50,,,,,
2015-01-01,2401X,PALENCIA,PALENCIA,736,"1,8","0,0","-6,6",06:14,"10,1",15:01,34,"0,6","3,9",14:50,,,,,
2015-01-02,2401X,PALENCIA,PALENCIA,736,"1,2","0,0","-6,1",06:47,"8,5",15:12,35,"0,8","4,4",12:30,,,,,
2015-01-03,2401X,PALENCIA,PALENCIA,736,"3,6","0,0","-5,1",07:28,"12,3",15:02,14,"0,6","3,6",09:30,,,,,
2015-01-04,2401X,PALENCIA,PALENCIA,736,"3,8","0,0","-5,0",06:55,"12,5",15:00,04,"0,8","4,4",15:00,,,,,
2015-01-05,2401X,PALENCIA,PALENCIA,736,"1,7","0,0","-1,6",07:55,"5,0",14:26,99,"0,6","2,8",Varias,,,,,
2015-01-06,2401X,PALENCIA,PALENCIA,736,"-0,8","0,0","-2,5",03:34,"0,8",21:12,14,"1,1","3,1",23:50,,,,,
2015-01-07,2401X,PALENCIA,PALENCIA,736,"0,8","0,0","-0,1",Varias,"1,6",Varias,34,"0,6","3,3",10:30,,,,,
2015-01-08,2401X,PALENCIA,PALENCIA,736,"0,0","0,0","-1,6",07:41,"1,7",15:43,14,"1,7","6,1",13:00,,,,,
2015-01-09,2401X,PALENCIA,PALENCIA,736,"0,6","0,0","-2,2",Varias,"3,4",15:10,34,"1,1","4,2",15:30,,,,,
2015-01-10,2401X,PALENCIA,PALENCIA,736,"-0,6","0,0","-2,8",Varias,"1,5",15:45,33,"0,3","3,3",00:20,,,,,
2015-01-11,2401X,PALENCIA,PALENCIA,736,"3,8","0,0","-1,6",Varias,"9,1",14:57,02,"0,3","5,3",15:30,,,,,
2015-01-12,2401X,PALENCIA,PALENCIA,736,"-0,5","0,0","-3,7",01:51,"2,7",Varias,34,"0,8","3,3",13:30,,,,,
2015-01-13,2401X,PALENCIA,PALENCIA,736,"3,0","0,2","-3,1",07:44,"9,0",13:33,26,"2,8","11,4",13:10,,,,,
2015-01-14,2401X,PALENCIA,PALENCIA,736,"5,2","0,0","1,1",23:56,"9,2",14:22,28,"2,8","8,1",05:20,,,,,
2015-01-15,2401X,PALENCIA,PALENCIA,736,"5,0","5,8","1,3",00:05,"8,8",15:06,25,"4,7","12,8",20:20,,,,,
2015-01-16,2401X,PALENCIA,PALENCIA,736,"2,4","0,0","-2,1",23:59,"6,8",14:35,28,"6,4","14,2",10:00,,,,,
2015-01-17,2401X,PALENCIA,PALENCIA,736,"1,4","0,0","-4,3",06:49,"7,2",15:10,28,"2,5","7,5",03:10,,,,,
2015-01-18,2401X,PALENCIA,PALENCIA,736,"2,0","2,8","-0,1",00:01,"4,1",15:10,22,"1,7","5,3",11:50,,,,,
2015-01-19,2401X,PALENCIA,PALENCIA,736,"2,2","0,4","-1,1",22:52,"5,5",Varias,33,"2,2","6,4",15:00,,,,,
2015-01-20,2401X,PALENCIA,PALENCIA,736,"0,4","0,0","-1,8",20:34,"2,7",15:39,29,"2,2","6,9",21:20,,,,,
2015-01-21,2401X,PALENCIA,PALENCIA,736,"2,4","0,0","-1,3",06:58,"6,2",14:50,27,"4,4","12,5",11:10,,,,,
2015-01-22,2401X,PALENCIA,PALENCIA,736,"1,8","0,0","-3,3",23:57,"6,8",15:22,28,"3,1","10,8",06:10,,,,,
2015-01-23,2401X,PALENCIA,PALENCIA,736,"0,8","0,0","-6,2",07:00,"7,7",15:13,99,"1,1","4,2",Varias,,,,,
2015-01-24,2401X,PALENCIA,PALENCIA,736,"0,6","0,0","-6,4",06:20,"7,6",15:17,36,"0,8","4,2",12:40,,,,,
2015-01-25,2401X,PALENCIA,PALENCIA,736,"1,8","0,0","-4,1",05:43,"7,6",14:22,07,"1,9","6,7",Varias,,,,,
2015-01-26,2401X,PALENCIA,PALENCIA,736,"1,0","0,0","-5,7",07:31,"7,7",14:46,30,"1,1","4,2",13:10,,,,,
2015-01-27,2401X,PALENCIA,PALENCIA,736,"2,6","0,0","-4,5",06:21,"9,7",14:48,27,"1,1","4,4",15:20,,,,,
2015-01-28,2401X,PALENCIA,PALENCIA,736,"2,9","0,0","-3,0",03:59,"8,8",14:34,27,"1,4","5,8",13:00,,,,,
2015-01-29,2401X,PALENCIA,PALENCIA,736,"5,2","0,4","1,0",05:18,"9,3",14:17,26,"6,9","18,6",19:30,,,,,
2015-01-30,2401X,PALENCIA,PALENCIA,736,"9,8","11,0","7,1",05:55,"12,4",11:17,28,"7,2","18,9",21:50,,,,,
2015-01-31,2401X,PALENCIA,PALENCIA,736,"3,8","0,0","-0,2",23:58,"7,8",00:01,29,"6,9","16,4",02:10,,,,,
2015-02-01,2401X,PALENCIA,PALENCIA,736,"2,3","0,2","-1,3",Varias,"5,9",12:54,29,"6,1","12,2",03:40,,,,,
2015-02-02,2401X,PALENCIA,PALENCIA,736,"3,8","2,8","1,0",06:05,"6,7",15:43,26,"5,6","14,7",13:20,,,,,
2015-02-03,2401X,PALENCIA,PALENCIA,736,"3,6","1,0","-0,2",23:55,"7,4",14:41,26,"4,7","17,5",15:10,,,,,
2015-02-04,2401X,PALENCIA,PALENCIA,736,"0,3","0,2","-2,1",04:14,"2,7",13:37,36,"3,3","11,4",13:50,,,,,
2015-02-05,2401X,PALENCIA,PALENCIA,736,"0,8","0,2","-2,8",05:49,"4,4",13:47,31,"2,2","8,9",02:50,,,,,
2015-02-06,2401X,PALENCIA,PALENCIA,736,"-0,1","0,6","-2,3",08:02,"2,1",13:10,28,"1,4","8,9",01:10,,,,,
2015-02-07,2401X,PALENCIA,PALENCIA,736,"0,8","0,4","-0,5",07:48,"2,0",13:39,08,"2,2","8,6",22:10,,,,,
2015-02-08,2401X,PALENCIA,PALENCIA,736,"1,4","0,0","-1,1",02:27,"4,0",12:56,06,"3,1","12,5",15:10,,,,,
2015-02-09,2401X,PALENCIA,PALENCIA,736,"2,0","0,0","-4,0",23:52,"8,0",14:47,07,"2,5","13,3",01:50,,,,,
2015-02-10,2401X,PALENCIA,PALENCIA,736,"2,1","0,0","-6,4",06:30,"10,6",14:16,12,"1,7","6,1",13:20,,,,,
2015-02-11,2401X,PALENCIA,PALENCIA,736,"2,6","0,0","-3,1",03:06,"8,3",15:00,14,"0,6","5,6",15:50,,,,,
2015-02-12,2401X,PALENCIA,PALENCIA,736,"5,6","0,0","-0,2",05:42,"11,4",12:48,27,"1,7","7,8",15:10,,,,,
2015-02-13,2401X,PALENCIA,PALENCIA,736,"5,8","0,0","0,4",07:25,"11,1",14:56,24,"5,0","14,7",15:10,,,,,
2015-02-14,2401X,PALENCIA,PALENCIA,736,"5,6","0,6","3,4",04:22,"7,8",14:12,25,"7,8","15,0",10:50,,,,,
2015-02-15,2401X,PALENCIA,PALENCIA,736,"8,9","0,0","3,4",23:54,"14,4",13:50,27,"6,4","13,1",05:30,,,,,
2015-02-16,2401X,PALENCIA,PALENCIA,736,"6,4","0,6","2,2",07:09,"10,6",14:34,02,"2,8","10,3",23:30,,,,,
2015-02-17,2401X,PALENCIA,PALENCIA,736,"3,8","0,0","0,2",03:59,"7,3",13:35,04,"3,6","13,3",14:50,,,,,
2015-02-18,2401X,PALENCIA,PALENCIA,736,"2,8","0,0","-2,7",23:56,"8,3",14:13,07,"2,5","10,6",10:30,,,,,
2015-02-19,2401X,PALENCIA,PALENCIA,736,"3,2","0,0","-5,9",06:47,"12,2",15:10,33,"1,7","4,7",12:40,,,,,
2015-02-20,2401X,PALENCIA,PALENCIA,736,"3,2","5,8","-1,3",Varias,"7,7",13:36,26,"4,2","10,6",23:50,,,,,
2015-02-21,2401X,PALENCIA,PALENCIA,736,"5,8","0,0","1,5",21:50,"10,2",14:10,35,"4,4","13,6",15:20,,,,,
2015-02-22,2401X,PALENCIA,PALENCIA,736,"5,9","0,0","-0,5",07:16,"12,3",Varias,28,"2,8","11,4",00:50,,,,,
2015-02-23,2401X,PALENCIA,PALENCIA,736,"7,8",,"1,6",23:33,"13,9",14:18,27,"6,7","19,7",16:00,,,,,
2015-02-24,2401X,PALENCIA,PALENCIA,736,"4,6","0,0","0,6",01:52,"8,7",13:21,30,"6,1","14,4",14:40,,,,,
2015-02-25,2401X,PALENCIA,PALENCIA,736,"8,2","0,8","2,3",Varias,"14,1",14:10,27,"5,8","13,6",04:20,,,,,
2015-02-26,2401X,PALENCIA,PALENCIA,736,"10,0","0,2","4,7",04:16,"15,3",15:03,30,"3,9","10,8",17:00,,,,,
2015-02-27,2401X,PALENCIA,PALENCIA,736,"5,5","0,0","-1,0",07:08,"12,0",15:19,27,"1,1","8,9",00:30,,,,,
2015-02-28,2401X,PALENCIA,PALENCIA,736,"7,0","0,0","-1,4",05:24,"15,5",15:06,26,"4,7","11,1",21:00,,,,,
2015-03-01,2401X,PALENCIA,PALENCIA,736,"12,8","0,0","8,4",00:33,"17,3",13:25,26,"5,6","12,8",03:00,,,,,
2015-03-02,2401X,PALENCIA,PALENCIA,736,"14,7","0,0","10,2",04:41,"19,2",14:37,27,"5,6","12,8",11:10,,,,,
2015-03-03,2401X,PALENCIA,PALENCIA,736,"13,6","0,0","9,0",23:58,"18,2",14:20,26,"2,5","9,7",20:00,,,,,
2015-03-04,2401X,PALENCIA,PALENCIA,736,"6,1","0,0","1,1",23:40,"11,1",12:13,08,"2,8","10,3",15:00,,,,,
2015-03-05,2401X,PALENCIA,PALENCIA,736,"5,1","0,0","-0,5",02:39,"10,7",14:32,99,"2,8","9,7",Varias,,,,,
2015-03-06,2401X,PALENCIA,PALENCIA,736,"8,3","0,0","-3,0",07:07,"19,6",15:39,04,"1,1","4,2",00:30,,,,,
2015-03-07,2401X,PALENCIA,PALENCIA,736,"9,0","0,0","-3,3",06:34,"21,4",14:39,31,"1,4","3,6",16:30,,,,,
2015-03-08,2401X,PALENCIA,PALENCIA,736,"9,8","0,0","-1,2",07:15,"20,8",14:10,06,"1,7","7,8",14:40,,,,,
2015-03-09,2401X,PALENCIA,PALENCIA,736,"8,8","0,0","-2,2",07:00,"19,7",15:38,34,"1,7","4,4",04:40,,,,,
2015-03-10,2401X,PALENCIA,PALENCIA,736,"9,6","0,0","-2,6",06:50,"21,7",15:10,28,"1,4","6,1",15:30,,,,,
2015-03-11,2401X,PALENCIA,PALENCIA,736,"10,6","0,0","-0,3",07:04,"21,4",14:43,27,"1,9","5,8",12:50,,,,,
2015-03-12,2401X,PALENCIA,PALENCIA,736,"9,7","0,0","-1,2",06:47,"20,6",14:39,26,"2,2","9,2",20:20,,,,,
2015-03-13,2401X,PALENCIA,PALENCIA,736,"8,2","0,0","1,6",23:57,"14,8",15:45,08,"2,5","9,4",10:40,,,,,
2015-03-14,2401X,PALENCIA,PALENCIA,736,"2,9","0,0","-5,7",06:38,"11,5",15:44,03,"1,9","8,3",15:10,,,,,
2015-03-15,2401X,PALENCIA,PALENCIA,736,"2,1","0,0","-2,7",01:34,"6,9",12:16,29,"0,8","4,7",12:10,,,,,
2015-03-16,2401X,PALENCIA,PALENCIA,736,"2,8","0,0","-5,4",06:45,"11,0",14:27,31,"0,8","5,3",15:20,,,,,
2015-03-17,2401X,PALENCIA,PALENCIA,736,"4,2","0,0","-3,5",02:30,"12,0",10:23,14,"1,4","6,9",12:20,,,,,
2015-03-18,2401X,PALENCIA,PALENCIA,736,"7,6","0,6","4,9",06:56,"10,2",12:03,99,"1,7","8,9",13:40,,,,,
2015-03-19,2401X,PALENCIA,PALENCIA,736,"8,6","0,2","5,9",Varias,"11,4",13:11,08,"2,2","9,4",12:20,,,,,
2015-03-20,2401X,PALENCIA,PALENCIA,736,"7,6","0,4","3,2",23:53,"12,0",10:59,06,"4,4","15,3",09:50,,,,,
2015-03-21,2401X,PALENCIA,PALENCIA,736,"6,0","0,6","2,7",01:56,"9,4",15:32,07,"3,3","10,6",Varias,,,,,
2015-03-22,2401X,PALENCIA,PALENCIA,736,"5,3","1,0","2,6",22:43,"8,0",12:13,36,"3,3","11,1",09:00,,,,,
2015-03-23,2401X,PALENCIA,PALENCIA,736,"2,8","5,8","1,5",07:47,"4,2",14:22,04,"2,2","9,7",23:59,,,,,
2015-03-24,2401X,PALENCIA,PALENCIA,736,"4,0","0,0","-1,2",23:58,"9,3",12:12,04,"3,3","11,9",10:20,,,,,
2015-03-25,2401X,PALENCIA,PALENCIA,736,"2,0","0,0","-5,1",,"9,0",,,"2,2",,,,,,,
2015-03-26,2401X,PALENCIA,PALENCIA,736,"6,5","0,0","-2,5",00:23,"15,5",14:25,26,"4,2","10,0",13:20,,,,,
2015-03-27,2401X,PALENCIA,PALENCIA,736,"13,2","0,0","5,2",23:59,"21,1",15:28,34,"2,8","8,9",12:40,,,,,
2015-03-28,2401X,PALENCIA,PALENCIA,736,"11,1","0,0","0,6",05:15,"21,6",15:12,28,"1,7","10,3",18:50,,,,,
2015-03-29,2401X,PALENCIA,PALENCIA,736,"12,2","0,0","3,2",02:20,"21,3",15:17,25,"3,3","8,3",16:40,,,,,
2015-03-30,2401X,PALENCIA,PALENCIA,736,"15,2","0,0","6,3",05:27,"24,1",15:00,28,"2,8","9,2",10:30,,,,,
2015-03-31,2401X,PALENCIA,PALENCIA,736,"14,0","0,0","3,7",06:16,"24,4",15:51,04,"1,9","7,2",18:40,,,,,
2015-04-01,2401X,PALENCIA,PALENCIA,736,"9,2","0,0","1,8",,"16,5",,,,,,,,,,
2015-04-02,2401X,PALENCIA,PALENCIA,736,"11,2","0,0","-0,1",03:38,"22,4",15:26,34,"1,7","5,8",14:30,,,,,
2015-04-03,2401X,PALENCIA,PALENCIA,736,"11,9","0,0","1,4",,"22,4",,,,,,,,,,
2015-04-04,2401X,PALENCIA,PALENCIA,736,"8,6","0,0","1,9",02:58,"15,3",Varias,08,"3,3","9,2",09:10,,,,,
2015-04-05,2401X,PALENCIA,PALENCIA,736,"10,0","0,0","1,6",05:01,"18,3",15:14,99,"2,2","8,1",Varias,,,,,
2015-04-06,2401X,PALENCIA,PALENCIA,736,"11,8","0,0","2,0",05:32,"21,7",14:45,08,"1,9","7,8",16:10,,,,,
2015-04-07,2401X,PALENCIA,PALENCIA,736,"11,9","0,0","2,1",05:55,"21,7",14:31,13,"2,5","11,1",15:00,,,,,
2015-04-08,2401X,PALENCIA,PALENCIA,736,"11,2","0,0","2,1",06:10,"20,3",15:11,14,"3,1","8,1",15:00,,,,,
2015-04-09,2401X,PALENCIA,PALENCIA,736,"9,4","3,8","3,4",03:39,"15,3",11:15,24,"1,9","6,7",12:40,,,,,
2015-04-10,2401X,PALENCIA,PALENCIA,736,"12,0","4,4","7,4",02:41,"16,5",16:22,31,"2,2","7,5",18:40,,,,,
2015-04-11,2401X,PALENCIA,PALENCIA,736,"12,1","0,2","6,2",02:11,"18,0",15:55,30,"0,8","5,6",13:20,,,,,
2015-04-12,2401X,PALENCIA,PALENCIA,736,"12,2","0,0","2,2",05:21,"22,1",15:05,14,"1,7","11,1",18:20,,,,,
2015-04-13,2401X,PALENCIA,PALENCIA,736,"14,8","0,0","4,8",Varias,"24,7",14:13,12,"2,5","13,3",14:50,,,,,
2015-04-14,2401X,PALENCIA,PALENCIA,736,"15,6","0,2","7,6",04:50,"23,6",15:11,14,"3,6","12,5",12:50,,,,,
2015-04-15,2401X,PALENCIA,PALENCIA,736,"12,9","1,0","8,6",21:34,"17,2",15:24,36,"1,4","6,4",15:30,,,,,
2015-04-16,2401X,PALENCIA,PALENCIA,736,"13,4","3,0","9,2",00:01,"17,7",12:55,25,"3,3","13,3",13:50,,,,,
2015-04-17,2401X,PALENCIA,PALENCIA,736,"12,1","0,2","6,2",23:48,"18,0",14:35,26,"1,4","7,5",00:30,,,,,
2015-04-18,2401X,PALENCIA,PALENCIA,736,"10,2","1,0","3,5",23:58,"16,9",13:52,25,"3,6","11,9",15:50,,,,,
2015-04-19,2401X,PALENCIA,PALENCIA,736,"9,2","0,0","2,0",01:27,"16,4",16:16,28,"2,5","8,3",10:40,,,,,
2015-04-20,2401X,PALENCIA,PALENCIA,736,"10,5","0,0","0,3",05:40,"20,7",15:17,13,"1,4","7,8",11:50,,,,,
2015-04-21,2401X,PALENCIA,PALENCIA,736,"13,6","0,0","4,0",05:38,"23,1",15:03,13,"2,2","8,9",12:20,,,,,
2015-04-22,2401X,PALENCIA,PALENCIA,736,"11,8","7,2","5,1",04:25,"18,4",15:05,14,"1,9","13,3",15:30,,,,,
2015-04-23,2401X,PALENCIA,PALENCIA,736,"12,3","0,0","4,2",04:25,"20,4",16:05,22,"1,7","7,2",11:10,,,,,
2015-04-24,2401X,PALENCIA,PALENCIA,736,"13,2","0,4","7,1",04:37,"19,4",13:33,28,"3,1","8,9",14:50,,,,,
2015-04-25,2401X,PALENCIA,PALENCIA,736,"12,4","9,6","7,8",05:33,"17,0",12:11,22,"1,9","8,9",19:00,,,,,
2015-04-26,2401X,PALENCIA,PALENCIA,736,"11,0","3,2","6,9",23:58,"15,2",15:19,29,"1,9","10,8",18:30,,,,,
2015-04-27,2401X,PALENCIA,PALENCIA,736,"11,4","2,0","5,9",04:56,"16,9",14:03,27,"3,1","9,4",09:20,,,,,
2015-04-28,2401X,PALENCIA,PALENCIA,736,"9,0","0,4","3,1",05:23,"15,0",14:17,08,"1,1","5,8",08:10,,,,,
2015-04-29,2401X,PALENCIA,PALENCIA,736,"13,0","0,0","7,7",04:45,"18,2",Varias,26,"1,9","8,9",23:00,,,,,
2015-04-30,2401X,PALENCIA,PALENCIA,736,"13,4","0,8","6,7",05:01,"20,2",15:51,25,"4,2","10,0",17:50,,,,,
2015-05-01,2401X,PALENCIA,PALENCIA,736,"14,5","1,4","12,3",Varias,"16,7",16:41,24,"3,6","11,7",10:50,,,,,
2015-05-02,2401X,PALENCIA,PALENCIA,736,"19,3","0,2","14,1",Varias,"24,5",15:07,25,"3,3","10,8",14:30,,,,,
2015-05-03,2401X,PALENCIA,PALENCIA,736,"16,6","3,6","13,8",23:55,"19,3",10:10,26,"2,5","11,7",10:10,,,,,
2015-05-04,2401X,PALENCIA,PALENCIA,736,"16,1","3,6","12,0",23:30,"20,2",16:59,21,"5,3","17,5",18:30,,,,,
2015-05-05,2401X,PALENCIA,PALENCIA,736,"12,6","0,0","8,0",05:22,"17,1",13:52,24,"4,7","11,7",00:30,,,,,
2015-05-06,2401X,PALENCIA,PALENCIA,736,"11,4","0,0","3,7",05:19,"19,1",16:11,29,"1,4","8,3",00:10,,,,,
2015-05-07,2401X,PALENCIA,PALENCIA,736,"16,0","0,0","5,2",05:53,"26,9",14:31,21,"3,6","10,6",15:40,,,,,
2015-05-08,2401X,PALENCIA,PALENCIA,736,"16,0","0,0","9,8",Varias,"22,3",15:15,26,"4,4","13,6",00:40,,,,,
2015-05-09,2401X,PALENCIA,PALENCIA,736,"16,1","0,0","6,4",05:07,"25,8",15:11,28,"1,1","5,8",09:50,,,,,
2015-05-10,2401X,PALENCIA,PALENCIA,736,"19,4","0,0","8,5",05:15,"30,2",15:44,25,"1,7","7,8",12:10,,,,,
2015-05-11,2401X,PALENCIA,PALENCIA,736,"21,0","0,0","9,7",05:19,"32,3",14:36,24,"1,9","7,5",13:50,,,,,
2015-05-12,2401X,PALENCIA,PALENCIA,736,"22,2","0,0","11,3",05:16,"33,1",15:36,31,"2,5","8,6",11:00,,,,,
2015-05-13,2401X,PALENCIA,PALENCIA,736,"24,2","0,0","15,2",05:19,"33,2",12:12,27,"3,6","12,2",14:30,,,,,
2015-05-14,2401X,PALENCIA,PALENCIA,736,"13,5","0,0","4,8",23:56,"22,2",11:01,28,"5,3","10,6",08:10,,,,,
2015-05-15,2401X,PALENCIA,PALENCIA,736,"12,4","0,0","2,8",04:53,"21,9",16:45,13,"1,9","9,4",17:30,,,,,
2015-05-16,2401X,PALENCIA,PALENCIA,736,"12,8","0,0","3,8",03:55,"21,8",14:31,04,"3,1","10,6",11:40,,,,,
2015-05-17,2401X,PALENCIA,PALENCIA,736,"17,5","0,0","10,6",Varias,"24,4",14:53,08,"3,3","9,4",04:50,,,,,
2015-05-18,2401X,PALENCIA,PALENCIA,736,"17,3","0,0","4,8",04:03,"29,8",14:39,35,"1,9","11,7",19:30,,,,,
2015-05-19,2401X,PALENCIA,PALENCIA,736,"10,1","0,0","3,8",23:59,"16,4",14:15,07,"3,3","10,8",10:10,,,,,
2015-05-20,2401X,PALENCIA,PALENCIA,736,"9,2","0,0","0,5",Varias,"18,0",13:15,06,"1,1","6,7",19:00,,,,,
2015-05-21,2401X,PALENCIA,PALENCIA,736,"8,6","0,0","1,0",05:03,"16,1",14:44,06,"3,1","10,3",14:10,,,,,
2015-05-22,2401X,PALENCIA,PALENCIA,736,"11,2","0,0","5,4",00:51,"16,9",13:21,05,"3,1","10,8",12:00,,,,,
2015-05-23,2401X,PALENCIA,PALENCIA,736,"12,1","0,0","4,3",04:04,"19,9",15:38,07,"3,3","10,3",16:30,,,,,
2015-05-24,2401X,PALENCIA,PALENCIA,736,"14,0","0,0","8,3",Varias,"19,8",13:47,06,"3,6","10,8",14:50,,,,,
2015-05-25,2401X,PALENCIA,PALENCIA,736,"15,8","0,0","8,5",04:56,"23,0",14:32,06,"2,5","9,4",15:30,,,,,
2015-05-26,2401X,PALENCIA,PALENCIA,736,"12,9","0,0","4,6",04:38,"21,2",14:27,07,"3,3","10,3",13:10,,,,,
2015-05-27,2401X,PALENCIA,PALENCIA,736,"16,1","0,0","8,3",04:56,"23,9",15:00,06,"3,1","8,1",09:50,,,,,
2015-05-28,2401X,PALENCIA,PALENCIA,736,"16,9","0,0","5,3",04:45,"28,5",16:04,33,"1,7","6,1",15:00,,,,,
2015-05-29,2401X,PALENCIA,PALENCIA,736,"16,9","0,0","9,6",04:04,"24,2",15:11,05,"2,8","9,4",17:10,,,,,
2015-05-30,2401X,PALENCIA,PALENCIA,736,"16,9","0,0","6,9",04:46,"26,9",15:23,34,"1,9","7,2",16:20,,,,,
2015-05-31,2401X,PALENCIA,PALENCIA,736,"17,8","0,0","7,8",04:27,"27,9",15:16,28,"1,9","8,9",13:20,,,,,
2015-06-01,2401X,PALENCIA,PALENCIA,736,"19,3","0,0","10,6",05:03,"28,0",12:53,29,"2,8","9,2",13:20,,,,,
2015-06-02,2401X,PALENCIA,PALENCIA,736,"20,4","0,0","9,7",03:05,"31,2",16:21,27,"1,7","9,4",16:00,,,,,
2015-06-03,2401X,PALENCIA,PALENCIA,736,"21,8","0,0","10,6",04:58,"33,0",15:35,01,"1,1","5,8",14:40,,,,,
2015-06-04,2401X,PALENCIA,PALENCIA,736,"24,6","0,4","15,8",04:01,"33,3",13:45,27,"1,1","13,1",20:10,,,,,
2015-06-05,2401X,PALENCIA,PALENCIA,736,"23,2","5,2","15,8",02:46,"30,5",15:28,31,"1,4","10,8",19:40,,,,,
2015-06-06,2401X,PALENCIA,PALENCIA,736,"22,0","0,0","14,2",Varias,"29,7",16:22,12,"3,1","13,9",16:50,,,,,
2015-06-07,2401X,PALENCIA,PALENCIA,736,"22,4","0,0","12,1",04:55,"32,7",14:02,08,"2,2","8,3",17:00,,,,,
2015-06-08,2401X,PALENCIA,PALENCIA,736,"22,0","0,0","13,0",04:56,"30,9",14:59,07,"2,2","8,9",15:20,,,,,
2015-06-09,2401X,PALENCIA,PALENCIA,736,"21,4","28,4","13,5",04:39,"29,3",14:19,04,"1,7","11,1",16:00,,,,,
2015-06-10,2401X,PALENCIA,PALENCIA,736,"13,4","42,2","12,1",08:04,"14,6",Varias,15,"1,7","5,8",19:10,,,,,
2015-06-11,2401X,PALENCIA,PALENCIA,736,"17,5","7,2","13,2",23:20,"21,8",13:06,26,"2,5","12,8",13:50,,,,,
2015-06-12,2401X,PALENCIA,PALENCIA,736,"15,3","0,0","10,5",05:22,"20,1",15:35,28,"3,1","8,3",14:40,,,,,
2015-06-13,2401X,PALENCIA,PALENCIA,736,"15,6","0,0","10,9",Varias,"20,2",14:31,26,"3,6","9,7",14:50,,,,,
2015-06-14,2401X,PALENCIA,PALENCIA,736,"13,8","1,6","9,6",03:21,"18,0",13:32,28,"2,2","10,6",14:20,,,,,
2015-06-15,2401X,PALENCIA,PALENCIA,736,"14,0","6,8","9,5",02:37,"18,5",12:54,14,"1,7","8,6",13:10,,,,,
2015-06-16,2401X,PALENCIA,PALENCIA,736,"14,2","0,0","6,9",04:58,"21,6",15:27,08,"1,9","7,2",17:00,,,,,
2015-06-17,2401X,PALENCIA,PALENCIA,736,"15,4","0,0","8,9",03:40,"21,9",15:13,08,"3,9","10,8",13:40,,,,,
2015-06-18,2401X,PALENCIA,PALENCIA,736,"18,4","0,0","10,2",Varias,"26,5",Varias,07,"3,6","10,0",14:00,,,,,
2015-06-19,2401X,PALENCIA,PALENCIA,736,"18,4","0,0","10,6",04:52,"26,1",15:16,99,"2,5","7,8",Varias,,,,,
2015-06-20,2401X,PALENCIA,PALENCIA,736,"19,0","0,0","9,1",03:52,"28,8",15:51,08,"2,2","7,8",17:30,,,,,
2015-06-21,2401X,PALENCIA,PALENCIA,736,"21,3","0,0","10,1",04:31,"32,5",16:12,06,"1,1","6,4",20:20,,,,,
2015-06-22,2401X,PALENCIA,PALENCIA,736,"22,2","0,0","12,1",04:53,"32,4",16:11,25,"2,8","12,8",18:20,,,,,
2015-06-23,2401X,PALENCIA,PALENCIA,736,"20,7","0,0","14,6",23:59,"26,8",16:02,30,"1,9","12,8",18:40,,,,,
2015-06-24,2401X,PALENCIA,PALENCIA,736,"19,0","0,0","8,8",04:58,"29,2",17:11,33,"1,1","5,3",13:50,,,,,
2015-06-25,2401X,PALENCIA,PALENCIA,736,"21,2","0,0","11,2",04:41,"31,2",14:24,32,"1,7","6,4",13:10,,,,,
2015-06-26,2401X,PALENCIA,PALENCIA,736,"23,2","0,0","13,8",Varias,"32,7",15:44,28,"3,3","9,4",14:00,,,,,
2015-06-27,2401X,PALENCIA,PALENCIA,736,"23,0","0,0","11,9",04:53,"34,0",15:24,28,"2,5","8,1",14:10,,,,,
2015-06-28,2401X,PALENCIA,PALENCIA,736,"24,4","0,0","13,2",04:41,"35,5",15:20,28,"1,7","8,3",14:00,,,,,
2015-06-29,2401X,PALENCIA,PALENCIA,736,"25,8","0,0","13,9",05:02,"37,8",14:31,24,"1,9","8,6",16:00,,,,,
2015-06-30,2401X,PALENCIA,PALENCIA,736,"27,6","0,0","18,1",04:05,"37,2",14:49,10,"2,2","10,6",15:40,,,,,
2015-07-01,2401X,PALENCIA,PALENCIA,736,"25,9","0,0","17,4",04:01,"34,4",14:03,20,"3,1","11,1",13:20,,,,,
2015-07-02,2401X,PALENCIA,PALENCIA,736,"23,6","0,0","16,3",05:10,"30,8",16:11,27,"1,9","11,4",02:10,,,,,
2015-07-03,2401X,PALENCIA,PALENCIA,736,"24,3","0,0","13,7",05:28,"34,9",15:18,27,"3,3","11,7",16:20,,,,,
2015-07-04,2401X,PALENCIA,PALENCIA,736,"23,3","0,0","12,3",04:35,"34,3",15:34,28,"2,8","10,0",16:00,,,,,
2015-07-05,2401X,PALENCIA,PALENCIA,736,"24,5","0,0","15,0",05:06,"34,0",14:50,26,"1,1","9,2",15:20,,,,,
2015-07-06,2401X,PALENCIA,PALENCIA,736,"26,3","0,0","15,4",05:02,"37,2",15:34,32,"3,6","14,2",12:10,,,,,
2015-07-07,2401X,PALENCIA,PALENCIA,736,"24,0","0,0","13,9",04:58,"34,2",14:50,27,"3,1","11,4",15:40,,,,,
2015-07-08,2401X,PALENCIA,PALENCIA,736,"21,4","0,0","13,4",23:58,"29,4",14:27,35,"2,5","8,3",16:50,,,,,
2015-07-09,2401X,PALENCIA,PALENCIA,736,"21,7","0,0","10,6",04:29,"32,8",16:10,08,"2,2","6,9",02:20,,,,,
2015-07-10,2401X,PALENCIA,PALENCIA,736,"22,7","0,0","11,1",,"34,3",,28,"2,8","10,3",14:10,,,,,
2015-07-11,2401X,PALENCIA,PALENCIA,736,"22,6","0,0","13,6",04:54,"31,5",16:40,07,"2,2","7,2",08:50,,,,,
2015-07-12,2401X,PALENCIA,PALENCIA,736,"23,4","0,0","13,0",05:05,"33,9",15:57,30,"1,1","6,7",14:30,,,,,
2015-07-13,2401X,PALENCIA,PALENCIA,736,"24,7","0,0","13,4",04:43,"36,0",15:14,07,"1,4","6,7",19:00,,,,,
2015-07-14,2401X,PALENCIA,PALENCIA,736,"25,8","0,0","14,3",03:54,"37,2",15:03,99,"1,1","7,8",Varias,,,,,
2015-07-15,2401X,PALENCIA,PALENCIA,736,"26,0","0,0","15,0",04:50,"37,0",15:14,25,"2,5","8,3",13:50,,,,,
2015-07-16,2401X,PALENCIA,PALENCIA,736,"26,7","0,0","17,8",02:19,"35,6",13:25,23,"3,1","10,3",02:40,,,,,
2015-07-17,2401X,PALENCIA,PALENCIA,736,"22,8","0,0","14,7",05:22,"30,9",16:07,24,"1,4","11,9",17:00,,,,,
2015-07-18,2401X,PALENCIA,PALENCIA,736,"25,1","0,0","17,8",05:35,"32,4",15:19,28,"4,2","14,7",18:40,,,,,
2015-07-19,2401X,PALENCIA,PALENCIA,736,"24,2","0,0","16,9",05:59,"31,6",16:56,27,"1,7","8,9",12:30,,,,,
2015-07-20,2401X,PALENCIA,PALENCIA,736,"24,8","0,0","15,8",04:49,"33,7",17:21,32,"0,8","5,3",11:50,,,,,
2015-07-21,2401X,PALENCIA,PALENCIA,736,"27,6","4,0","19,3",04:51,"35,9",14:18,01,"1,4","9,7",16:40,,,,,
2015-07-22,2401X,PALENCIA,PALENCIA,736,"24,6","0,0","17,2",05:07,"31,9",16:29,07,"1,7","8,9",20:40,,,,,
2015-07-23,2401X,PALENCIA,PALENCIA,736,"23,9","0,0","15,3",04:56,"32,5",14:52,28,"1,9","8,6",21:30,,,,,
2015-07-24,2401X,PALENCIA,PALENCIA,736,"21,2","0,0","12,9",05:11,"29,6",15:16,28,"3,3","9,7",14:20,,,,,
2015-07-25,2401X,PALENCIA,PALENCIA,736,"20,0","0,0","13,3",04:27,"26,7",15:22,06,"1,9","7,5",07:30,,,,,
2015-07-26,2401X,PALENCIA,PALENCIA,736,"22,0","0,0","10,7",05:21,"33,4",15:57,27,"2,5","10,6",16:10,,,,,
2015-07-27,2401X,PALENCIA,PALENCIA,736,"23,6","0,0","15,2",04:28,"32,0",16:29,28,"2,8","8,6",14:40,,,,,
2015-07-28,2401X,PALENCIA,PALENCIA,736,"22,6","0,0","12,2",05:23,"32,9",17:09,28,"3,3","10,0",18:00,,,,,
2015-07-29,2401X,PALENCIA,PALENCIA,736,"22,0","0,0","12,7",05:14,"31,2",14:51,28,"2,2","7,8",11:20,,,,,
2015-07-30,2401X,PALENCIA,PALENCIA,736,"19,4","0,0","14,5",23:55,"24,3",14:49,05,"2,8","8,9",15:10,,,,,
2015-07-31,2401X,PALENCIA,PALENCIA,736,"20,0","0,0","12,5",23:44,"27,5",12:24,99,"2,2","10,0",17:30,,,,,
2015-08-01,2401X,PALENCIA,PALENCIA,736,"18,8","0,0","10,0",05:05,"27,5",15:23,06,"1,9","6,9",07:10,,,,,
2015-08-02,2401X,PALENCIA,PALENCIA,736,"23,4","0,0","12,4",05:18,"34,5",15:18,28,"2,8","10,6",12:40,,,,,
2015-08-03,2401X,PALENCIA,PALENCIA,736,"24,2","0,0","12,8",05:22,"35,5",14:19,29,"2,5","10,8",15:00,,,,,
2015-08-04,2401X,PALENCIA,PALENCIA,736,"23,2","0,0","14,5",05:22,"31,9",16:38,99,"1,1","5,0",Varias,,,,,
2015-08-05,2401X,PALENCIA,PALENCIA,736,"22,9","0,0","13,2",05:34,"32,6",14:23,29,"3,3","10,8",15:40,,,,,
2015-08-06,2401X,PALENCIA,PALENCIA,736,"22,0","0,0","10,1",04:37,"33,9",14:25,26,"2,8","10,0",17:10,,,,,
2015-08-07,2401X,PALENCIA,PALENCIA,736,"22,1","0,0","12,7",05:21,"31,5",15:17,06,"1,4","8,6",17:40,,,,,
2015-08-08,2401X,PALENCIA,PALENCIA,736,"19,8","0,0","12,9",23:59,"26,7",16:05,35,"2,2","7,5",11:50,,,,,
2015-08-09,2401X,PALENCIA,PALENCIA,736,"19,7","0,0","10,1",02:42,"29,3",16:41,07,"1,9","7,2",19:00,,,,,
2015-08-10,2401X,PALENCIA,PALENCIA,736,"21,6","0,0","10,0",05:04,"33,2",16:28,30,"1,1","7,2",16:40,,,,,
2015-08-11,2401X,PALENCIA,PALENCIA,736,"24,6","0,0","15,4",03:35,"33,9",13:09,28,"1,9","8,3",22:20,,,,,
2015-08-12,2401X,PALENCIA,PALENCIA,736,"22,6","0,0","13,7",05:00,"31,4",12:40,27,"1,9","16,4",18:30,,,,,
2015-08-13,2401X,PALENCIA,PALENCIA,736,"18,4","0,0","13,4",05:23,"23,5",14:13,30,"5,8","12,8",18:40,,,,,
2015-08-14,2401X,PALENCIA,PALENCIA,736,"17,0","0,0","10,6",04:17,"23,4",15:04,27,"3,3","9,7",07:30,,,,,
2015-08-15,2401X,PALENCIA,PALENCIA,736,"18,2","0,0","12,1",05:20,"24,3",15:11,99,"0,8","6,1",Varias,,,,,
2015-08-16,2401X,PALENCIA,PALENCIA,736,"20,8","0,0","14,4",Varias,"27,3",13:55,26,"1,7","9,7",15:00,,,,,
2015-08-17,2401X,PALENCIA,PALENCIA,736,"20,0","0,0","11,3",05:53,"28,8",15:10,05,"1,7","10,0",18:50,,,,,
2015-08-18,2401X,PALENCIA,PALENCIA,736,"19,4","0,0","12,0",05:37,"26,7",14:30,32,"1,9","8,3",12:50,,,,,
2015-08-19,2401X,PALENCIA,PALENCIA,736,"20,7","0,0","12,0",05:31,"29,4",Varias,10,"1,4","6,1",00:40,,,,,
2015-08-20,2401X,PALENCIA,PALENCIA,736,"22,0","0,0","10,7",05:23,"33,4",15:10,27,"1,7","6,4",14:10,,,,,
2015-08-21,2401X,PALENCIA,PALENCIA,736,"24,1","0,4","13,2",Varias,"35,0",14:26,21,"1,7","9,4",20:00,,,,,
2015-08-22,2401X,PALENCIA,PALENCIA,736,"23,8","0,6","16,7",23:58,"30,9",14:46,26,"1,9","16,1",15:30,,,,,
2015-08-23,2401X,PALENCIA,PALENCIA,736,"17,3","1,8","11,0",05:38,"23,6",14:58,24,"5,8","15,6",19:00,,,,,
2015-08-24,2401X,PALENCIA,PALENCIA,736,"16,6","0,0","10,9",05:39,"22,3",14:56,27,"3,9","13,6",01:50,,,,,
2015-08-25,2401X,PALENCIA,PALENCIA,736,"18,7","0,0","8,8",05:36,"28,6",15:52,22,"1,1","6,7",14:50,,,,,
2015-08-26,2401X,PALENCIA,PALENCIA,736,"20,2","0,0","11,6",04:45,"28,9",13:44,25,"3,6","12,2",11:50,,,,,
2015-08-27,2401X,PALENCIA,PALENCIA,736,"21,6","0,0","14,7",04:24,"28,5",13:49,25,"4,2","12,8",13:10,,,,,
2015-08-28,2401X,PALENCIA,PALENCIA,736,"23,0","0,0","13,5",05:30,"32,5",15:33,29,"1,7","7,8",01:00,,,,,
2015-08-29,2401X,PALENCIA,PALENCIA,736,"24,6","9,8","12,9",05:34,"36,2",14:37,27,"1,1","14,2",19:10,,,,,
2015-08-30,2401X,PALENCIA,PALENCIA,736,"25,2","0,2","17,4",06:59,"33,0",14:42,26,"2,8","16,1",17:40,,,,,
2015-08-31,2401X,PALENCIA,PALENCIA,736,"21,4","7,2","16,4",23:56,"26,4",15:02,27,"1,7","14,2",16:10,,,,,
2015-09-01,2401X,PALENCIA,PALENCIA,736,"19,2","0,0","13,5",23:51,"25,0",14:18,07,"1,9","7,8",17:20,,,,,
2015-09-02,2401X,PALENCIA,PALENCIA,736,"18,7","0,0","11,6",05:38,"25,8",13:37,07,"1,9","9,2",21:30,,,,,
2015-09-03,2401X,PALENCIA,PALENCIA,736,"16,2","0,0","11,2",23:52,"21,1",13:15,02,"2,2","8,6",12:00,,,,,
2015-09-04,2401X,PALENCIA,PALENCIA,736,"16,4","0,0","10,7",23:52,"22,0",15:04,07,"2,5","9,2",18:30,,,,,
2015-09-05,2401X,PALENCIA,PALENCIA,736,"15,0","0,0","7,5",Varias,"22,6",15:37,08,"1,7","7,2",09:10,,,,,
2015-09-06,2401X,PALENCIA,PALENCIA,736,"16,2","0,0","7,5",06:07,"25,0",15:15,07,"1,4","5,8",20:40,,,,,
2015-09-07,2401X,PALENCIA,PALENCIA,736,"17,2","0,0","9,2",05:24,"25,2",14:24,06,"1,9","6,7",11:30,,,,,
2015-09-08,2401X,PALENCIA,PALENCIA,736,"16,0","0,0","5,7",05:53,"26,3",Varias,34,"1,4","6,1",16:00,,,,,
2015-09-09,2401X,PALENCIA,PALENCIA,736,"16,8","0,0","8,0",05:48,"25,7",13:40,27,"2,5","9,7",21:50,,,,,
2015-09-10,2401X,PALENCIA,PALENCIA,736,"19,0","0,0","12,7",23:59,"25,3",14:51,27,"1,4","8,6",02:10,,,,,
2015-09-11,2401X,PALENCIA,PALENCIA,736,"18,2","0,0","7,4",06:01,"28,9",14:21,29,"2,2","10,0",14:10,,,,,
2015-09-12,2401X,PALENCIA,PALENCIA,736,"20,8","0,0","13,6",06:03,"27,9",14:14,24,"1,9","10,0",15:30,,,,,
2015-09-13,2401X,PALENCIA,PALENCIA,736,"15,8","0,6","12,3",09:35,"19,4",15:37,24,"4,2","13,9",16:30,,,,,
2015-09-14,2401X,PALENCIA,PALENCIA,736,"15,4","0,0","10,3",05:47,"20,5",14:10,28,"4,4","10,6",14:00,,,,,
2015-09-15,2401X,PALENCIA,PALENCIA,736,"13,0","19,2","10,3",01:23,"15,8",23:47,99,"3,1","15,0",23:40,,,,,
2015-09-16,2401X,PALENCIA,PALENCIA,736,"14,7","1,0","10,0",23:55,"19,4",14:56,24,"6,9","17,5",13:40,,,,,
2015-09-17,2401X,PALENCIA,PALENCIA,736,"12,5","0,2","7,4",23:58,"17,6",16:18,27,"3,1","10,6",08:20,,,,,
2015-09-18,2401X,PALENCIA,PALENCIA,736,"12,6","0,0","4,5",04:40,"20,6",15:38,36,"1,1","5,0",13:30,,,,,
2015-09-19,2401X,PALENCIA,PALENCIA,736,"14,6","0,0","5,5",06:03,"23,6",15:17,31,"0,8","4,7",14:10,,,,,
2015-09-20,2401X,PALENCIA,PALENCIA,736,"15,8","0,0","6,2",04:49,"25,3",14:44,28,"1,4","6,4",15:40,,,,,
2015-09-21,2401X,PALENCIA,PALENCIA,736,"16,2","0,0","5,9",06:07,"26,5",15:03,28,"1,4","9,4",21:10,,,,,
2015-09-22,2401X,PALENCIA,PALENCIA,736,"14,8","0,0","6,9",05:07,"22,7",14:30,33,"2,2","7,5",16:40,,,,,
2015-09-23,2401X,PALENCIA,PALENCIA,736,"13,8","0,0","6,3",06:16,"21,4",14:27,08,"0,3","4,2",19:00,,,,,
2015-09-24,2401X,PALENCIA,PALENCIA,736,"15,7","0,0","6,6",06:02,"24,8",15:10,35,"1,1","4,2",11:10,,,,,
2015-09-25,2401X,PALENCIA,PALENCIA,736,"16,8","0,0","5,9",05:01,"27,7",14:51,12,"0,8","3,3",12:40,,,,,
2015-09-26,2401X,PALENCIA,PALENCIA,736,"18,0","2,4","9,6",06:07,"26,4",13:19,28,"0,8","8,9",19:10,,,,,
2015-09-27,2401X,PALENCIA,PALENCIA,736,"16,4","0,0","8,1",06:05,"24,8",14:27,06,"0,8","5,8",17:40,,,,,
2015-09-28,2401X,PALENCIA,PALENCIA,736,"14,8","0,0","5,6",04:34,"24,1",15:10,14,"1,1","6,9",13:40,,,,,
2015-09-29,2401X,PALENCIA,PALENCIA,736,"16,0","0,0","7,6",06:21,"24,4",12:52,35,"0,6","4,7",16:50,,,,,
2015-09-30,2401X,PALENCIA,PALENCIA,736,"15,0","0,2","6,9",04:24,"23,0",14:31,26,"1,1","10,0",19:10,,,,,
2015-10-01,2401X,PALENCIA,PALENCIA,736,"14,6","0,0","6,3",06:02,"22,9",14:51,28,"1,9","10,0",11:30,,,,,
2015-10-02,2401X,PALENCIA,PALENCIA,736,"11,4","0,0","2,6",06:04,"20,2",15:05,32,"1,7","9,4",19:50,,,,,
2015-10-03,2401X,PALENCIA,PALENCIA,736,"11,0","1,0","1,8",06:16,"20,2",13:23,29,"0,8","7,5",13:20,,,,,
2015-10-04,2401X,PALENCIA,PALENCIA,736,"15,0","3,2","8,2",00:01,"21,9",12:36,24,"3,1","15,6",15:20,,,,,
2015-10-05,2401X,PALENCIA,PALENCIA,736,"18,6","5,0","14,9",22:41,"22,4",13:22,22,"5,3","16,4",14:30,,,,,
2015-10-06,2401X,PALENCIA,PALENCIA,736,"14,5","0,0","9,7",23:57,"19,3",14:37,28,"5,8","15,0",11:00,,,,,
2015-10-07,2401X,PALENCIA,PALENCIA,736,"11,4","0,0","4,6",06:30,"18,1",14:22,28,"0,8","6,1",02:20,,,,,
2015-10-08,2401X,PALENCIA,PALENCIA,736,"12,4","0,0","5,7",06:06,"19,2",14:57,06,"0,8","6,4",19:20,,,,,
2015-10-09,2401X,PALENCIA,PALENCIA,736,"11,6","0,0","2,7",06:35,"20,6",14:37,32,"0,6","5,3",14:50,,,,,
2015-10-10,2401X,PALENCIA,PALENCIA,736,"13,6","1,2","4,1",06:42,"23,0",13:38,28,"0,8","9,4",20:40,,,,,
2015-10-11,2401X,PALENCIA,PALENCIA,736,"14,2","9,0","10,2",01:55,"18,1",12:33,14,"1,4","5,3",11:10,,,,,
2015-10-12,2401X,PALENCIA,PALENCIA,736,"13,9","17,4","10,2",23:54,"17,6",14:29,09,"1,1","8,6",20:40,,,,,
2015-10-13,2401X,PALENCIA,PALENCIA,736,"11,5","0,0","7,5",06:42,"15,5",13:14,06,"2,5","10,8",11:30,,,,,
2015-10-14,2401X,PALENCIA,PALENCIA,736,"9,3","0,0","3,9",23:55,"14,7",14:29,07,"1,9","9,4",09:10,,,,,
2015-10-15,2401X,PALENCIA,PALENCIA,736,"7,9","0,0","-0,6",06:01,"16,4",14:35,99,"0,8","3,3",Varias,,,,,
2015-10-16,2401X,PALENCIA,PALENCIA,736,"8,2","0,0","-0,7",05:17,"17,0",14:21,15,"0,6","2,2",09:10,,,,,
2015-10-17,2401X,PALENCIA,PALENCIA,736,"13,6","1,6","4,7",02:16,"22,5",14:25,20,"1,9","8,6",16:00,,,,,
2015-10-18,2401X,PALENCIA,PALENCIA,736,"14,9","7,0","11,5",06:59,"18,3",13:31,12,"0,8","4,2",11:10,,,,,
2015-10-19,2401X,PALENCIA,PALENCIA,736,"15,6","6,4","13,3",Varias,"17,9",13:50,13,"1,1","6,1",10:10,,,,,
2015-10-20,2401X,PALENCIA,PALENCIA,736,"11,5","0,0","8,9",19:23,"14,1",00:42,04,"3,6","12,2",13:40,,,,,
2015-10-21,2401X,PALENCIA,PALENCIA,736,"9,8","0,0","6,3",23:31,"13,2",11:02,08,"1,9","8,6",13:50,,,,,
2015-10-22,2401X,PALENCIA,PALENCIA,736,"11,4","0,0","4,8",Varias,"17,9",14:30,30,"1,1","5,3",14:10,,,,,
2015-10-23,2401X,PALENCIA,PALENCIA,736,"11,0","0,0","3,6",06:36,"18,4",13:41,99,"0,3","4,2",09:30,,,,,
2015-10-24,2401X,PALENCIA,PALENCIA,736,"13,8","0,0","9,1",05:02,"18,4",13:45,12,"1,4","5,3",13:30,,,,,
2015-10-25,2401X,PALENCIA,PALENCIA,736,"16,0","0,0","10,6",21:41,"21,3",14:15,22,"0,8","6,9",23:40,,,,,
2015-10-26,2401X,PALENCIA,PALENCIA,736,"13,2","6,4","8,7",05:24,"17,8",13:12,22,"1,9","8,6",13:20,,,,,
2015-10-27,2401X,PALENCIA,PALENCIA,736,"10,8","3,2","7,5",20:16,"14,0",14:56,26,"3,9","11,7",16:00,,,,,
2015-10-28,2401X,PALENCIA,PALENCIA,736,"10,3","1,8","7,7",03:39,"12,9",15:11,26,"3,9","11,4",11:20,,,,,
2015-10-29,2401X,PALENCIA,PALENCIA,736,"14,1","0,2","10,9",Varias,"17,3",14:46,21,"0,8","6,4",00:20,,,,,
2015-10-30,2401X,PALENCIA,PALENCIA,736,"13,8","0,0","8,7",23:46,"18,9",14:56,15,"1,1","5,0",12:10,,,,,
2015-10-31,2401X,PALENCIA,PALENCIA,736,"14,6","0,0","8,1",04:32,"21,1",13:24,18,"1,4","8,6",11:50,,,,,
2015-11-01,2401X,PALENCIA,PALENCIA,736,"12,8","0,2","7,2",05:03,"18,3",12:52,14,"1,9","12,5",13:30,,,,,
2015-11-02,2401X,PALENCIA,PALENCIA,736,"11,2","23,0","9,0",Varias,"13,4",12:19,13,"2,5","13,6",10:20,,,,,
2015-11-03,2401X,PALENCIA,PALENCIA,736,"11,9","2,0","8,8",Varias,"15,0",12:15,26,"3,6","11,7",12:30,,,,,
2015-11-04,2401X,PALENCIA,PALENCIA,736,"11,6","5,6","9,7",07:05,"13,4",13:56,24,"1,1","8,6",14:30,,,,,
2015-11-05,2401X,PALENCIA,PALENCIA,736,"13,2","1,0","11,1",Varias,"15,3",13:53,26,"1,4","6,9",04:20,,,,,
2015-11-06,2401X,PALENCIA,PALENCIA,736,"13,5","0,0","8,9",23:49,"18,1",14:36,22,"1,4","4,7",07:10,,,,,
2015-11-07,2401X,PALENCIA,PALENCIA,736,"13,2","0,0","6,1",06:34,"20,4",14:16,14,"0,8","3,1",11:50,,,,,
2015-11-08,2401X,PALENCIA,PALENCIA,736,"14,6","0,0","6,1",,"23,0",,20,"0,8","5,3",12:30,,,,,
2015-11-09,2401X,PALENCIA,PALENCIA,736,"12,6","0,0","4,5",06:49,"20,7",14:59,13,"0,6","3,9",12:40,,,,,
2015-11-10,2401X,PALENCIA,PALENCIA,736,"11,8","0,2","4,9",07:34,"18,6",14:36,32,"1,1","3,3",13:00,,,,,
2015-11-11,2401X,PALENCIA,PALENCIA,736,"9,8","0,2","4,1",01:08,"15,4",14:50,34,"1,1","4,2",13:30,,,,,
2015-11-12,2401X,PALENCIA,PALENCIA,736,"7,4","0,4","3,8",07:42,"11,0",14:35,34,"1,1","3,6",14:40,,,,,
2015-11-13,2401X,PALENCIA,PALENCIA,736,"10,5","0,2","5,2",Varias,"15,8",14:43,08,"1,4","5,6",14:30,,,,,
2015-11-14,2401X,PALENCIA,PALENCIA,736,"9,8","0,0","3,4",23:58,"16,3",14:42,99,"0,6","3,1",Varias,,,,,
2015-11-15,2401X,PALENCIA,PALENCIA,736,"5,8","0,2","3,1",00:08,"8,6",14:13,99,"0,8","2,8",Varias,,,,,
2015-11-16,2401X,PALENCIA,PALENCIA,736,"5,4","0,2","4,0",07:39,"6,8",13:02,99,"0,6","3,3",Varias,,,,,
2015-11-17,2401X,PALENCIA,PALENCIA,736,"6,2","0,0","5,4",Varias,"7,1",Varias,30,"0,8","3,3",14:20,,,,,
2015-11-18,2401X,PALENCIA,PALENCIA,736,"6,3","0,0","5,1",07:36,"7,5",14:40,15,"0,8","3,3",04:10,,,,,
2015-11-19,2401X,PALENCIA,PALENCIA,736,"6,5","0,2","4,7",07:00,"8,3",14:53,30,"0,8","3,3",15:40,,,,,
2015-11-20,2401X,PALENCIA,PALENCIA,736,"8,7","4,8","5,2",06:43,"12,2",13:41,26,"1,4","13,1",21:20,,,,,
2015-11-21,2401X,PALENCIA,PALENCIA,736,"5,4","0,2","0,1",23:53,"10,8",04:41,25,"4,4","17,5",01:30,,,,,
2015-11-22,2401X,PALENCIA,PALENCIA,736,"3,9","0,2","-0,4",00:38,"8,2",12:57,28,"3,9","11,1",03:00,,,,,
2015-11-23,2401X,PALENCIA,PALENCIA,736,"2,9","0,0","-2,3",07:22,"8,1",14:09,04,"2,2","6,9",00:40,,,,,
2015-11-24,2401X,PALENCIA,PALENCIA,736,"4,1","0,0","-1,0",06:58,"9,2",14:37,27,"0,8","11,9",23:00,,,,,
2015-11-25,2401X,PALENCIA,PALENCIA,736,"10,3","0,0","4,1",23:08,"16,5",14:08,28,"6,9","12,8",05:40,,,,,
2015-11-26,2401X,PALENCIA,PALENCIA,736,"7,0","0,0","-1,5",06:26,"15,6",14:35,33,"1,9","8,9",15:10,,,,,
2015-11-27,2401X,PALENCIA,PALENCIA,736,"7,5","0,0","0,4",07:41,"14,6",14:27,24,"0,6","3,3",01:50,,,,,
2015-11-28,2401X,PALENCIA,PALENCIA,736,"5,4","0,0","-0,9",23:38,"11,6",14:14,07,"1,4","5,8",10:10,,,,,
2015-11-29,2401X,PALENCIA,PALENCIA,736,"3,4","0,0","-3,8",07:26,"10,5",14:17,34,"1,4","3,6",12:30,,,,,
2015-11-30,2401X,PALENCIA,PALENCIA,736,"0,8","0,0","-3,7",Varias,"5,4",14:08,32,"1,7","4,7",14:40,,,,,
2015-12-01,2401X,PALENCIA,PALENCIA,736,"0,2","0,0","-4,5",08:08,"4,9",14:42,35,"0,6","4,2",14:00,,,,,
2015-12-02,2401X,PALENCIA,PALENCIA,736,"3,5","0,0","-2,3",01:51,"9,3",15:30,15,"1,1","3,3",09:50,,,,,
2015-12-03,2401X,PALENCIA,PALENCIA,736,"4,8","0,0","-1,0",04:29,"10,7",14:12,34,"0,6","4,7",15:00,,,,,
2015-12-04,2401X,PALENCIA,PALENCIA,736,"7,1","0,0","2,1",23:59,"12,1",14:54,16,"0,6","4,2",10:40,,,,,
2015-12-05,2401X,PALENCIA,PALENCIA,736,"6,4","0,0","-0,5",07:48,"13,3",14:37,32,"0,8","2,8",02:10,,,,,
2015-12-06,2401X,PALENCIA,PALENCIA,736,"7,8","0,0","-0,6",07:46,"16,1",14:23,35,"1,4","3,6",07:00,,,,,
2015-12-07,2401X,PALENCIA,PALENCIA,736,"3,6","0,2","-1,0",02:20,"8,2",14:51,34,"0,6","3,6",12:20,,,,,
2015-12-08,2401X,PALENCIA,PALENCIA,736,"8,1","0,4","5,4",00:40,"10,8",13:00,25,"1,7","5,8",12:40,,,,,
2015-12-09,2401X,PALENCIA,PALENCIA,736,"5,2","0,2","1,2",22:23,"9,1",14:44,12,"0,3","4,2",11:50,,,,,
2015-12-10,2401X,PALENCIA,PALENCIA,736,"3,7","0,0","0,8",08:00,"6,6",15:12,34,"1,1","3,9",13:50,,,,,
2015-12-11,2401X,PALENCIA,PALENCIA,736,"3,4","0,0","1,7",Varias,"5,2",14:18,14,"1,1","3,3",04:50,,,,,
2015-12-12,2401X,PALENCIA,PALENCIA,736,"2,2","0,0","0,1",07:46,"4,3",18:55,34,"1,1","4,7",13:40,,,,,
2015-12-13,2401X,PALENCIA,PALENCIA,736,"7,0","1,6","2,8",02:01,"11,1",14:10,20,"0,8","4,7",14:50,,,,,
2015-12-14,2401X,PALENCIA,PALENCIA,736,"10,2","1,0","7,4",00:47,"13,0",15:13,22,"2,2","7,8",15:00,,,,,
2015-12-15,2401X,PALENCIA,PALENCIA,736,"11,1","0,2","7,0",23:42,"15,2",13:31,21,"1,7","6,7",04:10,,,,,
2015-12-16,2401X,PALENCIA,PALENCIA,736,"9,1","0,0","3,3",23:55,"14,9",14:10,14,"0,8","3,6",09:00,,,,,
2015-12-17,2401X,PALENCIA,PALENCIA,736,"6,4","0,0","0,2",06:41,"12,5",15:11,15,"1,4","3,9",13:00,,,,,
2015-12-18,2401X,PALENCIA,PALENCIA,736,"9,9","0,0","6,0",00:46,"13,8",15:20,15,"1,1","4,7",02:40,,,,,
2015-12-19,2401X,PALENCIA,PALENCIA,736,"9,1","0,0","1,2",07:42,"17,0",14:14,20,"1,9","7,2",14:10,,,,,
2015-12-20,2401X,PALENCIA,PALENCIA,736,"7,0","1,0","3,2",23:59,"10,7",11:45,23,"1,4","7,5",09:30,,,,,
2015-12-21,2401X,PALENCIA,PALENCIA,736,"3,2","0,0","-0,2",04:46,"6,6",15:11,14,"1,7","4,4",12:40,,,,,
2015-12-22,2401X,PALENCIA,PALENCIA,736,"3,0","0,0","1,9",07:56,"4,2",14:44,35,"0,8","4,2",15:00,,,,,
2015-12-23,2401X,PALENCIA,PALENCIA,736,"4,0","0,4","0,9",,"7,2",,14,"1,4","4,4",06:30,,,,,
2015-12-24,2401X,PALENCIA,PALENCIA,736,"7,6","0,0","3,3",Varias,"11,9",13:41,24,"1,9","6,4",14:00,,,,,
2015-12-25,2401X,PALENCIA,PALENCIA,736,"5,3","0,0","2,1",04:40,"8,5",Varias,14,"1,4","4,2",08:00,,,,,
2015-12-26,2401X,PALENCIA,PALENCIA,736,"4,9","0,0","-0,8",23:54,"10,6",15:04,13,"1,4","3,3",12:20,,,,,
2015-12-27,2401X,PALENCIA,PALENCIA,736,"5,0","0,0","-1,8",Varias,"11,7",14:40,18,"0,6","7,2",22:10,,,,,
2015-12-28,2401X,PALENCIA,PALENCIA,736,"7,4","7,8","2,0",00:54,"12,9",11:29,26,"3,9","13,9",20:30,,,,,
2015-12-29,2401X,PALENCIA,PALENCIA,736,"6,2","0,2","2,4",22:20,"9,9",15:21,28,"2,2","6,7",10:20,,,,,
2015-12-30,2401X,PALENCIA,PALENCIA,736,"6,2","1,0","0,8",Varias,"11,5",15:03,23,"3,1","10,6",20:10,,,,,
2015-12-31,2401X,PALENCIA,PALENCIA,736,"5,0","0,0","0,5",23:55,"9,4",00:01,29,"1,9","10,0",01:30,,,,,
2016-01-01,2401X,PALENCIA,PALENCIA,736,"6,2","2,8","0,4",00:05,"12,0",15:10,26,"3,3","22,5",15:50,,,,,
2016-01-02,2401X,PALENCIA,PALENCIA,736,"5,6","0,2","2,6",21:16,"8,7",14:24,27,"4,7","11,9",05:30,,,,,
2016-01-03,2401X,PALENCIA,PALENCIA,736,"8,0","8,8","4,2",00:01,"11,8",21:35,24,"6,7","17,2",16:30,,,,,
2016-01-04,2401X,PALENCIA,PALENCIA,736,"7,6","23,4","5,2",18:30,"9,9",00:01,28,"2,8","12,8",01:00,,,,,
2016-01-05,2401X,PALENCIA,PALENCIA,736,"4,0","0,8","1,5",23:40,"6,5",12:59,24,"7,2","13,6",09:20,,,,,
2016-01-06,2401X,PALENCIA,PALENCIA,736,"5,2","6,0","1,3",01:29,"9,1",23:50,26,"6,4","16,4",12:40,,,,,
2016-01-07,2401X,PALENCIA,PALENCIA,736,"10,7","2,0","8,8",00:30,"12,6",11:46,23,"7,2","16,1",11:30,,,,,
2016-01-08,2401X,PALENCIA,PALENCIA,736,"10,8","13,0","8,3",Varias,"13,2",11:03,29,"5,0","14,2",15:40,,,,,
2016-01-09,2401X,PALENCIA,PALENCIA,736,"7,2","7,2","4,4",08:15,"10,1",13:22,24,"5,8","15,3",21:00,,,,,
2016-01-10,2401X,PALENCIA,PALENCIA,736,"9,1","8,6","7,4",02:43,"10,8",21:50,21,"8,6","20,0",22:30,,,,,
2016-01-11,2401X,PALENCIA,PALENCIA,736,"6,0","0,0","3,3",23:39,"8,6",00:01,26,"8,3","16,9",14:10,,,,,
2016-01-12,2401X,PALENCIA,PALENCIA,736,"4,6","0,0","0,7",23:59,"8,5",13:38,28,"5,0","13,6",03:00,,,,,
2016-01-13,2401X,PALENCIA,PALENCIA,736,"3,1","3,6","-2,0",03:22,"8,2",14:33,22,"1,4","6,1",14:40,,,,,
2016-01-14,2401X,PALENCIA,PALENCIA,736,"6,4","2,6","4,0",22:03,"8,8",12:52,27,"1,1","9,4",11:30,,,,,
2016-01-15,2401X,PALENCIA,PALENCIA,736,"2,8","0,0","-1,3",23:55,"7,0",14:42,02,"0,8","7,5",13:30,,,,,
2016-01-16,2401X,PALENCIA,PALENCIA,736,"1,2","0,0","-4,5",07:40,"7,0",14:57,08,"1,1","5,6",13:30,,,,,
2016-01-17,2401X,PALENCIA,PALENCIA,736,"1,0","1,8","-4,5",06:56,"6,6",14:40,25,"1,4","4,7",19:00,,,,,
2016-01-18,2401X,PALENCIA,PALENCIA,736,"5,8","0,4","2,6",23:46,"9,1",14:00,27,"6,9","14,7",11:00,,,,,
2016-01-19,2401X,PALENCIA,PALENCIA,736,"2,1","0,0","-1,5",06:50,"5,7",15:13,30,"1,1","6,4",00:40,,,,,
2016-01-20,2401X,PALENCIA,PALENCIA,736,"3,4","0,4","-1,3",06:16,"8,2",13:38,99,"1,4","3,9",13:40,,,,,
2016-01-21,2401X,PALENCIA,PALENCIA,736,"7,0","1,8","5,2",Varias,"8,9",13:23,99,"1,9","4,2",Varias,,,,,
2016-01-22,2401X,PALENCIA,PALENCIA,736,"9,6","0,6","8,1",03:18,"11,1",14:40,22,"1,7","5,3",05:10,,,,,
2016-01-23,2401X,PALENCIA,PALENCIA,736,"10,8","0,2","7,4",21:44,"14,2",15:16,34,"0,8","2,5",15:40,,,,,
2016-01-24,2401X,PALENCIA,PALENCIA,736,"10,8","0,2","5,4",07:52,"16,1",13:57,26,"1,1","6,7",13:30,,,,,
2016-01-25,2401X,PALENCIA,PALENCIA,736,"8,4","0,0","3,2",08:02,"13,6",15:11,30,"0,8","5,0",16:40,,,,,
2016-01-26,2401X,PALENCIA,PALENCIA,736,"7,7","0,0","1,1",06:17,"14,3",14:53,30,"1,7","7,8",16:30,,,,,
2016-01-27,2401X,PALENCIA,PALENCIA,736,"6,8","0,6","4,7",Varias,"8,9",16:10,18,"1,1","4,2",01:40,,,,,
2016-01-28,2401X,PALENCIA,PALENCIA,736,"5,8","7,2","4,6",Varias,"6,9",15:08,28,"1,7","6,9",06:20,,,,,
2016-01-29,2401X,PALENCIA,PALENCIA,736,"4,7","0,0","-0,2",23:54,"9,6",15:05,07,"1,9","6,9",10:20,,,,,
2016-01-30,2401X,PALENCIA,PALENCIA,736,"3,8","0,0","-1,2",Varias,"8,9",15:53,25,"2,2","9,4",21:10,,,,,
2016-01-31,2401X,PALENCIA,PALENCIA,736,"10,8","0,0","5,7",,"15,8",,25,"2,8","9,2",07:20,,,,,
2016-02-01,2401X,PALENCIA,PALENCIA,736,"7,9","0,0","4,1",23:38,"11,7",Varias,99,"0,6","3,6",Varias,,,,,
2016-02-02,2401X,PALENCIA,PALENCIA,736,"6,0","0,0","4,0",03:56,"7,9",14:34,34,"0,8","2,8",13:30,,,,,
2016-02-03,2401X,PALENCIA,PALENCIA,736,"5,0","0,0","-0,4",23:32,"10,4",13:58,06,"0,8","7,5",16:10,,,,,
2016-02-04,2401X,PALENCIA,PALENCIA,736,"4,4","0,0","-1,9",04:28,"10,7",15:10,06,"1,4","6,4",11:20,,,,,
2016-02-05,2401X,PALENCIA,PALENCIA,736,"4,9","0,0","-2,8",07:39,"12,6",15:10,21,"1,9","5,6",13:40,,,,,
2016-02-06,2401X,PALENCIA,PALENCIA,736,"4,6","7,0","-2,0",06:39,"11,2",14:58,20,"2,2","14,2",19:20,,,,,
2016-02-07,2401X,PALENCIA,PALENCIA,736,"4,9","0,0","1,5",07:48,"8,3",13:11,27,"6,4","12,2",11:10,,,,,
2016-02-08,2401X,PALENCIA,PALENCIA,736,"9,0","0,0","6,3",02:44,"11,8",12:58,22,"5,0","13,6",14:30,,,,,
2016-02-09,2401X,PALENCIA,PALENCIA,736,"9,0","0,0","6,8",22:37,"11,1",14:12,26,"9,4","21,7",17:10,,,,,
2016-02-10,2401X,PALENCIA,PALENCIA,736,"10,9","11,8","6,5",01:59,"15,3",13:18,26,"9,2","24,2",14:20,,,,,
2016-02-11,2401X,PALENCIA,PALENCIA,736,"11,0","7,6","8,1",07:22,"13,8",15:11,27,"4,2","15,8",21:30,,,,,
2016-02-12,2401X,PALENCIA,PALENCIA,736,"10,8","3,4","8,1",03:04,"13,4",15:45,26,"8,3","16,4",16:30,,,,,
2016-02-13,2401X,PALENCIA,PALENCIA,736,"11,4","1,4","8,3",23:25,"14,6",12:41,25,"10,3","23,6",18:10,,,,,
2016-02-14,2401X,PALENCIA,PALENCIA,736,"5,2","2,6","1,7",24:00,"8,6",00:04,33,"7,2","17,5",14:10,,,,,
2016-02-15,2401X,PALENCIA,PALENCIA,736,"2,6","1,0","-0,2",23:46,"5,3",13:05,30,"4,4","17,2",03:10,,,,,
2016-02-16,2401X,PALENCIA,PALENCIA,736,"1,5","0,0","-1,8",23:47,"4,8",12:10,36,"2,2","10,0",12:00,,,,,
2016-02-17,2401X,PALENCIA,PALENCIA,736,"0,6","5,2","-6,2",07:04,"7,5",14:42,28,"2,5","10,3",17:40,,,,,
2016-02-18,2401X,PALENCIA,PALENCIA,736,"3,2","0,0","-1,4",23:58,"7,9",15:30,28,"1,4","7,5",03:20,,,,,
2016-02-19,2401X,PALENCIA,PALENCIA,736,"2,2","0,0","-4,5",06:55,"8,8",15:24,32,"1,7","3,9",04:20,,,,,
2016-02-20,2401X,PALENCIA,PALENCIA,736,"4,0","0,0","-4,4",06:34,"12,5",15:16,33,"0,8","4,7",14:00,,,,,
2016-02-21,2401X,PALENCIA,PALENCIA,736,"6,4","0,0","-2,0",04:48,"14,9",14:40,12,"1,4","5,0",15:00,,,,,
2016-02-22,2401X,PALENCIA,PALENCIA,736,"7,2","0,0","0,9",05:56,"13,6",13:30,27,"2,2","8,1",13:40,,,,,
2016-02-23,2401X,PALENCIA,PALENCIA,736,"7,0","0,0","0,5",05:53,"13,4",15:07,24,"1,9","8,1",14:20,,,,,
2016-02-24,2401X,PALENCIA,PALENCIA,736,"5,9","3,0","2,6",03:51,"9,2",13:30,26,"1,9","11,1",21:20,,,,,
2016-02-25,2401X,PALENCIA,PALENCIA,736,"7,1","0,0","2,4",05:26,"11,8",13:39,99,"4,7","10,3",Varias,,,,,
2016-02-26,2401X,PALENCIA,PALENCIA,736,"5,1","6,2","2,7",24:00,"7,5",12:35,29,"3,9","12,2",23:59,,,,,
2016-02-27,2401X,PALENCIA,PALENCIA,736,"4,0","0,0","0,5",06:44,"7,5",15:21,28,"7,8","14,2",06:10,,,,,
2016-02-28,2401X,PALENCIA,PALENCIA,736,"5,4","0,0","-0,1",03:25,"11,0",13:21,99,"3,3","10,8",00:10,,,,,
2016-02-29,2401X,PALENCIA,PALENCIA,736,"4,0","0,0","-2,8",06:38,"10,8",13:38,99,"2,5","7,8",Varias,,,,,
2016-03-01,2401X,PALENCIA,PALENCIA,736,"3,8","0,0","-4,8",06:27,"12,3",15:12,27,"1,1","6,7",14:50,,,,,
2016-03-02,2401X,PALENCIA,PALENCIA,736,"8,7","0,0","2,0",01:15,"15,4",15:12,27,"6,7","14,2",13:00,,,,,
2016-03-03,2401X,PALENCIA,PALENCIA,736,"7,1","0,0","1,1",04:36,"13,1",15:17,32,"4,2","9,4",11:40,,,,,
2016-03-04,2401X,PALENCIA,PALENCIA,736,"6,8","1,0","1,3",23:51,"12,3",13:23,24,"6,4","18,6",13:30,,,,,
2016-03-05,2401X,PALENCIA,PALENCIA,736,"4,8","0,2","0,2",04:34,"9,5",13:40,27,"6,9","14,2",09:00,,,,,
2016-03-06,2401X,PALENCIA,PALENCIA,736,"4,6","3,6","-0,6",04:22,"9,9",14:48,30,"5,0","12,5",15:10,,,,,
2016-03-07,2401X,PALENCIA,PALENCIA,736,"5,4","0,0","1,6",20:23,"9,2",14:37,26,"3,9","13,9",03:10,,,,,
2016-03-08,2401X,PALENCIA,PALENCIA,736,"3,6","0,4","-2,1",02:56,"9,3",16:51,33,"1,4","6,4",17:30,,,,,
2016-03-09,2401X,PALENCIA,PALENCIA,736,"5,7","1,0","-1,5",01:39,"12,9",13:45,30,"5,6","15,3",15:10,,,,,
2016-03-10,2401X,PALENCIA,PALENCIA,736,"4,4","0,0","-0,9",06:45,"9,6",14:05,32,"1,9","10,3",10:10,,,,,
2016-03-11,2401X,PALENCIA,PALENCIA,736,"4,8","0,0","0,2",22:23,"9,5",14:27,07,"2,5","8,9",16:50,,,,,
2016-03-12,2401X,PALENCIA,PALENCIA,736,"4,2","0,0","-1,2",04:00,"9,6",14:51,06,"2,5","8,6",09:10,,,,,
2016-03-13,2401X,PALENCIA,PALENCIA,736,"5,0","0,0","-1,3",06:39,"11,3",14:42,07,"2,8","10,0",13:10,,,,,
2016-03-14,2401X,PALENCIA,PALENCIA,736,"3,0","0,0","-4,3",Varias,"10,2",15:00,99,"0,8","6,1",10:30,,,,,
2016-03-15,2401X,PALENCIA,PALENCIA,736,"3,6","0,0","-4,4",03:20,"11,6",14:53,32,"0,8","5,0",14:30,,,,,
2016-03-16,2401X,PALENCIA,PALENCIA,736,"4,5","0,0","-5,1",06:25,"14,1",15:34,04,"2,2","7,8",18:20,,,,,
2016-03-17,2401X,PALENCIA,PALENCIA,736,"5,0","0,0","-1,1",04:31,"11,2",14:22,34,"0,3","4,7",14:30,,,,,
2016-03-18,2401X,PALENCIA,PALENCIA,736,"4,6","4,0","-2,2",06:28,"11,5",13:14,33,"2,2","6,7",14:40,,,,,
2016-03-19,2401X,PALENCIA,PALENCIA,736,"7,2","1,8","5,2",22:02,"9,1",11:48,14,"1,4","5,3",09:20,,,,,
2016-03-20,2401X,PALENCIA,PALENCIA,736,"6,8","0,2","2,6",23:57,"10,9",11:31,29,"1,4","5,0",13:40,,,,,
2016-03-21,2401X,PALENCIA,PALENCIA,736,"6,0","0,0","0,6",04:27,"11,4",12:41,12,"2,5","9,7",15:00,,,,,
2016-03-22,2401X,PALENCIA,PALENCIA,736,"7,7","0,0","3,6",06:07,"11,8",Varias,08,"2,2","8,1",10:30,,,,,
2016-03-23,2401X,PALENCIA,PALENCIA,736,"5,0","0,0","0,7",06:47,"9,2",16:35,07,"4,2","12,2",18:00,,,,,
2016-03-24,2401X,PALENCIA,PALENCIA,736,"7,0","0,0","-1,8",06:34,"15,7",15:52,23,"1,4","5,3",15:10,,,,,
2016-03-25,2401X,PALENCIA,PALENCIA,736,"10,1","0,0","4,2",02:03,"16,0",15:43,28,"1,4","5,6",11:40,,,,,
2016-03-26,2401X,PALENCIA,PALENCIA,736,"12,0","6,0","6,3",23:57,"17,7",13:05,24,"4,7","14,7",15:50,,,,,
2016-03-27,2401X,PALENCIA,PALENCIA,736,"6,6","0,0","0,9",06:16,"12,4",14:55,26,"3,6","13,3",15:30,,,,,
2016-03-28,2401X,PALENCIA,PALENCIA,736,"10,2","2,4","6,6",00:52,"13,9",15:28,24,"5,6","13,6",15:20,,,,,
2016-03-29,2401X,PALENCIA,PALENCIA,736,"11,4","0,0","7,5",21:00,"15,4",15:51,24,"5,3","11,7",10:40,,,,,
2016-03-30,2401X,PALENCIA,PALENCIA,736,"11,0","11,4","2,4",06:05,"19,6",15:01,24,"3,1","11,9",16:50,,,,,
2016-03-31,2401X,PALENCIA,PALENCIA,736,"4,0","5,0","-1,2",23:44,"9,3",17:19,26,"1,4","12,2",03:40,,,,,
2016-04-01,2401X,PALENCIA,PALENCIA,736,"3,9","0,0","-3,5",05:41,"11,3",Varias,05,"1,4","6,7",11:30,,,,,
2016-04-02,2401X,PALENCIA,PALENCIA,736,"6,2","5,6","-2,6",06:07,"15,1",13:06,26,"2,8","9,2",13:10,,,,,
2016-04-03,2401X,PALENCIA,PALENCIA,736,"7,4","11,4","4,2",20:32,"10,7",14:00,24,"4,2","14,2",13:30,,,,,
2016-04-04,2401X,PALENCIA,PALENCIA,736,"7,4","9,0","4,8",05:45,"10,1",15:11,27,"1,9","7,8",12:50,,,,,
2016-04-05,2401X,PALENCIA,PALENCIA,736,"6,8","0,0","-0,5",05:47,"14,0",13:46,07,"1,7","9,2",15:10,,,,,
2016-04-06,2401X,PALENCIA,PALENCIA,736,"8,0","0,0","0,4",06:01,"15,6",16:11,99,"2,5","6,1",Varias,,,,,
2016-04-07,2401X,PALENCIA,PALENCIA,736,"8,4","0,0","0,9",04:45,"15,9",15:50,07,"1,7","8,1",16:50,,,,,
2016-04-08,2401X,PALENCIA,PALENCIA,736,"5,2","0,0","-2,1",05:48,"12,6",16:14,26,"2,5","8,6",15:30,,,,,
2016-04-09,2401X,PALENCIA,PALENCIA,736,"8,0","0,0","0,5",01:17,"15,4",13:35,26,"3,9","12,5",15:20,,,,,
2016-04-10,2401X,PALENCIA,PALENCIA,736,"8,1","2,2","2,9",23:53,"13,3",13:15,22,"5,0","17,5",12:10,,,,,
2016-04-11,2401X,PALENCIA,PALENCIA,736,"8,2","1,4","2,9",02:42,"13,6",13:56,24,"3,9","12,5",14:50,,,,,
2016-04-12,2401X,PALENCIA,PALENCIA,736,"8,4","8,2","3,2",20:42,"13,6",13:10,27,"2,8","11,9",11:00,,,,,
2016-04-13,2401X,PALENCIA,PALENCIA,736,"9,4","0,0","4,0",06:05,"14,9",16:10,24,"3,6","10,3",11:40,,,,,
2016-04-14,2401X,PALENCIA,PALENCIA,736,"12,2","16,8","7,9",Varias,"16,5",12:10,20,"4,2","13,9",12:10,,,,,
2016-04-15,2401X,PALENCIA,PALENCIA,736,"12,7","10,4","8,1",23:57,"17,3",13:10,24,"3,3","13,9",14:50,,,,,
2016-04-16,2401X,PALENCIA,PALENCIA,736,"10,2","11,0","4,4",23:42,"16,1",13:59,25,"5,3","14,7",16:20,,,,,
2016-04-17,2401X,PALENCIA,PALENCIA,736,"8,1","3,2","2,8",04:33,"13,4",12:36,25,"2,5","10,3",13:40,,,,,
2016-04-18,2401X,PALENCIA,PALENCIA,736,"9,6","0,0","1,4",02:40,"17,8",14:49,07,"1,9","7,8",14:30,,,,,
2016-04-19,2401X,PALENCIA,PALENCIA,736,"13,8","8,8","10,2",00:01,"17,3",10:56,13,"2,2","8,9",08:50,,,,,
2016-04-20,2401X,PALENCIA,PALENCIA,736,"11,4","6,4","7,7",23:42,"15,0",14:15,14,"1,9","9,2",06:10,,,,,
2016-04-21,2401X,PALENCIA,PALENCIA,736,"11,0","1,6","7,0",01:52,"15,1",15:31,28,"2,8","9,4",11:40,,,,,
2016-04-22,2401X,PALENCIA,PALENCIA,736,"10,8","25,2","6,5",00:50,"15,2",13:53,28,"0,8","7,8",16:30,,,,,
2016-04-23,2401X,PALENCIA,PALENCIA,736,"10,0","13,8","4,3",24:00,"15,6",12:27,32,"1,4","6,9",13:30,,,,,
2016-04-24,2401X,PALENCIA,PALENCIA,736,"8,1","0,0","1,2",05:20,"15,0",16:34,04,"1,7","6,7",14:30,,,,,
2016-04-25,2401X,PALENCIA,PALENCIA,736,"8,2","0,0","0,2",05:32,"16,1",15:45,33,"1,1","6,7",10:10,,,,,
2016-04-26,2401X,PALENCIA,PALENCIA,736,"11,0","0,0","1,8",05:16,"20,3",16:03,36,"1,9","8,9",11:00,,,,,
2016-04-27,2401X,PALENCIA,PALENCIA,736,"10,6","0,2","5,4",05:48,"15,7",13:11,34,"1,9","6,4",16:30,,,,,
2016-04-28,2401X,PALENCIA,PALENCIA,736,"9,7","0,0","4,1",23:42,"15,3",15:18,08,"2,8","7,2",07:50,,,,,
2016-04-29,2401X,PALENCIA,PALENCIA,736,"9,4","0,0","0,6",05:16,"18,2",14:36,36,"1,1","6,7",23:20,,,,,
2016-04-30,2401X,PALENCIA,PALENCIA,736,"8,2","0,0","2,5",24:00,"13,9",14:27,07,"2,2","7,5",15:30,,,,,
2016-05-01,2401X,PALENCIA,PALENCIA,736,"7,2","0,0","-0,1",Varias,"14,6",15:10,05,"2,5","8,3",12:30,,,,,
2016-05-02,2401X,PALENCIA,PALENCIA,736,"10,0","0,0","-0,2",05:17,"20,3",15:27,33,"1,7","6,1",13:10,,,,,
2016-05-03,2401X,PALENCIA,PALENCIA,736,"12,2","0,0","2,0",05:24,"22,4",15:41,04,"1,7","5,8",17:50,,,,,
2016-05-04,2401X,PALENCIA,PALENCIA,736,"14,2","0,0","1,9",05:23,"26,5",15:45,25,"1,4","5,6",13:20,,,,,
2016-05-05,2401X,PALENCIA,PALENCIA,736,"15,4","5,8","6,7",03:40,"24,2",14:30,99,"2,2","11,4",17:40,,,,,
2016-05-06,2401X,PALENCIA,PALENCIA,736,"13,5","8,2","10,1",04:36,"16,9",13:11,28,"2,5","10,3",18:10,,,,,
2016-05-07,2401X,PALENCIA,PALENCIA,736,"13,5","2,6","9,4",05:44,"17,6",12:52,16,"2,5","9,7",17:40,,,,,
2016-05-08,2401X,PALENCIA,PALENCIA,736,"12,0","3,0","8,1",09:04,"15,9",16:42,27,"3,6","11,4",08:50,,,,,
2016-05-09,2401X,PALENCIA,PALENCIA,736,"11,8","5,8","6,9",20:50,"16,7",10:26,26,"2,5","11,1",16:30,,,,,
2016-05-10,2401X,PALENCIA,PALENCIA,736,"10,2","3,0","4,0",03:13,"16,3",12:44,99,"2,8","9,4",11:50,,,,,
2016-05-11,2401X,PALENCIA,PALENCIA,736,"11,0","1,0","5,5",05:51,"16,5",16:23,28,"1,4","8,6",10:20,,,,,
2016-05-12,2401X,PALENCIA,PALENCIA,736,"11,7","1,2","7,6",23:18,"15,8",12:59,30,"3,3","10,8",14:40,,,,,
2016-05-13,2401X,PALENCIA,PALENCIA,736,"12,2","2,2","7,0",02:50,"17,4",15:06,28,"3,1","8,3",14:20,,,,,
2016-05-14,2401X,PALENCIA,PALENCIA,736,"13,9","0,0","8,9",00:19,"18,9",16:10,28,"1,9","7,2",12:20,,,,,
2016-05-15,2401X,PALENCIA,PALENCIA,736,"12,8","0,0","7,8",02:16,"17,8",15:11,08,"1,9","7,2",09:40,,,,,
2016-05-16,2401X,PALENCIA,PALENCIA,736,"11,8","0,0","3,0",04:47,"20,6",17:10,33,"1,4","5,8",13:40,,,,,
2016-05-17,2401X,PALENCIA,PALENCIA,736,"14,8","0,0","7,0",05:06,"22,5",15:50,28,"1,4","4,7",16:50,,,,,
2016-05-18,2401X,PALENCIA,PALENCIA,736,"14,6","0,0","6,2",04:56,"23,0",15:33,27,"3,1","10,3",16:10,,,,,
2016-05-19,2401X,PALENCIA,PALENCIA,736,"14,2","0,0","4,3",04:53,"24,0",18:04,15,"1,1","5,8",20:30,,,,,
2016-05-20,2401X,PALENCIA,PALENCIA,736,"16,8","0,0","7,0",04:52,"26,5",14:43,27,"1,4","5,0",13:00,,,,,
2016-05-21,2401X,PALENCIA,PALENCIA,736,"17,6","0,6","8,9",Varias,"26,2",11:23,28,"2,5","15,0",15:00,,,,,
2016-05-22,2401X,PALENCIA,PALENCIA,736,"11,4","0,6","5,0",23:58,"17,7",14:21,28,"5,8","13,9",11:40,,,,,
2016-05-23,2401X,PALENCIA,PALENCIA,736,"11,2","0,0","2,6",04:00,"19,7",17:14,14,"1,1","5,8",09:10,,,,,
2016-05-24,2401X,PALENCIA,PALENCIA,736,"15,0","4,2","6,9",04:59,"23,2",13:56,26,"2,8","12,8",15:40,,,,,
2016-05-25,2401X,PALENCIA,PALENCIA,736,"15,4","0,0","9,8",05:19,"21,0",14:53,29,"2,5","8,9",10:00,,,,,
2016-05-26,2401X,PALENCIA,PALENCIA,736,"15,6","0,0","8,6",04:03,"22,6",16:37,27,"1,7","6,7",11:40,,,,,
2016-05-27,2401X,PALENCIA,PALENCIA,736,"15,6","0,0","8,4",04:44,"22,8",13:07,27,"2,5","8,3",12:00,,,,,
2016-05-28,2401X,PALENCIA,PALENCIA,736,"13,7","1,8","8,4",23:16,"19,0",10:54,25,"2,8","13,3",11:20,,,,,
2016-05-29,2401X,PALENCIA,PALENCIA,736,"12,7","6,8","8,1",04:27,"17,3",14:26,28,"4,4","13,6",13:10,,,,,
2016-05-30,2401X,PALENCIA,PALENCIA,736,"12,4","0,2","5,9",04:52,"18,8",15:10,27,"3,3","8,1",12:30,,,,,
2016-05-31,2401X,PALENCIA,PALENCIA,736,"13,0","0,0","4,3",05:03,"21,8",17:06,05,"0,8","5,6",19:50,,,,,
2016-06-01,2401X,PALENCIA,PALENCIA,736,"13,4","0,0","3,9",04:47,"23,0",16:36,36,"1,1","5,0",16:50,,,,,
2016-06-02,2401X,PALENCIA,PALENCIA,736,"15,2","0,0","4,5",04:25,"25,8",15:40,30,"1,4","6,4",11:30,,,,,
2016-06-03,2401X,PALENCIA,PALENCIA,736,"17,8","0,0","8,1",05:05,"27,4",15:04,28,"1,4","8,9",12:50,,,,,
2016-06-04,2401X,PALENCIA,PALENCIA,736,"18,2","0,0","10,4",04:49,"25,9",14:17,05,"1,1","6,7",19:30,,,,,
2016-06-05,2401X,PALENCIA,PALENCIA,736,"18,0","0,0","8,5",Varias,"27,4",15:41,24,"1,1","6,1",14:50,,,,,
2016-06-06,2401X,PALENCIA,PALENCIA,736,"18,6","0,0","11,3",01:19,"25,8",13:34,27,"2,8","8,9",12:40,,,,,
2016-06-07,2401X,PALENCIA,PALENCIA,736,"19,9","0,0","9,6",04:22,"30,2",16:15,13,"1,1","6,4",11:30,,,,,
2016-06-08,2401X,PALENCIA,PALENCIA,736,"21,2","0,0","11,0",04:44,"31,3",16:33,28,"1,4","6,9",15:40,,,,,
2016-06-09,2401X,PALENCIA,PALENCIA,736,"21,9","0,0","12,4",04:45,"31,4",14:40,28,"1,1","8,9",20:50,,,,,
2016-06-10,2401X,PALENCIA,PALENCIA,736,"19,5","0,0","12,8",24:00,"26,2",13:17,26,"1,9","7,5",16:00,,,,,
2016-06-11,2401X,PALENCIA,PALENCIA,736,"17,8","0,0","10,0",04:50,"25,5",15:06,34,"2,5","7,8",13:50,,,,,
2016-06-12,2401X,PALENCIA,PALENCIA,736,"18,6","0,0","9,5",05:02,"27,7",14:22,28,"2,5","9,4",23:59,,,,,
2016-06-13,2401X,PALENCIA,PALENCIA,736,"20,7","0,0","13,7",23:33,"27,7",15:14,32,"5,8","13,3",17:00,,,,,
2016-06-14,2401X,PALENCIA,PALENCIA,736,"16,2","0,0","8,8",04:19,"23,6",13:22,27,"5,8","16,7",14:30,,,,,
2016-06-15,2401X,PALENCIA,PALENCIA,736,"13,8","1,2","8,6",23:17,"18,9",Varias,28,"4,2","16,9",14:50,,,,,
2016-06-16,2401X,PALENCIA,PALENCIA,736,"13,5","0,2","7,8",05:04,"19,2",15:26,32,"6,1","12,8",18:20,,,,,
2016-06-17,2401X,PALENCIA,PALENCIA,736,"13,7","0,0","7,8",04:28,"19,6",14:15,99,"3,9","11,1",Varias,,,,,
2016-06-18,2401X,PALENCIA,PALENCIA,736,"14,0","0,0","6,6",04:18,"21,5",16:40,34,"1,4","7,5",10:50,,,,,
2016-06-19,2401X,PALENCIA,PALENCIA,736,"14,6","0,0","4,3",04:45,"24,9",16:45,34,"1,1","6,1",Varias,,,,,
2016-06-20,2401X,PALENCIA,PALENCIA,736,"19,2","0,0","8,1",04:56,"30,4",17:10,99,"1,4","5,0",Varias,,,,,
2016-06-21,2401X,PALENCIA,PALENCIA,736,"22,4","0,0","10,4",04:43,"34,3",16:23,14,"1,1","8,3",12:20,,,,,
2016-06-22,2401X,PALENCIA,PALENCIA,736,"25,2","0,0","15,8",03:20,"34,7",15:10,12,"2,5","8,1",13:30,,,,,
2016-06-23,2401X,PALENCIA,PALENCIA,736,"23,3","0,0","14,1",03:54,"32,5",14:13,24,"3,3","11,1",17:00,,,,,
2016-06-24,2401X,PALENCIA,PALENCIA,736,"20,8","0,4","12,4",04:31,"29,2",14:55,06,"1,9","10,0",16:00,,,,,
2016-06-25,2401X,PALENCIA,PALENCIA,736,"18,2","0,0","12,3",23:43,"24,1",14:00,08,"3,9","10,3",15:40,,,,,
2016-06-26,2401X,PALENCIA,PALENCIA,736,"16,4","0,0","10,6",04:28,"22,2",14:47,04,"4,4","10,3",13:40,,,,,
2016-06-27,2401X,PALENCIA,PALENCIA,736,"19,6","0,0","9,1",04:38,"30,0",15:41,32,"1,7","6,7",15:50,,,,,
2016-06-28,2401X,PALENCIA,PALENCIA,736,"21,4","0,0","9,4",05:00,"33,3",17:09,27,"1,9","7,8",15:20,,,,,
2016-06-29,2401X,PALENCIA,PALENCIA,736,"21,7","0,0","12,2",04:53,"31,2",15:22,34,"1,7","7,5",16:00,,,,,
2016-06-30,2401X,PALENCIA,PALENCIA,736,"21,3","0,0","11,8",05:05,"30,8",15:57,28,"2,2","7,2",14:10,,,,,
2016-07-01,2401X,PALENCIA,PALENCIA,736,"21,4","0,0","11,0",05:02,"31,9",17:46,99,"2,2","7,8",Varias,,,,,
2016-07-02,2401X,PALENCIA,PALENCIA,736,"20,6","0,0","12,4",05:06,"28,7",16:56,07,"2,8","8,3",20:50,,,,,
2016-07-03,2401X,PALENCIA,PALENCIA,736,"20,8","0,0","10,1",04:48,"31,6",15:38,08,"1,9","8,1",19:00,,,,,
2016-07-04,2401X,PALENCIA,PALENCIA,736,"24,2","5,6","14,9",Varias,"33,4",15:31,13,"1,9","13,3",17:30,,,,,
2016-07-05,2401X,PALENCIA,PALENCIA,736,"23,2","0,6","14,3",04:25,"32,1",14:48,99,"1,7","8,6",18:50,,,,,
2016-07-06,2401X,PALENCIA,PALENCIA,736,"24,6","0,0","14,7",04:59,"34,5",16:03,28,"1,7","8,6",19:40,,,,,
2016-07-07,2401X,PALENCIA,PALENCIA,736,"23,4","0,0","14,9",04:51,"31,9",18:10,14,"1,4","8,6",01:50,,,,,
2016-07-08,2401X,PALENCIA,PALENCIA,736,"24,0","0,0","14,3",04:57,"33,8",15:42,36,"1,9","7,8",19:50,,,,,
2016-07-09,2401X,PALENCIA,PALENCIA,736,"24,4","0,0","13,3",04:42,"35,4",14:34,27,"1,7","8,6",14:40,,,,,
2016-07-10,2401X,PALENCIA,PALENCIA,736,"25,4","0,0","15,4",03:41,"35,4",15:03,28,"3,9","11,1",14:40,,,,,
2016-07-11,2401X,PALENCIA,PALENCIA,736,"21,2","0,0","13,6",04:28,"28,8",13:21,07,"1,7","7,5",18:40,,,,,
2016-07-12,2401X,PALENCIA,PALENCIA,736,"19,4","0,0","11,9",23:59,"26,9",16:03,04,"2,5","11,4",18:10,,,,,
2016-07-13,2401X,PALENCIA,PALENCIA,736,"15,3","0,0","8,9",05:03,"21,7",16:08,07,"3,1","8,3",11:40,,,,,
2016-07-14,2401X,PALENCIA,PALENCIA,736,"15,8","0,0","7,1",04:57,"24,6",14:35,07,"2,8","8,9",22:40,,,,,
2016-07-15,2401X,PALENCIA,PALENCIA,736,"17,8","0,0","7,6",05:06,"28,1",16:37,08,"1,9","6,4",15:50,,,,,
2016-07-16,2401X,PALENCIA,PALENCIA,736,"21,4","0,0","9,8",05:04,"33,1",16:56,33,"1,4","5,0",16:10,,,,,
2016-07-17,2401X,PALENCIA,PALENCIA,736,"23,2","0,0","11,0",03:54,"35,4",16:46,36,"1,1","5,8",14:40,,,,,
2016-07-18,2401X,PALENCIA,PALENCIA,736,"26,0","0,0","14,5",05:04,"37,5",16:26,14,"1,9","7,8",15:20,,,,,
2016-07-19,2401X,PALENCIA,PALENCIA,736,"26,7","0,0","16,4",02:44,"37,0",15:57,26,"2,8","10,0",12:10,,,,,
2016-07-20,2401X,PALENCIA,PALENCIA,736,"25,8","0,0","17,3",23:57,"34,2",15:23,28,"2,8","11,1",14:20,,,,,
2016-07-21,2401X,PALENCIA,PALENCIA,736,"22,8","0,0","14,0",05:21,"31,6",14:50,28,"2,2","9,2",13:50,,,,,
2016-07-22,2401X,PALENCIA,PALENCIA,736,"20,4","0,0","14,0",05:12,"26,7",14:54,06,"2,8","9,2",18:30,,,,,
2016-07-23,2401X,PALENCIA,PALENCIA,736,"19,8","0,0","12,7",04:47,"26,9",16:34,03,"3,3","8,6",09:30,,,,,
2016-07-24,2401X,PALENCIA,PALENCIA,736,"20,7","0,0","11,2",Varias,"30,2",15:55,04,"1,7","7,2",09:20,,,,,
2016-07-25,2401X,PALENCIA,PALENCIA,736,"22,2","0,0","10,5",05:14,"33,8",16:02,06,"1,4","5,8",20:50,,,,,
2016-07-26,2401X,PALENCIA,PALENCIA,736,"24,4","0,0","14,1",05:02,"34,8",15:37,03,"2,2","8,9",18:30,,,,,
2016-07-27,2401X,PALENCIA,PALENCIA,736,"22,8","0,0","15,5",04:54,"30,0",15:48,99,"3,1","8,1",Varias,,,,,
2016-07-28,2401X,PALENCIA,PALENCIA,736,"23,4","0,0","12,4",05:19,"34,3",16:11,33,"1,4","6,7",15:50,,,,,
2016-07-29,2401X,PALENCIA,PALENCIA,736,"26,8","0,0","15,2",05:16,"38,3",15:24,24,"2,2","9,7",15:30,,,,,
2016-07-30,2401X,PALENCIA,PALENCIA,736,"25,0","0,0","15,7",Varias,"34,4",15:47,27,"2,8","9,7",18:50,,,,,
2016-07-31,2401X,PALENCIA,PALENCIA,736,"21,9","0,0","15,3",05:24,"28,5",15:10,07,"1,1","7,2",19:00,,,,,
2016-08-01,2401X,PALENCIA,PALENCIA,736,"21,9","0,0","13,0",04:17,"30,8",15:59,06,"1,7","6,7",00:20,,,,,
2016-08-02,2401X,PALENCIA,PALENCIA,736,"23,2","0,0","12,6",05:15,"33,8",16:11,30,"1,7","6,7",14:00,,,,,
2016-08-03,2401X,PALENCIA,PALENCIA,736,"24,2","0,0","13,0",05:31,"35,5",Varias,23,"1,7","10,0",15:30,,,,,
2016-08-04,2401X,PALENCIA,PALENCIA,736,"21,8","0,0","12,3",05:31,"31,4",14:43,27,"3,1","9,7",14:10,,,,,
2016-08-05,2401X,PALENCIA,PALENCIA,736,"21,5","0,0","13,3",05:34,"29,7",15:46,05,"2,5","8,9",17:40,,,,,
2016-08-06,2401X,PALENCIA,PALENCIA,736,"23,4","0,0","13,5",05:22,"33,3",14:58,07,"3,3","10,3",15:30,,,,,
2016-08-08,2401X,PALENCIA,PALENCIA,736,,"0,0",,,,,,,,,,,,,
2016-08-09,2401X,PALENCIA,PALENCIA,736,"19,2","0,0","13,1",23:59,"25,4",14:14,06,"4,4","13,3",18:30,,,,,
2016-08-10,2401X,PALENCIA,PALENCIA,736,"16,7","0,0","10,4",05:10,"23,0",14:32,10,"4,4","12,2",08:40,,,,,
2016-08-11,2401X,PALENCIA,PALENCIA,736,"16,4","0,0","9,2",Varias,"23,6",16:13,08,"2,8","9,2",10:10,,,,,
2016-08-12,2401X,PALENCIA,PALENCIA,736,"20,0","0,0","7,8",05:40,"32,3",15:53,21,"0,8","4,7",16:10,,,,,
2016-08-13,2401X,PALENCIA,PALENCIA,736,"21,1","0,0","8,3",05:24,"33,9",15:11,33,"1,4","5,3",13:10,,,,,
2016-08-14,2401X,PALENCIA,PALENCIA,736,"23,0","0,0","12,0",05:26,"34,1",15:18,07,"0,6","9,4",21:30,,,,,
2016-08-15,2401X,PALENCIA,PALENCIA,736,"25,0","0,0","14,7",05:13,"35,4",14:11,02,"1,7","8,6",18:10,,,,,
2016-08-16,2401X,PALENCIA,PALENCIA,736,"23,0","0,0","13,9",04:46,"32,1",15:52,29,"1,9","8,9",11:10,,,,,
2016-08-17,2401X,PALENCIA,PALENCIA,736,"22,0","0,0","12,8",05:41,"31,1",14:30,27,"2,2","10,0",19:00,,,,,
2016-08-18,2401X,PALENCIA,PALENCIA,736,"21,8","0,0","13,4",04:25,"30,3",15:43,28,"1,9","7,2",14:40,,,,,
2016-08-19,2401X,PALENCIA,PALENCIA,736,"20,8","0,0","12,0",04:59,"29,5",13:55,28,"3,6","12,5",12:40,,,,,
2016-08-20,2401X,PALENCIA,PALENCIA,736,"20,6","0,0","13,5",23:59,"27,7",15:24,08,"1,4","7,5",19:30,,,,,
2016-08-21,2401X,PALENCIA,PALENCIA,736,"19,2","0,0","10,5",05:28,"28,0",15:40,07,"1,4","5,8",11:50,,,,,
2016-08-22,2401X,PALENCIA,PALENCIA,736,"22,4","0,0","10,1",05:38,"34,8",Varias,99,"1,1","3,9",Varias,,,,,
2016-08-23,2401X,PALENCIA,PALENCIA,736,"25,0","0,0","12,4",05:41,"37,6",14:22,19,"1,4","6,1",13:30,,,,,
2016-08-24,2401X,PALENCIA,PALENCIA,736,"27,2","0,0","18,2",03:20,"36,2",14:32,12,"1,7","8,1",11:40,,,,,
2016-08-25,2401X,PALENCIA,PALENCIA,736,"24,8","0,0","13,5",05:42,"36,1",14:56,12,"1,4","6,9",12:50,,,,,
2016-08-26,2401X,PALENCIA,PALENCIA,736,"21,6","0,0","15,4",23:56,"27,9",14:16,30,"1,7","9,7",11:10,,,,,
2016-08-27,2401X,PALENCIA,PALENCIA,736,"23,9","0,0","13,5",Varias,"34,3",15:06,26,"1,7","11,4",13:00,,,,,
2016-08-28,2401X,PALENCIA,PALENCIA,736,"23,4","0,0","14,2",05:56,"32,6",14:10,99,"1,7","7,8",Varias,,,,,
2016-08-29,2401X,PALENCIA,PALENCIA,736,"18,7","0,0","13,6",05:45,"23,8",13:02,08,"2,8","9,7",16:30,,,,,
2016-08-30,2401X,PALENCIA,PALENCIA,736,"20,0","0,0","11,5",05:58,"28,6",16:12,34,"1,1","10,0",13:20,,,,,
2016-08-31,2401X,PALENCIA,PALENCIA,736,"20,6","0,0","12,3",06:05,"28,8",14:26,07,"1,9","7,8",17:40,,,,,
2016-09-01,2401X,PALENCIA,PALENCIA,736,"23,2","0,0","13,8",06:07,"32,6",15:23,03,"0,6","5,6",03:20,,,,,
2016-09-02,2401X,PALENCIA,PALENCIA,736,"23,6","0,0","12,9",05:54,"34,3",14:27,32,"1,4","6,4",16:30,,,,,
2016-09-03,2401X,PALENCIA,PALENCIA,736,"24,2","0,0","13,7",06:04,"34,6",13:28,28,"1,7","7,2",13:20,,,,,
2016-09-04,2401X,PALENCIA,PALENCIA,736,"23,8","0,0","14,0",05:58,"33,5",14:11,28,"2,8","10,6",16:40,,,,,
2016-09-05,2401X,PALENCIA,PALENCIA,736,"22,7","0,0","11,7",05:46,"33,7",15:26,28,"1,1","6,1",12:30,,,,,
2016-09-06,2401X,PALENCIA,PALENCIA,736,"24,4","0,0","11,8",06:02,"36,9",14:58,12,"0,6","2,8",12:00,,,,,
2016-09-07,2401X,PALENCIA,PALENCIA,736,"25,4","0,0","14,9",05:36,"35,8",13:53,27,"3,1","11,4",13:30,,,,,
2016-09-08,2401X,PALENCIA,PALENCIA,736,"20,8","0,0","14,8",23:55,"26,9",15:04,05,"2,5","8,1",17:20,,,,,
2016-09-09,2401X,PALENCIA,PALENCIA,736,"21,2","0,0","13,9",02:56,"28,5",15:15,35,"1,1","6,7",15:30,,,,,
2016-09-10,2401X,PALENCIA,PALENCIA,736,"19,2","0,0","10,5",05:06,"28,0",15:10,29,"0,6","5,6",14:50,,,,,
2016-09-11,2401X,PALENCIA,PALENCIA,736,"20,8","0,0","10,0",06:02,"31,5",14:48,28,"1,4","6,4",16:10,,,,,
2016-09-12,2401X,PALENCIA,PALENCIA,736,"22,2","0,0","11,3",05:39,"33,2",14:22,25,"1,1","8,1",14:40,,,,,
2016-09-13,2401X,PALENCIA,PALENCIA,736,"15,2","5,8","9,8",23:35,"20,6",09:42,27,"2,2","20,3",10:10,,,,,
2016-09-14,2401X,PALENCIA,PALENCIA,736,"13,5","1,4","9,5",06:16,"17,5",13:56,28,"4,4","10,8",13:00,,,,,
2016-09-15,2401X,PALENCIA,PALENCIA,736,"12,6","1,0","9,6",Varias,"15,7",12:34,99,"5,0","10,8",Varias,,,,,
2016-09-16,2401X,PALENCIA,PALENCIA,736,"16,1","0,0","9,3",06:17,"22,9",13:57,26,"1,1","10,8",00:40,,,,,
2016-09-17,2401X,PALENCIA,PALENCIA,736,"13,8","0,0","8,0",05:57,"19,5",14:00,12,"1,1","6,1",16:40,,,,,
2016-09-18,2401X,PALENCIA,PALENCIA,736,"14,2","0,0","6,3",06:18,"22,2",14:57,34,"1,1","6,1",13:50,,,,,
2016-09-19,2401X,PALENCIA,PALENCIA,736,"14,4","0,0","5,8",05:27,"23,0",14:12,35,"1,4","6,1",15:10,,,,,
2016-09-20,2401X,PALENCIA,PALENCIA,736,"16,6","0,0","9,5",06:26,"23,6",15:18,12,"1,4","6,7",11:10,,,,,
2016-09-21,2401X,PALENCIA,PALENCIA,736,"16,5","0,0","5,6",06:00,"27,4",14:35,28,"1,7","6,9",16:30,,,,,
2016-09-22,2401X,PALENCIA,PALENCIA,736,"16,0","0,0","6,1",06:07,"25,8",14:36,31,"0,6","4,7",15:40,,,,,
2016-09-23,2401X,PALENCIA,PALENCIA,736,"18,2","0,0","9,9",06:34,"26,6",14:43,32,"0,6","4,7",14:00,,,,,
2016-09-24,2401X,PALENCIA,PALENCIA,736,"17,4","1,2","7,3",06:16,"27,5",13:01,28,"1,1","8,1",15:50,,,,,
2016-09-25,2401X,PALENCIA,PALENCIA,736,"17,7","0,0","11,7",23:53,"23,7",15:18,28,"1,4","9,2",00:30,,,,,
2016-09-26,2401X,PALENCIA,PALENCIA,736,"16,2","0,0","8,8",23:59,"23,7",13:02,27,"1,4","6,1",13:50,,,,,
2016-09-27,2401X,PALENCIA,PALENCIA,736,"15,8","0,0","6,4",05:58,"25,3",14:30,33,"1,7","5,8",12:50,,,,,
2016-09-28,2401X,PALENCIA,PALENCIA,736,"18,7","0,0","11,9",05:19,"25,5",14:36,12,"1,7","8,3",10:10,,,,,
2016-09-29,2401X,PALENCIA,PALENCIA,736,"17,8","0,0","7,8",06:07,"27,7",14:27,22,"1,4","6,4",13:30,,,,,
2016-09-30,2401X,PALENCIA,PALENCIA,736,"18,7","0,0","10,2",06:18,"27,2",14:21,26,"2,5","9,2",12:00,,,,,
2016-10-01,2401X,PALENCIA,PALENCIA,736,"16,8","0,0","9,8",Varias,"23,7",13:20,26,"1,1","7,5",14:40,,,,,
2016-10-02,2401X,PALENCIA,PALENCIA,736,"15,0","0,0","5,6",06:24,"24,4",14:22,23,"1,9","6,9",13:40,,,,,
2016-10-03,2401X,PALENCIA,PALENCIA,736,"16,2","0,0","4,9",05:34,"27,6",14:00,29,"0,8","6,4",16:10,,,,,
2016-10-04,2401X,PALENCIA,PALENCIA,736,"16,4","0,0","6,2",05:58,"26,7",13:34,29,"1,7","6,7",14:00,,,,,
2016-10-05,2401X,PALENCIA,PALENCIA,736,"17,0","0,0","8,4",06:27,"25,5",14:30,09,"0,8","5,8",01:50,,,,,
2016-10-06,2401X,PALENCIA,PALENCIA,736,"14,4","0,0","6,7",23:46,"22,1",13:42,07,"1,1","5,3",08:40,,,,,
2016-10-07,2401X,PALENCIA,PALENCIA,736,"13,6","0,0","3,0",06:38,"24,1",14:10,99,"1,4","5,3",Varias,,,,,
2016-10-08,2401X,PALENCIA,PALENCIA,736,"14,9","0,0","5,4",06:44,"24,4",14:56,09,"1,1","6,1",19:30,,,,,
2016-10-09,2401X,PALENCIA,PALENCIA,736,"13,2","0,0","6,8",Varias,"19,7",Varias,06,"1,7","6,7",10:30,,,,,
2016-10-10,2401X,PALENCIA,PALENCIA,736,"11,8","0,0","3,8",23:55,"19,9",14:40,05,"0,8","5,3",10:40,,,,,
2016-10-11,2401X,PALENCIA,PALENCIA,736,"11,3","0,2","0,6",06:23,"22,0",15:01,28,"1,4","7,5",20:50,,,,,
2016-10-12,2401X,PALENCIA,PALENCIA,736,"12,9","12,6","10,4",21:32,"15,4",13:28,14,"1,1","5,8",11:00,,,,,
2016-10-13,2401X,PALENCIA,PALENCIA,736,"13,4","1,2","10,5",07:00,"16,2",15:00,99,"1,1","3,6",Varias,,,,,
2016-10-14,2401X,PALENCIA,PALENCIA,736,"11,9","0,0","6,5",23:47,"17,3",14:12,26,"1,9","7,8",15:20,,,,,
2016-10-15,2401X,PALENCIA,PALENCIA,736,"12,8","0,0","6,0",01:28,"19,7",14:01,20,"1,7","8,6",14:40,,,,,
2016-10-16,2401X,PALENCIA,PALENCIA,736,"13,2","0,0","8,4",01:44,"17,9",12:36,28,"1,7","8,9",13:30,,,,,
2016-10-17,2401X,PALENCIA,PALENCIA,736,"15,6","0,0","11,6",Varias,"19,6",14:10,27,"1,9","5,6",14:30,,,,,
2016-10-18,2401X,PALENCIA,PALENCIA,736,"14,5","0,0","8,2",06:31,"20,8",13:31,99,"1,1","4,2",Varias,,,,,
2016-10-19,2401X,PALENCIA,PALENCIA,736,"14,4","0,0","8,8",05:34,"20,0",14:54,14,"0,6","3,3",11:30,,,,,
2016-10-20,2401X,PALENCIA,PALENCIA,736,"12,2","0,0","6,0",04:55,"18,5",14:37,99,"1,1","6,1",Varias,,,,,
2016-10-21,2401X,PALENCIA,PALENCIA,736,"11,4","0,4","4,3",05:54,"18,6",14:58,99,"0,8","5,0",08:40,,,,,
2016-10-22,2401X,PALENCIA,PALENCIA,736,"11,6","3,4","5,3",05:06,"17,8",15:10,28,"0,8","4,4",01:00,,,,,
2016-10-23,2401X,PALENCIA,PALENCIA,736,"13,7","7,0","10,0",06:58,"17,4",13:54,26,"2,2","14,7",04:30,,,,,
2016-10-24,2401X,PALENCIA,PALENCIA,736,"10,2","1,0","6,0",23:30,"14,5",14:42,13,"0,8","5,3",14:30,,,,,
2016-10-25,2401X,PALENCIA,PALENCIA,736,"12,8","0,0","6,2",00:27,"19,3",14:08,26,"0,0","7,8",05:50,,,,,
2016-10-26,2401X,PALENCIA,PALENCIA,736,"14,6","0,0","7,0",06:27,"22,3",14:21,14,"0,6","3,6",13:10,,,,,
2016-10-27,2401X,PALENCIA,PALENCIA,736,"15,4","0,0","6,8",06:39,"24,1",14:17,18,"0,6","3,6",12:00,,,,,
2016-10-28,2401X,PALENCIA,PALENCIA,736,"14,8","0,0","4,8",06:41,"24,9",14:57,99,"0,3","2,8",00:10,,,,,
2016-10-29,2401X,PALENCIA,PALENCIA,736,"15,0","0,0","4,2",06:36,"25,8",14:52,13,"0,6","3,3",10:00,,,,,
2016-10-30,2401X,PALENCIA,PALENCIA,736,"12,7","0,0","1,4",06:55,"24,0",13:52,24,"0,6","3,3",17:10,,,,,
2016-10-31,2401X,PALENCIA,PALENCIA,736,"11,6","0,0","-1,1",06:46,"24,4",14:31,34,"0,3","3,3",14:50,,,,,
2016-11-01,2401X,PALENCIA,PALENCIA,736,"8,8","0,0","-0,7",Varias,"18,2",15:10,99,"0,0","2,2",Varias,,,,,
2016-11-02,2401X,PALENCIA,PALENCIA,736,"13,3","0,0","4,3",07:07,"22,3",14:12,30,"0,3","4,2",18:50,,,,,
2016-11-03,2401X,PALENCIA,PALENCIA,736,"11,0","0,0","1,7",06:34,"20,3",14:23,19,"1,1","5,3",15:20,,,,,
2016-11-04,2401X,PALENCIA,PALENCIA,736,"9,4","5,8","5,2",03:00,"13,6",14:11,21,"1,4","6,7",22:00,,,,,
2016-11-05,2401X,PALENCIA,PALENCIA,736,"7,6","10,8","3,3",23:57,"11,9",Varias,24,"1,9","8,6",04:30,,,,,
2016-11-06,2401X,PALENCIA,PALENCIA,736,"5,4","0,0","0,2",04:54,"10,6",13:26,28,"3,9","10,3",14:50,,,,,
2016-11-07,2401X,PALENCIA,PALENCIA,736,"4,2","0,0","-1,2",03:26,"9,7",15:00,32,"2,5","8,6",12:10,,,,,
2016-11-08,2401X,PALENCIA,PALENCIA,736,"4,1","0,8","-2,5",03:15,"10,7",14:21,27,"3,1","10,3",14:40,,,,,
2016-11-09,2401X,PALENCIA,PALENCIA,736,"8,3","0,0","3,7",22:34,"12,9",14:05,24,"4,4","13,1",01:40,,,,,
2016-11-10,2401X,PALENCIA,PALENCIA,736,"6,3","0,0","-0,4",07:18,"13,0",14:17,28,"2,2","8,1",12:30,,,,,
2016-11-11,2401X,PALENCIA,PALENCIA,736,"3,2","0,0","-1,4",05:28,"7,9",14:35,14,"0,6","3,3",08:10,,,,,
2016-11-12,2401X,PALENCIA,PALENCIA,736,"5,6","0,2","1,9",00:01,"9,3",15:11,21,"1,1","4,2",14:20,,,,,
2016-11-13,2401X,PALENCIA,PALENCIA,736,"10,4","0,0","6,9",23:47,"14,0",14:54,09,"2,2","6,7",22:10,,,,,
2016-11-14,2401X,PALENCIA,PALENCIA,736,"7,6","0,0","3,2",23:46,"11,9",12:29,05,"2,5","10,8",12:30,,,,,
2016-11-15,2401X,PALENCIA,PALENCIA,736,"8,4","0,0","2,8",03:50,"13,9",13:54,07,"1,9","10,3",15:40,,,,,
2016-11-16,2401X,PALENCIA,PALENCIA,736,"9,0","0,0","0,1",07:24,"17,9",14:12,34,"0,6","5,0",13:50,,,,,
2016-11-17,2401X,PALENCIA,PALENCIA,736,"9,8","0,0","1,9",02:59,"17,6",14:11,25,"1,7","6,4",15:20,,,,,
2016-11-18,2401X,PALENCIA,PALENCIA,736,"9,0","0,0","4,4",23:40,"13,6",14:01,26,"2,8","9,4",04:50,,,,,
2016-11-19,2401X,PALENCIA,PALENCIA,736,"5,7","0,4","0,4",07:30,"11,0",14:32,22,"2,5","8,9",14:40,,,,,
2016-11-20,2401X,PALENCIA,PALENCIA,736,"9,4","6,6","7,5",02:53,"11,4",15:12,20,"3,9","12,8",13:10,,,,,
2016-11-21,2401X,PALENCIA,PALENCIA,736,"8,0","0,4","4,3",20:26,"11,8",13:25,26,"5,3","19,7",04:40,,,,,
2016-11-22,2401X,PALENCIA,PALENCIA,736,"5,4","0,0","2,9",08:48,"7,9",14:40,03,"1,4","6,7",19:40,,,,,
2016-11-23,2401X,PALENCIA,PALENCIA,736,"4,6","2,0","3,7",23:20,"5,5",15:06,26,"1,4","9,7",22:10,,,,,
2016-11-24,2401X,PALENCIA,PALENCIA,736,"4,8","0,2","1,6",06:32,"7,9",13:17,24,"2,8","8,9",12:50,,,,,
2016-11-25,2401X,PALENCIA,PALENCIA,736,"3,5","0,0","-2,4",07:04,"9,4",14:35,14,"1,7","7,8",13:30,,,,,
2016-11-26,2401X,PALENCIA,PALENCIA,736,"7,0","0,8","4,0",06:23,"9,9",14:46,14,"1,1","8,6",11:20,,,,,
2016-11-27,2401X,PALENCIA,PALENCIA,736,"7,6","0,0","3,6",23:58,"11,7",12:20,14,"2,2","9,4",08:30,,,,,
2016-11-28,2401X,PALENCIA,PALENCIA,736,"5,8","0,0","-0,3",05:52,"11,9",14:12,05,"0,8","6,1",09:40,,,,,
2016-11-29,2401X,PALENCIA,PALENCIA,736,"2,3","0,0","-2,5",05:07,"7,1",15:49,14,"1,7","4,2",06:10,,,,,
2016-11-30,2401X,PALENCIA,PALENCIA,736,"8,0","0,0","1,1",05:54,"14,9",14:25,12,"0,8","5,0",11:20,,,,,
2016-12-01,2401X,PALENCIA,PALENCIA,736,"6,8","0,0","0,7",05:18,"12,9",14:31,15,"0,8","4,2",12:30,,,,,
2016-12-02,2401X,PALENCIA,PALENCIA,736,"6,2","0,0","-0,9",05:40,"13,3",14:40,14,"0,6","2,8",09:50,,,,,
2016-12-03,2401X,PALENCIA,PALENCIA,736,"7,3","2,0","1,3",08:20,"13,3",14:10,14,"0,6","6,1",15:00,,,,,
2016-12-04,2401X,PALENCIA,PALENCIA,736,"10,0","0,4","6,4",00:01,"13,5",12:25,12,"2,2","6,1",11:40,,,,,
2016-12-05,2401X,PALENCIA,PALENCIA,736,"8,5","0,0","3,5",23:17,"13,5",12:56,16,"0,8","6,4",00:30,,,,,
2016-12-06,2401X,PALENCIA,PALENCIA,736,"4,5","0,0","0,7",07:00,"8,3",16:05,14,"1,1","4,2",09:50,,,,,
2016-12-07,2401X,PALENCIA,PALENCIA,736,"3,8","0,0","1,7",Varias,"5,8",16:11,13,"1,1","4,2",13:50,,,,,
2016-12-08,2401X,PALENCIA,PALENCIA,736,"4,4","0,0","1,4",04:05,"7,4",15:59,99,"0,8","2,8",Varias,,,,,
2016-12-09,2401X,PALENCIA,PALENCIA,736,"5,5","0,0","-0,7",23:53,"11,7",14:52,15,"0,6","3,9",14:20,,,,,
2016-12-10,2401X,PALENCIA,PALENCIA,736,"4,8","0,0","-3,2",07:52,"12,7",14:27,33,"0,6","3,3",15:30,,,,,
2016-12-11,2401X,PALENCIA,PALENCIA,736,"3,9","0,0","-0,7",06:57,"8,5",13:38,25,"3,3","11,7",09:20,,,,,
2016-12-12,2401X,PALENCIA,PALENCIA,736,"7,0","0,0","-0,7",00:58,"14,8",14:42,34,"1,1","5,8",12:30,,,,,
2016-12-13,2401X,PALENCIA,PALENCIA,736,"3,0","0,0","0,3",01:42,"5,6",16:10,27,"1,7","4,7",15:20,,,,,
2016-12-14,2401X,PALENCIA,PALENCIA,736,"5,4","2,8","3,2",06:46,"7,6",13:23,14,"1,4","4,4",13:30,,,,,
2016-12-15,2401X,PALENCIA,PALENCIA,736,"5,6","0,0","4,1",Varias,"7,0",10:56,21,"1,4","5,3",11:10,,,,,
2016-12-16,2401X,PALENCIA,PALENCIA,736,"6,0","2,0","3,9",00:43,"8,0",14:30,05,"2,5","8,1",17:40,,,,,
2016-12-17,2401X,PALENCIA,PALENCIA,736,"7,0","0,0","2,3",23:01,"11,8",14:21,06,"1,1","8,3",11:30,,,,,
2016-12-18,2401X,PALENCIA,PALENCIA,736,"5,1","0,0","0,0",23:19,"10,2",14:31,13,"1,7","8,6",14:50,,,,,
2016-12-19,2401X,PALENCIA,PALENCIA,736,"2,2","0,0","-4,3",07:50,"8,6",13:58,08,"2,5","10,8",13:00,,,,,
2016-12-20,2401X,PALENCIA,PALENCIA,736,"3,4","0,0","-0,8",21:42,"7,7",15:10,35,"0,3","3,3",13:40,,,,,
2016-12-21,2401X,PALENCIA,PALENCIA,736,"4,6","0,2","-0,1",06:41,"9,4",15:12,24,"0,8","3,9",15:10,,,,,
2016-12-22,2401X,PALENCIA,PALENCIA,736,"5,6","0,0","0,8",23:51,"10,4",13:13,36,"1,1","3,6",14:10,,,,,
2016-12-23,2401X,PALENCIA,PALENCIA,736,"2,6","0,0","-1,0",03:51,"6,3",15:36,32,"0,8","3,9",11:10,,,,,
2016-12-24,2401X,PALENCIA,PALENCIA,736,"5,0","0,0","4,2",00:01,"5,9",15:11,34,"0,8","3,6",13:40,,,,,
2016-12-25,2401X,PALENCIA,PALENCIA,736,"3,3","0,0","2,2",23:43,"4,4",00:01,99,"0,6","2,5",Varias,,,,,
2016-12-26,2401X,PALENCIA,PALENCIA,736,"2,4","0,0","-0,8",23:45,"5,5",16:12,15,"0,6","2,8",03:40,,,,,
2016-12-27,2401X,PALENCIA,PALENCIA,736,"3,2","0,0","-3,4",07:44,"9,7",15:09,25,"0,8","2,8",17:40,,,,,
2016-12-28,2401X,PALENCIA,PALENCIA,736,"5,8","0,0","-2,0",06:06,"13,6",14:58,33,"1,1","4,2",13:40,,,,,
2016-12-29,2401X,PALENCIA,PALENCIA,736,"3,0","0,0","-6,3",07:55,"12,2",15:00,35,"0,3","3,1",14:40,,,,,
2016-12-30,2401X,PALENCIA,PALENCIA,736,"1,6","0,0","-7,3",05:59,"10,5",15:02,24,"0,8","3,3",17:20,,,,,
2016-12-31,2401X,PALENCIA,PALENCIA,736,"0,2","0,0","-8,6",07:34,"9,0",15:00,24,"0,3","2,8",16:30,,,,,
2017-01-01,2401X,PALENCIA,PALENCIA,736,"-1,2","0,0","-8,2",Varias,"5,7",14:49,14,"1,4","4,2",10:50,,,,,
2017-01-02,2401X,PALENCIA,PALENCIA,736,"1,0","0,0","-4,7",01:07,"6,6",15:11,13,"0,8","3,9",Varias,,,,,
2017-01-03,2401X,PALENCIA,PALENCIA,736,"3,4","0,0","-3,4",05:04,"10,3",14:56,28,"0,8","4,2",15:10,,,,,
2017-01-04,2401X,PALENCIA,PALENCIA,736,"6,8","0,0","4,1",00:01,"9,5",15:11,28,"1,1","4,2",13:10,,,,,
2017-01-05,2401X,PALENCIA,PALENCIA,736,"3,5","0,0","0,7",Varias,"6,3",14:43,35,"0,8","5,3",15:20,,,,,
2017-01-06,2401X,PALENCIA,PALENCIA,736,"2,0","0,0","-6,5",08:02,"10,4",15:02,06,"0,6","4,7",15:00,,,,,
2017-01-07,2401X,PALENCIA,PALENCIA,736,"1,6","0,0","-8,7",07:40,"11,8",15:05,04,"0,8","5,6",13:20,,,,,
2017-01-08,2401X,PALENCIA,PALENCIA,736,"3,6","0,0","-6,1",07:38,"13,2",13:50,99,"1,7","8,3",Varias,,,,,
2017-01-09,2401X,PALENCIA,PALENCIA,736,"5,4","0,0","-0,3",05:54,"11,0",14:56,99,"1,4","5,0",Varias,,,,,
2017-01-10,2401X,PALENCIA,PALENCIA,736,"5,6","0,0","-0,4",23:51,"11,7",14:51,27,"1,9","8,9",08:40,,,,,
2017-01-11,2401X,PALENCIA,PALENCIA,736,"5,8","0,0","-2,2",07:43,"13,8",14:19,24,"1,9","6,4",13:10,,,,,
2017-01-12,2401X,PALENCIA,PALENCIA,736,"5,2","0,0","-0,5",02:53,"10,9",13:26,27,"4,2","13,6",23:59,,,,,
2017-01-13,2401X,PALENCIA,PALENCIA,736,"1,4","0,0","-5,0",23:58,"7,8",14:10,26,"4,2","11,7",00:10,,,,,
2017-01-14,2401X,PALENCIA,PALENCIA,736,"0,2","0,0","-7,3",07:37,"7,6",14:51,06,"0,6","5,0",15:00,,,,,
2017-01-15,2401X,PALENCIA,PALENCIA,736,"1,4","0,0","-7,3",07:35,"10,2",15:12,31,"1,4","6,1",15:30,,,,,
2017-01-16,2401X,PALENCIA,PALENCIA,736,"2,6","0,0","-5,8",04:24,"11,0",15:24,07,"1,9","7,5",16:10,,,,,
2017-01-17,2401X,PALENCIA,PALENCIA,736,"1,2","0,0","-3,7",04:36,"6,0",10:11,08,"2,2","12,2",11:00,,,,,
2017-01-18,2401X,PALENCIA,PALENCIA,736,"-1,0","0,0","-4,9",07:50,"3,0",13:14,08,"2,5","11,4",15:50,,,,,
2017-01-19,2401X,PALENCIA,PALENCIA,736,"0,6","0,0","-5,7",06:57,"6,9",14:43,07,"1,4","6,1",17:10,,,,,
2017-01-20,2401X,PALENCIA,PALENCIA,736,"1,8","0,0","-5,4",03:44,"8,9",14:02,06,"1,4","8,9",13:40,,,,,
2017-01-21,2401X,PALENCIA,PALENCIA,736,"3,4","0,0","-3,7",22:47,"10,5",14:34,14,"1,1","6,1",12:10,,,,,
2017-01-22,2401X,PALENCIA,PALENCIA,736,"1,0","0,0","-6,9",07:02,"8,8",13:04,05,"1,9","9,7",13:20,,,,,
2017-01-23,2401X,PALENCIA,PALENCIA,736,"3,2","0,0","-3,1",Varias,"9,5",14:31,07,"1,7","8,3",10:40,,,,,
2017-01-24,2401X,PALENCIA,PALENCIA,736,"0,4","0,0","-8,2",07:03,"9,1",15:11,33,"2,2","5,0",13:50,,,,,
2017-01-25,2401X,PALENCIA,PALENCIA,736,"0,6","0,0","-8,7",06:14,"9,9",15:18,30,"1,7","5,0",13:20,,,,,
2017-01-26,2401X,PALENCIA,PALENCIA,736,"0,6","4,0","-6,6",00:27,"7,7",15:21,18,"1,7","7,8",19:50,,,,,
2017-01-27,2401X,PALENCIA,PALENCIA,736,"4,0","1,0","1,7",07:21,"6,2",14:29,27,"4,2","11,1",22:20,,,,,
2017-01-28,2401X,PALENCIA,PALENCIA,736,"4,6","0,0","0,3",06:58,"8,8",15:20,28,"2,8","10,0",03:30,,,,,
2017-01-29,2401X,PALENCIA,PALENCIA,736,"6,6","2,4","3,0",01:47,"10,2",13:48,24,"1,9","10,3",19:30,,,,,
2017-01-30,2401X,PALENCIA,PALENCIA,736,"10,0","0,0","6,3",23:59,"13,8",14:11,25,"2,8","9,4",09:50,,,,,
2017-01-31,2401X,PALENCIA,PALENCIA,736,"7,7","1,4","0,0",07:18,"15,4",14:57,21,"1,1","6,4",13:50,,,,,
2017-02-01,2401X,PALENCIA,PALENCIA,736,"8,0","7,0","5,0",01:29,"11,0",15:49,24,"1,4","7,5",22:00,,,,,
2017-02-02,2401X,PALENCIA,PALENCIA,736,"7,2","4,6","3,9",21:01,"10,4",10:56,28,"6,9","20,3",14:10,,,,,
2017-02-03,2401X,PALENCIA,PALENCIA,736,"7,4","13,4","4,0",00:16,"10,8",Varias,28,"6,9","24,2",07:10,,,,,
2017-02-04,2401X,PALENCIA,PALENCIA,736,"9,0","7,8","6,4",08:21,"11,6",17:12,26,"6,7","23,1",01:20,,,,,
2017-02-05,2401X,PALENCIA,PALENCIA,736,"5,4","0,2","2,1",07:46,"8,8",00:01,27,"8,1","20,6",03:50,,,,,
2017-02-06,2401X,PALENCIA,PALENCIA,736,"8,3","0,6","4,0",00:02,"12,6",15:19,26,"6,7","15,3",06:30,,,,,
2017-02-07,2401X,PALENCIA,PALENCIA,736,"7,0","0,0","1,4",23:31,"12,7",13:19,28,"6,1","15,3",19:10,,,,,
2017-02-08,2401X,PALENCIA,PALENCIA,736,"3,6","0,0","-1,3",07:46,"8,6",14:14,30,"1,1","8,9",04:50,,,,,
2017-02-09,2401X,PALENCIA,PALENCIA,736,"4,2","0,0","-1,6",06:19,"9,9",15:00,10,"0,8","4,4",11:50,,,,,
2017-02-10,2401X,PALENCIA,PALENCIA,736,"3,8","0,0","-0,7",07:28,"8,3",15:35,07,"1,1","5,3",20:10,,,,,
2017-02-11,2401X,PALENCIA,PALENCIA,736,"5,3","0,2","2,9",07:56,"7,7",12:10,06,"1,7","6,7",12:30,,,,,
2017-02-12,2401X,PALENCIA,PALENCIA,736,"7,3","4,6","4,2",00:01,"10,4",14:50,13,"4,7","12,5",11:30,,,,,
2017-02-13,2401X,PALENCIA,PALENCIA,736,"7,4","2,2","3,2",21:23,"11,6",15:10,14,"4,7","14,2",05:00,,,,,
2017-02-14,2401X,PALENCIA,PALENCIA,736,"7,8","0,0","1,7",05:58,"14,0",13:44,16,"2,5","7,8",10:10,,,,,
2017-02-15,2401X,PALENCIA,PALENCIA,736,"8,3","0,0","2,4",02:47,"14,2",15:10,06,"1,1","4,2",12:30,,,,,
2017-02-16,2401X,PALENCIA,PALENCIA,736,"7,6","0,0","0,4",04:08,"14,7",15:25,30,"0,8","4,2",13:30,,,,,
2017-02-17,2401X,PALENCIA,PALENCIA,736,"5,8","0,0","-3,0",07:00,"14,5",15:09,28,"0,8","3,3",14:30,,,,,
2017-02-18,2401X,PALENCIA,PALENCIA,736,"4,1","1,2","-1,3",07:22,"9,5",13:07,13,"0,6","4,7",09:50,,,,,
2017-02-19,2401X,PALENCIA,PALENCIA,736,"9,0","0,0","3,9",02:40,"14,1",14:35,06,"2,2","8,6",17:10,,,,,
2017-02-20,2401X,PALENCIA,PALENCIA,736,"7,8","0,0","1,0",05:36,"14,6",15:34,07,"2,2","7,8",17:00,,,,,
2017-02-21,2401X,PALENCIA,PALENCIA,736,"8,4","0,0","0,4",07:03,"16,4",13:48,08,"1,1","6,9",14:10,,,,,
2017-02-22,2401X,PALENCIA,PALENCIA,736,"8,9","0,0","-1,6",06:41,"19,4",14:35,21,"0,8","4,2",15:10,,,,,
2017-02-23,2401X,PALENCIA,PALENCIA,736,"10,6","0,0","1,9",06:28,"19,2",14:49,34,"0,8","3,3",14:20,,,,,
2017-02-24,2401X,PALENCIA,PALENCIA,736,"6,8","0,0","2,7",23:56,"11,0",13:42,05,"2,5","10,0",13:00,,,,,
2017-02-25,2401X,PALENCIA,PALENCIA,736,"6,4","0,0","-2,8",07:16,"15,7",15:46,28,"1,1","6,1",12:20,,,,,
2017-02-26,2401X,PALENCIA,PALENCIA,736,"7,6","0,0","-1,3",07:08,"16,6",14:57,99,"1,9","9,2",23:50,,,,,
2017-02-27,2401X,PALENCIA,PALENCIA,736,"8,6","0,0","3,3",03:32,"13,9",13:46,27,"5,8","16,4",15:10,,,,,
2017-02-28,2401X,PALENCIA,PALENCIA,736,"9,2","0,6","5,9",01:28,"12,4",13:21,25,"8,1","18,9",11:50,,,,,
2017-03-01,2401X,PALENCIA,PALENCIA,736,"8,4","0,0","2,5",06:28,"14,4",14:29,26,"3,9","11,4",14:10,,,,,
2017-03-02,2401X,PALENCIA,PALENCIA,736,"8,0","0,0","2,7",05:37,"13,4",15:35,26,"1,4","10,3",00:10,,,,,
2017-03-03,2401X,PALENCIA,PALENCIA,736,"6,6","1,4","1,3",23:50,"11,8",11:30,26,"4,7","16,1",13:20,,,,,
2017-03-04,2401X,PALENCIA,PALENCIA,736,"5,2","0,0","0,0",06:32,"10,3",14:06,27,"5,6","13,1",00:10,,,,,
2017-03-05,2401X,PALENCIA,PALENCIA,736,"9,4","0,0","5,9",02:30,"12,8",14:55,26,"5,0","18,1",21:10,,,,,
2017-03-06,2401X,PALENCIA,PALENCIA,736,"14,2","0,0","9,3",23:46,"19,2",15:12,99,"5,8","14,2",Varias,,,,,
2017-03-07,2401X,PALENCIA,PALENCIA,736,"10,9","0,0","3,8",04:52,"18,0",15:18,29,"4,2","11,4",17:10,,,,,
2017-03-08,2401X,PALENCIA,PALENCIA,736,"11,1","0,0","0,6",06:47,"21,6",15:31,29,"0,8","5,0",15:30,,,,,
2017-03-09,2401X,PALENCIA,PALENCIA,736,"12,3","0,0","0,4",06:40,"24,2",14:49,30,"1,7","5,6",15:00,,,,,
2017-03-10,2401X,PALENCIA,PALENCIA,736,"13,0","0,0","0,8",06:42,"25,3",13:30,99,"1,4","6,1",14:30,,,,,
2017-03-11,2401X,PALENCIA,PALENCIA,736,"13,2","0,0","4,9",04:17,"21,4",15:10,29,"4,2","11,1",20:50,,,,,
2017-03-12,2401X,PALENCIA,PALENCIA,736,"7,6","0,0","2,2",22:46,"13,0",14:39,34,"4,7","15,0",12:20,,,,,
2017-03-13,2401X,PALENCIA,PALENCIA,736,"4,8","0,0","-1,3",04:55,"10,8",15:02,03,"3,6","15,0",14:10,,,,,
2017-03-14,2401X,PALENCIA,PALENCIA,736,"11,0","0,0","5,3",23:52,"16,6",15:10,05,"3,9","11,4",08:40,,,,,
2017-03-15,2401X,PALENCIA,PALENCIA,736,"11,2","0,0","1,7",06:41,"20,7",15:23,04,"1,7","7,8",15:10,,,,,
2017-03-16,2401X,PALENCIA,PALENCIA,736,"11,2","0,0","1,3",06:36,"21,0",14:37,13,"1,9","12,2",13:10,,,,,
2017-03-17,2401X,PALENCIA,PALENCIA,736,"10,1","0,0","-1,2",05:50,"21,4",15:20,14,"1,7","7,2",13:10,,,,,
2017-03-18,2401X,PALENCIA,PALENCIA,736,"11,6","0,0","1,2",06:25,"22,1",15:03,34,"1,1","5,8",13:50,,,,,
2017-03-19,2401X,PALENCIA,PALENCIA,736,"11,0","0,0","-0,3",05:25,"22,3",14:50,32,"1,4","5,8",12:50,,,,,
2017-03-20,2401X,PALENCIA,PALENCIA,736,"12,0","0,0","1,2",06:07,"22,9",14:36,26,"1,7","9,2",22:00,,,,,
2017-03-21,2401X,PALENCIA,PALENCIA,736,"6,8","0,2","3,4",04:33,"10,1",13:38,27,"1,4","6,4",23:59,,,,,
2017-03-22,2401X,PALENCIA,PALENCIA,736,"4,8","1,4","-0,3",23:54,"9,8",11:42,25,"4,7","17,2",13:10,,,,,
2017-03-23,2401X,PALENCIA,PALENCIA,736,"3,4","1,4","-1,8",05:44,"8,5",15:25,25,"2,8","9,7",01:20,,,,,
2017-03-24,2401X,PALENCIA,PALENCIA,736,"5,7","0,4","0,5",05:57,"10,9",15:03,14,"1,7","8,1",18:00,,,,,
2017-03-25,2401X,PALENCIA,PALENCIA,736,"5,5","0,6","0,8",05:53,"10,2",13:52,35,"1,7","8,1",14:10,,,,,
2017-03-26,2401X,PALENCIA,PALENCIA,736,"6,4","0,0","0,6",06:03,"12,3",16:02,14,"3,1","11,9",16:10,,,,,
2017-03-27,2401X,PALENCIA,PALENCIA,736,"9,6","0,4","6,3",19:41,"13,0",14:18,25,"1,9","8,6",15:00,,,,,
2017-03-28,2401X,PALENCIA,PALENCIA,736,"10,1","0,0","3,3",23:46,"16,9",16:04,26,"1,1","6,9",13:40,,,,,
2017-03-29,2401X,PALENCIA,PALENCIA,736,"10,6","0,0","0,0",06:10,"21,1",14:47,28,"1,7","6,7",14:30,,,,,
2017-03-30,2401X,PALENCIA,PALENCIA,736,"11,6","1,2","1,6",05:46,"21,5",15:55,24,"2,5","8,3",22:00,,,,,
2017-03-31,2401X,PALENCIA,PALENCIA,736,"11,2","0,0","5,7",23:56,"16,6",12:54,28,"5,8","16,4",14:00,,,,,
2017-04-01,2401X,PALENCIA,PALENCIA,736,"9,3","0,0","2,4",23:59,"16,2",14:08,28,"5,6","12,2",14:10,,,,,
2017-04-02,2401X,PALENCIA,PALENCIA,736,"7,0","0,0","-2,0",05:45,"16,1",14:51,08,"1,4","6,1",18:40,,,,,
2017-04-03,2401X,PALENCIA,PALENCIA,736,"8,4","0,0","-1,4",03:58,"18,3",16:06,30,"1,4","5,3",12:00,,,,,
2017-04-04,2401X,PALENCIA,PALENCIA,736,"8,8","0,0","0,0",04:20,"17,7",15:11,08,"2,2","8,9",13:50,,,,,
2017-04-05,2401X,PALENCIA,PALENCIA,736,"7,8","0,0","2,1",02:17,"13,4",14:29,06,"3,1","11,1",13:30,,,,,
2017-04-06,2401X,PALENCIA,PALENCIA,736,"11,8","0,0","5,3",Varias,"18,3",14:06,07,"2,8","10,8",14:50,,,,,
2017-04-07,2401X,PALENCIA,PALENCIA,736,"12,7","0,0","2,3",06:19,"23,1",15:53,05,"1,4","5,0",04:20,,,,,
2017-04-08,2401X,PALENCIA,PALENCIA,736,"13,2","0,0","1,2",06:00,"25,1",15:57,24,"1,4","6,7",14:30,,,,,
2017-04-09,2401X,PALENCIA,PALENCIA,736,"14,4","0,0","2,8",05:45,"25,9",15:11,05,"1,4","6,7",17:50,,,,,
2017-04-10,2401X,PALENCIA,PALENCIA,736,"14,2","0,0","3,0",05:40,"25,4",Varias,01,"1,4","7,5",14:10,,,,,
2017-04-11,2401X,PALENCIA,PALENCIA,736,"14,6","0,0","3,9",06:06,"25,4",15:43,30,"1,7","9,2",14:20,,,,,
2017-04-12,2401X,PALENCIA,PALENCIA,736,"14,6","0,0","3,1",05:58,"26,2",15:00,30,"1,9","8,9",13:20,,,,,
2017-04-13,2401X,PALENCIA,PALENCIA,736,"14,2","0,0","3,1",05:44,"25,4",14:05,27,"2,8","9,2",14:10,,,,,
2017-04-14,2401X,PALENCIA,PALENCIA,736,"14,2","0,0","4,4",05:53,"24,0",13:56,27,"2,8","12,5",20:10,,,,,
2017-04-15,2401X,PALENCIA,PALENCIA,736,"12,4","0,0","5,9",06:14,"19,0",14:51,06,"1,9","8,3",16:20,,,,,
2017-04-16,2401X,PALENCIA,PALENCIA,736,"13,5","0,0","3,0",04:45,"24,0",14:41,14,"1,1","6,4",13:20,,,,,
2017-04-17,2401X,PALENCIA,PALENCIA,736,"14,0","0,0","2,1",05:37,"26,0",14:48,31,"1,4","5,0",13:00,,,,,
2017-04-18,2401X,PALENCIA,PALENCIA,736,"13,9","0,0","5,3",05:25,"22,5",13:26,07,"2,8","10,3",18:00,,,,,
2017-04-19,2401X,PALENCIA,PALENCIA,736,"11,7","0,0","5,2",05:39,"18,2",Varias,06,"4,7","13,6",18:20,,,,,
2017-04-20,2401X,PALENCIA,PALENCIA,736,"13,0","0,0","4,5",05:03,"21,4",15:11,06,"3,1","10,3",15:30,,,,,
2017-04-21,2401X,PALENCIA,PALENCIA,736,"12,4","0,0","1,7",05:41,"23,1",14:39,12,"1,9","8,6",10:10,,,,,
2017-04-22,2401X,PALENCIA,PALENCIA,736,"12,2","0,0","-0,2",05:15,"24,6",16:04,07,"1,1","7,2",14:00,,,,,
2017-04-23,2401X,PALENCIA,PALENCIA,736,"13,4","0,0","1,4",04:43,"25,5",13:40,99,"1,1","4,7",Varias,,,,,
2017-04-24,2401X,PALENCIA,PALENCIA,736,"16,0","0,8","4,5",04:21,"27,5",15:10,27,"1,7","14,2",20:30,,,,,
2017-04-25,2401X,PALENCIA,PALENCIA,736,"15,4","1,8","7,4",23:47,"23,4",13:16,26,"2,8","16,1",16:00,,,,,
2017-04-26,2401X,PALENCIA,PALENCIA,736,"6,0","0,0","2,6",23:48,"9,4",12:57,06,"3,3","10,8",17:10,,,,,
2017-04-27,2401X,PALENCIA,PALENCIA,736,"5,8","0,0","0,4",05:25,"11,1",13:05,05,"3,6","12,8",10:10,,,,,
2017-04-28,2401X,PALENCIA,PALENCIA,736,"7,3","0,0","-2,1",05:03,"16,7",16:18,14,"2,8","8,6",11:10,,,,,
2017-04-29,2401X,PALENCIA,PALENCIA,736,"9,7","0,4","-0,6",02:53,"20,0",15:56,26,"2,5","11,4",17:10,,,,,
2017-04-30,2401X,PALENCIA,PALENCIA,736,"7,1","4,6","2,5",23:04,"11,7",14:06,26,"4,7","21,7",13:20,,,,,
2017-05-01,2401X,PALENCIA,PALENCIA,736,"9,3","0,0","0,9",05:27,"17,7",15:17,28,"2,2","11,4",16:40,,,,,
2017-05-02,2401X,PALENCIA,PALENCIA,736,"13,4","0,0","5,5",05:40,"21,3",14:14,33,"0,8","6,7",12:10,,,,,
2017-05-03,2401X,PALENCIA,PALENCIA,736,"15,6","0,0","5,1",05:27,"26,0",17:05,99,"1,7","6,4",Varias,,,,,
2017-05-04,2401X,PALENCIA,PALENCIA,736,"15,8","0,0","7,1",03:51,"24,4",15:06,13,"1,1","5,3",17:10,,,,,
2017-05-05,2401X,PALENCIA,PALENCIA,736,"14,4","1,6","7,8",23:53,"20,9",10:24,27,"3,1","18,3",15:50,,,,,
2017-05-06,2401X,PALENCIA,PALENCIA,736,"11,6","0,0","4,1",04:22,"19,1",14:13,27,"3,6","10,8",16:20,,,,,
2017-05-07,2401X,PALENCIA,PALENCIA,736,"13,8","0,0","3,5",04:51,"24,2",16:10,24,"1,7","6,1",12:30,,,,,
2017-05-08,2401X,PALENCIA,PALENCIA,736,"16,2","0,0","5,2",05:17,"27,1",16:30,07,"1,1","6,7",20:10,,,,,
2017-05-09,2401X,PALENCIA,PALENCIA,736,"17,8","5,4","8,4",05:21,"27,2",15:10,17,"1,1","11,1",16:10,,,,,
2017-05-10,2401X,PALENCIA,PALENCIA,736,"15,9","10,4","9,4",23:32,"22,4",13:38,28,"4,4","13,9",16:50,,,,,
2017-05-11,2401X,PALENCIA,PALENCIA,736,"12,4","7,8","8,2",05:15,"16,7",11:26,24,"2,8","12,8",15:10,,,,,
2017-05-12,2401X,PALENCIA,PALENCIA,736,"12,7","7,6","7,8",04:46,"17,6",12:27,23,"4,7","14,2",12:40,,,,,
2017-05-13,2401X,PALENCIA,PALENCIA,736,"13,0","0,0","7,0",02:35,"19,1",15:13,28,"3,6","11,7",17:40,,,,,
2017-05-14,2401X,PALENCIA,PALENCIA,736,"14,4","0,0","7,1",05:04,"21,6",Varias,26,"2,2","6,9",12:00,,,,,
2017-05-15,2401X,PALENCIA,PALENCIA,736,"16,7","0,0","7,8",05:04,"25,6",16:13,25,"1,4","5,6",12:20,,,,,
2017-05-16,2401X,PALENCIA,PALENCIA,736,"21,1","0,0","13,7",03:41,"28,5",16:42,13,"0,8","5,0",13:50,,,,,
2017-05-17,2401X,PALENCIA,PALENCIA,736,"16,8","11,4","13,2",23:59,"20,3",11:03,31,"2,5","8,1",11:10,,,,,
2017-05-18,2401X,PALENCIA,PALENCIA,736,"11,6","1,0","6,8",23:58,"16,3",15:04,34,"1,1","8,3",06:00,,,,,
2017-05-19,2401X,PALENCIA,PALENCIA,736,"11,6","0,0","4,3",05:04,"18,9",16:34,27,"3,1","8,9",08:10,,,,,
2017-05-20,2401X,PALENCIA,PALENCIA,736,"13,6","0,0","3,4",05:00,"23,7",16:06,14,"1,1","6,1",15:20,,,,,
2017-05-21,2401X,PALENCIA,PALENCIA,736,"18,4","0,0","9,6",03:48,"27,3",16:11,17,"2,2","9,2",18:10,,,,,
2017-05-22,2401X,PALENCIA,PALENCIA,736,"19,0","0,0","10,2",05:16,"27,9",15:39,99,"2,2","8,1",17:40,,,,,
2017-05-23,2401X,PALENCIA,PALENCIA,736,"18,9","0,0","9,9",04:48,"27,9",15:14,14,"1,9","7,2",13:40,,,,,
2017-05-24,2401X,PALENCIA,PALENCIA,736,"20,6","0,0","9,6",04:53,"31,5",15:46,36,"1,1","5,3",15:10,,,,,
2017-05-25,2401X,PALENCIA,PALENCIA,736,"22,6","0,2","14,4",01:52,"30,8",12:29,26,"1,9","10,8",18:10,,,,,
2017-05-26,2401X,PALENCIA,PALENCIA,736,"20,1","4,8","11,7",04:58,"28,5",14:30,24,"1,1","13,6",05:50,,,,,
2017-05-27,2401X,PALENCIA,PALENCIA,736,"21,4","0,0","12,2",Varias,"30,7",15:15,31,"1,7","7,8",17:00,,,,,
2017-05-28,2401X,PALENCIA,PALENCIA,736,"19,9","2,0","15,6",23:59,"24,2",11:22,20,"1,4","6,9",11:50,,,,,
2017-05-29,2401X,PALENCIA,PALENCIA,736,"19,2","0,0","14,4",04:57,"23,9",16:57,28,"1,4","8,3",09:30,,,,,
2017-05-30,2401X,PALENCIA,PALENCIA,736,"18,0","0,0","11,1",05:00,"24,8",14:15,05,"1,9","8,1",16:50,,,,,
2017-05-31,2401X,PALENCIA,PALENCIA,736,"19,5","0,0","10,6",05:10,"28,4",Varias,34,"1,1","6,1",14:10,,,,,
2017-06-01,2401X,PALENCIA,PALENCIA,736,"21,7","0,0","12,5",04:54,"30,9",16:50,28,"2,2","9,4",15:00,,,,,
2017-06-02,2401X,PALENCIA,PALENCIA,736,"21,4","0,2","14,1",05:10,"28,7",13:30,22,"2,5","10,6",14:20,,,,,
2017-06-03,2401X,PALENCIA,PALENCIA,736,"16,6","1,0","12,2",23:51,"21,0",13:32,07,"2,8","9,4",18:40,,,,,
2017-06-04,2401X,PALENCIA,PALENCIA,736,"12,4","2,6","8,1",23:35,"16,8",14:47,04,"2,8","8,9",11:20,,,,,
2017-06-05,2401X,PALENCIA,PALENCIA,736,"14,0","0,0","3,7",04:57,"24,3",15:19,26,"2,8","11,4",21:10,,,,,
2017-06-06,2401X,PALENCIA,PALENCIA,736,"18,0","0,0","9,9",23:55,"26,1",16:26,32,"2,5","13,1",11:30,,,,,
2017-06-07,2401X,PALENCIA,PALENCIA,736,"18,0","0,0","6,8",05:00,"29,1",16:42,35,"1,4","4,7",12:50,,,,,
2017-06-08,2401X,PALENCIA,PALENCIA,736,"22,4","0,0","12,3",03:07,"32,5",12:32,27,"3,3","23,9",18:30,,,,,
2017-06-09,2401X,PALENCIA,PALENCIA,736,"20,8","0,0","11,7",05:22,"30,0",14:13,28,"1,9","8,9",14:00,,,,,
2017-06-10,2401X,PALENCIA,PALENCIA,736,"23,2","0,0","12,2",04:48,"34,1",15:10,22,"1,9","8,3",11:30,,,,,
2017-06-11,2401X,PALENCIA,PALENCIA,736,"25,7","0,0","15,0",04:51,"36,4",15:45,24,"2,2","8,3",13:00,,,,,
2017-06-12,2401X,PALENCIA,PALENCIA,736,"25,9","0,0","15,6",04:41,"36,2",16:38,25,"2,2","8,9",14:50,,,,,
2017-06-13,2401X,PALENCIA,PALENCIA,736,"25,2","0,0","16,7",03:51,"33,7",13:20,34,"1,7","6,4",14:00,,,,,
2017-06-14,2401X,PALENCIA,PALENCIA,736,"25,9","0,0","15,6",04:56,"36,2",15:56,28,"2,5","8,3",18:10,,,,,
2017-06-15,2401X,PALENCIA,PALENCIA,736,"26,2","0,0","16,4",03:48,"35,9",16:12,07,"1,7","10,8",19:30,,,,,
2017-06-16,2401X,PALENCIA,PALENCIA,736,"25,6","0,0","14,9",04:47,"36,2",15:51,09,"1,7","7,8",18:50,,,,,
2017-06-17,2401X,PALENCIA,PALENCIA,736,"25,8","0,0","15,3",04:15,"36,4",14:24,34,"1,9","8,3",14:10,,,,,
2017-06-18,2401X,PALENCIA,PALENCIA,736,"25,4","0,0","12,9",05:02,"38,0",17:11,99,"1,1","4,4",Varias,,,,,
2017-06-19,2401X,PALENCIA,PALENCIA,736,"26,0","0,0","15,5",04:49,"36,4",13:21,28,"1,7","17,2",15:40,,,,,
2017-06-20,2401X,PALENCIA,PALENCIA,736,"24,4","0,0","14,5",03:43,"34,4",15:40,36,"1,7","9,7",16:30,,,,,
2017-06-21,2401X,PALENCIA,PALENCIA,736,"25,2","0,0","14,5",04:49,"35,9",14:35,33,"1,1","6,1",12:40,,,,,
2017-06-22,2401X,PALENCIA,PALENCIA,736,"27,9","0,0","18,8",03:22,"37,0",16:06,25,"3,3","10,8",14:30,,,,,
2017-06-23,2401X,PALENCIA,PALENCIA,736,"24,3","0,0","15,4",05:07,"33,2",15:58,28,"3,1","10,3",14:50,,,,,
2017-06-24,2401X,PALENCIA,PALENCIA,736,"22,9","0,0","14,4",04:57,"31,4",15:10,28,"2,5","10,3",12:30,,,,,
2017-06-25,2401X,PALENCIA,PALENCIA,736,"21,3","3,6","15,0",04:48,"27,6",14:31,14,"1,4","9,2",21:00,,,,,
2017-06-26,2401X,PALENCIA,PALENCIA,736,"21,9","0,2","15,7",01:42,"28,1",14:55,30,"2,2","7,5",14:20,,,,,
2017-06-27,2401X,PALENCIA,PALENCIA,736,"19,4","7,0","14,6",03:30,"24,2",13:27,29,"3,6","18,6",14:20,,,,,
2017-06-28,2401X,PALENCIA,PALENCIA,736,"17,1","0,2","11,6",23:51,"22,6",14:13,27,"6,7","16,9",15:50,,,,,
2017-06-29,2401X,PALENCIA,PALENCIA,736,"14,6","0,2","9,1",05:28,"20,1",14:39,29,"6,1","17,2",17:10,,,,,
2017-06-30,2401X,PALENCIA,PALENCIA,736,"14,7","0,0","8,6",01:19,"20,8",14:12,30,"4,7","12,2",16:00,,,,,
2017-07-01,2401X,PALENCIA,PALENCIA,736,"14,2","0,0","5,3",02:45,"23,0",17:31,06,"1,1","6,9",20:10,,,,,
2017-07-02,2401X,PALENCIA,PALENCIA,736,"17,0","0,0","6,2",03:57,"27,9",16:01,04,"2,2","7,5",14:30,,,,,
2017-07-03,2401X,PALENCIA,PALENCIA,736,"21,0","0,0","9,7",04:55,"32,2",16:12,34,"1,7","6,7",17:10,,,,,
2017-07-04,2401X,PALENCIA,PALENCIA,736,"23,8","0,0","11,3",04:50,"36,4",15:11,12,"1,4","10,0",12:10,,,,,
2017-07-05,2401X,PALENCIA,PALENCIA,736,"25,7","0,0","16,0",04:43,"35,4",14:39,21,"2,2","9,2",16:30,,,,,
2017-07-06,2401X,PALENCIA,PALENCIA,736,"20,8","4,4","14,9",23:38,"26,7",11:25,14,"4,2","16,7",12:40,,,,,
2017-07-07,2401X,PALENCIA,PALENCIA,736,"19,2","6,0","13,4",04:20,"25,0",13:13,25,"2,5","12,8",14:20,,,,,
2017-07-08,2401X,PALENCIA,PALENCIA,736,"19,0","4,2","12,3",03:54,"25,8",14:11,13,"1,7","11,1",15:50,,,,,
2017-07-09,2401X,PALENCIA,PALENCIA,736,"22,2","0,0","13,2",04:47,"31,2",14:45,26,"2,8","12,8",18:10,,,,,
2017-07-10,2401X,PALENCIA,PALENCIA,736,"21,2","0,0","15,0",03:24,"27,5",16:26,06,"2,2","6,7",16:40,,,,,
2017-07-11,2401X,PALENCIA,PALENCIA,736,"22,6","0,0","12,7",05:14,"32,5",15:39,26,"2,5","9,4",16:10,,,,,
2017-07-12,2401X,PALENCIA,PALENCIA,736,"24,4","0,0","14,2",04:53,"34,7",15:51,28,"1,9","7,8",12:30,,,,,
2017-07-13,2401X,PALENCIA,PALENCIA,736,"25,4","0,0","14,7",05:02,"36,1",15:25,28,"1,7","9,4",15:30,,,,,
2017-07-14,2401X,PALENCIA,PALENCIA,736,"22,4","0,0","14,2",04:57,"30,7",14:55,05,"2,5","7,8",06:00,,,,,
2017-07-15,2401X,PALENCIA,PALENCIA,736,"21,5","0,0","11,1",05:00,"31,9",14:39,99,"2,8","8,6",Varias,,,,,
2017-07-16,2401X,PALENCIA,PALENCIA,736,"25,7","0,0","13,6",04:46,"37,8",16:12,15,"1,1","6,7",17:00,,,,,
2017-07-17,2401X,PALENCIA,PALENCIA,736,"27,2","0,0","16,2",05:15,"38,1",15:33,25,"2,5","8,6",17:00,,,,,
2017-07-18,2401X,PALENCIA,PALENCIA,736,"27,3","0,0","18,2",05:04,"36,4",13:10,23,"4,2","13,6",12:00,,,,,
2017-07-19,2401X,PALENCIA,PALENCIA,736,"23,4","0,0","16,7",23:59,"30,2",15:12,28,"3,6","10,8",14:10,,,,,
2017-07-20,2401X,PALENCIA,PALENCIA,736,"21,6","0,0","14,1",23:38,"29,2",15:31,06,"2,5","10,8",18:30,,,,,
2017-07-21,2401X,PALENCIA,PALENCIA,736,"20,2","0,0","11,8",05:16,"28,7",15:47,28,"2,5","8,6",15:10,,,,,
2017-07-22,2401X,PALENCIA,PALENCIA,736,"20,2","0,0","10,9",04:35,"29,6",Varias,99,"2,5","9,7",Varias,,,,,
2017-07-23,2401X,PALENCIA,PALENCIA,736,"21,4","0,0","12,4",05:06,"30,3",16:33,31,"2,5","8,1",16:30,,,,,
2017-07-24,2401X,PALENCIA,PALENCIA,736,"21,2","0,0","12,6",05:02,"29,8",15:38,06,"2,5","9,7",20:50,,,,,
2017-07-25,2401X,PALENCIA,PALENCIA,736,"19,2","0,0","12,6",03:55,"25,8",15:14,06,"3,1","8,3",07:20,,,,,
2017-07-26,2401X,PALENCIA,PALENCIA,736,"21,4","0,0","11,1",05:06,"31,7",17:26,24,"2,5","7,2",16:40,,,,,
2017-07-27,2401X,PALENCIA,PALENCIA,736,"24,3","0,0","13,8",05:03,"34,8",16:33,31,"1,9","9,2",16:10,,,,,
2017-07-28,2401X,PALENCIA,PALENCIA,736,"23,6","0,0","13,3",05:20,"34,0",15:33,27,"1,9","7,5",13:10,,,,,
2017-07-29,2401X,PALENCIA,PALENCIA,736,"23,5","0,0","12,7",05:18,"34,3",16:01,27,"3,6","10,3",22:10,,,,,
2017-07-30,2401X,PALENCIA,PALENCIA,736,"24,2","0,0","16,0",23:59,"32,5",Varias,28,"3,6","12,5",14:50,,,,,
2017-07-31,2401X,PALENCIA,PALENCIA,736,"21,2","0,6","12,6",05:02,"29,9",14:18,25,"2,8","13,3",15:30,,,,,
2017-08-01,2401X,PALENCIA,PALENCIA,736,"23,0","0,0","14,7",05:22,"31,4",15:59,24,"1,4","7,5",16:30,,,,,
2017-08-02,2401X,PALENCIA,PALENCIA,736,"23,0","0,0","12,4",05:25,"33,5",16:13,29,"2,2","7,8",23:10,,,,,
2017-08-03,2401X,PALENCIA,PALENCIA,736,"25,0","0,0","15,6",03:40,"34,3",14:36,26,"2,5","9,7",15:50,,,,,
2017-08-04,2401X,PALENCIA,PALENCIA,736,"26,0","0,0","16,4",05:01,"35,7",16:47,28,"3,1","9,2",21:10,,,,,
2017-08-05,2401X,PALENCIA,PALENCIA,736,"22,8","0,0","15,1",24:00,"30,5",13:36,07,"3,1","11,1",17:00,,,,,
2017-08-06,2401X,PALENCIA,PALENCIA,736,"21,2","0,0","14,9",Varias,"27,4",15:48,06,"4,2","12,5",07:20,,,,,
2017-08-07,2401X,PALENCIA,PALENCIA,736,"21,5","0,0","12,4",05:25,"30,6",13:03,29,"2,8","9,7",13:30,,,,,
2017-08-08,2401X,PALENCIA,PALENCIA,736,"19,0","0,0","12,3",23:55,"25,7",15:34,04,"1,9","8,1",19:30,,,,,
2017-08-09,2401X,PALENCIA,PALENCIA,736,"16,8","0,0","10,3",23:48,"23,2",13:57,06,"3,1","11,1",15:50,,,,,
2017-08-10,2401X,PALENCIA,PALENCIA,736,"15,1","0,0","7,1",05:20,"23,1",16:40,02,"1,9","8,6",10:50,,,,,
2017-08-11,2401X,PALENCIA,PALENCIA,736,"18,4","0,0","9,8",05:29,"26,9",15:11,32,"1,9","8,6",15:20,,,,,
2017-08-12,2401X,PALENCIA,PALENCIA,736,"19,5","0,0","7,7",05:30,"31,3",15:32,30,"1,4","6,7",15:00,,,,,
2017-08-13,2401X,PALENCIA,PALENCIA,736,"22,8","0,0","12,2",05:16,"33,4",14:13,34,"1,1","5,8",14:50,,,,,
2017-08-14,2401X,PALENCIA,PALENCIA,736,"24,1","0,0","12,4",05:16,"35,8",13:49,29,"3,1","10,0",15:00,,,,,
2017-08-15,2401X,PALENCIA,PALENCIA,736,"24,0","0,0","15,3",05:55,"32,6",Varias,26,"2,8","10,3",13:10,,,,,
2017-08-16,2401X,PALENCIA,PALENCIA,736,"22,5","0,0","13,2",05:42,"31,8",15:59,33,"1,4","6,1",13:10,,,,,
2017-08-17,2401X,PALENCIA,PALENCIA,736,"24,4","0,0","13,5",05:28,"35,2",15:18,28,"1,7","7,5",22:40,,,,,
2017-08-18,2401X,PALENCIA,PALENCIA,736,"22,8","0,0","13,6",05:16,"32,1",14:55,04,"2,5","8,9",16:40,,,,,
2017-08-19,2401X,PALENCIA,PALENCIA,736,"22,4","0,0","14,9",05:26,"29,8",16:36,06,"2,8","8,3",07:40,,,,,
2017-08-20,2401X,PALENCIA,PALENCIA,736,"21,4","0,0","11,4",05:38,"31,4",15:45,08,"2,5","8,3",18:30,,,,,
2017-08-21,2401X,PALENCIA,PALENCIA,736,"24,8","0,0","11,1",05:30,"38,5",15:38,21,"0,8","8,1",22:50,,,,,
2017-08-22,2401X,PALENCIA,PALENCIA,736,"27,8","0,0","19,6",05:35,"36,0",13:58,28,"1,7","8,9",14:10,,,,,
2017-08-23,2401X,PALENCIA,PALENCIA,736,"25,6","0,0","16,9",05:33,"34,4",14:03,14,"0,6","5,3",10:10,,,,,
2017-08-24,2401X,PALENCIA,PALENCIA,736,"24,3","0,0","15,1",05:40,"33,5",14:25,28,"3,1","10,6",17:10,,,,,
2017-08-25,2401X,PALENCIA,PALENCIA,736,"21,6","0,0","11,2",05:47,"32,0",14:00,27,"1,9","8,9",14:20,,,,,
2017-08-26,2401X,PALENCIA,PALENCIA,736,"20,4","0,6","9,4",05:45,"31,5",16:01,19,"1,9","11,7",17:00,,,,,
2017-08-27,2401X,PALENCIA,PALENCIA,736,"19,0","10,2","15,3",23:48,"22,7",16:11,28,"3,9","12,8",06:10,,,,,
2017-08-28,2401X,PALENCIA,PALENCIA,736,"18,6","2,2","14,5",05:21,"22,7",11:10,14,"2,8","13,3",14:10,,,,,
2017-08-29,2401X,PALENCIA,PALENCIA,736,"19,2","0,0","11,8",Varias,"26,6",17:35,14,"1,1","8,3",21:10,,,,,
2017-08-30,2401X,PALENCIA,PALENCIA,736,"19,4","14,8","12,2",Varias,"26,6",13:36,28,"1,9","13,1",19:00,,,,,
2017-08-31,2401X,PALENCIA,PALENCIA,736,"17,5","0,0","11,4",05:45,"23,6",15:28,07,"1,4","7,2",09:10,,,,,
2017-09-01,2401X,PALENCIA,PALENCIA,736,"16,6","0,0","10,1",05:53,"23,0",14:27,07,"2,2","8,9",18:10,,,,,
2017-09-02,2401X,PALENCIA,PALENCIA,736,"16,5","0,0","7,6",05:48,"25,4",15:53,04,"1,4","4,7",10:20,,,,,
2017-09-03,2401X,PALENCIA,PALENCIA,736,"21,6","0,0","13,0",06:27,"30,3",15:44,28,"2,5","10,0",19:10,,,,,
2017-09-04,2401X,PALENCIA,PALENCIA,736,"21,2","0,0","14,4",05:05,"28,0",14:52,28,"1,7","9,2",01:10,,,,,
2017-09-05,2401X,PALENCIA,PALENCIA,736,"21,8","0,0","11,8",05:56,"31,7",15:13,30,"1,7","7,2",13:20,,,,,
2017-09-06,2401X,PALENCIA,PALENCIA,736,"19,1","0,0","12,3",23:55,"25,9",13:06,05,"3,1","10,0",16:10,,,,,
2017-09-07,2401X,PALENCIA,PALENCIA,736,"18,0","0,0","8,3",05:55,"27,7",15:11,31,"1,1","5,3",10:10,,,,,
2017-09-08,2401X,PALENCIA,PALENCIA,736,"18,3","0,0","8,0",06:03,"28,6",14:38,28,"1,7","10,8",23:00,,,,,
2017-09-09,2401X,PALENCIA,PALENCIA,736,"16,8","0,0","11,5",22:44,"22,0",12:51,28,"5,6","11,7",07:50,,,,,
2017-09-10,2401X,PALENCIA,PALENCIA,736,"15,9","0,0","8,4",06:05,"23,4",16:13,28,"2,5","9,4",16:00,,,,,
2017-09-11,2401X,PALENCIA,PALENCIA,736,"21,0","0,0","14,6",23:59,"27,5",14:32,29,"6,1","13,3",16:10,,,,,
2017-09-12,2401X,PALENCIA,PALENCIA,736,"18,0","0,0","10,6",04:52,"25,4",15:11,29,"2,5","9,7",16:00,,,,,
2017-09-13,2401X,PALENCIA,PALENCIA,736,"19,7","0,0","10,0",06:03,"29,4",14:34,27,"1,9","10,8",20:10,,,,,
2017-09-14,2401X,PALENCIA,PALENCIA,736,"15,9","0,0","10,4",23:48,"21,4",14:38,28,"2,5","9,7",04:10,,,,,
2017-09-15,2401X,PALENCIA,PALENCIA,736,"13,5","0,0","7,3",Varias,"19,7",14:20,06,"2,8","8,6",16:20,,,,,
2017-09-16,2401X,PALENCIA,PALENCIA,736,"10,9","0,0","2,7",05:50,"19,1",16:10,29,"2,2","7,2",13:00,,,,,
2017-09-17,2401X,PALENCIA,PALENCIA,736,"11,1","1,4","2,7",06:04,"19,5",15:45,27,"1,9","8,9",13:10,,,,,
2017-09-18,2401X,PALENCIA,PALENCIA,736,"16,0","0,0","10,0",Varias,"21,9",16:09,28,"2,2","10,0",13:10,,,,,
2017-09-19,2401X,PALENCIA,PALENCIA,736,"14,2","0,0","5,6",05:51,"22,7",15:12,32,"1,4","4,7",13:10,,,,,
2017-09-20,2401X,PALENCIA,PALENCIA,736,"15,5","0,0","4,2",06:15,"26,8",14:58,28,"0,8","5,3",14:00,,,,,
2017-09-21,2401X,PALENCIA,PALENCIA,736,"16,4","0,0","6,0",06:04,"26,7",12:46,99,"1,4","6,7",Varias,,,,,
2017-09-22,2401X,PALENCIA,PALENCIA,736,"18,6","0,0","11,4",05:40,"25,7",15:29,06,"1,7","7,8",08:30,,,,,
2017-09-23,2401X,PALENCIA,PALENCIA,736,"17,7","0,0","7,5",06:21,"27,9",13:59,26,"1,9","9,4",15:10,,,,,
2017-09-24,2401X,PALENCIA,PALENCIA,736,"18,5","0,0","7,7",06:14,"29,3",14:39,28,"3,1","10,0",16:20,,,,,
2017-09-25,2401X,PALENCIA,PALENCIA,736,"17,5","0,0","10,9",06:05,"24,1",14:07,27,"1,9","8,3",03:10,,,,,
2017-09-26,2401X,PALENCIA,PALENCIA,736,"16,2","0,0","7,8",04:53,"24,7",15:06,36,"0,8","4,4",13:50,,,,,
2017-09-27,2401X,PALENCIA,PALENCIA,736,"16,4","0,0","5,2",06:20,"27,6",15:16,28,"1,7","6,9",13:30,,,,,
2017-09-28,2401X,PALENCIA,PALENCIA,736,"17,6","0,0","6,4",06:10,"28,8",14:43,99,"1,4","5,3",Varias,,,,,
2017-09-29,2401X,PALENCIA,PALENCIA,736,"17,7","0,0","7,2",06:05,"28,2",14:29,28,"0,8","8,9",12:40,,,,,
2017-09-30,2401X,PALENCIA,PALENCIA,736,"18,6","0,0","12,9",02:43,"24,3",15:19,29,"0,6","4,7",12:00,,,,,
2017-10-01,2401X,PALENCIA,PALENCIA,736,"17,6","0,0","11,7",Varias,"23,6",14:38,33,"0,8","4,4",11:10,,,,,
2017-10-02,2401X,PALENCIA,PALENCIA,736,"20,4","0,0","12,4",05:56,"28,4",14:33,13,"0,6","6,4",15:40,,,,,
2017-10-03,2401X,PALENCIA,PALENCIA,736,"19,6","0,0","11,0",05:08,"28,1",14:57,05,"0,6","7,2",21:10,,,,,
2017-10-04,2401X,PALENCIA,PALENCIA,736,"20,0","0,0","10,1",06:04,"29,9",14:48,13,"0,8","4,4",15:50,,,,,
2017-10-05,2401X,PALENCIA,PALENCIA,736,"19,3","0,0","8,0",06:25,"30,6",14:42,07,"1,4","7,2",19:30,,,,,
2017-10-06,2401X,PALENCIA,PALENCIA,736,"17,1","0,0","10,2",Varias,"24,0",14:37,08,"1,7","8,6",15:30,,,,,
2017-10-07,2401X,PALENCIA,PALENCIA,736,"14,6","0,0","3,5",06:30,"25,7",15:07,06,"1,1","6,7",14:10,,,,,
2017-10-08,2401X,PALENCIA,PALENCIA,736,"14,6","0,0","2,0",06:26,"27,1",15:19,34,"0,8","4,4",14:50,,,,,
2017-10-09,2401X,PALENCIA,PALENCIA,736,"15,0","0,0","3,1",06:34,"26,9",14:24,34,"0,8","5,0",20:40,,,,,
2017-10-10,2401X,PALENCIA,PALENCIA,736,"15,4","0,0","2,8",06:35,"28,0",14:07,99,"0,8","4,4",15:30,,,,,
2017-10-11,2401X,PALENCIA,PALENCIA,736,"15,0","0,0","3,8",06:15,"26,3",13:58,29,"1,1","7,5",14:40,,,,,
2017-10-12,2401X,PALENCIA,PALENCIA,736,"15,8","0,0","2,5",06:24,"29,0",15:11,12,"0,8","4,2",12:10,,,,,
2017-10-13,2401X,PALENCIA,PALENCIA,736,"17,4","0,0","6,0",06:33,"28,7",14:29,28,"1,7","7,5",15:40,,,,,
2017-10-14,2401X,PALENCIA,PALENCIA,736,"16,9","0,0","5,2",06:06,"28,6",14:19,30,"0,8","6,7",14:10,,,,,
2017-10-15,2401X,PALENCIA,PALENCIA,736,"21,5","0,0","12,1",01:41,"30,9",13:59,15,"0,8","13,3",16:10,,,,,
2017-10-16,2401X,PALENCIA,PALENCIA,736,"20,4","0,0","12,7",23:59,"28,2",13:45,24,"1,7","6,9",17:00,,,,,
2017-10-17,2401X,PALENCIA,PALENCIA,736,"15,0","1,6","10,1",23:18,"19,9",12:42,18,"2,8","10,3",10:00,,,,,
2017-10-18,2401X,PALENCIA,PALENCIA,736,"11,6","1,0","8,1",01:55,"15,2",13:55,28,"2,8","9,2",15:20,,,,,
2017-10-19,2401X,PALENCIA,PALENCIA,736,"10,6","0,0","4,4",07:06,"16,9",13:54,28,"2,2","8,1",00:10,,,,,
2017-10-20,2401X,PALENCIA,PALENCIA,736,"16,8","0,0","11,3",00:01,"22,3",14:59,30,"2,2","9,7",11:50,,,,,
2017-10-21,2401X,PALENCIA,PALENCIA,736,"11,2","0,0","5,0",22:24,"17,4",12:01,30,"3,6","12,5",13:20,,,,,
2017-10-22,2401X,PALENCIA,PALENCIA,736,"9,3","0,0","1,2",05:47,"17,4",14:51,12,"1,1","4,4",10:50,,,,,
2017-10-23,2401X,PALENCIA,PALENCIA,736,"10,6","0,0","0,4",06:52,"20,8",14:49,33,"0,3","3,9",14:10,,,,,
2017-10-24,2401X,PALENCIA,PALENCIA,736,"13,6","0,0","1,2",06:55,"26,0",14:59,31,"0,3","3,6",15:10,,,,,
2017-10-25,2401X,PALENCIA,PALENCIA,736,"15,1","0,0","2,9",06:45,"27,3",14:26,15,"0,6","5,0",12:00,,,,,
2017-10-26,2401X,PALENCIA,PALENCIA,736,"14,4","0,0","2,5",06:51,"26,3",14:19,26,"0,3","5,8",14:30,,,,,
2017-10-27,2401X,PALENCIA,PALENCIA,736,"14,4","0,0","3,4",Varias,"25,5",14:46,06,"0,6","6,1",17:30,,,,,
2017-10-28,2401X,PALENCIA,PALENCIA,736,"12,3","0,0","5,7",23:50,"18,9",13:17,06,"1,9","8,6",12:40,,,,,
2017-10-29,2401X,PALENCIA,PALENCIA,736,"11,0","0,0","3,0",06:43,"18,9",13:48,04,"1,7","8,9",21:00,,,,,
2017-10-30,2401X,PALENCIA,PALENCIA,736,"11,4","0,0","6,3",23:59,"16,5",13:10,06,"2,8","11,4",11:20,,,,,
2017-10-31,2401X,PALENCIA,PALENCIA,736,"10,0","0,0","1,9",06:53,"18,2",14:26,07,"0,3","4,7",02:10,,,,,
2017-11-01,2401X,PALENCIA,PALENCIA,736,"10,4","0,0","-0,2",07:05,"21,0",14:29,22,"0,6","5,6",13:50,,,,,
2017-11-02,2401X,PALENCIA,PALENCIA,736,"13,7","11,0","7,4",06:41,"20,0",14:39,20,"1,9","8,1",15:10,,,,,
2017-11-03,2401X,PALENCIA,PALENCIA,736,"12,2","0,2","7,0",22:59,"17,3",13:35,28,"1,7","7,5",04:20,,,,,
2017-11-04,2401X,PALENCIA,PALENCIA,736,"10,8","1,2","6,5",23:53,"15,2",14:51,35,"1,4","7,5",17:40,,,,,
2017-11-05,2401X,PALENCIA,PALENCIA,736,"7,9","0,2","2,1",23:56,"13,7",14:25,99,"1,9","9,4",13:40,,,,,
2017-11-06,2401X,PALENCIA,PALENCIA,736,"5,8","0,0","-1,0",06:23,"12,5",13:40,04,"1,1","6,4",16:50,,,,,
2017-11-07,2401X,PALENCIA,PALENCIA,736,"6,1","0,0","-1,4",06:32,"13,6",14:41,26,"1,7","7,5",13:30,,,,,
2017-11-08,2401X,PALENCIA,PALENCIA,736,"5,8","0,8","-0,8",23:56,"12,3",14:31,32,"1,9","9,2",15:20,,,,,
2017-11-09,2401X,PALENCIA,PALENCIA,736,"4,4","0,0","-2,5",05:57,"11,3",14:34,07,"0,8","6,7",13:30,,,,,
2017-11-10,2401X,PALENCIA,PALENCIA,736,"8,2","0,0","0,6",05:49,"15,8",14:36,32,"0,6","4,7",12:10,,,,,
2017-11-11,2401X,PALENCIA,PALENCIA,736,"7,0","0,0","0,8",03:39,"13,1",14:12,28,"0,8","3,9",13:00,,,,,
2017-11-12,2401X,PALENCIA,PALENCIA,736,"4,7","0,0","-1,1",04:16,"10,5",14:46,34,"1,4","5,6",13:00,,,,,
2017-11-13,2401X,PALENCIA,PALENCIA,736,"4,4","0,0","-1,2",07:00,"10,1",12:11,07,"1,7","10,8",14:10,,,,,
2017-11-14,2401X,PALENCIA,PALENCIA,736,"5,2","0,0","-0,9",06:01,"11,4",13:48,08,"1,9","8,6",10:30,,,,,
2017-11-15,2401X,PALENCIA,PALENCIA,736,"4,8","0,0","-3,2",07:01,"12,9",14:54,13,"0,6","3,1",11:40,,,,,
2017-11-16,2401X,PALENCIA,PALENCIA,736,"6,4","0,0","-4,1",06:31,"16,9",14:39,34,"0,3","2,8",13:00,,,,,
2017-11-17,2401X,PALENCIA,PALENCIA,736,"8,4","0,0","-1,8",07:22,"18,5",14:37,06,"0,8","4,4",14:20,,,,,
2017-11-18,2401X,PALENCIA,PALENCIA,736,"7,3","0,0","-0,6",06:33,"15,2",13:47,05,"1,7","7,5",12:50,,,,,
2017-11-19,2401X,PALENCIA,PALENCIA,736,"6,0","0,0","-4,1",07:29,"16,0",14:50,99,"0,6","2,5",Varias,,,,,
2017-11-20,2401X,PALENCIA,PALENCIA,736,"5,6","0,0","-4,8",07:22,"16,0",14:53,14,"0,6","2,8",13:30,,,,,
2017-11-21,2401X,PALENCIA,PALENCIA,736,"5,3","0,0","-5,2",07:03,"15,8",14:38,14,"0,3","3,6",09:50,,,,,
2017-11-22,2401X,PALENCIA,PALENCIA,736,"7,2","0,0","-3,7",06:41,"18,0",14:03,21,"2,8","9,7",12:10,,,,,
2017-11-23,2401X,PALENCIA,PALENCIA,736,"13,8","3,0","10,5",07:39,"17,0",14:20,21,"2,2","12,2",23:50,,,,,
2017-11-24,2401X,PALENCIA,PALENCIA,736,"11,8","8,6","9,0",03:21,"14,6",14:27,22,"2,5","10,0",00:10,,,,,
2017-11-25,2401X,PALENCIA,PALENCIA,736,"6,6","0,0","1,7",23:58,"11,4",00:01,26,"1,7","10,8",01:10,,,,,
2017-11-26,2401X,PALENCIA,PALENCIA,736,"3,6","0,0","-1,9",06:47,"9,2",14:10,07,"1,1","6,4",13:40,,,,,
2017-11-27,2401X,PALENCIA,PALENCIA,736,"2,1","0,0","-4,4",07:34,"8,6",14:48,34,"1,1","3,1",13:40,,,,,
2017-11-28,2401X,PALENCIA,PALENCIA,736,"0,6","0,0","-3,4",23:51,"4,7",14:51,32,"1,4","4,2",13:50,,,,,
2017-11-29,2401X,PALENCIA,PALENCIA,736,"1,4","0,0","-5,1",Varias,"7,8",14:06,06,"0,8","5,3",16:40,,,,,
2017-11-30,2401X,PALENCIA,PALENCIA,736,"0,4","0,0","-5,8",07:33,"6,7",13:57,28,"1,9","10,3",23:10,,,,,
2017-12-01,2401X,PALENCIA,PALENCIA,736,"0,6","2,8","-3,0",23:14,"4,1",14:13,26,"3,9","16,7",07:10,,,,,
2017-12-02,2401X,PALENCIA,PALENCIA,736,"1,0","0,0","-3,0",03:32,"4,9",14:13,33,"1,1","6,7",20:30,,,,,
2017-12-03,2401X,PALENCIA,PALENCIA,736,"1,7","0,0","-3,1",03:55,"6,5",14:26,32,"1,1","6,4",11:10,,,,,
2017-12-04,2401X,PALENCIA,PALENCIA,736,"1,7","0,0","-3,9",06:54,"7,3",15:09,04,"1,4","6,4",15:30,,,,,
2017-12-05,2401X,PALENCIA,PALENCIA,736,"-0,8","0,0","-5,7",07:45,"4,2",12:47,14,"1,7","5,6",15:40,,,,,
2017-12-06,2401X,PALENCIA,PALENCIA,736,"-2,8","0,0","-4,2",06:36,"-1,4",14:11,14,"0,6","3,9",01:10,,,,,
2017-12-07,2401X,PALENCIA,PALENCIA,736,"3,0","1,2","-2,7",00:01,"8,7",14:36,29,"1,7","6,1",15:50,,,,,
2017-12-08,2401X,PALENCIA,PALENCIA,736,"6,4","1,2","4,8",Varias,"8,1",Varias,27,"0,6","4,4",11:40,,,,,
2017-12-09,2401X,PALENCIA,PALENCIA,736,"6,0","0,2","1,3",03:31,"10,8",16:10,26,"3,1","16,4",19:10,,,,,
2017-12-10,2401X,PALENCIA,PALENCIA,736,"9,0","11,4","6,2",24:00,"11,9",13:12,27,"8,6","24,7",23:50,,,,,
2017-12-11,2401X,PALENCIA,PALENCIA,736,"3,4","0,2","0,1",23:53,"6,6",14:45,99,"6,1","17,8",Varias,,,,,
2017-12-12,2401X,PALENCIA,PALENCIA,736,"2,1","0,0","-2,9",07:15,"7,1",14:21,28,"2,5","6,9",11:50,,,,,
2017-12-13,2401X,PALENCIA,PALENCIA,736,"4,2","0,0","-0,7",00:39,"9,0",23:53,26,"3,6","12,2",23:50,,,,,
2017-12-14,2401X,PALENCIA,PALENCIA,736,"10,2","0,0","6,5",23:59,"13,8",12:10,26,"8,1","15,8",08:10,,,,,
2017-12-15,2401X,PALENCIA,PALENCIA,736,"4,0","0,0","0,1",24:00,"8,0",14:54,28,"5,3","12,8",07:10,,,,,
2017-12-16,2401X,PALENCIA,PALENCIA,736,"2,0","0,0","-4,4",07:18,"8,3",14:41,34,"0,8","5,3",13:30,,,,,
2017-12-17,2401X,PALENCIA,PALENCIA,736,"1,2","0,0","-4,4",03:57,"6,7",14:49,36,"0,6","3,3",12:20,,,,,
2017-12-18,2401X,PALENCIA,PALENCIA,736,"1,7","0,0","-5,3",07:30,"8,7",14:03,99,"1,7","6,1",13:50,,,,,
2017-12-19,2401X,PALENCIA,PALENCIA,736,"3,8","0,0","-2,6",03:50,"10,2",14:16,08,"2,2","8,1",13:10,,,,,
2017-12-20,2401X,PALENCIA,PALENCIA,736,"5,6","0,0","-1,9",06:30,"13,0",14:06,05,"1,4","8,1",15:10,,,,,
2017-12-21,2401X,PALENCIA,PALENCIA,736,"7,9","0,0","2,1",23:59,"13,7",14:55,06,"1,7","6,1",08:00,,,,,
2017-12-22,2401X,PALENCIA,PALENCIA,736,"4,0","0,0","-3,3",07:56,"11,4",14:52,32,"1,7","3,9",14:20,,,,,
2017-12-23,2401X,PALENCIA,PALENCIA,736,"4,4","0,0","-2,0",23:54,"10,9",14:50,08,"1,9","7,8",12:00,,,,,
2017-12-24,2401X,PALENCIA,PALENCIA,736,"3,0","0,0","-4,0",08:07,"10,0",14:48,24,"1,1","3,3",17:30,,,,,
2017-12-25,2401X,PALENCIA,PALENCIA,736,"2,6","0,4","-3,6",00:51,"8,7",14:51,25,"3,3","11,1",23:10,,,,,
2017-12-26,2401X,PALENCIA,PALENCIA,736,"3,5","6,2","-0,3",07:06,"7,3",Varias,24,"3,9","18,1",22:00,,,,,
2017-12-27,2401X,PALENCIA,PALENCIA,736,"5,5","0,0","3,2",05:55,"7,8",13:13,27,"7,8","20,6",00:40,,,,,
2017-12-28,2401X,PALENCIA,PALENCIA,736,"8,8","0,0","4,7",00:01,"12,9",14:39,30,"6,7","14,4",18:50,,,,,
2017-12-29,2401X,PALENCIA,PALENCIA,736,"10,4","0,0","5,5",00:49,"15,3",14:41,24,"6,4","16,4",07:10,,,,,
2017-12-30,2401X,PALENCIA,PALENCIA,736,"9,2","0,0","4,8",23:51,"13,7",12:55,23,"4,7","10,8",01:20,,,,,
2017-12-31,2401X,PALENCIA,PALENCIA,736,"7,4","3,4","3,1",22:25,"11,6",12:34,30,"5,8","16,9",14:40,,,,,
2018-01-01,2401X,PALENCIA,PALENCIA,736,"5,6","0,0","1,9",05:25,"9,4",16:11,24,"7,5","17,2",13:30,,,,,
2018-01-02,2401X,PALENCIA,PALENCIA,736,"9,6","0,0","6,1",04:36,"13,1",14:10,25,"7,5","14,2",00:30,,,,,
2018-01-03,2401X,PALENCIA,PALENCIA,736,"13,0","0,0","10,5",23:36,"15,4",13:36,26,"8,1","15,0",10:40,,,,,
2018-01-04,2401X,PALENCIA,PALENCIA,736,"11,2","0,0","9,1",03:30,"13,2",14:47,25,"6,4","14,7",10:10,,,,,
2018-01-05,2401X,PALENCIA,PALENCIA,736,"7,0","3,6","4,5",23:47,"9,4",00:01,19,"3,9","12,2",09:00,,,,,
2018-01-06,2401X,PALENCIA,PALENCIA,736,"3,0","10,6","1,6",Varias,"4,5",00:01,32,"1,9","8,9",22:10,,,,,
2018-01-07,2401X,PALENCIA,PALENCIA,736,"1,8","3,6","-0,5",23:59,"4,2",15:12,11,"1,1","7,8",16:30,,,,,
2018-01-08,2401X,PALENCIA,PALENCIA,736,"1,6","0,0","-3,2",07:52,"6,5",14:58,20,"0,8","4,7",19:10,,,,,
2018-01-09,2401X,PALENCIA,PALENCIA,736,"-0,3","5,2","-3,6",03:48,"3,0",Varias,21,"1,7","6,9",14:50,,,,,
2018-01-10,2401X,PALENCIA,PALENCIA,736,"4,6","3,2","2,0",21:26,"7,1",16:11,27,"6,1","14,7",16:20,,,,,
2018-01-11,2401X,PALENCIA,PALENCIA,736,"4,1","0,0","1,4",05:37,"6,8",13:57,26,"7,5","16,4",03:10,,,,,
2018-01-12,2401X,PALENCIA,PALENCIA,736,"0,0","0,0","-2,7",06:53,"2,8",16:10,28,"0,8","9,7",00:10,,,,,
2018-01-13,2401X,PALENCIA,PALENCIA,736,"0,6","3,8","-0,9",Varias,"2,2",16:54,30,"2,5","7,8",18:30,,,,,
2018-01-14,2401X,PALENCIA,PALENCIA,736,"0,0","0,0","-2,2",23:30,"2,1",01:56,26,"0,8","5,8",03:20,,,,,
2018-01-15,2401X,PALENCIA,PALENCIA,736,"1,8","0,0","-2,3",00:05,"6,0",15:21,24,"0,8","6,9",23:10,,,,,
2018-01-16,2401X,PALENCIA,PALENCIA,736,"7,9","0,0","3,6",08:12,"12,2",14:10,26,"3,6","11,9",22:20,,,,,
2018-01-17,2401X,PALENCIA,PALENCIA,736,"5,4","0,0","-0,4",23:34,"11,2",14:52,26,"3,3","12,5",04:10,,,,,
2018-01-18,2401X,PALENCIA,PALENCIA,736,"4,6","0,0","-2,9",07:37,"12,1",15:10,28,"0,6","3,6",14:40,,,,,
2018-01-19,2401X,PALENCIA,PALENCIA,736,"3,5","0,0","-2,5",07:22,"9,5",16:09,34,"1,7","4,4",13:40,,,,,
2018-01-20,2401X,PALENCIA,PALENCIA,736,"4,6","0,0","-2,3",06:43,"11,6",14:36,27,"3,9","12,2",22:10,,,,,
2018-01-21,2401X,PALENCIA,PALENCIA,736,"9,0","0,0","4,5",03:27,"13,5",14:56,27,"3,1","11,7",05:10,,,,,
2018-01-22,2401X,PALENCIA,PALENCIA,736,"6,4","0,0","4,3",05:33,"8,5",14:45,22,"0,8","6,1",09:20,,,,,
2018-01-23,2401X,PALENCIA,PALENCIA,736,"6,0","0,0","4,9",23:51,"7,2",Varias,35,"0,6","2,8",01:30,,,,,
2018-01-24,2401X,PALENCIA,PALENCIA,736,"5,4","0,4","2,1",08:22,"8,7",15:10,29,"1,1","4,4",14:50,,,,,
2018-01-25,2401X,PALENCIA,PALENCIA,736,"4,2","10,6","1,5",23:16,"7,0",13:00,29,"2,5","10,8",13:10,,,,,
2018-01-26,2401X,PALENCIA,PALENCIA,736,"3,6","0,0","-0,6",07:30,"7,9",14:11,30,"2,5","11,4",12:00,,,,,
2018-01-27,2401X,PALENCIA,PALENCIA,736,"2,4","0,0","-3,0",05:14,"7,8",14:14,06,"1,4","10,6",16:00,,,,,
2018-01-28,2401X,PALENCIA,PALENCIA,736,"5,0","0,0","-2,4",06:37,"12,5",14:34,05,"1,4","6,4",14:50,,,,,
2018-01-29,2401X,PALENCIA,PALENCIA,736,"5,0","0,0","-3,4",07:00,"13,5",15:20,02,"0,8","3,3",15:40,,,,,
2018-01-30,2401X,PALENCIA,PALENCIA,736,"5,3","0,0","-3,1",07:33,"13,7",15:02,31,"1,1","3,6",04:30,,,,,
2018-01-31,2401X,PALENCIA,PALENCIA,736,"4,8","0,0","-4,2",06:33,"13,8",15:06,25,"0,8","5,3",14:20,,,,,
2018-02-01,2401X,PALENCIA,PALENCIA,736,"3,6","0,0","-1,6",23:45,"8,7",14:05,30,"3,3","20,0",14:10,,,,,
2018-02-02,2401X,PALENCIA,PALENCIA,736,"1,2","0,0","-3,5",21:13,"6,0",13:52,34,"1,7","7,5",13:40,,,,,
2018-02-03,2401X,PALENCIA,PALENCIA,736,"2,6","0,0","-2,6",02:49,"7,9",14:40,26,"5,8","11,9",17:30,,,,,
2018-02-04,2401X,PALENCIA,PALENCIA,736,"2,6","0,0","-1,2",20:53,"6,5",14:13,06,"1,9","9,2",14:50,,,,,
2018-02-05,2401X,PALENCIA,PALENCIA,736,"1,6","0,0","-1,8",04:28,"5,1",12:13,99,"2,5","11,7",Varias,,,,,
2018-02-06,2401X,PALENCIA,PALENCIA,736,"0,8","0,0","-3,2",23:27,"4,9",14:40,06,"1,4","8,6",11:50,,,,,
2018-02-07,2401X,PALENCIA,PALENCIA,736,"0,0","0,0","-4,9",08:02,"4,8",13:28,36,"1,7","9,4",11:00,,,,,
2018-02-08,2401X,PALENCIA,PALENCIA,736,"-0,8","0,0","-7,6",07:33,"5,9",15:28,33,"1,9","5,8",12:00,,,,,
2018-02-09,2401X,PALENCIA,PALENCIA,736,"2,8","0,0","-4,6",01:30,"10,2",14:48,35,"1,4","9,2",15:30,,,,,
2018-02-10,2401X,PALENCIA,PALENCIA,736,"1,6","0,0","-6,3",07:33,"9,5",14:57,30,"1,4","7,8",15:20,,,,,
2018-02-11,2401X,PALENCIA,PALENCIA,736,"7,5","0,6","2,3",07:24,"12,7",12:59,26,"4,2","11,4",18:10,,,,,
2018-02-12,2401X,PALENCIA,PALENCIA,736,"2,4","0,0","-3,9",Varias,"8,8",14:39,99,"1,4","10,8",Varias,,,,,
2018-02-13,2401X,PALENCIA,PALENCIA,736,"1,0","5,8","-4,6",01:56,"6,5",22:10,25,"5,0","13,9",16:10,,,,,
2018-02-14,2401X,PALENCIA,PALENCIA,736,"7,8","1,6","5,9",02:38,"9,7",14:15,24,"5,8","16,7",02:10,,,,,
2018-02-15,2401X,PALENCIA,PALENCIA,736,"10,8","0,0","8,3",Varias,"13,2",13:10,24,"3,1","10,6",00:50,,,,,
2018-02-16,2401X,PALENCIA,PALENCIA,736,"11,8","0,0","8,6",22:39,"15,0",15:29,27,"1,7","12,2",20:10,,,,,
2018-02-17,2401X,PALENCIA,PALENCIA,736,"5,0","0,6","0,4",23:59,"9,7",15:11,28,"2,2","9,4",04:10,,,,,
2018-02-18,2401X,PALENCIA,PALENCIA,736,"4,6","0,0","-2,8",06:44,"12,1",15:12,06,"1,9","9,4",16:10,,,,,
2018-02-19,2401X,PALENCIA,PALENCIA,736,"7,0","0,0","2,5",01:49,"11,5",16:12,32,"1,7","5,8",11:50,,,,,
2018-02-20,2401X,PALENCIA,PALENCIA,736,"6,7","0,0","0,4",23:59,"13,0",13:53,06,"1,7","9,2",17:10,,,,,
2018-02-21,2401X,PALENCIA,PALENCIA,736,"3,2","0,0","-1,8",03:02,"8,1",13:56,05,"3,9","11,9",15:20,,,,,
2018-02-22,2401X,PALENCIA,PALENCIA,736,"1,0","0,0","-4,8",07:15,"6,9",14:12,08,"1,9","10,8",15:00,,,,,
2018-02-23,2401X,PALENCIA,PALENCIA,736,"1,0","0,0","-7,1",06:59,"9,1",15:11,07,"1,1","4,7",11:00,,,,,
2018-02-24,2401X,PALENCIA,PALENCIA,736,"1,4","0,0","-8,2",06:35,"10,9",15:02,28,"1,1","5,0",13:00,,,,,
2018-02-25,2401X,PALENCIA,PALENCIA,736,"2,8","0,0","-7,3",07:01,"13,0",15:11,32,"1,1","4,7",15:10,,,,,
2018-02-26,2401X,PALENCIA,PALENCIA,736,"4,2","0,0","-6,2",07:04,"14,5",14:19,08,"1,7","8,6",16:10,,,,,
2018-02-27,2401X,PALENCIA,PALENCIA,736,"-0,2","13,2","-5,4",06:54,"4,9",13:53,07,"1,7","8,3",09:20,,,,,
2018-02-28,2401X,PALENCIA,PALENCIA,736,"1,0","11,6","-3,3",00:01,"5,3",22:32,29,"0,8","11,4",16:20,,,,,
2018-03-01,2401X,PALENCIA,PALENCIA,736,"7,9","5,0","2,0",23:50,"13,8",13:26,25,"6,1","23,1",20:10,,,,,
2018-03-02,2401X,PALENCIA,PALENCIA,736,"4,0","11,2","-0,4",06:56,"8,5",16:42,28,"3,3","16,4",22:30,,,,,
2018-03-03,2401X,PALENCIA,PALENCIA,736,"7,6","13,0","3,9",04:02,"11,2",Varias,27,"4,7","13,1",13:10,,,,,
2018-03-04,2401X,PALENCIA,PALENCIA,736,"6,4","6,8","3,2",07:16,"9,7",12:12,25,"2,5","10,3",01:10,,,,,
2018-03-05,2401X,PALENCIA,PALENCIA,736,"5,4","3,4","3,2",23:49,"7,5",09:57,26,"3,6","14,4",23:10,,,,,
2018-03-06,2401X,PALENCIA,PALENCIA,736,"6,2","0,6","2,2",23:57,"10,2",15:16,26,"7,5","15,0",18:20,,,,,
2018-03-07,2401X,PALENCIA,PALENCIA,736,"5,0","0,0","0,5",06:50,"9,6",15:34,26,"3,9","14,4",02:10,,,,,
2018-03-08,2401X,PALENCIA,PALENCIA,736,"8,2","0,2","4,2",07:00,"12,3",16:12,23,"2,2","9,4",21:30,,,,,
2018-03-09,2401X,PALENCIA,PALENCIA,736,"10,0","13,6","8,2",05:41,"11,7",13:11,20,"3,6","12,8",20:10,,,,,
2018-03-10,2401X,PALENCIA,PALENCIA,736,"9,3","2,0","6,1",23:55,"12,5",14:01,22,"3,9","12,2",18:20,,,,,
2018-03-11,2401X,PALENCIA,PALENCIA,736,"8,2","0,6","5,6",23:51,"10,7",14:53,25,"8,9","18,1",13:10,,,,,
2018-03-12,2401X,PALENCIA,PALENCIA,736,"8,6","3,8","5,4",00:31,"11,8",13:10,25,"7,8","15,6",09:10,,,,,
2018-03-13,2401X,PALENCIA,PALENCIA,736,"8,2","0,2","3,5",03:16,"12,9",14:53,25,"3,1","10,3",14:10,,,,,
2018-03-14,2401X,PALENCIA,PALENCIA,736,"8,1","14,8","4,2",03:27,"12,0",11:58,28,"4,2","21,1",15:30,,,,,
2018-03-15,2401X,PALENCIA,PALENCIA,736,"6,8","2,0","3,5",Varias,"10,2",11:47,28,"4,7","14,4",15:00,,,,,
2018-03-16,2401X,PALENCIA,PALENCIA,736,"5,8","2,6","1,7",06:28,"9,9",15:17,26,"5,0","13,1",15:50,,,,,
2018-03-17,2401X,PALENCIA,PALENCIA,736,"5,6","0,0","1,6",Varias,"9,6",15:26,30,"4,2","12,2",15:20,,,,,
2018-03-18,2401X,PALENCIA,PALENCIA,736,"6,8","0,0","2,2",06:24,"11,4",14:09,26,"5,3","10,8",14:10,,,,,
2018-03-19,2401X,PALENCIA,PALENCIA,736,"4,4","1,2","0,2",Varias,"8,5",12:21,30,"6,7","18,1",13:10,,,,,
2018-03-20,2401X,PALENCIA,PALENCIA,736,"4,0","0,0","-0,2",06:37,"8,2",14:10,02,"3,3","13,6",14:20,,,,,
2018-03-21,2401X,PALENCIA,PALENCIA,736,"3,8","0,0","-0,1",23:20,"7,8",15:01,07,"3,3","11,1",11:40,,,,,
2018-03-22,2401X,PALENCIA,PALENCIA,736,"2,6","0,0","-4,6",06:33,"9,8",15:31,30,"2,5","7,5",15:00,,,,,
2018-03-23,2401X,PALENCIA,PALENCIA,736,"8,0","5,6","2,2",00:35,"13,7",14:40,29,"5,3","23,1",21:20,,,,,
2018-03-24,2401X,PALENCIA,PALENCIA,736,"5,4","0,0","1,0",06:07,"9,8",15:21,29,"8,6","21,1",12:10,,,,,
2018-03-25,2401X,PALENCIA,PALENCIA,736,"5,4","0,6","1,7",06:21,"9,2",15:48,29,"5,6","12,5",06:10,,,,,
2018-03-26,2401X,PALENCIA,PALENCIA,736,"6,6","0,0","-0,7",06:24,"13,9",15:51,34,"3,1","9,2",13:50,,,,,
2018-03-27,2401X,PALENCIA,PALENCIA,736,"12,0","0,0","5,2",06:17,"18,7",15:01,28,"3,1","9,4",02:40,,,,,
2018-03-28,2401X,PALENCIA,PALENCIA,736,"9,6","0,8","2,5",06:16,"16,7",14:43,26,"4,7","12,8",11:10,,,,,
2018-03-29,2401X,PALENCIA,PALENCIA,736,"8,4","1,2","4,2",07:29,"12,7",14:50,24,"5,3","15,0",23:40,,,,,
2018-03-30,2401X,PALENCIA,PALENCIA,736,"5,5","0,6","0,9",05:50,"10,1",14:07,25,"6,4","17,5",23:59,,,,,
2018-03-31,2401X,PALENCIA,PALENCIA,736,"6,7","0,0","1,2",05:41,"12,2",16:00,26,"6,4","19,2",03:10,,,,,
2018-04-01,2401X,PALENCIA,PALENCIA,736,"10,4","0,0","2,2",05:06,"18,7",15:46,20,"1,1","8,3",19:50,,,,,
2018-04-02,2401X,PALENCIA,PALENCIA,736,"12,6","1,8","7,6",05:58,"17,5",14:36,25,"3,1","14,7",16:20,,,,,
2018-04-03,2401X,PALENCIA,PALENCIA,736,"10,8","3,8","6,5",20:51,"15,1",14:35,26,"6,7","18,9",17:10,,,,,
2018-04-04,2401X,PALENCIA,PALENCIA,736,"10,3","0,2","6,2",Varias,"14,4",15:29,25,"6,9","18,9",17:10,,,,,
2018-04-05,2401X,PALENCIA,PALENCIA,736,"9,9","0,0","1,8",05:14,"18,0",15:34,25,"1,4","10,6",00:10,,,,,
2018-04-06,2401X,PALENCIA,PALENCIA,736,"12,2","7,8","2,2",04:40,"22,1",14:36,27,"3,6","12,8",20:40,,,,,
2018-04-07,2401X,PALENCIA,PALENCIA,736,"8,0","3,6","5,5",23:41,"10,6",17:31,27,"1,9","8,1",13:20,,,,,
2018-04-08,2401X,PALENCIA,PALENCIA,736,"9,0","14,2","3,6",05:02,"14,4",15:25,28,"2,8","11,1",16:30,,,,,
2018-04-09,2401X,PALENCIA,PALENCIA,736,"4,8","16,0","2,3",09:55,"7,2",01:10,27,"1,7","10,8",21:10,,,,,
2018-04-10,2401X,PALENCIA,PALENCIA,736,"5,8","6,6","2,9",Varias,"8,8",13:03,23,"2,8","16,1",14:10,,,,,
2018-04-11,2401X,PALENCIA,PALENCIA,736,"6,7","0,0","1,3",05:38,"12,1",14:10,34,"5,8","13,6",14:10,,,,,
2018-04-12,2401X,PALENCIA,PALENCIA,736,"7,0","3,2","2,1",06:00,"12,0",16:01,28,"1,4","7,5",02:30,,,,,
2018-04-13,2401X,PALENCIA,PALENCIA,736,"7,4","1,6","3,0",23:59,"11,9",13:30,32,"0,3","6,4",16:00,,,,,
2018-04-14,2401X,PALENCIA,PALENCIA,736,"9,4","0,2","2,3",02:39,"16,4",14:42,22,"0,8","6,4",15:10,,,,,
2018-04-15,2401X,PALENCIA,PALENCIA,736,"10,8","4,8","6,4",00:01,"15,3",14:51,27,"2,5","9,7",13:10,,,,,
2018-04-16,2401X,PALENCIA,PALENCIA,736,"10,2","0,0","5,2",06:02,"15,1",15:07,29,"1,7","9,2",01:50,,,,,
2018-04-17,2401X,PALENCIA,PALENCIA,736,"12,2","0,0","4,0",05:50,"20,5",16:53,36,"1,4","4,2",14:20,,,,,
2018-04-18,2401X,PALENCIA,PALENCIA,736,"14,6","0,0","4,1",05:37,"25,2",14:36,28,"1,7","8,1",15:10,,,,,
2018-04-19,2401X,PALENCIA,PALENCIA,736,"15,6","0,0","7,3",06:03,"24,0",14:30,13,"1,9","10,0",14:40,,,,,
2018-04-20,2401X,PALENCIA,PALENCIA,736,"15,4","3,8","8,9",05:05,"22,0",14:12,14,"2,2","14,2",18:20,,,,,
2018-04-21,2401X,PALENCIA,PALENCIA,736,"12,4","0,0","6,1",05:31,"18,8",15:56,05,"0,6","5,3",14:40,,,,,
2018-04-22,2401X,PALENCIA,PALENCIA,736,"14,7","3,4","8,7",01:55,"20,7",14:31,29,"1,4","8,6",15:40,,,,,
2018-04-23,2401X,PALENCIA,PALENCIA,736,"15,0","0,0","7,0",04:30,"23,1",14:32,12,"0,8","6,7",15:30,,,,,
2018-04-24,2401X,PALENCIA,PALENCIA,736,"16,8","0,0","8,1",05:52,"25,5",16:13,33,"0,8","5,0",14:30,,,,,
2018-04-25,2401X,PALENCIA,PALENCIA,736,"16,4","0,0","9,4",05:46,"23,3",14:26,06,"1,9","10,3",19:50,,,,,
2018-04-26,2401X,PALENCIA,PALENCIA,736,"14,5","0,0","7,9",04:44,"21,1",16:28,06,"2,2","7,8",00:30,,,,,
2018-04-27,2401X,PALENCIA,PALENCIA,736,"14,2","0,0","8,0",23:59,"20,4",15:45,99,"3,3","9,2",Varias,,,,,
2018-04-28,2401X,PALENCIA,PALENCIA,736,"11,2","0,0","5,6",05:32,"16,8",14:33,26,"2,8","10,0",16:20,,,,,
2018-04-29,2401X,PALENCIA,PALENCIA,736,"8,0","0,8","2,8",23:59,"13,1",13:34,26,"5,0","15,6",15:10,,,,,
2018-04-30,2401X,PALENCIA,PALENCIA,736,"5,4","3,0","-0,2",Varias,"10,9",15:50,32,"2,5","12,8",17:30,,,,,
2018-05-01,2401X,PALENCIA,PALENCIA,736,"6,6","0,0","-0,6",05:21,"13,9",14:33,29,"1,4","6,7",16:40,,,,,
2018-05-02,2401X,PALENCIA,PALENCIA,736,"11,3","0,0","6,3",05:47,"16,3",15:37,26,"3,9","9,2",05:20,,,,,
2018-05-03,2401X,PALENCIA,PALENCIA,736,"9,1","0,0","5,0",23:57,"13,2",12:33,07,"3,3","13,1",18:10,,,,,
2018-05-04,2401X,PALENCIA,PALENCIA,736,"9,2","0,0","3,7",04:36,"14,6",15:25,06,"3,9","13,3",12:00,,,,,
2018-05-05,2401X,PALENCIA,PALENCIA,736,"12,3","0,0","4,2",03:56,"20,4",15:17,07,"3,1","9,7",12:10,,,,,
2018-05-06,2401X,PALENCIA,PALENCIA,736,"15,8","0,0","7,0",04:03,"24,7",15:57,09,"0,8","5,6",14:30,,,,,
2018-05-07,2401X,PALENCIA,PALENCIA,736,"16,6","13,2","7,1",05:07,"26,0",16:04,12,"1,1","9,2",18:20,,,,,
2018-05-08,2401X,PALENCIA,PALENCIA,736,"16,0","0,0","8,9",05:03,"23,2",13:32,06,"1,9","11,1",17:20,,,,,
2018-05-09,2401X,PALENCIA,PALENCIA,736,"14,0","0,0","6,1",04:26,"22,0",17:01,07,"1,4","6,9",21:10,,,,,
2018-05-10,2401X,PALENCIA,PALENCIA,736,"11,4","0,0","5,1",23:24,"17,8",14:56,07,"2,5","9,2",08:10,,,,,
2018-05-11,2401X,PALENCIA,PALENCIA,736,"12,5","0,0","2,4",05:10,"22,6",13:59,26,"3,3","12,2",13:50,,,,,
2018-05-12,2401X,PALENCIA,PALENCIA,736,"8,2","0,0","1,3",23:46,"15,0",14:39,33,"4,7","13,1",16:00,,,,,
2018-05-13,2401X,PALENCIA,PALENCIA,736,"7,6","0,0","-0,4",04:30,"15,5",13:21,34,"4,7","10,8",16:00,,,,,
2018-05-14,2401X,PALENCIA,PALENCIA,736,"11,6","0,0","5,5",23:58,"17,6",16:18,08,"1,7","7,2",15:40,,,,,
2018-05-15,2401X,PALENCIA,PALENCIA,736,"11,2","0,0","2,1",04:38,"20,4",14:58,06,"2,5","8,3",17:20,,,,,
2018-05-16,2401X,PALENCIA,PALENCIA,736,"13,6","0,0","5,1",04:23,"22,1",15:12,06,"2,8","9,2",18:40,,,,,
2018-05-17,2401X,PALENCIA,PALENCIA,736,"15,2","9,8","7,4",04:40,"23,0",14:03,21,"1,7","10,0",18:20,,,,,
2018-05-18,2401X,PALENCIA,PALENCIA,736,"15,5","4,0","9,5",03:21,"21,5",13:13,08,"1,4","10,0",15:20,,,,,
2018-05-19,2401X,PALENCIA,PALENCIA,736,"15,3","0,0","7,7",05:03,"22,9",14:27,06,"2,2","6,9",16:50,,,,,
2018-05-20,2401X,PALENCIA,PALENCIA,736,"15,0","0,0","6,4",05:03,"23,7",16:25,16,"1,1","5,6",20:20,,,,,
2018-05-21,2401X,PALENCIA,PALENCIA,736,"15,8","0,0","7,7",04:56,"24,0",13:45,15,"1,7","10,8",16:10,,,,,
2018-05-22,2401X,PALENCIA,PALENCIA,736,"17,3","0,0","9,7",03:51,"24,9",14:42,08,"1,1","5,0",19:30,,,,,
2018-05-23,2401X,PALENCIA,PALENCIA,736,"18,2","3,8","12,1",03:42,"24,4",14:35,12,"1,1","9,7",18:50,,,,,
2018-05-24,2401X,PALENCIA,PALENCIA,736,"17,1","22,2","9,8",05:16,"24,4",15:14,32,"1,1","6,7",23:59,,,,,
2018-05-25,2401X,PALENCIA,PALENCIA,736,"12,4","7,2","11,0",23:50,"13,9",17:46,28,"1,7","9,2",00:10,,,,,
2018-05-26,2401X,PALENCIA,PALENCIA,736,"14,8","3,0","10,0",23:57,"19,5",17:25,24,"1,7","7,5",12:50,,,,,
2018-05-27,2401X,PALENCIA,PALENCIA,736,"16,0","1,0","9,3",01:00,"22,6",15:51,36,"1,7","8,3",20:00,,,,,
2018-05-28,2401X,PALENCIA,PALENCIA,736,"15,3","2,0","12,3",Varias,"18,3",13:23,07,"2,2","6,7",08:30,,,,,
2018-05-29,2401X,PALENCIA,PALENCIA,736,"15,8","3,0","10,9",23:45,"20,8",13:59,26,"1,7","5,8",15:20,,,,,
2018-05-30,2401X,PALENCIA,PALENCIA,736,"15,0","8,8","8,7",03:35,"21,4",14:04,26,"2,2","9,4",15:10,,,,,
2018-05-31,2401X,PALENCIA,PALENCIA,736,"14,9","0,0","10,5",23:38,"19,3",16:43,28,"3,1","7,5",17:50,,,,,
2018-06-01,2401X,PALENCIA,PALENCIA,736,"16,0","0,0","8,9",05:21,"23,0",15:34,07,"1,7","8,9",18:20,,,,,
2018-06-02,2401X,PALENCIA,PALENCIA,736,"18,8","4,8","12,6",02:49,"24,9",16:35,12,"1,4","6,4",00:10,,,,,
2018-06-03,2401X,PALENCIA,PALENCIA,736,"18,2","0,0","12,6",05:30,"23,7",13:39,26,"2,2","10,0",16:40,,,,,
2018-06-04,2401X,PALENCIA,PALENCIA,736,"13,9","11,2","9,2",05:50,"18,6",13:15,21,"3,1","10,8",14:10,,,,,
2018-06-05,2401X,PALENCIA,PALENCIA,736,"11,0","4,0","7,6",23:51,"14,3",10:26,28,"1,9","8,9",00:10,,,,,
2018-06-06,2401X,PALENCIA,PALENCIA,736,"14,2","0,0","7,5",00:06,"20,9",16:16,33,"1,7","5,8",11:40,,,,,
2018-06-07,2401X,PALENCIA,PALENCIA,736,"15,8","4,8","11,8",05:31,"19,9",12:45,99,"1,9","7,8",Varias,,,,,
2018-06-08,2401X,PALENCIA,PALENCIA,736,"16,2","4,2","11,6",21:58,"20,9",13:09,28,"3,6","11,7",19:20,,,,,
2018-06-09,2401X,PALENCIA,PALENCIA,736,"13,0","10,6","8,8",22:41,"17,3",13:27,32,"1,4","10,0",19:10,,,,,
2018-06-10,2401X,PALENCIA,PALENCIA,736,"13,8","14,6","9,2",00:01,"18,4",16:44,20,"0,8","6,4",16:40,,,,,
2018-06-11,2401X,PALENCIA,PALENCIA,736,"15,2","5,0","11,1",23:56,"19,3",17:56,26,"1,7","4,2",05:20,,,,,
2018-06-12,2401X,PALENCIA,PALENCIA,736,"16,0","1,8","10,1",04:24,"21,8",16:00,34,"1,7","7,5",16:20,,,,,
2018-06-13,2401X,PALENCIA,PALENCIA,736,"14,8","0,0","8,1",02:53,"21,4",15:00,32,"1,4","6,1",12:30,,,,,
2018-06-14,2401X,PALENCIA,PALENCIA,736,"15,6","0,0","7,3",04:57,"23,9",16:12,34,"1,4","5,6",10:10,,,,,
2018-06-15,2401X,PALENCIA,PALENCIA,736,"17,6","0,0","9,0",04:43,"26,1",15:58,99,"1,7","6,7",17:40,,,,,
2018-06-16,2401X,PALENCIA,PALENCIA,736,"18,4","0,0","10,3",05:00,"26,4",16:11,06,"1,7","6,9",20:10,,,,,
2018-06-17,2401X,PALENCIA,PALENCIA,736,"18,4","0,0","10,3",Varias,"26,4",16:19,04,"1,7","5,8",18:30,,,,,
2018-06-18,2401X,PALENCIA,PALENCIA,736,"17,6","0,0","9,3",04:51,"25,9",14:48,04,"2,5","8,9",16:40,,,,,
2018-06-19,2401X,PALENCIA,PALENCIA,736,"21,2","0,0","13,1",04:51,"29,4",15:58,06,"1,4","6,9",02:30,,,,,
2018-06-20,2401X,PALENCIA,PALENCIA,736,"22,6","8,6","13,3",Varias,"31,9",16:10,23,"0,8","4,7",23:40,,,,,
2018-06-21,2401X,PALENCIA,PALENCIA,736,"23,6","0,0","16,9",04:57,"30,4",15:46,25,"1,1","7,5",01:10,,,,,
2018-06-22,2401X,PALENCIA,PALENCIA,736,"22,7","0,0","15,9",24:00,"29,5",14:18,08,"2,5","7,8",06:50,,,,,
2018-06-23,2401X,PALENCIA,PALENCIA,736,"22,1","0,0","12,9",04:55,"31,3",15:33,07,"1,4","4,7",07:40,,,,,
2018-06-24,2401X,PALENCIA,PALENCIA,736,"23,3","0,0","12,6",04:43,"34,0",15:06,14,"0,8","4,7",18:50,,,,,
2018-06-25,2401X,PALENCIA,PALENCIA,736,"23,2","0,0","12,3",04:53,"34,0",15:14,13,"1,1","5,0",08:40,,,,,
2018-06-26,2401X,PALENCIA,PALENCIA,736,"24,8","0,0","15,2",04:59,"34,3",14:45,13,"1,7","11,9",18:20,,,,,
2018-06-27,2401X,PALENCIA,PALENCIA,736,"22,8","0,0","14,9",04:41,"30,8",15:19,12,"1,7","10,0",18:10,,,,,
2018-06-28,2401X,PALENCIA,PALENCIA,736,"22,4","13,6","15,7",23:55,"29,1",14:31,32,"1,7","11,9",16:20,,,,,
2018-06-29,2401X,PALENCIA,PALENCIA,736,"21,7","0,2","14,0",04:56,"29,4",14:34,12,"1,1","10,3",18:50,,,,,
2018-06-30,2401X,PALENCIA,PALENCIA,736,"20,8","0,4","15,1",23:45,"26,6",10:34,25,"3,9","11,4",13:40,,,,,
2018-07-01,2401X,PALENCIA,PALENCIA,736,"19,6","2,0","12,5",Varias,"26,6",14:51,20,"1,7","10,0",17:20,,,,,
2018-07-02,2401X,PALENCIA,PALENCIA,736,"18,2","0,0","11,5",,"24,9",,28,"2,8","8,9",17:20,,,,,
2018-07-03,2401X,PALENCIA,PALENCIA,736,"19,8","0,0","12,3",02:57,"27,4",17:43,15,"1,1","8,1",14:20,,,,,
2018-07-04,2401X,PALENCIA,PALENCIA,736,"20,4","1,4","14,5",02:27,"26,3",15:02,27,"3,3","10,8",11:40,,,,,
2018-07-05,2401X,PALENCIA,PALENCIA,736,"18,7","0,0","11,4",05:00,"26,0",17:16,28,"1,1","5,0",09:40,,,,,
2018-07-06,2401X,PALENCIA,PALENCIA,736,"20,3","0,0","12,6",04:55,"28,0",16:27,36,"1,7","8,3",23:10,,,,,
2018-07-07,2401X,PALENCIA,PALENCIA,736,"22,3","5,0","14,2",04:31,"30,4",15:32,08,"1,7","8,6",16:50,,,,,
2018-07-08,2401X,PALENCIA,PALENCIA,736,"23,4","0,2","16,2",Varias,"30,5",13:59,36,"1,9","10,8",17:10,,,,,
2018-07-09,2401X,PALENCIA,PALENCIA,736,"22,4","0,0","15,2",03:28,"29,7",16:05,07,"2,2","7,5",09:50,,,,,
2018-07-10,2401X,PALENCIA,PALENCIA,736,"21,9","0,0","13,7",05:05,"30,1",Varias,99,"1,1","6,4",Varias,,,,,
2018-07-11,2401X,PALENCIA,PALENCIA,736,"20,6","2,8","14,5",,"26,7",,34,"2,5","10,3",09:10,,,,,
2018-07-12,2401X,PALENCIA,PALENCIA,736,"20,8","0,0","12,9",04:44,"28,8",16:11,08,"1,9","6,9",18:30,,,,,
2018-07-13,2401X,PALENCIA,PALENCIA,736,"22,6","4,4","14,3",05:14,"31,0",13:58,32,"1,4","10,3",19:20,,,,,
2018-07-14,2401X,PALENCIA,PALENCIA,736,"22,6","0,0","13,8",05:05,"31,4",15:27,24,"1,4","7,2",15:40,,,,,
2018-07-15,2401X,PALENCIA,PALENCIA,736,"20,4","4,0","12,4",05:04,"28,3",14:37,28,"2,5","8,9",14:50,,,,,
2018-07-16,2401X,PALENCIA,PALENCIA,736,"20,2","0,0","12,2",,"28,1",,04,"1,4","7,2",17:10,,,,,
2018-07-17,2401X,PALENCIA,PALENCIA,736,"22,0","0,0","13,2",04:55,"30,7",17:32,24,"0,8","6,7",13:40,,,,,
2018-07-18,2401X,PALENCIA,PALENCIA,736,"23,6","0,0","15,6",05:19,"31,7",16:11,27,"1,7","8,3",13:20,,,,,
2018-07-19,2401X,PALENCIA,PALENCIA,736,"22,2","0,0","13,2",05:15,"31,2",16:12,16,"1,4","8,9",12:20,,,,,
2018-07-20,2401X,PALENCIA,PALENCIA,736,"18,7","1,0","12,8",23:57,"24,6",13:26,35,"3,3","8,1",14:30,,,,,
2018-07-21,2401X,PALENCIA,PALENCIA,736,"15,6","0,0","9,6",04:54,"21,6",13:49,31,"1,4","7,2",13:50,,,,,
2018-07-22,2401X,PALENCIA,PALENCIA,736,"19,2","0,0","10,0",05:03,"28,4",16:16,07,"1,9","7,8",19:10,,,,,
2018-07-23,2401X,PALENCIA,PALENCIA,736,"22,5","0,0","11,9",05:01,"33,1",15:19,22,"1,9","11,1",14:00,,,,,
2018-07-24,2401X,PALENCIA,PALENCIA,736,"23,7","0,0","14,3",05:19,"33,1",15:34,27,"1,4","6,7",11:10,,,,,
2018-07-25,2401X,PALENCIA,PALENCIA,736,"24,6","0,0","15,5",05:13,"33,7",16:27,14,"1,7","6,7",13:30,,,,,
2018-07-26,2401X,PALENCIA,PALENCIA,736,"24,0","0,0","14,8",05:05,"33,3",15:35,22,"1,9","8,9",16:00,,,,,
2018-07-27,2401X,PALENCIA,PALENCIA,736,"23,2","0,0","14,6",Varias,"31,8",15:30,27,"2,8","8,9",17:30,,,,,
2018-07-28,2401X,PALENCIA,PALENCIA,736,"22,2","0,0","13,5",05:50,"30,9",15:53,28,"1,9","7,5",14:40,,,,,
2018-07-29,2401X,PALENCIA,PALENCIA,736,"21,9","0,0","12,8",05:12,"31,0",15:20,28,"2,5","9,7",22:30,,,,,
2018-07-30,2401X,PALENCIA,PALENCIA,736,"23,0","0,0","13,6",05:17,"32,3",15:06,28,"2,2","10,6",15:30,,,,,
2018-07-31,2401X,PALENCIA,PALENCIA,736,"23,3","0,0","14,4",05:23,"32,2",15:32,06,"0,8","6,9",19:20,,,,,
2018-08-01,2401X,PALENCIA,PALENCIA,736,"25,3","0,0","16,4",04:53,"34,2",17:27,05,"1,4","5,8",00:30,,,,,
2018-08-02,2401X,PALENCIA,PALENCIA,736,"26,4","0,0","15,5",05:26,"37,3",16:11,33,"0,8","5,0",13:20,,,,,
2018-08-03,2401X,PALENCIA,PALENCIA,736,"27,8","0,0","17,4",03:53,"38,2",14:48,08,"2,2","7,5",17:50,,,,,
2018-08-04,2401X,PALENCIA,PALENCIA,736,"26,2","0,0","16,9",05:24,"35,4",15:15,34,"1,9","6,7",13:30,,,,,
2018-08-05,2401X,PALENCIA,PALENCIA,736,"25,2","0,0","14,9",05:12,"35,5",16:00,35,"1,7","6,4",12:30,,,,,
2018-08-06,2401X,PALENCIA,PALENCIA,736,"26,8","0,0","15,3",05:20,"38,2",Varias,26,"1,4","13,9",19:40,,,,,
2018-08-07,2401X,PALENCIA,PALENCIA,736,"23,0","0,0","15,7",04:41,"30,2",15:34,28,"3,6","8,9",18:10,,,,,
2018-08-08,2401X,PALENCIA,PALENCIA,736,"21,7","0,0","11,8",05:17,"31,6",15:44,24,"1,7","9,4",16:00,,,,,
2018-08-09,2401X,PALENCIA,PALENCIA,736,"19,5","0,0","13,0",23:58,"26,0",14:47,04,"1,9","8,6",19:00,,,,,
2018-08-10,2401X,PALENCIA,PALENCIA,736,"19,6","0,0","10,0",05:12,"29,3",17:07,99,"1,4","4,7",Varias,,,,,
2018-08-11,2401X,PALENCIA,PALENCIA,736,"22,4","0,0","11,7",05:35,"33,0",14:41,30,"1,1","6,7",14:40,,,,,
2018-08-12,2401X,PALENCIA,PALENCIA,736,"22,9","0,0","12,8",05:33,"33,0",14:48,29,"3,6","14,4",13:10,,,,,
2018-08-13,2401X,PALENCIA,PALENCIA,736,"20,7","0,0","11,6",05:30,"29,8",15:14,35,"1,4","8,6",18:40,,,,,
2018-08-14,2401X,PALENCIA,PALENCIA,736,"20,0","0,0","13,8",05:33,"26,3",15:07,07,"2,5","7,8",12:50,,,,,
2018-08-15,2401X,PALENCIA,PALENCIA,736,"22,2","0,0","12,6",05:15,"31,8",16:15,04,"1,4","5,8",08:00,,,,,
2018-08-16,2401X,PALENCIA,PALENCIA,736,"21,9","0,0","11,8",05:43,"32,0",14:35,05,"2,2","10,6",20:00,,,,,
2018-08-17,2401X,PALENCIA,PALENCIA,736,"18,0","0,0","12,4",23:56,"23,6",14:04,36,"3,6","10,6",11:10,,,,,
2018-08-18,2401X,PALENCIA,PALENCIA,736,"17,4","0,0","9,3",05:13,"25,5",14:01,07,"2,5","9,2",17:10,,,,,
2018-08-19,2401X,PALENCIA,PALENCIA,736,"19,8","0,0","9,8",05:49,"29,8",16:22,07,"1,9","8,6",19:10,,,,,
2018-08-20,2401X,PALENCIA,PALENCIA,736,"21,5","0,0","12,9",05:38,"30,1",15:41,06,"2,5","8,1",14:40,,,,,
2018-08-21,2401X,PALENCIA,PALENCIA,736,"22,8","0,0","12,5",05:34,"33,1",15:15,33,"1,4","5,0",14:20,,,,,
2018-08-22,2401X,PALENCIA,PALENCIA,736,"23,7","1,0","13,1",05:43,"34,3",14:37,24,"1,7","8,9",17:40,,,,,
2018-08-23,2401X,PALENCIA,PALENCIA,736,"22,8","0,0","14,1",05:37,"31,6",14:13,02,"1,7","6,7",20:20,,,,,
2018-08-24,2401X,PALENCIA,PALENCIA,736,"20,2","0,0","12,3",05:59,"28,1",15:17,06,"1,1","8,3",18:40,,,,,
2018-08-25,2401X,PALENCIA,PALENCIA,736,"19,0","0,0","11,8",04:37,"26,3",14:18,07,"1,9","7,5",11:00,,,,,
2018-08-26,2401X,PALENCIA,PALENCIA,736,"20,2","0,0","9,9",05:51,"30,6",15:40,27,"2,2","6,9",13:00,,,,,
2018-08-27,2401X,PALENCIA,PALENCIA,736,"23,0","0,0","11,2",05:58,"34,9",14:57,30,"0,8","7,5",13:40,,,,,
2018-08-28,2401X,PALENCIA,PALENCIA,736,"23,6","0,0","14,8",02:45,"32,5",14:18,26,"2,2","11,1",Varias,,,,,
2018-08-29,2401X,PALENCIA,PALENCIA,736,"21,6","0,0","13,8",05:42,"29,4",14:19,07,"2,2","8,3",18:10,,,,,
2018-08-30,2401X,PALENCIA,PALENCIA,736,"21,4","0,0","12,4",05:53,"30,4",14:49,04,"1,1","6,9",19:20,,,,,
2018-08-31,2401X,PALENCIA,PALENCIA,736,"20,4","0,0","11,8",05:50,"28,9",15:21,08,"1,7","9,2",16:10,,,,,
2018-09-01,2401X,PALENCIA,PALENCIA,736,"22,3","0,0","12,6",05:36,"32,0",15:16,13,"0,8","5,0",11:20,,,,,
2018-09-02,2401X,PALENCIA,PALENCIA,736,"23,0","0,0","11,7",05:25,"34,3",14:04,34,"0,6","7,8",15:40,,,,,
2018-09-03,2401X,PALENCIA,PALENCIA,736,"22,4","2,8","15,2",23:24,"29,5",14:22,01,"2,2","10,6",22:30,,,,,
2018-09-04,2401X,PALENCIA,PALENCIA,736,"20,6","0,0","12,9",06:04,"28,3",15:13,09,"2,2","8,6",18:00,,,,,
2018-09-05,2401X,PALENCIA,PALENCIA,736,"18,9","4,2","12,0",05:54,"25,8",15:43,08,"1,4","7,8",18:30,,,,,
2018-09-06,2401X,PALENCIA,PALENCIA,736,"19,0","0,0","14,1",Varias,"24,0",13:39,04,"1,9","8,3",20:00,,,,,
2018-09-07,2401X,PALENCIA,PALENCIA,736,"18,6","0,4","11,6",04:02,"25,6",16:06,07,"1,7","6,7",08:50,,,,,
2018-09-08,2401X,PALENCIA,PALENCIA,736,"20,2","0,0","13,1",02:27,"27,2",12:35,23,"1,9","10,6",13:50,,,,,
2018-09-09,2401X,PALENCIA,PALENCIA,736,"20,5","0,0","14,2",06:14,"26,8",14:08,31,"1,1","9,7",16:10,,,,,
2018-09-10,2401X,PALENCIA,PALENCIA,736,"20,3","0,0","12,7",05:54,"27,9",14:49,35,"1,1","5,3",17:10,,,,,
2018-09-11,2401X,PALENCIA,PALENCIA,736,"21,0","0,0","12,1",06:02,"30,0",14:23,14,"1,9","11,1",17:20,,,,,
2018-09-12,2401X,PALENCIA,PALENCIA,736,"20,9","0,0","11,2",05:55,"30,6",15:07,29,"1,4","6,9",15:10,,,,,
2018-09-13,2401X,PALENCIA,PALENCIA,736,"21,3","0,0","12,9",Varias,"29,7",15:09,34,"1,1","4,7",16:10,,,,,
2018-09-14,2401X,PALENCIA,PALENCIA,736,"20,9","0,0","11,1",06:03,"30,7",15:11,31,"0,6","5,0",15:10,,,,,
2018-09-15,2401X,PALENCIA,PALENCIA,736,"21,9","0,0","12,9",05:48,"30,9",15:38,01,"0,6","6,4",14:10,,,,,
2018-09-16,2401X,PALENCIA,PALENCIA,736,"21,7","0,0","11,8",06:03,"31,6",13:48,99,"1,7","7,2",Varias,,,,,
2018-09-17,2401X,PALENCIA,PALENCIA,736,"21,8","0,6","11,9",05:55,"31,6",13:42,24,"0,8","8,3",12:10,,,,,
2018-09-18,2401X,PALENCIA,PALENCIA,736,"22,4","0,0","14,7",23:59,"30,0",14:46,25,"2,2","9,4",14:10,,,,,
2018-09-19,2401X,PALENCIA,PALENCIA,736,"20,7","0,0","10,9",06:11,"30,5",15:01,24,"0,6","4,2",16:00,,,,,
2018-09-20,2401X,PALENCIA,PALENCIA,736,"21,2","0,0","11,3",06:24,"31,2",14:08,27,"2,8","9,2",13:40,,,,,
2018-09-21,2401X,PALENCIA,PALENCIA,736,"21,0","0,0","13,8",05:21,"28,2",15:32,28,"1,1","5,6",14:30,,,,,
2018-09-22,2401X,PALENCIA,PALENCIA,736,"21,0","0,0","10,8",06:15,"31,3",15:12,26,"1,4","6,1",12:50,,,,,
2018-09-23,2401X,PALENCIA,PALENCIA,736,"21,2","0,0","10,2",06:12,"32,2",14:37,28,"1,4","5,8",12:30,,,,,
2018-09-24,2401X,PALENCIA,PALENCIA,736,"16,2","0,0","9,1",23:54,"23,4",14:30,04,"2,5","9,2",11:30,,,,,
2018-09-25,2401X,PALENCIA,PALENCIA,736,"15,7","0,0","7,1",04:40,"24,3",14:50,04,"1,4","6,1",07:40,,,,,
2018-09-26,2401X,PALENCIA,PALENCIA,736,"18,1","0,0","5,6",06:03,"30,6",14:48,22,"1,1","10,0",16:20,,,,,
2018-09-27,2401X,PALENCIA,PALENCIA,736,"20,6","0,0","11,7",06:20,"29,6",15:02,15,"0,6","5,0",09:10,,,,,
2018-09-28,2401X,PALENCIA,PALENCIA,736,"19,6","0,0","9,8",06:19,"29,4",14:20,07,"1,1","6,7",16:20,,,,,
2018-09-29,2401X,PALENCIA,PALENCIA,736,"19,4","0,0","10,7",06:23,"28,2",14:15,08,"1,1","7,2",10:30,,,,,
2018-09-30,2401X,PALENCIA,PALENCIA,736,"18,6","0,0","9,4",06:26,"27,8",15:00,06,"1,1","7,2",18:40,,,,,
2018-10-01,2401X,PALENCIA,PALENCIA,736,"13,8","0,0","8,8",23:59,"18,8",14:07,07,"3,6","10,8",08:20,,,,,
2018-10-02,2401X,PALENCIA,PALENCIA,736,"14,0","0,0","6,8",06:48,"21,3",14:55,05,"1,7","9,7",16:30,,,,,
2018-10-03,2401X,PALENCIA,PALENCIA,736,"16,6","0,0","7,2",06:28,"26,0",14:28,04,"1,9","9,7",13:10,,,,,
2018-10-04,2401X,PALENCIA,PALENCIA,736,"16,6","0,0","6,3",Varias,"27,0",14:54,12,"1,4","4,2",13:20,,,,,
2018-10-05,2401X,PALENCIA,PALENCIA,736,"16,2","0,0","4,2",06:26,"28,2",14:31,27,"0,8","6,4",14:50,,,,,
2018-10-06,2401X,PALENCIA,PALENCIA,736,"15,6","0,0","5,9",23:59,"25,2",14:08,27,"3,9","15,6",15:20,,,,,
2018-10-07,2401X,PALENCIA,PALENCIA,736,"8,9","0,0","0,3",06:33,"17,5",14:48,08,"1,1","6,7",14:10,,,,,
2018-10-08,2401X,PALENCIA,PALENCIA,736,"9,2","0,0","1,3",05:50,"17,0",15:04,06,"1,7","6,4",14:50,,,,,
2018-10-09,2401X,PALENCIA,PALENCIA,736,"11,6","0,0","3,0",05:59,"20,3",14:07,12,"2,8","9,2",16:00,,,,,
2018-10-10,2401X,PALENCIA,PALENCIA,736,"13,3","0,0","4,9",06:05,"21,7",13:22,25,"1,7","8,3",13:20,,,,,
2018-10-11,2401X,PALENCIA,PALENCIA,736,"14,5","2,8","8,8",03:37,"20,2",13:49,27,"1,9","10,8",13:40,,,,,
2018-10-12,2401X,PALENCIA,PALENCIA,736,"16,3","0,0","8,9",06:32,"23,7",14:02,23,"1,4","7,8",10:30,,,,,
2018-10-13,2401X,PALENCIA,PALENCIA,736,"16,4","0,4","8,1",06:35,"24,7",15:08,12,"1,7","6,9",13:30,,,,,
2018-10-14,2401X,PALENCIA,PALENCIA,736,"14,0","2,2","8,1",,"19,9",,21,"2,5","16,9",62:30,,,,,
2018-10-15,2401X,PALENCIA,PALENCIA,736,"10,2","1,6","6,1",Varias,"14,3",16:08,25,"0,6","6,9",01:30,,,,,
2018-10-16,2401X,PALENCIA,PALENCIA,736,"13,2","0,0","6,2",02:04,"20,2",15:13,31,"1,7","4,4",13:30,,,,,
2018-10-17,2401X,PALENCIA,PALENCIA,736,"11,7","0,4","4,2",06:27,"19,2",13:29,24,"0,8","5,6",13:30,,,,,
2018-10-18,2401X,PALENCIA,PALENCIA,736,"14,8","0,0","10,8",05:03,"18,8",12:33,08,"2,5","10,8",13:30,,,,,
2018-10-19,2401X,PALENCIA,PALENCIA,736,"15,9","0,0","12,2",Varias,"19,6",14:26,99,"3,1","12,5",Varias,,,,,
2018-10-20,2401X,PALENCIA,PALENCIA,736,"15,6","0,0","11,1",23:03,"20,1",14:58,06,"2,2","9,2",00:20,,,,,
2018-10-21,2401X,PALENCIA,PALENCIA,736,"16,5","0,0","8,9",04:14,"24,1",14:37,14,"0,3","5,0",12:30,,,,,
2018-10-22,2401X,PALENCIA,PALENCIA,736,"14,0","0,0","9,0",23:36,"18,9",13:23,06,"2,8","11,1",14:00,,,,,
2018-10-23,2401X,PALENCIA,PALENCIA,736,"12,6","0,0","5,1",23:53,"20,2",14:22,06,"1,1","7,5",16:30,,,,,
2018-10-24,2401X,PALENCIA,PALENCIA,736,"11,1","0,0","0,8",07:06,"21,4",13:34,06,"0,8","6,4",12:30,,,,,
2018-10-25,2401X,PALENCIA,PALENCIA,736,"11,6","0,0","0,2",,"22,9",,,,,,,,,,
2018-10-26,2401X,PALENCIA,PALENCIA,736,"11,2","0,0","4,1",,"18,2",,,,,,,,,,
2018-10-27,2401X,PALENCIA,PALENCIA,736,"5,9","2,8","1,3",,"10,5",,05,,"17,8",75:10,,,,,
2018-10-28,2401X,PALENCIA,PALENCIA,736,"3,0","1,2","-2,3",,"8,2",,,,,,,,,,
2018-10-29,2401X,PALENCIA,PALENCIA,736,"5,4","5,0","0,1",,"10,7",,,,,,,,,,
2018-10-30,2401X,PALENCIA,PALENCIA,736,"6,3","2,2","4,1",04:35,"8,5",16:07,12,"1,9","7,2",07:10,,,,,
2018-10-31,2401X,PALENCIA,PALENCIA,736,"7,3","0,0","4,8",23:57,"9,8",15:38,28,"1,4","6,1",14:30,,,,,
2018-11-01,2401X,PALENCIA,PALENCIA,736,"6,5","0,0","0,5",06:51,"12,5",13:07,25,"1,7","9,2",22:10,,,,,
2018-11-02,2401X,PALENCIA,PALENCIA,736,"10,8","0,0","5,2",23:34,"16,4",15:09,25,"3,6","13,6",02:30,,,,,
2018-11-03,2401X,PALENCIA,PALENCIA,736,"7,6","0,0","0,3",07:05,"15,0",14:50,99,"1,9","5,8",Varias,,,,,
2018-11-04,2401X,PALENCIA,PALENCIA,736,"8,4","10,4","-0,2",06:36,"17,1",14:35,28,"1,4","7,2",18:30,,,,,
2018-11-05,2401X,PALENCIA,PALENCIA,736,"8,2","2,6","5,7",19:22,"10,8",13:01,26,"3,1","13,3",22:50,,,,,
2018-11-06,2401X,PALENCIA,PALENCIA,736,"7,1","4,4","5,0",06:14,"9,2",22:56,27,"3,6","14,4",02:10,,,,,
2018-11-07,2401X,PALENCIA,PALENCIA,736,"8,1","0,2","2,9",23:28,"13,3",14:07,26,"3,9","13,3",10:40,,,,,
2018-11-08,2401X,PALENCIA,PALENCIA,736,"8,0","6,4","2,7",Varias,"13,4",12:57,27,"1,9","11,4",19:00,,,,,
2018-11-09,2401X,PALENCIA,PALENCIA,736,"6,6","0,2","3,4",07:06,"9,8",11:58,30,"3,6","13,6",11:10,,,,,
2018-11-10,2401X,PALENCIA,PALENCIA,736,"11,6","2,6","9,3",00:01,"13,9",15:17,23,"5,0","13,9",14:40,,,,,
2018-11-11,2401X,PALENCIA,PALENCIA,736,"10,9","7,8","8,1",23:51,"13,7",10:54,20,"1,9","9,2",04:10,,,,,
2018-11-12,2401X,PALENCIA,PALENCIA,736,"9,0","2,8","7,6",23:13,"10,5",12:08,13,"0,8","5,0",01:00,,,,,
2018-11-13,2401X,PALENCIA,PALENCIA,736,"9,6","0,2","4,7",23:34,"14,6",14:50,13,"0,8","5,3",12:10,,,,,
2018-11-14,2401X,PALENCIA,PALENCIA,736,"9,0","0,0","4,8",23:41,"13,3",15:34,07,"0,6","3,6",10:10,,,,,
2018-11-15,2401X,PALENCIA,PALENCIA,736,"10,8","0,0","4,9",00:01,"16,8",14:27,06,"0,6","3,6",13:30,,,,,
2018-11-16,2401X,PALENCIA,PALENCIA,736,"9,4","0,0","3,4",07:07,"15,4",13:53,14,"0,3","3,3",13:30,,,,,
2018-11-17,2401X,PALENCIA,PALENCIA,736,"10,2","0,0","3,9",07:01,"16,5",13:33,99,"0,6","5,0",11:50,,,,,
2018-11-18,2401X,PALENCIA,PALENCIA,736,"7,7","3,0","2,6",05:35,"12,8",15:10,13,"0,6","8,6",23:00,,,,,
2018-11-19,2401X,PALENCIA,PALENCIA,736,"10,2","1,6","7,2",05:17,"13,2",14:18,14,"1,4","7,8",01:50,,,,,
2018-11-20,2401X,PALENCIA,PALENCIA,736,"7,7","16,4","6,3",19:51,"9,1",00:22,26,"4,2","12,5",12:50,,,,,
2018-11-21,2401X,PALENCIA,PALENCIA,736,"7,7","1,4","4,1",23:56,"11,3",12:53,25,"3,6","12,8",13:20,,,,,
2018-11-22,2401X,PALENCIA,PALENCIA,736,"6,4","7,8","2,7",03:35,"10,0",13:36,22,"2,2","7,8",12:50,,,,,
2018-11-23,2401X,PALENCIA,PALENCIA,736,"6,2","0,0","4,4",06:26,"8,0",13:45,24,"2,5","8,6",12:30,,,,,
2018-11-24,2401X,PALENCIA,PALENCIA,736,"7,7","2,2","5,0",06:47,"10,4",14:25,20,"2,2","10,0",21:20,,,,,
2018-11-25,2401X,PALENCIA,PALENCIA,736,"8,6","4,2","6,2",07:50,"11,1",14:36,27,"2,5","9,7",04:30,,,,,
2018-11-26,2401X,PALENCIA,PALENCIA,736,"6,8","0,2","2,6",23:57,"10,9",15:00,30,"5,0","18,1",03:10,,,,,
2018-11-27,2401X,PALENCIA,PALENCIA,736,"5,2","0,0","0,4",07:29,"9,9",14:50,23,"1,1","4,4",11:30,,,,,
2018-11-28,2401X,PALENCIA,PALENCIA,736,"6,2","0,0","-0,2",07:16,"12,7",14:45,23,"0,8","5,0",11:10,,,,,
2018-11-29,2401X,PALENCIA,PALENCIA,736,"3,8","10,8","-2,4",07:25,"9,9",12:30,13,"2,5","7,5",17:50,,,,,
2018-11-30,2401X,PALENCIA,PALENCIA,736,"5,4","0,0","1,8",23:01,"8,9",Varias,32,"2,2","7,5",13:50,,,,,
2018-12-01,2401X,PALENCIA,PALENCIA,736,"6,2","0,0","2,2",00:04,"10,2",15:10,26,"2,2","8,3",13:30,,,,,
2018-12-02,2401X,PALENCIA,PALENCIA,736,"7,6","0,0","4,1",05:45,"11,2",14:33,26,"2,5","7,2",13:40,,,,,
2018-12-03,2401X,PALENCIA,PALENCIA,736,"8,8","0,0","5,5",01:26,"12,0",Varias,20,"1,4","5,6",00:10,,,,,
2018-12-04,2401X,PALENCIA,PALENCIA,736,"9,2","0,4","5,0",20:55,"13,4",14:32,34,"0,3","3,1",14:10,,,,,
2018-12-05,2401X,PALENCIA,PALENCIA,736,"6,6","0,0","2,7",23:43,"10,5",14:46,31,"0,3","5,8",13:30,,,,,
2018-12-06,2401X,PALENCIA,PALENCIA,736,"5,6","0,2","2,7",00:01,"8,5",14:54,24,"1,1","4,2",16:10,,,,,
2018-12-07,2401X,PALENCIA,PALENCIA,736,"6,0","0,0","3,5",20:37,"8,5",14:59,26,"1,4","8,1",22:10,,,,,
2018-12-08,2401X,PALENCIA,PALENCIA,736,"6,0","0,0","1,6",07:24,"10,3",14:51,27,"1,7","6,7",00:10,,,,,
2018-12-09,2401X,PALENCIA,PALENCIA,736,"6,1","0,0","0,0",23:04,"12,2",14:08,29,"1,1","3,9",12:10,,,,,
2018-12-10,2401X,PALENCIA,PALENCIA,736,"4,6","0,0","-1,1",07:42,"10,3",14:38,34,"1,1","3,6",12:50,,,,,
2018-12-11,2401X,PALENCIA,PALENCIA,736,"4,4","0,0","-2,2",07:53,"11,1",13:10,29,"0,6","3,6",15:00,,,,,
2018-12-12,2401X,PALENCIA,PALENCIA,736,"2,6","5,6","-1,3",Varias,"6,5",22:53,23,"0,3","6,7",23:40,,,,,
2018-12-13,2401X,PALENCIA,PALENCIA,736,"5,3","1,6","2,6",23:53,"8,0",15:08,26,"6,4","16,7",07:10,,,,,
2018-12-14,2401X,PALENCIA,PALENCIA,736,"5,5","1,6","1,7",03:50,"9,3",14:39,28,"4,2","12,5",02:10,,,,,
2018-12-15,2401X,PALENCIA,PALENCIA,736,"8,0","8,0","5,1",00:01,"10,8",15:06,26,"3,1","11,7",13:10,,,,,
2018-12-16,2401X,PALENCIA,PALENCIA,736,"6,2","0,6","2,3",23:59,"10,0",12:19,27,"6,4","15,3",13:20,,,,,
2018-12-17,2401X,PALENCIA,PALENCIA,736,"2,2","0,0","-0,7",22:31,"5,0",14:44,27,"1,1","8,3",01:50,,,,,
2018-12-18,2401X,PALENCIA,PALENCIA,736,"3,8","0,0","-1,4",02:20,"9,0",12:44,22,"3,6","9,7",17:40,,,,,
2018-12-19,2401X,PALENCIA,PALENCIA,736,"6,4","0,2","3,3",00:38,"9,5",14:32,24,"4,7","12,5",10:10,,,,,
2018-12-20,2401X,PALENCIA,PALENCIA,736,"8,5","0,0","5,7",01:55,"11,3",14:45,24,"3,3","8,6",02:10,,,,,
2018-12-21,2401X,PALENCIA,PALENCIA,736,"10,3","0,0","7,4",00:30,"13,2",13:03,28,"3,3","9,7",14:20,,,,,
2018-12-22,2401X,PALENCIA,PALENCIA,736,"9,6","0,0","8,8",Varias,"10,5",13:39,25,"0,6","6,1",00:20,,,,,
2018-12-23,2401X,PALENCIA,PALENCIA,736,"7,0","0,0","2,6",22:24,"11,3",14:45,31,"1,1","3,1",12:10,,,,,
2018-12-24,2401X,PALENCIA,PALENCIA,736,"4,9","0,2","3,4",Varias,"6,4",14:08,34,"0,6","3,1",14:30,,,,,
2018-12-25,2401X,PALENCIA,PALENCIA,736,"5,2","0,0","0,4",23:53,"9,9",15:06,13,"0,8","3,6",07:00,,,,,
2018-12-26,2401X,PALENCIA,PALENCIA,736,"2,1","0,0","0,4",00:01,"3,8",Varias,15,"1,1","3,3",06:30,,,,,
2018-12-27,2401X,PALENCIA,PALENCIA,736,"0,3","0,0","-1,6",Varias,"2,2",15:08,34,"0,6","3,3",14:10,,,,,
2018-12-28,2401X,PALENCIA,PALENCIA,736,"4,9","0,0","-0,9",Varias,"10,7",15:44,06,"1,7","6,1",15:10,,,,,
2018-12-29,2401X,PALENCIA,PALENCIA,736,"6,6","0,0","2,0",06:52,"11,3",14:24,99,"1,7","8,9",14:50,,,,,
2018-12-30,2401X,PALENCIA,PALENCIA,736,"5,4","0,0","-3,2",08:03,"13,9",15:08,03,"0,8","3,9",14:10,,,,,
2018-12-31,2401X,PALENCIA,PALENCIA,736,"4,7","0,0","-4,1",07:52,"13,5",15:01,24,"0,3","2,8",16:40,,,,,
2019-01-01,2401X,PALENCIA,PALENCIA,736,"4,1","0,0","-4,5",07:52,"12,7",14:54,30,"0,6","4,2",13:30,,,,,
2019-01-02,2401X,PALENCIA,PALENCIA,736,"1,7","0,0","-5,1",04:43,"8,5",14:40,05,"1,7","8,6",11:00,,,,,
2019-01-03,2401X,PALENCIA,PALENCIA,736,"4,5","0,0","-2,9",23:32,"11,9",14:02,06,"1,1","6,1",12:30,,,,,
2019-01-04,2401X,PALENCIA,PALENCIA,736,"3,2","0,0","-6,8",07:37,"13,1",14:35,07,"0,3","5,8",14:50,,,,,
2019-01-05,2401X,PALENCIA,PALENCIA,736,"3,6","0,0","-6,1",08:00,"13,4",14:59,06,"0,3","3,9",14:00,,,,,
2019-01-06,2401X,PALENCIA,PALENCIA,736,"2,8","0,0","-7,2",07:42,"12,8",14:47,04,"1,4","5,6",13:10,,,,,
2019-01-07,2401X,PALENCIA,PALENCIA,736,"1,0","0,0","-7,5",07:54,"9,4",14:27,06,"1,7","6,7",13:10,,,,,
2019-01-08,2401X,PALENCIA,PALENCIA,736,"2,8","0,0","-4,9",03:44,"10,4",14:07,99,"1,4","4,7",12:50,,,,,
2019-01-09,2401X,PALENCIA,PALENCIA,736,"3,2","0,0","-1,8",01:47,"8,1",15:05,32,"0,6","4,4",11:10,,,,,
2019-01-10,2401X,PALENCIA,PALENCIA,736,"1,0","0,0","-3,4",23:02,"5,4",13:54,05,"2,5","9,7",15:10,,,,,
2019-01-11,2401X,PALENCIA,PALENCIA,736,"0,4","0,0","-3,9",02:46,"4,7",13:26,08,"1,9","9,4",11:40,,,,,
2019-01-12,2401X,PALENCIA,PALENCIA,736,"3,6","0,0","-0,8",07:16,"8,1",13:34,04,"1,9","11,1",14:10,,,,,
2019-01-13,2401X,PALENCIA,PALENCIA,736,"3,6","0,0","-2,6",23:54,"9,8",15:00,07,"0,8","6,1",00:10,,,,,
2019-01-14,2401X,PALENCIA,PALENCIA,736,"2,8","0,0","-4,5",05:24,"10,2",15:04,18,"0,8","2,5",13:20,,,,,
2019-01-15,2401X,PALENCIA,PALENCIA,736,"3,4","0,0","-1,8",20:47,"8,7",15:06,08,"0,6","4,4",05:50,,,,,
2019-01-16,2401X,PALENCIA,PALENCIA,736,"0,8","0,0","-1,8",07:12,"3,3",Varias,99,"0,8","4,2",10:40,,,,,
2019-01-17,2401X,PALENCIA,PALENCIA,736,"3,6","0,0","-0,4",23:59,"7,7",14:37,31,"0,6","4,2",05:10,,,,,
2019-01-18,2401X,PALENCIA,PALENCIA,736,"0,9","0,0","-3,2",06:17,"5,0",14:18,25,"1,9","7,2",14:30,,,,,
2019-01-19,2401X,PALENCIA,PALENCIA,736,"2,6","14,8","1,1",Varias,"4,0",Varias,19,"1,7","6,7",10:10,,,,,
2019-01-20,2401X,PALENCIA,PALENCIA,736,"3,8","0,0","-1,0",Varias,"8,6",14:14,32,"1,9","6,7",13:10,,,,,
2019-01-21,2401X,PALENCIA,PALENCIA,736,"2,4","0,0","-3,6",05:19,"8,3",15:09,04,"0,8","4,7",12:20,,,,,
2019-01-22,2401X,PALENCIA,PALENCIA,736,"2,1","0,2","-1,6",01:22,"5,8",Varias,26,"5,6","13,9",13:10,,,,,
2019-01-23,2401X,PALENCIA,PALENCIA,736,"8,5","0,0","4,3",01:42,"12,7",13:31,26,"7,8","15,6",06:10,,,,,
2019-01-24,2401X,PALENCIA,PALENCIA,736,"8,4","0,0","1,9",23:46,"15,0",13:50,28,"1,7","11,7",08:30,,,,,
2019-01-25,2401X,PALENCIA,PALENCIA,736,"5,6","0,0","-2,2",07:49,"13,5",15:19,17,"1,4","5,3",12:50,,,,,
2019-01-26,2401X,PALENCIA,PALENCIA,736,"3,4","0,0","-4,2",07:36,"11,1",15:13,29,"0,6","5,3",15:10,,,,,
2019-01-27,2401X,PALENCIA,PALENCIA,736,"5,8","0,0","1,0",00:26,"10,6",14:42,29,"6,4","14,4",07:10,,,,,
2019-01-28,2401X,PALENCIA,PALENCIA,736,"7,1","0,0","1,6",23:12,"12,6",13:29,25,"7,5","17,2",08:40,,,,,
2019-01-29,2401X,PALENCIA,PALENCIA,736,"5,8","0,0","0,7",00:56,"10,8",13:57,27,"7,2","21,7",15:10,,,,,
2019-01-30,2401X,PALENCIA,PALENCIA,736,"4,7","6,0","0,9",07:41,"8,5",23:51,26,"4,4","12,5",00:10,,,,,
2019-01-31,2401X,PALENCIA,PALENCIA,736,"9,6","3,8","7,1",23:53,"12,0",11:13,23,"6,9","18,3",09:50,,,,,
2019-02-01,2401X,PALENCIA,PALENCIA,736,"4,2","2,2","1,3",23:29,"7,1",00:01,26,"8,6","18,6",12:40,,,,,
2019-02-02,2401X,PALENCIA,PALENCIA,736,"2,1","0,0","-1,4",23:17,"5,6",14:44,28,"5,0","15,8",00:30,,,,,
2019-02-03,2401X,PALENCIA,PALENCIA,736,"1,0","0,0","-4,8",07:48,"6,8",15:08,34,"1,1","6,1",11:40,,,,,
2019-02-04,2401X,PALENCIA,PALENCIA,736,"1,8","0,0","-5,3",07:04,"9,0",14:47,27,"1,4","5,3",13:40,,,,,
2019-02-05,2401X,PALENCIA,PALENCIA,736,"5,2","0,0","-3,1",07:15,"13,5",15:09,30,"1,1","4,2",15:20,,,,,
2019-02-06,2401X,PALENCIA,PALENCIA,736,"6,2","0,0","-3,0",07:17,"15,5",14:37,28,"1,4","10,0",15:10,,,,,
2019-02-07,2401X,PALENCIA,PALENCIA,736,"7,0","0,0","0,1",06:43,"13,9",14:34,26,"2,8","8,6",00:20,,,,,
2019-02-08,2401X,PALENCIA,PALENCIA,736,"5,6","0,0","-1,7",06:49,"12,9",14:33,25,"3,1","9,2",14:50,,,,,
2019-02-09,2401X,PALENCIA,PALENCIA,736,"7,8","0,0","1,8",02:44,"13,8",14:43,26,"1,9","9,2",19:30,,,,,
2019-02-10,2401X,PALENCIA,PALENCIA,736,"7,6","0,0","2,4",23:59,"12,8",15:19,24,"5,3","14,4",10:40,,,,,
2019-02-11,2401X,PALENCIA,PALENCIA,736,"4,7","0,0","-0,6",07:43,"10,0",14:08,06,"1,4","5,6",15:10,,,,,
2019-02-12,2401X,PALENCIA,PALENCIA,736,"5,0","0,0","-3,8",06:03,"13,9",15:47,34,"2,5","4,7",06:50,,,,,
2019-02-13,2401X,PALENCIA,PALENCIA,736,"6,2","0,0","-4,2",06:30,"16,5",15:11,14,"0,6","3,9",14:20,,,,,
2019-02-14,2401X,PALENCIA,PALENCIA,736,"6,8","0,0","-3,7",07:29,"17,3",15:28,25,"0,8","3,1",16:20,,,,,
2019-02-15,2401X,PALENCIA,PALENCIA,736,"6,6","0,0","-3,8",07:23,"16,9",15:27,33,"0,6","3,3",14:10,,,,,
2019-02-16,2401X,PALENCIA,PALENCIA,736,"6,8","0,0","-2,9",07:26,"16,6",16:03,14,"0,8","3,6",10:00,,,,,
2019-02-17,2401X,PALENCIA,PALENCIA,736,"7,4","0,0","-1,9",07:28,"16,8",15:10,14,"1,4","5,3",14:40,,,,,
2019-02-18,2401X,PALENCIA,PALENCIA,736,"8,0","1,4","0,5",06:17,"15,5",12:54,24,"2,2","6,9",13:30,,,,,
2019-02-19,2401X,PALENCIA,PALENCIA,736,"7,6","0,2","1,9",24:00,"13,4",15:19,22,"0,8","4,2",15:10,,,,,
2019-02-20,2401X,PALENCIA,PALENCIA,736,"7,2","0,0","0,1",04:16,"14,2",15:05,27,"1,4","7,2",15:10,,,,,
2019-02-21,2401X,PALENCIA,PALENCIA,736,"7,6","0,0","-2,3",07:26,"17,6",14:55,20,"1,1","7,2",14:20,,,,,
2019-02-22,2401X,PALENCIA,PALENCIA,736,"8,4","0,0","-2,6",07:19,"19,5",15:23,26,"1,1","6,9",13:40,,,,,
2019-02-23,2401X,PALENCIA,PALENCIA,736,"6,7","0,0","-2,9",Varias,"16,3",15:08,31,"0,8","5,3",22:50,,,,,
2019-02-24,2401X,PALENCIA,PALENCIA,736,"10,2","0,0","0,9",07:46,"19,5",15:11,08,"1,1","5,0",00:40,,,,,
2019-02-25,2401X,PALENCIA,PALENCIA,736,"9,2","0,0","-1,6",07:13,"20,1",15:09,34,"0,8","4,2",12:10,,,,,
2019-02-26,2401X,PALENCIA,PALENCIA,736,"10,6","0,0","-0,9",06:48,"22,0",15:23,14,"1,1","6,1",13:50,,,,,
2019-02-27,2401X,PALENCIA,PALENCIA,736,"8,9","0,0","-1,2",06:46,"19,0",14:41,28,"1,4","7,5",16:30,,,,,
2019-02-28,2401X,PALENCIA,PALENCIA,736,"7,0","0,0","-2,1",07:15,"16,2",15:08,33,"1,4","3,6",12:40,,,,,
2019-03-01,2401X,PALENCIA,PALENCIA,736,"7,3","0,0","-2,7",07:05,"17,3",15:28,26,"1,4","6,4",14:50,,,,,
2019-03-02,2401X,PALENCIA,PALENCIA,736,"8,2","0,0","-2,1",06:18,"18,5",15:14,28,"1,9","7,2",12:50,,,,,
2019-03-03,2401X,PALENCIA,PALENCIA,736,"10,8","0,0","1,0",04:57,"20,5",13:46,26,"3,9","12,8",17:10,,,,,
2019-03-04,2401X,PALENCIA,PALENCIA,736,"9,2","0,0","5,5",24:00,"12,9",12:39,25,"5,3","13,6",08:50,,,,,
2019-03-05,2401X,PALENCIA,PALENCIA,736,"7,8","0,4","1,4",05:22,"14,2",12:32,24,"3,1","9,2",14:20,,,,,
2019-03-06,2401X,PALENCIA,PALENCIA,736,"7,6","12,8","3,8",24:00,"11,4",01:32,25,"5,8","18,3",15:00,,,,,
2019-03-07,2401X,PALENCIA,PALENCIA,736,"5,6","1,0","0,4",06:59,"10,8",15:09,27,"3,6","13,6",00:20,,,,,
2019-03-08,2401X,PALENCIA,PALENCIA,736,"9,0","0,0","4,2",07:04,"13,7",15:23,26,"1,4","6,1",00:30,,,,,
2019-03-09,2401X,PALENCIA,PALENCIA,736,"9,4","0,0","1,7",06:44,"17,1",15:08,26,"1,7","8,1",13:10,,,,,
2019-03-10,2401X,PALENCIA,PALENCIA,736,"10,7","0,0","4,3",06:48,"17,1",16:27,28,"0,8","5,3",11:00,,,,,
2019-03-11,2401X,PALENCIA,PALENCIA,736,"8,2","0,0","1,8",23:31,"14,6",15:55,08,"1,4","7,2",04:20,,,,,
2019-03-12,2401X,PALENCIA,PALENCIA,736,"9,8","0,0","-0,2",04:52,"19,7",14:49,27,"3,6","15,3",17:00,,,,,
2019-03-13,2401X,PALENCIA,PALENCIA,736,"6,4","0,0","-0,3",06:56,"13,1",14:39,32,"3,1","11,9",11:10,,,,,
2019-03-14,2401X,PALENCIA,PALENCIA,736,"5,8","0,0","-3,8",06:38,"15,5",15:49,29,"1,1","5,6",13:50,,,,,
2019-03-15,2401X,PALENCIA,PALENCIA,736,"8,7","0,0","-2,7",06:31,"20,1",15:29,29,"1,1","5,0",13:10,,,,,
2019-03-16,2401X,PALENCIA,PALENCIA,736,"9,8","0,0","-2,2",05:42,"21,7",14:15,28,"1,7","10,6",14:50,,,,,
2019-03-17,2401X,PALENCIA,PALENCIA,736,"9,6","0,0","2,8",24:00,"16,5",14:20,25,"1,9","8,9",03:50,,,,,
2019-03-18,2401X,PALENCIA,PALENCIA,736,"4,4","0,0","-3,1",06:30,"11,8",14:32,04,"1,4","8,6",14:20,,,,,
2019-03-19,2401X,PALENCIA,PALENCIA,736,"6,2","0,0","-0,3",06:36,"12,7",14:33,08,"2,5","10,8",17:10,,,,,
2019-03-20,2401X,PALENCIA,PALENCIA,736,"6,8","0,0","1,2",06:04,"12,5",14:29,07,"3,1","12,2",12:10,,,,,
2019-03-21,2401X,PALENCIA,PALENCIA,736,"6,8","0,0","-1,3",06:31,"14,8",14:15,08,"1,4","7,2",11:00,,,,,
2019-03-22,2401X,PALENCIA,PALENCIA,736,"7,2","0,0","-3,4",06:16,"17,9",14:54,13,"0,6","4,2",14:50,,,,,
2019-03-23,2401X,PALENCIA,PALENCIA,736,"9,4","0,0","-1,0",06:21,"19,9",14:39,04,"0,6","5,8",14:10,,,,,
2019-03-24,2401X,PALENCIA,PALENCIA,736,"11,0","0,0","0,5",06:20,"21,4",15:07,07,"1,1","8,3",14:50,,,,,
2019-03-25,2401X,PALENCIA,PALENCIA,736,"8,7","0,0","3,2",03:47,"14,2",14:08,08,"3,1","11,9",16:50,,,,,
2019-03-26,2401X,PALENCIA,PALENCIA,736,"9,8","0,0","3,2",01:14,"16,4",14:29,07,"4,2","13,3",11:00,,,,,
2019-03-27,2401X,PALENCIA,PALENCIA,736,"10,2","0,0","2,5",06:37,"17,8",14:42,06,"3,1","12,5",15:00,,,,,
2019-03-28,2401X,PALENCIA,PALENCIA,736,"9,4","0,0","1,3",06:24,"17,6",Varias,09,"2,2","9,7",01:20,,,,,
2019-03-29,2401X,PALENCIA,PALENCIA,736,"9,6","0,0","-1,4",06:18,"20,6",15:36,14,"1,4","8,3",10:10,,,,,
2019-03-30,2401X,PALENCIA,PALENCIA,736,"12,2","0,0","5,1",04:01,"19,2",13:20,12,"1,4","6,9",11:30,,,,,
2019-03-31,2401X,PALENCIA,PALENCIA,736,"10,5","0,0","2,4",05:37,"18,6",15:47,14,"2,8","8,9",18:00,,,,,
2019-04-01,2401X,PALENCIA,PALENCIA,736,"9,2","0,0","0,7",06:22,"17,7",14:36,31,"1,4","6,1",14:40,,,,,
2019-04-02,2401X,PALENCIA,PALENCIA,736,"10,9","0,0","3,7",01:37,"18,1",15:35,29,"1,7","7,8",19:50,,,,,
2019-04-03,2401X,PALENCIA,PALENCIA,736,"6,0","0,0","0,4",23:13,"11,7",11:37,34,"3,9","16,4",14:40,,,,,
2019-04-04,2401X,PALENCIA,PALENCIA,736,"5,2","4,6","-2,5",06:14,"13,0",14:57,25,"4,2","11,7",15:00,,,,,
2019-04-05,2401X,PALENCIA,PALENCIA,736,"6,5","1,2","2,4",21:16,"10,6",16:11,27,"1,9","9,4",14:00,,,,,
2019-04-06,2401X,PALENCIA,PALENCIA,736,"5,8","3,0","1,6",03:43,"9,9",13:48,27,"5,6","16,1",14:10,,,,,
2019-04-07,2401X,PALENCIA,PALENCIA,736,"7,3","4,6","1,4",04:02,"13,2",12:59,26,"3,9","12,8",03:10,,,,,
2019-04-08,2401X,PALENCIA,PALENCIA,736,"9,6","0,0","4,3",23:31,"14,9",15:00,28,"4,7","11,4",11:50,,,,,
2019-04-09,2401X,PALENCIA,PALENCIA,736,"7,9","2,2","3,8",02:31,"12,0",15:54,30,"5,6","16,1",15:10,,,,,
2019-04-10,2401X,PALENCIA,PALENCIA,736,"8,0","1,6","2,9",23:59,"13,1",16:15,26,"2,2","10,8",00:40,,,,,
2019-04-11,2401X,PALENCIA,PALENCIA,736,"6,4","0,0","-1,4",06:04,"14,3",14:32,08,"1,1","6,1",19:10,,,,,
2019-04-12,2401X,PALENCIA,PALENCIA,736,"7,6","0,0","-1,0",05:35,"16,3",16:25,32,"1,9","7,5",11:10,,,,,
2019-04-13,2401X,PALENCIA,PALENCIA,736,"10,2","0,0","-0,1",05:44,"20,6",14:53,28,"2,8","9,2",13:10,,,,,
2019-04-14,2401X,PALENCIA,PALENCIA,736,"15,6","0,0","9,2",06:05,"22,1",16:26,24,"1,4","10,0",03:10,,,,,
2019-04-15,2401X,PALENCIA,PALENCIA,736,"14,2","3,2","6,1",24:00,"22,3",11:38,27,"3,6","18,1",14:40,,,,,
2019-04-16,2401X,PALENCIA,PALENCIA,736,"10,2","0,0","1,4",05:25,"19,1",16:13,14,"1,7","6,7",13:10,,,,,
2019-04-17,2401X,PALENCIA,PALENCIA,736,"12,4","3,6","5,2",02:50,"19,5",16:14,23,"2,2","11,1",17:00,,,,,
2019-04-18,2401X,PALENCIA,PALENCIA,736,"10,0","7,2","8,8",Varias,"11,2",13:17,28,"1,1","6,9",00:30,,,,,
2019-04-19,2401X,PALENCIA,PALENCIA,736,"11,6","0,0","8,4",05:52,"14,7",16:20,07,"3,1","9,4",11:40,,,,,
2019-04-20,2401X,PALENCIA,PALENCIA,736,"14,7","0,0","8,9",05:48,"20,5",14:12,05,"3,3","12,2",12:20,,,,,
2019-04-21,2401X,PALENCIA,PALENCIA,736,"10,3","0,0","5,3",05:58,"15,3",12:35,07,"2,8","9,4",12:40,,,,,
2019-04-22,2401X,PALENCIA,PALENCIA,736,"12,8","1,6","7,7",05:29,"17,8",17:21,26,"1,7","8,9",23:20,,,,,
2019-04-23,2401X,PALENCIA,PALENCIA,736,"8,6","6,2","3,1",23:51,"14,1",14:52,24,"3,3","13,6",16:10,,,,,
2019-04-24,2401X,PALENCIA,PALENCIA,736,"7,5","12,6","1,5",02:39,"13,5",13:57,25,"5,8","14,7",16:10,,,,,
2019-04-25,2401X,PALENCIA,PALENCIA,736,"7,5","0,6","2,9",04:00,"12,1",14:10,28,"6,7","19,7",17:00,,,,,
2019-04-26,2401X,PALENCIA,PALENCIA,736,"10,2","0,0","5,1",05:01,"15,4",14:13,24,"4,4","11,9",06:10,,,,,
2019-04-27,2401X,PALENCIA,PALENCIA,736,"10,6","0,0","1,8",05:37,"19,5",17:01,30,"1,1","5,3",12:40,,,,,
2019-04-28,2401X,PALENCIA,PALENCIA,736,"12,8","0,0","4,1",05:21,"21,4",15:40,30,"1,1","4,4",14:10,,,,,
2019-04-29,2401X,PALENCIA,PALENCIA,736,"14,0","0,0","4,2",05:27,"23,8",16:51,33,"1,1","8,1",20:50,,,,,
2019-04-30,2401X,PALENCIA,PALENCIA,736,"13,6","0,0","4,6",05:00,"22,7",14:25,32,"1,4","5,8",13:10,,,,,
2019-05-01,2401X,PALENCIA,PALENCIA,736,"14,5","0,0","4,7",03:55,"24,3",14:45,10,"1,4","10,0",16:40,,,,,
2019-05-02,2401X,PALENCIA,PALENCIA,736,"11,9","0,0","5,0",05:16,"18,8",14:46,04,"3,1","8,9",10:50,,,,,
2019-05-03,2401X,PALENCIA,PALENCIA,736,"8,9","0,0","1,7",04:47,"16,1",14:34,07,"2,8","8,6",18:10,,,,,
2019-05-04,2401X,PALENCIA,PALENCIA,736,"10,4","0,0","0,3",05:21,"20,6",16:41,06,"0,8","8,1",18:30,,,,,
2019-05-05,2401X,PALENCIA,PALENCIA,736,"9,6","0,0","2,7",23:54,"16,5",15:26,99,"2,5","7,8",Varias,,,,,
2019-05-06,2401X,PALENCIA,PALENCIA,736,"11,8","0,0","-0,9",05:17,"24,4",16:04,26,"1,4","10,0",22:50,,,,,
2019-05-07,2401X,PALENCIA,PALENCIA,736,"14,7","2,2","8,6",04:11,"20,8",13:10,99,"3,3","12,5",Varias,,,,,
2019-05-08,2401X,PALENCIA,PALENCIA,736,"13,2","0,2","8,1",23:51,"18,4",14:19,26,"7,2","18,6",14:10,,,,,
2019-05-09,2401X,PALENCIA,PALENCIA,736,"11,6","0,4","6,2",02:36,"17,0",13:54,26,"3,1","12,5",19:30,,,,,
2019-05-10,2401X,PALENCIA,PALENCIA,736,"18,4","0,0","13,1",23:59,"23,8",13:58,27,"5,3","13,9",15:10,,,,,
2019-05-11,2401X,PALENCIA,PALENCIA,736,"13,4","0,0","6,4",03:45,"20,5",15:48,27,"1,7","9,2",00:10,,,,,
2019-05-12,2401X,PALENCIA,PALENCIA,736,"12,7","0,0","2,8",05:22,"22,6",14:09,05,"2,2","7,8",13:50,,,,,
2019-05-13,2401X,PALENCIA,PALENCIA,736,"15,2","0,0","6,1",05:02,"24,2",14:39,06,"3,6","9,7",15:40,,,,,
2019-05-14,2401X,PALENCIA,PALENCIA,736,"15,4","0,0","2,7",04:06,"28,2",16:20,32,"1,4","5,8",17:00,,,,,
2019-05-15,2401X,PALENCIA,PALENCIA,736,"16,4","0,0","3,1",05:00,"29,7",15:56,34,"1,7","6,4",15:00,,,,,
2019-05-16,2401X,PALENCIA,PALENCIA,736,"16,0","8,2","5,1",04:31,"27,0",12:23,31,"2,8","16,7",19:10,,,,,
2019-05-17,2401X,PALENCIA,PALENCIA,736,"11,0","0,0","6,2",23:57,"15,7",13:22,28,"4,7","14,2",05:10,,,,,
2019-05-18,2401X,PALENCIA,PALENCIA,736,"9,4","0,0","2,8",03:15,"15,9",14:10,31,"5,0","13,1",14:30,,,,,
2019-05-19,2401X,PALENCIA,PALENCIA,736,"9,8","0,0","1,1",05:00,"18,6",16:31,06,"1,9","7,2",18:40,,,,,
2019-05-20,2401X,PALENCIA,PALENCIA,736,"11,4","0,0","2,3",04:58,"20,6",14:00,36,"1,4","5,8",14:20,,,,,
2019-05-21,2401X,PALENCIA,PALENCIA,736,"15,0","0,0","6,8",01:00,"23,1",14:42,02,"2,2","6,4",15:40,,,,,
2019-05-22,2401X,PALENCIA,PALENCIA,736,"15,3","0,0","4,0",05:13,"26,6",15:19,29,"1,1","18,3",13:50,,,,,
2019-05-23,2401X,PALENCIA,PALENCIA,736,"17,4","0,0","8,7",04:42,"26,1",16:43,34,"1,9","9,2",19:10,,,,,
2019-05-24,2401X,PALENCIA,PALENCIA,736,"14,4","0,0","9,4",23:55,"19,3",14:18,05,"2,8","10,3",18:20,,,,,
2019-05-25,2401X,PALENCIA,PALENCIA,736,"12,1","0,0","4,6",04:56,"19,6",14:13,03,"3,1","9,7",08:20,,,,,
2019-05-26,2401X,PALENCIA,PALENCIA,736,"14,6","0,0","5,0",04:16,"24,1",15:51,07,"2,2","6,4",17:30,,,,,
2019-05-27,2401X,PALENCIA,PALENCIA,736,"15,6","0,0","6,1",05:16,"25,0",14:30,07,"1,9","8,6",19:00,,,,,
2019-05-28,2401X,PALENCIA,PALENCIA,736,"14,2","0,0","6,4",05:02,"22,1",15:28,08,"3,1","9,4",18:10,,,,,
2019-05-29,2401X,PALENCIA,PALENCIA,736,"12,8","0,0","3,6",04:53,"22,1",15:20,04,"2,5","8,9",12:10,,,,,
2019-05-30,2401X,PALENCIA,PALENCIA,736,"17,4","0,0","6,6",03:18,"28,2",15:25,07,"1,9","8,3",16:00,,,,,
2019-05-31,2401X,PALENCIA,PALENCIA,736,"19,2","0,0","7,6",04:58,"30,9",16:30,35,"1,7","6,4",14:40,,,,,
2019-06-01,2401X,PALENCIA,PALENCIA,736,"20,9","0,0","8,6",04:46,"33,2",15:26,33,"0,8","6,4",14:30,,,,,
2019-06-02,2401X,PALENCIA,PALENCIA,736,"21,5","0,0","10,6",05:01,"32,4",14:21,27,"3,9","11,7",14:20,,,,,
2019-06-03,2401X,PALENCIA,PALENCIA,736,"22,4","0,0","13,1",05:24,"31,7",14:33,27,"2,5","10,3",16:20,,,,,
2019-06-04,2401X,PALENCIA,PALENCIA,736,"18,2","3,2","11,8",Varias,"24,7",14:25,28,"4,7","12,8",17:00,,,,,
2019-06-05,2401X,PALENCIA,PALENCIA,736,"14,1","0,0","8,6",24:00,"19,6",14:44,27,"4,7","11,9",13:50,,,,,
2019-06-06,2401X,PALENCIA,PALENCIA,736,"14,2","2,8","4,2",04:58,"24,1",15:27,27,"3,3","16,4",20:40,,,,,
2019-06-07,2401X,PALENCIA,PALENCIA,736,"13,4","0,0","6,8",03:33,"19,9",16:23,25,"4,4","11,9",06:40,,,,,
2019-06-08,2401X,PALENCIA,PALENCIA,736,"13,9","0,0","3,0",04:45,"24,8",16:52,12,"2,2","8,1",12:40,,,,,
2019-06-09,2401X,PALENCIA,PALENCIA,736,"16,8","0,0","8,2",03:26,"25,3",16:02,04,"2,8","9,7",18:30,,,,,
2019-06-10,2401X,PALENCIA,PALENCIA,736,"13,8","0,0","7,0",04:57,"20,7",17:12,35,"1,7","6,4",19:50,,,,,
2019-06-11,2401X,PALENCIA,PALENCIA,736,"12,4","0,0","5,7",23:59,"19,2",16:31,30,"2,8","8,9",18:30,,,,,
2019-06-12,2401X,PALENCIA,PALENCIA,736,"11,8","0,0","2,0",04:35,"21,7",15:31,24,"2,8","8,3",12:30,,,,,
2019-06-13,2401X,PALENCIA,PALENCIA,736,"15,4","0,0","4,7",04:07,"26,1",16:10,24,"3,1","11,1",13:10,,,,,
2019-06-14,2401X,PALENCIA,PALENCIA,736,"15,8","0,0","5,9",04:26,"25,7",14:27,28,"3,3","12,2",16:20,,,,,
2019-06-15,2401X,PALENCIA,PALENCIA,736,"15,9","0,0","7,8",05:13,"24,0",15:37,26,"1,7","9,7",01:30,,,,,
2019-06-16,2401X,PALENCIA,PALENCIA,736,"18,0","0,0","6,3",04:44,"29,6",15:49,20,"1,9","9,4",13:00,,,,,
2019-06-17,2401X,PALENCIA,PALENCIA,736,"19,6","0,0","8,5",05:03,"30,8",14:31,30,"3,3","10,3",18:00,,,,,
2019-06-18,2401X,PALENCIA,PALENCIA,736,"19,6","0,0","10,0",04:41,"29,2",13:25,24,"4,2","15,6",14:20,,,,,
2019-06-19,2401X,PALENCIA,PALENCIA,736,"19,4","0,2","13,2",02:10,"25,6",14:10,25,"3,3","10,8",14:50,,,,,
2019-06-20,2401X,PALENCIA,PALENCIA,736,"18,6","23,4","12,7",01:00,"24,4",13:15,07,"2,5","10,6",19:00,,,,,
2019-06-21,2401X,PALENCIA,PALENCIA,736,"17,0","0,0","10,5",02:41,"23,6",16:30,05,"1,9","6,7",11:10,,,,,
2019-06-22,2401X,PALENCIA,PALENCIA,736,"19,6","0,0","8,8",04:47,"30,3",15:55,25,"2,2","8,6",13:50,,,,,
2019-06-23,2401X,PALENCIA,PALENCIA,736,"21,4","0,2","13,3",04:15,"29,6",14:08,26,"3,1","8,9",16:10,,,,,
2019-06-24,2401X,PALENCIA,PALENCIA,736,"20,3","0,0","14,7",00:28,"25,9",14:00,33,"3,3","10,8",16:30,,,,,
2019-06-25,2401X,PALENCIA,PALENCIA,736,"21,3","0,0","13,6",01:25,"29,0",15:00,34,"3,1","9,4",15:10,,,,,
2019-06-26,2401X,PALENCIA,PALENCIA,736,"25,6","0,0","15,4",04:56,"35,9",15:42,26,"3,1","11,7",16:10,,,,,
2019-06-27,2401X,PALENCIA,PALENCIA,736,"26,8","0,0","15,7",Varias,"37,9",16:06,99,"3,6","13,1",Varias,,,,,
2019-06-28,2401X,PALENCIA,PALENCIA,736,"27,4","0,0","16,2",04:59,"38,6",16:12,14,"2,2","8,6",14:40,,,,,
2019-06-29,2401X,PALENCIA,PALENCIA,736,"27,4","0,0","16,7",05:07,"38,1",16:54,30,"0,8","7,5",12:30,,,,,
2019-06-30,2401X,PALENCIA,PALENCIA,736,"26,4","0,0","16,0",05:02,"36,7",12:58,24,"2,2","8,9",14:40,,,,,
2019-07-01,2401X,PALENCIA,PALENCIA,736,"21,3","0,0","14,9",23:56,"27,7",12:44,04,"3,1","8,6",17:10,,,,,
2019-07-02,2401X,PALENCIA,PALENCIA,736,"23,0","0,0","14,2",04:35,"31,9",14:21,06,"2,8","9,2",17:20,,,,,
2019-07-03,2401X,PALENCIA,PALENCIA,736,"24,2","0,8","15,1",05:30,"33,4",13:40,12,"1,7","18,1",15:00,,,,,
2019-07-04,2401X,PALENCIA,PALENCIA,736,"23,0","0,2","14,7",04:11,"31,2",13:37,29,"1,4","9,4",16:30,,,,,
2019-07-05,2401X,PALENCIA,PALENCIA,736,"23,8","0,0","14,2",05:17,"33,3",15:36,25,"2,5","8,3",13:20,,,,,
2019-07-06,2401X,PALENCIA,PALENCIA,736,"22,7","0,0","12,9",04:42,"32,5",14:51,99,"1,4","8,9",14:40,,,,,
2019-07-07,2401X,PALENCIA,PALENCIA,736,"22,2","2,4","12,5",05:15,"31,9",17:09,12,"1,7","8,3",12:20,,,,,
2019-07-08,2401X,PALENCIA,PALENCIA,736,"22,5","16,4","15,2",02:44,"29,8",13:51,08,"1,7","17,5",15:10,,,,,
2019-07-09,2401X,PALENCIA,PALENCIA,736,"19,8","0,0","14,4",23:43,"25,3",14:36,08,"2,8","8,9",16:00,,,,,
2019-07-10,2401X,PALENCIA,PALENCIA,736,"20,5","0,0","10,7",04:57,"30,3",16:15,34,"1,9","6,9",16:20,,,,,
2019-07-11,2401X,PALENCIA,PALENCIA,736,"23,2","0,0","12,3",04:56,"34,0",Varias,32,"1,9","6,9",15:10,,,,,
2019-07-12,2401X,PALENCIA,PALENCIA,736,"25,2","0,0","14,2",05:02,"36,2",17:10,33,"1,7","6,7",14:00,,,,,
2019-07-13,2401X,PALENCIA,PALENCIA,736,"24,6","14,0","18,0",23:53,"31,3",12:50,26,"1,9","18,9",15:40,,,,,
2019-07-14,2401X,PALENCIA,PALENCIA,736,"22,4","0,0","15,9",05:14,"28,8",17:16,99,"1,7","7,2",Varias,,,,,
2019-07-15,2401X,PALENCIA,PALENCIA,736,"21,6","0,0","13,7",04:57,"29,6",16:09,34,"1,7","9,2",14:20,,,,,
2019-07-16,2401X,PALENCIA,PALENCIA,736,"22,3","0,0","12,9",05:03,"31,7",14:02,06,"2,2","7,5",18:40,,,,,
2019-07-17,2401X,PALENCIA,PALENCIA,736,"22,6","0,0","15,2",Varias,"29,9",14:14,06,"2,5","10,3",17:00,,,,,
2019-07-18,2401X,PALENCIA,PALENCIA,736,"22,8","0,0","14,1",04:42,"31,6",17:09,06,"1,9","5,8",00:50,,,,,
2019-07-19,2401X,PALENCIA,PALENCIA,736,"24,4","0,0","13,2",04:56,"35,5",15:23,28,"2,5","8,9",16:40,,,,,
2019-07-20,2401X,PALENCIA,PALENCIA,736,"25,2","0,0","15,9",04:54,"34,5",15:23,28,"1,7","8,6",17:20,,,,,
2019-07-21,2401X,PALENCIA,PALENCIA,736,"25,6","0,0","16,2",05:15,"35,0",17:09,34,"1,4","6,1",11:10,,,,,
2019-07-22,2401X,PALENCIA,PALENCIA,736,"27,2","0,4","17,1",05:15,"37,4",14:16,21,"2,5","11,7",18:10,,,,,
2019-07-23,2401X,PALENCIA,PALENCIA,736,"27,6","4,6","18,7",05:05,"36,5",16:09,24,"3,1","19,4",18:10,,,,,
2019-07-24,2401X,PALENCIA,PALENCIA,736,"26,3","0,0","16,6",04:50,"36,0",14:52,32,"1,9","9,2",14:10,,,,,
2019-07-25,2401X,PALENCIA,PALENCIA,736,"26,8","0,0","18,8",05:02,"34,8",14:40,25,"2,5","11,1",13:20,,,,,
2019-07-26,2401X,PALENCIA,PALENCIA,736,"22,1","0,0","15,4",22:07,"28,8",15:53,25,"2,8","8,9",13:50,,,,,
2019-07-27,2401X,PALENCIA,PALENCIA,736,"17,8","0,4","12,5",23:59,"23,0",15:50,28,"2,2","8,1",14:10,,,,,
2019-07-28,2401X,PALENCIA,PALENCIA,736,"17,8","0,0","8,3",05:14,"27,4",17:24,99,"1,7","6,1",14:30,,,,,
2019-07-29,2401X,PALENCIA,PALENCIA,736,"20,2","0,0","12,1",05:02,"28,2",14:34,28,"4,4","12,8",15:50,,,,,
2019-07-30,2401X,PALENCIA,PALENCIA,736,"18,2","0,0","10,7",05:33,"25,6",16:06,06,"2,2","7,8",19:10,,,,,
2019-07-31,2401X,PALENCIA,PALENCIA,736,"19,4","0,0","10,6",04:47,"28,2",14:37,34,"2,2","7,5",15:30,,,,,
2019-08-01,2401X,PALENCIA,PALENCIA,736,"22,7","0,0","14,1",04:35,"31,3",15:39,28,"1,7","6,7",16:30,,,,,
2019-08-02,2401X,PALENCIA,PALENCIA,736,"22,8","0,0","13,3",05:24,"32,4",15:34,34,"1,4","5,3",16:30,,,,,
2019-08-03,2401X,PALENCIA,PALENCIA,736,"23,7","0,0","12,9",05:19,"34,5",14:19,35,"0,8","4,7",14:40,,,,,
2019-08-04,2401X,PALENCIA,PALENCIA,736,"24,4","0,0","14,5",05:16,"34,4",15:18,28,"2,5","8,6",14:00,,,,,
2019-08-05,2401X,PALENCIA,PALENCIA,736,"23,8","0,0","14,5",05:19,"33,0",16:27,31,"1,4","7,5",16:40,,,,,
2019-08-06,2401X,PALENCIA,PALENCIA,736,"22,6","0,0","13,6",05:11,"31,6",15:14,30,"1,9","9,2",20:20,,,,,
2019-08-07,2401X,PALENCIA,PALENCIA,736,"21,5","0,2","15,3",05:03,"27,7",11:20,27,"2,8","13,1",13:00,,,,,
2019-08-08,2401X,PALENCIA,PALENCIA,736,"25,6","0,0","18,6",Varias,"32,5",16:09,24,"3,9","11,9",17:20,,,,,
2019-08-09,2401X,PALENCIA,PALENCIA,736,"21,0","0,0","14,3",23:59,"27,8",15:09,99,"4,7","13,9",Varias,,,,,
2019-08-10,2401X,PALENCIA,PALENCIA,736,"21,2","5,4","13,1",01:45,"29,2",16:09,05,"2,2","6,7",20:40,,,,,
2019-08-11,2401X,PALENCIA,PALENCIA,736,"18,6","0,0","12,3",05:41,"25,0",16:38,26,"2,2","8,9",16:40,,,,,
2019-08-12,2401X,PALENCIA,PALENCIA,736,"15,6","0,0","7,9",05:40,"23,3",15:54,34,"1,7","7,2",14:10,,,,,
2019-08-13,2401X,PALENCIA,PALENCIA,736,"17,6","0,0","9,1",05:33,"26,2",16:59,99,"1,1","6,1",00:20,,,,,
2019-08-14,2401X,PALENCIA,PALENCIA,736,"20,4","0,0","9,0",05:27,"31,7",16:00,31,"1,9","6,9",13:50,,,,,
2019-08-15,2401X,PALENCIA,PALENCIA,736,"22,6","0,0","14,9",05:34,"30,3",15:18,07,"1,1","7,5",19:40,,,,,
2019-08-16,2401X,PALENCIA,PALENCIA,736,"23,2","0,0","12,8",05:33,"33,7",14:55,28,"1,4","9,2",15:00,,,,,
2019-08-17,2401X,PALENCIA,PALENCIA,736,"22,8","0,0","11,0",05:34,"34,6",15:09,25,"1,9","9,4",11:10,,,,,
2019-08-18,2401X,PALENCIA,PALENCIA,736,"22,8","0,0","14,5",Varias,"31,0",14:36,28,"2,5","11,1",15:30,,,,,
2019-08-19,2401X,PALENCIA,PALENCIA,736,"18,2","0,0","14,5",Varias,"21,8",13:17,05,"3,1","9,7",22:10,,,,,
2019-08-20,2401X,PALENCIA,PALENCIA,736,"18,4","0,0","13,4",05:23,"23,4",15:07,05,"3,3","10,8",10:40,,,,,
2019-08-21,2401X,PALENCIA,PALENCIA,736,"21,0","0,0","12,4",05:41,"29,5",15:09,04,"1,4","8,6",19:50,,,,,
2019-08-22,2401X,PALENCIA,PALENCIA,736,"20,4","0,0","10,6",05:42,"30,1",16:00,05,"1,4","6,1",09:20,,,,,
2019-08-23,2401X,PALENCIA,PALENCIA,736,"21,2","0,0","9,0",05:17,"33,5",14:58,32,"1,4","9,2",13:40,,,,,
2019-08-24,2401X,PALENCIA,PALENCIA,736,"22,8","0,0","11,5",05:32,"34,2",13:29,26,"1,1","7,8",13:30,,,,,
2019-08-25,2401X,PALENCIA,PALENCIA,736,"24,4","0,6","14,6",05:40,"34,2",12:32,10,"1,7","15,0",13:50,,,,,
2019-08-26,2401X,PALENCIA,PALENCIA,736,"21,0","6,8","14,4",23:51,"27,6",15:43,15,"3,6","14,2",18:10,,,,,
2019-08-27,2401X,PALENCIA,PALENCIA,736,"19,3","0,0","10,9",05:57,"27,7",17:25,32,"1,4","4,7",13:50,,,,,
2019-08-28,2401X,PALENCIA,PALENCIA,736,"21,8","0,0","12,4",05:37,"31,3",15:24,28,"1,4","7,2",13:40,,,,,
2019-08-29,2401X,PALENCIA,PALENCIA,736,"24,0","0,0","14,6",05:03,"33,5",14:37,99,"1,7","6,7",Varias,,,,,
2019-08-30,2401X,PALENCIA,PALENCIA,736,"24,0","0,0","13,5",05:50,"34,4",15:28,24,"2,8","10,3",17:00,,,,,
2019-08-31,2401X,PALENCIA,PALENCIA,736,"24,3","0,0","14,6",05:54,"34,0",15:29,28,"2,2","8,3",16:10,,,,,
2019-09-01,2401X,PALENCIA,PALENCIA,736,"20,2","0,0","13,8",23:20,"26,6",15:22,05,"2,5","10,8",18:40,,,,,
2019-09-02,2401X,PALENCIA,PALENCIA,736,"18,2","0,0","12,1",23:56,"24,4",14:30,07,"3,9","10,0",10:00,,,,,
2019-09-03,2401X,PALENCIA,PALENCIA,736,"19,2","0,0","9,3",05:57,"29,2",15:07,33,"1,1","6,1",13:10,,,,,
2019-09-04,2401X,PALENCIA,PALENCIA,736,"18,6","0,0","7,9",05:34,"29,2",13:19,06,"2,8","10,8",17:00,,,,,
2019-09-05,2401X,PALENCIA,PALENCIA,736,"16,0","0,0","11,2",23:48,"20,8",14:00,09,"3,6","11,7",12:00,,,,,
2019-09-06,2401X,PALENCIA,PALENCIA,736,"14,8","0,0","9,3",05:15,"20,2",14:31,05,"3,6","12,5",09:10,,,,,
2019-09-07,2401X,PALENCIA,PALENCIA,736,"15,6","0,0","7,9",05:48,"23,4",15:53,03,"2,8","10,8",12:10,,,,,
2019-09-08,2401X,PALENCIA,PALENCIA,736,"17,2","0,0","8,7",05:26,"25,6",14:29,01,"1,7","6,1",12:40,,,,,
2019-09-09,2401X,PALENCIA,PALENCIA,736,"15,7","0,0","5,7",04:53,"25,7",15:31,29,"2,8","10,0",19:00,,,,,
2019-09-10,2401X,PALENCIA,PALENCIA,736,"12,0","0,0","5,9",06:13,"18,1",13:19,33,"3,1","10,8",16:50,,,,,
2019-09-11,2401X,PALENCIA,PALENCIA,736,"15,2","0,0","10,1",00:01,"20,4",13:39,09,"3,3","11,7",09:50,,,,,
2019-09-12,2401X,PALENCIA,PALENCIA,736,"18,8","0,0","9,1",04:58,"28,6",15:12,33,"1,9","6,4",14:40,,,,,
2019-09-13,2401X,PALENCIA,PALENCIA,736,"19,4","0,0","12,0",04:54,"26,9",13:03,13,"2,5","13,6",14:40,,,,,
2019-09-14,2401X,PALENCIA,PALENCIA,736,"20,8","2,6","14,2",05:02,"27,5",14:50,14,"2,2","13,9",17:00,,,,,
2019-09-15,2401X,PALENCIA,PALENCIA,736,"18,1","9,8","14,5",23:04,"21,7",10:38,14,"1,4","14,7",11:30,,,,,
2019-09-16,2401X,PALENCIA,PALENCIA,736,"19,4","0,0","12,9",06:18,"26,0",15:11,12,"0,8","4,7",08:40,,,,,
2019-09-17,2401X,PALENCIA,PALENCIA,736,"20,8","3,0","13,4",05:52,"28,3",15:08,26,"0,8","14,4",20:00,,,,,
2019-09-18,2401X,PALENCIA,PALENCIA,736,"20,1","0,0","14,2",03:52,"26,0",14:35,08,"1,1","5,3",01:00,,,,,
2019-09-19,2401X,PALENCIA,PALENCIA,736,"19,9","0,0","12,5",05:56,"27,3",15:25,33,"0,6","5,6",13:40,,,,,
2019-09-20,2401X,PALENCIA,PALENCIA,736,"20,7","2,4","12,7",05:39,"28,7",13:58,21,"2,5","10,6",14:30,,,,,
2019-09-21,2401X,PALENCIA,PALENCIA,736,"17,6","10,0","15,0",06:12,"20,3",09:49,16,"3,1","10,3",18:00,,,,,
2019-09-22,2401X,PALENCIA,PALENCIA,736,"15,6","0,2","10,8",05:59,"20,3",15:22,24,"2,8","11,9",00:40,,,,,
2019-09-23,2401X,PALENCIA,PALENCIA,736,"15,4","0,0","8,5",06:03,"22,3",Varias,25,"1,1","7,2",00:10,,,,,
2019-09-24,2401X,PALENCIA,PALENCIA,736,"17,2","0,0","10,7",05:41,"23,7",12:45,25,"4,7","13,9",14:40,,,,,
2019-09-25,2401X,PALENCIA,PALENCIA,736,"15,6","0,0","9,8",06:19,"21,3",15:14,25,"1,7","8,3",02:10,,,,,
2019-09-26,2401X,PALENCIA,PALENCIA,736,"17,8","0,0","9,4",Varias,"26,2",14:57,99,"1,9","7,2",Varias,,,,,
2019-09-27,2401X,PALENCIA,PALENCIA,736,"16,4","0,0","7,1",06:17,"25,6",14:44,28,"1,7","7,5",15:10,,,,,
2019-09-28,2401X,PALENCIA,PALENCIA,736,"16,6","0,0","6,9",04:50,"26,3",15:30,27,"0,8","4,7",14:20,,,,,
2019-09-29,2401X,PALENCIA,PALENCIA,736,"17,8","0,0","7,3",06:20,"28,4",15:26,28,"2,8","9,4",15:10,,,,,
2019-09-30,2401X,PALENCIA,PALENCIA,736,"19,5","0,0","10,8",06:15,"28,2",15:09,21,"1,1","5,8",16:20,,,,,
2019-10-01,2401X,PALENCIA,PALENCIA,736,"17,6","0,0","10,6",05:31,"24,5",16:07,28,"2,8","11,9",15:10,,,,,
2019-10-02,2401X,PALENCIA,PALENCIA,736,"15,5","0,0","8,9",05:53,"22,1",15:57,27,"0,6","6,4",03:10,,,,,
2019-10-03,2401X,PALENCIA,PALENCIA,736,"15,0","0,0","5,4",06:31,"24,7",14:59,27,"1,4","6,7",11:50,,,,,
2019-10-04,2401X,PALENCIA,PALENCIA,736,"16,0","0,0","6,8",06:24,"25,1",15:25,27,"1,4","5,6",15:10,,,,,
2019-10-05,2401X,PALENCIA,PALENCIA,736,"16,6","0,0","8,1",06:36,"25,0",15:11,28,"1,4","6,4",13:10,,,,,
2019-10-06,2401X,PALENCIA,PALENCIA,736,"15,6","0,0","7,4",04:07,"23,8",Varias,30,"0,8","5,8",14:30,,,,,
2019-10-07,2401X,PALENCIA,PALENCIA,736,"16,6","0,0","7,4",06:15,"25,7",Varias,99,"1,1","3,9",Varias,,,,,
2019-10-08,2401X,PALENCIA,PALENCIA,736,"17,6","0,0","6,6",06:32,"28,7",14:37,28,"1,7","8,1",14:20,,,,,
2019-10-09,2401X,PALENCIA,PALENCIA,736,"15,6","0,0","9,3",23:59,"22,0",14:19,08,"1,1","6,4",19:00,,,,,
2019-10-10,2401X,PALENCIA,PALENCIA,736,"14,9","0,0","5,7",06:48,"24,1",15:40,08,"1,1","4,7",11:50,,,,,
2019-10-11,2401X,PALENCIA,PALENCIA,736,"17,0","2,8","4,8",06:26,"29,1",14:09,25,"0,6","10,0",15:00,,,,,
2019-10-12,2401X,PALENCIA,PALENCIA,736,"21,0","0,2","14,2",04:15,"27,7",14:06,21,"2,5","11,4",13:10,,,,,
2019-10-13,2401X,PALENCIA,PALENCIA,736,"18,0","0,0","11,5",23:59,"24,6",14:45,20,"1,9","9,4",14:10,,,,,
2019-10-14,2401X,PALENCIA,PALENCIA,736,"11,5","3,2","6,4",23:53,"16,6",11:58,22,"3,6","15,0",08:20,,,,,
2019-10-15,2401X,PALENCIA,PALENCIA,736,"10,4","0,0","5,6",06:24,"15,3",14:40,26,"2,8","11,9",03:20,,,,,
2019-10-16,2401X,PALENCIA,PALENCIA,736,"13,8","10,8","9,5",06:49,"18,0",15:21,24,"3,1","10,0",10:30,,,,,
2019-10-17,2401X,PALENCIA,PALENCIA,736,"15,6","0,8","11,2",02:54,"20,1",14:45,25,"3,3","11,4",13:20,,,,,
2019-10-18,2401X,PALENCIA,PALENCIA,736,"13,8","0,2","11,2",19:33,"16,4",14:17,28,"2,8","9,4",03:10,,,,,
2019-10-19,2401X,PALENCIA,PALENCIA,736,"13,0","8,0","10,2",23:59,"15,8",15:09,24,"2,2","10,8",23:10,,,,,
2019-10-20,2401X,PALENCIA,PALENCIA,736,"7,8","6,8","5,3",23:59,"10,2",00:01,24,"1,9","10,0",01:20,,,,,
2019-10-21,2401X,PALENCIA,PALENCIA,736,"8,3","0,6","3,9",02:45,"12,7",15:24,14,"0,8","5,8",19:20,,,,,
2019-10-22,2401X,PALENCIA,PALENCIA,736,"7,2","12,6","3,1",02:59,"11,4",13:30,07,"1,9","9,2",11:20,,,,,
2019-10-23,2401X,PALENCIA,PALENCIA,736,"9,0","16,0","6,7",23:23,"11,2",14:54,99,"3,1","9,2",17:30,,,,,
2019-10-24,2401X,PALENCIA,PALENCIA,736,"11,0","0,0","6,7",06:52,"15,3",14:51,28,"1,9","9,4",01:40,,,,,
2019-10-25,2401X,PALENCIA,PALENCIA,736,"11,4","0,0","5,6",04:17,"17,3",15:07,28,"0,6","2,8",13:50,,,,,
2019-10-26,2401X,PALENCIA,PALENCIA,736,"12,7","0,0","4,0",07:04,"21,4",14:43,14,"0,8","3,3",10:10,,,,,
2019-10-27,2401X,PALENCIA,PALENCIA,736,"11,6","0,0","6,0",03:22,"17,2",14:38,13,"0,3","2,8",10:20,,,,,
2019-10-28,2401X,PALENCIA,PALENCIA,736,"15,2","0,0","8,8",07:37,"21,5",14:16,25,"1,4","5,0",11:20,,,,,
2019-10-29,2401X,PALENCIA,PALENCIA,736,"14,8","0,0","10,0",21:56,"19,5",14:07,27,"1,7","6,1",14:20,,,,,
2019-10-30,2401X,PALENCIA,PALENCIA,736,"13,6","0,6","11,0",07:04,"16,3",13:07,25,"0,8","7,2",22:40,,,,,
2019-10-31,2401X,PALENCIA,PALENCIA,736,"16,2","0,0","12,4",06:44,"20,1",14:38,25,"3,6","11,4",02:50,,,,,
2019-11-01,2401X,PALENCIA,PALENCIA,736,"16,6","0,6","14,0",23:32,"19,1",13:52,26,"6,7","15,8",14:40,,,,,
2019-11-02,2401X,PALENCIA,PALENCIA,736,"13,4","0,6","11,0",23:15,"15,9",10:54,24,"5,8","16,1",22:00,,,,,
2019-11-03,2401X,PALENCIA,PALENCIA,736,"11,7","0,0","8,4",07:17,"15,0",14:22,30,"6,1","19,2",10:10,,,,,
2019-11-04,2401X,PALENCIA,PALENCIA,736,"10,6","1,4","6,2",23:35,"15,0",11:47,24,"7,2","18,3",06:10,,,,,
2019-11-05,2401X,PALENCIA,PALENCIA,736,"9,0","0,2","5,1",04:55,"12,8",14:39,25,"6,4","16,4",10:50,,,,,
2019-11-06,2401X,PALENCIA,PALENCIA,736,"9,3","0,2","5,7",Varias,"12,9",13:35,27,"4,2","13,3",00:10,,,,,
2019-11-07,2401X,PALENCIA,PALENCIA,736,"6,4","0,2","2,3",23:54,"10,6",00:01,31,"5,6","17,2",13:50,,,,,
2019-11-08,2401X,PALENCIA,PALENCIA,736,"5,9","0,0","1,7",05:37,"10,1",13:42,28,"8,1","14,7",08:10,,,,,
2019-11-09,2401X,PALENCIA,PALENCIA,736,"7,6","0,8","4,1",Varias,"11,2",15:09,27,"5,3","14,4",20:10,,,,,
2019-11-10,2401X,PALENCIA,PALENCIA,736,"5,1","0,0","1,6",05:42,"8,6",13:45,30,"4,2","13,6",12:10,,,,,
2019-11-11,2401X,PALENCIA,PALENCIA,736,"7,0","0,0","1,1",22:31,"12,9",13:47,99,"2,2","6,7",Varias,,,,,
2019-11-12,2401X,PALENCIA,PALENCIA,736,"6,3","4,6","2,1",00:01,"10,5",12:20,25,"4,4","16,1",23:10,,,,,
2019-11-13,2401X,PALENCIA,PALENCIA,736,"10,4","2,6","6,9",23:31,"13,8",14:31,26,"2,2","15,8",00:30,,,,,
2019-11-14,2401X,PALENCIA,PALENCIA,736,"4,8","4,8","1,9",14:34,"7,8",01:31,24,"7,2","16,7",12:10,,,,,
2019-11-15,2401X,PALENCIA,PALENCIA,736,"4,0","0,0","0,2",23:57,"7,9",14:11,28,"6,4","14,7",08:10,,,,,
2019-11-16,2401X,PALENCIA,PALENCIA,736,"2,8","0,2","-2,8",05:04,"8,3",15:00,27,"3,9","10,0",13:00,,,,,
2019-11-17,2401X,PALENCIA,PALENCIA,736,"6,8","1,0","3,0",23:57,"10,5",14:06,27,"4,2","12,2",11:10,,,,,
2019-11-18,2401X,PALENCIA,PALENCIA,736,"4,2","0,0","-2,0",05:55,"10,5",14:56,31,"0,6","5,3",00:10,,,,,
2019-11-19,2401X,PALENCIA,PALENCIA,736,"2,2","0,0","-3,6",06:33,"7,9",13:08,31,"1,1","5,0",14:10,,,,,
2019-11-20,2401X,PALENCIA,PALENCIA,736,"5,2","4,0","3,5",01:45,"6,8",13:07,22,"1,1","7,2",14:10,,,,,
2019-11-21,2401X,PALENCIA,PALENCIA,736,"7,4","4,0","4,0",19:25,"10,7",Varias,27,"2,8","9,2",12:50,,,,,
2019-11-22,2401X,PALENCIA,PALENCIA,736,"9,0","4,6","5,7",02:23,"12,3",13:57,26,"4,2","16,1",23:50,,,,,
2019-11-23,2401X,PALENCIA,PALENCIA,736,"7,4","0,0","4,3",07:56,"10,6",13:54,29,"8,1","17,8",13:10,,,,,
2019-11-24,2401X,PALENCIA,PALENCIA,736,"6,2","0,4","3,4",04:00,"9,0",14:14,27,"3,9","11,1",01:30,,,,,
2019-11-25,2401X,PALENCIA,PALENCIA,736,"10,6","0,2","7,3",22:12,"13,8",12:39,26,"4,4","11,9",09:50,,,,,
2019-11-26,2401X,PALENCIA,PALENCIA,736,"11,8","1,4","8,2",00:01,"15,4",13:30,23,"4,2","16,4",20:00,,,,,
2019-11-27,2401X,PALENCIA,PALENCIA,736,"8,8","0,2","7,2",04:17,"10,5",Varias,26,"6,1","15,0",17:10,,,,,
2019-11-28,2401X,PALENCIA,PALENCIA,736,"10,5","2,4","8,8",00:01,"12,2",14:45,25,"5,0","13,1",23:20,,,,,
2019-11-29,2401X,PALENCIA,PALENCIA,736,"10,8","3,6","7,3",19:49,"14,2",14:07,26,"1,4","11,9",00:10,,,,,
2019-11-30,2401X,PALENCIA,PALENCIA,736,"9,2","7,4","4,6",22:42,"13,8",12:01,28,"5,8","13,9",13:50,,,,,
2019-12-01,2401X,PALENCIA,PALENCIA,736,"5,8","3,8","4,7",23:59,"7,0",15:49,04,"1,4","7,2",23:00,,,,,
2019-12-02,2401X,PALENCIA,PALENCIA,736,"5,4","0,0","2,5",23:42,"8,2",13:08,07,"3,6","10,8",12:50,,,,,
2019-12-03,2401X,PALENCIA,PALENCIA,736,"2,6","0,0","-1,4",22:20,"6,5",12:26,08,"1,9","11,1",11:00,,,,,
2019-12-04,2401X,PALENCIA,PALENCIA,736,"4,0","0,0","-1,8",04:31,"9,7",15:32,06,"1,4","8,6",20:30,,,,,
2019-12-05,2401X,PALENCIA,PALENCIA,736,"6,4","0,0","2,7",23:58,"10,2",13:55,02,"3,1","10,8",10:40,,,,,
2019-12-06,2401X,PALENCIA,PALENCIA,736,"4,6","0,0","-1,8",07:41,"11,0",14:53,12,"1,1","3,3",11:20,,,,,
2019-12-07,2401X,PALENCIA,PALENCIA,736,"3,4","0,0","0,1",06:27,"6,7",15:07,14,"0,3","3,6",02:10,,,,,
2019-12-08,2401X,PALENCIA,PALENCIA,736,"5,2","1,6","2,0",01:59,"8,4",Varias,15,"1,4","5,0",03:10,,,,,
2019-12-09,2401X,PALENCIA,PALENCIA,736,"4,1","0,0","-0,9",23:34,"9,1",14:30,30,"1,4","5,8",12:20,,,,,
2019-12-10,2401X,PALENCIA,PALENCIA,736,"2,5","0,8","-0,9",08:18,"5,9",14:18,99,"1,4","3,3",11:50,,,,,
2019-12-11,2401X,PALENCIA,PALENCIA,736,"4,6","0,4","0,3",03:15,"8,8",12:38,26,"3,6","13,1",23:10,,,,,
2019-12-12,2401X,PALENCIA,PALENCIA,736,"7,2","0,0","3,9",00:01,"10,5",22:08,27,"8,6","20,0",19:10,,,,,
2019-12-13,2401X,PALENCIA,PALENCIA,736,"11,2","0,0","7,4",23:58,"14,9",12:23,26,"8,1","19,2",06:10,,,,,
2019-12-14,2401X,PALENCIA,PALENCIA,736,"9,1","0,0","6,4",04:03,"11,8",13:29,26,"3,3","10,0",13:20,,,,,
2019-12-15,2401X,PALENCIA,PALENCIA,736,"10,0","0,0","7,7",00:57,"12,3",12:16,24,"3,9","13,3",12:30,,,,,
2019-12-16,2401X,PALENCIA,PALENCIA,736,"10,4","0,2","7,7",07:38,"13,2",13:38,21,"4,2","17,2",22:00,,,,,
2019-12-17,2401X,PALENCIA,PALENCIA,736,"5,6","0,0","2,1",23:57,"9,1",00:01,25,"1,9","7,8",10:10,,,,,
2019-12-18,2401X,PALENCIA,PALENCIA,736,"5,6","9,0","0,4",Varias,"10,8",15:18,18,"1,9","10,0",20:30,,,,,
2019-12-19,2401X,PALENCIA,PALENCIA,736,"9,6","32,4","7,2",09:03,"11,9",23:51,19,"5,3","19,2",23:50,,,,,
2019-12-20,2401X,PALENCIA,PALENCIA,736,"9,2","4,4","6,3",08:17,"12,1",00:09,24,"5,6","18,1",00:10,,,,,
2019-12-21,2401X,PALENCIA,PALENCIA,736,"11,3","5,0","7,6",19:30,"15,0",10:56,26,"8,1","24,7",16:10,,,,,
2019-12-22,2401X,PALENCIA,PALENCIA,736,"8,8","0,8","5,7",23:59,"11,9",13:40,26,"7,8","20,6",01:10,,,,,
2019-12-23,2401X,PALENCIA,PALENCIA,736,"6,4","0,0","2,3",06:53,"10,4",14:25,26,"1,9","11,7",02:10,,,,,
2019-12-24,2401X,PALENCIA,PALENCIA,736,"9,1","0,0","5,6",00:37,"12,6",14:28,17,"0,8","3,6",09:30,,,,,
2019-12-25,2401X,PALENCIA,PALENCIA,736,"8,0","0,0","4,1",22:07,"11,8",14:49,34,"0,8","3,9",14:00,,,,,
2019-12-26,2401X,PALENCIA,PALENCIA,736,"5,0","0,0","-0,4",23:54,"10,4",13:20,27,"0,8","5,0",07:20,,,,,
2019-12-27,2401X,PALENCIA,PALENCIA,736,"1,8","0,0","-1,3",01:04,"4,9",15:07,14,"1,1","3,9",16:40,,,,,
2019-12-28,2401X,PALENCIA,PALENCIA,736,"2,6","0,0","-2,4",09:00,"7,6",14:54,33,"1,4","4,2",09:00,,,,,
2019-12-29,2401X,PALENCIA,PALENCIA,736,"3,6","0,0","-2,9",03:41,"10,1",14:56,34,"1,1","2,8",15:10,,,,,
2019-12-30,2401X,PALENCIA,PALENCIA,736,"0,6","0,0","-2,7",01:55,"4,0",15:44,15,"0,8","3,6",10:00,,,,,
2019-12-31,2401X,PALENCIA,PALENCIA,736,"0,2","0,0","-2,2",00:14,"2,6",14:28,14,"0,8","2,8",Varias,,,,,
2020-01-01,2401X,PALENCIA,PALENCIA,736,"-0,6","0,0","-2,8",06:24,"1,7",16:07,01,"0,8","3,6",14:00,,,,,
2020-01-02,2401X,PALENCIA,PALENCIA,736,"-1,2","0,0","-3,7",07:32,"1,3",Varias,34,"0,8","4,2",21:10,,,,,
2020-01-03,2401X,PALENCIA,PALENCIA,736,"1,4","0,0","-2,6",Varias,"5,3",15:07,32,"1,1","3,1",00:40,,,,,
2020-01-04,2401X,PALENCIA,PALENCIA,736,"4,0","0,0","0,0",23:28,"8,0",15:50,08,"0,6","6,1",16:10,,,,,
2020-01-05,2401X,PALENCIA,PALENCIA,736,"2,1","0,0","-1,7",05:38,"5,9",14:33,34,"1,4","3,6",14:40,,,,,
2020-01-06,2401X,PALENCIA,PALENCIA,736,"-1,2","0,0","-2,8",08:24,"0,3",16:10,30,"1,1","3,6",18:00,,,,,
2020-01-07,2401X,PALENCIA,PALENCIA,736,"-0,6","0,0","-2,4",09:29,"1,3",15:09,14,"0,6","3,3",08:30,,,,,
2020-01-08,2401X,PALENCIA,PALENCIA,736,"2,8","0,0","-2,7",07:13,"8,2",14:59,34,"1,1","3,9",16:00,,,,,
2020-01-09,2401X,PALENCIA,PALENCIA,736,"4,3","0,0","-1,1",Varias,"9,7",16:44,28,"3,1","12,8",22:20,,,,,
2020-01-10,2401X,PALENCIA,PALENCIA,736,"2,9","0,0","-2,7",07:34,"8,5",14:07,28,"0,6","8,3",00:10,,,,,
2020-01-11,2401X,PALENCIA,PALENCIA,736,"0,7","0,0","-4,0",07:46,"5,4",13:13,14,"1,7","5,3",13:40,,,,,
2020-01-12,2401X,PALENCIA,PALENCIA,736,"-1,7","0,0","-4,5",07:58,"1,1",16:24,34,"1,4","4,2",15:10,,,,,
2020-01-13,2401X,PALENCIA,PALENCIA,736,"-0,4","0,0","-2,9",07:23,"2,0",16:08,14,"1,1","4,7",09:40,,,,,
2020-01-14,2401X,PALENCIA,PALENCIA,736,"4,2","0,0","-0,6",00:01,"8,9",13:35,21,"2,2","9,2",09:40,,,,,
2020-01-15,2401X,PALENCIA,PALENCIA,736,"8,5","0,0","5,6",Varias,"11,4",13:56,22,"3,1","10,8",10:00,,,,,
2020-01-16,2401X,PALENCIA,PALENCIA,736,"9,8","0,4","6,1",03:55,"13,4",12:58,21,"4,4","13,3",15:10,,,,,
2020-01-17,2401X,PALENCIA,PALENCIA,736,"5,8","0,0","1,5",23:59,"10,1",13:14,99,"3,6","11,4",10:50,,,,,
2020-01-18,2401X,PALENCIA,PALENCIA,736,"6,4","1,0","1,4",00:02,"11,4",15:29,30,"3,9","14,7",17:10,,,,,
2020-01-19,2401X,PALENCIA,PALENCIA,736,"3,6","0,0","0,4",02:59,"6,7",12:45,03,"4,2","15,3",14:10,,,,,
2020-01-20,2401X,PALENCIA,PALENCIA,736,"1,4","0,0","-0,1",05:51,"3,0",14:08,05,"5,3","18,6",10:10,,,,,
2020-01-21,2401X,PALENCIA,PALENCIA,736,"2,7","0,2","1,0",01:04,"4,4",14:25,06,"4,4","14,7",15:10,,,,,
2020-01-22,2401X,PALENCIA,PALENCIA,736,"5,2","0,0","0,3",23:42,"10,0",15:03,06,"2,5","9,7",00:40,,,,,
2020-01-23,2401X,PALENCIA,PALENCIA,736,"3,4","0,0","-2,6",07:30,"9,4",14:53,07,"1,4","5,6",12:10,,,,,
2020-01-24,2401X,PALENCIA,PALENCIA,736,"4,7","0,6","0,8",07:53,"8,6",13:07,14,"0,8","3,6",13:40,,,,,
2020-01-25,2401X,PALENCIA,PALENCIA,736,"4,1","2,4","0,8",05:27,"7,4",14:03,99,"1,1","2,8",Varias,,,,,
2020-01-26,2401X,PALENCIA,PALENCIA,736,"2,6","0,0","-0,8",05:30,"6,0",14:09,27,"1,1","6,4",15:50,,,,,
2020-01-27,2401X,PALENCIA,PALENCIA,736,"7,1","0,8","4,3",00:45,"9,9",16:07,24,"5,0","13,3",15:30,,,,,
2020-01-28,2401X,PALENCIA,PALENCIA,736,"10,4","2,8","8,7",05:41,"12,0",Varias,24,"4,7","13,9",01:50,,,,,
2020-01-29,2401X,PALENCIA,PALENCIA,736,"10,2","5,2","9,2",Varias,"11,2",12:09,27,"4,7","12,5",01:20,,,,,
2020-01-30,2401X,PALENCIA,PALENCIA,736,"9,3","1,6","7,6",07:45,"11,0",13:16,22,"2,8","9,2",11:20,,,,,
2020-01-31,2401X,PALENCIA,PALENCIA,736,"11,8","0,8","9,9",07:40,"13,7",14:59,25,"2,2","7,8",03:00,,,,,
2020-02-01,2401X,PALENCIA,PALENCIA,736,"13,4","0,0","10,4",23:55,"16,3",14:59,26,"4,4","13,3",04:20,,,,,
2020-02-02,2401X,PALENCIA,PALENCIA,736,"12,7","0,0","8,5",23:55,"16,9",15:37,21,"1,4","7,5",10:50,,,,,
2020-02-03,2401X,PALENCIA,PALENCIA,736,"9,0","0,2","5,2",03:51,"12,8",14:43,34,"1,7","6,1",15:00,,,,,
2020-02-04,2401X,PALENCIA,PALENCIA,736,"8,9","0,0","3,9",23:51,"13,9",15:13,06,"1,7","6,7",17:00,,,,,
2020-02-05,2401X,PALENCIA,PALENCIA,736,"6,0","0,0","-0,6",23:59,"12,5",15:18,06,"1,1","6,1",12:30,,,,,
2020-02-06,2401X,PALENCIA,PALENCIA,736,"5,4","0,0","-2,6",05:51,"13,5",14:08,35,"0,6","3,3",15:00,,,,,
2020-02-07,2401X,PALENCIA,PALENCIA,736,"5,8","0,2","-0,6",06:50,"12,3",15:42,22,"1,1","5,6",23:59,,,,,
2020-02-08,2401X,PALENCIA,PALENCIA,736,"7,4","2,8","3,1",23:50,"11,8",15:52,26,"2,2","7,8",14:50,,,,,
2020-02-09,2401X,PALENCIA,PALENCIA,736,"8,2","0,0","2,5",00:53,"13,9",14:40,25,"3,3","9,2",11:50,,,,,
2020-02-10,2401X,PALENCIA,PALENCIA,736,"11,2","0,0","6,7",23:58,"15,7",14:28,24,"3,6","9,2",04:00,,,,,
2020-02-11,2401X,PALENCIA,PALENCIA,736,"10,0","0,0","6,1",05:39,"14,0",14:08,15,"1,4","4,7",00:20,,,,,
2020-02-12,2401X,PALENCIA,PALENCIA,736,"10,6","0,0","7,0",03:45,"14,3",15:10,14,"0,8","3,6",10:20,,,,,
2020-02-13,2401X,PALENCIA,PALENCIA,736,"11,1","0,0","7,9",04:00,"14,3",13:07,26,"3,9","10,6",10:50,,,,,
2020-02-14,2401X,PALENCIA,PALENCIA,736,"6,1","0,0","1,5",23:51,"10,7",15:55,26,"0,6","6,7",00:10,,,,,
2020-02-15,2401X,PALENCIA,PALENCIA,736,"6,8","0,0","0,9",00:43,"12,7",14:09,25,"1,7","6,7",13:00,,,,,
2020-02-16,2401X,PALENCIA,PALENCIA,736,"9,5","0,0","3,5",02:14,"15,5",14:20,26,"3,6","11,7",16:50,,,,,
2020-02-17,2401X,PALENCIA,PALENCIA,736,"7,8","0,8","2,4",23:55,"13,3",14:28,32,"3,6","10,6",09:30,,,,,
2020-02-18,2401X,PALENCIA,PALENCIA,736,"4,9","0,0","-0,1",04:20,"9,9",15:43,35,"1,4","6,4",11:10,,,,,
2020-02-19,2401X,PALENCIA,PALENCIA,736,"4,6","0,0","-2,8",07:21,"12,1",15:21,30,"0,8","5,3",11:10,,,,,
2020-02-20,2401X,PALENCIA,PALENCIA,736,"5,8","0,0","-4,1",07:00,"15,6",14:54,30,"1,4","6,4",13:10,,,,,
2020-02-21,2401X,PALENCIA,PALENCIA,736,"8,4","0,0","-0,1",07:17,"17,0",15:28,05,"0,8","5,8",00:20,,,,,
2020-02-22,2401X,PALENCIA,PALENCIA,736,"8,0","0,0","-2,7",06:59,"18,7",15:09,35,"1,1","4,2",15:50,,,,,
2020-02-23,2401X,PALENCIA,PALENCIA,736,"8,5","0,0","-2,7",06:55,"19,7",15:29,35,"0,6","3,6",14:10,,,,,
2020-02-24,2401X,PALENCIA,PALENCIA,736,"9,0","0,0","-1,8",06:13,"19,8",14:59,28,"2,2","9,7",22:00,,,,,
2020-02-25,2401X,PALENCIA,PALENCIA,736,"10,2","0,0","5,4",Varias,"14,9",13:55,31,"3,9","16,1",22:10,,,,,
2020-02-26,2401X,PALENCIA,PALENCIA,736,"7,6","0,0","2,1",06:52,"13,0",15:02,99,"3,9","11,1",23:30,,,,,
2020-02-27,2401X,PALENCIA,PALENCIA,736,"10,2","0,0","4,7",04:17,"15,8",15:00,26,"6,9","14,2",06:10,,,,,
2020-02-28,2401X,PALENCIA,PALENCIA,736,"9,4","0,0","1,4",06:54,"17,5",15:09,28,"1,1","11,1",00:10,,,,,
2020-02-29,2401X,PALENCIA,PALENCIA,736,"10,0","0,0","6,5",01:28,"13,5",13:50,26,"8,3","24,4",14:10,,,,,
2020-03-01,2401X,PALENCIA,PALENCIA,736,"11,2","7,6","6,5",03:19,"15,8",14:52,26,"7,2","18,9",15:40,,,,,
2020-03-02,2401X,PALENCIA,PALENCIA,736,"7,0","1,0","3,1",21:44,"10,8",02:59,26,"8,3","24,2",03:20,,,,,
2020-03-03,2401X,PALENCIA,PALENCIA,736,"11,0","0,0","3,9",Varias,"18,0",14:40,27,"8,9","19,7",12:40,,,,,
2020-03-04,2401X,PALENCIA,PALENCIA,736,"13,5","0,0","10,5",06:39,"16,5",13:35,26,"6,1","13,3",08:10,,,,,
2020-03-05,2401X,PALENCIA,PALENCIA,736,"9,2","0,4","4,6",23:40,"13,7",15:50,28,"7,5","19,7",11:10,,,,,
2020-03-06,2401X,PALENCIA,PALENCIA,736,"6,2","0,0","1,7",23:53,"10,6",15:32,31,"5,8","14,7",15:00,,,,,
2020-03-07,2401X,PALENCIA,PALENCIA,736,"7,2","0,0","-0,6",06:54,"14,9",14:07,99,"0,8","6,1",14:50,,,,,
2020-03-08,2401X,PALENCIA,PALENCIA,736,"7,9","0,0","0,4",06:40,"15,4",15:20,27,"2,5","10,8",21:30,,,,,
2020-03-09,2401X,PALENCIA,PALENCIA,736,"8,5","0,0","2,0",Varias,"15,0",16:08,28,"2,2","10,8",00:20,,,,,
2020-03-10,2401X,PALENCIA,PALENCIA,736,"11,4","0,0","2,4",04:59,"20,3",13:53,28,"1,7","6,1",14:00,,,,,
2020-03-11,2401X,PALENCIA,PALENCIA,736,"12,6","0,0","1,2",06:46,"23,9",15:10,26,"1,1","6,1",14:30,,,,,
2020-03-12,2401X,PALENCIA,PALENCIA,736,"13,1","0,0","7,0",06:21,"19,2",12:43,08,"1,4","8,1",19:20,,,,,
2020-03-13,2401X,PALENCIA,PALENCIA,736,"9,0","0,0","4,3",23:57,"13,7",14:12,04,"2,8","8,9",07:30,,,,,
2020-03-14,2401X,PALENCIA,PALENCIA,736,"8,0","0,0","-2,3",06:39,"18,4",15:27,34,"1,1","3,6",01:40,,,,,
2020-03-15,2401X,PALENCIA,PALENCIA,736,"9,5","4,6","-1,5",06:38,"20,5",14:16,26,"2,8","12,8",16:10,,,,,
2020-03-16,2401X,PALENCIA,PALENCIA,736,"4,8","2,4","1,3",02:38,"8,4",13:48,06,"4,2","15,6",14:20,,,,,
2020-03-17,2401X,PALENCIA,PALENCIA,736,"9,4","0,0","5,8",Varias,"13,0",14:32,05,"2,8","11,7",00:30,,,,,
2020-03-18,2401X,PALENCIA,PALENCIA,736,"12,0","0,0","4,4",06:32,"19,6",15:08,12,"0,8","4,4",00:10,,,,,
2020-03-19,2401X,PALENCIA,PALENCIA,736,"11,6","0,0","5,4",06:52,"17,9",14:44,14,"1,4","6,9",14:10,,,,,
2020-03-20,2401X,PALENCIA,PALENCIA,736,"11,2","0,6","5,4",03:02,"17,0",15:22,22,"1,1","7,5",17:00,,,,,
2020-03-21,2401X,PALENCIA,PALENCIA,736,"9,0","3,6","2,6",06:33,"15,4",13:52,07,"1,9","7,5",10:20,,,,,
2020-03-22,2401X,PALENCIA,PALENCIA,736,"11,2","0,0","5,8",23:55,"16,5",13:31,17,"1,1","9,2",15:50,,,,,
2020-03-23,2401X,PALENCIA,PALENCIA,736,"9,4","0,0","2,4",04:04,"16,3",14:34,13,"1,9","8,3",18:50,,,,,
2020-03-24,2401X,PALENCIA,PALENCIA,736,"10,1","0,0","3,0",23:55,"17,2",14:35,12,"2,2","9,2",13:10,,,,,
2020-03-25,2401X,PALENCIA,PALENCIA,736,"9,0","0,0","0,2",06:30,"17,8",15:19,07,"1,7","6,4",18:10,,,,,
2020-03-26,2401X,PALENCIA,PALENCIA,736,"5,1","0,0","-3,3",06:29,"13,5",14:21,14,"1,9","7,8",18:20,,,,,
2020-03-27,2401X,PALENCIA,PALENCIA,736,"5,8","0,0","-2,5",06:15,"14,0",14:08,12,"2,2","10,0",14:50,,,,,
2020-03-28,2401X,PALENCIA,PALENCIA,736,"7,0","0,0","-3,3",05:52,"17,3",14:53,15,"1,1","5,8",13:00,,,,,
2020-03-29,2401X,PALENCIA,PALENCIA,736,"8,2","0,0","-0,4",03:42,"16,9",14:08,08,"2,2","10,0",18:30,,,,,
2020-03-30,2401X,PALENCIA,PALENCIA,736,"3,6","0,0","0,5",22:59,"6,6",12:58,04,"3,6","10,6",02:50,,,,,
2020-03-31,2401X,PALENCIA,PALENCIA,736,"4,8","4,2","0,1",02:15,"9,4",15:33,12,"3,3","10,8",11:40,,,,,
2020-04-01,2401X,PALENCIA,PALENCIA,736,"8,4","4,8","3,7",05:40,"13,1",13:32,25,"1,4","8,3",15:40,,,,,
2020-04-02,2401X,PALENCIA,PALENCIA,736,"7,2","0,0","2,6",23:55,"11,9",14:38,08,"2,2","9,7",15:20,,,,,
2020-04-03,2401X,PALENCIA,PALENCIA,736,"6,6","0,0","-2,1",06:13,"15,2",15:43,01,"1,4","4,2",10:10,,,,,
2020-04-04,2401X,PALENCIA,PALENCIA,736,"9,0","0,0","-1,9",05:58,"19,8",14:40,20,"2,2","9,7",17:40,,,,,
2020-04-05,2401X,PALENCIA,PALENCIA,736,"13,4","9,6","6,7",06:34,"20,0",12:37,28,"1,9","11,4",15:10,,,,,
2020-04-06,2401X,PALENCIA,PALENCIA,736,"13,5","3,4","10,4",22:41,"16,6",12:53,26,"2,8","8,9",08:50,,,,,
2020-04-07,2401X,PALENCIA,PALENCIA,736,"13,6","1,2","6,6",06:14,"20,6",15:41,30,"1,1","6,7",18:10,,,,,
2020-04-08,2401X,PALENCIA,PALENCIA,736,"14,1","0,0","8,4",23:55,"19,8",17:07,30,"0,8","4,7",16:00,,,,,
2020-04-09,2401X,PALENCIA,PALENCIA,736,"12,8","11,8","6,7",04:39,"18,8",12:48,28,"1,1","7,2",13:30,,,,,
2020-04-10,2401X,PALENCIA,PALENCIA,736,"15,3","2,8","11,2",23:51,"19,4",13:37,26,"3,9","10,6",16:10,,,,,
2020-04-11,2401X,PALENCIA,PALENCIA,736,"13,8","0,2","8,5",23:29,"19,0",15:11,28,"1,9","7,2",12:10,,,,,
2020-04-12,2401X,PALENCIA,PALENCIA,736,"12,8","5,4","7,6",03:35,"17,9",16:15,21,"0,6","7,5",18:40,,,,,
2020-04-13,2401X,PALENCIA,PALENCIA,736,"12,2","4,0","8,4",23:59,"15,9",14:44,07,"1,7","8,1",15:50,,,,,
2020-04-14,2401X,PALENCIA,PALENCIA,736,"12,6","5,4","5,1",05:50,"20,2",13:02,14,"2,2","10,6",14:30,,,,,
2020-04-15,2401X,PALENCIA,PALENCIA,736,"11,4","2,4","6,8",03:32,"16,1",13:48,14,"3,1","12,8",14:30,,,,,
2020-04-16,2401X,PALENCIA,PALENCIA,736,"10,6","6,4","6,2",05:33,"14,9",10:20,24,"1,1","13,6",14:30,,,,,
2020-04-17,2401X,PALENCIA,PALENCIA,736,"12,6","8,4","7,4",06:11,"17,9",12:10,28,"2,5","11,7",12:40,,,,,
2020-04-18,2401X,PALENCIA,PALENCIA,736,"11,8","1,2","6,8",04:01,"16,7",14:04,28,"0,6","7,2",10:30,,,,,
2020-04-19,2401X,PALENCIA,PALENCIA,736,"12,2","2,0","6,3",24:00,"18,0",14:36,35,"1,7","10,0",16:10,,,,,
2020-04-20,2401X,PALENCIA,PALENCIA,736,"10,2","0,0","2,9",04:23,"17,6",15:40,25,"1,4","6,4",23:50,,,,,
2020-04-21,2401X,PALENCIA,PALENCIA,736,"11,5","0,2","8,3",21:35,"14,7",13:21,28,"1,4","6,7",01:00,,,,,
2020-04-22,2401X,PALENCIA,PALENCIA,736,"10,7","0,0","5,7",03:50,"15,7",15:07,14,"0,3","3,3",21:30,,,,,
2020-04-23,2401X,PALENCIA,PALENCIA,736,"11,8","0,0","4,9",04:07,"18,7",17:25,15,"0,3","3,9",10:50,,,,,
2020-04-24,2401X,PALENCIA,PALENCIA,736,"15,6","4,6","9,4",00:01,"21,7",16:55,15,"1,4","8,6",21:20,,,,,
2020-04-25,2401X,PALENCIA,PALENCIA,736,"16,4","1,6","10,1",23:38,"22,6",15:10,08,"1,4","10,0",17:40,,,,,
2020-04-26,2401X,PALENCIA,PALENCIA,736,"15,0","5,4","10,3",00:01,"19,6",14:27,28,"2,8","10,0",17:10,,,,,
2020-04-27,2401X,PALENCIA,PALENCIA,736,"11,4","2,8","6,8",23:59,"16,1",14:24,27,"2,8","11,1",19:40,,,,,
2020-04-28,2401X,PALENCIA,PALENCIA,736,"10,2","0,0","5,1",02:00,"15,3",14:47,27,"4,7","10,8",17:40,,,,,
2020-04-29,2401X,PALENCIA,PALENCIA,736,"10,6","0,0","5,9",01:51,"15,4",12:07,23,"4,2","13,6",15:00,,,,,
2020-04-30,2401X,PALENCIA,PALENCIA,736,"12,4","0,0","8,3",05:18,"16,4",14:51,28,"5,6","15,0",15:40,,,,,
2020-05-01,2401X,PALENCIA,PALENCIA,736,"16,4","0,0","11,4",00:01,"21,3",15:20,26,"6,4","16,1",09:10,,,,,
2020-05-02,2401X,PALENCIA,PALENCIA,736,"16,0","0,0","9,5",Varias,"22,5",16:09,26,"1,9","9,7",00:20,,,,,
2020-05-03,2401X,PALENCIA,PALENCIA,736,"16,6","0,0","6,0",05:19,"27,2",16:56,99,"0,6","6,1",10:30,,,,,
2020-05-04,2401X,PALENCIA,PALENCIA,736,"18,9","0,0","8,8",04:01,"29,0",14:12,21,"5,0","15,0",14:40,,,,,
2020-05-05,2401X,PALENCIA,PALENCIA,736,"14,8","0,0","8,1",23:58,"21,6",14:09,26,"1,4","7,8",02:00,,,,,
2020-05-06,2401X,PALENCIA,PALENCIA,736,"14,6","0,0","4,7",05:17,"24,4",15:55,12,"1,4","6,4",12:10,,,,,
2020-05-07,2401X,PALENCIA,PALENCIA,736,"18,0","13,0","7,7",05:03,"28,4",15:53,22,"1,7","10,8",18:20,,,,,
2020-05-08,2401X,PALENCIA,PALENCIA,736,"18,5","0,6","12,4",23:45,"24,6",14:38,17,"1,7","8,9",16:30,,,,,
2020-05-09,2401X,PALENCIA,PALENCIA,736,"16,2","1,8","11,3",23:58,"21,0",16:35,27,"1,7","10,0",23:20,,,,,
2020-05-10,2401X,PALENCIA,PALENCIA,736,"14,0","1,0","9,0",06:47,"19,0",14:38,28,"3,1","9,4",19:20,,,,,
2020-05-11,2401X,PALENCIA,PALENCIA,736,"14,2","0,0","8,3",04:43,"20,0",14:29,29,"2,5","7,5",07:50,,,,,
2020-05-12,2401X,PALENCIA,PALENCIA,736,"13,2","0,0","8,3",04:46,"18,1",14:51,14,"1,1","8,1",16:30,,,,,
2020-05-13,2401X,PALENCIA,PALENCIA,736,"14,1","0,0","9,6",04:55,"18,6",12:41,28,"1,9","6,7",10:40,,,,,
2020-05-14,2401X,PALENCIA,PALENCIA,736,"11,3","16,0","9,2",23:59,"13,4",09:36,29,"2,2","7,5",11:50,,,,,
2020-05-15,2401X,PALENCIA,PALENCIA,736,"9,8","0,0","6,5",04:52,"13,2",13:46,08,"3,1","11,7",16:10,,,,,
2020-05-16,2401X,PALENCIA,PALENCIA,736,"11,0","0,0","5,7",Varias,"16,3",15:59,05,"3,6","9,2",18:10,,,,,
2020-05-17,2401X,PALENCIA,PALENCIA,736,"12,2","0,0","3,0",03:44,"21,4",16:07,14,"1,7","6,4",09:30,,,,,
2020-05-18,2401X,PALENCIA,PALENCIA,736,"13,6","0,0","2,9",04:52,"24,2",14:31,36,"1,7","6,1",12:40,,,,,
2020-05-19,2401X,PALENCIA,PALENCIA,736,"17,0","0,0","8,2",03:50,"25,9",17:02,04,"1,9","5,8",11:30,,,,,
2020-05-20,2401X,PALENCIA,PALENCIA,736,"17,3","0,0","6,3",05:02,"28,3",16:28,02,"1,1","5,3",14:50,,,,,
2020-05-21,2401X,PALENCIA,PALENCIA,736,"19,0","0,0","8,0",05:12,"30,1",15:47,28,"1,1","5,6",16:10,,,,,
2020-05-22,2401X,PALENCIA,PALENCIA,736,"20,6","0,0","11,0",05:02,"30,3",16:20,28,"1,9","7,2",20:50,,,,,
2020-05-23,2401X,PALENCIA,PALENCIA,736,"16,5","0,0","10,1",24:00,"22,9",14:04,05,"2,5","8,6",14:30,,,,,
2020-05-24,2401X,PALENCIA,PALENCIA,736,"16,6","0,0","6,9",04:45,"26,4",14:57,07,"1,7","5,6",06:40,,,,,
2020-05-25,2401X,PALENCIA,PALENCIA,736,"17,4","0,0","8,2",04:30,"26,6",14:21,08,"2,2","9,2",16:40,,,,,
2020-05-26,2401X,PALENCIA,PALENCIA,736,"17,7","0,0","10,1",04:39,"25,3",15:23,08,"2,5","9,2",10:50,,,,,
2020-05-27,2401X,PALENCIA,PALENCIA,736,"19,2","0,0","10,2",04:44,"28,3",13:45,08,"1,9","8,6",12:40,,,,,
2020-05-28,2401X,PALENCIA,PALENCIA,736,"20,4","0,0","11,9",04:55,"29,0",14:08,35,"0,8","5,6",13:30,,,,,
2020-05-29,2401X,PALENCIA,PALENCIA,736,"20,2","0,0","9,6",05:00,"30,7",15:31,32,"1,4","5,8",14:00,,,,,
2020-05-30,2401X,PALENCIA,PALENCIA,736,"21,0","1,4","10,0",05:02,"32,0",15:48,21,"0,8","11,1",19:40,,,,,
2020-05-31,2401X,PALENCIA,PALENCIA,736,"20,6","5,0","14,1",04:58,"27,1",14:09,26,"3,9","14,4",20:00,,,,,
2020-06-01,2401X,PALENCIA,PALENCIA,736,"19,7","0,0","11,2",04:50,"28,2",16:28,30,"1,1","5,0",12:10,,,,,
2020-06-02,2401X,PALENCIA,PALENCIA,736,"21,5","0,0","13,3",05:20,"29,7",15:08,08,"1,4","7,5",19:20,,,,,
2020-06-03,2401X,PALENCIA,PALENCIA,736,"20,0","8,8","13,1",05:25,"26,9",12:54,32,"1,7","13,3",14:30,,,,,
2020-06-04,2401X,PALENCIA,PALENCIA,736,"14,9","0,0","8,8",23:53,"21,0",15:08,31,"4,2","10,6",12:10,,,,,
2020-06-05,2401X,PALENCIA,PALENCIA,736,"16,4","0,0","5,7",04:56,"27,2",16:54,27,"1,7","9,4",13:10,,,,,
2020-06-06,2401X,PALENCIA,PALENCIA,736,"18,7","2,4","10,0",04:49,"27,4",15:43,28,"1,9","8,9",16:20,,,,,
2020-06-07,2401X,PALENCIA,PALENCIA,736,"11,9","0,0","7,2",23:59,"16,6",16:40,06,"3,1","9,7",20:20,,,,,
2020-06-08,2401X,PALENCIA,PALENCIA,736,"12,3","0,0","3,1",05:00,"21,5",15:58,30,"2,5","8,3",09:40,,,,,
2020-06-09,2401X,PALENCIA,PALENCIA,736,"12,1","0,0","4,7",02:35,"19,5",14:06,13,"1,4","6,7",18:40,,,,,
2020-06-10,2401X,PALENCIA,PALENCIA,736,"14,4","0,0","4,9",04:44,"24,0",15:54,28,"1,1","10,0",16:10,,,,,
2020-06-11,2401X,PALENCIA,PALENCIA,736,"14,7","0,0","7,6",03:43,"21,8",13:59,26,"5,8","15,3",14:10,,,,,
2020-06-12,2401X,PALENCIA,PALENCIA,736,"13,3","2,0","8,5",00:01,"18,1",13:53,27,"6,1","14,7",14:10,,,,,
2020-06-13,2401X,PALENCIA,PALENCIA,736,"14,2","0,0","8,3",04:17,"20,1",15:08,30,"4,4","11,4",08:10,,,,,
2020-06-14,2401X,PALENCIA,PALENCIA,736,"13,8","0,0","6,1",05:11,"21,5",13:46,27,"2,8","9,7",13:50,,,,,
2020-06-15,2401X,PALENCIA,PALENCIA,736,"15,2","0,0","7,7",04:44,"22,7",13:21,26,"2,2","11,1",16:10,,,,,
2020-06-16,2401X,PALENCIA,PALENCIA,736,"16,6","0,4","10,4",04:54,"22,8",13:02,26,"4,2","13,9",16:20,,,,,
2020-06-17,2401X,PALENCIA,PALENCIA,736,"15,8","0,0","8,8",02:29,"22,7",17:02,29,"1,1","6,4",17:10,,,,,
2020-06-18,2401X,PALENCIA,PALENCIA,736,"17,2","0,0","9,3",04:49,"25,0",15:49,28,"1,7","7,5",17:20,,,,,
2020-06-19,2401X,PALENCIA,PALENCIA,736,"17,6","0,0","7,3",05:01,"28,0",16:48,28,"2,5","9,7",15:10,,,,,
2020-06-20,2401X,PALENCIA,PALENCIA,736,"19,6","0,0","8,8",03:14,"30,3",16:15,28,"2,5","8,3",17:10,,,,,
2020-06-21,2401X,PALENCIA,PALENCIA,736,"20,2","0,0","9,4",05:00,"30,9",17:11,28,"2,2","7,8",13:30,,,,,
2020-06-22,2401X,PALENCIA,PALENCIA,736,"22,6","0,0","13,4",05:02,"31,9",16:12,08,"1,9","7,5",12:50,,,,,
2020-06-23,2401X,PALENCIA,PALENCIA,736,"24,2","0,0","12,3",04:56,"36,1",17:13,13,"2,2","8,6",18:30,,,,,
2020-06-24,2401X,PALENCIA,PALENCIA,736,"23,4","0,8","16,0",05:03,"30,8",11:43,28,"1,9","15,0",20:30,,,,,
2020-06-25,2401X,PALENCIA,PALENCIA,736,"22,6","7,4","14,7",04:54,"30,5",14:47,14,"1,1","8,1",17:20,,,,,
2020-06-26,2401X,PALENCIA,PALENCIA,736,"20,9","0,0","13,6",04:53,"28,2",14:46,27,"2,8","10,0",16:00,,,,,
2020-06-27,2401X,PALENCIA,PALENCIA,736,"21,4","0,0","13,8",04:59,"29,0",14:57,27,"2,5","8,6",13:20,,,,,
2020-06-28,2401X,PALENCIA,PALENCIA,736,"22,5","0,0","13,5",04:33,"31,5",17:07,29,"2,5","8,6",16:20,,,,,
2020-06-29,2401X,PALENCIA,PALENCIA,736,"22,5","0,0","13,8",04:57,"31,2",16:41,06,"1,7","6,9",18:50,,,,,
2020-06-30,2401X,PALENCIA,PALENCIA,736,"23,6","0,0","12,8",04:49,"34,4",16:19,27,"2,2","8,9",17:10,,,,,
2020-07-01,2401X,PALENCIA,PALENCIA,736,"23,8","0,0","14,8",04:58,"32,9",15:07,26,"3,6","11,4",16:20,,,,,
2020-07-02,2401X,PALENCIA,PALENCIA,736,"20,6","0,0","12,2",Varias,"29,0",16:17,08,"3,1","9,4",18:20,,,,,
2020-07-03,2401X,PALENCIA,PALENCIA,736,"18,2","0,0","10,1",04:53,"26,2",15:03,34,"2,5","9,2",12:50,,,,,
2020-07-04,2401X,PALENCIA,PALENCIA,736,"20,0","0,0","8,7",04:58,"31,4",15:23,34,"1,4","7,5",16:00,,,,,
2020-07-05,2401X,PALENCIA,PALENCIA,736,"23,1","0,0","11,9",05:03,"34,3",15:59,01,"1,7","6,7",19:30,,,,,
2020-07-06,2401X,PALENCIA,PALENCIA,736,"21,6","0,0","14,2",23:53,"28,9",Varias,06,"3,1","9,2",21:10,,,,,
2020-07-07,2401X,PALENCIA,PALENCIA,736,"23,0","0,0","11,3",05:01,"34,6",16:07,09,"1,4","5,8",18:50,,,,,
2020-07-08,2401X,PALENCIA,PALENCIA,736,"21,6","3,8","13,9",03:50,"29,3",13:54,13,"1,4","10,8",20:10,,,,,
2020-07-09,2401X,PALENCIA,PALENCIA,736,"23,8","4,8","14,0",04:27,"33,7",15:56,14,"2,2","15,6",16:40,,,,,
2020-07-10,2401X,PALENCIA,PALENCIA,736,"22,1","0,0","15,1",00:01,"29,1",15:02,08,"2,2","8,6",17:40,,,,,
2020-07-11,2401X,PALENCIA,PALENCIA,736,"21,7","5,2","12,7",04:59,"30,7",15:30,27,"3,3","11,1",23:50,,,,,
2020-07-12,2401X,PALENCIA,PALENCIA,736,"23,4","6,0","15,1",05:02,"31,6",14:11,99,"1,4","10,0",00:10,,,,,
2020-07-13,2401X,PALENCIA,PALENCIA,736,"21,2","0,0","13,8",05:00,"28,6",14:44,06,"2,8","8,9",15:10,,,,,
2020-07-14,2401X,PALENCIA,PALENCIA,736,"20,0","0,0","11,9",04:34,"28,0",15:33,08,"2,5","8,6",17:20,,,,,
2020-07-15,2401X,PALENCIA,PALENCIA,736,"19,2","0,0","11,8",02:59,"26,6",15:26,08,"3,6","9,4",09:40,,,,,
2020-07-16,2401X,PALENCIA,PALENCIA,736,"20,0","0,0","10,2",05:05,"29,8",14:17,02,"1,9","8,1",17:10,,,,,
2020-07-17,2401X,PALENCIA,PALENCIA,736,"20,5","0,0","11,9",04:55,"29,1",15:53,07,"2,2","7,8",17:00,,,,,
2020-07-18,2401X,PALENCIA,PALENCIA,736,"22,4","0,0","11,9",04:56,"32,9",16:34,08,"1,4","4,4",08:10,,,,,
2020-07-19,2401X,PALENCIA,PALENCIA,736,"24,8","0,0","12,7",05:04,"36,9",14:58,28,"1,7","9,4",16:20,,,,,
2020-07-20,2401X,PALENCIA,PALENCIA,736,"25,2","0,0","15,9",04:51,"34,5",15:13,34,"1,7","5,8",19:10,,,,,
2020-07-21,2401X,PALENCIA,PALENCIA,736,"25,0","2,6","14,8",05:12,"35,1",13:57,10,"1,1","11,4",15:50,,,,,
2020-07-22,2401X,PALENCIA,PALENCIA,736,"25,6","0,2","17,7",02:31,"33,4",16:07,04,"1,4","7,5",18:30,,,,,
2020-07-23,2401X,PALENCIA,PALENCIA,736,"25,7","0,0","16,4",05:13,"35,0",16:08,29,"1,9","8,9",15:40,,,,,
2020-07-24,2401X,PALENCIA,PALENCIA,736,"23,0","0,0","15,0",05:00,"31,0",15:23,10,"2,2","8,1",07:10,,,,,
2020-07-25,2401X,PALENCIA,PALENCIA,736,"23,8","0,0","12,9",05:11,"34,8",15:16,30,"2,8","9,7",13:50,,,,,
2020-07-26,2401X,PALENCIA,PALENCIA,736,"23,6","0,0","12,8",04:59,"34,5",16:43,36,"1,4","5,6",14:40,,,,,
2020-07-27,2401X,PALENCIA,PALENCIA,736,"26,6","0,0","13,8",05:23,"39,5",14:09,29,"2,2","8,3",16:00,,,,,
2020-07-28,2401X,PALENCIA,PALENCIA,736,"23,8","0,0","16,2",05:13,"31,5",15:02,05,"2,8","8,6",10:30,,,,,
2020-07-29,2401X,PALENCIA,PALENCIA,736,"26,6","0,0","16,2",05:15,"36,9",16:53,08,"1,4","5,8",01:50,,,,,
2020-07-30,2401X,PALENCIA,PALENCIA,736,"28,2","1,8","17,7",05:36,"38,6",12:53,34,"3,1","11,1",16:30,,,,,
2020-07-31,2401X,PALENCIA,PALENCIA,736,"26,4","0,0","15,6",05:23,"37,1",15:30,31,"2,8","10,3",13:20,,,,,
2020-08-01,2401X,PALENCIA,PALENCIA,736,"24,6","0,0","15,8",05:23,"33,5",15:24,03,"2,5","8,9",18:00,,,,,
2020-08-02,2401X,PALENCIA,PALENCIA,736,"21,1","0,0","15,2",04:48,"27,0",13:55,34,"2,5","8,9",13:50,,,,,
2020-08-03,2401X,PALENCIA,PALENCIA,736,"20,2","0,0","11,5",05:19,"28,9",16:56,03,"1,7","7,8",19:40,,,,,
2020-08-04,2401X,PALENCIA,PALENCIA,736,"20,4","0,0","12,3",04:18,"28,6",15:31,33,"2,2","8,3",14:30,,,,,
2020-08-05,2401X,PALENCIA,PALENCIA,736,"22,4","0,0","11,0",05:17,"33,7",15:39,33,"1,1","6,4",15:20,,,,,
2020-08-06,2401X,PALENCIA,PALENCIA,736,"25,8","0,0","12,9",05:30,"38,7",14:59,21,"0,8","7,5",12:50,,,,,
2020-08-07,2401X,PALENCIA,PALENCIA,736,"27,9","0,0","17,3",05:28,"38,5",15:01,26,"2,5","10,0",16:30,,,,,
2020-08-08,2401X,PALENCIA,PALENCIA,736,"27,0","1,0","16,8",04:20,"37,1",15:42,25,"1,7","15,0",16:50,,,,,
2020-08-09,2401X,PALENCIA,PALENCIA,736,"26,1","0,0","15,8",05:37,"36,4",15:08,23,"1,9","8,6",12:40,,,,,
2020-08-10,2401X,PALENCIA,PALENCIA,736,"25,2","0,0","14,1",05:28,"36,2",15:11,24,"2,5","13,6",11:20,,,,,
2020-08-11,2401X,PALENCIA,PALENCIA,736,"21,7","6,2","16,9",13:11,"26,5",08:58,15,"2,5","12,2",10:30,,,,,
2020-08-12,2401X,PALENCIA,PALENCIA,736,"20,2","0,0","14,0",04:04,"26,5",12:15,28,"3,6","11,1",14:20,,,,,
2020-08-13,2401X,PALENCIA,PALENCIA,736,"20,8","0,0","12,4",05:25,"29,3",16:09,25,"1,7","6,1",16:50,,,,,
2020-08-14,2401X,PALENCIA,PALENCIA,736,"21,5","0,0","11,2",04:53,"31,8",16:01,29,"1,9","8,3",15:00,,,,,
2020-08-15,2401X,PALENCIA,PALENCIA,736,"19,8","0,0","12,0",05:29,"27,5",13:42,26,"2,5","11,1",14:30,,,,,
2020-08-16,2401X,PALENCIA,PALENCIA,736,"18,3","0,0","10,7",04:21,"25,9",15:26,99,"2,8","10,0",Varias,,,,,
2020-08-17,2401X,PALENCIA,PALENCIA,736,"19,4","2,4","13,1",05:29,"25,6",13:00,28,"1,9","10,3",01:00,,,,,
2020-08-18,2401X,PALENCIA,PALENCIA,736,"20,9","0,0","15,5",02:52,"26,3",13:27,25,"1,9","7,8",13:10,,,,,
2020-08-19,2401X,PALENCIA,PALENCIA,736,"22,6","0,0","12,4",05:36,"32,7",14:51,24,"3,3","11,7",12:40,,,,,
2020-08-20,2401X,PALENCIA,PALENCIA,736,"23,9","2,6","14,5",05:56,"33,3",14:34,27,"3,6","14,4",20:10,,,,,
2020-08-21,2401X,PALENCIA,PALENCIA,736,"20,8","0,6","16,1",20:37,"25,5",15:56,29,"2,5","10,8",22:10,,,,,
2020-08-22,2401X,PALENCIA,PALENCIA,736,"19,2","0,0","10,7",04:07,"27,6",16:07,33,"0,8","6,1",13:30,,,,,
2020-08-23,2401X,PALENCIA,PALENCIA,736,"20,0","0,0","11,2",05:40,"28,7",14:46,35,"1,4","6,9",16:00,,,,,
2020-08-24,2401X,PALENCIA,PALENCIA,736,"20,6","0,0","11,5",05:50,"29,7",16:41,30,"1,7","5,6",12:40,,,,,
2020-08-25,2401X,PALENCIA,PALENCIA,736,"21,9","0,0","9,7",05:31,"34,1",15:09,28,"1,9","10,0",14:20,,,,,
2020-08-26,2401X,PALENCIA,PALENCIA,736,"23,2","0,0","12,3",04:38,"34,1",15:07,30,"1,7","6,7",15:00,,,,,
2020-08-27,2401X,PALENCIA,PALENCIA,736,"24,5","0,0","14,9",04:58,"34,1",15:13,28,"1,7","8,3",16:10,,,,,
2020-08-28,2401X,PALENCIA,PALENCIA,736,"19,1","0,0","11,1",23:56,"27,1",14:53,30,"2,8","10,6",16:10,,,,,
2020-08-29,2401X,PALENCIA,PALENCIA,736,"13,9","0,0","6,9",05:51,"20,9",14:54,34,"3,9","10,8",13:50,,,,,
2020-08-30,2401X,PALENCIA,PALENCIA,736,"12,4","0,0","4,4",Varias,"20,3",16:04,09,"1,7","7,2",18:30,,,,,
2020-08-31,2401X,PALENCIA,PALENCIA,736,"13,4","0,0","3,2",05:47,"23,7",14:50,99,"1,7","6,4",Varias,,,,,
2020-09-01,2401X,PALENCIA,PALENCIA,736,"19,2","0,0","10,2",06:09,"28,1",14:50,03,"1,7","8,3",20:40,,,,,
2020-09-02,2401X,PALENCIA,PALENCIA,736,"18,4","0,0","9,7",04:47,"27,1",15:56,06,"1,7","6,7",09:10,,,,,
2020-09-03,2401X,PALENCIA,PALENCIA,736,"19,4","0,0","7,5",05:56,"31,2",16:12,99,"1,1","3,9",Varias,,,,,
2020-09-04,2401X,PALENCIA,PALENCIA,736,"21,0","0,0","8,1",05:28,"33,8",14:30,30,"1,1","7,8",14:40,,,,,
2020-09-05,2401X,PALENCIA,PALENCIA,736,"20,5","0,0","11,3",05:52,"29,7",14:51,07,"2,2","9,7",16:50,,,,,
2020-09-06,2401X,PALENCIA,PALENCIA,736,"18,0","0,0","12,5",23:53,"23,6",14:30,08,"3,1","8,9",16:00,,,,,
2020-09-07,2401X,PALENCIA,PALENCIA,736,"15,6","0,0","9,9",04:30,"21,2",14:16,99,"2,8","10,0",09:50,,,,,
2020-09-08,2401X,PALENCIA,PALENCIA,736,"16,8","0,0","7,2",05:25,"26,3",14:44,06,"1,1","8,3",14:30,,,,,
2020-09-09,2401X,PALENCIA,PALENCIA,736,"18,2","0,0","7,0",05:45,"29,3",15:16,34,"0,8","6,1",16:10,,,,,
2020-09-10,2401X,PALENCIA,PALENCIA,736,"19,8","0,0","9,9",06:01,"29,7",15:32,33,"1,1","5,6",14:40,,,,,
2020-09-11,2401X,PALENCIA,PALENCIA,736,"20,0","0,0","10,0",06:07,"30,1",15:11,33,"1,1","5,6",11:30,,,,,
2020-09-12,2401X,PALENCIA,PALENCIA,736,"20,2","0,0","9,2",06:16,"31,1",15:02,11,"1,7","6,1",12:20,,,,,
2020-09-13,2401X,PALENCIA,PALENCIA,736,"21,2","0,0","8,9",05:55,"33,4",12:59,99,"1,1","6,4",12:30,,,,,
2020-09-14,2401X,PALENCIA,PALENCIA,736,"22,0","18,6","13,5",05:51,"30,6",15:53,24,"2,2","22,8",18:00,,,,,
2020-09-15,2401X,PALENCIA,PALENCIA,736,"20,2","0,0","12,9",06:11,"27,4",15:38,26,"1,1","6,1",13:00,,,,,
2020-09-16,2401X,PALENCIA,PALENCIA,736,"20,6","0,2","11,4",06:01,"29,9",14:58,14,"0,6","4,2",12:20,,,,,
2020-09-17,2401X,PALENCIA,PALENCIA,736,"21,9","8,2","16,9",23:56,"26,9",15:20,22,"1,9","10,8",22:50,,,,,
2020-09-18,2401X,PALENCIA,PALENCIA,736,"18,6","7,6","13,5",23:40,"23,7",13:09,14,"2,8","13,3",17:10,,,,,
2020-09-19,2401X,PALENCIA,PALENCIA,736,"16,0","14,8","13,1",04:03,"18,9",14:07,28,"3,1","11,1",14:30,,,,,
2020-09-20,2401X,PALENCIA,PALENCIA,736,"16,7","3,8","13,0",23:55,"20,4",15:19,22,"1,4","7,8",12:00,,,,,
2020-09-21,2401X,PALENCIA,PALENCIA,736,"17,0","0,0","11,8",04:22,"22,2",16:12,13,"0,8","3,9",11:20,,,,,
2020-09-22,2401X,PALENCIA,PALENCIA,736,"15,2","0,0","8,9",05:33,"21,4",16:11,26,"1,4","6,4",21:20,,,,,
2020-09-23,2401X,PALENCIA,PALENCIA,736,"17,5","0,0","12,9",05:17,"22,1",13:50,27,"3,1","10,6",14:20,,,,,
2020-09-24,2401X,PALENCIA,PALENCIA,736,"15,4","0,0","10,7",23:55,"20,1",14:21,26,"4,7","16,4",15:10,,,,,
2020-09-25,2401X,PALENCIA,PALENCIA,736,"12,6","0,0","7,6",05:53,"17,7",14:32,29,"5,6","16,9",10:10,,,,,
2020-09-26,2401X,PALENCIA,PALENCIA,736,"13,6","0,8","7,1",03:21,"20,2",13:53,29,"4,7","13,3",19:50,,,,,
2020-09-27,2401X,PALENCIA,PALENCIA,736,"12,4","0,0","5,4",23:52,"19,5",15:41,26,"1,1","11,1",00:10,,,,,
2020-09-28,2401X,PALENCIA,PALENCIA,736,"11,8","0,0","2,9",06:27,"20,7",15:16,99,"0,6","3,9",Varias,,,,,
2020-09-29,2401X,PALENCIA,PALENCIA,736,"15,2","0,0","6,3",04:35,"24,2",15:39,33,"0,8","4,4",14:10,,,,,
2020-09-30,2401X,PALENCIA,PALENCIA,736,"15,3","0,0","5,0",06:17,"25,6",14:28,25,"2,5","9,4",23:10,,,,,
2020-10-01,2401X,PALENCIA,PALENCIA,736,"15,0","2,8","9,9",04:45,"20,2",14:13,23,"3,1","16,1",22:00,,,,,
2020-10-02,2401X,PALENCIA,PALENCIA,736,"10,2","0,4","6,9",23:58,"13,5",02:04,28,"7,5","16,1",06:50,,,,,
2020-10-03,2401X,PALENCIA,PALENCIA,736,"11,0","0,2","5,6",06:18,"16,3",13:57,30,"5,8","15,0",13:10,,,,,
2020-10-04,2401X,PALENCIA,PALENCIA,736,"12,6","0,8","8,4",Varias,"16,9",14:07,28,"5,8","16,4",10:10,,,,,
2020-10-05,2401X,PALENCIA,PALENCIA,736,"12,9","0,0","6,8",03:14,"19,0",16:21,28,"3,6","11,9",14:10,,,,,
2020-10-06,2401X,PALENCIA,PALENCIA,736,"17,2","0,0","10,7",04:12,"23,7",Varias,26,"2,8","10,0",12:10,,,,,
2020-10-07,2401X,PALENCIA,PALENCIA,736,"16,8","0,0","9,4",23:54,"24,1",15:37,30,"1,1","4,2",01:00,,,,,
2020-10-08,2401X,PALENCIA,PALENCIA,736,"15,5","0,0","7,0",05:30,"24,0",15:38,28,"0,6","4,7",15:40,,,,,
2020-10-09,2401X,PALENCIA,PALENCIA,736,"15,6","0,0","6,0",06:25,"25,3",15:07,99,"0,8","5,6",Varias,,,,,
2020-10-10,2401X,PALENCIA,PALENCIA,736,"12,7","0,0","7,6",23:58,"17,8",13:11,99,"2,2","8,3",Varias,,,,,
2020-10-11,2401X,PALENCIA,PALENCIA,736,"10,0","0,0","2,5",06:42,"17,4",15:19,33,"1,1","6,7",14:50,,,,,
2020-10-12,2401X,PALENCIA,PALENCIA,736,"8,8","0,0","-0,8",06:28,"18,4",16:03,27,"1,4","8,1",21:20,,,,,
2020-10-13,2401X,PALENCIA,PALENCIA,736,"12,5","0,0","4,1",23:54,"20,9",14:35,27,"1,7","8,3",01:10,,,,,
2020-10-14,2401X,PALENCIA,PALENCIA,736,"10,1","0,0","2,7",02:31,"17,5",14:27,99,"3,3","10,8",Varias,,,,,
2020-10-15,2401X,PALENCIA,PALENCIA,736,"7,0","0,0","-0,7",Varias,"14,8",13:58,08,"1,4","8,3",17:00,,,,,
2020-10-16,2401X,PALENCIA,PALENCIA,736,"6,2","0,0","-2,5",06:24,"14,9",14:23,34,"0,6","4,2",12:10,,,,,
2020-10-17,2401X,PALENCIA,PALENCIA,736,"9,0","0,0","-0,7",05:04,"18,7",15:05,28,"1,4","7,2",12:40,,,,,
2020-10-18,2401X,PALENCIA,PALENCIA,736,"11,0","0,0","1,1",06:51,"21,0",13:39,15,"0,6","4,2",12:10,,,,,
2020-10-19,2401X,PALENCIA,PALENCIA,736,"14,0","24,0","3,5",06:46,"24,6",14:17,22,"2,2","13,9",14:40,,,,,
2020-10-20,2401X,PALENCIA,PALENCIA,736,"13,2","23,2","11,4",05:26,"14,9",18:33,26,"3,3","17,2",22:50,,,,,
2020-10-21,2401X,PALENCIA,PALENCIA,736,"13,9","3,2","10,8",23:44,"17,0",15:32,20,"1,9","13,1",01:50,,,,,
2020-10-22,2401X,PALENCIA,PALENCIA,736,"13,4","4,2","10,2",06:35,"16,5",12:52,26,"1,4","9,2",13:50,,,,,
2020-10-23,2401X,PALENCIA,PALENCIA,736,"10,9","0,0","6,9",23:56,"14,9",15:16,24,"3,3","8,6",12:20,,,,,
2020-10-24,2401X,PALENCIA,PALENCIA,736,"9,2","0,0","4,1",04:38,"14,3",12:48,22,"2,2","10,0",23:59,,,,,
2020-10-25,2401X,PALENCIA,PALENCIA,736,"9,2","3,6","5,6",23:40,"12,9",10:13,28,"3,6","14,4",16:40,,,,,
2020-10-26,2401X,PALENCIA,PALENCIA,736,"8,2","0,0","3,6",06:02,"12,8",13:29,28,"4,4","11,1",13:30,,,,,
2020-10-27,2401X,PALENCIA,PALENCIA,736,"9,2","1,0","6,2",03:29,"12,1",12:54,24,"2,5","9,2",00:10,,,,,
2020-10-28,2401X,PALENCIA,PALENCIA,736,"12,0","0,0","6,8",23:58,"17,3",13:19,28,"2,2","8,3",14:30,,,,,
2020-10-29,2401X,PALENCIA,PALENCIA,736,"10,2","0,0","3,9",23:59,"16,6",14:27,35,"1,1","5,0",13:40,,,,,
2020-10-30,2401X,PALENCIA,PALENCIA,736,"10,4","0,0","2,2",05:17,"18,7",14:49,30,"1,4","4,7",14:00,,,,,
2020-10-31,2401X,PALENCIA,PALENCIA,736,"10,8","0,0","3,4",07:04,"18,2",14:58,29,"0,6","5,3",12:00,,,,,
2020-11-01,2401X,PALENCIA,PALENCIA,736,"13,4","0,0","7,6",04:25,"19,3",15:08,26,"0,8","5,0",23:00,,,,,
2020-11-02,2401X,PALENCIA,PALENCIA,736,"14,8","0,0","10,7",06:41,"19,0",12:45,21,"1,7","5,0",13:30,,,,,
2020-11-03,2401X,PALENCIA,PALENCIA,736,"9,2","0,0","4,2",24:00,"14,1",00:01,07,"3,1","10,0",11:20,,,,,
2020-11-04,2401X,PALENCIA,PALENCIA,736,"7,0","0,0","3,4",02:51,"10,5",14:01,08,"4,2","11,9",14:30,,,,,
2020-11-05,2401X,PALENCIA,PALENCIA,736,"9,6","2,8","6,3",00:01,"13,0",13:23,14,"1,7","10,8",11:00,,,,,
2020-11-06,2401X,PALENCIA,PALENCIA,736,"12,8","9,0","9,1",02:24,"16,6",15:06,24,"4,4","12,8",20:00,,,,,
2020-11-07,2401X,PALENCIA,PALENCIA,736,"12,2","1,4","8,8",21:26,"15,7",14:58,26,"2,2","9,2",11:10,,,,,
2020-11-08,2401X,PALENCIA,PALENCIA,736,"12,1","0,8","7,4",07:42,"16,8",11:58,20,"2,2","7,8",Varias,,,,,
2020-11-09,2401X,PALENCIA,PALENCIA,736,"10,8","0,2","6,2",23:54,"15,4",12:23,27,"0,8","6,1",11:40,,,,,
2020-11-10,2401X,PALENCIA,PALENCIA,736,"7,2","0,0","3,2",23:17,"11,2",14:59,13,"1,1","3,3",12:20,,,,,
2020-11-11,2401X,PALENCIA,PALENCIA,736,"6,8","0,0","3,2",00:15,"10,3",15:16,27,"1,4","5,6",12:40,,,,,
2020-11-12,2401X,PALENCIA,PALENCIA,736,"9,6","0,0","2,9",07:14,"16,4",14:26,99,"0,8","2,8",Varias,,,,,
2020-11-13,2401X,PALENCIA,PALENCIA,736,"10,0","0,0","5,1",Varias,"15,0",14:48,32,"0,3","4,2",13:30,,,,,
2020-11-14,2401X,PALENCIA,PALENCIA,736,"10,2","0,0","5,1",07:32,"15,2",15:07,21,"1,4","5,8",21:30,,,,,
2020-11-15,2401X,PALENCIA,PALENCIA,736,"13,6","0,0","10,4",04:22,"16,7",Varias,26,"4,2","12,5",13:40,,,,,
2020-11-16,2401X,PALENCIA,PALENCIA,736,"10,3","0,0","4,4",23:55,"16,2",13:18,26,"0,8","6,7",00:10,,,,,
2020-11-17,2401X,PALENCIA,PALENCIA,736,"8,8","0,0","1,8",04:12,"15,9",14:51,13,"0,6","3,1",10:20,,,,,
2020-11-18,2401X,PALENCIA,PALENCIA,736,"10,4","0,0","3,2",01:57,"17,5",14:30,16,"0,8","3,6",03:40,,,,,
2020-11-19,2401X,PALENCIA,PALENCIA,736,"10,5","0,0","3,2",04:26,"17,8",14:19,07,"0,6","6,4",23:10,,,,,
2020-11-20,2401X,PALENCIA,PALENCIA,736,"7,9","0,0","3,3",06:42,"12,5",14:31,07,"1,7","7,2",10:50,,,,,
2020-11-21,2401X,PALENCIA,PALENCIA,736,"8,0","0,0","-0,5",23:55,"16,5",14:46,99,"0,8","3,6",Varias,,,,,
2020-11-22,2401X,PALENCIA,PALENCIA,736,"6,3","0,0","-2,3",07:34,"14,9",14:38,99,"0,3","2,5",09:40,,,,,
2020-11-23,2401X,PALENCIA,PALENCIA,736,"6,3","0,0","-2,3",06:50,"14,9",14:07,99,"0,6","3,6",13:30,,,,,
2020-11-24,2401X,PALENCIA,PALENCIA,736,"5,5","0,0","-2,1",06:55,"13,1",14:02,27,"0,6","5,8",13:40,,,,,
2020-11-25,2401X,PALENCIA,PALENCIA,736,"7,2","0,0","1,5",04:47,"13,0",13:35,14,"1,7","8,6",21:00,,,,,
2020-11-26,2401X,PALENCIA,PALENCIA,736,"9,2","0,2","5,9",00:32,"12,4",13:16,13,"3,3","9,7",20:10,,,,,
2020-11-27,2401X,PALENCIA,PALENCIA,736,"8,5","0,0","3,1",Varias,"13,9",14:25,15,"2,2","9,7",14:30,,,,,
2020-11-28,2401X,PALENCIA,PALENCIA,736,"6,8","0,0","1,1",02:58,"12,6",15:10,21,"0,3","3,3",16:20,,,,,
2020-11-29,2401X,PALENCIA,PALENCIA,736,"7,7","0,0","0,8",06:28,"14,6",14:37,24,"0,6","2,8",19:10,,,,,
2020-11-30,2401X,PALENCIA,PALENCIA,736,"7,0","0,0","-0,4",07:32,"14,4",14:32,36,"0,6","3,6",14:30,,,,,
2020-12-01,2401X,PALENCIA,PALENCIA,736,"5,4","0,0","-2,5",07:18,"13,2",14:07,09,"1,1","4,7",12:30,,,,,
2020-12-02,2401X,PALENCIA,PALENCIA,736,"3,0","0,0","-2,9",23:42,"8,9",13:09,09,"1,9","8,3",15:20,,,,,
2020-12-03,2401X,PALENCIA,PALENCIA,736,"1,1","1,0","-5,4",07:22,"7,6",14:07,23,"3,3","18,3",23:10,,,,,
2020-12-04,2401X,PALENCIA,PALENCIA,736,"3,5","0,0","0,3",21:26,"6,7",00:01,26,"6,1","16,4",00:30,,,,,
2020-12-05,2401X,PALENCIA,PALENCIA,736,"3,2","0,0","-0,7",03:22,"7,1",14:10,28,"7,2","14,7",14:20,,,,,
2020-12-06,2401X,PALENCIA,PALENCIA,736,"4,6","0,2","0,5",04:34,"8,6",13:54,26,"6,4","14,2",13:40,,,,,
2020-12-07,2401X,PALENCIA,PALENCIA,736,"7,2","0,0","3,5",Varias,"10,8",12:09,25,"9,2","20,8",12:10,,,,,
2020-12-08,2401X,PALENCIA,PALENCIA,736,"5,0","0,0","1,5",23:31,"8,5",13:49,28,"6,9","15,8",03:10,,,,,
2020-12-09,2401X,PALENCIA,PALENCIA,736,"3,2",,"-1,0",05:52,"7,5",13:57,27,"2,5","11,4",01:00,,,,,
2020-12-10,2401X,PALENCIA,PALENCIA,736,"9,9",,"6,7",00:01,"13,1",12:51,26,"7,2","17,8",02:10,,,,,
2020-12-11,2401X,PALENCIA,PALENCIA,736,"10,6",,"6,3",21:35,"14,9",13:07,25,"7,5","16,9",02:10,,,,,
2020-12-12,2401X,PALENCIA,PALENCIA,736,"8,4",,"4,5",23:59,"12,4",14:43,27,"4,7","13,6",08:10,,,,,
2020-12-13,2401X,PALENCIA,PALENCIA,736,"7,6",,"3,1",02:59,"12,1",14:40,22,"1,1","6,9",11:20,,,,,
2020-12-14,2401X,PALENCIA,PALENCIA,736,"9,8",,"6,5",23:43,"13,1",12:03,21,"2,8","9,2",12:00,,,,,
2020-12-15,2401X,PALENCIA,PALENCIA,736,"6,6",,"3,6",22:58,"9,6",13:00,26,"2,5","8,3",10:10,,,,,
2020-12-16,2401X,PALENCIA,PALENCIA,736,"7,0",,"3,0",23:44,"11,0",14:04,14,"2,5","10,6",14:00,,,,,
2020-12-17,2401X,PALENCIA,PALENCIA,736,"5,2",,"1,9",01:50,"8,4",12:28,12,"0,8","4,7",12:30,,,,,
2020-12-18,2401X,PALENCIA,PALENCIA,736,"4,6",,"2,9",07:56,"6,3",15:36,20,"1,1","7,2",22:40,,,,,
2020-12-19,2401X,PALENCIA,PALENCIA,736,"6,4",,"2,9",23:58,"9,8",14:08,25,"2,2","8,6",13:10,,,,,
2020-12-20,2401X,PALENCIA,PALENCIA,736,"5,2","0,2","2,5",07:27,"7,8",14:34,16,"1,4","5,6",17:10,,,,,
2020-12-21,2401X,PALENCIA,PALENCIA,736,"8,8","0,0","6,5",00:01,"11,1",15:25,22,"1,7","5,0",09:50,,,,,
2020-12-22,2401X,PALENCIA,PALENCIA,736,"10,2","0,0","6,7",20:45,"13,8",Varias,15,"1,9","4,7",12:40,,,,,
2020-12-23,2401X,PALENCIA,PALENCIA,736,"8,7","0,0","5,4",23:55,"12,0",13:42,26,"3,6","9,7",12:50,,,,,
2020-12-24,2401X,PALENCIA,PALENCIA,736,"3,7","0,0","-1,2",Varias,"8,6",14:13,28,"0,8","6,1",00:40,,,,,
2020-12-25,2401X,PALENCIA,PALENCIA,736,"1,3","0,0","-2,9",23:57,"5,5",13:49,06,"2,5","10,3",13:20,,,,,
2020-12-26,2401X,PALENCIA,PALENCIA,736,"0,6","0,0","-5,0",07:27,"6,3",14:17,36,"1,1","4,4",13:20,,,,,
2020-12-27,2401X,PALENCIA,PALENCIA,736,"0,9","3,2","-4,7",01:59,"6,5",23:49,99,"3,9","20,8",Varias,,,,,
2020-12-28,2401X,PALENCIA,PALENCIA,736,"4,4","0,0","1,1",07:00,"7,7",13:57,26,"8,6","20,3",14:10,,,,,
2020-12-29,2401X,PALENCIA,PALENCIA,736,"3,4","0,0","-0,1",23:45,"6,9",13:40,27,"6,4","15,3",02:10,,,,,
2020-12-30,2401X,PALENCIA,PALENCIA,736,"3,0","0,0","-0,4",08:00,"6,5",13:21,26,"5,6","13,3",01:10,,,,,
2020-12-31,2401X,PALENCIA,PALENCIA,736,"3,8",,"0,0",00:07,"7,6",14:33,26,"6,1","15,0",12:10,,,,,
2021-01-01,2401X,PALENCIA,PALENCIA,736,"1,6",,"-2,4",23:57,"5,6",Varias,30,"4,7","13,1",15:00,,,,,
2021-01-02,2401X,PALENCIA,PALENCIA,736,"-0,1",,"-5,0",08:16,"4,8",14:11,28,"1,4","9,4",04:20,,,,,
2021-01-03,2401X,PALENCIA,PALENCIA,736,"0,6",,"-5,0",05:38,"6,2",14:52,30,"4,7","13,6",12:10,,,,,
2021-01-04,2401X,PALENCIA,PALENCIA,736,"0,3",,"-5,4",23:36,"6,0",14:41,27,"3,9","10,0",08:20,,,,,
2021-01-05,2401X,PALENCIA,PALENCIA,736,"-1,2",,"-7,5",07:29,"5,1",14:37,99,"0,8","3,9",Varias,,,,,
2021-01-06,2401X,PALENCIA,PALENCIA,736,"0,2",,"-6,0",03:47,"6,4",14:48,06,"0,6","3,6",15:40,,,,,
2021-01-07,2401X,PALENCIA,PALENCIA,736,"-1,5",,"-7,8",08:21,"4,8",14:10,08,"0,8","5,6",13:40,,,,,
2021-01-08,2401X,PALENCIA,PALENCIA,736,"-0,9",,"-4,1",07:01,"2,3",13:24,08,"2,8","10,3",09:50,,,,,
2021-01-09,2401X,PALENCIA,PALENCIA,736,"-1,4",,"-2,4",Varias,"-0,5",14:09,04,"4,2","11,7",08:50,,,,,
2021-01-10,2401X,PALENCIA,PALENCIA,736,"0,9",,"-0,7",00:01,"2,5",14:07,08,"3,6","10,8",02:30,,,,,
2021-01-11,2401X,PALENCIA,PALENCIA,736,"1,2",,"-2,0",23:15,"4,3",13:34,99,"4,2","10,3",Varias,,,,,
2021-01-12,2401X,PALENCIA,PALENCIA,736,"-1,3",,"-7,9",07:38,"5,3",14:55,26,"0,8","4,2",14:40,,,,,
2021-01-13,2401X,PALENCIA,PALENCIA,736,"-3,8",,"-8,3",07:39,"0,8",15:07,32,"0,8","3,6",12:40,,,,,
2021-01-14,2401X,PALENCIA,PALENCIA,736,"-3,8",,"-6,0",07:37,"-1,6",15:09,34,"0,6","2,8",14:20,,,,,
2021-01-15,2401X,PALENCIA,PALENCIA,736,"-3,7",,"-6,3",07:49,"-1,1",14:59,33,"1,1","3,6",13:50,,,,,
2021-01-16,2401X,PALENCIA,PALENCIA,736,"-3,3",,"-5,6",07:55,"-1,0",16:11,13,"0,6","3,3",21:50,,,,,
2021-01-17,2401X,PALENCIA,PALENCIA,736,"-2,0",,"-5,3",08:01,"1,2",15:08,99,"0,8","3,3",Varias,,,,,
2021-01-18,2401X,PALENCIA,PALENCIA,736,"-1,4",,"-6,0",07:28,"3,3",14:47,14,"0,6","3,9",18:10,,,,,
2021-01-19,2401X,PALENCIA,PALENCIA,736,"0,5",,"-5,5",07:51,"6,5",15:10,15,"0,6","3,9",09:10,,,,,
2021-01-20,2401X,PALENCIA,PALENCIA,736,"3,4",,"-2,4",03:21,"9,3",14:18,22,"5,6","12,2",12:10,,,,,
2021-01-21,2401X,PALENCIA,PALENCIA,736,"8,9",,"6,8",03:50,"11,0",15:07,23,"5,0","15,6",Varias,,,,,
2021-01-22,2401X,PALENCIA,PALENCIA,736,"6,3",,"3,3",23:45,"9,3",02:16,26,"6,9","24,7",02:40,,,,,
2021-01-23,2401X,PALENCIA,PALENCIA,736,"7,1",,"3,3",00:01,"10,9",18:58,27,"6,9","16,7",19:50,,,,,
2021-01-24,2401X,PALENCIA,PALENCIA,736,"7,3",,"4,2",08:08,"10,4",12:35,25,"6,1","14,4",00:10,,,,,
2021-01-25,2401X,PALENCIA,PALENCIA,736,"7,7",,"3,6",21:07,"11,8",11:07,26,"5,0","15,0",09:50,,,,,
2021-01-26,2401X,PALENCIA,PALENCIA,736,"8,1",,"2,8",01:13,"13,4",16:09,26,"1,1","10,6",22:00,,,,,
2021-01-27,2401X,PALENCIA,PALENCIA,736,"12,8",,"9,5",08:24,"16,0",13:01,28,"3,3","10,8",08:20,,,,,
2021-01-28,2401X,PALENCIA,PALENCIA,736,"13,2",,"10,3",08:33,"16,2",14:10,23,"3,6","10,6",13:40,,,,,
2021-01-29,2401X,PALENCIA,PALENCIA,736,"12,4",,"9,0",05:03,"15,9",13:47,26,"3,6","9,7",07:50,,,,,
2021-01-30,2401X,PALENCIA,PALENCIA,736,"7,8",,"5,0",20:36,"10,6",13:42,26,"8,1","20,3",11:10,,,,,
2021-01-31,2401X,PALENCIA,PALENCIA,736,"10,1","0,0","5,7",00:58,"14,5",15:09,26,"6,9","17,2",23:30,,,,,
2021-02-01,2401X,PALENCIA,PALENCIA,736,"10,5","0,0","7,2",07:15,"13,8",13:09,26,"9,2","17,5",02:20,,,,,
2021-02-02,2401X,PALENCIA,PALENCIA,736,"11,2","0,0","9,2",Varias,"13,2",14:36,24,"3,9","15,0",19:10,,,,,
2021-02-03,2401X,PALENCIA,PALENCIA,736,"9,5","5,4","6,8",23:31,"12,2",13:07,26,"4,2","14,2",10:10,,,,,
2021-02-04,2401X,PALENCIA,PALENCIA,736,"6,2","8,4","4,4",20:21,"8,1",10:08,34,"1,1","6,9",14:10,,,,,
2021-02-05,2401X,PALENCIA,PALENCIA,736,"9,0","5,6","5,1",00:01,"12,9",14:07,08,"0,8","7,8",17:10,,,,,
2021-02-06,2401X,PALENCIA,PALENCIA,736,"5,6","2,6","2,9",Varias,"8,4",00:01,04,"2,2","7,8",07:40,,,,,
2021-02-07,2401X,PALENCIA,PALENCIA,736,"3,2","2,6","-0,9",06:04,"7,2",14:36,24,"2,8","9,7",18:20,,,,,
2021-02-08,2401X,PALENCIA,PALENCIA,736,"6,7","3,1","4,6",07:34,"8,8",12:07,26,"6,9","15,8",15:00,,,,,
2021-02-09,2401X,PALENCIA,PALENCIA,736,"5,6","11,8","3,7",Varias,"7,5",Varias,26,"4,4","18,3",11:30,,,,,
2021-02-10,2401X,PALENCIA,PALENCIA,736,"7,2","0,0","3,1",07:26,"11,4",15:03,27,"4,2","13,3",04:10,,,,,
2021-02-11,2401X,PALENCIA,PALENCIA,736,"10,4","6,0","6,1",03:51,"14,6",15:22,24,"2,8","8,1",16:10,,,,,
2021-02-12,2401X,PALENCIA,PALENCIA,736,"8,4","0,0","3,1",23:37,"13,7",14:55,28,"5,6","13,3",04:50,,,,,
2021-02-13,2401X,PALENCIA,PALENCIA,736,"7,8","0,0","1,3",Varias,"14,4",15:07,27,"1,9","6,1",13:10,,,,,
2021-02-14,2401X,PALENCIA,PALENCIA,736,"8,2","0,0","1,1",04:16,"15,4",15:31,16,"1,9","5,6",12:10,,,,,
2021-02-15,2401X,PALENCIA,PALENCIA,736,"9,0","0,0","1,0",07:24,"16,9",15:52,14,"1,9","5,8",13:00,,,,,
2021-02-16,2401X,PALENCIA,PALENCIA,736,"8,8","1,0","3,0",07:01,"14,6",12:01,24,"3,6","11,7",11:50,,,,,
2021-02-17,2401X,PALENCIA,PALENCIA,736,"9,5","0,2","5,8",04:58,"13,2",15:19,24,"1,9","9,2",13:30,,,,,
2021-02-18,2401X,PALENCIA,PALENCIA,736,"8,9","1,2","4,5",06:26,"13,3",13:49,26,"3,9","12,8",11:20,,,,,
2021-02-19,2401X,PALENCIA,PALENCIA,736,"10,1","0,0","3,6",23:47,"16,6",14:16,23,"2,8","10,3",14:10,,,,,
2021-02-20,2401X,PALENCIA,PALENCIA,736,"8,3","0,0","2,7",04:11,"13,9",16:08,21,"1,9","11,9",10:50,,,,,
2021-02-21,2401X,PALENCIA,PALENCIA,736,"8,1","17,6","3,7",23:14,"12,5",11:41,15,"2,8","12,5",05:10,,,,,
2021-02-22,2401X,PALENCIA,PALENCIA,736,"5,6","0,0","0,1",23:21,"11,0",14:32,99,"1,7","7,2",Varias,,,,,
2021-02-23,2401X,PALENCIA,PALENCIA,736,"6,6","0,0","-2,1",07:15,"15,2",15:29,22,"1,1","6,1",14:50,,,,,
2021-02-24,2401X,PALENCIA,PALENCIA,736,"8,0","0,0","-1,1",07:19,"17,1",14:12,17,"2,2","11,1",14:10,,,,,
2021-02-25,2401X,PALENCIA,PALENCIA,736,"8,5","0,0","3,0",03:41,"14,0",14:36,15,"0,8","4,2",12:10,,,,,
2021-02-26,2401X,PALENCIA,PALENCIA,736,"9,9","0,0","5,1",07:17,"14,7",14:40,06,"1,4","6,4",11:10,,,,,
2021-02-27,2401X,PALENCIA,PALENCIA,736,"8,9","0,0","3,2",02:50,"14,6",15:10,04,"1,7","8,3",23:30,,,,,
2021-02-28,2401X,PALENCIA,PALENCIA,736,"6,6","0,2","-0,3",06:59,"13,6",15:08,08,"1,4","9,2",00:10,,,,,
2021-03-01,2401X,PALENCIA,PALENCIA,736,"8,9","0,2","3,2",06:14,"14,6",13:20,99,"2,2","8,6",Varias,,,,,
2021-03-02,2401X,PALENCIA,PALENCIA,736,"10,0","0,0","5,3",04:39,"14,7",13:35,99,"1,4","5,8",Varias,,,,,
2021-03-03,2401X,PALENCIA,PALENCIA,736,"10,0","0,0","3,0",07:00,"16,9",15:04,14,"1,1","4,7",10:30,,,,,
2021-03-04,2401X,PALENCIA,PALENCIA,736,"9,6","0,0","1,4",07:18,"17,7",15:12,13,"1,1","6,1",13:20,,,,,
2021-03-05,2401X,PALENCIA,PALENCIA,736,"8,0","0,0","1,4",06:33,"14,6",14:14,06,"2,2","8,6",17:20,,,,,
2021-03-06,2401X,PALENCIA,PALENCIA,736,"8,6","0,0","2,0",06:25,"15,2",15:33,08,"1,4","5,3",10:30,,,,,
2021-03-07,2401X,PALENCIA,PALENCIA,736,"7,4","5,2","0,1",06:30,"14,7",14:00,07,"1,7","6,1",19:00,,,,,
2021-03-08,2401X,PALENCIA,PALENCIA,736,"6,2","0,0","2,8",Varias,"9,5",13:32,08,"3,6","8,3",05:30,,,,,
2021-03-09,2401X,PALENCIA,PALENCIA,736,"4,1","0,0","-1,6",23:56,"9,8",14:31,08,"1,7","5,8",01:50,,,,,
2021-03-10,2401X,PALENCIA,PALENCIA,736,"6,2","0,0","-3,7",Varias,"16,1",Varias,26,"2,2","7,8",14:10,,,,,
2021-03-11,2401X,PALENCIA,PALENCIA,736,"10,6","0,2","5,4",03:12,"15,7",15:27,24,"5,0","11,9",13:00,,,,,
2021-03-12,2401X,PALENCIA,PALENCIA,736,"8,6","0,0","3,4",22:51,"13,8",13:52,30,"3,6","10,8",15:10,,,,,
2021-03-13,2401X,PALENCIA,PALENCIA,736,"7,0","0,0","0,1",06:39,"14,0",14:48,27,"4,2","9,7",13:00,,,,,
2021-03-14,2401X,PALENCIA,PALENCIA,736,"8,7","0,0","2,1",24:00,"15,3",15:37,30,"2,8","9,2",00:10,,,,,
2021-03-15,2401X,PALENCIA,PALENCIA,736,"7,3","0,0","-1,3",06:40,"15,9",15:08,07,"1,7","7,2",16:20,,,,,
2021-03-16,2401X,PALENCIA,PALENCIA,736,"8,2","0,0","3,4",04:03,"13,1",14:40,06,"3,9","11,7",18:40,,,,,
2021-03-17,2401X,PALENCIA,PALENCIA,736,"9,6","0,0","4,4",01:35,"14,7",14:14,08,"3,6","12,2",10:20,,,,,
2021-03-18,2401X,PALENCIA,PALENCIA,736,"5,6","0,0","0,5",07:00,"10,7",13:06,08,"3,1","13,6",19:20,,,,,
2021-03-19,2401X,PALENCIA,PALENCIA,736,"8,0","0,0","2,8",06:55,"13,2",15:15,04,"3,3","13,6",15:50,,,,,
2021-03-20,2401X,PALENCIA,PALENCIA,736,"4,7","0,0","1,3",Varias,"8,1",14:09,04,"4,2","12,5",16:30,,,,,
2021-03-21,2401X,PALENCIA,PALENCIA,736,"4,6","0,0","0,9",02:13,"8,2",15:44,04,"2,8","10,3",11:10,,,,,
2021-03-22,2401X,PALENCIA,PALENCIA,736,"8,2","0,0","2,3",05:53,"14,2",15:18,04,"2,5","9,4",09:00,,,,,
2021-03-23,2401X,PALENCIA,PALENCIA,736,"8,5","0,0","-2,5",05:14,"19,5",16:53,02,"1,9","6,7",14:20,,,,,
2021-03-24,2401X,PALENCIA,PALENCIA,736,"8,9","0,0","-3,1",06:23,"20,9",14:34,99,"1,7","5,3",Varias,,,,,
2021-03-25,2401X,PALENCIA,PALENCIA,736,"9,8","0,0","-0,1",06:17,"19,6",14:29,29,"1,7","6,1",17:00,,,,,
2021-03-26,2401X,PALENCIA,PALENCIA,736,"9,8","0,0","2,3",05:42,"17,3",15:30,26,"2,8","8,1",14:10,,,,,
2021-03-27,2401X,PALENCIA,PALENCIA,736,"10,8","0,0","3,7",06:30,"17,8",15:29,14,"1,1","7,2",09:10,,,,,
2021-03-28,2401X,PALENCIA,PALENCIA,736,"11,2","0,0","0,2",06:21,"22,2",16:42,12,"1,9","7,8",12:20,,,,,
2021-03-29,2401X,PALENCIA,PALENCIA,736,"13,2","0,0","4,1",05:59,"22,2",15:29,16,"1,7","9,4",17:00,,,,,
2021-03-30,2401X,PALENCIA,PALENCIA,736,"14,6","0,0","7,5",01:27,"21,7",14:31,12,"2,2","8,9",06:00,,,,,
2021-03-31,2401X,PALENCIA,PALENCIA,736,"15,2","0,0","5,2",06:32,"25,2",15:09,10,"2,2","7,2",17:10,,,,,
2021-04-01,2401X,PALENCIA,PALENCIA,736,"16,5","0,0","9,8",06:00,"23,2",16:13,27,"2,2","12,5",22:40,,,,,
2021-04-02,2401X,PALENCIA,PALENCIA,736,"13,6","0,0","7,2",22:11,"20,0",16:14,14,"1,1","7,2",19:00,,,,,
2021-04-03,2401X,PALENCIA,PALENCIA,736,"10,4","0,0","3,3",23:56,"17,6",14:52,08,"3,3","10,3",14:10,,,,,
2021-04-04,2401X,PALENCIA,PALENCIA,736,"10,2","0,0","1,8",01:53,"18,6",14:43,06,"2,2","8,6",10:20,,,,,
2021-04-05,2401X,PALENCIA,PALENCIA,736,"10,2","0,0","-1,3",06:13,"21,6",15:49,32,"0,8","5,6",13:20,,,,,
2021-04-06,2401X,PALENCIA,PALENCIA,736,"8,0","0,0","-0,3",06:00,"16,3",13:45,99,"1,9","8,3",Varias,,,,,
2021-04-07,2401X,PALENCIA,PALENCIA,736,"8,6","0,0","1,0",05:58,"16,1",15:52,06,"2,2","8,6",03:40,,,,,
2021-04-08,2401X,PALENCIA,PALENCIA,736,"10,3","0,2","0,9",04:33,"19,7",14:55,22,"2,2","10,6",17:30,,,,,
2021-04-09,2401X,PALENCIA,PALENCIA,736,"9,8","1,4","5,7",21:52,"14,0",13:31,99,"1,1","7,5",10:30,,,,,
2021-04-10,2401X,PALENCIA,PALENCIA,736,"13,0","4,6","7,1",00:01,"18,9",13:13,25,"1,4","8,9",14:50,,,,,
2021-04-11,2401X,PALENCIA,PALENCIA,736,"6,9","0,0","2,2",23:55,"11,6",13:08,06,"3,1","9,2",16:00,,,,,
2021-04-12,2401X,PALENCIA,PALENCIA,736,"6,4","0,0","-1,7",05:39,"14,6",14:34,05,"1,4","7,8",09:30,,,,,
2021-04-13,2401X,PALENCIA,PALENCIA,736,"6,8","1,8","0,5",04:51,"13,0",15:31,13,"0,8","3,6",14:50,,,,,
2021-04-14,2401X,PALENCIA,PALENCIA,736,"13,3","0,0","7,1",24:00,"19,5",14:04,06,"1,9","7,5",13:30,,,,,
2021-04-15,2401X,PALENCIA,PALENCIA,736,"10,1","0,0","2,8",23:52,"17,4",15:09,05,"2,5","8,6",16:30,,,,,
2021-04-16,2401X,PALENCIA,PALENCIA,736,"6,8","0,0","1,0",23:59,"12,7",13:48,03,"3,3","10,0",09:30,,,,,
2021-04-17,2401X,PALENCIA,PALENCIA,736,"5,5","0,0","-2,1",05:44,"13,1",15:08,07,"1,9","7,5",09:30,,,,,
2021-04-18,2401X,PALENCIA,PALENCIA,736,"8,2","0,0","-2,1",04:02,"18,6",15:50,28,"1,7","5,8",14:20,,,,,
2021-04-19,2401X,PALENCIA,PALENCIA,736,"11,6","2,2","3,8",01:40,"19,5",12:09,29,"1,4","10,8",14:30,,,,,
2021-04-20,2401X,PALENCIA,PALENCIA,736,"11,5","8,6","8,0",23:54,"15,0",15:22,99,"2,2","6,9",Varias,,,,,
2021-04-21,2401X,PALENCIA,PALENCIA,736,"12,4","3,2","7,4",02:41,"17,4",15:36,23,"1,4","9,2",20:10,,,,,
2021-04-22,2401X,PALENCIA,PALENCIA,736,"13,2","0,4","8,9",Varias,"17,4",16:47,06,"1,4","4,7",18:10,,,,,
2021-04-23,2401X,PALENCIA,PALENCIA,736,"11,8","0,0","4,1",05:31,"19,5",15:08,14,"1,1","8,9",18:10,,,,,
2021-04-24,2401X,PALENCIA,PALENCIA,736,"14,4","0,0","6,8",05:39,"22,0",15:08,15,"2,2","8,1",13:50,,,,,
2021-04-25,2401X,PALENCIA,PALENCIA,736,"12,4","0,0","6,8",23:59,"18,1",10:11,14,"1,7","6,9",12:00,,,,,
2021-04-26,2401X,PALENCIA,PALENCIA,736,"13,0","0,0","6,5",23:45,"19,4",13:33,27,"1,4","7,8",15:00,,,,,
2021-04-27,2401X,PALENCIA,PALENCIA,736,"12,0","0,0","6,3",00:23,"17,7",12:07,06,"0,8","7,8",13:30,,,,,
2021-04-28,2401X,PALENCIA,PALENCIA,736,"11,0","18,6","4,8",04:02,"17,1",13:41,12,"1,1","10,3",16:50,,,,,
2021-04-29,2401X,PALENCIA,PALENCIA,736,"9,6","3,4","5,9",21:03,"13,2",17:02,30,"1,1","9,7",18:30,,,,,
2021-04-30,2401X,PALENCIA,PALENCIA,736,"9,7","0,6","5,6",05:17,"13,8",14:29,33,"1,7","8,1",15:10,,,,,
2021-05-01,2401X,PALENCIA,PALENCIA,736,"9,1","0,4","4,8",04:26,"13,4",15:07,27,"1,1","9,4",14:00,,,,,
2021-05-02,2401X,PALENCIA,PALENCIA,736,"9,2","0,0","2,4",05:32,"16,1",15:47,07,"1,4","8,1",19:40,,,,,
2021-05-03,2401X,PALENCIA,PALENCIA,736,"11,1","0,0","4,5",05:47,"17,7",Varias,32,"1,4","6,1",16:10,,,,,
2021-05-04,2401X,PALENCIA,PALENCIA,736,"11,4","0,0","1,2",05:14,"21,6",16:08,27,"1,9","8,9",13:40,,,,,
2021-05-05,2401X,PALENCIA,PALENCIA,736,"12,8","0,0","4,1",05:22,"21,4",16:31,28,"0,8","6,7",15:30,,,,,
2021-05-06,2401X,PALENCIA,PALENCIA,736,"14,2","0,0","4,8",04:51,"23,7",15:17,28,"2,5","10,6",23:10,,,,,
2021-05-07,2401X,PALENCIA,PALENCIA,736,"17,0","0,0","8,2",05:13,"25,7",15:52,31,"2,2","8,6",15:10,,,,,
2021-05-08,2401X,PALENCIA,PALENCIA,736,"18,2","0,0","9,0",03:59,"27,3",16:54,22,"2,2","9,2",12:20,,,,,
2021-05-09,2401X,PALENCIA,PALENCIA,736,"11,4","2,6","5,9",23:59,"16,8",08:47,24,"2,8","13,6",11:40,,,,,
2021-05-10,2401X,PALENCIA,PALENCIA,736,"9,0","2,8","3,0",04:34,"14,9",11:26,27,"3,6","12,8",14:00,,,,,
2021-05-11,2401X,PALENCIA,PALENCIA,736,"9,6","0,6","3,6",05:15,"15,6",15:01,28,"4,4","11,9",13:10,,,,,
2021-05-12,2401X,PALENCIA,PALENCIA,736,"12,6","0,0","7,3",23:59,"17,9",13:49,25,"4,7","15,0",10:10,,,,,
2021-05-13,2401X,PALENCIA,PALENCIA,736,"11,6","12,2","5,6",02:00,"17,7",15:53,27,"4,4","17,5",14:10,,,,,
2021-05-14,2401X,PALENCIA,PALENCIA,736,"13,7","0,0","7,2",05:14,"20,2",15:43,26,"1,9","9,2",22:20,,,,,
2021-05-15,2401X,PALENCIA,PALENCIA,736,"14,6","0,0","10,5",04:51,"18,6",16:10,24,"4,2","15,8",15:20,,,,,
2021-05-16,2401X,PALENCIA,PALENCIA,736,"15,4","0,0","8,4",23:59,"22,3",14:22,27,"5,8","15,8",14:10,,,,,
2021-05-17,2401X,PALENCIA,PALENCIA,736,"14,2","0,0","6,4",01:21,"21,9",15:44,28,"2,5","7,2",03:00,,,,,
2021-05-18,2401X,PALENCIA,PALENCIA,736,"15,9","0,0","7,6",23:48,"24,2",15:03,27,"5,0","14,4",12:30,,,,,
2021-05-19,2401X,PALENCIA,PALENCIA,736,"12,6","0,0","4,6",05:18,"20,7",15:58,06,"1,1","5,8",07:30,,,,,
2021-05-20,2401X,PALENCIA,PALENCIA,736,"15,8","0,0","4,0",03:34,"27,6",Varias,28,"1,4","7,5",16:00,,,,,
2021-05-21,2401X,PALENCIA,PALENCIA,736,"15,8","0,0","8,0",23:55,"23,7",11:38,28,"4,4","15,6",14:30,,,,,
2021-05-22,2401X,PALENCIA,PALENCIA,736,"10,8","0,0","5,8",23:57,"15,7",15:51,28,"3,1","7,2",08:50,,,,,
2021-05-23,2401X,PALENCIA,PALENCIA,736,"11,8","0,0","2,7",04:28,"20,8",16:51,28,"1,9","12,2",21:40,,,,,
2021-05-24,2401X,PALENCIA,PALENCIA,736,"14,6","0,0","7,4",23:52,"21,7",15:31,25,"4,2","11,7",01:10,,,,,
2021-05-25,2401X,PALENCIA,PALENCIA,736,"13,0","0,0","5,3",04:58,"20,7",16:19,05,"2,5","7,2",14:00,,,,,
2021-05-26,2401X,PALENCIA,PALENCIA,736,"16,0","0,0","6,3",01:55,"25,6",16:28,35,"1,7","6,4",16:20,,,,,
2021-05-27,2401X,PALENCIA,PALENCIA,736,"17,6","0,2","6,4",04:55,"28,9",13:41,30,"1,7","6,4",13:50,,,,,
2021-05-28,2401X,PALENCIA,PALENCIA,736,"19,2","0,8","12,5",23:12,"26,0",15:54,08,"1,1","8,9",17:10,,,,,
2021-05-29,2401X,PALENCIA,PALENCIA,736,"19,3","0,0","9,4",04:49,"29,2",14:36,05,"1,4","8,9",17:40,,,,,
2021-05-30,2401X,PALENCIA,PALENCIA,736,"20,7","0,0","12,6",03:47,"28,8",16:27,34,"1,4","9,2",16:30,,,,,
2021-05-31,2401X,PALENCIA,PALENCIA,736,"22,2","3,0","11,4",04:20,"32,9",15:30,26,"1,1","13,9",21:10,,,,,
2021-06-01,2401X,PALENCIA,PALENCIA,736,"17,0","20,2","11,8",23:47,"22,1",11:57,28,"1,7","14,4",12:50,,,,,
2021-06-02,2401X,PALENCIA,PALENCIA,736,"17,0","0,0","9,0",04:04,"24,9",16:50,29,"1,4","7,2",18:50,,,,,
2021-06-03,2401X,PALENCIA,PALENCIA,736,"18,4","5,2","9,7",04:24,"27,0",14:37,12,"1,4","7,8",15:50,,,,,
2021-06-04,2401X,PALENCIA,PALENCIA,736,"15,9","0,0","9,9",23:56,"21,9",16:43,32,"1,9","7,8",14:40,,,,,
2021-06-05,2401X,PALENCIA,PALENCIA,736,"16,6","0,0","7,4",04:45,"25,8",14:55,07,"1,1","6,4",20:50,,,,,
2021-06-06,2401X,PALENCIA,PALENCIA,736,"17,6","0,0","8,5",04:43,"26,7",16:09,07,"2,2","6,4",18:10,,,,,
2021-06-07,2401X,PALENCIA,PALENCIA,736,"19,0","0,0","8,4",04:41,"29,6",15:47,32,"1,4","6,4",13:30,,,,,
2021-06-08,2401X,PALENCIA,PALENCIA,736,"21,2","0,0","10,4",05:00,"32,0",15:01,29,"1,9","8,9",15:10,,,,,
2021-06-09,2401X,PALENCIA,PALENCIA,736,"20,7","0,0","11,2",04:47,"30,2",16:07,08,"2,2","8,1",19:50,,,,,
2021-06-10,2401X,PALENCIA,PALENCIA,736,"21,5","0,0","11,7",04:41,"31,3",15:11,32,"1,9","8,1",15:10,,,,,
2021-06-11,2401X,PALENCIA,PALENCIA,736,"21,5","0,0","14,7",02:36,"28,3",14:24,07,"3,1","10,0",15:00,,,,,
2021-06-12,2401X,PALENCIA,PALENCIA,736,"21,5","0,4","13,4",05:00,"29,6",15:24,07,"2,5","8,9",16:50,,,,,
2021-06-13,2401X,PALENCIA,PALENCIA,736,"22,9","0,8","14,0",04:55,"31,8",15:34,99,"1,9","12,8",20:30,,,,,
2021-06-14,2401X,PALENCIA,PALENCIA,736,"21,6","5,4","14,4",04:13,"28,9",14:47,06,"1,4","9,7",16:10,,,,,
2021-06-15,2401X,PALENCIA,PALENCIA,736,"22,2","12,0","12,6",04:13,"31,8",13:42,12,"1,4","16,4",16:30,,,,,
2021-06-16,2401X,PALENCIA,PALENCIA,736,"21,2","7,8","15,0",Varias,"27,5",13:13,25,"2,2","11,1",15:10,,,,,
2021-06-17,2401X,PALENCIA,PALENCIA,736,"17,1","2,4","13,7",23:41,"20,5",16:20,21,"1,7","9,2",14:40,,,,,
2021-06-18,2401X,PALENCIA,PALENCIA,736,"18,0","8,2","11,6",23:41,"24,3",13:38,15,"1,9","9,7",12:00,,,,,
2021-06-19,2401X,PALENCIA,PALENCIA,736,"15,6","0,6","9,0",04:47,"22,2",16:08,28,"2,5","8,3",16:10,,,,,
2021-06-20,2401X,PALENCIA,PALENCIA,736,"15,6","6,0","11,6",Varias,"19,5",17:15,24,"4,4","16,1",16:10,,,,,
2021-06-21,2401X,PALENCIA,PALENCIA,736,"15,2","1,2","10,9",01:43,"19,6",12:51,26,"3,6","10,0",Varias,,,,,
2021-06-22,2401X,PALENCIA,PALENCIA,736,"15,6","0,2","9,8",04:10,"21,3",13:52,33,"1,9","8,9",15:00,,,,,
2021-06-23,2401X,PALENCIA,PALENCIA,736,"15,4","0,0","10,4",23:58,"20,4",17:08,07,"1,9","8,6",18:10,,,,,
2021-06-24,2401X,PALENCIA,PALENCIA,736,"16,1","0,0","7,5",04:45,"24,7",16:37,34,"2,2","7,5",15:30,,,,,
2021-06-25,2401X,PALENCIA,PALENCIA,736,"19,6","0,0","9,7",04:56,"29,4",16:47,28,"1,7","6,9",16:30,,,,,
2021-06-26,2401X,PALENCIA,PALENCIA,736,"21,2","0,0","11,7",05:00,"30,8",14:13,99,"3,9","12,2",Varias,,,,,
2021-06-27,2401X,PALENCIA,PALENCIA,736,"18,2","0,0","11,7",04:53,"24,7",14:25,30,"4,4","13,6",17:10,,,,,
2021-06-28,2401X,PALENCIA,PALENCIA,736,"15,2","0,0","7,3",04:51,"23,1",15:26,26,"3,6","8,9",11:00,,,,,
2021-06-29,2401X,PALENCIA,PALENCIA,736,"17,4","0,0","8,3",05:11,"26,5",16:09,34,"1,9","7,5",12:10,,,,,
2021-06-30,2401X,PALENCIA,PALENCIA,736,"19,6","0,0","9,1",04:54,"30,0",15:56,26,"2,5","8,3",16:40,,,,,
2021-07-01,2401X,PALENCIA,PALENCIA,736,"21,2","0,0","10,4",04:53,"31,9",15:35,31,"1,7","8,3",17:10,,,,,
2021-07-02,2401X,PALENCIA,PALENCIA,736,"22,0","0,2","11,3",04:46,"32,6",15:45,29,"3,1","11,1",16:40,,,,,
2021-07-03,2401X,PALENCIA,PALENCIA,736,"22,0","0,0","16,3",05:16,"27,6",16:22,26,"3,3","13,6",15:10,,,,,
2021-07-04,2401X,PALENCIA,PALENCIA,736,"20,2","0,0","11,9",04:28,"28,5",16:09,25,"4,2","11,9",20:10,,,,,
2021-07-05,2401X,PALENCIA,PALENCIA,736,"22,1","0,0","13,1",04:18,"31,1",15:34,30,"4,7","14,7",17:40,,,,,
2021-07-06,2401X,PALENCIA,PALENCIA,736,"19,6","0,0","13,7",23:57,"25,5",16:34,26,"3,6","12,2",12:50,,,,,
2021-07-07,2401X,PALENCIA,PALENCIA,736,"17,4","0,0","11,2",24:00,"23,6",14:44,28,"2,5","10,3",10:10,,,,,
2021-07-08,2401X,PALENCIA,PALENCIA,736,"17,4","0,0","8,2",04:44,"26,5",17:16,34,"1,4","5,8",13:50,,,,,
2021-07-09,2401X,PALENCIA,PALENCIA,736,"20,2","0,0","9,2",04:46,"31,2",16:33,32,"1,9","6,4",16:00,,,,,
2021-07-10,2401X,PALENCIA,PALENCIA,736,"22,1","0,0","11,9",04:51,"32,3",15:11,99,"1,9","7,5",Varias,,,,,
2021-07-11,2401X,PALENCIA,PALENCIA,736,"23,6","0,0","12,2",05:01,"34,9",16:07,28,"3,6","14,2",16:20,,,,,
2021-07-12,2401X,PALENCIA,PALENCIA,736,"16,6","0,0","10,4",24:00,"22,9",15:04,99,"5,3","11,7",Varias,,,,,
2021-07-13,2401X,PALENCIA,PALENCIA,736,"15,8","0,0","6,2",04:59,"25,4",17:12,34,"1,4","7,5",10:00,,,,,
2021-07-14,2401X,PALENCIA,PALENCIA,736,"16,8","0,0","9,4",05:04,"24,1",14:52,99,"2,8","7,8",Varias,,,,,
2021-07-15,2401X,PALENCIA,PALENCIA,736,"19,2","0,0","10,2",04:53,"28,3",16:50,08,"2,5","8,6",17:10,,,,,
2021-07-16,2401X,PALENCIA,PALENCIA,736,"20,6","0,0","9,2",05:03,"32,1",16:22,33,"1,4","7,5",15:10,,,,,
2021-07-17,2401X,PALENCIA,PALENCIA,736,"23,1","0,0","12,2",05:05,"34,0",Varias,32,"1,9","7,8",13:50,,,,,
2021-07-18,2401X,PALENCIA,PALENCIA,736,"22,6","0,0","13,0",04:26,"32,2",16:07,35,"2,2","8,1",13:30,,,,,
2021-07-19,2401X,PALENCIA,PALENCIA,736,"24,2","0,0","15,4",05:27,"32,9",16:29,05,"1,9","7,2",11:00,,,,,
2021-07-20,2401X,PALENCIA,PALENCIA,736,"24,6","0,0","13,1",04:43,"36,2",15:32,22,"1,9","7,5",13:10,,,,,
2021-07-21,2401X,PALENCIA,PALENCIA,736,"24,8","0,0","13,7",05:16,"36,0",15:58,27,"2,2","9,7",14:20,,,,,
2021-07-22,2401X,PALENCIA,PALENCIA,736,"25,4","0,0","14,7",05:15,"36,2",Varias,24,"2,5","10,8",14:00,,,,,
2021-07-23,2401X,PALENCIA,PALENCIA,736,"22,5","0,0","16,2",Varias,"28,8",13:48,26,"3,6","11,7",15:10,,,,,
2021-07-24,2401X,PALENCIA,PALENCIA,736,"18,9","0,0","10,5",04:57,"27,3",16:37,30,"2,5","8,3",10:10,,,,,
2021-07-25,2401X,PALENCIA,PALENCIA,736,"20,2","0,0","12,1",03:15,"28,3",16:53,32,"1,7","7,2",14:20,,,,,
2021-07-26,2401X,PALENCIA,PALENCIA,736,"21,2","0,0","14,1",05:21,"28,2",15:29,07,"2,2","7,2",07:20,,,,,
2021-07-27,2401X,PALENCIA,PALENCIA,736,"21,4","0,0","12,1",04:27,"30,7",Varias,08,"1,7","8,1",18:30,,,,,
2021-07-28,2401X,PALENCIA,PALENCIA,736,"21,9","0,0","13,1",05:13,"30,7",17:07,08,"2,5","8,6",07:10,,,,,
2021-07-29,2401X,PALENCIA,PALENCIA,736,"23,1","0,0","13,0",04:41,"33,2",15:20,27,"3,1","10,6",15:50,,,,,
2021-07-30,2401X,PALENCIA,PALENCIA,736,"21,9","0,0","13,0",05:13,"30,8",15:36,99,"1,7","7,5",Varias,,,,,
2021-07-31,2401X,PALENCIA,PALENCIA,736,"15,0","0,0","10,6",23:31,"19,5",16:19,08,"2,8","8,3",07:30,,,,,
2021-08-01,2401X,PALENCIA,PALENCIA,736,"16,6","0,0","8,2",05:18,"25,0",16:15,26,"1,7","7,5",11:40,,,,,
2021-08-02,2401X,PALENCIA,PALENCIA,736,"20,2","0,0","12,7",Varias,"27,8",16:24,35,"1,1","6,1",21:00,,,,,
2021-08-03,2401X,PALENCIA,PALENCIA,736,"20,1","0,0","10,8",05:19,"29,4",15:29,24,"3,1","9,4",12:30,,,,,
2021-08-04,2401X,PALENCIA,PALENCIA,736,"22,3","0,0","15,2",24:00,"29,4",16:22,30,"3,9","10,6",13:40,,,,,
2021-08-05,2401X,PALENCIA,PALENCIA,736,"21,6","0,0","10,7",05:13,"32,6",15:07,26,"3,6","13,9",16:20,,,,,
2021-08-06,2401X,PALENCIA,PALENCIA,736,"19,6","0,0","9,7",05:31,"29,4",15:26,26,"2,5","10,3",19:00,,,,,
2021-08-07,2401X,PALENCIA,PALENCIA,736,"19,2","0,0","12,2",05:23,"26,1",13:42,27,"3,3","8,9",12:00,,,,,
2021-08-08,2401X,PALENCIA,PALENCIA,736,"18,4","0,0","9,4",05:33,"27,5",17:05,32,"1,4","5,8",17:30,,,,,
2021-08-09,2401X,PALENCIA,PALENCIA,736,"20,4","0,0","8,9",05:30,"32,0",15:17,31,"1,7","6,1",17:30,,,,,
2021-08-10,2401X,PALENCIA,PALENCIA,736,"23,8","0,0","13,4",04:04,"34,2",Varias,29,"1,4","8,6",14:40,,,,,
2021-08-11,2401X,PALENCIA,PALENCIA,736,"24,8","0,0","13,8",05:18,"35,8",15:56,33,"0,8","5,0",16:10,,,,,
2021-08-12,2401X,PALENCIA,PALENCIA,736,"27,0","0,0","18,4",05:25,"35,7",14:35,27,"2,5","10,3",12:20,,,,,
2021-08-13,2401X,PALENCIA,PALENCIA,736,"26,8","0,0","15,1",05:39,"38,5",16:09,28,"1,4","8,6",16:20,,,,,
2021-08-14,2401X,PALENCIA,PALENCIA,736,"26,6","0,0","15,2",05:47,"38,1",13:49,29,"2,5","10,3",16:30,,,,,
2021-08-15,2401X,PALENCIA,PALENCIA,736,"24,8","0,0","14,7",04:56,"35,0",15:16,07,"1,7","8,3",19:40,,,,,
2021-08-16,2401X,PALENCIA,PALENCIA,736,"20,2","0,0","12,7",Varias,"27,6",14:54,08,"2,8","8,9",15:50,,,,,
2021-08-17,2401X,PALENCIA,PALENCIA,736,"19,1","0,0","11,9",23:56,"26,3",15:09,08,"3,3","9,2",08:00,,,,,
2021-08-18,2401X,PALENCIA,PALENCIA,736,"18,8","0,0","10,2",05:03,"27,3",15:25,08,"2,5","6,9",07:40,,,,,
2021-08-19,2401X,PALENCIA,PALENCIA,736,"20,4","0,0","10,7",05:08,"30,2",15:40,06,"1,4","5,8",00:40,,,,,
2021-08-20,2401X,PALENCIA,PALENCIA,736,"22,0","0,0","10,9",05:13,"33,1",13:53,30,"1,9","8,6",13:40,,,,,
2021-08-21,2401X,PALENCIA,PALENCIA,736,"21,1","0,0","10,0",05:33,"32,2",15:08,29,"1,7","7,2",14:20,,,,,
2021-08-22,2401X,PALENCIA,PALENCIA,736,"22,6","0,0","12,6",05:48,"32,5",15:11,03,"1,9","8,6",17:30,,,,,
2021-08-23,2401X,PALENCIA,PALENCIA,736,"21,4","0,0","14,1",05:52,"28,7",13:51,06,"2,8","7,5",15:20,,,,,
2021-08-24,2401X,PALENCIA,PALENCIA,736,"20,6","0,0","12,2",04:51,"28,9",14:40,06,"2,5","7,5",09:10,,,,,
2021-08-25,2401X,PALENCIA,PALENCIA,736,"20,8","0,0","10,2",05:50,"31,5",15:54,33,"1,1","5,6",16:40,,,,,
2021-08-26,2401X,PALENCIA,PALENCIA,736,"23,5","0,0","14,8",05:56,"32,2",14:07,99,"1,4","5,6",Varias,,,,,
2021-08-27,2401X,PALENCIA,PALENCIA,736,"25,0","0,0","16,9",05:17,"33,2",14:25,06,"1,9","5,8",18:50,,,,,
2021-08-28,2401X,PALENCIA,PALENCIA,736,"22,1","0,0","12,4",05:49,"31,8",14:57,99,"1,4","6,1",Varias,,,,,
2021-08-29,2401X,PALENCIA,PALENCIA,736,"21,2","0,0","12,3",Varias,"30,2",15:09,34,"1,4","6,4",16:30,,,,,
2021-08-30,2401X,PALENCIA,PALENCIA,736,"20,6","0,0","11,9",05:22,"29,3",14:28,35,"1,4","7,5",15:40,,,,,
2021-08-31,2401X,PALENCIA,PALENCIA,736,"21,4","16,2","11,3",05:56,"31,5",16:12,14,"0,8","14,7",20:20,,,,,
2021-09-01,2401X,PALENCIA,PALENCIA,736,"20,2","0,0","15,8",05:32,"24,7",14:21,32,"1,9","8,6",13:50,,,,,
2021-09-02,2401X,PALENCIA,PALENCIA,736,"18,8","0,0","15,0",05:47,"22,7",13:25,23,"1,1","5,8",11:10,,,,,
2021-09-03,2401X,PALENCIA,PALENCIA,736,"20,4","0,0","13,7",23:57,"27,1",14:54,28,"1,9","6,9",15:20,,,,,
2021-09-04,2401X,PALENCIA,PALENCIA,736,"20,3","0,0","10,7",05:52,"29,9",14:48,30,"1,7","7,2",15:00,,,,,
2021-09-05,2401X,PALENCIA,PALENCIA,736,"21,0","0,0","10,1",05:53,"32,0",15:25,14,"0,6","5,3",14:20,,,,,
2021-09-06,2401X,PALENCIA,PALENCIA,736,"23,8","0,0","15,1",04:27,"32,6",14:08,20,"1,7","10,8",16:20,,,,,
2021-09-07,2401X,PALENCIA,PALENCIA,736,"23,4","0,0","15,2",04:24,"31,7",14:07,24,"3,3","11,4",16:00,,,,,
2021-09-08,2401X,PALENCIA,PALENCIA,736,"20,3","0,0","14,4",01:38,"26,2",15:07,28,"2,8","9,4",13:30,,,,,
2021-09-09,2401X,PALENCIA,PALENCIA,736,"20,4","0,4","14,9",06:11,"26,0",14:00,28,"3,1","11,7",21:00,,,,,
2021-09-10,2401X,PALENCIA,PALENCIA,736,"18,7","0,0","11,7",06:33,"25,7",15:51,27,"0,8","6,4",02:40,,,,,
2021-09-11,2401X,PALENCIA,PALENCIA,736,"17,5","0,0","9,5",04:38,"25,5",13:04,22,"0,8","5,6",16:10,,,,,
2021-09-12,2401X,PALENCIA,PALENCIA,736,"19,6","0,0","8,9",05:49,"30,2",16:07,21,"0,8","6,4",13:10,,,,,
2021-09-13,2401X,PALENCIA,PALENCIA,736,"21,2","28,0","13,8",04:01,"28,5",11:43,20,"1,9","11,4",13:30,,,,,
2021-09-14,2401X,PALENCIA,PALENCIA,736,"15,5","6,6","12,6",23:59,"18,4",15:07,27,"2,8","13,9",02:20,,,,,
2021-09-15,2401X,PALENCIA,PALENCIA,736,"17,2","0,0","11,1",05:21,"23,2",14:43,31,"0,6","4,4",14:10,,,,,
2021-09-16,2401X,PALENCIA,PALENCIA,736,"18,4","0,0","12,5",23:49,"24,3",15:45,02,"1,1","5,8",15:00,,,,,
2021-09-17,2401X,PALENCIA,PALENCIA,736,"17,6","3,2","9,7",06:11,"25,5",14:12,28,"2,8","10,0",19:40,,,,,
2021-09-18,2401X,PALENCIA,PALENCIA,736,"15,4","0,0","9,2",23:58,"21,5",14:09,26,"1,9","8,6",15:00,,,,,
2021-09-19,2401X,PALENCIA,PALENCIA,736,"14,2","0,0","5,8",05:45,"22,7",15:35,31,"0,3","3,9",15:20,,,,,
2021-09-20,2401X,PALENCIA,PALENCIA,736,"14,4","2,6","8,7",22:45,"20,1",13:27,06,"1,1","8,9",16:20,,,,,
2021-09-21,2401X,PALENCIA,PALENCIA,736,"12,8","0,2","7,6",06:13,"18,0",13:59,08,"3,3","11,7",12:10,,,,,
2021-09-22,2401X,PALENCIA,PALENCIA,736,"15,4","0,2","10,4",05:22,"20,5",15:22,08,"2,2","9,2",12:50,,,,,
2021-09-23,2401X,PALENCIA,PALENCIA,736,"16,8","5,8","9,6",06:23,"24,1",15:10,08,"2,2","9,2",14:50,,,,,
2021-09-24,2401X,PALENCIA,PALENCIA,736,"16,2","5,4","12,3",24:00,"20,0",15:43,12,"1,1","6,1",16:00,,,,,
2021-09-25,2401X,PALENCIA,PALENCIA,736,"14,9","5,0","10,5",04:14,"19,3",12:46,21,"2,8","9,2",14:20,,,,,
2021-09-26,2401X,PALENCIA,PALENCIA,736,"16,0","0,0","10,5",04:55,"21,4",15:46,20,"1,1","5,6",01:50,,,,,
2021-09-27,2401X,PALENCIA,PALENCIA,736,"16,2","0,0","10,5",05:24,"21,8",14:08,22,"0,6","5,0",08:10,,,,,
2021-09-28,2401X,PALENCIA,PALENCIA,736,"17,1","0,0","10,9",23:55,"23,3",14:10,28,"2,2","8,3",20:10,,,,,
2021-09-29,2401X,PALENCIA,PALENCIA,736,"14,8","0,0","7,8",06:42,"21,7",15:42,99,"0,8","4,2",Varias,,,,,
2021-09-30,2401X,PALENCIA,PALENCIA,736,"15,8","0,0","9,2",23:50,"22,5",15:11,32,"0,8","4,2",Varias,,,,,
2021-10-01,2401X,PALENCIA,PALENCIA,736,"16,4","0,0","8,7",06:17,"24,0",Varias,99,"1,9","6,7",12:40,,,,,
2021-10-02,2401X,PALENCIA,PALENCIA,736,"16,4","7,2","9,7",03:56,"23,1",13:13,24,"1,9","10,0",14:10,,,,,
2021-10-03,2401X,PALENCIA,PALENCIA,736,"11,2","2,8","5,0",23:56,"17,3",14:08,32,"2,8","11,4",12:10,,,,,
2021-10-04,2401X,PALENCIA,PALENCIA,736,"11,2","0,0","4,1",02:15,"18,4",15:18,26,"1,7","7,5",13:00,,,,,
2021-10-05,2401X,PALENCIA,PALENCIA,736,"14,7","0,0","9,4",23:53,"20,0",12:10,28,"3,9","10,0",08:40,,,,,
2021-10-06,2401X,PALENCIA,PALENCIA,736,"13,2","0,0","5,9",06:36,"20,5",15:30,25,"0,6","6,1",12:50,,,,,
2021-10-07,2401X,PALENCIA,PALENCIA,736,"14,4","0,0","3,6",06:32,"25,1",15:22,99,"0,3","3,9",09:50,,,,,
2021-10-08,2401X,PALENCIA,PALENCIA,736,"15,1","0,0","5,5",05:25,"24,7",14:04,08,"0,6","4,7",12:30,,,,,
2021-10-09,2401X,PALENCIA,PALENCIA,736,"13,2","0,0","3,1",05:49,"23,3",14:08,07,"0,6","5,8",23:40,,,,,
2021-10-10,2401X,PALENCIA,PALENCIA,736,"13,4","0,0","6,8",03:29,"20,1",15:14,08,"1,7","6,7",09:20,,,,,
2021-10-11,2401X,PALENCIA,PALENCIA,736,"12,4","0,0","3,5",06:14,"21,4",14:59,04,"0,8","5,3",16:40,,,,,
2021-10-12,2401X,PALENCIA,PALENCIA,736,"12,8","0,0","2,7",06:48,"22,8",14:31,07,"1,1","7,5",15:30,,,,,
2021-10-13,2401X,PALENCIA,PALENCIA,736,"13,8","0,0","6,2",05:53,"21,3",15:02,05,"1,1","5,6",09:10,,,,,
2021-10-14,2401X,PALENCIA,PALENCIA,736,"11,6","0,0","0,1",06:45,"23,0",14:33,27,"0,3","3,9",15:00,,,,,
2021-10-15,2401X,PALENCIA,PALENCIA,736,"12,7","0,0","2,3",06:39,"23,1",14:39,31,"0,6","5,6",14:10,,,,,
2021-10-16,2401X,PALENCIA,PALENCIA,736,"9,9","3,4","3,8",03:01,"16,0",15:52,30,"0,0","2,8",15:50,,,,,
2021-10-17,2401X,PALENCIA,PALENCIA,736,"13,5","0,0","7,9",23:57,"19,1",14:20,15,"0,3","3,3",09:10,,,,,
2021-10-18,2401X,PALENCIA,PALENCIA,736,"12,6","0,2","7,4",01:00,"17,9",16:09,15,"0,3","2,5",01:10,,,,,
2021-10-19,2401X,PALENCIA,PALENCIA,736,"17,4","0,0","9,2",05:39,"25,5",15:14,30,"0,8","6,4",14:00,,,,,
2021-10-20,2401X,PALENCIA,PALENCIA,736,"18,3","0,4","12,5",23:57,"24,1",13:11,27,"3,6","15,3",15:20,,,,,
2021-10-21,2401X,PALENCIA,PALENCIA,736,"13,3","0,0","7,8",23:40,"18,8",15:14,26,"1,4","7,5",02:30,,,,,
2021-10-22,2401X,PALENCIA,PALENCIA,736,"9,7","0,0","3,3",06:52,"16,1",15:16,08,"1,7","6,7",13:40,,,,,
2021-10-23,2401X,PALENCIA,PALENCIA,736,"9,1","0,0","1,4",06:52,"16,8",15:14,30,"1,4","4,7",13:10,,,,,
2021-10-24,2401X,PALENCIA,PALENCIA,736,"9,8","0,0","-0,4",06:49,"19,9",15:16,26,"0,8","6,1",12:30,,,,,
2021-10-25,2401X,PALENCIA,PALENCIA,736,"11,4","0,0","3,4",01:07,"19,4",13:50,26,"1,4","5,0",12:30,,,,,
2021-10-26,2401X,PALENCIA,PALENCIA,736,"11,7","0,0","3,1",06:57,"20,3",15:07,07,"0,6","3,3",11:00,,,,,
2021-10-27,2401X,PALENCIA,PALENCIA,736,"10,3","0,0","0,0",07:00,"20,6",14:07,28,"1,1","5,6",14:20,,,,,
2021-10-28,2401X,PALENCIA,PALENCIA,736,"10,4","1,6","0,7",07:03,"20,0",13:28,27,"1,7","8,1",14:00,,,,,
2021-10-29,2401X,PALENCIA,PALENCIA,736,"12,4","12,6","10,0",06:33,"14,7",13:07,21,"2,8","9,7",09:10,,,,,
2021-10-30,2401X,PALENCIA,PALENCIA,736,"13,0","4,0","10,1",21:57,"15,8",12:30,21,"3,6","13,3",01:40,,,,,
2021-10-31,2401X,PALENCIA,PALENCIA,736,"14,6","10,4","10,6",01:13,"18,5",13:53,26,"5,3","18,3",15:10,,,,,
2021-11-01,2401X,PALENCIA,PALENCIA,736,"10,6","0,0","7,1",23:56,"14,1",14:20,27,"4,4","11,4",13:00,,,,,
2021-11-02,2401X,PALENCIA,PALENCIA,736,"9,3","0,4","5,1",23:49,"13,5",12:34,25,"4,7","12,5",18:30,,,,,
2021-11-03,2401X,PALENCIA,PALENCIA,736,"7,1","0,0","2,3",22:52,"11,9",14:11,28,"4,4","9,7",Varias,,,,,
2021-11-04,2401X,PALENCIA,PALENCIA,736,"6,2","0,2","0,8",23:48,"11,6",13:23,32,"1,9","8,3",15:30,,,,,
2021-11-05,2401X,PALENCIA,PALENCIA,736,"4,0","0,6","-1,9",06:41,"9,8",13:22,08,"1,1","6,1",16:50,,,,,
2021-11-06,2401X,PALENCIA,PALENCIA,736,"5,4","0,0","0,7",00:01,"10,2",14:32,06,"2,2","9,2",11:10,,,,,
2021-11-07,2401X,PALENCIA,PALENCIA,736,"6,6","0,0","1,9",05:59,"11,2",14:23,04,"2,2","10,0",13:10,,,,,
2021-11-08,2401X,PALENCIA,PALENCIA,736,"7,7","0,0","1,0",08:01,"14,4",14:45,30,"0,8","6,4",14:00,,,,,
2021-11-09,2401X,PALENCIA,PALENCIA,736,"9,4","0,0","4,0",Varias,"14,7",15:08,02,"1,7","7,2",11:10,,,,,
2021-11-10,2401X,PALENCIA,PALENCIA,736,"6,3","0,0","-1,4",07:23,"14,0",14:36,34,"1,4","3,3",13:00,,,,,
2021-11-11,2401X,PALENCIA,PALENCIA,736,"5,9","0,0","-1,9",Varias,"13,7",14:40,31,"1,1","3,6",13:10,,,,,
2021-11-12,2401X,PALENCIA,PALENCIA,736,"5,8","0,0","0,4",23:56,"11,3",15:43,99,"0,3","3,3",10:50,,,,,
2021-11-13,2401X,PALENCIA,PALENCIA,736,"7,2","0,0","-0,1",01:10,"14,6",14:37,06,"0,8","5,8",13:00,,,,,
2021-11-14,2401X,PALENCIA,PALENCIA,736,"6,8","0,0","0,6",07:19,"13,1",14:42,32,"1,7","5,8",12:10,,,,,
2021-11-15,2401X,PALENCIA,PALENCIA,736,"6,2","0,0","0,0",07:04,"12,4",12:28,07,"1,1","8,9",15:10,,,,,
2021-11-16,2401X,PALENCIA,PALENCIA,736,"7,9","0,0","5,7",01:11,"10,1",14:29,08,"2,2","9,7",12:20,,,,,
2021-11-17,2401X,PALENCIA,PALENCIA,736,"7,8","0,0","5,3",01:49,"10,4",12:27,08,"3,1","11,7",10:30,,,,,
2021-11-18,2401X,PALENCIA,PALENCIA,736,"6,5","0,0","1,2",24:00,"11,8",14:09,08,"1,7","8,9",11:40,,,,,
2021-11-19,2401X,PALENCIA,PALENCIA,736,"6,8","0,0","-1,4",07:39,"14,9",14:37,12,"1,1","4,4",13:30,,,,,
2021-11-20,2401X,PALENCIA,PALENCIA,736,"6,9","0,0","-1,2",07:30,"15,0",14:24,07,"0,6","3,6",14:00,,,,,
2021-11-21,2401X,PALENCIA,PALENCIA,736,"6,3","5,6","-0,9",07:36,"13,5",Varias,30,"1,1","3,3",14:40,,,,,
2021-11-22,2401X,PALENCIA,PALENCIA,736,"3,8","10,0","2,1",06:15,"5,6",14:35,04,"2,2","9,2",19:30,,,,,
2021-11-23,2401X,PALENCIA,PALENCIA,736,"4,2","16,4","2,9",08:01,"5,4",Varias,05,"3,3","10,0",06:10,,,,,
2021-11-24,2401X,PALENCIA,PALENCIA,736,"2,4","11,2","0,3",08:42,"4,4",00:08,07,"0,6","3,9",00:10,,,,,
2021-11-25,2401X,PALENCIA,PALENCIA,736,"4,6","0,0","1,3",Varias,"8,0",13:08,31,"0,8","5,0",02:40,,,,,
2021-11-26,2401X,PALENCIA,PALENCIA,736,"3,6","0,0","-1,2",03:44,"8,5",14:36,28,"2,8","12,5",23:10,,,,,
2021-11-27,2401X,PALENCIA,PALENCIA,736,"2,8","0,2","-0,2",23:35,"5,7",13:00,25,"6,4","14,7",06:10,,,,,
2021-11-28,2401X,PALENCIA,PALENCIA,736,"2,8","0,0","-1,0",03:03,"6,7",13:54,99,"7,2","15,0",Varias,,,,,
2021-11-29,2401X,PALENCIA,PALENCIA,736,"6,2","0,0","-0,2",23:40,"12,7",12:51,28,"5,6","15,3",00:50,,,,,
2021-11-30,2401X,PALENCIA,PALENCIA,736,"4,1","0,0","-3,0",06:55,"11,2",14:27,24,"0,6","4,2",17:10,,,,,
2021-12-01,2401X,PALENCIA,PALENCIA,736,"3,8","3,0","-0,9",00:01,"8,5",11:46,26,"3,9","12,5",13:20,,,,,
2021-12-02,2401X,PALENCIA,PALENCIA,736,"3,7","0,0","-0,5",19:59,"7,9",13:43,28,"1,4","13,3",02:10,,,,,
2021-12-03,2401X,PALENCIA,PALENCIA,736,"5,3","0,0","-0,4",07:17,"11,0",13:57,29,"1,4","10,8",23:30,,,,,
2021-12-04,2401X,PALENCIA,PALENCIA,736,"8,4","0,0","3,3",23:51,"13,4",14:09,28,"6,7","13,3",21:50,,,,,
2021-12-05,2401X,PALENCIA,PALENCIA,736,"6,8","0,0","2,9",07:16,"10,8",14:17,26,"5,3","15,6",04:10,,,,,
2021-12-06,2401X,PALENCIA,PALENCIA,736,"7,4","0,8","3,2",05:42,"11,5",12:25,27,"5,0","11,7",00:10,,,,,
2021-12-07,2401X,PALENCIA,PALENCIA,736,"8,0","9,4","4,1",22:51,"11,8",11:09,26,"5,8","16,9",12:10,,,,,
2021-12-08,2401X,PALENCIA,PALENCIA,736,"3,6","0,0","1,7",06:43,"5,6",14:35,27,"5,8","15,0",06:10,,,,,
2021-12-09,2401X,PALENCIA,PALENCIA,736,"7,4","0,0","2,9",00:58,"11,8",13:33,27,"6,1","17,2",20:10,,,,,
2021-12-10,2401X,PALENCIA,PALENCIA,736,"9,5","0,0","5,2",22:31,"13,8",12:53,27,"8,6","19,7",06:10,,,,,
2021-12-11,2401X,PALENCIA,PALENCIA,736,"9,4","0,0","4,4",02:04,"14,3",14:33,27,"2,2","10,3",04:50,,,,,
2021-12-12,2401X,PALENCIA,PALENCIA,736,"7,5","0,0","3,1",19:42,"11,9",14:24,29,"1,4","3,1",14:00,,,,,
2021-12-13,2401X,PALENCIA,PALENCIA,736,"4,7","0,0","2,8",23:55,"6,6",00:01,35,"0,6","2,8",17:10,,,,,
2021-12-14,2401X,PALENCIA,PALENCIA,736,"5,0","0,0","0,0",08:23,"9,9",14:50,15,"0,8","3,6",10:20,,,,,
2021-12-15,2401X,PALENCIA,PALENCIA,736,"5,3","0,0","-3,2",07:54,"13,8",14:46,24,"0,6","2,8",16:50,,,,,
2021-12-16,2401X,PALENCIA,PALENCIA,736,"6,6","0,0","-2,0",Varias,"15,2",14:47,13,"1,1","6,1",12:40,,,,,
2021-12-17,2401X,PALENCIA,PALENCIA,736,"6,4","0,0","-2,8",07:22,"15,5",14:43,07,"0,8","3,6",12:20,,,,,
2021-12-18,2401X,PALENCIA,PALENCIA,736,"2,8","0,0","-4,6",07:50,"10,3",13:12,13,"1,1","4,2",12:10,,,,,
2021-12-19,2401X,PALENCIA,PALENCIA,736,"4,0","0,0","-3,2",Varias,"11,3",14:55,34,"0,8","2,8",00:50,,,,,
2021-12-20,2401X,PALENCIA,PALENCIA,736,"3,5","0,4","-3,1",05:21,"10,1",14:14,12,"0,8","2,8",13:00,,,,,
2021-12-21,2401X,PALENCIA,PALENCIA,736,"8,8","0,2","4,9",02:28,"12,7",14:42,36,"0,6","3,3",13:00,,,,,
2021-12-22,2401X,PALENCIA,PALENCIA,736,"8,2","0,0","1,5",04:36,"14,9",12:37,28,"1,4","6,1",13:20,,,,,
2021-12-23,2401X,PALENCIA,PALENCIA,736,"8,4","6,4","6,5",00:01,"10,4",11:23,21,"1,7","7,2",22:10,,,,,
2021-12-24,2401X,PALENCIA,PALENCIA,736,"7,8","0,4","4,4",07:23,"11,1",14:37,20,"1,1","5,0",23:40,,,,,
2021-12-25,2401X,PALENCIA,PALENCIA,736,"7,8","2,0","5,0",05:52,"10,6",15:07,14,"1,4","5,3",13:30,,,,,
2021-12-26,2401X,PALENCIA,PALENCIA,736,"8,9","10,2","5,9",05:46,"11,9",20:49,24,"2,8","13,6",23:59,,,,,
2021-12-27,2401X,PALENCIA,PALENCIA,736,"10,5","0,0","8,8",23:41,"12,2",15:31,24,"6,1","14,2",00:10,,,,,
2021-12-28,2401X,PALENCIA,PALENCIA,736,"10,5","0,0","6,9",21:49,"14,1",13:29,26,"3,9","16,7",12:10,,,,,
2021-12-29,2401X,PALENCIA,PALENCIA,736,"9,2","0,0","5,8",24:00,"12,7",15:07,14,"1,4","5,0",07:00,,,,,
2021-12-30,2401X,PALENCIA,PALENCIA,736,"7,6","0,2","3,9",21:38,"11,4",16:07,14,"0,8","3,6",07:20,,,,,
2021-12-31,2401X,PALENCIA,PALENCIA,736,"7,7","0,0","2,1",24:00,"13,3",14:54,15,"0,8","3,6",04:20,,,,,
2022-01-01,2401X,PALENCIA,PALENCIA,736,"6,8","0,0","-0,1",07:15,"13,7",15:08,33,"0,6","3,9",14:00,,,,,
2022-01-02,2401X,PALENCIA,PALENCIA,736,"8,8","0,0","3,3",23:22,"14,3",Varias,28,"1,4","6,4",11:50,,,,,
2022-01-03,2401X,PALENCIA,PALENCIA,736,"8,8","0,0","2,6",01:42,"15,1",15:01,20,"1,9","6,4",23:50,,,,,
2022-01-04,2401X,PALENCIA,PALENCIA,736,"7,6","0,0","2,5",23:17,"12,7",12:35,32,"5,6","14,2",15:00,,,,,
2022-01-05,2401X,PALENCIA,PALENCIA,736,"2,6","9,2","-0,6",06:52,"5,7",11:57,28,"0,8","9,7",00:30,,,,,
2022-01-06,2401X,PALENCIA,PALENCIA,736,"1,8","0,0","-0,2",04:20,"3,9",13:46,31,"1,9","6,4",14:20,,,,,
2022-01-07,2401X,PALENCIA,PALENCIA,736,"3,4","0,0","-1,6",23:56,"8,3",14:50,32,"0,8","4,7",06:20,,,,,
2022-01-08,2401X,PALENCIA,PALENCIA,736,"1,8","0,0","-3,8",07:30,"7,4",14:48,27,"1,7","7,8",21:10,,,,,
2022-01-09,2401X,PALENCIA,PALENCIA,736,"7,8","0,0","3,0",00:01,"12,7",14:59,26,"8,6","15,0",10:10,,,,,
2022-01-10,2401X,PALENCIA,PALENCIA,736,"7,8","0,0","1,6",23:53,"14,1",15:04,28,"3,1","12,5",00:50,,,,,
2022-01-11,2401X,PALENCIA,PALENCIA,736,"5,4","0,0","-1,3",08:11,"12,1",14:09,09,"1,9","7,2",13:00,,,,,
2022-01-12,2401X,PALENCIA,PALENCIA,736,"4,6","0,0","-0,6",22:40,"9,7",Varias,08,"1,9","10,6",14:30,,,,,
2022-01-13,2401X,PALENCIA,PALENCIA,736,"1,8","0,0","-5,8",07:56,"9,3",14:33,24,"0,6","3,3",16:50,,,,,
2022-01-14,2401X,PALENCIA,PALENCIA,736,"2,0","0,0","-5,9",Varias,"9,9",14:43,13,"0,6","3,9",11:40,,,,,
2022-01-15,2401X,PALENCIA,PALENCIA,736,"0,3","0,0","-7,9",07:24,"8,5",14:25,29,"0,6","4,2",15:10,,,,,
2022-01-16,2401X,PALENCIA,PALENCIA,736,"1,2","0,0","-6,6",06:48,"9,0",14:48,30,"0,6","5,0",14:30,,,,,
2022-01-17,2401X,PALENCIA,PALENCIA,736,"1,9","0,0","-5,6",05:55,"9,4",15:09,33,"1,4","4,7",11:30,,,,,
2022-01-18,2401X,PALENCIA,PALENCIA,736,"1,2","0,0","-7,2",06:19,"9,7",14:57,31,"0,3","2,8",15:20,,,,,
2022-01-19,2401X,PALENCIA,PALENCIA,736,"2,6","0,0","-6,6",07:04,"11,7",14:43,30,"0,6","3,3",13:40,,,,,
2022-01-20,2401X,PALENCIA,PALENCIA,736,"3,2","0,0","-4,4",Varias,"10,7",15:07,08,"1,4","8,6",19:00,,,,,
2022-01-21,2401X,PALENCIA,PALENCIA,736,"1,9","0,0","-1,1",24:00,"4,9",13:42,08,"3,6","11,4",11:20,,,,,
2022-01-22,2401X,PALENCIA,PALENCIA,736,"2,1","0,0","-4,8",23:37,"9,0",15:17,08,"1,1","5,6",00:50,,,,,
2022-01-23,2401X,PALENCIA,PALENCIA,736,"2,0","0,0","-6,5",05:46,"10,5",15:11,22,"0,6","3,6",22:30,,,,,
2022-01-24,2401X,PALENCIA,PALENCIA,736,"2,4","0,0","-6,2",07:15,"11,0",15:08,08,"1,1","3,9",13:00,,,,,
2022-01-25,2401X,PALENCIA,PALENCIA,736,"3,0","0,0","-5,4",06:50,"11,4",15:19,07,"0,8","3,3",15:10,,,,,
2022-01-26,2401X,PALENCIA,PALENCIA,736,"3,9","0,0","-5,4",07:02,"13,2",14:39,14,"1,1","6,7",13:10,,,,,
2022-01-27,2401X,PALENCIA,PALENCIA,736,"4,3","0,0","-5,5",07:40,"14,1",14:48,09,"1,1","4,7",15:00,,,,,
2022-01-28,2401X,PALENCIA,PALENCIA,736,"4,6","0,0","-4,7",07:02,"13,8",14:09,08,"1,7","7,5",14:50,,,,,
2022-01-29,2401X,PALENCIA,PALENCIA,736,"5,0","0,0","-7,0",07:20,"17,1",15:19,16,"0,3","2,8",10:40,,,,,
2022-01-30,2401X,PALENCIA,PALENCIA,736,"4,8","0,0","-7,0",07:38,"16,5",15:30,14,"0,6","2,8",11:10,,,,,
2022-01-31,2401X,PALENCIA,PALENCIA,736,"3,0","0,0","-6,3",07:23,"12,3",14:43,08,"2,2","9,7",18:00,,,,,
2022-02-01,2401X,PALENCIA,PALENCIA,736,"3,6","0,0","-3,3",02:24,"10,6",13:09,09,"1,9","10,3",12:40,,,,,
2022-02-02,2401X,PALENCIA,PALENCIA,736,"5,8","0,0","-5,7",06:56,"17,3",15:25,99,"0,3","3,6",00:50,,,,,
2022-02-03,2401X,PALENCIA,PALENCIA,736,"6,0","0,0","-2,8",02:18,"14,8",14:52,28,"1,1","7,2",14:50,,,,,
2022-02-04,2401X,PALENCIA,PALENCIA,736,"4,2","0,0","-1,7",07:40,"10,0",12:54,29,"1,4","5,8",12:50,,,,,
2022-02-05,2401X,PALENCIA,PALENCIA,736,"4,4","0,0","-1,4",03:52,"10,1",14:11,05,"2,5","9,2",13:10,,,,,
2022-02-06,2401X,PALENCIA,PALENCIA,736,"3,5","0,0","-4,7",06:44,"11,7",15:07,35,"1,7","5,6",14:20,,,,,
2022-02-07,2401X,PALENCIA,PALENCIA,736,"4,6","0,0","-5,0",07:30,"14,3",15:32,06,"1,4","6,1",18:30,,,,,
2022-02-08,2401X,PALENCIA,PALENCIA,736,"6,8","0,0","-3,9",07:39,"17,5",16:09,25,"1,7","4,2",15:10,,,,,
2022-02-09,2401X,PALENCIA,PALENCIA,736,"6,5","0,0","-3,7",05:44,"16,7",14:38,29,"1,1","5,0",14:30,,,,,
2022-02-10,2401X,PALENCIA,PALENCIA,736,"6,8","0,0","-2,9",06:50,"16,5",15:22,27,"0,8","4,2",13:40,,,,,
2022-02-11,2401X,PALENCIA,PALENCIA,736,"8,6","0,0","3,4",23:54,"13,9",13:29,06,"0,8","5,3",13:10,,,,,
2022-02-12,2401X,PALENCIA,PALENCIA,736,"7,2","0,0","-0,6",07:02,"15,1",15:38,30,"1,9","5,0",14:30,,,,,
2022-02-13,2401X,PALENCIA,PALENCIA,736,"7,8","1,2","3,2",03:04,"12,5",Varias,26,"4,2","12,2",22:50,,,,,
2022-02-14,2401X,PALENCIA,PALENCIA,736,"5,6","0,0","0,5",23:59,"10,8",14:53,28,"5,6","12,5",14:50,,,,,
2022-02-15,2401X,PALENCIA,PALENCIA,736,"4,8","0,0","-1,4",07:31,"11,1",14:36,27,"2,2","8,9",14:10,,,,,
2022-02-16,2401X,PALENCIA,PALENCIA,736,"9,4","0,0","4,5",07:48,"14,2",15:54,26,"3,6","9,4",09:30,,,,,
2022-02-17,2401X,PALENCIA,PALENCIA,736,"8,3","0,0","1,8",23:39,"14,8",15:45,21,"1,4","6,7",00:50,,,,,
2022-02-18,2401X,PALENCIA,PALENCIA,736,"7,4","0,0","-0,2",03:48,"14,9",15:41,26,"1,7","7,2",11:10,,,,,
2022-02-19,2401X,PALENCIA,PALENCIA,736,"3,8","0,0","-2,6",24:00,"10,3",15:12,06,"1,9","8,3",10:50,,,,,
2022-02-20,2401X,PALENCIA,PALENCIA,736,"4,4","0,0","-5,1",06:56,"13,8",15:01,16,"0,8","4,4",22:30,,,,,
2022-02-21,2401X,PALENCIA,PALENCIA,736,"6,6","0,0","-3,0",06:56,"16,3",15:38,33,"1,7","5,8",15:10,,,,,
2022-02-22,2401X,PALENCIA,PALENCIA,736,"6,5","0,0","-4,7",06:51,"17,7",16:14,34,"1,4","4,4",20:30,,,,,
2022-02-23,2401X,PALENCIA,PALENCIA,736,"6,8","0,0","-4,1",06:54,"17,7",15:40,99,"1,1","4,2",13:50,,,,,
2022-02-24,2401X,PALENCIA,PALENCIA,736,"5,8","0,0","-2,4",05:36,"14,0",14:03,06,"1,7","9,7",16:30,,,,,
2022-02-25,2401X,PALENCIA,PALENCIA,736,"5,2","0,0","1,2",24:00,"9,2",13:22,06,"2,8","12,2",10:10,,,,,
2022-02-26,2401X,PALENCIA,PALENCIA,736,"5,2","0,0","-2,7",05:38,"13,2",13:44,15,"1,7","6,9",14:00,,,,,
2022-02-27,2401X,PALENCIA,PALENCIA,736,"7,0","0,0","0,7",23:57,"13,2",16:10,24,"1,1","3,9",10:50,,,,,
2022-02-28,2401X,PALENCIA,PALENCIA,736,"7,3","0,0","-2,8",06:55,"17,4",14:55,34,"1,7","5,8",12:00,,,,,
2022-03-01,2401X,PALENCIA,PALENCIA,736,"7,3","3,4","-1,2",03:44,"15,8",13:13,26,"1,4","7,2",14:30,,,,,
2022-03-02,2401X,PALENCIA,PALENCIA,736,"9,8","0,0","4,2",07:30,"15,5",14:47,26,"2,8","11,7",10:10,,,,,
2022-03-03,2401X,PALENCIA,PALENCIA,736,"6,1","17,2","3,9",Varias,"8,3",12:08,01,"1,4","8,3",14:40,,,,,
2022-03-04,2401X,PALENCIA,PALENCIA,736,"5,0","0,0","0,2",06:32,"9,8",12:53,99,"1,9","6,1",Varias,,,,,
2022-03-05,2401X,PALENCIA,PALENCIA,736,"3,8","0,0","-1,9",06:14,"9,4",15:28,04,"1,7","6,4",12:50,,,,,
2022-03-06,2401X,PALENCIA,PALENCIA,736,"3,6","0,0","-0,4",05:53,"7,7",14:45,07,"1,9","7,5",10:00,,,,,
2022-03-07,2401X,PALENCIA,PALENCIA,736,"6,3","0,8","1,4",04:15,"11,2",13:11,15,"1,7","6,1",13:00,,,,,
2022-03-08,2401X,PALENCIA,PALENCIA,736,"7,9","0,0","3,2",06:22,"12,6",15:10,25,"3,6","10,3",16:20,,,,,
2022-03-09,2401X,PALENCIA,PALENCIA,736,"7,1","1,0","1,7",04:27,"12,5",15:53,22,"3,1","9,7",17:30,,,,,
2022-03-10,2401X,PALENCIA,PALENCIA,736,"10,4","1,4","5,8",06:12,"15,0",13:23,24,"3,9","11,7",15:40,,,,,
2022-03-11,2401X,PALENCIA,PALENCIA,736,"9,1","0,8","5,1",23:59,"13,1",15:07,26,"4,7","12,2",14:10,,,,,
2022-03-12,2401X,PALENCIA,PALENCIA,736,"5,4","10,8","-2,1",06:21,"12,8",13:15,24,"2,8","10,3",13:40,,,,,
2022-03-13,2401X,PALENCIA,PALENCIA,736,"7,0","0,0","1,5",23:42,"12,5",15:10,26,"3,6","11,4",02:50,,,,,
2022-03-14,2401X,PALENCIA,PALENCIA,736,"5,5","6,2","1,5",00:01,"9,5",21:20,06,"1,9","10,0",11:00,,,,,
2022-03-15,2401X,PALENCIA,PALENCIA,736,"13,6","0,0","9,2",00:01,"18,0",13:58,15,"4,4","12,5",15:50,,,,,
2022-03-16,2401X,PALENCIA,PALENCIA,736,"9,6","0,0","7,4",23:58,"11,7",00:01,07,"1,4","13,6",21:30,,,,,
2022-03-17,2401X,PALENCIA,PALENCIA,736,"6,2","0,0","5,0",22:04,"7,4",00:01,08,"3,9","12,5",15:40,,,,,
2022-03-18,2401X,PALENCIA,PALENCIA,736,"8,8","0,0","4,0",23:13,"13,7",14:39,05,"1,7","10,3",01:10,,,,,
2022-03-19,2401X,PALENCIA,PALENCIA,736,"9,5","0,0","4,2",01:53,"14,8",13:58,14,"2,8","7,2",20:10,,,,,
2022-03-20,2401X,PALENCIA,PALENCIA,736,"10,8","0,0","6,8",Varias,"14,9",13:20,13,"1,9","8,3",13:30,,,,,
2022-03-21,2401X,PALENCIA,PALENCIA,736,"10,4","5,0","5,7",00:47,"15,1",14:46,14,"4,2","12,2",22:20,,,,,
2022-03-22,2401X,PALENCIA,PALENCIA,736,"10,2","0,4","6,6",06:53,"13,7",13:04,14,"3,6","10,0",14:10,,,,,
2022-03-23,2401X,PALENCIA,PALENCIA,736,"9,2","0,2","4,9",05:57,"13,4",13:53,14,"4,2","11,7",16:10,,,,,
2022-03-24,2401X,PALENCIA,PALENCIA,736,"8,0","1,2","3,4",06:53,"12,5",12:10,14,"2,8","9,7",04:20,,,,,
2022-03-25,2401X,PALENCIA,PALENCIA,736,"11,2","1,0","7,5",Varias,"14,8",12:32,14,"2,8","10,0",23:00,,,,,
2022-03-26,2401X,PALENCIA,PALENCIA,736,"10,8","0,0","6,1",05:49,"15,4",12:14,14,"2,5","8,6",00:10,,,,,
2022-03-27,2401X,PALENCIA,PALENCIA,736,"10,6","0,0","4,2",06:37,"17,1",16:01,14,"0,8","6,1",12:00,,,,,
2022-03-28,2401X,PALENCIA,PALENCIA,736,"10,1","0,2","3,5",06:28,"16,7",16:58,13,"1,1","4,7",12:10,,,,,
2022-03-29,2401X,PALENCIA,PALENCIA,736,"11,2","8,6","6,1",00:15,"16,4",14:43,06,"1,4","6,9",19:10,,,,,
2022-03-30,2401X,PALENCIA,PALENCIA,736,"7,8","0,2","2,4",23:45,"13,3",14:29,02,"0,8","7,5",14:50,,,,,
2022-03-31,2401X,PALENCIA,PALENCIA,736,"7,0","1,4","1,4",01:29,"12,7",14:37,31,"2,2","8,9",15:50,,,,,
2022-04-01,2401X,PALENCIA,PALENCIA,736,"2,2","0,0","-3,2",23:49,"7,7",16:07,29,"2,2","9,2",13:10,,,,,
2022-04-02,2401X,PALENCIA,PALENCIA,736,"1,9","0,0","-5,3",05:42,"9,1",14:17,32,"1,7","8,6",13:30,,,,,
2022-04-03,2401X,PALENCIA,PALENCIA,736,"1,0","0,0","-5,7",05:36,"7,8",14:08,05,"3,1","9,4",15:40,,,,,
2022-04-04,2401X,PALENCIA,PALENCIA,736,"3,6","0,0","-2,0",01:44,"9,2",15:10,05,"3,3","11,4",12:10,,,,,
2022-04-05,2401X,PALENCIA,PALENCIA,736,"5,9","0,0","-3,3",Varias,"15,1",14:56,07,"1,7","7,5",09:40,,,,,
2022-04-06,2401X,PALENCIA,PALENCIA,736,"7,4","0,0","-3,0",06:02,"17,7",15:33,28,"1,7","10,8",22:20,,,,,
2022-04-07,2401X,PALENCIA,PALENCIA,736,"10,8","0,0","4,5",05:48,"17,1",14:22,26,"5,3","11,7",04:00,,,,,
2022-04-08,2401X,PALENCIA,PALENCIA,736,"10,6","1,8","5,8",06:11,"15,5",15:11,26,"6,1","14,7",13:50,,,,,
2022-04-09,2401X,PALENCIA,PALENCIA,736,"10,0","0,0","3,1",23:56,"16,9",15:25,27,"1,1","7,2",00:50,,,,,
2022-04-10,2401X,PALENCIA,PALENCIA,736,"12,2","0,0","1,6",05:15,"22,8",14:53,14,"3,1","9,2",18:00,,,,,
2022-04-11,2401X,PALENCIA,PALENCIA,736,"14,0","9,6","5,2",06:11,"22,8",14:28,22,"3,9","15,3",15:00,,,,,
2022-04-12,2401X,PALENCIA,PALENCIA,736,"10,0","7,6","4,4",Varias,"15,7",13:08,21,"1,9","11,9",15:50,,,,,
2022-04-13,2401X,PALENCIA,PALENCIA,736,"9,8","0,0","2,5",03:33,"17,1",15:07,06,"0,8","6,9",20:00,,,,,
2022-04-14,2401X,PALENCIA,PALENCIA,736,"12,0","0,0","4,4",04:37,"19,5",17:52,35,"1,4","6,4",12:10,,,,,
2022-04-15,2401X,PALENCIA,PALENCIA,736,"13,1","0,0","4,2",03:23,"22,0",16:00,32,"1,4","5,0",12:30,,,,,
2022-04-16,2401X,PALENCIA,PALENCIA,736,"14,0","0,0","4,7",05:16,"23,4",15:41,32,"1,4","5,8",13:40,,,,,
2022-04-17,2401X,PALENCIA,PALENCIA,736,"12,0","0,0","2,6",04:28,"21,4",15:12,05,"1,7","8,1",19:10,,,,,
2022-04-18,2401X,PALENCIA,PALENCIA,736,"12,6","3,6","4,0",05:38,"21,2",14:54,08,"2,2","8,9",21:30,,,,,
2022-04-19,2401X,PALENCIA,PALENCIA,736,"6,8","1,4","4,0",23:45,"9,5",00:01,07,"2,5","10,8",05:50,,,,,
2022-04-20,2401X,PALENCIA,PALENCIA,736,"6,7","0,0","0,9",24:00,"12,5",13:17,03,"2,2","10,0",09:10,,,,,
2022-04-21,2401X,PALENCIA,PALENCIA,736,"7,2","1,0","-0,7",05:36,"15,0",14:58,28,"0,8","5,8",12:00,,,,,
2022-04-22,2401X,PALENCIA,PALENCIA,736,"7,2","15,2","4,6",02:43,"9,8",16:49,24,"1,9","7,8",11:50,,,,,
2022-04-23,2401X,PALENCIA,PALENCIA,736,"5,6","6,4","3,5",02:44,"7,6",Varias,28,"6,9","16,9",14:10,,,,,
2022-04-24,2401X,PALENCIA,PALENCIA,736,"9,6","0,0","3,5",05:42,"15,8",16:08,99,"1,9","10,0",00:10,,,,,
2022-04-25,2401X,PALENCIA,PALENCIA,736,"10,4","0,0","1,0",05:23,"19,9",15:29,15,"1,7","5,6",12:30,,,,,
2022-04-26,2401X,PALENCIA,PALENCIA,736,"12,0","0,6","3,1",05:38,"20,8",15:37,28,"2,5","14,7",15:50,,,,,
2022-04-27,2401X,PALENCIA,PALENCIA,736,"13,4","3,4","9,5",05:48,"17,3",14:31,06,"1,1","6,7",17:10,,,,,
2022-04-28,2401X,PALENCIA,PALENCIA,736,"11,2","0,0","7,0",23:58,"15,3",15:23,99,"2,2","7,8",Varias,,,,,
2022-04-29,2401X,PALENCIA,PALENCIA,736,"13,4","0,0","4,7",02:51,"22,2",15:57,32,"1,4","3,9",15:30,,,,,
2022-04-30,2401X,PALENCIA,PALENCIA,736,"14,8","0,0","7,2",05:32,"22,4",16:45,32,"1,1","5,0",11:30,,,,,
2022-05-01,2401X,PALENCIA,PALENCIA,736,"15,4","0,4","8,1",02:53,"22,7",15:48,34,"1,1","6,9",22:30,,,,,
2022-05-02,2401X,PALENCIA,PALENCIA,736,"10,2","0,4","8,1",Varias,"12,3",12:30,08,"2,8","10,8",14:50,,,,,
2022-05-03,2401X,PALENCIA,PALENCIA,736,"11,2","0,0","7,6",23:55,"14,8",14:47,99,"3,1","10,0",07:30,,,,,
2022-05-04,2401X,PALENCIA,PALENCIA,736,"12,4","0,0","6,0",05:28,"18,7",14:09,08,"2,5","8,1",15:40,,,,,
2022-05-05,2401X,PALENCIA,PALENCIA,736,"11,8","0,0","3,7",05:04,"19,8",16:15,08,"2,2","6,9",10:10,,,,,
2022-05-06,2401X,PALENCIA,PALENCIA,736,"11,4","0,0","2,4",05:16,"20,5",14:10,04,"1,9","6,7",15:00,,,,,
2022-05-07,2401X,PALENCIA,PALENCIA,736,"12,4","0,0","2,6",05:31,"22,3",15:02,07,"1,7","6,4",11:10,,,,,
2022-05-08,2401X,PALENCIA,PALENCIA,736,"13,4","0,0","3,0",05:15,"23,9",15:04,35,"1,1","5,6",15:50,,,,,
2022-05-09,2401X,PALENCIA,PALENCIA,736,"16,0","0,0","5,1",04:26,"26,8",16:24,30,"1,1","4,7",12:30,,,,,
2022-05-10,2401X,PALENCIA,PALENCIA,736,"17,8","0,0","5,7",05:11,"29,8",16:03,27,"1,4","12,8",13:30,,,,,
2022-05-11,2401X,PALENCIA,PALENCIA,736,"19,8","0,0","9,9",04:42,"29,6",14:56,28,"2,8","9,4",00:20,,,,,
2022-05-12,2401X,PALENCIA,PALENCIA,736,"18,2","1,8","11,1",23:53,"25,3",15:29,33,"1,7","6,7",14:30,,,,,
2022-05-13,2401X,PALENCIA,PALENCIA,736,"18,6","0,0","9,4",05:01,"27,8",15:19,34,"0,8","6,4",14:30,,,,,
2022-05-14,2401X,PALENCIA,PALENCIA,736,"16,8","0,8","11,1",04:50,"22,4",16:10,25,"1,9","11,1",11:00,,,,,
2022-05-15,2401X,PALENCIA,PALENCIA,736,"17,4","0,0","10,4",05:04,"24,3",14:08,22,"3,6","11,9",10:20,,,,,
2022-05-16,2401X,PALENCIA,PALENCIA,736,"17,6","0,0","9,0",04:40,"26,3",16:15,22,"2,8","9,4",15:40,,,,,
2022-05-17,2401X,PALENCIA,PALENCIA,736,"18,2","0,0","10,1",04:57,"26,4",14:57,24,"2,2","8,3",09:20,,,,,
2022-05-18,2401X,PALENCIA,PALENCIA,736,"18,8","0,0","8,7",05:07,"28,9",11:24,20,"1,9","8,6",12:30,,,,,
2022-05-19,2401X,PALENCIA,PALENCIA,736,"20,5","0,0","9,9",05:07,"31,1",13:24,20,"2,2","8,3",11:50,,,,,
2022-05-20,2401X,PALENCIA,PALENCIA,736,"21,7","0,0","11,7",04:57,"31,7",15:29,34,"1,4","4,7",11:50,,,,,
2022-05-21,2401X,PALENCIA,PALENCIA,736,"23,0","0,0","12,2",04:59,"33,9",14:50,26,"0,6","13,3",22:20,,,,,
2022-05-22,2401X,PALENCIA,PALENCIA,736,"19,9","0,0","13,5",05:47,"26,3",12:03,26,"4,2","11,7",15:00,,,,,
2022-05-23,2401X,PALENCIA,PALENCIA,736,"17,0","0,0","9,7",05:02,"24,3",14:21,27,"3,9","11,7",14:40,,,,,
2022-05-24,2401X,PALENCIA,PALENCIA,736,"11,6","0,0","5,9",22:31,"17,3",14:40,34,"1,9","7,5",15:50,,,,,
2022-05-25,2401X,PALENCIA,PALENCIA,736,"10,8","0,0","2,0",04:55,"19,5",14:31,07,"2,2","8,1",15:10,,,,,
2022-05-26,2401X,PALENCIA,PALENCIA,736,"15,6","0,0","7,3",04:34,"23,8",16:14,07,"3,3","10,3",14:00,,,,,
2022-05-27,2401X,PALENCIA,PALENCIA,736,"16,7","0,0","6,2",04:27,"27,2",15:30,04,"3,1","9,2",16:20,,,,,
2022-05-28,2401X,PALENCIA,PALENCIA,736,"19,4","0,0","8,4",03:40,"30,3",15:16,33,"1,7","6,4",12:30,,,,,
2022-05-29,2401X,PALENCIA,PALENCIA,736,"20,1","0,6","9,4",04:19,"30,8",14:44,13,"1,1","11,1",19:00,,,,,
2022-05-30,2401X,PALENCIA,PALENCIA,736,"17,3","0,0","10,4",04:27,"24,2",13:31,28,"3,1","9,7",14:50,,,,,
2022-05-31,2401X,PALENCIA,PALENCIA,736,"18,1","0,0","8,0",04:54,"28,2",15:18,14,"1,7","6,1",12:50,,,,,
2022-06-01,2401X,PALENCIA,PALENCIA,736,"19,0","0,0","9,6",04:32,"28,3",12:38,28,"3,3","14,7",16:50,,,,,
2022-06-02,2401X,PALENCIA,PALENCIA,736,"18,8","0,0","9,8",04:56,"27,9",15:50,28,"2,8","9,7",20:00,,,,,
2022-06-03,2401X,PALENCIA,PALENCIA,736,"18,1","0,0","8,4",04:52,"27,8",16:12,28,"1,7","10,3",14:00,,,,,
2022-06-04,2401X,PALENCIA,PALENCIA,736,"18,2","1,2","9,8",23:45,"26,5",11:25,20,"1,9","15,3",17:10,,,,,
2022-06-05,2401X,PALENCIA,PALENCIA,736,"17,6","0,0","8,0",04:35,"27,1",16:36,36,"2,2","10,0",11:40,,,,,
2022-06-06,2401X,PALENCIA,PALENCIA,736,"17,8","0,0","7,6",04:49,"28,1",14:35,29,"2,5","11,4",17:00,,,,,
2022-06-07,2401X,PALENCIA,PALENCIA,736,"19,2","0,0","8,7",04:46,"29,8",16:57,28,"1,1","10,8",21:20,,,,,
2022-06-08,2401X,PALENCIA,PALENCIA,736,"21,3","0,0","14,4",23:58,"28,2",15:26,28,"4,2","11,7",13:20,,,,,
2022-06-09,2401X,PALENCIA,PALENCIA,736,"19,6","0,0","10,1",04:53,"29,2",15:08,34,"2,2","6,9",14:30,,,,,
2022-06-10,2401X,PALENCIA,PALENCIA,736,"22,7","0,0","11,0",04:58,"34,4",15:30,07,"1,4","7,2",19:30,,,,,
2022-06-11,2401X,PALENCIA,PALENCIA,736,"24,0","0,0","15,1",Varias,"32,8",14:50,32,"1,9","11,9",11:20,,,,,
2022-06-12,2401X,PALENCIA,PALENCIA,736,"26,0","0,0","16,5",24:00,"35,6",16:49,14,"1,9","8,1",14:10,,,,,
2022-06-13,2401X,PALENCIA,PALENCIA,736,"26,2","0,0","15,2",04:50,"37,2",15:58,16,"1,4","5,8",14:50,,,,,
2022-06-14,2401X,PALENCIA,PALENCIA,736,"26,8","0,0","16,6",02:45,"37,1",14:36,26,"3,1","10,3",16:10,,,,,
2022-06-15,2401X,PALENCIA,PALENCIA,736,"24,8","1,0","12,7",04:54,"37,0",14:58,27,"1,4","16,4",23:40,,,,,
2022-06-16,2401X,PALENCIA,PALENCIA,736,"27,4","0,4","18,8",05:23,"36,1",14:17,28,"1,1","13,9",00:10,,,,,
2022-06-17,2401X,PALENCIA,PALENCIA,736,"27,0","0,8","17,1",04:51,"36,9",12:51,14,"1,1","14,2",15:50,,,,,
2022-06-18,2401X,PALENCIA,PALENCIA,736,"26,2","2,0","16,4",04:57,"36,0",15:58,23,"3,6","16,7",13:50,,,,,
2022-06-19,2401X,PALENCIA,PALENCIA,736,"18,8","0,0","12,7",05:15,"25,0",15:44,99,"2,8","10,3",Varias,,,,,
2022-06-20,2401X,PALENCIA,PALENCIA,736,"18,4","0,0","12,1",23:57,"24,6",14:43,26,"3,6","12,8",11:50,,,,,
2022-06-21,2401X,PALENCIA,PALENCIA,736,"16,9","1,0","7,6",04:54,"26,2",16:10,22,"2,2","9,7",13:50,,,,,
2022-06-22,2401X,PALENCIA,PALENCIA,736,"17,2","1,6","12,1",05:14,"22,2",14:32,26,"2,2","10,8",15:10,,,,,
2022-06-23,2401X,PALENCIA,PALENCIA,736,"17,6","0,8","12,5",23:58,"22,8",14:23,26,"4,2","13,9",17:50,,,,,
2022-06-24,2401X,PALENCIA,PALENCIA,736,"17,6","0,0","10,7",03:58,"24,6",15:08,28,"3,6","10,6",17:20,,,,,
2022-06-25,2401X,PALENCIA,PALENCIA,736,"17,4","0,0","9,6",23:50,"25,3",14:27,27,"3,3","11,4",16:20,,,,,
2022-06-26,2401X,PALENCIA,PALENCIA,736,"15,8","0,0","7,2",04:42,"24,3",16:41,26,"2,2","7,2",15:20,,,,,
2022-06-27,2401X,PALENCIA,PALENCIA,736,"15,8","0,0","8,9",04:53,"22,8",15:09,06,"2,5","8,1",12:10,,,,,
2022-06-28,2401X,PALENCIA,PALENCIA,736,"18,4","0,0","7,1",05:01,"29,7",16:26,31,"1,9","10,3",15:50,,,,,
2022-06-29,2401X,PALENCIA,PALENCIA,736,"18,6","0,0","8,7",04:40,"28,4",14:31,28,"2,2","8,9",17:50,,,,,
2022-06-30,2401X,PALENCIA,PALENCIA,736,"17,0","0,0","9,5",04:41,"24,6",16:20,02,"2,2","8,1",19:50,,,,,
2022-07-01,2401X,PALENCIA,PALENCIA,736,"18,5","0,0","6,9",04:57,"30,1",16:53,99,"1,7","5,3",Varias,,,,,
2022-07-02,2401X,PALENCIA,PALENCIA,736,"23,0","0,0","11,1",05:00,"35,0",14:08,27,"1,4","9,4",14:20,,,,,
2022-07-03,2401X,PALENCIA,PALENCIA,736,"24,2","0,0","14,8",23:51,"33,5",13:42,33,"2,5","12,8",15:50,,,,,
2022-07-04,2401X,PALENCIA,PALENCIA,736,"22,2","0,0","13,5",05:00,"30,9",15:22,34,"2,2","7,8",16:30,,,,,
2022-07-05,2401X,PALENCIA,PALENCIA,736,"21,3","0,0","14,2",04:25,"28,4",15:22,03,"3,1","12,5",16:10,,,,,
2022-07-06,2401X,PALENCIA,PALENCIA,736,"18,9","4,6","14,2",23:57,"23,6",16:07,08,"3,6","12,8",10:20,,,,,
2022-07-07,2401X,PALENCIA,PALENCIA,736,"19,2","0,0","10,8",05:07,"27,7",15:20,04,"2,8","10,0",16:40,,,,,
2022-07-08,2401X,PALENCIA,PALENCIA,736,"21,8","0,0","12,8",04:45,"30,7",16:07,33,"2,5","7,8",16:40,,,,,
2022-07-09,2401X,PALENCIA,PALENCIA,736,"24,2","0,0","13,9",04:22,"34,6",15:34,35,"2,2","7,8",16:00,,,,,
2022-07-10,2401X,PALENCIA,PALENCIA,736,"24,6","0,0","13,6",05:13,"35,7",16:15,99,"1,7","5,0",12:30,,,,,
2022-07-11,2401X,PALENCIA,PALENCIA,736,"25,6","0,0","13,8",04:41,"37,3",14:30,06,"0,8","7,5",19:00,,,,,
2022-07-12,2401X,PALENCIA,PALENCIA,736,"26,3","0,0","14,7",05:03,"37,9",14:24,36,"0,8","6,9",13:20,,,,,
2022-07-13,2401X,PALENCIA,PALENCIA,736,"27,4","0,0","16,4",04:22,"38,5",13:24,27,"1,7","7,5",16:10,,,,,
2022-07-14,2401X,PALENCIA,PALENCIA,736,"27,4","0,0","15,1",05:21,"39,7",14:33,06,"1,7","8,3",18:00,,,,,
2022-07-15,2401X,PALENCIA,PALENCIA,736,"28,4","0,0","17,6",05:52,"39,2",16:13,06,"1,9","8,3",19:10,,,,,
2022-07-16,2401X,PALENCIA,PALENCIA,736,"29,9","0,0","20,0",01:23,"39,8",14:34,14,"1,9","12,5",17:40,,,,,
2022-07-17,2401X,PALENCIA,PALENCIA,736,"28,6","0,0","18,4",05:33,"38,9",13:50,13,"1,1","6,9",01:50,,,,,
2022-07-18,2401X,PALENCIA,PALENCIA,736,"27,4","0,0","16,2",04:59,"38,6",16:35,26,"1,9","12,2",17:40,,,,,
2022-07-19,2401X,PALENCIA,PALENCIA,736,"22,8","0,0","15,3",05:02,"30,3",14:21,28,"3,1","9,4",14:40,,,,,
2022-07-20,2401X,PALENCIA,PALENCIA,736,"23,6","0,0","13,6",04:53,"33,5",Varias,31,"1,4","7,8",15:30,,,,,
2022-07-21,2401X,PALENCIA,PALENCIA,736,"25,6","0,0","13,9",05:25,"37,4",14:44,26,"1,7","9,2",15:30,,,,,
2022-07-22,2401X,PALENCIA,PALENCIA,736,"24,4","0,0","15,9",23:59,"32,9",15:23,07,"2,2","9,4",16:50,,,,,
2022-07-23,2401X,PALENCIA,PALENCIA,736,"24,2","0,0","13,8",04:52,"34,7",16:32,08,"1,4","5,8",00:20,,,,,
2022-07-24,2401X,PALENCIA,PALENCIA,736,"25,6","0,0","14,1",05:21,"37,1",14:44,30,"2,8","13,1",16:40,,,,,
2022-07-25,2401X,PALENCIA,PALENCIA,736,"23,2","0,0","13,6",04:46,"32,8",15:59,33,"1,9","8,6",11:40,,,,,
2022-07-26,2401X,PALENCIA,PALENCIA,736,"22,4","0,0","14,9",05:04,"29,9",16:58,08,"1,9","7,8",19:40,,,,,
2022-07-27,2401X,PALENCIA,PALENCIA,736,"22,4","0,0","13,0",05:13,"31,8",16:09,35,"2,5","6,9",11:00,,,,,
2022-07-28,2401X,PALENCIA,PALENCIA,736,"22,2","0,0","13,1",05:27,"31,4",15:30,28,"1,7","7,2",15:50,,,,,
2022-07-29,2401X,PALENCIA,PALENCIA,736,"22,0","0,0","14,3",05:24,"29,7",14:40,35,"2,2","7,8",18:40,,,,,
2022-07-30,2401X,PALENCIA,PALENCIA,736,"23,4","0,0","15,1",05:16,"31,8",14:37,04,"2,2","8,6",18:20,,,,,
2022-07-31,2401X,PALENCIA,PALENCIA,736,"24,3","0,0","14,6",05:04,"34,0",16:52,08,"1,7","6,7",00:50,,,,,
2022-08-01,2401X,PALENCIA,PALENCIA,736,"25,2","0,0","14,2",05:13,"36,3",17:03,99,"1,1","7,8",Varias,,,,,
2022-08-02,2401X,PALENCIA,PALENCIA,736,"26,8","10,2","15,5",05:25,"38,0",14:49,21,"1,1","9,2",18:40,,,,,
2022-08-03,2401X,PALENCIA,PALENCIA,736,"27,0","3,6","19,1",06:13,"34,8",13:14,21,"1,1","10,6",14:50,,,,,
2022-08-04,2401X,PALENCIA,PALENCIA,736,"25,7","0,0","15,7",05:29,"35,7",Varias,35,"2,2","7,5",19:10,,,,,
2022-08-05,2401X,PALENCIA,PALENCIA,736,"24,2","0,0","16,8",23:51,"31,7",14:53,05,"2,8","9,2",17:50,,,,,
2022-08-06,2401X,PALENCIA,PALENCIA,736,"25,0","0,0","15,5",05:15,"34,4",15:54,06,"1,4","8,1",00:40,,,,,
2022-08-07,2401X,PALENCIA,PALENCIA,736,"26,0","0,0","17,0",05:33,"34,9",14:38,08,"2,5","8,3",17:50,,,,,
2022-08-08,2401X,PALENCIA,PALENCIA,736,"26,5","0,0","17,9",05:25,"35,1",14:41,08,"1,4","7,2",21:00,,,,,
2022-08-09,2401X,PALENCIA,PALENCIA,736,"26,9","0,0","17,8",05:34,"36,0",16:56,03,"1,9","7,5",18:00,,,,,
2022-08-10,2401X,PALENCIA,PALENCIA,736,"27,8","5,8","20,1",02:39,"35,5",16:08,16,"1,1","12,2",17:00,,,,,
2022-08-11,2401X,PALENCIA,PALENCIA,736,"26,0","0,0","17,3",05:18,"34,7",15:10,99,"1,9","6,4",Varias,,,,,
2022-08-12,2401X,PALENCIA,PALENCIA,736,"25,6","0,0","15,5",05:30,"35,8",15:25,24,"1,9","7,5",16:10,,,,,
2022-08-13,2401X,PALENCIA,PALENCIA,736,"24,9","0,0","15,9",05:35,"33,9",15:03,17,"3,3","14,2",14:40,,,,,
2022-08-14,2401X,PALENCIA,PALENCIA,736,"21,0","0,0","13,6",04:01,"28,3",14:07,99,"2,2","11,1",00:10,,,,,
2022-08-15,2401X,PALENCIA,PALENCIA,736,"20,4","0,0","11,3",05:39,"29,4",15:47,28,"2,2","10,3",23:59,,,,,
2022-08-16,2401X,PALENCIA,PALENCIA,736,"20,3","0,0","14,6",05:42,"26,0",14:43,28,"3,9","11,1",00:10,,,,,
2022-08-17,2401X,PALENCIA,PALENCIA,736,"18,0","3,0","11,5",23:59,"24,6",13:00,28,"2,2","12,8",15:00,,,,,
2022-08-18,2401X,PALENCIA,PALENCIA,736,"16,7","0,0","8,4",05:27,"25,0",16:25,08,"1,1","5,8",22:30,,,,,
2022-08-19,2401X,PALENCIA,PALENCIA,736,"19,4","0,0","9,2",04:46,"29,7",16:38,33,"1,4","6,9",14:30,,,,,
2022-08-20,2401X,PALENCIA,PALENCIA,736,"22,4","0,0","11,4",05:37,"33,4",16:21,29,"1,4","8,1",15:10,,,,,
2022-08-21,2401X,PALENCIA,PALENCIA,736,"23,6","0,0","14,5",03:37,"32,8",15:07,34,"2,2","8,6",14:10,,,,,
2022-08-22,2401X,PALENCIA,PALENCIA,736,"21,4","0,0","13,0",05:28,"29,8",15:50,99,"2,5","7,8",Varias,,,,,
2022-08-23,2401X,PALENCIA,PALENCIA,736,"24,8","0,0","15,0",05:57,"34,5",15:59,04,"1,1","5,3",00:40,,,,,
2022-08-24,2401X,PALENCIA,PALENCIA,736,"26,1","1,8","16,2",05:34,"36,0",15:00,20,"1,7","18,3",18:40,,,,,
2022-08-25,2401X,PALENCIA,PALENCIA,736,"22,6","0,0","16,3",05:12,"28,8",14:46,06,"2,5","10,3",18:50,,,,,
2022-08-26,2401X,PALENCIA,PALENCIA,736,"22,2","0,0","15,6",05:28,"28,8",15:17,08,"1,9","7,8",07:50,,,,,
2022-08-27,2401X,PALENCIA,PALENCIA,736,"22,6","0,0","12,3",05:47,"33,0",15:08,08,"0,6","4,7",00:10,,,,,
2022-08-28,2401X,PALENCIA,PALENCIA,736,"24,4","0,0","15,4",04:14,"33,3",12:12,14,"1,9","10,3",13:50,,,,,
2022-08-29,2401X,PALENCIA,PALENCIA,736,"20,7","1,6","15,1",23:57,"26,3",16:01,26,"1,1","13,1",09:00,,,,,
2022-08-30,2401X,PALENCIA,PALENCIA,736,"21,5","0,0","12,0",05:34,"31,0",15:23,12,"1,4","6,7",13:10,,,,,
2022-08-31,2401X,PALENCIA,PALENCIA,736,"21,0","0,0","13,2",04:31,"28,9",15:07,28,"1,4","7,5",10:50,,,,,
2022-09-01,2401X,PALENCIA,PALENCIA,736,"20,4","0,0","11,5",05:42,"29,4",14:53,32,"1,9","9,7",13:00,,,,,
2022-09-02,2401X,PALENCIA,PALENCIA,736,"19,4","0,0","11,6",05:58,"27,2",14:44,28,"2,2","7,5",16:40,,,,,
2022-09-03,2401X,PALENCIA,PALENCIA,736,"18,8","0,0","11,2",06:00,"26,4",14:24,28,"2,2","8,9",16:20,,,,,
2022-09-04,2401X,PALENCIA,PALENCIA,736,"18,6","0,0","9,7",05:22,"27,6",15:09,21,"2,5","9,2",14:20,,,,,
2022-09-05,2401X,PALENCIA,PALENCIA,736,"18,8","0,0","9,5",06:04,"28,0",15:27,26,"2,8","13,6",16:10,,,,,
2022-09-06,2401X,PALENCIA,PALENCIA,736,"19,0","0,0","12,7",05:59,"25,2",14:34,27,"3,3","10,8",14:40,,,,,
2022-09-07,2401X,PALENCIA,PALENCIA,736,"17,6","0,0","12,0",04:14,"23,1",15:28,99,"3,1","8,9",Varias,,,,,
2022-09-08,2401X,PALENCIA,PALENCIA,736,"18,4","0,0","12,4",03:37,"24,5",12:14,28,"1,7","10,3",23:10,,,,,
2022-09-09,2401X,PALENCIA,PALENCIA,736,"20,2","0,0","12,0",06:15,"28,5",15:00,29,"1,4","9,2",01:00,,,,,
2022-09-10,2401X,PALENCIA,PALENCIA,736,"21,3","0,0","10,3",05:59,"32,3",15:09,28,"1,4","5,6",14:50,,,,,
2022-09-11,2401X,PALENCIA,PALENCIA,736,"23,4","0,0","12,3",06:03,"34,5",15:21,22,"1,9","9,7",15:50,,,,,
2022-09-12,2401X,PALENCIA,PALENCIA,736,"23,4","0,2","17,6",00:01,"29,2",10:20,20,"2,8","12,2",14:30,,,,,
2022-09-13,2401X,PALENCIA,PALENCIA,736,"21,4","0,6","15,7",23:53,"27,1",12:38,22,"2,8","14,2",15:50,,,,,
2022-09-14,2401X,PALENCIA,PALENCIA,736,"18,1","2,6","13,2",05:12,"23,0",15:07,24,"1,9","9,7",13:30,,,,,
2022-09-15,2401X,PALENCIA,PALENCIA,736,"19,6","0,0","13,4",06:07,"25,9",15:09,03,"1,1","6,4",20:10,,,,,
2022-09-16,2401X,PALENCIA,PALENCIA,736,"18,5","0,0","11,4",05:50,"25,6",14:07,08,"2,5","6,9",18:10,,,,,
2022-09-17,2401X,PALENCIA,PALENCIA,736,"18,4","0,0","11,6",06:04,"25,2",15:41,04,"1,7","7,5",08:00,,,,,
2022-09-18,2401X,PALENCIA,PALENCIA,736,"18,9","0,0","7,8",06:00,"30,0",15:07,33,"0,6","4,2",15:30,,,,,
2022-09-19,2401X,PALENCIA,PALENCIA,736,"20,2","0,0","11,2",06:00,"29,1",14:13,32,"1,1","5,3",11:10,,,,,
2022-09-20,2401X,PALENCIA,PALENCIA,736,"18,8","0,0","9,0",06:04,"28,5",14:41,32,"1,1","6,1",13:20,,,,,
2022-09-21,2401X,PALENCIA,PALENCIA,736,"17,6","0,0","6,8",06:15,"28,4",15:23,33,"1,1","5,0",14:50,,,,,
2022-09-22,2401X,PALENCIA,PALENCIA,736,"18,7","0,0","8,1",05:01,"29,3",15:10,27,"1,1","5,8",15:00,,,,,
2022-09-23,2401X,PALENCIA,PALENCIA,736,"18,0","0,0","9,3",06:10,"26,7",14:08,29,"1,1","7,5",14:10,,,,,
2022-09-24,2401X,PALENCIA,PALENCIA,736,"13,2","0,0","6,7",23:44,"19,7",13:47,08,"2,2","7,8",Varias,,,,,
2022-09-25,2401X,PALENCIA,PALENCIA,736,"10,8","0,0","4,1",06:13,"17,6",14:59,07,"2,2","10,8",14:10,,,,,
2022-09-26,2401X,PALENCIA,PALENCIA,736,"12,6","0,0","4,9",06:00,"20,4",14:54,32,"1,1","6,1",13:20,,,,,
2022-09-27,2401X,PALENCIA,PALENCIA,736,"13,1","0,0","3,5",05:48,"22,7",14:29,33,"2,2","8,6",16:00,,,,,
2022-09-28,2401X,PALENCIA,PALENCIA,736,"15,2","0,0","7,6",01:30,"22,8",14:39,29,"4,2","10,8",17:30,,,,,
2022-09-29,2401X,PALENCIA,PALENCIA,736,"12,3","2,0","6,7",24:00,"17,9",15:11,27,"3,3","11,1",11:50,,,,,
2022-09-30,2401X,PALENCIA,PALENCIA,736,"11,4","0,0","2,8",05:36,"20,1",15:01,33,"1,1","6,4",09:10,,,,,
2022-10-01,2401X,PALENCIA,PALENCIA,736,"15,0","0,0","4,8",06:26,"25,3",15:07,23,"1,7","5,8",12:00,,,,,
2022-10-02,2401X,PALENCIA,PALENCIA,736,"16,6","0,0","4,8",06:23,"28,3",15:57,16,"0,8","3,9",14:00,,,,,
2022-10-03,2401X,PALENCIA,PALENCIA,736,"17,6","0,0","6,3",06:25,"28,9",14:49,29,"1,1","5,3",15:00,,,,,
2022-10-04,2401X,PALENCIA,PALENCIA,736,"18,0","0,0","7,1",06:21,"29,0",14:32,32,"0,8","5,8",14:00,,,,,
2022-10-05,2401X,PALENCIA,PALENCIA,736,"17,5","0,0","6,7",06:00,"28,3",14:13,30,"1,1","5,8",13:10,,,,,
2022-10-06,2401X,PALENCIA,PALENCIA,736,"18,8","0,0","12,5",05:52,"25,0",14:53,08,"1,4","6,9",10:20,,,,,
2022-10-07,2401X,PALENCIA,PALENCIA,736,"17,6","0,0","9,0",06:18,"26,2",13:42,31,"1,1","4,7",13:50,,,,,
2022-10-08,2401X,PALENCIA,PALENCIA,736,"17,0","0,0","10,0",24:00,"23,9",14:28,07,"0,6","6,9",11:50,,,,,
2022-10-09,2401X,PALENCIA,PALENCIA,736,"16,2","0,8","6,4",06:15,"26,0",13:46,23,"1,1","9,4",18:30,,,,,
2022-10-10,2401X,PALENCIA,PALENCIA,736,"16,2","0,8","12,1",06:43,"20,3",15:39,27,"0,6","10,3",01:00,,,,,
2022-10-11,2401X,PALENCIA,PALENCIA,736,"16,8","0,0","11,6",23:58,"22,1",15:29,05,"0,8","5,3",19:00,,,,,
2022-10-12,2401X,PALENCIA,PALENCIA,736,"15,4","0,0","7,8",23:57,"22,9",15:07,34,"0,6","5,0",14:10,,,,,
2022-10-13,2401X,PALENCIA,PALENCIA,736,"14,8","0,0","5,3",06:33,"24,3",14:44,29,"1,7","9,7",13:10,,,,,
2022-10-14,2401X,PALENCIA,PALENCIA,736,"18,0","0,0","8,9",06:43,"27,0",14:27,27,"1,1","6,1",14:40,,,,,
2022-10-15,2401X,PALENCIA,PALENCIA,736,"16,8","0,0","7,3",06:32,"26,3",13:26,28,"2,2","8,6",14:10,,,,,
2022-10-16,2401X,PALENCIA,PALENCIA,736,"17,0","7,4","9,0",05:59,"25,0",13:49,24,"3,1","11,4",19:10,,,,,
2022-10-17,2401X,PALENCIA,PALENCIA,736,"17,2","5,0","11,3",23:56,"23,2",15:08,24,"1,4","5,8",15:10,,,,,
2022-10-18,2401X,PALENCIA,PALENCIA,736,"17,8","0,0","10,0",06:19,"25,6",14:07,22,"1,1","7,5",14:10,,,,,
2022-10-19,2401X,PALENCIA,PALENCIA,736,"16,1","24,4","10,2",05:20,"22,0",12:36,27,"1,7","13,1",15:10,,,,,
2022-10-20,2401X,PALENCIA,PALENCIA,736,"13,6","9,6","10,3",02:56,"16,8",12:18,20,"2,5","11,4",10:30,,,,,
2022-10-21,2401X,PALENCIA,PALENCIA,736,"13,2","0,6","11,0",04:33,"15,3",15:22,22,"1,9","7,8",12:10,,,,,
2022-10-22,2401X,PALENCIA,PALENCIA,736,"14,4","4,6","8,7",04:22,"20,1",12:45,13,"1,9","10,8",12:40,,,,,
2022-10-23,2401X,PALENCIA,PALENCIA,736,"15,1","0,2","11,5",02:24,"18,7",13:01,21,"5,3","16,7",14:10,,,,,
2022-10-24,2401X,PALENCIA,PALENCIA,736,"13,5","0,4","9,9",05:47,"17,1",13:36,99,"1,9","7,5",Varias,,,,,
2022-10-25,2401X,PALENCIA,PALENCIA,736,"14,8","0,6","9,3",03:28,"20,3",14:12,24,"2,8","15,3",15:10,,,,,
2022-10-26,2401X,PALENCIA,PALENCIA,736,"15,6","0,0","9,3",02:21,"21,9",14:16,16,"1,4","8,3",21:10,,,,,
2022-10-27,2401X,PALENCIA,PALENCIA,736,"19,2","0,0","14,3",19:53,"24,2",15:18,22,"1,9","8,3",23:59,,,,,
2022-10-28,2401X,PALENCIA,PALENCIA,736,"15,4","0,0","11,0",07:30,"19,7",12:16,22,"0,8","8,3",Varias,,,,,
2022-10-29,2401X,PALENCIA,PALENCIA,736,"16,6","7,8","10,7",07:15,"22,5",11:44,31,"1,7","8,9",15:20,,,,,
2022-10-30,2401X,PALENCIA,PALENCIA,736,"11,7","3,0","7,7",23:35,"15,7",15:35,24,"1,1","5,3",00:10,,,,,
2022-10-31,2401X,PALENCIA,PALENCIA,736,"12,0","2,4","7,8",00:42,"16,1",14:35,22,"2,5","11,4",12:20,,,,,
2022-11-01,2401X,PALENCIA,PALENCIA,736,"10,8","0,0","5,3",23:43,"16,4",12:48,29,"1,9","8,1",13:20,,,,,
2022-11-02,2401X,PALENCIA,PALENCIA,736,"10,0","1,2","4,0",03:55,"16,0",Varias,32,"0,3","4,7",04:50,,,,,
2022-11-03,2401X,PALENCIA,PALENCIA,736,"10,0","0,0","4,8",23:57,"15,2",13:03,25,"3,9","11,7",13:30,,,,,
2022-11-04,2401X,PALENCIA,PALENCIA,736,"8,1","0,0","2,1",07:15,"14,1",14:04,28,"1,9","9,4",03:50,,,,,
2022-11-05,2401X,PALENCIA,PALENCIA,736,"8,2","0,0","0,3",06:58,"16,0",15:17,28,"0,6","4,2",13:50,,,,,
2022-11-06,2401X,PALENCIA,PALENCIA,736,"8,8","0,0","1,5",05:22,"16,2",15:18,28,"1,7","7,2",13:50,,,,,
2022-11-07,2401X,PALENCIA,PALENCIA,736,"8,6","0,0","4,4",07:46,"12,8",13:27,22,"1,7","7,8",22:10,,,,,
2022-11-08,2401X,PALENCIA,PALENCIA,736,"13,5","1,4","10,0",00:01,"17,0",14:17,24,"2,8","12,8",13:10,,,,,
2022-11-09,2401X,PALENCIA,PALENCIA,736,"10,8","0,0","5,3",23:49,"16,3",14:01,23,"1,9","8,3",01:50,,,,,
2022-11-10,2401X,PALENCIA,PALENCIA,736,"8,0","0,0","3,4",03:43,"12,5",15:25,14,"0,8","3,6",08:50,,,,,
2022-11-11,2401X,PALENCIA,PALENCIA,736,"10,4","0,0","3,9",07:21,"16,8",14:19,13,"1,7","7,5",20:50,,,,,
2022-11-12,2401X,PALENCIA,PALENCIA,736,"12,4","0,0","6,3",07:43,"18,5",14:20,15,"1,4","11,1",19:00,,,,,
2022-11-13,2401X,PALENCIA,PALENCIA,736,"11,6","0,0","4,1",06:51,"19,0",13:08,24,"1,1","7,8",13:20,,,,,
2022-11-14,2401X,PALENCIA,PALENCIA,736,"12,0","0,2","9,1",22:01,"14,9",14:24,25,"2,5","10,3",13:30,,,,,
2022-11-15,2401X,PALENCIA,PALENCIA,736,"12,3","2,4","9,9",00:01,"14,7",15:23,25,"4,4","12,5",14:20,,,,,
2022-11-16,2401X,PALENCIA,PALENCIA,736,"11,4","3,0","9,3",05:57,"13,6",21:45,21,"5,0","12,2",19:30,,,,,
2022-11-17,2401X,PALENCIA,PALENCIA,736,"12,4","2,0","8,6",21:00,"16,1",14:08,28,"5,3","17,8",11:10,,,,,
2022-11-18,2401X,PALENCIA,PALENCIA,736,"7,7","0,0","3,8",23:58,"11,6",13:34,29,"4,7","10,6",16:00,,,,,
2022-11-19,2401X,PALENCIA,PALENCIA,736,"6,0","0,0","2,3",06:58,"9,8",14:07,30,"3,3","10,0",02:10,,,,,
2022-11-20,2401X,PALENCIA,PALENCIA,736,"10,6","7,2","6,3",00:01,"15,0",14:25,26,"3,3","10,0",00:10,,,,,
2022-11-21,2401X,PALENCIA,PALENCIA,736,"8,2","3,0","3,2",22:56,"13,3",14:06,30,"8,3","20,6",16:30,,,,,
2022-11-22,2401X,PALENCIA,PALENCIA,736,"8,2","6,8","2,7",01:45,"13,6",21:56,26,"4,2","15,8",22:30,,,,,
2022-11-23,2401X,PALENCIA,PALENCIA,736,"10,5","0,8","6,4",23:59,"14,6",13:53,25,"5,6","15,8",06:10,,,,,
2022-11-24,2401X,PALENCIA,PALENCIA,736,"8,0","12,8","4,4",01:30,"11,7",13:07,30,"1,1","10,6",13:20,,,,,
2022-11-25,2401X,PALENCIA,PALENCIA,736,"6,2","0,0","0,9",23:58,"11,6",14:35,28,"3,6","10,8",07:00,,,,,
2022-11-26,2401X,PALENCIA,PALENCIA,736,"4,6","0,0","-0,4",04:40,"9,7",13:24,13,"1,1","3,9",08:40,,,,,
2022-11-27,2401X,PALENCIA,PALENCIA,736,"4,4","5,2","-1,2",05:50,"9,9",14:40,31,"0,8","10,6",22:30,,,,,
2022-11-28,2401X,PALENCIA,PALENCIA,736,"5,8","0,0","0,8",07:35,"10,9",14:19,99,"3,3","10,0",Varias,,,,,
2022-11-29,2401X,PALENCIA,PALENCIA,736,"5,8","0,0","2,3",07:35,"9,4",12:47,28,"1,7","7,8",Varias,,,,,
2022-11-30,2401X,PALENCIA,PALENCIA,736,"4,0","0,0","-0,4",23:57,"8,3",14:09,33,"0,6","2,8",12:20,,,,,
2022-12-01,2401X,PALENCIA,PALENCIA,736,"4,3","0,0","-0,5",00:03,"9,1",13:08,06,"1,9","7,2",Varias,,,,,
2022-12-02,2401X,PALENCIA,PALENCIA,736,"2,8","0,0","-2,4",23:49,"8,0",14:26,99,"0,6","6,7",Varias,,,,,
2022-12-03,2401X,PALENCIA,PALENCIA,736,"0,6","0,0","-4,5",07:19,"5,8",15:09,30,"0,6","3,9",15:30,,,,,
2022-12-04,2401X,PALENCIA,PALENCIA,736,"1,4","0,0","-4,1",06:53,"6,8",13:54,15,"0,8","3,3",09:40,,,,,
2022-12-05,2401X,PALENCIA,PALENCIA,736,"6,2","4,6","3,3",Varias,"9,0",15:03,12,"1,1","3,6",10:40,,,,,
2022-12-06,2401X,PALENCIA,PALENCIA,736,"9,4","0,2","6,6",08:45,"12,3",13:24,28,"0,3","2,8",20:50,,,,,
2022-12-07,2401X,PALENCIA,PALENCIA,736,"8,3","1,2","4,4",Varias,"12,2",Varias,13,"0,3","2,8",14:50,,,,,
2022-12-08,2401X,PALENCIA,PALENCIA,736,"7,9","12,0","4,3",00:29,"11,5",14:43,20,"1,7","7,8",19:10,,,,,
2022-12-09,2401X,PALENCIA,PALENCIA,736,"8,0","4,0","5,9",24:00,"10,1",11:58,05,"0,8","6,7",22:10,,,,,
2022-12-10,2401X,PALENCIA,PALENCIA,736,"5,2","4,4","3,4",07:53,"6,9",13:30,08,"0,8","8,6",00:10,,,,,
2022-12-11,2401X,PALENCIA,PALENCIA,736,"5,4","1,0","3,9",07:40,"6,8",12:47,24,"0,6","7,8",02:30,,,,,
2022-12-12,2401X,PALENCIA,PALENCIA,736,"10,2","9,6","6,4",05:14,"13,9",Varias,24,"5,0","16,4",12:40,,,,,
2022-12-13,2401X,PALENCIA,PALENCIA,736,"11,8","20,2","9,5",21:48,"14,0",12:43,24,"3,1","10,0",01:30,,,,,
2022-12-14,2401X,PALENCIA,PALENCIA,736,"9,6","2,2","6,6",06:22,"12,6",14:05,24,"1,9","9,2",01:10,,,,,
2022-12-15,2401X,PALENCIA,PALENCIA,736,"7,8","0,2","5,0",23:56,"10,7",13:07,26,"3,6","10,6",13:00,,,,,
2022-12-16,2401X,PALENCIA,PALENCIA,736,"6,7","0,0","2,0",24:00,"11,4",14:36,08,"1,1","5,0",17:00,,,,,
2022-12-17,2401X,PALENCIA,PALENCIA,736,"4,3","0,0","0,2",06:57,"8,4",14:37,14,"0,6","3,3",22:30,,,,,
2022-12-18,2401X,PALENCIA,PALENCIA,736,"7,6","0,0","2,9",24:00,"12,2",14:02,21,"1,4","5,0",12:30,,,,,
2022-12-19,2401X,PALENCIA,PALENCIA,736,"7,2","2,6","1,7",06:13,"12,7",13:17,20,"1,9","7,8",23:59,,,,,
2022-12-20,2401X,PALENCIA,PALENCIA,736,"9,6","9,2","7,7",23:44,"11,4",15:41,18,"3,1","11,4",00:10,,,,,
2022-12-21,2401X,PALENCIA,PALENCIA,736,"9,8","0,0","7,6",00:02,"12,1",Varias,25,"5,3","11,4",12:30,,,,,
2022-12-22,2401X,PALENCIA,PALENCIA,736,"11,8","0,0","9,7",03:53,"13,9",13:33,25,"3,6","11,7",14:10,,,,,
2022-12-23,2401X,PALENCIA,PALENCIA,736,"10,8","0,0","8,3",23:53,"13,3",12:30,22,"4,4","9,7",11:50,,,,,
2022-12-24,2401X,PALENCIA,PALENCIA,736,"8,6","0,0","5,3",07:44,"12,0",15:02,99,"1,4","7,2",Varias,,,,,
2022-12-25,2401X,PALENCIA,PALENCIA,736,"8,6","5,2","5,9",04:59,"11,4",14:04,99,"1,9","7,5",07:40,,,,,
2022-12-26,2401X,PALENCIA,PALENCIA,736,"10,8","0,4","8,1",07:20,"13,4",13:08,21,"0,6","5,8",00:10,,,,,
2022-12-27,2401X,PALENCIA,PALENCIA,736,"10,1","0,6","6,0",23:37,"14,2",13:03,22,"1,9","7,5",12:10,,,,,
2022-12-28,2401X,PALENCIA,PALENCIA,736,"9,4","0,0","5,8",04:48,"12,9",14:02,23,"2,8","8,6",23:20,,,,,
2022-12-29,2401X,PALENCIA,PALENCIA,736,"10,2","11,4","8,5",01:20,"11,8",11:54,28,"2,2","13,9",19:30,,,,,
2022-12-30,2401X,PALENCIA,PALENCIA,736,"10,6","0,0","8,8",22:34,"12,5",11:07,24,"4,2","12,2",06:00,,,,,
2022-12-31,2401X,PALENCIA,PALENCIA,736,"9,0","0,0","3,3",07:44,"14,8",14:02,22,"2,8","10,8",12:40,,,,,
2023-01-01,2401X,PALENCIA,PALENCIA,736,"13,2","6,0","9,0",23:32,"17,3",13:36,23,"3,3","11,9",15:10,,,,,
2023-01-02,2401X,PALENCIA,PALENCIA,736,"4,3","0,0","-0,4",Varias,"9,0",00:01,21,"1,7","9,2",01:10,,,,,
2023-01-03,2401X,PALENCIA,PALENCIA,736,"1,8","0,0","-2,3",05:58,"5,8",Varias,16,"0,8","3,9",08:10,,,,,
2023-01-04,2401X,PALENCIA,PALENCIA,736,"0,6","0,0","-2,2",00:24,"3,5",14:57,35,"1,4","3,3",15:10,,,,,
2023-01-05,2401X,PALENCIA,PALENCIA,736,"1,0","0,0","-1,2",07:53,"3,1",16:26,16,"1,4","2,8",06:20,,,,,
2023-01-06,2401X,PALENCIA,PALENCIA,736,"0,2","0,0","-1,5",08:24,"2,0",15:55,26,"1,4","6,1",20:10,,,,,
2023-01-07,2401X,PALENCIA,PALENCIA,736,"6,0","6,8","1,3",00:01,"10,7",13:27,23,"4,7","13,6",15:10,,,,,
2023-01-08,2401X,PALENCIA,PALENCIA,736,"10,6","2,0","7,2",02:16,"14,0",14:22,26,"6,4","18,9",12:00,,,,,
2023-01-09,2401X,PALENCIA,PALENCIA,736,"5,6","0,0","1,3",20:51,"9,8",14:57,28,"3,3","10,6",02:40,,,,,
2023-01-10,2401X,PALENCIA,PALENCIA,736,"4,5","4,8","0,1",07:37,"8,9",16:07,20,"2,2","8,3",20:30,,,,,
2023-01-11,2401X,PALENCIA,PALENCIA,736,"6,0","2,0","0,9",23:50,"11,0",13:10,28,"2,2","7,8",08:00,,,,,
2023-01-12,2401X,PALENCIA,PALENCIA,736,"3,1","0,0","-0,8",04:30,"7,0",15:18,24,"0,8","6,9",21:20,,,,,
2023-01-13,2401X,PALENCIA,PALENCIA,736,"4,7","0,0","0,1",07:44,"9,3",15:09,25,"0,6","5,3",00:40,,,,,
2023-01-14,2401X,PALENCIA,PALENCIA,736,"5,7","0,0","0,7",Varias,"10,7",14:07,22,"1,9","8,1",23:00,,,,,
2023-01-15,2401X,PALENCIA,PALENCIA,736,"5,4","0,0","2,6",20:25,"8,3",06:35,28,"5,6","12,2",06:50,,,,,
2023-01-16,2401X,PALENCIA,PALENCIA,736,"7,2","0,0","3,3",00:01,"11,1",15:09,26,"10,0","21,7",10:10,,,,,
2023-01-17,2401X,PALENCIA,PALENCIA,736,"4,6","0,2","0,1",23:59,"9,0",00:23,25,"8,6","19,7",00:30,,,,,
2023-01-18,2401X,PALENCIA,PALENCIA,736,"2,0","0,2","-0,3",01:42,"4,4",13:33,28,"4,4","14,7",05:50,,,,,
2023-01-19,2401X,PALENCIA,PALENCIA,736,"3,4","0,0","-0,2",02:14,"7,0",22:08,26,"6,7","15,8",16:10,,,,,
2023-01-20,2401X,PALENCIA,PALENCIA,736,"4,4","2,6","-1,2",07:57,"10,0",14:58,28,"1,1","10,0",00:10,,,,,
2023-01-21,2401X,PALENCIA,PALENCIA,736,"3,9","0,0","0,8",23:26,"7,0",14:16,09,"1,9","8,3",13:10,,,,,
2023-01-22,2401X,PALENCIA,PALENCIA,736,"0,5","0,0","-4,3",07:36,"5,3",13:57,07,"1,1","6,9",16:00,,,,,
2023-01-23,2401X,PALENCIA,PALENCIA,736,"1,2","0,0","-3,5",07:02,"5,9",12:46,04,"1,9","9,2",15:00,,,,,
2023-01-24,2401X,PALENCIA,PALENCIA,736,"2,6","0,0","0,2",04:28,"5,0",13:28,08,"2,8","11,4",13:50,,,,,
2023-01-25,2401X,PALENCIA,PALENCIA,736,"1,4","0,0","-3,6",23:44,"6,5",14:12,08,"1,7","8,1",02:40,,,,,
2023-01-26,2401X,PALENCIA,PALENCIA,736,"1,4","0,0","-3,4",00:01,"6,1",16:09,06,"1,7","6,4",21:40,,,,,
2023-01-27,2401X,PALENCIA,PALENCIA,736,"1,8","0,0","-3,0",04:24,"6,6",14:14,34,"2,5","10,6",14:00,,,,,
2023-01-28,2401X,PALENCIA,PALENCIA,736,"3,0","0,0","-0,7",01:01,"6,8",13:32,04,"1,9","9,7",15:20,,,,,
2023-01-29,2401X,PALENCIA,PALENCIA,736,"1,6","0,0","-1,8",22:20,"5,0",12:18,04,"2,8","10,0",12:50,,,,,
2023-01-30,2401X,PALENCIA,PALENCIA,736,"0,8","0,0","-5,5",07:15,"7,2",15:07,99,"0,6","4,7",Varias,,,,,
2023-01-31,2401X,PALENCIA,PALENCIA,736,"1,9","0,0","-5,3",02:49,"9,1",15:01,04,"1,4","5,6",13:20,,,,,
2023-02-01,2401X,PALENCIA,PALENCIA,736,"5,8","0,0","1,5",23:53,"10,2",13:24,06,"2,5","9,2",14:00,,,,,
2023-02-02,2401X,PALENCIA,PALENCIA,736,"4,6","0,0","-3,2",07:47,"12,3",16:10,33,"1,1","4,7",14:50,,,,,
2023-02-03,2401X,PALENCIA,PALENCIA,736,"4,0","0,0","-6,6",07:11,"14,7",15:59,24,"0,8","3,1",17:50,,,,,
2023-02-04,2401X,PALENCIA,PALENCIA,736,"5,4","0,0","-6,4",07:27,"17,3",15:51,04,"0,8","6,4",21:20,,,,,
2023-02-05,2401X,PALENCIA,PALENCIA,736,"5,8","0,0","1,5",00:30,"10,1",14:50,05,"2,5","11,1",12:30,,,,,
2023-02-06,2401X,PALENCIA,PALENCIA,736,"4,3","0,0","-1,0",23:59,"9,6",14:22,07,"2,5","9,7",15:00,,,,,
2023-02-07,2401X,PALENCIA,PALENCIA,736,"1,2","0,0","-4,9",05:11,"7,4",13:34,13,"2,2","11,7",21:10,,,,,
2023-02-08,2401X,PALENCIA,PALENCIA,736,"4,4","0,0","-1,8",23:57,"10,5",14:27,13,"1,9","11,1",11:10,,,,,
2023-02-09,2401X,PALENCIA,PALENCIA,736,"2,6","0,0","-5,0",04:57,"10,3",14:09,05,"1,1","6,7",12:10,,,,,
2023-02-10,2401X,PALENCIA,PALENCIA,736,"2,6","0,0","-5,9",07:26,"11,1",15:16,06,"0,6","4,4",14:20,,,,,
2023-02-11,2401X,PALENCIA,PALENCIA,736,"2,4","0,0","-7,8",06:56,"12,5",14:50,14,"0,8","4,2",16:10,,,,,
2023-02-12,2401X,PALENCIA,PALENCIA,736,"3,0","0,0","-6,4",06:57,"12,5",15:08,14,"1,7","7,5",12:30,,,,,
2023-02-13,2401X,PALENCIA,PALENCIA,736,"5,8","0,0","-3,0",03:29,"14,5",15:32,14,"1,4","4,2",13:50,,,,,
2023-02-14,2401X,PALENCIA,PALENCIA,736,"5,1","0,0","-2,3",03:27,"12,5",15:56,14,"1,1","6,1",15:20,,,,,
2023-02-15,2401X,PALENCIA,PALENCIA,736,"5,6","0,0","-2,9",05:18,"14,1",15:15,33,"0,6","5,6",14:30,,,,,
2023-02-16,2401X,PALENCIA,PALENCIA,736,"6,4","0,0","-3,4",07:20,"16,3",15:43,14,"0,8","5,0",14:20,,,,,
2023-02-17,2401X,PALENCIA,PALENCIA,736,"7,1","0,0","-2,7",06:39,"16,9",15:08,06,"0,6","6,1",15:00,,,,,
2023-02-18,2401X,PALENCIA,PALENCIA,736,"7,1","0,0","-3,4",06:47,"17,6",15:12,15,"1,1","3,6",12:20,,,,,
2023-02-19,2401X,PALENCIA,PALENCIA,736,"9,8","0,0","0,5",03:35,"19,0",15:03,13,"0,8","6,9",13:30,,,,,
2023-02-20,2401X,PALENCIA,PALENCIA,736,"10,7","0,0","2,3",07:04,"19,1",14:57,14,"2,5","7,8",12:40,,,,,
2023-02-21,2401X,PALENCIA,PALENCIA,736,"9,0","0,2","2,9",07:02,"15,0",13:39,30,"1,1","7,2",19:20,,,,,
2023-02-22,2401X,PALENCIA,PALENCIA,736,"8,0","7,6","2,5",04:33,"13,5",14:13,28,"1,1","5,8",15:50,,,,,
2023-02-23,2401X,PALENCIA,PALENCIA,736,"2,8","7,8","-1,4",23:47,"7,1",00:01,30,"2,2","7,8",11:20,,,,,
2023-02-24,2401X,PALENCIA,PALENCIA,736,"1,0","0,0","-2,6",Varias,"4,7",16:31,21,"0,8","4,4",11:30,,,,,
2023-02-25,2401X,PALENCIA,PALENCIA,736,"2,0","0,0","-3,8",06:16,"7,8",12:50,99,"1,9","6,4",13:30,,,,,
2023-02-26,2401X,PALENCIA,PALENCIA,736,"3,6","0,0","-0,5",02:00,"7,7",13:55,06,"1,9","9,7",14:50,,,,,
2023-02-27,2401X,PALENCIA,PALENCIA,736,"1,7","0,0","-1,8",07:27,"5,2",15:57,35,"1,4","10,3",10:00,,,,,
2023-02-28,2401X,PALENCIA,PALENCIA,736,"0,2","0,0","-4,4",05:28,"4,8",13:42,07,"1,7","7,8",13:10,,,,,
2023-03-01,2401X,PALENCIA,PALENCIA,736,"1,6","0,0","-3,0",06:16,"6,2",16:35,08,"1,1","7,5",19:50,,,,,
2023-03-02,2401X,PALENCIA,PALENCIA,736,"2,0","0,0","-4,8",03:30,"8,8",15:36,32,"1,1","6,9",10:10,,,,,
2023-03-03,2401X,PALENCIA,PALENCIA,736,"1,6","0,0","-6,7",06:23,"9,8",15:38,05,"0,8","9,4",12:30,,,,,
2023-03-04,2401X,PALENCIA,PALENCIA,736,"4,7","0,0","-2,0",24:00,"11,4",15:26,01,"1,1","6,1",10:10,,,,,
2023-03-05,2401X,PALENCIA,PALENCIA,736,"2,8","1,4","-5,3",06:11,"10,8",12:21,32,"1,1","7,2",12:50,,,,,
2023-03-06,2401X,PALENCIA,PALENCIA,736,"8,7","1,2","4,8",01:50,"12,6",16:45,26,"2,5","10,3",14:20,,,,,
2023-03-07,2401X,PALENCIA,PALENCIA,736,"11,0","0,2","7,8",Varias,"14,3",14:22,24,"5,6","15,6",11:10,,,,,
2023-03-08,2401X,PALENCIA,PALENCIA,736,"12,2","3,6","9,0",Varias,"15,3",15:51,26,"6,1","15,0",15:00,,,,,
2023-03-09,2401X,PALENCIA,PALENCIA,736,"11,3","1,6","8,6",07:12,"14,0",11:46,26,"5,0","16,7",15:10,,,,,
2023-03-10,2401X,PALENCIA,PALENCIA,736,"12,5","0,0","7,8",05:50,"17,2",15:18,28,"6,1","17,2",14:10,,,,,
2023-03-11,2401X,PALENCIA,PALENCIA,736,"13,8","0,0","9,2",01:55,"18,5",13:47,28,"6,9","14,7",14:10,,,,,
2023-03-12,2401X,PALENCIA,PALENCIA,736,"15,1","0,0","7,7",06:49,"22,5",16:09,26,"1,4","8,1",01:10,,,,,
2023-03-13,2401X,PALENCIA,PALENCIA,736,"11,8","0,0","6,4",23:46,"17,2",14:39,26,"5,8","24,2",16:10,,,,,
2023-03-14,2401X,PALENCIA,PALENCIA,736,"9,4","0,0","3,5",06:22,"15,4",15:08,28,"3,9","10,8",12:10,,,,,
2023-03-15,2401X,PALENCIA,PALENCIA,736,"10,0","0,0","-0,4",06:40,"20,3",15:48,15,"1,1","4,2",13:40,,,,,
2023-03-16,2401X,PALENCIA,PALENCIA,736,"12,3","0,0","1,8",05:57,"22,8",15:22,21,"1,7","6,4",20:20,,,,,
2023-03-17,2401X,PALENCIA,PALENCIA,736,"11,2","1,2","6,3",23:58,"16,0",14:17,24,"4,2","13,9",15:10,,,,,
2023-03-18,2401X,PALENCIA,PALENCIA,736,"9,0","0,4","2,6",24:00,"15,5",16:02,27,"1,9","10,3",13:10,,,,,
2023-03-19,2401X,PALENCIA,PALENCIA,736,"7,6","0,0","-1,3",06:32,"16,5",16:28,11,"1,1","5,8",12:50,,,,,
2023-03-20,2401X,PALENCIA,PALENCIA,736,"9,6","0,0","-0,2",05:18,"19,5",14:08,30,"1,7","6,9",13:50,,,,,
2023-03-21,2401X,PALENCIA,PALENCIA,736,"12,2","0,0","4,3",03:44,"20,0",14:19,27,"1,4","6,7",15:40,,,,,
2023-03-22,2401X,PALENCIA,PALENCIA,736,"11,7","0,0","3,4",05:58,"20,0",13:25,26,"3,3","9,7",13:00,,,,,
2023-03-23,2401X,PALENCIA,PALENCIA,736,"12,1","0,0","5,7",06:32,"18,5",14:47,26,"2,8","10,3",14:20,,,,,
2023-03-24,2401X,PALENCIA,PALENCIA,736,"13,3","0,4","8,3",24:00,"18,3",14:12,28,"5,0","13,6",14:10,,,,,
2023-03-25,2401X,PALENCIA,PALENCIA,736,"9,6","0,0","0,6",06:24,"18,7",15:09,24,"4,2","14,4",16:10,,,,,
2023-03-26,2401X,PALENCIA,PALENCIA,736,"9,2","0,0","1,8",24:00,"16,7",15:29,28,"6,4","14,4",13:10,,,,,
2023-03-27,2401X,PALENCIA,PALENCIA,736,"7,4","0,0","-2,0",06:30,"16,7",15:49,31,"0,8","5,3",15:10,,,,,
2023-03-28,2401X,PALENCIA,PALENCIA,736,"11,9","0,0","-0,1",06:12,"23,9",15:01,24,"1,7","5,3",13:10,,,,,
2023-03-29,2401X,PALENCIA,PALENCIA,736,"15,2","0,0","4,5",05:31,"25,9",14:53,25,"3,3","12,2",13:10,,,,,
2023-03-30,2401X,PALENCIA,PALENCIA,736,"13,6","0,0","7,9",06:16,"19,3",13:07,23,"4,2","13,3",15:10,,,,,
2023-03-31,2401X,PALENCIA,PALENCIA,736,"13,8","0,0","8,1",23:58,"19,4",13:34,26,"6,9","17,2",12:10,,,,,
2023-04-01,2401X,PALENCIA,PALENCIA,736,"10,8","0,0","4,2",23:37,"17,3",14:52,32,"5,3","15,6",16:50,,,,,
2023-04-02,2401X,PALENCIA,PALENCIA,736,"7,2","0,0","-1,7",06:14,"16,2",14:49,99,"1,4","6,1",13:30,,,,,
2023-04-03,2401X,PALENCIA,PALENCIA,736,"7,2","0,0","-2,2",05:39,"16,5",15:03,30,"1,7","5,0",11:50,,,,,
2023-04-04,2401X,PALENCIA,PALENCIA,736,"9,0","0,0","0,8",23:58,"17,3",15:07,03,"2,5","9,7",13:50,,,,,
2023-04-05,2401X,PALENCIA,PALENCIA,736,"8,0","0,0","-4,6",05:18,"20,5",14:51,34,"1,4","6,9",15:00,,,,,
2023-04-06,2401X,PALENCIA,PALENCIA,736,"9,7","0,0","-2,0",05:18,"21,4",15:07,05,"0,8","6,4",10:40,,,,,
2023-04-07,2401X,PALENCIA,PALENCIA,736,"11,1","0,0","-1,1",04:55,"23,3",14:05,29,"1,4","6,4",14:40,,,,,
2023-04-08,2401X,PALENCIA,PALENCIA,736,"13,0","0,0","1,0",06:01,"24,9",15:08,32,"1,4","6,7",13:50,,,,,
2023-04-09,2401X,PALENCIA,PALENCIA,736,"13,6","0,0","1,9",05:55,"25,2",13:42,28,"1,9","9,7",14:40,,,,,
2023-04-10,2401X,PALENCIA,PALENCIA,736,"13,6","0,0","3,0",05:45,"24,3",15:18,28,"1,7","8,3",14:20,,,,,
2023-04-11,2401X,PALENCIA,PALENCIA,736,"13,2","0,0","3,1",05:57,"23,4",15:19,27,"2,5","10,8",22:00,,,,,
2023-04-12,2401X,PALENCIA,PALENCIA,736,"8,4","0,0","0,3",23:48,"16,5",15:04,28,"4,7","13,6",00:10,,,,,
2023-04-13,2401X,PALENCIA,PALENCIA,736,"7,6","1,2","-0,7",02:49,"16,0",14:18,27,"5,6","13,9",09:50,,,,,
2023-04-14,2401X,PALENCIA,PALENCIA,736,"13,0","0,0","6,9",Varias,"19,2",16:08,30,"5,8","15,0",16:30,,,,,
2023-04-15,2401X,PALENCIA,PALENCIA,736,"12,4","0,0","3,4",04:41,"21,4",16:28,29,"1,1","9,2",00:10,,,,,
2023-04-16,2401X,PALENCIA,PALENCIA,736,"11,4","0,0","1,0",05:51,"21,8",14:41,34,"1,9","6,9",13:10,,,,,
2023-04-17,2401X,PALENCIA,PALENCIA,736,"10,4","0,0","0,0",05:26,"20,9",14:32,08,"2,8","8,1",13:40,,,,,
2023-04-18,2401X,PALENCIA,PALENCIA,736,"11,6","0,0","2,2",03:43,"20,9",16:37,07,"1,9","6,4",08:40,,,,,
2023-04-19,2401X,PALENCIA,PALENCIA,736,"13,6","0,0","1,6",05:49,"25,6",15:17,27,"1,7","6,7",15:50,,,,,
2023-04-20,2401X,PALENCIA,PALENCIA,736,"14,5","0,0","2,9",05:29,"26,1",16:22,31,"4,2","10,8",12:20,,,,,
2023-04-21,2401X,PALENCIA,PALENCIA,736,"15,3","3,6","6,5",04:09,"24,1",12:31,26,"3,6","14,7",15:10,,,,,
2023-04-22,2401X,PALENCIA,PALENCIA,736,"13,1","0,0","7,8",22:18,"18,4",14:13,25,"4,4","10,0",18:40,,,,,
2023-04-23,2401X,PALENCIA,PALENCIA,736,"14,4","0,4","7,4",05:48,"21,4",15:08,28,"3,6","13,6",15:40,,,,,
2023-04-24,2401X,PALENCIA,PALENCIA,736,"15,2","0,0","6,6",05:13,"23,9",15:49,28,"2,8","10,3",22:10,,,,,
2023-04-25,2401X,PALENCIA,PALENCIA,736,"17,3","0,0","8,9",05:46,"25,7",15:34,28,"1,9","7,8",14:10,,,,,
2023-04-26,2401X,PALENCIA,PALENCIA,736,"16,8","0,0","7,9",05:20,"25,8",15:27,31,"1,9","9,4",14:30,,,,,
2023-04-27,2401X,PALENCIA,PALENCIA,736,"19,7","0,0","9,8",04:36,"29,6",15:18,26,"1,9","9,2",15:30,,,,,
2023-04-28,2401X,PALENCIA,PALENCIA,736,"19,2","0,0","8,5",05:22,"30,0",13:43,30,"2,5","11,7",18:10,,,,,
2023-04-29,2401X,PALENCIA,PALENCIA,736,"17,2","0,6","9,6",05:48,"24,9",16:07,29,"1,9","8,6",19:20,,,,,
2023-04-30,2401X,PALENCIA,PALENCIA,736,"13,8","0,0","7,2",04:27,"20,5",14:51,07,"1,7","5,8",14:20,,,,,
2023-05-01,2401X,PALENCIA,PALENCIA,736,"14,5","0,0","5,4",05:24,"23,6",16:56,32,"1,4","7,2",14:20,,,,,
2023-05-02,2401X,PALENCIA,PALENCIA,736,"16,0","0,0","4,6",04:45,"27,5",14:49,14,"1,1","5,0",12:10,,,,,
2023-05-03,2401X,PALENCIA,PALENCIA,736,"20,0","0,4","9,7",01:00,"30,2",13:28,28,"2,8","16,1",20:50,,,,,
2023-05-04,2401X,PALENCIA,PALENCIA,736,"15,3","0,0","8,2",03:50,"22,4",Varias,28,"2,5","9,7",18:50,,,,,
2023-05-05,2401X,PALENCIA,PALENCIA,736,"16,4","0,0","8,7",03:43,"24,0",Varias,28,"1,9","8,6",01:20,,,,,
2023-05-06,2401X,PALENCIA,PALENCIA,736,"16,0","1,0","6,2",05:17,"25,9",15:00,29,"2,5","9,4",14:10,,,,,
2023-05-07,2401X,PALENCIA,PALENCIA,736,"15,4","0,0","7,6",02:33,"23,1",15:16,32,"1,4","6,4",14:10,,,,,
2023-05-08,2401X,PALENCIA,PALENCIA,736,"17,2","0,0","7,1",03:51,"27,4",14:41,27,"1,9","7,8",20:50,,,,,
2023-05-09,2401X,PALENCIA,PALENCIA,736,"16,2","0,0","8,9",23:55,"23,4",14:10,30,"1,7","9,7",10:20,,,,,
2023-05-10,2401X,PALENCIA,PALENCIA,736,"12,1","0,0","4,0",05:13,"20,2",16:17,07,"1,1","8,1",19:40,,,,,
2023-05-11,2401X,PALENCIA,PALENCIA,736,"12,0","0,0","4,1",05:29,"19,8",16:24,29,"2,5","8,1",17:20,,,,,
2023-05-12,2401X,PALENCIA,PALENCIA,736,"9,4","1,8","2,1",04:37,"16,8",15:40,34,"2,5","9,2",11:50,,,,,
2023-05-13,2401X,PALENCIA,PALENCIA,736,"10,7","0,0","2,2",05:04,"19,2",15:12,06,"2,2","8,3",17:00,,,,,
2023-05-14,2401X,PALENCIA,PALENCIA,736,"12,0","0,0","4,9",02:28,"19,1",14:21,07,"2,2","8,9",15:40,,,,,
2023-05-15,2401X,PALENCIA,PALENCIA,736,"11,3","0,0","5,1",23:59,"17,5",17:16,02,"1,7","6,4",17:20,,,,,
2023-05-16,2401X,PALENCIA,PALENCIA,736,"9,2","0,0","1,3",05:05,"17,2",15:04,99,"2,8","9,2",Varias,,,,,
2023-05-17,2401X,PALENCIA,PALENCIA,736,"11,8","0,0","4,5",02:29,"19,0",13:39,08,"3,9","12,2",11:50,,,,,
2023-05-18,2401X,PALENCIA,PALENCIA,736,"11,4","0,0","5,5",05:02,"17,2",14:33,04,"3,6","12,8",11:10,,,,,
2023-05-19,2401X,PALENCIA,PALENCIA,736,"11,4","0,0","5,5",04:25,"17,3",14:59,06,"3,1","12,2",10:50,,,,,
2023-05-20,2401X,PALENCIA,PALENCIA,736,"11,0","0,0","3,6",04:52,"18,3",15:10,04,"2,5","10,0",18:50,,,,,
2023-05-21,2401X,PALENCIA,PALENCIA,736,"13,4","0,2","5,6",05:02,"21,3",16:13,06,"2,2","8,6",18:00,,,,,
2023-05-22,2401X,PALENCIA,PALENCIA,736,"15,9","0,0","9,9",04:48,"21,9",13:32,09,"2,5","10,0",15:20,,,,,
2023-05-23,2401X,PALENCIA,PALENCIA,736,"16,3","0,0","10,4",03:58,"22,2",13:45,06,"3,6","11,1",19:00,,,,,
2023-05-24,2401X,PALENCIA,PALENCIA,736,"16,7","0,0","11,1",04:46,"22,3",14:17,08,"3,1","10,0",17:40,,,,,
2023-05-25,2401X,PALENCIA,PALENCIA,736,"14,2","2,8","7,9",22:39,"20,5",12:51,06,"3,1","12,2",19:50,,,,,
2023-05-26,2401X,PALENCIA,PALENCIA,736,"14,8","0,0","8,2",05:19,"21,3",14:36,14,"2,5","11,9",09:40,,,,,
2023-05-27,2401X,PALENCIA,PALENCIA,736,"17,5","0,0","9,6",05:14,"25,4",14:22,09,"1,9","8,9",16:10,,,,,
2023-05-28,2401X,PALENCIA,PALENCIA,736,"17,7","0,6","11,0",05:32,"24,4",11:38,15,"1,4","10,6",12:30,,,,,
2023-05-29,2401X,PALENCIA,PALENCIA,736,"16,8","0,0","10,1",Varias,"23,5",13:14,05,"1,9","9,7",16:10,,,,,
2023-05-30,2401X,PALENCIA,PALENCIA,736,"18,6","0,0","11,4",23:59,"25,9",13:23,05,"1,9","9,4",17:00,,,,,
2023-06-01,2401X,PALENCIA,PALENCIA,736,"16,2","19,6","9,2",04:50,"23,1",11:16,,"0,8",,,,,,,
2023-06-02,2401X,PALENCIA,PALENCIA,736,"15,8","0,0","7,5",04:48,"24,0",13:29,14,"1,1","7,8",15:40,,,,,
2023-06-03,2401X,PALENCIA,PALENCIA,736,"17,6","0,0","10,0",04:49,"25,1",13:12,32,"1,1","7,5",14:00,,,,,
2023-06-04,2401X,PALENCIA,PALENCIA,736,"18,6","21,0","10,3",04:57,"26,8",14:54,30,"1,1","11,7",19:20,,,,,
2023-06-05,2401X,PALENCIA,PALENCIA,736,"20,2","18,8","13,6",23:57,"26,7",15:07,30,"3,1","13,3",18:00,,,,,
2023-06-06,2401X,PALENCIA,PALENCIA,736,"19,2","0,4","11,5",05:01,"27,0",17:12,05,"1,4","4,4",17:40,,,,,
2023-06-07,2401X,PALENCIA,PALENCIA,736,"19,6","2,0","16,6",23:30,"22,5",11:43,22,"1,4","8,1",15:00,,,,,
2023-06-08,2401X,PALENCIA,PALENCIA,736,"18,9","11,6","13,8",22:01,"24,0",13:48,28,"1,4","13,6",15:10,,,,,
2023-06-09,2401X,PALENCIA,PALENCIA,736,"18,3","0,6","13,4",04:46,"23,2",16:44,27,"4,4","13,6",18:00,,,,,
2023-06-10,2401X,PALENCIA,PALENCIA,736,"19,3","0,0","13,4",02:18,"25,2",15:44,33,"1,7","7,8",16:10,,,,,
2023-06-11,2401X,PALENCIA,PALENCIA,736,"19,1","16,2","13,8",23:59,"24,4",16:56,28,"1,4","10,0",13:30,,,,,
2023-06-12,2401X,PALENCIA,PALENCIA,736,"19,2","1,0","12,4",Varias,"26,0",15:26,30,"1,1","11,7",16:40,,,,,
2023-06-13,2401X,PALENCIA,PALENCIA,736,"17,5","0,0","12,2",Varias,"22,8",15:29,34,"2,8","8,9",13:00,,,,,
2023-06-14,2401X,PALENCIA,PALENCIA,736,"18,2","0,0","10,2",04:54,"26,2",17:26,34,"0,8","5,8",13:40,,,,,
2023-06-15,2401X,PALENCIA,PALENCIA,736,"20,7","0,0","12,5",03:50,"28,9",16:37,34,"1,1","5,8",14:30,,,,,
2023-06-16,2401X,PALENCIA,PALENCIA,736,"22,5","0,0","13,5",03:58,"31,5",15:34,32,"1,7","6,1",15:40,,,,,
2023-06-17,2401X,PALENCIA,PALENCIA,736,"23,2","0,6","15,4",04:59,"31,0",13:17,21,"2,2","10,3",15:00,,,,,
2023-06-18,2401X,PALENCIA,PALENCIA,736,"21,3","0,0","14,7",04:54,"27,9",14:19,27,"1,7","9,2",15:30,,,,,
2023-06-19,2401X,PALENCIA,PALENCIA,736,"22,0","2,0","16,0",04:38,"28,0",13:33,22,"3,1","10,3",15:50,,,,,
2023-06-20,2401X,PALENCIA,PALENCIA,736,"19,8","8,4","13,9",04:50,"25,6",15:58,31,"1,7","9,2",03:40,,,,,
2023-06-21,2401X,PALENCIA,PALENCIA,736,"19,4","9,2","13,8",23:59,"25,1",13:24,31,"2,8","9,7",18:00,,,,,
2023-06-22,2401X,PALENCIA,PALENCIA,736,"19,8","0,0","12,0",04:15,"27,6",17:00,16,"0,8","4,7",09:00,,,,,
2023-06-23,2401X,PALENCIA,PALENCIA,736,"21,9","0,0","13,6",04:59,"30,2",16:35,31,"1,4","6,4",16:00,,,,,
2023-06-24,2401X,PALENCIA,PALENCIA,736,"24,0","0,0","14,6",04:43,"33,3",16:44,26,"1,1","7,8",15:30,,,,,
2023-06-25,2401X,PALENCIA,PALENCIA,736,"25,4","0,0","15,8",04:50,"35,0",14:07,29,"2,8","9,2",17:20,,,,,
2023-06-26,2401X,PALENCIA,PALENCIA,736,"22,0","0,0","15,4",04:53,"28,7",16:07,08,"2,2","9,2",23:10,,,,,
2023-06-27,2401X,PALENCIA,PALENCIA,736,"21,2","0,0","14,6",04:50,"27,9",15:31,06,"2,5","7,2",16:10,,,,,
2023-06-28,2401X,PALENCIA,PALENCIA,736,"22,3","0,0","13,6",Varias,"31,0",16:10,99,"2,2","6,1",Varias,,,,,
2023-06-29,2401X,PALENCIA,PALENCIA,736,"19,0","0,0","13,0",23:57,"25,0",14:44,06,"3,1","8,6",13:40,,,,,
2023-06-30,2401X,PALENCIA,PALENCIA,736,"17,6","0,0","10,6",04:50,"24,7",16:36,07,"1,7","7,5",12:30,,,,,
2023-07-01,2401X,PALENCIA,PALENCIA,736,"20,8","0,0","11,5",04:56,"30,1",17:42,07,"1,1","8,3",19:10,,,,,
2023-07-02,2401X,PALENCIA,PALENCIA,736,"23,6","0,0","16,0",04:53,"31,1",16:10,06,"1,7","8,9",18:40,,,,,
2023-07-03,2401X,PALENCIA,PALENCIA,736,"23,4","0,0","15,0",04:56,"31,7",16:16,28,"2,2","10,8",16:50,,,,,
2023-07-04,2401X,PALENCIA,PALENCIA,736,"22,4","0,0","14,1",04:59,"30,6",17:07,28,"2,8","7,5",15:10,,,,,
2023-07-05,2401X,PALENCIA,PALENCIA,736,"21,1","0,0","13,2",04:41,"29,0",14:24,05,"1,1","6,7",19:00,,,,,
2023-07-06,2401X,PALENCIA,PALENCIA,736,"22,3","0,0","14,1",04:13,"30,5",16:22,32,"1,7","10,8",16:30,,,,,
2023-07-07,2401X,PALENCIA,PALENCIA,736,"23,8","0,0","14,4",03:47,"33,2",14:44,25,"3,1","11,9",15:30,,,,,
2023-07-08,2401X,PALENCIA,PALENCIA,736,"20,2","0,0","12,5",04:45,"27,8",13:45,99,"1,7","6,9",Varias,,,,,
2023-07-09,2401X,PALENCIA,PALENCIA,736,"22,5","0,0","13,8",05:00,"31,2",16:34,28,"1,4","7,5",15:50,,,,,
2023-07-10,2401X,PALENCIA,PALENCIA,736,"23,7","0,0","11,9",04:45,"35,5",Varias,28,"1,4","6,1",13:30,,,,,
2023-07-11,2401X,PALENCIA,PALENCIA,736,"24,9","0,0","15,1",04:45,"34,7",15:21,27,"3,6","11,4",16:20,,,,,
2023-07-12,2401X,PALENCIA,PALENCIA,736,"22,8","0,0","15,2",04:35,"30,3",15:31,34,"1,9","8,3",17:40,,,,,
2023-07-13,2401X,PALENCIA,PALENCIA,736,"22,6","0,0","14,3",04:46,"30,9",17:01,31,"2,2","7,2",14:10,,,,,
2023-07-14,2401X,PALENCIA,PALENCIA,736,"23,0","0,0","12,6",04:53,"33,5",13:40,28,"3,6","12,5",16:40,,,,,
2023-07-15,2401X,PALENCIA,PALENCIA,736,"20,6","0,0","13,8",23:56,"27,3",15:59,27,"3,9","10,8",06:40,,,,,
2023-07-16,2401X,PALENCIA,PALENCIA,736,"20,4","0,0","11,8",04:59,"29,0",16:01,30,"2,5","7,5",16:20,,,,,
2023-07-17,2401X,PALENCIA,PALENCIA,736,"23,8","0,0","12,7",05:00,"35,0",17:17,26,"1,4","6,4",16:50,,,,,
2023-07-18,2401X,PALENCIA,PALENCIA,736,"26,8","0,0","17,9",23:54,"35,8",15:26,28,"2,5","11,9",13:10,,,,,
2023-07-19,2401X,PALENCIA,PALENCIA,736,"24,0","0,0","14,5",05:01,"33,6",16:27,29,"1,7","6,7",16:00,,,,,
2023-07-20,2401X,PALENCIA,PALENCIA,736,"22,2","0,0","13,5",05:04,"30,8",16:04,05,"2,5","8,3",19:20,,,,,
2023-07-21,2401X,PALENCIA,PALENCIA,736,"19,8","0,0","12,1",04:56,"27,4",15:27,33,"1,7","7,5",14:20,,,,,
2023-07-22,2401X,PALENCIA,PALENCIA,736,"21,6","0,0","11,9",04:32,"31,4",16:32,28,"1,1","5,8",16:50,,,,,
2023-07-23,2401X,PALENCIA,PALENCIA,736,"22,4","0,0","12,5",04:51,"32,3",14:45,29,"2,5","9,4",16:40,,,,,
2023-07-24,2401X,PALENCIA,PALENCIA,736,"20,9","0,0","13,8",23:49,"28,0",15:39,30,"3,3","8,9",18:50,,,,,
2023-07-25,2401X,PALENCIA,PALENCIA,736,"18,1","0,0","9,9",04:35,"26,3",17:03,32,"0,8","6,4",10:30,,,,,
2023-07-26,2401X,PALENCIA,PALENCIA,736,"20,2","0,0","10,5",04:49,"29,9",16:20,32,"1,4","5,0",15:20,,,,,
2023-07-27,2401X,PALENCIA,PALENCIA,736,"23,4","0,0","13,6",04:36,"33,3",15:11,29,"3,1","10,3",18:00,,,,,
2023-07-28,2401X,PALENCIA,PALENCIA,736,"22,0","0,0","12,3",05:26,"31,7",15:27,28,"1,9","8,1",15:30,,,,,
2023-07-29,2401X,PALENCIA,PALENCIA,736,"23,9","0,0","16,6",05:12,"31,2",16:09,25,"3,1","9,2",15:30,,,,,
2023-07-30,2401X,PALENCIA,PALENCIA,736,"22,8","0,0","14,2",05:15,"31,3",17:04,33,"1,9","7,2",16:30,,,,,
2023-07-31,2401X,PALENCIA,PALENCIA,736,"23,8","0,0","13,9",05:15,"33,8",15:39,31,"2,2","7,2",14:40,,,,,
2023-08-01,2401X,PALENCIA,PALENCIA,736,"22,4","0,0","12,1",04:15,"32,8",16:16,30,"2,2","8,6",12:20,,,,,
2023-08-02,2401X,PALENCIA,PALENCIA,736,"23,2","0,0","15,8",05:23,"30,6",13:40,28,"4,2","11,4",18:10,,,,,
2023-08-03,2401X,PALENCIA,PALENCIA,736,"18,7","0,0","10,9",24:00,"26,5",15:32,33,"2,8","9,7",18:00,,,,,
2023-08-04,2401X,PALENCIA,PALENCIA,736,"16,0","0,0","7,4",05:17,"24,6",15:11,36,"1,7","7,5",13:20,,,,,
2023-08-05,2401X,PALENCIA,PALENCIA,736,"20,0","0,0","8,6",05:26,"31,4",16:36,29,"1,9","8,1",17:20,,,,,
2023-08-06,2401X,PALENCIA,PALENCIA,736,"20,8","0,0","13,7",23:59,"28,0",16:07,06,"2,2","7,5",18:00,,,,,
2023-08-07,2401X,PALENCIA,PALENCIA,736,"21,0","0,0","10,0",05:24,"31,9",15:43,33,"1,4","5,6",17:00,,,,,
2023-08-08,2401X,PALENCIA,PALENCIA,736,"24,1","0,0","11,6",05:25,"36,6",16:38,32,"1,1","6,1",12:50,,,,,
2023-08-09,2401X,PALENCIA,PALENCIA,736,"26,8","0,0","15,1",05:27,"38,5",13:28,99,"2,2","8,3",23:50,,,,,
2023-08-10,2401X,PALENCIA,PALENCIA,736,"24,4","0,0","14,3",05:33,"34,4",16:07,28,"1,1","10,3",01:20,,,,,
2023-08-11,2401X,PALENCIA,PALENCIA,736,"24,4","0,0","13,4",05:35,"35,5",15:39,27,"1,9","9,2",21:00,,,,,
2023-08-12,2401X,PALENCIA,PALENCIA,736,"24,0","0,0","14,0",05:31,"34,1",15:41,28,"1,1","6,9",16:00,,,,,
2023-08-13,2401X,PALENCIA,PALENCIA,736,"25,4","0,0","16,4",05:23,"34,4",16:08,31,"1,7","6,1",15:50,,,,,
2023-08-14,2401X,PALENCIA,PALENCIA,736,"24,2","0,0","14,6",05:30,"33,7",16:11,99,"2,2","6,7",17:50,,,,,
2023-08-15,2401X,PALENCIA,PALENCIA,736,"22,6","0,0","14,1",05:39,"31,1",16:08,07,"1,7","6,1",23:20,,,,,
2023-08-16,2401X,PALENCIA,PALENCIA,736,"24,4","0,0","16,6",04:48,"32,2",15:44,35,"1,4","5,3",14:20,,,,,
2023-08-17,2401X,PALENCIA,PALENCIA,736,"24,2","0,0","14,7",05:36,"33,6",14:47,28,"1,9","9,2",15:10,,,,,
2023-08-18,2401X,PALENCIA,PALENCIA,736,"24,7","0,0","16,7",05:14,"32,7",14:07,26,"3,1","10,3",17:10,,,,,
2023-08-19,2401X,PALENCIA,PALENCIA,736,"25,1","0,0","15,6",05:34,"34,6",15:50,26,"1,9","7,5",14:40,,,,,
2023-08-20,2401X,PALENCIA,PALENCIA,736,"26,0","0,0","16,5",05:02,"35,6",14:52,34,"1,1","4,7",14:30,,,,,
2023-08-21,2401X,PALENCIA,PALENCIA,736,"27,4","0,0","17,1",04:52,"37,7",15:50,99,"1,4","5,8",14:50,,,,,
2023-08-22,2401X,PALENCIA,PALENCIA,736,"28,2","0,0","18,4",04:41,"37,9",15:22,16,"0,8","6,4",21:30,,,,,
2023-08-23,2401X,PALENCIA,PALENCIA,736,"28,3","0,0","18,9",05:48,"37,7",16:54,13,"0,8","6,9",14:00,,,,,
2023-08-24,2401X,PALENCIA,PALENCIA,736,"27,9","0,0","18,4",04:14,"37,4",14:02,26,"3,6","10,6",15:50,,,,,
2023-08-25,2401X,PALENCIA,PALENCIA,736,"23,6","0,0","14,0",05:55,"33,3",14:39,26,"3,9","11,9",13:30,,,,,
2023-08-26,2401X,PALENCIA,PALENCIA,736,"20,6","0,0","13,7",23:23,"27,4",15:19,29,"1,7","7,8",13:20,,,,,
2023-08-27,2401X,PALENCIA,PALENCIA,736,"16,2","0,0","8,9",05:54,"23,5",14:01,33,"3,1","9,7",15:20,,,,,
2023-08-28,2401X,PALENCIA,PALENCIA,736,"18,9","0,0","10,4",05:57,"27,4",15:23,30,"3,3","9,2",15:00,,,,,
2023-08-29,2401X,PALENCIA,PALENCIA,736,"17,3","0,0","9,3",05:58,"25,3",16:15,06,"0,8","5,8",19:20,,,,,
2023-08-30,2401X,PALENCIA,PALENCIA,736,"17,4","0,0","9,0",05:32,"25,9",16:16,34,"0,8","5,0",14:10,,,,,
2023-08-31,2401X,PALENCIA,PALENCIA,736,"19,5","0,0","9,6",03:25,"29,4",16:22,30,"1,1","6,9",15:40,,,,,
2023-09-01,2401X,PALENCIA,PALENCIA,736,"20,5","4,0","9,8",05:37,"31,2",14:58,23,"2,8","9,7",14:20,,,,,
2023-09-02,2401X,PALENCIA,PALENCIA,736,"17,0","0,0","14,9",Varias,"19,0",15:19,12,"1,9","8,3",14:00,,,,,
2023-09-03,2401X,PALENCIA,PALENCIA,736,"18,9","21,6","13,9",04:29,"23,9",12:30,99,"1,9","11,1",Varias,,,,,
2023-09-04,2401X,PALENCIA,PALENCIA,736,"19,1","3,0","15,1",24:00,"23,1",15:57,07,"1,1","5,3",18:10,,,,,
2023-09-05,2401X,PALENCIA,PALENCIA,736,"19,8","0,0","12,1",05:45,"27,4",15:00,23,"1,4","8,3",72:00,,,,,
2023-09-06,2401X,PALENCIA,PALENCIA,736,"20,4","0,0","13,0",05:52,"27,9",15:28,99,"0,6","5,0",13:50,,,,,
2023-09-07,2401X,PALENCIA,PALENCIA,736,"22,4","2,0","16,9",06:33,"27,9",12:24,16,"1,4","5,8",14:20,,,,,
2023-09-08,2401X,PALENCIA,PALENCIA,736,"23,1","0,0","16,5",06:31,"29,7",14:28,21,"1,1","6,9",12:50,,,,,
2023-09-09,2401X,PALENCIA,PALENCIA,736,"21,8","0,0","15,8",Varias,"27,8",16:09,28,"2,5","9,7",18:10,,,,,
2023-09-10,2401X,PALENCIA,PALENCIA,736,"20,8","0,4","13,1",05:55,"28,6",14:12,24,"0,8","7,5",13:10,,,,,
2023-09-11,2401X,PALENCIA,PALENCIA,736,"20,0","0,0","14,4",23:55,"25,7",14:08,26,"2,2","10,3",14:40,,,,,
2023-09-12,2401X,PALENCIA,PALENCIA,736,"18,4","4,8","12,6",03:02,"24,1",13:51,99,"0,6","9,2",15:40,,,,,
2023-09-13,2401X,PALENCIA,PALENCIA,736,"18,2","0,0","11,3",05:59,"25,0",15:17,07,"1,4","5,6",09:00,,,,,
2023-09-14,2401X,PALENCIA,PALENCIA,736,"20,8","5,4","13,3",05:43,"28,3",15:44,22,"0,8","5,6",19:20,,,,,
2023-09-15,2401X,PALENCIA,PALENCIA,736,"19,7","2,0","15,9",Varias,"23,5",13:42,14,"1,4","7,5",04:30,,,,,
2023-09-16,2401X,PALENCIA,PALENCIA,736,"18,0","4,4","12,6",22:01,"23,3",12:29,30,"1,1","14,2",21:00,,,,,
2023-09-17,2401X,PALENCIA,PALENCIA,736,"17,2","1,4","12,4",02:20,"22,0",14:15,22,"2,5","11,4",15:30,,,,,
2023-09-18,2401X,PALENCIA,PALENCIA,736,"16,7","0,0","10,8",23:57,"22,6",14:58,26,"2,2","9,2",11:00,,,,,
2023-09-19,2401X,PALENCIA,PALENCIA,736,"16,7","0,0","8,8",05:54,"24,6",14:53,30,"1,1","5,3",14:40,,,,,
2023-09-20,2401X,PALENCIA,PALENCIA,736,"17,0","2,6","9,5",05:59,"24,4",14:19,26,"3,1","8,6",Varias,,,,,
2023-09-21,2401X,PALENCIA,PALENCIA,736,"15,4","0,6","11,1",23:57,"19,8",13:56,26,"4,7","13,1",13:40,,,,,
2023-09-22,2401X,PALENCIA,PALENCIA,736,"14,3","0,0","8,7",06:01,"19,9",15:30,26,"3,9","11,1",12:00,,,,,
2023-09-23,2401X,PALENCIA,PALENCIA,736,"14,0","0,0","5,0",06:02,"22,9",15:40,31,"0,3","4,4",14:50,,,,,
2023-09-24,2401X,PALENCIA,PALENCIA,736,"16,0","0,0","5,2",06:04,"26,7",15:25,03,"0,6","4,7",15:50,,,,,
2023-09-25,2401X,PALENCIA,PALENCIA,736,"17,8","0,0","7,0",06:14,"28,6",15:13,30,"0,6","4,2",15:10,,,,,
2023-09-26,2401X,PALENCIA,PALENCIA,736,"18,6","0,0","8,7",06:20,"28,5",15:23,36,"0,8","3,6",14:20,,,,,
2023-09-27,2401X,PALENCIA,PALENCIA,736,"19,6","0,0","11,1",04:32,"28,1",14:25,27,"2,2","8,6",13:10,,,,,
2023-09-28,2401X,PALENCIA,PALENCIA,736,"19,2","0,0","9,8",06:30,"28,5",14:52,27,"1,4","6,4",13:20,,,,,
2023-09-29,2401X,PALENCIA,PALENCIA,736,"20,4","0,0","10,6",06:19,"30,1",15:55,16,"0,6","3,3",04:40,,,,,
2023-09-30,2401X,PALENCIA,PALENCIA,736,"21,4","0,0","10,5",05:54,"32,3",15:15,34,"0,8","4,4",15:00,,,,,
2023-10-01,2401X,PALENCIA,PALENCIA,736,"21,2","0,0","10,4",06:22,"31,9",14:08,31,"0,8","6,9",15:00,,,,,
2023-10-02,2401X,PALENCIA,PALENCIA,736,"21,6","0,0","10,1",06:22,"33,0",15:11,24,"1,7","9,4",13:20,,,,,
2023-10-03,2401X,PALENCIA,PALENCIA,736,"18,4","0,0","10,0",06:29,"26,9",13:12,06,"1,7","8,6",18:00,,,,,
2023-10-04,2401X,PALENCIA,PALENCIA,736,"20,0","0,0","11,0",23:56,"28,9",15:09,28,"1,7","7,5",15:40,,,,,
2023-10-05,2401X,PALENCIA,PALENCIA,736,"18,8","0,0","7,3",06:24,"30,3",Varias,27,"1,1","6,4",13:00,,,,,
2023-10-06,2401X,PALENCIA,PALENCIA,736,"20,2","0,0","9,2",06:17,"31,2",15:23,16,"0,6","3,9",13:40,,,,,
2023-10-07,2401X,PALENCIA,PALENCIA,736,"20,4","0,0","9,0",06:21,"31,9",13:51,28,"0,6","5,3",15:20,,,,,
2023-10-08,2401X,PALENCIA,PALENCIA,736,"19,3","0,0","8,0",06:18,"30,6",14:31,35,"0,6","4,2",19:20,,,,,
2023-10-09,2401X,PALENCIA,PALENCIA,736,"18,6","0,0","7,3",06:29,"29,9",15:07,99,"0,6","4,4",14:30,,,,,
2023-10-10,2401X,PALENCIA,PALENCIA,736,"16,8","0,0","5,3",06:19,"28,4",15:07,01,"1,4","4,4",13:00,,,,,
2023-10-11,2401X,PALENCIA,PALENCIA,736,"16,6","0,0","4,8",06:22,"28,5",14:09,26,"0,8","5,0",14:30,,,,,
2023-10-12,2401X,PALENCIA,PALENCIA,736,"19,1","0,0","9,0",01:57,"29,2",15:07,22,"0,8","7,2",12:50,,,,,
2023-10-13,2401X,PALENCIA,PALENCIA,736,"17,1","2,6","10,5",06:13,"23,7",10:39,28,"2,2","11,1",10:50,,,,,
2023-10-14,2401X,PALENCIA,PALENCIA,736,"17,3","0,0","11,5",23:59,"23,1",15:47,25,"1,4","5,3",12:10,,,,,
2023-10-15,2401X,PALENCIA,PALENCIA,736,"14,1","4,0","8,9",05:36,"19,3",14:09,30,"0,6","4,4",15:30,,,,,
2023-10-16,2401X,PALENCIA,PALENCIA,736,"16,2","1,2","13,7",00:46,"18,8",13:45,24,"1,1","6,1",12:00,,,,,
2023-10-17,2401X,PALENCIA,PALENCIA,736,"19,0","2,2","13,7",07:17,"24,2",14:19,21,"2,2","15,8",13:30,,,,,
2023-10-18,2401X,PALENCIA,PALENCIA,736,"16,8","8,4","13,2",23:46,"20,3",15:25,29,"3,9","13,1",06:20,,,,,
2023-10-19,2401X,PALENCIA,PALENCIA,736,"11,9","7,4","9,7",23:51,"14,1",13:22,24,"3,1","12,2",23:00,,,,,
2023-10-20,2401X,PALENCIA,PALENCIA,736,"11,6","0,0","7,2",23:56,"15,9",14:23,99,"6,4","16,1",Varias,,,,,
2023-10-21,2401X,PALENCIA,PALENCIA,736,"10,6","0,0","6,5",06:22,"14,7",13:41,28,"3,1","10,8",00:30,,,,,
2023-10-22,2401X,PALENCIA,PALENCIA,736,"12,2","2,2","7,8",07:04,"16,7",13:37,16,"1,7","6,4",12:40,,,,,
2023-10-23,2401X,PALENCIA,PALENCIA,736,"10,6","2,0","7,6",23:51,"13,6",11:07,21,"2,2","7,8",08:20,,,,,
2023-10-24,2401X,PALENCIA,PALENCIA,736,"9,4","5,0","5,2",05:58,"13,6",12:05,22,"3,6","11,4",12:20,,,,,
2023-10-25,2401X,PALENCIA,PALENCIA,736,"14,0","0,6","11,8",Varias,"16,2",21:45,23,"3,9","12,8",04:10,,,,,
2023-10-26,2401X,PALENCIA,PALENCIA,736,"12,8","4,0","9,1",23:47,"16,5",09:21,22,"5,0","16,4",11:00,,,,,
2023-10-27,2401X,PALENCIA,PALENCIA,736,"12,0","0,2","9,0",00:32,"14,9",13:10,24,"4,2","12,5",13:40,,,,,
2023-10-28,2401X,PALENCIA,PALENCIA,736,"13,5","5,2","10,4",04:58,"16,6",12:44,22,"5,6","14,4",12:50,,,,,
2023-10-29,2401X,PALENCIA,PALENCIA,736,"13,0","23,8","10,8",21:12,"15,3",11:33,22,"3,1","11,4",02:40,,,,,
2023-10-30,2401X,PALENCIA,PALENCIA,736,"10,0","0,0","7,4",23:35,"12,6",12:54,27,"3,6","12,5",11:30,,,,,
2023-10-31,2401X,PALENCIA,PALENCIA,736,"10,4","0,0","5,6",04:18,"15,3",13:08,21,"1,4","6,4",12:40,,,,,
2023-11-01,2401X,PALENCIA,PALENCIA,736,"11,2","18,4","8,6",00:01,"13,9",14:19,24,"5,0","17,8",20:20,,,,,
2023-11-02,2401X,PALENCIA,PALENCIA,736,"9,4","3,0","4,6",21:01,"14,2",02:59,33,"5,6","21,7",11:40,,,,,
2023-11-03,2401X,PALENCIA,PALENCIA,736,"8,8","0,0","5,4",00:01,"12,2",12:53,28,"5,8","16,7",11:20,,,,,
2023-11-04,2401X,PALENCIA,PALENCIA,736,"11,4","0,4","8,0",23:57,"14,8",13:35,27,"8,6","22,5",12:30,,,,,
2023-11-05,2401X,PALENCIA,PALENCIA,736,"9,2","0,2","6,4",23:21,"12,1",13:16,24,"5,0","15,6",00:10,,,,,
2023-11-06,2401X,PALENCIA,PALENCIA,736,"7,2","1,8","3,0",23:57,"11,4",14:11,99,"3,6","9,4",Varias,,,,,
2023-11-07,2401X,PALENCIA,PALENCIA,736,"6,0","1,0","0,6",03:38,"11,5",14:53,99,"2,8","9,4",09:50,,,,,
2023-11-08,2401X,PALENCIA,PALENCIA,736,"7,6","6,6","3,9",Varias,"11,2",13:38,22,"2,8","10,0",23:10,,,,,
2023-11-09,2401X,PALENCIA,PALENCIA,736,"9,6","0,0","6,4",06:57,"12,7",13:33,26,"2,5","10,6",02:20,,,,,
2023-11-10,2401X,PALENCIA,PALENCIA,736,"10,6","4,6","7,4",06:37,"13,9",12:49,28,"4,7","11,7",13:00,,,,,
2023-11-11,2401X,PALENCIA,PALENCIA,736,"15,0","0,0","12,5",00:01,"17,6",12:27,26,"6,9","15,3",04:40,,,,,
2023-11-12,2401X,PALENCIA,PALENCIA,736,"14,8","0,2","12,3",07:17,"17,2",12:41,22,"2,5","10,0",00:10,,,,,
2023-11-13,2401X,PALENCIA,PALENCIA,736,"15,1","0,0","11,7",22:51,"18,5",14:01,24,"2,5","9,4",10:20,,,,,
2023-11-14,2401X,PALENCIA,PALENCIA,736,"13,6","0,0","9,2",04:05,"18,0",13:19,26,"2,2","10,3",12:40,,,,,
2023-11-15,2401X,PALENCIA,PALENCIA,736,"14,0","0,0","12,2",20:42,"15,8",16:04,22,"2,2","6,4",23:50,,,,,
2023-11-16,2401X,PALENCIA,PALENCIA,736,"14,1","0,0","9,2",23:55,"19,0",14:25,28,"2,5","10,8",11:20,,,,,
2023-11-17,2401X,PALENCIA,PALENCIA,736,"10,6","0,0","5,8",04:22,"15,5",15:51,35,"0,8","3,3",02:50,,,,,
2023-11-18,2401X,PALENCIA,PALENCIA,736,"10,8","0,2","4,1",05:49,"17,5",15:26,00,"0,0","0,0",Varias,,,,,
2023-11-19,2401X,PALENCIA,PALENCIA,736,"8,2","0,4","6,6",07:51,"9,7",Varias,00,"0,0","0,0",Varias,,,,,
2023-11-20,2401X,PALENCIA,PALENCIA,736,"9,4","0,2","6,6",05:15,"12,2",15:46,32,"0,6","6,9",19:50,,,,,
2023-11-21,2401X,PALENCIA,PALENCIA,736,"6,4","0,0","0,6",07:20,"12,3",14:38,35,"1,4","8,9",14:50,,,,,
2023-11-22,2401X,PALENCIA,PALENCIA,736,"6,8","0,0","1,6",00:41,"12,0",14:01,08,"1,7","11,1",15:30,,,,,
2023-11-23,2401X,PALENCIA,PALENCIA,736,"8,4","0,0","4,2",23:52,"12,5",Varias,06,"3,1","9,2",13:00,,,,,
2023-11-24,2401X,PALENCIA,PALENCIA,736,"8,8","0,0","3,7",07:36,"13,8",14:41,08,"1,1","7,2",01:00,,,,,
2023-11-25,2401X,PALENCIA,PALENCIA,736,"7,4","0,0","1,4",23:56,"13,5",14:27,06,"0,3","3,6",00:20,,,,,
2023-11-26,2401X,PALENCIA,PALENCIA,736,"5,9","0,0","-0,4",04:49,"12,2",14:33,99,"0,6","2,2",Varias,,,,,
2023-11-27,2401X,PALENCIA,PALENCIA,736,"7,5","2,0","0,7",05:42,"14,3",14:07,28,"2,2","8,9",18:20,,,,,
2023-11-28,2401X,PALENCIA,PALENCIA,736,"11,0","0,6","9,5",06:36,"12,4",12:03,25,"3,3","9,7",22:40,,,,,
2023-11-29,2401X,PALENCIA,PALENCIA,736,"12,8","0,8","10,3",03:17,"15,4",12:44,24,"4,2","11,7",13:30,,,,,
2023-11-30,2401X,PALENCIA,PALENCIA,736,"9,8","23,8","6,6",19:42,"12,9",01:09,22,"2,2","11,7",01:00,,,,,
2023-12-01,2401X,PALENCIA,PALENCIA,736,"5,0","0,0","2,1",08:16,"8,0",14:11,28,"4,7","12,2",20:30,,,,,
2023-12-02,2401X,PALENCIA,PALENCIA,736,"4,6","0,0","0,1",23:48,"9,0",13:43,26,"3,1","11,4",00:30,,,,,
2023-12-03,2401X,PALENCIA,PALENCIA,736,"3,6","2,4","-1,0",05:45,"8,3",12:49,19,"1,9","8,9",23:59,,,,,
2023-12-04,2401X,PALENCIA,PALENCIA,736,"6,8","0,0","2,4",23:30,"11,3",13:20,26,"5,0","12,8",10:10,,,,,
2023-12-05,2401X,PALENCIA,PALENCIA,736,"2,8","0,0","-1,4",07:17,"7,0",13:38,28,"0,8","8,1",00:50,,,,,
2023-12-06,2401X,PALENCIA,PALENCIA,736,"1,6","0,6","-2,7",07:15,"6,0",13:38,28,"0,3","4,2",13:50,,,,,
2023-12-07,2401X,PALENCIA,PALENCIA,736,"4,5","11,2","-0,5",Varias,"9,5",23:07,26,"2,2","9,7",23:30,,,,,
2023-12-08,2401X,PALENCIA,PALENCIA,736,"6,3","0,0","3,8",07:45,"8,8",00:01,28,"4,4","11,9",06:40,,,,,
2023-12-09,2401X,PALENCIA,PALENCIA,736,"11,1","0,0","6,9",02:34,"15,3",14:09,25,"4,7","13,1",14:10,,,,,
2023-12-10,2401X,PALENCIA,PALENCIA,736,"13,1","0,0","10,3",05:32,"15,9",14:29,25,"2,8","8,9",10:30,,,,,
2023-12-11,2401X,PALENCIA,PALENCIA,736,"11,8","0,0","8,0",Varias,"15,6",12:49,24,"2,5","10,0",12:00,,,,,
2023-12-12,2401X,PALENCIA,PALENCIA,736,"11,2","3,8","8,6",23:55,"13,9",13:09,24,"3,9","12,2",18:20,,,,,
2023-12-13,2401X,PALENCIA,PALENCIA,736,"6,7","0,0","3,4",23:57,"10,0",13:10,28,"5,6","12,8",12:20,,,,,
2023-12-14,2401X,PALENCIA,PALENCIA,736,"4,4","0,0","-1,2",07:35,"9,9",14:36,28,"0,6","7,5",01:20,,,,,
2023-12-15,2401X,PALENCIA,PALENCIA,736,"4,8","0,0","-1,7",07:11,"11,2",14:42,05,"1,4","6,7",14:50,,,,,
2023-12-16,2401X,PALENCIA,PALENCIA,736,"3,5","0,0","-1,7",08:03,"8,7",14:45,35,"1,4","4,7",11:20,,,,,
2023-12-17,2401X,PALENCIA,PALENCIA,736,"0,7","0,0","-1,0",06:41,"2,4",14:28,15,"1,1","2,8",06:30,,,,,
2023-12-18,2401X,PALENCIA,PALENCIA,736,"-1,0","0,0","-2,6",08:43,"0,6",14:57,14,"1,1","2,8",23:20,,,,,
2023-12-19,2401X,PALENCIA,PALENCIA,736,"-1,6","0,6","-2,8",08:26,"-0,3",16:07,31,"0,6","3,6",18:40,,,,,
2023-12-20,2401X,PALENCIA,PALENCIA,736,"2,2","0,0","-2,0",00:01,"6,5",14:45,34,"1,7","5,3",13:10,,,,,
2023-12-21,2401X,PALENCIA,PALENCIA,736,"2,1","0,0","-2,8",05:32,"7,0",15:47,13,"1,1","4,4",11:30,,,,,
2023-12-22,2401X,PALENCIA,PALENCIA,736,"1,6","0,0","-2,6",03:19,"5,9",14:42,35,"1,4","4,2",15:30,,,,,
2023-12-23,2401X,PALENCIA,PALENCIA,736,"3,2","0,0","-2,3",05:58,"8,8",14:44,32,"1,4","5,6",13:00,,,,,
2023-12-24,2401X,PALENCIA,PALENCIA,736,"0,0","0,0","-2,0",06:45,"2,0",15:07,14,"0,6","3,6",05:30,,,,,
2023-12-25,2401X,PALENCIA,PALENCIA,736,"-0,8","0,0","-1,9",Varias,"0,2",00:01,14,"0,8","3,3",03:00,,,,,
2023-12-26,2401X,PALENCIA,PALENCIA,736,"-1,2","0,0","-3,0",Varias,"0,5",15:06,34,"0,8","4,4",19:20,,,,,
2023-12-27,2401X,PALENCIA,PALENCIA,736,"-1,0","0,0","-3,6",07:56,"1,6",18:09,29,"0,6","4,4",12:00,,,,,
2023-12-28,2401X,PALENCIA,PALENCIA,736,"3,6","0,6","0,1",00:27,"7,0",16:09,14,"1,1","4,2",10:20,,,,,
2023-12-29,2401X,PALENCIA,PALENCIA,736,"6,9","1,2","5,5",Varias,"8,3",10:45,20,"0,8","4,2",08:40,,,,,
2023-12-30,2401X,PALENCIA,PALENCIA,736,"7,3","1,6","4,3",06:24,"10,3",14:11,24,"1,7","10,3",22:00,,,,,
2023-12-31,2401X,PALENCIA,PALENCIA,736,"7,0","0,2","4,2",21:14,"9,7",13:07,21,"4,2","11,1",03:30,,,,,
2024-01-01,2401X,PALENCIA,PALENCIA,736,"4,6","0,0","0,1",07:30,"9,0",14:15,21,"1,4","5,8",12:20,,,,,
2024-01-02,2401X,PALENCIA,PALENCIA,736,"7,4","10,6","3,5",02:57,"11,4",14:08,21,"3,3","10,8",13:30,,,,,
2024-01-03,2401X,PALENCIA,PALENCIA,736,"8,8","0,2","5,4",22:52,"12,1",11:03,27,"3,6","10,0",13:00,,,,,
2024-01-04,2401X,PALENCIA,PALENCIA,736,"7,6","0,8","4,7",08:34,"10,5",12:35,29,"2,8","10,3",20:20,,,,,
2024-01-05,2401X,PALENCIA,PALENCIA,736,"4,7","0,0","1,3",07:27,"8,1",14:00,28,"5,0","11,4",18:30,,,,,
2024-01-06,2401X,PALENCIA,PALENCIA,736,"3,2","0,0","-1,6",23:59,"8,1",14:44,28,"3,1","11,4",01:50,,,,,
2024-01-07,2401X,PALENCIA,PALENCIA,736,"1,6","0,0","-4,5",07:45,"7,7",14:46,32,"1,4","4,7",13:30,,,,,
2024-01-08,2401X,PALENCIA,PALENCIA,736,"-0,4","0,0","-5,5",06:41,"4,6",15:10,14,"0,8","2,5",09:10,,,,,
2024-01-09,2401X,PALENCIA,PALENCIA,736,"2,6","0,2","0,7",03:54,"4,6",12:11,28,"0,8","4,2",15:10,,,,,
2024-01-10,2401X,PALENCIA,PALENCIA,736,"4,1","5,4","2,2",Varias,"6,0",13:29,27,"2,2","8,9",10:40,,,,,
2024-01-11,2401X,PALENCIA,PALENCIA,736,"1,5","0,0","-1,6",08:17,"4,6",Varias,06,"1,1","5,0",01:20,,,,,
2024-01-12,2401X,PALENCIA,PALENCIA,736,"0,7","0,0","-3,8",07:59,"5,2",14:55,07,"0,8","6,1",10:40,,,,,
2024-01-13,2401X,PALENCIA,PALENCIA,736,"3,2","5,0","-1,3",00:01,"7,7",15:08,14,"0,8","3,6",12:10,,,,,
2024-01-14,2401X,PALENCIA,PALENCIA,736,"8,7","13,0","5,3",00:01,"12,1",13:46,27,"1,9","11,1",16:50,,,,,
2024-01-15,2401X,PALENCIA,PALENCIA,736,"11,5","3,2","8,5",00:53,"14,5",15:07,99,"4,2","11,1",22:50,,,,,
2024-01-16,2401X,PALENCIA,PALENCIA,736,"9,6","5,4","5,8",04:00,"13,5",14:57,22,"2,5","13,3",19:40,,,,,
2024-01-17,2401X,PALENCIA,PALENCIA,736,"10,4","0,6","8,4",23:17,"12,4",12:48,24,"5,6","15,0",16:00,,,,,
2024-01-18,2401X,PALENCIA,PALENCIA,736,"9,6","0,4","6,2",23:51,"13,1",14:41,24,"4,7","14,2",00:20,,,,,
2024-01-19,2401X,PALENCIA,PALENCIA,736,"2,4","0,0","-1,5",Varias,"6,2",00:01,08,"3,1","12,5",12:30,,,,,
2024-01-20,2401X,PALENCIA,PALENCIA,736,"0,2","0,0","-5,3",07:56,"5,7",15:13,08,"1,4","5,3",00:10,,,,,
2024-01-21,2401X,PALENCIA,PALENCIA,736,"2,4","0,0","-1,9",06:34,"6,8",15:31,99,"1,4","4,7",Varias,,,,,
2024-01-22,2401X,PALENCIA,PALENCIA,736,"6,6","0,2","1,4",05:31,"11,8",14:09,28,"2,5","8,3",21:10,,,,,
2024-01-23,2401X,PALENCIA,PALENCIA,736,"10,2","0,2","8,9",08:22,"11,4",15:50,29,"1,1","5,3",01:40,,,,,
2024-01-24,2401X,PALENCIA,PALENCIA,736,"7,8","0,2","6,1",23:57,"9,6",15:51,01,"0,6","2,8",17:50,,,,,
2024-01-25,2401X,PALENCIA,PALENCIA,736,"5,9","0,2","3,8",07:56,"8,0",Varias,15,"0,6","2,8",02:50,,,,,
2024-01-26,2401X,PALENCIA,PALENCIA,736,"6,2","0,0","1,1",08:15,"11,4",15:26,32,"0,6","3,6",12:20,,,,,
2024-01-27,2401X,PALENCIA,PALENCIA,736,"7,5","0,0","-0,2",07:38,"15,2",14:48,99,"0,6","3,3",Varias,,,,,
2024-01-28,2401X,PALENCIA,PALENCIA,736,"8,0","0,0","0,5",06:42,"15,5",Varias,34,"0,8","4,2",14:20,,,,,
2024-01-29,2401X,PALENCIA,PALENCIA,736,"9,6","0,0","3,2",06:21,"15,9",14:47,15,"0,8","2,8",13:00,,,,,
2024-01-30,2401X,PALENCIA,PALENCIA,736,"7,3","0,0","1,1",03:48,"13,5",15:07,99,"0,3","3,3",Varias,,,,,
2024-01-31,2401X,PALENCIA,PALENCIA,736,"6,8","0,0","1,8",00:49,"11,9",Varias,14,"0,6","3,3",08:00,,,,,
2024-02-01,2401X,PALENCIA,PALENCIA,736,"7,8","0,0","-0,5",07:00,"16,2",14:39,36,"1,1","6,4",14:00,,,,,
2024-02-02,2401X,PALENCIA,PALENCIA,736,"8,1","0,0","2,6",00:26,"13,6",15:01,06,"1,9","8,1",11:00,,,,,
2024-02-03,2401X,PALENCIA,PALENCIA,736,"7,2","0,0","-1,0",07:26,"15,5",15:10,34,"0,8","3,9",13:50,,,,,
2024-02-04,2401X,PALENCIA,PALENCIA,736,"7,2","0,0","-1,2",07:15,"15,5",15:09,33,"1,1","3,9",13:10,,,,,
2024-02-05,2401X,PALENCIA,PALENCIA,736,"6,4","0,0","-1,2",07:17,"13,9",15:51,35,"0,8","3,6",12:40,,,,,
2024-02-06,2401X,PALENCIA,PALENCIA,736,"7,9","0,0","1,7",03:45,"14,1",15:52,26,"0,6","5,0",21:20,,,,,
2024-02-07,2401X,PALENCIA,PALENCIA,736,"6,4","0,0","1,0",04:03,"11,9",14:09,26,"2,8","10,6",14:20,,,,,
2024-02-08,2401X,PALENCIA,PALENCIA,736,"10,5","3,4","8,2",00:01,"12,8",13:45,22,"3,9","20,0",14:20,,,,,
2024-02-09,2401X,PALENCIA,PALENCIA,736,"9,2","13,2","6,9",23:35,"11,5",11:28,20,"3,9","12,8",17:30,,,,,
2024-02-10,2401X,PALENCIA,PALENCIA,736,"5,4","1,2","2,2",22:27,"8,6",12:23,29,"6,1","18,3",12:40,,,,,
2024-02-11,2401X,PALENCIA,PALENCIA,736,"5,2","0,2","1,1",03:58,"9,2",15:08,26,"3,1","9,7",00:10,,,,,
2024-02-12,2401X,PALENCIA,PALENCIA,736,"11,0","0,0","6,6",00:01,"15,5",Varias,26,"5,0","15,6",07:10,,,,,
2024-02-13,2401X,PALENCIA,PALENCIA,736,"10,6","1,2","4,7",06:37,"16,6",14:42,27,"2,2","8,3",00:40,,,,,
2024-02-14,2401X,PALENCIA,PALENCIA,736,"12,2","0,0","7,8",00:58,"16,7",15:07,16,"1,4","4,4",23:59,,,,,
2024-02-15,2401X,PALENCIA,PALENCIA,736,"13,1","11,8","8,0",06:59,"18,2",12:50,24,"2,5","13,1",14:50,,,,,
2024-02-16,2401X,PALENCIA,PALENCIA,736,"9,0","0,0","4,0",23:57,"13,9",15:24,28,"1,4","8,3",01:10,,,,,
2024-02-17,2401X,PALENCIA,PALENCIA,736,"7,2","0,0","0,1",07:14,"14,4",15:15,32,"1,1","4,2",12:00,,,,,
2024-02-18,2401X,PALENCIA,PALENCIA,736,"8,6","0,0","1,3",06:50,"16,0",16:20,99,"1,1","3,6",Varias,,,,,
2024-02-19,2401X,PALENCIA,PALENCIA,736,"10,1","0,0","3,8",23:57,"16,4",14:08,05,"1,4","8,1",12:40,,,,,
2024-02-20,2401X,PALENCIA,PALENCIA,736,"7,6","0,0","-1,5",06:58,"16,6",14:07,33,"1,4","5,3",14:10,,,,,
2024-02-21,2401X,PALENCIA,PALENCIA,736,"7,3","0,0","-0,1",02:34,"14,7",12:26,26,"1,7","10,0",21:40,,,,,
2024-02-22,2401X,PALENCIA,PALENCIA,736,"8,4","2,8","2,4",23:02,"14,5",12:14,24,"6,4","17,2",12:30,,,,,
2024-02-23,2401X,PALENCIA,PALENCIA,736,"5,4","0,8","1,3",01:36,"9,6",13:29,28,"6,7","19,2",15:40,,,,,
2024-02-24,2401X,PALENCIA,PALENCIA,736,"5,6","1,8","1,1",Varias,"10,0",13:45,26,"4,7","15,0",01:00,,,,,
2024-02-25,2401X,PALENCIA,PALENCIA,736,"8,8","3,6","5,6",00:01,"12,0",10:41,26,"8,3","19,7",10:30,,,,,
2024-02-26,2401X,PALENCIA,PALENCIA,736,"4,2","0,0","1,0",22:46,"7,4",13:24,30,"6,4","15,6",12:40,,,,,
2024-02-27,2401X,PALENCIA,PALENCIA,736,"4,7","0,0","-1,5",23:41,"10,9",13:15,33,"1,9","8,3",13:50,,,,,
2024-02-28,2401X,PALENCIA,PALENCIA,736,"4,6","0,0","-3,7",06:18,"13,0",16:00,34,"1,1","5,6",13:40,,,,,
2024-02-29,2401X,PALENCIA,PALENCIA,736,"4,8","1,2","-1,2",04:28,"10,7",13:08,29,"4,4","17,5",17:00,,,,,
2024-03-01,2401X,PALENCIA,PALENCIA,736,"5,2","0,0","-1,3",06:07,"11,6",14:26,26,"5,0","13,1",12:10,,,,,
2024-03-02,2401X,PALENCIA,PALENCIA,736,"4,0","9,4","0,4",23:41,"7,5",10:17,22,"6,4","19,2",11:40,,,,,
2024-03-03,2401X,PALENCIA,PALENCIA,736,"4,0","0,4","-0,6",05:15,"8,5",13:32,28,"5,0","13,3",13:10,,,,,
2024-03-04,2401X,PALENCIA,PALENCIA,736,"8,4","1,2","4,3",23:48,"12,6",14:45,27,"5,0","14,7",14:30,,,,,
2024-03-05,2401X,PALENCIA,PALENCIA,736,"6,1","0,0","0,4",23:36,"11,8",15:09,26,"3,1","8,3",05:20,,,,,
2024-03-06,2401X,PALENCIA,PALENCIA,736,"6,0","0,0","-1,3",05:57,"13,2",15:00,13,"1,4","6,1",13:40,,,,,
2024-03-07,2401X,PALENCIA,PALENCIA,736,"6,5","5,4","1,0",04:29,"12,0",15:09,16,"3,1","13,9",10:10,,,,,
2024-03-08,2401X,PALENCIA,PALENCIA,736,"5,8","14,4","1,4",00:41,"10,1",14:50,22,"4,4","15,8",16:20,,,,,
2024-03-09,2401X,PALENCIA,PALENCIA,736,"5,2","0,6","2,7",07:23,"7,7",15:27,26,"4,7","14,7",13:50,,,,,
2024-03-10,2401X,PALENCIA,PALENCIA,736,"7,8","0,0","3,3",00:01,"12,4",14:30,30,"6,9","15,0",13:30,,,,,
2024-03-11,2401X,PALENCIA,PALENCIA,736,"8,2","0,0","3,1",23:42,"13,3",14:54,28,"5,8","12,2",07:40,,,,,
2024-03-12,2401X,PALENCIA,PALENCIA,736,"7,0","0,0","-1,8",06:43,"15,9",16:07,14,"0,6","3,9",11:40,,,,,
2024-03-13,2401X,PALENCIA,PALENCIA,736,"10,0","0,0","-0,3",06:41,"20,2",16:23,17,"1,1","3,3",10:10,,,,,
2024-03-14,2401X,PALENCIA,PALENCIA,736,"10,4","0,6","4,1",04:26,"16,7",15:03,27,"2,5","10,3",15:10,,,,,
2024-03-15,2401X,PALENCIA,PALENCIA,736,"11,6","0,6","6,5",23:57,"16,6",15:44,26,"1,9","6,7",10:00,,,,,
2024-03-16,2401X,PALENCIA,PALENCIA,736,"10,8","0,0","4,4",05:40,"17,2",14:49,13,"1,7","5,8",10:20,,,,,
2024-03-17,2401X,PALENCIA,PALENCIA,736,"12,8","0,0","5,8",Varias,"19,8",15:03,31,"1,4","5,8",16:10,,,,,
2024-03-18,2401X,PALENCIA,PALENCIA,736,"13,8","0,0","5,2",06:20,"22,3",15:08,20,"1,1","5,0",13:20,,,,,
2024-03-19,2401X,PALENCIA,PALENCIA,736,"14,0","0,0","5,4",05:40,"22,7",14:33,99,"1,1","4,4",Varias,,,,,
2024-03-20,2401X,PALENCIA,PALENCIA,736,"14,6","0,8","6,2",06:46,"22,9",14:30,14,"1,7","6,9",14:20,,,,,
2024-03-21,2401X,PALENCIA,PALENCIA,736,"16,1","0,0","9,4",06:18,"22,8",Varias,08,"1,9","7,8",16:50,,,,,
2024-03-22,2401X,PALENCIA,PALENCIA,736,"16,4","0,0","6,5",06:51,"26,3",15:09,02,"0,6","6,4",21:30,,,,,
2024-03-23,2401X,PALENCIA,PALENCIA,736,"12,7","0,0","6,9",23:59,"18,5",14:23,99,"2,8","9,7",Varias,,,,,
2024-03-24,2401X,PALENCIA,PALENCIA,736,"10,2","0,0","2,9",05:33,"17,5",14:54,07,"1,9","8,1",11:00,,,,,
2024-03-25,2401X,PALENCIA,PALENCIA,736,"10,4","0,0","3,0",04:37,"17,9",14:55,27,"2,5","14,2",16:00,,,,,
2024-03-26,2401X,PALENCIA,PALENCIA,736,"5,2","1,4","0,8",06:59,"9,6",14:05,29,"5,3","12,2",17:30,,,,,
2024-03-27,2401X,PALENCIA,PALENCIA,736,"8,9","0,8","3,2",01:44,"14,6",14:48,24,"6,7","23,6",17:10,,,,,
2024-03-28,2401X,PALENCIA,PALENCIA,736,"8,2","16,2","3,3",03:27,"13,2",15:02,20,"3,9","17,5",14:00,,,,,
2024-03-29,2401X,PALENCIA,PALENCIA,736,"5,4","3,0","1,9",22:14,"8,8",16:44,99,"2,5","10,8",Varias,,,,,
2024-03-30,2401X,PALENCIA,PALENCIA,736,"8,2","4,2","2,8",05:58,"13,7",14:56,24,"3,3","12,8",13:10,,,,,
2024-03-31,2401X,PALENCIA,PALENCIA,736,"6,8","5,0","3,0",03:36,"10,5",15:21,28,"3,6","10,8",13:20,,,,,
2024-04-01,2401X,PALENCIA,PALENCIA,736,"7,4","0,4","2,1",23:59,"12,6",13:56,26,"6,4","14,7",12:30,,,,,
2024-04-02,2401X,PALENCIA,PALENCIA,736,"7,2","2,0","1,6",01:12,"12,9",13:14,19,"3,1","12,8",14:20,,,,,
2024-04-03,2401X,PALENCIA,PALENCIA,736,"12,5","0,0","8,0",02:56,"17,0",14:05,25,"3,1","9,2",09:20,,,,,
2024-04-04,2401X,PALENCIA,PALENCIA,736,"12,0","0,0","4,5",05:48,"19,4",14:20,22,"2,2","7,8",17:00,,,,,
2024-04-05,2401X,PALENCIA,PALENCIA,736,"14,7","0,0","6,3",04:51,"23,1",13:36,19,"3,1","9,4",16:40,,,,,
2024-04-06,2401X,PALENCIA,PALENCIA,736,"16,1","0,0","12,0",22:58,"20,2",12:45,28,"3,1","9,7",14:30,,,,,
2024-04-07,2401X,PALENCIA,PALENCIA,736,"14,3","8,4","10,1",21:34,"18,5",15:01,21,"1,7","8,9",13:50,,,,,
2024-04-08,2401X,PALENCIA,PALENCIA,736,"8,4","5,0","3,0",23:55,"13,8",09:30,27,"5,3","17,8",12:50,,,,,
2024-04-09,2401X,PALENCIA,PALENCIA,736,"7,6","0,0","1,1",05:59,"14,1",15:48,28,"1,4","7,8",08:20,,,,,
2024-04-10,2401X,PALENCIA,PALENCIA,736,"9,5","0,0","1,2",03:58,"17,8",16:15,34,"1,4","8,1",13:50,,,,,
2024-04-11,2401X,PALENCIA,PALENCIA,736,"14,0","0,0","5,2",04:36,"22,9",16:07,05,"1,7","6,1",13:10,,,,,
2024-04-12,2401X,PALENCIA,PALENCIA,736,"15,9","0,0","5,5",05:56,"26,3",15:45,29,"1,1","4,7",11:20,,,,,
2024-04-13,2401X,PALENCIA,PALENCIA,736,"16,4","0,0","5,8",05:47,"27,1",15:50,32,"0,8","3,6",13:40,,,,,
2024-04-14,2401X,PALENCIA,PALENCIA,736,"17,2","0,0","7,3",05:27,"27,2",15:33,28,"1,4","5,8",15:20,,,,,
2024-04-15,2401X,PALENCIA,PALENCIA,736,"15,0","0,0","8,1",23:58,"22,0",16:05,05,"1,9","7,2",08:10,,,,,
2024-04-16,2401X,PALENCIA,PALENCIA,736,"10,9","0,0","4,0",05:44,"17,8",13:09,07,"2,2","7,2",14:50,,,,,
2024-04-17,2401X,PALENCIA,PALENCIA,736,"9,4","0,0","2,8",05:31,"16,0",15:07,06,"2,2","7,8",12:50,,,,,
2024-04-18,2401X,PALENCIA,PALENCIA,736,"9,6","0,0","3,1",05:39,"16,2",14:25,08,"2,5","8,3",14:30,,,,,
2024-04-19,2401X,PALENCIA,PALENCIA,736,"10,7","0,0","-0,3",05:36,"21,7",Varias,99,"0,8","3,9",08:30,,,,,
2024-04-20,2401X,PALENCIA,PALENCIA,736,"12,2","0,0","3,6",02:14,"20,7",14:47,08,"3,3","10,8",16:40,,,,,
2024-04-21,2401X,PALENCIA,PALENCIA,736,"11,6","0,0","3,8",04:40,"19,5",14:09,07,"3,1","9,7",15:20,,,,,
2024-04-22,2401X,PALENCIA,PALENCIA,736,"8,1","0,0","2,6",23:56,"13,6",14:19,06,"4,4","11,9",07:50,,,,,
2024-04-23,2401X,PALENCIA,PALENCIA,736,"7,4","0,0","-1,6",05:20,"16,4",14:01,35,"2,5","10,0",15:10,,,,,
2024-04-24,2401X,PALENCIA,PALENCIA,736,"7,6","0,0","-1,5",05:24,"16,6",15:10,32,"1,1","5,3",15:30,,,,,
2024-04-25,2401X,PALENCIA,PALENCIA,736,"9,8","0,2","4,3",23:49,"15,3",15:28,26,"1,4","6,4",14:40,,,,,
2024-04-26,2401X,PALENCIA,PALENCIA,736,"8,9","2,0","2,0",03:13,"15,8",16:32,26,"2,5","11,4",17:40,,,,,
2024-04-27,2401X,PALENCIA,PALENCIA,736,"7,4","6,4","2,8",24:00,"11,9",15:09,28,"2,2","12,2",14:10,,,,,
2024-04-28,2401X,PALENCIA,PALENCIA,736,"7,4","0,2","-0,3",04:55,"15,2",14:46,27,"1,1","6,7",13:40,,,,,
2024-04-29,2401X,PALENCIA,PALENCIA,736,"9,6","0,0","1,0",05:38,"18,1",14:42,31,"1,7","6,7",14:50,,,,,
2024-04-30,2401X,PALENCIA,PALENCIA,736,"8,9","1,4","1,3",Varias,"16,5",12:56,30,"2,8","9,7",18:50,,,,,
2024-05-01,2401X,PALENCIA,PALENCIA,736,"8,2","1,2","2,6",22:00,"13,8",14:53,28,"2,8","10,3",15:30,,,,,
2024-05-02,2401X,PALENCIA,PALENCIA,736,"7,9","0,0","1,1",04:37,"14,7",15:04,28,"3,9","9,4",13:20,,,,,
2024-05-03,2401X,PALENCIA,PALENCIA,736,"9,7","0,0","2,2",05:29,"17,2",14:03,27,"2,5","8,9",00:10,,,,,
2024-05-04,2401X,PALENCIA,PALENCIA,736,"15,6","0,6","9,7",Varias,"21,4",13:12,28,"3,3","11,4",15:50,,,,,
2024-05-05,2401X,PALENCIA,PALENCIA,736,"14,8","15,8","10,5",21:48,"19,1",10:44,25,"1,7","12,5",14:20,,,,,
2024-05-06,2401X,PALENCIA,PALENCIA,736,"12,2","0,2","6,8",05:18,"17,7",16:39,28,"2,2","7,5",13:30,,,,,
2024-05-07,2401X,PALENCIA,PALENCIA,736,"10,5","0,0","2,7",05:15,"18,3",15:19,99,"1,7","6,1",Varias,,,,,
2024-05-08,2401X,PALENCIA,PALENCIA,736,"14,0","0,0","5,8",01:31,"22,2",15:37,06,"1,7","6,7",17:50,,,,,
2024-05-09,2401X,PALENCIA,PALENCIA,736,"14,6","0,0","3,6",05:06,"25,6",15:38,14,"0,8","4,7",12:00,,,,,
2024-05-10,2401X,PALENCIA,PALENCIA,736,"17,5","0,0","7,1",05:35,"27,9",15:24,28,"1,4","5,3",17:00,,,,,
2024-05-11,2401X,PALENCIA,PALENCIA,736,"16,8","0,0","8,4",05:13,"25,1",10:45,28,"2,2","10,3",11:40,,,,,
2024-05-12,2401X,PALENCIA,PALENCIA,736,"16,2","0,0","7,2",05:05,"25,2",13:47,26,"1,7","6,4",17:10,,,,,
2024-05-13,2401X,PALENCIA,PALENCIA,736,"16,4","6,8","8,4",23:59,"24,4",12:58,27,"3,6","12,5",18:10,,,,,
2024-05-14,2401X,PALENCIA,PALENCIA,736,"11,9","4,2","6,2",23:00,"17,6",14:06,28,"2,5","11,1",15:00,,,,,
2024-05-15,2401X,PALENCIA,PALENCIA,736,"10,4","0,0","4,5",04:55,"16,2",14:04,28,"3,1","13,3",17:20,,,,,
2024-05-16,2401X,PALENCIA,PALENCIA,736,"9,3","5,0","4,6",05:23,"14,0",17:17,24,"2,8","8,6",14:30,,,,,
2024-05-17,2401X,PALENCIA,PALENCIA,736,"12,0","0,0","5,5",23:55,"18,4",15:42,28,"2,5","8,9",16:30,,,,,
2024-05-18,2401X,PALENCIA,PALENCIA,736,"10,6","1,0","4,7",01:53,"16,6",Varias,28,"1,9","11,9",17:20,,,,,
2024-05-19,2401X,PALENCIA,PALENCIA,736,"10,8","2,0","5,5",23:59,"16,1",14:34,28,"1,7","6,4",12:00,,,,,
2024-05-20,2401X,PALENCIA,PALENCIA,736,"11,2","0,2","3,5",02:41,"19,0",16:06,28,"1,9","8,6",18:20,,,,,
2024-05-21,2401X,PALENCIA,PALENCIA,736,"11,9","0,0","4,9",04:55,"18,9",16:24,26,"3,1","10,0",16:40,,,,,
2024-05-22,2401X,PALENCIA,PALENCIA,736,"12,6","0,2","5,7",04:13,"19,5",14:46,28,"2,8","8,9",12:20,,,,,
2024-05-23,2401X,PALENCIA,PALENCIA,736,"11,2","0,0","3,1",04:40,"19,3",15:38,06,"1,4","5,8",13:30,,,,,
2024-05-24,2401X,PALENCIA,PALENCIA,736,"14,4","0,0","5,1",04:30,"23,8",16:36,26,"1,7","6,4",17:20,,,,,
2024-05-25,2401X,PALENCIA,PALENCIA,736,"16,2","0,0","5,9",04:55,"26,4",16:07,29,"3,1","8,6",14:50,,,,,
2024-05-26,2401X,PALENCIA,PALENCIA,736,"17,0","0,0","9,0",04:51,"24,9",14:47,27,"1,9","6,7",12:40,,,,,
2024-05-27,2401X,PALENCIA,PALENCIA,736,"15,4","0,0","8,6",04:41,"22,1",16:32,07,"2,2","6,7",09:30,,,,,
2024-05-28,2401X,PALENCIA,PALENCIA,736,"17,2","0,0","6,4",04:42,"27,9",16:40,34,"1,7","5,0",13:40,,,,,
2024-05-29,2401X,PALENCIA,PALENCIA,736,"19,4","0,0","8,7",05:05,"30,1",16:44,32,"1,4","6,4",12:50,,,,,
2024-05-30,2401X,PALENCIA,PALENCIA,736,"18,8","0,0","10,0",23:56,"27,7",15:36,06,"2,8","10,3",17:10,,,,,
2024-05-31,2401X,PALENCIA,PALENCIA,736,"14,2","0,0","7,9",04:36,"20,6",15:59,04,"3,9","9,7",08:00,,,,,
2024-06-01,2401X,PALENCIA,PALENCIA,736,"13,8","0,0","7,3",03:51,"20,2",14:07,08,"3,9","11,1",12:00,,,,,
2024-06-02,2401X,PALENCIA,PALENCIA,736,"14,4","0,0","7,4",03:18,"21,3",15:48,03,"3,3","9,2",13:40,,,,,
2024-06-03,2401X,PALENCIA,PALENCIA,736,"18,2","0,0","10,2",01:39,"26,2",15:29,08,"1,7","7,5",20:40,,,,,
2024-06-04,2401X,PALENCIA,PALENCIA,736,"19,0","0,0","8,8",04:50,"29,2",15:25,99,"1,9","7,2",14:40,,,,,
2024-06-05,2401X,PALENCIA,PALENCIA,736,"20,9","0,0","10,3",05:00,"31,5",16:10,29,"1,7","8,1",12:30,,,,,
2024-06-06,2401X,PALENCIA,PALENCIA,736,"22,2","1,2","12,2",04:55,"32,3",14:13,24,"1,4","6,9",15:10,,,,,
2024-06-07,2401X,PALENCIA,PALENCIA,736,"23,6","0,6","15,8",05:35,"31,4",14:12,33,"2,2","8,9",22:10,,,,,
2024-06-08,2401X,PALENCIA,PALENCIA,736,"20,2","3,2","14,3",23:56,"26,2",10:39,06,"2,5","9,7",18:10,,,,,
2024-06-09,2401X,PALENCIA,PALENCIA,736,"15,1","0,0","10,9",23:36,"19,3",15:07,06,"2,2","8,1",15:10,,,,,
2024-06-10,2401X,PALENCIA,PALENCIA,736,"14,8","0,0","8,9",03:48,"20,6",15:17,07,"3,3","9,2",08:10,,,,,
2024-06-11,2401X,PALENCIA,PALENCIA,736,"13,8","0,0","5,9",04:50,"21,7",15:47,07,"2,8","8,6",14:40,,,,,
2024-06-12,2401X,PALENCIA,PALENCIA,736,"15,0","0,0","9,9",Varias,"20,2",15:04,06,"3,1","9,2",07:40,,,,,
2024-06-13,2401X,PALENCIA,PALENCIA,736,"15,8","0,0","4,6",04:51,"27,0",16:42,99,"2,8","8,9",Varias,,,,,
2024-06-14,2401X,PALENCIA,PALENCIA,736,"19,1","0,0","11,3",04:48,"26,9",12:17,28,"4,2","12,8",17:50,,,,,
2024-06-15,2401X,PALENCIA,PALENCIA,736,"15,9","0,0","7,0",04:51,"24,8",16:04,23,"3,9","8,6",14:10,,,,,
2024-06-16,2401X,PALENCIA,PALENCIA,736,"19,0","0,0","10,6",05:07,"27,4",15:08,26,"3,9","11,4",13:10,,,,,
2024-06-17,2401X,PALENCIA,PALENCIA,736,"19,0","0,0","10,2",04:43,"27,9",13:53,25,"2,5","9,2",15:40,,,,,
2024-06-18,2401X,PALENCIA,PALENCIA,736,"16,4","2,4","11,8",23:58,"21,0",11:26,28,"2,5","11,1",08:00,,,,,
2024-06-19,2401X,PALENCIA,PALENCIA,736,"15,4","5,8","8,7",05:02,"22,2",15:57,99,"2,5","9,7",17:50,,,,,
2024-06-20,2401X,PALENCIA,PALENCIA,736,"15,2","2,0","10,2",23:57,"20,3",13:55,34,"1,7","8,6",14:20,,,,,
2024-06-21,2401X,PALENCIA,PALENCIA,736,"16,5","0,0","7,9",04:46,"25,1",16:11,27,"1,7","6,7",17:00,,,,,
2024-06-22,2401X,PALENCIA,PALENCIA,736,"19,3","0,0","14,2",05:27,"24,4",14:21,29,"2,5","7,8",04:00,,,,,
2024-06-23,2401X,PALENCIA,PALENCIA,736,"18,2","0,0","10,6",05:01,"25,8",15:20,06,"1,7","7,8",18:10,,,,,
2024-06-24,2401X,PALENCIA,PALENCIA,736,"20,5","0,0","11,8",03:40,"29,2",15:29,07,"2,2","6,7",08:40,,,,,
2024-06-25,2401X,PALENCIA,PALENCIA,736,"22,8","4,4","13,2",Varias,"32,3",13:20,16,"1,4","9,4",15:50,,,,,
2024-06-26,2401X,PALENCIA,PALENCIA,736,"24,4","4,0","16,6",23:59,"32,1",14:50,16,"1,4","13,9",15:40,,,,,
2024-06-27,2401X,PALENCIA,PALENCIA,736,"23,4","0,0","15,0",05:00,"31,8",14:57,08,"1,7","7,5",18:20,,,,,
2024-06-28,2401X,PALENCIA,PALENCIA,736,"23,2","3,4","16,8",04:53,"29,7",15:44,29,"2,2","8,6",21:40,,,,,
2024-06-29,2401X,PALENCIA,PALENCIA,736,"17,7","2,8","16,0",03:36,"19,4",12:20,28,"1,4","6,7",16:40,,,,,
2024-06-30,2401X,PALENCIA,PALENCIA,736,"19,8","0,0","14,5",04:32,"25,2",16:57,08,"0,8","6,4",20:50,,,,,
2024-07-01,2401X,PALENCIA,PALENCIA,736,"18,2","0,0","11,4",05:03,"25,1",15:33,36,"2,8","8,6",16:00,,,,,
2024-07-02,2401X,PALENCIA,PALENCIA,736,"20,0","0,0","11,3",04:56,"28,7",16:54,06,"1,9","5,8",19:50,,,,,
2024-07-03,2401X,PALENCIA,PALENCIA,736,"21,3","0,0","10,7",05:01,"31,9",16:08,28,"1,9","7,5",Varias,,,,,
2024-07-04,2401X,PALENCIA,PALENCIA,736,"22,6","0,0","12,3",04:43,"32,8",16:45,35,"1,7","6,7",17:20,,,,,
2024-07-05,2401X,PALENCIA,PALENCIA,736,"25,6","0,0","15,2",05:04,"35,9",13:51,26,"3,6","11,4",16:10,,,,,
2024-07-06,2401X,PALENCIA,PALENCIA,736,"18,8","0,0","12,4",23:32,"25,3",15:30,07,"2,5","11,1",18:30,,,,,
2024-07-07,2401X,PALENCIA,PALENCIA,736,"19,6","0,0","11,0",04:47,"28,2",16:57,99,"1,9","7,8",15:40,,,,,
2024-07-08,2401X,PALENCIA,PALENCIA,736,"21,2","0,0","10,4",04:33,"32,0",16:12,32,"2,2","11,1",15:10,,,,,
2024-07-09,2401X,PALENCIA,PALENCIA,736,"23,0","0,0","16,6",04:43,"29,3",13:55,27,"2,5","10,0",14:50,,,,,
2024-07-10,2401X,PALENCIA,PALENCIA,736,"23,7","0,0","15,9",Varias,"31,5",15:07,28,"2,5","10,6",14:00,,,,,
2024-07-11,2401X,PALENCIA,PALENCIA,736,"23,8","0,0","16,0",04:47,"31,6",15:27,29,"3,6","12,2",14:30,,,,,
2024-07-12,2401X,PALENCIA,PALENCIA,736,"20,8","0,0","13,8",23:56,"27,7",16:45,08,"1,9","8,3",18:40,,,,,
2024-07-13,2401X,PALENCIA,PALENCIA,736,"21,8","0,0","12,6",05:03,"31,0",14:40,31,"2,5","8,3",15:50,,,,,
2024-07-14,2401X,PALENCIA,PALENCIA,736,"22,1","4,2","12,6",05:03,"31,6",14:25,27,"2,5","10,0",14:30,,,,,
2024-07-15,2401X,PALENCIA,PALENCIA,736,"21,8","0,0","16,2",24:00,"27,5",14:51,28,"3,6","12,5",17:00,,,,,
2024-07-16,2401X,PALENCIA,PALENCIA,736,"19,6","0,0","10,8",05:10,"28,3",14:53,32,"1,1","8,1",14:40,,,,,
2024-07-17,2401X,PALENCIA,PALENCIA,736,"23,2","0,0","13,1",05:39,"33,2",17:08,35,"1,7","5,3",15:00,,,,,
2024-07-18,2401X,PALENCIA,PALENCIA,736,"24,0","0,0","12,7",05:02,"35,3",14:46,28,"3,1","9,7",16:40,,,,,
2024-07-19,2401X,PALENCIA,PALENCIA,736,"26,0","0,0","15,2",05:18,"36,7",Varias,28,"3,1","10,8",13:30,,,,,
2024-07-20,2401X,PALENCIA,PALENCIA,736,"23,7","0,0","15,4",05:05,"32,0",14:11,28,"3,3","11,7",18:00,,,,,
2024-07-21,2401X,PALENCIA,PALENCIA,736,"20,4","0,0","13,0",Varias,"27,8",17:20,28,"1,7","7,2",00:20,,,,,
2024-07-22,2401X,PALENCIA,PALENCIA,736,"21,2","0,0","9,6",05:02,"32,8",16:35,33,"1,4","6,7",10:20,,,,,
2024-07-23,2401X,PALENCIA,PALENCIA,736,"25,2","0,0","14,2",05:01,"36,3",14:50,34,"1,1","5,8",16:10,,,,,
2024-07-24,2401X,PALENCIA,PALENCIA,736,"26,7","0,0","16,0",05:13,"37,4",15:17,32,"2,2","8,9",13:50,,,,,
2024-07-25,2401X,PALENCIA,PALENCIA,736,"25,6","0,0","15,9",05:14,"35,2",14:39,08,"2,2","7,2",18:40,,,,,
2024-07-26,2401X,PALENCIA,PALENCIA,736,"25,6","0,0","14,8",05:02,"36,5",15:41,28,"1,7","8,6",15:30,,,,,
2024-07-27,2401X,PALENCIA,PALENCIA,736,"26,6","0,0","16,5",05:17,"36,6",16:08,06,"1,4","8,3",19:40,,,,,
2024-07-28,2401X,PALENCIA,PALENCIA,736,"27,3","0,0","17,2",05:14,"37,4",16:07,14,"1,7","8,6",17:20,,,,,
2024-07-29,2401X,PALENCIA,PALENCIA,736,"28,0","0,4","20,3",05:23,"35,8",12:28,22,"1,9","11,4",14:20,,,,,
2024-07-30,2401X,PALENCIA,PALENCIA,736,"27,8","0,0","18,7",05:53,"36,9",16:07,24,"1,9","10,6",16:30,,,,,
2024-07-31,2401X,PALENCIA,PALENCIA,736,"25,8","0,0","15,9",05:29,"35,6",16:11,28,"2,2","7,8",12:50,,,,,
2024-08-01,2401X,PALENCIA,PALENCIA,736,"24,8","0,0","16,6",05:17,"33,1",13:20,07,"0,8","6,7",22:00,,,,,
2024-08-02,2401X,PALENCIA,PALENCIA,736,"22,8","0,0","17,1",23:56,"28,4",15:55,07,"3,1","8,3",08:20,,,,,
2024-08-03,2401X,PALENCIA,PALENCIA,736,"23,0","0,0","13,6",05:18,"32,4",15:14,31,"1,7","6,7",15:30,,,,,
2024-08-04,2401X,PALENCIA,PALENCIA,736,"23,8","0,0","12,6",05:14,"35,0",16:38,31,"1,7","8,6",15:30,,,,,
2024-08-05,2401X,PALENCIA,PALENCIA,736,"25,9","0,0","15,3",05:00,"36,5",14:39,28,"2,2","8,3",14:30,,,,,
2024-08-06,2401X,PALENCIA,PALENCIA,736,"24,2","0,0","14,9",05:25,"33,6",15:25,07,"1,9","9,4",21:10,,,,,
2024-08-07,2401X,PALENCIA,PALENCIA,736,"25,0","0,0","16,7",05:40,"33,3",15:23,33,"1,9","9,4",15:10,,,,,
2024-08-08,2401X,PALENCIA,PALENCIA,736,"26,3","0,0","16,7",05:25,"35,9",14:33,28,"1,7","9,4",14:10,,,,,
2024-08-09,2401X,PALENCIA,PALENCIA,736,"26,8","0,0","16,4",05:28,"37,2",16:03,07,"1,1","5,6",19:20,,,,,
2024-08-10,2401X,PALENCIA,PALENCIA,736,"27,3","0,0","17,9",03:56,"36,7",14:07,99,"1,1","6,7",Varias,,,,,
2024-08-11,2401X,PALENCIA,PALENCIA,736,"27,2","0,0","16,9",04:35,"37,6",13:33,30,"1,1","8,9",15:50,,,,,
2024-08-12,2401X,PALENCIA,PALENCIA,736,"27,0","0,4","18,3",05:34,"35,6",15:41,27,"2,5","8,1",18:40,,,,,
2024-08-13,2401X,PALENCIA,PALENCIA,736,"20,8","0,0","15,8",03:50,"25,9",13:12,29,"2,5","9,2",14:10,,,,,
2024-08-14,2401X,PALENCIA,PALENCIA,736,"20,7","0,0","13,3",24:00,"28,1",15:39,04,"2,2","9,2",18:10,,,,,
2024-08-15,2401X,PALENCIA,PALENCIA,736,"19,5","0,0","10,5",05:34,"28,5",16:25,06,"1,9","8,1",13:10,,,,,
2024-08-16,2401X,PALENCIA,PALENCIA,736,"20,6","0,0","9,2",05:36,"32,1",17:03,34,"1,4","6,4",14:20,,,,,
2024-08-17,2401X,PALENCIA,PALENCIA,736,"23,4","0,0","13,6",05:05,"33,3",15:07,32,"2,2","9,2",16:10,,,,,
2024-08-18,2401X,PALENCIA,PALENCIA,736,"22,8","0,0","14,9",05:34,"30,7",15:25,08,"2,5","8,6",17:50,,,,,
2024-08-19,2401X,PALENCIA,PALENCIA,736,"21,7","0,0","11,8",05:01,"31,6",15:55,06,"1,7","6,1",00:30,,,,,
2024-08-20,2401X,PALENCIA,PALENCIA,736,"23,1","0,0","13,4",Varias,"32,8",15:16,08,"1,9","9,7",18:30,,,,,
2024-08-21,2401X,PALENCIA,PALENCIA,736,"24,4","0,0","16,1",05:44,"32,8",15:07,02,"1,9","6,7",10:00,,,,,
2024-08-22,2401X,PALENCIA,PALENCIA,736,"24,2","0,0","13,0",05:56,"35,3",15:07,99,"1,9","10,0",Varias,,,,,
2024-08-23,2401X,PALENCIA,PALENCIA,736,"23,0","0,0","12,0",04:59,"34,0",Varias,28,"0,8","7,2",15:50,,,,,
2024-08-24,2401X,PALENCIA,PALENCIA,736,"24,0","0,0","14,1",05:54,"33,8",13:55,28,"3,9","12,8",13:10,,,,,
2024-08-25,2401X,PALENCIA,PALENCIA,736,"19,1","0,0","13,1",23:56,"25,1",14:10,08,"2,8","9,2",14:10,,,,,
2024-08-26,2401X,PALENCIA,PALENCIA,736,"20,0","0,0","10,2",05:44,"29,8",15:34,36,"1,7","5,8",Varias,,,,,
2024-08-27,2401X,PALENCIA,PALENCIA,736,"22,4","0,0","10,4",05:23,"34,3",15:39,29,"0,8","5,3",15:10,,,,,
2024-08-28,2401X,PALENCIA,PALENCIA,736,"23,2","10,6","12,1",05:31,"34,3",14:45,25,"1,1","8,3",13:10,,,,,
2024-08-29,2401X,PALENCIA,PALENCIA,736,"22,4","6,6","17,3",04:33,"27,5",14:20,13,"1,9","8,6",17:10,,,,,
2024-08-30,2401X,PALENCIA,PALENCIA,736,"22,9","0,0","15,6",05:54,"30,2",14:03,04,"1,9","9,4",17:30,,,,,
2024-08-31,2401X,PALENCIA,PALENCIA,736,"21,8","8,0","16,5",23:54,"27,2",11:46,28,"2,8","11,7",12:50,,,,,
2024-09-01,2401X,PALENCIA,PALENCIA,736,"21,8","0,0","14,8",Varias,"28,7",15:31,33,"1,1","5,3",13:20,,,,,
2024-09-02,2401X,PALENCIA,PALENCIA,736,"22,4","0,0","16,4",22:42,"28,4",15:06,06,"2,5","11,1",17:50,,,,,
2024-09-03,2401X,PALENCIA,PALENCIA,736,"18,6","0,0","14,8",06:23,"22,5",14:14,08,"3,1","10,0",16:40,,,,,
2024-09-04,2401X,PALENCIA,PALENCIA,736,"18,2","0,0","13,1",23:47,"23,2",14:03,04,"1,9","8,3",03:00,,,,,
2024-09-05,2401X,PALENCIA,PALENCIA,736,"15,8","0,6","11,1",02:27,"20,6",12:46,35,"1,4","6,9",18:30,,,,,
2024-09-06,2401X,PALENCIA,PALENCIA,736,"15,2","0,0","8,9",06:21,"21,5",16:25,25,"1,7","8,9",20:00,,,,,
2024-09-07,2401X,PALENCIA,PALENCIA,736,"17,2","0,0","10,3",01:30,"24,0",15:00,34,"2,2","10,3",14:30,,,,,
2024-09-08,2401X,PALENCIA,PALENCIA,736,"18,2","0,0","11,8",03:45,"24,7",14:37,35,"1,7","7,2",12:30,,,,,
2024-09-09,2401X,PALENCIA,PALENCIA,736,"17,2","0,0","8,5",05:54,"25,9",15:40,34,"0,8","6,4",19:30,,,,,
2024-09-10,2401X,PALENCIA,PALENCIA,736,"18,4","0,0","10,7",04:02,"26,0",15:07,08,"1,7","7,2",21:00,,,,,
2024-09-11,2401X,PALENCIA,PALENCIA,736,"16,2","0,0","7,9",06:02,"24,6",16:02,36,"2,2","6,7",20:10,,,,,
2024-09-12,2401X,PALENCIA,PALENCIA,736,"17,2","0,0","10,4",23:49,"24,1",13:04,28,"2,8","11,1",13:50,,,,,
2024-09-13,2401X,PALENCIA,PALENCIA,736,"13,2","0,0","8,0",03:46,"18,5",14:29,07,"2,8","10,6",10:20,,,,,
2024-09-14,2401X,PALENCIA,PALENCIA,736,"15,4","0,0","4,8",05:55,"25,9",15:49,29,"1,4","5,0",15:40,,,,,
2024-09-15,2401X,PALENCIA,PALENCIA,736,"15,7","0,0","5,3",05:56,"26,1",15:09,05,"1,9","7,8",17:30,,,,,
2024-09-16,2401X,PALENCIA,PALENCIA,736,"17,0","0,0","8,9",03:21,"25,1",14:57,08,"2,8","11,4",15:20,,,,,
2024-09-17,2401X,PALENCIA,PALENCIA,736,"15,2","0,0","9,6",05:48,"20,7",14:20,04,"3,3","12,2",12:20,,,,,
2024-09-18,2401X,PALENCIA,PALENCIA,736,"17,6","0,0","9,4",05:33,"25,7",15:08,99,"1,1","6,4",08:30,,,,,
2024-09-19,2401X,PALENCIA,PALENCIA,736,"17,7","1,4","8,7",04:53,"26,7",15:08,27,"1,4","6,4",13:20,,,,,
2024-09-20,2401X,PALENCIA,PALENCIA,736,"15,3","3,6","10,7",05:32,"19,9",16:09,15,"1,1","6,1",21:40,,,,,
2024-09-21,2401X,PALENCIA,PALENCIA,736,"16,8","0,2","11,9",06:04,"21,7",15:32,26,"1,4","8,3",19:00,,,,,
2024-09-22,2401X,PALENCIA,PALENCIA,736,"16,0","0,0","9,4",06:22,"22,7",14:34,29,"1,7","9,7",17:20,,,,,
2024-09-23,2401X,PALENCIA,PALENCIA,736,"14,1","0,0","6,8",06:21,"21,4",14:51,26,"1,7","8,6",21:00,,,,,
2024-09-24,2401X,PALENCIA,PALENCIA,736,"16,0","0,0","10,9",06:28,"21,1",14:32,28,"2,8","8,6",13:50,,,,,
2024-09-25,2401X,PALENCIA,PALENCIA,736,"19,1","0,0","13,6",02:55,"24,6",13:14,25,"3,9","14,2",15:20,,,,,
2024-09-26,2401X,PALENCIA,PALENCIA,736,"18,6","0,2","12,8",23:47,"24,3",13:57,22,"7,5","17,2",07:30,,,,,
2024-09-27,2401X,PALENCIA,PALENCIA,736,"11,3","1,2","4,6",24:00,"18,0",15:15,28,"4,2","12,5",12:50,,,,,
2024-09-28,2401X,PALENCIA,PALENCIA,736,"9,6","0,0","1,3",05:53,"17,8",15:45,04,"0,8","5,3",10:30,,,,,
2024-09-29,2401X,PALENCIA,PALENCIA,736,"15,2","0,0","4,8",06:12,"25,5",15:33,28,"1,9","7,5",14:30,,,,,
2024-09-30,2401X,PALENCIA,PALENCIA,736,"17,8","0,0","7,6",05:36,"28,0",15:14,28,"1,1","5,6",15:10,,,,,
2024-10-01,2401X,PALENCIA,PALENCIA,736,"19,0","0,0","11,1",03:25,"26,9",14:02,28,"2,5","10,3",16:20,,,,,
2024-10-02,2401X,PALENCIA,PALENCIA,736,"15,9","9,8","13,0",23:59,"18,8",Varias,27,"4,2","13,9",78:10,,,,,
2024-10-03,2401X,PALENCIA,PALENCIA,736,"14,2","0,0","8,1",05:40,"20,2",15:38,99,"0,6","3,9",11:40,,,,,
2024-10-04,2401X,PALENCIA,PALENCIA,736,"14,4","0,0","6,8",06:13,"21,9",15:05,33,"1,1","4,4",15:30,,,,,
2024-10-05,2401X,PALENCIA,PALENCIA,736,"15,2","0,0","8,6",03:20,"21,9",15:32,30,"2,5","10,3",16:50,,,,,
2024-10-06,2401X,PALENCIA,PALENCIA,736,"17,2","38,0","15,8",07:10,"18,5",12:18,20,"2,8","10,3",10:20,,,,,
2024-10-07,2401X,PALENCIA,PALENCIA,736,"14,7","14,4","11,0",Varias,"18,4",13:28,16,"3,1","11,1",07:30,,,,,
2024-10-08,2401X,PALENCIA,PALENCIA,736,"13,6","0,8","10,4",Varias,"16,9",14:45,26,"3,1","14,7",18:50,,,,,
2024-10-09,2401X,PALENCIA,PALENCIA,736,"16,4","0,2","10,5",23:32,"22,3",14:25,22,"6,1","22,5",09:40,,,,,
2024-10-10,2401X,PALENCIA,PALENCIA,736,"12,8","0,0","7,4",24:00,"18,1",15:35,26,"1,9","7,5",03:20,,,,,
2024-10-11,2401X,PALENCIA,PALENCIA,736,"11,6","1,6","4,6",05:49,"18,6",12:50,20,"1,4","7,5",21:30,,,,,
2024-10-12,2401X,PALENCIA,PALENCIA,736,"16,0","0,0","11,3",23:57,"20,7",13:08,22,"0,8","6,4",11:00,,,,,
2024-10-13,2401X,PALENCIA,PALENCIA,736,"16,8","0,0","10,2",05:40,"23,5",13:56,32,"1,4","4,7",13:10,,,,,
2024-10-14,2401X,PALENCIA,PALENCIA,736,"16,7","1,0","10,8",06:51,"22,6",13:13,16,"0,8","3,6",12:40,,,,,
2024-10-15,2401X,PALENCIA,PALENCIA,736,"17,8","24,2","13,3",06:56,"22,2",11:10,14,"1,7","10,3",10:40,,,,,
2024-10-16,2401X,PALENCIA,PALENCIA,736,"16,8","7,6","12,4",23:42,"21,2",13:37,28,"3,6","13,1",17:40,,,,,
2024-10-17,2401X,PALENCIA,PALENCIA,736,"11,6","1,0","7,0",23:41,"16,3",14:45,28,"4,7","11,7",14:40,,,,,
2024-10-18,2401X,PALENCIA,PALENCIA,736,"10,4","0,0","4,6",06:26,"16,3",14:28,29,"1,1","8,1",00:30,,,,,
2024-10-19,2401X,PALENCIA,PALENCIA,736,"14,4","0,0","11,5",06:50,"17,4",12:03,27,"1,7","8,1",08:30,,,,,
2024-10-20,2401X,PALENCIA,PALENCIA,736,"15,1","0,0","9,5",23:52,"20,7",15:09,28,"0,8","4,4",09:50,,,,,
2024-10-21,2401X,PALENCIA,PALENCIA,736,"13,6","0,0","6,6",06:05,"20,6",14:45,29,"1,1","5,3",14:10,,,,,
2024-10-22,2401X,PALENCIA,PALENCIA,736,"14,0","0,0","9,8",23:56,"18,3",13:34,07,"2,2","7,5",11:50,,,,,
2024-10-23,2401X,PALENCIA,PALENCIA,736,"14,1","0,0","7,2",05:14,"21,0",15:08,15,"0,8","3,9",08:50,,,,,
2024-10-24,2401X,PALENCIA,PALENCIA,736,"15,2","3,8","8,4",03:36,"22,1",13:43,22,"1,1","7,5",12:20,,,,,
2024-10-25,2401X,PALENCIA,PALENCIA,736,"10,9","0,8","7,4",23:47,"14,4",00:01,26,"1,7","9,7",05:10,,,,,
2024-10-26,2401X,PALENCIA,PALENCIA,736,"8,8","2,2","5,3",06:26,"12,4",14:54,28,"0,6","6,4",02:50,,,,,
2024-10-27,2401X,PALENCIA,PALENCIA,736,"8,6","3,2","5,5",00:58,"11,8",15:23,06,"1,1","7,8",17:00,,,,,
2024-10-28,2401X,PALENCIA,PALENCIA,736,"13,3","0,0","8,8",Varias,"17,8",14:01,06,"1,7","8,9",11:20,,,,,
2024-10-29,2401X,PALENCIA,PALENCIA,736,"12,5","7,8","6,7",06:21,"18,3",14:11,13,"2,2","9,4",13:50,,,,,
2024-10-30,2401X,PALENCIA,PALENCIA,736,"13,0","0,0","9,3",Varias,"16,7",14:14,22,"2,2","9,2",01:40,,,,,
2024-10-31,2401X,PALENCIA,PALENCIA,736,"14,2","0,2","9,2",07:22,"19,2",13:31,14,"0,8","7,5",12:40,,,,,
2024-11-01,2401X,PALENCIA,PALENCIA,736,"15,4","0,6","11,0",07:06,"19,7",14:01,16,"0,6","5,8",12:30,,,,,
2024-11-02,2401X,PALENCIA,PALENCIA,736,"14,6","0,4","9,9",08:37,"19,2",14:07,16,"1,1","7,2",16:30,,,,,
2024-11-03,2401X,PALENCIA,PALENCIA,736,"13,6","0,0","7,7",23:31,"19,6",15:07,15,"0,8","4,4",13:10,,,,,
2024-11-04,2401X,PALENCIA,PALENCIA,736,"12,6","0,0","5,9",07:24,"19,3",14:58,21,"0,6","4,7",15:10,,,,,
2024-11-05,2401X,PALENCIA,PALENCIA,736,"14,5","0,0","10,5",Varias,"18,5",14:49,28,"0,3","5,0",16:20,,,,,
2024-11-06,2401X,PALENCIA,PALENCIA,736,"13,5","0,0","7,0",07:04,"20,0",Varias,06,"0,6","3,3",14:50,,,,,
2024-11-07,2401X,PALENCIA,PALENCIA,736,"11,6","0,0","4,2",07:18,"18,9",15:02,16,"0,8","3,9",11:00,,,,,
2024-11-08,2401X,PALENCIA,PALENCIA,736,"11,8","0,0","6,3",01:14,"17,2",14:36,24,"0,6","4,2",22:40,,,,,
2024-11-09,2401X,PALENCIA,PALENCIA,736,"12,0","0,0","6,9",22:29,"17,0",14:17,99,"1,1","6,4",01:30,,,,,
2024-11-10,2401X,PALENCIA,PALENCIA,736,"11,4","1,6","6,6",06:33,"16,1",13:21,28,"0,8","5,3",14:20,,,,,
2024-11-11,2401X,PALENCIA,PALENCIA,736,"10,2","0,0","5,5",05:27,"14,8",14:24,07,"1,7","10,3",11:20,,,,,
2024-11-12,2401X,PALENCIA,PALENCIA,736,"8,2","0,0","3,6",23:59,"12,7",11:28,06,"3,1","11,7",15:00,,,,,
2024-11-13,2401X,PALENCIA,PALENCIA,736,"5,9","0,0","3,1",07:13,"8,7",12:20,02,"3,1","10,8",08:20,,,,,
2024-11-14,2401X,PALENCIA,PALENCIA,736,"11,7","0,0","6,9",07:21,"16,5",12:55,08,"1,1","6,4",13:10,,,,,
2024-11-15,2401X,PALENCIA,PALENCIA,736,"10,6","0,0","4,6",23:52,"16,5",15:08,08,"0,6","3,9",14:10,,,,,
2024-11-16,2401X,PALENCIA,PALENCIA,736,"10,4","0,0","3,0",07:16,"17,7",14:20,07,"0,6","2,8",12:40,,,,,
2024-11-17,2401X,PALENCIA,PALENCIA,736,"10,0","0,0","1,9",07:19,"18,2",14:31,22,"0,3","3,6",01:40,,,,,
2024-11-18,2401X,PALENCIA,PALENCIA,736,"10,4","0,0","3,4",02:52,"17,4",14:14,30,"0,8","3,6",14:30,,,,,
2024-11-19,2401X,PALENCIA,PALENCIA,736,"10,2","0,0","3,3",07:26,"17,0",14:08,26,"2,5","11,4",19:40,,,,,
2024-11-20,2401X,PALENCIA,PALENCIA,736,"8,6","0,0","4,0",06:44,"13,3",14:56,27,"4,2","12,8",22:10,,,,,
2024-11-21,2401X,PALENCIA,PALENCIA,736,"11,2","1,6","9,6",01:45,"12,7",11:38,28,"7,5","16,7",15:30,,,,,
2024-11-22,2401X,PALENCIA,PALENCIA,736,"5,6","0,4","0,7",22:02,"10,5",00:01,26,"1,7","12,5",00:10,,,,,
2024-11-23,2401X,PALENCIA,PALENCIA,736,"8,6","0,0","1,4",00:01,"15,9",14:15,23,"1,4","8,1",12:20,,,,,
2024-11-24,2401X,PALENCIA,PALENCIA,736,"14,0","14,2","8,8",01:18,"19,2",13:08,22,"3,9","13,3",13:10,,,,,
2024-11-25,2401X,PALENCIA,PALENCIA,736,"9,4","2,2","2,6",24:00,"16,2",04:43,25,"3,6","15,8",05:10,,,,,
2024-11-26,2401X,PALENCIA,PALENCIA,736,"5,8","0,0","1,7",23:38,"10,0",13:29,30,"0,6","4,7",14:50,,,,,
2024-11-27,2401X,PALENCIA,PALENCIA,736,"3,8","0,0","1,2",02:45,"6,4",14:47,15,"1,1","3,6",04:00,,,,,
2024-11-28,2401X,PALENCIA,PALENCIA,736,"6,7","0,0","0,1",07:58,"13,3",14:42,14,"0,6","3,3",13:00,,,,,
2024-11-29,2401X,PALENCIA,PALENCIA,736,"8,5","0,0","1,2",05:24,"15,8",13:34,31,"1,1","4,4",13:40,,,,,
2024-11-30,2401X,PALENCIA,PALENCIA,736,"10,4","0,0","5,3",00:01,"15,4",14:14,15,"0,8","3,6",09:10,,,,,
2024-12-01,2401X,PALENCIA,PALENCIA,736,"8,7","0,6","2,7",06:55,"14,7",14:51,16,"0,8","3,6",07:40,,,,,
2024-12-02,2401X,PALENCIA,PALENCIA,736,"9,8","1,2","5,2",23:17,"14,5",14:30,23,"1,1","5,3",05:30,,,,,
2024-12-03,2401X,PALENCIA,PALENCIA,736,"7,2","0,6","5,3",00:28,"9,0",15:07,27,"1,4","10,8",23:10,,,,,
2024-12-04,2401X,PALENCIA,PALENCIA,736,"8,1","0,2","4,9",20:37,"11,3",14:38,99,"1,4","10,8",Varias,,,,,
2024-12-05,2401X,PALENCIA,PALENCIA,736,"10,2","0,0","6,2",05:51,"14,1",14:18,27,"0,6","5,6",15:00,,,,,
2024-12-06,2401X,PALENCIA,PALENCIA,736,"10,4","0,2","8,4",04:21,"12,3",14:02,27,"1,4","6,1",23:50,,,,,
2024-12-07,2401X,PALENCIA,PALENCIA,736,"8,3","0,0","3,7",23:57,"12,9",12:45,33,"4,7","13,9",14:30,,,,,
2024-12-08,2401X,PALENCIA,PALENCIA,736,"5,0","0,0","1,0",23:34,"8,9",12:29,32,"6,4","13,3",13:40,,,,,
2024-12-09,2401X,PALENCIA,PALENCIA,736,"3,7","0,0","-1,0",23:59,"8,4",14:41,27,"3,1","10,3",06:20,,,,,
2024-12-10,2401X,PALENCIA,PALENCIA,736,"2,4","0,0","-2,3",02:32,"7,2",13:07,07,"1,4","6,1",12:00,,,,,
2024-12-11,2401X,PALENCIA,PALENCIA,736,"3,2","0,0","1,0",02:24,"5,5",14:07,14,"0,6","5,0",23:40,,,,,
2024-12-12,2401X,PALENCIA,PALENCIA,736,"4,9","0,0","0,1",08:04,"9,7",14:18,07,"1,4","4,7",14:10,,,,,
2024-12-13,2401X,PALENCIA,PALENCIA,736,"2,8","0,0","-1,7",Varias,"7,4",13:05,28,"0,6","2,5",17:10,,,,,
2024-12-14,2401X,PALENCIA,PALENCIA,736,"-0,1","0,0","-3,8",Varias,"3,6",14:45,32,"0,6","2,8",21:00,,,,,
2024-12-15,2401X,PALENCIA,PALENCIA,736,"1,8","0,0","-3,6",07:15,"7,3",14:50,32,"1,1","3,9",14:00,,,,,
2024-12-16,2401X,PALENCIA,PALENCIA,736,"2,4","0,0","-4,4",07:37,"9,3",14:52,16,"0,3","4,2",09:10,,,,,
2024-12-17,2401X,PALENCIA,PALENCIA,736,"3,5","0,0","-3,0",05:03,"10,0",15:06,14,"1,4","3,9",13:20,,,,,
2024-12-18,2401X,PALENCIA,PALENCIA,736,"7,0","1,6","0,3",04:04,"13,8",13:53,22,"2,2","10,8",23:10,,,,,
2024-12-19,2401X,PALENCIA,PALENCIA,736,"5,8","0,6","-1,4",23:57,"12,9",13:41,26,"3,3","13,6",09:30,,,,,
2024-12-20,2401X,PALENCIA,PALENCIA,736,"2,1","0,0","-3,8",07:31,"8,0",14:45,28,"0,8","3,6",14:40,,,,,
2024-12-21,2401X,PALENCIA,PALENCIA,736,"0,8","0,0","-4,3",07:41,"6,0",15:07,15,"1,1","2,8",10:20,,,,,
2024-12-22,2401X,PALENCIA,PALENCIA,736,"4,5","0,0","-2,6",07:31,"11,6",14:40,28,"3,6","10,3",14:10,,,,,
2024-12-23,2401X,PALENCIA,PALENCIA,736,"3,6","0,0","-2,3",07:41,"9,5",14:02,36,"1,1","7,5",13:20,,,,,
2024-12-24,2401X,PALENCIA,PALENCIA,736,"4,5","0,0","-2,2",Varias,"11,2",16:08,33,"0,8","5,0",12:20,,,,,
2024-12-25,2401X,PALENCIA,PALENCIA,736,"7,7","0,0","0,7",23:50,"14,7",14:53,99,"1,1","5,0",Varias,,,,,
2024-12-26,2401X,PALENCIA,PALENCIA,736,"3,0","0,0","0,8",00:01,"5,2",14:57,13,"0,8","3,3",23:59,,,,,
2024-12-27,2401X,PALENCIA,PALENCIA,736,"5,6","0,0","1,4",20:54,"9,8",15:08,13,"0,8","4,4",10:30,,,,,
2024-12-28,2401X,PALENCIA,PALENCIA,736,"1,7","0,0","-1,2",08:14,"4,6",15:02,28,"1,1","4,2",15:00,,,,,
2024-12-29,2401X,PALENCIA,PALENCIA,736,"1,2","0,0","0,0",Varias,"2,4",00:02,31,"1,1","3,3",16:00,,,,,
2024-12-30,2401X,PALENCIA,PALENCIA,736,"0,4","0,0","-0,9",07:48,"1,7",17:08,13,"1,7","3,3",13:50,,,,,
2024-12-31,2401X,PALENCIA,PALENCIA,736,"-0,4","0,0","-1,4",22:39,"0,6",Varias,33,"0,3","3,9",18:20,,,,,
2025-01-01,2401X,PALENCIA,PALENCIA,736,"-0,6","0,0","-3,1",08:34,"2,0",17:09,29,"0,8","3,9",19:20,,,,,
2025-01-02,2401X,PALENCIA,PALENCIA,736,"2,6","0,2","-1,1",06:52,"6,4",15:31,27,"1,4","4,2",15:40,,,,,
2025-01-03,2401X,PALENCIA,PALENCIA,736,"4,8","3,8","1,7",00:01,"7,8",Varias,26,"1,1","5,0",15:50,,,,,
2025-01-04,2401X,PALENCIA,PALENCIA,736,"7,3","0,0","4,7",23:05,"9,9",15:21,24,"1,7","5,8",00:20,,,,,
2025-01-05,2401X,PALENCIA,PALENCIA,736,"7,4","10,0","3,9",03:44,"11,0",12:45,25,"4,2","11,9",20:00,,,,,
2025-01-06,2401X,PALENCIA,PALENCIA,736,"5,6","0,0","1,9",23:59,"9,3",13:37,24,"5,0","12,5",04:40,,,,,
2025-01-07,2401X,PALENCIA,PALENCIA,736,"5,6","1,2","1,8",00:05,"9,4",21:09,24,"3,3","11,1",20:30,,,,,
2025-01-08,2401X,PALENCIA,PALENCIA,736,"8,5","1,4","7,3",07:03,"9,7",13:07,21,"5,3","13,3",13:00,,,,,
2025-01-09,2401X,PALENCIA,PALENCIA,736,"10,4","0,0","8,5",02:30,"12,4",14:51,25,"5,8","13,1",03:40,,,,,
2025-01-10,2401X,PALENCIA,PALENCIA,736,"11,0","0,2","8,0",08:02,"13,9",13:07,26,"3,6","10,3",23:50,,,,,
2025-01-11,2401X,PALENCIA,PALENCIA,736,"9,7","0,0","3,9",23:53,"15,5",14:35,25,"4,2","14,7",04:40,,,,,
2025-01-12,2401X,PALENCIA,PALENCIA,736,"5,8","0,0","0,5",05:21,"11,2",14:21,05,"1,4","6,1",21:30,,,,,
2025-01-13,2401X,PALENCIA,PALENCIA,736,"1,7","0,0","-5,5",07:44,"8,9",14:34,04,"1,9","8,3",13:40,,,,,
2025-01-14,2401X,PALENCIA,PALENCIA,736,"1,5","0,0","-6,1",07:56,"9,1",14:54,13,"0,6","3,9",01:50,,,,,
2025-01-15,2401X,PALENCIA,PALENCIA,736,"2,3","0,0","-8,2",07:27,"12,8",15:02,07,"0,3","7,5",15:50,,,,,
2025-01-16,2401X,PALENCIA,PALENCIA,736,"5,6","0,0","0,2",23:48,"11,0",13:33,07,"2,5","7,8",18:00,,,,,
2025-01-17,2401X,PALENCIA,PALENCIA,736,"2,9","0,0","-3,7",06:38,"9,5",Varias,14,"2,2","9,7",12:20,,,,,
2025-01-18,2401X,PALENCIA,PALENCIA,736,"1,6","0,0","-5,7",07:52,"9,0",14:36,30,"0,8","3,9",14:40,,,,,
2025-01-19,2401X,PALENCIA,PALENCIA,736,"1,6","3,0","-6,1",Varias,"9,2",13:47,24,"1,4","6,7",19:00,,,,,
2025-01-20,2401X,PALENCIA,PALENCIA,736,"6,0","1,8","4,1",Varias,"7,9",15:07,18,"1,4","5,0",03:00,,,,,
2025-01-21,2401X,PALENCIA,PALENCIA,736,"7,9","8,4","5,6",06:47,"10,2",15:55,22,"1,4","6,9",22:20,,,,,
2025-01-22,2401X,PALENCIA,PALENCIA,736,"9,3","18,0","6,9",04:59,"11,7",11:23,27,"2,2","9,7",17:00,,,,,
2025-01-23,2401X,PALENCIA,PALENCIA,736,"9,0","0,0","7,2",07:54,"10,9",14:07,28,"0,6","5,8",19:30,,,,,
2025-01-24,2401X,PALENCIA,PALENCIA,736,"10,5","0,8","8,3",05:44,"12,7",12:58,24,"2,8","9,2",11:50,,,,,
2025-01-25,2401X,PALENCIA,PALENCIA,736,"7,2","1,6","3,1",23:52,"11,2",14:28,28,"5,6","12,5",10:50,,,,,
2025-01-26,2401X,PALENCIA,PALENCIA,736,"7,8","4,2","2,4",01:03,"13,3",22:44,24,"6,4","16,1",17:20,,,,,
2025-01-27,2401X,PALENCIA,PALENCIA,736,"7,7","9,2","2,9",19:52,"12,5",00:01,27,"6,7","19,7",16:30,,,,,
2025-01-28,2401X,PALENCIA,PALENCIA,736,"5,8","0,0","2,0",06:37,"9,6",14:27,26,"5,3","17,5",01:50,,,,,
2025-01-29,2401X,PALENCIA,PALENCIA,736,"6,4","0,6","3,5",20:29,"9,3",12:14,24,"6,1","17,2",13:00,,,,,
2025-01-30,2401X,PALENCIA,PALENCIA,736,"4,6","0,0","-0,4",23:41,"9,6",14:48,29,"4,7","13,9",05:40,,,,,
2025-01-31,2401X,PALENCIA,PALENCIA,736,"3,5","0,0","-2,2",07:33,"9,2",15:10,32,"1,4","3,3",14:40,,,,,
2025-02-01,2401X,PALENCIA,PALENCIA,736,"4,7","0,0","-1,7",07:41,"11,1",16:28,15,"1,1","5,0",13:40,,,,,
2025-02-02,2401X,PALENCIA,PALENCIA,736,"0,8","6,2","-3,9",05:38,"5,4",16:07,06,"1,1","5,3",18:50,,,,,
2025-02-03,2401X,PALENCIA,PALENCIA,736,"4,3","0,0","-0,9",23:46,"9,5",14:32,05,"1,4","6,4",12:30,,,,,
2025-02-04,2401X,PALENCIA,PALENCIA,736,"1,6","0,0","-1,8",01:36,"5,0",16:00,15,"1,1","4,7",06:00,,,,,
2025-02-05,2401X,PALENCIA,PALENCIA,736,"5,8","0,0","-0,7",08:01,"12,4",15:19,32,"1,7","6,4",13:10,,,,,
2025-02-06,2401X,PALENCIA,PALENCIA,736,"0,2","0,0","-2,1",05:28,"2,5",00:08,22,"1,4","3,9",20:40,,,,,
2025-02-07,2401X,PALENCIA,PALENCIA,736,"4,4","11,2","-1,1",Varias,"9,8",13:15,29,"3,9","10,6",17:40,,,,,
2025-02-08,2401X,PALENCIA,PALENCIA,736,"3,2","0,0","-3,1",07:46,"9,5",14:19,25,"1,1","5,0",13:00,,,,,
2025-02-09,2401X,PALENCIA,PALENCIA,736,"8,3","0,2","4,3",00:01,"12,3",15:06,99,"1,4","6,1",13:30,,,,,
2025-02-10,2401X,PALENCIA,PALENCIA,736,"8,9","6,4","5,6",20:40,"12,2",14:19,99,"1,1","4,2",11:50,,,,,
2025-02-11,2401X,PALENCIA,PALENCIA,736,"9,6","4,4","5,9",08:22,"13,4",12:34,21,"1,4","8,1",19:50,,,,,
2025-02-12,2401X,PALENCIA,PALENCIA,736,"8,8","0,0","4,7",07:55,"12,8",15:34,27,"3,3","9,2",08:10,,,,,
2025-02-13,2401X,PALENCIA,PALENCIA,736,"7,6","0,0","3,7",07:35,"11,4",14:16,26,"1,1","4,7",12:40,,,,,
2025-02-14,2401X,PALENCIA,PALENCIA,736,"9,2","0,0","3,5",06:30,"14,9",15:08,24,"0,8","3,3",03:00,,,,,
2025-02-15,2401X,PALENCIA,PALENCIA,736,"8,4","0,0","1,3",Varias,"15,6",15:53,21,"1,4","6,1",13:40,,,,,
2025-02-16,2401X,PALENCIA,PALENCIA,736,"7,7","0,0","0,4",06:00,"15,0",13:39,28,"2,2","8,1",17:00,,,,,
2025-02-17,2401X,PALENCIA,PALENCIA,736,"5,7","0,0","1,2",07:28,"10,2",14:50,22,"1,1","4,4",01:20,,,,,
2025-02-18,2401X,PALENCIA,PALENCIA,736,"9,4","0,0","2,3",03:52,"16,5",15:22,22,"1,1","6,7",15:40,,,,,
2025-02-19,2401X,PALENCIA,PALENCIA,736,"9,2","0,0","1,8",06:48,"16,6",14:24,26,"1,7","5,3",15:00,,,,,
2025-02-20,2401X,PALENCIA,PALENCIA,736,"10,2","0,0","5,5",Varias,"14,8",13:53,26,"1,9","5,8",14:20,,,,,
2025-02-21,2401X,PALENCIA,PALENCIA,736,"10,9","7,6","6,2",Varias,"15,6",12:44,24,"3,3","13,6",19:10,,,,,
2025-02-22,2401X,PALENCIA,PALENCIA,736,"7,0","0,0","1,8",24:00,"12,3",14:35,23,"1,7","7,5",00:40,,,,,
2025-02-23,2401X,PALENCIA,PALENCIA,736,"6,1","0,0","-1,0",06:48,"13,2",15:07,27,"0,6","5,0",15:20,,,,,
2025-02-24,2401X,PALENCIA,PALENCIA,736,"9,3","0,0","3,8",01:34,"14,8",14:08,22,"2,5","11,1",22:40,,,,,
2025-02-25,2401X,PALENCIA,PALENCIA,736,"6,2","0,0","0,7",23:57,"11,8",15:16,26,"3,6","10,6",05:40,,,,,
2025-02-26,2401X,PALENCIA,PALENCIA,736,"5,0","0,0","-2,1",06:38,"12,1",14:34,28,"1,1","6,1",14:40,,,,,
2025-02-27,2401X,PALENCIA,PALENCIA,736,"6,7",,"1,2",Varias,"12,2",14:45,13,"0,8","3,9",73:40,,,,,
2025-02-28,2401X,PALENCIA,PALENCIA,736,"8,8","0,0","3,9",07:12,"13,8",14:22,06,"1,7","8,6",17:20,,,,,
2025-03-01,2401X,PALENCIA,PALENCIA,736,"4,6","0,0","1,3",23:51,"8,0",12:06,08,"4,2","13,9",10:40,,,,,
2025-03-02,2401X,PALENCIA,PALENCIA,736,"2,7","2,8","0,5",05:56,"4,9",22:53,99,"2,5","8,9",Varias,,,,,
2025-03-03,2401X,PALENCIA,PALENCIA,736,"8,2","3,8","4,8",00:01,"11,5",15:26,14,"3,1","9,7",12:10,,,,,
2025-03-04,2401X,PALENCIA,PALENCIA,736,"10,6","0,2","6,4",04:03,"14,7",15:44,15,"1,4","8,3",20:20,,,,,
2025-03-05,2401X,PALENCIA,PALENCIA,736,"10,6","0,6","6,7",04:12,"14,4",13:40,12,"3,1","10,3",22:10,,,,,
2025-03-06,2401X,PALENCIA,PALENCIA,736,"10,6","4,4","7,0",20:50,"14,2",15:48,14,"3,6","9,7",12:00,,,,,
2025-03-07,2401X,PALENCIA,PALENCIA,736,"10,0","3,4","5,4",02:13,"14,6",12:56,14,"3,6","12,2",14:40,,,,,
2025-03-08,2401X,PALENCIA,PALENCIA,736,"7,3","2,2","3,0",23:55,"11,6",13:18,14,"5,0","17,5",12:30,,,,,
2025-03-09,2401X,PALENCIA,PALENCIA,736,"6,4","0,0","0,4",06:33,"12,4",14:31,23,"1,9","7,5",10:10,,,,,
2025-03-10,2401X,PALENCIA,PALENCIA,736,"6,5","6,0","0,4",06:21,"12,6",13:03,23,"1,7","7,8",16:30,,,,,
2025-03-11,2401X,PALENCIA,PALENCIA,736,"8,6","1,6","4,5",23:57,"12,6",15:57,01,"1,4","7,2",16:10,,,,,
2025-03-12,2401X,PALENCIA,PALENCIA,736,"6,8","0,0","0,2",06:19,"13,5",13:22,25,"2,8","9,7",21:50,,,,,
2025-03-13,2401X,PALENCIA,PALENCIA,736,"5,2","0,2","1,0",23:18,"9,4",13:45,07,"2,5","9,2",17:20,,,,,
2025-03-14,2401X,PALENCIA,PALENCIA,736,"3,4","0,0","-1,6",06:36,"8,5",15:37,08,"2,2","9,2",14:50,,,,,
2025-03-15,2401X,PALENCIA,PALENCIA,736,"4,0","0,4","-2,8",05:24,"10,7",13:58,26,"1,1","6,7",14:40,,,,,
2025-03-16,2401X,PALENCIA,PALENCIA,736,"3,9","0,0","-1,7",23:15,"9,5",14:13,08,"0,8","5,6",09:30,,,,,
2025-03-17,2401X,PALENCIA,PALENCIA,736,"3,8","2,0","-3,0",06:23,"10,7",16:19,14,"1,4","7,8",10:30,,,,,
2025-03-18,2401X,PALENCIA,PALENCIA,736,"8,3","3,6","5,3",22:39,"11,3",16:06,14,"0,8","5,8",09:20,,,,,
2025-03-19,2401X,PALENCIA,PALENCIA,736,"10,3","0,0","3,6",04:21,"17,0",13:50,20,"2,5","10,3",13:40,,,,,
2025-03-20,2401X,PALENCIA,PALENCIA,736,"11,0","6,2","7,8",09:44,"14,2",15:03,14,"3,6","12,8",21:10,,,,,
2025-03-21,2401X,PALENCIA,PALENCIA,736,"8,8","11,0","5,2",23:55,"12,5",13:53,21,"4,2","13,6",11:30,,,,,
2025-03-22,2401X,PALENCIA,PALENCIA,736,"8,1","14,2","3,6",24:00,"12,6",13:17,24,"3,3","10,8",01:40,,,,,
2025-03-23,2401X,PALENCIA,PALENCIA,736,"6,6","11,2","0,8",06:20,"12,4",15:49,28,"3,3","8,9",22:30,,,,,
2025-03-24,2401X,PALENCIA,PALENCIA,736,"8,6","0,0","4,3",06:36,"13,0",13:45,32,"3,3","10,3",14:30,,,,,
2025-03-25,2401X,PALENCIA,PALENCIA,736,"9,6","0,0","5,7",06:22,"13,6",15:31,06,"1,9","9,4",11:40,,,,,
2025-03-26,2401X,PALENCIA,PALENCIA,736,"7,2","0,0","1,8",23:59,"12,6",16:27,06,"1,1","5,3",16:40,,,,,
2025-03-27,2401X,PALENCIA,PALENCIA,736,"6,8","0,0","1,2",01:01,"12,3",16:09,06,"1,7","6,7",10:50,,,,,
2025-03-28,2401X,PALENCIA,PALENCIA,736,"6,9","0,0","0,0",06:00,"13,8",16:31,34,"1,9","5,3",12:50,,,,,
2025-03-29,2401X,PALENCIA,PALENCIA,736,"7,1","0,0","0,2",06:13,"14,0",14:07,08,"1,9","8,3",11:50,,,,,
2025-03-30,2401X,PALENCIA,PALENCIA,736,"9,3","0,0","1,3",05:23,"17,3",15:23,04,"2,5","8,6",09:40,,,,,
2025-03-31,2401X,PALENCIA,PALENCIA,736,"12,6","0,0","1,2",05:55,"24,0",14:44,04,"0,8","5,3",00:50,,,,,
2025-04-01,2401X,PALENCIA,PALENCIA,736,,,,,,,,"2,2",,,,,,,
2025-04-02,2401X,PALENCIA,PALENCIA,736,"12,7","14,2","4,7",05:16,"20,7",13:47,14,"1,1","12,2",16:00,,,,,
2025-04-03,2401X,PALENCIA,PALENCIA,736,"11,3","4,2","7,9",Varias,"14,7",14:34,15,"2,5","10,8",17:50,,,,,
2025-04-04,2401X,PALENCIA,PALENCIA,736,"12,1","1,4","8,2",06:15,"16,0",10:40,15,"2,2","12,8",14:20,,,,,
2025-04-05,2401X,PALENCIA,PALENCIA,736,"11,2","0,0","6,4",Varias,"15,9",12:23,28,"1,7","8,1",12:10,,,,,
2025-04-06,2401X,PALENCIA,PALENCIA,736,"10,6","0,0","2,5",05:59,"18,7",15:19,34,"1,1","5,3",15:00,,,,,
2025-04-07,2401X,PALENCIA,PALENCIA,736,"13,4","0,0","4,8",05:25,"22,0",15:55,07,"1,4","5,6",11:40,,,,,
2025-04-08,2401X,PALENCIA,PALENCIA,736,"14,4","0,0","4,6",04:18,"24,3",15:09,26,"1,4","5,3",12:10,,,,,
2025-04-09,2401X,PALENCIA,PALENCIA,736,"14,5","0,0","5,0",05:54,"24,0",14:24,99,"1,1","5,0",15:50,,,,,
2025-04-10,2401X,PALENCIA,PALENCIA,736,"15,0","0,0","6,2",05:42,"23,9",15:19,08,"0,8","6,4",16:10,,,,,
2025-04-11,2401X,PALENCIA,PALENCIA,736,"12,9","11,0","6,7",05:21,"19,1",13:38,99,"1,7","6,1",Varias,,,,,
2025-04-12,2401X,PALENCIA,PALENCIA,736,"14,4","17,0","9,8",22:45,"19,0",13:19,33,"1,7","7,5",15:50,,,,,
2025-04-13,2401X,PALENCIA,PALENCIA,736,"14,4","0,0","9,2",23:59,"19,5",16:07,28,"1,1","6,1",16:30,,,,,
2025-04-14,2401X,PALENCIA,PALENCIA,736,"11,8","0,6","7,8",23:32,"15,9",15:33,26,"2,5","11,7",16:40,,,,,
2025-04-15,2401X,PALENCIA,PALENCIA,736,"7,4","0,6","3,1",23:58,"11,6",15:54,28,"3,3","13,1",16:10,,,,,
2025-04-16,2401X,PALENCIA,PALENCIA,736,"5,8","4,6","0,8",05:48,"10,9",14:59,30,"2,2","10,0",17:30,,,,,
2025-04-17,2401X,PALENCIA,PALENCIA,736,"8,3","0,0","0,4",05:24,"16,2",14:03,29,"1,7","8,9",13:30,,,,,
2025-04-18,2401X,PALENCIA,PALENCIA,736,"13,3","8,6","8,5",22:46,"18,1",13:25,27,"3,3","18,9",13:30,,,,,
2025-04-19,2401X,PALENCIA,PALENCIA,736,"7,7","6,2","3,5",05:58,"11,9",12:39,23,"5,6","14,2",13:40,,,,,
2025-04-20,2401X,PALENCIA,PALENCIA,736,"9,1","0,0","2,1",06:01,"16,1",16:22,28,"1,7","9,7",14:50,,,,,
2025-04-21,2401X,PALENCIA,PALENCIA,736,"10,0","10,6","4,1",05:25,"15,8",12:49,28,"1,9","8,9",17:40,,,,,
2025-04-22,2401X,PALENCIA,PALENCIA,736,"12,2","0,0","6,8",Varias,"17,5",15:27,33,"1,1","5,8",11:00,,,,,
2025-04-23,2401X,PALENCIA,PALENCIA,736,"12,0","0,0","3,3",05:21,"20,8",16:42,28,"0,8","5,6",15:00,,,,,
2025-04-24,2401X,PALENCIA,PALENCIA,736,"14,0","0,0","4,6",05:17,"23,5",15:26,34,"1,4","3,3",12:50,,,,,
2025-04-25,2401X,PALENCIA,PALENCIA,736,"15,1","0,0","5,5",04:38,"24,7",14:26,28,"2,8","10,8",17:30,,,,,
2025-04-26,2401X,PALENCIA,PALENCIA,736,"11,6","0,0","4,4",23:59,"18,9",14:29,33,"2,2","8,3",16:40,,,,,
2025-04-27,2401X,PALENCIA,PALENCIA,736,"9,4","0,0","1,3",04:38,"17,6",15:48,10,"1,4","7,2",15:00,,,,,
2025-04-28,2401X,PALENCIA,PALENCIA,736,"12,8","0,0","2,7",04:48,"22,9",15:27,16,"1,1","4,7",12:40,,,,,
2025-04-29,2401X,PALENCIA,PALENCIA,736,"14,2",,"5,9",05:25,"22,6",15:14,14,"1,9","9,4",14:50,,,,,
2025-04-30,2401X,PALENCIA,PALENCIA,736,"14,4",,"7,3",04:36,"21,6",13:37,26,"1,7","16,1",20:20,,,,,
2025-05-01,2401X,PALENCIA,PALENCIA,736,"14,2",,"8,0",05:44,"20,3",15:58,99,"1,4","6,1",Varias,,,,,
2025-05-02,2401X,PALENCIA,PALENCIA,736,"13,4",,"9,6",01:42,"17,3",14:32,26,"3,1","14,7",05:30,,,,,
2025-05-03,2401X,PALENCIA,PALENCIA,736,"14,4",,"8,3",02:23,"20,6",16:19,28,"1,7","9,2",20:40,,,,,
2025-05-04,2401X,PALENCIA,PALENCIA,736,"12,0",,"8,8",03:07,"15,1",10:49,29,"1,4","8,3",15:10,,,,,
2025-05-05,2401X,PALENCIA,PALENCIA,736,"10,1",,"5,5",23:57,"14,7",10:17,05,"2,2","7,5",11:20,,,,,
2025-05-06,2401X,PALENCIA,PALENCIA,736,"8,2",,"3,6",23:59,"12,7",14:40,06,"1,9","6,4",17:40,,,,,
2025-05-07,2401X,PALENCIA,PALENCIA,736,"9,8",,"1,2",04:41,"18,4",16:46,05,"1,4","5,6",10:50,,,,,
2025-05-08,2401X,PALENCIA,PALENCIA,736,"11,6",,"2,8",05:00,"20,3",15:05,30,"2,2","6,1",15:10,,,,,
2025-05-09,2401X,PALENCIA,PALENCIA,736,"12,5",,"7,7",05:30,"17,3",14:57,28,"1,7","9,2",16:30,,,,,
2025-05-10,2401X,PALENCIA,PALENCIA,736,"10,0",,"5,0",23:43,"14,9",13:56,28,"1,7","12,2",14:10,,,,,
2025-05-11,2401X,PALENCIA,PALENCIA,736,"10,1",,"5,2",00:01,"15,0",13:51,27,"3,1","10,6",13:00,,,,,
2025-05-12,2401X,PALENCIA,PALENCIA,736,"10,4",,"4,6",05:11,"16,2",15:31,27,"2,5","10,6",17:30,,,,,
2025-05-13,2401X,PALENCIA,PALENCIA,736,"13,8","0,8","9,4",00:06,"18,2",14:43,29,"1,7","8,9",15:30,,,,,
2025-05-14,2401X,PALENCIA,PALENCIA,736,"15,0","0,0","9,3",04:38,"20,7",13:25,08,"1,9","10,0",16:00,,,,,
2025-05-15,2401X,PALENCIA,PALENCIA,736,"12,2","0,0","8,2",24:00,"16,3",16:28,06,"2,5","8,6",14:10,,,,,
2025-05-16,2401X,PALENCIA,PALENCIA,736,"12,6","0,0","4,2",04:48,"20,9",15:09,06,"1,4","6,7",13:30,,,,,
2025-05-17,2401X,PALENCIA,PALENCIA,736,"13,5","0,0","3,6",04:43,"23,4",16:38,32,"1,4","4,2",15:20,,,,,
2025-05-18,2401X,PALENCIA,PALENCIA,736,"16,1","0,0","6,6",04:47,"25,6",Varias,28,"1,1","12,2",22:00,,,,,
2025-05-19,2401X,PALENCIA,PALENCIA,736,"14,2","0,2","8,2",05:32,"20,2",15:15,28,"2,8","9,2",10:10,,,,,
2025-05-20,2401X,PALENCIA,PALENCIA,736,"14,0","0,0","6,0",04:57,"22,1",16:44,34,"1,1","5,0",11:20,,,,,
2025-05-21,2401X,PALENCIA,PALENCIA,736,"15,7","0,0","6,3",Varias,"25,1",16:15,26,"1,7","7,5",14:40,,,,,
2025-05-22,2401X,PALENCIA,PALENCIA,736,"12,1","0,0","6,4",05:13,"17,8",16:11,06,"2,5","9,2",09:20,,,,,
2025-05-23,2401X,PALENCIA,PALENCIA,736,"13,0","0,0","6,1",04:44,"19,9",15:15,09,"2,5","7,8",11:50,,,,,
2025-05-24,2401X,PALENCIA,PALENCIA,736,"14,3","0,0","4,3",04:57,"24,3",17:29,32,"1,4","8,6",14:50,,,,,
2025-05-25,2401X,PALENCIA,PALENCIA,736,"17,0","0,0","7,2",04:57,"26,9",14:47,34,"2,2","8,6",18:50,,,,,
2025-05-26,2401X,PALENCIA,PALENCIA,736,"16,8","0,0","9,4",04:56,"24,1",17:05,06,"1,4","5,0",07:10,,,,,
2025-05-27,2401X,PALENCIA,PALENCIA,736,"18,2","0,0","8,3",04:45,"28,1",17:02,25,"1,7","5,8",14:00,,,,,
2025-05-28,2401X,PALENCIA,PALENCIA,736,"19,6","0,0","8,8",04:49,"30,3",17:29,27,"0,8","6,7",11:50,,,,,
2025-05-29,2401X,PALENCIA,PALENCIA,736,"21,0","1,2","9,6",04:50,"32,3",16:40,29,"0,8","5,8",14:00,,,,,
2025-05-30,2401X,PALENCIA,PALENCIA,736,"23,0","3,6","13,8",23:38,"32,1",12:47,29,"0,8","8,9",02:10,,,,,
2025-05-31,2401X,PALENCIA,PALENCIA,736,"21,6","0,4","10,8",04:56,"32,4",15:07,23,"1,1","8,6",20:00,,,,,
2025-06-01,2401X,PALENCIA,PALENCIA,736,"22,0","2,4","13,9",23:59,"30,0",14:22,28,"2,5","7,8",13:50,,,,,
2025-06-02,2401X,PALENCIA,PALENCIA,736,"16,8","0,0","12,1",04:23,"21,6",14:21,06,"2,8","8,3",08:10,,,,,
2025-06-03,2401X,PALENCIA,PALENCIA,736,"17,4","1,0","12,7",03:25,"22,1",12:26,05,"1,7","6,1",16:40,,,,,
2025-06-04,2401X,PALENCIA,PALENCIA,736,"18,4","0,0","10,4",23:55,"26,3",14:40,26,"1,9","7,8",16:30,,,,,
2025-06-05,2401X,PALENCIA,PALENCIA,736,"17,4","0,0","8,5",02:18,"26,4",15:55,28,"1,7","7,5",22:20,,,,,
2025-06-06,2401X,PALENCIA,PALENCIA,736,"19,0","0,0","11,5",03:58,"26,4",17:06,26,"2,2","8,1",21:10,,,,,
2025-06-07,2401X,PALENCIA,PALENCIA,736,"19,2","0,0","10,3",04:59,"28,1",16:07,29,"2,5","8,3",12:40,,,,,
2025-06-08,2401X,PALENCIA,PALENCIA,736,"19,7","0,0","11,1",04:45,"28,3",15:58,32,"1,7","6,4",14:10,,,,,
2025-06-09,2401X,PALENCIA,PALENCIA,736,"21,8","0,0","10,2",04:43,"33,3",16:51,16,"1,7","8,9",18:00,,,,,
2025-06-10,2401X,PALENCIA,PALENCIA,736,"24,2","2,4","13,4",05:14,"35,1",14:37,16,"0,3","11,9",16:30,,,,,
2025-06-11,2401X,PALENCIA,PALENCIA,736,"20,2","0,4","14,1",23:49,"26,4",12:03,20,"2,2","10,6",03:00,,,,,
2025-06-12,2401X,PALENCIA,PALENCIA,736,"18,6","0,0","11,2",04:58,"26,0",14:46,22,"1,7","6,7",08:20,,,,,
2025-06-13,2401X,PALENCIA,PALENCIA,736,"20,2","0,0","10,4",04:47,"29,9",16:31,28,"1,9","7,2",15:00,,,,,
2025-06-14,2401X,PALENCIA,PALENCIA,736,"21,2","0,0","12,4",05:05,"30,0",14:47,24,"1,7","7,5",13:40,,,,,
2025-06-15,2401X,PALENCIA,PALENCIA,736,"19,1","0,0","13,5",23:32,"24,7",14:55,08,"3,1","9,7",18:40,,,,,
2025-06-16,2401X,PALENCIA,PALENCIA,736,"22,5","0,0","12,2",Varias,"32,8",16:34,32,"1,7","6,4",15:10,,,,,
2025-06-17,2401X,PALENCIA,PALENCIA,736,"24,5","0,0","13,5",04:49,"35,5",14:48,02,"1,4","7,2",17:00,,,,,
2025-06-18,2401X,PALENCIA,PALENCIA,736,"25,6","0,0","15,0",04:58,"36,2",15:23,28,"2,8","10,0",18:20,,,,,
2025-06-19,2401X,PALENCIA,PALENCIA,736,"22,9","0,6","15,2",04:24,"30,6",11:27,33,"3,1","12,2",10:30,,,,,
2025-06-20,2401X,PALENCIA,PALENCIA,736,"25,0","0,0","15,8",05:12,"34,1",13:53,21,"1,7","13,6",15:50,,,,,
2025-06-21,2401X,PALENCIA,PALENCIA,736,"26,0","5,0","16,6",05:13,"35,4",13:43,18,"1,9","9,4",13:00,,,,,
2025-06-22,2401X,PALENCIA,PALENCIA,736,"26,1","0,0","17,2",05:03,"35,0",15:13,15,"2,5","9,4",13:40,,,,,
2025-06-23,2401X,PALENCIA,PALENCIA,736,"24,8","5,2","15,2",05:02,"34,5",15:16,23,"1,9","15,3",21:50,,,,,
2025-06-24,2401X,PALENCIA,PALENCIA,736,"22,1","7,4","16,5",23:49,"27,7",11:18,24,"3,1","15,8",00:30,,,,,
2025-06-25,2401X,PALENCIA,PALENCIA,736,"21,3","0,0","15,7",05:03,"26,9",17:08,07,"2,2","9,2",01:00,,,,,
2025-06-26,2401X,PALENCIA,PALENCIA,736,"21,3","0,0","12,4",04:44,"30,2",17:08,32,"0,8","5,0",16:20,,,,,
2025-06-27,2401X,PALENCIA,PALENCIA,736,"24,2","0,0","13,9",Varias,"34,5",14:56,02,"0,8","8,1",14:20,,,,,
2025-06-28,2401X,PALENCIA,PALENCIA,736,"25,2","0,0","14,5",04:38,"36,0",14:10,28,"1,7","7,2",13:00,,,,,
2025-06-29,2401X,PALENCIA,PALENCIA,736,"26,8","1,0","16,2",04:39,"37,5",16:34,34,"1,9","13,6",18:30,,,,,
2025-06-30,2401X,PALENCIA,PALENCIA,736,"27,0","0,0","17,3",04:13,"36,8",14:50,34,"1,7","7,8",16:10,,,,,
2025-07-01,2401X,PALENCIA,PALENCIA,736,"26,4","0,0","15,9",04:59,"36,9",16:28,12,"1,1","8,6",16:50,,,,,
2025-07-02,2401X,PALENCIA,PALENCIA,736,"25,9","0,6","17,8",23:17,"34,0",11:54,06,"1,9","11,7",17:30,,,,,
2025-07-03,2401X,PALENCIA,PALENCIA,736,"24,6","2,6","16,2",05:02,"32,9",14:16,14,"1,9","11,7",15:40,,,,,
2025-07-04,2401X,PALENCIA,PALENCIA,736,"24,8","5,4","15,6",04:50,"34,0",16:32,99,"1,7","8,9",20:30,,,,,
2025-07-05,2401X,PALENCIA,PALENCIA,736,"23,7","0,0","15,3",05:03,"32,1",Varias,06,"1,7","8,3",20:40,,,,,
2025-07-06,2401X,PALENCIA,PALENCIA,736,"23,2","0,0","14,2",05:04,"32,3",15:00,32,"2,8","8,1",16:40,,,,,
2025-07-07,2401X,PALENCIA,PALENCIA,736,"20,5","0,0","13,8",23:56,"27,2",13:22,07,"2,8","9,7",18:40,,,,,
2025-07-08,2401X,PALENCIA,PALENCIA,736,"19,6","0,0","11,4",04:48,"27,7",15:21,07,"2,8","8,1",15:40,,,,,
2025-07-09,2401X,PALENCIA,PALENCIA,736,"23,2","0,0","12,0",04:49,"34,4",16:35,32,"1,4","5,8",16:10,,,,,
2025-07-10,2401X,PALENCIA,PALENCIA,736,"24,9","0,0","15,1",03:55,"34,7",15:08,14,"1,4","7,2",12:50,,,,,
2025-07-11,2401X,PALENCIA,PALENCIA,736,"23,6","0,0","14,8",04:58,"32,3",16:03,27,"2,5","11,1",18:40,,,,,
2025-07-12,2401X,PALENCIA,PALENCIA,736,"21,9","0,0","14,7",04:47,"29,1",15:12,33,"1,4","8,9",19:10,,,,,
2025-07-13,2401X,PALENCIA,PALENCIA,736,"23,0","0,0","15,1",05:00,"31,0",15:46,29,"1,9","8,3",17:10,,,,,
2025-07-14,2401X,PALENCIA,PALENCIA,736,"24,0","0,0","15,2",04:48,"32,7",15:56,30,"1,7","7,8",15:50,,,,,
2025-07-15,2401X,PALENCIA,PALENCIA,736,"23,3","0,0","14,6",04:29,"32,0",16:42,99,"1,4","5,3",Varias,,,,,
2025-07-16,2401X,PALENCIA,PALENCIA,736,"25,9","0,0","14,3",05:00,"37,5",15:03,29,"1,9","6,9",17:00,,,,,
2025-07-17,2401X,PALENCIA,PALENCIA,736,"25,8","0,0","14,8",05:12,"36,7",14:23,28,"1,9","7,8",15:30,,,,,
2025-07-18,2401X,PALENCIA,PALENCIA,736,"24,1","0,0","16,5",03:32,"31,7",15:04,27,"2,2","10,6",20:40,,,,,
2025-07-19,2401X,PALENCIA,PALENCIA,736,"22,6","0,0","16,4",05:02,"28,9",14:38,26,"2,2","9,2",15:30,,,,,
2025-07-20,2401X,PALENCIA,PALENCIA,736,"20,2","0,0","13,8",23:57,"26,6",14:08,28,"3,9","13,3",12:20,,,,,
2025-07-21,2401X,PALENCIA,PALENCIA,736,"19,4","0,0","10,8",05:04,"28,1",16:02,28,"2,2","6,4",04:10,,,,,
2025-07-22,2401X,PALENCIA,PALENCIA,736,"20,6","0,0","9,8",05:12,"31,4",14:46,28,"2,5","7,8",13:30,,,,,
2025-07-23,2401X,PALENCIA,PALENCIA,736,"21,4","0,0","14,1",24:00,"28,6",15:08,06,"2,5","9,4",18:40,,,,,
2025-07-24,2401X,PALENCIA,PALENCIA,736,"17,2","0,0","11,9",04:55,"22,6",14:05,06,"4,4","11,4",17:20,,,,,
2025-07-25,2401X,PALENCIA,PALENCIA,736,"18,6","0,0","11,6",04:59,"25,6",15:22,06,"2,5","9,7",16:20,,,,,
2025-07-26,2401X,PALENCIA,PALENCIA,736,"20,4","0,0","10,6",03:29,"30,1",15:39,35,"1,7","6,7",14:40,,,,,
2025-07-27,2401X,PALENCIA,PALENCIA,736,"22,1","0,0","12,2",05:21,"32,0",17:07,34,"1,7","7,2",13:50,,,,,
2025-07-28,2401X,PALENCIA,PALENCIA,736,"19,2","0,0","14,4",23:55,"24,1",14:18,06,"3,3","11,4",17:20,,,,,
2025-07-29,2401X,PALENCIA,PALENCIA,736,"19,0","0,0","12,9",04:51,"25,1",16:35,05,"3,6","9,2",08:20,,,,,
2025-07-30,2401X,PALENCIA,PALENCIA,736,"20,4","0,0","12,1",05:20,"28,6",15:43,04,"2,2","7,8",19:00,,,,,
2025-07-31,2401X,PALENCIA,PALENCIA,736,"22,1","0,0","12,9",05:23,"31,3",15:37,33,"2,2","6,9",13:30,,,,,
2025-08-01,2401X,PALENCIA,PALENCIA,736,"21,7","0,0","13,2",05:22,"30,2",15:31,03,"1,9","6,9",14:40,,,,,
2025-08-02,2401X,PALENCIA,PALENCIA,736,"22,2","0,0","13,6",05:19,"30,7",15:44,08,"2,5","8,1",19:00,,,,,
2025-08-03,2401X,PALENCIA,PALENCIA,736,"23,0","0,0","13,6",05:26,"32,3",15:35,07,"1,9","5,8",10:10,,,,,
2025-08-04,2401X,PALENCIA,PALENCIA,736,"24,4","0,0","12,1",05:27,"36,6",14:27,30,"2,5","7,5",14:10,,,,,
2025-08-05,2401X,PALENCIA,PALENCIA,736,"23,8","0,0","16,8",Varias,"30,9",14:01,04,"2,2","8,9",18:20,,,,,
2025-08-06,2401X,PALENCIA,PALENCIA,736,"25,1","0,0","15,1",05:36,"35,1",15:30,99,"1,1","7,2",Varias,,,,,
2025-08-07,2401X,PALENCIA,PALENCIA,736,"25,7","0,0","14,2",05:31,"37,2",15:43,33,"0,6","5,3",14:10,,,,,
2025-08-08,2401X,PALENCIA,PALENCIA,736,"26,0","0,0","15,2",05:26,"36,8",15:51,23,"0,6","6,9",23:00,,,,,
2025-08-09,2401X,PALENCIA,PALENCIA,736,"27,4","0,0","17,1",05:53,"37,6",15:10,06,"1,7","7,5",17:30,,,,,
2025-08-10,2401X,PALENCIA,PALENCIA,736,"26,6","0,0","16,2",04:33,"37,0",14:10,16,"1,7","9,4",13:30,,,,,
2025-08-11,2401X,PALENCIA,PALENCIA,736,"28,8","0,0","18,9",04:36,"38,7",14:37,32,"1,9","9,2",14:50,,,,,
2025-08-12,2401X,PALENCIA,PALENCIA,736,"27,8","0,0","16,8",05:42,"38,8",14:11,22,"1,9","16,7",15:30,,,,,
2025-08-13,2401X,PALENCIA,PALENCIA,736,"27,8","0,0","19,7",Varias,"35,8",14:39,99,"1,7","8,6",14:50,,,,,
2025-08-14,2401X,PALENCIA,PALENCIA,736,"27,2","0,0","16,7",05:00,"37,7",14:15,28,"1,4","7,5",13:40,,,,,
2025-08-15,2401X,PALENCIA,PALENCIA,736,"29,2","0,0","20,0",05:45,"38,4",13:46,15,"0,8","8,6",17:40,,,,,
2025-08-16,2401X,PALENCIA,PALENCIA,736,"26,9","0,0","14,8",05:38,"39,0",15:34,28,"0,8","7,2",15:30,,,,,
2025-08-17,2401X,PALENCIA,PALENCIA,736,"28,0","0,0","17,4",04:21,"38,5",15:20,28,"1,4","8,9",16:40,,,,,
2025-08-18,2401X,PALENCIA,PALENCIA,736,"23,0","0,0","16,1",23:41,"29,8",14:30,08,"0,8","7,2",17:30,,,,,
2025-08-19,2401X,PALENCIA,PALENCIA,736,"21,0","0,0","14,3",05:43,"27,6",16:20,08,"1,7","8,9",19:40,,,,,
2025-08-20,2401X,PALENCIA,PALENCIA,736,"19,2","0,0","11,9",05:57,"26,5",15:20,06,"0,8","6,9",19:30,,,,,
2025-08-21,2401X,PALENCIA,PALENCIA,736,"17,5","0,0","9,2",05:05,"25,8",16:26,05,"1,9","8,3",18:00,,,,,
2025-08-22,2401X,PALENCIA,PALENCIA,736,"18,8","0,0","11,0",05:52,"26,5",16:41,32,"1,4","6,7",13:20,,,,,
2025-08-23,2401X,PALENCIA,PALENCIA,736,"20,8","0,0","10,4",04:20,"31,3",15:23,32,"0,8","6,1",14:20,,,,,
2025-08-24,2401X,PALENCIA,PALENCIA,736,"22,6","0,0","12,1",04:30,"33,0",13:04,14,"0,6","5,0",13:10,,,,,
2025-08-25,2401X,PALENCIA,PALENCIA,736,"23,4","0,0","12,8",05:46,"34,0",14:07,27,"1,4","8,3",15:10,,,,,
2025-08-26,2401X,PALENCIA,PALENCIA,736,"24,0","0,0","14,1",05:47,"33,9",15:01,31,"1,9","8,6",15:20,,,,,
2025-08-27,2401X,PALENCIA,PALENCIA,736,"21,2","0,0","13,5",05:42,"28,9",14:40,28,"2,8","9,7",14:10,,,,,
2025-08-28,2401X,PALENCIA,PALENCIA,736,"18,7","0,0","12,5",02:35,"24,9",14:44,28,"3,9","8,9",16:00,,,,,
2025-08-29,2401X,PALENCIA,PALENCIA,736,"19,3","0,0","13,5",05:20,"25,1",14:38,32,"4,7","11,9",14:00,,,,,
2025-08-30,2401X,PALENCIA,PALENCIA,736,"20,8","0,0","12,4",05:56,"29,3",15:01,27,"2,2","8,9",16:20,,,,,
2025-08-31,2401X,PALENCIA,PALENCIA,736,"19,4","0,0","13,3",23:58,"25,4",13:24,28,"3,6","12,8",12:40,,,,,
2025-09-01,2401X,PALENCIA,PALENCIA,736,"16,5","0,0","10,5",06:00,"22,5",16:16,99,"4,2","9,7",Varias,,,,,
2025-09-02,2401X,PALENCIA,PALENCIA,736,"16,4","0,0","8,2",05:03,"24,6",15:02,30,"2,2","9,7",14:20,,,,,
2025-09-03,2401X,PALENCIA,PALENCIA,736,"19,4","0,0","11,6",05:56,"27,3",12:24,28,"2,5","10,3",13:10,,,,,
2025-09-04,2401X,PALENCIA,PALENCIA,736,"17,5","0,0","9,5",05:39,"25,5",15:02,28,"2,5","9,2",12:00,,,,,
2025-09-05,2401X,PALENCIA,PALENCIA,736,"19,4","0,0","9,5",05:21,"29,4",16:07,13,"0,8","5,3",15:10,,,,,
2025-09-06,2401X,PALENCIA,PALENCIA,736,"22,1","0,0","11,3",05:56,"32,9",15:11,22,"2,2","9,2",16:10,,,,,
2025-09-07,2401X,PALENCIA,PALENCIA,736,"19,4","0,0","13,6",23:57,"25,3",15:19,26,"2,5","8,3",11:30,,,,,
2025-09-08,2401X,PALENCIA,PALENCIA,736,"17,6","0,0","11,8",02:58,"23,5",13:07,07,"1,9","8,9",17:20,,,,,
2025-09-09,2401X,PALENCIA,PALENCIA,736,"16,6","0,0","9,5",Varias,"23,6",Varias,34,"1,7","8,6",16:50,,,,,
2025-09-10,2401X,PALENCIA,PALENCIA,736,"20,4","0,0","13,8",Varias,"27,0",14:48,30,"3,3","10,8",16:20,,,,,
2025-09-11,2401X,PALENCIA,PALENCIA,736,"18,2","0,0","9,4",06:12,"27,1",16:06,27,"3,6","10,8",13:50,,,,,
2025-09-12,2401X,PALENCIA,PALENCIA,736,"20,8","0,0","14,5",23:59,"27,0",14:46,29,"1,9","9,4",16:10,,,,,
2025-09-13,2401X,PALENCIA,PALENCIA,736,"19,0","0,0","11,2",06:25,"26,7",14:02,30,"0,8","7,2",16:20,,,,,
2025-09-14,2401X,PALENCIA,PALENCIA,736,"21,3","0,0","12,3",06:04,"30,3",15:34,27,"1,1","8,1",01:30,,,,,
2025-09-15,2401X,PALENCIA,PALENCIA,736,"21,1","0,0","11,5",05:52,"30,7",14:49,24,"1,7","8,3",14:30,,,,,
2025-09-16,2401X,PALENCIA,PALENCIA,736,"20,4","0,0","10,8",23:56,"30,1",15:24,28,"0,8","5,6",15:00,,,,,
2025-09-17,2401X,PALENCIA,PALENCIA,736,"20,2","0,0","7,1",06:22,"33,4",14:55,16,"0,8","3,9",14:00,,,,,
2025-09-18,2401X,PALENCIA,PALENCIA,736,"22,0","0,0","9,1",06:01,"34,8",14:55,26,"0,8","6,1",15:10,,,,,
2025-09-19,2401X,PALENCIA,PALENCIA,736,"23,8","0,0","13,7",02:11,"33,8",14:41,22,"2,2","12,8",15:40,,,,,
2025-09-20,2401X,PALENCIA,PALENCIA,736,"22,4","0,0","15,0",23:57,"29,9",15:44,28,"2,8","11,4",20:00,,,,,
2025-09-21,2401X,PALENCIA,PALENCIA,736,"13,4","0,0","6,0",23:58,"20,8",14:31,32,"2,8","13,6",17:00,,,,,
2025-09-22,2401X,PALENCIA,PALENCIA,736,"11,8","0,0","4,4",04:44,"19,3",13:18,32,"2,8","8,9",11:00,,,,,
2025-09-23,2401X,PALENCIA,PALENCIA,736,"11,2","0,0","4,7",02:52,"17,8",16:08,07,"1,9","8,9",17:40,,,,,
2025-09-24,2401X,PALENCIA,PALENCIA,736,"10,3","0,0","2,1",06:16,"18,5",15:53,35,"1,7","5,3",13:30,,,,,
2025-09-25,2401X,PALENCIA,PALENCIA,736,"12,0","0,0","2,8",06:25,"21,3",15:41,99,"0,6","5,3",11:50,,,,,
2025-09-26,2401X,PALENCIA,PALENCIA,736,"14,0","0,0","2,4",06:16,"25,6",15:08,28,"1,4","8,6",14:30,,,,,
2025-09-27,2401X,PALENCIA,PALENCIA,736,"15,0","0,0","5,9",05:52,"24,1",11:50,24,"1,9","7,8",11:40,,,,,
2025-09-28,2401X,PALENCIA,PALENCIA,736,"16,0","0,0","9,5",06:12,"22,4",13:09,07,"2,2","10,6",17:40,,,,,
2025-09-29,2401X,PALENCIA,PALENCIA,736,"15,8","0,0","10,7",06:12,"21,0",Varias,06,"2,5","9,4",08:20,,,,,
2025-09-30,2401X,PALENCIA,PALENCIA,736,"15,8","0,0","7,6",06:06,"24,1",14:47,08,"0,8","6,4",13:00,,,,,
2025-10-01,2401X,PALENCIA,PALENCIA,736,"15,4","0,0","5,0",05:41,"25,8",14:56,34,"1,4","5,0",12:40,,,,,
2025-10-02,2401X,PALENCIA,PALENCIA,736,"16,6","0,0","5,3",04:42,"27,8",15:23,28,"1,1","5,0",13:40,,,,,
2025-10-03,2401X,PALENCIA,PALENCIA,736,"18,2","0,0","8,3",06:36,"28,0",14:32,28,"0,8","6,9",13:10,,,,,
2025-10-04,2401X,PALENCIA,PALENCIA,736,"19,3","0,0","10,5",04:12,"28,1",14:08,32,"2,5","9,7",16:30,,,,,
2025-10-05,2401X,PALENCIA,PALENCIA,736,"12,8","0,0","7,0",06:38,"18,5",14:40,06,"2,5","8,6",13:00,,,,,
2025-10-06,2401X,PALENCIA,PALENCIA,736,"14,7","0,0","3,9",05:50,"25,5",15:47,08,"0,6","3,3",12:10,,,,,
2025-10-07,2401X,PALENCIA,PALENCIA,736,"15,8","0,0","4,0",06:02,"27,6",14:09,99,"1,1","5,6",Varias,,,,,
2025-10-08,2401X,PALENCIA,PALENCIA,736,,,,,,,,"1,7",,,,,,,
2025-10-09,2401X,PALENCIA,PALENCIA,736,"15,8","0,0","11,1",23:58,"20,5",13:43,08,"2,2","10,3",16:20,,,,,
2025-10-10,2401X,PALENCIA,PALENCIA,736,"15,0","0,0","8,1",06:38,"21,9",14:25,07,"1,7","8,3",09:00,,,,,
2025-10-11,2401X,PALENCIA,PALENCIA,736,"14,2","0,0","5,4",06:13,"23,0",13:22,16,"1,7","6,9",12:30,,,,,
2025-10-12,2401X,PALENCIA,PALENCIA,736,"14,9","0,0","8,1",06:45,"21,7",13:44,15,"1,1","7,8",10:40,,,,,
2025-10-13,2401X,PALENCIA,PALENCIA,736,"17,6","0,0","10,1",23:56,"25,0",14:48,06,"0,8","4,4",08:50,,,,,
2025-10-14,2401X,PALENCIA,PALENCIA,736,"15,8","0,0","6,6",06:55,"24,9",15:09,30,"0,8","4,2",14:50,,,,,
2025-10-15,2401X,PALENCIA,PALENCIA,736,"15,9","0,0","6,3",06:34,"25,5",15:16,32,"1,1","4,2",14:10,,,,,
2025-10-16,2401X,PALENCIA,PALENCIA,736,"15,4","0,0","4,8",06:28,"26,0",14:41,30,"0,8","5,0",19:40,,,,,
2025-10-17,2401X,PALENCIA,PALENCIA,736,"15,6","0,0","5,5",06:41,"25,6",14:25,32,"1,4","5,8",15:00,,,,,
2025-10-18,2401X,PALENCIA,PALENCIA,736,"15,2","0,0","5,0",06:50,"25,5",13:59,27,"0,8","5,8",13:50,,,,,
2025-10-19,2401X,PALENCIA,PALENCIA,736,"15,7","6,0","12,2",00:13,"19,2",14:04,99,"0,8","8,3",Varias,,,,,
2025-10-20,2401X,PALENCIA,PALENCIA,736,"14,0","2,4","10,2",06:19,"17,9",12:35,27,"4,2","11,1",03:40,,,,,
2025-10-21,2401X,PALENCIA,PALENCIA,736,"17,4","0,0","12,3",00:01,"22,5",14:17,28,"4,2","12,8",13:10,,,,,
2025-10-22,2401X,PALENCIA,PALENCIA,736,"17,7","2,2","14,3",06:32,"21,1",14:20,24,"5,0","15,0",21:50,,,,,
2025-10-23,2401X,PALENCIA,PALENCIA,736,"12,6","0,0","7,8",24:00,"17,3",13:53,24,"3,9","15,3",01:40,,,,,
2025-10-24,2401X,PALENCIA,PALENCIA,736,"9,4","0,0","2,9",04:38,"15,9",16:32,24,"0,8","7,2",20:30,,,,,
2025-10-25,2401X,PALENCIA,PALENCIA,736,"12,2","2,0","9,1",23:54,"15,2",00:31,27,"0,6","9,7",01:00,,,,,
2025-10-26,2401X,PALENCIA,PALENCIA,736,"9,4","0,0","2,7",23:56,"16,0",15:50,06,"0,6","5,8",11:10,,,,,
2025-10-27,2401X,PALENCIA,PALENCIA,736,"9,0","0,0","0,1",05:03,"17,9",14:56,30,"1,4","3,9",12:30,,,,,
2025-10-28,2401X,PALENCIA,PALENCIA,736,"9,6","0,6","0,1",06:53,"19,2",14:50,22,"0,3","7,8",23:30,,,,,
2025-10-29,2401X,PALENCIA,PALENCIA,736,"14,0","0,0","8,1",24:00,"19,8",13:11,24,"2,5","8,6",13:20,,,,,
2025-10-30,2401X,PALENCIA,PALENCIA,736,"11,0","0,0","4,4",03:58,"17,7",15:02,30,"1,9","8,6",17:10,,,,,
2025-10-31,2401X,PALENCIA,PALENCIA,736,"13,2","11,8","8,8",00:03,"17,6",12:24,20,"3,3","12,2",11:10,,,,,
2025-11-01,2401X,PALENCIA,PALENCIA,736,"12,2","2,6","10,0",24:00,"14,3",13:37,26,"2,5","10,0",19:50,,,,,
2025-11-02,2401X,PALENCIA,PALENCIA,736,"9,4","0,0","3,9",23:45,"14,9",14:32,28,"2,2","8,6",13:00,,,,,
2025-11-03,2401X,PALENCIA,PALENCIA,736,"9,4","0,0","1,5",06:58,"17,3",14:29,16,"0,6","3,1",09:40,,,,,
2025-11-04,2401X,PALENCIA,PALENCIA,736,"10,4","0,0","2,0",03:58,"18,7",14:20,16,"1,1","6,9",23:59,,,,,
2025-11-05,2401X,PALENCIA,PALENCIA,736,"14,4","13,8","8,1",23:29,"20,6",12:54,26,"1,9","19,2",13:20,,,,,
2025-11-06,2401X,PALENCIA,PALENCIA,736,"9,9","2,2","5,7",23:52,"14,1",13:00,24,"5,0","12,8",09:30,,,,,
2025-11-07,2401X,PALENCIA,PALENCIA,736,"9,2","3,2","5,7",00:01,"12,8",15:53,29,"1,9","9,7",22:40,,,,,
2025-11-08,2401X,PALENCIA,PALENCIA,736,"8,6","0,0","2,4",24:00,"14,9",14:43,26,"2,2","7,5",03:50,,,,,
2025-11-09,2401X,PALENCIA,PALENCIA,736,"7,0","0,8","-0,3",07:12,"14,4",14:38,28,"1,4","5,0",13:00,,,,,
2025-11-10,2401X,PALENCIA,PALENCIA,736,"8,0","0,0","3,6",01:18,"12,3",16:25,21,"0,8","5,3",19:10,,,,,
2025-11-11,2401X,PALENCIA,PALENCIA,736,"12,2","0,0","8,1",22:10,"16,4",13:40,22,"1,9","8,1",13:50,,,,,
2025-11-12,2401X,PALENCIA,PALENCIA,736,"13,4","0,0","6,4",04:24,"20,5",13:50,20,"3,6","11,7",11:40,,,,,
2025-11-13,2401X,PALENCIA,PALENCIA,736,"12,0","6,8","8,6",00:01,"15,4",07:39,18,"3,6","15,8",22:50,,,,,
2025-11-14,2401X,PALENCIA,PALENCIA,736,"11,6","2,6","8,1",23:03,"15,2",13:01,22,"2,8","11,4",01:50,,,,,
2025-11-15,2401X,PALENCIA,PALENCIA,736,"10,2","4,6","7,0",03:46,"13,4",12:35,15,"2,2","7,2",09:40,,,,,
2025-11-16,2401X,PALENCIA,PALENCIA,736,"9,4","0,4","6,8",04:47,"11,9",11:33,26,"2,2","12,5",15:10,,,,,
2025-11-17,2401X,PALENCIA,PALENCIA,736,"10,2","0,2","6,8",23:56,"13,7",14:38,06,"0,8","6,4",18:40,,,,,
2025-11-18,2401X,PALENCIA,PALENCIA,736,"5,0","0,0","-0,3",24:00,"10,4",14:24,06,"1,7","7,5",11:30,,,,,
2025-11-19,2401X,PALENCIA,PALENCIA,736,"5,1","0,0","-0,3",00:01,"10,5",14:48,30,"1,7","5,6",12:50,,,,,
2025-11-20,2401X,PALENCIA,PALENCIA,736,"3,8","0,0","-1,9",07:10,"9,5",14:18,36,"3,6","10,0",15:20,,,,,
2025-11-21,2401X,PALENCIA,PALENCIA,736,"1,8","0,0","-3,6",23:55,"7,1",13:12,28,"1,1","9,7",01:10,,,,,
2025-11-22,2401X,PALENCIA,PALENCIA,736,"0,8","0,0","-5,8",07:04,"7,3",12:55,26,"1,1","7,2",16:00,,,,,
2025-11-23,2401X,PALENCIA,PALENCIA,736,"6,3","0,4","1,2",03:33,"11,4",13:57,24,"2,8","13,3",23:10,,,,,
2025-11-24,2401X,PALENCIA,PALENCIA,736,"8,6","5,4","4,8",23:51,"12,3",14:50,24,"5,8","15,6",07:50,,,,,
2025-11-25,2401X,PALENCIA,PALENCIA,736,"4,9","0,0","-1,3",23:57,"11,1",14:17,28,"3,6","10,0",08:30,,,,,
2025-11-26,2401X,PALENCIA,PALENCIA,736,"3,1","0,0","-3,9",06:49,"10,1",14:41,34,"1,4","5,3",13:20,,,,,
2025-11-27,2401X,PALENCIA,PALENCIA,736,"4,4","0,0","-2,8",05:59,"11,5",14:37,99,"1,1","3,6",Varias,,,,,
2025-11-28,2401X,PALENCIA,PALENCIA,736,"4,2","0,0","-2,9",06:48,"11,3",14:37,30,"1,4","3,9",13:20,,,,,
2025-11-29,2401X,PALENCIA,PALENCIA,736,"2,6","2,4","-1,8",02:45,"7,1",22:36,28,"1,7","6,9",22:40,,,,,
2025-11-30,2401X,PALENCIA,PALENCIA,736,"4,3","0,0","-0,1",24:00,"8,7",13:12,06,"1,9","9,7",13:30,,,,,
2025-12-01,2401X,PALENCIA,PALENCIA,736,"0,0","6,0","-3,3",04:17,"3,2",Varias,13,"1,7","6,4",14:40,,,,,
2025-12-02,2401X,PALENCIA,PALENCIA,736,"5,3","0,4","1,1",20:18,"9,5",14:40,26,"2,8","8,9",21:20,,,,,
2025-12-03,2401X,PALENCIA,PALENCIA,736,"4,0","1,2","-1,0",07:31,"8,9",13:55,27,"4,2","10,3",12:30,,,,,
2025-12-04,2401X,PALENCIA,PALENCIA,736,"7,0","0,4","5,3",00:01,"8,7",12:33,30,"5,3","11,9",21:50,,,,,
2025-12-05,2401X,PALENCIA,PALENCIA,736,"8,7","0,0","5,7",00:24,"11,7",Varias,26,"4,4","12,2",01:10,,,,,
2025-12-06,2401X,PALENCIA,PALENCIA,736,"13,0","0,0","11,0",07:52,"15,1",12:52,24,"4,7","12,8",13:00,,,,,
2025-12-07,2401X,PALENCIA,PALENCIA,736,"10,1","0,0","7,0",05:31,"13,2",13:21,24,"2,5","7,8",00:50,,,,,
2025-12-08,2401X,PALENCIA,PALENCIA,736,"10,1","0,0","6,2",20:24,"14,0",12:37,20,"2,2","6,7",13:50,,,,,
2025-12-09,2401X,PALENCIA,PALENCIA,736,"10,0","2,4","6,0",05:41,"14,0",13:32,21,"3,1","13,9",14:20,,,,,
2025-12-10,2401X,PALENCIA,PALENCIA,736,"7,8","0,8","5,5",23:37,"10,2",11:33,05,"1,1","5,6",14:00,,,,,
2025-12-11,2401X,PALENCIA,PALENCIA,736,"6,4","0,6","3,9",Varias,"8,8",10:34,16,"1,7","5,3",08:40,,,,,
2025-12-12,2401X,PALENCIA,PALENCIA,736,"7,6","0,4","4,2",22:36,"11,1",13:18,15,"0,3","3,9",02:20,,,,,
2025-12-13,2401X,PALENCIA,PALENCIA,736,"7,2","0,0","1,1",23:53,"13,3",14:45,07,"0,6","5,3",10:40,,,,,
2025-12-14,2401X,PALENCIA,PALENCIA,736,"4,4","0,0","0,1",01:36,"8,6",Varias,14,"1,4","4,4",09:50,,,,,
2025-12-15,2401X,PALENCIA,PALENCIA,736,"4,4","7,2","0,5",Varias,"8,3",14:45,14,"0,6","4,4",11:40,,,,,
2025-12-16,2401X,PALENCIA,PALENCIA,736,"6,8","0,8","5,3",23:54,"8,4",14:15,05,"1,4","7,8",13:40,,,,,
2025-12-17,2401X,PALENCIA,PALENCIA,736,"5,8","0,0","1,5",07:52,"10,0",14:18,07,"0,6","5,6",03:00,,,,,
2025-12-18,2401X,PALENCIA,PALENCIA,736,"7,6","3,0","3,1",07:43,"12,2",14:25,22,"1,9","7,2",12:50,,,,,
2025-12-19,2401X,PALENCIA,PALENCIA,736,"7,3","4,0","6,1",Varias,"8,5",14:47,22,"1,4","5,3",02:50,,,,,
2025-12-20,2401X,PALENCIA,PALENCIA,736,"7,2","6,4","5,4",24:00,"8,9",14:50,28,"2,2","7,8",10:20,,,,,
2025-12-21,2401X,PALENCIA,PALENCIA,736,"3,6","0,0","1,3",18:20,"5,9",14:23,25,"4,4","11,7",09:50,,,,,
2025-12-22,2401X,PALENCIA,PALENCIA,736,"4,0","0,0","0,8",05:51,"7,1",14:22,25,"4,4","11,4",07:10,,,,,
2025-12-23,2401X,PALENCIA,PALENCIA,736,"2,3","0,2","-1,1",23:14,"5,7",15:10,25,"0,8","6,4",02:50,,,,,
2025-12-24,2401X,PALENCIA,PALENCIA,736,"4,5","0,0","-0,3",00:01,"9,3",13:55,04,"2,2","8,1",13:20,,,,,
2025-12-25,2401X,PALENCIA,PALENCIA,736,"1,2","0,0","-3,5",23:58,"6,0",14:54,06,"1,7","7,8",02:20,,,,,
2025-12-26,2401X,PALENCIA,PALENCIA,736,"-0,3","0,0","-5,7",07:49,"5,1",13:12,32,"0,8","4,2",13:20,,,,,
2025-12-27,2401X,PALENCIA,PALENCIA,736,"6,2","0,0","1,9",01:28,"10,4",12:47,14,"3,1","12,8",15:20,,,,,
2025-12-28,2401X,PALENCIA,PALENCIA,736,"5,7","0,0","-0,2",23:58,"11,6",14:08,07,"1,9","6,4",02:00,,,,,
2025-12-29,2401X,PALENCIA,PALENCIA,736,"5,2","0,0","-0,8",22:30,"11,1",14:25,33,"0,8","3,3",14:00,,,,,
2025-12-30,2401X,PALENCIA,PALENCIA,736,"1,6","0,0","-0,6",00:18,"3,8",15:33,35,"0,8","3,3",19:50,,,,,
2025-12-31,2401X,PALENCIA,PALENCIA,736,"1,8","0,0","-2,2",20:31,"5,7",13:58,28,"0,8","3,9",14:30,,,,,
2026-01-01,2401X,PALENCIA,PALENCIA,736,"0,8","0,0","-1,4",09:26,"3,1",23:52,33,"0,6","3,3",14:40,,,,,
2026-01-02,2401X,PALENCIA,PALENCIA,736,"5,4","1,6","2,7",06:41,"8,2",13:55,05,"0,3","3,3",07:10,,,,,
2026-01-03,2401X,PALENCIA,PALENCIA,736,"7,2","0,4","3,4",23:58,"11,1",13:54,07,"0,8","8,6",21:40,,,,,
2026-01-04,2401X,PALENCIA,PALENCIA,736,"0,2","0,0","-2,9",23:34,"3,4",00:01,04,"3,3","10,8",16:20,,,,,
2026-01-05,2401X,PALENCIA,PALENCIA,736,"-1,5","0,0","-6,1",23:57,"3,1",11:13,08,"1,9","7,5",11:00,,,,,
2026-01-06,2401X,PALENCIA,PALENCIA,736,"-0,5","0,0","-6,5",07:32,"5,5",14:15,33,"1,4","8,9",12:10,,,,,
2026-01-07,2401X,PALENCIA,PALENCIA,736,"2,1","0,0","-3,5",Varias,"7,7",14:46,27,"1,9","10,3",22:30,,,,,
2026-01-08,2401X,PALENCIA,PALENCIA,736,"4,0","0,0","-0,7",03:22,"8,6",23:28,24,"2,8","14,4",23:20,,,,,
2026-01-09,2401X,PALENCIA,PALENCIA,736,"6,1","0,0","2,0",23:58,"10,2",14:33,29,"6,7","14,7",15:00,,,,,
2026-01-10,2401X,PALENCIA,PALENCIA,736,"3,2","0,0","-1,7",08:11,"8,0",14:29,28,"3,3","10,0",02:00,,,,,
2026-01-11,2401X,PALENCIA,PALENCIA,736,"4,0","0,0","-0,5",01:19,"8,4",21:23,21,"1,7","5,6",11:30,,,,,
2026-01-12,2401X,PALENCIA,PALENCIA,736,"7,6","0,0","3,7",23:38,"11,6",13:48,22,"1,7","9,2",10:20,,,,,
2026-01-13,2401X,PALENCIA,PALENCIA,736,"6,4","0,8","2,2",01:27,"10,6",14:23,16,"1,9","8,6",11:10,,,,,
2026-01-14,2401X,PALENCIA,PALENCIA,736,"7,2","0,0","5,0",08:04,"9,4",14:20,99,"1,4","5,3",Varias,,,,,
2026-01-15,2401X,PALENCIA,PALENCIA,736,"6,0","5,4","4,8",07:32,"7,1",12:40,22,"2,5","8,6",20:00,,,,,
2026-01-16,2401X,PALENCIA,PALENCIA,736,"5,6","2,6","3,0",08:33,"8,1",14:59,27,"1,4","7,2",02:50,,,,,
2026-01-17,2401X,PALENCIA,PALENCIA,736,"2,6","18,8","1,0",22:42,"4,1",Varias,07,"1,7","5,0",Varias,,,,,
2026-01-18,2401X,PALENCIA,PALENCIA,736,"3,6","3,4","1,3",02:58,"6,0",15:36,32,"0,8","4,4",14:20,,,,,
2026-01-19,2401X,PALENCIA,PALENCIA,736,"3,4","0,0","-1,0",23:52,"7,7",15:08,30,"2,8","6,4",13:40,,,,,
2026-01-20,2401X,PALENCIA,PALENCIA,736,"2,0","1,2","-1,5",08:04,"5,6",21:35,18,"1,7","6,7",21:20,,,,,
2026-01-21,2401X,PALENCIA,PALENCIA,736,"6,9","4,0","3,4",23:58,"10,4",15:03,26,"5,3","17,8",17:40,,,,,
2026-01-22,2401X,PALENCIA,PALENCIA,736,"4,4","1,2","1,6",05:59,"7,2",12:05,27,"5,6","11,1",02:00,,,,,
2026-01-23,2401X,PALENCIA,PALENCIA,736,"4,0","7,8","0,9",22:56,"7,0",00:37,28,"5,3","16,9",01:20,,,,,
2026-01-24,2401X,PALENCIA,PALENCIA,736,"2,5","0,0","-0,4",03:46,"5,4",14:39,28,"5,8","13,6",15:20,,,,,
2026-01-25,2401X,PALENCIA,PALENCIA,736,"5,7","0,6","2,3",00:01,"9,1",11:28,28,"6,7","17,5",14:40,,,,,
2026-01-26,2401X,PALENCIA,PALENCIA,736,"7,2","10,2","3,4",00:01,"11,1",16:52,23,"3,9","13,1",18:30,,,,,
2026-01-27,2401X,PALENCIA,PALENCIA,736,"5,6","3,0","1,6",23:56,"9,7",00:01,28,"4,2","19,7",14:50,,,,,
2026-01-28,2401X,PALENCIA,PALENCIA,736,"3,2","8,2","0,7",03:12,"5,8",16:19,26,"3,6","11,1",15:50,,,,,
2026-01-29,2401X,PALENCIA,PALENCIA,736,"8,2","1,4","4,6",Varias,"11,7",14:17,24,"6,9","14,7",17:20,,,,,
2026-01-30,2401X,PALENCIA,PALENCIA,736,"5,2","5,4","1,7",20:09,"8,6",12:44,26,"5,0","20,0",19:50,,,,,
2026-01-31,2401X,PALENCIA,PALENCIA,736,"5,8","0,0","1,7",07:30,"9,9",14:53,26,"5,6","14,4",05:20,,,,,
2026-02-01,2401X,PALENCIA,PALENCIA,736,"7,5","11,0","4,3",04:02,"10,7",15:20,99,"1,7","7,8",Varias,,,,,
2026-02-02,2401X,PALENCIA,PALENCIA,736,"6,7","5,0","3,9",20:54,"9,5",01:36,21,"4,2","16,1",08:50,,,,,
2026-02-03,2401X,PALENCIA,PALENCIA,736,"5,0","4,0","2,1",23:59,"7,8",12:48,26,"3,1","11,1",14:00,,,,,
2026-02-04,2401X,PALENCIA,PALENCIA,736,"6,9","2,6","1,3",00:43,"12,5",14:18,25,"6,7","16,7",13:50,,,,,
2026-02-05,2401X,PALENCIA,PALENCIA,736,"8,5","6,4","6,1",21:08,"10,9",14:31,26,"5,8","18,3",15:00,,,,,
2026-02-06,2401X,PALENCIA,PALENCIA,736,"6,1","3,0","2,6",Varias,"9,6",13:34,22,"4,4","11,1",00:20,,,,,
2026-02-07,2401X,PALENCIA,PALENCIA,736,"4,9","3,4","2,9",07:00,"6,9",12:09,15,"3,9","11,7",16:00,,,,,
2026-02-08,2401X,PALENCIA,PALENCIA,736,"7,2","5,6","3,8",07:02,"10,5",13:19,29,"5,0","12,2",09:30,,,,,
2026-02-09,2401X,PALENCIA,PALENCIA,736,"8,2","2,4","4,2",00:01,"12,3",16:40,26,"5,0","13,3",22:00,,,,,
2026-02-10,2401X,PALENCIA,PALENCIA,736,"12,6","3,0","9,7",23:57,"15,6",14:56,25,"6,9","16,7",10:40,,,,,
2026-02-11,2401X,PALENCIA,PALENCIA,736,"11,6","2,4","8,1",23:56,"15,2",13:52,26,"7,2","22,5",17:00,,,,,
2026-02-12,2401X,PALENCIA,PALENCIA,736,"8,8","10,2","5,2",07:40,"12,5",14:16,27,"6,4","18,1",12:00,,,,,
2026-02-13,2401X,PALENCIA,PALENCIA,736,"6,4","2,0","3,0",23:43,"9,8",14:42,30,"5,8","19,7",14:50,,,,,
2026-02-14,2401X,PALENCIA,PALENCIA,736,"3,8","0,0","-1,2",Varias,"8,9",13:35,34,"4,4","15,8",11:40,,,,,
2026-02-15,2401X,PALENCIA,PALENCIA,736,"4,6","0,0","-1,4",Varias,"10,6",15:19,26,"4,4","13,9",22:30,,,,,
2026-02-16,2401X,PALENCIA,PALENCIA,736,"11,0","0,0","7,9",Varias,"14,0",13:58,26,"7,8","17,2",14:00,,,,,
2026-02-17,2401X,PALENCIA,PALENCIA,736,"9,7","0,0","4,7",23:52,"14,7",13:13,27,"4,7","14,7",00:40,,,,,
2026-02-18,2401X,PALENCIA,PALENCIA,736,"8,2","2,4","4,0",01:15,"12,3",13:32,27,"5,3","15,3",16:20,,,,,
2026-02-19,2401X,PALENCIA,PALENCIA,736,"5,9","0,0","1,5",07:22,"10,3",14:29,28,"6,1","14,7",10:30,,,,,
2026-02-20,2401X,PALENCIA,PALENCIA,736,"4,6","0,0","-2,3",06:23,"11,5",15:52,33,"1,4","4,2",13:40,,,,,
2026-02-21,2401X,PALENCIA,PALENCIA,736,"6,3","0,0","-3,0",06:32,"15,6",15:13,32,"0,8","4,4",14:40,,,,,
2026-02-22,2401X,PALENCIA,PALENCIA,736,"8,4","0,0","-1,9",07:13,"18,6",15:17,28,"0,8","4,2",15:30,,,,,
2026-02-23,2401X,PALENCIA,PALENCIA,736,"9,4","0,0","-1,3",06:22,"20,0",15:04,31,"1,1","3,3",14:50,,,,,
2026-02-24,2401X,PALENCIA,PALENCIA,736,"10,5","0,0","0,2",05:43,"20,8",15:47,21,"1,9","6,9",13:00,,,,,
2026-02-25,2401X,PALENCIA,PALENCIA,736,"12,2","0,0","3,1",07:23,"21,3",13:38,22,"1,4","6,9",13:20,,,,,
2026-02-26,2401X,PALENCIA,PALENCIA,736,"11,4","0,0","0,6",05:59,"22,2",13:50,20,"1,7","5,8",13:10,,,,,
2026-02-27,2401X,PALENCIA,PALENCIA,736,"7,8","0,4","2,4",07:13,"13,2",12:23,25,"1,4","6,9",12:00,,,,,
2026-02-28,2401X,PALENCIA,PALENCIA,736,"7,8","0,0","2,2",23:11,"13,4",14:56,08,"1,4","6,7",09:20,,,,,
2026-03-01,2401X,PALENCIA,PALENCIA,736,"7,4","0,0","-2,1",06:21,"16,9",14:36,26,"1,9","7,2",13:30,,,,,
2026-03-02,2401X,PALENCIA,PALENCIA,736,"10,4","0,0","2,6",07:13,"18,2",14:56,14,"1,7","9,7",13:50,,,,,
2026-03-03,2401X,PALENCIA,PALENCIA,736,"9,2","0,0","3,3",03:25,"15,2",13:35,15,"2,5","12,2",12:10,,,,,
2026-03-04,2401X,PALENCIA,PALENCIA,736,"11,2","0,0","5,9",23:57,"16,4",14:57,14,"3,3","12,2",13:50,,,,,
2026-03-05,2401X,PALENCIA,PALENCIA,736,"11,0","3,8","4,8",05:32,"17,3",13:28,06,"1,1","11,9",20:20,,,,,
2026-03-06,2401X,PALENCIA,PALENCIA,736,"8,8","1,2","5,8",03:32,"11,9",13:06,07,"3,3","10,8",16:50,,,,,
2026-03-07,2401X,PALENCIA,PALENCIA,736,"9,0","1,2","4,9",07:00,"13,0",15:16,12,"1,9","9,4",16:10,,,,,
2026-03-08,2401X,PALENCIA,PALENCIA,736,"7,2","0,0","1,7",07:02,"12,8",16:12,07,"0,6","4,4",10:00,,,,,
2026-03-09,2401X,PALENCIA,PALENCIA,736,"4,6","15,0","2,2",02:48,"7,1",Varias,25,"0,3","7,8",16:00,,,,,
2026-03-10,2401X,PALENCIA,PALENCIA,736,"8,6","0,6","3,3",23:59,"13,8",15:28,36,"1,4","6,1",14:10,,,,,
2026-03-11,2401X,PALENCIA,PALENCIA,736,"9,2","0,0","1,8",02:57,"16,7",15:39,28,"1,7","6,1",14:10,,,,,
2026-03-12,2401X,PALENCIA,PALENCIA,736,"10,3","0,0","2,4",06:41,"18,2",15:16,32,"1,9","7,8",11:30,,,,,
2026-03-13,2401X,PALENCIA,PALENCIA,736,"9,2","0,0","2,3",06:41,"16,1",12:38,28,"3,9","12,8",16:50,,,,,
2026-03-14,2401X,PALENCIA,PALENCIA,736,"6,8","0,8","1,3",23:54,"12,3",15:46,30,"4,2","13,3",14:00,,,,,
2026-03-15,2401X,PALENCIA,PALENCIA,736,"7,1","0,0","-0,4",04:49,"14,6",16:17,01,"1,9","6,9",15:20,,,,,
2026-03-16,2401X,PALENCIA,PALENCIA,736,"8,2","0,0","-0,4",05:43,"16,7",15:51,34,"0,8","5,0",11:20,,,,,
2026-03-17,2401X,PALENCIA,PALENCIA,736,"11,2","0,0","-0,6",06:21,"22,9",15:55,15,"1,1","6,4",12:40,,,,,
2026-03-18,2401X,PALENCIA,PALENCIA,736,"12,0","0,0","1,8",06:34,"22,3",14:20,28,"1,9","7,2",17:40,,,,,
2026-03-19,2401X,PALENCIA,PALENCIA,736,"10,9","0,0","1,8",05:30,"20,0",15:51,15,"1,1","7,8",22:00,,,,,
2026-03-20,2401X,PALENCIA,PALENCIA,736,"11,7","0,0","7,0",05:20,"16,4",14:34,12,"1,7","6,4",01:10,,,,,
2026-03-21,2401X,PALENCIA,PALENCIA,736,"11,9","0,0","5,1",Varias,"18,7",14:26,07,"1,4","5,6",10:40,,,,,
2026-03-22,2401X,PALENCIA,PALENCIA,736,"9,9","0,0","1,4",06:13,"18,4",14:43,08,"1,7","6,7",Varias,,,,,
2026-03-23,2401X,PALENCIA,PALENCIA,736,"8,2","0,0","2,2",06:22,"14,1",14:34,08,"2,8","9,7",11:00,,,,,
2026-03-24,2401X,PALENCIA,PALENCIA,736,"8,9","0,0","-1,0",06:31,"18,8",15:38,29,"1,7","6,1",14:10,,,,,
2026-03-25,2401X,PALENCIA,PALENCIA,736,"9,0","0,0","0,7",06:27,"17,2",14:03,04,"2,5","9,7",17:30,,,,,
2026-03-26,2401X,PALENCIA,PALENCIA,736,"6,7","0,0","2,7",06:19,"10,7",14:05,06,"3,6","9,7",21:30,,,,,
2026-03-27,2401X,PALENCIA,PALENCIA,736,"7,6","0,0","2,9",Varias,"12,3",15:31,06,"3,3","12,2",08:40,,,,,
2026-03-28,2401X,PALENCIA,PALENCIA,736,"8,6","0,0","2,4",24:00,"14,8",15:52,05,"3,9","11,1",19:30,,,,,
2026-03-29,2401X,PALENCIA,PALENCIA,736,"4,6","0,0","-2,0",05:52,"11,1",14:32,06,"2,2","13,6",17:10,,,,,
2026-03-30,2401X,PALENCIA,PALENCIA,736,"7,7","0,0","-0,4",06:23,"15,8",14:42,35,"1,4","6,7",14:30,,,,,
2026-03-31,2401X,PALENCIA,PALENCIA,736,"8,1","0,0","1,8",Varias,"14,4",14:38,06,"3,6","12,8",15:50,,,,,
2026-04-01,2401X,PALENCIA,PALENCIA,736,"8,8","0,0","1,9",23:57,"15,6",14:02,08,"2,5","10,0",12:30,,,,,
2026-04-02,2401X,PALENCIA,PALENCIA,736,"7,4","0,0","-1,1",04:17,"15,8",13:14,06,"1,9","8,1",14:10,,,,,
2026-04-03,2401X,PALENCIA,PALENCIA,736,"8,8","0,0","-1,0",06:04,"18,7",15:25,34,"0,8","5,6",14:50,,,,,
2026-04-04,2401X,PALENCIA,PALENCIA,736,"12,6","0,0","0,8",05:53,"24,3",15:20,25,"1,4","5,3",15:00,,,,,
2026-04-05,2401X,PALENCIA,PALENCIA,736,"15,2","0,0","4,0",06:00,"26,4",14:55,22,"1,7","6,7",13:00,,,,,
2026-04-06,2401X,PALENCIA,PALENCIA,736,"16,7","0,0","6,0",03:35,"27,4",15:03,14,"2,2","9,7",12:50,,,,,
2026-04-07,2401X,PALENCIA,PALENCIA,736,"16,1","6,0","11,6",23:57,"20,6",11:15,22,"2,5","11,9",12:40,,,,,
2026-04-08,2401X,PALENCIA,PALENCIA,736,"12,6","0,0","8,4",23:51,"16,8",11:58,29,"0,8","5,0",16:40,,,,,
2026-04-09,2401X,PALENCIA,PALENCIA,736,"14,9","0,0","4,6",05:40,"25,2",14:45,04,"1,4","8,1",20:00,,,,,
2026-04-10,2401X,PALENCIA,PALENCIA,736,"16,7","0,0","6,1",05:52,"27,3",15:19,33,"1,4","4,7",16:40,,,,,
2026-04-11,2401X,PALENCIA,PALENCIA,736,"11,4","0,0","6,0",23:42,"16,8",11:01,06,"2,8","12,2",20:10,,,,,
2026-04-12,2401X,PALENCIA,PALENCIA,736,"8,4","0,0","2,5",23:30,"14,2",15:32,04,"1,9","8,9",01:50,,,,,
2026-04-13,2401X,PALENCIA,PALENCIA,736,"7,0","0,0","-1,5",05:47,"15,5",16:05,31,"3,3","13,3",14:10,,,,,
2026-04-14,2401X,PALENCIA,PALENCIA,736,"12,2","0,0","5,6",02:58,"18,8",12:23,26,"1,9","10,3",11:30,,,,,
2026-04-15,2401X,PALENCIA,PALENCIA,736,"13,8","0,0","5,1",06:01,"22,4",15:24,28,"2,5","8,3",12:50,,,,,
2026-04-16,2401X,PALENCIA,PALENCIA,736,"13,7","0,0","3,0",05:31,"24,4",14:35,28,"1,7","7,8",13:50,,,,,
2026-04-17,2401X,PALENCIA,PALENCIA,736,"14,9","0,0","3,7",05:49,"26,1",15:09,20,"1,4","5,3",15:30,,,,,
2026-04-18,2401X,PALENCIA,PALENCIA,736,"16,4","0,0","5,9",05:41,"26,9",14:56,15,"0,8","6,1",20:20,,,,,
2026-04-19,2401X,PALENCIA,PALENCIA,736,"18,0","0,0","9,1",04:08,"27,0",14:24,24,"1,4","10,0",13:40,,,,,
2026-04-20,2401X,PALENCIA,PALENCIA,736,"17,0","0,0","6,8",05:31,"27,1",14:40,24,"1,7","6,4",14:30,,,,,
2026-04-21,2401X,PALENCIA,PALENCIA,736,"15,6","0,0","6,6",05:29,"24,7",12:03,28,"1,4","17,5",16:30,,,,,
2026-04-22,2401X,PALENCIA,PALENCIA,736,"16,4","0,0","9,9",00:01,"23,0",16:00,26,"1,9","8,3",03:00,,,,,
2026-04-23,2401X,PALENCIA,PALENCIA,736,"15,3","16,6","5,3",05:27,"25,3",14:42,30,"1,1","12,5",23:50,,,,,
2026-04-24,2401X,PALENCIA,PALENCIA,736,"17,6","0,2","12,8",Varias,"22,4",15:40,31,"1,1","7,8",00:10,,,,,
2026-04-25,2401X,PALENCIA,PALENCIA,736,"16,8","0,0","9,3",04:47,"24,2",15:55,16,"2,5","6,7",17:30,,,,,
2026-04-26,2401X,PALENCIA,PALENCIA,736,"17,4","2,0","9,2",03:41,"25,6",15:32,14,"1,1","6,1",16:10,,,,,
2026-04-27,2401X,PALENCIA,PALENCIA,736,"17,8","2,6","10,3",04:49,"25,3",14:52,32,"1,1","9,4",19:40,,,,,
2026-04-28,2401X,PALENCIA,PALENCIA,736,"17,0","4,0","9,5",05:33,"24,6",15:24,36,"1,1","7,5",16:00,,,,,
2026-04-29,2401X,PALENCIA,PALENCIA,736,"15,5","9,8","9,8",23:51,"21,2",15:49,28,"1,9","11,7",16:40,,,,,
2026-04-30,2401X,PALENCIA,PALENCIA,736,"13,4","0,0","8,7",05:19,"18,2",13:27,28,"1,4","5,3",13:20,,,,,
2026-05-01,2401X,PALENCIA,PALENCIA,736,"16,2","2,4","9,3",05:52,"23,1",15:26,22,"1,1","9,4",22:20,,,,,
2026-05-02,2401X,PALENCIA,PALENCIA,736,"14,2","4,8","8,9",23:57,"19,5",14:06,22,"0,6","12,5",12:30,,,,,
2026-05-03,2401X,PALENCIA,PALENCIA,736,"14,2","1,2","9,0",00:01,"19,4",15:10,27,"2,2","8,6",17:50,,,,,
2026-05-04,2401X,PALENCIA,PALENCIA,736,"12,2","1,8","7,0",23:57,"17,4",13:39,27,"2,8","8,9",17:20,,,,,
2026-05-05,2401X,PALENCIA,PALENCIA,736,"10,4","0,2","3,7",23:53,"17,1",15:20,27,"1,9","10,6",14:30,,,,,
2026-05-06,2401X,PALENCIA,PALENCIA,736,"10,0","0,0","1,8",04:48,"18,3",14:57,34,"0,8","5,3",12:40,,,,,
2026-05-07,2401X,PALENCIA,PALENCIA,736,"12,8","2,2","6,0",05:11,"19,5",12:52,16,"1,7","10,0",14:20,,,,,
2026-05-08,2401X,PALENCIA,PALENCIA,736,"11,2","2,8","5,6",04:05,"16,8",16:39,20,"1,7","9,2",13:50,,,,,
2026-05-09,2401X,PALENCIA,PALENCIA,736,"12,8","5,0","6,2",00:01,"19,4",12:37,19,"1,9","11,7",12:50,,,,,
2026-05-10,2401X,PALENCIA,PALENCIA,736,"11,4","1,8","6,2",22:38,"16,6",14:41,28,"2,5","10,8",16:30,,,,,
2026-05-11,2401X,PALENCIA,PALENCIA,736,"12,4","9,2","6,6",00:29,"18,2",15:34,27,"2,2","8,1",16:10,,,,,
2026-05-12,2401X,PALENCIA,PALENCIA,736,"10,9","3,8","6,1",04:00,"15,7",14:49,30,"1,4","6,9",14:40,,,,,
2026-05-13,2401X,PALENCIA,PALENCIA,736,"12,2","0,0","6,5",03:18,"18,0",15:07,28,"1,4","6,1",13:30,,,,,
2026-05-14,2401X,PALENCIA,PALENCIA,736,"12,2","0,0","7,0",01:33,"17,5",15:41,29,"3,3","10,3",14:50,,,,,
2026-05-15,2401X,PALENCIA,PALENCIA,736,"9,2","0,0","2,8",24:00,"15,6",15:35,28,"2,8","10,0",00:40,,,,,
2026-05-16,2401X,PALENCIA,PALENCIA,736,"9,3","0,0","0,4",04:45,"18,2",16:03,36,"0,8","5,8",09:50,,,,,
2026-05-17,2401X,PALENCIA,PALENCIA,736,"13,6","0,0","6,1",03:56,"21,0",15:43,07,"1,7","8,1",19:30,,,,,
2026-05-18,2401X,PALENCIA,PALENCIA,736,"13,2","0,0","5,0",04:14,"21,5",Varias,28,"2,2","8,1",15:40,,,,,
2026-05-19,2401X,PALENCIA,PALENCIA,736,"14,7","0,0","5,9",05:03,"23,5",14:44,28,"2,5","11,4",13:30,,,,,
2026-05-20,2401X,PALENCIA,PALENCIA,736,"17,8","0,0","8,1",04:35,"27,4",16:52,28,"1,4","5,8",00:10,,,,,
2026-05-21,2401X,PALENCIA,PALENCIA,736,"20,3","0,0","9,6",02:55,"31,0",16:15,26,"1,4","6,7",14:30,,,,,
2026-05-22,2401X,PALENCIA,PALENCIA,736,"20,9","0,0","10,6",04:59,"31,2",14:20,17,"1,4","4,7",12:50,,,,,
2026-05-23,2401X,PALENCIA,PALENCIA,736,"21,4","2,2","11,9",05:01,"31,0",16:01,34,"1,1","7,2",14:50,,,,,
2026-05-24,2401X,PALENCIA,PALENCIA,736,"21,6","0,0","12,5",05:13,"30,6",14:46,27,"2,8","8,6",18:00,,,,,
2026-05-25,2401X,PALENCIA,PALENCIA,736,"21,2","0,4","11,5",04:55,"30,8",15:14,22,"0,8","10,0",17:10,,,,,
2026-05-26,2401X,PALENCIA,PALENCIA,736,"21,8","0,0","11,3",04:31,"32,3",16:54,22,"1,1","5,8",11:10,,,,,
2026-05-27,2401X,PALENCIA,PALENCIA,736,"22,6","0,0","11,5",05:02,"33,6",14:57,30,"0,8","7,2",23:59,,,,,
2026-05-28,2401X,PALENCIA,PALENCIA,736,"23,6","0,0","13,5",05:19,"33,7",14:47,31,"0,6","8,3",00:20,,,,,
2026-05-29,2401X,PALENCIA,PALENCIA,736,"23,6","0,0","12,9",04:49,"34,4",15:08,28,"2,2","7,8",14:00,,,,,
2026-05-30,2401X,PALENCIA,PALENCIA,736,"23,6","0,0","13,4",04:49,"33,8",15:28,34,"1,9","7,2",12:30,,,,,
2026-05-31,2401X,PALENCIA,PALENCIA,736,"21,4","0,0","12,8",04:59,"29,9",14:55,06,"1,7","6,1",15:20,,,,,
2026-06-01,2401X,PALENCIA,PALENCIA,736,"21,1","0,0","10,4",Varias,"31,8",15:16,27,"2,2","8,1",15:40,,,,,
2026-06-02,2401X,PALENCIA,PALENCIA,736,"19,4","0,0","11,9",23:55,"27,0",14:50,03,"3,1","8,9",17:50,,,,,
2026-06-04,2401X,PALENCIA,PALENCIA,736,,"0,0",,,,,,,,,,,,,
2026-06-05,2401X,PALENCIA,PALENCIA,736,"15,9","0,0","7,3",04:43,"24,5",16:16,26,"2,2","7,5",15:30,,,,,
2026-06-06,2401X,PALENCIA,PALENCIA,736,"19,2","0,0","10,1",05:00,"28,3",16:21,32,"1,7","7,5",13:40,,,,,
2026-06-07,2401X,PALENCIA,PALENCIA,736,"20,6","0,0","10,5",04:51,"30,7",15:29,24,"1,4","8,9",14:30,,,,,
2026-06-08,2401X,PALENCIA,PALENCIA,736,"20,2","0,0","10,2",04:42,"30,1",15:37,31,"2,2","8,3",13:40,,,,,
2026-06-09,2401X,PALENCIA,PALENCIA,736,"17,3","0,0","10,5",23:59,"24,1",15:51,34,"2,8","8,6",12:00,,,,,
2026-06-10,2401X,PALENCIA,PALENCIA,736,"15,5","0,0","8,2",04:50,"22,8",14:39,07,"2,5","6,9",07:00,,,,,
2026-06-11,2401X,PALENCIA,PALENCIA,736,"17,2","0,0","7,4",04:36,"26,9",15:24,99,"3,1","8,1",Varias,,,,,
2026-06-12,2401X,PALENCIA,PALENCIA,736,"21,2","0,0","10,9",04:45,"31,5",15:44,06,"2,5","8,3",13:20,,,,,
2026-06-13,2401X,PALENCIA,PALENCIA,736,"22,4","0,0","10,8",04:41,"33,9",16:39,07,"1,1","5,0",09:50,,,,,
2026-06-14,2401X,PALENCIA,PALENCIA,736,"23,4","0,0","13,3",03:58,"33,5",15:08,07,"2,2","9,4",18:40,,,,,
2026-06-15,2401X,PALENCIA,PALENCIA,736,"22,8","0,0","13,9",04:59,"31,8",16:04,06,"1,1","10,6",16:20,,,,,
2026-06-16,2401X,PALENCIA,PALENCIA,736,"23,0","0,0","12,7",04:49,"33,3",14:38,14,"1,4","6,7",12:30,,,,,
2026-06-17,2401X,PALENCIA,PALENCIA,736,"25,0","0,2","16,1",04:45,"34,0",13:28,22,"1,9","10,3",18:10,,,,,
2026-06-18,2401X,PALENCIA,PALENCIA,736,"24,1","0,0","14,1",04:48,"34,1",14:39,99,"1,9","11,1",16:40,,,,,
2026-06-19,2401X,PALENCIA,PALENCIA,736,"24,6","17,6","14,2",04:41,"35,0",13:47,99,"1,4","8,6",Varias,,,,,
2026-06-20,2401X,PALENCIA,PALENCIA,736,"24,4","13,2","15,3",03:10,"33,4",16:35,28,"1,9","14,4",05:50,,,,,
2026-06-21,2401X,PALENCIA,PALENCIA,736,"27,8","0,0","18,2",04:45,"37,5",16:43,04,"1,1","4,7",11:50,,,,,
2026-06-22,2401X,PALENCIA,PALENCIA,736,"26,8","0,0","18,4",04:36,"35,2",13:28,08,"1,4","6,7",16:20,,,,,
2026-06-23,2401X,PALENCIA,PALENCIA,736,"27,0","0,0","16,8",04:47,"37,2",14:16,08,"1,4","8,6",17:30,,,,,
2026-06-24,2401X,PALENCIA,PALENCIA,736,,"0,2",,,,,08,"1,4","12,2",16:50,,,,,
2026-06-25,2401X,PALENCIA,PALENCIA,736,,,,,,,,"2,2",,,,,,,
2026-06-26,2401X,PALENCIA,PALENCIA,736,,"0,0",,,,,26,"1,4","6,9",11:00,,,,,
2026-06-27,2401X,PALENCIA,PALENCIA,736,"24,2","0,0","14,2",04:32,"34,1",15:20,30,"2,2","8,3",14:20,,,,,
2026-06-28,2401X,PALENCIA,PALENCIA,736,"24,6","0,0","16,4",04:59,"32,8",15:21,07,"3,1","11,1",19:00,,,,,
2026-06-29,2401X,PALENCIA,PALENCIA,736,"23,8","0,0","16,9",01:03,"30,8",15:07,09,"2,5","8,3",06:40,,,,,
2026-06-30,2401X,PALENCIA,PALENCIA,736,"24,6","0,0","15,2",05:02,"34,1",Varias,06,"1,9","9,2",22:50,,,,,
2026-07-01,2401X,PALENCIA,PALENCIA,736,"20,4","0,0","14,6",Varias,"26,1",14:04,04,"3,1","10,8",16:00,,,,,
2026-07-02,2401X,PALENCIA,PALENCIA,736,"20,8","0,0","13,6",03:23,"28,1",16:11,06,"3,6","11,4",15:30,,,,,
2026-07-03,2401X,PALENCIA,PALENCIA,736,"22,8","0,0","13,8",04:13,"31,7",14:55,06,"3,1","9,4",08:20,,,,,
2026-07-04,2401X,PALENCIA,PALENCIA,736,"23,5","0,0","14,1",04:48,"32,9",16:01,06,"2,2","8,6",07:40,,,,,
2026-07-05,2401X,PALENCIA,PALENCIA,736,"25,5","0,0","14,2",04:40,"36,8",16:32,30,"1,9","5,8",12:40,,,,,
2026-07-06,2401X,PALENCIA,PALENCIA,736,"26,2","0,0","14,2",04:59,"38,1",16:10,32,"1,4","5,6",14:40,,,,,
2026-07-07,2401X,PALENCIA,PALENCIA,736,"26,4","4,0","16,6",23:55,"36,1",12:46,20,"1,4","15,8",14:30,,,,,
2026-07-08,2401X,PALENCIA,PALENCIA,736,"24,9","0,0","14,1",05:00,"35,7",15:33,22,"1,7","6,4",13:40,,,,,
2026-07-09,2401X,PALENCIA,PALENCIA,736,"25,0","0,0","12,6",04:56,"37,3",14:18,28,"2,2","8,9",14:00,,,,,
2026-07-10,2401X,PALENCIA,PALENCIA,736,"26,0","0,0","15,9",04:51,"36,2",15:08,16,"2,5","13,6",17:40,,,,,
2026-07-11,2401X,PALENCIA,PALENCIA,736,"24,2","0,0","13,7",05:01,"34,6",15:18,16,"1,4","6,9",15:30,,,,,
2026-07-12,2401X,PALENCIA,PALENCIA,736,"25,2","0,0","17,2",05:21,"33,1",15:20,22,"2,2","12,2",15:30,,,,,
2026-07-13,2401X,PALENCIA,PALENCIA,736,"22,0","0,0","12,6",05:01,"31,4",16:01,26,"2,8","12,2",16:00,,,,,
2026-07-14,2401X,PALENCIA,PALENCIA,736,"23,9","0,0","12,8",05:02,"35,0",16:30,23,"1,1","7,2",14:40,,,,,
2026-07-15,2401X,PALENCIA,PALENCIA,736,"24,0","0,0","15,0",04:29,"33,1",16:02,22,"1,7","7,8",14:20,,,,,
2026-07-16,2401X,PALENCIA,PALENCIA,736,"24,8","0,0","16,5",05:28,"33,1",14:35,22,"1,9","10,0",15:00,,,,,
2026-07-17,2401X,PALENCIA,PALENCIA,736,"22,4","0,0","13,3",04:49,"31,5",15:56,05,"1,7","9,2",20:10,,,,,
2026-07-18,2401X,PALENCIA,PALENCIA,736,"24,6","0,0","15,8",04:36,"33,4",15:50,06,"2,8","8,6",18:00,,,,,
2026-07-19,2401X,PALENCIA,PALENCIA,736,"24,5","0,0","15,0",05:21,"34,0",15:05,22,"1,4","8,1",16:10,,,,,
2026-07-20,2401X,PALENCIA,PALENCIA,736,"24,2","0,0","14,2",05:11,"34,3",16:06,24,"1,9","7,8",13:20,,,,,
2026-07-21,2401X,PALENCIA,PALENCIA,736,"25,0","0,0","14,8",05:02,"35,1",16:27,06,"1,4","7,2",19:20,,,,,
2026-07-22,2401X,PALENCIA,PALENCIA,736,"25,2","0,0","14,3",05:19,"36,1",14:45,26,"2,2","8,1",15:30,,,,,
2026-07-23,2401X,PALENCIA,PALENCIA,736,,,,,,,,"1,7",,,,,,,
2026-07-24,2401X,PALENCIA,PALENCIA,736,"21,6","0,0","13,2",04:30,"30,0",13:52,27,"3,6","12,2",17:00,,,,,
2026-07-25,2401X,PALENCIA,PALENCIA,736,"19,4","0,0","13,1",04:29,"25,6",16:13,30,"1,4","10,6",11:30,,,,,
2026-07-26,2401X,PALENCIA,PALENCIA,736,"18,4","0,0","8,9",04:52,"28,0",16:01,36,"1,4","5,8",15:00,,,,,
2026-07-27,2401X,PALENCIA,PALENCIA,736,"23,0","0,0","13,5",05:10,"32,4",16:35,32,"1,7","7,2",15:00,,,,,
2026-07-28,2401X,PALENCIA,PALENCIA,736,"24,6","0,0","12,7",05:22,"36,5",15:40,30,"1,1","6,9",14:50,,,,,
2026-07-29,2401X,PALENCIA,PALENCIA,736,"26,0","0,0","14,5",05:20,"37,5",14:34,26,"1,7","7,8",15:20,,,,,
2026-07-30,2401X,PALENCIA,PALENCIA,736,"28,0","0,0","19,2",05:21,"36,8",16:09,28,"1,9","8,6",15:30,,,,,
2026-07-31,2401X,PALENCIA,PALENCIA,736,"24,4","0,8","15,2",05:22,"33,7",16:08,27,"1,4","6,1",14:50,,,,,
2026-08-01,2401X,PALENCIA,PALENCIA,736,"25,2","0,0","15,5",05:19,"34,8",15:35,30,"1,7","9,2",14:40,,,,,
2026-08-02,2401X,PALENCIA,PALENCIA,736,"24,3","0,0","14,2",05:20,"34,4",15:21,28,"2,5","7,8",Varias,,,,,
2026-08-03,2401X,PALENCIA,PALENCIA,736,"24,2","0,0","15,9",05:51,"32,4",15:55,28,"1,9","9,7",15:30,,,,,
2026-08-04,2401X,PALENCIA,PALENCIA,736,"25,3","0,0","19,5",23:59,"31,1",14:47,27,"2,2","10,3",02:20,,,,,
2026-08-05,2401X,PALENCIA,PALENCIA,736,"24,0","0,0","15,4",05:21,"32,5",16:12,05,"1,4","7,2",20:30,,,,,
2026-08-06,2401X,PALENCIA,PALENCIA,736,"24,8","0,0","16,2",05:29,"33,5",16:36,07,"2,2","8,1",19:30,,,,,
2026-08-07,2401X,PALENCIA,PALENCIA,736,"24,8","0,0","14,9",05:30,"34,7",14:37,28,"2,5","10,0",16:30,,,,,
2026-08-08,2401X,PALENCIA,PALENCIA,736,"25,6","0,0","15,6",05:11,"35,7",14:45,22,"1,4","9,2",16:50,,,,,
2026-08-09,2401X,PALENCIA,PALENCIA,736,"24,8","0,0","16,5",05:19,"33,1",14:54,30,"2,5","8,9",16:00,,,,,
2026-08-10,2401X,PALENCIA,PALENCIA,736,"24,6",,"15,4",05:29,"33,7",15:37,06,"1,7","7,2",20:10,,,,,
2026-08-11,2401X,PALENCIA,PALENCIA,736,"25,2",,"15,6",05:16,"34,9",15:26,35,"1,1","6,1",13:30,,,,,
2026-08-12,2401X,PALENCIA,PALENCIA,736,"26,0",,"17,0",05:42,"35,1",13:42,16,"1,1","6,1",14:40,,,,,
2026-08-13,2401X,PALENCIA,PALENCIA,736,"26,2",,"15,5",05:01,"37,0",15:44,33,"1,1","6,7",15:40,,,,,
2026-08-14,2401X,PALENCIA,PALENCIA,736,"26,8",,"16,9",05:41,"36,7",14:35,24,"1,7","13,9",17:00,,,,,
2026-08-15,2401X,PALENCIA,PALENCIA,736,"22,9",,"17,1",05:39,"28,7",11:25,26,"1,1","12,5",13:10,,,,,
2026-08-16,2401X,PALENCIA,PALENCIA,736,"24,4",,"16,7",04:13,"32,0",16:58,34,"1,4","6,1",13:50,,,,,
2026-08-17,2401X,PALENCIA,PALENCIA,736,"25,4",,"16,2",05:32,"34,5",15:35,32,"1,1","5,0",15:10,,,,,
2026-08-18,2401X,PALENCIA,PALENCIA,736,"26,2",,"15,8",05:39,"36,5",15:01,29,"1,7","7,2",13:30,,,,,
2026-08-19,2401X,PALENCIA,PALENCIA,736,"25,6",,"16,3",05:18,"34,8",Varias,30,"2,2","8,6",13:50,,,,,
2026-08-20,2401X,PALENCIA,PALENCIA,736,"22,0",,"15,7",23:58,"28,4",14:37,32,"1,7","12,8",17:20,,,,,
2026-08-21,2401X,PALENCIA,PALENCIA,736,"20,4",,"14,0",05:03,"26,7",16:02,06,"1,4","8,9",19:20,,,,,
2026-08-22,2401X,PALENCIA,PALENCIA,736,"21,6",,"12,2",04:30,"30,9",15:08,28,"1,7","8,3",13:50,,,,,
2026-08-23,2401X,PALENCIA,PALENCIA,736,"22,0",,"12,3",05:40,"31,8",14:12,22,"1,4","10,0",13:30,,,,,
2026-08-24,2401X,PALENCIA,PALENCIA,736,"20,8",,"14,7",22:18,"26,9",13:17,21,"3,1","13,6",13:30,,,,,
2026-08-25,2401X,PALENCIA,PALENCIA,736,"19,7",,"15,2",22:53,"24,2",16:42,24,"2,5","7,2",00:50,,,,,
2026-08-26,2401X,PALENCIA,PALENCIA,736,"19,8",,"13,9",22:38,"25,7",11:55,26,"3,1","12,5",14:20,,,,,
2026-08-27,2401X,PALENCIA,PALENCIA,736,"16,2",,"9,7",24:00,"22,7",11:45,26,"3,1","12,2",19:50,,,,,
2026-08-28,2401X,PALENCIA,PALENCIA,736,"16,4",,"8,9",03:30,"24,0",15:54,29,"1,7","8,9",13:20,,,,,
2026-08-29,2401X,PALENCIA,PALENCIA,736,"19,3",,"10,3",05:48,"28,3",15:57,30,"1,7","7,8",15:20,,,,,
2026-08-30,2401X,PALENCIA,PALENCIA,736,"20,8",,"12,8",05:53,"28,8",14:30,32,"1,9","10,0",14:00,,,,,
