fecha,indicativo,nombre,provincia,altitud,tmed,prec,tmin,horatmin,tmax,horatmax,dir,velmedia,racha,horaracha,sol,presMax,horaPresMax,presMin,horaPresMin
2009-03-23,3209Y,BRIHUEGA,GUADALAJARA,835,"9,4","0,0","-0,6",06:04,"19,5",16:12,,,,,,,,,
2009-03-24,3209Y,BRIHUEGA,GUADALAJARA,835,"11,0","0,0","2,2",02:33,"19,8",15:28,,,,,,,,,
2009-03-25,3209Y,BRIHUEGA,GUADALAJARA,835,"8,8",,"-1,9",Varias,"19,5",16:11,,,,,,,,,
2009-03-26,3209Y,BRIHUEGA,GUADALAJARA,835,,"0,0",,,,,,,,,,,,,
2009-03-27,3209Y,BRIHUEGA,GUADALAJARA,835,"11,6","0,0","1,4",06:14,"21,9",13:55,,,,,,,,,
2009-03-28,3209Y,BRIHUEGA,GUADALAJARA,835,"8,6","0,2","1,9",Varias,"15,3",11:53,,,,,,,,,
2009-03-29,3209Y,BRIHUEGA,GUADALAJARA,835,"3,9","0,0","-1,6",05:14,"9,4",15:33,,,,,,,,,
2009-03-30,3209Y,BRIHUEGA,GUADALAJARA,835,"4,4","0,0","0,7",Varias,"8,2",16:22,,,,,,,,,
2009-03-31,3209Y,BRIHUEGA,GUADALAJARA,835,"4,3","0,0","-2,2",Varias,"10,8",16:34,,,,,,,,,
2009-04-01,3209Y,BRIHUEGA,GUADALAJARA,835,"5,0","0,0","-3,4",04:07,"13,5",Varias,,,,,,,,,
2009-04-02,3209Y,BRIHUEGA,GUADALAJARA,835,"7,2","0,0","-0,8",04:48,"15,3",15:10,,,,,,,,,
2009-04-03,3209Y,BRIHUEGA,GUADALAJARA,835,"10,3","0,0","2,0",Varias,"18,6",16:07,,,,,,,,,
2009-04-04,3209Y,BRIHUEGA,GUADALAJARA,835,"12,3","0,0","4,1",02:04,"20,5",Varias,,,,,,,,,
2009-04-05,3209Y,BRIHUEGA,GUADALAJARA,835,"13,3","0,0","5,2",Varias,"21,4",15:05,,,,,,,,,
2009-04-06,3209Y,BRIHUEGA,GUADALAJARA,835,"11,8","5,8","2,7",04:41,"20,8",13:54,,,,,,,,,
2009-04-07,3209Y,BRIHUEGA,GUADALAJARA,835,"5,9","0,0","0,4",23:59,"11,4",13:13,,,,,,,,,
2009-04-08,3209Y,BRIHUEGA,GUADALAJARA,835,"7,0","0,0","-1,7",04:04,"15,6",Varias,,,,,,,,,
2009-04-09,3209Y,BRIHUEGA,GUADALAJARA,835,"9,8","0,0","1,4",Varias,"18,2",Varias,,,,,,,,,
2009-04-10,3209Y,BRIHUEGA,GUADALAJARA,835,"5,7","22,6","0,9",Varias,"10,5",00:01,,,,,,,,,
2009-04-11,3209Y,BRIHUEGA,GUADALAJARA,835,"4,5","0,0","-0,2",23:59,"9,2",12:21,,,,,,,,,
2009-04-12,3209Y,BRIHUEGA,GUADALAJARA,835,"4,0",,"-3,1",05:14,"11,1",14:24,,,,,,,,,
2009-04-13,3209Y,BRIHUEGA,GUADALAJARA,835,"7,4","0,2","-1,9",05:36,"16,8",Varias,,,,,,,,,
2009-04-14,3209Y,BRIHUEGA,GUADALAJARA,835,"7,0","10,6","2,9",01:24,"11,2",14:20,,,,,,,,,
2009-04-15,3209Y,BRIHUEGA,GUADALAJARA,835,"6,4","2,8","2,7",Varias,"10,2",15:32,,,,,,,,,
2009-04-16,3209Y,BRIHUEGA,GUADALAJARA,835,"6,8","6,0","3,2",Varias,"10,3",15:30,,,,,,,,,
2009-04-17,3209Y,BRIHUEGA,GUADALAJARA,835,"7,0","1,4","1,9",Varias,"12,0",16:25,,,,,,,,,
2009-04-18,3209Y,BRIHUEGA,GUADALAJARA,835,"8,1","7,0","2,9",Varias,"13,3",15:27,,,,,,,,,
2009-04-19,3209Y,BRIHUEGA,GUADALAJARA,835,"8,9","0,8","2,7",05:18,"15,1",13:49,,,,,,,,,
2009-04-20,3209Y,BRIHUEGA,GUADALAJARA,835,"9,4","0,0","3,3",00:02,"15,6",Varias,,,,,,,,,
2009-04-21,3209Y,BRIHUEGA,GUADALAJARA,835,"9,6","0,0","2,1",04:31,"17,1",15:04,,,,,,,,,
2009-04-22,3209Y,BRIHUEGA,GUADALAJARA,835,"11,2","0,0","2,1",04:42,"20,2",16:14,,,,,,,,,
2009-04-23,3209Y,BRIHUEGA,GUADALAJARA,835,"13,0","0,0","2,2",05:16,"23,8",15:46,,,,,,,,,
2009-04-24,3209Y,BRIHUEGA,GUADALAJARA,835,"13,9","0,0","4,4",05:20,"23,4",15:08,,,,,,,,,
2009-04-25,3209Y,BRIHUEGA,GUADALAJARA,835,"12,8","0,0","7,2",05:37,"18,5",12:38,,,,,,,,,
2009-04-26,3209Y,BRIHUEGA,GUADALAJARA,835,"5,2","1,4","0,3",23:57,"10,0",Varias,,,,,,,,,
2009-04-27,3209Y,BRIHUEGA,GUADALAJARA,835,"7,2","0,0","-1,6",Varias,"16,0",Varias,,,,,,,,,
2009-04-28,3209Y,BRIHUEGA,GUADALAJARA,835,"10,3","0,0","4,4",23:08,"16,2",13:46,,,,,,,,,
2009-04-29,3209Y,BRIHUEGA,GUADALAJARA,835,"10,8","0,0","2,5",05:43,"19,1",15:03,,,,,,,,,
2009-04-30,3209Y,BRIHUEGA,GUADALAJARA,835,"9,2","0,0","2,8",05:11,"15,6",16:08,,,,,,,,,
2009-05-01,3209Y,BRIHUEGA,GUADALAJARA,835,"10,0","0,0","3,9",Varias,"16,1",15:20,,,,,,,,,
2009-05-02,3209Y,BRIHUEGA,GUADALAJARA,835,"12,6","0,0","3,2",Varias,"22,0",15:34,,,,,,,,,
2009-05-03,3209Y,BRIHUEGA,GUADALAJARA,835,"13,8","0,0","3,8",05:09,"23,7",14:19,,,,,,,,,
2009-05-04,3209Y,BRIHUEGA,GUADALAJARA,835,"14,1","0,0","5,6",Varias,"22,6",15:21,,,,,,,,,
2009-05-05,3209Y,BRIHUEGA,GUADALAJARA,835,"14,3","0,0","4,8",Varias,"23,8",Varias,,,,,,,,,
2009-05-06,3209Y,BRIHUEGA,GUADALAJARA,835,"16,6","0,0","6,4",05:15,"26,9",Varias,,,,,,,,,
2009-05-07,3209Y,BRIHUEGA,GUADALAJARA,835,"18,4","0,0","9,5",05:02,"27,2",15:06,,,,,,,,,
2009-05-08,3209Y,BRIHUEGA,GUADALAJARA,835,"18,1","0,0","10,7",04:38,"25,5",15:44,,,,,,,,,
2009-05-09,3209Y,BRIHUEGA,GUADALAJARA,835,"17,0","1,0","9,6",05:13,"24,4",14:28,,,,,,,,,
2009-05-10,3209Y,BRIHUEGA,GUADALAJARA,835,"14,5","1,8","8,1",Varias,"20,9",17:11,,,,,,,,,
2009-05-11,3209Y,BRIHUEGA,GUADALAJARA,835,"14,9","0,0","7,6",23:35,"22,2",12:23,,,,,,,,,
2009-05-12,3209Y,BRIHUEGA,GUADALAJARA,835,"14,0","0,0","5,8",03:39,"22,1",16:28,,,,,,,,,
2009-05-13,3209Y,BRIHUEGA,GUADALAJARA,835,"13,2","0,0","6,2",03:50,"20,3",14:54,,,,,,,,,
2009-05-14,3209Y,BRIHUEGA,GUADALAJARA,835,"11,7","0,0","5,0",05:03,"18,4",Varias,,,,,,,,,
2009-05-15,3209Y,BRIHUEGA,GUADALAJARA,835,"11,6","0,0","3,2",05:38,"20,0",15:37,,,,,,,,,
2009-05-16,3209Y,BRIHUEGA,GUADALAJARA,835,"14,0","0,0","4,1",04:35,"24,0",15:07,,,,,,,,,
2009-05-17,3209Y,BRIHUEGA,GUADALAJARA,835,"15,2","0,0","8,5",Varias,"21,9",15:29,,,,,,,,,
2009-05-18,3209Y,BRIHUEGA,GUADALAJARA,835,"14,0","0,0","4,8",04:51,"23,1",Varias,,,,,,,,,
2009-05-19,3209Y,BRIHUEGA,GUADALAJARA,835,"16,8","0,0","7,1",02:02,"26,5",Varias,,,,,,,,,
2009-05-20,3209Y,BRIHUEGA,GUADALAJARA,835,"21,4","1,0","11,0",04:01,"31,9",15:34,,,,,,,,,
2009-05-21,3209Y,BRIHUEGA,GUADALAJARA,835,"20,4","0,0","12,3",04:11,"28,5",13:18,,,,,,,,,
2009-05-22,3209Y,BRIHUEGA,GUADALAJARA,835,"20,6","0,8","11,6",03:27,"29,6",14:43,,,,,,,,,
2009-05-23,3209Y,BRIHUEGA,GUADALAJARA,835,"15,4","1,0","10,5",23:57,"20,3",13:34,,,,,,,,,
2009-05-24,3209Y,BRIHUEGA,GUADALAJARA,835,"14,7","0,0","8,2",02:39,"21,2",15:19,,,,,,,,,
2009-05-25,3209Y,BRIHUEGA,GUADALAJARA,835,"14,0","0,4","7,7",23:53,"20,2",14:43,,,,,,,,,
2009-05-26,3209Y,BRIHUEGA,GUADALAJARA,835,"12,6","0,0","5,1",Varias,"20,1",Varias,,,,,,,,,
2009-05-27,3209Y,BRIHUEGA,GUADALAJARA,835,"14,6","0,0","5,5",04:36,"23,7",15:32,,,,,,,,,
2009-05-28,3209Y,BRIHUEGA,GUADALAJARA,835,"16,6","0,0","5,0",05:14,"28,2",Varias,,,,,,,,,
2009-05-29,3209Y,BRIHUEGA,GUADALAJARA,835,"18,1","0,0","7,4",05:20,"28,8",16:07,,,,,,,,,
2009-05-30,3209Y,BRIHUEGA,GUADALAJARA,835,"19,4","0,2","9,0",Varias,"29,8",15:12,,,,,,,,,
2009-05-31,3209Y,BRIHUEGA,GUADALAJARA,835,"19,4","0,0","9,8",03:37,"29,0",Varias,,,,,,,,,
2009-06-01,3209Y,BRIHUEGA,GUADALAJARA,835,"20,0","0,0","9,5",04:57,"30,4",Varias,,,,,,,,,
2009-06-02,3209Y,BRIHUEGA,GUADALAJARA,835,"19,5","0,0","9,5",04:32,"29,5",Varias,,,,,,,,,
2009-06-03,3209Y,BRIHUEGA,GUADALAJARA,835,,,,,,,,,,,,,,,
2009-06-04,3209Y,BRIHUEGA,GUADALAJARA,835,"20,2","0,0","13,0",Varias,"27,4",12:32,,,,,,,,,
2009-06-05,3209Y,BRIHUEGA,GUADALAJARA,835,"15,2","1,6","10,0",Varias,"20,4",15:39,,,,,,,,,
2009-06-06,3209Y,BRIHUEGA,GUADALAJARA,835,"12,0","10,8","6,8",23:59,"17,1",13:24,,,,,,,,,
2009-06-07,3209Y,BRIHUEGA,GUADALAJARA,835,"13,0","0,0","6,3",02:23,"19,8",16:27,,,,,,,,,
2009-06-08,3209Y,BRIHUEGA,GUADALAJARA,835,"12,0","1,8","7,8",23:53,"16,1",14:33,,,,,,,,,
2009-06-09,3209Y,BRIHUEGA,GUADALAJARA,835,"13,3","0,0","6,5",04:04,"20,1",15:16,,,,,,,,,
2009-06-10,3209Y,BRIHUEGA,GUADALAJARA,835,"17,0","0,0","7,5",Varias,"26,6",16:13,,,,,,,,,
2009-06-11,3209Y,BRIHUEGA,GUADALAJARA,835,"20,7","0,0","11,5",Varias,"29,9",16:30,,,,,,,,,
2009-06-12,3209Y,BRIHUEGA,GUADALAJARA,835,"23,5","0,0","13,1",05:03,"33,9",Varias,,,,,,,,,
2009-06-13,3209Y,BRIHUEGA,GUADALAJARA,835,"25,4","0,2","15,4",04:30,"35,5",15:04,,,,,,,,,
2009-06-14,3209Y,BRIHUEGA,GUADALAJARA,835,"24,7","0,2","17,2",04:45,"32,2",13:54,,,,,,,,,
2009-06-15,3209Y,BRIHUEGA,GUADALAJARA,835,"22,8","0,0","14,5",04:33,"31,0",16:14,,,,,,,,,
2009-06-16,3209Y,BRIHUEGA,GUADALAJARA,835,"21,0","5,2","15,2",Varias,"26,9",13:13,,,,,,,,,
2009-06-17,3209Y,BRIHUEGA,GUADALAJARA,835,"22,2","0,0","13,2",04:55,"31,3",14:50,,,,,,,,,
2009-06-18,3209Y,BRIHUEGA,GUADALAJARA,835,"24,6","1,2","15,3",04:45,"33,8",13:45,,,,,,,,,
2009-06-19,3209Y,BRIHUEGA,GUADALAJARA,835,"23,9","0,0","14,8",Varias,"33,0",12:37,,,,,,,,,
2009-06-20,3209Y,BRIHUEGA,GUADALAJARA,835,"20,8","0,0","12,3",23:56,"29,4",15:04,,,,,,,,,
2009-06-21,3209Y,BRIHUEGA,GUADALAJARA,835,"18,6","0,0","8,0",02:07,"29,3",16:03,,,,,,,,,
2009-06-22,3209Y,BRIHUEGA,GUADALAJARA,835,"20,8","0,0","9,3",03:09,"32,4",Varias,,,,,,,,,
2009-06-23,3209Y,BRIHUEGA,GUADALAJARA,835,"22,2","0,0","12,5",Varias,"32,0",14:36,,,,,,,,,
2009-06-24,3209Y,BRIHUEGA,GUADALAJARA,835,"20,9","0,0","11,7",05:12,"30,1",15:08,,,,,,,,,
2009-06-25,3209Y,BRIHUEGA,GUADALAJARA,835,"18,8","0,0","11,1",Varias,"26,4",15:12,,,,,,,,,
2009-06-26,3209Y,BRIHUEGA,GUADALAJARA,835,"17,4","0,0","9,8",04:40,"24,9",13:43,,,,,,,,,
2009-06-27,3209Y,BRIHUEGA,GUADALAJARA,835,"18,0","0,0","8,3",04:48,"27,8",Varias,,,,,,,,,
2009-06-28,3209Y,BRIHUEGA,GUADALAJARA,835,"19,6","0,0","10,6",Varias,"28,7",14:42,,,,,,,,,
2009-06-29,3209Y,BRIHUEGA,GUADALAJARA,835,"22,0","0,0","12,8",05:03,"31,1",Varias,,,,,,,,,
2009-06-30,3209Y,BRIHUEGA,GUADALAJARA,835,"24,0","0,0","15,4",Varias,"32,7",15:28,,,,,,,,,
2009-07-01,3209Y,BRIHUEGA,GUADALAJARA,835,"24,8","0,0","16,3",04:45,"33,2",15:10,,,,,,,,,
2009-07-02,3209Y,BRIHUEGA,GUADALAJARA,835,"23,6","0,0","14,6",05:05,"32,7",14:52,,,,,,,,,
2009-07-03,3209Y,BRIHUEGA,GUADALAJARA,835,"23,8","0,0","15,5",05:23,"32,2",Varias,,,,,,,,,
2009-07-04,3209Y,BRIHUEGA,GUADALAJARA,835,"22,0","0,0","13,7",05:04,"30,4",16:37,,,,,,,,,
2009-07-05,3209Y,BRIHUEGA,GUADALAJARA,835,"21,2","0,0","12,3",05:10,"30,2",Varias,,,,,,,,,
2009-07-06,3209Y,BRIHUEGA,GUADALAJARA,835,"21,4","0,0","13,7",05:38,"29,2",15:44,,,,,,,,,
2009-07-07,3209Y,BRIHUEGA,GUADALAJARA,835,"21,0","0,0","13,4",04:08,"28,7",16:20,,,,,,,,,
2009-07-08,3209Y,BRIHUEGA,GUADALAJARA,835,"22,0","0,0","13,8",05:12,"30,1",15:14,,,,,,,,,
2009-07-09,3209Y,BRIHUEGA,GUADALAJARA,835,"23,9","2,0","16,7",00:36,"31,1",15:10,,,,,,,,,
2009-07-10,3209Y,BRIHUEGA,GUADALAJARA,835,"22,4","0,0","12,9",05:03,"31,8",16:10,,,,,,,,,
2009-07-11,3209Y,BRIHUEGA,GUADALAJARA,835,"23,0","0,0","13,5",Varias,"32,5",Varias,,,,,,,,,
2009-07-12,3209Y,BRIHUEGA,GUADALAJARA,835,"23,1","0,0","12,8",Varias,"33,4",16:19,,,,,,,,,
2009-07-13,3209Y,BRIHUEGA,GUADALAJARA,835,"24,6","0,0","15,2",02:09,"33,9",16:31,,,,,,,,,
2009-07-14,3209Y,BRIHUEGA,GUADALAJARA,835,"22,5","0,0","14,7",23:55,"30,3",13:39,,,,,,,,,
2009-07-15,3209Y,BRIHUEGA,GUADALAJARA,835,"21,5","0,0","11,9",04:36,"31,1",16:10,,,,,,,,,
2009-07-16,3209Y,BRIHUEGA,GUADALAJARA,835,"23,5","0,0","14,4",Varias,"32,6",15:17,,,,,,,,,
2009-07-17,3209Y,BRIHUEGA,GUADALAJARA,835,"19,0","0,0","11,6",23:54,"26,4",Varias,,,,,,,,,
2009-07-18,3209Y,BRIHUEGA,GUADALAJARA,835,"17,2","0,0","6,3",05:09,"28,2",Varias,,,,,,,,,
2009-07-19,3209Y,BRIHUEGA,GUADALAJARA,835,"21,2","0,0","10,6",Varias,"31,9",Varias,,,,,,,,,
2009-07-20,3209Y,BRIHUEGA,GUADALAJARA,835,"22,9","0,0","14,5",05:22,"31,3",11:44,,,,,,,,,
2009-07-21,3209Y,BRIHUEGA,GUADALAJARA,835,"26,2","0,0","16,3",04:33,"36,2",Varias,,,,,,,,,
2009-07-22,3209Y,BRIHUEGA,GUADALAJARA,835,"27,1","0,0","21,0",22:08,"33,2",15:21,,,,,,,,,
2009-07-23,3209Y,BRIHUEGA,GUADALAJARA,835,"20,9","0,4","14,6",23:59,"27,2",15:20,,,,,,,,,
2009-07-24,3209Y,BRIHUEGA,GUADALAJARA,835,"20,9","0,0","12,4",Varias,"29,4",16:25,,,,,,,,,
2009-07-25,3209Y,BRIHUEGA,GUADALAJARA,835,"23,1","0,0","12,7",Varias,"33,5",16:14,,,,,,,,,
2009-07-26,3209Y,BRIHUEGA,GUADALAJARA,835,"25,4","0,0","15,4",05:33,"35,3",Varias,,,,,,,,,
2009-07-27,3209Y,BRIHUEGA,GUADALAJARA,835,"24,8","0,0","15,8",05:30,"33,9",15:41,,,,,,,,,
2009-07-28,3209Y,BRIHUEGA,GUADALAJARA,835,"23,0","0,0","12,5",05:14,"33,5",15:55,,,,,,,,,
2009-07-29,3209Y,BRIHUEGA,GUADALAJARA,835,"23,0","0,0","13,1",05:19,"32,8",16:36,,,,,,,,,
2009-07-30,3209Y,BRIHUEGA,GUADALAJARA,835,"23,8","0,0","14,4",03:48,"33,2",15:34,,,,,,,,,
2009-07-31,3209Y,BRIHUEGA,GUADALAJARA,835,"23,7","0,0","14,1",Varias,"33,3",Varias,,,,,,,,,
2009-08-01,3209Y,BRIHUEGA,GUADALAJARA,835,"20,8","0,0","13,3",05:27,"28,3",13:34,,,,,,,,,
2009-08-02,3209Y,BRIHUEGA,GUADALAJARA,835,"20,2","0,0","12,9",Varias,"27,4",Varias,,,,,,,,,
2009-08-03,3209Y,BRIHUEGA,GUADALAJARA,835,"22,2","0,0","13,3",Varias,"31,1",16:23,,,,,,,,,
2009-08-04,3209Y,BRIHUEGA,GUADALAJARA,835,"24,4","0,0","15,7",Varias,"33,0",15:43,,,,,,,,,
2009-08-05,3209Y,BRIHUEGA,GUADALAJARA,835,"25,5","0,0","16,4",05:29,"34,6",15:05,,,,,,,,,
2009-08-06,3209Y,BRIHUEGA,GUADALAJARA,835,"24,2","0,0","16,0",05:38,"32,4",14:37,,,,,,,,,
2009-08-07,3209Y,BRIHUEGA,GUADALAJARA,835,"23,4","0,0","15,1",05:50,"31,7",15:01,,,,,,,,,
2009-08-08,3209Y,BRIHUEGA,GUADALAJARA,835,"22,2","8,4","14,0",05:29,"30,5",14:41,,,,,,,,,
2009-08-09,3209Y,BRIHUEGA,GUADALAJARA,835,"21,0","0,0","14,4",23:50,"27,6",13:08,,,,,,,,,
2009-08-10,3209Y,BRIHUEGA,GUADALAJARA,835,"20,7","15,0","12,9",05:23,"28,5",15:21,,,,,,,,,
2009-08-11,3209Y,BRIHUEGA,GUADALAJARA,835,"21,8","0,0","13,0",Varias,"30,6",15:24,,,,,,,,,
2009-08-12,3209Y,BRIHUEGA,GUADALAJARA,835,"23,8","0,0","15,8",05:38,"31,9",14:40,,,,,,,,,
2009-08-13,3209Y,BRIHUEGA,GUADALAJARA,835,"23,7","0,0","14,5",05:29,"32,9",15:26,,,,,,,,,
2009-08-14,3209Y,BRIHUEGA,GUADALAJARA,835,"23,0","0,0","14,0",05:19,"31,9",14:45,,,,,,,,,
2009-08-15,3209Y,BRIHUEGA,GUADALAJARA,835,"23,6","0,0","14,1",05:31,"33,1",15:47,,,,,,,,,
2009-08-16,3209Y,BRIHUEGA,GUADALAJARA,835,"24,6","0,0","15,1",05:25,"34,0",15:04,,,,,,,,,
2009-08-17,3209Y,BRIHUEGA,GUADALAJARA,835,"25,0","0,0","15,0",05:28,"34,9",14:15,,,,,,,,,
2009-08-18,3209Y,BRIHUEGA,GUADALAJARA,835,"25,6","0,0","16,5",05:46,"34,6",14:52,,,,,,,,,
2009-08-19,3209Y,BRIHUEGA,GUADALAJARA,835,"24,9","0,0","15,7",05:08,"34,1",Varias,,,,,,,,,
2009-08-20,3209Y,BRIHUEGA,GUADALAJARA,835,"25,5","0,0","17,2",05:46,"33,8",Varias,,,,,,,,,
2009-08-21,3209Y,BRIHUEGA,GUADALAJARA,835,"24,4","0,0","15,2",05:52,"33,5",15:23,,,,,,,,,
2009-08-22,3209Y,BRIHUEGA,GUADALAJARA,835,"24,7","0,0","15,1",05:38,"34,3",Varias,,,,,,,,,
2009-08-23,3209Y,BRIHUEGA,GUADALAJARA,835,"26,1","0,0","17,3",Varias,"34,9",15:05,,,,,,,,,
2009-08-24,3209Y,BRIHUEGA,GUADALAJARA,835,"23,8","0,0","16,4",05:32,"31,2",12:53,,,,,,,,,
2009-08-25,3209Y,BRIHUEGA,GUADALAJARA,835,"22,3","0,0","15,7",Varias,"28,9",16:00,,,,,,,,,
2009-08-26,3209Y,BRIHUEGA,GUADALAJARA,835,"21,6","0,0","13,2",Varias,"30,0",15:34,,,,,,,,,
2009-08-27,3209Y,BRIHUEGA,GUADALAJARA,835,"23,0","0,0","13,5",05:32,"32,4",Varias,,,,,,,,,
2009-08-28,3209Y,BRIHUEGA,GUADALAJARA,835,"24,0","0,0","14,0",05:41,"34,0",14:28,,,,,,,,,
2009-08-29,3209Y,BRIHUEGA,GUADALAJARA,835,"23,7","0,0","14,6",Varias,"32,8",15:12,,,,,,,,,
2009-08-30,3209Y,BRIHUEGA,GUADALAJARA,835,"23,4","0,0","13,4",Varias,"33,3",15:04,,,,,,,,,
2009-08-31,3209Y,BRIHUEGA,GUADALAJARA,835,"25,0","0,0","16,9",05:09,"33,2",15:06,,,,,,,,,
2009-09-01,3209Y,BRIHUEGA,GUADALAJARA,835,"24,2","0,0","17,6",Varias,"30,7",15:39,,,,,,,,,
2009-09-02,3209Y,BRIHUEGA,GUADALAJARA,835,"22,2","0,0","15,1",23:57,"29,4",14:31,,,,,,,,,
2009-09-03,3209Y,BRIHUEGA,GUADALAJARA,835,"20,4","0,0","10,5",Varias,"30,2",15:26,,,,,,,,,
2009-09-04,3209Y,BRIHUEGA,GUADALAJARA,835,"21,2","0,0","12,0",05:46,"30,3",14:44,,,,,,,,,
2009-09-05,3209Y,BRIHUEGA,GUADALAJARA,835,"20,4","0,0","11,3",06:05,"29,4",15:51,,,,,,,,,
2009-09-06,3209Y,BRIHUEGA,GUADALAJARA,835,"23,4","0,0","17,0",05:11,"29,8",15:37,,,,,,,,,
2009-09-07,3209Y,BRIHUEGA,GUADALAJARA,835,"23,0","0,0","14,6",Varias,"31,5",14:16,,,,,,,,,
2009-09-08,3209Y,BRIHUEGA,GUADALAJARA,835,"22,7","0,0","14,3",05:22,"31,1",15:10,,,,,,,,,
2009-09-09,3209Y,BRIHUEGA,GUADALAJARA,835,"21,0","0,0","12,4",06:06,"29,7",15:04,,,,,,,,,
2009-09-10,3209Y,BRIHUEGA,GUADALAJARA,835,"20,7","0,0","12,0",Varias,"29,4",15:06,,,,,,,,,
2009-09-11,3209Y,BRIHUEGA,GUADALAJARA,835,"20,3","0,4","12,3",05:23,"28,3",15:09,,,,,,,,,
2009-09-12,3209Y,BRIHUEGA,GUADALAJARA,835,"19,7","2,0","12,0",Varias,"27,4",13:51,,,,,,,,,
2009-09-13,3209Y,BRIHUEGA,GUADALAJARA,835,"18,4","0,6","11,1",23:57,"25,6",13:02,,,,,,,,,
2009-09-14,3209Y,BRIHUEGA,GUADALAJARA,835,"16,0","0,0","9,2",23:57,"22,9",13:36,,,,,,,,,
2009-09-15,3209Y,BRIHUEGA,GUADALAJARA,835,"13,4","0,0","7,4",Varias,"19,5",15:21,,,,,,,,,
2009-09-16,3209Y,BRIHUEGA,GUADALAJARA,835,"11,6","0,4","5,1",03:13,"18,2",13:27,,,,,,,,,
2009-09-17,3209Y,BRIHUEGA,GUADALAJARA,835,"9,0","4,2","4,6",Varias,"13,4",12:20,,,,,,,,,
2009-09-18,3209Y,BRIHUEGA,GUADALAJARA,835,"12,8","0,6","8,6",Varias,"17,1",12:21,,,,,,,,,
2009-09-19,3209Y,BRIHUEGA,GUADALAJARA,835,"13,8","0,0","7,6",23:57,"20,1",14:51,,,,,,,,,
2009-09-20,3209Y,BRIHUEGA,GUADALAJARA,835,"14,0","0,0","6,5",Varias,"21,4",Varias,,,,,,,,,
2009-09-22,3209Y,BRIHUEGA,GUADALAJARA,835,"16,0","0,0","7,0",05:16,"24,9",14:51,,,,,,,,,
2009-09-23,3209Y,BRIHUEGA,GUADALAJARA,835,"17,2","0,0","10,2",05:34,"24,1",12:40,,,,,,,,,
2009-09-24,3209Y,BRIHUEGA,GUADALAJARA,835,"17,6","0,0","8,8",Varias,"26,5",15:38,,,,,,,,,
2009-09-25,3209Y,BRIHUEGA,GUADALAJARA,835,"18,3","0,0","9,5",06:14,"27,1",Varias,,,,,,,,,
2009-09-26,3209Y,BRIHUEGA,GUADALAJARA,835,"17,4","0,0","9,0",06:15,"25,9",15:24,,,,,,,,,
2009-09-27,3209Y,BRIHUEGA,GUADALAJARA,835,"17,0","1,0","9,6",Varias,"24,5",12:53,,,,,,,,,
2009-09-28,3209Y,BRIHUEGA,GUADALAJARA,835,"15,7","0,0","8,8",04:29,"22,6",13:49,,,,,,,,,
2009-09-29,3209Y,BRIHUEGA,GUADALAJARA,835,"15,6","0,4","11,4",04:10,"19,8",Varias,,,,,,,,,
2009-09-30,3209Y,BRIHUEGA,GUADALAJARA,835,"16,6","0,2","12,0",23:58,"21,1",14:12,,,,,,,,,
2009-10-01,3209Y,BRIHUEGA,GUADALAJARA,835,"16,2","1,6","9,7",03:24,"22,6",14:25,,,,,,,,,
2009-10-02,3209Y,BRIHUEGA,GUADALAJARA,835,"16,6","0,0","8,8",Varias,"24,3",14:38,,,,,,,,,
2009-10-03,3209Y,BRIHUEGA,GUADALAJARA,835,"15,6","0,0","6,7",06:24,"24,5",13:33,,,,,,,,,
2009-10-04,3209Y,BRIHUEGA,GUADALAJARA,835,"16,6","0,0","7,1",05:33,"26,0",14:28,,,,,,,,,
2009-10-05,3209Y,BRIHUEGA,GUADALAJARA,835,"18,2","0,0","9,4",06:21,"27,0",14:12,,,,,,,,,
2009-10-06,3209Y,BRIHUEGA,GUADALAJARA,835,"19,0","0,0","12,0",04:46,"26,1",15:52,,,,,,,,,
2009-10-07,3209Y,BRIHUEGA,GUADALAJARA,835,"18,6","5,2","12,9",23:54,"24,3",12:06,,,,,,,,,
2009-10-08,3209Y,BRIHUEGA,GUADALAJARA,835,"15,0","0,0","10,7",Varias,"19,4",14:27,,,,,,,,,
2009-10-09,3209Y,BRIHUEGA,GUADALAJARA,835,"15,6","0,0","8,7",05:57,"22,4",14:15,,,,,,,,,
2009-10-10,3209Y,BRIHUEGA,GUADALAJARA,835,"17,4","0,0","11,0",06:01,"23,7",13:50,,,,,,,,,
2009-10-11,3209Y,BRIHUEGA,GUADALAJARA,835,"16,4","0,0","9,5",04:40,"23,4",Varias,,,,,,,,,
2009-10-12,3209Y,BRIHUEGA,GUADALAJARA,835,"16,4","0,0","9,7",23:04,"23,1",13:37,,,,,,,,,
2009-10-13,3209Y,BRIHUEGA,GUADALAJARA,835,"14,9","0,0","6,2",Varias,"23,6",15:37,,,,,,,,,
2009-10-14,3209Y,BRIHUEGA,GUADALAJARA,835,"15,4","0,0","5,3",06:34,"25,4",14:30,,,,,,,,,
2009-10-15,3209Y,BRIHUEGA,GUADALAJARA,835,"13,3","0,0","5,4",23:52,"21,2",Varias,,,,,,,,,
2009-10-16,3209Y,BRIHUEGA,GUADALAJARA,835,"10,0","0,0","1,5",06:42,"18,4",14:43,,,,,,,,,
2009-10-17,3209Y,BRIHUEGA,GUADALAJARA,835,"10,8","0,0","-0,6",06:03,"22,1",14:20,,,,,,,,,
2009-10-18,3209Y,BRIHUEGA,GUADALAJARA,835,"12,0","0,0","2,6",05:43,"21,5",15:41,,,,,,,,,
2009-10-19,3209Y,BRIHUEGA,GUADALAJARA,835,"9,8","0,0","1,0",06:07,"18,5",13:05,,,,,,,,,
2009-10-20,3209Y,BRIHUEGA,GUADALAJARA,835,"11,4","21,0","9,2",23:44,"13,7",12:50,,,,,,,,,
2009-10-21,3209Y,BRIHUEGA,GUADALAJARA,835,"9,2","12,8","6,8",Varias,"11,5",13:16,,,,,,,,,
2009-10-22,3209Y,BRIHUEGA,GUADALAJARA,835,"11,1","0,2","7,8",00:01,"14,4",Varias,,,,,,,,,
2009-10-23,3209Y,BRIHUEGA,GUADALAJARA,835,"11,2","0,0","3,7",06:46,"18,7",14:48,,,,,,,,,
2009-10-24,3209Y,BRIHUEGA,GUADALAJARA,835,"14,0","0,0","6,3",06:15,"21,6",14:10,,,,,,,,,
2009-10-25,3209Y,BRIHUEGA,GUADALAJARA,835,"14,2","0,0","8,1",05:29,"20,2",13:01,,,,,,,,,
2009-10-26,3209Y,BRIHUEGA,GUADALAJARA,835,"16,5","0,0","9,6",06:16,"23,4",13:41,,,,,,,,,
2009-10-27,3209Y,BRIHUEGA,GUADALAJARA,835,"15,6","0,0","8,1",05:21,"23,2",Varias,,,,,,,,,
2009-10-28,3209Y,BRIHUEGA,GUADALAJARA,835,"15,6","0,0","8,0",05:42,"23,1",13:45,,,,,,,,,
2009-10-29,3209Y,BRIHUEGA,GUADALAJARA,835,"15,4","0,0","7,6",Varias,"23,3",Varias,,,,,,,,,
2009-10-30,3209Y,BRIHUEGA,GUADALAJARA,835,"15,4","0,0","7,4",06:06,"23,4",Varias,,,,,,,,,
2009-10-31,3209Y,BRIHUEGA,GUADALAJARA,835,"16,2","0,0","9,1",Varias,"23,2",14:21,,,,,,,,,
2009-11-01,3209Y,BRIHUEGA,GUADALAJARA,835,"15,6","1,2","9,2",06:32,"22,0",13:45,,,,,,,,,
2009-11-02,3209Y,BRIHUEGA,GUADALAJARA,835,"9,8","0,0","4,7",23:57,"14,8",12:12,,,,,,,,,
2009-11-03,3209Y,BRIHUEGA,GUADALAJARA,835,"9,8","0,0","1,1",06:16,"18,4",Varias,,,,,,,,,
2009-11-05,3209Y,BRIHUEGA,GUADALAJARA,835,"7,8","0,0","4,4",23:35,"11,3",11:01,,,,,,,,,
2009-11-06,3209Y,BRIHUEGA,GUADALAJARA,835,"9,5","0,0","4,3",Varias,"14,7",14:12,,,,,,,,,
2009-11-07,3209Y,BRIHUEGA,GUADALAJARA,835,"7,8","0,6","1,7",21:28,"14,0",11:39,,,,,,,,,
2009-11-08,3209Y,BRIHUEGA,GUADALAJARA,835,"7,8",,"3,6",Varias,"12,0",Varias,,,,,,,,,
2009-11-09,3209Y,BRIHUEGA,GUADALAJARA,835,"6,1","0,0","0,7",23:59,"11,5",13:40,,,,,,,,,
2009-11-10,3209Y,BRIHUEGA,GUADALAJARA,835,"6,2","0,0","-1,3",06:14,"13,8",12:33,,,,,,,,,
2009-11-11,3209Y,BRIHUEGA,GUADALAJARA,835,"9,8","0,0","2,6",Varias,"17,1",14:33,,,,,,,,,
2009-11-12,3209Y,BRIHUEGA,GUADALAJARA,835,"8,9","0,0","1,7",Varias,"16,1",Varias,,,,,,,,,
2009-11-13,3209Y,BRIHUEGA,GUADALAJARA,835,"9,6","0,0","3,1",06:12,"16,0",14:04,,,,,,,,,
2009-11-14,3209Y,BRIHUEGA,GUADALAJARA,835,"11,0","0,4","6,5",05:51,"15,5",14:26,,,,,,,,,
2009-11-15,3209Y,BRIHUEGA,GUADALAJARA,835,"10,8","0,0","5,3",Varias,"16,2",13:29,,,,,,,,,
2009-11-16,3209Y,BRIHUEGA,GUADALAJARA,835,"11,8","0,0","5,5",00:01,"18,0",15:19,,,,,,,,,
2009-11-17,3209Y,BRIHUEGA,GUADALAJARA,835,"12,8","0,0","6,6",Varias,"19,0",12:48,,,,,,,,,
2009-11-18,3209Y,BRIHUEGA,GUADALAJARA,835,"12,3","0,0","6,3",07:14,"18,3",13:24,,,,,,,,,
2009-11-19,3209Y,BRIHUEGA,GUADALAJARA,835,"11,0","0,0","3,6",07:22,"18,3",Varias,,,,,,,,,
2009-11-20,3209Y,BRIHUEGA,GUADALAJARA,835,"9,8","0,0","2,8",Varias,"16,7",Varias,,,,,,,,,
2009-11-21,3209Y,BRIHUEGA,GUADALAJARA,835,"9,8","0,8","4,3",00:01,"15,4",14:18,,,,,,,,,
2009-11-22,3209Y,BRIHUEGA,GUADALAJARA,835,"8,4","0,0","1,9",23:54,"14,9",13:40,,,,,,,,,
2009-11-23,3209Y,BRIHUEGA,GUADALAJARA,835,"7,1","0,0","-0,1",06:07,"14,3",Varias,,,,,,,,,
2009-11-24,3209Y,BRIHUEGA,GUADALAJARA,835,"8,0","0,0","-1,4",06:28,"17,4",15:04,,,,,,,,,
2009-11-25,3209Y,BRIHUEGA,GUADALAJARA,835,"5,8","0,0","-0,8",02:39,"12,5",12:19,,,,,,,,,
2009-11-26,3209Y,BRIHUEGA,GUADALAJARA,835,"8,0","1,6","7,1",08:14,"9,0",Varias,,,,,,,,,
2009-11-27,3209Y,BRIHUEGA,GUADALAJARA,835,"6,0","0,2","0,8",23:24,"11,3",13:03,,,,,,,,,
2009-11-28,3209Y,BRIHUEGA,GUADALAJARA,835,"5,1","1,0","2,2",Varias,"8,0",15:06,,,,,,,,,
2009-11-29,3209Y,BRIHUEGA,GUADALAJARA,835,"2,4","11,0","-1,1",22:19,"6,0",Varias,,,,,,,,,
2009-11-30,3209Y,BRIHUEGA,GUADALAJARA,835,"2,6","0,4","-1,1",23:45,"6,3",14:35,,,,,,,,,
2009-12-01,3209Y,BRIHUEGA,GUADALAJARA,835,"1,8","1,4","-3,6",06:55,"7,1",12:26,,,,,,,,,
2009-12-02,3209Y,BRIHUEGA,GUADALAJARA,835,"6,9","6,4","4,5",00:11,"9,3",14:10,,,,,,,,,
2009-12-03,3209Y,BRIHUEGA,GUADALAJARA,835,"5,4","0,2","1,0",22:03,"9,8",13:19,,,,,,,,,
2009-12-04,3209Y,BRIHUEGA,GUADALAJARA,835,"5,7","0,0","-0,5",23:56,"11,9",Varias,,,,,,,,,
2009-12-05,3209Y,BRIHUEGA,GUADALAJARA,835,"4,2","0,8","-1,7",06:11,"10,0",13:24,,,,,,,,,
2009-12-06,3209Y,BRIHUEGA,GUADALAJARA,835,"4,6","1,2","2,2",00:01,"6,9",Varias,,,,,,,,,
2009-12-07,3209Y,BRIHUEGA,GUADALAJARA,835,"7,2","2,8","6,0",01:44,"8,3",19:04,,,,,,,,,
2009-12-08,3209Y,BRIHUEGA,GUADALAJARA,835,"6,1","0,0","3,3",20:23,"8,9",14:47,,,,,,,,,
2009-12-09,3209Y,BRIHUEGA,GUADALAJARA,835,"8,0","0,0","3,3",23:59,"12,7",15:06,,,,,,,,,
2009-12-10,3209Y,BRIHUEGA,GUADALAJARA,835,"8,3","0,0","1,5",23:56,"15,1",15:07,,,,,,,,,
2009-12-11,3209Y,BRIHUEGA,GUADALAJARA,835,"7,9","0,0","-0,3",07:26,"16,1",14:45,,,,,,,,,
2009-12-12,3209Y,BRIHUEGA,GUADALAJARA,835,"7,5","0,0","0,1",06:16,"14,9",13:54,,,,,,,,,
2009-12-13,3209Y,BRIHUEGA,GUADALAJARA,835,"1,2","0,0","-2,3",21:17,"4,7",13:54,,,,,,,,,
2009-12-14,3209Y,BRIHUEGA,GUADALAJARA,835,"-1,8","2,8","-6,1",23:57,"2,6",14:17,,,,,,,,,
2009-12-15,3209Y,BRIHUEGA,GUADALAJARA,835,"-3,3","0,0","-8,8",06:08,"2,2",14:29,,,,,,,,,
2009-12-16,3209Y,BRIHUEGA,GUADALAJARA,835,"-4,7","2,4","-8,8",02:03,"-0,6",23:42,,,,,,,,,
2009-12-17,3209Y,BRIHUEGA,GUADALAJARA,835,"2,0","0,2","-4,7",23:53,"8,8",13:44,,,,,,,,,
2009-12-18,3209Y,BRIHUEGA,GUADALAJARA,835,"-2,0","0,0","-6,1",03:24,"2,2",10:31,,,,,,,,,
2009-12-19,3209Y,BRIHUEGA,GUADALAJARA,835,"-4,1","0,0","-9,3",23:33,"1,1",Varias,,,,,,,,,
2009-12-20,3209Y,BRIHUEGA,GUADALAJARA,835,"-3,2","0,0","-9,7",03:37,"3,3",15:01,,,,,,,,,
2009-12-21,3209Y,BRIHUEGA,GUADALAJARA,835,"1,7","19,2","-3,6",03:10,"7,0",23:35,,,,,,,,,
2009-12-22,3209Y,BRIHUEGA,GUADALAJARA,835,"6,6","11,4","5,3",23:51,"7,9",13:52,,,,,,,,,
2009-12-23,3209Y,BRIHUEGA,GUADALAJARA,835,"6,7","32,8","3,3",02:35,"10,1",13:48,,,,,,,,,
2009-12-24,3209Y,BRIHUEGA,GUADALAJARA,835,"8,6","14,2","5,4",23:59,"11,9",11:05,,,,,,,,,
2009-12-25,3209Y,BRIHUEGA,GUADALAJARA,835,"2,6","16,8","-1,4",07:40,"6,6",12:38,,,,,,,,,
2009-12-26,3209Y,BRIHUEGA,GUADALAJARA,835,"4,0","1,0","-0,4",23:59,"8,4",11:19,,,,,,,,,
2009-12-27,3209Y,BRIHUEGA,GUADALAJARA,835,"1,2","2,4","-3,9",06:48,"6,2",13:29,,,,,,,,,
2009-12-28,3209Y,BRIHUEGA,GUADALAJARA,835,"7,0","13,2","2,3",03:34,"11,8",23:04,,,,,,,,,
2009-12-29,3209Y,BRIHUEGA,GUADALAJARA,835,"11,4","14,8","10,7",22:13,"12,2",11:11,,,,,,,,,
2009-12-30,3209Y,BRIHUEGA,GUADALAJARA,835,"8,4","5,8","5,7",Varias,"11,1",00:01,,,,,,,,,
2009-12-31,3209Y,BRIHUEGA,GUADALAJARA,835,"3,8","6,4","0,6",Varias,"6,9",13:02,,,,,,,,,
2010-01-01,3209Y,BRIHUEGA,GUADALAJARA,835,"2,3","2,4","0,1",23:11,"4,5",15:21,,,,,,,,,
2010-01-02,3209Y,BRIHUEGA,GUADALAJARA,835,"0,8","0,2","-2,1",07:13,"3,8",Varias,,,,,,,,,
2010-01-03,3209Y,BRIHUEGA,GUADALAJARA,835,"2,8","3,6","-0,2",01:49,"5,9",13:35,,,,,,,,,
2010-01-04,3209Y,BRIHUEGA,GUADALAJARA,835,"6,2","7,0","5,0",00:01,"7,4",19:04,,,,,,,,,
2010-01-05,3209Y,BRIHUEGA,GUADALAJARA,835,"4,5","0,4","1,7",23:13,"7,3",14:25,,,,,,,,,
2010-01-06,3209Y,BRIHUEGA,GUADALAJARA,835,"2,2","0,0","0,0",19:43,"4,3",11:27,,,,,,,,,
2010-01-07,3209Y,BRIHUEGA,GUADALAJARA,835,"-0,8","0,6","-2,5",23:56,"1,0",Varias,,,,,,,,,
2010-01-08,3209Y,BRIHUEGA,GUADALAJARA,835,"-2,7","3,0","-5,1",21:42,"-0,3",12:45,,,,,,,,,
2010-01-09,3209Y,BRIHUEGA,GUADALAJARA,835,"-4,5","0,6","-8,9",23:18,"-0,1",12:36,,,,,,,,,
2010-01-10,3209Y,BRIHUEGA,GUADALAJARA,835,"-6,0","0,2","-11,6",06:41,"-0,4",13:27,,,,,,,,,
2010-01-11,3209Y,BRIHUEGA,GUADALAJARA,835,"-3,0","1,8","-9,7",07:34,"3,6",13:36,,,,,,,,,
2010-01-12,3209Y,BRIHUEGA,GUADALAJARA,835,"0,4","11,4","-2,8",00:01,"3,7",16:15,,,,,,,,,
2010-01-13,3209Y,BRIHUEGA,GUADALAJARA,835,"2,6","9,8","-0,5",03:38,"5,7",Varias,,,,,,,,,
2010-01-14,3209Y,BRIHUEGA,GUADALAJARA,835,"3,8","0,0","-0,4",23:53,"7,9",03:05,,,,,,,,,
2010-01-15,3209Y,BRIHUEGA,GUADALAJARA,835,"2,6","0,0","-2,8",06:02,"7,9",13:16,,,,,,,,,
2010-01-16,3209Y,BRIHUEGA,GUADALAJARA,835,"4,4","2,2","1,7",00:19,"7,1",14:06,,,,,,,,,
2010-01-17,3209Y,BRIHUEGA,GUADALAJARA,835,"7,6","2,0","6,6",Varias,"8,7",14:21,,,,,,,,,
2010-01-18,3209Y,BRIHUEGA,GUADALAJARA,835,"9,6","1,0","6,7",07:52,"12,4",12:56,,,,,,,,,
2010-01-19,3209Y,BRIHUEGA,GUADALAJARA,835,"6,7","2,2","4,0",23:59,"9,4",13:21,,,,,,,,,
2010-01-20,3209Y,BRIHUEGA,GUADALAJARA,835,"5,6","0,2","1,1",Varias,"10,0",14:59,,,,,,,,,
2010-01-21,3209Y,BRIHUEGA,GUADALAJARA,835,"3,8","0,0","-1,7",06:03,"9,2",13:58,,,,,,,,,
2010-01-22,3209Y,BRIHUEGA,GUADALAJARA,835,"5,5","0,0","-1,3",Varias,"12,3",15:30,,,,,,,,,
2010-01-23,3209Y,BRIHUEGA,GUADALAJARA,835,"7,9","0,2","4,6",23:59,"11,2",13:31,,,,,,,,,
2010-01-24,3209Y,BRIHUEGA,GUADALAJARA,835,"6,0","0,0","2,3",Varias,"9,7",12:49,,,,,,,,,
2010-01-25,3209Y,BRIHUEGA,GUADALAJARA,835,"2,4","0,0","-1,6",07:26,"6,4",13:59,,,,,,,,,
2010-01-26,3209Y,BRIHUEGA,GUADALAJARA,835,"2,2","2,8","-2,4",06:49,"6,8",15:36,,,,,,,,,
2010-01-27,3209Y,BRIHUEGA,GUADALAJARA,835,"-1,0","0,0","-4,2",23:58,"2,3",14:43,,,,,,,,,
2010-01-28,3209Y,BRIHUEGA,GUADALAJARA,835,"0,8","0,0","-7,5",05:49,"9,1",13:37,,,,,,,,,
2010-01-29,3209Y,BRIHUEGA,GUADALAJARA,835,"3,8","0,0","-3,3",06:42,"10,8",14:58,,,,,,,,,
2010-01-30,3209Y,BRIHUEGA,GUADALAJARA,835,"4,3","0,0","-1,1",00:01,"9,7",13:28,,,,,,,,,
2010-01-31,3209Y,BRIHUEGA,GUADALAJARA,835,"4,2","1,6","-0,3",03:41,"8,6",14:00,,,,,,,,,
2010-02-01,3209Y,BRIHUEGA,GUADALAJARA,835,"2,0","0,2","-2,9",07:14,"7,0",14:22,,,,,,,,,
2010-02-02,3209Y,BRIHUEGA,GUADALAJARA,835,"1,6","0,0","-5,8",06:27,"9,1",14:46,,,,,,,,,
2010-02-03,3209Y,BRIHUEGA,GUADALAJARA,835,"4,7","0,2","-5,8",06:56,"15,2",14:12,,,,,,,,,
2010-02-04,3209Y,BRIHUEGA,GUADALAJARA,835,"5,5","4,8","3,0",00:01,"8,0",22:14,,,,,,,,,
2010-02-05,3209Y,BRIHUEGA,GUADALAJARA,835,"5,8","0,4","1,7",23:42,"10,0",13:42,,,,,,,,,
2010-02-06,3209Y,BRIHUEGA,GUADALAJARA,835,"5,9","0,0","0,6",04:57,"11,2",13:16,,,,,,,,,
2010-02-07,3209Y,BRIHUEGA,GUADALAJARA,835,"5,0","0,8","0,3",07:33,"9,7",12:26,,,,,,,,,
2010-02-08,3209Y,BRIHUEGA,GUADALAJARA,835,"5,2","11,2","3,3",Varias,"7,1",14:29,,,,,,,,,
2010-02-09,3209Y,BRIHUEGA,GUADALAJARA,835,"2,7","0,0","-2,1",22:45,"7,5",12:02,,,,,,,,,
2010-02-10,3209Y,BRIHUEGA,GUADALAJARA,835,"0,4","0,0","-5,0",07:17,"5,9",15:30,,,,,,,,,
2010-02-11,3209Y,BRIHUEGA,GUADALAJARA,835,"-1,8","0,0","-6,8",06:43,"3,3",13:47,,,,,,,,,
2010-02-12,3209Y,BRIHUEGA,GUADALAJARA,835,"-1,8","0,0","-7,6",05:57,"3,9",14:41,,,,,,,,,
2010-02-13,3209Y,BRIHUEGA,GUADALAJARA,835,"-1,8","0,0","-5,9",Varias,"2,3",14:31,,,,,,,,,
2010-02-14,3209Y,BRIHUEGA,GUADALAJARA,835,"-1,6","0,0","-7,6",06:53,"4,5",15:15,,,,,,,,,
2010-02-15,3209Y,BRIHUEGA,GUADALAJARA,835,"-2,3","6,6","-5,9",00:07,"1,3",13:32,,,,,,,,,
2010-02-16,3209Y,BRIHUEGA,GUADALAJARA,835,"3,6","27,0","0,6",00:01,"6,7",16:44,,,,,,,,,
2010-02-17,3209Y,BRIHUEGA,GUADALAJARA,835,"6,6","2,0","4,6",Varias,"8,7",13:59,,,,,,,,,
2010-02-18,3209Y,BRIHUEGA,GUADALAJARA,835,"4,1","0,4","1,3",07:23,"6,9",14:34,,,,,,,,,
2010-02-19,3209Y,BRIHUEGA,GUADALAJARA,835,"2,8","0,2","-1,8",22:57,"7,3",14:03,,,,,,,,,
2010-02-20,3209Y,BRIHUEGA,GUADALAJARA,835,"1,8","0,0","-3,3",03:50,"6,8",15:13,,,,,,,,,
2010-02-21,3209Y,BRIHUEGA,GUADALAJARA,835,"2,0","9,8","-1,6",00:01,"5,7",16:43,,,,,,,,,
2010-02-22,3209Y,BRIHUEGA,GUADALAJARA,835,"7,7","6,0","4,8",00:01,"10,6",14:22,,,,,,,,,
2010-02-23,3209Y,BRIHUEGA,GUADALAJARA,835,"7,1","3,0","4,7",03:14,"9,5",12:46,,,,,,,,,
2010-02-24,3209Y,BRIHUEGA,GUADALAJARA,835,"8,3","0,2","5,1",00:24,"11,5",14:23,,,,,,,,,
2010-02-25,3209Y,BRIHUEGA,GUADALAJARA,835,"8,2","6,6","6,6",23:58,"9,9",15:48,,,,,,,,,
2010-02-26,3209Y,BRIHUEGA,GUADALAJARA,835,"5,8","2,8","1,4",07:23,"10,2",13:46,,,,,,,,,
2010-02-27,3209Y,BRIHUEGA,GUADALAJARA,835,"10,6","1,6","4,1",00:01,"17,2",17:11,,,,,,,,,
2010-02-28,3209Y,BRIHUEGA,GUADALAJARA,835,"6,9","2,0","2,8",21:10,"11,0",15:46,,,,,,,,,
2010-03-01,3209Y,BRIHUEGA,GUADALAJARA,835,"5,8","0,0","1,3",23:59,"10,2",14:34,,,,,,,,,
2010-03-02,3209Y,BRIHUEGA,GUADALAJARA,835,"6,8","6,6","0,1",06:56,"13,5",13:23,,,,,,,,,
2010-03-03,3209Y,BRIHUEGA,GUADALAJARA,835,"6,3","2,6","3,2",23:42,"9,4",16:26,,,,,,,,,
2010-03-04,3209Y,BRIHUEGA,GUADALAJARA,835,"6,7","0,2","1,8",05:51,"11,6",15:25,,,,,,,,,
2010-03-05,3209Y,BRIHUEGA,GUADALAJARA,835,"3,9","7,6","0,6",22:28,"7,2",15:04,,,,,,,,,
2010-03-06,3209Y,BRIHUEGA,GUADALAJARA,835,"2,6","4,2","0,2",06:35,"5,0",15:42,,,,,,,,,
2010-03-07,3209Y,BRIHUEGA,GUADALAJARA,835,"2,8","6,2","0,6",23:58,"4,9",15:04,,,,,,,,,
2010-03-08,3209Y,BRIHUEGA,GUADALAJARA,835,"-1,7","0,6","-5,3",06:55,"1,9",12:33,,,,,,,,,
2010-03-09,3209Y,BRIHUEGA,GUADALAJARA,835,"0,6","0,0","-6,1",06:12,"7,2",14:57,,,,,,,,,
2010-03-10,3209Y,BRIHUEGA,GUADALAJARA,835,"-0,5","0,0","-6,1",03:52,"5,1",14:12,,,,,,,,,
2010-03-11,3209Y,BRIHUEGA,GUADALAJARA,835,"-0,5","0,0","-5,4",01:56,"4,4",13:44,,,,,,,,,
2010-03-12,3209Y,BRIHUEGA,GUADALAJARA,835,"-0,8","0,0","-5,3",23:39,"3,6",16:42,,,,,,,,,
2010-03-13,3209Y,BRIHUEGA,GUADALAJARA,835,"1,7","0,0","-5,4",00:03,"8,8",15:57,,,,,,,,,
2010-03-14,3209Y,BRIHUEGA,GUADALAJARA,835,"4,0","0,0","-3,5",06:31,"11,4",15:13,,,,,,,,,
2010-03-15,3209Y,BRIHUEGA,GUADALAJARA,835,"5,9","0,0","-4,4",06:20,"16,2",14:48,,,,,,,,,
2010-03-16,3209Y,BRIHUEGA,GUADALAJARA,835,"6,7","0,0","-3,1",06:16,"16,5",14:34,,,,,,,,,
2010-03-17,3209Y,BRIHUEGA,GUADALAJARA,835,"7,8","0,0","-1,7",06:23,"17,3",14:23,,,,,,,,,
2010-03-18,3209Y,BRIHUEGA,GUADALAJARA,835,"9,6","0,0","3,2",04:36,"16,0",15:54,,,,,,,,,
2010-03-19,3209Y,BRIHUEGA,GUADALAJARA,835,"9,2","1,4","4,6",04:01,"13,9",16:34,,,,,,,,,
2010-03-20,3209Y,BRIHUEGA,GUADALAJARA,835,"12,4","0,0","8,9",Varias,"15,9",15:04,,,,,,,,,
2010-03-21,3209Y,BRIHUEGA,GUADALAJARA,835,"9,8","5,8","5,2",05:45,"14,5",13:30,,,,,,,,,
2010-03-22,3209Y,BRIHUEGA,GUADALAJARA,835,"11,0","0,0","5,2",24:00,"16,9",16:30,,,,,,,,,
2010-03-23,3209Y,BRIHUEGA,GUADALAJARA,835,"10,0","0,0","3,7",05:49,"16,4",14:39,,,,,,,,,
2010-03-24,3209Y,BRIHUEGA,GUADALAJARA,835,"12,3","24,4","7,7",04:32,"16,9",14:32,,,,,,,,,
2010-03-25,3209Y,BRIHUEGA,GUADALAJARA,835,"7,8","6,4","4,6",23:55,"10,9",13:27,,,,,,,,,
2010-03-26,3209Y,BRIHUEGA,GUADALAJARA,835,"6,4","2,8","2,8",Varias,"10,1",15:33,,,,,,,,,
2010-03-27,3209Y,BRIHUEGA,GUADALAJARA,835,"8,2","0,0","2,1",04:17,"14,2",16:13,,,,,,,,,
2010-03-28,3209Y,BRIHUEGA,GUADALAJARA,835,"9,8","0,0","2,1",06:15,"17,5",15:54,,,,,,,,,
2010-03-29,3209Y,BRIHUEGA,GUADALAJARA,835,"8,4","6,4","3,8",03:34,"13,0",13:23,,,,,,,,,
2010-03-30,3209Y,BRIHUEGA,GUADALAJARA,835,"6,8","0,2","2,6",02:05,"11,1",14:57,,,,,,,,,
2010-03-31,3209Y,BRIHUEGA,GUADALAJARA,835,"5,2","1,6","-1,7",05:52,"12,2",14:25,,,,,,,,,
2010-04-01,3209Y,BRIHUEGA,GUADALAJARA,835,"5,4","0,0","-0,3",06:07,"11,1",14:03,,,,,,,,,
2010-04-02,3209Y,BRIHUEGA,GUADALAJARA,835,"5,5","0,0","-2,6",Varias,"13,6",15:18,,,,,,,,,
2010-04-03,3209Y,BRIHUEGA,GUADALAJARA,835,"5,7","4,2","0,5",05:30,"10,9",12:02,,,,,,,,,
2010-04-04,3209Y,BRIHUEGA,GUADALAJARA,835,"6,0","0,0","-0,6",06:09,"12,7",13:32,,,,,,,,,
2010-04-05,3209Y,BRIHUEGA,GUADALAJARA,835,"8,2","0,0","-0,7",05:36,"17,0",15:08,,,,,,,,,
2010-04-06,3209Y,BRIHUEGA,GUADALAJARA,835,"9,4","3,0","1,0",05:33,"17,7",15:24,,,,,,,,,
2010-04-07,3209Y,BRIHUEGA,GUADALAJARA,835,"6,4","1,8","1,2",23:56,"11,6",16:27,,,,,,,,,
2010-04-08,3209Y,BRIHUEGA,GUADALAJARA,835,"8,4","0,0","0,4",00:39,"16,3",15:06,,,,,,,,,
2010-04-09,3209Y,BRIHUEGA,GUADALAJARA,835,"9,4","0,0","0,8",06:21,"17,9",15:53,,,,,,,,,
2010-04-10,3209Y,BRIHUEGA,GUADALAJARA,835,"10,6","0,0","2,2",05:40,"18,9",15:50,,,,,,,,,
2010-04-11,3209Y,BRIHUEGA,GUADALAJARA,835,"11,2","0,0","1,5",05:38,"21,0",16:15,,,,,,,,,
2010-04-12,3209Y,BRIHUEGA,GUADALAJARA,835,"10,1","2,6","4,2",23:52,"16,0",12:00,,,,,,,,,
2010-04-13,3209Y,BRIHUEGA,GUADALAJARA,835,"4,8","11,2","2,3",06:45,"7,3",12:51,,,,,,,,,
2010-04-14,3209Y,BRIHUEGA,GUADALAJARA,835,"7,6","15,6","5,4",Varias,"9,9",15:47,,,,,,,,,
2010-04-15,3209Y,BRIHUEGA,GUADALAJARA,835,"10,2","2,8","6,3",Varias,"14,0",16:33,,,,,,,,,
2010-04-16,3209Y,BRIHUEGA,GUADALAJARA,835,"12,2","0,6","7,0",00:39,"17,4",13:42,,,,,,,,,
2010-04-17,3209Y,BRIHUEGA,GUADALAJARA,835,"9,5","10,6","7,1",01:41,"11,9",16:51,,,,,,,,,
2010-04-18,3209Y,BRIHUEGA,GUADALAJARA,835,"10,3","2,2","8,0",Varias,"12,6",13:03,,,,,,,,,
2010-04-19,3209Y,BRIHUEGA,GUADALAJARA,835,"11,2","0,0","6,1",23:59,"16,4",16:00,,,,,,,,,
2010-04-20,3209Y,BRIHUEGA,GUADALAJARA,835,"11,8","0,0","4,2",04:32,"19,5",14:44,,,,,,,,,
2010-04-21,3209Y,BRIHUEGA,GUADALAJARA,835,"13,7","2,2","6,4",03:20,"21,0",14:50,,,,,,,,,
2010-04-22,3209Y,BRIHUEGA,GUADALAJARA,835,"14,0","0,0","9,6",23:30,"18,4",13:29,,,,,,,,,
2010-04-23,3209Y,BRIHUEGA,GUADALAJARA,835,"13,6","0,8","7,2",05:49,"20,0",15:41,,,,,,,,,
2010-04-24,3209Y,BRIHUEGA,GUADALAJARA,835,"13,4","0,0","5,9",05:26,"21,0",16:31,,,,,,,,,
2010-04-25,3209Y,BRIHUEGA,GUADALAJARA,835,"16,4","5,4","8,2",Varias,"24,6",15:35,,,,,,,,,
2010-04-26,3209Y,BRIHUEGA,GUADALAJARA,835,"16,4","0,0","8,4",04:44,"24,3",13:51,,,,,,,,,
2010-04-27,3209Y,BRIHUEGA,GUADALAJARA,835,"17,5","0,0","8,6",04:06,"26,4",14:50,,,,,,,,,
2010-04-28,3209Y,BRIHUEGA,GUADALAJARA,835,"18,2","0,0","10,2",05:24,"26,1",15:18,,,,,,,,,
2010-04-29,3209Y,BRIHUEGA,GUADALAJARA,835,"17,0","0,0","10,2",23:54,"23,8",15:19,,,,,,,,,
2010-04-30,3209Y,BRIHUEGA,GUADALAJARA,835,"14,9","2,8","7,8",05:04,"22,0",15:09,,,,,,,,,
2010-05-01,3209Y,BRIHUEGA,GUADALAJARA,835,"14,0","7,0","8,3",23:14,"19,8",11:52,,,,,,,,,
2010-05-02,3209Y,BRIHUEGA,GUADALAJARA,835,"12,4","1,6","5,7",02:41,"19,2",12:47,,,,,,,,,
2010-05-03,3209Y,BRIHUEGA,GUADALAJARA,835,"7,2","0,6","2,2",23:30,"12,3",14:10,,,,,,,,,
2010-05-04,3209Y,BRIHUEGA,GUADALAJARA,835,"4,9","0,0","1,4",03:27,"8,4",12:06,,,,,,,,,
2010-05-05,3209Y,BRIHUEGA,GUADALAJARA,835,"6,4","0,0","0,8",23:17,"12,1",15:48,,,,,,,,,
2010-05-06,3209Y,BRIHUEGA,GUADALAJARA,835,"7,5","0,0","-1,2",Varias,"16,2",16:00,,,,,,,,,
2010-05-07,3209Y,BRIHUEGA,GUADALAJARA,835,"8,5","2,8","1,7",04:56,"15,3",13:52,,,,,,,,,
2010-05-08,3209Y,BRIHUEGA,GUADALAJARA,835,"9,2","17,4","3,7",02:36,"14,8",12:59,,,,,,,,,
2010-05-09,3209Y,BRIHUEGA,GUADALAJARA,835,"11,2","2,6","8,0",21:53,"14,5",12:21,,,,,,,,,
2010-05-10,3209Y,BRIHUEGA,GUADALAJARA,835,"8,6","0,4","3,7",23:55,"13,5",11:43,,,,,,,,,
2010-05-11,3209Y,BRIHUEGA,GUADALAJARA,835,"7,6","0,4","1,2",04:36,"14,1",12:13,,,,,,,,,
2010-05-12,3209Y,BRIHUEGA,GUADALAJARA,835,"8,6","22,6","5,4",00:01,"11,8",15:04,,,,,,,,,
2010-05-13,3209Y,BRIHUEGA,GUADALAJARA,835,"7,0","10,8","2,7",23:36,"11,3",12:05,,,,,,,,,
2010-05-14,3209Y,BRIHUEGA,GUADALAJARA,835,"6,2","1,8","0,4",05:20,"11,9",13:23,,,,,,,,,
2010-05-15,3209Y,BRIHUEGA,GUADALAJARA,835,"7,2","0,0","0,9",04:54,"13,4",15:29,,,,,,,,,
2010-05-16,3209Y,BRIHUEGA,GUADALAJARA,835,"8,6","0,0","0,0",04:45,"17,3",16:21,,,,,,,,,
2010-05-17,3209Y,BRIHUEGA,GUADALAJARA,835,"11,4","0,0","2,2",04:44,"20,6",15:19,,,,,,,,,
2010-05-18,3209Y,BRIHUEGA,GUADALAJARA,835,"14,2","0,0","4,8",05:01,"23,7",15:10,,,,,,,,,
2010-05-19,3209Y,BRIHUEGA,GUADALAJARA,835,"14,4","0,0","5,7",05:20,"23,0",16:00,,,,,,,,,
2010-05-20,3209Y,BRIHUEGA,GUADALAJARA,835,"15,6","0,0","7,2",04:35,"24,0",16:16,,,,,,,,,
2010-05-21,3209Y,BRIHUEGA,GUADALAJARA,835,"16,9","0,0","7,6",05:07,"26,2",16:40,,,,,,,,,
2010-05-22,3209Y,BRIHUEGA,GUADALAJARA,835,"17,3","0,0","8,8",05:20,"25,8",14:23,,,,,,,,,
2010-05-23,3209Y,BRIHUEGA,GUADALAJARA,835,"18,2","2,6","10,1",05:08,"26,2",15:01,,,,,,,,,
2010-05-24,3209Y,BRIHUEGA,GUADALAJARA,835,"16,6","0,0","8,4",04:39,"24,9",16:23,,,,,,,,,
2010-05-25,3209Y,BRIHUEGA,GUADALAJARA,835,"15,8","0,0","9,3",23:59,"22,2",15:26,,,,,,,,,
2010-05-26,3209Y,BRIHUEGA,GUADALAJARA,835,"14,3","0,0","6,6",04:19,"22,0",15:29,,,,,,,,,
2010-05-27,3209Y,BRIHUEGA,GUADALAJARA,835,"15,8","6,2","8,6",03:26,"23,0",13:38,,,,,,,,,
2010-05-28,3209Y,BRIHUEGA,GUADALAJARA,835,"13,9","0,0","8,2",02:33,"19,6",15:43,,,,,,,,,
2010-05-29,3209Y,BRIHUEGA,GUADALAJARA,835,"15,2","0,0","5,9",04:29,"24,5",16:50,,,,,,,,,
2010-05-30,3209Y,BRIHUEGA,GUADALAJARA,835,"18,0","0,0","9,1",04:23,"27,0",15:53,,,,,,,,,
2010-05-31,3209Y,BRIHUEGA,GUADALAJARA,835,"20,2","0,0","12,2",01:54,"28,3",15:52,,,,,,,,,
2010-06-01,3209Y,BRIHUEGA,GUADALAJARA,835,"20,3","0,0","11,9",05:23,"28,7",13:47,,,,,,,,,
2010-06-02,3209Y,BRIHUEGA,GUADALAJARA,835,"20,6","0,0","13,4",04:43,"27,7",15:13,,,,,,,,,
2010-06-03,3209Y,BRIHUEGA,GUADALAJARA,835,"20,5","0,0","11,9",02:06,"29,1",16:03,,,,,,,,,
2010-06-04,3209Y,BRIHUEGA,GUADALAJARA,835,"20,8","0,0","11,4",04:36,"30,2",15:04,,,,,,,,,
2010-06-05,3209Y,BRIHUEGA,GUADALAJARA,835,"21,8","0,0","13,8",02:30,"29,8",16:11,,,,,,,,,
2010-06-06,3209Y,BRIHUEGA,GUADALAJARA,835,"21,2","0,0","14,3",23:54,"28,2",15:57,,,,,,,,,
2010-06-07,3209Y,BRIHUEGA,GUADALAJARA,835,"19,0","0,0","10,5",04:23,"27,5",15:21,,,,,,,,,
2010-06-08,3209Y,BRIHUEGA,GUADALAJARA,835,"17,2","7,2","9,9",04:56,"24,5",12:47,,,,,,,,,
2010-06-09,3209Y,BRIHUEGA,GUADALAJARA,835,"12,0","14,0","10,5",05:12,"13,5",16:30,,,,,,,,,
2010-06-10,3209Y,BRIHUEGA,GUADALAJARA,835,"12,8","1,6","9,3",Varias,"16,4",16:16,,,,,,,,,
2010-06-11,3209Y,BRIHUEGA,GUADALAJARA,835,"12,9","1,6","10,0",Varias,"15,8",12:30,,,,,,,,,
2010-06-12,3209Y,BRIHUEGA,GUADALAJARA,835,"13,0","17,4","10,5",21:54,"15,6",11:45,,,,,,,,,
2010-06-13,3209Y,BRIHUEGA,GUADALAJARA,835,"14,6","3,6","9,8",03:29,"19,3",13:56,,,,,,,,,
2010-06-14,3209Y,BRIHUEGA,GUADALAJARA,835,"14,3","0,0","8,2",23:58,"20,4",16:06,,,,,,,,,
2010-06-15,3209Y,BRIHUEGA,GUADALAJARA,835,"10,4","1,0","4,3",05:26,"16,6",13:41,,,,,,,,,
2010-06-16,3209Y,BRIHUEGA,GUADALAJARA,835,"8,8","0,0","3,6",02:35,"14,0",12:15,,,,,,,,,
2010-06-17,3209Y,BRIHUEGA,GUADALAJARA,835,"11,8","0,0","3,5",04:40,"20,1",16:46,,,,,,,,,
2010-06-18,3209Y,BRIHUEGA,GUADALAJARA,835,"15,6","3,0","8,1",04:46,"23,0",12:58,,,,,,,,,
2010-06-19,3209Y,BRIHUEGA,GUADALAJARA,835,"15,4","0,0","8,5",Varias,"22,2",14:28,,,,,,,,,
2010-06-20,3209Y,BRIHUEGA,GUADALAJARA,835,"13,8","0,0","7,2",23:53,"20,4",15:59,,,,,,,,,
2010-06-21,3209Y,BRIHUEGA,GUADALAJARA,835,"14,8","0,0","5,4",04:19,"24,2",16:32,,,,,,,,,
2010-06-22,3209Y,BRIHUEGA,GUADALAJARA,835,"18,6","0,0","9,1",00:27,"28,0",15:50,,,,,,,,,
2010-06-23,3209Y,BRIHUEGA,GUADALAJARA,835,"19,4","0,0","8,8",04:01,"30,1",16:03,,,,,,,,,
2010-06-24,3209Y,BRIHUEGA,GUADALAJARA,835,"21,4","0,0","11,3",05:01,"31,4",15:13,,,,,,,,,
2010-06-25,3209Y,BRIHUEGA,GUADALAJARA,835,"21,8","22,0","14,8",23:55,"28,7",13:37,,,,,,,,,
2010-06-26,3209Y,BRIHUEGA,GUADALAJARA,835,"20,2","0,2","12,4",03:42,"27,9",15:45,,,,,,,,,
2010-06-27,3209Y,BRIHUEGA,GUADALAJARA,835,"21,2","0,0","14,4",05:19,"28,1",14:46,,,,,,,,,
2010-06-28,3209Y,BRIHUEGA,GUADALAJARA,835,"20,7","0,0","12,3",05:14,"29,1",17:27,,,,,,,,,
2010-06-29,3209Y,BRIHUEGA,GUADALAJARA,835,"22,0","0,8","14,7",23:57,"29,3",14:40,,,,,,,,,
2010-06-30,3209Y,BRIHUEGA,GUADALAJARA,835,"21,6","0,0","12,1",04:42,"31,0",16:06,,,,,,,,,
2010-07-01,3209Y,BRIHUEGA,GUADALAJARA,835,"23,1","0,2","14,5",04:35,"31,7",14:21,,,,,,,,,
2010-07-02,3209Y,BRIHUEGA,GUADALAJARA,835,"21,9","22,6","15,4",20:26,"28,4",17:09,,,,,,,,,
2010-07-03,3209Y,BRIHUEGA,GUADALAJARA,835,"20,4","9,6","14,4",05:07,"26,5",16:14,,,,,,,,,
2010-07-04,3209Y,BRIHUEGA,GUADALAJARA,835,"22,4","0,0","14,0",05:08,"30,7",14:59,,,,,,,,,
2010-07-05,3209Y,BRIHUEGA,GUADALAJARA,835,"23,4","0,0","15,1",Varias,"31,7",15:06,,,,,,,,,
2010-07-06,3209Y,BRIHUEGA,GUADALAJARA,835,"23,1","0,0","13,8",04:52,"32,4",15:40,,,,,,,,,
2010-07-07,3209Y,BRIHUEGA,GUADALAJARA,835,"25,2","0,0","16,1",03:54,"34,4",15:08,,,,,,,,,
2010-07-08,3209Y,BRIHUEGA,GUADALAJARA,835,"24,2","0,0","18,0",02:59,"30,5",13:07,,,,,,,,,
2010-07-09,3209Y,BRIHUEGA,GUADALAJARA,835,"23,6","0,0","15,7",05:18,"31,6",Varias,,,,,,,,,
2010-07-10,3209Y,BRIHUEGA,GUADALAJARA,835,"25,6","0,0","17,9",04:30,"33,3",16:00,,,,,,,,,
2010-07-11,3209Y,BRIHUEGA,GUADALAJARA,835,"25,1","0,0","16,1",04:56,"34,1",15:19,,,,,,,,,
2010-07-12,3209Y,BRIHUEGA,GUADALAJARA,835,"25,4","0,0","17,5",23:59,"33,3",15:25,,,,,,,,,
2010-07-13,3209Y,BRIHUEGA,GUADALAJARA,835,"22,2","0,0","12,8",05:36,"31,7",15:22,,,,,,,,,
2010-07-14,3209Y,BRIHUEGA,GUADALAJARA,835,"21,8","0,0","14,1",05:00,"29,5",15:45,,,,,,,,,
2010-07-15,3209Y,BRIHUEGA,GUADALAJARA,835,"20,9","0,0","11,4",04:54,"30,4",15:53,,,,,,,,,
2010-07-16,3209Y,BRIHUEGA,GUADALAJARA,835,"21,6","0,0","11,9",05:01,"31,4",15:44,,,,,,,,,
2010-07-17,3209Y,BRIHUEGA,GUADALAJARA,835,"23,6","0,0","14,4",04:38,"32,8",15:20,,,,,,,,,
2010-07-18,3209Y,BRIHUEGA,GUADALAJARA,835,"24,0","0,0","14,7",03:35,"33,4",15:40,,,,,,,,,
2010-07-19,3209Y,BRIHUEGA,GUADALAJARA,835,"25,5","0,0","16,5",04:22,"34,5",14:45,,,,,,,,,
2010-07-20,3209Y,BRIHUEGA,GUADALAJARA,835,"25,6","0,0","18,0",05:39,"33,2",16:47,,,,,,,,,
2010-07-21,3209Y,BRIHUEGA,GUADALAJARA,835,"23,8","0,0","17,3",00:57,"30,4",Varias,,,,,,,,,
2010-07-22,3209Y,BRIHUEGA,GUADALAJARA,835,"21,7","0,0","13,9",05:10,"29,5",14:22,,,,,,,,,
2010-07-23,3209Y,BRIHUEGA,GUADALAJARA,835,"21,6","0,0","13,4",03:58,"29,7",16:00,,,,,,,,,
2010-07-24,3209Y,BRIHUEGA,GUADALAJARA,835,"21,0","0,0","10,6",05:01,"31,4",15:44,,,,,,,,,
2010-07-25,3209Y,BRIHUEGA,GUADALAJARA,835,"21,0","0,0","11,8",05:50,"30,2",15:53,,,,,,,,,
2010-07-26,3209Y,BRIHUEGA,GUADALAJARA,835,"21,6","0,0","12,6",04:00,"30,7",15:06,,,,,,,,,
2010-07-27,3209Y,BRIHUEGA,GUADALAJARA,835,"21,7","0,0","10,9",05:48,"32,5",16:06,,,,,,,,,
2010-07-28,3209Y,BRIHUEGA,GUADALAJARA,835,"25,2","0,0","15,4",05:31,"35,1",16:14,,,,,,,,,
2010-07-29,3209Y,BRIHUEGA,GUADALAJARA,835,"24,6","0,0","16,2",04:23,"33,0",14:33,,,,,,,,,
2010-07-30,3209Y,BRIHUEGA,GUADALAJARA,835,"23,2","0,0","13,7",05:39,"32,6",15:54,,,,,,,,,
2010-07-31,3209Y,BRIHUEGA,GUADALAJARA,835,"24,4","0,0","14,6",03:44,"34,1",15:35,,,,,,,,,
2010-08-01,3209Y,BRIHUEGA,GUADALAJARA,835,"25,4","0,0","17,5",05:32,"33,3",15:44,,,,,,,,,
2010-08-02,3209Y,BRIHUEGA,GUADALAJARA,835,"24,0","0,0","15,8",23:54,"32,2",15:58,,,,,,,,,
2010-08-03,3209Y,BRIHUEGA,GUADALAJARA,835,"20,6","0,0","12,4",05:13,"28,7",15:57,,,,,,,,,
2010-08-04,3209Y,BRIHUEGA,GUADALAJARA,835,"21,4","0,0","11,4",04:46,"31,5",15:32,,,,,,,,,
2010-08-05,3209Y,BRIHUEGA,GUADALAJARA,835,"21,2","0,0","14,5",Varias,"28,0",15:38,,,,,,,,,
2010-08-06,3209Y,BRIHUEGA,GUADALAJARA,835,"21,0","0,0","10,9",05:30,"31,2",16:33,,,,,,,,,
2010-08-07,3209Y,BRIHUEGA,GUADALAJARA,835,"23,2","0,0","13,0",05:10,"33,4",15:48,,,,,,,,,
2010-08-08,3209Y,BRIHUEGA,GUADALAJARA,835,"23,4","0,4","17,0",05:15,"29,9",14:24,,,,,,,,,
2010-08-09,3209Y,BRIHUEGA,GUADALAJARA,835,"24,1","0,0","16,0",05:08,"32,2",15:28,,,,,,,,,
2010-08-10,3209Y,BRIHUEGA,GUADALAJARA,835,"25,2","0,8","17,2",05:23,"33,2",12:48,,,,,,,,,
2010-08-11,3209Y,BRIHUEGA,GUADALAJARA,835,"24,1","0,0","14,9",05:34,"33,3",16:26,,,,,,,,,
2010-08-12,3209Y,BRIHUEGA,GUADALAJARA,835,"21,6","0,0","12,0",05:45,"31,2",14:55,,,,,,,,,
2010-08-13,3209Y,BRIHUEGA,GUADALAJARA,835,"18,0","0,0","11,5",24:00,"24,6",15:52,,,,,,,,,
2010-08-14,3209Y,BRIHUEGA,GUADALAJARA,835,"16,9","0,0","9,1",04:58,"24,7",16:44,,,,,,,,,
2010-08-15,3209Y,BRIHUEGA,GUADALAJARA,835,"18,4","0,0","8,1",05:32,"28,7",14:23,,,,,,,,,
2010-08-16,3209Y,BRIHUEGA,GUADALAJARA,835,"17,8","0,0","10,3",05:23,"25,2",15:54,,,,,,,,,
2010-08-17,3209Y,BRIHUEGA,GUADALAJARA,835,"20,4","0,0","13,7",04:31,"27,0",16:11,,,,,,,,,
2010-08-18,3209Y,BRIHUEGA,GUADALAJARA,835,"21,8","0,0","14,3",02:52,"29,3",15:06,,,,,,,,,
2010-08-19,3209Y,BRIHUEGA,GUADALAJARA,835,"20,5","37,0","13,7",Varias,"27,3",10:17,,,,,,,,,
2010-08-20,3209Y,BRIHUEGA,GUADALAJARA,835,"21,8","0,0","12,4",05:44,"31,1",15:05,,,,,,,,,
2010-08-21,3209Y,BRIHUEGA,GUADALAJARA,835,"24,2","0,0","15,2",05:27,"33,2",14:52,,,,,,,,,
2010-08-22,3209Y,BRIHUEGA,GUADALAJARA,835,"24,2","0,0","15,7",06:00,"32,7",14:24,,,,,,,,,
2010-08-23,3209Y,BRIHUEGA,GUADALAJARA,835,"22,4","0,0","13,5",05:33,"31,4",14:35,,,,,,,,,
2010-08-24,3209Y,BRIHUEGA,GUADALAJARA,835,"21,4","0,0","12,9",Varias,"29,9",16:13,,,,,,,,,
2010-08-25,3209Y,BRIHUEGA,GUADALAJARA,835,"23,6","0,0","13,7",05:42,"33,4",15:39,,,,,,,,,
2010-08-26,3209Y,BRIHUEGA,GUADALAJARA,835,"25,8","0,0","17,0",05:52,"34,6",14:29,,,,,,,,,
2010-08-27,3209Y,BRIHUEGA,GUADALAJARA,835,"23,9","0,0","15,0",05:24,"32,8",15:38,,,,,,,,,
2010-08-28,3209Y,BRIHUEGA,GUADALAJARA,835,"21,5","0,0","13,1",05:58,"29,9",15:41,,,,,,,,,
2010-08-29,3209Y,BRIHUEGA,GUADALAJARA,835,"23,1","0,0","15,1",04:36,"31,1",Varias,,,,,,,,,
2010-08-30,3209Y,BRIHUEGA,GUADALAJARA,835,"21,0","0,0","11,3",05:57,"30,7",15:32,,,,,,,,,
2010-08-31,3209Y,BRIHUEGA,GUADALAJARA,835,"19,8","0,0","9,7",05:41,"29,8",16:15,,,,,,,,,
2010-09-01,3209Y,BRIHUEGA,GUADALAJARA,835,"18,9","12,6","13,8",22:06,"24,0",10:28,,,,,,,,,
2010-09-02,3209Y,BRIHUEGA,GUADALAJARA,835,"17,5","0,2","11,6",05:56,"23,4",16:08,,,,,,,,,
2010-09-03,3209Y,BRIHUEGA,GUADALAJARA,835,"20,1","0,0","11,7",05:59,"28,5",16:11,,,,,,,,,
2010-09-04,3209Y,BRIHUEGA,GUADALAJARA,835,"21,3","0,0","12,7",Varias,"29,9",15:33,,,,,,,,,
2010-09-05,3209Y,BRIHUEGA,GUADALAJARA,835,"22,2","0,0","13,3",05:40,"31,0",15:08,,,,,,,,,
2010-09-06,3209Y,BRIHUEGA,GUADALAJARA,835,"22,2","0,0","15,2",02:47,"29,3",Varias,,,,,,,,,
2010-09-07,3209Y,BRIHUEGA,GUADALAJARA,835,"17,1","0,4","11,7",23:54,"22,5",13:33,,,,,,,,,
2010-09-08,3209Y,BRIHUEGA,GUADALAJARA,835,"14,4","0,0","6,8",05:28,"22,0",16:11,,,,,,,,,
2010-09-09,3209Y,BRIHUEGA,GUADALAJARA,835,"15,4","0,0","7,2",05:09,"23,7",15:55,,,,,,,,,
2010-09-10,3209Y,BRIHUEGA,GUADALAJARA,835,"18,4","0,0","8,4",03:38,"28,3",15:24,,,,,,,,,
2010-09-11,3209Y,BRIHUEGA,GUADALAJARA,835,"19,2","0,0","9,5",05:57,"29,0",15:46,,,,,,,,,
2010-09-12,3209Y,BRIHUEGA,GUADALAJARA,835,"20,6","0,0","10,9",05:47,"30,4",15:49,,,,,,,,,
2010-09-13,3209Y,BRIHUEGA,GUADALAJARA,835,"21,4","0,0","11,8",05:07,"30,9",15:55,,,,,,,,,
2010-09-14,3209Y,BRIHUEGA,GUADALAJARA,835,"20,1","0,0","9,7",05:36,"30,5",15:12,,,,,,,,,
2010-09-15,3209Y,BRIHUEGA,GUADALAJARA,835,"21,1","0,0","11,2",06:00,"31,0",15:30,,,,,,,,,
2010-09-16,3209Y,BRIHUEGA,GUADALAJARA,835,"17,9","32,8","13,3",23:54,"22,5",14:00,,,,,,,,,
2010-09-17,3209Y,BRIHUEGA,GUADALAJARA,835,"17,5","1,8","13,2",00:03,"21,8",13:09,,,,,,,,,
2010-09-18,3209Y,BRIHUEGA,GUADALAJARA,835,"15,7","0,0","10,8",23:55,"20,6",15:08,,,,,,,,,
2010-09-19,3209Y,BRIHUEGA,GUADALAJARA,835,"16,6","0,0","8,8",Varias,"24,4",14:31,,,,,,,,,
2010-09-20,3209Y,BRIHUEGA,GUADALAJARA,835,"14,6","0,0","10,9",23:59,"18,4",15:40,,,,,,,,,
2010-09-21,3209Y,BRIHUEGA,GUADALAJARA,835,"16,8","0,0","9,2",06:20,"24,3",15:06,,,,,,,,,
2010-09-22,3209Y,BRIHUEGA,GUADALAJARA,835,"17,0","0,0","9,6",05:13,"24,3",12:40,,,,,,,,,
2010-09-23,3209Y,BRIHUEGA,GUADALAJARA,835,"17,2","0,0","13,1",Varias,"21,4",13:40,,,,,,,,,
2010-09-24,3209Y,BRIHUEGA,GUADALAJARA,835,"15,7","0,0","9,6",05:27,"21,8",13:57,,,,,,,,,
2010-09-25,3209Y,BRIHUEGA,GUADALAJARA,835,"12,8","0,0","6,5",23:55,"19,0",14:11,,,,,,,,,
2010-09-26,3209Y,BRIHUEGA,GUADALAJARA,835,"11,6","0,0","4,2",02:58,"19,0",15:57,,,,,,,,,
2010-09-27,3209Y,BRIHUEGA,GUADALAJARA,835,"12,1","0,0","2,9",05:54,"21,3",15:06,,,,,,,,,
2010-09-29,3209Y,BRIHUEGA,GUADALAJARA,835,"14,8","0,0","5,1",05:24,"24,5",14:30,,,,,,,,,
2010-09-30,3209Y,BRIHUEGA,GUADALAJARA,835,"15,1","0,0","6,4",05:57,"23,8",14:32,,,,,,,,,
2010-10-01,3209Y,BRIHUEGA,GUADALAJARA,835,"15,4","0,0","7,0",06:05,"23,9",15:03,,,,,,,,,
2010-10-02,3209Y,BRIHUEGA,GUADALAJARA,835,"15,5","0,0","6,6",05:43,"24,4",14:10,,,,,,,,,
2010-10-03,3209Y,BRIHUEGA,GUADALAJARA,835,"12,1","5,8","6,2",06:16,"18,0",10:54,,,,,,,,,
2010-10-04,3209Y,BRIHUEGA,GUADALAJARA,835,"12,3","0,0","6,0",23:52,"18,6",13:18,,,,,,,,,
2010-10-05,3209Y,BRIHUEGA,GUADALAJARA,835,"11,1","0,0","2,6",06:12,"19,6",15:32,,,,,,,,,
2010-10-06,3209Y,BRIHUEGA,GUADALAJARA,835,"13,8","0,0","5,0",06:31,"22,5",14:42,,,,,,,,,
2010-10-07,3209Y,BRIHUEGA,GUADALAJARA,835,"15,9","0,6","9,3",01:06,"22,5",15:06,,,,,,,,,
2010-10-08,3209Y,BRIHUEGA,GUADALAJARA,835,"17,5","4,6","12,4",01:41,"22,6",14:26,,,,,,,,,
2010-10-09,3209Y,BRIHUEGA,GUADALAJARA,835,"13,5","20,6","9,7",23:47,"17,3",00:01,,,,,,,,,
2010-10-10,3209Y,BRIHUEGA,GUADALAJARA,835,"11,5","2,0","6,6",23:57,"16,4",13:11,,,,,,,,,
2010-10-11,3209Y,BRIHUEGA,GUADALAJARA,835,"9,4","1,2","5,9",00:38,"13,0",15:05,,,,,,,,,
2010-10-12,3209Y,BRIHUEGA,GUADALAJARA,835,"11,6","0,2","7,3",05:04,"15,8",14:05,,,,,,,,,
2010-10-13,3209Y,BRIHUEGA,GUADALAJARA,835,"13,2","0,0","6,2",06:24,"20,2",15:01,,,,,,,,,
2010-10-14,3209Y,BRIHUEGA,GUADALAJARA,835,"12,4","0,0","4,8",23:52,"19,9",14:43,,,,,,,,,
2010-10-15,3209Y,BRIHUEGA,GUADALAJARA,835,"9,1","0,0","2,0",06:37,"16,2",14:17,,,,,,,,,
2010-10-16,3209Y,BRIHUEGA,GUADALAJARA,835,"8,4","0,0","1,5",06:35,"15,4",14:37,,,,,,,,,
2010-10-17,3209Y,BRIHUEGA,GUADALAJARA,835,"8,6","0,0","2,2",23:59,"14,9",14:20,,,,,,,,,
2010-10-18,3209Y,BRIHUEGA,GUADALAJARA,835,"6,7","0,0","-1,2",06:17,"14,6",14:25,,,,,,,,,
2010-10-19,3209Y,BRIHUEGA,GUADALAJARA,835,"9,1","0,0","-0,6",03:50,"18,8",14:37,,,,,,,,,
2010-10-20,3209Y,BRIHUEGA,GUADALAJARA,835,"11,2","0,0","1,8",04:11,"20,5",14:21,,,,,,,,,
2010-10-21,3209Y,BRIHUEGA,GUADALAJARA,835,"10,4","0,0","0,8",06:51,"19,9",14:30,,,,,,,,,
2010-10-22,3209Y,BRIHUEGA,GUADALAJARA,835,"10,4","0,0","1,9",04:31,"19,0",13:00,,,,,,,,,
2010-10-23,3209Y,BRIHUEGA,GUADALAJARA,835,"11,7","0,0","3,8",06:55,"19,6",14:14,,,,,,,,,
2010-10-24,3209Y,BRIHUEGA,GUADALAJARA,835,"11,0","0,0","3,0",06:49,"18,9",13:59,,,,,,,,,
2010-10-25,3209Y,BRIHUEGA,GUADALAJARA,835,"6,5","0,0","-0,1",Varias,"13,1",12:54,,,,,,,,,
2010-10-26,3209Y,BRIHUEGA,GUADALAJARA,835,"7,8","0,0","-3,7",04:39,"19,4",13:25,,,,,,,,,
2010-10-27,3209Y,BRIHUEGA,GUADALAJARA,835,"11,3","0,0","1,2",02:59,"21,4",13:46,,,,,,,,,
2010-10-28,3209Y,BRIHUEGA,GUADALAJARA,835,"13,4","0,0","5,4",Varias,"21,3",14:35,,,,,,,,,
2010-10-29,3209Y,BRIHUEGA,GUADALAJARA,835,"12,0","4,0","5,5",06:28,"18,6",13:25,,,,,,,,,
2010-10-30,3209Y,BRIHUEGA,GUADALAJARA,835,"7,6","11,0","6,3",01:52,"8,9",11:46,,,,,,,,,
2010-10-31,3209Y,BRIHUEGA,GUADALAJARA,835,"7,8","1,8","5,4",23:59,"10,1",15:33,,,,,,,,,
2010-11-01,3209Y,BRIHUEGA,GUADALAJARA,835,"8,8","0,0","4,0",00:50,"13,6",13:25,,,,,,,,,
2010-11-02,3209Y,BRIHUEGA,GUADALAJARA,835,"9,8","0,0","3,2",06:43,"16,3",14:14,,,,,,,,,
2010-11-03,3209Y,BRIHUEGA,GUADALAJARA,835,"12,8","0,0","4,9",04:33,"20,8",13:33,,,,,,,,,
2010-11-04,3209Y,BRIHUEGA,GUADALAJARA,835,"14,6","0,0","7,3",06:58,"21,8",14:48,,,,,,,,,
2010-11-05,3209Y,BRIHUEGA,GUADALAJARA,835,"13,3","0,0","6,8",05:05,"19,8",14:05,,,,,,,,,
2010-11-06,3209Y,BRIHUEGA,GUADALAJARA,835,"10,4","0,0","3,2",06:58,"17,7",13:31,,,,,,,,,
2010-11-07,3209Y,BRIHUEGA,GUADALAJARA,835,"6,2","0,0","0,8",24:00,"11,7",12:01,,,,,,,,,
2010-11-08,3209Y,BRIHUEGA,GUADALAJARA,835,"4,6","7,0","0,0",02:04,"9,1",20:11,,,,,,,,,
2010-11-09,3209Y,BRIHUEGA,GUADALAJARA,835,"7,8","4,4","4,5",23:57,"11,2",12:25,,,,,,,,,
2010-11-10,3209Y,BRIHUEGA,GUADALAJARA,835,"4,6","0,0","-1,0",23:52,"10,3",14:37,,,,,,,,,
2010-11-11,3209Y,BRIHUEGA,GUADALAJARA,835,"4,8","0,0","-2,1",Varias,"11,8",12:46,,,,,,,,,
2010-11-12,3209Y,BRIHUEGA,GUADALAJARA,835,"7,8","0,0","1,1",06:07,"14,5",14:44,,,,,,,,,
2010-11-13,3209Y,BRIHUEGA,GUADALAJARA,835,"5,7","0,2","2,7",03:17,"8,7",14:32,,,,,,,,,
2010-11-14,3209Y,BRIHUEGA,GUADALAJARA,835,"7,0","11,4","4,9",23:14,"9,1",15:04,,,,,,,,,
2010-11-15,3209Y,BRIHUEGA,GUADALAJARA,835,"3,7","0,0","-0,9",07:10,"8,3",14:21,,,,,,,,,
2010-11-16,3209Y,BRIHUEGA,GUADALAJARA,835,"4,4","0,6","-2,0",06:49,"10,8",13:04,,,,,,,,,
2010-11-17,3209Y,BRIHUEGA,GUADALAJARA,835,"3,2","1,8","0,6",22:48,"5,8",15:08,,,,,,,,,
2010-11-18,3209Y,BRIHUEGA,GUADALAJARA,835,"4,3","0,0","-1,3",23:39,"9,9",13:09,,,,,,,,,
2010-11-19,3209Y,BRIHUEGA,GUADALAJARA,835,"3,4","5,2","-1,5",00:32,"8,2",15:04,,,,,,,,,
2010-11-20,3209Y,BRIHUEGA,GUADALAJARA,835,"6,0","2,8","1,5",23:28,"10,5",15:06,,,,,,,,,
2010-11-21,3209Y,BRIHUEGA,GUADALAJARA,835,"5,0","5,2","1,6",00:22,"8,5",14:49,,,,,,,,,
2010-11-22,3209Y,BRIHUEGA,GUADALAJARA,835,"5,0","0,0","0,5",05:31,"9,4",13:01,,,,,,,,,
2010-11-23,3209Y,BRIHUEGA,GUADALAJARA,835,"3,8","0,0","-2,6",06:40,"10,1",12:50,,,,,,,,,
2010-11-24,3209Y,BRIHUEGA,GUADALAJARA,835,"4,6","0,0","-1,1",07:29,"10,3",14:15,,,,,,,,,
2010-11-25,3209Y,BRIHUEGA,GUADALAJARA,835,"3,0","0,0","-3,2",07:17,"9,3",13:25,,,,,,,,,
2010-11-26,3209Y,BRIHUEGA,GUADALAJARA,835,"1,2","0,0","-3,6",07:35,"6,1",13:50,,,,,,,,,
2010-11-27,3209Y,BRIHUEGA,GUADALAJARA,835,"-0,2","0,0","-5,8",06:54,"5,4",13:42,,,,,,,,,
2010-11-28,3209Y,BRIHUEGA,GUADALAJARA,835,"0,7","0,0","-6,1",24:00,"7,5",13:29,,,,,,,,,
2010-11-29,3209Y,BRIHUEGA,GUADALAJARA,835,"-2,5","3,4","-7,1",04:04,"2,1",13:45,,,,,,,,,
2010-11-30,3209Y,BRIHUEGA,GUADALAJARA,835,"2,6","7,6","0,1",02:28,"5,0",13:17,,,,,,,,,
2010-12-01,3209Y,BRIHUEGA,GUADALAJARA,835,"1,9","3,4","-0,1",19:16,"3,9",14:12,,,,,,,,,
2010-12-02,3209Y,BRIHUEGA,GUADALAJARA,835,"0,5","2,0","-2,6",07:31,"3,6",10:55,,,,,,,,,
2010-12-03,3209Y,BRIHUEGA,GUADALAJARA,835,"-1,8","2,2","-7,1",23:52,"3,6",13:23,,,,,,,,,
2010-12-04,3209Y,BRIHUEGA,GUADALAJARA,835,"-2,2","0,0","-9,4",06:08,"5,0",14:07,,,,,,,,,
2010-12-05,3209Y,BRIHUEGA,GUADALAJARA,835,"4,5","4,4","0,5",05:07,"8,5",23:36,,,,,,,,,
2010-12-06,3209Y,BRIHUEGA,GUADALAJARA,835,"10,8","13,4","8,5",00:01,"13,0",13:48,,,,,,,,,
2010-12-07,3209Y,BRIHUEGA,GUADALAJARA,835,"9,6","8,4","8,5",07:55,"10,8",04:31,,,,,,,,,
2010-12-08,3209Y,BRIHUEGA,GUADALAJARA,835,"10,2","1,8","8,4",20:57,"12,1",11:32,,,,,,,,,
2010-12-09,3209Y,BRIHUEGA,GUADALAJARA,835,"9,6","0,0","6,8",24:00,"12,5",14:41,,,,,,,,,
2010-12-10,3209Y,BRIHUEGA,GUADALAJARA,835,"10,6","0,2","3,9",22:41,"17,2",12:47,,,,,,,,,
2010-12-11,3209Y,BRIHUEGA,GUADALAJARA,835,"10,2","0,0","3,7",24:00,"16,6",15:02,,,,,,,,,
2010-12-12,3209Y,BRIHUEGA,GUADALAJARA,835,"7,9","0,0","1,4",05:49,"14,4",14:27,,,,,,,,,
2010-12-13,3209Y,BRIHUEGA,GUADALAJARA,835,"10,4","2,6","6,4",23:53,"14,3",12:19,,,,,,,,,
2010-12-14,3209Y,BRIHUEGA,GUADALAJARA,835,"4,4","0,0","-1,5",23:23,"10,4",13:07,,,,,,,,,
2010-12-15,3209Y,BRIHUEGA,GUADALAJARA,835,"-0,3","0,0","-4,8",23:57,"4,2",14:04,,,,,,,,,
2010-12-16,3209Y,BRIHUEGA,GUADALAJARA,835,"-2,6","0,0","-8,1",23:53,"3,0",15:11,,,,,,,,,
2010-12-17,3209Y,BRIHUEGA,GUADALAJARA,835,"-1,9","0,0","-9,8",Varias,"6,0",15:20,,,,,,,,,
2010-12-18,3209Y,BRIHUEGA,GUADALAJARA,835,"0,7","1,0","-6,5",02:14,"7,9",14:51,,,,,,,,,
2010-12-19,3209Y,BRIHUEGA,GUADALAJARA,835,"6,6","0,2","2,6",Varias,"10,5",15:28,,,,,,,,,
2010-12-20,3209Y,BRIHUEGA,GUADALAJARA,835,"4,6","8,6","2,0",20:30,"7,1",13:16,,,,,,,,,
2010-12-21,3209Y,BRIHUEGA,GUADALAJARA,835,"5,8","19,8","2,6",01:29,"9,0",15:05,,,,,,,,,
2010-12-22,3209Y,BRIHUEGA,GUADALAJARA,835,"7,8","13,4","6,2",Varias,"9,5",12:16,,,,,,,,,
2010-12-23,3209Y,BRIHUEGA,GUADALAJARA,835,"3,0","3,0","-0,1",22:12,"6,2",00:01,,,,,,,,,
2010-12-24,3209Y,BRIHUEGA,GUADALAJARA,835,"0,3","0,2","-2,7",07:50,"3,3",13:08,,,,,,,,,
2010-12-25,3209Y,BRIHUEGA,GUADALAJARA,835,"-1,4","0,0","-6,4",06:58,"3,5",13:39,,,,,,,,,
2010-12-26,3209Y,BRIHUEGA,GUADALAJARA,835,"-1,1","0,0","-9,8",06:56,"7,6",15:34,,,,,,,,,
2010-12-27,3209Y,BRIHUEGA,GUADALAJARA,835,"0,3","0,0","-8,1",Varias,"8,7",15:18,,,,,,,,,
2010-12-28,3209Y,BRIHUEGA,GUADALAJARA,835,"2,2","0,0","-4,0",04:55,"8,3",13:24,,,,,,,,,
2010-12-29,3209Y,BRIHUEGA,GUADALAJARA,835,,,,,,,,,,,,,,,
2010-12-30,3209Y,BRIHUEGA,GUADALAJARA,835,"3,8","3,0","0,2",07:11,"7,4",11:11,,,,,,,,,
2010-12-31,3209Y,BRIHUEGA,GUADALAJARA,835,"5,6","1,4","3,2",23:07,"7,9",14:34,,,,,,,,,
2011-01-01,3209Y,BRIHUEGA,GUADALAJARA,835,"6,8","0,0","3,6",00:01,"10,0",12:45,,,,,,,,,
2011-01-02,3209Y,BRIHUEGA,GUADALAJARA,835,"3,8","0,0","-2,0",24:00,"9,6",12:50,,,,,,,,,
2011-01-03,3209Y,BRIHUEGA,GUADALAJARA,835,"2,3","0,0","-4,7",07:34,"9,3",14:10,,,,,,,,,
2011-01-04,3209Y,BRIHUEGA,GUADALAJARA,835,"3,2","2,8","1,9",00:01,"4,6",23:44,,,,,,,,,
2011-01-05,3209Y,BRIHUEGA,GUADALAJARA,835,"5,8","2,2","4,5",00:01,"7,2",19:41,,,,,,,,,
2011-01-06,3209Y,BRIHUEGA,GUADALAJARA,835,"9,0","2,6","7,0",00:09,"11,0",13:08,,,,,,,,,
2011-01-07,3209Y,BRIHUEGA,GUADALAJARA,835,"7,8","1,2","6,5",06:14,"9,0",00:01,,,,,,,,,
2011-01-08,3209Y,BRIHUEGA,GUADALAJARA,835,"7,6","12,0","5,4",07:38,"9,8",13:17,,,,,,,,,
2011-01-09,3209Y,BRIHUEGA,GUADALAJARA,835,"6,2","4,2","3,8",23:55,"8,6",13:46,,,,,,,,,
2011-01-10,3209Y,BRIHUEGA,GUADALAJARA,835,"5,0","2,8","2,9",06:49,"7,1",15:01,,,,,,,,,
2011-01-11,3209Y,BRIHUEGA,GUADALAJARA,835,"7,9","0,0","3,8",23:57,"12,0",12:51,,,,,,,,,
2011-01-12,3209Y,BRIHUEGA,GUADALAJARA,835,"7,8","0,0","2,1",03:47,"13,6",15:25,,,,,,,,,
2011-01-13,3209Y,BRIHUEGA,GUADALAJARA,835,"8,0","0,0","0,8",05:41,"15,1",15:04,,,,,,,,,
2011-01-14,3209Y,BRIHUEGA,GUADALAJARA,835,"7,8","0,0","0,2",Varias,"15,4",13:51,,,,,,,,,
2011-01-15,3209Y,BRIHUEGA,GUADALAJARA,835,"7,8","0,0","0,5",07:48,"15,0",14:32,,,,,,,,,
2011-01-16,3209Y,BRIHUEGA,GUADALAJARA,835,"6,5","0,0","-0,6",07:47,"13,6",14:30,,,,,,,,,
2011-01-17,3209Y,BRIHUEGA,GUADALAJARA,835,"6,0","0,0","-1,0",05:46,"13,1",15:06,,,,,,,,,
2011-01-18,3209Y,BRIHUEGA,GUADALAJARA,835,"6,7","0,0","1,4",06:56,"12,0",13:47,,,,,,,,,
2011-01-19,3209Y,BRIHUEGA,GUADALAJARA,835,"6,2","0,0","2,4",23:55,"9,9",15:46,,,,,,,,,
2011-01-20,3209Y,BRIHUEGA,GUADALAJARA,835,"3,9","0,0","-2,1",23:59,"9,9",15:29,,,,,,,,,
2011-01-21,3209Y,BRIHUEGA,GUADALAJARA,835,"-1,2","0,0","-6,3",04:05,"3,8",14:15,,,,,,,,,
2011-01-22,3209Y,BRIHUEGA,GUADALAJARA,835,"-1,2","0,0","-6,6",23:50,"4,3",14:07,,,,,,,,,
2011-01-23,3209Y,BRIHUEGA,GUADALAJARA,835,"-1,2","0,0","-6,9",03:28,"4,5",15:31,,,,,,,,,
2011-01-24,3209Y,BRIHUEGA,GUADALAJARA,835,"0,4","0,0","-8,0",01:49,"8,7",14:52,,,,,,,,,
2011-01-25,3209Y,BRIHUEGA,GUADALAJARA,835,"0,1","0,0","-8,5",04:38,"8,7",15:05,,,,,,,,,
2011-01-26,3209Y,BRIHUEGA,GUADALAJARA,835,"0,2","1,0","-7,3",07:24,"7,8",15:50,,,,,,,,,
2011-01-27,3209Y,BRIHUEGA,GUADALAJARA,835,"0,9","4,6","-0,3",00:01,"2,1",14:26,,,,,,,,,
2011-01-28,3209Y,BRIHUEGA,GUADALAJARA,835,"3,3","7,8","0,9",18:48,"5,7",14:38,,,,,,,,,
2011-01-29,3209Y,BRIHUEGA,GUADALAJARA,835,"2,4","0,0","-0,4",23:23,"5,1",14:27,,,,,,,,,
2011-01-30,3209Y,BRIHUEGA,GUADALAJARA,835,"1,6","1,2","-1,2",02:18,"4,5",11:24,,,,,,,,,
2011-01-31,3209Y,BRIHUEGA,GUADALAJARA,835,"0,8","0,2","-2,4",07:20,"4,0",14:15,,,,,,,,,
2011-02-01,3209Y,BRIHUEGA,GUADALAJARA,835,"0,4","0,0","-4,9",03:51,"5,8",14:17,,,,,,,,,
2011-02-02,3209Y,BRIHUEGA,GUADALAJARA,835,"3,4","0,0","-2,4",03:28,"9,1",13:35,,,,,,,,,
2011-02-03,3209Y,BRIHUEGA,GUADALAJARA,835,"4,2","0,0","-3,6",04:42,"12,1",13:14,,,,,,,,,
2011-02-04,3209Y,BRIHUEGA,GUADALAJARA,835,"7,0","0,0","-2,2",06:04,"16,1",13:59,,,,,,,,,
2011-02-05,3209Y,BRIHUEGA,GUADALAJARA,835,"8,6","0,0","-0,7",06:55,"18,0",13:54,,,,,,,,,
2011-02-06,3209Y,BRIHUEGA,GUADALAJARA,835,"9,4","0,0","0,5",07:25,"18,2",14:17,,,,,,,,,
2011-02-07,3209Y,BRIHUEGA,GUADALAJARA,835,"7,8","0,0","-1,6",Varias,"17,2",13:45,,,,,,,,,
2011-02-08,3209Y,BRIHUEGA,GUADALAJARA,835,"6,4","0,0","-3,2",07:13,"15,9",15:21,,,,,,,,,
2011-02-09,3209Y,BRIHUEGA,GUADALAJARA,835,"5,4","0,0","-3,0",06:17,"13,7",14:46,,,,,,,,,
2011-02-10,3209Y,BRIHUEGA,GUADALAJARA,835,"6,0","0,0","-2,9",06:32,"14,8",15:02,,,,,,,,,
2011-02-11,3209Y,BRIHUEGA,GUADALAJARA,835,"5,6","0,0","-1,5",05:25,"12,8",15:06,,,,,,,,,
2011-02-12,3209Y,BRIHUEGA,GUADALAJARA,835,"5,6","0,0","-2,3",06:41,"13,5",13:07,,,,,,,,,
2011-02-13,3209Y,BRIHUEGA,GUADALAJARA,835,"4,6","3,0","-0,3",03:25,"9,5",13:39,,,,,,,,,
2011-02-14,3209Y,BRIHUEGA,GUADALAJARA,835,"3,4","4,8","-1,0",07:14,"7,9",13:15,,,,,,,,,
2011-02-15,3209Y,BRIHUEGA,GUADALAJARA,835,"3,8","11,4","1,6",18:15,"6,0",15:03,,,,,,,,,
2011-02-16,3209Y,BRIHUEGA,GUADALAJARA,835,"1,8","6,6","-0,6",03:45,"4,3",Varias,,,,,,,,,
2011-02-17,3209Y,BRIHUEGA,GUADALAJARA,835,,,,,,,,,,,,,,,
2011-02-18,3209Y,BRIHUEGA,GUADALAJARA,835,"3,6","0,0","-3,2",06:49,"10,5",14:47,,,,,,,,,
2011-02-19,3209Y,BRIHUEGA,GUADALAJARA,835,"4,6","10,2","2,0",00:01,"7,2",15:24,,,,,,,,,
2011-02-20,3209Y,BRIHUEGA,GUADALAJARA,835,"8,0","0,4","4,0",21:05,"12,0",12:24,,,,,,,,,
2011-02-21,3209Y,BRIHUEGA,GUADALAJARA,835,"5,6","0,4","1,2",07:11,"10,0",11:13,,,,,,,,,
2011-02-22,3209Y,BRIHUEGA,GUADALAJARA,835,"9,2","0,0","4,6",24:00,"13,7",13:49,,,,,,,,,
2011-02-23,3209Y,BRIHUEGA,GUADALAJARA,835,"10,0","0,0","3,2",06:21,"16,8",15:23,,,,,,,,,
2011-02-24,3209Y,BRIHUEGA,GUADALAJARA,835,"10,2","0,0","1,6",06:26,"18,8",15:11,,,,,,,,,
2011-02-25,3209Y,BRIHUEGA,GUADALAJARA,835,"10,8","0,0","1,1",06:53,"20,4",13:59,,,,,,,,,
2011-02-26,3209Y,BRIHUEGA,GUADALAJARA,835,"11,2","0,0","3,0",06:46,"19,3",12:46,,,,,,,,,
2011-02-27,3209Y,BRIHUEGA,GUADALAJARA,835,"5,0","0,0","0,2",23:45,"9,9",13:27,,,,,,,,,
2011-02-28,3209Y,BRIHUEGA,GUADALAJARA,835,"2,4","0,0","-2,6",04:26,"7,5",13:16,,,,,,,,,
2011-03-01,3209Y,BRIHUEGA,GUADALAJARA,835,"1,9","0,0","-2,9",03:40,"6,7",15:38,,,,,,,,,
2011-03-02,3209Y,BRIHUEGA,GUADALAJARA,835,"2,4","0,0","-1,3",23:59,"6,1",16:20,,,,,,,,,
2011-03-03,3209Y,BRIHUEGA,GUADALAJARA,835,"1,6","0,0","-2,2",03:14,"5,4",12:33,,,,,,,,,
2011-03-04,3209Y,BRIHUEGA,GUADALAJARA,835,"2,4","4,2","-0,7",02:07,"5,4",14:58,,,,,,,,,
2011-03-05,3209Y,BRIHUEGA,GUADALAJARA,835,"4,7","0,0","-0,7",23:45,"10,1",13:45,,,,,,,,,
2011-03-06,3209Y,BRIHUEGA,GUADALAJARA,835,"5,1","0,0","-2,9",06:40,"13,1",15:16,,,,,,,,,
2011-03-07,3209Y,BRIHUEGA,GUADALAJARA,835,"7,9","0,0","0,9",00:01,"14,9",13:56,,,,,,,,,
2011-03-08,3209Y,BRIHUEGA,GUADALAJARA,835,"8,0","0,2","2,9",00:23,"13,2",13:09,,,,,,,,,
2011-03-09,3209Y,BRIHUEGA,GUADALAJARA,835,"9,4","0,0","1,9",23:40,"16,9",15:57,,,,,,,,,
2011-03-10,3209Y,BRIHUEGA,GUADALAJARA,835,"9,0","0,0","-0,2",03:16,"18,2",15:05,,,,,,,,,
2011-03-11,3209Y,BRIHUEGA,GUADALAJARA,835,"6,8","10,8","0,8",Varias,"12,7",11:25,,,,,,,,,
2011-03-12,3209Y,BRIHUEGA,GUADALAJARA,835,"8,3","0,2","4,2",00:04,"12,4",13:44,,,,,,,,,
2011-03-13,3209Y,BRIHUEGA,GUADALAJARA,835,"7,5","3,0","5,5",06:20,"9,5",16:25,,,,,,,,,
2011-03-14,3209Y,BRIHUEGA,GUADALAJARA,835,"8,4","7,0","4,1",03:39,"12,8",11:24,,,,,,,,,
2011-03-15,3209Y,BRIHUEGA,GUADALAJARA,835,"6,2","2,2","3,4",22:55,"8,9",14:26,,,,,,,,,
2011-03-16,3209Y,BRIHUEGA,GUADALAJARA,835,"4,4","8,6","1,2",08:20,"7,7",Varias,,,,,,,,,
2011-03-17,3209Y,BRIHUEGA,GUADALAJARA,835,"7,8","0,0","2,5",05:19,"13,2",12:38,,,,,,,,,
2011-03-18,3209Y,BRIHUEGA,GUADALAJARA,835,"8,6","0,0","-1,0",06:18,"18,1",14:30,,,,,,,,,
2011-03-19,3209Y,BRIHUEGA,GUADALAJARA,835,"10,8","0,0","2,5",06:48,"19,1",14:37,,,,,,,,,
2011-03-20,3209Y,BRIHUEGA,GUADALAJARA,835,"9,0","0,0","-1,4",06:00,"19,4",14:59,,,,,,,,,
2011-03-21,3209Y,BRIHUEGA,GUADALAJARA,835,"7,9","2,4","0,3",05:31,"15,5",15:44,,,,,,,,,
2011-03-22,3209Y,BRIHUEGA,GUADALAJARA,835,"6,6","0,2","2,3",06:28,"10,9",12:12,,,,,,,,,
2011-03-23,3209Y,BRIHUEGA,GUADALAJARA,835,"6,4","3,6","2,5",01:20,"10,4",12:23,,,,,,,,,
2011-03-24,3209Y,BRIHUEGA,GUADALAJARA,835,"7,2","1,6","5,0",Varias,"9,4",Varias,,,,,,,,,
2011-03-25,3209Y,BRIHUEGA,GUADALAJARA,835,"9,8","6,6","6,2",22:15,"13,5",16:09,,,,,,,,,
2011-03-26,3209Y,BRIHUEGA,GUADALAJARA,835,"10,0","6,6","4,9",03:55,"15,2",15:04,,,,,,,,,
2011-03-27,3209Y,BRIHUEGA,GUADALAJARA,835,"7,4","4,8","4,8",07:27,"9,9",16:35,,,,,,,,,
2011-03-28,3209Y,BRIHUEGA,GUADALAJARA,835,"6,8","0,0","1,3",06:03,"12,4",14:16,,,,,,,,,
2011-03-29,3209Y,BRIHUEGA,GUADALAJARA,835,"10,4","0,0","5,6",00:01,"15,2",14:24,,,,,,,,,
2011-03-30,3209Y,BRIHUEGA,GUADALAJARA,835,"11,4","0,0","5,6",06:23,"17,3",13:40,,,,,,,,,
2011-03-31,3209Y,BRIHUEGA,GUADALAJARA,835,"12,4","0,0","4,0",03:40,"20,8",14:45,,,,,,,,,
2011-04-01,3209Y,BRIHUEGA,GUADALAJARA,835,"14,5","0,0","5,9",Varias,"23,1",15:36,,,,,,,,,
2011-04-02,3209Y,BRIHUEGA,GUADALAJARA,835,"14,0","0,0","7,3",05:30,"20,6",13:43,,,,,,,,,
2011-04-03,3209Y,BRIHUEGA,GUADALAJARA,835,"12,2","5,8","7,9",03:22,"16,5",Varias,,,,,,,,,
2011-04-04,3209Y,BRIHUEGA,GUADALAJARA,835,"14,9","0,0","8,3",05:38,"21,5",16:21,,,,,,,,,
2011-04-05,3209Y,BRIHUEGA,GUADALAJARA,835,"15,6","0,0","6,6",05:51,"24,5",15:23,,,,,,,,,
2011-04-06,3209Y,BRIHUEGA,GUADALAJARA,835,"15,9","0,0","7,6",05:17,"24,2",15:23,,,,,,,,,
2011-04-07,3209Y,BRIHUEGA,GUADALAJARA,835,"17,0","0,0","7,1",05:51,"26,9",14:15,,,,,,,,,
2011-04-08,3209Y,BRIHUEGA,GUADALAJARA,835,"17,0","0,0","7,0",04:55,"26,9",14:16,,,,,,,,,
2011-04-09,3209Y,BRIHUEGA,GUADALAJARA,835,"17,1","0,0","7,4",05:47,"26,8",14:01,,,,,,,,,
2011-04-10,3209Y,BRIHUEGA,GUADALAJARA,835,"14,6","0,0","8,2",Varias,"20,9",15:10,,,,,,,,,
2011-04-11,3209Y,BRIHUEGA,GUADALAJARA,835,"13,2","0,0","5,7",03:11,"20,6",15:01,,,,,,,,,
2011-04-12,3209Y,BRIHUEGA,GUADALAJARA,835,"14,4","0,0","6,1",04:14,"22,6",16:00,,,,,,,,,
2011-04-13,3209Y,BRIHUEGA,GUADALAJARA,835,"14,2","0,0","4,5",05:41,"24,0",14:50,,,,,,,,,
2011-04-14,3209Y,BRIHUEGA,GUADALAJARA,835,"15,0","0,0","5,7",05:50,"24,3",14:11,,,,,,,,,
2011-04-15,3209Y,BRIHUEGA,GUADALAJARA,835,"12,0","0,0","5,2",05:46,"18,9",15:39,,,,,,,,,
2011-04-16,3209Y,BRIHUEGA,GUADALAJARA,835,"10,6","0,0","3,0",03:59,"18,1",15:27,,,,,,,,,
2011-04-17,3209Y,BRIHUEGA,GUADALAJARA,835,"11,9","0,0","3,3",04:40,"20,5",15:52,,,,,,,,,
2011-04-18,3209Y,BRIHUEGA,GUADALAJARA,835,"11,6","0,0","2,4",05:41,"20,9",15:36,,,,,,,,,
2011-04-19,3209Y,BRIHUEGA,GUADALAJARA,835,"13,2","1,4","6,9",05:16,"19,5",14:22,,,,,,,,,
2011-04-20,3209Y,BRIHUEGA,GUADALAJARA,835,"14,4","0,6","10,1",23:17,"18,7",16:08,,,,,,,,,
2011-04-21,3209Y,BRIHUEGA,GUADALAJARA,835,"13,6","18,8","7,5",23:58,"19,6",13:45,,,,,,,,,
2011-04-22,3209Y,BRIHUEGA,GUADALAJARA,835,"9,3","0,6","5,6",02:44,"13,0",12:27,,,,,,,,,
2011-04-23,3209Y,BRIHUEGA,GUADALAJARA,835,"10,6","2,0","6,6",23:44,"14,5",13:38,,,,,,,,,
2011-04-24,3209Y,BRIHUEGA,GUADALAJARA,835,"10,8","0,0","5,3",05:10,"16,3",16:16,,,,,,,,,
2011-04-25,3209Y,BRIHUEGA,GUADALAJARA,835,"12,9","0,0","7,0",03:14,"18,8",14:25,,,,,,,,,
2011-04-26,3209Y,BRIHUEGA,GUADALAJARA,835,"12,1","0,0","5,5",02:22,"18,7",16:13,,,,,,,,,
2011-04-27,3209Y,BRIHUEGA,GUADALAJARA,835,"13,7","0,0","5,5",05:00,"21,9",15:04,,,,,,,,,
2011-04-28,3209Y,BRIHUEGA,GUADALAJARA,835,"13,8","0,0","5,5",03:49,"22,0",15:01,,,,,,,,,
2011-04-29,3209Y,BRIHUEGA,GUADALAJARA,835,"12,0","12,2","6,2",04:55,"17,8",13:33,,,,,,,,,
2011-04-30,3209Y,BRIHUEGA,GUADALAJARA,835,"11,4","5,6","8,5",Varias,"14,2",14:02,,,,,,,,,
2011-05-01,3209Y,BRIHUEGA,GUADALAJARA,835,"13,4","5,4","8,9",05:48,"18,0",Varias,,,,,,,,,
2011-05-02,3209Y,BRIHUEGA,GUADALAJARA,835,"14,1","0,0","7,8",03:17,"20,4",13:24,,,,,,,,,
2011-05-03,3209Y,BRIHUEGA,GUADALAJARA,835,"13,6","2,4","7,5",23:57,"19,8",11:32,,,,,,,,,
2011-05-04,3209Y,BRIHUEGA,GUADALAJARA,835,"13,2","0,0","5,7",05:12,"20,6",15:50,,,,,,,,,
2011-05-05,3209Y,BRIHUEGA,GUADALAJARA,835,"13,4","0,0","5,6",03:09,"21,3",15:57,,,,,,,,,
2011-05-06,3209Y,BRIHUEGA,GUADALAJARA,835,"17,1","1,0","12,3",00:01,"21,9",13:27,,,,,,,,,
2011-05-07,3209Y,BRIHUEGA,GUADALAJARA,835,"11,1","23,8","9,2",24:00,"13,0",07:32,,,,,,,,,
2011-05-08,3209Y,BRIHUEGA,GUADALAJARA,835,"11,6","0,0","3,9",05:12,"19,3",15:11,,,,,,,,,
2011-05-09,3209Y,BRIHUEGA,GUADALAJARA,835,"15,2","0,0","5,7",04:44,"24,7",16:01,,,,,,,,,
2011-05-10,3209Y,BRIHUEGA,GUADALAJARA,835,"17,1","0,0","8,4",04:48,"25,8",16:06,,,,,,,,,
2011-05-11,3209Y,BRIHUEGA,GUADALAJARA,835,"17,2","0,0","8,4",04:23,"25,9",14:48,,,,,,,,,
2011-05-12,3209Y,BRIHUEGA,GUADALAJARA,835,"17,2","3,2","11,6",01:29,"22,8",14:52,,,,,,,,,
2011-05-13,3209Y,BRIHUEGA,GUADALAJARA,835,"17,6","0,0","11,4",05:03,"23,9",14:48,,,,,,,,,
2011-05-14,3209Y,BRIHUEGA,GUADALAJARA,835,"15,8","7,2","6,4",23:56,"25,2",12:06,,,,,,,,,
2011-05-15,3209Y,BRIHUEGA,GUADALAJARA,835,"10,6","0,0","3,0",03:40,"18,3",15:46,,,,,,,,,
2011-05-16,3209Y,BRIHUEGA,GUADALAJARA,835,"13,0","0,0","3,5",05:01,"22,4",15:46,,,,,,,,,
2011-05-17,3209Y,BRIHUEGA,GUADALAJARA,835,"15,2","0,0","7,5",05:14,"22,8",15:42,,,,,,,,,
2011-05-18,3209Y,BRIHUEGA,GUADALAJARA,835,"16,7","0,0","11,4",00:50,"22,0",15:26,,,,,,,,,
2011-05-19,3209Y,BRIHUEGA,GUADALAJARA,835,"13,0","0,0","8,3",23:47,"17,7",12:23,,,,,,,,,
2011-05-20,3209Y,BRIHUEGA,GUADALAJARA,835,"13,8","0,0","5,6",05:11,"22,1",15:15,,,,,,,,,
2011-05-21,3209Y,BRIHUEGA,GUADALAJARA,835,"16,0","0,0","7,2",05:17,"24,8",13:27,,,,,,,,,
2011-05-22,3209Y,BRIHUEGA,GUADALAJARA,835,"18,2","3,6","10,5",04:48,"25,9",13:07,,,,,,,,,
2011-05-23,3209Y,BRIHUEGA,GUADALAJARA,835,"17,9","0,0","9,0",Varias,"26,8",15:20,,,,,,,,,
2011-05-24,3209Y,BRIHUEGA,GUADALAJARA,835,"20,2","0,0","11,4",05:27,"29,1",16:20,,,,,,,,,
2011-05-25,3209Y,BRIHUEGA,GUADALAJARA,835,"20,2","0,0","11,2",04:52,"29,1",16:27,,,,,,,,,
2011-05-26,3209Y,BRIHUEGA,GUADALAJARA,835,"20,2","5,2","12,6",03:54,"27,9",12:37,,,,,,,,,
2011-05-27,3209Y,BRIHUEGA,GUADALAJARA,835,"17,0","5,0","12,1",04:53,"21,9",13:15,,,,,,,,,
2011-05-28,3209Y,BRIHUEGA,GUADALAJARA,835,"18,1","0,0","11,0",Varias,"25,2",15:59,,,,,,,,,
2011-05-29,3209Y,BRIHUEGA,GUADALAJARA,835,"18,9","7,8","13,0",05:33,"24,8",16:42,,,,,,,,,
2011-05-30,3209Y,BRIHUEGA,GUADALAJARA,835,"16,4","3,2","11,3",23:59,"21,5",15:06,,,,,,,,,
2011-05-31,3209Y,BRIHUEGA,GUADALAJARA,835,"14,0","0,0","7,1",23:54,"20,9",14:43,,,,,,,,,
2011-06-01,3209Y,BRIHUEGA,GUADALAJARA,835,"10,8","0,0","4,8",03:18,"16,9",Varias,,,,,,,,,
2011-06-02,3209Y,BRIHUEGA,GUADALAJARA,835,"12,2","0,0","6,2",Varias,"18,3",14:05,,,,,,,,,
2011-06-03,3209Y,BRIHUEGA,GUADALAJARA,835,"13,8","0,0","7,3",05:15,"20,3",15:54,,,,,,,,,
2011-06-04,3209Y,BRIHUEGA,GUADALAJARA,835,"15,6","0,0","9,6",04:54,"21,6",14:52,,,,,,,,,
2011-06-05,3209Y,BRIHUEGA,GUADALAJARA,835,"15,7","12,4","8,4",04:11,"23,0",13:21,,,,,,,,,
2011-06-06,3209Y,BRIHUEGA,GUADALAJARA,835,"15,4","8,4","11,0",23:18,"19,7",14:03,,,,,,,,,
2011-06-07,3209Y,BRIHUEGA,GUADALAJARA,835,"13,0","16,0","9,6",23:57,"16,5",15:24,,,,,,,,,
2011-06-08,3209Y,BRIHUEGA,GUADALAJARA,835,"13,0","0,0","6,9",02:25,"19,2",15:45,,,,,,,,,
2011-06-09,3209Y,BRIHUEGA,GUADALAJARA,835,"13,4","0,0","6,2",04:52,"20,7",14:12,,,,,,,,,
2011-06-10,3209Y,BRIHUEGA,GUADALAJARA,835,"14,2","0,0","7,4",04:34,"20,9",14:00,,,,,,,,,
2011-06-11,3209Y,BRIHUEGA,GUADALAJARA,835,"16,6","0,0","9,5",04:53,"23,6",15:33,,,,,,,,,
2011-06-12,3209Y,BRIHUEGA,GUADALAJARA,835,"18,4","0,0","9,5",04:43,"27,2",15:39,,,,,,,,,
2011-06-13,3209Y,BRIHUEGA,GUADALAJARA,835,"20,0","0,0","12,3",04:36,"27,6",15:05,,,,,,,,,
2011-06-14,3209Y,BRIHUEGA,GUADALAJARA,835,"20,4","0,0","12,0",04:42,"28,7",16:16,,,,,,,,,
2011-06-15,3209Y,BRIHUEGA,GUADALAJARA,835,"20,4","0,0","11,5",04:06,"29,4",Varias,,,,,,,,,
2011-06-16,3209Y,BRIHUEGA,GUADALAJARA,835,"20,0","0,0","11,9",04:36,"28,0",13:58,,,,,,,,,
2011-06-17,3209Y,BRIHUEGA,GUADALAJARA,835,"18,8","0,0","9,6",05:03,"28,0",15:04,,,,,,,,,
2011-06-18,3209Y,BRIHUEGA,GUADALAJARA,835,"19,2","0,0","11,6",23:57,"26,7",14:12,,,,,,,,,
2011-06-19,3209Y,BRIHUEGA,GUADALAJARA,835,"19,0","0,0","8,2",04:55,"29,8",15:57,,,,,,,,,
2011-06-20,3209Y,BRIHUEGA,GUADALAJARA,835,"22,1","0,0","12,5",04:33,"31,7",15:33,,,,,,,,,
2011-06-21,3209Y,BRIHUEGA,GUADALAJARA,835,"23,5","0,0","14,8",04:50,"32,2",15:32,,,,,,,,,
2011-06-22,3209Y,BRIHUEGA,GUADALAJARA,835,"21,9","0,0","13,4",04:53,"30,4",15:15,,,,,,,,,
2011-06-23,3209Y,BRIHUEGA,GUADALAJARA,835,"20,4","0,0","11,4",04:56,"29,5",15:27,,,,,,,,,
2011-06-24,3209Y,BRIHUEGA,GUADALAJARA,835,"21,2","0,0","11,3",02:39,"31,2",16:47,,,,,,,,,
2011-06-25,3209Y,BRIHUEGA,GUADALAJARA,835,"23,4","0,0","13,5",05:08,"33,4",15:40,,,,,,,,,
2011-06-26,3209Y,BRIHUEGA,GUADALAJARA,835,"25,0","0,0","15,4",04:52,"34,5",16:42,,,,,,,,,
2011-06-27,3209Y,BRIHUEGA,GUADALAJARA,835,"25,2","0,0","15,6",04:53,"34,7",14:56,,,,,,,,,
2011-06-28,3209Y,BRIHUEGA,GUADALAJARA,835,"24,8","0,0","16,4",05:02,"33,3",14:48,,,,,,,,,
2011-06-29,3209Y,BRIHUEGA,GUADALAJARA,835,"22,4","0,0","13,7",05:06,"31,0",14:33,,,,,,,,,
2011-06-30,3209Y,BRIHUEGA,GUADALAJARA,835,"21,4","0,0","11,1",04:46,"31,7",Varias,,,,,,,,,
2011-07-01,3209Y,BRIHUEGA,GUADALAJARA,835,"22,6","0,0","12,0",05:03,"33,2",15:01,,,,,,,,,
2011-07-02,3209Y,BRIHUEGA,GUADALAJARA,835,"23,4","1,4","14,2",03:51,"32,6",15:22,,,,,,,,,
2011-07-03,3209Y,BRIHUEGA,GUADALAJARA,835,"21,6","0,0","13,7",04:51,"29,5",14:47,,,,,,,,,
2011-07-04,3209Y,BRIHUEGA,GUADALAJARA,835,"20,6","0,0","13,1",05:21,"28,0",13:23,,,,,,,,,
2011-07-05,3209Y,BRIHUEGA,GUADALAJARA,835,"21,8","0,0","12,5",05:11,"31,2",15:36,,,,,,,,,
2011-07-06,3209Y,BRIHUEGA,GUADALAJARA,835,"22,0","0,0","13,3",04:01,"30,6",15:24,,,,,,,,,
2011-07-07,3209Y,BRIHUEGA,GUADALAJARA,835,"19,4","0,0","10,5",04:31,"28,2",16:13,,,,,,,,,
2011-07-08,3209Y,BRIHUEGA,GUADALAJARA,835,"18,5","0,0","8,8",05:03,"28,2",15:40,,,,,,,,,
2011-07-09,3209Y,BRIHUEGA,GUADALAJARA,835,"21,4","0,0","13,1",04:34,"29,6",15:34,,,,,,,,,
2011-07-10,3209Y,BRIHUEGA,GUADALAJARA,835,"21,2","0,0","11,4",05:03,"30,9",15:21,,,,,,,,,
2011-07-11,3209Y,BRIHUEGA,GUADALAJARA,835,"22,8","0,0","13,0",02:56,"32,5",15:28,,,,,,,,,
2011-07-12,3209Y,BRIHUEGA,GUADALAJARA,835,"20,6","3,6","11,2",23:50,"30,1",14:20,,,,,,,,,
2011-07-13,3209Y,BRIHUEGA,GUADALAJARA,835,"15,0","0,0","7,9",05:43,"22,2",14:42,,,,,,,,,
2011-07-14,3209Y,BRIHUEGA,GUADALAJARA,835,"17,0","0,0","7,9",05:19,"26,0",16:15,,,,,,,,,
2011-07-15,3209Y,BRIHUEGA,GUADALAJARA,835,"19,7","0,0","10,3",05:09,"29,1",15:56,,,,,,,,,
2011-07-16,3209Y,BRIHUEGA,GUADALAJARA,835,"22,5","0,0","13,5",04:35,"31,5",15:27,,,,,,,,,
2011-07-17,3209Y,BRIHUEGA,GUADALAJARA,835,"20,6","0,0","13,3",23:38,"27,9",12:32,,,,,,,,,
2011-07-18,3209Y,BRIHUEGA,GUADALAJARA,835,"17,4","0,0","7,8",05:23,"27,1",15:14,,,,,,,,,
2011-07-19,3209Y,BRIHUEGA,GUADALAJARA,835,"18,0","0,0","12,2",23:56,"23,8",14:55,,,,,,,,,
2011-07-20,3209Y,BRIHUEGA,GUADALAJARA,835,"18,4","0,0","7,7",05:14,"29,2",15:59,,,,,,,,,
2011-07-21,3209Y,BRIHUEGA,GUADALAJARA,835,"21,2","0,0","11,1",05:00,"31,3",15:52,,,,,,,,,
2011-07-22,3209Y,BRIHUEGA,GUADALAJARA,835,"20,6","0,0","11,8",04:52,"29,3",16:17,,,,,,,,,
2011-07-23,3209Y,BRIHUEGA,GUADALAJARA,835,"20,2","0,0","10,5",04:41,"29,8",15:03,,,,,,,,,
2011-07-24,3209Y,BRIHUEGA,GUADALAJARA,835,"18,0","0,0","9,2",04:20,"26,8",15:17,,,,,,,,,
2011-07-25,3209Y,BRIHUEGA,GUADALAJARA,835,"20,2","0,0","11,2",05:00,"29,3",15:38,,,,,,,,,
2011-07-26,3209Y,BRIHUEGA,GUADALAJARA,835,"22,3","0,0","13,5",04:21,"31,1",14:22,,,,,,,,,
2011-07-27,3209Y,BRIHUEGA,GUADALAJARA,835,"21,2","0,0","12,5",05:18,"29,9",16:35,,,,,,,,,
2011-07-28,3209Y,BRIHUEGA,GUADALAJARA,835,"21,7","0,0","12,2",04:04,"31,2",16:09,,,,,,,,,
2011-07-29,3209Y,BRIHUEGA,GUADALAJARA,835,"23,4","0,0","13,9",05:21,"32,8",14:08,,,,,,,,,
2011-07-30,3209Y,BRIHUEGA,GUADALAJARA,835,"23,6","0,0","15,3",05:34,"32,0",13:58,,,,,,,,,
2011-07-31,3209Y,BRIHUEGA,GUADALAJARA,835,"23,2","0,0","14,0",05:41,"32,4",14:42,,,,,,,,,
2011-08-01,3209Y,BRIHUEGA,GUADALAJARA,835,"24,7","0,6","17,2",00:59,"32,2",15:06,,,,,,,,,
2011-08-02,3209Y,BRIHUEGA,GUADALAJARA,835,"19,8","0,0","13,8",05:30,"25,7",16:24,,,,,,,,,
2011-08-03,3209Y,BRIHUEGA,GUADALAJARA,835,"21,0","0,0","12,2",05:01,"29,8",16:12,,,,,,,,,
2011-08-04,3209Y,BRIHUEGA,GUADALAJARA,835,"22,9","0,0","13,6",05:39,"32,2",14:16,,,,,,,,,
2011-08-05,3209Y,BRIHUEGA,GUADALAJARA,835,"24,2","0,0","16,9",23:58,"31,5",13:12,,,,,,,,,
2011-08-06,3209Y,BRIHUEGA,GUADALAJARA,835,"21,4","0,0","12,2",05:16,"30,5",15:53,,,,,,,,,
2011-08-07,3209Y,BRIHUEGA,GUADALAJARA,835,"22,3","0,0","14,3",05:25,"30,3",15:04,,,,,,,,,
2011-08-08,3209Y,BRIHUEGA,GUADALAJARA,835,"21,4","0,0","13,2",05:19,"29,6",15:30,,,,,,,,,
2011-08-09,3209Y,BRIHUEGA,GUADALAJARA,835,"21,0","0,0","11,9",03:45,"30,2",15:43,,,,,,,,,
2011-08-10,3209Y,BRIHUEGA,GUADALAJARA,835,"22,0","0,0","11,3",05:24,"32,8",16:13,,,,,,,,,
2011-08-11,3209Y,BRIHUEGA,GUADALAJARA,835,"25,1","0,0","16,1",04:35,"34,1",15:40,,,,,,,,,
2011-08-12,3209Y,BRIHUEGA,GUADALAJARA,835,"25,8","2,2","16,9",05:20,"34,8",14:54,,,,,,,,,
2011-08-13,3209Y,BRIHUEGA,GUADALAJARA,835,"22,6",,"15,2",05:38,"30,0",16:31,,,,,,,,,
2011-08-14,3209Y,BRIHUEGA,GUADALAJARA,835,"23,0","0,0","13,9",05:26,"32,1",15:14,,,,,,,,,
2011-08-15,3209Y,BRIHUEGA,GUADALAJARA,835,"24,4","0,0","15,3",05:53,"33,5",15:41,,,,,,,,,
2011-08-16,3209Y,BRIHUEGA,GUADALAJARA,835,"25,0","0,0","15,7",06:03,"34,4",14:11,,,,,,,,,
2011-08-17,3209Y,BRIHUEGA,GUADALAJARA,835,"25,4","0,0","17,0",05:48,"33,8",16:17,,,,,,,,,
2011-08-18,3209Y,BRIHUEGA,GUADALAJARA,835,"25,3","0,4","17,8",06:06,"32,8",16:07,,,,,,,,,
2011-08-19,3209Y,BRIHUEGA,GUADALAJARA,835,"25,8","0,0","15,9",05:47,"35,7",14:36,,,,,,,,,
2011-08-20,3209Y,BRIHUEGA,GUADALAJARA,835,"27,1","0,0","17,6",05:39,"36,6",15:05,,,,,,,,,
2011-08-21,3209Y,BRIHUEGA,GUADALAJARA,835,"26,0","0,0","16,7",05:46,"35,2",13:22,,,,,,,,,
2011-08-22,3209Y,BRIHUEGA,GUADALAJARA,835,"21,2","0,0","14,6",23:55,"27,8",14:57,,,,,,,,,
2011-08-23,3209Y,BRIHUEGA,GUADALAJARA,835,"20,8","0,0","11,9",04:36,"29,7",15:44,,,,,,,,,
2011-08-24,3209Y,BRIHUEGA,GUADALAJARA,835,"21,2","0,0","13,4",05:17,"28,9",15:03,,,,,,,,,
2011-08-25,3209Y,BRIHUEGA,GUADALAJARA,835,"21,2","0,0","13,0",05:51,"29,4",14:06,,,,,,,,,
2011-08-26,3209Y,BRIHUEGA,GUADALAJARA,835,"17,7","0,0","10,4",23:15,"25,0",14:51,,,,,,,,,
2011-08-27,3209Y,BRIHUEGA,GUADALAJARA,835,"16,7","0,0","6,7",05:43,"26,7",16:37,,,,,,,,,
2011-08-28,3209Y,BRIHUEGA,GUADALAJARA,835,"20,5","0,0","11,3",05:26,"29,7",15:16,,,,,,,,,
2011-08-29,3209Y,BRIHUEGA,GUADALAJARA,835,"20,8","0,0","11,7",05:48,"29,9",13:59,,,,,,,,,
2011-08-30,3209Y,BRIHUEGA,GUADALAJARA,835,"20,4","0,0","10,9",05:23,"29,9",14:23,,,,,,,,,
2011-08-31,3209Y,BRIHUEGA,GUADALAJARA,835,"18,0","0,0","10,7",05:44,"25,4",15:58,,,,,,,,,
2011-09-01,3209Y,BRIHUEGA,GUADALAJARA,835,"20,0","0,0","12,3",06:03,"27,8",15:02,,,,,,,,,
2011-09-02,3209Y,BRIHUEGA,GUADALAJARA,835,"17,4","0,6","12,5",23:58,"22,2",15:51,,,,,,,,,
2011-09-03,3209Y,BRIHUEGA,GUADALAJARA,835,"17,0","0,0","11,5",00:47,"22,4",15:25,,,,,,,,,
2011-09-04,3209Y,BRIHUEGA,GUADALAJARA,835,"17,6","0,0","9,7",05:54,"25,4",15:48,,,,,,,,,
2011-09-05,3209Y,BRIHUEGA,GUADALAJARA,835,"18,5","0,0","10,6",03:28,"26,4",15:08,,,,,,,,,
2011-09-06,3209Y,BRIHUEGA,GUADALAJARA,835,"19,4","0,0","9,6",04:51,"29,2",16:00,,,,,,,,,
2011-09-07,3209Y,BRIHUEGA,GUADALAJARA,835,"21,8","0,0","12,0",05:00,"31,5",15:31,,,,,,,,,
2011-09-08,3209Y,BRIHUEGA,GUADALAJARA,835,"21,6","0,0","11,1",05:46,"32,0",14:53,,,,,,,,,
2011-09-09,3209Y,BRIHUEGA,GUADALAJARA,835,"22,3","0,0","12,1",05:46,"32,5",15:08,,,,,,,,,
2011-09-10,3209Y,BRIHUEGA,GUADALAJARA,835,"22,0","0,0","13,5",04:52,"30,5",14:59,,,,,,,,,
2011-09-11,3209Y,BRIHUEGA,GUADALAJARA,835,"18,6","0,0","10,7",05:47,"26,6",15:34,,,,,,,,,
2011-09-12,3209Y,BRIHUEGA,GUADALAJARA,835,"21,0","0,0","11,0",04:46,"30,9",15:14,,,,,,,,,
2011-09-13,3209Y,BRIHUEGA,GUADALAJARA,835,"22,2","0,0","12,4",05:42,"31,9",14:58,,,,,,,,,
2011-09-14,3209Y,BRIHUEGA,GUADALAJARA,835,"22,4","0,0","14,0",04:13,"30,8",Varias,,,,,,,,,
2011-09-15,3209Y,BRIHUEGA,GUADALAJARA,835,"21,3","0,0","12,2",06:01,"30,4",14:27,,,,,,,,,
2011-09-16,3209Y,BRIHUEGA,GUADALAJARA,835,"22,3","0,0","14,0",05:23,"30,6",14:57,,,,,,,,,
2011-09-17,3209Y,BRIHUEGA,GUADALAJARA,835,"20,9","0,0","12,7",05:10,"29,1",12:00,,,,,,,,,
2011-09-18,3209Y,BRIHUEGA,GUADALAJARA,835,"15,5","0,0","9,3",24:00,"21,7",14:04,,,,,,,,,
2011-09-19,3209Y,BRIHUEGA,GUADALAJARA,835,"13,4","0,0","4,6",05:04,"22,3",15:18,,,,,,,,,
2011-09-20,3209Y,BRIHUEGA,GUADALAJARA,835,"17,5","0,0","6,5",05:50,"28,5",15:21,,,,,,,,,
2011-09-21,3209Y,BRIHUEGA,GUADALAJARA,835,"19,4","0,0","10,2",04:44,"28,5",14:12,,,,,,,,,
2011-09-22,3209Y,BRIHUEGA,GUADALAJARA,835,"19,0","0,0","9,7",05:47,"28,2",15:07,,,,,,,,,
2011-09-23,3209Y,BRIHUEGA,GUADALAJARA,835,"19,9","0,0","13,4",06:17,"26,4",14:25,,,,,,,,,
2011-09-24,3209Y,BRIHUEGA,GUADALAJARA,835,"16,7","0,0","8,8",23:52,"24,6",13:26,,,,,,,,,
2011-09-25,3209Y,BRIHUEGA,GUADALAJARA,835,"15,9","0,0","5,5",05:34,"26,3",13:46,,,,,,,,,
2011-09-26,3209Y,BRIHUEGA,GUADALAJARA,835,"18,4","0,0","9,5",05:53,"27,3",15:08,,,,,,,,,
2011-09-27,3209Y,BRIHUEGA,GUADALAJARA,835,"19,0","0,0","10,0",06:31,"28,0",15:02,,,,,,,,,
2011-09-28,3209Y,BRIHUEGA,GUADALAJARA,835,"17,0","0,0","9,1",05:38,"24,9",11:33,,,,,,,,,
2011-09-29,3209Y,BRIHUEGA,GUADALAJARA,835,"17,0","0,0","8,1",05:46,"26,0",14:07,,,,,,,,,
2011-09-30,3209Y,BRIHUEGA,GUADALAJARA,835,"17,1","0,0","9,0",06:08,"25,2",15:14,,,,,,,,,
2011-10-01,3209Y,BRIHUEGA,GUADALAJARA,835,"16,9",,"8,8",06:26,"25,0",15:07,,,,,,,,,
2011-10-02,3209Y,BRIHUEGA,GUADALAJARA,835,"16,4",,"7,8",06:11,"24,9",15:05,,,,,,,,,
2011-10-03,3209Y,BRIHUEGA,GUADALAJARA,835,"17,2",,"6,4",06:08,"27,9",14:41,,,,,,,,,
2011-10-04,3209Y,BRIHUEGA,GUADALAJARA,835,"18,5",,"8,5",04:42,"28,5",15:03,,,,,,,,,
2011-10-05,3209Y,BRIHUEGA,GUADALAJARA,835,"18,6",,"7,9",06:36,"29,2",14:19,,,,,,,,,
2011-10-06,3209Y,BRIHUEGA,GUADALAJARA,835,"19,2",,"9,1",06:29,"29,2",13:29,,,,,,,,,
2011-10-07,3209Y,BRIHUEGA,GUADALAJARA,835,"13,0",,"6,9",22:49,"19,1",15:18,,,,,,,,,
2011-10-08,3209Y,BRIHUEGA,GUADALAJARA,835,"12,3",,"4,3",04:22,"20,3",14:26,,,,,,,,,
2011-10-09,3209Y,BRIHUEGA,GUADALAJARA,835,"14,8",,"6,7",04:37,"22,8",14:39,,,,,,,,,
2011-10-10,3209Y,BRIHUEGA,GUADALAJARA,835,"16,4",,"5,9",06:29,"26,8",15:04,,,,,,,,,
2011-10-11,3209Y,BRIHUEGA,GUADALAJARA,835,"18,6",,"6,9",05:57,"30,2",15:06,,,,,,,,,
2011-10-12,3209Y,BRIHUEGA,GUADALAJARA,835,"20,4",,"10,3",04:20,"30,5",13:58,,,,,,,,,
2011-10-13,3209Y,BRIHUEGA,GUADALAJARA,835,"20,2",,"10,0",06:18,"30,5",13:42,,,,,,,,,
2011-10-14,3209Y,BRIHUEGA,GUADALAJARA,835,"18,4",,"8,8",05:03,"28,0",14:44,,,,,,,,,
2011-10-15,3209Y,BRIHUEGA,GUADALAJARA,835,"15,1",,"6,1",05:59,"24,1",14:48,,,,,,,,,
2011-10-16,3209Y,BRIHUEGA,GUADALAJARA,835,"15,8",,"6,6",06:27,"24,9",14:28,,,,,,,,,
2011-10-17,3209Y,BRIHUEGA,GUADALAJARA,835,"13,9",,"6,2",06:27,"21,6",14:46,,,,,,,,,
2011-10-18,3209Y,BRIHUEGA,GUADALAJARA,835,"13,6",,"4,4",06:32,"22,8",14:23,,,,,,,,,
2011-10-19,3209Y,BRIHUEGA,GUADALAJARA,835,"14,0",,"5,3",06:28,"22,7",14:20,,,,,,,,,
2011-10-20,3209Y,BRIHUEGA,GUADALAJARA,835,"10,1",,"4,6",05:52,"15,6",15:05,,,,,,,,,
2011-10-21,3209Y,BRIHUEGA,GUADALAJARA,835,"9,4",,"-0,3",Varias,"19,1",15:13,,,,,,,,,
2011-10-22,3209Y,BRIHUEGA,GUADALAJARA,835,"12,0",,"3,8",00:01,"20,3",14:03,,,,,,,,,
2011-10-23,3209Y,BRIHUEGA,GUADALAJARA,835,"12,7",,"7,3",02:50,"18,1",13:35,,,,,,,,,
2011-10-24,3209Y,BRIHUEGA,GUADALAJARA,835,"10,4",,"7,1",20:22,"13,8",14:23,,,,,,,,,
2011-10-25,3209Y,BRIHUEGA,GUADALAJARA,835,"7,2",,"2,5",05:02,"12,0",15:08,,,,,,,,,
2011-10-26,3209Y,BRIHUEGA,GUADALAJARA,835,"8,0",,"3,4",04:39,"12,5",13:13,,,,,,,,,
2011-10-27,3209Y,BRIHUEGA,GUADALAJARA,835,"11,0",,"8,1",20:16,"13,8",11:54,,,,,,,,,
2011-10-28,3209Y,BRIHUEGA,GUADALAJARA,835,"10,7",,"6,5",05:33,"14,9",14:56,,,,,,,,,
2011-10-29,3209Y,BRIHUEGA,GUADALAJARA,835,"11,6",,"5,6",06:50,"17,7",14:24,,,,,,,,,
2011-10-30,3209Y,BRIHUEGA,GUADALAJARA,835,"12,8",,"5,5",06:26,"20,2",13:37,,,,,,,,,
2011-10-31,3209Y,BRIHUEGA,GUADALAJARA,835,"12,0",,"5,6",06:35,"18,5",11:42,,,,,,,,,
2011-11-01,3209Y,BRIHUEGA,GUADALAJARA,835,"12,8","0,0","8,6",04:21,"16,9",Varias,,,,,,,,,
2011-11-02,3209Y,BRIHUEGA,GUADALAJARA,835,"11,6","0,0","8,2",04:03,"15,0",15:34,,,,,,,,,
2011-11-03,3209Y,BRIHUEGA,GUADALAJARA,835,"8,2","0,0","4,2",22:40,"12,2",14:43,,,,,,,,,
2011-11-04,3209Y,BRIHUEGA,GUADALAJARA,835,"7,8","0,0","5,4",Varias,"10,2",11:42,,,,,,,,,
2011-11-05,3209Y,BRIHUEGA,GUADALAJARA,835,"5,8",,"4,8",06:27,"6,9",21:38,,,,,,,,,
2011-11-06,3209Y,BRIHUEGA,GUADALAJARA,835,"7,9",,"5,3",05:35,"10,5",12:16,,,,,,,,,
2011-11-07,3209Y,BRIHUEGA,GUADALAJARA,835,"9,3",,"6,6",01:22,"12,0",12:37,,,,,,,,,
2011-11-08,3209Y,BRIHUEGA,GUADALAJARA,835,"7,6",,"1,9",23:58,"13,4",14:20,,,,,,,,,
2011-11-09,3209Y,BRIHUEGA,GUADALAJARA,835,"6,0",,"0,9",Varias,"11,1",15:10,,,,,,,,,
2011-11-10,3209Y,BRIHUEGA,GUADALAJARA,835,"10,6",,"8,0",00:01,"13,3",15:25,,,,,,,,,
2011-11-11,3209Y,BRIHUEGA,GUADALAJARA,835,"12,6",,"8,2",06:13,"16,9",12:48,,,,,,,,,
2011-11-12,3209Y,BRIHUEGA,GUADALAJARA,835,"13,0",,"6,5",04:18,"19,5",13:40,,,,,,,,,
2011-11-13,3209Y,BRIHUEGA,GUADALAJARA,835,"11,4",,"8,0",02:35,"14,7",12:30,,,,,,,,,
2011-11-14,3209Y,BRIHUEGA,GUADALAJARA,835,"9,1",,"4,7",23:58,"13,5",14:31,,,,,,,,,
2011-11-15,3209Y,BRIHUEGA,GUADALAJARA,835,"6,6",,"4,3",01:56,"8,8",11:52,,,,,,,,,
2011-11-16,3209Y,BRIHUEGA,GUADALAJARA,835,"7,6",,"3,8",23:09,"11,4",12:35,,,,,,,,,
2011-11-17,3209Y,BRIHUEGA,GUADALAJARA,835,"7,2",,"2,2",04:05,"12,3",11:55,,,,,,,,,
2011-11-18,3209Y,BRIHUEGA,GUADALAJARA,835,"8,4",,"4,4",05:28,"12,4",13:33,,,,,,,,,
2011-11-19,3209Y,BRIHUEGA,GUADALAJARA,835,"9,4",,"6,3",22:21,"12,4",11:20,,,,,,,,,
2011-11-20,3209Y,BRIHUEGA,GUADALAJARA,835,"10,2",,"7,4",02:45,"13,0",15:04,,,,,,,,,
2011-11-21,3209Y,BRIHUEGA,GUADALAJARA,835,"9,7",,"5,9",22:16,"13,5",12:50,,,,,,,,,
2011-11-22,3209Y,BRIHUEGA,GUADALAJARA,835,"8,6",,"7,0",01:11,"10,2",11:59,,,,,,,,,
2011-11-23,3209Y,BRIHUEGA,GUADALAJARA,835,"10,3",,"5,7",23:53,"14,9",13:25,,,,,,,,,
2011-11-24,3209Y,BRIHUEGA,GUADALAJARA,835,,,,,,,,,,,,,,,
2011-11-25,3209Y,BRIHUEGA,GUADALAJARA,835,,,,,,,,,,,,,,,
2012-01-14,3209Y,BRIHUEGA,GUADALAJARA,835,"3,0",,"-3,9",07:14,"10,0",13:59,,,,,,,,,
2012-01-15,3209Y,BRIHUEGA,GUADALAJARA,835,"-0,8",,"-4,6",03:34,"3,0",15:04,,,,,,,,,
2012-01-16,3209Y,BRIHUEGA,GUADALAJARA,835,"1,5",,"0,5",08:13,"2,5",00:10,,,,,,,,,
2012-01-17,3209Y,BRIHUEGA,GUADALAJARA,835,"3,6",,"-1,3",23:57,"8,5",14:01,,,,,,,,,
2012-01-18,3209Y,BRIHUEGA,GUADALAJARA,835,"4,0",,"-3,9",07:42,"11,8",15:17,,,,,,,,,
2012-01-19,3209Y,BRIHUEGA,GUADALAJARA,835,"6,5",,"-0,4",00:01,"13,4",14:50,,,,,,,,,
2012-01-20,3209Y,BRIHUEGA,GUADALAJARA,835,"6,7",,"0,4",02:43,"13,0",13:24,,,,,,,,,
2012-01-21,3209Y,BRIHUEGA,GUADALAJARA,835,"6,9",,"1,2",06:03,"12,6",15:04,,,,,,,,,
2012-01-22,3209Y,BRIHUEGA,GUADALAJARA,835,"6,6",,"0,0",05:44,"13,3",14:14,,,,,,,,,
2012-01-23,3209Y,BRIHUEGA,GUADALAJARA,835,"5,8",,"0,2",00:48,"11,4",14:02,,,,,,,,,
2012-01-24,3209Y,BRIHUEGA,GUADALAJARA,835,"7,0",,"-1,0",06:23,"15,0",14:12,,,,,,,,,
2012-01-25,3209Y,BRIHUEGA,GUADALAJARA,835,"5,3",,"-3,5",07:37,"14,1",14:58,,,,,,,,,
2012-01-26,3209Y,BRIHUEGA,GUADALAJARA,835,"4,6",,"-3,0",06:41,"12,3",14:12,,,,,,,,,
2012-01-27,3209Y,BRIHUEGA,GUADALAJARA,835,"4,7",,"1,8",Varias,"7,6",12:13,,,,,,,,,
2012-01-28,3209Y,BRIHUEGA,GUADALAJARA,835,"2,8",,"-2,4",05:46,"8,1",13:24,,,,,,,,,
2012-01-29,3209Y,BRIHUEGA,GUADALAJARA,835,"0,6",,"-5,0",07:17,"6,2",13:40,,,,,,,,,
2012-01-30,3209Y,BRIHUEGA,GUADALAJARA,835,"1,6",,"-5,9",07:25,"9,0",14:08,,,,,,,,,
2012-01-31,3209Y,BRIHUEGA,GUADALAJARA,835,"2,2",,"-6,1",07:25,"10,4",15:05,,,,,,,,,
2012-02-01,3209Y,BRIHUEGA,GUADALAJARA,835,"2,2",,"-5,9",07:21,"10,3",13:15,,,,,,,,,
2012-02-02,3209Y,BRIHUEGA,GUADALAJARA,835,"-1,4",,"-4,9",23:55,"2,1",12:29,,,,,,,,,
2012-02-03,3209Y,BRIHUEGA,GUADALAJARA,835,,,,,,,,,,,,,,,
2012-02-04,3209Y,BRIHUEGA,GUADALAJARA,835,,,,,,,,,,,,,,,
2012-02-05,3209Y,BRIHUEGA,GUADALAJARA,835,,,,,,,,,,,,,,,
2012-02-06,3209Y,BRIHUEGA,GUADALAJARA,835,,,,,,,,,,,,,,,
2012-02-07,3209Y,BRIHUEGA,GUADALAJARA,835,"0,6","0,0","-3,5",22:55,"4,6",00:23,,,,,,,,,
2012-02-08,3209Y,BRIHUEGA,GUADALAJARA,835,"-3,6","0,0","-9,2",06:24,"2,1",14:00,,,,,,,,,
2012-02-09,3209Y,BRIHUEGA,GUADALAJARA,835,,"0,0",,,,,,,,,,,,,
2012-02-10,3209Y,BRIHUEGA,GUADALAJARA,835,,"0,0",,,,,,,,,,,,,
2012-02-11,3209Y,BRIHUEGA,GUADALAJARA,835,,"0,0",,,,,,,,,,,,,
2012-02-12,3209Y,BRIHUEGA,GUADALAJARA,835,,"0,0",,,,,,,,,,,,,
2012-02-13,3209Y,BRIHUEGA,GUADALAJARA,835,,"0,0",,,,,,,,,,,,,
2012-02-14,3209Y,BRIHUEGA,GUADALAJARA,835,,"0,0",,,,,,,,,,,,,
2012-02-15,3209Y,BRIHUEGA,GUADALAJARA,835,,"0,0",,,,,,,,,,,,,
2012-02-16,3209Y,BRIHUEGA,GUADALAJARA,835,,"0,0",,,,,,,,,,,,,
2012-02-17,3209Y,BRIHUEGA,GUADALAJARA,835,,"0,0",,,,,,,,,,,,,
2012-02-18,3209Y,BRIHUEGA,GUADALAJARA,835,,"0,0",,,,,,,,,,,,,
2012-02-19,3209Y,BRIHUEGA,GUADALAJARA,835,,"0,0",,,,,,,,,,,,,
2012-02-23,3209Y,BRIHUEGA,GUADALAJARA,835,,"0,0",,,,,,,,,,,,,
2012-02-24,3209Y,BRIHUEGA,GUADALAJARA,835,,"0,0",,,,,,,,,,,,,
2012-02-25,3209Y,BRIHUEGA,GUADALAJARA,835,,"0,0",,,,,,,,,,,,,
2012-02-26,3209Y,BRIHUEGA,GUADALAJARA,835,,"0,0",,,,,,,,,,,,,
2012-02-27,3209Y,BRIHUEGA,GUADALAJARA,835,,"0,0",,,,,,,,,,,,,
2012-02-28,3209Y,BRIHUEGA,GUADALAJARA,835,,"0,0",,,,,,,,,,,,,
2012-02-29,3209Y,BRIHUEGA,GUADALAJARA,835,,"0,0",,,,,,,,,,,,,
2012-03-01,3209Y,BRIHUEGA,GUADALAJARA,835,,"0,0",,,,,,,,,,,,,
2012-03-02,3209Y,BRIHUEGA,GUADALAJARA,835,,"0,0",,,,,,,,,,,,,
2012-03-15,3209Y,BRIHUEGA,GUADALAJARA,835,"13,0",,"2,9",06:32,"23,1",15:14,,,,,,,,,
2012-03-16,3209Y,BRIHUEGA,GUADALAJARA,835,"10,8",,"3,8",Varias,"17,8",13:22,,,,,,,,,
2012-03-17,3209Y,BRIHUEGA,GUADALAJARA,835,"7,2",,"-0,5",05:40,"15,0",14:57,,,,,,,,,
2012-03-18,3209Y,BRIHUEGA,GUADALAJARA,835,"5,4",,"-1,4",23:16,"12,1",13:33,,,,,,,,,
2012-03-19,3209Y,BRIHUEGA,GUADALAJARA,835,"4,0",,"-2,7",02:48,"10,7",14:09,,,,,,,,,
2012-03-20,3209Y,BRIHUEGA,GUADALAJARA,835,"3,8",,"-1,6",03:44,"9,2",14:40,,,,,,,,,
2012-03-21,3209Y,BRIHUEGA,GUADALAJARA,835,"2,8",,"0,6",03:50,"5,0",12:38,,,,,,,,,
2012-03-22,3209Y,BRIHUEGA,GUADALAJARA,835,"6,9",,"0,3",06:45,"13,5",15:49,,,,,,,,,
2012-03-23,3209Y,BRIHUEGA,GUADALAJARA,835,"8,2",,"-1,4",06:18,"17,7",13:52,,,,,,,,,
2012-03-24,3209Y,BRIHUEGA,GUADALAJARA,835,"10,3",,"0,0",05:59,"20,6",14:59,,,,,,,,,
2012-03-25,3209Y,BRIHUEGA,GUADALAJARA,835,"10,8",,"0,5",06:03,"21,2",15:24,,,,,,,,,
2012-03-26,3209Y,BRIHUEGA,GUADALAJARA,835,"9,9",,"0,9",05:54,"18,9",13:58,,,,,,,,,
2012-03-27,3209Y,BRIHUEGA,GUADALAJARA,835,"10,0",,"1,6",06:17,"18,5",15:03,,,,,,,,,
2012-03-28,3209Y,BRIHUEGA,GUADALAJARA,835,"10,8",,"2,1",05:27,"19,6",15:12,,,,,,,,,
2012-03-29,3209Y,BRIHUEGA,GUADALAJARA,835,"10,4",,"1,3",05:54,"19,6",14:32,,,,,,,,,
2012-03-30,3209Y,BRIHUEGA,GUADALAJARA,835,"11,8",,"1,9",05:24,"21,6",15:34,,,,,,,,,
2012-03-31,3209Y,BRIHUEGA,GUADALAJARA,835,"12,0",,"3,2",06:06,"20,7",11:44,,,,,,,,,
2012-04-01,3209Y,BRIHUEGA,GUADALAJARA,835,"12,5",,"4,2",06:07,"20,8",15:06,,,,,,,,,
2012-04-02,3209Y,BRIHUEGA,GUADALAJARA,835,"12,6",,"6,2",06:01,"19,0",14:21,,,,,,,,,
2012-04-03,3209Y,BRIHUEGA,GUADALAJARA,835,"8,6",,"7,0",22:40,"10,1",14:40,,,,,,,,,
2012-04-04,3209Y,BRIHUEGA,GUADALAJARA,835,"8,4",,"6,7",Varias,"10,0",13:34,,,,,,,,,
2012-04-05,3209Y,BRIHUEGA,GUADALAJARA,835,"7,2",,"4,5",20:39,"9,8",11:41,,,,,,,,,
2012-04-06,3209Y,BRIHUEGA,GUADALAJARA,835,"3,5",,"-0,2",21:22,"7,2",15:40,,,,,,,,,
2012-04-07,3209Y,BRIHUEGA,GUADALAJARA,835,"4,3",,"0,9",23:38,"7,7",15:55,,,,,,,,,
2012-04-08,3209Y,BRIHUEGA,GUADALAJARA,835,"7,8",,"-1,1",04:33,"16,8",15:35,,,,,,,,,
2012-04-09,3209Y,BRIHUEGA,GUADALAJARA,835,"10,0",,"0,9",Varias,"19,1",Varias,,,,,,,,,
2012-04-10,3209Y,BRIHUEGA,GUADALAJARA,835,"10,8",,"5,1",23:40,"16,4",12:33,,,,,,,,,
2012-04-11,3209Y,BRIHUEGA,GUADALAJARA,835,"6,7",,"0,2",05:58,"13,2",14:13,,,,,,,,,
2012-04-12,3209Y,BRIHUEGA,GUADALAJARA,835,"7,8",,"2,4",23:56,"13,2",14:09,,,,,,,,,
2012-04-13,3209Y,BRIHUEGA,GUADALAJARA,835,"5,7",,"-0,3",05:25,"11,7",13:50,,,,,,,,,
2012-04-14,3209Y,BRIHUEGA,GUADALAJARA,835,"5,8",,"0,5",23:59,"11,0",13:49,,,,,,,,,
2012-04-15,3209Y,BRIHUEGA,GUADALAJARA,835,"4,6",,"-0,6",06:11,"9,8",14:17,,,,,,,,,
2012-04-16,3209Y,BRIHUEGA,GUADALAJARA,835,"5,0",,"-0,2",23:58,"10,3",14:45,,,,,,,,,
2012-04-17,3209Y,BRIHUEGA,GUADALAJARA,835,"6,6",,"-2,8",02:08,"16,1",15:54,,,,,,,,,
2012-04-18,3209Y,BRIHUEGA,GUADALAJARA,835,"6,9","5,0","3,7",05:36,"10,1",11:59,,,,,,,,,
2012-04-19,3209Y,BRIHUEGA,GUADALAJARA,835,"8,4","5,8","5,0",04:26,"11,8",16:14,,,,,,,,,
2012-04-20,3209Y,BRIHUEGA,GUADALAJARA,835,"10,6","0,4","5,9",Varias,"15,2",15:52,,,,,,,,,
2012-04-21,3209Y,BRIHUEGA,GUADALAJARA,835,"10,2","0,6","5,2",05:37,"15,1",14:42,,,,,,,,,
2012-04-22,3209Y,BRIHUEGA,GUADALAJARA,835,"9,0","0,0","1,7",05:46,"16,3",15:31,,,,,,,,,
2012-04-23,3209Y,BRIHUEGA,GUADALAJARA,835,"8,6","0,0","1,2",05:40,"16,1",16:49,,,,,,,,,
2012-04-24,3209Y,BRIHUEGA,GUADALAJARA,835,"8,3","0,0","2,6",05:16,"14,0",15:05,,,,,,,,,
2012-04-25,3209Y,BRIHUEGA,GUADALAJARA,835,"10,6","0,0","4,6",05:38,"16,6",15:48,,,,,,,,,
2012-04-26,3209Y,BRIHUEGA,GUADALAJARA,835,"11,4","1,4","5,3",23:31,"17,5",15:37,,,,,,,,,
2012-04-27,3209Y,BRIHUEGA,GUADALAJARA,835,"11,8","0,0","4,9",00:54,"18,7",14:33,,,,,,,,,
2012-04-28,3209Y,BRIHUEGA,GUADALAJARA,835,"7,2","6,6","4,3",23:31,"10,0",00:01,,,,,,,,,
2012-04-29,3209Y,BRIHUEGA,GUADALAJARA,835,"6,5","6,6","2,4",03:50,"10,6",12:28,,,,,,,,,
2012-04-30,3209Y,BRIHUEGA,GUADALAJARA,835,"7,4","0,8","3,5",23:59,"11,3",15:56,,,,,,,,,
2012-05-01,3209Y,BRIHUEGA,GUADALAJARA,835,"6,4","1,4","0,3",04:47,"12,4",12:37,,,,,,,,,
2012-05-02,3209Y,BRIHUEGA,GUADALAJARA,835,"8,8","0,0","1,7",04:06,"15,9",16:38,,,,,,,,,
2012-05-03,3209Y,BRIHUEGA,GUADALAJARA,835,"9,4","6,6","3,0",03:56,"15,7",14:48,,,,,,,,,
2012-05-04,3209Y,BRIHUEGA,GUADALAJARA,835,"10,5","6,4","7,3",09:38,"13,7",13:38,,,,,,,,,
2012-05-05,3209Y,BRIHUEGA,GUADALAJARA,835,"10,2","0,4","6,3",23:28,"14,1",15:27,,,,,,,,,
2012-05-06,3209Y,BRIHUEGA,GUADALAJARA,835,"10,5","0,2","4,8",01:45,"16,2",Varias,,,,,,,,,
2012-05-07,3209Y,BRIHUEGA,GUADALAJARA,835,"10,2","1,2","3,1",05:15,"17,2",14:21,,,,,,,,,
2012-05-08,3209Y,BRIHUEGA,GUADALAJARA,835,"14,4","0,2","9,9",23:59,"19,0",16:04,,,,,,,,,
2012-05-09,3209Y,BRIHUEGA,GUADALAJARA,835,"16,2","0,0","7,8",05:02,"24,7",15:59,,,,,,,,,
2012-05-10,3209Y,BRIHUEGA,GUADALAJARA,835,"19,8","0,0","11,3",05:30,"28,4",Varias,,,,,,,,,
2012-05-11,3209Y,BRIHUEGA,GUADALAJARA,835,"20,6","0,0","11,3",04:35,"29,9",15:14,,,,,,,,,
2012-05-12,3209Y,BRIHUEGA,GUADALAJARA,835,"21,8","0,0","12,7",Varias,"30,9",12:13,,,,,,,,,
2012-05-13,3209Y,BRIHUEGA,GUADALAJARA,835,"21,8","0,0","13,8",23:59,"29,8",13:21,,,,,,,,,
2012-05-14,3209Y,BRIHUEGA,GUADALAJARA,835,"18,8","0,0","9,8",05:19,"27,8",14:33,,,,,,,,,
2012-05-15,3209Y,BRIHUEGA,GUADALAJARA,835,"16,8","0,0","8,0",05:39,"25,7",16:18,,,,,,,,,
2012-05-16,3209Y,BRIHUEGA,GUADALAJARA,835,"16,8","0,0","6,2",03:57,"27,3",16:42,,,,,,,,,
2012-05-17,3209Y,BRIHUEGA,GUADALAJARA,835,"19,0","0,0","12,4",05:32,"25,7",15:39,,,,,,,,,
2012-05-18,3209Y,BRIHUEGA,GUADALAJARA,835,"18,0","0,0","11,0",23:26,"25,1",14:14,,,,,,,,,
2012-05-19,3209Y,BRIHUEGA,GUADALAJARA,835,"12,8","10,0","7,6",21:59,"18,0",13:35,,,,,,,,,
2012-05-20,3209Y,BRIHUEGA,GUADALAJARA,835,"7,9","1,2","3,0",23:10,"12,8",11:50,,,,,,,,,
2012-05-21,3209Y,BRIHUEGA,GUADALAJARA,835,"6,4","1,6","0,8",Varias,"12,1",10:37,,,,,,,,,
2012-05-22,3209Y,BRIHUEGA,GUADALAJARA,835,"12,1","0,0","4,2",05:15,"20,0",15:51,,,,,,,,,
2012-05-23,3209Y,BRIHUEGA,GUADALAJARA,835,"16,2","0,0","6,4",03:29,"25,9",15:12,,,,,,,,,
2012-05-24,3209Y,BRIHUEGA,GUADALAJARA,835,"18,4","0,0","8,6",04:39,"28,3",15:16,,,,,,,,,
2012-05-25,3209Y,BRIHUEGA,GUADALAJARA,835,"19,8","0,0","11,5",04:59,"28,2",13:31,,,,,,,,,
2012-05-26,3209Y,BRIHUEGA,GUADALAJARA,835,"16,2","0,0","8,9",23:56,"23,5",15:29,,,,,,,,,
2012-05-27,3209Y,BRIHUEGA,GUADALAJARA,835,"16,4","0,0","7,5",05:49,"25,4",15:15,,,,,,,,,
2012-05-28,3209Y,BRIHUEGA,GUADALAJARA,835,"18,6","0,0","9,8",03:33,"27,3",15:50,,,,,,,,,
2012-05-29,3209Y,BRIHUEGA,GUADALAJARA,835,"18,8","0,0","10,1",05:13,"27,5",14:55,,,,,,,,,
2012-05-30,3209Y,BRIHUEGA,GUADALAJARA,835,"19,7","0,0","9,7",04:59,"29,7",16:57,,,,,,,,,
2012-05-31,3209Y,BRIHUEGA,GUADALAJARA,835,"22,1","0,0","12,5",05:03,"31,7",15:35,,,,,,,,,
2012-06-01,3209Y,BRIHUEGA,GUADALAJARA,835,"22,6","0,0","12,5",04:50,"32,7",16:07,,,,,,,,,
2012-06-02,3209Y,BRIHUEGA,GUADALAJARA,835,"21,4","4,4","13,7",04:30,"29,1",15:11,,,,,,,,,
2012-06-03,3209Y,BRIHUEGA,GUADALAJARA,835,"19,1","0,0","12,4",23:29,"25,8",15:32,,,,,,,,,
2012-06-04,3209Y,BRIHUEGA,GUADALAJARA,835,"19,0","0,0","10,0",04:22,"27,9",17:03,,,,,,,,,
2012-06-05,3209Y,BRIHUEGA,GUADALAJARA,835,"20,0",,"10,6",04:49,"29,5",14:46,,,,,,,,,
2012-06-06,3209Y,BRIHUEGA,GUADALAJARA,835,"19,8","0,0","11,3",05:06,"28,2",15:09,,,,,,,,,
2012-06-07,3209Y,BRIHUEGA,GUADALAJARA,835,"19,5","0,0","13,6",23:58,"25,4",15:05,,,,,,,,,
2012-06-08,3209Y,BRIHUEGA,GUADALAJARA,835,"16,0","0,0","9,3",05:07,"22,6",16:12,,,,,,,,,
2012-06-09,3209Y,BRIHUEGA,GUADALAJARA,835,"15,6","0,0","6,3",05:08,"25,0",15:05,,,,,,,,,
2012-06-10,3209Y,BRIHUEGA,GUADALAJARA,835,"18,2","0,0","10,6",04:58,"25,9",15:40,,,,,,,,,
2012-06-11,3209Y,BRIHUEGA,GUADALAJARA,835,"17,0","0,0","9,7",05:16,"24,2",14:59,,,,,,,,,
2012-06-12,3209Y,BRIHUEGA,GUADALAJARA,835,"14,9","0,0","7,8",03:18,"22,0",15:08,,,,,,,,,
2012-06-13,3209Y,BRIHUEGA,GUADALAJARA,835,"15,5","0,0","5,9",04:26,"25,1",15:54,,,,,,,,,
2012-06-14,3209Y,BRIHUEGA,GUADALAJARA,835,"20,0","0,0","11,8",05:02,"28,1",15:37,,,,,,,,,
2012-06-15,3209Y,BRIHUEGA,GUADALAJARA,835,"19,7","0,0","10,6",04:43,"28,8",15:32,,,,,,,,,
2012-06-16,3209Y,BRIHUEGA,GUADALAJARA,835,"20,0","0,0","10,7",04:48,"29,2",14:23,,,,,,,,,
2012-06-17,3209Y,BRIHUEGA,GUADALAJARA,835,"21,7","0,0","13,2",03:29,"30,2",15:54,,,,,,,,,
2012-06-18,3209Y,BRIHUEGA,GUADALAJARA,835,"22,0","2,8","14,6",02:18,"29,3",15:00,,,,,,,,,
2012-06-19,3209Y,BRIHUEGA,GUADALAJARA,835,"17,8","9,6","11,8",23:53,"23,9",12:16,,,,,,,,,
2012-06-20,3209Y,BRIHUEGA,GUADALAJARA,835,"18,8","0,0","10,6",04:23,"27,0",16:52,,,,,,,,,
2012-06-21,3209Y,BRIHUEGA,GUADALAJARA,835,"19,5","0,0","11,8",04:33,"27,2",16:19,,,,,,,,,
2012-06-22,3209Y,BRIHUEGA,GUADALAJARA,835,"20,4","0,0","11,2",05:31,"29,7",15:41,,,,,,,,,
2012-06-23,3209Y,BRIHUEGA,GUADALAJARA,835,"23,2","0,0","14,1",05:12,"32,3",14:35,,,,,,,,,
2012-06-24,3209Y,BRIHUEGA,GUADALAJARA,835,"24,1","0,0","13,3",04:40,"34,9",16:12,,,,,,,,,
2012-06-25,3209Y,BRIHUEGA,GUADALAJARA,835,"25,6","0,0","15,6",05:11,"35,6",16:02,,,,,,,,,
2012-06-26,3209Y,BRIHUEGA,GUADALAJARA,835,"26,8","0,0","16,2",05:07,"37,5",15:00,,,,,,,,,
2012-06-27,3209Y,BRIHUEGA,GUADALAJARA,835,"27,2","0,0","20,1",04:50,"34,3",11:37,,,,,,,,,
2012-06-28,3209Y,BRIHUEGA,GUADALAJARA,835,"25,4","0,0","17,7",04:53,"33,1",15:40,,,,,,,,,
2012-06-29,3209Y,BRIHUEGA,GUADALAJARA,835,"21,8","0,0","14,2",23:59,"29,5",15:20,,,,,,,,,
2012-06-30,3209Y,BRIHUEGA,GUADALAJARA,835,"17,9","0,0","10,3",05:01,"25,5",15:26,,,,,,,,,
2012-07-01,3209Y,BRIHUEGA,GUADALAJARA,835,"17,4","0,0","10,1",23:59,"24,6",15:56,,,,,,,,,
2012-07-02,3209Y,BRIHUEGA,GUADALAJARA,835,"17,1","0,0","5,9",04:54,"28,3",16:43,,,,,,,,,
2012-07-03,3209Y,BRIHUEGA,GUADALAJARA,835,"21,2","0,0","11,7",04:41,"30,8",15:07,,,,,,,,,
2012-07-04,3209Y,BRIHUEGA,GUADALAJARA,835,"21,7","0,0","13,1",04:39,"30,3",15:05,,,,,,,,,
2012-07-05,3209Y,BRIHUEGA,GUADALAJARA,835,"19,9","0,0","12,2",04:50,"27,6",15:04,,,,,,,,,
2012-07-06,3209Y,BRIHUEGA,GUADALAJARA,835,"19,8","0,0","11,6",03:15,"28,0",15:47,,,,,,,,,
2012-07-07,3209Y,BRIHUEGA,GUADALAJARA,835,"20,6","0,0","11,2",04:42,"30,1",14:36,,,,,,,,,
2012-07-08,3209Y,BRIHUEGA,GUADALAJARA,835,"22,0","0,0","13,7",03:47,"30,4",14:27,,,,,,,,,
2012-07-09,3209Y,BRIHUEGA,GUADALAJARA,835,"21,2","0,0","11,8",04:41,"30,6",15:53,,,,,,,,,
2012-07-10,3209Y,BRIHUEGA,GUADALAJARA,835,"20,2","0,0","11,0",04:43,"29,3",Varias,,,,,,,,,
2012-07-11,3209Y,BRIHUEGA,GUADALAJARA,835,"19,9","0,0","10,2",05:06,"29,6",14:58,,,,,,,,,
2012-07-12,3209Y,BRIHUEGA,GUADALAJARA,835,"21,0","0,0","11,5",05:13,"30,5",15:33,,,,,,,,,
2012-07-13,3209Y,BRIHUEGA,GUADALAJARA,835,"22,2","0,0","11,5",05:07,"33,0",15:37,,,,,,,,,
2012-07-14,3209Y,BRIHUEGA,GUADALAJARA,835,"21,4","0,0","13,2",04:48,"29,6",15:20,,,,,,,,,
2012-07-15,3209Y,BRIHUEGA,GUADALAJARA,835,"19,6","0,0","9,5",05:00,"29,6",16:17,,,,,,,,,
2012-07-16,3209Y,BRIHUEGA,GUADALAJARA,835,"22,6","0,0","13,4",03:37,"31,9",16:58,,,,,,,,,
2012-07-17,3209Y,BRIHUEGA,GUADALAJARA,835,"23,6","0,0","12,4",05:14,"34,7",15:20,,,,,,,,,
2012-07-18,3209Y,BRIHUEGA,GUADALAJARA,835,"24,8","0,0","14,9",05:25,"34,6",15:41,,,,,,,,,
2012-07-19,3209Y,BRIHUEGA,GUADALAJARA,835,"25,8","0,0","16,0",05:22,"35,5",13:27,,,,,,,,,
2012-07-20,3209Y,BRIHUEGA,GUADALAJARA,835,"24,0","0,0","14,9",04:14,"33,2",15:23,,,,,,,,,
2012-07-21,3209Y,BRIHUEGA,GUADALAJARA,835,"22,9","0,0","13,6",05:01,"32,2",14:06,,,,,,,,,
2012-07-22,3209Y,BRIHUEGA,GUADALAJARA,835,"22,6","0,0","12,7",05:08,"32,4",14:55,,,,,,,,,
2012-07-23,3209Y,BRIHUEGA,GUADALAJARA,835,"23,6","0,0","14,2",03:26,"33,1",15:49,,,,,,,,,
2012-07-24,3209Y,BRIHUEGA,GUADALAJARA,835,,"0,0",,,,,,,,,,,,,
2012-07-25,3209Y,BRIHUEGA,GUADALAJARA,835,,,,,,,,,,,,,,,
2012-07-26,3209Y,BRIHUEGA,GUADALAJARA,835,,"8,2",,,,,,,,,,,,,
2012-07-27,3209Y,BRIHUEGA,GUADALAJARA,835,,"0,0",,,,,,,,,,,,,
2012-07-28,3209Y,BRIHUEGA,GUADALAJARA,835,,"0,0",,,,,,,,,,,,,
2012-07-29,3209Y,BRIHUEGA,GUADALAJARA,835,,"0,0",,,,,,,,,,,,,
2012-07-30,3209Y,BRIHUEGA,GUADALAJARA,835,,"0,0",,,,,,,,,,,,,
2012-07-31,3209Y,BRIHUEGA,GUADALAJARA,835,,"0,0",,,,,,,,,,,,,
2012-08-01,3209Y,BRIHUEGA,GUADALAJARA,835,,"0,0",,,,,,,,,,,,,
2012-08-02,3209Y,BRIHUEGA,GUADALAJARA,835,,"0,0",,,,,,,,,,,,,
2012-08-03,3209Y,BRIHUEGA,GUADALAJARA,835,,"0,0",,,,,,,,,,,,,
2012-08-04,3209Y,BRIHUEGA,GUADALAJARA,835,,"0,0",,,,,,,,,,,,,
2012-08-05,3209Y,BRIHUEGA,GUADALAJARA,835,,"0,0",,,,,,,,,,,,,
2012-08-06,3209Y,BRIHUEGA,GUADALAJARA,835,,"0,0",,,,,,,,,,,,,
2012-08-07,3209Y,BRIHUEGA,GUADALAJARA,835,,"0,0",,,,,,,,,,,,,
2012-08-08,3209Y,BRIHUEGA,GUADALAJARA,835,,"0,0",,,,,,,,,,,,,
2012-08-09,3209Y,BRIHUEGA,GUADALAJARA,835,,"0,0",,,,,,,,,,,,,
2012-08-10,3209Y,BRIHUEGA,GUADALAJARA,835,,"0,0",,,,,,,,,,,,,
2012-08-11,3209Y,BRIHUEGA,GUADALAJARA,835,,"0,0",,,,,,,,,,,,,
2012-08-12,3209Y,BRIHUEGA,GUADALAJARA,835,,"0,0",,,,,,,,,,,,,
2012-08-13,3209Y,BRIHUEGA,GUADALAJARA,835,,"0,0",,,,,,,,,,,,,
2012-08-14,3209Y,BRIHUEGA,GUADALAJARA,835,,"0,0",,,,,,,,,,,,,
2012-08-15,3209Y,BRIHUEGA,GUADALAJARA,835,,"0,0",,,,,,,,,,,,,
2012-08-16,3209Y,BRIHUEGA,GUADALAJARA,835,,"0,0",,,,,,,,,,,,,
2012-08-17,3209Y,BRIHUEGA,GUADALAJARA,835,,"0,0",,,,,,,,,,,,,
2012-08-18,3209Y,BRIHUEGA,GUADALAJARA,835,,"0,0",,,,,,,,,,,,,
2012-08-19,3209Y,BRIHUEGA,GUADALAJARA,835,,"0,0",,,,,,,,,,,,,
2012-08-20,3209Y,BRIHUEGA,GUADALAJARA,835,,"0,0",,,,,,,,,,,,,
2012-08-21,3209Y,BRIHUEGA,GUADALAJARA,835,,"0,0",,,,,,,,,,,,,
2012-08-22,3209Y,BRIHUEGA,GUADALAJARA,835,,"0,0",,,,,,,,,,,,,
2012-08-23,3209Y,BRIHUEGA,GUADALAJARA,835,,"0,0",,,,,,,,,,,,,
2012-08-24,3209Y,BRIHUEGA,GUADALAJARA,835,,"0,0",,,,,,,,,,,,,
2012-08-25,3209Y,BRIHUEGA,GUADALAJARA,835,,"0,0",,,,,,,,,,,,,
2012-08-26,3209Y,BRIHUEGA,GUADALAJARA,835,,"0,0",,,,,,,,,,,,,
2012-08-27,3209Y,BRIHUEGA,GUADALAJARA,835,,"0,0",,,,,,,,,,,,,
2012-08-28,3209Y,BRIHUEGA,GUADALAJARA,835,,"0,0",,,,,,,,,,,,,
2012-08-29,3209Y,BRIHUEGA,GUADALAJARA,835,,"0,0",,,,,,,,,,,,,
2012-08-30,3209Y,BRIHUEGA,GUADALAJARA,835,,"0,0",,,,,,,,,,,,,
2012-08-31,3209Y,BRIHUEGA,GUADALAJARA,835,,"0,0",,,,,,,,,,,,,
2012-09-01,3209Y,BRIHUEGA,GUADALAJARA,835,,"0,0",,,,,,,,,,,,,
2012-09-02,3209Y,BRIHUEGA,GUADALAJARA,835,,"0,0",,,,,,,,,,,,,
2012-09-03,3209Y,BRIHUEGA,GUADALAJARA,835,,"0,0",,,,,,,,,,,,,
2012-09-04,3209Y,BRIHUEGA,GUADALAJARA,835,,"0,0",,,,,,,,,,,,,
2012-09-05,3209Y,BRIHUEGA,GUADALAJARA,835,,"0,0",,,,,,,,,,,,,
2012-09-06,3209Y,BRIHUEGA,GUADALAJARA,835,,"0,0",,,,,,,,,,,,,
2012-09-07,3209Y,BRIHUEGA,GUADALAJARA,835,,"0,0",,,,,,,,,,,,,
2012-09-08,3209Y,BRIHUEGA,GUADALAJARA,835,,"0,0",,,,,,,,,,,,,
2012-09-09,3209Y,BRIHUEGA,GUADALAJARA,835,,"0,0",,,,,,,,,,,,,
2012-09-10,3209Y,BRIHUEGA,GUADALAJARA,835,,"0,0",,,,,,,,,,,,,
2012-09-11,3209Y,BRIHUEGA,GUADALAJARA,835,,"0,0",,,,,,,,,,,,,
2012-09-12,3209Y,BRIHUEGA,GUADALAJARA,835,,"0,0",,,,,,,,,,,,,
2012-09-13,3209Y,BRIHUEGA,GUADALAJARA,835,,"0,0",,,,,,,,,,,,,
2012-09-14,3209Y,BRIHUEGA,GUADALAJARA,835,,"0,0",,,,,,,,,,,,,
2012-09-15,3209Y,BRIHUEGA,GUADALAJARA,835,,"0,0",,,,,,,,,,,,,
2012-09-16,3209Y,BRIHUEGA,GUADALAJARA,835,,"0,0",,,,,,,,,,,,,
2012-09-17,3209Y,BRIHUEGA,GUADALAJARA,835,,"0,0",,,,,,,,,,,,,
2012-09-18,3209Y,BRIHUEGA,GUADALAJARA,835,,"0,0",,,,,,,,,,,,,
2012-09-19,3209Y,BRIHUEGA,GUADALAJARA,835,,"0,0",,,,,,,,,,,,,
2012-09-20,3209Y,BRIHUEGA,GUADALAJARA,835,,"0,0",,,,,,,,,,,,,
2012-09-21,3209Y,BRIHUEGA,GUADALAJARA,835,,"0,0",,,,,,,,,,,,,
2012-09-22,3209Y,BRIHUEGA,GUADALAJARA,835,,"0,0",,,,,,,,,,,,,
2012-09-23,3209Y,BRIHUEGA,GUADALAJARA,835,,"7,4",,,,,,,,,,,,,
2012-09-24,3209Y,BRIHUEGA,GUADALAJARA,835,,"0,2",,,,,,,,,,,,,
2012-09-25,3209Y,BRIHUEGA,GUADALAJARA,835,,"12,8",,,,,,,,,,,,,
2012-09-26,3209Y,BRIHUEGA,GUADALAJARA,835,,"1,2",,,,,,,,,,,,,
2012-09-27,3209Y,BRIHUEGA,GUADALAJARA,835,,"1,6",,,,,,,,,,,,,
2012-09-28,3209Y,BRIHUEGA,GUADALAJARA,835,,"19,6",,,,,,,,,,,,,
2012-09-29,3209Y,BRIHUEGA,GUADALAJARA,835,,"0,0",,,,,,,,,,,,,
2012-09-30,3209Y,BRIHUEGA,GUADALAJARA,835,,"0,0",,,,,,,,,,,,,
2012-10-02,3209Y,BRIHUEGA,GUADALAJARA,835,,"0,0",,,,,,,,,,,,,
2012-10-03,3209Y,BRIHUEGA,GUADALAJARA,835,,"0,0",,,,,,,,,,,,,
2012-10-04,3209Y,BRIHUEGA,GUADALAJARA,835,,"0,0",,,,,,,,,,,,,
2012-10-05,3209Y,BRIHUEGA,GUADALAJARA,835,,"0,0",,,,,,,,,,,,,
2012-10-06,3209Y,BRIHUEGA,GUADALAJARA,835,,"0,0",,,,,,,,,,,,,
2012-10-07,3209Y,BRIHUEGA,GUADALAJARA,835,,"0,0",,,,,,,,,,,,,
2012-10-08,3209Y,BRIHUEGA,GUADALAJARA,835,,"0,0",,,,,,,,,,,,,
2012-10-09,3209Y,BRIHUEGA,GUADALAJARA,835,,"0,0",,,,,,,,,,,,,
2012-10-10,3209Y,BRIHUEGA,GUADALAJARA,835,,"0,0",,,,,,,,,,,,,
2012-10-11,3209Y,BRIHUEGA,GUADALAJARA,835,,"3,0",,,,,,,,,,,,,
2012-10-12,3209Y,BRIHUEGA,GUADALAJARA,835,,"0,4",,,,,,,,,,,,,
2012-10-13,3209Y,BRIHUEGA,GUADALAJARA,835,,"0,0",,,,,,,,,,,,,
2012-10-14,3209Y,BRIHUEGA,GUADALAJARA,835,,"5,2",,,,,,,,,,,,,
2012-10-15,3209Y,BRIHUEGA,GUADALAJARA,835,,"0,0",,,,,,,,,,,,,
2012-10-16,3209Y,BRIHUEGA,GUADALAJARA,835,,"0,0",,,,,,,,,,,,,
2012-10-17,3209Y,BRIHUEGA,GUADALAJARA,835,,"0,0",,,,,,,,,,,,,
2012-10-18,3209Y,BRIHUEGA,GUADALAJARA,835,,"19,8",,,,,,,,,,,,,
2012-10-19,3209Y,BRIHUEGA,GUADALAJARA,835,,"8,8",,,,,,,,,,,,,
2013-01-31,3209Y,BRIHUEGA,GUADALAJARA,835,,"0,0",,,,,,,,,,,,,
2013-02-01,3209Y,BRIHUEGA,GUADALAJARA,835,,"4,0",,,,,,,,,,,,,
2013-02-02,3209Y,BRIHUEGA,GUADALAJARA,835,,"0,2",,,,,,,,,,,,,
2013-02-03,3209Y,BRIHUEGA,GUADALAJARA,835,,"0,0",,,,,,,,,,,,,
2013-02-04,3209Y,BRIHUEGA,GUADALAJARA,835,,"0,0",,,,,,,,,,,,,
2013-02-05,3209Y,BRIHUEGA,GUADALAJARA,835,,"0,2",,,,,,,,,,,,,
2013-02-06,3209Y,BRIHUEGA,GUADALAJARA,835,,"1,4",,,,,,,,,,,,,
2013-02-17,3209Y,BRIHUEGA,GUADALAJARA,835,,"2,2",,,,,,,,,,,,,
2013-02-18,3209Y,BRIHUEGA,GUADALAJARA,835,,"0,2",,,,,,,,,,,,,
2013-02-19,3209Y,BRIHUEGA,GUADALAJARA,835,,"0,6",,,,,,,,,,,,,
2013-02-20,3209Y,BRIHUEGA,GUADALAJARA,835,,,,,,,,,,,,,,,
2013-02-21,3209Y,BRIHUEGA,GUADALAJARA,835,,"2,0",,,,,,,,,,,,,
2013-02-22,3209Y,BRIHUEGA,GUADALAJARA,835,,"9,2",,,,,,,,,,,,,
2013-02-23,3209Y,BRIHUEGA,GUADALAJARA,835,,"1,0",,,,,,,,,,,,,
2013-02-24,3209Y,BRIHUEGA,GUADALAJARA,835,"-0,5","0,0","-6,7",06:10,"5,7",13:00,,,,,,,,,
2013-02-25,3209Y,BRIHUEGA,GUADALAJARA,835,,"0,0",,,,,,,,,,,,,
2013-02-26,3209Y,BRIHUEGA,GUADALAJARA,835,,"0,0",,,,,,,,,,,,,
2013-02-27,3209Y,BRIHUEGA,GUADALAJARA,835,,"0,4",,,,,,,,,,,,,
2013-02-28,3209Y,BRIHUEGA,GUADALAJARA,835,"1,3","1,0","-0,9",04:37,"3,5",13:41,,,,,,,,,
2013-03-01,3209Y,BRIHUEGA,GUADALAJARA,835,"3,2","0,0","-2,2",22:35,"8,7",13:13,,,,,,,,,
2013-03-02,3209Y,BRIHUEGA,GUADALAJARA,835,"3,8","0,0","-4,0",06:33,"11,5",15:42,,,,,,,,,
2013-03-03,3209Y,BRIHUEGA,GUADALAJARA,835,"5,0","0,0","-0,2",04:07,"10,1",12:21,,,,,,,,,
2013-03-04,3209Y,BRIHUEGA,GUADALAJARA,835,"6,6","13,6","0,6",02:29,"12,5",12:59,,,,,,,,,
2013-03-05,3209Y,BRIHUEGA,GUADALAJARA,835,"9,2","1,6","5,9",00:01,"12,5",13:35,,,,,,,,,
2013-03-06,3209Y,BRIHUEGA,GUADALAJARA,835,"8,6","1,8","5,8",01:44,"11,4",16:17,,,,,,,,,
2013-03-07,3209Y,BRIHUEGA,GUADALAJARA,835,"9,7","12,8","7,2",23:58,"12,2",14:14,,,,,,,,,
2013-03-08,3209Y,BRIHUEGA,GUADALAJARA,835,,"11,2",,,,,,,,,,,,,
2013-03-09,3209Y,BRIHUEGA,GUADALAJARA,835,"8,2","7,8","4,7",08:23,"11,7",15:40,,,,,,,,,
2013-03-10,3209Y,BRIHUEGA,GUADALAJARA,835,"7,3","0,6","4,1",07:34,"10,5",14:41,,,,,,,,,
2013-03-11,3209Y,BRIHUEGA,GUADALAJARA,835,"6,2","3,6","2,5",21:53,"9,8",14:56,,,,,,,,,
2013-03-12,3209Y,BRIHUEGA,GUADALAJARA,835,"5,2","2,6","1,3",06:52,"9,1",14:46,,,,,,,,,
2013-03-13,3209Y,BRIHUEGA,GUADALAJARA,835,"1,0","1,2","-1,6",23:59,"3,7",13:52,,,,,,,,,
2013-03-14,3209Y,BRIHUEGA,GUADALAJARA,835,"2,6","0,0","-2,3",06:48,"7,4",15:12,,,,,,,,,
2013-03-15,3209Y,BRIHUEGA,GUADALAJARA,835,,"0,0",,,,,,,,,,,,,
2013-03-16,3209Y,BRIHUEGA,GUADALAJARA,835,"4,3","1,0","1,0",02:58,"7,6",15:01,,,,,,,,,
2013-03-17,3209Y,BRIHUEGA,GUADALAJARA,835,,"12,6",,,,,,,,,,,,,
2013-03-18,3209Y,BRIHUEGA,GUADALAJARA,835,"4,6","0,0","-1,5",06:01,"10,8",15:16,,,,,,,,,
2013-03-19,3209Y,BRIHUEGA,GUADALAJARA,835,"4,6","5,4","-1,9",03:58,"11,0",13:09,,,,,,,,,
2013-03-20,3209Y,BRIHUEGA,GUADALAJARA,835,"6,6","0,0","1,0",04:49,"12,3",14:54,,,,,,,,,
2013-03-21,3209Y,BRIHUEGA,GUADALAJARA,835,,,,,,,,,,,,,,,
2013-03-28,3209Y,BRIHUEGA,GUADALAJARA,835,,"3,4",,,,,,,,,,,,,
2013-03-29,3209Y,BRIHUEGA,GUADALAJARA,835,,"13,0",,,,,,,,,,,,,
2013-03-30,3209Y,BRIHUEGA,GUADALAJARA,835,,"0,0",,,,,,,,,,,,,
2013-03-31,3209Y,BRIHUEGA,GUADALAJARA,835,,"10,2",,,,,,,,,,,,,
2013-04-01,3209Y,BRIHUEGA,GUADALAJARA,835,,"1,6",,,,,,,,,,,,,
2013-04-02,3209Y,BRIHUEGA,GUADALAJARA,835,,"0,0",,,,,,,,,,,,,
2013-04-03,3209Y,BRIHUEGA,GUADALAJARA,835,,"11,4",,,,,,,,,,,,,
2013-04-04,3209Y,BRIHUEGA,GUADALAJARA,835,,"7,0",,,,,,,,,,,,,
2013-04-05,3209Y,BRIHUEGA,GUADALAJARA,835,,"0,8",,,,,,,,,,,,,
2013-04-12,3209Y,BRIHUEGA,GUADALAJARA,835,,"0,0",,,,,,,,,,,,,
2013-04-13,3209Y,BRIHUEGA,GUADALAJARA,835,,"0,0",,,,,,,,,,,,,
2013-04-14,3209Y,BRIHUEGA,GUADALAJARA,835,,"0,0",,,,,,,,,,,,,
2013-04-15,3209Y,BRIHUEGA,GUADALAJARA,835,,"0,0",,,,,,,,,,,,,
2013-04-16,3209Y,BRIHUEGA,GUADALAJARA,835,,"0,0",,,,,,,,,,,,,
2013-04-17,3209Y,BRIHUEGA,GUADALAJARA,835,"16,7","0,0","7,5",Varias,"25,9",15:04,,,,,,,,,
2013-04-18,3209Y,BRIHUEGA,GUADALAJARA,835,"16,2","0,0","7,3",05:36,"25,0",15:35,,,,,,,,,
2013-04-19,3209Y,BRIHUEGA,GUADALAJARA,835,"8,2","0,0","2,5",23:52,"13,9",Varias,,,,,,,,,
2013-04-20,3209Y,BRIHUEGA,GUADALAJARA,835,"8,4","0,0","0,5",05:46,"16,2",14:51,,,,,,,,,
2013-04-21,3209Y,BRIHUEGA,GUADALAJARA,835,,"0,0",,,,,,,,,,,,,
2013-04-22,3209Y,BRIHUEGA,GUADALAJARA,835,"10,6","0,0","5,0",05:41,"16,1",Varias,,,,,,,,,
2013-04-23,3209Y,BRIHUEGA,GUADALAJARA,835,"10,5","0,0","1,9",05:49,"19,1",15:46,,,,,,,,,
2013-04-24,3209Y,BRIHUEGA,GUADALAJARA,835,"11,4","0,0","2,7",05:32,"20,0",15:23,,,,,,,,,
2013-04-25,3209Y,BRIHUEGA,GUADALAJARA,835,"11,0","0,0","4,4",03:32,"17,5",12:00,,,,,,,,,
2013-04-26,3209Y,BRIHUEGA,GUADALAJARA,835,"11,6","7,6","7,0",23:54,"16,1",11:58,,,,,,,,,
2013-04-27,3209Y,BRIHUEGA,GUADALAJARA,835,"5,8","0,2","1,7",23:43,"10,0",13:07,,,,,,,,,
2013-04-28,3209Y,BRIHUEGA,GUADALAJARA,835,"2,8","8,6","0,7",Varias,"4,8",15:23,,,,,,,,,
2013-04-29,3209Y,BRIHUEGA,GUADALAJARA,835,"4,4","2,8","1,1",03:30,"7,7",14:13,,,,,,,,,
2013-04-30,3209Y,BRIHUEGA,GUADALAJARA,835,"6,7","1,8","2,7",03:57,"10,7",16:33,,,,,,,,,
2013-05-01,3209Y,BRIHUEGA,GUADALAJARA,835,,"2,4",,,,,,,,,,,,,
2013-05-02,3209Y,BRIHUEGA,GUADALAJARA,835,"7,3","0,0","0,5",04:37,"14,1",14:49,,,,,,,,,
2013-05-03,3209Y,BRIHUEGA,GUADALAJARA,835,,"0,0",,,,,,,,,,,,,
2013-05-04,3209Y,BRIHUEGA,GUADALAJARA,835,"10,6","0,0","1,9",05:02,"19,4",15:06,,,,,,,,,
2013-05-05,3209Y,BRIHUEGA,GUADALAJARA,835,"13,0","0,0","4,1",04:07,"22,0",15:08,,,,,,,,,
2013-05-06,3209Y,BRIHUEGA,GUADALAJARA,835,"13,0","0,0","4,3",Varias,"21,7",13:48,,,,,,,,,
2013-05-07,3209Y,BRIHUEGA,GUADALAJARA,835,"15,4","0,0","9,8",05:09,"21,0",13:59,,,,,,,,,
2013-05-08,3209Y,BRIHUEGA,GUADALAJARA,835,"17,1","0,0","10,3",23:46,"23,9",13:41,,,,,,,,,
2013-05-09,3209Y,BRIHUEGA,GUADALAJARA,835,"15,8","0,0","10,0",00:39,"21,6",13:57,,,,,,,,,
2013-05-10,3209Y,BRIHUEGA,GUADALAJARA,835,"16,0","0,0","10,0",05:12,"22,1",14:53,,,,,,,,,
2013-05-11,3209Y,BRIHUEGA,GUADALAJARA,835,"14,8","0,0","7,3",03:48,"22,2",16:22,,,,,,,,,
2013-05-12,3209Y,BRIHUEGA,GUADALAJARA,835,"13,2","0,0","3,7",05:33,"22,6",16:33,,,,,,,,,
2013-05-13,3209Y,BRIHUEGA,GUADALAJARA,835,"14,8","0,0","5,6",Varias,"23,9",Varias,,,,,,,,,
2013-05-14,3209Y,BRIHUEGA,GUADALAJARA,835,"14,4","1,2","9,7",05:34,"19,2",14:12,,,,,,,,,
2013-05-15,3209Y,BRIHUEGA,GUADALAJARA,835,,"15,2",,,,,,,,,,,,,
2013-05-16,3209Y,BRIHUEGA,GUADALAJARA,835,"6,0","3,4","-0,7",Varias,"12,8",14:05,,,,,,,,,
2013-05-17,3209Y,BRIHUEGA,GUADALAJARA,835,"5,9","10,4","3,4",20:30,"8,4",12:06,,,,,,,,,
2013-05-18,3209Y,BRIHUEGA,GUADALAJARA,835,"7,0","4,2","3,5",Varias,"10,4",12:58,,,,,,,,,
2013-05-19,3209Y,BRIHUEGA,GUADALAJARA,835,"6,2","0,0","0,7",05:04,"11,8",13:08,,,,,,,,,
2013-05-20,3209Y,BRIHUEGA,GUADALAJARA,835,"6,7","2,4","1,0",05:39,"12,4",14:41,,,,,,,,,
2013-05-21,3209Y,BRIHUEGA,GUADALAJARA,835,"8,0","0,0","1,2",Varias,"14,8",13:30,,,,,,,,,
2013-05-22,3209Y,BRIHUEGA,GUADALAJARA,835,"12,1","0,0","4,7",04:56,"19,5",13:30,,,,,,,,,
2013-05-23,3209Y,BRIHUEGA,GUADALAJARA,835,"11,0","0,0","2,4",03:50,"19,5",15:10,,,,,,,,,
2013-05-24,3209Y,BRIHUEGA,GUADALAJARA,835,"12,0","0,0","4,0",04:25,"19,9",15:35,,,,,,,,,
2013-05-25,3209Y,BRIHUEGA,GUADALAJARA,835,"12,2","0,0","2,3",05:02,"22,0",17:07,,,,,,,,,
2013-05-26,3209Y,BRIHUEGA,GUADALAJARA,835,"12,0","8,2","3,7",05:10,"20,2",15:47,,,,,,,,,
2013-05-27,3209Y,BRIHUEGA,GUADALAJARA,835,"12,0","0,0","5,7",23:59,"18,3",15:31,,,,,,,,,
2013-05-28,3209Y,BRIHUEGA,GUADALAJARA,835,"10,2","0,0","3,5",23:36,"16,9",15:08,,,,,,,,,
2013-05-29,3209Y,BRIHUEGA,GUADALAJARA,835,"8,6","4,0","2,6",04:17,"14,5",14:19,,,,,,,,,
2013-05-30,3209Y,BRIHUEGA,GUADALAJARA,835,"8,8","0,0","0,9",04:43,"16,8",14:00,,,,,,,,,
2013-05-31,3209Y,BRIHUEGA,GUADALAJARA,835,,,,,,,,,,,,,,,
2013-06-01,3209Y,BRIHUEGA,GUADALAJARA,835,"10,8","0,0","2,6",05:29,"18,9",14:11,,,,,,,,,
2013-06-02,3209Y,BRIHUEGA,GUADALAJARA,835,"12,7","0,0","5,8",03:10,"19,6",15:09,,,,,,,,,
2013-06-03,3209Y,BRIHUEGA,GUADALAJARA,835,"13,7","0,0","4,2",03:52,"23,2",15:48,,,,,,,,,
2013-06-04,3209Y,BRIHUEGA,GUADALAJARA,835,"16,4","0,0","7,1",05:01,"25,6",16:19,,,,,,,,,
2013-06-05,3209Y,BRIHUEGA,GUADALAJARA,835,"17,9","0,2","9,4",02:46,"26,4",14:06,,,,,,,,,
2013-06-06,3209Y,BRIHUEGA,GUADALAJARA,835,"16,7","0,0","9,6",02:29,"23,8",14:33,,,,,,,,,
2013-06-07,3209Y,BRIHUEGA,GUADALAJARA,835,"12,0","1,0","5,9",23:24,"18,2",15:28,,,,,,,,,
2013-06-08,3209Y,BRIHUEGA,GUADALAJARA,835,"10,0","2,4","4,2",02:08,"15,9",12:54,,,,,,,,,
2013-06-09,3209Y,BRIHUEGA,GUADALAJARA,835,"11,8","0,4","6,7",05:15,"17,0",12:58,,,,,,,,,
2013-06-10,3209Y,BRIHUEGA,GUADALAJARA,835,"15,5","0,2","7,9",01:53,"23,1",15:06,,,,,,,,,
2013-06-11,3209Y,BRIHUEGA,GUADALAJARA,835,"17,0","0,0","8,1",04:55,"26,0",15:08,,,,,,,,,
2013-06-12,3209Y,BRIHUEGA,GUADALAJARA,835,"20,7","0,0","11,7",04:33,"29,7",15:55,,,,,,,,,
2013-06-13,3209Y,BRIHUEGA,GUADALAJARA,835,"21,9","0,0","13,2",04:32,"30,6",15:52,,,,,,,,,
2013-06-14,3209Y,BRIHUEGA,GUADALAJARA,835,"22,0","0,0","13,7",03:31,"30,3",15:16,,,,,,,,,
2013-06-15,3209Y,BRIHUEGA,GUADALAJARA,835,"22,1","0,0","13,0",Varias,"31,2",15:58,,,,,,,,,
2013-06-16,3209Y,BRIHUEGA,GUADALAJARA,835,"23,0","0,0","13,9",01:06,"32,2",15:30,,,,,,,,,
2013-06-17,3209Y,BRIHUEGA,GUADALAJARA,835,"16,0","0,0","10,5",23:57,"21,6",11:01,,,,,,,,,
2013-06-18,3209Y,BRIHUEGA,GUADALAJARA,835,"12,6","2,4","6,1",05:27,"19,1",14:06,,,,,,,,,
2013-06-19,3209Y,BRIHUEGA,GUADALAJARA,835,"11,4","1,2","6,8",02:46,"15,9",12:06,,,,,,,,,
2013-06-20,3209Y,BRIHUEGA,GUADALAJARA,835,"16,2","0,2","8,6",04:56,"23,7",16:36,,,,,,,,,
2013-06-21,3209Y,BRIHUEGA,GUADALAJARA,835,"18,8","1,0","12,1",23:48,"25,4",13:03,,,,,,,,,
2013-06-22,3209Y,BRIHUEGA,GUADALAJARA,835,"17,8","0,0","7,5",04:53,"28,0",15:08,,,,,,,,,
2013-06-23,3209Y,BRIHUEGA,GUADALAJARA,835,"19,0","0,0","9,8",23:57,"28,1",14:09,,,,,,,,,
2013-06-24,3209Y,BRIHUEGA,GUADALAJARA,835,"15,9","0,0","3,8",03:59,"28,0",16:10,,,,,,,,,
2013-06-25,3209Y,BRIHUEGA,GUADALAJARA,835,"19,4","0,0","9,9",04:42,"29,0",14:51,,,,,,,,,
2013-06-26,3209Y,BRIHUEGA,GUADALAJARA,835,"19,7","0,0","10,7",05:20,"28,7",15:10,,,,,,,,,
2013-06-27,3209Y,BRIHUEGA,GUADALAJARA,835,"19,3","0,0","9,7",04:28,"28,9",14:15,,,,,,,,,
2013-06-28,3209Y,BRIHUEGA,GUADALAJARA,835,"18,4","0,0","8,9",04:52,"27,8",15:04,,,,,,,,,
2013-06-29,3209Y,BRIHUEGA,GUADALAJARA,835,"20,2","0,0","10,8",04:25,"29,7",16:19,,,,,,,,,
2013-06-30,3209Y,BRIHUEGA,GUADALAJARA,835,"20,8","0,0","10,4",05:24,"31,2",16:05,,,,,,,,,
2013-07-01,3209Y,BRIHUEGA,GUADALAJARA,835,"21,7","0,0","12,0",04:49,"31,4",15:32,,,,,,,,,
2013-07-02,3209Y,BRIHUEGA,GUADALAJARA,835,"23,3","0,0","16,4",05:35,"30,2",15:27,,,,,,,,,
2013-07-03,3209Y,BRIHUEGA,GUADALAJARA,835,"23,0","0,0","13,1",04:56,"32,8",14:21,,,,,,,,,
2013-07-04,3209Y,BRIHUEGA,GUADALAJARA,835,"23,4","0,0","14,4",05:03,"32,5",14:47,,,,,,,,,
2013-07-05,3209Y,BRIHUEGA,GUADALAJARA,835,,"0,0",,,,,,,,,,,,,
2013-07-06,3209Y,BRIHUEGA,GUADALAJARA,835,,"0,0",,,,,,,,,,,,,
2013-07-07,3209Y,BRIHUEGA,GUADALAJARA,835,,"0,0",,,,,,,,,,,,,
2013-07-08,3209Y,BRIHUEGA,GUADALAJARA,835,,"0,0",,,,,,,,,,,,,
2013-07-09,3209Y,BRIHUEGA,GUADALAJARA,835,,"3,8",,,,,,,,,,,,,
2013-07-10,3209Y,BRIHUEGA,GUADALAJARA,835,,"4,4",,,,,,,,,,,,,
2013-07-11,3209Y,BRIHUEGA,GUADALAJARA,835,,"0,4",,,,,,,,,,,,,
2013-07-31,3209Y,BRIHUEGA,GUADALAJARA,835,"23,8","0,0","13,7",05:12,"34,0",15:44,,,,,,,,,
2013-08-01,3209Y,BRIHUEGA,GUADALAJARA,835,"25,1","0,0","15,1",05:13,"35,1",15:18,,,,,,,,,
2013-08-02,3209Y,BRIHUEGA,GUADALAJARA,835,"25,6","0,0","18,7",23:36,"32,6",15:25,,,,,,,,,
2013-08-03,3209Y,BRIHUEGA,GUADALAJARA,835,"24,0","0,0","15,5",02:50,"32,5",14:50,,,,,,,,,
2013-08-04,3209Y,BRIHUEGA,GUADALAJARA,835,"23,2","0,0","13,6",05:33,"32,7",15:29,,,,,,,,,
2013-08-05,3209Y,BRIHUEGA,GUADALAJARA,835,"24,0","0,0","15,2",04:33,"32,9",14:40,,,,,,,,,
2013-08-06,3209Y,BRIHUEGA,GUADALAJARA,835,"22,2","0,0","14,1",05:40,"30,3",14:36,,,,,,,,,
2013-08-07,3209Y,BRIHUEGA,GUADALAJARA,835,"20,4","0,0","13,2",23:59,"27,7",15:30,,,,,,,,,
2013-08-08,3209Y,BRIHUEGA,GUADALAJARA,835,"17,8","0,0","9,8",04:57,"25,9",16:00,,,,,,,,,
2013-08-09,3209Y,BRIHUEGA,GUADALAJARA,835,"20,2","0,0","8,9",05:33,"31,4",16:03,,,,,,,,,
2013-08-10,3209Y,BRIHUEGA,GUADALAJARA,835,"23,9","0,0","13,5",05:53,"34,3",16:10,,,,,,,,,
2013-08-11,3209Y,BRIHUEGA,GUADALAJARA,835,"24,5","0,0","14,3",05:55,"34,7",13:58,,,,,,,,,
2013-08-12,3209Y,BRIHUEGA,GUADALAJARA,835,"25,0","3,0","17,1",05:31,"32,8",15:58,,,,,,,,,
2013-08-13,3209Y,BRIHUEGA,GUADALAJARA,835,"24,2","0,0","16,3",05:38,"32,1",13:55,,,,,,,,,
2013-08-14,3209Y,BRIHUEGA,GUADALAJARA,835,"23,6","0,0","14,1",05:27,"33,2",16:22,,,,,,,,,
2013-08-15,3209Y,BRIHUEGA,GUADALAJARA,835,"24,4","0,2","15,8",05:51,"32,9",15:58,,,,,,,,,
2013-08-16,3209Y,BRIHUEGA,GUADALAJARA,835,"23,3","0,8","15,9",05:48,"30,7",Varias,,,,,,,,,
2013-08-17,3209Y,BRIHUEGA,GUADALAJARA,835,"22,4","0,0","12,6",05:47,"32,2",15:41,,,,,,,,,
2013-08-18,3209Y,BRIHUEGA,GUADALAJARA,835,"23,4","0,0","14,3",05:47,"32,4",15:16,,,,,,,,,
2013-08-19,3209Y,BRIHUEGA,GUADALAJARA,835,"24,8","0,0","15,2",05:14,"34,5",16:22,,,,,,,,,
2013-08-20,3209Y,BRIHUEGA,GUADALAJARA,835,"24,8","0,0","14,9",06:12,"34,8",15:33,,,,,,,,,
2013-08-21,3209Y,BRIHUEGA,GUADALAJARA,835,"24,8","0,0","14,5",Varias,"35,0",15:37,,,,,,,,,
2013-08-22,3209Y,BRIHUEGA,GUADALAJARA,835,"24,5","0,0","15,5",05:42,"33,5",14:18,,,,,,,,,
2013-08-23,3209Y,BRIHUEGA,GUADALAJARA,835,"24,0","0,0","15,0",05:09,"33,0",16:13,,,,,,,,,
2013-08-24,3209Y,BRIHUEGA,GUADALAJARA,835,"22,6","0,0","15,1",04:47,"30,2",15:36,,,,,,,,,
2013-08-25,3209Y,BRIHUEGA,GUADALAJARA,835,"21,2","0,0","12,6",05:59,"29,9",15:29,,,,,,,,,
2013-08-26,3209Y,BRIHUEGA,GUADALAJARA,835,"20,8","0,0","14,0",04:51,"27,6",14:31,,,,,,,,,
2013-08-27,3209Y,BRIHUEGA,GUADALAJARA,835,"20,2","0,0","11,8",05:14,"28,5",14:48,,,,,,,,,
2013-08-28,3209Y,BRIHUEGA,GUADALAJARA,835,"18,6","0,0","14,2",03:37,"23,0",14:54,,,,,,,,,
2013-08-29,3209Y,BRIHUEGA,GUADALAJARA,835,"16,6","0,0","10,5",06:11,"22,8",12:53,,,,,,,,,
2013-08-30,3209Y,BRIHUEGA,GUADALAJARA,835,"18,4","0,0","10,4",04:49,"26,3",16:05,,,,,,,,,
2013-08-31,3209Y,BRIHUEGA,GUADALAJARA,835,"19,1","0,0","9,7",05:33,"28,5",15:30,,,,,,,,,
2013-09-01,3209Y,BRIHUEGA,GUADALAJARA,835,"19,9","0,0","10,6",05:25,"29,2",15:38,,,,,,,,,
2013-09-02,3209Y,BRIHUEGA,GUADALAJARA,835,"20,2","0,0","10,9",05:54,"29,6",15:04,,,,,,,,,
2013-09-03,3209Y,BRIHUEGA,GUADALAJARA,835,"21,2","0,0","12,1",05:26,"30,2",15:27,,,,,,,,,
2013-09-04,3209Y,BRIHUEGA,GUADALAJARA,835,"20,6","0,0","11,5",05:41,"29,7",14:34,,,,,,,,,
2013-09-05,3209Y,BRIHUEGA,GUADALAJARA,835,"19,1","0,0","11,3",06:03,"26,9",15:08,,,,,,,,,
2013-09-06,3209Y,BRIHUEGA,GUADALAJARA,835,"19,2","0,0","12,2",05:53,"26,2",14:08,,,,,,,,,
2013-09-07,3209Y,BRIHUEGA,GUADALAJARA,835,"18,2","1,8","12,1",05:18,"24,3",15:40,,,,,,,,,
2013-09-08,3209Y,BRIHUEGA,GUADALAJARA,835,"18,9","0,0","12,5",05:41,"25,3",14:45,,,,,,,,,
2013-09-09,3209Y,BRIHUEGA,GUADALAJARA,835,"17,9","0,0","8,9",05:38,"26,9",16:37,,,,,,,,,
2013-09-10,3209Y,BRIHUEGA,GUADALAJARA,835,"19,0","0,4","9,5",05:48,"28,4",14:40,,,,,,,,,
2013-09-11,3209Y,BRIHUEGA,GUADALAJARA,835,"16,2","0,0","10,1",05:54,"22,4",14:08,,,,,,,,,
2013-09-12,3209Y,BRIHUEGA,GUADALAJARA,835,"16,4","0,0","6,9",05:32,"26,0",15:26,,,,,,,,,
2013-09-13,3209Y,BRIHUEGA,GUADALAJARA,835,"18,6","0,0","9,6",06:02,"27,7",14:23,,,,,,,,,
2013-09-14,3209Y,BRIHUEGA,GUADALAJARA,835,"19,4","0,0","11,2",04:02,"27,7",15:23,,,,,,,,,
2013-09-15,3209Y,BRIHUEGA,GUADALAJARA,835,"19,2","0,0","11,2",04:56,"27,3",14:50,,,,,,,,,
2013-09-16,3209Y,BRIHUEGA,GUADALAJARA,835,"18,4","0,0","8,4",05:36,"28,3",14:47,,,,,,,,,
2013-09-17,3209Y,BRIHUEGA,GUADALAJARA,835,"18,8","0,0","11,1",06:00,"26,6",15:04,,,,,,,,,
2013-09-18,3209Y,BRIHUEGA,GUADALAJARA,835,"18,6","0,0","10,1",06:26,"27,2",14:10,,,,,,,,,
2013-09-19,3209Y,BRIHUEGA,GUADALAJARA,835,"18,0","0,0","10,3",05:35,"25,6",14:12,,,,,,,,,
2013-09-20,3209Y,BRIHUEGA,GUADALAJARA,835,"18,6","0,0","10,2",06:23,"27,0",14:44,,,,,,,,,
2013-09-21,3209Y,BRIHUEGA,GUADALAJARA,835,"20,6","0,0","13,6",01:06,"27,7",13:22,,,,,,,,,
2013-09-22,3209Y,BRIHUEGA,GUADALAJARA,835,"19,8","0,0","11,4",04:39,"28,3",14:33,,,,,,,,,
2013-09-23,3209Y,BRIHUEGA,GUADALAJARA,835,"20,5","0,0","11,9",06:01,"29,1",13:36,,,,,,,,,
2013-09-24,3209Y,BRIHUEGA,GUADALAJARA,835,"20,0","0,0","11,2",06:11,"28,8",14:58,,,,,,,,,
2013-09-25,3209Y,BRIHUEGA,GUADALAJARA,835,"19,8","0,0","11,7",06:18,"28,0",15:04,,,,,,,,,
2013-09-26,3209Y,BRIHUEGA,GUADALAJARA,835,"20,5","0,0","12,5",05:25,"28,5",Varias,,,,,,,,,
2013-09-27,3209Y,BRIHUEGA,GUADALAJARA,835,"19,1","0,0","13,7",04:02,"24,5",14:35,,,,,,,,,
2013-09-28,3209Y,BRIHUEGA,GUADALAJARA,835,"16,5","11,6","13,3",Varias,"19,7",15:14,,,,,,,,,
2013-09-29,3209Y,BRIHUEGA,GUADALAJARA,835,"15,6","0,8","12,4",06:51,"18,7",14:18,,,,,,,,,
2013-09-30,3209Y,BRIHUEGA,GUADALAJARA,835,"16,8","1,4","13,6",00:06,"20,0",14:21,,,,,,,,,
2013-10-01,3209Y,BRIHUEGA,GUADALAJARA,835,"19,1","0,2","16,0",24:00,"22,2",13:38,,,,,,,,,
2013-10-02,3209Y,BRIHUEGA,GUADALAJARA,835,"17,6","2,0","11,6",05:05,"23,7",15:12,,,,,,,,,
2013-10-03,3209Y,BRIHUEGA,GUADALAJARA,835,"19,0","12,2","14,7",20:37,"23,4",14:26,,,,,,,,,
2013-10-04,3209Y,BRIHUEGA,GUADALAJARA,835,"15,4","17,0","10,1",23:49,"20,8",14:52,,,,,,,,,
2013-10-05,3209Y,BRIHUEGA,GUADALAJARA,835,"14,6","0,0","8,2",05:32,"20,9",12:27,,,,,,,,,
2013-10-06,3209Y,BRIHUEGA,GUADALAJARA,835,"14,4","0,0","8,1",05:30,"20,7",13:50,,,,,,,,,
2013-10-07,3209Y,BRIHUEGA,GUADALAJARA,835,"13,6","0,0","5,7",05:41,"21,5",13:52,,,,,,,,,
2013-10-08,3209Y,BRIHUEGA,GUADALAJARA,835,"14,2","0,0","5,2",05:41,"23,1",15:06,,,,,,,,,
2013-10-09,3209Y,BRIHUEGA,GUADALAJARA,835,"14,4","0,0","6,3",06:27,"22,5",14:36,,,,,,,,,
2013-10-10,3209Y,BRIHUEGA,GUADALAJARA,835,"14,4","0,0","5,7",04:55,"23,1",14:08,,,,,,,,,
2013-10-11,3209Y,BRIHUEGA,GUADALAJARA,835,"13,3","0,0","6,3",05:44,"20,3",14:32,,,,,,,,,
2013-10-12,3209Y,BRIHUEGA,GUADALAJARA,835,"11,2","0,0","2,5",06:35,"19,8",15:04,,,,,,,,,
2013-10-13,3209Y,BRIHUEGA,GUADALAJARA,835,"9,7","0,0","3,8",06:20,"15,6",15:16,,,,,,,,,
2013-10-14,3209Y,BRIHUEGA,GUADALAJARA,835,"12,0","0,0","4,1",04:54,"19,9",15:04,,,,,,,,,
2013-10-15,3209Y,BRIHUEGA,GUADALAJARA,835,"13,8","0,0","7,1",05:56,"20,5",13:31,,,,,,,,,
2013-10-16,3209Y,BRIHUEGA,GUADALAJARA,835,"15,2","0,0","7,6",06:30,"22,7",13:42,,,,,,,,,
2013-10-17,3209Y,BRIHUEGA,GUADALAJARA,835,"16,8","0,0","9,9",04:19,"23,8",13:25,,,,,,,,,
2013-10-18,3209Y,BRIHUEGA,GUADALAJARA,835,"16,3","0,0","8,3",06:39,"24,3",13:34,,,,,,,,,
2013-10-19,3209Y,BRIHUEGA,GUADALAJARA,835,"14,3","10,0","9,9",06:00,"18,7",13:20,,,,,,,,,
2013-10-20,3209Y,BRIHUEGA,GUADALAJARA,835,"12,7","0,2","7,0",23:53,"18,4",13:36,,,,,,,,,
2013-10-21,3209Y,BRIHUEGA,GUADALAJARA,835,"12,8","0,0","6,3",05:24,"19,3",15:28,,,,,,,,,
2013-10-22,3209Y,BRIHUEGA,GUADALAJARA,835,"10,4","18,4","8,2",00:01,"12,7",Varias,,,,,,,,,
2013-10-23,3209Y,BRIHUEGA,GUADALAJARA,835,"12,6","0,2","8,5",23:43,"16,8",14:08,,,,,,,,,
2013-10-24,3209Y,BRIHUEGA,GUADALAJARA,835,"12,7","7,4","8,5",00:13,"16,9",15:34,,,,,,,,,
2013-10-25,3209Y,BRIHUEGA,GUADALAJARA,835,"14,0","2,8","11,2",22:29,"16,8",14:41,,,,,,,,,
2013-10-26,3209Y,BRIHUEGA,GUADALAJARA,835,"12,8","1,4","9,3",23:58,"16,3",13:24,,,,,,,,,
2013-10-27,3209Y,BRIHUEGA,GUADALAJARA,835,"12,5","0,0","6,5",06:33,"18,5",14:24,,,,,,,,,
2013-10-28,3209Y,BRIHUEGA,GUADALAJARA,835,"13,2","0,0","6,4",Varias,"19,9",14:29,,,,,,,,,
2013-10-29,3209Y,BRIHUEGA,GUADALAJARA,835,"7,4","0,0","3,1",06:58,"11,8",13:09,,,,,,,,,
2013-10-30,3209Y,BRIHUEGA,GUADALAJARA,835,"6,3","0,0","0,2",05:57,"12,4",14:00,,,,,,,,,
2013-10-31,3209Y,BRIHUEGA,GUADALAJARA,835,"7,6","0,0","-1,5",05:53,"16,7",14:08,,,,,,,,,
2013-11-01,3209Y,BRIHUEGA,GUADALAJARA,835,"8,7","0,0","1,3",00:52,"16,1",13:41,,,,,,,,,
2013-11-02,3209Y,BRIHUEGA,GUADALAJARA,835,"10,6","0,0","3,7",06:52,"17,6",14:14,,,,,,,,,
2013-11-03,3209Y,BRIHUEGA,GUADALAJARA,835,"9,9","0,2","4,9",00:42,"14,9",14:30,,,,,,,,,
2013-11-04,3209Y,BRIHUEGA,GUADALAJARA,835,"10,9","0,6","8,4",Varias,"13,4",Varias,,,,,,,,,
2013-11-05,3209Y,BRIHUEGA,GUADALAJARA,835,"14,8","0,0","10,4",21:46,"19,2",13:56,,,,,,,,,
2013-11-06,3209Y,BRIHUEGA,GUADALAJARA,835,"13,1","0,0","6,0",06:35,"20,2",14:13,,,,,,,,,
2013-11-07,3209Y,BRIHUEGA,GUADALAJARA,835,"10,0","0,0","6,1",03:56,"13,8",14:30,,,,,,,,,
2013-11-08,3209Y,BRIHUEGA,GUADALAJARA,835,"9,2","0,4","6,8",23:58,"11,6",15:04,,,,,,,,,
2013-11-09,3209Y,BRIHUEGA,GUADALAJARA,835,"7,4","0,0","1,5",06:23,"13,4",13:03,,,,,,,,,
2013-11-10,3209Y,BRIHUEGA,GUADALAJARA,835,"9,1","0,0","3,0",04:51,"15,2",14:22,,,,,,,,,
2013-11-11,3209Y,BRIHUEGA,GUADALAJARA,835,"10,6","0,0","5,1",05:54,"16,1",13:16,,,,,,,,,
2013-11-12,3209Y,BRIHUEGA,GUADALAJARA,835,"12,6","0,0","7,5",06:36,"17,7",14:22,,,,,,,,,
2013-11-13,3209Y,BRIHUEGA,GUADALAJARA,835,"11,3","0,0","6,8",23:36,"15,8",11:37,,,,,,,,,
2013-11-14,3209Y,BRIHUEGA,GUADALAJARA,835,"7,3","0,0","0,5",24:00,"14,1",13:42,,,,,,,,,
2013-11-15,3209Y,BRIHUEGA,GUADALAJARA,835,"4,4","0,0","0,0",00:32,"8,8",13:10,,,,,,,,,
2013-11-16,3209Y,BRIHUEGA,GUADALAJARA,835,"0,6","4,6","-1,9",06:28,"3,2",11:21,,,,,,,,,
2013-11-17,3209Y,BRIHUEGA,GUADALAJARA,835,"2,8","6,6","0,7",20:58,"5,0",11:48,,,,,,,,,
2013-11-18,3209Y,BRIHUEGA,GUADALAJARA,835,"4,4","1,4","0,6",00:22,"8,3",14:18,,,,,,,,,
2013-11-19,3209Y,BRIHUEGA,GUADALAJARA,835,"4,5","0,0","-1,4",23:41,"10,4",10:56,,,,,,,,,
2013-11-20,3209Y,BRIHUEGA,GUADALAJARA,835,"2,0","0,0","-3,2",23:58,"7,1",12:50,,,,,,,,,
2013-11-21,3209Y,BRIHUEGA,GUADALAJARA,835,"1,4","0,0","-5,3",07:14,"8,1",15:07,,,,,,,,,
2013-11-22,3209Y,BRIHUEGA,GUADALAJARA,835,"2,0","0,0","-4,3",23:53,"8,2",12:42,,,,,,,,,
2013-11-23,3209Y,BRIHUEGA,GUADALAJARA,835,"1,6","0,0","-5,0",07:11,"8,3",12:44,,,,,,,,,
2013-11-24,3209Y,BRIHUEGA,GUADALAJARA,835,"3,0","0,0","-3,7",07:18,"9,6",14:12,,,,,,,,,
2013-11-25,3209Y,BRIHUEGA,GUADALAJARA,835,"4,3","0,0","-1,5",07:36,"10,1",13:22,,,,,,,,,
2013-11-26,3209Y,BRIHUEGA,GUADALAJARA,835,"2,7","0,0","-2,0",22:57,"7,4",12:33,,,,,,,,,
2013-11-27,3209Y,BRIHUEGA,GUADALAJARA,835,"1,8","0,0","-5,4",07:14,"9,0",13:43,,,,,,,,,
2013-11-28,3209Y,BRIHUEGA,GUADALAJARA,835,"0,8","2,0","-5,4",07:42,"6,9",14:10,,,,,,,,,
2013-11-29,3209Y,BRIHUEGA,GUADALAJARA,835,"0,5","0,2","-7,4",Varias,"8,4",14:39,,,,,,,,,
2013-11-30,3209Y,BRIHUEGA,GUADALAJARA,835,"1,4","0,4","-4,1",04:51,"6,8",15:22,,,,,,,,,
2013-12-01,3209Y,BRIHUEGA,GUADALAJARA,835,"2,8","0,0","-2,5",05:35,"8,1",13:14,,,,,,,,,
2013-12-02,3209Y,BRIHUEGA,GUADALAJARA,835,"0,8","0,0","-6,7",07:20,"8,2",13:50,,,,,,,,,
2013-12-03,3209Y,BRIHUEGA,GUADALAJARA,835,"5,0","0,0","-3,6",04:28,"13,6",14:28,,,,,,,,,
2013-12-04,3209Y,BRIHUEGA,GUADALAJARA,835,"7,2","0,0","-1,1",04:14,"15,5",14:32,,,,,,,,,
2013-12-05,3209Y,BRIHUEGA,GUADALAJARA,835,"6,4","0,0","-2,6",05:27,"15,4",13:35,,,,,,,,,
2013-12-06,3209Y,BRIHUEGA,GUADALAJARA,835,"5,2","0,0","-2,4",07:22,"12,9",14:02,,,,,,,,,
2013-12-07,3209Y,BRIHUEGA,GUADALAJARA,835,"5,9","0,0","-3,2",07:22,"15,0",14:10,,,,,,,,,
2013-12-08,3209Y,BRIHUEGA,GUADALAJARA,835,"4,8","0,0","-4,1",04:51,"13,8",14:25,,,,,,,,,
2013-12-09,3209Y,BRIHUEGA,GUADALAJARA,835,"2,0","0,0","-5,4",07:32,"9,4",14:06,,,,,,,,,
2013-12-10,3209Y,BRIHUEGA,GUADALAJARA,835,"4,2","0,0","-4,8",03:26,"13,2",14:59,,,,,,,,,
2013-12-11,3209Y,BRIHUEGA,GUADALAJARA,835,"3,2","0,0","-3,9",07:24,"10,4",14:31,,,,,,,,,
2013-12-12,3209Y,BRIHUEGA,GUADALAJARA,835,"3,0","0,0","-4,6",06:58,"10,6",14:00,,,,,,,,,
2013-12-13,3209Y,BRIHUEGA,GUADALAJARA,835,"2,8","3,0","-3,0",01:57,"8,7",14:05,,,,,,,,,
2013-12-14,3209Y,BRIHUEGA,GUADALAJARA,835,"6,0","0,0","0,6",Varias,"11,3",14:54,,,,,,,,,
2013-12-15,3209Y,BRIHUEGA,GUADALAJARA,835,"6,4","0,0","-2,1",07:15,"14,8",13:57,,,,,,,,,
2013-12-16,3209Y,BRIHUEGA,GUADALAJARA,835,"6,4","0,0","-1,1",07:27,"14,0",13:30,,,,,,,,,
2013-12-17,3209Y,BRIHUEGA,GUADALAJARA,835,"3,0","0,0","-1,5",Varias,"7,4",Varias,,,,,,,,,
2013-12-18,3209Y,BRIHUEGA,GUADALAJARA,835,"4,5","7,6","1,2",00:01,"7,8",12:11,,,,,,,,,
2013-12-19,3209Y,BRIHUEGA,GUADALAJARA,835,"4,6","12,4","2,1",23:55,"7,1",15:35,,,,,,,,,
2013-12-20,3209Y,BRIHUEGA,GUADALAJARA,835,"2,2","0,0","-3,0",23:57,"7,4",13:58,,,,,,,,,
2013-12-21,3209Y,BRIHUEGA,GUADALAJARA,835,"1,8","0,0","-4,5",04:56,"8,2",13:25,,,,,,,,,
2013-12-22,3209Y,BRIHUEGA,GUADALAJARA,835,"2,6","0,0","-4,4",07:23,"9,5",14:21,,,,,,,,,
2013-12-23,3209Y,BRIHUEGA,GUADALAJARA,835,"2,8","0,0","-3,4",03:34,"9,0",14:23,,,,,,,,,
2013-12-24,3209Y,BRIHUEGA,GUADALAJARA,835,"5,2","25,0","3,1",10:33,"7,2",19:05,,,,,,,,,
2013-12-25,3209Y,BRIHUEGA,GUADALAJARA,835,"4,0","5,4","0,5",24:00,"7,6",03:04,,,,,,,,,
2013-12-26,3209Y,BRIHUEGA,GUADALAJARA,835,"2,9","0,2","-1,7",06:11,"7,5",15:07,,,,,,,,,
2013-12-27,3209Y,BRIHUEGA,GUADALAJARA,835,"6,4","13,6","3,8",00:01,"9,1",14:17,,,,,,,,,
2013-12-28,3209Y,BRIHUEGA,GUADALAJARA,835,"3,8","0,4","-0,4",23:51,"7,9",Varias,,,,,,,,,
2013-12-29,3209Y,BRIHUEGA,GUADALAJARA,835,"1,4","0,0","-4,4",07:49,"7,1",14:04,,,,,,,,,
2013-12-30,3209Y,BRIHUEGA,GUADALAJARA,835,"-0,2","0,4","-5,7",05:25,"5,3",13:43,,,,,,,,,
2013-12-31,3209Y,BRIHUEGA,GUADALAJARA,835,"1,8","0,4","-1,5",00:01,"5,1",14:12,,,,,,,,,
2014-01-01,3209Y,BRIHUEGA,GUADALAJARA,835,"5,4","5,0","3,9",00:01,"6,9",15:04,,,,,,,,,
2014-01-02,3209Y,BRIHUEGA,GUADALAJARA,835,"7,9","9,8","6,3",00:01,"9,5",Varias,,,,,,,,,
2014-01-03,3209Y,BRIHUEGA,GUADALAJARA,835,"8,6","11,4","7,7",07:38,"9,6",01:21,,,,,,,,,
2014-01-04,3209Y,BRIHUEGA,GUADALAJARA,835,"4,6","8,8","0,5",22:48,"8,8",01:35,,,,,,,,,
2014-01-05,3209Y,BRIHUEGA,GUADALAJARA,835,"2,8","1,6","0,4",Varias,"5,3",23:47,,,,,,,,,
2014-01-06,3209Y,BRIHUEGA,GUADALAJARA,835,"7,0","0,0","5,1",07:40,"8,9",14:25,,,,,,,,,
2014-01-07,3209Y,BRIHUEGA,GUADALAJARA,835,"7,2","0,0","2,6",23:57,"11,7",13:40,,,,,,,,,
2014-01-08,3209Y,BRIHUEGA,GUADALAJARA,835,"6,7","0,0","0,5",05:50,"12,9",15:01,,,,,,,,,
2014-01-09,3209Y,BRIHUEGA,GUADALAJARA,835,"8,6","0,0","1,7",07:25,"15,4",15:04,,,,,,,,,
2014-01-10,3209Y,BRIHUEGA,GUADALAJARA,835,"8,9","0,0","2,8",01:43,"15,0",14:08,,,,,,,,,
2014-01-11,3209Y,BRIHUEGA,GUADALAJARA,835,"7,0","0,0","1,4",23:59,"12,6",15:29,,,,,,,,,
2014-01-12,3209Y,BRIHUEGA,GUADALAJARA,835,"3,6","11,2","0,0",03:00,"7,2",16:11,,,,,,,,,
2014-01-13,3209Y,BRIHUEGA,GUADALAJARA,835,"4,3","0,4","0,4",23:12,"8,2",13:59,,,,,,,,,
2014-01-14,3209Y,BRIHUEGA,GUADALAJARA,835,"4,6","1,0","1,2",00:01,"7,9",16:03,,,,,,,,,
2014-01-15,3209Y,BRIHUEGA,GUADALAJARA,835,"4,6","8,4","2,7",06:31,"6,4",17:01,,,,,,,,,
2014-01-16,3209Y,BRIHUEGA,GUADALAJARA,835,"5,0","0,8","2,8",Varias,"7,3",14:03,,,,,,,,,
2014-01-17,3209Y,BRIHUEGA,GUADALAJARA,835,"3,4","7,4","1,6",Varias,"5,3",16:54,,,,,,,,,
2014-01-18,3209Y,BRIHUEGA,GUADALAJARA,835,"3,2","8,8","0,9",19:34,"5,6",12:37,,,,,,,,,
2014-01-19,3209Y,BRIHUEGA,GUADALAJARA,835,"2,8","0,2","-0,2",06:42,"5,9",14:12,,,,,,,,,
2014-01-20,3209Y,BRIHUEGA,GUADALAJARA,835,"3,2","0,0","-0,7",23:58,"7,1",14:03,,,,,,,,,
2014-01-21,3209Y,BRIHUEGA,GUADALAJARA,835,"1,2","9,0","-4,1",07:48,"6,4",13:42,,,,,,,,,
2014-01-22,3209Y,BRIHUEGA,GUADALAJARA,835,"5,2","1,4","0,6",22:49,"9,8",13:34,,,,,,,,,
2014-01-23,3209Y,BRIHUEGA,GUADALAJARA,835,"3,0","0,0","-1,9",04:34,"7,9",14:53,,,,,,,,,
2014-01-24,3209Y,BRIHUEGA,GUADALAJARA,835,"5,1","0,0","-2,2",05:07,"12,4",13:56,,,,,,,,,
2014-01-25,3209Y,BRIHUEGA,GUADALAJARA,835,"8,4","0,0","4,1",06:07,"12,7",11:55,,,,,,,,,
2014-01-26,3209Y,BRIHUEGA,GUADALAJARA,835,"7,0","0,0","1,3",Varias,"12,7",13:35,,,,,,,,,
2014-01-27,3209Y,BRIHUEGA,GUADALAJARA,835,"6,0","0,0","2,9",23:16,"9,0",13:30,,,,,,,,,
2014-01-28,3209Y,BRIHUEGA,GUADALAJARA,835,"2,6","3,0","0,4",07:45,"4,7",19:04,,,,,,,,,
2014-01-29,3209Y,BRIHUEGA,GUADALAJARA,835,"1,0","6,4","-1,8",24:00,"3,8",15:12,,,,,,,,,
2014-01-30,3209Y,BRIHUEGA,GUADALAJARA,835,"1,0","1,2","-4,3",07:39,"6,3",14:25,,,,,,,,,
2014-01-31,3209Y,BRIHUEGA,GUADALAJARA,835,"4,8","1,2","0,6",04:27,"9,0",12:38,,,,,,,,,
2014-02-01,3209Y,BRIHUEGA,GUADALAJARA,835,"5,1","0,0","-0,8",23:45,"11,0",13:00,,,,,,,,,
2014-02-02,3209Y,BRIHUEGA,GUADALAJARA,835,"1,4","0,0","-5,4",07:32,"8,1",15:16,,,,,,,,,
2014-02-03,3209Y,BRIHUEGA,GUADALAJARA,835,"-0,6","1,0","-4,5",03:32,"3,3",15:56,,,,,,,,,
2014-02-04,3209Y,BRIHUEGA,GUADALAJARA,835,"1,2","14,4","-2,9",02:31,"5,3",23:56,,,,,,,,,
2014-02-05,3209Y,BRIHUEGA,GUADALAJARA,835,"6,1","0,8","2,4",21:16,"9,8",12:01,,,,,,,,,
2014-02-06,3209Y,BRIHUEGA,GUADALAJARA,835,"8,4","2,8","4,3",00:01,"12,6",14:09,,,,,,,,,
2014-02-07,3209Y,BRIHUEGA,GUADALAJARA,835,"3,8","3,8","0,6",07:38,"6,9",13:56,,,,,,,,,
2014-02-08,3209Y,BRIHUEGA,GUADALAJARA,835,"5,5","5,2","1,3",23:44,"9,7",14:39,,,,,,,,,
2014-02-09,3209Y,BRIHUEGA,GUADALAJARA,835,"1,8","13,6","-2,3",04:36,"5,8",22:19,,,,,,,,,
2014-02-10,3209Y,BRIHUEGA,GUADALAJARA,835,"2,3","0,2","-1,4",23:55,"6,0",13:15,,,,,,,,,
2014-02-11,3209Y,BRIHUEGA,GUADALAJARA,835,"-1,2","7,6","-3,5",03:33,"1,1",20:16,,,,,,,,,
2014-02-12,3209Y,BRIHUEGA,GUADALAJARA,835,"2,6","4,4","0,1",Varias,"5,0",23:32,,,,,,,,,
2014-02-13,3209Y,BRIHUEGA,GUADALAJARA,835,"8,4","2,4","4,1",01:45,"12,6",16:10,,,,,,,,,
2014-02-14,3209Y,BRIHUEGA,GUADALAJARA,835,"11,0","6,8","7,8",22:54,"14,2",14:01,,,,,,,,,
2014-02-15,3209Y,BRIHUEGA,GUADALAJARA,835,"4,9","3,6","1,9",23:56,"7,9",00:01,,,,,,,,,
2014-02-16,3209Y,BRIHUEGA,GUADALAJARA,835,"3,3","0,2","-2,3",23:36,"8,9",15:18,,,,,,,,,
2014-02-17,3209Y,BRIHUEGA,GUADALAJARA,835,"2,8","0,0","-3,6",06:37,"9,3",14:28,,,,,,,,,
2014-02-18,3209Y,BRIHUEGA,GUADALAJARA,835,"3,0","0,0","-0,6",22:44,"6,6",Varias,,,,,,,,,
2014-02-19,3209Y,BRIHUEGA,GUADALAJARA,835,"4,8","0,0","-2,1",06:07,"11,6",13:18,,,,,,,,,
2014-02-20,3209Y,BRIHUEGA,GUADALAJARA,835,"4,5","3,6","-2,5",05:28,"11,5",13:33,,,,,,,,,
2014-02-21,3209Y,BRIHUEGA,GUADALAJARA,835,"3,8","0,0","-1,5",23:46,"9,0",14:09,,,,,,,,,
2014-02-22,3209Y,BRIHUEGA,GUADALAJARA,835,"2,8","0,0","-4,5",06:57,"10,1",14:14,,,,,,,,,
2014-02-23,3209Y,BRIHUEGA,GUADALAJARA,835,"4,6","0,0","-3,3",06:19,"12,4",14:41,,,,,,,,,
2014-02-24,3209Y,BRIHUEGA,GUADALAJARA,835,"2,8","2,0","-0,8",23:47,"6,5",16:33,,,,,,,,,
2014-02-25,3209Y,BRIHUEGA,GUADALAJARA,835,"3,6","0,4","-0,8",00:09,"7,9",14:19,,,,,,,,,
2014-02-26,3209Y,BRIHUEGA,GUADALAJARA,835,"3,4","0,0","-1,8",23:48,"8,5",14:11,,,,,,,,,
2014-02-27,3209Y,BRIHUEGA,GUADALAJARA,835,"2,6","0,4","-1,8",00:01,"7,1",16:19,,,,,,,,,
2014-02-28,3209Y,BRIHUEGA,GUADALAJARA,835,"7,4","0,0","3,3",22:31,"11,6",14:23,,,,,,,,,
2014-03-01,3209Y,BRIHUEGA,GUADALAJARA,835,"6,4","10,0","4,0",02:57,"8,7",16:02,,,,,,,,,
2014-03-02,3209Y,BRIHUEGA,GUADALAJARA,835,"9,2","1,8","5,0",05:28,"13,5",14:16,,,,,,,,,
2014-03-03,3209Y,BRIHUEGA,GUADALAJARA,835,"5,4","0,0","2,4",06:56,"8,3",00:01,,,,,,,,,
2014-03-04,3209Y,BRIHUEGA,GUADALAJARA,835,"5,4","0,0","0,9",07:11,"9,9",14:04,,,,,,,,,
2014-03-05,3209Y,BRIHUEGA,GUADALAJARA,835,"7,8","0,0","2,3",07:08,"13,3",13:33,,,,,,,,,
2014-03-06,3209Y,BRIHUEGA,GUADALAJARA,835,"9,4","0,0","0,2",06:43,"18,7",14:45,,,,,,,,,
2014-03-07,3209Y,BRIHUEGA,GUADALAJARA,835,"8,5","0,0","0,3",04:35,"16,7",14:58,,,,,,,,,
2014-03-08,3209Y,BRIHUEGA,GUADALAJARA,835,"8,8","0,0","-0,5",Varias,"18,0",15:04,,,,,,,,,
2014-03-09,3209Y,BRIHUEGA,GUADALAJARA,835,"7,6","0,0","-1,8",06:44,"17,0",15:47,,,,,,,,,
2014-03-10,3209Y,BRIHUEGA,GUADALAJARA,835,"8,2","0,0","-1,8",05:32,"18,1",15:01,,,,,,,,,
2014-03-11,3209Y,BRIHUEGA,GUADALAJARA,835,"9,4","0,0","1,8",05:20,"17,0",14:41,,,,,,,,,
2014-03-12,3209Y,BRIHUEGA,GUADALAJARA,835,"7,9","0,0","0,7",04:27,"15,1",12:51,,,,,,,,,
2014-03-13,3209Y,BRIHUEGA,GUADALAJARA,835,"5,8","0,0","-0,3",05:28,"11,9",13:51,,,,,,,,,
2014-03-14,3209Y,BRIHUEGA,GUADALAJARA,835,"7,1","0,0","-1,0",04:14,"15,2",15:17,,,,,,,,,
2014-03-15,3209Y,BRIHUEGA,GUADALAJARA,835,"10,0","0,0","2,1",03:05,"17,9",15:04,,,,,,,,,
2014-03-16,3209Y,BRIHUEGA,GUADALAJARA,835,"12,5","0,0","2,9",00:23,"22,1",15:11,,,,,,,,,
2014-03-17,3209Y,BRIHUEGA,GUADALAJARA,835,"12,4","0,0","2,6",06:25,"22,3",14:31,,,,,,,,,
2014-03-18,3209Y,BRIHUEGA,GUADALAJARA,835,"13,2","0,0","4,5",05:31,"21,8",13:11,,,,,,,,,
2014-03-19,3209Y,BRIHUEGA,GUADALAJARA,835,"13,0","0,0","6,2",06:15,"19,9",14:47,,,,,,,,,
2014-03-20,3209Y,BRIHUEGA,GUADALAJARA,835,"11,8","1,8","3,6",04:35,"20,1",14:50,,,,,,,,,
2014-03-21,3209Y,BRIHUEGA,GUADALAJARA,835,"12,0","1,2","6,9",Varias,"17,1",14:17,,,,,,,,,
2014-03-22,3209Y,BRIHUEGA,GUADALAJARA,835,"8,7","1,0","3,5",23:55,"13,9",14:23,,,,,,,,,
2014-03-23,3209Y,BRIHUEGA,GUADALAJARA,835,"3,8","0,0","-2,4",06:29,"10,1",14:03,,,,,,,,,
2014-03-24,3209Y,BRIHUEGA,GUADALAJARA,835,"3,9","2,2","-3,6",04:57,"11,4",11:40,,,,,,,,,
2014-03-25,3209Y,BRIHUEGA,GUADALAJARA,835,"5,0","1,6","0,5",04:46,"9,5",14:37,,,,,,,,,
2014-03-26,3209Y,BRIHUEGA,GUADALAJARA,835,"4,4","0,0","-1,1",23:56,"9,9",13:30,,,,,,,,,
2014-03-27,3209Y,BRIHUEGA,GUADALAJARA,835,"3,2","0,0","-4,0",06:06,"10,3",15:22,,,,,,,,,
2014-03-28,3209Y,BRIHUEGA,GUADALAJARA,835,"7,2","0,0","1,2",06:29,"13,2",13:08,,,,,,,,,
2014-03-29,3209Y,BRIHUEGA,GUADALAJARA,835,"8,7","1,0","3,8",02:52,"13,6",15:53,,,,,,,,,
2014-03-30,3209Y,BRIHUEGA,GUADALAJARA,835,"6,6","0,8","2,5",23:52,"10,7",14:52,,,,,,,,,
2014-03-31,3209Y,BRIHUEGA,GUADALAJARA,835,"8,0","0,0","2,0",00:39,"13,9",16:34,,,,,,,,,
2014-04-01,3209Y,BRIHUEGA,GUADALAJARA,835,"11,4","0,4","5,0",02:28,"17,8",14:38,,,,,,,,,
2014-04-02,3209Y,BRIHUEGA,GUADALAJARA,835,"9,5","16,4","6,1",20:44,"12,9",03:50,,,,,,,,,
2014-04-03,3209Y,BRIHUEGA,GUADALAJARA,835,"8,4","0,4","4,4",23:59,"12,4",12:58,,,,,,,,,
2014-04-04,3209Y,BRIHUEGA,GUADALAJARA,835,"9,1","0,2","2,8",02:39,"15,4",15:04,,,,,,,,,
2014-04-05,3209Y,BRIHUEGA,GUADALAJARA,835,"13,2","0,0","7,3",23:41,"19,0",16:37,,,,,,,,,
2014-04-06,3209Y,BRIHUEGA,GUADALAJARA,835,"13,0","0,0","4,7",05:38,"21,2",14:03,,,,,,,,,
2014-04-07,3209Y,BRIHUEGA,GUADALAJARA,835,"14,3","0,0","5,9",05:23,"22,7",14:37,,,,,,,,,
2014-04-08,3209Y,BRIHUEGA,GUADALAJARA,835,"15,7","0,0","8,0",05:43,"23,4",15:23,,,,,,,,,
2014-04-09,3209Y,BRIHUEGA,GUADALAJARA,835,"15,8","0,0","7,0",06:17,"24,7",15:22,,,,,,,,,
2014-04-10,3209Y,BRIHUEGA,GUADALAJARA,835,"16,8","0,0","8,2",03:36,"25,4",Varias,,,,,,,,,
2014-04-11,3209Y,BRIHUEGA,GUADALAJARA,835,"16,0","0,0","8,4",05:12,"23,7",13:38,,,,,,,,,
2014-04-12,3209Y,BRIHUEGA,GUADALAJARA,835,"13,8","15,8","7,5",05:53,"20,1",12:13,,,,,,,,,
2014-04-13,3209Y,BRIHUEGA,GUADALAJARA,835,"14,0","0,2","5,4",05:42,"22,5",16:17,,,,,,,,,
2014-04-14,3209Y,BRIHUEGA,GUADALAJARA,835,"14,4","0,0","6,7",Varias,"22,2",13:41,,,,,,,,,
2014-04-15,3209Y,BRIHUEGA,GUADALAJARA,835,"16,6","0,0","9,7",23:59,"23,4",16:13,,,,,,,,,
2014-04-16,3209Y,BRIHUEGA,GUADALAJARA,835,"15,6","0,0","6,6",05:36,"24,5",14:44,,,,,,,,,
2014-04-17,3209Y,BRIHUEGA,GUADALAJARA,835,"17,3","0,0","9,8",05:41,"24,8",14:11,,,,,,,,,
2014-04-18,3209Y,BRIHUEGA,GUADALAJARA,835,"16,4","0,0","7,3",06:05,"25,4",15:19,,,,,,,,,
2014-04-19,3209Y,BRIHUEGA,GUADALAJARA,835,"14,4","0,0","5,8",05:37,"23,1",13:16,,,,,,,,,
2014-04-20,3209Y,BRIHUEGA,GUADALAJARA,835,"12,1","6,0","7,6",06:53,"16,6",14:34,,,,,,,,,
2014-04-21,3209Y,BRIHUEGA,GUADALAJARA,835,"8,9","9,6","6,6",21:46,"11,2",16:29,,,,,,,,,
2014-04-22,3209Y,BRIHUEGA,GUADALAJARA,835,"10,4","0,0","4,5",02:40,"16,2",15:16,,,,,,,,,
2014-04-23,3209Y,BRIHUEGA,GUADALAJARA,835,"10,6","0,0","4,0",04:34,"17,3",15:26,,,,,,,,,
2014-04-24,3209Y,BRIHUEGA,GUADALAJARA,835,"9,7","19,4","5,5",23:44,"13,9",16:25,,,,,,,,,
2014-04-25,3209Y,BRIHUEGA,GUADALAJARA,835,"8,4","0,0","2,5",05:54,"14,3",15:59,,,,,,,,,
2014-04-26,3209Y,BRIHUEGA,GUADALAJARA,835,"10,0","2,6","5,4",02:48,"14,7",16:14,,,,,,,,,
2014-04-27,3209Y,BRIHUEGA,GUADALAJARA,835,"9,4","0,0","2,1",05:21,"16,8",15:15,,,,,,,,,
2014-04-28,3209Y,BRIHUEGA,GUADALAJARA,835,"13,9","0,0","7,1",05:29,"20,7",16:00,,,,,,,,,
2014-04-29,3209Y,BRIHUEGA,GUADALAJARA,835,"13,6","0,0","5,2",05:00,"21,9",15:04,,,,,,,,,
2014-04-30,3209Y,BRIHUEGA,GUADALAJARA,835,"13,8","0,0","5,6",05:20,"21,9",14:56,,,,,,,,,
2014-05-01,3209Y,BRIHUEGA,GUADALAJARA,835,"14,2","0,0","5,5",05:32,"22,8",16:19,,,,,,,,,
2014-05-02,3209Y,BRIHUEGA,GUADALAJARA,835,"12,2","0,0","5,7",23:20,"18,6",15:19,,,,,,,,,
2014-05-03,3209Y,BRIHUEGA,GUADALAJARA,835,"10,8","0,0","3,2",05:11,"18,3",16:22,,,,,,,,,
2014-05-04,3209Y,BRIHUEGA,GUADALAJARA,835,"11,8","0,0","0,5",05:20,"23,1",15:45,,,,,,,,,
2014-05-05,3209Y,BRIHUEGA,GUADALAJARA,835,"15,0","0,0","5,0",Varias,"25,0",14:48,,,,,,,,,
2014-05-06,3209Y,BRIHUEGA,GUADALAJARA,835,"17,5","0,0","9,7",04:38,"25,3",14:31,,,,,,,,,
2014-05-07,3209Y,BRIHUEGA,GUADALAJARA,835,"17,2","0,0","10,6",05:14,"23,8",14:16,,,,,,,,,
2014-05-08,3209Y,BRIHUEGA,GUADALAJARA,835,"18,6","0,0","11,0",05:20,"26,1",15:31,,,,,,,,,
2014-05-09,3209Y,BRIHUEGA,GUADALAJARA,835,"19,1","0,0","10,6",05:12,"27,6",15:46,,,,,,,,,
2014-05-10,3209Y,BRIHUEGA,GUADALAJARA,835,"19,1","0,0","10,3",05:13,"27,9",13:40,,,,,,,,,
2014-05-11,3209Y,BRIHUEGA,GUADALAJARA,835,"18,1","0,0","10,7",23:52,"25,5",15:55,,,,,,,,,
2014-05-12,3209Y,BRIHUEGA,GUADALAJARA,835,"16,8","0,0","7,6",04:50,"26,1",15:07,,,,,,,,,
2014-05-13,3209Y,BRIHUEGA,GUADALAJARA,835,"12,2","0,0","5,7",04:43,"18,8",14:36,,,,,,,,,
2014-05-14,3209Y,BRIHUEGA,GUADALAJARA,835,"12,6","0,0","2,1",05:32,"23,0",15:45,,,,,,,,,
2014-05-15,3209Y,BRIHUEGA,GUADALAJARA,835,"14,2","0,0","4,8",05:23,"23,7",14:01,,,,,,,,,
2014-05-16,3209Y,BRIHUEGA,GUADALAJARA,835,"14,1","0,0","4,1",05:03,"24,1",15:06,,,,,,,,,
2014-05-17,3209Y,BRIHUEGA,GUADALAJARA,835,"13,9","0,0","4,2",05:31,"23,6",16:07,,,,,,,,,
2014-05-18,3209Y,BRIHUEGA,GUADALAJARA,835,"12,8","0,0","4,1",05:35,"21,5",15:35,,,,,,,,,
2014-05-19,3209Y,BRIHUEGA,GUADALAJARA,835,"15,5","0,6","9,5",05:08,"21,5",12:33,,,,,,,,,
2014-05-20,3209Y,BRIHUEGA,GUADALAJARA,835,"11,6","1,0","7,3",01:31,"16,0",16:04,,,,,,,,,
2014-05-21,3209Y,BRIHUEGA,GUADALAJARA,835,"10,6","5,2","6,1",08:31,"15,0",14:24,,,,,,,,,
2014-05-22,3209Y,BRIHUEGA,GUADALAJARA,835,"9,0","3,8","4,9",03:01,"13,2",15:10,,,,,,,,,
2014-05-23,3209Y,BRIHUEGA,GUADALAJARA,835,"11,5","2,6","6,1",23:33,"16,9",15:04,,,,,,,,,
2014-05-24,3209Y,BRIHUEGA,GUADALAJARA,835,"13,2","0,6","6,5",04:53,"19,8",15:47,,,,,,,,,
2014-05-25,3209Y,BRIHUEGA,GUADALAJARA,835,"13,3","0,0","7,2",05:22,"19,4",16:06,,,,,,,,,
2014-05-26,3209Y,BRIHUEGA,GUADALAJARA,835,"12,0","0,0","4,6",04:11,"19,5",16:49,,,,,,,,,
2014-05-27,3209Y,BRIHUEGA,GUADALAJARA,835,"14,0","1,6","8,2",23:51,"19,7",15:32,,,,,,,,,
2014-05-28,3209Y,BRIHUEGA,GUADALAJARA,835,"12,0","0,2","6,0",23:54,"18,1",13:54,,,,,,,,,
2014-05-29,3209Y,BRIHUEGA,GUADALAJARA,835,"12,2","0,0","3,9",05:10,"20,5",14:00,,,,,,,,,
2014-05-30,3209Y,BRIHUEGA,GUADALAJARA,835,"13,9","0,0","7,9",23:52,"19,9",16:13,,,,,,,,,
2014-05-31,3209Y,BRIHUEGA,GUADALAJARA,835,"11,3","0,0","4,5",05:13,"18,1",16:29,,,,,,,,,
2014-06-01,3209Y,BRIHUEGA,GUADALAJARA,835,"14,4","0,0","6,8",04:30,"22,0",16:24,,,,,,,,,
2014-06-02,3209Y,BRIHUEGA,GUADALAJARA,835,"14,6","0,0","5,5",05:17,"23,8",16:06,,,,,,,,,
2014-06-03,3209Y,BRIHUEGA,GUADALAJARA,835,"16,7","0,0","7,0",05:04,"26,4",16:18,,,,,,,,,
2014-06-04,3209Y,BRIHUEGA,GUADALAJARA,835,"17,2","0,0","9,1",04:57,"25,3",14:24,,,,,,,,,
2014-06-05,3209Y,BRIHUEGA,GUADALAJARA,835,"16,2","0,0","6,5",04:58,"25,8",14:56,,,,,,,,,
2014-06-06,3209Y,BRIHUEGA,GUADALAJARA,835,"19,6","0,0","10,7",00:26,"28,4",14:56,,,,,,,,,
2014-06-07,3209Y,BRIHUEGA,GUADALAJARA,835,"18,1","0,0","10,7",05:19,"25,5",15:39,,,,,,,,,
2014-06-08,3209Y,BRIHUEGA,GUADALAJARA,835,"18,6","0,0","9,0",04:03,"28,1",15:28,,,,,,,,,
2014-06-09,3209Y,BRIHUEGA,GUADALAJARA,835,"18,8","0,0","10,1",Varias,"27,6",13:43,,,,,,,,,
2014-06-10,3209Y,BRIHUEGA,GUADALAJARA,835,"19,4","0,0","10,7",04:44,"28,2",14:45,,,,,,,,,
2014-06-11,3209Y,BRIHUEGA,GUADALAJARA,835,"19,9","2,4","11,4",02:51,"28,4",14:34,,,,,,,,,
2014-06-12,3209Y,BRIHUEGA,GUADALAJARA,835,"21,6","0,0","13,5",04:32,"29,8",15:10,,,,,,,,,
2014-06-13,3209Y,BRIHUEGA,GUADALAJARA,835,"21,6","0,0","11,8",Varias,"31,5",14:41,,,,,,,,,
2014-06-14,3209Y,BRIHUEGA,GUADALAJARA,835,"21,2","0,0","12,6",Varias,"29,9",13:52,,,,,,,,,
2014-06-15,3209Y,BRIHUEGA,GUADALAJARA,835,"17,1","0,0","9,0",05:04,"25,2",15:12,,,,,,,,,
2014-06-16,3209Y,BRIHUEGA,GUADALAJARA,835,"14,8","0,0","7,6",05:12,"21,9",15:09,,,,,,,,,
2014-06-17,3209Y,BRIHUEGA,GUADALAJARA,835,"17,0","0,0","8,3",05:28,"25,7",16:51,,,,,,,,,
2014-06-18,3209Y,BRIHUEGA,GUADALAJARA,835,"19,0","0,0","9,6",05:30,"28,5",15:32,,,,,,,,,
2014-06-19,3209Y,BRIHUEGA,GUADALAJARA,835,"21,0","0,0","13,8",05:10,"28,1",17:14,,,,,,,,,
2014-06-20,3209Y,BRIHUEGA,GUADALAJARA,835,"20,8","0,0","14,0",04:43,"27,7",16:53,,,,,,,,,
2014-06-21,3209Y,BRIHUEGA,GUADALAJARA,835,"19,8","0,0","12,6",04:38,"27,0",15:05,,,,,,,,,
2014-06-22,3209Y,BRIHUEGA,GUADALAJARA,835,"19,2","0,0","10,3",04:54,"28,0",14:51,,,,,,,,,
2014-06-23,3209Y,BRIHUEGA,GUADALAJARA,835,"19,2","0,6","10,6",04:54,"27,9",15:40,,,,,,,,,
2014-06-24,3209Y,BRIHUEGA,GUADALAJARA,835,"14,9","8,2","11,7",14:02,"18,1",11:33,,,,,,,,,
2014-06-25,3209Y,BRIHUEGA,GUADALAJARA,835,"18,2","0,6","11,7",Varias,"24,6",14:43,,,,,,,,,
2014-06-26,3209Y,BRIHUEGA,GUADALAJARA,835,"17,8",,"10,8",02:51,"24,9",16:41,,,,,,,,,
2014-06-27,3209Y,BRIHUEGA,GUADALAJARA,835,,"0,0",,,,,,,,,,,,,
2014-06-28,3209Y,BRIHUEGA,GUADALAJARA,835,"19,1","0,0","10,6",05:01,"27,6",Varias,,,,,,,,,
2014-06-29,3209Y,BRIHUEGA,GUADALAJARA,835,"17,7","0,0","10,4",05:23,"25,0",16:20,,,,,,,,,
2014-06-30,3209Y,BRIHUEGA,GUADALAJARA,835,"18,0","0,0","7,8",05:06,"28,1",16:21,,,,,,,,,
2014-07-01,3209Y,BRIHUEGA,GUADALAJARA,835,"18,3","0,0","11,0",04:46,"25,6",14:40,,,,,,,,,
2014-07-02,3209Y,BRIHUEGA,GUADALAJARA,835,"17,4","10,0","10,1",03:08,"24,8",15:23,,,,,,,,,
2014-07-03,3209Y,BRIHUEGA,GUADALAJARA,835,"15,6","9,8","11,1",23:57,"20,2",09:16,,,,,,,,,
2014-07-04,3209Y,BRIHUEGA,GUADALAJARA,835,"17,4","0,0","9,1",02:11,"25,8",15:15,,,,,,,,,
2014-07-05,3209Y,BRIHUEGA,GUADALAJARA,835,"19,4","0,0","10,5",04:49,"28,3",15:14,,,,,,,,,
2014-07-06,3209Y,BRIHUEGA,GUADALAJARA,835,"18,3","10,4","11,6",05:31,"25,0",13:56,,,,,,,,,
2014-07-07,3209Y,BRIHUEGA,GUADALAJARA,835,"17,2","0,0","10,3",23:59,"24,0",16:06,,,,,,,,,
2014-07-08,3209Y,BRIHUEGA,GUADALAJARA,835,"17,8","0,0","8,2",05:16,"27,5",16:27,,,,,,,,,
2014-07-09,3209Y,BRIHUEGA,GUADALAJARA,835,"16,9","0,0","10,9",23:56,"22,9",16:00,,,,,,,,,
2014-07-10,3209Y,BRIHUEGA,GUADALAJARA,835,"16,6","0,0","8,0",03:47,"25,2",16:13,,,,,,,,,
2014-07-11,3209Y,BRIHUEGA,GUADALAJARA,835,"18,0","0,0","8,5",03:54,"27,4",16:22,,,,,,,,,
2014-07-12,3209Y,BRIHUEGA,GUADALAJARA,835,"19,6","0,0","10,3",04:05,"29,0",16:25,,,,,,,,,
2014-07-13,3209Y,BRIHUEGA,GUADALAJARA,835,"21,3","0,0","12,2",Varias,"30,4",15:14,,,,,,,,,
2014-07-14,3209Y,BRIHUEGA,GUADALAJARA,835,"22,5","0,0","13,1",05:15,"31,9",15:14,,,,,,,,,
2014-07-15,3209Y,BRIHUEGA,GUADALAJARA,835,"24,0","0,0","14,7",05:11,"33,4",16:38,,,,,,,,,
2014-07-16,3209Y,BRIHUEGA,GUADALAJARA,835,"25,5","0,0","16,4",04:57,"34,6",Varias,,,,,,,,,
2014-07-17,3209Y,BRIHUEGA,GUADALAJARA,835,"25,8","0,0","17,0",05:22,"34,7",15:37,,,,,,,,,
2014-07-18,3209Y,BRIHUEGA,GUADALAJARA,835,"26,3","0,0","18,8",00:06,"33,8",14:21,,,,,,,,,
2014-07-19,3209Y,BRIHUEGA,GUADALAJARA,835,"17,3","0,0","11,9",22:53,"22,7",11:27,,,,,,,,,
2014-07-20,3209Y,BRIHUEGA,GUADALAJARA,835,"17,3","0,0","10,1",04:27,"24,5",15:50,,,,,,,,,
2014-07-21,3209Y,BRIHUEGA,GUADALAJARA,835,"19,2","0,0","9,8",05:26,"28,5",16:53,,,,,,,,,
2014-07-22,3209Y,BRIHUEGA,GUADALAJARA,835,"22,1","0,0","11,8",05:35,"32,4",15:29,,,,,,,,,
2014-07-24,3209Y,BRIHUEGA,GUADALAJARA,835,"25,0","0,0","16,7",05:41,"33,3",14:26,,,,,,,,,
2014-07-25,3209Y,BRIHUEGA,GUADALAJARA,835,,,,,,,,,,,,,,,
2014-07-26,3209Y,BRIHUEGA,GUADALAJARA,835,,"0,0",,,,,,,,,,,,,
2014-07-27,3209Y,BRIHUEGA,GUADALAJARA,835,"25,0","0,0","15,8",05:20,"34,2",14:36,,,,,,,,,
2014-07-28,3209Y,BRIHUEGA,GUADALAJARA,835,"24,0","0,0","15,4",05:32,"32,5",14:10,,,,,,,,,
2014-07-29,3209Y,BRIHUEGA,GUADALAJARA,835,"19,2","0,0","13,2",05:32,"25,2",15:13,,,,,,,,,
2014-07-30,3209Y,BRIHUEGA,GUADALAJARA,835,"19,7","0,0","9,5",05:26,"29,9",16:12,,,,,,,,,
2014-07-31,3209Y,BRIHUEGA,GUADALAJARA,835,"22,5","0,0","12,4",05:13,"32,6",14:47,,,,,,,,,
2014-08-01,3209Y,BRIHUEGA,GUADALAJARA,835,"21,4","0,0","14,3",05:34,"28,6",13:49,,,,,,,,,
2014-08-02,3209Y,BRIHUEGA,GUADALAJARA,835,"19,9","0,6","13,9",23:34,"25,9",15:35,,,,,,,,,
2014-08-03,3209Y,BRIHUEGA,GUADALAJARA,835,"20,0","0,0","12,9",03:55,"27,1",14:24,,,,,,,,,
2014-08-04,3209Y,BRIHUEGA,GUADALAJARA,835,"21,6","0,0","12,9",03:46,"30,2",15:15,,,,,,,,,
2014-08-05,3209Y,BRIHUEGA,GUADALAJARA,835,"23,4","0,0","15,0",05:44,"31,8",16:40,,,,,,,,,
2014-08-06,3209Y,BRIHUEGA,GUADALAJARA,835,"23,2","0,0","13,9",04:41,"32,5",15:38,,,,,,,,,
2014-08-07,3209Y,BRIHUEGA,GUADALAJARA,835,"24,0","0,0","15,2",05:15,"32,7",14:51,,,,,,,,,
2014-08-08,3209Y,BRIHUEGA,GUADALAJARA,835,"23,9","0,0","15,3",05:22,"32,5",14:13,,,,,,,,,
2014-08-09,3209Y,BRIHUEGA,GUADALAJARA,835,"22,6","0,0","14,0",05:25,"31,1",15:06,,,,,,,,,
2014-08-10,3209Y,BRIHUEGA,GUADALAJARA,835,"22,2","0,0","13,2",05:07,"31,2",16:02,,,,,,,,,
2014-08-11,3209Y,BRIHUEGA,GUADALAJARA,835,"23,0","0,0","14,1",05:41,"31,8",15:09,,,,,,,,,
2014-08-12,3209Y,BRIHUEGA,GUADALAJARA,835,"22,6","0,0","13,6",05:15,"31,5",14:31,,,,,,,,,
2014-08-13,3209Y,BRIHUEGA,GUADALAJARA,835,"20,0","0,0","13,9",23:57,"26,2",14:43,,,,,,,,,
2014-08-14,3209Y,BRIHUEGA,GUADALAJARA,835,"18,6","0,0","9,9",04:38,"27,4",15:44,,,,,,,,,
2014-08-15,3209Y,BRIHUEGA,GUADALAJARA,835,"19,5","0,0","9,8",05:44,"29,2",Varias,,,,,,,,,
2014-08-16,3209Y,BRIHUEGA,GUADALAJARA,835,"19,6","0,0","11,5",05:30,"27,6",15:11,,,,,,,,,
2014-08-17,3209Y,BRIHUEGA,GUADALAJARA,835,"20,6","0,0","10,6",03:17,"30,5",16:05,,,,,,,,,
2014-08-18,3209Y,BRIHUEGA,GUADALAJARA,835,"22,4","0,2","14,8",05:39,"30,0",15:05,,,,,,,,,
2014-08-19,3209Y,BRIHUEGA,GUADALAJARA,835,"22,0","0,0","13,8",05:30,"30,3",16:12,,,,,,,,,
2014-08-20,3209Y,BRIHUEGA,GUADALAJARA,835,"20,2","0,0","11,1",05:30,"29,2",14:43,,,,,,,,,
2014-08-21,3209Y,BRIHUEGA,GUADALAJARA,835,"19,6",,"10,8",05:29,"28,4",15:25,,,,,,,,,
2014-08-23,3209Y,BRIHUEGA,GUADALAJARA,835,"19,6","0,0","10,6",05:53,"28,6",15:35,,,,,,,,,
2014-08-24,3209Y,BRIHUEGA,GUADALAJARA,835,"21,2","0,0","12,1",05:16,"30,2",15:24,,,,,,,,,
2014-08-25,3209Y,BRIHUEGA,GUADALAJARA,835,"22,0","0,0","11,8",05:34,"32,1",15:35,,,,,,,,,
2014-08-26,3209Y,BRIHUEGA,GUADALAJARA,835,"22,7","0,0","12,7",05:44,"32,7",15:24,,,,,,,,,
2014-08-27,3209Y,BRIHUEGA,GUADALAJARA,835,"23,4","0,0","14,1",05:50,"32,7",14:08,,,,,,,,,
2014-08-28,3209Y,BRIHUEGA,GUADALAJARA,835,"23,7","0,0","14,4",05:51,"33,0",13:48,,,,,,,,,
2014-08-29,3209Y,BRIHUEGA,GUADALAJARA,835,"24,7","0,0","17,7",00:01,"31,7",15:58,,,,,,,,,
2014-08-30,3209Y,BRIHUEGA,GUADALAJARA,835,"22,6","1,2","14,4",05:46,"30,9",14:24,,,,,,,,,
2014-08-31,3209Y,BRIHUEGA,GUADALAJARA,835,"23,0","0,0","14,5",05:43,"31,5",16:17,,,,,,,,,
2014-09-01,3209Y,BRIHUEGA,GUADALAJARA,835,"24,0","0,0","14,5",Varias,"33,4",14:15,,,,,,,,,
2014-09-02,3209Y,BRIHUEGA,GUADALAJARA,835,"25,2","0,0","15,2",04:51,"35,2",15:21,,,,,,,,,
2014-09-03,3209Y,BRIHUEGA,GUADALAJARA,835,"23,6","0,0","14,7",05:44,"32,4",14:32,,,,,,,,,
2014-09-04,3209Y,BRIHUEGA,GUADALAJARA,835,"21,1","0,0","12,5",05:48,"29,7",15:27,,,,,,,,,
2014-09-05,3209Y,BRIHUEGA,GUADALAJARA,835,"21,5","0,0","12,4",05:56,"30,6",14:09,,,,,,,,,
2014-09-06,3209Y,BRIHUEGA,GUADALAJARA,835,"20,4","0,0","12,5",05:28,"28,2",15:41,,,,,,,,,
2014-09-07,3209Y,BRIHUEGA,GUADALAJARA,835,"20,3","0,0","12,6",05:44,"28,0",14:13,,,,,,,,,
2014-09-08,3209Y,BRIHUEGA,GUADALAJARA,835,"19,8","0,0","12,0",04:52,"27,7",Varias,,,,,,,,,
2014-09-09,3209Y,BRIHUEGA,GUADALAJARA,835,"20,8","0,0","13,0",06:06,"28,6",13:45,,,,,,,,,
2014-09-10,3209Y,BRIHUEGA,GUADALAJARA,835,"21,4","0,0","14,1",06:02,"28,8",13:37,,,,,,,,,
2014-09-11,3209Y,BRIHUEGA,GUADALAJARA,835,"19,2","0,0","11,2",05:55,"27,3",14:20,,,,,,,,,
2014-09-12,3209Y,BRIHUEGA,GUADALAJARA,835,"19,2","0,0","10,4",05:54,"28,1",14:40,,,,,,,,,
2014-09-13,3209Y,BRIHUEGA,GUADALAJARA,835,"20,0","0,0","11,5",05:39,"28,6",14:47,,,,,,,,,
2014-09-14,3209Y,BRIHUEGA,GUADALAJARA,835,"19,6","5,2","12,3",05:33,"26,9",13:27,,,,,,,,,
2014-09-15,3209Y,BRIHUEGA,GUADALAJARA,835,"17,6","0,2","11,8",06:16,"23,3",15:54,,,,,,,,,
2014-09-16,3209Y,BRIHUEGA,GUADALAJARA,835,"19,1","0,0","11,5",04:59,"26,7",13:07,,,,,,,,,
2014-09-17,3209Y,BRIHUEGA,GUADALAJARA,835,"18,4","1,0","13,2",22:20,"23,7",13:58,,,,,,,,,
2014-09-18,3209Y,BRIHUEGA,GUADALAJARA,835,"17,6","2,4","13,4",03:47,"21,9",13:40,,,,,,,,,
2014-09-19,3209Y,BRIHUEGA,GUADALAJARA,835,"15,4","0,2","10,5",24:00,"20,2",15:01,,,,,,,,,
2014-09-20,3209Y,BRIHUEGA,GUADALAJARA,835,"16,7","0,0","10,2",01:57,"23,2",14:50,,,,,,,,,
2014-09-21,3209Y,BRIHUEGA,GUADALAJARA,835,"18,8","14,0","12,1",06:03,"25,6",16:03,,,,,,,,,
2014-09-22,3209Y,BRIHUEGA,GUADALAJARA,835,"17,0","0,0","12,2",Varias,"21,9",13:31,,,,,,,,,
2014-09-23,3209Y,BRIHUEGA,GUADALAJARA,835,"14,8","0,0","8,5",04:59,"21,2",15:04,,,,,,,,,
2014-09-24,3209Y,BRIHUEGA,GUADALAJARA,835,"14,2","4,8","9,6",23:57,"18,9",12:27,,,,,,,,,
2014-09-25,3209Y,BRIHUEGA,GUADALAJARA,835,"14,0","0,0","7,1",05:37,"21,0",15:04,,,,,,,,,
2014-09-26,3209Y,BRIHUEGA,GUADALAJARA,835,"14,4","0,0","6,0",05:20,"22,7",14:38,,,,,,,,,
2014-09-27,3209Y,BRIHUEGA,GUADALAJARA,835,"15,4","0,0","9,0",05:59,"21,7",13:06,,,,,,,,,
2014-09-28,3209Y,BRIHUEGA,GUADALAJARA,835,"15,4","0,8","12,7",20:32,"18,2",13:47,,,,,,,,,
2014-09-29,3209Y,BRIHUEGA,GUADALAJARA,835,"16,5","0,0","10,9",23:30,"22,1",14:26,,,,,,,,,
2014-09-30,3209Y,BRIHUEGA,GUADALAJARA,835,"16,0","0,0","8,5",06:15,"23,6",12:48,,,,,,,,,
2014-10-01,3209Y,BRIHUEGA,GUADALAJARA,835,"17,5","0,0","10,5",06:03,"24,5",14:08,,,,,,,,,
2014-10-02,3209Y,BRIHUEGA,GUADALAJARA,835,"17,4","0,0","10,7",06:00,"24,2",14:35,,,,,,,,,
2014-10-03,3209Y,BRIHUEGA,GUADALAJARA,835,"17,2","0,2","10,4",06:00,"23,9",12:33,,,,,,,,,
2014-10-04,3209Y,BRIHUEGA,GUADALAJARA,835,"16,8","0,0","8,4",05:34,"25,2",13:09,,,,,,,,,
2014-10-05,3209Y,BRIHUEGA,GUADALAJARA,835,"16,4","0,0","9,2",24:00,"23,5",15:01,,,,,,,,,
2014-10-06,3209Y,BRIHUEGA,GUADALAJARA,835,"14,2","0,0","6,6",04:57,"21,8",14:22,,,,,,,,,
2014-10-07,3209Y,BRIHUEGA,GUADALAJARA,835,"14,2","0,0","8,4",04:33,"20,1",15:21,,,,,,,,,
2014-10-08,3209Y,BRIHUEGA,GUADALAJARA,835,"15,2","3,4","9,1",02:15,"21,2",15:12,,,,,,,,,
2014-10-09,3209Y,BRIHUEGA,GUADALAJARA,835,"15,8","24,8","13,5",18:48,"18,0",12:14,,,,,,,,,
2014-10-10,3209Y,BRIHUEGA,GUADALAJARA,835,"14,5","12,0","11,1",22:17,"17,9",14:08,,,,,,,,,
2014-10-11,3209Y,BRIHUEGA,GUADALAJARA,835,"15,2","12,6","11,4",23:25,"19,0",14:42,,,,,,,,,
2014-10-12,3209Y,BRIHUEGA,GUADALAJARA,835,"12,9","12,0","10,3",23:59,"15,5",11:07,,,,,,,,,
2014-10-13,3209Y,BRIHUEGA,GUADALAJARA,835,"11,5","11,2","8,7",Varias,"14,3",12:28,,,,,,,,,
2014-10-16,3209Y,BRIHUEGA,GUADALAJARA,835,"15,1","0,2","11,1",22:46,"19,1",14:55,,,,,,,,,
2014-10-17,3209Y,BRIHUEGA,GUADALAJARA,835,"15,5","0,0","10,2",23:59,"20,8",14:54,,,,,,,,,
2014-10-18,3209Y,BRIHUEGA,GUADALAJARA,835,"16,3","0,0","8,2",Varias,"24,4",14:23,,,,,,,,,
2014-10-19,3209Y,BRIHUEGA,GUADALAJARA,835,"18,4","0,0","10,9",06:13,"25,8",13:53,,,,,,,,,
2014-10-20,3209Y,BRIHUEGA,GUADALAJARA,835,"17,4","0,0","9,1",06:45,"25,8",14:43,,,,,,,,,
2014-10-21,3209Y,BRIHUEGA,GUADALAJARA,835,"18,6","0,0","9,9",04:48,"27,2",12:35,,,,,,,,,
2014-10-22,3209Y,BRIHUEGA,GUADALAJARA,835,"14,3","0,0","6,6",23:53,"22,0",14:06,,,,,,,,,
2014-10-23,3209Y,BRIHUEGA,GUADALAJARA,835,"14,6","0,0","5,3",06:18,"23,8",13:59,,,,,,,,,
2014-10-24,3209Y,BRIHUEGA,GUADALAJARA,835,"16,8","0,0","8,4",03:36,"25,1",13:40,,,,,,,,,
2014-10-25,3209Y,BRIHUEGA,GUADALAJARA,835,"17,4","0,0","9,6",06:31,"25,2",14:08,,,,,,,,,
2014-10-26,3209Y,BRIHUEGA,GUADALAJARA,835,"16,0","0,0","7,6",06:25,"24,5",14:18,,,,,,,,,
2014-10-27,3209Y,BRIHUEGA,GUADALAJARA,835,"15,7","0,0","7,6",06:51,"23,8",14:02,,,,,,,,,
2014-10-28,3209Y,BRIHUEGA,GUADALAJARA,835,"14,5","0,0","7,4",06:37,"21,6",14:26,,,,,,,,,
2014-10-29,3209Y,BRIHUEGA,GUADALAJARA,835,"15,0","0,0","6,8",05:41,"23,3",14:28,,,,,,,,,
2014-10-30,3209Y,BRIHUEGA,GUADALAJARA,835,"15,8","0,0","6,7",06:40,"24,9",14:21,,,,,,,,,
2014-10-31,3209Y,BRIHUEGA,GUADALAJARA,835,,,,,,,,,,,,,,,
2014-11-01,3209Y,BRIHUEGA,GUADALAJARA,835,"14,0","0,0","6,0",05:45,"22,1",13:23,,,,,,,,,
2014-11-02,3209Y,BRIHUEGA,GUADALAJARA,835,"11,9","0,8","5,2",06:14,"18,6",12:19,,,,,,,,,
2014-11-03,3209Y,BRIHUEGA,GUADALAJARA,835,"9,0","24,4","4,8",03:39,"13,1",11:41,,,,,,,,,
2014-11-04,3209Y,BRIHUEGA,GUADALAJARA,835,"7,3","0,8","4,5",Varias,"10,1",11:03,,,,,,,,,
2014-11-05,3209Y,BRIHUEGA,GUADALAJARA,835,"6,5","0,0","1,9",22:57,"11,1",13:20,,,,,,,,,
2014-11-06,3209Y,BRIHUEGA,GUADALAJARA,835,"6,8","0,8","1,0",Varias,"12,7",14:14,,,,,,,,,
2014-11-07,3209Y,BRIHUEGA,GUADALAJARA,835,,,,,,,,,,,,,,,
2014-11-09,3209Y,BRIHUEGA,GUADALAJARA,835,"5,0","0,0","-0,3",23:41,"10,3",13:40,,,,,,,,,
2014-11-10,3209Y,BRIHUEGA,GUADALAJARA,835,"3,4","5,4","-2,6",06:31,"9,4",11:40,,,,,,,,,
2014-11-11,3209Y,BRIHUEGA,GUADALAJARA,835,"6,5","10,8","4,6",01:47,"8,4",15:37,,,,,,,,,
2014-11-12,3209Y,BRIHUEGA,GUADALAJARA,835,"9,0","0,6","5,9",22:05,"12,0",15:07,,,,,,,,,
2014-11-13,3209Y,BRIHUEGA,GUADALAJARA,835,"9,4","7,6","6,5",00:01,"12,4",13:16,,,,,,,,,
2014-11-14,3209Y,BRIHUEGA,GUADALAJARA,835,"9,2","3,0","6,4",22:59,"11,9",00:01,,,,,,,,,
2014-11-15,3209Y,BRIHUEGA,GUADALAJARA,835,"7,2","1,2","4,8",06:41,"9,7",15:24,,,,,,,,,
2014-11-16,3209Y,BRIHUEGA,GUADALAJARA,835,"6,5","1,0","2,7",06:18,"10,3",12:37,,,,,,,,,
2014-11-17,3209Y,BRIHUEGA,GUADALAJARA,835,"6,2","0,8","0,3",23:41,"12,0",13:52,,,,,,,,,
2014-11-18,3209Y,BRIHUEGA,GUADALAJARA,835,"4,0","0,0","-1,0",Varias,"9,0",15:15,,,,,,,,,
2014-11-19,3209Y,BRIHUEGA,GUADALAJARA,835,"8,4","0,0","1,0",00:08,"15,8",15:05,,,,,,,,,
2014-11-20,3209Y,BRIHUEGA,GUADALAJARA,835,"12,6",,"5,7",04:17,"19,5",14:51,,,,,,,,,
2014-11-21,3209Y,BRIHUEGA,GUADALAJARA,835,,"0,0",,,,,,,,,,,,,
2014-11-22,3209Y,BRIHUEGA,GUADALAJARA,835,,,,,,,,,,,,,,,
2014-11-23,3209Y,BRIHUEGA,GUADALAJARA,835,"13,4","0,0","9,8",20:57,"17,1",12:41,,,,,,,,,
2014-11-24,3209Y,BRIHUEGA,GUADALAJARA,835,"13,6","0,0","9,1",24:00,"18,2",13:16,,,,,,,,,
2014-11-25,3209Y,BRIHUEGA,GUADALAJARA,835,"10,2","6,2","5,6",04:42,"14,8",13:34,,,,,,,,,
2014-11-27,3209Y,BRIHUEGA,GUADALAJARA,835,"6,3","5,6","3,2",04:13,"9,4",Varias,,,,,,,,,
2014-11-28,3209Y,BRIHUEGA,GUADALAJARA,835,"7,3","38,7","5,8",Varias,"8,8",16:39,,,,,,,,,
2014-11-29,3209Y,BRIHUEGA,GUADALAJARA,835,"8,0",,"5,6",02:54,"10,3",15:32,,,,,,,,,
2014-12-03,3209Y,BRIHUEGA,GUADALAJARA,835,"5,4","0,0","2,8",23:19,"8,1",15:00,,,,,,,,,
2014-12-04,3209Y,BRIHUEGA,GUADALAJARA,835,"4,8","0,0","1,3",08:05,"8,3",13:44,,,,,,,,,
2014-12-05,3209Y,BRIHUEGA,GUADALAJARA,835,"4,6","0,0","-0,9",23:43,"10,1",12:52,,,,,,,,,
2014-12-06,3209Y,BRIHUEGA,GUADALAJARA,835,"2,2","0,0","-2,6",06:44,"7,1",12:38,,,,,,,,,
2014-12-07,3209Y,BRIHUEGA,GUADALAJARA,835,"1,9","0,0","-4,0",06:25,"7,8",14:38,,,,,,,,,
2014-12-08,3209Y,BRIHUEGA,GUADALAJARA,835,"4,4","0,0","-1,9",06:15,"10,8",13:34,,,,,,,,,
2014-12-09,3209Y,BRIHUEGA,GUADALAJARA,835,"4,6","0,0","1,6",21:10,"7,5",13:52,,,,,,,,,
2014-12-10,3209Y,BRIHUEGA,GUADALAJARA,835,"6,2","0,0","-1,0",06:03,"13,4",14:26,,,,,,,,,
2014-12-11,3209Y,BRIHUEGA,GUADALAJARA,835,"5,6","0,0","-0,7",23:32,"11,9",13:23,,,,,,,,,
2014-12-12,3209Y,BRIHUEGA,GUADALAJARA,835,"4,0","0,0","-2,7",Varias,"10,7",13:24,,,,,,,,,
2014-12-13,3209Y,BRIHUEGA,GUADALAJARA,835,,,,,,,,,,,,,,,
2014-12-14,3209Y,BRIHUEGA,GUADALAJARA,835,"6,0","7,0","5,0",23:53,"6,9",14:00,,,,,,,,,
2014-12-15,3209Y,BRIHUEGA,GUADALAJARA,835,"4,4","0,0","0,9",Varias,"7,9",14:49,,,,,,,,,
2014-12-16,3209Y,BRIHUEGA,GUADALAJARA,835,"5,4","0,4","-1,0",04:05,"11,7",12:59,,,,,,,,,
2014-12-17,3209Y,BRIHUEGA,GUADALAJARA,835,"6,5","0,0","1,5",01:27,"11,5",14:33,,,,,,,,,
2014-12-18,3209Y,BRIHUEGA,GUADALAJARA,835,"8,5","0,0","1,3",05:32,"15,7",15:04,,,,,,,,,
2014-12-19,3209Y,BRIHUEGA,GUADALAJARA,835,"8,6","0,0","1,2",23:59,"15,9",14:01,,,,,,,,,
2014-12-20,3209Y,BRIHUEGA,GUADALAJARA,835,"5,8","0,0","-1,1",05:44,"12,8",13:05,,,,,,,,,
2014-12-21,3209Y,BRIHUEGA,GUADALAJARA,835,"7,2","0,0","0,2",23:49,"14,1",15:07,,,,,,,,,
2014-12-22,3209Y,BRIHUEGA,GUADALAJARA,835,"6,5","0,0","-1,0",Varias,"14,0",13:26,,,,,,,,,
2014-12-23,3209Y,BRIHUEGA,GUADALAJARA,835,"4,8","0,0","-2,7",04:13,"12,2",14:49,,,,,,,,,
2014-12-24,3209Y,BRIHUEGA,GUADALAJARA,835,"3,4","0,0","-3,5",06:37,"10,4",13:43,,,,,,,,,
2014-12-25,3209Y,BRIHUEGA,GUADALAJARA,835,"4,3","0,0","-1,2",07:21,"9,8",13:25,,,,,,,,,
2014-12-26,3209Y,BRIHUEGA,GUADALAJARA,835,"6,0","0,0","0,4",05:17,"11,6",14:29,,,,,,,,,
2014-12-27,3209Y,BRIHUEGA,GUADALAJARA,835,"3,8","0,0","-1,3",07:09,"8,8",15:01,,,,,,,,,
2014-12-28,3209Y,BRIHUEGA,GUADALAJARA,835,"2,4","0,6","-2,1",21:27,"6,9",14:01,,,,,,,,,
2014-12-29,3209Y,BRIHUEGA,GUADALAJARA,835,"1,8","0,0","-3,7",22:38,"7,4",14:00,,,,,,,,,
2014-12-30,3209Y,BRIHUEGA,GUADALAJARA,835,"2,8","0,0","-3,7",23:31,"9,4",14:57,,,,,,,,,
2014-12-31,3209Y,BRIHUEGA,GUADALAJARA,835,"3,7","0,0","-6,0",07:17,"13,4",13:22,,,,,,,,,
2015-01-01,3209Y,BRIHUEGA,GUADALAJARA,835,"5,5","0,0","-2,5",07:54,"13,5",14:25,,,,,,,,,
2015-01-02,3209Y,BRIHUEGA,GUADALAJARA,835,"6,4","0,0","-3,3",03:33,"16,2",14:27,,,,,,,,,
2015-01-03,3209Y,BRIHUEGA,GUADALAJARA,835,"6,8","0,0","-2,6",06:59,"16,3",14:33,,,,,,,,,
2015-01-04,3209Y,BRIHUEGA,GUADALAJARA,835,"8,9","0,0","0,1",06:08,"17,7",15:20,,,,,,,,,
2015-01-05,3209Y,BRIHUEGA,GUADALAJARA,835,"6,6","0,0","-1,4",24:00,"14,7",14:35,,,,,,,,,
2015-01-06,3209Y,BRIHUEGA,GUADALAJARA,835,"4,7","0,0","-4,1",07:25,"13,5",14:29,,,,,,,,,
2015-01-07,3209Y,BRIHUEGA,GUADALAJARA,835,"5,1","0,0","-2,3",07:12,"12,5",15:19,,,,,,,,,
2015-01-08,3209Y,BRIHUEGA,GUADALAJARA,835,"5,2","0,0","-2,9",07:38,"13,2",14:56,,,,,,,,,
2015-01-09,3209Y,BRIHUEGA,GUADALAJARA,835,"8,7","0,0","-0,6",06:49,"18,0",15:36,,,,,,,,,
2015-01-10,3209Y,BRIHUEGA,GUADALAJARA,835,"7,6","0,0","-2,5",07:24,"17,8",13:59,,,,,,,,,
2015-01-11,3209Y,BRIHUEGA,GUADALAJARA,835,"5,4","0,0","-1,9",00:54,"12,8",12:48,,,,,,,,,
2015-01-12,3209Y,BRIHUEGA,GUADALAJARA,835,"5,0","0,0","-2,4",07:43,"12,5",15:18,,,,,,,,,
2015-01-13,3209Y,BRIHUEGA,GUADALAJARA,835,"5,5","0,0","-1,6",07:26,"12,6",14:48,,,,,,,,,
2015-01-14,3209Y,BRIHUEGA,GUADALAJARA,835,"1,9","0,0","-1,5",06:32,"5,3",14:29,,,,,,,,,
2015-01-15,3209Y,BRIHUEGA,GUADALAJARA,835,"6,2","11,2","4,2",Varias,"8,2",Varias,,,,,,,,,
2015-01-16,3209Y,BRIHUEGA,GUADALAJARA,835,"2,2","0,2","-1,5",24:00,"6,0",03:05,,,,,,,,,
2015-01-18,3209Y,BRIHUEGA,GUADALAJARA,835,"-2,1","0,6","-4,9",03:53,"0,7",Varias,,,,,,,,,
2015-01-19,3209Y,BRIHUEGA,GUADALAJARA,835,"-0,9","5,8","-5,0",23:32,"3,2",13:54,,,,,,,,,
2015-01-20,3209Y,BRIHUEGA,GUADALAJARA,835,"-1,0","0,0","-5,3",03:16,"3,4",12:48,,,,,,,,,
2015-01-21,3209Y,BRIHUEGA,GUADALAJARA,835,"0,4","0,8","-2,5",23:58,"3,2",10:28,,,,,,,,,
2015-01-22,3209Y,BRIHUEGA,GUADALAJARA,835,"1,2","0,0","-3,5",02:57,"6,0",14:14,,,,,,,,,
2015-01-23,3209Y,BRIHUEGA,GUADALAJARA,835,"1,0","0,0","-4,8",05:04,"6,7",14:17,,,,,,,,,
2015-01-24,3209Y,BRIHUEGA,GUADALAJARA,835,"1,8","0,0","-6,3",06:58,"10,0",14:13,,,,,,,,,
2015-01-25,3209Y,BRIHUEGA,GUADALAJARA,835,"4,2","0,0","-1,4",04:59,"9,7",13:59,,,,,,,,,
2015-01-26,3209Y,BRIHUEGA,GUADALAJARA,835,"4,8","0,0","-1,8",01:30,"11,4",13:30,,,,,,,,,
2015-01-27,3209Y,BRIHUEGA,GUADALAJARA,835,"4,7","0,0","-1,3",06:02,"10,7",12:43,,,,,,,,,
2015-01-28,3209Y,BRIHUEGA,GUADALAJARA,835,"4,6","0,0","-2,8",07:26,"12,1",14:25,,,,,,,,,
2015-01-29,3209Y,BRIHUEGA,GUADALAJARA,835,"4,2","1,8","-2,6",07:43,"10,9",13:18,,,,,,,,,
2015-01-30,3209Y,BRIHUEGA,GUADALAJARA,835,"10,4","11,4","8,2",Varias,"12,6",13:12,,,,,,,,,
2015-01-31,3209Y,BRIHUEGA,GUADALAJARA,835,"4,2","0,0","0,3",Varias,"8,2",00:01,,,,,,,,,
2015-02-01,3209Y,BRIHUEGA,GUADALAJARA,835,"1,2","0,0","-2,0",07:25,"4,5",12:50,,,,,,,,,
2015-02-02,3209Y,BRIHUEGA,GUADALAJARA,835,"1,6","7,4","-1,1",02:40,"4,2",12:18,,,,,,,,,
2015-02-03,3209Y,BRIHUEGA,GUADALAJARA,835,"2,7","1,2","-0,3",23:34,"5,7",12:10,,,,,,,,,
2015-02-04,3209Y,BRIHUEGA,GUADALAJARA,835,"-1,4","1,2","-4,3",06:52,"1,6",14:07,,,,,,,,,
2015-02-05,3209Y,BRIHUEGA,GUADALAJARA,835,"-0,8","0,0","-3,8",23:38,"2,2",13:30,,,,,,,,,
2015-02-06,3209Y,BRIHUEGA,GUADALAJARA,835,"-1,5","0,4","-5,4",02:08,"2,4",12:03,,,,,,,,,
2015-02-07,3209Y,BRIHUEGA,GUADALAJARA,835,"-2,4","0,0","-5,1",23:59,"0,2",14:40,,,,,,,,,
2015-02-08,3209Y,BRIHUEGA,GUADALAJARA,835,"-0,4","0,0","-7,1",07:12,"6,4",14:44,,,,,,,,,
2015-02-09,3209Y,BRIHUEGA,GUADALAJARA,835,"3,0","0,0","-3,6",07:25,"9,7",15:05,,,,,,,,,
2015-02-10,3209Y,BRIHUEGA,GUADALAJARA,835,"2,2","0,0","-3,8",07:27,"8,3",12:37,,,,,,,,,
2015-02-11,3209Y,BRIHUEGA,GUADALAJARA,835,"3,2","0,8","0,8",00:01,"5,6",16:09,,,,,,,,,
2015-02-12,3209Y,BRIHUEGA,GUADALAJARA,835,"4,3","0,0","-0,2",23:55,"8,8",13:51,,,,,,,,,
2015-02-13,3209Y,BRIHUEGA,GUADALAJARA,835,"4,1",,"-1,1",01:12,"9,3",14:40,,,,,,,,,
2015-02-19,3209Y,BRIHUEGA,GUADALAJARA,835,,,,,,,,,,,,,,,
2015-02-20,3209Y,BRIHUEGA,GUADALAJARA,835,"2,6","3,0","-4,5",06:54,"9,8",13:28,,,,,,,,,
2015-02-21,3209Y,BRIHUEGA,GUADALAJARA,835,"4,9","0,2","0,0",23:18,"9,8",12:59,,,,,,,,,
2015-02-22,3209Y,BRIHUEGA,GUADALAJARA,835,"6,0","0,0","0,7",Varias,"11,2",13:17,,,,,,,,,
2015-02-23,3209Y,BRIHUEGA,GUADALAJARA,835,"6,9","1,8","2,1",23:59,"11,7",15:19,,,,,,,,,
2015-02-24,3209Y,BRIHUEGA,GUADALAJARA,835,"3,9","0,0","-0,4",04:37,"8,2",13:34,,,,,,,,,
2015-02-25,3209Y,BRIHUEGA,GUADALAJARA,835,"4,8","0,0","-1,6",06:16,"11,2",11:56,,,,,,,,,
2015-02-26,3209Y,BRIHUEGA,GUADALAJARA,835,"10,5","0,0","5,9",23:43,"15,1",13:00,,,,,,,,,
2015-02-27,3209Y,BRIHUEGA,GUADALAJARA,835,"5,5","0,0","0,5",23:53,"10,5",11:42,,,,,,,,,
2015-02-28,3209Y,BRIHUEGA,GUADALAJARA,835,"5,9","0,0","-2,6",05:06,"14,4",13:42,,,,,,,,,
2015-03-01,3209Y,BRIHUEGA,GUADALAJARA,835,"10,4","0,0","3,2",00:35,"17,5",13:32,,,,,,,,,
2015-03-02,3209Y,BRIHUEGA,GUADALAJARA,835,"11,2","0,0","4,8",05:00,"17,5",14:57,,,,,,,,,
2015-03-03,3209Y,BRIHUEGA,GUADALAJARA,835,"10,2","0,0","4,0",06:35,"16,4",15:10,,,,,,,,,
2015-03-04,3209Y,BRIHUEGA,GUADALAJARA,835,"5,4","0,0","-1,9",23:56,"12,6",13:23,,,,,,,,,
2015-03-05,3209Y,BRIHUEGA,GUADALAJARA,835,"3,4","0,0","-4,6",05:49,"11,5",15:10,,,,,,,,,
2015-03-06,3209Y,BRIHUEGA,GUADALAJARA,835,"9,5","0,0","-0,4",01:25,"19,4",14:28,,,,,,,,,
2015-03-07,3209Y,BRIHUEGA,GUADALAJARA,835,"10,4","0,0","-1,8",06:12,"22,7",14:43,,,,,,,,,
2015-03-08,3209Y,BRIHUEGA,GUADALAJARA,835,"11,8","0,0","2,8",06:39,"20,8",13:47,,,,,,,,,
2015-03-09,3209Y,BRIHUEGA,GUADALAJARA,835,"12,0","0,0","2,1",05:17,"21,8",14:22,,,,,,,,,
2015-03-10,3209Y,BRIHUEGA,GUADALAJARA,835,"11,8","0,0","2,5",05:58,"21,2",14:46,,,,,,,,,
2015-03-11,3209Y,BRIHUEGA,GUADALAJARA,835,"11,4","0,0","1,3",06:24,"21,6",15:01,,,,,,,,,
2015-03-12,3209Y,BRIHUEGA,GUADALAJARA,835,"11,1","0,0","1,7",06:42,"20,5",14:14,,,,,,,,,
2015-03-13,3209Y,BRIHUEGA,GUADALAJARA,835,"9,0","0,0","2,8",Varias,"15,2",14:52,,,,,,,,,
2015-03-14,3209Y,BRIHUEGA,GUADALAJARA,835,"4,2","0,0","-2,3",06:47,"10,6",14:29,,,,,,,,,
2015-03-15,3209Y,BRIHUEGA,GUADALAJARA,835,"1,7","0,0","-2,9",05:52,"6,3",14:48,,,,,,,,,
2015-03-16,3209Y,BRIHUEGA,GUADALAJARA,835,"3,4","0,0","-4,3",05:43,"11,2",14:47,,,,,,,,,
2015-03-17,3209Y,BRIHUEGA,GUADALAJARA,835,,,,,,,,,,,,,,,
2015-03-18,3209Y,BRIHUEGA,GUADALAJARA,835,"3,2","13,4","0,8",08:18,"5,6",13:47,,,,,,,,,
2015-03-19,3209Y,BRIHUEGA,GUADALAJARA,835,"6,8","0,0","3,3",04:34,"10,3",11:36,,,,,,,,,
2015-03-20,3209Y,BRIHUEGA,GUADALAJARA,835,"7,3","6,0","4,9",06:05,"9,7",14:16,,,,,,,,,
2015-03-21,3209Y,BRIHUEGA,GUADALAJARA,835,"6,6",,"4,7",05:31,"8,4",12:51,,,,,,,,,
2015-03-22,3209Y,BRIHUEGA,GUADALAJARA,835,,,,,,,,,,,,,,,
2015-03-23,3209Y,BRIHUEGA,GUADALAJARA,835,,,,,,,,,,,,,,,
2015-03-24,3209Y,BRIHUEGA,GUADALAJARA,835,"5,9","0,0","2,5",23:43,"9,3",14:23,,,,,,,,,
2015-03-25,3209Y,BRIHUEGA,GUADALAJARA,835,"2,8","0,0","-1,4",05:30,"6,9",12:57,,,,,,,,,
2015-03-26,3209Y,BRIHUEGA,GUADALAJARA,835,"5,2","0,0","-2,4",02:44,"12,7",14:07,,,,,,,,,
2015-03-27,3209Y,BRIHUEGA,GUADALAJARA,835,"10,6","0,0","4,6",06:25,"16,7",14:05,,,,,,,,,
2015-03-28,3209Y,BRIHUEGA,GUADALAJARA,835,"13,0","0,0","3,8",04:37,"22,1",16:02,,,,,,,,,
2015-03-29,3209Y,BRIHUEGA,GUADALAJARA,835,"11,9","0,0","3,3",06:20,"20,5",14:20,,,,,,,,,
2015-03-30,3209Y,BRIHUEGA,GUADALAJARA,835,"14,6","0,0","5,7",06:02,"23,5",15:05,,,,,,,,,
2015-03-31,3209Y,BRIHUEGA,GUADALAJARA,835,"15,8",,"7,7",05:22,"23,9",14:18,,,,,,,,,
2015-04-02,3209Y,BRIHUEGA,GUADALAJARA,835,"11,5","0,0","1,3",05:38,"21,7",14:45,,,,,,,,,
2015-04-03,3209Y,BRIHUEGA,GUADALAJARA,835,,,,,,,,,,,,,,,
2015-04-04,3209Y,BRIHUEGA,GUADALAJARA,835,,"0,0",,,,,,,,,,,,,
2015-04-05,3209Y,BRIHUEGA,GUADALAJARA,835,"11,2","0,0","0,9",06:10,"21,6",15:48,,,,,,,,,
2015-04-06,3209Y,BRIHUEGA,GUADALAJARA,835,"11,1","2,0","2,6",06:04,"19,6",16:03,,,,,,,,,
2015-04-07,3209Y,BRIHUEGA,GUADALAJARA,835,"10,4","0,0","2,3",05:52,"18,5",15:04,,,,,,,,,
2015-04-08,3209Y,BRIHUEGA,GUADALAJARA,835,"8,6","0,2","0,0",05:50,"17,2",15:17,,,,,,,,,
2015-04-09,3209Y,BRIHUEGA,GUADALAJARA,835,"5,2","5,2","1,8",05:24,"8,5",Varias,,,,,,,,,
2015-04-10,3209Y,BRIHUEGA,GUADALAJARA,835,"10,4","0,0","5,8",05:09,"15,0",15:28,,,,,,,,,
2015-04-11,3209Y,BRIHUEGA,GUADALAJARA,835,"12,0","4,2","4,6",04:42,"19,4",14:17,,,,,,,,,
2015-04-12,3209Y,BRIHUEGA,GUADALAJARA,835,"13,4","0,4","6,6",Varias,"20,1",13:20,,,,,,,,,
2015-04-13,3209Y,BRIHUEGA,GUADALAJARA,835,"14,2","0,0","7,1",04:34,"21,4",13:30,,,,,,,,,
2015-04-14,3209Y,BRIHUEGA,GUADALAJARA,835,"13,3","0,0","4,4",05:17,"22,2",14:12,,,,,,,,,
2015-04-15,3209Y,BRIHUEGA,GUADALAJARA,835,"11,8","4,8","7,1",02:56,"16,5",15:34,,,,,,,,,
2015-04-16,3209Y,BRIHUEGA,GUADALAJARA,835,"11,2","9,0","8,4",Varias,"13,9",14:33,,,,,,,,,
2015-04-17,3209Y,BRIHUEGA,GUADALAJARA,835,"11,5","0,0","6,0",Varias,"17,0",14:29,,,,,,,,,
2015-04-18,3209Y,BRIHUEGA,GUADALAJARA,835,"9,9","0,2","3,0",23:54,"16,8",13:48,,,,,,,,,
2015-04-19,3209Y,BRIHUEGA,GUADALAJARA,835,"7,9","0,0","0,3",05:18,"15,5",15:23,,,,,,,,,
2015-04-20,3209Y,BRIHUEGA,GUADALAJARA,835,"11,2","0,0","2,4",05:28,"19,9",15:50,,,,,,,,,
2015-04-21,3209Y,BRIHUEGA,GUADALAJARA,835,"12,6","0,0","4,7",05:38,"20,4",13:41,,,,,,,,,
2015-04-22,3209Y,BRIHUEGA,GUADALAJARA,835,"12,0","0,0","4,8",05:52,"19,3",15:04,,,,,,,,,
2015-04-23,3209Y,BRIHUEGA,GUADALAJARA,835,"12,6","0,0","3,9",05:30,"21,2",15:46,,,,,,,,,
2015-04-24,3209Y,BRIHUEGA,GUADALAJARA,835,"12,9","0,0","4,7",05:42,"21,1",13:53,,,,,,,,,
2015-04-25,3209Y,BRIHUEGA,GUADALAJARA,835,"11,2","7,4","6,5",05:07,"15,9",14:51,,,,,,,,,
2015-04-26,3209Y,BRIHUEGA,GUADALAJARA,835,"8,9","9,0","6,0",21:20,"11,8",16:34,,,,,,,,,
2015-04-27,3209Y,BRIHUEGA,GUADALAJARA,835,"9,0","1,8","4,8",24:00,"13,3",11:59,,,,,,,,,
2015-04-28,3209Y,BRIHUEGA,GUADALAJARA,835,"10,2","0,0","4,0",05:58,"16,3",Varias,,,,,,,,,
2015-04-29,3209Y,BRIHUEGA,GUADALAJARA,835,"13,2","0,0","7,4",23:33,"19,1",15:58,,,,,,,,,
2015-04-30,3209Y,BRIHUEGA,GUADALAJARA,835,"12,4","0,0","4,2",05:27,"20,5",16:34,,,,,,,,,
2015-05-01,3209Y,BRIHUEGA,GUADALAJARA,835,"15,0","0,0","9,3",02:13,"20,7",14:39,,,,,,,,,
2015-05-02,3209Y,BRIHUEGA,GUADALAJARA,835,"16,9","0,0","10,4",03:47,"23,4",15:34,,,,,,,,,
2015-05-03,3209Y,BRIHUEGA,GUADALAJARA,835,"16,5","0,0","11,2",04:43,"21,8",12:08,,,,,,,,,
2015-05-04,3209Y,BRIHUEGA,GUADALAJARA,835,"18,6","0,0","12,8",03:29,"24,4",15:17,,,,,,,,,
2015-05-05,3209Y,BRIHUEGA,GUADALAJARA,835,"12,0","0,0","5,8",23:54,"18,3",13:25,,,,,,,,,
2015-05-06,3209Y,BRIHUEGA,GUADALAJARA,835,"11,9","0,0","3,7",04:45,"20,1",15:05,,,,,,,,,
2015-05-07,3209Y,BRIHUEGA,GUADALAJARA,835,"15,2","0,0","4,6",04:47,"25,8",15:50,,,,,,,,,
2015-05-08,3209Y,BRIHUEGA,GUADALAJARA,835,"16,0","0,0","9,5",05:51,"22,5",16:11,,,,,,,,,
2015-05-09,3209Y,BRIHUEGA,GUADALAJARA,835,"16,9","0,0","7,8",03:12,"26,0",15:53,,,,,,,,,
2015-05-10,3209Y,BRIHUEGA,GUADALAJARA,835,"20,2","0,0","12,1",03:47,"28,3",15:04,,,,,,,,,
2015-05-11,3209Y,BRIHUEGA,GUADALAJARA,835,"19,8","0,0","9,6",05:05,"29,9",16:10,,,,,,,,,
2015-05-12,3209Y,BRIHUEGA,GUADALAJARA,835,"20,3","0,0","9,9",05:32,"30,7",15:06,,,,,,,,,
2015-05-13,3209Y,BRIHUEGA,GUADALAJARA,835,"22,7","0,0","12,4",05:22,"33,0",14:05,,,,,,,,,
2015-05-14,3209Y,BRIHUEGA,GUADALAJARA,835,"20,8","0,0","11,6",24:00,"30,0",13:53,,,,,,,,,
2015-05-15,3209Y,BRIHUEGA,GUADALAJARA,835,"12,4","0,0","5,9",05:05,"18,8",14:19,,,,,,,,,
2015-05-16,3209Y,BRIHUEGA,GUADALAJARA,835,"14,0","0,0","4,2",01:16,"23,9",14:59,,,,,,,,,
2015-05-17,3209Y,BRIHUEGA,GUADALAJARA,835,"18,0","0,0","8,2",04:59,"27,8",16:10,,,,,,,,,
2015-05-18,3209Y,BRIHUEGA,GUADALAJARA,835,"18,8","0,0","9,2",04:59,"28,3",14:14,,,,,,,,,
2015-05-19,3209Y,BRIHUEGA,GUADALAJARA,835,"10,8","0,2","3,7",23:48,"18,0",12:14,,,,,,,,,
2015-05-20,3209Y,BRIHUEGA,GUADALAJARA,835,"10,2","0,0","1,8",02:03,"18,5",15:11,,,,,,,,,
2015-05-21,3209Y,BRIHUEGA,GUADALAJARA,835,"10,6","0,0","3,3",03:37,"17,8",14:32,,,,,,,,,
2015-05-22,3209Y,BRIHUEGA,GUADALAJARA,835,"11,0","0,0","3,4",04:54,"18,6",14:27,,,,,,,,,
2015-05-23,3209Y,BRIHUEGA,GUADALAJARA,835,"11,6","0,0","3,7",04:43,"19,6",15:04,,,,,,,,,
2015-05-24,3209Y,BRIHUEGA,GUADALAJARA,835,"13,6","0,0","5,6",05:08,"21,6",13:44,,,,,,,,,
2015-05-25,3209Y,BRIHUEGA,GUADALAJARA,835,"15,8","0,0","7,8",02:17,"23,7",16:05,,,,,,,,,
2015-05-26,3209Y,BRIHUEGA,GUADALAJARA,835,"15,6","0,0","6,1",05:25,"25,2",16:16,,,,,,,,,
2015-05-27,3209Y,BRIHUEGA,GUADALAJARA,835,"15,4","0,0","5,1",05:19,"25,8",16:47,,,,,,,,,
2015-05-28,3209Y,BRIHUEGA,GUADALAJARA,835,"19,4","0,0","10,1",05:06,"28,7",15:11,,,,,,,,,
2015-05-29,3209Y,BRIHUEGA,GUADALAJARA,835,"18,6","0,4","10,5",05:10,"26,7",14:10,,,,,,,,,
2015-05-30,3209Y,BRIHUEGA,GUADALAJARA,835,"17,2","2,2","8,5",Varias,"25,9",12:53,,,,,,,,,
2015-05-31,3209Y,BRIHUEGA,GUADALAJARA,835,"18,1","0,0","8,3",04:55,"27,9",14:52,,,,,,,,,
2015-06-01,3209Y,BRIHUEGA,GUADALAJARA,835,"19,2","0,0","9,7",04:42,"28,7",15:23,,,,,,,,,
2015-06-02,3209Y,BRIHUEGA,GUADALAJARA,835,"20,4","0,0","11,3",05:05,"29,6",14:43,,,,,,,,,
2015-06-03,3209Y,BRIHUEGA,GUADALAJARA,835,"21,2","0,0","11,8",05:04,"30,5",14:15,,,,,,,,,
2015-06-04,3209Y,BRIHUEGA,GUADALAJARA,835,"20,6","0,0","11,2",04:30,"29,9",15:42,,,,,,,,,
2015-06-05,3209Y,BRIHUEGA,GUADALAJARA,835,"20,0","0,0","10,5",04:50,"29,6",15:57,,,,,,,,,
2015-06-06,3209Y,BRIHUEGA,GUADALAJARA,835,"21,0","0,0","11,5",04:34,"30,5",13:47,,,,,,,,,
2015-06-07,3209Y,BRIHUEGA,GUADALAJARA,835,"21,9","0,0","12,5",04:42,"31,3",14:56,,,,,,,,,
2015-06-08,3209Y,BRIHUEGA,GUADALAJARA,835,"20,1","0,0","10,2",05:12,"30,0",14:28,,,,,,,,,
2015-06-09,3209Y,BRIHUEGA,GUADALAJARA,835,"20,6","0,4","12,2",04:50,"29,0",14:11,,,,,,,,,
2015-06-10,3209Y,BRIHUEGA,GUADALAJARA,835,"17,8","27,0","13,5",04:28,"22,0",12:57,,,,,,,,,
2015-06-11,3209Y,BRIHUEGA,GUADALAJARA,835,"15,4","8,6","10,3",23:23,"20,5",16:51,,,,,,,,,
2015-06-12,3209Y,BRIHUEGA,GUADALAJARA,835,"13,4","6,6","8,4",04:39,"18,4",17:47,,,,,,,,,
2015-06-13,3209Y,BRIHUEGA,GUADALAJARA,835,"14,6","0,0","9,3",00:11,"19,8",14:11,,,,,,,,,
2015-06-14,3209Y,BRIHUEGA,GUADALAJARA,835,"13,2","3,6","7,6",02:01,"18,8",15:12,,,,,,,,,
2015-06-15,3209Y,BRIHUEGA,GUADALAJARA,835,"14,1","2,6","9,6",00:01,"18,6",15:10,,,,,,,,,
2015-06-16,3209Y,BRIHUEGA,GUADALAJARA,835,"15,2","0,0","9,0",05:42,"21,4",14:01,,,,,,,,,
2015-06-17,3209Y,BRIHUEGA,GUADALAJARA,835,"15,2","0,0","8,3",04:54,"22,1",15:58,,,,,,,,,
2015-06-18,3209Y,BRIHUEGA,GUADALAJARA,835,"18,2",,"8,9",Varias,"27,4",15:57,,,,,,,,,
2015-06-24,3209Y,BRIHUEGA,GUADALAJARA,835,"19,2","0,0","10,6",04:36,"27,8",16:07,,,,,,,,,
2015-06-25,3209Y,BRIHUEGA,GUADALAJARA,835,"21,0","0,0","12,0",04:33,"30,1",15:48,,,,,,,,,
2015-06-26,3209Y,BRIHUEGA,GUADALAJARA,835,"23,5","0,0","14,2",04:08,"32,8",16:02,,,,,,,,,
2015-06-27,3209Y,BRIHUEGA,GUADALAJARA,835,"24,6","0,0","15,2",05:30,"34,1",Varias,,,,,,,,,
2015-06-28,3209Y,BRIHUEGA,GUADALAJARA,835,"26,2","0,0","16,4",05:03,"35,9",15:59,,,,,,,,,
2015-06-29,3209Y,BRIHUEGA,GUADALAJARA,835,"27,4",,"18,5",05:11,"36,2",13:35,,,,,,,,,
2015-06-30,3209Y,BRIHUEGA,GUADALAJARA,835,,"0,0",,,,,,,,,,,,,
2015-07-01,3209Y,BRIHUEGA,GUADALAJARA,835,"25,4","0,0","16,5",04:48,"34,3",14:54,,,,,,,,,
2015-07-02,3209Y,BRIHUEGA,GUADALAJARA,835,"24,4","0,0","17,4",04:16,"31,4",15:20,,,,,,,,,
2015-07-03,3209Y,BRIHUEGA,GUADALAJARA,835,"25,3","0,0","17,1",05:29,"33,5",15:04,,,,,,,,,
2015-07-04,3209Y,BRIHUEGA,GUADALAJARA,835,"26,4","0,0","18,2",05:36,"34,6",16:25,,,,,,,,,
2015-07-05,3209Y,BRIHUEGA,GUADALAJARA,835,"26,8","0,0","18,3",05:17,"35,4",15:11,,,,,,,,,
2015-07-06,3209Y,BRIHUEGA,GUADALAJARA,835,"28,1","0,0","18,9",05:27,"37,3",16:28,,,,,,,,,
2015-07-07,3209Y,BRIHUEGA,GUADALAJARA,835,"27,9","0,0","19,5",05:16,"36,3",15:08,,,,,,,,,
2015-07-08,3209Y,BRIHUEGA,GUADALAJARA,835,"26,9","0,0","17,5",05:02,"36,3",15:44,,,,,,,,,
2015-07-09,3209Y,BRIHUEGA,GUADALAJARA,835,"25,4","0,0","15,1",04:48,"35,8",15:28,,,,,,,,,
2015-07-10,3209Y,BRIHUEGA,GUADALAJARA,835,"25,5","0,0","16,4",03:20,"34,6",13:39,,,,,,,,,
2015-07-11,3209Y,BRIHUEGA,GUADALAJARA,835,"26,0","0,0","17,6",05:09,"34,5",15:06,,,,,,,,,
2015-07-12,3209Y,BRIHUEGA,GUADALAJARA,835,"25,2","0,0","15,3",05:17,"35,0",15:30,,,,,,,,,
2015-07-13,3209Y,BRIHUEGA,GUADALAJARA,835,,,,,,,,,,,,,,,
2015-07-14,3209Y,BRIHUEGA,GUADALAJARA,835,"27,6","0,0","18,2",05:16,"37,0",14:42,,,,,,,,,
2015-07-15,3209Y,BRIHUEGA,GUADALAJARA,835,"27,3","0,0","17,7",05:18,"36,9",15:30,,,,,,,,,
2015-07-16,3209Y,BRIHUEGA,GUADALAJARA,835,"27,4",,"18,2",05:25,"36,5",14:16,,,,,,,,,
2015-07-17,3209Y,BRIHUEGA,GUADALAJARA,835,,,,,,,,,,,,,,,
2015-07-19,3209Y,BRIHUEGA,GUADALAJARA,835,"24,2","0,0","16,6",04:24,"31,8",14:59,,,,,,,,,
2015-07-20,3209Y,BRIHUEGA,GUADALAJARA,835,"26,4","0,0","18,1",04:30,"34,7",15:04,,,,,,,,,
2015-07-21,3209Y,BRIHUEGA,GUADALAJARA,835,"27,0","0,0","19,4",05:10,"34,7",15:30,,,,,,,,,
2015-07-22,3209Y,BRIHUEGA,GUADALAJARA,835,"24,9","3,2","17,5",04:41,"32,3",14:33,,,,,,,,,
2015-07-23,3209Y,BRIHUEGA,GUADALAJARA,835,"24,9","0,0","15,8",05:02,"34,0",15:51,,,,,,,,,
2015-07-24,3209Y,BRIHUEGA,GUADALAJARA,835,"24,2","0,0","16,3",05:11,"32,2",15:23,,,,,,,,,
2015-07-25,3209Y,BRIHUEGA,GUADALAJARA,835,"22,7","0,0","14,8",04:50,"30,6",15:32,,,,,,,,,
2015-07-26,3209Y,BRIHUEGA,GUADALAJARA,835,"24,0","0,0","14,8",04:31,"33,3",15:04,,,,,,,,,
2015-07-27,3209Y,BRIHUEGA,GUADALAJARA,835,"25,8","0,0","16,8",05:34,"34,7",16:07,,,,,,,,,
2015-07-28,3209Y,BRIHUEGA,GUADALAJARA,835,"25,4","0,0","16,1",Varias,"34,8",14:43,,,,,,,,,
2015-07-29,3209Y,BRIHUEGA,GUADALAJARA,835,"25,4","0,0","16,7",05:03,"34,0",16:03,,,,,,,,,
2015-07-30,3209Y,BRIHUEGA,GUADALAJARA,835,"23,7","0,0","15,8",05:33,"31,6",14:26,,,,,,,,,
2015-07-31,3209Y,BRIHUEGA,GUADALAJARA,835,"21,5","9,6","14,3",23:57,"28,7",11:31,,,,,,,,,
2015-08-01,3209Y,BRIHUEGA,GUADALAJARA,835,"20,7","0,0","12,9",05:33,"28,5",16:28,,,,,,,,,
2015-08-02,3209Y,BRIHUEGA,GUADALAJARA,835,"23,6","0,0","15,2",05:16,"32,1",16:08,,,,,,,,,
2015-08-03,3209Y,BRIHUEGA,GUADALAJARA,835,"26,0","0,0","17,5",05:10,"34,5",16:14,,,,,,,,,
2015-08-04,3209Y,BRIHUEGA,GUADALAJARA,835,"25,2","0,0","17,8",05:36,"32,5",15:16,,,,,,,,,
2015-08-05,3209Y,BRIHUEGA,GUADALAJARA,835,"25,4","0,0","17,2",02:00,"33,6",16:46,,,,,,,,,
2015-08-06,3209Y,BRIHUEGA,GUADALAJARA,835,"25,0","0,0","14,5",04:57,"35,6",13:59,,,,,,,,,
2015-08-07,3209Y,BRIHUEGA,GUADALAJARA,835,"25,4","0,4","16,7",04:33,"34,0",14:47,,,,,,,,,
2015-08-08,3209Y,BRIHUEGA,GUADALAJARA,835,"21,8","1,6","15,4",23:53,"28,1",15:41,,,,,,,,,
2015-08-09,3209Y,BRIHUEGA,GUADALAJARA,835,"21,0","0,0","11,5",05:32,"30,6",15:58,,,,,,,,,
2015-08-10,3209Y,BRIHUEGA,GUADALAJARA,835,"23,0","0,0","12,2",04:29,"33,7",15:24,,,,,,,,,
2015-08-11,3209Y,BRIHUEGA,GUADALAJARA,835,"24,6","0,0","17,5",03:21,"31,6",16:08,,,,,,,,,
2015-08-12,3209Y,BRIHUEGA,GUADALAJARA,835,"23,4","1,0","15,1",05:38,"31,6",14:41,,,,,,,,,
2015-08-13,3209Y,BRIHUEGA,GUADALAJARA,835,"19,2","0,0","12,0",05:13,"26,3",15:43,,,,,,,,,
2015-08-14,3209Y,BRIHUEGA,GUADALAJARA,835,"17,2","0,0","9,8",05:21,"24,6",14:17,,,,,,,,,
2015-08-15,3209Y,BRIHUEGA,GUADALAJARA,835,"19,1","0,0","14,1",05:43,"24,1",13:12,,,,,,,,,
2015-08-16,3209Y,BRIHUEGA,GUADALAJARA,835,"19,7","0,0","11,8",02:57,"27,6",15:59,,,,,,,,,
2015-08-28,3209Y,BRIHUEGA,GUADALAJARA,835,"22,8","0,0","13,0",05:41,"32,7",14:32,,,,,,,,,
2015-08-29,3209Y,BRIHUEGA,GUADALAJARA,835,"24,6","0,0","16,2",05:59,"33,0",14:44,,,,,,,,,
2015-08-30,3209Y,BRIHUEGA,GUADALAJARA,835,"25,2","6,2","17,0",06:39,"33,4",15:55,,,,,,,,,
2015-08-31,3209Y,BRIHUEGA,GUADALAJARA,835,"20,4","6,6","14,0",05:33,"26,8",15:20,,,,,,,,,
2015-09-01,3209Y,BRIHUEGA,GUADALAJARA,835,"20,0","1,2","12,5",Varias,"27,6",15:50,,,,,,,,,
2015-09-02,3209Y,BRIHUEGA,GUADALAJARA,835,"21,0","0,0","14,8",04:58,"27,3",14:48,,,,,,,,,
2015-09-03,3209Y,BRIHUEGA,GUADALAJARA,835,"19,3","0,0","13,6",06:05,"25,0",15:39,,,,,,,,,
2015-09-04,3209Y,BRIHUEGA,GUADALAJARA,835,"17,8","0,2","10,8",23:53,"24,7",13:24,,,,,,,,,
2015-09-05,3209Y,BRIHUEGA,GUADALAJARA,835,"15,8","0,0","7,7",05:58,"23,8",13:42,,,,,,,,,
2015-09-06,3209Y,BRIHUEGA,GUADALAJARA,835,"17,8","0,0","10,5",05:36,"25,2",14:13,,,,,,,,,
2015-09-07,3209Y,BRIHUEGA,GUADALAJARA,835,"17,4","0,0","9,9",05:27,"24,8",13:58,,,,,,,,,
2015-09-08,3209Y,BRIHUEGA,GUADALAJARA,835,"18,0","0,0","10,5",06:11,"25,4",16:06,,,,,,,,,
2015-09-09,3209Y,BRIHUEGA,GUADALAJARA,835,"17,7","0,0","8,6",06:10,"26,8",13:48,,,,,,,,,
2015-09-10,3209Y,BRIHUEGA,GUADALAJARA,835,"19,7","0,0","13,5",04:22,"25,9",12:33,,,,,,,,,
2015-09-11,3209Y,BRIHUEGA,GUADALAJARA,835,"19,4","0,0","11,2",06:11,"27,6",14:35,,,,,,,,,
2015-09-12,3209Y,BRIHUEGA,GUADALAJARA,835,"20,4","0,0","15,0",22:50,"25,7",15:30,,,,,,,,,
2015-09-13,3209Y,BRIHUEGA,GUADALAJARA,835,"17,6","0,0","12,8",05:53,"22,3",15:57,,,,,,,,,
2015-09-14,3209Y,BRIHUEGA,GUADALAJARA,835,"15,7","0,0","9,9",06:16,"21,5",15:23,,,,,,,,,
2015-09-15,3209Y,BRIHUEGA,GUADALAJARA,835,"14,0","0,0","8,6",02:39,"19,4",13:07,,,,,,,,,
2015-09-16,3209Y,BRIHUEGA,GUADALAJARA,835,"16,5","20,8","12,7",21:05,"20,3",13:29,,,,,,,,,
2015-09-17,3209Y,BRIHUEGA,GUADALAJARA,835,"11,4","0,0","5,4",06:09,"17,3",15:06,,,,,,,,,
2015-09-18,3209Y,BRIHUEGA,GUADALAJARA,835,"13,6","0,0","5,6",05:44,"21,6",16:08,,,,,,,,,
2015-09-19,3209Y,BRIHUEGA,GUADALAJARA,835,"15,0","0,0","6,4",06:02,"23,6",14:03,,,,,,,,,
2015-09-20,3209Y,BRIHUEGA,GUADALAJARA,835,"16,3","0,0","6,9",05:44,"25,7",14:35,,,,,,,,,
2015-09-21,3209Y,BRIHUEGA,GUADALAJARA,835,"17,4","0,0","8,5",06:14,"26,4",14:26,,,,,,,,,
2015-09-22,3209Y,BRIHUEGA,GUADALAJARA,835,"17,2","0,0","7,5",06:17,"26,8",14:46,,,,,,,,,
2015-09-23,3209Y,BRIHUEGA,GUADALAJARA,835,"15,0","0,0","10,0",06:26,"20,0",12:09,,,,,,,,,
2015-09-24,3209Y,BRIHUEGA,GUADALAJARA,835,"16,3","0,0","6,4",06:11,"26,2",14:38,,,,,,,,,
2015-09-25,3209Y,BRIHUEGA,GUADALAJARA,835,"18,0","0,0","8,6",05:58,"27,5",13:42,,,,,,,,,
2015-09-26,3209Y,BRIHUEGA,GUADALAJARA,835,"17,5","0,0","8,6",05:45,"26,4",13:21,,,,,,,,,
2015-09-27,3209Y,BRIHUEGA,GUADALAJARA,835,"17,6","0,0","9,7",06:26,"25,4",12:13,,,,,,,,,
2015-09-28,3209Y,BRIHUEGA,GUADALAJARA,835,"15,6","0,0","8,7",02:56,"22,6",13:09,,,,,,,,,
2015-09-29,3209Y,BRIHUEGA,GUADALAJARA,835,"14,1","0,0","6,1",06:04,"22,1",14:00,,,,,,,,,
2015-09-30,3209Y,BRIHUEGA,GUADALAJARA,835,"14,8","0,0","8,6",23:57,"21,1",14:40,,,,,,,,,
2015-10-01,3209Y,BRIHUEGA,GUADALAJARA,835,"14,8","0,0","6,5",06:11,"23,0",12:46,,,,,,,,,
2015-10-02,3209Y,BRIHUEGA,GUADALAJARA,835,"13,1","0,0","4,3",05:52,"21,9",14:19,,,,,,,,,
2015-10-03,3209Y,BRIHUEGA,GUADALAJARA,835,"15,0","0,0","9,6",04:02,"20,4",14:18,,,,,,,,,
2015-10-04,3209Y,BRIHUEGA,GUADALAJARA,835,"15,2","1,8","10,5",01:46,"19,9",13:05,,,,,,,,,
2015-10-06,3209Y,BRIHUEGA,GUADALAJARA,835,"13,8","0,0","8,9",23:25,"18,6",13:30,,,,,,,,,
2015-10-07,3209Y,BRIHUEGA,GUADALAJARA,835,"13,3","0,0","7,4",04:58,"19,2",14:13,,,,,,,,,
2015-10-08,3209Y,BRIHUEGA,GUADALAJARA,835,"13,4","0,0","6,5",03:28,"20,3",13:40,,,,,,,,,
2015-10-09,3209Y,BRIHUEGA,GUADALAJARA,835,"12,6","0,0","5,0",06:33,"20,3",12:27,,,,,,,,,
2015-10-14,3209Y,BRIHUEGA,GUADALAJARA,835,"9,6","0,0","3,8",23:11,"15,4",15:04,,,,,,,,,
2015-10-15,3209Y,BRIHUEGA,GUADALAJARA,835,"9,2","0,0","0,2",06:18,"18,3",14:33,,,,,,,,,
2015-10-16,3209Y,BRIHUEGA,GUADALAJARA,835,"10,2","0,0","1,2",06:17,"19,3",13:06,,,,,,,,,
2015-10-17,3209Y,BRIHUEGA,GUADALAJARA,835,"14,8","1,0","7,8",00:01,"21,8",14:29,,,,,,,,,
2015-10-18,3209Y,BRIHUEGA,GUADALAJARA,835,"15,4","7,0","12,1",06:11,"18,7",15:11,,,,,,,,,
2015-10-19,3209Y,BRIHUEGA,GUADALAJARA,835,,,,,,,,,,,,,,,
2015-10-20,3209Y,BRIHUEGA,GUADALAJARA,835,"11,6","0,0","6,0",23:47,"17,2",13:47,,,,,,,,,
2015-10-21,3209Y,BRIHUEGA,GUADALAJARA,835,,,,,,,,,,,,,,,
2015-10-27,3209Y,BRIHUEGA,GUADALAJARA,835,"10,2","1,2","7,1",24:00,"13,2",14:26,,,,,,,,,
2015-10-28,3209Y,BRIHUEGA,GUADALAJARA,835,"9,0",,"5,0",02:03,"12,9",13:33,,,,,,,,,
2015-11-01,3209Y,BRIHUEGA,GUADALAJARA,835,,"5,2",,,,,,,,,,,,,
2015-11-02,3209Y,BRIHUEGA,GUADALAJARA,835,"9,7","23,8","6,7",21:18,"12,7",03:06,,,,,,,,,
2015-11-03,3209Y,BRIHUEGA,GUADALAJARA,835,"9,0","2,4","7,2",Varias,"10,8",16:34,,,,,,,,,
2015-11-04,3209Y,BRIHUEGA,GUADALAJARA,835,"10,6","1,0","9,2",05:45,"12,1",15:43,,,,,,,,,
2015-11-05,3209Y,BRIHUEGA,GUADALAJARA,835,"11,8","0,0","9,2",21:45,"14,3",14:15,,,,,,,,,
2015-11-06,3209Y,BRIHUEGA,GUADALAJARA,835,"14,1","0,0","7,9",04:00,"20,3",14:54,,,,,,,,,
2015-11-07,3209Y,BRIHUEGA,GUADALAJARA,835,"14,6","0,0","7,0",07:00,"22,3",13:58,,,,,,,,,
2015-11-08,3209Y,BRIHUEGA,GUADALAJARA,835,"13,8","0,0","6,8",23:36,"20,7",14:00,,,,,,,,,
2015-11-09,3209Y,BRIHUEGA,GUADALAJARA,835,"13,2","0,0","4,6",06:31,"21,8",13:51,,,,,,,,,
2015-11-10,3209Y,BRIHUEGA,GUADALAJARA,835,"12,9","0,0","3,3",06:57,"22,5",13:57,,,,,,,,,
2015-11-18,3209Y,BRIHUEGA,GUADALAJARA,835,"12,0","0,0","3,4",00:18,"20,6",13:48,,,,,,,,,
2015-11-19,3209Y,BRIHUEGA,GUADALAJARA,835,"13,6","0,0","5,9",Varias,"21,3",14:14,,,,,,,,,
2015-11-20,3209Y,BRIHUEGA,GUADALAJARA,835,"11,8","0,0","4,4",07:13,"19,2",12:57,,,,,,,,,
2015-11-21,3209Y,BRIHUEGA,GUADALAJARA,835,"6,6","0,6","0,8",21:47,"12,5",06:57,,,,,,,,,
2015-11-22,3209Y,BRIHUEGA,GUADALAJARA,835,"3,6","0,0","0,2",06:18,"7,0",13:11,,,,,,,,,
2015-11-23,3209Y,BRIHUEGA,GUADALAJARA,835,"2,6","0,6","-1,7",23:58,"7,0",13:52,,,,,,,,,
2015-11-24,3209Y,BRIHUEGA,GUADALAJARA,835,"2,8","0,4","-3,1",07:10,"8,8",13:11,,,,,,,,,
2015-11-25,3209Y,BRIHUEGA,GUADALAJARA,835,"8,1","0,2","3,2",02:54,"13,0",14:37,,,,,,,,,
2015-11-26,3209Y,BRIHUEGA,GUADALAJARA,835,"8,9","0,0","5,3",23:59,"12,5",14:13,,,,,,,,,
2015-11-27,3209Y,BRIHUEGA,GUADALAJARA,835,"8,4","0,0","2,7",05:28,"14,1",12:56,,,,,,,,,
2015-11-28,3209Y,BRIHUEGA,GUADALAJARA,835,"6,2","0,0","-0,1",24:00,"12,4",14:11,,,,,,,,,
2015-11-29,3209Y,BRIHUEGA,GUADALAJARA,835,"6,9","0,0","-2,0",05:05,"15,8",14:02,,,,,,,,,
2015-11-30,3209Y,BRIHUEGA,GUADALAJARA,835,,,,,,,,,,,,,,,
2015-12-01,3209Y,BRIHUEGA,GUADALAJARA,835,,,,,,,,,,,,,,,
2015-12-02,3209Y,BRIHUEGA,GUADALAJARA,835,,,,,,,,,,,,,,,
2015-12-03,3209Y,BRIHUEGA,GUADALAJARA,835,"8,6","0,0","0,0",06:45,"17,2",14:49,,,,,,,,,
2015-12-04,3209Y,BRIHUEGA,GUADALAJARA,835,,,,,,,,,,,,,,,
2015-12-05,3209Y,BRIHUEGA,GUADALAJARA,835,"9,8","0,0","2,1",06:35,"17,6",13:57,,,,,,,,,
2015-12-06,3209Y,BRIHUEGA,GUADALAJARA,835,"9,0","0,0","1,0",Varias,"17,0",14:24,,,,,,,,,
2015-12-07,3209Y,BRIHUEGA,GUADALAJARA,835,"5,8","0,0","1,8",05:32,"9,9",13:41,,,,,,,,,
2015-12-08,3209Y,BRIHUEGA,GUADALAJARA,835,"7,6","0,0","2,7",04:10,"12,6",13:45,,,,,,,,,
2015-12-09,3209Y,BRIHUEGA,GUADALAJARA,835,"9,6",,"3,8",23:40,"15,4",14:38,,,,,,,,,
2015-12-11,3209Y,BRIHUEGA,GUADALAJARA,835,"6,8","0,0","1,8",03:14,"11,9",11:21,,,,,,,,,
2015-12-12,3209Y,BRIHUEGA,GUADALAJARA,835,"8,2","0,0","6,4",23:54,"10,0",12:17,,,,,,,,,
2015-12-15,3209Y,BRIHUEGA,GUADALAJARA,835,"8,0","0,0","3,2",23:55,"12,9",15:02,,,,,,,,,
2015-12-16,3209Y,BRIHUEGA,GUADALAJARA,835,"9,4","0,0","1,6",05:31,"17,2",14:37,,,,,,,,,
2015-12-20,3209Y,BRIHUEGA,GUADALAJARA,835,"10,1","0,0","4,1",07:12,"16,1",14:01,,,,,,,,,
2015-12-21,3209Y,BRIHUEGA,GUADALAJARA,835,"7,3",,"0,6",07:30,"14,0",14:45,,,,,,,,,
2015-12-22,3209Y,BRIHUEGA,GUADALAJARA,835,,,,,,,,,,,,,,,
2015-12-23,3209Y,BRIHUEGA,GUADALAJARA,835,"7,7","0,0","0,1",06:54,"15,3",13:49,,,,,,,,,
2015-12-24,3209Y,BRIHUEGA,GUADALAJARA,835,"6,0","0,0","-0,2",06:32,"12,2",14:25,,,,,,,,,
2015-12-25,3209Y,BRIHUEGA,GUADALAJARA,835,"6,7","0,0","-1,0",Varias,"14,4",14:20,,,,,,,,,
2015-12-26,3209Y,BRIHUEGA,GUADALAJARA,835,"5,3",,"-2,7",07:37,"13,3",15:23,,,,,,,,,
2015-12-27,3209Y,BRIHUEGA,GUADALAJARA,835,,"0,0",,,,,,,,,,,,,
2015-12-28,3209Y,BRIHUEGA,GUADALAJARA,835,"8,2","2,2","3,7",04:21,"12,8",13:28,,,,,,,,,
2015-12-29,3209Y,BRIHUEGA,GUADALAJARA,835,"7,6","0,2","3,9",20:14,"11,4",14:22,,,,,,,,,
2015-12-31,3209Y,BRIHUEGA,GUADALAJARA,835,,"2,4",,,,,,,,,,,,,
2016-01-01,3209Y,BRIHUEGA,GUADALAJARA,835,"8,2","5,2","6,1",07:15,"10,4",16:01,,,,,,,,,
2016-01-02,3209Y,BRIHUEGA,GUADALAJARA,835,"4,2","0,0","-0,6",22:50,"9,1",13:42,,,,,,,,,
2016-01-03,3209Y,BRIHUEGA,GUADALAJARA,835,"4,8","9,0","-0,2",00:01,"9,7",24:00,,,,,,,,,
2016-01-04,3209Y,BRIHUEGA,GUADALAJARA,835,"7,6","21,4","4,2",23:51,"10,9",Varias,,,,,,,,,
2016-01-05,3209Y,BRIHUEGA,GUADALAJARA,835,"4,0","0,0","1,3",22:52,"6,6",11:06,,,,,,,,,
2016-01-06,3209Y,BRIHUEGA,GUADALAJARA,835,"2,6","0,6","-1,0",07:31,"6,1",23:47,,,,,,,,,
2016-01-07,3209Y,BRIHUEGA,GUADALAJARA,835,"8,5","2,0","6,1",00:01,"10,9",Varias,,,,,,,,,
2016-01-08,3209Y,BRIHUEGA,GUADALAJARA,835,"9,4","7,4","8,1",Varias,"10,8",12:05,,,,,,,,,
2016-01-09,3209Y,BRIHUEGA,GUADALAJARA,835,"8,0","2,0","6,2",03:57,"9,9",13:25,,,,,,,,,
2016-01-10,3209Y,BRIHUEGA,GUADALAJARA,835,"7,8","24,6","6,8",00:37,"8,9",12:36,,,,,,,,,
2016-01-11,3209Y,BRIHUEGA,GUADALAJARA,835,"4,8","1,0","1,2",23:58,"8,4",03:52,,,,,,,,,
2016-01-12,3209Y,BRIHUEGA,GUADALAJARA,835,"4,0","0,0","-0,9",07:39,"8,8",14:03,,,,,,,,,
2016-01-13,3209Y,BRIHUEGA,GUADALAJARA,835,"2,6","1,0","-2,9",Varias,"8,1",14:35,,,,,,,,,
2016-01-14,3209Y,BRIHUEGA,GUADALAJARA,835,"3,0","3,8","0,2",03:11,"5,8",15:05,,,,,,,,,
2016-01-15,3209Y,BRIHUEGA,GUADALAJARA,835,"2,0","0,0","-2,4",23:53,"6,5",14:11,,,,,,,,,
2016-01-16,3209Y,BRIHUEGA,GUADALAJARA,835,"1,4",,"-2,6",24:00,"5,5",15:09,,,,,,,,,
2016-01-17,3209Y,BRIHUEGA,GUADALAJARA,835,,,,,,,,,,,,,,,
2016-01-18,3209Y,BRIHUEGA,GUADALAJARA,835,"3,0","0,0","-1,5",06:34,"7,6",13:40,,,,,,,,,
2016-01-19,3209Y,BRIHUEGA,GUADALAJARA,835,"1,8","0,0","-3,2",07:16,"6,8",15:05,,,,,,,,,
2016-01-20,3209Y,BRIHUEGA,GUADALAJARA,835,"1,8","0,0","-2,7",05:37,"6,2",15:57,,,,,,,,,
2016-01-21,3209Y,BRIHUEGA,GUADALAJARA,835,,,,,,,,,,,,,,,
2016-01-22,3209Y,BRIHUEGA,GUADALAJARA,835,,"0,4",,,,,,,,,,,,,
2016-01-23,3209Y,BRIHUEGA,GUADALAJARA,835,"11,1","0,0","5,6",23:45,"16,6",14:36,,,,,,,,,
2016-01-24,3209Y,BRIHUEGA,GUADALAJARA,835,"11,0","0,0","3,8",Varias,"18,1",14:40,,,,,,,,,
2016-01-25,3209Y,BRIHUEGA,GUADALAJARA,835,"9,8","0,0","3,5",06:44,"16,1",13:34,,,,,,,,,
2016-01-26,3209Y,BRIHUEGA,GUADALAJARA,835,"9,2","0,0","2,6",06:57,"15,8",15:45,,,,,,,,,
2016-01-27,3209Y,BRIHUEGA,GUADALAJARA,835,"4,0","0,0","0,6",05:42,"7,3",16:52,,,,,,,,,
2016-01-28,3209Y,BRIHUEGA,GUADALAJARA,835,"5,8","2,6","4,5",23:47,"7,0",13:12,,,,,,,,,
2016-01-29,3209Y,BRIHUEGA,GUADALAJARA,835,"6,2","0,0","3,5",22:08,"9,0",14:38,,,,,,,,,
2016-01-30,3209Y,BRIHUEGA,GUADALAJARA,835,"5,8","0,0","-0,1",07:33,"11,8",15:04,,,,,,,,,
2016-01-31,3209Y,BRIHUEGA,GUADALAJARA,835,"8,0","0,0","2,5",07:55,"13,6",15:48,,,,,,,,,
2016-02-01,3209Y,BRIHUEGA,GUADALAJARA,835,"10,2","0,0","3,3",03:09,"17,1",15:51,,,,,,,,,
2016-02-02,3209Y,BRIHUEGA,GUADALAJARA,835,"7,3","0,0","1,0",05:59,"13,6",12:37,,,,,,,,,
2016-02-03,3209Y,BRIHUEGA,GUADALAJARA,835,"6,1","0,0","0,2",24:00,"12,0",13:42,,,,,,,,,
2016-02-04,3209Y,BRIHUEGA,GUADALAJARA,835,"4,6","0,0","-1,8",07:38,"10,9",15:25,,,,,,,,,
2016-02-05,3209Y,BRIHUEGA,GUADALAJARA,835,"3,6","0,0","-3,6",06:46,"10,7",15:21,,,,,,,,,
2016-02-06,3209Y,BRIHUEGA,GUADALAJARA,835,"3,8","8,4","-2,0",06:13,"9,7",12:45,,,,,,,,,
2016-02-07,3209Y,BRIHUEGA,GUADALAJARA,835,"3,4","3,8","-0,6",05:28,"7,4",13:20,,,,,,,,,
2016-02-08,3209Y,BRIHUEGA,GUADALAJARA,835,"5,8","0,2","1,6",01:09,"10,1",13:24,,,,,,,,,
2016-02-09,3209Y,BRIHUEGA,GUADALAJARA,835,"8,2","2,2","6,3",05:04,"10,1",13:45,,,,,,,,,
2016-02-10,3209Y,BRIHUEGA,GUADALAJARA,835,"8,6","3,2","6,6",04:48,"10,7",18:57,,,,,,,,,
2016-02-11,3209Y,BRIHUEGA,GUADALAJARA,835,"10,2","1,0","7,0",22:02,"13,4",14:53,,,,,,,,,
2016-02-12,3209Y,BRIHUEGA,GUADALAJARA,835,"8,8","22,6","6,3",06:22,"11,2",18:38,,,,,,,,,
2016-02-13,3209Y,BRIHUEGA,GUADALAJARA,835,"10,9","8,0","9,9",23:55,"11,9",12:48,,,,,,,,,
2016-02-14,3209Y,BRIHUEGA,GUADALAJARA,835,"5,2","1,8","0,4",22:12,"9,9",00:01,,,,,,,,,
2016-02-15,3209Y,BRIHUEGA,GUADALAJARA,835,"2,6","0,2","-1,5",23:24,"6,8",13:22,,,,,,,,,
2016-02-16,3209Y,BRIHUEGA,GUADALAJARA,835,"0,2","0,8","-5,3",23:49,"5,6",14:32,,,,,,,,,
2016-02-17,3209Y,BRIHUEGA,GUADALAJARA,835,"-2,4","1,0","-8,8",07:19,"4,1",12:49,,,,,,,,,
2016-02-18,3209Y,BRIHUEGA,GUADALAJARA,835,"3,2","0,4","0,1",23:59,"6,4",13:36,,,,,,,,,
2016-02-19,3209Y,BRIHUEGA,GUADALAJARA,835,"3,4","0,0","-3,2",05:42,"10,0",14:18,,,,,,,,,
2016-02-20,3209Y,BRIHUEGA,GUADALAJARA,835,"5,0","0,0","-4,1",06:45,"14,1",14:16,,,,,,,,,
2016-02-21,3209Y,BRIHUEGA,GUADALAJARA,835,"6,7","0,0","-1,2",06:44,"14,6",15:06,,,,,,,,,
2016-02-22,3209Y,BRIHUEGA,GUADALAJARA,835,"7,4","0,0","0,5",05:23,"14,4",13:59,,,,,,,,,
2016-02-23,3209Y,BRIHUEGA,GUADALAJARA,835,"6,4","0,0","-1,4",06:18,"14,3",14:56,,,,,,,,,
2016-02-24,3209Y,BRIHUEGA,GUADALAJARA,835,"4,2","1,2","-0,9",04:53,"9,4",14:16,,,,,,,,,
2016-02-25,3209Y,BRIHUEGA,GUADALAJARA,835,"5,7","1,0","1,5",05:24,"9,9",13:51,,,,,,,,,
2016-02-26,3209Y,BRIHUEGA,GUADALAJARA,835,"2,9","8,8","0,6",23:41,"5,2",15:02,,,,,,,,,
2016-03-08,3209Y,BRIHUEGA,GUADALAJARA,835,"3,0","0,0","-1,8",06:08,"7,8",15:26,,,,,,,,,
2016-03-09,3209Y,BRIHUEGA,GUADALAJARA,835,"4,1","0,2","-2,5",Varias,"10,7",15:50,,,,,,,,,
2016-03-10,3209Y,BRIHUEGA,GUADALAJARA,835,"3,2","0,0","-1,7",04:25,"8,1",14:59,,,,,,,,,
2016-03-11,3209Y,BRIHUEGA,GUADALAJARA,835,"4,0","0,0","-3,2",06:25,"11,3",15:06,,,,,,,,,
2016-03-12,3209Y,BRIHUEGA,GUADALAJARA,835,"4,6","0,0","-2,6",05:59,"11,8",15:12,,,,,,,,,
2016-03-13,3209Y,BRIHUEGA,GUADALAJARA,835,"5,0","0,0","-3,3",06:19,"13,2",15:17,,,,,,,,,
2016-03-14,3209Y,BRIHUEGA,GUADALAJARA,835,"4,0","0,0","-2,0",06:17,"10,1",14:24,,,,,,,,,
2016-03-15,3209Y,BRIHUEGA,GUADALAJARA,835,"4,7","0,0","-3,3",05:34,"12,7",13:34,,,,,,,,,
2016-03-16,3209Y,BRIHUEGA,GUADALAJARA,835,"5,4","0,0","-1,7",06:38,"12,5",13:40,,,,,,,,,
2016-03-17,3209Y,BRIHUEGA,GUADALAJARA,835,"6,6","0,0","-0,8",06:09,"14,0",14:22,,,,,,,,,
2016-03-18,3209Y,BRIHUEGA,GUADALAJARA,835,"6,2","22,4","-0,7",04:37,"13,1",14:04,,,,,,,,,
2016-03-19,3209Y,BRIHUEGA,GUADALAJARA,835,"5,6","8,0","2,0",23:53,"9,3",16:23,,,,,,,,,
2016-03-20,3209Y,BRIHUEGA,GUADALAJARA,835,"6,0","0,4","0,9",02:26,"11,1",16:38,,,,,,,,,
2016-03-21,3209Y,BRIHUEGA,GUADALAJARA,835,"8,0","6,2","3,6",06:37,"12,5",12:35,,,,,,,,,
2016-03-22,3209Y,BRIHUEGA,GUADALAJARA,835,"6,8","0,2","1,7",23:59,"12,0",13:45,,,,,,,,,
2016-03-23,3209Y,BRIHUEGA,GUADALAJARA,835,"5,2","0,4","-1,4",04:40,"11,8",15:01,,,,,,,,,
2016-03-24,3209Y,BRIHUEGA,GUADALAJARA,835,"9,0","0,0","0,7",Varias,"17,4",16:12,,,,,,,,,
2016-03-25,3209Y,BRIHUEGA,GUADALAJARA,835,"7,1","0,0","-1,0",05:36,"15,2",12:27,,,,,,,,,
2016-03-26,3209Y,BRIHUEGA,GUADALAJARA,835,"8,0","3,0","0,7",06:02,"15,4",15:15,,,,,,,,,
2016-03-27,3209Y,BRIHUEGA,GUADALAJARA,835,"8,8","0,0","4,9",06:09,"12,6",15:08,,,,,,,,,
2016-03-28,3209Y,BRIHUEGA,GUADALAJARA,835,"7,6","1,2","5,0",Varias,"10,2",16:38,,,,,,,,,
2016-03-29,3209Y,BRIHUEGA,GUADALAJARA,835,"10,2","0,0","4,5",23:46,"15,8",16:10,,,,,,,,,
2016-03-30,3209Y,BRIHUEGA,GUADALAJARA,835,"11,2","1,0","2,3",05:44,"20,2",16:27,,,,,,,,,
2016-03-31,3209Y,BRIHUEGA,GUADALAJARA,835,"5,4","0,6","1,1",23:42,"9,7",00:30,,,,,,,,,
2016-04-01,3209Y,BRIHUEGA,GUADALAJARA,835,"4,0","0,0","-3,0",05:35,"11,0",15:00,,,,,,,,,
2016-04-02,3209Y,BRIHUEGA,GUADALAJARA,835,"5,9","0,0","-2,8",Varias,"14,6",Varias,,,,,,,,,
2016-04-03,3209Y,BRIHUEGA,GUADALAJARA,835,"7,8","6,4","3,7",05:43,"12,0",11:30,,,,,,,,,
2016-04-04,3209Y,BRIHUEGA,GUADALAJARA,835,"6,3","22,6","4,6",04:30,"8,0",12:57,,,,,,,,,
2016-04-05,3209Y,BRIHUEGA,GUADALAJARA,835,"8,2","0,6","3,7",23:56,"12,7",15:55,,,,,,,,,
2016-04-06,3209Y,BRIHUEGA,GUADALAJARA,835,"9,1","0,0","1,2",05:33,"17,0",15:51,,,,,,,,,
2016-04-07,3209Y,BRIHUEGA,GUADALAJARA,835,"10,0","0,6","2,0",03:08,"17,9",15:07,,,,,,,,,
2016-04-08,3209Y,BRIHUEGA,GUADALAJARA,835,"5,2","0,0","-0,4",06:22,"10,7",15:20,,,,,,,,,
2016-04-09,3209Y,BRIHUEGA,GUADALAJARA,835,"6,8","0,6","-2,0",05:50,"15,7",15:32,,,,,,,,,
2016-04-10,3209Y,BRIHUEGA,GUADALAJARA,835,"7,2","4,0","4,0",22:57,"10,3",15:04,,,,,,,,,
2016-04-11,3209Y,BRIHUEGA,GUADALAJARA,835,"6,2","7,0","1,3",05:36,"11,0",13:22,,,,,,,,,
2016-04-12,3209Y,BRIHUEGA,GUADALAJARA,835,"7,5","12,6","5,4",Varias,"9,6",16:25,,,,,,,,,
2016-04-13,3209Y,BRIHUEGA,GUADALAJARA,835,"8,2","0,8","3,6",23:58,"12,7",15:14,,,,,,,,,
2016-04-14,3209Y,BRIHUEGA,GUADALAJARA,835,"9,8","0,2","3,6",00:01,"16,0",16:35,,,,,,,,,
2016-04-15,3209Y,BRIHUEGA,GUADALAJARA,835,"10,5","0,6","3,7",04:44,"17,3",14:40,,,,,,,,,
2016-04-16,3209Y,BRIHUEGA,GUADALAJARA,835,"10,5","15,4","7,4",23:07,"13,6",11:18,,,,,,,,,
2016-04-17,3209Y,BRIHUEGA,GUADALAJARA,835,"9,1","0,0","3,5",23:35,"14,7",15:09,,,,,,,,,
2016-04-18,3209Y,BRIHUEGA,GUADALAJARA,835,"10,4","0,0","1,5",05:23,"19,3",16:12,,,,,,,,,
2016-04-19,3209Y,BRIHUEGA,GUADALAJARA,835,"10,1","24,4","8,3",05:54,"11,9",10:05,,,,,,,,,
2016-04-20,3209Y,BRIHUEGA,GUADALAJARA,835,"9,3","2,4","6,3",07:43,"12,3",11:15,,,,,,,,,
2016-04-21,3209Y,BRIHUEGA,GUADALAJARA,835,"10,4","3,8","6,4",Varias,"14,5",16:29,,,,,,,,,
2016-04-22,3209Y,BRIHUEGA,GUADALAJARA,835,"10,0","0,6","5,8",23:56,"14,2",13:56,,,,,,,,,
2016-04-23,3209Y,BRIHUEGA,GUADALAJARA,835,"10,2","9,4","4,1",23:22,"16,2",12:10,,,,,,,,,
2016-04-24,3209Y,BRIHUEGA,GUADALAJARA,835,"8,5","0,2","1,7",05:33,"15,3",16:02,,,,,,,,,
2016-04-25,3209Y,BRIHUEGA,GUADALAJARA,835,"9,0","0,0","-0,3",05:35,"18,4",16:53,,,,,,,,,
2016-04-26,3209Y,BRIHUEGA,GUADALAJARA,835,"11,3","0,0","2,8",05:29,"19,8",14:40,,,,,,,,,
2016-04-27,3209Y,BRIHUEGA,GUADALAJARA,835,"11,8","0,0","4,7",05:14,"19,0",14:07,,,,,,,,,
2016-04-28,3209Y,BRIHUEGA,GUADALAJARA,835,"11,0","0,0","7,1",05:26,"14,8",14:55,,,,,,,,,
2016-04-29,3209Y,BRIHUEGA,GUADALAJARA,835,"11,8","0,0","6,1",05:04,"17,4",16:00,,,,,,,,,
2016-04-30,3209Y,BRIHUEGA,GUADALAJARA,835,"9,0","0,0","2,4",23:42,"15,6",15:10,,,,,,,,,
2016-05-01,3209Y,BRIHUEGA,GUADALAJARA,835,"6,8","0,0","-0,6",04:50,"14,3",16:21,,,,,,,,,
2016-05-02,3209Y,BRIHUEGA,GUADALAJARA,835,"10,3","0,0","0,0",04:13,"20,6",17:00,,,,,,,,,
2016-05-03,3209Y,BRIHUEGA,GUADALAJARA,835,"14,1","0,0","3,9",05:26,"24,3",16:03,,,,,,,,,
2016-05-04,3209Y,BRIHUEGA,GUADALAJARA,835,"15,6","0,0","6,4",05:17,"24,8",16:22,,,,,,,,,
2016-05-05,3209Y,BRIHUEGA,GUADALAJARA,835,"14,2","0,4","7,9",05:32,"20,4",13:04,,,,,,,,,
2016-05-06,3209Y,BRIHUEGA,GUADALAJARA,835,"10,6","7,2","8,6",05:33,"12,7",09:32,,,,,,,,,
2016-05-07,3209Y,BRIHUEGA,GUADALAJARA,835,"12,3","3,6","9,2",04:07,"15,4",13:04,,,,,,,,,
2016-05-08,3209Y,BRIHUEGA,GUADALAJARA,835,"10,2","21,0","8,3",12:59,"12,1",11:29,,,,,,,,,
2016-05-09,3209Y,BRIHUEGA,GUADALAJARA,835,"10,8","5,0","7,4",22:39,"14,3",12:34,,,,,,,,,
2016-05-10,3209Y,BRIHUEGA,GUADALAJARA,835,"10,6","6,2","6,9",03:30,"14,4",10:50,,,,,,,,,
2016-05-11,3209Y,BRIHUEGA,GUADALAJARA,835,"8,8","5,8","3,5",05:15,"14,1",14:57,,,,,,,,,
2016-05-12,3209Y,BRIHUEGA,GUADALAJARA,835,"9,8","2,8","6,6",22:35,"13,0",13:41,,,,,,,,,
2016-05-13,3209Y,BRIHUEGA,GUADALAJARA,835,"10,2","0,8","5,7",23:47,"14,8",14:38,,,,,,,,,
2016-05-14,3209Y,BRIHUEGA,GUADALAJARA,835,"10,6","0,0","4,8",05:27,"16,3",14:37,,,,,,,,,
2016-05-15,3209Y,BRIHUEGA,GUADALAJARA,835,"13,2","0,0","6,3",04:09,"20,0",14:51,,,,,,,,,
2016-05-16,3209Y,BRIHUEGA,GUADALAJARA,835,"12,6","0,0","4,1",03:31,"21,2",16:30,,,,,,,,,
2016-05-17,3209Y,BRIHUEGA,GUADALAJARA,835,"14,4","0,0","6,6",03:29,"22,3",15:47,,,,,,,,,
2016-05-18,3209Y,BRIHUEGA,GUADALAJARA,835,"15,4","0,0","7,7",04:45,"23,1",14:40,,,,,,,,,
2016-05-19,3209Y,BRIHUEGA,GUADALAJARA,835,"14,8","0,0","7,8",04:02,"21,9",16:50,,,,,,,,,
2016-05-20,3209Y,BRIHUEGA,GUADALAJARA,835,"16,4","0,0","6,7",05:15,"26,0",16:42,,,,,,,,,
2016-05-21,3209Y,BRIHUEGA,GUADALAJARA,835,"18,0","0,0","10,3",04:56,"25,7",14:53,,,,,,,,,
2016-05-22,3209Y,BRIHUEGA,GUADALAJARA,835,"12,7","0,8","6,2",23:55,"19,2",13:38,,,,,,,,,
2016-05-23,3209Y,BRIHUEGA,GUADALAJARA,835,"11,6","0,0","3,6",05:13,"19,5",16:30,,,,,,,,,
2016-05-24,3209Y,BRIHUEGA,GUADALAJARA,835,"15,2","0,0","7,7",04:10,"22,8",15:22,,,,,,,,,
2016-05-25,3209Y,BRIHUEGA,GUADALAJARA,835,"13,8","0,0","9,7",00:46,"18,0",12:15,,,,,,,,,
2016-05-26,3209Y,BRIHUEGA,GUADALAJARA,835,"15,0","0,0","9,4",24:00,"20,7",17:24,,,,,,,,,
2016-05-27,3209Y,BRIHUEGA,GUADALAJARA,835,"14,8","0,0","7,1",04:48,"22,5",Varias,,,,,,,,,
2016-05-28,3209Y,BRIHUEGA,GUADALAJARA,835,"13,5","2,4","7,9",01:26,"19,1",13:14,,,,,,,,,
2016-05-29,3209Y,BRIHUEGA,GUADALAJARA,835,"12,4","0,4","8,3",01:45,"16,5",15:56,,,,,,,,,
2016-05-30,3209Y,BRIHUEGA,GUADALAJARA,835,"13,3","0,0","7,3",23:52,"19,3",16:02,,,,,,,,,
2016-05-31,3209Y,BRIHUEGA,GUADALAJARA,835,"13,4","0,0","6,2",00:42,"20,5",15:49,,,,,,,,,
2016-06-01,3209Y,BRIHUEGA,GUADALAJARA,835,"14,4","0,0","5,2",05:47,"23,5",15:48,,,,,,,,,
2016-06-02,3209Y,BRIHUEGA,GUADALAJARA,835,"15,6","0,0","6,1",04:46,"25,1",15:05,,,,,,,,,
2016-06-03,3209Y,BRIHUEGA,GUADALAJARA,835,"18,2","0,0","10,2",02:54,"26,3",15:36,,,,,,,,,
2016-06-04,3209Y,BRIHUEGA,GUADALAJARA,835,"16,6","6,8","10,8",24:00,"22,5",11:34,,,,,,,,,
2016-06-05,3209Y,BRIHUEGA,GUADALAJARA,835,"17,3","0,0","9,1",Varias,"25,5",15:21,,,,,,,,,
2016-06-06,3209Y,BRIHUEGA,GUADALAJARA,835,"18,6","0,0","10,8",04:53,"26,5",15:32,,,,,,,,,
2016-06-07,3209Y,BRIHUEGA,GUADALAJARA,835,"20,2","0,0","11,3",04:20,"29,2",15:46,,,,,,,,,
2016-06-08,3209Y,BRIHUEGA,GUADALAJARA,835,"21,4","0,0","11,8",05:06,"31,1",16:19,,,,,,,,,
2016-06-09,3209Y,BRIHUEGA,GUADALAJARA,835,"22,9","0,0","14,1",05:11,"31,7",15:19,,,,,,,,,
2016-06-10,3209Y,BRIHUEGA,GUADALAJARA,835,"20,8","0,0","13,2",05:06,"28,4",12:57,,,,,,,,,
2016-06-11,3209Y,BRIHUEGA,GUADALAJARA,835,"20,0","0,0","12,7",05:36,"27,2",13:40,,,,,,,,,
2016-06-12,3209Y,BRIHUEGA,GUADALAJARA,835,"19,6",,"10,4",05:03,"28,8",14:27,,,,,,,,,
2016-07-20,3209Y,BRIHUEGA,GUADALAJARA,835,"25,9","0,0","19,0",23:55,"32,8",14:43,,,,,,,,,
2016-07-21,3209Y,BRIHUEGA,GUADALAJARA,835,"24,0","0,0","15,3",03:43,"32,8",15:52,,,,,,,,,
2016-07-22,3209Y,BRIHUEGA,GUADALAJARA,835,"22,7","0,0","15,9",23:52,"29,5",15:08,,,,,,,,,
2016-07-23,3209Y,BRIHUEGA,GUADALAJARA,835,"19,6","0,0","11,1",05:34,"28,1",14:43,,,,,,,,,
2016-07-24,3209Y,BRIHUEGA,GUADALAJARA,835,"21,8","0,0","12,1",05:52,"31,5",15:58,,,,,,,,,
2016-07-25,3209Y,BRIHUEGA,GUADALAJARA,835,"23,8","0,0","13,7",05:20,"34,0",15:52,,,,,,,,,
2016-07-26,3209Y,BRIHUEGA,GUADALAJARA,835,"25,6","0,0","15,9",05:19,"35,4",15:04,,,,,,,,,
2016-07-27,3209Y,BRIHUEGA,GUADALAJARA,835,"26,6","0,0","17,7",05:23,"35,6",13:39,,,,,,,,,
2016-07-28,3209Y,BRIHUEGA,GUADALAJARA,835,"25,4","0,0","15,9",05:48,"34,9",14:51,,,,,,,,,
2016-07-29,3209Y,BRIHUEGA,GUADALAJARA,835,"26,4","0,8","17,5",05:17,"35,4",15:18,,,,,,,,,
2016-07-30,3209Y,BRIHUEGA,GUADALAJARA,835,"25,2","0,0","17,4",05:25,"33,1",15:32,,,,,,,,,
2016-07-31,3209Y,BRIHUEGA,GUADALAJARA,835,"22,0","0,0","12,8",05:20,"31,3",15:30,,,,,,,,,
2016-08-01,3209Y,BRIHUEGA,GUADALAJARA,835,"23,2","0,0","13,9",05:09,"32,5",15:14,,,,,,,,,
2016-08-02,3209Y,BRIHUEGA,GUADALAJARA,835,"24,8","0,0","15,2",04:31,"34,5",15:11,,,,,,,,,
2016-08-03,3209Y,BRIHUEGA,GUADALAJARA,835,"26,0","0,0","16,6",05:18,"35,3",15:08,,,,,,,,,
2016-08-04,3209Y,BRIHUEGA,GUADALAJARA,835,"25,3","0,0","16,5",05:23,"34,1",15:55,,,,,,,,,
2016-08-05,3209Y,BRIHUEGA,GUADALAJARA,835,"23,0","0,0","15,1",05:36,"30,8",15:27,,,,,,,,,
2016-08-06,3209Y,BRIHUEGA,GUADALAJARA,835,"22,4","0,0","12,1",Varias,"32,6",15:32,,,,,,,,,
2016-08-07,3209Y,BRIHUEGA,GUADALAJARA,835,"23,8","0,0","12,9",05:30,"34,6",14:43,,,,,,,,,
2016-08-08,3209Y,BRIHUEGA,GUADALAJARA,835,"23,5","0,0","13,3",05:26,"33,7",15:18,,,,,,,,,
2016-08-09,3209Y,BRIHUEGA,GUADALAJARA,835,"23,0","0,4","14,8",Varias,"31,2",12:59,,,,,,,,,
2016-08-10,3209Y,BRIHUEGA,GUADALAJARA,835,"19,2","0,0","12,1",05:43,"26,4",15:13,,,,,,,,,
2016-08-11,3209Y,BRIHUEGA,GUADALAJARA,835,"19,2","0,0","10,3",04:47,"28,1",16:29,,,,,,,,,
2016-08-12,3209Y,BRIHUEGA,GUADALAJARA,835,"20,7","0,0","10,8",04:58,"30,6",16:38,,,,,,,,,
2016-08-13,3209Y,BRIHUEGA,GUADALAJARA,835,"22,6","0,0","12,8",05:39,"32,3",15:25,,,,,,,,,
2016-08-14,3209Y,BRIHUEGA,GUADALAJARA,835,"23,3","0,0","13,2",05:41,"33,4",15:01,,,,,,,,,
2016-08-15,3209Y,BRIHUEGA,GUADALAJARA,835,"23,0","0,0","14,0",04:41,"32,0",15:11,,,,,,,,,
2016-08-16,3209Y,BRIHUEGA,GUADALAJARA,835,"23,6","0,0","16,0",03:57,"31,2",15:16,,,,,,,,,
2016-08-17,3209Y,BRIHUEGA,GUADALAJARA,835,"22,4","0,0","14,2",05:40,"30,6",13:33,,,,,,,,,
2016-08-18,3209Y,BRIHUEGA,GUADALAJARA,835,"22,8","0,0","14,2",05:04,"31,5",Varias,,,,,,,,,
2016-08-19,3209Y,BRIHUEGA,GUADALAJARA,835,"23,0","0,0","14,0",05:21,"32,1",15:10,,,,,,,,,
2016-08-20,3209Y,BRIHUEGA,GUADALAJARA,835,"23,6","0,0","16,0",23:57,"31,1",15:30,,,,,,,,,
2016-08-21,3209Y,BRIHUEGA,GUADALAJARA,835,"22,1","0,0","12,7",05:27,"31,5",16:22,,,,,,,,,
2016-08-22,3209Y,BRIHUEGA,GUADALAJARA,835,"23,6",,"13,3",05:39,"33,8",15:33,,,,,,,,,
2016-08-23,3209Y,BRIHUEGA,GUADALAJARA,835,"25,5","0,0","16,3",05:54,"34,7",16:07,,,,,,,,,
2016-08-24,3209Y,BRIHUEGA,GUADALAJARA,835,,,,,,,,,,,,,,,
2016-08-25,3209Y,BRIHUEGA,GUADALAJARA,835,"22,3","0,0","11,8",05:36,"32,8",14:57,,,,,,,,,
2016-08-26,3209Y,BRIHUEGA,GUADALAJARA,835,"23,0","0,0","13,8",05:40,"32,3",15:35,,,,,,,,,
2016-08-27,3209Y,BRIHUEGA,GUADALAJARA,835,"24,6","0,0","15,7",05:55,"33,4",Varias,,,,,,,,,
2016-08-28,3209Y,BRIHUEGA,GUADALAJARA,835,"25,0","0,0","16,7",Varias,"33,4",13:04,,,,,,,,,
2016-08-29,3209Y,BRIHUEGA,GUADALAJARA,835,"24,4","0,0","16,3",05:30,"32,5",15:38,,,,,,,,,
2016-09-04,3209Y,BRIHUEGA,GUADALAJARA,835,,,,,,,,,,,,,,,
2016-09-05,3209Y,BRIHUEGA,GUADALAJARA,835,"26,8","0,0","17,5",06:01,"36,2",14:42,,,,,,,,,
2016-09-06,3209Y,BRIHUEGA,GUADALAJARA,835,"26,6","0,0","15,4",05:49,"37,7",14:38,,,,,,,,,
2016-09-07,3209Y,BRIHUEGA,GUADALAJARA,835,"26,7","0,0","17,0",05:03,"36,4",14:44,,,,,,,,,
2016-09-08,3209Y,BRIHUEGA,GUADALAJARA,835,"23,4",,"14,7",04:50,"32,2",14:39,,,,,,,,,
2016-09-09,3209Y,BRIHUEGA,GUADALAJARA,835,"23,0","0,0","17,1",02:19,"28,8",14:51,,,,,,,,,
2016-09-10,3209Y,BRIHUEGA,GUADALAJARA,835,"22,5","0,0","15,1",05:44,"29,9",13:48,,,,,,,,,
2016-09-11,3209Y,BRIHUEGA,GUADALAJARA,835,"22,0","0,0","13,6",05:43,"30,3",14:20,,,,,,,,,
2016-09-12,3209Y,BRIHUEGA,GUADALAJARA,835,"23,0","0,0","15,2",06:14,"30,8",16:08,,,,,,,,,
2016-09-13,3209Y,BRIHUEGA,GUADALAJARA,835,"15,9","6,8","8,3",23:57,"23,5",12:38,,,,,,,,,
2016-09-14,3209Y,BRIHUEGA,GUADALAJARA,835,"11,8","0,8","7,6",05:42,"16,1",15:31,,,,,,,,,
2016-09-15,3209Y,BRIHUEGA,GUADALAJARA,835,"11,7","0,2","7,2",05:39,"16,2",14:32,,,,,,,,,
2016-09-16,3209Y,BRIHUEGA,GUADALAJARA,835,"13,9","0,0","6,9",03:49,"20,9",15:22,,,,,,,,,
2016-09-17,3209Y,BRIHUEGA,GUADALAJARA,835,"13,6",,"7,8",05:10,"19,4",13:59,,,,,,,,,
2016-09-18,3209Y,BRIHUEGA,GUADALAJARA,835,"14,0","0,0","7,0",06:28,"20,9",14:58,,,,,,,,,
2016-09-19,3209Y,BRIHUEGA,GUADALAJARA,835,,,,,,,,,,,,,,,
2016-09-20,3209Y,BRIHUEGA,GUADALAJARA,835,"17,7",,"10,2",06:14,"25,2",14:49,,,,,,,,,
2016-09-21,3209Y,BRIHUEGA,GUADALAJARA,835,,"0,0",,,,,,,,,,,,,
2016-09-22,3209Y,BRIHUEGA,GUADALAJARA,835,"17,0","0,0","7,5",06:09,"26,4",13:49,,,,,,,,,
2016-09-23,3209Y,BRIHUEGA,GUADALAJARA,835,"18,4","0,0","10,7",05:27,"26,1",13:16,,,,,,,,,
2016-09-24,3209Y,BRIHUEGA,GUADALAJARA,835,"16,9",,"8,2",06:06,"25,6",13:56,,,,,,,,,
2016-09-28,3209Y,BRIHUEGA,GUADALAJARA,835,"17,4","0,0","10,3",23:57,"24,4",15:21,,,,,,,,,
2016-09-29,3209Y,BRIHUEGA,GUADALAJARA,835,,,,,,,,,,,,,,,
2016-09-30,3209Y,BRIHUEGA,GUADALAJARA,835,,,,,,,,,,,,,,,
2016-10-01,3209Y,BRIHUEGA,GUADALAJARA,835,"16,6","0,0","8,6",05:49,"24,5",14:48,,,,,,,,,
2016-10-02,3209Y,BRIHUEGA,GUADALAJARA,835,"16,4","0,0","8,6",05:54,"24,3",14:19,,,,,,,,,
2016-10-03,3209Y,BRIHUEGA,GUADALAJARA,835,"18,2","0,0","9,1",04:01,"27,2",14:29,,,,,,,,,
2016-10-04,3209Y,BRIHUEGA,GUADALAJARA,835,"17,6",,"8,7",06:13,"26,5",14:28,,,,,,,,,
2016-10-05,3209Y,BRIHUEGA,GUADALAJARA,835,"17,8","0,0","9,8",06:06,"25,8",15:01,,,,,,,,,
2016-10-06,3209Y,BRIHUEGA,GUADALAJARA,835,"17,6","0,0","9,7",23:42,"25,4",14:00,,,,,,,,,
2016-10-07,3209Y,BRIHUEGA,GUADALAJARA,835,"15,7","0,0","6,6",04:43,"24,8",14:02,,,,,,,,,
2016-10-08,3209Y,BRIHUEGA,GUADALAJARA,835,"16,6",,"7,6",05:47,"25,7",14:08,,,,,,,,,
2016-10-09,3209Y,BRIHUEGA,GUADALAJARA,835,"15,8","0,0","7,1",06:29,"24,4",14:12,,,,,,,,,
2016-10-10,3209Y,BRIHUEGA,GUADALAJARA,835,"14,0","0,0","5,3",06:30,"22,6",14:02,,,,,,,,,
2016-10-11,3209Y,BRIHUEGA,GUADALAJARA,835,"12,8","0,0","3,1",05:05,"22,4",13:58,,,,,,,,,
2016-10-12,3209Y,BRIHUEGA,GUADALAJARA,835,"10,1",,"8,8",01:25,"11,4",05:14,,,,,,,,,
2016-10-13,3209Y,BRIHUEGA,GUADALAJARA,835,"11,4","2,8","9,7",18:46,"13,2",12:55,,,,,,,,,
2016-10-14,3209Y,BRIHUEGA,GUADALAJARA,835,"10,8","0,4","6,0",24:00,"15,5",11:34,,,,,,,,,
2016-10-15,3209Y,BRIHUEGA,GUADALAJARA,835,"10,4","0,0","3,1",06:13,"17,7",15:04,,,,,,,,,
2016-10-16,3209Y,BRIHUEGA,GUADALAJARA,835,"11,4","0,2","4,5",02:21,"18,3",12:06,,,,,,,,,
2016-10-17,3209Y,BRIHUEGA,GUADALAJARA,835,"13,4","6,6","10,4",02:50,"16,5",15:04,,,,,,,,,
2016-10-18,3209Y,BRIHUEGA,GUADALAJARA,835,"14,3","0,0","10,2",06:56,"18,4",14:30,,,,,,,,,
2016-10-20,3209Y,BRIHUEGA,GUADALAJARA,835,"13,1","0,0","8,6",22:35,"17,6",12:39,,,,,,,,,
2016-10-21,3209Y,BRIHUEGA,GUADALAJARA,835,"11,9","0,8","7,2",02:56,"16,6",Varias,,,,,,,,,
2016-10-22,3209Y,BRIHUEGA,GUADALAJARA,835,"13,3","6,6","12,4",00:01,"14,2",16:27,,,,,,,,,
2016-10-23,3209Y,BRIHUEGA,GUADALAJARA,835,"11,2","16,4","9,4",22:30,"13,0",09:50,,,,,,,,,
2016-10-24,3209Y,BRIHUEGA,GUADALAJARA,835,"11,2","0,6","9,0",Varias,"13,5",15:58,,,,,,,,,
2016-10-25,3209Y,BRIHUEGA,GUADALAJARA,835,"15,4","0,0","9,4",04:38,"21,5",13:08,,,,,,,,,
2016-10-26,3209Y,BRIHUEGA,GUADALAJARA,835,"17,2","0,0","10,5",Varias,"23,9",14:33,,,,,,,,,
2016-10-27,3209Y,BRIHUEGA,GUADALAJARA,835,"17,0","0,2","10,2",06:43,"23,7",14:32,,,,,,,,,
2016-10-28,3209Y,BRIHUEGA,GUADALAJARA,835,"15,6","0,0","8,5",06:42,"22,6",14:42,,,,,,,,,
2016-10-29,3209Y,BRIHUEGA,GUADALAJARA,835,"14,9","0,0","5,9",06:36,"23,9",14:36,,,,,,,,,
2016-10-30,3209Y,BRIHUEGA,GUADALAJARA,835,"14,6","0,0","3,9",Varias,"25,2",14:06,,,,,,,,,
2016-10-31,3209Y,BRIHUEGA,GUADALAJARA,835,"13,4","0,0","2,6",05:44,"24,3",13:41,,,,,,,,,
2016-11-01,3209Y,BRIHUEGA,GUADALAJARA,835,"11,2","0,0","3,8",06:50,"18,6",14:00,,,,,,,,,
2016-11-02,3209Y,BRIHUEGA,GUADALAJARA,835,"12,5","0,0","4,3",06:52,"20,7",13:34,,,,,,,,,
2016-11-03,3209Y,BRIHUEGA,GUADALAJARA,835,"11,8","2,6","4,3",05:27,"19,4",14:34,,,,,,,,,
2016-11-04,3209Y,BRIHUEGA,GUADALAJARA,835,"10,6","16,8","7,3",01:01,"13,8",12:48,,,,,,,,,
2016-11-05,3209Y,BRIHUEGA,GUADALAJARA,835,"9,4","11,2","6,4",23:46,"12,3",10:53,,,,,,,,,
2016-11-06,3209Y,BRIHUEGA,GUADALAJARA,835,"5,8","0,0","1,3",06:58,"10,3",12:41,,,,,,,,,
2016-11-07,3209Y,BRIHUEGA,GUADALAJARA,835,"3,5","0,4","-1,2",05:51,"8,2",11:40,,,,,,,,,
2016-11-08,3209Y,BRIHUEGA,GUADALAJARA,835,"3,5","0,6","-2,7",04:24,"9,7",14:06,,,,,,,,,
2016-11-09,3209Y,BRIHUEGA,GUADALAJARA,835,"7,0","0,2","1,0",23:55,"12,9",14:01,,,,,,,,,
2016-11-10,3209Y,BRIHUEGA,GUADALAJARA,835,"6,0","0,0","-1,2",Varias,"13,3",14:25,,,,,,,,,
2016-11-11,3209Y,BRIHUEGA,GUADALAJARA,835,"7,1","0,0","-0,7",05:48,"14,9",14:14,,,,,,,,,
2016-11-12,3209Y,BRIHUEGA,GUADALAJARA,835,"6,4","0,0","0,0",06:58,"12,7",Varias,,,,,,,,,
2016-11-13,3209Y,BRIHUEGA,GUADALAJARA,835,"10,0","0,0","4,5",23:56,"15,6",13:55,,,,,,,,,
2016-11-14,3209Y,BRIHUEGA,GUADALAJARA,835,"7,0","0,0","1,1",04:28,"12,8",13:27,,,,,,,,,
2016-11-15,3209Y,BRIHUEGA,GUADALAJARA,835,"7,0","0,0","-1,4",06:59,"15,4",13:36,,,,,,,,,
2016-11-16,3209Y,BRIHUEGA,GUADALAJARA,835,"8,1","0,0","-0,8",07:09,"17,0",14:34,,,,,,,,,
2016-11-17,3209Y,BRIHUEGA,GUADALAJARA,835,"10,6","0,0","2,6",Varias,"18,6",15:04,,,,,,,,,
2016-11-18,3209Y,BRIHUEGA,GUADALAJARA,835,"6,8","0,0","2,3",Varias,"11,2",14:34,,,,,,,,,
2016-11-19,3209Y,BRIHUEGA,GUADALAJARA,835,"5,4","1,6","-0,5",06:55,"11,2",12:20,,,,,,,,,
2016-11-20,3209Y,BRIHUEGA,GUADALAJARA,835,"7,0","19,8","4,7",Varias,"9,4",22:15,,,,,,,,,
2016-11-21,3209Y,BRIHUEGA,GUADALAJARA,835,"7,2","1,0","4,9",20:37,"9,6",09:00,,,,,,,,,
2016-11-22,3209Y,BRIHUEGA,GUADALAJARA,835,"5,6","5,8","4,6",02:36,"6,7",11:06,,,,,,,,,
2016-11-23,3209Y,BRIHUEGA,GUADALAJARA,835,"2,8","7,4","0,3",23:49,"5,3",00:01,,,,,,,,,
2016-11-24,3209Y,BRIHUEGA,GUADALAJARA,835,"3,0","2,0","-0,4",05:57,"6,3",13:22,,,,,,,,,
2016-11-25,3209Y,BRIHUEGA,GUADALAJARA,835,"2,4","2,0","-0,4",05:15,"5,1",11:22,,,,,,,,,
2016-11-26,3209Y,BRIHUEGA,GUADALAJARA,835,"6,0","7,2","4,2",06:38,"7,8",20:36,,,,,,,,,
2016-11-27,3209Y,BRIHUEGA,GUADALAJARA,835,"7,8","0,2","5,6",05:25,"10,1",14:25,,,,,,,,,
2016-11-28,3209Y,BRIHUEGA,GUADALAJARA,835,"5,8","0,0","1,8",23:10,"9,9",10:29,,,,,,,,,
2016-11-29,3209Y,BRIHUEGA,GUADALAJARA,835,"6,9","0,6","2,3",00:01,"11,5",11:34,,,,,,,,,
2016-11-30,3209Y,BRIHUEGA,GUADALAJARA,835,"7,5","0,2","3,1",07:23,"11,9",12:40,,,,,,,,,
2016-12-01,3209Y,BRIHUEGA,GUADALAJARA,835,"6,6","0,0","4,1",06:20,"9,0",11:44,,,,,,,,,
2016-12-02,3209Y,BRIHUEGA,GUADALAJARA,835,"6,8","0,0","1,2",07:36,"12,4",15:05,,,,,,,,,
2016-12-03,3209Y,BRIHUEGA,GUADALAJARA,835,"5,4","2,8","-0,7",07:24,"11,5",12:44,,,,,,,,,
2016-12-04,3209Y,BRIHUEGA,GUADALAJARA,835,"8,3","4,4","7,6",06:51,"9,0",14:02,,,,,,,,,
2016-12-05,3209Y,BRIHUEGA,GUADALAJARA,835,"8,4","0,0","5,0",23:46,"11,8",15:32,,,,,,,,,
2016-12-06,3209Y,BRIHUEGA,GUADALAJARA,835,"8,9","0,2","3,1",07:37,"14,7",14:12,,,,,,,,,
2016-12-07,3209Y,BRIHUEGA,GUADALAJARA,835,"8,0","0,0","2,1",01:26,"13,8",14:44,,,,,,,,,
2016-12-08,3209Y,BRIHUEGA,GUADALAJARA,835,"6,5","0,0","0,6",06:56,"12,4",13:02,,,,,,,,,
2016-12-09,3209Y,BRIHUEGA,GUADALAJARA,835,"6,3","0,0","-0,3",07:14,"12,9",15:17,,,,,,,,,
2016-12-10,3209Y,BRIHUEGA,GUADALAJARA,835,"7,8","0,0","2,4",23:31,"13,3",13:54,,,,,,,,,
2016-12-11,3209Y,BRIHUEGA,GUADALAJARA,835,"7,2","0,0","0,8",05:59,"13,6",14:05,,,,,,,,,
2016-12-12,3209Y,BRIHUEGA,GUADALAJARA,835,"7,0","0,0","0,2",06:56,"13,9",14:14,,,,,,,,,
2016-12-13,3209Y,BRIHUEGA,GUADALAJARA,835,"4,8","0,0","-0,5",07:33,"10,0",15:31,,,,,,,,,
2016-12-14,3209Y,BRIHUEGA,GUADALAJARA,835,"5,4","0,0","2,4",00:35,"8,5",13:33,,,,,,,,,
2016-12-15,3209Y,BRIHUEGA,GUADALAJARA,835,"7,0","0,4","4,9",07:18,"9,2",12:24,,,,,,,,,
2016-12-16,3209Y,BRIHUEGA,GUADALAJARA,835,"5,6","5,2","4,2",00:48,"7,0",12:16,,,,,,,,,
2016-12-17,3209Y,BRIHUEGA,GUADALAJARA,835,"6,8","0,0","3,9",23:39,"9,8",15:20,,,,,,,,,
2016-12-18,3209Y,BRIHUEGA,GUADALAJARA,835,"4,4","0,0","-0,2",07:43,"8,9",14:08,,,,,,,,,
2016-12-19,3209Y,BRIHUEGA,GUADALAJARA,835,"4,6","0,0","0,2",21:18,"8,9",15:20,,,,,,,,,
2016-12-20,3209Y,BRIHUEGA,GUADALAJARA,835,"2,9","0,0","-2,1",06:16,"7,9",13:09,,,,,,,,,
2016-12-21,3209Y,BRIHUEGA,GUADALAJARA,835,"4,8","0,0","-0,3",03:16,"9,9",13:02,,,,,,,,,
2016-12-22,3209Y,BRIHUEGA,GUADALAJARA,835,"6,3","0,0","-0,5",04:08,"13,1",14:53,,,,,,,,,
2016-12-23,3209Y,BRIHUEGA,GUADALAJARA,835,"6,9","0,0","1,0",07:55,"12,8",15:20,,,,,,,,,
2016-12-24,3209Y,BRIHUEGA,GUADALAJARA,835,"6,6","0,0","0,6",23:44,"12,5",14:46,,,,,,,,,
2016-12-25,3209Y,BRIHUEGA,GUADALAJARA,835,"8,0","0,0","-0,1",07:58,"16,1",15:04,,,,,,,,,
2016-12-26,3209Y,BRIHUEGA,GUADALAJARA,835,"9,4","0,0","-0,9",06:52,"19,8",14:44,,,,,,,,,
2016-12-27,3209Y,BRIHUEGA,GUADALAJARA,835,"9,2","0,0","0,5",06:57,"17,9",13:30,,,,,,,,,
2016-12-28,3209Y,BRIHUEGA,GUADALAJARA,835,"8,1","0,0","-1,4",23:58,"17,6",14:31,,,,,,,,,
2016-12-29,3209Y,BRIHUEGA,GUADALAJARA,835,"6,4","0,0","-5,1",07:40,"17,9",14:29,,,,,,,,,
2016-12-30,3209Y,BRIHUEGA,GUADALAJARA,835,"5,4","0,0","-4,6",07:12,"15,5",14:07,,,,,,,,,
2016-12-31,3209Y,BRIHUEGA,GUADALAJARA,835,"1,4","0,0","-6,8",07:37,"9,6",13:15,,,,,,,,,
2017-01-01,3209Y,BRIHUEGA,GUADALAJARA,835,"-0,6","0,0","-5,1",03:10,"4,0",15:04,,,,,,,,,
2017-01-02,3209Y,BRIHUEGA,GUADALAJARA,835,"0,8","0,0","-3,5",06:53,"5,0",15:44,,,,,,,,,
2017-01-03,3209Y,BRIHUEGA,GUADALAJARA,835,"4,8","0,0","-2,3",06:48,"11,9",14:48,,,,,,,,,
2017-01-04,3209Y,BRIHUEGA,GUADALAJARA,835,"6,2","0,0","-0,8",07:52,"13,3",13:58,,,,,,,,,
2017-01-05,3209Y,BRIHUEGA,GUADALAJARA,835,"6,1","0,0","-0,8",05:33,"13,0",14:48,,,,,,,,,
2017-01-06,3209Y,BRIHUEGA,GUADALAJARA,835,"4,0","0,0","-4,2",07:21,"12,1",14:51,,,,,,,,,
2017-01-07,3209Y,BRIHUEGA,GUADALAJARA,835,"3,2","0,0","-6,0",07:25,"12,5",14:02,,,,,,,,,
2017-01-08,3209Y,BRIHUEGA,GUADALAJARA,835,"5,4","0,0","-3,7",04:41,"14,6",14:38,,,,,,,,,
2017-01-09,3209Y,BRIHUEGA,GUADALAJARA,835,"6,0","0,0","-1,2",06:08,"13,2",15:18,,,,,,,,,
2017-01-10,3209Y,BRIHUEGA,GUADALAJARA,835,"5,5","0,0","0,3",00:54,"10,7",13:40,,,,,,,,,
2017-01-11,3209Y,BRIHUEGA,GUADALAJARA,835,"8,8","0,0","2,9",23:31,"14,6",14:09,,,,,,,,,
2017-01-12,3209Y,BRIHUEGA,GUADALAJARA,835,"5,8","0,0","-0,5",07:24,"12,2",14:15,,,,,,,,,
2017-01-13,3209Y,BRIHUEGA,GUADALAJARA,835,"2,1","0,0","-3,2",23:19,"7,4",12:31,,,,,,,,,
2017-01-14,3209Y,BRIHUEGA,GUADALAJARA,835,"0,4","0,0","-4,6",23:20,"5,5",13:50,,,,,,,,,
2017-01-15,3209Y,BRIHUEGA,GUADALAJARA,835,"1,4","0,0","-4,6",02:23,"7,5",13:34,,,,,,,,,
2017-01-16,3209Y,BRIHUEGA,GUADALAJARA,835,"6,3","0,0","2,7",00:12,"9,9",14:43,,,,,,,,,
2017-01-17,3209Y,BRIHUEGA,GUADALAJARA,835,"0,6","0,0","-5,5",23:50,"6,7",11:04,,,,,,,,,
2017-01-18,3209Y,BRIHUEGA,GUADALAJARA,835,"-1,5","0,0","-6,9",02:29,"3,9",13:18,,,,,,,,,
2017-01-19,3209Y,BRIHUEGA,GUADALAJARA,835,"-1,4","0,0","-8,0",03:44,"5,1",13:56,,,,,,,,,
2017-01-20,3209Y,BRIHUEGA,GUADALAJARA,835,"2,0","0,4","0,4",08:05,"3,5",11:44,,,,,,,,,
2017-01-21,3209Y,BRIHUEGA,GUADALAJARA,835,"3,6","0,0","-1,2",24:00,"8,4",13:56,,,,,,,,,
2017-01-22,3209Y,BRIHUEGA,GUADALAJARA,835,"2,6","0,0","-2,6",06:44,"7,9",13:11,,,,,,,,,
2017-01-23,3209Y,BRIHUEGA,GUADALAJARA,835,"4,3","0,0","-1,0",21:57,"9,6",14:11,,,,,,,,,
2017-01-24,3209Y,BRIHUEGA,GUADALAJARA,835,"3,5","0,0","-4,5",06:05,"11,5",15:07,,,,,,,,,
2017-01-25,3209Y,BRIHUEGA,GUADALAJARA,835,"2,4","0,0","-6,4",07:28,"11,2",14:23,,,,,,,,,
2017-01-26,3209Y,BRIHUEGA,GUADALAJARA,835,"-0,6","2,0","-6,1",07:11,"5,0",Varias,,,,,,,,,
2017-01-27,3209Y,BRIHUEGA,GUADALAJARA,835,"2,6","12,4","0,7",23:11,"4,6",11:50,,,,,,,,,
2017-01-28,3209Y,BRIHUEGA,GUADALAJARA,835,"3,4","0,0","-0,6",07:31,"7,3",12:32,,,,,,,,,
2017-01-29,3209Y,BRIHUEGA,GUADALAJARA,835,"3,0","1,0","-0,2",03:09,"6,3",23:04,,,,,,,,,
2017-01-30,3209Y,BRIHUEGA,GUADALAJARA,835,"7,2","0,4","6,2",00:01,"8,2",13:36,,,,,,,,,
2017-01-31,3209Y,BRIHUEGA,GUADALAJARA,835,"7,6","0,0","3,2",22:56,"12,0",14:02,,,,,,,,,
2017-02-01,3209Y,BRIHUEGA,GUADALAJARA,835,"4,4","7,2","1,0",05:57,"7,9",15:05,,,,,,,,,
2017-02-02,3209Y,BRIHUEGA,GUADALAJARA,835,"5,8","7,4","2,4",21:01,"9,1",15:04,,,,,,,,,
2017-02-03,3209Y,BRIHUEGA,GUADALAJARA,835,"6,1","5,0","2,7",00:12,"9,5",13:38,,,,,,,,,
2017-02-04,3209Y,BRIHUEGA,GUADALAJARA,835,"9,4","5,8","7,5",Varias,"11,4",14:09,,,,,,,,,
2017-02-05,3209Y,BRIHUEGA,GUADALAJARA,835,"5,2","0,2","1,9",23:34,"8,5",00:01,,,,,,,,,
2017-02-06,3209Y,BRIHUEGA,GUADALAJARA,835,"7,0","0,0","2,7",00:01,"11,3",13:43,,,,,,,,,
2017-02-07,3209Y,BRIHUEGA,GUADALAJARA,835,"6,4","3,2","3,4",07:54,"9,5",16:02,,,,,,,,,
2017-02-08,3209Y,BRIHUEGA,GUADALAJARA,835,"2,5","0,2","-1,4",23:47,"6,4",13:29,,,,,,,,,
2017-02-09,3209Y,BRIHUEGA,GUADALAJARA,835,"2,1","0,0","-3,8",07:37,"8,0",15:15,,,,,,,,,
2017-02-10,3209Y,BRIHUEGA,GUADALAJARA,835,"1,6","0,6","-1,7",07:25,"5,0",16:14,,,,,,,,,
2017-02-11,3209Y,BRIHUEGA,GUADALAJARA,835,"4,4","1,8","1,7",08:29,"7,2",Varias,,,,,,,,,
2017-02-12,3209Y,BRIHUEGA,GUADALAJARA,835,"7,6","9,8","4,3",04:52,"10,9",15:49,,,,,,,,,
2017-02-13,3209Y,BRIHUEGA,GUADALAJARA,835,"6,2","2,6","2,4",23:25,"9,9",02:11,,,,,,,,,
2017-02-14,3209Y,BRIHUEGA,GUADALAJARA,835,"4,5","0,0","0,5",23:36,"8,5",15:59,,,,,,,,,
2017-02-15,3209Y,BRIHUEGA,GUADALAJARA,835,"6,6","0,0","-0,9",Varias,"14,0",15:07,,,,,,,,,
2017-02-16,3209Y,BRIHUEGA,GUADALAJARA,835,"5,7","0,0","0,4",04:55,"11,0",14:29,,,,,,,,,
2017-02-17,3209Y,BRIHUEGA,GUADALAJARA,835,"6,3","0,0","-2,0",06:50,"14,6",14:52,,,,,,,,,
2017-02-18,3209Y,BRIHUEGA,GUADALAJARA,835,"5,8","0,0","-1,5",06:57,"13,1",12:55,,,,,,,,,
2017-02-19,3209Y,BRIHUEGA,GUADALAJARA,835,"7,7","0,0","1,6",23:59,"13,8",15:16,,,,,,,,,
2017-02-20,3209Y,BRIHUEGA,GUADALAJARA,835,"7,2","0,0","-0,1",04:16,"14,6",14:59,,,,,,,,,
2017-02-21,3209Y,BRIHUEGA,GUADALAJARA,835,"7,5","0,0","-1,7",07:10,"16,7",15:10,,,,,,,,,
2017-02-22,3209Y,BRIHUEGA,GUADALAJARA,835,"10,0","0,0","0,8",05:06,"19,2",14:45,,,,,,,,,
2017-02-23,3209Y,BRIHUEGA,GUADALAJARA,835,"10,0","0,4","6,0",05:51,"14,0",13:04,,,,,,,,,
2017-02-24,3209Y,BRIHUEGA,GUADALAJARA,835,"7,4","0,0","0,7",22:56,"14,1",15:04,,,,,,,,,
2017-02-25,3209Y,BRIHUEGA,GUADALAJARA,835,"7,8","0,0","-2,2",06:37,"17,9",14:25,,,,,,,,,
2017-02-26,3209Y,BRIHUEGA,GUADALAJARA,835,"7,2","0,0","-0,5",06:59,"14,8",15:06,,,,,,,,,
2017-02-27,3209Y,BRIHUEGA,GUADALAJARA,835,"8,1","0,2","4,7",23:47,"11,5",14:49,,,,,,,,,
2017-02-28,3209Y,BRIHUEGA,GUADALAJARA,835,"7,5","0,0","4,7",00:01,"10,3",14:54,,,,,,,,,
2017-03-01,3209Y,BRIHUEGA,GUADALAJARA,835,"7,6","0,0","0,5",06:43,"14,8",15:06,,,,,,,,,
2017-03-02,3209Y,BRIHUEGA,GUADALAJARA,835,"8,2","0,0","0,9",05:29,"15,5",15:32,,,,,,,,,
2017-03-03,3209Y,BRIHUEGA,GUADALAJARA,835,"6,6","10,6","0,9",18:29,"12,4",11:05,,,,,,,,,
2017-03-04,3209Y,BRIHUEGA,GUADALAJARA,835,"3,6","0,0","-0,7",06:31,"8,0",15:13,,,,,,,,,
2017-03-05,3209Y,BRIHUEGA,GUADALAJARA,835,"4,9","0,2","1,4",00:01,"8,4",Varias,,,,,,,,,
2017-03-06,3209Y,BRIHUEGA,GUADALAJARA,835,"11,7","0,0","7,0",07:18,"16,4",13:19,,,,,,,,,
2017-03-07,3209Y,BRIHUEGA,GUADALAJARA,835,"10,2","0,0","2,5",06:40,"17,8",Varias,,,,,,,,,
2017-03-08,3209Y,BRIHUEGA,GUADALAJARA,835,"12,2","0,0","2,3",05:34,"22,0",15:04,,,,,,,,,
2017-03-09,3209Y,BRIHUEGA,GUADALAJARA,835,"13,8","0,0","3,4",Varias,"24,2",14:31,,,,,,,,,
2017-03-10,3209Y,BRIHUEGA,GUADALAJARA,835,"14,1","0,0","3,5",06:33,"24,7",14:28,,,,,,,,,
2017-03-11,3209Y,BRIHUEGA,GUADALAJARA,835,"13,5","0,0","4,0",06:09,"23,0",13:49,,,,,,,,,
2017-03-12,3209Y,BRIHUEGA,GUADALAJARA,835,"10,2","0,0","3,5",23:38,"16,9",13:15,,,,,,,,,
2017-03-13,3209Y,BRIHUEGA,GUADALAJARA,835,"7,8","0,0","3,3",01:55,"12,3",14:24,,,,,,,,,
2017-03-14,3209Y,BRIHUEGA,GUADALAJARA,835,"12,0","0,0","6,7",06:16,"17,3",15:22,,,,,,,,,
2017-03-15,3209Y,BRIHUEGA,GUADALAJARA,835,"12,1","0,0","3,9",06:07,"20,3",14:49,,,,,,,,,
2017-03-16,3209Y,BRIHUEGA,GUADALAJARA,835,"9,8","0,0","1,6",06:28,"18,1",14:15,,,,,,,,,
2017-03-17,3209Y,BRIHUEGA,GUADALAJARA,835,"10,0","0,0","0,3",06:36,"19,8",14:50,,,,,,,,,
2017-03-18,3209Y,BRIHUEGA,GUADALAJARA,835,"10,8","0,0","-0,1",06:02,"21,7",15:06,,,,,,,,,
2017-03-19,3209Y,BRIHUEGA,GUADALAJARA,835,"11,8","0,0","1,1",06:32,"22,4",14:30,,,,,,,,,
2017-03-20,3209Y,BRIHUEGA,GUADALAJARA,835,"14,0","0,0","5,6",06:32,"22,5",15:06,,,,,,,,,
2017-03-21,3209Y,BRIHUEGA,GUADALAJARA,835,"9,7","0,0","4,4",05:39,"15,0",13:10,,,,,,,,,
2017-03-22,3209Y,BRIHUEGA,GUADALAJARA,835,"5,4","8,2","0,2",04:38,"10,7",14:13,,,,,,,,,
2017-03-23,3209Y,BRIHUEGA,GUADALAJARA,835,"0,4","1,6","-3,0",06:10,"3,8",14:18,,,,,,,,,
2017-03-24,3209Y,BRIHUEGA,GUADALAJARA,835,"4,0","0,0","-1,1",04:36,"9,0",15:38,,,,,,,,,
2017-03-25,3209Y,BRIHUEGA,GUADALAJARA,835,"4,0","4,2","-0,6",03:23,"8,5",11:42,,,,,,,,,
2017-03-26,3209Y,BRIHUEGA,GUADALAJARA,835,"8,4","2,8","4,2",00:01,"12,5",16:45,,,,,,,,,
2017-03-27,3209Y,BRIHUEGA,GUADALAJARA,835,"6,8","0,8","3,6",23:49,"10,1",15:43,,,,,,,,,
2017-03-28,3209Y,BRIHUEGA,GUADALAJARA,835,"9,0","0,0","3,0",23:56,"15,0",14:56,,,,,,,,,
2017-03-29,3209Y,BRIHUEGA,GUADALAJARA,835,"9,1","0,0","0,1",06:01,"18,1",14:11,,,,,,,,,
2017-03-30,3209Y,BRIHUEGA,GUADALAJARA,835,"11,1","0,0","2,5",06:04,"19,7",14:38,,,,,,,,,
2017-03-31,3209Y,BRIHUEGA,GUADALAJARA,835,"10,4","0,0","4,0",23:26,"16,8",13:38,,,,,,,,,
2017-04-01,3209Y,BRIHUEGA,GUADALAJARA,835,"8,4","0,0","2,9",24:00,"14,0",13:02,,,,,,,,,
2017-04-02,3209Y,BRIHUEGA,GUADALAJARA,835,"6,8","0,0","0,0",05:49,"13,7",13:36,,,,,,,,,
2017-04-03,3209Y,BRIHUEGA,GUADALAJARA,835,"9,0","0,0","-0,2",04:54,"18,2",16:27,,,,,,,,,
2017-04-04,3209Y,BRIHUEGA,GUADALAJARA,835,"10,4","0,0","3,0",02:58,"17,9",14:44,,,,,,,,,
2017-04-05,3209Y,BRIHUEGA,GUADALAJARA,835,"9,0","0,0","2,9",05:30,"15,1",15:29,,,,,,,,,
2017-04-06,3209Y,BRIHUEGA,GUADALAJARA,835,"10,6","0,0","1,8",03:11,"19,3",14:40,,,,,,,,,
2017-04-07,3209Y,BRIHUEGA,GUADALAJARA,835,"11,2","0,0","1,4",05:34,"21,1",15:31,,,,,,,,,
2017-04-08,3209Y,BRIHUEGA,GUADALAJARA,835,"11,6","0,0","1,6",05:45,"21,7",15:05,,,,,,,,,
2017-04-09,3209Y,BRIHUEGA,GUADALAJARA,835,"12,2","0,0","2,2",05:45,"22,2",16:16,,,,,,,,,
2017-04-10,3209Y,BRIHUEGA,GUADALAJARA,835,"13,2","0,0","3,0",05:23,"23,3",13:51,,,,,,,,,
2017-04-11,3209Y,BRIHUEGA,GUADALAJARA,835,"14,4","0,0","4,8",05:49,"24,0",15:24,,,,,,,,,
2017-04-12,3209Y,BRIHUEGA,GUADALAJARA,835,"14,8","0,0","4,3",05:16,"25,3",14:39,,,,,,,,,
2017-04-13,3209Y,BRIHUEGA,GUADALAJARA,835,"15,1","0,0","5,5",05:46,"24,7",14:56,,,,,,,,,
2017-04-14,3209Y,BRIHUEGA,GUADALAJARA,835,"15,2","0,0","6,7",05:33,"23,7",14:45,,,,,,,,,
2017-04-15,3209Y,BRIHUEGA,GUADALAJARA,835,"15,7","0,0","7,5",02:48,"23,9",15:56,,,,,,,,,
2017-04-16,3209Y,BRIHUEGA,GUADALAJARA,835,"13,8","0,0","3,6",05:21,"24,1",16:15,,,,,,,,,
2017-04-17,3209Y,BRIHUEGA,GUADALAJARA,835,"15,4","0,0","5,6",05:25,"25,3",13:54,,,,,,,,,
2017-04-18,3209Y,BRIHUEGA,GUADALAJARA,835,"15,7","0,0","7,2",05:19,"24,2",14:19,,,,,,,,,
2017-04-19,3209Y,BRIHUEGA,GUADALAJARA,835,"14,8","0,6","6,5",05:50,"23,2",14:57,,,,,,,,,
2017-04-20,3209Y,BRIHUEGA,GUADALAJARA,835,"11,4","0,0","4,3",24:00,"18,6",16:34,,,,,,,,,
2017-04-21,3209Y,BRIHUEGA,GUADALAJARA,835,"10,1","0,0","-1,6",05:17,"21,8",15:49,,,,,,,,,
2017-04-22,3209Y,BRIHUEGA,GUADALAJARA,835,"9,6","0,0","-1,3",05:36,"20,4",16:22,,,,,,,,,
2017-04-23,3209Y,BRIHUEGA,GUADALAJARA,835,"13,9","0,0","3,7",05:29,"24,1",14:37,,,,,,,,,
2017-04-24,3209Y,BRIHUEGA,GUADALAJARA,835,"15,4","4,0","6,6",05:15,"24,2",13:56,,,,,,,,,
2017-04-25,3209Y,BRIHUEGA,GUADALAJARA,835,"14,9","6,2","9,4",04:18,"20,4",15:35,,,,,,,,,
2017-04-26,3209Y,BRIHUEGA,GUADALAJARA,835,"8,4","1,0","2,4",23:57,"14,4",12:58,,,,,,,,,
2017-04-27,3209Y,BRIHUEGA,GUADALAJARA,835,"6,0","0,2","0,4",Varias,"11,6",14:37,,,,,,,,,
2017-04-28,3209Y,BRIHUEGA,GUADALAJARA,835,"7,0","1,2","-1,8",05:27,"15,8",15:36,,,,,,,,,
2017-04-29,3209Y,BRIHUEGA,GUADALAJARA,835,"7,8","3,4","6,1",05:33,"9,4",18:16,,,,,,,,,
2017-04-30,3209Y,BRIHUEGA,GUADALAJARA,835,"5,8","1,8","1,4",23:59,"10,2",12:47,,,,,,,,,
2017-05-01,3209Y,BRIHUEGA,GUADALAJARA,835,"7,8","0,0","-0,2",05:47,"15,7",Varias,,,,,,,,,
2017-05-02,3209Y,BRIHUEGA,GUADALAJARA,835,"11,6","0,0","2,8",02:39,"20,3",15:35,,,,,,,,,
2017-05-03,3209Y,BRIHUEGA,GUADALAJARA,835,"15,0","0,0","5,8",05:21,"24,3",15:54,,,,,,,,,
2017-05-04,3209Y,BRIHUEGA,GUADALAJARA,835,"16,4","0,0","9,2",04:13,"23,6",12:21,,,,,,,,,
2017-05-05,3209Y,BRIHUEGA,GUADALAJARA,835,"15,0","6,8","8,3",Varias,"21,7",15:04,,,,,,,,,
2017-05-06,3209Y,BRIHUEGA,GUADALAJARA,835,"12,7","0,0","7,2",05:00,"18,2",15:18,,,,,,,,,
2017-05-07,3209Y,BRIHUEGA,GUADALAJARA,835,"15,0","0,0","7,0",02:07,"23,1",16:02,,,,,,,,,
2017-05-08,3209Y,BRIHUEGA,GUADALAJARA,835,"17,0","0,0","7,7",05:35,"26,2",15:48,,,,,,,,,
2017-05-09,3209Y,BRIHUEGA,GUADALAJARA,835,"17,2","0,0","8,8",05:14,"25,5",16:18,,,,,,,,,
2017-05-10,3209Y,BRIHUEGA,GUADALAJARA,835,"15,4","16,4","10,1",23:43,"20,7",13:55,,,,,,,,,
2017-05-11,3209Y,BRIHUEGA,GUADALAJARA,835,"11,6","4,4","7,8",06:00,"15,3",13:19,,,,,,,,,
2017-05-12,3209Y,BRIHUEGA,GUADALAJARA,835,"11,0","4,4","7,1",01:53,"14,8",13:43,,,,,,,,,
2017-05-13,3209Y,BRIHUEGA,GUADALAJARA,835,"13,1","0,0","8,2",23:52,"18,0",15:40,,,,,,,,,
2017-05-14,3209Y,BRIHUEGA,GUADALAJARA,835,"13,2","0,0","5,7",05:18,"20,8",15:32,,,,,,,,,
2017-05-15,3209Y,BRIHUEGA,GUADALAJARA,835,"15,4","0,0","6,4",04:51,"24,5",15:10,,,,,,,,,
2017-05-16,3209Y,BRIHUEGA,GUADALAJARA,835,"18,8","0,0","10,8",05:29,"26,7",14:50,,,,,,,,,
2017-05-17,3209Y,BRIHUEGA,GUADALAJARA,835,"19,0","3,2","12,4",03:25,"25,7",15:27,,,,,,,,,
2017-05-18,3209Y,BRIHUEGA,GUADALAJARA,835,"10,9","7,4","5,3",23:52,"16,5",15:22,,,,,,,,,
2017-05-19,3209Y,BRIHUEGA,GUADALAJARA,835,"11,2","0,0","2,0",04:44,"20,3",16:38,,,,,,,,,
2017-05-20,3209Y,BRIHUEGA,GUADALAJARA,835,"14,3","0,0","3,9",05:12,"24,7",15:46,,,,,,,,,
2017-05-21,3209Y,BRIHUEGA,GUADALAJARA,835,"16,6","0,0","10,9",00:01,"22,3",15:05,,,,,,,,,
2017-05-22,3209Y,BRIHUEGA,GUADALAJARA,835,"18,4","0,0","9,0",05:08,"27,7",16:41,,,,,,,,,
2017-05-23,3209Y,BRIHUEGA,GUADALAJARA,835,"20,2","0,0","11,4",05:08,"29,1",16:23,,,,,,,,,
2017-05-24,3209Y,BRIHUEGA,GUADALAJARA,835,"19,8","0,0","10,1",04:45,"29,6",14:38,,,,,,,,,
2017-05-25,3209Y,BRIHUEGA,GUADALAJARA,835,"20,4","0,0","10,6",04:56,"30,3",15:20,,,,,,,,,
2017-05-26,3209Y,BRIHUEGA,GUADALAJARA,835,"21,4","0,0","11,8",04:34,"30,9",15:20,,,,,,,,,
2017-05-27,3209Y,BRIHUEGA,GUADALAJARA,835,"22,4","0,0","14,3",05:00,"30,4",14:02,,,,,,,,,
2017-05-28,3209Y,BRIHUEGA,GUADALAJARA,835,"21,2","1,2","14,7",05:05,"27,6",14:51,,,,,,,,,
2017-05-29,3209Y,BRIHUEGA,GUADALAJARA,835,"18,5","0,0","13,0",05:18,"24,0",15:41,,,,,,,,,
2017-05-30,3209Y,BRIHUEGA,GUADALAJARA,835,"17,4","0,2","10,7",23:56,"24,0",11:19,,,,,,,,,
2017-05-31,3209Y,BRIHUEGA,GUADALAJARA,835,"17,8","0,0","9,6",02:45,"26,0",13:23,,,,,,,,,
2017-06-01,3209Y,BRIHUEGA,GUADALAJARA,835,"19,6","0,0","10,2",04:39,"28,9",15:18,,,,,,,,,
2017-06-02,3209Y,BRIHUEGA,GUADALAJARA,835,"21,5","4,0","12,9",05:13,"30,1",15:15,,,,,,,,,
2017-06-03,3209Y,BRIHUEGA,GUADALAJARA,835,"20,0","0,4","13,8",04:48,"26,1",16:54,,,,,,,,,
2017-06-04,3209Y,BRIHUEGA,GUADALAJARA,835,"16,1","32,0","9,0",23:56,"23,2",11:24,,,,,,,,,
2017-06-05,3209Y,BRIHUEGA,GUADALAJARA,835,"14,3","0,2","5,4",04:57,"23,2",15:43,,,,,,,,,
2017-06-06,3209Y,BRIHUEGA,GUADALAJARA,835,"17,0","0,0","8,4",04:24,"25,5",16:48,,,,,,,,,
2017-06-07,3209Y,BRIHUEGA,GUADALAJARA,835,"19,2","0,0","9,3",04:38,"29,0",16:33,,,,,,,,,
2017-06-08,3209Y,BRIHUEGA,GUADALAJARA,835,"21,2","0,0","12,5",04:36,"30,0",13:56,,,,,,,,,
2017-06-09,3209Y,BRIHUEGA,GUADALAJARA,835,"22,2","0,0","14,1",04:21,"30,3",15:33,,,,,,,,,
2017-06-10,3209Y,BRIHUEGA,GUADALAJARA,835,"22,4","0,0","12,7",05:08,"32,2",15:54,,,,,,,,,
2017-06-11,3209Y,BRIHUEGA,GUADALAJARA,835,"25,0","0,0","15,3",05:07,"34,6",16:16,,,,,,,,,
2017-06-12,3209Y,BRIHUEGA,GUADALAJARA,835,"25,0","0,0","15,7",05:04,"34,3",15:28,,,,,,,,,
2017-06-13,3209Y,BRIHUEGA,GUADALAJARA,835,"24,4","0,0","14,9",04:17,"34,0",16:06,,,,,,,,,
2017-06-14,3209Y,BRIHUEGA,GUADALAJARA,835,"25,8","0,0","16,1",05:01,"35,5",15:01,,,,,,,,,
2017-06-15,3209Y,BRIHUEGA,GUADALAJARA,835,"27,2","3,8","17,5",04:53,"37,0",15:50,,,,,,,,,
2017-06-16,3209Y,BRIHUEGA,GUADALAJARA,835,"25,0","0,0","14,8",04:02,"35,1",14:55,,,,,,,,,
2017-06-17,3209Y,BRIHUEGA,GUADALAJARA,835,"27,4","0,0","18,5",04:43,"36,3",15:00,,,,,,,,,
2017-06-18,3209Y,BRIHUEGA,GUADALAJARA,835,"26,2","0,0","16,0",04:53,"36,4",16:07,,,,,,,,,
2017-06-19,3209Y,BRIHUEGA,GUADALAJARA,835,"25,0","0,4","18,3",22:58,"31,6",15:16,,,,,,,,,
2017-06-20,3209Y,BRIHUEGA,GUADALAJARA,835,"23,0","0,2","15,8",05:17,"30,1",12:14,,,,,,,,,
2017-06-21,3209Y,BRIHUEGA,GUADALAJARA,835,"23,6","0,0","14,3",04:52,"33,0",15:17,,,,,,,,,
2017-06-22,3209Y,BRIHUEGA,GUADALAJARA,835,"25,8","0,0","16,8",04:45,"34,7",15:54,,,,,,,,,
2017-06-23,3209Y,BRIHUEGA,GUADALAJARA,835,"25,4","0,0","17,1",04:55,"33,8",15:18,,,,,,,,,
2017-06-24,3209Y,BRIHUEGA,GUADALAJARA,835,"23,3","0,0","13,4",04:24,"33,2",14:29,,,,,,,,,
2017-06-25,3209Y,BRIHUEGA,GUADALAJARA,835,"23,7","15,2","15,2",23:58,"32,2",14:17,,,,,,,,,
2017-06-26,3209Y,BRIHUEGA,GUADALAJARA,835,"21,0","0,0","14,8",Varias,"27,2",16:00,,,,,,,,,
2017-06-27,3209Y,BRIHUEGA,GUADALAJARA,835,"19,0","0,0","11,9",04:33,"26,2",15:06,,,,,,,,,
2017-06-28,3209Y,BRIHUEGA,GUADALAJARA,835,"17,2","9,6","12,6",04:50,"21,9",16:20,,,,,,,,,
2017-06-29,3209Y,BRIHUEGA,GUADALAJARA,835,"13,8","0,0","7,9",05:21,"19,8",14:07,,,,,,,,,
2017-06-30,3209Y,BRIHUEGA,GUADALAJARA,835,"13,6","0,0","6,9",05:25,"20,2",15:38,,,,,,,,,
2017-07-01,3209Y,BRIHUEGA,GUADALAJARA,835,"14,1","0,0","7,1",05:27,"21,1",16:21,,,,,,,,,
2017-07-02,3209Y,BRIHUEGA,GUADALAJARA,835,"17,8","0,0","7,6",03:56,"28,1",15:39,,,,,,,,,
2017-07-03,3209Y,BRIHUEGA,GUADALAJARA,835,"21,4","0,0","10,9",04:55,"31,8",16:14,,,,,,,,,
2017-07-04,3209Y,BRIHUEGA,GUADALAJARA,835,"22,6","0,0","13,1",04:47,"32,0",15:30,,,,,,,,,
2017-07-05,3209Y,BRIHUEGA,GUADALAJARA,835,"23,9","3,8","15,1",04:57,"32,7",15:25,,,,,,,,,
2017-07-06,3209Y,BRIHUEGA,GUADALAJARA,835,"18,6","21,4","15,0",19:42,"22,1",09:14,,,,,,,,,
2017-07-07,3209Y,BRIHUEGA,GUADALAJARA,835,"19,2","12,6","13,3",04:19,"25,1",14:16,,,,,,,,,
2017-07-08,3209Y,BRIHUEGA,GUADALAJARA,835,"17,8","5,0","13,5",05:34,"22,2",16:29,,,,,,,,,
2017-07-09,3209Y,BRIHUEGA,GUADALAJARA,835,"20,4","0,0","11,7",Varias,"29,0",16:12,,,,,,,,,
2017-07-10,3209Y,BRIHUEGA,GUADALAJARA,835,"21,9","0,0","13,7",04:53,"30,1",16:19,,,,,,,,,
2017-07-11,3209Y,BRIHUEGA,GUADALAJARA,835,"21,8","0,0","11,9",05:15,"31,7",15:36,,,,,,,,,
2017-07-12,3209Y,BRIHUEGA,GUADALAJARA,835,"24,2","0,0","13,9",05:23,"34,5",16:00,,,,,,,,,
2017-07-13,3209Y,BRIHUEGA,GUADALAJARA,835,"26,7","0,0","16,2",04:49,"37,2",Varias,,,,,,,,,
2017-07-14,3209Y,BRIHUEGA,GUADALAJARA,835,"27,4","0,0","17,7",04:01,"37,1",15:55,,,,,,,,,
2017-07-15,3209Y,BRIHUEGA,GUADALAJARA,835,"25,3","0,0","15,7",05:01,"34,9",16:09,,,,,,,,,
2017-07-16,3209Y,BRIHUEGA,GUADALAJARA,835,"25,5","0,0","16,1",05:38,"34,9",16:01,,,,,,,,,
2017-07-17,3209Y,BRIHUEGA,GUADALAJARA,835,"26,6","0,0","19,6",05:26,"33,7",15:20,,,,,,,,,
2017-07-18,3209Y,BRIHUEGA,GUADALAJARA,835,"25,4","0,0","17,0",05:21,"33,7",16:45,,,,,,,,,
2017-07-19,3209Y,BRIHUEGA,GUADALAJARA,835,"23,5","0,0","16,3",23:35,"30,7",15:22,,,,,,,,,
2017-07-20,3209Y,BRIHUEGA,GUADALAJARA,835,"22,8","0,0","15,4",04:42,"30,2",15:34,,,,,,,,,
2017-07-21,3209Y,BRIHUEGA,GUADALAJARA,835,"22,7","0,0","15,9",23:48,"29,5",15:35,,,,,,,,,
2017-07-22,3209Y,BRIHUEGA,GUADALAJARA,835,"22,2","0,0","13,8",02:18,"30,5",15:50,,,,,,,,,
2017-07-23,3209Y,BRIHUEGA,GUADALAJARA,835,"23,4","0,0","14,5",04:58,"32,2",14:44,,,,,,,,,
2017-07-24,3209Y,BRIHUEGA,GUADALAJARA,835,"21,9","0,0","14,2",04:29,"29,6",15:04,,,,,,,,,
2017-07-25,3209Y,BRIHUEGA,GUADALAJARA,835,"19,4","0,0","10,6",05:48,"28,2",16:05,,,,,,,,,
2017-07-26,3209Y,BRIHUEGA,GUADALAJARA,835,"21,2","0,0","10,8",05:25,"31,7",16:17,,,,,,,,,
2017-07-27,3209Y,BRIHUEGA,GUADALAJARA,835,"24,4","0,0","14,3",05:09,"34,6",15:04,,,,,,,,,
2017-07-28,3209Y,BRIHUEGA,GUADALAJARA,835,"26,2","0,0","17,0",04:56,"35,5",15:04,,,,,,,,,
2017-07-29,3209Y,BRIHUEGA,GUADALAJARA,835,"25,0","0,0","15,4",05:04,"34,7",14:31,,,,,,,,,
2017-07-30,3209Y,BRIHUEGA,GUADALAJARA,835,"25,4","0,0","15,9",04:53,"34,9",15:04,,,,,,,,,
2017-07-31,3209Y,BRIHUEGA,GUADALAJARA,835,"25,0","0,0","17,2",02:43,"32,7",15:46,,,,,,,,,
2017-08-01,3209Y,BRIHUEGA,GUADALAJARA,835,"22,8","0,0","14,6",05:29,"30,9",15:50,,,,,,,,,
2017-08-02,3209Y,BRIHUEGA,GUADALAJARA,835,"24,4","0,0","16,1",05:26,"32,7",16:21,,,,,,,,,
2017-08-03,3209Y,BRIHUEGA,GUADALAJARA,835,"25,2","0,0","15,7",05:15,"34,7",15:22,,,,,,,,,
2017-08-04,3209Y,BRIHUEGA,GUADALAJARA,835,"26,4","0,0","16,9",04:43,"36,0",16:08,,,,,,,,,
2017-08-05,3209Y,BRIHUEGA,GUADALAJARA,835,"28,0","0,0","19,1",05:10,"36,8",14:16,,,,,,,,,
2017-08-06,3209Y,BRIHUEGA,GUADALAJARA,835,"25,8","0,0","16,8",05:17,"34,9",Varias,,,,,,,,,
2017-08-07,3209Y,BRIHUEGA,GUADALAJARA,835,"25,4","0,0","17,5",05:53,"33,2",15:32,,,,,,,,,
2017-08-08,3209Y,BRIHUEGA,GUADALAJARA,835,"19,4","0,0","11,9",05:49,"27,0",15:04,,,,,,,,,
2017-08-09,3209Y,BRIHUEGA,GUADALAJARA,835,"17,7","0,0","10,4",23:57,"25,0",12:01,,,,,,,,,
2017-08-10,3209Y,BRIHUEGA,GUADALAJARA,835,"15,7","0,0","7,2",05:41,"24,2",16:39,,,,,,,,,
2017-08-11,3209Y,BRIHUEGA,GUADALAJARA,835,"18,2","0,0","8,6",05:09,"27,9",16:11,,,,,,,,,
2017-08-12,3209Y,BRIHUEGA,GUADALAJARA,835,"20,2","0,0","9,8",04:10,"30,6",16:18,,,,,,,,,
2017-08-13,3209Y,BRIHUEGA,GUADALAJARA,835,"22,6","0,0","13,3",05:23,"31,8",14:59,,,,,,,,,
2017-08-14,3209Y,BRIHUEGA,GUADALAJARA,835,"23,5","0,0","14,2",05:29,"32,8",Varias,,,,,,,,,
2017-08-15,3209Y,BRIHUEGA,GUADALAJARA,835,"25,0","0,0","17,4",04:41,"32,7",13:37,,,,,,,,,
2017-08-16,3209Y,BRIHUEGA,GUADALAJARA,835,"24,4","0,0","15,6",05:54,"33,3",14:31,,,,,,,,,
2017-08-17,3209Y,BRIHUEGA,GUADALAJARA,835,"25,6","0,0","16,8",05:56,"34,4",14:44,,,,,,,,,
2017-08-18,3209Y,BRIHUEGA,GUADALAJARA,835,"26,4","0,0","17,8",05:16,"35,1",15:06,,,,,,,,,
2017-08-19,3209Y,BRIHUEGA,GUADALAJARA,835,"24,8","0,0","16,0",05:30,"33,7",16:19,,,,,,,,,
2017-08-20,3209Y,BRIHUEGA,GUADALAJARA,835,"24,9","0,0","15,8",05:12,"34,0",15:40,,,,,,,,,
2017-08-21,3209Y,BRIHUEGA,GUADALAJARA,835,"24,3","0,0","14,0",04:35,"34,6",15:42,,,,,,,,,
2017-08-22,3209Y,BRIHUEGA,GUADALAJARA,835,"26,0","0,0","17,5",04:46,"34,5",13:59,,,,,,,,,
2017-08-23,3209Y,BRIHUEGA,GUADALAJARA,835,"26,2","0,0","18,4",05:58,"33,9",14:15,,,,,,,,,
2017-08-24,3209Y,BRIHUEGA,GUADALAJARA,835,"24,7","0,0","15,9",05:23,"33,5",15:39,,,,,,,,,
2017-08-25,3209Y,BRIHUEGA,GUADALAJARA,835,"24,3","0,0","16,1",05:32,"32,5",13:19,,,,,,,,,
2017-08-26,3209Y,BRIHUEGA,GUADALAJARA,835,"23,8","0,0","16,8",05:43,"30,9",12:54,,,,,,,,,
2017-08-27,3209Y,BRIHUEGA,GUADALAJARA,835,"21,5","0,0","17,3",23:22,"25,7",10:59,,,,,,,,,
2017-08-28,3209Y,BRIHUEGA,GUADALAJARA,835,"20,0","4,4","14,1",21:18,"25,9",11:01,,,,,,,,,
2017-08-29,3209Y,BRIHUEGA,GUADALAJARA,835,"18,1","0,0","12,0",04:01,"24,2",14:24,,,,,,,,,
2017-08-30,3209Y,BRIHUEGA,GUADALAJARA,835,"18,5","0,0","12,7",03:00,"24,3",16:38,,,,,,,,,
2017-08-31,3209Y,BRIHUEGA,GUADALAJARA,835,"20,7","0,0","14,5",00:01,"26,9",14:55,,,,,,,,,
2017-09-01,3209Y,BRIHUEGA,GUADALAJARA,835,"18,9","0,0","11,8",23:59,"26,0",15:35,,,,,,,,,
2017-09-02,3209Y,BRIHUEGA,GUADALAJARA,835,"17,0","0,0","7,7",06:07,"26,2",16:16,,,,,,,,,
2017-09-03,3209Y,BRIHUEGA,GUADALAJARA,835,"19,8","0,0","10,6",02:49,"29,0",14:30,,,,,,,,,
2017-09-04,3209Y,BRIHUEGA,GUADALAJARA,835,"19,0","0,0","11,7",05:53,"26,3",15:43,,,,,,,,,
2017-09-05,3209Y,BRIHUEGA,GUADALAJARA,835,"21,2","0,0","12,7",Varias,"29,8",15:54,,,,,,,,,
2017-09-06,3209Y,BRIHUEGA,GUADALAJARA,835,"22,8","0,0","15,0",06:05,"30,6",14:54,,,,,,,,,
2017-09-07,3209Y,BRIHUEGA,GUADALAJARA,835,"19,9","0,0","11,8",05:05,"28,0",13:53,,,,,,,,,
2017-09-08,3209Y,BRIHUEGA,GUADALAJARA,835,"19,0","0,0","9,0",05:48,"29,0",13:28,,,,,,,,,
2017-09-09,3209Y,BRIHUEGA,GUADALAJARA,835,"14,4","0,0","6,9",23:44,"22,0",13:31,,,,,,,,,
2017-09-10,3209Y,BRIHUEGA,GUADALAJARA,835,"13,8","0,0","5,5",05:44,"22,0",15:50,,,,,,,,,
2017-09-11,3209Y,BRIHUEGA,GUADALAJARA,835,"18,8","0,0","9,4",06:01,"28,1",13:57,,,,,,,,,
2017-09-12,3209Y,BRIHUEGA,GUADALAJARA,835,"18,8","0,0","12,3",23:33,"25,3",14:55,,,,,,,,,
2017-09-13,3209Y,BRIHUEGA,GUADALAJARA,835,"19,0","0,0","9,3",Varias,"28,7",14:18,,,,,,,,,
2017-09-14,3209Y,BRIHUEGA,GUADALAJARA,835,"19,5","0,0","10,3",05:57,"28,7",14:25,,,,,,,,,
2017-09-15,3209Y,BRIHUEGA,GUADALAJARA,835,"13,0","0,0","7,7",23:58,"18,2",15:47,,,,,,,,,
2017-09-16,3209Y,BRIHUEGA,GUADALAJARA,835,"11,2","0,0","3,1",05:48,"19,2",14:38,,,,,,,,,
2017-09-17,3209Y,BRIHUEGA,GUADALAJARA,835,"12,2","0,0","3,0",05:06,"21,5",13:21,,,,,,,,,
2017-09-18,3209Y,BRIHUEGA,GUADALAJARA,835,"14,4","0,0","6,2",Varias,"22,5",13:11,,,,,,,,,
2017-09-19,3209Y,BRIHUEGA,GUADALAJARA,835,"15,7","0,0","7,0",06:22,"24,4",14:11,,,,,,,,,
2017-09-20,3209Y,BRIHUEGA,GUADALAJARA,835,"16,9","0,0","7,3",03:47,"26,5",14:50,,,,,,,,,
2017-09-21,3209Y,BRIHUEGA,GUADALAJARA,835,"18,2","0,4","9,2",05:09,"27,2",13:51,,,,,,,,,
2017-09-22,3209Y,BRIHUEGA,GUADALAJARA,835,"17,8","18,6","10,6",15:44,"25,0",13:55,,,,,,,,,
2017-09-23,3209Y,BRIHUEGA,GUADALAJARA,835,"16,8","0,0","7,6",06:05,"26,0",14:45,,,,,,,,,
2017-09-24,3209Y,BRIHUEGA,GUADALAJARA,835,"18,3","0,0","9,8",06:06,"26,8",12:47,,,,,,,,,
2017-09-25,3209Y,BRIHUEGA,GUADALAJARA,835,"17,7","0,0","9,7",05:53,"25,7",14:30,,,,,,,,,
2017-09-26,3209Y,BRIHUEGA,GUADALAJARA,835,"16,6","0,0","9,3",05:42,"23,9",14:50,,,,,,,,,
2017-09-27,3209Y,BRIHUEGA,GUADALAJARA,835,"17,5","0,0","9,8",06:28,"25,2",14:12,,,,,,,,,
2017-09-28,3209Y,BRIHUEGA,GUADALAJARA,835,"18,2","0,0","9,5",03:13,"26,8",Varias,,,,,,,,,
2017-09-29,3209Y,BRIHUEGA,GUADALAJARA,835,"19,2","0,0","10,5",06:17,"27,8",13:59,,,,,,,,,
2017-09-30,3209Y,BRIHUEGA,GUADALAJARA,835,"19,2","0,0","12,5",Varias,"25,8",13:59,,,,,,,,,
2017-10-01,3209Y,BRIHUEGA,GUADALAJARA,835,"18,0","0,0","12,3",04:54,"23,6",13:59,,,,,,,,,
2017-10-02,3209Y,BRIHUEGA,GUADALAJARA,835,"18,7","0,0","11,4",02:43,"26,0",14:54,,,,,,,,,
2017-10-03,3209Y,BRIHUEGA,GUADALAJARA,835,"19,6","0,0","10,8",Varias,"28,3",14:21,,,,,,,,,
2017-10-04,3209Y,BRIHUEGA,GUADALAJARA,835,"19,2","0,0","11,3",06:16,"27,0",14:46,,,,,,,,,
2017-10-05,3209Y,BRIHUEGA,GUADALAJARA,835,"19,6","0,0","10,0",06:13,"29,1",13:30,,,,,,,,,
2017-10-06,3209Y,BRIHUEGA,GUADALAJARA,835,"18,8","0,0","11,6",05:53,"26,1",14:54,,,,,,,,,
2017-10-07,3209Y,BRIHUEGA,GUADALAJARA,835,"14,8","0,0","5,3",06:20,"24,4",14:41,,,,,,,,,
2017-10-08,3209Y,BRIHUEGA,GUADALAJARA,835,"17,2","0,0","7,8",05:22,"26,7",14:56,,,,,,,,,
2017-10-09,3209Y,BRIHUEGA,GUADALAJARA,835,"16,6","0,0","6,8",06:00,"26,3",13:56,,,,,,,,,
2017-10-10,3209Y,BRIHUEGA,GUADALAJARA,835,"16,1","0,0","5,8",06:05,"26,4",14:12,,,,,,,,,
2017-10-11,3209Y,BRIHUEGA,GUADALAJARA,835,"16,6","0,0","7,0",06:03,"26,3",Varias,,,,,,,,,
2017-10-12,3209Y,BRIHUEGA,GUADALAJARA,835,"17,2","0,0","7,3",06:10,"27,2",14:36,,,,,,,,,
2017-10-13,3209Y,BRIHUEGA,GUADALAJARA,835,"19,0","0,0","10,7",05:35,"27,3",14:10,,,,,,,,,
2017-10-14,3209Y,BRIHUEGA,GUADALAJARA,835,"18,0","0,0","9,0",04:51,"27,1",14:42,,,,,,,,,
2017-10-15,3209Y,BRIHUEGA,GUADALAJARA,835,"19,0","0,0","10,8",06:24,"27,2",13:47,,,,,,,,,
2017-10-16,3209Y,BRIHUEGA,GUADALAJARA,835,"16,6","0,0","8,9",06:28,"24,4",14:09,,,,,,,,,
2017-10-17,3209Y,BRIHUEGA,GUADALAJARA,835,"13,4","6,2","7,8",06:29,"19,0",14:26,,,,,,,,,
2017-10-18,3209Y,BRIHUEGA,GUADALAJARA,835,"10,0","25,4","7,5",Varias,"12,5",00:01,,,,,,,,,
2017-10-19,3209Y,BRIHUEGA,GUADALAJARA,835,"10,4","0,0","5,9",03:38,"15,0",15:22,,,,,,,,,
2017-10-20,3209Y,BRIHUEGA,GUADALAJARA,835,"11,6","0,0","5,1",06:22,"18,1",13:54,,,,,,,,,
2017-10-21,3209Y,BRIHUEGA,GUADALAJARA,835,"14,2","0,0","8,9",01:22,"19,4",15:04,,,,,,,,,
2017-10-22,3209Y,BRIHUEGA,GUADALAJARA,835,"11,2","0,0","6,0",06:33,"16,4",15:06,,,,,,,,,
2017-10-23,3209Y,BRIHUEGA,GUADALAJARA,835,"12,6","0,0","3,4",05:42,"21,8",13:54,,,,,,,,,
2017-10-24,3209Y,BRIHUEGA,GUADALAJARA,835,"15,2","0,0","6,4",06:49,"23,9",14:11,,,,,,,,,
2017-10-25,3209Y,BRIHUEGA,GUADALAJARA,835,"15,8","0,0","6,1",06:34,"25,4",14:05,,,,,,,,,
2017-10-26,3209Y,BRIHUEGA,GUADALAJARA,835,"16,7","0,0","7,1",06:37,"26,3",13:50,,,,,,,,,
2017-10-27,3209Y,BRIHUEGA,GUADALAJARA,835,"17,2","0,0","9,3",06:48,"25,1",14:05,,,,,,,,,
2017-10-28,3209Y,BRIHUEGA,GUADALAJARA,835,"14,0","0,0","7,6",06:47,"20,4",13:43,,,,,,,,,
2017-10-29,3209Y,BRIHUEGA,GUADALAJARA,835,"12,6","0,0","4,5",05:08,"20,8",13:40,,,,,,,,,
2017-10-30,3209Y,BRIHUEGA,GUADALAJARA,835,"11,8","0,0","5,8",23:58,"17,8",14:07,,,,,,,,,
2017-10-31,3209Y,BRIHUEGA,GUADALAJARA,835,"10,0","0,0","2,7",06:11,"17,4",14:01,,,,,,,,,
2017-11-01,3209Y,BRIHUEGA,GUADALAJARA,835,"12,2","0,0","6,2",03:34,"18,2",13:54,,,,,,,,,
2017-11-02,3209Y,BRIHUEGA,GUADALAJARA,835,"12,8","0,0","9,3",23:33,"16,4",Varias,,,,,,,,,
2017-11-03,3209Y,BRIHUEGA,GUADALAJARA,835,"12,2","3,4","8,7",20:20,"15,6",12:43,,,,,,,,,
2017-11-04,3209Y,BRIHUEGA,GUADALAJARA,835,"10,2","1,2","8,2",23:52,"12,2",16:10,,,,,,,,,
2017-11-05,3209Y,BRIHUEGA,GUADALAJARA,835,"7,6","0,0","3,2",21:34,"12,1",13:12,,,,,,,,,
2017-11-06,3209Y,BRIHUEGA,GUADALAJARA,835,"6,0","0,0","1,2",07:09,"10,9",13:43,,,,,,,,,
2017-11-07,3209Y,BRIHUEGA,GUADALAJARA,835,"6,8","0,0","-2,1",06:28,"15,6",14:36,,,,,,,,,
2017-11-08,3209Y,BRIHUEGA,GUADALAJARA,835,"5,7","0,4","0,3",23:59,"11,1",12:45,,,,,,,,,
2017-11-09,3209Y,BRIHUEGA,GUADALAJARA,835,"4,2","0,2","-1,0",06:18,"9,4",13:37,,,,,,,,,
2017-11-10,3209Y,BRIHUEGA,GUADALAJARA,835,"6,0","0,0","-1,6",04:18,"13,7",12:36,,,,,,,,,
2017-11-11,3209Y,BRIHUEGA,GUADALAJARA,835,"9,4","0,0","2,6",02:23,"16,3",14:19,,,,,,,,,
2017-11-12,3209Y,BRIHUEGA,GUADALAJARA,835,"9,4","0,0","0,8",07:11,"17,9",13:50,,,,,,,,,
2017-11-13,3209Y,BRIHUEGA,GUADALAJARA,835,"5,8","0,0","0,7",20:28,"10,8",12:46,,,,,,,,,
2017-11-14,3209Y,BRIHUEGA,GUADALAJARA,835,"7,0","0,0","0,4",07:31,"13,5",14:47,,,,,,,,,
2017-11-15,3209Y,BRIHUEGA,GUADALAJARA,835,"6,4","0,0","-2,5",07:00,"15,3",14:01,,,,,,,,,
2017-11-16,3209Y,BRIHUEGA,GUADALAJARA,835,"9,5","0,0","-0,1",02:27,"19,1",13:23,,,,,,,,,
2017-11-17,3209Y,BRIHUEGA,GUADALAJARA,835,"10,5","0,0","2,0",04:58,"19,0",14:23,,,,,,,,,
2017-11-18,3209Y,BRIHUEGA,GUADALAJARA,835,"10,0","0,0","2,3",06:56,"17,6",14:44,,,,,,,,,
2017-11-19,3209Y,BRIHUEGA,GUADALAJARA,835,"8,8","0,0","-1,1",07:11,"18,7",14:31,,,,,,,,,
2017-11-20,3209Y,BRIHUEGA,GUADALAJARA,835,"8,8","0,0","-0,9",07:18,"18,4",13:59,,,,,,,,,
2017-11-21,3209Y,BRIHUEGA,GUADALAJARA,835,"8,2","0,0","-1,3",06:08,"17,7",14:31,,,,,,,,,
2017-11-22,3209Y,BRIHUEGA,GUADALAJARA,835,"7,8","0,0","-1,5",06:40,"17,0",13:55,,,,,,,,,
2017-11-23,3209Y,BRIHUEGA,GUADALAJARA,835,"9,4","0,0","3,5",02:00,"15,3",13:12,,,,,,,,,
2017-11-24,3209Y,BRIHUEGA,GUADALAJARA,835,"10,3","0,0","5,9",21:50,"14,7",14:00,,,,,,,,,
2017-11-25,3209Y,BRIHUEGA,GUADALAJARA,835,"7,8","0,0","1,9",23:48,"13,7",11:51,,,,,,,,,
2017-11-26,3209Y,BRIHUEGA,GUADALAJARA,835,"3,9","0,0","-1,7",06:10,"9,5",13:16,,,,,,,,,
2017-11-27,3209Y,BRIHUEGA,GUADALAJARA,835,"3,9","0,0","-5,4",Varias,"13,2",14:41,,,,,,,,,
2017-12-22,3209Y,BRIHUEGA,GUADALAJARA,835,"7,8","0,0","0,2",02:58,"15,3",14:15,,,,,,,,,
2017-12-23,3209Y,BRIHUEGA,GUADALAJARA,835,"6,8","0,0","1,1",23:49,"12,4",15:10,,,,,,,,,
2017-12-24,3209Y,BRIHUEGA,GUADALAJARA,835,"5,2","0,0","-0,8",23:56,"11,3",15:16,,,,,,,,,
2017-12-25,3209Y,BRIHUEGA,GUADALAJARA,835,"1,8","2,0","-1,7",03:59,"5,3",14:45,,,,,,,,,
2017-12-26,3209Y,BRIHUEGA,GUADALAJARA,835,"3,9","7,8","2,3",07:48,"5,5",01:33,,,,,,,,,
2017-12-27,3209Y,BRIHUEGA,GUADALAJARA,835,"5,4","0,0","3,1",06:48,"7,6",14:16,,,,,,,,,
2017-12-28,3209Y,BRIHUEGA,GUADALAJARA,835,"8,3","0,0","3,5",03:49,"13,1",15:14,,,,,,,,,
2017-12-29,3209Y,BRIHUEGA,GUADALAJARA,835,"8,4","0,0","2,5",04:06,"14,3",13:58,,,,,,,,,
2017-12-30,3209Y,BRIHUEGA,GUADALAJARA,835,"8,5","0,0","3,7",22:37,"13,3",15:03,,,,,,,,,
2017-12-31,3209Y,BRIHUEGA,GUADALAJARA,835,"4,1","1,2","-0,4",23:59,"8,6",12:08,,,,,,,,,
2018-01-01,3209Y,BRIHUEGA,GUADALAJARA,835,"3,0","0,0","-2,5",06:52,"8,6",14:40,,,,,,,,,
2018-01-02,3209Y,BRIHUEGA,GUADALAJARA,835,"6,3","0,0","1,0",07:18,"11,6",14:06,,,,,,,,,
2018-01-03,3209Y,BRIHUEGA,GUADALAJARA,835,"7,8","0,2","5,4",00:01,"10,1",16:06,,,,,,,,,
2018-01-04,3209Y,BRIHUEGA,GUADALAJARA,835,"7,9","0,2","5,3",05:01,"10,5",15:44,,,,,,,,,
2018-01-05,3209Y,BRIHUEGA,GUADALAJARA,835,"7,0","14,8","6,0",Varias,"7,9",Varias,,,,,,,,,
2018-01-06,3209Y,BRIHUEGA,GUADALAJARA,835,"3,1","15,8","-0,1",23:33,"6,3",00:21,,,,,,,,,
2018-01-07,3209Y,BRIHUEGA,GUADALAJARA,835,"-1,2","10,8","-4,1",23:08,"1,7",10:05,,,,,,,,,
2018-01-08,3209Y,BRIHUEGA,GUADALAJARA,835,"0,2","2,6","-5,6",06:30,"5,9",14:39,,,,,,,,,
2018-01-09,3209Y,BRIHUEGA,GUADALAJARA,835,"-2,4","3,0","-6,7",05:16,"1,9",15:03,,,,,,,,,
2018-01-10,3209Y,BRIHUEGA,GUADALAJARA,835,"2,0","2,8","0,1",23:59,"3,8",18:05,,,,,,,,,
2018-01-11,3209Y,BRIHUEGA,GUADALAJARA,835,"2,8","0,0","-0,9",24:00,"6,6",13:47,,,,,,,,,
2018-01-12,3209Y,BRIHUEGA,GUADALAJARA,835,"2,2","0,0","-3,7",07:50,"8,1",13:41,,,,,,,,,
2018-01-13,3209Y,BRIHUEGA,GUADALAJARA,835,"1,4","2,2","-1,8",06:12,"4,5",13:02,,,,,,,,,
2018-01-14,3209Y,BRIHUEGA,GUADALAJARA,835,"1,1","4,2","-1,3",22:32,"3,5",15:54,,,,,,,,,
2018-01-15,3209Y,BRIHUEGA,GUADALAJARA,835,"2,3","0,2","-3,0",03:27,"7,6",13:29,,,,,,,,,
2018-01-16,3209Y,BRIHUEGA,GUADALAJARA,835,"4,4","0,0","-2,6",Varias,"11,5",15:04,,,,,,,,,
2018-01-17,3209Y,BRIHUEGA,GUADALAJARA,835,"4,5","0,2","-2,1",06:13,"11,1",13:21,,,,,,,,,
2018-01-18,3209Y,BRIHUEGA,GUADALAJARA,835,"7,2","0,0","-1,3",07:26,"15,6",13:41,,,,,,,,,
2018-01-19,3209Y,BRIHUEGA,GUADALAJARA,835,"7,2","0,0","1,2",23:52,"13,1",14:21,,,,,,,,,
2018-01-20,3209Y,BRIHUEGA,GUADALAJARA,835,"5,4","0,0","-1,6",05:54,"12,5",14:59,,,,,,,,,
2018-01-21,3209Y,BRIHUEGA,GUADALAJARA,835,"9,4","0,0","2,1",02:12,"16,6",14:05,,,,,,,,,
2018-01-22,3209Y,BRIHUEGA,GUADALAJARA,835,"8,9","0,0","2,6",00:38,"15,2",13:40,,,,,,,,,
2018-01-23,3209Y,BRIHUEGA,GUADALAJARA,835,"9,0","0,0","1,5",01:59,"16,4",14:25,,,,,,,,,
2018-01-24,3209Y,BRIHUEGA,GUADALAJARA,835,"7,9","0,0","0,3",03:20,"15,5",15:11,,,,,,,,,
2018-01-25,3209Y,BRIHUEGA,GUADALAJARA,835,"5,2","14,8","1,1",05:57,"9,4",11:45,,,,,,,,,
2018-01-26,3209Y,BRIHUEGA,GUADALAJARA,835,"3,7","0,2","0,7",06:36,"6,7",13:36,,,,,,,,,
2018-01-27,3209Y,BRIHUEGA,GUADALAJARA,835,"3,0","0,0","-1,8",05:33,"7,9",13:17,,,,,,,,,
2018-01-28,3209Y,BRIHUEGA,GUADALAJARA,835,"5,0","0,0","-0,5",04:23,"10,6",13:58,,,,,,,,,
2018-01-29,3209Y,BRIHUEGA,GUADALAJARA,835,"6,4","0,0","-1,4",06:24,"14,1",13:47,,,,,,,,,
2018-01-30,3209Y,BRIHUEGA,GUADALAJARA,835,"5,7","0,0","-2,0",05:08,"13,4",14:47,,,,,,,,,
2018-01-31,3209Y,BRIHUEGA,GUADALAJARA,835,"4,9","0,0","-3,4",06:37,"13,2",15:15,,,,,,,,,
2018-02-01,3209Y,BRIHUEGA,GUADALAJARA,835,"2,6","0,0","-3,0",23:57,"8,1",14:43,,,,,,,,,
2018-02-02,3209Y,BRIHUEGA,GUADALAJARA,835,"0,6","0,8","-3,3",03:28,"4,5",Varias,,,,,,,,,
2018-02-03,3209Y,BRIHUEGA,GUADALAJARA,835,"2,4","3,6","-3,3",06:04,"8,1",15:35,,,,,,,,,
2018-02-04,3209Y,BRIHUEGA,GUADALAJARA,835,"0,8","4,4","-1,0",23:55,"2,6",00:01,,,,,,,,,
2018-02-05,3209Y,BRIHUEGA,GUADALAJARA,835,"-0,1","7,4","-1,8",22:20,"1,6",13:39,,,,,,,,,
2018-02-06,3209Y,BRIHUEGA,GUADALAJARA,835,"-2,8","7,0","-7,9",23:36,"2,3",14:46,,,,,,,,,
2018-02-07,3209Y,BRIHUEGA,GUADALAJARA,835,"-3,5","0,0","-8,7",06:04,"1,7",11:56,,,,,,,,,
2018-02-08,3209Y,BRIHUEGA,GUADALAJARA,835,"-3,3","0,0","-8,9",05:37,"2,3",12:42,,,,,,,,,
2018-02-09,3209Y,BRIHUEGA,GUADALAJARA,835,"-2,5","0,0","-8,1",06:38,"3,1",13:24,,,,,,,,,
2018-02-10,3209Y,BRIHUEGA,GUADALAJARA,835,"0,1","0,0","-4,6",03:47,"4,8",15:15,,,,,,,,,
2018-02-11,3209Y,BRIHUEGA,GUADALAJARA,835,"5,0","0,6","-1,6",07:26,"11,7",13:30,,,,,,,,,
2018-02-12,3209Y,BRIHUEGA,GUADALAJARA,835,"1,1","0,0","-4,3",23:57,"6,5",12:15,,,,,,,,,
2018-02-13,3209Y,BRIHUEGA,GUADALAJARA,835,"-0,5","0,6","-6,3",07:08,"5,3",15:01,,,,,,,,,
2018-02-14,3209Y,BRIHUEGA,GUADALAJARA,835,"5,6","0,0","3,4",01:55,"7,7",15:06,,,,,,,,,
2018-02-15,3209Y,BRIHUEGA,GUADALAJARA,835,"6,2","0,2","4,5",Varias,"7,9",Varias,,,,,,,,,
2018-02-16,3209Y,BRIHUEGA,GUADALAJARA,835,"8,6","0,0","1,5",04:15,"15,6",14:24,,,,,,,,,
2018-02-17,3209Y,BRIHUEGA,GUADALAJARA,835,"6,2","0,0","0,5",24:00,"11,8",12:17,,,,,,,,,
2018-02-18,3209Y,BRIHUEGA,GUADALAJARA,835,"4,4","0,0","-2,0",07:19,"10,9",14:56,,,,,,,,,
2018-02-19,3209Y,BRIHUEGA,GUADALAJARA,835,"6,8","0,2","1,3",07:08,"12,2",13:39,,,,,,,,,
2018-02-20,3209Y,BRIHUEGA,GUADALAJARA,835,"6,5","0,0","1,2",03:53,"11,8",15:06,,,,,,,,,
2018-02-21,3209Y,BRIHUEGA,GUADALAJARA,835,"2,6","0,0","-2,7",23:17,"7,9",13:02,,,,,,,,,
2018-02-22,3209Y,BRIHUEGA,GUADALAJARA,835,"0,4","0,0","-6,2",04:27,"7,1",14:02,,,,,,,,,
2018-02-23,3209Y,BRIHUEGA,GUADALAJARA,835,"0,2","0,0","-8,7",06:25,"9,0",14:34,,,,,,,,,
2018-02-24,3209Y,BRIHUEGA,GUADALAJARA,835,"1,4","0,0","-7,6",06:38,"10,5",14:08,,,,,,,,,
2018-02-25,3209Y,BRIHUEGA,GUADALAJARA,835,"3,2","0,0","-6,3",06:15,"12,7",14:36,,,,,,,,,
2018-02-26,3209Y,BRIHUEGA,GUADALAJARA,835,"6,0","0,0","-3,8",06:42,"15,7",14:44,,,,,,,,,
2018-02-27,3209Y,BRIHUEGA,GUADALAJARA,835,"1,5","15,4","-3,0",06:18,"6,0",12:23,,,,,,,,,
2018-02-28,3209Y,BRIHUEGA,GUADALAJARA,835,"5,1","18,6","1,2",00:01,"9,0",15:50,,,,,,,,,
2018-03-01,3209Y,BRIHUEGA,GUADALAJARA,835,"6,3","14,4","2,9",23:55,"9,7",15:15,,,,,,,,,
2018-03-02,3209Y,BRIHUEGA,GUADALAJARA,835,"4,2","8,2","1,4",06:23,"7,0",20:10,,,,,,,,,
2018-03-03,3209Y,BRIHUEGA,GUADALAJARA,835,"7,2","15,0","4,1",04:37,"10,2",14:16,,,,,,,,,
2018-03-04,3209Y,BRIHUEGA,GUADALAJARA,835,"6,6","6,4","2,9",06:22,"10,4",14:37,,,,,,,,,
2018-03-05,3209Y,BRIHUEGA,GUADALAJARA,835,"5,0","2,4","3,5",20:47,"6,5",14:44,,,,,,,,,
2018-03-06,3209Y,BRIHUEGA,GUADALAJARA,835,"4,0","2,8","0,6",23:08,"7,5",14:17,,,,,,,,,
2018-03-07,3209Y,BRIHUEGA,GUADALAJARA,835,"3,9","2,4","-1,3",04:31,"9,1",14:10,,,,,,,,,
2018-03-08,3209Y,BRIHUEGA,GUADALAJARA,835,"4,6","0,6","2,0",Varias,"7,3",16:33,,,,,,,,,
2018-03-09,3209Y,BRIHUEGA,GUADALAJARA,835,"9,0","11,8","7,1",00:01,"10,8",10:38,,,,,,,,,
2018-03-10,3209Y,BRIHUEGA,GUADALAJARA,835,"7,9","20,2","5,8",23:53,"10,0",01:40,,,,,,,,,
2018-03-11,3209Y,BRIHUEGA,GUADALAJARA,835,"6,2","1,2","4,4",Varias,"7,9",12:22,,,,,,,,,
2018-03-12,3209Y,BRIHUEGA,GUADALAJARA,835,"7,6","2,2","4,1",21:34,"11,2",14:34,,,,,,,,,
2018-03-13,3209Y,BRIHUEGA,GUADALAJARA,835,"7,9","0,2","3,8",06:37,"12,0",15:15,,,,,,,,,
2018-03-14,3209Y,BRIHUEGA,GUADALAJARA,835,"7,2","31,4","4,5",06:16,"9,8",16:42,,,,,,,,,
2018-03-15,3209Y,BRIHUEGA,GUADALAJARA,835,"7,1","0,0","4,3",Varias,"9,9",15:01,,,,,,,,,
2018-03-16,3209Y,BRIHUEGA,GUADALAJARA,835,"4,4","3,4","0,6",22:01,"8,3",12:14,,,,,,,,,
2018-03-17,3209Y,BRIHUEGA,GUADALAJARA,835,"2,7","13,4","-0,1",23:43,"5,5",15:41,,,,,,,,,
2018-03-18,3209Y,BRIHUEGA,GUADALAJARA,835,"4,2","0,0","-0,9",02:11,"9,3",14:25,,,,,,,,,
2018-03-19,3209Y,BRIHUEGA,GUADALAJARA,835,"2,8","8,6","-0,6",23:56,"6,3",15:32,,,,,,,,,
2018-03-20,3209Y,BRIHUEGA,GUADALAJARA,835,"1,8","0,0","-2,2",06:26,"5,7",14:05,,,,,,,,,
2018-03-21,3209Y,BRIHUEGA,GUADALAJARA,835,"3,1","0,0","-1,8",02:01,"8,0",13:57,,,,,,,,,
2018-03-22,3209Y,BRIHUEGA,GUADALAJARA,835,"3,2","0,0","-4,5",06:13,"10,8",14:23,,,,,,,,,
2018-03-23,3209Y,BRIHUEGA,GUADALAJARA,835,"4,9","7,2","-1,8",03:31,"11,6",13:55,,,,,,,,,
2018-03-24,3209Y,BRIHUEGA,GUADALAJARA,835,"4,4","0,2","0,6",04:24,"8,1",13:14,,,,,,,,,
2018-03-25,3209Y,BRIHUEGA,GUADALAJARA,835,"5,2","0,0","1,7",06:39,"8,8",16:26,,,,,,,,,
2018-03-26,3209Y,BRIHUEGA,GUADALAJARA,835,"5,8","0,0","0,3",05:01,"11,4",14:40,,,,,,,,,
2018-03-27,3209Y,BRIHUEGA,GUADALAJARA,835,"11,2","0,0","4,9",02:33,"17,4",13:30,,,,,,,,,
2018-03-28,3209Y,BRIHUEGA,GUADALAJARA,835,"10,6","0,0","2,1",06:10,"19,2",14:26,,,,,,,,,
2018-03-29,3209Y,BRIHUEGA,GUADALAJARA,835,"8,4","2,0","3,1",06:16,"13,7",13:51,,,,,,,,,
2018-03-30,3209Y,BRIHUEGA,GUADALAJARA,835,"5,0","2,8","0,9",05:41,"9,0",13:44,,,,,,,,,
2018-03-31,3209Y,BRIHUEGA,GUADALAJARA,835,"5,9","0,0","1,0",23:58,"10,8",14:41,,,,,,,,,
2018-04-01,3209Y,BRIHUEGA,GUADALAJARA,835,"7,4","0,0","-1,0",Varias,"15,9",16:05,,,,,,,,,
2018-04-02,3209Y,BRIHUEGA,GUADALAJARA,835,"11,1","2,8","5,3",06:41,"16,9",15:06,,,,,,,,,
2018-04-03,3209Y,BRIHUEGA,GUADALAJARA,835,"11,0","0,6","7,7",23:53,"14,4",14:34,,,,,,,,,
2018-04-04,3209Y,BRIHUEGA,GUADALAJARA,835,"8,2","7,2","4,0",23:44,"12,3",15:18,,,,,,,,,
2018-04-05,3209Y,BRIHUEGA,GUADALAJARA,835,"9,6","0,0","2,5",05:57,"16,6",16:24,,,,,,,,,
2018-04-06,3209Y,BRIHUEGA,GUADALAJARA,835,"11,7","14,6","4,7",00:31,"18,7",14:05,,,,,,,,,
2018-04-07,3209Y,BRIHUEGA,GUADALAJARA,835,"6,4","4,8","3,5",23:47,"9,3",00:01,,,,,,,,,
2018-04-08,3209Y,BRIHUEGA,GUADALAJARA,835,"7,6","7,4","3,5",00:01,"11,6",16:25,,,,,,,,,
2018-04-09,3209Y,BRIHUEGA,GUADALAJARA,835,"4,2","6,6","2,0",06:59,"6,4",00:09,,,,,,,,,
2018-04-10,3209Y,BRIHUEGA,GUADALAJARA,835,"2,8","20,4","1,0",23:55,"4,7",03:03,,,,,,,,,
2018-04-11,3209Y,BRIHUEGA,GUADALAJARA,835,"2,8","8,6","0,6",Varias,"5,1",17:17,,,,,,,,,
2018-04-12,3209Y,BRIHUEGA,GUADALAJARA,835,"5,8","5,4","2,7",05:52,"9,0",Varias,,,,,,,,,
2018-04-13,3209Y,BRIHUEGA,GUADALAJARA,835,"6,5","0,4","1,9",23:55,"11,1",14:12,,,,,,,,,
2018-04-14,3209Y,BRIHUEGA,GUADALAJARA,835,"7,6","0,0","0,6",05:16,"14,7",16:27,,,,,,,,,
2018-04-15,3209Y,BRIHUEGA,GUADALAJARA,835,"9,6","17,8","3,3",03:33,"16,0",14:13,,,,,,,,,
2018-04-16,3209Y,BRIHUEGA,GUADALAJARA,835,"9,8","0,2","4,7",23:59,"14,8",14:31,,,,,,,,,
2018-04-17,3209Y,BRIHUEGA,GUADALAJARA,835,"11,4","0,0","2,3",05:08,"20,6",16:19,,,,,,,,,
2018-04-18,3209Y,BRIHUEGA,GUADALAJARA,835,"14,2","0,0","5,3",05:10,"23,1",16:31,,,,,,,,,
2018-04-19,3209Y,BRIHUEGA,GUADALAJARA,835,"15,4","0,0","7,9",05:43,"22,9",15:04,,,,,,,,,
2018-04-20,3209Y,BRIHUEGA,GUADALAJARA,835,"13,7","0,0","6,4",05:18,"21,0",14:58,,,,,,,,,
2018-04-21,3209Y,BRIHUEGA,GUADALAJARA,835,"12,0","0,0","5,3",05:02,"18,8",15:28,,,,,,,,,
2018-04-22,3209Y,BRIHUEGA,GUADALAJARA,835,"15,2","0,0","7,2",04:59,"23,1",12:40,,,,,,,,,
2018-04-23,3209Y,BRIHUEGA,GUADALAJARA,835,"15,2","0,0","10,2",Varias,"20,1",16:16,,,,,,,,,
2018-04-24,3209Y,BRIHUEGA,GUADALAJARA,835,"16,9","0,0","8,2",05:38,"25,6",13:49,,,,,,,,,
2018-04-25,3209Y,BRIHUEGA,GUADALAJARA,835,"17,2","0,0","8,6",04:21,"25,7",13:47,,,,,,,,,
2018-04-26,3209Y,BRIHUEGA,GUADALAJARA,835,"16,4","0,0","7,8",05:03,"24,9",13:56,,,,,,,,,
2018-04-27,3209Y,BRIHUEGA,GUADALAJARA,835,"15,2","0,0","8,7",05:34,"21,7",15:05,,,,,,,,,
2018-04-28,3209Y,BRIHUEGA,GUADALAJARA,835,"10,0","0,4","3,9",23:50,"16,0",15:46,,,,,,,,,
2018-04-29,3209Y,BRIHUEGA,GUADALAJARA,835,"4,8","11,6","1,6",23:54,"7,9",13:33,,,,,,,,,
2018-04-30,3209Y,BRIHUEGA,GUADALAJARA,835,"4,8","0,8","1,0",23:50,"8,6",12:11,,,,,,,,,
2018-05-01,3209Y,BRIHUEGA,GUADALAJARA,835,"6,9","0,0","0,0",04:26,"13,8",16:04,,,,,,,,,
2018-05-02,3209Y,BRIHUEGA,GUADALAJARA,835,"8,4","0,0","0,6",03:32,"16,3",14:21,,,,,,,,,
2018-05-03,3209Y,BRIHUEGA,GUADALAJARA,835,"10,2","0,0","3,9",24:00,"16,6",13:34,,,,,,,,,
2018-05-04,3209Y,BRIHUEGA,GUADALAJARA,835,"10,2","0,0","2,9",01:52,"17,5",14:49,,,,,,,,,
2018-05-05,3209Y,BRIHUEGA,GUADALAJARA,835,"13,0","0,0","4,1",05:02,"21,9",13:04,,,,,,,,,
2018-05-06,3209Y,BRIHUEGA,GUADALAJARA,835,"14,2","2,8","6,6",05:18,"21,7",13:48,,,,,,,,,
2018-05-07,3209Y,BRIHUEGA,GUADALAJARA,835,"15,0","2,0","8,3",01:49,"21,7",16:31,,,,,,,,,
2018-05-08,3209Y,BRIHUEGA,GUADALAJARA,835,"15,8","3,0","9,4",Varias,"22,3",13:42,,,,,,,,,
2018-05-09,3209Y,BRIHUEGA,GUADALAJARA,835,"16,0","0,0","8,4",05:31,"23,6",15:23,,,,,,,,,
2018-05-10,3209Y,BRIHUEGA,GUADALAJARA,835,"15,3","0,0","9,3",23:50,"21,3",16:33,,,,,,,,,
2018-05-11,3209Y,BRIHUEGA,GUADALAJARA,835,"14,7","0,0","7,3",04:09,"22,1",15:42,,,,,,,,,
2018-05-12,3209Y,BRIHUEGA,GUADALAJARA,835,"11,4","0,0","4,1",23:53,"18,6",12:45,,,,,,,,,
2018-05-13,3209Y,BRIHUEGA,GUADALAJARA,835,"7,3","0,0","-0,7",04:26,"15,3",14:44,,,,,,,,,
2018-05-14,3209Y,BRIHUEGA,GUADALAJARA,835,"10,4","0,0","4,4",01:51,"16,5",13:36,,,,,,,,,
2018-05-15,3209Y,BRIHUEGA,GUADALAJARA,835,"11,8","0,0","3,7",00:49,"19,9",14:49,,,,,,,,,
2018-05-16,3209Y,BRIHUEGA,GUADALAJARA,835,"14,2","0,0","5,8",05:07,"22,6",14:20,,,,,,,,,
2018-05-17,3209Y,BRIHUEGA,GUADALAJARA,835,"15,8","8,6","8,4",02:55,"23,2",15:20,,,,,,,,,
2018-05-18,3209Y,BRIHUEGA,GUADALAJARA,835,"13,8","2,0","9,1",04:55,"18,4",12:28,,,,,,,,,
2018-05-19,3209Y,BRIHUEGA,GUADALAJARA,835,"15,2","13,0","10,2",Varias,"20,3",12:09,,,,,,,,,
2018-05-20,3209Y,BRIHUEGA,GUADALAJARA,835,"14,4","2,0","9,6",02:13,"19,3",16:19,,,,,,,,,
2018-05-21,3209Y,BRIHUEGA,GUADALAJARA,835,"15,2","0,0","9,7",Varias,"20,8",14:01,,,,,,,,,
2018-05-22,3209Y,BRIHUEGA,GUADALAJARA,835,"14,0","0,4","8,2",02:45,"19,8",10:59,,,,,,,,,
2018-05-23,3209Y,BRIHUEGA,GUADALAJARA,835,"17,4","0,0","10,3",05:25,"24,6",15:26,,,,,,,,,
2018-05-24,3209Y,BRIHUEGA,GUADALAJARA,835,"18,0","0,0","10,7",04:56,"25,3",14:46,,,,,,,,,
2018-05-25,3209Y,BRIHUEGA,GUADALAJARA,835,"13,9","3,6","10,2",23:19,"17,6",16:34,,,,,,,,,
2018-05-26,3209Y,BRIHUEGA,GUADALAJARA,835,"15,4","0,0","10,4",Varias,"20,3",17:13,,,,,,,,,
2018-05-27,3209Y,BRIHUEGA,GUADALAJARA,835,"16,2","0,2","8,4",04:57,"24,1",14:43,,,,,,,,,
2018-05-28,3209Y,BRIHUEGA,GUADALAJARA,835,"13,4","7,4","9,6",23:53,"17,3",12:33,,,,,,,,,
2018-05-29,3209Y,BRIHUEGA,GUADALAJARA,835,"14,4","10,2","9,0",00:55,"19,7",13:18,,,,,,,,,
2018-05-30,3209Y,BRIHUEGA,GUADALAJARA,835,"13,6","4,4","10,5",01:02,"16,8",14:02,,,,,,,,,
2018-05-31,3209Y,BRIHUEGA,GUADALAJARA,835,"15,0","0,0","9,8",23:53,"20,3",17:17,,,,,,,,,
2018-06-01,3209Y,BRIHUEGA,GUADALAJARA,835,"15,2","19,8","8,7",02:25,"21,6",11:51,,,,,,,,,
2018-06-02,3209Y,BRIHUEGA,GUADALAJARA,835,"16,6","5,2","11,1",02:27,"22,2",15:30,,,,,,,,,
2018-06-03,3209Y,BRIHUEGA,GUADALAJARA,835,"14,5","6,6","8,0",05:09,"21,0",13:54,,,,,,,,,
2018-06-04,3209Y,BRIHUEGA,GUADALAJARA,835,"13,3","2,6","8,9",04:30,"17,7",15:40,,,,,,,,,
2018-06-05,3209Y,BRIHUEGA,GUADALAJARA,835,"13,0","9,0","9,2",04:16,"16,7",15:13,,,,,,,,,
2018-06-06,3209Y,BRIHUEGA,GUADALAJARA,835,"13,4","4,4","8,6",05:13,"18,1",15:01,,,,,,,,,
2018-06-07,3209Y,BRIHUEGA,GUADALAJARA,835,"13,8","0,6","7,0",04:08,"20,7",13:28,,,,,,,,,
2018-06-08,3209Y,BRIHUEGA,GUADALAJARA,835,"14,6","4,8","12,1",03:27,"17,0",12:49,,,,,,,,,
2018-06-09,3209Y,BRIHUEGA,GUADALAJARA,835,"13,6","0,2","9,3",23:27,"18,0",12:50,,,,,,,,,
2018-06-10,3209Y,BRIHUEGA,GUADALAJARA,835,"11,0","3,4","5,9",04:44,"16,2",14:29,,,,,,,,,
2018-06-11,3209Y,BRIHUEGA,GUADALAJARA,835,"12,7","1,2","8,4",00:29,"17,0",14:44,,,,,,,,,
2018-06-12,3209Y,BRIHUEGA,GUADALAJARA,835,"14,6","0,0","7,7",04:27,"21,6",15:24,,,,,,,,,
2018-06-13,3209Y,BRIHUEGA,GUADALAJARA,835,"14,5","0,0","7,3",05:32,"21,7",14:58,,,,,,,,,
2018-06-14,3209Y,BRIHUEGA,GUADALAJARA,835,"15,1","0,0","6,2",04:44,"24,0",16:21,,,,,,,,,
2018-06-15,3209Y,BRIHUEGA,GUADALAJARA,835,"18,2","0,0","8,8",04:23,"27,5",16:02,,,,,,,,,
2018-06-16,3209Y,BRIHUEGA,GUADALAJARA,835,"20,1","0,0","12,3",05:08,"27,9",15:43,,,,,,,,,
2018-06-17,3209Y,BRIHUEGA,GUADALAJARA,835,"18,8","0,0","9,0",04:40,"28,5",16:00,,,,,,,,,
2018-06-18,3209Y,BRIHUEGA,GUADALAJARA,835,"20,0","0,0","12,5",04:47,"27,4",16:36,,,,,,,,,
2018-06-19,3209Y,BRIHUEGA,GUADALAJARA,835,"19,5","0,0","10,0",04:39,"29,0",16:10,,,,,,,,,
2018-06-20,3209Y,BRIHUEGA,GUADALAJARA,835,"21,7","0,0","12,9",04:40,"30,5",16:17,,,,,,,,,
2018-06-21,3209Y,BRIHUEGA,GUADALAJARA,835,"22,0","0,0","13,7",04:53,"30,4",15:04,,,,,,,,,
2018-06-22,3209Y,BRIHUEGA,GUADALAJARA,835,"22,3","0,0","13,6",04:57,"31,0",15:53,,,,,,,,,
2018-06-23,3209Y,BRIHUEGA,GUADALAJARA,835,"23,6","0,0","14,6",04:54,"32,5",15:06,,,,,,,,,
2018-06-24,3209Y,BRIHUEGA,GUADALAJARA,835,"24,2","0,0","14,6",04:16,"33,7",14:39,,,,,,,,,
2018-06-25,3209Y,BRIHUEGA,GUADALAJARA,835,"24,0","0,0","14,0",04:55,"34,0",15:06,,,,,,,,,
2018-06-26,3209Y,BRIHUEGA,GUADALAJARA,835,"24,2","0,0","15,7",04:59,"32,8",Varias,,,,,,,,,
2018-06-27,3209Y,BRIHUEGA,GUADALAJARA,835,"22,6","0,0","16,0",05:09,"29,1",12:54,,,,,,,,,
2018-06-28,3209Y,BRIHUEGA,GUADALAJARA,835,"21,8","0,2","13,9",04:23,"29,6",12:42,,,,,,,,,
2018-06-29,3209Y,BRIHUEGA,GUADALAJARA,835,"20,6","11,4","13,8",05:40,"27,4",13:10,,,,,,,,,
2018-06-30,3209Y,BRIHUEGA,GUADALAJARA,835,"20,9","0,0","15,2",03:58,"26,6",12:09,,,,,,,,,
2018-07-01,3209Y,BRIHUEGA,GUADALAJARA,835,"19,4","0,0","12,9",24:00,"25,8",14:43,,,,,,,,,
2018-07-02,3209Y,BRIHUEGA,GUADALAJARA,835,"18,2","0,0","10,7",05:13,"25,7",15:26,,,,,,,,,
2018-07-03,3209Y,BRIHUEGA,GUADALAJARA,835,"19,7","0,0","11,1",04:45,"28,3",16:01,,,,,,,,,
2018-07-04,3209Y,BRIHUEGA,GUADALAJARA,835,"19,2","0,0","12,4",05:00,"26,1",14:03,,,,,,,,,
2018-07-05,3209Y,BRIHUEGA,GUADALAJARA,835,"18,0","0,0","10,4",04:38,"25,5",14:57,,,,,,,,,
2018-07-06,3209Y,BRIHUEGA,GUADALAJARA,835,"20,8","0,0","13,1",05:46,"28,6",13:41,,,,,,,,,
2018-07-07,3209Y,BRIHUEGA,GUADALAJARA,835,"22,4","0,0","14,2",04:51,"30,5",14:43,,,,,,,,,
2018-07-08,3209Y,BRIHUEGA,GUADALAJARA,835,"22,6","0,0","15,6",04:42,"29,7",14:29,,,,,,,,,
2018-07-09,3209Y,BRIHUEGA,GUADALAJARA,835,"23,2","0,0","14,5",05:02,"32,0",13:55,,,,,,,,,
2018-07-10,3209Y,BRIHUEGA,GUADALAJARA,835,"23,6","0,0","15,0",04:53,"32,2",15:03,,,,,,,,,
2018-07-11,3209Y,BRIHUEGA,GUADALAJARA,835,"23,8","0,0","16,6",03:35,"30,9",15:01,,,,,,,,,
2018-07-12,3209Y,BRIHUEGA,GUADALAJARA,835,"22,3","0,0","14,4",03:27,"30,2",16:01,,,,,,,,,
2018-07-13,3209Y,BRIHUEGA,GUADALAJARA,835,"23,2","0,0","15,8",05:15,"30,7",15:54,,,,,,,,,
2018-07-14,3209Y,BRIHUEGA,GUADALAJARA,835,"22,8","0,0","15,0",05:21,"30,6",15:14,,,,,,,,,
2018-07-15,3209Y,BRIHUEGA,GUADALAJARA,835,"19,5","0,2","11,2",05:10,"27,8",15:15,,,,,,,,,
2018-07-16,3209Y,BRIHUEGA,GUADALAJARA,835,"19,2","0,0","11,1",05:21,"27,4",15:43,,,,,,,,,
2018-07-17,3209Y,BRIHUEGA,GUADALAJARA,835,"22,0","0,0","12,5",05:17,"31,4",15:51,,,,,,,,,
2018-07-18,3209Y,BRIHUEGA,GUADALAJARA,835,"23,4","0,0","16,0",23:57,"30,7",15:44,,,,,,,,,
2018-07-19,3209Y,BRIHUEGA,GUADALAJARA,835,"21,8","0,0","12,8",04:56,"30,9",14:46,,,,,,,,,
2018-07-20,3209Y,BRIHUEGA,GUADALAJARA,835,"20,9","0,0","12,3",05:15,"29,5",14:25,,,,,,,,,
2018-07-21,3209Y,BRIHUEGA,GUADALAJARA,835,"19,5","2,0","11,8",05:09,"27,2",14:52,,,,,,,,,
2018-07-22,3209Y,BRIHUEGA,GUADALAJARA,835,"21,1","0,0","12,7",05:08,"29,5",16:30,,,,,,,,,
2018-07-23,3209Y,BRIHUEGA,GUADALAJARA,835,"22,6","0,0","13,0",05:15,"32,2",15:14,,,,,,,,,
2018-07-24,3209Y,BRIHUEGA,GUADALAJARA,835,"22,0","0,0","12,8",05:11,"31,2",15:58,,,,,,,,,
2018-07-25,3209Y,BRIHUEGA,GUADALAJARA,835,"22,6","0,0","12,9",05:17,"32,4",14:56,,,,,,,,,
2018-07-26,3209Y,BRIHUEGA,GUADALAJARA,835,"23,8","0,0","15,0",04:27,"32,5",15:20,,,,,,,,,
2018-07-27,3209Y,BRIHUEGA,GUADALAJARA,835,"22,8","0,0","13,6",05:13,"32,1",Varias,,,,,,,,,
2018-07-28,3209Y,BRIHUEGA,GUADALAJARA,835,"21,6","0,0","12,0",05:40,"31,3",15:33,,,,,,,,,
2018-07-29,3209Y,BRIHUEGA,GUADALAJARA,835,"21,8","0,0","12,6",05:33,"30,9",16:25,,,,,,,,,
2018-07-30,3209Y,BRIHUEGA,GUADALAJARA,835,"22,8","0,0","12,9",04:43,"32,6",15:25,,,,,,,,,
2018-07-31,3209Y,BRIHUEGA,GUADALAJARA,835,"23,8","0,0","14,3",04:54,"33,3",15:42,,,,,,,,,
2018-08-01,3209Y,BRIHUEGA,GUADALAJARA,835,"25,6","0,0","16,0",04:48,"35,3",15:31,,,,,,,,,
2018-08-02,3209Y,BRIHUEGA,GUADALAJARA,835,"27,0","0,0","17,0",04:58,"37,1",15:01,,,,,,,,,
2018-08-03,3209Y,BRIHUEGA,GUADALAJARA,835,"27,8","0,0","18,2",05:11,"37,3",13:11,,,,,,,,,
2018-08-04,3209Y,BRIHUEGA,GUADALAJARA,835,"27,2","0,0","18,8",03:11,"35,5",14:57,,,,,,,,,
2018-08-05,3209Y,BRIHUEGA,GUADALAJARA,835,"26,4","0,0","17,2",05:35,"35,7",15:18,,,,,,,,,
2018-08-06,3209Y,BRIHUEGA,GUADALAJARA,835,"26,4","0,0","16,0",05:33,"36,7",13:40,,,,,,,,,
2018-08-07,3209Y,BRIHUEGA,GUADALAJARA,835,"26,4","0,0","17,4",05:40,"35,3",14:49,,,,,,,,,
2018-08-08,3209Y,BRIHUEGA,GUADALAJARA,835,"23,5","0,0","13,9",05:12,"33,1",15:16,,,,,,,,,
2018-08-09,3209Y,BRIHUEGA,GUADALAJARA,835,"21,6","0,0","13,2",05:38,"29,9",15:20,,,,,,,,,
2018-08-10,3209Y,BRIHUEGA,GUADALAJARA,835,"21,3","0,0","12,5",03:31,"30,1",15:08,,,,,,,,,
2018-08-11,3209Y,BRIHUEGA,GUADALAJARA,835,"23,8","0,0","16,3",05:15,"31,2",16:16,,,,,,,,,
2018-08-12,3209Y,BRIHUEGA,GUADALAJARA,835,"24,8","0,2","17,4",23:22,"32,2",14:10,,,,,,,,,
2018-08-13,3209Y,BRIHUEGA,GUADALAJARA,835,"23,0","0,0","14,8",05:39,"31,3",16:22,,,,,,,,,
2018-08-14,3209Y,BRIHUEGA,GUADALAJARA,835,"22,0","0,0","13,6",05:51,"30,5",16:13,,,,,,,,,
2018-08-15,3209Y,BRIHUEGA,GUADALAJARA,835,"22,8","0,4","13,5",05:26,"32,1",15:14,,,,,,,,,
2018-08-16,3209Y,BRIHUEGA,GUADALAJARA,835,"22,4","0,2","16,3",24:00,"28,6",14:08,,,,,,,,,
2018-08-17,3209Y,BRIHUEGA,GUADALAJARA,835,"21,0","0,0","14,3",23:59,"27,8",12:36,,,,,,,,,
2018-08-18,3209Y,BRIHUEGA,GUADALAJARA,835,"20,4","0,0","11,7",05:51,"29,0",13:43,,,,,,,,,
2018-08-19,3209Y,BRIHUEGA,GUADALAJARA,835,"20,8","0,0","11,5",05:29,"30,0",16:37,,,,,,,,,
2018-08-20,3209Y,BRIHUEGA,GUADALAJARA,835,"21,8","0,0","12,4",05:37,"31,3",16:01,,,,,,,,,
2018-08-21,3209Y,BRIHUEGA,GUADALAJARA,835,"23,1","0,0","14,0",05:46,"32,2",14:40,,,,,,,,,
2018-08-22,3209Y,BRIHUEGA,GUADALAJARA,835,"23,1","0,0","13,6",05:04,"32,6",14:07,,,,,,,,,
2018-08-23,3209Y,BRIHUEGA,GUADALAJARA,835,"23,3","1,0","14,6",04:29,"32,0",13:45,,,,,,,,,
2018-08-24,3209Y,BRIHUEGA,GUADALAJARA,835,"22,0","0,0","12,2",04:35,"31,7",14:54,,,,,,,,,
2018-08-25,3209Y,BRIHUEGA,GUADALAJARA,835,"21,1","0,0","12,0",06:06,"30,2",15:29,,,,,,,,,
2018-08-26,3209Y,BRIHUEGA,GUADALAJARA,835,"20,6","0,0","10,8",05:52,"30,5",15:02,,,,,,,,,
2018-08-27,3209Y,BRIHUEGA,GUADALAJARA,835,"23,7","0,0","13,9",05:39,"33,5",14:04,,,,,,,,,
2018-08-28,3209Y,BRIHUEGA,GUADALAJARA,835,"24,6","0,2","17,3",05:36,"31,9",13:31,,,,,,,,,
2018-08-29,3209Y,BRIHUEGA,GUADALAJARA,835,"23,1","0,0","15,4",05:49,"30,8",14:34,,,,,,,,,
2018-08-30,3209Y,BRIHUEGA,GUADALAJARA,835,"22,0","0,0","13,8",06:12,"30,3",14:48,,,,,,,,,
2018-08-31,3209Y,BRIHUEGA,GUADALAJARA,835,"23,6","0,0","15,3",05:24,"31,9",13:42,,,,,,,,,
2018-09-01,3209Y,BRIHUEGA,GUADALAJARA,835,"23,3","0,0","14,3",06:09,"32,3",14:22,,,,,,,,,
2018-09-02,3209Y,BRIHUEGA,GUADALAJARA,835,"24,5","4,2","16,1",06:04,"32,9",15:00,,,,,,,,,
2018-09-03,3209Y,BRIHUEGA,GUADALAJARA,835,"23,2","0,2","16,0",02:11,"30,5",14:14,,,,,,,,,
2018-09-04,3209Y,BRIHUEGA,GUADALAJARA,835,"21,0","0,0","13,9",06:00,"28,1",14:34,,,,,,,,,
2018-09-05,3209Y,BRIHUEGA,GUADALAJARA,835,"19,6","0,0","13,2",06:06,"26,0",13:43,,,,,,,,,
2018-09-06,3209Y,BRIHUEGA,GUADALAJARA,835,"19,4","0,0","13,7",Varias,"25,2",13:13,,,,,,,,,
2018-09-07,3209Y,BRIHUEGA,GUADALAJARA,835,"19,0","11,2","11,4",05:39,"26,7",14:20,,,,,,,,,
2018-09-08,3209Y,BRIHUEGA,GUADALAJARA,835,"18,5","0,0","13,2",05:44,"23,8",14:37,,,,,,,,,
2018-09-09,3209Y,BRIHUEGA,GUADALAJARA,835,"19,3","0,0","11,4",05:52,"27,2",13:52,,,,,,,,,
2018-09-10,3209Y,BRIHUEGA,GUADALAJARA,835,"19,5","0,0","13,6",05:55,"25,4",14:27,,,,,,,,,
2018-09-11,3209Y,BRIHUEGA,GUADALAJARA,835,"18,6","61,2","12,1",05:50,"25,1",14:02,,,,,,,,,
2018-09-12,3209Y,BRIHUEGA,GUADALAJARA,835,"19,2","0,0","11,5",05:28,"26,9",14:33,,,,,,,,,
2018-09-13,3209Y,BRIHUEGA,GUADALAJARA,835,"21,1","0,0","12,7",05:31,"29,5",14:17,,,,,,,,,
2018-09-14,3209Y,BRIHUEGA,GUADALAJARA,835,"21,1","0,0","13,0",05:50,"29,2",13:15,,,,,,,,,
2018-09-15,3209Y,BRIHUEGA,GUADALAJARA,835,"20,9","0,0","13,9",05:16,"27,9",13:39,,,,,,,,,
2018-09-16,3209Y,BRIHUEGA,GUADALAJARA,835,"20,1","0,0","11,9",05:40,"28,3",14:39,,,,,,,,,
2018-09-17,3209Y,BRIHUEGA,GUADALAJARA,835,"21,3","3,4","14,3",06:14,"28,3",13:24,,,,,,,,,
2018-09-18,3209Y,BRIHUEGA,GUADALAJARA,835,"20,0","0,0","13,9",Varias,"26,2",15:15,,,,,,,,,
2018-09-19,3209Y,BRIHUEGA,GUADALAJARA,835,"20,2","0,0","11,7",06:09,"28,6",14:47,,,,,,,,,
2018-09-20,3209Y,BRIHUEGA,GUADALAJARA,835,"21,2","0,0","13,7",05:42,"28,6",13:54,,,,,,,,,
2018-09-21,3209Y,BRIHUEGA,GUADALAJARA,835,"21,2","0,0","12,9",06:07,"29,5",13:42,,,,,,,,,
2018-09-22,3209Y,BRIHUEGA,GUADALAJARA,835,"21,9","0,0","13,3",05:50,"30,5",13:07,,,,,,,,,
2018-09-23,3209Y,BRIHUEGA,GUADALAJARA,835,"22,8","0,0","14,2",06:18,"31,5",14:35,,,,,,,,,
2018-09-24,3209Y,BRIHUEGA,GUADALAJARA,835,"21,2","0,0","14,1",23:59,"28,4",14:43,,,,,,,,,
2018-09-25,3209Y,BRIHUEGA,GUADALAJARA,835,"19,0","0,0","10,4",06:20,"27,7",14:42,,,,,,,,,
2018-09-26,3209Y,BRIHUEGA,GUADALAJARA,835,"20,2","0,0","15,0",24:00,"25,5",14:52,,,,,,,,,
2018-09-27,3209Y,BRIHUEGA,GUADALAJARA,835,"18,8","0,0","11,8",06:23,"25,7",13:51,,,,,,,,,
2018-09-28,3209Y,BRIHUEGA,GUADALAJARA,835,"18,4","0,0","9,7",06:02,"27,2",14:21,,,,,,,,,
2018-09-29,3209Y,BRIHUEGA,GUADALAJARA,835,"18,9","0,0","10,8",06:32,"27,0",14:03,,,,,,,,,
2018-09-30,3209Y,BRIHUEGA,GUADALAJARA,835,"18,5","0,0","9,4",06:07,"27,6",13:52,,,,,,,,,
2018-10-01,3209Y,BRIHUEGA,GUADALAJARA,835,"15,4","0,0","8,7",23:52,"22,0",14:41,,,,,,,,,
2018-10-02,3209Y,BRIHUEGA,GUADALAJARA,835,"15,0","0,0","6,3",06:35,"23,7",14:50,,,,,,,,,
2018-10-03,3209Y,BRIHUEGA,GUADALAJARA,835,"17,0","0,0","7,7",05:44,"26,2",13:31,,,,,,,,,
2018-10-04,3209Y,BRIHUEGA,GUADALAJARA,835,"17,0","0,0","8,1",06:18,"25,8",14:55,,,,,,,,,
2018-10-05,3209Y,BRIHUEGA,GUADALAJARA,835,"17,4","0,0","9,2",06:11,"25,5",14:27,,,,,,,,,
2018-10-06,3209Y,BRIHUEGA,GUADALAJARA,835,"17,2","0,0","9,0",05:55,"25,4",13:09,,,,,,,,,
2018-10-07,3209Y,BRIHUEGA,GUADALAJARA,835,"11,2","0,0","5,5",06:30,"16,8",13:34,,,,,,,,,
2018-10-08,3209Y,BRIHUEGA,GUADALAJARA,835,"9,7","0,0","3,8",04:35,"15,6",15:19,,,,,,,,,
2018-10-09,3209Y,BRIHUEGA,GUADALAJARA,835,"11,7","0,4","6,5",06:38,"16,9",14:00,,,,,,,,,
2018-10-10,3209Y,BRIHUEGA,GUADALAJARA,835,"12,4","0,2","7,7",01:12,"17,2",13:59,,,,,,,,,
2018-10-11,3209Y,BRIHUEGA,GUADALAJARA,835,"14,0","1,2","9,3",03:27,"18,7",14:46,,,,,,,,,
2018-10-12,3209Y,BRIHUEGA,GUADALAJARA,835,"15,9","0,2","11,6",23:59,"20,2",14:22,,,,,,,,,
2018-10-13,3209Y,BRIHUEGA,GUADALAJARA,835,"16,8","5,2","9,8",06:20,"23,9",13:25,,,,,,,,,
2018-10-14,3209Y,BRIHUEGA,GUADALAJARA,835,"11,2","1,6","6,3",21:53,"16,2",00:01,,,,,,,,,
2018-10-15,3209Y,BRIHUEGA,GUADALAJARA,835,"9,4","0,4","5,5",06:08,"13,3",12:47,,,,,,,,,
2018-10-16,3209Y,BRIHUEGA,GUADALAJARA,835,"13,2","0,0","6,5",05:31,"19,8",12:40,,,,,,,,,
2018-10-17,3209Y,BRIHUEGA,GUADALAJARA,835,"13,0","0,0","5,2",05:59,"20,7",13:19,,,,,,,,,
2018-10-18,3209Y,BRIHUEGA,GUADALAJARA,835,"13,3","22,8","9,0",00:01,"17,6",11:20,,,,,,,,,
2018-10-19,3209Y,BRIHUEGA,GUADALAJARA,835,"12,4","13,8","10,6",05:51,"14,2",12:37,,,,,,,,,
2018-10-20,3209Y,BRIHUEGA,GUADALAJARA,835,"14,7","3,8","11,3",Varias,"18,1",12:42,,,,,,,,,
2018-10-21,3209Y,BRIHUEGA,GUADALAJARA,835,"16,1","0,0","10,6",23:53,"21,6",13:16,,,,,,,,,
2018-10-22,3209Y,BRIHUEGA,GUADALAJARA,835,"14,5","0,0","8,5",23:58,"20,5",14:15,,,,,,,,,
2018-10-23,3209Y,BRIHUEGA,GUADALAJARA,835,"13,3","0,0","5,8",05:38,"20,8",14:05,,,,,,,,,
2018-10-24,3209Y,BRIHUEGA,GUADALAJARA,835,"13,7","0,0","4,9",06:38,"22,5",14:21,,,,,,,,,
2018-10-25,3209Y,BRIHUEGA,GUADALAJARA,835,"13,9","0,0","4,8",06:45,"23,0",13:30,,,,,,,,,
2018-10-26,3209Y,BRIHUEGA,GUADALAJARA,835,"11,9","1,8","5,7",06:46,"18,1",11:15,,,,,,,,,
2018-10-27,3209Y,BRIHUEGA,GUADALAJARA,835,"4,6","2,6","-0,8",23:40,"10,0",00:01,,,,,,,,,
2018-10-28,3209Y,BRIHUEGA,GUADALAJARA,835,"2,6","0,0","-1,6",03:29,"6,7",12:01,,,,,,,,,
2018-10-29,3209Y,BRIHUEGA,GUADALAJARA,835,"3,4","0,6","-1,5",01:49,"8,2",13:01,,,,,,,,,
2018-10-30,3209Y,BRIHUEGA,GUADALAJARA,835,"3,8","9,8","1,6",03:09,"6,0",19:04,,,,,,,,,
2018-10-31,3209Y,BRIHUEGA,GUADALAJARA,835,"6,0","8,2","4,6",07:40,"7,3",12:43,,,,,,,,,
2018-11-01,3209Y,BRIHUEGA,GUADALAJARA,835,"7,4","0,2","1,7",06:55,"13,1",13:18,,,,,,,,,
2018-11-02,3209Y,BRIHUEGA,GUADALAJARA,835,"9,4","0,2","3,4",24:00,"15,4",12:50,,,,,,,,,
2018-11-03,3209Y,BRIHUEGA,GUADALAJARA,835,"8,2","0,0","0,2",06:48,"16,1",13:53,,,,,,,,,
2018-11-04,3209Y,BRIHUEGA,GUADALAJARA,835,"7,0","6,0","-1,0",06:32,"14,9",13:22,,,,,,,,,
2018-11-05,3209Y,BRIHUEGA,GUADALAJARA,835,"6,3","3,4","3,9",21:22,"8,7",01:19,,,,,,,,,
2018-11-06,3209Y,BRIHUEGA,GUADALAJARA,835,"6,4","0,0","3,9",07:33,"8,9",11:25,,,,,,,,,
2018-11-07,3209Y,BRIHUEGA,GUADALAJARA,835,"7,2","2,6","3,8",21:03,"10,7",14:21,,,,,,,,,
2018-11-08,3209Y,BRIHUEGA,GUADALAJARA,835,"7,4","3,2","3,8",02:56,"11,0",14:05,,,,,,,,,
2018-11-09,3209Y,BRIHUEGA,GUADALAJARA,835,"5,9","0,4","1,3",06:07,"10,5",14:48,,,,,,,,,
2018-11-10,3209Y,BRIHUEGA,GUADALAJARA,835,"8,7","5,2","6,9",04:05,"10,5",19:47,,,,,,,,,
2018-11-11,3209Y,BRIHUEGA,GUADALAJARA,835,"10,8","0,0","9,0",23:40,"12,7",Varias,,,,,,,,,
2018-11-12,3209Y,BRIHUEGA,GUADALAJARA,835,"10,2","0,0","6,9",02:21,"13,5",12:54,,,,,,,,,
2018-11-13,3209Y,BRIHUEGA,GUADALAJARA,835,"12,4","0,0","5,4",Varias,"19,3",14:21,,,,,,,,,
2018-11-14,3209Y,BRIHUEGA,GUADALAJARA,835,"10,0","0,0","4,5",06:57,"15,5",11:50,,,,,,,,,
2018-11-15,3209Y,BRIHUEGA,GUADALAJARA,835,"11,1","0,8","5,1",05:50,"17,1",14:12,,,,,,,,,
2018-11-16,3209Y,BRIHUEGA,GUADALAJARA,835,"10,1","0,6","5,6",23:33,"14,6",14:31,,,,,,,,,
2018-11-17,3209Y,BRIHUEGA,GUADALAJARA,835,"9,2","0,0","3,3",07:22,"15,1",11:52,,,,,,,,,
2018-11-18,3209Y,BRIHUEGA,GUADALAJARA,835,"7,8","5,4","4,6",03:09,"11,1",13:12,,,,,,,,,
2018-11-19,3209Y,BRIHUEGA,GUADALAJARA,835,"9,2","6,4","6,5",Varias,"11,9",11:38,,,,,,,,,
2018-11-20,3209Y,BRIHUEGA,GUADALAJARA,835,"7,0","5,2","5,5",11:56,"8,5",15:16,,,,,,,,,
2018-11-21,3209Y,BRIHUEGA,GUADALAJARA,835,"6,6","4,6","3,4",20:46,"9,9",13:58,,,,,,,,,
2018-11-22,3209Y,BRIHUEGA,GUADALAJARA,835,"6,0","4,8","3,0",04:09,"9,0",13:54,,,,,,,,,
2018-11-23,3209Y,BRIHUEGA,GUADALAJARA,835,"5,3","1,6","0,6",23:47,"10,0",14:39,,,,,,,,,
2018-11-24,3209Y,BRIHUEGA,GUADALAJARA,835,"2,8","2,6","-0,9",02:35,"6,4",14:00,,,,,,,,,
2018-11-25,3209Y,BRIHUEGA,GUADALAJARA,835,"7,1","12,2","3,9",Varias,"10,3",15:15,,,,,,,,,
2018-11-26,3209Y,BRIHUEGA,GUADALAJARA,835,"5,8","0,4","2,3",22:52,"9,2",15:14,,,,,,,,,
2018-11-27,3209Y,BRIHUEGA,GUADALAJARA,835,"5,5","0,0","0,0",03:43,"11,0",14:00,,,,,,,,,
2018-11-28,3209Y,BRIHUEGA,GUADALAJARA,835,"5,2","0,0","-1,5",06:42,"12,0",13:17,,,,,,,,,
2018-11-29,3209Y,BRIHUEGA,GUADALAJARA,835,"5,6","2,6","-2,0",05:56,"13,1",13:27,,,,,,,,,
2018-11-30,3209Y,BRIHUEGA,GUADALAJARA,835,"4,8","0,0","-0,2",23:31,"9,8",14:43,,,,,,,,,
2018-12-01,3209Y,BRIHUEGA,GUADALAJARA,835,"4,3","0,0","-1,6",05:11,"10,2",15:04,,,,,,,,,
2018-12-02,3209Y,BRIHUEGA,GUADALAJARA,835,"5,2","0,2","0,5",04:40,"9,9",15:14,,,,,,,,,
2018-12-03,3209Y,BRIHUEGA,GUADALAJARA,835,"7,1","0,0","2,7",08:06,"11,5",15:06,,,,,,,,,
2018-12-04,3209Y,BRIHUEGA,GUADALAJARA,835,"10,3","0,0","2,3",Varias,"18,3",14:28,,,,,,,,,
2018-12-05,3209Y,BRIHUEGA,GUADALAJARA,835,"10,4","0,0","3,0",07:28,"17,9",14:49,,,,,,,,,
2018-12-06,3209Y,BRIHUEGA,GUADALAJARA,835,"9,8","0,0","2,6",05:32,"17,0",14:49,,,,,,,,,
2018-12-07,3209Y,BRIHUEGA,GUADALAJARA,835,"7,5","0,0","-0,6",06:56,"15,6",15:00,,,,,,,,,
2018-12-08,3209Y,BRIHUEGA,GUADALAJARA,835,"7,4","0,0","1,4",07:35,"13,5",14:42,,,,,,,,,
2018-12-09,3209Y,BRIHUEGA,GUADALAJARA,835,"9,0","0,0","0,4",Varias,"17,5",14:16,,,,,,,,,
2018-12-10,3209Y,BRIHUEGA,GUADALAJARA,835,"8,9","0,0","1,0",07:22,"16,8",14:35,,,,,,,,,
2018-12-11,3209Y,BRIHUEGA,GUADALAJARA,835,"7,0","0,0","-1,1",06:27,"15,0",14:05,,,,,,,,,
2018-12-12,3209Y,BRIHUEGA,GUADALAJARA,835,"2,0","4,0","-2,3",07:28,"6,2",20:46,,,,,,,,,
2018-12-13,3209Y,BRIHUEGA,GUADALAJARA,835,"4,4","6,4","2,0",23:55,"6,7",13:24,,,,,,,,,
2018-12-14,3209Y,BRIHUEGA,GUADALAJARA,835,"4,1","0,0","-1,2",23:19,"9,4",13:47,,,,,,,,,
2018-12-15,3209Y,BRIHUEGA,GUADALAJARA,835,"3,0","2,4","-2,0",04:19,"7,9",14:18,,,,,,,,,
2018-12-16,3209Y,BRIHUEGA,GUADALAJARA,835,"4,0","1,6","-0,1",23:50,"8,1",15:02,,,,,,,,,
2018-12-17,3209Y,BRIHUEGA,GUADALAJARA,835,"3,1","0,0","-2,1",05:45,"8,3",15:03,,,,,,,,,
2018-12-18,3209Y,BRIHUEGA,GUADALAJARA,835,"2,7","1,4","-2,5",02:12,"7,9",14:05,,,,,,,,,
2018-12-19,3209Y,BRIHUEGA,GUADALAJARA,835,"5,6","0,0","2,7",07:45,"8,4",13:30,,,,,,,,,
2018-12-20,3209Y,BRIHUEGA,GUADALAJARA,835,"6,6","0,0","3,3",00:01,"10,0",14:35,,,,,,,,,
2018-12-21,3209Y,BRIHUEGA,GUADALAJARA,835,"5,4","0,2","4,5",09:09,"6,3",15:04,,,,,,,,,
2018-12-22,3209Y,BRIHUEGA,GUADALAJARA,835,"5,4","0,0","2,7",20:03,"8,0",15:06,,,,,,,,,
2018-12-23,3209Y,BRIHUEGA,GUADALAJARA,835,"6,9","0,2","-1,0",07:28,"14,8",14:06,,,,,,,,,
2018-12-24,3209Y,BRIHUEGA,GUADALAJARA,835,"8,2","0,0","0,0",07:09,"16,5",14:18,,,,,,,,,
2018-12-25,3209Y,BRIHUEGA,GUADALAJARA,835,"8,6","0,0","1,9",23:56,"15,4",14:07,,,,,,,,,
2018-12-26,3209Y,BRIHUEGA,GUADALAJARA,835,"7,0","0,0","0,1",Varias,"14,0",15:01,,,,,,,,,
2018-12-27,3209Y,BRIHUEGA,GUADALAJARA,835,"5,9","0,0","-1,9",07:43,"13,7",14:57,,,,,,,,,
2018-12-28,3209Y,BRIHUEGA,GUADALAJARA,835,"6,4","0,0","1,3",07:53,"11,5",13:39,,,,,,,,,
2018-12-29,3209Y,BRIHUEGA,GUADALAJARA,835,"7,6","0,0","1,7",06:52,"13,5",15:12,,,,,,,,,
2018-12-30,3209Y,BRIHUEGA,GUADALAJARA,835,"8,2","0,0","-1,0",06:44,"17,3",14:25,,,,,,,,,
2018-12-31,3209Y,BRIHUEGA,GUADALAJARA,835,"7,2","0,0","-2,5",07:24,"16,8",15:04,,,,,,,,,
2019-01-01,3209Y,BRIHUEGA,GUADALAJARA,835,"7,0","0,0","-2,6",07:09,"16,5",15:04,,,,,,,,,
2019-01-02,3209Y,BRIHUEGA,GUADALAJARA,835,"5,5","0,0","-2,9",04:23,"13,9",14:38,,,,,,,,,
2019-01-03,3209Y,BRIHUEGA,GUADALAJARA,835,"5,2","0,0","-3,1",07:32,"13,4",14:11,,,,,,,,,
2019-01-04,3209Y,BRIHUEGA,GUADALAJARA,835,"5,6","0,0","-4,2",08:00,"15,4",14:33,,,,,,,,,
2019-01-05,3209Y,BRIHUEGA,GUADALAJARA,835,"6,6","0,0","-3,1",05:11,"16,2",15:00,,,,,,,,,
2019-01-06,3209Y,BRIHUEGA,GUADALAJARA,835,"6,1","0,0","-2,0",06:29,"14,2",14:16,,,,,,,,,
2019-01-07,3209Y,BRIHUEGA,GUADALAJARA,835,"6,6","0,0","-0,9",06:27,"14,1",15:06,,,,,,,,,
2019-01-08,3209Y,BRIHUEGA,GUADALAJARA,835,"6,0","0,0","-2,4",07:28,"14,4",14:20,,,,,,,,,
2019-01-09,3209Y,BRIHUEGA,GUADALAJARA,835,"4,6","0,0","-2,2",23:33,"11,4",14:20,,,,,,,,,
2019-01-10,3209Y,BRIHUEGA,GUADALAJARA,835,"2,0","0,0","-2,4",23:25,"6,4",15:06,,,,,,,,,
2019-01-11,3209Y,BRIHUEGA,GUADALAJARA,835,"1,8","0,0","-3,6",03:19,"7,2",15:13,,,,,,,,,
2019-01-12,3209Y,BRIHUEGA,GUADALAJARA,835,"3,6","0,0","-2,3",06:50,"9,5",13:42,,,,,,,,,
2019-01-13,3209Y,BRIHUEGA,GUADALAJARA,835,"4,6","0,0","-4,1",Varias,"13,4",14:53,,,,,,,,,
2019-01-14,3209Y,BRIHUEGA,GUADALAJARA,835,"7,2","0,0","-0,4",04:34,"14,8",14:59,,,,,,,,,
2019-01-15,3209Y,BRIHUEGA,GUADALAJARA,835,"6,4","0,0","-1,5",07:23,"14,4",15:02,,,,,,,,,
2019-01-16,3209Y,BRIHUEGA,GUADALAJARA,835,"3,8","0,0","-3,7",07:20,"11,4",14:36,,,,,,,,,
2019-01-17,3209Y,BRIHUEGA,GUADALAJARA,835,"1,8","0,0","-2,9",23:49,"6,6",15:13,,,,,,,,,
2019-01-18,3209Y,BRIHUEGA,GUADALAJARA,835,"1,0","0,0","-4,3",Varias,"6,4",14:18,,,,,,,,,
2019-01-19,3209Y,BRIHUEGA,GUADALAJARA,835,"-0,4","7,8","-5,2",05:48,"4,4",14:24,,,,,,,,,
2019-01-20,3209Y,BRIHUEGA,GUADALAJARA,835,"3,7","0,4","-0,3",23:55,"7,7",13:48,,,,,,,,,
2019-01-21,3209Y,BRIHUEGA,GUADALAJARA,835,"1,6","0,0","-3,4",05:01,"6,6",14:04,,,,,,,,,
2019-01-22,3209Y,BRIHUEGA,GUADALAJARA,835,"0,7","0,0","-3,3",01:59,"4,7",13:21,,,,,,,,,
2019-01-23,3209Y,BRIHUEGA,GUADALAJARA,835,"6,6","0,0","2,4",06:43,"10,7",11:16,,,,,,,,,
2019-01-24,3209Y,BRIHUEGA,GUADALAJARA,835,"8,1","0,0","5,4",23:55,"10,8",11:04,,,,,,,,,
2019-01-25,3209Y,BRIHUEGA,GUADALAJARA,835,"7,1","0,0","1,7",20:27,"12,5",14:21,,,,,,,,,
2019-01-26,3209Y,BRIHUEGA,GUADALAJARA,835,"6,6","0,0","-1,2",06:24,"14,5",14:05,,,,,,,,,
2019-01-27,3209Y,BRIHUEGA,GUADALAJARA,835,"3,8","0,0","-2,4",05:43,"9,9",14:53,,,,,,,,,
2019-01-28,3209Y,BRIHUEGA,GUADALAJARA,835,"4,6","0,0","-2,0",01:18,"11,3",14:30,,,,,,,,,
2019-01-29,3209Y,BRIHUEGA,GUADALAJARA,835,"3,4","0,6","-2,7",04:57,"9,5",13:13,,,,,,,,,
2019-01-30,3209Y,BRIHUEGA,GUADALAJARA,835,"3,8","5,6","-0,9",07:38,"8,6",14:11,,,,,,,,,
2019-01-31,3209Y,BRIHUEGA,GUADALAJARA,835,"7,4","11,4","5,1",00:01,"9,7",13:51,,,,,,,,,
2019-02-01,3209Y,BRIHUEGA,GUADALAJARA,835,"4,8","2,2","1,8",21:43,"7,9",01:35,,,,,,,,,
2019-02-02,3209Y,BRIHUEGA,GUADALAJARA,835,"1,8","0,0","-1,6",21:09,"5,1",12:59,,,,,,,,,
2019-02-03,3209Y,BRIHUEGA,GUADALAJARA,835,"0,2","0,0","-3,9",22:40,"4,4",14:59,,,,,,,,,
2019-02-04,3209Y,BRIHUEGA,GUADALAJARA,835,"3,5","0,0","-5,9",07:30,"12,9",14:37,,,,,,,,,
2019-02-05,3209Y,BRIHUEGA,GUADALAJARA,835,"7,2","0,0","-0,9",02:52,"15,3",14:12,,,,,,,,,
2019-02-06,3209Y,BRIHUEGA,GUADALAJARA,835,"7,6","0,0","-0,3",07:17,"15,5",14:48,,,,,,,,,
2019-02-07,3209Y,BRIHUEGA,GUADALAJARA,835,"6,9","0,0","-0,9",07:08,"14,7",Varias,,,,,,,,,
2019-02-08,3209Y,BRIHUEGA,GUADALAJARA,835,"6,0","0,0","-2,2",07:21,"14,2",14:44,,,,,,,,,
2019-02-09,3209Y,BRIHUEGA,GUADALAJARA,835,"5,2","0,0","-1,9",06:09,"12,4",14:01,,,,,,,,,
2019-02-10,3209Y,BRIHUEGA,GUADALAJARA,835,"6,5","0,0","1,7",03:18,"11,3",13:29,,,,,,,,,
2019-02-11,3209Y,BRIHUEGA,GUADALAJARA,835,"5,5","0,0","0,6",24:00,"10,4",13:14,,,,,,,,,
2019-02-12,3209Y,BRIHUEGA,GUADALAJARA,835,,"0,0",,,,,,,,,,,,,
2019-02-13,3209Y,BRIHUEGA,GUADALAJARA,835,"6,8","0,0","-2,0",Varias,"15,7",14:24,,,,,,,,,
2019-02-14,3209Y,BRIHUEGA,GUADALAJARA,835,"5,6","0,0","-2,7",07:22,"13,9",14:52,,,,,,,,,
2019-02-15,3209Y,BRIHUEGA,GUADALAJARA,835,"7,5","0,0","-2,9",06:33,"17,9",14:45,,,,,,,,,
2019-02-16,3209Y,BRIHUEGA,GUADALAJARA,835,"7,8","0,0","-0,2",06:29,"15,9",14:44,,,,,,,,,
2019-02-17,3209Y,BRIHUEGA,GUADALAJARA,835,"6,0","0,0","-3,0",06:53,"15,1",15:11,,,,,,,,,
2019-02-18,3209Y,BRIHUEGA,GUADALAJARA,835,"7,1","0,0","0,1",07:08,"14,1",14:24,,,,,,,,,
2019-02-19,3209Y,BRIHUEGA,GUADALAJARA,835,"7,0","0,0","-0,1",06:54,"14,2",14:22,,,,,,,,,
2019-02-20,3209Y,BRIHUEGA,GUADALAJARA,835,"6,2","0,0","-1,7",06:29,"14,2",14:19,,,,,,,,,
2019-02-21,3209Y,BRIHUEGA,GUADALAJARA,835,"7,6","0,0","-1,1",06:53,"16,4",Varias,,,,,,,,,
2019-02-22,3209Y,BRIHUEGA,GUADALAJARA,835,"8,4","0,0","-1,4",06:38,"18,3",13:35,,,,,,,,,
2019-02-23,3209Y,BRIHUEGA,GUADALAJARA,835,"8,8","0,0","-1,9",06:49,"19,6",14:43,,,,,,,,,
2019-02-24,3209Y,BRIHUEGA,GUADALAJARA,835,"10,7","0,0","3,0",07:11,"18,4",14:54,,,,,,,,,
2019-02-25,3209Y,BRIHUEGA,GUADALAJARA,835,"9,2","0,0","-0,2",06:52,"18,5",14:49,,,,,,,,,
2019-02-26,3209Y,BRIHUEGA,GUADALAJARA,835,"9,7","0,0","0,4",06:28,"19,0",14:32,,,,,,,,,
2019-02-27,3209Y,BRIHUEGA,GUADALAJARA,835,"10,4","0,0","0,4",06:23,"20,3",13:47,,,,,,,,,
2019-02-28,3209Y,BRIHUEGA,GUADALAJARA,835,"10,5","0,0","2,1",06:40,"18,9",14:00,,,,,,,,,
2019-03-01,3209Y,BRIHUEGA,GUADALAJARA,835,"10,5","0,0","1,9",06:59,"19,1",14:38,,,,,,,,,
2019-03-02,3209Y,BRIHUEGA,GUADALAJARA,835,"11,0","0,0","3,5",06:59,"18,4",14:13,,,,,,,,,
2019-03-03,3209Y,BRIHUEGA,GUADALAJARA,835,"9,4","0,0","0,1",06:37,"18,8",15:09,,,,,,,,,
2019-03-04,3209Y,BRIHUEGA,GUADALAJARA,835,"9,4","0,0","4,3",03:08,"14,6",13:57,,,,,,,,,
2019-03-05,3209Y,BRIHUEGA,GUADALAJARA,835,"8,3","0,0","3,6",06:49,"13,0",13:35,,,,,,,,,
2019-03-06,3209Y,BRIHUEGA,GUADALAJARA,835,"7,3","9,4","4,3",23:56,"10,3",08:42,,,,,,,,,
2019-03-07,3209Y,BRIHUEGA,GUADALAJARA,835,"4,8","0,0","-0,6",06:27,"10,1",15:04,,,,,,,,,
2019-03-08,3209Y,BRIHUEGA,GUADALAJARA,835,"7,6","0,0","1,7",06:47,"13,4",14:41,,,,,,,,,
2019-03-09,3209Y,BRIHUEGA,GUADALAJARA,835,"8,4","0,0","-0,3",06:11,"17,2",15:16,,,,,,,,,
2019-03-10,3209Y,BRIHUEGA,GUADALAJARA,835,"11,6","0,0","1,9",06:45,"21,3",15:18,,,,,,,,,
2019-03-11,3209Y,BRIHUEGA,GUADALAJARA,835,"9,6","0,0","3,1",23:57,"16,1",13:41,,,,,,,,,
2019-03-12,3209Y,BRIHUEGA,GUADALAJARA,835,"9,5","0,0","0,0",06:16,"19,0",14:41,,,,,,,,,
2019-03-13,3209Y,BRIHUEGA,GUADALAJARA,835,"6,8","0,0","1,7",21:44,"11,9",13:54,,,,,,,,,
2019-03-14,3209Y,BRIHUEGA,GUADALAJARA,835,"7,8","0,0","-0,7",05:26,"16,4",14:57,,,,,,,,,
2019-03-15,3209Y,BRIHUEGA,GUADALAJARA,835,"11,0","0,0","0,0",05:57,"22,1",14:04,,,,,,,,,
2019-03-16,3209Y,BRIHUEGA,GUADALAJARA,835,"12,4","0,0","2,2",06:19,"22,7",14:06,,,,,,,,,
2019-03-17,3209Y,BRIHUEGA,GUADALAJARA,835,"10,1","0,0","1,7",06:31,"18,5",12:38,,,,,,,,,
2019-03-18,3209Y,BRIHUEGA,GUADALAJARA,835,"6,0","0,0","-0,5",04:38,"12,5",13:40,,,,,,,,,
2019-03-19,3209Y,BRIHUEGA,GUADALAJARA,835,"6,4","0,0","0,5",06:46,"12,3",14:57,,,,,,,,,
2019-03-20,3209Y,BRIHUEGA,GUADALAJARA,835,"6,0","0,0","-0,9",03:24,"12,9",14:26,,,,,,,,,
2019-03-21,3209Y,BRIHUEGA,GUADALAJARA,835,"6,0","0,0","-2,5",04:02,"14,6",14:35,,,,,,,,,
2019-03-22,3209Y,BRIHUEGA,GUADALAJARA,835,"7,3","0,0","-2,4",06:04,"17,0",14:40,,,,,,,,,
2019-03-23,3209Y,BRIHUEGA,GUADALAJARA,835,"10,0","0,0","1,7",06:05,"18,3",13:04,,,,,,,,,
2019-03-24,3209Y,BRIHUEGA,GUADALAJARA,835,"11,4","0,0","2,5",05:37,"20,3",14:15,,,,,,,,,
2019-03-25,3209Y,BRIHUEGA,GUADALAJARA,835,"11,0","0,0","3,6",24:00,"18,4",14:13,,,,,,,,,
2019-03-26,3209Y,BRIHUEGA,GUADALAJARA,835,"9,7","0,0","1,2",05:35,"18,2",13:49,,,,,,,,,
2019-03-27,3209Y,BRIHUEGA,GUADALAJARA,835,"8,1","0,0","-1,9",05:24,"18,1",14:58,,,,,,,,,
2019-03-28,3209Y,BRIHUEGA,GUADALAJARA,835,"8,0","0,0","-1,3",05:35,"17,3",14:58,,,,,,,,,
2019-03-29,3209Y,BRIHUEGA,GUADALAJARA,835,"7,8","0,0","-0,4",06:20,"16,1",14:53,,,,,,,,,
2019-03-30,3209Y,BRIHUEGA,GUADALAJARA,835,"8,0","0,0","-0,8",06:10,"16,7",15:00,,,,,,,,,
2019-03-31,3209Y,BRIHUEGA,GUADALAJARA,835,"7,5","6,4","5,6",01:24,"9,4",13:06,,,,,,,,,
2019-04-01,3209Y,BRIHUEGA,GUADALAJARA,835,"9,1","0,8","6,0",Varias,"12,2",16:04,,,,,,,,,
2019-04-02,3209Y,BRIHUEGA,GUADALAJARA,835,"10,2","7,6","5,3",22:50,"15,0",12:25,,,,,,,,,
2019-04-03,3209Y,BRIHUEGA,GUADALAJARA,835,"6,1","0,0","0,3",22:09,"11,9",10:39,,,,,,,,,
2019-04-04,3209Y,BRIHUEGA,GUADALAJARA,835,"3,8","3,4","-3,4",05:30,"11,0",14:13,,,,,,,,,
2019-04-05,3209Y,BRIHUEGA,GUADALAJARA,835,"3,7","10,4","0,0",22:07,"7,4",00:26,,,,,,,,,
2019-04-06,3209Y,BRIHUEGA,GUADALAJARA,835,"4,0","10,2","0,8",00:01,"7,3",12:36,,,,,,,,,
2019-04-07,3209Y,BRIHUEGA,GUADALAJARA,835,"5,6","5,4","0,5",05:34,"10,7",15:13,,,,,,,,,
2019-04-08,3209Y,BRIHUEGA,GUADALAJARA,835,"8,2","4,8","3,2",24:00,"13,2",15:04,,,,,,,,,
2019-04-09,3209Y,BRIHUEGA,GUADALAJARA,835,"5,1","3,4","0,6",03:10,"9,6",13:02,,,,,,,,,
2019-04-10,3209Y,BRIHUEGA,GUADALAJARA,835,"6,4","3,4","1,3",02:07,"11,5",15:48,,,,,,,,,
2019-04-11,3209Y,BRIHUEGA,GUADALAJARA,835,"6,1","0,0","-0,5",05:57,"12,7",13:23,,,,,,,,,
2019-04-12,3209Y,BRIHUEGA,GUADALAJARA,835,"8,0","0,0","0,0",06:02,"16,0",15:28,,,,,,,,,
2019-04-13,3209Y,BRIHUEGA,GUADALAJARA,835,"8,8","0,0","-1,5",05:48,"19,0",14:15,,,,,,,,,
2019-04-14,3209Y,BRIHUEGA,GUADALAJARA,835,"12,3","0,0","4,0",05:01,"20,6",16:10,,,,,,,,,
2019-04-15,3209Y,BRIHUEGA,GUADALAJARA,835,"14,0","0,0","5,8",23:51,"22,1",15:34,,,,,,,,,
2019-04-16,3209Y,BRIHUEGA,GUADALAJARA,835,"10,5","0,0","2,2",05:10,"18,8",14:59,,,,,,,,,
2019-04-17,3209Y,BRIHUEGA,GUADALAJARA,835,"15,2","24,2","8,6",05:52,"21,8",14:23,,,,,,,,,
2019-04-18,3209Y,BRIHUEGA,GUADALAJARA,835,"9,6","18,8","6,6",23:55,"12,6",00:01,,,,,,,,,
2019-04-19,3209Y,BRIHUEGA,GUADALAJARA,835,"9,2","9,0","6,1",02:48,"12,2",17:24,,,,,,,,,
2019-04-20,3209Y,BRIHUEGA,GUADALAJARA,835,"11,8","0,4","7,2",23:58,"16,4",12:09,,,,,,,,,
2019-04-21,3209Y,BRIHUEGA,GUADALAJARA,835,"7,2","0,0","5,5",03:50,"8,9",14:21,,,,,,,,,
2019-04-22,3209Y,BRIHUEGA,GUADALAJARA,835,"10,6","0,2","6,3",Varias,"15,0",15:35,,,,,,,,,
2019-04-23,3209Y,BRIHUEGA,GUADALAJARA,835,"6,8","4,2","4,1",Varias,"9,6",08:33,,,,,,,,,
2019-04-24,3209Y,BRIHUEGA,GUADALAJARA,835,"5,6","31,0","2,2",07:33,"9,1",Varias,,,,,,,,,
2019-04-25,3209Y,BRIHUEGA,GUADALAJARA,835,"6,1","1,8","2,2",23:55,"10,0",14:29,,,,,,,,,
2019-04-26,3209Y,BRIHUEGA,GUADALAJARA,835,"8,2","0,0","2,0",04:23,"14,5",14:46,,,,,,,,,
2019-04-27,3209Y,BRIHUEGA,GUADALAJARA,835,"10,9","0,0","2,0",04:57,"19,8",16:27,,,,,,,,,
2019-04-28,3209Y,BRIHUEGA,GUADALAJARA,835,"13,7","0,0","5,0",05:38,"22,4",15:17,,,,,,,,,
2019-04-29,3209Y,BRIHUEGA,GUADALAJARA,835,"14,2","0,0","6,2",05:17,"22,2",13:25,,,,,,,,,
2019-04-30,3209Y,BRIHUEGA,GUADALAJARA,835,"14,8","0,0","6,4",05:17,"23,3",13:48,,,,,,,,,
2019-05-01,3209Y,BRIHUEGA,GUADALAJARA,835,"14,6","0,0","5,6",05:23,"23,7",13:46,,,,,,,,,
2019-05-02,3209Y,BRIHUEGA,GUADALAJARA,835,"15,0","0,0","8,3",04:38,"21,6",13:28,,,,,,,,,
2019-05-03,3209Y,BRIHUEGA,GUADALAJARA,835,"9,6","0,0","4,3",23:45,"15,0",15:53,,,,,,,,,
2019-05-04,3209Y,BRIHUEGA,GUADALAJARA,835,"10,6","0,0","1,0",05:47,"20,1",14:56,,,,,,,,,
2019-05-05,3209Y,BRIHUEGA,GUADALAJARA,835,"11,3","0,0","3,9",04:14,"18,7",17:17,,,,,,,,,
2019-05-06,3209Y,BRIHUEGA,GUADALAJARA,835,"12,2","0,0","2,3",02:59,"22,2",16:03,,,,,,,,,
2019-05-07,3209Y,BRIHUEGA,GUADALAJARA,835,"13,4","0,4","5,6",04:51,"21,1",14:38,,,,,,,,,
2019-05-08,3209Y,BRIHUEGA,GUADALAJARA,835,"11,7","0,0","6,7",23:59,"16,7",15:32,,,,,,,,,
2019-05-09,3209Y,BRIHUEGA,GUADALAJARA,835,"11,9","0,0","3,1",05:30,"20,7",14:19,,,,,,,,,
2019-05-10,3209Y,BRIHUEGA,GUADALAJARA,835,"15,9","0,0","10,0",23:47,"21,8",15:15,,,,,,,,,
2019-05-11,3209Y,BRIHUEGA,GUADALAJARA,835,"14,8","0,0","5,8",05:04,"23,7",15:12,,,,,,,,,
2019-05-12,3209Y,BRIHUEGA,GUADALAJARA,835,"14,0","0,0","4,2",05:49,"23,9",15:06,,,,,,,,,
2019-05-13,3209Y,BRIHUEGA,GUADALAJARA,835,"16,6","0,0","6,3",01:23,"26,8",14:38,,,,,,,,,
2019-05-14,3209Y,BRIHUEGA,GUADALAJARA,835,"15,1","0,0","4,0",04:47,"26,2",17:03,,,,,,,,,
2019-05-15,3209Y,BRIHUEGA,GUADALAJARA,835,"18,8","0,0","8,4",03:57,"29,3",13:19,,,,,,,,,
2019-05-16,3209Y,BRIHUEGA,GUADALAJARA,835,"17,2","0,6","7,1",05:10,"27,2",14:35,,,,,,,,,
2019-05-17,3209Y,BRIHUEGA,GUADALAJARA,835,"10,4","0,0","6,6",00:38,"14,3",13:50,,,,,,,,,
2019-05-18,3209Y,BRIHUEGA,GUADALAJARA,835,"10,5","0,0","5,2",03:00,"15,8",13:01,,,,,,,,,
2019-05-19,3209Y,BRIHUEGA,GUADALAJARA,835,"10,7","0,0","5,0",05:30,"16,4",15:24,,,,,,,,,
2019-05-20,3209Y,BRIHUEGA,GUADALAJARA,835,"10,8","0,0","2,0",05:10,"19,6",13:33,,,,,,,,,
2019-05-21,3209Y,BRIHUEGA,GUADALAJARA,835,"14,2","0,0","5,9",03:36,"22,4",12:08,,,,,,,,,
2019-05-22,3209Y,BRIHUEGA,GUADALAJARA,835,"15,2","0,0","5,4",04:47,"25,0",16:28,,,,,,,,,
2019-05-23,3209Y,BRIHUEGA,GUADALAJARA,835,"17,2","0,0","9,0",04:05,"25,5",14:38,,,,,,,,,
2019-05-24,3209Y,BRIHUEGA,GUADALAJARA,835,"13,9","0,0","9,0",23:12,"18,8",16:09,,,,,,,,,
2019-05-25,3209Y,BRIHUEGA,GUADALAJARA,835,"13,5","0,0","6,7",05:14,"20,3",15:14,,,,,,,,,
2019-05-26,3209Y,BRIHUEGA,GUADALAJARA,835,"14,6","0,0","5,3",04:35,"23,9",15:31,,,,,,,,,
2019-05-27,3209Y,BRIHUEGA,GUADALAJARA,835,"16,4","0,0","7,0",04:43,"25,7",14:04,,,,,,,,,
2019-05-28,3209Y,BRIHUEGA,GUADALAJARA,835,"15,2","0,0","7,5",24:00,"22,9",15:44,,,,,,,,,
2019-05-29,3209Y,BRIHUEGA,GUADALAJARA,835,"14,5","0,0","5,7",05:01,"23,3",15:47,,,,,,,,,
2019-05-30,3209Y,BRIHUEGA,GUADALAJARA,835,"17,2","0,0","6,4",05:11,"27,9",15:28,,,,,,,,,
2019-05-31,3209Y,BRIHUEGA,GUADALAJARA,835,"18,6","0,0","7,8",04:53,"29,5",16:02,,,,,,,,,
2019-06-01,3209Y,BRIHUEGA,GUADALAJARA,835,"19,8","0,0","9,5",05:09,"30,1",14:56,,,,,,,,,
2019-06-02,3209Y,BRIHUEGA,GUADALAJARA,835,"20,8","0,0","10,4",05:06,"31,1",13:39,,,,,,,,,
2019-06-03,3209Y,BRIHUEGA,GUADALAJARA,835,"21,9","0,0","13,5",05:16,"30,3",14:31,,,,,,,,,
2019-06-04,3209Y,BRIHUEGA,GUADALAJARA,835,"19,2","2,0","11,0",04:47,"27,4",14:55,,,,,,,,,
2019-06-05,3209Y,BRIHUEGA,GUADALAJARA,835,"13,2","0,2","6,8",23:09,"19,5",14:56,,,,,,,,,
2019-06-06,3209Y,BRIHUEGA,GUADALAJARA,835,"13,1","1,6","4,0",04:37,"22,2",16:13,,,,,,,,,
2019-06-07,3209Y,BRIHUEGA,GUADALAJARA,835,"13,4","0,0","6,9",05:43,"19,8",15:45,,,,,,,,,
2019-06-08,3209Y,BRIHUEGA,GUADALAJARA,835,"15,7","0,0","6,7",04:04,"24,7",14:38,,,,,,,,,
2019-06-09,3209Y,BRIHUEGA,GUADALAJARA,835,"16,9","0,0","8,7",04:45,"25,1",15:28,,,,,,,,,
2019-06-10,3209Y,BRIHUEGA,GUADALAJARA,835,"16,4","0,0","8,8",Varias,"24,0",15:59,,,,,,,,,
2019-06-11,3209Y,BRIHUEGA,GUADALAJARA,835,"12,6","0,0","6,4",23:56,"18,7",15:39,,,,,,,,,
2019-06-12,3209Y,BRIHUEGA,GUADALAJARA,835,"12,0","0,0","2,1",05:27,"21,9",16:06,,,,,,,,,
2019-06-13,3209Y,BRIHUEGA,GUADALAJARA,835,"17,3","0,0","9,9",04:51,"24,7",16:21,,,,,,,,,
2019-06-14,3209Y,BRIHUEGA,GUADALAJARA,835,"16,2","0,0","8,8",24:00,"23,6",15:17,,,,,,,,,
2019-06-15,3209Y,BRIHUEGA,GUADALAJARA,835,"14,3","0,0","4,6",04:45,"24,0",16:45,,,,,,,,,
2019-06-16,3209Y,BRIHUEGA,GUADALAJARA,835,"17,7","0,0","8,0",04:37,"27,4",16:07,,,,,,,,,
2019-06-17,3209Y,BRIHUEGA,GUADALAJARA,835,"19,8","0,0","10,4",04:52,"29,1",15:16,,,,,,,,,
2019-06-18,3209Y,BRIHUEGA,GUADALAJARA,835,"21,3","0,0","14,0",23:24,"28,6",15:15,,,,,,,,,
2019-06-19,3209Y,BRIHUEGA,GUADALAJARA,835,"19,8","0,0","13,5",05:24,"26,0",15:00,,,,,,,,,
2019-06-20,3209Y,BRIHUEGA,GUADALAJARA,835,"18,6","0,0","11,1",Varias,"26,0",16:13,,,,,,,,,
2019-06-21,3209Y,BRIHUEGA,GUADALAJARA,835,"20,0","0,0","12,5",04:40,"27,5",12:51,,,,,,,,,
2019-06-22,3209Y,BRIHUEGA,GUADALAJARA,835,"19,4","0,0","9,8",05:00,"28,9",14:56,,,,,,,,,
2019-06-23,3209Y,BRIHUEGA,GUADALAJARA,835,"23,0","0,0","15,1",05:14,"30,9",14:50,,,,,,,,,
2019-06-24,3209Y,BRIHUEGA,GUADALAJARA,835,"24,0","0,0","17,7",04:30,"30,3",15:35,,,,,,,,,
2019-06-25,3209Y,BRIHUEGA,GUADALAJARA,835,"23,6","0,0","14,0",05:01,"33,1",15:34,,,,,,,,,
2019-06-26,3209Y,BRIHUEGA,GUADALAJARA,835,"25,6","0,0","17,4",05:21,"33,9",15:16,,,,,,,,,
2019-06-27,3209Y,BRIHUEGA,GUADALAJARA,835,"27,3","0,0","17,5",05:30,"37,1",14:37,,,,,,,,,
2019-06-28,3209Y,BRIHUEGA,GUADALAJARA,835,"28,0","0,0","18,0",02:25,"38,1",14:44,,,,,,,,,
2019-06-29,3209Y,BRIHUEGA,GUADALAJARA,835,"26,0","0,0","14,2",05:00,"37,7",15:22,,,,,,,,,
2019-06-30,3209Y,BRIHUEGA,GUADALAJARA,835,"28,2","0,0","19,9",04:48,"36,5",14:24,,,,,,,,,
2019-07-01,3209Y,BRIHUEGA,GUADALAJARA,835,"26,0","0,0","18,2",04:59,"33,7",14:08,,,,,,,,,
2019-07-02,3209Y,BRIHUEGA,GUADALAJARA,835,"23,2","3,8","14,3",04:46,"32,0",15:02,,,,,,,,,
2019-07-03,3209Y,BRIHUEGA,GUADALAJARA,835,"23,8","0,0","14,6",04:57,"33,0",15:27,,,,,,,,,
2019-07-04,3209Y,BRIHUEGA,GUADALAJARA,835,"24,2","0,0","16,9",04:57,"31,5",16:06,,,,,,,,,
2019-07-05,3209Y,BRIHUEGA,GUADALAJARA,835,"24,1","0,0","16,7",04:58,"31,5",14:38,,,,,,,,,
2019-07-06,3209Y,BRIHUEGA,GUADALAJARA,835,"22,6","0,0","12,8",05:14,"32,4",15:42,,,,,,,,,
2019-07-07,3209Y,BRIHUEGA,GUADALAJARA,835,"22,6","0,0","13,0",05:00,"32,2",14:49,,,,,,,,,
2019-07-08,3209Y,BRIHUEGA,GUADALAJARA,835,"22,7","7,0","16,0",Varias,"29,4",15:29,,,,,,,,,
2019-07-09,3209Y,BRIHUEGA,GUADALAJARA,835,"19,2","0,0","12,4",04:20,"26,1",13:31,,,,,,,,,
2019-07-10,3209Y,BRIHUEGA,GUADALAJARA,835,"20,9","0,0","11,0",05:02,"30,8",16:15,,,,,,,,,
2019-07-11,3209Y,BRIHUEGA,GUADALAJARA,835,"24,6","0,0","14,2",Varias,"35,0",16:01,,,,,,,,,
2019-07-12,3209Y,BRIHUEGA,GUADALAJARA,835,"26,7","0,0","15,9",05:06,"37,5",15:53,,,,,,,,,
2019-07-13,3209Y,BRIHUEGA,GUADALAJARA,835,"26,8","1,0","18,2",23:49,"35,5",14:25,,,,,,,,,
2019-07-14,3209Y,BRIHUEGA,GUADALAJARA,835,"23,4","0,0","15,4",04:57,"31,5",15:43,,,,,,,,,
2019-07-15,3209Y,BRIHUEGA,GUADALAJARA,835,"23,6","0,0","14,0",05:06,"33,1",16:04,,,,,,,,,
2019-07-16,3209Y,BRIHUEGA,GUADALAJARA,835,"23,5","1,0","13,8",05:16,"33,2",13:24,,,,,,,,,
2019-07-17,3209Y,BRIHUEGA,GUADALAJARA,835,"23,2","0,0","16,5",04:41,"29,9",12:25,,,,,,,,,
2019-07-18,3209Y,BRIHUEGA,GUADALAJARA,835,"23,4","0,0","14,6",04:52,"32,2",14:49,,,,,,,,,
2019-07-19,3209Y,BRIHUEGA,GUADALAJARA,835,"25,0","0,0","16,3",05:16,"33,6",14:27,,,,,,,,,
2019-07-20,3209Y,BRIHUEGA,GUADALAJARA,835,"25,9","0,0","16,5",04:51,"35,3",15:54,,,,,,,,,
2019-07-21,3209Y,BRIHUEGA,GUADALAJARA,835,"26,8","0,0","18,3",05:21,"35,4",15:16,,,,,,,,,
2019-07-22,3209Y,BRIHUEGA,GUADALAJARA,835,"26,1","0,0","16,8",05:11,"35,4",15:04,,,,,,,,,
2019-07-23,3209Y,BRIHUEGA,GUADALAJARA,835,"26,3","0,0","17,6",04:54,"35,0",14:43,,,,,,,,,
2019-07-24,3209Y,BRIHUEGA,GUADALAJARA,835,"26,6","0,0","17,9",05:48,"35,3",14:49,,,,,,,,,
2019-07-25,3209Y,BRIHUEGA,GUADALAJARA,835,"26,0","0,0","18,2",05:04,"33,9",13:08,,,,,,,,,
2019-07-26,3209Y,BRIHUEGA,GUADALAJARA,835,"22,8","0,0","15,9",23:52,"29,7",14:25,,,,,,,,,
2019-07-27,3209Y,BRIHUEGA,GUADALAJARA,835,"20,0","0,0","13,4",04:08,"26,6",12:54,,,,,,,,,
2019-07-28,3209Y,BRIHUEGA,GUADALAJARA,835,"18,8","0,0","9,3",05:44,"28,2",14:33,,,,,,,,,
2019-07-29,3209Y,BRIHUEGA,GUADALAJARA,835,"21,9","0,0","12,6",05:08,"31,2",15:59,,,,,,,,,
2019-07-30,3209Y,BRIHUEGA,GUADALAJARA,835,"21,3","0,0","13,0",04:40,"29,6",16:12,,,,,,,,,
2019-07-31,3209Y,BRIHUEGA,GUADALAJARA,835,"22,8","0,0","14,2",05:04,"31,4",15:08,,,,,,,,,
2019-08-01,3209Y,BRIHUEGA,GUADALAJARA,835,"24,2","0,0","16,6",05:36,"31,7",14:40,,,,,,,,,
2019-08-02,3209Y,BRIHUEGA,GUADALAJARA,835,"24,9","0,0","16,0",04:07,"33,8",16:13,,,,,,,,,
2019-08-03,3209Y,BRIHUEGA,GUADALAJARA,835,"26,0","0,0","18,1",05:51,"33,9",14:26,,,,,,,,,
2019-08-04,3209Y,BRIHUEGA,GUADALAJARA,835,"24,5","0,0","15,7",05:08,"33,3",15:03,,,,,,,,,
2019-08-05,3209Y,BRIHUEGA,GUADALAJARA,835,"24,6","0,0","15,3",05:03,"33,8",14:32,,,,,,,,,
2019-08-06,3209Y,BRIHUEGA,GUADALAJARA,835,"24,1","0,0","14,7",05:09,"33,5",14:59,,,,,,,,,
2019-08-07,3209Y,BRIHUEGA,GUADALAJARA,835,"22,4","0,0","18,2",Varias,"26,6",15:27,,,,,,,,,
2019-08-08,3209Y,BRIHUEGA,GUADALAJARA,835,"22,4","0,0","13,4",05:16,"31,3",16:10,,,,,,,,,
2019-08-09,3209Y,BRIHUEGA,GUADALAJARA,835,"23,4","0,0","16,4",05:15,"30,3",15:55,,,,,,,,,
2019-08-10,3209Y,BRIHUEGA,GUADALAJARA,835,"22,1","0,0","14,3",05:28,"29,9",14:54,,,,,,,,,
2019-08-11,3209Y,BRIHUEGA,GUADALAJARA,835,"21,8","0,0","15,8",04:39,"27,7",15:08,,,,,,,,,
2019-08-12,3209Y,BRIHUEGA,GUADALAJARA,835,"18,2","0,0","10,9",05:10,"25,4",15:59,,,,,,,,,
2019-08-13,3209Y,BRIHUEGA,GUADALAJARA,835,"19,6","0,0","11,2",04:02,"28,0",16:17,,,,,,,,,
2019-08-14,3209Y,BRIHUEGA,GUADALAJARA,835,"20,8","0,0","10,3",05:29,"31,3",15:21,,,,,,,,,
2019-08-15,3209Y,BRIHUEGA,GUADALAJARA,835,"23,8","0,0","13,8",05:31,"33,7",15:01,,,,,,,,,
2019-08-16,3209Y,BRIHUEGA,GUADALAJARA,835,"24,4","0,0","15,1",05:33,"33,6",14:44,,,,,,,,,
2019-08-17,3209Y,BRIHUEGA,GUADALAJARA,835,"25,2","0,0","15,8",05:42,"34,5",15:06,,,,,,,,,
2019-08-18,3209Y,BRIHUEGA,GUADALAJARA,835,"24,3","0,0","14,9",05:35,"33,7",13:22,,,,,,,,,
2019-08-19,3209Y,BRIHUEGA,GUADALAJARA,835,"23,8","0,4","16,7",05:40,"31,0",14:43,,,,,,,,,
2019-08-20,3209Y,BRIHUEGA,GUADALAJARA,835,"20,4","0,0","15,2",24:00,"25,5",15:00,,,,,,,,,
2019-08-21,3209Y,BRIHUEGA,GUADALAJARA,835,"21,2","1,8","14,0",23:00,"28,5",15:23,,,,,,,,,
2019-08-22,3209Y,BRIHUEGA,GUADALAJARA,835,"21,1","0,2","11,3",04:32,"30,9",15:04,,,,,,,,,
2019-08-23,3209Y,BRIHUEGA,GUADALAJARA,835,"21,6","0,0","12,5",05:33,"30,6",14:45,,,,,,,,,
2019-08-24,3209Y,BRIHUEGA,GUADALAJARA,835,"22,0","0,0","12,3",05:39,"31,6",15:03,,,,,,,,,
2019-08-25,3209Y,BRIHUEGA,GUADALAJARA,835,"22,4","0,0","13,9",05:24,"30,8",14:16,,,,,,,,,
2019-08-26,3209Y,BRIHUEGA,GUADALAJARA,835,"20,4","4,6","13,7",Varias,"27,0",14:22,,,,,,,,,
2019-08-27,3209Y,BRIHUEGA,GUADALAJARA,835,"19,6","0,0","13,2",04:59,"26,1",15:19,,,,,,,,,
2019-08-28,3209Y,BRIHUEGA,GUADALAJARA,835,"20,2","0,0","11,6",05:35,"28,7",15:14,,,,,,,,,
2019-08-29,3209Y,BRIHUEGA,GUADALAJARA,835,"22,2","0,0","13,5",05:44,"31,0",14:37,,,,,,,,,
2019-08-30,3209Y,BRIHUEGA,GUADALAJARA,835,"23,5","0,2","14,7",05:41,"32,3",11:45,,,,,,,,,
2019-08-31,3209Y,BRIHUEGA,GUADALAJARA,835,"22,0","0,0","12,6",06:01,"31,4",15:57,,,,,,,,,
2019-09-01,3209Y,BRIHUEGA,GUADALAJARA,835,"23,1","0,0","14,1",05:38,"32,1",14:20,,,,,,,,,
2019-09-02,3209Y,BRIHUEGA,GUADALAJARA,835,"21,5","0,0","13,3",05:41,"29,7",14:58,,,,,,,,,
2019-09-03,3209Y,BRIHUEGA,GUADALAJARA,835,"21,6","0,0","11,8",05:45,"31,5",13:34,,,,,,,,,
2019-09-04,3209Y,BRIHUEGA,GUADALAJARA,835,"22,4","0,0","12,9",Varias,"31,9",12:54,,,,,,,,,
2019-09-05,3209Y,BRIHUEGA,GUADALAJARA,835,"16,8","0,0","10,2",23:52,"23,5",13:41,,,,,,,,,
2019-09-06,3209Y,BRIHUEGA,GUADALAJARA,835,"16,2","0,0","8,3",06:01,"24,1",14:19,,,,,,,,,
2019-09-07,3209Y,BRIHUEGA,GUADALAJARA,835,"18,3","0,0","10,0",03:13,"26,6",14:23,,,,,,,,,
2019-09-08,3209Y,BRIHUEGA,GUADALAJARA,835,"18,7","0,0","9,7",05:41,"27,7",15:06,,,,,,,,,
2019-09-09,3209Y,BRIHUEGA,GUADALAJARA,835,"18,4","0,0","9,6",05:40,"27,2",12:37,,,,,,,,,
2019-09-10,3209Y,BRIHUEGA,GUADALAJARA,835,"14,4","0,0","10,4",23:18,"18,3",00:01,,,,,,,,,
2019-09-11,3209Y,BRIHUEGA,GUADALAJARA,835,"16,5","0,0","10,1",02:34,"22,9",14:43,,,,,,,,,
2019-09-12,3209Y,BRIHUEGA,GUADALAJARA,835,"18,6","0,0","11,5",Varias,"25,6",13:40,,,,,,,,,
2019-09-13,3209Y,BRIHUEGA,GUADALAJARA,835,"17,0","3,2","14,2",02:38,"19,9",09:56,,,,,,,,,
2019-09-14,3209Y,BRIHUEGA,GUADALAJARA,835,"17,6","4,8","13,7",20:16,"21,4",10:49,,,,,,,,,
2019-09-15,3209Y,BRIHUEGA,GUADALAJARA,835,"18,0","33,6","14,0",01:03,"21,9",12:11,,,,,,,,,
2019-09-16,3209Y,BRIHUEGA,GUADALAJARA,835,"19,2","0,0","14,0",23:59,"24,5",14:52,,,,,,,,,
2019-09-17,3209Y,BRIHUEGA,GUADALAJARA,835,"20,0","4,2","12,7",04:26,"27,3",14:11,,,,,,,,,
2019-09-18,3209Y,BRIHUEGA,GUADALAJARA,835,"18,7","0,0","12,3",03:28,"25,1",14:36,,,,,,,,,
2019-09-19,3209Y,BRIHUEGA,GUADALAJARA,835,"19,0","0,0","11,7",05:59,"26,2",14:19,,,,,,,,,
2019-09-20,3209Y,BRIHUEGA,GUADALAJARA,835,"18,7","3,2","14,2",03:55,"23,2",14:34,,,,,,,,,
2019-09-21,3209Y,BRIHUEGA,GUADALAJARA,835,"16,6","1,4","13,3",05:20,"19,8",12:13,,,,,,,,,
2019-09-22,3209Y,BRIHUEGA,GUADALAJARA,835,"15,6","0,2","10,0",23:39,"21,3",14:23,,,,,,,,,
2019-09-23,3209Y,BRIHUEGA,GUADALAJARA,835,"14,6","0,0","7,7",05:40,"21,5",13:02,,,,,,,,,
2019-09-24,3209Y,BRIHUEGA,GUADALAJARA,835,"16,5","0,0","8,3",06:02,"24,7",14:57,,,,,,,,,
2019-09-25,3209Y,BRIHUEGA,GUADALAJARA,835,"16,5","0,0","10,3",04:31,"22,7",14:48,,,,,,,,,
2019-09-26,3209Y,BRIHUEGA,GUADALAJARA,835,"17,7","0,0","9,8",05:55,"25,6",13:54,,,,,,,,,
2019-09-27,3209Y,BRIHUEGA,GUADALAJARA,835,"18,2","0,0","10,1",06:04,"26,4",14:08,,,,,,,,,
2019-09-28,3209Y,BRIHUEGA,GUADALAJARA,835,"18,8","0,0","10,6",06:24,"27,0",14:29,,,,,,,,,
2019-09-29,3209Y,BRIHUEGA,GUADALAJARA,835,"18,6","0,0","9,5",06:15,"27,6",14:20,,,,,,,,,
2019-09-30,3209Y,BRIHUEGA,GUADALAJARA,835,"19,0","0,0","10,2",05:02,"27,8",14:40,,,,,,,,,
2019-10-01,3209Y,BRIHUEGA,GUADALAJARA,835,"17,6","0,0","9,2",04:29,"26,0",11:56,,,,,,,,,
2019-10-02,3209Y,BRIHUEGA,GUADALAJARA,835,"14,3","0,0","7,8",05:38,"20,8",12:40,,,,,,,,,
2019-10-03,3209Y,BRIHUEGA,GUADALAJARA,835,"15,2","0,0","5,7",06:06,"24,6",14:14,,,,,,,,,
2019-10-04,3209Y,BRIHUEGA,GUADALAJARA,835,"16,6","0,0","7,3",06:25,"26,0",13:33,,,,,,,,,
2019-10-05,3209Y,BRIHUEGA,GUADALAJARA,835,"18,0","0,0","9,8",05:35,"26,2",13:17,,,,,,,,,
2019-10-06,3209Y,BRIHUEGA,GUADALAJARA,835,"17,2","0,0","8,6",06:15,"25,8",14:01,,,,,,,,,
2019-10-07,3209Y,BRIHUEGA,GUADALAJARA,835,"18,4","0,0","10,4",05:08,"26,3",14:12,,,,,,,,,
2019-10-08,3209Y,BRIHUEGA,GUADALAJARA,835,"19,0","0,0","10,7",06:30,"27,3",14:10,,,,,,,,,
2019-10-09,3209Y,BRIHUEGA,GUADALAJARA,835,"18,8","0,0","10,2",05:58,"27,4",14:13,,,,,,,,,
2019-10-10,3209Y,BRIHUEGA,GUADALAJARA,835,"16,6","0,0","9,1",04:48,"24,2",14:58,,,,,,,,,
2019-10-11,3209Y,BRIHUEGA,GUADALAJARA,835,"18,0","0,0","11,0",05:50,"25,0",13:57,,,,,,,,,
2019-10-12,3209Y,BRIHUEGA,GUADALAJARA,835,"18,4","3,2","13,1",23:33,"23,7",14:39,,,,,,,,,
2019-10-13,3209Y,BRIHUEGA,GUADALAJARA,835,"17,0","0,0","11,4",22:39,"22,7",13:49,,,,,,,,,
2019-10-14,3209Y,BRIHUEGA,GUADALAJARA,835,"11,8","6,0","5,6",23:56,"18,0",13:51,,,,,,,,,
2019-10-15,3209Y,BRIHUEGA,GUADALAJARA,835,"8,9","0,0","3,7",05:09,"14,1",12:23,,,,,,,,,
2019-10-16,3209Y,BRIHUEGA,GUADALAJARA,835,"9,6","0,6","2,5",06:30,"16,6",14:22,,,,,,,,,
2019-10-17,3209Y,BRIHUEGA,GUADALAJARA,835,"8,5","2,4","4,4",03:39,"12,6",14:25,,,,,,,,,
2019-10-18,3209Y,BRIHUEGA,GUADALAJARA,835,"14,4","0,6","11,2",22:12,"17,6",14:15,,,,,,,,,
2019-10-19,3209Y,BRIHUEGA,GUADALAJARA,835,"11,6","7,6","8,7",06:45,"14,5",14:00,,,,,,,,,
2019-10-20,3209Y,BRIHUEGA,GUADALAJARA,835,"6,8","7,6","3,2",23:56,"10,4",01:17,,,,,,,,,
2019-10-21,3209Y,BRIHUEGA,GUADALAJARA,835,"7,0","0,0","1,0",06:24,"13,1",13:13,,,,,,,,,
2019-10-22,3209Y,BRIHUEGA,GUADALAJARA,835,"6,4","10,8","5,0",00:01,"7,8",10:15,,,,,,,,,
2019-10-23,3209Y,BRIHUEGA,GUADALAJARA,835,"6,8","0,8","5,0",06:32,"8,5",15:07,,,,,,,,,
2019-10-24,3209Y,BRIHUEGA,GUADALAJARA,835,"9,7","0,0","5,0",06:57,"14,4",Varias,,,,,,,,,
2019-10-25,3209Y,BRIHUEGA,GUADALAJARA,835,"11,9","0,0","3,8",05:09,"20,0",14:21,,,,,,,,,
2019-10-26,3209Y,BRIHUEGA,GUADALAJARA,835,"13,0","0,0","4,8",05:03,"21,2",13:53,,,,,,,,,
2019-10-27,3209Y,BRIHUEGA,GUADALAJARA,835,"12,9","0,0","5,0",06:31,"20,8",14:07,,,,,,,,,
2019-10-28,3209Y,BRIHUEGA,GUADALAJARA,835,"15,0","0,0","9,0",03:30,"21,1",13:15,,,,,,,,,
2019-10-29,3209Y,BRIHUEGA,GUADALAJARA,835,"11,8","0,0","6,5",06:21,"17,2",14:38,,,,,,,,,
2019-10-30,3209Y,BRIHUEGA,GUADALAJARA,835,"11,7","0,0","6,7",04:45,"16,7",11:27,,,,,,,,,
2019-10-31,3209Y,BRIHUEGA,GUADALAJARA,835,"14,3","0,0","9,8",Varias,"18,8",14:22,,,,,,,,,
2019-11-01,3209Y,BRIHUEGA,GUADALAJARA,835,"15,3","1,2","11,4",00:01,"19,2",11:07,,,,,,,,,
2019-11-02,3209Y,BRIHUEGA,GUADALAJARA,835,"14,0","1,6","11,2",23:58,"16,7",12:38,,,,,,,,,
2019-11-03,3209Y,BRIHUEGA,GUADALAJARA,835,"12,0","1,4","9,4",19:35,"14,6",13:29,,,,,,,,,
2019-11-04,3209Y,BRIHUEGA,GUADALAJARA,835,"11,0","15,0","7,2",23:58,"14,8",12:54,,,,,,,,,
2019-11-05,3209Y,BRIHUEGA,GUADALAJARA,835,"7,4","2,4","2,9",22:33,"11,8",13:22,,,,,,,,,
2019-11-06,3209Y,BRIHUEGA,GUADALAJARA,835,"7,0","0,6","1,8",05:14,"12,1",13:28,,,,,,,,,
2019-11-07,3209Y,BRIHUEGA,GUADALAJARA,835,"6,9","0,0","1,9",23:31,"11,9",09:53,,,,,,,,,
2019-11-08,3209Y,BRIHUEGA,GUADALAJARA,835,"5,1","0,0","0,4",05:36,"9,8",13:42,,,,,,,,,
2019-11-09,3209Y,BRIHUEGA,GUADALAJARA,835,"4,2","0,2","-0,6",01:07,"9,1",11:04,,,,,,,,,
2019-11-10,3209Y,BRIHUEGA,GUADALAJARA,835,"3,8","0,4","-0,8",06:47,"8,3",13:02,,,,,,,,,
2019-11-11,3209Y,BRIHUEGA,GUADALAJARA,835,"5,0","0,0","0,6",02:34,"9,4",15:12,,,,,,,,,
2019-11-12,3209Y,BRIHUEGA,GUADALAJARA,835,"5,2","7,0","-0,5",06:54,"10,9",12:43,,,,,,,,,
2019-11-13,3209Y,BRIHUEGA,GUADALAJARA,835,"8,6","3,8","4,2",20:46,"12,9",13:09,,,,,,,,,
2019-11-14,3209Y,BRIHUEGA,GUADALAJARA,835,"4,1","3,2","0,5",21:44,"7,7",14:04,,,,,,,,,
2019-11-15,3209Y,BRIHUEGA,GUADALAJARA,835,"2,2","1,6","-1,4",04:21,"5,9",15:04,,,,,,,,,
2019-11-16,3209Y,BRIHUEGA,GUADALAJARA,835,"2,8","0,0","-2,3",06:37,"8,0",13:32,,,,,,,,,
2019-11-17,3209Y,BRIHUEGA,GUADALAJARA,835,"1,4","2,4","-2,4",03:36,"5,1",20:23,,,,,,,,,
2019-11-18,3209Y,BRIHUEGA,GUADALAJARA,835,"3,2","0,2","-1,5",23:58,"8,0",11:24,,,,,,,,,
2019-11-19,3209Y,BRIHUEGA,GUADALAJARA,835,"2,4","0,0","-4,2",07:17,"9,0",13:20,,,,,,,,,
2019-11-20,3209Y,BRIHUEGA,GUADALAJARA,835,"2,3","3,0","-2,6",04:33,"7,2",13:14,,,,,,,,,
2019-11-21,3209Y,BRIHUEGA,GUADALAJARA,835,"5,2","2,0","3,4",00:01,"6,9",15:03,,,,,,,,,
2019-11-22,3209Y,BRIHUEGA,GUADALAJARA,835,"7,3","11,0","5,0",01:43,"9,6",16:03,,,,,,,,,
2019-11-23,3209Y,BRIHUEGA,GUADALAJARA,835,"6,4","0,2","3,8",18:40,"9,0",13:18,,,,,,,,,
2019-11-24,3209Y,BRIHUEGA,GUADALAJARA,835,"4,4","3,0","-0,5",05:18,"9,3",14:13,,,,,,,,,
2019-11-25,3209Y,BRIHUEGA,GUADALAJARA,835,"10,0","0,0","5,8",00:01,"14,2",14:12,,,,,,,,,
2019-11-26,3209Y,BRIHUEGA,GUADALAJARA,835,"9,6","2,6","8,2",02:51,"11,0",Varias,,,,,,,,,
2019-11-27,3209Y,BRIHUEGA,GUADALAJARA,835,"9,2","0,0","7,2",07:39,"11,2",13:26,,,,,,,,,
2019-11-28,3209Y,BRIHUEGA,GUADALAJARA,835,"7,8","0,0","6,5",Varias,"9,2",15:18,,,,,,,,,
2019-11-29,3209Y,BRIHUEGA,GUADALAJARA,835,"10,2","5,4","9,2",Varias,"11,3",16:01,,,,,,,,,
2019-11-30,3209Y,BRIHUEGA,GUADALAJARA,835,"7,5","9,8","4,0",24:00,"11,0",13:09,,,,,,,,,
2019-12-01,3209Y,BRIHUEGA,GUADALAJARA,835,"4,6","0,6","1,8",02:12,"7,3",15:06,,,,,,,,,
2019-12-02,3209Y,BRIHUEGA,GUADALAJARA,835,"5,3","0,0","0,9",23:53,"9,7",14:36,,,,,,,,,
2019-12-03,3209Y,BRIHUEGA,GUADALAJARA,835,"4,4","1,2","0,4",04:38,"8,5",14:50,,,,,,,,,
2019-12-04,3209Y,BRIHUEGA,GUADALAJARA,835,"6,3","0,0","3,0",00:01,"9,6",12:54,,,,,,,,,
2019-12-05,3209Y,BRIHUEGA,GUADALAJARA,835,"7,8","0,0","5,1",02:25,"10,5",12:32,,,,,,,,,
2019-12-06,3209Y,BRIHUEGA,GUADALAJARA,835,"6,8","0,0","1,2",24:00,"12,5",13:04,,,,,,,,,
2019-12-07,3209Y,BRIHUEGA,GUADALAJARA,835,"6,7","0,2","-0,1",07:37,"13,5",15:02,,,,,,,,,
2019-12-08,3209Y,BRIHUEGA,GUADALAJARA,835,"3,0","3,0","0,5",07:34,"5,4",14:23,,,,,,,,,
2019-12-09,3209Y,BRIHUEGA,GUADALAJARA,835,"2,3","0,2","-0,4",07:57,"5,0",14:19,,,,,,,,,
2019-12-10,3209Y,BRIHUEGA,GUADALAJARA,835,"5,8","0,0","-2,4",07:43,"14,0",14:37,,,,,,,,,
2019-12-11,3209Y,BRIHUEGA,GUADALAJARA,835,"2,4","0,6","-2,2",05:45,"7,1",15:01,,,,,,,,,
2019-12-12,3209Y,BRIHUEGA,GUADALAJARA,835,"3,8","1,8","-0,3",05:13,"7,9",23:53,,,,,,,,,
2019-12-13,3209Y,BRIHUEGA,GUADALAJARA,835,"10,2","0,0","6,1",23:56,"14,3",13:33,,,,,,,,,
2019-12-14,3209Y,BRIHUEGA,GUADALAJARA,835,"6,9","0,6","3,7",01:41,"10,1",14:08,,,,,,,,,
2019-12-15,3209Y,BRIHUEGA,GUADALAJARA,835,"7,1","0,2","5,9",Varias,"8,3",12:33,,,,,,,,,
2019-12-16,3209Y,BRIHUEGA,GUADALAJARA,835,"6,9","0,0","3,0",07:08,"10,8",16:39,,,,,,,,,
2019-12-17,3209Y,BRIHUEGA,GUADALAJARA,835,"6,8","0,6","4,7",20:50,"8,9",13:52,,,,,,,,,
2019-12-18,3209Y,BRIHUEGA,GUADALAJARA,835,"4,2","0,4","2,5",08:45,"6,0",19:38,,,,,,,,,
2019-12-19,3209Y,BRIHUEGA,GUADALAJARA,835,"8,2","29,6","5,5",00:01,"10,8",23:31,,,,,,,,,
2019-12-20,3209Y,BRIHUEGA,GUADALAJARA,835,"10,4","19,4","8,8",06:22,"11,9",11:38,,,,,,,,,
2019-12-21,3209Y,BRIHUEGA,GUADALAJARA,835,"11,2","5,4","7,9",22:18,"14,6",13:39,,,,,,,,,
2019-12-22,3209Y,BRIHUEGA,GUADALAJARA,835,"7,2","0,8","4,4",24:00,"10,0",14:37,,,,,,,,,
2019-12-23,3209Y,BRIHUEGA,GUADALAJARA,835,"6,4","0,0","0,4",07:48,"12,5",14:23,,,,,,,,,
2019-12-24,3209Y,BRIHUEGA,GUADALAJARA,835,"8,6","0,0","1,1",06:59,"16,0",14:25,,,,,,,,,
2019-12-25,3209Y,BRIHUEGA,GUADALAJARA,835,"10,0","0,0","1,7",07:47,"18,3",15:00,,,,,,,,,
2019-12-26,3209Y,BRIHUEGA,GUADALAJARA,835,"8,1","0,0","2,3",23:26,"13,9",12:57,,,,,,,,,
2019-12-27,3209Y,BRIHUEGA,GUADALAJARA,835,"6,8","0,0","-2,1",05:43,"15,8",14:41,,,,,,,,,
2019-12-28,3209Y,BRIHUEGA,GUADALAJARA,835,"9,7","0,0","-0,3",02:06,"19,7",14:27,,,,,,,,,
2019-12-29,3209Y,BRIHUEGA,GUADALAJARA,835,"7,6","0,0","-1,7",06:35,"17,0",14:59,,,,,,,,,
2019-12-30,3209Y,BRIHUEGA,GUADALAJARA,835,,,,,,,,,,,,,,,
2020-01-01,3209Y,BRIHUEGA,GUADALAJARA,835,"7,0","0,0","-2,2",06:29,"16,2",14:10,,,,,,,,,
2020-01-02,3209Y,BRIHUEGA,GUADALAJARA,835,"5,6","0,0","-2,9",06:32,"14,0",14:47,,,,,,,,,
2020-01-03,3209Y,BRIHUEGA,GUADALAJARA,835,"4,6","0,0","-1,8",03:40,"11,0",14:44,,,,,,,,,
2020-01-04,3209Y,BRIHUEGA,GUADALAJARA,835,"5,3","0,0","0,2",23:42,"10,4",14:26,,,,,,,,,
2020-01-05,3209Y,BRIHUEGA,GUADALAJARA,835,"8,4","0,0","-0,8",07:31,"17,7",14:04,,,,,,,,,
2020-01-06,3209Y,BRIHUEGA,GUADALAJARA,835,"6,7","0,0","-2,1",06:45,"15,5",15:05,,,,,,,,,
2020-01-07,3209Y,BRIHUEGA,GUADALAJARA,835,"8,0","0,0","-2,0",07:10,"18,1",14:40,,,,,,,,,
2020-01-08,3209Y,BRIHUEGA,GUADALAJARA,835,"8,8","0,0","0,9",02:48,"16,8",14:02,,,,,,,,,
2020-01-09,3209Y,BRIHUEGA,GUADALAJARA,835,"6,4","0,0","-0,3",07:28,"13,0",13:42,,,,,,,,,
2020-01-10,3209Y,BRIHUEGA,GUADALAJARA,835,"4,6","0,0","-0,3",07:49,"9,6",14:38,,,,,,,,,
2020-01-11,3209Y,BRIHUEGA,GUADALAJARA,835,"4,4","0,0","-3,3",23:55,"12,1",14:37,,,,,,,,,
2020-01-12,3209Y,BRIHUEGA,GUADALAJARA,835,"3,0","0,0","-6,3",07:27,"12,4",14:24,,,,,,,,,
2020-01-13,3209Y,BRIHUEGA,GUADALAJARA,835,"1,4","0,0","-5,0",07:47,"7,9",13:53,,,,,,,,,
2020-01-14,3209Y,BRIHUEGA,GUADALAJARA,835,"1,2","0,0","-5,4",Varias,"7,9",Varias,,,,,,,,,
2020-01-15,3209Y,BRIHUEGA,GUADALAJARA,835,"3,8","0,0","1,0",06:20,"6,6",14:34,,,,,,,,,
2020-01-16,3209Y,BRIHUEGA,GUADALAJARA,835,"7,7","0,0","4,3",19:29,"11,1",15:16,,,,,,,,,
2020-01-17,3209Y,BRIHUEGA,GUADALAJARA,835,"5,1","0,0","0,4",21:23,"9,8",14:04,,,,,,,,,
2020-01-18,3209Y,BRIHUEGA,GUADALAJARA,835,"3,2","4,6","-0,6",01:34,"6,9",18:51,,,,,,,,,
2020-01-19,3209Y,BRIHUEGA,GUADALAJARA,835,"2,6","0,6","-1,1",Varias,"6,2",15:08,,,,,,,,,
2020-01-20,3209Y,BRIHUEGA,GUADALAJARA,835,"0,9","0,0","-1,9",06:52,"3,7",12:59,,,,,,,,,
2020-01-21,3209Y,BRIHUEGA,GUADALAJARA,835,"2,6","5,2","0,8",02:48,"4,4",12:37,,,,,,,,,
2020-01-22,3209Y,BRIHUEGA,GUADALAJARA,835,"5,4","0,0","1,5",23:44,"9,4",14:07,,,,,,,,,
2020-01-23,3209Y,BRIHUEGA,GUADALAJARA,835,"2,6","0,0","-1,6",07:33,"6,8",16:12,,,,,,,,,
2020-01-24,3209Y,BRIHUEGA,GUADALAJARA,835,"4,9","3,6","3,0",23:22,"6,8",14:25,,,,,,,,,
2020-01-25,3209Y,BRIHUEGA,GUADALAJARA,835,"5,8","6,6","3,7",Varias,"7,9",11:27,,,,,,,,,
2020-01-26,3209Y,BRIHUEGA,GUADALAJARA,835,"5,2","0,0","0,6",23:53,"9,7",14:48,,,,,,,,,
2020-01-27,3209Y,BRIHUEGA,GUADALAJARA,835,"3,6","0,0","0,6",00:01,"6,6",23:40,,,,,,,,,
2020-01-28,3209Y,BRIHUEGA,GUADALAJARA,835,"8,2","0,0","6,5",00:59,"10,0",15:14,,,,,,,,,
2020-01-29,3209Y,BRIHUEGA,GUADALAJARA,835,"10,4","0,0","8,0",19:19,"12,7",15:05,,,,,,,,,
2020-01-30,3209Y,BRIHUEGA,GUADALAJARA,835,"7,8","0,0","6,6",Varias,"9,0",15:41,,,,,,,,,
2020-01-31,3209Y,BRIHUEGA,GUADALAJARA,835,"9,2","0,0","6,6",00:01,"11,7",15:44,,,,,,,,,
2020-02-01,3209Y,BRIHUEGA,GUADALAJARA,835,"12,1","0,2","8,7",00:02,"15,5",15:04,,,,,,,,,
2020-02-02,3209Y,BRIHUEGA,GUADALAJARA,835,"9,6","0,2","7,5",23:49,"11,8",14:16,,,,,,,,,
2020-02-03,3209Y,BRIHUEGA,GUADALAJARA,835,"11,5","0,0","3,4",Varias,"19,6",13:37,,,,,,,,,
2020-02-04,3209Y,BRIHUEGA,GUADALAJARA,835,"10,6","0,0","2,7",07:33,"18,4",14:13,,,,,,,,,
2020-02-05,3209Y,BRIHUEGA,GUADALAJARA,835,"7,3","0,0","1,0",05:34,"13,6",15:11,,,,,,,,,
2020-02-06,3209Y,BRIHUEGA,GUADALAJARA,835,"6,4","0,0","-0,3",03:56,"13,0",14:53,,,,,,,,,
2020-02-07,3209Y,BRIHUEGA,GUADALAJARA,835,"6,3","0,0","0,2",Varias,"12,4",14:35,,,,,,,,,
2020-02-08,3209Y,BRIHUEGA,GUADALAJARA,835,"6,0","0,0","2,2",01:09,"9,9",15:01,,,,,,,,,
2020-02-09,3209Y,BRIHUEGA,GUADALAJARA,835,"7,0","0,0","4,8",04:37,"9,1",14:31,,,,,,,,,
2020-02-10,3209Y,BRIHUEGA,GUADALAJARA,835,"9,4","0,0","4,4",23:30,"14,3",15:33,,,,,,,,,
2020-02-11,3209Y,BRIHUEGA,GUADALAJARA,835,"9,8","0,0","3,7",02:48,"15,8",14:18,,,,,,,,,
2020-02-12,3209Y,BRIHUEGA,GUADALAJARA,835,"10,4","0,0","6,1",06:38,"14,8",12:43,,,,,,,,,
2020-02-13,3209Y,BRIHUEGA,GUADALAJARA,835,"8,3","0,0","4,2",23:51,"12,4",14:50,,,,,,,,,
2020-02-14,3209Y,BRIHUEGA,GUADALAJARA,835,"8,8","0,0","2,5",23:56,"15,0",15:15,,,,,,,,,
2020-02-15,3209Y,BRIHUEGA,GUADALAJARA,835,"7,4","0,0","-0,3",07:00,"15,1",14:29,,,,,,,,,
2020-02-16,3209Y,BRIHUEGA,GUADALAJARA,835,"8,6","0,0","1,4",06:15,"15,9",13:31,,,,,,,,,
2020-02-17,3209Y,BRIHUEGA,GUADALAJARA,835,"7,4","0,0","3,5",03:58,"11,2",15:48,,,,,,,,,
2020-02-18,3209Y,BRIHUEGA,GUADALAJARA,835,"6,7","0,0","0,9",06:12,"12,5",13:16,,,,,,,,,
2020-02-19,3209Y,BRIHUEGA,GUADALAJARA,835,"6,6","0,0","-1,7",06:39,"14,9",14:38,,,,,,,,,
2020-02-20,3209Y,BRIHUEGA,GUADALAJARA,835,"7,6","0,0","-2,3",06:55,"17,5",14:52,,,,,,,,,
2020-02-21,3209Y,BRIHUEGA,GUADALAJARA,835,"10,4","0,0","1,8",03:51,"18,9",15:04,,,,,,,,,
2020-02-22,3209Y,BRIHUEGA,GUADALAJARA,835,"10,8","0,0","0,8",06:50,"20,9",14:49,,,,,,,,,
2020-02-23,3209Y,BRIHUEGA,GUADALAJARA,835,"11,2","0,0","0,7",06:53,"21,7",14:49,,,,,,,,,
2020-02-24,3209Y,BRIHUEGA,GUADALAJARA,835,"11,0","0,0","1,4",05:51,"20,5",13:03,,,,,,,,,
2020-02-25,3209Y,BRIHUEGA,GUADALAJARA,835,"8,4","0,0","0,4",04:11,"16,5",13:04,,,,,,,,,
2020-02-26,3209Y,BRIHUEGA,GUADALAJARA,835,"7,5","0,0","1,9",04:57,"13,1",14:02,,,,,,,,,
2020-02-27,3209Y,BRIHUEGA,GUADALAJARA,835,"7,7","0,0","-0,9",06:54,"16,3",15:01,,,,,,,,,
2020-02-28,3209Y,BRIHUEGA,GUADALAJARA,835,"9,2","0,0","0,9",06:24,"17,6",13:39,,,,,,,,,
2020-02-29,3209Y,BRIHUEGA,GUADALAJARA,835,"8,4","0,2","5,0",00:36,"11,8",15:04,,,,,,,,,
2020-03-01,3209Y,BRIHUEGA,GUADALAJARA,835,"8,6","16,8","5,6",04:14,"11,5",16:18,,,,,,,,,
2020-03-02,3209Y,BRIHUEGA,GUADALAJARA,835,"5,8","1,4","1,9",19:45,"9,6",12:14,,,,,,,,,
2020-03-03,3209Y,BRIHUEGA,GUADALAJARA,835,"8,6","0,6","2,3",Varias,"15,0",15:22,,,,,,,,,
2020-03-04,3209Y,BRIHUEGA,GUADALAJARA,835,"11,0","0,0","6,5",22:47,"15,5",14:39,,,,,,,,,
2020-03-05,3209Y,BRIHUEGA,GUADALAJARA,835,"8,4","3,0","4,3",22:30,"12,6",13:32,,,,,,,,,
2020-03-06,3209Y,BRIHUEGA,GUADALAJARA,835,"5,2","0,0","1,4",23:26,"9,1",12:27,,,,,,,,,
2020-03-07,3209Y,BRIHUEGA,GUADALAJARA,835,"5,6","0,0","-1,2",03:08,"12,4",13:34,,,,,,,,,
2020-03-08,3209Y,BRIHUEGA,GUADALAJARA,835,"6,5","0,0","-2,0",06:19,"15,0",13:36,,,,,,,,,
2020-03-09,3209Y,BRIHUEGA,GUADALAJARA,835,"8,7","0,0","2,5",05:57,"14,9",13:36,,,,,,,,,
2020-03-10,3209Y,BRIHUEGA,GUADALAJARA,835,"11,0","0,0","2,1",05:00,"19,9",15:06,,,,,,,,,
2020-03-11,3209Y,BRIHUEGA,GUADALAJARA,835,"14,1","0,0","4,2",06:23,"24,0",14:27,,,,,,,,,
2020-03-12,3209Y,BRIHUEGA,GUADALAJARA,835,"15,6","0,0","6,7",05:20,"24,4",14:20,,,,,,,,,
2020-03-13,3209Y,BRIHUEGA,GUADALAJARA,835,"14,6","0,0","7,9",05:59,"21,3",14:27,,,,,,,,,
2020-03-14,3209Y,BRIHUEGA,GUADALAJARA,835,"12,6","0,0","5,0",04:51,"20,3",15:04,,,,,,,,,
2020-03-15,3209Y,BRIHUEGA,GUADALAJARA,835,"11,8","31,8","5,7",02:27,"18,0",13:22,,,,,,,,,
2020-03-16,3209Y,BRIHUEGA,GUADALAJARA,835,"4,6","16,8","1,4",15:55,"7,9",00:01,,,,,,,,,
2020-03-17,3209Y,BRIHUEGA,GUADALAJARA,835,"8,6","2,0","3,4",Varias,"13,7",14:04,,,,,,,,,
2020-03-18,3209Y,BRIHUEGA,GUADALAJARA,835,"11,6","0,0","6,5",05:55,"16,7",14:52,,,,,,,,,
2020-03-19,3209Y,BRIHUEGA,GUADALAJARA,835,"10,4","0,0","4,9",04:08,"15,8",14:34,,,,,,,,,
2020-03-20,3209Y,BRIHUEGA,GUADALAJARA,835,"7,2","0,0","4,2",22:49,"10,3",15:33,,,,,,,,,
2020-03-21,3209Y,BRIHUEGA,GUADALAJARA,835,"6,8","2,6","4,9",00:01,"8,6",13:14,,,,,,,,,
2020-03-22,3209Y,BRIHUEGA,GUADALAJARA,835,"7,6","1,8","4,5",03:00,"10,8",17:18,,,,,,,,,
2020-03-23,3209Y,BRIHUEGA,GUADALAJARA,835,"8,7","7,6","5,1",04:22,"12,3",14:35,,,,,,,,,
2020-03-24,3209Y,BRIHUEGA,GUADALAJARA,835,"9,0","0,0","5,1",23:19,"12,8",14:27,,,,,,,,,
2020-03-25,3209Y,BRIHUEGA,GUADALAJARA,835,"8,0","0,0","2,3",23:53,"13,7",14:51,,,,,,,,,
2020-03-26,3209Y,BRIHUEGA,GUADALAJARA,835,"5,6","0,0","-0,6",06:00,"11,8",12:43,,,,,,,,,
2020-03-27,3209Y,BRIHUEGA,GUADALAJARA,835,"4,6","2,4","-1,1",05:51,"10,3",14:31,,,,,,,,,
2020-03-28,3209Y,BRIHUEGA,GUADALAJARA,835,"6,2","0,0","-1,7",05:48,"14,0",13:50,,,,,,,,,
2020-03-29,3209Y,BRIHUEGA,GUADALAJARA,835,"8,1","0,0","-0,8",06:08,"17,0",13:04,,,,,,,,,
2020-03-30,3209Y,BRIHUEGA,GUADALAJARA,835,"2,8","1,0","-0,9",23:36,"6,4",00:01,,,,,,,,,
2020-03-31,3209Y,BRIHUEGA,GUADALAJARA,835,"3,7","25,8","-1,4",Varias,"8,8",16:09,,,,,,,,,
2020-04-01,3209Y,BRIHUEGA,GUADALAJARA,835,"7,4","0,0","3,2",23:58,"11,5",15:18,,,,,,,,,
2020-04-02,3209Y,BRIHUEGA,GUADALAJARA,835,"6,6","0,0","1,1",03:50,"12,0",12:40,,,,,,,,,
2020-04-03,3209Y,BRIHUEGA,GUADALAJARA,835,"7,0","0,0","-1,0",05:41,"15,0",13:46,,,,,,,,,
2020-04-04,3209Y,BRIHUEGA,GUADALAJARA,835,"8,3","0,0","0,3",05:05,"16,3",13:54,,,,,,,,,
2020-04-05,3209Y,BRIHUEGA,GUADALAJARA,835,"12,2","2,0","7,4",06:01,"17,1",15:16,,,,,,,,,
2020-04-06,3209Y,BRIHUEGA,GUADALAJARA,835,"12,3","15,4","9,3",06:55,"15,3",16:07,,,,,,,,,
2020-04-07,3209Y,BRIHUEGA,GUADALAJARA,835,"12,8","7,8","9,1",06:05,"16,5",14:58,,,,,,,,,
2020-04-08,3209Y,BRIHUEGA,GUADALAJARA,835,"14,0","0,0","8,2",06:10,"19,7",13:51,,,,,,,,,
2020-04-09,3209Y,BRIHUEGA,GUADALAJARA,835,"11,5","6,0","7,5",05:25,"15,5",16:00,,,,,,,,,
2020-04-10,3209Y,BRIHUEGA,GUADALAJARA,835,"9,6","4,8","7,1",Varias,"12,1",17:07,,,,,,,,,
2020-04-11,3209Y,BRIHUEGA,GUADALAJARA,835,"12,7","0,0","8,8",05:43,"16,6",14:22,,,,,,,,,
2020-04-12,3209Y,BRIHUEGA,GUADALAJARA,835,"12,2","1,2","6,7",23:45,"17,8",14:46,,,,,,,,,
2020-04-13,3209Y,BRIHUEGA,GUADALAJARA,835,"11,2","0,0","6,0",05:47,"16,5",14:47,,,,,,,,,
2020-04-14,3209Y,BRIHUEGA,GUADALAJARA,835,"10,6","0,4","6,1",04:55,"15,1",11:42,,,,,,,,,
2020-04-15,3209Y,BRIHUEGA,GUADALAJARA,835,"10,1","13,8","6,8",03:21,"13,4",14:30,,,,,,,,,
2020-04-16,3209Y,BRIHUEGA,GUADALAJARA,835,"13,4","10,4","9,0",04:49,"17,9",13:46,,,,,,,,,
2020-04-17,3209Y,BRIHUEGA,GUADALAJARA,835,"13,4","0,0","9,7",05:43,"17,1",13:34,,,,,,,,,
2020-04-18,3209Y,BRIHUEGA,GUADALAJARA,835,"13,2","12,2","7,0",03:36,"19,3",14:11,,,,,,,,,
2020-04-19,3209Y,BRIHUEGA,GUADALAJARA,835,"11,6","1,2","7,2",23:58,"16,0",14:02,,,,,,,,,
2020-04-20,3209Y,BRIHUEGA,GUADALAJARA,835,"10,4","0,0","3,9",04:31,"17,0",13:47,,,,,,,,,
2020-04-21,3209Y,BRIHUEGA,GUADALAJARA,835,"8,0","2,8","5,5",02:01,"10,5",13:25,,,,,,,,,
2020-04-22,3209Y,BRIHUEGA,GUADALAJARA,835,"11,2","0,0","5,8",Varias,"16,5",14:29,,,,,,,,,
2020-04-23,3209Y,BRIHUEGA,GUADALAJARA,835,"13,6","0,0","9,7",02:09,"17,4",13:46,,,,,,,,,
2020-04-24,3209Y,BRIHUEGA,GUADALAJARA,835,"15,4","0,0","10,2",05:18,"20,7",15:11,,,,,,,,,
2020-04-25,3209Y,BRIHUEGA,GUADALAJARA,835,"14,2","0,0","7,3",05:37,"21,1",12:20,,,,,,,,,
2020-04-26,3209Y,BRIHUEGA,GUADALAJARA,835,"13,0","0,0","8,1",01:55,"17,8",12:36,,,,,,,,,
2020-04-27,3209Y,BRIHUEGA,GUADALAJARA,835,"10,5","0,4","6,1",23:57,"14,9",13:46,,,,,,,,,
2020-04-28,3209Y,BRIHUEGA,GUADALAJARA,835,"9,2","1,6","3,8",24:00,"14,5",13:38,,,,,,,,,
2020-04-29,3209Y,BRIHUEGA,GUADALAJARA,835,"9,5","0,2","2,1",05:27,"16,9",14:55,,,,,,,,,
2020-04-30,3209Y,BRIHUEGA,GUADALAJARA,835,"12,4","0,0","8,6",05:39,"16,2",14:49,,,,,,,,,
2020-05-01,3209Y,BRIHUEGA,GUADALAJARA,835,"13,8","0,0","8,0",02:41,"19,7",15:29,,,,,,,,,
2020-05-02,3209Y,BRIHUEGA,GUADALAJARA,835,"16,0","0,0","9,0",01:58,"23,0",15:38,,,,,,,,,
2020-05-03,3209Y,BRIHUEGA,GUADALAJARA,835,"16,8","0,0","8,1",05:08,"25,5",16:00,,,,,,,,,
2020-05-04,3209Y,BRIHUEGA,GUADALAJARA,835,"19,6","0,0","11,4",05:09,"27,8",14:31,,,,,,,,,
2020-05-05,3209Y,BRIHUEGA,GUADALAJARA,835,"14,6","0,0","7,3",23:55,"21,8",14:56,,,,,,,,,
2020-05-06,3209Y,BRIHUEGA,GUADALAJARA,835,"13,9","0,0","4,4",05:02,"23,4",14:43,,,,,,,,,
2020-05-07,3209Y,BRIHUEGA,GUADALAJARA,835,"17,0","0,0","9,9",00:01,"24,1",11:23,,,,,,,,,
2020-05-08,3209Y,BRIHUEGA,GUADALAJARA,835,"17,3","0,4","9,4",05:34,"25,2",14:46,,,,,,,,,
2020-05-09,3209Y,BRIHUEGA,GUADALAJARA,835,"15,8","1,0","10,1",05:00,"21,6",15:08,,,,,,,,,
2020-05-10,3209Y,BRIHUEGA,GUADALAJARA,835,"12,6","2,2","8,1",22:49,"17,1",15:42,,,,,,,,,
2020-05-11,3209Y,BRIHUEGA,GUADALAJARA,835,"11,4","0,0","5,4",04:25,"17,4",13:21,,,,,,,,,
2020-05-12,3209Y,BRIHUEGA,GUADALAJARA,835,"10,8","20,2","7,4",00:15,"14,1",11:15,,,,,,,,,
2020-05-13,3209Y,BRIHUEGA,GUADALAJARA,835,"11,2","0,0","7,5",03:25,"15,0",14:56,,,,,,,,,
2020-05-14,3209Y,BRIHUEGA,GUADALAJARA,835,"9,2","1,6","7,3",01:30,"11,2",17:42,,,,,,,,,
2020-05-15,3209Y,BRIHUEGA,GUADALAJARA,835,"11,8","9,8","6,7",04:43,"16,8",12:48,,,,,,,,,
2020-05-16,3209Y,BRIHUEGA,GUADALAJARA,835,"11,7","0,2","6,9",24:00,"16,5",16:13,,,,,,,,,
2020-05-17,3209Y,BRIHUEGA,GUADALAJARA,835,"12,6","0,0","4,7",05:03,"20,6",15:04,,,,,,,,,
2020-05-18,3209Y,BRIHUEGA,GUADALAJARA,835,"15,2","0,0","5,7",05:00,"24,7",15:14,,,,,,,,,
2020-05-19,3209Y,BRIHUEGA,GUADALAJARA,835,"16,6","0,0","7,3",05:08,"26,0",16:27,,,,,,,,,
2020-05-20,3209Y,BRIHUEGA,GUADALAJARA,835,"17,9","0,0","8,4",05:06,"27,4",15:10,,,,,,,,,
2020-05-21,3209Y,BRIHUEGA,GUADALAJARA,835,"19,0","0,0","10,0",05:28,"28,0",15:31,,,,,,,,,
2020-05-22,3209Y,BRIHUEGA,GUADALAJARA,835,"19,6","0,0","10,5",04:44,"28,8",13:58,,,,,,,,,
2020-05-23,3209Y,BRIHUEGA,GUADALAJARA,835,"21,3","0,0","13,2",04:52,"29,4",Varias,,,,,,,,,
2020-05-24,3209Y,BRIHUEGA,GUADALAJARA,835,"19,6","0,0","11,5",04:47,"27,8",16:00,,,,,,,,,
2020-05-25,3209Y,BRIHUEGA,GUADALAJARA,835,"19,0","11,2","12,6",23:56,"25,3",11:15,,,,,,,,,
2020-05-26,3209Y,BRIHUEGA,GUADALAJARA,835,"17,4","1,0","12,0",00:41,"22,9",17:11,,,,,,,,,
2020-05-27,3209Y,BRIHUEGA,GUADALAJARA,835,"19,3","1,6","11,6",04:57,"27,0",16:20,,,,,,,,,
2020-05-28,3209Y,BRIHUEGA,GUADALAJARA,835,"17,8","0,0","9,2",05:11,"26,3",15:47,,,,,,,,,
2020-05-29,3209Y,BRIHUEGA,GUADALAJARA,835,"18,8","0,0","9,5",04:56,"28,2",15:38,,,,,,,,,
2020-05-30,3209Y,BRIHUEGA,GUADALAJARA,835,"20,2","0,2","11,8",05:13,"28,7",15:41,,,,,,,,,
2020-05-31,3209Y,BRIHUEGA,GUADALAJARA,835,"20,5","15,2","12,5",04:58,"28,5",14:32,,,,,,,,,
2020-06-01,3209Y,BRIHUEGA,GUADALAJARA,835,"18,4","0,0","11,5",04:31,"25,3",16:44,,,,,,,,,
2020-06-02,3209Y,BRIHUEGA,GUADALAJARA,835,"19,4","0,0","12,7",23:51,"26,1",16:40,,,,,,,,,
2020-06-03,3209Y,BRIHUEGA,GUADALAJARA,835,"17,6","19,4","10,1",04:52,"25,1",15:14,,,,,,,,,
2020-06-04,3209Y,BRIHUEGA,GUADALAJARA,835,"14,6","0,2","8,6",23:58,"20,7",13:51,,,,,,,,,
2020-06-05,3209Y,BRIHUEGA,GUADALAJARA,835,"14,8","0,0","5,7",04:41,"23,8",16:00,,,,,,,,,
2020-06-06,3209Y,BRIHUEGA,GUADALAJARA,835,"16,7","0,0","9,2",04:45,"24,2",15:48,,,,,,,,,
2020-06-07,3209Y,BRIHUEGA,GUADALAJARA,835,"14,2","14,6","7,7",23:52,"20,7",12:27,,,,,,,,,
2020-06-08,3209Y,BRIHUEGA,GUADALAJARA,835,"12,0","0,0","5,1",05:05,"19,0",14:45,,,,,,,,,
2020-06-09,3209Y,BRIHUEGA,GUADALAJARA,835,"12,2","0,0","4,8",04:46,"19,7",15:14,,,,,,,,,
2020-06-10,3209Y,BRIHUEGA,GUADALAJARA,835,"13,8","0,0","6,4",04:00,"21,2",13:04,,,,,,,,,
2020-06-11,3209Y,BRIHUEGA,GUADALAJARA,835,"15,0","2,8","7,9",04:39,"22,0",13:35,,,,,,,,,
2020-06-12,3209Y,BRIHUEGA,GUADALAJARA,835,"11,2","0,2","5,7",04:49,"16,7",16:38,,,,,,,,,
2020-06-13,3209Y,BRIHUEGA,GUADALAJARA,835,"13,2","0,0","6,0",05:28,"20,4",15:50,,,,,,,,,
2020-06-14,3209Y,BRIHUEGA,GUADALAJARA,835,"15,2","0,0","7,6",04:57,"22,9",16:31,,,,,,,,,
2020-06-15,3209Y,BRIHUEGA,GUADALAJARA,835,"18,1","0,0","11,4",03:25,"24,8",14:51,,,,,,,,,
2020-06-16,3209Y,BRIHUEGA,GUADALAJARA,835,"17,8","0,0","12,2",22:45,"23,3",16:04,,,,,,,,,
2020-06-17,3209Y,BRIHUEGA,GUADALAJARA,835,"15,7","0,0","9,6",05:47,"21,8",16:29,,,,,,,,,
2020-06-18,3209Y,BRIHUEGA,GUADALAJARA,835,"17,4","0,0","8,8",04:59,"26,0",15:50,,,,,,,,,
2020-06-19,3209Y,BRIHUEGA,GUADALAJARA,835,"18,9","0,0","10,8",Varias,"27,0",14:02,,,,,,,,,
2020-06-20,3209Y,BRIHUEGA,GUADALAJARA,835,"19,9","0,0","10,6",04:40,"29,2",16:13,,,,,,,,,
2020-06-21,3209Y,BRIHUEGA,GUADALAJARA,835,"22,7","0,0","14,1",04:29,"31,3",14:13,,,,,,,,,
2020-06-22,3209Y,BRIHUEGA,GUADALAJARA,835,"22,0","0,0","12,6",05:17,"31,5",16:50,,,,,,,,,
2020-06-23,3209Y,BRIHUEGA,GUADALAJARA,835,"23,6","0,0","13,9",05:15,"33,4",14:26,,,,,,,,,
2020-06-24,3209Y,BRIHUEGA,GUADALAJARA,835,"23,0","5,8","17,2",11:56,"28,8",17:08,,,,,,,,,
2020-06-25,3209Y,BRIHUEGA,GUADALAJARA,835,"23,8","1,8","15,3",02:18,"32,3",15:02,,,,,,,,,
2020-06-26,3209Y,BRIHUEGA,GUADALAJARA,835,"21,6","0,0","14,2",24:00,"29,1",15:09,,,,,,,,,
2020-06-27,3209Y,BRIHUEGA,GUADALAJARA,835,"21,0","0,0","12,0",04:35,"29,9",15:53,,,,,,,,,
2020-06-28,3209Y,BRIHUEGA,GUADALAJARA,835,"23,2","0,0","14,5",05:13,"31,9",15:40,,,,,,,,,
2020-06-29,3209Y,BRIHUEGA,GUADALAJARA,835,"24,6","0,0","15,8",05:16,"33,5",14:42,,,,,,,,,
2020-06-30,3209Y,BRIHUEGA,GUADALAJARA,835,"25,4","0,0","16,2",05:46,"34,6",16:29,,,,,,,,,
2020-07-01,3209Y,BRIHUEGA,GUADALAJARA,835,"24,2","0,0","16,1",04:59,"32,3",15:16,,,,,,,,,
2020-07-02,3209Y,BRIHUEGA,GUADALAJARA,835,"22,5","0,0","14,5",04:24,"30,5",15:18,,,,,,,,,
2020-07-03,3209Y,BRIHUEGA,GUADALAJARA,835,"20,7","0,0","11,8",05:09,"29,6",16:08,,,,,,,,,
2020-07-04,3209Y,BRIHUEGA,GUADALAJARA,835,"21,7","0,0","11,8",05:19,"31,6",14:03,,,,,,,,,
2020-07-05,3209Y,BRIHUEGA,GUADALAJARA,835,"22,8","0,0","11,8",04:39,"33,7",13:40,,,,,,,,,
2020-07-06,3209Y,BRIHUEGA,GUADALAJARA,835,"24,8","0,0","15,6",05:04,"33,9",15:06,,,,,,,,,
2020-07-07,3209Y,BRIHUEGA,GUADALAJARA,835,"25,1","0,0","14,9",05:03,"35,3",13:45,,,,,,,,,
2020-07-08,3209Y,BRIHUEGA,GUADALAJARA,835,"25,8","1,8","17,7",02:45,"33,8",12:46,,,,,,,,,
2020-07-09,3209Y,BRIHUEGA,GUADALAJARA,835,"22,0","9,2","13,9",23:58,"30,1",12:23,,,,,,,,,
2020-07-10,3209Y,BRIHUEGA,GUADALAJARA,835,"21,5","0,0","12,7",00:55,"30,3",15:47,,,,,,,,,
2020-07-11,3209Y,BRIHUEGA,GUADALAJARA,835,"23,7","0,0","14,8",04:52,"32,6",15:13,,,,,,,,,
2020-07-12,3209Y,BRIHUEGA,GUADALAJARA,835,"22,4","5,4","14,1",23:52,"30,7",14:13,,,,,,,,,
2020-07-13,3209Y,BRIHUEGA,GUADALAJARA,835,"22,2","0,0","13,4",04:35,"30,9",16:09,,,,,,,,,
2020-07-14,3209Y,BRIHUEGA,GUADALAJARA,835,"21,6","0,0","13,4",Varias,"29,9",14:46,,,,,,,,,
2020-07-15,3209Y,BRIHUEGA,GUADALAJARA,835,"20,6","0,0","11,6",03:49,"29,6",16:13,,,,,,,,,
2020-07-16,3209Y,BRIHUEGA,GUADALAJARA,835,"22,9","0,0","13,3",05:03,"32,5",15:58,,,,,,,,,
2020-07-17,3209Y,BRIHUEGA,GUADALAJARA,835,"22,8","0,0","14,0",05:21,"31,5",14:58,,,,,,,,,
2020-07-18,3209Y,BRIHUEGA,GUADALAJARA,835,"23,2","0,0","13,1",05:10,"33,2",17:14,,,,,,,,,
2020-07-19,3209Y,BRIHUEGA,GUADALAJARA,835,"25,2","0,0","15,2",05:05,"35,1",15:36,,,,,,,,,
2020-07-20,3209Y,BRIHUEGA,GUADALAJARA,835,"24,6","0,0","14,9",05:05,"34,4",15:44,,,,,,,,,
2020-07-21,3209Y,BRIHUEGA,GUADALAJARA,835,"25,6","1,0","16,9",05:01,"34,2",13:10,,,,,,,,,
2020-07-22,3209Y,BRIHUEGA,GUADALAJARA,835,"23,2","0,0","15,1",04:26,"31,2",15:53,,,,,,,,,
2020-07-23,3209Y,BRIHUEGA,GUADALAJARA,835,"24,2","0,0","14,2",04:49,"34,3",14:27,,,,,,,,,
2020-07-24,3209Y,BRIHUEGA,GUADALAJARA,835,"25,7","0,0","17,4",05:28,"34,0",13:26,,,,,,,,,
2020-07-25,3209Y,BRIHUEGA,GUADALAJARA,835,"24,8","0,0","15,4",05:47,"34,2",13:51,,,,,,,,,
2020-07-26,3209Y,BRIHUEGA,GUADALAJARA,835,"26,2","0,0","16,0",05:29,"36,3",14:44,,,,,,,,,
2020-07-27,3209Y,BRIHUEGA,GUADALAJARA,835,"27,8","0,0","18,5",03:59,"37,1",15:52,,,,,,,,,
2020-07-28,3209Y,BRIHUEGA,GUADALAJARA,835,"26,8","0,0","20,2",06:00,"33,4",14:30,,,,,,,,,
2020-07-29,3209Y,BRIHUEGA,GUADALAJARA,835,"26,4","0,0","17,6",05:17,"35,1",14:22,,,,,,,,,
2020-07-30,3209Y,BRIHUEGA,GUADALAJARA,835,"27,5","0,8","17,8",04:42,"37,2",15:05,,,,,,,,,
2020-07-31,3209Y,BRIHUEGA,GUADALAJARA,835,"26,4","0,0","16,7",05:28,"36,2",15:58,,,,,,,,,
2020-08-01,3209Y,BRIHUEGA,GUADALAJARA,835,"25,9","0,0","16,2",04:33,"35,6",13:50,,,,,,,,,
2020-08-02,3209Y,BRIHUEGA,GUADALAJARA,835,"24,4","0,0","15,1",05:59,"33,6",15:04,,,,,,,,,
2020-08-03,3209Y,BRIHUEGA,GUADALAJARA,835,"22,2","0,0","14,1",05:21,"30,2",15:40,,,,,,,,,
2020-08-04,3209Y,BRIHUEGA,GUADALAJARA,835,"21,2","0,0","11,7",04:58,"30,7",16:18,,,,,,,,,
2020-08-05,3209Y,BRIHUEGA,GUADALAJARA,835,"23,0","0,0","12,9",05:30,"33,1",16:02,,,,,,,,,
2020-08-06,3209Y,BRIHUEGA,GUADALAJARA,835,"26,2","0,0","17,4",05:40,"35,1",16:09,,,,,,,,,
2020-08-07,3209Y,BRIHUEGA,GUADALAJARA,835,"27,4","0,0","18,4",04:50,"36,3",15:22,,,,,,,,,
2020-08-08,3209Y,BRIHUEGA,GUADALAJARA,835,"26,2","0,0","17,8",05:21,"34,5",11:37,,,,,,,,,
2020-08-09,3209Y,BRIHUEGA,GUADALAJARA,835,"26,6","0,0","17,5",05:30,"35,8",14:21,,,,,,,,,
2020-08-10,3209Y,BRIHUEGA,GUADALAJARA,835,"24,4","0,2","19,7",05:37,"29,2",15:40,,,,,,,,,
2020-08-11,3209Y,BRIHUEGA,GUADALAJARA,835,"20,6","18,4","13,4",20:29,"27,8",10:28,,,,,,,,,
2020-08-12,3209Y,BRIHUEGA,GUADALAJARA,835,"18,3","0,0","10,7",05:40,"25,9",16:18,,,,,,,,,
2020-08-13,3209Y,BRIHUEGA,GUADALAJARA,835,"19,9","0,0","11,8",05:18,"28,0",16:07,,,,,,,,,
2020-08-14,3209Y,BRIHUEGA,GUADALAJARA,835,"21,6","0,0","13,0",05:28,"30,3",Varias,,,,,,,,,
2020-08-15,3209Y,BRIHUEGA,GUADALAJARA,835,"21,2","0,0","14,3",22:34,"28,1",13:06,,,,,,,,,
2020-08-16,3209Y,BRIHUEGA,GUADALAJARA,835,"18,2","0,0","9,9",04:57,"26,5",14:13,,,,,,,,,
2020-08-17,3209Y,BRIHUEGA,GUADALAJARA,835,"18,4","0,0","10,4",05:22,"26,5",13:59,,,,,,,,,
2020-08-18,3209Y,BRIHUEGA,GUADALAJARA,835,"21,2","0,0","14,0",03:40,"28,4",15:35,,,,,,,,,
2020-08-19,3209Y,BRIHUEGA,GUADALAJARA,835,"22,0","0,0","13,3",05:21,"30,8",15:12,,,,,,,,,
2020-08-20,3209Y,BRIHUEGA,GUADALAJARA,835,"22,4","0,0","12,7",05:26,"32,2",15:04,,,,,,,,,
2020-08-21,3209Y,BRIHUEGA,GUADALAJARA,835,"22,6","0,0","14,4",05:30,"30,7",15:01,,,,,,,,,
2020-08-22,3209Y,BRIHUEGA,GUADALAJARA,835,"24,2","0,0","17,0",05:15,"31,5",13:38,,,,,,,,,
2020-08-23,3209Y,BRIHUEGA,GUADALAJARA,835,"22,6","0,0","14,0",05:35,"31,2",14:31,,,,,,,,,
2020-08-24,3209Y,BRIHUEGA,GUADALAJARA,835,"22,9","0,0","14,9",03:41,"30,9",14:55,,,,,,,,,
2020-08-25,3209Y,BRIHUEGA,GUADALAJARA,835,"25,0","0,0","15,8",02:44,"34,1",14:14,,,,,,,,,
2020-08-26,3209Y,BRIHUEGA,GUADALAJARA,835,"25,1","0,0","15,0",Varias,"35,2",13:28,,,,,,,,,
2020-08-27,3209Y,BRIHUEGA,GUADALAJARA,835,"25,2","0,0","15,4",05:45,"35,1",13:28,,,,,,,,,
2020-08-28,3209Y,BRIHUEGA,GUADALAJARA,835,"22,7","0,0","13,7",24:00,"31,7",12:55,,,,,,,,,
2020-08-29,3209Y,BRIHUEGA,GUADALAJARA,835,"15,2","0,0","8,6",23:32,"21,9",12:58,,,,,,,,,
2020-08-30,3209Y,BRIHUEGA,GUADALAJARA,835,"12,9","0,0","5,0",04:54,"20,8",14:14,,,,,,,,,
2020-08-31,3209Y,BRIHUEGA,GUADALAJARA,835,"14,6","0,0","5,7",05:55,"23,6",14:53,,,,,,,,,
2020-09-01,3209Y,BRIHUEGA,GUADALAJARA,835,"17,4","0,0","9,5",01:46,"25,3",14:11,,,,,,,,,
2020-09-02,3209Y,BRIHUEGA,GUADALAJARA,835,"18,4","0,0","9,6",06:10,"27,1",14:05,,,,,,,,,
2020-09-03,3209Y,BRIHUEGA,GUADALAJARA,835,"19,7","0,0","9,8",05:37,"29,6",13:25,,,,,,,,,
2020-09-04,3209Y,BRIHUEGA,GUADALAJARA,835,"21,4","0,0","12,4",06:13,"30,4",13:56,,,,,,,,,
2020-09-05,3209Y,BRIHUEGA,GUADALAJARA,835,"22,4","0,0","11,9",05:28,"32,8",14:12,,,,,,,,,
2020-09-06,3209Y,BRIHUEGA,GUADALAJARA,835,"21,6","0,6","12,3",05:57,"30,9",13:54,,,,,,,,,
2020-09-07,3209Y,BRIHUEGA,GUADALAJARA,835,"16,6","0,0","9,8",04:52,"23,3",14:28,,,,,,,,,
2020-09-08,3209Y,BRIHUEGA,GUADALAJARA,835,"15,6","0,0","6,3",05:39,"24,8",13:51,,,,,,,,,
2020-09-09,3209Y,BRIHUEGA,GUADALAJARA,835,"17,7","0,0","8,7",06:16,"26,7",12:45,,,,,,,,,
2020-09-10,3209Y,BRIHUEGA,GUADALAJARA,835,"20,2","0,0","12,5",05:19,"28,0",14:36,,,,,,,,,
2020-09-11,3209Y,BRIHUEGA,GUADALAJARA,835,"20,9","0,0","11,9",06:17,"29,9",13:00,,,,,,,,,
2020-09-12,3209Y,BRIHUEGA,GUADALAJARA,835,"21,4","0,0","12,2",05:52,"30,6",13:45,,,,,,,,,
2020-09-13,3209Y,BRIHUEGA,GUADALAJARA,835,"22,0","0,0","13,6",06:03,"30,4",Varias,,,,,,,,,
2020-09-14,3209Y,BRIHUEGA,GUADALAJARA,835,"21,0","1,2","14,8",02:42,"27,3",14:49,,,,,,,,,
2020-09-15,3209Y,BRIHUEGA,GUADALAJARA,835,"21,0","0,2","14,7",23:58,"27,2",14:09,,,,,,,,,
2020-09-16,3209Y,BRIHUEGA,GUADALAJARA,835,"21,5","0,0","13,7",06:01,"29,3",13:39,,,,,,,,,
2020-09-17,3209Y,BRIHUEGA,GUADALAJARA,835,"21,1","7,0","16,2",23:39,"26,0",13:00,,,,,,,,,
2020-09-18,3209Y,BRIHUEGA,GUADALAJARA,835,"16,4","15,0","12,2",19:26,"20,7",14:53,,,,,,,,,
2020-09-19,3209Y,BRIHUEGA,GUADALAJARA,835,"13,9","0,4","11,8",01:40,"16,0",16:39,,,,,,,,,
2020-09-20,3209Y,BRIHUEGA,GUADALAJARA,835,"17,0","0,2","13,5",23:58,"20,4",14:03,,,,,,,,,
2020-09-21,3209Y,BRIHUEGA,GUADALAJARA,835,"16,2","0,0","9,8",06:04,"22,5",14:20,,,,,,,,,
2020-09-22,3209Y,BRIHUEGA,GUADALAJARA,835,"15,6","0,0","8,7",06:12,"22,6",14:20,,,,,,,,,
2020-09-23,3209Y,BRIHUEGA,GUADALAJARA,835,"15,6","4,4","10,2",03:05,"21,0",13:37,,,,,,,,,
2020-09-24,3209Y,BRIHUEGA,GUADALAJARA,835,"14,6","9,2","8,8",23:41,"20,5",15:27,,,,,,,,,
2020-09-25,3209Y,BRIHUEGA,GUADALAJARA,835,"12,4","0,0","8,3",23:59,"16,6",13:28,,,,,,,,,
2020-09-26,3209Y,BRIHUEGA,GUADALAJARA,835,"10,8","0,0","3,8",05:18,"17,9",13:00,,,,,,,,,
2020-09-27,3209Y,BRIHUEGA,GUADALAJARA,835,"12,2","0,0","5,6",23:43,"18,7",14:09,,,,,,,,,
2020-09-28,3209Y,BRIHUEGA,GUADALAJARA,835,"13,0","0,0","3,3",06:13,"22,7",14:09,,,,,,,,,
2020-09-29,3209Y,BRIHUEGA,GUADALAJARA,835,"15,6","0,0","7,4",Varias,"23,9",13:46,,,,,,,,,
2020-09-30,3209Y,BRIHUEGA,GUADALAJARA,835,"15,6","0,0","6,2",06:08,"25,1",14:17,,,,,,,,,
2020-10-01,3209Y,BRIHUEGA,GUADALAJARA,835,"14,2","0,0","7,4",06:14,"21,1",14:00,,,,,,,,,
2020-10-02,3209Y,BRIHUEGA,GUADALAJARA,835,"9,2","21,2","5,5",21:08,"13,0",00:01,,,,,,,,,
2020-10-03,3209Y,BRIHUEGA,GUADALAJARA,835,"9,4","0,0","4,0",Varias,"14,8",14:22,,,,,,,,,
2020-10-04,3209Y,BRIHUEGA,GUADALAJARA,835,"9,6","0,4","3,1",04:08,"16,2",13:49,,,,,,,,,
2020-10-05,3209Y,BRIHUEGA,GUADALAJARA,835,"11,0","0,0","5,4",04:42,"16,7",13:39,,,,,,,,,
2020-10-06,3209Y,BRIHUEGA,GUADALAJARA,835,"13,1","0,0","4,6",05:37,"21,6",13:54,,,,,,,,,
2020-10-07,3209Y,BRIHUEGA,GUADALAJARA,835,"16,1","0,0","8,1",05:09,"24,1",13:57,,,,,,,,,
2020-10-08,3209Y,BRIHUEGA,GUADALAJARA,835,"16,6","0,0","8,9",05:36,"24,3",13:47,,,,,,,,,
2020-10-09,3209Y,BRIHUEGA,GUADALAJARA,835,"16,8","0,0","8,2",06:26,"25,4",13:55,,,,,,,,,
2020-10-10,3209Y,BRIHUEGA,GUADALAJARA,835,"14,6","0,0","7,7",23:44,"21,6",13:50,,,,,,,,,
2020-10-11,3209Y,BRIHUEGA,GUADALAJARA,835,"10,1","0,0","4,5",06:40,"15,7",13:48,,,,,,,,,
2020-10-12,3209Y,BRIHUEGA,GUADALAJARA,835,"8,9","0,0","1,7",05:15,"16,1",13:53,,,,,,,,,
2020-10-13,3209Y,BRIHUEGA,GUADALAJARA,835,"11,4","0,0","3,6",06:10,"19,3",14:11,,,,,,,,,
2020-10-14,3209Y,BRIHUEGA,GUADALAJARA,835,"9,0","0,0","3,4",23:09,"14,6",13:15,,,,,,,,,
2020-10-15,3209Y,BRIHUEGA,GUADALAJARA,835,"7,4","0,0","1,3",24:00,"13,5",12:46,,,,,,,,,
2020-10-16,3209Y,BRIHUEGA,GUADALAJARA,835,"6,2","0,0","-1,3",04:42,"13,8",13:24,,,,,,,,,
2020-10-17,3209Y,BRIHUEGA,GUADALAJARA,835,"8,2","0,0","-0,7",06:21,"17,0",14:15,,,,,,,,,
2020-10-18,3209Y,BRIHUEGA,GUADALAJARA,835,"11,0","0,0","1,8",06:27,"20,3",13:25,,,,,,,,,
2020-10-19,3209Y,BRIHUEGA,GUADALAJARA,835,"13,6","2,2","4,9",03:20,"22,2",14:29,,,,,,,,,
2020-10-20,3209Y,BRIHUEGA,GUADALAJARA,835,"14,9","19,4","11,1",Varias,"18,7",16:11,,,,,,,,,
2020-10-21,3209Y,BRIHUEGA,GUADALAJARA,835,"11,6","5,2","8,8",22:00,"14,5",15:48,,,,,,,,,
2020-10-22,3209Y,BRIHUEGA,GUADALAJARA,835,"12,0","2,2","9,9",00:01,"14,2",11:59,,,,,,,,,
2020-10-23,3209Y,BRIHUEGA,GUADALAJARA,835,"8,9","0,8","4,7",Varias,"13,1",12:55,,,,,,,,,
2020-10-24,3209Y,BRIHUEGA,GUADALAJARA,835,"8,2","0,0","4,1",01:26,"12,3",13:59,,,,,,,,,
2020-10-25,3209Y,BRIHUEGA,GUADALAJARA,835,"8,8","9,8","5,6",23:59,"12,0",13:45,,,,,,,,,
2020-10-26,3209Y,BRIHUEGA,GUADALAJARA,835,"6,4","0,0","1,9",04:23,"10,8",13:48,,,,,,,,,
2020-10-27,3209Y,BRIHUEGA,GUADALAJARA,835,"7,1","0,0","0,9",06:39,"13,3",14:37,,,,,,,,,
2020-10-28,3209Y,BRIHUEGA,GUADALAJARA,835,"8,0","0,2","4,6",02:13,"11,3",16:00,,,,,,,,,
2020-10-29,3209Y,BRIHUEGA,GUADALAJARA,835,"9,8","0,0","3,8",23:39,"15,7",14:49,,,,,,,,,
2020-10-30,3209Y,BRIHUEGA,GUADALAJARA,835,"10,2","0,0","0,9",06:35,"19,5",14:11,,,,,,,,,
2020-10-31,3209Y,BRIHUEGA,GUADALAJARA,835,"13,2","0,0","4,3",06:33,"22,0",14:06,,,,,,,,,
2020-11-01,3209Y,BRIHUEGA,GUADALAJARA,835,"13,0","0,0","5,1",06:38,"20,9",14:01,,,,,,,,,
2020-11-02,3209Y,BRIHUEGA,GUADALAJARA,835,"13,4","0,0","5,9",06:22,"21,0",14:28,,,,,,,,,
2020-11-03,3209Y,BRIHUEGA,GUADALAJARA,835,"10,6","4,2","6,7",23:43,"14,4",11:51,,,,,,,,,
2020-11-04,3209Y,BRIHUEGA,GUADALAJARA,835,"7,3","0,2","4,9",06:56,"9,7",11:55,,,,,,,,,
2020-11-05,3209Y,BRIHUEGA,GUADALAJARA,835,"10,2","14,2","7,1",00:01,"13,4",12:53,,,,,,,,,
2020-11-06,3209Y,BRIHUEGA,GUADALAJARA,835,"13,9","15,8","8,6",02:56,"19,2",12:01,,,,,,,,,
2020-11-07,3209Y,BRIHUEGA,GUADALAJARA,835,"9,4","0,4","4,9",23:47,"14,0",00:01,,,,,,,,,
2020-11-08,3209Y,BRIHUEGA,GUADALAJARA,835,"9,0","4,6","4,4",06:58,"13,5",13:38,,,,,,,,,
2020-11-09,3209Y,BRIHUEGA,GUADALAJARA,835,"9,2","0,2","4,7",23:57,"13,7",14:15,,,,,,,,,
2020-11-10,3209Y,BRIHUEGA,GUADALAJARA,835,"9,2","0,0","2,6",06:05,"15,9",14:18,,,,,,,,,
2020-11-11,3209Y,BRIHUEGA,GUADALAJARA,835,"9,0","0,0","2,3",04:37,"15,6",13:57,,,,,,,,,
2020-11-12,3209Y,BRIHUEGA,GUADALAJARA,835,"10,0","0,0","3,9",05:15,"16,0",14:31,,,,,,,,,
2020-11-13,3209Y,BRIHUEGA,GUADALAJARA,835,"9,8","0,0","4,6",07:09,"14,9",13:34,,,,,,,,,
2020-11-14,3209Y,BRIHUEGA,GUADALAJARA,835,"9,1","1,2","6,6",01:57,"11,6",14:33,,,,,,,,,
2020-11-15,3209Y,BRIHUEGA,GUADALAJARA,835,"12,0","0,4","10,4",Varias,"13,5",15:03,,,,,,,,,
2020-11-16,3209Y,BRIHUEGA,GUADALAJARA,835,"12,0","0,0","6,6",23:53,"17,5",13:10,,,,,,,,,
2020-11-17,3209Y,BRIHUEGA,GUADALAJARA,835,"11,0","0,2","3,8",06:40,"18,3",14:08,,,,,,,,,
2020-11-18,3209Y,BRIHUEGA,GUADALAJARA,835,"13,2","0,0","6,0",00:03,"20,3",14:27,,,,,,,,,
2020-11-19,3209Y,BRIHUEGA,GUADALAJARA,835,"12,7","0,0","6,3",23:58,"19,1",14:23,,,,,,,,,
2020-11-20,3209Y,BRIHUEGA,GUADALAJARA,835,"9,2","0,0","4,0",06:44,"14,5",13:16,,,,,,,,,
2020-11-21,3209Y,BRIHUEGA,GUADALAJARA,835,"8,0","0,0","0,7",23:52,"15,4",14:32,,,,,,,,,
2020-11-22,3209Y,BRIHUEGA,GUADALAJARA,835,"7,3","0,0","-1,5",06:50,"16,1",14:12,,,,,,,,,
2020-11-23,3209Y,BRIHUEGA,GUADALAJARA,835,"9,2","0,0","1,2",06:42,"17,2",14:00,,,,,,,,,
2020-11-24,3209Y,BRIHUEGA,GUADALAJARA,835,"5,8","0,0","-1,6",06:52,"13,2",14:13,,,,,,,,,
2020-11-25,3209Y,BRIHUEGA,GUADALAJARA,835,"5,4","0,0","-0,1",01:02,"10,8",13:31,,,,,,,,,
2020-11-26,3209Y,BRIHUEGA,GUADALAJARA,835,"9,2","0,0","6,3",22:04,"12,0",15:51,,,,,,,,,
2020-11-27,3209Y,BRIHUEGA,GUADALAJARA,835,"8,8","3,2","6,9",22:54,"10,8",12:22,,,,,,,,,
2020-11-28,3209Y,BRIHUEGA,GUADALAJARA,835,"8,6","0,4","5,3",24:00,"11,9",11:52,,,,,,,,,
2020-11-29,3209Y,BRIHUEGA,GUADALAJARA,835,"6,3","0,0","1,7",Varias,"10,9",15:00,,,,,,,,,
2020-11-30,3209Y,BRIHUEGA,GUADALAJARA,835,"7,0","0,0","0,6",04:45,"13,5",12:43,,,,,,,,,
2020-12-01,3209Y,BRIHUEGA,GUADALAJARA,835,"7,2","0,0","0,0",07:27,"14,3",14:37,,,,,,,,,
2020-12-02,3209Y,BRIHUEGA,GUADALAJARA,835,"3,0","0,0","-2,4",23:29,"8,3",14:31,,,,,,,,,
2020-12-03,3209Y,BRIHUEGA,GUADALAJARA,835,"1,6","10,8","-4,5",04:05,"7,7",14:08,,,,,,,,,
2020-12-04,3209Y,BRIHUEGA,GUADALAJARA,835,"3,0","0,4","-0,2",19:46,"6,3",13:09,,,,,,,,,
2020-12-05,3209Y,BRIHUEGA,GUADALAJARA,835,"1,2","0,0","-2,7",07:18,"5,1",12:55,,,,,,,,,
2020-12-06,3209Y,BRIHUEGA,GUADALAJARA,835,"1,0","1,4","-4,1",07:22,"6,0",12:05,,,,,,,,,
2020-12-07,3209Y,BRIHUEGA,GUADALAJARA,835,"5,4","5,2","2,6",00:38,"8,2",11:29,,,,,,,,,
2020-12-08,3209Y,BRIHUEGA,GUADALAJARA,835,"3,6","0,0","-0,3",06:06,"7,6",13:24,,,,,,,,,
2020-12-09,3209Y,BRIHUEGA,GUADALAJARA,835,"2,6","3,4","-2,3",05:31,"7,6",14:16,,,,,,,,,
2020-12-10,3209Y,BRIHUEGA,GUADALAJARA,835,"6,5","3,2","1,6",00:01,"11,4",13:41,,,,,,,,,
2020-12-11,3209Y,BRIHUEGA,GUADALAJARA,835,"11,2","2,2","8,8",23:58,"13,7",13:49,,,,,,,,,
2020-12-12,3209Y,BRIHUEGA,GUADALAJARA,835,"7,2","0,0","2,7",24:00,"11,7",14:48,,,,,,,,,
2020-12-13,3209Y,BRIHUEGA,GUADALAJARA,835,"6,2","0,0","-0,1",05:47,"12,6",13:32,,,,,,,,,
2020-12-14,3209Y,BRIHUEGA,GUADALAJARA,835,"8,4","2,2","6,0",06:42,"10,7",14:28,,,,,,,,,
2020-12-15,3209Y,BRIHUEGA,GUADALAJARA,835,"5,8","0,8","2,5",23:42,"9,2",12:48,,,,,,,,,
2020-12-16,3209Y,BRIHUEGA,GUADALAJARA,835,"4,8","0,4","0,7",07:35,"8,9",14:13,,,,,,,,,
2020-12-17,3209Y,BRIHUEGA,GUADALAJARA,835,"8,2","0,0","3,1",23:59,"13,2",13:42,,,,,,,,,
2020-12-18,3209Y,BRIHUEGA,GUADALAJARA,835,"5,0","0,0","1,9",01:16,"8,2",13:32,,,,,,,,,
2020-12-19,3209Y,BRIHUEGA,GUADALAJARA,835,"5,5","4,2","4,8",05:32,"6,2",Varias,,,,,,,,,
2020-12-20,3209Y,BRIHUEGA,GUADALAJARA,835,"6,0","0,2","1,6",07:38,"10,5",12:36,,,,,,,,,
2020-12-21,3209Y,BRIHUEGA,GUADALAJARA,835,"4,7","0,2","2,6",00:04,"6,8",16:22,,,,,,,,,
2020-12-22,3209Y,BRIHUEGA,GUADALAJARA,835,"9,2","0,0","2,9",07:56,"15,6",13:46,,,,,,,,,
2020-12-23,3209Y,BRIHUEGA,GUADALAJARA,835,"5,6","0,4","3,8",02:21,"7,5",12:25,,,,,,,,,
2020-12-24,3209Y,BRIHUEGA,GUADALAJARA,835,"3,9","0,4","-0,2",22:18,"8,0",14:16,,,,,,,,,
2020-12-25,3209Y,BRIHUEGA,GUADALAJARA,835,"1,3","0,0","-3,0",20:52,"5,6",14:37,,,,,,,,,
2020-12-26,3209Y,BRIHUEGA,GUADALAJARA,835,"0,8","0,0","-5,3",Varias,"6,9",14:21,,,,,,,,,
2020-12-27,3209Y,BRIHUEGA,GUADALAJARA,835,"-1,0","5,2","-5,9",06:22,"3,9",13:59,,,,,,,,,
2020-12-28,3209Y,BRIHUEGA,GUADALAJARA,835,"3,8","0,4","1,1",07:11,"6,5",13:25,,,,,,,,,
2020-12-29,3209Y,BRIHUEGA,GUADALAJARA,835,"1,2","0,6","-2,5",24:00,"4,9",13:59,,,,,,,,,
2020-12-30,3209Y,BRIHUEGA,GUADALAJARA,835,"1,6","0,0","-3,3",02:26,"6,6",14:07,,,,,,,,,
2020-12-31,3209Y,BRIHUEGA,GUADALAJARA,835,"-0,4","3,0","-5,7",06:48,"5,0",13:46,,,,,,,,,
2021-01-01,3209Y,BRIHUEGA,GUADALAJARA,835,"-1,2","4,8","-6,2",23:38,"3,9",12:39,,,,,,,,,
2021-01-02,3209Y,BRIHUEGA,GUADALAJARA,835,"-2,2","1,8","-6,3",02:53,"2,0",12:47,,,,,,,,,
2021-01-03,3209Y,BRIHUEGA,GUADALAJARA,835,"-0,1","0,0","-5,3",06:44,"5,1",13:02,,,,,,,,,
2021-01-04,3209Y,BRIHUEGA,GUADALAJARA,835,"-1,4","0,8","-6,8",07:52,"3,9",13:55,,,,,,,,,
2021-01-05,3209Y,BRIHUEGA,GUADALAJARA,835,"-1,2","0,0","-7,5",06:24,"5,2",14:55,,,,,,,,,
2021-01-06,3209Y,BRIHUEGA,GUADALAJARA,835,"-1,3","0,0","-7,1",07:01,"4,5",14:31,,,,,,,,,
2021-01-07,3209Y,BRIHUEGA,GUADALAJARA,835,"-1,9","0,0","-4,4",22:28,"0,6",13:42,,,,,,,,,
2021-01-08,3209Y,BRIHUEGA,GUADALAJARA,835,"-2,4","1,0","-5,7",01:42,"1,0",12:13,,,,,,,,,
2021-01-09,3209Y,BRIHUEGA,GUADALAJARA,835,"-2,0",,"-4,0",23:26,"0,0",15:15,,,,,,,,,
2021-01-10,3209Y,BRIHUEGA,GUADALAJARA,835,"-1,2",,"-4,1",Varias,"1,8",11:58,,,,,,,,,
2021-01-11,3209Y,BRIHUEGA,GUADALAJARA,835,"-4,0",,"-9,8",07:07,"1,9",12:06,,,,,,,,,
2021-01-12,3209Y,BRIHUEGA,GUADALAJARA,835,"-3,4",,"-11,5",04:14,"4,6",14:22,,,,,,,,,
2021-01-13,3209Y,BRIHUEGA,GUADALAJARA,835,"1,2",,"-7,4",02:43,"9,8",14:35,,,,,,,,,
2021-01-14,3209Y,BRIHUEGA,GUADALAJARA,835,"2,0",,"-6,2",06:53,"10,3",12:56,,,,,,,,,
2021-01-15,3209Y,BRIHUEGA,GUADALAJARA,835,"2,6",,"-2,6",02:38,"7,9",14:40,,,,,,,,,
2021-01-16,3209Y,BRIHUEGA,GUADALAJARA,835,"3,6","0,0","-3,9",04:10,"11,0",14:08,,,,,,,,,
2021-01-17,3209Y,BRIHUEGA,GUADALAJARA,835,"3,8","0,0","-5,6",06:37,"13,2",14:32,,,,,,,,,
2021-01-18,3209Y,BRIHUEGA,GUADALAJARA,835,"3,4","0,0","-3,3",23:57,"10,0",13:38,,,,,,,,,
2021-01-19,3209Y,BRIHUEGA,GUADALAJARA,835,"1,8","0,0","-5,3",Varias,"8,9",14:12,,,,,,,,,
2021-01-20,3209Y,BRIHUEGA,GUADALAJARA,835,"0,9","8,0","-2,8",01:50,"4,6",20:00,,,,,,,,,
2021-01-21,3209Y,BRIHUEGA,GUADALAJARA,835,"5,8","9,8","3,7",00:16,"7,8",20:25,,,,,,,,,
2021-01-22,3209Y,BRIHUEGA,GUADALAJARA,835,"5,4","0,0","2,3",23:54,"8,4",Varias,,,,,,,,,
2021-01-23,3209Y,BRIHUEGA,GUADALAJARA,835,"4,8","11,8","1,4",03:04,"8,1",Varias,,,,,,,,,
2021-01-24,3209Y,BRIHUEGA,GUADALAJARA,835,"7,1","0,2","4,0",23:54,"10,2",12:13,,,,,,,,,
2021-01-25,3209Y,BRIHUEGA,GUADALAJARA,835,"7,2","10,6","3,9",00:01,"10,6",15:15,,,,,,,,,
2021-01-26,3209Y,BRIHUEGA,GUADALAJARA,835,"6,9","0,0","3,3",03:07,"10,5",16:14,,,,,,,,,
2021-01-27,3209Y,BRIHUEGA,GUADALAJARA,835,"11,4","0,2","6,4",23:56,"16,3",14:09,,,,,,,,,
2021-01-28,3209Y,BRIHUEGA,GUADALAJARA,835,"8,7","0,2","6,6",00:01,"10,8",15:05,,,,,,,,,
2021-01-29,3209Y,BRIHUEGA,GUADALAJARA,835,"10,2","4,4","6,8",08:22,"13,5",13:56,,,,,,,,,
2021-01-30,3209Y,BRIHUEGA,GUADALAJARA,835,"7,8","2,6","5,4",20:46,"10,2",12:15,,,,,,,,,
2021-01-31,3209Y,BRIHUEGA,GUADALAJARA,835,"8,0","0,0","5,5",04:18,"10,6",22:51,,,,,,,,,
2021-02-01,3209Y,BRIHUEGA,GUADALAJARA,835,"9,6","0,0","4,8",22:20,"14,5",12:41,,,,,,,,,
2021-02-02,3209Y,BRIHUEGA,GUADALAJARA,835,"7,9","0,8","6,3",06:05,"9,5",Varias,,,,,,,,,
2021-02-03,3209Y,BRIHUEGA,GUADALAJARA,835,"8,2","0,8","6,5",Varias,"10,0",16:33,,,,,,,,,
2021-02-04,3209Y,BRIHUEGA,GUADALAJARA,835,"10,2","0,0","6,3",20:32,"14,0",14:30,,,,,,,,,
2021-02-05,3209Y,BRIHUEGA,GUADALAJARA,835,"10,4","6,0","4,9",06:31,"16,0",14:06,,,,,,,,,
2021-02-06,3209Y,BRIHUEGA,GUADALAJARA,835,"7,0","7,6","4,1",24:00,"9,8",11:54,,,,,,,,,
2021-02-07,3209Y,BRIHUEGA,GUADALAJARA,835,"4,2","11,2","0,0",07:07,"8,3",11:46,,,,,,,,,
2021-02-08,3209Y,BRIHUEGA,GUADALAJARA,835,"5,8","13,6","3,5",00:01,"8,2",15:00,,,,,,,,,
2021-02-09,3209Y,BRIHUEGA,GUADALAJARA,835,"5,2","20,6","3,2",04:27,"7,2",14:10,,,,,,,,,
2021-02-10,3209Y,BRIHUEGA,GUADALAJARA,835,"6,8","0,0","2,1",23:39,"11,6",15:08,,,,,,,,,
2021-02-11,3209Y,BRIHUEGA,GUADALAJARA,835,"6,6","5,4","2,1",00:01,"11,2",15:05,,,,,,,,,
2021-02-12,3209Y,BRIHUEGA,GUADALAJARA,835,"8,0","2,8","4,2",23:10,"11,9",15:16,,,,,,,,,
2021-02-13,3209Y,BRIHUEGA,GUADALAJARA,835,"7,0","0,0","0,7",06:52,"13,2",14:51,,,,,,,,,
2021-02-14,3209Y,BRIHUEGA,GUADALAJARA,835,"7,0","0,0","0,0",06:37,"13,9",14:49,,,,,,,,,
2021-02-15,3209Y,BRIHUEGA,GUADALAJARA,835,"7,5","0,0","2,0",06:16,"13,0",15:06,,,,,,,,,
2021-02-16,3209Y,BRIHUEGA,GUADALAJARA,835,"7,6","0,0","0,9",04:11,"14,2",14:43,,,,,,,,,
2021-02-17,3209Y,BRIHUEGA,GUADALAJARA,835,"9,0","0,0","2,1",06:53,"15,8",14:26,,,,,,,,,
2021-02-18,3209Y,BRIHUEGA,GUADALAJARA,835,"7,8","0,0","1,3",06:55,"14,4",13:12,,,,,,,,,
2021-02-19,3209Y,BRIHUEGA,GUADALAJARA,835,"8,6","0,0","0,7",06:10,"16,5",14:28,,,,,,,,,
2021-02-20,3209Y,BRIHUEGA,GUADALAJARA,835,"9,9","0,0","2,5",03:47,"17,3",12:54,,,,,,,,,
2021-02-21,3209Y,BRIHUEGA,GUADALAJARA,835,"7,5","19,4","4,9",23:52,"10,1",12:12,,,,,,,,,
2021-02-22,3209Y,BRIHUEGA,GUADALAJARA,835,"5,3","1,0","2,8",03:46,"7,8",15:04,,,,,,,,,
2021-02-23,3209Y,BRIHUEGA,GUADALAJARA,835,"6,2","0,0","0,1",07:23,"12,4",14:23,,,,,,,,,
2021-02-24,3209Y,BRIHUEGA,GUADALAJARA,835,"7,4","0,0","0,6",06:56,"14,2",14:41,,,,,,,,,
2021-02-25,3209Y,BRIHUEGA,GUADALAJARA,835,"7,7","0,0","2,5",03:00,"12,9",15:59,,,,,,,,,
2021-02-26,3209Y,BRIHUEGA,GUADALAJARA,835,"9,1","0,0","2,5",06:12,"15,7",14:42,,,,,,,,,
2021-02-27,3209Y,BRIHUEGA,GUADALAJARA,835,"10,6","0,0","3,4",06:42,"17,8",13:45,,,,,,,,,
2021-02-28,3209Y,BRIHUEGA,GUADALAJARA,835,"5,5","0,0","-0,5",05:39,"11,5",14:33,,,,,,,,,
2021-03-01,3209Y,BRIHUEGA,GUADALAJARA,835,"5,0","0,0","1,2",05:51,"8,8",15:42,,,,,,,,,
2021-03-02,3209Y,BRIHUEGA,GUADALAJARA,835,"8,8","0,0","5,4",05:55,"12,2",14:35,,,,,,,,,
2021-03-03,3209Y,BRIHUEGA,GUADALAJARA,835,"8,4","0,0","3,7",06:28,"13,2",13:53,,,,,,,,,
2021-03-04,3209Y,BRIHUEGA,GUADALAJARA,835,"8,4","0,2","2,2",05:56,"14,7",15:10,,,,,,,,,
2021-03-05,3209Y,BRIHUEGA,GUADALAJARA,835,"8,8","0,0","4,1",02:43,"13,5",14:38,,,,,,,,,
2021-03-06,3209Y,BRIHUEGA,GUADALAJARA,835,"9,7","0,0","5,6",06:34,"13,8",14:54,,,,,,,,,
2021-03-07,3209Y,BRIHUEGA,GUADALAJARA,835,"7,4","6,4","2,5",05:49,"12,4",14:16,,,,,,,,,
2021-03-08,3209Y,BRIHUEGA,GUADALAJARA,835,"7,3","11,4","4,0",23:43,"10,6",12:12,,,,,,,,,
2021-03-09,3209Y,BRIHUEGA,GUADALAJARA,835,"5,4","0,0","0,0",23:56,"10,8",13:49,,,,,,,,,
2021-03-10,3209Y,BRIHUEGA,GUADALAJARA,835,"4,6","0,0","-3,8",06:52,"13,0",14:35,,,,,,,,,
2021-03-11,3209Y,BRIHUEGA,GUADALAJARA,835,"8,9","0,0","1,2",05:57,"16,6",14:58,,,,,,,,,
2021-03-12,3209Y,BRIHUEGA,GUADALAJARA,835,"7,2","0,0","1,0",23:58,"13,3",14:37,,,,,,,,,
2021-03-13,3209Y,BRIHUEGA,GUADALAJARA,835,"6,3","0,0","-0,7",04:09,"13,3",14:00,,,,,,,,,
2021-03-14,3209Y,BRIHUEGA,GUADALAJARA,835,"6,8","0,0","0,7",05:58,"12,9",15:18,,,,,,,,,
2021-03-15,3209Y,BRIHUEGA,GUADALAJARA,835,"7,8","0,0","-0,5",06:41,"16,1",14:19,,,,,,,,,
2021-03-16,3209Y,BRIHUEGA,GUADALAJARA,835,"9,0","0,0","2,4",05:48,"15,6",14:26,,,,,,,,,
2021-03-17,3209Y,BRIHUEGA,GUADALAJARA,835,"10,0","0,0","3,3",03:32,"16,6",13:31,,,,,,,,,
2021-03-18,3209Y,BRIHUEGA,GUADALAJARA,835,"4,8","0,0","0,6",06:34,"9,1",15:58,,,,,,,,,
2021-03-19,3209Y,BRIHUEGA,GUADALAJARA,835,"3,4","1,2","-1,4",01:45,"8,3",10:08,,,,,,,,,
2021-03-20,3209Y,BRIHUEGA,GUADALAJARA,835,"3,4","0,0","-1,5",06:09,"8,3",14:19,,,,,,,,,
2021-03-21,3209Y,BRIHUEGA,GUADALAJARA,835,"4,0","0,0","-4,0",Varias,"12,1",12:30,,,,,,,,,
2021-03-22,3209Y,BRIHUEGA,GUADALAJARA,835,"6,4","0,0","-1,1",06:15,"14,0",13:55,,,,,,,,,
2021-03-23,3209Y,BRIHUEGA,GUADALAJARA,835,"7,8","0,0","-1,0",06:15,"16,5",14:08,,,,,,,,,
2021-03-24,3209Y,BRIHUEGA,GUADALAJARA,835,"9,1","0,0","-0,5",06:14,"18,7",13:58,,,,,,,,,
2021-03-25,3209Y,BRIHUEGA,GUADALAJARA,835,"9,8","0,0","0,6",06:15,"19,1",13:53,,,,,,,,,
2021-03-26,3209Y,BRIHUEGA,GUADALAJARA,835,"10,9","0,0","4,2",02:07,"17,6",12:57,,,,,,,,,
2021-03-27,3209Y,BRIHUEGA,GUADALAJARA,835,"9,6","0,0","3,9",04:01,"15,4",13:13,,,,,,,,,
2021-03-28,3209Y,BRIHUEGA,GUADALAJARA,835,"11,0","0,0","2,1",05:39,"20,0",14:08,,,,,,,,,
2021-03-29,3209Y,BRIHUEGA,GUADALAJARA,835,"12,6","0,0","3,9",06:05,"21,2",14:05,,,,,,,,,
2021-03-30,3209Y,BRIHUEGA,GUADALAJARA,835,"13,2","0,0","5,5",06:02,"21,0",12:40,,,,,,,,,
2021-03-31,3209Y,BRIHUEGA,GUADALAJARA,835,"12,8","0,0","3,3",06:04,"22,3",13:49,,,,,,,,,
2021-04-01,3209Y,BRIHUEGA,GUADALAJARA,835,"14,8","0,0","7,8",05:09,"21,9",14:35,,,,,,,,,
2021-04-02,3209Y,BRIHUEGA,GUADALAJARA,835,"11,4","1,4","5,1",23:49,"17,6",14:12,,,,,,,,,
2021-04-03,3209Y,BRIHUEGA,GUADALAJARA,835,"11,2","0,2","3,3",05:31,"19,0",13:29,,,,,,,,,
2021-04-04,3209Y,BRIHUEGA,GUADALAJARA,835,"11,0","0,0","3,2",05:56,"18,9",14:06,,,,,,,,,
2021-04-05,3209Y,BRIHUEGA,GUADALAJARA,835,"10,6","0,0","1,6",05:45,"19,7",15:16,,,,,,,,,
2021-04-06,3209Y,BRIHUEGA,GUADALAJARA,835,"12,2","0,0","3,0",05:34,"21,4",13:35,,,,,,,,,
2021-04-07,3209Y,BRIHUEGA,GUADALAJARA,835,"9,4","0,0","0,4",05:14,"18,5",14:41,,,,,,,,,
2021-04-08,3209Y,BRIHUEGA,GUADALAJARA,835,"10,8","0,0","5,4",01:25,"16,3",14:21,,,,,,,,,
2021-04-09,3209Y,BRIHUEGA,GUADALAJARA,835,"7,6","8,8","5,2",09:23,"10,0",16:33,,,,,,,,,
2021-04-10,3209Y,BRIHUEGA,GUADALAJARA,835,"11,4","13,6","6,4",06:04,"16,3",13:51,,,,,,,,,
2021-04-11,3209Y,BRIHUEGA,GUADALAJARA,835,"9,0","3,8","3,3",23:57,"14,6",12:42,,,,,,,,,
2021-04-12,3209Y,BRIHUEGA,GUADALAJARA,835,"7,2","0,0","-0,3",05:39,"14,8",14:35,,,,,,,,,
2021-04-13,3209Y,BRIHUEGA,GUADALAJARA,835,"8,1","0,6","3,1",06:01,"13,1",09:50,,,,,,,,,
2021-04-14,3209Y,BRIHUEGA,GUADALAJARA,835,"13,1","0,0","8,3",00:49,"17,9",14:31,,,,,,,,,
2021-04-15,3209Y,BRIHUEGA,GUADALAJARA,835,"12,4","0,0","8,9",23:56,"15,9",13:14,,,,,,,,,
2021-04-16,3209Y,BRIHUEGA,GUADALAJARA,835,"7,6","0,0","1,2",23:56,"14,1",15:35,,,,,,,,,
2021-04-17,3209Y,BRIHUEGA,GUADALAJARA,835,"6,6","0,0","-0,8",Varias,"14,0",14:52,,,,,,,,,
2021-04-18,3209Y,BRIHUEGA,GUADALAJARA,835,"8,8","0,0","0,5",01:34,"17,2",15:14,,,,,,,,,
2021-04-19,3209Y,BRIHUEGA,GUADALAJARA,835,"10,4","0,0","1,4",05:24,"19,4",13:48,,,,,,,,,
2021-04-20,3209Y,BRIHUEGA,GUADALAJARA,835,"10,8","7,4","6,4",05:38,"15,3",12:55,,,,,,,,,
2021-04-21,3209Y,BRIHUEGA,GUADALAJARA,835,"10,0","5,6","4,4",04:12,"15,5",13:14,,,,,,,,,
2021-04-22,3209Y,BRIHUEGA,GUADALAJARA,835,"10,8","3,0","7,5",06:26,"14,2",15:12,,,,,,,,,
2021-04-23,3209Y,BRIHUEGA,GUADALAJARA,835,"9,6","0,0","4,5",05:22,"14,8",15:03,,,,,,,,,
2021-04-24,3209Y,BRIHUEGA,GUADALAJARA,835,"10,2","2,2","5,1",05:42,"15,4",13:15,,,,,,,,,
2021-04-25,3209Y,BRIHUEGA,GUADALAJARA,835,"11,0","1,2","7,7",04:31,"14,2",10:57,,,,,,,,,
2021-04-26,3209Y,BRIHUEGA,GUADALAJARA,835,"12,2","11,8","8,7",06:00,"15,8",13:06,,,,,,,,,
2021-04-27,3209Y,BRIHUEGA,GUADALAJARA,835,"12,8","1,4","7,6",03:26,"18,1",13:30,,,,,,,,,
2021-04-28,3209Y,BRIHUEGA,GUADALAJARA,835,"11,4","2,0","7,3",21:21,"15,4",14:02,,,,,,,,,
2021-04-29,3209Y,BRIHUEGA,GUADALAJARA,835,"9,6","1,0","4,7",23:40,"14,4",15:46,,,,,,,,,
2021-04-30,3209Y,BRIHUEGA,GUADALAJARA,835,"9,0","0,4","3,6",01:13,"14,4",14:04,,,,,,,,,
2021-05-01,3209Y,BRIHUEGA,GUADALAJARA,835,"9,0","1,4","3,3",05:13,"14,6",14:42,,,,,,,,,
2021-05-02,3209Y,BRIHUEGA,GUADALAJARA,835,"10,5","0,0","5,1",06:28,"15,9",12:43,,,,,,,,,
2021-05-03,3209Y,BRIHUEGA,GUADALAJARA,835,"10,1","7,8","4,6",05:20,"15,6",15:09,,,,,,,,,
2021-05-04,3209Y,BRIHUEGA,GUADALAJARA,835,"10,9","0,0","2,8",05:26,"19,0",14:47,,,,,,,,,
2021-05-05,3209Y,BRIHUEGA,GUADALAJARA,835,"13,2","0,0","4,9",05:17,"21,5",15:45,,,,,,,,,
2021-05-06,3209Y,BRIHUEGA,GUADALAJARA,835,"14,4","0,0","6,3",04:59,"22,6",Varias,,,,,,,,,
2021-05-07,3209Y,BRIHUEGA,GUADALAJARA,835,"16,0","0,0","8,0",05:39,"24,1",15:19,,,,,,,,,
2021-05-08,3209Y,BRIHUEGA,GUADALAJARA,835,"16,9","0,2","8,1",03:51,"25,7",14:53,,,,,,,,,
2021-05-09,3209Y,BRIHUEGA,GUADALAJARA,835,"12,5","4,6","7,7",22:24,"17,3",12:30,,,,,,,,,
2021-05-10,3209Y,BRIHUEGA,GUADALAJARA,835,"9,8","0,0","5,2",01:43,"14,3",15:50,,,,,,,,,
2021-05-11,3209Y,BRIHUEGA,GUADALAJARA,835,"8,6","0,6","2,1",05:17,"15,1",15:42,,,,,,,,,
2021-05-12,3209Y,BRIHUEGA,GUADALAJARA,835,"12,5","0,0","7,4",22:05,"17,6",16:04,,,,,,,,,
2021-05-13,3209Y,BRIHUEGA,GUADALAJARA,835,"10,5","0,0","4,7",04:50,"16,3",13:34,,,,,,,,,
2021-05-14,3209Y,BRIHUEGA,GUADALAJARA,835,"13,8","0,0","7,5",04:39,"20,2",14:34,,,,,,,,,
2021-05-15,3209Y,BRIHUEGA,GUADALAJARA,835,"14,8","0,0","6,3",04:41,"23,3",16:05,,,,,,,,,
2021-05-16,3209Y,BRIHUEGA,GUADALAJARA,835,"16,0","0,0","9,4",05:20,"22,5",15:47,,,,,,,,,
2021-05-17,3209Y,BRIHUEGA,GUADALAJARA,835,"15,6","0,0","8,3",04:41,"22,8",16:00,,,,,,,,,
2021-05-18,3209Y,BRIHUEGA,GUADALAJARA,835,"15,7","0,0","7,0",05:06,"24,4",15:01,,,,,,,,,
2021-05-19,3209Y,BRIHUEGA,GUADALAJARA,835,"15,0","0,0","7,8",04:09,"22,1",15:39,,,,,,,,,
2021-05-20,3209Y,BRIHUEGA,GUADALAJARA,835,"15,8","0,0","6,0",04:46,"25,7",16:35,,,,,,,,,
2021-05-21,3209Y,BRIHUEGA,GUADALAJARA,835,"18,8","0,0","10,5",05:04,"27,1",14:55,,,,,,,,,
2021-05-22,3209Y,BRIHUEGA,GUADALAJARA,835,"15,0","0,0","9,5",04:52,"20,6",15:15,,,,,,,,,
2021-05-23,3209Y,BRIHUEGA,GUADALAJARA,835,"10,8","0,0","7,5",22:25,"14,0",16:55,,,,,,,,,
2021-05-24,3209Y,BRIHUEGA,GUADALAJARA,835,"10,9","0,0","3,4",04:25,"18,4",17:33,,,,,,,,,
2021-05-25,3209Y,BRIHUEGA,GUADALAJARA,835,"15,4","0,0","7,0",03:12,"23,9",15:43,,,,,,,,,
2021-05-26,3209Y,BRIHUEGA,GUADALAJARA,835,"16,5","0,0","8,6",02:18,"24,4",14:51,,,,,,,,,
2021-05-27,3209Y,BRIHUEGA,GUADALAJARA,835,"17,3","0,0","9,1",03:36,"25,5",16:02,,,,,,,,,
2021-05-28,3209Y,BRIHUEGA,GUADALAJARA,835,"19,3","0,0","13,0",05:27,"25,6",15:07,,,,,,,,,
2021-05-29,3209Y,BRIHUEGA,GUADALAJARA,835,"19,2","0,0","10,5",05:04,"27,8",16:07,,,,,,,,,
2021-05-30,3209Y,BRIHUEGA,GUADALAJARA,835,"22,2","0,2","15,9",02:42,"28,5",14:08,,,,,,,,,
2021-05-31,3209Y,BRIHUEGA,GUADALAJARA,835,"21,4","18,4","14,5",23:53,"28,3",14:19,,,,,,,,,
2021-06-01,3209Y,BRIHUEGA,GUADALAJARA,835,"16,1","1,2","9,5",23:56,"22,7",15:45,,,,,,,,,
2021-06-02,3209Y,BRIHUEGA,GUADALAJARA,835,"16,0","0,0","8,0",04:50,"23,9",15:56,,,,,,,,,
2021-06-03,3209Y,BRIHUEGA,GUADALAJARA,835,"19,0","0,2","11,9",04:46,"26,2",14:57,,,,,,,,,
2021-06-04,3209Y,BRIHUEGA,GUADALAJARA,835,"18,8","0,0","11,9",04:14,"25,7",16:01,,,,,,,,,
2021-06-05,3209Y,BRIHUEGA,GUADALAJARA,835,"15,3","1,6","12,2",04:17,"18,4",12:42,,,,,,,,,
2021-06-06,3209Y,BRIHUEGA,GUADALAJARA,835,"17,5","0,0","8,5",04:58,"26,5",15:36,,,,,,,,,
2021-06-07,3209Y,BRIHUEGA,GUADALAJARA,835,"20,0","0,2","11,0",04:51,"28,9",15:13,,,,,,,,,
2021-06-08,3209Y,BRIHUEGA,GUADALAJARA,835,"21,6","0,0","12,6",04:48,"30,6",14:29,,,,,,,,,
2021-06-09,3209Y,BRIHUEGA,GUADALAJARA,835,"22,2","0,0","12,7",04:25,"31,6",14:22,,,,,,,,,
2021-06-10,3209Y,BRIHUEGA,GUADALAJARA,835,"22,6","0,0","13,7",05:19,"31,5",15:12,,,,,,,,,
2021-06-11,3209Y,BRIHUEGA,GUADALAJARA,835,"22,0","3,8","14,0",23:39,"29,9",14:31,,,,,,,,,
2021-06-12,3209Y,BRIHUEGA,GUADALAJARA,835,"20,2","0,0","11,6",04:36,"28,7",16:42,,,,,,,,,
2021-06-13,3209Y,BRIHUEGA,GUADALAJARA,835,"22,2","0,0","14,4",04:16,"30,1",15:33,,,,,,,,,
2021-06-14,3209Y,BRIHUEGA,GUADALAJARA,835,"22,3","0,4","13,9",04:57,"30,7",14:55,,,,,,,,,
2021-06-15,3209Y,BRIHUEGA,GUADALAJARA,835,"22,4","0,0","14,4",04:42,"30,5",15:05,,,,,,,,,
2021-06-16,3209Y,BRIHUEGA,GUADALAJARA,835,"21,0","14,8","14,0",21:29,"28,1",16:06,,,,,,,,,
2021-06-17,3209Y,BRIHUEGA,GUADALAJARA,835,"15,8","14,4","12,3",Varias,"19,4",16:04,,,,,,,,,
2021-06-18,3209Y,BRIHUEGA,GUADALAJARA,835,"17,1","25,2","11,2",04:32,"23,0",14:33,,,,,,,,,
2021-06-19,3209Y,BRIHUEGA,GUADALAJARA,835,"16,6","0,0","11,7",04:16,"21,5",15:38,,,,,,,,,
2021-06-20,3209Y,BRIHUEGA,GUADALAJARA,835,"14,4","0,0","10,3",01:39,"18,4",16:25,,,,,,,,,
2021-06-21,3209Y,BRIHUEGA,GUADALAJARA,835,"15,0","0,0","10,4",23:45,"19,5",16:45,,,,,,,,,
2021-06-22,3209Y,BRIHUEGA,GUADALAJARA,835,"15,4","0,0","10,4",00:01,"20,4",16:35,,,,,,,,,
2021-06-23,3209Y,BRIHUEGA,GUADALAJARA,835,"16,0","0,0","10,7",23:54,"21,3",17:11,,,,,,,,,
2021-06-24,3209Y,BRIHUEGA,GUADALAJARA,835,"16,6","0,0","7,9",04:55,"25,3",17:29,,,,,,,,,
2021-06-25,3209Y,BRIHUEGA,GUADALAJARA,835,"19,6","0,0","10,8",04:02,"28,5",15:20,,,,,,,,,
2021-06-26,3209Y,BRIHUEGA,GUADALAJARA,835,"21,8","0,0","13,6",04:58,"30,1",15:18,,,,,,,,,
2021-06-27,3209Y,BRIHUEGA,GUADALAJARA,835,"20,1","0,0","12,5",05:04,"27,7",14:20,,,,,,,,,
2021-06-28,3209Y,BRIHUEGA,GUADALAJARA,835,"17,7","0,0","10,1",05:41,"25,3",15:28,,,,,,,,,
2021-06-29,3209Y,BRIHUEGA,GUADALAJARA,835,"19,4","0,0","11,4",03:56,"27,4",15:31,,,,,,,,,
2021-06-30,3209Y,BRIHUEGA,GUADALAJARA,835,"20,7","0,0","11,2",05:03,"30,2",16:29,,,,,,,,,
2021-07-01,3209Y,BRIHUEGA,GUADALAJARA,835,"22,4","0,0","14,2",01:18,"30,6",15:27,,,,,,,,,
2021-07-02,3209Y,BRIHUEGA,GUADALAJARA,835,"21,8","0,0","11,9",04:49,"31,7",14:48,,,,,,,,,
2021-07-03,3209Y,BRIHUEGA,GUADALAJARA,835,"21,8","0,0","13,4",05:15,"30,3",15:11,,,,,,,,,
2021-07-04,3209Y,BRIHUEGA,GUADALAJARA,835,"21,9","0,0","13,8",05:09,"30,0",15:33,,,,,,,,,
2021-07-05,3209Y,BRIHUEGA,GUADALAJARA,835,"22,7","0,0","13,7",04:50,"31,7",16:00,,,,,,,,,
2021-07-06,3209Y,BRIHUEGA,GUADALAJARA,835,"16,6","1,2","11,1",23:59,"22,2",10:25,,,,,,,,,
2021-07-07,3209Y,BRIHUEGA,GUADALAJARA,835,"16,1","0,0","8,2",03:52,"24,0",13:27,,,,,,,,,
2021-07-08,3209Y,BRIHUEGA,GUADALAJARA,835,"18,2","0,0","9,1",04:55,"27,3",15:52,,,,,,,,,
2021-07-09,3209Y,BRIHUEGA,GUADALAJARA,835,"20,8","0,0","11,4",05:16,"30,2",16:08,,,,,,,,,
2021-07-10,3209Y,BRIHUEGA,GUADALAJARA,835,"24,2","0,0","14,8",05:26,"33,7",15:51,,,,,,,,,
2021-07-11,3209Y,BRIHUEGA,GUADALAJARA,835,"26,6","0,0","16,6",04:58,"36,7",14:10,,,,,,,,,
2021-07-12,3209Y,BRIHUEGA,GUADALAJARA,835,"19,8","0,0","12,2",24:00,"27,5",13:49,,,,,,,,,
2021-07-13,3209Y,BRIHUEGA,GUADALAJARA,835,"15,8","0,0","7,6",05:18,"24,1",15:25,,,,,,,,,
2021-07-14,3209Y,BRIHUEGA,GUADALAJARA,835,"17,8","0,0","9,4",04:41,"26,2",16:10,,,,,,,,,
2021-07-15,3209Y,BRIHUEGA,GUADALAJARA,835,"20,0","0,0","10,4",03:42,"29,7",16:17,,,,,,,,,
2021-07-16,3209Y,BRIHUEGA,GUADALAJARA,835,"22,8","0,0","12,4",04:33,"33,3",15:53,,,,,,,,,
2021-07-17,3209Y,BRIHUEGA,GUADALAJARA,835,"24,6","0,0","13,6",04:30,"35,6",15:52,,,,,,,,,
2021-07-18,3209Y,BRIHUEGA,GUADALAJARA,835,"24,5","0,0","15,4",04:59,"33,6",15:03,,,,,,,,,
2021-07-19,3209Y,BRIHUEGA,GUADALAJARA,835,"24,2","0,0","15,1",05:02,"33,3",15:33,,,,,,,,,
2021-07-20,3209Y,BRIHUEGA,GUADALAJARA,835,"25,4","0,0","16,8",04:20,"33,9",15:14,,,,,,,,,
2021-07-21,3209Y,BRIHUEGA,GUADALAJARA,835,"25,4","0,0","16,6",05:30,"34,3",13:56,,,,,,,,,
2021-07-22,3209Y,BRIHUEGA,GUADALAJARA,835,"26,0","0,0","17,3",05:10,"34,6",14:23,,,,,,,,,
2021-07-23,3209Y,BRIHUEGA,GUADALAJARA,835,"23,8","0,0","15,6",23:59,"32,0",15:15,,,,,,,,,
2021-07-24,3209Y,BRIHUEGA,GUADALAJARA,835,"21,2","0,0","13,1",02:22,"29,3",Varias,,,,,,,,,
2021-07-25,3209Y,BRIHUEGA,GUADALAJARA,835,"20,8","1,6","12,8",05:38,"28,8",14:28,,,,,,,,,
2021-07-26,3209Y,BRIHUEGA,GUADALAJARA,835,"21,0","0,0","14,9",04:01,"27,0",15:00,,,,,,,,,
2021-07-27,3209Y,BRIHUEGA,GUADALAJARA,835,"22,5","0,0","14,6",05:14,"30,4",16:11,,,,,,,,,
2021-07-28,3209Y,BRIHUEGA,GUADALAJARA,835,"24,2","0,0","15,2",04:46,"33,2",15:52,,,,,,,,,
2021-07-29,3209Y,BRIHUEGA,GUADALAJARA,835,"25,8","0,0","18,5",04:56,"33,2",14:42,,,,,,,,,
2021-07-30,3209Y,BRIHUEGA,GUADALAJARA,835,"23,7","0,0","15,3",05:03,"32,1",15:32,,,,,,,,,
2021-07-31,3209Y,BRIHUEGA,GUADALAJARA,835,"17,7","6,8","10,9",23:53,"24,5",11:08,,,,,,,,,
2021-08-01,3209Y,BRIHUEGA,GUADALAJARA,835,"16,4","0,0","9,0",05:35,"23,8",16:26,,,,,,,,,
2021-08-02,3209Y,BRIHUEGA,GUADALAJARA,835,"18,7","0,0","9,9",05:31,"27,5",16:06,,,,,,,,,
2021-08-03,3209Y,BRIHUEGA,GUADALAJARA,835,"20,7","0,0","12,7",05:14,"28,7",15:29,,,,,,,,,
2021-08-04,3209Y,BRIHUEGA,GUADALAJARA,835,"22,8","0,0","16,1",23:59,"29,4",16:16,,,,,,,,,
2021-08-05,3209Y,BRIHUEGA,GUADALAJARA,835,"22,0","0,0","11,9",05:15,"32,0",15:18,,,,,,,,,
2021-08-06,3209Y,BRIHUEGA,GUADALAJARA,835,"22,7","0,0","13,8",05:05,"31,6",14:15,,,,,,,,,
2021-08-07,3209Y,BRIHUEGA,GUADALAJARA,835,"20,2","0,0","12,4",04:21,"28,0",15:13,,,,,,,,,
2021-08-08,3209Y,BRIHUEGA,GUADALAJARA,835,"19,8","0,0","10,9",05:41,"28,7",15:43,,,,,,,,,
2021-08-09,3209Y,BRIHUEGA,GUADALAJARA,835,"24,1","0,0","16,6",05:32,"31,6",15:15,,,,,,,,,
2021-08-10,3209Y,BRIHUEGA,GUADALAJARA,835,"24,7","0,0","16,0",05:25,"33,4",14:43,,,,,,,,,
2021-08-11,3209Y,BRIHUEGA,GUADALAJARA,835,"27,6","5,6","18,9",05:25,"36,4",14:42,,,,,,,,,
2021-08-12,3209Y,BRIHUEGA,GUADALAJARA,835,"26,2","0,0","17,4",05:30,"35,0",14:32,,,,,,,,,
2021-08-13,3209Y,BRIHUEGA,GUADALAJARA,835,"27,8","0,0","16,9",05:18,"38,7",14:51,,,,,,,,,
2021-08-14,3209Y,BRIHUEGA,GUADALAJARA,835,"29,6","0,0","20,9",05:00,"38,2",15:09,,,,,,,,,
2021-08-15,3209Y,BRIHUEGA,GUADALAJARA,835,"28,0","0,0","18,6",05:06,"37,5",12:45,,,,,,,,,
2021-08-16,3209Y,BRIHUEGA,GUADALAJARA,835,"24,2","0,0","15,4",04:26,"33,0",14:19,,,,,,,,,
2021-08-17,3209Y,BRIHUEGA,GUADALAJARA,835,"20,8","0,0","11,8",05:14,"29,9",14:32,,,,,,,,,
2021-08-18,3209Y,BRIHUEGA,GUADALAJARA,835,"21,9","0,0","12,2",04:50,"31,6",15:26,,,,,,,,,
2021-08-19,3209Y,BRIHUEGA,GUADALAJARA,835,"23,4","0,0","15,1",05:08,"31,6",14:16,,,,,,,,,
2021-08-20,3209Y,BRIHUEGA,GUADALAJARA,835,"23,3","0,0","14,8",05:34,"31,8",13:55,,,,,,,,,
2021-08-21,3209Y,BRIHUEGA,GUADALAJARA,835,"24,3","0,0","16,0",05:29,"32,6",14:04,,,,,,,,,
2021-08-22,3209Y,BRIHUEGA,GUADALAJARA,835,"24,6","0,0","15,0",Varias,"34,2",14:42,,,,,,,,,
2021-08-23,3209Y,BRIHUEGA,GUADALAJARA,835,"26,5","0,4","18,1",06:08,"34,9",14:39,,,,,,,,,
2021-08-24,3209Y,BRIHUEGA,GUADALAJARA,835,"21,8","0,0","13,9",04:50,"29,8",15:49,,,,,,,,,
2021-08-25,3209Y,BRIHUEGA,GUADALAJARA,835,"21,8","0,0","13,7",06:02,"29,9",14:11,,,,,,,,,
2021-08-26,3209Y,BRIHUEGA,GUADALAJARA,835,"22,6","0,0","15,1",05:01,"30,2",13:11,,,,,,,,,
2021-08-27,3209Y,BRIHUEGA,GUADALAJARA,835,"23,8","0,0","14,9",05:22,"32,7",14:18,,,,,,,,,
2021-08-28,3209Y,BRIHUEGA,GUADALAJARA,835,"23,0","0,0","13,9",05:32,"32,2",14:19,,,,,,,,,
2021-08-29,3209Y,BRIHUEGA,GUADALAJARA,835,"21,4","0,0","12,6",05:46,"30,2",13:51,,,,,,,,,
2021-08-30,3209Y,BRIHUEGA,GUADALAJARA,835,"21,7","0,0","15,3",05:59,"28,1",14:04,,,,,,,,,
2021-08-31,3209Y,BRIHUEGA,GUADALAJARA,835,"21,6","16,2","13,9",05:49,"29,2",12:13,,,,,,,,,
2021-09-01,3209Y,BRIHUEGA,GUADALAJARA,835,"18,0","6,2","12,6",23:57,"23,3",12:52,,,,,,,,,
2021-09-02,3209Y,BRIHUEGA,GUADALAJARA,835,"17,7","0,8","11,4",02:31,"24,0",13:53,,,,,,,,,
2021-09-03,3209Y,BRIHUEGA,GUADALAJARA,835,"19,0","0,0","12,1",06:01,"25,9",13:35,,,,,,,,,
2021-09-04,3209Y,BRIHUEGA,GUADALAJARA,835,"19,8","0,0","12,3",05:25,"27,4",14:23,,,,,,,,,
2021-09-05,3209Y,BRIHUEGA,GUADALAJARA,835,"21,8","0,0","14,1",00:41,"29,6",13:45,,,,,,,,,
2021-09-06,3209Y,BRIHUEGA,GUADALAJARA,835,"22,8","0,0","16,0",05:24,"29,5",13:11,,,,,,,,,
2021-09-07,3209Y,BRIHUEGA,GUADALAJARA,835,"24,2","0,0","17,9",23:55,"30,5",13:56,,,,,,,,,
2021-09-08,3209Y,BRIHUEGA,GUADALAJARA,835,"19,9","0,0","14,2",05:36,"25,6",13:49,,,,,,,,,
2021-09-09,3209Y,BRIHUEGA,GUADALAJARA,835,"18,7","0,0","13,4",02:14,"24,0",12:29,,,,,,,,,
2021-09-10,3209Y,BRIHUEGA,GUADALAJARA,835,"19,4","0,0","13,4",02:34,"25,4",13:55,,,,,,,,,
2021-09-11,3209Y,BRIHUEGA,GUADALAJARA,835,"18,1","0,0","11,0",Varias,"25,2",14:40,,,,,,,,,
2021-09-12,3209Y,BRIHUEGA,GUADALAJARA,835,"19,8","0,0","11,6",03:51,"28,1",13:45,,,,,,,,,
2021-09-13,3209Y,BRIHUEGA,GUADALAJARA,835,"21,2","0,4","15,7",Varias,"26,6",12:26,,,,,,,,,
2021-09-14,3209Y,BRIHUEGA,GUADALAJARA,835,"15,8","19,0","14,0",Varias,"17,6",06:51,,,,,,,,,
2021-09-15,3209Y,BRIHUEGA,GUADALAJARA,835,"16,4","14,6","12,0",23:56,"20,7",15:13,,,,,,,,,
2021-09-16,3209Y,BRIHUEGA,GUADALAJARA,835,"16,5","0,0","11,4",Varias,"21,6",12:07,,,,,,,,,
2021-09-17,3209Y,BRIHUEGA,GUADALAJARA,835,"17,5","0,0","10,6",06:09,"24,4",13:55,,,,,,,,,
2021-09-18,3209Y,BRIHUEGA,GUADALAJARA,835,"17,4","0,0","11,0",Varias,"23,8",13:38,,,,,,,,,
2021-09-19,3209Y,BRIHUEGA,GUADALAJARA,835,"15,4","0,0","8,5",05:15,"22,3",13:49,,,,,,,,,
2021-09-20,3209Y,BRIHUEGA,GUADALAJARA,835,"14,9","0,0","8,7",05:38,"21,1",13:33,,,,,,,,,
2021-09-21,3209Y,BRIHUEGA,GUADALAJARA,835,"13,7","0,4","7,7",Varias,"19,7",14:24,,,,,,,,,
2021-09-22,3209Y,BRIHUEGA,GUADALAJARA,835,"15,2","0,6","9,2",07:08,"21,3",13:42,,,,,,,,,
2021-09-23,3209Y,BRIHUEGA,GUADALAJARA,835,"17,2","0,2","10,1",02:16,"24,3",14:33,,,,,,,,,
2021-09-24,3209Y,BRIHUEGA,GUADALAJARA,835,"18,5","4,4","13,7",02:04,"23,3",14:23,,,,,,,,,
2021-09-25,3209Y,BRIHUEGA,GUADALAJARA,835,"15,2","0,0","11,1",23:46,"19,2",13:03,,,,,,,,,
2021-09-26,3209Y,BRIHUEGA,GUADALAJARA,835,"14,9","0,0","8,3",06:00,"21,5",13:25,,,,,,,,,
2021-09-27,3209Y,BRIHUEGA,GUADALAJARA,835,"16,2","0,0","7,9",06:23,"24,4",14:31,,,,,,,,,
2021-09-28,3209Y,BRIHUEGA,GUADALAJARA,835,"16,4","0,0","9,0",03:52,"23,7",12:47,,,,,,,,,
2021-09-29,3209Y,BRIHUEGA,GUADALAJARA,835,"16,0","0,0","9,2",06:10,"22,7",14:26,,,,,,,,,
2021-09-30,3209Y,BRIHUEGA,GUADALAJARA,835,"15,3","0,0","8,9",05:46,"21,7",14:00,,,,,,,,,
2021-10-01,3209Y,BRIHUEGA,GUADALAJARA,835,"16,0","0,0","9,3",05:06,"22,8",14:41,,,,,,,,,
2021-10-02,3209Y,BRIHUEGA,GUADALAJARA,835,"16,0","0,0","8,2",05:24,"23,7",13:29,,,,,,,,,
2021-10-03,3209Y,BRIHUEGA,GUADALAJARA,835,"10,1","6,0","4,8",23:41,"15,4",00:47,,,,,,,,,
2021-10-04,3209Y,BRIHUEGA,GUADALAJARA,835,"9,5","0,0","2,3",05:21,"16,7",13:28,,,,,,,,,
2021-10-05,3209Y,BRIHUEGA,GUADALAJARA,835,"12,6","0,0","4,5",02:00,"20,8",14:19,,,,,,,,,
2021-10-06,3209Y,BRIHUEGA,GUADALAJARA,835,"14,5","0,0","8,1",23:57,"20,9",14:05,,,,,,,,,
2021-10-07,3209Y,BRIHUEGA,GUADALAJARA,835,"15,0","0,0","5,1",06:28,"24,9",14:06,,,,,,,,,
2021-10-08,3209Y,BRIHUEGA,GUADALAJARA,835,"16,8","0,0","9,2",03:18,"24,4",12:54,,,,,,,,,
2021-10-09,3209Y,BRIHUEGA,GUADALAJARA,835,"14,6","0,0","5,9",06:20,"23,3",13:18,,,,,,,,,
2021-10-10,3209Y,BRIHUEGA,GUADALAJARA,835,"13,5","0,0","5,9",04:46,"21,1",Varias,,,,,,,,,
2021-10-11,3209Y,BRIHUEGA,GUADALAJARA,835,"14,6","0,0","7,2",02:51,"22,0",13:54,,,,,,,,,
2021-10-12,3209Y,BRIHUEGA,GUADALAJARA,835,"14,8","0,0","5,9",06:13,"23,8",14:08,,,,,,,,,
2021-10-13,3209Y,BRIHUEGA,GUADALAJARA,835,"15,2","0,0","6,8",06:50,"23,5",13:59,,,,,,,,,
2021-10-14,3209Y,BRIHUEGA,GUADALAJARA,835,"13,2","0,0","4,2",05:47,"22,1",13:52,,,,,,,,,
2021-10-15,3209Y,BRIHUEGA,GUADALAJARA,835,"15,4","0,0","7,8",01:14,"22,9",14:17,,,,,,,,,
2021-10-16,3209Y,BRIHUEGA,GUADALAJARA,835,"12,6","1,4","5,8",06:05,"19,4",15:04,,,,,,,,,
2021-10-17,3209Y,BRIHUEGA,GUADALAJARA,835,"15,4","0,2","9,8",23:55,"21,0",13:57,,,,,,,,,
2021-10-18,3209Y,BRIHUEGA,GUADALAJARA,835,"14,7","0,0","7,1",05:37,"22,3",14:17,,,,,,,,,
2021-10-19,3209Y,BRIHUEGA,GUADALAJARA,835,"16,3","0,0","9,4",04:28,"23,2",14:03,,,,,,,,,
2021-10-20,3209Y,BRIHUEGA,GUADALAJARA,835,"15,2","0,0","8,1",06:23,"22,3",13:32,,,,,,,,,
2021-10-21,3209Y,BRIHUEGA,GUADALAJARA,835,"14,5","0,0","8,6",06:31,"20,4",14:12,,,,,,,,,
2021-10-22,3209Y,BRIHUEGA,GUADALAJARA,835,"11,9","0,0","6,1",23:49,"17,7",13:15,,,,,,,,,
2021-10-23,3209Y,BRIHUEGA,GUADALAJARA,835,"10,4","0,0","1,9",06:30,"19,0",14:21,,,,,,,,,
2021-10-24,3209Y,BRIHUEGA,GUADALAJARA,835,"10,0","0,0","1,2",06:42,"18,8",12:36,,,,,,,,,
2021-10-25,3209Y,BRIHUEGA,GUADALAJARA,835,"10,6","0,0","1,5",06:40,"19,7",14:04,,,,,,,,,
2021-10-26,3209Y,BRIHUEGA,GUADALAJARA,835,"12,4","0,0","4,8",06:24,"19,9",14:02,,,,,,,,,
2021-10-27,3209Y,BRIHUEGA,GUADALAJARA,835,"11,1","0,0","2,5",06:43,"19,7",13:50,,,,,,,,,
2021-10-28,3209Y,BRIHUEGA,GUADALAJARA,835,"11,6","0,0","4,8",01:22,"18,3",14:07,,,,,,,,,
2021-10-29,3209Y,BRIHUEGA,GUADALAJARA,835,"11,0","42,4","9,5",03:52,"12,6",09:23,,,,,,,,,
2021-10-30,3209Y,BRIHUEGA,GUADALAJARA,835,"14,4","2,6","11,5",23:42,"17,3",13:52,,,,,,,,,
2021-10-31,3209Y,BRIHUEGA,GUADALAJARA,835,"14,0","9,4","11,4",00:26,"16,7",13:00,,,,,,,,,
2021-11-01,3209Y,BRIHUEGA,GUADALAJARA,835,"10,3","0,0","4,4",23:57,"16,2",14:51,,,,,,,,,
2021-11-02,3209Y,BRIHUEGA,GUADALAJARA,835,"6,7","5,6","2,2",04:42,"11,2",13:24,,,,,,,,,
2021-11-03,3209Y,BRIHUEGA,GUADALAJARA,835,"5,6","0,0","1,1",23:52,"10,0",14:02,,,,,,,,,
2021-11-04,3209Y,BRIHUEGA,GUADALAJARA,835,"4,4","0,0","-1,2",06:48,"10,1",12:05,,,,,,,,,
2021-11-05,3209Y,BRIHUEGA,GUADALAJARA,835,"4,6","0,0","-1,1",Varias,"10,4",13:43,,,,,,,,,
2021-11-06,3209Y,BRIHUEGA,GUADALAJARA,835,"5,9","0,0","0,4",06:30,"11,4",13:46,,,,,,,,,
2021-11-07,3209Y,BRIHUEGA,GUADALAJARA,835,"6,4","0,0","0,7",06:55,"12,1",14:54,,,,,,,,,
2021-11-08,3209Y,BRIHUEGA,GUADALAJARA,835,"9,7","0,0","2,2",00:40,"17,2",13:07,,,,,,,,,
2021-11-09,3209Y,BRIHUEGA,GUADALAJARA,835,"9,2","0,0","3,0",06:49,"15,4",14:09,,,,,,,,,
2021-11-10,3209Y,BRIHUEGA,GUADALAJARA,835,"8,1","0,0","0,8",06:09,"15,4",13:08,,,,,,,,,
2021-11-11,3209Y,BRIHUEGA,GUADALAJARA,835,"8,6","0,0","0,6",Varias,"16,5",14:24,,,,,,,,,
2021-11-12,3209Y,BRIHUEGA,GUADALAJARA,835,"10,9","0,0","3,7",06:29,"18,1",13:33,,,,,,,,,
2021-11-13,3209Y,BRIHUEGA,GUADALAJARA,835,"9,0","0,0","2,6",06:23,"15,4",13:26,,,,,,,,,
2021-11-14,3209Y,BRIHUEGA,GUADALAJARA,835,"9,2","0,0","1,4",06:57,"16,9",13:58,,,,,,,,,
2021-11-15,3209Y,BRIHUEGA,GUADALAJARA,835,"6,8","0,0","0,7",23:59,"12,8",13:45,,,,,,,,,
2021-11-16,3209Y,BRIHUEGA,GUADALAJARA,835,"5,6","0,0","-0,3",03:00,"11,5",14:16,,,,,,,,,
2021-11-17,3209Y,BRIHUEGA,GUADALAJARA,835,"7,2","0,0","1,3",06:36,"13,1",14:26,,,,,,,,,
2021-11-18,3209Y,BRIHUEGA,GUADALAJARA,835,"6,6","0,0","-0,6",06:33,"13,8",12:32,,,,,,,,,
2021-11-19,3209Y,BRIHUEGA,GUADALAJARA,835,"6,6","0,0","-0,4",05:37,"13,6",14:22,,,,,,,,,
2021-11-20,3209Y,BRIHUEGA,GUADALAJARA,835,"6,2","0,0","2,6",00:10,"9,7",12:30,,,,,,,,,
2021-11-21,3209Y,BRIHUEGA,GUADALAJARA,835,"8,4","4,2","1,8",06:28,"14,9",14:11,,,,,,,,,
2021-11-22,3209Y,BRIHUEGA,GUADALAJARA,835,"4,3","9,4","2,9",23:50,"5,7",02:26,,,,,,,,,
2021-11-23,3209Y,BRIHUEGA,GUADALAJARA,835,"1,9","0,0","-0,1",07:25,"3,9",Varias,,,,,,,,,
2021-11-24,3209Y,BRIHUEGA,GUADALAJARA,835,"3,1","0,0","-1,0",05:39,"7,2",12:53,,,,,,,,,
2021-11-25,3209Y,BRIHUEGA,GUADALAJARA,835,"3,1","0,0","0,1",23:54,"6,1",12:38,,,,,,,,,
2021-11-26,3209Y,BRIHUEGA,GUADALAJARA,835,"3,2","0,0","-0,9",23:54,"7,3",13:45,,,,,,,,,
2021-11-27,3209Y,BRIHUEGA,GUADALAJARA,835,"2,2","0,4","-0,9",00:01,"5,2",14:34,,,,,,,,,
2021-11-28,3209Y,BRIHUEGA,GUADALAJARA,835,"1,8","0,0","-1,7",06:00,"5,2",13:21,,,,,,,,,
2021-11-29,3209Y,BRIHUEGA,GUADALAJARA,835,"6,2","0,0","1,5",23:58,"10,8",14:16,,,,,,,,,
2021-11-30,3209Y,BRIHUEGA,GUADALAJARA,835,"6,0","0,0","-0,5",23:59,"12,5",12:59,,,,,,,,,
2021-12-01,3209Y,BRIHUEGA,GUADALAJARA,835,"1,9","3,6","-2,6",05:47,"6,4",14:22,,,,,,,,,
2021-12-02,3209Y,BRIHUEGA,GUADALAJARA,835,"3,7","0,0","0,3",01:31,"7,1",13:55,,,,,,,,,
2021-12-03,3209Y,BRIHUEGA,GUADALAJARA,835,"5,9","0,0","0,4",23:32,"11,4",14:02,,,,,,,,,
2021-12-04,3209Y,BRIHUEGA,GUADALAJARA,835,"3,8","0,0","-2,6",07:23,"10,3",14:55,,,,,,,,,
2021-12-05,3209Y,BRIHUEGA,GUADALAJARA,835,"4,0","0,4","0,4",06:22,"7,7",13:15,,,,,,,,,
2021-12-06,3209Y,BRIHUEGA,GUADALAJARA,835,"5,2","0,0","-1,1",02:18,"11,4",13:25,,,,,,,,,
2021-12-07,3209Y,BRIHUEGA,GUADALAJARA,835,"3,9","3,6","-0,6",05:53,"8,4",Varias,,,,,,,,,
2021-12-08,3209Y,BRIHUEGA,GUADALAJARA,835,"3,4","0,4","-1,1",21:17,"8,0",00:01,,,,,,,,,
2021-12-09,3209Y,BRIHUEGA,GUADALAJARA,835,"4,4","0,0","0,0",06:35,"8,7",15:03,,,,,,,,,
2021-12-10,3209Y,BRIHUEGA,GUADALAJARA,835,"8,6","0,0","4,1",06:39,"13,1",12:30,,,,,,,,,
2021-12-11,3209Y,BRIHUEGA,GUADALAJARA,835,"8,7","0,0","2,1",07:42,"15,3",13:26,,,,,,,,,
2021-12-12,3209Y,BRIHUEGA,GUADALAJARA,835,"8,1","0,0","1,3",23:44,"14,9",14:50,,,,,,,,,
2021-12-13,3209Y,BRIHUEGA,GUADALAJARA,835,"7,2","0,0","-0,8",06:44,"15,3",14:24,,,,,,,,,
2021-12-14,3209Y,BRIHUEGA,GUADALAJARA,835,"9,6","0,0","0,2",06:54,"19,0",14:36,,,,,,,,,
2021-12-15,3209Y,BRIHUEGA,GUADALAJARA,835,"9,0","0,0","0,0",07:37,"18,1",14:37,,,,,,,,,
2021-12-16,3209Y,BRIHUEGA,GUADALAJARA,835,"7,9","0,0","-0,1",24:00,"15,9",13:59,,,,,,,,,
2021-12-17,3209Y,BRIHUEGA,GUADALAJARA,835,"6,7","0,0","-0,8",00:26,"14,2",13:40,,,,,,,,,
2021-12-18,3209Y,BRIHUEGA,GUADALAJARA,835,"3,8","0,0","-2,8",05:31,"10,4",14:35,,,,,,,,,
2021-12-19,3209Y,BRIHUEGA,GUADALAJARA,835,"4,4","0,0","-0,2",23:58,"8,9",15:02,,,,,,,,,
2021-12-20,3209Y,BRIHUEGA,GUADALAJARA,835,"3,4","0,0","-1,8",04:55,"8,5",15:44,,,,,,,,,
2021-12-21,3209Y,BRIHUEGA,GUADALAJARA,835,"7,2","0,2","3,5",06:19,"10,9",12:21,,,,,,,,,
2021-12-22,3209Y,BRIHUEGA,GUADALAJARA,835,"8,4","0,0","4,3",03:23,"12,4",Varias,,,,,,,,,
2021-12-23,3209Y,BRIHUEGA,GUADALAJARA,835,"6,6","3,2","3,8",00:41,"9,5",15:21,,,,,,,,,
2021-12-24,3209Y,BRIHUEGA,GUADALAJARA,835,"8,6","3,2","7,7",01:47,"9,4",15:01,,,,,,,,,
2021-12-25,3209Y,BRIHUEGA,GUADALAJARA,835,"7,4","5,0","6,3",03:56,"8,4",12:36,,,,,,,,,
2021-12-26,3209Y,BRIHUEGA,GUADALAJARA,835,"8,2","12,4","7,0",Varias,"9,4",23:55,,,,,,,,,
2021-12-27,3209Y,BRIHUEGA,GUADALAJARA,835,"10,2","0,0","7,7",23:30,"12,6",12:36,,,,,,,,,
2021-12-28,3209Y,BRIHUEGA,GUADALAJARA,835,"10,0","0,0","7,0",19:50,"13,0",13:28,,,,,,,,,
2021-12-29,3209Y,BRIHUEGA,GUADALAJARA,835,"8,9","0,0","3,3",23:48,"14,5",15:04,,,,,,,,,
2021-12-30,3209Y,BRIHUEGA,GUADALAJARA,835,"10,0","0,0","1,1",07:46,"18,8",14:49,,,,,,,,,
2021-12-31,3209Y,BRIHUEGA,GUADALAJARA,835,"10,8","0,0","1,0",07:34,"20,5",14:18,,,,,,,,,
2022-01-01,3209Y,BRIHUEGA,GUADALAJARA,835,"10,6","0,0","0,4",Varias,"20,7",14:27,,,,,,,,,
2022-01-02,3209Y,BRIHUEGA,GUADALAJARA,835,"9,4","0,0","2,6",02:32,"16,3",15:00,,,,,,,,,
2022-01-03,3209Y,BRIHUEGA,GUADALAJARA,835,"8,0","0,0","1,6",04:28,"14,5",13:53,,,,,,,,,
2022-01-04,3209Y,BRIHUEGA,GUADALAJARA,835,"5,9","9,2","0,8",23:57,"11,0",14:27,,,,,,,,,
2022-01-05,3209Y,BRIHUEGA,GUADALAJARA,835,"3,1","4,6","-0,7",07:52,"6,9",12:50,,,,,,,,,
2022-01-06,3209Y,BRIHUEGA,GUADALAJARA,835,"2,6","0,0","-2,0",20:15,"7,1",14:35,,,,,,,,,
2022-01-07,3209Y,BRIHUEGA,GUADALAJARA,835,"3,5","0,0","-1,5",07:24,"8,5",13:48,,,,,,,,,
2022-01-08,3209Y,BRIHUEGA,GUADALAJARA,835,"1,8","0,0","-4,4",07:24,"8,1",15:01,,,,,,,,,
2022-01-09,3209Y,BRIHUEGA,GUADALAJARA,835,"4,2","0,0","-3,1",03:01,"11,5",14:28,,,,,,,,,
2022-01-10,3209Y,BRIHUEGA,GUADALAJARA,835,"9,1","0,0","4,0",06:52,"14,2",11:55,,,,,,,,,
2022-01-11,3209Y,BRIHUEGA,GUADALAJARA,835,"7,2","0,0","1,3",05:07,"13,2",14:05,,,,,,,,,
2022-01-12,3209Y,BRIHUEGA,GUADALAJARA,835,"5,4","0,0","-1,5",24:00,"12,2",14:37,,,,,,,,,
2022-01-13,3209Y,BRIHUEGA,GUADALAJARA,835,"2,6","0,0","-4,0",07:49,"9,1",13:51,,,,,,,,,
2022-01-14,3209Y,BRIHUEGA,GUADALAJARA,835,"1,2","0,0","-6,0",07:28,"8,3",12:37,,,,,,,,,
2022-01-15,3209Y,BRIHUEGA,GUADALAJARA,835,"1,6","0,0","-5,7",07:34,"8,8",14:42,,,,,,,,,
2022-01-16,3209Y,BRIHUEGA,GUADALAJARA,835,"2,6","0,0","-5,8",06:54,"10,9",15:06,,,,,,,,,
2022-01-17,3209Y,BRIHUEGA,GUADALAJARA,835,"4,2","0,0","-3,2",Varias,"11,6",14:59,,,,,,,,,
2022-01-18,3209Y,BRIHUEGA,GUADALAJARA,835,"5,2","0,0","-4,7",07:24,"15,0",14:55,,,,,,,,,
2022-01-19,3209Y,BRIHUEGA,GUADALAJARA,835,"4,9","0,0","-5,0",07:47,"14,8",13:57,,,,,,,,,
2022-01-20,3209Y,BRIHUEGA,GUADALAJARA,835,"4,6","0,0","-1,2",04:56,"10,5",12:44,,,,,,,,,
2022-01-21,3209Y,BRIHUEGA,GUADALAJARA,835,"2,4","0,0","-2,9",Varias,"7,7",14:44,,,,,,,,,
2022-01-22,3209Y,BRIHUEGA,GUADALAJARA,835,"2,2","0,0","-5,6",06:50,"9,9",14:43,,,,,,,,,
2022-01-23,3209Y,BRIHUEGA,GUADALAJARA,835,"2,8","0,0","-4,1",04:31,"9,6",Varias,,,,,,,,,
2022-01-24,3209Y,BRIHUEGA,GUADALAJARA,835,"2,3","0,0","-3,7",07:37,"8,3",14:15,,,,,,,,,
2022-01-25,3209Y,BRIHUEGA,GUADALAJARA,835,"4,5","0,0","-1,9",23:56,"10,9",13:53,,,,,,,,,
2022-01-26,3209Y,BRIHUEGA,GUADALAJARA,835,"3,8","0,0","-3,9",07:25,"11,4",14:26,,,,,,,,,
2022-01-27,3209Y,BRIHUEGA,GUADALAJARA,835,"5,6","0,0","-2,6",03:25,"13,9",14:25,,,,,,,,,
2022-01-28,3209Y,BRIHUEGA,GUADALAJARA,835,"6,8","0,0","-2,1",06:41,"15,7",14:13,,,,,,,,,
2022-01-29,3209Y,BRIHUEGA,GUADALAJARA,835,"6,8","0,0","-3,9",06:47,"17,4",14:03,,,,,,,,,
2022-01-30,3209Y,BRIHUEGA,GUADALAJARA,835,"7,0","0,0","-3,5",07:19,"17,4",14:17,,,,,,,,,
2022-01-31,3209Y,BRIHUEGA,GUADALAJARA,835,"6,4","0,0","-2,3",04:44,"15,2",14:17,,,,,,,,,
2022-02-01,3209Y,BRIHUEGA,GUADALAJARA,835,"5,9","0,0","0,1",02:43,"11,7",13:30,,,,,,,,,
2022-02-02,3209Y,BRIHUEGA,GUADALAJARA,835,"12,0","0,0","1,6",Varias,"22,5",13:44,,,,,,,,,
2022-02-03,3209Y,BRIHUEGA,GUADALAJARA,835,"8,2","0,0","-1,1",05:02,"17,4",13:02,,,,,,,,,
2022-02-04,3209Y,BRIHUEGA,GUADALAJARA,835,"8,0","0,0","2,5",05:16,"13,5",13:30,,,,,,,,,
2022-02-05,3209Y,BRIHUEGA,GUADALAJARA,835,"6,3","0,0","-0,2",23:54,"12,8",13:55,,,,,,,,,
2022-02-06,3209Y,BRIHUEGA,GUADALAJARA,835,"5,7","0,0","-2,2",04:40,"13,6",13:59,,,,,,,,,
2022-02-07,3209Y,BRIHUEGA,GUADALAJARA,835,"7,3","0,0","-0,4",00:40,"15,0",13:56,,,,,,,,,
2022-02-08,3209Y,BRIHUEGA,GUADALAJARA,835,"7,6","0,0","-1,6",05:59,"16,9",14:22,,,,,,,,,
2022-02-09,3209Y,BRIHUEGA,GUADALAJARA,835,"7,2","0,0","-2,1",07:09,"16,6",14:28,,,,,,,,,
2022-02-10,3209Y,BRIHUEGA,GUADALAJARA,835,"7,8","0,0","-1,9",07:10,"17,4",14:56,,,,,,,,,
2022-02-11,3209Y,BRIHUEGA,GUADALAJARA,835,"8,4","0,0","2,2",06:35,"14,6",13:44,,,,,,,,,
2022-02-12,3209Y,BRIHUEGA,GUADALAJARA,835,"8,4","0,0","2,7",07:28,"14,2",15:06,,,,,,,,,
2022-02-13,3209Y,BRIHUEGA,GUADALAJARA,835,"6,8","2,8","2,1",04:11,"11,4",14:41,,,,,,,,,
2022-02-14,3209Y,BRIHUEGA,GUADALAJARA,835,"4,0","0,4","-1,7",23:09,"9,7",12:54,,,,,,,,,
2022-02-15,3209Y,BRIHUEGA,GUADALAJARA,835,"3,7","0,0","-3,7",06:41,"11,1",14:06,,,,,,,,,
2022-02-16,3209Y,BRIHUEGA,GUADALAJARA,835,"6,0","0,0","-2,1",06:58,"14,2",14:26,,,,,,,,,
2022-02-17,3209Y,BRIHUEGA,GUADALAJARA,835,"9,6","0,0","-0,4",05:13,"19,6",14:52,,,,,,,,,
2022-02-18,3209Y,BRIHUEGA,GUADALAJARA,835,"9,6","0,0","0,7",06:32,"18,5",14:27,,,,,,,,,
2022-02-19,3209Y,BRIHUEGA,GUADALAJARA,835,"5,0","0,0","-0,4",23:59,"10,4",14:35,,,,,,,,,
2022-02-20,3209Y,BRIHUEGA,GUADALAJARA,835,"4,7","0,0","-3,8",06:44,"13,2",14:21,,,,,,,,,
2022-02-21,3209Y,BRIHUEGA,GUADALAJARA,835,"7,8","0,0","0,1",05:39,"15,4",14:28,,,,,,,,,
2022-02-22,3209Y,BRIHUEGA,GUADALAJARA,835,"9,6","0,0","1,8",05:20,"17,4",14:04,,,,,,,,,
2022-02-23,3209Y,BRIHUEGA,GUADALAJARA,835,"8,0","0,0","-0,9",06:57,"16,9",14:00,,,,,,,,,
2022-02-24,3209Y,BRIHUEGA,GUADALAJARA,835,"8,4","0,0","0,0",06:28,"16,8",14:53,,,,,,,,,
2022-02-25,3209Y,BRIHUEGA,GUADALAJARA,835,"7,5","0,6","3,7",23:58,"11,3",13:42,,,,,,,,,
2022-02-26,3209Y,BRIHUEGA,GUADALAJARA,835,"5,8","3,2","2,9",00:34,"8,8",12:53,,,,,,,,,
2022-02-27,3209Y,BRIHUEGA,GUADALAJARA,835,"7,0","0,0","3,4",22:25,"10,7",15:25,,,,,,,,,
2022-02-28,3209Y,BRIHUEGA,GUADALAJARA,835,"8,2","0,0","1,0",04:49,"15,3",14:19,,,,,,,,,
2022-03-01,3209Y,BRIHUEGA,GUADALAJARA,835,"8,1","0,0","-0,3",06:51,"16,5",14:31,,,,,,,,,
2022-03-02,3209Y,BRIHUEGA,GUADALAJARA,835,"9,0","0,0","2,5",23:59,"15,4",14:10,,,,,,,,,
2022-03-03,3209Y,BRIHUEGA,GUADALAJARA,835,"5,4","10,6","0,1",06:38,"10,7",10:50,,,,,,,,,
2022-03-04,3209Y,BRIHUEGA,GUADALAJARA,835,"5,8","0,0","0,9",23:59,"10,7",13:23,,,,,,,,,
2022-03-05,3209Y,BRIHUEGA,GUADALAJARA,835,"4,1","0,0","-1,5",Varias,"9,7",13:40,,,,,,,,,
2022-03-06,3209Y,BRIHUEGA,GUADALAJARA,835,"3,9","3,8","-0,7",02:30,"8,5",15:25,,,,,,,,,
2022-03-07,3209Y,BRIHUEGA,GUADALAJARA,835,"5,4","4,4","1,9",02:59,"9,0",15:06,,,,,,,,,
2022-03-08,3209Y,BRIHUEGA,GUADALAJARA,835,"5,4","0,0","1,3",23:41,"9,6",15:50,,,,,,,,,
2022-03-09,3209Y,BRIHUEGA,GUADALAJARA,835,"4,7","0,0","-0,8",05:38,"10,2",14:04,,,,,,,,,
2022-03-10,3209Y,BRIHUEGA,GUADALAJARA,835,"8,4","0,0","4,6",06:59,"12,2",15:13,,,,,,,,,
2022-03-11,3209Y,BRIHUEGA,GUADALAJARA,835,"7,1","7,8","3,6",04:22,"10,6",15:23,,,,,,,,,
2022-03-12,3209Y,BRIHUEGA,GUADALAJARA,835,"6,0","12,2","0,9",06:30,"11,0",13:44,,,,,,,,,
2022-03-13,3209Y,BRIHUEGA,GUADALAJARA,835,"7,0","0,2","2,1",06:56,"12,0",14:42,,,,,,,,,
2022-03-14,3209Y,BRIHUEGA,GUADALAJARA,835,"7,6","8,4","3,1",09:18,"12,1",16:57,,,,,,,,,
2022-03-15,3209Y,BRIHUEGA,GUADALAJARA,835,"13,4","0,0","9,8",Varias,"17,0",14:40,,,,,,,,,
2022-03-16,3209Y,BRIHUEGA,GUADALAJARA,835,"10,9","0,0","7,6",07:29,"14,2",13:48,,,,,,,,,
2022-03-17,3209Y,BRIHUEGA,GUADALAJARA,835,"7,2","0,0","5,2",23:55,"9,2",14:47,,,,,,,,,
2022-03-18,3209Y,BRIHUEGA,GUADALAJARA,835,"7,6","0,0","4,4",01:58,"10,8",15:42,,,,,,,,,
2022-03-19,3209Y,BRIHUEGA,GUADALAJARA,835,"7,4","0,0","3,5",05:34,"11,3",13:56,,,,,,,,,
2022-03-20,3209Y,BRIHUEGA,GUADALAJARA,835,"7,2","0,6","2,7",06:28,"11,8",14:40,,,,,,,,,
2022-03-21,3209Y,BRIHUEGA,GUADALAJARA,835,"8,5","4,0","6,2",23:25,"10,8",11:21,,,,,,,,,
2022-03-22,3209Y,BRIHUEGA,GUADALAJARA,835,"7,7","1,0","5,6",23:54,"9,8",14:01,,,,,,,,,
2022-03-23,3209Y,BRIHUEGA,GUADALAJARA,835,"7,6","0,2","3,5",02:43,"11,8",14:18,,,,,,,,,
2022-03-24,3209Y,BRIHUEGA,GUADALAJARA,835,"8,1","2,2","4,8",Varias,"11,4",14:28,,,,,,,,,
2022-03-25,3209Y,BRIHUEGA,GUADALAJARA,835,"8,8","2,6","5,8",23:32,"11,9",13:50,,,,,,,,,
2022-03-26,3209Y,BRIHUEGA,GUADALAJARA,835,"8,0","0,6","5,3",06:42,"10,8",12:56,,,,,,,,,
2022-03-27,3209Y,BRIHUEGA,GUADALAJARA,835,"8,9","0,0","3,9",23:58,"13,9",15:15,,,,,,,,,
2022-03-28,3209Y,BRIHUEGA,GUADALAJARA,835,"8,8","0,0","1,6",05:59,"15,9",Varias,,,,,,,,,
2022-03-29,3209Y,BRIHUEGA,GUADALAJARA,835,"11,4","0,6","6,1",02:08,"16,7",14:30,,,,,,,,,
2022-03-30,3209Y,BRIHUEGA,GUADALAJARA,835,"5,8","2,0","2,2",23:31,"9,4",11:13,,,,,,,,,
2022-03-31,3209Y,BRIHUEGA,GUADALAJARA,835,"5,2","1,8","0,6",03:37,"9,8",14:50,,,,,,,,,
2022-04-01,3209Y,BRIHUEGA,GUADALAJARA,835,"2,8","0,0","-2,0",21:36,"7,7",12:48,,,,,,,,,
2022-04-02,3209Y,BRIHUEGA,GUADALAJARA,835,"2,3","0,0","-3,4",01:30,"8,0",14:08,,,,,,,,,
2022-04-03,3209Y,BRIHUEGA,GUADALAJARA,835,"1,6","0,0","-4,9",04:20,"8,1",14:35,,,,,,,,,
2022-04-04,3209Y,BRIHUEGA,GUADALAJARA,835,"3,0","0,0","-4,7",05:45,"10,7",14:48,,,,,,,,,
2022-04-05,3209Y,BRIHUEGA,GUADALAJARA,835,"6,6","0,0","0,0",04:19,"13,1",16:04,,,,,,,,,
2022-04-06,3209Y,BRIHUEGA,GUADALAJARA,835,"7,4","0,0","0,6",02:49,"14,3",14:21,,,,,,,,,
2022-04-07,3209Y,BRIHUEGA,GUADALAJARA,835,"9,3","0,0","0,7",05:31,"17,9",13:47,,,,,,,,,
2022-04-08,3209Y,BRIHUEGA,GUADALAJARA,835,"8,6","0,0","2,8",03:53,"14,4",13:24,,,,,,,,,
2022-04-09,3209Y,BRIHUEGA,GUADALAJARA,835,"11,6","0,0","5,3",06:03,"17,9",14:17,,,,,,,,,
2022-04-10,3209Y,BRIHUEGA,GUADALAJARA,835,"14,0","0,0","7,9",01:45,"20,0",15:26,,,,,,,,,
2022-04-11,3209Y,BRIHUEGA,GUADALAJARA,835,"14,6","6,8","8,2",06:23,"21,1",12:09,,,,,,,,,
2022-04-12,3209Y,BRIHUEGA,GUADALAJARA,835,"9,0","0,0","5,4",23:49,"12,6",15:04,,,,,,,,,
2022-04-13,3209Y,BRIHUEGA,GUADALAJARA,835,"10,8","0,0","4,5",02:55,"17,0",14:44,,,,,,,,,
2022-04-14,3209Y,BRIHUEGA,GUADALAJARA,835,"13,2","0,0","6,9",Varias,"19,4",15:33,,,,,,,,,
2022-04-15,3209Y,BRIHUEGA,GUADALAJARA,835,"14,3","0,0","6,0",04:27,"22,6",14:22,,,,,,,,,
2022-04-16,3209Y,BRIHUEGA,GUADALAJARA,835,"15,4","0,0","7,1",04:53,"23,8",13:59,,,,,,,,,
2022-04-17,3209Y,BRIHUEGA,GUADALAJARA,835,"13,8","0,0","3,5",05:05,"24,0",13:52,,,,,,,,,
2022-04-18,3209Y,BRIHUEGA,GUADALAJARA,835,"15,6","0,0","7,9",04:35,"23,4",12:40,,,,,,,,,
2022-04-19,3209Y,BRIHUEGA,GUADALAJARA,835,"8,4","12,4","4,3",23:52,"12,6",13:24,,,,,,,,,
2022-04-20,3209Y,BRIHUEGA,GUADALAJARA,835,"5,4","6,4","0,5",04:11,"10,2",14:18,,,,,,,,,
2022-04-21,3209Y,BRIHUEGA,GUADALAJARA,835,"6,9","0,0","0,6",03:57,"13,2",16:27,,,,,,,,,
2022-04-22,3209Y,BRIHUEGA,GUADALAJARA,835,"7,0","15,0","4,3",23:47,"9,6",10:15,,,,,,,,,
2022-04-23,3209Y,BRIHUEGA,GUADALAJARA,835,"5,7","2,0","2,9",04:58,"8,5",15:11,,,,,,,,,
2022-04-24,3209Y,BRIHUEGA,GUADALAJARA,835,"8,0","0,0","1,2",05:51,"14,8",15:50,,,,,,,,,
2022-04-25,3209Y,BRIHUEGA,GUADALAJARA,835,"11,0","0,0","3,0",05:21,"18,9",14:29,,,,,,,,,
2022-04-26,3209Y,BRIHUEGA,GUADALAJARA,835,"12,8","8,0","5,7",00:32,"19,9",12:06,,,,,,,,,
2022-04-27,3209Y,BRIHUEGA,GUADALAJARA,835,"10,6","0,4","8,6",Varias,"12,7",Varias,,,,,,,,,
2022-04-28,3209Y,BRIHUEGA,GUADALAJARA,835,"11,4","3,4","8,0",Varias,"14,9",17:21,,,,,,,,,
2022-04-29,3209Y,BRIHUEGA,GUADALAJARA,835,"13,5","0,0","5,8",05:17,"21,2",13:57,,,,,,,,,
2022-04-30,3209Y,BRIHUEGA,GUADALAJARA,835,"14,4","0,0","8,1",05:25,"20,8",13:43,,,,,,,,,
2022-05-01,3209Y,BRIHUEGA,GUADALAJARA,835,"14,6","1,2","6,2",05:14,"23,0",14:29,,,,,,,,,
2022-05-02,3209Y,BRIHUEGA,GUADALAJARA,835,"11,9","6,6","9,2",20:25,"14,6",11:37,,,,,,,,,
2022-05-03,3209Y,BRIHUEGA,GUADALAJARA,835,"10,9","0,0","8,0",05:18,"13,8",14:53,,,,,,,,,
2022-05-04,3209Y,BRIHUEGA,GUADALAJARA,835,"11,7","0,0","6,3",02:49,"17,1",12:07,,,,,,,,,
2022-05-05,3209Y,BRIHUEGA,GUADALAJARA,835,"12,4","0,0","4,4",06:04,"20,4",15:38,,,,,,,,,
2022-05-06,3209Y,BRIHUEGA,GUADALAJARA,835,"12,0","0,0","3,6",03:28,"20,5",15:46,,,,,,,,,
2022-05-07,3209Y,BRIHUEGA,GUADALAJARA,835,"13,3","0,0","5,0",05:18,"21,6",16:00,,,,,,,,,
2022-05-08,3209Y,BRIHUEGA,GUADALAJARA,835,"14,8","0,0","5,6",05:22,"23,9",15:42,,,,,,,,,
2022-05-09,3209Y,BRIHUEGA,GUADALAJARA,835,"15,4","0,0","5,9",05:19,"24,8",14:11,,,,,,,,,
2022-05-10,3209Y,BRIHUEGA,GUADALAJARA,835,"16,9","0,0","7,4",04:56,"26,4",14:43,,,,,,,,,
2022-05-11,3209Y,BRIHUEGA,GUADALAJARA,835,"18,7","0,0","9,9",05:11,"27,5",15:39,,,,,,,,,
2022-05-12,3209Y,BRIHUEGA,GUADALAJARA,835,"17,9","0,0","11,2",05:35,"24,6",15:35,,,,,,,,,
2022-05-13,3209Y,BRIHUEGA,GUADALAJARA,835,"17,9","0,0","8,8",04:55,"27,0",15:17,,,,,,,,,
2022-05-14,3209Y,BRIHUEGA,GUADALAJARA,835,"18,4","0,4","11,9",05:15,"25,0",14:42,,,,,,,,,
2022-05-15,3209Y,BRIHUEGA,GUADALAJARA,835,"17,0","0,0","10,6",24:00,"23,3",15:01,,,,,,,,,
2022-05-16,3209Y,BRIHUEGA,GUADALAJARA,835,"16,2","0,0","7,8",04:36,"24,7",15:43,,,,,,,,,
2022-05-17,3209Y,BRIHUEGA,GUADALAJARA,835,"17,4","0,0","8,4",04:54,"26,3",15:16,,,,,,,,,
2022-05-18,3209Y,BRIHUEGA,GUADALAJARA,835,"20,6","0,0","11,0",04:36,"30,1",15:04,,,,,,,,,
2022-05-19,3209Y,BRIHUEGA,GUADALAJARA,835,"23,4","0,0","15,7",05:13,"31,2",14:20,,,,,,,,,
2022-05-20,3209Y,BRIHUEGA,GUADALAJARA,835,"22,8","0,0","14,2",04:51,"31,5",14:54,,,,,,,,,
2022-05-21,3209Y,BRIHUEGA,GUADALAJARA,835,"23,2","0,0","14,0",05:13,"32,5",13:50,,,,,,,,,
2022-05-22,3209Y,BRIHUEGA,GUADALAJARA,835,"18,8","0,0","11,7",23:59,"26,0",12:39,,,,,,,,,
2022-05-23,3209Y,BRIHUEGA,GUADALAJARA,835,"17,4","0,0","9,1",04:47,"25,6",15:12,,,,,,,,,
2022-05-24,3209Y,BRIHUEGA,GUADALAJARA,835,"12,2","0,2","4,6",23:46,"19,7",11:54,,,,,,,,,
2022-05-25,3209Y,BRIHUEGA,GUADALAJARA,835,"11,0","0,0","2,1",05:21,"19,9",15:49,,,,,,,,,
2022-05-26,3209Y,BRIHUEGA,GUADALAJARA,835,"15,6","0,0","6,0",05:00,"25,2",15:28,,,,,,,,,
2022-05-27,3209Y,BRIHUEGA,GUADALAJARA,835,"18,6","0,0","8,3",05:13,"28,9",15:21,,,,,,,,,
2022-05-28,3209Y,BRIHUEGA,GUADALAJARA,835,"20,0","0,0","9,4",05:04,"30,7",12:51,,,,,,,,,
2022-05-29,3209Y,BRIHUEGA,GUADALAJARA,835,"20,1","0,0","10,9",04:55,"29,3",13:23,,,,,,,,,
2022-05-30,3209Y,BRIHUEGA,GUADALAJARA,835,"16,3","0,0","10,5",04:23,"22,1",13:16,,,,,,,,,
2022-05-31,3209Y,BRIHUEGA,GUADALAJARA,835,"17,8","0,0","8,1",Varias,"27,5",15:45,,,,,,,,,
2022-06-01,3209Y,BRIHUEGA,GUADALAJARA,835,"19,2","0,0","10,8",05:03,"27,5",14:27,,,,,,,,,
2022-06-02,3209Y,BRIHUEGA,GUADALAJARA,835,"19,7","0,0","13,1",04:15,"26,3",14:48,,,,,,,,,
2022-06-03,3209Y,BRIHUEGA,GUADALAJARA,835,"18,9","0,0","11,9",04:54,"25,9",15:19,,,,,,,,,
2022-06-04,3209Y,BRIHUEGA,GUADALAJARA,835,"17,8","0,0","10,0",05:06,"25,5",15:14,,,,,,,,,
2022-06-05,3209Y,BRIHUEGA,GUADALAJARA,835,"17,8","0,0","8,0",04:50,"27,6",16:33,,,,,,,,,
2022-06-06,3209Y,BRIHUEGA,GUADALAJARA,835,"19,4","0,0","10,3",04:39,"28,4",15:34,,,,,,,,,
2022-06-07,3209Y,BRIHUEGA,GUADALAJARA,835,"21,0","0,0","11,9",04:36,"30,1",14:32,,,,,,,,,
2022-06-08,3209Y,BRIHUEGA,GUADALAJARA,835,"20,6","0,0","13,4",04:52,"27,9",12:56,,,,,,,,,
2022-06-09,3209Y,BRIHUEGA,GUADALAJARA,835,"22,0","0,0","13,1",04:27,"30,9",16:07,,,,,,,,,
2022-06-10,3209Y,BRIHUEGA,GUADALAJARA,835,"23,5","0,0","12,6",05:42,"34,4",16:10,,,,,,,,,
2022-06-11,3209Y,BRIHUEGA,GUADALAJARA,835,"24,6","0,0","15,3",05:34,"34,0",13:49,,,,,,,,,
2022-06-12,3209Y,BRIHUEGA,GUADALAJARA,835,"24,2","0,0","15,7",04:34,"32,6",13:05,,,,,,,,,
2022-06-13,3209Y,BRIHUEGA,GUADALAJARA,835,"25,6","0,0","15,4",04:45,"35,8",15:06,,,,,,,,,
2022-06-14,3209Y,BRIHUEGA,GUADALAJARA,835,"27,4","0,0","17,9",05:12,"36,9",15:49,,,,,,,,,
2022-06-15,3209Y,BRIHUEGA,GUADALAJARA,835,"27,4","0,0","17,7",03:52,"37,0",13:24,,,,,,,,,
2022-06-16,3209Y,BRIHUEGA,GUADALAJARA,835,"27,7","1,2","19,1",21:47,"36,3",13:10,,,,,,,,,
2022-06-17,3209Y,BRIHUEGA,GUADALAJARA,835,"27,2","0,0","17,7",04:12,"36,7",15:16,,,,,,,,,
2022-06-18,3209Y,BRIHUEGA,GUADALAJARA,835,"27,8","0,0","19,0",03:51,"36,6",14:42,,,,,,,,,
2022-06-19,3209Y,BRIHUEGA,GUADALAJARA,835,"20,8","0,0","14,7",23:30,"26,9",16:21,,,,,,,,,
2022-06-20,3209Y,BRIHUEGA,GUADALAJARA,835,"19,9","0,0","12,3",05:00,"27,5",13:59,,,,,,,,,
2022-06-21,3209Y,BRIHUEGA,GUADALAJARA,835,"17,0","0,0","9,2",04:37,"24,7",12:44,,,,,,,,,
2022-06-22,3209Y,BRIHUEGA,GUADALAJARA,835,"16,8","1,0","10,8",04:43,"22,9",16:31,,,,,,,,,
2022-06-23,3209Y,BRIHUEGA,GUADALAJARA,835,"15,6","0,0","9,2",02:41,"21,9",14:16,,,,,,,,,
2022-06-24,3209Y,BRIHUEGA,GUADALAJARA,835,"16,3","0,0","7,7",04:59,"24,9",15:36,,,,,,,,,
2022-06-25,3209Y,BRIHUEGA,GUADALAJARA,835,"17,5","0,0","9,4",03:55,"25,6",14:37,,,,,,,,,
2022-06-26,3209Y,BRIHUEGA,GUADALAJARA,835,"19,2","0,0","12,0",05:02,"26,5",15:20,,,,,,,,,
2022-06-27,3209Y,BRIHUEGA,GUADALAJARA,835,"19,0","0,0","12,3",23:57,"25,6",15:36,,,,,,,,,
2022-06-28,3209Y,BRIHUEGA,GUADALAJARA,835,"18,6","0,0","8,2",04:59,"28,9",14:59,,,,,,,,,
2022-06-29,3209Y,BRIHUEGA,GUADALAJARA,835,"21,0","0,0","11,2",04:54,"30,7",15:16,,,,,,,,,
2022-06-30,3209Y,BRIHUEGA,GUADALAJARA,835,"20,6","0,0","12,8",Varias,"28,3",15:09,,,,,,,,,
2022-07-01,3209Y,BRIHUEGA,GUADALAJARA,835,"20,4","0,0","10,0",05:14,"30,7",16:35,,,,,,,,,
2022-07-02,3209Y,BRIHUEGA,GUADALAJARA,835,"24,6","0,0","15,6",05:35,"33,6",16:03,,,,,,,,,
2022-07-03,3209Y,BRIHUEGA,GUADALAJARA,835,"25,0","0,0","16,9",05:06,"33,2",13:56,,,,,,,,,
2022-07-04,3209Y,BRIHUEGA,GUADALAJARA,835,"24,2","0,0","15,8",04:32,"32,7",14:46,,,,,,,,,
2022-07-05,3209Y,BRIHUEGA,GUADALAJARA,835,"24,4","0,0","14,6",04:58,"34,3",14:31,,,,,,,,,
2022-07-06,3209Y,BRIHUEGA,GUADALAJARA,835,"21,9","0,0","14,5",23:56,"29,3",12:24,,,,,,,,,
2022-07-07,3209Y,BRIHUEGA,GUADALAJARA,835,"20,8","0,0","12,2",04:12,"29,3",14:56,,,,,,,,,
2022-07-08,3209Y,BRIHUEGA,GUADALAJARA,835,"23,0","0,0","12,6",05:04,"33,5",14:42,,,,,,,,,
2022-07-09,3209Y,BRIHUEGA,GUADALAJARA,835,"25,3","0,0","15,7",05:31,"34,9",15:10,,,,,,,,,
2022-07-10,3209Y,BRIHUEGA,GUADALAJARA,835,"26,2","0,0","16,5",04:53,"35,8",14:34,,,,,,,,,
2022-07-11,3209Y,BRIHUEGA,GUADALAJARA,835,"27,0","0,0","17,3",04:59,"36,7",14:53,,,,,,,,,
2022-07-12,3209Y,BRIHUEGA,GUADALAJARA,835,"27,0","0,0","17,5",04:50,"36,5",16:01,,,,,,,,,
2022-07-13,3209Y,BRIHUEGA,GUADALAJARA,835,"28,0","0,0","18,2",05:06,"37,9",15:00,,,,,,,,,
2022-07-14,3209Y,BRIHUEGA,GUADALAJARA,835,"29,4","0,0","19,5",05:22,"39,2",14:28,,,,,,,,,
2022-07-15,3209Y,BRIHUEGA,GUADALAJARA,835,"27,2","0,0","16,6",05:10,"37,8",16:23,,,,,,,,,
2022-07-16,3209Y,BRIHUEGA,GUADALAJARA,835,"28,2","0,0","17,9",04:56,"38,5",15:38,,,,,,,,,
2022-07-17,3209Y,BRIHUEGA,GUADALAJARA,835,"28,0","0,0","18,7",05:05,"37,4",15:31,,,,,,,,,
2022-07-18,3209Y,BRIHUEGA,GUADALAJARA,835,"27,6","0,0","18,6",05:04,"36,5",15:57,,,,,,,,,
2022-07-19,3209Y,BRIHUEGA,GUADALAJARA,835,"25,2","0,0","17,9",23:46,"32,6",15:34,,,,,,,,,
2022-07-20,3209Y,BRIHUEGA,GUADALAJARA,835,"25,2","0,0","15,1",04:42,"35,3",14:27,,,,,,,,,
2022-07-21,3209Y,BRIHUEGA,GUADALAJARA,835,"26,0","0,0","16,7",05:03,"35,4",14:11,,,,,,,,,
2022-07-22,3209Y,BRIHUEGA,GUADALAJARA,835,"26,6","0,0","17,9",05:02,"35,3",15:07,,,,,,,,,
2022-07-23,3209Y,BRIHUEGA,GUADALAJARA,835,"25,5","0,0","14,7",05:07,"36,3",15:22,,,,,,,,,
2022-07-24,3209Y,BRIHUEGA,GUADALAJARA,835,"26,2","0,0","15,9",04:44,"36,6",16:28,,,,,,,,,
2022-07-25,3209Y,BRIHUEGA,GUADALAJARA,835,"26,6","0,0","17,5",04:22,"35,7",14:00,,,,,,,,,
2022-07-26,3209Y,BRIHUEGA,GUADALAJARA,835,"24,8","0,0","15,7",05:41,"33,8",14:21,,,,,,,,,
2022-07-27,3209Y,BRIHUEGA,GUADALAJARA,835,"25,0","0,0","16,8",05:01,"33,2",15:58,,,,,,,,,
2022-07-28,3209Y,BRIHUEGA,GUADALAJARA,835,"24,6","0,0","15,5",04:45,"33,8",15:56,,,,,,,,,
2022-07-29,3209Y,BRIHUEGA,GUADALAJARA,835,"24,8","0,0","15,6",04:44,"34,1",14:44,,,,,,,,,
2022-07-30,3209Y,BRIHUEGA,GUADALAJARA,835,"26,1","0,0","16,7",05:05,"35,5",14:48,,,,,,,,,
2022-07-31,3209Y,BRIHUEGA,GUADALAJARA,835,"25,2","0,0","16,5",05:22,"33,8",15:41,,,,,,,,,
2022-08-01,3209Y,BRIHUEGA,GUADALAJARA,835,"27,4","0,0","18,5",05:29,"36,4",15:47,,,,,,,,,
2022-08-02,3209Y,BRIHUEGA,GUADALAJARA,835,"27,9","0,4","19,1",05:21,"36,7",12:57,,,,,,,,,
2022-08-03,3209Y,BRIHUEGA,GUADALAJARA,835,"28,2","0,0","20,7",03:42,"35,6",15:04,,,,,,,,,
2022-08-04,3209Y,BRIHUEGA,GUADALAJARA,835,"26,7","0,0","18,1",05:16,"35,3",15:58,,,,,,,,,
2022-08-05,3209Y,BRIHUEGA,GUADALAJARA,835,"26,4","0,0","17,8",05:32,"34,9",15:31,,,,,,,,,
2022-08-06,3209Y,BRIHUEGA,GUADALAJARA,835,"25,7","0,0","16,6",05:21,"34,8",15:04,,,,,,,,,
2022-08-07,3209Y,BRIHUEGA,GUADALAJARA,835,"26,6","0,0","18,7",05:29,"34,6",14:28,,,,,,,,,
2022-08-08,3209Y,BRIHUEGA,GUADALAJARA,835,"26,4","0,0","18,0",05:23,"34,8",14:06,,,,,,,,,
2022-08-09,3209Y,BRIHUEGA,GUADALAJARA,835,"26,4","0,0","18,1",04:31,"34,7",13:48,,,,,,,,,
2022-08-10,3209Y,BRIHUEGA,GUADALAJARA,835,"28,0","0,0","21,0",03:59,"35,1",14:09,,,,,,,,,
2022-08-11,3209Y,BRIHUEGA,GUADALAJARA,835,"26,8","0,0","19,3",05:52,"34,4",15:06,,,,,,,,,
2022-08-12,3209Y,BRIHUEGA,GUADALAJARA,835,"27,0","0,0","18,6",05:08,"35,4",13:47,,,,,,,,,
2022-08-13,3209Y,BRIHUEGA,GUADALAJARA,835,"22,2","0,0","15,8",23:11,"28,5",08:28,,,,,,,,,
2022-08-14,3209Y,BRIHUEGA,GUADALAJARA,835,"21,8","0,0","13,4",05:31,"30,1",14:16,,,,,,,,,
2022-08-15,3209Y,BRIHUEGA,GUADALAJARA,835,"20,6","0,0","11,5",05:24,"29,8",14:18,,,,,,,,,
2022-08-16,3209Y,BRIHUEGA,GUADALAJARA,835,"20,4","0,0","13,3",05:55,"27,5",13:03,,,,,,,,,
2022-08-17,3209Y,BRIHUEGA,GUADALAJARA,835,"18,0","0,2","10,5",04:59,"25,5",13:42,,,,,,,,,
2022-08-18,3209Y,BRIHUEGA,GUADALAJARA,835,"17,4","0,0","8,8",06:09,"25,9",15:07,,,,,,,,,
2022-08-19,3209Y,BRIHUEGA,GUADALAJARA,835,"20,2","0,0","10,2",06:01,"30,2",14:54,,,,,,,,,
2022-08-20,3209Y,BRIHUEGA,GUADALAJARA,835,"22,6","0,0","13,0",05:23,"32,3",14:33,,,,,,,,,
2022-08-21,3209Y,BRIHUEGA,GUADALAJARA,835,"24,2","0,0","14,3",05:25,"34,2",15:14,,,,,,,,,
2022-08-22,3209Y,BRIHUEGA,GUADALAJARA,835,"23,8","0,0","15,7",05:40,"31,9",14:59,,,,,,,,,
2022-08-23,3209Y,BRIHUEGA,GUADALAJARA,835,"24,5","0,0","14,7",05:48,"34,3",14:29,,,,,,,,,
2022-08-24,3209Y,BRIHUEGA,GUADALAJARA,835,"26,2","0,0","18,5",05:43,"34,0",14:09,,,,,,,,,
2022-08-25,3209Y,BRIHUEGA,GUADALAJARA,835,"25,5","0,0","18,7",Varias,"32,3",13:41,,,,,,,,,
2022-08-26,3209Y,BRIHUEGA,GUADALAJARA,835,"23,0","0,0","15,5",Varias,"30,6",14:16,,,,,,,,,
2022-08-27,3209Y,BRIHUEGA,GUADALAJARA,835,"21,4","0,0","12,4",05:20,"30,3",13:20,,,,,,,,,
2022-08-28,3209Y,BRIHUEGA,GUADALAJARA,835,"23,9","0,0","15,7",04:22,"32,1",14:31,,,,,,,,,
2022-08-29,3209Y,BRIHUEGA,GUADALAJARA,835,"25,7","0,0","18,9",05:31,"32,5",12:51,,,,,,,,,
2022-08-30,3209Y,BRIHUEGA,GUADALAJARA,835,"23,9","0,0","15,9",05:31,"31,9",14:43,,,,,,,,,
2022-08-31,3209Y,BRIHUEGA,GUADALAJARA,835,"23,6","0,0","17,3",22:32,"29,9",14:25,,,,,,,,,
2022-09-01,3209Y,BRIHUEGA,GUADALAJARA,835,"21,2","0,0","12,3",05:24,"30,1",14:02,,,,,,,,,
2022-09-02,3209Y,BRIHUEGA,GUADALAJARA,835,"20,1","0,0","11,3",05:34,"28,9",13:54,,,,,,,,,
2022-09-03,3209Y,BRIHUEGA,GUADALAJARA,835,"18,5","0,0","11,1",04:32,"25,9",14:56,,,,,,,,,
2022-09-04,3209Y,BRIHUEGA,GUADALAJARA,835,"18,6","0,0","9,9",Varias,"27,4",14:13,,,,,,,,,
2022-09-05,3209Y,BRIHUEGA,GUADALAJARA,835,"18,4","0,0","9,9",05:47,"27,0",14:31,,,,,,,,,
2022-09-06,3209Y,BRIHUEGA,GUADALAJARA,835,"18,4","0,0","10,4",05:34,"26,5",13:21,,,,,,,,,
2022-09-07,3209Y,BRIHUEGA,GUADALAJARA,835,"17,5","0,6","9,8",05:02,"25,2",14:16,,,,,,,,,
2022-09-08,3209Y,BRIHUEGA,GUADALAJARA,835,"19,6","0,0","12,8",05:55,"26,3",14:26,,,,,,,,,
2022-09-09,3209Y,BRIHUEGA,GUADALAJARA,835,"20,4","0,0","13,3",05:47,"27,6",14:10,,,,,,,,,
2022-09-10,3209Y,BRIHUEGA,GUADALAJARA,835,"22,3","0,0","13,5",06:04,"31,1",14:13,,,,,,,,,
2022-09-11,3209Y,BRIHUEGA,GUADALAJARA,835,"24,4","2,6","15,9",05:43,"33,0",14:03,,,,,,,,,
2022-09-12,3209Y,BRIHUEGA,GUADALAJARA,835,"23,0",,"15,9",06:30,"30,0",13:07,,,,,,,,,
2022-09-13,3209Y,BRIHUEGA,GUADALAJARA,835,"19,0",,"15,0",05:37,"23,1",16:24,,,,,,,,,
2022-09-14,3209Y,BRIHUEGA,GUADALAJARA,835,"17,4",,"11,9",04:31,"22,8",13:29,,,,,,,,,
2022-09-17,3209Y,BRIHUEGA,GUADALAJARA,835,"19,0","0,0","10,4",05:59,"27,6",13:47,,,,,,,,,
2022-09-18,3209Y,BRIHUEGA,GUADALAJARA,835,"19,7","0,4","12,2",05:52,"27,2",14:25,,,,,,,,,
2022-09-19,3209Y,BRIHUEGA,GUADALAJARA,835,"20,2","10,8","12,9",05:48,"27,6",13:27,,,,,,,,,
2022-09-20,3209Y,BRIHUEGA,GUADALAJARA,835,"20,3","0,0","14,4",23:55,"26,2",13:46,,,,,,,,,
2022-09-21,3209Y,BRIHUEGA,GUADALAJARA,835,"19,6","0,0","12,1",06:17,"27,2",13:32,,,,,,,,,
2022-09-22,3209Y,BRIHUEGA,GUADALAJARA,835,"18,8","0,0","10,9",06:02,"26,7",13:19,,,,,,,,,
2022-09-23,3209Y,BRIHUEGA,GUADALAJARA,835,"19,1","0,0","12,8",06:09,"25,4",12:46,,,,,,,,,
2022-09-24,3209Y,BRIHUEGA,GUADALAJARA,835,"16,4","0,0","10,1",23:56,"22,7",13:34,,,,,,,,,
2022-09-25,3209Y,BRIHUEGA,GUADALAJARA,835,"12,8","0,0","6,6",06:24,"19,1",13:44,,,,,,,,,
2022-09-26,3209Y,BRIHUEGA,GUADALAJARA,835,"14,0","0,0","7,1",04:57,"20,8",13:39,,,,,,,,,
2022-09-27,3209Y,BRIHUEGA,GUADALAJARA,835,"13,4","0,0","4,6",06:15,"22,1",13:55,,,,,,,,,
2022-09-28,3209Y,BRIHUEGA,GUADALAJARA,835,"13,4","0,0","5,7",06:03,"21,0",14:59,,,,,,,,,
2022-09-29,3209Y,BRIHUEGA,GUADALAJARA,835,"10,4","2,6","5,6",23:37,"15,2",09:25,,,,,,,,,
2022-09-30,3209Y,BRIHUEGA,GUADALAJARA,835,"10,4","0,0","4,0",04:39,"16,9",14:48,,,,,,,,,
2022-10-01,3209Y,BRIHUEGA,GUADALAJARA,835,"13,2","0,0","3,9",06:00,"22,4",14:00,,,,,,,,,
2022-10-02,3209Y,BRIHUEGA,GUADALAJARA,835,"17,4","0,0","7,7",05:49,"27,1",13:59,,,,,,,,,
2022-10-03,3209Y,BRIHUEGA,GUADALAJARA,835,"18,8","0,0","9,9",05:23,"27,7",12:45,,,,,,,,,
2022-10-04,3209Y,BRIHUEGA,GUADALAJARA,835,"20,0","0,0","11,1",05:33,"28,8",13:40,,,,,,,,,
2022-10-05,3209Y,BRIHUEGA,GUADALAJARA,835,"18,2","0,0","9,4",06:00,"27,1",13:52,,,,,,,,,
2022-10-06,3209Y,BRIHUEGA,GUADALAJARA,835,"17,6","0,0","10,1",05:59,"25,0",14:07,,,,,,,,,
2022-10-07,3209Y,BRIHUEGA,GUADALAJARA,835,"15,6","0,0","8,1",06:30,"23,1",14:32,,,,,,,,,
2022-10-08,3209Y,BRIHUEGA,GUADALAJARA,835,"16,8","0,0","9,6",06:40,"23,9",13:49,,,,,,,,,
2022-10-09,3209Y,BRIHUEGA,GUADALAJARA,835,"16,1","0,0","9,7",Varias,"22,5",13:50,,,,,,,,,
2022-10-10,3209Y,BRIHUEGA,GUADALAJARA,835,"14,4","3,8","11,0",Varias,"17,9",15:13,,,,,,,,,
2022-10-11,3209Y,BRIHUEGA,GUADALAJARA,835,"14,9","0,0","10,9",24:00,"18,9",13:39,,,,,,,,,
2022-10-12,3209Y,BRIHUEGA,GUADALAJARA,835,"15,2","0,0","8,4",05:41,"22,0",13:35,,,,,,,,,
2022-10-13,3209Y,BRIHUEGA,GUADALAJARA,835,"15,1","0,0","8,1",05:32,"22,1",13:20,,,,,,,,,
2022-10-14,3209Y,BRIHUEGA,GUADALAJARA,835,"16,5","0,0","7,9",06:20,"25,1",13:16,,,,,,,,,
2022-10-15,3209Y,BRIHUEGA,GUADALAJARA,835,"16,8","0,0","8,2",05:38,"25,3",13:47,,,,,,,,,
2022-10-16,3209Y,BRIHUEGA,GUADALAJARA,835,"16,0","3,6","8,8",06:40,"23,3",12:59,,,,,,,,,
2022-10-17,3209Y,BRIHUEGA,GUADALAJARA,835,"18,0","0,2","13,1",02:54,"23,0",15:01,,,,,,,,,
2022-10-18,3209Y,BRIHUEGA,GUADALAJARA,835,"19,4","0,0","12,5",04:06,"26,3",14:32,,,,,,,,,
2022-10-19,3209Y,BRIHUEGA,GUADALAJARA,835,"18,4","1,8","12,8",22:04,"23,9",12:54,,,,,,,,,
2022-10-20,3209Y,BRIHUEGA,GUADALAJARA,835,"14,8","4,0","11,6",02:19,"18,1",11:04,,,,,,,,,
2022-10-21,3209Y,BRIHUEGA,GUADALAJARA,835,"13,6","0,8","11,8",06:27,"15,5",Varias,,,,,,,,,
2022-10-22,3209Y,BRIHUEGA,GUADALAJARA,835,"14,9","0,0","10,6",06:51,"19,2",15:04,,,,,,,,,
2022-10-23,3209Y,BRIHUEGA,GUADALAJARA,835,"13,8","1,2","11,2",00:01,"16,5",10:50,,,,,,,,,
2022-10-24,3209Y,BRIHUEGA,GUADALAJARA,835,"13,8","0,0","10,5",21:11,"17,2",13:51,,,,,,,,,
2022-10-25,3209Y,BRIHUEGA,GUADALAJARA,835,"17,0","0,0","10,1",23:23,"23,8",13:29,,,,,,,,,
2022-10-26,3209Y,BRIHUEGA,GUADALAJARA,835,"15,8","0,0","10,2",05:09,"21,5",13:25,,,,,,,,,
2022-10-27,3209Y,BRIHUEGA,GUADALAJARA,835,"19,2","0,0","13,5",00:25,"24,9",13:36,,,,,,,,,
2022-10-28,3209Y,BRIHUEGA,GUADALAJARA,835,"18,4","0,0","12,3",06:21,"24,6",12:04,,,,,,,,,
2022-10-29,3209Y,BRIHUEGA,GUADALAJARA,835,"17,6","0,0","12,7",02:55,"22,4",14:22,,,,,,,,,
2022-10-30,3209Y,BRIHUEGA,GUADALAJARA,835,"13,0","0,0","7,8",23:48,"18,3",11:51,,,,,,,,,
2022-10-31,3209Y,BRIHUEGA,GUADALAJARA,835,"12,2","3,0","7,7",Varias,"16,7",12:34,,,,,,,,,
2022-11-01,3209Y,BRIHUEGA,GUADALAJARA,835,"13,4","0,0","8,5",24:00,"18,2",13:04,,,,,,,,,
2022-11-02,3209Y,BRIHUEGA,GUADALAJARA,835,"13,2","0,0","7,2",05:03,"19,2",13:56,,,,,,,,,
2022-11-03,3209Y,BRIHUEGA,GUADALAJARA,835,"12,2","1,8","9,3",00:55,"15,2",13:50,,,,,,,,,
2022-11-04,3209Y,BRIHUEGA,GUADALAJARA,835,"8,4","0,0","2,6",24:00,"14,3",14:05,,,,,,,,,
2022-11-05,3209Y,BRIHUEGA,GUADALAJARA,835,"9,6","0,0","1,7",06:16,"17,6",14:07,,,,,,,,,
2022-11-06,3209Y,BRIHUEGA,GUADALAJARA,835,"9,4","0,0","0,8",06:37,"18,1",15:03,,,,,,,,,
2022-11-07,3209Y,BRIHUEGA,GUADALAJARA,835,"10,6","0,0","3,2",06:56,"18,1",14:08,,,,,,,,,
2022-11-08,3209Y,BRIHUEGA,GUADALAJARA,835,"9,4","5,4","5,0",05:55,"13,8",14:10,,,,,,,,,
2022-11-09,3209Y,BRIHUEGA,GUADALAJARA,835,"9,5","0,0","5,4",Varias,"13,6",13:58,,,,,,,,,
2022-11-10,3209Y,BRIHUEGA,GUADALAJARA,835,"9,3","0,0","3,0",06:59,"15,6",14:36,,,,,,,,,
2022-11-11,3209Y,BRIHUEGA,GUADALAJARA,835,"9,6","0,0","3,3",04:05,"16,0",12:09,,,,,,,,,
2022-11-12,3209Y,BRIHUEGA,GUADALAJARA,835,"12,7","0,2","7,0",02:10,"18,4",13:56,,,,,,,,,
2022-11-13,3209Y,BRIHUEGA,GUADALAJARA,835,"11,4","0,0","5,7",04:59,"17,1",14:05,,,,,,,,,
2022-11-14,3209Y,BRIHUEGA,GUADALAJARA,835,"8,9","1,2","5,7",02:57,"12,1",16:52,,,,,,,,,
2022-11-15,3209Y,BRIHUEGA,GUADALAJARA,835,"12,0","0,0","10,4",Varias,"13,6",12:54,,,,,,,,,
2022-11-16,3209Y,BRIHUEGA,GUADALAJARA,835,"9,8","2,8","8,1",06:05,"11,4",00:01,,,,,,,,,
2022-11-17,3209Y,BRIHUEGA,GUADALAJARA,835,"9,9","1,4","5,3",23:18,"14,5",14:07,,,,,,,,,
2022-11-18,3209Y,BRIHUEGA,GUADALAJARA,835,"6,8","0,6","1,7",21:09,"11,9",13:19,,,,,,,,,
2022-11-19,3209Y,BRIHUEGA,GUADALAJARA,835,"4,9","0,0","0,5",04:10,"9,3",13:17,,,,,,,,,
2022-11-20,3209Y,BRIHUEGA,GUADALAJARA,835,"7,8","1,6","1,1",01:58,"14,5",13:38,,,,,,,,,
2022-11-21,3209Y,BRIHUEGA,GUADALAJARA,835,"6,4","7,8","2,0",23:56,"10,9",11:15,,,,,,,,,
2022-11-22,3209Y,BRIHUEGA,GUADALAJARA,835,"6,1","5,0","2,0",Varias,"10,2",23:39,,,,,,,,,
2022-11-23,3209Y,BRIHUEGA,GUADALAJARA,835,"11,3","1,8","7,3",22:24,"15,3",14:57,,,,,,,,,
2022-11-24,3209Y,BRIHUEGA,GUADALAJARA,835,"9,2","6,4","6,3",01:22,"12,0",16:22,,,,,,,,,
2022-11-25,3209Y,BRIHUEGA,GUADALAJARA,835,"6,0","0,0","0,9",23:50,"11,2",10:47,,,,,,,,,
2022-11-26,3209Y,BRIHUEGA,GUADALAJARA,835,"7,0","0,0","-1,0",07:26,"15,0",14:10,,,,,,,,,
2022-11-27,3209Y,BRIHUEGA,GUADALAJARA,835,"6,9","2,6","-0,7",06:01,"14,5",13:26,,,,,,,,,
2022-11-28,3209Y,BRIHUEGA,GUADALAJARA,835,"6,0","0,0","0,5",07:24,"11,4",13:50,,,,,,,,,
2022-11-29,3209Y,BRIHUEGA,GUADALAJARA,835,"4,8","0,0","-1,8",07:20,"11,3",12:58,,,,,,,,,
2022-11-30,3209Y,BRIHUEGA,GUADALAJARA,835,"7,2","0,0","2,4",07:08,"12,1",13:48,,,,,,,,,
2022-12-01,3209Y,BRIHUEGA,GUADALAJARA,835,"5,5","0,0","0,1",23:36,"10,9",14:26,,,,,,,,,
2022-12-02,3209Y,BRIHUEGA,GUADALAJARA,835,"3,0","0,0","-1,5",23:37,"7,6",13:20,,,,,,,,,
2022-12-03,3209Y,BRIHUEGA,GUADALAJARA,835,"2,1","0,0","-1,5",00:27,"5,7",13:57,,,,,,,,,
2022-12-04,3209Y,BRIHUEGA,GUADALAJARA,835,"3,7","0,0","0,3",Varias,"7,1",15:06,,,,,,,,,
2022-12-05,3209Y,BRIHUEGA,GUADALAJARA,835,"6,0","1,2","3,7",03:53,"8,4",18:52,,,,,,,,,
2022-12-06,3209Y,BRIHUEGA,GUADALAJARA,835,"8,1","0,0","6,8",23:35,"9,4",13:11,,,,,,,,,
2022-12-07,3209Y,BRIHUEGA,GUADALAJARA,835,"9,1","0,4","5,9",21:52,"12,3",13:04,,,,,,,,,
2022-12-08,3209Y,BRIHUEGA,GUADALAJARA,835,"8,0","4,8","6,2",00:39,"9,9",15:15,,,,,,,,,
2022-12-09,3209Y,BRIHUEGA,GUADALAJARA,835,"8,0","1,2","7,0",07:25,"9,0",14:54,,,,,,,,,
2022-12-10,3209Y,BRIHUEGA,GUADALAJARA,835,"7,0","1,2","4,2",19:56,"9,7",12:32,,,,,,,,,
2022-12-11,3209Y,BRIHUEGA,GUADALAJARA,835,"4,7","0,0","2,7",07:35,"6,7",Varias,,,,,,,,,
2022-12-12,3209Y,BRIHUEGA,GUADALAJARA,835,"9,5","2,8","6,7",00:01,"12,3",23:05,,,,,,,,,
2022-12-13,3209Y,BRIHUEGA,GUADALAJARA,835,"11,4","8,8","9,9",24:00,"12,9",18:46,,,,,,,,,
2022-12-14,3209Y,BRIHUEGA,GUADALAJARA,835,"9,1","17,0","6,6",03:10,"11,6",13:20,,,,,,,,,
2022-12-15,3209Y,BRIHUEGA,GUADALAJARA,835,"7,4","0,2","6,0",22:01,"8,8",13:10,,,,,,,,,
2022-12-16,3209Y,BRIHUEGA,GUADALAJARA,835,"6,6","0,4","4,3",18:37,"9,0",15:05,,,,,,,,,
2022-12-17,3209Y,BRIHUEGA,GUADALAJARA,835,"7,5","0,0","4,4",07:48,"10,6",13:34,,,,,,,,,
2022-12-18,3209Y,BRIHUEGA,GUADALAJARA,835,"6,6","0,0","3,2",23:58,"10,0",12:40,,,,,,,,,
2022-12-19,3209Y,BRIHUEGA,GUADALAJARA,835,"6,6","0,0","2,3",02:17,"10,8",14:11,,,,,,,,,
2022-12-20,3209Y,BRIHUEGA,GUADALAJARA,835,"6,6","2,6","3,6",04:10,"9,5",13:21,,,,,,,,,
2022-12-21,3209Y,BRIHUEGA,GUADALAJARA,835,"8,4","0,0","5,9",00:01,"10,8",13:44,,,,,,,,,
2022-12-22,3209Y,BRIHUEGA,GUADALAJARA,835,"9,8","0,0","8,4",05:50,"11,2",Varias,,,,,,,,,
2022-12-23,3209Y,BRIHUEGA,GUADALAJARA,835,"9,0","0,0","8,3",Varias,"9,8",Varias,,,,,,,,,
2022-12-24,3209Y,BRIHUEGA,GUADALAJARA,835,"8,0","0,0","3,4",21:50,"12,6",13:35,,,,,,,,,
2022-12-25,3209Y,BRIHUEGA,GUADALAJARA,835,"9,0","0,0","4,7",00:55,"13,4",14:36,,,,,,,,,
2022-12-26,3209Y,BRIHUEGA,GUADALAJARA,835,"9,1","0,0","2,3",07:27,"15,9",14:14,,,,,,,,,
2022-12-27,3209Y,BRIHUEGA,GUADALAJARA,835,"8,0","0,0","1,0",06:54,"14,9",14:17,,,,,,,,,
2022-12-28,3209Y,BRIHUEGA,GUADALAJARA,835,"6,7","0,0","0,1",07:45,"13,3",13:14,,,,,,,,,
2022-12-29,3209Y,BRIHUEGA,GUADALAJARA,835,"6,8","1,0","4,4",02:37,"9,3",Varias,,,,,,,,,
2022-12-30,3209Y,BRIHUEGA,GUADALAJARA,835,"7,2","0,0","3,0",23:57,"11,3",12:28,,,,,,,,,
2022-12-31,3209Y,BRIHUEGA,GUADALAJARA,835,"7,2","0,0","0,7",07:20,"13,6",14:05,,,,,,,,,
2023-01-01,3209Y,BRIHUEGA,GUADALAJARA,835,"9,1","0,0","2,1",00:06,"16,1",13:14,,,,,,,,,
2023-01-02,3209Y,BRIHUEGA,GUADALAJARA,835,"8,7","0,0","6,3",Varias,"11,1",00:03,,,,,,,,,
2023-01-03,3209Y,BRIHUEGA,GUADALAJARA,835,"6,6","0,0","0,1",Varias,"13,1",14:37,,,,,,,,,
2023-01-04,3209Y,BRIHUEGA,GUADALAJARA,835,"6,4","0,0","-1,5",07:53,"14,4",14:29,,,,,,,,,
2023-01-05,3209Y,BRIHUEGA,GUADALAJARA,835,"6,8","0,0","-0,2",Varias,"13,9",14:29,,,,,,,,,
2023-01-06,3209Y,BRIHUEGA,GUADALAJARA,835,"5,1","0,0","-2,4",07:25,"12,6",14:14,,,,,,,,,
2023-01-07,3209Y,BRIHUEGA,GUADALAJARA,835,"2,7","3,4","-2,1",Varias,"7,5",23:03,,,,,,,,,
2023-01-08,3209Y,BRIHUEGA,GUADALAJARA,835,"9,2","24,2","7,4",00:01,"11,0",15:15,,,,,,,,,
2023-01-09,3209Y,BRIHUEGA,GUADALAJARA,835,"5,6","0,0","-0,6",24:00,"11,7",11:57,,,,,,,,,
2023-01-10,3209Y,BRIHUEGA,GUADALAJARA,835,"5,6","0,2","-1,4",07:30,"12,7",14:28,,,,,,,,,
2023-01-11,3209Y,BRIHUEGA,GUADALAJARA,835,"5,2",,"1,5",23:34,"8,8",15:43,,,,,,,,,
2023-01-13,3209Y,BRIHUEGA,GUADALAJARA,835,"6,7","0,0","0,4",00:01,"13,0",14:20,,,,,,,,,
2023-01-14,3209Y,BRIHUEGA,GUADALAJARA,835,"5,4","0,0","-1,5",07:30,"12,2",14:34,,,,,,,,,
2023-01-15,3209Y,BRIHUEGA,GUADALAJARA,835,"3,2","0,4","-0,8",Varias,"7,1",14:56,,,,,,,,,
2023-01-16,3209Y,BRIHUEGA,GUADALAJARA,835,"3,0","6,8","-1,4",00:41,"7,4",19:06,,,,,,,,,
2023-01-17,3209Y,BRIHUEGA,GUADALAJARA,835,"4,0","0,2","0,5",Varias,"7,6",12:15,,,,,,,,,
2023-01-18,3209Y,BRIHUEGA,GUADALAJARA,835,"1,0","0,2","-2,7",23:56,"4,6",13:37,,,,,,,,,
2023-01-19,3209Y,BRIHUEGA,GUADALAJARA,835,"0,8","0,8","-4,2",07:24,"5,9",14:32,,,,,,,,,
2023-01-20,3209Y,BRIHUEGA,GUADALAJARA,835,"6,4","0,0","2,3",02:39,"10,4",13:12,,,,,,,,,
2023-01-21,3209Y,BRIHUEGA,GUADALAJARA,835,"2,5","0,0","-1,8",23:21,"6,8",14:07,,,,,,,,,
2023-01-22,3209Y,BRIHUEGA,GUADALAJARA,835,"0,9","0,0","-4,5",06:05,"6,3",14:02,,,,,,,,,
2023-01-23,3209Y,BRIHUEGA,GUADALAJARA,835,"0,0","0,0","-5,9",03:26,"6,0",14:57,,,,,,,,,
2023-01-24,3209Y,BRIHUEGA,GUADALAJARA,835,"-0,4","0,0","-3,8",02:15,"3,1",15:47,,,,,,,,,
2023-01-25,3209Y,BRIHUEGA,GUADALAJARA,835,"1,6","0,0","-5,4",03:40,"8,7",13:58,,,,,,,,,
2023-01-26,3209Y,BRIHUEGA,GUADALAJARA,835,"1,4","0,0","-4,3",01:31,"7,2",13:31,,,,,,,,,
2023-01-27,3209Y,BRIHUEGA,GUADALAJARA,835,"1,2","0,0","-3,9",05:27,"6,2",11:50,,,,,,,,,
2023-01-28,3209Y,BRIHUEGA,GUADALAJARA,835,"1,6","0,0","-5,2",06:01,"8,3",14:11,,,,,,,,,
2023-01-29,3209Y,BRIHUEGA,GUADALAJARA,835,"0,2","0,0","-4,4",01:49,"4,9",14:29,,,,,,,,,
2023-01-30,3209Y,BRIHUEGA,GUADALAJARA,835,"0,4","0,0","-7,6",06:50,"8,3",14:10,,,,,,,,,
2023-01-31,3209Y,BRIHUEGA,GUADALAJARA,835,"3,2","0,0","-6,6",05:21,"12,9",13:37,,,,,,,,,
2023-02-01,3209Y,BRIHUEGA,GUADALAJARA,835,"5,6","0,0","-1,6",02:52,"12,9",14:07,,,,,,,,,
2023-02-02,3209Y,BRIHUEGA,GUADALAJARA,835,"5,6","0,0","-3,2",07:30,"14,4",14:24,,,,,,,,,
2023-02-03,3209Y,BRIHUEGA,GUADALAJARA,835,"7,6","0,0","-2,3",03:56,"17,6",14:22,,,,,,,,,
2023-02-04,3209Y,BRIHUEGA,GUADALAJARA,835,"8,8","0,0","-1,1",06:25,"18,7",13:13,,,,,,,,,
2023-02-05,3209Y,BRIHUEGA,GUADALAJARA,835,"9,0","0,0","0,0",06:59,"18,0",14:21,,,,,,,,,
2023-02-06,3209Y,BRIHUEGA,GUADALAJARA,835,"4,4","0,0","-0,4",23:27,"9,1",14:45,,,,,,,,,
2023-02-07,3209Y,BRIHUEGA,GUADALAJARA,835,"1,5","0,0","-3,0",06:15,"6,0",14:01,,,,,,,,,
2023-02-08,3209Y,BRIHUEGA,GUADALAJARA,835,"4,6","0,4","-0,9",01:45,"10,2",15:09,,,,,,,,,
2023-02-09,3209Y,BRIHUEGA,GUADALAJARA,835,"4,0","0,0","-1,3",23:59,"9,4",13:13,,,,,,,,,
2023-02-10,3209Y,BRIHUEGA,GUADALAJARA,835,"2,8","0,0","-3,6",23:57,"9,2",15:01,,,,,,,,,
2023-02-11,3209Y,BRIHUEGA,GUADALAJARA,835,"1,8","0,0","-5,7",07:23,"9,3",15:08,,,,,,,,,
2023-02-12,3209Y,BRIHUEGA,GUADALAJARA,835,"2,7","0,0","-5,4",04:20,"10,8",15:04,,,,,,,,,
2023-02-13,3209Y,BRIHUEGA,GUADALAJARA,835,"3,6","0,0","-3,6",06:27,"10,7",15:04,,,,,,,,,
2023-02-14,3209Y,BRIHUEGA,GUADALAJARA,835,"3,2","0,0","-1,9",02:42,"8,3",14:27,,,,,,,,,
2023-02-15,3209Y,BRIHUEGA,GUADALAJARA,835,"6,2","0,0","-0,4",07:26,"12,9",14:59,,,,,,,,,
2023-02-16,3209Y,BRIHUEGA,GUADALAJARA,835,"6,6","0,0","-1,7",06:25,"15,0",14:44,,,,,,,,,
2023-02-17,3209Y,BRIHUEGA,GUADALAJARA,835,"6,9","0,0","-2,8",06:34,"16,6",14:39,,,,,,,,,
2023-02-18,3209Y,BRIHUEGA,GUADALAJARA,835,"7,4","0,0","-1,6",04:16,"16,4",13:52,,,,,,,,,
2023-02-19,3209Y,BRIHUEGA,GUADALAJARA,835,"10,6","0,0","2,5",05:39,"18,7",14:08,,,,,,,,,
2023-02-20,3209Y,BRIHUEGA,GUADALAJARA,835,"12,0","0,0","5,7",07:13,"18,2",13:35,,,,,,,,,
2023-02-21,3209Y,BRIHUEGA,GUADALAJARA,835,"9,9","0,8","3,5",06:42,"16,3",12:23,,,,,,,,,
2023-02-22,3209Y,BRIHUEGA,GUADALAJARA,835,"8,4","0,0","2,7",06:27,"14,1",13:06,,,,,,,,,
2023-02-23,3209Y,BRIHUEGA,GUADALAJARA,835,"2,9","2,2","-1,6",23:57,"7,4",12:59,,,,,,,,,
2023-02-24,3209Y,BRIHUEGA,GUADALAJARA,835,"1,7","0,0","-5,4",07:01,"8,8",14:31,,,,,,,,,
2023-02-25,3209Y,BRIHUEGA,GUADALAJARA,835,"0,4","0,0","-6,0",06:46,"6,8",11:17,,,,,,,,,
2023-02-26,3209Y,BRIHUEGA,GUADALAJARA,835,"1,8","0,0","-4,5",02:36,"8,0",13:51,,,,,,,,,
2023-02-27,3209Y,BRIHUEGA,GUADALAJARA,835,"-1,2","0,0","-5,0",23:48,"2,6",12:29,,,,,,,,,
2023-02-28,3209Y,BRIHUEGA,GUADALAJARA,835,"-1,0",,"-8,2",04:52,"6,1",13:52,,,,,,,,,
2023-03-01,3209Y,BRIHUEGA,GUADALAJARA,835,"-2,8","0,0","-9,1",06:45,"3,5",14:52,,,,,,,,,
2023-03-02,3209Y,BRIHUEGA,GUADALAJARA,835,"0,6","0,0","-7,0",03:46,"8,2",14:02,,,,,,,,,
2023-03-03,3209Y,BRIHUEGA,GUADALAJARA,835,"2,0","0,0","-6,0",06:30,"9,9",14:30,,,,,,,,,
2023-03-04,3209Y,BRIHUEGA,GUADALAJARA,835,"3,6","0,0","-4,9",06:32,"12,2",14:25,,,,,,,,,
2023-03-05,3209Y,BRIHUEGA,GUADALAJARA,835,"3,0","0,8","-4,8",06:38,"10,7",14:41,,,,,,,,,
2023-03-06,3209Y,BRIHUEGA,GUADALAJARA,835,"6,8","0,2","2,6",00:08,"11,1",14:07,,,,,,,,,
2023-03-07,3209Y,BRIHUEGA,GUADALAJARA,835,"9,2","0,4","6,3",Varias,"12,2",14:22,,,,,,,,,
2023-03-08,3209Y,BRIHUEGA,GUADALAJARA,835,"10,1","19,6","6,3",01:11,"13,9",13:52,,,,,,,,,
2023-03-09,3209Y,BRIHUEGA,GUADALAJARA,835,"10,5","7,0","6,2",24:00,"14,8",13:44,,,,,,,,,
2023-03-10,3209Y,BRIHUEGA,GUADALAJARA,835,"10,6","0,0","4,3",06:37,"17,0",14:15,,,,,,,,,
2023-03-11,3209Y,BRIHUEGA,GUADALAJARA,835,"11,6","0,0","5,8",02:47,"17,3",14:47,,,,,,,,,
2023-03-12,3209Y,BRIHUEGA,GUADALAJARA,835,"13,0","0,0","5,6",06:41,"20,3",15:03,,,,,,,,,
2023-03-13,3209Y,BRIHUEGA,GUADALAJARA,835,"12,2","0,0","5,0",23:16,"19,5",13:57,,,,,,,,,
2023-03-14,3209Y,BRIHUEGA,GUADALAJARA,835,"7,9","0,0","0,9",05:57,"14,9",Varias,,,,,,,,,
2023-03-15,3209Y,BRIHUEGA,GUADALAJARA,835,"9,7","0,0","0,9",05:52,"18,5",14:51,,,,,,,,,
2023-03-16,3209Y,BRIHUEGA,GUADALAJARA,835,"12,8","0,0","2,9",05:50,"22,8",14:13,,,,,,,,,
2023-03-17,3209Y,BRIHUEGA,GUADALAJARA,835,"9,6","0,2","4,8",23:22,"14,5",15:00,,,,,,,,,
2023-03-18,3209Y,BRIHUEGA,GUADALAJARA,835,"8,4","0,2","3,5",01:28,"13,2",14:57,,,,,,,,,
2023-03-19,3209Y,BRIHUEGA,GUADALAJARA,835,"9,2","0,0","2,4",06:43,"16,1",14:17,,,,,,,,,
2023-03-20,3209Y,BRIHUEGA,GUADALAJARA,835,"9,5","0,0","0,8",06:28,"18,2",13:29,,,,,,,,,
2023-03-21,3209Y,BRIHUEGA,GUADALAJARA,835,"10,8","0,0","2,1",06:00,"19,4",13:44,,,,,,,,,
2023-03-22,3209Y,BRIHUEGA,GUADALAJARA,835,"11,2","0,0","2,8",Varias,"19,7",14:09,,,,,,,,,
2023-03-23,3209Y,BRIHUEGA,GUADALAJARA,835,"11,2","0,0","2,8",06:28,"19,7",13:56,,,,,,,,,
2023-03-24,3209Y,BRIHUEGA,GUADALAJARA,835,"10,3","0,0","4,2",04:53,"16,4",15:05,,,,,,,,,
2023-03-25,3209Y,BRIHUEGA,GUADALAJARA,835,"11,9","0,0","5,7",00:13,"18,1",14:55,,,,,,,,,
2023-03-26,3209Y,BRIHUEGA,GUADALAJARA,835,"11,2","0,0","3,9",24:00,"18,4",14:21,,,,,,,,,
2023-03-27,3209Y,BRIHUEGA,GUADALAJARA,835,"10,2","0,0","2,4",02:07,"18,1",14:14,,,,,,,,,
2023-03-28,3209Y,BRIHUEGA,GUADALAJARA,835,"11,8","0,0","2,2",04:14,"21,4",14:20,,,,,,,,,
2023-03-29,3209Y,BRIHUEGA,GUADALAJARA,835,"14,2","0,0","4,7",04:48,"23,7",13:08,,,,,,,,,
2023-03-30,3209Y,BRIHUEGA,GUADALAJARA,835,"13,8","0,0","6,0",06:15,"21,5",14:09,,,,,,,,,
2023-03-31,3209Y,BRIHUEGA,GUADALAJARA,835,"12,4","0,0","6,4",05:03,"18,4",15:30,,,,,,,,,
2023-04-01,3209Y,BRIHUEGA,GUADALAJARA,835,"9,8","0,0","3,4",24:00,"16,3",14:08,,,,,,,,,
2023-04-02,3209Y,BRIHUEGA,GUADALAJARA,835,"7,7","0,0","0,1",03:38,"15,3",15:38,,,,,,,,,
2023-04-03,3209Y,BRIHUEGA,GUADALAJARA,835,"7,8","0,0","-1,9",05:14,"17,5",14:41,,,,,,,,,
2023-04-04,3209Y,BRIHUEGA,GUADALAJARA,835,"10,0","0,0","2,3",02:41,"17,8",14:37,,,,,,,,,
2023-04-05,3209Y,BRIHUEGA,GUADALAJARA,835,"9,0","0,0","-2,3",05:56,"20,2",14:51,,,,,,,,,
2023-04-06,3209Y,BRIHUEGA,GUADALAJARA,835,"11,2","0,0","1,2",05:42,"21,3",13:56,,,,,,,,,
2023-04-07,3209Y,BRIHUEGA,GUADALAJARA,835,"11,5","0,0","1,1",05:58,"21,9",14:18,,,,,,,,,
2023-04-08,3209Y,BRIHUEGA,GUADALAJARA,835,"13,9","0,0","3,2",05:46,"24,6",13:46,,,,,,,,,
2023-04-09,3209Y,BRIHUEGA,GUADALAJARA,835,"14,6","0,0","4,4",06:00,"24,8",13:53,,,,,,,,,
2023-04-10,3209Y,BRIHUEGA,GUADALAJARA,835,"15,2","0,0","6,1",05:47,"24,4",13:39,,,,,,,,,
2023-04-11,3209Y,BRIHUEGA,GUADALAJARA,835,"15,2","0,0","6,7",06:03,"23,7",14:17,,,,,,,,,
2023-04-12,3209Y,BRIHUEGA,GUADALAJARA,835,"11,8","0,2","4,0",23:42,"19,5",12:41,,,,,,,,,
2023-04-13,3209Y,BRIHUEGA,GUADALAJARA,835,"8,0","0,0","2,3",05:59,"13,7",15:05,,,,,,,,,
2023-04-14,3209Y,BRIHUEGA,GUADALAJARA,835,"10,8","0,0","2,8",03:56,"18,7",13:46,,,,,,,,,
2023-04-15,3209Y,BRIHUEGA,GUADALAJARA,835,"11,1","0,0","3,7",05:22,"18,5",13:21,,,,,,,,,
2023-04-16,3209Y,BRIHUEGA,GUADALAJARA,835,"12,1","0,0","3,1",05:44,"21,1",15:16,,,,,,,,,
2023-04-17,3209Y,BRIHUEGA,GUADALAJARA,835,"12,5","0,0","4,6",01:51,"20,4",14:38,,,,,,,,,
2023-04-18,3209Y,BRIHUEGA,GUADALAJARA,835,"11,2","0,0","2,2",03:36,"20,3",14:31,,,,,,,,,
2023-04-19,3209Y,BRIHUEGA,GUADALAJARA,835,"13,2","0,0","4,4",05:22,"22,0",15:12,,,,,,,,,
2023-04-20,3209Y,BRIHUEGA,GUADALAJARA,835,"14,5","0,0","4,3",05:41,"24,7",14:26,,,,,,,,,
2023-04-21,3209Y,BRIHUEGA,GUADALAJARA,835,"14,8","2,4","6,4",05:34,"23,3",13:56,,,,,,,,,
2023-04-22,3209Y,BRIHUEGA,GUADALAJARA,835,"12,0","1,8","5,7",23:55,"18,2",14:32,,,,,,,,,
2023-04-23,3209Y,BRIHUEGA,GUADALAJARA,835,"11,8","0,0","2,8",05:11,"20,9",14:56,,,,,,,,,
2023-04-24,3209Y,BRIHUEGA,GUADALAJARA,835,"14,3","0,0","6,3",05:45,"22,3",14:37,,,,,,,,,
2023-04-25,3209Y,BRIHUEGA,GUADALAJARA,835,"16,0","0,0","7,3",05:32,"24,6",15:05,,,,,,,,,
2023-04-26,3209Y,BRIHUEGA,GUADALAJARA,835,"17,2","0,0","8,2",05:27,"26,2",13:20,,,,,,,,,
2023-04-27,3209Y,BRIHUEGA,GUADALAJARA,835,"19,0","0,0","9,7",05:12,"28,4",14:30,,,,,,,,,
2023-04-28,3209Y,BRIHUEGA,GUADALAJARA,835,"21,8","0,0","13,8",Varias,"29,7",13:12,,,,,,,,,
2023-04-29,3209Y,BRIHUEGA,GUADALAJARA,835,"17,2","0,8","10,7",23:30,"23,8",09:48,,,,,,,,,
2023-04-30,3209Y,BRIHUEGA,GUADALAJARA,835,"15,8","0,0","9,3",23:57,"22,4",14:06,,,,,,,,,
2023-05-01,3209Y,BRIHUEGA,GUADALAJARA,835,"15,2","0,0","5,9",05:34,"24,5",14:50,,,,,,,,,
2023-05-02,3209Y,BRIHUEGA,GUADALAJARA,835,"16,3","0,0","5,7",04:53,"26,9",14:27,,,,,,,,,
2023-05-03,3209Y,BRIHUEGA,GUADALAJARA,835,"18,6","0,0","10,2",06:09,"27,1",13:23,,,,,,,,,
2023-05-04,3209Y,BRIHUEGA,GUADALAJARA,835,"16,4","0,0","9,5",23:50,"23,2",14:44,,,,,,,,,
2023-05-05,3209Y,BRIHUEGA,GUADALAJARA,835,"15,3","0,0","6,5",03:29,"24,1",14:45,,,,,,,,,
2023-05-06,3209Y,BRIHUEGA,GUADALAJARA,835,"17,1","0,0","8,3",04:31,"25,9",13:22,,,,,,,,,
2023-05-07,3209Y,BRIHUEGA,GUADALAJARA,835,"17,8","0,0","10,3",05:29,"25,4",15:02,,,,,,,,,
2023-05-08,3209Y,BRIHUEGA,GUADALAJARA,835,"17,4","0,0","7,5",05:03,"27,3",15:06,,,,,,,,,
2023-05-09,3209Y,BRIHUEGA,GUADALAJARA,835,"18,3","0,0","10,2",04:40,"26,4",11:49,,,,,,,,,
2023-05-10,3209Y,BRIHUEGA,GUADALAJARA,835,"15,0","0,0","8,0",04:31,"22,1",14:12,,,,,,,,,
2023-05-11,3209Y,BRIHUEGA,GUADALAJARA,835,"12,3","0,0","5,4",03:38,"19,2",13:51,,,,,,,,,
2023-05-12,3209Y,BRIHUEGA,GUADALAJARA,835,"9,7","0,4","3,6",04:33,"15,8",11:54,,,,,,,,,
2023-05-13,3209Y,BRIHUEGA,GUADALAJARA,835,"10,0","0,0","1,8",01:55,"18,3",15:33,,,,,,,,,
2023-05-14,3209Y,BRIHUEGA,GUADALAJARA,835,"10,0","0,0","2,6",04:54,"17,5",13:57,,,,,,,,,
2023-05-15,3209Y,BRIHUEGA,GUADALAJARA,835,"10,7","0,0","2,0",04:42,"19,4",13:49,,,,,,,,,
2023-05-16,3209Y,BRIHUEGA,GUADALAJARA,835,"10,8","0,0","2,1",03:19,"19,6",15:17,,,,,,,,,
2023-05-17,3209Y,BRIHUEGA,GUADALAJARA,835,"12,0","0,0","3,5",04:56,"20,4",13:13,,,,,,,,,
2023-05-18,3209Y,BRIHUEGA,GUADALAJARA,835,"11,8","0,0","4,4",04:43,"19,3",15:07,,,,,,,,,
2023-05-19,3209Y,BRIHUEGA,GUADALAJARA,835,"11,4","0,0","4,7",Varias,"18,0",15:27,,,,,,,,,
2023-05-20,3209Y,BRIHUEGA,GUADALAJARA,835,"10,9","0,0","3,5",03:13,"18,3",14:13,,,,,,,,,
2023-05-21,3209Y,BRIHUEGA,GUADALAJARA,835,"11,8","1,0","4,4",04:21,"19,2",16:30,,,,,,,,,
2023-05-22,3209Y,BRIHUEGA,GUADALAJARA,835,"13,8","0,2","6,2",04:46,"21,3",14:21,,,,,,,,,
2023-05-23,3209Y,BRIHUEGA,GUADALAJARA,835,"16,4","5,8","11,0",24:00,"21,8",15:30,,,,,,,,,
2023-05-24,3209Y,BRIHUEGA,GUADALAJARA,835,"15,8","1,2","9,5",04:54,"22,0",14:27,,,,,,,,,
2023-05-25,3209Y,BRIHUEGA,GUADALAJARA,835,"15,2","5,2","8,6",04:51,"21,7",14:02,,,,,,,,,
2023-05-26,3209Y,BRIHUEGA,GUADALAJARA,835,"13,6","0,0","10,1",23:59,"17,1",17:35,,,,,,,,,
2023-05-27,3209Y,BRIHUEGA,GUADALAJARA,835,"13,6","0,2","7,5",04:53,"19,8",11:28,,,,,,,,,
2023-05-28,3209Y,BRIHUEGA,GUADALAJARA,835,"15,0","11,4","11,2",23:59,"18,8",14:31,,,,,,,,,
2023-05-29,3209Y,BRIHUEGA,GUADALAJARA,835,"15,8","3,0","9,5",02:19,"22,1",14:57,,,,,,,,,
2023-05-30,3209Y,BRIHUEGA,GUADALAJARA,835,"15,2","7,8","8,4",05:03,"21,9",11:45,,,,,,,,,
2023-05-31,3209Y,BRIHUEGA,GUADALAJARA,835,"15,6","5,0","8,4",04:55,"22,7",14:00,,,,,,,,,
2023-06-01,3209Y,BRIHUEGA,GUADALAJARA,835,"15,0","7,6","11,2",21:30,"18,8",14:07,,,,,,,,,
2023-06-02,3209Y,BRIHUEGA,GUADALAJARA,835,"15,6","7,2","9,8",03:26,"21,4",16:37,,,,,,,,,
2023-06-03,3209Y,BRIHUEGA,GUADALAJARA,835,"16,6","0,0","9,7",05:01,"23,4",14:38,,,,,,,,,
2023-06-04,3209Y,BRIHUEGA,GUADALAJARA,835,"16,4","0,2","9,8",Varias,"23,1",12:59,,,,,,,,,
2023-06-05,3209Y,BRIHUEGA,GUADALAJARA,835,"17,2","1,6","10,6",04:52,"23,8",12:26,,,,,,,,,
2023-06-06,3209Y,BRIHUEGA,GUADALAJARA,835,"18,3","0,0","10,5",04:18,"26,1",16:37,,,,,,,,,
2023-06-07,3209Y,BRIHUEGA,GUADALAJARA,835,"16,5","0,6","14,7",08:56,"18,3",00:01,,,,,,,,,
2023-06-08,3209Y,BRIHUEGA,GUADALAJARA,835,"17,0","5,0","14,6",03:26,"19,5",14:04,,,,,,,,,
2023-06-09,3209Y,BRIHUEGA,GUADALAJARA,835,"17,8","0,0","13,6",04:32,"22,1",16:41,,,,,,,,,
2023-06-10,3209Y,BRIHUEGA,GUADALAJARA,835,"19,0","0,0","13,2",04:25,"24,9",15:13,,,,,,,,,
2023-06-11,3209Y,BRIHUEGA,GUADALAJARA,835,"19,2","0,2","12,5",04:52,"25,9",14:07,,,,,,,,,
2023-06-12,3209Y,BRIHUEGA,GUADALAJARA,835,"18,6","1,8","11,2",03:52,"25,9",14:28,,,,,,,,,
2023-06-13,3209Y,BRIHUEGA,GUADALAJARA,835,"16,4","0,2","11,6",05:37,"21,1",11:32,,,,,,,,,
2023-06-14,3209Y,BRIHUEGA,GUADALAJARA,835,"16,6","0,0","9,1",04:42,"24,1",13:22,,,,,,,,,
2023-06-15,3209Y,BRIHUEGA,GUADALAJARA,835,"20,0","0,0","11,2",05:10,"28,8",15:53,,,,,,,,,
2023-06-16,3209Y,BRIHUEGA,GUADALAJARA,835,"22,0","0,0","13,5",05:01,"30,4",16:03,,,,,,,,,
2023-06-17,3209Y,BRIHUEGA,GUADALAJARA,835,"23,0","0,4","14,6",04:57,"31,5",12:30,,,,,,,,,
2023-06-18,3209Y,BRIHUEGA,GUADALAJARA,835,"22,2","11,0","15,6",22:07,"28,8",15:07,,,,,,,,,
2023-06-19,3209Y,BRIHUEGA,GUADALAJARA,835,"21,0","4,4","15,2",04:01,"26,8",15:24,,,,,,,,,
2023-06-20,3209Y,BRIHUEGA,GUADALAJARA,835,"19,6","0,0","13,9",04:00,"25,4",16:38,,,,,,,,,
2023-06-21,3209Y,BRIHUEGA,GUADALAJARA,835,"19,9","8,0","13,1",Varias,"26,7",12:25,,,,,,,,,
2023-06-22,3209Y,BRIHUEGA,GUADALAJARA,835,"19,7","0,0","12,6",05:33,"26,8",16:37,,,,,,,,,
2023-06-23,3209Y,BRIHUEGA,GUADALAJARA,835,"22,0","0,0","14,4",04:56,"29,6",16:08,,,,,,,,,
2023-06-24,3209Y,BRIHUEGA,GUADALAJARA,835,"23,4","0,0","15,0",04:41,"31,8",15:29,,,,,,,,,
2023-06-25,3209Y,BRIHUEGA,GUADALAJARA,835,"25,0","0,0","15,9",04:44,"34,1",14:45,,,,,,,,,
2023-06-26,3209Y,BRIHUEGA,GUADALAJARA,835,"25,0","0,0","15,6",05:04,"34,5",15:58,,,,,,,,,
2023-06-27,3209Y,BRIHUEGA,GUADALAJARA,835,"24,8","0,0","16,4",04:39,"33,3",15:03,,,,,,,,,
2023-06-28,3209Y,BRIHUEGA,GUADALAJARA,835,"24,6","0,0","16,5",05:21,"32,6",14:33,,,,,,,,,
2023-06-29,3209Y,BRIHUEGA,GUADALAJARA,835,"24,0","0,0","14,7",23:59,"33,4",14:52,,,,,,,,,
2023-06-30,3209Y,BRIHUEGA,GUADALAJARA,835,"19,2","0,0","11,9",05:06,"26,4",15:56,,,,,,,,,
2023-07-01,3209Y,BRIHUEGA,GUADALAJARA,835,"21,0","0,0","12,2",05:33,"29,9",16:14,,,,,,,,,
2023-07-02,3209Y,BRIHUEGA,GUADALAJARA,835,"23,6","0,0","14,9",05:05,"32,2",13:52,,,,,,,,,
2023-07-03,3209Y,BRIHUEGA,GUADALAJARA,835,"22,0","0,0","16,0",05:05,"28,1",11:45,,,,,,,,,
2023-07-04,3209Y,BRIHUEGA,GUADALAJARA,835,"23,2","0,0","14,8",04:55,"31,7",14:57,,,,,,,,,
2023-07-05,3209Y,BRIHUEGA,GUADALAJARA,835,"21,6","0,0","13,4",03:20,"29,8",13:44,,,,,,,,,
2023-07-06,3209Y,BRIHUEGA,GUADALAJARA,835,"24,3","0,0","17,4",01:31,"31,2",15:06,,,,,,,,,
2023-07-07,3209Y,BRIHUEGA,GUADALAJARA,835,"24,2","0,0","17,7",23:59,"30,8",13:49,,,,,,,,,
2023-07-08,3209Y,BRIHUEGA,GUADALAJARA,835,"22,6","0,0","14,3",05:17,"30,9",15:56,,,,,,,,,
2023-07-09,3209Y,BRIHUEGA,GUADALAJARA,835,"23,2","0,0","13,8",05:12,"32,7",15:54,,,,,,,,,
2023-07-10,3209Y,BRIHUEGA,GUADALAJARA,835,"26,9","0,0","17,2",04:38,"36,6",15:23,,,,,,,,,
2023-07-11,3209Y,BRIHUEGA,GUADALAJARA,835,"28,0","0,0","19,3",23:47,"36,7",14:04,,,,,,,,,
2023-07-12,3209Y,BRIHUEGA,GUADALAJARA,835,"22,7","0,0","14,7",05:10,"30,7",17:05,,,,,,,,,
2023-07-13,3209Y,BRIHUEGA,GUADALAJARA,835,"23,8","0,0","14,9",05:38,"32,6",14:34,,,,,,,,,
2023-07-14,3209Y,BRIHUEGA,GUADALAJARA,835,"25,8","0,0","17,5",05:08,"34,1",15:51,,,,,,,,,
2023-07-15,3209Y,BRIHUEGA,GUADALAJARA,835,"22,5","0,0","15,1",05:16,"29,9",15:12,,,,,,,,,
2023-07-16,3209Y,BRIHUEGA,GUADALAJARA,835,"23,0","0,0","14,1",04:51,"31,8",16:07,,,,,,,,,
2023-07-17,3209Y,BRIHUEGA,GUADALAJARA,835,"27,4","0,0","17,3",02:42,"37,6",16:03,,,,,,,,,
2023-07-18,3209Y,BRIHUEGA,GUADALAJARA,835,"28,8","0,0","20,7",05:19,"37,0",14:09,,,,,,,,,
2023-07-19,3209Y,BRIHUEGA,GUADALAJARA,835,"27,6","0,0","19,7",05:18,"35,6",14:07,,,,,,,,,
2023-07-20,3209Y,BRIHUEGA,GUADALAJARA,835,"25,6","0,0","17,4",05:13,"33,9",13:59,,,,,,,,,
2023-07-21,3209Y,BRIHUEGA,GUADALAJARA,835,"22,6","0,0","14,9",05:09,"30,2",13:11,,,,,,,,,
2023-07-22,3209Y,BRIHUEGA,GUADALAJARA,835,"21,2","0,0","11,9",04:56,"30,4",15:22,,,,,,,,,
2023-07-23,3209Y,BRIHUEGA,GUADALAJARA,835,"24,9","0,0","16,5",00:58,"33,3",15:04,,,,,,,,,
2023-07-24,3209Y,BRIHUEGA,GUADALAJARA,835,"22,0","0,0","13,7",05:25,"30,2",14:14,,,,,,,,,
2023-07-25,3209Y,BRIHUEGA,GUADALAJARA,835,"20,9","0,0","12,6",05:26,"29,2",16:34,,,,,,,,,
2023-07-26,3209Y,BRIHUEGA,GUADALAJARA,835,"21,4","0,0","11,6",05:27,"31,2",15:26,,,,,,,,,
2023-07-27,3209Y,BRIHUEGA,GUADALAJARA,835,"24,4","0,0","16,9",05:10,"31,9",14:15,,,,,,,,,
2023-07-28,3209Y,BRIHUEGA,GUADALAJARA,835,"22,8","0,0","13,7",04:54,"31,8",16:11,,,,,,,,,
2023-07-29,3209Y,BRIHUEGA,GUADALAJARA,835,"23,9","0,0","14,6",04:50,"33,2",15:03,,,,,,,,,
2023-07-30,3209Y,BRIHUEGA,GUADALAJARA,835,"26,3","0,0","17,9",05:45,"34,7",16:04,,,,,,,,,
2023-07-31,3209Y,BRIHUEGA,GUADALAJARA,835,"25,8","0,0","16,9",05:12,"34,6",14:19,,,,,,,,,
2023-08-01,3209Y,BRIHUEGA,GUADALAJARA,835,"25,7","0,0","16,9",05:52,"34,5",15:35,,,,,,,,,
2023-08-02,3209Y,BRIHUEGA,GUADALAJARA,835,"25,0","0,0","16,0",04:52,"34,1",15:06,,,,,,,,,
2023-08-03,3209Y,BRIHUEGA,GUADALAJARA,835,"22,2","0,0","14,2",23:56,"30,2",14:45,,,,,,,,,
2023-08-04,3209Y,BRIHUEGA,GUADALAJARA,835,"17,8","0,0","10,3",04:51,"25,3",15:18,,,,,,,,,
2023-08-05,3209Y,BRIHUEGA,GUADALAJARA,835,"20,4","0,0","8,6",05:37,"32,1",15:29,,,,,,,,,
2023-08-06,3209Y,BRIHUEGA,GUADALAJARA,835,"23,9","0,0","15,1",03:51,"32,7",15:59,,,,,,,,,
2023-08-07,3209Y,BRIHUEGA,GUADALAJARA,835,"23,1","0,0","12,4",04:40,"33,8",16:13,,,,,,,,,
2023-08-08,3209Y,BRIHUEGA,GUADALAJARA,835,"26,2","0,0","16,4",05:30,"36,1",15:09,,,,,,,,,
2023-08-09,3209Y,BRIHUEGA,GUADALAJARA,835,"28,3","0,0","18,2",05:20,"38,4",14:47,,,,,,,,,
2023-08-10,3209Y,BRIHUEGA,GUADALAJARA,835,"28,6","0,0","20,7",05:57,"36,5",16:05,,,,,,,,,
2023-08-11,3209Y,BRIHUEGA,GUADALAJARA,835,"26,8","0,0","16,7",05:26,"36,8",14:43,,,,,,,,,
2023-08-12,3209Y,BRIHUEGA,GUADALAJARA,835,"26,8","0,0","17,4",05:01,"36,1",13:57,,,,,,,,,
2023-08-13,3209Y,BRIHUEGA,GUADALAJARA,835,"26,8","0,0","19,0",05:22,"34,7",14:49,,,,,,,,,
2023-08-14,3209Y,BRIHUEGA,GUADALAJARA,835,"25,4","0,0","18,2",05:53,"32,6",15:02,,,,,,,,,
2023-08-15,3209Y,BRIHUEGA,GUADALAJARA,835,"25,0","0,0","16,6",05:37,"33,5",15:33,,,,,,,,,
2023-08-16,3209Y,BRIHUEGA,GUADALAJARA,835,"25,0","0,0","16,8",05:46,"33,3",14:05,,,,,,,,,
2023-08-17,3209Y,BRIHUEGA,GUADALAJARA,835,"25,2","0,0","17,0",02:37,"33,3",13:40,,,,,,,,,
2023-08-18,3209Y,BRIHUEGA,GUADALAJARA,835,"24,1","0,0","16,0",03:31,"32,2",15:07,,,,,,,,,
2023-08-19,3209Y,BRIHUEGA,GUADALAJARA,835,"24,9","0,0","15,2",04:35,"34,6",14:14,,,,,,,,,
2023-08-20,3209Y,BRIHUEGA,GUADALAJARA,835,"26,8","0,0","16,9",05:31,"36,7",14:15,,,,,,,,,
2023-08-21,3209Y,BRIHUEGA,GUADALAJARA,835,"28,2","0,0","18,5",05:21,"37,9",14:06,,,,,,,,,
2023-08-22,3209Y,BRIHUEGA,GUADALAJARA,835,"27,8","0,0","17,9",05:40,"37,6",14:38,,,,,,,,,
2023-08-23,3209Y,BRIHUEGA,GUADALAJARA,835,"27,2","0,0","17,6",05:45,"36,8",14:16,,,,,,,,,
2023-08-24,3209Y,BRIHUEGA,GUADALAJARA,835,"27,6","0,0","18,4",05:18,"36,7",14:08,,,,,,,,,
2023-08-25,3209Y,BRIHUEGA,GUADALAJARA,835,"25,8","0,0","16,4",05:57,"35,1",14:22,,,,,,,,,
2023-08-26,3209Y,BRIHUEGA,GUADALAJARA,835,"22,6","0,0","15,5",23:01,"29,6",15:02,,,,,,,,,
2023-08-27,3209Y,BRIHUEGA,GUADALAJARA,835,"16,2","0,0","10,7",23:38,"21,8",13:36,,,,,,,,,
2023-08-28,3209Y,BRIHUEGA,GUADALAJARA,835,"17,0","0,0","9,0",05:50,"25,0",14:05,,,,,,,,,
2023-08-29,3209Y,BRIHUEGA,GUADALAJARA,835,"17,6","0,0","9,8",05:37,"25,3",13:52,,,,,,,,,
2023-08-30,3209Y,BRIHUEGA,GUADALAJARA,835,"18,1","0,0","10,2",05:36,"26,0",14:01,,,,,,,,,
2023-08-31,3209Y,BRIHUEGA,GUADALAJARA,835,"19,6","0,0","10,4",05:32,"28,8",14:28,,,,,,,,,
2023-09-01,3209Y,BRIHUEGA,GUADALAJARA,835,"22,1","0,0","14,3",02:51,"29,9",13:21,,,,,,,,,
2023-09-02,3209Y,BRIHUEGA,GUADALAJARA,835,"17,0","7,4","13,3",Varias,"20,7",00:01,,,,,,,,,
2023-09-03,3209Y,BRIHUEGA,GUADALAJARA,835,"19,0","4,8","14,7",Varias,"23,3",17:11,,,,,,,,,
2023-09-04,3209Y,BRIHUEGA,GUADALAJARA,835,"20,3","0,6","14,4",24:00,"26,2",12:56,,,,,,,,,
2023-09-05,3209Y,BRIHUEGA,GUADALAJARA,835,"19,8","0,0","12,9",05:47,"26,7",15:04,,,,,,,,,
2023-09-06,3209Y,BRIHUEGA,GUADALAJARA,835,"21,3","0,0","15,3",05:05,"27,3",14:15,,,,,,,,,
2023-09-07,3209Y,BRIHUEGA,GUADALAJARA,835,"21,8","0,0","15,4",05:48,"28,1",14:55,,,,,,,,,
2023-09-08,3209Y,BRIHUEGA,GUADALAJARA,835,"22,4","0,0","15,7",05:45,"29,1",13:57,,,,,,,,,
2023-09-09,3209Y,BRIHUEGA,GUADALAJARA,835,"22,6","1,6","17,4",Varias,"27,7",12:57,,,,,,,,,
2023-09-10,3209Y,BRIHUEGA,GUADALAJARA,835,"21,2","2,0","13,8",05:40,"28,6",13:48,,,,,,,,,
2023-09-11,3209Y,BRIHUEGA,GUADALAJARA,835,"19,0","0,0","13,2",23:32,"24,7",12:40,,,,,,,,,
2023-09-12,3209Y,BRIHUEGA,GUADALAJARA,835,"18,4","0,0","12,8",00:54,"24,1",12:45,,,,,,,,,
2023-09-13,3209Y,BRIHUEGA,GUADALAJARA,835,"19,6","0,0","12,0",05:59,"27,1",13:16,,,,,,,,,
2023-09-14,3209Y,BRIHUEGA,GUADALAJARA,835,"19,3","17,2","12,2",05:34,"26,4",13:31,,,,,,,,,
2023-09-15,3209Y,BRIHUEGA,GUADALAJARA,835,"17,9","0,4","13,6",06:32,"22,2",14:08,,,,,,,,,
2023-09-16,3209Y,BRIHUEGA,GUADALAJARA,835,"16,6","0,2","13,0",06:09,"20,1",13:44,,,,,,,,,
2023-09-17,3209Y,BRIHUEGA,GUADALAJARA,835,"13,9","11,8","10,3",24:00,"17,5",12:04,,,,,,,,,
2023-09-18,3209Y,BRIHUEGA,GUADALAJARA,835,"14,6","0,2","10,3",00:01,"19,0",13:30,,,,,,,,,
2023-09-19,3209Y,BRIHUEGA,GUADALAJARA,835,"16,4","2,6","9,8",04:06,"23,0",14:42,,,,,,,,,
2023-09-20,3209Y,BRIHUEGA,GUADALAJARA,835,"15,5","0,0","8,7",06:17,"22,3",12:38,,,,,,,,,
2023-09-21,3209Y,BRIHUEGA,GUADALAJARA,835,"11,8","1,4","8,6",Varias,"15,0",17:20,,,,,,,,,
2023-09-22,3209Y,BRIHUEGA,GUADALAJARA,835,"11,6","0,0","4,7",06:07,"18,6",14:15,,,,,,,,,
2023-09-23,3209Y,BRIHUEGA,GUADALAJARA,835,"13,2","0,0","5,2",05:42,"21,2",13:58,,,,,,,,,
2023-09-24,3209Y,BRIHUEGA,GUADALAJARA,835,"16,0","0,0","7,2",06:11,"24,9",14:04,,,,,,,,,
2023-09-25,3209Y,BRIHUEGA,GUADALAJARA,835,"18,9","0,0","9,6",03:25,"28,2",12:44,,,,,,,,,
2023-09-26,3209Y,BRIHUEGA,GUADALAJARA,835,"19,0","0,0","10,5",06:11,"27,6",13:20,,,,,,,,,
2023-09-27,3209Y,BRIHUEGA,GUADALAJARA,835,"19,6","0,0","11,7",05:03,"27,6",13:05,,,,,,,,,
2023-09-28,3209Y,BRIHUEGA,GUADALAJARA,835,"19,1","0,0","10,7",06:04,"27,5",12:44,,,,,,,,,
2023-09-29,3209Y,BRIHUEGA,GUADALAJARA,835,"21,9","0,0","12,8",05:32,"31,0",14:11,,,,,,,,,
2023-09-30,3209Y,BRIHUEGA,GUADALAJARA,835,"21,4","0,0","12,3",06:14,"30,6",14:06,,,,,,,,,
2023-10-01,3209Y,BRIHUEGA,GUADALAJARA,835,"21,6","0,0","11,8",05:22,"31,4",13:49,,,,,,,,,
2023-10-02,3209Y,BRIHUEGA,GUADALAJARA,835,"21,4","0,0","12,4",03:30,"30,3",13:37,,,,,,,,,
2023-10-03,3209Y,BRIHUEGA,GUADALAJARA,835,"20,8","0,0","11,5",04:57,"30,1",14:09,,,,,,,,,
2023-10-04,3209Y,BRIHUEGA,GUADALAJARA,835,"19,6","0,0","11,3",06:11,"28,0",14:10,,,,,,,,,
2023-10-05,3209Y,BRIHUEGA,GUADALAJARA,835,"20,8","0,0","11,7",06:10,"29,8",13:49,,,,,,,,,
2023-10-06,3209Y,BRIHUEGA,GUADALAJARA,835,"21,0","0,0","11,7",05:55,"30,2",12:08,,,,,,,,,
2023-10-07,3209Y,BRIHUEGA,GUADALAJARA,835,"20,7","0,0","11,3",06:22,"30,1",13:44,,,,,,,,,
2023-10-08,3209Y,BRIHUEGA,GUADALAJARA,835,"20,8","0,0","11,1",06:19,"30,5",13:29,,,,,,,,,
2023-10-09,3209Y,BRIHUEGA,GUADALAJARA,835,"19,4","0,0","10,2",06:17,"28,6",12:38,,,,,,,,,
2023-10-10,3209Y,BRIHUEGA,GUADALAJARA,835,"18,8","0,0","9,4",06:36,"28,1",13:45,,,,,,,,,
2023-10-11,3209Y,BRIHUEGA,GUADALAJARA,835,"17,8","0,0","8,1",06:18,"27,5",13:04,,,,,,,,,
2023-10-12,3209Y,BRIHUEGA,GUADALAJARA,835,"17,8","0,0","8,4",06:19,"27,3",13:49,,,,,,,,,
2023-10-13,3209Y,BRIHUEGA,GUADALAJARA,835,"18,2","1,4","10,5",06:33,"25,9",13:28,,,,,,,,,
2023-10-14,3209Y,BRIHUEGA,GUADALAJARA,835,"15,2","0,0","11,3",23:56,"19,2",14:24,,,,,,,,,
2023-10-15,3209Y,BRIHUEGA,GUADALAJARA,835,"14,2","1,2","8,6",05:56,"19,8",13:41,,,,,,,,,
2023-10-16,3209Y,BRIHUEGA,GUADALAJARA,835,"15,2","0,2","12,2",00:49,"18,2",13:34,,,,,,,,,
2023-10-17,3209Y,BRIHUEGA,GUADALAJARA,835,"17,6","0,6","12,2",05:52,"22,9",13:19,,,,,,,,,
2023-10-18,3209Y,BRIHUEGA,GUADALAJARA,835,"16,6","1,6","13,5",23:53,"19,6",13:25,,,,,,,,,
2023-10-19,3209Y,BRIHUEGA,GUADALAJARA,835,"12,6","73,2","9,4",18:55,"15,8",14:22,,,,,,,,,
2023-10-20,3209Y,BRIHUEGA,GUADALAJARA,835,"10,8","0,4","7,6",21:26,"14,0",12:03,,,,,,,,,
2023-10-21,3209Y,BRIHUEGA,GUADALAJARA,835,"8,2","0,0","2,7",06:44,"13,8",14:07,,,,,,,,,
2023-10-22,3209Y,BRIHUEGA,GUADALAJARA,835,"9,9","13,6","5,4",00:39,"14,4",13:30,,,,,,,,,
2023-10-23,3209Y,BRIHUEGA,GUADALAJARA,835,"11,8","2,0","9,2",07:33,"14,4",13:04,,,,,,,,,
2023-10-24,3209Y,BRIHUEGA,GUADALAJARA,835,"9,8","0,0","7,2",06:44,"12,4",12:39,,,,,,,,,
2023-10-25,3209Y,BRIHUEGA,GUADALAJARA,835,"12,7","0,0","9,5",00:01,"15,9",13:16,,,,,,,,,
2023-10-26,3209Y,BRIHUEGA,GUADALAJARA,835,"11,3","9,6","6,5",23:54,"16,1",14:15,,,,,,,,,
2023-10-27,3209Y,BRIHUEGA,GUADALAJARA,835,"8,8","0,0","4,7",04:02,"12,9",13:58,,,,,,,,,
2023-10-28,3209Y,BRIHUEGA,GUADALAJARA,835,"12,2","1,8","9,8",07:10,"14,7",15:06,,,,,,,,,
2023-10-29,3209Y,BRIHUEGA,GUADALAJARA,835,"12,2","5,4","10,3",05:31,"14,0",13:14,,,,,,,,,
2023-10-30,3209Y,BRIHUEGA,GUADALAJARA,835,"8,3","2,8","3,8",21:42,"12,8",14:43,,,,,,,,,
2023-10-31,3209Y,BRIHUEGA,GUADALAJARA,835,"6,7","0,0","2,2",05:41,"11,2",15:04,,,,,,,,,
2023-11-01,3209Y,BRIHUEGA,GUADALAJARA,835,"8,1","3,2","3,6",02:06,"12,6",21:57,,,,,,,,,
2023-11-02,3209Y,BRIHUEGA,GUADALAJARA,835,"9,2","14,0","4,3",23:56,"14,2",13:19,,,,,,,,,
2023-11-03,3209Y,BRIHUEGA,GUADALAJARA,835,"7,8","0,8","4,3",00:01,"11,4",12:10,,,,,,,,,
2023-11-04,3209Y,BRIHUEGA,GUADALAJARA,835,"9,9","5,2","7,4",Varias,"12,4",16:55,,,,,,,,,
2023-11-05,3209Y,BRIHUEGA,GUADALAJARA,835,"8,4","0,0","4,9",23:56,"11,9",Varias,,,,,,,,,
2023-11-06,3209Y,BRIHUEGA,GUADALAJARA,835,"6,5","0,0","1,2",06:31,"11,8",13:38,,,,,,,,,
2023-11-07,3209Y,BRIHUEGA,GUADALAJARA,835,"2,8","0,2","-2,3",06:55,"7,8",13:43,,,,,,,,,
2023-11-08,3209Y,BRIHUEGA,GUADALAJARA,835,"6,9","1,8","3,9",00:01,"9,9",13:44,,,,,,,,,
2023-11-09,3209Y,BRIHUEGA,GUADALAJARA,835,"10,8","0,0","7,3",00:01,"14,4",13:40,,,,,,,,,
2023-11-10,3209Y,BRIHUEGA,GUADALAJARA,835,"9,0","1,6","4,8",07:10,"13,1",12:38,,,,,,,,,
2023-11-11,3209Y,BRIHUEGA,GUADALAJARA,835,"13,0","0,0","9,6",00:01,"16,4",13:56,,,,,,,,,
2023-11-12,3209Y,BRIHUEGA,GUADALAJARA,835,"13,8","0,4","9,4",22:06,"18,3",14:06,,,,,,,,,
2023-11-13,3209Y,BRIHUEGA,GUADALAJARA,835,"11,8","0,0","8,1",23:55,"15,4",14:58,,,,,,,,,
2023-11-14,3209Y,BRIHUEGA,GUADALAJARA,835,"11,8","0,0","7,7",00:43,"16,0",14:24,,,,,,,,,
2023-11-15,3209Y,BRIHUEGA,GUADALAJARA,835,"13,4","0,0","8,4",22:47,"18,4",12:51,,,,,,,,,
2023-11-16,3209Y,BRIHUEGA,GUADALAJARA,835,"13,0","0,2","7,9",06:52,"18,0",14:18,,,,,,,,,
2023-11-17,3209Y,BRIHUEGA,GUADALAJARA,835,"11,2","0,0","5,3",07:13,"17,2",14:13,,,,,,,,,
2023-11-18,3209Y,BRIHUEGA,GUADALAJARA,835,"11,8","0,0","4,5",07:19,"19,1",13:47,,,,,,,,,
2023-11-19,3209Y,BRIHUEGA,GUADALAJARA,835,"12,6","0,0","3,9",06:35,"21,2",13:44,,,,,,,,,
2023-11-20,3209Y,BRIHUEGA,GUADALAJARA,835,"11,7","0,0","3,6",06:55,"19,8",14:11,,,,,,,,,
2023-11-21,3209Y,BRIHUEGA,GUADALAJARA,835,"7,0","0,0","3,1",06:45,"10,9",11:16,,,,,,,,,
2023-11-22,3209Y,BRIHUEGA,GUADALAJARA,835,"6,6","0,0","1,1",22:56,"12,1",13:30,,,,,,,,,
2023-11-23,3209Y,BRIHUEGA,GUADALAJARA,835,"7,4","0,0","1,2",01:35,"13,7",14:28,,,,,,,,,
2023-11-24,3209Y,BRIHUEGA,GUADALAJARA,835,"8,9","0,0","0,2",06:41,"17,6",13:46,,,,,,,,,
2023-11-25,3209Y,BRIHUEGA,GUADALAJARA,835,"10,4","0,0","3,0",03:48,"17,7",13:25,,,,,,,,,
2023-11-26,3209Y,BRIHUEGA,GUADALAJARA,835,"8,4","0,0","1,3",07:20,"15,5",13:56,,,,,,,,,
2023-11-27,3209Y,BRIHUEGA,GUADALAJARA,835,"5,7","0,0","0,9",07:13,"10,5",Varias,,,,,,,,,
2023-11-28,3209Y,BRIHUEGA,GUADALAJARA,835,"7,0","0,4","5,4",04:35,"8,5",23:53,,,,,,,,,
2023-11-29,3209Y,BRIHUEGA,GUADALAJARA,835,"10,1","1,4","8,5",00:01,"11,7",14:44,,,,,,,,,
2023-11-30,3209Y,BRIHUEGA,GUADALAJARA,835,"11,4","57,2","10,2",00:01,"12,5",11:48,,,,,,,,,
2023-12-01,3209Y,BRIHUEGA,GUADALAJARA,835,"6,3","1,2","1,3",20:54,"11,3",02:03,,,,,,,,,
2023-12-02,3209Y,BRIHUEGA,GUADALAJARA,835,"4,9","0,0","-0,1",22:30,"9,9",14:33,,,,,,,,,
2023-12-03,3209Y,BRIHUEGA,GUADALAJARA,835,"2,0","0,8","-3,2",07:22,"7,1",11:36,,,,,,,,,
2023-12-04,3209Y,BRIHUEGA,GUADALAJARA,835,"4,5","0,2","2,4",02:14,"6,6",15:39,,,,,,,,,
2023-12-05,3209Y,BRIHUEGA,GUADALAJARA,835,"3,2","0,0","-0,7",07:09,"7,2",14:07,,,,,,,,,
2023-12-06,3209Y,BRIHUEGA,GUADALAJARA,835,"4,0","0,0","-1,8",07:17,"9,7",13:03,,,,,,,,,
2023-12-07,3209Y,BRIHUEGA,GUADALAJARA,835,"3,2","17,8","-0,7",01:11,"7,1",19:03,,,,,,,,,
2023-12-08,3209Y,BRIHUEGA,GUADALAJARA,835,"4,6","0,0","0,7",23:59,"8,4",Varias,,,,,,,,,
2023-12-09,3209Y,BRIHUEGA,GUADALAJARA,835,"4,7","0,0","0,6",00:10,"8,8",16:52,,,,,,,,,
2023-12-10,3209Y,BRIHUEGA,GUADALAJARA,835,"9,3","0,0","8,3",05:52,"10,3",13:52,,,,,,,,,
2023-12-11,3209Y,BRIHUEGA,GUADALAJARA,835,"8,5","0,0","7,4",21:01,"9,6",15:07,,,,,,,,,
2023-12-12,3209Y,BRIHUEGA,GUADALAJARA,835,"8,8","3,2","7,1",07:58,"10,5",20:16,,,,,,,,,
2023-12-13,3209Y,BRIHUEGA,GUADALAJARA,835,"6,3","0,0","2,2",22:16,"10,4",13:05,,,,,,,,,
2023-12-14,3209Y,BRIHUEGA,GUADALAJARA,835,"5,2","0,0","1,3",03:25,"9,1",13:09,,,,,,,,,
2023-12-15,3209Y,BRIHUEGA,GUADALAJARA,835,"6,8","0,0","1,3",23:10,"12,2",14:25,,,,,,,,,
2023-12-16,3209Y,BRIHUEGA,GUADALAJARA,835,"7,7","0,0","-0,5",06:42,"15,9",14:33,,,,,,,,,
2023-12-17,3209Y,BRIHUEGA,GUADALAJARA,835,"5,2","0,0","-2,9",06:30,"13,3",14:08,,,,,,,,,
2023-12-18,3209Y,BRIHUEGA,GUADALAJARA,835,"7,0","0,0","-2,4",06:31,"16,4",14:52,,,,,,,,,
2023-12-19,3209Y,BRIHUEGA,GUADALAJARA,835,"7,8","0,0","-0,3",06:43,"15,8",13:36,,,,,,,,,
2023-12-20,3209Y,BRIHUEGA,GUADALAJARA,835,"4,5","0,0","-0,9",Varias,"9,9",12:11,,,,,,,,,
2023-12-21,3209Y,BRIHUEGA,GUADALAJARA,835,"5,8","0,0","-0,4",03:16,"11,9",14:28,,,,,,,,,
2023-12-22,3209Y,BRIHUEGA,GUADALAJARA,835,"7,4","0,0","1,5",06:52,"13,2",15:02,,,,,,,,,
2023-12-23,3209Y,BRIHUEGA,GUADALAJARA,835,"7,1","0,0","0,4",07:20,"13,8",14:50,,,,,,,,,
2023-12-24,3209Y,BRIHUEGA,GUADALAJARA,835,"5,5","0,0","-2,1",07:23,"13,1",14:45,,,,,,,,,
2023-12-25,3209Y,BRIHUEGA,GUADALAJARA,835,"5,7","0,0","-3,4",07:30,"14,8",14:36,,,,,,,,,
2023-12-26,3209Y,BRIHUEGA,GUADALAJARA,835,"5,4","0,0","-3,3",05:25,"14,1",15:12,,,,,,,,,
2023-12-27,3209Y,BRIHUEGA,GUADALAJARA,835,"4,9","0,0","-3,4",06:51,"13,2",13:39,,,,,,,,,
2023-12-28,3209Y,BRIHUEGA,GUADALAJARA,835,"3,6","0,0","-2,8",03:59,"10,0",13:41,,,,,,,,,
2023-12-29,3209Y,BRIHUEGA,GUADALAJARA,835,"4,6","0,0","0,1",04:25,"9,1",11:41,,,,,,,,,
2023-12-30,3209Y,BRIHUEGA,GUADALAJARA,835,"6,6","0,0","0,1",Varias,"13,0",14:31,,,,,,,,,
2023-12-31,3209Y,BRIHUEGA,GUADALAJARA,835,"5,6","0,0","2,3",00:21,"8,8",14:48,,,,,,,,,
2024-01-01,3209Y,BRIHUEGA,GUADALAJARA,835,"4,8","0,0","0,4",Varias,"9,1",14:39,,,,,,,,,
2024-01-02,3209Y,BRIHUEGA,GUADALAJARA,835,"3,8","1,2","0,4",02:08,"7,3",23:07,,,,,,,,,
2024-01-03,3209Y,BRIHUEGA,GUADALAJARA,835,"8,8","1,0","7,0",00:01,"10,6",13:08,,,,,,,,,
2024-01-04,3209Y,BRIHUEGA,GUADALAJARA,835,"8,0","5,8","6,3",05:52,"9,6",Varias,,,,,,,,,
2024-01-05,3209Y,BRIHUEGA,GUADALAJARA,835,"3,0","0,0","-0,4",23:14,"6,5",Varias,,,,,,,,,
2024-01-06,3209Y,BRIHUEGA,GUADALAJARA,835,"2,7","0,0","-1,1",07:40,"6,5",14:38,,,,,,,,,
2024-01-07,3209Y,BRIHUEGA,GUADALAJARA,835,"2,3","0,0","-1,7",20:59,"6,3",12:16,,,,,,,,,
2024-01-08,3209Y,BRIHUEGA,GUADALAJARA,835,"1,8","0,0","-4,6",07:33,"8,2",14:22,,,,,,,,,
2024-01-09,3209Y,BRIHUEGA,GUADALAJARA,835,"2,4","0,4","0,3",00:01,"4,5",14:11,,,,,,,,,
2024-01-10,3209Y,BRIHUEGA,GUADALAJARA,835,"3,1","4,0","1,4",23:43,"4,8",15:31,,,,,,,,,
2024-01-11,3209Y,BRIHUEGA,GUADALAJARA,835,"1,4","0,0","-1,7",23:58,"4,6",13:08,,,,,,,,,
2024-01-12,3209Y,BRIHUEGA,GUADALAJARA,835,"0,8","0,0","-5,5",07:26,"7,2",14:15,,,,,,,,,
2024-01-13,3209Y,BRIHUEGA,GUADALAJARA,835,"3,6","0,2","-2,1",00:35,"9,4",14:42,,,,,,,,,
2024-01-14,3209Y,BRIHUEGA,GUADALAJARA,835,"5,2","0,4","2,5",01:22,"7,8",Varias,,,,,,,,,
2024-01-15,3209Y,BRIHUEGA,GUADALAJARA,835,"8,9","0,0","6,4",00:03,"11,4",23:38,,,,,,,,,
2024-01-16,3209Y,BRIHUEGA,GUADALAJARA,835,"10,5",,"8,7",22:14,"12,3",14:08,,,,,,,,,
2024-01-17,3209Y,BRIHUEGA,GUADALAJARA,835,"9,1",,"8,2",08:18,"10,0",10:55,,,,,,,,,
2024-01-18,3209Y,BRIHUEGA,GUADALAJARA,835,"9,7",,"7,7",19:49,"11,7",15:02,,,,,,,,,
2024-01-19,3209Y,BRIHUEGA,GUADALAJARA,835,"4,4",,"0,3",23:46,"8,6",Varias,,,,,,,,,
2024-01-20,3209Y,BRIHUEGA,GUADALAJARA,835,"3,2","0,0","-0,6",07:45,"6,9",12:50,,,,,,,,,
2024-01-21,3209Y,BRIHUEGA,GUADALAJARA,835,"5,6","0,0","0,2",07:52,"11,0",14:56,,,,,,,,,
2024-01-22,3209Y,BRIHUEGA,GUADALAJARA,835,"4,0","0,0","-1,0",04:33,"8,9",Varias,,,,,,,,,
2024-01-23,3209Y,BRIHUEGA,GUADALAJARA,835,"9,0","0,0","0,8",04:34,"17,3",14:42,,,,,,,,,
2024-01-24,3209Y,BRIHUEGA,GUADALAJARA,835,"12,8","0,0","4,3",07:12,"21,3",14:18,,,,,,,,,
2024-01-25,3209Y,BRIHUEGA,GUADALAJARA,835,"12,2",,"2,9",07:29,"21,4",14:10,,,,,,,,,
2024-01-26,3209Y,BRIHUEGA,GUADALAJARA,835,"13,8","0,0","5,1",04:44,"22,5",13:54,,,,,,,,,
2024-01-27,3209Y,BRIHUEGA,GUADALAJARA,835,"11,9","0,0","4,5",07:29,"19,3",13:56,,,,,,,,,
2024-01-28,3209Y,BRIHUEGA,GUADALAJARA,835,"10,4","0,0","3,2",06:12,"17,7",13:55,,,,,,,,,
2024-01-29,3209Y,BRIHUEGA,GUADALAJARA,835,"8,9","0,0","3,2",07:24,"14,6",12:41,,,,,,,,,
2024-01-30,3209Y,BRIHUEGA,GUADALAJARA,835,"8,2",,"1,3",08:03,"15,1",14:53,,,,,,,,,
2024-01-31,3209Y,BRIHUEGA,GUADALAJARA,835,"7,5","0,0","0,2",08:00,"14,8",15:26,,,,,,,,,
2024-02-01,3209Y,BRIHUEGA,GUADALAJARA,835,"9,9","0,0","3,0",07:53,"16,8",14:26,,,,,,,,,
2024-02-02,3209Y,BRIHUEGA,GUADALAJARA,835,"9,2","0,0","3,1",24:00,"15,2",14:29,,,,,,,,,
2024-02-03,3209Y,BRIHUEGA,GUADALAJARA,835,"8,4","0,0","0,1",07:26,"16,7",14:33,,,,,,,,,
2024-02-04,3209Y,BRIHUEGA,GUADALAJARA,835,"9,6","0,0","-0,2",07:16,"19,3",14:32,,,,,,,,,
2024-02-05,3209Y,BRIHUEGA,GUADALAJARA,835,"8,4","0,0","0,2",07:30,"16,6",13:41,,,,,,,,,
2024-02-06,3209Y,BRIHUEGA,GUADALAJARA,835,"7,4",,"1,1",06:40,"13,7",13:50,,,,,,,,,
2024-02-07,3209Y,BRIHUEGA,GUADALAJARA,835,"5,2",,"0,6",03:16,"9,9",15:06,,,,,,,,,
2024-02-08,3209Y,BRIHUEGA,GUADALAJARA,835,"7,9",,"6,3",20:33,"9,5",Varias,,,,,,,,,
2024-02-09,3209Y,BRIHUEGA,GUADALAJARA,835,"7,4",,"5,6",23:25,"9,3",13:22,,,,,,,,,
2024-02-10,3209Y,BRIHUEGA,GUADALAJARA,835,"4,6",,"0,6",23:57,"8,6",11:52,,,,,,,,,
2024-02-11,3209Y,BRIHUEGA,GUADALAJARA,835,"3,1",,"-0,6",07:29,"6,8",15:28,,,,,,,,,
2024-02-12,3209Y,BRIHUEGA,GUADALAJARA,835,"9,2",,"3,6",00:01,"14,7",14:36,,,,,,,,,
2024-02-13,3209Y,BRIHUEGA,GUADALAJARA,835,"10,0","0,0","6,9",Varias,"13,0",16:16,,,,,,,,,
2024-02-14,3209Y,BRIHUEGA,GUADALAJARA,835,"13,9","0,0","8,5",01:11,"19,3",14:26,,,,,,,,,
2024-02-15,3209Y,BRIHUEGA,GUADALAJARA,835,,,,,,,,,,,,,,,
2024-02-16,3209Y,BRIHUEGA,GUADALAJARA,835,"7,7","0,0","2,9",23:47,"12,5",14:16,,,,,,,,,
2024-02-17,3209Y,BRIHUEGA,GUADALAJARA,835,"7,6","0,0","0,1",04:43,"15,2",15:05,,,,,,,,,
2024-02-18,3209Y,BRIHUEGA,GUADALAJARA,835,"8,9","0,0","0,6",06:22,"17,2",14:19,,,,,,,,,
2024-02-19,3209Y,BRIHUEGA,GUADALAJARA,835,"11,2","0,0","5,1",23:55,"17,4",14:25,,,,,,,,,
2024-02-20,3209Y,BRIHUEGA,GUADALAJARA,835,,,,,,,,,,,,,,,
2024-02-21,3209Y,BRIHUEGA,GUADALAJARA,835,"7,7","0,0","0,0",05:30,"15,4",11:51,,,,,,,,,
2024-02-22,3209Y,BRIHUEGA,GUADALAJARA,835,"7,6","4,6","3,9",23:59,"11,4",11:39,,,,,,,,,
2024-02-23,3209Y,BRIHUEGA,GUADALAJARA,835,"3,6","0,4","-0,8",05:16,"8,1",11:37,,,,,,,,,
2024-02-24,3209Y,BRIHUEGA,GUADALAJARA,835,"4,8","3,0","1,5",05:51,"8,2",14:48,,,,,,,,,
2024-02-25,3209Y,BRIHUEGA,GUADALAJARA,835,"7,4","2,2","3,3",02:22,"11,4",13:59,,,,,,,,,
2024-02-26,3209Y,BRIHUEGA,GUADALAJARA,835,"6,2","0,0","2,7",07:16,"9,8",13:54,,,,,,,,,
2024-02-27,3209Y,BRIHUEGA,GUADALAJARA,835,"4,6","0,0","0,8",23:42,"8,3",14:10,,,,,,,,,
2024-02-28,3209Y,BRIHUEGA,GUADALAJARA,835,"6,2","0,0","0,4",00:42,"12,0",13:54,,,,,,,,,
2024-02-29,3209Y,BRIHUEGA,GUADALAJARA,835,"6,0","1,0","-1,8",06:59,"13,7",13:03,,,,,,,,,
2024-03-01,3209Y,BRIHUEGA,GUADALAJARA,835,"4,3","0,0","-2,7",04:19,"11,3",13:54,,,,,,,,,
2024-03-02,3209Y,BRIHUEGA,GUADALAJARA,835,"2,4","11,2","-0,7",21:08,"5,4",14:11,,,,,,,,,
2024-03-03,3209Y,BRIHUEGA,GUADALAJARA,835,"1,8","5,8","-2,9",06:01,"6,5",15:16,,,,,,,,,
2024-03-04,3209Y,BRIHUEGA,GUADALAJARA,835,"5,6","0,6","1,4",01:08,"9,7",16:45,,,,,,,,,
2024-03-05,3209Y,BRIHUEGA,GUADALAJARA,835,"5,7","0,0","-0,2",03:59,"11,6",14:08,,,,,,,,,
2024-03-06,3209Y,BRIHUEGA,GUADALAJARA,835,"5,5","0,0","-2,0",07:01,"13,0",14:35,,,,,,,,,
2024-03-07,3209Y,BRIHUEGA,GUADALAJARA,835,"7,2","11,6","2,7",22:39,"11,7",14:24,,,,,,,,,
2024-03-08,3209Y,BRIHUEGA,GUADALAJARA,835,"4,5","18,2","1,0",07:45,"8,0",15:18,,,,,,,,,
2024-03-09,3209Y,BRIHUEGA,GUADALAJARA,835,"3,8","5,8","1,8",23:20,"5,8",01:55,,,,,,,,,
2024-03-10,3209Y,BRIHUEGA,GUADALAJARA,835,"5,7","3,0","1,5",01:16,"9,9",14:11,,,,,,,,,
2024-03-11,3209Y,BRIHUEGA,GUADALAJARA,835,"6,2","0,0","1,6",23:59,"10,8",15:03,,,,,,,,,
2024-03-12,3209Y,BRIHUEGA,GUADALAJARA,835,"7,4","0,0","-0,4",05:51,"15,3",14:40,,,,,,,,,
2024-03-13,3209Y,BRIHUEGA,GUADALAJARA,835,"9,1","0,0","1,0",04:04,"17,2",14:11,,,,,,,,,
2024-03-14,3209Y,BRIHUEGA,GUADALAJARA,835,"9,4","0,0","2,5",06:11,"16,2",12:41,,,,,,,,,
2024-03-15,3209Y,BRIHUEGA,GUADALAJARA,835,"9,9","0,0","3,5",02:25,"16,3",13:40,,,,,,,,,
2024-03-16,3209Y,BRIHUEGA,GUADALAJARA,835,"11,0","0,0","3,5",06:10,"18,5",13:45,,,,,,,,,
2024-03-17,3209Y,BRIHUEGA,GUADALAJARA,835,"12,5","0,0","5,6",06:22,"19,4",13:34,,,,,,,,,
2024-03-18,3209Y,BRIHUEGA,GUADALAJARA,835,"13,6","0,0","6,3",06:06,"21,0",13:25,,,,,,,,,
2024-03-19,3209Y,BRIHUEGA,GUADALAJARA,835,"14,8","0,0","6,9",06:31,"22,6",13:53,,,,,,,,,
2024-03-20,3209Y,BRIHUEGA,GUADALAJARA,835,"15,0","3,4","7,9",Varias,"22,0",14:14,,,,,,,,,
2024-03-21,3209Y,BRIHUEGA,GUADALAJARA,835,"16,9","0,0","9,6",02:52,"24,2",14:31,,,,,,,,,
2024-03-22,3209Y,BRIHUEGA,GUADALAJARA,835,"15,8","0,0","6,7",05:25,"24,8",14:02,,,,,,,,,
2024-03-23,3209Y,BRIHUEGA,GUADALAJARA,835,"15,8","0,0","8,8",04:57,"22,7",15:08,,,,,,,,,
2024-03-24,3209Y,BRIHUEGA,GUADALAJARA,835,"14,6","1,4","7,2",05:23,"21,9",12:56,,,,,,,,,
2024-03-25,3209Y,BRIHUEGA,GUADALAJARA,835,"8,9","15,6","7,0",23:18,"10,8",17:31,,,,,,,,,
2024-03-26,3209Y,BRIHUEGA,GUADALAJARA,835,"3,8","9,4","0,4",20:45,"7,3",00:01,,,,,,,,,
2024-03-27,3209Y,BRIHUEGA,GUADALAJARA,835,"6,8","7,6","1,8",00:05,"11,7",13:12,,,,,,,,,
2024-03-28,3209Y,BRIHUEGA,GUADALAJARA,835,"9,0","24,4","5,5",06:47,"12,6",15:45,,,,,,,,,
2024-03-29,3209Y,BRIHUEGA,GUADALAJARA,835,"6,2","22,6","3,1",21:35,"9,4",Varias,,,,,,,,,
2024-03-30,3209Y,BRIHUEGA,GUADALAJARA,835,"5,8","12,4","2,6",23:59,"8,9",14:07,,,,,,,,,
2024-03-31,3209Y,BRIHUEGA,GUADALAJARA,835,"4,3","7,4","1,3",21:03,"7,3",14:54,,,,,,,,,
2024-04-01,3209Y,BRIHUEGA,GUADALAJARA,835,"6,2","0,0","1,7",01:36,"10,7",14:52,,,,,,,,,
2024-04-02,3209Y,BRIHUEGA,GUADALAJARA,835,"7,5","0,0","2,4",02:14,"12,6",12:56,,,,,,,,,
2024-04-03,3209Y,BRIHUEGA,GUADALAJARA,835,"10,1","0,0","4,6",04:04,"15,6",14:25,,,,,,,,,
2024-04-04,3209Y,BRIHUEGA,GUADALAJARA,835,"10,8","0,0","2,9",05:42,"18,7",14:33,,,,,,,,,
2024-04-05,3209Y,BRIHUEGA,GUADALAJARA,835,"13,6","0,0","5,3",05:09,"21,9",14:11,,,,,,,,,
2024-04-06,3209Y,BRIHUEGA,GUADALAJARA,835,"18,4","0,0","13,4",03:03,"23,5",11:58,,,,,,,,,
2024-04-07,3209Y,BRIHUEGA,GUADALAJARA,835,"16,0","0,0","11,6",Varias,"20,5",14:39,,,,,,,,,
2024-04-08,3209Y,BRIHUEGA,GUADALAJARA,835,"10,2","1,2","3,6",23:59,"16,9",12:43,,,,,,,,,
2024-04-09,3209Y,BRIHUEGA,GUADALAJARA,835,"6,7","0,0","-0,1",04:25,"13,5",14:14,,,,,,,,,
2024-04-10,3209Y,BRIHUEGA,GUADALAJARA,835,"10,0","0,0","1,5",05:41,"18,6",14:44,,,,,,,,,
2024-04-11,3209Y,BRIHUEGA,GUADALAJARA,835,"14,8","0,0","6,6",02:35,"23,0",14:16,,,,,,,,,
2024-04-12,3209Y,BRIHUEGA,GUADALAJARA,835,"13,4","0,0","3,6",05:39,"23,3",14:58,,,,,,,,,
2024-04-13,3209Y,BRIHUEGA,GUADALAJARA,835,"15,8","0,0","5,2",05:48,"26,3",13:52,,,,,,,,,
2024-04-14,3209Y,BRIHUEGA,GUADALAJARA,835,"15,4","0,0","6,0",05:40,"24,9",14:19,,,,,,,,,
2024-04-15,3209Y,BRIHUEGA,GUADALAJARA,835,"17,4","0,0","9,4",Varias,"25,5",13:03,,,,,,,,,
2024-04-16,3209Y,BRIHUEGA,GUADALAJARA,835,"14,6","0,0","6,5",05:31,"22,8",14:53,,,,,,,,,
2024-04-17,3209Y,BRIHUEGA,GUADALAJARA,835,"11,2","0,0","4,0",05:10,"18,4",15:11,,,,,,,,,
2024-04-18,3209Y,BRIHUEGA,GUADALAJARA,835,"9,5","0,0","1,4",04:55,"17,6",14:14,,,,,,,,,
2024-04-19,3209Y,BRIHUEGA,GUADALAJARA,835,"9,4","0,0","-0,8",05:32,"19,5",14:52,,,,,,,,,
2024-04-20,3209Y,BRIHUEGA,GUADALAJARA,835,"13,0","0,0","4,0",05:37,"22,1",12:58,,,,,,,,,
2024-04-21,3209Y,BRIHUEGA,GUADALAJARA,835,"12,0","0,0","2,8",05:44,"21,1",14:27,,,,,,,,,
2024-04-22,3209Y,BRIHUEGA,GUADALAJARA,835,"7,8","0,0","1,6",23:56,"14,1",14:25,,,,,,,,,
2024-04-23,3209Y,BRIHUEGA,GUADALAJARA,835,"5,6","0,0","-2,4",05:05,"13,7",13:36,,,,,,,,,
2024-04-24,3209Y,BRIHUEGA,GUADALAJARA,835,"7,2","0,0","-2,1",03:38,"16,4",14:41,,,,,,,,,
2024-04-25,3209Y,BRIHUEGA,GUADALAJARA,835,"9,6","0,0","2,6",02:25,"16,7",12:20,,,,,,,,,
2024-04-26,3209Y,BRIHUEGA,GUADALAJARA,835,"9,3","5,6","4,0",02:17,"14,6",14:08,,,,,,,,,
2024-04-27,3209Y,BRIHUEGA,GUADALAJARA,835,"7,6","2,4","3,4",23:59,"11,8",15:56,,,,,,,,,
2024-04-28,3209Y,BRIHUEGA,GUADALAJARA,835,"7,8","0,0","0,5",05:03,"15,2",14:00,,,,,,,,,
2024-04-29,3209Y,BRIHUEGA,GUADALAJARA,835,"10,1","0,2","3,0",05:04,"17,2",12:25,,,,,,,,,
2024-04-30,3209Y,BRIHUEGA,GUADALAJARA,835,"10,0","0,0","3,3",05:42,"16,7",12:28,,,,,,,,,
2024-05-01,3209Y,BRIHUEGA,GUADALAJARA,835,"7,6","0,2","1,9",23:04,"13,3",14:48,,,,,,,,,
2024-05-02,3209Y,BRIHUEGA,GUADALAJARA,835,"6,2","0,0","-0,9",05:15,"13,4",15:42,,,,,,,,,
2024-05-03,3209Y,BRIHUEGA,GUADALAJARA,835,"8,2","0,0","0,2",05:08,"16,3",15:54,,,,,,,,,
2024-05-04,3209Y,BRIHUEGA,GUADALAJARA,835,"12,3","0,0","3,6",05:05,"21,0",15:31,,,,,,,,,
2024-05-05,3209Y,BRIHUEGA,GUADALAJARA,835,"13,6","6,0","8,7",03:12,"18,5",13:45,,,,,,,,,
2024-05-06,3209Y,BRIHUEGA,GUADALAJARA,835,"12,2","0,0","6,3",22:24,"18,1",15:22,,,,,,,,,
2024-05-07,3209Y,BRIHUEGA,GUADALAJARA,835,"11,4","0,0","3,4",05:16,"19,4",Varias,,,,,,,,,
2024-05-08,3209Y,BRIHUEGA,GUADALAJARA,835,"13,6","0,0","4,1",06:02,"23,2",16:00,,,,,,,,,
2024-05-09,3209Y,BRIHUEGA,GUADALAJARA,835,"15,2","0,0","5,8",05:17,"24,7",15:03,,,,,,,,,
2024-05-10,3209Y,BRIHUEGA,GUADALAJARA,835,"18,3","0,0","10,1",03:55,"26,5",14:08,,,,,,,,,
2024-05-11,3209Y,BRIHUEGA,GUADALAJARA,835,"17,6","0,0","9,2",05:11,"26,0",16:02,,,,,,,,,
2024-05-12,3209Y,BRIHUEGA,GUADALAJARA,835,"17,2","0,0","9,0",05:21,"25,5",14:33,,,,,,,,,
2024-05-13,3209Y,BRIHUEGA,GUADALAJARA,835,"17,2","3,8","9,7",05:17,"24,7",14:13,,,,,,,,,
2024-05-14,3209Y,BRIHUEGA,GUADALAJARA,835,"11,4","0,0","6,4",06:09,"16,5",15:59,,,,,,,,,
2024-05-15,3209Y,BRIHUEGA,GUADALAJARA,835,"10,2","0,0","4,5",24:00,"15,9",13:49,,,,,,,,,
2024-05-16,3209Y,BRIHUEGA,GUADALAJARA,835,"9,8","4,2","3,3",01:30,"16,3",14:32,,,,,,,,,
2024-05-17,3209Y,BRIHUEGA,GUADALAJARA,835,"12,8","2,4","7,9",Varias,"17,8",15:52,,,,,,,,,
2024-05-18,3209Y,BRIHUEGA,GUADALAJARA,835,"11,8","0,0","4,4",04:55,"19,2",14:53,,,,,,,,,
2024-05-19,3209Y,BRIHUEGA,GUADALAJARA,835,"12,0","2,4","4,7",23:57,"19,3",13:01,,,,,,,,,
2024-05-20,3209Y,BRIHUEGA,GUADALAJARA,835,"11,1","0,4","2,8",04:37,"19,4",14:37,,,,,,,,,
2024-05-21,3209Y,BRIHUEGA,GUADALAJARA,835,"11,6","0,8","5,8",02:12,"17,4",14:03,,,,,,,,,
2024-05-22,3209Y,BRIHUEGA,GUADALAJARA,835,"11,6","0,0","4,2",02:49,"18,9",15:18,,,,,,,,,
2024-05-23,3209Y,BRIHUEGA,GUADALAJARA,835,"14,0","0,0","5,0",05:11,"22,9",15:05,,,,,,,,,
2024-05-24,3209Y,BRIHUEGA,GUADALAJARA,835,"15,2","0,0","6,0",04:57,"24,5",15:48,,,,,,,,,
2024-05-25,3209Y,BRIHUEGA,GUADALAJARA,835,"17,0","0,0","7,8",04:44,"26,3",15:40,,,,,,,,,
2024-05-26,3209Y,BRIHUEGA,GUADALAJARA,835,"17,5","0,0","7,5",03:45,"27,5",15:49,,,,,,,,,
2024-05-27,3209Y,BRIHUEGA,GUADALAJARA,835,"19,0","0,0","10,5",04:12,"27,5",15:11,,,,,,,,,
2024-05-28,3209Y,BRIHUEGA,GUADALAJARA,835,"19,6","0,0","11,2",04:23,"27,9",14:38,,,,,,,,,
2024-05-29,3209Y,BRIHUEGA,GUADALAJARA,835,"21,4","0,0","11,9",05:03,"30,8",15:54,,,,,,,,,
2024-05-30,3209Y,BRIHUEGA,GUADALAJARA,835,"21,0","0,6","11,7",05:23,"30,2",13:40,,,,,,,,,
2024-05-31,3209Y,BRIHUEGA,GUADALAJARA,835,"16,4","0,0","7,9",05:11,"25,0",15:43,,,,,,,,,
2024-06-01,3209Y,BRIHUEGA,GUADALAJARA,835,"15,2","0,0","7,2",03:35,"23,1",Varias,,,,,,,,,
2024-06-02,3209Y,BRIHUEGA,GUADALAJARA,835,"15,8","0,0","6,6",03:17,"25,1",15:47,,,,,,,,,
2024-06-03,3209Y,BRIHUEGA,GUADALAJARA,835,"17,6","0,0","8,6",03:57,"26,7",13:32,,,,,,,,,
2024-06-04,3209Y,BRIHUEGA,GUADALAJARA,835,"19,0","0,0","9,6",04:56,"28,5",16:07,,,,,,,,,
2024-06-05,3209Y,BRIHUEGA,GUADALAJARA,835,"21,2","0,0","12,3",04:57,"30,0",15:25,,,,,,,,,
2024-06-06,3209Y,BRIHUEGA,GUADALAJARA,835,"23,6","7,2","15,3",03:36,"32,0",14:45,,,,,,,,,
2024-06-07,3209Y,BRIHUEGA,GUADALAJARA,835,"23,0","0,0","14,9",03:56,"31,2",14:10,,,,,,,,,
2024-06-08,3209Y,BRIHUEGA,GUADALAJARA,835,"19,2","6,0","13,2",Varias,"25,3",13:13,,,,,,,,,
2024-06-09,3209Y,BRIHUEGA,GUADALAJARA,835,"16,4","11,4","12,9",00:37,"20,0",11:59,,,,,,,,,
2024-06-10,3209Y,BRIHUEGA,GUADALAJARA,835,"12,8","2,8","10,3",06:34,"15,3",15:35,,,,,,,,,
2024-06-11,3209Y,BRIHUEGA,GUADALAJARA,835,"14,4","0,0","7,0",05:10,"21,9",15:34,,,,,,,,,
2024-06-12,3209Y,BRIHUEGA,GUADALAJARA,835,"15,2","0,0","8,7",03:38,"21,8",15:07,,,,,,,,,
2024-06-13,3209Y,BRIHUEGA,GUADALAJARA,835,"16,0","0,0","6,6",Varias,"25,4",16:06,,,,,,,,,
2024-06-14,3209Y,BRIHUEGA,GUADALAJARA,835,"18,4","0,0","8,9",04:58,"27,8",14:50,,,,,,,,,
2024-06-15,3209Y,BRIHUEGA,GUADALAJARA,835,"19,0","0,0","10,9",05:05,"27,0",15:08,,,,,,,,,
2024-06-16,3209Y,BRIHUEGA,GUADALAJARA,835,"18,8","0,0","9,5",Varias,"28,0",15:57,,,,,,,,,
2024-06-17,3209Y,BRIHUEGA,GUADALAJARA,835,"19,0","0,0","9,5",04:46,"28,6",14:45,,,,,,,,,
2024-06-18,3209Y,BRIHUEGA,GUADALAJARA,835,"18,7","0,0","10,9",23:56,"26,5",14:50,,,,,,,,,
2024-06-19,3209Y,BRIHUEGA,GUADALAJARA,835,"15,8","1,6","8,1",04:00,"23,5",15:12,,,,,,,,,
2024-06-20,3209Y,BRIHUEGA,GUADALAJARA,835,"13,8","7,0","9,6",01:43,"18,0",12:40,,,,,,,,,
2024-06-21,3209Y,BRIHUEGA,GUADALAJARA,835,"16,7","0,0","8,2",04:38,"25,2",16:26,,,,,,,,,
2024-06-22,3209Y,BRIHUEGA,GUADALAJARA,835,"19,2","0,0","9,9",04:55,"28,4",13:52,,,,,,,,,
2024-06-23,3209Y,BRIHUEGA,GUADALAJARA,835,"19,4","0,0","11,5",05:17,"27,3",14:38,,,,,,,,,
2024-06-24,3209Y,BRIHUEGA,GUADALAJARA,835,"20,9","0,0","11,8",04:39,"30,0",15:41,,,,,,,,,
2024-06-25,3209Y,BRIHUEGA,GUADALAJARA,835,"24,0","9,0","15,8",05:10,"32,1",14:29,,,,,,,,,
2024-06-26,3209Y,BRIHUEGA,GUADALAJARA,835,"22,0","0,2","15,7",04:40,"28,2",13:40,,,,,,,,,
2024-06-27,3209Y,BRIHUEGA,GUADALAJARA,835,"23,6","0,0","15,2",02:50,"32,1",14:59,,,,,,,,,
2024-06-28,3209Y,BRIHUEGA,GUADALAJARA,835,"20,8","15,2","13,5",05:00,"28,0",13:57,,,,,,,,,
2024-06-29,3209Y,BRIHUEGA,GUADALAJARA,835,"16,6","0,2","12,8",Varias,"20,3",15:18,,,,,,,,,
2024-06-30,3209Y,BRIHUEGA,GUADALAJARA,835,"18,8","0,0","14,1",04:45,"23,5",16:49,,,,,,,,,
2024-07-01,3209Y,BRIHUEGA,GUADALAJARA,835,"19,6","0,0","12,6",04:06,"26,5",14:54,,,,,,,,,
2024-07-02,3209Y,BRIHUEGA,GUADALAJARA,835,"19,6","0,0","10,7",04:48,"28,4",15:23,,,,,,,,,
2024-07-03,3209Y,BRIHUEGA,GUADALAJARA,835,"20,4","0,0","9,2",04:51,"31,5",15:48,,,,,,,,,
2024-07-04,3209Y,BRIHUEGA,GUADALAJARA,835,"23,0","0,0","12,4",05:12,"33,7",16:01,,,,,,,,,
2024-07-05,3209Y,BRIHUEGA,GUADALAJARA,835,"25,0","2,0","15,9",04:40,"34,1",14:30,,,,,,,,,
2024-07-06,3209Y,BRIHUEGA,GUADALAJARA,835,"23,2","0,0","15,2",23:58,"31,3",14:15,,,,,,,,,
2024-07-07,3209Y,BRIHUEGA,GUADALAJARA,835,"20,8","0,0","12,6",04:11,"29,0",16:31,,,,,,,,,
2024-07-08,3209Y,BRIHUEGA,GUADALAJARA,835,"22,0","0,0","13,8",00:56,"30,1",15:13,,,,,,,,,
2024-07-09,3209Y,BRIHUEGA,GUADALAJARA,835,"22,5","0,0","14,3",04:54,"30,7",15:52,,,,,,,,,
2024-07-10,3209Y,BRIHUEGA,GUADALAJARA,835,"22,8","0,0","13,6",05:15,"31,9",16:14,,,,,,,,,
2024-07-11,3209Y,BRIHUEGA,GUADALAJARA,835,"24,8","0,0","16,0",04:58,"33,6",15:20,,,,,,,,,
2024-07-12,3209Y,BRIHUEGA,GUADALAJARA,835,"22,8","0,0","14,6",04:16,"30,9",15:27,,,,,,,,,
2024-07-13,3209Y,BRIHUEGA,GUADALAJARA,835,"22,1","0,0","12,7",04:53,"31,5",15:05,,,,,,,,,
2024-07-14,3209Y,BRIHUEGA,GUADALAJARA,835,"21,6","0,0","12,8",04:59,"30,4",Varias,,,,,,,,,
2024-07-15,3209Y,BRIHUEGA,GUADALAJARA,835,"21,8","0,0","14,7",02:10,"28,9",13:29,,,,,,,,,
2024-07-16,3209Y,BRIHUEGA,GUADALAJARA,835,"22,0","0,0","13,4",04:15,"30,7",15:42,,,,,,,,,
2024-07-17,3209Y,BRIHUEGA,GUADALAJARA,835,"23,8","0,0","14,6",03:17,"33,1",15:20,,,,,,,,,
2024-07-18,3209Y,BRIHUEGA,GUADALAJARA,835,"25,6","0,0","17,1",05:00,"34,1",13:31,,,,,,,,,
2024-07-19,3209Y,BRIHUEGA,GUADALAJARA,835,"25,5","0,0","15,7",05:07,"35,3",15:04,,,,,,,,,
2024-07-20,3209Y,BRIHUEGA,GUADALAJARA,835,"24,2","0,0","15,0",05:22,"33,4",14:34,,,,,,,,,
2024-07-21,3209Y,BRIHUEGA,GUADALAJARA,835,"22,2","0,0","14,8",05:57,"29,7",15:32,,,,,,,,,
2024-07-22,3209Y,BRIHUEGA,GUADALAJARA,835,"22,3","0,0","10,5",04:42,"34,1",15:29,,,,,,,,,
2024-07-23,3209Y,BRIHUEGA,GUADALAJARA,835,"25,4","0,0","14,6",05:27,"36,2",15:30,,,,,,,,,
2024-07-24,3209Y,BRIHUEGA,GUADALAJARA,835,"28,0","0,0","18,2",05:28,"37,7",15:06,,,,,,,,,
2024-07-25,3209Y,BRIHUEGA,GUADALAJARA,835,"28,0","0,0","19,0",05:48,"37,1",16:14,,,,,,,,,
2024-07-26,3209Y,BRIHUEGA,GUADALAJARA,835,"26,2","0,0","17,3",05:18,"35,2",15:18,,,,,,,,,
2024-07-27,3209Y,BRIHUEGA,GUADALAJARA,835,"26,6","3,8","17,7",05:13,"35,4",16:00,,,,,,,,,
2024-07-28,3209Y,BRIHUEGA,GUADALAJARA,835,"27,4","0,0","18,4",05:22,"36,4",14:51,,,,,,,,,
2024-07-29,3209Y,BRIHUEGA,GUADALAJARA,835,"26,2","0,4","18,3",05:22,"34,1",15:26,,,,,,,,,
2024-07-30,3209Y,BRIHUEGA,GUADALAJARA,835,"27,5","0,0","18,6",05:28,"36,4",15:39,,,,,,,,,
2024-07-31,3209Y,BRIHUEGA,GUADALAJARA,835,"26,4","0,0","17,9",05:21,"34,9",14:35,,,,,,,,,
2024-08-01,3209Y,BRIHUEGA,GUADALAJARA,835,"25,3","0,0","15,1",05:26,"35,5",15:03,,,,,,,,,
2024-08-02,3209Y,BRIHUEGA,GUADALAJARA,835,"23,5","0,0","15,5",05:28,"31,5",15:33,,,,,,,,,
2024-08-03,3209Y,BRIHUEGA,GUADALAJARA,835,"23,8","0,0","13,8",05:23,"33,8",15:29,,,,,,,,,
2024-08-04,3209Y,BRIHUEGA,GUADALAJARA,835,"26,0","0,0","16,9",04:58,"35,2",14:30,,,,,,,,,
2024-08-05,3209Y,BRIHUEGA,GUADALAJARA,835,"27,0","0,0","17,9",05:40,"36,0",14:26,,,,,,,,,
2024-08-06,3209Y,BRIHUEGA,GUADALAJARA,835,"26,6","0,0","17,4",05:25,"35,7",14:40,,,,,,,,,
2024-08-07,3209Y,BRIHUEGA,GUADALAJARA,835,,,,,,,,,,,,,,,
2024-08-08,3209Y,BRIHUEGA,GUADALAJARA,835,"26,8","0,0","16,7",05:13,"36,8",14:50,,,,,,,,,
2024-08-09,3209Y,BRIHUEGA,GUADALAJARA,835,"27,4","0,0","17,8",05:26,"37,0",15:03,,,,,,,,,
2024-08-10,3209Y,BRIHUEGA,GUADALAJARA,835,"26,6","0,0","17,3",05:39,"35,9",14:47,,,,,,,,,
2024-08-11,3209Y,BRIHUEGA,GUADALAJARA,835,"26,7","0,0","18,1",Varias,"35,3",14:11,,,,,,,,,
2024-08-12,3209Y,BRIHUEGA,GUADALAJARA,835,"26,3","1,2","18,1",05:29,"34,5",13:34,,,,,,,,,
2024-08-13,3209Y,BRIHUEGA,GUADALAJARA,835,"24,2","0,0","17,7",Varias,"30,7",13:50,,,,,,,,,
2024-08-14,3209Y,BRIHUEGA,GUADALAJARA,835,"20,8","0,0","13,6",03:19,"27,9",15:05,,,,,,,,,
2024-08-15,3209Y,BRIHUEGA,GUADALAJARA,835,"18,6","0,0","9,2",Varias,"27,9",14:35,,,,,,,,,
2024-08-16,3209Y,BRIHUEGA,GUADALAJARA,835,"22,2","0,0","12,0",05:12,"32,3",14:54,,,,,,,,,
2024-08-17,3209Y,BRIHUEGA,GUADALAJARA,835,"23,4","0,0","13,8",05:35,"33,1",13:57,,,,,,,,,
2024-08-18,3209Y,BRIHUEGA,GUADALAJARA,835,"24,6","0,0","17,6",Varias,"31,5",14:13,,,,,,,,,
2024-08-19,3209Y,BRIHUEGA,GUADALAJARA,835,"22,6","0,0","12,5",06:02,"32,6",Varias,,,,,,,,,
2024-08-20,3209Y,BRIHUEGA,GUADALAJARA,835,"24,4","0,0","14,3",05:24,"34,5",14:15,,,,,,,,,
2024-08-21,3209Y,BRIHUEGA,GUADALAJARA,835,"24,8","0,0","16,1",04:58,"33,5",14:50,,,,,,,,,
2024-08-22,3209Y,BRIHUEGA,GUADALAJARA,835,"26,0","0,0","17,7",05:36,"34,3",14:08,,,,,,,,,
2024-08-23,3209Y,BRIHUEGA,GUADALAJARA,835,"25,2","0,0","15,5",04:58,"34,9",13:31,,,,,,,,,
2024-08-24,3209Y,BRIHUEGA,GUADALAJARA,835,"25,0","0,0","17,1",04:25,"33,0",14:31,,,,,,,,,
2024-08-25,3209Y,BRIHUEGA,GUADALAJARA,835,"23,8","0,0","15,8",06:16,"31,9",14:00,,,,,,,,,
2024-08-26,3209Y,BRIHUEGA,GUADALAJARA,835,"23,7","0,0","16,8",02:00,"30,6",14:35,,,,,,,,,
2024-08-27,3209Y,BRIHUEGA,GUADALAJARA,835,"25,0","0,0","17,2",05:55,"32,8",13:53,,,,,,,,,
2024-08-28,3209Y,BRIHUEGA,GUADALAJARA,835,"25,0","14,4","16,6",Varias,"33,4",13:52,,,,,,,,,
2024-08-29,3209Y,BRIHUEGA,GUADALAJARA,835,"21,2","11,2","16,9",15:17,"25,4",13:26,,,,,,,,,
2024-08-30,3209Y,BRIHUEGA,GUADALAJARA,835,"21,7","58,4","15,5",23:34,"27,9",14:40,,,,,,,,,
2024-08-31,3209Y,BRIHUEGA,GUADALAJARA,835,"19,5","11,8","14,0",03:49,"25,0",15:44,,,,,,,,,
2024-09-01,3209Y,BRIHUEGA,GUADALAJARA,835,"21,6","0,0","16,3",Varias,"27,0",14:27,,,,,,,,,
2024-09-02,3209Y,BRIHUEGA,GUADALAJARA,835,"22,3","0,0","16,4",05:45,"28,2",14:16,,,,,,,,,
2024-09-03,3209Y,BRIHUEGA,GUADALAJARA,835,"22,1","17,4","16,1",04:30,"28,1",13:27,,,,,,,,,
2024-09-04,3209Y,BRIHUEGA,GUADALAJARA,835,"17,2","0,0","12,6",24:00,"21,9",14:45,,,,,,,,,
2024-09-05,3209Y,BRIHUEGA,GUADALAJARA,835,"16,4","0,0","10,1",06:05,"22,7",14:04,,,,,,,,,
2024-09-06,3209Y,BRIHUEGA,GUADALAJARA,835,"18,2","0,0","13,1",06:06,"23,2",12:51,,,,,,,,,
2024-09-07,3209Y,BRIHUEGA,GUADALAJARA,835,"15,2","0,0","7,4",05:54,"22,9",15:23,,,,,,,,,
2024-09-08,3209Y,BRIHUEGA,GUADALAJARA,835,"16,7","0,0","9,0",05:55,"24,4",14:22,,,,,,,,,
2024-09-09,3209Y,BRIHUEGA,GUADALAJARA,835,"17,5","0,0","9,4",05:49,"25,6",13:36,,,,,,,,,
2024-09-10,3209Y,BRIHUEGA,GUADALAJARA,835,"19,3","0,0","11,0",05:53,"27,6",14:16,,,,,,,,,
2024-09-11,3209Y,BRIHUEGA,GUADALAJARA,835,"18,6","0,0","11,2",05:40,"25,9",13:56,,,,,,,,,
2024-09-12,3209Y,BRIHUEGA,GUADALAJARA,835,"17,8","0,0","10,7",06:07,"24,8",13:15,,,,,,,,,
2024-09-13,3209Y,BRIHUEGA,GUADALAJARA,835,"13,7","0,0","7,8",06:03,"19,6",13:43,,,,,,,,,
2024-09-14,3209Y,BRIHUEGA,GUADALAJARA,835,"14,9","0,0","6,0",06:09,"23,8",13:55,,,,,,,,,
2024-09-15,3209Y,BRIHUEGA,GUADALAJARA,835,"17,5","0,0","7,6",05:47,"27,4",13:22,,,,,,,,,
2024-09-16,3209Y,BRIHUEGA,GUADALAJARA,835,"17,0","0,0","7,7",05:48,"26,3",13:42,,,,,,,,,
2024-09-17,3209Y,BRIHUEGA,GUADALAJARA,835,"16,4","0,0","8,8",06:11,"24,1",13:48,,,,,,,,,
2024-09-18,3209Y,BRIHUEGA,GUADALAJARA,835,"16,7","3,6","9,0",05:56,"24,4",13:51,,,,,,,,,
2024-09-19,3209Y,BRIHUEGA,GUADALAJARA,835,"15,2","11,8","11,1",23:48,"19,4",13:48,,,,,,,,,
2024-09-20,3209Y,BRIHUEGA,GUADALAJARA,835,"14,3","17,0","10,0",04:21,"18,6",15:24,,,,,,,,,
2024-09-21,3209Y,BRIHUEGA,GUADALAJARA,835,"16,2","0,4","12,0",22:33,"20,4",14:21,,,,,,,,,
2024-09-22,3209Y,BRIHUEGA,GUADALAJARA,835,"15,4","0,6","9,2",06:03,"21,7",13:16,,,,,,,,,
2024-09-23,3209Y,BRIHUEGA,GUADALAJARA,835,"15,4","0,0","9,1",05:49,"21,6",13:54,,,,,,,,,
2024-09-24,3209Y,BRIHUEGA,GUADALAJARA,835,"13,7","0,0","7,8",03:50,"19,6",Varias,,,,,,,,,
2024-09-25,3209Y,BRIHUEGA,GUADALAJARA,835,"15,4","0,2","12,0",06:19,"18,9",17:42,,,,,,,,,
2024-09-26,3209Y,BRIHUEGA,GUADALAJARA,835,"17,6","0,0","14,4",23:56,"20,8",12:09,,,,,,,,,
2024-09-27,3209Y,BRIHUEGA,GUADALAJARA,835,"13,5","0,0","8,0",23:57,"19,0",13:07,,,,,,,,,
2024-09-28,3209Y,BRIHUEGA,GUADALAJARA,835,"11,2","0,0","4,2",05:18,"18,1",13:55,,,,,,,,,
2024-09-29,3209Y,BRIHUEGA,GUADALAJARA,835,"13,8","0,0","5,7",Varias,"22,0",13:56,,,,,,,,,
2024-09-30,3209Y,BRIHUEGA,GUADALAJARA,835,"16,3","0,0","6,9",05:56,"25,7",14:07,,,,,,,,,
2024-10-01,3209Y,BRIHUEGA,GUADALAJARA,835,"17,1","0,0","9,0",05:13,"25,2",13:46,,,,,,,,,
2024-10-02,3209Y,BRIHUEGA,GUADALAJARA,835,"16,7","7,6","12,2",03:18,"21,2",12:03,,,,,,,,,
2024-10-03,3209Y,BRIHUEGA,GUADALAJARA,835,"14,2","0,0","7,3",Varias,"21,0",14:10,,,,,,,,,
2024-10-04,3209Y,BRIHUEGA,GUADALAJARA,835,"14,0","0,0","6,4",01:47,"21,5",13:29,,,,,,,,,
2024-10-05,3209Y,BRIHUEGA,GUADALAJARA,835,"14,9","0,0","6,7",06:20,"23,1",13:44,,,,,,,,,
2024-10-06,3209Y,BRIHUEGA,GUADALAJARA,835,"17,4","0,0","13,6",05:22,"21,2",14:12,,,,,,,,,
2024-10-07,3209Y,BRIHUEGA,GUADALAJARA,835,"16,2","12,4","11,0",23:59,"21,3",10:57,,,,,,,,,
2024-10-08,3209Y,BRIHUEGA,GUADALAJARA,835,"13,1","1,8","10,5",02:40,"15,7",14:11,,,,,,,,,
2024-10-09,3209Y,BRIHUEGA,GUADALAJARA,835,"13,8","5,6","10,5",22:54,"17,0",15:55,,,,,,,,,
2024-10-10,3209Y,BRIHUEGA,GUADALAJARA,835,"11,8","0,0","6,5",05:28,"17,2",13:17,,,,,,,,,
2024-10-11,3209Y,BRIHUEGA,GUADALAJARA,835,"10,8","9,2","4,4",06:13,"17,3",14:10,,,,,,,,,
2024-10-12,3209Y,BRIHUEGA,GUADALAJARA,835,"12,2","29,8","9,6",23:31,"14,7",15:55,,,,,,,,,
2024-10-13,3209Y,BRIHUEGA,GUADALAJARA,835,"15,6","0,0","9,2",Varias,"21,9",12:07,,,,,,,,,
2024-10-14,3209Y,BRIHUEGA,GUADALAJARA,835,"16,2","0,2","11,2",04:59,"21,3",13:44,,,,,,,,,
2024-10-15,3209Y,BRIHUEGA,GUADALAJARA,835,"16,0","12,4","13,7",Varias,"18,4",12:56,,,,,,,,,
2024-10-16,3209Y,BRIHUEGA,GUADALAJARA,835,"16,6","9,2","13,6",02:00,"19,7",14:03,,,,,,,,,
2024-10-17,3209Y,BRIHUEGA,GUADALAJARA,835,"11,0","7,8","8,1",23:41,"13,8",00:01,,,,,,,,,
2024-10-18,3209Y,BRIHUEGA,GUADALAJARA,835,"9,2","0,0","2,8",06:05,"15,5",13:21,,,,,,,,,
2024-10-19,3209Y,BRIHUEGA,GUADALAJARA,835,"13,4","0,0","7,6",06:44,"19,3",13:42,,,,,,,,,
2024-10-20,3209Y,BRIHUEGA,GUADALAJARA,835,"13,8","0,0","8,7",05:59,"18,8",12:14,,,,,,,,,
2024-10-21,3209Y,BRIHUEGA,GUADALAJARA,835,"15,2","0,0","8,3",05:48,"22,1",14:03,,,,,,,,,
2024-10-22,3209Y,BRIHUEGA,GUADALAJARA,835,"15,5","0,0","10,6",05:41,"20,4",13:58,,,,,,,,,
2024-10-23,3209Y,BRIHUEGA,GUADALAJARA,835,"14,1","0,0","9,0",24:00,"19,2",14:59,,,,,,,,,
2024-10-24,3209Y,BRIHUEGA,GUADALAJARA,835,"13,0","0,4","8,5",02:41,"17,4",14:28,,,,,,,,,
2024-10-25,3209Y,BRIHUEGA,GUADALAJARA,835,"11,4","2,2","7,3",23:49,"15,6",13:07,,,,,,,,,
2024-10-26,3209Y,BRIHUEGA,GUADALAJARA,835,"7,6","0,0","3,2",06:46,"11,9",13:45,,,,,,,,,
2024-10-27,3209Y,BRIHUEGA,GUADALAJARA,835,"5,8","13,2","1,1",04:56,"10,5",11:44,,,,,,,,,
2024-10-28,3209Y,BRIHUEGA,GUADALAJARA,835,"12,4","0,0","8,0",00:01,"16,9",14:26,,,,,,,,,
2024-10-29,3209Y,BRIHUEGA,GUADALAJARA,835,"11,1","51,2","8,6",23:50,"13,6",20:48,,,,,,,,,
2024-10-30,3209Y,BRIHUEGA,GUADALAJARA,835,"13,5","0,0","7,9",00:49,"19,1",13:00,,,,,,,,,
2024-10-31,3209Y,BRIHUEGA,GUADALAJARA,835,"13,9","0,0","8,4",06:57,"19,4",13:35,,,,,,,,,
2024-11-01,3209Y,BRIHUEGA,GUADALAJARA,835,"14,6","0,2","9,6",06:57,"19,5",13:32,,,,,,,,,
2024-11-02,3209Y,BRIHUEGA,GUADALAJARA,835,"10,7","1,2","7,9",23:12,"13,5",10:40,,,,,,,,,
2024-11-03,3209Y,BRIHUEGA,GUADALAJARA,835,"12,2","0,0","6,7",06:51,"17,8",13:21,,,,,,,,,
2024-11-04,3209Y,BRIHUEGA,GUADALAJARA,835,"12,0","0,2","7,7",00:20,"16,3",13:43,,,,,,,,,
2024-11-05,3209Y,BRIHUEGA,GUADALAJARA,835,"12,6","0,0","8,6",05:21,"16,7",14:09,,,,,,,,,
2024-11-06,3209Y,BRIHUEGA,GUADALAJARA,835,"13,6","0,0","7,3",04:55,"19,8",13:27,,,,,,,,,
2024-11-07,3209Y,BRIHUEGA,GUADALAJARA,835,"12,1","0,0","6,0",05:38,"18,2",13:43,,,,,,,,,
2024-11-08,3209Y,BRIHUEGA,GUADALAJARA,835,"10,0","0,0","6,6",04:33,"13,5",15:17,,,,,,,,,
2024-11-09,3209Y,BRIHUEGA,GUADALAJARA,835,"11,0","0,0","4,8",23:41,"17,1",14:21,,,,,,,,,
2024-11-10,3209Y,BRIHUEGA,GUADALAJARA,835,"10,0","0,0","3,3",05:02,"16,8",12:16,,,,,,,,,
2024-11-11,3209Y,BRIHUEGA,GUADALAJARA,835,"9,4","0,0","3,8",23:30,"14,9",14:08,,,,,,,,,
2024-11-12,3209Y,BRIHUEGA,GUADALAJARA,835,"7,0","0,0","1,5",23:59,"12,4",11:59,,,,,,,,,
2024-11-13,3209Y,BRIHUEGA,GUADALAJARA,835,"4,0","3,0","0,2",03:31,"7,9",23:36,,,,,,,,,
2024-11-14,3209Y,BRIHUEGA,GUADALAJARA,835,"12,0","0,0","7,5",01:56,"16,4",13:45,,,,,,,,,
2024-11-15,3209Y,BRIHUEGA,GUADALAJARA,835,"11,4","0,0","7,4",22:41,"15,3",13:41,,,,,,,,,
2024-11-16,3209Y,BRIHUEGA,GUADALAJARA,835,"8,8","0,0","4,1",07:14,"13,4",11:47,,,,,,,,,
2024-11-17,3209Y,BRIHUEGA,GUADALAJARA,835,"11,1","0,0","3,0",06:46,"19,2",14:29,,,,,,,,,
2024-11-18,3209Y,BRIHUEGA,GUADALAJARA,835,"12,4","0,0","5,7",00:29,"19,1",13:42,,,,,,,,,
2024-11-19,3209Y,BRIHUEGA,GUADALAJARA,835,"9,4","0,0","3,9",06:54,"14,9",13:21,,,,,,,,,
2024-11-20,3209Y,BRIHUEGA,GUADALAJARA,835,"10,0","0,0","5,1",01:07,"14,9",14:00,,,,,,,,,
2024-11-21,3209Y,BRIHUEGA,GUADALAJARA,835,"8,0","0,0","5,2",06:55,"10,8",12:35,,,,,,,,,
2024-11-22,3209Y,BRIHUEGA,GUADALAJARA,835,"7,4","0,4","2,1",21:18,"12,8",13:43,,,,,,,,,
2024-11-23,3209Y,BRIHUEGA,GUADALAJARA,835,"9,4","1,6","5,1",00:01,"13,7",13:31,,,,,,,,,
2024-11-24,3209Y,BRIHUEGA,GUADALAJARA,835,"11,4","0,0","6,9",03:56,"15,9",13:39,,,,,,,,,
2024-11-25,3209Y,BRIHUEGA,GUADALAJARA,835,"8,2","3,4","1,5",23:40,"15,0",Varias,,,,,,,,,
2024-11-26,3209Y,BRIHUEGA,GUADALAJARA,835,"5,4","0,0","0,7",04:22,"10,2",13:48,,,,,,,,,
2024-11-27,3209Y,BRIHUEGA,GUADALAJARA,835,"7,2","0,0","-0,3",06:56,"14,7",14:21,,,,,,,,,
2024-11-28,3209Y,BRIHUEGA,GUADALAJARA,835,"7,3","0,2","-0,1",06:50,"14,7",14:30,,,,,,,,,
2024-11-29,3209Y,BRIHUEGA,GUADALAJARA,835,"8,8","0,0","1,7",05:20,"16,0",14:32,,,,,,,,,
2024-11-30,3209Y,BRIHUEGA,GUADALAJARA,835,"10,4","0,0","3,1",07:00,"17,8",14:20,,,,,,,,,
2024-12-01,3209Y,BRIHUEGA,GUADALAJARA,835,"10,2","0,4","3,2",06:03,"17,3",13:25,,,,,,,,,
2024-12-02,3209Y,BRIHUEGA,GUADALAJARA,835,"9,4","0,8","4,5",23:58,"14,3",13:45,,,,,,,,,
2024-12-03,3209Y,BRIHUEGA,GUADALAJARA,835,"8,8","1,2","2,3",07:28,"15,2",13:33,,,,,,,,,
2024-12-04,3209Y,BRIHUEGA,GUADALAJARA,835,"6,3","0,0","0,5",23:32,"12,1",14:42,,,,,,,,,
2024-12-05,3209Y,BRIHUEGA,GUADALAJARA,835,"8,1","0,0","0,7",00:01,"15,5",13:40,,,,,,,,,
2024-12-06,3209Y,BRIHUEGA,GUADALAJARA,835,"10,1","0,0","2,4",07:19,"17,8",14:14,,,,,,,,,
2024-12-07,3209Y,BRIHUEGA,GUADALAJARA,835,"8,6","0,0","2,6",04:09,"14,6",13:24,,,,,,,,,
2024-12-08,3209Y,BRIHUEGA,GUADALAJARA,835,"3,4","0,0","-0,6",04:21,"7,5",12:22,,,,,,,,,
2024-12-09,3209Y,BRIHUEGA,GUADALAJARA,835,"2,6","0,0","-1,7",23:24,"6,9",12:10,,,,,,,,,
2024-12-10,3209Y,BRIHUEGA,GUADALAJARA,835,"1,6","0,0","-3,4",07:40,"6,7",15:05,,,,,,,,,
2024-12-11,3209Y,BRIHUEGA,GUADALAJARA,835,"2,0","0,0","-0,5",23:55,"4,4",13:40,,,,,,,,,
2024-12-12,3209Y,BRIHUEGA,GUADALAJARA,835,"3,8","0,4","-2,1",01:47,"9,7",14:15,,,,,,,,,
2024-12-13,3209Y,BRIHUEGA,GUADALAJARA,835,"2,6","1,2","-0,9",23:52,"6,2",13:57,,,,,,,,,
2024-12-14,3209Y,BRIHUEGA,GUADALAJARA,835,"3,7","0,0","-2,1",23:54,"9,5",14:49,,,,,,,,,
2024-12-15,3209Y,BRIHUEGA,GUADALAJARA,835,"3,3","0,0","-2,7",03:16,"9,3",14:31,,,,,,,,,
2024-12-16,3209Y,BRIHUEGA,GUADALAJARA,835,"4,1","0,0","-3,1",05:56,"11,3",14:26,,,,,,,,,
2024-12-17,3209Y,BRIHUEGA,GUADALAJARA,835,"4,0","0,0","-3,4",04:05,"11,4",14:56,,,,,,,,,
2024-12-18,3209Y,BRIHUEGA,GUADALAJARA,835,"5,9","0,0","-0,8",07:00,"12,6",Varias,,,,,,,,,
2024-12-19,3209Y,BRIHUEGA,GUADALAJARA,835,"6,5","4,2","1,1",23:56,"11,9",14:00,,,,,,,,,
2024-12-20,3209Y,BRIHUEGA,GUADALAJARA,835,"3,0","0,0","-2,3",07:27,"8,3",14:42,,,,,,,,,
2024-12-21,3209Y,BRIHUEGA,GUADALAJARA,835,"4,9","0,0","-1,5",05:52,"11,3",14:20,,,,,,,,,
2024-12-22,3209Y,BRIHUEGA,GUADALAJARA,835,"6,0","0,0","-1,5",05:19,"13,5",13:44,,,,,,,,,
2024-12-23,3209Y,BRIHUEGA,GUADALAJARA,835,"5,0","0,0","1,2",03:01,"8,9",14:08,,,,,,,,,
2024-12-24,3209Y,BRIHUEGA,GUADALAJARA,835,"6,7","0,0","-0,1",06:38,"13,5",15:05,,,,,,,,,
2024-12-25,3209Y,BRIHUEGA,GUADALAJARA,835,"10,3","0,0","2,0",07:51,"18,6",14:44,,,,,,,,,
2024-12-26,3209Y,BRIHUEGA,GUADALAJARA,835,"7,8","0,0","-0,2",07:21,"15,9",14:56,,,,,,,,,
2024-12-27,3209Y,BRIHUEGA,GUADALAJARA,835,"6,0","0,0","-0,5",23:56,"12,5",15:06,,,,,,,,,
2024-12-28,3209Y,BRIHUEGA,GUADALAJARA,835,"4,4","0,0","-3,3",07:18,"12,0",14:35,,,,,,,,,
2024-12-29,3209Y,BRIHUEGA,GUADALAJARA,835,"4,6","0,0","-3,1",06:48,"12,2",14:37,,,,,,,,,
2024-12-30,3209Y,BRIHUEGA,GUADALAJARA,835,"3,8","0,0","-3,8",07:30,"11,3",15:03,,,,,,,,,
2024-12-31,3209Y,BRIHUEGA,GUADALAJARA,835,"4,0","0,0","-3,4",04:58,"11,5",14:13,,,,,,,,,
2025-01-01,3209Y,BRIHUEGA,GUADALAJARA,835,"2,8","0,0","-3,8",06:50,"9,4",12:00,,,,,,,,,
2025-01-02,3209Y,BRIHUEGA,GUADALAJARA,835,"4,4","0,0","-0,9",00:01,"9,8",13:40,,,,,,,,,
2025-01-03,3209Y,BRIHUEGA,GUADALAJARA,835,"2,3","0,4","-2,5",Varias,"7,1",15:02,,,,,,,,,
2025-01-04,3209Y,BRIHUEGA,GUADALAJARA,835,"2,5","0,0","0,2",00:01,"4,8",15:06,,,,,,,,,
2025-01-05,3209Y,BRIHUEGA,GUADALAJARA,835,"6,0","2,6","3,5",00:01,"8,4",14:09,,,,,,,,,
2025-01-06,3209Y,BRIHUEGA,GUADALAJARA,835,"3,6","0,6","-1,2",23:49,"8,3",13:54,,,,,,,,,
2025-01-07,3209Y,BRIHUEGA,GUADALAJARA,835,"2,6","0,8","-2,3",06:06,"7,4",12:58,,,,,,,,,
2025-01-08,3209Y,BRIHUEGA,GUADALAJARA,835,"6,3","1,4","5,2",06:14,"7,4",12:51,,,,,,,,,
2025-01-09,3209Y,BRIHUEGA,GUADALAJARA,835,"9,0","0,2","6,4",21:18,"11,6",13:40,,,,,,,,,
2025-01-10,3209Y,BRIHUEGA,GUADALAJARA,835,"6,6","0,0","5,2",04:15,"7,9",15:38,,,,,,,,,
2025-01-11,3209Y,BRIHUEGA,GUADALAJARA,835,"9,2","0,0","2,6",23:44,"15,9",13:47,,,,,,,,,
2025-01-12,3209Y,BRIHUEGA,GUADALAJARA,835,"5,9","0,0","0,0",22:19,"11,8",14:28,,,,,,,,,
2025-01-13,3209Y,BRIHUEGA,GUADALAJARA,835,"4,4","0,0","-2,0",06:59,"10,8",14:26,,,,,,,,,
2025-01-14,3209Y,BRIHUEGA,GUADALAJARA,835,"3,3","0,0","-5,7",07:21,"12,3",14:50,,,,,,,,,
2025-01-15,3209Y,BRIHUEGA,GUADALAJARA,835,"4,0","0,0","-6,5",06:02,"14,5",14:05,,,,,,,,,
2025-01-16,3209Y,BRIHUEGA,GUADALAJARA,835,"5,4","0,0","0,1",Varias,"10,6",11:55,,,,,,,,,
2025-01-17,3209Y,BRIHUEGA,GUADALAJARA,835,"3,5","0,0","-2,2",23:54,"9,2",14:50,,,,,,,,,
2025-01-18,3209Y,BRIHUEGA,GUADALAJARA,835,"3,1","0,0","-4,9",06:49,"11,1",14:35,,,,,,,,,
2025-01-19,3209Y,BRIHUEGA,GUADALAJARA,835,"1,6","4,0","-6,0",07:16,"9,1",15:06,,,,,,,,,
2025-01-20,3209Y,BRIHUEGA,GUADALAJARA,835,"4,0","7,2","1,9",00:01,"6,1",Varias,,,,,,,,,
2025-01-21,3209Y,BRIHUEGA,GUADALAJARA,835,"7,6","4,2","6,0",Varias,"9,3",16:42,,,,,,,,,
2025-01-22,3209Y,BRIHUEGA,GUADALAJARA,835,"8,1","5,8","6,9",02:21,"9,3",14:50,,,,,,,,,
2025-01-23,3209Y,BRIHUEGA,GUADALAJARA,835,"9,2","3,0","6,3",20:35,"12,1",15:24,,,,,,,,,
2025-01-24,3209Y,BRIHUEGA,GUADALAJARA,835,"9,4","0,4","8,0",00:01,"10,9",14:01,,,,,,,,,
2025-01-25,3209Y,BRIHUEGA,GUADALAJARA,835,"6,8","3,4","4,8",23:11,"8,9",15:06,,,,,,,,,
2025-01-26,3209Y,BRIHUEGA,GUADALAJARA,835,"7,4","17,4","4,1",01:03,"10,8",23:56,,,,,,,,,
2025-01-27,3209Y,BRIHUEGA,GUADALAJARA,835,"8,2","14,4","4,3",23:56,"12,1",14:40,,,,,,,,,
2025-01-28,3209Y,BRIHUEGA,GUADALAJARA,835,"5,8","0,0","3,3",08:14,"8,2",14:30,,,,,,,,,
2025-01-29,3209Y,BRIHUEGA,GUADALAJARA,835,"2,3","9,2","-1,1",23:28,"5,7",16:43,,,,,,,,,
2025-01-30,3209Y,BRIHUEGA,GUADALAJARA,835,"3,6","0,0","-0,8",00:01,"7,9",14:14,,,,,,,,,
2025-01-31,3209Y,BRIHUEGA,GUADALAJARA,835,"2,9","0,0","-3,5",07:32,"9,3",14:52,,,,,,,,,
2025-02-01,3209Y,BRIHUEGA,GUADALAJARA,835,"3,8","0,0","-3,2",02:38,"10,9",14:01,,,,,,,,,
2025-02-02,3209Y,BRIHUEGA,GUADALAJARA,835,"2,4","0,0","-4,7",07:33,"9,6",14:04,,,,,,,,,
2025-02-03,3209Y,BRIHUEGA,GUADALAJARA,835,"5,6","0,0","-0,8",06:57,"11,9",14:43,,,,,,,,,
2025-02-04,3209Y,BRIHUEGA,GUADALAJARA,835,"5,0","0,0","-2,6",07:21,"12,6",14:51,,,,,,,,,
2025-02-05,3209Y,BRIHUEGA,GUADALAJARA,835,"5,6","0,0","-2,6",06:51,"13,7",14:49,,,,,,,,,
2025-02-06,3209Y,BRIHUEGA,GUADALAJARA,835,"5,3","0,0","-3,1",07:28,"13,7",14:26,,,,,,,,,
2025-02-07,3209Y,BRIHUEGA,GUADALAJARA,835,"1,8","7,8","-3,2",Varias,"6,9",11:53,,,,,,,,,
2025-02-08,3209Y,BRIHUEGA,GUADALAJARA,835,"4,2","0,0","-1,0",07:42,"9,4",14:21,,,,,,,,,
2025-02-09,3209Y,BRIHUEGA,GUADALAJARA,835,"6,2","0,0","-1,0",03:49,"13,4",14:24,,,,,,,,,
2025-02-10,3209Y,BRIHUEGA,GUADALAJARA,835,"8,0","0,0","3,1",06:59,"12,9",13:56,,,,,,,,,
2025-02-11,3209Y,BRIHUEGA,GUADALAJARA,835,"7,0","11,2","1,9",05:08,"12,0",14:24,,,,,,,,,
2025-02-12,3209Y,BRIHUEGA,GUADALAJARA,835,"5,6","0,2","0,7",23:33,"10,4",14:27,,,,,,,,,
2025-02-13,3209Y,BRIHUEGA,GUADALAJARA,835,"5,6","0,2","-2,0",07:09,"13,1",14:49,,,,,,,,,
2025-02-14,3209Y,BRIHUEGA,GUADALAJARA,835,"8,1","0,0","1,0",07:16,"15,2",13:44,,,,,,,,,
2025-02-15,3209Y,BRIHUEGA,GUADALAJARA,835,"8,0","0,0","0,5",06:48,"15,5",13:13,,,,,,,,,
2025-02-16,3209Y,BRIHUEGA,GUADALAJARA,835,"9,7","0,0","1,1",07:19,"18,3",14:09,,,,,,,,,
2025-02-17,3209Y,BRIHUEGA,GUADALAJARA,835,"7,8","0,0","1,8",04:42,"13,9",14:28,,,,,,,,,
2025-02-18,3209Y,BRIHUEGA,GUADALAJARA,835,"9,0","0,0","2,8",04:00,"15,3",12:48,,,,,,,,,
2025-02-19,3209Y,BRIHUEGA,GUADALAJARA,835,"9,8","0,0","3,9",07:20,"15,7",14:28,,,,,,,,,
2025-02-20,3209Y,BRIHUEGA,GUADALAJARA,835,"9,1","0,0","2,2",06:21,"16,0",14:26,,,,,,,,,
2025-02-21,3209Y,BRIHUEGA,GUADALAJARA,835,"8,6","1,4","3,6",05:05,"13,5",12:28,,,,,,,,,
2025-02-22,3209Y,BRIHUEGA,GUADALAJARA,835,"7,6","0,0","3,6",23:09,"11,7",13:08,,,,,,,,,
2025-02-23,3209Y,BRIHUEGA,GUADALAJARA,835,"7,8","0,0","0,7",03:53,"14,9",14:01,,,,,,,,,
2025-02-24,3209Y,BRIHUEGA,GUADALAJARA,835,"7,0","0,0","-0,1",03:54,"14,0",14:18,,,,,,,,,
2025-02-25,3209Y,BRIHUEGA,GUADALAJARA,835,"5,2","0,0","-0,2",23:55,"10,5",11:08,,,,,,,,,
2025-02-26,3209Y,BRIHUEGA,GUADALAJARA,835,"4,6","0,0","-2,6",06:52,"11,9",14:46,,,,,,,,,
2025-02-27,3209Y,BRIHUEGA,GUADALAJARA,835,"5,2","1,6","-0,2",01:54,"10,6",14:09,,,,,,,,,
2025-02-28,3209Y,BRIHUEGA,GUADALAJARA,835,"7,6","3,8","0,8",06:39,"14,3",14:07,,,,,,,,,
2025-03-01,3209Y,BRIHUEGA,GUADALAJARA,835,"3,6","5,2","0,7",23:57,"6,6",00:01,,,,,,,,,
2025-03-02,3209Y,BRIHUEGA,GUADALAJARA,835,"2,0","6,2","0,4",03:37,"3,7",23:41,,,,,,,,,
2025-03-03,3209Y,BRIHUEGA,GUADALAJARA,835,"6,6","6,4","3,4",01:44,"9,9",14:11,,,,,,,,,
2025-03-04,3209Y,BRIHUEGA,GUADALAJARA,835,"10,0","10,0","5,1",06:48,"14,9",13:43,,,,,,,,,
2025-03-05,3209Y,BRIHUEGA,GUADALAJARA,835,"8,8","2,8","5,6",05:04,"12,0",14:35,,,,,,,,,
2025-03-06,3209Y,BRIHUEGA,GUADALAJARA,835,"8,7","2,2","6,7",Varias,"10,7",15:42,,,,,,,,,
2025-03-07,3209Y,BRIHUEGA,GUADALAJARA,835,"8,5","6,0","6,2",06:54,"10,8",15:48,,,,,,,,,
2025-03-08,3209Y,BRIHUEGA,GUADALAJARA,835,"5,8","30,8","2,3",23:51,"9,4",10:26,,,,,,,,,
2025-03-09,3209Y,BRIHUEGA,GUADALAJARA,835,"5,0","6,2","2,4",00:01,"7,6",14:55,,,,,,,,,
2025-03-10,3209Y,BRIHUEGA,GUADALAJARA,835,"6,0","12,6","3,2",00:01,"8,8",15:57,,,,,,,,,
2025-03-11,3209Y,BRIHUEGA,GUADALAJARA,835,"6,5","9,4","4,1",20:39,"8,9",13:45,,,,,,,,,
2025-03-12,3209Y,BRIHUEGA,GUADALAJARA,835,"6,0","1,2","0,2",05:59,"11,8",13:02,,,,,,,,,
2025-03-13,3209Y,BRIHUEGA,GUADALAJARA,835,"5,4",,"1,7",21:49,"9,1",15:09,,,,,,,,,
2025-03-14,3209Y,BRIHUEGA,GUADALAJARA,835,"2,8","0,0","-1,0",23:57,"6,6",15:02,,,,,,,,,
2025-03-15,3209Y,BRIHUEGA,GUADALAJARA,835,"1,6","3,6","-4,7",06:20,"7,9",11:41,,,,,,,,,
2025-03-16,3209Y,BRIHUEGA,GUADALAJARA,835,"2,4","6,0","-0,6",Varias,"5,5",15:09,,,,,,,,,
2025-03-17,3209Y,BRIHUEGA,GUADALAJARA,835,"3,2","5,6","-0,8",Varias,"7,3",16:49,,,,,,,,,
2025-03-18,3209Y,BRIHUEGA,GUADALAJARA,835,"6,7","19,8","5,0",05:10,"8,4",13:25,,,,,,,,,
2025-03-19,3209Y,BRIHUEGA,GUADALAJARA,835,"10,6","0,0","6,3",06:47,"14,9",14:27,,,,,,,,,
2025-03-20,3209Y,BRIHUEGA,GUADALAJARA,835,"11,2","13,8","7,7",23:38,"14,7",15:43,,,,,,,,,
2025-03-21,3209Y,BRIHUEGA,GUADALAJARA,835,"7,3","10,4","5,5",24:00,"9,1",14:42,,,,,,,,,
2025-03-22,3209Y,BRIHUEGA,GUADALAJARA,835,"5,4","4,8","2,9",23:54,"7,8",16:16,,,,,,,,,
2025-03-23,3209Y,BRIHUEGA,GUADALAJARA,835,"4,6","0,0","0,6",22:31,"8,5",13:26,,,,,,,,,
2025-03-24,3209Y,BRIHUEGA,GUADALAJARA,835,"5,2","1,8","-1,0",06:03,"11,3",13:20,,,,,,,,,
2025-03-25,3209Y,BRIHUEGA,GUADALAJARA,835,"8,3","0,0","2,6",06:50,"14,0",14:31,,,,,,,,,
2025-03-26,3209Y,BRIHUEGA,GUADALAJARA,835,"7,2","0,0","1,6",06:05,"12,7",14:24,,,,,,,,,
2025-03-27,3209Y,BRIHUEGA,GUADALAJARA,835,"5,6","0,0","-0,9",04:49,"12,0",15:17,,,,,,,,,
2025-03-28,3209Y,BRIHUEGA,GUADALAJARA,835,"7,7","0,0","0,0",04:53,"15,4",14:11,,,,,,,,,
2025-03-29,3209Y,BRIHUEGA,GUADALAJARA,835,"8,2","0,0","2,1",23:55,"14,4",14:14,,,,,,,,,
2025-03-30,3209Y,BRIHUEGA,GUADALAJARA,835,"8,8","0,0","-0,5",02:43,"18,1",15:39,,,,,,,,,
2025-03-31,3209Y,BRIHUEGA,GUADALAJARA,835,"13,1","0,0","3,2",05:50,"23,0",14:03,,,,,,,,,
2025-04-01,3209Y,BRIHUEGA,GUADALAJARA,835,"13,4","0,0","4,3",04:04,"22,4",13:25,,,,,,,,,
2025-04-02,3209Y,BRIHUEGA,GUADALAJARA,835,"10,6","15,2","5,0",04:10,"16,2",14:06,,,,,,,,,
2025-04-03,3209Y,BRIHUEGA,GUADALAJARA,835,"8,6","15,8","6,4",Varias,"10,7",00:01,,,,,,,,,
2025-04-04,3209Y,BRIHUEGA,GUADALAJARA,835,"11,3","6,0","7,0",23:57,"15,6",12:06,,,,,,,,,
2025-04-05,3209Y,BRIHUEGA,GUADALAJARA,835,"10,4","0,0","6,7",00:42,"14,0",14:23,,,,,,,,,
2025-04-06,3209Y,BRIHUEGA,GUADALAJARA,835,"10,6","0,0","4,1",06:01,"17,0",12:29,,,,,,,,,
2025-04-07,3209Y,BRIHUEGA,GUADALAJARA,835,"12,8","0,0","5,1",Varias,"20,6",14:07,,,,,,,,,
2025-04-08,3209Y,BRIHUEGA,GUADALAJARA,835,"14,0","0,0","5,3",05:25,"22,6",14:04,,,,,,,,,
2025-04-09,3209Y,BRIHUEGA,GUADALAJARA,835,"14,5","0,0","6,5",05:44,"22,5",14:29,,,,,,,,,
2025-04-10,3209Y,BRIHUEGA,GUADALAJARA,835,"14,1","0,0","6,6",05:35,"21,6",13:45,,,,,,,,,
2025-04-11,3209Y,BRIHUEGA,GUADALAJARA,835,"10,8","3,8","6,8",04:59,"14,9",15:03,,,,,,,,,
2025-04-12,3209Y,BRIHUEGA,GUADALAJARA,835,"12,6","6,0","8,5",00:01,"16,7",12:29,,,,,,,,,
2025-04-13,3209Y,BRIHUEGA,GUADALAJARA,835,"13,0","3,8","9,0",21:14,"17,0",13:16,,,,,,,,,
2025-04-14,3209Y,BRIHUEGA,GUADALAJARA,835,"11,1","9,8","7,1",23:46,"15,1",13:54,,,,,,,,,
2025-04-15,3209Y,BRIHUEGA,GUADALAJARA,835,"4,8","5,6","0,1",23:59,"9,5",13:39,,,,,,,,,
2025-04-16,3209Y,BRIHUEGA,GUADALAJARA,835,"4,4","0,8","-0,8",02:12,"9,5",11:38,,,,,,,,,
2025-04-17,3209Y,BRIHUEGA,GUADALAJARA,835,"8,2","0,0","0,8",05:44,"15,6",Varias,,,,,,,,,
2025-04-18,3209Y,BRIHUEGA,GUADALAJARA,835,"10,8","15,0","5,6",04:50,"16,0",15:06,,,,,,,,,
2025-04-19,3209Y,BRIHUEGA,GUADALAJARA,835,"7,0","1,2","3,4",07:10,"10,6",13:55,,,,,,,,,
2025-04-20,3209Y,BRIHUEGA,GUADALAJARA,835,"8,6","0,2","4,3",Varias,"12,8",15:52,,,,,,,,,
2025-04-21,3209Y,BRIHUEGA,GUADALAJARA,835,"9,4","1,6","2,7",04:49,"16,2",14:17,,,,,,,,,
2025-04-22,3209Y,BRIHUEGA,GUADALAJARA,835,"10,6","0,0","5,5",21:34,"15,6",15:28,,,,,,,,,
2025-04-23,3209Y,BRIHUEGA,GUADALAJARA,835,"11,4","0,0","3,2",05:06,"19,6",15:33,,,,,,,,,
2025-04-24,3209Y,BRIHUEGA,GUADALAJARA,835,"14,8","0,0","6,2",05:08,"23,5",14:58,,,,,,,,,
2025-04-25,3209Y,BRIHUEGA,GUADALAJARA,835,"15,4","0,0","7,1",05:11,"23,8",13:34,,,,,,,,,
2025-04-26,3209Y,BRIHUEGA,GUADALAJARA,835,"12,0","0,0","6,1",23:57,"17,8",14:51,,,,,,,,,
2025-04-27,3209Y,BRIHUEGA,GUADALAJARA,835,"10,6","0,0","3,5",02:46,"17,8",15:03,,,,,,,,,
2025-04-28,3209Y,BRIHUEGA,GUADALAJARA,835,,,,,,,,,,,,,,,
2025-04-29,3209Y,BRIHUEGA,GUADALAJARA,835,"12,2","0,0","4,6",05:12,"19,8",14:24,,,,,,,,,
2025-04-30,3209Y,BRIHUEGA,GUADALAJARA,835,"12,6","0,0","4,5",05:23,"20,7",14:10,,,,,,,,,
2025-05-01,3209Y,BRIHUEGA,GUADALAJARA,835,"15,3","1,2","10,9",22:10,"19,7",15:36,,,,,,,,,
2025-05-02,3209Y,BRIHUEGA,GUADALAJARA,835,"12,2","16,6","8,3",22:42,"16,2",15:45,,,,,,,,,
2025-05-03,3209Y,BRIHUEGA,GUADALAJARA,835,"12,8","0,0","7,7",03:23,"17,9",14:39,,,,,,,,,
2025-05-04,3209Y,BRIHUEGA,GUADALAJARA,835,"11,7","1,8","7,1",23:53,"16,3",13:22,,,,,,,,,
2025-05-05,3209Y,BRIHUEGA,GUADALAJARA,835,"10,7","4,2","4,2",23:58,"17,2",12:28,,,,,,,,,
2025-05-06,3209Y,BRIHUEGA,GUADALAJARA,835,"8,4","0,0","2,9",02:53,"13,8",16:09,,,,,,,,,
2025-05-07,3209Y,BRIHUEGA,GUADALAJARA,835,"10,2","0,0","2,0",05:24,"18,4",14:40,,,,,,,,,
2025-05-08,3209Y,BRIHUEGA,GUADALAJARA,835,"11,0","0,6","6,2",02:56,"15,9",11:59,,,,,,,,,
2025-05-09,3209Y,BRIHUEGA,GUADALAJARA,835,"11,6","2,2","7,6",01:12,"15,5",13:42,,,,,,,,,
2025-05-10,3209Y,BRIHUEGA,GUADALAJARA,835,"11,4","6,8","7,4",03:29,"15,4",13:27,,,,,,,,,
2025-05-11,3209Y,BRIHUEGA,GUADALAJARA,835,"10,2","0,0","4,1",04:55,"16,3",15:37,,,,,,,,,
2025-05-12,3209Y,BRIHUEGA,GUADALAJARA,835,"10,0","0,0","2,7",03:47,"17,2",15:36,,,,,,,,,
2025-05-13,3209Y,BRIHUEGA,GUADALAJARA,835,"11,8","1,4","4,8",04:32,"18,7",15:02,,,,,,,,,
2025-05-14,3209Y,BRIHUEGA,GUADALAJARA,835,"13,0","23,6","7,1",Varias,"19,0",15:48,,,,,,,,,
2025-05-15,3209Y,BRIHUEGA,GUADALAJARA,835,"12,6","0,0","7,3",23:50,"17,9",15:51,,,,,,,,,
2025-05-16,3209Y,BRIHUEGA,GUADALAJARA,835,"13,2","0,0","5,4",04:37,"21,1",15:36,,,,,,,,,
2025-05-17,3209Y,BRIHUEGA,GUADALAJARA,835,"14,3","0,0","6,1",04:58,"22,5",15:04,,,,,,,,,
2025-05-18,3209Y,BRIHUEGA,GUADALAJARA,835,"16,8","0,0","8,4",02:46,"25,1",13:38,,,,,,,,,
2025-05-19,3209Y,BRIHUEGA,GUADALAJARA,835,"12,6","1,2","8,3",22:19,"17,0",16:01,,,,,,,,,
2025-05-20,3209Y,BRIHUEGA,GUADALAJARA,835,"12,8","0,0","5,5",05:17,"20,2",14:28,,,,,,,,,
2025-05-21,3209Y,BRIHUEGA,GUADALAJARA,835,"15,0","0,0","6,4",05:15,"23,7",14:31,,,,,,,,,
2025-05-22,3209Y,BRIHUEGA,GUADALAJARA,835,"13,2","0,0","7,2",23:57,"19,1",12:58,,,,,,,,,
2025-05-23,3209Y,BRIHUEGA,GUADALAJARA,835,"12,6","0,0","4,2",04:23,"20,9",14:39,,,,,,,,,
2025-05-24,3209Y,BRIHUEGA,GUADALAJARA,835,"13,9","0,0","3,6",05:04,"24,2",15:07,,,,,,,,,
2025-05-25,3209Y,BRIHUEGA,GUADALAJARA,835,"16,3","0,0","6,3",05:04,"26,3",15:45,,,,,,,,,
2025-05-26,3209Y,BRIHUEGA,GUADALAJARA,835,"18,6","0,0","10,0",05:08,"27,2",15:30,,,,,,,,,
2025-05-27,3209Y,BRIHUEGA,GUADALAJARA,835,"19,4","0,0","10,7",05:01,"28,2",15:48,,,,,,,,,
2025-05-28,3209Y,BRIHUEGA,GUADALAJARA,835,"20,5","0,0","10,8",04:48,"30,2",15:11,,,,,,,,,
2025-05-29,3209Y,BRIHUEGA,GUADALAJARA,835,"22,1","0,0","13,4",04:45,"30,8",Varias,,,,,,,,,
2025-05-30,3209Y,BRIHUEGA,GUADALAJARA,835,"22,7","0,0","13,2",04:33,"32,2",15:20,,,,,,,,,
2025-05-31,3209Y,BRIHUEGA,GUADALAJARA,835,"22,0","0,2","12,3",04:54,"31,7",13:57,,,,,,,,,
2025-06-01,3209Y,BRIHUEGA,GUADALAJARA,835,"22,2","2,2","13,5",03:04,"30,8",14:13,,,,,,,,,
2025-06-02,3209Y,BRIHUEGA,GUADALAJARA,835,"21,2","0,0","13,8",05:08,"28,5",15:47,,,,,,,,,
2025-06-03,3209Y,BRIHUEGA,GUADALAJARA,835,"17,8","2,4","11,7",22:10,"23,8",14:28,,,,,,,,,
2025-06-04,3209Y,BRIHUEGA,GUADALAJARA,835,"15,8","0,0","9,4",03:21,"22,1",14:35,,,,,,,,,
2025-06-05,3209Y,BRIHUEGA,GUADALAJARA,835,"17,8","0,0","9,8",04:35,"25,7",Varias,,,,,,,,,
2025-06-06,3209Y,BRIHUEGA,GUADALAJARA,835,"19,4","0,0","10,8",03:28,"28,1",15:50,,,,,,,,,
2025-06-07,3209Y,BRIHUEGA,GUADALAJARA,835,"20,2","0,0","11,4",03:40,"28,9",15:24,,,,,,,,,
2025-06-08,3209Y,BRIHUEGA,GUADALAJARA,835,"21,8","0,0","12,6",04:00,"30,9",14:13,,,,,,,,,
2025-06-09,3209Y,BRIHUEGA,GUADALAJARA,835,"23,6","3,2","13,6",04:13,"33,6",16:00,,,,,,,,,
2025-06-10,3209Y,BRIHUEGA,GUADALAJARA,835,"22,6","1,2","13,7",04:53,"31,5",14:18,,,,,,,,,
2025-06-11,3209Y,BRIHUEGA,GUADALAJARA,835,"20,0","28,6","12,5",19:01,"27,4",15:38,,,,,,,,,
2025-06-12,3209Y,BRIHUEGA,GUADALAJARA,835,"19,0","0,0","11,6",05:07,"26,4",16:31,,,,,,,,,
2025-06-13,3209Y,BRIHUEGA,GUADALAJARA,835,"20,9","0,0","12,4",01:49,"29,4",15:08,,,,,,,,,
2025-06-14,3209Y,BRIHUEGA,GUADALAJARA,835,"22,4","0,0","14,4",04:11,"30,5",14:26,,,,,,,,,
2025-06-15,3209Y,BRIHUEGA,GUADALAJARA,835,"23,6","0,0","16,4",01:22,"30,9",13:45,,,,,,,,,
2025-06-16,3209Y,BRIHUEGA,GUADALAJARA,835,"23,6","0,0","14,1",04:42,"33,0",16:07,,,,,,,,,
2025-06-17,3209Y,BRIHUEGA,GUADALAJARA,835,"24,5","0,0","15,1",04:54,"33,9",13:36,,,,,,,,,
2025-06-18,3209Y,BRIHUEGA,GUADALAJARA,835,"24,6","0,0","14,6",Varias,"34,7",14:57,,,,,,,,,
2025-06-19,3209Y,BRIHUEGA,GUADALAJARA,835,"24,8","0,0","16,1",05:04,"33,6",13:09,,,,,,,,,
2025-06-20,3209Y,BRIHUEGA,GUADALAJARA,835,"23,9","0,0","14,0",04:49,"33,8",16:00,,,,,,,,,
2025-06-21,3209Y,BRIHUEGA,GUADALAJARA,835,"25,2","0,0","15,7",05:02,"34,7",14:48,,,,,,,,,
2025-06-22,3209Y,BRIHUEGA,GUADALAJARA,835,"25,8","0,0","18,9",05:18,"32,6",15:03,,,,,,,,,
2025-06-23,3209Y,BRIHUEGA,GUADALAJARA,835,"25,6","0,0","16,6",05:10,"34,7",15:21,,,,,,,,,
2025-06-24,3209Y,BRIHUEGA,GUADALAJARA,835,"25,5","0,0","16,9",23:35,"34,1",15:37,,,,,,,,,
2025-06-25,3209Y,BRIHUEGA,GUADALAJARA,835,"21,2","0,0","14,5",04:53,"27,9",14:15,,,,,,,,,
2025-06-26,3209Y,BRIHUEGA,GUADALAJARA,835,"21,2","0,0","11,6",04:42,"30,8",16:53,,,,,,,,,
2025-06-27,3209Y,BRIHUEGA,GUADALAJARA,835,"23,8","0,0","14,1",05:00,"33,6",15:41,,,,,,,,,
2025-06-28,3209Y,BRIHUEGA,GUADALAJARA,835,"26,0","0,0","16,2",04:59,"35,8",14:32,,,,,,,,,
2025-06-29,3209Y,BRIHUEGA,GUADALAJARA,835,"27,0","0,0","17,6",05:03,"36,5",15:03,,,,,,,,,
2025-06-30,3209Y,BRIHUEGA,GUADALAJARA,835,"26,8","0,0","18,0",05:03,"35,5",13:48,,,,,,,,,
2025-07-01,3209Y,BRIHUEGA,GUADALAJARA,835,"25,8","0,0","17,3",05:12,"34,3",13:16,,,,,,,,,
2025-07-02,3209Y,BRIHUEGA,GUADALAJARA,835,"25,7","0,0","16,7",04:41,"34,7",15:05,,,,,,,,,
2025-07-03,3209Y,BRIHUEGA,GUADALAJARA,835,"25,0","20,4","16,0",04:27,"33,9",14:35,,,,,,,,,
2025-07-04,3209Y,BRIHUEGA,GUADALAJARA,835,"24,8","4,0","16,6",02:49,"33,0",Varias,,,,,,,,,
2025-07-05,3209Y,BRIHUEGA,GUADALAJARA,835,"24,2","0,0","15,4",04:11,"32,9",15:36,,,,,,,,,
2025-07-06,3209Y,BRIHUEGA,GUADALAJARA,835,"23,0","0,0","14,2",04:47,"31,9",14:50,,,,,,,,,
2025-07-07,3209Y,BRIHUEGA,GUADALAJARA,835,"23,4","0,0","14,8",05:06,"31,9",15:52,,,,,,,,,
2025-07-08,3209Y,BRIHUEGA,GUADALAJARA,835,"22,0","0,0","11,8",05:15,"32,1",17:01,,,,,,,,,
2025-07-09,3209Y,BRIHUEGA,GUADALAJARA,835,"25,3","0,0","17,5",02:40,"33,1",16:01,,,,,,,,,
2025-07-10,3209Y,BRIHUEGA,GUADALAJARA,835,"24,4","0,0","16,5",04:12,"32,4",13:59,,,,,,,,,
2025-07-11,3209Y,BRIHUEGA,GUADALAJARA,835,"22,4","0,0","14,7",04:45,"30,2",14:20,,,,,,,,,
2025-07-12,3209Y,BRIHUEGA,GUADALAJARA,835,"19,5","0,0","12,3",05:17,"26,7",14:20,,,,,,,,,
2025-07-13,3209Y,BRIHUEGA,GUADALAJARA,835,"20,6","0,0","12,0",04:50,"29,3",15:43,,,,,,,,,
2025-07-14,3209Y,BRIHUEGA,GUADALAJARA,835,"23,6","0,0","14,1",03:31,"33,2",15:40,,,,,,,,,
2025-07-15,3209Y,BRIHUEGA,GUADALAJARA,835,"24,8","0,0","15,4",05:10,"34,3",15:32,,,,,,,,,
2025-07-16,3209Y,BRIHUEGA,GUADALAJARA,835,"25,8","0,0","15,6",05:10,"36,0",15:16,,,,,,,,,
2025-07-17,3209Y,BRIHUEGA,GUADALAJARA,835,"26,2","0,0","16,5",05:01,"36,0",15:47,,,,,,,,,
2025-07-18,3209Y,BRIHUEGA,GUADALAJARA,835,"23,6","0,0","14,3",05:04,"33,0",13:38,,,,,,,,,
2025-07-19,3209Y,BRIHUEGA,GUADALAJARA,835,"20,8","0,0","12,2",05:05,"29,3",15:08,,,,,,,,,
2025-07-20,3209Y,BRIHUEGA,GUADALAJARA,835,"20,2","0,0","12,0",05:15,"28,5",14:17,,,,,,,,,
2025-07-21,3209Y,BRIHUEGA,GUADALAJARA,835,"19,8","0,0","10,8",04:43,"28,9",16:22,,,,,,,,,
2025-07-22,3209Y,BRIHUEGA,GUADALAJARA,835,"21,8","0,0","11,9",04:35,"31,7",15:10,,,,,,,,,
2025-07-23,3209Y,BRIHUEGA,GUADALAJARA,835,"21,7","0,0","13,7",05:02,"29,7",14:53,,,,,,,,,
2025-07-24,3209Y,BRIHUEGA,GUADALAJARA,835,"19,5","0,0","12,9",Varias,"26,1",15:08,,,,,,,,,
2025-07-25,3209Y,BRIHUEGA,GUADALAJARA,835,"18,6","0,0","9,8",05:37,"27,3",15:02,,,,,,,,,
2025-07-26,3209Y,BRIHUEGA,GUADALAJARA,835,"21,0","0,0","11,8",04:46,"30,3",15:02,,,,,,,,,
2025-07-27,3209Y,BRIHUEGA,GUADALAJARA,835,"22,8","0,0","12,7",05:15,"33,0",16:01,,,,,,,,,
2025-07-28,3209Y,BRIHUEGA,GUADALAJARA,835,"21,6","0,0","14,3",23:50,"28,9",13:36,,,,,,,,,
2025-07-29,3209Y,BRIHUEGA,GUADALAJARA,835,"19,8","0,0","11,3",05:10,"28,2",15:47,,,,,,,,,
2025-07-30,3209Y,BRIHUEGA,GUADALAJARA,835,"21,2","0,0","11,9",04:09,"30,6",15:22,,,,,,,,,
2025-07-31,3209Y,BRIHUEGA,GUADALAJARA,835,"22,5","0,0","12,8",05:23,"32,2",14:17,,,,,,,,,
2025-08-01,3209Y,BRIHUEGA,GUADALAJARA,835,"23,1","0,0","15,5",04:49,"30,7",14:35,,,,,,,,,
2025-08-02,3209Y,BRIHUEGA,GUADALAJARA,835,"23,0","0,0","14,4",Varias,"31,5",12:51,,,,,,,,,
2025-08-03,3209Y,BRIHUEGA,GUADALAJARA,835,"25,6","0,0","16,4",05:08,"34,8",13:48,,,,,,,,,
2025-08-04,3209Y,BRIHUEGA,GUADALAJARA,835,"25,6","0,0","15,5",05:36,"35,6",15:45,,,,,,,,,
2025-08-05,3209Y,BRIHUEGA,GUADALAJARA,835,"27,4","0,0","17,6",04:59,"37,2",14:46,,,,,,,,,
2025-08-06,3209Y,BRIHUEGA,GUADALAJARA,835,"26,0","0,0","17,5",04:28,"34,5",14:09,,,,,,,,,
2025-08-07,3209Y,BRIHUEGA,GUADALAJARA,835,"26,2","0,0","16,2",05:18,"36,1",14:44,,,,,,,,,
2025-08-08,3209Y,BRIHUEGA,GUADALAJARA,835,"27,4","0,0","17,9",04:31,"36,9",14:17,,,,,,,,,
2025-08-09,3209Y,BRIHUEGA,GUADALAJARA,835,"28,0","0,0","18,3",05:30,"37,8",14:40,,,,,,,,,
2025-08-10,3209Y,BRIHUEGA,GUADALAJARA,835,"26,8","0,0","17,3",05:40,"36,2",14:46,,,,,,,,,
2025-08-11,3209Y,BRIHUEGA,GUADALAJARA,835,"27,3","0,0","17,7",05:35,"36,9",13:30,,,,,,,,,
2025-08-12,3209Y,BRIHUEGA,GUADALAJARA,835,"28,2","0,0","19,2",05:36,"37,3",14:17,,,,,,,,,
2025-08-13,3209Y,BRIHUEGA,GUADALAJARA,835,"24,7","0,0","17,2",04:46,"32,2",12:56,,,,,,,,,
2025-08-14,3209Y,BRIHUEGA,GUADALAJARA,835,"25,4","0,0","16,0",04:40,"34,8",14:00,,,,,,,,,
2025-08-15,3209Y,BRIHUEGA,GUADALAJARA,835,"26,8","0,0","17,3",05:29,"36,4",14:16,,,,,,,,,
2025-08-16,3209Y,BRIHUEGA,GUADALAJARA,835,"27,6","0,0","17,1",05:32,"38,2",12:27,,,,,,,,,
2025-08-17,3209Y,BRIHUEGA,GUADALAJARA,835,"27,6","0,2","17,0",05:53,"38,2",14:13,,,,,,,,,
2025-08-18,3209Y,BRIHUEGA,GUADALAJARA,835,"26,0","0,0","18,0",23:55,"34,0",13:21,,,,,,,,,
2025-08-19,3209Y,BRIHUEGA,GUADALAJARA,835,"22,6","0,0","14,7",05:58,"30,4",13:36,,,,,,,,,
2025-08-20,3209Y,BRIHUEGA,GUADALAJARA,835,"19,6","0,0","12,8",05:52,"26,3",13:44,,,,,,,,,
2025-08-21,3209Y,BRIHUEGA,GUADALAJARA,835,"18,5","0,0","10,8",05:26,"26,2",15:18,,,,,,,,,
2025-08-22,3209Y,BRIHUEGA,GUADALAJARA,835,"20,4","0,0","11,9",05:39,"28,8",14:26,,,,,,,,,
2025-08-23,3209Y,BRIHUEGA,GUADALAJARA,835,"21,7","0,0","12,8",05:46,"30,6",13:41,,,,,,,,,
2025-08-24,3209Y,BRIHUEGA,GUADALAJARA,835,"23,6","0,0","16,0",05:43,"31,3",14:05,,,,,,,,,
2025-08-25,3209Y,BRIHUEGA,GUADALAJARA,835,"24,2","0,0","18,1",01:54,"30,4",14:48,,,,,,,,,
2025-08-26,3209Y,BRIHUEGA,GUADALAJARA,835,"24,4","0,0","15,9",05:38,"32,8",13:50,,,,,,,,,
2025-08-27,3209Y,BRIHUEGA,GUADALAJARA,835,"24,3","0,0","17,5",05:48,"31,1",13:22,,,,,,,,,
2025-08-28,3209Y,BRIHUEGA,GUADALAJARA,835,"18,4","0,0","10,5",23:55,"26,4",12:57,,,,,,,,,
2025-08-29,3209Y,BRIHUEGA,GUADALAJARA,835,"17,3","0,0","8,6",03:31,"26,0",15:24,,,,,,,,,
2025-08-30,3209Y,BRIHUEGA,GUADALAJARA,835,"21,4","0,0","13,5",06:04,"29,3",14:27,,,,,,,,,
2025-08-31,3209Y,BRIHUEGA,GUADALAJARA,835,"18,9","0,0","11,4",05:52,"26,4",Varias,,,,,,,,,
2025-09-01,3209Y,BRIHUEGA,GUADALAJARA,835,"14,8","0,0","7,6",05:56,"22,1",14:10,,,,,,,,,
2025-09-02,3209Y,BRIHUEGA,GUADALAJARA,835,"15,0","0,0","6,0",Varias,"23,9",16:08,,,,,,,,,
2025-09-03,3209Y,BRIHUEGA,GUADALAJARA,835,"18,7","0,0","8,6",05:32,"28,8",14:46,,,,,,,,,
2025-09-04,3209Y,BRIHUEGA,GUADALAJARA,835,"20,8","0,0","13,0",04:21,"28,6",14:02,,,,,,,,,
2025-09-05,3209Y,BRIHUEGA,GUADALAJARA,835,"21,0","0,0","12,9",06:24,"29,0",13:55,,,,,,,,,
2025-09-06,3209Y,BRIHUEGA,GUADALAJARA,835,"21,8","0,0","13,8",05:34,"29,9",14:24,,,,,,,,,
2025-09-07,3209Y,BRIHUEGA,GUADALAJARA,835,"21,0","0,0","15,2",06:03,"26,8",11:45,,,,,,,,,
2025-09-08,3209Y,BRIHUEGA,GUADALAJARA,835,"20,6","0,0","14,1",05:56,"27,1",13:17,,,,,,,,,
2025-09-09,3209Y,BRIHUEGA,GUADALAJARA,835,"18,3","0,0","10,9",06:01,"25,7",13:20,,,,,,,,,
2025-09-10,3209Y,BRIHUEGA,GUADALAJARA,835,"15,4","0,0","7,4",05:44,"23,5",15:01,,,,,,,,,
2025-09-11,3209Y,BRIHUEGA,GUADALAJARA,835,"18,5","0,0","9,4",05:50,"27,6",14:32,,,,,,,,,
2025-09-12,3209Y,BRIHUEGA,GUADALAJARA,835,"19,8","0,0","11,3",04:50,"28,2",13:17,,,,,,,,,
2025-09-13,3209Y,BRIHUEGA,GUADALAJARA,835,"20,0","0,0","12,3",05:42,"27,8",14:25,,,,,,,,,
2025-09-14,3209Y,BRIHUEGA,GUADALAJARA,835,"20,0","0,0","10,8",05:03,"29,3",13:39,,,,,,,,,
2025-09-15,3209Y,BRIHUEGA,GUADALAJARA,835,"21,9","0,0","13,0",06:03,"30,8",13:29,,,,,,,,,
2025-09-16,3209Y,BRIHUEGA,GUADALAJARA,835,"22,6","0,0","13,2",Varias,"32,1",13:40,,,,,,,,,
2025-09-17,3209Y,BRIHUEGA,GUADALAJARA,835,"23,6","0,0","14,1",05:52,"33,2",13:15,,,,,,,,,
2025-09-18,3209Y,BRIHUEGA,GUADALAJARA,835,"24,0","0,0","14,2",05:53,"33,8",13:53,,,,,,,,,
2025-09-19,3209Y,BRIHUEGA,GUADALAJARA,835,"24,1","1,0","16,2",06:18,"32,0",12:22,,,,,,,,,
2025-09-20,3209Y,BRIHUEGA,GUADALAJARA,835,"22,4","2,0","15,2",05:57,"29,5",13:42,,,,,,,,,
2025-09-21,3209Y,BRIHUEGA,GUADALAJARA,835,"15,5","0,0","6,8",23:10,"24,2",13:04,,,,,,,,,
2025-09-22,3209Y,BRIHUEGA,GUADALAJARA,835,"10,6","0,0","2,5",05:45,"18,6",13:51,,,,,,,,,
2025-09-23,3209Y,BRIHUEGA,GUADALAJARA,835,"10,8","0,0","2,7",06:08,"18,8",13:51,,,,,,,,,
2025-09-24,3209Y,BRIHUEGA,GUADALAJARA,835,"11,3","0,0","3,3",03:20,"19,3",13:33,,,,,,,,,
2025-09-25,3209Y,BRIHUEGA,GUADALAJARA,835,"13,0","0,0","4,0",06:08,"21,9",14:03,,,,,,,,,
2025-09-26,3209Y,BRIHUEGA,GUADALAJARA,835,"13,8","0,0","3,2",05:59,"24,3",13:56,,,,,,,,,
2025-09-27,3209Y,BRIHUEGA,GUADALAJARA,835,"14,8","0,0","5,3",06:05,"24,3",12:58,,,,,,,,,
2025-09-28,3209Y,BRIHUEGA,GUADALAJARA,835,"16,4","0,0","11,8",04:24,"20,9",13:18,,,,,,,,,
2025-09-29,3209Y,BRIHUEGA,GUADALAJARA,835,"15,6","0,0","11,6",23:54,"19,5",12:28,,,,,,,,,
2025-09-30,3209Y,BRIHUEGA,GUADALAJARA,835,"16,1","0,0","10,6",01:01,"21,6",12:27,,,,,,,,,
2025-10-01,3209Y,BRIHUEGA,GUADALAJARA,835,"16,8","0,0","8,1",06:15,"25,4",13:13,,,,,,,,,
2025-10-02,3209Y,BRIHUEGA,GUADALAJARA,835,"17,0","0,0","7,6",06:20,"26,5",13:42,,,,,,,,,
2025-10-03,3209Y,BRIHUEGA,GUADALAJARA,835,"18,0","0,0","9,8",04:46,"26,2",12:28,,,,,,,,,
2025-10-04,3209Y,BRIHUEGA,GUADALAJARA,835,"19,3","0,0","9,9",06:01,"28,7",13:17,,,,,,,,,
2025-10-05,3209Y,BRIHUEGA,GUADALAJARA,835,"14,5","0,0","7,6",23:48,"21,4",14:21,,,,,,,,,
2025-10-06,3209Y,BRIHUEGA,GUADALAJARA,835,"14,2","0,0","3,5",06:10,"25,0",14:06,,,,,,,,,
2025-10-07,3209Y,BRIHUEGA,GUADALAJARA,835,"17,4","0,0","8,0",Varias,"26,7",14:08,,,,,,,,,
2025-10-08,3209Y,BRIHUEGA,GUADALAJARA,835,"17,9","0,0","10,1",05:48,"25,7",13:19,,,,,,,,,
2025-10-09,3209Y,BRIHUEGA,GUADALAJARA,835,"16,6","0,0","10,4",23:54,"22,7",14:16,,,,,,,,,
2025-10-10,3209Y,BRIHUEGA,GUADALAJARA,835,"14,6","0,0","7,8",06:12,"21,5",13:36,,,,,,,,,
2025-10-11,3209Y,BRIHUEGA,GUADALAJARA,835,"15,3","0,0","8,8",06:13,"21,8",12:45,,,,,,,,,
2025-10-12,3209Y,BRIHUEGA,GUADALAJARA,835,"16,2","0,0","10,5",03:58,"21,8",12:26,,,,,,,,,
2025-10-13,3209Y,BRIHUEGA,GUADALAJARA,835,"16,0","0,0","10,0",23:59,"22,0",13:52,,,,,,,,,
2025-10-14,3209Y,BRIHUEGA,GUADALAJARA,835,"14,7","0,0","7,5",04:41,"21,9",13:15,,,,,,,,,
2025-10-15,3209Y,BRIHUEGA,GUADALAJARA,835,"15,9","0,0","8,0",06:14,"23,8",13:02,,,,,,,,,
2025-10-16,3209Y,BRIHUEGA,GUADALAJARA,835,"15,8","0,0","8,5",06:18,"23,0",14:12,,,,,,,,,
2025-10-17,3209Y,BRIHUEGA,GUADALAJARA,835,"14,4","0,6","7,5",04:30,"21,2",13:58,,,,,,,,,
2025-10-18,3209Y,BRIHUEGA,GUADALAJARA,835,"14,5","0,0","5,2",06:13,"23,8",13:19,,,,,,,,,
2025-10-19,3209Y,BRIHUEGA,GUADALAJARA,835,"13,5","0,6","7,1",03:46,"19,9",15:54,,,,,,,,,
2025-10-20,3209Y,BRIHUEGA,GUADALAJARA,835,"15,6","3,0","10,7",22:40,"20,6",13:14,,,,,,,,,
2025-10-21,3209Y,BRIHUEGA,GUADALAJARA,835,"14,8","2,4","11,3",Varias,"18,2",14:39,,,,,,,,,
2025-10-22,3209Y,BRIHUEGA,GUADALAJARA,835,"15,5","0,2","11,5",03:48,"19,5",12:46,,,,,,,,,
2025-10-23,3209Y,BRIHUEGA,GUADALAJARA,835,"16,0","0,0","10,9",24:00,"21,0",12:54,,,,,,,,,
2025-10-24,3209Y,BRIHUEGA,GUADALAJARA,835,"12,4","0,0","6,9",06:37,"17,9",15:15,,,,,,,,,
2025-10-25,3209Y,BRIHUEGA,GUADALAJARA,835,"14,4","18,6","9,8",22:09,"19,0",11:26,,,,,,,,,
2025-10-26,3209Y,BRIHUEGA,GUADALAJARA,835,"9,0","0,0","3,4",23:43,"14,7",13:39,,,,,,,,,
2025-10-27,3209Y,BRIHUEGA,GUADALAJARA,835,"9,6","0,0","0,8",05:27,"18,4",13:51,,,,,,,,,
2025-10-28,3209Y,BRIHUEGA,GUADALAJARA,835,"10,8","13,2","1,7",06:16,"19,8",13:37,,,,,,,,,
2025-10-29,3209Y,BRIHUEGA,GUADALAJARA,835,"11,0","3,6","8,2",01:34,"13,9",11:40,,,,,,,,,
2025-10-30,3209Y,BRIHUEGA,GUADALAJARA,835,"11,4","0,2","10,0",22:29,"12,7",14:17,,,,,,,,,
2025-10-31,3209Y,BRIHUEGA,GUADALAJARA,835,"11,4","0,2","7,7",06:07,"15,0",13:21,,,,,,,,,
2025-11-01,3209Y,BRIHUEGA,GUADALAJARA,835,"12,1","0,4","10,0",01:22,"14,2",15:36,,,,,,,,,
2025-11-02,3209Y,BRIHUEGA,GUADALAJARA,835,"10,2","0,0","5,0",22:28,"15,5",13:58,,,,,,,,,
2025-11-03,3209Y,BRIHUEGA,GUADALAJARA,835,"11,4","0,0","3,8",02:34,"18,9",13:34,,,,,,,,,
2025-11-04,3209Y,BRIHUEGA,GUADALAJARA,835,"10,3","0,0","2,7",05:32,"17,9",13:38,,,,,,,,,
2025-11-05,3209Y,BRIHUEGA,GUADALAJARA,835,"12,0","14,6","8,0",01:21,"15,9",12:00,,,,,,,,,
2025-11-06,3209Y,BRIHUEGA,GUADALAJARA,835,"7,8","0,0","4,2",23:44,"11,3",14:47,,,,,,,,,
2025-11-07,3209Y,BRIHUEGA,GUADALAJARA,835,"7,0","4,8","2,8",02:30,"11,3",13:03,,,,,,,,,
2025-11-08,3209Y,BRIHUEGA,GUADALAJARA,835,"7,4","0,0","2,6",23:40,"12,3",13:00,,,,,,,,,
2025-11-09,3209Y,BRIHUEGA,GUADALAJARA,835,"6,6","0,0","-0,3",06:41,"13,6",13:34,,,,,,,,,
2025-11-10,3209Y,BRIHUEGA,GUADALAJARA,835,"7,4","0,0","0,1",06:16,"14,7",14:06,,,,,,,,,
2025-11-11,3209Y,BRIHUEGA,GUADALAJARA,835,"9,6","0,0","4,1",00:01,"15,0",14:06,,,,,,,,,
2025-11-12,3209Y,BRIHUEGA,GUADALAJARA,835,"13,4","1,2","4,7",00:46,"22,1",13:43,,,,,,,,,
2025-11-13,3209Y,BRIHUEGA,GUADALAJARA,835,"12,4","15,0","9,6",01:13,"15,3",12:40,,,,,,,,,
2025-11-14,3209Y,BRIHUEGA,GUADALAJARA,835,"11,0","5,0","8,2",20:10,"13,7",13:56,,,,,,,,,
2025-11-15,3209Y,BRIHUEGA,GUADALAJARA,835,"9,6","9,2","7,6",06:22,"11,5",19:04,,,,,,,,,
2025-11-16,3209Y,BRIHUEGA,GUADALAJARA,835,"8,0","3,0","4,7",22:17,"11,3",13:39,,,,,,,,,
2025-11-17,3209Y,BRIHUEGA,GUADALAJARA,835,"8,2","0,4","4,4",22:57,"12,1",14:43,,,,,,,,,
2025-11-18,3209Y,BRIHUEGA,GUADALAJARA,835,"6,7","0,0","0,2",23:48,"13,2",13:48,,,,,,,,,
2025-11-19,3209Y,BRIHUEGA,GUADALAJARA,835,"4,0","0,0","-0,9",21:43,"8,9",12:30,,,,,,,,,
2025-11-20,3209Y,BRIHUEGA,GUADALAJARA,835,"3,4","0,0","-1,5",06:17,"8,2",12:23,,,,,,,,,
2025-11-21,3209Y,BRIHUEGA,GUADALAJARA,835,"1,2","0,0","-3,4",Varias,"5,8",12:47,,,,,,,,,
2025-11-22,3209Y,BRIHUEGA,GUADALAJARA,835,"1,6","0,0","-4,8",05:58,"8,0",13:00,,,,,,,,,
2025-11-23,3209Y,BRIHUEGA,GUADALAJARA,835,"3,4","0,0","-3,1",06:41,"9,8",13:13,,,,,,,,,
2025-11-24,3209Y,BRIHUEGA,GUADALAJARA,835,"7,0","7,2","4,7",00:01,"9,4",Varias,,,,,,,,,
2025-11-25,3209Y,BRIHUEGA,GUADALAJARA,835,"4,6","0,2","-0,3",07:29,"9,6",12:00,,,,,,,,,
2025-11-26,3209Y,BRIHUEGA,GUADALAJARA,835,"3,6","0,0","-1,5",02:46,"8,6",13:05,,,,,,,,,
2025-11-27,3209Y,BRIHUEGA,GUADALAJARA,835,"4,3","0,0","-2,9",06:41,"11,5",14:17,,,,,,,,,
2025-11-28,3209Y,BRIHUEGA,GUADALAJARA,835,"6,8","0,0","-0,8",05:44,"14,3",13:22,,,,,,,,,
2025-11-29,3209Y,BRIHUEGA,GUADALAJARA,835,"4,3","3,0","-1,7",Varias,"10,3",14:28,,,,,,,,,
2025-11-30,3209Y,BRIHUEGA,GUADALAJARA,835,"4,8","0,0","0,5",00:01,"9,2",12:15,,,,,,,,,
2025-12-01,3209Y,BRIHUEGA,GUADALAJARA,835,"4,3","0,0","-2,3",06:55,"10,9",14:04,,,,,,,,,
2025-12-02,3209Y,BRIHUEGA,GUADALAJARA,835,"4,2","2,6","0,2",06:19,"8,1",14:11,,,,,,,,,
2025-12-03,3209Y,BRIHUEGA,GUADALAJARA,835,"4,4","1,4","0,4",07:43,"8,4",12:53,,,,,,,,,
2025-12-04,3209Y,BRIHUEGA,GUADALAJARA,835,"4,8","4,6","1,9",01:43,"7,6",12:11,,,,,,,,,
2025-12-05,3209Y,BRIHUEGA,GUADALAJARA,835,"7,4","0,0","3,9",07:35,"10,8",12:31,,,,,,,,,
2025-12-06,3209Y,BRIHUEGA,GUADALAJARA,835,"9,8","0,6","8,5",00:01,"11,2",14:20,,,,,,,,,
2025-12-07,3209Y,BRIHUEGA,GUADALAJARA,835,"7,4","0,2","5,2",23:14,"9,7",12:45,,,,,,,,,
2025-12-08,3209Y,BRIHUEGA,GUADALAJARA,835,"7,1","0,0","2,4",22:35,"11,8",13:54,,,,,,,,,
2025-12-09,3209Y,BRIHUEGA,GUADALAJARA,835,"7,2","5,0","1,7",06:51,"12,8",13:37,,,,,,,,,
2025-12-10,3209Y,BRIHUEGA,GUADALAJARA,835,"6,4","2,2","4,0",23:29,"8,7",15:06,,,,,,,,,
2025-12-11,3209Y,BRIHUEGA,GUADALAJARA,835,"6,4","0,0","0,7",07:22,"12,2",13:07,,,,,,,,,
2025-12-12,3209Y,BRIHUEGA,GUADALAJARA,835,"6,2","0,0","3,0",02:06,"9,4",Varias,,,,,,,,,
2025-12-13,3209Y,BRIHUEGA,GUADALAJARA,835,"8,6","0,0","2,4",23:30,"14,8",14:15,,,,,,,,,
2025-12-14,3209Y,BRIHUEGA,GUADALAJARA,835,"5,1","0,0","-0,7",07:44,"10,9",12:08,,,,,,,,,
2025-12-15,3209Y,BRIHUEGA,GUADALAJARA,835,"6,6","2,6","3,4",04:06,"9,8",Varias,,,,,,,,,
2025-12-16,3209Y,BRIHUEGA,GUADALAJARA,835,"6,8","6,6","5,7",19:58,"7,9",13:15,,,,,,,,,
2025-12-17,3209Y,BRIHUEGA,GUADALAJARA,835,"8,2","0,0","4,1",19:47,"12,2",14:35,,,,,,,,,
2025-12-18,3209Y,BRIHUEGA,GUADALAJARA,835,"7,7","0,0","4,9",04:59,"10,5",14:35,,,,,,,,,
2025-12-19,3209Y,BRIHUEGA,GUADALAJARA,835,"6,8","1,0","5,4",Varias,"8,2",Varias,,,,,,,,,
2025-12-20,3209Y,BRIHUEGA,GUADALAJARA,835,"6,8","6,8","4,5",Varias,"9,1",11:07,,,,,,,,,
2025-12-21,3209Y,BRIHUEGA,GUADALAJARA,835,"0,6","3,6","-3,7",23:48,"4,8",14:44,,,,,,,,,
2025-12-22,3209Y,BRIHUEGA,GUADALAJARA,835,"-1,6","0,0","-4,3",03:50,"1,2",15:25,,,,,,,,,
2025-12-23,3209Y,BRIHUEGA,GUADALAJARA,835,"-1,0","0,2","-3,0",06:24,"0,9",16:17,,,,,,,,,
2025-12-24,3209Y,BRIHUEGA,GUADALAJARA,835,"3,9","0,0","-1,4",00:01,"9,2",15:07,,,,,,,,,
2025-12-25,3209Y,BRIHUEGA,GUADALAJARA,835,"0,1","0,0","-2,1",08:13,"2,3",13:20,,,,,,,,,
2025-12-26,3209Y,BRIHUEGA,GUADALAJARA,835,"4,1","0,0","-0,8",00:01,"9,0",14:54,,,,,,,,,
2025-12-27,3209Y,BRIHUEGA,GUADALAJARA,835,"5,2","0,4","0,8",04:33,"9,7",15:01,,,,,,,,,
2025-12-28,3209Y,BRIHUEGA,GUADALAJARA,835,"7,6","0,0","3,4",03:59,"11,7",13:49,,,,,,,,,
2025-12-29,3209Y,BRIHUEGA,GUADALAJARA,835,"4,8","0,0","-0,1",23:31,"9,7",12:20,,,,,,,,,
2025-12-30,3209Y,BRIHUEGA,GUADALAJARA,835,"4,5","0,0","-1,7",05:31,"10,7",12:53,,,,,,,,,
2025-12-31,3209Y,BRIHUEGA,GUADALAJARA,835,"2,9","0,0","-3,6",06:53,"9,4",14:46,,,,,,,,,
2026-01-01,3209Y,BRIHUEGA,GUADALAJARA,835,"-0,2","0,0","-4,6",07:17,"4,2",11:56,,,,,,,,,
2026-01-02,3209Y,BRIHUEGA,GUADALAJARA,835,"5,7","0,8","2,7",00:01,"8,7",15:04,,,,,,,,,
2026-01-03,3209Y,BRIHUEGA,GUADALAJARA,835,"8,0","0,0","4,0",03:56,"12,1",14:42,,,,,,,,,
2026-01-04,3209Y,BRIHUEGA,GUADALAJARA,835,"4,8","1,8","-0,5",23:53,"10,0",13:49,,,,,,,,,
2026-01-05,3209Y,BRIHUEGA,GUADALAJARA,835,"-1,7","4,8","-6,4",22:06,"3,0",14:29,,,,,,,,,
2026-01-06,3209Y,BRIHUEGA,GUADALAJARA,835,"-2,6","0,0","-8,2",03:57,"3,1",14:00,,,,,,,,,
2026-01-07,3209Y,BRIHUEGA,GUADALAJARA,835,"-1,0","0,0","-7,7",05:56,"5,8",15:13,,,,,,,,,
2026-01-08,3209Y,BRIHUEGA,GUADALAJARA,835,"-0,9","0,6","-4,1",02:13,"2,3",23:51,,,,,,,,,
2026-01-09,3209Y,BRIHUEGA,GUADALAJARA,835,"6,2","0,0","2,3",00:01,"10,0",13:56,,,,,,,,,
2026-01-10,3209Y,BRIHUEGA,GUADALAJARA,835,"2,6","0,0","-2,7",23:38,"7,9",13:46,,,,,,,,,
2026-01-11,3209Y,BRIHUEGA,GUADALAJARA,835,"3,4","0,0","-4,3",05:25,"11,2",14:57,,,,,,,,,
2026-01-12,3209Y,BRIHUEGA,GUADALAJARA,835,"3,8","0,2","0,7",00:01,"7,0",15:48,,,,,,,,,
2026-01-13,3209Y,BRIHUEGA,GUADALAJARA,835,"5,0","1,8","0,2",07:43,"9,8",Varias,,,,,,,,,
2026-01-14,3209Y,BRIHUEGA,GUADALAJARA,835,"5,3","0,0","0,0",23:14,"10,6",13:14,,,,,,,,,
2026-01-15,3209Y,BRIHUEGA,GUADALAJARA,835,"3,4","6,4","0,8",00:01,"6,0",15:04,,,,,,,,,
2026-01-16,3209Y,BRIHUEGA,GUADALAJARA,835,"4,4","3,6","0,9",21:21,"8,0",13:59,,,,,,,,,
2026-01-17,3209Y,BRIHUEGA,GUADALAJARA,835,"1,8","1,0","0,5",01:45,"3,0",Varias,,,,,,,,,
2026-01-18,3209Y,BRIHUEGA,GUADALAJARA,835,"3,7","0,0","0,0",07:57,"7,4",13:07,,,,,,,,,
2026-01-19,3209Y,BRIHUEGA,GUADALAJARA,835,"3,6","0,0","-0,2",23:22,"7,3",15:45,,,,,,,,,
2026-01-20,3209Y,BRIHUEGA,GUADALAJARA,835,"3,0","0,0","-3,5",06:30,"9,6",13:55,,,,,,,,,
2026-01-21,3209Y,BRIHUEGA,GUADALAJARA,835,"0,8","8,4","-4,0",04:32,"5,5",20:40,,,,,,,,,
2026-01-22,3209Y,BRIHUEGA,GUADALAJARA,835,"4,2","6,6","0,6",22:05,"7,7",13:37,,,,,,,,,
2026-01-23,3209Y,BRIHUEGA,GUADALAJARA,835,"3,4","5,6","0,1",23:16,"6,7",12:46,,,,,,,,,
2026-01-24,3209Y,BRIHUEGA,GUADALAJARA,835,"0,6","5,8","-1,4",06:22,"2,7",14:35,,,,,,,,,
2026-01-25,3209Y,BRIHUEGA,GUADALAJARA,835,"3,6","0,2","-0,6",03:35,"7,7",12:04,,,,,,,,,
2026-01-26,3209Y,BRIHUEGA,GUADALAJARA,835,"4,7","10,2","0,2",03:55,"9,2",21:49,,,,,,,,,
2026-01-27,3209Y,BRIHUEGA,GUADALAJARA,835,"5,1","18,4","1,5",23:42,"8,7",00:02,,,,,,,,,
2026-01-28,3209Y,BRIHUEGA,GUADALAJARA,835,"2,6","15,4","0,1",07:55,"5,2",14:51,,,,,,,,,
2026-01-29,3209Y,BRIHUEGA,GUADALAJARA,835,"6,4","5,2","3,4",Varias,"9,4",12:15,,,,,,,,,
2026-01-30,3209Y,BRIHUEGA,GUADALAJARA,835,"4,4","10,6","1,5",Varias,"7,3",00:01,,,,,,,,,
2026-01-31,3209Y,BRIHUEGA,GUADALAJARA,835,"4,2","1,0","0,0",Varias,"8,5",14:43,,,,,,,,,
2026-02-01,3209Y,BRIHUEGA,GUADALAJARA,835,"3,3","9,4","-0,7",00:39,"7,3",23:52,,,,,,,,,
2026-02-02,3209Y,BRIHUEGA,GUADALAJARA,835,"5,8","9,4","2,9",22:16,"8,6",03:04,,,,,,,,,
2026-02-03,3209Y,BRIHUEGA,GUADALAJARA,835,"3,7","3,8","2,1",06:19,"5,3",15:45,,,,,,,,,
2026-02-04,3209Y,BRIHUEGA,GUADALAJARA,835,"3,6","16,0","0,1",Varias,"7,2",15:07,,,,,,,,,
2026-02-05,3209Y,BRIHUEGA,GUADALAJARA,835,"8,8","9,0","5,5",22:57,"12,1",12:13,,,,,,,,,
2026-02-06,3209Y,BRIHUEGA,GUADALAJARA,835,"4,4","6,2","2,6",19:35,"6,2",15:20,,,,,,,,,
2026-02-07,3209Y,BRIHUEGA,GUADALAJARA,835,"3,2","9,8","1,8",15:54,"4,6",20:46,,,,,,,,,
2026-02-08,3209Y,BRIHUEGA,GUADALAJARA,835,"5,0","6,8","1,9",22:18,"8,2",14:21,,,,,,,,,
2026-02-09,3209Y,BRIHUEGA,GUADALAJARA,835,"6,1","5,0","2,5",02:08,"9,7",Varias,,,,,,,,,
2026-02-10,3209Y,BRIHUEGA,GUADALAJARA,835,"11,0","5,0","9,6",00:01,"12,5",13:59,,,,,,,,,
2026-02-11,3209Y,BRIHUEGA,GUADALAJARA,835,"10,2","12,0","8,2",23:51,"12,1",15:07,,,,,,,,,
2026-02-12,3209Y,BRIHUEGA,GUADALAJARA,835,"7,4","10,8","3,4",06:55,"11,4",13:16,,,,,,,,,
2026-02-13,3209Y,BRIHUEGA,GUADALAJARA,835,"5,6","8,8","3,4",Varias,"7,8",06:50,,,,,,,,,
2026-02-14,3209Y,BRIHUEGA,GUADALAJARA,835,"3,0","0,0","-1,0",23:37,"7,0",13:43,,,,,,,,,
2026-02-15,3209Y,BRIHUEGA,GUADALAJARA,835,"4,0","0,0","-3,4",06:05,"11,3",13:59,,,,,,,,,
2026-02-16,3209Y,BRIHUEGA,GUADALAJARA,835,"8,8","0,0","3,5",00:16,"14,0",12:35,,,,,,,,,
2026-02-17,3209Y,BRIHUEGA,GUADALAJARA,835,"10,5","0,0","5,0",22:10,"16,0",14:24,,,,,,,,,
2026-02-18,3209Y,BRIHUEGA,GUADALAJARA,835,"7,2","3,0","4,2",23:59,"10,2",14:36,,,,,,,,,
2026-02-19,3209Y,BRIHUEGA,GUADALAJARA,835,"4,6","0,0","-0,2",22:22,"9,3",13:56,,,,,,,,,
2026-02-20,3209Y,BRIHUEGA,GUADALAJARA,835,"5,6","0,0","-2,5",05:40,"13,7",14:03,,,,,,,,,
2026-02-21,3209Y,BRIHUEGA,GUADALAJARA,835,"9,2","0,0","-0,1",06:58,"18,6",14:08,,,,,,,,,
2026-02-22,3209Y,BRIHUEGA,GUADALAJARA,835,"9,2","0,0","-0,5",06:36,"19,0",14:24,,,,,,,,,
2026-02-23,3209Y,BRIHUEGA,GUADALAJARA,835,"11,3","0,0","1,7",06:27,"20,9",13:52,,,,,,,,,
2026-02-24,3209Y,BRIHUEGA,GUADALAJARA,835,"10,8","0,0","1,7",06:39,"19,9",13:39,,,,,,,,,
2026-02-25,3209Y,BRIHUEGA,GUADALAJARA,835,"11,1","0,0","2,1",Varias,"20,1",13:29,,,,,,,,,
2026-02-26,3209Y,BRIHUEGA,GUADALAJARA,835,"12,0","0,0","3,3",05:34,"20,8",14:19,,,,,,,,,
2026-02-27,3209Y,BRIHUEGA,GUADALAJARA,835,"10,7","0,0","2,3",07:23,"19,1",14:10,,,,,,,,,
2026-02-28,3209Y,BRIHUEGA,GUADALAJARA,835,"9,9","0,0","5,1",06:11,"14,7",14:15,,,,,,,,,
2026-03-01,3209Y,BRIHUEGA,GUADALAJARA,835,"7,4","0,0","2,5",02:11,"12,3",14:07,,,,,,,,,
2026-03-02,3209Y,BRIHUEGA,GUADALAJARA,835,"8,4","0,0","1,5",04:40,"15,3",Varias,,,,,,,,,
2026-03-03,3209Y,BRIHUEGA,GUADALAJARA,835,"11,2","0,0","8,1",07:00,"14,3",14:31,,,,,,,,,
2026-03-04,3209Y,BRIHUEGA,GUADALAJARA,835,"10,4","0,6","4,6",06:44,"16,1",13:47,,,,,,,,,
2026-03-05,3209Y,BRIHUEGA,GUADALAJARA,835,"9,7","1,4","4,8",Varias,"14,6",12:07,,,,,,,,,
2026-03-06,3209Y,BRIHUEGA,GUADALAJARA,835,"7,2","3,2","5,6",Varias,"8,9",13:01,,,,,,,,,
2026-03-07,3209Y,BRIHUEGA,GUADALAJARA,835,"7,6","6,4","4,4",04:30,"10,9",14:50,,,,,,,,,
2026-03-08,3209Y,BRIHUEGA,GUADALAJARA,835,"5,5","5,6","1,4",23:46,"9,6",13:24,,,,,,,,,
2026-03-09,3209Y,BRIHUEGA,GUADALAJARA,835,"4,8","13,6","0,0",02:41,"9,7",14:30,,,,,,,,,
2026-03-10,3209Y,BRIHUEGA,GUADALAJARA,835,"7,0","5,8","2,5",Varias,"11,4",12:32,,,,,,,,,
2026-03-11,3209Y,BRIHUEGA,GUADALAJARA,835,"8,0","0,0","1,6",04:31,"14,3",13:19,,,,,,,,,
2026-03-12,3209Y,BRIHUEGA,GUADALAJARA,835,"8,8","0,0","1,4",05:30,"16,2",13:26,,,,,,,,,
2026-03-13,3209Y,BRIHUEGA,GUADALAJARA,835,"9,1","0,0","1,7",06:10,"16,5",13:50,,,,,,,,,
2026-03-14,3209Y,BRIHUEGA,GUADALAJARA,835,"7,4","0,4","4,5",22:08,"10,3",09:59,,,,,,,,,
2026-03-15,3209Y,BRIHUEGA,GUADALAJARA,835,"7,1","0,0","2,5",23:55,"11,7",15:01,,,,,,,,,
2026-03-16,3209Y,BRIHUEGA,GUADALAJARA,835,"9,0","0,0","0,1",05:46,"17,9",14:10,,,,,,,,,
2026-03-17,3209Y,BRIHUEGA,GUADALAJARA,835,"10,4","0,0","0,1",06:09,"20,8",14:16,,,,,,,,,
2026-03-18,3209Y,BRIHUEGA,GUADALAJARA,835,"11,7","0,0","4,8",03:48,"18,6",15:54,,,,,,,,,
2026-03-19,3209Y,BRIHUEGA,GUADALAJARA,835,"10,4","0,0","3,6",06:35,"17,1",15:03,,,,,,,,,
2026-03-20,3209Y,BRIHUEGA,GUADALAJARA,835,"7,4","1,8","3,1",05:33,"11,8",14:37,,,,,,,,,
2026-03-21,3209Y,BRIHUEGA,GUADALAJARA,835,"6,8","0,0","2,0",23:46,"11,6",13:54,,,,,,,,,
2026-03-22,3209Y,BRIHUEGA,GUADALAJARA,835,"8,4","0,0","-0,3",06:31,"17,2",13:41,,,,,,,,,
2026-03-23,3209Y,BRIHUEGA,GUADALAJARA,835,"7,8","0,0","0,9",03:49,"14,6",15:06,,,,,,,,,
2026-03-24,3209Y,BRIHUEGA,GUADALAJARA,835,"8,0","0,0","-0,2",06:06,"16,2",14:44,,,,,,,,,
2026-03-25,3209Y,BRIHUEGA,GUADALAJARA,835,"10,3","0,0","0,5",05:47,"20,1",13:54,,,,,,,,,
2026-03-26,3209Y,BRIHUEGA,GUADALAJARA,835,"6,6","0,0","0,8",06:04,"12,3",13:20,,,,,,,,,
2026-03-27,3209Y,BRIHUEGA,GUADALAJARA,835,"8,0","0,0","1,1",05:17,"14,8",14:11,,,,,,,,,
2026-03-28,3209Y,BRIHUEGA,GUADALAJARA,835,"7,4","0,0","0,5",06:41,"14,4",14:52,,,,,,,,,
2026-03-29,3209Y,BRIHUEGA,GUADALAJARA,835,"4,4","0,0","-0,9",05:09,"9,8",13:29,,,,,,,,,
2026-03-30,3209Y,BRIHUEGA,GUADALAJARA,835,"7,1","0,0","-2,1",02:28,"16,3",15:31,,,,,,,,,
2026-03-31,3209Y,BRIHUEGA,GUADALAJARA,835,"10,5","0,0","2,4",05:56,"18,6",13:58,,,,,,,,,
2026-04-01,3209Y,BRIHUEGA,GUADALAJARA,835,"9,6","0,0","3,2",23:59,"16,0",13:40,,,,,,,,,
2026-04-02,3209Y,BRIHUEGA,GUADALAJARA,835,"7,2","0,0","-0,4",03:33,"14,8",13:48,,,,,,,,,
2026-04-03,3209Y,BRIHUEGA,GUADALAJARA,835,"9,6","0,0","0,9",06:03,"18,2",Varias,,,,,,,,,
2026-04-04,3209Y,BRIHUEGA,GUADALAJARA,835,"13,8","0,0","4,8",06:10,"22,8",14:12,,,,,,,,,
2026-04-05,3209Y,BRIHUEGA,GUADALAJARA,835,"14,6","0,0","4,9",05:54,"24,2",14:10,,,,,,,,,
2026-04-06,3209Y,BRIHUEGA,GUADALAJARA,835,"15,1","0,0","6,6",06:00,"23,6",14:03,,,,,,,,,
2026-04-07,3209Y,BRIHUEGA,GUADALAJARA,835,"15,2","0,0","7,7",23:55,"22,6",13:06,,,,,,,,,
2026-04-08,3209Y,BRIHUEGA,GUADALAJARA,835,"13,6","0,0","6,1",23:52,"21,1",13:26,,,,,,,,,
2026-04-09,3209Y,BRIHUEGA,GUADALAJARA,835,"15,2","0,0","5,4",00:51,"25,0",13:36,,,,,,,,,
2026-04-10,3209Y,BRIHUEGA,GUADALAJARA,835,"17,5","0,0","8,6",Varias,"26,4",13:43,,,,,,,,,
2026-04-11,3209Y,BRIHUEGA,GUADALAJARA,835,"15,4","5,0","9,7",23:58,"21,1",12:38,,,,,,,,,
2026-04-12,3209Y,BRIHUEGA,GUADALAJARA,835,"6,8","0,4","1,6",23:45,"12,0",14:56,,,,,,,,,
2026-04-13,3209Y,BRIHUEGA,GUADALAJARA,835,"7,0","0,0","0,9",00:47,"13,2",13:59,,,,,,,,,
2026-04-14,3209Y,BRIHUEGA,GUADALAJARA,835,"9,8","0,0","1,5",02:42,"18,0",15:38,,,,,,,,,
2026-04-15,3209Y,BRIHUEGA,GUADALAJARA,835,"12,8","0,0","4,2",04:54,"21,4",15:15,,,,,,,,,
2026-04-16,3209Y,BRIHUEGA,GUADALAJARA,835,"14,8","0,0","6,3",05:15,"23,4",14:03,,,,,,,,,
2026-04-17,3209Y,BRIHUEGA,GUADALAJARA,835,"15,6","0,0","7,1",05:34,"24,1",14:06,,,,,,,,,
2026-04-18,3209Y,BRIHUEGA,GUADALAJARA,835,"16,3","0,0","7,6",05:47,"25,0",12:34,,,,,,,,,
2026-04-19,3209Y,BRIHUEGA,GUADALAJARA,835,"17,3","0,0","8,8",05:30,"25,8",13:51,,,,,,,,,
2026-04-20,3209Y,BRIHUEGA,GUADALAJARA,835,"17,0","0,0","8,5",05:36,"25,4",14:13,,,,,,,,,
2026-04-21,3209Y,BRIHUEGA,GUADALAJARA,835,"17,2","0,0","8,8",05:18,"25,6",13:05,,,,,,,,,
2026-04-22,3209Y,BRIHUEGA,GUADALAJARA,835,"15,9","0,0","9,4",Varias,"22,4",13:50,,,,,,,,,
2026-04-23,3209Y,BRIHUEGA,GUADALAJARA,835,"16,1","2,8","7,8",05:21,"24,4",14:16,,,,,,,,,
2026-04-24,3209Y,BRIHUEGA,GUADALAJARA,835,"15,3","11,0","10,4",06:04,"20,2",15:20,,,,,,,,,
2026-04-25,3209Y,BRIHUEGA,GUADALAJARA,835,"16,4","13,6","11,2",00:07,"21,7",12:44,,,,,,,,,
2026-04-26,3209Y,BRIHUEGA,GUADALAJARA,835,"16,4","0,0","9,6",03:16,"23,1",13:35,,,,,,,,,
2026-04-27,3209Y,BRIHUEGA,GUADALAJARA,835,"16,6","0,0","9,0",05:10,"24,2",14:02,,,,,,,,,
2026-04-28,3209Y,BRIHUEGA,GUADALAJARA,835,"14,4","0,0","6,6",05:07,"22,2",14:08,,,,,,,,,
2026-04-29,3209Y,BRIHUEGA,GUADALAJARA,835,"15,8","15,2","11,2",04:17,"20,5",13:32,,,,,,,,,
2026-04-30,3209Y,BRIHUEGA,GUADALAJARA,835,"13,7","0,0","8,7",04:32,"18,7",15:59,,,,,,,,,
2026-05-01,3209Y,BRIHUEGA,GUADALAJARA,835,"15,4","0,0","8,5",01:07,"22,4",14:31,,,,,,,,,
2026-05-02,3209Y,BRIHUEGA,GUADALAJARA,835,"12,8","16,2","9,6",20:54,"16,1",14:07,,,,,,,,,
2026-05-03,3209Y,BRIHUEGA,GUADALAJARA,835,"13,5","6,4","9,4",23:54,"17,6",Varias,,,,,,,,,
2026-05-04,3209Y,BRIHUEGA,GUADALAJARA,835,"12,0","0,0","6,4",22:48,"17,6",15:09,,,,,,,,,
2026-05-05,3209Y,BRIHUEGA,GUADALAJARA,835,"10,4","0,0","4,6",24:00,"16,3",14:54,,,,,,,,,
2026-05-06,3209Y,BRIHUEGA,GUADALAJARA,835,"10,0","0,0","2,1",05:06,"17,8",14:40,,,,,,,,,
2026-05-07,3209Y,BRIHUEGA,GUADALAJARA,835,"9,7","2,2","5,3",23:31,"14,1",16:27,,,,,,,,,
2026-05-08,3209Y,BRIHUEGA,GUADALAJARA,835,"9,6","3,0","4,6",02:03,"14,7",11:35,,,,,,,,,
2026-05-09,3209Y,BRIHUEGA,GUADALAJARA,835,"12,8","7,0","8,4",00:01,"17,3",12:47,,,,,,,,,
2026-05-10,3209Y,BRIHUEGA,GUADALAJARA,835,"9,9","7,4","6,8",23:58,"13,0",11:14,,,,,,,,,
2026-05-11,3209Y,BRIHUEGA,GUADALAJARA,835,"10,6","0,0","5,0",03:55,"16,1",15:30,,,,,,,,,
2026-05-12,3209Y,BRIHUEGA,GUADALAJARA,835,"10,8","1,4","5,2",Varias,"16,3",15:05,,,,,,,,,
2026-05-13,3209Y,BRIHUEGA,GUADALAJARA,835,"12,6","0,0","6,4",00:37,"18,9",15:42,,,,,,,,,
2026-05-14,3209Y,BRIHUEGA,GUADALAJARA,835,"11,9","0,0","5,1",05:17,"18,7",13:17,,,,,,,,,
2026-05-15,3209Y,BRIHUEGA,GUADALAJARA,835,"9,2","0,6","3,7",23:55,"14,8",15:04,,,,,,,,,
2026-05-16,3209Y,BRIHUEGA,GUADALAJARA,835,"9,0","0,0","0,5",04:00,"17,5",16:28,,,,,,,,,
2026-05-17,3209Y,BRIHUEGA,GUADALAJARA,835,"11,8","0,0","4,0",05:02,"19,5",13:32,,,,,,,,,
2026-05-18,3209Y,BRIHUEGA,GUADALAJARA,835,"13,0","0,0","5,4",04:52,"20,5",15:49,,,,,,,,,
2026-05-19,3209Y,BRIHUEGA,GUADALAJARA,835,"14,8","0,0","6,0",04:53,"23,6",16:32,,,,,,,,,
2026-05-20,3209Y,BRIHUEGA,GUADALAJARA,835,"18,6","0,0","10,1",02:42,"27,1",15:35,,,,,,,,,
2026-05-21,3209Y,BRIHUEGA,GUADALAJARA,835,"20,0","0,0","11,5",03:55,"28,6",15:28,,,,,,,,,
2026-05-22,3209Y,BRIHUEGA,GUADALAJARA,835,"20,0","0,0","10,5",05:12,"29,4",14:56,,,,,,,,,
2026-05-23,3209Y,BRIHUEGA,GUADALAJARA,835,"19,8","0,0","10,6",05:00,"29,1",14:27,,,,,,,,,
2026-05-24,3209Y,BRIHUEGA,GUADALAJARA,835,"20,2","0,0","11,0",Varias,"29,5",15:11,,,,,,,,,
2026-05-25,3209Y,BRIHUEGA,GUADALAJARA,835,"19,6","0,0","10,5",04:52,"28,6",14:28,,,,,,,,,
2026-05-26,3209Y,BRIHUEGA,GUADALAJARA,835,"19,6","0,0","9,5",04:56,"29,6",15:16,,,,,,,,,
2026-05-27,3209Y,BRIHUEGA,GUADALAJARA,835,"21,2","0,0","10,4",05:04,"32,0",14:28,,,,,,,,,
2026-05-28,3209Y,BRIHUEGA,GUADALAJARA,835,"21,7","0,0","11,5",04:45,"31,9",15:43,,,,,,,,,
2026-05-29,3209Y,BRIHUEGA,GUADALAJARA,835,"22,5","0,0","12,7",05:12,"32,3",14:23,,,,,,,,,
2026-05-30,3209Y,BRIHUEGA,GUADALAJARA,835,"23,2","0,0","13,5",05:04,"32,9",13:06,,,,,,,,,
2026-05-31,3209Y,BRIHUEGA,GUADALAJARA,835,"22,8","0,0","14,1",05:04,"31,6",13:34,,,,,,,,,
2026-06-01,3209Y,BRIHUEGA,GUADALAJARA,835,"22,3","0,0","13,2",05:08,"31,4",15:32,,,,,,,,,
2026-06-02,3209Y,BRIHUEGA,GUADALAJARA,835,"20,6","0,0","12,9",23:59,"28,3",15:28,,,,,,,,,
2026-06-03,3209Y,BRIHUEGA,GUADALAJARA,835,"19,0","0,0","10,4",Varias,"27,7",14:50,,,,,,,,,
2026-06-04,3209Y,BRIHUEGA,GUADALAJARA,835,"19,3","0,0","11,7",05:00,"26,9",13:48,,,,,,,,,
2026-06-05,3209Y,BRIHUEGA,GUADALAJARA,835,"16,9","0,0","8,6",04:55,"25,2",15:46,,,,,,,,,
2026-06-06,3209Y,BRIHUEGA,GUADALAJARA,835,"19,4","0,0","11,5",04:18,"27,2",16:19,,,,,,,,,
2026-06-07,3209Y,BRIHUEGA,GUADALAJARA,835,"21,1","0,0","12,9",00:09,"29,3",15:36,,,,,,,,,
2026-06-08,3209Y,BRIHUEGA,GUADALAJARA,835,"22,0","0,0","13,4",04:44,"30,5",15:06,,,,,,,,,
2026-06-09,3209Y,BRIHUEGA,GUADALAJARA,835,"21,4","0,0","12,7",05:14,"30,1",15:46,,,,,,,,,
2026-06-10,3209Y,BRIHUEGA,GUADALAJARA,835,"18,9","0,0","10,4",04:46,"27,4",15:54,,,,,,,,,
2026-06-11,3209Y,BRIHUEGA,GUADALAJARA,835,"19,4","0,0","9,4",04:47,"29,5",15:50,,,,,,,,,
2026-06-12,3209Y,BRIHUEGA,GUADALAJARA,835,"20,9","0,0","10,5",05:08,"31,3",15:51,,,,,,,,,
2026-06-13,3209Y,BRIHUEGA,GUADALAJARA,835,"21,2","0,0","11,5",05:04,"30,8",15:14,,,,,,,,,
2026-06-14,3209Y,BRIHUEGA,GUADALAJARA,835,"23,2","0,6","14,8",04:16,"31,7",13:25,,,,,,,,,
2026-06-15,3209Y,BRIHUEGA,GUADALAJARA,835,"20,8","1,6","11,9",04:28,"29,6",13:49,,,,,,,,,
2026-06-16,3209Y,BRIHUEGA,GUADALAJARA,835,"22,1","0,0","13,0",05:09,"31,2",15:12,,,,,,,,,
2026-06-17,3209Y,BRIHUEGA,GUADALAJARA,835,"23,7","0,0","15,2",04:57,"32,2",14:37,,,,,,,,,
2026-06-18,3209Y,BRIHUEGA,GUADALAJARA,835,"23,0","0,0","14,1",04:36,"32,0",13:53,,,,,,,,,
2026-06-19,3209Y,BRIHUEGA,GUADALAJARA,835,"24,3","0,0","15,1",04:52,"33,5",14:51,,,,,,,,,
2026-06-20,3209Y,BRIHUEGA,GUADALAJARA,835,"26,4","0,4","17,9",05:17,"35,0",14:27,,,,,,,,,
2026-06-21,3209Y,BRIHUEGA,GUADALAJARA,835,"26,2","0,0","16,0",05:03,"36,5",14:15,,,,,,,,,
2026-06-22,3209Y,BRIHUEGA,GUADALAJARA,835,"27,0","0,0","17,9",04:52,"36,1",15:44,,,,,,,,,
2026-06-23,3209Y,BRIHUEGA,GUADALAJARA,835,"27,2","0,0","16,8",05:22,"37,7",14:53,,,,,,,,,
2026-06-24,3209Y,BRIHUEGA,GUADALAJARA,835,"27,0","0,0","17,7",05:27,"36,3",14:29,,,,,,,,,
2026-06-25,3209Y,BRIHUEGA,GUADALAJARA,835,"24,3","0,0","18,2",23:59,"30,4",14:41,,,,,,,,,
2026-06-26,3209Y,BRIHUEGA,GUADALAJARA,835,"22,8","0,0","14,1",05:03,"31,5",14:08,,,,,,,,,
2026-06-27,3209Y,BRIHUEGA,GUADALAJARA,835,"25,2","1,4","17,3",00:14,"33,0",15:02,,,,,,,,,
2026-06-28,3209Y,BRIHUEGA,GUADALAJARA,835,"24,0","15,2","15,3",23:56,"32,7",14:02,,,,,,,,,
2026-06-29,3209Y,BRIHUEGA,GUADALAJARA,835,"22,4","0,0","13,8",Varias,"31,0",16:05,,,,,,,,,
2026-06-30,3209Y,BRIHUEGA,GUADALAJARA,835,"24,6","0,0","15,2",04:57,"34,0",14:55,,,,,,,,,
2026-07-01,3209Y,BRIHUEGA,GUADALAJARA,835,"24,2","0,0","15,8",23:59,"32,7",14:54,,,,,,,,,
2026-07-02,3209Y,BRIHUEGA,GUADALAJARA,835,"21,4","0,0","12,4",05:02,"30,5",14:27,,,,,,,,,
2026-07-03,3209Y,BRIHUEGA,GUADALAJARA,835,"23,8","0,0","13,2",05:17,"34,5",15:24,,,,,,,,,
2026-07-04,3209Y,BRIHUEGA,GUADALAJARA,835,"25,4","0,0","14,8",05:18,"35,9",15:34,,,,,,,,,
2026-07-05,3209Y,BRIHUEGA,GUADALAJARA,835,"25,8","0,0","16,1",04:42,"35,5",15:10,,,,,,,,,
2026-07-06,3209Y,BRIHUEGA,GUADALAJARA,835,"27,3","0,0","18,2",04:56,"36,4",15:12,,,,,,,,,
2026-07-07,3209Y,BRIHUEGA,GUADALAJARA,835,"26,9","2,6","17,2",23:56,"36,6",13:40,,,,,,,,,
2026-07-08,3209Y,BRIHUEGA,GUADALAJARA,835,"25,2","0,0","14,6",04:24,"35,7",13:15,,,,,,,,,
2026-07-09,3209Y,BRIHUEGA,GUADALAJARA,835,"26,4","0,0","16,6",04:55,"36,2",13:26,,,,,,,,,
2026-07-10,3209Y,BRIHUEGA,GUADALAJARA,835,"24,8","0,0","15,8",23:56,"33,8",13:29,,,,,,,,,
2026-07-11,3209Y,BRIHUEGA,GUADALAJARA,835,"24,2","0,0","13,5",Varias,"34,8",15:28,,,,,,,,,
2026-07-12,3209Y,BRIHUEGA,GUADALAJARA,835,"24,9","0,0","18,4",04:53,"31,4",14:51,,,,,,,,,
2026-07-13,3209Y,BRIHUEGA,GUADALAJARA,835,"23,0","0,0","15,1",05:18,"30,8",15:12,,,,,,,,,
2026-07-14,3209Y,BRIHUEGA,GUADALAJARA,835,"24,5","0,0","14,6",04:50,"34,4",15:19,,,,,,,,,
2026-07-15,3209Y,BRIHUEGA,GUADALAJARA,835,"25,1","0,0","16,6",05:30,"33,6",15:29,,,,,,,,,
2026-07-16,3209Y,BRIHUEGA,GUADALAJARA,835,"25,0","0,0","17,5",23:59,"32,6",15:38,,,,,,,,,
2026-07-17,3209Y,BRIHUEGA,GUADALAJARA,835,"22,7","0,0","13,3",05:11,"32,1",15:26,,,,,,,,,
2026-07-18,3209Y,BRIHUEGA,GUADALAJARA,835,"23,9","0,0","14,3",04:49,"33,5",14:18,,,,,,,,,
2026-07-19,3209Y,BRIHUEGA,GUADALAJARA,835,"23,7","0,0","13,7",05:08,"33,7",14:45,,,,,,,,,
2026-07-20,3209Y,BRIHUEGA,GUADALAJARA,835,"24,0","0,0","14,2",05:02,"33,7",14:31,,,,,,,,,
2026-07-21,3209Y,BRIHUEGA,GUADALAJARA,835,"25,2","0,0","15,1",05:13,"35,3",14:26,,,,,,,,,
2026-07-22,3209Y,BRIHUEGA,GUADALAJARA,835,"27,2","0,0","17,9",05:09,"36,4",13:58,,,,,,,,,
2026-07-23,3209Y,BRIHUEGA,GUADALAJARA,835,"26,0","0,0","16,6",05:17,"35,4",13:59,,,,,,,,,
2026-07-24,3209Y,BRIHUEGA,GUADALAJARA,835,"23,7","0,0","15,8",04:55,"31,6",12:15,,,,,,,,,
2026-07-25,3209Y,BRIHUEGA,GUADALAJARA,835,"19,4","0,0","11,7",04:50,"27,1",14:35,,,,,,,,,
2026-07-26,3209Y,BRIHUEGA,GUADALAJARA,835,"19,8","0,0","10,6",04:43,"28,9",15:43,,,,,,,,,
2026-07-27,3209Y,BRIHUEGA,GUADALAJARA,835,"23,1","0,0","13,8",04:58,"32,4",14:56,,,,,,,,,
2026-07-28,3209Y,BRIHUEGA,GUADALAJARA,835,"26,1","0,0","16,8",05:18,"35,4",14:37,,,,,,,,,
2026-07-29,3209Y,BRIHUEGA,GUADALAJARA,835,"27,4","0,0","18,6",04:20,"36,3",14:35,,,,,,,,,
2026-07-30,3209Y,BRIHUEGA,GUADALAJARA,835,"27,4","0,0","18,6",05:27,"36,3",14:37,,,,,,,,,
2026-07-31,3209Y,BRIHUEGA,GUADALAJARA,835,"27,2","0,0","19,5",05:45,"34,8",14:16,,,,,,,,,
2026-08-01,3209Y,BRIHUEGA,GUADALAJARA,835,"26,2","0,0","16,3",05:20,"36,0",14:16,,,,,,,,,
2026-08-02,3209Y,BRIHUEGA,GUADALAJARA,835,"25,4","0,0","16,7",04:46,"34,0",14:44,,,,,,,,,
2026-08-03,3209Y,BRIHUEGA,GUADALAJARA,835,"23,0","0,0","17,1",02:45,"29,0",16:26,,,,,,,,,
2026-08-04,3209Y,BRIHUEGA,GUADALAJARA,835,"23,3","0,0","15,2",04:02,"31,4",15:53,,,,,,,,,
2026-08-05,3209Y,BRIHUEGA,GUADALAJARA,835,"25,0","0,0","16,4",05:02,"33,6",14:35,,,,,,,,,
2026-08-06,3209Y,BRIHUEGA,GUADALAJARA,835,"26,8","0,0","18,2",05:25,"35,3",14:49,,,,,,,,,
2026-08-07,3209Y,BRIHUEGA,GUADALAJARA,835,"26,8","0,0","17,5",05:19,"36,0",14:31,,,,,,,,,
2026-08-08,3209Y,BRIHUEGA,GUADALAJARA,835,"27,0","0,0","18,1",05:36,"35,8",14:50,,,,,,,,,
2026-08-09,3209Y,BRIHUEGA,GUADALAJARA,835,"26,4","0,0","18,7",05:07,"34,2",14:38,,,,,,,,,
2026-08-10,3209Y,BRIHUEGA,GUADALAJARA,835,"25,0","0,0","15,5",05:14,"34,6",14:04,,,,,,,,,
2026-08-11,3209Y,BRIHUEGA,GUADALAJARA,835,"25,3","0,0","17,3",05:35,"33,3",14:20,,,,,,,,,
2026-08-12,3209Y,BRIHUEGA,GUADALAJARA,835,"26,4","0,0","16,7",05:30,"36,1",13:34,,,,,,,,,
2026-08-13,3209Y,BRIHUEGA,GUADALAJARA,835,"28,2","0,0","19,4",05:48,"37,1",14:32,,,,,,,,,
2026-08-14,3209Y,BRIHUEGA,GUADALAJARA,835,"27,0","3,4","18,1",20:31,"36,0",13:29,,,,,,,,,
2026-08-15,3209Y,BRIHUEGA,GUADALAJARA,835,"21,8","0,0","15,9",05:51,"27,6",12:22,,,,,,,,,
2026-08-16,3209Y,BRIHUEGA,GUADALAJARA,835,"23,0","0,0","14,2",04:11,"31,7",14:49,,,,,,,,,
2026-08-17,3209Y,BRIHUEGA,GUADALAJARA,835,"25,9","0,0","16,4",03:38,"35,4",13:45,,,,,,,,,
2026-08-18,3209Y,BRIHUEGA,GUADALAJARA,835,"26,5","0,0","16,8",05:42,"36,2",13:55,,,,,,,,,
2026-08-19,3209Y,BRIHUEGA,GUADALAJARA,835,"25,6","0,0","17,7",05:25,"33,4",13:35,,,,,,,,,
2026-08-20,3209Y,BRIHUEGA,GUADALAJARA,835,"22,2","0,0","15,1",06:01,"29,4",13:05,,,,,,,,,
2026-08-21,3209Y,BRIHUEGA,GUADALAJARA,835,"21,8","0,0","14,8",05:23,"28,7",15:08,,,,,,,,,
2026-08-22,3209Y,BRIHUEGA,GUADALAJARA,835,"23,0","0,0","16,2",05:38,"29,9",13:51,,,,,,,,,
2026-08-23,3209Y,BRIHUEGA,GUADALAJARA,835,"24,2","0,0","18,1",05:30,"30,2",15:25,,,,,,,,,
2026-08-24,3209Y,BRIHUEGA,GUADALAJARA,835,"20,6","0,0","15,4",05:52,"25,9",13:47,,,,,,,,,
2026-08-25,3209Y,BRIHUEGA,GUADALAJARA,835,"20,0","0,0","14,4",24:00,"25,5",15:22,,,,,,,,,
2026-08-26,3209Y,BRIHUEGA,GUADALAJARA,835,"20,1","1,2","12,3",Varias,"27,9",13:32,,,,,,,,,
2026-08-27,3209Y,BRIHUEGA,GUADALAJARA,835,"15,7","5,6","10,8",23:58,"20,6",15:24,,,,,,,,,
2026-08-28,3209Y,BRIHUEGA,GUADALAJARA,835,"15,6","0,0","7,6",05:12,"23,6",15:02,,,,,,,,,
2026-08-29,3209Y,BRIHUEGA,GUADALAJARA,835,"19,2","0,0","10,5",05:13,"28,0",14:00,,,,,,,,,
2026-08-30,3209Y,BRIHUEGA,GUADALAJARA,835,"20,5","0,0","10,8",05:31,"30,2",13:59,,,,,,,,,
