fecha,indicativo,nombre,provincia,altitud,tmed,prec,tmin,horatmin,tmax,horatmax,dir,velmedia,racha,horaracha,sol,presMax,horaPresMax,presMin,horaPresMin
2003-05-10,6143X,COÍN,MALAGA,230,"20,4","0,0","12,3",05:23,"28,4",15:16,,,,,,,,,
2003-05-11,6143X,COÍN,MALAGA,230,"20,7","0,0","14,8",Varias,"26,6",10:40,,,,,,,,,
2003-05-12,6143X,COÍN,MALAGA,230,"19,8","0,0","13,8",05:17,"25,9",14:58,,,,,,,,,
2003-05-13,6143X,COÍN,MALAGA,230,"21,8","0,0","14,4",04:19,"29,1",11:34,,,,,,,,,
2003-05-14,6143X,COÍN,MALAGA,230,"22,0","0,0","15,3",05:13,"28,6",16:07,,,,,,,,,
2003-05-15,6143X,COÍN,MALAGA,230,"20,2","0,0","14,2",Varias,"26,2",15:55,,,,,,,,,
2003-05-16,6143X,COÍN,MALAGA,230,"19,9","0,2","15,9",02:46,"23,9",14:52,,,,,,,,,
2003-05-17,6143X,COÍN,MALAGA,230,"24,2","0,0","16,1",05:35,"32,3",13:32,,,,,,,,,
2003-05-18,6143X,COÍN,MALAGA,230,"23,0","0,0","15,2",04:25,"30,7",14:59,,,,,,,,,
2003-05-19,6143X,COÍN,MALAGA,230,"24,3","0,0","16,6",05:26,"32,0",16:46,,,,,,,,,
2003-05-20,6143X,COÍN,MALAGA,230,"24,2","0,0","18,2",23:41,"30,3",10:32,,,,,,,,,
2003-05-21,6143X,COÍN,MALAGA,230,"22,2","0,0","16,0",04:48,"28,4",16:08,,,,,,,,,
2003-05-22,6143X,COÍN,MALAGA,230,"22,2","0,0","15,4",04:25,"29,0",16:58,,,,,,,,,
2003-05-23,6143X,COÍN,MALAGA,230,"22,6","0,0","14,8",Varias,"30,5",15:44,,,,,,,,,
2003-05-24,6143X,COÍN,MALAGA,230,"24,8","0,0","16,6",Varias,"32,9",12:51,,,,,,,,,
2003-05-25,6143X,COÍN,MALAGA,230,"21,6","0,0","16,2",23:57,"27,0",13:12,,,,,,,,,
2003-05-26,6143X,COÍN,MALAGA,230,"20,0","0,0","15,2",05:22,"24,8",10:15,,,,,,,,,
2003-05-27,6143X,COÍN,MALAGA,230,"20,8","0,0","14,6",Varias,"26,9",16:09,,,,,,,,,
2003-05-28,6143X,COÍN,MALAGA,230,"20,1","0,0","14,8",05:15,"25,4",14:42,,,,,,,,,
2003-05-29,6143X,COÍN,MALAGA,230,"20,7","0,0","14,9",03:23,"26,5",14:24,,,,,,,,,
2003-05-30,6143X,COÍN,MALAGA,230,"24,5","0,0","18,1",Varias,"30,9",12:58,,,,,,,,,
2003-05-31,6143X,COÍN,MALAGA,230,"22,7","0,0","16,6",04:41,"28,8",17:18,,,,,,,,,
2003-06-01,6143X,COÍN,MALAGA,230,"24,4","0,0","17,0",04:48,"31,8",14:34,,,,,,,,,
2003-06-02,6143X,COÍN,MALAGA,230,"25,4","0,0","17,6",05:24,"33,1",14:12,,,,,,,,,
2003-06-03,6143X,COÍN,MALAGA,230,"23,2","0,0","17,8",05:23,"28,5",14:47,,,,,,,,,
2003-06-04,6143X,COÍN,MALAGA,230,"22,4","0,0","16,9",05:21,"27,9",16:31,,,,,,,,,
2003-06-05,6143X,COÍN,MALAGA,230,"23,0","0,0","16,8",Varias,"29,3",10:38,,,,,,,,,
2003-06-06,6143X,COÍN,MALAGA,230,"24,2","0,0","18,9",03:31,"29,5",Varias,,,,,,,,,
2003-06-07,6143X,COÍN,MALAGA,230,"25,0","0,0","18,3",05:05,"31,6",15:41,,,,,,,,,
2003-06-08,6143X,COÍN,MALAGA,230,"24,6","0,0","18,9",Varias,"30,4",13:45,,,,,,,,,
2003-06-09,6143X,COÍN,MALAGA,230,"26,0","0,0","18,7",04:35,"33,2",15:56,,,,,,,,,
2003-06-10,6143X,COÍN,MALAGA,230,"26,0","0,0","18,7",05:15,"33,2",15:06,,,,,,,,,
2003-06-11,6143X,COÍN,MALAGA,230,"27,4","0,0","20,4",03:02,"34,4",17:15,,,,,,,,,
2003-06-12,6143X,COÍN,MALAGA,230,"26,5","0,0","21,4",05:09,"31,6",13:52,,,,,,,,,
2003-06-13,6143X,COÍN,MALAGA,230,"26,6","0,0","19,8",05:14,"33,3",12:22,,,,,,,,,
2003-06-14,6143X,COÍN,MALAGA,230,"29,5","0,0","22,1",03:35,"36,9",14:45,,,,,,,,,
2003-06-15,6143X,COÍN,MALAGA,230,"28,6","0,0","21,7",05:04,"35,5",14:15,,,,,,,,,
2003-06-16,6143X,COÍN,MALAGA,230,"27,4","0,0","20,0",05:15,"34,8",15:47,,,,,,,,,
2003-06-17,6143X,COÍN,MALAGA,230,"27,0","0,0","19,8",04:33,"34,2",16:52,,,,,,,,,
2003-06-18,6143X,COÍN,MALAGA,230,"26,0","0,0","20,2",05:11,"31,9",15:27,,,,,,,,,
2003-06-19,6143X,COÍN,MALAGA,230,"26,6","0,0","21,9",03:19,"31,4",11:46,,,,,,,,,
2003-06-20,6143X,COÍN,MALAGA,230,"25,4","0,0","20,9",05:14,"29,9",10:20,,,,,,,,,
2003-06-21,6143X,COÍN,MALAGA,230,"27,3","0,0","21,2",05:35,"33,4",13:53,,,,,,,,,
2003-06-22,6143X,COÍN,MALAGA,230,"25,8","0,0","19,7",Varias,"31,9",15:34,,,,,,,,,
2003-06-23,6143X,COÍN,MALAGA,230,"27,2","0,0","20,6",05:33,"33,8",12:41,,,,,,,,,
2003-06-24,6143X,COÍN,MALAGA,230,"29,4","0,0","21,6",05:56,"37,1",16:39,,,,,,,,,
2003-06-25,6143X,COÍN,MALAGA,230,"28,1","0,0","21,4",05:13,"34,8",16:02,,,,,,,,,
2003-06-26,6143X,COÍN,MALAGA,230,"29,4","0,0","20,4",05:04,"38,3",16:34,,,,,,,,,
2003-06-27,6143X,COÍN,MALAGA,230,"30,2","0,0","21,3",04:46,"39,0",16:32,,,,,,,,,
2003-06-28,6143X,COÍN,MALAGA,230,"28,4","0,0","20,8",05:11,"36,0",17:59,,,,,,,,,
2003-06-29,6143X,COÍN,MALAGA,230,"27,6","0,0","19,9",05:26,"35,2",15:40,,,,,,,,,
2003-06-30,6143X,COÍN,MALAGA,230,"25,4","0,0","18,4",05:19,"32,3",16:19,,,,,,,,,
2003-07-01,6143X,COÍN,MALAGA,230,"27,2","0,0","19,9",05:21,"34,4",Varias,,,,,,,,,
2003-07-02,6143X,COÍN,MALAGA,230,"27,8","0,0","20,6",05:28,"35,1",15:39,,,,,,,,,
2003-07-03,6143X,COÍN,MALAGA,230,"27,4","0,0","20,1",05:23,"34,6",15:39,,,,,,,,,
2003-07-04,6143X,COÍN,MALAGA,230,"26,4","0,0","20,4",05:06,"32,4",15:52,,,,,,,,,
2003-07-05,6143X,COÍN,MALAGA,230,"24,4","0,2","18,6",05:05,"30,1",Varias,,,,,,,,,
2003-07-06,6143X,COÍN,MALAGA,230,"24,4","0,0","19,3",05:11,"29,6",15:43,,,,,,,,,
2003-07-07,6143X,COÍN,MALAGA,230,"25,0","0,0","19,9",05:06,"30,1",14:16,,,,,,,,,
2003-07-08,6143X,COÍN,MALAGA,230,"26,4","0,0","19,2",Varias,"33,5",15:53,,,,,,,,,
2003-07-09,6143X,COÍN,MALAGA,230,"27,7","0,0","19,8",05:31,"35,6",14:52,,,,,,,,,
2003-07-10,6143X,COÍN,MALAGA,230,"27,6","0,0","21,3",Varias,"33,8",14:28,,,,,,,,,
2003-07-11,6143X,COÍN,MALAGA,230,"27,0","0,0","21,0",04:51,"33,1",Varias,,,,,,,,,
2003-07-12,6143X,COÍN,MALAGA,230,"28,5","0,0","20,6",03:43,"36,4",15:13,,,,,,,,,
2003-07-13,6143X,COÍN,MALAGA,230,"27,6","0,0","20,8",05:17,"34,5",14:10,,,,,,,,,
2003-07-14,6143X,COÍN,MALAGA,230,"29,3","0,0","21,2",04:32,"37,4",17:15,,,,,,,,,
2003-07-15,6143X,COÍN,MALAGA,230,"27,5","0,0","21,1",23:38,"33,9",14:31,,,,,,,,,
2003-07-16,6143X,COÍN,MALAGA,230,"28,4","0,0","20,0",05:23,"36,7",16:11,,,,,,,,,
2003-07-17,6143X,COÍN,MALAGA,230,"27,0","0,0","19,9",Varias,"34,2",Varias,,,,,,,,,
2003-07-18,6143X,COÍN,MALAGA,230,"28,2","0,0","20,9",04:15,"35,5",15:52,,,,,,,,,
2003-07-19,6143X,COÍN,MALAGA,230,"30,4","0,0","23,1",04:15,"37,8",13:48,,,,,,,,,
2003-07-20,6143X,COÍN,MALAGA,230,"32,1","0,0","24,0",05:30,"40,2",14:10,,,,,,,,,
2003-07-21,6143X,COÍN,MALAGA,230,"31,6","0,0","23,2",05:39,"40,0",Varias,,,,,,,,,
2003-07-22,6143X,COÍN,MALAGA,230,"33,1","0,0","23,1",05:41,"43,1",15:18,,,,,,,,,
2003-07-23,6143X,COÍN,MALAGA,230,"32,2","0,0","24,0",05:29,"40,4",15:35,,,,,,,,,
2003-07-24,6143X,COÍN,MALAGA,230,"31,0","0,0","22,3",05:14,"39,7",13:49,,,,,,,,,
2003-07-25,6143X,COÍN,MALAGA,230,"28,3","0,0","21,6",05:35,"35,0",Varias,,,,,,,,,
2003-07-26,6143X,COÍN,MALAGA,230,"31,0","0,0","24,0",05:45,"38,0",16:59,,,,,,,,,
2003-07-27,6143X,COÍN,MALAGA,230,"33,4","0,0","25,5",04:19,"41,3",15:28,,,,,,,,,
2003-07-28,6143X,COÍN,MALAGA,230,"30,8","0,0","24,4",05:30,"37,3",10:55,,,,,,,,,
2003-07-29,6143X,COÍN,MALAGA,230,"26,8","0,0","22,5",Varias,"31,1",13:34,,,,,,,,,
2003-07-30,6143X,COÍN,MALAGA,230,"29,1","0,0","23,6",05:37,"34,6",13:46,,,,,,,,,
2003-07-31,6143X,COÍN,MALAGA,230,"30,4","0,0","22,7",05:56,"38,0",16:53,,,,,,,,,
2003-08-01,6143X,COÍN,MALAGA,230,"32,0","0,0","23,4",05:28,"40,7",12:25,,,,,,,,,
2003-08-02,6143X,COÍN,MALAGA,230,"28,0","0,0","23,0",23:59,"32,9",14:19,,,,,,,,,
2003-08-03,6143X,COÍN,MALAGA,230,"27,8","0,0","21,0",05:05,"34,5",16:30,,,,,,,,,
2003-08-04,6143X,COÍN,MALAGA,230,"27,8","0,2","22,6",05:41,"33,0",16:05,,,,,,,,,
2003-08-05,6143X,COÍN,MALAGA,230,"27,6","0,0","22,1",05:43,"33,1",10:37,,,,,,,,,
2003-08-06,6143X,COÍN,MALAGA,230,"27,9","0,0","21,7",05:02,"34,1",14:34,,,,,,,,,
2003-08-07,6143X,COÍN,MALAGA,230,"28,4","0,0","22,4",05:13,"34,3",10:18,,,,,,,,,
2003-08-08,6143X,COÍN,MALAGA,230,"29,4","0,0","22,9",05:46,"35,8",15:31,,,,,,,,,
2003-08-09,6143X,COÍN,MALAGA,230,"28,8","0,0","23,4",05:01,"34,2",10:31,,,,,,,,,
2003-08-10,6143X,COÍN,MALAGA,230,"28,5","0,0","22,3",05:35,"34,7",14:45,,,,,,,,,
2003-08-11,6143X,COÍN,MALAGA,230,"28,0","0,0","22,7",04:24,"33,3",Varias,,,,,,,,,
2003-08-12,6143X,COÍN,MALAGA,230,"29,0","0,0","22,6",05:45,"35,4",14:36,,,,,,,,,
2003-08-13,6143X,COÍN,MALAGA,230,"28,2","0,0","22,1",05:12,"34,3",13:05,,,,,,,,,
2003-08-14,6143X,COÍN,MALAGA,230,"29,2","0,2","23,2",04:20,"35,3",Varias,,,,,,,,,
2003-08-15,6143X,COÍN,MALAGA,230,"32,1","0,2","24,0",Varias,"40,2",15:16,,,,,,,,,
2003-08-16,6143X,COÍN,MALAGA,230,"30,8","0,0","25,9",06:43,"35,6",12:06,,,,,,,,,
2003-08-17,6143X,COÍN,MALAGA,230,"27,7","0,0","21,4",Varias,"34,0",16:29,,,,,,,,,
2003-08-18,6143X,COÍN,MALAGA,230,"26,7","0,0","19,5",05:13,"33,9",15:25,,,,,,,,,
2003-08-19,6143X,COÍN,MALAGA,230,"27,6","0,0","21,2",05:39,"34,1",12:02,,,,,,,,,
2003-08-20,6143X,COÍN,MALAGA,230,"28,4","0,0","22,1",Varias,"34,8",14:34,,,,,,,,,
2003-08-21,6143X,COÍN,MALAGA,230,"28,6","0,0","23,2",05:14,"33,9",Varias,,,,,,,,,
2003-08-22,6143X,COÍN,MALAGA,230,"29,7","0,0","25,1",Varias,"34,3",16:34,,,,,,,,,
2003-08-23,6143X,COÍN,MALAGA,230,"28,0","0,0","22,7",05:32,"33,4",14:52,,,,,,,,,
2003-08-24,6143X,COÍN,MALAGA,230,"30,0","0,0","23,5",Varias,"36,6",14:33,,,,,,,,,
2003-08-25,6143X,COÍN,MALAGA,230,"27,8","0,0","19,8",05:50,"35,8",15:37,,,,,,,,,
2003-08-26,6143X,COÍN,MALAGA,230,"29,9","0,0","23,1",06:05,"36,7",14:39,,,,,,,,,
2003-08-27,6143X,COÍN,MALAGA,230,"29,0","0,0","20,7",Varias,"37,3",15:34,,,,,,,,,
2003-08-28,6143X,COÍN,MALAGA,230,"26,2","0,0","19,9",06:16,"32,5",Varias,,,,,,,,,
2003-08-29,6143X,COÍN,MALAGA,230,"26,6","0,0","18,6",Varias,"34,6",15:38,,,,,,,,,
2003-08-30,6143X,COÍN,MALAGA,230,"26,7","0,0","20,8",05:57,"32,6",14:35,,,,,,,,,
2003-08-31,6143X,COÍN,MALAGA,230,"28,4","0,0","21,2",06:03,"35,5",16:02,,,,,,,,,
2003-09-01,6143X,COÍN,MALAGA,230,"29,4","0,0","22,1",05:52,"36,7",16:54,,,,,,,,,
2003-09-02,6143X,COÍN,MALAGA,230,"27,4","0,0","21,0",06:04,"33,8",16:12,,,,,,,,,
2003-09-03,6143X,COÍN,MALAGA,230,"24,6","0,0","18,6",05:32,"30,7",14:38,,,,,,,,,
2003-09-04,6143X,COÍN,MALAGA,230,"23,2","0,4","19,8",Varias,"26,5",12:41,,,,,,,,,
2003-09-05,6143X,COÍN,MALAGA,230,"26,3","0,0","20,8",04:01,"31,8",Varias,,,,,,,,,
2003-09-06,6143X,COÍN,MALAGA,230,"25,4","0,0","20,5",Varias,"30,4",14:07,,,,,,,,,
2003-09-07,6143X,COÍN,MALAGA,230,"26,4","0,0","20,9",05:42,"31,8",13:58,,,,,,,,,
2003-09-08,6143X,COÍN,MALAGA,230,"28,2","0,0","21,6",Varias,"34,7",15:29,,,,,,,,,
2003-09-09,6143X,COÍN,MALAGA,230,"26,7","0,0","21,2",06:27,"32,2",16:29,,,,,,,,,
2003-09-10,6143X,COÍN,MALAGA,230,"24,3","0,0","19,1",05:33,"29,5",12:10,,,,,,,,,
2003-09-11,6143X,COÍN,MALAGA,230,"24,0","0,0","17,7",Varias,"30,4",14:53,,,,,,,,,
2003-09-12,6143X,COÍN,MALAGA,230,"23,4","0,0","17,3",06:03,"29,4",11:55,,,,,,,,,
2003-09-13,6143X,COÍN,MALAGA,230,"24,2","0,0","19,8",23:57,"28,7",13:33,,,,,,,,,
2003-09-14,6143X,COÍN,MALAGA,230,"23,9","0,0","17,6",06:16,"30,2",11:15,,,,,,,,,
2003-09-15,6143X,COÍN,MALAGA,230,"22,4","0,0","18,8",23:59,"25,9",14:25,,,,,,,,,
2003-09-16,6143X,COÍN,MALAGA,230,"22,8","0,0","17,9",06:31,"27,7",15:43,,,,,,,,,
2003-09-17,6143X,COÍN,MALAGA,230,"22,0","0,0","16,6",06:32,"27,4",15:35,,,,,,,,,
2003-09-18,6143X,COÍN,MALAGA,230,"21,9","0,0","18,2",Varias,"25,6",14:24,,,,,,,,,
2003-09-19,6143X,COÍN,MALAGA,230,"23,6","0,0","20,1",06:30,"27,0",13:45,,,,,,,,,
2003-09-20,6143X,COÍN,MALAGA,230,"23,2","0,0","18,0",05:16,"28,5",12:11,,,,,,,,,
2003-09-21,6143X,COÍN,MALAGA,230,"23,4","0,0","17,1",05:40,"29,7",16:10,,,,,,,,,
2003-09-22,6143X,COÍN,MALAGA,230,"24,9","0,0","18,0",06:28,"31,8",14:36,,,,,,,,,
2003-09-23,6143X,COÍN,MALAGA,230,"25,3","0,0","19,3",Varias,"31,3",12:27,,,,,,,,,
2003-09-24,6143X,COÍN,MALAGA,230,"23,2","0,0","19,3",23:31,"27,1",14:42,,,,,,,,,
2003-09-25,6143X,COÍN,MALAGA,230,"23,0","0,0","18,3",06:29,"27,6",14:24,,,,,,,,,
2003-09-26,6143X,COÍN,MALAGA,230,"22,6","0,0","17,7",05:07,"27,6",Varias,,,,,,,,,
2003-09-27,6143X,COÍN,MALAGA,230,"23,2","0,0","17,1",06:10,"29,2",14:19,,,,,,,,,
2003-09-28,6143X,COÍN,MALAGA,230,"25,5","0,0","17,7",06:19,"33,3",13:48,,,,,,,,,
2003-09-29,6143X,COÍN,MALAGA,230,"25,3","0,0","19,2",Varias,"31,4",14:29,,,,,,,,,
2003-09-30,6143X,COÍN,MALAGA,230,"24,4","9,4","19,5",04:40,"29,3",13:06,,,,,,,,,
2003-10-01,6143X,COÍN,MALAGA,230,"22,2","0,8","19,6",Varias,"24,7",12:54,,,,,,,,,
2003-10-02,6143X,COÍN,MALAGA,230,"21,2","2,0","17,4",23:48,"25,0",14:16,,,,,,,,,
2003-10-03,6143X,COÍN,MALAGA,230,"21,3","0,0","15,7",Varias,"26,9",15:35,,,,,,,,,
2003-10-04,6143X,COÍN,MALAGA,230,"21,8","1,2","18,6",23:59,"24,9",12:40,,,,,,,,,
2003-10-05,6143X,COÍN,MALAGA,230,"22,2","0,0","17,6",06:38,"26,8",13:43,,,,,,,,,
2003-10-06,6143X,COÍN,MALAGA,230,"18,3","40,8","16,6",21:44,"20,0",Varias,,,,,,,,,
2003-10-07,6143X,COÍN,MALAGA,230,"20,1","1,0","16,5",02:16,"23,7",14:02,,,,,,,,,
2003-10-08,6143X,COÍN,MALAGA,230,"22,4","0,0","17,4",23:33,"27,3",Varias,,,,,,,,,
2003-10-09,6143X,COÍN,MALAGA,230,"20,8","0,0","15,4",05:53,"26,3",12:47,,,,,,,,,
2003-10-10,6143X,COÍN,MALAGA,230,"20,0","0,2","14,7",06:29,"25,3",13:10,,,,,,,,,
2003-10-11,6143X,COÍN,MALAGA,230,"19,9","1,0","15,6",Varias,"24,2",15:46,,,,,,,,,
2003-10-12,6143X,COÍN,MALAGA,230,"21,3","0,0","17,9",23:09,"24,7",13:24,,,,,,,,,
2003-10-13,6143X,COÍN,MALAGA,230,"21,2","0,0","17,3",06:28,"25,2",14:36,,,,,,,,,
2003-10-14,6143X,COÍN,MALAGA,230,"19,9","1,6","15,5",22:30,"24,3",12:17,,,,,,,,,
2003-10-15,6143X,COÍN,MALAGA,230,"20,4","0,0","14,3",06:17,"26,5",13:40,,,,,,,,,
2003-10-16,6143X,COÍN,MALAGA,230,"18,0","1,2","14,2",Varias,"21,9",16:20,,,,,,,,,
2003-10-17,6143X,COÍN,MALAGA,230,"18,0","0,0","12,8",Varias,"23,2",11:47,,,,,,,,,
2003-10-18,6143X,COÍN,MALAGA,230,"18,9","8,6","12,0",05:03,"25,8",14:19,,,,,,,,,
2003-10-19,6143X,COÍN,MALAGA,230,"20,4","1,0","16,4",Varias,"24,3",Varias,,,,,,,,,
2003-10-20,6143X,COÍN,MALAGA,230,"19,7","0,8","14,8",05:02,"24,6",15:36,,,,,,,,,
2003-10-21,6143X,COÍN,MALAGA,230,"18,2","1,6","15,8",Varias,"20,7",15:53,,,,,,,,,
2003-10-22,6143X,COÍN,MALAGA,230,"19,4","0,0","15,5",Varias,"23,3",Varias,,,,,,,,,
2003-10-23,6143X,COÍN,MALAGA,230,"15,6","0,0","11,7",23:56,"19,4",Varias,,,,,,,,,
2003-10-24,6143X,COÍN,MALAGA,230,"14,8","1,4","9,9",04:17,"19,6",11:39,,,,,,,,,
2003-10-25,6143X,COÍN,MALAGA,230,"15,7","125,0","13,8",Varias,"17,6",Varias,,,,,,,,,
2003-10-26,6143X,COÍN,MALAGA,230,"15,6","14,6","14,3",05:31,"17,0",Varias,,,,,,,,,
2003-10-27,6143X,COÍN,MALAGA,230,"15,4",,"14,3",03:26,"16,5",12:32,,,,,,,,,
2003-10-28,6143X,COÍN,MALAGA,230,"16,8",,"14,4",04:24,"19,2",12:36,,,,,,,,,
2003-10-29,6143X,COÍN,MALAGA,230,"16,6","5,8","13,7",07:24,"19,6",13:03,,,,,,,,,
2003-10-30,6143X,COÍN,MALAGA,230,"16,4","0,0","12,6",04:11,"20,3",Varias,,,,,,,,,
2003-10-31,6143X,COÍN,MALAGA,230,"15,2","11,6","10,8",19:46,"19,6",Varias,,,,,,,,,
2003-11-01,6143X,COÍN,MALAGA,230,"16,0","0,0","12,2",Varias,"19,8",Varias,,,,,,,,,
2003-11-02,6143X,COÍN,MALAGA,230,"16,1","0,0","9,4",Varias,"22,8",14:18,,,,,,,,,
2003-11-03,6143X,COÍN,MALAGA,230,"14,8","0,0","10,6",06:40,"18,9",13:06,,,,,,,,,
2003-11-04,6143X,COÍN,MALAGA,230,"15,0","0,0","10,3",05:27,"19,8",12:39,,,,,,,,,
2003-11-05,6143X,COÍN,MALAGA,230,"15,7","0,0","12,8",Varias,"18,6",13:26,,,,,,,,,
2003-11-06,6143X,COÍN,MALAGA,230,"16,7","0,0","13,3",Varias,"20,1",15:12,,,,,,,,,
2003-11-07,6143X,COÍN,MALAGA,230,"16,0","0,0","11,8",05:34,"20,1",15:07,,,,,,,,,
2003-11-08,6143X,COÍN,MALAGA,230,"17,4","0,0","13,0",02:27,"21,9",Varias,,,,,,,,,
2003-11-09,6143X,COÍN,MALAGA,230,"17,9","1,8","12,8",Varias,"23,0",15:12,,,,,,,,,
2003-11-10,6143X,COÍN,MALAGA,230,"16,2","0,6","13,0",23:30,"19,3",14:25,,,,,,,,,
2003-11-11,6143X,COÍN,MALAGA,230,"17,3","0,0","11,6",Varias,"23,0",14:13,,,,,,,,,
2003-11-12,6143X,COÍN,MALAGA,230,"16,9","0,0","10,4",06:14,"23,4",14:09,,,,,,,,,
2003-11-13,6143X,COÍN,MALAGA,230,"17,3","0,0","11,7",06:44,"22,9",Varias,,,,,,,,,
2003-11-14,6143X,COÍN,MALAGA,230,"17,0","0,0","10,7",07:15,"23,4",Varias,,,,,,,,,
2003-11-15,6143X,COÍN,MALAGA,230,"14,6","14,4","11,8",23:57,"17,4",Varias,,,,,,,,,
2003-11-16,6143X,COÍN,MALAGA,230,"13,8","0,2","11,3",Varias,"16,2",13:07,,,,,,,,,
2003-11-17,6143X,COÍN,MALAGA,230,"15,9","0,0","11,0",06:35,"20,8",14:31,,,,,,,,,
2003-11-18,6143X,COÍN,MALAGA,230,"14,6","0,0","11,8",07:50,"17,4",11:20,,,,,,,,,
2003-11-19,6143X,COÍN,MALAGA,230,"16,7","0,0","11,0",04:26,"22,4",13:52,,,,,,,,,
2003-11-20,6143X,COÍN,MALAGA,230,"17,2","0,0","11,3",05:36,"23,0",13:46,,,,,,,,,
2003-11-21,6143X,COÍN,MALAGA,230,"14,4","0,0","10,8",04:47,"18,1",14:30,,,,,,,,,
2003-11-22,6143X,COÍN,MALAGA,230,"15,0","31,0","13,5",Varias,"16,6",12:23,,,,,,,,,
2003-11-23,6143X,COÍN,MALAGA,230,"13,2","6,8","10,3",23:42,"16,1",16:11,,,,,,,,,
2003-11-24,6143X,COÍN,MALAGA,230,"12,7","42,6","9,9",Varias,"15,5",Varias,,,,,,,,,
2003-11-25,6143X,COÍN,MALAGA,230,"14,0","0,0","9,8",06:29,"18,2",Varias,,,,,,,,,
2003-11-26,6143X,COÍN,MALAGA,230,"13,4","0,2","7,4",07:20,"19,5",14:12,,,,,,,,,
2003-11-27,6143X,COÍN,MALAGA,230,"13,0","0,2","8,7",23:59,"17,3",14:34,,,,,,,,,
2003-11-28,6143X,COÍN,MALAGA,230,"11,0","0,0","6,4",06:40,"15,7",13:56,,,,,,,,,
2003-11-29,6143X,COÍN,MALAGA,230,"13,6","0,0","8,9",05:20,"18,2",Varias,,,,,,,,,
2003-11-30,6143X,COÍN,MALAGA,230,"15,9","1,8","10,7",06:52,"21,1",13:44,,,,,,,,,
2003-12-01,6143X,COÍN,MALAGA,230,"10,6","0,0","6,8",23:22,"14,3",Varias,,,,,,,,,
2003-12-02,6143X,COÍN,MALAGA,230,"9,2","0,0","4,3",Varias,"14,1",14:15,,,,,,,,,
2003-12-03,6143X,COÍN,MALAGA,230,"9,6","38,0","4,2",05:28,"14,9",Varias,,,,,,,,,
2003-12-04,6143X,COÍN,MALAGA,230,"7,2","64,2","4,3",Varias,"10,0",22:20,,,,,,,,,
2003-12-05,6143X,COÍN,MALAGA,230,"11,5","29,2","8,1",Varias,"14,9",13:26,,,,,,,,,
2003-12-06,6143X,COÍN,MALAGA,230,"12,0","47,6","10,2",00:30,"13,7",21:02,,,,,,,,,
2003-12-07,6143X,COÍN,MALAGA,230,"13,2","0,6","9,2",03:29,"17,1",Varias,,,,,,,,,
2003-12-08,6143X,COÍN,MALAGA,230,"11,3","25,8","9,7",Varias,"12,9",Varias,,,,,,,,,
2003-12-09,6143X,COÍN,MALAGA,230,"10,2","14,4","8,4",Varias,"12,0",22:15,,,,,,,,,
2003-12-10,6143X,COÍN,MALAGA,230,"12,2","0,0","7,6",23:59,"16,9",14:05,,,,,,,,,
2003-12-11,6143X,COÍN,MALAGA,230,"11,4","0,0","5,3",07:32,"17,4",Varias,,,,,,,,,
2003-12-12,6143X,COÍN,MALAGA,230,"14,0","0,0","7,0",07:51,"20,9",14:30,,,,,,,,,
2003-12-13,6143X,COÍN,MALAGA,230,"14,7","0,0","8,6",06:15,"20,8",14:37,,,,,,,,,
2003-12-14,6143X,COÍN,MALAGA,230,"16,6","0,0","8,8",05:44,"24,3",Varias,,,,,,,,,
2003-12-15,6143X,COÍN,MALAGA,230,"17,6","0,0","12,1",Varias,"23,0",13:52,,,,,,,,,
2003-12-16,6143X,COÍN,MALAGA,230,"14,2","0,0","11,8",Varias,"16,6",12:12,,,,,,,,,
2003-12-17,6143X,COÍN,MALAGA,230,"14,8","23,6","12,6",Varias,"16,9",13:41,,,,,,,,,
2003-12-18,6143X,COÍN,MALAGA,230,"14,2","0,0","9,8",23:59,"18,5",12:29,,,,,,,,,
2003-12-19,6143X,COÍN,MALAGA,230,"14,1","0,0","8,6",Varias,"19,6",15:21,,,,,,,,,
2003-12-20,6143X,COÍN,MALAGA,230,"14,6","0,0","9,8",Varias,"19,4",13:08,,,,,,,,,
2003-12-21,6143X,COÍN,MALAGA,230,"16,8","0,0","9,8",06:24,"23,8",15:26,,,,,,,,,
2003-12-22,6143X,COÍN,MALAGA,230,"13,5","0,0","8,2",23:54,"18,8",12:51,,,,,,,,,
2003-12-23,6143X,COÍN,MALAGA,230,"11,4","0,0","5,9",23:40,"16,8",15:30,,,,,,,,,
2003-12-24,6143X,COÍN,MALAGA,230,"10,3","0,0","5,7",01:29,"14,9",14:30,,,,,,,,,
2003-12-25,6143X,COÍN,MALAGA,230,"10,6","0,0","5,9",Varias,"15,3",11:31,,,,,,,,,
2003-12-26,6143X,COÍN,MALAGA,230,"11,7","0,0","7,6",Varias,"15,8",13:00,,,,,,,,,
2003-12-27,6143X,COÍN,MALAGA,230,"14,2","0,0","8,5",Varias,"19,9",Varias,,,,,,,,,
2003-12-28,6143X,COÍN,MALAGA,230,"13,0","0,0","10,0",23:58,"16,1",14:22,,,,,,,,,
2003-12-29,6143X,COÍN,MALAGA,230,"10,6","0,0","5,7",06:21,"15,4",14:12,,,,,,,,,
2003-12-30,6143X,COÍN,MALAGA,230,"15,7","0,0","12,3",Varias,"19,1",14:26,,,,,,,,,
2003-12-31,6143X,COÍN,MALAGA,230,"15,3","0,0","12,5",23:59,"18,1",11:02,,,,,,,,,
2004-01-01,6143X,COÍN,MALAGA,230,"14,1","0,0","9,7",07:37,"18,5",14:09,,,,,,,,,
2004-01-02,6143X,COÍN,MALAGA,230,"15,8","0,0","12,7",07:00,"19,0",Varias,,,,,,,,,
2004-01-03,6143X,COÍN,MALAGA,230,"13,7","0,0","8,7",23:36,"18,7",12:48,,,,,,,,,
2004-01-04,6143X,COÍN,MALAGA,230,"12,8","0,0","7,3",Varias,"18,3",15:37,,,,,,,,,
2004-01-05,6143X,COÍN,MALAGA,230,"12,2","0,0","6,1",Varias,"18,3",14:29,,,,,,,,,
2004-01-06,6143X,COÍN,MALAGA,230,"11,9","0,0","5,4",Varias,"18,4",14:01,,,,,,,,,
2004-01-07,6143X,COÍN,MALAGA,230,"14,2","0,0","7,3",Varias,"21,0",15:10,,,,,,,,,
2004-01-08,6143X,COÍN,MALAGA,230,"15,0","0,0","9,0",03:24,"20,9",14:29,,,,,,,,,
2004-01-09,6143X,COÍN,MALAGA,230,"15,9","0,0","10,8",02:08,"21,0",11:45,,,,,,,,,
2004-01-10,6143X,COÍN,MALAGA,230,"16,8","0,0","11,9",23:32,"21,7",Varias,,,,,,,,,
2004-01-11,6143X,COÍN,MALAGA,230,"17,2","0,0","10,5",05:38,"23,9",Varias,,,,,,,,,
2004-01-12,6143X,COÍN,MALAGA,230,"17,2","0,0","9,7",Varias,"24,8",Varias,,,,,,,,,
2004-01-13,6143X,COÍN,MALAGA,230,"16,5","0,0","9,9",08:26,"23,1",13:31,,,,,,,,,
2004-01-14,6143X,COÍN,MALAGA,230,"13,8","0,0","9,9",05:53,"17,7",14:23,,,,,,,,,
2004-01-15,6143X,COÍN,MALAGA,230,"14,2","0,0","9,7",Varias,"18,8",13:28,,,,,,,,,
2004-01-16,6143X,COÍN,MALAGA,230,"15,0","0,0","9,4",06:53,"20,5",12:38,,,,,,,,,
2004-01-17,6143X,COÍN,MALAGA,230,"14,0","0,0","8,7",Varias,"19,2",13:06,,,,,,,,,
2004-01-18,6143X,COÍN,MALAGA,230,"11,8","0,0","8,7",23:42,"15,0",13:55,,,,,,,,,
2004-01-19,6143X,COÍN,MALAGA,230,"10,4","0,0","5,3",Varias,"15,4",Varias,,,,,,,,,
2004-01-20,6143X,COÍN,MALAGA,230,"9,8","0,0","2,2",07:27,"17,3",Varias,,,,,,,,,
2004-01-21,6143X,COÍN,MALAGA,230,"13,0","0,0","6,6",08:03,"19,3",Varias,,,,,,,,,
2004-01-22,6143X,COÍN,MALAGA,230,"13,0","0,0","5,9",06:13,"20,0",15:38,,,,,,,,,
2004-01-23,6143X,COÍN,MALAGA,230,"14,2","0,0","7,1",07:21,"21,2",Varias,,,,,,,,,
2004-01-24,6143X,COÍN,MALAGA,230,"16,2","0,0","10,2",07:10,"22,2",13:38,,,,,,,,,
2004-01-25,6143X,COÍN,MALAGA,230,"15,4","0,0","9,0",06:39,"21,7",13:30,,,,,,,,,
2004-01-26,6143X,COÍN,MALAGA,230,"14,9","0,0","9,8",03:47,"20,0",15:25,,,,,,,,,
2004-01-27,6143X,COÍN,MALAGA,230,"15,4","0,8","11,9",Varias,"18,8",11:37,,,,,,,,,
2004-01-28,6143X,COÍN,MALAGA,230,"14,9","0,0","10,0",22:12,"19,8",15:30,,,,,,,,,
2004-01-29,6143X,COÍN,MALAGA,230,"13,0","2,0","8,6",06:35,"17,4",Varias,,,,,,,,,
2004-01-30,6143X,COÍN,MALAGA,230,"11,4","2,6","10,5",Varias,"12,2",13:10,,,,,,,,,
2004-01-31,6143X,COÍN,MALAGA,230,"12,4","0,0","9,0",07:18,"15,9",15:23,,,,,,,,,
2004-02-01,6143X,COÍN,MALAGA,230,"15,8","0,0","10,5",07:40,"21,1",13:39,,,,,,,,,
2004-02-02,6143X,COÍN,MALAGA,230,"16,4","0,0","11,1",23:11,"21,6",14:55,,,,,,,,,
2004-02-03,6143X,COÍN,MALAGA,230,"13,9","0,0","9,6",Varias,"18,2",12:47,,,,,,,,,
2004-02-04,6143X,COÍN,MALAGA,230,"14,6","0,0","12,4",Varias,"16,7",16:24,,,,,,,,,
2004-02-05,6143X,COÍN,MALAGA,230,"14,6","0,0","11,4",19:26,"17,8",15:53,,,,,,,,,
2004-02-06,6143X,COÍN,MALAGA,230,"14,3","0,0","9,5",22:10,"19,1",14:38,,,,,,,,,
2004-02-07,6143X,COÍN,MALAGA,230,"14,8","0,0","8,8",07:35,"20,7",15:23,,,,,,,,,
2004-02-08,6143X,COÍN,MALAGA,230,"10,2","0,0","6,9",04:32,"13,4",14:05,,,,,,,,,
2004-02-09,6143X,COÍN,MALAGA,230,"12,6","0,0","11,3",07:25,"13,9",15:09,,,,,,,,,
2004-02-10,6143X,COÍN,MALAGA,230,"13,2","0,0","11,9",Varias,"14,6",13:34,,,,,,,,,
2004-02-11,6143X,COÍN,MALAGA,230,"12,7","0,0","8,5",23:04,"16,9",15:39,,,,,,,,,
2004-02-12,6143X,COÍN,MALAGA,230,"15,8","0,0","7,3",04:16,"24,2",15:01,,,,,,,,,
2004-02-13,6143X,COÍN,MALAGA,230,"14,3","0,0","8,6",02:12,"20,0",14:33,,,,,,,,,
2004-02-14,6143X,COÍN,MALAGA,230,"12,6","0,4","9,4",01:36,"15,7",Varias,,,,,,,,,
2004-02-15,6143X,COÍN,MALAGA,230,"14,2","0,0","8,1",07:26,"20,4",15:34,,,,,,,,,
2004-02-16,6143X,COÍN,MALAGA,230,"14,8","0,0","7,8",07:19,"21,8",14:45,,,,,,,,,
2004-02-17,6143X,COÍN,MALAGA,230,"12,5","0,0","6,8",06:48,"18,2",13:47,,,,,,,,,
2004-02-18,6143X,COÍN,MALAGA,230,"11,2","0,0","7,4",Varias,"14,9",12:22,,,,,,,,,
2004-02-19,6143X,COÍN,MALAGA,230,"9,8","0,2","7,4",Varias,"12,1",15:01,,,,,,,,,
2004-02-20,6143X,COÍN,MALAGA,230,"11,0","44,4","10,0",Varias,"12,1",16:30,,,,,,,,,
2004-02-21,6143X,COÍN,MALAGA,230,"13,2","45,0","8,8",22:27,"17,5",12:10,,,,,,,,,
2004-02-22,6143X,COÍN,MALAGA,230,"9,6","22,2","5,7",06:27,"13,4",15:37,,,,,,,,,
2004-02-23,6143X,COÍN,MALAGA,230,"11,0","4,4","9,0",07:16,"13,1",13:52,,,,,,,,,
2004-02-24,6143X,COÍN,MALAGA,230,"12,2","89,0","10,8",Varias,"13,7",14:08,,,,,,,,,
2004-02-25,6143X,COÍN,MALAGA,230,"12,2","11,4","9,9",12:21,"14,4",11:24,,,,,,,,,
2004-02-26,6143X,COÍN,MALAGA,230,"12,1","1,8","8,2",05:47,"16,0",15:26,,,,,,,,,
2004-02-27,6143X,COÍN,MALAGA,230,"11,0","0,2","6,2",05:05,"15,7",Varias,,,,,,,,,
2004-02-28,6143X,COÍN,MALAGA,230,"9,6","0,0","4,9",Varias,"14,4",15:49,,,,,,,,,
2004-02-29,6143X,COÍN,MALAGA,230,"11,2","0,0","6,6",01:06,"15,9",16:07,,,,,,,,,
2004-03-01,6143X,COÍN,MALAGA,230,"11,2","0,0","7,3",23:41,"15,0",12:10,,,,,,,,,
2004-03-02,6143X,COÍN,MALAGA,230,"9,5","0,0","2,7",Varias,"16,3",15:26,,,,,,,,,
2004-03-03,6143X,COÍN,MALAGA,230,"8,6","0,0","3,3",Varias,"13,8",Varias,,,,,,,,,
2004-03-04,6143X,COÍN,MALAGA,230,"15,3","0,0","5,3",05:39,"25,3",15:36,,,,,,,,,
2004-03-05,6143X,COÍN,MALAGA,230,"17,3","0,0","10,3",06:41,"24,3",15:29,,,,,,,,,
2004-03-06,6143X,COÍN,MALAGA,230,"17,2","0,0","12,0",23:54,"22,3",16:01,,,,,,,,,
2004-03-07,6143X,COÍN,MALAGA,230,"16,2","0,0","10,1",05:14,"22,4",13:05,,,,,,,,,
2004-03-08,6143X,COÍN,MALAGA,230,"17,2","0,0","8,6",Varias,"25,9",15:25,,,,,,,,,
2004-03-09,6143X,COÍN,MALAGA,230,"15,4","0,0","10,6",23:54,"20,1",12:56,,,,,,,,,
2004-03-10,6143X,COÍN,MALAGA,230,"16,4","0,0","9,7",Varias,"23,2",15:04,,,,,,,,,
2004-03-11,6143X,COÍN,MALAGA,230,"18,0","0,0","12,3",07:05,"23,8",14:33,,,,,,,,,
2004-03-12,6143X,COÍN,MALAGA,230,"16,7","0,6","10,7",Varias,"22,7",13:05,,,,,,,,,
2004-03-13,6143X,COÍN,MALAGA,230,"14,3","3,0","9,9",23:32,"18,7",15:19,,,,,,,,,
2004-03-14,6143X,COÍN,MALAGA,230,"12,7","0,0","8,8",06:28,"16,6",Varias,,,,,,,,,
2004-03-15,6143X,COÍN,MALAGA,230,"16,7","2,8","12,2",07:14,"21,2",15:51,,,,,,,,,
2004-03-16,6143X,COÍN,MALAGA,230,"15,1","0,4","12,0",05:22,"18,2",15:03,,,,,,,,,
2004-03-17,6143X,COÍN,MALAGA,230,"15,2","0,8","12,9",07:23,"17,5",Varias,,,,,,,,,
2004-03-18,6143X,COÍN,MALAGA,230,"15,6","0,0","12,8",05:12,"18,5",14:20,,,,,,,,,
2004-03-19,6143X,COÍN,MALAGA,230,"15,1","0,0","10,7",06:21,"19,5",13:38,,,,,,,,,
2004-03-20,6143X,COÍN,MALAGA,230,"17,4","0,0","11,9",23:36,"22,9",12:50,,,,,,,,,
2004-03-21,6143X,COÍN,MALAGA,230,"18,8","0,0","10,3",06:30,"27,3",Varias,,,,,,,,,
2004-03-22,6143X,COÍN,MALAGA,230,"18,0","0,0","12,5",06:37,"23,4",16:04,,,,,,,,,
2004-03-23,6143X,COÍN,MALAGA,230,"16,2","0,0","8,7",06:33,"23,8",16:16,,,,,,,,,
2004-03-24,6143X,COÍN,MALAGA,230,"14,2","0,0","8,0",06:38,"20,3",12:41,,,,,,,,,
2004-03-25,6143X,COÍN,MALAGA,230,"15,0","7,8","12,3",19:17,"17,8",14:44,,,,,,,,,
2004-03-26,6143X,COÍN,MALAGA,230,"11,4","41,8","10,3",07:05,"12,6",Varias,,,,,,,,,
2004-03-27,6143X,COÍN,MALAGA,230,"11,6","84,0","9,6",07:25,"13,7",16:32,,,,,,,,,
2004-03-28,6143X,COÍN,MALAGA,230,"11,2","54,6","9,0",23:34,"13,4",13:51,,,,,,,,,
2004-03-29,6143X,COÍN,MALAGA,230,"12,4","1,2","8,5",06:39,"16,2",15:19,,,,,,,,,
2004-03-30,6143X,COÍN,MALAGA,230,"13,8","0,0","9,0",06:31,"18,6",17:24,,,,,,,,,
2004-03-31,6143X,COÍN,MALAGA,230,"13,0","0,0","9,2",06:29,"16,8",15:02,,,,,,,,,
2004-04-01,6143X,COÍN,MALAGA,230,"11,8","7,2","9,3",Varias,"14,4",08:38,,,,,,,,,
2004-04-02,6143X,COÍN,MALAGA,230,"13,2","0,0","8,9",Varias,"17,6",15:25,,,,,,,,,
2004-04-03,6143X,COÍN,MALAGA,230,"14,0","0,0","7,7",Varias,"20,2",15:08,,,,,,,,,
2004-04-04,6143X,COÍN,MALAGA,230,"15,7","0,0","8,3",05:12,"23,1",Varias,,,,,,,,,
2004-04-05,6143X,COÍN,MALAGA,230,"16,9","0,0","9,7",Varias,"24,1",13:25,,,,,,,,,
2004-04-06,6143X,COÍN,MALAGA,230,"19,5","0,0","10,6",05:18,"28,4",14:37,,,,,,,,,
2004-04-07,6143X,COÍN,MALAGA,230,"21,8","0,0","14,2",06:02,"29,4",17:10,,,,,,,,,
2004-04-08,6143X,COÍN,MALAGA,230,"17,7","15,2","14,3",Varias,"21,1",17:01,,,,,,,,,
2004-04-09,6143X,COÍN,MALAGA,230,"14,8","14,6","12,0",21:19,"17,7",11:26,,,,,,,,,
2004-04-10,6143X,COÍN,MALAGA,230,"14,0","0,2","9,6",22:25,"18,5",11:29,,,,,,,,,
2004-04-11,6143X,COÍN,MALAGA,230,"12,8","0,0","7,1",06:09,"18,6",16:04,,,,,,,,,
2004-04-12,6143X,COÍN,MALAGA,230,"15,0","0,0","7,7",Varias,"22,2",15:27,,,,,,,,,
2004-04-13,6143X,COÍN,MALAGA,230,"14,6","0,0","8,1",05:41,"21,2",11:32,,,,,,,,,
2004-04-14,6143X,COÍN,MALAGA,230,"14,2","0,0","10,7",01:54,"17,8",14:12,,,,,,,,,
2004-04-15,6143X,COÍN,MALAGA,230,"14,7","1,4","12,2",Varias,"17,2",15:33,,,,,,,,,
2004-04-16,6143X,COÍN,MALAGA,230,"16,4","0,0","11,0",23:48,"21,8",Varias,,,,,,,,,
2004-04-17,6143X,COÍN,MALAGA,230,"16,0","0,0","10,0",05:05,"22,1",14:22,,,,,,,,,
2004-04-18,6143X,COÍN,MALAGA,230,"16,2","0,0","9,4",Varias,"23,1",Varias,,,,,,,,,
2004-04-19,6143X,COÍN,MALAGA,230,"15,6","0,0","11,0",06:21,"20,1",15:08,,,,,,,,,
2004-04-20,6143X,COÍN,MALAGA,230,"18,4","0,0","9,9",Varias,"26,9",14:52,,,,,,,,,
2004-04-21,6143X,COÍN,MALAGA,230,"17,8","0,0","10,9",05:01,"24,8",13:53,,,,,,,,,
2004-04-22,6143X,COÍN,MALAGA,230,"17,2","0,0","12,0",03:30,"22,3",16:28,,,,,,,,,
2004-04-23,6143X,COÍN,MALAGA,230,"17,2","0,0","12,0",23:30,"22,3",10:25,,,,,,,,,
2004-04-24,6143X,COÍN,MALAGA,230,"17,7","0,0","10,5",05:41,"24,9",15:47,,,,,,,,,
2004-04-25,6143X,COÍN,MALAGA,230,"19,1","0,0","11,4",05:33,"26,8",Varias,,,,,,,,,
2004-04-26,6143X,COÍN,MALAGA,230,"18,2","0,0","12,9",03:05,"23,5",10:02,,,,,,,,,
2004-04-27,6143X,COÍN,MALAGA,230,"18,0","0,2","11,1",Varias,"24,9",11:36,,,,,,,,,
2004-04-28,6143X,COÍN,MALAGA,230,"15,2","4,4","12,3",23:57,"18,0",11:21,,,,,,,,,
2004-04-29,6143X,COÍN,MALAGA,230,"16,6","0,0","12,1",00:32,"21,2",16:47,,,,,,,,,
2004-04-30,6143X,COÍN,MALAGA,230,"16,6","0,0","12,5",23:57,"20,7",16:06,,,,,,,,,
2004-05-01,6143X,COÍN,MALAGA,230,"14,0","2,4","9,4",04:06,"18,5",16:39,,,,,,,,,
2004-05-02,6143X,COÍN,MALAGA,230,"12,6","42,8","11,8",Varias,"13,5",Varias,,,,,,,,,
2004-05-03,6143X,COÍN,MALAGA,230,"15,3","0,4","11,8",03:55,"18,8",15:33,,,,,,,,,
2004-05-04,6143X,COÍN,MALAGA,230,"18,2","0,0","13,5",Varias,"23,0",14:33,,,,,,,,,
2004-05-05,6143X,COÍN,MALAGA,230,"16,4","0,0","13,0",03:46,"19,8",13:59,,,,,,,,,
2004-05-06,6143X,COÍN,MALAGA,230,"17,9","0,0","13,7",23:57,"22,1",16:08,,,,,,,,,
2004-05-07,6143X,COÍN,MALAGA,230,"16,9","0,0","12,3",03:15,"21,5",15:20,,,,,,,,,
2004-05-08,6143X,COÍN,MALAGA,230,"17,4","0,0","10,7",05:32,"24,2",13:20,,,,,,,,,
2004-05-09,6143X,COÍN,MALAGA,230,"16,3","3,0","10,4",05:26,"22,2",13:26,,,,,,,,,
2004-05-10,6143X,COÍN,MALAGA,230,"14,0","4,0","10,5",23:46,"17,4",12:14,,,,,,,,,
2004-05-11,6143X,COÍN,MALAGA,230,"13,4","2,4","8,1",05:17,"18,7",11:26,,,,,,,,,
2004-05-12,6143X,COÍN,MALAGA,230,"16,3","0,4","10,2",Varias,"22,4",13:45,,,,,,,,,
2004-05-13,6143X,COÍN,MALAGA,230,"18,2","19,0","11,9",03:15,"24,4",12:03,,,,,,,,,
2004-05-14,6143X,COÍN,MALAGA,230,"17,8","0,0","11,2",04:58,"24,4",12:08,,,,,,,,,
2004-05-15,6143X,COÍN,MALAGA,230,"17,0","0,0","13,4",05:46,"20,5",15:48,,,,,,,,,
2004-05-16,6143X,COÍN,MALAGA,230,"17,8","0,0","12,8",03:46,"22,9",16:31,,,,,,,,,
2004-05-17,6143X,COÍN,MALAGA,230,"16,6","0,0","11,7",05:15,"21,5",13:26,,,,,,,,,
2004-05-18,6143X,COÍN,MALAGA,230,"16,8","0,0","11,8",05:27,"21,8",18:08,,,,,,,,,
2004-05-19,6143X,COÍN,MALAGA,230,"17,4","0,0","12,5",05:32,"22,3",12:22,,,,,,,,,
2004-05-20,6143X,COÍN,MALAGA,230,"17,6","0,0","11,9",05:21,"23,3",13:51,,,,,,,,,
2004-05-21,6143X,COÍN,MALAGA,230,"18,5","3,4","14,6",23:58,"22,4",17:11,,,,,,,,,
2004-05-22,6143X,COÍN,MALAGA,230,"18,5","0,0","13,1",05:38,"23,9",15:21,,,,,,,,,
2004-05-23,6143X,COÍN,MALAGA,230,"19,4","0,0","14,4",Varias,"24,5",12:23,,,,,,,,,
2004-05-24,6143X,COÍN,MALAGA,230,"17,6","0,0","13,7",03:07,"21,6",15:21,,,,,,,,,
2004-05-25,6143X,COÍN,MALAGA,230,"18,4","0,0","13,9",Varias,"23,0",10:17,,,,,,,,,
2004-05-26,6143X,COÍN,MALAGA,230,"19,4","19,0","14,1",04:24,"24,7",11:06,,,,,,,,,
2004-05-27,6143X,COÍN,MALAGA,230,"20,6","0,0","13,7",Varias,"27,6",15:54,,,,,,,,,
2004-05-28,6143X,COÍN,MALAGA,230,"22,8","0,0","15,7",Varias,"29,9",11:56,,,,,,,,,
2004-05-29,6143X,COÍN,MALAGA,230,"23,4","0,0","16,6",03:07,"30,2",15:43,,,,,,,,,
2004-05-30,6143X,COÍN,MALAGA,230,"24,4","0,0","18,0",05:04,"30,9",11:09,,,,,,,,,
2004-05-31,6143X,COÍN,MALAGA,230,"25,0","0,0","18,9",05:09,"31,0",11:27,,,,,,,,,
2004-06-01,6143X,COÍN,MALAGA,230,"24,9","0,0","18,2",04:24,"31,6",15:35,,,,,,,,,
2004-06-02,6143X,COÍN,MALAGA,230,"25,8","0,0","18,7",05:01,"33,0",15:33,,,,,,,,,
2004-06-03,6143X,COÍN,MALAGA,230,"25,8","0,0","19,7",05:20,"32,0",16:26,,,,,,,,,
2004-06-04,6143X,COÍN,MALAGA,230,"23,3","0,0","19,3",23:58,"27,3",Varias,,,,,,,,,
2004-06-05,6143X,COÍN,MALAGA,230,"24,7","0,0","17,6",05:07,"31,8",12:20,,,,,,,,,
2004-06-06,6143X,COÍN,MALAGA,230,"25,0","0,0","19,4",05:22,"30,6",Varias,,,,,,,,,
2004-06-07,6143X,COÍN,MALAGA,230,"22,7","0,0","17,8",Varias,"27,6",11:05,,,,,,,,,
2004-06-08,6143X,COÍN,MALAGA,230,"24,8","0,0","18,9",Varias,"30,7",12:25,,,,,,,,,
2004-06-09,6143X,COÍN,MALAGA,230,"23,8","0,0","17,9",04:53,"29,6",15:33,,,,,,,,,
2004-06-10,6143X,COÍN,MALAGA,230,"22,2","0,0","17,9",Varias,"26,6",11:23,,,,,,,,,
2004-06-11,6143X,COÍN,MALAGA,230,"22,9","0,0","17,3",05:20,"28,5",13:48,,,,,,,,,
2004-06-12,6143X,COÍN,MALAGA,230,"23,4","0,0","17,5",05:32,"29,4",16:40,,,,,,,,,
2004-06-13,6143X,COÍN,MALAGA,230,"24,8","0,0","18,1",Varias,"31,4",11:15,,,,,,,,,
2004-06-14,6143X,COÍN,MALAGA,230,"22,7","0,0","18,3",05:25,"27,1",14:34,,,,,,,,,
2004-06-15,6143X,COÍN,MALAGA,230,"20,5","0,0","17,1",23:52,"23,9",Varias,,,,,,,,,
2004-06-16,6143X,COÍN,MALAGA,230,"21,6","0,0","14,9",05:24,"28,3",Varias,,,,,,,,,
2004-06-17,6143X,COÍN,MALAGA,230,"26,3","0,0","17,4",Varias,"35,2",12:50,,,,,,,,,
2004-06-18,6143X,COÍN,MALAGA,230,"27,3","0,0","20,0",05:17,"34,6",14:29,,,,,,,,,
2004-06-19,6143X,COÍN,MALAGA,230,"26,4","0,0","19,8",03:28,"33,0",15:46,,,,,,,,,
2004-06-20,6143X,COÍN,MALAGA,230,"25,0","0,0","19,0",Varias,"31,0",15:39,,,,,,,,,
2004-06-21,6143X,COÍN,MALAGA,230,"24,6","0,0","18,1",Varias,"31,1",14:05,,,,,,,,,
2004-06-22,6143X,COÍN,MALAGA,230,"24,4","0,0","17,6",Varias,"31,1",15:28,,,,,,,,,
2004-06-23,6143X,COÍN,MALAGA,230,"29,4","0,0","20,3",05:17,"38,6",14:54,,,,,,,,,
2004-06-24,6143X,COÍN,MALAGA,230,"32,0","0,0","24,4",Varias,"39,7",14:18,,,,,,,,,
2004-06-25,6143X,COÍN,MALAGA,230,"26,8","0,0","22,0",23:59,"31,5",10:52,,,,,,,,,
2004-06-26,6143X,COÍN,MALAGA,230,"25,0","0,0","19,8",03:25,"30,1",15:45,,,,,,,,,
2004-06-27,6143X,COÍN,MALAGA,230,"25,4","0,0","19,7",04:38,"31,1",13:46,,,,,,,,,
2004-06-28,6143X,COÍN,MALAGA,230,"28,0","0,0","19,6",Varias,"36,3",13:16,,,,,,,,,
2004-06-29,6143X,COÍN,MALAGA,230,"28,4","0,0","20,9",05:35,"35,9",15:05,,,,,,,,,
2004-06-30,6143X,COÍN,MALAGA,230,"29,2","0,0","21,5",03:40,"37,0",15:12,,,,,,,,,
2004-07-01,6143X,COÍN,MALAGA,230,"31,8","0,0","22,7",05:14,"41,0",Varias,,,,,,,,,
2004-07-02,6143X,COÍN,MALAGA,230,"26,4","0,0","21,7",05:20,"31,2",09:49,,,,,,,,,
2004-07-03,6143X,COÍN,MALAGA,230,"25,6","0,0","22,6",20:21,"28,6",14:49,,,,,,,,,
2004-07-04,6143X,COÍN,MALAGA,230,"26,0","0,0","19,9",05:07,"32,1",16:11,,,,,,,,,
2004-07-05,6143X,COÍN,MALAGA,230,"26,2","0,6","20,3",05:01,"32,1",13:13,,,,,,,,,
2004-07-06,6143X,COÍN,MALAGA,230,"29,3","0,0","22,0",23:48,"36,6",16:38,,,,,,,,,
2004-07-07,6143X,COÍN,MALAGA,230,"30,5","0,0","18,8",05:29,"42,2",17:15,,,,,,,,,
2004-07-08,6143X,COÍN,MALAGA,230,"29,0","0,0","19,1",Varias,"38,9",17:10,,,,,,,,,
2004-07-09,6143X,COÍN,MALAGA,230,"27,9","0,0","16,9",05:13,"38,9",15:52,,,,,,,,,
2004-07-10,6143X,COÍN,MALAGA,230,"27,6","0,0","16,7",05:11,"38,6",16:11,,,,,,,,,
2004-07-11,6143X,COÍN,MALAGA,230,"27,0","0,0","17,3",05:08,"36,8",17:01,,,,,,,,,
2004-07-12,6143X,COÍN,MALAGA,230,"27,0","0,0","17,0",04:51,"36,9",17:26,,,,,,,,,
2004-07-13,6143X,COÍN,MALAGA,230,"24,2","0,0","19,8",Varias,"28,7",14:51,,,,,,,,,
2004-07-14,6143X,COÍN,MALAGA,230,"23,6","0,0","18,5",05:26,"28,6",14:19,,,,,,,,,
2004-07-15,6143X,COÍN,MALAGA,230,"23,9","0,0","19,2",04:31,"28,6",15:26,,,,,,,,,
2004-07-16,6143X,COÍN,MALAGA,230,"25,4","0,0","19,4",Varias,"31,3",15:48,,,,,,,,,
2004-07-17,6143X,COÍN,MALAGA,230,"24,4","0,0","19,0",05:33,"29,7",16:17,,,,,,,,,
2004-07-18,6143X,COÍN,MALAGA,230,"25,4","0,0","19,2",Varias,"31,6",10:29,,,,,,,,,
2004-07-19,6143X,COÍN,MALAGA,230,"26,0","0,0","19,7",05:01,"32,4",Varias,,,,,,,,,
2004-07-20,6143X,COÍN,MALAGA,230,"27,8","0,0","19,7",Varias,"36,0",12:26,,,,,,,,,
2004-07-21,6143X,COÍN,MALAGA,230,"27,2","0,0","20,6",Varias,"33,8",16:02,,,,,,,,,
2004-07-22,6143X,COÍN,MALAGA,230,"28,0","0,0","21,3",04:40,"34,8",Varias,,,,,,,,,
2004-07-23,6143X,COÍN,MALAGA,230,"30,4","0,0","24,0",Varias,"36,8",13:49,,,,,,,,,
2004-07-24,6143X,COÍN,MALAGA,230,"32,2","0,0","25,4",Varias,"39,1",13:03,,,,,,,,,
2004-07-25,6143X,COÍN,MALAGA,230,"32,4","0,0","26,0",Varias,"38,7",11:42,,,,,,,,,
2004-07-26,6143X,COÍN,MALAGA,230,"29,6","0,0","25,0",Varias,"34,2",11:31,,,,,,,,,
2004-07-27,6143X,COÍN,MALAGA,230,"28,4","0,0","22,4",05:28,"34,3",16:16,,,,,,,,,
2004-07-28,6143X,COÍN,MALAGA,230,"27,8","0,0","21,0",05:43,"34,5",11:47,,,,,,,,,
2004-07-29,6143X,COÍN,MALAGA,230,"30,2","0,0","22,1",05:48,"38,2",15:53,,,,,,,,,
2004-07-30,6143X,COÍN,MALAGA,230,"27,2","0,0","22,3",23:53,"32,0",15:37,,,,,,,,,
2004-07-31,6143X,COÍN,MALAGA,230,"27,1","0,0","21,4",04:32,"32,8",16:11,,,,,,,,,
2004-08-01,6143X,COÍN,MALAGA,230,"28,4","0,0","21,9",05:34,"35,0",14:09,,,,,,,,,
2004-08-02,6143X,COÍN,MALAGA,230,"27,9","0,0","23,1",05:45,"32,7",13:52,,,,,,,,,
2004-08-03,6143X,COÍN,MALAGA,230,"28,3","0,0","21,0",05:56,"35,6",Varias,,,,,,,,,
2004-08-04,6143X,COÍN,MALAGA,230,"30,1","0,0","23,0",05:52,"37,2",16:23,,,,,,,,,
2004-08-05,6143X,COÍN,MALAGA,230,"28,6","0,0","21,7",05:06,"35,5",11:30,,,,,,,,,
2004-08-06,6143X,COÍN,MALAGA,230,"26,9","0,0","21,0",05:40,"32,8",15:32,,,,,,,,,
2004-08-07,6143X,COÍN,MALAGA,230,"28,0","0,0","22,9",05:46,"33,0",10:08,,,,,,,,,
2004-08-08,6143X,COÍN,MALAGA,230,"29,0","0,0","22,0",Varias,"35,9",13:02,,,,,,,,,
2004-08-09,6143X,COÍN,MALAGA,230,"27,7","0,0","22,4",Varias,"33,0",Varias,,,,,,,,,
2004-08-10,6143X,COÍN,MALAGA,230,"24,8","0,0","20,3",04:30,"29,4",15:31,,,,,,,,,
2004-08-11,6143X,COÍN,MALAGA,230,"27,5","0,0","19,6",05:14,"35,4",14:11,,,,,,,,,
2004-08-12,6143X,COÍN,MALAGA,230,"28,4","0,0","21,2",05:24,"35,7",15:26,,,,,,,,,
2004-08-13,6143X,COÍN,MALAGA,230,"29,1","0,0","22,2",05:40,"36,0",Varias,,,,,,,,,
2004-08-14,6143X,COÍN,MALAGA,230,"27,5","0,0","21,8",05:36,"33,2",17:07,,,,,,,,,
2004-08-15,6143X,COÍN,MALAGA,230,"27,4","0,0","20,6",Varias,"34,3",15:22,,,,,,,,,
2004-08-16,6143X,COÍN,MALAGA,230,"30,7","0,0","22,8",Varias,"38,6",15:46,,,,,,,,,
2004-08-17,6143X,COÍN,MALAGA,230,"28,0","0,0","22,0",05:39,"34,1",16:21,,,,,,,,,
2004-08-18,6143X,COÍN,MALAGA,230,"26,9","0,0","19,2",05:10,"34,6",16:05,,,,,,,,,
2004-08-19,6143X,COÍN,MALAGA,230,"28,2","0,0","20,0",05:36,"36,3",15:38,,,,,,,,,
2004-08-20,6143X,COÍN,MALAGA,230,"28,0","0,0","20,5",Varias,"35,6",Varias,,,,,,,,,
2004-08-21,6143X,COÍN,MALAGA,230,"26,6","0,0","21,6",Varias,"31,6",14:07,,,,,,,,,
2004-08-22,6143X,COÍN,MALAGA,230,"26,2","0,0","21,7",02:52,"30,6",14:24,,,,,,,,,
2004-08-23,6143X,COÍN,MALAGA,230,"28,6","0,0","23,4",Varias,"33,7",15:04,,,,,,,,,
2004-08-24,6143X,COÍN,MALAGA,230,"31,0","0,0","22,6",06:13,"39,3",16:23,,,,,,,,,
2004-08-25,6143X,COÍN,MALAGA,230,"30,2","0,0","24,2",Varias,"36,1",13:42,,,,,,,,,
2004-08-26,6143X,COÍN,MALAGA,230,"28,4","0,0","24,5",23:27,"32,4",11:52,,,,,,,,,
2004-08-27,6143X,COÍN,MALAGA,230,"28,1","0,0","23,4",Varias,"32,8",13:08,,,,,,,,,
2004-08-28,6143X,COÍN,MALAGA,230,"26,4","0,0","21,1",06:08,"31,6",16:45,,,,,,,,,
2004-08-29,6143X,COÍN,MALAGA,230,"26,2","0,0","21,2",06:29,"31,3",12:17,,,,,,,,,
2004-08-30,6143X,COÍN,MALAGA,230,"25,4","0,0","20,1",04:33,"30,7",13:55,,,,,,,,,
2004-08-31,6143X,COÍN,MALAGA,230,"26,4","0,0","20,3",Varias,"32,5",14:54,,,,,,,,,
2004-09-01,6143X,COÍN,MALAGA,230,"26,2","0,0","19,9",05:49,"32,5",14:25,,,,,,,,,
2004-09-02,6143X,COÍN,MALAGA,230,"25,0","0,0","18,7",Varias,"31,4",12:33,,,,,,,,,
2004-09-03,6143X,COÍN,MALAGA,230,"21,4","4,2","19,4",Varias,"23,5",09:45,,,,,,,,,
2004-09-04,6143X,COÍN,MALAGA,230,"26,0","0,0","20,1",06:18,"31,8",15:54,,,,,,,,,
2004-09-05,6143X,COÍN,MALAGA,230,"26,6","0,0","19,4",06:03,"33,7",13:19,,,,,,,,,
2004-09-06,6143X,COÍN,MALAGA,230,"24,6","0,0","17,1",05:42,"32,2",12:17,,,,,,,,,
2004-09-07,6143X,COÍN,MALAGA,230,"23,6","0,0","17,6",Varias,"29,5",16:04,,,,,,,,,
2004-09-08,6143X,COÍN,MALAGA,230,"24,8","0,6","18,9",06:31,"30,8",15:19,,,,,,,,,
2004-09-09,6143X,COÍN,MALAGA,230,"26,5","0,0","23,3",23:56,"29,7",12:47,,,,,,,,,
2004-09-10,6143X,COÍN,MALAGA,230,"26,8","0,0","21,2",06:27,"32,4",15:18,,,,,,,,,
2004-09-11,6143X,COÍN,MALAGA,230,"28,9","0,0","21,9",Varias,"35,9",12:29,,,,,,,,,
2004-09-12,6143X,COÍN,MALAGA,230,"28,6","0,0","22,1",05:05,"35,1",16:02,,,,,,,,,
2004-09-13,6143X,COÍN,MALAGA,230,"26,8","0,0","20,2",06:15,"33,5",14:10,,,,,,,,,
2004-09-14,6143X,COÍN,MALAGA,230,"26,7","0,0","20,2",06:16,"33,2",14:45,,,,,,,,,
2004-09-15,6143X,COÍN,MALAGA,230,"25,8","0,0","19,7",Varias,"32,0",13:28,,,,,,,,,
2004-09-16,6143X,COÍN,MALAGA,230,"22,8","0,0","18,2",02:21,"27,4",15:27,,,,,,,,,
2004-09-17,6143X,COÍN,MALAGA,230,"23,6","0,0","18,3",06:17,"29,0",Varias,,,,,,,,,
2004-09-18,6143X,COÍN,MALAGA,230,"23,9","0,0","18,1",Varias,"29,7",11:20,,,,,,,,,
2004-09-19,6143X,COÍN,MALAGA,230,"24,1","0,0","18,1",06:15,"30,1",11:18,,,,,,,,,
2004-09-20,6143X,COÍN,MALAGA,230,"23,3","0,0","17,7",Varias,"28,9",15:12,,,,,,,,,
2004-09-21,6143X,COÍN,MALAGA,230,"24,5","0,0","17,1",Varias,"31,9",13:22,,,,,,,,,
2004-09-22,6143X,COÍN,MALAGA,230,"25,6","0,0","18,9",03:17,"32,4",Varias,,,,,,,,,
2004-09-23,6143X,COÍN,MALAGA,230,"24,7","0,0","17,9",Varias,"31,5",15:04,,,,,,,,,
2004-09-24,6143X,COÍN,MALAGA,230,"25,7","0,0","17,8",04:16,"33,6",13:25,,,,,,,,,
2004-09-25,6143X,COÍN,MALAGA,230,"26,4","0,0","19,3",06:19,"33,6",15:10,,,,,,,,,
2004-09-26,6143X,COÍN,MALAGA,230,"22,6","0,0","18,9",23:56,"26,4",13:08,,,,,,,,,
2004-09-27,6143X,COÍN,MALAGA,230,"21,8","0,0","16,7",06:32,"27,0",Varias,,,,,,,,,
2004-09-28,6143X,COÍN,MALAGA,230,"22,4","0,0","16,1",Varias,"28,6",13:12,,,,,,,,,
2004-09-29,6143X,COÍN,MALAGA,230,"21,9","0,0","15,4",05:43,"28,4",14:07,,,,,,,,,
2004-09-30,6143X,COÍN,MALAGA,230,"22,6","0,0","15,6",Varias,"29,5",11:45,,,,,,,,,
2004-10-01,6143X,COÍN,MALAGA,230,,"0,0",,,,,,,,,,,,,
2004-10-02,6143X,COÍN,MALAGA,230,,"0,0",,,,,,,,,,,,,
2004-10-03,6143X,COÍN,MALAGA,230,,"0,0",,,,,,,,,,,,,
2004-10-04,6143X,COÍN,MALAGA,230,,"0,0",,,,,,,,,,,,,
2004-10-05,6143X,COÍN,MALAGA,230,,"0,0",,,,,,,,,,,,,
2004-10-06,6143X,COÍN,MALAGA,230,,"0,0",,,,,,,,,,,,,
2004-10-07,6143X,COÍN,MALAGA,230,,"0,0",,,,,,,,,,,,,
2004-10-08,6143X,COÍN,MALAGA,230,,"1,6",,,,,,,,,,,,,
2004-10-09,6143X,COÍN,MALAGA,230,,"0,0",,,,,,,,,,,,,
2004-10-10,6143X,COÍN,MALAGA,230,,"0,0",,,,,,,,,,,,,
2004-10-11,6143X,COÍN,MALAGA,230,,"0,0",,,,,,,,,,,,,
2004-10-12,6143X,COÍN,MALAGA,230,,"0,0",,,,,,,,,,,,,
2004-10-13,6143X,COÍN,MALAGA,230,,"0,0",,,,,,,,,,,,,
2004-10-14,6143X,COÍN,MALAGA,230,,"0,0",,,,,,,,,,,,,
2004-10-15,6143X,COÍN,MALAGA,230,,"0,0",,,,,,,,,,,,,
2004-10-16,6143X,COÍN,MALAGA,230,,"0,0",,,,,,,,,,,,,
2004-10-17,6143X,COÍN,MALAGA,230,,"0,0",,,,,,,,,,,,,
2004-10-18,6143X,COÍN,MALAGA,230,,"9,0",,,,,,,,,,,,,
2004-10-19,6143X,COÍN,MALAGA,230,,"1,8",,,,,,,,,,,,,
2004-10-20,6143X,COÍN,MALAGA,230,,"0,0",,,,,,,,,,,,,
2004-10-21,6143X,COÍN,MALAGA,230,,"0,0",,,,,,,,,,,,,
2004-10-22,6143X,COÍN,MALAGA,230,,"0,0",,,,,,,,,,,,,
2004-10-23,6143X,COÍN,MALAGA,230,,"0,0",,,,,,,,,,,,,
2004-10-24,6143X,COÍN,MALAGA,230,,"0,0",,,,,,,,,,,,,
2004-10-25,6143X,COÍN,MALAGA,230,,"0,2",,,,,,,,,,,,,
2004-10-26,6143X,COÍN,MALAGA,230,,"0,0",,,,,,,,,,,,,
2004-10-27,6143X,COÍN,MALAGA,230,,"11,4",,,,,,,,,,,,,
2004-10-28,6143X,COÍN,MALAGA,230,,"1,2",,,,,,,,,,,,,
2004-10-29,6143X,COÍN,MALAGA,230,,"0,2",,,,,,,,,,,,,
2004-10-30,6143X,COÍN,MALAGA,230,,"0,0",,,,,,,,,,,,,
2004-10-31,6143X,COÍN,MALAGA,230,,"0,0",,,,,,,,,,,,,
2004-11-01,6143X,COÍN,MALAGA,230,"16,6","0,0","10,5",06:40,"22,8",14:49,,,,,,,,,
2004-11-02,6143X,COÍN,MALAGA,230,"15,9","0,0","9,3",06:13,"22,5",13:39,,,,,,,,,
2004-11-03,6143X,COÍN,MALAGA,230,"16,6","0,0","10,6",04:28,"22,7",12:39,,,,,,,,,
2004-11-04,6143X,COÍN,MALAGA,230,"17,5","3,0","13,6",23:32,"21,4",12:28,,,,,,,,,
2004-11-05,6143X,COÍN,MALAGA,230,"14,9","2,4","13,1",Varias,"16,7",23:15,,,,,,,,,
2004-11-06,6143X,COÍN,MALAGA,230,"19,2","0,0","15,9",Varias,"22,6",Varias,,,,,,,,,
2004-11-07,6143X,COÍN,MALAGA,230,"19,6","0,0","14,6",23:04,"24,7",13:07,,,,,,,,,
2004-11-08,6143X,COÍN,MALAGA,230,"17,4","0,0","11,8",07:09,"22,9",14:39,,,,,,,,,
2004-11-09,6143X,COÍN,MALAGA,230,"19,1","0,0","13,3",05:41,"24,9",15:30,,,,,,,,,
2004-11-10,6143X,COÍN,MALAGA,230,"17,3","0,0","13,2",07:30,"21,4",13:05,,,,,,,,,
2004-11-11,6143X,COÍN,MALAGA,230,"13,2","0,0","9,8",22:53,"16,6",Varias,,,,,,,,,
2004-11-12,6143X,COÍN,MALAGA,230,"12,2","0,4","7,5",05:43,"16,8",15:20,,,,,,,,,
2004-11-13,6143X,COÍN,MALAGA,230,"14,2","0,0","8,7",07:18,"19,8",15:14,,,,,,,,,
2004-11-14,6143X,COÍN,MALAGA,230,"15,0","0,0","10,9",23:43,"19,2",14:04,,,,,,,,,
2004-11-15,6143X,COÍN,MALAGA,230,"12,4","0,0","7,0",05:21,"17,9",Varias,,,,,,,,,
2004-11-16,6143X,COÍN,MALAGA,230,"11,6","0,0","5,3",Varias,"18,0",13:18,,,,,,,,,
2004-11-17,6143X,COÍN,MALAGA,230,"12,1","0,0","5,7",06:43,"18,5",13:09,,,,,,,,,
2004-11-18,6143X,COÍN,MALAGA,230,"13,7","0,0","7,3",Varias,"20,1",14:45,,,,,,,,,
2004-11-19,6143X,COÍN,MALAGA,230,"15,6","0,0","7,4",06:20,"23,7",Varias,,,,,,,,,
2004-11-20,6143X,COÍN,MALAGA,230,"14,7","0,0","7,5",06:45,"21,9",13:46,,,,,,,,,
2004-11-21,6143X,COÍN,MALAGA,230,"14,4","0,0","10,3",Varias,"18,6",13:19,,,,,,,,,
2004-11-22,6143X,COÍN,MALAGA,230,"16,2","0,0","12,6",22:21,"19,7",14:48,,,,,,,,,
2004-11-23,6143X,COÍN,MALAGA,230,"15,2","0,0","12,0",23:23,"18,5",13:50,,,,,,,,,
2004-11-24,6143X,COÍN,MALAGA,230,"15,4","0,0","10,5",23:59,"20,2",13:22,,,,,,,,,
2004-11-25,6143X,COÍN,MALAGA,230,"13,8","0,0","9,3",05:03,"18,3",14:15,,,,,,,,,
2004-11-26,6143X,COÍN,MALAGA,230,"14,4","0,0","11,4",Varias,"17,4",15:56,,,,,,,,,
2004-11-27,6143X,COÍN,MALAGA,230,"14,6","0,0","11,5",07:26,"17,6",13:45,,,,,,,,,
2004-11-28,6143X,COÍN,MALAGA,230,"14,2","0,0","11,1",22:47,"17,4",14:06,,,,,,,,,
2004-11-29,6143X,COÍN,MALAGA,230,"13,3","0,4","9,8",Varias,"16,8",Varias,,,,,,,,,
2004-11-30,6143X,COÍN,MALAGA,230,"12,6","66,0","11,6",00:36,"13,6",Varias,,,,,,,,,
2004-12-01,6143X,COÍN,MALAGA,230,,,,,"16,6",Varias,,,,,,,,,
2004-12-02,6143X,COÍN,MALAGA,230,"10,2","26,2","8,6",07:03,"11,9",13:52,,,,,,,,,
2004-12-03,6143X,COÍN,MALAGA,230,"11,1","30,0","9,5",07:03,"12,7",10:17,,,,,,,,,
2004-12-04,6143X,COÍN,MALAGA,230,"10,6","1,4","7,8",23:39,"13,3",11:42,,,,,,,,,
2004-12-05,6143X,COÍN,MALAGA,230,"11,6","0,0","6,1",06:11,"17,1",14:04,,,,,,,,,
2004-12-06,6143X,COÍN,MALAGA,230,"12,1","0,0","6,4",Varias,"17,8",14:24,,,,,,,,,
2004-12-07,6143X,COÍN,MALAGA,230,"13,8","0,0","8,9",07:35,"18,8",13:12,,,,,,,,,
2004-12-08,6143X,COÍN,MALAGA,230,"13,2","0,0","7,8",Varias,"18,5",13:48,,,,,,,,,
2004-12-09,6143X,COÍN,MALAGA,230,"12,8","0,0","6,4",06:01,"19,1",14:44,,,,,,,,,
2004-12-10,6143X,COÍN,MALAGA,230,"12,8","6,8","7,1",04:13,"18,6",14:30,,,,,,,,,
2004-12-11,6143X,COÍN,MALAGA,230,"12,8","0,0","11,1",00:18,"14,4",Varias,,,,,,,,,
2004-12-12,6143X,COÍN,MALAGA,230,"14,2","0,2","13,1",07:12,"15,3",11:09,,,,,,,,,
2004-12-13,6143X,COÍN,MALAGA,230,"15,9","0,0","13,2",Varias,"18,6",Varias,,,,,,,,,
2004-12-14,6143X,COÍN,MALAGA,230,"15,1","0,0","12,3",06:21,"17,9",15:23,,,,,,,,,
2004-12-15,6143X,COÍN,MALAGA,230,"14,6","0,0","10,6",08:02,"18,6",13:55,,,,,,,,,
2004-12-16,6143X,COÍN,MALAGA,230,"14,0","0,0","9,2",Varias,"18,7",14:23,,,,,,,,,
2004-12-17,6143X,COÍN,MALAGA,230,"14,0","0,0","8,7",Varias,"19,3",14:29,,,,,,,,,
2004-12-18,6143X,COÍN,MALAGA,230,"15,2","0,0","9,4",07:40,"21,0",15:06,,,,,,,,,
2004-12-19,6143X,COÍN,MALAGA,230,"13,2","0,0","9,7",07:10,"16,8",12:07,,,,,,,,,
2004-12-20,6143X,COÍN,MALAGA,230,"13,0","0,0","10,1",23:02,"15,8",14:29,,,,,,,,,
2004-12-21,6143X,COÍN,MALAGA,230,"10,8","4,4","5,4",07:30,"16,1",14:51,,,,,,,,,
2004-12-22,6143X,COÍN,MALAGA,230,"11,2","2,4","7,6",Varias,"14,9",13:44,,,,,,,,,
2004-12-23,6143X,COÍN,MALAGA,230,"10,0","0,0","6,7",Varias,"13,4",Varias,,,,,,,,,
2004-12-24,6143X,COÍN,MALAGA,230,"11,1","0,0","6,7",23:57,"15,5",14:26,,,,,,,,,
2004-12-25,6143X,COÍN,MALAGA,230,"10,0",,"4,2",05:32,"15,8",11:52,,,,,,,,,
2004-12-26,6143X,COÍN,MALAGA,230,,,,,"11,3",15:03,,,,,,,,,
2004-12-27,6143X,COÍN,MALAGA,230,"7,8",,"5,3",Varias,"10,3",15:34,,,,,,,,,
2004-12-28,6143X,COÍN,MALAGA,230,"8,2",,"2,4",07:36,"14,0",15:57,,,,,,,,,
2004-12-29,6143X,COÍN,MALAGA,230,"13,7",,"10,7",23:53,"16,7",Varias,,,,,,,,,
2004-12-30,6143X,COÍN,MALAGA,230,"11,5",,"5,9",08:19,"17,1",13:18,,,,,,,,,
2004-12-31,6143X,COÍN,MALAGA,230,"11,5",,"5,8",07:16,"17,2",14:30,,,,,,,,,
2005-01-01,6143X,COÍN,MALAGA,230,"14,0",,"5,7",Varias,"22,3",14:32,,,,,,,,,
2005-01-02,6143X,COÍN,MALAGA,230,"15,2",,"8,1",08:06,"22,2",Varias,,,,,,,,,
2005-01-03,6143X,COÍN,MALAGA,230,"10,2",,"7,0",Varias,"13,4",13:24,,,,,,,,,
2005-01-04,6143X,COÍN,MALAGA,230,"12,8",,"9,9",19:25,"15,8",15:40,,,,,,,,,
2005-01-05,6143X,COÍN,MALAGA,230,"12,0",,"6,9",23:59,"17,1",14:52,,,,,,,,,
2005-01-06,6143X,COÍN,MALAGA,230,"12,0",,"5,7",Varias,"18,4",14:47,,,,,,,,,
2005-01-07,6143X,COÍN,MALAGA,230,"11,6",,"6,4",07:11,"16,9",15:01,,,,,,,,,
2005-01-08,6143X,COÍN,MALAGA,230,"10,6",,"6,2",22:32,"15,0",14:45,,,,,,,,,
2005-01-09,6143X,COÍN,MALAGA,230,"9,9",,"7,0",00:02,"12,8",14:21,,,,,,,,,
2005-01-10,6143X,COÍN,MALAGA,230,"11,2",,"6,4",23:50,"16,1",15:28,,,,,,,,,
2005-01-11,6143X,COÍN,MALAGA,230,"10,4",,"4,9",06:44,"15,9",13:38,,,,,,,,,
2005-01-12,6143X,COÍN,MALAGA,230,"12,0",,"4,7",Varias,"19,3",15:11,,,,,,,,,
2005-01-13,6143X,COÍN,MALAGA,230,"12,4",,"5,8",Varias,"19,1",15:20,,,,,,,,,
2005-01-14,6143X,COÍN,MALAGA,230,"12,6",,"6,3",06:21,"18,8",14:50,,,,,,,,,
2005-01-15,6143X,COÍN,MALAGA,230,"10,3",,"5,9",07:04,"14,7",14:38,,,,,,,,,
2005-01-16,6143X,COÍN,MALAGA,230,"13,2",,"7,4",01:40,"19,0",14:31,,,,,,,,,
2005-01-17,6143X,COÍN,MALAGA,230,"12,0",,"8,0",Varias,"16,1",14:21,,,,,,,,,
2005-01-18,6143X,COÍN,MALAGA,230,"13,6",,"5,3",07:30,"21,9",14:52,,,,,,,,,
2005-01-19,6143X,COÍN,MALAGA,230,"13,6",,"7,6",07:31,"19,6",15:46,,,,,,,,,
2005-01-20,6143X,COÍN,MALAGA,230,"15,6",,"9,3",23:02,"22,0",13:48,,,,,,,,,
2005-01-21,6143X,COÍN,MALAGA,230,"16,2",,"8,9",05:07,"23,4",13:38,,,,,,,,,
2005-01-22,6143X,COÍN,MALAGA,230,"16,9",,"10,4",04:11,"23,4",13:13,,,,,,,,,
2005-01-23,6143X,COÍN,MALAGA,230,"12,9",,"6,6",07:40,"19,2",13:48,,,,,,,,,
2005-01-24,6143X,COÍN,MALAGA,230,"13,0",,"7,7",Varias,"18,2",15:05,,,,,,,,,
2005-01-25,6143X,COÍN,MALAGA,230,"8,8",,"3,6",23:58,"14,1",Varias,,,,,,,,,
2005-01-26,6143X,COÍN,MALAGA,230,"6,7",,"2,0",07:17,"11,4",11:45,,,,,,,,,
2005-01-27,6143X,COÍN,MALAGA,230,"3,0",,"-1,9",Varias,"7,8",15:16,,,,,,,,,
2005-01-28,6143X,COÍN,MALAGA,230,"5,3",,"-1,1",06:48,"11,7",14:43,,,,,,,,,
2005-01-29,6143X,COÍN,MALAGA,230,"8,3",,"1,7",07:47,"14,9",14:15,,,,,,,,,
2005-01-30,6143X,COÍN,MALAGA,230,"9,0",,"4,8",07:40,"13,2",Varias,,,,,,,,,
2005-01-31,6143X,COÍN,MALAGA,230,"8,7",,"3,6",07:10,"13,8",15:35,,,,,,,,,
2005-02-01,6143X,COÍN,MALAGA,230,"10,3",,"3,6",07:46,"17,0",14:31,,,,,,,,,
2005-02-02,6143X,COÍN,MALAGA,230,"10,0",,"4,5",07:36,"15,5",14:16,,,,,,,,,
2005-02-03,6143X,COÍN,MALAGA,230,"10,6","0,0","5,8",Varias,"15,5",14:50,,,,,,,,,
2005-02-04,6143X,COÍN,MALAGA,230,"9,1","7,4","5,7",03:10,"12,5",13:50,,,,,,,,,
2005-02-05,6143X,COÍN,MALAGA,230,"11,2","0,0","6,0",07:42,"16,4",13:21,,,,,,,,,
2005-02-06,6143X,COÍN,MALAGA,230,"8,2","10,6","5,7",Varias,"10,8",Varias,,,,,,,,,
2005-02-07,6143X,COÍN,MALAGA,230,"9,1","1,4","5,6",23:58,"12,6",13:38,,,,,,,,,
2005-02-08,6143X,COÍN,MALAGA,230,"10,8","0,0","5,6",00:01,"15,9",14:40,,,,,,,,,
2005-02-09,6143X,COÍN,MALAGA,230,"11,4","0,0","5,6",04:08,"17,3",14:13,,,,,,,,,
2005-02-10,6143X,COÍN,MALAGA,230,"12,3","0,0","8,2",07:14,"16,4",Varias,,,,,,,,,
2005-02-11,6143X,COÍN,MALAGA,230,"11,8","0,0","6,7",23:50,"16,9",15:41,,,,,,,,,
2005-02-12,6143X,COÍN,MALAGA,230,"13,1","0,0","4,6",06:38,"21,6",14:46,,,,,,,,,
2005-02-13,6143X,COÍN,MALAGA,230,"17,1","0,0","9,2",05:49,"25,0",15:16,,,,,,,,,
2005-02-14,6143X,COÍN,MALAGA,230,"14,0","0,0","9,3",23:59,"18,6",00:00,,,,,,,,,
2005-02-15,6143X,COÍN,MALAGA,230,"11,6","0,0","6,9",05:42,"16,4",Varias,,,,,,,,,
2005-02-16,6143X,COÍN,MALAGA,230,"10,6","0,0","4,8",23:53,"16,4",15:17,,,,,,,,,
2005-02-17,6143X,COÍN,MALAGA,230,"9,2","0,6","2,9",07:16,"15,4",15:10,,,,,,,,,
2005-02-18,6143X,COÍN,MALAGA,230,"8,8","0,2","4,3",01:21,"13,2",15:21,,,,,,,,,
2005-02-19,6143X,COÍN,MALAGA,230,"12,0","0,0","4,3",07:06,"19,8",16:07,,,,,,,,,
2005-02-20,6143X,COÍN,MALAGA,230,"13,6","0,0","7,4",Varias,"19,8",14:14,,,,,,,,,
2005-02-21,6143X,COÍN,MALAGA,230,"11,0","0,0","6,0",23:50,"16,0",Varias,,,,,,,,,
2005-02-22,6143X,COÍN,MALAGA,230,"10,4","0,0","1,9",07:05,"18,8",15:44,,,,,,,,,
2005-02-23,6143X,COÍN,MALAGA,230,"11,1","0,0","5,7",03:40,"16,5",11:38,,,,,,,,,
2005-02-24,6143X,COÍN,MALAGA,230,"11,6","0,0","5,4",04:40,"17,9",13:40,,,,,,,,,
2005-02-25,6143X,COÍN,MALAGA,230,"11,1","1,8","6,2",23:42,"16,0",11:12,,,,,,,,,
2005-02-26,6143X,COÍN,MALAGA,230,"10,0","0,2","3,4",Varias,"16,7",13:45,,,,,,,,,
2005-02-27,6143X,COÍN,MALAGA,230,"7,0","39,8","5,7",09:21,"8,2",Varias,,,,,,,,,
2005-02-28,6143X,COÍN,MALAGA,230,"7,4","42,8","6,0",23:30,"8,7",Varias,,,,,,,,,
2005-03-01,6143X,COÍN,MALAGA,230,"6,8","35,2","5,5",07:53,"8,0",12:17,,,,,,,,,
2005-03-02,6143X,COÍN,MALAGA,230,"9,2","0,0","4,3",07:12,"14,2",16:44,,,,,,,,,
2005-03-03,6143X,COÍN,MALAGA,230,"10,2","12,2","5,7",Varias,"14,7",12:38,,,,,,,,,
2005-03-04,6143X,COÍN,MALAGA,230,"6,8","14,0","5,1",14:37,"8,4",Varias,,,,,,,,,
2005-03-05,6143X,COÍN,MALAGA,230,"10,3","0,0","2,3",06:46,"18,3",16:17,,,,,,,,,
2005-03-06,6143X,COÍN,MALAGA,230,"11,0","0,0","4,8",07:03,"17,2",14:10,,,,,,,,,
2005-03-07,6143X,COÍN,MALAGA,230,"11,4","0,0","5,3",06:51,"17,5",Varias,,,,,,,,,
2005-03-08,6143X,COÍN,MALAGA,230,"10,0","0,0","5,3",00:40,"14,7",15:21,,,,,,,,,
2005-03-09,6143X,COÍN,MALAGA,230,"11,3","0,0","4,7",06:27,"17,9",14:29,,,,,,,,,
2005-03-10,6143X,COÍN,MALAGA,230,"10,9","1,2","4,0",06:34,"17,8",11:39,,,,,,,,,
2005-03-11,6143X,COÍN,MALAGA,230,"13,4","0,4","8,1",Varias,"18,8",14:13,,,,,,,,,
2005-03-12,6143X,COÍN,MALAGA,230,"11,5","0,0","9,4",23:57,"13,6",14:57,,,,,,,,,
2005-03-13,6143X,COÍN,MALAGA,230,"14,8","0,0","7,8",06:39,"21,7",14:16,,,,,,,,,
2005-03-14,6143X,COÍN,MALAGA,230,"15,1","0,0","11,1",23:40,"19,1",12:07,,,,,,,,,
2005-03-15,6143X,COÍN,MALAGA,230,"13,3","0,0","8,8",06:10,"17,8",13:51,,,,,,,,,
2005-03-16,6143X,COÍN,MALAGA,230,"14,6","0,2","12,2",Varias,"17,0",14:11,,,,,,,,,
2005-03-17,6143X,COÍN,MALAGA,230,"15,4","0,0","11,5",Varias,"19,2",14:26,,,,,,,,,
2005-03-18,6143X,COÍN,MALAGA,230,"13,9","0,0","12,3",04:16,"15,5",13:18,,,,,,,,,
2005-03-19,6143X,COÍN,MALAGA,230,"14,6","0,0","12,2",Varias,"17,1",14:56,,,,,,,,,
2005-03-20,6143X,COÍN,MALAGA,230,"16,7","0,0","10,5",06:51,"22,9",Varias,,,,,,,,,
2005-03-21,6143X,COÍN,MALAGA,230,"19,4","1,8","13,7",07:09,"25,2",Varias,,,,,,,,,
2005-03-22,6143X,COÍN,MALAGA,230,"18,9","4,0","14,8",06:10,"23,0",12:16,,,,,,,,,
2005-03-23,6143X,COÍN,MALAGA,230,"16,8","2,4","13,1",23:51,"20,6",15:15,,,,,,,,,
2005-03-24,6143X,COÍN,MALAGA,230,"17,4","0,0","11,3",05:48,"23,5",12:46,,,,,,,,,
2005-03-25,6143X,COÍN,MALAGA,230,"18,2","0,0","12,6",Varias,"23,9",14:42,,,,,,,,,
2005-03-26,6143X,COÍN,MALAGA,230,"15,8","3,0","11,4",23:59,"20,1",17:05,,,,,,,,,
2005-03-27,6143X,COÍN,MALAGA,230,"15,2","0,0","9,5",Varias,"20,9",16:05,,,,,,,,,
2005-03-28,6143X,COÍN,MALAGA,230,"18,2","0,0","12,9",04:18,"23,6",13:51,,,,,,,,,
2005-03-29,6143X,COÍN,MALAGA,230,"18,0","0,0","11,9",02:43,"24,0",15:03,,,,,,,,,
2005-03-30,6143X,COÍN,MALAGA,230,"20,8",,"13,6",Varias,"28,0",Varias,,,,,,,,,
2005-04-01,6143X,COÍN,MALAGA,230,"17,6","4,6","13,6",04:30,"21,5",10:20,,,,,,,,,
2005-04-02,6143X,COÍN,MALAGA,230,"12,8","6,8","10,4",23:30,"15,1",17:15,,,,,,,,,
2005-04-03,6143X,COÍN,MALAGA,230,"13,9","0,0","9,3",02:33,"18,5",Varias,,,,,,,,,
2005-04-04,6143X,COÍN,MALAGA,230,"15,6","0,0","11,6",23:51,"19,5",15:27,,,,,,,,,
2005-04-05,6143X,COÍN,MALAGA,230,"13,8","0,0","9,4",05:06,"18,1",15:01,,,,,,,,,
2005-04-06,6143X,COÍN,MALAGA,230,"15,6","0,0","11,9",06:08,"19,2",16:08,,,,,,,,,
2005-04-07,6143X,COÍN,MALAGA,230,"16,2","0,0","11,4",Varias,"21,1",14:04,,,,,,,,,
2005-04-08,6143X,COÍN,MALAGA,230,"17,6","1,4","10,6",05:31,"24,5",14:46,,,,,,,,,
2005-04-09,6143X,COÍN,MALAGA,230,"16,1","0,0","12,2",06:14,"20,0",15:35,,,,,,,,,
2005-04-10,6143X,COÍN,MALAGA,230,"15,0","0,0","9,3",05:52,"20,8",17:18,,,,,,,,,
2005-04-11,6143X,COÍN,MALAGA,230,"16,6","0,0","10,8",23:56,"22,3",17:10,,,,,,,,,
2005-04-12,6143X,COÍN,MALAGA,230,"15,6","0,0","8,8",05:12,"22,5",11:06,,,,,,,,,
2005-04-13,6143X,COÍN,MALAGA,230,"15,7","0,0","9,6",05:38,"21,8",15:12,,,,,,,,,
2005-04-14,6143X,COÍN,MALAGA,230,"17,1","0,0","9,5",05:46,"24,7",12:09,,,,,,,,,
2005-04-15,6143X,COÍN,MALAGA,230,"16,2","0,0","12,0",06:04,"20,5",16:17,,,,,,,,,
2005-04-16,6143X,COÍN,MALAGA,230,"15,5","0,0","9,1",05:58,"21,9",Varias,,,,,,,,,
2005-04-17,6143X,COÍN,MALAGA,230,"19,0","0,0","11,3",Varias,"26,6",Varias,,,,,,,,,
2005-04-18,6143X,COÍN,MALAGA,230,"18,4","0,0","14,5",03:33,"22,4",13:52,,,,,,,,,
2005-04-19,6143X,COÍN,MALAGA,230,"18,3","0,0","12,4",03:13,"24,2",Varias,,,,,,,,,
2005-04-20,6143X,COÍN,MALAGA,230,"20,3","0,0","14,1",06:03,"26,5",16:01,,,,,,,,,
2005-04-21,6143X,COÍN,MALAGA,230,"22,2","0,0","13,6",06:01,"30,9",14:26,,,,,,,,,
2005-04-22,6143X,COÍN,MALAGA,230,"22,4","0,0","15,5",05:09,"29,4",14:07,,,,,,,,,
2005-04-23,6143X,COÍN,MALAGA,230,"21,6","0,0","15,0",05:24,"28,3",15:35,,,,,,,,,
2005-04-24,6143X,COÍN,MALAGA,230,"20,9","0,0","14,7",Varias,"27,1",14:03,,,,,,,,,
2005-04-25,6143X,COÍN,MALAGA,230,"19,2","0,0","12,8",Varias,"25,5",11:32,,,,,,,,,
2005-04-26,6143X,COÍN,MALAGA,230,"17,5","0,0","11,4",Varias,"23,6",Varias,,,,,,,,,
2005-04-27,6143X,COÍN,MALAGA,230,"17,6","0,0","13,0",05:47,"22,3",14:01,,,,,,,,,
2005-04-28,6143X,COÍN,MALAGA,230,"17,2","0,0","11,2",05:04,"23,3",13:15,,,,,,,,,
2005-04-29,6143X,COÍN,MALAGA,230,"17,6","0,0","11,8",05:21,"23,4",12:02,,,,,,,,,
2005-04-30,6143X,COÍN,MALAGA,230,"18,4","0,0","12,5",05:14,"24,2",14:40,,,,,,,,,
2005-05-01,6143X,COÍN,MALAGA,230,"19,6","1,2","13,5",05:01,"25,7",17:01,,,,,,,,,
2005-05-02,6143X,COÍN,MALAGA,230,"20,8",,"15,9",Varias,"25,8",12:10,,,,,,,,,
2005-05-03,6143X,COÍN,MALAGA,230,"23,6",,"16,5",Varias,"30,8",16:52,,,,,,,,,
2005-05-04,6143X,COÍN,MALAGA,230,"23,8","0,0","16,3",Varias,"31,3",Varias,,,,,,,,,
2005-05-05,6143X,COÍN,MALAGA,230,"21,2","0,0","17,2",05:29,"25,3",11:34,,,,,,,,,
2005-05-06,6143X,COÍN,MALAGA,230,"20,8","0,0","15,3",23:52,"26,3",16:31,,,,,,,,,
2005-05-07,6143X,COÍN,MALAGA,230,"19,8","0,0","13,0",Varias,"26,6",Varias,,,,,,,,,
2005-05-08,6143X,COÍN,MALAGA,230,"25,2","0,0","15,3",02:26,"35,0",14:58,,,,,,,,,
2005-05-09,6143X,COÍN,MALAGA,230,"25,9","0,0","19,9",23:58,"31,9",15:35,,,,,,,,,
2005-05-10,6143X,COÍN,MALAGA,230,"23,9","0,0","15,4",04:23,"32,4",Varias,,,,,,,,,
2005-05-11,6143X,COÍN,MALAGA,230,"21,7","0,6","15,2",05:24,"28,2",13:52,,,,,,,,,
2005-05-12,6143X,COÍN,MALAGA,230,"19,3","2,4","15,2",01:31,"23,4",16:44,,,,,,,,,
2005-05-13,6143X,COÍN,MALAGA,230,"18,6","0,0","13,4",Varias,"23,7",Varias,,,,,,,,,
2005-05-14,6143X,COÍN,MALAGA,230,"21,0","0,0","12,1",Varias,"29,9",15:34,,,,,,,,,
2005-05-15,6143X,COÍN,MALAGA,230,"20,7","0,0","13,7",03:36,"27,7",15:29,,,,,,,,,
2005-05-16,6143X,COÍN,MALAGA,230,"20,0","0,0","15,0",05:39,"25,0",10:51,,,,,,,,,
2005-05-17,6143X,COÍN,MALAGA,230,"19,3","0,0","13,2",05:22,"25,4",15:13,,,,,,,,,
2005-05-18,6143X,COÍN,MALAGA,230,"20,5","0,0","14,4",05:02,"26,6",11:16,,,,,,,,,
2005-05-19,6143X,COÍN,MALAGA,230,"22,4","0,0","14,2",05:10,"30,5",16:20,,,,,,,,,
2005-05-20,6143X,COÍN,MALAGA,230,"22,6","0,0","16,6",05:36,"28,7",14:54,,,,,,,,,
2005-05-21,6143X,COÍN,MALAGA,230,"24,2","0,0","16,4",05:06,"32,1",12:49,,,,,,,,,
2005-05-22,6143X,COÍN,MALAGA,230,"25,5","0,0","20,0",23:25,"31,0",14:18,,,,,,,,,
2005-05-23,6143X,COÍN,MALAGA,230,"22,2","0,0","17,2",Varias,"27,2",10:26,,,,,,,,,
2005-05-24,6143X,COÍN,MALAGA,230,"21,1","0,0","16,4",04:22,"25,8",12:24,,,,,,,,,
2005-05-25,6143X,COÍN,MALAGA,230,"20,9","0,0","16,1",23:53,"25,7",Varias,,,,,,,,,
2005-05-26,6143X,COÍN,MALAGA,230,"19,8","0,0","13,5",05:18,"26,1",14:47,,,,,,,,,
2005-05-27,6143X,COÍN,MALAGA,230,"20,8","0,0","14,2",04:51,"27,5",Varias,,,,,,,,,
2005-05-28,6143X,COÍN,MALAGA,230,"21,3","0,0","15,5",05:37,"27,1",11:43,,,,,,,,,
2005-05-29,6143X,COÍN,MALAGA,230,"22,6","2,4","18,0",22:48,"27,3",12:50,,,,,,,,,
2005-05-30,6143X,COÍN,MALAGA,230,"22,2","1,4","17,8",02:05,"26,5",13:39,,,,,,,,,
2005-05-31,6143X,COÍN,MALAGA,230,"22,9","0,0","17,3",Varias,"28,5",12:21,,,,,,,,,
2005-06-01,6143X,COÍN,MALAGA,230,"21,6","0,0","17,8",05:20,"25,3",09:41,,,,,,,,,
2005-06-02,6143X,COÍN,MALAGA,230,"20,8","0,0","16,3",04:21,"25,3",10:35,,,,,,,,,
2005-06-03,6143X,COÍN,MALAGA,230,"22,5","0,0","16,1",05:25,"28,9",13:19,,,,,,,,,
2005-06-04,6143X,COÍN,MALAGA,230,"24,4","0,0","18,3",Varias,"30,4",14:41,,,,,,,,,
2005-06-05,6143X,COÍN,MALAGA,230,"23,4","0,0","17,8",Varias,"29,1",Varias,,,,,,,,,
2005-06-06,6143X,COÍN,MALAGA,230,"22,6","0,0","16,7",05:29,"28,6",12:40,,,,,,,,,
2005-06-07,6143X,COÍN,MALAGA,230,"22,4","0,0","18,1",05:29,"26,6",13:14,,,,,,,,,
2005-06-08,6143X,COÍN,MALAGA,230,"23,4","0,0","18,9",03:04,"27,8",09:43,,,,,,,,,
2005-06-09,6143X,COÍN,MALAGA,230,"22,8","0,0","18,5",02:14,"27,2",15:17,,,,,,,,,
2005-06-10,6143X,COÍN,MALAGA,230,"23,8","0,0","17,1",Varias,"30,5",Varias,,,,,,,,,
2005-06-11,6143X,COÍN,MALAGA,230,"25,0","0,0","17,9",04:10,"32,1",12:51,,,,,,,,,
2005-06-12,6143X,COÍN,MALAGA,230,"25,0","0,0","18,3",05:19,"31,8",12:20,,,,,,,,,
2005-06-13,6143X,COÍN,MALAGA,230,"23,4","0,0","17,5",03:45,"29,2",15:46,,,,,,,,,
2005-06-14,6143X,COÍN,MALAGA,230,"25,4","0,0","17,3",Varias,"33,6",15:38,,,,,,,,,
2005-06-15,6143X,COÍN,MALAGA,230,"25,8","0,0","19,6",04:42,"32,1",15:03,,,,,,,,,
2005-06-16,6143X,COÍN,MALAGA,230,"25,6","0,0","18,4",03:01,"32,9",14:27,,,,,,,,,
2005-06-17,6143X,COÍN,MALAGA,230,"25,7","0,0","19,3",04:20,"32,1",13:43,,,,,,,,,
2005-06-18,6143X,COÍN,MALAGA,230,"24,6","0,0","18,9",Varias,"30,3",13:33,,,,,,,,,
2005-06-19,6143X,COÍN,MALAGA,230,"25,4","0,0","18,5",Varias,"32,2",14:38,,,,,,,,,
2005-06-20,6143X,COÍN,MALAGA,230,"25,5","0,0","19,6",05:10,"31,4",12:27,,,,,,,,,
2005-06-21,6143X,COÍN,MALAGA,230,"27,2","0,0","20,4",03:30,"33,9",15:07,,,,,,,,,
2005-06-22,6143X,COÍN,MALAGA,230,"27,8","0,0","20,4",03:38,"35,3",12:27,,,,,,,,,
2005-06-23,6143X,COÍN,MALAGA,230,"28,8","0,0","21,8",04:47,"35,7",12:32,,,,,,,,,
2005-06-24,6143X,COÍN,MALAGA,230,"27,7","0,0","20,2",05:16,"35,2",15:58,,,,,,,,,
2005-06-25,6143X,COÍN,MALAGA,230,"28,0","0,0","20,0",05:18,"36,0",15:24,,,,,,,,,
2005-06-26,6143X,COÍN,MALAGA,230,"26,2","0,0","18,8",Varias,"33,5",16:03,,,,,,,,,
2005-06-27,6143X,COÍN,MALAGA,230,"25,8","0,0","21,5",04:38,"30,2",10:51,,,,,,,,,
2005-06-28,6143X,COÍN,MALAGA,230,"28,8","0,0","21,0",05:33,"36,7",14:44,,,,,,,,,
2005-06-29,6143X,COÍN,MALAGA,230,"28,0","0,0","20,3",04:51,"35,7",Varias,,,,,,,,,
2005-06-30,6143X,COÍN,MALAGA,230,"28,4","0,0","20,0",05:12,"36,8",Varias,,,,,,,,,
2005-07-01,6143X,COÍN,MALAGA,230,"28,6",,"21,8",23:58,"35,5",11:02,,,,,,,,,
2005-07-02,6143X,COÍN,MALAGA,230,"25,1",,"20,3",05:31,"29,9",13:12,,,,,,,,,
2005-07-03,6143X,COÍN,MALAGA,230,"27,6","0,0","19,7",Varias,"35,6",14:47,,,,,,,,,
2005-07-04,6143X,COÍN,MALAGA,230,"30,2","0,0","22,3",02:04,"38,1",15:28,,,,,,,,,
2005-07-05,6143X,COÍN,MALAGA,230,"27,8","0,0","22,4",05:11,"33,2",14:20,,,,,,,,,
2005-07-06,6143X,COÍN,MALAGA,230,"25,5","0,0","20,8",05:20,"30,2",13:23,,,,,,,,,
2005-07-07,6143X,COÍN,MALAGA,230,"26,2","0,0","20,2",Varias,"32,3",11:44,,,,,,,,,
2005-07-08,6143X,COÍN,MALAGA,230,"28,0","0,0","19,8",05:07,"36,2",16:50,,,,,,,,,
2005-07-09,6143X,COÍN,MALAGA,230,"25,2","0,0","21,7",04:39,"28,6",15:05,,,,,,,,,
2005-07-10,6143X,COÍN,MALAGA,230,"24,6","0,0","19,8",05:17,"29,3",10:21,,,,,,,,,
2005-07-11,6143X,COÍN,MALAGA,230,"25,0","0,0","20,8",04:28,"29,3",15:20,,,,,,,,,
2005-07-12,6143X,COÍN,MALAGA,230,"25,5","0,0","19,5",05:09,"31,5",Varias,,,,,,,,,
2005-07-13,6143X,COÍN,MALAGA,230,"26,6","0,0","19,8",Varias,"33,3",13:41,,,,,,,,,
2005-07-14,6143X,COÍN,MALAGA,230,"27,2","0,0","21,7",05:06,"32,7",13:56,,,,,,,,,
2005-07-15,6143X,COÍN,MALAGA,230,"28,2","0,0","21,3",05:28,"35,0",12:40,,,,,,,,,
2005-07-16,6143X,COÍN,MALAGA,230,"31,8","0,0","22,8",Varias,"40,8",13:08,,,,,,,,,
2005-07-17,6143X,COÍN,MALAGA,230,"32,3","0,0","25,0",Varias,"39,6",15:32,,,,,,,,,
2005-07-18,6143X,COÍN,MALAGA,230,"31,4","0,0","24,9",Varias,"38,0",Varias,,,,,,,,,
2005-07-19,6143X,COÍN,MALAGA,230,"27,9","0,0","21,7",05:37,"34,1",16:13,,,,,,,,,
2005-07-20,6143X,COÍN,MALAGA,230,"28,3","0,0","22,6",05:28,"34,0",13:36,,,,,,,,,
2005-07-21,6143X,COÍN,MALAGA,230,"28,0","0,0","21,1",04:46,"34,8",16:04,,,,,,,,,
2005-07-22,6143X,COÍN,MALAGA,230,"32,6","0,0","24,0",00:42,"41,3",16:03,,,,,,,,,
2005-07-23,6143X,COÍN,MALAGA,230,"30,4","0,0","24,8",05:30,"35,9",16:44,,,,,,,,,
2005-07-24,6143X,COÍN,MALAGA,230,"32,1","0,0","24,2",05:04,"40,0",15:17,,,,,,,,,
2005-07-25,6143X,COÍN,MALAGA,230,"29,6","0,0","23,2",Varias,"35,9",15:56,,,,,,,,,
2005-07-26,6143X,COÍN,MALAGA,230,"29,1","0,0","22,6",05:12,"35,6",13:32,,,,,,,,,
2005-07-27,6143X,COÍN,MALAGA,230,"28,6","0,0","21,0",05:05,"36,2",14:06,,,,,,,,,
2005-07-28,6143X,COÍN,MALAGA,230,"28,0","0,0","21,9",06:07,"34,2",14:03,,,,,,,,,
2005-07-29,6143X,COÍN,MALAGA,230,"28,4","0,0","21,7",05:42,"35,2",Varias,,,,,,,,,
2005-07-30,6143X,COÍN,MALAGA,230,"28,6","0,0","21,4",03:10,"35,9",13:47,,,,,,,,,
2005-07-31,6143X,COÍN,MALAGA,230,"26,6","0,0","21,3",05:13,"31,8",13:27,,,,,,,,,
2005-08-01,6143X,COÍN,MALAGA,230,"26,4","0,0","20,5",05:29,"32,2",14:55,,,,,,,,,
2005-08-02,6143X,COÍN,MALAGA,230,"26,4",,"19,8",05:24,"33,1",Varias,,,,,,,,,
2005-08-03,6143X,COÍN,MALAGA,230,"26,4",,"22,0",00:00,"30,9",13:19,,,,,,,,,
2005-08-04,6143X,COÍN,MALAGA,230,"25,3","0,0","21,1",23:36,"29,5",15:44,,,,,,,,,
2005-08-05,6143X,COÍN,MALAGA,230,"25,6","0,0","19,7",05:42,"31,5",10:51,,,,,,,,,
2005-08-06,6143X,COÍN,MALAGA,230,"26,5","0,0","19,0",05:51,"34,0",14:42,,,,,,,,,
2005-08-07,6143X,COÍN,MALAGA,230,"29,7","0,0","21,8",Varias,"37,6",14:32,,,,,,,,,
2005-08-08,6143X,COÍN,MALAGA,230,"32,6","0,0","24,1",06:05,"41,0",13:26,,,,,,,,,
2005-08-09,6143X,COÍN,MALAGA,230,"29,8","0,0","22,8",06:04,"36,9",16:23,,,,,,,,,
2005-08-10,6143X,COÍN,MALAGA,230,"27,6","0,0","21,6",05:55,"33,5",Varias,,,,,,,,,
2005-08-11,6143X,COÍN,MALAGA,230,"27,4","0,0","20,1",Varias,"34,8",15:48,,,,,,,,,
2005-08-12,6143X,COÍN,MALAGA,230,"26,8","0,0","21,1",06:18,"32,5",16:14,,,,,,,,,
2005-08-13,6143X,COÍN,MALAGA,230,"26,7","0,0","20,2",Varias,"33,2",15:34,,,,,,,,,
2005-08-14,6143X,COÍN,MALAGA,230,"27,0","0,0","21,2",Varias,"32,7",13:36,,,,,,,,,
2005-08-15,6143X,COÍN,MALAGA,230,"26,2","0,0","20,7",05:03,"31,6",14:15,,,,,,,,,
2005-08-16,6143X,COÍN,MALAGA,230,"25,9","0,0","21,6",05:09,"30,2",14:23,,,,,,,,,
2005-08-17,6143X,COÍN,MALAGA,230,"25,8","0,0","22,4",Varias,"29,3",15:08,,,,,,,,,
2005-08-18,6143X,COÍN,MALAGA,230,"28,6","0,0","20,3",05:45,"37,0",13:18,,,,,,,,,
2005-08-19,6143X,COÍN,MALAGA,230,"25,6","0,4","22,4",23:55,"28,7",13:52,,,,,,,,,
2005-08-20,6143X,COÍN,MALAGA,230,"26,3","0,0","21,4",05:31,"31,2",16:10,,,,,,,,,
2005-08-21,6143X,COÍN,MALAGA,230,"25,7","0,0","21,4",23:44,"30,0",11:26,,,,,,,,,
2005-08-22,6143X,COÍN,MALAGA,230,"24,9","0,0","19,3",23:58,"30,5",12:16,,,,,,,,,
2005-08-23,6143X,COÍN,MALAGA,230,"24,8","0,0","17,3",05:44,"32,3",11:58,,,,,,,,,
2005-08-24,6143X,COÍN,MALAGA,230,"25,3","0,0","18,5",05:30,"32,1",15:32,,,,,,,,,
2005-08-25,6143X,COÍN,MALAGA,230,"27,8","0,0","19,6",04:07,"36,0",15:24,,,,,,,,,
2005-08-26,6143X,COÍN,MALAGA,230,"29,4","0,0","21,5",04:28,"37,2",15:01,,,,,,,,,
2005-08-27,6143X,COÍN,MALAGA,230,"30,7","0,0","22,3",05:10,"39,1",Varias,,,,,,,,,
2005-08-28,6143X,COÍN,MALAGA,230,"28,0","0,0","22,4",05:50,"33,6",11:00,,,,,,,,,
2005-08-29,6143X,COÍN,MALAGA,230,"25,2","0,0","20,8",Varias,"29,5",Varias,,,,,,,,,
2005-08-30,6143X,COÍN,MALAGA,230,"25,0","0,0","19,7",Varias,"30,4",12:47,,,,,,,,,
2005-08-31,6143X,COÍN,MALAGA,230,"25,0","0,0","19,9",Varias,"30,2",Varias,,,,,,,,,
2005-09-01,6143X,COÍN,MALAGA,230,"25,2","0,0","19,8",Varias,"30,5",14:03,,,,,,,,,
2005-09-02,6143X,COÍN,MALAGA,230,"24,4","0,0","19,2",05:48,"29,6",14:35,,,,,,,,,
2005-09-03,6143X,COÍN,MALAGA,230,"25,6","0,0","20,9",Varias,"30,3",13:12,,,,,,,,,
2005-09-04,6143X,COÍN,MALAGA,230,"28,4","0,0","20,1",Varias,"36,6",15:36,,,,,,,,,
2005-09-05,6143X,COÍN,MALAGA,230,"30,5","0,0","25,1",06:11,"35,9",Varias,,,,,,,,,
2005-09-06,6143X,COÍN,MALAGA,230,"25,6","1,2","20,8",Varias,"30,5",15:24,,,,,,,,,
2005-09-07,6143X,COÍN,MALAGA,230,"23,4",,"18,7",Varias,"28,1",14:57,,,,,,,,,
2005-09-08,6143X,COÍN,MALAGA,230,"24,8",,"17,4",05:22,"32,1",14:03,,,,,,,,,
2005-09-09,6143X,COÍN,MALAGA,230,"25,2","0,0","18,1",Varias,"32,3",14:43,,,,,,,,,
2005-09-10,6143X,COÍN,MALAGA,230,"25,5","0,0","19,5",05:50,"31,5",Varias,,,,,,,,,
2005-09-11,6143X,COÍN,MALAGA,230,"24,0","0,0","17,8",06:17,"30,1",14:37,,,,,,,,,
2005-09-12,6143X,COÍN,MALAGA,230,"23,4","0,0","17,1",Varias,"29,8",13:15,,,,,,,,,
2005-09-13,6143X,COÍN,MALAGA,230,"22,2","0,0","17,3",06:02,"27,2",13:51,,,,,,,,,
2005-09-14,6143X,COÍN,MALAGA,230,"23,1","0,0","18,9",Varias,"27,3",13:15,,,,,,,,,
2005-09-15,6143X,COÍN,MALAGA,230,"25,3","0,0","19,1",23:53,"31,5",Varias,,,,,,,,,
2005-09-16,6143X,COÍN,MALAGA,230,"25,0","0,0","18,4",06:37,"31,5",11:36,,,,,,,,,
2005-09-17,6143X,COÍN,MALAGA,230,"23,4","0,0","17,4",06:02,"29,4",15:21,,,,,,,,,
2005-09-18,6143X,COÍN,MALAGA,230,"22,8","0,0","16,5",23:59,"29,2",Varias,,,,,,,,,
2005-09-19,6143X,COÍN,MALAGA,230,"21,6","0,0","16,2",23:35,"26,9",11:34,,,,,,,,,
2005-09-20,6143X,COÍN,MALAGA,230,"20,4","0,0","13,8",06:20,"27,1",13:02,,,,,,,,,
2005-09-21,6143X,COÍN,MALAGA,230,"21,0","0,0","14,1",06:15,"28,0",Varias,,,,,,,,,
2005-09-22,6143X,COÍN,MALAGA,230,"21,3","0,0","15,2",06:11,"27,4",12:23,,,,,,,,,
2005-09-23,6143X,COÍN,MALAGA,230,"22,6","0,0","17,0",Varias,"28,1",14:02,,,,,,,,,
2005-09-24,6143X,COÍN,MALAGA,230,"23,6","0,0","16,5",06:18,"30,6",12:12,,,,,,,,,
2005-09-25,6143X,COÍN,MALAGA,230,"22,8","0,0","16,3",Varias,"29,3",15:01,,,,,,,,,
2005-09-26,6143X,COÍN,MALAGA,230,"21,8","0,0","17,1",06:08,"26,4",14:56,,,,,,,,,
2005-09-27,6143X,COÍN,MALAGA,230,"21,4","0,0","16,2",Varias,"26,5",10:36,,,,,,,,,
2005-09-28,6143X,COÍN,MALAGA,230,"21,8","0,0","15,9",05:45,"27,6",Varias,,,,,,,,,
2005-09-29,6143X,COÍN,MALAGA,230,"23,9","0,0","18,2",06:05,"29,6",15:06,,,,,,,,,
2005-09-30,6143X,COÍN,MALAGA,230,"23,0","0,0","16,5",05:04,"29,5",11:35,,,,,,,,,
2005-10-01,6143X,COÍN,MALAGA,230,"22,4","0,0","16,8",06:24,"28,1",13:57,,,,,,,,,
2005-10-02,6143X,COÍN,MALAGA,230,"21,8","0,0","16,2",06:36,"27,3",14:17,,,,,,,,,
2005-10-03,6143X,COÍN,MALAGA,230,"20,8","0,0","18,3",Varias,"23,4",14:36,,,,,,,,,
2005-10-04,6143X,COÍN,MALAGA,230,"20,4","0,0","15,9",23:39,"24,8",14:13,,,,,,,,,
2005-10-05,6143X,COÍN,MALAGA,230,"20,8","0,0","15,7",22:30,"25,9",14:17,,,,,,,,,
2005-10-06,6143X,COÍN,MALAGA,230,"19,6","0,0","13,3",06:24,"25,8",14:21,,,,,,,,,
2005-10-07,6143X,COÍN,MALAGA,230,"20,2","0,0","15,7",Varias,"24,8",11:20,,,,,,,,,
2005-10-08,6143X,COÍN,MALAGA,230,"21,7","0,0","16,9",23:57,"26,5",11:27,,,,,,,,,
2005-10-09,6143X,COÍN,MALAGA,230,"22,7","2,4","16,0",Varias,"29,4",14:22,,,,,,,,,
2005-10-10,6143X,COÍN,MALAGA,230,"19,3",,"15,6",Varias,"23,0",14:38,,,,,,,,,
2005-10-11,6143X,COÍN,MALAGA,230,"17,8",,"16,4",Varias,"19,2",14:26,,,,,,,,,
2005-10-12,6143X,COÍN,MALAGA,230,"20,0","2,6","15,4",06:15,"24,6",10:47,,,,,,,,,
2005-10-13,6143X,COÍN,MALAGA,230,"17,9","0,0","13,5",23:56,"22,3",15:29,,,,,,,,,
2005-10-14,6143X,COÍN,MALAGA,230,"16,7","0,0","11,4",06:42,"22,0",11:44,,,,,,,,,
2005-10-15,6143X,COÍN,MALAGA,230,"16,4","0,0","11,1",Varias,"21,8",14:34,,,,,,,,,
2005-10-16,6143X,COÍN,MALAGA,230,"18,2","0,0","13,4",06:50,"23,1",13:19,,,,,,,,,
2005-10-17,6143X,COÍN,MALAGA,230,"19,2","11,6","17,1",23:30,"21,2",11:03,,,,,,,,,
2005-10-18,6143X,COÍN,MALAGA,230,"18,8","0,0","15,8",23:57,"21,9",13:44,,,,,,,,,
2005-10-19,6143X,COÍN,MALAGA,230,"19,1","0,0","13,3",06:26,"24,9",13:29,,,,,,,,,
2005-10-20,6143X,COÍN,MALAGA,230,"18,8","0,0","12,7",04:27,"25,0",Varias,,,,,,,,,
2005-10-21,6143X,COÍN,MALAGA,230,"20,9","0,0","14,4",06:41,"27,4",14:20,,,,,,,,,
2005-10-22,6143X,COÍN,MALAGA,230,"20,2","0,0","13,9",06:29,"26,6",13:53,,,,,,,,,
2005-10-23,6143X,COÍN,MALAGA,230,"20,0","0,0","14,8",06:31,"25,1",15:09,,,,,,,,,
2005-10-24,6143X,COÍN,MALAGA,230,"18,7","0,0","13,0",Varias,"24,4",13:39,,,,,,,,,
2005-10-25,6143X,COÍN,MALAGA,230,"18,2","0,0","13,0",04:07,"23,5",Varias,,,,,,,,,
2005-10-26,6143X,COÍN,MALAGA,230,"17,9","0,0","13,1",Varias,"22,7",11:07,,,,,,,,,
2005-10-27,6143X,COÍN,MALAGA,230,"20,3","0,6","15,0",06:28,"25,6",12:43,,,,,,,,,
2005-10-28,6143X,COÍN,MALAGA,230,"19,6","2,2","16,7",22:34,"22,5",Varias,,,,,,,,,
2005-10-29,6143X,COÍN,MALAGA,230,"20,8","0,0","15,9",Varias,"25,8",13:56,,,,,,,,,
2005-10-30,6143X,COÍN,MALAGA,230,"20,5","6,2","15,7",06:01,"25,3",Varias,,,,,,,,,
2005-10-31,6143X,COÍN,MALAGA,230,"19,2","0,0","14,1",23:21,"24,2",15:28,,,,,,,,,
2005-11-01,6143X,COÍN,MALAGA,230,"18,7","0,0","12,6",Varias,"24,8",15:25,,,,,,,,,
2005-11-02,6143X,COÍN,MALAGA,230,"18,8","0,0","12,5",06:19,"25,0",14:03,,,,,,,,,
2005-11-03,6143X,COÍN,MALAGA,230,"18,9","0,0","12,7",07:05,"25,1",13:04,,,,,,,,,
2005-11-04,6143X,COÍN,MALAGA,230,"17,5","0,0","14,1",23:30,"20,9",14:35,,,,,,,,,
2005-11-05,6143X,COÍN,MALAGA,230,"15,4","0,0","9,7",07:01,"21,1",13:27,,,,,,,,,
2005-11-06,6143X,COÍN,MALAGA,230,"15,5","0,0","10,9",07:21,"20,1",Varias,,,,,,,,,
2005-11-07,6143X,COÍN,MALAGA,230,"15,9","0,0","10,0",05:05,"21,8",14:08,,,,,,,,,
2005-11-08,6143X,COÍN,MALAGA,230,"16,8","0,0","11,3",Varias,"22,4",13:41,,,,,,,,,
2005-11-09,6143X,COÍN,MALAGA,230,"15,6","0,0","12,3",07:07,"19,0",15:21,,,,,,,,,
2005-11-10,6143X,COÍN,MALAGA,230,"13,6","0,0","9,2",23:54,"18,1",Varias,,,,,,,,,
2005-11-11,6143X,COÍN,MALAGA,230,"12,5","1,8","7,2",07:01,"17,8",14:42,,,,,,,,,
2005-11-12,6143X,COÍN,MALAGA,230,"14,4","0,2","7,7",Varias,"21,2",14:47,,,,,,,,,
2005-11-13,6143X,COÍN,MALAGA,230,"12,2","16,8","7,6",23:59,"16,9",12:36,,,,,,,,,
2005-11-14,6143X,COÍN,MALAGA,230,"9,0","21,6","6,8",22:15,"11,3",14:04,,,,,,,,,
2005-11-15,6143X,COÍN,MALAGA,230,"11,1","0,2","6,8",03:15,"15,4",14:45,,,,,,,,,
2005-11-16,6143X,COÍN,MALAGA,230,"14,4",,"9,3",Varias,"19,6",13:10,,,,,,,,,
2005-11-17,6143X,COÍN,MALAGA,230,"15,0",,"8,4",06:49,"21,7",14:37,,,,,,,,,
2005-11-18,6143X,COÍN,MALAGA,230,"14,8","0,0","9,3",07:24,"20,3",15:11,,,,,,,,,
2005-11-19,6143X,COÍN,MALAGA,230,"14,0","0,0","9,7",06:34,"18,2",Varias,,,,,,,,,
2005-11-20,6143X,COÍN,MALAGA,230,"16,0","0,0","13,3",04:02,"18,7",14:36,,,,,,,,,
2005-11-21,6143X,COÍN,MALAGA,230,"17,0","1,6","14,4",23:53,"19,5",10:04,,,,,,,,,
2005-11-22,6143X,COÍN,MALAGA,230,"16,8","0,0","12,8",07:29,"20,7",14:29,,,,,,,,,
2005-11-23,6143X,COÍN,MALAGA,230,"14,2","1,0","12,1",06:51,"16,4",13:28,,,,,,,,,
2005-11-24,6143X,COÍN,MALAGA,230,"15,0","0,0","9,3",23:54,"20,8",15:18,,,,,,,,,
2005-11-25,6143X,COÍN,MALAGA,230,"13,2","0,8","5,9",06:45,"20,5",15:17,,,,,,,,,
2005-11-26,6143X,COÍN,MALAGA,230,"10,6","0,0","6,9",22:11,"14,4",14:52,,,,,,,,,
2005-11-27,6143X,COÍN,MALAGA,230,"10,0","0,0","4,1",07:36,"15,8",Varias,,,,,,,,,
2005-11-28,6143X,COÍN,MALAGA,230,"10,6","0,0","5,6",Varias,"15,7",14:23,,,,,,,,,
2005-11-29,6143X,COÍN,MALAGA,230,"13,1","0,0","8,2",Varias,"18,0",Varias,,,,,,,,,
2005-11-30,6143X,COÍN,MALAGA,230,"11,4","0,0","5,5",Varias,"17,2",14:20,,,,,,,,,
2005-12-01,6143X,COÍN,MALAGA,230,"11,5","0,2","4,8",03:15,"18,2",14:50,,,,,,,,,
2005-12-02,6143X,COÍN,MALAGA,230,"13,4",,"11,4",01:24,"15,4",14:41,,,,,,,,,
2005-12-03,6143X,COÍN,MALAGA,230,"15,0",,"11,3",23:30,"18,6",Varias,,,,,,,,,
2005-12-04,6143X,COÍN,MALAGA,230,"14,4","0,0","9,9",07:47,"18,8",13:27,,,,,,,,,
2005-12-05,6143X,COÍN,MALAGA,230,"15,8","0,0","12,1",Varias,"19,4",11:34,,,,,,,,,
2005-12-06,6143X,COÍN,MALAGA,230,"14,3","0,0","8,6",Varias,"20,0",15:25,,,,,,,,,
2005-12-07,6143X,COÍN,MALAGA,230,"12,8","0,0","7,4",Varias,"18,3",14:22,,,,,,,,,
2005-12-08,6143X,COÍN,MALAGA,230,"13,4","0,0","6,7",06:30,"20,1",14:43,,,,,,,,,
2005-12-09,6143X,COÍN,MALAGA,230,"15,1","0,0","7,7",07:21,"22,5",14:08,,,,,,,,,
2005-12-10,6143X,COÍN,MALAGA,230,"13,0","0,0","9,0",04:20,"17,1",13:30,,,,,,,,,
2005-12-11,6143X,COÍN,MALAGA,230,"11,6","0,0","6,7",07:38,"16,4",12:17,,,,,,,,,
2005-12-12,6143X,COÍN,MALAGA,230,"10,8","0,0","4,9",06:21,"16,6",13:47,,,,,,,,,
2005-12-13,6143X,COÍN,MALAGA,230,"11,0","0,0","6,0",07:12,"16,1",13:09,,,,,,,,,
2005-12-14,6143X,COÍN,MALAGA,230,"9,6","1,8","6,6",06:24,"12,6",15:35,,,,,,,,,
2005-12-15,6143X,COÍN,MALAGA,230,"10,1","0,0","7,7",Varias,"12,5",12:30,,,,,,,,,
2005-12-16,6143X,COÍN,MALAGA,230,"12,1","0,0","7,7",Varias,"16,5",13:49,,,,,,,,,
2005-12-17,6143X,COÍN,MALAGA,230,"11,6","0,0","6,3",Varias,"17,0",Varias,,,,,,,,,
2005-12-18,6143X,COÍN,MALAGA,230,"12,6","0,0","6,7",08:09,"18,4",Varias,,,,,,,,,
2005-12-19,6143X,COÍN,MALAGA,230,"11,5","0,0","8,5",Varias,"14,5",13:23,,,,,,,,,
2005-12-20,6143X,COÍN,MALAGA,230,"12,8","0,0","12,0",Varias,"13,6",12:39,,,,,,,,,
2005-12-21,6143X,COÍN,MALAGA,230,"12,6","0,0","9,1",Varias,"16,2",12:28,,,,,,,,,
2005-12-22,6143X,COÍN,MALAGA,230,"14,2","0,0","12,6",23:59,"15,9",15:19,,,,,,,,,
2005-12-23,6143X,COÍN,MALAGA,230,"12,0","0,0","10,5",23:58,"13,5",Varias,,,,,,,,,
2005-12-24,6143X,COÍN,MALAGA,230,"10,6","0,6","9,4",Varias,"11,8",Varias,,,,,,,,,
2005-12-25,6143X,COÍN,MALAGA,230,"11,4","2,6","9,3",Varias,"13,6",Varias,,,,,,,,,
2005-12-26,6143X,COÍN,MALAGA,230,"12,6","2,4","10,5",Varias,"14,7",Varias,,,,,,,,,
2005-12-27,6143X,COÍN,MALAGA,230,"13,4","0,0","8,7",23:55,"18,1",Varias,,,,,,,,,
2005-12-28,6143X,COÍN,MALAGA,230,"12,2","0,0","7,1",Varias,"17,2",14:18,,,,,,,,,
2005-12-29,6143X,COÍN,MALAGA,230,"11,8","0,0","8,0",Varias,"15,6",12:27,,,,,,,,,
2005-12-30,6143X,COÍN,MALAGA,230,"13,4","0,0","9,1",Varias,"17,6",12:47,,,,,,,,,
2005-12-31,6143X,COÍN,MALAGA,230,"13,5","0,0","10,2",06:30,"16,8",13:23,,,,,,,,,
2006-01-01,6143X,COÍN,MALAGA,230,"14,4","0,0","10,6",23:23,"18,2",12:19,,,,,,,,,
2006-01-02,6143X,COÍN,MALAGA,230,"11,2","0,0","6,3",08:09,"16,2",15:16,,,,,,,,,
2006-01-03,6143X,COÍN,MALAGA,230,"12,2","0,0","7,9",23:56,"16,6",14:34,,,,,,,,,
2006-01-04,6143X,COÍN,MALAGA,230,"10,6","0,0","4,5",Varias,"16,6",14:53,,,,,,,,,
2006-01-05,6143X,COÍN,MALAGA,230,"10,8","0,0","3,9",Varias,"17,7",14:22,,,,,,,,,
2006-01-06,6143X,COÍN,MALAGA,230,"8,8","3,4","6,0",23:59,"11,5",15:28,,,,,,,,,
2006-01-07,6143X,COÍN,MALAGA,230,"9,8","0,0","4,5",Varias,"15,0",13:24,,,,,,,,,
2006-01-08,6143X,COÍN,MALAGA,230,"10,3","0,0","3,4",Varias,"17,2",15:05,,,,,,,,,
2006-01-09,6143X,COÍN,MALAGA,230,"9,8","0,0","5,0",05:01,"14,6",15:21,,,,,,,,,
2006-01-10,6143X,COÍN,MALAGA,230,"9,7","0,0","6,6",08:24,"12,8",14:44,,,,,,,,,
2006-01-11,6143X,COÍN,MALAGA,230,"10,7","0,0","6,3",Varias,"15,1",Varias,,,,,,,,,
2006-01-12,6143X,COÍN,MALAGA,230,"11,1","0,0","8,5",Varias,"13,7",15:28,,,,,,,,,
2006-01-13,6143X,COÍN,MALAGA,230,"9,8","11,0","9,1",Varias,"10,5",Varias,,,,,,,,,
2006-01-14,6143X,COÍN,MALAGA,230,"8,8","31,0","7,9",23:28,"9,6",00:20,,,,,,,,,
2006-01-15,6143X,COÍN,MALAGA,230,"10,2","10,8","6,0",Varias,"14,4",12:10,,,,,,,,,
2006-01-16,6143X,COÍN,MALAGA,230,"10,6","0,0","6,8",Varias,"14,4",14:22,,,,,,,,,
2006-01-17,6143X,COÍN,MALAGA,230,"10,1","0,2","5,9",03:11,"14,3",Varias,,,,,,,,,
2006-01-18,6143X,COÍN,MALAGA,230,"12,0","0,0","6,4",02:48,"17,7",14:55,,,,,,,,,
2006-01-19,6143X,COÍN,MALAGA,230,"14,1","0,0","8,0",Varias,"20,2",15:12,,,,,,,,,
2006-01-20,6143X,COÍN,MALAGA,230,"12,7","0,0","8,1",07:13,"17,3",12:55,,,,,,,,,
2006-01-21,6143X,COÍN,MALAGA,230,"11,4","0,0","7,8",07:30,"15,1",13:24,,,,,,,,,
2006-01-22,6143X,COÍN,MALAGA,230,"12,3","0,0","6,2",07:53,"18,4",15:36,,,,,,,,,
2006-01-23,6143X,COÍN,MALAGA,230,"10,8","0,0","7,4",23:24,"14,2",13:20,,,,,,,,,
2006-01-24,6143X,COÍN,MALAGA,230,"10,1","0,0","7,5",Varias,"12,7",14:45,,,,,,,,,
2006-01-25,6143X,COÍN,MALAGA,230,"10,2","11,6","8,7",Varias,"11,6",Varias,,,,,,,,,
2006-01-26,6143X,COÍN,MALAGA,230,"11,0","5,6","8,3",Varias,"13,7",14:10,,,,,,,,,
2006-01-27,6143X,COÍN,MALAGA,230,"10,8","53,0","9,6",Varias,"11,9",13:24,,,,,,,,,
2006-01-28,6143X,COÍN,MALAGA,230,"6,6","4,2","2,8",23:13,"10,3",Varias,,,,,,,,,
2006-01-29,6143X,COÍN,MALAGA,230,"6,2","17,2","1,1",07:06,"11,2",15:07,,,,,,,,,
2006-01-30,6143X,COÍN,MALAGA,230,"10,7","2,0","5,8",Varias,"15,6",15:23,,,,,,,,,
2006-01-31,6143X,COÍN,MALAGA,230,"10,8","0,0","4,9",Varias,"16,6",Varias,,,,,,,,,
2006-02-01,6143X,COÍN,MALAGA,230,"12,3","0,0","6,6",06:34,"18,0",Varias,,,,,,,,,
2006-02-02,6143X,COÍN,MALAGA,230,"11,6","0,8","6,4",07:11,"16,7",14:15,,,,,,,,,
2006-02-03,6143X,COÍN,MALAGA,230,"9,6","4,4","6,7",23:21,"12,5",11:13,,,,,,,,,
2006-02-04,6143X,COÍN,MALAGA,230,"12,6","0,0","6,1",05:19,"19,0",16:08,,,,,,,,,
2006-02-05,6143X,COÍN,MALAGA,230,"11,2","1,0","5,7",Varias,"16,8",13:28,,,,,,,,,
2006-02-06,6143X,COÍN,MALAGA,230,"11,7","0,0","7,4",04:31,"16,0",Varias,,,,,,,,,
2006-02-07,6143X,COÍN,MALAGA,230,"11,8","0,0","8,0",05:16,"15,6",15:33,,,,,,,,,
2006-02-08,6143X,COÍN,MALAGA,230,"13,6","0,0","6,2",07:49,"20,9",16:22,,,,,,,,,
2006-02-09,6143X,COÍN,MALAGA,230,"13,6","0,4","6,1",05:47,"21,0",14:39,,,,,,,,,
2006-02-10,6143X,COÍN,MALAGA,230,"16,2","0,0","11,2",Varias,"21,2",13:04,,,,,,,,,
2006-02-11,6143X,COÍN,MALAGA,230,"13,0","1,2","8,3",07:47,"17,8",12:40,,,,,,,,,
2006-02-12,6143X,COÍN,MALAGA,230,"11,0","4,4","9,3",23:42,"12,7",Varias,,,,,,,,,
2006-02-13,6143X,COÍN,MALAGA,230,"14,8","0,0","8,4",07:15,"21,2",14:37,,,,,,,,,
2006-02-14,6143X,COÍN,MALAGA,230,"13,9","0,0","9,7",Varias,"18,1",12:52,,,,,,,,,
2006-02-15,6143X,COÍN,MALAGA,230,"14,0","0,0","7,7",04:24,"20,3",15:48,,,,,,,,,
2006-02-16,6143X,COÍN,MALAGA,230,"13,5","0,0","8,4",05:21,"18,6",13:11,,,,,,,,,
2006-02-17,6143X,COÍN,MALAGA,230,"13,8","0,0","9,4",Varias,"18,2",13:40,,,,,,,,,
2006-02-18,6143X,COÍN,MALAGA,230,"13,0","1,0","7,5",07:13,"18,5",11:43,,,,,,,,,
2006-02-19,6143X,COÍN,MALAGA,230,"12,4","0,4","9,6",07:18,"15,1",15:38,,,,,,,,,
2006-02-20,6143X,COÍN,MALAGA,230,"10,8","1,8","6,9",20:19,"14,7",15:11,,,,,,,,,
2006-02-21,6143X,COÍN,MALAGA,230,"10,2","0,0","4,7",07:16,"15,7",Varias,,,,,,,,,
2006-02-22,6143X,COÍN,MALAGA,230,"8,5","0,0","4,3",04:18,"12,7",11:34,,,,,,,,,
2006-02-23,6143X,COÍN,MALAGA,230,"8,0","0,0","3,7",06:09,"12,3",11:40,,,,,,,,,
2006-02-24,6143X,COÍN,MALAGA,230,"8,6","0,0","3,6",06:11,"13,6",13:05,,,,,,,,,
2006-02-25,6143X,COÍN,MALAGA,230,"8,0","17,8","4,0",05:37,"12,1",10:45,,,,,,,,,
2006-02-26,6143X,COÍN,MALAGA,230,"11,2","0,0","8,4",08:16,"14,0",16:10,,,,,,,,,
2006-02-27,6143X,COÍN,MALAGA,230,"11,3","0,0","5,7",07:17,"16,9",15:34,,,,,,,,,
2006-02-28,6143X,COÍN,MALAGA,230,"10,4","0,0","5,3",06:08,"15,6",15:31,,,,,,,,,
2006-03-01,6143X,COÍN,MALAGA,230,"9,9","0,4","7,0",Varias,"12,8",12:42,,,,,,,,,
2006-03-02,6143X,COÍN,MALAGA,230,"12,5","0,0","5,8",07:05,"19,2",13:40,,,,,,,,,
2006-03-03,6143X,COÍN,MALAGA,230,"12,4","0,0","6,6",04:35,"18,1",13:07,,,,,,,,,
2006-03-04,6143X,COÍN,MALAGA,230,"12,6","6,2","7,7",06:20,"17,5",Varias,,,,,,,,,
2006-03-05,6143X,COÍN,MALAGA,230,"10,8","0,0","7,5",Varias,"14,1",15:31,,,,,,,,,
2006-03-06,6143X,COÍN,MALAGA,230,"11,8",,"6,6",06:21,"17,1",Varias,,,,,,,,,
2006-03-07,6143X,COÍN,MALAGA,230,"14,4",,"7,8",06:33,"21,0",15:46,,,,,,,,,
2006-03-08,6143X,COÍN,MALAGA,230,"17,8","0,0","10,6",Varias,"25,0",Varias,,,,,,,,,
2006-03-09,6143X,COÍN,MALAGA,230,"17,6","0,0","11,7",05:34,"23,6",13:54,,,,,,,,,
2006-03-10,6143X,COÍN,MALAGA,230,"16,6","0,0","10,6",07:11,"22,5",Varias,,,,,,,,,
2006-03-11,6143X,COÍN,MALAGA,230,"16,2","0,0","10,7",06:31,"21,6",16:38,,,,,,,,,
2006-03-12,6143X,COÍN,MALAGA,230,"20,9","0,0","13,3",03:27,"28,5",15:04,,,,,,,,,
2006-03-13,6143X,COÍN,MALAGA,230,"16,8","0,0","9,7",06:01,"23,8",12:23,,,,,,,,,
2006-03-14,6143X,COÍN,MALAGA,230,"13,9","0,0","9,1",23:59,"18,7",14:09,,,,,,,,,
2006-03-15,6143X,COÍN,MALAGA,230,"13,4","0,0","7,5",06:25,"19,4",13:05,,,,,,,,,
2006-03-16,6143X,COÍN,MALAGA,230,"17,0","0,0","9,2",Varias,"24,9",14:41,,,,,,,,,
2006-03-17,6143X,COÍN,MALAGA,230,"14,0","19,6","9,6",Varias,"18,3",14:37,,,,,,,,,
2006-03-18,6143X,COÍN,MALAGA,230,"13,3","34,2","11,9",03:01,"14,7",Varias,,,,,,,,,
2006-03-19,6143X,COÍN,MALAGA,230,"12,6","26,4","10,2",Varias,"14,9",17:37,,,,,,,,,
2006-03-20,6143X,COÍN,MALAGA,230,"12,5","3,2","9,3",23:44,"15,7",13:16,,,,,,,,,
2006-03-21,6143X,COÍN,MALAGA,230,"14,0","1,6","9,6",Varias,"18,3",12:27,,,,,,,,,
2006-03-22,6143X,COÍN,MALAGA,230,"13,8","0,0","9,5",03:58,"18,2",16:34,,,,,,,,,
2006-03-23,6143X,COÍN,MALAGA,230,"15,8","1,2","9,3",05:29,"22,3",16:48,,,,,,,,,
2006-03-24,6143X,COÍN,MALAGA,230,"18,1","0,2","12,4",Varias,"23,8",14:14,,,,,,,,,
2006-03-25,6143X,COÍN,MALAGA,230,"17,6","0,0","10,4",05:45,"24,7",13:39,,,,,,,,,
2006-03-26,6143X,COÍN,MALAGA,230,"17,4","0,0","10,7",05:33,"24,2",Varias,,,,,,,,,
2006-03-27,6143X,COÍN,MALAGA,230,"20,6","0,0","13,1",06:09,"28,0",13:52,,,,,,,,,
2006-03-28,6143X,COÍN,MALAGA,230,"19,4","0,0","13,1",23:55,"25,8",16:06,,,,,,,,,
2006-03-29,6143X,COÍN,MALAGA,230,"18,6","0,0","10,3",06:02,"26,9",15:15,,,,,,,,,
2006-03-30,6143X,COÍN,MALAGA,230,"19,8","0,0","12,6",06:08,"27,1",13:49,,,,,,,,,
2006-03-31,6143X,COÍN,MALAGA,230,"19,8","0,0","13,2",Varias,"26,3",15:44,,,,,,,,,
2006-04-01,6143X,COÍN,MALAGA,230,"20,5",,"13,3",06:26,"27,7",16:12,,,,,,,,,
2006-04-02,6143X,COÍN,MALAGA,230,"22,5",,"14,8",06:34,"30,2",14:24,,,,,,,,,
2006-04-03,6143X,COÍN,MALAGA,230,"19,4","0,0","14,7",06:07,"24,2",Varias,,,,,,,,,
2006-04-04,6143X,COÍN,MALAGA,230,"18,0","0,0","13,4",23:59,"22,5",14:39,,,,,,,,,
2006-04-05,6143X,COÍN,MALAGA,230,"15,1","0,0","10,1",06:01,"20,1",Varias,,,,,,,,,
2006-04-06,6143X,COÍN,MALAGA,230,"17,2","0,0","12,5",23:57,"21,8",14:05,,,,,,,,,
2006-04-07,6143X,COÍN,MALAGA,230,"18,0","0,0","10,7",03:21,"25,2",15:13,,,,,,,,,
2006-04-08,6143X,COÍN,MALAGA,230,"17,2","0,0","10,9",06:04,"23,5",11:59,,,,,,,,,
2006-04-09,6143X,COÍN,MALAGA,230,"16,8","0,0","10,6",Varias,"23,0",13:20,,,,,,,,,
2006-04-10,6143X,COÍN,MALAGA,230,"19,2","0,0","11,5",Varias,"27,0",12:39,,,,,,,,,
2006-04-11,6143X,COÍN,MALAGA,230,"16,8","0,0","13,1",Varias,"20,6",16:14,,,,,,,,,
2006-04-12,6143X,COÍN,MALAGA,230,"18,4","0,0","10,5",06:03,"26,2",15:31,,,,,,,,,
2006-04-13,6143X,COÍN,MALAGA,230,"17,6","0,0","12,7",Varias,"22,5",13:32,,,,,,,,,
2006-04-14,6143X,COÍN,MALAGA,230,"17,8","12,2","13,9",Varias,"21,7",12:17,,,,,,,,,
2006-04-15,6143X,COÍN,MALAGA,230,"18,4","0,0","13,1",Varias,"23,6",15:48,,,,,,,,,
2006-04-16,6143X,COÍN,MALAGA,230,"18,6","0,0","12,0",Varias,"25,2",Varias,,,,,,,,,
2006-04-17,6143X,COÍN,MALAGA,230,"15,8","0,0","11,9",05:47,"19,7",14:23,,,,,,,,,
2006-04-18,6143X,COÍN,MALAGA,230,"16,4","0,0","11,1",Varias,"21,7",Varias,,,,,,,,,
2006-04-19,6143X,COÍN,MALAGA,230,"17,7","0,0","11,5",Varias,"23,9",11:36,,,,,,,,,
2006-04-20,6143X,COÍN,MALAGA,230,"20,0","0,0","12,3",05:47,"27,7",14:29,,,,,,,,,
2006-04-21,6143X,COÍN,MALAGA,230,"18,9","0,0","13,1",05:44,"24,7",14:21,,,,,,,,,
2006-04-22,6143X,COÍN,MALAGA,230,"17,5","5,8","13,2",06:22,"21,8",13:55,,,,,,,,,
2006-04-23,6143X,COÍN,MALAGA,230,"14,4","15,6","12,3",Varias,"16,5",Varias,,,,,,,,,
2006-04-24,6143X,COÍN,MALAGA,230,"18,8","0,0","14,3",Varias,"23,4",12:10,,,,,,,,,
2006-04-25,6143X,COÍN,MALAGA,230,"19,6","0,0","14,1",05:17,"25,1",12:11,,,,,,,,,
2006-04-26,6143X,COÍN,MALAGA,230,"21,1","0,0","15,4",Varias,"26,8",11:06,,,,,,,,,
2006-04-27,6143X,COÍN,MALAGA,230,"21,9","0,0","13,6",Varias,"30,2",16:16,,,,,,,,,
2006-04-28,6143X,COÍN,MALAGA,230,"19,2","0,0","14,9",23:57,"23,4",10:04,,,,,,,,,
2006-04-29,6143X,COÍN,MALAGA,230,"17,9","0,0","13,0",05:41,"22,8",14:27,,,,,,,,,
2006-04-30,6143X,COÍN,MALAGA,230,"18,8","0,0","12,5",05:25,"25,0",14:37,,,,,,,,,
2006-05-01,6143X,COÍN,MALAGA,230,"19,7","0,0","13,0",05:37,"26,4",14:25,,,,,,,,,
2006-05-02,6143X,COÍN,MALAGA,230,"18,1",,"12,8",04:58,"23,4",14:28,,,,,,,,,
2006-05-03,6143X,COÍN,MALAGA,230,"17,0",,"14,2",05:04,"19,9",Varias,,,,,,,,,
2006-05-04,6143X,COÍN,MALAGA,230,"19,3","0,0","13,7",Varias,"24,9",15:02,,,,,,,,,
2006-05-05,6143X,COÍN,MALAGA,230,"21,4","0,0","13,9",04:39,"29,0",14:38,,,,,,,,,
2006-05-06,6143X,COÍN,MALAGA,230,"18,9","0,0","14,5",23:59,"23,3",13:05,,,,,,,,,
2006-05-07,6143X,COÍN,MALAGA,230,"17,9","0,0","12,2",04:41,"23,6",Varias,,,,,,,,,
2006-05-08,6143X,COÍN,MALAGA,230,"21,8","0,0","13,8",Varias,"29,8",16:24,,,,,,,,,
2006-05-09,6143X,COÍN,MALAGA,230,"20,2","0,0","15,3",05:50,"25,0",Varias,,,,,,,,,
2006-05-10,6143X,COÍN,MALAGA,230,"19,0","0,0","16,7",Varias,"21,4",Varias,,,,,,,,,
2006-05-11,6143X,COÍN,MALAGA,230,"18,4","0,0","15,6",Varias,"21,2",16:17,,,,,,,,,
2006-05-12,6143X,COÍN,MALAGA,230,"19,8","0,0","14,0",04:28,"25,6",Varias,,,,,,,,,
2006-05-13,6143X,COÍN,MALAGA,230,"19,0","0,0","14,4",Varias,"23,5",16:31,,,,,,,,,
2006-05-14,6143X,COÍN,MALAGA,230,"19,8","0,0","17,4",Varias,"22,3",Varias,,,,,,,,,
2006-05-15,6143X,COÍN,MALAGA,230,"21,6","0,0","15,3",04:53,"27,9",15:18,,,,,,,,,
2006-05-16,6143X,COÍN,MALAGA,230,"22,4","0,0","16,1",04:24,"28,7",13:02,,,,,,,,,
2006-05-17,6143X,COÍN,MALAGA,230,"24,8","0,0","17,0",Varias,"32,6",15:44,,,,,,,,,
2006-05-18,6143X,COÍN,MALAGA,230,"27,0","0,0","18,1",01:16,"35,8",13:05,,,,,,,,,
2006-05-19,6143X,COÍN,MALAGA,230,"26,5","0,0","18,5",23:40,"34,5",Varias,,,,,,,,,
2006-05-20,6143X,COÍN,MALAGA,230,"23,9","0,0","15,8",Varias,"32,0",15:27,,,,,,,,,
2006-05-21,6143X,COÍN,MALAGA,230,"25,2","0,0","18,5",Varias,"31,8",16:05,,,,,,,,,
2006-05-22,6143X,COÍN,MALAGA,230,"22,0","0,0","16,7",05:48,"27,2",15:29,,,,,,,,,
2006-05-23,6143X,COÍN,MALAGA,230,"22,7","0,0","17,4",Varias,"28,0",16:24,,,,,,,,,
2006-05-24,6143X,COÍN,MALAGA,230,"20,0","0,0","15,7",02:33,"24,2",13:19,,,,,,,,,
2006-05-25,6143X,COÍN,MALAGA,230,"18,7","0,0","13,5",05:45,"23,9",10:01,,,,,,,,,
2006-05-26,6143X,COÍN,MALAGA,230,"19,8","0,0","14,8",Varias,"24,9",15:36,,,,,,,,,
2006-05-27,6143X,COÍN,MALAGA,230,"22,4","0,0","18,1",Varias,"26,6",13:05,,,,,,,,,
2006-05-28,6143X,COÍN,MALAGA,230,"24,2","0,0","17,2",03:54,"31,1",16:33,,,,,,,,,
2006-05-29,6143X,COÍN,MALAGA,230,"25,8","0,0","18,4",05:02,"33,2",11:30,,,,,,,,,
2006-05-30,6143X,COÍN,MALAGA,230,"24,9","0,0","19,5",05:25,"30,3",12:27,,,,,,,,,
2006-05-31,6143X,COÍN,MALAGA,230,"23,4","0,0","19,3",23:41,"27,6",16:58,,,,,,,,,
2006-06-01,6143X,COÍN,MALAGA,230,"18,0","6,0","15,2",23:53,"20,9",16:51,,,,,,,,,
2006-06-02,6143X,COÍN,MALAGA,230,"20,0","0,0","13,0",Varias,"26,9",15:41,,,,,,,,,
2006-06-03,6143X,COÍN,MALAGA,230,"19,2","0,0","14,9",05:34,"23,4",14:25,,,,,,,,,
2006-06-04,6143X,COÍN,MALAGA,230,"19,6","0,0","13,9",Varias,"25,4",17:26,,,,,,,,,
2006-06-05,6143X,COÍN,MALAGA,230,"20,2","0,0","13,0",05:08,"27,5",14:32,,,,,,,,,
2006-06-06,6143X,COÍN,MALAGA,230,"23,4","0,0","15,9",04:49,"31,0",17:05,,,,,,,,,
2006-06-07,6143X,COÍN,MALAGA,230,"26,0","0,0","18,1",Varias,"34,0",Varias,,,,,,,,,
2006-06-08,6143X,COÍN,MALAGA,230,"26,5",,"20,4",00:28,"32,6",11:28,,,,,,,,,
2006-06-09,6143X,COÍN,MALAGA,230,"24,3",,"19,4",01:45,"29,2",12:30,,,,,,,,,
2006-06-10,6143X,COÍN,MALAGA,230,"23,1","0,0","18,8",23:40,"27,4",10:50,,,,,,,,,
2006-06-11,6143X,COÍN,MALAGA,230,"22,4","0,0","16,4",05:13,"28,3",15:17,,,,,,,,,
2006-06-12,6143X,COÍN,MALAGA,230,"21,4","1,8","17,9",23:49,"25,0",Varias,,,,,,,,,
2006-06-13,6143X,COÍN,MALAGA,230,"23,0","0,0","18,1",05:33,"27,9",15:28,,,,,,,,,
2006-06-14,6143X,COÍN,MALAGA,230,"22,2","0,0","18,3",23:55,"26,2",15:12,,,,,,,,,
2006-06-15,6143X,COÍN,MALAGA,230,"23,4","0,4","18,0",Varias,"28,7",16:20,,,,,,,,,
2006-06-16,6143X,COÍN,MALAGA,230,"22,8","0,0","17,0",05:20,"28,7",14:33,,,,,,,,,
2006-06-17,6143X,COÍN,MALAGA,230,"22,8","5,6","18,1",05:25,"27,5",10:58,,,,,,,,,
2006-06-18,6143X,COÍN,MALAGA,230,"23,2","0,0","17,2",Varias,"29,3",15:34,,,,,,,,,
2006-06-19,6143X,COÍN,MALAGA,230,"25,5","0,0","20,1",00:08,"30,9",14:12,,,,,,,,,
2006-06-20,6143X,COÍN,MALAGA,230,"27,0","0,0","19,7",Varias,"34,2",11:45,,,,,,,,,
2006-06-21,6143X,COÍN,MALAGA,230,"26,6","0,0","20,2",05:11,"33,0",13:30,,,,,,,,,
2006-06-22,6143X,COÍN,MALAGA,230,"26,8","0,0","20,6",04:47,"33,1",14:38,,,,,,,,,
2006-06-23,6143X,COÍN,MALAGA,230,"27,7","0,0","20,2",Varias,"35,2",15:17,,,,,,,,,
2006-06-24,6143X,COÍN,MALAGA,230,"27,0","0,0","20,1",04:33,"33,8",11:45,,,,,,,,,
2006-06-25,6143X,COÍN,MALAGA,230,"27,7","0,0","20,1",05:14,"35,3",15:20,,,,,,,,,
2006-06-26,6143X,COÍN,MALAGA,230,"26,0","0,0","18,7",05:24,"33,2",15:56,,,,,,,,,
2006-06-27,6143X,COÍN,MALAGA,230,"24,2","0,0","19,5",05:41,"28,9",15:06,,,,,,,,,
2006-06-28,6143X,COÍN,MALAGA,230,"24,8","0,0","16,2",05:23,"33,5",16:24,,,,,,,,,
2006-06-29,6143X,COÍN,MALAGA,230,"25,6","0,0","17,8",05:12,"33,3",15:08,,,,,,,,,
2006-06-30,6143X,COÍN,MALAGA,230,"25,8","0,0","19,1",Varias,"32,4",15:32,,,,,,,,,
2006-07-01,6143X,COÍN,MALAGA,230,"24,4",,"18,1",05:16,"30,8",13:24,,,,,,,,,
2006-07-02,6143X,COÍN,MALAGA,230,"26,2",,"18,2",05:22,"34,2",Varias,,,,,,,,,
2006-07-03,6143X,COÍN,MALAGA,230,"26,7","0,0","17,9",05:17,"35,5",15:42,,,,,,,,,
2006-07-04,6143X,COÍN,MALAGA,230,"28,6","0,0","19,7",05:22,"37,6",15:51,,,,,,,,,
2006-07-05,6143X,COÍN,MALAGA,230,"28,2","0,0","20,3",05:15,"36,1",16:07,,,,,,,,,
2006-07-06,6143X,COÍN,MALAGA,230,"29,9","0,0","20,9",Varias,"38,9",15:09,,,,,,,,,
2006-07-07,6143X,COÍN,MALAGA,230,"26,0","0,0","21,0",Varias,"31,1",13:30,,,,,,,,,
2006-07-08,6143X,COÍN,MALAGA,230,"25,8","0,0","20,0",05:26,"31,7",17:07,,,,,,,,,
2006-07-09,6143X,COÍN,MALAGA,230,"27,9","0,0","20,2",04:36,"35,6",14:56,,,,,,,,,
2006-07-10,6143X,COÍN,MALAGA,230,"30,4","0,0","23,6",Varias,"37,3",13:18,,,,,,,,,
2006-07-11,6143X,COÍN,MALAGA,230,"30,8","0,0","24,7",23:34,"36,9",12:10,,,,,,,,,
2006-07-12,6143X,COÍN,MALAGA,230,"28,1","0,0","23,7",05:38,"32,5",Varias,,,,,,,,,
2006-07-13,6143X,COÍN,MALAGA,230,"28,0","0,4","23,1",23:56,"33,0",16:56,,,,,,,,,
2006-07-14,6143X,COÍN,MALAGA,230,"28,6","0,0","23,1",Varias,"34,0",15:06,,,,,,,,,
2006-07-15,6143X,COÍN,MALAGA,230,"27,6","0,0","22,0",05:33,"33,1",Varias,,,,,,,,,
2006-07-16,6143X,COÍN,MALAGA,230,"27,5","0,0","22,0",05:24,"33,0",16:57,,,,,,,,,
2006-07-17,6143X,COÍN,MALAGA,230,"27,5","0,0","21,5",Varias,"33,5",14:27,,,,,,,,,
2006-07-18,6143X,COÍN,MALAGA,230,"27,0","0,0","22,0",Varias,"31,9",14:22,,,,,,,,,
2006-07-19,6143X,COÍN,MALAGA,230,"26,3","0,0","21,6",05:17,"31,0",12:58,,,,,,,,,
2006-07-20,6143X,COÍN,MALAGA,230,"26,0","0,0","20,9",05:26,"31,2",16:17,,,,,,,,,
2006-07-21,6143X,COÍN,MALAGA,230,"27,0","0,0","21,7",05:10,"32,2",Varias,,,,,,,,,
2006-07-22,6143X,COÍN,MALAGA,230,"31,8","0,0","22,3",05:19,"41,2",14:52,,,,,,,,,
2006-07-23,6143X,COÍN,MALAGA,230,"29,0","0,0","23,5",23:57,"34,6",11:10,,,,,,,,,
2006-07-24,6143X,COÍN,MALAGA,230,"27,3","0,0","21,0",04:50,"33,6",16:10,,,,,,,,,
2006-07-25,6143X,COÍN,MALAGA,230,"28,2","0,0","21,1",02:30,"35,3",14:24,,,,,,,,,
2006-07-26,6143X,COÍN,MALAGA,230,"27,2","0,0","21,0",02:46,"33,5",15:43,,,,,,,,,
2006-07-27,6143X,COÍN,MALAGA,230,"28,5","0,0","21,0",05:09,"36,0",16:08,,,,,,,,,
2006-07-28,6143X,COÍN,MALAGA,230,"30,2","0,0","21,9",05:22,"38,5",16:03,,,,,,,,,
2006-07-29,6143X,COÍN,MALAGA,230,"27,6","0,0","20,3",05:35,"34,9",14:01,,,,,,,,,
2006-07-30,6143X,COÍN,MALAGA,230,"28,6","0,0","20,9",05:45,"36,2",16:11,,,,,,,,,
2006-07-31,6143X,COÍN,MALAGA,230,"32,2","0,0","22,9",Varias,"41,4",14:14,,,,,,,,,
2006-08-01,6143X,COÍN,MALAGA,230,"33,9",,"25,4",Varias,"42,4",14:48,,,,,,,,,
2006-08-02,6143X,COÍN,MALAGA,230,"29,3",,"22,7",05:31,"35,9",16:24,,,,,,,,,
2006-08-03,6143X,COÍN,MALAGA,230,"32,0","0,0","22,8",05:28,"41,2",14:33,,,,,,,,,
2006-08-04,6143X,COÍN,MALAGA,230,"27,8","0,0","24,2",Varias,"31,3",16:02,,,,,,,,,
2006-08-05,6143X,COÍN,MALAGA,230,"27,9","0,0","23,1",Varias,"32,7",Varias,,,,,,,,,
2006-08-06,6143X,COÍN,MALAGA,230,"28,0","0,0","22,0",05:43,"33,9",14:27,,,,,,,,,
2006-08-07,6143X,COÍN,MALAGA,230,"27,2","0,0","22,4",05:16,"32,1",14:06,,,,,,,,,
2006-08-08,6143X,COÍN,MALAGA,230,"26,8","0,0","21,2",Varias,"32,5",16:06,,,,,,,,,
2006-08-09,6143X,COÍN,MALAGA,230,"25,2","0,0","20,6",05:33,"29,7",Varias,,,,,,,,,
2006-08-10,6143X,COÍN,MALAGA,230,"27,2","0,0","20,4",05:45,"34,0",11:31,,,,,,,,,
2006-08-11,6143X,COÍN,MALAGA,230,"27,0","0,0","21,7",Varias,"32,3",14:06,,,,,,,,,
2006-08-12,6143X,COÍN,MALAGA,230,"31,3","0,0","21,6",04:01,"41,0",14:55,,,,,,,,,
2006-08-13,6143X,COÍN,MALAGA,230,"26,4","0,0","23,1",23:53,"29,6",Varias,,,,,,,,,
2006-08-14,6143X,COÍN,MALAGA,230,"26,9","0,0","21,5",Varias,"32,3",12:27,,,,,,,,,
2006-08-15,6143X,COÍN,MALAGA,230,"26,4","0,0","19,3",Varias,"33,5",13:52,,,,,,,,,
2006-08-16,6143X,COÍN,MALAGA,230,"24,0","0,0","18,2",05:16,"29,7",15:30,,,,,,,,,
2006-08-17,6143X,COÍN,MALAGA,230,"21,7","3,4","17,6",23:46,"25,8",17:25,,,,,,,,,
2006-08-18,6143X,COÍN,MALAGA,230,"22,8","0,0","15,4",05:40,"30,2",14:50,,,,,,,,,
2006-08-19,6143X,COÍN,MALAGA,230,"24,5","0,0","16,2",05:44,"32,8",17:29,,,,,,,,,
2006-08-20,6143X,COÍN,MALAGA,230,"24,6","0,0","17,6",05:24,"31,5",13:28,,,,,,,,,
2006-08-21,6143X,COÍN,MALAGA,230,"25,8","0,0","21,2",04:14,"30,5",Varias,,,,,,,,,
2006-08-22,6143X,COÍN,MALAGA,230,"25,0","0,0","20,6",23:39,"29,4",16:02,,,,,,,,,
2006-08-23,6143X,COÍN,MALAGA,230,"24,8","0,0","18,4",05:59,"31,2",16:05,,,,,,,,,
2006-08-24,6143X,COÍN,MALAGA,230,"28,4","0,0","20,1",03:19,"36,8",12:26,,,,,,,,,
2006-08-25,6143X,COÍN,MALAGA,230,"24,9","0,0","18,8",06:10,"31,0",17:08,,,,,,,,,
2006-08-26,6143X,COÍN,MALAGA,230,"28,4","0,0","21,2",01:45,"35,6",Varias,,,,,,,,,
2006-08-27,6143X,COÍN,MALAGA,230,"25,4","0,0","20,2",05:26,"30,5",12:11,,,,,,,,,
2006-08-28,6143X,COÍN,MALAGA,230,"26,2","0,0","19,5",05:53,"32,8",14:38,,,,,,,,,
2006-08-29,6143X,COÍN,MALAGA,230,"28,3","0,0","20,4",04:34,"36,2",14:02,,,,,,,,,
2006-08-30,6143X,COÍN,MALAGA,230,"29,3","0,0","21,9",Varias,"36,7",11:45,,,,,,,,,
2006-08-31,6143X,COÍN,MALAGA,230,"26,6","0,0","21,9",22:33,"31,2",Varias,,,,,,,,,
2006-09-01,6143X,COÍN,MALAGA,230,"25,6",,"18,9",05:20,"32,3",15:23,,,,,,,,,
2006-09-02,6143X,COÍN,MALAGA,230,"27,0",,"19,3",05:25,"34,8",15:13,,,,,,,,,
2006-09-03,6143X,COÍN,MALAGA,230,"26,4","0,0","21,1",05:17,"31,8",12:34,,,,,,,,,
2006-09-04,6143X,COÍN,MALAGA,230,"24,6","0,0","20,7",Varias,"28,6",13:54,,,,,,,,,
2006-09-05,6143X,COÍN,MALAGA,230,"24,8","0,0","20,9",Varias,"28,8",12:28,,,,,,,,,
2006-09-06,6143X,COÍN,MALAGA,230,"26,0","0,0","20,5",04:43,"31,6",15:16,,,,,,,,,
2006-09-07,6143X,COÍN,MALAGA,230,"25,4","0,0","19,7",05:05,"31,2",16:48,,,,,,,,,
2006-09-08,6143X,COÍN,MALAGA,230,"26,6","0,0","20,7",Varias,"32,4",Varias,,,,,,,,,
2006-09-09,6143X,COÍN,MALAGA,230,"26,5","0,0","20,9",06:03,"32,1",14:07,,,,,,,,,
2006-09-10,6143X,COÍN,MALAGA,230,"25,8","0,0","20,6",Varias,"31,1",13:29,,,,,,,,,
2006-09-11,6143X,COÍN,MALAGA,230,"24,6","0,8","20,3",05:06,"28,9",14:25,,,,,,,,,
2006-09-12,6143X,COÍN,MALAGA,230,"23,2","4,8","18,5",23:59,"27,9",Varias,,,,,,,,,
2006-09-13,6143X,COÍN,MALAGA,230,"23,4","1,4","17,1",04:12,"29,6",13:57,,,,,,,,,
2006-09-14,6143X,COÍN,MALAGA,230,"21,2","0,0","16,7",06:22,"25,8",Varias,,,,,,,,,
2006-09-15,6143X,COÍN,MALAGA,230,"21,7","0,0","16,7",05:49,"26,7",16:01,,,,,,,,,
2006-09-16,6143X,COÍN,MALAGA,230,"22,5","0,0","15,1",06:10,"29,9",Varias,,,,,,,,,
2006-09-17,6143X,COÍN,MALAGA,230,"24,0","0,0","16,0",04:43,"31,9",13:21,,,,,,,,,
2006-09-18,6143X,COÍN,MALAGA,230,"25,7","0,0","18,7",06:07,"32,7",12:36,,,,,,,,,
2006-09-19,6143X,COÍN,MALAGA,230,"24,0","0,0","17,0",06:17,"31,1",15:01,,,,,,,,,
2006-09-20,6143X,COÍN,MALAGA,230,"25,1","0,0","19,9",02:31,"30,3",11:25,,,,,,,,,
2006-09-21,6143X,COÍN,MALAGA,230,"23,5","0,0","20,9",Varias,"26,1",15:08,,,,,,,,,
2006-09-22,6143X,COÍN,MALAGA,230,"23,3","0,0","17,7",06:26,"28,9",11:41,,,,,,,,,
2006-09-23,6143X,COÍN,MALAGA,230,"21,5","0,0","15,3",06:01,"27,7",Varias,,,,,,,,,
2006-09-24,6143X,COÍN,MALAGA,230,"22,8","0,0","15,8",06:12,"29,9",Varias,,,,,,,,,
2006-09-25,6143X,COÍN,MALAGA,230,"24,8","0,0","18,4",Varias,"31,1",Varias,,,,,,,,,
2006-09-26,6143X,COÍN,MALAGA,230,"25,6","0,0","19,5",23:49,"31,6",12:22,,,,,,,,,
2006-09-27,6143X,COÍN,MALAGA,230,"25,8","0,0","18,2",05:03,"33,3",14:48,,,,,,,,,
2006-09-28,6143X,COÍN,MALAGA,230,"24,3","0,0","18,8",04:17,"29,8",14:36,,,,,,,,,
2006-09-29,6143X,COÍN,MALAGA,230,"25,4","0,0","17,7",05:47,"33,0",15:14,,,,,,,,,
2006-09-30,6143X,COÍN,MALAGA,230,"25,0","0,0","17,8",06:21,"32,3",14:03,,,,,,,,,
2006-10-01,6143X,COÍN,MALAGA,230,"24,0",,"17,6",06:20,"30,5",14:35,,,,,,,,,
2006-10-02,6143X,COÍN,MALAGA,230,"25,4",,"18,7",06:35,"32,1",14:07,,,,,,,,,
2006-10-03,6143X,COÍN,MALAGA,230,"25,4","0,0","20,2",23:16,"30,7",14:26,,,,,,,,,
2006-10-04,6143X,COÍN,MALAGA,230,"22,0","0,0","17,3",Varias,"26,6",13:24,,,,,,,,,
2006-10-05,6143X,COÍN,MALAGA,230,"21,0","0,0","15,4",05:37,"26,5",13:36,,,,,,,,,
2006-10-06,6143X,COÍN,MALAGA,230,"20,2","0,0","14,4",06:34,"26,0",Varias,,,,,,,,,
2006-10-07,6143X,COÍN,MALAGA,230,"22,0","0,0","14,8",05:35,"29,1",15:39,,,,,,,,,
2006-10-08,6143X,COÍN,MALAGA,230,"21,9","0,0","15,2",04:48,"28,6",14:30,,,,,,,,,
2006-10-09,6143X,COÍN,MALAGA,230,"21,6","0,0","16,5",Varias,"26,7",11:39,,,,,,,,,
2006-10-10,6143X,COÍN,MALAGA,230,"22,0","0,0","18,3",Varias,"25,8",13:46,,,,,,,,,
2006-10-11,6143X,COÍN,MALAGA,230,"23,2","0,0","16,1",06:19,"30,2",15:19,,,,,,,,,
2006-10-12,6143X,COÍN,MALAGA,230,"21,8","0,0","16,6",05:40,"27,0",10:42,,,,,,,,,
2006-10-13,6143X,COÍN,MALAGA,230,"19,7","0,0","15,6",23:30,"23,8",15:02,,,,,,,,,
2006-10-14,6143X,COÍN,MALAGA,230,"19,4","0,0","14,0",06:51,"24,8",12:04,,,,,,,,,
2006-10-15,6143X,COÍN,MALAGA,230,"19,7","0,0","15,3",Varias,"24,1",15:03,,,,,,,,,
2006-10-16,6143X,COÍN,MALAGA,230,"20,2","1,0","17,5",Varias,"22,8",13:35,,,,,,,,,
2006-10-17,6143X,COÍN,MALAGA,230,"19,6","2,6","18,3",08:15,"20,8",14:14,,,,,,,,,
2006-10-18,6143X,COÍN,MALAGA,230,"19,0","2,2","16,5",Varias,"21,5",Varias,,,,,,,,,
2006-10-19,6143X,COÍN,MALAGA,230,"18,2","0,6","15,9",Varias,"20,6",14:49,,,,,,,,,
2006-10-20,6143X,COÍN,MALAGA,230,"19,4","0,8","15,7",06:03,"23,1",Varias,,,,,,,,,
2006-10-21,6143X,COÍN,MALAGA,230,"21,6","0,0","17,0",23:51,"26,2",13:57,,,,,,,,,
2006-10-22,6143X,COÍN,MALAGA,230,"20,6","0,0","15,6",07:06,"25,7",11:18,,,,,,,,,
2006-10-23,6143X,COÍN,MALAGA,230,"20,4","6,0","16,9",22:04,"23,9",10:39,,,,,,,,,
2006-10-24,6143X,COÍN,MALAGA,230,"20,8","2,4","17,1",Varias,"24,5",Varias,,,,,,,,,
2006-10-25,6143X,COÍN,MALAGA,230,"19,6","10,4","15,5",Varias,"23,7",12:23,,,,,,,,,
2006-10-26,6143X,COÍN,MALAGA,230,"17,9","0,0","14,9",23:49,"20,9",12:07,,,,,,,,,
2006-10-27,6143X,COÍN,MALAGA,230,"18,0","5,6","14,7",00:38,"21,3",Varias,,,,,,,,,
2006-10-28,6143X,COÍN,MALAGA,230,"22,0","0,0","18,4",01:14,"25,5",13:09,,,,,,,,,
2006-10-29,6143X,COÍN,MALAGA,230,"20,5","0,0","15,7",23:06,"25,3",15:41,,,,,,,,,
2006-10-30,6143X,COÍN,MALAGA,230,"21,4","0,0","14,1",06:43,"28,6",15:21,,,,,,,,,
2006-10-31,6143X,COÍN,MALAGA,230,"23,2","0,0","15,7",07:01,"30,8",13:43,,,,,,,,,
2006-11-01,6143X,COÍN,MALAGA,230,"23,0",,"16,4",03:45,"29,5",13:07,,,,,,,,,
2006-11-02,6143X,COÍN,MALAGA,230,"21,2",,"18,1",23:01,"24,4",09:49,,,,,,,,,
2006-11-03,6143X,COÍN,MALAGA,230,"19,9","1,0","17,1",07:22,"22,7",13:43,,,,,,,,,
2006-11-04,6143X,COÍN,MALAGA,230,"18,0","0,4","17,3",Varias,"18,8",Varias,,,,,,,,,
2006-11-05,6143X,COÍN,MALAGA,230,"18,8","0,0","17,5",Varias,"20,2",13:27,,,,,,,,,
2006-11-06,6143X,COÍN,MALAGA,230,"18,0","109,0","16,1",Varias,"20,0",Varias,,,,,,,,,
2006-11-07,6143X,COÍN,MALAGA,230,"16,4","71,0","15,2",Varias,"17,5",14:13,,,,,,,,,
2006-11-08,6143X,COÍN,MALAGA,230,"16,2","25,0","15,2",06:12,"17,2",13:56,,,,,,,,,
2006-11-09,6143X,COÍN,MALAGA,230,"18,6",,"14,7",23:06,"22,4",14:04,,,,,,,,,
2006-11-10,6143X,COÍN,MALAGA,230,"17,6",,"13,1",Varias,"22,0",Varias,,,,,,,,,
2006-11-11,6143X,COÍN,MALAGA,230,"17,0","0,0","11,4",23:58,"22,7",14:49,,,,,,,,,
2006-11-12,6143X,COÍN,MALAGA,230,"16,6","0,0","9,1",05:42,"24,2",Varias,,,,,,,,,
2006-11-13,6143X,COÍN,MALAGA,230,"18,2","0,0","11,9",Varias,"24,6",13:54,,,,,,,,,
2006-11-14,6143X,COÍN,MALAGA,230,"15,9","0,0","10,8",Varias,"21,0",14:08,,,,,,,,,
2006-11-15,6143X,COÍN,MALAGA,230,"15,2","1,4","11,2",Varias,"19,2",13:49,,,,,,,,,
2006-11-16,6143X,COÍN,MALAGA,230,"15,4","22,6","13,8",23:47,"17,1",10:28,,,,,,,,,
2006-11-17,6143X,COÍN,MALAGA,230,"14,0","0,0","8,8",Varias,"19,2",15:23,,,,,,,,,
2006-11-18,6143X,COÍN,MALAGA,230,"14,6","0,0","8,2",06:43,"20,9",14:19,,,,,,,,,
2006-11-19,6143X,COÍN,MALAGA,230,"15,0","0,0","8,6",06:12,"21,5",14:17,,,,,,,,,
2006-11-20,6143X,COÍN,MALAGA,230,"17,2","0,0","11,3",Varias,"23,2",15:11,,,,,,,,,
2006-11-21,6143X,COÍN,MALAGA,230,"16,2","0,0","12,1",05:22,"20,2",Varias,,,,,,,,,
2006-11-22,6143X,COÍN,MALAGA,230,"18,0","0,0","15,2",Varias,"20,7",Varias,,,,,,,,,
2006-11-23,6143X,COÍN,MALAGA,230,"17,6","0,0","12,5",02:35,"22,6",13:42,,,,,,,,,
2006-11-24,6143X,COÍN,MALAGA,230,"16,4","0,0","13,3",03:14,"19,6",14:29,,,,,,,,,
2006-11-25,6143X,COÍN,MALAGA,230,"14,6","0,4","13,2",Varias,"16,0",13:15,,,,,,,,,
2006-11-26,6143X,COÍN,MALAGA,230,"14,6","0,0","9,7",23:40,"19,5",13:18,,,,,,,,,
2006-11-27,6143X,COÍN,MALAGA,230,"14,0","0,0","7,9",06:16,"20,0",15:08,,,,,,,,,
2006-11-28,6143X,COÍN,MALAGA,230,"14,8","0,0","10,1",03:08,"19,5",13:55,,,,,,,,,
2006-11-29,6143X,COÍN,MALAGA,230,"15,7","0,2","10,2",06:53,"21,2",14:05,,,,,,,,,
2006-11-30,6143X,COÍN,MALAGA,230,"15,8","0,0","11,8",06:08,"19,9",12:29,,,,,,,,,
2006-12-01,6143X,COÍN,MALAGA,230,"16,3","0,0","14,1",07:11,"18,5",Varias,,,,,,,,,
2006-12-02,6143X,COÍN,MALAGA,230,"14,4",,"12,1",20:18,"16,7",11:02,,,,,,,,,
2006-12-03,6143X,COÍN,MALAGA,230,"13,2",,"9,7",07:56,"16,7",14:06,,,,,,,,,
2006-12-04,6143X,COÍN,MALAGA,230,"16,6","0,0","11,7",Varias,"21,5",14:56,,,,,,,,,
2006-12-05,6143X,COÍN,MALAGA,230,"14,9","2,8","10,5",07:10,"19,3",12:21,,,,,,,,,
2006-12-06,6143X,COÍN,MALAGA,230,"13,6","0,0","10,2",23:55,"17,0",Varias,,,,,,,,,
2006-12-07,6143X,COÍN,MALAGA,230,"13,6","0,0","10,0",Varias,"17,3",14:30,,,,,,,,,
2006-12-08,6143X,COÍN,MALAGA,230,"13,0","2,0","9,9",23:54,"16,2",11:57,,,,,,,,,
2006-12-09,6143X,COÍN,MALAGA,230,"10,9","0,0","7,6",07:40,"14,2",15:25,,,,,,,,,
2006-12-10,6143X,COÍN,MALAGA,230,"11,0","0,0","5,2",Varias,"16,9",Varias,,,,,,,,,
2006-12-11,6143X,COÍN,MALAGA,230,"12,4","0,0","7,7",08:06,"17,0",12:57,,,,,,,,,
2006-12-12,6143X,COÍN,MALAGA,230,"13,2","0,0","8,5",Varias,"17,9",15:01,,,,,,,,,
2006-12-13,6143X,COÍN,MALAGA,230,"12,6","0,0","8,9",23:35,"16,3",11:20,,,,,,,,,
2006-12-14,6143X,COÍN,MALAGA,230,"12,2","0,0","6,8",07:42,"17,7",14:27,,,,,,,,,
2006-12-15,6143X,COÍN,MALAGA,230,"13,3","0,0","9,3",Varias,"17,3",15:09,,,,,,,,,
2006-12-16,6143X,COÍN,MALAGA,230,"13,7","0,0","9,2",05:06,"18,2",13:07,,,,,,,,,
2006-12-17,6143X,COÍN,MALAGA,230,"13,7","0,0","7,0",07:24,"20,4",14:02,,,,,,,,,
2006-12-18,6143X,COÍN,MALAGA,230,"13,2","0,0","7,6",05:15,"18,8",13:20,,,,,,,,,
2006-12-19,6143X,COÍN,MALAGA,230,"10,4","0,0","5,4",Varias,"15,3",Varias,,,,,,,,,
2006-12-20,6143X,COÍN,MALAGA,230,"9,2","0,0","4,1",23:45,"14,4",14:42,,,,,,,,,
2006-12-21,6143X,COÍN,MALAGA,230,"10,1","0,0","3,7",Varias,"16,5",14:50,,,,,,,,,
2006-12-22,6143X,COÍN,MALAGA,230,"11,4","0,0","6,0",02:40,"16,7",14:11,,,,,,,,,
2006-12-23,6143X,COÍN,MALAGA,230,"8,0","5,2","6,2",Varias,"9,8",12:22,,,,,,,,,
2006-12-24,6143X,COÍN,MALAGA,230,"10,8","0,0","4,8",06:23,"16,8",15:04,,,,,,,,,
2006-12-25,6143X,COÍN,MALAGA,230,"10,4","0,0","4,6",07:01,"16,2",13:51,,,,,,,,,
2006-12-26,6143X,COÍN,MALAGA,230,"11,0","0,2","7,0",02:36,"14,9",14:42,,,,,,,,,
2006-12-27,6143X,COÍN,MALAGA,230,"12,2","0,0","10,3",07:27,"14,2",13:12,,,,,,,,,
2006-12-28,6143X,COÍN,MALAGA,230,"11,5","0,0","9,0",05:24,"14,0",Varias,,,,,,,,,
2006-12-29,6143X,COÍN,MALAGA,230,"13,2","0,0","7,9",07:36,"18,4",14:28,,,,,,,,,
2006-12-30,6143X,COÍN,MALAGA,230,"12,8","0,0","6,5",08:04,"19,2",Varias,,,,,,,,,
2006-12-31,6143X,COÍN,MALAGA,230,"13,3","0,0","6,7",06:46,"19,9",15:09,,,,,,,,,
2007-01-01,6143X,COÍN,MALAGA,230,"15,4","0,0","8,0",05:04,"22,8",Varias,,,,,,,,,
2007-01-02,6143X,COÍN,MALAGA,230,"15,0",,"8,3",07:27,"21,8",14:48,,,,,,,,,
2007-01-03,6143X,COÍN,MALAGA,230,"14,5",,"7,3",06:25,"21,7",15:33,,,,,,,,,
2007-01-04,6143X,COÍN,MALAGA,230,"15,3","0,0","7,5",05:10,"23,1",14:28,,,,,,,,,
2007-01-05,6143X,COÍN,MALAGA,230,"15,5","0,0","9,4",05:10,"21,6",13:36,,,,,,,,,
2007-01-06,6143X,COÍN,MALAGA,230,"13,3","0,0","7,0",07:38,"19,6",14:36,,,,,,,,,
2007-01-07,6143X,COÍN,MALAGA,230,"14,0","0,0","7,2",Varias,"20,7",Varias,,,,,,,,,
2007-01-08,6143X,COÍN,MALAGA,230,"13,6","0,0","8,5",07:13,"18,8",15:55,,,,,,,,,
2007-01-09,6143X,COÍN,MALAGA,230,"12,6","0,0","6,8",Varias,"18,4",Varias,,,,,,,,,
2007-01-10,6143X,COÍN,MALAGA,230,"12,8","0,0","6,1",07:02,"19,6",16:07,,,,,,,,,
2007-01-11,6143X,COÍN,MALAGA,230,"12,4","0,0","6,2",07:29,"18,5",14:09,,,,,,,,,
2007-01-12,6143X,COÍN,MALAGA,230,"13,4","0,0","7,8",08:02,"19,1",Varias,,,,,,,,,
2007-01-13,6143X,COÍN,MALAGA,230,"12,6","0,0","6,5",05:23,"18,7",15:15,,,,,,,,,
2007-01-14,6143X,COÍN,MALAGA,230,"12,4","0,0","7,4",Varias,"17,3",14:30,,,,,,,,,
2007-01-15,6143X,COÍN,MALAGA,230,"13,6","0,0","10,3",02:24,"16,9",13:59,,,,,,,,,
2007-01-16,6143X,COÍN,MALAGA,230,"13,4","0,0","8,0",Varias,"18,9",13:20,,,,,,,,,
2007-01-17,6143X,COÍN,MALAGA,230,"14,0","0,0","7,2",07:03,"20,8",15:22,,,,,,,,,
2007-01-18,6143X,COÍN,MALAGA,230,"15,6","0,0","8,2",05:54,"23,0",15:25,,,,,,,,,
2007-01-19,6143X,COÍN,MALAGA,230,"16,2","0,0","8,8",06:01,"23,6",14:06,,,,,,,,,
2007-01-20,6143X,COÍN,MALAGA,230,"17,1","0,0","9,4",07:33,"24,8",15:05,,,,,,,,,
2007-01-21,6143X,COÍN,MALAGA,230,"15,0","0,0","8,8",05:47,"21,1",15:16,,,,,,,,,
2007-01-22,6143X,COÍN,MALAGA,230,"12,8","0,2","7,1",06:24,"18,6",12:37,,,,,,,,,
2007-01-23,6143X,COÍN,MALAGA,230,"10,1","0,0","5,3",04:58,"14,9",15:25,,,,,,,,,
2007-01-24,6143X,COÍN,MALAGA,230,"10,1","0,0","5,4",23:56,"14,8",14:52,,,,,,,,,
2007-01-25,6143X,COÍN,MALAGA,230,"8,0","1,8","2,3",07:18,"13,8",10:56,,,,,,,,,
2007-01-26,6143X,COÍN,MALAGA,230,"5,5","0,2","1,3",Varias,"9,7",12:43,,,,,,,,,
2007-01-27,6143X,COÍN,MALAGA,230,"6,0","20,2","0,8",07:47,"11,3",13:12,,,,,,,,,
2007-01-28,6143X,COÍN,MALAGA,230,"9,8","7,8","5,7",Varias,"14,0",Varias,,,,,,,,,
2007-01-29,6143X,COÍN,MALAGA,230,"10,4","16,4","6,8",23:20,"13,9",16:21,,,,,,,,,
2007-01-30,6143X,COÍN,MALAGA,230,"9,5","0,6","5,3",Varias,"13,7",11:43,,,,,,,,,
2007-01-31,6143X,COÍN,MALAGA,230,"11,4","0,4","7,4",23:56,"15,4",13:07,,,,,,,,,
2007-02-01,6143X,COÍN,MALAGA,230,"10,2",,"5,2",05:48,"15,1",14:40,,,,,,,,,
2007-02-02,6143X,COÍN,MALAGA,230,"11,0",,"8,9",04:25,"13,2",14:02,,,,,,,,,
2007-02-03,6143X,COÍN,MALAGA,230,"11,0","19,4","10,1",23:57,"11,8",Varias,,,,,,,,,
2007-02-04,6143X,COÍN,MALAGA,230,"13,1","0,0","9,2",Varias,"17,0",14:23,,,,,,,,,
2007-02-05,6143X,COÍN,MALAGA,230,"11,6","0,0","8,6",23:53,"14,5",14:29,,,,,,,,,
2007-02-06,6143X,COÍN,MALAGA,230,"12,6","0,0","7,2",Varias,"18,0",13:06,,,,,,,,,
2007-02-07,6143X,COÍN,MALAGA,230,"14,9","0,2","7,5",06:30,"22,3",15:03,,,,,,,,,
2007-02-08,6143X,COÍN,MALAGA,230,"15,0","7,0","11,9",04:24,"18,2",19:20,,,,,,,,,
2007-02-09,6143X,COÍN,MALAGA,230,"15,2","0,0","10,5",22:29,"19,8",16:41,,,,,,,,,
2007-02-10,6143X,COÍN,MALAGA,230,"15,6","0,0","10,0",01:07,"21,2",Varias,,,,,,,,,
2007-02-11,6143X,COÍN,MALAGA,230,"17,4","0,0","11,7",06:30,"23,2",15:03,,,,,,,,,
2007-02-12,6143X,COÍN,MALAGA,230,"16,8","0,0","12,2",01:24,"21,4",13:05,,,,,,,,,
2007-02-13,6143X,COÍN,MALAGA,230,"18,5","0,0","12,2",07:05,"24,8",15:19,,,,,,,,,
2007-02-14,6143X,COÍN,MALAGA,230,"17,6","0,0","11,9",07:26,"23,2",12:40,,,,,,,,,
2007-02-15,6143X,COÍN,MALAGA,230,"15,6","0,0","10,4",05:38,"20,7",14:20,,,,,,,,,
2007-02-16,6143X,COÍN,MALAGA,230,"15,4","1,0","9,8",06:28,"20,9",12:05,,,,,,,,,
2007-02-17,6143X,COÍN,MALAGA,230,"12,2","1,6","8,7",03:38,"15,6",14:50,,,,,,,,,
2007-02-18,6143X,COÍN,MALAGA,230,"13,1","0,0","8,6",05:38,"17,6",15:36,,,,,,,,,
2007-02-19,6143X,COÍN,MALAGA,230,"13,3","1,4","7,8",07:04,"18,8",13:21,,,,,,,,,
2007-02-20,6143X,COÍN,MALAGA,230,"10,2","3,8","8,6",07:02,"11,9",Varias,,,,,,,,,
2007-02-21,6143X,COÍN,MALAGA,230,"12,9","0,0","7,7",23:54,"18,1",15:51,,,,,,,,,
2007-02-22,6143X,COÍN,MALAGA,230,"13,1","0,0","7,5",Varias,"18,7",13:58,,,,,,,,,
2007-02-23,6143X,COÍN,MALAGA,230,"15,9","0,0","11,4",00:19,"20,4",14:12,,,,,,,,,
2007-02-24,6143X,COÍN,MALAGA,230,"15,0","0,0","9,9",07:05,"20,2",14:01,,,,,,,,,
2007-02-25,6143X,COÍN,MALAGA,230,"15,5","0,0","9,6",06:51,"21,4",12:23,,,,,,,,,
2007-02-26,6143X,COÍN,MALAGA,230,"16,5","0,0","11,8",07:11,"21,2",14:29,,,,,,,,,
2007-02-27,6143X,COÍN,MALAGA,230,"17,8","0,0","10,0",06:46,"25,5",Varias,,,,,,,,,
2007-02-28,6143X,COÍN,MALAGA,230,"18,4","0,0","11,1",07:16,"25,6",15:23,,,,,,,,,
2007-03-01,6143X,COÍN,MALAGA,230,"17,8","0,0","12,5",07:08,"23,1",12:34,,,,,,,,,
2007-03-02,6143X,COÍN,MALAGA,230,"17,5",,"11,3",06:48,"23,7",Varias,,,,,,,,,
2007-03-03,6143X,COÍN,MALAGA,230,"20,4",,"11,9",07:23,"28,8",15:04,,,,,,,,,
2007-03-04,6143X,COÍN,MALAGA,230,"18,8","0,0","11,2",06:22,"26,3",16:20,,,,,,,,,
2007-03-05,6143X,COÍN,MALAGA,230,"16,6","0,0","10,5",23:30,"22,7",16:17,,,,,,,,,
2007-03-06,6143X,COÍN,MALAGA,230,"15,9","0,0","9,1",03:13,"22,7",16:10,,,,,,,,,
2007-03-07,6143X,COÍN,MALAGA,230,"18,1","0,0","12,9",04:05,"23,3",Varias,,,,,,,,,
2007-03-08,6143X,COÍN,MALAGA,230,"15,1","0,0","11,0",06:33,"19,2",16:17,,,,,,,,,
2007-03-09,6143X,COÍN,MALAGA,230,"15,7","0,0","10,0",23:47,"21,4",14:44,,,,,,,,,
2007-03-10,6143X,COÍN,MALAGA,230,"16,3","0,0","9,1",02:57,"23,5",13:18,,,,,,,,,
2007-03-11,6143X,COÍN,MALAGA,230,"12,6","0,0","8,2",23:59,"17,0",09:59,,,,,,,,,
2007-03-12,6143X,COÍN,MALAGA,230,"13,6","0,0","5,8",Varias,"21,4",Varias,,,,,,,,,
2007-03-13,6143X,COÍN,MALAGA,230,"14,4","0,0","9,1",03:03,"19,7",14:17,,,,,,,,,
2007-03-14,6143X,COÍN,MALAGA,230,"13,6","0,0","10,4",23:57,"16,8",13:21,,,,,,,,,
2007-03-15,6143X,COÍN,MALAGA,230,"13,6","0,0","9,4",07:24,"17,8",15:06,,,,,,,,,
2007-03-16,6143X,COÍN,MALAGA,230,"14,6","0,0","9,6",Varias,"19,5",15:28,,,,,,,,,
2007-03-17,6143X,COÍN,MALAGA,230,"12,5","0,0","8,0",06:11,"17,0",12:06,,,,,,,,,
2007-03-18,6143X,COÍN,MALAGA,230,"14,8","0,0","7,8",Varias,"21,7",14:43,,,,,,,,,
2007-03-19,6143X,COÍN,MALAGA,230,,"0,0",,,,,,,,,,,,,
2007-03-20,6143X,COÍN,MALAGA,230,"12,7","0,0","8,2",06:26,"17,2",16:07,,,,,,,,,
2007-03-21,6143X,COÍN,MALAGA,230,"10,5","0,0","5,6",06:25,"15,4",16:22,,,,,,,,,
2007-03-22,6143X,COÍN,MALAGA,230,"11,4","0,0","5,7",06:36,"17,2",14:53,,,,,,,,,
2007-03-23,6143X,COÍN,MALAGA,230,"14,6","0,0","6,6",04:30,"22,7",14:57,,,,,,,,,
2007-03-24,6143X,COÍN,MALAGA,230,"16,0","0,0","8,3",06:33,"23,6",13:58,,,,,,,,,
2007-03-25,6143X,COÍN,MALAGA,230,"15,4","0,0","8,9",06:28,"21,9",14:45,,,,,,,,,
2007-03-26,6143X,COÍN,MALAGA,230,"11,2","3,8","8,0",05:41,"14,3",12:04,,,,,,,,,
2007-03-27,6143X,COÍN,MALAGA,230,"13,6","0,2","9,0",06:30,"18,3",12:48,,,,,,,,,
2007-03-28,6143X,COÍN,MALAGA,230,"13,2","0,8","8,3",23:56,"18,0",14:04,,,,,,,,,
2007-03-29,6143X,COÍN,MALAGA,230,"13,9","0,0","8,3",00:30,"19,5",15:36,,,,,,,,,
2007-03-30,6143X,COÍN,MALAGA,230,"16,7","0,0","8,9",06:21,"24,5",15:44,,,,,,,,,
2007-03-31,6143X,COÍN,MALAGA,230,"13,0","0,4","9,2",06:14,"16,9",15:36,,,,,,,,,
2007-04-01,6143X,COÍN,MALAGA,230,"12,1","7,2","8,4",22:30,"15,8",16:26,,,,,,,,,
2007-04-02,6143X,COÍN,MALAGA,230,"12,1","0,4","7,2",07:10,"17,0",16:43,,,,,,,,,
2007-04-03,6143X,COÍN,MALAGA,230,"12,4","0,0","6,3",05:25,"18,5",12:07,,,,,,,,,
2007-04-04,6143X,COÍN,MALAGA,230,"13,8","0,0","9,2",04:41,"18,5",Varias,,,,,,,,,
2007-04-05,6143X,COÍN,MALAGA,230,"13,9","0,0","9,1",23:57,"18,7",16:30,,,,,,,,,
2007-04-06,6143X,COÍN,MALAGA,230,"10,2","9,0","5,3",Varias,"15,2",10:48,,,,,,,,,
2007-04-07,6143X,COÍN,MALAGA,230,"11,2","0,0","6,4",06:10,"16,1",17:16,,,,,,,,,
2007-04-08,6143X,COÍN,MALAGA,230,"12,4","0,0","7,1",05:59,"17,6",11:37,,,,,,,,,
2007-04-09,6143X,COÍN,MALAGA,230,"13,2","19,0","11,9",Varias,"14,4",09:36,,,,,,,,,
2007-04-10,6143X,COÍN,MALAGA,230,"13,8","0,4","11,8",02:30,"15,9",16:30,,,,,,,,,
2007-04-11,6143X,COÍN,MALAGA,230,"12,2","26,4","10,8",21:30,"13,6",01:30,,,,,,,,,
2007-04-12,6143X,COÍN,MALAGA,230,"15,0","7,2","10,5",06:30,"19,4",12:01,,,,,,,,,
2007-04-13,6143X,COÍN,MALAGA,230,"16,9","0,0","10,8",06:30,"23,0",Varias,,,,,,,,,
2007-04-14,6143X,COÍN,MALAGA,230,"18,0","0,0","10,4",05:46,"25,5",16:30,,,,,,,,,
2007-04-15,6143X,COÍN,MALAGA,230,"17,3","0,0","12,2",05:46,"22,4",11:43,,,,,,,,,
2007-04-16,6143X,COÍN,MALAGA,230,"15,8","0,0","11,6",06:30,"20,1",15:14,,,,,,,,,
2007-04-17,6143X,COÍN,MALAGA,230,"17,0","0,0","11,8",00:15,"22,1",14:27,,,,,,,,,
2007-04-18,6143X,COÍN,MALAGA,230,"16,6","0,2","13,5",06:06,"19,8",14:12,,,,,,,,,
2007-04-19,6143X,COÍN,MALAGA,230,"19,2","0,0","14,7",Varias,"23,8",14:19,,,,,,,,,
2007-04-20,6143X,COÍN,MALAGA,230,"17,8","1,0","12,6",04:30,"23,0",15:16,,,,,,,,,
2007-04-21,6143X,COÍN,MALAGA,230,"15,6","2,8","13,9",08:08,"17,2",16:05,,,,,,,,,
2007-04-22,6143X,COÍN,MALAGA,230,"17,5","0,4","13,3",04:40,"21,7",15:37,,,,,,,,,
2007-04-23,6143X,COÍN,MALAGA,230,"18,4","0,4","12,7",05:30,"24,1",13:59,,,,,,,,,
2007-04-24,6143X,COÍN,MALAGA,230,"18,2","0,0","12,4",04:18,"24,1",14:40,,,,,,,,,
2007-04-25,6143X,COÍN,MALAGA,230,"19,6","0,0","14,0",05:53,"25,2",14:14,,,,,,,,,
2007-04-26,6143X,COÍN,MALAGA,230,"16,6","0,0","11,4",05:08,"21,9",09:53,,,,,,,,,
2007-04-27,6143X,COÍN,MALAGA,230,"16,6","0,0","10,5",05:30,"22,6",12:40,,,,,,,,,
2007-04-28,6143X,COÍN,MALAGA,230,"16,4","0,0","10,8",05:52,"21,9",15:35,,,,,,,,,
2007-04-29,6143X,COÍN,MALAGA,230,"19,0","0,0","11,1",05:36,"26,9",16:30,,,,,,,,,
2007-04-30,6143X,COÍN,MALAGA,230,"18,2","0,0","12,2",05:36,"24,2",13:30,,,,,,,,,
2007-05-01,6143X,COÍN,MALAGA,230,"16,8","0,6","11,3",05:31,"22,2",15:45,,,,,,,,,
2007-05-02,6143X,COÍN,MALAGA,230,"13,8","9,6","11,5",06:15,"16,0",11:46,,,,,,,,,
2007-05-03,6143X,COÍN,MALAGA,230,"16,0","0,0","12,0",05:38,"20,0",11:32,,,,,,,,,
2007-05-04,6143X,COÍN,MALAGA,230,"18,6","0,0","13,0",05:24,"24,1",16:11,,,,,,,,,
2007-05-05,6143X,COÍN,MALAGA,230,"19,0","1,4","12,1",04:37,"25,9",15:19,,,,,,,,,
2007-05-06,6143X,COÍN,MALAGA,230,"19,2","0,0","12,0",05:30,"26,4",15:18,,,,,,,,,
2007-05-07,6143X,COÍN,MALAGA,230,"22,0","0,0","14,7",Varias,"29,3",16:01,,,,,,,,,
2007-05-08,6143X,COÍN,MALAGA,230,"24,3","0,0","17,3",05:30,"31,3",11:32,,,,,,,,,
2007-05-09,6143X,COÍN,MALAGA,230,"23,5","0,0","16,0",05:30,"31,0",15:06,,,,,,,,,
2007-05-10,6143X,COÍN,MALAGA,230,"23,2","0,0","16,2",05:24,"30,3",15:16,,,,,,,,,
2007-05-11,6143X,COÍN,MALAGA,230,"26,0","0,0","17,7",Varias,"34,2",16:08,,,,,,,,,
2007-05-12,6143X,COÍN,MALAGA,230,"25,4","0,0","17,0",05:30,"33,7",12:23,,,,,,,,,
2007-05-13,6143X,COÍN,MALAGA,230,"22,6","0,0","17,0",05:37,"28,3",Varias,,,,,,,,,
2007-05-14,6143X,COÍN,MALAGA,230,"19,7","0,0","14,1",05:24,"25,3",15:57,,,,,,,,,
2007-05-15,6143X,COÍN,MALAGA,230,"19,0","0,0","13,2",05:13,"24,8",11:09,,,,,,,,,
2007-05-16,6143X,COÍN,MALAGA,230,"19,7","0,0","12,5",05:25,"26,9",15:15,,,,,,,,,
2007-05-17,6143X,COÍN,MALAGA,230,"21,5","0,0","14,1",03:46,"28,9",13:30,,,,,,,,,
2007-05-18,6143X,COÍN,MALAGA,230,"23,6","0,0","15,3",05:22,"31,9",12:30,,,,,,,,,
2007-05-19,6143X,COÍN,MALAGA,230,"23,1","0,0","17,0",Varias,"29,2",12:40,,,,,,,,,
2007-05-20,6143X,COÍN,MALAGA,230,"21,5","0,0","17,0",23:38,"26,0",13:38,,,,,,,,,
2007-05-21,6143X,COÍN,MALAGA,230,"20,6","24,0","15,7",23:37,"25,4",14:33,,,,,,,,,
2007-05-22,6143X,COÍN,MALAGA,230,"19,0","0,8","14,5",06:35,"23,6",15:34,,,,,,,,,
2007-05-23,6143X,COÍN,MALAGA,230,"19,8","0,0","14,0",05:30,"25,5",12:37,,,,,,,,,
2007-05-24,6143X,COÍN,MALAGA,230,"22,0","1,2","16,6",05:20,"27,4",15:21,,,,,,,,,
2007-05-25,6143X,COÍN,MALAGA,230,"19,2","0,0","14,6",07:22,"23,9",13:21,,,,,,,,,
2007-05-26,6143X,COÍN,MALAGA,230,"17,6","0,8","11,9",04:50,"23,2",10:22,,,,,,,,,
2007-05-27,6143X,COÍN,MALAGA,230,"20,2","0,0","13,1",03:53,"27,2",16:20,,,,,,,,,
2007-05-28,6143X,COÍN,MALAGA,230,"21,3","0,0","17,0",05:16,"25,6",16:45,,,,,,,,,
2007-05-29,6143X,COÍN,MALAGA,230,"23,0","0,0","13,8",05:30,"32,2",15:54,,,,,,,,,
2007-05-30,6143X,COÍN,MALAGA,230,"25,3","0,0","16,5",05:14,"34,1",14:41,,,,,,,,,
2007-05-31,6143X,COÍN,MALAGA,230,"24,6","0,0","17,6",05:30,"31,5",15:32,,,,,,,,,
2007-06-01,6143X,COÍN,MALAGA,230,"23,9","0,0","17,6",03:33,"30,2",12:24,,,,,,,,,
2007-06-02,6143X,COÍN,MALAGA,230,"21,8","0,0","15,6",05:18,"27,9",Varias,,,,,,,,,
2007-06-03,6143X,COÍN,MALAGA,230,"21,2","0,0","14,9",05:21,"27,6",10:40,,,,,,,,,
2007-06-04,6143X,COÍN,MALAGA,230,"21,6","0,0","15,2",04:08,"28,1",15:58,,,,,,,,,
2007-06-05,6143X,COÍN,MALAGA,230,"21,2","0,0","16,2",05:21,"26,1",Varias,,,,,,,,,
2007-06-06,6143X,COÍN,MALAGA,230,"20,1","0,0","15,9",05:11,"24,3",15:30,,,,,,,,,
2007-06-07,6143X,COÍN,MALAGA,230,"21,2","0,0","16,2",05:09,"26,3",15:34,,,,,,,,,
2007-06-08,6143X,COÍN,MALAGA,230,"23,1","0,0","16,9",05:04,"29,3",15:02,,,,,,,,,
2007-06-09,6143X,COÍN,MALAGA,230,"23,0","0,0","16,8",04:42,"29,3",15:30,,,,,,,,,
2007-06-10,6143X,COÍN,MALAGA,230,"23,9","0,0","17,2",04:33,"30,6",Varias,,,,,,,,,
2007-06-11,6143X,COÍN,MALAGA,230,"24,2","0,0","16,1",05:30,"32,3",16:25,,,,,,,,,
2007-06-12,6143X,COÍN,MALAGA,230,"25,3","0,0","17,8",05:08,"32,8",16:46,,,,,,,,,
2007-06-13,6143X,COÍN,MALAGA,230,"25,9","0,0","19,0",04:30,"32,8",Varias,,,,,,,,,
2007-06-14,6143X,COÍN,MALAGA,230,"24,2","0,0","17,4",04:37,"31,1",14:53,,,,,,,,,
2007-06-15,6143X,COÍN,MALAGA,230,"23,6","0,0","19,0",05:30,"28,1",16:06,,,,,,,,,
2007-06-16,6143X,COÍN,MALAGA,230,"25,8","0,0","18,3",05:09,"33,3",15:12,,,,,,,,,
2007-06-17,6143X,COÍN,MALAGA,230,"26,4","0,0","18,0",05:32,"34,9",15:11,,,,,,,,,
2007-06-18,6143X,COÍN,MALAGA,230,"27,4","0,0","21,2",05:30,"33,7",13:12,,,,,,,,,
2007-06-19,6143X,COÍN,MALAGA,230,"24,8","0,0","17,1",05:02,"32,5",16:46,,,,,,,,,
2007-06-20,6143X,COÍN,MALAGA,230,"24,2","0,0","17,3",04:15,"31,0",15:30,,,,,,,,,
2007-06-21,6143X,COÍN,MALAGA,230,"25,7","0,0","18,5",02:56,"32,9",15:46,,,,,,,,,
2007-06-22,6143X,COÍN,MALAGA,230,"26,6","0,0","18,9",05:30,"34,2",13:31,,,,,,,,,
2007-06-23,6143X,COÍN,MALAGA,230,"22,8","0,0","17,5",04:40,"28,1",09:49,,,,,,,,,
2007-06-24,6143X,COÍN,MALAGA,230,"25,1","0,0","19,6",03:43,"30,6",17:28,,,,,,,,,
2007-06-25,6143X,COÍN,MALAGA,230,"28,7","0,0","21,3",05:25,"36,1",13:56,,,,,,,,,
2007-06-26,6143X,COÍN,MALAGA,230,"27,8","0,0","20,4",05:30,"35,1",15:04,,,,,,,,,
2007-06-27,6143X,COÍN,MALAGA,230,"24,4","0,0","18,8",04:13,"29,9",13:21,,,,,,,,,
2007-06-28,6143X,COÍN,MALAGA,230,"23,1","0,0","18,2",03:28,"28,0",14:50,,,,,,,,,
2007-06-29,6143X,COÍN,MALAGA,230,"23,9","0,0","18,6",05:22,"29,2",12:39,,,,,,,,,
2007-06-30,6143X,COÍN,MALAGA,230,"24,4","0,0","18,6",05:30,"30,3",15:21,,,,,,,,,
2007-07-01,6143X,COÍN,MALAGA,230,"27,6","0,0","18,8",05:16,"36,5",14:10,,,,,,,,,
2007-07-02,6143X,COÍN,MALAGA,230,"29,2","0,0","21,2",04:38,"37,2",16:30,,,,,,,,,
2007-07-03,6143X,COÍN,MALAGA,230,"29,2","0,0","21,2",05:21,"37,2",17:03,,,,,,,,,
2007-07-04,6143X,COÍN,MALAGA,230,"32,5","0,0","23,5",23:55,"41,5",16:40,,,,,,,,,
2007-07-05,6143X,COÍN,MALAGA,230,"26,0","0,0","22,3",23:49,"29,7",14:14,,,,,,,,,
2007-07-06,6143X,COÍN,MALAGA,230,"24,8","0,0","21,0",05:33,"28,5",13:06,,,,,,,,,
2007-07-07,6143X,COÍN,MALAGA,230,"24,3","0,0","19,1",05:30,"29,5",15:07,,,,,,,,,
2007-07-08,6143X,COÍN,MALAGA,230,"27,6","0,0","18,8",05:16,"36,4",15:22,,,,,,,,,
2007-07-09,6143X,COÍN,MALAGA,230,"30,2","0,0","22,0",Varias,"38,5",12:45,,,,,,,,,
2007-07-10,6143X,COÍN,MALAGA,230,"25,4","0,0","21,2",22:57,"29,7",15:30,,,,,,,,,
2007-07-11,6143X,COÍN,MALAGA,230,"25,0","0,0","19,6",05:30,"30,5",14:08,,,,,,,,,
2007-07-12,6143X,COÍN,MALAGA,230,"25,6","0,0","19,7",05:04,"31,6",16:56,,,,,,,,,
2007-07-13,6143X,COÍN,MALAGA,230,"26,1","0,0","19,6",04:01,"32,6",14:30,,,,,,,,,
2007-07-14,6143X,COÍN,MALAGA,230,"24,8","0,0","20,6",Varias,"28,9",15:43,,,,,,,,,
2007-07-15,6143X,COÍN,MALAGA,230,"24,1","0,0","19,6",05:50,"28,6",13:48,,,,,,,,,
2007-07-16,6143X,COÍN,MALAGA,230,"26,2","0,0","18,9",05:30,"33,6",15:09,,,,,,,,,
2007-07-17,6143X,COÍN,MALAGA,230,"28,6","0,0","20,5",05:22,"36,6",16:41,,,,,,,,,
2007-07-18,6143X,COÍN,MALAGA,230,"30,3","0,0","22,3",05:04,"38,3",13:08,,,,,,,,,
2007-07-19,6143X,COÍN,MALAGA,230,"30,1","0,0","21,6",05:35,"38,6",14:58,,,,,,,,,
2007-07-20,6143X,COÍN,MALAGA,230,"28,8","0,0","21,0",05:13,"36,5",16:14,,,,,,,,,
2007-07-21,6143X,COÍN,MALAGA,230,"27,6","0,0","19,8",04:34,"35,5",17:44,,,,,,,,,
2007-07-22,6143X,COÍN,MALAGA,230,"27,9","0,0","19,8",05:21,"36,0",13:05,,,,,,,,,
2007-07-23,6143X,COÍN,MALAGA,230,"29,1","0,0","20,3",05:30,"37,9",15:33,,,,,,,,,
2007-07-24,6143X,COÍN,MALAGA,230,"30,0","0,0","23,1",23:57,"36,9",12:39,,,,,,,,,
2007-07-25,6143X,COÍN,MALAGA,230,"25,6","0,0","21,0",05:30,"30,3",15:30,,,,,,,,,
2007-07-26,6143X,COÍN,MALAGA,230,"26,0","0,0","20,5",05:11,"31,5",15:32,,,,,,,,,
2007-07-27,6143X,COÍN,MALAGA,230,"27,6","0,0","20,9",05:23,"34,3",11:56,,,,,,,,,
2007-07-28,6143X,COÍN,MALAGA,230,"29,7","0,0","22,2",05:15,"37,2",12:37,,,,,,,,,
2007-07-29,6143X,COÍN,MALAGA,230,"27,4","0,0","21,8",05:30,"33,1",10:12,,,,,,,,,
2007-07-30,6143X,COÍN,MALAGA,230,"27,7","0,0","21,5",05:15,"33,9",13:06,,,,,,,,,
2007-07-31,6143X,COÍN,MALAGA,230,"27,7","0,0","21,3",05:08,"34,1",14:23,,,,,,,,,
2007-08-01,6143X,COÍN,MALAGA,230,"28,6","0,0","21,0",05:30,"36,3",17:30,,,,,,,,,
2007-08-02,6143X,COÍN,MALAGA,230,"28,9","0,0","21,1",06:30,"36,7",13:30,,,,,,,,,
2007-08-03,6143X,COÍN,MALAGA,230,"26,6","0,0","22,7",05:47,"30,6",10:21,,,,,,,,,
2007-08-04,6143X,COÍN,MALAGA,230,"27,7","0,0","22,6",05:38,"32,8",15:23,,,,,,,,,
2007-08-05,6143X,COÍN,MALAGA,230,"27,8","0,0","22,3",04:35,"33,3",16:47,,,,,,,,,
2007-08-06,6143X,COÍN,MALAGA,230,"28,0","0,0","19,2",05:30,"36,7",15:55,,,,,,,,,
2007-08-07,6143X,COÍN,MALAGA,230,"27,1","0,0","20,6",05:34,"33,6",12:27,,,,,,,,,
2007-08-08,6143X,COÍN,MALAGA,230,"25,8","0,0","19,1",05:41,"32,6",14:49,,,,,,,,,
2007-08-09,6143X,COÍN,MALAGA,230,"24,5","0,0","19,6",05:18,"29,4",Varias,,,,,,,,,
2007-08-10,6143X,COÍN,MALAGA,230,"27,7","0,0","22,9",06:30,"32,5",11:34,,,,,,,,,
2007-08-11,6143X,COÍN,MALAGA,230,"29,4","0,0","22,1",06:30,"36,8",16:57,,,,,,,,,
2007-08-12,6143X,COÍN,MALAGA,230,"29,5","0,0","22,4",05:13,"36,6",16:11,,,,,,,,,
2007-08-13,6143X,COÍN,MALAGA,230,"27,0","0,0","20,0",04:58,"33,9",12:33,,,,,,,,,
2007-08-14,6143X,COÍN,MALAGA,230,"26,6","0,0","19,4",05:25,"33,9",14:41,,,,,,,,,
2007-08-15,6143X,COÍN,MALAGA,230,"28,8","0,0","20,1",04:14,"37,6",16:30,,,,,,,,,
2007-08-16,6143X,COÍN,MALAGA,230,"30,8","0,0","23,8",05:49,"37,8",14:55,,,,,,,,,
2007-08-17,6143X,COÍN,MALAGA,230,"26,0","0,0","21,0",06:30,"31,0",15:48,,,,,,,,,
2007-08-18,6143X,COÍN,MALAGA,230,"26,5","0,0","22,3",23:56,"30,7",15:30,,,,,,,,,
2007-08-19,6143X,COÍN,MALAGA,230,"27,1","0,0","20,4",06:30,"33,8",15:21,,,,,,,,,
2007-08-20,6143X,COÍN,MALAGA,230,"24,9","0,0","19,8",04:30,"30,0",15:30,,,,,,,,,
2007-08-21,6143X,COÍN,MALAGA,230,"28,3","0,0","19,3",06:30,"37,3",16:22,,,,,,,,,
2007-08-22,6143X,COÍN,MALAGA,230,"23,8","0,0","21,0",23:16,"26,6",09:14,,,,,,,,,
2007-08-23,6143X,COÍN,MALAGA,230,"24,6","0,0","20,8",22:20,"28,5",14:23,,,,,,,,,
2007-08-24,6143X,COÍN,MALAGA,230,"25,1","0,0","19,8",04:57,"30,4",13:29,,,,,,,,,
2007-08-25,6143X,COÍN,MALAGA,230,"25,0","0,0","21,8",01:25,"28,1",11:56,,,,,,,,,
2007-08-26,6143X,COÍN,MALAGA,230,"27,8","0,0","23,2",06:30,"32,3",16:16,,,,,,,,,
2007-08-27,6143X,COÍN,MALAGA,230,"29,0","0,0","22,4",04:58,"35,6",13:46,,,,,,,,,
2007-08-28,6143X,COÍN,MALAGA,230,"29,7","0,0","23,0",06:30,"36,4",16:07,,,,,,,,,
2007-08-29,6143X,COÍN,MALAGA,230,"29,8","0,0","21,8",06:03,"37,8",13:31,,,,,,,,,
2007-08-30,6143X,COÍN,MALAGA,230,"29,0","0,0","20,8",06:05,"37,2",15:20,,,,,,,,,
2007-08-31,6143X,COÍN,MALAGA,230,"25,6","0,0","22,1",02:13,"29,2",13:42,,,,,,,,,
2007-09-01,6143X,COÍN,MALAGA,230,"24,8","0,0","21,4",23:52,"28,3",15:05,,,,,,,,,
2007-09-02,6143X,COÍN,MALAGA,230,"24,9","0,0","20,0",04:20,"29,8",14:36,,,,,,,,,
2007-09-03,6143X,COÍN,MALAGA,230,"23,4","0,0","17,8",05:40,"29,0",15:26,,,,,,,,,
2007-09-04,6143X,COÍN,MALAGA,230,"24,3","0,0","17,7",06:30,"30,9",11:34,,,,,,,,,
2007-09-05,6143X,COÍN,MALAGA,230,"23,8","0,0","19,0",04:19,"28,5",14:02,,,,,,,,,
2007-09-06,6143X,COÍN,MALAGA,230,"23,4","0,0","20,6",23:56,"26,2",14:22,,,,,,,,,
2007-09-07,6143X,COÍN,MALAGA,230,"23,6","0,0","18,8",03:50,"28,5",15:01,,,,,,,,,
2007-09-08,6143X,COÍN,MALAGA,230,"22,8","0,0","17,5",06:30,"28,2",15:30,,,,,,,,,
2007-09-09,6143X,COÍN,MALAGA,230,"23,1","0,0","17,8",Varias,"28,4",15:28,,,,,,,,,
2007-09-10,6143X,COÍN,MALAGA,230,"23,6","0,2","17,4",Varias,"29,9",12:43,,,,,,,,,
2007-09-11,6143X,COÍN,MALAGA,230,"23,6","2,2","18,7",06:30,"28,6",10:28,,,,,,,,,
2007-09-12,6143X,COÍN,MALAGA,230,"22,2","2,6","18,9",07:30,"25,6",13:19,,,,,,,,,
2007-09-13,6143X,COÍN,MALAGA,230,"20,4","26,4","17,5",21:17,"23,2",09:04,,,,,,,,,
2007-09-14,6143X,COÍN,MALAGA,230,"23,8","0,0","17,6",06:28,"30,0",15:01,,,,,,,,,
2007-09-15,6143X,COÍN,MALAGA,230,"22,5","0,0","18,4",06:13,"26,6",14:45,,,,,,,,,
2007-09-16,6143X,COÍN,MALAGA,230,"23,6","0,0","19,7",05:30,"27,4",13:42,,,,,,,,,
2007-09-17,6143X,COÍN,MALAGA,230,"24,2","0,0","18,9",06:16,"29,4",17:22,,,,,,,,,
2007-09-18,6143X,COÍN,MALAGA,230,,"0,0",,,,,,,,,,,,,
2007-09-19,6143X,COÍN,MALAGA,230,"23,0","0,0","18,4",06:30,"27,6",14:54,,,,,,,,,
2007-09-20,6143X,COÍN,MALAGA,230,"22,8","31,0","20,9",23:34,"24,7",15:05,,,,,,,,,
2007-09-21,6143X,COÍN,MALAGA,230,"20,8","27,0","15,7",07:49,"26,0",16:28,,,,,,,,,
2007-09-22,6143X,COÍN,MALAGA,230,"22,7","0,0","16,0",06:30,"29,4",16:22,,,,,,,,,
2007-09-23,6143X,COÍN,MALAGA,230,"23,2","0,0","18,3",05:16,"28,0",14:05,,,,,,,,,
2007-09-24,6143X,COÍN,MALAGA,230,"22,5","0,0","17,4",06:30,"27,6",15:07,,,,,,,,,
2007-09-25,6143X,COÍN,MALAGA,230,"23,8","0,0","17,6",06:09,"30,0",13:30,,,,,,,,,
2007-09-26,6143X,COÍN,MALAGA,230,"26,6","0,0","19,2",05:32,"33,9",13:32,,,,,,,,,
2007-09-27,6143X,COÍN,MALAGA,230,"25,3","0,0","17,2",06:12,"33,4",15:48,,,,,,,,,
2007-09-28,6143X,COÍN,MALAGA,230,"21,5","0,6","18,9",05:46,"24,1",11:53,,,,,,,,,
2007-09-29,6143X,COÍN,MALAGA,230,"22,2","0,0","17,7",23:53,"26,8",14:44,,,,,,,,,
2007-09-30,6143X,COÍN,MALAGA,230,"21,6","0,0","15,3",06:26,"28,0",14:43,,,,,,,,,
2007-10-01,6143X,COÍN,MALAGA,230,"22,0","0,0","16,7",05:43,"27,4",12:19,,,,,,,,,
2007-10-02,6143X,COÍN,MALAGA,230,"19,8","43,0","16,4",04:39,"23,2",11:43,,,,,,,,,
2007-10-03,6143X,COÍN,MALAGA,230,"20,2","0,0","15,5",06:26,"25,0",15:31,,,,,,,,,
2007-10-04,6143X,COÍN,MALAGA,230,"20,0","2,6","15,2",Varias,"24,9",16:04,,,,,,,,,
2007-10-05,6143X,COÍN,MALAGA,230,"20,6","0,0","14,7",06:30,"26,5",15:07,,,,,,,,,
2007-10-06,6143X,COÍN,MALAGA,230,"22,0","0,0","15,8",06:02,"28,1",13:39,,,,,,,,,
2007-10-07,6143X,COÍN,MALAGA,230,"22,6","0,0","16,2",06:16,"28,9",14:26,,,,,,,,,
2007-10-08,6143X,COÍN,MALAGA,230,"23,4","0,0","17,6",05:52,"29,1",13:30,,,,,,,,,
2007-10-09,6143X,COÍN,MALAGA,230,"22,5","0,0","17,1",06:23,"27,9",12:12,,,,,,,,,
2007-10-10,6143X,COÍN,MALAGA,230,"21,8","0,0","17,0",06:04,"26,6",14:16,,,,,,,,,
2007-10-11,6143X,COÍN,MALAGA,230,"21,1","0,0","16,3",04:30,"25,9",12:33,,,,,,,,,
2007-10-12,6143X,COÍN,MALAGA,230,"19,6","0,0","14,7",07:30,"24,5",12:07,,,,,,,,,
2007-10-13,6143X,COÍN,MALAGA,230,"19,6","0,0","14,7",02:26,"24,4",12:13,,,,,,,,,
2007-10-14,6143X,COÍN,MALAGA,230,"20,6","0,4","18,2",Varias,"23,0",16:30,,,,,,,,,
2007-10-15,6143X,COÍN,MALAGA,230,"20,6","14,8","17,5",Varias,"23,7",15:30,,,,,,,,,
2007-10-16,6143X,COÍN,MALAGA,230,"21,3","0,0","16,2",06:30,"26,4",14:43,,,,,,,,,
2007-10-17,6143X,COÍN,MALAGA,230,"20,2","0,0","16,1",06:03,"24,2",13:24,,,,,,,,,
2007-10-18,6143X,COÍN,MALAGA,230,"20,6","4,2","14,3",06:37,"26,8",13:11,,,,,,,,,
2007-10-19,6143X,COÍN,MALAGA,230,"19,8","0,0","16,4",06:46,"23,1",10:12,,,,,,,,,
2007-10-20,6143X,COÍN,MALAGA,230,"19,0","0,0","14,9",23:58,"23,1",14:30,,,,,,,,,
2007-10-21,6143X,COÍN,MALAGA,230,"18,0","0,0","13,3",05:38,"22,7",13:35,,,,,,,,,
2007-10-22,6143X,COÍN,MALAGA,230,"21,6","0,0","13,6",05:30,"29,6",14:41,,,,,,,,,
2007-10-23,6143X,COÍN,MALAGA,230,"20,0","0,0","13,2",06:11,"26,9",14:32,,,,,,,,,
2007-10-24,6143X,COÍN,MALAGA,230,"16,8","22,6","13,0",23:57,"20,7",15:10,,,,,,,,,
2007-10-25,6143X,COÍN,MALAGA,230,"17,0","0,0","12,2",05:11,"21,9",15:44,,,,,,,,,
2007-10-26,6143X,COÍN,MALAGA,230,"17,8","0,2","12,0",07:30,"23,6",12:19,,,,,,,,,
2007-10-27,6143X,COÍN,MALAGA,230,"16,3","20,2","13,7",02:23,"18,9",10:43,,,,,,,,,
2007-10-28,6143X,COÍN,MALAGA,230,"18,0","0,0","12,1",06:30,"24,0",13:43,,,,,,,,,
2007-10-29,6143X,COÍN,MALAGA,230,"18,6","0,0","13,8",05:30,"23,5",13:34,,,,,,,,,
2007-10-30,6143X,COÍN,MALAGA,230,"18,4","0,0","12,6",05:28,"24,1",13:17,,,,,,,,,
2007-10-31,6143X,COÍN,MALAGA,230,"16,5","0,0","12,0",23:42,"21,0",13:30,,,,,,,,,
2007-11-01,6143X,COÍN,MALAGA,230,"15,6","0,0","11,0",06:29,"20,3",14:49,,,,,,,,,
2007-11-02,6143X,COÍN,MALAGA,230,"16,3","0,2","11,9",02:30,"20,7",15:10,,,,,,,,,
2007-11-03,6143X,COÍN,MALAGA,230,"16,8","0,0","13,8",00:30,"19,8",13:39,,,,,,,,,
2007-11-04,6143X,COÍN,MALAGA,230,"17,5","0,0","12,8",23:28,"22,2",14:33,,,,,,,,,
2007-11-05,6143X,COÍN,MALAGA,230,"18,0","0,0","11,9",06:30,"24,0",15:25,,,,,,,,,
2007-11-06,6143X,COÍN,MALAGA,230,"16,3","0,0","11,2",Varias,"21,4",14:30,,,,,,,,,
2007-11-07,6143X,COÍN,MALAGA,230,"15,9","0,0","12,0",01:07,"19,8",15:32,,,,,,,,,
2007-11-08,6143X,COÍN,MALAGA,230,"18,5","0,0","12,8",Varias,"24,2",13:44,,,,,,,,,
2007-11-09,6143X,COÍN,MALAGA,230,"16,6","0,0","12,5",06:52,"20,6",Varias,,,,,,,,,
2007-11-10,6143X,COÍN,MALAGA,230,"17,4","0,0","13,3",03:42,"21,5",15:31,,,,,,,,,
2007-11-11,6143X,COÍN,MALAGA,230,"17,0","0,0","12,1",23:52,"22,0",13:28,,,,,,,,,
2007-11-12,6143X,COÍN,MALAGA,230,"17,8","0,0","11,0",06:30,"24,6",15:10,,,,,,,,,
2007-11-13,6143X,COÍN,MALAGA,230,"15,4","0,0","9,8",07:09,"21,1",13:40,,,,,,,,,
2007-11-14,6143X,COÍN,MALAGA,230,"18,4","0,0","12,1",07:28,"24,6",13:39,,,,,,,,,
2007-11-15,6143X,COÍN,MALAGA,230,"17,0","0,0","10,0",07:03,"24,1",15:04,,,,,,,,,
2007-11-16,6143X,COÍN,MALAGA,230,"14,6","0,0","8,5",07:30,"20,7",13:35,,,,,,,,,
2007-11-17,6143X,COÍN,MALAGA,230,"14,7","0,0","10,9",02:12,"18,5",12:11,,,,,,,,,
2007-11-18,6143X,COÍN,MALAGA,230,"15,7","0,0","10,5",06:30,"20,9",13:57,,,,,,,,,
2007-11-19,6143X,COÍN,MALAGA,230,,"0,0",,,,,,,,,,,,,
2007-11-20,6143X,COÍN,MALAGA,230,"16,4","9,0","12,7",03:30,"20,0",17:30,,,,,,,,,
2007-11-21,6143X,COÍN,MALAGA,230,"15,4","2,0","12,3",23:57,"18,6",13:30,,,,,,,,,
2007-11-22,6143X,COÍN,MALAGA,230,"14,7","1,2","11,0",02:28,"18,4",13:15,,,,,,,,,
2007-11-23,6143X,COÍN,MALAGA,230,"12,8","0,6","8,5",07:30,"17,2",11:50,,,,,,,,,
2007-11-24,6143X,COÍN,MALAGA,230,"10,2","4,0","8,8",23:49,"11,7",11:03,,,,,,,,,
2007-11-25,6143X,COÍN,MALAGA,230,"14,0","0,0","7,6",04:03,"20,5",14:47,,,,,,,,,
2007-11-26,6143X,COÍN,MALAGA,230,"13,9","0,0","7,7",07:30,"20,1",15:34,,,,,,,,,
2007-11-27,6143X,COÍN,MALAGA,230,"12,4","0,0","6,6",06:30,"18,2",13:18,,,,,,,,,
2007-11-28,6143X,COÍN,MALAGA,230,"14,3","0,0","9,3",23:46,"19,3",13:29,,,,,,,,,
2007-11-29,6143X,COÍN,MALAGA,230,"13,9","0,0","7,2",07:27,"20,6",15:03,,,,,,,,,
2007-11-30,6143X,COÍN,MALAGA,230,"13,0","0,0","7,4",06:45,"18,5",13:03,,,,,,,,,
2007-12-01,6143X,COÍN,MALAGA,230,"14,2","0,0","7,6",07:20,"20,9",15:30,,,,,,,,,
2007-12-02,6143X,COÍN,MALAGA,230,"15,2","0,0","9,7",07:31,"20,8",13:34,,,,,,,,,
2007-12-03,6143X,COÍN,MALAGA,230,"13,6","0,0","8,2",04:28,"19,0",13:32,,,,,,,,,
2007-12-04,6143X,COÍN,MALAGA,230,"16,0","0,0","9,2",07:48,"22,7",13:34,,,,,,,,,
2007-12-05,6143X,COÍN,MALAGA,230,"15,6","0,0","8,5",07:29,"22,6",14:32,,,,,,,,,
2007-12-06,6143X,COÍN,MALAGA,230,"16,0","0,0","9,5",Varias,"22,5",12:25,,,,,,,,,
2007-12-07,6143X,COÍN,MALAGA,230,"16,0","0,0","10,2",07:03,"21,8",15:12,,,,,,,,,
2007-12-08,6143X,COÍN,MALAGA,230,"15,4","0,0","11,0",06:25,"19,8",15:30,,,,,,,,,
2007-12-09,6143X,COÍN,MALAGA,230,"16,8","0,0","11,6",00:19,"21,9",15:19,,,,,,,,,
2007-12-10,6143X,COÍN,MALAGA,230,"13,2","0,0","7,5",23:50,"18,9",14:17,,,,,,,,,
2007-12-11,6143X,COÍN,MALAGA,230,"12,8","0,0","6,2",02:55,"19,3",14:35,,,,,,,,,
2007-12-12,6143X,COÍN,MALAGA,230,"13,1","0,0","7,7",Varias,"18,5",14:30,,,,,,,,,
2007-12-13,6143X,COÍN,MALAGA,230,"13,4","0,0","9,6",00:36,"17,1",14:30,,,,,,,,,
2007-12-14,6143X,COÍN,MALAGA,230,"13,2","0,0","10,5",20:30,"15,8",15:22,,,,,,,,,
2007-12-15,6143X,COÍN,MALAGA,230,"12,3","0,0","6,6",23:50,"18,0",14:44,,,,,,,,,
2007-12-16,6143X,COÍN,MALAGA,230,"8,6","9,8","4,9",05:30,"12,4",13:30,,,,,,,,,
2007-12-17,6143X,COÍN,MALAGA,230,"9,4","4,6","7,8",06:30,"10,9",16:30,,,,,,,,,
2007-12-18,6143X,COÍN,MALAGA,230,"10,4","1,8","7,9",03:10,"13,0",14:30,,,,,,,,,
2007-12-19,6143X,COÍN,MALAGA,230,"13,4","0,0","11,5",01:23,"15,2",13:01,,,,,,,,,
2007-12-20,6143X,COÍN,MALAGA,230,"13,4","0,0","11,2",22:25,"15,5",12:30,,,,,,,,,
2007-12-21,6143X,COÍN,MALAGA,230,"12,4","28,6","10,6",23:54,"14,2",Varias,,,,,,,,,
2007-12-22,6143X,COÍN,MALAGA,230,"10,8","87,0","10,5",Varias,"11,0",Varias,,,,,,,,,
2007-12-23,6143X,COÍN,MALAGA,230,"11,7","34,0","10,6",04:14,"12,8",20:36,,,,,,,,,
2007-12-24,6143X,COÍN,MALAGA,230,"13,0","0,2","9,3",08:30,"16,7",14:26,,,,,,,,,
2007-12-25,6143X,COÍN,MALAGA,230,"12,6","0,4","8,3",07:28,"16,9",13:20,,,,,,,,,
2007-12-26,6143X,COÍN,MALAGA,230,"12,2","4,6","9,5",05:42,"15,0",11:27,,,,,,,,,
2007-12-27,6143X,COÍN,MALAGA,230,"12,8","0,0","9,1",07:04,"16,5",13:06,,,,,,,,,
2007-12-28,6143X,COÍN,MALAGA,230,"11,9","0,0","7,2",23:53,"16,6",14:22,,,,,,,,,
2007-12-29,6143X,COÍN,MALAGA,230,"11,7","0,0","5,9",06:30,"17,5",14:31,,,,,,,,,
2007-12-30,6143X,COÍN,MALAGA,230,"11,6","0,0","4,8",08:30,"18,5",15:30,,,,,,,,,
2007-12-31,6143X,COÍN,MALAGA,230,"12,4","0,0","6,6",07:30,"18,3",14:20,,,,,,,,,
2008-01-01,6143X,COÍN,MALAGA,230,"12,3","0,0","8,5",22:31,"16,1",14:34,,,,,,,,,
2008-01-02,6143X,COÍN,MALAGA,230,"10,8","4,2","7,7",04:30,"13,9",11:03,,,,,,,,,
2008-01-03,6143X,COÍN,MALAGA,230,"11,1","8,2","7,7",23:46,"14,5",07:30,,,,,,,,,
2008-01-04,6143X,COÍN,MALAGA,230,"9,8","0,0","6,8",03:30,"12,9",13:06,,,,,,,,,
2008-01-05,6143X,COÍN,MALAGA,230,"11,4","0,0","6,0",06:06,"16,9",14:21,,,,,,,,,
2008-01-06,6143X,COÍN,MALAGA,230,"15,5","0,0","11,0",Varias,"20,0",15:26,,,,,,,,,
2008-01-07,6143X,COÍN,MALAGA,230,"13,8","0,0","8,8",23:47,"18,7",14:22,,,,,,,,,
2008-01-08,6143X,COÍN,MALAGA,230,"10,1","7,6","8,0",02:14,"12,2",14:30,,,,,,,,,
2008-01-09,6143X,COÍN,MALAGA,230,"13,8","0,0","9,8",23:38,"17,7",15:31,,,,,,,,,
2008-01-10,6143X,COÍN,MALAGA,230,"13,8","0,0","7,9",08:19,"19,7",14:11,,,,,,,,,
2008-01-11,6143X,COÍN,MALAGA,230,"12,4","0,4","7,6",08:04,"17,2",12:41,,,,,,,,,
2008-01-12,6143X,COÍN,MALAGA,230,"11,6","0,0","5,7",Varias,"17,5",15:20,,,,,,,,,
2008-01-13,6143X,COÍN,MALAGA,230,"11,0","5,2","4,5",03:40,"17,5",14:13,,,,,,,,,
2008-01-14,6143X,COÍN,MALAGA,230,"11,8","5,8","8,2",23:59,"15,5",13:54,,,,,,,,,
2008-01-15,6143X,COÍN,MALAGA,230,"13,0","0,0","6,9",07:38,"19,0",14:18,,,,,,,,,
2008-01-16,6143X,COÍN,MALAGA,230,"14,0","0,0","9,3",00:30,"18,7",14:22,,,,,,,,,
2008-01-17,6143X,COÍN,MALAGA,230,"12,9","0,0","8,3",07:30,"17,5",15:22,,,,,,,,,
2008-01-18,6143X,COÍN,MALAGA,230,"16,4","0,0","9,9",07:30,"23,0",15:42,,,,,,,,,
2008-01-19,6143X,COÍN,MALAGA,230,"15,0","0,0","9,5",07:37,"20,4",13:12,,,,,,,,,
2008-01-20,6143X,COÍN,MALAGA,230,"16,2","0,0","10,1",05:30,"22,4",14:55,,,,,,,,,
2008-01-21,6143X,COÍN,MALAGA,230,"16,3","0,0","9,5",Varias,"23,1",14:45,,,,,,,,,
2008-01-22,6143X,COÍN,MALAGA,230,"18,2","0,0","11,1",07:35,"25,3",14:05,,,,,,,,,
2008-01-23,6143X,COÍN,MALAGA,230,"15,2","0,0","9,4",07:30,"20,9",15:30,,,,,,,,,
2008-01-24,6143X,COÍN,MALAGA,230,"14,2","0,0","9,0",23:32,"19,5",14:37,,,,,,,,,
2008-01-25,6143X,COÍN,MALAGA,230,"13,2","0,0","9,1",00:30,"17,4",14:10,,,,,,,,,
2008-01-26,6143X,COÍN,MALAGA,230,"12,7","0,0","9,6",08:05,"15,8",16:30,,,,,,,,,
2008-01-27,6143X,COÍN,MALAGA,230,"13,0","0,0","9,5",08:30,"16,4",14:57,,,,,,,,,
2008-01-28,6143X,COÍN,MALAGA,230,"13,2","0,0","8,1",23:49,"18,4",15:02,,,,,,,,,
2008-01-29,6143X,COÍN,MALAGA,230,"13,3","0,0","6,9",06:35,"19,7",14:20,,,,,,,,,
2008-01-30,6143X,COÍN,MALAGA,230,"14,9","0,0","7,0",07:24,"22,8",15:01,,,,,,,,,
2008-01-31,6143X,COÍN,MALAGA,230,"13,2","0,0","7,7",07:35,"18,7",13:21,,,,,,,,,
2008-02-01,6143X,COÍN,MALAGA,230,"13,0","0,0","6,9",07:11,"19,2",15:37,,,,,,,,,
2008-02-02,6143X,COÍN,MALAGA,230,"13,4","0,0","7,7",04:28,"19,1",15:38,,,,,,,,,
2008-02-03,6143X,COÍN,MALAGA,230,"11,8","0,0","6,6",04:02,"17,1",14:30,,,,,,,,,
2008-02-04,6143X,COÍN,MALAGA,230,"14,6","0,0","10,1",Varias,"19,0",16:02,,,,,,,,,
2008-02-05,6143X,COÍN,MALAGA,230,"14,0","0,0","7,3",06:15,"20,6",15:42,,,,,,,,,
2008-02-06,6143X,COÍN,MALAGA,230,"14,2","0,0","6,6",07:04,"21,9",14:24,,,,,,,,,
2008-02-07,6143X,COÍN,MALAGA,230,"14,4","0,0","9,7",Varias,"19,0",15:22,,,,,,,,,
2008-02-08,6143X,COÍN,MALAGA,230,"13,8","0,0","9,5",05:39,"18,0",14:33,,,,,,,,,
2008-02-09,6143X,COÍN,MALAGA,230,"14,5","0,0","11,5",23:55,"17,5",14:37,,,,,,,,,
2008-02-10,6143X,COÍN,MALAGA,230,"12,6","0,0","10,8",04:23,"14,3",13:50,,,,,,,,,
2008-02-11,6143X,COÍN,MALAGA,230,"12,3","0,2","11,0",07:30,"13,6",14:26,,,,,,,,,
2008-02-12,6143X,COÍN,MALAGA,230,"12,8","0,0","11,2",Varias,"14,3",14:41,,,,,,,,,
2008-02-13,6143X,COÍN,MALAGA,230,"13,3","0,0","11,6",03:57,"15,0",13:25,,,,,,,,,
2008-02-14,6143X,COÍN,MALAGA,230,"15,0","0,0","12,4",Varias,"17,7",13:37,,,,,,,,,
2008-02-15,6143X,COÍN,MALAGA,230,"14,6","2,2","12,5",Varias,"16,6",15:42,,,,,,,,,
2008-02-16,6143X,COÍN,MALAGA,230,"13,3","0,2","11,8",20:29,"14,8",11:30,,,,,,,,,
2008-02-17,6143X,COÍN,MALAGA,230,"12,2","3,4","11,1",13:46,"13,3",23:25,,,,,,,,,
2008-02-18,6143X,COÍN,MALAGA,230,"12,8","10,6","11,5",08:30,"14,0",13:45,,,,,,,,,
2008-02-19,6143X,COÍN,MALAGA,230,"13,4","20,8","10,9",10:11,"16,0",14:34,,,,,,,,,
2008-02-20,6143X,COÍN,MALAGA,230,"15,0","4,2","10,0",07:30,"19,9",12:42,,,,,,,,,
2008-02-21,6143X,COÍN,MALAGA,230,"13,2","0,2","10,6",04:30,"15,7",15:07,,,,,,,,,
2008-02-22,6143X,COÍN,MALAGA,230,"12,8","7,4","11,7",14:30,"13,9",11:10,,,,,,,,,
2008-02-23,6143X,COÍN,MALAGA,230,"12,6","16,0","11,9",08:30,"13,4",Varias,,,,,,,,,
2008-02-24,6143X,COÍN,MALAGA,230,"14,3","0,2","11,8",23:22,"16,8",13:05,,,,,,,,,
2008-02-25,6143X,COÍN,MALAGA,230,"14,9","0,0","10,5",07:30,"19,3",15:30,,,,,,,,,
2008-02-26,6143X,COÍN,MALAGA,230,"16,6","0,0","10,4",04:41,"22,8",14:26,,,,,,,,,
2008-02-27,6143X,COÍN,MALAGA,230,"15,6","0,0","9,9",06:30,"21,2",13:18,,,,,,,,,
2008-02-28,6143X,COÍN,MALAGA,230,"16,2","0,0","10,2",Varias,"22,1",12:55,,,,,,,,,
2008-02-29,6143X,COÍN,MALAGA,230,"17,0","0,0","10,7",07:03,"23,3",16:30,,,,,,,,,
2008-03-01,6143X,COÍN,MALAGA,230,"15,8","0,0","9,5",07:20,"22,0",14:58,,,,,,,,,
2008-03-02,6143X,COÍN,MALAGA,230,"17,3","0,0","10,4",07:30,"24,2",16:30,,,,,,,,,
2008-03-03,6143X,COÍN,MALAGA,230,"18,0","0,0","9,6",05:29,"26,5",15:09,,,,,,,,,
2008-03-04,6143X,COÍN,MALAGA,230,"16,6","0,0","11,6",23:16,"21,5",14:50,,,,,,,,,
2008-03-05,6143X,COÍN,MALAGA,230,"11,1","0,0","6,9",07:30,"15,3",14:37,,,,,,,,,
2008-03-06,6143X,COÍN,MALAGA,230,"11,2","0,0","5,8",07:30,"16,7",15:30,,,,,,,,,
2008-03-07,6143X,COÍN,MALAGA,230,"14,3","0,0","6,4",05:30,"22,2",15:41,,,,,,,,,
2008-03-08,6143X,COÍN,MALAGA,230,"17,0","0,0","8,7",07:03,"25,4",13:50,,,,,,,,,
2008-03-09,6143X,COÍN,MALAGA,230,"14,8","0,0","9,1",05:27,"20,4",16:14,,,,,,,,,
2008-03-10,6143X,COÍN,MALAGA,230,"12,8","0,0","8,5",04:50,"17,2",14:12,,,,,,,,,
2008-03-11,6143X,COÍN,MALAGA,230,"19,1","0,0","13,9",01:26,"24,3",15:30,,,,,,,,,
2008-03-12,6143X,COÍN,MALAGA,230,"21,2","0,0","13,8",05:15,"28,7",12:48,,,,,,,,,
2008-03-13,6143X,COÍN,MALAGA,230,"18,8","0,0","12,7",07:30,"25,0",12:16,,,,,,,,,
2008-03-14,6143X,COÍN,MALAGA,230,"18,4","0,0","11,6",05:43,"25,2",14:45,,,,,,,,,
2008-03-15,6143X,COÍN,MALAGA,230,"18,3","0,0","13,2",07:04,"23,4",15:30,,,,,,,,,
2008-03-16,6143X,COÍN,MALAGA,230,"18,4","0,0","11,1",06:39,"25,7",15:18,,,,,,,,,
2008-03-17,6143X,COÍN,MALAGA,230,"17,7","0,0","9,2",06:48,"26,2",14:28,,,,,,,,,
2008-03-18,6143X,COÍN,MALAGA,230,"15,8","0,0","10,9",23:27,"20,8",15:30,,,,,,,,,
2008-03-19,6143X,COÍN,MALAGA,230,"14,0","12,2","8,3",05:34,"19,7",11:59,,,,,,,,,
2008-03-20,6143X,COÍN,MALAGA,230,"12,8","15,6","10,2",08:45,"15,3",16:40,,,,,,,,,
2008-03-21,6143X,COÍN,MALAGA,230,"15,3","0,2","10,9",Varias,"19,7",14:06,,,,,,,,,
2008-03-22,6143X,COÍN,MALAGA,230,"16,1","0,8","10,2",04:37,"22,0",13:28,,,,,,,,,
2008-03-23,6143X,COÍN,MALAGA,230,"11,8","0,0","7,4",06:30,"16,3",16:12,,,,,,,,,
2008-03-24,6143X,COÍN,MALAGA,230,"13,3","0,0","5,5",05:23,"21,1",16:01,,,,,,,,,
2008-03-25,6143X,COÍN,MALAGA,230,"16,6","0,0","9,3",06:02,"23,8",16:01,,,,,,,,,
2008-03-26,6143X,COÍN,MALAGA,230,"16,0","0,0","9,7",06:30,"22,3",13:24,,,,,,,,,
2008-03-27,6143X,COÍN,MALAGA,230,"16,8","0,0","12,4",06:30,"21,3",11:47,,,,,,,,,
2008-03-28,6143X,COÍN,MALAGA,230,"19,1","0,0","11,8",06:30,"26,4",15:30,,,,,,,,,
2008-03-29,6143X,COÍN,MALAGA,230,"18,5","0,0","13,3",06:36,"23,7",12:41,,,,,,,,,
2008-03-30,6143X,COÍN,MALAGA,230,"18,2","0,0","10,5",06:30,"25,9",13:48,,,,,,,,,
2008-03-31,6143X,COÍN,MALAGA,230,"16,4","0,0","10,6",06:09,"22,3",15:08,,,,,,,,,
2008-04-01,6143X,COÍN,MALAGA,230,"19,8","0,0","12,1",06:04,"27,4",15:36,,,,,,,,,
2008-04-02,6143X,COÍN,MALAGA,230,"15,8","0,0","9,5",06:30,"22,2",14:49,,,,,,,,,
2008-04-03,6143X,COÍN,MALAGA,230,"18,3","0,0","9,6",06:01,"27,0",16:29,,,,,,,,,
2008-04-04,6143X,COÍN,MALAGA,230,"17,6","0,0","10,9",06:30,"24,4",11:21,,,,,,,,,
2008-04-05,6143X,COÍN,MALAGA,230,"15,6","0,0","9,8",05:30,"21,4",11:08,,,,,,,,,
2008-04-06,6143X,COÍN,MALAGA,230,"18,1","0,0","10,4",06:30,"25,8",16:14,,,,,,,,,
2008-04-07,6143X,COÍN,MALAGA,230,"17,2","5,2","12,5",06:31,"21,8",11:38,,,,,,,,,
2008-04-08,6143X,COÍN,MALAGA,230,"15,2","19,4","12,9",Varias,"17,4",Varias,,,,,,,,,
2008-04-09,6143X,COÍN,MALAGA,230,"19,0","11,8","16,8",Varias,"21,2",15:07,,,,,,,,,
2008-04-10,6143X,COÍN,MALAGA,230,"16,4","7,8","13,0",22:49,"19,7",13:42,,,,,,,,,
2008-04-11,6143X,COÍN,MALAGA,230,"13,2","0,0","9,2",05:47,"17,2",14:37,,,,,,,,,
2008-04-12,6143X,COÍN,MALAGA,230,"15,0","0,0","8,3",05:39,"21,7",13:34,,,,,,,,,
2008-04-13,6143X,COÍN,MALAGA,230,"16,4","0,0","8,9",05:55,"24,0",15:12,,,,,,,,,
2008-04-14,6143X,COÍN,MALAGA,230,"16,6","0,0","10,4",04:30,"22,8",12:31,,,,,,,,,
2008-04-15,6143X,COÍN,MALAGA,230,"15,2","0,0","10,0",04:06,"20,3",13:03,,,,,,,,,
2008-04-16,6143X,COÍN,MALAGA,230,"15,2","0,6","10,8",05:30,"19,5",16:25,,,,,,,,,
2008-04-17,6143X,COÍN,MALAGA,230,"17,4","3,4","12,3",06:30,"22,6",13:30,,,,,,,,,
2008-04-18,6143X,COÍN,MALAGA,230,"16,4","0,4","12,7",Varias,"20,2",15:30,,,,,,,,,
2008-04-19,6143X,COÍN,MALAGA,230,"14,6","9,6","11,8",03:36,"17,5",13:47,,,,,,,,,
2008-04-20,6143X,COÍN,MALAGA,230,"13,8","2,2","10,2",23:26,"17,3",10:07,,,,,,,,,
2008-04-21,6143X,COÍN,MALAGA,230,"16,0","0,0","10,2",01:30,"21,7",16:22,,,,,,,,,
2008-04-22,6143X,COÍN,MALAGA,230,"17,6","0,0","10,7",05:50,"24,6",15:24,,,,,,,,,
2008-04-23,6143X,COÍN,MALAGA,230,"19,8","0,0","12,7",05:45,"27,0",15:36,,,,,,,,,
2008-04-24,6143X,COÍN,MALAGA,230,"21,1","0,0","13,5",05:30,"28,7",14:46,,,,,,,,,
2008-04-25,6143X,COÍN,MALAGA,230,"21,0","0,0","14,5",05:38,"27,6",13:30,,,,,,,,,
2008-04-26,6143X,COÍN,MALAGA,230,"19,8","0,0","14,1",23:55,"25,6",15:26,,,,,,,,,
2008-04-27,6143X,COÍN,MALAGA,230,"18,0","0,0","12,4",03:36,"23,5",13:30,,,,,,,,,
2008-04-28,6143X,COÍN,MALAGA,230,"19,2","0,0","12,1",05:22,"26,2",14:42,,,,,,,,,
2008-04-29,6143X,COÍN,MALAGA,230,"19,9","0,0","12,6",05:36,"27,2",13:33,,,,,,,,,
2008-04-30,6143X,COÍN,MALAGA,230,"18,3","0,0","12,5",06:30,"24,1",16:54,,,,,,,,,
2008-05-01,6143X,COÍN,MALAGA,230,"17,8","0,0","11,5",05:25,"24,1",11:45,,,,,,,,,
2008-05-02,6143X,COÍN,MALAGA,230,"17,5","0,0","12,3",04:20,"22,7",13:54,,,,,,,,,
2008-05-03,6143X,COÍN,MALAGA,230,"18,0","0,0","12,5",04:53,"23,6",15:28,,,,,,,,,
2008-05-04,6143X,COÍN,MALAGA,230,"18,6","0,0","12,7",05:30,"24,4",13:17,,,,,,,,,
2008-05-05,6143X,COÍN,MALAGA,230,"20,8","0,0","13,3",05:29,"28,2",15:33,,,,,,,,,
2008-05-06,6143X,COÍN,MALAGA,230,"21,0","0,0","13,9",05:07,"28,0",13:46,,,,,,,,,
2008-05-07,6143X,COÍN,MALAGA,230,"19,4","0,0","14,4",05:30,"24,5",Varias,,,,,,,,,
2008-05-08,6143X,COÍN,MALAGA,230,"18,5","1,6","15,5",21:30,"21,5",12:51,,,,,,,,,
2008-05-09,6143X,COÍN,MALAGA,230,"18,7","6,0","14,2",23:59,"23,2",11:52,,,,,,,,,
2008-05-10,6143X,COÍN,MALAGA,230,"16,2","3,4","11,7",04:13,"20,8",16:23,,,,,,,,,
2008-05-11,6143X,COÍN,MALAGA,230,"19,2","0,0","12,6",04:56,"25,7",15:17,,,,,,,,,
2008-05-12,6143X,COÍN,MALAGA,230,"18,2","0,8","13,1",05:05,"23,3",11:39,,,,,,,,,
2008-05-13,6143X,COÍN,MALAGA,230,"19,6","0,0","12,7",04:48,"26,6",13:22,,,,,,,,,
2008-05-14,6143X,COÍN,MALAGA,230,"20,3","0,0","14,2",05:11,"26,4",16:13,,,,,,,,,
2008-05-15,6143X,COÍN,MALAGA,230,"20,5","0,0","13,1",05:39,"27,9",16:28,,,,,,,,,
2008-05-16,6143X,COÍN,MALAGA,230,"19,4","2,2","13,3",05:24,"25,5",12:03,,,,,,,,,
2008-05-17,6143X,COÍN,MALAGA,230,"19,8","2,6","12,9",05:12,"26,7",13:12,,,,,,,,,
2008-05-18,6143X,COÍN,MALAGA,230,"19,4","0,0","14,4",23:01,"24,4",12:30,,,,,,,,,
2008-05-19,6143X,COÍN,MALAGA,230,"19,0","0,0","13,7",04:55,"24,2",16:32,,,,,,,,,
2008-05-20,6143X,COÍN,MALAGA,230,"20,1","0,0","14,2",05:30,"26,0",11:57,,,,,,,,,
2008-05-21,6143X,COÍN,MALAGA,230,"20,8","0,0","14,0",05:07,"27,5",Varias,,,,,,,,,
2008-05-22,6143X,COÍN,MALAGA,230,"23,5","0,0","15,5",05:19,"31,5",15:14,,,,,,,,,
2008-05-23,6143X,COÍN,MALAGA,230,"22,7","0,0","16,6",05:12,"28,8",12:54,,,,,,,,,
2008-05-24,6143X,COÍN,MALAGA,230,"20,6","0,0","15,5",05:15,"25,6",15:08,,,,,,,,,
2008-05-25,6143X,COÍN,MALAGA,230,"17,4","1,8","13,0",23:53,"21,8",13:30,,,,,,,,,
2008-05-26,6143X,COÍN,MALAGA,230,"17,8","0,0","10,3",05:15,"25,3",11:53,,,,,,,,,
2008-05-27,6143X,COÍN,MALAGA,230,"18,0","1,4","13,6",04:01,"22,4",10:46,,,,,,,,,
2008-05-28,6143X,COÍN,MALAGA,230,"17,8","0,0","12,3",05:08,"23,3",16:30,,,,,,,,,
2008-05-29,6143X,COÍN,MALAGA,230,"20,0","0,0","12,2",05:08,"27,7",13:02,,,,,,,,,
2008-05-30,6143X,COÍN,MALAGA,230,"19,8","1,6","15,0",23:30,"24,7",11:22,,,,,,,,,
2008-05-31,6143X,COÍN,MALAGA,230,"18,8","0,0","13,1",05:30,"24,4",13:37,,,,,,,,,
2008-06-01,6143X,COÍN,MALAGA,230,"20,3","0,0","12,8",05:30,"27,8",16:46,,,,,,,,,
2008-06-02,6143X,COÍN,MALAGA,230,"21,3","0,0","14,1",05:03,"28,5",14:43,,,,,,,,,
2008-06-03,6143X,COÍN,MALAGA,230,"21,8","0,0","15,2",05:30,"28,4",11:14,,,,,,,,,
2008-06-04,6143X,COÍN,MALAGA,230,"21,3","0,0","15,6",05:24,"27,0",15:53,,,,,,,,,
2008-06-05,6143X,COÍN,MALAGA,230,"24,0","0,0","16,5",04:29,"31,5",17:34,,,,,,,,,
2008-06-06,6143X,COÍN,MALAGA,230,"23,4","0,0","18,4",23:56,"28,4",12:26,,,,,,,,,
2008-06-07,6143X,COÍN,MALAGA,230,"21,1","0,0","15,9",05:11,"26,3",13:52,,,,,,,,,
2008-06-08,6143X,COÍN,MALAGA,230,"19,8","0,0","14,6",05:30,"25,0",14:07,,,,,,,,,
2008-06-09,6143X,COÍN,MALAGA,230,"19,0","0,4","15,0",05:30,"23,1",11:32,,,,,,,,,
2008-06-10,6143X,COÍN,MALAGA,230,"20,5","0,0","16,8",23:57,"24,2",17:05,,,,,,,,,
2008-06-11,6143X,COÍN,MALAGA,230,"21,2","0,0","15,2",05:30,"27,1",11:12,,,,,,,,,
2008-06-12,6143X,COÍN,MALAGA,230,"21,6","0,0","15,7",05:20,"27,4",12:17,,,,,,,,,
2008-06-13,6143X,COÍN,MALAGA,230,"23,2","0,0","16,6",Varias,"29,7",16:00,,,,,,,,,
2008-06-14,6143X,COÍN,MALAGA,230,"26,8","0,0","17,9",04:42,"35,6",16:17,,,,,,,,,
2008-06-15,6143X,COÍN,MALAGA,230,"28,4","0,0","19,9",05:19,"36,8",16:39,,,,,,,,,
2008-06-16,6143X,COÍN,MALAGA,230,"26,2","0,0","20,5",05:14,"31,8",13:20,,,,,,,,,
2008-06-17,6143X,COÍN,MALAGA,230,,"0,0",,,,,,,,,,,,,
2008-06-18,6143X,COÍN,MALAGA,230,"23,0","0,0","17,6",05:30,"28,5",14:34,,,,,,,,,
2008-06-19,6143X,COÍN,MALAGA,230,"23,8","0,0","17,3",04:30,"30,4",12:18,,,,,,,,,
2008-06-20,6143X,COÍN,MALAGA,230,"24,6","0,0","18,4",05:02,"30,8",16:26,,,,,,,,,
2008-06-21,6143X,COÍN,MALAGA,230,"23,5","0,0","17,7",05:30,"29,3",15:30,,,,,,,,,
2008-06-22,6143X,COÍN,MALAGA,230,"24,8","0,0","17,8",04:08,"31,9",14:46,,,,,,,,,
2008-06-23,6143X,COÍN,MALAGA,230,"24,8","0,0","19,5",05:05,"30,1",16:01,,,,,,,,,
2008-06-24,6143X,COÍN,MALAGA,230,"29,1","0,0","18,9",05:30,"39,3",15:43,,,,,,,,,
2008-06-25,6143X,COÍN,MALAGA,230,"27,4","0,0","18,9",04:53,"35,8",14:41,,,,,,,,,
2008-06-26,6143X,COÍN,MALAGA,230,"27,2","0,0","21,0",05:06,"33,5",14:30,,,,,,,,,
2008-06-27,6143X,COÍN,MALAGA,230,"26,8","0,0","20,3",05:08,"33,3",13:54,,,,,,,,,
2008-06-28,6143X,COÍN,MALAGA,230,"26,0","0,0","20,4",05:16,"31,6",15:30,,,,,,,,,
2008-06-29,6143X,COÍN,MALAGA,230,"25,7","0,0","20,2",04:56,"31,2",13:54,,,,,,,,,
2008-06-30,6143X,COÍN,MALAGA,230,"26,4","0,0","20,7",04:16,"32,1",16:30,,,,,,,,,
2008-07-01,6143X,COÍN,MALAGA,230,"26,4","0,0","19,9",05:30,"32,8",16:30,,,,,,,,,
2008-07-02,6143X,COÍN,MALAGA,230,"29,4","0,0","20,6",05:11,"38,3",15:45,,,,,,,,,
2008-07-03,6143X,COÍN,MALAGA,230,"28,6","0,0","22,0",05:20,"35,2",16:47,,,,,,,,,
2008-07-04,6143X,COÍN,MALAGA,230,"25,8","0,0","21,0",04:49,"30,7",12:27,,,,,,,,,
2008-07-05,6143X,COÍN,MALAGA,230,"28,5","0,0","20,8",05:14,"36,2",15:44,,,,,,,,,
2008-07-06,6143X,COÍN,MALAGA,230,"30,2","0,0","24,1",Varias,"36,3",13:49,,,,,,,,,
2008-07-07,6143X,COÍN,MALAGA,230,"28,8","0,0","20,0",05:26,"37,6",16:27,,,,,,,,,
2008-07-08,6143X,COÍN,MALAGA,230,"25,2","0,0","20,1",05:30,"30,3",11:25,,,,,,,,,
2008-07-09,6143X,COÍN,MALAGA,230,"25,1","0,0","20,5",04:24,"29,7",14:33,,,,,,,,,
2008-07-10,6143X,COÍN,MALAGA,230,"26,4","0,0","19,8",05:30,"33,1",17:05,,,,,,,,,
2008-07-11,6143X,COÍN,MALAGA,230,"30,7","0,0","22,0",05:14,"39,4",16:07,,,,,,,,,
2008-07-12,6143X,COÍN,MALAGA,230,"29,7","0,0","23,7",05:21,"35,7",16:14,,,,,,,,,
2008-07-13,6143X,COÍN,MALAGA,230,"25,2","0,2","20,9",06:15,"29,6",13:30,,,,,,,,,
2008-07-14,6143X,COÍN,MALAGA,230,"25,4","0,0","21,2",04:47,"29,6",12:30,,,,,,,,,
2008-07-15,6143X,COÍN,MALAGA,230,"24,4","0,0","21,4",03:29,"27,5",13:02,,,,,,,,,
2008-07-16,6143X,COÍN,MALAGA,230,"24,1","0,0","20,0",03:04,"28,2",12:13,,,,,,,,,
2008-07-17,6143X,COÍN,MALAGA,230,"25,2","0,0","19,8",05:28,"30,5",11:24,,,,,,,,,
2008-07-18,6143X,COÍN,MALAGA,230,"25,8","0,0","20,1",05:30,"31,5",15:03,,,,,,,,,
2008-07-19,6143X,COÍN,MALAGA,230,"26,5","0,0","21,2",05:08,"31,8",Varias,,,,,,,,,
2008-07-20,6143X,COÍN,MALAGA,230,"28,6","0,0","22,5",05:51,"34,6",Varias,,,,,,,,,
2008-07-21,6143X,COÍN,MALAGA,230,"31,6","0,0","23,4",05:31,"39,9",13:01,,,,,,,,,
2008-07-22,6143X,COÍN,MALAGA,230,"25,6","0,0","22,0",02:40,"29,3",14:11,,,,,,,,,
2008-07-23,6143X,COÍN,MALAGA,230,"26,6","0,0","20,6",05:26,"32,6",14:52,,,,,,,,,
2008-07-24,6143X,COÍN,MALAGA,230,"28,9","0,0","21,3",05:37,"36,5",15:44,,,,,,,,,
2008-07-25,6143X,COÍN,MALAGA,230,"30,1","0,0","22,7",05:34,"37,5",16:30,,,,,,,,,
2008-07-26,6143X,COÍN,MALAGA,230,"31,6","0,0","23,9",05:21,"39,3",16:50,,,,,,,,,
2008-07-27,6143X,COÍN,MALAGA,230,"31,4","0,0","23,1",05:29,"39,6",13:26,,,,,,,,,
2008-07-28,6143X,COÍN,MALAGA,230,"30,6","0,0","23,9",05:32,"37,4",18:08,,,,,,,,,
2008-07-29,6143X,COÍN,MALAGA,230,"28,1","0,0","22,1",05:47,"34,1",10:44,,,,,,,,,
2008-07-30,6143X,COÍN,MALAGA,230,"28,4","0,0","20,3",04:23,"36,5",17:38,,,,,,,,,
2008-07-31,6143X,COÍN,MALAGA,230,"30,0","0,0","20,7",05:16,"39,2",16:11,,,,,,,,,
2008-08-01,6143X,COÍN,MALAGA,230,"31,6","0,0","24,0",05:12,"39,1",15:46,,,,,,,,,
2008-08-02,6143X,COÍN,MALAGA,230,"27,4","0,0","23,1",06:30,"31,8",16:34,,,,,,,,,
2008-08-03,6143X,COÍN,MALAGA,230,"26,6","0,0","23,0",Varias,"30,1",16:30,,,,,,,,,
2008-08-04,6143X,COÍN,MALAGA,230,"28,4","0,0","21,3",03:27,"35,5",16:14,,,,,,,,,
2008-08-05,6143X,COÍN,MALAGA,230,"29,4","0,0","22,0",05:28,"36,9",13:36,,,,,,,,,
2008-08-06,6143X,COÍN,MALAGA,230,"29,0","0,0","22,2",04:19,"35,7",16:40,,,,,,,,,
2008-08-07,6143X,COÍN,MALAGA,230,"31,6","0,0","23,4",05:45,"39,9",16:17,,,,,,,,,
2008-08-08,6143X,COÍN,MALAGA,230,"30,6","0,0","22,0",05:15,"39,1",13:49,,,,,,,,,
2008-08-09,6143X,COÍN,MALAGA,230,"26,3","0,0","21,0",05:30,"31,6",13:55,,,,,,,,,
2008-08-10,6143X,COÍN,MALAGA,230,"26,4","0,0","21,0",05:41,"31,9",Varias,,,,,,,,,
2008-08-11,6143X,COÍN,MALAGA,230,"30,0","0,0","21,2",05:41,"38,7",16:44,,,,,,,,,
2008-08-12,6143X,COÍN,MALAGA,230,"32,0","0,0","23,5",05:30,"40,4",15:24,,,,,,,,,
2008-08-13,6143X,COÍN,MALAGA,230,"30,8","0,0","23,0",06:30,"38,6",13:04,,,,,,,,,
2008-08-14,6143X,COÍN,MALAGA,230,"29,0","0,0","23,7",02:21,"34,2",17:22,,,,,,,,,
2008-08-15,6143X,COÍN,MALAGA,230,"28,5","0,0","21,8",23:47,"35,2",12:42,,,,,,,,,
2008-08-16,6143X,COÍN,MALAGA,230,"25,2","0,0","19,0",05:47,"31,5",17:53,,,,,,,,,
2008-08-17,6143X,COÍN,MALAGA,230,"28,8","0,0","23,5",03:39,"34,0",16:07,,,,,,,,,
2008-08-18,6143X,COÍN,MALAGA,230,"26,2","0,0","20,4",05:23,"31,9",13:16,,,,,,,,,
2008-08-19,6143X,COÍN,MALAGA,230,"28,2","0,0","19,9",06:30,"36,4",15:50,,,,,,,,,
2008-08-20,6143X,COÍN,MALAGA,230,"28,2","0,0","21,6",05:51,"34,8",11:30,,,,,,,,,
2008-08-21,6143X,COÍN,MALAGA,230,"25,8","0,0","20,5",05:55,"31,0",12:57,,,,,,,,,
2008-08-22,6143X,COÍN,MALAGA,230,"28,4","0,0","22,3",06:05,"34,5",15:30,,,,,,,,,
2008-08-23,6143X,COÍN,MALAGA,230,"25,4","0,0","20,9",05:07,"30,0",15:28,,,,,,,,,
2008-08-24,6143X,COÍN,MALAGA,230,"26,0","0,0","20,1",05:08,"31,9",Varias,,,,,,,,,
2008-08-25,6143X,COÍN,MALAGA,230,"25,9","0,0","20,1",05:30,"31,7",14:23,,,,,,,,,
2008-08-26,6143X,COÍN,MALAGA,230,"25,8","0,0","20,5",05:51,"31,0",16:37,,,,,,,,,
2008-08-27,6143X,COÍN,MALAGA,230,"24,6","0,0","20,4",06:05,"28,9",15:11,,,,,,,,,
2008-08-28,6143X,COÍN,MALAGA,230,"25,2","0,0","22,0",05:30,"28,3",16:24,,,,,,,,,
2008-08-29,6143X,COÍN,MALAGA,230,"25,2","0,0","21,2",04:30,"29,2",15:42,,,,,,,,,
2008-08-30,6143X,COÍN,MALAGA,230,"24,8","0,0","19,6",05:48,"29,9",14:04,,,,,,,,,
2008-08-31,6143X,COÍN,MALAGA,230,"25,6","0,0","18,0",05:17,"33,1",16:30,,,,,,,,,
2008-09-01,6143X,COÍN,MALAGA,230,"26,9","0,0","20,2",05:33,"33,6",11:43,,,,,,,,,
2008-09-02,6143X,COÍN,MALAGA,230,"24,4","0,0","18,9",06:30,"29,8",16:12,,,,,,,,,
2008-09-03,6143X,COÍN,MALAGA,230,"24,9","0,0","17,6",06:16,"32,2",14:30,,,,,,,,,
2008-09-04,6143X,COÍN,MALAGA,230,"28,2","0,0","20,6",06:34,"35,8",15:34,,,,,,,,,
2008-09-05,6143X,COÍN,MALAGA,230,"24,7","0,0","18,9",04:21,"30,5",14:30,,,,,,,,,
2008-09-06,6143X,COÍN,MALAGA,230,"25,0","0,0","18,4",04:09,"31,6",16:01,,,,,,,,,
2008-09-07,6143X,COÍN,MALAGA,230,"25,0","0,0","19,2",06:15,"30,8",12:13,,,,,,,,,
2008-09-08,6143X,COÍN,MALAGA,230,"24,0","0,0","19,8",00:23,"28,1",13:53,,,,,,,,,
2008-09-09,6143X,COÍN,MALAGA,230,"27,0","16,2","22,6",03:30,"31,4",14:45,,,,,,,,,
2008-09-10,6143X,COÍN,MALAGA,230,"26,0","0,0","19,6",06:13,"32,3",16:28,,,,,,,,,
2008-09-11,6143X,COÍN,MALAGA,230,"26,4","0,0","19,7",03:17,"33,1",12:52,,,,,,,,,
2008-09-12,6143X,COÍN,MALAGA,230,"26,2","0,0","19,3",06:41,"33,1",15:25,,,,,,,,,
2008-09-13,6143X,COÍN,MALAGA,230,"22,5","0,0","18,3",23:58,"26,7",14:42,,,,,,,,,
2008-09-14,6143X,COÍN,MALAGA,230,"21,9","0,0","16,5",06:30,"27,3",14:30,,,,,,,,,
2008-09-15,6143X,COÍN,MALAGA,230,"23,4","0,0","16,7",06:46,"30,1",16:31,,,,,,,,,
2008-09-16,6143X,COÍN,MALAGA,230,"23,2","0,0","16,8",03:48,"29,6",13:04,,,,,,,,,
2008-09-17,6143X,COÍN,MALAGA,230,"22,6","0,0","17,1",Varias,"28,0",15:48,,,,,,,,,
2008-09-18,6143X,COÍN,MALAGA,230,"20,6","0,2","17,4",02:24,"23,8",11:24,,,,,,,,,
2008-09-19,6143X,COÍN,MALAGA,230,"24,6","0,0","19,0",06:07,"30,2",13:28,,,,,,,,,
2008-09-20,6143X,COÍN,MALAGA,230,"24,4","3,4","19,3",06:03,"29,5",15:15,,,,,,,,,
2008-09-21,6143X,COÍN,MALAGA,230,"24,0","0,0","18,3",06:12,"29,8",15:04,,,,,,,,,
2008-09-22,6143X,COÍN,MALAGA,230,"22,6","24,2","16,5",06:03,"28,8",12:48,,,,,,,,,
2008-09-23,6143X,COÍN,MALAGA,230,"19,2","11,4","17,0",07:30,"21,3",12:35,,,,,,,,,
2008-09-24,6143X,COÍN,MALAGA,230,"21,2","0,0","15,9",06:30,"26,6",12:29,,,,,,,,,
2008-09-25,6143X,COÍN,MALAGA,230,"21,3","0,4","17,3",Varias,"25,3",15:07,,,,,,,,,
2008-09-26,6143X,COÍN,MALAGA,230,"21,1","49,2","17,4",05:30,"24,8",11:46,,,,,,,,,
2008-09-27,6143X,COÍN,MALAGA,230,"18,0","11,8","16,7",06:03,"19,3",16:30,,,,,,,,,
2008-09-28,6143X,COÍN,MALAGA,230,"17,9","19,4","16,9",14:30,"18,9",Varias,,,,,,,,,
2008-09-29,6143X,COÍN,MALAGA,230,"19,8","1,6","17,2",21:25,"22,4",Varias,,,,,,,,,
2008-09-30,6143X,COÍN,MALAGA,230,"19,7","0,0","14,8",23:35,"24,6",12:30,,,,,,,,,
2008-10-01,6143X,COÍN,MALAGA,230,"18,6","0,0","13,4",05:29,"23,9",12:01,,,,,,,,,
2008-10-02,6143X,COÍN,MALAGA,230,"20,6","0,0","14,3",06:30,"26,8",14:30,,,,,,,,,
2008-10-03,6143X,COÍN,MALAGA,230,"22,0","0,0","15,4",05:30,"28,7",14:14,,,,,,,,,
2008-10-04,6143X,COÍN,MALAGA,230,"19,5","0,0","15,0",Varias,"24,0",14:30,,,,,,,,,
2008-10-05,6143X,COÍN,MALAGA,230,"19,0","0,0","13,4",06:22,"24,7",13:30,,,,,,,,,
2008-10-06,6143X,COÍN,MALAGA,230,"19,3","0,0","13,5",06:30,"25,1",14:30,,,,,,,,,
2008-10-07,6143X,COÍN,MALAGA,230,"21,2","0,0","14,4",06:05,"27,9",14:33,,,,,,,,,
2008-10-08,6143X,COÍN,MALAGA,230,"20,5","0,0","16,5",06:18,"24,5",14:15,,,,,,,,,
2008-10-09,6143X,COÍN,MALAGA,230,"19,0","1,8","14,7",Varias,"23,2",12:23,,,,,,,,,
2008-10-10,6143X,COÍN,MALAGA,230,"19,2","7,8","14,8",01:12,"23,6",22:58,,,,,,,,,
2008-10-11,6143X,COÍN,MALAGA,230,"23,6","0,0","20,1",23:33,"27,2",14:09,,,,,,,,,
2008-10-12,6143X,COÍN,MALAGA,230,"23,3","0,0","18,3",23:41,"28,3",14:21,,,,,,,,,
2008-10-13,6143X,COÍN,MALAGA,230,"22,4","39,8","17,3",07:05,"27,6",13:13,,,,,,,,,
2008-10-14,6143X,COÍN,MALAGA,230,"18,8","0,2","14,1",Varias,"23,6",14:47,,,,,,,,,
2008-10-15,6143X,COÍN,MALAGA,230,"20,4","0,0","14,3",04:05,"26,6",13:20,,,,,,,,,
2008-10-16,6143X,COÍN,MALAGA,230,"21,4","0,0","14,2",06:44,"28,7",13:58,,,,,,,,,
2008-10-17,6143X,COÍN,MALAGA,230,"22,6","0,0","15,7",06:19,"29,6",14:23,,,,,,,,,
2008-10-18,6143X,COÍN,MALAGA,230,,"0,0",,,,,,,,,,,,,
2008-10-19,6143X,COÍN,MALAGA,230,"19,0","7,0","17,2",00:30,"20,7",10:43,,,,,,,,,
2008-10-20,6143X,COÍN,MALAGA,230,"20,2","0,0","17,0",23:47,"23,5",13:30,,,,,,,,,
2008-10-21,6143X,COÍN,MALAGA,230,"20,1","2,6","15,3",06:16,"24,9",Varias,,,,,,,,,
2008-10-22,6143X,COÍN,MALAGA,230,"16,4","13,0","14,9",23:48,"18,0",13:11,,,,,,,,,
2008-10-23,6143X,COÍN,MALAGA,230,"18,2","4,0","14,5",01:31,"22,0",13:30,,,,,,,,,
2008-10-24,6143X,COÍN,MALAGA,230,"20,2","0,2","15,4",07:30,"25,0",13:42,,,,,,,,,
2008-10-25,6143X,COÍN,MALAGA,230,"19,6","2,4","14,6",06:30,"24,6",14:28,,,,,,,,,
2008-10-26,6143X,COÍN,MALAGA,230,"20,5","0,0","14,4",05:13,"26,6",15:30,,,,,,,,,
2008-10-27,6143X,COÍN,MALAGA,230,"20,6","0,0","14,6",06:42,"26,5",13:16,,,,,,,,,
2008-10-28,6143X,COÍN,MALAGA,230,"14,3","2,8","11,1",22:58,"17,5",15:17,,,,,,,,,
2008-10-29,6143X,COÍN,MALAGA,230,"13,9","0,0","9,1",07:01,"18,7",14:09,,,,,,,,,
2008-10-30,6143X,COÍN,MALAGA,230,"13,4","5,4","6,9",07:30,"19,9",14:35,,,,,,,,,
2008-10-31,6143X,COÍN,MALAGA,230,"12,6","46,2","11,2",23:22,"14,0",14:10,,,,,,,,,
2008-11-01,6143X,COÍN,MALAGA,230,"11,8","17,4","10,5",Varias,"13,1",14:30,,,,,,,,,
2008-11-02,6143X,COÍN,MALAGA,230,"11,7","1,6","7,5",07:30,"15,9",Varias,,,,,,,,,
2008-11-03,6143X,COÍN,MALAGA,230,"12,6","1,4","9,6",00:30,"15,5",13:48,,,,,,,,,
2008-11-04,6143X,COÍN,MALAGA,230,"13,4","0,0","8,5",04:43,"18,2",13:15,,,,,,,,,
2008-11-05,6143X,COÍN,MALAGA,230,"13,0","0,4","9,3",01:23,"16,8",15:26,,,,,,,,,
2008-11-06,6143X,COÍN,MALAGA,230,"14,0","0,0","8,7",06:25,"19,4",15:30,,,,,,,,,
2008-11-07,6143X,COÍN,MALAGA,230,"15,3","0,0","9,1",06:47,"21,5",15:19,,,,,,,,,
2008-11-08,6143X,COÍN,MALAGA,230,"16,3","0,0","10,5",Varias,"22,1",14:43,,,,,,,,,
2008-11-09,6143X,COÍN,MALAGA,230,"15,4","0,0","9,6",07:06,"21,1",13:38,,,,,,,,,
2008-11-10,6143X,COÍN,MALAGA,230,"14,7","0,0","9,9",04:30,"19,5",14:20,,,,,,,,,
2008-11-11,6143X,COÍN,MALAGA,230,"14,8","0,0","9,7",Varias,"19,9",13:53,,,,,,,,,
2008-11-12,6143X,COÍN,MALAGA,230,"15,4","0,0","9,9",04:37,"20,9",12:30,,,,,,,,,
2008-11-13,6143X,COÍN,MALAGA,230,"14,6","0,0","9,9",05:49,"19,2",14:30,,,,,,,,,
2008-11-14,6143X,COÍN,MALAGA,230,"15,4","0,0","9,4",22:56,"21,5",14:27,,,,,,,,,
2008-11-15,6143X,COÍN,MALAGA,230,"13,0","0,0","7,6",07:21,"18,4",15:30,,,,,,,,,
2008-11-16,6143X,COÍN,MALAGA,230,"13,6","0,0","7,7",02:30,"19,6",Varias,,,,,,,,,
2008-11-17,6143X,COÍN,MALAGA,230,"14,8","0,0","7,8",06:22,"21,7",13:28,,,,,,,,,
2008-11-18,6143X,COÍN,MALAGA,230,"15,6","0,0","7,6",06:35,"23,7",15:06,,,,,,,,,
2008-11-19,6143X,COÍN,MALAGA,230,"13,6","5,2","10,4",06:08,"16,7",Varias,,,,,,,,,
2008-11-20,6143X,COÍN,MALAGA,230,"14,6","0,0","9,3",04:19,"19,9",13:49,,,,,,,,,
2008-11-21,6143X,COÍN,MALAGA,230,"15,2","0,0","10,4",23:42,"20,1",14:25,,,,,,,,,
2008-11-22,6143X,COÍN,MALAGA,230,"14,6","0,0","8,6",05:26,"20,5",13:51,,,,,,,,,
2008-11-23,6143X,COÍN,MALAGA,230,"16,0","0,0","10,5",07:30,"21,5",14:08,,,,,,,,,
2008-11-24,6143X,COÍN,MALAGA,230,"16,2","0,0","9,5",04:25,"22,8",12:09,,,,,,,,,
2008-11-25,6143X,COÍN,MALAGA,230,"11,4","0,0","7,1",23:59,"15,6",14:36,,,,,,,,,
2008-11-26,6143X,COÍN,MALAGA,230,"5,8","16,8","4,3",22:56,"7,2",00:19,,,,,,,,,
2008-11-27,6143X,COÍN,MALAGA,230,"9,9","0,0","4,4",07:02,"15,4",14:35,,,,,,,,,
2008-11-28,6143X,COÍN,MALAGA,230,"10,7","16,4","5,7",Varias,"15,7",11:31,,,,,,,,,
2008-11-29,6143X,COÍN,MALAGA,230,"11,4","8,0","8,8",23:55,"14,0",14:33,,,,,,,,,
2008-11-30,6143X,COÍN,MALAGA,230,"9,8","0,0","6,0",08:30,"13,5",13:14,,,,,,,,,
2008-12-01,6143X,COÍN,MALAGA,230,"9,6","0,0","5,0",06:30,"14,1",11:01,,,,,,,,,
2008-12-02,6143X,COÍN,MALAGA,230,"8,4","0,0","4,4",07:43,"12,5",15:30,,,,,,,,,
2008-12-03,6143X,COÍN,MALAGA,230,"8,6","0,0","3,9",08:01,"13,2",14:05,,,,,,,,,
2008-12-04,6143X,COÍN,MALAGA,230,"10,7","0,0","8,0",01:31,"13,4",14:30,,,,,,,,,
2008-12-05,6143X,COÍN,MALAGA,230,"15,2","0,0","9,2",01:30,"21,2",15:04,,,,,,,,,
2008-12-06,6143X,COÍN,MALAGA,230,"16,5","0,0","11,7",08:30,"21,3",11:25,,,,,,,,,
2008-12-07,6143X,COÍN,MALAGA,230,"16,1","0,8","11,9",02:30,"20,3",14:02,,,,,,,,,
2008-12-08,6143X,COÍN,MALAGA,230,"14,6","1,2","10,2",Varias,"18,9",14:20,,,,,,,,,
2008-12-09,6143X,COÍN,MALAGA,230,"11,6","9,0","7,8",19:05,"15,5",11:57,,,,,,,,,
2008-12-10,6143X,COÍN,MALAGA,230,"10,6","0,0","7,2",23:57,"13,9",12:10,,,,,,,,,
2008-12-11,6143X,COÍN,MALAGA,230,"9,9","0,0","4,1",08:30,"15,7",14:25,,,,,,,,,
2008-12-12,6143X,COÍN,MALAGA,230,"10,6","0,0","5,8",23:00,"15,5",12:30,,,,,,,,,
2008-12-13,6143X,COÍN,MALAGA,230,"7,7","10,2","3,6",07:34,"11,8",23:46,,,,,,,,,
2008-12-14,6143X,COÍN,MALAGA,230,"10,0","3,2","6,8",23:27,"13,1",11:09,,,,,,,,,
2008-12-15,6143X,COÍN,MALAGA,230,"7,6","0,0","3,8",08:10,"11,3",14:30,,,,,,,,,
2008-12-16,6143X,COÍN,MALAGA,230,"9,4","0,0","2,8",07:30,"16,0",15:29,,,,,,,,,
2008-12-17,6143X,COÍN,MALAGA,230,"11,0","0,0","5,1",Varias,"16,9",14:13,,,,,,,,,
2008-12-18,6143X,COÍN,MALAGA,230,"11,6","0,0","4,8",06:35,"18,4",14:36,,,,,,,,,
2008-12-19,6143X,COÍN,MALAGA,230,"12,0","0,0","5,4",07:59,"18,6",14:56,,,,,,,,,
2008-12-20,6143X,COÍN,MALAGA,230,"12,0","0,0","5,7",06:40,"18,4",14:28,,,,,,,,,
2008-12-21,6143X,COÍN,MALAGA,230,"13,6","0,0","7,0",06:33,"20,2",15:30,,,,,,,,,
2008-12-22,6143X,COÍN,MALAGA,230,"12,6","0,0","7,5",04:06,"17,7",13:30,,,,,,,,,
2008-12-23,6143X,COÍN,MALAGA,230,"14,0","0,0","8,3",20:30,"19,8",14:48,,,,,,,,,
2008-12-24,6143X,COÍN,MALAGA,230,"11,1","0,0","9,5",03:45,"12,7",15:30,,,,,,,,,
2008-12-25,6143X,COÍN,MALAGA,230,"12,4","0,0","8,3",22:43,"16,5",14:42,,,,,,,,,
2008-12-26,6143X,COÍN,MALAGA,230,"12,4","0,0","6,0",07:47,"18,9",14:24,,,,,,,,,
2008-12-27,6143X,COÍN,MALAGA,230,"8,8","65,0","4,8",04:30,"12,8",13:21,,,,,,,,,
2008-12-28,6143X,COÍN,MALAGA,230,"10,4","8,4","9,6",09:37,"11,1",02:11,,,,,,,,,
2008-12-29,6143X,COÍN,MALAGA,230,"11,2","1,0","10,3",00:12,"12,1",15:02,,,,,,,,,
2008-12-30,6143X,COÍN,MALAGA,230,"12,7","0,0","10,1",01:05,"15,3",13:30,,,,,,,,,
2008-12-31,6143X,COÍN,MALAGA,230,"12,8","0,2","11,0",01:05,"14,7",13:43,,,,,,,,,
2009-01-01,6143X,COÍN,MALAGA,230,"15,4","0,6","10,7",08:30,"20,2",14:49,,,,,,,,,
2009-01-02,6143X,COÍN,MALAGA,230,"13,0","5,8","11,9",21:27,"14,2",16:30,,,,,,,,,
2009-01-03,6143X,COÍN,MALAGA,230,"12,9","1,8","10,1",Varias,"15,7",14:17,,,,,,,,,
2009-01-04,6143X,COÍN,MALAGA,230,"11,6","0,0","7,5",23:55,"15,7",12:45,,,,,,,,,
2009-01-05,6143X,COÍN,MALAGA,230,"10,8","0,0","7,0",00:42,"14,6",11:02,,,,,,,,,
2009-01-06,6143X,COÍN,MALAGA,230,"8,8","0,0","5,0",Varias,"12,5",13:43,,,,,,,,,
2009-01-07,6143X,COÍN,MALAGA,230,"7,6","0,0","3,9",Varias,"11,2",14:12,,,,,,,,,
2009-01-08,6143X,COÍN,MALAGA,230,"4,8","0,0","2,5",06:30,"7,1",14:20,,,,,,,,,
2009-01-09,6143X,COÍN,MALAGA,230,"6,5","0,0","0,7",Varias,"12,3",14:36,,,,,,,,,
2009-01-10,6143X,COÍN,MALAGA,230,"5,0","0,0","0,3",04:42,"9,8",15:30,,,,,,,,,
2009-01-11,6143X,COÍN,MALAGA,230,"7,5","0,0","0,7",01:45,"14,3",14:11,,,,,,,,,
2009-01-12,6143X,COÍN,MALAGA,230,"10,2","0,0","3,5",Varias,"17,0",Varias,,,,,,,,,
2009-01-13,6143X,COÍN,MALAGA,230,"8,8","0,6","3,5",06:31,"14,1",12:21,,,,,,,,,
2009-01-14,6143X,COÍN,MALAGA,230,"9,9","0,0","4,8",23:57,"15,0",12:49,,,,,,,,,
2009-01-15,6143X,COÍN,MALAGA,230,"9,0","0,0","3,6",08:30,"14,5",14:21,,,,,,,,,
2009-01-16,6143X,COÍN,MALAGA,230,"9,8","0,0","6,8",04:41,"12,7",12:06,,,,,,,,,
2009-01-17,6143X,COÍN,MALAGA,230,"11,8","0,0","5,8",07:13,"17,9",14:29,,,,,,,,,
2009-01-18,6143X,COÍN,MALAGA,230,"12,3","0,0","5,7",Varias,"18,9",14:19,,,,,,,,,
2009-01-19,6143X,COÍN,MALAGA,230,"12,2","2,6","9,5",01:07,"14,8",15:30,,,,,,,,,
2009-01-20,6143X,COÍN,MALAGA,230,"9,3","0,0","6,6",23:59,"12,0",Varias,,,,,,,,,
2009-01-21,6143X,COÍN,MALAGA,230,"7,9","0,0","4,0",05:33,"11,8",13:50,,,,,,,,,
2009-01-22,6143X,COÍN,MALAGA,230,"12,0","0,0","8,2",06:40,"15,9",Varias,,,,,,,,,
2009-01-23,6143X,COÍN,MALAGA,230,"17,4","0,0","13,2",00:30,"21,7",12:52,,,,,,,,,
2009-01-24,6143X,COÍN,MALAGA,230,"12,6","0,0","8,6",21:51,"16,5",04:30,,,,,,,,,
2009-01-25,6143X,COÍN,MALAGA,230,"11,7","2,4","8,6",Varias,"14,8",13:36,,,,,,,,,
2009-01-26,6143X,COÍN,MALAGA,230,"11,0","0,0","7,2",04:21,"14,8",15:12,,,,,,,,,
2009-01-27,6143X,COÍN,MALAGA,230,"11,8","0,0","8,3",04:52,"15,2",14:44,,,,,,,,,
2009-01-28,6143X,COÍN,MALAGA,230,"14,6","0,0","10,3",23:53,"18,9",11:41,,,,,,,,,
2009-01-29,6143X,COÍN,MALAGA,230,"15,2","0,0","9,3",07:30,"21,2",15:03,,,,,,,,,
2009-01-30,6143X,COÍN,MALAGA,230,"12,6","3,6","6,7",07:30,"18,5",14:55,,,,,,,,,
2009-01-31,6143X,COÍN,MALAGA,230,"10,9","9,0","7,7",Varias,"14,1",14:46,,,,,,,,,
2009-02-01,6143X,COÍN,MALAGA,230,"9,2","58,8","6,6",02:16,"11,7",14:33,,,,,,,,,
2009-02-02,6143X,COÍN,MALAGA,230,"11,2","0,2","8,2",Varias,"14,3",13:49,,,,,,,,,
2009-02-03,6143X,COÍN,MALAGA,230,,,,,,,,,,,,,,,
2009-02-27,6143X,COÍN,MALAGA,230,"13,1",,"8,6",07:31,"17,6",15:14,,,,,,,,,
2009-02-28,6143X,COÍN,MALAGA,230,"11,7",,"9,7",23:21,"13,7",12:16,,,,,,,,,
2009-03-02,6143X,COÍN,MALAGA,230,"11,6",,"9,0",01:36,"14,1",15:24,,,,,,,,,
2009-03-04,6143X,COÍN,MALAGA,230,"12,8",,"8,9",00:00,"16,6",12:03,,,,,,,,,
2009-03-05,6143X,COÍN,MALAGA,230,"14,4",,"11,1",03:35,"17,7",13:41,,,,,,,,,
2009-03-06,6143X,COÍN,MALAGA,230,"15,0",,"9,8",Varias,"20,2",14:06,,,,,,,,,
2009-03-17,6143X,COÍN,MALAGA,230,"14,6",,"12,2",Varias,"16,9",14:46,,,,,,,,,
2009-03-21,6143X,COÍN,MALAGA,230,"12,0",,"9,9",06:12,"14,2",16:30,,,,,,,,,
2009-03-28,6143X,COÍN,MALAGA,230,"16,7","7,6","11,1",22:30,"22,3",13:08,,,,,,,,,
2009-03-29,6143X,COÍN,MALAGA,230,"10,6","1,8","6,5",21:07,"14,8",10:30,,,,,,,,,
2009-03-30,6143X,COÍN,MALAGA,230,"12,0","0,0","7,2",01:30,"16,7",12:45,,,,,,,,,
2009-03-31,6143X,COÍN,MALAGA,230,"13,0","0,0","5,6",06:05,"20,3",13:33,,,,,,,,,
2009-04-01,6143X,COÍN,MALAGA,230,"13,2","0,0","6,9",05:50,"19,6",11:39,,,,,,,,,
2009-04-02,6143X,COÍN,MALAGA,230,"15,4","0,0","7,0",05:30,"23,8",15:56,,,,,,,,,
2009-04-03,6143X,COÍN,MALAGA,230,"17,2","0,0","9,7",04:35,"24,6",14:41,,,,,,,,,
2009-04-04,6143X,COÍN,MALAGA,230,"16,8","0,0","9,3",06:01,"24,2",12:31,,,,,,,,,
2009-04-05,6143X,COÍN,MALAGA,230,"17,6","0,0","12,2",00:00,"22,9",12:47,,,,,,,,,
2009-04-06,6143X,COÍN,MALAGA,230,"17,1","0,0","11,1",05:59,"23,1",12:07,,,,,,,,,
2009-04-07,6143X,COÍN,MALAGA,230,"16,6","0,0","12,8",05:30,"20,5",13:57,,,,,,,,,
2009-04-08,6143X,COÍN,MALAGA,230,"16,6","0,0","8,5",06:06,"24,8",Varias,,,,,,,,,
2009-04-09,6143X,COÍN,MALAGA,230,"14,9","0,0","8,6",05:30,"21,2",14:12,,,,,,,,,
2009-04-10,6143X,COÍN,MALAGA,230,"13,1","0,0","7,4",05:55,"18,8",15:52,,,,,,,,,
2009-04-11,6143X,COÍN,MALAGA,230,"13,4","0,0","9,7",05:30,"17,1",16:03,,,,,,,,,
2009-04-12,6143X,COÍN,MALAGA,230,"14,6","0,0","9,0",05:30,"20,3",15:30,,,,,,,,,
2009-04-13,6143X,COÍN,MALAGA,230,"17,1","0,0","9,1",05:47,"25,1",15:02,,,,,,,,,
2009-04-14,6143X,COÍN,MALAGA,230,,"0,2",,,,,,,,,,,,,
2009-04-15,6143X,COÍN,MALAGA,230,"15,0","0,8","10,5",Varias,"19,5",16:05,,,,,,,,,
2009-04-16,6143X,COÍN,MALAGA,230,"14,2","0,2","8,2",05:30,"20,2",16:23,,,,,,,,,
2009-04-17,6143X,COÍN,MALAGA,230,"14,4","9,6","9,1",05:30,"19,7",12:30,,,,,,,,,
2009-04-18,6143X,COÍN,MALAGA,230,"15,6","2,2","10,6",05:02,"20,5",13:07,,,,,,,,,
2009-04-19,6143X,COÍN,MALAGA,230,"16,0","0,8","10,8",Varias,"21,2",15:29,,,,,,,,,
2009-04-20,6143X,COÍN,MALAGA,230,"16,8","0,0","8,9",05:31,"24,6",17:04,,,,,,,,,
2009-04-21,6143X,COÍN,MALAGA,230,"18,0","0,0","10,9",05:06,"25,1",14:29,,,,,,,,,
2009-04-22,6143X,COÍN,MALAGA,230,"20,5","0,0","12,6",04:30,"28,4",13:30,,,,,,,,,
2009-04-23,6143X,COÍN,MALAGA,230,"18,1","0,0","11,0",Varias,"25,2",Varias,,,,,,,,,
2009-04-24,6143X,COÍN,MALAGA,230,"20,1","0,0","12,6",04:41,"27,6",16:45,,,,,,,,,
2009-04-25,6143X,COÍN,MALAGA,230,"18,3","1,8","13,3",23:32,"23,3",11:35,,,,,,,,,
2009-04-26,6143X,COÍN,MALAGA,230,"13,6","15,2","9,7",08:26,"17,4",16:20,,,,,,,,,
2009-04-27,6143X,COÍN,MALAGA,230,"15,6","0,0","9,5",05:28,"21,7",15:36,,,,,,,,,
2009-04-28,6143X,COÍN,MALAGA,230,"16,0","0,0","10,7",05:29,"21,3",17:20,,,,,,,,,
2009-04-29,6143X,COÍN,MALAGA,230,"19,6","0,0","11,8",05:30,"27,5",15:35,,,,,,,,,
2009-04-30,6143X,COÍN,MALAGA,230,"17,6","0,0","11,6",04:42,"23,5",16:20,,,,,,,,,
2009-05-01,6143X,COÍN,MALAGA,230,"20,2","0,0","13,5",23:56,"26,9",15:35,,,,,,,,,
2009-05-02,6143X,COÍN,MALAGA,230,"16,4","0,0","11,5",05:11,"21,4",13:02,,,,,,,,,
2009-05-03,6143X,COÍN,MALAGA,230,"18,8","0,0","12,6",00:30,"25,0",15:37,,,,,,,,,
2009-05-04,6143X,COÍN,MALAGA,230,,"0,0",,,,,,,,,,,,,
2009-05-05,6143X,COÍN,MALAGA,230,"18,3","0,0","12,0",04:30,"24,6",Varias,,,,,,,,,
2009-05-06,6143X,COÍN,MALAGA,230,"18,5","0,0","12,0",05:03,"25,0",14:30,,,,,,,,,
2009-05-07,6143X,COÍN,MALAGA,230,"19,4","0,0","12,2",05:14,"26,7",15:25,,,,,,,,,
2009-05-08,6143X,COÍN,MALAGA,230,"20,4","0,0","13,0",04:22,"27,7",14:28,,,,,,,,,
2009-05-09,6143X,COÍN,MALAGA,230,"19,1","2,8","14,0",01:34,"24,2",11:34,,,,,,,,,
2009-05-10,6143X,COÍN,MALAGA,230,"20,4","0,0","14,9",01:50,"25,8",15:09,,,,,,,,,
2009-05-11,6143X,COÍN,MALAGA,230,"21,0","0,0","13,7",05:12,"28,2",15:40,,,,,,,,,
2009-05-12,6143X,COÍN,MALAGA,230,"21,6","0,0","13,9",03:15,"29,4",16:09,,,,,,,,,
2009-05-13,6143X,COÍN,MALAGA,230,"19,6","0,0","13,3",05:05,"26,0",14:11,,,,,,,,,
2009-05-14,6143X,COÍN,MALAGA,230,"21,1","0,0","15,5",05:32,"26,7",16:40,,,,,,,,,
2009-05-15,6143X,COÍN,MALAGA,230,"21,1","0,0","13,9",04:43,"28,3",15:36,,,,,,,,,
2009-05-16,6143X,COÍN,MALAGA,230,"20,0","0,0","13,4",05:07,"26,7",14:58,,,,,,,,,
2009-05-17,6143X,COÍN,MALAGA,230,"21,8","0,0","14,3",04:30,"29,2",14:53,,,,,,,,,
2009-05-18,6143X,COÍN,MALAGA,230,,"0,0",,,,,,,,,,,,,
2009-05-19,6143X,COÍN,MALAGA,230,"21,4","0,0","15,7",03:07,"27,0",16:05,,,,,,,,,
2009-05-20,6143X,COÍN,MALAGA,230,"22,4","0,0","16,3",02:30,"28,6",14:30,,,,,,,,,
2009-05-21,6143X,COÍN,MALAGA,230,"24,1","0,0","16,7",02:30,"31,5",15:23,,,,,,,,,
2009-05-22,6143X,COÍN,MALAGA,230,"24,4","3,0","16,0",05:26,"32,9",16:04,,,,,,,,,
2009-05-23,6143X,COÍN,MALAGA,230,"19,8","0,4","15,0",06:00,"24,6",14:43,,,,,,,,,
2009-05-24,6143X,COÍN,MALAGA,230,"19,6","0,0","12,6",04:37,"26,6",17:13,,,,,,,,,
2009-05-25,6143X,COÍN,MALAGA,230,"20,8","0,0","13,1",Varias,"28,5",14:49,,,,,,,,,
2009-05-26,6143X,COÍN,MALAGA,230,"23,6","0,0","16,8",Varias,"30,5",13:10,,,,,,,,,
2009-05-27,6143X,COÍN,MALAGA,230,"20,5","0,0","16,6",04:30,"24,4",15:23,,,,,,,,,
2009-05-28,6143X,COÍN,MALAGA,230,"21,2","0,0","16,7",Varias,"25,8",15:53,,,,,,,,,
2009-05-29,6143X,COÍN,MALAGA,230,"21,2","0,0","16,4",04:30,"26,0",15:48,,,,,,,,,
2009-05-30,6143X,COÍN,MALAGA,230,"21,7","0,0","14,7",05:18,"28,7",15:30,,,,,,,,,
2009-05-31,6143X,COÍN,MALAGA,230,"24,2","0,0","16,6",04:46,"31,9",17:18,,,,,,,,,
2009-06-01,6143X,COÍN,MALAGA,230,"26,2","0,0","16,6",05:07,"35,9",14:03,,,,,,,,,
2009-06-02,6143X,COÍN,MALAGA,230,"29,2","0,0","20,6",04:45,"37,7",15:01,,,,,,,,,
2009-06-03,6143X,COÍN,MALAGA,230,"23,9","0,0","17,4",04:30,"30,4",15:28,,,,,,,,,
2009-06-04,6143X,COÍN,MALAGA,230,"25,4","0,0","17,3",05:26,"33,5",15:31,,,,,,,,,
2009-06-05,6143X,COÍN,MALAGA,230,"23,0","0,0","18,1",23:47,"27,9",14:22,,,,,,,,,
2009-06-06,6143X,COÍN,MALAGA,230,"20,4","0,0","15,9",04:30,"25,0",16:20,,,,,,,,,
2009-06-07,6143X,COÍN,MALAGA,230,"21,6","0,0","14,3",04:30,"29,0",15:30,,,,,,,,,
2009-06-08,6143X,COÍN,MALAGA,230,"22,0",,"15,0",04:30,"29,1",14:31,,,,,,,,,
2009-06-09,6143X,COÍN,MALAGA,230,"22,8","0,0","14,6",05:04,"31,0",15:30,,,,,,,,,
2009-06-10,6143X,COÍN,MALAGA,230,"24,7","0,0","17,1",05:21,"32,3",15:02,,,,,,,,,
2009-06-11,6143X,COÍN,MALAGA,230,"25,6","0,0","17,3",04:46,"33,9",11:29,,,,,,,,,
2009-06-12,6143X,COÍN,MALAGA,230,"26,0","0,0","20,8",02:18,"31,1",12:12,,,,,,,,,
2009-06-13,6143X,COÍN,MALAGA,230,"26,4","0,0","19,4",04:14,"33,5",16:34,,,,,,,,,
2009-06-14,6143X,COÍN,MALAGA,230,"28,2","0,0","22,3",01:30,"34,0",14:30,,,,,,,,,
2009-06-15,6143X,COÍN,MALAGA,230,"28,6","0,0","21,9",04:30,"35,3",14:48,,,,,,,,,
2009-06-16,6143X,COÍN,MALAGA,230,"26,9","0,0","21,5",22:30,"32,3",14:51,,,,,,,,,
2009-06-17,6143X,COÍN,MALAGA,230,"26,2","0,0","19,9",05:33,"32,6",17:26,,,,,,,,,
2009-06-18,6143X,COÍN,MALAGA,230,"25,6","0,0","21,3",02:37,"29,9",15:47,,,,,,,,,
2009-06-19,6143X,COÍN,MALAGA,230,"28,2","0,0","20,4",Varias,"36,1",11:04,,,,,,,,,
2009-06-20,6143X,COÍN,MALAGA,230,"28,4","0,0","22,1",23:59,"34,6",09:08,,,,,,,,,
2009-06-21,6143X,COÍN,MALAGA,230,"24,5","0,0","19,7",04:35,"29,3",14:31,,,,,,,,,
2009-06-22,6143X,COÍN,MALAGA,230,"24,6","0,0","19,6",04:36,"29,7",18:01,,,,,,,,,
2009-06-23,6143X,COÍN,MALAGA,230,"28,4","0,0","19,8",04:30,"36,9",16:43,,,,,,,,,
2009-06-24,6143X,COÍN,MALAGA,230,"29,4","0,0","22,5",05:26,"36,4",12:57,,,,,,,,,
2009-06-25,6143X,COÍN,MALAGA,230,"26,6","0,0","19,2",04:30,"33,9",15:17,,,,,,,,,
2009-06-26,6143X,COÍN,MALAGA,230,"26,4","0,0","19,3",03:26,"33,4",16:49,,,,,,,,,
2009-06-27,6143X,COÍN,MALAGA,230,"25,8","0,0","18,2",05:10,"33,3",16:30,,,,,,,,,
2009-06-28,6143X,COÍN,MALAGA,230,"27,3","0,0","17,6",05:13,"37,0",16:13,,,,,,,,,
2009-06-29,6143X,COÍN,MALAGA,230,"29,0","0,0","19,7",05:12,"38,3",16:08,,,,,,,,,
2009-06-30,6143X,COÍN,MALAGA,230,"29,3","0,0","22,5",05:15,"36,1",15:19,,,,,,,,,
2009-07-01,6143X,COÍN,MALAGA,230,"29,7","0,0","23,6",04:30,"35,8",16:32,,,,,,,,,
2009-07-02,6143X,COÍN,MALAGA,230,"30,8","0,0","23,3",03:58,"38,2",17:22,,,,,,,,,
2009-07-03,6143X,COÍN,MALAGA,230,,,,,,,,,,,,,,,
2009-07-08,6143X,COÍN,MALAGA,230,"30,0","0,0","22,3",03:30,"37,7",15:10,,,,,,,,,
2009-07-09,6143X,COÍN,MALAGA,230,"26,8","0,0","19,7",05:24,"33,9",13:04,,,,,,,,,
2009-07-10,6143X,COÍN,MALAGA,230,,,,,,,,,,,,,,,
2009-08-01,6143X,COÍN,MALAGA,230,"29,5","0,0","21,2",02:19,"37,8",16:13,,,,,,,,,
2009-08-02,6143X,COÍN,MALAGA,230,"30,1","0,0","22,9",05:37,"37,3",16:03,,,,,,,,,
2009-08-03,6143X,COÍN,MALAGA,230,"28,2","0,0","20,7",04:30,"35,7",Varias,,,,,,,,,
2009-08-04,6143X,COÍN,MALAGA,230,"26,0","0,0","19,7",04:25,"32,2",16:57,,,,,,,,,
2009-08-05,6143X,COÍN,MALAGA,230,"27,2","0,0","20,8",05:41,"33,7",15:04,,,,,,,,,
2009-08-06,6143X,COÍN,MALAGA,230,"28,8","0,0","20,7",04:05,"36,8",16:05,,,,,,,,,
2009-08-07,6143X,COÍN,MALAGA,230,"31,4","0,0","23,2",05:42,"39,7",14:30,,,,,,,,,
2009-08-08,6143X,COÍN,MALAGA,230,"26,7","0,0","21,5",Varias,"31,9",15:08,,,,,,,,,
2009-08-09,6143X,COÍN,MALAGA,230,"24,4","0,0","18,0",04:30,"30,8",16:57,,,,,,,,,
2009-08-10,6143X,COÍN,MALAGA,230,"25,2","0,0","19,6",05:11,"30,7",15:13,,,,,,,,,
2009-08-11,6143X,COÍN,MALAGA,230,"28,4","0,0","22,3",05:30,"34,6",13:56,,,,,,,,,
2009-08-12,6143X,COÍN,MALAGA,230,"26,0","0,0","21,1",05:51,"31,0",14:24,,,,,,,,,
2009-08-13,6143X,COÍN,MALAGA,230,,"0,0",,,,,,,,,,,,,
2009-08-14,6143X,COÍN,MALAGA,230,"26,2","0,0","20,8",04:30,"31,5",14:53,,,,,,,,,
2009-08-15,6143X,COÍN,MALAGA,230,"26,0","0,0","20,8",05:52,"31,1",12:46,,,,,,,,,
2009-08-16,6143X,COÍN,MALAGA,230,"25,9","0,0","21,0",05:30,"30,8",14:15,,,,,,,,,
2009-08-17,6143X,COÍN,MALAGA,230,"26,0","0,0","20,7",05:25,"31,4",14:24,,,,,,,,,
2009-08-18,6143X,COÍN,MALAGA,230,"28,0","0,0","22,3",06:07,"33,7",14:52,,,,,,,,,
2009-08-19,6143X,COÍN,MALAGA,230,"26,8","0,0","20,2",05:52,"33,4",12:30,,,,,,,,,
2009-08-20,6143X,COÍN,MALAGA,230,"26,9","0,0","21,2",04:30,"32,6",13:30,,,,,,,,,
2009-08-21,6143X,COÍN,MALAGA,230,"26,8","0,0","21,1",05:26,"32,4",13:39,,,,,,,,,
2009-08-22,6143X,COÍN,MALAGA,230,"27,7","0,0","20,7",06:03,"34,7",14:14,,,,,,,,,
2009-08-23,6143X,COÍN,MALAGA,230,"27,5","0,0","21,3",05:30,"33,7",15:17,,,,,,,,,
2009-08-24,6143X,COÍN,MALAGA,230,"28,6","0,0","20,6",Varias,"36,5",14:55,,,,,,,,,
2009-08-25,6143X,COÍN,MALAGA,230,"28,0","0,0","21,8",Varias,"34,2",16:36,,,,,,,,,
2009-08-26,6143X,COÍN,MALAGA,230,"26,8","0,0","19,3",05:30,"34,2",16:34,,,,,,,,,
2009-08-27,6143X,COÍN,MALAGA,230,"27,8","0,0","21,5",02:30,"34,0",16:32,,,,,,,,,
2009-08-28,6143X,COÍN,MALAGA,230,"26,8","0,0","20,8",03:30,"32,7",13:17,,,,,,,,,
2009-08-29,6143X,COÍN,MALAGA,230,"26,2","0,0","20,3",05:27,"32,0",16:32,,,,,,,,,
2009-08-30,6143X,COÍN,MALAGA,230,"27,2","0,0","20,8",Varias,"33,6",15:30,,,,,,,,,
2009-08-31,6143X,COÍN,MALAGA,230,"26,7",,"21,5",Varias,"31,9",15:21,,,,,,,,,
2009-09-01,6143X,COÍN,MALAGA,230,"27,1","0,0","21,2",05:30,"33,0",16:31,,,,,,,,,
2009-09-02,6143X,COÍN,MALAGA,230,"28,2","0,0","19,4",05:30,"37,1",15:03,,,,,,,,,
2009-09-03,6143X,COÍN,MALAGA,230,"29,4","0,0","19,9",06:04,"38,9",16:01,,,,,,,,,
2009-09-04,6143X,COÍN,MALAGA,230,"30,7","0,0","21,6",04:49,"39,8",15:19,,,,,,,,,
2009-09-05,6143X,COÍN,MALAGA,230,"25,8","0,0","21,2",05:22,"30,4",14:38,,,,,,,,,
2009-09-06,6143X,COÍN,MALAGA,230,"26,4","0,0","23,0",Varias,"29,8",15:03,,,,,,,,,
2009-09-07,6143X,COÍN,MALAGA,230,"26,2","0,0","22,1",02:30,"30,2",15:36,,,,,,,,,
2009-09-08,6143X,COÍN,MALAGA,230,"25,6","0,0","21,7",06:12,"29,5",14:47,,,,,,,,,
2009-09-09,6143X,COÍN,MALAGA,230,"24,8","0,0","21,8",06:18,"27,7",15:37,,,,,,,,,
2009-09-10,6143X,COÍN,MALAGA,230,"24,0","0,0","20,5",Varias,"27,4",12:22,,,,,,,,,
2009-09-11,6143X,COÍN,MALAGA,230,"23,2","0,0","18,5",03:20,"28,0",11:54,,,,,,,,,
2009-09-12,6143X,COÍN,MALAGA,230,"23,6","0,0","18,6",05:30,"28,7",14:16,,,,,,,,,
2009-09-13,6143X,COÍN,MALAGA,230,"24,0","0,4","18,2",04:30,"29,7",14:20,,,,,,,,,
2009-09-14,6143X,COÍN,MALAGA,230,"22,0","4,0","16,9",23:28,"27,1",11:30,,,,,,,,,
2009-09-15,6143X,COÍN,MALAGA,230,"22,2","0,0","16,4",04:30,"28,1",13:51,,,,,,,,,
2009-09-16,6143X,COÍN,MALAGA,230,"20,5","0,0","14,9",06:14,"26,1",11:04,,,,,,,,,
2009-09-17,6143X,COÍN,MALAGA,230,"20,0","0,6","15,3",06:11,"24,6",15:55,,,,,,,,,
2009-09-18,6143X,COÍN,MALAGA,230,"18,8","0,0","13,6",05:30,"24,0",Varias,,,,,,,,,
2009-09-19,6143X,COÍN,MALAGA,230,"20,9","0,0","14,5",06:15,"27,3",14:44,,,,,,,,,
2009-09-20,6143X,COÍN,MALAGA,230,"23,0","0,0","17,2",04:50,"28,9",14:41,,,,,,,,,
2009-09-21,6143X,COÍN,MALAGA,230,"23,4","0,0","15,9",06:08,"30,9",12:11,,,,,,,,,
2009-09-22,6143X,COÍN,MALAGA,230,"21,0","0,0","14,7",04:30,"27,3",12:32,,,,,,,,,
2009-09-23,6143X,COÍN,MALAGA,230,"22,2","0,0","16,1",05:30,"28,3",13:12,,,,,,,,,
2009-09-24,6143X,COÍN,MALAGA,230,"22,2","0,0","17,4",Varias,"27,0",16:15,,,,,,,,,
2009-09-25,6143X,COÍN,MALAGA,230,"22,9","0,0","16,0",06:04,"29,8",13:02,,,,,,,,,
2009-09-26,6143X,COÍN,MALAGA,230,"20,6","4,8","17,4",22:01,"23,7",10:14,,,,,,,,,
2009-09-27,6143X,COÍN,MALAGA,230,"19,8","0,4","16,3",07:19,"23,4",15:32,,,,,,,,,
2009-09-28,6143X,COÍN,MALAGA,230,"22,2","0,4","16,8",06:30,"27,6",12:59,,,,,,,,,
2009-09-29,6143X,COÍN,MALAGA,230,"22,2","0,8","16,7",06:35,"27,6",14:49,,,,,,,,,
2009-09-30,6143X,COÍN,MALAGA,230,"21,0","0,0","16,3",06:07,"25,8",09:54,,,,,,,,,
2009-10-01,6143X,COÍN,MALAGA,230,"22,2","0,0","15,7",05:53,"28,6",16:01,,,,,,,,,
2009-10-02,6143X,COÍN,MALAGA,230,"24,8","0,0","17,6",05:54,"32,1",Varias,,,,,,,,,
2009-10-03,6143X,COÍN,MALAGA,230,"25,8","0,0","18,7",06:32,"33,0",14:07,,,,,,,,,
2009-10-04,6143X,COÍN,MALAGA,230,"24,2","0,0","17,5",04:30,"30,8",10:02,,,,,,,,,
2009-10-05,6143X,COÍN,MALAGA,230,"23,9","0,0","16,8",06:03,"31,0",14:26,,,,,,,,,
2009-10-06,6143X,COÍN,MALAGA,230,"24,7","0,0","18,1",03:23,"31,3",10:03,,,,,,,,,
2009-10-07,6143X,COÍN,MALAGA,230,"24,2","0,0","18,2",04:22,"30,3",14:40,,,,,,,,,
2009-10-08,6143X,COÍN,MALAGA,230,"25,3","0,0","18,5",06:38,"32,1",10:04,,,,,,,,,
2009-10-09,6143X,COÍN,MALAGA,230,"24,4","0,0","17,0",06:11,"31,7",15:30,,,,,,,,,
2009-10-10,6143X,COÍN,MALAGA,230,"24,1","0,0","17,7",06:37,"30,5",12:43,,,,,,,,,
2009-10-11,6143X,COÍN,MALAGA,230,"22,4","0,0","16,8",05:30,"27,9",Varias,,,,,,,,,
2009-10-12,6143X,COÍN,MALAGA,230,"23,2","0,0","16,9",04:30,"29,4",10:05,,,,,,,,,
2009-10-13,6143X,COÍN,MALAGA,230,"21,2","0,0","15,9",06:47,"26,4",15:05,,,,,,,,,
2009-10-14,6143X,COÍN,MALAGA,230,"20,8","0,0","15,7",Varias,"25,9",11:30,,,,,,,,,
2009-10-15,6143X,COÍN,MALAGA,230,"20,2","0,0","13,9",06:31,"26,6",11:12,,,,,,,,,
2009-10-16,6143X,COÍN,MALAGA,230,"21,2","0,0","16,4",02:12,"26,1",11:31,,,,,,,,,
2009-10-17,6143X,COÍN,MALAGA,230,"21,0","0,0","14,9",23:10,"27,1",10:12,,,,,,,,,
2009-10-18,6143X,COÍN,MALAGA,230,"20,0","0,0","13,0",06:49,"26,9",10:13,,,,,,,,,
2009-10-19,6143X,COÍN,MALAGA,230,"19,6","0,0","14,5",05:30,"24,7",12:29,,,,,,,,,
2009-10-20,6143X,COÍN,MALAGA,230,"16,8","19,6","13,2",23:01,"20,3",12:25,,,,,,,,,
2009-10-21,6143X,COÍN,MALAGA,230,"17,0","0,0","12,1",06:44,"21,9",15:13,,,,,,,,,
2009-10-22,6143X,COÍN,MALAGA,230,"19,4","0,0","15,4",Varias,"23,3",14:40,,,,,,,,,
2009-10-23,6143X,COÍN,MALAGA,230,"20,3","0,0","13,0",06:30,"27,6",15:18,,,,,,,,,
2009-10-24,6143X,COÍN,MALAGA,230,"24,4","0,0","15,0",06:04,"33,8",15:36,,,,,,,,,
2009-10-25,6143X,COÍN,MALAGA,230,"23,8","0,0","16,7",Varias,"30,8",13:14,,,,,,,,,
2009-10-26,6143X,COÍN,MALAGA,230,"21,8","0,0","15,4",Varias,"28,1",12:54,,,,,,,,,
2009-10-27,6143X,COÍN,MALAGA,230,"21,4","0,0","14,6",Varias,"28,2",10:19,,,,,,,,,
2009-10-28,6143X,COÍN,MALAGA,230,"19,6","0,0","14,4",03:30,"24,7",13:27,,,,,,,,,
2009-10-29,6143X,COÍN,MALAGA,230,"20,6","0,0","15,0",06:46,"26,2",15:30,,,,,,,,,
2009-10-30,6143X,COÍN,MALAGA,230,"22,8","0,0","15,9",Varias,"29,8",12:30,,,,,,,,,
2009-10-31,6143X,COÍN,MALAGA,230,"23,8","0,0","15,2",23:17,"32,3",13:16,,,,,,,,,
2009-11-01,6143X,COÍN,MALAGA,230,"20,7","0,0","14,1",07:18,"27,3",14:29,,,,,,,,,
2009-11-12,6143X,COÍN,MALAGA,230,"19,2","0,0","10,7",07:30,"27,7",15:24,,,,,,,,,
2009-11-13,6143X,COÍN,MALAGA,230,"17,6","0,0","10,6",05:38,"24,7",13:06,,,,,,,,,
2009-11-14,6143X,COÍN,MALAGA,230,"20,2","0,0","12,7",01:01,"27,6",14:20,,,,,,,,,
2009-11-15,6143X,COÍN,MALAGA,230,"20,8","0,0","13,6",03:38,"28,1",14:20,,,,,,,,,
2009-11-16,6143X,COÍN,MALAGA,230,"21,4","0,0","14,0",04:30,"28,9",14:17,,,,,,,,,
2009-11-17,6143X,COÍN,MALAGA,230,"20,4","0,0","14,9",05:33,"25,8",11:55,,,,,,,,,
2009-11-18,6143X,COÍN,MALAGA,230,"20,8","0,0","14,2",23:21,"27,5",14:07,,,,,,,,,
2009-11-19,6143X,COÍN,MALAGA,230,"19,0","0,6","13,7",06:31,"24,3",14:21,,,,,,,,,
2009-11-20,6143X,COÍN,MALAGA,230,"18,8","0,0","12,4",05:30,"25,2",13:56,,,,,,,,,
2009-11-21,6143X,COÍN,MALAGA,230,"16,6","0,0","12,5",Varias,"20,7",14:15,,,,,,,,,
2009-11-22,6143X,COÍN,MALAGA,230,"17,6","0,0","12,5",Varias,"22,8",13:30,,,,,,,,,
2009-11-23,6143X,COÍN,MALAGA,230,"16,0","0,0","9,0",06:36,"22,9",13:30,,,,,,,,,
2009-11-24,6143X,COÍN,MALAGA,230,"15,8","0,0","8,9",06:30,"22,8",10:43,,,,,,,,,
2009-11-25,6143X,COÍN,MALAGA,230,"15,1","2,2","9,3",07:15,"20,9",14:08,,,,,,,,,
2009-11-26,6143X,COÍN,MALAGA,230,"14,4","0,2","12,3",06:30,"16,5",15:08,,,,,,,,,
2009-11-27,6143X,COÍN,MALAGA,230,"13,8","0,0","8,8",07:05,"18,8",13:12,,,,,,,,,
2009-11-28,6143X,COÍN,MALAGA,230,"14,1","0,0","9,2",07:25,"19,0",12:40,,,,,,,,,
2009-11-29,6143X,COÍN,MALAGA,230,"11,8","13,8","9,5",02:56,"14,0",14:54,,,,,,,,,
2009-11-30,6143X,COÍN,MALAGA,230,"12,8","0,0","8,9",06:40,"16,6",13:32,,,,,,,,,
2009-12-01,6143X,COÍN,MALAGA,230,"12,8","0,0","6,0",07:15,"19,6",13:19,,,,,,,,,
2009-12-02,6143X,COÍN,MALAGA,230,"15,6","0,0","9,2",03:28,"21,9",11:42,,,,,,,,,
2009-12-03,6143X,COÍN,MALAGA,230,"15,5","0,0","10,7",Varias,"20,3",10:49,,,,,,,,,
2009-12-04,6143X,COÍN,MALAGA,230,"14,4","0,0","7,7",07:27,"21,0",13:25,,,,,,,,,
2009-12-05,6143X,COÍN,MALAGA,230,"15,2","0,0","8,0",23:26,"22,3",13:29,,,,,,,,,
2009-12-06,6143X,COÍN,MALAGA,230,"14,8","0,0","6,2",07:54,"23,3",13:25,,,,,,,,,
2009-12-07,6143X,COÍN,MALAGA,230,"14,4","0,0","7,9",Varias,"21,0",12:18,,,,,,,,,
2009-12-08,6143X,COÍN,MALAGA,230,"18,2","0,0","11,4",06:10,"25,1",13:13,,,,,,,,,
2009-12-09,6143X,COÍN,MALAGA,230,,,,,,,,,,,,,,,
2009-12-11,6143X,COÍN,MALAGA,230,"15,4","0,0","9,1",Varias,"21,6",13:42,,,,,,,,,
2009-12-12,6143X,COÍN,MALAGA,230,"14,5","0,0","7,5",07:38,"21,5",13:04,,,,,,,,,
2009-12-13,6143X,COÍN,MALAGA,230,"12,8","0,0","8,3",04:30,"17,4",13:14,,,,,,,,,
2009-12-14,6143X,COÍN,MALAGA,230,"8,8","0,0","6,1",23:39,"11,5",12:40,,,,,,,,,
2009-12-15,6143X,COÍN,MALAGA,230,"9,0","0,0","2,3",06:44,"15,6",13:23,,,,,,,,,
2009-12-16,6143X,COÍN,MALAGA,230,"8,4","4,8","6,3",Varias,"10,4",14:32,,,,,,,,,
2009-12-17,6143X,COÍN,MALAGA,230,"15,7","0,0","9,5",Varias,"21,9",13:15,,,,,,,,,
2009-12-18,6143X,COÍN,MALAGA,230,"11,6","19,4","9,2",01:43,"14,0",11:36,,,,,,,,,
2009-12-19,6143X,COÍN,MALAGA,230,"9,5","0,0","4,1",Varias,"14,9",10:26,,,,,,,,,
2009-12-20,6143X,COÍN,MALAGA,230,"7,2","20,8","2,5",02:27,"12,0",13:32,,,,,,,,,
2009-12-21,6143X,COÍN,MALAGA,230,"11,4","79,8","9,2",00:30,"13,5",22:30,,,,,,,,,
2009-12-22,6143X,COÍN,MALAGA,230,"16,6","28,0","11,9",Varias,"21,4",13:31,,,,,,,,,
2009-12-23,6143X,COÍN,MALAGA,230,"15,8","54,2","11,9",00:00,"19,7",12:53,,,,,,,,,
2009-12-24,6143X,COÍN,MALAGA,230,"18,2","13,2","14,6",Varias,"21,9",13:20,,,,,,,,,
2009-12-25,6143X,COÍN,MALAGA,230,"13,8","67,2","12,3",06:40,"15,3",23:45,,,,,,,,,
2009-12-26,6143X,COÍN,MALAGA,230,"12,6","18,2","10,2",Varias,"15,1",14:37,,,,,,,,,
2009-12-27,6143X,COÍN,MALAGA,230,"13,0","0,0","6,3",08:19,"19,8",13:00,,,,,,,,,
2009-12-28,6143X,COÍN,MALAGA,230,"12,6","1,2","7,5",00:00,"17,8",14:42,,,,,,,,,
2009-12-29,6143X,COÍN,MALAGA,230,"19,0","1,6","13,2",00:30,"24,9",13:29,,,,,,,,,
2009-12-30,6143X,COÍN,MALAGA,230,"16,8","8,8","13,3",23:20,"20,2",Varias,,,,,,,,,
2009-12-31,6143X,COÍN,MALAGA,230,"13,9",,"10,8",22:54,"17,0",14:15,,,,,,,,,
2010-01-01,6143X,COÍN,MALAGA,230,"12,8",,"9,0",,"16,5",,,,,,,,,,
2010-01-02,6143X,COÍN,MALAGA,230,"13,8",,"6,0",,"21,5",,,,,,,,,,
2010-01-03,6143X,COÍN,MALAGA,230,"13,2",,"6,0",,"20,5",,,,,,,,,,
2010-01-04,6143X,COÍN,MALAGA,230,"15,0","35,8","10,3",04:01,"19,8",12:48,,,,,,,,,
2010-01-05,6143X,COÍN,MALAGA,230,"15,1","0,2","10,4",06:34,"19,8",11:07,,,,,,,,,
2010-01-06,6143X,COÍN,MALAGA,230,"13,9","34,2","8,1",05:47,"19,7",13:20,,,,,,,,,
2010-01-07,6143X,COÍN,MALAGA,230,"10,6","11,4","5,9",23:59,"15,4",14:09,,,,,,,,,
2010-01-08,6143X,COÍN,MALAGA,230,"7,0","0,0","4,4",08:06,"9,5",11:06,,,,,,,,,
2010-01-09,6143X,COÍN,MALAGA,230,"7,6","0,0","1,5",23:50,"13,6",13:56,,,,,,,,,
2010-01-10,6143X,COÍN,MALAGA,230,"2,9","16,6","0,9",07:27,"4,9",11:20,,,,,,,,,
2010-01-11,6143X,COÍN,MALAGA,230,"11,7","1,0","3,8",00:01,"19,6",13:41,,,,,,,,,
2010-01-12,6143X,COÍN,MALAGA,230,"12,2","3,8","8,4",05:45,"15,9",13:41,,,,,,,,,
2010-01-13,6143X,COÍN,MALAGA,230,"12,4","5,8","9,4",07:23,"15,4",15:19,,,,,,,,,
2010-01-14,6143X,COÍN,MALAGA,230,"14,8","0,0","11,7",00:01,"17,8",02:30,,,,,,,,,
2010-01-15,6143X,COÍN,MALAGA,230,"14,9","0,0","8,5",06:44,"21,3",13:42,,,,,,,,,
2010-01-16,6143X,COÍN,MALAGA,230,"15,7","0,0","7,0",07:44,"24,4",13:59,,,,,,,,,
2010-01-17,6143X,COÍN,MALAGA,230,"14,4","0,0","9,2",04:38,"19,6",16:19,,,,,,,,,
2010-01-18,6143X,COÍN,MALAGA,230,"15,4","0,0","8,6",05:33,"22,3",14:25,,,,,,,,,
2010-01-19,6143X,COÍN,MALAGA,230,"16,4","0,0","9,2",07:15,"23,6",14:36,,,,,,,,,
2010-01-20,6143X,COÍN,MALAGA,230,"14,6","0,0","9,9",08:09,"19,2",11:06,,,,,,,,,
2010-01-21,6143X,COÍN,MALAGA,230,"14,5","0,0","7,7",07:34,"21,3",13:23,,,,,,,,,
2010-01-22,6143X,COÍN,MALAGA,230,"13,2","0,0","6,9",08:00,"19,6",14:31,,,,,,,,,
2010-01-23,6143X,COÍN,MALAGA,230,"11,0","85,0","9,4",00:38,"12,5",12:02,,,,,,,,,
2010-01-24,6143X,COÍN,MALAGA,230,"14,4","0,2","10,0",Varias,"18,7",12:39,,,,,,,,,
2010-01-25,6143X,COÍN,MALAGA,230,"12,8","34,8","8,1",23:59,"17,4",11:29,,,,,,,,,
2010-01-26,6143X,COÍN,MALAGA,230,"8,5","2,4","5,9",04:58,"11,1",14:00,,,,,,,,,
2010-01-27,6143X,COÍN,MALAGA,230,"8,7","12,4","7,5",19:54,"9,9",23:54,,,,,,,,,
2010-01-28,6143X,COÍN,MALAGA,230,"13,2","0,0","7,4",23:12,"19,0",11:04,,,,,,,,,
2010-01-29,6143X,COÍN,MALAGA,230,"10,9","0,3","3,9",05:36,"17,9",14:43,,,,,,,,,
2010-01-30,6143X,COÍN,MALAGA,230,"13,2","0,0","7,1",07:50,"19,4",14:53,,,,,,,,,
2010-01-31,6143X,COÍN,MALAGA,230,"12,2","0,0","7,2",23:58,"17,3",14:56,,,,,,,,,
2010-02-01,6143X,COÍN,MALAGA,230,"12,4","0,0","5,8",07:31,"18,9",15:10,,,,,,,,,
2010-02-02,6143X,COÍN,MALAGA,230,"9,8","0,0","7,0",05:26,"12,5",11:04,,,,,,,,,
2010-02-03,6143X,COÍN,MALAGA,230,"10,8","26,4","8,6",07:11,"13,0",12:28,,,,,,,,,
2010-02-04,6143X,COÍN,MALAGA,230,"15,2","1,0","8,8",02:33,"21,7",15:07,,,,,,,,,
2010-02-05,6143X,COÍN,MALAGA,230,"16,0","0,2","10,3",07:52,"21,8",13:53,,,,,,,,,
2010-02-06,6143X,COÍN,MALAGA,230,"16,0","0,0","9,0",03:56,"22,9",15:16,,,,,,,,,
2010-02-07,6143X,COÍN,MALAGA,230,"14,5","2,4","8,8",04:22,"20,2",13:23,,,,,,,,,
2010-02-08,6143X,COÍN,MALAGA,230,"16,0","2,0","10,4",07:54,"21,5",15:16,,,,,,,,,
2010-02-09,6143X,COÍN,MALAGA,230,"13,6","0,2","10,4",00:07,"16,7",12:45,,,,,,,,,
2010-02-10,6143X,COÍN,MALAGA,230,"11,6","0,8","9,5",22:38,"13,8",11:43,,,,,,,,,
2010-02-11,6143X,COÍN,MALAGA,230,"13,2","0,0","8,0",23:47,"18,5",10:49,,,,,,,,,
2010-02-12,6143X,COÍN,MALAGA,230,"9,2","23,8","5,9",06:43,"12,6",13:35,,,,,,,,,
2010-02-13,6143X,COÍN,MALAGA,230,"7,0","8,6","4,6",23:57,"9,5",12:15,,,,,,,,,
2010-02-14,6143X,COÍN,MALAGA,230,"7,6","17,2","3,0",03:45,"12,2",12:21,,,,,,,,,
2010-02-15,6143X,COÍN,MALAGA,230,"10,0","125,4","8,2",05:06,"11,8",23:59,,,,,,,,,
2010-02-16,6143X,COÍN,MALAGA,230,"13,9","8,2","10,8",06:07,"17,0",15:08,,,,,,,,,
2010-02-17,6143X,COÍN,MALAGA,230,"13,2","0,2","8,7",23:57,"17,8",14:16,,,,,,,,,
2010-02-18,6143X,COÍN,MALAGA,230,"9,2","38,8","7,2",04:58,"11,3",12:00,,,,,,,,,
2010-02-19,6143X,COÍN,MALAGA,230,"12,2","0,0","8,8",23:09,"15,5",15:42,,,,,,,,,
2010-02-20,6143X,COÍN,MALAGA,230,"11,8","12,8","5,5",06:50,"18,1",10:43,,,,,,,,,
2010-02-21,6143X,COÍN,MALAGA,230,"11,6","15,4","8,6",07:23,"14,5",16:12,,,,,,,,,
2010-02-22,6143X,COÍN,MALAGA,230,"14,7","9,6","9,8",00:01,"19,6",10:40,,,,,,,,,
2010-02-23,6143X,COÍN,MALAGA,230,"16,5","0,0","11,8",06:45,"21,2",10:41,,,,,,,,,
2010-02-24,6143X,COÍN,MALAGA,230,"17,0","0,0","11,9",23:37,"22,0",14:29,,,,,,,,,
2010-02-25,6143X,COÍN,MALAGA,230,"13,8","2,2","10,0",05:09,"17,5",10:41,,,,,,,,,
2010-02-26,6143X,COÍN,MALAGA,230,"17,0","0,0","13,0",04:36,"21,1",10:40,,,,,,,,,
2010-02-27,6143X,COÍN,MALAGA,230,"16,9","1,8","11,6",06:40,"22,2",10:35,,,,,,,,,
2010-02-28,6143X,COÍN,MALAGA,230,"15,6","3,6","10,7",07:14,"20,4",15:17,,,,,,,,,
2010-03-01,6143X,COÍN,MALAGA,230,"14,1","0,0","7,8",06:31,"20,4",14:42,,,,,,,,,
2010-03-02,6143X,COÍN,MALAGA,230,"12,0","43,0","9,1",02:09,"14,8",10:53,,,,,,,,,
2010-03-03,6143X,COÍN,MALAGA,230,"12,2","10,8","9,5",06:53,"15,0",09:50,,,,,,,,,
2010-03-04,6143X,COÍN,MALAGA,230,"15,8","0,0","11,3",06:08,"20,2",13:15,,,,,,,,,
2010-03-05,6143X,COÍN,MALAGA,230,"13,7","40,8","10,2",05:41,"17,2",12:50,,,,,,,,,
2010-03-06,6143X,COÍN,MALAGA,230,"10,4","33,4","9,1",23:31,"11,8",04:21,,,,,,,,,
2010-03-07,6143X,COÍN,MALAGA,230,"11,7","1,4","9,1",Varias,"14,3",12:57,,,,,,,,,
2010-03-08,6143X,COÍN,MALAGA,230,"14,1","6,4","9,6",01:39,"18,6",11:48,,,,,,,,,
2010-03-09,6143X,COÍN,MALAGA,230,"11,2","0,0","6,1",05:50,"16,4",15:53,,,,,,,,,
2010-03-10,6143X,COÍN,MALAGA,230,"11,2","0,0","4,2",06:53,"18,3",16:31,,,,,,,,,
2010-03-11,6143X,COÍN,MALAGA,230,"10,8","6,8","5,7",01:28,"15,8",10:43,,,,,,,,,
2010-03-12,6143X,COÍN,MALAGA,230,"12,4","0,0","6,6",06:46,"18,1",15:19,,,,,,,,,
2010-03-13,6143X,COÍN,MALAGA,230,"11,6","0,0","5,6",05:55,"17,6",10:21,,,,,,,,,
2010-03-14,6143X,COÍN,MALAGA,230,"11,2","0,0","4,7",06:01,"17,6",12:17,,,,,,,,,
2010-03-15,6143X,COÍN,MALAGA,230,"10,4","0,0","4,7",05:01,"16,0",15:16,,,,,,,,,
2010-03-16,6143X,COÍN,MALAGA,230,"12,3","0,0","6,5",06:25,"18,1",15:59,,,,,,,,,
2010-03-17,6143X,COÍN,MALAGA,230,"13,2","0,0","8,7",04:06,"17,6",15:59,,,,,,,,,
2010-03-18,6143X,COÍN,MALAGA,230,"14,6","0,0","11,3",06:40,"18,0",14:54,,,,,,,,,
2010-03-19,6143X,COÍN,MALAGA,230,"18,4","0,0","12,2",00:34,"24,6",15:54,,,,,,,,,
2010-03-20,6143X,COÍN,MALAGA,230,"17,6","5,2","13,7",01:42,"21,4",10:51,,,,,,,,,
2010-03-21,6143X,COÍN,MALAGA,230,"14,4","1,8","11,4",23:21,"17,4",16:09,,,,,,,,,
2010-03-22,6143X,COÍN,MALAGA,230,"16,6","0,0","10,0",05:02,"23,2",12:27,,,,,,,,,
2010-03-23,6143X,COÍN,MALAGA,230,"17,4","0,0","12,0",06:37,"22,7",12:19,,,,,,,,,
2010-03-24,6143X,COÍN,MALAGA,230,"14,5","1,2","13,0",06:48,"16,0",13:10,,,,,,,,,
2010-03-25,6143X,COÍN,MALAGA,230,"15,4","0,4","11,7",01:46,"19,2",17:40,,,,,,,,,
2010-03-26,6143X,COÍN,MALAGA,230,"16,3","0,0","10,2",06:06,"22,4",14:37,,,,,,,,,
2010-03-27,6143X,COÍN,MALAGA,230,"17,3","0,0","10,2",03:44,"24,4",14:23,,,,,,,,,
2010-03-28,6143X,COÍN,MALAGA,230,"16,6","0,0","10,2",05:57,"22,9",13:52,,,,,,,,,
2010-03-29,6143X,COÍN,MALAGA,230,"16,0","0,0","8,8",05:24,"23,2",13:34,,,,,,,,,
2010-03-30,6143X,COÍN,MALAGA,230,"16,2","0,0","12,3",23:25,"20,2",14:40,,,,,,,,,
2010-03-31,6143X,COÍN,MALAGA,230,"15,3","0,0","9,9",05:58,"20,7",15:55,,,,,,,,,
2010-04-01,6143X,COÍN,MALAGA,230,,"0,0",,,,,,,,,,,,,
2010-04-02,6143X,COÍN,MALAGA,230,"15,4","0,0","8,5",06:05,"22,3",13:07,,,,,,,,,
2010-04-03,6143X,COÍN,MALAGA,230,"17,1","0,0","8,8",02:27,"25,4",15:28,,,,,,,,,
2010-04-04,6143X,COÍN,MALAGA,230,"16,2","0,0","10,2",06:01,"22,2",13:52,,,,,,,,,
2010-04-05,6143X,COÍN,MALAGA,230,"14,5","0,0","10,8",00:53,"18,2",12:10,,,,,,,,,
2010-04-06,6143X,COÍN,MALAGA,230,"15,9","0,0","12,0",01:43,"19,8",16:05,,,,,,,,,
2010-04-07,6143X,COÍN,MALAGA,230,"18,8","0,0","10,8",04:58,"26,7",14:42,,,,,,,,,
2010-04-08,6143X,COÍN,MALAGA,230,"15,1","0,0","10,9",23:41,"19,3",16:00,,,,,,,,,
2010-04-09,6143X,COÍN,MALAGA,230,"14,8","0,0","9,7",05:16,"20,0",13:51,,,,,,,,,
2010-04-10,6143X,COÍN,MALAGA,230,"14,6","0,0","11,3",04:35,"17,9",Varias,,,,,,,,,
2010-04-11,6143X,COÍN,MALAGA,230,"15,8","0,0","10,9",23:59,"20,7",13:36,,,,,,,,,
2010-04-12,6143X,COÍN,MALAGA,230,"15,8","0,0","9,4",05:38,"22,3",13:21,,,,,,,,,
2010-04-13,6143X,COÍN,MALAGA,230,"17,4","9,4","12,0",06:16,"22,7",13:24,,,,,,,,,
2010-04-14,6143X,COÍN,MALAGA,230,"15,0","53,6","12,7",22:51,"17,4",13:50,,,,,,,,,
2010-04-15,6143X,COÍN,MALAGA,230,"14,8","99,0","12,4",01:48,"17,1",16:37,,,,,,,,,
2010-04-16,6143X,COÍN,MALAGA,230,"15,2","33,0","12,6",03:22,"17,7",11:36,,,,,,,,,
2010-04-17,6143X,COÍN,MALAGA,230,"15,7","23,0","11,1",23:55,"20,3",15:34,,,,,,,,,
2010-04-18,6143X,COÍN,MALAGA,230,"14,4","10,8","11,1",00:01,"17,6",16:15,,,,,,,,,
2010-04-19,6143X,COÍN,MALAGA,230,"16,8","0,0","10,1",05:34,"23,4",13:55,,,,,,,,,
2010-04-20,6143X,COÍN,MALAGA,230,"18,1","0,0","13,3",Varias,"22,9",11:09,,,,,,,,,
2010-04-21,6143X,COÍN,MALAGA,230,"18,4","0,6","12,6",04:25,"24,1",13:07,,,,,,,,,
2010-04-22,6143X,COÍN,MALAGA,230,"17,4","0,2","11,2",04:44,"23,5",16:05,,,,,,,,,
2010-04-23,6143X,COÍN,MALAGA,230,"19,5","0,0","12,4",04:45,"26,6",15:20,,,,,,,,,
2010-04-24,6143X,COÍN,MALAGA,230,"19,8","0,0","13,6",04:58,"26,1",12:54,,,,,,,,,
2010-04-25,6143X,COÍN,MALAGA,230,"20,5","0,0","15,4",24:00,"25,6",13:53,,,,,,,,,
2010-04-26,6143X,COÍN,MALAGA,230,"19,0","0,0","12,8",04:53,"25,2",15:03,,,,,,,,,
2010-04-27,6143X,COÍN,MALAGA,230,"21,8","0,0","13,6",05:20,"30,1",15:22,,,,,,,,,
2010-04-28,6143X,COÍN,MALAGA,230,"21,0","0,0","13,8",04:30,"28,3",15:11,,,,,,,,,
2010-04-29,6143X,COÍN,MALAGA,230,"21,3","0,0","15,1",04:44,"27,5",14:15,,,,,,,,,
2010-04-30,6143X,COÍN,MALAGA,230,"20,3","0,0","13,4",05:22,"27,2",11:59,,,,,,,,,
2010-05-01,6143X,COÍN,MALAGA,230,"21,0","0,0","13,5",05:24,"28,5",12:09,,,,,,,,,
2010-05-02,6143X,COÍN,MALAGA,230,"22,6","0,0","15,5",05:40,"29,7",13:44,,,,,,,,,
2010-05-03,6143X,COÍN,MALAGA,230,"19,4","0,0","15,2",05:35,"23,5",14:36,,,,,,,,,
2010-05-04,6143X,COÍN,MALAGA,230,"16,8","0,0","13,0",23:52,"20,5",15:30,,,,,,,,,
2010-05-05,6143X,COÍN,MALAGA,230,"16,8","0,0","10,2",04:48,"23,5",15:32,,,,,,,,,
2010-05-06,6143X,COÍN,MALAGA,230,"17,0","0,0","10,8",04:44,"23,1",11:01,,,,,,,,,
2010-05-07,6143X,COÍN,MALAGA,230,"16,8","0,0","11,1",05:15,"22,4",10:41,,,,,,,,,
2010-05-08,6143X,COÍN,MALAGA,230,"18,4","0,0","11,2",04:44,"25,6",13:37,,,,,,,,,
2010-05-09,6143X,COÍN,MALAGA,230,"17,8","2,2","13,6",23:54,"22,1",14:39,,,,,,,,,
2010-05-10,6143X,COÍN,MALAGA,230,"16,8","2,6","12,4",03:20,"21,1",16:03,,,,,,,,,
2010-05-11,6143X,COÍN,MALAGA,230,"17,0","3,4","12,0",03:56,"22,0",12:11,,,,,,,,,
2010-05-12,6143X,COÍN,MALAGA,230,"16,4","0,0","11,1",02:34,"21,8",16:04,,,,,,,,,
2010-05-13,6143X,COÍN,MALAGA,230,"15,4","0,0","9,9",04:10,"20,9",09:14,,,,,,,,,
2010-05-14,6143X,COÍN,MALAGA,230,"16,3","0,0","11,5",05:17,"21,1",15:23,,,,,,,,,
2010-05-15,6143X,COÍN,MALAGA,230,"19,4","0,0","14,6",23:56,"24,3",16:17,,,,,,,,,
2010-05-16,6143X,COÍN,MALAGA,230,"18,4","0,0","11,9",03:18,"24,8",12:55,,,,,,,,,
2010-05-17,6143X,COÍN,MALAGA,230,"18,4","0,0","11,5",04:36,"25,3",12:05,,,,,,,,,
2010-05-18,6143X,COÍN,MALAGA,230,"19,0","0,0","13,6",03:27,"24,4",09:11,,,,,,,,,
2010-05-19,6143X,COÍN,MALAGA,230,"20,6","0,0","12,5",Varias,"28,8",13:16,,,,,,,,,
2010-05-20,6143X,COÍN,MALAGA,230,"20,0","0,0","13,3",03:55,"26,7",16:56,,,,,,,,,
2010-05-21,6143X,COÍN,MALAGA,230,"20,2","0,0","15,7",04:36,"24,6",15:35,,,,,,,,,
2010-05-22,6143X,COÍN,MALAGA,230,"20,6","0,0","15,2",04:17,"25,9",10:49,,,,,,,,,
2010-05-23,6143X,COÍN,MALAGA,230,"19,7","0,0","14,0",03:10,"25,4",16:20,,,,,,,,,
2010-05-24,6143X,COÍN,MALAGA,230,"19,2","0,0","13,4",04:48,"25,1",09:57,,,,,,,,,
2010-05-25,6143X,COÍN,MALAGA,230,"21,4","0,0","14,8",05:55,"27,9",17:08,,,,,,,,,
2010-05-26,6143X,COÍN,MALAGA,230,"23,4","0,0","15,3",04:38,"31,6",13:52,,,,,,,,,
2010-05-27,6143X,COÍN,MALAGA,230,"22,4","0,0","16,6",04:50,"28,1",10:12,,,,,,,,,
2010-05-28,6143X,COÍN,MALAGA,230,"21,4","0,0","15,8",04:35,"27,1",16:19,,,,,,,,,
2010-05-29,6143X,COÍN,MALAGA,230,"23,0","0,0","16,2",05:20,"29,8",12:04,,,,,,,,,
2010-05-30,6143X,COÍN,MALAGA,230,"24,0","0,0","16,5",05:17,"31,6",11:20,,,,,,,,,
2010-05-31,6143X,COÍN,MALAGA,230,"27,0","0,0","19,4",04:43,"34,5",11:00,,,,,,,,,
2010-06-01,6143X,COÍN,MALAGA,230,"28,7","0,0","21,4",04:56,"36,0",10:58,,,,,,,,,
2010-06-02,6143X,COÍN,MALAGA,230,"29,6","0,0","22,1",23:55,"37,1",11:36,,,,,,,,,
2010-06-03,6143X,COÍN,MALAGA,230,"27,0","0,0","20,1",05:11,"34,0",15:58,,,,,,,,,
2010-06-04,6143X,COÍN,MALAGA,230,"29,0","0,0","20,7",03:14,"37,2",13:06,,,,,,,,,
2010-06-05,6143X,COÍN,MALAGA,230,"25,9","0,0","19,3",04:42,"32,5",14:41,,,,,,,,,
2010-06-06,6143X,COÍN,MALAGA,230,"26,6","0,0","18,2",04:46,"34,9",17:05,,,,,,,,,
2010-06-07,6143X,COÍN,MALAGA,230,"24,0","0,0","18,4",04:34,"29,5",11:40,,,,,,,,,
2010-06-08,6143X,COÍN,MALAGA,230,"24,2","0,0","17,4",05:14,"31,1",14:03,,,,,,,,,
2010-06-09,6143X,COÍN,MALAGA,230,"18,4","1,8","15,5",23:57,"21,4",14:17,,,,,,,,,
2010-06-10,6143X,COÍN,MALAGA,230,"19,0","0,0","13,6",05:14,"24,4",15:55,,,,,,,,,
2010-06-11,6143X,COÍN,MALAGA,230,"20,8","0,0","14,0",05:14,"27,7",14:23,,,,,,,,,
2010-06-12,6143X,COÍN,MALAGA,230,"20,6","0,0","14,0",05:10,"27,3",10:01,,,,,,,,,
2010-06-13,6143X,COÍN,MALAGA,230,"20,2","5,8","14,3",11:36,"26,1",09:34,,,,,,,,,
2010-06-14,6143X,COÍN,MALAGA,230,"20,2","0,8","14,8",03:31,"25,6",13:16,,,,,,,,,
2010-06-15,6143X,COÍN,MALAGA,230,"24,1","0,0","16,6",05:04,"31,6",17:04,,,,,,,,,
2010-06-16,6143X,COÍN,MALAGA,230,"23,0","0,0","17,3",05:14,"28,8",13:18,,,,,,,,,
2010-06-17,6143X,COÍN,MALAGA,230,"22,2","0,0","17,7",24:00,"26,8",10:06,,,,,,,,,
2010-06-18,6143X,COÍN,MALAGA,230,"22,6","0,0","16,6",02:16,"28,6",14:21,,,,,,,,,
2010-06-19,6143X,COÍN,MALAGA,230,"22,7","0,0","15,4",05:09,"30,0",14:35,,,,,,,,,
2010-06-20,6143X,COÍN,MALAGA,230,"24,3","0,0","17,3",05:16,"31,3",15:52,,,,,,,,,
2010-06-21,6143X,COÍN,MALAGA,230,"22,8","0,0","16,6",04:57,"29,1",14:31,,,,,,,,,
2010-06-22,6143X,COÍN,MALAGA,230,"23,8","0,0","15,9",05:19,"31,7",12:40,,,,,,,,,
2010-06-23,6143X,COÍN,MALAGA,230,"23,4","0,0","16,3",04:23,"30,4",15:54,,,,,,,,,
2010-06-24,6143X,COÍN,MALAGA,230,"23,6","0,0","17,3",04:45,"29,8",15:00,,,,,,,,,
2010-06-25,6143X,COÍN,MALAGA,230,"23,7","0,0","17,1",04:21,"30,3",15:01,,,,,,,,,
2010-06-26,6143X,COÍN,MALAGA,230,"24,2","0,0","18,4",04:19,"30,1",10:37,,,,,,,,,
2010-06-27,6143X,COÍN,MALAGA,230,"23,2","0,0","18,1",04:12,"28,4",12:30,,,,,,,,,
2010-06-28,6143X,COÍN,MALAGA,230,"23,8","0,0","18,0",05:21,"29,6",13:57,,,,,,,,,
2010-06-29,6143X,COÍN,MALAGA,230,"25,2","0,0","18,8",05:11,"31,6",12:08,,,,,,,,,
2010-06-30,6143X,COÍN,MALAGA,230,"26,0","0,0","19,3",04:53,"32,6",16:04,,,,,,,,,
2010-07-01,6143X,COÍN,MALAGA,230,"26,4","0,0","19,3",04:37,"33,4",16:44,,,,,,,,,
2010-07-02,6143X,COÍN,MALAGA,230,"27,6","0,0","21,1",05:00,"34,0",16:32,,,,,,,,,
2010-07-03,6143X,COÍN,MALAGA,230,"24,2","2,0","20,3",23:16,"28,0",11:35,,,,,,,,,
2010-07-04,6143X,COÍN,MALAGA,230,"26,4","0,0","18,8",04:33,"34,0",14:27,,,,,,,,,
2010-07-05,6143X,COÍN,MALAGA,230,"26,7","0,0","19,6",04:19,"33,8",09:39,,,,,,,,,
2010-07-06,6143X,COÍN,MALAGA,230,"26,6","0,0","20,7",05:00,"32,4",16:00,,,,,,,,,
2010-07-07,6143X,COÍN,MALAGA,230,"28,8","0,0","22,5",01:38,"35,2",13:16,,,,,,,,,
2010-07-08,6143X,COÍN,MALAGA,230,"29,6","0,0","23,5",04:56,"35,8",13:29,,,,,,,,,
2010-07-09,6143X,COÍN,MALAGA,230,"28,8","0,0","22,9",05:26,"34,6",10:21,,,,,,,,,
2010-07-10,6143X,COÍN,MALAGA,230,"26,2","0,0","20,7",05:19,"31,8",14:58,,,,,,,,,
2010-07-11,6143X,COÍN,MALAGA,230,"26,1","0,0","20,5",04:38,"31,7",12:59,,,,,,,,,
2010-07-12,6143X,COÍN,MALAGA,230,"28,8","0,0","20,9",04:18,"36,7",16:23,,,,,,,,,
2010-07-13,6143X,COÍN,MALAGA,230,"30,6","0,0","23,0",05:20,"38,3",12:44,,,,,,,,,
2010-07-14,6143X,COÍN,MALAGA,230,"30,7","0,0","22,6",04:29,"38,8",15:27,,,,,,,,,
2010-07-15,6143X,COÍN,MALAGA,230,"30,2","0,0","22,4",05:26,"38,0",12:48,,,,,,,,,
2010-07-16,6143X,COÍN,MALAGA,230,"28,9","0,0","22,0",04:35,"35,8",17:05,,,,,,,,,
2010-07-17,6143X,COÍN,MALAGA,230,"28,6","0,0","22,2",00:50,"35,1",15:20,,,,,,,,,
2010-07-18,6143X,COÍN,MALAGA,230,"26,4","0,0","21,9",05:16,"30,8",15:05,,,,,,,,,
2010-07-19,6143X,COÍN,MALAGA,230,"27,1","0,0","20,3",05:01,"33,9",16:33,,,,,,,,,
2010-07-20,6143X,COÍN,MALAGA,230,"26,5","0,0","21,5",02:48,"31,5",17:05,,,,,,,,,
2010-07-21,6143X,COÍN,MALAGA,230,"29,2","0,0","19,5",04:32,"38,8",16:21,,,,,,,,,
2010-07-22,6143X,COÍN,MALAGA,230,"30,8","0,0","24,3",03:15,"37,3",13:25,,,,,,,,,
2010-07-23,6143X,COÍN,MALAGA,230,"28,3","0,0","22,2",05:01,"34,4",15:06,,,,,,,,,
2010-07-24,6143X,COÍN,MALAGA,230,"26,6","0,0","22,3",05:00,"30,9",13:46,,,,,,,,,
2010-07-25,6143X,COÍN,MALAGA,230,"27,0","0,0","21,7",05:32,"32,3",16:05,,,,,,,,,
2010-07-26,6143X,COÍN,MALAGA,230,"26,2","0,0","20,8",05:21,"31,5",14:39,,,,,,,,,
2010-07-27,6143X,COÍN,MALAGA,230,"26,2","0,0","21,5",03:25,"31,0",10:52,,,,,,,,,
2010-07-28,6143X,COÍN,MALAGA,230,"27,4","0,0","21,8",04:36,"33,1",11:04,,,,,,,,,
2010-07-29,6143X,COÍN,MALAGA,230,"29,2","0,0","20,0",05:02,"38,4",14:15,,,,,,,,,
2010-07-30,6143X,COÍN,MALAGA,230,"28,0","0,0","22,7",23:56,"33,2",12:14,,,,,,,,,
2010-07-31,6143X,COÍN,MALAGA,230,"26,0","0,0","21,0",04:06,"31,1",16:27,,,,,,,,,
2010-08-01,6143X,COÍN,MALAGA,230,"26,4","0,0","20,4",05:33,"32,3",15:06,,,,,,,,,
2010-08-02,6143X,COÍN,MALAGA,230,"27,2","0,0","21,1",03:57,"33,2",17:05,,,,,,,,,
2010-08-03,6143X,COÍN,MALAGA,230,"25,8","0,0","20,3",04:46,"31,3",17:02,,,,,,,,,
2010-08-04,6143X,COÍN,MALAGA,230,"26,6","0,0","21,8",05:35,"31,5",12:26,,,,,,,,,
2010-08-05,6143X,COÍN,MALAGA,230,"26,8","0,0","20,8",05:27,"32,9",14:52,,,,,,,,,
2010-08-06,6143X,COÍN,MALAGA,230,"26,8","0,0","21,3",05:27,"32,2",09:26,,,,,,,,,
2010-08-07,6143X,COÍN,MALAGA,230,"26,6","0,0","21,8",05:49,"31,4",12:36,,,,,,,,,
2010-08-08,6143X,COÍN,MALAGA,230,"28,2","0,0","22,7",02:46,"33,7",13:37,,,,,,,,,
2010-08-09,6143X,COÍN,MALAGA,230,"28,4","0,0","23,1",05:16,"33,8",10:58,,,,,,,,,
2010-08-10,6143X,COÍN,MALAGA,230,"29,8","0,0","23,2",05:44,"36,5",16:24,,,,,,,,,
2010-08-11,6143X,COÍN,MALAGA,230,"32,4","0,0","24,4",05:24,"40,4",17:39,,,,,,,,,
2010-08-12,6143X,COÍN,MALAGA,230,"32,2","0,0","24,5",24:00,"39,8",09:32,,,,,,,,,
2010-08-13,6143X,COÍN,MALAGA,230,"26,7","0,0","23,0",01:21,"30,4",08:56,,,,,,,,,
2010-08-14,6143X,COÍN,MALAGA,230,"25,9","0,0","22,0",23:59,"29,8",16:25,,,,,,,,,
2010-08-15,6143X,COÍN,MALAGA,230,"25,4","0,0","20,8",05:47,"30,0",16:01,,,,,,,,,
2010-08-16,6143X,COÍN,MALAGA,230,"25,2","0,0","20,4",03:44,"30,0",13:16,,,,,,,,,
2010-08-17,6143X,COÍN,MALAGA,230,"25,6","0,2","21,4",05:35,"29,8",14:24,,,,,,,,,
2010-08-18,6143X,COÍN,MALAGA,230,"25,8","0,0","19,0",Varias,"32,5",12:21,,,,,,,,,
2010-08-19,6143X,COÍN,MALAGA,230,"26,4","0,0","20,7",05:32,"32,1",13:53,,,,,,,,,
2010-08-20,6143X,COÍN,MALAGA,230,"26,4","0,0","20,3",05:01,"32,5",09:36,,,,,,,,,
2010-08-21,6143X,COÍN,MALAGA,230,"26,3","0,0","21,5",05:41,"31,1",15:46,,,,,,,,,
2010-08-22,6143X,COÍN,MALAGA,230,"27,8","0,0","21,7",03:59,"33,8",09:35,,,,,,,,,
2010-08-23,6143X,COÍN,MALAGA,230,"30,7","0,0","21,2",05:39,"40,2",15:49,,,,,,,,,
2010-08-24,6143X,COÍN,MALAGA,230,"30,8","0,0","22,6",05:10,"39,1",14:01,,,,,,,,,
2010-08-25,6143X,COÍN,MALAGA,230,"28,8","0,0","22,2",05:52,"35,5",14:24,,,,,,,,,
2010-08-26,6143X,COÍN,MALAGA,230,"28,6","0,0","21,2",04:32,"36,0",15:20,,,,,,,,,
2010-08-27,6143X,COÍN,MALAGA,230,"33,2","0,0","23,0",05:52,"43,4",14:06,,,,,,,,,
2010-08-28,6143X,COÍN,MALAGA,230,"33,0","0,0","25,4",22:45,"40,6",11:44,,,,,,,,,
2010-08-29,6143X,COÍN,MALAGA,230,"27,2","0,0","23,4",21:39,"30,9",14:40,,,,,,,,,
2010-08-30,6143X,COÍN,MALAGA,230,"27,7","0,0","21,9",05:56,"33,5",15:44,,,,,,,,,
2010-08-31,6143X,COÍN,MALAGA,230,"25,2","0,0","21,8",02:33,"28,5",13:07,,,,,,,,,
2010-09-01,6143X,COÍN,MALAGA,230,"25,1","0,0","20,9",24:00,"29,3",14:38,,,,,,,,,
2010-09-02,6143X,COÍN,MALAGA,230,"26,1","0,0","19,2",06:00,"33,0",12:54,,,,,,,,,
2010-09-03,6143X,COÍN,MALAGA,230,"25,7","0,0","20,8",05:51,"30,6",11:48,,,,,,,,,
2010-09-04,6143X,COÍN,MALAGA,230,"25,3","0,0","19,6",04:10,"31,0",13:39,,,,,,,,,
2010-09-05,6143X,COÍN,MALAGA,230,"25,6","0,0","18,9",05:13,"32,4",14:50,,,,,,,,,
2010-09-06,6143X,COÍN,MALAGA,230,"25,8","0,0","18,5",05:47,"33,1",09:47,,,,,,,,,
2010-09-07,6143X,COÍN,MALAGA,230,"25,5","0,0","19,6",03:33,"31,4",15:26,,,,,,,,,
2010-09-08,6143X,COÍN,MALAGA,230,"25,8","0,0","20,1",02:42,"31,6",14:47,,,,,,,,,
2010-09-09,6143X,COÍN,MALAGA,230,"24,8","0,0","18,8",05:50,"30,8",12:31,,,,,,,,,
2010-09-10,6143X,COÍN,MALAGA,230,"23,8","0,0","17,2",05:33,"30,4",09:47,,,,,,,,,
2010-09-11,6143X,COÍN,MALAGA,230,"23,8","0,0","17,9",05:36,"29,8",09:50,,,,,,,,,
2010-09-12,6143X,COÍN,MALAGA,230,"24,2","0,0","19,1",Varias,"29,4",13:11,,,,,,,,,
2010-09-13,6143X,COÍN,MALAGA,230,"24,7","0,0","19,2",06:22,"30,2",15:21,,,,,,,,,
2010-09-14,6143X,COÍN,MALAGA,230,"24,6","0,0","17,5",04:36,"31,7",09:51,,,,,,,,,
2010-09-15,6143X,COÍN,MALAGA,230,"24,8","0,0","18,7",Varias,"30,9",16:03,,,,,,,,,
2010-09-16,6143X,COÍN,MALAGA,230,"24,6","8,4","19,6",23:54,"29,7",12:57,,,,,,,,,
2010-09-17,6143X,COÍN,MALAGA,230,"20,4","18,2","17,2",06:05,"23,6",16:35,,,,,,,,,
2010-09-18,6143X,COÍN,MALAGA,230,"24,0","0,0","16,0",05:23,"32,0",14:42,,,,,,,,,
2010-09-19,6143X,COÍN,MALAGA,230,"22,8","0,2","16,6",05:48,"29,0",14:32,,,,,,,,,
2010-09-20,6143X,COÍN,MALAGA,230,"23,8","12,2","19,1",00:21,"28,4",11:46,,,,,,,,,
2010-09-21,6143X,COÍN,MALAGA,230,"23,4","0,0","18,8",23:36,"28,1",15:25,,,,,,,,,
2010-09-22,6143X,COÍN,MALAGA,230,"23,5","0,0","17,9",06:04,"29,1",13:50,,,,,,,,,
2010-09-23,6143X,COÍN,MALAGA,230,"22,2","1,0","19,1",23:23,"25,4",15:45,,,,,,,,,
2010-09-24,6143X,COÍN,MALAGA,230,"23,2","0,0","17,1",06:17,"29,4",Varias,,,,,,,,,
2010-09-25,6143X,COÍN,MALAGA,230,"25,3","0,0","18,2",05:49,"32,4",14:48,,,,,,,,,
2010-09-26,6143X,COÍN,MALAGA,230,"22,5","0,0","17,5",23:52,"27,5",12:49,,,,,,,,,
2010-09-27,6143X,COÍN,MALAGA,230,"21,2","0,0","14,7",05:41,"27,7",12:17,,,,,,,,,
2010-09-28,6143X,COÍN,MALAGA,230,"23,0","0,0","15,0",06:18,"30,9",14:29,,,,,,,,,
2010-09-29,6143X,COÍN,MALAGA,230,"23,0","0,0","16,7",06:12,"29,3",12:39,,,,,,,,,
2010-09-30,6143X,COÍN,MALAGA,230,"23,4","0,0","15,9",05:14,"30,9",10:03,,,,,,,,,
2010-10-01,6143X,COÍN,MALAGA,230,"23,7","0,0","16,5",05:39,"30,9",10:00,,,,,,,,,
2010-10-03,6143X,COÍN,MALAGA,230,"21,3","2,0","15,8",06:08,"26,8",10:00,,,,,,,,,
2010-10-04,6143X,COÍN,MALAGA,230,"21,5","0,0","16,8",23:48,"26,2",14:04,,,,,,,,,
2010-10-05,6143X,COÍN,MALAGA,230,"20,9","0,0","14,6",06:32,"27,2",10:05,,,,,,,,,
2010-10-06,6143X,COÍN,MALAGA,230,"21,9","0,0","15,2",04:20,"28,6",10:06,,,,,,,,,
2010-10-07,6143X,COÍN,MALAGA,230,"22,6","0,0","15,9",01:22,"29,4",10:07,,,,,,,,,
2010-10-08,6143X,COÍN,MALAGA,230,"21,0","0,0","15,6",03:57,"26,5",13:10,,,,,,,,,
2010-10-09,6143X,COÍN,MALAGA,230,"18,3","29,6","15,6",23:46,"21,0",14:44,,,,,,,,,
2010-10-10,6143X,COÍN,MALAGA,230,"19,8","1,6","13,3",23:54,"26,3",10:05,,,,,,,,,
2010-10-11,6143X,COÍN,MALAGA,230,"19,0","0,0","12,6",06:24,"25,5",14:49,,,,,,,,,
2010-10-12,6143X,COÍN,MALAGA,230,"19,8","0,8","14,6",23:50,"25,1",11:57,,,,,,,,,
2010-10-13,6143X,COÍN,MALAGA,230,"20,1","0,0","13,5",06:42,"26,7",10:09,,,,,,,,,
2010-10-14,6143X,COÍN,MALAGA,230,"20,4","0,0","13,1",05:28,"27,7",14:14,,,,,,,,,
2010-10-15,6143X,COÍN,MALAGA,230,"20,3","0,0","14,2",03:17,"26,4",10:09,,,,,,,,,
2010-10-16,6143X,COÍN,MALAGA,230,"20,1","0,0","13,5",04:38,"26,7",10:14,,,,,,,,,
2010-10-17,6143X,COÍN,MALAGA,230,"19,6","0,0","12,9",05:50,"26,3",10:13,,,,,,,,,
2010-10-18,6143X,COÍN,MALAGA,230,"18,0","0,0","10,4",06:27,"25,6",13:13,,,,,,,,,
2010-10-19,6143X,COÍN,MALAGA,230,"17,8","0,0","11,7",00:40,"24,0",15:00,,,,,,,,,
2010-10-20,6143X,COÍN,MALAGA,230,"17,7","0,0","10,8",06:28,"24,6",14:55,,,,,,,,,
2010-10-21,6143X,COÍN,MALAGA,230,"16,6","0,0","9,9",05:14,"23,2",14:28,,,,,,,,,
2010-10-22,6143X,COÍN,MALAGA,230,"17,6","0,0","13,3",04:47,"21,8",13:54,,,,,,,,,
2010-10-23,6143X,COÍN,MALAGA,230,"18,2","0,0","13,2",Varias,"23,3",12:15,,,,,,,,,
2010-10-24,6143X,COÍN,MALAGA,230,"19,8","0,0","12,3",03:14,"27,4",10:16,,,,,,,,,
2010-10-25,6143X,COÍN,MALAGA,230,"20,4","0,0","15,0",05:09,"25,8",10:17,,,,,,,,,
2010-10-26,6143X,COÍN,MALAGA,230,"19,6","0,0","10,7",06:37,"28,6",14:53,,,,,,,,,
2010-10-27,6143X,COÍN,MALAGA,230,"18,0","0,0","11,3",06:50,"24,6",12:44,,,,,,,,,
2010-10-28,6143X,COÍN,MALAGA,230,"17,2","0,0","10,3",05:20,"24,0",13:17,,,,,,,,,
2010-10-29,6143X,COÍN,MALAGA,230,"17,8","0,0","11,0",06:23,"24,7",10:23,,,,,,,,,
2010-10-30,6143X,COÍN,MALAGA,230,"17,2","8,2","13,2",06:13,"21,2",14:08,,,,,,,,,
2010-10-31,6143X,COÍN,MALAGA,230,"17,7","0,2","14,2",23:13,"21,2",14:36,,,,,,,,,
2010-11-01,6143X,COÍN,MALAGA,230,"16,6","0,0","12,0",07:01,"21,1",12:32,,,,,,,,,
2010-11-02,6143X,COÍN,MALAGA,230,"17,4","0,0","11,5",03:28,"23,4",10:26,,,,,,,,,
2010-11-03,6143X,COÍN,MALAGA,230,"18,5","0,0","11,0",05:35,"26,0",10:26,,,,,,,,,
2010-11-04,6143X,COÍN,MALAGA,230,"18,3","0,0","11,4",04:51,"25,2",10:26,,,,,,,,,
2010-11-05,6143X,COÍN,MALAGA,230,"17,8","0,0","11,3",03:32,"24,3",10:27,,,,,,,,,
2010-11-06,6143X,COÍN,MALAGA,230,"18,0","0,0","12,0",06:22,"24,0",10:30,,,,,,,,,
2010-11-07,6143X,COÍN,MALAGA,230,"17,6","0,0","11,0",05:59,"24,3",15:20,,,,,,,,,
2010-11-08,6143X,COÍN,MALAGA,230,"15,0","0,0","10,4",06:52,"19,5",10:31,,,,,,,,,
2010-11-09,6143X,COÍN,MALAGA,230,"18,4","0,4","13,5",23:51,"23,2",10:25,,,,,,,,,
2010-11-10,6143X,COÍN,MALAGA,230,"16,2","0,0","12,4",Varias,"20,0",10:31,,,,,,,,,
2010-11-11,6143X,COÍN,MALAGA,230,"15,8","0,0","8,6",06:45,"23,0",10:31,,,,,,,,,
2010-11-12,6143X,COÍN,MALAGA,230,"18,7","0,0","10,9",Varias,"26,5",14:37,,,,,,,,,
2010-11-13,6143X,COÍN,MALAGA,230,"18,7","0,0","10,5",06:35,"26,9",14:28,,,,,,,,,
2010-11-14,6143X,COÍN,MALAGA,230,"17,2","2,6","10,7",04:30,"23,6",10:32,,,,,,,,,
2010-11-15,6143X,COÍN,MALAGA,230,"13,9","0,0","9,1",23:43,"18,7",14:34,,,,,,,,,
2010-11-16,6143X,COÍN,MALAGA,230,"14,8","0,0","7,4",07:31,"22,3",14:24,,,,,,,,,
2010-11-17,6143X,COÍN,MALAGA,230,"13,2","0,6","7,1",03:36,"19,2",15:23,,,,,,,,,
2010-11-18,6143X,COÍN,MALAGA,230,"14,0","0,0","8,7",07:33,"19,4",14:22,,,,,,,,,
2010-11-19,6143X,COÍN,MALAGA,230,"14,0","0,0","8,5",02:26,"19,6",13:22,,,,,,,,,
2010-11-20,6143X,COÍN,MALAGA,230,"15,0","0,0","9,7",00:01,"20,4",14:10,,,,,,,,,
2010-11-21,6143X,COÍN,MALAGA,230,"14,4","0,2","10,5",20:00,"18,2",13:53,,,,,,,,,
2010-11-22,6143X,COÍN,MALAGA,230,"14,0","0,0","8,8",23:31,"19,3",13:43,,,,,,,,,
2010-11-23,6143X,COÍN,MALAGA,230,"13,6","0,2","8,6",00:13,"18,6",12:32,,,,,,,,,
2010-11-24,6143X,COÍN,MALAGA,230,"16,6","0,8","10,3",05:26,"23,0",12:55,,,,,,,,,
2010-11-25,6143X,COÍN,MALAGA,230,"18,2","0,0","11,8",05:48,"24,6",13:36,,,,,,,,,
2010-11-26,6143X,COÍN,MALAGA,230,"12,4","25,8","9,8",23:41,"15,0",11:25,,,,,,,,,
2010-11-27,6143X,COÍN,MALAGA,230,"10,6","55,4","9,7",01:50,"11,4",12:11,,,,,,,,,
2010-11-28,6143X,COÍN,MALAGA,230,"12,8","7,6","6,2",07:45,"19,5",13:35,,,,,,,,,
2010-11-29,6143X,COÍN,MALAGA,230,"8,8","22,0","6,6",05:55,"10,9",23:40,,,,,,,,,
2010-11-30,6143X,COÍN,MALAGA,230,"11,0","2,8","8,8",21:40,"13,2",13:21,,,,,,,,,
2010-12-04,6143X,COÍN,MALAGA,230,"8,7","0,0","3,7",02:44,"13,7",14:19,,,,,,,,,
2010-12-05,6143X,COÍN,MALAGA,230,"14,2","23,4","8,9",08:02,"19,6",13:15,,,,,,,,,
2010-12-06,6143X,COÍN,MALAGA,230,"13,8","7,4","9,8",03:10,"17,9",13:19,,,,,,,,,
2010-12-07,6143X,COÍN,MALAGA,230,"19,2","12,0","14,5",Varias,"23,8",13:06,,,,,,,,,
2010-12-08,6143X,COÍN,MALAGA,230,"18,0","0,2","13,5",07:32,"22,6",13:13,,,,,,,,,
2010-12-09,6143X,COÍN,MALAGA,230,"20,6","0,0","13,1",06:35,"28,1",13:28,,,,,,,,,
2010-12-10,6143X,COÍN,MALAGA,230,"15,8","0,0","13,5",23:59,"18,1",09:16,,,,,,,,,
2010-12-11,6143X,COÍN,MALAGA,230,"14,0","0,0","8,9",23:32,"19,2",13:23,,,,,,,,,
2010-12-12,6143X,COÍN,MALAGA,230,"14,0","0,0","7,8",07:45,"20,2",13:43,,,,,,,,,
2010-12-13,6143X,COÍN,MALAGA,230,"18,0","0,0","12,0",23:22,"24,0",13:10,,,,,,,,,
2010-12-14,6143X,COÍN,MALAGA,230,"17,4","0,0","10,0",05:13,"24,7",13:24,,,,,,,,,
2010-12-15,6143X,COÍN,MALAGA,230,"13,1","0,0","7,7",07:23,"18,5",13:36,,,,,,,,,
2010-12-16,6143X,COÍN,MALAGA,230,"12,0","0,0","4,8",07:19,"19,2",13:11,,,,,,,,,
2010-12-17,6143X,COÍN,MALAGA,230,"9,5","2,4","4,8",07:38,"14,2",12:10,,,,,,,,,
2010-12-18,6143X,COÍN,MALAGA,230,"11,4","101,6","9,0",07:26,"13,9",23:49,,,,,,,,,
2010-12-19,6143X,COÍN,MALAGA,230,"15,2","0,6","9,1",23:31,"21,2",13:06,,,,,,,,,
2010-12-20,6143X,COÍN,MALAGA,230,"12,4","46,0","7,6",04:02,"17,1",11:36,,,,,,,,,
2010-12-21,6143X,COÍN,MALAGA,230,"13,6","38,2","10,7",00:01,"16,4",20:35,,,,,,,,,
2010-12-22,6143X,COÍN,MALAGA,230,"12,4","18,2","11,0",08:10,"13,9",05:48,,,,,,,,,
2010-12-23,6143X,COÍN,MALAGA,230,"11,6","0,0","7,6",24:00,"15,7",13:13,,,,,,,,,
2010-12-24,6143X,COÍN,MALAGA,230,"9,0","0,2","3,8",07:31,"14,3",13:14,,,,,,,,,
2010-12-25,6143X,COÍN,MALAGA,230,"9,9","0,4","6,0",06:34,"13,8",13:19,,,,,,,,,
2010-12-26,6143X,COÍN,MALAGA,230,"13,9","0,0","6,5",07:29,"21,3",13:08,,,,,,,,,
2010-12-27,6143X,COÍN,MALAGA,230,"11,6","0,0","7,0",06:54,"16,1",14:31,,,,,,,,,
2010-12-28,6143X,COÍN,MALAGA,230,"9,8","0,0","7,3",02:53,"12,4",Varias,,,,,,,,,
2010-12-29,6143X,COÍN,MALAGA,230,"11,4","0,0","9,1",00:01,"13,7",14:16,,,,,,,,,
2010-12-30,6143X,COÍN,MALAGA,230,"11,6","43,6","10,1",00:01,"13,1",11:04,,,,,,,,,
2010-12-31,6143X,COÍN,MALAGA,230,"12,4","15,8","10,7",Varias,"14,1",15:01,,,,,,,,,
2011-01-01,6143X,COÍN,MALAGA,230,"15,4","0,0","10,2",03:41,"20,6",12:14,,,,,,,,,
2011-01-02,6143X,COÍN,MALAGA,230,"14,8","0,0","8,5",23:35,"21,1",13:20,,,,,,,,,
2011-01-03,6143X,COÍN,MALAGA,230,"14,8","0,0","7,6",04:48,"22,1",13:29,,,,,,,,,
2011-01-04,6143X,COÍN,MALAGA,230,"14,0","0,0","7,5",07:32,"20,6",13:52,,,,,,,,,
2011-01-05,6143X,COÍN,MALAGA,230,"13,1","0,0","8,3",05:37,"17,9",13:31,,,,,,,,,
2011-01-06,6143X,COÍN,MALAGA,230,"16,2","0,0","10,5",02:20,"21,9",13:21,,,,,,,,,
2011-01-07,6143X,COÍN,MALAGA,230,"11,6","7,6","9,7",05:10,"13,4",09:10,,,,,,,,,
2011-01-08,6143X,COÍN,MALAGA,230,"14,8","2,4","9,3",06:43,"20,2",13:54,,,,,,,,,
2011-01-09,6143X,COÍN,MALAGA,230,"13,2","0,2","8,8",07:29,"17,5",11:03,,,,,,,,,
2011-01-10,6143X,COÍN,MALAGA,230,"14,6","0,0","7,5",05:15,"21,7",13:50,,,,,,,,,
2011-01-11,6143X,COÍN,MALAGA,230,"14,8","0,0","7,3",03:21,"22,2",11:08,,,,,,,,,
2011-01-12,6143X,COÍN,MALAGA,230,"16,4","0,0","9,7",23:33,"23,0",13:52,,,,,,,,,
2011-01-13,6143X,COÍN,MALAGA,230,"16,2","0,0","8,8",07:05,"23,7",13:54,,,,,,,,,
2011-01-14,6143X,COÍN,MALAGA,230,"16,6","0,0","8,1",06:23,"25,2",13:52,,,,,,,,,
2011-01-15,6143X,COÍN,MALAGA,230,"15,4","0,0","7,5",07:43,"23,4",13:58,,,,,,,,,
2011-01-16,6143X,COÍN,MALAGA,230,"14,8","0,0","9,3",06:59,"20,4",14:39,,,,,,,,,
2011-01-17,6143X,COÍN,MALAGA,230,"13,4","0,0","6,9",07:32,"19,9",13:46,,,,,,,,,
2011-01-18,6143X,COÍN,MALAGA,230,"10,6","0,0","7,3",05:32,"13,8",12:48,,,,,,,,,
2011-01-19,6143X,COÍN,MALAGA,230,"11,5","0,0","9,1",22:25,"13,9",Varias,,,,,,,,,
2011-01-20,6143X,COÍN,MALAGA,230,"13,3","0,0","9,0",02:35,"17,6",14:48,,,,,,,,,
2011-01-21,6143X,COÍN,MALAGA,230,"13,1","0,2","9,0",07:35,"17,2",14:42,,,,,,,,,
2011-01-22,6143X,COÍN,MALAGA,230,"8,8","1,4","7,5",20:08,"10,0",00:01,,,,,,,,,
2011-01-23,6143X,COÍN,MALAGA,230,"6,8","8,0","5,0",15:42,"8,6",00:01,,,,,,,,,
2011-01-24,6143X,COÍN,MALAGA,230,"9,4","2,2","7,6",00:01,"11,2",15:12,,,,,,,,,
2011-01-25,6143X,COÍN,MALAGA,230,"9,3","4,6","8,2",Varias,"10,4",22:43,,,,,,,,,
2011-01-26,6143X,COÍN,MALAGA,230,"10,6","25,8","9,1",23:45,"12,0",12:29,,,,,,,,,
2011-01-27,6143X,COÍN,MALAGA,230,"13,9","6,4","8,2",Varias,"19,6",14:58,,,,,,,,,
2011-01-28,6143X,COÍN,MALAGA,230,"12,2","2,0","8,5",Varias,"16,0",15:25,,,,,,,,,
2011-01-29,6143X,COÍN,MALAGA,230,"13,4","0,0","6,4",23:58,"20,3",11:01,,,,,,,,,
2011-01-30,6143X,COÍN,MALAGA,230,"10,6","0,0","4,8",04:47,"16,5",13:43,,,,,,,,,
2011-01-31,6143X,COÍN,MALAGA,230,"10,9","0,0","5,2",00:07,"16,6",15:06,,,,,,,,,
2011-02-01,6143X,COÍN,MALAGA,230,"10,3","0,0","4,2",07:30,"16,4",15:14,,,,,,,,,
2011-02-02,6143X,COÍN,MALAGA,230,"12,3","0,0","4,8",07:18,"19,8",15:15,,,,,,,,,
2011-02-03,6143X,COÍN,MALAGA,230,"13,4","0,0","6,8",Varias,"19,9",14:44,,,,,,,,,
2011-02-04,6143X,COÍN,MALAGA,230,"12,4","0,0","4,1",06:17,"20,6",13:59,,,,,,,,,
2011-02-05,6143X,COÍN,MALAGA,230,"12,3","0,0","5,0",06:21,"19,6",10:59,,,,,,,,,
2011-02-06,6143X,COÍN,MALAGA,230,"14,3","0,0","5,1",07:07,"23,5",15:18,,,,,,,,,
2011-02-07,6143X,COÍN,MALAGA,230,"12,7","0,0","5,9",05:48,"19,5",13:30,,,,,,,,,
2011-02-08,6143X,COÍN,MALAGA,230,"12,4","0,0","6,4",07:28,"18,5",12:50,,,,,,,,,
2011-02-09,6143X,COÍN,MALAGA,230,"12,5","0,0","6,7",05:41,"18,3",12:25,,,,,,,,,
2011-02-10,6143X,COÍN,MALAGA,230,"12,4","0,0","8,2",03:30,"16,7",13:32,,,,,,,,,
2011-02-11,6143X,COÍN,MALAGA,230,"12,4","0,0","5,9",07:06,"18,8",14:38,,,,,,,,,
2011-02-12,6143X,COÍN,MALAGA,230,"14,8","0,0","7,6",Varias,"22,0",10:53,,,,,,,,,
2011-02-13,6143X,COÍN,MALAGA,230,"12,8","0,8","7,1",07:14,"18,6",12:07,,,,,,,,,
2011-02-14,6143X,COÍN,MALAGA,230,"13,6","0,0","8,7",05:13,"18,4",13:39,,,,,,,,,
2011-02-15,6143X,COÍN,MALAGA,230,"11,8","19,4","8,3",23:51,"15,2",16:04,,,,,,,,,
2011-02-16,6143X,COÍN,MALAGA,230,"10,6","5,8","6,1",04:21,"15,2",16:31,,,,,,,,,
2011-02-17,6143X,COÍN,MALAGA,230,"11,9","0,0","7,8",01:01,"16,0",15:14,,,,,,,,,
2011-02-18,6143X,COÍN,MALAGA,230,"14,6","0,0","8,9",04:58,"20,3",14:42,,,,,,,,,
2011-02-19,6143X,COÍN,MALAGA,230,"14,4","0,0","7,8",04:40,"21,1",14:05,,,,,,,,,
2011-02-20,6143X,COÍN,MALAGA,230,"15,8","0,0","10,7",06:57,"20,8",16:21,,,,,,,,,
2011-02-21,6143X,COÍN,MALAGA,230,"15,9","0,0","11,5",07:09,"20,3",10:43,,,,,,,,,
2011-02-22,6143X,COÍN,MALAGA,230,"16,1","0,0","11,8",05:57,"20,4",15:21,,,,,,,,,
2011-02-23,6143X,COÍN,MALAGA,230,"17,9","0,0","10,9",06:47,"24,9",10:43,,,,,,,,,
2011-02-24,6143X,COÍN,MALAGA,230,"16,6","0,0","9,5",06:32,"23,6",10:41,,,,,,,,,
2011-02-25,6143X,COÍN,MALAGA,230,"17,2","0,0","9,3",05:49,"25,1",13:07,,,,,,,,,
2011-02-26,6143X,COÍN,MALAGA,230,"18,4","0,0","9,2",03:33,"27,7",14:48,,,,,,,,,
2011-02-27,6143X,COÍN,MALAGA,230,"16,4","0,0","10,4",23:18,"22,4",10:32,,,,,,,,,
2011-02-28,6143X,COÍN,MALAGA,230,"13,0","0,0","7,2",07:01,"18,8",10:38,,,,,,,,,
2011-03-01,6143X,COÍN,MALAGA,230,"10,6","0,0","5,7",23:39,"15,4",16:05,,,,,,,,,
2011-03-02,6143X,COÍN,MALAGA,230,"11,2","0,0","4,1",06:59,"18,4",15:40,,,,,,,,,
2011-03-03,6143X,COÍN,MALAGA,230,"10,4","1,0","3,3",06:09,"17,6",10:31,,,,,,,,,
2011-03-04,6143X,COÍN,MALAGA,230,"9,2","31,8","5,2",04:26,"13,3",15:41,,,,,,,,,
2011-03-05,6143X,COÍN,MALAGA,230,"11,8","0,0","6,9",04:09,"16,8",10:30,,,,,,,,,
2011-03-06,6143X,COÍN,MALAGA,230,"12,6","5,6","8,8",02:48,"16,3",15:05,,,,,,,,,
2011-03-07,6143X,COÍN,MALAGA,230,"13,8","0,4","9,7",04:25,"18,0",14:57,,,,,,,,,
2011-03-08,6143X,COÍN,MALAGA,230,"13,4","9,6","11,1",04:43,"15,7",15:17,,,,,,,,,
2011-03-09,6143X,COÍN,MALAGA,230,"10,6","46,0","9,3",13:57,"12,0",00:01,,,,,,,,,
2011-03-10,6143X,COÍN,MALAGA,230,"11,3","18,4","10,5",00:01,"12,1",14:20,,,,,,,,,
2011-03-11,6143X,COÍN,MALAGA,230,"11,3","96,2","10,0",04:21,"12,6",19:17,,,,,,,,,
2011-03-12,6143X,COÍN,MALAGA,230,"15,0","0,8","9,6",24:00,"20,5",10:24,,,,,,,,,
2011-03-13,6143X,COÍN,MALAGA,230,"12,8","0,6","8,3",06:48,"17,3",11:10,,,,,,,,,
2011-03-14,6143X,COÍN,MALAGA,230,"12,6","14,0","9,9",13:57,"15,2",11:52,,,,,,,,,
2011-03-15,6143X,COÍN,MALAGA,230,"13,0","0,0","7,3",23:50,"18,8",13:35,,,,,,,,,
2011-03-16,6143X,COÍN,MALAGA,230,"13,2","0,0","6,0",02:29,"20,4",16:15,,,,,,,,,
2011-03-17,6143X,COÍN,MALAGA,230,"15,6","0,0","10,3",05:49,"20,8",16:12,,,,,,,,,
2011-03-18,6143X,COÍN,MALAGA,230,"17,8","0,0","9,9",04:49,"25,7",15:33,,,,,,,,,
2011-03-19,6143X,COÍN,MALAGA,230,"16,8","0,0","8,9",Varias,"24,7",15:40,,,,,,,,,
2011-03-20,6143X,COÍN,MALAGA,230,"15,4","0,0","9,1",06:25,"21,7",10:11,,,,,,,,,
2011-03-21,6143X,COÍN,MALAGA,230,"13,4","0,2","10,6",00:01,"16,2",15:47,,,,,,,,,
2011-03-22,6143X,COÍN,MALAGA,230,"13,4","0,8","11,1",20:33,"15,6",13:24,,,,,,,,,
2011-03-23,6143X,COÍN,MALAGA,230,"13,3","0,0","10,8",00:55,"15,8",11:36,,,,,,,,,
2011-03-24,6143X,COÍN,MALAGA,230,"18,0","0,0","12,8",00:46,"23,3",11:28,,,,,,,,,
2011-03-25,6143X,COÍN,MALAGA,230,"15,4","0,0","11,2",23:49,"19,6",15:37,,,,,,,,,
2011-03-26,6143X,COÍN,MALAGA,230,"15,6","0,0","11,0",05:27,"20,1",14:39,,,,,,,,,
2011-03-27,6143X,COÍN,MALAGA,230,"16,5","0,0","10,1",05:52,"22,9",14:10,,,,,,,,,
2011-03-28,6143X,COÍN,MALAGA,230,"18,7","0,0","11,8",05:31,"25,6",16:22,,,,,,,,,
2011-03-29,6143X,COÍN,MALAGA,230,"17,8","0,0","11,5",06:07,"24,0",16:07,,,,,,,,,
2011-03-30,6143X,COÍN,MALAGA,230,"19,0","0,0","12,2",06:02,"25,7",15:01,,,,,,,,,
2011-03-31,6143X,COÍN,MALAGA,230,"18,9","0,0","11,9",05:30,"25,9",12:15,,,,,,,,,
2011-04-01,6143X,COÍN,MALAGA,230,"19,2","0,0","12,5",,"26,0",,,,,,,,,,
2011-04-02,6143X,COÍN,MALAGA,230,"19,5","0,0","12,5",,"26,5",,,,,,,,,,
2011-04-03,6143X,COÍN,MALAGA,230,"17,5","0,0","13,5",,"21,5",,,,,,,,,,
2011-04-04,6143X,COÍN,MALAGA,230,"18,5","0,0","12,5",,"24,5",,,,,,,,,,
2011-04-05,6143X,COÍN,MALAGA,230,"16,5","0,0","12,5",,"20,5",,,,,,,,,,
2011-04-06,6143X,COÍN,MALAGA,230,"19,5","0,0","13,5",,"25,5",,,,,,,,,,
2011-04-07,6143X,COÍN,MALAGA,230,"20,0","0,0","14,0",,"26,0",,,,,,,,,,
2011-04-08,6143X,COÍN,MALAGA,230,"19,8","0,0","12,0",,"27,5",,,,,,,,,,
2011-04-09,6143X,COÍN,MALAGA,230,"23,0","0,0","12,5",,"33,5",,,,,,,,,,
2011-04-10,6143X,COÍN,MALAGA,230,"22,8","0,0","16,0",,"29,5",,,,,,,,,,
2011-04-11,6143X,COÍN,MALAGA,230,"21,2","0,0","16,0",,"26,4",,,,,,,,,,
2011-04-12,6143X,COÍN,MALAGA,230,"18,0","0,0","12,0",,"24,0",,,,,,,,,,
2011-04-13,6143X,COÍN,MALAGA,230,"19,2","0,0","12,0",,"26,5",,,,,,,,,,
2011-04-14,6143X,COÍN,MALAGA,230,"19,2","0,0","12,0",,"26,5",,,,,,,,,,
2011-04-15,6143X,COÍN,MALAGA,230,"18,2","0,0","13,0",,"23,5",,,,,,,,,,
2011-04-16,6143X,COÍN,MALAGA,230,"17,0","0,0","13,0",,"21,0",,,,,,,,,,
2011-04-17,6143X,COÍN,MALAGA,230,"16,5","0,0","13,5",,"19,5",,,,,,,,,,
2011-04-18,6143X,COÍN,MALAGA,230,"15,8","0,0","13,0",,"18,5",,,,,,,,,,
2011-04-19,6143X,COÍN,MALAGA,230,"15,2","0,0","12,5",,"18,0",,,,,,,,,,
2011-04-20,6143X,COÍN,MALAGA,230,"16,0","1,4","14,2",02:28,"17,7",14:47,,,,,,,,,
2011-04-21,6143X,COÍN,MALAGA,230,"15,6","15,4","12,3",15:03,"18,8",09:31,,,,,,,,,
2011-04-22,6143X,COÍN,MALAGA,230,"14,1","4,4","11,1",06:32,"17,1",17:45,,,,,,,,,
2011-04-23,6143X,COÍN,MALAGA,230,"17,0","3,2","10,9",02:14,"23,0",09:34,,,,,,,,,
2011-04-24,6143X,COÍN,MALAGA,230,"16,4","1,6","11,7",Varias,"21,2",16:03,,,,,,,,,
2011-04-25,6143X,COÍN,MALAGA,230,"18,7","0,2","11,3",05:29,"26,1",12:39,,,,,,,,,
2011-04-26,6143X,COÍN,MALAGA,230,"18,2","0,0","11,5",04:54,"24,9",09:27,,,,,,,,,
2011-04-27,6143X,COÍN,MALAGA,230,"19,0","0,0","12,1",04:36,"25,9",15:44,,,,,,,,,
2011-04-28,6143X,COÍN,MALAGA,230,"18,1","2,8","11,9",05:19,"24,3",14:09,,,,,,,,,
2011-04-29,6143X,COÍN,MALAGA,230,"14,6","10,0","12,9",23:45,"16,3",03:05,,,,,,,,,
2011-04-30,6143X,COÍN,MALAGA,230,"15,8","0,4","12,2",23:26,"19,3",14:45,,,,,,,,,
2011-05-01,6143X,COÍN,MALAGA,230,"16,4","6,6","10,7",05:33,"22,0",15:03,,,,,,,,,
2011-05-02,6143X,COÍN,MALAGA,230,"17,0","5,8","12,8",04:17,"21,1",11:04,,,,,,,,,
2011-05-03,6143X,COÍN,MALAGA,230,"19,3","0,0","12,7",02:58,"25,9",12:33,,,,,,,,,
2011-05-04,6143X,COÍN,MALAGA,230,"20,6","0,0","12,5",04:59,"28,6",14:14,,,,,,,,,
2011-05-05,6143X,COÍN,MALAGA,230,"20,0","0,0","14,0",04:51,"26,1",09:20,,,,,,,,,
2011-05-06,6143X,COÍN,MALAGA,230,"18,4","0,4","13,5",02:53,"23,3",15:19,,,,,,,,,
2011-05-07,6143X,COÍN,MALAGA,230,"19,1","0,4","13,6",23:44,"24,6",15:06,,,,,,,,,
2011-05-08,6143X,COÍN,MALAGA,230,,"0,0",,,,,,,,,,,,,
2011-05-09,6143X,COÍN,MALAGA,230,,"0,0",,,,,,,,,,,,,
2011-05-10,6143X,COÍN,MALAGA,230,"19,6","0,0","12,8",Varias,"26,4",11:28,,,,,,,,,
2011-05-11,6143X,COÍN,MALAGA,230,"19,9","0,0","14,1",05:27,"25,7",16:44,,,,,,,,,
2011-05-12,6143X,COÍN,MALAGA,230,"21,4","0,0","14,3",03:22,"28,4",15:16,,,,,,,,,
2011-05-13,6143X,COÍN,MALAGA,230,"20,5","0,0","16,0",03:18,"25,0",12:36,,,,,,,,,
2011-05-14,6143X,COÍN,MALAGA,230,"20,8","0,0","13,6",04:58,"28,0",16:53,,,,,,,,,
2011-05-15,6143X,COÍN,MALAGA,230,"19,6","0,8","15,3",04:38,"23,9",13:54,,,,,,,,,
2011-05-16,6143X,COÍN,MALAGA,230,"19,1","0,0","16,2",22:26,"22,0",09:35,,,,,,,,,
2011-05-17,6143X,COÍN,MALAGA,230,"19,7","0,0","14,8",23:46,"24,6",13:39,,,,,,,,,
2011-05-18,6143X,COÍN,MALAGA,230,"17,2","25,2","14,6",Varias,"19,7",11:38,,,,,,,,,
2011-05-19,6143X,COÍN,MALAGA,230,"18,2","0,2","14,3",03:18,"22,1",10:00,,,,,,,,,
2011-05-20,6143X,COÍN,MALAGA,230,"20,6","0,0","15,0",03:07,"26,2",16:05,,,,,,,,,
2011-05-21,6143X,COÍN,MALAGA,230,"20,4","0,0","13,8",Varias,"27,0",10:28,,,,,,,,,
2011-05-22,6143X,COÍN,MALAGA,230,"20,8","0,0","14,3",04:13,"27,4",11:20,,,,,,,,,
2011-05-23,6143X,COÍN,MALAGA,230,"21,8","0,0","14,7",04:41,"28,8",15:03,,,,,,,,,
2011-05-24,6143X,COÍN,MALAGA,230,"22,8","0,0","15,1",04:17,"30,4",16:03,,,,,,,,,
2011-05-25,6143X,COÍN,MALAGA,230,"23,0","0,0","16,3",05:16,"29,6",12:07,,,,,,,,,
2011-05-26,6143X,COÍN,MALAGA,230,"22,6","0,0","17,9",04:44,"27,4",15:16,,,,,,,,,
2011-05-27,6143X,COÍN,MALAGA,230,"24,1","0,4","19,3",04:53,"28,9",12:08,,,,,,,,,
2011-05-28,6143X,COÍN,MALAGA,230,"24,7","0,0","18,2",05:36,"31,2",15:30,,,,,,,,,
2011-05-29,6143X,COÍN,MALAGA,230,"23,0","0,0","17,2",05:12,"28,7",16:28,,,,,,,,,
2011-05-30,6143X,COÍN,MALAGA,230,"22,4","0,0","16,7",05:12,"28,2",15:06,,,,,,,,,
2011-05-31,6143X,COÍN,MALAGA,230,"23,6","0,0","15,2",05:16,"32,0",17:16,,,,,,,,,
2011-06-01,6143X,COÍN,MALAGA,230,"21,9","0,4","18,0",04:49,"25,8",13:25,,,,,,,,,
2011-06-02,6143X,COÍN,MALAGA,230,"19,2","0,0","15,3",22:51,"23,0",17:06,,,,,,,,,
2011-06-03,6143X,COÍN,MALAGA,230,"18,9","0,0","14,6",03:36,"23,2",14:25,,,,,,,,,
2011-06-04,6143X,COÍN,MALAGA,230,"18,6","0,0","14,4",04:33,"22,9",14:35,,,,,,,,,
2011-06-05,6143X,COÍN,MALAGA,230,"19,5","0,0","14,2",04:52,"24,8",14:02,,,,,,,,,
2011-06-06,6143X,COÍN,MALAGA,230,"21,0","0,4","14,9",04:35,"27,0",12:53,,,,,,,,,
2011-06-07,6143X,COÍN,MALAGA,230,"20,2","0,0","14,6",01:01,"25,7",14:30,,,,,,,,,
2011-06-08,6143X,COÍN,MALAGA,230,"21,1","0,0","14,2",05:16,"28,0",13:13,,,,,,,,,
2011-06-09,6143X,COÍN,MALAGA,230,"21,2","0,0","14,0",05:01,"28,5",15:46,,,,,,,,,
2011-06-10,6143X,COÍN,MALAGA,230,"22,5","0,0","15,0",04:43,"30,0",14:32,,,,,,,,,
2011-06-11,6143X,COÍN,MALAGA,230,"23,2","0,0","16,6",05:06,"29,8",11:24,,,,,,,,,
2011-06-12,6143X,COÍN,MALAGA,230,"22,8","0,0","16,2",04:58,"29,3",11:19,,,,,,,,,
2011-06-13,6143X,COÍN,MALAGA,230,"27,1","0,0","17,3",04:28,"36,9",15:29,,,,,,,,,
2011-06-14,6143X,COÍN,MALAGA,230,"27,4","0,0","20,1",23:56,"34,6",11:32,,,,,,,,,
2011-06-15,6143X,COÍN,MALAGA,230,"24,8","0,0","17,2",04:52,"32,4",16:20,,,,,,,,,
2011-06-16,6143X,COÍN,MALAGA,230,"27,4","0,0","19,1",02:24,"35,7",14:32,,,,,,,,,
2011-06-17,6143X,COÍN,MALAGA,230,"27,8","0,0","20,4",05:22,"35,3",15:41,,,,,,,,,
2011-06-18,6143X,COÍN,MALAGA,230,"29,0","0,0","21,5",04:51,"36,6",15:18,,,,,,,,,
2011-06-19,6143X,COÍN,MALAGA,230,"25,2","0,0","20,9",03:47,"29,5",11:30,,,,,,,,,
2011-06-20,6143X,COÍN,MALAGA,230,"24,0","0,0","19,5",04:39,"28,5",13:13,,,,,,,,,
2011-06-21,6143X,COÍN,MALAGA,230,"24,2","0,0","19,0",04:16,"29,4",14:30,,,,,,,,,
2011-06-22,6143X,COÍN,MALAGA,230,"26,6","0,0","20,0",04:51,"33,3",16:02,,,,,,,,,
2011-06-23,6143X,COÍN,MALAGA,230,"28,4","0,0","21,2",23:42,"35,6",10:55,,,,,,,,,
2011-06-24,6143X,COÍN,MALAGA,230,"24,0","0,0","20,1",03:46,"27,9",13:39,,,,,,,,,
2011-06-25,6143X,COÍN,MALAGA,230,"23,8","0,0","20,2",Varias,"27,5",15:57,,,,,,,,,
2011-06-26,6143X,COÍN,MALAGA,230,"25,5","0,0","18,3",04:55,"32,7",16:04,,,,,,,,,
2011-06-27,6143X,COÍN,MALAGA,230,"25,4","0,0","19,1",Varias,"31,6",11:36,,,,,,,,,
2011-06-28,6143X,COÍN,MALAGA,230,"26,5","0,0","18,8",04:17,"34,2",17:39,,,,,,,,,
2011-06-29,6143X,COÍN,MALAGA,230,"29,7","0,0","23,3",23:57,"36,1",10:08,,,,,,,,,
2011-06-30,6143X,COÍN,MALAGA,230,"25,1","0,0","21,0",04:50,"29,2",14:02,,,,,,,,,
2011-07-01,6143X,COÍN,MALAGA,230,,"0,0",,,,,,,,,,,,,
2011-07-02,6143X,COÍN,MALAGA,230,"27,5","0,0","19,9",04:56,"35,1",12:11,,,,,,,,,
2011-07-03,6143X,COÍN,MALAGA,230,"25,0","0,0","19,7",23:54,"30,2",09:13,,,,,,,,,
2011-07-04,6143X,COÍN,MALAGA,230,"25,5","0,0","17,4",03:04,"33,6",15:52,,,,,,,,,
2011-07-05,6143X,COÍN,MALAGA,230,"26,6","0,0","19,7",03:23,"33,6",14:24,,,,,,,,,
2011-07-06,6143X,COÍN,MALAGA,230,"29,2","0,0","21,4",04:21,"37,0",10:53,,,,,,,,,
2011-07-07,6143X,COÍN,MALAGA,230,"31,0","0,0","22,4",05:11,"39,5",15:03,,,,,,,,,
2011-07-08,6143X,COÍN,MALAGA,230,"29,7","0,0","20,7",05:04,"38,7",15:34,,,,,,,,,
2011-07-09,6143X,COÍN,MALAGA,230,"28,8","0,0","21,8",02:56,"35,8",12:53,,,,,,,,,
2011-07-10,6143X,COÍN,MALAGA,230,"28,2","0,0","20,7",02:39,"35,6",11:59,,,,,,,,,
2011-07-11,6143X,COÍN,MALAGA,230,"26,6","0,0","21,1",05:48,"32,1",11:57,,,,,,,,,
2011-07-12,6143X,COÍN,MALAGA,230,"30,2","0,0","22,2",05:28,"38,2",14:49,,,,,,,,,
2011-07-13,6143X,COÍN,MALAGA,230,"28,6","0,0","22,5",03:29,"34,6",17:08,,,,,,,,,
2011-07-14,6143X,COÍN,MALAGA,230,"25,4","0,0","20,4",03:38,"30,3",09:48,,,,,,,,,
2011-07-15,6143X,COÍN,MALAGA,230,"24,8","0,0","18,9",05:17,"30,7",13:45,,,,,,,,,
2011-07-16,6143X,COÍN,MALAGA,230,"26,0","0,0","19,4",05:22,"32,5",16:45,,,,,,,,,
2011-07-17,6143X,COÍN,MALAGA,230,"29,0","0,0","21,2",02:55,"36,9",16:23,,,,,,,,,
2011-07-18,6143X,COÍN,MALAGA,230,"26,8","0,0","20,2",05:05,"33,5",12:26,,,,,,,,,
2011-07-19,6143X,COÍN,MALAGA,230,"27,2","0,0","20,1",05:14,"34,3",16:09,,,,,,,,,
2011-07-20,6143X,COÍN,MALAGA,230,"26,3","0,0","21,5",05:24,"31,1",15:31,,,,,,,,,
2011-07-21,6143X,COÍN,MALAGA,230,"26,2","0,0","19,1",05:32,"33,2",15:03,,,,,,,,,
2011-07-22,6143X,COÍN,MALAGA,230,"24,3","0,0","19,0",05:22,"29,6",15:58,,,,,,,,,
2011-07-23,6143X,COÍN,MALAGA,230,"25,2","0,0","19,4",04:51,"30,9",15:36,,,,,,,,,
2011-07-24,6143X,COÍN,MALAGA,230,"27,4","0,0","19,1",05:30,"35,8",15:00,,,,,,,,,
2011-07-25,6143X,COÍN,MALAGA,230,"26,3","0,0","20,8",04:46,"31,8",12:17,,,,,,,,,
2011-07-26,6143X,COÍN,MALAGA,230,"27,4","0,0","20,4",05:30,"34,4",15:10,,,,,,,,,
2011-07-27,6143X,COÍN,MALAGA,230,"28,2","0,0","22,6",04:01,"33,8",09:18,,,,,,,,,
2011-07-28,6143X,COÍN,MALAGA,230,"25,8","0,0","21,9",05:25,"29,7",15:35,,,,,,,,,
2011-07-29,6143X,COÍN,MALAGA,230,"26,2","0,0","20,0",05:09,"32,3",17:05,,,,,,,,,
2011-07-30,6143X,COÍN,MALAGA,230,"29,8","0,0","21,0",02:09,"38,5",15:02,,,,,,,,,
2011-07-31,6143X,COÍN,MALAGA,230,"26,4","0,0","19,9",04:13,"33,0",15:40,,,,,,,,,
2011-08-01,6143X,COÍN,MALAGA,230,"25,7","0,0","20,5",24:00,"30,9",12:09,,,,,,,,,
2011-08-02,6143X,COÍN,MALAGA,230,"27,2","0,0","18,6",04:33,"35,9",16:36,,,,,,,,,
2011-08-03,6143X,COÍN,MALAGA,230,"27,6","0,0","20,8",04:41,"34,4",12:54,,,,,,,,,
2011-08-04,6143X,COÍN,MALAGA,230,"26,8","0,0","20,2",03:36,"33,3",14:55,,,,,,,,,
2011-08-05,6143X,COÍN,MALAGA,230,"28,6","0,0","20,3",05:26,"36,8",16:02,,,,,,,,,
2011-08-06,6143X,COÍN,MALAGA,230,"31,4","0,0","23,9",05:40,"38,9",14:56,,,,,,,,,
2011-08-07,6143X,COÍN,MALAGA,230,"32,8","0,0","24,8",05:40,"40,9",15:11,,,,,,,,,
2011-08-08,6143X,COÍN,MALAGA,230,"32,6","0,0","25,1",23:58,"40,1",11:56,,,,,,,,,
2011-08-09,6143X,COÍN,MALAGA,230,"26,3","0,0","23,5",Varias,"29,1",13:29,,,,,,,,,
2011-08-10,6143X,COÍN,MALAGA,230,"25,0","0,0","21,3",05:14,"28,6",13:44,,,,,,,,,
2011-08-11,6143X,COÍN,MALAGA,230,"25,4","0,0","21,1",03:42,"29,7",14:39,,,,,,,,,
2011-08-12,6143X,COÍN,MALAGA,230,"25,4","0,0","20,0",05:45,"30,8",15:42,,,,,,,,,
2011-08-13,6143X,COÍN,MALAGA,230,"28,2","0,0","17,9",05:14,"38,5",15:51,,,,,,,,,
2011-08-14,6143X,COÍN,MALAGA,230,"29,4","0,0","22,9",05:59,"35,9",16:18,,,,,,,,,
2011-08-15,6143X,COÍN,MALAGA,230,"29,8","0,0","23,3",05:44,"36,3",15:11,,,,,,,,,
2011-08-16,6143X,COÍN,MALAGA,230,"27,9","0,0","21,2",03:48,"34,6",12:11,,,,,,,,,
2011-08-17,6143X,COÍN,MALAGA,230,"28,0","0,0","21,8",01:25,"34,2",09:34,,,,,,,,,
2011-08-18,6143X,COÍN,MALAGA,230,"27,9","1,6","22,0",05:16,"33,8",09:37,,,,,,,,,
2011-08-19,6143X,COÍN,MALAGA,230,"28,5","0,0","23,8",02:15,"33,2",16:10,,,,,,,,,
2011-08-20,6143X,COÍN,MALAGA,230,"28,2","0,0","22,7",04:38,"33,7",15:34,,,,,,,,,
2011-08-21,6143X,COÍN,MALAGA,230,"26,5","0,0","22,9",23:56,"30,1",13:24,,,,,,,,,
2011-08-22,6143X,COÍN,MALAGA,230,"28,6","0,0","20,7",06:00,"36,4",15:48,,,,,,,,,
2011-08-23,6143X,COÍN,MALAGA,230,"28,0","0,0","21,6",05:29,"34,5",11:49,,,,,,,,,
2011-08-24,6143X,COÍN,MALAGA,230,"28,6","0,0","20,8",05:19,"36,4",12:55,,,,,,,,,
2011-08-25,6143X,COÍN,MALAGA,230,"29,6","0,0","21,4",05:34,"37,8",13:36,,,,,,,,,
2011-08-26,6143X,COÍN,MALAGA,230,"27,6","0,0","19,9",05:41,"35,3",15:52,,,,,,,,,
2011-08-27,6143X,COÍN,MALAGA,230,"27,1","0,0","21,5",05:57,"32,7",09:42,,,,,,,,,
2011-08-28,6143X,COÍN,MALAGA,230,"25,9","0,0","22,1",23:56,"29,7",15:48,,,,,,,,,
2011-08-29,6143X,COÍN,MALAGA,230,"27,0","0,0","20,5",05:51,"33,6",15:33,,,,,,,,,
2011-08-30,6143X,COÍN,MALAGA,230,"27,2","0,0","19,7",06:07,"34,7",12:38,,,,,,,,,
2011-08-31,6143X,COÍN,MALAGA,230,"26,5","0,0","18,8",05:57,"34,2",12:56,,,,,,,,,
2011-09-01,6143X,COÍN,MALAGA,230,"25,4","3,6","18,7",23:51,"32,2",14:04,,,,,,,,,
2011-09-02,6143X,COÍN,MALAGA,230,"22,5","0,2","17,1",06:00,"27,9",11:14,,,,,,,,,
2011-09-03,6143X,COÍN,MALAGA,230,"22,2","0,0","15,4",05:38,"29,1",14:03,,,,,,,,,
2011-09-04,6143X,COÍN,MALAGA,230,"24,8","0,0","16,5",Varias,"33,1",15:23,,,,,,,,,
2011-09-05,6143X,COÍN,MALAGA,230,"25,5","0,0","18,8",05:42,"32,2",15:49,,,,,,,,,
2011-09-06,6143X,COÍN,MALAGA,230,"24,6","0,0","18,5",05:41,"30,6",11:49,,,,,,,,,
2011-09-07,6143X,COÍN,MALAGA,230,"26,4","0,0","19,3",05:26,"33,4",15:35,,,,,,,,,
2011-09-08,6143X,COÍN,MALAGA,230,"26,2","0,0","19,2",05:20,"33,3",10:37,,,,,,,,,
2011-09-09,6143X,COÍN,MALAGA,230,"27,0","0,0","18,9",06:06,"35,2",13:54,,,,,,,,,
2011-09-10,6143X,COÍN,MALAGA,230,"25,8","0,0","18,9",05:34,"32,8",16:04,,,,,,,,,
2011-09-11,6143X,COÍN,MALAGA,230,"27,8","0,0","19,8",06:08,"35,7",15:04,,,,,,,,,
2011-09-12,6143X,COÍN,MALAGA,230,"28,1","0,0","21,4",Varias,"34,8",14:44,,,,,,,,,
2011-09-13,6143X,COÍN,MALAGA,230,"24,8","0,0","20,6",23:52,"29,0",13:06,,,,,,,,,
2011-09-14,6143X,COÍN,MALAGA,230,"24,6","0,0","19,2",05:36,"29,9",14:32,,,,,,,,,
2011-09-15,6143X,COÍN,MALAGA,230,"25,0","0,0","21,5",05:39,"28,5",13:20,,,,,,,,,
2011-09-16,6143X,COÍN,MALAGA,230,"24,2","0,0","18,8",05:51,"29,7",13:41,,,,,,,,,
2011-09-17,6143X,COÍN,MALAGA,230,"25,2","0,0","18,1",05:32,"32,4",12:53,,,,,,,,,
2011-09-18,6143X,COÍN,MALAGA,230,"26,8","0,0","19,1",05:26,"34,6",15:06,,,,,,,,,
2011-09-19,6143X,COÍN,MALAGA,230,"23,0","0,0","18,8",04:15,"27,3",14:24,,,,,,,,,
2011-09-20,6143X,COÍN,MALAGA,230,"23,3","0,0","17,8",04:03,"28,8",13:13,,,,,,,,,
2011-09-21,6143X,COÍN,MALAGA,230,"22,6","0,0","17,8",02:19,"27,4",11:02,,,,,,,,,
2011-09-22,6143X,COÍN,MALAGA,230,"24,1","0,0","17,0",Varias,"31,2",12:26,,,,,,,,,
2011-09-23,6143X,COÍN,MALAGA,230,"20,8","0,0","16,6",Varias,"24,9",11:35,,,,,,,,,
2011-09-24,6143X,COÍN,MALAGA,230,"22,0","0,0","15,2",06:05,"28,9",13:28,,,,,,,,,
2011-09-25,6143X,COÍN,MALAGA,230,"22,4","0,0","14,9",05:24,"30,0",14:16,,,,,,,,,
2011-09-26,6143X,COÍN,MALAGA,230,"22,2","0,0","17,2",06:18,"27,2",14:13,,,,,,,,,
2011-09-27,6143X,COÍN,MALAGA,230,"23,0","0,0","18,5",06:19,"27,5",14:17,,,,,,,,,
2011-09-28,6143X,COÍN,MALAGA,230,"23,8","0,0","20,3",05:11,"27,4",15:02,,,,,,,,,
2011-09-29,6143X,COÍN,MALAGA,230,"23,8","0,0","20,5",05:06,"27,1",12:54,,,,,,,,,
2011-09-30,6143X,COÍN,MALAGA,230,"24,0","0,0","20,7",06:04,"27,3",14:36,,,,,,,,,
2011-10-01,6143X,COÍN,MALAGA,230,"23,6","0,0","20,1",06:12,"27,1",11:42,,,,,,,,,
2011-10-02,6143X,COÍN,MALAGA,230,"22,8","0,0","18,7",Varias,"26,9",14:53,,,,,,,,,
2011-10-03,6143X,COÍN,MALAGA,230,"22,8","0,0","17,5",05:38,"28,1",10:01,,,,,,,,,
2011-10-04,6143X,COÍN,MALAGA,230,"22,2","0,0","16,6",06:14,"27,9",10:01,,,,,,,,,
2011-10-05,6143X,COÍN,MALAGA,230,"22,7","0,0","15,9",05:59,"29,5",13:41,,,,,,,,,
2011-10-06,6143X,COÍN,MALAGA,230,"22,8","0,0","15,9",05:38,"29,8",10:04,,,,,,,,,
2011-10-07,6143X,COÍN,MALAGA,230,"24,2","0,0","15,9",04:12,"32,4",12:31,,,,,,,,,
2011-10-08,6143X,COÍN,MALAGA,230,"21,9","0,0","18,5",04:16,"25,3",13:49,,,,,,,,,
2011-10-09,6143X,COÍN,MALAGA,230,"21,4","0,0","15,9",05:59,"26,8",10:05,,,,,,,,,
2011-10-10,6143X,COÍN,MALAGA,230,"21,4","0,0","15,2",04:23,"27,5",10:04,,,,,,,,,
2011-10-11,6143X,COÍN,MALAGA,230,"23,6","0,0","15,8",03:00,"31,5",10:08,,,,,,,,,
2011-10-12,6143X,COÍN,MALAGA,230,"23,6","0,0","16,2",05:33,"31,1",10:06,,,,,,,,,
2011-10-13,6143X,COÍN,MALAGA,230,"24,2","0,0","16,8",06:33,"31,6",10:10,,,,,,,,,
2011-10-14,6143X,COÍN,MALAGA,230,"22,9","0,0","16,6",23:57,"29,2",10:11,,,,,,,,,
2011-10-15,6143X,COÍN,MALAGA,230,"21,6","0,0","16,2",06:34,"27,0",11:43,,,,,,,,,
2011-10-16,6143X,COÍN,MALAGA,230,"21,8","0,0","16,0",04:45,"27,7",10:11,,,,,,,,,
2011-10-17,6143X,COÍN,MALAGA,230,"20,8","0,0","15,2",03:45,"26,4",10:12,,,,,,,,,
2011-10-18,6143X,COÍN,MALAGA,230,"19,3","0,0","14,7",23:55,"23,9",14:54,,,,,,,,,
2011-10-19,6143X,COÍN,MALAGA,230,"20,2","0,0","13,4",06:34,"26,9",10:13,,,,,,,,,
2011-10-20,6143X,COÍN,MALAGA,230,"20,7","0,0","13,5",05:01,"27,9",10:13,,,,,,,,,
2011-10-21,6143X,COÍN,MALAGA,230,"20,6","7,4","15,8",00:06,"25,3",14:18,,,,,,,,,
2011-10-22,6143X,COÍN,MALAGA,230,"16,7","53,8","13,9",08:47,"19,5",16:49,,,,,,,,,
2011-10-23,6143X,COÍN,MALAGA,230,"17,8","5,0","14,5",00:13,"21,0",14:30,,,,,,,,,
2011-10-24,6143X,COÍN,MALAGA,230,"16,8","18,6","13,3",23:46,"20,3",15:05,,,,,,,,,
2011-10-25,6143X,COÍN,MALAGA,230,"18,0","0,0","12,0",23:25,"23,9",10:18,,,,,,,,,
2011-10-26,6143X,COÍN,MALAGA,230,"15,3","11,6","10,8",06:29,"19,8",10:53,,,,,,,,,
2011-10-27,6143X,COÍN,MALAGA,230,"19,5","0,4","14,3",06:26,"24,7",10:17,,,,,,,,,
2011-10-28,6143X,COÍN,MALAGA,230,"18,1","0,0","13,4",05:07,"22,8",14:30,,,,,,,,,
2011-10-29,6143X,COÍN,MALAGA,230,"19,6","0,0","13,7",06:14,"25,6",10:19,,,,,,,,,
2011-10-30,6143X,COÍN,MALAGA,230,"20,8","0,0","13,8",05:55,"27,7",10:21,,,,,,,,,
2011-10-31,6143X,COÍN,MALAGA,230,"20,0","0,0","14,7",23:07,"25,4",13:06,,,,,,,,,
2011-11-01,6143X,COÍN,MALAGA,230,"18,4","0,0","13,3",05:53,"23,6",10:25,,,,,,,,,
2011-11-02,6143X,COÍN,MALAGA,230,"17,3","27,2","14,7",02:56,"19,9",15:31,,,,,,,,,
2011-11-03,6143X,COÍN,MALAGA,230,"17,6","22,4","14,4",23:58,"20,8",13:51,,,,,,,,,
2011-11-04,6143X,COÍN,MALAGA,230,"14,4","8,4","10,9",22:24,"18,0",14:46,,,,,,,,,
2011-11-05,6143X,COÍN,MALAGA,230,"15,0","0,0","11,7",03:01,"18,3",13:48,,,,,,,,,
2011-11-06,6143X,COÍN,MALAGA,230,"16,5","0,0","9,7",07:11,"23,3",14:50,,,,,,,,,
2011-11-07,6143X,COÍN,MALAGA,230,"16,2","0,0","10,5",00:03,"22,0",10:29,,,,,,,,,
2011-11-08,6143X,COÍN,MALAGA,230,"15,4","0,0","8,6",05:44,"22,2",10:29,,,,,,,,,
2011-11-09,6143X,COÍN,MALAGA,230,"16,4","0,0","8,8",06:00,"23,9",13:17,,,,,,,,,
2011-11-10,6143X,COÍN,MALAGA,230,"17,0","0,0","10,5",06:09,"23,5",10:31,,,,,,,,,
2011-11-11,6143X,COÍN,MALAGA,230,"18,0","0,0","11,1",02:43,"24,9",14:17,,,,,,,,,
2011-11-12,6143X,COÍN,MALAGA,230,"18,8","0,0","12,8",03:08,"24,9",14:22,,,,,,,,,
2011-11-13,6143X,COÍN,MALAGA,230,,"0,0",,,,,,,,,,,,,
2011-11-14,6143X,COÍN,MALAGA,230,"15,5","8,4","10,8",23:45,"20,2",09:51,,,,,,,,,
2011-11-15,6143X,COÍN,MALAGA,230,"16,6","0,0","9,8",04:30,"23,5",14:15,,,,,,,,,
2011-11-16,6143X,COÍN,MALAGA,230,"16,4","0,0","8,9",06:09,"23,8",14:27,,,,,,,,,
2011-11-17,6143X,COÍN,MALAGA,230,"15,2","2,4","9,0",04:36,"21,4",12:15,,,,,,,,,
2011-11-18,6143X,COÍN,MALAGA,230,"15,0","4,0","12,8",19:44,"17,3",10:56,,,,,,,,,
2011-11-19,6143X,COÍN,MALAGA,230,"12,8","14,4","10,2",22:11,"15,4",10:09,,,,,,,,,
2011-11-20,6143X,COÍN,MALAGA,230,"12,2","20,0","10,4",23:18,"14,1",11:34,,,,,,,,,
2011-11-21,6143X,COÍN,MALAGA,230,"15,4","0,0","8,5",06:22,"22,3",13:54,,,,,,,,,
2011-11-22,6143X,COÍN,MALAGA,230,"13,2","0,0","7,5",23:16,"18,8",13:58,,,,,,,,,
2011-11-23,6143X,COÍN,MALAGA,230,"15,3","0,0","7,4",04:12,"23,2",14:01,,,,,,,,,
2011-11-24,6143X,COÍN,MALAGA,230,"15,8","1,0","11,6",00:01,"19,9",14:21,,,,,,,,,
2011-11-25,6143X,COÍN,MALAGA,230,"17,0","0,0","9,9",05:31,"24,2",13:45,,,,,,,,,
2011-11-26,6143X,COÍN,MALAGA,230,"17,6","0,0","9,6",07:41,"25,7",13:47,,,,,,,,,
2011-11-27,6143X,COÍN,MALAGA,230,"15,8","0,0","7,6",06:20,"24,0",13:29,,,,,,,,,
2011-11-28,6143X,COÍN,MALAGA,230,"15,6","0,0","7,3",06:54,"23,9",13:55,,,,,,,,,
2011-11-29,6143X,COÍN,MALAGA,230,"15,5","0,0","7,3",06:23,"23,7",13:52,,,,,,,,,
2011-11-30,6143X,COÍN,MALAGA,230,"15,0","0,0","7,9",07:47,"22,1",13:41,,,,,,,,,
2011-12-01,6143X,COÍN,MALAGA,230,"15,4","0,0","10,1",23:56,"20,6",13:46,,,,,,,,,
2011-12-02,6143X,COÍN,MALAGA,230,"12,4","0,4","8,1",04:26,"16,6",11:52,,,,,,,,,
2011-12-03,6143X,COÍN,MALAGA,230,"14,6","0,0","7,8",23:56,"21,4",13:45,,,,,,,,,
2011-12-04,6143X,COÍN,MALAGA,230,"14,4","0,0","6,6",02:38,"22,1",13:29,,,,,,,,,
2011-12-05,6143X,COÍN,MALAGA,230,"13,8","0,0","7,1",06:54,"20,4",13:40,,,,,,,,,
2011-12-06,6143X,COÍN,MALAGA,230,"15,4","0,0","9,3",23:52,"21,4",13:17,,,,,,,,,
2011-12-07,6143X,COÍN,MALAGA,230,"15,8","0,0","7,2",06:50,"24,5",13:41,,,,,,,,,
2011-12-08,6143X,COÍN,MALAGA,230,"14,9","0,0","8,0",06:43,"21,8",13:27,,,,,,,,,
2011-12-09,6143X,COÍN,MALAGA,230,"13,4","0,0","7,9",01:37,"19,0",10:54,,,,,,,,,
2011-12-10,6143X,COÍN,MALAGA,230,"15,8","0,0","9,4",03:06,"22,3",13:28,,,,,,,,,
2011-12-11,6143X,COÍN,MALAGA,230,"14,2","0,0","9,2",04:36,"19,3",11:57,,,,,,,,,
2011-12-12,6143X,COÍN,MALAGA,230,"15,4","0,0","9,1",Varias,"21,7",13:11,,,,,,,,,
2011-12-13,6143X,COÍN,MALAGA,230,"14,0","0,0","7,9",04:01,"20,2",13:08,,,,,,,,,
2011-12-14,6143X,COÍN,MALAGA,230,"15,4","0,0","8,6",06:31,"22,1",13:39,,,,,,,,,
2011-12-15,6143X,COÍN,MALAGA,230,"13,6","0,0","7,6",23:56,"19,5",13:26,,,,,,,,,
2011-12-16,6143X,COÍN,MALAGA,230,"13,0","0,0","6,6",02:30,"19,3",14:53,,,,,,,,,
2011-12-17,6143X,COÍN,MALAGA,230,"13,6","0,0","8,6",22:25,"18,5",13:07,,,,,,,,,
2011-12-18,6143X,COÍN,MALAGA,230,"11,4","0,0","6,0",23:31,"16,7",13:11,,,,,,,,,
2011-12-19,6143X,COÍN,MALAGA,230,"12,4","0,0","6,0",00:31,"18,7",13:12,,,,,,,,,
2011-12-20,6143X,COÍN,MALAGA,230,"12,0","0,0","3,6",05:41,"20,5",13:13,,,,,,,,,
2011-12-21,6143X,COÍN,MALAGA,230,"16,9","0,0","9,5",02:29,"24,3",13:18,,,,,,,,,
2011-12-22,6143X,COÍN,MALAGA,230,"18,6","0,0","10,1",07:47,"27,0",13:29,,,,,,,,,
2011-12-23,6143X,COÍN,MALAGA,230,"17,0","0,0","8,8",07:39,"25,2",13:25,,,,,,,,,
2011-12-24,6143X,COÍN,MALAGA,230,"14,4","0,0","7,6",06:08,"21,3",13:21,,,,,,,,,
2011-12-25,6143X,COÍN,MALAGA,230,"12,8","0,0","9,1",23:04,"16,4",13:23,,,,,,,,,
2011-12-26,6143X,COÍN,MALAGA,230,"12,8","0,4","9,5",00:18,"16,2",13:12,,,,,,,,,
2011-12-27,6143X,COÍN,MALAGA,230,"13,9","0,0","7,8",24:00,"20,0",12:56,,,,,,,,,
2011-12-28,6143X,COÍN,MALAGA,230,"13,6","0,0","5,5",06:55,"21,6",13:11,,,,,,,,,
2011-12-29,6143X,COÍN,MALAGA,230,"14,6","0,0","6,7",04:17,"22,5",13:39,,,,,,,,,
2011-12-30,6143X,COÍN,MALAGA,230,"12,7","0,0","4,4",08:05,"21,0",13:35,,,,,,,,,
2011-12-31,6143X,COÍN,MALAGA,230,"15,7","0,0","7,7",03:29,"23,7",12:58,,,,,,,,,
2012-01-01,6143X,COÍN,MALAGA,230,"16,4","0,0","7,6",07:40,"25,1",13:41,,,,,,,,,
2012-01-02,6143X,COÍN,MALAGA,230,"14,8","0,0","9,1",07:32,"20,4",11:04,,,,,,,,,
2012-01-03,6143X,COÍN,MALAGA,230,"14,8","0,0","6,5",06:53,"23,0",13:50,,,,,,,,,
2012-01-04,6143X,COÍN,MALAGA,230,"16,6","0,0","6,7",04:07,"26,5",13:28,,,,,,,,,
2012-01-05,6143X,COÍN,MALAGA,230,"16,4","0,0","5,6",06:33,"27,2",13:53,,,,,,,,,
2012-01-06,6143X,COÍN,MALAGA,230,"20,3","0,0","11,6",03:27,"29,0",13:53,,,,,,,,,
2012-01-07,6143X,COÍN,MALAGA,230,"15,9","0,0","9,6",23:48,"22,2",11:07,,,,,,,,,
2012-01-08,6143X,COÍN,MALAGA,230,"13,1","0,0","7,0",Varias,"19,2",15:09,,,,,,,,,
2012-01-09,6143X,COÍN,MALAGA,230,"12,4","0,0","4,3",06:22,"20,6",13:42,,,,,,,,,
2012-01-10,6143X,COÍN,MALAGA,230,"12,8","0,0","9,6",02:35,"16,0",13:03,,,,,,,,,
2012-01-11,6143X,COÍN,MALAGA,230,"13,9","0,0","9,5",06:34,"18,3",14:14,,,,,,,,,
2012-01-12,6143X,COÍN,MALAGA,230,"12,4","0,0","10,1",21:31,"14,7",14:19,,,,,,,,,
2012-01-13,6143X,COÍN,MALAGA,230,"13,6","0,0","8,8",21:44,"18,3",13:55,,,,,,,,,
2012-01-14,6143X,COÍN,MALAGA,230,"13,1","0,0","5,8",05:29,"20,4",11:08,,,,,,,,,
2012-01-15,6143X,COÍN,MALAGA,230,"12,0","0,2","6,6",Varias,"17,5",12:46,,,,,,,,,
2012-01-16,6143X,COÍN,MALAGA,230,"8,6","4,0","6,2",18:43,"10,9",00:50,,,,,,,,,
2012-01-17,6143X,COÍN,MALAGA,230,"14,5","0,0","6,7",06:56,"22,3",14:18,,,,,,,,,
2012-01-18,6143X,COÍN,MALAGA,230,"12,3","0,2","5,3",07:27,"19,3",11:08,,,,,,,,,
2012-01-19,6143X,COÍN,MALAGA,230,"13,6","0,0","7,0",Varias,"20,1",14:16,,,,,,,,,
2012-01-20,6143X,COÍN,MALAGA,230,"13,5","0,0","5,1",06:44,"21,9",14:21,,,,,,,,,
2012-01-21,6143X,COÍN,MALAGA,230,"13,0","0,0","5,3",07:14,"20,7",13:33,,,,,,,,,
2012-01-22,6143X,COÍN,MALAGA,230,"12,8","0,0","5,6",06:07,"19,9",11:05,,,,,,,,,
2012-01-23,6143X,COÍN,MALAGA,230,"13,5","0,0","5,8",06:52,"21,2",14:26,,,,,,,,,
2012-01-24,6143X,COÍN,MALAGA,230,"14,4","0,0","7,0",Varias,"21,8",14:40,,,,,,,,,
2012-01-25,6143X,COÍN,MALAGA,230,"13,0","0,0","6,1",07:52,"19,8",11:06,,,,,,,,,
2012-01-26,6143X,COÍN,MALAGA,230,"13,8","0,0","6,0",06:19,"21,7",14:40,,,,,,,,,
2012-01-27,6143X,COÍN,MALAGA,230,"11,4","25,4","7,9",05:21,"15,0",11:10,,,,,,,,,
2012-01-28,6143X,COÍN,MALAGA,230,"12,2","0,0","7,6",23:45,"16,9",14:35,,,,,,,,,
2012-01-29,6143X,COÍN,MALAGA,230,"11,1","0,0","6,0",06:05,"16,2",15:03,,,,,,,,,
2012-01-30,6143X,COÍN,MALAGA,230,"11,8","0,0","4,9",05:45,"18,7",14:45,,,,,,,,,
2012-01-31,6143X,COÍN,MALAGA,230,"11,4","0,0","5,6",01:47,"17,3",15:30,,,,,,,,,
2012-02-01,6143X,COÍN,MALAGA,230,"16,0","0,0","6,0",06:23,"26,0",16:18,,,,,,,,,
2012-02-02,6143X,COÍN,MALAGA,230,"8,6","0,8","5,0",23:59,"12,1",14:24,,,,,,,,,
2012-02-03,6143X,COÍN,MALAGA,230,"5,3","0,0","1,6",07:18,"9,0",16:19,,,,,,,,,
2012-02-04,6143X,COÍN,MALAGA,230,"5,2","0,0","0,8",07:00,"9,5",16:28,,,,,,,,,
2012-02-05,6143X,COÍN,MALAGA,230,"10,2","0,0","4,2",04:18,"16,2",15:35,,,,,,,,,
2012-02-06,6143X,COÍN,MALAGA,230,"12,8","0,0","7,2",06:28,"18,4",14:35,,,,,,,,,
2012-02-07,6143X,COÍN,MALAGA,230,"13,4","0,0","7,2",07:11,"19,5",14:53,,,,,,,,,
2012-02-08,6143X,COÍN,MALAGA,230,"7,8","0,0","2,9",23:58,"12,6",15:43,,,,,,,,,
2012-02-09,6143X,COÍN,MALAGA,230,"7,2","0,0","0,1",04:41,"14,4",13:38,,,,,,,,,
2012-02-10,6143X,COÍN,MALAGA,230,"9,3","0,0","2,4",03:44,"16,2",15:36,,,,,,,,,
2012-02-11,6143X,COÍN,MALAGA,230,"10,2","0,0","3,5",05:13,"16,9",13:05,,,,,,,,,
2012-02-12,6143X,COÍN,MALAGA,230,"6,6","0,0","1,6",05:45,"11,6",15:22,,,,,,,,,
2012-02-13,6143X,COÍN,MALAGA,230,"7,7","0,0","-0,3",07:05,"15,7",15:18,,,,,,,,,
2012-02-14,6143X,COÍN,MALAGA,230,"9,2","0,0","2,6",03:27,"15,7",14:33,,,,,,,,,
2012-02-15,6143X,COÍN,MALAGA,230,"10,4","0,0","5,2",04:37,"15,6",16:05,,,,,,,,,
2012-02-16,6143X,COÍN,MALAGA,230,"9,7","2,4","2,5",06:17,"16,9",15:00,,,,,,,,,
2012-02-17,6143X,COÍN,MALAGA,230,"7,5","8,8","6,2",04:41,"8,8",Varias,,,,,,,,,
2012-02-18,6143X,COÍN,MALAGA,230,"11,8","0,2","6,6",23:43,"16,9",14:39,,,,,,,,,
2012-02-19,6143X,COÍN,MALAGA,230,"12,0","0,0","4,8",06:40,"19,3",15:00,,,,,,,,,
2012-02-20,6143X,COÍN,MALAGA,230,"13,0","0,0","5,9",07:15,"20,0",13:04,,,,,,,,,
2012-02-21,6143X,COÍN,MALAGA,230,"11,0","0,0","5,7",06:44,"16,4",11:26,,,,,,,,,
2012-02-22,6143X,COÍN,MALAGA,230,"11,6","0,0","6,1",06:40,"17,2",13:11,,,,,,,,,
2012-02-23,6143X,COÍN,MALAGA,230,"11,3","0,0","4,4",06:40,"18,2",12:39,,,,,,,,,
2012-02-24,6143X,COÍN,MALAGA,230,"11,7","0,0","5,0",05:57,"18,4",12:46,,,,,,,,,
2012-02-25,6143X,COÍN,MALAGA,230,"13,8","0,0","5,1",07:13,"22,6",15:03,,,,,,,,,
2012-02-26,6143X,COÍN,MALAGA,230,"14,9","0,0","7,4",05:14,"22,4",14:56,,,,,,,,,
2012-02-27,6143X,COÍN,MALAGA,230,"16,2","0,0","8,7",03:11,"23,7",12:50,,,,,,,,,
2012-02-28,6143X,COÍN,MALAGA,230,"12,8","0,0","7,6",06:47,"18,0",14:21,,,,,,,,,
2012-02-29,6143X,COÍN,MALAGA,230,"12,8","0,0","7,8",06:33,"17,8",14:59,,,,,,,,,
2012-03-01,6143X,COÍN,MALAGA,230,"12,8","1,4","6,1",06:59,"19,6",14:22,,,,,,,,,
2012-03-02,6143X,COÍN,MALAGA,230,"12,0","1,4","7,8",07:23,"16,1",10:30,,,,,,,,,
2012-03-03,6143X,COÍN,MALAGA,230,"14,5","0,0","6,6",04:58,"22,4",15:14,,,,,,,,,
2012-03-04,6143X,COÍN,MALAGA,230,"16,2","0,0","8,8",04:58,"23,7",16:10,,,,,,,,,
2012-03-05,6143X,COÍN,MALAGA,230,"17,2","0,0","10,1",06:26,"24,2",14:42,,,,,,,,,
2012-03-06,6143X,COÍN,MALAGA,230,"15,5","0,0","9,3",06:47,"21,7",13:38,,,,,,,,,
2012-03-07,6143X,COÍN,MALAGA,230,"13,7","0,0","7,8",07:06,"19,6",11:55,,,,,,,,,
2012-03-08,6143X,COÍN,MALAGA,230,"14,0","0,0","5,8",04:16,"22,2",15:28,,,,,,,,,
2012-03-09,6143X,COÍN,MALAGA,230,"12,4","0,0","7,9",23:52,"16,9",13:31,,,,,,,,,
2012-03-10,6143X,COÍN,MALAGA,230,"11,6","0,0","7,1",23:58,"16,2",15:16,,,,,,,,,
2012-03-11,6143X,COÍN,MALAGA,230,"11,8","0,0","5,3",06:40,"18,2",11:08,,,,,,,,,
2012-03-12,6143X,COÍN,MALAGA,230,"14,2","0,0","6,2",04:51,"22,3",15:46,,,,,,,,,
2012-03-13,6143X,COÍN,MALAGA,230,"14,9","0,0","7,5",04:28,"22,3",13:23,,,,,,,,,
2012-03-14,6143X,COÍN,MALAGA,230,"15,5","0,0","7,8",04:20,"23,2",13:02,,,,,,,,,
2012-03-15,6143X,COÍN,MALAGA,230,"15,6","0,0","9,5",02:32,"21,6",Varias,,,,,,,,,
2012-03-16,6143X,COÍN,MALAGA,230,"14,7","0,0","8,2",06:10,"21,2",15:42,,,,,,,,,
2012-03-17,6143X,COÍN,MALAGA,230,"17,2","0,0","9,0",05:20,"25,3",15:52,,,,,,,,,
2012-03-18,6143X,COÍN,MALAGA,230,"15,5","0,0","9,1",06:33,"21,9",14:44,,,,,,,,,
2012-03-19,6143X,COÍN,MALAGA,230,"14,1","3,0","8,2",06:33,"20,0",15:44,,,,,,,,,
2012-03-20,6143X,COÍN,MALAGA,230,"12,6","0,0","7,2",23:59,"18,1",13:35,,,,,,,,,
2012-03-21,6143X,COÍN,MALAGA,230,"12,3","0,0","4,8",05:47,"19,8",14:08,,,,,,,,,
2012-03-22,6143X,COÍN,MALAGA,230,"12,4","0,0","6,5",05:47,"18,2",13:08,,,,,,,,,
2012-03-23,6143X,COÍN,MALAGA,230,"14,2","0,0","9,2",04:34,"19,1",14:19,,,,,,,,,
2012-03-24,6143X,COÍN,MALAGA,230,"14,6","0,0","11,7",23:56,"17,5",13:07,,,,,,,,,
2012-03-25,6143X,COÍN,MALAGA,230,"15,2","0,0","11,1",00:47,"19,3",14:28,,,,,,,,,
2012-03-26,6143X,COÍN,MALAGA,230,"15,3","0,0","12,1",03:01,"18,5",12:15,,,,,,,,,
2012-03-27,6143X,COÍN,MALAGA,230,"15,5","0,0","11,1",05:31,"19,9",16:03,,,,,,,,,
2012-03-28,6143X,COÍN,MALAGA,230,"15,2","0,0","11,6",05:48,"18,9",14:49,,,,,,,,,
2012-03-29,6143X,COÍN,MALAGA,230,"14,0","0,0","11,1",21:50,"16,9",13:15,,,,,,,,,
2012-03-30,6143X,COÍN,MALAGA,230,"15,0","0,0","9,5",06:07,"20,5",11:47,,,,,,,,,
2012-03-31,6143X,COÍN,MALAGA,230,"14,2","1,4","10,4",05:06,"17,9",16:24,,,,,,,,,
2012-04-01,6143X,COÍN,MALAGA,230,"15,4","0,0","9,5",06:08,"21,3",14:11,,,,,,,,,
2012-04-02,6143X,COÍN,MALAGA,230,"14,3","5,2","10,0",03:46,"18,6",10:45,,,,,,,,,
2012-04-03,6143X,COÍN,MALAGA,230,"15,9","2,0","11,2",21:46,"20,6",13:46,,,,,,,,,
2012-04-04,6143X,COÍN,MALAGA,230,"14,7","0,0","10,2",Varias,"19,2",12:35,,,,,,,,,
2012-04-05,6143X,COÍN,MALAGA,230,"13,2","0,0","7,8",05:44,"18,6",15:05,,,,,,,,,
2012-04-06,6143X,COÍN,MALAGA,230,"11,4","1,2","5,5",05:25,"17,2",11:58,,,,,,,,,
2012-04-07,6143X,COÍN,MALAGA,230,"14,1","0,0","6,8",06:07,"21,4",16:12,,,,,,,,,
2012-04-08,6143X,COÍN,MALAGA,230,"15,4","0,0","8,3",05:38,"22,4",11:38,,,,,,,,,
2012-04-09,6143X,COÍN,MALAGA,230,"17,7","0,0","9,0",05:57,"26,4",13:23,,,,,,,,,
2012-04-10,6143X,COÍN,MALAGA,230,"17,9","0,0","12,5",03:42,"23,3",12:13,,,,,,,,,
2012-04-11,6143X,COÍN,MALAGA,230,"18,0","0,0","11,7",05:52,"24,3",14:18,,,,,,,,,
2012-04-12,6143X,COÍN,MALAGA,230,"17,0","0,0","12,7",03:30,"21,4",15:27,,,,,,,,,
2012-04-13,6143X,COÍN,MALAGA,230,"15,6","0,0","11,4",05:59,"19,8",14:37,,,,,,,,,
2012-04-14,6143X,COÍN,MALAGA,230,"14,7","1,0","12,0",21:04,"17,4",10:06,,,,,,,,,
2012-04-15,6143X,COÍN,MALAGA,230,"14,1","0,0","10,5",05:57,"17,7",15:30,,,,,,,,,
2012-04-16,6143X,COÍN,MALAGA,230,"14,9","0,0","9,9",Varias,"19,9",16:28,,,,,,,,,
2012-04-17,6143X,COÍN,MALAGA,230,"17,0","0,0","9,0",05:48,"25,1",15:18,,,,,,,,,
2012-04-18,6143X,COÍN,MALAGA,230,"16,6","0,0","12,0",04:03,"21,2",14:00,,,,,,,,,
2012-04-19,6143X,COÍN,MALAGA,230,"16,0","0,0","12,6",02:38,"19,4",14:36,,,,,,,,,
2012-04-20,6143X,COÍN,MALAGA,230,"18,2","0,0","12,8",04:47,"23,7",16:08,,,,,,,,,
2012-04-21,6143X,COÍN,MALAGA,230,"19,2","0,0","12,5",05:52,"25,8",15:19,,,,,,,,,
2012-04-22,6143X,COÍN,MALAGA,230,"19,6","0,0","13,0",05:23,"26,3",13:27,,,,,,,,,
2012-04-23,6143X,COÍN,MALAGA,230,"18,9","0,0","12,2",05:37,"25,6",14:55,,,,,,,,,
2012-04-24,6143X,COÍN,MALAGA,230,"19,4","0,0","12,6",04:06,"26,2",15:22,,,,,,,,,
2012-04-25,6143X,COÍN,MALAGA,230,"17,8","0,0","11,5",04:31,"24,2",14:40,,,,,,,,,
2012-04-26,6143X,COÍN,MALAGA,230,"18,5","0,0","10,0",04:47,"27,0",15:13,,,,,,,,,
2012-04-27,6143X,COÍN,MALAGA,230,"20,0","6,0","13,7",04:01,"26,4",14:04,,,,,,,,,
2012-04-28,6143X,COÍN,MALAGA,230,"13,4","18,0","9,7",23:37,"17,1",00:01,,,,,,,,,
2012-04-29,6143X,COÍN,MALAGA,230,"10,8","12,4","8,1",01:18,"13,4",09:43,,,,,,,,,
2012-04-30,6143X,COÍN,MALAGA,230,"11,8","14,2","6,3",05:10,"17,3",11:47,,,,,,,,,
2012-05-01,6143X,COÍN,MALAGA,230,"13,8","0,0","7,2",04:22,"20,3",15:23,,,,,,,,,
2012-05-02,6143X,COÍN,MALAGA,230,"15,6","0,0","8,2",04:36,"23,0",15:38,,,,,,,,,
2012-05-03,6143X,COÍN,MALAGA,230,"15,6","0,2","9,2",04:43,"22,1",11:35,,,,,,,,,
2012-05-04,6143X,COÍN,MALAGA,230,"16,2","0,0","10,5",04:31,"21,9",16:15,,,,,,,,,
2012-05-05,6143X,COÍN,MALAGA,230,"15,4","6,6","11,9",23:53,"19,0",17:11,,,,,,,,,
2012-05-06,6143X,COÍN,MALAGA,230,"18,4","0,0","12,1",00:01,"24,7",15:17,,,,,,,,,
2012-05-07,6143X,COÍN,MALAGA,230,"18,2","0,0","11,5",05:25,"24,8",14:58,,,,,,,,,
2012-05-08,6143X,COÍN,MALAGA,230,"20,4","0,0","13,0",04:39,"27,8",15:44,,,,,,,,,
2012-05-09,6143X,COÍN,MALAGA,230,"22,6","0,0","15,6",03:12,"29,5",14:56,,,,,,,,,
2012-05-10,6143X,COÍN,MALAGA,230,"24,2","0,0","16,5",04:35,"32,0",15:16,,,,,,,,,
2012-05-11,6143X,COÍN,MALAGA,230,"23,2","0,0","16,4",03:09,"30,1",16:19,,,,,,,,,
2012-05-12,6143X,COÍN,MALAGA,230,"24,0","0,0","16,3",04:52,"31,8",15:47,,,,,,,,,
2012-05-13,6143X,COÍN,MALAGA,230,"26,0","0,0","17,0",05:22,"35,1",16:27,,,,,,,,,
2012-05-14,6143X,COÍN,MALAGA,230,"27,8","0,0","20,2",23:07,"35,4",09:56,,,,,,,,,
2012-05-15,6143X,COÍN,MALAGA,230,"23,8","0,0","17,7",23:52,"29,8",08:40,,,,,,,,,
2012-05-16,6143X,COÍN,MALAGA,230,"21,4","0,0","15,5",05:33,"27,2",11:01,,,,,,,,,
2012-05-17,6143X,COÍN,MALAGA,230,"19,7","0,0","14,6",03:53,"24,8",11:01,,,,,,,,,
2012-05-18,6143X,COÍN,MALAGA,230,"22,6","0,0","14,3",03:25,"30,9",14:29,,,,,,,,,
2012-05-19,6143X,COÍN,MALAGA,230,"19,6","2,6","14,2",23:43,"24,9",15:30,,,,,,,,,
2012-05-20,6143X,COÍN,MALAGA,230,"15,3","1,0","11,0",05:32,"19,6",15:19,,,,,,,,,
2012-05-21,6143X,COÍN,MALAGA,230,"18,4","0,0","12,9",02:15,"24,0",14:21,,,,,,,,,
2012-05-22,6143X,COÍN,MALAGA,230,"20,8","0,0","12,2",04:24,"29,5",15:51,,,,,,,,,
2012-05-23,6143X,COÍN,MALAGA,230,"22,2","0,0","14,1",04:38,"30,2",11:42,,,,,,,,,
2012-05-24,6143X,COÍN,MALAGA,230,"22,7","0,0","16,0",03:55,"29,4",16:13,,,,,,,,,
2012-05-25,6143X,COÍN,MALAGA,230,"22,2","0,0","14,7",05:09,"29,6",12:14,,,,,,,,,
2012-05-26,6143X,COÍN,MALAGA,230,"25,0","0,0","16,2",04:42,"33,9",15:50,,,,,,,,,
2012-05-27,6143X,COÍN,MALAGA,230,"25,1","0,0","17,1",04:48,"33,1",14:45,,,,,,,,,
2012-05-28,6143X,COÍN,MALAGA,230,"22,8","0,0","16,7",23:53,"28,9",11:02,,,,,,,,,
2012-05-29,6143X,COÍN,MALAGA,230,"21,6","0,0","15,0",05:18,"28,1",15:45,,,,,,,,,
2012-05-30,6143X,COÍN,MALAGA,230,"23,4","0,0","16,6",04:46,"30,1",15:11,,,,,,,,,
2012-05-31,6143X,COÍN,MALAGA,230,"26,3","0,0","19,1",00:16,"33,5",14:01,,,,,,,,,
2012-06-01,6143X,COÍN,MALAGA,230,"26,1","0,0","20,7",00:29,"31,5",17:05,,,,,,,,,
2012-06-02,6143X,COÍN,MALAGA,230,"26,9","0,0","19,3",04:19,"34,5",13:34,,,,,,,,,
2012-06-03,6143X,COÍN,MALAGA,230,"26,8","0,0","20,8",05:15,"32,7",15:49,,,,,,,,,
2012-06-04,6143X,COÍN,MALAGA,230,"27,8","0,0","20,2",Varias,"35,5",14:14,,,,,,,,,
2012-06-05,6143X,COÍN,MALAGA,230,"24,4","0,0","18,1",04:01,"30,6",13:51,,,,,,,,,
2012-06-06,6143X,COÍN,MALAGA,230,"26,2","0,0","18,1",01:17,"34,2",11:01,,,,,,,,,
2012-06-07,6143X,COÍN,MALAGA,230,"28,9","0,0","21,6",05:15,"36,2",12:56,,,,,,,,,
2012-06-08,6143X,COÍN,MALAGA,230,"25,4","0,0","19,4",05:15,"31,5",13:06,,,,,,,,,
2012-06-09,6143X,COÍN,MALAGA,230,"25,6","0,0","18,5",05:17,"32,7",13:13,,,,,,,,,
2012-06-10,6143X,COÍN,MALAGA,230,"28,2","0,0","20,2",05:19,"36,2",16:44,,,,,,,,,
2012-06-11,6143X,COÍN,MALAGA,230,"27,7","0,0","22,6",24:00,"32,8",14:04,,,,,,,,,
2012-06-12,6143X,COÍN,MALAGA,230,"25,4","0,0","18,2",05:00,"32,7",15:46,,,,,,,,,
2012-06-13,6143X,COÍN,MALAGA,230,"22,8","0,0","16,3",04:53,"29,2",14:54,,,,,,,,,
2012-06-14,6143X,COÍN,MALAGA,230,"21,8","0,0","16,3",05:11,"27,3",12:56,,,,,,,,,
2012-06-15,6143X,COÍN,MALAGA,230,"23,4","0,0","15,9",04:15,"30,9",10:53,,,,,,,,,
2012-06-16,6143X,COÍN,MALAGA,230,"26,6","0,0","18,5",04:26,"34,6",11:57,,,,,,,,,
2012-06-17,6143X,COÍN,MALAGA,230,"24,0","0,0","18,2",04:52,"29,8",11:15,,,,,,,,,
2012-06-18,6143X,COÍN,MALAGA,230,"25,4","0,0","18,2",05:00,"32,5",13:17,,,,,,,,,
2012-06-19,6143X,COÍN,MALAGA,230,"25,5","0,0","19,9",05:00,"31,1",17:55,,,,,,,,,
2012-06-20,6143X,COÍN,MALAGA,230,"26,6","0,0","18,7",05:18,"34,5",16:48,,,,,,,,,
2012-06-21,6143X,COÍN,MALAGA,230,"26,4","0,0","18,6",05:10,"34,2",15:54,,,,,,,,,
2012-06-22,6143X,COÍN,MALAGA,230,"28,1","0,0","20,7",04:19,"35,5",11:42,,,,,,,,,
2012-06-23,6143X,COÍN,MALAGA,230,"24,4","0,0","19,3",04:05,"29,6",15:08,,,,,,,,,
2012-06-24,6143X,COÍN,MALAGA,230,"25,4","0,0","19,9",02:45,"30,9",15:48,,,,,,,,,
2012-06-25,6143X,COÍN,MALAGA,230,"27,0","0,0","20,8",Varias,"33,2",15:11,,,,,,,,,
2012-06-26,6143X,COÍN,MALAGA,230,"27,0","0,0","20,2",03:03,"33,7",14:35,,,,,,,,,
2012-06-27,6143X,COÍN,MALAGA,230,"28,6","0,0","22,2",03:40,"35,0",11:16,,,,,,,,,
2012-06-28,6143X,COÍN,MALAGA,230,"30,3","0,0","23,0",05:32,"37,6",16:07,,,,,,,,,
2012-06-29,6143X,COÍN,MALAGA,230,"31,2","0,0","21,9",05:17,"40,4",14:39,,,,,,,,,
2012-06-30,6143X,COÍN,MALAGA,230,"27,4","0,0","19,9",04:26,"34,9",15:47,,,,,,,,,
2012-07-01,6143X,COÍN,MALAGA,230,"27,1","0,0","20,5",04:43,"33,7",15:51,,,,,,,,,
2012-07-02,6143X,COÍN,MALAGA,230,"24,3","0,0","18,4",Varias,"30,2",16:53,,,,,,,,,
2012-07-03,6143X,COÍN,MALAGA,230,"24,2","0,0","17,9",05:18,"30,4",12:02,,,,,,,,,
2012-07-04,6143X,COÍN,MALAGA,230,"27,0","0,0","18,4",04:03,"35,5",16:31,,,,,,,,,
2012-07-05,6143X,COÍN,MALAGA,230,"29,2","0,0","22,3",05:24,"36,2",15:54,,,,,,,,,
2012-07-06,6143X,COÍN,MALAGA,230,"27,6","0,0","19,3",05:23,"35,8",12:30,,,,,,,,,
2012-07-07,6143X,COÍN,MALAGA,230,"25,6","0,0","19,3",04:11,"31,9",15:56,,,,,,,,,
2012-07-08,6143X,COÍN,MALAGA,230,"28,4","0,0","19,7",03:03,"37,2",16:36,,,,,,,,,
2012-07-09,6143X,COÍN,MALAGA,230,"27,1","0,0","21,4",05:21,"32,8",11:30,,,,,,,,,
2012-07-10,6143X,COÍN,MALAGA,230,"29,6","0,0","20,2",05:09,"39,0",16:13,,,,,,,,,
2012-07-11,6143X,COÍN,MALAGA,230,"29,6","0,0","20,5",05:32,"38,7",15:12,,,,,,,,,
2012-07-12,6143X,COÍN,MALAGA,230,"27,6","0,0","21,7",05:16,"33,6",13:33,,,,,,,,,
2012-07-13,6143X,COÍN,MALAGA,230,"28,2","0,0","21,0",04:51,"35,3",14:19,,,,,,,,,
2012-07-14,6143X,COÍN,MALAGA,230,"31,4","0,0","24,1",00:45,"38,8",15:04,,,,,,,,,
2012-07-15,6143X,COÍN,MALAGA,230,"26,0","0,0","21,8",04:41,"30,1",14:49,,,,,,,,,
2012-07-16,6143X,COÍN,MALAGA,230,"25,1","0,0","21,6",24:00,"28,6",13:13,,,,,,,,,
2012-07-17,6143X,COÍN,MALAGA,230,"26,2","0,0","20,8",05:01,"31,5",15:01,,,,,,,,,
2012-07-18,6143X,COÍN,MALAGA,230,"26,2","0,0","19,9",04:53,"32,4",14:48,,,,,,,,,
2012-07-19,6143X,COÍN,MALAGA,230,"26,3","0,0","19,4",04:55,"33,2",13:04,,,,,,,,,
2012-07-20,6143X,COÍN,MALAGA,230,"30,5","0,0","21,6",04:06,"39,4",14:36,,,,,,,,,
2012-07-21,6143X,COÍN,MALAGA,230,"30,5","0,0","22,9",Varias,"38,1",11:06,,,,,,,,,
2012-07-22,6143X,COÍN,MALAGA,230,"26,4","0,0","20,5",04:21,"32,4",17:08,,,,,,,,,
2012-07-23,6143X,COÍN,MALAGA,230,"25,4","0,0","21,9",04:45,"28,9",13:47,,,,,,,,,
2012-07-24,6143X,COÍN,MALAGA,230,"24,8","0,0","20,0",05:34,"29,5",17:16,,,,,,,,,
2012-07-25,6143X,COÍN,MALAGA,230,"25,6","0,6","20,4",05:49,"30,7",11:48,,,,,,,,,
2012-07-26,6143X,COÍN,MALAGA,230,"25,8","0,0","20,0",05:21,"31,6",16:04,,,,,,,,,
2012-07-27,6143X,COÍN,MALAGA,230,"26,8","0,0","19,3",05:44,"34,2",14:01,,,,,,,,,
2012-07-28,6143X,COÍN,MALAGA,230,"27,0","0,0","18,2",05:37,"35,9",16:15,,,,,,,,,
2012-07-29,6143X,COÍN,MALAGA,230,"27,6","0,0","20,9",05:26,"34,4",11:15,,,,,,,,,
2012-07-30,6143X,COÍN,MALAGA,230,"26,4","0,0","20,3",04:13,"32,6",16:31,,,,,,,,,
2012-07-31,6143X,COÍN,MALAGA,230,"28,2","0,0","21,1",05:46,"35,2",14:32,,,,,,,,,
2012-08-01,6143X,COÍN,MALAGA,230,,"0,0",,,,,,,,,,,,,
2012-08-02,6143X,COÍN,MALAGA,230,,"0,0",,,,,,,,,,,,,
2012-08-03,6143X,COÍN,MALAGA,230,,"0,0",,,,,,,,,,,,,
2012-08-04,6143X,COÍN,MALAGA,230,,"0,0",,,,,,,,,,,,,
2012-08-05,6143X,COÍN,MALAGA,230,,"0,0",,,,,,,,,,,,,
2012-08-06,6143X,COÍN,MALAGA,230,,"0,0",,,,,,,,,,,,,
2012-08-07,6143X,COÍN,MALAGA,230,"24,6","0,0","19,2",04:43,"30,1",15:28,,,,,,,,,
2012-08-08,6143X,COÍN,MALAGA,230,"26,2","0,0","23,0",24:00,"29,5",Varias,,,,,,,,,
2012-08-09,6143X,COÍN,MALAGA,230,"28,8","0,0","21,5",05:41,"36,1",16:00,,,,,,,,,
2012-08-10,6143X,COÍN,MALAGA,230,"31,2","0,0","21,8",02:48,"40,6",12:06,,,,,,,,,
2012-08-11,6143X,COÍN,MALAGA,230,"35,6","1,6","27,6",02:59,"43,6",12:00,,,,,,,,,
2012-08-12,6143X,COÍN,MALAGA,230,"34,4","0,0","26,0",23:48,"42,9",15:38,,,,,,,,,
2012-08-13,6143X,COÍN,MALAGA,230,"30,0","0,0","22,3",05:25,"37,8",14:55,,,,,,,,,
2012-08-14,6143X,COÍN,MALAGA,230,"27,8","0,0","20,6",05:37,"35,0",11:36,,,,,,,,,
2012-08-15,6143X,COÍN,MALAGA,230,"28,4","0,0","20,1",05:54,"36,7",15:59,,,,,,,,,
2012-08-16,6143X,COÍN,MALAGA,230,"29,6","0,0","21,5",05:54,"37,6",13:54,,,,,,,,,
2012-08-17,6143X,COÍN,MALAGA,230,"29,6","0,0","22,6",05:00,"36,5",14:12,,,,,,,,,
2012-08-18,6143X,COÍN,MALAGA,230,"28,4","0,0","23,2",03:54,"33,7",11:34,,,,,,,,,
2012-08-19,6143X,COÍN,MALAGA,230,"30,5","0,0","24,7",00:37,"36,3",16:35,,,,,,,,,
2012-08-20,6143X,COÍN,MALAGA,230,"28,9","0,0","22,5",05:27,"35,3",16:16,,,,,,,,,
2012-08-21,6143X,COÍN,MALAGA,230,"28,8","0,0","22,2",05:30,"35,3",16:14,,,,,,,,,
2012-08-22,6143X,COÍN,MALAGA,230,"28,8","0,0","21,7",24:00,"35,8",14:56,,,,,,,,,
2012-08-23,6143X,COÍN,MALAGA,230,"29,4","0,0","19,5",05:27,"39,2",14:15,,,,,,,,,
2012-08-24,6143X,COÍN,MALAGA,230,"30,5","0,0","22,9",06:01,"38,1",Varias,,,,,,,,,
2012-08-25,6143X,COÍN,MALAGA,230,"29,7","0,0","22,5",04:32,"36,9",15:41,,,,,,,,,
2012-08-26,6143X,COÍN,MALAGA,230,"30,6","0,0","23,1",23:57,"38,1",13:52,,,,,,,,,
2012-08-27,6143X,COÍN,MALAGA,230,"26,4","0,0","21,3",05:48,"31,4",15:21,,,,,,,,,
2012-08-28,6143X,COÍN,MALAGA,230,"27,8","0,0","21,1",05:44,"34,4",15:52,,,,,,,,,
2012-08-29,6143X,COÍN,MALAGA,230,"28,0","0,0","21,3",05:49,"34,8",10:47,,,,,,,,,
2012-08-30,6143X,COÍN,MALAGA,230,"29,9","0,0","21,9",05:54,"37,9",14:49,,,,,,,,,
2012-08-31,6143X,COÍN,MALAGA,230,"25,4","0,0","21,5",Varias,"29,2",14:55,,,,,,,,,
2012-09-01,6143X,COÍN,MALAGA,230,"24,7","0,0","19,9",23:57,"29,5",16:06,,,,,,,,,
2012-09-02,6143X,COÍN,MALAGA,230,"22,9","0,0","18,0",06:03,"27,8",15:43,,,,,,,,,
2012-09-03,6143X,COÍN,MALAGA,230,"22,9","0,0","18,4",05:53,"27,4",15:29,,,,,,,,,
2012-09-04,6143X,COÍN,MALAGA,230,"23,2","0,0","16,9",05:52,"29,4",13:45,,,,,,,,,
2012-09-05,6143X,COÍN,MALAGA,230,"23,4","0,0","17,7",02:50,"29,0",13:37,,,,,,,,,
2012-09-06,6143X,COÍN,MALAGA,230,"24,3","0,0","19,0",05:32,"29,6",11:13,,,,,,,,,
2012-09-07,6143X,COÍN,MALAGA,230,"24,8","0,0","20,6",03:22,"29,0",10:40,,,,,,,,,
2012-09-08,6143X,COÍN,MALAGA,230,"23,7","0,0","18,2",05:41,"29,2",14:09,,,,,,,,,
2012-09-09,6143X,COÍN,MALAGA,230,"25,2","0,0","17,8",05:42,"32,7",16:06,,,,,,,,,
2012-09-10,6143X,COÍN,MALAGA,230,"25,5","0,0","18,1",05:14,"32,9",14:26,,,,,,,,,
2012-09-11,6143X,COÍN,MALAGA,230,"25,6","0,0","19,2",05:51,"32,0",11:36,,,,,,,,,
2012-09-12,6143X,COÍN,MALAGA,230,"26,6","0,0","18,6",04:54,"34,5",16:14,,,,,,,,,
2012-09-13,6143X,COÍN,MALAGA,230,"26,8","0,0","20,6",23:59,"33,0",10:59,,,,,,,,,
2012-09-14,6143X,COÍN,MALAGA,230,"24,4","0,0","18,6",Varias,"30,2",11:31,,,,,,,,,
2012-09-15,6143X,COÍN,MALAGA,230,"24,4","0,0","17,3",06:05,"31,5",14:56,,,,,,,,,
2012-09-16,6143X,COÍN,MALAGA,230,"26,2","0,0","19,0",05:57,"33,4",14:04,,,,,,,,,
2012-09-17,6143X,COÍN,MALAGA,230,"26,6","0,0","18,7",05:47,"34,4",11:40,,,,,,,,,
2012-09-18,6143X,COÍN,MALAGA,230,"26,0","0,0","20,1",04:30,"32,0",13:41,,,,,,,,,
2012-09-19,6143X,COÍN,MALAGA,230,"26,6","0,0","18,5",05:39,"34,8",15:10,,,,,,,,,
2012-09-20,6143X,COÍN,MALAGA,230,"23,4","0,0","19,7",02:50,"27,2",15:55,,,,,,,,,
2012-09-21,6143X,COÍN,MALAGA,230,"24,6","0,0","20,2",23:54,"29,0",14:24,,,,,,,,,
2012-09-22,6143X,COÍN,MALAGA,230,"24,6","0,0","18,2",05:28,"30,9",15:44,,,,,,,,,
2012-09-23,6143X,COÍN,MALAGA,230,"26,4","0,0","18,1",05:38,"34,6",14:19,,,,,,,,,
2012-09-24,6143X,COÍN,MALAGA,230,"25,2","0,0","19,2",06:09,"31,3",13:59,,,,,,,,,
2012-09-25,6143X,COÍN,MALAGA,230,"21,7","1,2","15,6",06:07,"27,8",14:43,,,,,,,,,
2012-09-26,6143X,COÍN,MALAGA,230,"18,9","3,4","17,1",06:54,"20,7",15:49,,,,,,,,,
2012-09-27,6143X,COÍN,MALAGA,230,"18,8","52,2","16,6",07:19,"21,0",13:44,,,,,,,,,
2012-09-28,6143X,COÍN,MALAGA,230,"17,4","11,6","14,8",22:50,"20,0",00:26,,,,,,,,,
2012-09-29,6143X,COÍN,MALAGA,230,"19,0","0,4","14,9",Varias,"23,2",14:10,,,,,,,,,
2012-09-30,6143X,COÍN,MALAGA,230,"21,6","0,0","15,2",Varias,"28,1",15:41,,,,,,,,,
2012-10-01,6143X,COÍN,MALAGA,230,"21,2","0,0","14,6",06:01,"27,9",13:15,,,,,,,,,
2012-10-02,6143X,COÍN,MALAGA,230,"20,6","0,0","13,8",06:13,"27,3",14:01,,,,,,,,,
2012-10-03,6143X,COÍN,MALAGA,230,"21,4","0,0","14,5",05:56,"28,2",13:59,,,,,,,,,
2012-10-04,6143X,COÍN,MALAGA,230,"21,5","0,0","15,3",06:24,"27,7",10:58,,,,,,,,,
2012-10-05,6143X,COÍN,MALAGA,230,"21,0","0,0","15,4",05:27,"26,6",13:15,,,,,,,,,
2012-10-06,6143X,COÍN,MALAGA,230,"22,6","0,0","16,4",06:42,"28,9",12:22,,,,,,,,,
2012-10-07,6143X,COÍN,MALAGA,230,"23,3","0,0","16,9",06:41,"29,7",15:57,,,,,,,,,
2012-10-08,6143X,COÍN,MALAGA,230,"24,6","0,0","17,0",06:20,"32,3",15:13,,,,,,,,,
2012-10-09,6143X,COÍN,MALAGA,230,"26,4","0,0","19,0",06:01,"33,9",12:35,,,,,,,,,
2012-10-10,6143X,COÍN,MALAGA,230,"26,6","0,0","19,0",02:12,"34,1",13:32,,,,,,,,,
2012-10-11,6143X,COÍN,MALAGA,230,"24,0","0,0","19,1",23:11,"28,8",13:43,,,,,,,,,
2012-10-12,6143X,COÍN,MALAGA,230,"23,4","0,0","17,1",03:30,"29,8",14:21,,,,,,,,,
2012-10-13,6143X,COÍN,MALAGA,230,"21,8","0,0","15,9",24:00,"27,6",13:44,,,,,,,,,
2012-10-14,6143X,COÍN,MALAGA,230,"21,4","0,0","14,4",06:35,"28,5",14:01,,,,,,,,,
2012-10-15,6143X,COÍN,MALAGA,230,"19,0","0,0","15,0",Varias,"22,9",15:34,,,,,,,,,
2012-10-16,6143X,COÍN,MALAGA,230,"18,4","0,0","12,4",05:13,"24,4",14:40,,,,,,,,,
2012-10-17,6143X,COÍN,MALAGA,230,"17,8","0,0","11,5",06:35,"24,2",11:29,,,,,,,,,
2012-10-18,6143X,COÍN,MALAGA,230,"19,6","1,0","14,3",05:35,"24,8",11:00,,,,,,,,,
2012-10-19,6143X,COÍN,MALAGA,230,"16,8","0,2","13,4",21:36,"20,2",13:44,,,,,,,,,
2012-10-20,6143X,COÍN,MALAGA,230,"17,5","0,0","12,1",Varias,"22,9",14:31,,,,,,,,,
2012-10-21,6143X,COÍN,MALAGA,230,"16,8","0,0","11,2",Varias,"22,5",10:54,,,,,,,,,
2012-10-22,6143X,COÍN,MALAGA,230,"20,1","0,0","14,6",03:34,"25,6",11:32,,,,,,,,,
2012-10-23,6143X,COÍN,MALAGA,230,"20,0","0,2","14,4",06:57,"25,6",14:08,,,,,,,,,
2012-10-24,6143X,COÍN,MALAGA,230,"17,8","17,4","14,1",23:12,"21,5",12:27,,,,,,,,,
2012-10-25,6143X,COÍN,MALAGA,230,"15,3","93,4","13,8",10:24,"16,8",14:06,,,,,,,,,
2012-10-26,6143X,COÍN,MALAGA,230,"17,3","4,0","14,4",22:54,"20,2",13:00,,,,,,,,,
2012-10-27,6143X,COÍN,MALAGA,230,"17,9","0,0","13,9",01:55,"21,9",13:34,,,,,,,,,
2012-10-28,6143X,COÍN,MALAGA,230,"15,4","0,0","10,7",23:51,"20,0",10:12,,,,,,,,,
2012-10-29,6143X,COÍN,MALAGA,230,"12,2","0,0","9,6",01:38,"14,9",11:44,,,,,,,,,
2012-10-30,6143X,COÍN,MALAGA,230,"11,9","29,2","10,8",00:56,"13,0",Varias,,,,,,,,,
2012-10-31,6143X,COÍN,MALAGA,230,"14,2","0,4","9,2",06:47,"19,1",11:59,,,,,,,,,
2012-11-01,6143X,COÍN,MALAGA,230,"18,0","0,0","12,7",06:45,"23,4",14:42,,,,,,,,,
2012-11-02,6143X,COÍN,MALAGA,230,"17,0","14,6","11,1",06:15,"23,0",13:10,,,,,,,,,
2012-11-03,6143X,COÍN,MALAGA,230,"17,0","8,6","14,1",Varias,"20,0",13:49,,,,,,,,,
2012-11-04,6143X,COÍN,MALAGA,230,"20,9","6,2","16,9",04:24,"24,9",14:25,,,,,,,,,
2012-11-05,6143X,COÍN,MALAGA,230,"16,3","7,4","12,9",20:09,"19,7",13:38,,,,,,,,,
2012-11-06,6143X,COÍN,MALAGA,230,"13,0","44,4","11,6",07:14,"14,3",15:59,,,,,,,,,
2012-11-07,6143X,COÍN,MALAGA,230,"14,1","19,0","13,1",02:10,"15,1",22:49,,,,,,,,,
2012-11-08,6143X,COÍN,MALAGA,230,"15,2","50,8","14,0",04:18,"16,3",16:27,,,,,,,,,
2012-11-09,6143X,COÍN,MALAGA,230,"15,6","11,6","11,3",23:50,"20,0",15:43,,,,,,,,,
2012-11-10,6143X,COÍN,MALAGA,230,"15,5","0,6","10,2",03:04,"20,8",12:04,,,,,,,,,
2012-11-11,6143X,COÍN,MALAGA,230,"11,9","0,6","9,1",18:03,"14,7",14:58,,,,,,,,,
2012-11-12,6143X,COÍN,MALAGA,230,"14,4","0,0","8,7",07:22,"20,1",14:56,,,,,,,,,
2012-11-13,6143X,COÍN,MALAGA,230,"16,0","0,0","10,6",06:31,"21,3",13:48,,,,,,,,,
2012-11-14,6143X,COÍN,MALAGA,230,"15,6","0,0","9,3",06:49,"21,9",14:40,,,,,,,,,
2012-11-15,6143X,COÍN,MALAGA,230,"16,8","0,2","12,9",03:03,"20,6",14:57,,,,,,,,,
2012-11-16,6143X,COÍN,MALAGA,230,"15,6","20,4","13,9",04:41,"17,3",13:15,,,,,,,,,
2012-11-17,6143X,COÍN,MALAGA,230,"16,6","36,0","13,6",08:28,"19,6",14:53,,,,,,,,,
2012-11-18,6143X,COÍN,MALAGA,230,"13,8","8,8","11,9",23:40,"15,7",14:49,,,,,,,,,
2012-11-19,6143X,COÍN,MALAGA,230,"16,4","0,0","10,4",07:05,"22,5",14:41,,,,,,,,,
2012-11-20,6143X,COÍN,MALAGA,230,"15,0","0,0","9,8",07:07,"20,1",12:16,,,,,,,,,
2012-11-21,6143X,COÍN,MALAGA,230,"16,0","0,0","11,0",03:58,"21,0",14:05,,,,,,,,,
2012-11-22,6143X,COÍN,MALAGA,230,"16,0","0,0","11,6",22:02,"20,3",15:03,,,,,,,,,
2012-11-23,6143X,COÍN,MALAGA,230,"15,2","0,0","11,0",Varias,"19,4",14:12,,,,,,,,,
2012-11-24,6143X,COÍN,MALAGA,230,"14,4","0,0","11,5",00:01,"17,4",13:07,,,,,,,,,
2012-11-25,6143X,COÍN,MALAGA,230,"16,4","0,0","11,8",05:37,"20,9",14:49,,,,,,,,,
2012-11-26,6143X,COÍN,MALAGA,230,"15,6","1,0","11,6",00:33,"19,6",14:51,,,,,,,,,
2012-11-27,6143X,COÍN,MALAGA,230,"11,8","0,2","8,6",20:17,"15,1",12:48,,,,,,,,,
2012-11-28,6143X,COÍN,MALAGA,230,"11,0","0,0","6,0",07:13,"16,1",14:53,,,,,,,,,
2012-11-29,6143X,COÍN,MALAGA,230,"10,8","0,0","6,6",06:13,"15,1",13:33,,,,,,,,,
2012-11-30,6143X,COÍN,MALAGA,230,"8,4","0,6","5,7",06:12,"11,2",12:28,,,,,,,,,
2012-12-01,6143X,COÍN,MALAGA,230,"8,8","0,0","4,1",07:27,"13,6",14:04,,,,,,,,,
2012-12-02,6143X,COÍN,MALAGA,230,"10,0","0,0","3,4",Varias,"16,6",14:38,,,,,,,,,
2012-12-03,6143X,COÍN,MALAGA,230,"10,0","0,0","2,6",06:57,"17,3",13:49,,,,,,,,,
2012-12-04,6143X,COÍN,MALAGA,230,"11,0","0,0","5,4",04:31,"16,6",14:09,,,,,,,,,
2012-12-05,6143X,COÍN,MALAGA,230,"12,2","0,0","9,1",23:28,"15,4",12:12,,,,,,,,,
2012-12-06,6143X,COÍN,MALAGA,230,"11,8","3,0","7,4",07:42,"16,1",11:49,,,,,,,,,
2012-12-07,6143X,COÍN,MALAGA,230,"13,4","4,6","9,7",22:04,"17,0",15:39,,,,,,,,,
2012-12-08,6143X,COÍN,MALAGA,230,"13,8","0,0","8,3",23:58,"19,2",14:01,,,,,,,,,
2012-12-09,6143X,COÍN,MALAGA,230,"12,0","0,0","7,3",02:07,"16,7",13:15,,,,,,,,,
2012-12-10,6143X,COÍN,MALAGA,230,"13,2","0,0","7,6",Varias,"18,8",13:05,,,,,,,,,
2012-12-11,6143X,COÍN,MALAGA,230,"12,8","0,0","6,7",Varias,"18,9",13:46,,,,,,,,,
2012-12-12,6143X,COÍN,MALAGA,230,"12,2","0,0","9,1",23:17,"15,3",14:28,,,,,,,,,
2012-12-13,6143X,COÍN,MALAGA,230,"13,5","0,0","8,0",07:07,"19,0",14:51,,,,,,,,,
2012-12-14,6143X,COÍN,MALAGA,230,"12,5","0,0","8,0",04:08,"17,0",13:48,,,,,,,,,
2012-12-15,6143X,COÍN,MALAGA,230,"15,0","0,0","12,7",05:57,"17,4",14:59,,,,,,,,,
2012-12-16,6143X,COÍN,MALAGA,230,"17,4","0,0","12,7",23:43,"22,0",12:52,,,,,,,,,
2012-12-17,6143X,COÍN,MALAGA,230,"16,5","0,0","11,1",06:45,"21,9",12:47,,,,,,,,,
2012-12-18,6143X,COÍN,MALAGA,230,"17,6","0,0","11,9",Varias,"23,4",13:59,,,,,,,,,
2012-12-19,6143X,COÍN,MALAGA,230,"15,0","0,0","9,8",Varias,"20,2",12:25,,,,,,,,,
2012-12-20,6143X,COÍN,MALAGA,230,"15,4","0,0","9,2",04:44,"21,6",14:33,,,,,,,,,
2012-12-21,6143X,COÍN,MALAGA,230,"15,6","0,0","11,0",05:18,"20,2",13:49,,,,,,,,,
2012-12-22,6143X,COÍN,MALAGA,230,"17,4","0,0","10,2",07:47,"24,7",15:03,,,,,,,,,
2012-12-23,6143X,COÍN,MALAGA,230,"16,4","0,0","10,4",05:20,"22,4",14:13,,,,,,,,,
2012-12-24,6143X,COÍN,MALAGA,230,"15,8","0,0","7,8",23:24,"23,7",15:02,,,,,,,,,
2012-12-25,6143X,COÍN,MALAGA,230,"13,1","2,0","7,8",02:36,"18,4",12:18,,,,,,,,,
2012-12-26,6143X,COÍN,MALAGA,230,"12,8","0,0","8,2",24:00,"17,4",15:29,,,,,,,,,
2012-12-27,6143X,COÍN,MALAGA,230,"12,5","0,0","5,1",08:03,"19,9",15:00,,,,,,,,,
2012-12-28,6143X,COÍN,MALAGA,230,"12,0","0,0","4,5",06:22,"19,4",14:21,,,,,,,,,
2012-12-29,6143X,COÍN,MALAGA,230,"11,6","0,0","4,7",07:00,"18,6",14:27,,,,,,,,,
2012-12-30,6143X,COÍN,MALAGA,230,"13,0","0,0","7,2",08:09,"18,8",15:11,,,,,,,,,
2012-12-31,6143X,COÍN,MALAGA,230,"12,0","0,0","6,4",06:34,"17,6",14:05,,,,,,,,,
2013-01-01,6143X,COÍN,MALAGA,230,"12,0","0,4","8,3",07:47,"15,6",13:36,,,,,,,,,
2013-01-02,6143X,COÍN,MALAGA,230,"12,2","0,0","6,4",05:24,"18,1",14:31,,,,,,,,,
2013-01-03,6143X,COÍN,MALAGA,230,"11,4","0,0","6,5",06:25,"16,2",14:30,,,,,,,,,
2013-01-04,6143X,COÍN,MALAGA,230,"12,6","0,0","7,1",04:58,"18,0",14:47,,,,,,,,,
2013-01-05,6143X,COÍN,MALAGA,230,"13,4","0,0","6,0",07:07,"20,7",14:30,,,,,,,,,
2013-01-06,6143X,COÍN,MALAGA,230,"13,5","0,0","7,2",05:30,"19,8",12:17,,,,,,,,,
2013-01-07,6143X,COÍN,MALAGA,230,"13,0","0,0","7,2",03:16,"18,8",13:22,,,,,,,,,
2013-01-08,6143X,COÍN,MALAGA,230,"12,1","0,0","7,1",23:59,"17,1",14:38,,,,,,,,,
2013-01-09,6143X,COÍN,MALAGA,230,"11,9","0,0","6,4",01:52,"17,4",14:03,,,,,,,,,
2013-01-10,6143X,COÍN,MALAGA,230,"14,7","0,0","9,2",04:14,"20,2",15:15,,,,,,,,,
2013-01-11,6143X,COÍN,MALAGA,230,"15,0","0,0","9,5",23:47,"20,4",14:36,,,,,,,,,
2013-01-12,6143X,COÍN,MALAGA,230,"13,9","0,6","8,0",06:56,"19,8",12:41,,,,,,,,,
2013-01-13,6143X,COÍN,MALAGA,230,"12,0","0,0","8,8",07:52,"15,1",15:34,,,,,,,,,
2013-01-14,6143X,COÍN,MALAGA,230,"11,9","0,0","7,6",08:08,"16,2",15:36,,,,,,,,,
2013-01-15,6143X,COÍN,MALAGA,230,"10,8","0,0","5,1",07:26,"16,6",13:30,,,,,,,,,
2013-01-16,6143X,COÍN,MALAGA,230,"10,4","0,0","6,7",00:01,"14,0",23:50,,,,,,,,,
2013-01-17,6143X,COÍN,MALAGA,230,"16,8","0,0","13,7",01:45,"19,8",13:55,,,,,,,,,
2013-01-18,6143X,COÍN,MALAGA,230,"17,6","3,0","14,4",07:39,"20,8",12:14,,,,,,,,,
2013-01-19,6143X,COÍN,MALAGA,230,"12,9","21,0","9,7",23:49,"16,1",02:33,,,,,,,,,
2013-01-20,6143X,COÍN,MALAGA,230,"11,0","4,4","8,4",06:17,"13,6",12:58,,,,,,,,,
2013-01-21,6143X,COÍN,MALAGA,230,"11,2","0,0","7,3",23:58,"15,2",14:31,,,,,,,,,
2013-01-22,6143X,COÍN,MALAGA,230,"9,2","1,4","4,8",07:47,"13,5",13:02,,,,,,,,,
2013-01-23,6143X,COÍN,MALAGA,230,"11,1","0,0","7,6",07:29,"14,6",14:10,,,,,,,,,
2013-01-24,6143X,COÍN,MALAGA,230,"13,4","0,0","10,4",00:23,"16,4",10:03,,,,,,,,,
2013-01-25,6143X,COÍN,MALAGA,230,"13,1","0,0","9,5",07:01,"16,7",16:05,,,,,,,,,
2013-01-26,6143X,COÍN,MALAGA,230,"15,4","0,0","10,8",23:47,"20,0",14:38,,,,,,,,,
2013-01-27,6143X,COÍN,MALAGA,230,"13,4","0,0","8,0",Varias,"18,8",12:41,,,,,,,,,
2013-01-28,6143X,COÍN,MALAGA,230,"13,6","0,0","7,3",23:46,"19,8",14:51,,,,,,,,,
2013-01-29,6143X,COÍN,MALAGA,230,"14,6","0,0","5,4",07:28,"23,9",15:25,,,,,,,,,
2013-01-30,6143X,COÍN,MALAGA,230,"16,1","0,0","7,4",07:28,"24,8",15:32,,,,,,,,,
2013-01-31,6143X,COÍN,MALAGA,230,"16,3","0,0","8,9",07:28,"23,7",15:04,,,,,,,,,
2013-02-01,6143X,COÍN,MALAGA,230,"16,2","0,0","8,7",03:20,"23,7",15:23,,,,,,,,,
2013-02-02,6143X,COÍN,MALAGA,230,"12,6","0,0","9,5",23:49,"15,8",15:14,,,,,,,,,
2013-02-03,6143X,COÍN,MALAGA,230,"11,3","0,0","6,4",23:56,"16,2",15:24,,,,,,,,,
2013-02-04,6143X,COÍN,MALAGA,230,"11,3","0,0","4,8",06:37,"17,8",15:46,,,,,,,,,
2013-02-05,6143X,COÍN,MALAGA,230,"13,8","0,0","4,6",04:37,"22,9",15:20,,,,,,,,,
2013-02-06,6143X,COÍN,MALAGA,230,"12,2","0,0","9,0",03:46,"15,4",13:04,,,,,,,,,
2013-02-07,6143X,COÍN,MALAGA,230,"11,2","0,0","6,3",07:45,"16,0",14:59,,,,,,,,,
2013-02-08,6143X,COÍN,MALAGA,230,"11,1","0,0","5,8",03:53,"16,4",13:27,,,,,,,,,
2013-02-09,6143X,COÍN,MALAGA,230,"11,8","0,0","7,1",06:37,"16,6",13:47,,,,,,,,,
2013-02-10,6143X,COÍN,MALAGA,230,"11,8","0,0","3,8",07:11,"19,7",15:07,,,,,,,,,
2013-02-11,6143X,COÍN,MALAGA,230,"10,4","0,0","8,4",23:50,"12,3",Varias,,,,,,,,,
2013-02-12,6143X,COÍN,MALAGA,230,"10,8","0,0","7,4",22:38,"14,2",16:36,,,,,,,,,
2013-02-13,6143X,COÍN,MALAGA,230,"12,8","0,0","7,1",00:35,"18,6",15:58,,,,,,,,,
2013-02-14,6143X,COÍN,MALAGA,230,"15,4","0,0","9,3",05:21,"21,4",12:21,,,,,,,,,
2013-02-15,6143X,COÍN,MALAGA,230,"14,8","0,0","7,7",06:58,"22,0",12:30,,,,,,,,,
2013-02-16,6143X,COÍN,MALAGA,230,"13,3","0,0","7,2",06:18,"19,4",12:02,,,,,,,,,
2013-02-17,6143X,COÍN,MALAGA,230,"13,3","0,0","8,4",07:32,"18,2",12:14,,,,,,,,,
2013-02-18,6143X,COÍN,MALAGA,230,"14,0","7,2","8,4",06:08,"19,5",12:24,,,,,,,,,
2013-02-19,6143X,COÍN,MALAGA,230,"10,2","62,8","8,2",23:40,"12,3",01:25,,,,,,,,,
2013-02-20,6143X,COÍN,MALAGA,230,"12,5","0,0","6,7",05:28,"18,3",16:01,,,,,,,,,
2013-02-21,6143X,COÍN,MALAGA,230,"12,7","1,0","6,8",01:56,"18,6",12:38,,,,,,,,,
2013-02-22,6143X,COÍN,MALAGA,230,"14,4","8,0","10,8",Varias,"18,1",14:58,,,,,,,,,
2013-02-23,6143X,COÍN,MALAGA,230,"11,7","0,2","7,0",23:39,"16,4",16:39,,,,,,,,,
2013-02-24,6143X,COÍN,MALAGA,230,"9,8","0,0","3,4",07:07,"16,3",15:08,,,,,,,,,
2013-02-25,6143X,COÍN,MALAGA,230,"10,0","0,0","4,2",06:57,"15,9",15:04,,,,,,,,,
2013-02-26,6143X,COÍN,MALAGA,230,"8,2","0,0","2,7",05:16,"13,7",15:37,,,,,,,,,
2013-02-27,6143X,COÍN,MALAGA,230,"7,3","44,8","4,2",01:14,"10,4",11:47,,,,,,,,,
2013-02-28,6143X,COÍN,MALAGA,230,"7,9","0,2","3,1",07:06,"12,7",13:28,,,,,,,,,
2013-03-01,6143X,COÍN,MALAGA,230,"10,6","0,0","6,3",23:58,"15,0",13:53,,,,,,,,,
2013-03-02,6143X,COÍN,MALAGA,230,"10,2","0,0","5,4",05:10,"15,1",14:12,,,,,,,,,
2013-03-03,6143X,COÍN,MALAGA,230,"11,9","0,0","10,2",Varias,"13,6",17:10,,,,,,,,,
2013-03-04,6143X,COÍN,MALAGA,230,"12,4","21,0","10,6",02:21,"14,2",08:39,,,,,,,,,
2013-03-05,6143X,COÍN,MALAGA,230,"13,0","34,8","11,4",05:14,"14,6",11:11,,,,,,,,,
2013-03-06,6143X,COÍN,MALAGA,230,"15,6","18,6","11,6",02:39,"19,7",14:22,,,,,,,,,
2013-03-07,6143X,COÍN,MALAGA,230,"16,8","11,6","12,8",05:40,"20,7",15:15,,,,,,,,,
2013-03-08,6143X,COÍN,MALAGA,230,"16,6","4,6","12,2",06:46,"21,1",15:42,,,,,,,,,
2013-03-09,6143X,COÍN,MALAGA,230,"14,9","0,6","11,2",22:42,"18,6",14:04,,,,,,,,,
2013-03-10,6143X,COÍN,MALAGA,230,"13,5","4,2","9,2",06:21,"17,8",16:22,,,,,,,,,
2013-03-11,6143X,COÍN,MALAGA,230,"13,7","0,0","9,4",06:21,"18,0",15:30,,,,,,,,,
2013-03-12,6143X,COÍN,MALAGA,230,"13,4","1,4","10,4",06:49,"16,3",17:57,,,,,,,,,
2013-03-13,6143X,COÍN,MALAGA,230,"11,4","0,0","8,0",23:37,"14,8",13:30,,,,,,,,,
2013-03-14,6143X,COÍN,MALAGA,230,"11,6","0,0","6,9",05:38,"16,3",16:23,,,,,,,,,
2013-03-15,6143X,COÍN,MALAGA,230,"12,0","0,0","5,7",06:18,"18,4",13:59,,,,,,,,,
2013-03-16,6143X,COÍN,MALAGA,230,"9,6","2,4","6,3",23:42,"13,0",10:10,,,,,,,,,
2013-03-17,6143X,COÍN,MALAGA,230,"13,8","3,2","6,5",00:01,"21,1",15:35,,,,,,,,,
2013-03-18,6143X,COÍN,MALAGA,230,"15,8","0,0","9,9",23:57,"21,8",15:21,,,,,,,,,
2013-03-19,6143X,COÍN,MALAGA,230,"11,4","17,2","8,4",03:05,"14,4",17:05,,,,,,,,,
2013-03-20,6143X,COÍN,MALAGA,230,"14,4","0,0","9,8",23:45,"19,1",16:10,,,,,,,,,
2013-03-21,6143X,COÍN,MALAGA,230,"13,5","0,0","6,9",06:28,"20,1",12:58,,,,,,,,,
2013-03-22,6143X,COÍN,MALAGA,230,"12,5","2,2","7,9",03:23,"17,1",09:41,,,,,,,,,
2013-03-23,6143X,COÍN,MALAGA,230,"12,5","5,4","7,7",05:43,"17,3",10:36,,,,,,,,,
2013-03-24,6143X,COÍN,MALAGA,230,"13,5","2,6","8,3",05:40,"18,7",15:46,,,,,,,,,
2013-03-25,6143X,COÍN,MALAGA,230,"15,5","0,0","10,4",06:43,"20,6",13:01,,,,,,,,,
2013-03-26,6143X,COÍN,MALAGA,230,"16,2","0,6","10,8",02:02,"21,6",15:47,,,,,,,,,
2013-03-27,6143X,COÍN,MALAGA,230,"16,5","0,2","11,4",06:33,"21,6",10:41,,,,,,,,,
2013-03-28,6143X,COÍN,MALAGA,230,"18,0","0,0","12,3",03:52,"23,8",15:06,,,,,,,,,
2013-03-29,6143X,COÍN,MALAGA,230,"18,5","3,4","11,8",00:57,"25,2",16:00,,,,,,,,,
2013-03-30,6143X,COÍN,MALAGA,230,"18,6","0,0","14,0",03:53,"23,2",14:35,,,,,,,,,
2013-03-31,6143X,COÍN,MALAGA,230,"17,8","1,6","13,1",06:07,"22,4",13:06,,,,,,,,,
2013-04-01,6143X,COÍN,MALAGA,230,"16,4","0,0","11,6",23:15,"21,3",14:37,,,,,,,,,
2013-04-02,6143X,COÍN,MALAGA,230,"15,1","0,0","9,6",04:35,"20,6",14:57,,,,,,,,,
2013-04-03,6143X,COÍN,MALAGA,230,"13,9","9,8","9,7",06:14,"18,1",16:03,,,,,,,,,
2013-04-04,6143X,COÍN,MALAGA,230,"12,8","3,0","9,2",04:50,"16,5",13:15,,,,,,,,,
2013-04-05,6143X,COÍN,MALAGA,230,"13,8","5,8","9,8",03:31,"17,8",12:35,,,,,,,,,
2013-04-06,6143X,COÍN,MALAGA,230,"13,4","0,0","8,5",05:55,"18,4",15:14,,,,,,,,,
2013-04-07,6143X,COÍN,MALAGA,230,"13,6","0,0","6,7",05:22,"20,4",13:45,,,,,,,,,
2013-04-08,6143X,COÍN,MALAGA,230,"16,4","0,0","8,5",04:21,"24,3",13:10,,,,,,,,,
2013-04-09,6143X,COÍN,MALAGA,230,"17,6","0,0","11,7",05:58,"23,5",14:16,,,,,,,,,
2013-04-10,6143X,COÍN,MALAGA,230,"18,8","0,0","11,7",05:15,"26,0",15:27,,,,,,,,,
2013-04-11,6143X,COÍN,MALAGA,230,"19,2","0,0","12,2",05:49,"26,2",15:13,,,,,,,,,
2013-04-12,6143X,COÍN,MALAGA,230,"18,4","0,0","11,2",04:44,"25,5",14:54,,,,,,,,,
2013-04-13,6143X,COÍN,MALAGA,230,"18,0","0,0","11,4",05:53,"24,7",13:05,,,,,,,,,
2013-04-14,6143X,COÍN,MALAGA,230,"18,0","0,0","12,8",24:00,"23,1",15:00,,,,,,,,,
2013-04-15,6143X,COÍN,MALAGA,230,"17,2","0,0","11,1",04:45,"23,3",13:41,,,,,,,,,
2013-04-16,6143X,COÍN,MALAGA,230,"19,5","0,0","12,6",Varias,"26,4",13:53,,,,,,,,,
2013-04-17,6143X,COÍN,MALAGA,230,"18,3","0,0","12,7",Varias,"23,9",15:57,,,,,,,,,
2013-04-18,6143X,COÍN,MALAGA,230,"18,8","0,0","10,8",04:53,"26,8",15:20,,,,,,,,,
2013-04-19,6143X,COÍN,MALAGA,230,"19,0","0,4","12,7",Varias,"25,3",11:26,,,,,,,,,
2013-04-20,6143X,COÍN,MALAGA,230,"17,0","0,0","14,3",03:04,"19,7",14:41,,,,,,,,,
2013-04-21,6143X,COÍN,MALAGA,230,"16,6","0,0","11,7",05:41,"21,5",15:55,,,,,,,,,
2013-04-22,6143X,COÍN,MALAGA,230,"15,8","2,2","11,1",04:28,"20,4",14:46,,,,,,,,,
2013-04-23,6143X,COÍN,MALAGA,230,"15,3","0,0","10,8",05:57,"19,8",17:06,,,,,,,,,
2013-04-24,6143X,COÍN,MALAGA,230,"15,0","0,0","10,5",05:18,"19,4",09:47,,,,,,,,,
2013-04-25,6143X,COÍN,MALAGA,230,"17,0","0,0","9,4",03:36,"24,6",14:13,,,,,,,,,
2013-04-26,6143X,COÍN,MALAGA,230,"18,5","0,0","14,6",23:52,"22,4",13:08,,,,,,,,,
2013-04-27,6143X,COÍN,MALAGA,230,"18,2","0,0","13,0",05:34,"23,3",11:53,,,,,,,,,
2013-04-28,6143X,COÍN,MALAGA,230,"12,2","0,2","8,5",16:51,"16,0",11:30,,,,,,,,,
2013-04-29,6143X,COÍN,MALAGA,230,"11,4","6,2","7,2",05:49,"15,7",10:47,,,,,,,,,
2013-04-30,6143X,COÍN,MALAGA,230,"11,8","1,4","7,2",04:40,"16,4",12:23,,,,,,,,,
2013-05-01,6143X,COÍN,MALAGA,230,"13,6","0,0","6,7",04:47,"20,4",15:24,,,,,,,,,
2013-05-02,6143X,COÍN,MALAGA,230,"15,4","0,0","8,5",05:14,"22,2",11:55,,,,,,,,,
2013-05-03,6143X,COÍN,MALAGA,230,"16,4","0,0","11,9",05:37,"21,0",Varias,,,,,,,,,
2013-05-04,6143X,COÍN,MALAGA,230,"15,8","0,0","10,5",05:17,"21,2",09:54,,,,,,,,,
2013-05-05,6143X,COÍN,MALAGA,230,"17,8","0,0","10,4",05:12,"25,1",13:50,,,,,,,,,
2013-05-06,6143X,COÍN,MALAGA,230,"19,9","0,0","12,1",05:29,"27,7",11:04,,,,,,,,,
2013-05-07,6143X,COÍN,MALAGA,230,"23,0","0,0","16,5",02:37,"29,4",11:41,,,,,,,,,
2013-05-08,6143X,COÍN,MALAGA,230,"23,8","0,0","15,3",05:39,"32,2",16:10,,,,,,,,,
2013-05-09,6143X,COÍN,MALAGA,230,"26,0","0,0","17,0",04:20,"35,0",15:39,,,,,,,,,
2013-05-10,6143X,COÍN,MALAGA,230,"25,6","0,0","18,7",05:14,"32,6",13:44,,,,,,,,,
2013-05-11,6143X,COÍN,MALAGA,230,"23,0","0,0","16,7",02:35,"29,3",11:10,,,,,,,,,
2013-05-12,6143X,COÍN,MALAGA,230,"18,8","0,0","17,1",09:36,"20,6",14:44,,,,,,,,,
2013-05-13,6143X,COÍN,MALAGA,230,"20,0","0,2","16,0",05:46,"24,0",15:41,,,,,,,,,
2013-05-14,6143X,COÍN,MALAGA,230,"21,0","0,0","15,4",04:55,"26,5",11:57,,,,,,,,,
2013-05-15,6143X,COÍN,MALAGA,230,"18,6","0,0","13,3",23:54,"23,8",10:59,,,,,,,,,
2013-05-16,6143X,COÍN,MALAGA,230,"16,0","0,0","11,1",05:18,"21,0",12:22,,,,,,,,,
2013-05-17,6143X,COÍN,MALAGA,230,"15,8","0,2","12,0",Varias,"19,6",14:48,,,,,,,,,
2013-05-18,6143X,COÍN,MALAGA,230,"14,4","0,2","8,3",04:58,"20,6",16:53,,,,,,,,,
2013-05-19,6143X,COÍN,MALAGA,230,"16,2","0,0","10,1",03:38,"22,2",13:02,,,,,,,,,
2013-05-20,6143X,COÍN,MALAGA,230,"14,2","1,0","9,1",04:40,"19,4",11:18,,,,,,,,,
2013-05-21,6143X,COÍN,MALAGA,230,"16,2","1,6","10,9",23:12,"21,6",15:14,,,,,,,,,
2013-05-22,6143X,COÍN,MALAGA,230,"17,6","0,0","9,6",03:52,"25,7",11:27,,,,,,,,,
2013-05-23,6143X,COÍN,MALAGA,230,"21,1","0,0","13,6",04:48,"28,6",16:17,,,,,,,,,
2013-05-24,6143X,COÍN,MALAGA,230,"22,9","0,0","15,0",04:24,"30,8",14:11,,,,,,,,,
2013-05-25,6143X,COÍN,MALAGA,230,"21,8","0,0","14,2",05:14,"29,5",16:10,,,,,,,,,
2013-05-26,6143X,COÍN,MALAGA,230,"19,2","0,0","14,2",05:31,"24,1",14:38,,,,,,,,,
2013-05-27,6143X,COÍN,MALAGA,230,"18,8","0,0","14,2",00:36,"23,4",13:14,,,,,,,,,
2013-05-28,6143X,COÍN,MALAGA,230,"18,8","0,0","12,8",05:21,"24,7",12:27,,,,,,,,,
2013-05-29,6143X,COÍN,MALAGA,230,"18,8","0,0","12,9",03:41,"24,6",15:44,,,,,,,,,
2013-05-30,6143X,COÍN,MALAGA,230,"21,8","0,0","15,6",23:58,"27,9",15:25,,,,,,,,,
2013-05-31,6143X,COÍN,MALAGA,230,"21,6","0,0","13,6",04:50,"29,5",15:19,,,,,,,,,
2013-06-01,6143X,COÍN,MALAGA,230,"19,6","0,0","13,9",23:53,"25,4",09:17,,,,,,,,,
2013-06-02,6143X,COÍN,MALAGA,230,,"0,0",,,,,,,,,,,,,
2013-06-03,6143X,COÍN,MALAGA,230,,"0,0",,,,,,,,,,,,,
2013-06-04,6143X,COÍN,MALAGA,230,"21,1","0,0","13,3",04:24,"28,9",16:07,,,,,,,,,
2013-06-05,6143X,COÍN,MALAGA,230,"21,9","0,0","16,2",05:02,"27,6",15:25,,,,,,,,,
2013-06-06,6143X,COÍN,MALAGA,230,"20,9","0,0","14,5",05:12,"27,3",15:11,,,,,,,,,
2013-06-07,6143X,COÍN,MALAGA,230,"19,3","0,0","13,3",05:19,"25,3",14:09,,,,,,,,,
2013-06-08,6143X,COÍN,MALAGA,230,"17,4","0,0","11,8",05:00,"23,1",14:40,,,,,,,,,
2013-06-09,6143X,COÍN,MALAGA,230,"19,6","0,0","13,0",02:13,"26,3",14:25,,,,,,,,,
2013-06-10,6143X,COÍN,MALAGA,230,"22,0","0,0","13,7",04:31,"30,3",15:02,,,,,,,,,
2013-06-11,6143X,COÍN,MALAGA,230,,"0,0",,,,,,,,,,,,,
2013-06-12,6143X,COÍN,MALAGA,230,,"0,0",,,,,,,,,,,,,
2013-06-13,6143X,COÍN,MALAGA,230,,"0,0",,,,,,,,,,,,,
2013-06-14,6143X,COÍN,MALAGA,230,,"0,0",,,,,,,,,,,,,
2013-06-15,6143X,COÍN,MALAGA,230,,"0,0",,,,,,,,,,,,,
2013-06-16,6143X,COÍN,MALAGA,230,,"0,0",,,,,,,,,,,,,
2013-06-17,6143X,COÍN,MALAGA,230,,"0,0",,,,,,,,,,,,,
2013-06-18,6143X,COÍN,MALAGA,230,"19,8","0,0","15,2",05:18,"24,4",14:47,,,,,,,,,
2013-06-19,6143X,COÍN,MALAGA,230,"21,8","0,0","14,3",02:38,"29,3",14:49,,,,,,,,,
2013-06-20,6143X,COÍN,MALAGA,230,"22,6","0,0","16,4",04:47,"28,7",16:17,,,,,,,,,
2013-06-21,6143X,COÍN,MALAGA,230,"22,3","0,0","15,8",03:43,"28,8",15:17,,,,,,,,,
2013-06-22,6143X,COÍN,MALAGA,230,"21,5","0,0","15,5",04:06,"27,5",12:03,,,,,,,,,
2013-06-23,6143X,COÍN,MALAGA,230,"25,0","0,0","17,1",04:40,"32,8",14:49,,,,,,,,,
2013-06-24,6143X,COÍN,MALAGA,230,"22,6","0,0","17,6",04:41,"27,5",14:28,,,,,,,,,
2013-06-25,6143X,COÍN,MALAGA,230,"21,2","0,0","18,4",21:52,"24,1",15:04,,,,,,,,,
2013-06-26,6143X,COÍN,MALAGA,230,"20,5","0,0","17,1",23:56,"23,9",12:28,,,,,,,,,
2013-06-27,6143X,COÍN,MALAGA,230,"20,3","0,0","15,9",04:13,"24,7",15:30,,,,,,,,,
2013-06-28,6143X,COÍN,MALAGA,230,"20,6","0,0","14,9",05:02,"26,3",15:55,,,,,,,,,
2013-06-29,6143X,COÍN,MALAGA,230,"22,0","0,0","15,2",05:19,"28,9",14:07,,,,,,,,,
2013-06-30,6143X,COÍN,MALAGA,230,"24,2","0,0","18,1",03:13,"30,2",15:04,,,,,,,,,
2013-07-01,6143X,COÍN,MALAGA,230,"24,0","0,0","18,8",05:29,"29,1",15:27,,,,,,,,,
2013-07-02,6143X,COÍN,MALAGA,230,"22,6","0,0","17,7",04:52,"27,4",14:15,,,,,,,,,
2013-07-03,6143X,COÍN,MALAGA,230,"25,0","0,0","18,1",03:50,"31,8",15:21,,,,,,,,,
2013-07-04,6143X,COÍN,MALAGA,230,"25,4","0,0","18,8",05:23,"32,1",16:55,,,,,,,,,
2013-07-05,6143X,COÍN,MALAGA,230,"24,4","0,0","18,3",Varias,"30,5",10:01,,,,,,,,,
2013-07-06,6143X,COÍN,MALAGA,230,"23,8","0,0","18,3",04:57,"29,3",09:53,,,,,,,,,
2013-07-07,6143X,COÍN,MALAGA,230,"23,5","0,0","16,9",05:18,"30,1",15:05,,,,,,,,,
2013-07-08,6143X,COÍN,MALAGA,230,"25,0","0,0","18,2",04:38,"31,9",15:05,,,,,,,,,
2013-07-09,6143X,COÍN,MALAGA,230,"26,1","0,0","19,7",05:18,"32,5",15:48,,,,,,,,,
2013-07-10,6143X,COÍN,MALAGA,230,"27,6","0,0","19,7",05:21,"35,4",13:13,,,,,,,,,
2013-07-11,6143X,COÍN,MALAGA,230,"25,8","0,0","20,0",05:28,"31,7",12:40,,,,,,,,,
2013-07-12,6143X,COÍN,MALAGA,230,"24,6","0,0","18,6",04:19,"30,6",10:05,,,,,,,,,
2013-07-13,6143X,COÍN,MALAGA,230,"25,6","0,0","18,0",05:12,"33,3",16:50,,,,,,,,,
2013-07-14,6143X,COÍN,MALAGA,230,"25,6","0,0","17,8",05:20,"33,4",17:38,,,,,,,,,
2013-07-15,6143X,COÍN,MALAGA,230,"24,4","0,0","19,0",05:10,"29,7",15:47,,,,,,,,,
2013-07-16,6143X,COÍN,MALAGA,230,"25,2","0,0","18,3",05:00,"32,0",12:08,,,,,,,,,
2013-07-17,6143X,COÍN,MALAGA,230,"27,8","0,0","19,4",04:57,"36,3",17:31,,,,,,,,,
2013-07-18,6143X,COÍN,MALAGA,230,"25,4","0,0","19,7",04:28,"31,1",15:13,,,,,,,,,
2013-07-19,6143X,COÍN,MALAGA,230,"25,4","0,0","19,2",03:59,"31,5",12:30,,,,,,,,,
2013-07-20,6143X,COÍN,MALAGA,230,"24,4","0,0","19,2",05:02,"29,7",09:11,,,,,,,,,
2013-07-21,6143X,COÍN,MALAGA,230,"25,7","0,0","20,3",04:39,"31,1",15:27,,,,,,,,,
2013-07-22,6143X,COÍN,MALAGA,230,"28,2","0,0","20,5",04:42,"36,0",17:26,,,,,,,,,
2013-07-23,6143X,COÍN,MALAGA,230,"25,7","0,0","19,4",04:23,"32,0",17:36,,,,,,,,,
2013-07-24,6143X,COÍN,MALAGA,230,"26,6","0,0","20,7",02:50,"32,4",15:19,,,,,,,,,
2013-07-25,6143X,COÍN,MALAGA,230,"27,7","0,0","20,9",05:22,"34,5",16:38,,,,,,,,,
2013-07-26,6143X,COÍN,MALAGA,230,"28,4","0,0","20,6",03:56,"36,2",17:24,,,,,,,,,
2013-07-27,6143X,COÍN,MALAGA,230,"24,9","0,0","18,4",05:21,"31,4",17:07,,,,,,,,,
2013-07-28,6143X,COÍN,MALAGA,230,"26,0","0,0","19,2",04:55,"32,9",17:00,,,,,,,,,
2013-07-29,6143X,COÍN,MALAGA,230,"25,6","0,0","18,1",04:54,"33,1",15:16,,,,,,,,,
2013-07-30,6143X,COÍN,MALAGA,230,"25,8","0,0","19,6",05:24,"31,9",12:46,,,,,,,,,
2013-07-31,6143X,COÍN,MALAGA,230,"25,6","0,0","19,3",05:32,"31,8",15:02,,,,,,,,,
2013-08-01,6143X,COÍN,MALAGA,230,"26,7","0,0","20,2",04:22,"33,2",12:37,,,,,,,,,
2013-08-02,6143X,COÍN,MALAGA,230,"28,8","0,0","21,5",02:44,"36,1",16:09,,,,,,,,,
2013-08-03,6143X,COÍN,MALAGA,230,"28,2","0,0","20,8",05:24,"35,6",11:32,,,,,,,,,
2013-08-04,6143X,COÍN,MALAGA,230,"26,8","0,0","21,5",04:34,"32,1",12:12,,,,,,,,,
2013-08-05,6143X,COÍN,MALAGA,230,"27,6","0,0","21,8",05:29,"33,4",14:20,,,,,,,,,
2013-08-06,6143X,COÍN,MALAGA,230,"29,7","0,0","21,4",04:39,"38,0",16:40,,,,,,,,,
2013-08-07,6143X,COÍN,MALAGA,230,"30,0","0,0","21,6",04:50,"38,5",16:32,,,,,,,,,
2013-08-08,6143X,COÍN,MALAGA,230,"29,0","0,0","21,6",05:37,"36,5",12:15,,,,,,,,,
2013-08-09,6143X,COÍN,MALAGA,230,"27,1","0,0","21,6",23:37,"32,6",14:54,,,,,,,,,
2013-08-10,6143X,COÍN,MALAGA,230,"26,4","0,0","19,6",05:19,"33,3",14:41,,,,,,,,,
2013-08-11,6143X,COÍN,MALAGA,230,"26,2","0,0","19,2",04:55,"33,1",12:03,,,,,,,,,
2013-08-12,6143X,COÍN,MALAGA,230,"25,6","0,0","18,9",05:23,"32,3",13:53,,,,,,,,,
2013-08-13,6143X,COÍN,MALAGA,230,"24,8","0,0","18,5",Varias,"31,0",13:56,,,,,,,,,
2013-08-14,6143X,COÍN,MALAGA,230,"25,8","0,0","20,9",Varias,"30,6",14:24,,,,,,,,,
2013-08-15,6143X,COÍN,MALAGA,230,"26,2","0,0","20,0",02:51,"32,4",17:04,,,,,,,,,
2013-08-16,6143X,COÍN,MALAGA,230,"26,8","0,0","20,5",04:36,"33,0",13:26,,,,,,,,,
2013-08-17,6143X,COÍN,MALAGA,230,"27,0","0,0","21,0",03:53,"33,1",10:40,,,,,,,,,
2013-08-18,6143X,COÍN,MALAGA,230,"27,5","0,0","19,6",05:37,"35,4",15:23,,,,,,,,,
2013-08-19,6143X,COÍN,MALAGA,230,"26,6","0,0","20,2",05:44,"33,0",14:54,,,,,,,,,
2013-08-20,6143X,COÍN,MALAGA,230,"26,8","0,0","21,1",05:48,"32,5",13:52,,,,,,,,,
2013-08-21,6143X,COÍN,MALAGA,230,"26,1","0,0","20,7",05:50,"31,5",10:29,,,,,,,,,
2013-08-22,6143X,COÍN,MALAGA,230,"26,8","0,0","20,8",05:39,"32,8",14:26,,,,,,,,,
2013-08-23,6143X,COÍN,MALAGA,230,"26,7","0,0","20,5",05:47,"32,9",10:58,,,,,,,,,
2013-08-24,6143X,COÍN,MALAGA,230,"27,0","0,0","21,2",05:48,"32,8",16:44,,,,,,,,,
2013-08-25,6143X,COÍN,MALAGA,230,"25,4","0,0","20,3",05:30,"30,6",12:40,,,,,,,,,
2013-08-26,6143X,COÍN,MALAGA,230,"26,2","0,0","21,0",05:37,"31,3",16:00,,,,,,,,,
2013-08-27,6143X,COÍN,MALAGA,230,"25,8","0,0","20,1",05:24,"31,5",13:47,,,,,,,,,
2013-08-28,6143X,COÍN,MALAGA,230,"25,0","0,0","20,7",03:44,"29,4",13:23,,,,,,,,,
2013-08-29,6143X,COÍN,MALAGA,230,"25,4","5,0","22,3",23:44,"28,5",13:25,,,,,,,,,
2013-08-30,6143X,COÍN,MALAGA,230,"23,8","0,2","19,3",05:41,"28,3",09:42,,,,,,,,,
2013-08-31,6143X,COÍN,MALAGA,230,"23,7","0,0","19,0",05:49,"28,4",13:49,,,,,,,,,
2013-09-01,6143X,COÍN,MALAGA,230,"23,8","0,0","18,3",05:00,"29,3",12:10,,,,,,,,,
2013-09-02,6143X,COÍN,MALAGA,230,"23,6","0,0","18,9",05:39,"28,4",10:52,,,,,,,,,
2013-09-03,6143X,COÍN,MALAGA,230,"24,6","0,0","19,8",23:45,"29,3",11:26,,,,,,,,,
2013-09-04,6143X,COÍN,MALAGA,230,"22,9","0,0","18,1",05:07,"27,7",15:17,,,,,,,,,
2013-09-05,6143X,COÍN,MALAGA,230,"23,6","0,0","19,2",23:54,"28,1",11:43,,,,,,,,,
2013-09-06,6143X,COÍN,MALAGA,230,"24,2","5,0","17,8",06:03,"30,7",13:05,,,,,,,,,
2013-09-07,6143X,COÍN,MALAGA,230,"20,4","0,0","17,2",05:53,"23,6",11:30,,,,,,,,,
2013-09-08,6143X,COÍN,MALAGA,230,"22,8","0,0","17,1",05:41,"28,6",12:52,,,,,,,,,
2013-09-09,6143X,COÍN,MALAGA,230,"24,0","0,0","18,4",05:10,"29,6",13:56,,,,,,,,,
2013-09-10,6143X,COÍN,MALAGA,230,"23,3","0,0","17,7",06:03,"28,9",15:12,,,,,,,,,
2013-09-11,6143X,COÍN,MALAGA,230,"23,5","0,0","17,8",05:56,"29,2",15:14,,,,,,,,,
2013-09-12,6143X,COÍN,MALAGA,230,"23,8","0,0","19,0",06:02,"28,5",15:06,,,,,,,,,
2013-09-13,6143X,COÍN,MALAGA,230,"23,8","0,0","20,1",00:24,"27,5",11:59,,,,,,,,,
2013-09-14,6143X,COÍN,MALAGA,230,"23,8","0,0","19,6",22:53,"28,1",12:39,,,,,,,,,
2013-09-15,6143X,COÍN,MALAGA,230,"26,0","0,0","17,9",Varias,"34,0",14:46,,,,,,,,,
2013-09-16,6143X,COÍN,MALAGA,230,"26,0","0,0","20,2",00:47,"31,7",12:07,,,,,,,,,
2013-09-17,6143X,COÍN,MALAGA,230,"26,7","0,0","20,0",06:16,"33,4",14:13,,,,,,,,,
2013-09-18,6143X,COÍN,MALAGA,230,"24,7","0,0","17,2",05:58,"32,2",14:48,,,,,,,,,
2013-09-19,6143X,COÍN,MALAGA,230,"25,6","0,0","17,5",05:56,"33,6",15:56,,,,,,,,,
2013-09-20,6143X,COÍN,MALAGA,230,"24,8","0,0","19,1",05:57,"30,6",14:23,,,,,,,,,
2013-09-21,6143X,COÍN,MALAGA,230,"23,5","0,0","18,5",05:12,"28,5",15:49,,,,,,,,,
2013-09-22,6143X,COÍN,MALAGA,230,"22,2","0,0","17,3",05:32,"27,0",11:50,,,,,,,,,
2013-09-23,6143X,COÍN,MALAGA,230,"22,4","0,0","17,2",06:18,"27,7",12:01,,,,,,,,,
2013-09-24,6143X,COÍN,MALAGA,230,"22,8","0,0","17,3",04:52,"28,3",13:31,,,,,,,,,
2013-09-25,6143X,COÍN,MALAGA,230,"23,8","0,0","16,6",04:23,"31,0",14:56,,,,,,,,,
2013-09-26,6143X,COÍN,MALAGA,230,"24,0","0,0","17,8",02:46,"30,1",15:43,,,,,,,,,
2013-09-27,6143X,COÍN,MALAGA,230,"23,4","10,2","17,9",03:16,"28,8",12:54,,,,,,,,,
2013-09-28,6143X,COÍN,MALAGA,230,"21,3","0,6","17,7",03:48,"24,9",12:37,,,,,,,,,
2013-09-29,6143X,COÍN,MALAGA,230,"22,4","0,0","17,4",05:54,"27,3",12:13,,,,,,,,,
2013-09-30,6143X,COÍN,MALAGA,230,"24,6","0,0","18,4",04:28,"30,8",12:34,,,,,,,,,
2013-10-01,6143X,COÍN,MALAGA,230,"26,0","0,0","19,9",05:39,"32,1",12:49,,,,,,,,,
2013-10-02,6143X,COÍN,MALAGA,230,"24,8","0,0","18,0",,"31,5",,,,,,,,,,
2013-10-03,6143X,COÍN,MALAGA,230,"25,0","0,0","18,0",,"32,0",,,,,,,,,,
2013-10-04,6143X,COÍN,MALAGA,230,"25,8","0,0","19,5",,"32,0",,,,,,,,,,
2013-10-05,6143X,COÍN,MALAGA,230,"24,5","0,0","17,0",,"32,0",,,,,,,,,,
2013-10-06,6143X,COÍN,MALAGA,230,"22,2","0,0","17,0",,"27,5",,,,,,,,,,
2013-10-07,6143X,COÍN,MALAGA,230,"21,8","0,0","17,0",,"26,5",,,,,,,,,,
2013-10-08,6143X,COÍN,MALAGA,230,"22,0","0,0","16,5",,"27,5",,,,,,,,,,
2013-10-09,6143X,COÍN,MALAGA,230,"21,8","0,0","18,0",,"25,5",,,,,,,,,,
2013-10-10,6143X,COÍN,MALAGA,230,"20,5","0,0","15,5",,"25,5",,,,,,,,,,
2013-10-11,6143X,COÍN,MALAGA,230,"21,0","0,0","15,5",,"26,5",,,,,,,,,,
2013-10-12,6143X,COÍN,MALAGA,230,"22,3","0,0","16,5",06:36,"28,1",13:23,,,,,,,,,
2013-10-13,6143X,COÍN,MALAGA,230,"21,4","0,0","13,9",06:07,"29,0",14:36,,,,,,,,,
2013-10-14,6143X,COÍN,MALAGA,230,"21,8","0,0","14,4",06:05,"29,1",12:49,,,,,,,,,
2013-10-15,6143X,COÍN,MALAGA,230,"23,8","0,0","15,9",04:40,"31,7",15:19,,,,,,,,,
2013-10-16,6143X,COÍN,MALAGA,230,"25,6","0,0","17,2",06:48,"34,1",15:33,,,,,,,,,
2013-10-17,6143X,COÍN,MALAGA,230,"22,8","0,0","16,1",04:02,"29,5",14:50,,,,,,,,,
2013-10-18,6143X,COÍN,MALAGA,230,"21,4","0,0","15,5",06:31,"27,4",11:18,,,,,,,,,
2013-10-19,6143X,COÍN,MALAGA,230,"22,2","0,0","16,1",05:47,"28,3",13:56,,,,,,,,,
2013-10-20,6143X,COÍN,MALAGA,230,"23,3","0,0","16,4",06:47,"30,2",15:16,,,,,,,,,
2013-10-21,6143X,COÍN,MALAGA,230,"20,8","0,0","15,2",04:27,"26,4",12:56,,,,,,,,,
2013-10-22,6143X,COÍN,MALAGA,230,"17,8","4,6","14,5",03:06,"21,2",14:31,,,,,,,,,
2013-10-23,6143X,COÍN,MALAGA,230,"19,9","0,0","15,9",05:35,"23,9",15:39,,,,,,,,,
2013-10-24,6143X,COÍN,MALAGA,230,"22,0","0,0","17,4",00:58,"26,5",14:49,,,,,,,,,
2013-10-25,6143X,COÍN,MALAGA,230,"20,7","0,2","15,9",06:40,"25,5",11:12,,,,,,,,,
2013-10-26,6143X,COÍN,MALAGA,230,"17,4","4,6","13,4",23:16,"21,5",10:52,,,,,,,,,
2013-10-27,6143X,COÍN,MALAGA,230,"20,2","0,0","13,3",04:35,"27,2",13:17,,,,,,,,,
2013-10-28,6143X,COÍN,MALAGA,230,"23,0","0,0","15,2",05:57,"30,7",15:01,,,,,,,,,
2013-10-29,6143X,COÍN,MALAGA,230,"19,2","0,0","15,5",23:38,"23,0",13:53,,,,,,,,,
2013-10-30,6143X,COÍN,MALAGA,230,"18,4","0,0","11,6",23:42,"25,2",14:58,,,,,,,,,
2013-10-31,6143X,COÍN,MALAGA,230,"16,6","0,0","10,5",06:23,"22,6",13:04,,,,,,,,,
2013-11-01,6143X,COÍN,MALAGA,230,"16,6","0,0","10,1",06:00,"23,1",13:59,,,,,,,,,
2013-11-02,6143X,COÍN,MALAGA,230,"17,6","0,0","9,6",06:42,"25,6",15:14,,,,,,,,,
2013-11-03,6143X,COÍN,MALAGA,230,"19,8","0,0","13,2",01:59,"26,4",11:45,,,,,,,,,
2013-11-04,6143X,COÍN,MALAGA,230,"18,2","0,0","13,6",06:49,"22,8",15:01,,,,,,,,,
2013-11-05,6143X,COÍN,MALAGA,230,"20,6","0,0","16,8",02:51,"24,3",14:58,,,,,,,,,
2013-11-06,6143X,COÍN,MALAGA,230,"21,6","0,0","14,0",07:02,"29,2",13:27,,,,,,,,,
2013-11-07,6143X,COÍN,MALAGA,230,"21,0","0,0","13,7",05:50,"28,3",14:44,,,,,,,,,
2013-11-08,6143X,COÍN,MALAGA,230,"18,6","0,0","13,8",03:37,"23,3",15:18,,,,,,,,,
2013-11-09,6143X,COÍN,MALAGA,230,"17,6","0,0","12,2",07:19,"22,9",14:16,,,,,,,,,
2013-11-10,6143X,COÍN,MALAGA,230,"18,0","0,0","11,2",07:22,"24,8",13:01,,,,,,,,,
2013-11-11,6143X,COÍN,MALAGA,230,"21,0","0,0","14,3",06:54,"27,8",14:29,,,,,,,,,
2013-11-12,6143X,COÍN,MALAGA,230,"19,2","0,0","13,5",23:46,"24,9",11:25,,,,,,,,,
2013-11-13,6143X,COÍN,MALAGA,230,"17,7","0,0","11,9",06:31,"23,5",14:44,,,,,,,,,
2013-11-14,6143X,COÍN,MALAGA,230,"17,8","0,0","12,0",06:50,"23,7",11:57,,,,,,,,,
2013-11-15,6143X,COÍN,MALAGA,230,"15,4","0,0","10,0",06:41,"20,8",12:47,,,,,,,,,
2013-11-16,6143X,COÍN,MALAGA,230,"11,6","13,2","6,5",07:39,"16,6",12:33,,,,,,,,,
2013-11-17,6143X,COÍN,MALAGA,230,"11,4","0,8","5,1",07:29,"17,7",13:08,,,,,,,,,
2013-11-18,6143X,COÍN,MALAGA,230,"12,8","0,0","8,1",02:42,"17,4",14:57,,,,,,,,,
2013-11-19,6143X,COÍN,MALAGA,230,"13,6","0,0","8,6",02:09,"18,5",11:57,,,,,,,,,
2013-11-20,6143X,COÍN,MALAGA,230,"13,2","0,0","8,1",07:20,"18,4",13:42,,,,,,,,,
2013-11-21,6143X,COÍN,MALAGA,230,"10,0","0,0","4,5",06:48,"15,5",12:38,,,,,,,,,
2013-11-22,6143X,COÍN,MALAGA,230,"14,1","0,0","10,6",07:22,"17,6",12:41,,,,,,,,,
2013-11-23,6143X,COÍN,MALAGA,230,"12,0","0,0","7,8",23:59,"16,2",12:31,,,,,,,,,
2013-11-24,6143X,COÍN,MALAGA,230,"11,1","0,0","2,9",06:49,"19,3",14:38,,,,,,,,,
2013-11-25,6143X,COÍN,MALAGA,230,"12,8","0,0","6,4",07:24,"19,1",14:07,,,,,,,,,
2013-11-26,6143X,COÍN,MALAGA,230,"11,6","0,0","5,2",04:40,"18,0",13:59,,,,,,,,,
2013-11-27,6143X,COÍN,MALAGA,230,"12,2","7,4","9,0",06:56,"15,4",14:43,,,,,,,,,
2013-11-28,6143X,COÍN,MALAGA,230,"10,8","0,4","9,1",02:56,"12,5",12:40,,,,,,,,,
2013-11-29,6143X,COÍN,MALAGA,230,"11,9","0,0","7,4",21:23,"16,4",12:33,,,,,,,,,
2013-11-30,6143X,COÍN,MALAGA,230,"12,4","0,0","5,7",07:34,"19,2",14:17,,,,,,,,,
2013-12-01,6143X,COÍN,MALAGA,230,"11,8","0,0","5,4",07:44,"18,2",14:55,,,,,,,,,
2013-12-02,6143X,COÍN,MALAGA,230,"11,7","0,0","4,8",03:06,"18,6",13:49,,,,,,,,,
2013-12-03,6143X,COÍN,MALAGA,230,"12,5","0,0","8,6",02:14,"16,4",13:07,,,,,,,,,
2013-12-04,6143X,COÍN,MALAGA,230,"12,4","0,4","9,4",01:17,"15,5",14:20,,,,,,,,,
2013-12-05,6143X,COÍN,MALAGA,230,"13,6","0,0","8,3",23:59,"18,8",13:52,,,,,,,,,
2013-12-06,6143X,COÍN,MALAGA,230,"13,0","0,0","6,4",06:34,"19,5",14:10,,,,,,,,,
2013-12-07,6143X,COÍN,MALAGA,230,"12,4","0,0","7,2",23:49,"17,5",12:12,,,,,,,,,
2013-12-08,6143X,COÍN,MALAGA,230,"11,9","0,0","5,6",07:16,"18,2",13:40,,,,,,,,,
2013-12-09,6143X,COÍN,MALAGA,230,"13,0","0,0","8,9",00:18,"17,2",14:28,,,,,,,,,
2013-12-10,6143X,COÍN,MALAGA,230,"13,5","0,0","10,6",06:04,"16,4",10:47,,,,,,,,,
2013-12-11,6143X,COÍN,MALAGA,230,"14,4","0,0","10,5",04:12,"18,2",12:43,,,,,,,,,
2013-12-12,6143X,COÍN,MALAGA,230,"14,4","0,0","10,0",23:55,"18,9",13:52,,,,,,,,,
2013-12-13,6143X,COÍN,MALAGA,230,"15,0","0,2","9,7",03:06,"20,3",11:58,,,,,,,,,
2013-12-14,6143X,COÍN,MALAGA,230,"14,0","0,0","10,1",07:28,"17,8",15:31,,,,,,,,,
2013-12-15,6143X,COÍN,MALAGA,230,"14,2","0,0","10,2",07:38,"18,2",13:16,,,,,,,,,
2013-12-16,6143X,COÍN,MALAGA,230,"14,5","0,0","11,7",00:01,"17,3",13:09,,,,,,,,,
2013-12-17,6143X,COÍN,MALAGA,230,"13,0","0,4","11,6",23:59,"14,5",12:31,,,,,,,,,
2013-12-18,6143X,COÍN,MALAGA,230,"15,0","0,0","10,6",05:20,"19,4",13:36,,,,,,,,,
2013-12-19,6143X,COÍN,MALAGA,230,"14,3","1,8","10,1",07:26,"18,5",13:48,,,,,,,,,
2013-12-20,6143X,COÍN,MALAGA,230,"10,1","0,0","6,8",24:00,"13,4",Varias,,,,,,,,,
2013-12-21,6143X,COÍN,MALAGA,230,"11,0","0,0","4,6",03:40,"17,3",13:04,,,,,,,,,
2013-12-22,6143X,COÍN,MALAGA,230,"13,6","0,0","7,3",08:04,"19,8",13:43,,,,,,,,,
2013-12-23,6143X,COÍN,MALAGA,230,"12,6","0,0","7,1",08:27,"18,1",12:49,,,,,,,,,
2013-12-24,6143X,COÍN,MALAGA,230,"10,7","11,6","6,0",07:39,"15,4",23:27,,,,,,,,,
2013-12-25,6143X,COÍN,MALAGA,230,"14,5","12,2","11,1",23:50,"17,9",13:31,,,,,,,,,
2013-12-26,6143X,COÍN,MALAGA,230,"13,0","0,0","9,8",23:52,"16,2",14:24,,,,,,,,,
2013-12-27,6143X,COÍN,MALAGA,230,"14,6","0,0","8,5",06:39,"20,7",15:02,,,,,,,,,
2013-12-28,6143X,COÍN,MALAGA,230,"12,7","1,0","10,0",Varias,"15,4",11:31,,,,,,,,,
2013-12-29,6143X,COÍN,MALAGA,230,"10,8","0,0","5,6",23:43,"15,9",13:41,,,,,,,,,
2013-12-30,6143X,COÍN,MALAGA,230,"10,0","0,0","3,7",05:53,"16,4",14:23,,,,,,,,,
2013-12-31,6143X,COÍN,MALAGA,230,"12,0","0,0","5,2",06:31,"18,7",15:00,,,,,,,,,
2014-01-01,6143X,COÍN,MALAGA,230,"14,8","0,0","8,6",00:19,"21,0",13:23,,,,,,,,,
2014-01-02,6143X,COÍN,MALAGA,230,"13,8","0,2","11,5",07:48,"16,0",13:59,,,,,,,,,
2014-01-03,6143X,COÍN,MALAGA,230,"15,4","0,2","10,3",04:18,"20,5",14:31,,,,,,,,,
2014-01-04,6143X,COÍN,MALAGA,230,"16,6","0,0","12,4",Varias,"20,9",13:06,,,,,,,,,
2014-01-05,6143X,COÍN,MALAGA,230,"12,6","0,0","7,3",07:59,"17,9",12:29,,,,,,,,,
2014-01-06,6143X,COÍN,MALAGA,230,"15,4","0,0","6,8",05:15,"24,1",15:02,,,,,,,,,
2014-01-07,6143X,COÍN,MALAGA,230,"14,3","0,0","7,0",07:22,"21,6",13:44,,,,,,,,,
2014-01-08,6143X,COÍN,MALAGA,230,"14,6","0,0","8,1",07:15,"21,2",14:38,,,,,,,,,
2014-01-09,6143X,COÍN,MALAGA,230,"13,0","0,0","7,5",04:06,"18,6",13:01,,,,,,,,,
2014-01-10,6143X,COÍN,MALAGA,230,"11,7","0,2","8,7",06:52,"14,7",12:32,,,,,,,,,
2014-01-11,6143X,COÍN,MALAGA,230,"13,1","0,0","9,8",22:01,"16,4",15:50,,,,,,,,,
2014-01-12,6143X,COÍN,MALAGA,230,"15,7","0,0","9,0",02:14,"22,4",15:34,,,,,,,,,
2014-01-13,6143X,COÍN,MALAGA,230,"11,7","2,8","10,1",19:55,"13,3",16:35,,,,,,,,,
2014-01-14,6143X,COÍN,MALAGA,230,"12,0","0,0","7,9",03:16,"16,2",14:05,,,,,,,,,
2014-01-15,6143X,COÍN,MALAGA,230,"15,2","0,0","10,1",23:49,"20,2",15:11,,,,,,,,,
2014-01-16,6143X,COÍN,MALAGA,230,"11,4","0,2","7,5",23:47,"15,2",12:18,,,,,,,,,
2014-01-17,6143X,COÍN,MALAGA,230,"8,6","20,0","5,9",03:54,"11,4",15:01,,,,,,,,,
2014-01-18,6143X,COÍN,MALAGA,230,"12,1","8,6","7,9",07:53,"16,3",13:43,,,,,,,,,
2014-01-19,6143X,COÍN,MALAGA,230,"10,4","0,2","7,3",04:54,"13,6",15:07,,,,,,,,,
2014-01-20,6143X,COÍN,MALAGA,230,"10,6","0,0","5,5",06:16,"15,8",15:08,,,,,,,,,
2014-01-21,6143X,COÍN,MALAGA,230,"11,4","2,2","5,9",06:10,"16,9",14:05,,,,,,,,,
2014-01-22,6143X,COÍN,MALAGA,230,"13,2","0,0","8,7",Varias,"17,7",12:12,,,,,,,,,
2014-01-23,6143X,COÍN,MALAGA,230,"13,2","0,0","9,5",03:38,"16,9",15:26,,,,,,,,,
2014-01-24,6143X,COÍN,MALAGA,230,"13,4","0,0","6,9",07:42,"20,0",14:56,,,,,,,,,
2014-01-25,6143X,COÍN,MALAGA,230,"14,9","0,0","10,1",07:42,"19,7",13:31,,,,,,,,,
2014-01-26,6143X,COÍN,MALAGA,230,"17,2","0,0","10,3",06:10,"24,2",14:27,,,,,,,,,
2014-01-27,6143X,COÍN,MALAGA,230,"16,0","0,0","10,9",23:58,"21,0",15:19,,,,,,,,,
2014-01-28,6143X,COÍN,MALAGA,230,"12,6","2,4","8,7",06:19,"16,5",16:09,,,,,,,,,
2014-01-29,6143X,COÍN,MALAGA,230,"11,8","0,0","9,2",07:35,"14,3",10:53,,,,,,,,,
2014-01-30,6143X,COÍN,MALAGA,230,"10,3","0,0","6,3",07:36,"14,3",15:42,,,,,,,,,
2014-01-31,6143X,COÍN,MALAGA,230,"12,4","0,0","10,0",05:44,"14,9",14:53,,,,,,,,,
2014-02-01,6143X,COÍN,MALAGA,230,"14,2","0,0","10,7",23:45,"17,6",09:54,,,,,,,,,
2014-02-02,6143X,COÍN,MALAGA,230,"11,9","0,0","6,1",24:00,"17,7",14:33,,,,,,,,,
2014-02-03,6143X,COÍN,MALAGA,230,"9,4","0,4","4,6",05:55,"14,2",13:49,,,,,,,,,
2014-02-04,6143X,COÍN,MALAGA,230,"10,9","0,0","4,9",06:52,"16,9",14:02,,,,,,,,,
2014-02-05,6143X,COÍN,MALAGA,230,"13,6","1,2","11,2",Varias,"16,1",13:56,,,,,,,,,
2014-02-06,6143X,COÍN,MALAGA,230,"14,9","1,2","10,2",06:41,"19,6",15:01,,,,,,,,,
2014-02-07,6143X,COÍN,MALAGA,230,"13,5","0,0","7,8",Varias,"19,2",14:52,,,,,,,,,
2014-02-08,6143X,COÍN,MALAGA,230,"11,3","5,8","6,8",03:03,"15,8",14:56,,,,,,,,,
2014-02-09,6143X,COÍN,MALAGA,230,"13,0","10,4","9,7",07:55,"16,2",22:16,,,,,,,,,
2014-02-10,6143X,COÍN,MALAGA,230,"11,4","0,0","8,9",06:57,"13,8",15:20,,,,,,,,,
2014-02-11,6143X,COÍN,MALAGA,230,"9,6","0,4","4,8",07:14,"14,4",16:43,,,,,,,,,
2014-02-12,6143X,COÍN,MALAGA,230,"13,4","1,4","9,6",02:23,"17,1",13:59,,,,,,,,,
2014-02-13,6143X,COÍN,MALAGA,230,"17,0","0,0","11,6",04:47,"22,5",13:01,,,,,,,,,
2014-02-14,6143X,COÍN,MALAGA,230,"16,6","0,0","10,6",07:13,"22,7",13:29,,,,,,,,,
2014-02-15,6143X,COÍN,MALAGA,230,"14,7","1,8","9,6",07:08,"19,8",14:26,,,,,,,,,
2014-02-16,6143X,COÍN,MALAGA,230,"12,5","0,0","8,4",23:49,"16,6",15:29,,,,,,,,,
2014-02-17,6143X,COÍN,MALAGA,230,"9,4","1,6","6,4",05:55,"12,5",10:48,,,,,,,,,
2014-02-18,6143X,COÍN,MALAGA,230,"12,5","0,0","8,9",07:47,"16,1",12:47,,,,,,,,,
2014-02-19,6143X,COÍN,MALAGA,230,"12,4","0,0","6,7",07:16,"18,2",14:14,,,,,,,,,
2014-02-20,6143X,COÍN,MALAGA,230,"13,8","0,0","7,0",07:05,"20,6",12:47,,,,,,,,,
2014-02-21,6143X,COÍN,MALAGA,230,"13,8","0,0","10,5",23:31,"17,1",14:04,,,,,,,,,
2014-02-22,6143X,COÍN,MALAGA,230,"13,6","0,0","7,1",23:58,"20,0",15:21,,,,,,,,,
2014-02-23,6143X,COÍN,MALAGA,230,"11,5","3,0","6,3",02:46,"16,7",14:53,,,,,,,,,
2014-02-24,6143X,COÍN,MALAGA,230,"12,4","0,0","7,3",23:59,"17,4",12:31,,,,,,,,,
2014-02-25,6143X,COÍN,MALAGA,230,"12,4","0,0","6,7",03:18,"18,2",12:40,,,,,,,,,
2014-02-26,6143X,COÍN,MALAGA,230,"12,8","0,0","8,2",06:56,"17,3",14:46,,,,,,,,,
2014-02-27,6143X,COÍN,MALAGA,230,"14,3","0,0","8,9",07:29,"19,7",12:16,,,,,,,,,
2014-02-28,6143X,COÍN,MALAGA,230,"16,4","0,0","10,3",06:25,"22,5",12:27,,,,,,,,,
2014-03-01,6143X,COÍN,MALAGA,230,"16,5","0,0","11,8",07:19,"21,2",13:08,,,,,,,,,
2014-03-02,6143X,COÍN,MALAGA,230,"17,6","0,0","15,1",06:25,"20,2",15:43,,,,,,,,,
2014-03-03,6143X,COÍN,MALAGA,230,"14,9","0,0","11,8",23:55,"18,0",15:15,,,,,,,,,
2014-03-04,6143X,COÍN,MALAGA,230,"14,0","0,0","9,3",06:53,"18,7",16:13,,,,,,,,,
2014-03-05,6143X,COÍN,MALAGA,230,"15,8","0,0","10,7",05:04,"20,9",15:16,,,,,,,,,
2014-03-06,6143X,COÍN,MALAGA,230,"16,0","0,0","9,9",06:36,"22,2",11:30,,,,,,,,,
2014-03-07,6143X,COÍN,MALAGA,230,"14,2","0,0","9,1",02:41,"19,3",13:04,,,,,,,,,
2014-03-08,6143X,COÍN,MALAGA,230,"13,8","0,0","7,9",03:28,"19,7",15:20,,,,,,,,,
2014-03-09,6143X,COÍN,MALAGA,230,"14,0","0,0","10,1",03:07,"17,9",14:02,,,,,,,,,
2014-03-10,6143X,COÍN,MALAGA,230,"13,7","0,0","8,8",23:55,"18,6",15:45,,,,,,,,,
2014-03-11,6143X,COÍN,MALAGA,230,"12,6","0,0","7,0",06:00,"18,3",14:54,,,,,,,,,
2014-03-12,6143X,COÍN,MALAGA,230,"13,2","6,0","10,0",04:57,"16,5",13:52,,,,,,,,,
2014-03-13,6143X,COÍN,MALAGA,230,"13,7","0,0","8,4",06:50,"19,0",Varias,,,,,,,,,
2014-03-14,6143X,COÍN,MALAGA,230,"14,0","0,0","8,0",06:40,"20,0",14:26,,,,,,,,,
2014-03-15,6143X,COÍN,MALAGA,230,"14,9","0,0","7,1",06:27,"22,7",15:06,,,,,,,,,
2014-03-16,6143X,COÍN,MALAGA,230,"16,6","0,0","8,5",04:45,"24,8",12:19,,,,,,,,,
2014-03-17,6143X,COÍN,MALAGA,230,"17,1","0,0","10,0",05:51,"24,2",14:12,,,,,,,,,
2014-03-18,6143X,COÍN,MALAGA,230,"18,7","0,0","11,1",02:37,"26,3",12:14,,,,,,,,,
2014-03-19,6143X,COÍN,MALAGA,230,"16,0","0,0","10,9",05:21,"21,1",15:39,,,,,,,,,
2014-03-20,6143X,COÍN,MALAGA,230,"13,8","0,0","9,0",06:22,"18,7",11:48,,,,,,,,,
2014-03-21,6143X,COÍN,MALAGA,230,"18,0","0,0","10,1",05:46,"25,8",14:27,,,,,,,,,
2014-03-22,6143X,COÍN,MALAGA,230,"17,3","0,0","10,6",05:13,"24,0",12:19,,,,,,,,,
2014-03-23,6143X,COÍN,MALAGA,230,"15,6","0,0","9,9",05:49,"21,3",14:41,,,,,,,,,
2014-03-24,6143X,COÍN,MALAGA,230,"17,2","0,0","9,4",06:31,"25,0",14:07,,,,,,,,,
2014-03-25,6143X,COÍN,MALAGA,230,"16,5","0,0","9,6",05:58,"23,4",13:44,,,,,,,,,
2014-03-26,6143X,COÍN,MALAGA,230,"14,8","0,0","10,0",06:22,"19,5",15:47,,,,,,,,,
2014-03-27,6143X,COÍN,MALAGA,230,"12,8","0,0","7,2",06:11,"18,3",11:24,,,,,,,,,
2014-03-28,6143X,COÍN,MALAGA,230,"13,6","4,0","10,5",23:58,"16,7",14:02,,,,,,,,,
2014-03-29,6143X,COÍN,MALAGA,230,"11,8","3,8","8,5",07:31,"15,0",16:44,,,,,,,,,
2014-03-30,6143X,COÍN,MALAGA,230,"13,4","0,0","7,3",06:15,"19,4",13:30,,,,,,,,,
2014-03-31,6143X,COÍN,MALAGA,230,"14,5","0,0","8,6",05:49,"20,4",15:28,,,,,,,,,
2014-04-01,6143X,COÍN,MALAGA,230,"14,7","4,2","10,1",06:03,"19,3",12:08,,,,,,,,,
2014-04-02,6143X,COÍN,MALAGA,230,"13,2","3,0","11,4",Varias,"15,0",15:04,,,,,,,,,
2014-04-03,6143X,COÍN,MALAGA,230,"13,6","0,2","9,2",02:39,"17,9",15:03,,,,,,,,,
2014-04-04,6143X,COÍN,MALAGA,230,"16,2","0,0","10,5",05:37,"21,8",15:04,,,,,,,,,
2014-04-05,6143X,COÍN,MALAGA,230,"18,2","0,0","12,4",05:45,"24,0",17:05,,,,,,,,,
2014-04-06,6143X,COÍN,MALAGA,230,"20,0","0,0","13,2",05:40,"26,9",11:45,,,,,,,,,
2014-04-07,6143X,COÍN,MALAGA,230,"20,2","0,0","13,3",05:21,"27,2",14:12,,,,,,,,,
2014-04-08,6143X,COÍN,MALAGA,230,"20,6","0,0","13,1",03:45,"28,0",14:19,,,,,,,,,
2014-04-09,6143X,COÍN,MALAGA,230,"18,8","0,0","13,7",Varias,"23,9",09:52,,,,,,,,,
2014-04-10,6143X,COÍN,MALAGA,230,"19,2","0,0","10,8",05:36,"27,5",14:18,,,,,,,,,
2014-04-11,6143X,COÍN,MALAGA,230,"21,4","0,0","16,0",23:56,"26,9",14:52,,,,,,,,,
2014-04-12,6143X,COÍN,MALAGA,230,"20,8","0,0","13,4",05:31,"28,1",14:43,,,,,,,,,
2014-04-13,6143X,COÍN,MALAGA,230,"18,5","0,0","13,2",05:17,"23,8",13:19,,,,,,,,,
2014-04-14,6143X,COÍN,MALAGA,230,"19,0","0,0","12,5",03:54,"25,4",15:57,,,,,,,,,
2014-04-15,6143X,COÍN,MALAGA,230,"18,9","0,0","12,8",05:10,"25,0",15:00,,,,,,,,,
2014-04-16,6143X,COÍN,MALAGA,230,"20,0","0,0","13,4",05:30,"26,7",11:29,,,,,,,,,
2014-04-17,6143X,COÍN,MALAGA,230,"20,6","0,0","13,4",04:07,"27,7",14:44,,,,,,,,,
2014-04-18,6143X,COÍN,MALAGA,230,"20,6","0,0","12,9",05:35,"28,2",14:36,,,,,,,,,
2014-04-19,6143X,COÍN,MALAGA,230,"19,8","0,0","15,3",22:45,"24,3",16:13,,,,,,,,,
2014-04-20,6143X,COÍN,MALAGA,230,"15,2","16,0","13,4",10:39,"17,0",17:30,,,,,,,,,
2014-04-21,6143X,COÍN,MALAGA,230,"14,7","19,8","11,6",23:05,"17,8",09:26,,,,,,,,,
2014-04-22,6143X,COÍN,MALAGA,230,"18,3","0,0","11,5",01:21,"25,1",14:57,,,,,,,,,
2014-04-23,6143X,COÍN,MALAGA,230,"19,6","0,0","11,6",05:55,"27,5",15:00,,,,,,,,,
2014-04-24,6143X,COÍN,MALAGA,230,"19,5","0,0","13,6",04:31,"25,4",12:47,,,,,,,,,
2014-04-25,6143X,COÍN,MALAGA,230,"17,4","0,0","11,9",05:27,"22,9",16:18,,,,,,,,,
2014-04-26,6143X,COÍN,MALAGA,230,"21,4","0,0","14,3",05:43,"28,4",15:26,,,,,,,,,
2014-04-27,6143X,COÍN,MALAGA,230,"22,2","0,0","16,0",02:48,"28,3",14:32,,,,,,,,,
2014-04-28,6143X,COÍN,MALAGA,230,"23,8","0,0","15,9",04:48,"31,7",16:31,,,,,,,,,
2014-04-29,6143X,COÍN,MALAGA,230,"24,0","0,0","16,9",05:30,"31,2",17:19,,,,,,,,,
2014-04-30,6143X,COÍN,MALAGA,230,"24,4","0,0","18,5",22:45,"30,4",11:51,,,,,,,,,
2014-05-01,6143X,COÍN,MALAGA,230,"21,4","0,0","15,8",23:58,"27,1",13:22,,,,,,,,,
2014-05-02,6143X,COÍN,MALAGA,230,"22,0","0,0","13,9",04:51,"30,1",13:18,,,,,,,,,
2014-05-03,6143X,COÍN,MALAGA,230,"19,6","0,0","14,0",23:47,"25,2",10:58,,,,,,,,,
2014-05-04,6143X,COÍN,MALAGA,230,"19,3","0,0","12,3",04:44,"26,3",15:20,,,,,,,,,
2014-05-05,6143X,COÍN,MALAGA,230,"19,5","0,0","13,1",05:15,"25,9",15:43,,,,,,,,,
2014-05-06,6143X,COÍN,MALAGA,230,"20,7","0,0","12,0",04:34,"29,4",16:23,,,,,,,,,
2014-05-07,6143X,COÍN,MALAGA,230,"22,0","0,0","14,2",04:45,"29,9",15:54,,,,,,,,,
2014-05-08,6143X,COÍN,MALAGA,230,"20,2","0,0","15,0",05:43,"25,5",15:28,,,,,,,,,
2014-05-09,6143X,COÍN,MALAGA,230,"19,9","0,0","14,6",04:36,"25,2",15:21,,,,,,,,,
2014-05-10,6143X,COÍN,MALAGA,230,"21,4","0,0","14,6",03:47,"28,1",13:48,,,,,,,,,
2014-05-11,6143X,COÍN,MALAGA,230,"26,1","0,0","17,2",05:16,"35,0",12:24,,,,,,,,,
2014-05-12,6143X,COÍN,MALAGA,230,"22,9","0,0","17,6",23:51,"28,2",10:51,,,,,,,,,
2014-05-13,6143X,COÍN,MALAGA,230,"20,5","0,0","15,7",05:18,"25,3",16:00,,,,,,,,,
2014-05-14,6143X,COÍN,MALAGA,230,"19,4","0,0","16,4",23:58,"22,5",14:38,,,,,,,,,
2014-05-15,6143X,COÍN,MALAGA,230,"18,6","0,0","15,1",04:55,"22,0",15:56,,,,,,,,,
2014-05-16,6143X,COÍN,MALAGA,230,"18,0","0,0","13,7",04:29,"22,3",16:11,,,,,,,,,
2014-05-17,6143X,COÍN,MALAGA,230,"17,1","0,4","13,5",04:49,"20,7",11:37,,,,,,,,,
2014-05-18,6143X,COÍN,MALAGA,230,"17,6","0,0","13,6",05:40,"21,6",14:52,,,,,,,,,
2014-05-19,6143X,COÍN,MALAGA,230,"19,6","0,0","12,3",03:45,"26,9",17:14,,,,,,,,,
2014-05-20,6143X,COÍN,MALAGA,230,"19,9","2,4","14,5",03:45,"25,3",13:57,,,,,,,,,
2014-05-21,6143X,COÍN,MALAGA,230,"19,2","0,0","14,7",04:53,"23,7",15:17,,,,,,,,,
2014-05-22,6143X,COÍN,MALAGA,230,"19,7","0,0","12,7",04:36,"26,7",17:22,,,,,,,,,
2014-05-23,6143X,COÍN,MALAGA,230,"18,8","0,0","10,8",04:49,"26,9",14:47,,,,,,,,,
2014-05-24,6143X,COÍN,MALAGA,230,"19,0","0,0","13,5",04:55,"24,4",14:42,,,,,,,,,
2014-05-25,6143X,COÍN,MALAGA,230,"18,8","0,0","12,3",05:12,"25,4",15:49,,,,,,,,,
2014-05-26,6143X,COÍN,MALAGA,230,"21,4","0,0","12,9",05:06,"29,8",15:36,,,,,,,,,
2014-05-27,6143X,COÍN,MALAGA,230,"21,0","0,0","14,2",05:12,"27,7",14:46,,,,,,,,,
2014-05-28,6143X,COÍN,MALAGA,230,"20,9","0,0","16,1",04:56,"25,7",15:43,,,,,,,,,
2014-05-29,6143X,COÍN,MALAGA,230,"23,0","0,0","15,3",04:42,"30,6",15:40,,,,,,,,,
2014-05-30,6143X,COÍN,MALAGA,230,"25,3","0,0","17,7",04:51,"32,9",14:12,,,,,,,,,
2014-05-31,6143X,COÍN,MALAGA,230,"19,7","31,0","15,2",22:24,"24,2",09:06,,,,,,,,,
2014-06-01,6143X,COÍN,MALAGA,230,"19,4","1,2","13,3",04:55,"25,6",16:21,,,,,,,,,
2014-06-02,6143X,COÍN,MALAGA,230,"22,6","0,0","13,1",05:10,"32,2",16:29,,,,,,,,,
2014-06-03,6143X,COÍN,MALAGA,230,"23,1","0,0","14,5",05:09,"31,7",15:21,,,,,,,,,
2014-06-04,6143X,COÍN,MALAGA,230,"25,9","0,0","17,1",04:09,"34,7",16:21,,,,,,,,,
2014-06-05,6143X,COÍN,MALAGA,230,"24,9","0,0","18,2",04:53,"31,6",10:59,,,,,,,,,
2014-06-06,6143X,COÍN,MALAGA,230,"24,6","0,0","17,8",04:36,"31,3",14:35,,,,,,,,,
2014-06-07,6143X,COÍN,MALAGA,230,"24,9","0,0","16,2",04:56,"33,6",15:37,,,,,,,,,
2014-06-08,6143X,COÍN,MALAGA,230,"26,2","0,0","17,2",05:20,"35,2",15:32,,,,,,,,,
2014-06-09,6143X,COÍN,MALAGA,230,"26,0","0,0","18,2",04:39,"33,7",15:11,,,,,,,,,
2014-06-10,6143X,COÍN,MALAGA,230,"24,0","1,4","18,5",04:55,"29,5",10:16,,,,,,,,,
2014-06-11,6143X,COÍN,MALAGA,230,"25,1","0,0","19,0",05:13,"31,2",15:57,,,,,,,,,
2014-06-12,6143X,COÍN,MALAGA,230,"25,6","0,0","18,8",05:22,"32,5",15:30,,,,,,,,,
2014-06-13,6143X,COÍN,MALAGA,230,"26,2","0,0","19,6",04:47,"32,8",16:03,,,,,,,,,
2014-06-14,6143X,COÍN,MALAGA,230,"27,2","0,0","19,4",04:56,"34,9",11:31,,,,,,,,,
2014-06-15,6143X,COÍN,MALAGA,230,"28,4","0,0","20,7",23:54,"36,0",09:47,,,,,,,,,
2014-06-16,6143X,COÍN,MALAGA,230,"22,4","0,0","18,3",04:30,"26,5",13:57,,,,,,,,,
2014-06-17,6143X,COÍN,MALAGA,230,"22,4","0,0","17,3",05:11,"27,4",14:40,,,,,,,,,
2014-06-18,6143X,COÍN,MALAGA,230,"23,6","0,0","16,8",04:48,"30,4",13:05,,,,,,,,,
2014-06-19,6143X,COÍN,MALAGA,230,"23,2","0,0","17,8",05:21,"28,5",13:29,,,,,,,,,
2014-06-20,6143X,COÍN,MALAGA,230,"24,2","0,0","18,7",04:45,"29,7",16:49,,,,,,,,,
2014-06-21,6143X,COÍN,MALAGA,230,"24,8","0,0","17,3",04:53,"32,4",14:38,,,,,,,,,
2014-06-22,6143X,COÍN,MALAGA,230,"24,3","0,0","17,0",06:08,"31,6",15:58,,,,,,,,,
2014-06-23,6143X,COÍN,MALAGA,230,"23,2","0,0","16,7",04:32,"29,8",16:31,,,,,,,,,
2014-06-24,6143X,COÍN,MALAGA,230,"20,6","4,2","16,6",23:55,"24,7",08:53,,,,,,,,,
2014-06-25,6143X,COÍN,MALAGA,230,"22,4","0,0","15,2",04:25,"29,7",15:01,,,,,,,,,
2014-06-26,6143X,COÍN,MALAGA,230,"25,9","0,0","18,5",05:19,"33,3",17:02,,,,,,,,,
2014-06-27,6143X,COÍN,MALAGA,230,"25,4","0,0","19,3",04:44,"31,6",16:37,,,,,,,,,
2014-06-28,6143X,COÍN,MALAGA,230,"27,4","0,0","18,9",05:07,"35,8",16:52,,,,,,,,,
2014-06-29,6143X,COÍN,MALAGA,230,"26,9","0,0","19,9",04:44,"33,9",15:20,,,,,,,,,
2014-06-30,6143X,COÍN,MALAGA,230,"25,2","0,0","19,6",05:20,"30,9",16:51,,,,,,,,,
2014-07-01,6143X,COÍN,MALAGA,230,"26,8","0,0","18,7",03:35,"34,9",15:07,,,,,,,,,
2014-07-02,6143X,COÍN,MALAGA,230,"23,8","0,0","18,1",05:22,"29,4",14:35,,,,,,,,,
2014-07-03,6143X,COÍN,MALAGA,230,"23,4","0,2","17,3",04:51,"29,4",14:21,,,,,,,,,
2014-07-04,6143X,COÍN,MALAGA,230,"26,2","0,0","17,5",05:17,"34,8",16:57,,,,,,,,,
2014-07-05,6143X,COÍN,MALAGA,230,"27,4","0,0","20,8",04:58,"34,0",17:01,,,,,,,,,
2014-07-06,6143X,COÍN,MALAGA,230,"27,0","0,0","21,0",04:13,"33,0",14:34,,,,,,,,,
2014-07-07,6143X,COÍN,MALAGA,230,"27,6","0,0","20,1",05:18,"35,0",15:37,,,,,,,,,
2014-07-08,6143X,COÍN,MALAGA,230,"26,4","0,0","20,5",23:51,"32,2",14:59,,,,,,,,,
2014-07-09,6143X,COÍN,MALAGA,230,"24,2","0,0","18,9",Varias,"29,5",16:05,,,,,,,,,
2014-07-10,6143X,COÍN,MALAGA,230,"24,4","0,0","19,5",00:44,"29,4",16:25,,,,,,,,,
2014-07-11,6143X,COÍN,MALAGA,230,"25,9","0,0","18,4",05:18,"33,4",14:35,,,,,,,,,
2014-07-12,6143X,COÍN,MALAGA,230,"26,4","0,0","19,8",05:26,"33,0",16:11,,,,,,,,,
2014-07-13,6143X,COÍN,MALAGA,230,"26,6","0,0","20,4",05:05,"32,7",15:55,,,,,,,,,
2014-07-14,6143X,COÍN,MALAGA,230,"27,2","0,0","18,3",05:10,"36,0",10:57,,,,,,,,,
2014-07-15,6143X,COÍN,MALAGA,230,"25,5","0,0","19,2",04:45,"31,8",16:35,,,,,,,,,
2014-07-16,6143X,COÍN,MALAGA,230,"26,4","0,0","19,5",04:47,"33,4",17:07,,,,,,,,,
2014-07-17,6143X,COÍN,MALAGA,230,,"0,0",,,,,,,,,,,,,
2014-07-18,6143X,COÍN,MALAGA,230,"28,7","0,0","22,5",02:32,"34,9",15:10,,,,,,,,,
2014-07-19,6143X,COÍN,MALAGA,230,"26,6","0,0","19,3",05:30,"33,9",14:55,,,,,,,,,
2014-07-20,6143X,COÍN,MALAGA,230,"25,6","0,0","18,5",04:52,"32,8",16:00,,,,,,,,,
2014-07-21,6143X,COÍN,MALAGA,230,"27,2","0,0","21,4",04:45,"32,9",11:42,,,,,,,,,
2014-07-22,6143X,COÍN,MALAGA,230,"26,8","0,0","20,3",04:58,"33,2",14:17,,,,,,,,,
2014-07-23,6143X,COÍN,MALAGA,230,"27,5","0,0","20,0",02:39,"35,0",15:07,,,,,,,,,
2014-07-24,6143X,COÍN,MALAGA,230,"30,3","0,0","22,6",02:03,"38,0",13:27,,,,,,,,,
2014-07-25,6143X,COÍN,MALAGA,230,"28,6","0,0","22,1",04:55,"35,0",11:43,,,,,,,,,
2014-07-26,6143X,COÍN,MALAGA,230,"26,8","0,0","21,6",05:16,"31,9",09:58,,,,,,,,,
2014-07-27,6143X,COÍN,MALAGA,230,"27,4","0,0","20,9",04:47,"34,0",15:50,,,,,,,,,
2014-07-28,6143X,COÍN,MALAGA,230,"29,9","0,0","22,1",04:43,"37,7",13:14,,,,,,,,,
2014-07-29,6143X,COÍN,MALAGA,230,"28,8","0,0","22,8",04:07,"34,8",12:34,,,,,,,,,
2014-07-30,6143X,COÍN,MALAGA,230,"27,0","0,0","22,9",23:49,"31,1",13:36,,,,,,,,,
2014-07-31,6143X,COÍN,MALAGA,230,"27,2","0,0","20,6",05:34,"33,8",12:40,,,,,,,,,
2014-08-01,6143X,COÍN,MALAGA,230,"26,0","0,0","19,4",05:32,"32,5",15:08,,,,,,,,,
2014-08-02,6143X,COÍN,MALAGA,230,"26,4","0,0","19,7",05:43,"33,2",16:04,,,,,,,,,
2014-08-03,6143X,COÍN,MALAGA,230,"26,2","0,0","19,6",05:27,"32,9",16:01,,,,,,,,,
2014-08-04,6143X,COÍN,MALAGA,230,"27,3","0,0","19,9",04:30,"34,7",17:11,,,,,,,,,
2014-08-05,6143X,COÍN,MALAGA,230,"30,3","0,0","21,5",05:24,"39,1",14:52,,,,,,,,,
2014-08-06,6143X,COÍN,MALAGA,230,"26,6","0,0","20,8",05:35,"32,3",15:46,,,,,,,,,
2014-08-07,6143X,COÍN,MALAGA,230,"27,6","0,0","21,5",01:48,"33,7",15:18,,,,,,,,,
2014-08-08,6143X,COÍN,MALAGA,230,"27,0","0,0","20,4",05:12,"33,7",13:09,,,,,,,,,
2014-08-09,6143X,COÍN,MALAGA,230,"28,2","0,0","21,2",03:31,"35,2",11:08,,,,,,,,,
2014-08-10,6143X,COÍN,MALAGA,230,"30,2","0,0","22,4",05:20,"37,9",13:48,,,,,,,,,
2014-08-11,6143X,COÍN,MALAGA,230,"31,6","0,0","23,6",03:16,"39,7",16:07,,,,,,,,,
2014-08-12,6143X,COÍN,MALAGA,230,"28,4","0,0","23,0",05:20,"33,7",17:03,,,,,,,,,
2014-08-13,6143X,COÍN,MALAGA,230,"30,6","0,0","23,8",05:14,"37,5",15:51,,,,,,,,,
2014-08-14,6143X,COÍN,MALAGA,230,"26,4","0,0","22,1",05:01,"30,7",13:47,,,,,,,,,
2014-08-15,6143X,COÍN,MALAGA,230,"27,0","0,0","23,1",Varias,"30,8",15:31,,,,,,,,,
2014-08-16,6143X,COÍN,MALAGA,230,"25,6","0,0","21,4",05:21,"29,7",14:38,,,,,,,,,
2014-08-17,6143X,COÍN,MALAGA,230,"26,0","0,0","22,7",23:52,"29,3",16:03,,,,,,,,,
2014-08-18,6143X,COÍN,MALAGA,230,"26,4","0,0","21,5",23:57,"31,3",14:56,,,,,,,,,
2014-08-19,6143X,COÍN,MALAGA,230,"27,7","0,0","19,5",03:48,"35,9",16:25,,,,,,,,,
2014-08-20,6143X,COÍN,MALAGA,230,"28,1","0,0","19,3",04:58,"36,9",15:06,,,,,,,,,
2014-08-21,6143X,COÍN,MALAGA,230,"28,4","0,0","21,8",05:42,"35,0",11:06,,,,,,,,,
2014-08-22,6143X,COÍN,MALAGA,230,"27,7","0,0","19,3",05:16,"36,1",16:29,,,,,,,,,
2014-08-23,6143X,COÍN,MALAGA,230,"27,8","0,0","21,3",05:22,"34,3",11:19,,,,,,,,,
2014-08-24,6143X,COÍN,MALAGA,230,"26,4","0,0","20,8",04:42,"31,9",15:23,,,,,,,,,
2014-08-25,6143X,COÍN,MALAGA,230,"27,3","0,0","20,3",Varias,"34,3",13:11,,,,,,,,,
2014-08-26,6143X,COÍN,MALAGA,230,"30,4","0,0","21,3",04:40,"39,6",14:40,,,,,,,,,
2014-08-27,6143X,COÍN,MALAGA,230,"32,8","0,0","24,8",03:33,"40,8",16:39,,,,,,,,,
2014-08-28,6143X,COÍN,MALAGA,230,"29,2","0,0","22,9",05:30,"35,5",13:37,,,,,,,,,
2014-08-29,6143X,COÍN,MALAGA,230,"29,9","0,0","22,3",23:43,"37,5",13:00,,,,,,,,,
2014-08-30,6143X,COÍN,MALAGA,230,"25,7","0,0","20,6",04:49,"30,8",15:41,,,,,,,,,
2014-08-31,6143X,COÍN,MALAGA,230,"25,9","0,0","20,8",05:53,"31,0",14:50,,,,,,,,,
2014-09-01,6143X,COÍN,MALAGA,230,"27,5","0,0","21,8",04:39,"33,2",15:09,,,,,,,,,
2014-09-02,6143X,COÍN,MALAGA,230,"28,2","0,0","20,8",03:46,"35,7",12:55,,,,,,,,,
2014-09-03,6143X,COÍN,MALAGA,230,"30,8","0,0","22,3",05:59,"39,4",15:58,,,,,,,,,
2014-09-04,6143X,COÍN,MALAGA,230,"30,6","0,0","22,5",04:42,"38,7",15:18,,,,,,,,,
2014-09-05,6143X,COÍN,MALAGA,230,"30,0","0,0","21,8",05:48,"38,1",15:06,,,,,,,,,
2014-09-06,6143X,COÍN,MALAGA,230,"28,3","0,0","20,8",05:49,"35,8",13:31,,,,,,,,,
2014-09-07,6143X,COÍN,MALAGA,230,"27,0","0,0","20,3",05:48,"33,8",16:17,,,,,,,,,
2014-09-08,6143X,COÍN,MALAGA,230,"27,2","0,0","20,5",06:04,"34,0",13:10,,,,,,,,,
2014-09-09,6143X,COÍN,MALAGA,230,"26,4","0,0","20,8",05:29,"31,9",11:14,,,,,,,,,
2014-09-10,6143X,COÍN,MALAGA,230,"26,2","0,0","19,4",05:40,"33,1",16:19,,,,,,,,,
2014-09-11,6143X,COÍN,MALAGA,230,"26,2","0,0","19,4",06:14,"32,9",15:47,,,,,,,,,
2014-09-12,6143X,COÍN,MALAGA,230,"26,5","0,0","19,0",06:04,"34,0",13:51,,,,,,,,,
2014-09-13,6143X,COÍN,MALAGA,230,"27,0","0,0","19,6",05:22,"34,5",15:27,,,,,,,,,
2014-09-14,6143X,COÍN,MALAGA,230,"27,2","0,0","19,8",05:46,"34,6",14:50,,,,,,,,,
2014-09-15,6143X,COÍN,MALAGA,230,"25,4","0,0","18,1",06:17,"32,7",14:08,,,,,,,,,
2014-09-16,6143X,COÍN,MALAGA,230,"24,2","0,0","17,7",03:02,"30,6",11:35,,,,,,,,,
2014-09-17,6143X,COÍN,MALAGA,230,"23,0","1,0","19,1",Varias,"27,0",14:04,,,,,,,,,
2014-09-18,6143X,COÍN,MALAGA,230,"22,8","0,0","17,1",05:47,"28,6",15:26,,,,,,,,,
2014-09-19,6143X,COÍN,MALAGA,230,"22,6","0,0","17,0",04:27,"28,1",14:44,,,,,,,,,
2014-09-20,6143X,COÍN,MALAGA,230,"24,6","0,0","18,6",Varias,"30,5",13:31,,,,,,,,,
2014-09-21,6143X,COÍN,MALAGA,230,"25,0","0,0","19,3",04:19,"30,6",13:32,,,,,,,,,
2014-09-22,6143X,COÍN,MALAGA,230,"24,4","0,0","17,5",05:07,"31,2",16:13,,,,,,,,,
2014-09-23,6143X,COÍN,MALAGA,230,"22,4","0,0","16,7",06:14,"28,0",14:01,,,,,,,,,
2014-09-24,6143X,COÍN,MALAGA,230,"22,6","0,0","15,7",05:54,"29,4",13:29,,,,,,,,,
2014-09-25,6143X,COÍN,MALAGA,230,"22,1","0,0","16,6",05:56,"27,6",12:19,,,,,,,,,
2014-09-26,6143X,COÍN,MALAGA,230,"21,2","26,8","16,1",03:17,"26,3",12:53,,,,,,,,,
2014-09-27,6143X,COÍN,MALAGA,230,"19,3","15,8","17,2",Varias,"21,4",10:07,,,,,,,,,
2014-09-28,6143X,COÍN,MALAGA,230,"21,4","0,6","17,8",05:52,"24,9",12:14,,,,,,,,,
2014-09-29,6143X,COÍN,MALAGA,230,"22,4","0,0","17,8",06:16,"27,1",12:33,,,,,,,,,
2014-09-30,6143X,COÍN,MALAGA,230,"22,4","0,0","17,2",02:47,"27,6",13:11,,,,,,,,,
2014-10-01,6143X,COÍN,MALAGA,230,"22,8","0,0","20,0",06:29,"25,6",13:04,,,,,,,,,
2014-10-02,6143X,COÍN,MALAGA,230,"23,2","0,0","20,5",05:55,"25,9",15:12,,,,,,,,,
2014-10-03,6143X,COÍN,MALAGA,230,"22,4","0,0","18,5",Varias,"26,3",Varias,,,,,,,,,
2014-10-04,6143X,COÍN,MALAGA,230,"22,8","0,0","17,1",05:34,"28,5",11:43,,,,,,,,,
2014-10-05,6143X,COÍN,MALAGA,230,"24,2","0,0","18,0",01:29,"30,4",15:15,,,,,,,,,
2014-10-06,6143X,COÍN,MALAGA,230,"23,0","0,0","17,1",05:56,"28,9",13:45,,,,,,,,,
2014-10-07,6143X,COÍN,MALAGA,230,"23,0","0,0","15,3",06:44,"30,8",14:13,,,,,,,,,
2014-10-08,6143X,COÍN,MALAGA,230,"22,6","0,0","15,6",06:10,"29,6",14:39,,,,,,,,,
2014-10-09,6143X,COÍN,MALAGA,230,"23,6","0,0","16,9",05:59,"30,2",13:15,,,,,,,,,
2014-10-10,6143X,COÍN,MALAGA,230,"20,4","9,4","15,9",06:15,"25,0",10:18,,,,,,,,,
2014-10-11,6143X,COÍN,MALAGA,230,"22,2","3,8","16,2",03:27,"28,2",15:15,,,,,,,,,
2014-10-12,6143X,COÍN,MALAGA,230,"17,5","11,0","13,6",23:03,"21,4",14:41,,,,,,,,,
2014-10-13,6143X,COÍN,MALAGA,230,"16,0","12,6","11,9",06:15,"20,2",11:18,,,,,,,,,
2014-10-14,6143X,COÍN,MALAGA,230,"18,2","0,0","13,9",03:39,"22,5",13:38,,,,,,,,,
2014-10-15,6143X,COÍN,MALAGA,230,"20,9","0,0","13,3",04:44,"28,5",16:06,,,,,,,,,
2014-10-16,6143X,COÍN,MALAGA,230,"22,0","0,0","15,6",06:21,"28,3",13:49,,,,,,,,,
2014-10-17,6143X,COÍN,MALAGA,230,"22,4","0,0","15,9",05:32,"29,0",15:20,,,,,,,,,
2014-10-18,6143X,COÍN,MALAGA,230,"22,8","0,0","16,4",03:35,"29,3",13:16,,,,,,,,,
2014-10-19,6143X,COÍN,MALAGA,230,"24,4","0,0","18,1",00:13,"30,6",14:49,,,,,,,,,
2014-10-20,6143X,COÍN,MALAGA,230,"24,4","0,0","18,4",23:51,"30,4",13:49,,,,,,,,,
2014-10-21,6143X,COÍN,MALAGA,230,"24,4","0,0","17,1",05:23,"31,8",Varias,,,,,,,,,
2014-10-22,6143X,COÍN,MALAGA,230,"26,0","0,0","18,3",23:59,"33,8",15:01,,,,,,,,,
2014-10-23,6143X,COÍN,MALAGA,230,"21,4","0,0","15,6",Varias,"27,2",13:54,,,,,,,,,
2014-10-24,6143X,COÍN,MALAGA,230,"21,8","0,0","13,9",03:53,"29,8",14:10,,,,,,,,,
2014-10-25,6143X,COÍN,MALAGA,230,"21,7","0,0","15,1",06:07,"28,3",12:22,,,,,,,,,
2014-10-26,6143X,COÍN,MALAGA,230,"21,5","0,0","15,9",05:00,"27,1",11:01,,,,,,,,,
2014-10-27,6143X,COÍN,MALAGA,230,"20,4","0,0","15,0",06:32,"25,9",11:37,,,,,,,,,
2014-10-28,6143X,COÍN,MALAGA,230,"19,8","0,0","15,4",06:43,"24,1",14:36,,,,,,,,,
2014-10-29,6143X,COÍN,MALAGA,230,"20,1","0,0","15,7",06:11,"24,5",15:23,,,,,,,,,
2014-10-30,6143X,COÍN,MALAGA,230,"20,4","0,0","14,3",06:36,"26,4",13:30,,,,,,,,,
2014-10-31,6143X,COÍN,MALAGA,230,"19,4","0,0","14,5",06:23,"24,4",10:35,,,,,,,,,
2014-11-01,6143X,COÍN,MALAGA,230,"19,7","0,0","14,9",Varias,"24,5",14:51,,,,,,,,,
2014-11-02,6143X,COÍN,MALAGA,230,"19,4","0,0","14,7",07:08,"24,2",12:30,,,,,,,,,
2014-11-03,6143X,COÍN,MALAGA,230,"18,8","7,2","13,4",06:55,"24,1",15:48,,,,,,,,,
2014-11-04,6143X,COÍN,MALAGA,230,"15,8","0,6","12,7",23:33,"19,0",05:20,,,,,,,,,
2014-11-05,6143X,COÍN,MALAGA,230,"14,2","0,0","10,0",06:36,"18,4",14:45,,,,,,,,,
2014-11-06,6143X,COÍN,MALAGA,230,"15,0","0,0","8,4",05:36,"21,7",14:25,,,,,,,,,
2014-11-07,6143X,COÍN,MALAGA,230,"18,2","0,2","12,9",00:08,"23,5",12:16,,,,,,,,,
2014-11-08,6143X,COÍN,MALAGA,230,"17,4","4,4","14,2",19:52,"20,5",12:13,,,,,,,,,
2014-11-09,6143X,COÍN,MALAGA,230,"15,2","0,0","11,6",23:45,"18,7",12:41,,,,,,,,,
2014-11-10,6143X,COÍN,MALAGA,230,"13,8","3,0","7,5",06:27,"20,0",14:29,,,,,,,,,
2014-11-11,6143X,COÍN,MALAGA,230,"14,6","9,2","12,3",00:43,"16,9",11:04,,,,,,,,,
2014-11-12,6143X,COÍN,MALAGA,230,"17,2","0,0","13,4",23:56,"21,0",12:31,,,,,,,,,
2014-11-13,6143X,COÍN,MALAGA,230,"16,4","2,4","13,1",00:21,"19,7",13:55,,,,,,,,,
2014-11-14,6143X,COÍN,MALAGA,230,"17,4","6,2","13,6",23:50,"21,1",12:00,,,,,,,,,
2014-11-15,6143X,COÍN,MALAGA,230,"15,5","0,0","10,8",23:27,"20,2",13:34,,,,,,,,,
2014-11-16,6143X,COÍN,MALAGA,230,"15,1","0,0","10,2",06:56,"20,0",11:46,,,,,,,,,
2014-11-17,6143X,COÍN,MALAGA,230,"14,2","0,0","9,2",04:36,"19,3",15:10,,,,,,,,,
2014-11-18,6143X,COÍN,MALAGA,230,"14,1","0,0","8,1",05:40,"20,1",13:25,,,,,,,,,
2014-11-19,6143X,COÍN,MALAGA,230,"15,8","0,0","10,3",Varias,"21,2",13:59,,,,,,,,,
2014-11-20,6143X,COÍN,MALAGA,230,"15,4","0,0","11,0",04:59,"19,8",14:18,,,,,,,,,
2014-11-21,6143X,COÍN,MALAGA,230,"19,6","0,0","15,3",22:37,"23,9",14:11,,,,,,,,,
2014-11-22,6143X,COÍN,MALAGA,230,"18,6","0,0","14,7",00:56,"22,6",14:32,,,,,,,,,
2014-11-23,6143X,COÍN,MALAGA,230,"20,2","2,2","15,5",22:09,"25,0",12:56,,,,,,,,,
2014-11-24,6143X,COÍN,MALAGA,230,"18,7","0,2","14,0",07:30,"23,4",12:16,,,,,,,,,
2014-11-25,6143X,COÍN,MALAGA,230,"17,7","0,0","12,7",06:37,"22,7",11:12,,,,,,,,,
2014-11-26,6143X,COÍN,MALAGA,230,"16,6","67,6","11,5",06:19,"21,6",13:23,,,,,,,,,
2014-11-27,6143X,COÍN,MALAGA,230,"13,6","65,6","11,8",20:50,"15,4",11:10,,,,,,,,,
2014-11-28,6143X,COÍN,MALAGA,230,"13,1","6,0","9,6",22:31,"16,6",13:33,,,,,,,,,
2014-11-29,6143X,COÍN,MALAGA,230,"11,7","2,6","9,1",01:26,"14,3",14:22,,,,,,,,,
2014-11-30,6143X,COÍN,MALAGA,230,"15,0","0,0","9,4",06:10,"20,5",14:06,,,,,,,,,
2014-12-01,6143X,COÍN,MALAGA,230,"16,3","0,0","11,2",04:56,"21,4",15:32,,,,,,,,,
2014-12-02,6143X,COÍN,MALAGA,230,"14,9","0,0","11,3",22:24,"18,5",14:23,,,,,,,,,
2014-12-03,6143X,COÍN,MALAGA,230,"12,2","0,0","8,5",23:34,"15,9",16:06,,,,,,,,,
2014-12-04,6143X,COÍN,MALAGA,230,"13,6","0,0","7,7",07:35,"19,6",14:10,,,,,,,,,
2014-12-05,6143X,COÍN,MALAGA,230,"12,9","0,0","6,8",07:33,"19,0",14:23,,,,,,,,,
2014-12-06,6143X,COÍN,MALAGA,230,"11,1","0,0","6,2",07:06,"16,0",13:26,,,,,,,,,
2014-12-07,6143X,COÍN,MALAGA,230,"10,6","0,0","6,0",06:43,"15,2",14:17,,,,,,,,,
2014-12-08,6143X,COÍN,MALAGA,230,"11,3","0,0","3,4",05:48,"19,2",14:36,,,,,,,,,
2014-12-09,6143X,COÍN,MALAGA,230,"10,8","0,0","7,0",03:24,"14,7",12:26,,,,,,,,,
2014-12-10,6143X,COÍN,MALAGA,230,"12,3","0,0","7,1",07:25,"17,5",13:30,,,,,,,,,
2014-12-11,6143X,COÍN,MALAGA,230,"11,3","0,0","5,8",07:02,"16,8",13:51,,,,,,,,,
2014-12-12,6143X,COÍN,MALAGA,230,"12,2","0,0","5,8",Varias,"18,7",13:50,,,,,,,,,
2014-12-13,6143X,COÍN,MALAGA,230,"13,1","7,0","9,9",06:18,"16,3",14:56,,,,,,,,,
2014-12-14,6143X,COÍN,MALAGA,230,"11,2","3,0","9,0",23:57,"13,4",10:35,,,,,,,,,
2014-12-15,6143X,COÍN,MALAGA,230,"10,8","0,0","6,9",03:43,"14,7",12:33,,,,,,,,,
2014-12-16,6143X,COÍN,MALAGA,230,"11,0","0,0","7,5",05:17,"14,5",15:20,,,,,,,,,
2014-12-17,6143X,COÍN,MALAGA,230,"13,6","0,0","8,7",03:57,"18,5",13:19,,,,,,,,,
2014-12-18,6143X,COÍN,MALAGA,230,"15,9","0,0","9,7",08:08,"22,1",14:51,,,,,,,,,
2014-12-19,6143X,COÍN,MALAGA,230,"15,5","0,0","8,0",06:44,"23,0",14:55,,,,,,,,,
2014-12-20,6143X,COÍN,MALAGA,230,"14,6","0,0","7,8",07:18,"21,5",14:08,,,,,,,,,
2014-12-21,6143X,COÍN,MALAGA,230,"14,2","0,0","11,9",Varias,"16,4",12:43,,,,,,,,,
2014-12-22,6143X,COÍN,MALAGA,230,"13,3","0,0","11,9",05:22,"14,7",Varias,,,,,,,,,
2014-12-23,6143X,COÍN,MALAGA,230,"13,2","0,0","9,1",23:50,"17,3",15:46,,,,,,,,,
2014-12-24,6143X,COÍN,MALAGA,230,"13,8","0,0","7,6",06:41,"19,9",15:16,,,,,,,,,
2014-12-25,6143X,COÍN,MALAGA,230,"13,6","0,0","7,5",07:42,"19,8",14:38,,,,,,,,,
2014-12-26,6143X,COÍN,MALAGA,230,"12,8","0,0","5,9",07:04,"19,8",14:57,,,,,,,,,
2014-12-27,6143X,COÍN,MALAGA,230,"12,0","0,0","5,7",03:35,"18,4",14:06,,,,,,,,,
2014-12-28,6143X,COÍN,MALAGA,230,"12,6","0,0","7,2",01:49,"18,1",12:19,,,,,,,,,
2014-12-29,6143X,COÍN,MALAGA,230,"10,4","0,0","6,9",07:58,"14,0",14:40,,,,,,,,,
2014-12-30,6143X,COÍN,MALAGA,230,"9,4","0,0","3,7",06:39,"15,0",14:38,,,,,,,,,
2014-12-31,6143X,COÍN,MALAGA,230,"11,1","0,0","4,1",07:02,"18,1",15:41,,,,,,,,,
2015-01-01,6143X,COÍN,MALAGA,230,"11,6","0,0","6,6",08:21,"16,6",13:26,,,,,,,,,
2015-01-02,6143X,COÍN,MALAGA,230,"11,7","0,0","5,9",07:37,"17,5",14:35,,,,,,,,,
2015-01-03,6143X,COÍN,MALAGA,230,"12,6","0,0","5,1",06:09,"20,1",15:26,,,,,,,,,
2015-01-04,6143X,COÍN,MALAGA,230,"14,5","0,0","7,4",08:03,"21,6",13:36,,,,,,,,,
2015-01-05,6143X,COÍN,MALAGA,230,"12,8","0,0","6,5",07:11,"19,1",15:12,,,,,,,,,
2015-01-06,6143X,COÍN,MALAGA,230,"11,8","0,0","6,2",05:05,"17,5",12:48,,,,,,,,,
2015-01-07,6143X,COÍN,MALAGA,230,"11,4","0,0","5,4",07:41,"17,5",13:39,,,,,,,,,
2015-01-08,6143X,COÍN,MALAGA,230,"13,0","0,0","9,0",04:59,"16,9",12:45,,,,,,,,,
2015-01-09,6143X,COÍN,MALAGA,230,"12,6","0,0","7,6",Varias,"17,7",14:30,,,,,,,,,
2015-01-10,6143X,COÍN,MALAGA,230,"13,0","0,0","5,3",07:42,"20,7",14:35,,,,,,,,,
2015-01-11,6143X,COÍN,MALAGA,230,"15,8","0,0","8,4",07:15,"23,2",15:28,,,,,,,,,
2015-01-12,6143X,COÍN,MALAGA,230,"14,6","0,0","10,2",02:43,"18,9",14:52,,,,,,,,,
2015-01-13,6143X,COÍN,MALAGA,230,"14,3","0,0","8,7",07:53,"19,9",13:57,,,,,,,,,
2015-01-14,6143X,COÍN,MALAGA,230,"14,8","0,0","10,3",00:01,"19,3",13:05,,,,,,,,,
2015-01-15,6143X,COÍN,MALAGA,230,,"2,0",,,,,,,,,,,,,
2015-01-16,6143X,COÍN,MALAGA,230,"10,6","0,0","6,8",22:27,"14,5",14:40,,,,,,,,,
2015-01-17,6143X,COÍN,MALAGA,230,"9,9","2,4","4,1",08:08,"15,7",15:16,,,,,,,,,
2015-01-18,6143X,COÍN,MALAGA,230,"7,1","15,4","4,4",00:01,"9,8",13:12,,,,,,,,,
2015-01-19,6143X,COÍN,MALAGA,230,"9,6","0,0","7,0",22:16,"12,2",15:04,,,,,,,,,
2015-01-20,6143X,COÍN,MALAGA,230,"7,0","12,0","2,3",06:38,"11,7",12:13,,,,,,,,,
2015-01-21,6143X,COÍN,MALAGA,230,"9,2","0,2","4,1",00:01,"14,2",15:02,,,,,,,,,
2015-01-22,6143X,COÍN,MALAGA,230,"10,0","0,0","6,2",23:51,"13,7",15:28,,,,,,,,,
2015-01-23,6143X,COÍN,MALAGA,230,"9,6","0,0","4,3",07:24,"15,0",15:04,,,,,,,,,
2015-01-24,6143X,COÍN,MALAGA,230,"10,8","0,0","5,3",02:00,"16,3",13:50,,,,,,,,,
2015-01-25,6143X,COÍN,MALAGA,230,"13,0","0,0","5,7",00:04,"20,2",14:22,,,,,,,,,
2015-01-26,6143X,COÍN,MALAGA,230,"14,6","0,0","8,0",06:20,"21,1",14:22,,,,,,,,,
2015-01-27,6143X,COÍN,MALAGA,230,"14,3","0,0","8,1",06:26,"20,5",14:51,,,,,,,,,
2015-01-28,6143X,COÍN,MALAGA,230,"15,0","0,0","9,2",07:45,"20,9",13:49,,,,,,,,,
2015-01-29,6143X,COÍN,MALAGA,230,"13,8","0,0","7,6",04:56,"19,9",13:11,,,,,,,,,
2015-01-30,6143X,COÍN,MALAGA,230,"16,5","0,0","12,3",02:54,"20,7",13:43,,,,,,,,,
2015-01-31,6143X,COÍN,MALAGA,230,"13,4","0,0","8,7",23:51,"18,0",10:54,,,,,,,,,
2015-02-01,6143X,COÍN,MALAGA,230,"10,4","0,0","5,8",07:13,"15,1",15:24,,,,,,,,,
2015-02-02,6143X,COÍN,MALAGA,230,"9,6","0,0","4,5",05:43,"14,6",13:29,,,,,,,,,
2015-02-03,6143X,COÍN,MALAGA,230,"12,8","0,6","9,8",07:55,"15,8",14:26,,,,,,,,,
2015-02-04,6143X,COÍN,MALAGA,230,"9,6","0,0","6,6",23:59,"12,5",15:07,,,,,,,,,
2015-02-05,6143X,COÍN,MALAGA,230,"8,6","0,0","4,5",05:26,"12,8",15:35,,,,,,,,,
2015-02-06,6143X,COÍN,MALAGA,230,"8,2","0,0","2,3",07:39,"14,0",15:26,,,,,,,,,
2015-02-07,6143X,COÍN,MALAGA,230,"6,6","0,8","2,8",02:08,"10,3",15:32,,,,,,,,,
2015-02-08,6143X,COÍN,MALAGA,230,"8,5","0,6","5,8",23:35,"11,2",16:47,,,,,,,,,
2015-02-09,6143X,COÍN,MALAGA,230,"9,6","0,0","4,1",07:02,"15,2",12:38,,,,,,,,,
2015-02-10,6143X,COÍN,MALAGA,230,"11,8","0,0","10,0",00:01,"13,7",11:55,,,,,,,,,
2015-02-11,6143X,COÍN,MALAGA,230,"12,1","10,6","7,0",07:30,"17,2",14:06,,,,,,,,,
2015-02-12,6143X,COÍN,MALAGA,230,"11,4","4,0","7,5",23:24,"15,4",13:16,,,,,,,,,
2015-02-13,6143X,COÍN,MALAGA,230,"13,5","0,0","6,9",07:22,"20,1",14:47,,,,,,,,,
2015-02-14,6143X,COÍN,MALAGA,230,"14,2","0,0","7,3",04:04,"21,2",14:29,,,,,,,,,
2015-02-15,6143X,COÍN,MALAGA,230,"14,8","0,0","11,6",23:58,"17,9",11:53,,,,,,,,,
2015-02-16,6143X,COÍN,MALAGA,230,"13,0","5,2","9,0",06:41,"16,9",11:08,,,,,,,,,
2015-02-17,6143X,COÍN,MALAGA,230,"9,1","15,8","7,3",10:04,"10,9",02:23,,,,,,,,,
2015-02-18,6143X,COÍN,MALAGA,230,"12,4","0,0","6,5",04:52,"18,2",13:32,,,,,,,,,
2015-02-19,6143X,COÍN,MALAGA,230,"12,5","0,0","7,2",02:59,"17,8",12:20,,,,,,,,,
2015-02-20,6143X,COÍN,MALAGA,230,"12,6","0,0","6,2",04:37,"19,0",12:57,,,,,,,,,
2015-02-21,6143X,COÍN,MALAGA,230,"12,2","0,2","7,4",04:49,"16,9",15:36,,,,,,,,,
2015-02-22,6143X,COÍN,MALAGA,230,"13,3","0,0","7,1",06:59,"19,5",15:01,,,,,,,,,
2015-02-23,6143X,COÍN,MALAGA,230,"15,0","0,0","9,5",04:33,"20,6",15:56,,,,,,,,,
2015-02-24,6143X,COÍN,MALAGA,230,"13,7","0,0","9,8",07:22,"17,6",15:19,,,,,,,,,
2015-02-25,6143X,COÍN,MALAGA,230,"13,4","0,0","8,0",06:26,"18,8",14:18,,,,,,,,,
2015-02-26,6143X,COÍN,MALAGA,230,"16,2","0,0","10,0",04:35,"22,3",16:04,,,,,,,,,
2015-02-27,6143X,COÍN,MALAGA,230,"16,0","0,0","10,8",07:35,"21,1",14:44,,,,,,,,,
2015-02-28,6143X,COÍN,MALAGA,230,"15,2","0,0","9,0",06:30,"21,5",14:52,,,,,,,,,
2015-03-01,6143X,COÍN,MALAGA,230,"17,0","0,0","9,9",06:20,"24,1",15:29,,,,,,,,,
2015-03-02,6143X,COÍN,MALAGA,230,"19,2","0,0","11,6",07:03,"26,9",16:01,,,,,,,,,
2015-03-03,6143X,COÍN,MALAGA,230,"20,1","0,0","13,0",06:05,"27,2",15:44,,,,,,,,,
2015-03-04,6143X,COÍN,MALAGA,230,"19,0","0,0","12,5",06:39,"25,5",15:24,,,,,,,,,
2015-03-05,6143X,COÍN,MALAGA,230,"11,0","0,0","6,2",23:57,"15,7",15:54,,,,,,,,,
2015-03-06,6143X,COÍN,MALAGA,230,"11,9","0,0","5,0",04:55,"18,8",12:55,,,,,,,,,
2015-03-07,6143X,COÍN,MALAGA,230,"12,9","0,0","5,9",06:21,"19,9",Varias,,,,,,,,,
2015-03-08,6143X,COÍN,MALAGA,230,"15,5","0,0","6,7",06:58,"24,3",12:05,,,,,,,,,
2015-03-09,6143X,COÍN,MALAGA,230,"14,2","0,0","7,1",06:42,"21,4",15:35,,,,,,,,,
2015-03-10,6143X,COÍN,MALAGA,230,"15,5","0,0","7,4",04:52,"23,6",15:13,,,,,,,,,
2015-03-11,6143X,COÍN,MALAGA,230,"18,3","0,0","8,7",05:44,"27,9",14:04,,,,,,,,,
2015-03-12,6143X,COÍN,MALAGA,230,"19,9","0,0","12,0",06:53,"27,8",15:10,,,,,,,,,
2015-03-13,6143X,COÍN,MALAGA,230,"17,0","0,0","11,0",05:36,"22,9",11:26,,,,,,,,,
2015-03-14,6143X,COÍN,MALAGA,230,"15,4","0,0","8,7",06:21,"22,1",12:29,,,,,,,,,
2015-03-15,6143X,COÍN,MALAGA,230,"12,7","0,0","8,7",23:55,"16,7",11:59,,,,,,,,,
2015-03-16,6143X,COÍN,MALAGA,230,"13,4","0,0","6,6",06:52,"20,2",12:14,,,,,,,,,
2015-03-17,6143X,COÍN,MALAGA,230,"11,8","25,0","8,4",20:21,"15,3",12:52,,,,,,,,,
2015-03-18,6143X,COÍN,MALAGA,230,"11,2","4,6","8,2",Varias,"14,1",16:01,,,,,,,,,
2015-03-19,6143X,COÍN,MALAGA,230,"12,2","27,0","9,7",Varias,"14,8",10:56,,,,,,,,,
2015-03-20,6143X,COÍN,MALAGA,230,"11,0","7,8","9,6",Varias,"12,4",14:16,,,,,,,,,
2015-03-21,6143X,COÍN,MALAGA,230,"12,7","6,4","9,4",00:13,"16,0",14:54,,,,,,,,,
2015-03-22,6143X,COÍN,MALAGA,230,"11,5","11,2","9,9",Varias,"13,1",16:25,,,,,,,,,
2015-03-23,6143X,COÍN,MALAGA,230,"14,2","0,8","9,6",01:54,"18,7",11:40,,,,,,,,,
2015-03-24,6143X,COÍN,MALAGA,230,"11,8","0,2","5,9",06:35,"17,6",16:29,,,,,,,,,
2015-03-25,6143X,COÍN,MALAGA,230,"12,9","0,0","9,4",00:37,"16,4",14:24,,,,,,,,,
2015-03-26,6143X,COÍN,MALAGA,230,"13,4","0,0","7,1",06:18,"19,7",16:10,,,,,,,,,
2015-03-27,6143X,COÍN,MALAGA,230,"18,5","0,0","12,6",05:09,"24,4",16:21,,,,,,,,,
2015-03-28,6143X,COÍN,MALAGA,230,"22,6","0,0","15,9",06:08,"29,3",15:32,,,,,,,,,
2015-03-29,6143X,COÍN,MALAGA,230,"22,9","0,0","15,7",06:10,"30,1",14:49,,,,,,,,,
2015-03-30,6143X,COÍN,MALAGA,230,"23,4","0,0","15,4",06:23,"31,3",14:03,,,,,,,,,
2015-03-31,6143X,COÍN,MALAGA,230,,"0,0",,,,,,,,,,,,,
2015-04-01,6143X,COÍN,MALAGA,230,"21,6","0,0","13,7",23:53,"29,6",11:47,,,,,,,,,
2015-04-02,6143X,COÍN,MALAGA,230,"16,1","0,0","11,5",05:50,"20,7",10:01,,,,,,,,,
2015-04-03,6143X,COÍN,MALAGA,230,"17,1","0,0","11,4",05:56,"22,8",13:53,,,,,,,,,
2015-04-04,6143X,COÍN,MALAGA,230,"17,0","0,0","11,5",Varias,"22,6",10:43,,,,,,,,,
2015-04-05,6143X,COÍN,MALAGA,230,"17,2","0,0","11,8",05:46,"22,5",11:43,,,,,,,,,
2015-04-06,6143X,COÍN,MALAGA,230,"15,2","0,2","12,5",05:15,"17,9",13:28,,,,,,,,,
2015-04-07,6143X,COÍN,MALAGA,230,"14,2","0,2","12,6",05:35,"15,9",11:24,,,,,,,,,
2015-04-08,6143X,COÍN,MALAGA,230,"13,3","10,0","11,5",23:52,"15,1",17:08,,,,,,,,,
2015-04-09,6143X,COÍN,MALAGA,230,"13,3","1,8","11,0",02:05,"15,6",Varias,,,,,,,,,
2015-04-10,6143X,COÍN,MALAGA,230,"15,4","0,0","11,9",23:56,"19,0",14:22,,,,,,,,,
2015-04-11,6143X,COÍN,MALAGA,230,"13,4","1,2","10,8",05:25,"16,1",15:16,,,,,,,,,
2015-04-12,6143X,COÍN,MALAGA,230,"15,7","0,0","11,8",04:35,"19,6",11:12,,,,,,,,,
2015-04-13,6143X,COÍN,MALAGA,230,"17,2","0,0","11,5",03:58,"23,0",11:14,,,,,,,,,
2015-04-14,6143X,COÍN,MALAGA,230,"17,3","0,8","11,8",04:32,"22,8",14:46,,,,,,,,,
2015-04-15,6143X,COÍN,MALAGA,230,"16,4","17,6","13,0",05:12,"19,9",13:05,,,,,,,,,
2015-04-16,6143X,COÍN,MALAGA,230,"18,0","0,0","12,9",03:06,"23,2",15:38,,,,,,,,,
2015-04-17,6143X,COÍN,MALAGA,230,"18,1","0,0","11,7",05:14,"24,5",13:24,,,,,,,,,
2015-04-18,6143X,COÍN,MALAGA,230,"18,2","0,0","11,6",05:42,"24,8",11:22,,,,,,,,,
2015-04-19,6143X,COÍN,MALAGA,230,"18,9","0,0","11,3",05:31,"26,5",15:49,,,,,,,,,
2015-04-20,6143X,COÍN,MALAGA,230,"17,6","0,0","11,7",06:07,"23,4",15:03,,,,,,,,,
2015-04-21,6143X,COÍN,MALAGA,230,"17,2","0,0","13,9",00:01,"20,5",13:32,,,,,,,,,
2015-04-22,6143X,COÍN,MALAGA,230,"20,0","0,0","14,1",Varias,"25,8",14:28,,,,,,,,,
2015-04-23,6143X,COÍN,MALAGA,230,"18,9","0,0","13,1",05:12,"24,7",15:08,,,,,,,,,
2015-04-24,6143X,COÍN,MALAGA,230,"18,0","0,0","12,4",03:43,"23,7",11:12,,,,,,,,,
2015-04-25,6143X,COÍN,MALAGA,230,"20,0","0,4","13,3",04:51,"26,6",15:01,,,,,,,,,
2015-04-26,6143X,COÍN,MALAGA,230,"18,4","3,0","14,9",06:16,"21,8",12:25,,,,,,,,,
2015-04-27,6143X,COÍN,MALAGA,230,"18,4","0,0","13,8",04:08,"23,1",14:44,,,,,,,,,
2015-04-28,6143X,COÍN,MALAGA,230,"18,6","0,0","11,3",04:01,"26,0",11:57,,,,,,,,,
2015-04-29,6143X,COÍN,MALAGA,230,"20,8","0,0","13,2",05:24,"28,5",15:37,,,,,,,,,
2015-04-30,6143X,COÍN,MALAGA,230,"21,6","0,0","14,8",04:58,"28,3",12:25,,,,,,,,,
2015-05-01,6143X,COÍN,MALAGA,230,"23,6","0,0","13,7",04:49,"33,4",14:55,,,,,,,,,
2015-05-02,6143X,COÍN,MALAGA,230,"23,8","0,0","15,7",05:16,"31,8",14:43,,,,,,,,,
2015-05-03,6143X,COÍN,MALAGA,230,"26,4","0,0","17,6",04:24,"35,2",14:29,,,,,,,,,
2015-05-04,6143X,COÍN,MALAGA,230,"26,3","0,0","19,4",05:23,"33,2",13:56,,,,,,,,,
2015-05-05,6143X,COÍN,MALAGA,230,"22,9","0,0","17,1",06:30,"28,7",15:24,,,,,,,,,
2015-05-06,6143X,COÍN,MALAGA,230,"22,5","0,0","13,8",04:47,"31,2",14:29,,,,,,,,,
2015-05-07,6143X,COÍN,MALAGA,230,"20,0","0,0","13,2",04:48,"26,8",11:00,,,,,,,,,
2015-05-08,6143X,COÍN,MALAGA,230,"21,4","0,0","13,7",05:35,"29,2",16:12,,,,,,,,,
2015-05-09,6143X,COÍN,MALAGA,230,"24,0","0,0","17,8",03:52,"30,2",16:13,,,,,,,,,
2015-05-10,6143X,COÍN,MALAGA,230,"22,4","0,0","15,6",05:33,"29,1",09:49,,,,,,,,,
2015-05-11,6143X,COÍN,MALAGA,230,"21,6","0,0","14,4",05:21,"28,8",15:57,,,,,,,,,
2015-05-12,6143X,COÍN,MALAGA,230,"21,2","0,0","13,9",05:17,"28,6",15:18,,,,,,,,,
2015-05-13,6143X,COÍN,MALAGA,230,"26,0","0,0","17,4",03:21,"34,5",15:14,,,,,,,,,
2015-05-14,6143X,COÍN,MALAGA,230,"29,2","0,0","19,5",03:56,"39,0",12:29,,,,,,,,,
2015-05-15,6143X,COÍN,MALAGA,230,"23,8","0,0","17,4",23:58,"30,1",13:02,,,,,,,,,
2015-05-16,6143X,COÍN,MALAGA,230,"21,8","0,0","15,8",04:31,"27,7",11:56,,,,,,,,,
2015-05-17,6143X,COÍN,MALAGA,230,"21,2","0,0","14,0",04:21,"28,5",14:01,,,,,,,,,
2015-05-18,6143X,COÍN,MALAGA,230,"21,4","0,0","15,8",05:29,"26,9",14:51,,,,,,,,,
2015-05-19,6143X,COÍN,MALAGA,230,"24,2","0,0","15,7",04:36,"32,6",13:03,,,,,,,,,
2015-05-20,6143X,COÍN,MALAGA,230,"20,2","9,2","16,8",04:45,"23,6",09:21,,,,,,,,,
2015-05-21,6143X,COÍN,MALAGA,230,"18,9","0,0","14,8",23:44,"23,0",13:51,,,,,,,,,
2015-05-22,6143X,COÍN,MALAGA,230,"18,4","0,0","13,0",Varias,"23,7",10:31,,,,,,,,,
2015-05-23,6143X,COÍN,MALAGA,230,"19,0","0,0","14,3",00:08,"23,6",13:08,,,,,,,,,
2015-05-24,6143X,COÍN,MALAGA,230,"18,4","0,6","15,1",23:55,"21,7",14:16,,,,,,,,,
2015-05-25,6143X,COÍN,MALAGA,230,"19,2","0,0","14,4",03:13,"23,9",10:11,,,,,,,,,
2015-05-26,6143X,COÍN,MALAGA,230,"20,2","0,0","13,2",05:16,"27,2",10:55,,,,,,,,,
2015-05-27,6143X,COÍN,MALAGA,230,"21,2","0,0","15,4",04:35,"27,1",15:59,,,,,,,,,
2015-05-28,6143X,COÍN,MALAGA,230,"21,4","0,0","14,6",04:02,"28,2",14:43,,,,,,,,,
2015-05-29,6143X,COÍN,MALAGA,230,"23,8","0,0","17,5",03:22,"30,1",16:49,,,,,,,,,
2015-05-30,6143X,COÍN,MALAGA,230,"25,4","0,0","18,3",03:22,"32,5",11:40,,,,,,,,,
2015-05-31,6143X,COÍN,MALAGA,230,"23,4","0,0","16,7",03:33,"30,1",13:15,,,,,,,,,
2015-06-01,6143X,COÍN,MALAGA,230,"23,1","0,0","16,5",04:49,"29,7",11:26,,,,,,,,,
2015-06-02,6143X,COÍN,MALAGA,230,"22,8","0,0","16,5",05:12,"29,2",16:10,,,,,,,,,
2015-06-03,6143X,COÍN,MALAGA,230,"23,0","0,0","17,0",03:35,"29,1",16:01,,,,,,,,,
2015-06-04,6143X,COÍN,MALAGA,230,"22,2","0,0","16,8",04:51,"27,5",13:26,,,,,,,,,
2015-06-05,6143X,COÍN,MALAGA,230,"23,0","0,0","16,2",04:52,"29,9",17:00,,,,,,,,,
2015-06-06,6143X,COÍN,MALAGA,230,"23,4","0,0","18,1",Varias,"28,6",14:24,,,,,,,,,
2015-06-07,6143X,COÍN,MALAGA,230,"23,4","0,0","17,7",03:56,"29,1",10:09,,,,,,,,,
2015-06-08,6143X,COÍN,MALAGA,230,"24,4","0,0","18,3",02:30,"30,4",13:11,,,,,,,,,
2015-06-09,6143X,COÍN,MALAGA,230,"24,6","0,0","18,6",03:55,"30,7",10:46,,,,,,,,,
2015-06-10,6143X,COÍN,MALAGA,230,"24,0","0,0","18,8",04:59,"29,1",14:39,,,,,,,,,
2015-06-11,6143X,COÍN,MALAGA,230,"23,2","0,0","17,8",04:36,"28,5",10:25,,,,,,,,,
2015-06-12,6143X,COÍN,MALAGA,230,"20,8","0,0","15,2",03:51,"26,5",16:25,,,,,,,,,
2015-06-13,6143X,COÍN,MALAGA,230,"19,8","0,0","14,1",05:16,"25,6",15:58,,,,,,,,,
2015-06-14,6143X,COÍN,MALAGA,230,"18,5","0,0","13,2",04:48,"23,8",09:31,,,,,,,,,
2015-06-15,6143X,COÍN,MALAGA,230,"20,4","0,0","14,4",02:37,"26,4",16:07,,,,,,,,,
2015-06-16,6143X,COÍN,MALAGA,230,"21,6","0,0","14,1",05:18,"29,1",14:29,,,,,,,,,
2015-06-17,6143X,COÍN,MALAGA,230,"22,4","0,0","15,8",04:02,"28,9",09:47,,,,,,,,,
2015-06-18,6143X,COÍN,MALAGA,230,"22,0","0,0","16,6",04:21,"27,3",13:30,,,,,,,,,
2015-06-19,6143X,COÍN,MALAGA,230,"23,0","0,0","16,2",04:39,"29,7",14:28,,,,,,,,,
2015-06-20,6143X,COÍN,MALAGA,230,"25,2","0,0","18,2",04:47,"32,3",16:27,,,,,,,,,
2015-06-21,6143X,COÍN,MALAGA,230,"25,1","0,0","18,7",04:56,"31,5",14:41,,,,,,,,,
2015-06-22,6143X,COÍN,MALAGA,230,"26,6","0,0","19,2",04:59,"34,0",17:22,,,,,,,,,
2015-06-23,6143X,COÍN,MALAGA,230,"26,0","0,0","19,8",05:13,"32,1",12:40,,,,,,,,,
2015-06-24,6143X,COÍN,MALAGA,230,"26,4","0,0","19,9",04:35,"33,0",11:18,,,,,,,,,
2015-06-25,6143X,COÍN,MALAGA,230,"24,6","0,0","20,0",00:01,"29,3",14:42,,,,,,,,,
2015-06-26,6143X,COÍN,MALAGA,230,"25,0","0,0","18,4",05:14,"31,7",16:22,,,,,,,,,
2015-06-27,6143X,COÍN,MALAGA,230,"27,3","0,0","20,2",04:42,"34,4",15:06,,,,,,,,,
2015-06-28,6143X,COÍN,MALAGA,230,"29,5","0,0","21,6",05:00,"37,4",15:32,,,,,,,,,
2015-06-29,6143X,COÍN,MALAGA,230,"30,3","0,0","23,6",05:19,"37,0",15:43,,,,,,,,,
2015-06-30,6143X,COÍN,MALAGA,230,"28,6","0,0","23,5",01:06,"33,6",15:48,,,,,,,,,
2015-07-01,6143X,COÍN,MALAGA,230,"27,0","0,0","21,2",04:11,"32,8",09:48,,,,,,,,,
2015-07-02,6143X,COÍN,MALAGA,230,"28,4","0,0","21,4",05:48,"35,3",11:38,,,,,,,,,
2015-07-03,6143X,COÍN,MALAGA,230,"26,0","0,0","21,3",04:57,"30,7",15:49,,,,,,,,,
2015-07-04,6143X,COÍN,MALAGA,230,"26,6","0,0","21,7",05:08,"31,5",13:28,,,,,,,,,
2015-07-05,6143X,COÍN,MALAGA,230,"28,4","0,0","21,5",05:01,"35,4",16:41,,,,,,,,,
2015-07-06,6143X,COÍN,MALAGA,230,"29,8","0,0","21,6",03:54,"38,0",16:41,,,,,,,,,
2015-07-07,6143X,COÍN,MALAGA,230,"31,2","0,0","22,4",04:49,"40,1",11:59,,,,,,,,,
2015-07-08,6143X,COÍN,MALAGA,230,"33,6","0,0","25,4",04:37,"41,7",16:38,,,,,,,,,
2015-07-09,6143X,COÍN,MALAGA,230,"29,6","0,0","24,2",23:59,"34,9",12:16,,,,,,,,,
2015-07-10,6143X,COÍN,MALAGA,230,"28,4","0,0","21,3",05:21,"35,4",16:20,,,,,,,,,
2015-07-11,6143X,COÍN,MALAGA,230,"31,0","0,0","22,7",05:24,"39,4",12:38,,,,,,,,,
2015-07-12,6143X,COÍN,MALAGA,230,"27,6","0,0","21,8",Varias,"33,4",15:01,,,,,,,,,
2015-07-13,6143X,COÍN,MALAGA,230,"28,8","0,0","22,0",04:51,"35,5",14:48,,,,,,,,,
2015-07-14,6143X,COÍN,MALAGA,230,"27,8","0,0","21,6",04:07,"34,0",09:51,,,,,,,,,
2015-07-15,6143X,COÍN,MALAGA,230,"28,6","0,0","21,8",04:57,"35,3",16:32,,,,,,,,,
2015-07-16,6143X,COÍN,MALAGA,230,"29,2","0,0","22,0",04:46,"36,3",15:29,,,,,,,,,
2015-07-17,6143X,COÍN,MALAGA,230,"30,9","0,0","24,3",02:09,"37,5",15:48,,,,,,,,,
2015-07-18,6143X,COÍN,MALAGA,230,"28,8","0,0","22,9",04:49,"34,8",09:51,,,,,,,,,
2015-07-19,6143X,COÍN,MALAGA,230,"31,6","0,0","24,1",03:53,"39,1",17:29,,,,,,,,,
2015-07-20,6143X,COÍN,MALAGA,230,"30,8","0,0","24,5",05:13,"37,0",14:20,,,,,,,,,
2015-07-21,6143X,COÍN,MALAGA,230,"29,2","0,0","22,7",05:26,"35,6",17:09,,,,,,,,,
2015-07-22,6143X,COÍN,MALAGA,230,"33,5","0,0","24,3",04:28,"42,7",15:54,,,,,,,,,
2015-07-23,6143X,COÍN,MALAGA,230,"29,5","0,0","24,4",05:20,"34,6",14:44,,,,,,,,,
2015-07-24,6143X,COÍN,MALAGA,230,"31,6","0,0","22,4",05:29,"40,8",15:18,,,,,,,,,
2015-07-25,6143X,COÍN,MALAGA,230,"32,8","0,0","25,6",05:34,"40,0",14:38,,,,,,,,,
2015-07-26,6143X,COÍN,MALAGA,230,"28,2","0,0","22,1",04:12,"34,4",14:40,,,,,,,,,
2015-07-27,6143X,COÍN,MALAGA,230,"31,8","0,0","22,4",04:26,"41,2",15:29,,,,,,,,,
2015-07-28,6143X,COÍN,MALAGA,230,"31,0","0,0","25,8",05:31,"36,2",Varias,,,,,,,,,
2015-07-29,6143X,COÍN,MALAGA,230,"32,2","0,0","24,2",05:36,"40,3",15:45,,,,,,,,,
2015-07-30,6143X,COÍN,MALAGA,230,"33,2","0,0","25,2",23:59,"41,2",15:23,,,,,,,,,
2015-07-31,6143X,COÍN,MALAGA,230,"28,7","0,0","23,9",05:38,"33,5",14:31,,,,,,,,,
2015-08-01,6143X,COÍN,MALAGA,230,"27,9","0,0","20,7",05:32,"35,1",14:06,,,,,,,,,
2015-08-02,6143X,COÍN,MALAGA,230,"28,1","0,0","24,3",00:01,"31,9",14:32,,,,,,,,,
2015-08-03,6143X,COÍN,MALAGA,230,"29,2","0,0","24,9",02:00,"33,5",14:45,,,,,,,,,
2015-08-04,6143X,COÍN,MALAGA,230,"29,6","0,0","23,2",05:16,"36,0",11:26,,,,,,,,,
2015-08-05,6143X,COÍN,MALAGA,230,"29,0","0,0","23,2",04:21,"34,8",11:33,,,,,,,,,
2015-08-06,6143X,COÍN,MALAGA,230,"30,8","0,0","24,2",04:02,"37,5",15:11,,,,,,,,,
2015-08-07,6143X,COÍN,MALAGA,230,"31,9","0,0","25,8",05:57,"38,0",16:51,,,,,,,,,
2015-08-08,6143X,COÍN,MALAGA,230,"31,8","0,0","26,6",03:20,"36,9",12:37,,,,,,,,,
2015-08-09,6143X,COÍN,MALAGA,230,"29,6","0,0","25,2",05:43,"34,1",10:06,,,,,,,,,
2015-08-10,6143X,COÍN,MALAGA,230,"30,4","0,0","24,7",05:27,"36,0",13:35,,,,,,,,,
2015-08-11,6143X,COÍN,MALAGA,230,"31,6","0,0","25,5",05:32,"37,8",14:30,,,,,,,,,
2015-08-12,6143X,COÍN,MALAGA,230,"32,3","0,0","25,2",06:01,"39,4",14:21,,,,,,,,,
2015-08-13,6143X,COÍN,MALAGA,230,"31,1","0,0","26,4",06:28,"35,8",14:26,,,,,,,,,
2015-08-14,6143X,COÍN,MALAGA,230,"28,3","0,0","21,7",05:38,"34,9",16:29,,,,,,,,,
2015-08-15,6143X,COÍN,MALAGA,230,"27,2","0,0","19,8",05:48,"34,5",15:23,,,,,,,,,
2015-08-16,6143X,COÍN,MALAGA,230,"27,6","0,0","21,6",05:28,"33,5",17:01,,,,,,,,,
2015-08-17,6143X,COÍN,MALAGA,230,"28,8","0,0","22,2",05:17,"35,5",16:45,,,,,,,,,
2015-08-18,6143X,COÍN,MALAGA,230,"27,6","0,0","21,3",05:36,"34,0",16:15,,,,,,,,,
2015-08-19,6143X,COÍN,MALAGA,230,"26,3","0,0","20,7",05:33,"31,9",13:23,,,,,,,,,
2015-08-20,6143X,COÍN,MALAGA,230,"26,4","0,0","21,9",04:05,"31,0",13:58,,,,,,,,,
2015-08-21,6143X,COÍN,MALAGA,230,"27,7","0,0","22,4",04:13,"33,0",16:34,,,,,,,,,
2015-08-22,6143X,COÍN,MALAGA,230,"26,3","0,0","20,6",04:55,"32,0",16:07,,,,,,,,,
2015-08-23,6143X,COÍN,MALAGA,230,"25,6","0,0","20,1",05:32,"31,1",12:06,,,,,,,,,
2015-08-24,6143X,COÍN,MALAGA,230,"25,8","0,0","19,5",05:42,"32,0",15:26,,,,,,,,,
2015-08-25,6143X,COÍN,MALAGA,230,"25,8","0,0","19,1",05:44,"32,5",12:11,,,,,,,,,
2015-08-26,6143X,COÍN,MALAGA,230,"25,0","0,0","19,2",03:53,"30,7",15:16,,,,,,,,,
2015-08-27,6143X,COÍN,MALAGA,230,"26,2","0,0","20,0",05:45,"32,5",16:49,,,,,,,,,
2015-08-28,6143X,COÍN,MALAGA,230,"25,8","0,0","20,7",05:15,"30,8",11:33,,,,,,,,,
2015-08-29,6143X,COÍN,MALAGA,230,"26,2","0,0","22,8",05:43,"29,5",09:47,,,,,,,,,
2015-08-30,6143X,COÍN,MALAGA,230,"25,8","0,4","22,7",23:56,"28,9",11:40,,,,,,,,,
2015-08-31,6143X,COÍN,MALAGA,230,"27,0","0,0","22,0",06:08,"32,1",16:24,,,,,,,,,
2015-09-01,6143X,COÍN,MALAGA,230,"27,5","0,0","20,8",05:58,"34,2",15:25,,,,,,,,,
2015-09-02,6143X,COÍN,MALAGA,230,"25,6","0,0","18,4",05:57,"32,8",15:15,,,,,,,,,
2015-09-03,6143X,COÍN,MALAGA,230,"24,8","0,0","17,6",06:01,"31,9",14:29,,,,,,,,,
2015-09-04,6143X,COÍN,MALAGA,230,"23,9","0,0","17,1",05:08,"30,7",16:35,,,,,,,,,
2015-09-05,6143X,COÍN,MALAGA,230,"23,8","0,0","18,6",05:42,"29,0",11:22,,,,,,,,,
2015-09-06,6143X,COÍN,MALAGA,230,"24,4","8,2","21,2",04:05,"27,5",15:41,,,,,,,,,
2015-09-07,6143X,COÍN,MALAGA,230,"22,4","14,0","19,1",Varias,"25,7",13:47,,,,,,,,,
2015-09-08,6143X,COÍN,MALAGA,230,"23,8","0,0","18,1",02:11,"29,4",17:00,,,,,,,,,
2015-09-09,6143X,COÍN,MALAGA,230,"25,4","0,0","19,5",05:59,"31,4",11:54,,,,,,,,,
2015-09-10,6143X,COÍN,MALAGA,230,"24,4","0,0","17,9",06:13,"30,9",11:17,,,,,,,,,
2015-09-11,6143X,COÍN,MALAGA,230,"25,0","0,0","18,5",05:46,"31,6",11:50,,,,,,,,,
2015-09-12,6143X,COÍN,MALAGA,230,"25,4","0,0","19,9",04:43,"31,0",14:44,,,,,,,,,
2015-09-13,6143X,COÍN,MALAGA,230,"25,4","0,0","18,2",05:39,"32,5",13:47,,,,,,,,,
2015-09-14,6143X,COÍN,MALAGA,230,"24,8","0,0","18,3",06:06,"31,3",15:06,,,,,,,,,
2015-09-15,6143X,COÍN,MALAGA,230,"23,4","0,0","16,4",05:59,"30,4",14:21,,,,,,,,,
2015-09-16,6143X,COÍN,MALAGA,230,"22,2","0,8","16,1",05:28,"28,2",13:08,,,,,,,,,
2015-09-17,6143X,COÍN,MALAGA,230,"22,2","0,0","16,2",06:02,"28,1",14:46,,,,,,,,,
2015-09-18,6143X,COÍN,MALAGA,230,"21,6","0,0","15,3",06:09,"27,8",12:36,,,,,,,,,
2015-09-19,6143X,COÍN,MALAGA,230,"23,5","0,0","19,4",03:22,"27,6",13:53,,,,,,,,,
2015-09-20,6143X,COÍN,MALAGA,230,"23,2","0,0","18,4",05:47,"28,1",11:22,,,,,,,,,
2015-09-21,6143X,COÍN,MALAGA,230,"26,9","0,0","19,6",06:17,"34,2",15:15,,,,,,,,,
2015-09-22,6143X,COÍN,MALAGA,230,"27,4","0,0","20,6",06:20,"34,3",15:59,,,,,,,,,
2015-09-23,6143X,COÍN,MALAGA,230,"26,8","0,0","18,8",Varias,"34,7",14:21,,,,,,,,,
2015-09-24,6143X,COÍN,MALAGA,230,"23,2","0,0","18,4",23:58,"28,0",15:05,,,,,,,,,
2015-09-25,6143X,COÍN,MALAGA,230,"22,5","0,0","16,4",06:10,"28,6",15:03,,,,,,,,,
2015-09-26,6143X,COÍN,MALAGA,230,"22,0","0,0","16,3",06:27,"27,8",11:08,,,,,,,,,
2015-09-27,6143X,COÍN,MALAGA,230,"22,4","0,0","15,5",06:26,"29,3",14:29,,,,,,,,,
2015-09-28,6143X,COÍN,MALAGA,230,"22,0","0,0","18,2",06:41,"25,8",14:38,,,,,,,,,
2015-09-29,6143X,COÍN,MALAGA,230,"20,6","4,8","16,7",22:25,"24,4",10:42,,,,,,,,,
2015-09-30,6143X,COÍN,MALAGA,230,"21,1","0,0","13,9",06:12,"28,3",14:06,,,,,,,,,
2015-10-01,6143X,COÍN,MALAGA,230,"21,1","0,0","15,0",06:22,"27,2",11:25,,,,,,,,,
2015-10-02,6143X,COÍN,MALAGA,230,"23,8","0,0","16,0",06:25,"31,6",12:43,,,,,,,,,
2015-10-03,6143X,COÍN,MALAGA,230,"23,7","0,0","18,3",04:32,"29,1",13:23,,,,,,,,,
2015-10-04,6143X,COÍN,MALAGA,230,"25,0","0,0","17,9",05:16,"32,1",13:51,,,,,,,,,
2015-10-05,6143X,COÍN,MALAGA,230,"24,8","0,0","21,3",Varias,"28,2",15:26,,,,,,,,,
2015-10-06,6143X,COÍN,MALAGA,230,"23,7","0,0","18,2",23:32,"29,2",14:42,,,,,,,,,
2015-10-07,6143X,COÍN,MALAGA,230,"22,2","0,0","15,9",05:23,"28,4",12:03,,,,,,,,,
2015-10-08,6143X,COÍN,MALAGA,230,"21,6","0,0","15,5",06:07,"27,8",14:16,,,,,,,,,
2015-10-09,6143X,COÍN,MALAGA,230,"19,8","0,0","15,4",Varias,"24,2",15:32,,,,,,,,,
2015-10-10,6143X,COÍN,MALAGA,230,"19,4","2,2","14,2",06:32,"24,7",14:40,,,,,,,,,
2015-10-11,6143X,COÍN,MALAGA,230,"20,0","2,2","16,9",06:34,"23,2",16:16,,,,,,,,,
2015-10-12,6143X,COÍN,MALAGA,230,"21,0","0,0","16,8",23:56,"25,2",14:48,,,,,,,,,
2015-10-13,6143X,COÍN,MALAGA,230,"20,4","0,0","14,8",04:18,"25,9",15:47,,,,,,,,,
2015-10-14,6143X,COÍN,MALAGA,230,"21,2","0,0","14,8",06:07,"27,6",16:21,,,,,,,,,
2015-10-15,6143X,COÍN,MALAGA,230,"20,5","0,0","14,6",06:48,"26,4",12:35,,,,,,,,,
2015-10-16,6143X,COÍN,MALAGA,230,"20,8","0,0","14,6",06:38,"27,0",14:09,,,,,,,,,
2015-10-17,6143X,COÍN,MALAGA,230,"20,8","10,8","16,8",04:47,"24,8",11:04,,,,,,,,,
2015-10-18,6143X,COÍN,MALAGA,230,"19,8","28,8","16,6",Varias,"23,1",12:54,,,,,,,,,
2015-10-19,6143X,COÍN,MALAGA,230,"18,0","3,0","14,9",04:22,"21,0",15:56,,,,,,,,,
2015-10-20,6143X,COÍN,MALAGA,230,"20,6","0,2","15,1",00:13,"26,1",14:25,,,,,,,,,
2015-10-21,6143X,COÍN,MALAGA,230,"21,5","0,0","14,8",06:31,"28,2",13:06,,,,,,,,,
2015-10-22,6143X,COÍN,MALAGA,230,"20,5","0,0","14,7",02:55,"26,3",13:07,,,,,,,,,
2015-10-23,6143X,COÍN,MALAGA,230,"20,6","0,0","14,9",04:54,"26,2",14:15,,,,,,,,,
2015-10-24,6143X,COÍN,MALAGA,230,"18,4","0,0","15,6",04:58,"21,3",12:38,,,,,,,,,
2015-10-25,6143X,COÍN,MALAGA,230,"18,1","42,2","15,5",04:37,"20,7",14:05,,,,,,,,,
2015-10-26,6143X,COÍN,MALAGA,230,"19,0","9,6","15,6",07:28,"22,5",14:23,,,,,,,,,
2015-10-27,6143X,COÍN,MALAGA,230,"16,0","3,4","12,8",23:20,"19,3",16:53,,,,,,,,,
2015-10-28,6143X,COÍN,MALAGA,230,"17,2","0,0","11,2",05:44,"23,3",13:41,,,,,,,,,
2015-10-29,6143X,COÍN,MALAGA,230,"18,0","0,0","12,2",05:30,"23,9",12:55,,,,,,,,,
2015-10-30,6143X,COÍN,MALAGA,230,"18,2","0,0","12,2",04:37,"24,1",13:07,,,,,,,,,
2015-10-31,6143X,COÍN,MALAGA,230,"18,2","3,2","16,4",20:16,"19,9",14:22,,,,,,,,,
2015-11-01,6143X,COÍN,MALAGA,230,"17,0","24,6","13,5",19:36,"20,6",09:56,,,,,,,,,
2015-11-02,6143X,COÍN,MALAGA,230,"15,0","20,2","11,7",04:56,"18,3",15:13,,,,,,,,,
2015-11-03,6143X,COÍN,MALAGA,230,"17,6","0,4","13,1",01:58,"22,1",15:03,,,,,,,,,
2015-11-04,6143X,COÍN,MALAGA,230,"18,9","0,0","14,1",06:23,"23,7",12:21,,,,,,,,,
2015-11-05,6143X,COÍN,MALAGA,230,"20,2","0,0","13,5",06:01,"26,9",15:08,,,,,,,,,
2015-11-06,6143X,COÍN,MALAGA,230,"19,2","0,0","13,6",06:39,"24,8",12:20,,,,,,,,,
2015-11-07,6143X,COÍN,MALAGA,230,"19,3","0,0","14,1",05:16,"24,5",14:28,,,,,,,,,
2015-11-08,6143X,COÍN,MALAGA,230,"18,4","0,0","14,4",03:13,"22,3",13:59,,,,,,,,,
2015-11-09,6143X,COÍN,MALAGA,230,"18,4","0,0","13,5",23:58,"23,2",12:21,,,,,,,,,
2015-11-10,6143X,COÍN,MALAGA,230,"19,2","0,0","12,7",07:20,"25,7",14:31,,,,,,,,,
2015-11-11,6143X,COÍN,MALAGA,230,"17,5","0,0","10,9",07:12,"24,1",12:30,,,,,,,,,
2015-11-12,6143X,COÍN,MALAGA,230,"16,0","0,0","9,5",06:33,"22,6",14:01,,,,,,,,,
2015-11-13,6143X,COÍN,MALAGA,230,"18,6","0,0","13,6",21:26,"23,6",14:28,,,,,,,,,
2015-11-14,6143X,COÍN,MALAGA,230,"18,0","0,0","14,9",00:01,"21,1",12:32,,,,,,,,,
2015-11-15,6143X,COÍN,MALAGA,230,"17,2","0,0","12,5",Varias,"21,9",14:43,,,,,,,,,
2015-11-16,6143X,COÍN,MALAGA,230,"18,4","0,0","11,8",Varias,"24,9",13:28,,,,,,,,,
2015-11-17,6143X,COÍN,MALAGA,230,"19,0","0,0","12,0",07:05,"26,0",14:34,,,,,,,,,
2015-11-18,6143X,COÍN,MALAGA,230,"16,5","0,0","10,3",07:12,"22,7",14:01,,,,,,,,,
2015-11-19,6143X,COÍN,MALAGA,230,"16,6","0,0","9,9",06:45,"23,2",14:50,,,,,,,,,
2015-11-20,6143X,COÍN,MALAGA,230,"19,2","0,0","11,4",04:38,"27,1",15:16,,,,,,,,,
2015-11-21,6143X,COÍN,MALAGA,230,"18,0","0,0","12,8",23:45,"23,1",11:00,,,,,,,,,
2015-11-22,6143X,COÍN,MALAGA,230,"12,3","0,0","8,8",23:12,"15,8",Varias,,,,,,,,,
2015-11-23,6143X,COÍN,MALAGA,230,"12,0","0,0","7,0",07:04,"17,0",14:40,,,,,,,,,
2015-11-24,6143X,COÍN,MALAGA,230,"10,3","0,0","3,9",07:39,"16,7",14:25,,,,,,,,,
2015-11-25,6143X,COÍN,MALAGA,230,"13,6","0,0","7,4",Varias,"19,7",13:31,,,,,,,,,
2015-11-26,6143X,COÍN,MALAGA,230,"16,0","0,0","9,2",07:37,"22,7",14:52,,,,,,,,,
2015-11-27,6143X,COÍN,MALAGA,230,"17,0","0,0","10,9",23:59,"23,2",13:27,,,,,,,,,
2015-11-28,6143X,COÍN,MALAGA,230,"15,6","0,0","8,8",Varias,"22,4",14:11,,,,,,,,,
2015-11-29,6143X,COÍN,MALAGA,230,"15,0","0,0","9,1",02:27,"20,8",14:23,,,,,,,,,
2015-11-30,6143X,COÍN,MALAGA,230,"15,1","0,0","9,9",07:26,"20,3",13:41,,,,,,,,,
2015-12-01,6143X,COÍN,MALAGA,230,"14,7","0,0","9,1",07:12,"20,3",14:50,,,,,,,,,
2015-12-02,6143X,COÍN,MALAGA,230,"14,7","0,0","9,0",07:36,"20,4",12:59,,,,,,,,,
2015-12-03,6143X,COÍN,MALAGA,230,"15,1","0,0","8,5",06:34,"21,7",15:07,,,,,,,,,
2015-12-04,6143X,COÍN,MALAGA,230,"15,1","0,0","9,2",03:24,"21,0",14:14,,,,,,,,,
2015-12-05,6143X,COÍN,MALAGA,230,"14,8","0,0","9,9",23:59,"19,7",14:23,,,,,,,,,
2015-12-06,6143X,COÍN,MALAGA,230,"14,0","0,0","9,9",00:01,"18,1",12:25,,,,,,,,,
2015-12-07,6143X,COÍN,MALAGA,230,"14,4","0,0","11,9",22:36,"16,9",13:06,,,,,,,,,
2015-12-08,6143X,COÍN,MALAGA,230,"14,4","0,0","9,7",06:24,"19,0",13:06,,,,,,,,,
2015-12-09,6143X,COÍN,MALAGA,230,"14,2","0,0","11,0",05:21,"17,5",13:55,,,,,,,,,
2015-12-10,6143X,COÍN,MALAGA,230,"16,6","0,0","13,4",18:40,"19,9",14:35,,,,,,,,,
2015-12-11,6143X,COÍN,MALAGA,230,"15,6","0,0","13,6",21:14,"17,7",12:33,,,,,,,,,
2015-12-12,6143X,COÍN,MALAGA,230,"14,2","0,0","10,0",Varias,"18,3",11:37,,,,,,,,,
2015-12-13,6143X,COÍN,MALAGA,230,"13,8","0,0","9,4",02:04,"18,3",13:10,,,,,,,,,
2015-12-14,6143X,COÍN,MALAGA,230,"15,0","0,0","10,5",02:29,"19,6",14:08,,,,,,,,,
2015-12-15,6143X,COÍN,MALAGA,230,"16,6","0,0","10,1",05:11,"23,1",13:37,,,,,,,,,
2015-12-16,6143X,COÍN,MALAGA,230,"17,2","0,0","10,4",05:58,"24,1",15:03,,,,,,,,,
2015-12-17,6143X,COÍN,MALAGA,230,"18,0","0,0","11,6",06:38,"24,5",15:16,,,,,,,,,
2015-12-18,6143X,COÍN,MALAGA,230,"18,4","0,0","11,0",Varias,"25,9",Varias,,,,,,,,,
2015-12-19,6143X,COÍN,MALAGA,230,"17,0","0,0","9,8",06:28,"24,1",14:03,,,,,,,,,
2015-12-20,6143X,COÍN,MALAGA,230,"16,7","0,0","10,1",07:10,"23,3",15:39,,,,,,,,,
2015-12-21,6143X,COÍN,MALAGA,230,"15,0","0,0","9,9",07:37,"20,0",14:19,,,,,,,,,
2015-12-22,6143X,COÍN,MALAGA,230,"14,8","0,0","10,7",21:00,"19,0",15:06,,,,,,,,,
2015-12-23,6143X,COÍN,MALAGA,230,"15,6","0,0","11,0",20:39,"20,1",14:33,,,,,,,,,
2015-12-24,6143X,COÍN,MALAGA,230,"15,6","0,0","10,0",23:45,"21,2",14:32,,,,,,,,,
2015-12-25,6143X,COÍN,MALAGA,230,"13,3","0,0","8,6",04:52,"18,0",13:23,,,,,,,,,
2015-12-26,6143X,COÍN,MALAGA,230,"14,3","0,0","11,6",00:43,"17,0",14:59,,,,,,,,,
2015-12-27,6143X,COÍN,MALAGA,230,"15,4","0,0","11,8",06:55,"19,0",11:24,,,,,,,,,
2015-12-28,6143X,COÍN,MALAGA,230,"13,9","0,4","9,6",08:00,"18,2",12:24,,,,,,,,,
2015-12-29,6143X,COÍN,MALAGA,230,"13,4","0,4","10,0",23:49,"16,9",16:01,,,,,,,,,
2015-12-30,6143X,COÍN,MALAGA,230,"14,4","0,0","7,7",07:39,"21,0",14:00,,,,,,,,,
2015-12-31,6143X,COÍN,MALAGA,230,"17,4","0,0","10,4",07:06,"24,3",14:25,,,,,,,,,
2016-01-01,6143X,COÍN,MALAGA,230,"16,5","0,0","10,9",07:24,"22,1",12:27,,,,,,,,,
2016-01-02,6143X,COÍN,MALAGA,230,"16,4","0,2","12,7",01:43,"20,1",15:07,,,,,,,,,
2016-01-03,6143X,COÍN,MALAGA,230,"16,4","0,0","11,3",06:07,"21,5",15:27,,,,,,,,,
2016-01-04,6143X,COÍN,MALAGA,230,"18,2","3,8","13,7",03:13,"22,6",12:19,,,,,,,,,
2016-01-05,6143X,COÍN,MALAGA,230,"13,0","0,6","9,2",23:19,"16,9",Varias,,,,,,,,,
2016-01-06,6143X,COÍN,MALAGA,230,"12,6","0,0","7,6",05:22,"17,6",12:18,,,,,,,,,
2016-01-07,6143X,COÍN,MALAGA,230,"14,8","0,0","8,4",03:03,"21,2",13:40,,,,,,,,,
2016-01-08,6143X,COÍN,MALAGA,230,"15,6","2,0","9,0",Varias,"22,1",13:47,,,,,,,,,
2016-01-09,6143X,COÍN,MALAGA,230,"15,3","0,8","9,1",23:57,"21,5",13:00,,,,,,,,,
2016-01-10,6143X,COÍN,MALAGA,230,"13,8","0,0","8,0",03:50,"19,6",12:21,,,,,,,,,
2016-01-11,6143X,COÍN,MALAGA,230,"16,5","0,8","12,7",20:56,"20,3",13:11,,,,,,,,,
2016-01-12,6143X,COÍN,MALAGA,230,"13,2","0,0","9,0",06:31,"17,4",14:45,,,,,,,,,
2016-01-13,6143X,COÍN,MALAGA,230,"13,2","0,0","7,4",02:58,"18,9",14:17,,,,,,,,,
2016-01-14,6143X,COÍN,MALAGA,230,"14,6","0,0","7,0",04:44,"22,1",13:50,,,,,,,,,
2016-01-15,6143X,COÍN,MALAGA,230,"14,2","0,0","10,7",23:56,"17,6",12:04,,,,,,,,,
2016-01-16,6143X,COÍN,MALAGA,230,"11,2","0,0","5,3",07:45,"17,2",12:37,,,,,,,,,
2016-01-17,6143X,COÍN,MALAGA,230,"11,4","0,0","7,3",00:01,"15,6",13:21,,,,,,,,,
2016-01-18,6143X,COÍN,MALAGA,230,"13,4","0,0","7,5",08:11,"19,3",12:30,,,,,,,,,
2016-01-19,6143X,COÍN,MALAGA,230,"13,0","3,6","7,9",07:47,"18,0",13:16,,,,,,,,,
2016-01-20,6143X,COÍN,MALAGA,230,"13,0","0,0","8,9",07:23,"17,0",14:36,,,,,,,,,
2016-01-21,6143X,COÍN,MALAGA,230,"15,0","0,0","9,3",03:51,"20,8",13:25,,,,,,,,,
2016-01-22,6143X,COÍN,MALAGA,230,"15,6","0,0","10,4",07:22,"20,8",13:16,,,,,,,,,
2016-01-23,6143X,COÍN,MALAGA,230,"15,5","0,0","9,1",05:53,"21,9",14:52,,,,,,,,,
2016-01-24,6143X,COÍN,MALAGA,230,"15,2","0,0","9,4",08:02,"21,1",13:49,,,,,,,,,
2016-01-25,6143X,COÍN,MALAGA,230,"13,6","0,0","8,3",06:14,"19,0",14:22,,,,,,,,,
2016-01-26,6143X,COÍN,MALAGA,230,"13,3","1,4","8,5",05:19,"18,1",12:37,,,,,,,,,
2016-01-27,6143X,COÍN,MALAGA,230,"13,6","0,0","7,7",03:51,"19,6",15:26,,,,,,,,,
2016-01-28,6143X,COÍN,MALAGA,230,"11,8","0,0","6,8",06:46,"16,9",13:04,,,,,,,,,
2016-01-29,6143X,COÍN,MALAGA,230,"12,0","38,2","7,1",06:49,"16,9",13:08,,,,,,,,,
2016-01-30,6143X,COÍN,MALAGA,230,"13,5","0,0","7,2",04:05,"19,8",14:37,,,,,,,,,
2016-01-31,6143X,COÍN,MALAGA,230,"15,0","0,0","8,4",07:39,"21,6",15:05,,,,,,,,,
2016-02-01,6143X,COÍN,MALAGA,230,"16,4","0,0","9,2",07:50,"23,7",13:45,,,,,,,,,
2016-02-02,6143X,COÍN,MALAGA,230,"16,4","0,0","9,6",06:16,"23,3",14:48,,,,,,,,,
2016-02-03,6143X,COÍN,MALAGA,230,"15,2","0,0","10,2",06:13,"20,3",13:09,,,,,,,,,
2016-02-04,6143X,COÍN,MALAGA,230,"13,4","0,0","10,3",04:41,"16,6",11:37,,,,,,,,,
2016-02-05,6143X,COÍN,MALAGA,230,"13,4","0,0","10,2",23:51,"16,6",14:09,,,,,,,,,
2016-02-06,6143X,COÍN,MALAGA,230,"14,4","0,2","9,4",06:12,"19,5",14:17,,,,,,,,,
2016-02-07,6143X,COÍN,MALAGA,230,"15,0","0,2","10,4",23:57,"19,7",14:43,,,,,,,,,
2016-02-08,6143X,COÍN,MALAGA,230,"14,0","0,0","8,8",02:59,"19,2",15:30,,,,,,,,,
2016-02-09,6143X,COÍN,MALAGA,230,"14,7","0,0","8,8",06:22,"20,6",14:33,,,,,,,,,
2016-02-10,6143X,COÍN,MALAGA,230,"18,8","0,4","14,7",07:00,"22,8",12:56,,,,,,,,,
2016-02-11,6143X,COÍN,MALAGA,230,"17,8","1,2","13,4",23:59,"22,1",15:08,,,,,,,,,
2016-02-12,6143X,COÍN,MALAGA,230,"17,4","0,0","11,2",06:13,"23,6",12:30,,,,,,,,,
2016-02-13,6143X,COÍN,MALAGA,230,"18,0","0,8","14,9",22:23,"21,2",13:24,,,,,,,,,
2016-02-14,6143X,COÍN,MALAGA,230,"13,0","3,0","7,4",23:46,"18,5",11:14,,,,,,,,,
2016-02-15,6143X,COÍN,MALAGA,230,"11,2","0,0","7,4",00:01,"14,9",13:35,,,,,,,,,
2016-02-16,6143X,COÍN,MALAGA,230,"9,8","0,0","5,2",Varias,"14,5",16:09,,,,,,,,,
2016-02-17,6143X,COÍN,MALAGA,230,"9,2","0,4","1,4",07:13,"17,1",16:27,,,,,,,,,
2016-02-18,6143X,COÍN,MALAGA,230,"10,1","1,8","6,6",00:49,"13,6",14:54,,,,,,,,,
2016-02-19,6143X,COÍN,MALAGA,230,"10,3","1,8","7,4",01:58,"13,2",15:24,,,,,,,,,
2016-02-20,6143X,COÍN,MALAGA,230,"12,4","0,0","7,2",Varias,"17,7",Varias,,,,,,,,,
2016-02-21,6143X,COÍN,MALAGA,230,"15,4","0,0","10,9",Varias,"19,9",14:59,,,,,,,,,
2016-02-22,6143X,COÍN,MALAGA,230,"16,8","0,0","9,6",06:21,"23,9",14:10,,,,,,,,,
2016-02-23,6143X,COÍN,MALAGA,230,"16,5","0,0","8,5",07:17,"24,5",15:17,,,,,,,,,
2016-02-24,6143X,COÍN,MALAGA,230,"14,6","0,0","7,0",Varias,"22,2",15:12,,,,,,,,,
2016-02-25,6143X,COÍN,MALAGA,230,"15,5","0,0","11,0",02:45,"20,0",13:50,,,,,,,,,
2016-02-26,6143X,COÍN,MALAGA,230,"13,2","8,4","7,8",06:34,"18,5",11:06,,,,,,,,,
2016-02-27,6143X,COÍN,MALAGA,230,"9,3","1,2","5,8",21:27,"12,8",15:12,,,,,,,,,
2016-02-28,6143X,COÍN,MALAGA,230,"12,0","0,0","6,6",03:39,"17,3",14:57,,,,,,,,,
2016-02-29,6143X,COÍN,MALAGA,230,"13,0","0,0","7,3",06:53,"18,8",14:28,,,,,,,,,
2016-03-01,6143X,COÍN,MALAGA,230,"15,8","0,0","10,5",07:12,"21,1",15:57,,,,,,,,,
2016-03-02,6143X,COÍN,MALAGA,230,"17,2","0,0","9,6",07:15,"24,7",15:14,,,,,,,,,
2016-03-03,6143X,COÍN,MALAGA,230,"16,4","0,0","10,6",07:10,"22,3",15:04,,,,,,,,,
2016-03-04,6143X,COÍN,MALAGA,230,"16,3","0,0","8,9",06:26,"23,7",14:13,,,,,,,,,
2016-03-05,6143X,COÍN,MALAGA,230,"13,0","0,0","9,2",06:59,"16,9",14:44,,,,,,,,,
2016-03-06,6143X,COÍN,MALAGA,230,"12,8","0,0","7,9",06:49,"17,6",16:08,,,,,,,,,
2016-03-07,6143X,COÍN,MALAGA,230,"10,9","2,0","6,0",06:52,"15,8",11:13,,,,,,,,,
2016-03-08,6143X,COÍN,MALAGA,230,"12,6","0,0","8,0",05:41,"17,1",14:49,,,,,,,,,
2016-03-09,6143X,COÍN,MALAGA,230,"13,2","0,0","6,0",06:00,"20,5",12:56,,,,,,,,,
2016-03-10,6143X,COÍN,MALAGA,230,"14,2","0,0","9,8",06:42,"18,5",16:23,,,,,,,,,
2016-03-11,6143X,COÍN,MALAGA,230,"13,9","0,0","7,7",06:27,"20,1",16:08,,,,,,,,,
2016-03-12,6143X,COÍN,MALAGA,230,"13,0","0,0","5,9",04:52,"20,1",12:48,,,,,,,,,
2016-03-13,6143X,COÍN,MALAGA,230,"12,6","0,0","5,8",05:35,"19,3",11:49,,,,,,,,,
2016-03-14,6143X,COÍN,MALAGA,230,"13,1","0,0","7,3",06:40,"18,9",14:59,,,,,,,,,
2016-03-15,6143X,COÍN,MALAGA,230,"14,8","0,2","8,5",03:36,"21,2",13:35,,,,,,,,,
2016-03-16,6143X,COÍN,MALAGA,230,"15,8","0,0","10,0",05:37,"21,5",15:04,,,,,,,,,
2016-03-17,6143X,COÍN,MALAGA,230,"15,4","0,0","8,4",Varias,"22,4",12:00,,,,,,,,,
2016-03-18,6143X,COÍN,MALAGA,230,"14,3","0,8","9,5",03:50,"19,1",13:46,,,,,,,,,
2016-03-19,6143X,COÍN,MALAGA,230,"14,3","2,2","9,4",24:00,"19,2",15:17,,,,,,,,,
2016-03-20,6143X,COÍN,MALAGA,230,"13,0","6,4","7,6",04:36,"18,5",15:30,,,,,,,,,
2016-03-21,6143X,COÍN,MALAGA,230,"11,6","8,6","7,5",23:00,"15,7",13:31,,,,,,,,,
2016-03-22,6143X,COÍN,MALAGA,230,"12,6","0,0","6,3",06:16,"18,8",15:26,,,,,,,,,
2016-03-23,6143X,COÍN,MALAGA,230,"14,6","0,0","9,5",02:11,"19,7",11:12,,,,,,,,,
2016-03-24,6143X,COÍN,MALAGA,230,"15,1","0,0","8,4",06:30,"21,8",16:31,,,,,,,,,
2016-03-25,6143X,COÍN,MALAGA,230,"17,2","0,0","9,1",05:53,"25,3",14:51,,,,,,,,,
2016-03-26,6143X,COÍN,MALAGA,230,"17,3","0,0","9,5",06:04,"25,1",14:14,,,,,,,,,
2016-03-27,6143X,COÍN,MALAGA,230,"17,2","0,0","11,1",03:37,"23,2",15:31,,,,,,,,,
2016-03-28,6143X,COÍN,MALAGA,230,"16,0","0,0","8,5",05:55,"23,6",15:03,,,,,,,,,
2016-03-29,6143X,COÍN,MALAGA,230,"17,8","0,0","10,2",06:14,"25,4",12:33,,,,,,,,,
2016-03-30,6143X,COÍN,MALAGA,230,"17,5","0,0","9,9",05:48,"25,1",15:51,,,,,,,,,
2016-03-31,6143X,COÍN,MALAGA,230,"15,0","0,0","11,2",06:28,"18,8",15:53,,,,,,,,,
2016-04-01,6143X,COÍN,MALAGA,230,"15,0","0,0","9,7",06:22,"20,2",16:06,,,,,,,,,
2016-04-02,6143X,COÍN,MALAGA,230,"13,6","0,0","7,9",05:50,"19,3",13:49,,,,,,,,,
2016-04-03,6143X,COÍN,MALAGA,230,"15,4","0,0","8,6",03:42,"22,3",16:00,,,,,,,,,
2016-04-04,6143X,COÍN,MALAGA,230,"13,0","6,6","10,3",04:48,"15,8",Varias,,,,,,,,,
2016-04-05,6143X,COÍN,MALAGA,230,"16,0","0,0","11,2",04:35,"20,8",15:56,,,,,,,,,
2016-04-06,6143X,COÍN,MALAGA,230,"18,2","0,0","12,5",05:53,"24,0",13:31,,,,,,,,,
2016-04-07,6143X,COÍN,MALAGA,230,"18,2","0,0","11,6",05:48,"24,9",11:19,,,,,,,,,
2016-04-08,6143X,COÍN,MALAGA,230,"16,0","0,0","11,5",23:49,"20,5",13:03,,,,,,,,,
2016-04-09,6143X,COÍN,MALAGA,230,"17,6","0,0","9,8",05:51,"25,4",15:30,,,,,,,,,
2016-04-10,6143X,COÍN,MALAGA,230,"15,6","0,2","9,9",05:23,"21,2",09:50,,,,,,,,,
2016-04-11,6143X,COÍN,MALAGA,230,"15,2","0,2","11,5",Varias,"18,9",16:15,,,,,,,,,
2016-04-12,6143X,COÍN,MALAGA,230,"14,8","0,2","11,5",Varias,"18,1",17:30,,,,,,,,,
2016-04-13,6143X,COÍN,MALAGA,230,"17,0","0,0","10,5",05:50,"23,5",16:08,,,,,,,,,
2016-04-14,6143X,COÍN,MALAGA,230,"17,2","0,0","10,7",05:32,"23,6",13:29,,,,,,,,,
2016-04-15,6143X,COÍN,MALAGA,230,"19,6","0,0","11,9",05:56,"27,3",14:55,,,,,,,,,
2016-04-16,6143X,COÍN,MALAGA,230,"18,3","0,0","12,5",05:13,"24,1",15:35,,,,,,,,,
2016-04-17,6143X,COÍN,MALAGA,230,"19,8","1,8","14,7",05:21,"24,8",16:14,,,,,,,,,
2016-04-18,6143X,COÍN,MALAGA,230,"19,0","3,2","12,8",05:28,"25,2",13:27,,,,,,,,,
2016-04-19,6143X,COÍN,MALAGA,230,"15,8","16,4","14,0",23:59,"17,6",10:51,,,,,,,,,
2016-04-20,6143X,COÍN,MALAGA,230,"15,0","6,4","9,8",08:18,"20,2",15:59,,,,,,,,,
2016-04-21,6143X,COÍN,MALAGA,230,"15,6","0,0","8,3",04:46,"23,0",14:31,,,,,,,,,
2016-04-22,6143X,COÍN,MALAGA,230,"19,3","0,0","13,4",Varias,"25,2",15:22,,,,,,,,,
2016-04-23,6143X,COÍN,MALAGA,230,"19,8","0,0","12,8",05:35,"26,9",13:44,,,,,,,,,
2016-04-24,6143X,COÍN,MALAGA,230,"20,6","0,0","15,1",23:46,"26,2",11:23,,,,,,,,,
2016-04-25,6143X,COÍN,MALAGA,230,"18,0","0,0","12,6",04:54,"23,3",14:20,,,,,,,,,
2016-04-26,6143X,COÍN,MALAGA,230,"18,2","0,0","11,2",05:21,"25,3",16:26,,,,,,,,,
2016-04-27,6143X,COÍN,MALAGA,230,"20,6","0,0","13,9",05:47,"27,4",14:09,,,,,,,,,
2016-04-28,6143X,COÍN,MALAGA,230,"21,2","0,0","15,0",05:55,"27,4",12:12,,,,,,,,,
2016-04-29,6143X,COÍN,MALAGA,230,"17,8","0,0","15,6",01:19,"20,1",16:41,,,,,,,,,
2016-04-30,6143X,COÍN,MALAGA,230,"19,8","0,0","13,4",04:45,"26,1",12:55,,,,,,,,,
2016-05-01,6143X,COÍN,MALAGA,230,"17,8","0,0","12,8",05:45,"22,9",14:23,,,,,,,,,
2016-05-02,6143X,COÍN,MALAGA,230,"17,4","0,0","12,7",23:51,"22,2",11:41,,,,,,,,,
2016-05-03,6143X,COÍN,MALAGA,230,"18,4","0,0","10,2",04:55,"26,6",15:09,,,,,,,,,
2016-05-04,6143X,COÍN,MALAGA,230,"19,7","0,0","16,1",03:17,"23,3",10:04,,,,,,,,,
2016-05-05,6143X,COÍN,MALAGA,230,"18,0","0,4","15,2",Varias,"20,8",Varias,,,,,,,,,
2016-05-06,6143X,COÍN,MALAGA,230,"14,8","94,4","13,2",13:51,"16,3",08:34,,,,,,,,,
2016-05-07,6143X,COÍN,MALAGA,230,"17,2","6,0","13,3",04:41,"21,1",11:55,,,,,,,,,
2016-05-08,6143X,COÍN,MALAGA,230,"15,0","30,6","12,5",23:56,"17,5",14:01,,,,,,,,,
2016-05-09,6143X,COÍN,MALAGA,230,"15,8","4,8","11,7",07:30,"19,9",15:05,,,,,,,,,
2016-05-10,6143X,COÍN,MALAGA,230,"14,8","22,2","11,8",00:01,"17,7",15:33,,,,,,,,,
2016-05-11,6143X,COÍN,MALAGA,230,"13,4","13,0","9,4",03:33,"17,3",12:15,,,,,,,,,
2016-05-12,6143X,COÍN,MALAGA,230,"15,8","6,0","11,3",01:11,"20,3",11:37,,,,,,,,,
2016-05-13,6143X,COÍN,MALAGA,230,"16,9","0,0","10,7",05:27,"23,1",15:42,,,,,,,,,
2016-05-14,6143X,COÍN,MALAGA,230,"18,4","0,0","12,3",05:24,"24,4",16:12,,,,,,,,,
2016-05-15,6143X,COÍN,MALAGA,230,"21,2","0,0","12,9",04:06,"29,4",15:15,,,,,,,,,
2016-05-16,6143X,COÍN,MALAGA,230,"20,7","0,0","14,8",04:57,"26,6",14:29,,,,,,,,,
2016-05-17,6143X,COÍN,MALAGA,230,"21,0","0,0","14,3",02:50,"27,6",13:43,,,,,,,,,
2016-05-18,6143X,COÍN,MALAGA,230,"20,8","0,0","15,3",05:20,"26,3",10:59,,,,,,,,,
2016-05-19,6143X,COÍN,MALAGA,230,"25,2","0,0","17,4",04:50,"33,1",15:37,,,,,,,,,
2016-05-20,6143X,COÍN,MALAGA,230,"22,5","0,0","16,8",23:51,"28,2",15:18,,,,,,,,,
2016-05-21,6143X,COÍN,MALAGA,230,"20,6","0,0","14,8",04:50,"26,4",14:30,,,,,,,,,
2016-05-22,6143X,COÍN,MALAGA,230,"22,1","0,0","13,7",04:50,"30,5",13:07,,,,,,,,,
2016-05-23,6143X,COÍN,MALAGA,230,"20,4","0,0","15,9",23:49,"25,0",14:41,,,,,,,,,
2016-05-24,6143X,COÍN,MALAGA,230,"22,1","0,0","15,5",05:22,"28,7",16:18,,,,,,,,,
2016-05-25,6143X,COÍN,MALAGA,230,"23,8","0,0","15,5",04:33,"32,0",16:39,,,,,,,,,
2016-05-26,6143X,COÍN,MALAGA,230,"23,3","0,0","15,1",04:31,"31,5",14:54,,,,,,,,,
2016-05-27,6143X,COÍN,MALAGA,230,"22,8","0,0","14,5",05:11,"31,0",12:40,,,,,,,,,
2016-05-28,6143X,COÍN,MALAGA,230,"20,8","0,0","15,3",04:06,"26,4",10:23,,,,,,,,,
2016-05-29,6143X,COÍN,MALAGA,230,"20,5","0,0","13,5",03:26,"27,5",13:59,,,,,,,,,
2016-05-30,6143X,COÍN,MALAGA,230,"21,8","0,0","13,6",04:56,"29,9",16:01,,,,,,,,,
2016-05-31,6143X,COÍN,MALAGA,230,"22,2","0,0","16,6",23:57,"27,7",10:35,,,,,,,,,
2016-06-01,6143X,COÍN,MALAGA,230,"21,8","0,0","14,8",04:35,"28,9",15:35,,,,,,,,,
2016-06-02,6143X,COÍN,MALAGA,230,"22,0","0,0","15,2",04:13,"28,8",15:32,,,,,,,,,
2016-06-03,6143X,COÍN,MALAGA,230,"23,8","0,0","16,1",05:28,"31,5",15:59,,,,,,,,,
2016-06-04,6143X,COÍN,MALAGA,230,"23,7","0,0","16,0",04:45,"31,4",15:18,,,,,,,,,
2016-06-05,6143X,COÍN,MALAGA,230,"24,0","0,0","16,9",05:15,"31,0",15:11,,,,,,,,,
2016-06-06,6143X,COÍN,MALAGA,230,"22,8","0,0","15,7",04:26,"29,8",11:37,,,,,,,,,
2016-06-07,6143X,COÍN,MALAGA,230,"23,6","0,0","16,8",04:53,"30,5",15:18,,,,,,,,,
2016-06-08,6143X,COÍN,MALAGA,230,"24,5","0,0","16,6",04:42,"32,4",15:37,,,,,,,,,
2016-06-09,6143X,COÍN,MALAGA,230,"27,6","0,0","18,8",05:35,"36,4",16:08,,,,,,,,,
2016-06-10,6143X,COÍN,MALAGA,230,"28,8","0,0","23,0",05:19,"34,7",14:42,,,,,,,,,
2016-06-11,6143X,COÍN,MALAGA,230,"28,0","0,0","20,4",05:16,"35,6",17:05,,,,,,,,,
2016-06-12,6143X,COÍN,MALAGA,230,"27,8","0,0","19,1",04:26,"36,4",17:42,,,,,,,,,
2016-06-13,6143X,COÍN,MALAGA,230,"31,7","0,0","24,3",04:50,"39,1",16:00,,,,,,,,,
2016-06-14,6143X,COÍN,MALAGA,230,"31,0","0,0","24,5",04:48,"37,4",14:28,,,,,,,,,
2016-06-15,6143X,COÍN,MALAGA,230,"24,0","0,0","19,4",23:59,"28,7",15:27,,,,,,,,,
2016-06-16,6143X,COÍN,MALAGA,230,"21,8","0,0","16,3",05:43,"27,4",16:40,,,,,,,,,
2016-06-17,6143X,COÍN,MALAGA,230,"22,8","0,0","15,6",04:33,"30,0",15:07,,,,,,,,,
2016-06-18,6143X,COÍN,MALAGA,230,"26,2","0,0","18,0",01:09,"34,3",14:49,,,,,,,,,
2016-06-19,6143X,COÍN,MALAGA,230,"22,0","0,0","16,8",04:26,"27,3",10:14,,,,,,,,,
2016-06-20,6143X,COÍN,MALAGA,230,"22,1","0,0","15,6",04:46,"28,6",10:48,,,,,,,,,
2016-06-21,6143X,COÍN,MALAGA,230,"22,8","0,0","16,1",04:55,"29,5",14:25,,,,,,,,,
2016-06-22,6143X,COÍN,MALAGA,230,"23,4","0,0","18,0",03:57,"28,8",16:30,,,,,,,,,
2016-06-23,6143X,COÍN,MALAGA,230,"23,6","0,0","17,6",02:56,"29,5",14:12,,,,,,,,,
2016-06-24,6143X,COÍN,MALAGA,230,"25,2","0,0","17,8",03:56,"32,6",15:35,,,,,,,,,
2016-06-25,6143X,COÍN,MALAGA,230,"27,6","0,0","19,8",05:09,"35,3",16:03,,,,,,,,,
2016-06-26,6143X,COÍN,MALAGA,230,"23,2","0,0","17,5",05:21,"28,8",11:21,,,,,,,,,
2016-06-27,6143X,COÍN,MALAGA,230,"25,6","0,0","19,8",03:36,"31,4",14:54,,,,,,,,,
2016-06-28,6143X,COÍN,MALAGA,230,"26,6","0,0","21,1",23:53,"32,1",13:21,,,,,,,,,
2016-06-29,6143X,COÍN,MALAGA,230,"26,6","0,0","19,7",Varias,"33,6",10:24,,,,,,,,,
2016-06-30,6143X,COÍN,MALAGA,230,"27,4","0,0","20,7",05:23,"34,2",16:09,,,,,,,,,
2016-07-01,6143X,COÍN,MALAGA,230,"27,2","0,0","20,9",04:56,"33,6",12:59,,,,,,,,,
2016-07-02,6143X,COÍN,MALAGA,230,"27,6","0,0","20,6",05:19,"34,6",14:10,,,,,,,,,
2016-07-03,6143X,COÍN,MALAGA,230,"27,2","0,0","21,6",Varias,"32,8",15:29,,,,,,,,,
2016-07-04,6143X,COÍN,MALAGA,230,"25,7","0,0","20,6",02:06,"30,8",14:59,,,,,,,,,
2016-07-05,6143X,COÍN,MALAGA,230,"26,6","0,0","19,8",05:20,"33,4",11:14,,,,,,,,,
2016-07-06,6143X,COÍN,MALAGA,230,"25,4","0,0","20,5",03:53,"30,3",10:29,,,,,,,,,
2016-07-07,6143X,COÍN,MALAGA,230,"27,3","0,4","21,1",04:38,"33,5",11:25,,,,,,,,,
2016-07-08,6143X,COÍN,MALAGA,230,"28,5","0,0","21,2",05:31,"35,8",11:51,,,,,,,,,
2016-07-09,6143X,COÍN,MALAGA,230,"28,0","0,0","22,4",05:20,"33,5",10:14,,,,,,,,,
2016-07-10,6143X,COÍN,MALAGA,230,"27,4","0,0","20,9",05:10,"33,9",14:47,,,,,,,,,
2016-07-11,6143X,COÍN,MALAGA,230,"29,0","0,0","22,0",04:04,"35,9",15:08,,,,,,,,,
2016-07-12,6143X,COÍN,MALAGA,230,"31,8","0,0","22,2",05:18,"41,3",15:25,,,,,,,,,
2016-07-13,6143X,COÍN,MALAGA,230,"27,2","0,0","23,5",22:33,"30,8",14:27,,,,,,,,,
2016-07-14,6143X,COÍN,MALAGA,230,"26,0","0,0","21,4",23:59,"30,5",15:38,,,,,,,,,
2016-07-15,6143X,COÍN,MALAGA,230,"25,6","0,0","20,1",05:19,"31,2",14:40,,,,,,,,,
2016-07-16,6143X,COÍN,MALAGA,230,"24,1","0,0","20,5",23:49,"27,7",15:23,,,,,,,,,
2016-07-17,6143X,COÍN,MALAGA,230,"23,5","0,0","17,8",04:38,"29,2",12:51,,,,,,,,,
2016-07-18,6143X,COÍN,MALAGA,230,"23,4","0,0","18,8",04:42,"28,1",15:15,,,,,,,,,
2016-07-19,6143X,COÍN,MALAGA,230,"26,4","0,0","19,8",05:52,"32,9",14:28,,,,,,,,,
2016-07-20,6143X,COÍN,MALAGA,230,"27,1","0,0","20,8",04:07,"33,4",15:09,,,,,,,,,
2016-07-21,6143X,COÍN,MALAGA,230,"30,4","0,0","23,0",01:11,"37,9",11:37,,,,,,,,,
2016-07-22,6143X,COÍN,MALAGA,230,"31,0","0,0","23,6",05:31,"38,4",16:21,,,,,,,,,
2016-07-23,6143X,COÍN,MALAGA,230,"26,2","0,0","22,2",05:38,"30,3",13:50,,,,,,,,,
2016-07-24,6143X,COÍN,MALAGA,230,"26,5","0,0","21,2",05:28,"31,8",10:24,,,,,,,,,
2016-07-25,6143X,COÍN,MALAGA,230,"26,6","0,0","19,8",05:36,"33,4",14:56,,,,,,,,,
2016-07-26,6143X,COÍN,MALAGA,230,"28,3","0,0","20,7",03:32,"35,9",15:17,,,,,,,,,
2016-07-27,6143X,COÍN,MALAGA,230,"28,1","0,0","21,7",05:27,"34,5",10:37,,,,,,,,,
2016-07-28,6143X,COÍN,MALAGA,230,"27,4","0,0","21,0",05:09,"33,7",15:43,,,,,,,,,
2016-07-29,6143X,COÍN,MALAGA,230,"27,8","0,0","20,8",04:14,"34,8",14:56,,,,,,,,,
2016-07-30,6143X,COÍN,MALAGA,230,"29,0","0,0","21,2",05:02,"36,8",16:01,,,,,,,,,
2016-07-31,6143X,COÍN,MALAGA,230,"32,2","0,0","26,2",01:26,"38,1",15:28,,,,,,,,,
2016-08-01,6143X,COÍN,MALAGA,230,"29,8","0,0","22,6",05:36,"37,1",10:42,,,,,,,,,
2016-08-02,6143X,COÍN,MALAGA,230,"27,0","0,0","22,0",05:10,"32,0",16:02,,,,,,,,,
2016-08-03,6143X,COÍN,MALAGA,230,"27,5","0,0","20,9",05:12,"34,1",11:45,,,,,,,,,
2016-08-04,6143X,COÍN,MALAGA,230,"31,6","0,0","21,5",03:50,"41,6",15:30,,,,,,,,,
2016-08-05,6143X,COÍN,MALAGA,230,"32,0","0,0","24,8",23:56,"39,2",11:45,,,,,,,,,
2016-08-06,6143X,COÍN,MALAGA,230,"27,5","0,0","22,8",23:54,"32,2",14:31,,,,,,,,,
2016-08-07,6143X,COÍN,MALAGA,230,"25,6","0,0","21,1",Varias,"30,2",15:07,,,,,,,,,
2016-08-08,6143X,COÍN,MALAGA,230,"25,3","0,0","19,9",04:55,"30,7",11:23,,,,,,,,,
2016-08-09,6143X,COÍN,MALAGA,230,"25,4","0,0","19,3",04:42,"31,5",13:21,,,,,,,,,
2016-08-10,6143X,COÍN,MALAGA,230,"24,9","0,0","19,3",04:53,"30,5",14:44,,,,,,,,,
2016-08-11,6143X,COÍN,MALAGA,230,"25,8","0,0","22,7",02:50,"29,0",14:47,,,,,,,,,
2016-08-12,6143X,COÍN,MALAGA,230,"24,8","0,0","21,2",23:18,"28,5",14:25,,,,,,,,,
2016-08-13,6143X,COÍN,MALAGA,230,"24,1","0,0","19,4",04:30,"28,8",15:30,,,,,,,,,
2016-08-14,6143X,COÍN,MALAGA,230,"24,8","0,0","21,4",Varias,"28,3",14:15,,,,,,,,,
2016-08-15,6143X,COÍN,MALAGA,230,"24,6","0,0","21,2",00:48,"28,1",11:23,,,,,,,,,
2016-08-16,6143X,COÍN,MALAGA,230,"26,4","0,0","20,5",05:21,"32,3",12:50,,,,,,,,,
2016-08-17,6143X,COÍN,MALAGA,230,"29,0","0,0","21,0",05:51,"37,0",12:20,,,,,,,,,
2016-08-18,6143X,COÍN,MALAGA,230,"31,7","0,0","24,2",05:38,"39,2",16:12,,,,,,,,,
2016-08-19,6143X,COÍN,MALAGA,230,"31,8","0,0","24,0",04:13,"39,7",17:16,,,,,,,,,
2016-08-20,6143X,COÍN,MALAGA,230,"32,2","0,0","25,0",05:46,"39,4",15:50,,,,,,,,,
2016-08-21,6143X,COÍN,MALAGA,230,"27,8","0,0","23,4",05:13,"32,2",16:20,,,,,,,,,
2016-08-22,6143X,COÍN,MALAGA,230,"26,2","0,0","22,6",23:58,"29,9",16:30,,,,,,,,,
2016-08-23,6143X,COÍN,MALAGA,230,"25,8","0,0","20,2",05:36,"31,3",11:04,,,,,,,,,
2016-08-24,6143X,COÍN,MALAGA,230,"25,1","0,0","20,9",23:41,"29,3",15:00,,,,,,,,,
2016-08-25,6143X,COÍN,MALAGA,230,"24,6","0,0","19,3",05:25,"30,0",14:53,,,,,,,,,
2016-08-26,6143X,COÍN,MALAGA,230,"25,4","0,0","20,4",03:48,"30,3",11:25,,,,,,,,,
2016-08-27,6143X,COÍN,MALAGA,230,"26,3","0,0","20,9",05:47,"31,7",14:42,,,,,,,,,
2016-08-28,6143X,COÍN,MALAGA,230,"27,5","0,0","20,8",Varias,"34,2",13:08,,,,,,,,,
2016-08-29,6143X,COÍN,MALAGA,230,"32,5","0,0","22,2",05:09,"42,8",15:33,,,,,,,,,
2016-08-30,6143X,COÍN,MALAGA,230,"27,1","0,0","21,8",06:03,"32,4",12:04,,,,,,,,,
2016-08-31,6143X,COÍN,MALAGA,230,"25,7","0,0","21,3",04:34,"30,1",10:17,,,,,,,,,
2016-09-01,6143X,COÍN,MALAGA,230,"25,7","0,0","21,8",02:27,"29,6",14:14,,,,,,,,,
2016-09-02,6143X,COÍN,MALAGA,230,"26,9","0,0","21,6",01:37,"32,2",13:02,,,,,,,,,
2016-09-03,6143X,COÍN,MALAGA,230,"27,8","0,0","20,6",04:15,"35,0",15:48,,,,,,,,,
2016-09-04,6143X,COÍN,MALAGA,230,"30,6","0,0","22,7",05:38,"38,4",13:25,,,,,,,,,
2016-09-05,6143X,COÍN,MALAGA,230,"31,8","0,0","22,1",05:00,"41,6",14:04,,,,,,,,,
2016-09-06,6143X,COÍN,MALAGA,230,"32,2","0,0","25,1",23:55,"39,4",10:18,,,,,,,,,
2016-09-07,6143X,COÍN,MALAGA,230,"30,4","0,0","22,7",06:30,"38,1",11:48,,,,,,,,,
2016-09-08,6143X,COÍN,MALAGA,230,"29,0","0,0","21,0",05:44,"37,0",12:19,,,,,,,,,
2016-09-09,6143X,COÍN,MALAGA,230,"26,9","0,0","21,2",05:54,"32,6",16:46,,,,,,,,,
2016-09-10,6143X,COÍN,MALAGA,230,"29,2","0,0","20,7",05:57,"37,7",14:05,,,,,,,,,
2016-09-11,6143X,COÍN,MALAGA,230,"25,4","0,0","20,8",05:57,"30,1",Varias,,,,,,,,,
2016-09-12,6143X,COÍN,MALAGA,230,"25,4","0,0","20,9",05:57,"29,9",Varias,,,,,,,,,
2016-09-13,6143X,COÍN,MALAGA,230,"24,2","0,2","18,9",22:04,"29,4",14:00,,,,,,,,,
2016-09-14,6143X,COÍN,MALAGA,230,"20,6","0,0","15,3",06:09,"25,9",15:07,,,,,,,,,
2016-09-15,6143X,COÍN,MALAGA,230,"21,8","0,0","14,9",05:43,"28,6",14:57,,,,,,,,,
2016-09-16,6143X,COÍN,MALAGA,230,"23,0","0,0","16,7",06:19,"29,3",15:47,,,,,,,,,
2016-09-17,6143X,COÍN,MALAGA,230,"23,7","0,0","16,6",06:18,"30,8",14:11,,,,,,,,,
2016-09-18,6143X,COÍN,MALAGA,230,"22,8","0,0","16,7",05:37,"28,9",10:28,,,,,,,,,
2016-09-19,6143X,COÍN,MALAGA,230,"22,0","0,0","15,8",05:24,"28,3",11:05,,,,,,,,,
2016-09-20,6143X,COÍN,MALAGA,230,"24,6","0,0","18,9",06:23,"30,4",16:31,,,,,,,,,
2016-09-21,6143X,COÍN,MALAGA,230,"24,3","0,0","17,2",06:10,"31,4",14:04,,,,,,,,,
2016-09-22,6143X,COÍN,MALAGA,230,"25,4","0,0","18,8",06:11,"32,0",12:10,,,,,,,,,
2016-09-23,6143X,COÍN,MALAGA,230,"23,6","0,0","16,6",06:15,"30,6",13:34,,,,,,,,,
2016-09-24,6143X,COÍN,MALAGA,230,"23,4","0,0","17,5",05:19,"29,2",14:11,,,,,,,,,
2016-09-25,6143X,COÍN,MALAGA,230,"23,0","0,0","17,3",04:05,"28,8",13:21,,,,,,,,,
2016-09-26,6143X,COÍN,MALAGA,230,"23,4","0,0","18,4",02:50,"28,5",13:05,,,,,,,,,
2016-09-27,6143X,COÍN,MALAGA,230,"23,0","0,0","18,2",06:07,"27,9",13:01,,,,,,,,,
2016-09-28,6143X,COÍN,MALAGA,230,"22,0","0,0","17,5",05:24,"26,6",11:19,,,,,,,,,
2016-09-29,6143X,COÍN,MALAGA,230,"22,2","0,0","17,0",06:13,"27,3",11:24,,,,,,,,,
2016-09-30,6143X,COÍN,MALAGA,230,"21,6","0,0","17,0",05:38,"26,2",12:09,,,,,,,,,
2016-10-01,6143X,COÍN,MALAGA,230,"21,9","0,0","15,7",06:00,"28,1",10:38,,,,,,,,,
2016-10-02,6143X,COÍN,MALAGA,230,"23,0","0,0","16,5",06:02,"29,4",15:37,,,,,,,,,
2016-10-03,6143X,COÍN,MALAGA,230,"22,0","0,0","15,4",05:16,"28,6",15:43,,,,,,,,,
2016-10-04,6143X,COÍN,MALAGA,230,"22,9","0,0","17,9",05:14,"27,9",14:51,,,,,,,,,
2016-10-05,6143X,COÍN,MALAGA,230,"22,0","0,0","17,0",06:30,"27,1",14:21,,,,,,,,,
2016-10-06,6143X,COÍN,MALAGA,230,"23,4","0,0","17,1",06:30,"29,8",15:55,,,,,,,,,
2016-10-07,6143X,COÍN,MALAGA,230,"24,0","0,0","17,2",06:24,"30,8",10:36,,,,,,,,,
2016-10-08,6143X,COÍN,MALAGA,230,"25,2","0,0","17,3",06:22,"33,2",13:02,,,,,,,,,
2016-10-09,6143X,COÍN,MALAGA,230,"23,2","0,0","17,3",06:35,"29,1",14:15,,,,,,,,,
2016-10-10,6143X,COÍN,MALAGA,230,"21,9","0,0","14,8",06:27,"29,0",11:53,,,,,,,,,
2016-10-11,6143X,COÍN,MALAGA,230,"22,2","0,0","14,0",06:47,"30,5",14:54,,,,,,,,,
2016-10-12,6143X,COÍN,MALAGA,230,"16,4","14,4","13,6",04:11,"19,3",13:35,,,,,,,,,
2016-10-13,6143X,COÍN,MALAGA,230,"18,4","0,0","14,5",06:45,"22,2",12:00,,,,,,,,,
2016-10-14,6143X,COÍN,MALAGA,230,"19,2","0,0","13,4",05:30,"24,9",14:13,,,,,,,,,
2016-10-15,6143X,COÍN,MALAGA,230,"17,4","0,0","10,9",06:38,"24,0",12:25,,,,,,,,,
2016-10-16,6143X,COÍN,MALAGA,230,"19,4","0,0","14,0",06:31,"24,9",13:53,,,,,,,,,
2016-10-17,6143X,COÍN,MALAGA,230,"21,8","0,0","14,1",03:59,"29,5",14:40,,,,,,,,,
2016-10-18,6143X,COÍN,MALAGA,230,"22,8","0,0","18,0",06:27,"27,6",11:39,,,,,,,,,
2016-10-19,6143X,COÍN,MALAGA,230,"21,8","0,0","17,4",Varias,"26,3",14:12,,,,,,,,,
2016-10-20,6143X,COÍN,MALAGA,230,"20,9","0,0","16,5",06:37,"25,3",12:01,,,,,,,,,
2016-10-21,6143X,COÍN,MALAGA,230,"19,2","0,0","15,4",06:44,"22,9",13:22,,,,,,,,,
2016-10-22,6143X,COÍN,MALAGA,230,"20,2","0,0","16,4",05:53,"24,1",15:33,,,,,,,,,
2016-10-23,6143X,COÍN,MALAGA,230,"19,4","14,2","15,0",23:57,"23,8",15:43,,,,,,,,,
2016-10-24,6143X,COÍN,MALAGA,230,"19,6","0,0","14,3",05:16,"24,8",14:40,,,,,,,,,
2016-10-25,6143X,COÍN,MALAGA,230,"22,0","0,0","17,0",02:10,"26,9",13:23,,,,,,,,,
2016-10-26,6143X,COÍN,MALAGA,230,"23,9","0,0","18,4",05:18,"29,4",11:49,,,,,,,,,
2016-10-27,6143X,COÍN,MALAGA,230,"22,4","0,0","18,7",05:32,"26,2",10:31,,,,,,,,,
2016-10-28,6143X,COÍN,MALAGA,230,"21,9","0,0","19,2",19:30,"24,6",09:41,,,,,,,,,
2016-10-29,6143X,COÍN,MALAGA,230,"19,6","0,0","16,0",23:54,"23,3",12:40,,,,,,,,,
2016-10-30,6143X,COÍN,MALAGA,230,"19,4","0,0","13,7",23:40,"25,2",14:53,,,,,,,,,
2016-10-31,6143X,COÍN,MALAGA,230,"19,0","0,0","14,0",01:44,"24,0",13:51,,,,,,,,,
2016-11-01,6143X,COÍN,MALAGA,230,"18,5","0,0","14,9",24:00,"22,1",12:35,,,,,,,,,
2016-11-02,6143X,COÍN,MALAGA,230,"19,9","0,0","13,7",06:22,"26,1",13:06,,,,,,,,,
2016-11-03,6143X,COÍN,MALAGA,230,"20,8","0,0","14,8",02:28,"26,8",12:00,,,,,,,,,
2016-11-04,6143X,COÍN,MALAGA,230,"21,4","0,0","17,7",06:52,"25,0",13:41,,,,,,,,,
2016-11-05,6143X,COÍN,MALAGA,230,"20,0","4,8","15,6",23:28,"24,3",10:49,,,,,,,,,
2016-11-06,6143X,COÍN,MALAGA,230,"16,0","0,0","10,9",23:45,"21,2",13:52,,,,,,,,,
2016-11-07,6143X,COÍN,MALAGA,230,"12,8","0,0","7,6",07:08,"18,0",12:04,,,,,,,,,
2016-11-08,6143X,COÍN,MALAGA,230,"13,4","0,0","7,1",06:03,"19,7",14:11,,,,,,,,,
2016-11-09,6143X,COÍN,MALAGA,230,"15,0","0,0","8,7",00:14,"21,2",13:00,,,,,,,,,
2016-11-10,6143X,COÍN,MALAGA,230,"14,4","0,0","9,6",23:22,"19,1",12:16,,,,,,,,,
2016-11-11,6143X,COÍN,MALAGA,230,"15,0","0,0","7,2",06:55,"22,9",15:15,,,,,,,,,
2016-11-12,6143X,COÍN,MALAGA,230,"15,5","0,0","8,0",06:39,"23,0",13:25,,,,,,,,,
2016-11-13,6143X,COÍN,MALAGA,230,"14,9","0,0","9,9",05:31,"19,9",13:59,,,,,,,,,
2016-11-14,6143X,COÍN,MALAGA,230,"16,8","0,0","9,3",07:13,"24,4",13:56,,,,,,,,,
2016-11-15,6143X,COÍN,MALAGA,230,"15,4","0,0","10,4",23:49,"20,4",12:17,,,,,,,,,
2016-11-16,6143X,COÍN,MALAGA,230,"14,0","0,0","8,9",06:41,"19,0",12:19,,,,,,,,,
2016-11-17,6143X,COÍN,MALAGA,230,"15,0","0,0","7,9",05:46,"22,1",13:58,,,,,,,,,
2016-11-18,6143X,COÍN,MALAGA,230,"16,1","0,0","8,2",07:24,"24,0",13:58,,,,,,,,,
2016-11-19,6143X,COÍN,MALAGA,230,"17,6","0,0","11,1",04:25,"24,0",14:19,,,,,,,,,
2016-11-20,6143X,COÍN,MALAGA,230,"15,0","1,0","10,1",07:05,"20,0",13:33,,,,,,,,,
2016-11-21,6143X,COÍN,MALAGA,230,"16,0","23,0","13,0",23:41,"19,0",11:52,,,,,,,,,
2016-11-22,6143X,COÍN,MALAGA,230,"12,9","4,6","10,5",Varias,"15,3",13:02,,,,,,,,,
2016-11-23,6143X,COÍN,MALAGA,230,"11,8","0,2","7,4",23:47,"16,1",13:23,,,,,,,,,
2016-11-24,6143X,COÍN,MALAGA,230,"11,6","0,0","5,9",04:26,"17,2",14:16,,,,,,,,,
2016-11-25,6143X,COÍN,MALAGA,230,"9,6","88,4","7,6",02:35,"11,7",18:02,,,,,,,,,
2016-11-26,6143X,COÍN,MALAGA,230,"12,4","17,4","10,7",01:58,"14,1",13:29,,,,,,,,,
2016-11-27,6143X,COÍN,MALAGA,230,"10,2","13,2","8,6",23:20,"11,8",11:12,,,,,,,,,
2016-11-28,6143X,COÍN,MALAGA,230,"13,8","0,0","8,6",01:47,"18,9",13:27,,,,,,,,,
2016-11-29,6143X,COÍN,MALAGA,230,"12,4","0,0","7,7",05:46,"17,0",11:19,,,,,,,,,
2016-11-30,6143X,COÍN,MALAGA,230,"15,9","3,0","12,9",00:03,"18,9",14:30,,,,,,,,,
2016-12-01,6143X,COÍN,MALAGA,230,"14,2","8,4","12,5",07:30,"16,0",11:44,,,,,,,,,
2016-12-02,6143X,COÍN,MALAGA,230,"15,6","5,0","12,4",05:36,"18,8",12:22,,,,,,,,,
2016-12-03,6143X,COÍN,MALAGA,230,"13,3","145,0","12,3",06:29,"14,3",Varias,,,,,,,,,
2016-12-04,6143X,COÍN,MALAGA,230,"12,2","5,8","10,7",07:38,"13,7",Varias,,,,,,,,,
2016-12-05,6143X,COÍN,MALAGA,230,"14,0","0,0","12,7",00:01,"15,3",Varias,,,,,,,,,
2016-12-06,6143X,COÍN,MALAGA,230,"16,2","0,0","11,7",04:33,"20,6",13:05,,,,,,,,,
2016-12-07,6143X,COÍN,MALAGA,230,"15,2","0,0","11,3",05:42,"19,1",14:02,,,,,,,,,
2016-12-08,6143X,COÍN,MALAGA,230,"15,6","0,0","11,9",03:02,"19,3",11:21,,,,,,,,,
2016-12-09,6143X,COÍN,MALAGA,230,"15,4","0,0","14,0",06:29,"16,8",14:24,,,,,,,,,
2016-12-10,6143X,COÍN,MALAGA,230,"15,1","0,0","11,9",20:25,"18,3",14:55,,,,,,,,,
2016-12-11,6143X,COÍN,MALAGA,230,"15,5","0,0","11,0",21:00,"20,0",14:04,,,,,,,,,
2016-12-12,6143X,COÍN,MALAGA,230,"13,6","0,0","7,5",06:13,"19,6",14:52,,,,,,,,,
2016-12-13,6143X,COÍN,MALAGA,230,"12,8","0,0","10,2",21:29,"15,5",13:24,,,,,,,,,
2016-12-14,6143X,COÍN,MALAGA,230,"12,7","8,0","8,6",07:14,"16,8",13:16,,,,,,,,,
2016-12-15,6143X,COÍN,MALAGA,230,"12,0","8,8","7,9",23:42,"16,1",14:00,,,,,,,,,
2016-12-16,6143X,COÍN,MALAGA,230,"11,3","9,6","7,0",07:32,"15,6",14:27,,,,,,,,,
2016-12-17,6143X,COÍN,MALAGA,230,"10,6","3,2","8,1",07:54,"13,1",14:44,,,,,,,,,
2016-12-18,6143X,COÍN,MALAGA,230,"12,4","0,0","9,4",07:26,"15,4",11:41,,,,,,,,,
2016-12-19,6143X,COÍN,MALAGA,230,"11,3","0,0","7,7",08:01,"14,9",10:49,,,,,,,,,
2016-12-20,6143X,COÍN,MALAGA,230,"12,1","0,0","6,3",23:49,"17,9",13:04,,,,,,,,,
2016-12-21,6143X,COÍN,MALAGA,230,"11,2","0,0","5,5",05:12,"16,8",14:14,,,,,,,,,
2016-12-22,6143X,COÍN,MALAGA,230,"13,6","0,0","7,4",06:34,"19,8",14:32,,,,,,,,,
2016-12-23,6143X,COÍN,MALAGA,230,"13,6","0,0","7,8",04:37,"19,4",13:49,,,,,,,,,
2016-12-24,6143X,COÍN,MALAGA,230,"12,8","0,0","7,6",04:44,"18,0",14:07,,,,,,,,,
2016-12-25,6143X,COÍN,MALAGA,230,"13,0","0,0","8,5",Varias,"17,4",14:14,,,,,,,,,
2016-12-26,6143X,COÍN,MALAGA,230,"13,6","0,0","7,0",07:07,"20,2",14:29,,,,,,,,,
2016-12-27,6143X,COÍN,MALAGA,230,"12,4","0,0","7,3",03:09,"17,4",15:13,,,,,,,,,
2016-12-28,6143X,COÍN,MALAGA,230,"14,4","0,0","10,5",07:26,"18,3",11:19,,,,,,,,,
2016-12-29,6143X,COÍN,MALAGA,230,"14,4","0,0","10,1",23:54,"18,6",15:03,,,,,,,,,
2016-12-30,6143X,COÍN,MALAGA,230,"13,0","0,0","8,5",05:56,"17,4",14:56,,,,,,,,,
2016-12-31,6143X,COÍN,MALAGA,230,"12,4","0,0","10,9",06:23,"14,0",13:33,,,,,,,,,
2017-01-01,6143X,COÍN,MALAGA,230,"11,4","0,0","7,4",Varias,"15,5",12:11,,,,,,,,,
2017-01-02,6143X,COÍN,MALAGA,230,"12,0","0,0","7,2",02:48,"16,7",14:16,,,,,,,,,
2017-01-03,6143X,COÍN,MALAGA,230,"13,8","0,0","7,3",07:01,"20,3",14:39,,,,,,,,,
2017-01-04,6143X,COÍN,MALAGA,230,"14,4","0,0","8,9",06:20,"19,9",14:14,,,,,,,,,
2017-01-05,6143X,COÍN,MALAGA,230,"14,8","0,0","8,9",23:56,"20,6",15:36,,,,,,,,,
2017-01-06,6143X,COÍN,MALAGA,230,"13,0","0,0","8,1",02:31,"17,8",14:12,,,,,,,,,
2017-01-07,6143X,COÍN,MALAGA,230,"12,0","0,0","9,4",19:44,"14,7",15:08,,,,,,,,,
2017-01-08,6143X,COÍN,MALAGA,230,"12,2","0,0","6,9",23:40,"17,5",15:33,,,,,,,,,
2017-01-09,6143X,COÍN,MALAGA,230,"11,6","0,0","5,0",07:43,"18,2",14:22,,,,,,,,,
2017-01-10,6143X,COÍN,MALAGA,230,"12,2","0,0","6,2",05:36,"18,1",14:25,,,,,,,,,
2017-01-11,6143X,COÍN,MALAGA,230,"15,8","0,0","9,6",04:52,"21,9",14:50,,,,,,,,,
2017-01-12,6143X,COÍN,MALAGA,230,"14,0","0,0","7,5",06:10,"20,4",15:49,,,,,,,,,
2017-01-13,6143X,COÍN,MALAGA,230,"13,0","0,0","8,8",23:47,"17,3",12:04,,,,,,,,,
2017-01-14,6143X,COÍN,MALAGA,230,"11,7","0,0","6,6",23:58,"16,8",15:33,,,,,,,,,
2017-01-15,6143X,COÍN,MALAGA,230,"10,3","0,0","4,3",07:29,"16,3",14:38,,,,,,,,,
2017-01-16,6143X,COÍN,MALAGA,230,"12,2","0,0","6,9",06:39,"17,6",14:41,,,,,,,,,
2017-01-17,6143X,COÍN,MALAGA,230,"13,4","0,0","8,2",07:10,"18,6",14:34,,,,,,,,,
2017-01-18,6143X,COÍN,MALAGA,230,"5,8","2,2","1,2",22:14,"10,3",00:01,,,,,,,,,
2017-01-19,6143X,COÍN,MALAGA,230,"5,4","2,8","1,9",09:29,"9,0",14:38,,,,,,,,,
2017-01-20,6143X,COÍN,MALAGA,230,"8,9","0,0","4,1",07:42,"13,7",14:02,,,,,,,,,
2017-01-21,6143X,COÍN,MALAGA,230,"8,8","0,0","3,4",07:16,"14,2",12:30,,,,,,,,,
2017-01-22,6143X,COÍN,MALAGA,230,"11,8","0,0","6,4",07:25,"17,3",15:06,,,,,,,,,
2017-01-23,6143X,COÍN,MALAGA,230,"10,9","0,0","5,2",07:52,"16,6",14:21,,,,,,,,,
2017-01-24,6143X,COÍN,MALAGA,230,"11,4","0,0","5,5",07:49,"17,3",14:59,,,,,,,,,
2017-01-25,6143X,COÍN,MALAGA,230,"11,6","0,0","4,3",06:21,"18,9",14:33,,,,,,,,,
2017-01-26,6143X,COÍN,MALAGA,230,"11,0","11,0","6,0",01:45,"16,1",12:30,,,,,,,,,
2017-01-27,6143X,COÍN,MALAGA,230,"12,2","0,4","8,5",05:46,"15,8",11:02,,,,,,,,,
2017-01-28,6143X,COÍN,MALAGA,230,"13,4","0,0","9,1",24:00,"17,8",15:22,,,,,,,,,
2017-01-29,6143X,COÍN,MALAGA,230,"13,4","0,0","7,8",Varias,"19,0",12:30,,,,,,,,,
2017-01-30,6143X,COÍN,MALAGA,230,"13,0","0,0","6,4",07:01,"19,5",14:18,,,,,,,,,
2017-01-31,6143X,COÍN,MALAGA,230,"13,0","0,0","6,7",07:16,"19,3",14:30,,,,,,,,,
2017-02-01,6143X,COÍN,MALAGA,230,"13,2","0,0","7,0",00:48,"19,4",13:36,,,,,,,,,
2017-02-02,6143X,COÍN,MALAGA,230,"12,9","0,0","9,5",03:06,"16,3",15:10,,,,,,,,,
2017-02-03,6143X,COÍN,MALAGA,230,"14,2","0,0","9,1",05:43,"19,4",11:40,,,,,,,,,
2017-02-04,6143X,COÍN,MALAGA,230,"14,7","0,0","10,2",06:58,"19,2",14:13,,,,,,,,,
2017-02-05,6143X,COÍN,MALAGA,230,"15,5","0,0","12,2",23:58,"18,8",15:19,,,,,,,,,
2017-02-06,6143X,COÍN,MALAGA,230,"15,0","0,0","8,8",07:28,"21,3",15:18,,,,,,,,,
2017-02-07,6143X,COÍN,MALAGA,230,"16,4","0,0","9,9",05:39,"23,0",14:06,,,,,,,,,
2017-02-08,6143X,COÍN,MALAGA,230,"14,3","0,0","10,2",07:28,"18,4",15:23,,,,,,,,,
2017-02-09,6143X,COÍN,MALAGA,230,"11,4","4,0","4,4",07:16,"18,3",13:29,,,,,,,,,
2017-02-10,6143X,COÍN,MALAGA,230,"8,6","8,8","7,4",03:48,"9,8",13:24,,,,,,,,,
2017-02-11,6143X,COÍN,MALAGA,230,"10,6","10,8","8,0",02:19,"13,2",16:26,,,,,,,,,
2017-02-12,6143X,COÍN,MALAGA,230,"13,0","27,2","10,4",Varias,"15,7",12:54,,,,,,,,,
2017-02-13,6143X,COÍN,MALAGA,230,"13,2","0,0","8,4",23:58,"18,0",13:22,,,,,,,,,
2017-02-14,6143X,COÍN,MALAGA,230,"13,4","0,0","7,1",02:44,"19,8",12:54,,,,,,,,,
2017-02-15,6143X,COÍN,MALAGA,230,"13,4","0,0","8,3",05:38,"18,5",11:06,,,,,,,,,
2017-02-16,6143X,COÍN,MALAGA,230,"13,8","0,0","11,6",02:32,"15,9",11:58,,,,,,,,,
2017-02-17,6143X,COÍN,MALAGA,230,"13,6","0,0","9,1",22:39,"18,1",12:40,,,,,,,,,
2017-02-18,6143X,COÍN,MALAGA,230,"13,5","12,0","7,6",07:17,"19,4",14:15,,,,,,,,,
2017-02-19,6143X,COÍN,MALAGA,230,"11,4","6,0","9,5",07:34,"13,2",13:30,,,,,,,,,
2017-02-20,6143X,COÍN,MALAGA,230,"13,4","0,0","10,0",07:17,"16,9",13:22,,,,,,,,,
2017-02-21,6143X,COÍN,MALAGA,230,"12,9","0,0","9,3",06:26,"16,5",15:57,,,,,,,,,
2017-02-22,6143X,COÍN,MALAGA,230,"14,9","0,0","9,6",06:38,"20,2",14:12,,,,,,,,,
2017-02-23,6143X,COÍN,MALAGA,230,"13,2","2,4","10,4",Varias,"15,9",Varias,,,,,,,,,
2017-02-24,6143X,COÍN,MALAGA,230,"15,8","0,0","10,2",00:40,"21,5",15:52,,,,,,,,,
2017-02-25,6143X,COÍN,MALAGA,230,"15,8","0,0","11,1",Varias,"20,6",13:07,,,,,,,,,
2017-02-26,6143X,COÍN,MALAGA,230,"15,0","0,0","9,8",05:59,"20,1",13:31,,,,,,,,,
2017-02-27,6143X,COÍN,MALAGA,230,"14,4","0,0","8,5",07:16,"20,3",16:17,,,,,,,,,
2017-02-28,6143X,COÍN,MALAGA,230,"14,4","0,0","9,6",03:46,"19,1",13:28,,,,,,,,,
2017-03-01,6143X,COÍN,MALAGA,230,"15,6","0,0","9,6",07:15,"21,5",12:05,,,,,,,,,
2017-03-02,6143X,COÍN,MALAGA,230,"14,4","0,0","7,6",06:12,"21,1",12:55,,,,,,,,,
2017-03-03,6143X,COÍN,MALAGA,230,"10,8","0,0","6,1",06:39,"15,6",12:35,,,,,,,,,
2017-03-04,6143X,COÍN,MALAGA,230,"11,8","3,6","7,6",02:07,"15,9",15:15,,,,,,,,,
2017-03-05,6143X,COÍN,MALAGA,230,"15,4","0,0","9,3",04:03,"21,4",13:22,,,,,,,,,
2017-03-06,6143X,COÍN,MALAGA,230,"16,5","0,0","11,6",06:20,"21,4",14:03,,,,,,,,,
2017-03-07,6143X,COÍN,MALAGA,230,"19,6","0,0","11,6",06:47,"27,6",15:45,,,,,,,,,
2017-03-08,6143X,COÍN,MALAGA,230,"18,6","0,0","11,5",06:55,"25,7",12:33,,,,,,,,,
2017-03-09,6143X,COÍN,MALAGA,230,"18,8","0,0","11,6",06:12,"26,1",14:53,,,,,,,,,
2017-03-10,6143X,COÍN,MALAGA,230,"21,2","0,0","12,4",03:58,"30,1",14:54,,,,,,,,,
2017-03-11,6143X,COÍN,MALAGA,230,"23,4","0,0","15,3",03:18,"31,5",14:10,,,,,,,,,
2017-03-12,6143X,COÍN,MALAGA,230,"19,8","0,0","13,8",06:52,"25,9",15:47,,,,,,,,,
2017-03-13,6143X,COÍN,MALAGA,230,"11,7","10,4","9,0",23:46,"14,4",00:01,,,,,,,,,
2017-03-14,6143X,COÍN,MALAGA,230,"11,0","23,2","8,6",05:52,"13,3",22:32,,,,,,,,,
2017-03-15,6143X,COÍN,MALAGA,230,"13,6","0,0","10,6",03:22,"16,6",15:49,,,,,,,,,
2017-03-16,6143X,COÍN,MALAGA,230,"14,3","0,2","12,4",Varias,"16,2",15:45,,,,,,,,,
2017-03-17,6143X,COÍN,MALAGA,230,"15,0","0,0","9,9",04:37,"20,2",15:57,,,,,,,,,
2017-03-18,6143X,COÍN,MALAGA,230,"15,7","0,0","9,6",06:17,"21,8",14:03,,,,,,,,,
2017-03-19,6143X,COÍN,MALAGA,230,"16,3","0,0","9,2",06:00,"23,4",12:07,,,,,,,,,
2017-03-20,6143X,COÍN,MALAGA,230,"19,1","0,0","10,3",03:35,"27,9",15:53,,,,,,,,,
2017-03-21,6143X,COÍN,MALAGA,230,"15,8","0,0","10,3",06:35,"21,4",10:39,,,,,,,,,
2017-03-22,6143X,COÍN,MALAGA,230,"14,8","0,0","9,1",05:45,"20,5",13:43,,,,,,,,,
2017-03-23,6143X,COÍN,MALAGA,230,"12,2","0,0","6,4",06:40,"17,9",15:20,,,,,,,,,
2017-03-24,6143X,COÍN,MALAGA,230,"10,8","2,2","5,4",06:32,"16,1",11:18,,,,,,,,,
2017-03-25,6143X,COÍN,MALAGA,230,"9,4","0,0","3,7",05:29,"15,2",14:26,,,,,,,,,
2017-03-26,6143X,COÍN,MALAGA,230,"11,6","3,4","5,9",03:54,"17,2",15:43,,,,,,,,,
2017-03-27,6143X,COÍN,MALAGA,230,"13,5","0,0","7,3",04:33,"19,7",15:15,,,,,,,,,
2017-03-28,6143X,COÍN,MALAGA,230,"15,8","0,0","8,9",06:12,"22,8",14:20,,,,,,,,,
2017-03-29,6143X,COÍN,MALAGA,230,"16,4","0,0","9,2",Varias,"23,6",15:43,,,,,,,,,
2017-03-30,6143X,COÍN,MALAGA,230,"16,5","0,0","10,2",06:26,"22,8",12:14,,,,,,,,,
2017-03-31,6143X,COÍN,MALAGA,230,"17,7","0,0","10,1",03:07,"25,3",14:00,,,,,,,,,
2017-04-01,6143X,COÍN,MALAGA,230,"18,6","0,0","13,3",23:48,"24,0",15:47,,,,,,,,,
2017-04-02,6143X,COÍN,MALAGA,230,"17,8","0,0","10,5",06:14,"25,0",13:12,,,,,,,,,
2017-04-03,6143X,COÍN,MALAGA,230,"16,0","0,0","10,1",06:10,"21,9",11:49,,,,,,,,,
2017-04-04,6143X,COÍN,MALAGA,230,"15,6","0,0","8,6",06:03,"22,5",12:21,,,,,,,,,
2017-04-05,6143X,COÍN,MALAGA,230,"17,8","0,0","9,8",04:27,"25,8",12:41,,,,,,,,,
2017-04-06,6143X,COÍN,MALAGA,230,"16,0","0,0","10,8",05:51,"21,1",14:08,,,,,,,,,
2017-04-07,6143X,COÍN,MALAGA,230,"15,0","0,0","9,7",06:11,"20,3",13:22,,,,,,,,,
2017-04-08,6143X,COÍN,MALAGA,230,"15,8","0,0","9,8",04:50,"21,7",15:05,,,,,,,,,
2017-04-09,6143X,COÍN,MALAGA,230,"15,2","0,0","10,7",00:45,"19,6",15:54,,,,,,,,,
2017-04-10,6143X,COÍN,MALAGA,230,"16,0","0,0","11,1",05:30,"21,0",15:54,,,,,,,,,
2017-04-11,6143X,COÍN,MALAGA,230,"16,6","0,0","9,0",05:37,"24,2",13:53,,,,,,,,,
2017-04-12,6143X,COÍN,MALAGA,230,"19,8","0,0","11,4",04:23,"28,3",14:40,,,,,,,,,
2017-04-13,6143X,COÍN,MALAGA,230,"21,5","0,0","12,9",04:29,"30,1",14:19,,,,,,,,,
2017-04-14,6143X,COÍN,MALAGA,230,"23,0","0,0","15,1",05:14,"30,9",14:32,,,,,,,,,
2017-04-15,6143X,COÍN,MALAGA,230,"23,1","0,0","15,1",05:22,"31,1",14:22,,,,,,,,,
2017-04-16,6143X,COÍN,MALAGA,230,"19,1","0,0","14,3",23:46,"23,9",10:57,,,,,,,,,
2017-04-17,6143X,COÍN,MALAGA,230,"18,6","0,0","11,9",05:59,"25,3",10:57,,,,,,,,,
2017-04-18,6143X,COÍN,MALAGA,230,"20,6","0,0","12,8",04:02,"28,4",13:34,,,,,,,,,
2017-04-19,6143X,COÍN,MALAGA,230,"17,6","0,0","14,5",05:39,"20,8",13:16,,,,,,,,,
2017-04-20,6143X,COÍN,MALAGA,230,"16,2","0,0","14,0",23:58,"18,5",12:45,,,,,,,,,
2017-04-21,6143X,COÍN,MALAGA,230,"14,9","0,0","13,2",02:25,"16,6",14:13,,,,,,,,,
2017-04-22,6143X,COÍN,MALAGA,230,"15,6","0,0","13,2",03:33,"17,9",10:57,,,,,,,,,
2017-04-23,6143X,COÍN,MALAGA,230,"17,4","0,0","12,2",05:46,"22,6",14:27,,,,,,,,,
2017-04-24,6143X,COÍN,MALAGA,230,"17,3","0,0","11,3",05:32,"23,3",16:11,,,,,,,,,
2017-04-25,6143X,COÍN,MALAGA,230,"18,8","0,0","12,2",05:00,"25,4",14:28,,,,,,,,,
2017-04-26,6143X,COÍN,MALAGA,230,"19,9","0,0","13,3",05:28,"26,5",14:27,,,,,,,,,
2017-04-27,6143X,COÍN,MALAGA,230,"20,6","27,8","14,2",23:17,"27,1",14:27,,,,,,,,,
2017-04-28,6143X,COÍN,MALAGA,230,"13,4","39,0","12,2",Varias,"14,5",00:04,,,,,,,,,
2017-04-29,6143X,COÍN,MALAGA,230,"13,0","6,0","11,6",02:00,"14,3",Varias,,,,,,,,,
2017-04-30,6143X,COÍN,MALAGA,230,"19,0","0,0","12,6",05:40,"25,3",16:20,,,,,,,,,
2017-05-01,6143X,COÍN,MALAGA,230,"18,8","0,0","12,5",03:31,"25,0",14:07,,,,,,,,,
2017-05-02,6143X,COÍN,MALAGA,230,"17,8","0,0","11,8",Varias,"23,9",14:38,,,,,,,,,
2017-05-03,6143X,COÍN,MALAGA,230,"17,4","0,0","11,2",05:09,"23,5",15:00,,,,,,,,,
2017-05-04,6143X,COÍN,MALAGA,230,"18,3","0,0","11,9",04:56,"24,7",10:52,,,,,,,,,
2017-05-05,6143X,COÍN,MALAGA,230,"19,0","0,0","12,9",05:43,"25,0",15:54,,,,,,,,,
2017-05-06,6143X,COÍN,MALAGA,230,"20,0","0,0","12,1",05:13,"27,8",17:07,,,,,,,,,
2017-05-07,6143X,COÍN,MALAGA,230,"20,6","0,0","13,3",04:38,"27,9",15:44,,,,,,,,,
2017-05-08,6143X,COÍN,MALAGA,230,"20,3","0,0","12,7",04:19,"27,9",15:36,,,,,,,,,
2017-05-09,6143X,COÍN,MALAGA,230,"21,0","0,0","13,7",05:08,"28,2",16:27,,,,,,,,,
2017-05-10,6143X,COÍN,MALAGA,230,"20,0","0,6","15,4",05:18,"24,7",12:05,,,,,,,,,
2017-05-11,6143X,COÍN,MALAGA,230,"18,9","3,8","14,7",04:54,"23,1",16:52,,,,,,,,,
2017-05-12,6143X,COÍN,MALAGA,230,"19,0","7,8","14,1",07:30,"23,9",16:06,,,,,,,,,
2017-05-13,6143X,COÍN,MALAGA,230,"19,2","0,0","12,9",05:23,"25,5",16:06,,,,,,,,,
2017-05-14,6143X,COÍN,MALAGA,230,"21,2","0,0","13,6",04:15,"28,8",14:12,,,,,,,,,
2017-05-15,6143X,COÍN,MALAGA,230,"21,0","0,0","14,7",05:19,"27,3",15:10,,,,,,,,,
2017-05-16,6143X,COÍN,MALAGA,230,"22,0","0,0","15,6",05:25,"28,5",13:34,,,,,,,,,
2017-05-17,6143X,COÍN,MALAGA,230,"21,0","0,0","15,0",03:56,"27,1",10:56,,,,,,,,,
2017-05-18,6143X,COÍN,MALAGA,230,"21,8","0,0","13,7",04:40,"29,9",13:08,,,,,,,,,
2017-05-19,6143X,COÍN,MALAGA,230,"20,0","0,0","14,9",05:07,"25,1",12:48,,,,,,,,,
2017-05-20,6143X,COÍN,MALAGA,230,"21,0","0,0","16,0",05:39,"25,9",15:35,,,,,,,,,
2017-05-21,6143X,COÍN,MALAGA,230,"21,0","0,0","16,2",00:11,"25,8",14:08,,,,,,,,,
2017-05-22,6143X,COÍN,MALAGA,230,"22,1","0,0","15,5",05:11,"28,7",11:29,,,,,,,,,
2017-05-23,6143X,COÍN,MALAGA,230,"20,0","0,0","15,3",04:48,"24,6",13:30,,,,,,,,,
2017-05-24,6143X,COÍN,MALAGA,230,"22,0","0,0","15,8",03:15,"28,3",14:16,,,,,,,,,
2017-05-25,6143X,COÍN,MALAGA,230,"22,8","0,0","16,3",03:55,"29,4",16:45,,,,,,,,,
2017-05-26,6143X,COÍN,MALAGA,230,"23,8","0,0","16,1",05:09,"31,6",15:41,,,,,,,,,
2017-05-27,6143X,COÍN,MALAGA,230,"21,7","0,0","16,2",05:45,"27,2",13:14,,,,,,,,,
2017-05-28,6143X,COÍN,MALAGA,230,"23,0","0,0","18,8",Varias,"27,1",11:39,,,,,,,,,
2017-05-29,6143X,COÍN,MALAGA,230,"22,0","0,0","15,6",04:16,"28,4",11:26,,,,,,,,,
2017-05-30,6143X,COÍN,MALAGA,230,"23,2","0,0","16,0",04:31,"30,3",12:56,,,,,,,,,
2017-05-31,6143X,COÍN,MALAGA,230,"21,1","0,0","15,4",04:53,"26,8",09:48,,,,,,,,,
2017-06-01,6143X,COÍN,MALAGA,230,"23,1","0,0","18,5",04:29,"27,7",11:09,,,,,,,,,
2017-06-02,6143X,COÍN,MALAGA,230,"23,3","0,0","18,3",02:54,"28,3",16:49,,,,,,,,,
2017-06-03,6143X,COÍN,MALAGA,230,"25,1","0,0","18,0",04:45,"32,2",15:56,,,,,,,,,
2017-06-04,6143X,COÍN,MALAGA,230,"25,6","0,0","19,9",05:18,"31,4",15:47,,,,,,,,,
2017-06-05,6143X,COÍN,MALAGA,230,"26,6","0,0","19,2",05:09,"33,9",17:01,,,,,,,,,
2017-06-06,6143X,COÍN,MALAGA,230,"26,4","0,0","19,0",05:18,"33,7",15:15,,,,,,,,,
2017-06-07,6143X,COÍN,MALAGA,230,"25,2","0,0","20,1",05:12,"30,4",16:38,,,,,,,,,
2017-06-08,6143X,COÍN,MALAGA,230,"24,2","0,0","18,0",05:00,"30,5",15:00,,,,,,,,,
2017-06-09,6143X,COÍN,MALAGA,230,"23,6","0,0","18,1",04:36,"29,2",12:04,,,,,,,,,
2017-06-10,6143X,COÍN,MALAGA,230,"23,0","0,0","17,3",05:06,"28,7",14:01,,,,,,,,,
2017-06-11,6143X,COÍN,MALAGA,230,"24,0","0,0","17,3",04:25,"30,6",14:50,,,,,,,,,
2017-06-12,6143X,COÍN,MALAGA,230,"24,3","0,0","18,3",03:53,"30,3",15:17,,,,,,,,,
2017-06-13,6143X,COÍN,MALAGA,230,"25,2","0,0","19,5",05:12,"30,9",14:15,,,,,,,,,
2017-06-14,6143X,COÍN,MALAGA,230,"25,7","0,0","19,2",04:40,"32,2",14:46,,,,,,,,,
2017-06-15,6143X,COÍN,MALAGA,230,"28,6","0,0","21,9",03:35,"35,4",11:06,,,,,,,,,
2017-06-16,6143X,COÍN,MALAGA,230,"28,4","0,0","21,5",04:46,"35,4",15:54,,,,,,,,,
2017-06-17,6143X,COÍN,MALAGA,230,"28,0","0,0","21,4",04:45,"34,5",14:47,,,,,,,,,
2017-06-18,6143X,COÍN,MALAGA,230,"27,0","0,0","20,6",05:21,"33,5",14:16,,,,,,,,,
2017-06-19,6143X,COÍN,MALAGA,230,"26,4","0,0","20,7",04:54,"32,2",14:28,,,,,,,,,
2017-06-20,6143X,COÍN,MALAGA,230,"27,2","0,0","20,6",03:43,"33,8",14:37,,,,,,,,,
2017-06-21,6143X,COÍN,MALAGA,230,"26,8","0,0","20,3",02:59,"33,2",14:33,,,,,,,,,
2017-06-22,6143X,COÍN,MALAGA,230,"26,4","0,0","19,9",04:11,"32,9",14:26,,,,,,,,,
2017-06-23,6143X,COÍN,MALAGA,230,"28,2","0,0","20,6",04:58,"35,8",10:43,,,,,,,,,
2017-06-24,6143X,COÍN,MALAGA,230,"30,9","0,0","23,5",00:09,"38,3",16:21,,,,,,,,,
2017-06-25,6143X,COÍN,MALAGA,230,"30,7","0,0","25,2",Varias,"36,2",14:15,,,,,,,,,
2017-06-26,6143X,COÍN,MALAGA,230,"30,2","0,0","21,9",04:44,"38,6",16:06,,,,,,,,,
2017-06-27,6143X,COÍN,MALAGA,230,"29,5","0,0","22,6",04:51,"36,4",13:49,,,,,,,,,
2017-06-28,6143X,COÍN,MALAGA,230,"25,4","0,0","19,4",05:17,"31,3",14:35,,,,,,,,,
2017-06-29,6143X,COÍN,MALAGA,230,"23,8","0,0","18,1",04:28,"29,6",14:46,,,,,,,,,
2017-06-30,6143X,COÍN,MALAGA,230,"23,4","0,0","17,4",04:59,"29,5",15:08,,,,,,,,,
2017-07-01,6143X,COÍN,MALAGA,230,"24,8","0,0","19,0",05:11,"30,6",12:06,,,,,,,,,
2017-07-02,6143X,COÍN,MALAGA,230,"23,1","0,0","16,5",05:20,"29,7",14:54,,,,,,,,,
2017-07-03,6143X,COÍN,MALAGA,230,"24,4","0,0","19,4",00:39,"29,3",11:32,,,,,,,,,
2017-07-04,6143X,COÍN,MALAGA,230,"23,6","0,0","19,1",04:50,"28,2",15:43,,,,,,,,,
2017-07-05,6143X,COÍN,MALAGA,230,"23,6","0,0","18,8",05:20,"28,5",14:12,,,,,,,,,
2017-07-06,6143X,COÍN,MALAGA,230,"24,8","0,0","21,5",Varias,"28,2",13:27,,,,,,,,,
2017-07-07,6143X,COÍN,MALAGA,230,"26,1","0,0","20,6",05:35,"31,6",14:11,,,,,,,,,
2017-07-08,6143X,COÍN,MALAGA,230,"26,4","0,0","19,6",04:21,"33,3",15:45,,,,,,,,,
2017-07-09,6143X,COÍN,MALAGA,230,"28,6","0,0","20,9",04:38,"36,2",12:18,,,,,,,,,
2017-07-10,6143X,COÍN,MALAGA,230,"28,8","0,0","22,8",05:18,"34,9",13:07,,,,,,,,,
2017-07-11,6143X,COÍN,MALAGA,230,"27,5","0,0","21,1",05:25,"33,9",13:43,,,,,,,,,
2017-07-12,6143X,COÍN,MALAGA,230,"29,4","0,0","21,7",05:10,"37,2",16:49,,,,,,,,,
2017-07-13,6143X,COÍN,MALAGA,230,"30,3","0,0","21,9",05:09,"38,7",16:08,,,,,,,,,
2017-07-14,6143X,COÍN,MALAGA,230,"26,1","0,0","21,2",05:32,"31,0",14:50,,,,,,,,,
2017-07-15,6143X,COÍN,MALAGA,230,"26,3","0,0","22,3",01:34,"30,3",15:55,,,,,,,,,
2017-07-16,6143X,COÍN,MALAGA,230,"26,6","0,0","21,9",05:11,"31,3",15:04,,,,,,,,,
2017-07-17,6143X,COÍN,MALAGA,230,"26,4","0,0","19,7",05:27,"33,2",10:50,,,,,,,,,
2017-07-18,6143X,COÍN,MALAGA,230,"29,4","0,0","22,1",00:57,"36,8",15:48,,,,,,,,,
2017-07-19,6143X,COÍN,MALAGA,230,"28,2","0,0","21,2",05:38,"35,2",Varias,,,,,,,,,
2017-07-20,6143X,COÍN,MALAGA,230,"28,8","0,0","22,4",05:08,"35,3",14:17,,,,,,,,,
2017-07-21,6143X,COÍN,MALAGA,230,"28,4","0,0","20,5",05:27,"36,3",16:52,,,,,,,,,
2017-07-22,6143X,COÍN,MALAGA,230,"27,2","0,0","19,4",05:14,"35,1",14:31,,,,,,,,,
2017-07-23,6143X,COÍN,MALAGA,230,"28,4","0,0","20,6",03:24,"36,2",15:47,,,,,,,,,
2017-07-24,6143X,COÍN,MALAGA,230,"31,3","0,0","22,1",04:19,"40,5",16:32,,,,,,,,,
2017-07-25,6143X,COÍN,MALAGA,230,"26,5","0,0","21,6",05:30,"31,4",10:46,,,,,,,,,
2017-07-26,6143X,COÍN,MALAGA,230,"26,8","0,0","21,0",04:27,"32,6",16:31,,,,,,,,,
2017-07-27,6143X,COÍN,MALAGA,230,"27,4","0,0","21,0",05:35,"33,8",11:14,,,,,,,,,
2017-07-28,6143X,COÍN,MALAGA,230,"31,4","0,0","22,3",05:14,"40,4",11:57,,,,,,,,,
2017-07-29,6143X,COÍN,MALAGA,230,"29,6","0,0","22,5",05:16,"36,8",11:14,,,,,,,,,
2017-07-30,6143X,COÍN,MALAGA,230,"29,0","0,0","21,3",05:17,"36,8",17:22,,,,,,,,,
2017-07-31,6143X,COÍN,MALAGA,230,"29,7","0,0","22,1",02:06,"37,3",12:14,,,,,,,,,
2017-08-01,6143X,COÍN,MALAGA,230,"29,6","0,0","22,7",05:20,"36,6",17:12,,,,,,,,,
2017-08-02,6143X,COÍN,MALAGA,230,"29,2","0,0","21,8",05:41,"36,7",14:04,,,,,,,,,
2017-08-03,6143X,COÍN,MALAGA,230,"30,6","0,0","22,7",03:05,"38,5",16:02,,,,,,,,,
2017-08-04,6143X,COÍN,MALAGA,230,"32,0","0,0","23,1",04:41,"40,9",11:13,,,,,,,,,
2017-08-05,6143X,COÍN,MALAGA,230,"30,6","0,0","24,3",05:28,"36,9",Varias,,,,,,,,,
2017-08-06,6143X,COÍN,MALAGA,230,"30,2","0,0","23,6",05:14,"36,9",11:11,,,,,,,,,
2017-08-07,6143X,COÍN,MALAGA,230,"28,6","0,0","23,2",05:54,"34,1",15:06,,,,,,,,,
2017-08-08,6143X,COÍN,MALAGA,230,"31,5","0,0","23,8",04:51,"39,2",14:51,,,,,,,,,
2017-08-09,6143X,COÍN,MALAGA,230,"28,0","0,0","22,1",04:57,"33,9",14:59,,,,,,,,,
2017-08-10,6143X,COÍN,MALAGA,230,"24,7","0,0","21,0",05:53,"28,4",10:02,,,,,,,,,
2017-08-11,6143X,COÍN,MALAGA,230,"25,4","0,0","21,2",23:53,"29,5",16:24,,,,,,,,,
2017-08-12,6143X,COÍN,MALAGA,230,"24,1","0,0","19,6",02:02,"28,6",15:39,,,,,,,,,
2017-08-13,6143X,COÍN,MALAGA,230,"24,2","0,0","20,1",05:45,"28,3",14:54,,,,,,,,,
2017-08-14,6143X,COÍN,MALAGA,230,"26,0","0,0","21,6",Varias,"30,3",16:13,,,,,,,,,
2017-08-15,6143X,COÍN,MALAGA,230,"26,3","0,0","21,5",04:13,"31,1",10:03,,,,,,,,,
2017-08-16,6143X,COÍN,MALAGA,230,"28,0","0,0","21,4",04:55,"34,5",11:00,,,,,,,,,
2017-08-17,6143X,COÍN,MALAGA,230,"27,4","0,0","21,0",05:29,"33,7",13:13,,,,,,,,,
2017-08-18,6143X,COÍN,MALAGA,230,"27,6","0,0","21,3",04:53,"33,8",13:10,,,,,,,,,
2017-08-19,6143X,COÍN,MALAGA,230,"27,4","0,0","21,6",04:57,"33,2",10:17,,,,,,,,,
2017-08-20,6143X,COÍN,MALAGA,230,"26,0","0,0","22,3",04:42,"29,7",12:49,,,,,,,,,
2017-08-21,6143X,COÍN,MALAGA,230,"26,4","0,0","21,9",23:58,"30,9",16:03,,,,,,,,,
2017-08-22,6143X,COÍN,MALAGA,230,"26,2","0,0","19,8",03:25,"32,7",15:14,,,,,,,,,
2017-08-23,6143X,COÍN,MALAGA,230,"26,6","0,0","19,4",04:58,"33,9",12:25,,,,,,,,,
2017-08-24,6143X,COÍN,MALAGA,230,"26,8","0,0","19,8",05:33,"33,9",14:50,,,,,,,,,
2017-08-25,6143X,COÍN,MALAGA,230,"26,6","0,0","20,5",04:17,"32,8",11:58,,,,,,,,,
2017-08-26,6143X,COÍN,MALAGA,230,"28,2","0,0","21,5",05:36,"34,9",13:33,,,,,,,,,
2017-08-27,6143X,COÍN,MALAGA,230,"28,2","1,0","22,9",05:47,"33,5",14:23,,,,,,,,,
2017-08-28,6143X,COÍN,MALAGA,230,"23,2","1,4","19,3",23:44,"27,2",15:06,,,,,,,,,
2017-08-29,6143X,COÍN,MALAGA,230,"23,2","0,0","17,1",05:39,"29,2",12:28,,,,,,,,,
2017-08-30,6143X,COÍN,MALAGA,230,"24,8","0,0","19,3",Varias,"30,4",12:21,,,,,,,,,
2017-08-31,6143X,COÍN,MALAGA,230,"25,8","0,0","19,5",01:10,"32,2",13:06,,,,,,,,,
2017-09-01,6143X,COÍN,MALAGA,230,"25,4","0,0","20,3",04:32,"30,6",12:13,,,,,,,,,
2017-09-02,6143X,COÍN,MALAGA,230,"25,3","0,0","21,8",23:43,"28,8",15:40,,,,,,,,,
2017-09-03,6143X,COÍN,MALAGA,230,"25,5","0,0","20,3",Varias,"30,7",16:09,,,,,,,,,
2017-09-04,6143X,COÍN,MALAGA,230,"28,8","0,0","20,5",03:43,"37,1",14:04,,,,,,,,,
2017-09-05,6143X,COÍN,MALAGA,230,"26,7","0,0","21,5",23:49,"31,9",16:20,,,,,,,,,
2017-09-06,6143X,COÍN,MALAGA,230,"25,8","0,0","19,3",06:00,"32,3",10:25,,,,,,,,,
2017-09-07,6143X,COÍN,MALAGA,230,"24,5","0,0","19,6",05:24,"29,4",15:23,,,,,,,,,
2017-09-08,6143X,COÍN,MALAGA,230,"24,9","0,0","19,0",05:48,"30,8",16:04,,,,,,,,,
2017-09-09,6143X,COÍN,MALAGA,230,"26,5","0,0","20,0",05:18,"33,0",14:14,,,,,,,,,
2017-09-10,6143X,COÍN,MALAGA,230,"24,5","0,0","17,7",06:11,"31,3",15:47,,,,,,,,,
2017-09-11,6143X,COÍN,MALAGA,230,"25,2","0,0","17,5",05:42,"33,0",12:59,,,,,,,,,
2017-09-12,6143X,COÍN,MALAGA,230,"29,2","0,0","20,5",23:58,"37,8",14:43,,,,,,,,,
2017-09-13,6143X,COÍN,MALAGA,230,"24,8","0,0","19,2",04:43,"30,4",12:15,,,,,,,,,
2017-09-14,6143X,COÍN,MALAGA,230,"27,2","0,0","18,2",05:57,"36,3",15:48,,,,,,,,,
2017-09-15,6143X,COÍN,MALAGA,230,"26,6","0,0","20,2",23:49,"32,9",16:33,,,,,,,,,
2017-09-16,6143X,COÍN,MALAGA,230,"23,0","0,0","16,5",06:05,"29,5",13:45,,,,,,,,,
2017-09-17,6143X,COÍN,MALAGA,230,"22,4","0,0","15,2",06:15,"29,5",13:37,,,,,,,,,
2017-09-18,6143X,COÍN,MALAGA,230,"24,1","0,0","15,6",06:18,"32,6",14:32,,,,,,,,,
2017-09-19,6143X,COÍN,MALAGA,230,"24,4","0,0","18,3",23:53,"30,4",14:09,,,,,,,,,
2017-09-20,6143X,COÍN,MALAGA,230,"23,0","0,0","16,7",05:48,"29,2",11:59,,,,,,,,,
2017-09-21,6143X,COÍN,MALAGA,230,"22,8","0,0","16,0",Varias,"29,6",13:10,,,,,,,,,
2017-09-22,6143X,COÍN,MALAGA,230,"21,6","0,0","16,1",05:36,"27,1",14:29,,,,,,,,,
2017-09-23,6143X,COÍN,MALAGA,230,"23,2","0,0","18,9",23:53,"27,6",10:25,,,,,,,,,
2017-09-24,6143X,COÍN,MALAGA,230,"22,8","0,0","16,9",06:30,"28,7",11:19,,,,,,,,,
2017-09-25,6143X,COÍN,MALAGA,230,"25,6","0,0","16,9",04:32,"34,2",14:01,,,,,,,,,
2017-09-26,6143X,COÍN,MALAGA,230,"25,4","0,0","19,4",06:30,"31,5",10:33,,,,,,,,,
2017-09-27,6143X,COÍN,MALAGA,230,"22,2","0,6","19,1",02:38,"25,4",16:38,,,,,,,,,
2017-09-28,6143X,COÍN,MALAGA,230,"24,6","0,0","20,0",23:32,"29,1",13:08,,,,,,,,,
2017-09-29,6143X,COÍN,MALAGA,230,"22,8","0,0","18,1",24:00,"27,5",13:36,,,,,,,,,
2017-09-30,6143X,COÍN,MALAGA,230,"22,1","0,0","16,5",05:48,"27,7",10:36,,,,,,,,,
2017-10-01,6143X,COÍN,MALAGA,230,"22,3","0,0","16,6",05:55,"28,0",12:43,,,,,,,,,
2017-10-02,6143X,COÍN,MALAGA,230,"22,4","0,0","17,3",05:42,"27,4",13:07,,,,,,,,,
2017-10-03,6143X,COÍN,MALAGA,230,"22,4","0,0","17,6",04:22,"27,3",12:00,,,,,,,,,
2017-10-04,6143X,COÍN,MALAGA,230,"22,6","0,0","17,2",05:09,"28,0",15:31,,,,,,,,,
2017-10-05,6143X,COÍN,MALAGA,230,"22,8","0,0","16,7",06:26,"28,9",15:57,,,,,,,,,
2017-10-06,6143X,COÍN,MALAGA,230,"24,6","0,0","15,5",06:27,"33,8",14:28,,,,,,,,,
2017-10-07,6143X,COÍN,MALAGA,230,"21,8","0,0","17,6",04:09,"26,1",11:26,,,,,,,,,
2017-10-08,6143X,COÍN,MALAGA,230,"21,9","0,0","16,9",05:27,"26,9",11:18,,,,,,,,,
2017-10-09,6143X,COÍN,MALAGA,230,"21,8","0,0","15,6",05:22,"27,9",11:40,,,,,,,,,
2017-10-10,6143X,COÍN,MALAGA,230,"21,7","0,0","15,7",06:42,"27,7",13:11,,,,,,,,,
2017-10-11,6143X,COÍN,MALAGA,230,"21,6","0,0","14,9",06:22,"28,3",11:59,,,,,,,,,
2017-10-12,6143X,COÍN,MALAGA,230,"24,4","0,0","17,5",05:21,"31,4",15:11,,,,,,,,,
2017-10-13,6143X,COÍN,MALAGA,230,"25,4","0,0","18,3",04:22,"32,4",13:58,,,,,,,,,
2017-10-14,6143X,COÍN,MALAGA,230,"23,8","0,0","18,5",Varias,"29,1",13:30,,,,,,,,,
2017-10-15,6143X,COÍN,MALAGA,230,"21,8","0,0","16,3",06:41,"27,4",13:06,,,,,,,,,
2017-10-16,6143X,COÍN,MALAGA,230,"20,9","0,0","16,9",Varias,"24,9",12:18,,,,,,,,,
2017-10-17,6143X,COÍN,MALAGA,230,"19,8","7,8","16,8",00:13,"22,8",12:42,,,,,,,,,
2017-10-18,6143X,COÍN,MALAGA,230,"17,8","28,4","14,9",05:34,"20,8",14:22,,,,,,,,,
2017-10-19,6143X,COÍN,MALAGA,230,"19,1","0,0","14,0",06:29,"24,2",15:42,,,,,,,,,
2017-10-20,6143X,COÍN,MALAGA,230,"20,8","0,2","15,2",06:13,"26,4",15:35,,,,,,,,,
2017-10-21,6143X,COÍN,MALAGA,230,"22,6","0,0","16,5",05:33,"28,8",14:40,,,,,,,,,
2017-10-22,6143X,COÍN,MALAGA,230,"22,4","0,0","16,3",23:43,"28,4",12:36,,,,,,,,,
2017-10-23,6143X,COÍN,MALAGA,230,"19,8","0,0","15,5",02:23,"24,0",13:49,,,,,,,,,
2017-10-24,6143X,COÍN,MALAGA,230,"19,8","0,0","14,3",23:59,"25,4",12:49,,,,,,,,,
2017-10-25,6143X,COÍN,MALAGA,230,"19,8","0,0","12,8",06:55,"26,9",15:17,,,,,,,,,
2017-10-26,6143X,COÍN,MALAGA,230,"21,0","0,0","14,5",06:06,"27,4",14:32,,,,,,,,,
2017-10-27,6143X,COÍN,MALAGA,230,"21,4","0,0","14,3",05:55,"28,6",13:32,,,,,,,,,
2017-10-28,6143X,COÍN,MALAGA,230,"19,1","0,0","13,8",05:23,"24,4",12:40,,,,,,,,,
2017-10-29,6143X,COÍN,MALAGA,230,"19,6","0,0","14,2",06:51,"25,1",13:20,,,,,,,,,
2017-10-30,6143X,COÍN,MALAGA,230,"19,0","0,0","12,9",06:43,"25,2",12:19,,,,,,,,,
2017-10-31,6143X,COÍN,MALAGA,230,"17,8","0,0","12,7",03:44,"23,0",13:24,,,,,,,,,
2017-11-01,6143X,COÍN,MALAGA,230,"19,4","0,0","15,1",00:03,"23,7",14:48,,,,,,,,,
2017-11-02,6143X,COÍN,MALAGA,230,"18,6","0,0","15,5",21:33,"21,8",12:50,,,,,,,,,
2017-11-03,6143X,COÍN,MALAGA,230,"18,1","17,6","14,1",23:44,"22,1",11:29,,,,,,,,,
2017-11-04,6143X,COÍN,MALAGA,230,"18,0","2,0","13,7",00:36,"22,4",15:38,,,,,,,,,
2017-11-05,6143X,COÍN,MALAGA,230,"17,0","0,0","12,1",06:46,"21,8",14:00,,,,,,,,,
2017-11-06,6143X,COÍN,MALAGA,230,"16,2","0,0","10,2",23:40,"22,2",12:20,,,,,,,,,
2017-11-07,6143X,COÍN,MALAGA,230,"15,9","0,0","8,1",05:15,"23,7",14:47,,,,,,,,,
2017-11-08,6143X,COÍN,MALAGA,230,"16,3","0,0","8,3",06:33,"24,3",14:30,,,,,,,,,
2017-11-09,6143X,COÍN,MALAGA,230,"15,9","0,0","10,0",24:00,"21,8",14:34,,,,,,,,,
2017-11-10,6143X,COÍN,MALAGA,230,"14,0","0,0","8,2",03:59,"19,8",16:14,,,,,,,,,
2017-11-11,6143X,COÍN,MALAGA,230,"16,3","0,0","9,7",06:43,"22,9",14:22,,,,,,,,,
2017-11-12,6143X,COÍN,MALAGA,230,"17,2","0,0","10,2",02:58,"24,3",14:21,,,,,,,,,
2017-11-13,6143X,COÍN,MALAGA,230,"17,2","0,0","11,1",06:59,"23,2",14:20,,,,,,,,,
2017-11-14,6143X,COÍN,MALAGA,230,"14,0","0,0","8,0",07:32,"20,1",12:25,,,,,,,,,
2017-11-15,6143X,COÍN,MALAGA,230,"15,0","0,0","9,9",23:59,"20,2",13:55,,,,,,,,,
2017-11-16,6143X,COÍN,MALAGA,230,"15,5","0,0","8,6",05:59,"22,4",13:58,,,,,,,,,
2017-11-17,6143X,COÍN,MALAGA,230,"14,3","0,0","8,1",07:02,"20,5",13:09,,,,,,,,,
2017-11-18,6143X,COÍN,MALAGA,230,"14,7","0,0","8,3",05:47,"21,1",15:15,,,,,,,,,
2017-11-19,6143X,COÍN,MALAGA,230,"14,7","0,0","8,8",04:37,"20,6",13:09,,,,,,,,,
2017-11-20,6143X,COÍN,MALAGA,230,"16,4","0,0","9,3",07:02,"23,5",14:03,,,,,,,,,
2017-11-21,6143X,COÍN,MALAGA,230,"16,7","0,0","9,6",04:52,"23,8",13:03,,,,,,,,,
2017-11-22,6143X,COÍN,MALAGA,230,"15,6","0,0","9,0",05:48,"22,2",12:38,,,,,,,,,
2017-11-23,6143X,COÍN,MALAGA,230,"15,9","0,0","9,1",04:46,"22,7",12:53,,,,,,,,,
2017-11-24,6143X,COÍN,MALAGA,230,"18,4","0,0","12,0",00:01,"24,9",13:04,,,,,,,,,
2017-11-25,6143X,COÍN,MALAGA,230,"18,5","0,0","11,7",02:49,"25,3",14:40,,,,,,,,,
2017-11-26,6143X,COÍN,MALAGA,230,"18,6","0,0","14,4",Varias,"22,9",12:23,,,,,,,,,
2017-11-27,6143X,COÍN,MALAGA,230,"14,4","0,0","11,1",23:23,"17,6",13:23,,,,,,,,,
2017-11-28,6143X,COÍN,MALAGA,230,"14,4","19,0","11,1",07:46,"17,6",13:44,,,,,,,,,
2017-11-29,6143X,COÍN,MALAGA,230,"13,8","12,0","10,9",24:00,"16,6",15:00,,,,,,,,,
2017-11-30,6143X,COÍN,MALAGA,230,"11,4","0,0","7,1",23:35,"15,8",15:11,,,,,,,,,
2017-12-01,6143X,COÍN,MALAGA,230,"10,2","0,0","3,9",07:01,"16,5",13:16,,,,,,,,,
2017-12-02,6143X,COÍN,MALAGA,230,"9,6","0,0","4,1",06:56,"15,1",14:28,,,,,,,,,
2017-12-03,6143X,COÍN,MALAGA,230,"9,8","0,0","5,7",Varias,"13,9",14:30,,,,,,,,,
2017-12-04,6143X,COÍN,MALAGA,230,"9,4","0,2","4,0",06:48,"14,8",11:53,,,,,,,,,
2017-12-05,6143X,COÍN,MALAGA,230,"11,2","0,0","7,2",01:51,"15,3",11:31,,,,,,,,,
2017-12-06,6143X,COÍN,MALAGA,230,"12,5","0,0","7,7",Varias,"17,3",14:19,,,,,,,,,
2017-12-07,6143X,COÍN,MALAGA,230,"12,4","0,0","7,3",23:59,"17,6",13:36,,,,,,,,,
2017-12-08,6143X,COÍN,MALAGA,230,"13,3","0,0","5,7",07:37,"20,9",13:33,,,,,,,,,
2017-12-09,6143X,COÍN,MALAGA,230,"14,2","0,0","11,0",07:03,"17,4",13:50,,,,,,,,,
2017-12-10,6143X,COÍN,MALAGA,230,"16,3","1,0","11,3",04:26,"21,3",12:10,,,,,,,,,
2017-12-11,6143X,COÍN,MALAGA,230,"12,4","6,0","7,4",22:46,"17,3",00:01,,,,,,,,,
2017-12-12,6143X,COÍN,MALAGA,230,"10,6","0,0","6,0",04:03,"15,2",14:02,,,,,,,,,
2017-12-13,6143X,COÍN,MALAGA,230,"10,6","0,0","3,7",06:34,"17,6",14:27,,,,,,,,,
2017-12-14,6143X,COÍN,MALAGA,230,"12,4","0,0","6,7",06:54,"18,1",14:44,,,,,,,,,
2017-12-15,6143X,COÍN,MALAGA,230,"16,9","0,0","12,1",02:09,"21,7",14:00,,,,,,,,,
2017-12-16,6143X,COÍN,MALAGA,230,"12,8","0,0","7,1",23:58,"18,4",14:50,,,,,,,,,
2017-12-17,6143X,COÍN,MALAGA,230,"11,0","0,0","4,8",Varias,"17,1",14:38,,,,,,,,,
2017-12-18,6143X,COÍN,MALAGA,230,"11,6","0,0","6,2",05:22,"17,0",15:20,,,,,,,,,
2017-12-19,6143X,COÍN,MALAGA,230,"13,4","0,0","8,0",23:57,"18,9",12:14,,,,,,,,,
2017-12-20,6143X,COÍN,MALAGA,230,"11,4","0,0","6,3",05:51,"16,6",12:03,,,,,,,,,
2017-12-21,6143X,COÍN,MALAGA,230,"11,8","0,0","6,2",06:08,"17,5",12:32,,,,,,,,,
2017-12-22,6143X,COÍN,MALAGA,230,"13,4","0,0","6,1",06:26,"20,6",15:17,,,,,,,,,
2017-12-23,6143X,COÍN,MALAGA,230,"11,3","0,0","7,2",05:59,"15,4",13:48,,,,,,,,,
2017-12-24,6143X,COÍN,MALAGA,230,"13,2","0,0","10,6",Varias,"15,7",14:28,,,,,,,,,
2017-12-25,6143X,COÍN,MALAGA,230,"12,0","0,0","8,2",08:16,"15,9",13:42,,,,,,,,,
2017-12-26,6143X,COÍN,MALAGA,230,"12,5","0,2","8,9",04:29,"16,1",12:46,,,,,,,,,
2017-12-27,6143X,COÍN,MALAGA,230,"14,5","0,0","12,7",01:36,"16,3",12:16,,,,,,,,,
2017-12-28,6143X,COÍN,MALAGA,230,"16,2","0,0","12,0",05:20,"20,4",13:48,,,,,,,,,
2017-12-29,6143X,COÍN,MALAGA,230,"16,5","0,0","13,2",22:45,"19,8",13:24,,,,,,,,,
2017-12-30,6143X,COÍN,MALAGA,230,"17,5","0,0","11,0",06:36,"24,0",14:56,,,,,,,,,
2017-12-31,6143X,COÍN,MALAGA,230,"15,0","0,0","10,6",03:20,"19,5",12:52,,,,,,,,,
2018-01-01,6143X,COÍN,MALAGA,230,"15,2","0,0","8,9",08:20,"21,6",13:52,,,,,,,,,
2018-01-02,6143X,COÍN,MALAGA,230,"13,3","0,0","8,4",08:06,"18,2",13:06,,,,,,,,,
2018-01-03,6143X,COÍN,MALAGA,230,"15,4","0,0","9,0",06:30,"21,8",15:42,,,,,,,,,
2018-01-04,6143X,COÍN,MALAGA,230,"14,8","0,0","9,2",05:19,"20,4",12:31,,,,,,,,,
2018-01-05,6143X,COÍN,MALAGA,230,"15,1","7,6","9,2",07:42,"21,0",14:51,,,,,,,,,
2018-01-06,6143X,COÍN,MALAGA,230,"9,9","4,2","6,3",08:41,"13,5",Varias,,,,,,,,,
2018-01-07,6143X,COÍN,MALAGA,230,"6,8","0,6","3,2",06:05,"10,5",12:38,,,,,,,,,
2018-01-08,6143X,COÍN,MALAGA,230,"6,2","20,0","4,5",23:47,"7,9",15:57,,,,,,,,,
2018-01-09,6143X,COÍN,MALAGA,230,"7,6","2,0","3,2",06:01,"11,9",23:02,,,,,,,,,
2018-01-10,6143X,COÍN,MALAGA,230,"13,9","0,2","9,0",06:58,"18,8",15:56,,,,,,,,,
2018-01-11,6143X,COÍN,MALAGA,230,"12,0","0,0","8,8",06:42,"15,2",14:32,,,,,,,,,
2018-01-12,6143X,COÍN,MALAGA,230,"12,0","0,0","5,9",06:34,"18,1",14:25,,,,,,,,,
2018-01-13,6143X,COÍN,MALAGA,230,"9,5","0,0","5,3",04:23,"13,7",13:15,,,,,,,,,
2018-01-14,6143X,COÍN,MALAGA,230,"9,8","1,8","6,3",22:19,"13,2",16:10,,,,,,,,,
2018-01-15,6143X,COÍN,MALAGA,230,"9,8","0,0","4,2",07:35,"15,5",15:18,,,,,,,,,
2018-01-16,6143X,COÍN,MALAGA,230,"11,8","0,0","4,4",04:07,"19,3",15:15,,,,,,,,,
2018-01-17,6143X,COÍN,MALAGA,230,"14,5","0,0","7,1",07:42,"21,9",14:58,,,,,,,,,
2018-01-18,6143X,COÍN,MALAGA,230,"13,8","0,0","8,9",00:01,"18,8",12:32,,,,,,,,,
2018-01-19,6143X,COÍN,MALAGA,230,"15,0","0,0","9,4",06:58,"20,6",15:41,,,,,,,,,
2018-01-20,6143X,COÍN,MALAGA,230,"14,6","0,0","8,8",07:09,"20,3",13:19,,,,,,,,,
2018-01-21,6143X,COÍN,MALAGA,230,"16,0","0,0","10,3",05:15,"21,8",15:12,,,,,,,,,
2018-01-22,6143X,COÍN,MALAGA,230,"16,8","0,0","9,2",07:37,"24,4",13:59,,,,,,,,,
2018-01-23,6143X,COÍN,MALAGA,230,"15,8","0,0","8,9",07:58,"22,6",14:41,,,,,,,,,
2018-01-24,6143X,COÍN,MALAGA,230,"14,2","0,0","9,0",07:12,"19,4",15:57,,,,,,,,,
2018-01-25,6143X,COÍN,MALAGA,230,"14,8","0,0","9,7",08:13,"20,0",14:42,,,,,,,,,
2018-01-26,6143X,COÍN,MALAGA,230,"11,4","0,0","7,8",07:20,"14,9",14:52,,,,,,,,,
2018-01-27,6143X,COÍN,MALAGA,230,"10,4","0,0","6,8",08:01,"13,9",15:17,,,,,,,,,
2018-01-28,6143X,COÍN,MALAGA,230,"9,6","3,8","6,1",06:47,"13,1",11:14,,,,,,,,,
2018-01-29,6143X,COÍN,MALAGA,230,"14,4","0,0","9,6",00:16,"19,3",12:49,,,,,,,,,
2018-01-30,6143X,COÍN,MALAGA,230,"13,4","0,0","9,9",05:58,"16,8",12:29,,,,,,,,,
2018-01-31,6143X,COÍN,MALAGA,230,"14,4","0,0","10,3",04:11,"18,5",13:13,,,,,,,,,
2018-02-01,6143X,COÍN,MALAGA,230,,"0,0",,,,,,,,,,,,,
2018-02-02,6143X,COÍN,MALAGA,230,,"0,0",,,,,,,,,,,,,
2018-02-03,6143X,COÍN,MALAGA,230,,"0,0",,,,,,,,,,,,,
2018-02-04,6143X,COÍN,MALAGA,230,,"1,0",,,,,,,,,,,,,
2018-02-05,6143X,COÍN,MALAGA,230,,"0,0",,,,,,,,,,,,,
2018-02-06,6143X,COÍN,MALAGA,230,,"0,0",,,,,,,,,,,,,
2018-02-07,6143X,COÍN,MALAGA,230,,"0,0",,,,,,,,,,,,,
2018-02-08,6143X,COÍN,MALAGA,230,"9,8","0,0","3,2",04:52,"16,3",14:17,,,,,,,,,
2018-02-09,6143X,COÍN,MALAGA,230,"9,2","0,0","1,9",06:15,"16,4",13:55,,,,,,,,,
2018-02-10,6143X,COÍN,MALAGA,230,"10,4","0,0","4,8",05:26,"16,1",15:03,,,,,,,,,
2018-02-11,6143X,COÍN,MALAGA,230,"13,2","0,0","5,8",04:37,"20,5",15:05,,,,,,,,,
2018-02-12,6143X,COÍN,MALAGA,230,"13,9","0,0","9,1",07:26,"18,7",15:23,,,,,,,,,
2018-02-13,6143X,COÍN,MALAGA,230,"11,8","0,0","4,3",06:58,"19,2",14:15,,,,,,,,,
2018-02-14,6143X,COÍN,MALAGA,230,"11,9","0,0","5,7",05:27,"18,1",15:07,,,,,,,,,
2018-02-15,6143X,COÍN,MALAGA,230,"15,2","0,0","8,0",05:32,"22,3",13:26,,,,,,,,,
2018-02-16,6143X,COÍN,MALAGA,230,"15,4","0,0","8,4",06:49,"22,3",14:02,,,,,,,,,
2018-02-17,6143X,COÍN,MALAGA,230,"14,9","0,0","8,6",04:50,"21,2",13:22,,,,,,,,,
2018-02-18,6143X,COÍN,MALAGA,230,"13,2","0,0","8,1",06:32,"18,3",15:29,,,,,,,,,
2018-02-19,6143X,COÍN,MALAGA,230,"14,4","5,4","10,1",07:14,"18,8",12:48,,,,,,,,,
2018-02-20,6143X,COÍN,MALAGA,230,"14,4","0,0","7,0",07:02,"21,9",16:03,,,,,,,,,
2018-02-21,6143X,COÍN,MALAGA,230,"13,6","0,0","8,8",23:59,"18,3",13:06,,,,,,,,,
2018-02-22,6143X,COÍN,MALAGA,230,"11,9","0,0","4,3",06:48,"19,5",15:17,,,,,,,,,
2018-02-23,6143X,COÍN,MALAGA,230,"10,7","0,0","4,7",05:17,"16,7",11:04,,,,,,,,,
2018-02-24,6143X,COÍN,MALAGA,230,"11,8","0,0","10,2",07:41,"13,5",13:54,,,,,,,,,
2018-02-25,6143X,COÍN,MALAGA,230,"12,7","0,0","7,9",23:29,"17,5",17:17,,,,,,,,,
2018-02-26,6143X,COÍN,MALAGA,230,"13,0","1,4","6,3",05:21,"19,6",13:04,,,,,,,,,
2018-02-27,6143X,COÍN,MALAGA,230,"14,6","0,0","10,0",06:55,"19,2",11:30,,,,,,,,,
2018-02-28,6143X,COÍN,MALAGA,230,"13,8","40,8","12,8",18:14,"14,9",00:39,,,,,,,,,
2018-03-01,6143X,COÍN,MALAGA,230,"14,8","34,0","11,1",08:40,"18,4",16:10,,,,,,,,,
2018-03-02,6143X,COÍN,MALAGA,230,"13,2","41,2","10,1",05:32,"16,2",13:31,,,,,,,,,
2018-03-03,6143X,COÍN,MALAGA,230,"12,9","7,4","10,2",23:01,"15,6",09:05,,,,,,,,,
2018-03-04,6143X,COÍN,MALAGA,230,"15,0","4,8","10,2",02:45,"19,8",13:16,,,,,,,,,
2018-03-05,6143X,COÍN,MALAGA,230,"13,8","0,8","9,6",09:13,"17,9",14:45,,,,,,,,,
2018-03-06,6143X,COÍN,MALAGA,230,"14,0","22,0","9,3",06:35,"18,8",12:58,,,,,,,,,
2018-03-07,6143X,COÍN,MALAGA,230,"13,6","18,0","8,4",06:51,"18,9",14:10,,,,,,,,,
2018-03-08,6143X,COÍN,MALAGA,230,"14,8","0,4","8,2",Varias,"21,4",14:16,,,,,,,,,
2018-03-09,6143X,COÍN,MALAGA,230,"15,2","0,2","9,4",06:52,"21,0",12:49,,,,,,,,,
2018-03-10,6143X,COÍN,MALAGA,230,"15,5","7,8","11,4",23:59,"19,6",16:22,,,,,,,,,
2018-03-11,6143X,COÍN,MALAGA,230,"13,8","2,0","10,1",03:05,"17,4",15:09,,,,,,,,,
2018-03-12,6143X,COÍN,MALAGA,230,"15,6","0,0","8,3",06:46,"22,9",15:32,,,,,,,,,
2018-03-13,6143X,COÍN,MALAGA,230,"16,6","0,0","12,5",05:57,"20,7",14:25,,,,,,,,,
2018-03-14,6143X,COÍN,MALAGA,230,"14,8","4,0","11,0",04:43,"18,5",13:59,,,,,,,,,
2018-03-15,6143X,COÍN,MALAGA,230,"14,0","2,4","8,6",23:58,"19,3",16:50,,,,,,,,,
2018-03-16,6143X,COÍN,MALAGA,230,"12,6","0,0","7,2",05:31,"18,1",15:45,,,,,,,,,
2018-03-17,6143X,COÍN,MALAGA,230,"11,8","12,2","7,8",03:00,"15,7",12:05,,,,,,,,,
2018-03-18,6143X,COÍN,MALAGA,230,"13,4","3,4","10,1",08:26,"16,8",15:03,,,,,,,,,
2018-03-19,6143X,COÍN,MALAGA,230,"14,2","0,0","9,8",04:48,"18,6",11:24,,,,,,,,,
2018-03-20,6143X,COÍN,MALAGA,230,"11,4","0,0","8,4",Varias,"14,4",14:28,,,,,,,,,
2018-03-21,6143X,COÍN,MALAGA,230,"10,3","0,0","6,0",06:30,"14,6",16:32,,,,,,,,,
2018-03-22,6143X,COÍN,MALAGA,230,"12,6","0,0","6,9",03:50,"18,2",15:39,,,,,,,,,
2018-03-23,6143X,COÍN,MALAGA,230,"12,0","0,8","7,5",05:24,"16,6",09:54,,,,,,,,,
2018-03-24,6143X,COÍN,MALAGA,230,"12,7","0,0","9,8",05:20,"15,6",15:21,,,,,,,,,
2018-03-25,6143X,COÍN,MALAGA,230,"13,0","0,0","8,3",06:12,"17,7",12:53,,,,,,,,,
2018-03-26,6143X,COÍN,MALAGA,230,"14,8","0,0","8,1",06:28,"21,6",15:14,,,,,,,,,
2018-03-27,6143X,COÍN,MALAGA,230,"18,5","0,0","10,1",03:56,"26,9",16:06,,,,,,,,,
2018-03-28,6143X,COÍN,MALAGA,230,"19,9","0,0","12,4",06:14,"27,4",13:40,,,,,,,,,
2018-03-29,6143X,COÍN,MALAGA,230,"17,6","0,0","11,3",22:22,"23,8",15:46,,,,,,,,,
2018-03-30,6143X,COÍN,MALAGA,230,"12,8","0,0","7,7",04:31,"18,0",13:36,,,,,,,,,
2018-03-31,6143X,COÍN,MALAGA,230,"15,9","0,0","10,6",05:34,"21,2",15:02,,,,,,,,,
2018-04-01,6143X,COÍN,MALAGA,230,"14,6","0,0","8,1",05:31,"21,2",12:52,,,,,,,,,
2018-04-02,6143X,COÍN,MALAGA,230,"15,9","0,0","10,2",04:43,"21,6",15:57,,,,,,,,,
2018-04-03,6143X,COÍN,MALAGA,230,"17,0","0,0","11,7",23:49,"22,4",14:10,,,,,,,,,
2018-04-04,6143X,COÍN,MALAGA,230,"16,8","0,0","10,1",03:27,"23,5",Varias,,,,,,,,,
2018-04-05,6143X,COÍN,MALAGA,230,"16,7","0,0","9,9",05:41,"23,5",13:58,,,,,,,,,
2018-04-06,6143X,COÍN,MALAGA,230,"17,3","0,0","12,7",23:58,"21,9",14:53,,,,,,,,,
2018-04-07,6143X,COÍN,MALAGA,230,"15,1","4,0","9,9",23:44,"20,3",12:35,,,,,,,,,
2018-04-08,6143X,COÍN,MALAGA,230,"14,8","0,0","8,5",04:49,"21,2",15:23,,,,,,,,,
2018-04-09,6143X,COÍN,MALAGA,230,"14,2","0,0","8,4",05:42,"20,1",15:26,,,,,,,,,
2018-04-10,6143X,COÍN,MALAGA,230,"11,6","10,6","7,3",05:22,"16,0",11:56,,,,,,,,,
2018-04-11,6143X,COÍN,MALAGA,230,"13,0","0,0","8,5",05:34,"17,4",14:10,,,,,,,,,
2018-04-12,6143X,COÍN,MALAGA,230,"12,1","6,6","8,1",Varias,"16,1",11:18,,,,,,,,,
2018-04-13,6143X,COÍN,MALAGA,230,"8,7","75,6","6,3",04:25,"11,1",10:45,,,,,,,,,
2018-04-14,6143X,COÍN,MALAGA,230,"14,7","0,0","7,5",05:21,"21,9",15:39,,,,,,,,,
2018-04-15,6143X,COÍN,MALAGA,230,"16,6","0,0","9,5",05:08,"23,7",15:26,,,,,,,,,
2018-04-16,6143X,COÍN,MALAGA,230,"17,0","0,0","11,1",05:41,"22,8",15:40,,,,,,,,,
2018-04-17,6143X,COÍN,MALAGA,230,"17,4","0,0","10,4",05:43,"24,4",14:08,,,,,,,,,
2018-04-18,6143X,COÍN,MALAGA,230,"17,4","0,0","10,5",05:47,"24,3",15:28,,,,,,,,,
2018-04-19,6143X,COÍN,MALAGA,230,"16,6","0,0","11,2",Varias,"21,9",09:46,,,,,,,,,
2018-04-20,6143X,COÍN,MALAGA,230,"16,2","0,0","14,0",04:23,"18,5",15:19,,,,,,,,,
2018-04-21,6143X,COÍN,MALAGA,230,"17,4","0,0","14,0",05:58,"20,7",12:49,,,,,,,,,
2018-04-22,6143X,COÍN,MALAGA,230,"20,4","1,2","14,4",02:46,"26,4",16:18,,,,,,,,,
2018-04-23,6143X,COÍN,MALAGA,230,"19,8","0,6","15,5",00:46,"24,0",14:20,,,,,,,,,
2018-04-24,6143X,COÍN,MALAGA,230,"20,6","0,0","15,0",05:37,"26,3",12:54,,,,,,,,,
2018-04-25,6143X,COÍN,MALAGA,230,"20,0","6,2","14,5",03:23,"25,6",13:46,,,,,,,,,
2018-04-26,6143X,COÍN,MALAGA,230,"19,6","0,2","13,4",04:48,"25,7",11:21,,,,,,,,,
2018-04-27,6143X,COÍN,MALAGA,230,"21,0","0,0","13,1",05:28,"28,8",13:13,,,,,,,,,
2018-04-28,6143X,COÍN,MALAGA,230,"18,2","0,0","12,3",23:56,"24,0",13:05,,,,,,,,,
2018-04-29,6143X,COÍN,MALAGA,230,"16,0","0,0","10,5",23:49,"21,5",16:01,,,,,,,,,
2018-04-30,6143X,COÍN,MALAGA,230,"14,8","0,0","8,5",04:59,"21,0",13:35,,,,,,,,,
2018-05-01,6143X,COÍN,MALAGA,230,"13,8","8,0","8,0",04:17,"19,7",12:04,,,,,,,,,
2018-05-02,6143X,COÍN,MALAGA,230,"15,2","0,0","7,3",05:32,"23,2",13:39,,,,,,,,,
2018-05-03,6143X,COÍN,MALAGA,230,"18,0","0,0","9,7",03:31,"26,3",14:53,,,,,,,,,
2018-05-04,6143X,COÍN,MALAGA,230,"18,4","0,2","12,7",23:58,"24,0",11:26,,,,,,,,,
2018-05-05,6143X,COÍN,MALAGA,230,"17,1","0,0","11,3",05:07,"22,9",15:13,,,,,,,,,
2018-05-06,6143X,COÍN,MALAGA,230,"17,6","0,0","11,9",03:52,"23,2",17:04,,,,,,,,,
2018-05-07,6143X,COÍN,MALAGA,230,"19,7","0,0","14,2",01:25,"25,2",11:44,,,,,,,,,
2018-05-08,6143X,COÍN,MALAGA,230,"20,9","0,0","12,8",04:53,"29,0",15:48,,,,,,,,,
2018-05-09,6143X,COÍN,MALAGA,230,"22,1","0,0","16,4",05:12,"27,8",13:18,,,,,,,,,
2018-05-10,6143X,COÍN,MALAGA,230,"22,0","0,0","15,2",04:02,"28,8",15:12,,,,,,,,,
2018-05-11,6143X,COÍN,MALAGA,230,"18,9","0,0","13,7",05:28,"24,1",13:04,,,,,,,,,
2018-05-12,6143X,COÍN,MALAGA,230,"20,3","0,0","14,0",05:33,"26,6",12:48,,,,,,,,,
2018-05-13,6143X,COÍN,MALAGA,230,"19,6","0,0","13,0",05:43,"26,2",15:04,,,,,,,,,
2018-05-14,6143X,COÍN,MALAGA,230,"18,7","0,0","11,7",05:08,"25,7",11:19,,,,,,,,,
2018-05-15,6143X,COÍN,MALAGA,230,"19,0","0,0","12,1",05:14,"25,9",11:19,,,,,,,,,
2018-05-16,6143X,COÍN,MALAGA,230,"17,9","0,0","11,6",04:57,"24,2",11:42,,,,,,,,,
2018-05-17,6143X,COÍN,MALAGA,230,"18,5","0,0","12,5",04:19,"24,5",10:19,,,,,,,,,
2018-05-18,6143X,COÍN,MALAGA,230,"18,2","0,0","14,1",Varias,"22,4",14:45,,,,,,,,,
2018-05-19,6143X,COÍN,MALAGA,230,"18,0","0,0","13,0",04:08,"22,9",15:16,,,,,,,,,
2018-05-20,6143X,COÍN,MALAGA,230,"19,2","0,0","14,1",03:54,"24,4",09:49,,,,,,,,,
2018-05-21,6143X,COÍN,MALAGA,230,"18,6","3,2","13,1",03:08,"24,1",13:12,,,,,,,,,
2018-05-22,6143X,COÍN,MALAGA,230,"19,6","0,0","12,7",05:19,"26,5",14:47,,,,,,,,,
2018-05-23,6143X,COÍN,MALAGA,230,"20,6","0,0","14,4",04:01,"26,8",11:27,,,,,,,,,
2018-05-24,6143X,COÍN,MALAGA,230,"20,6","0,0","15,0",04:50,"26,2",13:09,,,,,,,,,
2018-05-25,6143X,COÍN,MALAGA,230,"19,8","0,0","13,8",05:28,"25,9",14:17,,,,,,,,,
2018-05-26,6143X,COÍN,MALAGA,230,"20,2","0,0","13,2",05:09,"27,1",15:32,,,,,,,,,
2018-05-27,6143X,COÍN,MALAGA,230,"22,5","0,0","16,8",24:00,"28,2",16:20,,,,,,,,,
2018-05-28,6143X,COÍN,MALAGA,230,"21,2","0,0","14,5",04:30,"27,9",12:36,,,,,,,,,
2018-05-29,6143X,COÍN,MALAGA,230,"19,8","0,0","13,9",04:47,"25,6",10:12,,,,,,,,,
2018-05-30,6143X,COÍN,MALAGA,230,"19,2","0,0","12,8",03:49,"25,5",14:08,,,,,,,,,
2018-05-31,6143X,COÍN,MALAGA,230,"21,0","0,0","13,7",04:32,"28,2",12:42,,,,,,,,,
2018-06-01,6143X,COÍN,MALAGA,230,"21,3","0,0","15,7",04:41,"26,9",14:54,,,,,,,,,
2018-06-02,6143X,COÍN,MALAGA,230,"18,4","6,0","12,6",23:52,"24,1",09:49,,,,,,,,,
2018-06-03,6143X,COÍN,MALAGA,230,"21,3","0,0","12,3",00:15,"30,3",14:35,,,,,,,,,
2018-06-04,6143X,COÍN,MALAGA,230,"21,7","0,0","14,8",04:44,"28,6",14:19,,,,,,,,,
2018-06-05,6143X,COÍN,MALAGA,230,"21,0","0,0","16,8",23:05,"25,1",15:16,,,,,,,,,
2018-06-06,6143X,COÍN,MALAGA,230,"20,8","0,0","15,7",03:16,"25,9",14:52,,,,,,,,,
2018-06-07,6143X,COÍN,MALAGA,230,"22,0","0,0","15,2",04:59,"28,9",15:53,,,,,,,,,
2018-06-08,6143X,COÍN,MALAGA,230,"23,4","0,0","16,3",05:09,"30,4",17:44,,,,,,,,,
2018-06-09,6143X,COÍN,MALAGA,230,"22,5","0,0","16,9",04:41,"28,1",13:12,,,,,,,,,
2018-06-10,6143X,COÍN,MALAGA,230,"21,0","0,0","13,5",05:00,"28,4",14:31,,,,,,,,,
2018-06-11,6143X,COÍN,MALAGA,230,"21,6","0,0","15,3",05:00,"27,8",15:27,,,,,,,,,
2018-06-12,6143X,COÍN,MALAGA,230,"22,4","0,0","15,5",04:19,"29,3",16:30,,,,,,,,,
2018-06-13,6143X,COÍN,MALAGA,230,"26,1","0,0","17,7",04:27,"34,5",14:59,,,,,,,,,
2018-06-14,6143X,COÍN,MALAGA,230,"26,7","0,0","19,6",04:19,"33,8",16:29,,,,,,,,,
2018-06-15,6143X,COÍN,MALAGA,230,"24,6","0,0","17,6",05:10,"31,7",15:46,,,,,,,,,
2018-06-16,6143X,COÍN,MALAGA,230,"24,0","0,0","17,5",04:46,"30,5",17:58,,,,,,,,,
2018-06-17,6143X,COÍN,MALAGA,230,"24,8","0,0","18,0",05:10,"31,7",16:37,,,,,,,,,
2018-06-18,6143X,COÍN,MALAGA,230,"25,6","0,0","19,0",04:56,"32,3",12:05,,,,,,,,,
2018-06-19,6143X,COÍN,MALAGA,230,"23,6","0,0","18,5",04:37,"28,8",09:11,,,,,,,,,
2018-06-20,6143X,COÍN,MALAGA,230,"23,1","0,0","17,4",04:01,"28,8",17:39,,,,,,,,,
2018-06-21,6143X,COÍN,MALAGA,230,"24,6","0,0","20,0",00:05,"29,3",14:30,,,,,,,,,
2018-06-22,6143X,COÍN,MALAGA,230,"25,2","0,0","19,1",03:47,"31,3",11:42,,,,,,,,,
2018-06-23,6143X,COÍN,MALAGA,230,"25,6","0,0","19,3",04:48,"32,0",13:52,,,,,,,,,
2018-06-24,6143X,COÍN,MALAGA,230,"26,1","0,0","20,0",03:45,"32,2",13:01,,,,,,,,,
2018-06-25,6143X,COÍN,MALAGA,230,"25,4","0,0","20,0",05:08,"30,7",15:34,,,,,,,,,
2018-06-26,6143X,COÍN,MALAGA,230,"25,8","0,0","19,8",04:51,"31,8",14:23,,,,,,,,,
2018-06-27,6143X,COÍN,MALAGA,230,"26,6","0,0","20,4",05:13,"32,8",16:55,,,,,,,,,
2018-06-28,6143X,COÍN,MALAGA,230,"28,8","0,0","20,7",05:26,"36,8",16:01,,,,,,,,,
2018-06-29,6143X,COÍN,MALAGA,230,"25,6","0,0","20,0",05:19,"31,2",09:42,,,,,,,,,
2018-06-30,6143X,COÍN,MALAGA,230,"24,5","0,0","19,5",Varias,"29,5",13:45,,,,,,,,,
2018-07-01,6143X,COÍN,MALAGA,230,"25,5","0,0","17,5",05:01,"33,5",15:10,,,,,,,,,
2018-07-02,6143X,COÍN,MALAGA,230,"25,6","0,0","17,4",03:26,"33,8",16:16,,,,,,,,,
2018-07-03,6143X,COÍN,MALAGA,230,"26,6","0,0","18,8",05:17,"34,4",13:07,,,,,,,,,
2018-07-04,6143X,COÍN,MALAGA,230,"26,6","0,0","19,5",05:26,"33,8",16:32,,,,,,,,,
2018-07-05,6143X,COÍN,MALAGA,230,"27,9","0,0","19,7",04:57,"36,1",16:11,,,,,,,,,
2018-07-06,6143X,COÍN,MALAGA,230,"26,9","0,0","20,3",23:30,"33,5",15:54,,,,,,,,,
2018-07-07,6143X,COÍN,MALAGA,230,"25,6","0,0","18,5",03:20,"32,7",11:55,,,,,,,,,
2018-07-08,6143X,COÍN,MALAGA,230,"25,7","0,0","19,4",05:20,"32,0",14:33,,,,,,,,,
2018-07-09,6143X,COÍN,MALAGA,230,"26,6","0,0","19,8",05:16,"33,5",11:49,,,,,,,,,
2018-07-10,6143X,COÍN,MALAGA,230,"29,8","0,0","21,7",02:25,"38,0",12:12,,,,,,,,,
2018-07-11,6143X,COÍN,MALAGA,230,"28,6","0,0","20,9",04:31,"36,4",11:59,,,,,,,,,
2018-07-12,6143X,COÍN,MALAGA,230,"27,0","0,0","20,3",05:26,"33,7",13:07,,,,,,,,,
2018-07-13,6143X,COÍN,MALAGA,230,"25,2","0,0","18,1",05:25,"32,4",14:48,,,,,,,,,
2018-07-14,6143X,COÍN,MALAGA,230,"25,4","0,0","18,9",04:39,"32,0",14:25,,,,,,,,,
2018-07-15,6143X,COÍN,MALAGA,230,"26,2","0,0","17,9",05:38,"34,4",14:48,,,,,,,,,
2018-07-16,6143X,COÍN,MALAGA,230,"27,4","0,0","19,1",04:19,"35,8",16:31,,,,,,,,,
2018-07-17,6143X,COÍN,MALAGA,230,"26,4","0,0","18,8",05:16,"34,0",14:23,,,,,,,,,
2018-07-18,6143X,COÍN,MALAGA,230,"26,4","0,0","20,8",05:26,"32,0",16:10,,,,,,,,,
2018-07-19,6143X,COÍN,MALAGA,230,"27,6","0,0","20,0",05:20,"35,3",16:32,,,,,,,,,
2018-07-20,6143X,COÍN,MALAGA,230,"31,5","0,0","23,5",01:25,"39,5",16:05,,,,,,,,,
2018-07-21,6143X,COÍN,MALAGA,230,"30,2","0,0","22,7",04:58,"37,7",14:55,,,,,,,,,
2018-07-22,6143X,COÍN,MALAGA,230,"27,0","0,0","20,9",05:42,"33,2",14:58,,,,,,,,,
2018-07-23,6143X,COÍN,MALAGA,230,"25,2","0,0","20,4",05:15,"30,0",16:06,,,,,,,,,
2018-07-24,6143X,COÍN,MALAGA,230,"27,6","0,0","19,7",04:57,"35,5",15:34,,,,,,,,,
2018-07-25,6143X,COÍN,MALAGA,230,"29,2","0,0","21,1",05:21,"37,4",12:24,,,,,,,,,
2018-07-26,6143X,COÍN,MALAGA,230,"27,9","0,0","21,4",04:53,"34,4",17:15,,,,,,,,,
2018-07-27,6143X,COÍN,MALAGA,230,"28,2","0,0","21,3",05:30,"35,2",17:17,,,,,,,,,
2018-07-28,6143X,COÍN,MALAGA,230,"30,4","0,0","22,6",05:27,"38,1",16:43,,,,,,,,,
2018-07-29,6143X,COÍN,MALAGA,230,"30,2","0,0","22,2",04:10,"38,2",14:44,,,,,,,,,
2018-07-30,6143X,COÍN,MALAGA,230,"30,2","0,0","21,5",05:25,"39,0",16:22,,,,,,,,,
2018-07-31,6143X,COÍN,MALAGA,230,"29,8","0,0","23,1",05:23,"36,5",12:21,,,,,,,,,
2018-08-01,6143X,COÍN,MALAGA,230,"28,0","0,0","21,4",05:40,"34,7",16:00,,,,,,,,,
2018-08-02,6143X,COÍN,MALAGA,230,"28,2","0,0","21,8",05:24,"34,6",16:11,,,,,,,,,
2018-08-03,6143X,COÍN,MALAGA,230,"28,8","0,0","21,7",05:37,"35,9",15:03,,,,,,,,,
2018-08-04,6143X,COÍN,MALAGA,230,"28,8","0,0","23,7",05:41,"33,8",11:20,,,,,,,,,
2018-08-05,6143X,COÍN,MALAGA,230,"29,0","0,0","22,7",05:50,"35,3",14:42,,,,,,,,,
2018-08-06,6143X,COÍN,MALAGA,230,"30,0","0,0","23,2",05:20,"36,7",14:18,,,,,,,,,
2018-08-07,6143X,COÍN,MALAGA,230,"30,1","0,0","23,0",04:37,"37,2",11:28,,,,,,,,,
2018-08-08,6143X,COÍN,MALAGA,230,"28,8","0,0","23,2",Varias,"34,3",10:07,,,,,,,,,
2018-08-09,6143X,COÍN,MALAGA,230,"28,8","0,0","20,5",05:41,"37,1",14:39,,,,,,,,,
2018-08-10,6143X,COÍN,MALAGA,230,"27,8","0,0","22,1",05:51,"33,5",16:50,,,,,,,,,
2018-08-11,6143X,COÍN,MALAGA,230,"27,5","0,0","23,8",Varias,"31,2",14:28,,,,,,,,,
2018-08-12,6143X,COÍN,MALAGA,230,"27,0","0,0","22,8",05:16,"31,3",16:09,,,,,,,,,
2018-08-13,6143X,COÍN,MALAGA,230,"28,8","0,0","22,1",03:34,"35,6",15:35,,,,,,,,,
2018-08-14,6143X,COÍN,MALAGA,230,"31,2","0,0","23,1",04:55,"39,3",13:43,,,,,,,,,
2018-08-15,6143X,COÍN,MALAGA,230,"26,2","0,0","21,7",03:46,"30,8",12:24,,,,,,,,,
2018-08-16,6143X,COÍN,MALAGA,230,"26,6","0,0","21,7",04:29,"31,4",14:31,,,,,,,,,
2018-08-17,6143X,COÍN,MALAGA,230,"26,6","0,0","20,9",05:38,"32,3",13:51,,,,,,,,,
2018-08-18,6143X,COÍN,MALAGA,230,"25,6","0,0","20,4",04:16,"30,7",15:03,,,,,,,,,
2018-08-19,6143X,COÍN,MALAGA,230,"26,3","0,0","22,5",03:20,"30,1",12:07,,,,,,,,,
2018-08-20,6143X,COÍN,MALAGA,230,"25,8","0,0","22,2",23:45,"29,5",12:39,,,,,,,,,
2018-08-21,6143X,COÍN,MALAGA,230,"26,2","0,0","20,6",05:45,"31,9",17:11,,,,,,,,,
2018-08-22,6143X,COÍN,MALAGA,230,"26,2","0,0","20,2",04:49,"32,3",10:11,,,,,,,,,
2018-08-23,6143X,COÍN,MALAGA,230,"26,4","0,0","20,4",05:28,"32,4",12:52,,,,,,,,,
2018-08-24,6143X,COÍN,MALAGA,230,"28,6","0,0","21,0",05:54,"36,1",13:51,,,,,,,,,
2018-08-25,6143X,COÍN,MALAGA,230,"29,4","0,0","21,9",05:34,"36,9",14:12,,,,,,,,,
2018-08-26,6143X,COÍN,MALAGA,230,"27,1","0,0","22,2",23:40,"32,0",10:14,,,,,,,,,
2018-08-27,6143X,COÍN,MALAGA,230,"27,2","0,0","20,2",05:48,"34,1",13:02,,,,,,,,,
2018-08-28,6143X,COÍN,MALAGA,230,"28,3","0,0","22,9",23:32,"33,7",14:00,,,,,,,,,
2018-08-29,6143X,COÍN,MALAGA,230,"27,8","0,0","20,9",05:21,"34,8",11:27,,,,,,,,,
2018-08-30,6143X,COÍN,MALAGA,230,"26,3","0,0","21,0",06:07,"31,6",15:06,,,,,,,,,
2018-08-31,6143X,COÍN,MALAGA,230,"26,6","0,0","20,9",05:14,"32,4",13:45,,,,,,,,,
2018-09-01,6143X,COÍN,MALAGA,230,"26,1","0,0","22,3",05:23,"29,9",14:26,,,,,,,,,
2018-09-02,6143X,COÍN,MALAGA,230,"26,7","0,0","21,5",05:53,"31,9",15:27,,,,,,,,,
2018-09-03,6143X,COÍN,MALAGA,230,"26,0","0,0","21,0",04:35,"31,0",16:45,,,,,,,,,
2018-09-04,6143X,COÍN,MALAGA,230,"25,4","0,0","18,0",06:16,"32,7",15:41,,,,,,,,,
2018-09-05,6143X,COÍN,MALAGA,230,"26,0","0,0","18,0",05:32,"33,9",13:40,,,,,,,,,
2018-09-06,6143X,COÍN,MALAGA,230,"26,6","0,0","18,1",05:48,"35,1",15:18,,,,,,,,,
2018-09-07,6143X,COÍN,MALAGA,230,"25,0","0,0","18,6",06:07,"31,4",14:48,,,,,,,,,
2018-09-08,6143X,COÍN,MALAGA,230,"22,4","5,6","19,8",22:38,"25,1",09:59,,,,,,,,,
2018-09-09,6143X,COÍN,MALAGA,230,"23,8","0,0","19,4",03:10,"28,3",12:13,,,,,,,,,
2018-09-10,6143X,COÍN,MALAGA,230,"24,3","0,2","18,5",03:55,"30,1",10:54,,,,,,,,,
2018-09-11,6143X,COÍN,MALAGA,230,"25,3","0,0","21,7",05:38,"28,9",12:43,,,,,,,,,
2018-09-12,6143X,COÍN,MALAGA,230,"25,2","0,0","22,1",23:55,"28,2",11:22,,,,,,,,,
2018-09-13,6143X,COÍN,MALAGA,230,"27,8","1,4","20,9",03:36,"34,6",11:33,,,,,,,,,
2018-09-14,6143X,COÍN,MALAGA,230,"25,1","2,4","20,7",24:00,"29,5",15:22,,,,,,,,,
2018-09-15,6143X,COÍN,MALAGA,230,"23,6","49,4","19,0",05:28,"28,1",11:13,,,,,,,,,
2018-09-16,6143X,COÍN,MALAGA,230,"24,4","0,0","19,2",04:51,"29,6",13:13,,,,,,,,,
2018-09-17,6143X,COÍN,MALAGA,230,"25,2","0,0","21,0",00:20,"29,5",15:16,,,,,,,,,
2018-09-18,6143X,COÍN,MALAGA,230,"25,2","0,4","20,2",06:10,"30,3",10:34,,,,,,,,,
2018-09-19,6143X,COÍN,MALAGA,230,"25,5","0,0","20,1",06:24,"30,9",12:01,,,,,,,,,
2018-09-20,6143X,COÍN,MALAGA,230,"24,8","0,0","19,8",04:38,"29,8",13:45,,,,,,,,,
2018-09-21,6143X,COÍN,MALAGA,230,"26,0","0,0","19,4",05:51,"32,7",12:14,,,,,,,,,
2018-09-22,6143X,COÍN,MALAGA,230,"25,8","0,0","19,3",04:52,"32,4",15:31,,,,,,,,,
2018-09-23,6143X,COÍN,MALAGA,230,"26,6","0,0","19,8",06:20,"33,5",15:38,,,,,,,,,
2018-09-24,6143X,COÍN,MALAGA,230,"27,2","0,0","20,2",05:47,"34,1",11:39,,,,,,,,,
2018-09-25,6143X,COÍN,MALAGA,230,"25,2","1,0","19,9",06:05,"30,4",10:10,,,,,,,,,
2018-09-26,6143X,COÍN,MALAGA,230,"24,7","0,0","22,0",06:09,"27,4",12:41,,,,,,,,,
2018-09-27,6143X,COÍN,MALAGA,230,"25,1","0,0","21,5",23:51,"28,7",14:51,,,,,,,,,
2018-09-28,6143X,COÍN,MALAGA,230,"24,0","0,0","20,4",23:56,"27,6",15:00,,,,,,,,,
2018-09-29,6143X,COÍN,MALAGA,230,"22,9","0,0","18,4",06:12,"27,4",13:01,,,,,,,,,
2018-09-30,6143X,COÍN,MALAGA,230,"23,2","0,0","17,2",06:11,"29,2",11:43,,,,,,,,,
2018-10-01,6143X,COÍN,MALAGA,230,"26,8","0,0","19,8",Varias,"33,7",13:32,,,,,,,,,
2018-10-02,6143X,COÍN,MALAGA,230,"22,8","0,0","18,7",06:07,"26,9",13:14,,,,,,,,,
2018-10-03,6143X,COÍN,MALAGA,230,"25,9","0,0","17,1",06:21,"34,7",16:18,,,,,,,,,
2018-10-04,6143X,COÍN,MALAGA,230,"21,5","0,0","15,4",06:15,"27,6",10:59,,,,,,,,,
2018-10-05,6143X,COÍN,MALAGA,230,"21,2","0,0","15,6",04:37,"26,8",11:15,,,,,,,,,
2018-10-06,6143X,COÍN,MALAGA,230,"21,6","0,0","15,4",03:45,"27,8",11:47,,,,,,,,,
2018-10-07,6143X,COÍN,MALAGA,230,"24,9","0,0","17,4",01:36,"32,4",15:28,,,,,,,,,
2018-10-08,6143X,COÍN,MALAGA,230,"22,8","0,0","18,4",06:33,"27,2",10:37,,,,,,,,,
2018-10-09,6143X,COÍN,MALAGA,230,"19,4","193,0","16,1",23:57,"22,6",15:26,,,,,,,,,
2018-10-10,6143X,COÍN,MALAGA,230,"19,6","0,0","15,7",03:59,"23,5",13:09,,,,,,,,,
2018-10-11,6143X,COÍN,MALAGA,230,"21,4","3,2","17,6",23:16,"25,3",16:01,,,,,,,,,
2018-10-12,6143X,COÍN,MALAGA,230,,"0,0",,,,,,,,,,,,,
2018-10-13,6143X,COÍN,MALAGA,230,"21,5","0,6","15,9",06:26,"27,1",11:36,,,,,,,,,
2018-10-14,6143X,COÍN,MALAGA,230,"19,6","4,8","16,5",23:47,"22,7",11:35,,,,,,,,,
2018-10-15,6143X,COÍN,MALAGA,230,"18,4","0,6","11,8",06:45,"24,9",12:20,,,,,,,,,
2018-10-16,6143X,COÍN,MALAGA,230,"19,4","0,0","14,2",05:14,"24,5",13:02,,,,,,,,,
2018-10-17,6143X,COÍN,MALAGA,230,"20,3","0,4","13,6",04:54,"27,0",12:20,,,,,,,,,
2018-10-18,6143X,COÍN,MALAGA,230,"15,0","18,2","11,0",23:41,"18,9",13:58,,,,,,,,,
2018-10-19,6143X,COÍN,MALAGA,230,"15,2","6,0","10,0",06:26,"20,3",11:26,,,,,,,,,
2018-10-20,6143X,COÍN,MALAGA,230,"16,8","7,4","12,9",00:01,"20,6",15:27,,,,,,,,,
2018-10-21,6143X,COÍN,MALAGA,230,"17,9","1,2","15,9",04:04,"19,9",01:14,,,,,,,,,
2018-10-22,6143X,COÍN,MALAGA,230,"20,2","0,0","16,1",06:32,"24,3",14:16,,,,,,,,,
2018-10-23,6143X,COÍN,MALAGA,230,"19,6","0,8","16,5",23:09,"22,7",15:01,,,,,,,,,
2018-10-24,6143X,COÍN,MALAGA,230,"20,0","0,0","15,0",Varias,"25,1",11:58,,,,,,,,,
2018-10-25,6143X,COÍN,MALAGA,230,"19,6","0,0","13,1",05:54,"26,0",14:03,,,,,,,,,
2018-10-26,6143X,COÍN,MALAGA,230,"18,8","0,0","13,9",02:52,"23,8",15:12,,,,,,,,,
2018-10-27,6143X,COÍN,MALAGA,230,"19,4","0,0","14,4",23:57,"24,3",15:30,,,,,,,,,
2018-10-28,6143X,COÍN,MALAGA,230,"11,4","2,0","7,9",15:48,"14,8",12:35,,,,,,,,,
2018-10-29,6143X,COÍN,MALAGA,230,"13,0","1,4","8,9",04:09,"17,1",15:02,,,,,,,,,
2018-10-30,6143X,COÍN,MALAGA,230,"10,7","23,0","8,8",06:39,"12,6",08:47,,,,,,,,,
2018-10-31,6143X,COÍN,MALAGA,230,"11,2","31,0","6,3",06:26,"16,0",11:18,,,,,,,,,
2018-11-01,6143X,COÍN,MALAGA,230,"13,4","0,0","8,1",04:25,"18,6",14:38,,,,,,,,,
2018-11-02,6143X,COÍN,MALAGA,230,"15,0","0,0","10,0",06:58,"20,1",13:37,,,,,,,,,
2018-11-03,6143X,COÍN,MALAGA,230,"18,0","0,0","11,8",07:12,"24,1",14:55,,,,,,,,,
2018-11-04,6143X,COÍN,MALAGA,230,"15,6","1,6","8,8",06:55,"22,4",14:23,,,,,,,,,
2018-11-05,6143X,COÍN,MALAGA,230,"13,8","1,0","9,5",23:59,"18,1",16:24,,,,,,,,,
2018-11-06,6143X,COÍN,MALAGA,230,"13,8","0,0","7,2",06:49,"20,3",13:51,,,,,,,,,
2018-11-07,6143X,COÍN,MALAGA,230,"14,6","0,0","8,0",04:53,"21,1",12:14,,,,,,,,,
2018-11-08,6143X,COÍN,MALAGA,230,"16,2","2,6","11,6",07:21,"20,9",13:05,,,,,,,,,
2018-11-09,6143X,COÍN,MALAGA,230,"14,2","0,2","9,5",06:16,"19,0",15:56,,,,,,,,,
2018-11-10,6143X,COÍN,MALAGA,230,"16,6","0,0","10,1",05:20,"23,1",14:43,,,,,,,,,
2018-11-11,6143X,COÍN,MALAGA,230,"17,3","0,0","11,6",23:22,"23,0",12:23,,,,,,,,,
2018-11-12,6143X,COÍN,MALAGA,230,"14,4","0,0","9,8",07:27,"19,1",14:46,,,,,,,,,
2018-11-13,6143X,COÍN,MALAGA,230,"15,7","2,0","11,4",03:54,"20,0",13:36,,,,,,,,,
2018-11-14,6143X,COÍN,MALAGA,230,"18,0","0,2","14,3",07:01,"21,7",15:30,,,,,,,,,
2018-11-15,6143X,COÍN,MALAGA,230,"16,6","0,0","14,0",04:33,"19,3",Varias,,,,,,,,,
2018-11-16,6143X,COÍN,MALAGA,230,"16,5","0,6","14,5",06:31,"18,5",11:59,,,,,,,,,
2018-11-17,6143X,COÍN,MALAGA,230,"16,6","1,4","15,2",Varias,"18,0",11:57,,,,,,,,,
2018-11-18,6143X,COÍN,MALAGA,230,"13,4","25,6","10,6",10:37,"16,2",13:23,,,,,,,,,
2018-11-19,6143X,COÍN,MALAGA,230,"14,8","3,8","11,1",07:04,"18,6",11:21,,,,,,,,,
2018-11-20,6143X,COÍN,MALAGA,230,"15,7","1,0","10,8",04:37,"20,6",14:29,,,,,,,,,
2018-11-21,6143X,COÍN,MALAGA,230,"13,2","4,8","11,1",03:04,"15,4",13:00,,,,,,,,,
2018-11-22,6143X,COÍN,MALAGA,230,"13,0","15,0","11,1",Varias,"14,9",13:06,,,,,,,,,
2018-11-23,6143X,COÍN,MALAGA,230,"12,7","0,0","9,1",22:24,"16,3",16:26,,,,,,,,,
2018-11-24,6143X,COÍN,MALAGA,230,"14,0","0,0","8,1",06:27,"19,9",14:14,,,,,,,,,
2018-11-25,6143X,COÍN,MALAGA,230,"13,8","0,8","10,4",02:58,"17,3",15:10,,,,,,,,,
2018-11-26,6143X,COÍN,MALAGA,230,"15,2","0,0","11,6",24:00,"18,8",15:08,,,,,,,,,
2018-11-27,6143X,COÍN,MALAGA,230,"15,0","0,0","8,4",06:40,"21,7",15:15,,,,,,,,,
2018-11-28,6143X,COÍN,MALAGA,230,"14,8","0,0","7,7",07:03,"21,8",14:53,,,,,,,,,
2018-11-29,6143X,COÍN,MALAGA,230,"14,1","0,0","7,1",04:37,"21,1",13:47,,,,,,,,,
2018-11-30,6143X,COÍN,MALAGA,230,"15,2","0,0","10,1",Varias,"20,2",11:13,,,,,,,,,
2018-12-01,6143X,COÍN,MALAGA,230,"14,6","0,0","7,6",05:30,"21,6",15:19,,,,,,,,,
2018-12-02,6143X,COÍN,MALAGA,230,"17,4","0,0","10,1",06:09,"24,7",14:11,,,,,,,,,
2018-12-03,6143X,COÍN,MALAGA,230,"19,4","0,0","12,3",06:58,"26,6",14:56,,,,,,,,,
2018-12-04,6143X,COÍN,MALAGA,230,"18,7","0,0","11,4",04:23,"26,0",14:42,,,,,,,,,
2018-12-05,6143X,COÍN,MALAGA,230,"18,6","0,0","11,9",07:02,"25,4",15:29,,,,,,,,,
2018-12-06,6143X,COÍN,MALAGA,230,"18,0","0,0","10,7",23:57,"25,2",14:00,,,,,,,,,
2018-12-07,6143X,COÍN,MALAGA,230,"15,9","0,0","8,8",02:18,"23,0",15:26,,,,,,,,,
2018-12-08,6143X,COÍN,MALAGA,230,"17,6","0,0","11,1",23:35,"24,0",13:00,,,,,,,,,
2018-12-09,6143X,COÍN,MALAGA,230,"16,6","0,0","10,1",06:39,"23,0",15:23,,,,,,,,,
2018-12-10,6143X,COÍN,MALAGA,230,"17,2","0,0","10,0",23:53,"24,3",14:04,,,,,,,,,
2018-12-11,6143X,COÍN,MALAGA,230,"14,2","0,0","8,8",05:10,"19,5",13:05,,,,,,,,,
2018-12-12,6143X,COÍN,MALAGA,230,"15,6","0,0","10,8",08:06,"20,5",12:20,,,,,,,,,
2018-12-13,6143X,COÍN,MALAGA,230,"13,9","2,0","10,9",23:13,"16,9",09:21,,,,,,,,,
2018-12-14,6143X,COÍN,MALAGA,230,"11,8","0,0","7,9",05:56,"15,8",13:45,,,,,,,,,
2018-12-15,6143X,COÍN,MALAGA,230,"13,8","0,0","7,4",07:25,"20,1",15:05,,,,,,,,,
2018-12-16,6143X,COÍN,MALAGA,230,"15,0","0,0","9,0",02:12,"21,0",14:53,,,,,,,,,
2018-12-17,6143X,COÍN,MALAGA,230,"14,0","0,0","9,2",23:24,"18,7",12:34,,,,,,,,,
2018-12-18,6143X,COÍN,MALAGA,230,"13,4","0,0","8,7",07:51,"18,2",13:53,,,,,,,,,
2018-12-19,6143X,COÍN,MALAGA,230,"13,8","0,0","9,2",04:51,"18,3",14:17,,,,,,,,,
2018-12-20,6143X,COÍN,MALAGA,230,"14,4","0,0","9,8",23:47,"18,9",15:25,,,,,,,,,
2018-12-21,6143X,COÍN,MALAGA,230,"13,2","0,0","7,2",06:05,"19,1",13:05,,,,,,,,,
2018-12-22,6143X,COÍN,MALAGA,230,"13,8","0,0","6,6",06:11,"20,9",14:48,,,,,,,,,
2018-12-23,6143X,COÍN,MALAGA,230,"14,6","0,0","7,8",07:11,"21,4",15:25,,,,,,,,,
2018-12-24,6143X,COÍN,MALAGA,230,"14,2","0,0","7,8",07:13,"20,5",14:02,,,,,,,,,
2018-12-25,6143X,COÍN,MALAGA,230,"13,0","0,0","8,2",04:18,"17,8",12:20,,,,,,,,,
2018-12-26,6143X,COÍN,MALAGA,230,"13,4","0,0","8,3",23:40,"18,6",15:37,,,,,,,,,
2018-12-27,6143X,COÍN,MALAGA,230,"13,4","0,0","7,2",04:08,"19,7",14:55,,,,,,,,,
2018-12-28,6143X,COÍN,MALAGA,230,"11,6","0,0","5,8",07:16,"17,5",14:48,,,,,,,,,
2018-12-29,6143X,COÍN,MALAGA,230,"12,2","0,2","8,6",07:18,"15,7",11:42,,,,,,,,,
2018-12-30,6143X,COÍN,MALAGA,230,"14,0","0,0","10,1",23:59,"17,9",15:09,,,,,,,,,
2018-12-31,6143X,COÍN,MALAGA,230,"13,2","0,0","7,1",23:48,"19,3",14:58,,,,,,,,,
2019-01-01,6143X,COÍN,MALAGA,230,"14,2","0,0","6,4",Varias,"22,1",14:42,,,,,,,,,
2019-01-02,6143X,COÍN,MALAGA,230,"15,5","0,0","8,3",04:05,"22,7",14:29,,,,,,,,,
2019-01-03,6143X,COÍN,MALAGA,230,"11,7","0,0","6,6",06:11,"16,8",11:44,,,,,,,,,
2019-01-04,6143X,COÍN,MALAGA,230,"11,2","0,0","6,4",23:53,"15,9",15:54,,,,,,,,,
2019-01-05,6143X,COÍN,MALAGA,230,"11,9","0,0","5,0",06:08,"18,8",13:56,,,,,,,,,
2019-01-06,6143X,COÍN,MALAGA,230,"13,6","0,0","5,3",06:04,"21,9",14:43,,,,,,,,,
2019-01-07,6143X,COÍN,MALAGA,230,"14,1","0,0","6,5",06:52,"21,7",14:56,,,,,,,,,
2019-01-08,6143X,COÍN,MALAGA,230,"12,2","0,0","6,4",04:22,"17,9",14:26,,,,,,,,,
2019-01-09,6143X,COÍN,MALAGA,230,"13,6","0,0","6,3",02:58,"20,8",15:31,,,,,,,,,
2019-01-10,6143X,COÍN,MALAGA,230,"14,9","0,0","9,0",23:09,"20,8",15:03,,,,,,,,,
2019-01-11,6143X,COÍN,MALAGA,230,"11,6","0,0","7,7",06:28,"15,5",14:22,,,,,,,,,
2019-01-12,6143X,COÍN,MALAGA,230,"11,2","0,0","5,8",Varias,"16,6",13:40,,,,,,,,,
2019-01-13,6143X,COÍN,MALAGA,230,"12,2","0,0","3,6",07:31,"20,9",14:47,,,,,,,,,
2019-01-14,6143X,COÍN,MALAGA,230,"14,8","0,0","7,2",02:59,"22,3",14:25,,,,,,,,,
2019-01-15,6143X,COÍN,MALAGA,230,"12,6","0,0","7,4",07:12,"17,9",11:58,,,,,,,,,
2019-01-16,6143X,COÍN,MALAGA,230,"13,1","0,0","6,8",05:36,"19,4",14:48,,,,,,,,,
2019-01-17,6143X,COÍN,MALAGA,230,"12,5","0,0","8,1",07:13,"16,9",11:25,,,,,,,,,
2019-01-18,6143X,COÍN,MALAGA,230,"11,4","0,0","5,9",07:44,"17,0",15:18,,,,,,,,,
2019-01-19,6143X,COÍN,MALAGA,230,"10,6","3,8","8,2",07:52,"13,1",15:52,,,,,,,,,
2019-01-20,6143X,COÍN,MALAGA,230,"11,5","0,6","9,1",02:59,"13,9",13:05,,,,,,,,,
2019-01-21,6143X,COÍN,MALAGA,230,"11,4","0,0","6,1",06:46,"16,7",14:50,,,,,,,,,
2019-01-22,6143X,COÍN,MALAGA,230,"10,8","0,0","5,4",06:49,"16,3",13:21,,,,,,,,,
2019-01-23,6143X,COÍN,MALAGA,230,"13,4","0,0","10,4",06:43,"16,4",14:52,,,,,,,,,
2019-01-24,6143X,COÍN,MALAGA,230,"15,6","0,0","11,2",22:43,"19,9",14:17,,,,,,,,,
2019-01-25,6143X,COÍN,MALAGA,230,"16,0","0,0","9,5",06:40,"22,4",14:57,,,,,,,,,
2019-01-26,6143X,COÍN,MALAGA,230,"15,2","0,0","8,4",07:12,"22,1",14:13,,,,,,,,,
2019-01-27,6143X,COÍN,MALAGA,230,"14,0","0,0","8,6",03:25,"19,5",12:17,,,,,,,,,
2019-01-28,6143X,COÍN,MALAGA,230,"13,7","0,0","8,5",04:14,"18,9",15:40,,,,,,,,,
2019-01-29,6143X,COÍN,MALAGA,230,"14,0","0,0","8,4",06:30,"19,5",13:23,,,,,,,,,
2019-01-30,6143X,COÍN,MALAGA,230,"14,8","0,0","11,8",23:48,"17,8",13:50,,,,,,,,,
2019-01-31,6143X,COÍN,MALAGA,230,"15,5","2,4","11,6",03:28,"19,4",14:34,,,,,,,,,
2019-02-01,6143X,COÍN,MALAGA,230,"12,6","6,0","8,5",22:12,"16,8",11:51,,,,,,,,,
2019-02-02,6143X,COÍN,MALAGA,230,"11,6","0,0","8,6",06:27,"14,5",14:37,,,,,,,,,
2019-02-03,6143X,COÍN,MALAGA,230,"9,5","0,0","4,3",06:47,"14,7",15:48,,,,,,,,,
2019-02-04,6143X,COÍN,MALAGA,230,"12,2","0,0","4,6",07:46,"19,7",14:53,,,,,,,,,
2019-02-05,6143X,COÍN,MALAGA,230,"13,9","0,0","5,1",05:29,"22,7",16:18,,,,,,,,,
2019-02-06,6143X,COÍN,MALAGA,230,"14,8","0,0","6,4",06:48,"23,1",15:04,,,,,,,,,
2019-02-07,6143X,COÍN,MALAGA,230,"15,8","0,0","8,8",03:03,"22,7",15:33,,,,,,,,,
2019-02-08,6143X,COÍN,MALAGA,230,"14,0","0,0","7,2",06:48,"20,7",14:13,,,,,,,,,
2019-02-09,6143X,COÍN,MALAGA,230,"15,0","0,0","7,1",07:15,"22,8",14:16,,,,,,,,,
2019-02-10,6143X,COÍN,MALAGA,230,"13,2","0,0","7,1",07:17,"19,4",12:43,,,,,,,,,
2019-02-11,6143X,COÍN,MALAGA,230,"16,7","0,0","10,5",06:51,"22,9",15:19,,,,,,,,,
2019-02-12,6143X,COÍN,MALAGA,230,"11,2","0,0","8,6",23:33,"13,8",15:45,,,,,,,,,
2019-02-13,6143X,COÍN,MALAGA,230,"11,6","0,0","7,7",07:07,"15,6",13:49,,,,,,,,,
2019-02-14,6143X,COÍN,MALAGA,230,"12,2","0,0","8,9",20:06,"15,5",13:50,,,,,,,,,
2019-02-15,6143X,COÍN,MALAGA,230,"12,4","0,0","10,3",21:14,"14,6",14:20,,,,,,,,,
2019-02-16,6143X,COÍN,MALAGA,230,"13,2","0,0","10,4",06:53,"15,9",15:42,,,,,,,,,
2019-02-17,6143X,COÍN,MALAGA,230,"13,0","0,0","8,8",07:08,"17,2",15:41,,,,,,,,,
2019-02-18,6143X,COÍN,MALAGA,230,"12,8","0,0","8,8",00:16,"16,9",14:47,,,,,,,,,
2019-02-19,6143X,COÍN,MALAGA,230,"13,8","0,0","9,3",07:36,"18,3",10:45,,,,,,,,,
2019-02-20,6143X,COÍN,MALAGA,230,"13,8","0,0","9,8",20:52,"17,8",15:59,,,,,,,,,
2019-02-21,6143X,COÍN,MALAGA,230,"12,8","0,0","9,3",22:11,"16,3",15:35,,,,,,,,,
2019-02-22,6143X,COÍN,MALAGA,230,"14,7","0,0","8,0",05:26,"21,4",15:48,,,,,,,,,
2019-02-23,6143X,COÍN,MALAGA,230,"16,7","0,0","7,5",03:44,"25,9",14:27,,,,,,,,,
2019-02-24,6143X,COÍN,MALAGA,230,"14,8","0,0","9,5",05:50,"20,1",12:33,,,,,,,,,
2019-02-25,6143X,COÍN,MALAGA,230,"13,8","0,0","8,8",23:29,"18,7",15:47,,,,,,,,,
2019-02-26,6143X,COÍN,MALAGA,230,"13,8","0,0","6,7",06:56,"20,9",14:47,,,,,,,,,
2019-02-27,6143X,COÍN,MALAGA,230,"14,8","0,0","6,9",07:19,"22,6",15:49,,,,,,,,,
2019-02-28,6143X,COÍN,MALAGA,230,"17,3","0,0","8,8",06:52,"25,8",13:52,,,,,,,,,
2019-03-01,6143X,COÍN,MALAGA,230,"18,4","0,0","10,1",04:40,"26,6",14:05,,,,,,,,,
2019-03-02,6143X,COÍN,MALAGA,230,"18,6","0,0","9,8",06:20,"27,3",15:50,,,,,,,,,
2019-03-03,6143X,COÍN,MALAGA,230,"17,4","0,0","10,2",07:12,"24,6",12:27,,,,,,,,,
2019-03-04,6143X,COÍN,MALAGA,230,"18,0","0,0","10,4",06:21,"25,7",15:50,,,,,,,,,
2019-03-05,6143X,COÍN,MALAGA,230,"18,0","0,0","12,2",07:13,"23,9",11:59,,,,,,,,,
2019-03-06,6143X,COÍN,MALAGA,230,"15,0","0,4","11,0",24:00,"19,1",15:55,,,,,,,,,
2019-03-07,6143X,COÍN,MALAGA,230,"14,3","0,0","7,9",05:22,"20,7",14:45,,,,,,,,,
2019-03-08,6143X,COÍN,MALAGA,230,"14,2","0,0","7,0",05:56,"21,3",13:35,,,,,,,,,
2019-03-09,6143X,COÍN,MALAGA,230,"14,8","0,0","8,3",06:25,"21,4",11:22,,,,,,,,,
2019-03-10,6143X,COÍN,MALAGA,230,"16,5","0,0","8,9",06:32,"24,1",15:52,,,,,,,,,
2019-03-11,6143X,COÍN,MALAGA,230,"21,1","0,0","11,8",03:57,"30,4",14:18,,,,,,,,,
2019-03-12,6143X,COÍN,MALAGA,230,"17,2","0,0","10,2",04:08,"24,1",15:51,,,,,,,,,
2019-03-13,6143X,COÍN,MALAGA,230,"18,0","0,0","12,1",06:08,"23,9",15:53,,,,,,,,,
2019-03-14,6143X,COÍN,MALAGA,230,"16,7","0,0","10,2",23:46,"23,2",15:53,,,,,,,,,
2019-03-15,6143X,COÍN,MALAGA,230,"17,0","0,0","8,1",06:36,"26,0",15:54,,,,,,,,,
2019-03-16,6143X,COÍN,MALAGA,230,"18,0","0,0","10,3",06:47,"25,7",15:54,,,,,,,,,
2019-03-17,6143X,COÍN,MALAGA,230,"19,3","0,0","10,4",04:27,"28,2",15:56,,,,,,,,,
2019-03-18,6143X,COÍN,MALAGA,230,"16,0","0,0","11,8",06:27,"20,3",15:13,,,,,,,,,
2019-03-19,6143X,COÍN,MALAGA,230,"18,1","1,0","12,7",05:54,"23,5",14:27,,,,,,,,,
2019-03-20,6143X,COÍN,MALAGA,230,"14,0","2,8","10,7",06:56,"17,3",13:55,,,,,,,,,
2019-03-21,6143X,COÍN,MALAGA,230,"12,6","0,0","7,6",06:25,"17,7",13:21,,,,,,,,,
2019-03-22,6143X,COÍN,MALAGA,230,"14,2","0,0","8,8",06:29,"19,5",15:55,,,,,,,,,
2019-03-23,6143X,COÍN,MALAGA,230,"14,0","0,0","9,1",Varias,"19,0",15:58,,,,,,,,,
2019-03-24,6143X,COÍN,MALAGA,230,"15,8","0,4","12,4",22:36,"19,2",14:07,,,,,,,,,
2019-03-25,6143X,COÍN,MALAGA,230,"16,0","0,0","10,7",06:17,"21,4",16:02,,,,,,,,,
2019-03-26,6143X,COÍN,MALAGA,230,"17,4","0,0","13,5",01:00,"21,3",11:01,,,,,,,,,
2019-03-27,6143X,COÍN,MALAGA,230,"15,0","0,0","12,0",06:05,"17,9",15:59,,,,,,,,,
2019-03-28,6143X,COÍN,MALAGA,230,"14,8","0,0","10,2",05:11,"19,3",13:39,,,,,,,,,
2019-03-29,6143X,COÍN,MALAGA,230,"14,2","0,0","10,8",01:00,"17,6",15:57,,,,,,,,,
2019-03-30,6143X,COÍN,MALAGA,230,"14,6","5,4","12,0",06:01,"17,3",11:06,,,,,,,,,
2019-03-31,6143X,COÍN,MALAGA,230,"16,0","8,8","11,5",05:32,"20,5",12:17,,,,,,,,,
2019-04-01,6143X,COÍN,MALAGA,230,"15,4","0,0","10,3",03:27,"20,5",16:08,,,,,,,,,
2019-04-02,6143X,COÍN,MALAGA,230,"16,8","0,0","9,1",05:30,"24,5",12:39,,,,,,,,,
2019-04-03,6143X,COÍN,MALAGA,230,,"0,0",,,,,,,,,,,,,
2019-04-04,6143X,COÍN,MALAGA,230,"15,6","0,6","9,9",05:40,"21,2",12:06,,,,,,,,,
2019-04-05,6143X,COÍN,MALAGA,230,"13,8","5,4","10,4",07:58,"17,1",15:59,,,,,,,,,
2019-04-06,6143X,COÍN,MALAGA,230,"12,6","1,4","8,6",05:56,"16,5",14:22,,,,,,,,,
2019-04-07,6143X,COÍN,MALAGA,230,"14,6","0,0","9,6",05:50,"19,6",13:29,,,,,,,,,
2019-04-08,6143X,COÍN,MALAGA,230,"15,7","0,0","10,4",06:18,"21,0",13:15,,,,,,,,,
2019-04-09,6143X,COÍN,MALAGA,230,"16,1","0,0","11,2",04:07,"21,0",14:54,,,,,,,,,
2019-04-10,6143X,COÍN,MALAGA,230,"16,2","0,0","11,5",Varias,"21,0",16:05,,,,,,,,,
2019-04-11,6143X,COÍN,MALAGA,230,"16,5","0,0","10,3",05:40,"22,7",13:52,,,,,,,,,
2019-04-12,6143X,COÍN,MALAGA,230,"18,3","0,0","10,2",05:14,"26,4",16:03,,,,,,,,,
2019-04-13,6143X,COÍN,MALAGA,230,"19,4","0,0","11,0",05:30,"27,7",16:02,,,,,,,,,
2019-04-14,6143X,COÍN,MALAGA,230,"20,6","0,0","12,8",05:34,"28,4",16:03,,,,,,,,,
2019-04-15,6143X,COÍN,MALAGA,230,"21,8","0,0","13,9",04:28,"29,6",16:03,,,,,,,,,
2019-04-16,6143X,COÍN,MALAGA,230,"18,8","0,0","12,4",05:24,"25,1",11:09,,,,,,,,,
2019-04-17,6143X,COÍN,MALAGA,230,"15,6","2,6","12,2",02:43,"19,0",12:28,,,,,,,,,
2019-04-18,6143X,COÍN,MALAGA,230,"15,2","4,0","10,4",22:02,"20,0",15:24,,,,,,,,,
2019-04-19,6143X,COÍN,MALAGA,230,"15,6","0,0","9,4",03:58,"21,7",11:19,,,,,,,,,
2019-04-20,6143X,COÍN,MALAGA,230,"16,5","0,0","9,7",02:52,"23,3",14:41,,,,,,,,,
2019-04-21,6143X,COÍN,MALAGA,230,"16,6","2,4","10,7",05:40,"22,5",11:53,,,,,,,,,
2019-04-22,6143X,COÍN,MALAGA,230,"18,3","1,0","11,7",01:24,"24,9",14:57,,,,,,,,,
2019-04-23,6143X,COÍN,MALAGA,230,"15,6","0,2","11,0",08:47,"20,1",14:45,,,,,,,,,
2019-04-24,6143X,COÍN,MALAGA,230,"13,9","0,0","8,7",05:13,"19,1",15:39,,,,,,,,,
2019-04-25,6143X,COÍN,MALAGA,230,"17,8","0,0","13,5",23:58,"22,0",16:35,,,,,,,,,
2019-04-26,6143X,COÍN,MALAGA,230,"17,9","0,0","10,3",04:15,"25,5",16:11,,,,,,,,,
2019-04-27,6143X,COÍN,MALAGA,230,"17,5","0,0","10,9",05:24,"24,1",14:04,,,,,,,,,
2019-04-28,6143X,COÍN,MALAGA,230,"18,0","0,0","11,8",03:10,"24,2",12:18,,,,,,,,,
2019-04-29,6143X,COÍN,MALAGA,230,"18,8","0,0","11,9",04:40,"25,7",14:33,,,,,,,,,
2019-04-30,6143X,COÍN,MALAGA,230,"18,2","0,0","11,4",05:21,"25,0",16:13,,,,,,,,,
2019-05-01,6143X,COÍN,MALAGA,230,"19,8","0,0","13,6",00:01,"26,1",17:13,,,,,,,,,
2019-05-02,6143X,COÍN,MALAGA,230,"19,7","0,0","12,7",04:16,"26,7",12:17,,,,,,,,,
2019-05-03,6143X,COÍN,MALAGA,230,"18,6","0,0","12,7",05:24,"24,6",16:09,,,,,,,,,
2019-05-04,6143X,COÍN,MALAGA,230,"20,4","0,0","15,1",00:26,"25,6",16:13,,,,,,,,,
2019-05-05,6143X,COÍN,MALAGA,230,"22,2","0,0","13,6",05:36,"30,8",14:14,,,,,,,,,
2019-05-06,6143X,COÍN,MALAGA,230,"22,0","0,0","14,4",05:18,"29,6",11:37,,,,,,,,,
2019-05-07,6143X,COÍN,MALAGA,230,"21,4","0,0","14,8",05:18,"28,1",16:15,,,,,,,,,
2019-05-08,6143X,COÍN,MALAGA,230,"23,3","0,0","15,6",05:23,"31,0",15:09,,,,,,,,,
2019-05-09,6143X,COÍN,MALAGA,230,"23,3","0,0","16,9",05:43,"29,7",16:19,,,,,,,,,
2019-05-10,6143X,COÍN,MALAGA,230,"25,4","0,0","16,6",05:13,"34,2",14:44,,,,,,,,,
2019-05-11,6143X,COÍN,MALAGA,230,"25,9","0,0","19,4",05:18,"32,4",12:00,,,,,,,,,
2019-05-12,6143X,COÍN,MALAGA,230,"21,2","0,0","16,0",23:57,"26,4",16:13,,,,,,,,,
2019-05-13,6143X,COÍN,MALAGA,230,"19,8","0,0","13,9",04:22,"25,6",15:06,,,,,,,,,
2019-05-14,6143X,COÍN,MALAGA,230,"20,6","0,0","14,8",23:55,"26,3",16:14,,,,,,,,,
2019-05-15,6143X,COÍN,MALAGA,230,"24,8","0,0","12,5",05:29,"37,1",16:16,,,,,,,,,
2019-05-16,6143X,COÍN,MALAGA,230,"22,4","0,0","17,3",05:44,"27,4",18:04,,,,,,,,,
2019-05-17,6143X,COÍN,MALAGA,230,"20,2","0,0","15,1",Varias,"25,4",15:25,,,,,,,,,
2019-05-18,6143X,COÍN,MALAGA,230,"19,4","0,0","14,1",05:28,"24,6",15:30,,,,,,,,,
2019-05-19,6143X,COÍN,MALAGA,230,"21,0","0,0","15,3",05:38,"26,8",16:52,,,,,,,,,
2019-05-20,6143X,COÍN,MALAGA,230,"21,8","0,0","14,8",05:13,"28,9",16:23,,,,,,,,,
2019-05-21,6143X,COÍN,MALAGA,230,"23,2","0,0","16,0",05:17,"30,5",15:36,,,,,,,,,
2019-05-22,6143X,COÍN,MALAGA,230,"20,9","0,0","14,6",04:23,"27,2",11:44,,,,,,,,,
2019-05-23,6143X,COÍN,MALAGA,230,"22,6","0,0","14,9",04:09,"30,2",16:26,,,,,,,,,
2019-05-24,6143X,COÍN,MALAGA,230,"24,6","0,0","16,8",05:16,"32,5",14:46,,,,,,,,,
2019-05-25,6143X,COÍN,MALAGA,230,"20,0","0,0","15,6",23:47,"24,4",14:35,,,,,,,,,
2019-05-26,6143X,COÍN,MALAGA,230,"20,1","0,0","13,6",04:42,"26,6",16:20,,,,,,,,,
2019-05-27,6143X,COÍN,MALAGA,230,"24,0","0,0","14,8",04:56,"33,2",17:27,,,,,,,,,
2019-05-28,6143X,COÍN,MALAGA,230,"24,7","0,0","18,5",Varias,"30,9",10:13,,,,,,,,,
2019-05-29,6143X,COÍN,MALAGA,230,"20,8","0,0","16,5",23:58,"25,2",13:47,,,,,,,,,
2019-05-30,6143X,COÍN,MALAGA,230,"20,1","0,0","15,0",05:00,"25,2",17:16,,,,,,,,,
2019-05-31,6143X,COÍN,MALAGA,230,"21,2","0,0","14,6",02:29,"27,7",16:55,,,,,,,,,
2019-06-01,6143X,COÍN,MALAGA,230,"21,4","0,0","14,9",04:40,"28,0",15:45,,,,,,,,,
2019-06-02,6143X,COÍN,MALAGA,230,"21,4","0,0","15,0",Varias,"27,7",14:18,,,,,,,,,
2019-06-03,6143X,COÍN,MALAGA,230,"22,4","0,0","15,3",05:15,"29,6",15:07,,,,,,,,,
2019-06-04,6143X,COÍN,MALAGA,230,"25,7","0,0","16,6",01:29,"34,8",15:47,,,,,,,,,
2019-06-05,6143X,COÍN,MALAGA,230,"23,0","0,0","17,7",23:52,"28,2",16:50,,,,,,,,,
2019-06-06,6143X,COÍN,MALAGA,230,"21,5","0,0","15,2",Varias,"27,8",11:03,,,,,,,,,
2019-06-07,6143X,COÍN,MALAGA,230,"23,5","0,0","15,8",03:58,"31,2",16:27,,,,,,,,,
2019-06-08,6143X,COÍN,MALAGA,230,"21,7","0,0","15,7",04:45,"27,7",15:17,,,,,,,,,
2019-06-09,6143X,COÍN,MALAGA,230,"24,5","0,0","17,6",05:12,"31,4",17:35,,,,,,,,,
2019-06-10,6143X,COÍN,MALAGA,230,"25,0","0,0","17,8",05:16,"32,1",16:28,,,,,,,,,
2019-06-11,6143X,COÍN,MALAGA,230,"23,9","0,0","16,7",05:17,"31,1",14:31,,,,,,,,,
2019-06-12,6143X,COÍN,MALAGA,230,"20,6","0,0","16,5",23:56,"24,6",17:35,,,,,,,,,
2019-06-13,6143X,COÍN,MALAGA,230,"21,1","0,0","15,9",Varias,"26,3",14:13,,,,,,,,,
2019-06-14,6143X,COÍN,MALAGA,230,"21,8","0,0","15,9",05:16,"27,7",Varias,,,,,,,,,
2019-06-15,6143X,COÍN,MALAGA,230,"24,7","0,0","14,8",04:01,"34,6",16:33,,,,,,,,,
2019-06-16,6143X,COÍN,MALAGA,230,"21,3","0,0","15,2",03:55,"27,4",14:40,,,,,,,,,
2019-06-17,6143X,COÍN,MALAGA,230,"22,4","0,0","15,3",04:45,"29,4",14:52,,,,,,,,,
2019-06-18,6143X,COÍN,MALAGA,230,"24,4","0,0","16,3",04:29,"32,5",16:30,,,,,,,,,
2019-06-19,6143X,COÍN,MALAGA,230,"26,2","0,0","17,2",04:46,"35,2",16:34,,,,,,,,,
2019-06-20,6143X,COÍN,MALAGA,230,"26,2","0,0","18,1",04:16,"34,3",16:30,,,,,,,,,
2019-06-21,6143X,COÍN,MALAGA,230,"27,0","0,0","18,7",05:17,"35,2",15:44,,,,,,,,,
2019-06-22,6143X,COÍN,MALAGA,230,"22,8","0,0","17,3",05:19,"28,4",16:31,,,,,,,,,
2019-06-23,6143X,COÍN,MALAGA,230,"23,2","0,0","17,6",04:00,"28,8",15:19,,,,,,,,,
2019-06-24,6143X,COÍN,MALAGA,230,"24,2","0,0","17,7",04:41,"30,6",16:31,,,,,,,,,
2019-06-25,6143X,COÍN,MALAGA,230,"25,3","0,0","18,7",05:21,"31,9",10:57,,,,,,,,,
2019-06-26,6143X,COÍN,MALAGA,230,"24,6","0,0","18,8",04:53,"30,4",16:32,,,,,,,,,
2019-06-27,6143X,COÍN,MALAGA,230,"25,1","0,0","19,9",04:22,"30,3",15:01,,,,,,,,,
2019-06-28,6143X,COÍN,MALAGA,230,"27,2","0,0","20,1",04:30,"34,3",15:06,,,,,,,,,
2019-06-29,6143X,COÍN,MALAGA,230,"28,0","0,0","21,0",05:09,"34,9",16:31,,,,,,,,,
2019-06-30,6143X,COÍN,MALAGA,230,"27,7","0,0","20,7",04:56,"34,7",16:28,,,,,,,,,
2019-07-01,6143X,COÍN,MALAGA,230,"29,5","0,0","21,1",05:18,"37,9",17:50,,,,,,,,,
2019-07-02,6143X,COÍN,MALAGA,230,"26,2","0,0","21,4",05:17,"31,0",09:35,,,,,,,,,
2019-07-03,6143X,COÍN,MALAGA,230,"24,3","0,0","19,4",04:50,"29,2",11:34,,,,,,,,,
2019-07-04,6143X,COÍN,MALAGA,230,"25,4","0,0","19,5",04:52,"31,4",15:15,,,,,,,,,
2019-07-05,6143X,COÍN,MALAGA,230,"25,7","0,0","19,5",05:00,"31,9",15:00,,,,,,,,,
2019-07-06,6143X,COÍN,MALAGA,230,"26,4","0,0","20,6",04:27,"32,3",13:30,,,,,,,,,
2019-07-07,6143X,COÍN,MALAGA,230,"28,6","0,0","21,5",05:35,"35,7",14:41,,,,,,,,,
2019-07-08,6143X,COÍN,MALAGA,230,"26,2","0,0","19,6",02:46,"32,8",16:36,,,,,,,,,
2019-07-09,6143X,COÍN,MALAGA,230,"26,6","0,0","18,1",04:50,"35,0",16:31,,,,,,,,,
2019-07-10,6143X,COÍN,MALAGA,230,"26,4","0,0","19,9",04:14,"32,8",17:05,,,,,,,,,
2019-07-11,6143X,COÍN,MALAGA,230,"27,4","0,0","20,1",05:17,"34,8",15:47,,,,,,,,,
2019-07-12,6143X,COÍN,MALAGA,230,"29,2","0,0","21,7",04:14,"36,7",14:52,,,,,,,,,
2019-07-13,6143X,COÍN,MALAGA,230,"30,6","0,0","22,5",05:42,"38,7",16:33,,,,,,,,,
2019-07-14,6143X,COÍN,MALAGA,230,"29,4","0,0","20,7",04:53,"38,0",16:30,,,,,,,,,
2019-07-15,6143X,COÍN,MALAGA,230,"32,4","0,0","23,7",05:02,"41,2",16:30,,,,,,,,,
2019-07-16,6143X,COÍN,MALAGA,230,"28,3","0,0","22,4",23:09,"34,2",16:29,,,,,,,,,
2019-07-17,6143X,COÍN,MALAGA,230,"26,8","0,0","19,8",05:12,"33,8",16:39,,,,,,,,,
2019-07-18,6143X,COÍN,MALAGA,230,"27,8","0,0","20,9",05:18,"34,6",15:52,,,,,,,,,
2019-07-19,6143X,COÍN,MALAGA,230,"25,8","0,0","19,4",05:21,"32,1",16:40,,,,,,,,,
2019-07-20,6143X,COÍN,MALAGA,230,"29,5","0,0","21,5",03:53,"37,5",11:15,,,,,,,,,
2019-07-21,6143X,COÍN,MALAGA,230,"27,2","0,0","22,0",05:09,"32,3",14:23,,,,,,,,,
2019-07-22,6143X,COÍN,MALAGA,230,"28,1","0,0","22,5",05:35,"33,7",12:31,,,,,,,,,
2019-07-23,6143X,COÍN,MALAGA,230,"28,0","0,0","22,3",05:28,"33,6",14:27,,,,,,,,,
2019-07-24,6143X,COÍN,MALAGA,230,"27,6","0,0","20,6",05:29,"34,5",14:09,,,,,,,,,
2019-07-25,6143X,COÍN,MALAGA,230,"27,8","0,0","21,6",05:21,"33,9",15:05,,,,,,,,,
2019-07-26,6143X,COÍN,MALAGA,230,"28,8","0,0","20,8",04:51,"36,9",13:32,,,,,,,,,
2019-07-27,6143X,COÍN,MALAGA,230,"26,8","0,0","21,5",04:42,"32,2",14:17,,,,,,,,,
2019-07-28,6143X,COÍN,MALAGA,230,"27,0","0,0","19,8",05:21,"34,3",16:25,,,,,,,,,
2019-07-29,6143X,COÍN,MALAGA,230,"30,1","0,0","20,7",05:33,"39,5",16:23,,,,,,,,,
2019-07-30,6143X,COÍN,MALAGA,230,"29,0","0,0","22,3",05:31,"35,7",11:33,,,,,,,,,
2019-07-31,6143X,COÍN,MALAGA,230,"26,2","0,0","22,2",02:03,"30,2",14:47,,,,,,,,,
2019-08-01,6143X,COÍN,MALAGA,230,"28,4","0,0","22,9",04:10,"34,0",16:25,,,,,,,,,
2019-08-02,6143X,COÍN,MALAGA,230,"28,1","0,0","21,1",03:10,"35,1",10:37,,,,,,,,,
2019-08-03,6143X,COÍN,MALAGA,230,"26,6","0,0","20,8",04:26,"32,5",12:31,,,,,,,,,
2019-08-04,6143X,COÍN,MALAGA,230,"28,6","0,0","21,5",02:49,"35,6",11:18,,,,,,,,,
2019-08-05,6143X,COÍN,MALAGA,230,"28,6","0,0","21,4",05:26,"35,7",10:54,,,,,,,,,
2019-08-06,6143X,COÍN,MALAGA,230,"30,4","0,0","22,5",05:31,"38,4",16:21,,,,,,,,,
2019-08-07,6143X,COÍN,MALAGA,230,"31,2","0,0","23,0",06:08,"39,4",15:52,,,,,,,,,
2019-08-08,6143X,COÍN,MALAGA,230,"30,8","0,0","23,4",05:13,"38,1",12:01,,,,,,,,,
2019-08-09,6143X,COÍN,MALAGA,230,"31,2","0,0","22,1",05:42,"40,4",16:20,,,,,,,,,
2019-08-10,6143X,COÍN,MALAGA,230,"32,8","0,0","25,1",05:31,"40,5",16:16,,,,,,,,,
2019-08-11,6143X,COÍN,MALAGA,230,"30,8","0,0","23,5",05:52,"38,1",16:19,,,,,,,,,
2019-08-12,6143X,COÍN,MALAGA,230,"30,4","0,0","21,9",04:35,"38,9",16:19,,,,,,,,,
2019-08-13,6143X,COÍN,MALAGA,230,"26,5","0,0","21,6",04:40,"31,4",13:00,,,,,,,,,
2019-08-14,6143X,COÍN,MALAGA,230,"27,6","0,0","22,7",24:00,"32,6",16:15,,,,,,,,,
2019-08-15,6143X,COÍN,MALAGA,230,"27,2","0,0","20,7",05:14,"33,7",13:49,,,,,,,,,
2019-08-16,6143X,COÍN,MALAGA,230,"27,8","0,0","21,5",05:11,"34,0",16:14,,,,,,,,,
2019-08-17,6143X,COÍN,MALAGA,230,"28,2","0,0","20,4",05:21,"36,1",16:12,,,,,,,,,
2019-08-18,6143X,COÍN,MALAGA,230,"29,9","0,0","22,2",04:37,"37,6",16:11,,,,,,,,,
2019-08-19,6143X,COÍN,MALAGA,230,"31,0","0,0","23,1",05:43,"39,0",15:05,,,,,,,,,
2019-08-20,6143X,COÍN,MALAGA,230,"27,0","0,0","21,4",05:12,"32,7",12:44,,,,,,,,,
2019-08-21,6143X,COÍN,MALAGA,230,"27,6","0,0","24,2",00:01,"31,1",16:12,,,,,,,,,
2019-08-22,6143X,COÍN,MALAGA,230,"26,2","0,0","22,7",23:49,"29,8",16:08,,,,,,,,,
2019-08-23,6143X,COÍN,MALAGA,230,"25,6","0,0","21,2",Varias,"30,1",13:15,,,,,,,,,
2019-08-24,6143X,COÍN,MALAGA,230,"25,5","0,0","20,0",05:32,"31,0",16:10,,,,,,,,,
2019-08-25,6143X,COÍN,MALAGA,230,"25,2","0,0","19,7",05:16,"30,6",16:09,,,,,,,,,
2019-08-26,6143X,COÍN,MALAGA,230,"25,8","0,6","22,6",23:47,"29,1",16:04,,,,,,,,,
2019-08-27,6143X,COÍN,MALAGA,230,"27,2","0,0","20,0",05:53,"34,5",14:39,,,,,,,,,
2019-08-28,6143X,COÍN,MALAGA,230,"25,8","0,0","19,4",05:58,"32,2",14:32,,,,,,,,,
2019-08-29,6143X,COÍN,MALAGA,230,"27,0","0,0","21,1",01:54,"32,8",14:34,,,,,,,,,
2019-08-30,6143X,COÍN,MALAGA,230,"26,6","0,0","20,4",03:54,"32,8",16:01,,,,,,,,,
2019-08-31,6143X,COÍN,MALAGA,230,"26,4","0,0","20,1",05:42,"32,6",14:06,,,,,,,,,
2019-09-01,6143X,COÍN,MALAGA,230,"26,8","0,0","19,9",04:54,"33,6",16:00,,,,,,,,,
2019-09-02,6143X,COÍN,MALAGA,230,"26,5","0,0","20,9",04:22,"32,1",11:37,,,,,,,,,
2019-09-03,6143X,COÍN,MALAGA,230,"26,0","0,0","20,6",05:22,"31,4",14:35,,,,,,,,,
2019-09-04,6143X,COÍN,MALAGA,230,"25,4","0,0","20,3",05:41,"30,5",12:38,,,,,,,,,
2019-09-05,6143X,COÍN,MALAGA,230,"26,7","0,0","22,2",05:55,"31,2",11:08,,,,,,,,,
2019-09-06,6143X,COÍN,MALAGA,230,"26,7","0,0","21,2",24:00,"32,2",15:57,,,,,,,,,
2019-09-07,6143X,COÍN,MALAGA,230,"24,9","0,0","21,1",01:30,"28,7",11:14,,,,,,,,,
2019-09-08,6143X,COÍN,MALAGA,230,"24,6","0,0","20,6",Varias,"28,6",16:19,,,,,,,,,
2019-09-09,6143X,COÍN,MALAGA,230,"24,8","0,0","19,4",06:04,"30,2",14:00,,,,,,,,,
2019-09-10,6143X,COÍN,MALAGA,230,"25,1","0,0","20,2",06:21,"30,0",15:52,,,,,,,,,
2019-09-11,6143X,COÍN,MALAGA,230,"24,6","0,0","18,4",06:05,"30,7",15:54,,,,,,,,,
2019-09-12,6143X,COÍN,MALAGA,230,"22,6","0,0","17,0",03:16,"28,1",15:49,,,,,,,,,
2019-09-13,6143X,COÍN,MALAGA,230,"22,7","112,2","18,0",06:02,"27,4",11:38,,,,,,,,,
2019-09-14,6143X,COÍN,MALAGA,230,"20,2","19,8","16,5",00:52,"23,9",17:07,,,,,,,,,
2019-09-15,6143X,COÍN,MALAGA,230,"24,6","0,0","20,2",03:54,"29,1",15:47,,,,,,,,,
2019-09-16,6143X,COÍN,MALAGA,230,"24,9","0,0","19,3",06:07,"30,5",11:40,,,,,,,,,
2019-09-17,6143X,COÍN,MALAGA,230,"25,2","0,0","19,6",05:55,"30,8",14:57,,,,,,,,,
2019-09-18,6143X,COÍN,MALAGA,230,"24,6","0,0","18,0",Varias,"31,2",15:50,,,,,,,,,
2019-09-19,6143X,COÍN,MALAGA,230,"23,8","0,0","18,1",06:11,"29,4",14:32,,,,,,,,,
2019-09-20,6143X,COÍN,MALAGA,230,"22,6","0,0","19,5",01:55,"25,6",12:07,,,,,,,,,
2019-09-21,6143X,COÍN,MALAGA,230,"24,0","0,0","20,1",04:46,"27,9",14:49,,,,,,,,,
2019-09-22,6143X,COÍN,MALAGA,230,"24,5","0,0","17,8",06:13,"31,2",14:00,,,,,,,,,
2019-09-23,6143X,COÍN,MALAGA,230,"23,6","0,0","16,9",04:13,"30,4",12:30,,,,,,,,,
2019-09-24,6143X,COÍN,MALAGA,230,,"0,0",,,,,,,,,,,,,
2019-09-25,6143X,COÍN,MALAGA,230,"27,6","0,0","19,4",06:08,"35,8",15:39,,,,,,,,,
2019-09-26,6143X,COÍN,MALAGA,230,"25,8","0,0","18,5",05:40,"33,0",15:37,,,,,,,,,
2019-09-27,6143X,COÍN,MALAGA,230,"24,6","0,0","17,5",06:02,"31,7",15:38,,,,,,,,,
2019-09-28,6143X,COÍN,MALAGA,230,"24,7","0,0","16,9",05:53,"32,5",15:37,,,,,,,,,
2019-09-29,6143X,COÍN,MALAGA,230,"24,2","0,0","17,5",05:52,"30,8",15:35,,,,,,,,,
2019-09-30,6143X,COÍN,MALAGA,230,"26,1","0,0","18,2",Varias,"34,0",13:32,,,,,,,,,
2019-10-01,6143X,COÍN,MALAGA,230,"26,6","0,0","18,4",05:51,"34,8",15:32,,,,,,,,,
2019-10-02,6143X,COÍN,MALAGA,230,"25,4","0,0","17,6",06:44,"33,2",15:30,,,,,,,,,
2019-10-03,6143X,COÍN,MALAGA,230,"25,5","0,0","16,7",04:44,"34,3",15:32,,,,,,,,,
2019-10-04,6143X,COÍN,MALAGA,230,"24,8","0,0","17,3",06:09,"32,3",15:29,,,,,,,,,
2019-10-05,6143X,COÍN,MALAGA,230,"25,2","0,0","17,3",04:41,"33,1",13:59,,,,,,,,,
2019-10-06,6143X,COÍN,MALAGA,230,"27,2","0,0","17,8",06:10,"36,5",15:30,,,,,,,,,
2019-10-07,6143X,COÍN,MALAGA,230,"27,4","0,0","18,6",04:59,"36,1",14:30,,,,,,,,,
2019-10-08,6143X,COÍN,MALAGA,230,"23,8","0,0","18,3",05:46,"29,4",15:27,,,,,,,,,
2019-10-09,6143X,COÍN,MALAGA,230,"23,4","0,0","16,5",05:18,"30,3",15:25,,,,,,,,,
2019-10-10,6143X,COÍN,MALAGA,230,"22,2","0,0","16,1",04:38,"28,4",15:27,,,,,,,,,
2019-10-11,6143X,COÍN,MALAGA,230,"23,0","0,0","19,0",23:22,"26,9",15:21,,,,,,,,,
2019-10-12,6143X,COÍN,MALAGA,230,"23,4","0,0","17,9",23:44,"28,8",15:23,,,,,,,,,
2019-10-13,6143X,COÍN,MALAGA,230,"23,1","0,2","16,6",06:39,"29,6",15:22,,,,,,,,,
2019-10-14,6143X,COÍN,MALAGA,230,"21,0","0,0","16,4",22:40,"25,7",15:16,,,,,,,,,
2019-10-15,6143X,COÍN,MALAGA,230,"18,2","0,0","12,5",06:37,"24,0",16:02,,,,,,,,,
2019-10-16,6143X,COÍN,MALAGA,230,"18,5","0,0","10,7",06:33,"26,3",15:21,,,,,,,,,
2019-10-17,6143X,COÍN,MALAGA,230,"21,0","0,0","12,1",06:12,"29,9",15:20,,,,,,,,,
2019-10-18,6143X,COÍN,MALAGA,230,"23,3","0,0","14,7",06:19,"31,9",15:19,,,,,,,,,
2019-10-19,6143X,COÍN,MALAGA,230,"21,3","0,2","15,3",06:15,"27,3",11:57,,,,,,,,,
2019-10-20,6143X,COÍN,MALAGA,230,"17,8","0,0","11,8",23:21,"23,8",14:03,,,,,,,,,
2019-10-21,6143X,COÍN,MALAGA,230,"16,2","0,0","10,1",05:32,"22,3",11:47,,,,,,,,,
2019-10-22,6143X,COÍN,MALAGA,230,"16,3","0,0","10,6",06:12,"22,0",11:05,,,,,,,,,
2019-10-23,6143X,COÍN,MALAGA,230,,"0,0",,,,,,,,,,,,,
2019-10-24,6143X,COÍN,MALAGA,230,,"0,0",,,,,,,,,,,,,
2019-10-25,6143X,COÍN,MALAGA,230,,"0,0",,,,,,,,,,,,,
2019-10-26,6143X,COÍN,MALAGA,230,"18,8","0,0","11,7",06:07,"25,9",11:48,,,,,,,,,
2019-10-27,6143X,COÍN,MALAGA,230,"18,4","0,0","12,4",04:08,"24,4",12:06,,,,,,,,,
2019-10-28,6143X,COÍN,MALAGA,230,"18,8","0,0","13,1",04:22,"24,6",15:18,,,,,,,,,
2019-10-29,6143X,COÍN,MALAGA,230,"21,2","0,0","14,4",03:43,"27,9",14:39,,,,,,,,,
2019-10-30,6143X,COÍN,MALAGA,230,"21,8","0,0","15,9",06:50,"27,7",15:03,,,,,,,,,
2019-10-31,6143X,COÍN,MALAGA,230,"22,8","0,0","17,8",06:30,"27,8",15:56,,,,,,,,,
2019-11-01,6143X,COÍN,MALAGA,230,"24,0","0,0","20,0",06:47,"28,1",14:10,,,,,,,,,
2019-11-02,6143X,COÍN,MALAGA,230,"20,6","1,6","17,0",22:22,"24,2",15:56,,,,,,,,,
2019-11-03,6143X,COÍN,MALAGA,230,"20,2","0,0","16,4",03:12,"24,1",12:13,,,,,,,,,
2019-11-04,6143X,COÍN,MALAGA,230,"21,2","0,0","15,7",03:23,"26,7",14:12,,,,,,,,,
2019-11-05,6143X,COÍN,MALAGA,230,"17,6","0,0","14,3",07:08,"20,8",12:16,,,,,,,,,
2019-11-06,6143X,COÍN,MALAGA,230,"16,0","0,0","11,4",05:25,"20,7",14:21,,,,,,,,,
2019-11-07,6143X,COÍN,MALAGA,230,"17,0","0,4","11,8",06:49,"22,1",15:13,,,,,,,,,
2019-11-08,6143X,COÍN,MALAGA,230,"14,8","0,0","11,2",24:00,"18,4",15:37,,,,,,,,,
2019-11-09,6143X,COÍN,MALAGA,230,"13,8","0,0","7,6",05:36,"19,9",15:37,,,,,,,,,
2019-11-10,6143X,COÍN,MALAGA,230,"16,1","0,0","13,5",01:47,"18,7",14:10,,,,,,,,,
2019-11-11,6143X,COÍN,MALAGA,230,"15,3","0,0","12,2",06:33,"18,4",12:07,,,,,,,,,
2019-11-12,6143X,COÍN,MALAGA,230,"16,2","0,0","12,0",07:14,"20,3",14:04,,,,,,,,,
2019-11-13,6143X,COÍN,MALAGA,230,"18,2","0,0","12,8",22:33,"23,5",16:03,,,,,,,,,
2019-11-14,6143X,COÍN,MALAGA,230,"14,0","0,0","10,1",06:15,"17,9",09:53,,,,,,,,,
2019-11-15,6143X,COÍN,MALAGA,230,"11,0","0,0","7,4",23:02,"14,6",14:31,,,,,,,,,
2019-11-16,6143X,COÍN,MALAGA,230,"10,8","0,0","4,6",06:53,"17,0",15:28,,,,,,,,,
2019-11-17,6143X,COÍN,MALAGA,230,"11,2","0,0","6,4",05:52,"16,1",14:31,,,,,,,,,
2019-11-18,6143X,COÍN,MALAGA,230,"12,8","0,0","9,1",23:58,"16,6",03:23,,,,,,,,,
2019-11-19,6143X,COÍN,MALAGA,230,"13,6","0,0","7,5",07:41,"19,8",14:48,,,,,,,,,
2019-11-20,6143X,COÍN,MALAGA,230,"9,7","0,2","6,7",06:53,"12,7",17:04,,,,,,,,,
2019-11-21,6143X,COÍN,MALAGA,230,"11,6","4,2","8,9",00:01,"14,2",13:20,,,,,,,,,
2019-11-22,6143X,COÍN,MALAGA,230,"15,6","4,4","12,3",00:01,"19,0",16:18,,,,,,,,,
2019-11-23,6143X,COÍN,MALAGA,230,"15,2","0,0","12,7",23:59,"17,6",13:32,,,,,,,,,
2019-11-24,6143X,COÍN,MALAGA,230,"14,0","0,0","8,4",07:04,"19,5",13:58,,,,,,,,,
2019-11-25,6143X,COÍN,MALAGA,230,"16,4","0,0","9,5",04:57,"23,2",15:41,,,,,,,,,
2019-11-26,6143X,COÍN,MALAGA,230,"18,8","0,0","12,8",07:04,"24,9",14:24,,,,,,,,,
2019-11-27,6143X,COÍN,MALAGA,230,"17,6","0,0","12,9",07:47,"22,3",11:33,,,,,,,,,
2019-11-28,6143X,COÍN,MALAGA,230,"16,3","0,0","10,5",07:08,"22,1",14:45,,,,,,,,,
2019-11-29,6143X,COÍN,MALAGA,230,"17,4","0,0","11,3",04:32,"23,6",14:41,,,,,,,,,
2019-11-30,6143X,COÍN,MALAGA,230,"16,1","0,0","9,9",06:16,"22,3",14:58,,,,,,,,,
2019-12-01,6143X,COÍN,MALAGA,230,"15,0","0,4","10,0",22:59,"19,9",12:03,,,,,,,,,
2019-12-02,6143X,COÍN,MALAGA,230,"11,2","20,0","9,2",04:05,"13,2",11:32,,,,,,,,,
2019-12-03,6143X,COÍN,MALAGA,230,"14,7","0,2","10,8",07:31,"18,6",14:09,,,,,,,,,
2019-12-04,6143X,COÍN,MALAGA,230,"14,8","0,0","9,2",23:03,"20,5",13:40,,,,,,,,,
2019-12-05,6143X,COÍN,MALAGA,230,"12,4","0,0","7,9",06:07,"16,9",11:53,,,,,,,,,
2019-12-06,6143X,COÍN,MALAGA,230,"14,9","0,0","8,9",05:14,"20,9",13:57,,,,,,,,,
2019-12-07,6143X,COÍN,MALAGA,230,"14,6","0,0","9,9",23:51,"19,3",11:55,,,,,,,,,
2019-12-08,6143X,COÍN,MALAGA,230,"15,4","0,0","8,1",Varias,"22,8",14:42,,,,,,,,,
2019-12-09,6143X,COÍN,MALAGA,230,"15,8","0,0","11,5",23:04,"20,1",12:09,,,,,,,,,
2019-12-10,6143X,COÍN,MALAGA,230,"15,1","0,0","7,6",07:46,"22,6",14:21,,,,,,,,,
2019-12-11,6143X,COÍN,MALAGA,230,"15,4","0,0","9,4",06:51,"21,4",12:07,,,,,,,,,
2019-12-12,6143X,COÍN,MALAGA,230,"12,4","0,0","8,2",07:07,"16,7",14:51,,,,,,,,,
2019-12-13,6143X,COÍN,MALAGA,230,"16,3","0,0","13,4",06:50,"19,2",14:33,,,,,,,,,
2019-12-14,6143X,COÍN,MALAGA,230,"14,4","0,0","9,9",Varias,"18,8",13:22,,,,,,,,,
2019-12-15,6143X,COÍN,MALAGA,230,"14,2","0,0","8,6",07:47,"19,8",Varias,,,,,,,,,
2019-12-16,6143X,COÍN,MALAGA,230,"12,8","9,0","9,1",07:39,"16,6",15:25,,,,,,,,,
2019-12-17,6143X,COÍN,MALAGA,230,"11,8","0,0","7,0",23:31,"16,5",15:04,,,,,,,,,
2019-12-18,6143X,COÍN,MALAGA,230,"11,8","0,0","6,0",04:29,"17,5",13:59,,,,,,,,,
2019-12-19,6143X,COÍN,MALAGA,230,"12,4","16,4","9,0",00:13,"15,9",24:00,,,,,,,,,
2019-12-20,6143X,COÍN,MALAGA,230,"17,4","3,6","15,7",00:12,"19,1",13:25,,,,,,,,,
2019-12-21,6143X,COÍN,MALAGA,230,"17,8","0,2","14,2",24:00,"21,3",11:53,,,,,,,,,
2019-12-22,6143X,COÍN,MALAGA,230,"16,6","0,0","10,9",08:00,"22,3",14:59,,,,,,,,,
2019-12-23,6143X,COÍN,MALAGA,230,"18,0","0,0","10,8",07:35,"25,2",15:25,,,,,,,,,
2019-12-24,6143X,COÍN,MALAGA,230,"17,0","0,0","9,2",06:50,"24,9",15:27,,,,,,,,,
2019-12-25,6143X,COÍN,MALAGA,230,"18,2","0,0","11,3",04:06,"25,1",15:25,,,,,,,,,
2019-12-26,6143X,COÍN,MALAGA,230,"17,6","0,0","11,3",23:36,"24,0",15:14,,,,,,,,,
2019-12-27,6143X,COÍN,MALAGA,230,"13,8","0,0","10,3",23:53,"17,2",11:51,,,,,,,,,
2019-12-28,6143X,COÍN,MALAGA,230,"14,2","0,0","8,5",06:34,"19,8",14:09,,,,,,,,,
2019-12-29,6143X,COÍN,MALAGA,230,"13,2","0,0","9,2",20:09,"17,1",15:01,,,,,,,,,
2019-12-30,6143X,COÍN,MALAGA,230,,"0,0",,,,,,,,,,,,,
2019-12-31,6143X,COÍN,MALAGA,230,"11,4","0,0","7,3",Varias,"15,6",16:14,,,,,,,,,
2020-01-01,6143X,COÍN,MALAGA,230,"12,7","0,0","7,6",00:52,"17,8",12:44,,,,,,,,,
2020-01-02,6143X,COÍN,MALAGA,230,"12,6","0,0","7,8",23:57,"17,3",15:39,,,,,,,,,
2020-01-03,6143X,COÍN,MALAGA,230,"12,7","0,0","6,5",05:35,"18,9",14:46,,,,,,,,,
2020-01-04,6143X,COÍN,MALAGA,230,"10,5","0,0","6,5",03:40,"14,5",14:17,,,,,,,,,
2020-01-05,6143X,COÍN,MALAGA,230,"11,8","0,0","7,8",Varias,"15,7",14:24,,,,,,,,,
2020-01-06,6143X,COÍN,MALAGA,230,"12,6","0,0","7,5",Varias,"17,6",15:10,,,,,,,,,
2020-01-07,6143X,COÍN,MALAGA,230,"12,0","0,0","5,6",07:23,"18,5",14:45,,,,,,,,,
2020-01-08,6143X,COÍN,MALAGA,230,"12,7","0,0","6,1",Varias,"19,3",14:57,,,,,,,,,
2020-01-09,6143X,COÍN,MALAGA,230,"12,8","0,0","8,2",23:30,"17,3",13:35,,,,,,,,,
2020-01-10,6143X,COÍN,MALAGA,230,"11,8","0,0","7,3",04:25,"16,4",13:31,,,,,,,,,
2020-01-11,6143X,COÍN,MALAGA,230,"12,4","0,0","5,5",07:20,"19,3",13:35,,,,,,,,,
2020-01-12,6143X,COÍN,MALAGA,230,"13,2","0,0","7,1",07:52,"19,2",14:36,,,,,,,,,
2020-01-13,6143X,COÍN,MALAGA,230,"11,8","0,0","6,2",06:24,"17,4",13:54,,,,,,,,,
2020-01-14,6143X,COÍN,MALAGA,230,"11,8","0,0","6,0",07:40,"17,6",15:13,,,,,,,,,
2020-01-15,6143X,COÍN,MALAGA,230,"13,6","0,0","6,2",07:27,"20,9",14:17,,,,,,,,,
2020-01-16,6143X,COÍN,MALAGA,230,"12,5","0,0","6,2",07:00,"18,8",12:56,,,,,,,,,
2020-01-17,6143X,COÍN,MALAGA,230,"13,8","0,0","7,1",06:26,"20,4",13:32,,,,,,,,,
2020-01-18,6143X,COÍN,MALAGA,230,"13,0","0,8","8,8",04:49,"17,1",12:59,,,,,,,,,
2020-01-19,6143X,COÍN,MALAGA,230,"11,4","0,4","8,5",21:59,"14,4",13:06,,,,,,,,,
2020-01-20,6143X,COÍN,MALAGA,230,"7,4","2,2","5,5",08:06,"9,2",11:53,,,,,,,,,
2020-01-21,6143X,COÍN,MALAGA,230,"9,2","7,2","5,9",03:57,"12,5",14:16,,,,,,,,,
2020-01-22,6143X,COÍN,MALAGA,230,"9,3","14,6","7,5",05:38,"11,1",11:04,,,,,,,,,
2020-01-23,6143X,COÍN,MALAGA,230,"7,8","170,6","5,5",10:22,"10,0",03:55,,,,,,,,,
2020-01-24,6143X,COÍN,MALAGA,230,"10,3","75,0","8,1",00:41,"12,5",20:51,,,,,,,,,
2020-01-25,6143X,COÍN,MALAGA,230,"11,2","1,0","7,6",23:48,"14,7",14:13,,,,,,,,,
2020-01-26,6143X,COÍN,MALAGA,230,"12,6","0,0","7,4",07:30,"17,9",14:27,,,,,,,,,
2020-01-27,6143X,COÍN,MALAGA,230,"12,2","0,0","6,1",07:04,"18,3",15:50,,,,,,,,,
2020-01-28,6143X,COÍN,MALAGA,230,"14,6","0,0","9,2",01:08,"20,0",14:33,,,,,,,,,
2020-01-29,6143X,COÍN,MALAGA,230,"16,2","0,0","8,9",03:54,"23,4",15:30,,,,,,,,,
2020-01-30,6143X,COÍN,MALAGA,230,"15,2","0,0","8,7",07:05,"21,7",13:23,,,,,,,,,
2020-01-31,6143X,COÍN,MALAGA,230,"16,6","0,0","9,9",05:52,"23,3",15:35,,,,,,,,,
2020-02-01,6143X,COÍN,MALAGA,230,"16,8","0,0","11,8",05:47,"21,7",13:05,,,,,,,,,
2020-02-02,6143X,COÍN,MALAGA,230,"17,8","0,0","10,6",07:21,"24,9",15:02,,,,,,,,,
2020-02-03,6143X,COÍN,MALAGA,230,"18,8","0,0","10,7",05:22,"27,0",15:35,,,,,,,,,
2020-02-04,6143X,COÍN,MALAGA,230,"19,6","0,0","11,7",07:02,"27,6",13:06,,,,,,,,,
2020-02-05,6143X,COÍN,MALAGA,230,"14,0","0,0","9,5",04:12,"18,6",14:45,,,,,,,,,
2020-02-06,6143X,COÍN,MALAGA,230,"13,2","0,0","11,5",20:35,"15,0",13:29,,,,,,,,,
2020-02-07,6143X,COÍN,MALAGA,230,"14,6","0,0","11,4",Varias,"17,9",12:08,,,,,,,,,
2020-02-08,6143X,COÍN,MALAGA,230,"14,8","0,0","9,5",07:27,"20,2",12:56,,,,,,,,,
2020-02-09,6143X,COÍN,MALAGA,230,"15,8","0,0","9,6",05:49,"22,1",14:50,,,,,,,,,
2020-02-10,6143X,COÍN,MALAGA,230,"15,6","0,0","8,6",06:24,"22,6",13:39,,,,,,,,,
2020-02-11,6143X,COÍN,MALAGA,230,"17,7","0,0","9,4",06:22,"26,0",15:10,,,,,,,,,
2020-02-12,6143X,COÍN,MALAGA,230,"17,0","0,0","10,7",07:08,"23,3",14:30,,,,,,,,,
2020-02-13,6143X,COÍN,MALAGA,230,"16,6","0,0","10,8",06:21,"22,5",14:44,,,,,,,,,
2020-02-14,6143X,COÍN,MALAGA,230,"15,4","0,0","9,0",06:44,"21,8",13:40,,,,,,,,,
2020-02-15,6143X,COÍN,MALAGA,230,"15,4","0,0","9,4",04:33,"21,3",12:34,,,,,,,,,
2020-02-16,6143X,COÍN,MALAGA,230,"15,2","0,0","7,1",06:18,"23,3",16:03,,,,,,,,,
2020-02-17,6143X,COÍN,MALAGA,230,"17,0","0,0","10,2",07:14,"23,8",14:29,,,,,,,,,
2020-02-18,6143X,COÍN,MALAGA,230,"13,7","1,4","11,9",07:20,"15,5",10:01,,,,,,,,,
2020-02-19,6143X,COÍN,MALAGA,230,"14,0","0,2","11,8",22:30,"16,2",15:33,,,,,,,,,
2020-02-20,6143X,COÍN,MALAGA,230,"14,2","0,0","9,8",Varias,"18,7",14:59,,,,,,,,,
2020-02-21,6143X,COÍN,MALAGA,230,"12,4","0,0","9,3",05:19,"15,4",16:41,,,,,,,,,
2020-02-22,6143X,COÍN,MALAGA,230,"15,8","0,0","9,4",23:57,"22,1",14:44,,,,,,,,,
2020-02-23,6143X,COÍN,MALAGA,230,"13,3","0,0","7,3",07:03,"19,3",13:40,,,,,,,,,
2020-02-24,6143X,COÍN,MALAGA,230,"15,1","0,0","5,1",Varias,"25,1",15:01,,,,,,,,,
2020-02-25,6143X,COÍN,MALAGA,230,"17,4","0,0","10,3",06:50,"24,4",14:53,,,,,,,,,
2020-02-26,6143X,COÍN,MALAGA,230,"18,1","0,0","11,9",06:23,"24,3",15:49,,,,,,,,,
2020-02-27,6143X,COÍN,MALAGA,230,"17,0","0,0","9,3",07:01,"24,8",15:49,,,,,,,,,
2020-02-28,6143X,COÍN,MALAGA,230,"16,2","0,0","8,5",07:08,"24,0",15:48,,,,,,,,,
2020-02-29,6143X,COÍN,MALAGA,230,"17,0","0,0","8,8",04:49,"25,1",15:49,,,,,,,,,
2020-03-01,6143X,COÍN,MALAGA,230,"19,6","0,4","13,6",04:48,"25,7",15:50,,,,,,,,,
2020-03-02,6143X,COÍN,MALAGA,230,"18,7","0,0","13,8",00:23,"23,6",12:42,,,,,,,,,
2020-03-03,6143X,COÍN,MALAGA,230,"16,0","0,0","10,5",04:46,"21,5",15:50,,,,,,,,,
2020-03-04,6143X,COÍN,MALAGA,230,"18,0","0,0","11,3",06:45,"24,6",15:52,,,,,,,,,
2020-03-05,6143X,COÍN,MALAGA,230,"16,8","0,0","11,1",05:46,"22,5",13:40,,,,,,,,,
2020-03-06,6143X,COÍN,MALAGA,230,"17,2","0,0","11,5",05:21,"22,9",15:51,,,,,,,,,
2020-03-07,6143X,COÍN,MALAGA,230,"15,6","0,0","8,2",06:30,"23,0",14:06,,,,,,,,,
2020-03-08,6143X,COÍN,MALAGA,230,"16,4","0,0","7,8",07:02,"25,1",15:52,,,,,,,,,
2020-03-09,6143X,COÍN,MALAGA,230,"19,2","0,0","11,0",06:42,"27,4",15:53,,,,,,,,,
2020-03-10,6143X,COÍN,MALAGA,230,"18,3","0,0","12,0",23:45,"24,6",12:35,,,,,,,,,
2020-03-11,6143X,COÍN,MALAGA,230,"20,9","0,0","10,9",03:44,"30,9",15:53,,,,,,,,,
2020-03-12,6143X,COÍN,MALAGA,230,"21,0","0,0","12,6",04:46,"29,3",15:53,,,,,,,,,
2020-03-13,6143X,COÍN,MALAGA,230,"20,1","0,0","13,5",22:30,"26,7",15:55,,,,,,,,,
2020-03-14,6143X,COÍN,MALAGA,230,"16,7","0,0","11,6",23:41,"21,8",15:53,,,,,,,,,
2020-03-15,6143X,COÍN,MALAGA,230,"16,8","0,0","11,3",01:00,"22,4",14:54,,,,,,,,,
2020-03-16,6143X,COÍN,MALAGA,230,"14,9","0,6","10,2",23:58,"19,6",15:55,,,,,,,,,
2020-03-17,6143X,COÍN,MALAGA,230,"13,1","0,2","8,1",07:01,"18,1",14:43,,,,,,,,,
2020-03-18,6143X,COÍN,MALAGA,230,"17,6","0,0","14,2",05:40,"21,1",15:36,,,,,,,,,
2020-03-19,6143X,COÍN,MALAGA,230,"16,2","0,0","13,9",23:47,"18,6",16:37,,,,,,,,,
2020-03-20,6143X,COÍN,MALAGA,230,"16,2","25,6","13,1",Varias,"19,3",14:16,,,,,,,,,
2020-03-21,6143X,COÍN,MALAGA,230,"13,0","0,0","9,5",06:45,"16,4",12:38,,,,,,,,,
2020-03-22,6143X,COÍN,MALAGA,230,"12,1","4,0","8,9",23:56,"15,3",10:20,,,,,,,,,
2020-03-23,6143X,COÍN,MALAGA,230,"11,2","2,0","7,6",02:58,"14,7",11:50,,,,,,,,,
2020-03-24,6143X,COÍN,MALAGA,230,"14,0","0,4","10,4",05:45,"17,7",16:17,,,,,,,,,
2020-03-25,6143X,COÍN,MALAGA,230,"11,7","4,2","9,0",23:18,"14,4",17:24,,,,,,,,,
2020-03-26,6143X,COÍN,MALAGA,230,"15,5","0,0","7,5",04:15,"23,5",15:58,,,,,,,,,
2020-03-27,6143X,COÍN,MALAGA,230,"13,6","0,2","9,9",03:50,"17,4",10:22,,,,,,,,,
2020-03-28,6143X,COÍN,MALAGA,230,"12,1","0,0","10,2",23:14,"14,0",09:35,,,,,,,,,
2020-03-29,6143X,COÍN,MALAGA,230,"14,3","0,0","8,4",06:13,"20,2",16:17,,,,,,,,,
2020-03-30,6143X,COÍN,MALAGA,230,"14,9","21,8","9,9",06:27,"19,9",12:17,,,,,,,,,
2020-03-31,6143X,COÍN,MALAGA,230,"14,4","11,6","11,2",02:15,"17,7",13:02,,,,,,,,,
2020-04-01,6143X,COÍN,MALAGA,230,"14,8","2,4","9,8",06:10,"19,9",15:33,,,,,,,,,
2020-04-02,6143X,COÍN,MALAGA,230,"12,6","0,0","7,8",06:41,"17,5",16:49,,,,,,,,,
2020-04-03,6143X,COÍN,MALAGA,230,"14,5","0,0","8,2",06:05,"20,8",13:48,,,,,,,,,
2020-04-04,6143X,COÍN,MALAGA,230,"14,2","0,2","10,0",01:42,"18,4",16:45,,,,,,,,,
2020-04-05,6143X,COÍN,MALAGA,230,"15,2","0,0","11,2",Varias,"19,3",14:00,,,,,,,,,
2020-04-06,6143X,COÍN,MALAGA,230,"14,8","0,0","10,0",03:47,"19,5",14:34,,,,,,,,,
2020-04-07,6143X,COÍN,MALAGA,230,"16,7","0,0","12,8",06:25,"20,6",16:04,,,,,,,,,
2020-04-08,6143X,COÍN,MALAGA,230,"16,4","0,0","12,2",02:53,"20,7",14:49,,,,,,,,,
2020-04-09,6143X,COÍN,MALAGA,230,"15,0","0,0","12,3",23:59,"17,7",11:58,,,,,,,,,
2020-04-10,6143X,COÍN,MALAGA,230,"15,4","0,0","9,8",04:58,"21,0",12:27,,,,,,,,,
2020-04-11,6143X,COÍN,MALAGA,230,"15,1","0,0","9,4",05:15,"20,8",12:47,,,,,,,,,
2020-04-12,6143X,COÍN,MALAGA,230,"15,2","0,0","13,2",Varias,"17,3",10:37,,,,,,,,,
2020-04-13,6143X,COÍN,MALAGA,230,"16,8","0,0","12,3",05:56,"21,4",16:55,,,,,,,,,
2020-04-14,6143X,COÍN,MALAGA,230,"16,2","18,6","11,2",03:52,"21,1",14:47,,,,,,,,,
2020-04-15,6143X,COÍN,MALAGA,230,"15,6","0,0","12,7",02:32,"18,5",15:00,,,,,,,,,
2020-04-16,6143X,COÍN,MALAGA,230,"16,6","0,0","13,1",24:00,"20,2",16:06,,,,,,,,,
2020-04-17,6143X,COÍN,MALAGA,230,"16,8","0,0","12,7",04:54,"21,0",11:17,,,,,,,,,
2020-04-18,6143X,COÍN,MALAGA,230,"17,2","0,0","12,5",05:29,"22,0",13:10,,,,,,,,,
2020-04-19,6143X,COÍN,MALAGA,230,"19,8","0,0","14,4",Varias,"25,2",16:05,,,,,,,,,
2020-04-20,6143X,COÍN,MALAGA,230,"17,2","0,0","10,8",22:36,"23,5",13:19,,,,,,,,,
2020-04-21,6143X,COÍN,MALAGA,230,"14,1","4,2","9,7",05:28,"18,5",17:29,,,,,,,,,
2020-04-22,6143X,COÍN,MALAGA,230,"18,5","0,0","10,9",05:47,"26,1",16:36,,,,,,,,,
2020-04-23,6143X,COÍN,MALAGA,230,"17,1","0,0","13,0",02:21,"21,2",17:07,,,,,,,,,
2020-04-24,6143X,COÍN,MALAGA,230,"16,6","0,0","13,0",05:32,"20,3",14:37,,,,,,,,,
2020-04-25,6143X,COÍN,MALAGA,230,"17,8","0,0","14,2",00:02,"21,4",10:30,,,,,,,,,
2020-04-26,6143X,COÍN,MALAGA,230,"18,0","0,0","12,6",04:29,"23,3",11:33,,,,,,,,,
2020-04-27,6143X,COÍN,MALAGA,230,"16,4","0,0","10,4",05:21,"22,5",16:55,,,,,,,,,
2020-04-28,6143X,COÍN,MALAGA,230,"18,2","0,2","11,5",03:54,"24,9",13:27,,,,,,,,,
2020-04-29,6143X,COÍN,MALAGA,230,"20,3","0,0","11,4",05:22,"29,2",16:11,,,,,,,,,
2020-04-30,6143X,COÍN,MALAGA,230,"19,1","0,0","11,3",05:41,"26,9",16:14,,,,,,,,,
2020-05-01,6143X,COÍN,MALAGA,230,"22,6","0,0","14,3",05:23,"31,0",16:09,,,,,,,,,
2020-05-02,6143X,COÍN,MALAGA,230,"24,8","0,0","17,2",04:29,"32,3",16:16,,,,,,,,,
2020-05-03,6143X,COÍN,MALAGA,230,"24,5","0,0","16,3",04:57,"32,7",14:24,,,,,,,,,
2020-05-04,6143X,COÍN,MALAGA,230,"23,6","0,0","16,7",05:17,"30,6",16:11,,,,,,,,,
2020-05-05,6143X,COÍN,MALAGA,230,"25,0","0,0","15,9",05:39,"34,0",16:11,,,,,,,,,
2020-05-06,6143X,COÍN,MALAGA,230,"25,1","0,0","15,9",05:20,"34,3",14:54,,,,,,,,,
2020-05-07,6143X,COÍN,MALAGA,230,"21,1","0,0","16,4",04:51,"25,8",16:13,,,,,,,,,
2020-05-08,6143X,COÍN,MALAGA,230,"20,3","0,0","16,3",24:00,"24,3",14:55,,,,,,,,,
2020-05-09,6143X,COÍN,MALAGA,230,"20,6","0,0","14,1",04:55,"27,0",16:57,,,,,,,,,
2020-05-10,6143X,COÍN,MALAGA,230,"18,4","0,0","13,8",04:48,"22,9",15:03,,,,,,,,,
2020-05-11,6143X,COÍN,MALAGA,230,"18,7","1,0","12,2",03:50,"25,2",16:19,,,,,,,,,
2020-05-12,6143X,COÍN,MALAGA,230,"16,4",,"11,7",07:32,"21,0",17:38,,,,,,,,,
2020-05-13,6143X,COÍN,MALAGA,230,"16,4",,"10,0",04:57,"22,9",13:02,,,,,,,,,
2020-05-14,6143X,COÍN,MALAGA,230,"15,4",,"11,3",05:34,"19,5",13:06,,,,,,,,,
2020-05-15,6143X,COÍN,MALAGA,230,"16,4",,"10,1",04:49,"22,6",13:17,,,,,,,,,
2020-05-16,6143X,COÍN,MALAGA,230,"17,6",,"12,1",05:22,"23,0",11:09,,,,,,,,,
2020-05-17,6143X,COÍN,MALAGA,230,"18,4",,"12,4",05:32,"24,4",13:10,,,,,,,,,
2020-05-18,6143X,COÍN,MALAGA,230,"20,4",,"13,0",04:16,"27,9",14:07,,,,,,,,,
2020-05-19,6143X,COÍN,MALAGA,230,"23,2",,"15,3",04:08,"31,0",11:21,,,,,,,,,
2020-05-20,6143X,COÍN,MALAGA,230,"26,6",,"17,5",02:54,"35,6",16:26,,,,,,,,,
2020-05-21,6143X,COÍN,MALAGA,230,"25,6",,"19,1",04:39,"32,1",10:04,,,,,,,,,
2020-05-22,6143X,COÍN,MALAGA,230,"26,0",,"18,7",05:01,"33,3",16:21,,,,,,,,,
2020-05-23,6143X,COÍN,MALAGA,230,"25,4",,"18,3",03:02,"32,5",12:00,,,,,,,,,
2020-05-24,6143X,COÍN,MALAGA,230,"22,0",,"17,2",23:53,"26,7",08:27,,,,,,,,,
2020-05-25,6143X,COÍN,MALAGA,230,"20,4",,"15,1",04:37,"25,6",12:11,,,,,,,,,
2020-05-26,6143X,COÍN,MALAGA,230,"20,4",,"15,0",04:39,"25,7",16:27,,,,,,,,,
2020-05-27,6143X,COÍN,MALAGA,230,"21,7",,"17,0",04:46,"26,4",13:29,,,,,,,,,
2020-05-28,6143X,COÍN,MALAGA,230,"21,4",,"17,4",03:26,"25,5",13:01,,,,,,,,,
2020-05-29,6143X,COÍN,MALAGA,230,"22,2",,"16,1",02:59,"28,3",14:55,,,,,,,,,
2020-05-30,6143X,COÍN,MALAGA,230,"21,9",,"14,9",05:14,"28,9",16:28,,,,,,,,,
2020-05-31,6143X,COÍN,MALAGA,230,"21,3",,"15,4",02:31,"27,2",10:33,,,,,,,,,
2020-06-01,6143X,COÍN,MALAGA,230,"21,7",,"14,8",04:39,"28,6",15:24,,,,,,,,,
2020-06-02,6143X,COÍN,MALAGA,230,"21,4",,"15,3",05:34,"27,6",16:19,,,,,,,,,
2020-06-03,6143X,COÍN,MALAGA,230,"25,2",,"16,2",04:33,"34,2",14:07,,,,,,,,,
2020-06-04,6143X,COÍN,MALAGA,230,"22,9",,"17,7",23:56,"28,1",09:27,,,,,,,,,
2020-06-05,6143X,COÍN,MALAGA,230,"24,1",,"15,9",03:09,"32,3",15:52,,,,,,,,,
2020-06-06,6143X,COÍN,MALAGA,230,"24,3",,"17,2",04:46,"31,4",16:21,,,,,,,,,
2020-06-07,6143X,COÍN,MALAGA,230,"23,3",,"18,3",02:12,"28,3",10:20,,,,,,,,,
2020-06-08,6143X,COÍN,MALAGA,230,"23,0",,"16,3",04:39,"29,7",14:49,,,,,,,,,
2020-06-09,6143X,COÍN,MALAGA,230,"22,0",,"15,6",04:51,"28,5",15:26,,,,,,,,,
2020-06-10,6143X,COÍN,MALAGA,230,"23,3",,"16,3",04:36,"30,3",14:51,,,,,,,,,
2020-06-11,6143X,COÍN,MALAGA,230,"22,0",,"15,6",04:53,"28,3",14:19,,,,,,,,,
2020-06-12,6143X,COÍN,MALAGA,230,"21,8",,"17,0",23:59,"26,7",13:01,,,,,,,,,
2020-06-13,6143X,COÍN,MALAGA,230,"21,5",,"14,5",04:50,"28,5",14:05,,,,,,,,,
2020-06-14,6143X,COÍN,MALAGA,230,"24,4",,"16,4",05:22,"32,4",16:32,,,,,,,,,
2020-06-15,6143X,COÍN,MALAGA,230,"25,6",,"16,2",04:46,"35,0",16:30,,,,,,,,,
2020-06-16,6143X,COÍN,MALAGA,230,"25,4",,"19,3",05:09,"31,5",15:27,,,,,,,,,
2020-06-17,6143X,COÍN,MALAGA,230,"26,6",,"19,4",05:14,"33,7",13:47,,,,,,,,,
2020-06-18,6143X,COÍN,MALAGA,230,"24,7",,"18,8",04:59,"30,6",16:52,,,,,,,,,
2020-06-19,6143X,COÍN,MALAGA,230,"24,2",,"17,0",05:19,"31,5",14:41,,,,,,,,,
2020-06-20,6143X,COÍN,MALAGA,230,"24,2",,"17,3",04:09,"31,1",15:45,,,,,,,,,
2020-06-21,6143X,COÍN,MALAGA,230,"27,4",,"19,5",Varias,"35,3",11:09,,,,,,,,,
2020-06-22,6143X,COÍN,MALAGA,230,"28,2",,"20,8",02:43,"35,5",15:50,,,,,,,,,
2020-06-23,6143X,COÍN,MALAGA,230,"27,4",,"19,8",02:44,"35,0",15:52,,,,,,,,,
2020-06-24,6143X,COÍN,MALAGA,230,"26,2",,"19,5",05:12,"33,0",14:34,,,,,,,,,
2020-06-25,6143X,COÍN,MALAGA,230,"25,0",,"18,5",05:13,"31,5",14:14,,,,,,,,,
2020-06-26,6143X,COÍN,MALAGA,230,"27,0",,"18,5",05:26,"35,4",14:09,,,,,,,,,
2020-06-27,6143X,COÍN,MALAGA,230,"29,4",,"19,7",05:21,"39,2",16:31,,,,,,,,,
2020-06-28,6143X,COÍN,MALAGA,230,"27,7",,"21,0",23:48,"34,4",14:24,,,,,,,,,
2020-06-29,6143X,COÍN,MALAGA,230,"27,6",,"20,2",04:45,"35,0",14:34,,,,,,,,,
2020-06-30,6143X,COÍN,MALAGA,230,"25,9",,"20,5",05:21,"31,3",13:08,,,,,,,,,
2020-07-01,6143X,COÍN,MALAGA,230,"29,4",,"19,4",04:45,"39,3",15:56,,,,,,,,,
2020-07-02,6143X,COÍN,MALAGA,230,"31,2",,"22,7",04:31,"39,8",15:05,,,,,,,,,
2020-07-03,6143X,COÍN,MALAGA,230,"27,7",,"22,1",05:25,"33,3",10:08,,,,,,,,,
2020-07-04,6143X,COÍN,MALAGA,230,"26,0",,"20,5",05:18,"31,5",16:28,,,,,,,,,
2020-07-05,6143X,COÍN,MALAGA,230,"26,0",,"19,0",04:14,"33,1",16:31,,,,,,,,,
2020-07-06,6143X,COÍN,MALAGA,230,"26,8",,"19,5",05:14,"34,2",12:31,,,,,,,,,
2020-07-07,6143X,COÍN,MALAGA,230,"29,2",,"21,6",03:35,"36,7",16:21,,,,,,,,,
2020-07-08,6143X,COÍN,MALAGA,230,"28,2",,"22,6",05:09,"33,8",10:44,,,,,,,,,
2020-07-09,6143X,COÍN,MALAGA,230,"27,2",,"20,7",03:55,"33,7",15:10,,,,,,,,,
2020-07-10,6143X,COÍN,MALAGA,230,"26,0",,"19,8",03:49,"32,2",10:56,,,,,,,,,
2020-07-11,6143X,COÍN,MALAGA,230,"26,0",,"20,4",04:26,"31,5",15:46,,,,,,,,,
2020-07-12,6143X,COÍN,MALAGA,230,"27,4",,"23,0",03:36,"31,7",14:34,,,,,,,,,
2020-07-13,6143X,COÍN,MALAGA,230,"26,6",,"21,2",04:11,"32,0",10:54,,,,,,,,,
2020-07-14,6143X,COÍN,MALAGA,230,"26,0",,"20,7",04:54,"31,2",09:42,,,,,,,,,
2020-07-15,6143X,COÍN,MALAGA,230,"26,3",,"20,5",04:03,"32,1",14:15,,,,,,,,,
2020-07-16,6143X,COÍN,MALAGA,230,"26,8",,"21,1",04:02,"32,6",14:08,,,,,,,,,
2020-07-17,6143X,COÍN,MALAGA,230,"26,2",,"20,0",04:55,"32,4",12:33,,,,,,,,,
2020-07-18,6143X,COÍN,MALAGA,230,"25,5",,"19,8",05:16,"31,2",16:37,,,,,,,,,
2020-07-19,6143X,COÍN,MALAGA,230,"27,0",,"20,5",04:52,"33,4",14:58,,,,,,,,,
2020-07-20,6143X,COÍN,MALAGA,230,"27,6",,"21,0",05:21,"34,2",10:52,,,,,,,,,
2020-07-21,6143X,COÍN,MALAGA,230,"27,4",,"23,4",23:48,"31,3",16:21,,,,,,,,,
2020-07-22,6143X,COÍN,MALAGA,230,"26,6",,"20,8",05:26,"32,3",15:18,,,,,,,,,
2020-07-23,6143X,COÍN,MALAGA,230,"27,6",,"21,2",05:19,"34,0",16:24,,,,,,,,,
2020-07-24,6143X,COÍN,MALAGA,230,"29,8",,"22,1",04:10,"37,6",17:00,,,,,,,,,
2020-07-25,6143X,COÍN,MALAGA,230,"29,6",,"21,9",05:26,"37,3",15:03,,,,,,,,,
2020-07-26,6143X,COÍN,MALAGA,230,"29,6",,"21,8",04:30,"37,3",11:54,,,,,,,,,
2020-07-27,6143X,COÍN,MALAGA,230,"29,0",,"23,1",01:36,"34,8",14:31,,,,,,,,,
2020-07-28,6143X,COÍN,MALAGA,230,"29,5",,"22,4",03:37,"36,6",10:44,,,,,,,,,
2020-07-29,6143X,COÍN,MALAGA,230,"28,4",,"22,6",05:29,"34,2",14:39,,,,,,,,,
2020-07-30,6143X,COÍN,MALAGA,230,"28,3",,"23,8",23:59,"32,8",11:46,,,,,,,,,
2020-07-31,6143X,COÍN,MALAGA,230,"29,4",,"22,1",05:10,"36,6",16:15,,,,,,,,,
2020-08-01,6143X,COÍN,MALAGA,230,"33,9",,"25,3",04:03,"42,5",16:18,,,,,,,,,
2020-08-02,6143X,COÍN,MALAGA,230,"35,6",,"27,1",05:00,"44,1",15:48,,,,,,,,,
2020-08-03,6143X,COÍN,MALAGA,230,"31,7",,"24,1",05:50,"39,3",16:22,,,,,,,,,
2020-08-04,6143X,COÍN,MALAGA,230,"28,4",,"24,4",05:47,"32,5",16:24,,,,,,,,,
2020-08-05,6143X,COÍN,MALAGA,230,"28,2",,"22,2",04:43,"34,1",13:40,,,,,,,,,
2020-08-06,6143X,COÍN,MALAGA,230,"28,4",,"22,2",04:06,"34,6",15:38,,,,,,,,,
2020-08-07,6143X,COÍN,MALAGA,230,"28,2",,"22,3",04:06,"34,2",16:21,,,,,,,,,
2020-08-08,6143X,COÍN,MALAGA,230,"29,2",,"21,8",01:59,"36,5",17:09,,,,,,,,,
2020-08-09,6143X,COÍN,MALAGA,230,"29,3",,"21,8",05:24,"36,8",11:33,,,,,,,,,
2020-08-10,6143X,COÍN,MALAGA,230,"29,4",,"23,7",Varias,"35,2",15:43,,,,,,,,,
2020-08-11,6143X,COÍN,MALAGA,230,"27,8",,"23,5",07:10,"32,0",15:47,,,,,,,,,
2020-08-12,6143X,COÍN,MALAGA,230,"27,4",,"21,4",05:09,"33,4",15:01,,,,,,,,,
2020-08-13,6143X,COÍN,MALAGA,230,"27,4",,"19,4",05:27,"35,5",16:56,,,,,,,,,
2020-08-14,6143X,COÍN,MALAGA,230,"29,0",,"21,1",05:18,"36,8",16:14,,,,,,,,,
2020-08-15,6143X,COÍN,MALAGA,230,"29,6",,"21,2",05:09,"37,9",16:15,,,,,,,,,
2020-08-16,6143X,COÍN,MALAGA,230,"27,9",,"20,5",05:53,"35,3",16:12,,,,,,,,,
2020-08-17,6143X,COÍN,MALAGA,230,"30,1",,"22,1",02:29,"38,1",16:13,,,,,,,,,
2020-08-18,6143X,COÍN,MALAGA,230,"29,6",,"22,3",05:34,"37,0",12:48,,,,,,,,,
2020-08-19,6143X,COÍN,MALAGA,230,"28,6",,"22,3",05:32,"34,8",16:12,,,,,,,,,
2020-08-20,6143X,COÍN,MALAGA,230,"28,4",,"21,5",05:44,"35,3",16:12,,,,,,,,,
2020-08-21,6143X,COÍN,MALAGA,230,"30,8",,"21,8",Varias,"39,8",16:11,,,,,,,,,
2020-08-22,6143X,COÍN,MALAGA,230,"32,2",,"22,3",05:29,"42,0",15:44,,,,,,,,,
2020-08-23,6143X,COÍN,MALAGA,230,"27,6",,"21,8",05:47,"33,4",14:30,,,,,,,,,
2020-08-24,6143X,COÍN,MALAGA,230,"27,0",,"22,2",04:07,"31,9",16:10,,,,,,,,,
2020-08-25,6143X,COÍN,MALAGA,230,"28,0",,"22,0",05:54,"33,9",16:08,,,,,,,,,
2020-08-26,6143X,COÍN,MALAGA,230,"28,2",,"20,8",05:50,"35,7",15:34,,,,,,,,,
2020-08-27,6143X,COÍN,MALAGA,230,"28,6",,"21,6",05:46,"35,7",16:05,,,,,,,,,
2020-08-28,6143X,COÍN,MALAGA,230,"30,2",,"21,9",03:30,"38,6",13:03,,,,,,,,,
2020-08-29,6143X,COÍN,MALAGA,230,"26,6",,"20,8",05:58,"32,5",16:03,,,,,,,,,
2020-08-30,6143X,COÍN,MALAGA,230,"24,4",,"19,1",05:18,"29,7",16:04,,,,,,,,,
2020-08-31,6143X,COÍN,MALAGA,230,"24,6",,"19,4",Varias,"29,8",16:08,,,,,,,,,
2020-09-01,6143X,COÍN,MALAGA,230,"23,0",,"17,4",Varias,"28,5",16:02,,,,,,,,,
2020-09-02,6143X,COÍN,MALAGA,230,"22,6",,"16,2",05:45,"29,1",12:55,,,,,,,,,
2020-09-03,6143X,COÍN,MALAGA,230,"24,8",,"18,2",05:44,"31,5",15:59,,,,,,,,,
2020-09-04,6143X,COÍN,MALAGA,230,"23,9",,"19,0",03:51,"28,8",15:56,,,,,,,,,
2020-09-05,6143X,COÍN,MALAGA,230,"24,4",,"19,5",02:27,"29,3",15:57,,,,,,,,,
2020-09-06,6143X,COÍN,MALAGA,230,"23,6",,"18,4",Varias,"28,9",14:55,,,,,,,,,
2020-09-07,6143X,COÍN,MALAGA,230,"26,2",,"18,3",05:30,"34,2",14:06,,,,,,,,,
2020-09-08,6143X,COÍN,MALAGA,230,"23,2",,"19,2",23:21,"27,3",15:55,,,,,,,,,
2020-09-09,6143X,COÍN,MALAGA,230,"23,8",,"17,6",05:09,"29,9",15:54,,,,,,,,,
2020-09-10,6143X,COÍN,MALAGA,230,"24,8",,"17,3",Varias,"32,2",11:36,,,,,,,,,
2020-09-11,6143X,COÍN,MALAGA,230,"25,6",,"17,6",06:02,"33,6",15:51,,,,,,,,,
2020-09-12,6143X,COÍN,MALAGA,230,"26,6",,"19,3",02:33,"33,8",15:01,,,,,,,,,
2020-09-13,6143X,COÍN,MALAGA,230,"26,8",,"22,1",02:52,"31,4",15:55,,,,,,,,,
2020-09-14,6143X,COÍN,MALAGA,230,"25,3",,"21,7",23:58,"28,9",15:47,,,,,,,,,
2020-09-15,6143X,COÍN,MALAGA,230,"26,4",,"19,3",06:04,"33,4",15:46,,,,,,,,,
2020-09-16,6143X,COÍN,MALAGA,230,"24,0",,"18,3",06:11,"29,8",14:11,,,,,,,,,
2020-09-17,6143X,COÍN,MALAGA,230,"25,3",,"21,4",19:37,"29,2",12:26,,,,,,,,,
2020-09-18,6143X,COÍN,MALAGA,230,"22,8",,"19,1",03:47,"26,4",15:44,,,,,,,,,
2020-09-19,6143X,COÍN,MALAGA,230,"22,6",,"16,6",06:22,"28,5",13:37,,,,,,,,,
2020-09-20,6143X,COÍN,MALAGA,230,"23,8",,"15,8",05:39,"31,9",14:25,,,,,,,,,
2020-09-21,6143X,COÍN,MALAGA,230,"26,7",,"18,8",02:38,"34,6",15:44,,,,,,,,,
2020-09-22,6143X,COÍN,MALAGA,230,"25,0",,"19,1",05:54,"30,9",15:42,,,,,,,,,
2020-09-23,6143X,COÍN,MALAGA,230,"26,8",,"19,2",06:16,"34,5",15:39,,,,,,,,,
2020-09-24,6143X,COÍN,MALAGA,230,"27,7",,"20,5",06:01,"34,9",15:38,,,,,,,,,
2020-09-25,6143X,COÍN,MALAGA,230,"26,6",,"20,7",23:56,"32,5",15:41,,,,,,,,,
2020-09-26,6143X,COÍN,MALAGA,230,"22,0",,"15,1",06:06,"29,0",16:58,,,,,,,,,
2020-09-27,6143X,COÍN,MALAGA,230,"25,8",,"17,9",23:35,"33,7",15:38,,,,,,,,,
2020-09-28,6143X,COÍN,MALAGA,230,"22,8",,"16,3",03:41,"29,3",15:34,,,,,,,,,
2020-09-29,6143X,COÍN,MALAGA,230,"22,1",,"15,8",04:55,"28,4",11:38,,,,,,,,,
2020-09-30,6143X,COÍN,MALAGA,230,"22,2",,"16,1",04:43,"28,3",11:31,,,,,,,,,
2020-10-01,6143X,COÍN,MALAGA,230,"25,8",,"17,2",06:26,"34,4",15:34,,,,,,,,,
2020-10-02,6143X,COÍN,MALAGA,230,"20,8",,"15,5",23:55,"26,0",15:30,,,,,,,,,
2020-10-03,6143X,COÍN,MALAGA,230,"19,4",,"12,7",06:25,"26,1",15:32,,,,,,,,,
2020-10-04,6143X,COÍN,MALAGA,230,"20,3",,"11,9",06:16,"28,7",15:30,,,,,,,,,
2020-10-05,6143X,COÍN,MALAGA,230,"20,8",,"14,7",06:10,"26,9",15:28,,,,,,,,,
2020-10-06,6143X,COÍN,MALAGA,230,"21,0",,"13,5",06:43,"28,5",13:50,,,,,,,,,
2020-10-07,6143X,COÍN,MALAGA,230,"23,0",,"14,0",04:22,"32,0",15:27,,,,,,,,,
2020-10-08,6143X,COÍN,MALAGA,230,"23,0",,"17,1",06:00,"28,8",15:26,,,,,,,,,
2020-10-09,6143X,COÍN,MALAGA,230,"21,0",,"15,0",05:57,"27,0",11:02,,,,,,,,,
2020-10-10,6143X,COÍN,MALAGA,230,"20,0",,"14,5",05:22,"25,5",15:25,,,,,,,,,
2020-10-11,6143X,COÍN,MALAGA,230,"20,5",,"14,6",04:56,"26,4",15:23,,,,,,,,,
2020-10-12,6143X,COÍN,MALAGA,230,"19,4",,"13,4",Varias,"25,4",15:22,,,,,,,,,
2020-10-13,6143X,COÍN,MALAGA,230,"19,4",,"11,1",06:19,"27,8",15:23,,,,,,,,,
2020-10-14,6143X,COÍN,MALAGA,230,"21,4",,"15,0",01:16,"27,8",15:21,,,,,,,,,
2020-10-15,6143X,COÍN,MALAGA,230,"19,0",,"11,9",06:05,"26,2",14:19,,,,,,,,,
2020-10-16,6143X,COÍN,MALAGA,230,"18,4",,"11,3",Varias,"25,5",15:22,,,,,,,,,
2020-10-17,6143X,COÍN,MALAGA,230,"18,0",,"10,7",06:01,"25,2",15:24,,,,,,,,,
2020-10-18,6143X,COÍN,MALAGA,230,"18,0",,"10,5",04:57,"25,6",15:21,,,,,,,,,
2020-10-19,6143X,COÍN,MALAGA,230,"18,8",,"12,4",Varias,"25,1",13:20,,,,,,,,,
2020-10-20,6143X,COÍN,MALAGA,230,"19,0",,"14,5",05:29,"23,4",12:20,,,,,,,,,
2020-10-21,6143X,COÍN,MALAGA,230,"19,0",,"16,0",23:56,"22,0",13:32,,,,,,,,,
2020-10-22,6143X,COÍN,MALAGA,230,"16,5",,"14,9",23:59,"18,1",16:10,,,,,,,,,
2020-10-23,6143X,COÍN,MALAGA,230,"18,2",,"12,1",06:48,"24,2",15:18,,,,,,,,,
2020-10-24,6143X,COÍN,MALAGA,230,"18,8",,"11,6",06:44,"26,0",14:50,,,,,,,,,
2020-10-25,6143X,COÍN,MALAGA,230,"18,8",,"11,0",06:41,"26,7",14:50,,,,,,,,,
2020-10-26,6143X,COÍN,MALAGA,230,"16,2",,"11,6",23:59,"20,7",13:23,,,,,,,,,
2020-10-27,6143X,COÍN,MALAGA,230,"15,2",,"9,1",06:53,"21,4",13:36,,,,,,,,,
2020-10-28,6143X,COÍN,MALAGA,230,"18,2",,"11,0",05:17,"25,5",13:15,,,,,,,,,
2020-10-29,6143X,COÍN,MALAGA,230,"19,0",,"11,9",06:28,"26,2",14:57,,,,,,,,,
2020-10-30,6143X,COÍN,MALAGA,230,"18,8",,"12,6",06:41,"24,9",13:07,,,,,,,,,
2020-10-31,6143X,COÍN,MALAGA,230,"20,2",,"13,3",04:03,"27,2",13:06,,,,,,,,,
2020-11-01,6143X,COÍN,MALAGA,230,"20,4",,"13,2",02:28,"27,5",15:48,,,,,,,,,
2020-11-02,6143X,COÍN,MALAGA,230,"20,4",,"13,2",04:17,"27,7",15:10,,,,,,,,,
2020-11-03,6143X,COÍN,MALAGA,230,"18,0",,"12,2",03:50,"23,8",15:22,,,,,,,,,
2020-11-04,6143X,COÍN,MALAGA,230,"16,0",,"13,8",00:13,"18,1",14:05,,,,,,,,,
2020-11-05,6143X,COÍN,MALAGA,230,"18,4",,"15,4",04:51,"21,4",14:53,,,,,,,,,
2020-11-06,6143X,COÍN,MALAGA,230,"21,4",,"15,4",24:00,"27,3",13:55,,,,,,,,,
2020-11-07,6143X,COÍN,MALAGA,230,"18,1",,"13,4",23:44,"22,8",13:23,,,,,,,,,
2020-11-08,6143X,COÍN,MALAGA,230,"17,2",,"11,8",03:34,"22,7",14:28,,,,,,,,,
2020-11-09,6143X,COÍN,MALAGA,230,"17,8",,"11,8",06:02,"23,7",13:07,,,,,,,,,
2020-11-10,6143X,COÍN,MALAGA,230,"18,2",,"12,3",07:00,"24,0",14:32,,,,,,,,,
2020-11-11,6143X,COÍN,MALAGA,230,"17,2",,"13,1",00:01,"21,4",14:22,,,,,,,,,
2020-11-12,6143X,COÍN,MALAGA,230,"16,4",,"13,4",05:22,"19,3",14:07,,,,,,,,,
2020-11-13,6143X,COÍN,MALAGA,230,"17,4",,"14,1",04:45,"20,8",11:59,,,,,,,,,
2020-11-14,6143X,COÍN,MALAGA,230,"15,8",,"13,8",23:55,"17,9",12:48,,,,,,,,,
2020-11-15,6143X,COÍN,MALAGA,230,"19,4",,"13,3",06:56,"25,6",13:29,,,,,,,,,
2020-11-16,6143X,COÍN,MALAGA,230,"21,4",,"14,4",05:38,"28,5",14:13,,,,,,,,,
2020-11-17,6143X,COÍN,MALAGA,230,"19,0",,"14,4",04:46,"23,5",11:43,,,,,,,,,
2020-11-18,6143X,COÍN,MALAGA,230,,,,,,,,,,,,,,,
2020-11-19,6143X,COÍN,MALAGA,230,"17,6",,"13,8",00:01,"21,3",14:50,,,,,,,,,
2020-11-20,6143X,COÍN,MALAGA,230,,,,,,,,,,,,,,,
2020-11-21,6143X,COÍN,MALAGA,230,"16,4",,"12,7",02:10,"20,2",14:56,,,,,,,,,
2020-11-22,6143X,COÍN,MALAGA,230,"14,6",,"10,2",20:50,"19,1",14:34,,,,,,,,,
2020-11-23,6143X,COÍN,MALAGA,230,"14,4",,"9,8",03:02,"19,0",11:57,,,,,,,,,
2020-11-24,6143X,COÍN,MALAGA,230,"14,1",,"9,2",04:13,"19,0",13:26,,,,,,,,,
2020-11-25,6143X,COÍN,MALAGA,230,"13,5",,"10,8",17:20,"16,2",14:00,,,,,,,,,
2020-11-26,6143X,COÍN,MALAGA,230,"11,4",,"8,9",20:37,"14,0",00:01,,,,,,,,,
2020-11-27,6143X,COÍN,MALAGA,230,"12,2",,"9,0",07:32,"15,3",12:56,,,,,,,,,
2020-11-28,6143X,COÍN,MALAGA,230,"14,3",,"9,3",Varias,"19,3",14:39,,,,,,,,,
2020-11-29,6143X,COÍN,MALAGA,230,"15,0",,"11,2",23:31,"18,8",14:36,,,,,,,,,
2020-11-30,6143X,COÍN,MALAGA,230,"15,3",,"11,7",00:01,"18,9",13:10,,,,,,,,,
2020-12-01,6143X,COÍN,MALAGA,230,"16,2",,"10,1",06:50,"22,4",14:08,,,,,,,,,
2020-12-02,6143X,COÍN,MALAGA,230,"15,6",,"9,7",06:16,"21,4",13:56,,,,,,,,,
2020-12-03,6143X,COÍN,MALAGA,230,"14,2",,"9,8",23:53,"18,7",12:23,,,,,,,,,
2020-12-04,6143X,COÍN,MALAGA,230,"12,8",,"7,8",23:55,"17,7",11:26,,,,,,,,,
2020-12-05,6143X,COÍN,MALAGA,230,"9,8",,"5,3",07:00,"14,3",15:33,,,,,,,,,
2020-12-06,6143X,COÍN,MALAGA,230,"10,4",,"6,3",08:05,"14,5",14:47,,,,,,,,,
2020-12-07,6143X,COÍN,MALAGA,230,"13,6",,"8,2",04:56,"18,9",15:56,,,,,,,,,
2020-12-08,6143X,COÍN,MALAGA,230,"14,4",,"11,7",23:52,"17,2",11:30,,,,,,,,,
2020-12-09,6143X,COÍN,MALAGA,230,"11,6",,"7,0",06:29,"16,1",13:23,,,,,,,,,
2020-12-10,6143X,COÍN,MALAGA,230,"15,2",,"9,8",00:44,"20,5",12:48,,,,,,,,,
2020-12-11,6143X,COÍN,MALAGA,230,"20,0","0,0","15,4",00:47,"24,7",14:25,,,,,,,,,
2020-12-12,6143X,COÍN,MALAGA,230,"19,1","0,0","15,0",24:00,"23,2",15:20,,,,,,,,,
2020-12-13,6143X,COÍN,MALAGA,230,"17,8","0,0","11,8",07:53,"23,8",14:20,,,,,,,,,
2020-12-14,6143X,COÍN,MALAGA,230,"15,9","0,0","11,4",07:40,"20,4",13:00,,,,,,,,,
2020-12-15,6143X,COÍN,MALAGA,230,"14,8","0,0","9,6",23:30,"20,1",15:27,,,,,,,,,
2020-12-16,6143X,COÍN,MALAGA,230,"12,2","4,8","7,4",04:44,"17,0",11:24,,,,,,,,,
2020-12-17,6143X,COÍN,MALAGA,230,"14,6","0,0","9,8",07:26,"19,5",13:12,,,,,,,,,
2020-12-18,6143X,COÍN,MALAGA,230,"14,4","0,0","8,6",05:13,"20,1",14:03,,,,,,,,,
2020-12-19,6143X,COÍN,MALAGA,230,"12,5","0,2","9,0",05:10,"16,0",11:19,,,,,,,,,
2020-12-20,6143X,COÍN,MALAGA,230,"14,0","0,0","9,6",05:56,"18,5",12:59,,,,,,,,,
2020-12-21,6143X,COÍN,MALAGA,230,"14,4","0,0","8,1",06:07,"20,8",13:59,,,,,,,,,
2020-12-22,6143X,COÍN,MALAGA,230,"14,8","0,0","8,9",07:02,"20,7",14:47,,,,,,,,,
2020-12-23,6143X,COÍN,MALAGA,230,"15,4","0,0","8,4",06:32,"22,4",15:27,,,,,,,,,
2020-12-24,6143X,COÍN,MALAGA,230,"14,5","0,0","9,3",07:04,"19,7",12:30,,,,,,,,,
2020-12-25,6143X,COÍN,MALAGA,230,"14,5","0,0","9,2",06:49,"19,8",13:21,,,,,,,,,
2020-12-26,6143X,COÍN,MALAGA,230,"12,2","0,0","7,3",23:35,"17,0",15:16,,,,,,,,,
2020-12-27,6143X,COÍN,MALAGA,230,"10,8","0,0","3,7",07:57,"17,8",15:42,,,,,,,,,
2020-12-28,6143X,COÍN,MALAGA,230,"11,4","0,0","5,1",02:37,"17,8",09:53,,,,,,,,,
2020-12-29,6143X,COÍN,MALAGA,230,"10,6","0,0","7,1",02:11,"14,0",14:58,,,,,,,,,
2020-12-30,6143X,COÍN,MALAGA,230,"9,2","0,0","3,8",07:13,"14,6",15:21,,,,,,,,,
2020-12-31,6143X,COÍN,MALAGA,230,"9,2","0,2","3,2",07:46,"15,1",15:13,,,,,,,,,
2021-01-01,6143X,COÍN,MALAGA,230,"11,6","0,0","7,9",19:59,"15,2",15:16,,,,,,,,,
2021-01-02,6143X,COÍN,MALAGA,230,"9,0","0,0","4,7",07:35,"13,4",12:02,,,,,,,,,
2021-01-03,6143X,COÍN,MALAGA,230,"8,2","0,0","1,4",07:58,"15,0",14:16,,,,,,,,,
2021-01-04,6143X,COÍN,MALAGA,230,"8,8","0,0","3,1",03:01,"14,4",12:54,,,,,,,,,
2021-01-05,6143X,COÍN,MALAGA,230,"9,6","1,8","4,1",00:59,"15,2",13:22,,,,,,,,,
2021-01-06,6143X,COÍN,MALAGA,230,"8,6","23,2","7,6",23:46,"9,7",12:41,,,,,,,,,
2021-01-07,6143X,COÍN,MALAGA,230,"9,0","40,2","7,3",Varias,"10,8",14:56,,,,,,,,,
2021-01-08,6143X,COÍN,MALAGA,230,"11,0","75,8","9,4",00:16,"12,5",19:04,,,,,,,,,
2021-01-09,6143X,COÍN,MALAGA,230,"9,6","0,0","5,8",23:54,"13,3",13:45,,,,,,,,,
2021-01-10,6143X,COÍN,MALAGA,230,"5,2","13,8","2,7",05:35,"7,7",12:37,,,,,,,,,
2021-01-11,6143X,COÍN,MALAGA,230,"10,2","0,0","4,8",01:56,"15,6",15:16,,,,,,,,,
2021-01-12,6143X,COÍN,MALAGA,230,"9,6","0,0","2,3",07:55,"16,9",15:49,,,,,,,,,
2021-01-13,6143X,COÍN,MALAGA,230,"10,4","0,0","2,1",05:45,"18,8",15:40,,,,,,,,,
2021-01-14,6143X,COÍN,MALAGA,230,"11,0","0,0","5,1",05:43,"16,8",14:52,,,,,,,,,
2021-01-15,6143X,COÍN,MALAGA,230,"12,0","0,0","4,4",08:20,"19,6",13:59,,,,,,,,,
2021-01-16,6143X,COÍN,MALAGA,230,"13,0","0,0","6,0",06:39,"20,1",14:06,,,,,,,,,
2021-01-17,6143X,COÍN,MALAGA,230,"12,8","0,0","5,3",07:43,"20,4",15:43,,,,,,,,,
2021-01-18,6143X,COÍN,MALAGA,230,"12,7","0,0","6,0",07:57,"19,4",14:48,,,,,,,,,
2021-01-19,6143X,COÍN,MALAGA,230,"11,6","0,0","5,7",06:46,"17,6",14:26,,,,,,,,,
2021-01-20,6143X,COÍN,MALAGA,230,"9,4","17,4","6,3",01:25,"12,6",16:09,,,,,,,,,
2021-01-21,6143X,COÍN,MALAGA,230,"13,4","0,0","8,2",03:01,"18,5",14:08,,,,,,,,,
2021-01-22,6143X,COÍN,MALAGA,230,"16,5","0,0","12,2",01:21,"20,8",11:13,,,,,,,,,
2021-01-23,6143X,COÍN,MALAGA,230,,"0,0",,,,,,,,,,,,,
2021-01-24,6143X,COÍN,MALAGA,230,,"0,0",,,,,,,,,,,,,
2021-01-25,6143X,COÍN,MALAGA,230,,"0,0",,,,,,,,,,,,,
2021-01-26,6143X,COÍN,MALAGA,230,"18,6","0,0","14,1",08:12,"23,1",11:34,,,,,,,,,
2021-01-27,6143X,COÍN,MALAGA,230,"18,6","0,0","13,3",Varias,"23,8",14:41,,,,,,,,,
2021-01-28,6143X,COÍN,MALAGA,230,,"0,0",,,,,,,,,,,,,
2021-01-29,6143X,COÍN,MALAGA,230,,"0,0",,,,,,,,,,,,,
2021-01-30,6143X,COÍN,MALAGA,230,,"0,0",,,,,,,,,,,,,
2021-01-31,6143X,COÍN,MALAGA,230,,"0,0",,,,,,,,,,,,,
2021-02-01,6143X,COÍN,MALAGA,230,,"0,0",,,,,,,,,,,,,
2021-02-02,6143X,COÍN,MALAGA,230,"17,1","0,0","10,0",06:44,"24,2",15:36,,,,,,,,,
2021-02-03,6143X,COÍN,MALAGA,230,"15,5","0,0","8,7",07:08,"22,3",13:36,,,,,,,,,
2021-02-04,6143X,COÍN,MALAGA,230,"15,2","0,0","10,0",06:04,"20,4",13:58,,,,,,,,,
2021-02-05,6143X,COÍN,MALAGA,230,"16,0","2,4","11,4",04:22,"20,5",13:07,,,,,,,,,
2021-02-06,6143X,COÍN,MALAGA,230,"12,8","0,2","8,7",23:58,"16,8",14:00,,,,,,,,,
2021-02-07,6143X,COÍN,MALAGA,230,"13,5","3,2","7,9",06:13,"19,1",15:13,,,,,,,,,
2021-02-08,6143X,COÍN,MALAGA,230,"14,8","2,0","9,4",02:29,"20,1",15:57,,,,,,,,,
2021-02-09,6143X,COÍN,MALAGA,230,"15,4","0,4","10,5",02:49,"20,4",15:26,,,,,,,,,
2021-02-10,6143X,COÍN,MALAGA,230,"16,3","0,0","11,9",03:01,"20,7",15:18,,,,,,,,,
2021-02-11,6143X,COÍN,MALAGA,230,"18,2","0,0","11,6",05:55,"24,9",15:44,,,,,,,,,
2021-02-12,6143X,COÍN,MALAGA,230,"17,1","0,0","12,0",06:23,"22,2",12:07,,,,,,,,,
2021-02-13,6143X,COÍN,MALAGA,230,"17,0","0,0","9,3",07:13,"24,6",14:37,,,,,,,,,
2021-02-14,6143X,COÍN,MALAGA,230,"14,6","0,0","8,1",07:13,"21,0",13:51,,,,,,,,,
2021-02-15,6143X,COÍN,MALAGA,230,"14,2","0,0","9,6",22:30,"18,8",14:46,,,,,,,,,
2021-02-16,6143X,COÍN,MALAGA,230,"13,6","0,0","7,9",07:11,"19,4",15:28,,,,,,,,,
2021-02-17,6143X,COÍN,MALAGA,230,"15,0","0,0","6,6",04:55,"23,5",16:23,,,,,,,,,
2021-02-18,6143X,COÍN,MALAGA,230,"16,0","0,0","7,0",03:10,"25,0",15:29,,,,,,,,,
2021-02-19,6143X,COÍN,MALAGA,230,"13,9","0,0","6,8",06:12,"21,0",13:33,,,,,,,,,
2021-02-20,6143X,COÍN,MALAGA,230,"12,6","0,0","7,5",06:00,"17,7",15:04,,,,,,,,,
2021-02-21,6143X,COÍN,MALAGA,230,"13,0","8,0","9,7",20:35,"16,2",14:50,,,,,,,,,
2021-02-22,6143X,COÍN,MALAGA,230,"13,2","0,0","8,2",06:40,"18,2",15:12,,,,,,,,,
2021-02-23,6143X,COÍN,MALAGA,230,"12,6","0,0","7,0",06:12,"18,3",11:32,,,,,,,,,
2021-02-24,6143X,COÍN,MALAGA,230,"15,0","0,0","11,8",06:59,"18,2",14:14,,,,,,,,,
2021-02-25,6143X,COÍN,MALAGA,230,"13,6","0,0","12,1",21:35,"15,2",Varias,,,,,,,,,
2021-02-26,6143X,COÍN,MALAGA,230,"14,4","0,0","12,4",Varias,"16,3",13:56,,,,,,,,,
2021-02-27,6143X,COÍN,MALAGA,230,"13,9","0,0","11,8",06:57,"16,0",12:39,,,,,,,,,
2021-02-28,6143X,COÍN,MALAGA,230,"14,0","2,2","11,6",Varias,"16,3",14:28,,,,,,,,,
2021-03-01,6143X,COÍN,MALAGA,230,"14,3","0,0","10,1",06:55,"18,5",14:37,,,,,,,,,
2021-03-02,6143X,COÍN,MALAGA,230,"16,5","0,0","10,4",06:09,"22,6",14:19,,,,,,,,,
2021-03-03,6143X,COÍN,MALAGA,230,"14,2","0,0","10,5",05:20,"18,0",11:21,,,,,,,,,
2021-03-04,6143X,COÍN,MALAGA,230,"13,1","0,0","10,7",05:42,"15,5",14:32,,,,,,,,,
2021-03-05,6143X,COÍN,MALAGA,230,"11,6","14,8","9,9",16:31,"13,4",13:54,,,,,,,,,
2021-03-06,6143X,COÍN,MALAGA,230,"13,0","3,2","11,7",00:01,"14,4",13:50,,,,,,,,,
2021-03-07,6143X,COÍN,MALAGA,230,"15,9","0,0","10,3",23:59,"21,5",15:56,,,,,,,,,
2021-03-08,6143X,COÍN,MALAGA,230,"15,2","1,6","8,8",05:42,"21,5",15:11,,,,,,,,,
2021-03-09,6143X,COÍN,MALAGA,230,"14,0","13,8","7,3",06:44,"20,7",12:35,,,,,,,,,
2021-03-10,6143X,COÍN,MALAGA,230,"14,2","0,0","6,8",05:46,"21,6",14:24,,,,,,,,,
2021-03-11,6143X,COÍN,MALAGA,230,"17,2","0,0","7,6",06:29,"26,8",15:54,,,,,,,,,
2021-03-12,6143X,COÍN,MALAGA,230,"17,9","0,0","10,6",06:36,"25,2",15:54,,,,,,,,,
2021-03-13,6143X,COÍN,MALAGA,230,"15,2","0,0","9,8",06:29,"20,7",15:52,,,,,,,,,
2021-03-14,6143X,COÍN,MALAGA,230,"16,7","0,0","9,3",06:42,"24,1",15:54,,,,,,,,,
2021-03-15,6143X,COÍN,MALAGA,230,"15,8","0,0","9,2",06:06,"22,4",14:04,,,,,,,,,
2021-03-16,6143X,COÍN,MALAGA,230,"15,2","0,0","8,7",03:52,"21,8",15:58,,,,,,,,,
2021-03-17,6143X,COÍN,MALAGA,230,,"0,0",,,,,,,,,,,,,
2021-03-18,6143X,COÍN,MALAGA,230,"14,8","1,6","8,6",04:47,"21,1",12:03,,,,,,,,,
2021-03-19,6143X,COÍN,MALAGA,230,"14,6","0,2","10,5",23:30,"18,7",15:56,,,,,,,,,
2021-03-20,6143X,COÍN,MALAGA,230,"12,4","0,6","7,1",22:14,"17,6",16:00,,,,,,,,,
2021-03-21,6143X,COÍN,MALAGA,230,,"0,0",,,,,,,,,,,,,
2021-03-22,6143X,COÍN,MALAGA,230,"16,4","0,0","7,9",03:48,"25,0",15:57,,,,,,,,,
2021-03-23,6143X,COÍN,MALAGA,230,"16,2","0,0","7,8",06:32,"24,5",15:58,,,,,,,,,
2021-03-24,6143X,COÍN,MALAGA,230,"18,0","0,0","10,0",05:58,"25,9",15:59,,,,,,,,,
2021-03-25,6143X,COÍN,MALAGA,230,"17,2","0,0","9,6",06:19,"24,8",15:58,,,,,,,,,
2021-03-26,6143X,COÍN,MALAGA,230,"18,2","0,0","10,5",06:18,"25,9",15:59,,,,,,,,,
2021-03-27,6143X,COÍN,MALAGA,230,,"0,0",,,,,,,,,,,,,
2021-03-28,6143X,COÍN,MALAGA,230,"16,3","0,0","13,2",01:27,"19,4",15:22,,,,,,,,,
2021-03-29,6143X,COÍN,MALAGA,230,"17,0","0,0","13,2",05:29,"20,9",15:55,,,,,,,,,
2021-03-30,6143X,COÍN,MALAGA,230,"18,4","0,0","12,7",04:34,"24,0",15:16,,,,,,,,,
2021-03-31,6143X,COÍN,MALAGA,230,"17,8","0,0","13,4",02:05,"22,2",15:07,,,,,,,,,
2021-04-01,6143X,COÍN,MALAGA,230,"17,8","0,0","13,0",23:52,"22,6",16:01,,,,,,,,,
2021-04-02,6143X,COÍN,MALAGA,230,"18,5","0,0","11,7",05:11,"25,3",16:02,,,,,,,,,
2021-04-03,6143X,COÍN,MALAGA,230,"18,4","0,0","11,0",06:06,"25,9",15:02,,,,,,,,,
2021-04-04,6143X,COÍN,MALAGA,230,"18,4","0,0","11,7",06:20,"25,1",12:10,,,,,,,,,
2021-04-05,6143X,COÍN,MALAGA,230,"17,0","0,0","12,4",05:37,"21,5",16:04,,,,,,,,,
2021-04-06,6143X,COÍN,MALAGA,230,"18,5","0,0","10,4",06:08,"26,6",12:20,,,,,,,,,
2021-04-07,6143X,COÍN,MALAGA,230,"19,7","0,2","14,0",05:41,"25,4",09:53,,,,,,,,,
2021-04-08,6143X,COÍN,MALAGA,230,"14,8","0,2","12,9",23:30,"16,8",13:29,,,,,,,,,
2021-04-09,6143X,COÍN,MALAGA,230,"16,2","1,0","12,5",02:40,"19,8",15:12,,,,,,,,,
2021-04-10,6143X,COÍN,MALAGA,230,"17,0","0,0","12,7",23:56,"21,2",16:02,,,,,,,,,
2021-04-11,6143X,COÍN,MALAGA,230,"19,0","0,0","11,4",03:20,"26,7",17:24,,,,,,,,,
2021-04-12,6143X,COÍN,MALAGA,230,"16,6","0,0","12,2",03:23,"21,1",09:24,,,,,,,,,
2021-04-13,6143X,COÍN,MALAGA,230,"16,8","0,2","13,2",00:14,"20,5",16:06,,,,,,,,,
2021-04-14,6143X,COÍN,MALAGA,230,"14,2","7,0","11,7",18:51,"16,8",10:57,,,,,,,,,
2021-04-15,6143X,COÍN,MALAGA,230,"13,5","3,0","11,9",00:52,"15,1",14:14,,,,,,,,,
2021-04-16,6143X,COÍN,MALAGA,230,"14,3","4,2","11,8",23:35,"16,8",13:32,,,,,,,,,
2021-04-17,6143X,COÍN,MALAGA,230,"17,5","0,0","9,9",Varias,"25,1",16:00,,,,,,,,,
2021-04-18,6143X,COÍN,MALAGA,230,"19,4","0,0","11,0",05:47,"27,9",16:06,,,,,,,,,
2021-04-19,6143X,COÍN,MALAGA,230,"19,2","0,0","14,0",Varias,"24,3",16:06,,,,,,,,,
2021-04-20,6143X,COÍN,MALAGA,230,"19,9","0,0","12,1",05:22,"27,7",16:09,,,,,,,,,
2021-04-21,6143X,COÍN,MALAGA,230,"18,8","0,0","13,1",05:47,"24,5",11:47,,,,,,,,,
2021-04-22,6143X,COÍN,MALAGA,230,"18,6","0,2","13,8",Varias,"23,3",16:09,,,,,,,,,
2021-04-23,6143X,COÍN,MALAGA,230,"17,7","0,2","15,2",05:08,"20,2",15:07,,,,,,,,,
2021-04-24,6143X,COÍN,MALAGA,230,"16,8","1,8","14,4",06:52,"19,1",12:42,,,,,,,,,
2021-04-25,6143X,COÍN,MALAGA,230,"18,1","2,0","13,9",05:24,"22,3",17:13,,,,,,,,,
2021-04-26,6143X,COÍN,MALAGA,230,"16,7","16,4","11,5",05:44,"21,9",10:59,,,,,,,,,
2021-04-27,6143X,COÍN,MALAGA,230,"17,8","7,6","13,0",00:54,"22,6",14:58,,,,,,,,,
2021-04-28,6143X,COÍN,MALAGA,230,"17,9","0,0","11,7",04:49,"24,1",10:41,,,,,,,,,
2021-04-29,6143X,COÍN,MALAGA,230,"17,5","0,0","10,4",05:22,"24,6",17:19,,,,,,,,,
2021-04-30,6143X,COÍN,MALAGA,230,"17,2","0,0","11,2",04:39,"23,1",12:22,,,,,,,,,
2021-05-01,6143X,COÍN,MALAGA,230,"17,4","0,0","10,7",05:29,"24,1",16:09,,,,,,,,,
2021-05-02,6143X,COÍN,MALAGA,230,"17,0","0,0","9,3",04:51,"24,8",13:43,,,,,,,,,
2021-05-03,6143X,COÍN,MALAGA,230,"15,7","1,2","11,6",02:02,"19,8",11:18,,,,,,,,,
2021-05-04,6143X,COÍN,MALAGA,230,"17,2","0,0","11,8",04:30,"22,6",10:02,,,,,,,,,
2021-05-05,6143X,COÍN,MALAGA,230,"18,5","0,0","11,8",04:51,"25,2",13:17,,,,,,,,,
2021-05-06,6143X,COÍN,MALAGA,230,"20,6","0,0","13,4",Varias,"27,7",15:10,,,,,,,,,
2021-05-07,6143X,COÍN,MALAGA,230,"23,3","0,0","16,1",01:15,"30,5",16:16,,,,,,,,,
2021-05-08,6143X,COÍN,MALAGA,230,"22,6","1,6","15,6",05:19,"29,7",16:21,,,,,,,,,
2021-05-09,6143X,COÍN,MALAGA,230,"18,4","0,0","14,0",23:58,"22,9",13:29,,,,,,,,,
2021-05-10,6143X,COÍN,MALAGA,230,"18,0","0,0","12,4",05:24,"23,5",15:19,,,,,,,,,
2021-05-11,6143X,COÍN,MALAGA,230,"18,6","0,0","12,1",05:22,"25,1",15:53,,,,,,,,,
2021-05-12,6143X,COÍN,MALAGA,230,"20,6","0,0","11,9",05:13,"29,3",13:47,,,,,,,,,
2021-05-13,6143X,COÍN,MALAGA,230,"23,4","0,0","15,8",05:26,"31,0",16:19,,,,,,,,,
2021-05-14,6143X,COÍN,MALAGA,230,"24,1","0,0","17,1",05:14,"31,1",16:18,,,,,,,,,
2021-05-15,6143X,COÍN,MALAGA,230,"24,2","0,0","14,6",05:27,"33,9",16:23,,,,,,,,,
2021-05-16,6143X,COÍN,MALAGA,230,"28,2","0,0","19,5",05:28,"36,9",16:18,,,,,,,,,
2021-05-17,6143X,COÍN,MALAGA,230,"26,6","0,0","18,7",24:00,"34,4",12:56,,,,,,,,,
2021-05-18,6143X,COÍN,MALAGA,230,"23,8","0,0","17,0",04:27,"30,5",17:02,,,,,,,,,
2021-05-19,6143X,COÍN,MALAGA,230,"24,9","0,0","18,2",22:33,"31,6",10:37,,,,,,,,,
2021-05-20,6143X,COÍN,MALAGA,230,"21,6","0,0","16,1",23:58,"27,1",16:20,,,,,,,,,
2021-05-21,6143X,COÍN,MALAGA,230,"21,8","0,0","13,6",05:17,"29,9",16:21,,,,,,,,,
2021-05-22,6143X,COÍN,MALAGA,230,"26,0","0,0","18,3",04:57,"33,8",12:50,,,,,,,,,
2021-05-23,6143X,COÍN,MALAGA,230,"19,9","0,0","15,0",10:02,"24,8",17:19,,,,,,,,,
2021-05-24,6143X,COÍN,MALAGA,230,"20,8","0,0","13,0",05:13,"28,7",14:16,,,,,,,,,
2021-05-25,6143X,COÍN,MALAGA,230,"21,4","0,0","14,2",04:44,"28,7",14:28,,,,,,,,,
2021-05-26,6143X,COÍN,MALAGA,230,"19,2","0,0","15,7",23:58,"22,8",13:57,,,,,,,,,
2021-05-27,6143X,COÍN,MALAGA,230,"18,4","2,0","15,2",00:36,"21,6",14:38,,,,,,,,,
2021-05-28,6143X,COÍN,MALAGA,230,"20,5","0,0","14,5",04:10,"26,5",13:17,,,,,,,,,
2021-05-29,6143X,COÍN,MALAGA,230,"21,0","0,0","15,1",04:41,"26,9",13:38,,,,,,,,,
2021-05-30,6143X,COÍN,MALAGA,230,"22,4","0,0","16,7",Varias,"28,1",12:03,,,,,,,,,
2021-05-31,6143X,COÍN,MALAGA,230,"23,8","0,0","17,6",00:35,"30,0",12:09,,,,,,,,,
2021-06-01,6143X,COÍN,MALAGA,230,"23,3","0,0","15,9",04:45,"30,7",16:02,,,,,,,,,
2021-06-02,6143X,COÍN,MALAGA,230,"21,2","0,0","14,8",05:11,"27,6",13:51,,,,,,,,,
2021-06-03,6143X,COÍN,MALAGA,230,"20,6","0,0","15,9",03:17,"25,4",14:00,,,,,,,,,
2021-06-04,6143X,COÍN,MALAGA,230,"21,8","0,0","17,2",Varias,"26,4",17:25,,,,,,,,,
2021-06-05,6143X,COÍN,MALAGA,230,"21,8","2,0","17,8",23:36,"25,8",09:16,,,,,,,,,
2021-06-06,6143X,COÍN,MALAGA,230,"22,9","0,0","15,7",03:25,"30,1",11:07,,,,,,,,,
2021-06-07,6143X,COÍN,MALAGA,230,"25,2","0,0","16,8",04:10,"33,5",15:19,,,,,,,,,
2021-06-08,6143X,COÍN,MALAGA,230,"25,4","0,0","18,0",03:53,"32,7",13:56,,,,,,,,,
2021-06-09,6143X,COÍN,MALAGA,230,"26,6","0,0","18,9",02:08,"34,2",14:17,,,,,,,,,
2021-06-10,6143X,COÍN,MALAGA,230,"26,0","0,0","19,8",04:48,"32,3",10:47,,,,,,,,,
2021-06-11,6143X,COÍN,MALAGA,230,"23,6","0,0","17,6",05:15,"29,7",14:37,,,,,,,,,
2021-06-12,6143X,COÍN,MALAGA,230,"23,5","0,0","17,8",03:05,"29,2",13:34,,,,,,,,,
2021-06-13,6143X,COÍN,MALAGA,230,"24,8","0,0","18,9",05:09,"30,7",16:34,,,,,,,,,
2021-06-14,6143X,COÍN,MALAGA,230,"25,0","0,0","17,5",04:53,"32,4",14:05,,,,,,,,,
2021-06-15,6143X,COÍN,MALAGA,230,"26,4","0,0","21,3",Varias,"31,5",14:34,,,,,,,,,
2021-06-16,6143X,COÍN,MALAGA,230,"25,4","0,0","19,9",02:34,"31,0",11:29,,,,,,,,,
2021-06-17,6143X,COÍN,MALAGA,230,"22,4","0,0","18,6",05:34,"26,3",15:00,,,,,,,,,
2021-06-18,6143X,COÍN,MALAGA,230,"22,7","0,0","17,3",05:32,"28,1",16:31,,,,,,,,,
2021-06-19,6143X,COÍN,MALAGA,230,"23,0","0,0","16,2",03:09,"29,9",14:43,,,,,,,,,
2021-06-20,6143X,COÍN,MALAGA,230,"23,5","0,0","17,1",01:13,"29,9",14:33,,,,,,,,,
2021-06-21,6143X,COÍN,MALAGA,230,"24,2","0,0","17,1",05:09,"31,3",16:30,,,,,,,,,
2021-06-22,6143X,COÍN,MALAGA,230,"24,8","0,0","16,8",05:22,"32,9",16:30,,,,,,,,,
2021-06-23,6143X,COÍN,MALAGA,230,"24,4","0,0","17,5",05:17,"31,3",11:42,,,,,,,,,
2021-06-24,6143X,COÍN,MALAGA,230,"22,0","0,0","16,7",03:20,"27,4",09:43,,,,,,,,,
2021-06-25,6143X,COÍN,MALAGA,230,"23,8","0,0","18,6",04:47,"29,0",16:38,,,,,,,,,
2021-06-26,6143X,COÍN,MALAGA,230,"23,6","0,0","16,6",04:21,"30,7",16:31,,,,,,,,,
2021-06-27,6143X,COÍN,MALAGA,230,"26,0","0,0","17,7",05:15,"34,4",16:33,,,,,,,,,
2021-06-28,6143X,COÍN,MALAGA,230,"28,0","0,0","19,8",05:19,"36,2",16:29,,,,,,,,,
2021-06-29,6143X,COÍN,MALAGA,230,"28,6","0,0","19,9",05:02,"37,3",14:33,,,,,,,,,
2021-06-30,6143X,COÍN,MALAGA,230,"23,9","0,0","18,5",05:16,"29,3",15:24,,,,,,,,,
2021-07-01,6143X,COÍN,MALAGA,230,"24,6","0,0","18,7",05:20,"30,5",16:36,,,,,,,,,
2021-07-02,6143X,COÍN,MALAGA,230,"28,1","0,0","19,6",03:06,"36,6",16:31,,,,,,,,,
2021-07-03,6143X,COÍN,MALAGA,230,"32,0","0,0","22,2",04:24,"41,8",16:37,,,,,,,,,
2021-07-04,6143X,COÍN,MALAGA,230,"31,6","0,0","23,2",04:51,"40,0",16:33,,,,,,,,,
2021-07-05,6143X,COÍN,MALAGA,230,"31,0","0,0","23,5",05:17,"38,6",14:59,,,,,,,,,
2021-07-06,6143X,COÍN,MALAGA,230,"30,4","0,0","22,8",04:44,"37,9",15:17,,,,,,,,,
2021-07-07,6143X,COÍN,MALAGA,230,"30,6","0,0","24,3",23:56,"36,9",16:34,,,,,,,,,
2021-07-08,6143X,COÍN,MALAGA,230,"26,1","0,0","20,9",05:11,"31,3",10:06,,,,,,,,,
2021-07-09,6143X,COÍN,MALAGA,230,"26,0","0,0","22,2",05:15,"29,7",15:02,,,,,,,,,
2021-07-10,6143X,COÍN,MALAGA,230,"26,6","0,0","21,1",23:59,"32,1",11:01,,,,,,,,,
2021-07-11,6143X,COÍN,MALAGA,230,"26,6","0,0","20,0",04:05,"33,2",14:51,,,,,,,,,
2021-07-12,6143X,COÍN,MALAGA,230,"32,0","0,0","24,9",04:35,"39,0",11:25,,,,,,,,,
2021-07-13,6143X,COÍN,MALAGA,230,"26,7","0,0","20,6",23:36,"32,8",13:44,,,,,,,,,
2021-07-14,6143X,COÍN,MALAGA,230,"24,6","0,0","19,1",04:27,"30,0",16:32,,,,,,,,,
2021-07-15,6143X,COÍN,MALAGA,230,"23,4","0,0","18,8",05:09,"28,1",09:53,,,,,,,,,
2021-07-16,6143X,COÍN,MALAGA,230,"24,5","0,0","18,5",03:41,"30,5",14:54,,,,,,,,,
2021-07-17,6143X,COÍN,MALAGA,230,"26,9","0,0","19,0",05:14,"34,8",12:17,,,,,,,,,
2021-07-18,6143X,COÍN,MALAGA,230,"30,5","0,0","21,1",02:40,"39,9",15:03,,,,,,,,,
2021-07-19,6143X,COÍN,MALAGA,230,"27,4","0,0","22,4",23:54,"32,4",07:43,,,,,,,,,
2021-07-20,6143X,COÍN,MALAGA,230,"27,3","0,0","19,8",04:56,"34,8",16:33,,,,,,,,,
2021-07-21,6143X,COÍN,MALAGA,230,"27,5","0,0","20,1",04:32,"34,9",16:35,,,,,,,,,
2021-07-22,6143X,COÍN,MALAGA,230,"27,8","0,0","20,8",03:50,"34,8",16:28,,,,,,,,,
2021-07-23,6143X,COÍN,MALAGA,230,"30,4","0,0","23,1",05:30,"37,6",14:40,,,,,,,,,
2021-07-24,6143X,COÍN,MALAGA,230,"33,2","0,0","24,5",04:59,"42,0",14:46,,,,,,,,,
2021-07-25,6143X,COÍN,MALAGA,230,"30,6","0,0","23,6",04:40,"37,5",14:27,,,,,,,,,
2021-07-26,6143X,COÍN,MALAGA,230,"29,9","0,0","23,0",Varias,"36,8",16:27,,,,,,,,,
2021-07-27,6143X,COÍN,MALAGA,230,"27,0","0,0","21,8",23:58,"32,3",17:14,,,,,,,,,
2021-07-28,6143X,COÍN,MALAGA,230,"27,0","0,0","20,3",04:26,"33,8",11:03,,,,,,,,,
2021-07-29,6143X,COÍN,MALAGA,230,"26,2","0,0","20,9",05:28,"31,4",16:00,,,,,,,,,
2021-07-30,6143X,COÍN,MALAGA,230,"29,7","0,0","21,1",04:03,"38,3",16:29,,,,,,,,,
2021-07-31,6143X,COÍN,MALAGA,230,"28,7","0,0","22,6",05:13,"34,8",12:34,,,,,,,,,
2021-08-01,6143X,COÍN,MALAGA,230,"27,0","0,0","19,2",05:33,"34,8",16:27,,,,,,,,,
2021-08-02,6143X,COÍN,MALAGA,230,"25,2","0,0","19,6",05:37,"30,8",12:35,,,,,,,,,
2021-08-03,6143X,COÍN,MALAGA,230,"25,2","0,0","19,9",04:50,"30,5",16:24,,,,,,,,,
2021-08-04,6143X,COÍN,MALAGA,230,"28,4","0,0","19,9",05:26,"36,8",15:28,,,,,,,,,
2021-08-05,6143X,COÍN,MALAGA,230,"32,4","0,0","24,2",05:22,"40,5",16:23,,,,,,,,,
2021-08-06,6143X,COÍN,MALAGA,230,"33,0","0,0","24,1",05:37,"41,8",16:22,,,,,,,,,
2021-08-07,6143X,COÍN,MALAGA,230,"31,6","0,0","24,8",05:48,"38,5",16:22,,,,,,,,,
2021-08-08,6143X,COÍN,MALAGA,230,"29,5","0,0","22,1",Varias,"36,9",13:15,,,,,,,,,
2021-08-09,6143X,COÍN,MALAGA,230,"26,2","0,0","22,2",03:26,"30,1",14:47,,,,,,,,,
2021-08-10,6143X,COÍN,MALAGA,230,"28,7","0,0","23,7",03:52,"33,7",13:34,,,,,,,,,
2021-08-11,6143X,COÍN,MALAGA,230,"28,6","0,0","23,2",05:19,"33,9",14:36,,,,,,,,,
2021-08-12,6143X,COÍN,MALAGA,230,"29,6","0,0","22,8",05:41,"36,4",17:08,,,,,,,,,
2021-08-13,6143X,COÍN,MALAGA,230,"32,2","0,0","24,7",24:00,"39,6",14:50,,,,,,,,,
2021-08-14,6143X,COÍN,MALAGA,230,"30,6","0,0","22,5",06:08,"38,6",15:46,,,,,,,,,
2021-08-15,6143X,COÍN,MALAGA,230,"31,8","0,0","23,5",05:42,"40,1",14:03,,,,,,,,,
2021-08-16,6143X,COÍN,MALAGA,230,"33,0","0,0","23,7",23:56,"42,4",14:52,,,,,,,,,
2021-08-17,6143X,COÍN,MALAGA,230,"27,3","0,0","23,7",00:01,"30,9",14:37,,,,,,,,,
2021-08-18,6143X,COÍN,MALAGA,230,"27,2","0,0","23,0",03:47,"31,3",14:01,,,,,,,,,
2021-08-19,6143X,COÍN,MALAGA,230,"26,0","0,0","21,2",05:12,"30,9",15:05,,,,,,,,,
2021-08-20,6143X,COÍN,MALAGA,230,"27,2","0,0","23,1",23:50,"31,2",16:17,,,,,,,,,
2021-08-21,6143X,COÍN,MALAGA,230,"27,4","0,0","21,7",06:00,"33,0",15:26,,,,,,,,,
2021-08-22,6143X,COÍN,MALAGA,230,"29,0","0,0","23,9",23:28,"34,2",15:49,,,,,,,,,
2021-08-23,6143X,COÍN,MALAGA,230,"27,4","0,0","22,2",04:45,"32,7",13:26,,,,,,,,,
2021-08-24,6143X,COÍN,MALAGA,230,"27,6","0,0","23,4",23:55,"31,7",14:20,,,,,,,,,
2021-08-25,6143X,COÍN,MALAGA,230,"26,9","1,0","21,6",03:37,"32,2",16:11,,,,,,,,,
2021-08-26,6143X,COÍN,MALAGA,230,"26,2","0,0","20,4",05:44,"31,9",16:10,,,,,,,,,
2021-08-27,6143X,COÍN,MALAGA,230,"27,9","0,0","20,5",05:27,"35,3",12:53,,,,,,,,,
2021-08-28,6143X,COÍN,MALAGA,230,"28,8","0,0","20,9",05:32,"36,8",16:11,,,,,,,,,
2021-08-29,6143X,COÍN,MALAGA,230,"27,8","0,0","21,5",05:11,"34,2",16:05,,,,,,,,,
2021-08-30,6143X,COÍN,MALAGA,230,"28,1","0,0","20,9",05:49,"35,3",13:59,,,,,,,,,
2021-08-31,6143X,COÍN,MALAGA,230,"25,7","0,0","20,5",Varias,"30,9",11:26,,,,,,,,,
2021-09-01,6143X,COÍN,MALAGA,230,"26,6","0,0","22,1",23:55,"31,1",13:32,,,,,,,,,
2021-09-02,6143X,COÍN,MALAGA,230,"26,0","0,0","19,9",05:31,"32,2",15:58,,,,,,,,,
2021-09-03,6143X,COÍN,MALAGA,230,"25,4","0,0","19,2",06:11,"31,7",16:00,,,,,,,,,
2021-09-04,6143X,COÍN,MALAGA,230,"25,2","0,0","19,0",05:44,"31,3",10:40,,,,,,,,,
2021-09-05,6143X,COÍN,MALAGA,230,"25,6","0,0","19,5",05:57,"31,6",14:27,,,,,,,,,
2021-09-06,6143X,COÍN,MALAGA,230,"28,0","0,0","21,6",06:05,"34,3",13:28,,,,,,,,,
2021-09-07,6143X,COÍN,MALAGA,230,"27,6","0,0","22,2",23:53,"32,9",11:44,,,,,,,,,
2021-09-08,6143X,COÍN,MALAGA,230,"27,8","0,0","19,5",05:58,"36,1",15:53,,,,,,,,,
2021-09-09,6143X,COÍN,MALAGA,230,"26,8","0,0","21,3",03:45,"32,4",15:50,,,,,,,,,
2021-09-10,6143X,COÍN,MALAGA,230,"28,2","0,0","20,5",04:43,"35,9",15:50,,,,,,,,,
2021-09-11,6143X,COÍN,MALAGA,230,"26,4","0,0","20,5",05:56,"32,2",11:39,,,,,,,,,
2021-09-12,6143X,COÍN,MALAGA,230,"27,2","0,0","19,7",05:47,"34,6",14:31,,,,,,,,,
2021-09-13,6143X,COÍN,MALAGA,230,"26,2","7,4","21,9",05:49,"30,6",10:45,,,,,,,,,
2021-09-14,6143X,COÍN,MALAGA,230,"24,6","2,0","19,6",07:54,"29,5",13:24,,,,,,,,,
2021-09-15,6143X,COÍN,MALAGA,230,"25,0","0,0","18,4",05:54,"31,7",15:52,,,,,,,,,
2021-09-16,6143X,COÍN,MALAGA,230,"24,5","0,0","18,2",04:47,"30,8",15:05,,,,,,,,,
2021-09-17,6143X,COÍN,MALAGA,230,"24,6","0,0","18,8",Varias,"30,4",15:46,,,,,,,,,
2021-09-18,6143X,COÍN,MALAGA,230,"25,8","0,0","18,3",06:35,"33,2",15:46,,,,,,,,,
2021-09-19,6143X,COÍN,MALAGA,230,"25,4","0,0","18,5",06:03,"32,2",14:16,,,,,,,,,
2021-09-20,6143X,COÍN,MALAGA,230,"24,2","0,0","19,2",04:51,"29,3",13:10,,,,,,,,,
2021-09-21,6143X,COÍN,MALAGA,230,"22,9","8,6","19,2",04:48,"26,6",10:01,,,,,,,,,
2021-09-22,6143X,COÍN,MALAGA,230,"22,8","0,0","18,4",04:04,"27,3",14:31,,,,,,,,,
2021-09-23,6143X,COÍN,MALAGA,230,"23,6","3,0","20,8",05:23,"26,4",13:49,,,,,,,,,
2021-09-24,6143X,COÍN,MALAGA,230,"23,0","29,8","21,2",23:54,"24,9",15:09,,,,,,,,,
2021-09-25,6143X,COÍN,MALAGA,230,"25,1","0,0","17,8",06:29,"32,4",15:38,,,,,,,,,
2021-09-26,6143X,COÍN,MALAGA,230,"23,7","0,0","16,8",04:25,"30,6",15:33,,,,,,,,,
2021-09-27,6143X,COÍN,MALAGA,230,"23,8","0,0","16,0",06:20,"31,5",15:35,,,,,,,,,
2021-09-28,6143X,COÍN,MALAGA,230,"22,7","0,0","16,3",05:41,"29,1",15:32,,,,,,,,,
2021-09-29,6143X,COÍN,MALAGA,230,"24,2","0,0","17,1",06:15,"31,2",15:33,,,,,,,,,
2021-09-30,6143X,COÍN,MALAGA,230,"23,2","0,0","17,5",Varias,"28,9",11:58,,,,,,,,,
2021-10-01,6143X,COÍN,MALAGA,230,"22,6","0,0","16,9",05:54,"28,4",14:03,,,,,,,,,
2021-10-02,6143X,COÍN,MALAGA,230,"22,6","0,0","17,3",05:55,"27,9",11:43,,,,,,,,,
2021-10-03,6143X,COÍN,MALAGA,230,"22,8","0,4","16,5",06:32,"29,0",12:05,,,,,,,,,
2021-10-04,6143X,COÍN,MALAGA,230,"21,2","0,0","13,8",06:25,"28,5",15:28,,,,,,,,,
2021-10-05,6143X,COÍN,MALAGA,230,"22,4","0,0","14,7",06:21,"30,0",13:47,,,,,,,,,
2021-10-06,6143X,COÍN,MALAGA,230,"22,5","0,0","14,9",06:02,"30,1",12:57,,,,,,,,,
2021-10-07,6143X,COÍN,MALAGA,230,"22,4","0,0","16,7",06:44,"28,2",14:17,,,,,,,,,
2021-10-08,6143X,COÍN,MALAGA,230,"21,8","0,0","15,5",06:25,"28,0",15:22,,,,,,,,,
2021-10-09,6143X,COÍN,MALAGA,230,"21,6","0,0","16,0",Varias,"27,2",15:21,,,,,,,,,
2021-10-10,6143X,COÍN,MALAGA,230,"21,8","0,0","16,2",Varias,"27,5",15:21,,,,,,,,,
2021-10-11,6143X,COÍN,MALAGA,230,"22,1","0,0","18,4",04:30,"25,8",15:17,,,,,,,,,
2021-10-12,6143X,COÍN,MALAGA,230,"21,2","0,0","16,0",23:13,"26,3",10:59,,,,,,,,,
2021-10-13,6143X,COÍN,MALAGA,230,"20,3","0,0","14,4",05:43,"26,2",11:21,,,,,,,,,
2021-10-14,6143X,COÍN,MALAGA,230,"21,0","0,0","15,2",23:56,"26,8",15:20,,,,,,,,,
2021-10-15,6143X,COÍN,MALAGA,230,"20,6","0,0","13,8",Varias,"27,3",13:06,,,,,,,,,
2021-10-16,6143X,COÍN,MALAGA,230,"22,4","0,0","15,1",02:41,"29,8",15:16,,,,,,,,,
2021-10-17,6143X,COÍN,MALAGA,230,"24,1","0,0","17,8",23:57,"30,4",12:13,,,,,,,,,
2021-10-18,6143X,COÍN,MALAGA,230,"22,2","0,0","16,4",04:40,"27,9",13:12,,,,,,,,,
2021-10-19,6143X,COÍN,MALAGA,230,"21,4","0,0","16,5",03:45,"26,2",13:15,,,,,,,,,
2021-10-20,6143X,COÍN,MALAGA,230,"21,3","0,0","15,4",06:37,"27,2",13:37,,,,,,,,,
2021-10-21,6143X,COÍN,MALAGA,230,"23,5","0,0","14,9",04:55,"32,1",14:02,,,,,,,,,
2021-10-22,6143X,COÍN,MALAGA,230,"20,7","0,2","14,4",06:43,"27,0",12:59,,,,,,,,,
2021-10-23,6143X,COÍN,MALAGA,230,"18,6","0,0","14,0",23:39,"23,1",11:02,,,,,,,,,
2021-10-24,6143X,COÍN,MALAGA,230,"19,0","0,0","13,6",02:43,"24,3",12:40,,,,,,,,,
2021-10-25,6143X,COÍN,MALAGA,230,"17,9","0,0","12,1",05:00,"23,7",11:16,,,,,,,,,
2021-10-26,6143X,COÍN,MALAGA,230,"19,6","0,0","14,3",06:12,"25,0",13:07,,,,,,,,,
2021-10-27,6143X,COÍN,MALAGA,230,"19,5","0,0","14,5",03:52,"24,5",11:10,,,,,,,,,
2021-10-28,6143X,COÍN,MALAGA,230,"18,6","0,0","13,6",06:35,"23,5",12:50,,,,,,,,,
2021-10-29,6143X,COÍN,MALAGA,230,"18,6","0,0","12,6",05:24,"24,7",13:31,,,,,,,,,
2021-10-30,6143X,COÍN,MALAGA,230,"21,4","0,0","18,0",06:36,"24,8",14:37,,,,,,,,,
2021-10-31,6143X,COÍN,MALAGA,230,"23,1","0,0","18,6",22:56,"27,6",14:57,,,,,,,,,
2021-11-01,6143X,COÍN,MALAGA,230,"23,8","0,0","18,7",03:03,"28,8",15:36,,,,,,,,,
2021-11-02,6143X,COÍN,MALAGA,230,"19,4","0,0","16,9",23:57,"21,8",14:47,,,,,,,,,
2021-11-03,6143X,COÍN,MALAGA,230,"15,5","0,0","11,5",23:46,"19,5",14:21,,,,,,,,,
2021-11-04,6143X,COÍN,MALAGA,230,"14,2","0,0","8,6",06:23,"19,7",11:26,,,,,,,,,
2021-11-05,6143X,COÍN,MALAGA,230,"13,6","0,0","8,6",05:33,"18,5",14:06,,,,,,,,,
2021-11-06,6143X,COÍN,MALAGA,230,"14,6","0,0","8,4",07:18,"20,7",14:57,,,,,,,,,
2021-11-07,6143X,COÍN,MALAGA,230,"15,0","0,0","8,8",06:55,"21,1",13:52,,,,,,,,,
2021-11-08,6143X,COÍN,MALAGA,230,"14,4","0,0","7,2",07:15,"21,7",14:39,,,,,,,,,
2021-11-09,6143X,COÍN,MALAGA,230,"16,9","0,0","10,4",07:24,"23,4",12:53,,,,,,,,,
2021-11-10,6143X,COÍN,MALAGA,230,"16,0","0,0","9,9",04:41,"22,1",13:26,,,,,,,,,
2021-11-11,6143X,COÍN,MALAGA,230,"16,8","0,0","9,7",06:52,"23,9",14:10,,,,,,,,,
2021-11-12,6143X,COÍN,MALAGA,230,"16,2","0,0","9,9",07:29,"22,4",15:51,,,,,,,,,
2021-11-13,6143X,COÍN,MALAGA,230,"16,8","0,0","10,0",05:37,"23,5",13:07,,,,,,,,,
2021-11-14,6143X,COÍN,MALAGA,230,"17,0","0,0","9,8",06:50,"24,2",12:38,,,,,,,,,
2021-11-15,6143X,COÍN,MALAGA,230,"16,7","0,0","11,5",Varias,"21,9",14:01,,,,,,,,,
2021-11-16,6143X,COÍN,MALAGA,230,"15,8","0,0","9,5",06:33,"22,1",14:37,,,,,,,,,
2021-11-17,6143X,COÍN,MALAGA,230,"14,8","0,2","8,9",03:47,"20,6",14:52,,,,,,,,,
2021-11-18,6143X,COÍN,MALAGA,230,"14,6","0,0","12,0",01:27,"17,1",13:10,,,,,,,,,
2021-11-19,6143X,COÍN,MALAGA,230,"17,4","0,0","14,9",01:20,"20,0",15:09,,,,,,,,,
2021-11-20,6143X,COÍN,MALAGA,230,"15,0","10,4","11,6",23:53,"18,4",12:04,,,,,,,,,
2021-11-21,6143X,COÍN,MALAGA,230,"15,6","7,8","10,9",03:35,"20,3",12:13,,,,,,,,,
2021-11-22,6143X,COÍN,MALAGA,230,"16,6","0,0","11,5",05:53,"21,6",11:49,,,,,,,,,
2021-11-23,6143X,COÍN,MALAGA,230,"11,7","1,2","6,1",07:21,"17,3",13:59,,,,,,,,,
2021-11-24,6143X,COÍN,MALAGA,230,"11,4","0,0","5,2",04:14,"17,5",12:25,,,,,,,,,
2021-11-25,6143X,COÍN,MALAGA,230,"13,6","2,2","7,0",07:46,"20,1",14:25,,,,,,,,,
2021-11-26,6143X,COÍN,MALAGA,230,"10,5","0,0","5,3",07:28,"15,7",14:24,,,,,,,,,
2021-11-27,6143X,COÍN,MALAGA,230,"11,8","0,0","6,2",07:40,"17,3",13:34,,,,,,,,,
2021-11-28,6143X,COÍN,MALAGA,230,"10,5","0,0","4,4",07:41,"16,6",16:16,,,,,,,,,
2021-11-29,6143X,COÍN,MALAGA,230,"13,8","0,0","10,1",23:10,"17,5",16:03,,,,,,,,,
2021-11-30,6143X,COÍN,MALAGA,230,"14,2","0,0","7,9",06:59,"20,5",15:15,,,,,,,,,
2021-12-01,6143X,COÍN,MALAGA,230,"12,5","0,0","5,8",06:43,"19,2",13:44,,,,,,,,,
2021-12-02,6143X,COÍN,MALAGA,230,"13,2","0,0","10,9",23:59,"15,6",15:22,,,,,,,,,
2021-12-03,6143X,COÍN,MALAGA,230,"12,8","0,0","7,9",05:14,"17,6",15:18,,,,,,,,,
2021-12-04,6143X,COÍN,MALAGA,230,"13,3","0,0","7,0",06:42,"19,6",12:44,,,,,,,,,
2021-12-05,6143X,COÍN,MALAGA,230,"14,4","0,0","10,5",07:58,"18,2",15:28,,,,,,,,,
2021-12-06,6143X,COÍN,MALAGA,230,"13,8","0,0","8,3",06:11,"19,2",14:14,,,,,,,,,
2021-12-07,6143X,COÍN,MALAGA,230,"15,8","0,0","7,9",06:49,"23,6",14:04,,,,,,,,,
2021-12-08,6143X,COÍN,MALAGA,230,"14,0","0,4","11,3",02:31,"16,8",11:51,,,,,,,,,
2021-12-09,6143X,COÍN,MALAGA,230,"13,8","0,0","8,6",07:37,"19,0",15:09,,,,,,,,,
2021-12-10,6143X,COÍN,MALAGA,230,"13,8","0,0","10,0",07:34,"17,6",14:57,,,,,,,,,
2021-12-11,6143X,COÍN,MALAGA,230,"18,2","0,0","12,7",06:59,"23,8",14:56,,,,,,,,,
2021-12-12,6143X,COÍN,MALAGA,230,"16,4","0,0","10,7",04:36,"22,2",14:00,,,,,,,,,
2021-12-13,6143X,COÍN,MALAGA,230,"14,8","0,0","10,4",23:46,"19,3",13:39,,,,,,,,,
2021-12-14,6143X,COÍN,MALAGA,230,"13,4","0,0","8,5",06:53,"18,2",12:40,,,,,,,,,
2021-12-15,6143X,COÍN,MALAGA,230,"12,5","0,0","9,2",06:42,"15,8",12:43,,,,,,,,,
2021-12-16,6143X,COÍN,MALAGA,230,"14,2","0,0","12,5",23:51,"16,0",14:01,,,,,,,,,
2021-12-17,6143X,COÍN,MALAGA,230,"13,7","0,0","11,3",03:38,"16,1",13:31,,,,,,,,,
2021-12-18,6143X,COÍN,MALAGA,230,"14,4","0,8","12,2",09:39,"16,5",14:19,,,,,,,,,
2021-12-19,6143X,COÍN,MALAGA,230,"15,2","0,0","13,1",Varias,"17,4",13:05,,,,,,,,,
2021-12-20,6143X,COÍN,MALAGA,230,"13,4","0,0","10,2",23:39,"16,5",11:10,,,,,,,,,
2021-12-21,6143X,COÍN,MALAGA,230,"15,8","8,4","9,2",03:10,"22,5",14:51,,,,,,,,,
2021-12-22,6143X,COÍN,MALAGA,230,"14,3","1,0","11,7",02:34,"16,9",11:19,,,,,,,,,
2021-12-23,6143X,COÍN,MALAGA,230,"12,7","11,6","11,0",02:40,"14,4",14:49,,,,,,,,,
2021-12-24,6143X,COÍN,MALAGA,230,"12,2","19,6","10,9",20:49,"13,4",11:33,,,,,,,,,
2021-12-25,6143X,COÍN,MALAGA,230,"14,4","4,0","11,1",02:12,"17,8",15:03,,,,,,,,,
2021-12-26,6143X,COÍN,MALAGA,230,"15,6","0,0","10,2",06:22,"21,1",14:43,,,,,,,,,
2021-12-27,6143X,COÍN,MALAGA,230,"18,6","0,0","13,2",03:27,"24,0",14:54,,,,,,,,,
2021-12-28,6143X,COÍN,MALAGA,230,"17,0","0,0","12,4",04:10,"21,6",12:25,,,,,,,,,
2021-12-29,6143X,COÍN,MALAGA,230,"18,0","0,0","10,2",07:10,"25,9",15:10,,,,,,,,,
2021-12-30,6143X,COÍN,MALAGA,230,"17,6","0,0","10,0",Varias,"25,1",13:38,,,,,,,,,
2021-12-31,6143X,COÍN,MALAGA,230,"15,5","0,0","9,0",07:33,"22,0",14:30,,,,,,,,,
2022-01-01,6143X,COÍN,MALAGA,230,"9,6","0,0","6,7",02:36,"12,6",14:36,,,,,,,,,
2022-01-02,6143X,COÍN,MALAGA,230,"10,6","0,0","5,4",07:30,"15,9",15:08,,,,,,,,,
2022-01-03,6143X,COÍN,MALAGA,230,"14,4","0,0","7,0",03:40,"21,8",15:33,,,,,,,,,
2022-01-04,6143X,COÍN,MALAGA,230,"14,7","0,2","7,3",Varias,"22,1",13:10,,,,,,,,,
2022-01-05,6143X,COÍN,MALAGA,230,"12,2","0,4","8,4",07:38,"16,0",14:53,,,,,,,,,
2022-01-06,6143X,COÍN,MALAGA,230,"13,7","0,2","9,5",22:38,"17,9",12:43,,,,,,,,,
2022-01-07,6143X,COÍN,MALAGA,230,"12,8","0,0","5,8",07:12,"19,8",14:24,,,,,,,,,
2022-01-08,6143X,COÍN,MALAGA,230,"13,8","0,0","5,5",07:19,"22,2",15:38,,,,,,,,,
2022-01-09,6143X,COÍN,MALAGA,230,"13,4","0,0","6,1",05:40,"20,8",14:11,,,,,,,,,
2022-01-10,6143X,COÍN,MALAGA,230,"14,9","0,0","9,2",07:43,"20,6",14:39,,,,,,,,,
2022-01-11,6143X,COÍN,MALAGA,230,"14,4","0,0","9,4",04:12,"19,4",13:23,,,,,,,,,
2022-01-12,6143X,COÍN,MALAGA,230,"12,3","3,2","8,6",21:27,"16,0",15:04,,,,,,,,,
2022-01-13,6143X,COÍN,MALAGA,230,"11,3","0,0","9,0",00:58,"13,6",13:44,,,,,,,,,
2022-01-14,6143X,COÍN,MALAGA,230,"12,5","0,0","10,7",17:55,"14,3",12:29,,,,,,,,,
2022-01-15,6143X,COÍN,MALAGA,230,"11,0","0,0","8,5",05:23,"13,6",14:23,,,,,,,,,
2022-01-16,6143X,COÍN,MALAGA,230,"12,8","0,0","8,1",05:04,"17,6",12:16,,,,,,,,,
2022-01-17,6143X,COÍN,MALAGA,230,"12,6","0,0","8,1",04:44,"17,2",14:08,,,,,,,,,
2022-01-18,6143X,COÍN,MALAGA,230,"11,0","0,0","6,1",23:57,"15,9",12:59,,,,,,,,,
2022-01-19,6143X,COÍN,MALAGA,230,"11,5","0,0","5,8",01:22,"17,2",14:12,,,,,,,,,
2022-01-20,6143X,COÍN,MALAGA,230,"12,0","0,0","5,8",00:47,"18,2",14:53,,,,,,,,,
2022-01-21,6143X,COÍN,MALAGA,230,"11,3","0,0","7,8",22:26,"14,8",10:23,,,,,,,,,
2022-01-22,6143X,COÍN,MALAGA,230,"12,4","0,0","8,8",00:01,"15,9",11:46,,,,,,,,,
2022-01-23,6143X,COÍN,MALAGA,230,"12,3","0,0","9,3",07:49,"15,3",13:34,,,,,,,,,
2022-01-24,6143X,COÍN,MALAGA,230,"11,6","4,2","10,3",Varias,"12,8",Varias,,,,,,,,,
2022-01-25,6143X,COÍN,MALAGA,230,"11,9","0,4","9,6",08:21,"14,2",14:14,,,,,,,,,
2022-01-26,6143X,COÍN,MALAGA,230,"13,4","0,2","11,3",07:21,"15,4",12:10,,,,,,,,,
2022-01-27,6143X,COÍN,MALAGA,230,"14,4","0,0","11,2",22:22,"17,7",15:00,,,,,,,,,
2022-01-28,6143X,COÍN,MALAGA,230,"14,4","0,0","10,3",21:34,"18,6",12:18,,,,,,,,,
2022-01-29,6143X,COÍN,MALAGA,230,"15,3","0,0","10,8",03:21,"19,8",14:53,,,,,,,,,
2022-01-30,6143X,COÍN,MALAGA,230,"14,7","0,0","8,9",23:31,"20,5",12:40,,,,,,,,,
2022-01-31,6143X,COÍN,MALAGA,230,"16,2","0,0","8,0",04:15,"24,3",15:36,,,,,,,,,
2022-02-01,6143X,COÍN,MALAGA,230,"14,9","0,0","8,1",23:37,"21,7",13:28,,,,,,,,,
2022-02-02,6143X,COÍN,MALAGA,230,"15,8","0,0","6,5",07:03,"25,2",16:12,,,,,,,,,
2022-02-03,6143X,COÍN,MALAGA,230,"18,9","0,0","9,9",04:11,"27,9",15:18,,,,,,,,,
2022-02-04,6143X,COÍN,MALAGA,230,"16,8","0,0","11,2",02:31,"22,4",11:42,,,,,,,,,
2022-02-05,6143X,COÍN,MALAGA,230,"17,4","0,0","11,6",23:51,"23,1",12:43,,,,,,,,,
2022-02-06,6143X,COÍN,MALAGA,230,"14,0","0,0","11,1",04:02,"16,9",14:06,,,,,,,,,
2022-02-07,6143X,COÍN,MALAGA,230,"13,9","0,0","8,9",23:40,"18,9",15:38,,,,,,,,,
2022-02-08,6143X,COÍN,MALAGA,230,"13,1","0,0","8,2",06:15,"18,0",11:49,,,,,,,,,
2022-02-09,6143X,COÍN,MALAGA,230,"12,6","0,0","8,6",22:23,"16,5",16:09,,,,,,,,,
2022-02-10,6143X,COÍN,MALAGA,230,"13,5","0,0","8,6",23:14,"18,4",Varias,,,,,,,,,
2022-02-11,6143X,COÍN,MALAGA,230,"14,4","0,0","9,1",00:01,"19,6",12:22,,,,,,,,,
2022-02-12,6143X,COÍN,MALAGA,230,"11,4","0,0","8,0",07:17,"14,8",13:01,,,,,,,,,
2022-02-13,6143X,COÍN,MALAGA,230,"13,4","0,0","10,1",00:07,"16,8",14:31,,,,,,,,,
2022-02-14,6143X,COÍN,MALAGA,230,"14,2","0,0","8,5",06:21,"19,9",15:24,,,,,,,,,
2022-02-15,6143X,COÍN,MALAGA,230,"15,2","0,0","7,7",07:16,"22,6",14:39,,,,,,,,,
2022-02-16,6143X,COÍN,MALAGA,230,"15,4","0,0","7,8",04:35,"23,1",16:10,,,,,,,,,
2022-02-17,6143X,COÍN,MALAGA,230,"17,7","0,0","9,9",06:32,"25,5",13:02,,,,,,,,,
2022-02-18,6143X,COÍN,MALAGA,230,"16,5","0,0","9,4",06:59,"23,6",14:34,,,,,,,,,
2022-02-19,6143X,COÍN,MALAGA,230,"16,5","10,0","11,2",03:23,"21,8",13:46,,,,,,,,,
2022-02-20,6143X,COÍN,MALAGA,230,"14,7","0,0","12,0",20:40,"17,4",14:50,,,,,,,,,
2022-02-21,6143X,COÍN,MALAGA,230,"16,8","0,0","9,8",23:19,"23,9",16:20,,,,,,,,,
2022-02-22,6143X,COÍN,MALAGA,230,"16,0","0,0","8,4",06:54,"23,7",11:55,,,,,,,,,
2022-02-23,6143X,COÍN,MALAGA,230,"15,4","0,2","10,3",06:44,"20,5",15:46,,,,,,,,,
2022-02-24,6143X,COÍN,MALAGA,230,"14,7","1,8","9,2",02:48,"20,2",11:13,,,,,,,,,
2022-02-25,6143X,COÍN,MALAGA,230,"13,8","0,0","11,6",00:30,"15,9",Varias,,,,,,,,,
2022-02-26,6143X,COÍN,MALAGA,230,"12,8","0,2","11,8",19:24,"13,9",Varias,,,,,,,,,
2022-02-27,6143X,COÍN,MALAGA,230,"13,8","0,0","11,8",03:54,"15,9",16:54,,,,,,,,,
2022-02-28,6143X,COÍN,MALAGA,230,"12,5","0,0","8,9",Varias,"16,1",16:36,,,,,,,,,
2022-03-01,6143X,COÍN,MALAGA,230,"14,9","0,0","6,9",06:36,"22,9",15:46,,,,,,,,,
2022-03-02,6143X,COÍN,MALAGA,230,"15,6","0,0","8,5",07:03,"22,7",12:26,,,,,,,,,
2022-03-03,6143X,COÍN,MALAGA,230,"17,5","1,0","10,5",06:20,"24,5",12:06,,,,,,,,,
2022-03-04,6143X,COÍN,MALAGA,230,"13,8","0,0","9,3",05:42,"18,3",15:51,,,,,,,,,
2022-03-05,6143X,COÍN,MALAGA,230,"13,2","0,0","7,9",05:18,"18,4",11:32,,,,,,,,,
2022-03-06,6143X,COÍN,MALAGA,230,"12,2","0,0","6,1",07:08,"18,3",11:27,,,,,,,,,
2022-03-07,6143X,COÍN,MALAGA,230,"12,0","0,2","7,4",04:26,"16,6",16:13,,,,,,,,,
2022-03-08,6143X,COÍN,MALAGA,230,"11,8","1,8","6,9",04:34,"16,7",12:49,,,,,,,,,
2022-03-09,6143X,COÍN,MALAGA,230,"13,7","0,0","7,2",06:40,"20,2",14:58,,,,,,,,,
2022-03-10,6143X,COÍN,MALAGA,230,"13,5","0,0","8,3",04:54,"18,7",13:19,,,,,,,,,
2022-03-11,6143X,COÍN,MALAGA,230,"12,2","2,4","8,1",04:53,"16,3",10:54,,,,,,,,,
2022-03-12,6143X,COÍN,MALAGA,230,"15,4","0,0","7,9",06:30,"22,8",14:50,,,,,,,,,
2022-03-13,6143X,COÍN,MALAGA,230,"17,0","39,4","11,5",Varias,"22,4",13:02,,,,,,,,,
2022-03-14,6143X,COÍN,MALAGA,230,"12,3","38,2","8,2",10:40,"16,4",16:20,,,,,,,,,
2022-03-15,6143X,COÍN,MALAGA,230,"11,7","35,2","10,2",03:15,"13,2",19:00,,,,,,,,,
2022-03-16,6143X,COÍN,MALAGA,230,"14,4","3,4","10,7",Varias,"18,1",14:51,,,,,,,,,
2022-03-17,6143X,COÍN,MALAGA,230,"15,9","0,0","11,0",00:36,"20,8",14:17,,,,,,,,,
2022-03-18,6143X,COÍN,MALAGA,230,"13,7","0,8","9,9",05:34,"17,5",11:09,,,,,,,,,
2022-03-19,6143X,COÍN,MALAGA,230,"14,3","0,2","11,0",05:46,"17,6",12:48,,,,,,,,,
2022-03-20,6143X,COÍN,MALAGA,230,"15,8","12,8","12,4",21:56,"19,2",15:14,,,,,,,,,
2022-03-21,6143X,COÍN,MALAGA,230,"14,4","15,4","10,8",23:48,"18,1",17:19,,,,,,,,,
2022-03-22,6143X,COÍN,MALAGA,230,"14,7","15,8","10,9",00:01,"18,5",11:15,,,,,,,,,
2022-03-23,6143X,COÍN,MALAGA,230,"14,2","19,4","12,8",Varias,"15,5",16:32,,,,,,,,,
2022-03-24,6143X,COÍN,MALAGA,230,"13,8","35,6","10,8",05:21,"16,8",13:19,,,,,,,,,
2022-03-25,6143X,COÍN,MALAGA,230,"11,8","8,6","9,4",Varias,"14,1",12:28,,,,,,,,,
2022-03-26,6143X,COÍN,MALAGA,230,"14,4","0,2","9,3",03:01,"19,5",15:08,,,,,,,,,
2022-03-27,6143X,COÍN,MALAGA,230,"15,0","0,2","11,4",03:56,"18,7",14:08,,,,,,,,,
2022-03-28,6143X,COÍN,MALAGA,230,"14,8","0,0","12,5",06:09,"17,2",15:55,,,,,,,,,
2022-03-29,6143X,COÍN,MALAGA,230,"16,8","3,2","12,5",Varias,"21,0",15:08,,,,,,,,,
2022-03-30,6143X,COÍN,MALAGA,230,"16,8","0,0","11,7",06:19,"21,9",12:31,,,,,,,,,
2022-03-31,6143X,COÍN,MALAGA,230,"16,2","1,0","11,8",03:38,"20,7",16:38,,,,,,,,,
2022-04-01,6143X,COÍN,MALAGA,230,"16,3","0,0","11,6",06:16,"21,0",15:53,,,,,,,,,
2022-04-02,6143X,COÍN,MALAGA,230,"13,0","0,0","8,1",23:57,"18,0",09:58,,,,,,,,,
2022-04-03,6143X,COÍN,MALAGA,230,"11,0","0,0","6,6",06:00,"15,4",13:45,,,,,,,,,
2022-04-04,6143X,COÍN,MALAGA,230,"11,6","10,2","9,7",05:42,"13,6",15:11,,,,,,,,,
2022-04-05,6143X,COÍN,MALAGA,230,"13,0","9,2","8,8",23:51,"17,2",16:57,,,,,,,,,
2022-04-06,6143X,COÍN,MALAGA,230,"14,6","0,0","8,6",00:59,"20,5",16:27,,,,,,,,,
2022-04-07,6143X,COÍN,MALAGA,230,"16,8","0,0","8,4",05:52,"25,3",15:59,,,,,,,,,
2022-04-08,6143X,COÍN,MALAGA,230,"18,6","0,0","10,8",05:52,"26,4",15:04,,,,,,,,,
2022-04-09,6143X,COÍN,MALAGA,230,"21,0","0,0","11,8",04:53,"30,1",16:04,,,,,,,,,
2022-04-10,6143X,COÍN,MALAGA,230,"18,4","0,0","12,0",05:24,"24,9",12:41,,,,,,,,,
2022-04-11,6143X,COÍN,MALAGA,230,"16,3","0,0","13,0",01:14,"19,6",13:24,,,,,,,,,
2022-04-12,6143X,COÍN,MALAGA,230,"15,4","10,0","11,0",06:13,"19,7",11:22,,,,,,,,,
2022-04-13,6143X,COÍN,MALAGA,230,"15,9","0,0","9,3",04:49,"22,5",17:15,,,,,,,,,
2022-04-14,6143X,COÍN,MALAGA,230,"19,4","0,0","12,6",05:43,"26,3",12:59,,,,,,,,,
2022-04-15,6143X,COÍN,MALAGA,230,"18,5","0,0","11,8",03:25,"25,2",10:43,,,,,,,,,
2022-04-16,6143X,COÍN,MALAGA,230,"20,2","0,0","12,5",04:36,"28,0",11:27,,,,,,,,,
2022-04-17,6143X,COÍN,MALAGA,230,"24,2","0,0","15,5",02:09,"33,0",15:51,,,,,,,,,
2022-04-18,6143X,COÍN,MALAGA,230,"20,6","0,0","14,8",05:48,"26,5",10:32,,,,,,,,,
2022-04-19,6143X,COÍN,MALAGA,230,"18,7","0,0","12,7",05:44,"24,7",16:06,,,,,,,,,
2022-04-20,6143X,COÍN,MALAGA,230,"13,8","0,0","10,4",05:51,"17,1",16:38,,,,,,,,,
2022-04-21,6143X,COÍN,MALAGA,230,"16,9","0,0","11,0",05:43,"22,8",15:29,,,,,,,,,
2022-04-22,6143X,COÍN,MALAGA,230,"14,4","6,2","11,8",04:07,"17,1",15:24,,,,,,,,,
2022-04-23,6143X,COÍN,MALAGA,230,"15,1","0,0","10,6",04:43,"19,6",13:06,,,,,,,,,
2022-04-24,6143X,COÍN,MALAGA,230,"17,5","0,0","9,3",05:42,"25,7",15:04,,,,,,,,,
2022-04-25,6143X,COÍN,MALAGA,230,"18,1","0,0","10,7",05:00,"25,5",14:38,,,,,,,,,
2022-04-26,6143X,COÍN,MALAGA,230,"17,5","0,0","11,7",05:52,"23,3",12:10,,,,,,,,,
2022-04-27,6143X,COÍN,MALAGA,230,"17,8","1,4","11,6",04:05,"23,9",11:36,,,,,,,,,
2022-04-28,6143X,COÍN,MALAGA,230,"16,8","2,2","10,7",05:19,"22,9",10:41,,,,,,,,,
2022-04-29,6143X,COÍN,MALAGA,230,"17,5","0,0","11,2",05:32,"23,8",12:14,,,,,,,,,
2022-04-30,6143X,COÍN,MALAGA,230,"17,6","0,0","10,6",05:19,"24,5",13:21,,,,,,,,,
2022-05-01,6143X,COÍN,MALAGA,230,"22,2","0,0","12,9",04:57,"31,6",13:42,,,,,,,,,
2022-05-02,6143X,COÍN,MALAGA,230,"20,4","1,0","14,3",05:21,"26,6",11:21,,,,,,,,,
2022-05-03,6143X,COÍN,MALAGA,230,"18,0","5,4","13,1",20:57,"22,8",14:19,,,,,,,,,
2022-05-04,6143X,COÍN,MALAGA,230,"17,0","1,0","12,2",23:49,"21,9",11:05,,,,,,,,,
2022-05-05,6143X,COÍN,MALAGA,230,"18,4","0,0","11,2",02:38,"25,5",12:00,,,,,,,,,
2022-05-06,6143X,COÍN,MALAGA,230,"21,6","0,0","12,4",Varias,"30,9",16:11,,,,,,,,,
2022-05-07,6143X,COÍN,MALAGA,230,"20,4","0,0","14,8",23:57,"25,9",11:15,,,,,,,,,
2022-05-08,6143X,COÍN,MALAGA,230,"20,7","0,0","13,2",04:59,"28,2",11:54,,,,,,,,,
2022-05-09,6143X,COÍN,MALAGA,230,"20,8","0,0","14,2",04:52,"27,5",14:43,,,,,,,,,
2022-05-10,6143X,COÍN,MALAGA,230,"20,8","0,0","14,2",05:19,"27,4",16:06,,,,,,,,,
2022-05-11,6143X,COÍN,MALAGA,230,"21,0","0,0","13,7",05:15,"28,3",14:44,,,,,,,,,
2022-05-12,6143X,COÍN,MALAGA,230,"21,1","0,0","14,6",05:10,"27,6",16:06,,,,,,,,,
2022-05-13,6143X,COÍN,MALAGA,230,"22,0","0,0","14,2",05:24,"29,9",16:44,,,,,,,,,
2022-05-14,6143X,COÍN,MALAGA,230,"22,3","0,0","15,2",05:16,"29,4",11:55,,,,,,,,,
2022-05-15,6143X,COÍN,MALAGA,230,"23,0","0,0","15,3",05:09,"30,7",13:52,,,,,,,,,
2022-05-16,6143X,COÍN,MALAGA,230,"23,6","0,0","15,4",04:32,"31,8",15:48,,,,,,,,,
2022-05-17,6143X,COÍN,MALAGA,230,"26,4","0,0","17,8",05:19,"35,0",13:30,,,,,,,,,
2022-05-18,6143X,COÍN,MALAGA,230,"25,0","0,0","17,4",04:29,"32,5",15:18,,,,,,,,,
2022-05-19,6143X,COÍN,MALAGA,230,"25,2","0,0","19,2",23:58,"31,1",14:13,,,,,,,,,
2022-05-20,6143X,COÍN,MALAGA,230,"24,4","0,0","17,1",05:35,"31,8",13:42,,,,,,,,,
2022-05-21,6143X,COÍN,MALAGA,230,"24,8","0,0","18,1",05:20,"31,4",13:36,,,,,,,,,
2022-05-22,6143X,COÍN,MALAGA,230,"27,9","0,0","19,6",04:59,"36,2",13:46,,,,,,,,,
2022-05-23,6143X,COÍN,MALAGA,230,"27,0","0,0","18,6",04:59,"35,5",16:15,,,,,,,,,
2022-05-24,6143X,COÍN,MALAGA,230,"26,2","0,0","19,8",04:34,"32,5",15:07,,,,,,,,,
2022-05-25,6143X,COÍN,MALAGA,230,"21,4","0,0","15,9",23:30,"26,9",10:37,,,,,,,,,
2022-05-26,6143X,COÍN,MALAGA,230,"19,7","0,0","14,2",03:52,"25,2",10:28,,,,,,,,,
2022-05-27,6143X,COÍN,MALAGA,230,"22,2","0,0","14,3",04:23,"30,0",12:12,,,,,,,,,
2022-05-28,6143X,COÍN,MALAGA,230,"24,4","0,0","17,4",03:57,"31,4",16:18,,,,,,,,,
2022-05-29,6143X,COÍN,MALAGA,230,"24,8","0,0","17,9",03:50,"31,8",12:56,,,,,,,,,
2022-05-30,6143X,COÍN,MALAGA,230,"23,0","0,0","14,9",05:13,"31,0",16:16,,,,,,,,,
2022-05-31,6143X,COÍN,MALAGA,230,"24,8","0,0","15,9",05:10,"33,6",14:15,,,,,,,,,
2022-06-01,6143X,COÍN,MALAGA,230,"25,6","0,0","17,8",05:16,"33,5",15:49,,,,,,,,,
2022-06-02,6143X,COÍN,MALAGA,230,"24,8","0,0","18,5",03:57,"31,2",12:52,,,,,,,,,
2022-06-03,6143X,COÍN,MALAGA,230,"24,0","0,0","16,2",05:05,"31,9",13:44,,,,,,,,,
2022-06-04,6143X,COÍN,MALAGA,230,"24,2","0,0","15,9",05:14,"32,4",15:41,,,,,,,,,
2022-06-05,6143X,COÍN,MALAGA,230,"25,4","0,0","16,3",04:02,"34,5",15:15,,,,,,,,,
2022-06-06,6143X,COÍN,MALAGA,230,"27,0","0,0","17,7",03:16,"36,3",16:18,,,,,,,,,
2022-06-07,6143X,COÍN,MALAGA,230,"27,6","0,0","18,4",01:26,"36,7",15:32,,,,,,,,,
2022-06-08,6143X,COÍN,MALAGA,230,"29,4","0,0","22,5",04:50,"36,2",14:08,,,,,,,,,
2022-06-09,6143X,COÍN,MALAGA,230,"27,6","0,0","21,5",23:57,"33,8",10:37,,,,,,,,,
2022-06-10,6143X,COÍN,MALAGA,230,"25,8","0,0","19,8",04:16,"31,9",12:18,,,,,,,,,
2022-06-11,6143X,COÍN,MALAGA,230,"26,2","0,0","20,0",04:34,"32,4",09:20,,,,,,,,,
2022-06-12,6143X,COÍN,MALAGA,230,"26,1","0,0","18,9",04:58,"33,3",15:48,,,,,,,,,
2022-06-13,6143X,COÍN,MALAGA,230,"29,0","0,0","20,6",05:12,"37,4",12:13,,,,,,,,,
2022-06-14,6143X,COÍN,MALAGA,230,"29,0","0,0","21,6",00:40,"36,4",14:51,,,,,,,,,
2022-06-15,6143X,COÍN,MALAGA,230,"30,2","0,0","23,4",03:50,"37,0",13:45,,,,,,,,,
2022-06-16,6143X,COÍN,MALAGA,230,"30,8","0,0","24,3",03:37,"37,3",15:10,,,,,,,,,
2022-06-17,6143X,COÍN,MALAGA,230,"31,2","0,0","24,1",01:54,"38,2",14:33,,,,,,,,,
2022-06-18,6143X,COÍN,MALAGA,230,"29,3","0,0","23,8",23:56,"34,8",16:38,,,,,,,,,
2022-06-19,6143X,COÍN,MALAGA,230,"28,4","0,0","20,0",05:19,"36,7",16:29,,,,,,,,,
2022-06-20,6143X,COÍN,MALAGA,230,"26,8","0,0","19,4",05:28,"34,3",13:25,,,,,,,,,
2022-06-21,6143X,COÍN,MALAGA,230,"25,1","0,0","17,8",23:36,"32,4",15:12,,,,,,,,,
2022-06-22,6143X,COÍN,MALAGA,230,"22,8","0,0","15,2",03:47,"30,4",13:57,,,,,,,,,
2022-06-23,6143X,COÍN,MALAGA,230,"23,6","0,0","16,2",04:44,"31,1",16:25,,,,,,,,,
2022-06-24,6143X,COÍN,MALAGA,230,"25,6","0,0","17,1",04:58,"34,0",16:25,,,,,,,,,
2022-06-25,6143X,COÍN,MALAGA,230,"28,0","0,0","19,6",05:21,"36,3",16:28,,,,,,,,,
2022-06-26,6143X,COÍN,MALAGA,230,"28,2","0,0","21,0",03:48,"35,5",16:07,,,,,,,,,
2022-06-27,6143X,COÍN,MALAGA,230,"26,3","0,0","19,3",02:24,"33,3",16:26,,,,,,,,,
2022-06-28,6143X,COÍN,MALAGA,230,"24,4","0,0","18,1",03:40,"30,7",15:15,,,,,,,,,
2022-06-29,6143X,COÍN,MALAGA,230,"25,2","0,0","18,3",04:50,"32,1",16:25,,,,,,,,,
2022-06-30,6143X,COÍN,MALAGA,230,"28,6","0,0","18,6",04:35,"38,6",16:26,,,,,,,,,
2022-07-01,6143X,COÍN,MALAGA,230,"24,8","0,0","19,7",05:08,"29,9",16:07,,,,,,,,,
2022-07-02,6143X,COÍN,MALAGA,230,"26,2","0,0","22,1",05:22,"30,3",16:29,,,,,,,,,
2022-07-03,6143X,COÍN,MALAGA,230,"28,0","0,0","21,9",05:20,"34,2",16:32,,,,,,,,,
2022-07-04,6143X,COÍN,MALAGA,230,"29,0","0,0","19,9",05:12,"38,1",13:19,,,,,,,,,
2022-07-05,6143X,COÍN,MALAGA,230,"29,6","0,0","21,8",00:50,"37,5",12:21,,,,,,,,,
2022-07-06,6143X,COÍN,MALAGA,230,"29,2","0,0","20,4",05:20,"38,0",16:31,,,,,,,,,
2022-07-07,6143X,COÍN,MALAGA,230,"26,4","0,0","20,7",05:00,"32,2",16:30,,,,,,,,,
2022-07-08,6143X,COÍN,MALAGA,230,"27,6","0,0","21,1",04:53,"34,0",16:35,,,,,,,,,
2022-07-09,6143X,COÍN,MALAGA,230,,"0,0",,,,,,,,,,,,,
2022-07-10,6143X,COÍN,MALAGA,230,"27,3","0,0","20,0",05:10,"34,6",16:24,,,,,,,,,
2022-07-11,6143X,COÍN,MALAGA,230,"26,8","0,0","20,8",04:37,"32,9",11:17,,,,,,,,,
2022-07-12,6143X,COÍN,MALAGA,230,"27,9","0,0","20,9",04:14,"34,9",15:31,,,,,,,,,
2022-07-13,6143X,COÍN,MALAGA,230,"28,2","0,0","21,4",04:55,"35,1",15:11,,,,,,,,,
2022-07-14,6143X,COÍN,MALAGA,230,"30,0","0,0","22,2",Varias,"37,9",15:19,,,,,,,,,
2022-07-15,6143X,COÍN,MALAGA,230,"28,8","0,0","22,1",04:34,"35,4",15:40,,,,,,,,,
2022-07-16,6143X,COÍN,MALAGA,230,"28,4","0,0","22,0",04:57,"34,9",11:33,,,,,,,,,
2022-07-17,6143X,COÍN,MALAGA,230,"28,6","0,0","22,0",05:00,"35,1",16:34,,,,,,,,,
2022-07-18,6143X,COÍN,MALAGA,230,"28,2","0,0","22,4",05:23,"34,1",16:02,,,,,,,,,
2022-07-19,6143X,COÍN,MALAGA,230,"28,4","0,0","21,9",05:25,"34,9",16:09,,,,,,,,,
2022-07-20,6143X,COÍN,MALAGA,230,"28,1","0,0","21,3",05:15,"34,9",15:37,,,,,,,,,
2022-07-21,6143X,COÍN,MALAGA,230,"27,4","0,0","22,0",Varias,"32,7",13:38,,,,,,,,,
2022-07-22,6143X,COÍN,MALAGA,230,"28,4","0,0","21,5",05:24,"35,4",15:13,,,,,,,,,
2022-07-23,6143X,COÍN,MALAGA,230,"29,6","0,0","22,8",05:24,"36,3",11:21,,,,,,,,,
2022-07-24,6143X,COÍN,MALAGA,230,"30,0","0,0","22,5",04:59,"37,5",15:59,,,,,,,,,
2022-07-25,6143X,COÍN,MALAGA,230,"33,8","0,0","24,6",02:28,"42,9",15:48,,,,,,,,,
2022-07-26,6143X,COÍN,MALAGA,230,"34,8","0,0","27,2",05:29,"42,5",12:27,,,,,,,,,
2022-07-27,6143X,COÍN,MALAGA,230,"29,7","0,0","22,8",04:15,"36,6",16:01,,,,,,,,,
2022-07-28,6143X,COÍN,MALAGA,230,"29,5","0,0","22,4",04:18,"36,6",17:06,,,,,,,,,
2022-07-29,6143X,COÍN,MALAGA,230,"29,3","0,0","22,0",05:38,"36,6",16:52,,,,,,,,,
2022-07-30,6143X,COÍN,MALAGA,230,"28,1","0,0","24,5",00:32,"31,7",11:18,,,,,,,,,
2022-07-31,6143X,COÍN,MALAGA,230,"28,4","0,0","24,5",23:44,"32,4",16:20,,,,,,,,,
2022-08-01,6143X,COÍN,MALAGA,230,"27,7","0,0","22,6",05:46,"32,8",17:13,,,,,,,,,
2022-08-02,6143X,COÍN,MALAGA,230,"27,9","0,0","21,8",05:22,"34,0",12:14,,,,,,,,,
2022-08-03,6143X,COÍN,MALAGA,230,"29,2","0,0","22,3",04:48,"36,2",15:31,,,,,,,,,
2022-08-04,6143X,COÍN,MALAGA,230,"28,9","0,0","22,9",03:28,"34,9",16:22,,,,,,,,,
2022-08-05,6143X,COÍN,MALAGA,230,"28,1","0,0","22,3",05:25,"33,9",16:16,,,,,,,,,
2022-08-06,6143X,COÍN,MALAGA,230,"27,4","0,0","21,0",04:54,"33,9",16:17,,,,,,,,,
2022-08-07,6143X,COÍN,MALAGA,230,"27,4","0,0","21,1",05:36,"33,6",16:47,,,,,,,,,
2022-08-08,6143X,COÍN,MALAGA,230,"27,4","0,0","21,0",05:10,"33,9",11:07,,,,,,,,,
2022-08-09,6143X,COÍN,MALAGA,230,"27,2","0,0","22,4",04:41,"32,0",13:44,,,,,,,,,
2022-08-10,6143X,COÍN,MALAGA,230,"28,0","0,0","22,9",05:47,"33,1",14:05,,,,,,,,,
2022-08-11,6143X,COÍN,MALAGA,230,"27,4","0,0","21,6",05:52,"33,1",15:21,,,,,,,,,
2022-08-12,6143X,COÍN,MALAGA,230,"30,8","0,0","23,3",05:40,"38,4",14:12,,,,,,,,,
2022-08-13,6143X,COÍN,MALAGA,230,"34,0","0,0","25,4",02:24,"42,5",14:36,,,,,,,,,
2022-08-14,6143X,COÍN,MALAGA,230,"31,6","0,0","24,0",22:47,"39,2",13:31,,,,,,,,,
2022-08-15,6143X,COÍN,MALAGA,230,"29,2","0,0","21,5",05:48,"37,0",13:50,,,,,,,,,
2022-08-16,6143X,COÍN,MALAGA,230,"28,4","0,0","20,8",05:44,"36,0",14:47,,,,,,,,,
2022-08-17,6143X,COÍN,MALAGA,230,"27,9","0,0","20,5",05:47,"35,3",15:38,,,,,,,,,
2022-08-18,6143X,COÍN,MALAGA,230,"27,9","0,0","20,7",04:37,"35,1",11:43,,,,,,,,,
2022-08-19,6143X,COÍN,MALAGA,230,"27,0","0,0","20,0",05:50,"33,9",16:30,,,,,,,,,
2022-08-20,6143X,COÍN,MALAGA,230,"27,0","0,0","20,1",05:31,"33,8",11:31,,,,,,,,,
2022-08-21,6143X,COÍN,MALAGA,230,"29,6","0,0","19,8",Varias,"39,4",14:46,,,,,,,,,
2022-08-22,6143X,COÍN,MALAGA,230,"31,2","0,0","22,9",23:54,"39,5",11:19,,,,,,,,,
2022-08-23,6143X,COÍN,MALAGA,230,"26,6","0,0","21,2",03:57,"32,1",10:39,,,,,,,,,
2022-08-24,6143X,COÍN,MALAGA,230,"27,4","0,0","20,7",05:24,"34,0",16:11,,,,,,,,,
2022-08-25,6143X,COÍN,MALAGA,230,"27,6","0,0","20,5",05:52,"34,8",17:14,,,,,,,,,
2022-08-26,6143X,COÍN,MALAGA,230,"25,8","0,0","20,9",03:14,"30,6",09:37,,,,,,,,,
2022-08-27,6143X,COÍN,MALAGA,230,"26,5","0,0","21,3",Varias,"31,7",13:10,,,,,,,,,
2022-08-28,6143X,COÍN,MALAGA,230,"26,9","0,6","22,4",06:06,"31,4",14:59,,,,,,,,,
2022-08-29,6143X,COÍN,MALAGA,230,"26,7","2,2","23,0",04:39,"30,4",12:40,,,,,,,,,
2022-08-30,6143X,COÍN,MALAGA,230,"28,4","0,0","22,3",02:29,"34,5",12:11,,,,,,,,,
2022-08-31,6143X,COÍN,MALAGA,230,"28,8","0,0","23,4",05:39,"34,1",13:09,,,,,,,,,
2022-09-01,6143X,COÍN,MALAGA,230,"29,2","0,0","21,4",05:43,"36,9",13:37,,,,,,,,,
2022-09-02,6143X,COÍN,MALAGA,230,"30,3","0,0","24,0",01:07,"36,6",13:12,,,,,,,,,
2022-09-03,6143X,COÍN,MALAGA,230,"27,9","0,0","21,8",06:13,"34,0",16:17,,,,,,,,,
2022-09-04,6143X,COÍN,MALAGA,230,"27,8","0,0","19,0",05:32,"36,6",13:53,,,,,,,,,
2022-09-05,6143X,COÍN,MALAGA,230,"28,0","0,0","19,0",05:23,"36,9",15:51,,,,,,,,,
2022-09-06,6143X,COÍN,MALAGA,230,"29,0","0,0","20,0",06:00,"38,1",15:53,,,,,,,,,
2022-09-07,6143X,COÍN,MALAGA,230,"28,6","0,0","20,8",05:58,"36,3",15:49,,,,,,,,,
2022-09-08,6143X,COÍN,MALAGA,230,"29,0","0,0","20,0",05:59,"38,0",15:51,,,,,,,,,
2022-09-09,6143X,COÍN,MALAGA,230,"29,4","0,0","22,2",23:44,"36,5",11:29,,,,,,,,,
2022-09-10,6143X,COÍN,MALAGA,230,"27,2","0,0","20,8",05:41,"33,7",15:13,,,,,,,,,
2022-09-11,6143X,COÍN,MALAGA,230,"27,6","0,0","20,6",02:47,"34,5",13:18,,,,,,,,,
2022-09-12,6143X,COÍN,MALAGA,230,"27,6","0,0","22,1",03:23,"33,1",13:11,,,,,,,,,
2022-09-13,6143X,COÍN,MALAGA,230,"26,4","0,4","21,7",Varias,"31,1",15:44,,,,,,,,,
2022-09-14,6143X,COÍN,MALAGA,230,"25,9","0,0","20,7",05:43,"31,1",15:47,,,,,,,,,
2022-09-15,6143X,COÍN,MALAGA,230,"25,0","0,0","18,3",05:59,"31,7",14:06,,,,,,,,,
2022-09-16,6143X,COÍN,MALAGA,230,"26,2","0,0","18,9",06:03,"33,4",13:42,,,,,,,,,
2022-09-17,6143X,COÍN,MALAGA,230,"25,8","0,0","19,8",Varias,"31,8",12:16,,,,,,,,,
2022-09-18,6143X,COÍN,MALAGA,230,"24,4","0,0","20,7",00:39,"28,0",10:05,,,,,,,,,
2022-09-19,6143X,COÍN,MALAGA,230,"25,0","0,0","21,0",23:58,"28,9",13:52,,,,,,,,,
2022-09-20,6143X,COÍN,MALAGA,230,"24,6","0,0","19,3",05:24,"29,9",13:05,,,,,,,,,
2022-09-21,6143X,COÍN,MALAGA,230,"25,2","0,0","18,1",06:03,"32,4",14:33,,,,,,,,,
2022-09-22,6143X,COÍN,MALAGA,230,"24,2","0,0","18,7",06:15,"29,6",10:25,,,,,,,,,
2022-09-23,6143X,COÍN,MALAGA,230,"24,0","0,0","18,3",05:50,"29,8",15:36,,,,,,,,,
2022-09-24,6143X,COÍN,MALAGA,230,"25,7","0,0","18,1",06:04,"33,3",15:55,,,,,,,,,
2022-09-25,6143X,COÍN,MALAGA,230,"23,2","0,0","17,6",23:37,"28,9",11:11,,,,,,,,,
2022-09-26,6143X,COÍN,MALAGA,230,"21,6","0,0","15,2",06:24,"28,0",11:12,,,,,,,,,
2022-09-27,6143X,COÍN,MALAGA,230,"23,0","0,0","15,3",04:45,"30,7",15:33,,,,,,,,,
2022-09-28,6143X,COÍN,MALAGA,230,"24,4","0,0","16,5",06:12,"32,2",15:30,,,,,,,,,
2022-09-29,6143X,COÍN,MALAGA,230,"22,4","3,4","16,0",20:14,"28,7",14:01,,,,,,,,,
2022-09-30,6143X,COÍN,MALAGA,230,"22,4","0,0","15,1",23:58,"29,8",15:29,,,,,,,,,
2022-10-01,6143X,COÍN,MALAGA,230,"20,0","0,0","13,9",04:39,"26,2",13:04,,,,,,,,,
2022-10-02,6143X,COÍN,MALAGA,230,"22,4","0,0","15,7",05:17,"29,1",14:29,,,,,,,,,
2022-10-03,6143X,COÍN,MALAGA,230,"24,7","0,0","18,4",05:58,"31,0",13:18,,,,,,,,,
2022-10-04,6143X,COÍN,MALAGA,230,"25,2","0,0","15,6",05:21,"34,9",13:53,,,,,,,,,
2022-10-05,6143X,COÍN,MALAGA,230,"22,0","0,0","17,3",03:42,"26,8",10:23,,,,,,,,,
2022-10-06,6143X,COÍN,MALAGA,230,"22,0","0,0","17,6",04:57,"26,4",13:34,,,,,,,,,
2022-10-07,6143X,COÍN,MALAGA,230,"21,9","0,0","17,9",01:51,"25,9",15:21,,,,,,,,,
2022-10-08,6143X,COÍN,MALAGA,230,"22,6","0,0","18,1",05:35,"27,2",15:23,,,,,,,,,
2022-10-09,6143X,COÍN,MALAGA,230,"23,0","0,0","19,4",22:02,"26,6",15:20,,,,,,,,,
2022-10-10,6143X,COÍN,MALAGA,230,"23,5","0,0","18,1",05:52,"28,9",15:23,,,,,,,,,
2022-10-11,6143X,COÍN,MALAGA,230,"22,0","0,0","17,4",22:44,"26,7",15:15,,,,,,,,,
2022-10-12,6143X,COÍN,MALAGA,230,"21,4","0,0","16,4",06:13,"26,4",11:55,,,,,,,,,
2022-10-13,6143X,COÍN,MALAGA,230,"22,8","0,0","17,3",23:56,"28,4",11:26,,,,,,,,,
2022-10-14,6143X,COÍN,MALAGA,230,"23,0","0,0","15,8",05:18,"30,1",13:25,,,,,,,,,
2022-10-15,6143X,COÍN,MALAGA,230,"22,8","0,0","16,5",05:54,"29,0",15:14,,,,,,,,,
2022-10-16,6143X,COÍN,MALAGA,230,"24,2","0,0","16,5",01:22,"31,9",14:00,,,,,,,,,
2022-10-17,6143X,COÍN,MALAGA,230,"24,0","0,0","17,4",06:25,"30,5",13:55,,,,,,,,,
2022-10-18,6143X,COÍN,MALAGA,230,"24,2","0,0","18,8",01:17,"29,7",12:06,,,,,,,,,
2022-10-19,6143X,COÍN,MALAGA,230,"22,6","0,0","18,4",06:31,"26,8",10:13,,,,,,,,,
2022-10-20,6143X,COÍN,MALAGA,230,"21,4","0,0","18,3",02:58,"24,5",Varias,,,,,,,,,
2022-10-21,6143X,COÍN,MALAGA,230,"22,4","0,0","17,0",06:46,"27,9",14:31,,,,,,,,,
2022-10-22,6143X,COÍN,MALAGA,230,"21,8","0,0","16,4",05:57,"27,1",14:12,,,,,,,,,
2022-10-23,6143X,COÍN,MALAGA,230,"24,2","0,0","18,0",03:41,"30,5",14:56,,,,,,,,,
2022-10-24,6143X,COÍN,MALAGA,230,"23,6","0,0","17,4",06:25,"29,8",14:37,,,,,,,,,
2022-10-25,6143X,COÍN,MALAGA,230,"25,0","0,0","18,3",05:31,"31,7",13:00,,,,,,,,,
2022-10-26,6143X,COÍN,MALAGA,230,"26,1","0,0","19,6",23:50,"32,6",12:38,,,,,,,,,
2022-10-27,6143X,COÍN,MALAGA,230,"24,4","0,0","18,1",06:25,"30,6",13:56,,,,,,,,,
2022-10-28,6143X,COÍN,MALAGA,230,"22,2","0,0","15,8",06:14,"28,5",11:15,,,,,,,,,
2022-10-29,6143X,COÍN,MALAGA,230,"20,5","0,0","15,9",05:37,"25,1",13:18,,,,,,,,,
2022-10-30,6143X,COÍN,MALAGA,230,"20,8","0,0","15,9",00:31,"25,8",14:57,,,,,,,,,
2022-10-31,6143X,COÍN,MALAGA,230,"20,1","0,0","17,6",00:01,"22,6",13:05,,,,,,,,,
2022-11-01,6143X,COÍN,MALAGA,230,"21,5","0,0","15,3",06:37,"27,7",11:42,,,,,,,,,
2022-11-02,6143X,COÍN,MALAGA,230,"20,4","0,0","15,0",06:27,"25,7",12:16,,,,,,,,,
2022-11-03,6143X,COÍN,MALAGA,230,"19,6","0,0","14,1",04:51,"25,1",13:22,,,,,,,,,
2022-11-04,6143X,COÍN,MALAGA,230,"21,2","0,0","15,4",04:16,"27,0",14:19,,,,,,,,,
2022-11-05,6143X,COÍN,MALAGA,230,"19,4","0,0","13,6",07:06,"25,3",11:23,,,,,,,,,
2022-11-06,6143X,COÍN,MALAGA,230,"20,8","0,0","12,5",Varias,"29,0",15:22,,,,,,,,,
2022-11-07,6143X,COÍN,MALAGA,230,"18,7","0,0","11,6",06:44,"25,8",13:00,,,,,,,,,
2022-11-08,6143X,COÍN,MALAGA,230,"18,9","0,0","12,9",06:50,"24,9",15:38,,,,,,,,,
2022-11-09,6143X,COÍN,MALAGA,230,"20,2","0,0","14,2",04:40,"26,2",14:49,,,,,,,,,
2022-11-10,6143X,COÍN,MALAGA,230,"18,8","0,2","13,5",07:08,"24,2",15:17,,,,,,,,,
2022-11-11,6143X,COÍN,MALAGA,230,"19,8","0,2","15,0",05:56,"24,5",13:55,,,,,,,,,
2022-11-12,6143X,COÍN,MALAGA,230,"20,8","0,0","15,7",01:10,"25,9",14:11,,,,,,,,,
2022-11-13,6143X,COÍN,MALAGA,230,"18,4","0,0","13,7",06:40,"23,0",12:08,,,,,,,,,
2022-11-14,6143X,COÍN,MALAGA,230,"19,4","0,0","12,7",06:59,"26,2",13:57,,,,,,,,,
2022-11-15,6143X,COÍN,MALAGA,230,"18,6","0,2","13,7",02:26,"23,4",13:41,,,,,,,,,
2022-11-16,6143X,COÍN,MALAGA,230,"19,2","0,2","16,5",Varias,"21,8",11:02,,,,,,,,,
2022-11-17,6143X,COÍN,MALAGA,230,"20,1","2,2","14,7",06:24,"25,5",11:10,,,,,,,,,
2022-11-18,6143X,COÍN,MALAGA,230,"15,7","5,4","13,1",22:16,"18,3",00:01,,,,,,,,,
2022-11-19,6143X,COÍN,MALAGA,230,"14,4","0,0","10,4",06:34,"18,5",15:17,,,,,,,,,
2022-11-20,6143X,COÍN,MALAGA,230,"15,8","0,0","10,0",06:48,"21,5",15:22,,,,,,,,,
2022-11-21,6143X,COÍN,MALAGA,230,"17,1","0,2","10,6",06:07,"23,6",11:48,,,,,,,,,
2022-11-22,6143X,COÍN,MALAGA,230,"16,8","0,0","14,6",21:23,"19,0",12:16,,,,,,,,,
2022-11-23,6143X,COÍN,MALAGA,230,"19,8","0,0","14,1",02:13,"25,4",14:51,,,,,,,,,
2022-11-24,6143X,COÍN,MALAGA,230,"19,6","0,0","12,5",06:29,"26,7",14:12,,,,,,,,,
2022-11-25,6143X,COÍN,MALAGA,230,"18,0","0,0","12,8",23:59,"23,3",13:26,,,,,,,,,
2022-11-26,6143X,COÍN,MALAGA,230,"16,6","0,0","10,2",23:59,"23,1",14:01,,,,,,,,,
2022-11-27,6143X,COÍN,MALAGA,230,"14,8","0,0","7,7",05:59,"22,0",13:11,,,,,,,,,
2022-11-28,6143X,COÍN,MALAGA,230,"15,1","0,0","11,2",24:00,"19,0",14:38,,,,,,,,,
2022-11-29,6143X,COÍN,MALAGA,230,"14,5","0,0","6,7",07:20,"22,3",15:21,,,,,,,,,
2022-11-30,6143X,COÍN,MALAGA,230,"13,2","2,2","6,6",07:16,"19,7",13:18,,,,,,,,,
2022-12-01,6143X,COÍN,MALAGA,230,"11,9","1,8","9,7",04:56,"14,1",13:56,,,,,,,,,
2022-12-02,6143X,COÍN,MALAGA,230,"13,8","0,8","8,5",07:34,"19,0",13:14,,,,,,,,,
2022-12-03,6143X,COÍN,MALAGA,230,"13,4","5,4","9,1",00:05,"17,8",11:47,,,,,,,,,
2022-12-04,6143X,COÍN,MALAGA,230,"13,0","1,8","11,0",22:41,"15,0",15:32,,,,,,,,,
2022-12-05,6143X,COÍN,MALAGA,230,"14,2","67,4","10,8",00:31,"17,6",11:05,,,,,,,,,
2022-12-06,6143X,COÍN,MALAGA,230,"16,2","0,2","11,2",23:24,"21,3",14:07,,,,,,,,,
2022-12-07,6143X,COÍN,MALAGA,230,"13,8","0,4","9,8",06:16,"17,9",12:17,,,,,,,,,
2022-12-08,6143X,COÍN,MALAGA,230,"15,1","22,4","12,4",01:16,"17,8",Varias,,,,,,,,,
2022-12-09,6143X,COÍN,MALAGA,230,"14,2","20,4","12,9",23:28,"15,4",10:27,,,,,,,,,
2022-12-10,6143X,COÍN,MALAGA,230,"16,8","1,6","13,1",01:51,"20,6",13:22,,,,,,,,,
2022-12-11,6143X,COÍN,MALAGA,230,"17,8","6,2","12,4",05:11,"23,2",Varias,,,,,,,,,
2022-12-12,6143X,COÍN,MALAGA,230,"18,7","0,0","13,8",07:09,"23,6",13:03,,,,,,,,,
2022-12-13,6143X,COÍN,MALAGA,230,"19,2","6,2","17,8",06:58,"20,6",12:07,,,,,,,,,
2022-12-14,6143X,COÍN,MALAGA,230,"16,2","23,6","13,6",23:56,"18,8",00:01,,,,,,,,,
2022-12-15,6143X,COÍN,MALAGA,230,"13,2","1,0","9,8",23:39,"16,6",12:23,,,,,,,,,
2022-12-16,6143X,COÍN,MALAGA,230,"12,7","0,0","9,0",02:09,"16,4",14:43,,,,,,,,,
2022-12-17,6143X,COÍN,MALAGA,230,"14,5","0,0","9,1",07:01,"19,9",Varias,,,,,,,,,
2022-12-18,6143X,COÍN,MALAGA,230,"13,8","0,0","7,8",07:37,"19,9",15:00,,,,,,,,,
2022-12-19,6143X,COÍN,MALAGA,230,"13,7","0,0","10,0",07:05,"17,4",13:26,,,,,,,,,
2022-12-20,6143X,COÍN,MALAGA,230,"14,3","0,0","9,2",Varias,"19,4",15:15,,,,,,,,,
2022-12-21,6143X,COÍN,MALAGA,230,"17,1","0,0","11,8",07:42,"22,4",14:12,,,,,,,,,
2022-12-22,6143X,COÍN,MALAGA,230,"17,4","0,0","11,6",06:14,"23,1",14:10,,,,,,,,,
2022-12-23,6143X,COÍN,MALAGA,230,"17,4","0,0","10,1",04:06,"24,7",15:06,,,,,,,,,
2022-12-24,6143X,COÍN,MALAGA,230,"18,1","0,0","11,3",06:47,"24,9",14:02,,,,,,,,,
2022-12-25,6143X,COÍN,MALAGA,230,"17,2","0,0","10,5",06:24,"23,8",14:27,,,,,,,,,
2022-12-26,6143X,COÍN,MALAGA,230,"17,2","0,0","10,1",07:48,"24,4",15:14,,,,,,,,,
2022-12-27,6143X,COÍN,MALAGA,230,"17,0","0,0","9,8",06:09,"24,1",14:17,,,,,,,,,
2022-12-28,6143X,COÍN,MALAGA,230,"15,8","0,0","9,2",07:09,"22,4",14:31,,,,,,,,,
2022-12-29,6143X,COÍN,MALAGA,230,"16,3","0,0","9,5",06:30,"23,1",13:50,,,,,,,,,
2022-12-30,6143X,COÍN,MALAGA,230,"16,5","0,0","9,1",06:43,"23,9",15:02,,,,,,,,,
2022-12-31,6143X,COÍN,MALAGA,230,"15,2","0,0","8,3",06:59,"22,2",14:08,,,,,,,,,
2023-01-01,6143X,COÍN,MALAGA,230,"15,4","0,0","9,3",03:09,"21,6",14:03,,,,,,,,,
2023-01-02,6143X,COÍN,MALAGA,230,"14,4","0,0","10,4",04:53,"18,5",11:08,,,,,,,,,
2023-01-03,6143X,COÍN,MALAGA,230,"15,6","0,0","10,1",07:35,"21,0",14:03,,,,,,,,,
2023-01-04,6143X,COÍN,MALAGA,230,"14,1","0,0","11,1",21:54,"17,1",13:25,,,,,,,,,
2023-01-05,6143X,COÍN,MALAGA,230,"13,2","0,0","9,7",23:57,"16,7",15:20,,,,,,,,,
2023-01-06,6143X,COÍN,MALAGA,230,"14,0","0,0","8,5",06:12,"19,6",13:22,,,,,,,,,
2023-01-07,6143X,COÍN,MALAGA,230,"14,4","0,0","7,3",07:24,"21,5",14:14,,,,,,,,,
2023-01-08,6143X,COÍN,MALAGA,230,"14,8","0,0","10,4",00:25,"19,3",14:43,,,,,,,,,
2023-01-09,6143X,COÍN,MALAGA,230,"17,2","0,0","13,2",04:27,"21,3",13:29,,,,,,,,,
2023-01-10,6143X,COÍN,MALAGA,230,"17,2","0,0","11,1",07:44,"23,3",14:53,,,,,,,,,
2023-01-11,6143X,COÍN,MALAGA,230,"14,2","0,0","9,1",07:04,"19,3",14:17,,,,,,,,,
2023-01-12,6143X,COÍN,MALAGA,230,"14,7","0,0","9,3",05:40,"20,1",15:59,,,,,,,,,
2023-01-13,6143X,COÍN,MALAGA,230,"15,0","0,0","8,1",06:13,"22,0",16:02,,,,,,,,,
2023-01-14,6143X,COÍN,MALAGA,230,"13,6","0,0","7,4",07:02,"19,7",13:44,,,,,,,,,
2023-01-15,6143X,COÍN,MALAGA,230,"14,4","0,0","7,6",06:24,"21,1",15:28,,,,,,,,,
2023-01-16,6143X,COÍN,MALAGA,230,"11,9","0,0","7,3",07:14,"16,5",11:14,,,,,,,,,
2023-01-17,6143X,COÍN,MALAGA,230,"15,9","0,2","12,2",23:58,"19,6",14:05,,,,,,,,,
2023-01-18,6143X,COÍN,MALAGA,230,"11,6","0,0","8,9",07:53,"14,4",15:49,,,,,,,,,
2023-01-19,6143X,COÍN,MALAGA,230,"10,2","0,0","3,9",08:03,"16,6",15:32,,,,,,,,,
2023-01-20,6143X,COÍN,MALAGA,230,"14,6","0,0","11,4",21:22,"17,9",Varias,,,,,,,,,
2023-01-21,6143X,COÍN,MALAGA,230,"14,4","0,0","10,5",06:55,"18,4",15:59,,,,,,,,,
2023-01-22,6143X,COÍN,MALAGA,230,"11,4","0,0","5,8",22:36,"17,0",14:52,,,,,,,,,
2023-01-23,6143X,COÍN,MALAGA,230,,"0,0",,,,,,,,,,,,,
2023-01-24,6143X,COÍN,MALAGA,230,"7,6","8,2","3,5",04:49,"11,8",13:53,,,,,,,,,
2023-01-25,6143X,COÍN,MALAGA,230,"9,2","0,0","3,5",04:45,"14,8",13:11,,,,,,,,,
2023-01-26,6143X,COÍN,MALAGA,230,"9,0","0,0","4,1",07:55,"14,0",11:51,,,,,,,,,
2023-01-27,6143X,COÍN,MALAGA,230,"8,3","0,0","3,1",06:59,"13,5",16:04,,,,,,,,,
2023-01-28,6143X,COÍN,MALAGA,230,"10,4","0,0","4,0",07:29,"16,7",14:28,,,,,,,,,
2023-01-29,6143X,COÍN,MALAGA,230,"8,4","5,0","2,2",05:51,"14,5",11:59,,,,,,,,,
2023-01-30,6143X,COÍN,MALAGA,230,"9,1","0,0","5,5",05:31,"12,7",16:03,,,,,,,,,
2023-01-31,6143X,COÍN,MALAGA,230,"12,0","0,0","5,0",07:23,"19,0",15:31,,,,,,,,,
2023-02-01,6143X,COÍN,MALAGA,230,"10,3","0,0","3,7",06:46,"16,9",12:42,,,,,,,,,
2023-02-02,6143X,COÍN,MALAGA,230,"10,8","0,0","5,5",01:30,"16,2",15:34,,,,,,,,,
2023-02-03,6143X,COÍN,MALAGA,230,"11,8","0,0","4,8",07:09,"18,7",12:29,,,,,,,,,
2023-02-04,6143X,COÍN,MALAGA,230,"13,0","0,0","5,5",06:30,"20,5",14:29,,,,,,,,,
2023-02-05,6143X,COÍN,MALAGA,230,"13,0","0,0","5,0",07:28,"20,9",14:42,,,,,,,,,
2023-02-06,6143X,COÍN,MALAGA,230,"12,0","11,0","6,4",06:42,"17,6",11:54,,,,,,,,,
2023-02-07,6143X,COÍN,MALAGA,230,"9,6","59,6","7,4",Varias,"11,9",00:01,,,,,,,,,
2023-02-08,6143X,COÍN,MALAGA,230,"10,1","24,0","8,2",00:01,"12,0",22:55,,,,,,,,,
2023-02-09,6143X,COÍN,MALAGA,230,"11,9","1,6","10,3",06:56,"13,5",14:37,,,,,,,,,
2023-02-10,6143X,COÍN,MALAGA,230,"11,4","0,0","10,4",21:28,"12,3",09:37,,,,,,,,,
2023-02-11,6143X,COÍN,MALAGA,230,"12,9","0,0","10,2",22:59,"15,6",12:37,,,,,,,,,
2023-02-12,6143X,COÍN,MALAGA,230,"13,8","0,0","10,4",00:01,"17,2",15:52,,,,,,,,,
2023-02-13,6143X,COÍN,MALAGA,230,"14,0","0,0","11,3",Varias,"16,7",15:43,,,,,,,,,
2023-02-14,6143X,COÍN,MALAGA,230,"13,4","0,0","11,1",01:55,"15,8",11:35,,,,,,,,,
2023-02-15,6143X,COÍN,MALAGA,230,"14,8","0,0","10,1",23:03,"19,6",11:34,,,,,,,,,
2023-02-16,6143X,COÍN,MALAGA,230,"13,6","0,0","8,2",06:19,"19,1",12:50,,,,,,,,,
2023-02-17,6143X,COÍN,MALAGA,230,"13,8","0,2","12,1",03:49,"15,6",08:51,,,,,,,,,
2023-02-18,6143X,COÍN,MALAGA,230,"15,7","0,0","11,7",21:27,"19,7",11:59,,,,,,,,,
2023-02-19,6143X,COÍN,MALAGA,230,"15,2","0,0","11,1",02:22,"19,4",15:04,,,,,,,,,
2023-02-20,6143X,COÍN,MALAGA,230,"16,6","0,0","11,7",04:55,"21,6",12:17,,,,,,,,,
2023-02-21,6143X,COÍN,MALAGA,230,"15,8","0,0","10,9",04:25,"20,6",15:14,,,,,,,,,
2023-02-22,6143X,COÍN,MALAGA,230,"17,5","0,0","10,2",06:34,"24,8",14:51,,,,,,,,,
2023-02-23,6143X,COÍN,MALAGA,230,"15,6","0,0","8,7",07:16,"22,6",14:35,,,,,,,,,
2023-02-24,6143X,COÍN,MALAGA,230,"12,8","1,0","7,5",Varias,"18,1",15:18,,,,,,,,,
2023-02-25,6143X,COÍN,MALAGA,230,"11,0","0,0","5,7",06:42,"16,4",11:27,,,,,,,,,
2023-02-26,6143X,COÍN,MALAGA,230,"13,2","0,0","8,1",03:08,"18,2",16:18,,,,,,,,,
2023-02-27,6143X,COÍN,MALAGA,230,"13,0","0,0","9,6",06:37,"16,5",15:44,,,,,,,,,
2023-02-28,6143X,COÍN,MALAGA,230,"12,8","0,0","5,4",07:09,"20,1",15:45,,,,,,,,,
2023-03-01,6143X,COÍN,MALAGA,230,"12,0","0,0","3,9",07:08,"20,0",15:44,,,,,,,,,
2023-03-02,6143X,COÍN,MALAGA,230,"11,4","0,0","3,0",06:51,"19,9",15:45,,,,,,,,,
2023-03-03,6143X,COÍN,MALAGA,230,"12,8","0,0","4,3",06:59,"21,3",15:46,,,,,,,,,
2023-03-04,6143X,COÍN,MALAGA,230,"12,8","0,0","8,0",00:34,"17,7",15:49,,,,,,,,,
2023-03-05,6143X,COÍN,MALAGA,230,"11,9","0,0","6,3",05:49,"17,5",12:06,,,,,,,,,
2023-03-06,6143X,COÍN,MALAGA,230,"14,0","11,6","8,9",00:19,"19,1",13:05,,,,,,,,,
2023-03-07,6143X,COÍN,MALAGA,230,"17,4","0,0","12,1",03:56,"22,6",13:50,,,,,,,,,
2023-03-08,6143X,COÍN,MALAGA,230,"18,6","0,0","12,3",05:47,"24,9",12:02,,,,,,,,,
2023-03-09,6143X,COÍN,MALAGA,230,"17,6","0,0","11,9",04:35,"23,4",12:29,,,,,,,,,
2023-03-10,6143X,COÍN,MALAGA,230,"20,0","0,0","12,5",06:55,"27,5",15:48,,,,,,,,,
2023-03-11,6143X,COÍN,MALAGA,230,"19,0","0,0","12,9",06:29,"25,2",15:51,,,,,,,,,
2023-03-12,6143X,COÍN,MALAGA,230,"21,1","0,0","13,3",06:48,"28,9",14:07,,,,,,,,,
2023-03-13,6143X,COÍN,MALAGA,230,"21,0","0,0","12,0",06:08,"30,0",14:31,,,,,,,,,
2023-03-14,6143X,COÍN,MALAGA,230,"19,8","0,0","13,1",06:45,"26,6",15:49,,,,,,,,,
2023-03-15,6143X,COÍN,MALAGA,230,"18,0","0,0","11,1",06:24,"24,8",11:40,,,,,,,,,
2023-03-16,6143X,COÍN,MALAGA,230,"16,8","0,0","10,1",04:31,"23,5",15:47,,,,,,,,,
2023-03-17,6143X,COÍN,MALAGA,230,"18,3","0,0","9,8",05:46,"26,8",15:49,,,,,,,,,
2023-03-18,6143X,COÍN,MALAGA,230,"16,7","0,0","11,8",07:01,"21,6",14:53,,,,,,,,,
2023-03-19,6143X,COÍN,MALAGA,230,"17,5","0,0","11,1",06:35,"23,9",11:37,,,,,,,,,
2023-03-20,6143X,COÍN,MALAGA,230,"15,4","0,0","9,2",06:19,"21,7",15:53,,,,,,,,,
2023-03-21,6143X,COÍN,MALAGA,230,"16,4","0,0","9,1",06:02,"23,7",11:45,,,,,,,,,
2023-03-22,6143X,COÍN,MALAGA,230,"16,9","0,0","9,6",06:20,"24,2",15:52,,,,,,,,,
2023-03-23,6143X,COÍN,MALAGA,230,"17,8","0,0","10,3",03:52,"25,3",15:52,,,,,,,,,
2023-03-24,6143X,COÍN,MALAGA,230,"19,8","0,0","11,6",04:57,"28,1",12:50,,,,,,,,,
2023-03-25,6143X,COÍN,MALAGA,230,"21,6","0,0","14,0",06:06,"29,1",15:52,,,,,,,,,
2023-03-26,6143X,COÍN,MALAGA,230,"22,2","0,0","14,7",06:04,"29,6",14:38,,,,,,,,,
2023-03-27,6143X,COÍN,MALAGA,230,"19,0","0,0","12,3",23:59,"25,6",13:36,,,,,,,,,
2023-03-28,6143X,COÍN,MALAGA,230,"17,7","0,0","10,7",Varias,"24,7",14:18,,,,,,,,,
2023-03-29,6143X,COÍN,MALAGA,230,"17,0","0,0","9,9",05:16,"24,1",14:26,,,,,,,,,
2023-03-30,6143X,COÍN,MALAGA,230,"21,6","0,0","11,6",00:51,"31,6",14:24,,,,,,,,,
2023-03-31,6143X,COÍN,MALAGA,230,"23,4","0,0","15,1",06:06,"31,8",14:35,,,,,,,,,
2023-04-01,6143X,COÍN,MALAGA,230,,"0,0",,,,,,,,,,,,,
2023-04-02,6143X,COÍN,MALAGA,230,"19,8","0,0","12,6",23:45,"27,0",16:02,,,,,,,,,
2023-04-03,6143X,COÍN,MALAGA,230,,"0,0",,,,,,,,,,,,,
2023-04-04,6143X,COÍN,MALAGA,230,"16,2","0,0","11,4",23:53,"21,0",13:18,,,,,,,,,
2023-04-05,6143X,COÍN,MALAGA,230,"16,9","0,0","10,0",05:31,"23,8",15:59,,,,,,,,,
2023-04-06,6143X,COÍN,MALAGA,230,"16,8","0,0","11,4",03:52,"22,2",10:55,,,,,,,,,
2023-04-07,6143X,COÍN,MALAGA,230,"15,7","0,0","9,3",Varias,"22,1",16:02,,,,,,,,,
2023-04-08,6143X,COÍN,MALAGA,230,"17,4","0,0","8,3",Varias,"26,5",13:44,,,,,,,,,
2023-04-09,6143X,COÍN,MALAGA,230,"19,0","0,0","11,3",03:46,"26,6",15:57,,,,,,,,,
2023-04-10,6143X,COÍN,MALAGA,230,"24,9","0,0","14,7",00:22,"35,1",16:05,,,,,,,,,
2023-04-11,6143X,COÍN,MALAGA,230,"22,0","0,0","16,3",05:52,"27,7",15:13,,,,,,,,,
2023-04-12,6143X,COÍN,MALAGA,230,"22,3","0,0","15,6",04:35,"29,0",13:02,,,,,,,,,
2023-04-13,6143X,COÍN,MALAGA,230,"20,0","0,0","13,7",06:07,"26,3",15:59,,,,,,,,,
2023-04-14,6143X,COÍN,MALAGA,230,"21,2","0,0","13,2",06:04,"29,3",15:57,,,,,,,,,
2023-04-15,6143X,COÍN,MALAGA,230,"24,2","0,0","16,4",05:40,"32,0",15:59,,,,,,,,,
2023-04-16,6143X,COÍN,MALAGA,230,"19,4","0,0","13,2",23:48,"25,5",16:00,,,,,,,,,
2023-04-17,6143X,COÍN,MALAGA,230,"17,0","0,0","11,1",05:37,"23,0",10:48,,,,,,,,,
2023-04-18,6143X,COÍN,MALAGA,230,"17,1","0,0","10,7",05:47,"23,5",14:59,,,,,,,,,
2023-04-19,6143X,COÍN,MALAGA,230,"17,0","0,0","13,0",03:47,"21,0",13:52,,,,,,,,,
2023-04-20,6143X,COÍN,MALAGA,230,"18,0","0,0","10,8",05:44,"25,2",15:07,,,,,,,,,
2023-04-21,6143X,COÍN,MALAGA,230,"19,4","0,0","12,1",04:48,"26,6",10:31,,,,,,,,,
2023-04-22,6143X,COÍN,MALAGA,230,"21,0","0,0","13,9",05:11,"28,2",16:53,,,,,,,,,
2023-04-23,6143X,COÍN,MALAGA,230,"21,4","0,0","14,3",Varias,"28,4",16:01,,,,,,,,,
2023-04-24,6143X,COÍN,MALAGA,230,"23,4","0,0","17,3",23:49,"29,5",10:33,,,,,,,,,
2023-04-25,6143X,COÍN,MALAGA,230,"24,1","0,0","14,5",05:18,"33,7",17:08,,,,,,,,,
2023-04-26,6143X,COÍN,MALAGA,230,"26,8","0,0","19,3",Varias,"34,3",10:56,,,,,,,,,
2023-04-27,6143X,COÍN,MALAGA,230,"24,0","0,0","15,9",04:33,"32,1",16:08,,,,,,,,,
2023-04-28,6143X,COÍN,MALAGA,230,"24,2","0,0","17,2",04:29,"31,1",14:46,,,,,,,,,
2023-04-29,6143X,COÍN,MALAGA,230,"26,0","0,2","18,7",03:51,"33,2",16:03,,,,,,,,,
2023-04-30,6143X,COÍN,MALAGA,230,"24,4","0,0","18,1",23:53,"30,8",11:48,,,,,,,,,
2023-05-01,6143X,COÍN,MALAGA,230,"22,0","0,0","15,8",05:33,"28,2",13:57,,,,,,,,,
2023-05-02,6143X,COÍN,MALAGA,230,"23,5","0,0","15,7",05:27,"31,3",14:28,,,,,,,,,
2023-05-03,6143X,COÍN,MALAGA,230,"21,0","0,0","15,2",23:43,"26,8",15:04,,,,,,,,,
2023-05-04,6143X,COÍN,MALAGA,230,"22,6","0,0","13,8",04:20,"31,5",17:05,,,,,,,,,
2023-05-05,6143X,COÍN,MALAGA,230,"22,8","0,0","15,8",05:19,"29,8",11:05,,,,,,,,,
2023-05-06,6143X,COÍN,MALAGA,230,"24,2","0,0","16,3",05:31,"32,1",17:22,,,,,,,,,
2023-05-07,6143X,COÍN,MALAGA,230,"26,1","0,0","18,3",04:46,"33,9",15:02,,,,,,,,,
2023-05-08,6143X,COÍN,MALAGA,230,"23,0","0,0","15,6",05:41,"30,4",15:41,,,,,,,,,
2023-05-09,6143X,COÍN,MALAGA,230,"28,0","0,0","18,2",00:59,"37,9",16:08,,,,,,,,,
2023-05-10,6143X,COÍN,MALAGA,230,"22,7","0,0","18,3",24:00,"27,1",09:07,,,,,,,,,
2023-05-11,6143X,COÍN,MALAGA,230,"20,4","0,0","15,3",05:30,"25,5",14:52,,,,,,,,,
2023-05-12,6143X,COÍN,MALAGA,230,"20,9","0,0","17,2",05:32,"24,6",15:42,,,,,,,,,
2023-05-13,6143X,COÍN,MALAGA,230,"18,5","0,2","15,6",23:56,"21,4",10:58,,,,,,,,,
2023-05-14,6143X,COÍN,MALAGA,230,"19,8","0,0","12,3",04:51,"27,2",14:18,,,,,,,,,
2023-05-15,6143X,COÍN,MALAGA,230,"22,9","0,0","15,0",05:27,"30,8",15:09,,,,,,,,,
2023-05-16,6143X,COÍN,MALAGA,230,"22,8","0,0","17,1",Varias,"28,5",09:53,,,,,,,,,
2023-05-17,6143X,COÍN,MALAGA,230,"19,2","0,0","15,9",Varias,"22,4",13:22,,,,,,,,,
2023-05-18,6143X,COÍN,MALAGA,230,"16,8","6,6","11,9",23:46,"21,6",10:47,,,,,,,,,
2023-05-19,6143X,COÍN,MALAGA,230,"17,2","0,0","10,6",04:20,"23,8",13:10,,,,,,,,,
2023-05-20,6143X,COÍN,MALAGA,230,"18,8","0,0","12,8",05:24,"24,9",10:13,,,,,,,,,
2023-05-21,6143X,COÍN,MALAGA,230,"16,8","13,6","13,0",11:33,"20,5",16:21,,,,,,,,,
2023-05-22,6143X,COÍN,MALAGA,230,"15,6","1,6","12,7",05:17,"18,4",11:48,,,,,,,,,
2023-05-23,6143X,COÍN,MALAGA,230,"17,3","2,2","12,2",04:48,"22,4",12:57,,,,,,,,,
2023-05-24,6143X,COÍN,MALAGA,230,"19,9","0,0","14,0",04:43,"25,8",15:46,,,,,,,,,
2023-05-25,6143X,COÍN,MALAGA,230,"20,0","0,0","13,8",Varias,"26,1",13:21,,,,,,,,,
2023-05-26,6143X,COÍN,MALAGA,230,"19,4","9,8","14,5",04:43,"24,2",13:48,,,,,,,,,
2023-05-27,6143X,COÍN,MALAGA,230,"20,5","0,0","15,9",05:15,"25,1",14:18,,,,,,,,,
2023-05-28,6143X,COÍN,MALAGA,230,"20,6","13,0","14,5",05:11,"26,7",10:57,,,,,,,,,
2023-05-29,6143X,COÍN,MALAGA,230,"21,0","0,0","14,0",04:54,"28,1",16:02,,,,,,,,,
2023-05-30,6143X,COÍN,MALAGA,230,"22,5","0,0","15,5",05:14,"29,5",17:11,,,,,,,,,
2023-05-31,6143X,COÍN,MALAGA,230,"22,8","0,0","15,4",04:40,"30,3",12:24,,,,,,,,,
2023-06-01,6143X,COÍN,MALAGA,230,"21,4","3,0","15,9",04:44,"27,0",11:34,,,,,,,,,
2023-06-02,6143X,COÍN,MALAGA,230,"21,2","0,0","16,1",Varias,"26,4",14:42,,,,,,,,,
2023-06-03,6143X,COÍN,MALAGA,230,"21,6","0,0","16,5",03:40,"26,6",15:45,,,,,,,,,
2023-06-04,6143X,COÍN,MALAGA,230,"21,0","0,0","15,5",05:18,"26,6",15:10,,,,,,,,,
2023-06-05,6143X,COÍN,MALAGA,230,"21,3","0,0","16,3",05:25,"26,3",14:37,,,,,,,,,
2023-06-06,6143X,COÍN,MALAGA,230,"22,2","0,8","17,2",05:17,"27,3",12:45,,,,,,,,,
2023-06-07,6143X,COÍN,MALAGA,230,"22,2","1,6","18,3",01:52,"26,0",16:46,,,,,,,,,
2023-06-08,6143X,COÍN,MALAGA,230,"20,6","2,0","17,2",23:19,"23,9",15:08,,,,,,,,,
2023-06-09,6143X,COÍN,MALAGA,230,"23,2","0,2","16,5",01:00,"29,8",14:16,,,,,,,,,
2023-06-10,6143X,COÍN,MALAGA,230,"25,0","0,0","16,5",04:46,"33,4",15:14,,,,,,,,,
2023-06-11,6143X,COÍN,MALAGA,230,"25,8","0,0","18,5",04:35,"33,1",17:23,,,,,,,,,
2023-06-12,6143X,COÍN,MALAGA,230,"27,3","0,0","19,1",04:45,"35,5",15:47,,,,,,,,,
2023-06-13,6143X,COÍN,MALAGA,230,"25,0","0,0","19,0",04:18,"30,9",13:05,,,,,,,,,
2023-06-14,6143X,COÍN,MALAGA,230,"27,2","0,0","18,9",04:04,"35,5",15:08,,,,,,,,,
2023-06-15,6143X,COÍN,MALAGA,230,"26,4","0,0","19,7",04:47,"33,1",18:06,,,,,,,,,
2023-06-16,6143X,COÍN,MALAGA,230,"26,4","0,0","19,5",04:42,"33,2",16:26,,,,,,,,,
2023-06-17,6143X,COÍN,MALAGA,230,"26,8","0,0","19,9",05:09,"33,6",14:41,,,,,,,,,
2023-06-18,6143X,COÍN,MALAGA,230,"24,1","0,8","21,2",22:32,"27,0",17:02,,,,,,,,,
2023-06-19,6143X,COÍN,MALAGA,230,"26,0","0,0","20,6",02:48,"31,5",15:41,,,,,,,,,
2023-06-20,6143X,COÍN,MALAGA,230,"27,5","0,0","19,7",05:26,"35,3",15:07,,,,,,,,,
2023-06-21,6143X,COÍN,MALAGA,230,"27,6","0,0","22,0",06:00,"33,1",16:58,,,,,,,,,
2023-06-22,6143X,COÍN,MALAGA,230,"26,6","0,0","19,1",05:15,"34,0",13:01,,,,,,,,,
2023-06-23,6143X,COÍN,MALAGA,230,"26,3","0,0","19,4",02:25,"33,2",10:37,,,,,,,,,
2023-06-24,6143X,COÍN,MALAGA,230,"26,4","0,0","20,8",05:01,"31,9",14:23,,,,,,,,,
2023-06-25,6143X,COÍN,MALAGA,230,"28,0","0,0","20,4",05:17,"35,6",14:50,,,,,,,,,
2023-06-26,6143X,COÍN,MALAGA,230,"29,6","0,0","21,8",04:49,"37,5",14:29,,,,,,,,,
2023-06-27,6143X,COÍN,MALAGA,230,"29,0","0,0","21,2",05:10,"36,7",15:34,,,,,,,,,
2023-06-28,6143X,COÍN,MALAGA,230,"29,0","0,0","22,1",03:18,"36,0",11:53,,,,,,,,,
2023-06-29,6143X,COÍN,MALAGA,230,"31,8","0,0","21,8",04:56,"41,8",17:18,,,,,,,,,
2023-06-30,6143X,COÍN,MALAGA,230,"27,9","0,0","22,2",23:57,"33,6",09:30,,,,,,,,,
2023-07-01,6143X,COÍN,MALAGA,230,"26,1","0,0","21,4",05:11,"30,8",14:41,,,,,,,,,
2023-07-02,6143X,COÍN,MALAGA,230,"27,6","0,0","21,3",05:11,"33,9",16:32,,,,,,,,,
2023-07-03,6143X,COÍN,MALAGA,230,"27,6","0,0","21,3",04:38,"34,0",16:53,,,,,,,,,
2023-07-04,6143X,COÍN,MALAGA,230,"30,7","0,0","22,3",04:00,"39,1",16:27,,,,,,,,,
2023-07-05,6143X,COÍN,MALAGA,230,"29,4","0,0","24,2",04:40,"34,6",16:08,,,,,,,,,
2023-07-06,6143X,COÍN,MALAGA,230,"26,8","0,0","22,3",04:17,"31,4",16:39,,,,,,,,,
2023-07-07,6143X,COÍN,MALAGA,230,"26,9","0,0","21,9",04:43,"31,9",17:13,,,,,,,,,
2023-07-08,6143X,COÍN,MALAGA,230,"28,7","0,0","21,2",05:16,"36,2",16:51,,,,,,,,,
2023-07-09,6143X,COÍN,MALAGA,230,"29,2","0,0","22,8",02:30,"35,6",11:35,,,,,,,,,
2023-07-10,6143X,COÍN,MALAGA,230,"29,8","0,0","23,1",05:21,"36,6",16:43,,,,,,,,,
2023-07-11,6143X,COÍN,MALAGA,230,"32,5","0,0","23,5",03:50,"41,5",16:26,,,,,,,,,
2023-07-12,6143X,COÍN,MALAGA,230,"34,3","0,0","24,2",03:52,"44,4",16:25,,,,,,,,,
2023-07-13,6143X,COÍN,MALAGA,230,"32,0","0,0","25,9",05:23,"38,2",11:01,,,,,,,,,
2023-07-14,6143X,COÍN,MALAGA,230,"29,6","0,0","24,9",04:10,"34,2",16:35,,,,,,,,,
2023-07-15,6143X,COÍN,MALAGA,230,"30,2","0,0","23,3",04:28,"37,0",14:57,,,,,,,,,
2023-07-16,6143X,COÍN,MALAGA,230,"30,2","0,0","23,3",05:40,"37,0",13:54,,,,,,,,,
2023-07-17,6143X,COÍN,MALAGA,230,"30,4","0,0","23,5",05:09,"37,3",15:51,,,,,,,,,
2023-07-18,6143X,COÍN,MALAGA,230,"30,6","0,0","23,1",03:35,"38,1",12:27,,,,,,,,,
2023-07-19,6143X,COÍN,MALAGA,230,"35,7","0,0","27,3",05:45,"44,1",13:13,,,,,,,,,
2023-07-20,6143X,COÍN,MALAGA,230,"34,8","0,0","27,5",23:47,"42,0",12:30,,,,,,,,,
2023-07-21,6143X,COÍN,MALAGA,230,"32,0","0,0","23,6",05:23,"40,3",16:21,,,,,,,,,
2023-07-22,6143X,COÍN,MALAGA,230,"29,6","0,0","23,6",04:32,"35,7",16:50,,,,,,,,,
2023-07-23,6143X,COÍN,MALAGA,230,"28,6","0,0","23,2",05:38,"34,1",13:40,,,,,,,,,
2023-07-24,6143X,COÍN,MALAGA,230,"32,7","0,0","25,5",02:41,"39,9",14:03,,,,,,,,,
2023-07-25,6143X,COÍN,MALAGA,230,"31,4","0,0","23,4",05:28,"39,4",15:50,,,,,,,,,
2023-07-26,6143X,COÍN,MALAGA,230,"28,4","0,0","21,9",04:42,"34,9",16:22,,,,,,,,,
2023-07-27,6143X,COÍN,MALAGA,230,"28,3","0,0","21,6",05:08,"35,0",17:13,,,,,,,,,
2023-07-28,6143X,COÍN,MALAGA,230,"28,2","0,0","20,4",04:14,"36,0",12:57,,,,,,,,,
2023-07-29,6143X,COÍN,MALAGA,230,"29,6","0,0","21,3",05:28,"38,0",16:26,,,,,,,,,
2023-07-30,6143X,COÍN,MALAGA,230,"31,8","0,0","22,5",03:16,"41,0",12:36,,,,,,,,,
2023-07-31,6143X,COÍN,MALAGA,230,"30,9","0,0","24,1",03:11,"37,7",16:01,,,,,,,,,
2023-08-01,6143X,COÍN,MALAGA,230,"33,0","0,0","24,6",04:28,"41,4",16:47,,,,,,,,,
2023-08-02,6143X,COÍN,MALAGA,230,"33,4","0,0","23,9",05:26,"42,9",16:21,,,,,,,,,
2023-08-03,6143X,COÍN,MALAGA,230,"33,8","0,0","26,9",05:38,"40,6",15:10,,,,,,,,,
2023-08-04,6143X,COÍN,MALAGA,230,"28,0","0,0","22,9",05:32,"33,2",10:07,,,,,,,,,
2023-08-05,6143X,COÍN,MALAGA,230,"28,6","0,0","23,2",23:58,"34,0",14:46,,,,,,,,,
2023-08-06,6143X,COÍN,MALAGA,230,"28,4","0,0","21,2",03:15,"35,7",Varias,,,,,,,,,
2023-08-07,6143X,COÍN,MALAGA,230,"27,2","0,0","21,4",04:58,"32,9",10:09,,,,,,,,,
2023-08-08,6143X,COÍN,MALAGA,230,"28,5","0,0","23,1",04:05,"33,9",15:14,,,,,,,,,
2023-08-09,6143X,COÍN,MALAGA,230,"28,2","0,0","22,3",05:22,"34,1",16:47,,,,,,,,,
2023-08-10,6143X,COÍN,MALAGA,230,"32,2","0,0","23,4",05:34,"40,9",13:47,,,,,,,,,
2023-08-11,6143X,COÍN,MALAGA,230,"30,6","0,0","25,1",23:58,"36,1",11:25,,,,,,,,,
2023-08-12,6143X,COÍN,MALAGA,230,"28,4","0,0","22,8",04:56,"34,0",16:10,,,,,,,,,
2023-08-13,6143X,COÍN,MALAGA,230,"27,3","0,0","21,8",05:14,"32,8",13:12,,,,,,,,,
2023-08-14,6143X,COÍN,MALAGA,230,"27,5","0,0","21,6",04:24,"33,4",16:17,,,,,,,,,
2023-08-15,6143X,COÍN,MALAGA,230,"28,5","0,0","22,5",05:09,"34,5",16:28,,,,,,,,,
2023-08-16,6143X,COÍN,MALAGA,230,"28,4","0,0","21,7",05:39,"35,2",16:10,,,,,,,,,
2023-08-17,6143X,COÍN,MALAGA,230,"30,4","0,0","22,2",Varias,"38,7",16:12,,,,,,,,,
2023-08-18,6143X,COÍN,MALAGA,230,"31,6","0,0","22,7",05:34,"40,5",16:06,,,,,,,,,
2023-08-19,6143X,COÍN,MALAGA,230,"32,7","0,0","23,8",05:15,"41,6",14:42,,,,,,,,,
2023-08-20,6143X,COÍN,MALAGA,230,"29,9","0,0","24,1",05:54,"35,7",10:49,,,,,,,,,
2023-08-21,6143X,COÍN,MALAGA,230,"28,6","0,0","22,0",05:38,"35,2",16:05,,,,,,,,,
2023-08-22,6143X,COÍN,MALAGA,230,"28,9","0,0","22,3",05:48,"35,5",16:02,,,,,,,,,
2023-08-23,6143X,COÍN,MALAGA,230,"29,4","0,0","23,8",03:50,"34,9",17:05,,,,,,,,,
2023-08-24,6143X,COÍN,MALAGA,230,"29,4","0,0","22,6",05:36,"36,2",16:08,,,,,,,,,
2023-08-25,6143X,COÍN,MALAGA,230,"31,7","0,0","23,5",04:46,"39,9",15:56,,,,,,,,,
2023-08-26,6143X,COÍN,MALAGA,230,"33,6","0,0","25,3",02:48,"41,8",11:17,,,,,,,,,
2023-08-27,6143X,COÍN,MALAGA,230,"27,2","0,0","21,5",05:36,"32,8",16:05,,,,,,,,,
2023-08-28,6143X,COÍN,MALAGA,230,"26,6","0,0","21,0",23:49,"32,2",10:08,,,,,,,,,
2023-08-29,6143X,COÍN,MALAGA,230,"27,7","0,0","20,6",02:37,"34,8",11:55,,,,,,,,,
2023-08-30,6143X,COÍN,MALAGA,230,"27,0","0,0","21,9",05:39,"32,0",11:03,,,,,,,,,
2023-08-31,6143X,COÍN,MALAGA,230,"25,6","0,0","20,4",05:43,"30,9",16:02,,,,,,,,,
2023-09-01,6143X,COÍN,MALAGA,230,"25,8","0,0","19,4",04:44,"32,1",13:24,,,,,,,,,
2023-09-02,6143X,COÍN,MALAGA,230,"24,2","10,2","20,2",06:10,"28,1",17:03,,,,,,,,,
2023-09-03,6143X,COÍN,MALAGA,230,"21,3","0,2","18,5",03:50,"24,1",16:01,,,,,,,,,
2023-09-04,6143X,COÍN,MALAGA,230,"25,6","0,0","18,1",03:51,"33,0",14:59,,,,,,,,,
2023-09-05,6143X,COÍN,MALAGA,230,"25,9","0,0","18,6",06:06,"33,2",11:48,,,,,,,,,
2023-09-06,6143X,COÍN,MALAGA,230,"25,0","0,0","19,3",05:30,"30,8",10:27,,,,,,,,,
2023-09-07,6143X,COÍN,MALAGA,230,"26,1","0,0","22,7",23:54,"29,5",13:01,,,,,,,,,
2023-09-08,6143X,COÍN,MALAGA,230,"24,8","0,0","20,8",05:20,"28,8",14:00,,,,,,,,,
2023-09-09,6143X,COÍN,MALAGA,230,"25,2","0,0","20,7",23:56,"29,6",14:28,,,,,,,,,
2023-09-10,6143X,COÍN,MALAGA,230,"24,2","0,0","19,2",Varias,"29,1",15:46,,,,,,,,,
2023-09-11,6143X,COÍN,MALAGA,230,"25,6","0,0","19,6",03:55,"31,7",12:10,,,,,,,,,
2023-09-12,6143X,COÍN,MALAGA,230,"26,4","0,0","19,3",05:48,"33,6",13:16,,,,,,,,,
2023-09-13,6143X,COÍN,MALAGA,230,"25,8","0,0","20,1",05:49,"31,5",12:07,,,,,,,,,
2023-09-14,6143X,COÍN,MALAGA,230,"26,6","4,4","22,1",22:24,"31,1",14:09,,,,,,,,,
2023-09-15,6143X,COÍN,MALAGA,230,"25,1","0,0","20,1",23:38,"30,1",15:42,,,,,,,,,
2023-09-16,6143X,COÍN,MALAGA,230,"24,8","0,0","17,7",06:16,"31,8",14:02,,,,,,,,,
2023-09-17,6143X,COÍN,MALAGA,230,"23,2","0,0","18,2",04:48,"28,2",11:59,,,,,,,,,
2023-09-18,6143X,COÍN,MALAGA,230,"23,2","0,0","15,7",Varias,"30,6",14:17,,,,,,,,,
2023-09-19,6143X,COÍN,MALAGA,230,"23,4","0,0","17,1",06:13,"29,6",11:09,,,,,,,,,
2023-09-20,6143X,COÍN,MALAGA,230,"24,6","0,0","16,7",05:48,"32,5",15:36,,,,,,,,,
2023-09-21,6143X,COÍN,MALAGA,230,"24,6","0,0","16,7",06:11,"32,4",15:36,,,,,,,,,
2023-09-22,6143X,COÍN,MALAGA,230,"22,1","0,0","17,9",06:22,"26,3",14:21,,,,,,,,,
2023-09-23,6143X,COÍN,MALAGA,230,"22,4","0,0","15,6",06:13,"29,1",15:39,,,,,,,,,
2023-09-24,6143X,COÍN,MALAGA,230,"22,8","0,0","16,7",06:10,"28,9",13:47,,,,,,,,,
2023-09-25,6143X,COÍN,MALAGA,230,"22,4","0,0","16,4",05:43,"28,4",15:30,,,,,,,,,
2023-09-26,6143X,COÍN,MALAGA,230,"22,9","0,0","17,4",01:50,"28,4",15:33,,,,,,,,,
2023-09-27,6143X,COÍN,MALAGA,230,"22,6","0,0","16,6",05:59,"28,6",12:25,,,,,,,,,
2023-09-28,6143X,COÍN,MALAGA,230,"23,0","0,0","15,9",06:17,"30,0",15:32,,,,,,,,,
2023-09-29,6143X,COÍN,MALAGA,230,"23,9","0,0","16,8",06:29,"31,0",14:33,,,,,,,,,
2023-09-30,6143X,COÍN,MALAGA,230,"24,7","0,0","18,2",23:57,"31,2",15:25,,,,,,,,,
2023-10-01,6143X,COÍN,MALAGA,230,"24,8","0,0","17,1",05:10,"32,5",15:30,,,,,,,,,
2023-10-02,6143X,COÍN,MALAGA,230,"24,8","0,0","17,8",04:07,"31,8",16:11,,,,,,,,,
2023-10-03,6143X,COÍN,MALAGA,230,"24,0","0,0","18,0",06:18,"30,0",15:29,,,,,,,,,
2023-10-04,6143X,COÍN,MALAGA,230,"23,4","0,0","17,2",05:48,"29,5",13:44,,,,,,,,,
2023-10-05,6143X,COÍN,MALAGA,230,"23,4","0,0","17,5",05:19,"29,2",11:55,,,,,,,,,
2023-10-06,6143X,COÍN,MALAGA,230,"24,2","0,0","17,9",05:23,"30,4",13:39,,,,,,,,,
2023-10-07,6143X,COÍN,MALAGA,230,"25,4","0,0","17,5",04:36,"33,2",15:24,,,,,,,,,
2023-10-08,6143X,COÍN,MALAGA,230,"23,4","0,0","17,3",06:03,"29,6",10:54,,,,,,,,,
2023-10-09,6143X,COÍN,MALAGA,230,"22,4","0,0","16,8",03:51,"28,0",15:23,,,,,,,,,
2023-10-10,6143X,COÍN,MALAGA,230,"23,1","0,0","17,9",00:50,"28,3",15:20,,,,,,,,,
2023-10-11,6143X,COÍN,MALAGA,230,"22,3","0,0","17,3",23:56,"27,3",15:19,,,,,,,,,
2023-10-12,6143X,COÍN,MALAGA,230,"22,7","0,0","16,5",Varias,"28,9",15:18,,,,,,,,,
2023-10-13,6143X,COÍN,MALAGA,230,"23,2","1,6","16,2",06:03,"30,1",13:44,,,,,,,,,
2023-10-14,6143X,COÍN,MALAGA,230,"25,4","0,0","18,3",07:00,"32,5",15:18,,,,,,,,,
2023-10-15,6143X,COÍN,MALAGA,230,"22,4","0,0","15,9",06:27,"28,9",11:28,,,,,,,,,
2023-10-16,6143X,COÍN,MALAGA,230,"23,6","0,0","17,5",06:16,"29,8",12:17,,,,,,,,,
2023-10-17,6143X,COÍN,MALAGA,230,"23,3","0,0","18,3",Varias,"28,3",13:52,,,,,,,,,
2023-10-18,6143X,COÍN,MALAGA,230,"23,6","0,0","19,1",04:04,"28,1",15:18,,,,,,,,,
2023-10-19,6143X,COÍN,MALAGA,230,"19,0","23,4","15,7",23:27,"22,3",13:22,,,,,,,,,
2023-10-20,6143X,COÍN,MALAGA,230,"18,2","0,0","14,1",05:49,"22,3",13:28,,,,,,,,,
2023-10-21,6143X,COÍN,MALAGA,230,"18,4","0,0","12,2",06:49,"24,6",16:04,,,,,,,,,
2023-10-22,6143X,COÍN,MALAGA,230,"17,1","11,8","13,7",01:04,"20,5",12:42,,,,,,,,,
2023-10-23,6143X,COÍN,MALAGA,230,,"0,6",,,,,,,,,,,,,
2023-10-24,6143X,COÍN,MALAGA,230,,"0,0",,,,,,,,,,,,,
2023-10-25,6143X,COÍN,MALAGA,230,,"0,0",,,,,,,,,,,,,
2023-10-26,6143X,COÍN,MALAGA,230,"21,4","0,0","14,4",06:45,"28,5",12:19,,,,,,,,,
2023-10-27,6143X,COÍN,MALAGA,230,"19,2","0,0","14,0",23:52,"24,4",14:53,,,,,,,,,
2023-10-28,6143X,COÍN,MALAGA,230,"19,7","0,0","12,3",06:47,"27,1",14:20,,,,,,,,,
2023-10-29,6143X,COÍN,MALAGA,230,"18,4","0,2","11,8",06:28,"25,1",12:12,,,,,,,,,
2023-10-30,6143X,COÍN,MALAGA,230,"19,4","0,0","15,2",23:52,"23,6",16:14,,,,,,,,,
2023-10-31,6143X,COÍN,MALAGA,230,"15,9","1,2","13,5",22:12,"18,3",13:01,,,,,,,,,
2023-11-01,6143X,COÍN,MALAGA,230,"19,2","0,2","11,5",05:30,"27,0",15:53,,,,,,,,,
2023-11-02,6143X,COÍN,MALAGA,230,"19,6","0,0","14,4",00:35,"24,8",13:21,,,,,,,,,
2023-11-03,6143X,COÍN,MALAGA,230,"17,4","0,0","14,2",02:47,"20,6",13:45,,,,,,,,,
2023-11-04,6143X,COÍN,MALAGA,230,"18,0","0,0","11,7",05:00,"24,3",11:57,,,,,,,,,
2023-11-05,6143X,COÍN,MALAGA,230,"18,6","0,0","14,6",07:14,"22,5",14:31,,,,,,,,,
2023-11-06,6143X,COÍN,MALAGA,230,"16,4","0,0","11,8",07:16,"20,9",14:10,,,,,,,,,
2023-11-07,6143X,COÍN,MALAGA,230,"16,3","0,0","9,7",05:28,"22,9",14:17,,,,,,,,,
2023-11-08,6143X,COÍN,MALAGA,230,"15,8","0,0","9,2",06:41,"22,3",13:29,,,,,,,,,
2023-11-09,6143X,COÍN,MALAGA,230,"19,2","0,0","12,0",01:53,"26,5",15:44,,,,,,,,,
2023-11-10,6143X,COÍN,MALAGA,230,"18,4","0,0","12,8",06:35,"24,0",15:25,,,,,,,,,
2023-11-11,6143X,COÍN,MALAGA,230,"19,2","0,0","14,1",03:40,"24,2",15:45,,,,,,,,,
2023-11-12,6143X,COÍN,MALAGA,230,"20,8","0,0","15,2",06:41,"26,4",15:05,,,,,,,,,
2023-11-13,6143X,COÍN,MALAGA,230,"21,4","0,0","14,2",06:46,"28,7",14:29,,,,,,,,,
2023-11-14,6143X,COÍN,MALAGA,230,"23,8","0,0","14,3",07:14,"33,2",14:49,,,,,,,,,
2023-11-15,6143X,COÍN,MALAGA,230,"22,6","0,0","15,3",23:34,"29,8",11:58,,,,,,,,,
2023-11-16,6143X,COÍN,MALAGA,230,"21,3","0,0","13,3",06:06,"29,3",13:53,,,,,,,,,
2023-11-17,6143X,COÍN,MALAGA,230,"21,2","0,0","13,7",23:42,"28,6",13:20,,,,,,,,,
2023-11-18,6143X,COÍN,MALAGA,230,"19,4","0,0","13,6",00:01,"25,3",14:09,,,,,,,,,
2023-11-19,6143X,COÍN,MALAGA,230,"18,4","0,0","12,2",03:52,"24,6",12:20,,,,,,,,,
2023-11-20,6143X,COÍN,MALAGA,230,"19,8","0,0","10,8",06:47,"28,7",15:05,,,,,,,,,
2023-11-21,6143X,COÍN,MALAGA,230,"17,9","0,0","14,0",04:46,"21,8",15:06,,,,,,,,,
2023-11-22,6143X,COÍN,MALAGA,230,"14,8","0,0","9,6",07:19,"19,9",13:35,,,,,,,,,
2023-11-23,6143X,COÍN,MALAGA,230,"14,8","0,0","8,7",06:42,"20,9",12:56,,,,,,,,,
2023-11-24,6143X,COÍN,MALAGA,230,"15,5","0,0","7,5",04:55,"23,5",13:52,,,,,,,,,
2023-11-25,6143X,COÍN,MALAGA,230,"16,3","0,0","9,3",07:21,"23,3",11:23,,,,,,,,,
2023-11-26,6143X,COÍN,MALAGA,230,"14,9","0,0","8,7",06:08,"21,1",13:03,,,,,,,,,
2023-11-27,6143X,COÍN,MALAGA,230,"15,6","0,0","9,5",06:28,"21,6",12:54,,,,,,,,,
2023-11-28,6143X,COÍN,MALAGA,230,"15,8","0,0","10,8",02:19,"20,8",13:17,,,,,,,,,
2023-11-29,6143X,COÍN,MALAGA,230,"17,6","0,0","11,6",06:31,"23,5",12:28,,,,,,,,,
2023-11-30,6143X,COÍN,MALAGA,230,"19,3","0,0","14,8",06:22,"23,8",11:00,,,,,,,,,
2023-12-01,6143X,COÍN,MALAGA,230,"15,2","2,2","12,2",17:49,"18,2",07:17,,,,,,,,,
2023-12-02,6143X,COÍN,MALAGA,230,"12,2","0,0","6,5",07:43,"17,9",15:13,,,,,,,,,
2023-12-03,6143X,COÍN,MALAGA,230,"11,8","0,2","6,1",07:30,"17,5",14:17,,,,,,,,,
2023-12-04,6143X,COÍN,MALAGA,230,"11,6","0,4","8,3",02:12,"15,0",Varias,,,,,,,,,
2023-12-05,6143X,COÍN,MALAGA,230,"13,0","0,6","9,4",07:26,"16,5",13:09,,,,,,,,,
2023-12-06,6143X,COÍN,MALAGA,230,"12,2","3,8","10,6",Varias,"13,9",14:28,,,,,,,,,
2023-12-07,6143X,COÍN,MALAGA,230,"15,8","0,0","11,3",05:50,"20,4",12:49,,,,,,,,,
2023-12-08,6143X,COÍN,MALAGA,230,"16,8","0,0","13,3",00:41,"20,3",15:09,,,,,,,,,
2023-12-09,6143X,COÍN,MALAGA,230,"17,0","0,0","12,2",07:42,"21,9",13:03,,,,,,,,,
2023-12-10,6143X,COÍN,MALAGA,230,"18,8","0,0","11,9",05:13,"25,8",14:57,,,,,,,,,
2023-12-11,6143X,COÍN,MALAGA,230,"20,2","0,0","12,4",02:10,"28,0",15:08,,,,,,,,,
2023-12-12,6143X,COÍN,MALAGA,230,"22,0","0,0","14,1",07:25,"29,9",14:03,,,,,,,,,
2023-12-13,6143X,COÍN,MALAGA,230,"15,5","0,0","12,4",23:50,"18,6",10:50,,,,,,,,,
2023-12-14,6143X,COÍN,MALAGA,230,"13,4","0,0","8,2",07:40,"18,5",15:05,,,,,,,,,
2023-12-15,6143X,COÍN,MALAGA,230,"12,4","0,0","6,0",05:57,"18,7",14:29,,,,,,,,,
2023-12-16,6143X,COÍN,MALAGA,230,"13,2","0,0","7,5",07:23,"18,8",12:52,,,,,,,,,
2023-12-17,6143X,COÍN,MALAGA,230,"12,6","0,0","7,0",05:42,"18,3",14:01,,,,,,,,,
2023-12-18,6143X,COÍN,MALAGA,230,"12,5","0,0","6,7",07:43,"18,3",13:23,,,,,,,,,
2023-12-19,6143X,COÍN,MALAGA,230,"13,6","0,0","5,8",06:56,"21,3",15:03,,,,,,,,,
2023-12-20,6143X,COÍN,MALAGA,230,"12,4","0,0","7,6",04:18,"17,3",13:27,,,,,,,,,
2023-12-21,6143X,COÍN,MALAGA,230,"14,4","0,0","7,7",05:24,"21,1",15:12,,,,,,,,,
2023-12-22,6143X,COÍN,MALAGA,230,"14,8","0,0","6,2",06:45,"23,5",15:12,,,,,,,,,
2023-12-23,6143X,COÍN,MALAGA,230,"14,5","0,0","6,9",07:40,"22,1",14:44,,,,,,,,,
2023-12-24,6143X,COÍN,MALAGA,230,"14,3","0,0","6,4",07:33,"22,2",15:04,,,,,,,,,
2023-12-25,6143X,COÍN,MALAGA,230,"14,3","0,0","6,9",06:46,"21,7",14:59,,,,,,,,,
2023-12-26,6143X,COÍN,MALAGA,230,"12,6","0,0","4,9",07:20,"20,4",14:44,,,,,,,,,
2023-12-27,6143X,COÍN,MALAGA,230,"12,6","0,0","6,3",04:40,"19,0",14:35,,,,,,,,,
2023-12-28,6143X,COÍN,MALAGA,230,"12,2","0,0","6,6",05:19,"17,8",14:16,,,,,,,,,
2023-12-29,6143X,COÍN,MALAGA,230,"14,2","0,0","8,4",05:26,"20,0",13:43,,,,,,,,,
2023-12-30,6143X,COÍN,MALAGA,230,"16,8","0,0","9,7",Varias,"23,9",15:12,,,,,,,,,
2023-12-31,6143X,COÍN,MALAGA,230,"14,8","0,0","8,3",04:58,"21,2",12:25,,,,,,,,,
2024-01-01,6143X,COÍN,MALAGA,230,"16,4","0,0","10,3",23:55,"22,4",15:02,,,,,,,,,
2024-01-02,6143X,COÍN,MALAGA,230,"16,0","0,0","8,4",04:15,"23,6",15:19,,,,,,,,,
2024-01-03,6143X,COÍN,MALAGA,230,"17,5","0,0","10,0",06:53,"25,0",14:42,,,,,,,,,
2024-01-04,6143X,COÍN,MALAGA,230,"16,2","4,8","11,7",03:20,"20,6",14:46,,,,,,,,,
2024-01-05,6143X,COÍN,MALAGA,230,"12,8","0,0","10,7",23:47,"14,8",11:48,,,,,,,,,
2024-01-06,6143X,COÍN,MALAGA,230,"10,4","0,0","6,8",23:57,"13,9",14:13,,,,,,,,,
2024-01-07,6143X,COÍN,MALAGA,230,"11,4","0,0","4,4",07:26,"18,3",15:17,,,,,,,,,
2024-01-08,6143X,COÍN,MALAGA,230,"12,9","0,0","5,4",07:41,"20,4",14:36,,,,,,,,,
2024-01-09,6143X,COÍN,MALAGA,230,"10,0","0,2","8,6",06:05,"11,5",00:01,,,,,,,,,
2024-01-10,6143X,COÍN,MALAGA,230,"12,8","0,0","7,6",04:41,"17,9",13:52,,,,,,,,,
2024-01-11,6143X,COÍN,MALAGA,230,"13,2","0,0","6,9",06:41,"19,6",14:52,,,,,,,,,
2024-01-12,6143X,COÍN,MALAGA,230,"10,9","0,0","8,5",00:37,"13,3",15:54,,,,,,,,,
2024-01-13,6143X,COÍN,MALAGA,230,"12,5","0,0","8,5",07:48,"16,5",14:35,,,,,,,,,
2024-01-14,6143X,COÍN,MALAGA,230,"15,8","0,0","7,8",06:26,"23,8",15:10,,,,,,,,,
2024-01-15,6143X,COÍN,MALAGA,230,"16,7","0,0","11,2",02:49,"22,2",14:26,,,,,,,,,
2024-01-16,6143X,COÍN,MALAGA,230,"16,2","5,8","10,5",07:16,"21,9",14:50,,,,,,,,,
2024-01-17,6143X,COÍN,MALAGA,230,"16,3","0,4","10,2",02:37,"22,4",15:38,,,,,,,,,
2024-01-18,6143X,COÍN,MALAGA,230,"15,4","5,8","10,9",06:19,"19,9",13:39,,,,,,,,,
2024-01-19,6143X,COÍN,MALAGA,230,"14,2","16,8","11,7",02:56,"16,7",11:50,,,,,,,,,
2024-01-20,6143X,COÍN,MALAGA,230,"13,2","6,2","8,6",06:24,"17,7",14:10,,,,,,,,,
2024-01-21,6143X,COÍN,MALAGA,230,"13,3","0,0","9,7",05:38,"16,9",15:50,,,,,,,,,
2024-01-22,6143X,COÍN,MALAGA,230,"14,4","0,0","7,4",06:26,"21,5",15:32,,,,,,,,,
2024-01-23,6143X,COÍN,MALAGA,230,"15,4","0,0","7,7",04:32,"23,0",15:06,,,,,,,,,
2024-01-24,6143X,COÍN,MALAGA,230,"17,2","0,0","9,6",07:54,"24,7",15:34,,,,,,,,,
2024-01-25,6143X,COÍN,MALAGA,230,"19,3","0,0","10,7",02:39,"27,9",16:06,,,,,,,,,
2024-01-26,6143X,COÍN,MALAGA,230,"19,6","0,0","12,1",05:13,"27,1",12:07,,,,,,,,,
2024-01-27,6143X,COÍN,MALAGA,230,"16,9","0,0","10,3",23:51,"23,5",13:02,,,,,,,,,
2024-01-28,6143X,COÍN,MALAGA,230,"14,4","0,0","8,7",05:55,"20,2",13:39,,,,,,,,,
2024-01-29,6143X,COÍN,MALAGA,230,"14,0","0,0","12,2",Varias,"15,8",12:03,,,,,,,,,
2024-01-30,6143X,COÍN,MALAGA,230,"13,7","0,0","11,5",19:58,"15,9",11:38,,,,,,,,,
2024-01-31,6143X,COÍN,MALAGA,230,"14,4","0,0","12,8",Varias,"15,9",13:46,,,,,,,,,
2024-02-01,6143X,COÍN,MALAGA,230,"13,0","0,0","8,4",24:00,"17,6",16:36,,,,,,,,,
2024-02-02,6143X,COÍN,MALAGA,230,"13,5","0,0","6,6",06:36,"20,4",14:35,,,,,,,,,
2024-02-03,6143X,COÍN,MALAGA,230,"14,4","0,0","9,2",00:14,"19,5",15:49,,,,,,,,,
2024-02-04,6143X,COÍN,MALAGA,230,"15,0","0,0","8,7",23:39,"21,2",15:13,,,,,,,,,
2024-02-05,6143X,COÍN,MALAGA,230,"13,7","0,0","6,9",Varias,"20,5",14:21,,,,,,,,,
2024-02-06,6143X,COÍN,MALAGA,230,"17,3","0,0","10,1",06:35,"24,5",15:03,,,,,,,,,
2024-02-07,6143X,COÍN,MALAGA,230,"14,9","0,0","8,0",06:57,"21,8",12:27,,,,,,,,,
2024-02-08,6143X,COÍN,MALAGA,230,"13,1","2,8","8,1",07:21,"18,1",14:21,,,,,,,,,
2024-02-09,6143X,COÍN,MALAGA,230,"13,8","13,8","10,9",22:10,"16,7",00:01,,,,,,,,,
2024-02-10,6143X,COÍN,MALAGA,230,"15,2","0,0","12,0",06:16,"18,5",10:48,,,,,,,,,
2024-02-11,6143X,COÍN,MALAGA,230,"14,4","0,0","10,4",05:24,"18,3",15:31,,,,,,,,,
2024-02-12,6143X,COÍN,MALAGA,230,"19,2","0,0","12,7",Varias,"25,6",14:43,,,,,,,,,
2024-02-13,6143X,COÍN,MALAGA,230,"20,2","0,0","13,0",07:15,"27,3",15:17,,,,,,,,,
2024-02-14,6143X,COÍN,MALAGA,230,"20,0","0,0","13,4",06:42,"26,6",15:13,,,,,,,,,
2024-02-15,6143X,COÍN,MALAGA,230,"17,4","0,8","13,5",04:28,"21,2",14:11,,,,,,,,,
2024-02-16,6143X,COÍN,MALAGA,230,"15,7","0,0","12,1",23:36,"19,3",13:27,,,,,,,,,
2024-02-17,6143X,COÍN,MALAGA,230,"17,3","0,0","10,6",07:13,"24,0",15:51,,,,,,,,,
2024-02-18,6143X,COÍN,MALAGA,230,"14,8","0,0","8,6",06:56,"21,0",14:28,,,,,,,,,
2024-02-19,6143X,COÍN,MALAGA,230,"16,2","0,0","9,1",06:28,"23,4",12:32,,,,,,,,,
2024-02-20,6143X,COÍN,MALAGA,230,"17,0","0,0","9,8",04:28,"24,3",12:57,,,,,,,,,
2024-02-21,6143X,COÍN,MALAGA,230,"16,6","0,0","8,8",04:50,"24,5",14:13,,,,,,,,,
2024-02-22,6143X,COÍN,MALAGA,230,"20,3","0,0","13,8",06:48,"26,8",12:23,,,,,,,,,
2024-02-23,6143X,COÍN,MALAGA,230,"14,5","0,0","10,7",07:59,"18,3",15:45,,,,,,,,,
2024-02-24,6143X,COÍN,MALAGA,230,"14,0","0,0","10,4",06:40,"17,6",15:43,,,,,,,,,
2024-02-25,6143X,COÍN,MALAGA,230,"15,0","0,0","8,1",05:54,"21,9",12:39,,,,,,,,,
2024-02-26,6143X,COÍN,MALAGA,230,"14,4","0,8","11,8",23:50,"17,0",14:08,,,,,,,,,
2024-02-27,6143X,COÍN,MALAGA,230,"13,1","0,0","7,8",06:20,"18,4",15:41,,,,,,,,,
2024-02-28,6143X,COÍN,MALAGA,230,"14,0","0,0","8,6",04:37,"19,3",15:43,,,,,,,,,
2024-02-29,6143X,COÍN,MALAGA,230,"15,5","0,0","7,4",07:09,"23,6",15:40,,,,,,,,,
2024-03-01,6143X,COÍN,MALAGA,230,"15,2","0,0","9,4",07:01,"21,1",15:40,,,,,,,,,
2024-03-02,6143X,COÍN,MALAGA,230,"13,4","1,2","7,3",07:03,"19,4",10:49,,,,,,,,,
2024-03-03,6143X,COÍN,MALAGA,230,"13,3","0,0","9,6",05:49,"17,0",16:01,,,,,,,,,
2024-03-04,6143X,COÍN,MALAGA,230,"16,2","0,0","9,1",06:10,"23,3",12:11,,,,,,,,,
2024-03-05,6143X,COÍN,MALAGA,230,"18,2","0,0","9,4",06:06,"27,0",15:43,,,,,,,,,
2024-03-06,6143X,COÍN,MALAGA,230,"13,8","0,0","7,1",06:20,"20,4",15:43,,,,,,,,,
2024-03-07,6143X,COÍN,MALAGA,230,"13,5","10,6","8,9",22:34,"18,1",12:27,,,,,,,,,
2024-03-08,6143X,COÍN,MALAGA,230,"12,0","20,2","6,9",06:01,"17,0",13:19,,,,,,,,,
2024-03-09,6143X,COÍN,MALAGA,230,"12,0","2,2","10,1",16:27,"13,9",09:36,,,,,,,,,
2024-03-10,6143X,COÍN,MALAGA,230,"15,6","0,2","9,6",05:55,"21,7",15:44,,,,,,,,,
2024-03-11,6143X,COÍN,MALAGA,230,"16,2","0,0","10,8",06:39,"21,7",15:43,,,,,,,,,
2024-03-12,6143X,COÍN,MALAGA,230,"15,6","0,0","8,8",06:18,"22,5",15:44,,,,,,,,,
2024-03-13,6143X,COÍN,MALAGA,230,"15,7","0,0","9,6",05:38,"21,8",13:28,,,,,,,,,
2024-03-14,6143X,COÍN,MALAGA,230,"17,2","0,0","8,8",05:10,"25,6",15:41,,,,,,,,,
2024-03-15,6143X,COÍN,MALAGA,230,"19,2","0,0","11,5",06:26,"27,0",15:47,,,,,,,,,
2024-03-16,6143X,COÍN,MALAGA,230,"19,4","0,0","12,4",05:58,"26,5",15:17,,,,,,,,,
2024-03-17,6143X,COÍN,MALAGA,230,"20,4","0,0","13,8",05:43,"27,1",11:25,,,,,,,,,
2024-03-18,6143X,COÍN,MALAGA,230,"21,8","0,0","13,6",06:52,"30,1",14:21,,,,,,,,,
2024-03-19,6143X,COÍN,MALAGA,230,"21,6","0,0","15,2",03:11,"28,0",12:07,,,,,,,,,
2024-03-20,6143X,COÍN,MALAGA,230,"18,7","1,6","13,6",05:38,"23,8",16:56,,,,,,,,,
2024-03-21,6143X,COÍN,MALAGA,230,"17,0","0,0","13,0",06:25,"21,1",15:25,,,,,,,,,
2024-03-22,6143X,COÍN,MALAGA,230,"22,0","0,0","16,3",00:02,"27,7",12:15,,,,,,,,,
2024-03-23,6143X,COÍN,MALAGA,230,"21,4","0,0","16,5",03:12,"26,3",11:38,,,,,,,,,
2024-03-24,6143X,COÍN,MALAGA,230,"19,2","6,4","14,0",20:14,"24,5",14:41,,,,,,,,,
2024-03-25,6143X,COÍN,MALAGA,230,"15,4","3,6","13,7",22:42,"17,2",12:02,,,,,,,,,
2024-03-26,6143X,COÍN,MALAGA,230,"12,8","0,0","8,8",Varias,"16,8",16:29,,,,,,,,,
2024-03-27,6143X,COÍN,MALAGA,230,"15,2","6,4","11,4",Varias,"19,0",13:48,,,,,,,,,
2024-03-28,6143X,COÍN,MALAGA,230,"15,2","0,8","13,5",05:19,"17,0",17:39,,,,,,,,,
2024-03-29,6143X,COÍN,MALAGA,230,"14,6","13,2","9,5",23:35,"19,7",15:52,,,,,,,,,
2024-03-30,6143X,COÍN,MALAGA,230,"12,4","52,8","9,2",06:24,"15,7",17:06,,,,,,,,,
2024-03-31,6143X,COÍN,MALAGA,230,"10,4","12,4","6,5",23:36,"14,4",03:48,,,,,,,,,
2024-04-01,6143X,COÍN,MALAGA,230,"13,7","0,0","5,7",05:49,"21,7",16:35,,,,,,,,,
2024-04-02,6143X,COÍN,MALAGA,230,"14,4","0,0","7,4",05:37,"21,5",11:27,,,,,,,,,
2024-04-03,6143X,COÍN,MALAGA,230,"19,2","0,0","10,3",03:18,"28,1",15:00,,,,,,,,,
2024-04-04,6143X,COÍN,MALAGA,230,"19,5","0,0","11,9",06:13,"27,1",15:51,,,,,,,,,
2024-04-05,6143X,COÍN,MALAGA,230,"20,9","0,0","11,8",Varias,"30,0",16:24,,,,,,,,,
2024-04-06,6143X,COÍN,MALAGA,230,"22,4","0,0","14,8",00:01,"29,9",13:57,,,,,,,,,
2024-04-07,6143X,COÍN,MALAGA,230,"24,1","0,0","17,1",06:44,"31,1",15:47,,,,,,,,,
2024-04-08,6143X,COÍN,MALAGA,230,"19,6","0,0","14,0",06:19,"25,2",11:13,,,,,,,,,
2024-04-09,6143X,COÍN,MALAGA,230,"17,6","0,0","12,1",05:56,"23,2",11:17,,,,,,,,,
2024-04-10,6143X,COÍN,MALAGA,230,"18,2","0,0","10,9",04:53,"25,6",16:00,,,,,,,,,
2024-04-11,6143X,COÍN,MALAGA,230,"18,6","0,0","10,2",05:46,"26,9",11:39,,,,,,,,,
2024-04-12,6143X,COÍN,MALAGA,230,"16,2","0,0","11,0",Varias,"21,4",10:23,,,,,,,,,
2024-04-13,6143X,COÍN,MALAGA,230,"18,2","0,0","10,5",05:44,"25,8",13:16,,,,,,,,,
2024-04-14,6143X,COÍN,MALAGA,230,"20,0","0,0","11,9",05:54,"28,1",15:54,,,,,,,,,
2024-04-15,6143X,COÍN,MALAGA,230,"23,6","0,0","14,0",05:00,"33,2",14:14,,,,,,,,,
2024-04-16,6143X,COÍN,MALAGA,230,"26,1","0,0","16,8",01:39,"35,4",Varias,,,,,,,,,
2024-04-17,6143X,COÍN,MALAGA,230,"21,0","0,0","15,8",22:43,"26,1",10:51,,,,,,,,,
2024-04-18,6143X,COÍN,MALAGA,230,"18,8","0,0","13,7",05:52,"23,8",15:16,,,,,,,,,
2024-04-19,6143X,COÍN,MALAGA,230,"17,3","0,0","14,5",Varias,"20,1",15:19,,,,,,,,,
2024-04-20,6143X,COÍN,MALAGA,230,"16,8","0,0","12,9",05:58,"20,7",09:43,,,,,,,,,
2024-04-21,6143X,COÍN,MALAGA,230,"16,4","0,2","11,9",23:58,"20,9",14:29,,,,,,,,,
2024-04-22,6143X,COÍN,MALAGA,230,"18,8","0,0","10,6",04:48,"27,1",15:56,,,,,,,,,
2024-04-23,6143X,COÍN,MALAGA,230,"18,6","0,0","13,3",23:51,"24,0",17:27,,,,,,,,,
2024-04-24,6143X,COÍN,MALAGA,230,"17,4","0,0","10,6",03:53,"24,2",11:38,,,,,,,,,
2024-04-25,6143X,COÍN,MALAGA,230,"19,6","0,0","12,0",Varias,"27,1",14:24,,,,,,,,,
2024-04-26,6143X,COÍN,MALAGA,230,"19,0","0,0","12,6",05:31,"25,3",14:38,,,,,,,,,
2024-04-27,6143X,COÍN,MALAGA,230,"15,8","3,4","11,7",22:39,"19,9",17:44,,,,,,,,,
2024-04-28,6143X,COÍN,MALAGA,230,"16,6","0,0","9,6",04:25,"23,7",11:51,,,,,,,,,
2024-04-29,6143X,COÍN,MALAGA,230,"16,6","0,4","10,0",05:27,"23,3",10:48,,,,,,,,,
2024-04-30,6143X,COÍN,MALAGA,230,"16,5","0,0","9,1",04:02,"23,9",13:07,,,,,,,,,
2024-05-01,6143X,COÍN,MALAGA,230,"17,2","1,8","13,5",22:05,"20,9",15:15,,,,,,,,,
2024-05-02,6143X,COÍN,MALAGA,230,"16,5","0,0","9,7",05:19,"23,3",15:09,,,,,,,,,
2024-05-03,6143X,COÍN,MALAGA,230,"17,6","0,0","10,3",03:03,"25,0",16:32,,,,,,,,,
2024-05-04,6143X,COÍN,MALAGA,230,"19,9","0,0","11,1",05:14,"28,7",16:06,,,,,,,,,
2024-05-05,6143X,COÍN,MALAGA,230,"23,2","0,0","14,4",05:29,"31,9",14:43,,,,,,,,,
2024-05-06,6143X,COÍN,MALAGA,230,"24,0","0,0","18,4",03:43,"29,7",15:45,,,,,,,,,
2024-05-07,6143X,COÍN,MALAGA,230,"20,8","0,0","15,3",23:48,"26,2",09:23,,,,,,,,,
2024-05-08,6143X,COÍN,MALAGA,230,"20,0","0,0","13,6",04:18,"26,3",15:09,,,,,,,,,
2024-05-09,6143X,COÍN,MALAGA,230,"20,0","0,0","12,7",05:23,"27,3",16:05,,,,,,,,,
2024-05-10,6143X,COÍN,MALAGA,230,"19,5","0,0","13,8",05:21,"25,2",13:43,,,,,,,,,
2024-05-11,6143X,COÍN,MALAGA,230,"20,8","0,0","14,9",04:59,"26,8",14:12,,,,,,,,,
2024-05-12,6143X,COÍN,MALAGA,230,"19,8","0,0","12,8",04:58,"26,8",17:40,,,,,,,,,
2024-05-13,6143X,COÍN,MALAGA,230,"22,0","0,0","14,4",05:17,"29,5",15:34,,,,,,,,,
2024-05-14,6143X,COÍN,MALAGA,230,"22,4","0,0","17,3",05:03,"27,4",14:14,,,,,,,,,
2024-05-15,6143X,COÍN,MALAGA,230,"19,9","0,0","13,8",05:35,"26,0",15:16,,,,,,,,,
2024-05-16,6143X,COÍN,MALAGA,230,"20,3","0,0","13,3",05:15,"27,3",15:21,,,,,,,,,
2024-05-17,6143X,COÍN,MALAGA,230,"21,4","0,0","13,6",05:13,"29,1",16:06,,,,,,,,,
2024-05-18,6143X,COÍN,MALAGA,230,"21,8","0,0","13,6",05:43,"30,0",14:27,,,,,,,,,
2024-05-19,6143X,COÍN,MALAGA,230,"22,1","0,0","15,0",05:18,"29,2",14:00,,,,,,,,,
2024-05-20,6143X,COÍN,MALAGA,230,"20,4","0,0","14,8",05:09,"26,0",17:36,,,,,,,,,
2024-05-21,6143X,COÍN,MALAGA,230,"21,6","0,0","14,2",05:13,"29,0",15:21,,,,,,,,,
2024-05-22,6143X,COÍN,MALAGA,230,"22,6","0,0","15,4",03:15,"29,8",12:49,,,,,,,,,
2024-05-23,6143X,COÍN,MALAGA,230,"22,2","0,0","15,3",03:54,"29,1",16:17,,,,,,,,,
2024-05-24,6143X,COÍN,MALAGA,230,"20,5","0,0","15,3",04:58,"25,7",15:12,,,,,,,,,
2024-05-25,6143X,COÍN,MALAGA,230,"21,4","0,0","15,3",05:11,"27,4",13:12,,,,,,,,,
2024-05-26,6143X,COÍN,MALAGA,230,"23,8","0,0","16,6",03:29,"30,9",Varias,,,,,,,,,
2024-05-27,6143X,COÍN,MALAGA,230,"26,8","0,0","18,2",05:30,"35,5",13:02,,,,,,,,,
2024-05-28,6143X,COÍN,MALAGA,230,"22,3","0,0","18,2",23:56,"26,4",15:27,,,,,,,,,
2024-05-29,6143X,COÍN,MALAGA,230,"23,4","0,0","16,6",04:24,"30,2",16:55,,,,,,,,,
2024-05-30,6143X,COÍN,MALAGA,230,"25,0","0,0","17,9",04:58,"32,1",14:30,,,,,,,,,
2024-05-31,6143X,COÍN,MALAGA,230,"23,4","0,0","19,3",23:40,"27,6",09:28,,,,,,,,,
2024-06-01,6143X,COÍN,MALAGA,230,"22,1","0,0","18,4",03:49,"25,8",15:20,,,,,,,,,
2024-06-02,6143X,COÍN,MALAGA,230,"22,6","0,0","17,4",23:56,"27,8",15:32,,,,,,,,,
2024-06-03,6143X,COÍN,MALAGA,230,"21,2","0,0","15,6",04:57,"26,7",15:42,,,,,,,,,
2024-06-04,6143X,COÍN,MALAGA,230,"21,7","0,0","15,6",05:13,"27,8",14:52,,,,,,,,,
2024-06-05,6143X,COÍN,MALAGA,230,"24,6","0,0","16,7",04:15,"32,4",16:33,,,,,,,,,
2024-06-06,6143X,COÍN,MALAGA,230,"28,9","0,0","21,5",01:31,"36,3",14:14,,,,,,,,,
2024-06-07,6143X,COÍN,MALAGA,230,"26,2","4,6","20,6",23:57,"31,9",16:16,,,,,,,,,
2024-06-08,6143X,COÍN,MALAGA,230,"24,2","0,0","18,4",05:03,"30,1",12:28,,,,,,,,,
2024-06-09,6143X,COÍN,MALAGA,230,"22,2","0,0","15,1",05:14,"29,4",16:43,,,,,,,,,
2024-06-10,6143X,COÍN,MALAGA,230,"24,8","0,0","17,1",05:20,"32,5",16:34,,,,,,,,,
2024-06-11,6143X,COÍN,MALAGA,230,"24,0","2,2","17,5",05:12,"30,5",13:27,,,,,,,,,
2024-06-12,6143X,COÍN,MALAGA,230,"23,4","0,0","17,6",04:55,"29,3",16:35,,,,,,,,,
2024-06-13,6143X,COÍN,MALAGA,230,"23,7","0,0","18,9",05:13,"28,5",12:40,,,,,,,,,
2024-06-14,6143X,COÍN,MALAGA,230,"25,1","0,0","17,0",04:17,"33,2",16:20,,,,,,,,,
2024-06-15,6143X,COÍN,MALAGA,230,"29,0","0,0","21,9",04:54,"36,0",14:32,,,,,,,,,
2024-06-16,6143X,COÍN,MALAGA,230,"27,0","0,0","19,4",05:10,"34,5",12:23,,,,,,,,,
2024-06-17,6143X,COÍN,MALAGA,230,"25,0","0,0","18,3",05:06,"31,6",10:38,,,,,,,,,
2024-06-18,6143X,COÍN,MALAGA,230,"25,0","0,0","17,2",04:51,"32,9",15:51,,,,,,,,,
2024-06-19,6143X,COÍN,MALAGA,230,"22,3","0,0","17,1",24:00,"27,5",11:08,,,,,,,,,
2024-06-20,6143X,COÍN,MALAGA,230,"22,8","0,0","15,7",02:48,"30,0",14:59,,,,,,,,,
2024-06-21,6143X,COÍN,MALAGA,230,"24,2","0,0","16,9",04:54,"31,6",13:42,,,,,,,,,
2024-06-22,6143X,COÍN,MALAGA,230,"25,4","0,0","18,3",04:55,"32,5",13:56,,,,,,,,,
2024-06-23,6143X,COÍN,MALAGA,230,"25,8","0,0","19,6",04:02,"32,1",11:08,,,,,,,,,
2024-06-24,6143X,COÍN,MALAGA,230,"23,6","0,0","18,5",04:13,"28,7",12:06,,,,,,,,,
2024-06-25,6143X,COÍN,MALAGA,230,"24,2","0,0","18,1",05:03,"30,3",Varias,,,,,,,,,
2024-06-26,6143X,COÍN,MALAGA,230,"24,8","4,8","19,0",04:21,"30,7",13:00,,,,,,,,,
2024-06-27,6143X,COÍN,MALAGA,230,"23,8","0,0","18,9",04:54,"28,8",17:06,,,,,,,,,
2024-06-28,6143X,COÍN,MALAGA,230,"23,3","0,2","18,6",04:59,"28,0",17:38,,,,,,,,,
2024-06-29,6143X,COÍN,MALAGA,230,"25,2","0,0","17,5",04:30,"32,9",15:36,,,,,,,,,
2024-06-30,6143X,COÍN,MALAGA,230,"26,6","0,0","17,7",04:54,"35,6",15:36,,,,,,,,,
2024-07-01,6143X,COÍN,MALAGA,230,"28,4","0,0","20,5",05:12,"36,3",17:14,,,,,,,,,
2024-07-02,6143X,COÍN,MALAGA,230,"26,8","0,0","19,1",05:16,"34,4",14:04,,,,,,,,,
2024-07-03,6143X,COÍN,MALAGA,230,"28,0","0,0","20,9",03:25,"35,2",11:07,,,,,,,,,
2024-07-04,6143X,COÍN,MALAGA,230,"28,8","0,0","21,3",04:48,"36,4",16:19,,,,,,,,,
2024-07-05,6143X,COÍN,MALAGA,230,"28,3","0,0","22,4",02:16,"34,2",10:46,,,,,,,,,
2024-07-06,6143X,COÍN,MALAGA,230,"27,0","0,0","19,3",04:32,"34,7",17:08,,,,,,,,,
2024-07-07,6143X,COÍN,MALAGA,230,"26,5","0,0","20,6",23:57,"32,4",16:06,,,,,,,,,
2024-07-08,6143X,COÍN,MALAGA,230,"24,3","0,0","18,9",05:13,"29,7",15:31,,,,,,,,,
2024-07-09,6143X,COÍN,MALAGA,230,"25,8","0,0","19,2",Varias,"32,4",15:36,,,,,,,,,
2024-07-10,6143X,COÍN,MALAGA,230,"29,1","0,0","19,9",Varias,"38,3",17:02,,,,,,,,,
2024-07-11,6143X,COÍN,MALAGA,230,"30,4","0,0","22,1",03:44,"38,7",16:59,,,,,,,,,
2024-07-12,6143X,COÍN,MALAGA,230,"33,8","0,0","25,0",03:14,"42,7",14:07,,,,,,,,,
2024-07-13,6143X,COÍN,MALAGA,230,"27,6","0,0","21,9",05:26,"33,4",11:58,,,,,,,,,
2024-07-14,6143X,COÍN,MALAGA,230,"28,6","0,0","21,1",05:15,"36,1",16:38,,,,,,,,,
2024-07-15,6143X,COÍN,MALAGA,230,"31,0","0,0","21,9",05:14,"40,1",15:57,,,,,,,,,
2024-07-16,6143X,COÍN,MALAGA,230,"32,4","0,0","24,4",23:57,"40,4",14:30,,,,,,,,,
2024-07-17,6143X,COÍN,MALAGA,230,"26,7","0,0","23,0",05:18,"30,4",13:47,,,,,,,,,
2024-07-18,6143X,COÍN,MALAGA,230,"28,8","0,0","22,1",05:03,"35,4",17:30,,,,,,,,,
2024-07-19,6143X,COÍN,MALAGA,230,"29,0","0,0","21,8",05:03,"36,3",11:10,,,,,,,,,
2024-07-20,6143X,COÍN,MALAGA,230,"33,3","0,0","23,2",04:15,"43,4",16:38,,,,,,,,,
2024-07-21,6143X,COÍN,MALAGA,230,"32,6","0,0","26,0",05:29,"39,1",16:01,,,,,,,,,
2024-07-22,6143X,COÍN,MALAGA,230,"27,0","0,0","22,6",05:19,"31,4",12:50,,,,,,,,,
2024-07-23,6143X,COÍN,MALAGA,230,"27,8","0,0","21,0",04:53,"34,5",13:42,,,,,,,,,
2024-07-24,6143X,COÍN,MALAGA,230,"28,8","0,0","21,1",05:23,"36,4",14:33,,,,,,,,,
2024-07-25,6143X,COÍN,MALAGA,230,"30,0","0,0","22,8",04:56,"37,3",16:06,,,,,,,,,
2024-07-26,6143X,COÍN,MALAGA,230,"27,6","0,0","21,1",05:26,"34,0",12:19,,,,,,,,,
2024-07-27,6143X,COÍN,MALAGA,230,"27,0","0,0","21,8",04:53,"32,2",14:36,,,,,,,,,
2024-07-28,6143X,COÍN,MALAGA,230,"27,2","0,0","22,6",03:27,"31,8",15:12,,,,,,,,,
2024-07-29,6143X,COÍN,MALAGA,230,"29,4","0,0","24,8",03:11,"34,1",14:18,,,,,,,,,
2024-07-30,6143X,COÍN,MALAGA,230,"30,9","0,0","24,3",05:20,"37,5",15:46,,,,,,,,,
2024-07-31,6143X,COÍN,MALAGA,230,"32,1","0,0","23,8",02:49,"40,4",15:42,,,,,,,,,
2024-08-01,6143X,COÍN,MALAGA,230,"35,0","0,0","26,6",05:33,"43,3",15:25,,,,,,,,,
2024-08-02,6143X,COÍN,MALAGA,230,"33,2","0,0","25,4",05:33,"41,0",15:06,,,,,,,,,
2024-08-03,6143X,COÍN,MALAGA,230,"29,3","0,0","24,1",23:58,"34,5",12:26,,,,,,,,,
2024-08-04,6143X,COÍN,MALAGA,230,"28,3","0,0","21,8",04:43,"34,8",16:21,,,,,,,,,
2024-08-05,6143X,COÍN,MALAGA,230,"29,6","0,0","21,7",05:30,"37,6",12:00,,,,,,,,,
2024-08-06,6143X,COÍN,MALAGA,230,"30,2","0,0","23,1",05:25,"37,2",10:49,,,,,,,,,
2024-08-07,6143X,COÍN,MALAGA,230,"30,4","0,0","22,7",05:24,"38,1",11:07,,,,,,,,,
2024-08-08,6143X,COÍN,MALAGA,230,"28,0","0,0","22,6",Varias,"33,5",16:12,,,,,,,,,
2024-08-09,6143X,COÍN,MALAGA,230,"28,1","0,0","22,7",05:23,"33,5",09:57,,,,,,,,,
2024-08-10,6143X,COÍN,MALAGA,230,"27,4","0,0","22,8",05:28,"32,1",11:14,,,,,,,,,
2024-08-11,6143X,COÍN,MALAGA,230,"29,0","0,0","24,4",05:39,"33,5",15:20,,,,,,,,,
2024-08-12,6143X,COÍN,MALAGA,230,"29,0","0,0","21,9",05:36,"36,2",16:09,,,,,,,,,
2024-08-13,6143X,COÍN,MALAGA,230,"30,3","0,0","22,8",03:25,"37,8",14:17,,,,,,,,,
2024-08-14,6143X,COÍN,MALAGA,230,"30,8","0,0","23,4",05:02,"38,2",16:06,,,,,,,,,
2024-08-15,6143X,COÍN,MALAGA,230,"29,0","0,0","23,5",05:45,"34,4",13:07,,,,,,,,,
2024-08-16,6143X,COÍN,MALAGA,230,"28,2","0,0","22,7",01:54,"33,7",16:05,,,,,,,,,
2024-08-17,6143X,COÍN,MALAGA,230,"28,6","0,0","21,2",05:13,"36,0",12:53,,,,,,,,,
2024-08-18,6143X,COÍN,MALAGA,230,"31,7","0,0","22,4",04:11,"41,0",14:11,,,,,,,,,
2024-08-19,6143X,COÍN,MALAGA,230,"29,2","0,0","24,2",05:46,"34,2",11:06,,,,,,,,,
2024-08-20,6143X,COÍN,MALAGA,230,"28,8","0,0","23,1",05:52,"34,6",14:43,,,,,,,,,
2024-08-21,6143X,COÍN,MALAGA,230,"28,3","0,0","22,9",04:03,"33,7",13:09,,,,,,,,,
2024-08-22,6143X,COÍN,MALAGA,230,"29,7","0,0","22,1",03:38,"37,3",15:58,,,,,,,,,
2024-08-23,6143X,COÍN,MALAGA,230,"29,9","0,0","24,0",05:30,"35,8",15:59,,,,,,,,,
2024-08-24,6143X,COÍN,MALAGA,230,"29,6","0,0","22,9",05:31,"36,2",15:56,,,,,,,,,
2024-08-25,6143X,COÍN,MALAGA,230,"29,2","0,0","23,6",05:27,"34,8",10:58,,,,,,,,,
2024-08-26,6143X,COÍN,MALAGA,230,"27,6","0,0","24,1",05:39,"31,2",15:55,,,,,,,,,
2024-08-27,6143X,COÍN,MALAGA,230,"27,6","0,0","23,3",Varias,"31,8",12:55,,,,,,,,,
2024-08-28,6143X,COÍN,MALAGA,230,"27,2","0,2","21,9",05:36,"32,4",14:29,,,,,,,,,
2024-08-29,6143X,COÍN,MALAGA,230,"27,4","0,0","23,1",00:28,"31,7",16:29,,,,,,,,,
2024-08-30,6143X,COÍN,MALAGA,230,"28,8","0,0","23,5",03:13,"34,0",14:44,,,,,,,,,
2024-08-31,6143X,COÍN,MALAGA,230,"28,2","0,0","24,2",05:03,"32,3",13:57,,,,,,,,,
2024-09-01,6143X,COÍN,MALAGA,230,"28,8","0,0","24,0",06:02,"33,6",15:52,,,,,,,,,
2024-09-02,6143X,COÍN,MALAGA,230,"28,5","0,0","23,6",04:44,"33,4",15:50,,,,,,,,,
2024-09-03,6143X,COÍN,MALAGA,230,"27,0","0,0","21,6",Varias,"32,3",15:51,,,,,,,,,
2024-09-04,6143X,COÍN,MALAGA,230,"27,4","0,0","18,6",05:55,"36,2",15:48,,,,,,,,,
2024-09-05,6143X,COÍN,MALAGA,230,"25,7","0,0","21,2",23:56,"30,2",15:47,,,,,,,,,
2024-09-06,6143X,COÍN,MALAGA,230,"24,9","0,0","18,6",05:47,"31,2",15:47,,,,,,,,,
2024-09-07,6143X,COÍN,MALAGA,230,"26,2","6,0","18,7",06:11,"33,6",13:43,,,,,,,,,
2024-09-08,6143X,COÍN,MALAGA,230,"26,2","0,0","19,2",03:47,"33,1",15:46,,,,,,,,,
2024-09-09,6143X,COÍN,MALAGA,230,"27,2","0,0","18,4",05:20,"36,1",15:46,,,,,,,,,
2024-09-10,6143X,COÍN,MALAGA,230,"26,2","0,0","18,0",05:43,"34,4",15:48,,,,,,,,,
2024-09-11,6143X,COÍN,MALAGA,230,"27,0","0,0","19,4",05:57,"34,5",15:42,,,,,,,,,
2024-09-12,6143X,COÍN,MALAGA,230,"26,3","0,0","18,6",05:25,"34,0",12:44,,,,,,,,,
2024-09-13,6143X,COÍN,MALAGA,230,"24,8","0,2","21,1",06:10,"28,4",10:08,,,,,,,,,
2024-09-14,6143X,COÍN,MALAGA,230,"23,2","1,2","21,1",Varias,"25,3",15:40,,,,,,,,,
2024-09-15,6143X,COÍN,MALAGA,230,"24,0","0,0","19,0",23:57,"29,0",15:37,,,,,,,,,
2024-09-16,6143X,COÍN,MALAGA,230,"24,6","0,0","18,0",04:29,"31,3",12:09,,,,,,,,,
2024-09-17,6143X,COÍN,MALAGA,230,"21,9","0,0","17,2",05:40,"26,6",12:39,,,,,,,,,
2024-09-18,6143X,COÍN,MALAGA,230,"23,6","0,0","19,2",23:57,"27,9",15:38,,,,,,,,,
2024-09-19,6143X,COÍN,MALAGA,230,"22,1","4,2","18,6",22:03,"25,6",14:32,,,,,,,,,
2024-09-20,6143X,COÍN,MALAGA,230,"22,2","0,6","18,5",04:29,"25,8",11:16,,,,,,,,,
2024-09-21,6143X,COÍN,MALAGA,230,"23,4","0,4","19,0",24:00,"27,8",15:31,,,,,,,,,
2024-09-22,6143X,COÍN,MALAGA,230,"23,7","0,0","16,6",05:49,"30,8",11:57,,,,,,,,,
2024-09-23,6143X,COÍN,MALAGA,230,"24,4","0,0","17,4",06:24,"31,5",15:35,,,,,,,,,
2024-09-24,6143X,COÍN,MALAGA,230,"23,8","0,0","15,9",05:18,"31,6",16:43,,,,,,,,,
2024-09-25,6143X,COÍN,MALAGA,230,"24,6","0,0","17,2",05:17,"32,0",13:21,,,,,,,,,
2024-09-26,6143X,COÍN,MALAGA,230,"26,3","0,0","18,6",06:02,"34,0",15:29,,,,,,,,,
2024-09-27,6143X,COÍN,MALAGA,230,"25,7","0,0","20,1",04:11,"31,3",15:29,,,,,,,,,
2024-09-28,6143X,COÍN,MALAGA,230,"22,4","0,0","16,3",06:27,"28,5",15:30,,,,,,,,,
2024-09-29,6143X,COÍN,MALAGA,230,"22,9","0,0","17,9",01:00,"27,9",15:24,,,,,,,,,
2024-09-30,6143X,COÍN,MALAGA,230,"23,0","0,0","16,5",06:21,"29,5",15:26,,,,,,,,,
2024-10-01,6143X,COÍN,MALAGA,230,"25,1","0,0","16,1",04:46,"34,1",15:25,,,,,,,,,
2024-10-02,6143X,COÍN,MALAGA,230,"27,7","0,0","19,5",06:26,"35,9",15:23,,,,,,,,,
2024-10-03,6143X,COÍN,MALAGA,230,"29,0","0,0","23,2",04:46,"34,9",15:23,,,,,,,,,
2024-10-04,6143X,COÍN,MALAGA,230,"26,9","0,0","19,1",06:03,"34,7",15:20,,,,,,,,,
2024-10-05,6143X,COÍN,MALAGA,230,"26,8","0,0","19,3",05:50,"34,4",15:21,,,,,,,,,
2024-10-06,6143X,COÍN,MALAGA,230,"27,2","0,0","19,6",06:33,"34,9",15:19,,,,,,,,,
2024-10-07,6143X,COÍN,MALAGA,230,"25,2","2,0","17,5",23:49,"32,8",15:18,,,,,,,,,
2024-10-08,6143X,COÍN,MALAGA,230,"22,8","0,0","16,5",06:26,"29,2",14:19,,,,,,,,,
2024-10-09,6143X,COÍN,MALAGA,230,"21,4","0,0","15,3",06:33,"27,6",11:40,,,,,,,,,
2024-10-10,6143X,COÍN,MALAGA,230,"21,9","0,0","17,7",06:33,"26,1",11:56,,,,,,,,,
2024-10-11,6143X,COÍN,MALAGA,230,"20,7","5,0","16,5",10:54,"24,9",15:20,,,,,,,,,
2024-10-12,6143X,COÍN,MALAGA,230,"22,6","10,2","17,4",02:23,"27,8",12:36,,,,,,,,,
2024-10-13,6143X,COÍN,MALAGA,230,"23,0","0,8","17,6",Varias,"28,5",13:21,,,,,,,,,
2024-10-14,6143X,COÍN,MALAGA,230,"20,7","2,4","18,3",23:58,"23,1",13:28,,,,,,,,,
2024-10-15,6143X,COÍN,MALAGA,230,"20,0","15,2","17,0",23:02,"22,9",11:38,,,,,,,,,
2024-10-16,6143X,COÍN,MALAGA,230,"21,2","1,2","17,0",06:59,"25,4",16:06,,,,,,,,,
2024-10-17,6143X,COÍN,MALAGA,230,"20,2","0,0","15,7",06:13,"24,7",15:16,,,,,,,,,
2024-10-18,6143X,COÍN,MALAGA,230,"19,2","0,0","14,3",06:39,"24,1",16:14,,,,,,,,,
2024-10-19,6143X,COÍN,MALAGA,230,"22,1","0,0","16,0",06:57,"28,2",15:14,,,,,,,,,
2024-10-20,6143X,COÍN,MALAGA,230,"22,4","0,0","15,5",06:20,"29,4",12:23,,,,,,,,,
2024-10-21,6143X,COÍN,MALAGA,230,"21,4","0,0","15,4",06:17,"27,4",12:31,,,,,,,,,
2024-10-22,6143X,COÍN,MALAGA,230,"20,4","0,0","14,9",04:15,"26,0",12:59,,,,,,,,,
2024-10-23,6143X,COÍN,MALAGA,230,"20,0","0,4","16,1",00:22,"23,8",14:03,,,,,,,,,
2024-10-24,6143X,COÍN,MALAGA,230,"20,4","0,0","16,1",24:00,"24,6",14:53,,,,,,,,,
2024-10-25,6143X,COÍN,MALAGA,230,"19,8","0,0","16,1",00:01,"23,5",14:36,,,,,,,,,
2024-10-26,6143X,COÍN,MALAGA,230,"16,1","11,6","10,9",06:16,"21,3",14:05,,,,,,,,,
2024-10-27,6143X,COÍN,MALAGA,230,"14,8","3,2","10,4",23:57,"19,2",15:07,,,,,,,,,
2024-10-28,6143X,COÍN,MALAGA,230,"14,8","39,8","10,4",00:01,"19,1",11:24,,,,,,,,,
2024-10-29,6143X,COÍN,MALAGA,230,"14,8","36,0","11,8",20:43,"17,9",15:22,,,,,,,,,
2024-10-30,6143X,COÍN,MALAGA,230,"14,3","51,6","12,3",05:43,"16,3",Varias,,,,,,,,,
2024-10-31,6143X,COÍN,MALAGA,230,"17,4","4,4","14,3",23:55,"20,6",15:14,,,,,,,,,
2024-11-01,6143X,COÍN,MALAGA,230,"17,6","9,0","13,2",04:38,"22,1",11:56,,,,,,,,,
2024-11-02,6143X,COÍN,MALAGA,230,"18,6","0,4","15,2",07:12,"21,9",14:17,,,,,,,,,
2024-11-03,6143X,COÍN,MALAGA,230,"19,6","0,0","15,3",Varias,"23,9",13:31,,,,,,,,,
2024-11-04,6143X,COÍN,MALAGA,230,"19,6","0,0","14,8",23:54,"24,3",14:34,,,,,,,,,
2024-11-05,6143X,COÍN,MALAGA,230,"19,4","0,0","13,7",06:22,"25,0",14:30,,,,,,,,,
2024-11-06,6143X,COÍN,MALAGA,230,"17,8","0,2","14,6",00:01,"21,0",13:52,,,,,,,,,
2024-11-07,6143X,COÍN,MALAGA,230,"19,0","0,0","15,1",22:34,"22,9",12:00,,,,,,,,,
2024-11-08,6143X,COÍN,MALAGA,230,"18,0","0,0","14,7",23:50,"21,4",14:31,,,,,,,,,
2024-11-09,6143X,COÍN,MALAGA,230,"19,7","0,0","14,6",04:17,"24,8",14:16,,,,,,,,,
2024-11-10,6143X,COÍN,MALAGA,230,"21,0","0,0","14,4",07:03,"27,5",15:07,,,,,,,,,
2024-11-11,6143X,COÍN,MALAGA,230,"18,7","0,0","12,6",06:57,"24,8",14:08,,,,,,,,,
2024-11-12,6143X,COÍN,MALAGA,230,"18,0","0,0","13,1",23:44,"22,8",12:33,,,,,,,,,
2024-11-13,6143X,COÍN,MALAGA,230,"12,8","122,2","11,4",02:59,"14,1",08:08,,,,,,,,,
2024-11-14,6143X,COÍN,MALAGA,230,"17,0","0,0","12,9",Varias,"21,0",13:08,,,,,,,,,
2024-11-15,6143X,COÍN,MALAGA,230,"18,5","0,0","15,1",03:22,"21,9",14:10,,,,,,,,,
2024-11-16,6143X,COÍN,MALAGA,230,"18,4","0,8","15,2",21:02,"21,6",12:33,,,,,,,,,
2024-11-17,6143X,COÍN,MALAGA,230,"18,3","0,0","13,9",06:32,"22,7",14:11,,,,,,,,,
2024-11-18,6143X,COÍN,MALAGA,230,"19,2","0,2","12,5",05:33,"25,9",15:38,,,,,,,,,
2024-11-19,6143X,COÍN,MALAGA,230,"19,6","0,0","14,2",Varias,"25,1",13:08,,,,,,,,,
2024-11-20,6143X,COÍN,MALAGA,230,"18,4","0,0","12,8",07:31,"24,0",15:34,,,,,,,,,
2024-11-21,6143X,COÍN,MALAGA,230,"15,7","0,0","11,2",07:00,"20,2",13:08,,,,,,,,,
2024-11-22,6143X,COÍN,MALAGA,230,"18,0","0,0","13,3",00:24,"22,7",14:33,,,,,,,,,
2024-11-23,6143X,COÍN,MALAGA,230,"16,8","0,0","11,1",07:01,"22,6",13:08,,,,,,,,,
2024-11-24,6143X,COÍN,MALAGA,230,"16,6","0,0","12,0",06:32,"21,2",11:47,,,,,,,,,
2024-11-25,6143X,COÍN,MALAGA,230,"18,3","0,0","13,5",03:21,"23,1",12:11,,,,,,,,,
2024-11-26,6143X,COÍN,MALAGA,230,"17,0","0,0","12,4",06:57,"21,7",15:14,,,,,,,,,
2024-11-27,6143X,COÍN,MALAGA,230,"16,8","0,0","12,9",Varias,"20,8",12:42,,,,,,,,,
2024-11-28,6143X,COÍN,MALAGA,230,"16,6","0,0","14,1",23:48,"19,0",14:00,,,,,,,,,
2024-11-29,6143X,COÍN,MALAGA,230,"16,0","0,0","12,1",Varias,"20,0",13:07,,,,,,,,,
2024-11-30,6143X,COÍN,MALAGA,230,"21,8","0,0","14,0",23:50,"29,5",14:10,,,,,,,,,
2024-12-01,6143X,COÍN,MALAGA,230,"16,6","0,0","12,5",02:16,"20,7",12:47,,,,,,,,,
2024-12-02,6143X,COÍN,MALAGA,230,"16,2","0,0","11,2",06:33,"21,3",14:17,,,,,,,,,
2024-12-03,6143X,COÍN,MALAGA,230,"17,5","0,0","11,4",06:28,"23,6",14:38,,,,,,,,,
2024-12-04,6143X,COÍN,MALAGA,230,"15,6","0,0","11,9",Varias,"19,2",14:48,,,,,,,,,
2024-12-05,6143X,COÍN,MALAGA,230,"15,8","0,0","9,6",05:43,"22,0",13:10,,,,,,,,,
2024-12-06,6143X,COÍN,MALAGA,230,"18,2","0,0","10,6",07:40,"25,9",15:07,,,,,,,,,
2024-12-07,6143X,COÍN,MALAGA,230,"18,8","0,0","13,6",23:52,"24,0",15:06,,,,,,,,,
2024-12-08,6143X,COÍN,MALAGA,230,"14,7","0,0","8,7",07:49,"20,7",13:26,,,,,,,,,
2024-12-09,6143X,COÍN,MALAGA,230,"11,2","0,0","7,5",23:54,"15,0",12:27,,,,,,,,,
2024-12-10,6143X,COÍN,MALAGA,230,"11,6","0,0","4,5",07:03,"18,8",15:17,,,,,,,,,
2024-12-11,6143X,COÍN,MALAGA,230,"10,0","9,8","5,3",07:40,"14,7",10:30,,,,,,,,,
2024-12-12,6143X,COÍN,MALAGA,230,"10,2","9,0","8,1",00:01,"12,4",14:45,,,,,,,,,
2024-12-13,6143X,COÍN,MALAGA,230,"12,8","0,2","8,6",23:26,"16,9",13:55,,,,,,,,,
2024-12-14,6143X,COÍN,MALAGA,230,"13,2","0,0","6,6",06:02,"19,9",14:55,,,,,,,,,
2024-12-15,6143X,COÍN,MALAGA,230,"12,5","0,0","7,7",06:29,"17,3",13:15,,,,,,,,,
2024-12-16,6143X,COÍN,MALAGA,230,"12,7","0,0","9,0",00:48,"16,4",14:45,,,,,,,,,
2024-12-17,6143X,COÍN,MALAGA,230,"14,0","0,0","10,0",07:43,"17,9",14:56,,,,,,,,,
2024-12-18,6143X,COÍN,MALAGA,230,"15,3","0,0","8,5",05:50,"22,1",15:06,,,,,,,,,
2024-12-19,6143X,COÍN,MALAGA,230,"18,2","0,0","12,9",03:11,"23,6",13:34,,,,,,,,,
2024-12-20,6143X,COÍN,MALAGA,230,"15,0","0,0","10,2",06:48,"19,9",14:03,,,,,,,,,
2024-12-21,6143X,COÍN,MALAGA,230,"13,7","0,0","9,6",08:11,"17,8",15:13,,,,,,,,,
2024-12-22,6143X,COÍN,MALAGA,230,"14,5","0,0","7,5",06:10,"21,5",15:03,,,,,,,,,
2024-12-23,6143X,COÍN,MALAGA,230,"14,4","0,0","8,9",23:41,"20,0",11:36,,,,,,,,,
2024-12-24,6143X,COÍN,MALAGA,230,"12,3","0,0","7,7",23:52,"16,9",15:57,,,,,,,,,
2024-12-25,6143X,COÍN,MALAGA,230,"14,4","0,0","6,8",05:14,"22,1",15:06,,,,,,,,,
2024-12-26,6143X,COÍN,MALAGA,230,"13,0","0,0","10,1",02:42,"16,0",13:51,,,,,,,,,
2024-12-27,6143X,COÍN,MALAGA,230,"14,6","0,0","11,2",20:48,"17,9",13:29,,,,,,,,,
2024-12-28,6143X,COÍN,MALAGA,230,"13,8","0,0","9,8",22:26,"17,9",15:51,,,,,,,,,
2024-12-29,6143X,COÍN,MALAGA,230,"13,8","0,0","9,6",04:34,"18,0",14:17,,,,,,,,,
2024-12-30,6143X,COÍN,MALAGA,230,"13,6","2,8","8,4",08:04,"18,8",14:36,,,,,,,,,
2024-12-31,6143X,COÍN,MALAGA,230,"11,2","1,4","7,8",07:26,"14,6",10:57,,,,,,,,,
2025-01-01,6143X,COÍN,MALAGA,230,"10,8","0,0","6,2",06:16,"15,4",15:47,,,,,,,,,
2025-01-02,6143X,COÍN,MALAGA,230,"12,3","0,0","6,1",05:38,"18,5",14:10,,,,,,,,,
2025-01-03,6143X,COÍN,MALAGA,230,"13,2","0,0","6,2",06:27,"20,2",13:28,,,,,,,,,
2025-01-04,6143X,COÍN,MALAGA,230,"13,6","0,0","7,3",04:22,"19,8",13:00,,,,,,,,,
2025-01-05,6143X,COÍN,MALAGA,230,"14,0","9,0","8,6",06:44,"19,4",13:51,,,,,,,,,
2025-01-06,6143X,COÍN,MALAGA,230,"13,8","0,8","10,4",07:45,"17,3",12:51,,,,,,,,,
2025-01-07,6143X,COÍN,MALAGA,230,"12,6","0,2","6,9",08:03,"18,3",14:32,,,,,,,,,
2025-01-08,6143X,COÍN,MALAGA,230,"13,8","0,0","6,9",02:40,"20,6",15:28,,,,,,,,,
2025-01-09,6143X,COÍN,MALAGA,230,"16,8","0,0","10,7",Varias,"22,8",13:32,,,,,,,,,
2025-01-10,6143X,COÍN,MALAGA,230,"15,4","0,0","9,5",06:46,"21,4",13:50,,,,,,,,,
2025-01-11,6143X,COÍN,MALAGA,230,"16,4","0,0","12,7",01:27,"20,1",14:06,,,,,,,,,
2025-01-12,6143X,COÍN,MALAGA,230,"16,5","0,0","11,2",24:00,"21,8",15:20,,,,,,,,,
2025-01-13,6143X,COÍN,MALAGA,230,"12,5","0,0","7,4",07:34,"17,6",15:08,,,,,,,,,
2025-01-14,6143X,COÍN,MALAGA,230,"10,2","0,0","5,6",23:55,"14,8",15:44,,,,,,,,,
2025-01-15,6143X,COÍN,MALAGA,230,"11,0","0,0","3,3",07:04,"18,6",15:11,,,,,,,,,
2025-01-16,6143X,COÍN,MALAGA,230,"12,0","0,0","4,9",07:18,"19,1",14:16,,,,,,,,,
2025-01-17,6143X,COÍN,MALAGA,230,"11,3","2,4","6,5",23:40,"16,1",14:55,,,,,,,,,
2025-01-18,6143X,COÍN,MALAGA,230,"11,6","0,2","5,1",07:26,"18,1",13:46,,,,,,,,,
2025-01-19,6143X,COÍN,MALAGA,230,"10,8","0,0","5,1",07:45,"16,5",13:52,,,,,,,,,
2025-01-20,6143X,COÍN,MALAGA,230,"10,1","4,6","7,4",06:19,"12,8",12:58,,,,,,,,,
2025-01-21,6143X,COÍN,MALAGA,230,"13,4","0,0","7,8",Varias,"19,1",13:16,,,,,,,,,
2025-01-22,6143X,COÍN,MALAGA,230,"15,6","0,0","10,0",04:11,"21,1",14:53,,,,,,,,,
2025-01-23,6143X,COÍN,MALAGA,230,"16,2","0,0","10,8",06:57,"21,6",12:37,,,,,,,,,
2025-01-24,6143X,COÍN,MALAGA,230,"15,5","0,0","9,4",06:01,"21,6",12:26,,,,,,,,,
2025-01-25,6143X,COÍN,MALAGA,230,"15,4","0,0","10,0",02:30,"20,9",12:17,,,,,,,,,
2025-01-26,6143X,COÍN,MALAGA,230,"15,0","0,6","9,5",07:58,"20,6",13:14,,,,,,,,,
2025-01-27,6143X,COÍN,MALAGA,230,"18,2","0,2","13,8",05:26,"22,6",15:53,,,,,,,,,
2025-01-28,6143X,COÍN,MALAGA,230,"12,8","0,2","9,0",05:44,"16,7",15:52,,,,,,,,,
2025-01-29,6143X,COÍN,MALAGA,230,"11,1","3,8","7,4",07:44,"14,8",15:36,,,,,,,,,
2025-01-30,6143X,COÍN,MALAGA,230,"12,8",,"9,4",07:10,"16,2",16:31,,,,,,,,,
2025-01-31,6143X,COÍN,MALAGA,230,"13,5","0,0","7,6",23:42,"19,4",15:45,,,,,,,,,
2025-02-01,6143X,COÍN,MALAGA,230,"12,2","0,0","5,2",07:13,"19,1",Varias,,,,,,,,,
2025-02-02,6143X,COÍN,MALAGA,230,"13,3","2,6","6,5",06:59,"20,1",14:36,,,,,,,,,
2025-02-03,6143X,COÍN,MALAGA,230,"10,0","10,4","8,9",23:52,"11,2",00:01,,,,,,,,,
2025-02-04,6143X,COÍN,MALAGA,230,"11,5","0,0","6,0",06:43,"17,0",15:01,,,,,,,,,
2025-02-05,6143X,COÍN,MALAGA,230,"12,8","0,0","6,1",06:35,"19,6",13:51,,,,,,,,,
2025-02-06,6143X,COÍN,MALAGA,230,"12,1","0,0","6,0",06:43,"18,2",13:01,,,,,,,,,
2025-02-07,6143X,COÍN,MALAGA,230,"12,2","0,0","5,4",07:12,"18,9",13:22,,,,,,,,,
2025-02-08,6143X,COÍN,MALAGA,230,"14,5","0,0","9,3",23:57,"19,7",14:51,,,,,,,,,
2025-02-09,6143X,COÍN,MALAGA,230,"13,4","0,0","6,8",06:42,"20,1",16:06,,,,,,,,,
2025-02-10,6143X,COÍN,MALAGA,230,"13,0","0,0","8,9",00:20,"17,1",13:31,,,,,,,,,
2025-02-11,6143X,COÍN,MALAGA,230,"14,2","0,0","10,7",00:28,"17,7",13:46,,,,,,,,,
2025-02-12,6143X,COÍN,MALAGA,230,"14,6","0,2","9,6",07:17,"19,6",16:25,,,,,,,,,
2025-02-13,6143X,COÍN,MALAGA,230,"15,6","0,0","8,3",06:54,"22,8",14:07,,,,,,,,,
2025-02-14,6143X,COÍN,MALAGA,230,"15,0","0,0","7,8",Varias,"22,3",13:37,,,,,,,,,
2025-02-15,6143X,COÍN,MALAGA,230,"14,8","0,0","8,4",04:21,"21,3",14:48,,,,,,,,,
2025-02-16,6143X,COÍN,MALAGA,230,"16,2","0,0","10,3",06:07,"22,2",15:03,,,,,,,,,
2025-02-17,6143X,COÍN,MALAGA,230,"16,1","0,0","9,6",07:13,"22,6",13:09,,,,,,,,,
2025-02-18,6143X,COÍN,MALAGA,230,"13,6","0,0","8,9",06:10,"18,2",10:51,,,,,,,,,
2025-02-19,6143X,COÍN,MALAGA,230,"17,0","0,0","10,4",05:54,"23,7",12:23,,,,,,,,,
2025-02-20,6143X,COÍN,MALAGA,230,"15,6","0,0","10,8",06:55,"20,5",14:39,,,,,,,,,
2025-02-21,6143X,COÍN,MALAGA,230,"14,0","0,2","10,8",22:54,"17,3",14:52,,,,,,,,,
2025-02-22,6143X,COÍN,MALAGA,230,"15,3","6,6","10,8",00:14,"19,8",14:25,,,,,,,,,
2025-02-23,6143X,COÍN,MALAGA,230,"15,2","0,0","9,0",06:33,"21,4",12:23,,,,,,,,,
2025-02-24,6143X,COÍN,MALAGA,230,"14,2","0,0","8,5",Varias,"19,9",11:48,,,,,,,,,
2025-02-25,6143X,COÍN,MALAGA,230,"16,6","0,0","9,1",05:28,"24,1",13:39,,,,,,,,,
2025-02-26,6143X,COÍN,MALAGA,230,"14,6","0,0","10,0",06:26,"19,2",15:47,,,,,,,,,
2025-02-27,6143X,COÍN,MALAGA,230,"14,2","0,0","9,7",04:51,"18,8",14:41,,,,,,,,,
2025-02-28,6143X,COÍN,MALAGA,230,"12,3","30,6","10,2",20:51,"14,4",10:06,,,,,,,,,
2025-03-01,6143X,COÍN,MALAGA,230,"14,6","19,2","9,9",Varias,"19,3",13:36,,,,,,,,,
2025-03-02,6143X,COÍN,MALAGA,230,"13,1","10,2","11,0",03:58,"15,2",16:14,,,,,,,,,
2025-03-03,6143X,COÍN,MALAGA,230,"14,4","0,0","13,0",21:03,"15,8",17:21,,,,,,,,,
2025-03-04,6143X,COÍN,MALAGA,230,"16,4","0,0","11,5",03:50,"21,3",15:43,,,,,,,,,
2025-03-05,6143X,COÍN,MALAGA,230,"14,2","1,6","13,6",12:42,"14,9",00:01,,,,,,,,,
2025-03-06,6143X,COÍN,MALAGA,230,,"8,4",,,,,,,,,,,,,
2025-03-07,6143X,COÍN,MALAGA,230,"14,6","26,2","11,8",06:14,"17,5",15:40,,,,,,,,,
2025-03-08,6143X,COÍN,MALAGA,230,"11,9","40,8","8,7",Varias,"15,1",14:39,,,,,,,,,
2025-03-09,6143X,COÍN,MALAGA,230,"10,8","49,8","7,0",06:57,"14,7",13:53,,,,,,,,,
2025-03-10,6143X,COÍN,MALAGA,230,"11,8","11,8","8,3",03:03,"15,4",16:08,,,,,,,,,
2025-03-11,6143X,COÍN,MALAGA,230,"15,7","3,0","11,2",06:14,"20,2",15:41,,,,,,,,,
2025-03-12,6143X,COÍN,MALAGA,230,"14,6","26,8","9,2",05:33,"19,9",12:04,,,,,,,,,
2025-03-13,6143X,COÍN,MALAGA,230,"14,0","21,2","10,8",04:39,"17,3",11:58,,,,,,,,,
2025-03-14,6143X,COÍN,MALAGA,230,"14,6","0,6","9,0",Varias,"20,2",15:44,,,,,,,,,
2025-03-15,6143X,COÍN,MALAGA,230,"12,8","0,0","6,7",06:45,"18,8",13:14,,,,,,,,,
2025-03-16,6143X,COÍN,MALAGA,230,"13,2","1,6","8,3",05:56,"18,1",16:25,,,,,,,,,
2025-03-17,6143X,COÍN,MALAGA,230,"13,5","103,6","11,9",21:59,"15,1",00:01,,,,,,,,,
2025-03-18,6143X,COÍN,MALAGA,230,"15,6","2,0","10,7",Varias,"20,6",13:07,,,,,,,,,
2025-03-19,6143X,COÍN,MALAGA,230,"14,4","0,0","9,1",05:52,"19,8",15:02,,,,,,,,,
2025-03-20,6143X,COÍN,MALAGA,230,"16,8","10,4","13,1",21:03,"20,5",14:41,,,,,,,,,
2025-03-21,6143X,COÍN,MALAGA,230,"15,1","0,0","11,9",06:41,"18,3",11:11,,,,,,,,,
2025-03-22,6143X,COÍN,MALAGA,230,"14,6","0,0","9,9",23:57,"19,2",12:47,,,,,,,,,
2025-03-23,6143X,COÍN,MALAGA,230,"11,4","5,4","7,7",03:15,"15,2",15:50,,,,,,,,,
2025-03-24,6143X,COÍN,MALAGA,230,"13,8","0,0","6,0",05:25,"21,7",15:10,,,,,,,,,
2025-03-25,6143X,COÍN,MALAGA,230,"14,4","0,0","7,7",05:49,"21,1",13:41,,,,,,,,,
2025-03-26,6143X,COÍN,MALAGA,230,"17,4","0,0","9,0",05:53,"25,7",15:48,,,,,,,,,
2025-03-27,6143X,COÍN,MALAGA,230,"17,0","0,0","9,8",06:17,"24,3",13:44,,,,,,,,,
2025-03-28,6143X,COÍN,MALAGA,230,"18,2","0,0","9,9",04:44,"26,4",15:52,,,,,,,,,
2025-03-29,6143X,COÍN,MALAGA,230,"20,6","0,0","13,5",03:06,"27,7",15:50,,,,,,,,,
2025-03-30,6143X,COÍN,MALAGA,230,"16,2","0,0","12,2",23:21,"20,1",10:31,,,,,,,,,
2025-03-31,6143X,COÍN,MALAGA,230,"17,6","0,0","8,9",Varias,"26,4",15:51,,,,,,,,,
2025-04-01,6143X,COÍN,MALAGA,230,"19,0","0,0","11,1",05:46,"26,8",14:17,,,,,,,,,
2025-04-02,6143X,COÍN,MALAGA,230,"17,0","7,4","11,2",06:14,"22,7",14:05,,,,,,,,,
2025-04-03,6143X,COÍN,MALAGA,230,"16,6","13,0","13,5",08:12,"19,8",13:35,,,,,,,,,
2025-04-04,6143X,COÍN,MALAGA,230,"16,6","4,2","12,1",23:53,"21,0",15:51,,,,,,,,,
2025-04-05,6143X,COÍN,MALAGA,230,"16,2","0,0","9,8",05:54,"22,5",13:00,,,,,,,,,
2025-04-06,6143X,COÍN,MALAGA,230,"17,8","0,0","9,9",05:22,"25,7",15:51,,,,,,,,,
2025-04-07,6143X,COÍN,MALAGA,230,"19,2","0,0","11,3",05:56,"27,1",15:52,,,,,,,,,
2025-04-08,6143X,COÍN,MALAGA,230,"19,1","0,0","12,0",06:04,"26,2",12:26,,,,,,,,,
2025-04-09,6143X,COÍN,MALAGA,230,"21,4","0,0","15,5",05:43,"27,2",11:15,,,,,,,,,
2025-04-10,6143X,COÍN,MALAGA,230,"17,8","0,0","15,4",23:49,"20,1",10:09,,,,,,,,,
2025-04-11,6143X,COÍN,MALAGA,230,"18,0","3,6","15,4",Varias,"20,6",15:54,,,,,,,,,
2025-04-12,6143X,COÍN,MALAGA,230,"16,1","2,2","13,9",23:37,"18,3",17:14,,,,,,,,,
2025-04-13,6143X,COÍN,MALAGA,230,"19,6","0,6","13,2",05:31,"26,0",14:20,,,,,,,,,
2025-04-14,6143X,COÍN,MALAGA,230,"18,8","1,0","13,9",05:13,"23,6",15:55,,,,,,,,,
2025-04-15,6143X,COÍN,MALAGA,230,"15,4","0,0","10,8",19:14,"20,1",15:55,,,,,,,,,
2025-04-16,6143X,COÍN,MALAGA,230,"15,4","0,0","10,0",05:45,"20,8",15:30,,,,,,,,,
2025-04-17,6143X,COÍN,MALAGA,230,"19,0","0,0","12,2",02:22,"25,8",14:45,,,,,,,,,
2025-04-18,6143X,COÍN,MALAGA,230,"18,4","0,0","12,1",05:35,"24,6",15:55,,,,,,,,,
2025-04-19,6143X,COÍN,MALAGA,230,"16,8","0,0","12,8",21:47,"20,9",16:36,,,,,,,,,
2025-04-20,6143X,COÍN,MALAGA,230,"15,4","0,0","8,8",04:50,"21,9",15:32,,,,,,,,,
2025-04-21,6143X,COÍN,MALAGA,230,"18,2","0,0","10,9",05:18,"25,6",13:21,,,,,,,,,
2025-04-22,6143X,COÍN,MALAGA,230,"19,2","0,0","11,7",05:12,"26,6",13:24,,,,,,,,,
2025-04-23,6143X,COÍN,MALAGA,230,"19,0","0,0","12,3",05:33,"25,8",15:57,,,,,,,,,
2025-04-24,6143X,COÍN,MALAGA,230,"19,9","0,0","12,6",05:41,"27,2",15:59,,,,,,,,,
2025-04-25,6143X,COÍN,MALAGA,230,"21,5","0,0","14,9",03:14,"28,1",15:59,,,,,,,,,
2025-04-26,6143X,COÍN,MALAGA,230,"22,3","0,0","15,3",05:25,"29,3",16:00,,,,,,,,,
2025-04-27,6143X,COÍN,MALAGA,230,"20,4","0,0","14,8",23:43,"26,0",12:42,,,,,,,,,
2025-04-28,6143X,COÍN,MALAGA,230,"19,0","0,0","13,3",04:02,"24,7",16:00,,,,,,,,,
2025-04-29,6143X,COÍN,MALAGA,230,"18,2","0,0","14,9",Varias,"21,4",15:56,,,,,,,,,
2025-04-30,6143X,COÍN,MALAGA,230,"16,6","3,0","14,9",Varias,"18,2",08:15,,,,,,,,,
2025-05-01,6143X,COÍN,MALAGA,230,"19,0","10,0","14,4",01:54,"23,5",16:46,,,,,,,,,
2025-05-02,6143X,COÍN,MALAGA,230,"19,6","0,0","14,9",23:43,"24,3",17:39,,,,,,,,,
2025-05-03,6143X,COÍN,MALAGA,230,"18,4","0,0","12,0",04:47,"24,7",15:29,,,,,,,,,
2025-05-04,6143X,COÍN,MALAGA,230,"19,0","0,0","12,5",05:32,"25,5",16:02,,,,,,,,,
2025-05-05,6143X,COÍN,MALAGA,230,"19,5","0,0","14,0",03:01,"25,0",16:01,,,,,,,,,
2025-05-06,6143X,COÍN,MALAGA,230,"20,4","0,0","13,5",05:25,"27,4",15:58,,,,,,,,,
2025-05-07,6143X,COÍN,MALAGA,230,"18,6","0,0","14,4",23:51,"22,7",13:16,,,,,,,,,
2025-05-08,6143X,COÍN,MALAGA,230,"18,4","0,0","13,3",04:54,"23,5",14:50,,,,,,,,,
2025-05-09,6143X,COÍN,MALAGA,230,"20,2","0,0","14,8",Varias,"25,6",13:08,,,,,,,,,
2025-05-10,6143X,COÍN,MALAGA,230,"21,0","0,0","14,9",23:46,"27,1",16:09,,,,,,,,,
2025-05-11,6143X,COÍN,MALAGA,230,"19,6","0,0","12,1",05:41,"27,1",16:08,,,,,,,,,
2025-05-12,6143X,COÍN,MALAGA,230,"20,1","0,0","12,5",04:01,"27,7",16:12,,,,,,,,,
2025-05-13,6143X,COÍN,MALAGA,230,"20,0","0,0","13,2",04:46,"26,7",12:41,,,,,,,,,
2025-05-14,6143X,COÍN,MALAGA,230,"20,6","1,2","14,2",05:31,"27,0",15:31,,,,,,,,,
2025-05-15,6143X,COÍN,MALAGA,230,"20,3","0,0","13,7",05:15,"26,9",15:27,,,,,,,,,
2025-05-16,6143X,COÍN,MALAGA,230,"22,0","0,0","13,9",04:48,"30,0",13:23,,,,,,,,,
2025-05-17,6143X,COÍN,MALAGA,230,"20,7","0,0","14,4",Varias,"27,0",13:34,,,,,,,,,
2025-05-18,6143X,COÍN,MALAGA,230,"21,4","0,0","15,5",05:35,"27,2",15:35,,,,,,,,,
2025-05-19,6143X,COÍN,MALAGA,230,"22,0","0,0","14,6",05:15,"29,3",16:08,,,,,,,,,
2025-05-20,6143X,COÍN,MALAGA,230,"23,6","0,0","17,2",23:49,"30,1",13:55,,,,,,,,,
2025-05-21,6143X,COÍN,MALAGA,230,"22,0","0,0","15,4",05:03,"28,5",16:13,,,,,,,,,
2025-05-22,6143X,COÍN,MALAGA,230,"25,2","0,0","16,3",03:26,"34,2",13:38,,,,,,,,,
2025-05-23,6143X,COÍN,MALAGA,230,"21,0","0,0","17,3",19:40,"24,7",16:45,,,,,,,,,
2025-05-24,6143X,COÍN,MALAGA,230,"20,2","0,0","15,0",04:55,"25,5",15:43,,,,,,,,,
2025-05-25,6143X,COÍN,MALAGA,230,"22,8","0,0","14,6",04:41,"30,9",14:48,,,,,,,,,
2025-05-26,6143X,COÍN,MALAGA,230,"24,3","0,0","16,6",05:04,"32,0",11:11,,,,,,,,,
2025-05-27,6143X,COÍN,MALAGA,230,"24,3","0,0","17,8",03:33,"30,8",17:16,,,,,,,,,
2025-05-28,6143X,COÍN,MALAGA,230,"25,0","0,0","17,0",05:13,"33,0",14:44,,,,,,,,,
2025-05-29,6143X,COÍN,MALAGA,230,"27,3","0,0","18,4",03:06,"36,2",16:20,,,,,,,,,
2025-05-30,6143X,COÍN,MALAGA,230,"27,8","0,0","20,8",04:55,"34,9",15:01,,,,,,,,,
2025-05-31,6143X,COÍN,MALAGA,230,"27,0","0,0","19,8",04:56,"34,3",16:09,,,,,,,,,
2025-06-01,6143X,COÍN,MALAGA,230,"27,2","0,0","19,4",05:21,"35,0",13:43,,,,,,,,,
2025-06-02,6143X,COÍN,MALAGA,230,"25,8","0,0","19,2",05:06,"32,3",16:13,,,,,,,,,
2025-06-03,6143X,COÍN,MALAGA,230,"23,8","0,0","17,8",03:34,"29,7",14:37,,,,,,,,,
2025-06-04,6143X,COÍN,MALAGA,230,"24,4","0,0","16,3",03:24,"32,4",14:30,,,,,,,,,
2025-06-05,6143X,COÍN,MALAGA,230,"25,0","0,0","17,9",05:03,"32,2",16:16,,,,,,,,,
2025-06-06,6143X,COÍN,MALAGA,230,"25,4","0,0","18,2",04:35,"32,6",15:34,,,,,,,,,
2025-06-07,6143X,COÍN,MALAGA,230,"27,4","0,0","18,8",04:42,"35,9",15:15,,,,,,,,,
2025-06-08,6143X,COÍN,MALAGA,230,"28,0","0,0","20,5",04:53,"35,5",10:31,,,,,,,,,
2025-06-09,6143X,COÍN,MALAGA,230,"23,5","0,0","19,8",03:46,"27,2",16:42,,,,,,,,,
2025-06-10,6143X,COÍN,MALAGA,230,"26,0","4,6","20,0",04:16,"31,9",13:31,,,,,,,,,
2025-06-11,6143X,COÍN,MALAGA,230,"25,8","0,0","19,3",05:57,"32,2",16:15,,,,,,,,,
2025-06-12,6143X,COÍN,MALAGA,230,"27,0","0,0","17,4",05:13,"36,7",16:19,,,,,,,,,
2025-06-13,6143X,COÍN,MALAGA,230,"26,6","0,0","19,9",03:22,"33,2",15:12,,,,,,,,,
2025-06-14,6143X,COÍN,MALAGA,230,"27,2","0,0","20,8",04:34,"33,7",10:59,,,,,,,,,
2025-06-15,6143X,COÍN,MALAGA,230,"27,4","0,0","21,1",04:41,"33,6",10:15,,,,,,,,,
2025-06-16,6143X,COÍN,MALAGA,230,"27,0","0,0","21,6",05:14,"32,5",12:13,,,,,,,,,
2025-06-17,6143X,COÍN,MALAGA,230,"29,4","0,0","21,9",02:50,"36,8",14:36,,,,,,,,,
2025-06-18,6143X,COÍN,MALAGA,230,"29,3","0,0","21,4",05:02,"37,2",14:26,,,,,,,,,
2025-06-19,6143X,COÍN,MALAGA,230,"28,7","0,0","21,5",04:40,"35,9",10:51,,,,,,,,,
2025-06-20,6143X,COÍN,MALAGA,230,"28,2","0,0","21,0",04:52,"35,4",11:43,,,,,,,,,
2025-06-21,6143X,COÍN,MALAGA,230,"29,5","0,0","21,6",04:49,"37,4",16:26,,,,,,,,,
2025-06-22,6143X,COÍN,MALAGA,230,"29,4","0,0","22,0",04:46,"36,7",16:21,,,,,,,,,
2025-06-23,6143X,COÍN,MALAGA,230,"28,6","0,0","22,7",04:44,"34,6",13:51,,,,,,,,,
2025-06-24,6143X,COÍN,MALAGA,230,"26,8","0,0","22,5",23:54,"31,2",17:14,,,,,,,,,
2025-06-25,6143X,COÍN,MALAGA,230,"28,0","0,0","18,7",04:58,"37,4",16:25,,,,,,,,,
2025-06-26,6143X,COÍN,MALAGA,230,"29,4","0,0","22,1",Varias,"36,8",14:57,,,,,,,,,
2025-06-27,6143X,COÍN,MALAGA,230,"28,3","0,0","22,4",04:03,"34,2",14:15,,,,,,,,,
2025-06-28,6143X,COÍN,MALAGA,230,"29,0","0,0","21,3",04:52,"36,6",14:41,,,,,,,,,
2025-06-29,6143X,COÍN,MALAGA,230,"29,0","0,0","22,3",05:17,"35,6",13:15,,,,,,,,,
2025-06-30,6143X,COÍN,MALAGA,230,"30,2","0,0","23,2",03:37,"37,1",16:46,,,,,,,,,
2025-07-01,6143X,COÍN,MALAGA,230,"29,1","0,0","22,6",05:33,"35,6",15:33,,,,,,,,,
2025-07-02,6143X,COÍN,MALAGA,230,"28,7","0,0","22,9",05:15,"34,5",10:01,,,,,,,,,
2025-07-03,6143X,COÍN,MALAGA,230,"28,5","0,0","22,3",05:15,"34,7",15:41,,,,,,,,,
2025-07-04,6143X,COÍN,MALAGA,230,"28,0","0,0","22,7",05:16,"33,2",17:11,,,,,,,,,
2025-07-05,6143X,COÍN,MALAGA,230,"27,7","0,0","21,5",04:35,"33,9",14:55,,,,,,,,,
2025-07-06,6143X,COÍN,MALAGA,230,"29,2","0,0","21,5",04:50,"37,0",16:19,,,,,,,,,
2025-07-07,6143X,COÍN,MALAGA,230,"30,6","0,0","22,9",04:52,"38,2",10:53,,,,,,,,,
2025-07-08,6143X,COÍN,MALAGA,230,"28,1","0,0","23,3",05:11,"32,9",15:25,,,,,,,,,
2025-07-09,6143X,COÍN,MALAGA,230,"27,4","0,0","22,5",04:45,"32,4",12:34,,,,,,,,,
2025-07-10,6143X,COÍN,MALAGA,230,"28,9","0,0","22,6",05:16,"35,2",16:26,,,,,,,,,
2025-07-11,6143X,COÍN,MALAGA,230,"28,7","0,0","21,0",05:20,"36,4",16:21,,,,,,,,,
2025-07-12,6143X,COÍN,MALAGA,230,"26,4","0,0","20,6",05:24,"32,3",15:01,,,,,,,,,
2025-07-13,6143X,COÍN,MALAGA,230,"27,2","0,0","18,9",05:19,"35,4",13:39,,,,,,,,,
2025-07-14,6143X,COÍN,MALAGA,230,"27,8","0,0","21,6",04:53,"34,1",11:16,,,,,,,,,
2025-07-15,6143X,COÍN,MALAGA,230,"28,2","0,0","21,5",05:16,"34,8",10:50,,,,,,,,,
2025-07-16,6143X,COÍN,MALAGA,230,"27,9","0,0","22,3",Varias,"33,5",16:22,,,,,,,,,
2025-07-17,6143X,COÍN,MALAGA,230,"30,4","0,0","22,6",04:48,"38,2",16:22,,,,,,,,,
2025-07-18,6143X,COÍN,MALAGA,230,"33,0","0,0","24,3",02:41,"41,7",16:20,,,,,,,,,
2025-07-19,6143X,COÍN,MALAGA,230,"30,6","0,0","23,0",05:30,"38,3",16:17,,,,,,,,,
2025-07-20,6143X,COÍN,MALAGA,230,"31,4","0,0","23,3",05:19,"39,5",16:20,,,,,,,,,
2025-07-21,6143X,COÍN,MALAGA,230,"31,3","0,0","24,0",05:17,"38,6",14:43,,,,,,,,,
2025-07-22,6143X,COÍN,MALAGA,230,"27,4","0,0","21,5",04:08,"33,4",12:33,,,,,,,,,
2025-07-23,6143X,COÍN,MALAGA,230,"28,6","0,0","21,1",05:09,"36,1",15:33,,,,,,,,,
2025-07-24,6143X,COÍN,MALAGA,230,"27,9","0,0","22,1",05:39,"33,7",16:17,,,,,,,,,
2025-07-25,6143X,COÍN,MALAGA,230,"26,0","0,0","22,2",23:56,"29,7",14:10,,,,,,,,,
2025-07-26,6143X,COÍN,MALAGA,230,"26,3","0,0","21,2",05:28,"31,4",15:58,,,,,,,,,
2025-07-27,6143X,COÍN,MALAGA,230,"28,2","0,0","20,2",04:49,"36,1",16:17,,,,,,,,,
2025-07-28,6143X,COÍN,MALAGA,230,"32,8","0,0","23,8",03:38,"41,7",14:28,,,,,,,,,
2025-07-29,6143X,COÍN,MALAGA,230,"27,6","0,0","23,9",23:55,"31,2",15:24,,,,,,,,,
2025-07-30,6143X,COÍN,MALAGA,230,"26,3","0,0","22,2",03:17,"30,4",14:22,,,,,,,,,
2025-07-31,6143X,COÍN,MALAGA,230,"26,4","0,0","22,1",Varias,"30,7",15:08,,,,,,,,,
2025-08-01,6143X,COÍN,MALAGA,230,"26,0","0,0","20,4",05:15,"31,5",16:14,,,,,,,,,
2025-08-02,6143X,COÍN,MALAGA,230,"27,9","0,0","20,1",05:43,"35,7",16:13,,,,,,,,,
2025-08-03,6143X,COÍN,MALAGA,230,"27,7","0,0","20,2",05:27,"35,2",14:29,,,,,,,,,
2025-08-04,6143X,COÍN,MALAGA,230,"27,1","0,0","22,4",05:55,"31,8",14:06,,,,,,,,,
2025-08-05,6143X,COÍN,MALAGA,230,"28,2","0,0","20,9",05:53,"35,4",15:33,,,,,,,,,
2025-08-06,6143X,COÍN,MALAGA,230,"29,0","0,0","22,8",04:48,"35,2",15:30,,,,,,,,,
2025-08-07,6143X,COÍN,MALAGA,230,"29,4","0,0","22,5",04:52,"36,2",15:33,,,,,,,,,
2025-08-08,6143X,COÍN,MALAGA,230,"28,4","0,0","23,2",06:15,"33,7",14:20,,,,,,,,,
2025-08-09,6143X,COÍN,MALAGA,230,"28,3","0,0","21,6",05:42,"35,0",14:09,,,,,,,,,
2025-08-10,6143X,COÍN,MALAGA,230,"28,3","0,0","21,9",04:01,"34,7",15:43,,,,,,,,,
2025-08-11,6143X,COÍN,MALAGA,230,"29,2","0,0","21,8",05:39,"36,5",16:07,,,,,,,,,
2025-08-12,6143X,COÍN,MALAGA,230,"30,8","0,0","23,5",05:41,"38,2",14:10,,,,,,,,,
2025-08-13,6143X,COÍN,MALAGA,230,"30,0","0,0","23,2",05:29,"36,9",16:06,,,,,,,,,
2025-08-14,6143X,COÍN,MALAGA,230,"29,3","0,0","22,2",04:30,"36,4",11:19,,,,,,,,,
2025-08-15,6143X,COÍN,MALAGA,230,"29,8","0,0","22,4",05:10,"37,2",12:03,,,,,,,,,
2025-08-16,6143X,COÍN,MALAGA,230,"30,5","0,0","23,0",05:11,"38,0",14:12,,,,,,,,,
2025-08-17,6143X,COÍN,MALAGA,230,"32,4","0,0","25,3",05:03,"39,5",10:56,,,,,,,,,
2025-08-18,6143X,COÍN,MALAGA,230,"34,4","0,0","27,7",06:04,"41,0",15:27,,,,,,,,,
2025-08-19,6143X,COÍN,MALAGA,230,"32,0","0,0","24,2",06:04,"39,9",15:22,,,,,,,,,
2025-08-20,6143X,COÍN,MALAGA,230,"29,2","0,0","22,2",05:54,"36,1",16:01,,,,,,,,,
2025-08-21,6143X,COÍN,MALAGA,230,"28,8","0,0","21,5",04:46,"36,1",13:41,,,,,,,,,
2025-08-22,6143X,COÍN,MALAGA,230,"27,6","0,0","21,4",05:49,"33,9",16:00,,,,,,,,,
2025-08-23,6143X,COÍN,MALAGA,230,"25,7","0,0","19,7",05:32,"31,7",13:30,,,,,,,,,
2025-08-24,6143X,COÍN,MALAGA,230,"28,2","0,0","20,7",05:27,"35,7",15:08,,,,,,,,,
2025-08-25,6143X,COÍN,MALAGA,230,"29,4","0,0","22,2",05:27,"36,7",11:19,,,,,,,,,
2025-08-26,6143X,COÍN,MALAGA,230,"29,2","0,0","24,1",05:35,"34,3",11:06,,,,,,,,,
2025-08-27,6143X,COÍN,MALAGA,230,"30,6","0,0","24,1",05:38,"37,1",12:44,,,,,,,,,
2025-08-28,6143X,COÍN,MALAGA,230,"26,3","0,0","21,0",05:17,"31,6",Varias,,,,,,,,,
2025-08-29,6143X,COÍN,MALAGA,230,"28,0","0,0","20,5",04:01,"35,4",15:55,,,,,,,,,
2025-08-30,6143X,COÍN,MALAGA,230,"29,2","0,0","22,7",06:00,"35,8",11:55,,,,,,,,,
2025-08-31,6143X,COÍN,MALAGA,230,"29,5","0,0","21,0",Varias,"38,0",15:55,,,,,,,,,
2025-09-01,6143X,COÍN,MALAGA,230,"26,0","0,0","20,4",05:40,"31,6",15:53,,,,,,,,,
2025-09-02,6143X,COÍN,MALAGA,230,"26,4","0,0","19,4",06:04,"33,4",14:53,,,,,,,,,
2025-09-03,6143X,COÍN,MALAGA,230,"25,8","0,0","18,6",Varias,"33,1",15:49,,,,,,,,,
2025-09-04,6143X,COÍN,MALAGA,230,"28,3","0,0","19,0",05:54,"37,6",15:49,,,,,,,,,
2025-09-05,6143X,COÍN,MALAGA,230,"25,4","0,0","18,4",03:30,"32,3",11:24,,,,,,,,,
2025-09-06,6143X,COÍN,MALAGA,230,"25,4","0,0","21,9",04:41,"29,0",12:03,,,,,,,,,
2025-09-07,6143X,COÍN,MALAGA,230,"26,4","0,0","22,2",02:48,"30,6",13:06,,,,,,,,,
2025-09-08,6143X,COÍN,MALAGA,230,"28,4","0,0","23,1",01:24,"33,8",16:23,,,,,,,,,
2025-09-09,6143X,COÍN,MALAGA,230,"25,8","0,0","20,8",05:36,"30,9",13:47,,,,,,,,,
2025-09-10,6143X,COÍN,MALAGA,230,"25,8","0,0","17,9",06:13,"33,7",15:45,,,,,,,,,
2025-09-11,6143X,COÍN,MALAGA,230,"30,2","0,0","20,8",05:47,"39,5",15:44,,,,,,,,,
2025-09-12,6143X,COÍN,MALAGA,230,"28,0","0,0","19,7",05:12,"36,2",15:44,,,,,,,,,
2025-09-13,6143X,COÍN,MALAGA,230,"27,4","0,0","19,4",05:11,"35,3",11:52,,,,,,,,,
2025-09-14,6143X,COÍN,MALAGA,230,"28,0","0,0","21,3",23:45,"34,6",10:13,,,,,,,,,
2025-09-15,6143X,COÍN,MALAGA,230,"26,2","0,0","20,1",05:36,"32,2",15:39,,,,,,,,,
2025-09-16,6143X,COÍN,MALAGA,230,"26,0","0,0","19,4",05:05,"32,6",15:38,,,,,,,,,
2025-09-17,6143X,COÍN,MALAGA,230,"26,2","0,0","19,9",05:58,"32,5",15:38,,,,,,,,,
2025-09-18,6143X,COÍN,MALAGA,230,"28,4","0,0","20,5",06:20,"36,4",15:38,,,,,,,,,
2025-09-19,6143X,COÍN,MALAGA,230,"26,8","0,0","20,2",05:27,"33,4",15:38,,,,,,,,,
2025-09-20,6143X,COÍN,MALAGA,230,"25,6","0,0","20,5",02:14,"30,8",15:35,,,,,,,,,
2025-09-21,6143X,COÍN,MALAGA,230,"27,3","0,0","20,9",05:42,"33,7",15:33,,,,,,,,,
2025-09-22,6143X,COÍN,MALAGA,230,"24,6","0,0","16,6",05:37,"32,7",15:32,,,,,,,,,
2025-09-23,6143X,COÍN,MALAGA,230,"22,4","0,0","15,7",06:18,"29,2",15:34,,,,,,,,,
2025-09-24,6143X,COÍN,MALAGA,230,"23,0","0,0","18,5",23:59,"27,4",13:09,,,,,,,,,
2025-09-25,6143X,COÍN,MALAGA,230,"23,2","0,0","17,7",03:09,"28,8",15:33,,,,,,,,,
2025-09-26,6143X,COÍN,MALAGA,230,"23,1","0,0","16,2",Varias,"30,0",15:29,,,,,,,,,
2025-09-27,6143X,COÍN,MALAGA,230,"23,2","0,0","16,6",06:31,"29,9",15:27,,,,,,,,,
2025-09-28,6143X,COÍN,MALAGA,230,"22,7","0,0","18,3",05:47,"27,1",09:44,,,,,,,,,
2025-09-29,6143X,COÍN,MALAGA,230,"21,9","0,0","18,2",05:33,"25,6",11:07,,,,,,,,,
2025-09-30,6143X,COÍN,MALAGA,230,"24,2","0,0","18,7",06:19,"29,7",15:25,,,,,,,,,
2025-10-01,6143X,COÍN,MALAGA,230,"23,3","0,0","18,0",03:42,"28,6",15:27,,,,,,,,,
2025-10-02,6143X,COÍN,MALAGA,230,"23,3","0,0","17,2",06:15,"29,4",15:23,,,,,,,,,
2025-10-03,6143X,COÍN,MALAGA,230,"24,8","0,0","16,3",03:21,"33,2",15:25,,,,,,,,,
2025-10-04,6143X,COÍN,MALAGA,230,"28,3","0,0","19,0",00:30,"37,6",15:25,,,,,,,,,
2025-10-05,6143X,COÍN,MALAGA,230,"28,1","0,0","19,1",06:36,"37,1",15:22,,,,,,,,,
2025-10-06,6143X,COÍN,MALAGA,230,"25,6","0,0","20,1",00:49,"31,1",15:23,,,,,,,,,
2025-10-07,6143X,COÍN,MALAGA,230,"22,5","0,0","17,5",06:29,"27,5",15:20,,,,,,,,,
2025-10-08,6143X,COÍN,MALAGA,230,"22,6","0,0","16,4",04:02,"28,9",15:18,,,,,,,,,
2025-10-09,6143X,COÍN,MALAGA,230,"24,0","0,0","16,1",05:57,"31,9",15:19,,,,,,,,,
2025-10-10,6143X,COÍN,MALAGA,230,"22,6","0,0","17,8",03:51,"27,4",15:17,,,,,,,,,
2025-10-11,6143X,COÍN,MALAGA,230,"21,6","0,0","16,0",06:21,"27,1",15:22,,,,,,,,,
2025-10-12,6143X,COÍN,MALAGA,230,"21,8","0,0","17,0",06:19,"26,5",12:34,,,,,,,,,
2025-10-13,6143X,COÍN,MALAGA,230,"23,0","0,0","17,4",05:30,"28,5",15:15,,,,,,,,,
2025-10-14,6143X,COÍN,MALAGA,230,"22,6","0,0","16,8",05:51,"28,3",15:16,,,,,,,,,
2025-10-15,6143X,COÍN,MALAGA,230,"21,6","0,0","16,4",Varias,"26,9",14:24,,,,,,,,,
2025-10-16,6143X,COÍN,MALAGA,230,"21,6","0,0","17,6",21:45,"25,6",15:16,,,,,,,,,
2025-10-17,6143X,COÍN,MALAGA,230,"21,4","0,0","16,8",23:01,"25,9",15:15,,,,,,,,,
2025-10-18,6143X,COÍN,MALAGA,230,"20,9","0,0","16,4",06:24,"25,4",11:12,,,,,,,,,
2025-10-19,6143X,COÍN,MALAGA,230,"20,3","0,0","15,3",05:48,"25,3",14:58,,,,,,,,,
2025-10-20,6143X,COÍN,MALAGA,230,"22,5","0,0","14,3",06:45,"30,7",14:43,,,,,,,,,
2025-10-21,6143X,COÍN,MALAGA,230,"23,5","0,0","16,9",02:36,"30,1",11:21,,,,,,,,,
2025-10-22,6143X,COÍN,MALAGA,230,"24,8","0,0","20,0",06:54,"29,6",14:53,,,,,,,,,
2025-10-23,6143X,COÍN,MALAGA,230,"25,5","0,0","18,5",04:54,"32,5",15:41,,,,,,,,,
2025-10-24,6143X,COÍN,MALAGA,230,"26,4","0,0","18,7",05:13,"34,0",14:38,,,,,,,,,
2025-10-25,6143X,COÍN,MALAGA,230,"24,8","0,0","17,8",Varias,"31,9",12:46,,,,,,,,,
2025-10-26,6143X,COÍN,MALAGA,230,"23,6","0,0","18,6",00:51,"28,6",13:02,,,,,,,,,
2025-10-27,6143X,COÍN,MALAGA,230,"21,2","0,4","17,1",21:25,"25,3",15:43,,,,,,,,,
2025-10-28,6143X,COÍN,MALAGA,230,"20,4","3,2","16,9",23:24,"24,0",12:01,,,,,,,,,
2025-10-29,6143X,COÍN,MALAGA,230,"18,2","25,0","16,2",04:04,"20,3",11:19,,,,,,,,,
2025-10-30,6143X,COÍN,MALAGA,230,"21,8","0,0","15,4",Varias,"28,3",14:19,,,,,,,,,
2025-10-31,6143X,COÍN,MALAGA,230,"21,0","0,0","14,1",06:32,"27,9",15:08,,,,,,,,,
2025-11-01,6143X,COÍN,MALAGA,230,"21,0","0,0","14,1",06:25,"28,0",15:10,,,,,,,,,
2025-11-02,6143X,COÍN,MALAGA,230,"20,6","0,0","15,1",02:24,"26,1",15:00,,,,,,,,,
2025-11-03,6143X,COÍN,MALAGA,230,"19,6","0,0","14,0",06:55,"25,3",14:17,,,,,,,,,
2025-11-04,6143X,COÍN,MALAGA,230,"19,0","0,0","14,8",05:17,"23,1",13:58,,,,,,,,,
2025-11-05,6143X,COÍN,MALAGA,230,"18,4","1,0","15,3",23:44,"21,5",14:42,,,,,,,,,
2025-11-06,6143X,COÍN,MALAGA,230,"17,0","0,0","13,4",23:55,"20,5",15:04,,,,,,,,,
2025-11-07,6143X,COÍN,MALAGA,230,"17,2","0,0","10,8",06:55,"23,6",13:27,,,,,,,,,
2025-11-08,6143X,COÍN,MALAGA,230,"17,6","0,0","13,6",01:15,"21,6",13:21,,,,,,,,,
2025-11-09,6143X,COÍN,MALAGA,230,"16,2","0,0","10,5",05:55,"21,9",11:06,,,,,,,,,
2025-11-10,6143X,COÍN,MALAGA,230,"18,1","0,0","10,4",06:43,"25,8",15:12,,,,,,,,,
2025-11-11,6143X,COÍN,MALAGA,230,"17,0",,"9,9",05:54,"24,2",12:40,,,,,,,,,
2025-11-12,6143X,COÍN,MALAGA,230,"18,0","0,0","11,7",01:37,"24,4",15:15,,,,,,,,,
2025-11-13,6143X,COÍN,MALAGA,230,"17,4","28,4","13,8",01:16,"20,9",14:34,,,,,,,,,
2025-11-14,6143X,COÍN,MALAGA,230,"16,0","22,6","14,1",02:44,"18,0",12:11,,,,,,,,,
2025-11-15,6143X,COÍN,MALAGA,230,"16,4","16,4","14,4",00:04,"18,4",16:40,,,,,,,,,
2025-11-16,6143X,COÍN,MALAGA,230,"16,7","1,0","11,9",07:25,"21,5",11:05,,,,,,,,,
2025-11-17,6143X,COÍN,MALAGA,230,"14,2","1,8","10,8",07:10,"17,7",14:32,,,,,,,,,
2025-11-18,6143X,COÍN,MALAGA,230,"15,8","0,0","10,0",07:16,"21,5",15:19,,,,,,,,,
2025-11-19,6143X,COÍN,MALAGA,230,"15,6","0,0","9,0",06:27,"22,1",13:53,,,,,,,,,
2025-11-20,6143X,COÍN,MALAGA,230,"13,2","0,0","7,7",07:27,"18,7",14:58,,,,,,,,,
2025-11-21,6143X,COÍN,MALAGA,230,"12,6","0,0","6,6",06:53,"18,7",14:20,,,,,,,,,
2025-11-22,6143X,COÍN,MALAGA,230,"13,0","0,0","6,9",01:36,"19,1",14:02,,,,,,,,,
2025-11-23,6143X,COÍN,MALAGA,230,,"0,0",,,,,,,,,,,,,
2025-11-24,6143X,COÍN,MALAGA,230,"14,2","0,0","9,5",04:23,"18,9",15:28,,,,,,,,,
2025-11-25,6143X,COÍN,MALAGA,230,"15,8","0,0","11,6",23:58,"20,0",10:33,,,,,,,,,
2025-11-26,6143X,COÍN,MALAGA,230,"13,9","0,0","8,5",07:55,"19,3",11:31,,,,,,,,,
2025-11-27,6143X,COÍN,MALAGA,230,"13,2","0,0","5,6",07:31,"20,9",14:48,,,,,,,,,
2025-11-28,6143X,COÍN,MALAGA,230,"13,2","0,0","7,7",00:53,"18,7",12:10,,,,,,,,,
2025-11-29,6143X,COÍN,MALAGA,230,"14,8","0,0","7,0",07:33,"22,6",15:09,,,,,,,,,
2025-11-30,6143X,COÍN,MALAGA,230,"13,6","0,0","9,3",04:28,"18,0",13:19,,,,,,,,,
2025-12-01,6143X,COÍN,MALAGA,230,"14,2","0,0","9,4",23:54,"19,0",14:06,,,,,,,,,
2025-12-02,6143X,COÍN,MALAGA,230,"13,5","2,6","8,1",06:12,"18,9",11:53,,,,,,,,,
2025-12-03,6143X,COÍN,MALAGA,230,"12,8","0,0","9,5",01:43,"16,0",15:13,,,,,,,,,
2025-12-04,6143X,COÍN,MALAGA,230,,"0,0",,,,,,,,,,,,,
2025-12-05,6143X,COÍN,MALAGA,230,"14,6","0,0","9,1",02:41,"20,2",13:23,,,,,,,,,
2025-12-06,6143X,COÍN,MALAGA,230,"16,6","0,0","11,6",23:54,"21,5",11:30,,,,,,,,,
2025-12-07,6143X,COÍN,MALAGA,230,"18,4","0,0","9,6",07:36,"27,1",16:21,,,,,,,,,
2025-12-08,6143X,COÍN,MALAGA,230,"14,9","0,0","8,3",07:35,"21,5",Varias,,,,,,,,,
2025-12-09,6143X,COÍN,MALAGA,230,"14,8","0,0","8,7",06:43,"20,9",13:26,,,,,,,,,
2025-12-10,6143X,COÍN,MALAGA,230,"12,6","0,6","10,5",23:57,"14,8",15:11,,,,,,,,,
2025-12-11,6143X,COÍN,MALAGA,230,"12,4","12,8","8,6",06:36,"16,2",15:25,,,,,,,,,
2025-12-12,6143X,COÍN,MALAGA,230,"14,2","1,6","12,7",05:23,"15,7",23:58,,,,,,,,,
2025-12-13,6143X,COÍN,MALAGA,230,"16,2","3,4","12,5",21:35,"19,9",15:11,,,,,,,,,
2025-12-14,6143X,COÍN,MALAGA,230,"14,7","6,8","12,4",Varias,"17,0",13:18,,,,,,,,,
2025-12-15,6143X,COÍN,MALAGA,230,"14,0","18,4","9,3",07:02,"18,8",14:29,,,,,,,,,
2025-12-16,6143X,COÍN,MALAGA,230,"11,2","0,0","7,4",Varias,"15,0",11:31,,,,,,,,,
2025-12-17,6143X,COÍN,MALAGA,230,"12,6","0,0","6,2",06:56,"19,0",14:32,,,,,,,,,
2025-12-18,6143X,COÍN,MALAGA,230,"13,2","0,0","7,3",07:43,"19,2",13:28,,,,,,,,,
2025-12-19,6143X,COÍN,MALAGA,230,"12,8","24,2","9,4",05:49,"16,1",12:08,,,,,,,,,
2025-12-20,6143X,COÍN,MALAGA,230,"11,8","2,4","7,0",23:01,"16,7",12:30,,,,,,,,,
2025-12-21,6143X,COÍN,MALAGA,230,"9,6","8,6","7,0",00:16,"12,1",12:07,,,,,,,,,
2025-12-22,6143X,COÍN,MALAGA,230,"8,6","0,0","3,8",07:44,"13,5",13:07,,,,,,,,,
2025-12-23,6143X,COÍN,MALAGA,230,"11,0","3,2","7,9",00:03,"14,1",09:40,,,,,,,,,
2025-12-24,6143X,COÍN,MALAGA,230,"11,2","0,2","6,6",07:46,"15,9",14:04,,,,,,,,,
2025-12-25,6143X,COÍN,MALAGA,230,"10,8","0,0","5,3",06:51,"16,3",12:21,,,,,,,,,
2025-12-26,6143X,COÍN,MALAGA,230,"11,8","0,0","6,0",01:29,"17,7",14:48,,,,,,,,,
2025-12-27,6143X,COÍN,MALAGA,230,"8,6","81,2","5,0",05:44,"12,2",12:49,,,,,,,,,
2025-12-28,6143X,COÍN,MALAGA,230,"10,9","0,6","7,9",08:11,"13,9",15:12,,,,,,,,,
2025-12-29,6143X,COÍN,MALAGA,230,"12,2","0,6","7,8",07:46,"16,7",15:50,,,,,,,,,
2025-12-30,6143X,COÍN,MALAGA,230,"12,8","0,0","6,2",07:34,"19,5",15:24,,,,,,,,,
2025-12-31,6143X,COÍN,MALAGA,230,"11,8","3,6","6,1",07:34,"17,5",13:10,,,,,,,,,
2026-01-01,6143X,COÍN,MALAGA,230,"11,2","4,0","10,6",Varias,"11,9",21:31,,,,,,,,,
2026-01-02,6143X,COÍN,MALAGA,230,"12,0","0,0","8,8",07:55,"15,3",15:39,,,,,,,,,
2026-01-03,6143X,COÍN,MALAGA,230,"13,6","43,0","10,9",Varias,"16,2",13:33,,,,,,,,,
2026-01-04,6143X,COÍN,MALAGA,230,"12,2","62,6","11,1",22:53,"13,2",10:40,,,,,,,,,
2026-01-05,6143X,COÍN,MALAGA,230,"13,2","1,0","9,1",23:54,"17,2",14:09,,,,,,,,,
2026-01-06,6143X,COÍN,MALAGA,230,"7,8","0,0","4,8",Varias,"10,7",14:38,,,,,,,,,
2026-01-07,6143X,COÍN,MALAGA,230,"9,1","0,0","2,0",06:52,"16,2",15:41,,,,,,,,,
2026-01-08,6143X,COÍN,MALAGA,230,"11,8","0,0","5,2",04:24,"18,3",15:31,,,,,,,,,
2026-01-09,6143X,COÍN,MALAGA,230,"12,4","0,0","6,0",04:14,"18,9",16:19,,,,,,,,,
2026-01-10,6143X,COÍN,MALAGA,230,"11,6","0,0","7,5",Varias,"15,8",14:25,,,,,,,,,
2026-01-11,6143X,COÍN,MALAGA,230,"13,2","0,0","6,1",07:42,"20,3",15:43,,,,,,,,,
2026-01-12,6143X,COÍN,MALAGA,230,"12,2","0,0","5,7",07:17,"18,7",14:56,,,,,,,,,
2026-01-13,6143X,COÍN,MALAGA,230,"10,6","1,6","6,3",07:06,"14,9",14:25,,,,,,,,,
2026-01-14,6143X,COÍN,MALAGA,230,"13,3","0,0","9,4",23:45,"17,2",14:23,,,,,,,,,
2026-01-15,6143X,COÍN,MALAGA,230,"11,6","0,2","6,8",06:43,"16,4",12:37,,,,,,,,,
2026-01-16,6143X,COÍN,MALAGA,230,"14,0","3,6","9,3",23:34,"18,6",14:20,,,,,,,,,
2026-01-17,6143X,COÍN,MALAGA,230,"10,5","0,0","5,5",22:13,"15,5",13:51,,,,,,,,,
2026-01-18,6143X,COÍN,MALAGA,230,"8,2","0,0","4,0",07:46,"12,5",15:06,,,,,,,,,
2026-01-19,6143X,COÍN,MALAGA,230,"9,7","0,0","3,9",07:56,"15,5",14:41,,,,,,,,,
2026-01-20,6143X,COÍN,MALAGA,230,"11,2","0,0","5,9",06:29,"16,5",12:20,,,,,,,,,
2026-01-21,6143X,COÍN,MALAGA,230,"11,0","1,6","7,0",07:42,"14,9",14:39,,,,,,,,,
2026-01-22,6143X,COÍN,MALAGA,230,"14,0","13,2","11,2",00:01,"16,7",13:31,,,,,,,,,
2026-01-23,6143X,COÍN,MALAGA,230,"14,0","5,0","9,0",23:12,"18,9",15:39,,,,,,,,,
2026-01-24,6143X,COÍN,MALAGA,230,"10,2","0,0","6,8",06:15,"13,7",15:37,,,,,,,,,
2026-01-25,6143X,COÍN,MALAGA,230,"13,6","2,0","9,9",05:15,"17,2",14:14,,,,,,,,,
2026-01-26,6143X,COÍN,MALAGA,230,"15,7","0,6","10,6",05:24,"20,8",11:37,,,,,,,,,
2026-01-27,6143X,COÍN,MALAGA,230,"14,8","11,0","12,2",19:03,"17,5",14:08,,,,,,,,,
2026-01-28,6143X,COÍN,MALAGA,230,"13,5","9,2","10,0",05:47,"17,0",18:09,,,,,,,,,
2026-01-29,6143X,COÍN,MALAGA,230,"17,8","2,8","13,3",01:41,"22,4",12:24,,,,,,,,,
2026-01-30,6143X,COÍN,MALAGA,230,"17,3","0,0","12,8",07:13,"21,8",14:20,,,,,,,,,
2026-01-31,6143X,COÍN,MALAGA,230,"14,6","0,0","11,0",23:23,"18,2",15:08,,,,,,,,,
2026-02-01,6143X,COÍN,MALAGA,230,"15,0","0,0","9,3",07:26,"20,6",13:57,,,,,,,,,
2026-02-02,6143X,COÍN,MALAGA,230,"11,8","11,4","8,3",23:58,"15,2",16:01,,,,,,,,,
2026-02-03,6143X,COÍN,MALAGA,230,"10,8","23,0","7,1",06:34,"14,5",13:47,,,,,,,,,
2026-02-04,6143X,COÍN,MALAGA,230,"13,8","6,6","9,6",00:02,"18,1",14:38,,,,,,,,,
2026-02-05,6143X,COÍN,MALAGA,230,"16,6","4,6","14,4",23:45,"18,8",13:00,,,,,,,,,
2026-02-06,6143X,COÍN,MALAGA,230,"13,3","5,8","8,9",23:42,"17,7",13:53,,,,,,,,,
2026-02-07,6143X,COÍN,MALAGA,230,"10,8","22,6","7,6",02:10,"13,9",14:32,,,,,,,,,
2026-02-08,6143X,COÍN,MALAGA,230,"12,5","0,6","8,7",00:33,"16,3",16:53,,,,,,,,,
2026-02-09,6143X,COÍN,MALAGA,230,"16,6","0,0","9,6",03:36,"23,5",11:51,,,,,,,,,
2026-02-10,6143X,COÍN,MALAGA,230,"19,3","0,0","14,6",06:24,"24,0",16:10,,,,,,,,,
2026-02-11,6143X,COÍN,MALAGA,230,"19,0","0,0","14,7",05:24,"23,2",12:34,,,,,,,,,
2026-02-12,6143X,COÍN,MALAGA,230,"18,5","1,4","13,2",23:54,"23,8",15:42,,,,,,,,,
2026-02-13,6143X,COÍN,MALAGA,230,"13,7","3,8","10,1",17:23,"17,3",13:50,,,,,,,,,
2026-02-14,6143X,COÍN,MALAGA,230,"12,6","0,0","9,3",07:43,"15,8",14:49,,,,,,,,,
2026-02-15,6143X,COÍN,MALAGA,230,"13,4","0,0","6,7",Varias,"20,1",15:36,,,,,,,,,
2026-02-16,6143X,COÍN,MALAGA,230,"14,2","0,0","9,9",06:46,"18,4",14:19,,,,,,,,,
2026-02-17,6143X,COÍN,MALAGA,230,"17,6","0,0","11,6",23:53,"23,7",15:58,,,,,,,,,
2026-02-18,6143X,COÍN,MALAGA,230,"15,3","0,0","8,7",06:45,"21,9",12:28,,,,,,,,,
2026-02-19,6143X,COÍN,MALAGA,230,"15,0","0,0","11,8",07:02,"18,1",16:00,,,,,,,,,
2026-02-20,6143X,COÍN,MALAGA,230,"14,2","0,0","6,6",06:45,"21,8",12:51,,,,,,,,,
2026-02-21,6143X,COÍN,MALAGA,230,"15,3","0,0","7,6",07:22,"23,0",15:07,,,,,,,,,
2026-02-22,6143X,COÍN,MALAGA,230,"15,9","0,0","7,4",05:54,"24,4",14:32,,,,,,,,,
2026-02-23,6143X,COÍN,MALAGA,230,"16,8","0,0","8,8",07:16,"24,9",15:44,,,,,,,,,
2026-02-24,6143X,COÍN,MALAGA,230,"17,2","0,0","9,2",06:57,"25,3",15:46,,,,,,,,,
2026-02-25,6143X,COÍN,MALAGA,230,"15,6","0,0","8,5",05:45,"22,8",15:49,,,,,,,,,
2026-02-26,6143X,COÍN,MALAGA,230,"13,2","0,0","7,3",04:54,"19,2",15:40,,,,,,,,,
2026-02-27,6143X,COÍN,MALAGA,230,"14,8","0,0","8,9",06:54,"20,8",14:10,,,,,,,,,
2026-02-28,6143X,COÍN,MALAGA,230,"13,3","0,0","8,9",07:01,"17,7",12:02,,,,,,,,,
2026-03-01,6143X,COÍN,MALAGA,230,"16,0","0,0","11,9",04:55,"20,1",15:47,,,,,,,,,
2026-03-02,6143X,COÍN,MALAGA,230,"13,8","0,0","11,6",05:55,"16,1",12:51,,,,,,,,,
2026-03-03,6143X,COÍN,MALAGA,230,"16,2","0,0","11,0",06:26,"21,4",13:59,,,,,,,,,
2026-03-04,6143X,COÍN,MALAGA,230,"10,4","23,2","6,1",23:51,"14,6",02:07,,,,,,,,,
2026-03-05,6143X,COÍN,MALAGA,230,"12,4","0,0","4,8",05:53,"19,9",15:40,,,,,,,,,
2026-03-06,6143X,COÍN,MALAGA,230,"11,4","0,0","7,7",22:44,"15,2",16:50,,,,,,,,,
2026-03-07,6143X,COÍN,MALAGA,230,"12,8","0,0","7,6",02:34,"18,1",13:40,,,,,,,,,
2026-03-08,6143X,COÍN,MALAGA,230,"13,4","1,0","8,2",05:37,"18,6",10:57,,,,,,,,,
2026-03-09,6143X,COÍN,MALAGA,230,"13,6","1,4","8,0",06:34,"19,3",11:11,,,,,,,,,
2026-03-10,6143X,COÍN,MALAGA,230,"12,6","0,8","5,5",06:26,"19,6",15:46,,,,,,,,,
2026-03-11,6143X,COÍN,MALAGA,230,"12,8","0,0","4,1",06:37,"21,5",15:43,,,,,,,,,
2026-03-12,6143X,COÍN,MALAGA,230,"14,9","0,0","6,9",05:57,"22,9",15:47,,,,,,,,,
2026-03-13,6143X,COÍN,MALAGA,230,"16,8","0,0","8,7",05:47,"24,9",14:40,,,,,,,,,
2026-03-14,6143X,COÍN,MALAGA,230,"16,1","0,0","10,3",05:32,"21,9",15:45,,,,,,,,,
2026-03-15,6143X,COÍN,MALAGA,230,"19,2","0,0","13,7",06:53,"24,6",15:48,,,,,,,,,
2026-03-16,6143X,COÍN,MALAGA,230,"16,0","0,0","9,4",06:34,"22,5",15:49,,,,,,,,,
2026-03-17,6143X,COÍN,MALAGA,230,"16,4","1,4","7,5",05:34,"25,2",15:49,,,,,,,,,
2026-03-18,6143X,COÍN,MALAGA,230,"18,2","0,0","9,6",06:33,"26,8",15:50,,,,,,,,,
2026-03-19,6143X,COÍN,MALAGA,230,"14,4","2,0","10,3",Varias,"18,5",11:21,,,,,,,,,
2026-03-20,6143X,COÍN,MALAGA,230,"14,2","0,6","12,3",19:27,"16,0",12:27,,,,,,,,,
2026-03-21,6143X,COÍN,MALAGA,230,"13,0","0,2","11,6",07:35,"14,5",11:29,,,,,,,,,
2026-03-22,6143X,COÍN,MALAGA,230,"15,9","0,2","9,7",23:54,"22,1",15:50,,,,,,,,,
2026-03-23,6143X,COÍN,MALAGA,230,"15,4","0,0","7,9",05:16,"22,9",12:03,,,,,,,,,
2026-03-24,6143X,COÍN,MALAGA,230,"15,0","0,0","11,1",23:55,"18,9",14:28,,,,,,,,,
2026-03-25,6143X,COÍN,MALAGA,230,"16,1","0,0","8,6",06:15,"23,6",15:48,,,,,,,,,
2026-03-26,6143X,COÍN,MALAGA,230,"18,0","0,0","9,8",03:52,"26,1",11:51,,,,,,,,,
2026-03-27,6143X,COÍN,MALAGA,230,"16,0","0,0","12,2",06:34,"19,9",15:49,,,,,,,,,
2026-03-28,6143X,COÍN,MALAGA,230,"15,1","0,0","8,7",05:35,"21,5",15:52,,,,,,,,,
2026-03-29,6143X,COÍN,MALAGA,230,"16,4","0,0","10,4",00:22,"22,3",15:50,,,,,,,,,
2026-03-30,6143X,COÍN,MALAGA,230,"13,5","0,0","6,9",06:15,"20,1",15:52,,,,,,,,,
2026-03-31,6143X,COÍN,MALAGA,230,"18,4","0,0","8,0",01:33,"28,7",15:51,,,,,,,,,
2026-04-01,6143X,COÍN,MALAGA,230,"17,8","0,0","12,4",06:10,"23,1",14:06,,,,,,,,,
2026-04-02,6143X,COÍN,MALAGA,230,"20,4","0,0","14,6",06:10,"26,2",16:56,,,,,,,,,
2026-04-03,6143X,COÍN,MALAGA,230,"18,4","0,0","10,9",23:57,"25,8",11:59,,,,,,,,,
2026-04-04,6143X,COÍN,MALAGA,230,"16,8","0,0","9,4",04:52,"24,3",15:51,,,,,,,,,
2026-04-05,6143X,COÍN,MALAGA,230,"19,1","0,0","10,7",04:32,"27,5",15:52,,,,,,,,,
2026-04-06,6143X,COÍN,MALAGA,230,"18,2","0,0","11,4",02:37,"25,0",11:51,,,,,,,,,
2026-04-07,6143X,COÍN,MALAGA,230,"18,2","32,6","13,1",Varias,"23,4",10:35,,,,,,,,,
2026-04-08,6143X,COÍN,MALAGA,230,"12,6","18,8","11,5",11:46,"13,6",16:32,,,,,,,,,
2026-04-09,6143X,COÍN,MALAGA,230,"17,4","0,0","10,3",06:02,"24,4",15:04,,,,,,,,,
2026-04-10,6143X,COÍN,MALAGA,230,"17,9","3,4","12,9",03:09,"22,9",11:20,,,,,,,,,
2026-04-11,6143X,COÍN,MALAGA,230,"20,0","2,8","14,4",05:14,"25,5",15:58,,,,,,,,,
2026-04-12,6143X,COÍN,MALAGA,230,"18,9","0,0","13,9",05:37,"23,9",11:59,,,,,,,,,
2026-04-13,6143X,COÍN,MALAGA,230,"16,2","0,0","11,1",05:17,"21,3",15:50,,,,,,,,,
2026-04-14,6143X,COÍN,MALAGA,230,"19,6","0,0","12,0",05:02,"27,2",15:55,,,,,,,,,
2026-04-15,6143X,COÍN,MALAGA,230,"20,3","0,0","13,0",03:55,"27,6",12:30,,,,,,,,,
2026-04-16,6143X,COÍN,MALAGA,230,"20,0","0,0","12,7",05:41,"27,3",15:59,,,,,,,,,
2026-04-17,6143X,COÍN,MALAGA,230,"20,3","0,0","12,9",05:47,"27,7",14:48,,,,,,,,,
2026-04-18,6143X,COÍN,MALAGA,230,"20,4","0,0","12,6",04:15,"28,2",14:15,,,,,,,,,
2026-04-19,6143X,COÍN,MALAGA,230,"20,8","0,0","12,6",05:22,"29,0",14:06,,,,,,,,,
2026-04-20,6143X,COÍN,MALAGA,230,"20,4","0,0","13,3",05:42,"27,5",15:56,,,,,,,,,
2026-04-21,6143X,COÍN,MALAGA,230,"20,0","0,0","13,0",06:16,"26,9",14:36,,,,,,,,,
2026-04-22,6143X,COÍN,MALAGA,230,"22,0","0,0","12,9",05:45,"31,1",15:58,,,,,,,,,
2026-04-23,6143X,COÍN,MALAGA,230,"19,0","0,0","15,5",00:48,"22,4",09:10,,,,,,,,,
2026-04-24,6143X,COÍN,MALAGA,230,"17,3","0,2","14,2",04:27,"20,4",15:29,,,,,,,,,
2026-04-25,6143X,COÍN,MALAGA,230,"17,3","0,0","14,4",23:26,"20,2",15:01,,,,,,,,,
2026-04-26,6143X,COÍN,MALAGA,230,"18,6","0,0","12,6",05:39,"24,6",16:01,,,,,,,,,
2026-04-27,6143X,COÍN,MALAGA,230,"17,4","0,0","13,6",03:18,"21,2",14:22,,,,,,,,,
2026-04-28,6143X,COÍN,MALAGA,230,"17,8","0,0","14,3",23:58,"21,4",Varias,,,,,,,,,
2026-04-29,6143X,COÍN,MALAGA,230,"19,8","0,0","13,4",05:45,"26,1",16:48,,,,,,,,,
2026-04-30,6143X,COÍN,MALAGA,230,"19,8","0,0","12,5",05:59,"27,0",13:14,,,,,,,,,
2026-05-01,6143X,COÍN,MALAGA,230,"19,0","0,0","13,7",05:35,"24,3",09:41,,,,,,,,,
2026-05-02,6143X,COÍN,MALAGA,230,"20,5","0,2","17,1",05:45,"23,9",16:13,,,,,,,,,
2026-05-03,6143X,COÍN,MALAGA,230,"20,6","0,0","16,3",23:47,"24,8",15:24,,,,,,,,,
2026-05-04,6143X,COÍN,MALAGA,230,"20,6","0,0","13,8",05:34,"27,4",16:06,,,,,,,,,
2026-05-05,6143X,COÍN,MALAGA,230,"20,4","0,0","12,4",04:38,"28,3",15:59,,,,,,,,,
2026-05-06,6143X,COÍN,MALAGA,230,"20,2","0,0","13,0",04:19,"27,5",12:12,,,,,,,,,
2026-05-07,6143X,COÍN,MALAGA,230,"18,8","0,0","13,4",03:34,"24,1",13:32,,,,,,,,,
2026-05-08,6143X,COÍN,MALAGA,230,"17,8","0,0","13,2",03:29,"22,4",10:33,,,,,,,,,
2026-05-09,6143X,COÍN,MALAGA,230,"16,6","10,6","13,8",23:55,"19,4",18:21,,,,,,,,,
2026-05-10,6143X,COÍN,MALAGA,230,"17,7","0,2","13,3",00:44,"22,1",14:52,,,,,,,,,
2026-05-11,6143X,COÍN,MALAGA,230,"18,6","0,0","11,0",05:05,"26,2",17:23,,,,,,,,,
2026-05-12,6143X,COÍN,MALAGA,230,"19,3","0,0","12,4",05:35,"26,2",15:49,,,,,,,,,
2026-05-13,6143X,COÍN,MALAGA,230,"20,5","0,0","11,7",04:25,"29,3",15:14,,,,,,,,,
2026-05-14,6143X,COÍN,MALAGA,230,"21,8","0,0","13,6",03:59,"30,0",14:47,,,,,,,,,
2026-05-15,6143X,COÍN,MALAGA,230,"21,5","0,0","15,5",05:30,"27,5",14:01,,,,,,,,,
2026-05-16,6143X,COÍN,MALAGA,230,"18,6","0,0","12,8",05:35,"24,3",10:28,,,,,,,,,
2026-05-17,6143X,COÍN,MALAGA,230,"19,0","0,2","12,7",04:55,"25,4",15:08,,,,,,,,,
2026-05-18,6143X,COÍN,MALAGA,230,"19,2","0,0","11,8",05:18,"26,5",16:09,,,,,,,,,
2026-05-19,6143X,COÍN,MALAGA,230,"21,5","0,0","13,8",05:13,"29,2",16:10,,,,,,,,,
2026-05-20,6143X,COÍN,MALAGA,230,"21,9","0,0","14,7",04:48,"29,1",14:27,,,,,,,,,
2026-05-21,6143X,COÍN,MALAGA,230,"22,8","0,0","16,2",04:54,"29,3",10:58,,,,,,,,,
2026-05-22,6143X,COÍN,MALAGA,230,"22,8","0,0","17,0",04:49,"28,7",16:12,,,,,,,,,
2026-05-23,6143X,COÍN,MALAGA,230,"23,9","0,0","18,9",23:15,"28,9",10:26,,,,,,,,,
2026-05-24,6143X,COÍN,MALAGA,230,"23,6","0,0","17,7",03:49,"29,4",15:18,,,,,,,,,
2026-05-25,6143X,COÍN,MALAGA,230,"22,8","0,0","17,0",Varias,"28,5",14:48,,,,,,,,,
2026-05-26,6143X,COÍN,MALAGA,230,"21,6","0,0","15,8",05:16,"27,5",15:52,,,,,,,,,
2026-05-27,6143X,COÍN,MALAGA,230,"22,2","0,0","16,4",05:14,"28,0",15:59,,,,,,,,,
2026-05-28,6143X,COÍN,MALAGA,230,"23,0","0,0","15,8",05:11,"30,2",16:00,,,,,,,,,
2026-05-29,6143X,COÍN,MALAGA,230,"24,2","0,0","17,1",03:25,"31,2",14:06,,,,,,,,,
2026-05-30,6143X,COÍN,MALAGA,230,"25,2","0,0","18,1",05:10,"32,2",11:07,,,,,,,,,
2026-05-31,6143X,COÍN,MALAGA,230,"27,4","0,0","20,5",04:29,"34,4",11:22,,,,,,,,,
2026-06-01,6143X,COÍN,MALAGA,230,"26,7","0,0","19,2",04:57,"34,2",14:46,,,,,,,,,
2026-06-02,6143X,COÍN,MALAGA,230,"29,2","0,0","21,2",02:54,"37,1",13:25,,,,,,,,,
2026-06-03,6143X,COÍN,MALAGA,230,"25,8","0,0","21,1",23:49,"30,6",10:12,,,,,,,,,
2026-06-04,6143X,COÍN,MALAGA,230,"27,6","0,0","19,0",05:04,"36,1",15:51,,,,,,,,,
2026-06-05,6143X,COÍN,MALAGA,230,"25,5","0,0","20,0",05:06,"31,0",13:37,,,,,,,,,
2026-06-06,6143X,COÍN,MALAGA,230,"24,6","0,0","19,6",00:47,"29,5",10:44,,,,,,,,,
2026-06-07,6143X,COÍN,MALAGA,230,"23,6","0,0","19,6",04:46,"27,5",14:57,,,,,,,,,
2026-06-08,6143X,COÍN,MALAGA,230,"24,6","0,0","18,0",05:15,"31,1",14:50,,,,,,,,,
2026-06-09,6143X,COÍN,MALAGA,230,"25,6","0,0","19,3",02:17,"32,0",10:33,,,,,,,,,
2026-06-10,6143X,COÍN,MALAGA,230,"23,8","0,0","18,7",Varias,"28,9",14:55,,,,,,,,,
2026-06-11,6143X,COÍN,MALAGA,230,"23,4","0,0","20,8",21:44,"25,9",12:40,,,,,,,,,
2026-06-12,6143X,COÍN,MALAGA,230,"23,2","0,0","19,6",03:49,"26,9",13:49,,,,,,,,,
2026-06-13,6143X,COÍN,MALAGA,230,"23,2","0,0","18,7",03:56,"27,7",14:52,,,,,,,,,
2026-06-14,6143X,COÍN,MALAGA,230,"25,0","0,0","16,9",04:45,"33,2",15:29,,,,,,,,,
2026-06-15,6143X,COÍN,MALAGA,230,"27,6","0,0","19,4",04:26,"35,9",16:25,,,,,,,,,
2026-06-16,6143X,COÍN,MALAGA,230,"27,2","0,0","21,7",05:30,"32,6",14:45,,,,,,,,,
2026-06-17,6143X,COÍN,MALAGA,230,"26,9","0,0","19,5",03:36,"34,3",13:56,,,,,,,,,
2026-06-18,6143X,COÍN,MALAGA,230,"26,4","0,0","20,7",04:09,"32,2",10:11,,,,,,,,,
2026-06-19,6143X,COÍN,MALAGA,230,"25,2","0,0","20,0",04:35,"30,5",15:39,,,,,,,,,
2026-06-20,6143X,COÍN,MALAGA,230,"27,3","0,0","21,4",02:27,"33,2",16:21,,,,,,,,,
2026-06-21,6143X,COÍN,MALAGA,230,"28,4","0,0","21,6",05:28,"35,2",13:23,,,,,,,,,
2026-06-22,6143X,COÍN,MALAGA,230,"30,4","0,0","23,8",05:19,"37,1",14:08,,,,,,,,,
2026-06-23,6143X,COÍN,MALAGA,230,"29,6","0,0","22,8",03:03,"36,3",16:18,,,,,,,,,
2026-06-24,6143X,COÍN,MALAGA,230,"27,8","0,0","23,0",23:57,"32,7",09:12,,,,,,,,,
2026-06-25,6143X,COÍN,MALAGA,230,"28,4","0,0","20,7",04:54,"36,1",15:45,,,,,,,,,
2026-06-26,6143X,COÍN,MALAGA,230,"27,2","0,0","19,8",Varias,"34,5",16:20,,,,,,,,,
2026-06-27,6143X,COÍN,MALAGA,230,"27,2","0,0","21,1",05:17,"33,2",15:35,,,,,,,,,
2026-06-28,6143X,COÍN,MALAGA,230,"28,2","0,0","20,8",05:19,"35,7",11:03,,,,,,,,,
2026-06-29,6143X,COÍN,MALAGA,230,"28,6","0,0","23,2",04:28,"34,0",16:21,,,,,,,,,
2026-06-30,6143X,COÍN,MALAGA,230,"27,5","0,0","21,9",04:56,"33,1",15:17,,,,,,,,,
2026-07-01,6143X,COÍN,MALAGA,230,,"0,0",,,,,,,,,,,,,
2026-07-02,6143X,COÍN,MALAGA,230,"27,9","0,0","22,7",05:13,"33,1",10:33,,,,,,,,,
2026-07-03,6143X,COÍN,MALAGA,230,"28,0","0,0","22,0",04:37,"33,9",15:47,,,,,,,,,
2026-07-04,6143X,COÍN,MALAGA,230,"27,7","0,0","21,1",03:49,"34,3",14:54,,,,,,,,,
2026-07-05,6143X,COÍN,MALAGA,230,"27,4","0,0","20,9",04:36,"33,9",14:11,,,,,,,,,
2026-07-06,6143X,COÍN,MALAGA,230,"28,3","0,0","21,2",04:36,"35,4",14:25,,,,,,,,,
2026-07-07,6143X,COÍN,MALAGA,230,"29,8","0,0","21,9",04:38,"37,6",16:21,,,,,,,,,
2026-07-08,6143X,COÍN,MALAGA,230,"29,6","0,0","21,5",04:19,"37,8",15:01,,,,,,,,,
2026-07-09,6143X,COÍN,MALAGA,230,"30,5","0,0","22,1",05:29,"38,9",16:04,,,,,,,,,
2026-07-10,6143X,COÍN,MALAGA,230,"30,2","0,0","21,6",05:15,"38,9",13:44,,,,,,,,,
2026-07-11,6143X,COÍN,MALAGA,230,"28,6","0,0","21,7",05:24,"35,5",15:00,,,,,,,,,
2026-07-12,6143X,COÍN,MALAGA,230,"28,4","0,0","20,9",05:16,"35,8",16:22,,,,,,,,,
2026-07-13,6143X,COÍN,MALAGA,230,"27,8","0,0","19,3",05:27,"36,2",16:21,,,,,,,,,
2026-07-14,6143X,COÍN,MALAGA,230,"30,0","0,0","22,0",05:05,"38,0",16:24,,,,,,,,,
2026-07-15,6143X,COÍN,MALAGA,230,"31,6","0,0","23,6",05:37,"39,7",12:45,,,,,,,,,
2026-07-16,6143X,COÍN,MALAGA,230,"34,8","0,0","25,5",Varias,"44,2",16:27,,,,,,,,,
2026-07-17,6143X,COÍN,MALAGA,230,"32,5","0,0","24,5",05:15,"40,5",11:59,,,,,,,,,
2026-07-18,6143X,COÍN,MALAGA,230,"33,2","0,0","26,2",02:56,"40,1",16:22,,,,,,,,,
2026-07-19,6143X,COÍN,MALAGA,230,"32,6","0,0","24,7",05:28,"40,4",12:06,,,,,,,,,
2026-07-20,6143X,COÍN,MALAGA,230,"33,2","0,0","26,5",05:28,"39,8",16:19,,,,,,,,,
2026-07-21,6143X,COÍN,MALAGA,230,"33,9","0,0","25,6",04:13,"42,2",15:22,,,,,,,,,
2026-07-22,6143X,COÍN,MALAGA,230,"31,4","0,0","24,2",05:27,"38,6",12:09,,,,,,,,,
2026-07-23,6143X,COÍN,MALAGA,230,"34,8","0,0","25,1",03:57,"44,5",15:59,,,,,,,,,
2026-07-24,6143X,COÍN,MALAGA,230,"35,2","0,0","28,5",04:29,"41,9",14:21,,,,,,,,,
2026-07-25,6143X,COÍN,MALAGA,230,"29,6","0,0","22,8",05:45,"36,5",16:24,,,,,,,,,
2026-07-26,6143X,COÍN,MALAGA,230,"29,0","0,0","22,3",05:33,"35,7",11:43,,,,,,,,,
2026-07-27,6143X,COÍN,MALAGA,230,"27,8","0,0","21,4",04:27,"34,1",16:18,,,,,,,,,
2026-07-28,6143X,COÍN,MALAGA,230,"27,6","0,0","21,9",04:57,"33,4",14:44,,,,,,,,,
2026-07-29,6143X,COÍN,MALAGA,230,"27,5","0,0","21,2",05:17,"33,8",16:15,,,,,,,,,
2026-07-30,6143X,COÍN,MALAGA,230,"27,4","0,0","20,6",05:29,"34,3",13:07,,,,,,,,,
2026-07-31,6143X,COÍN,MALAGA,230,"30,0","0,0","21,5",04:15,"38,5",16:15,,,,,,,,,
2026-08-01,6143X,COÍN,MALAGA,230,"30,2","0,0","23,9",03:55,"36,6",12:03,,,,,,,,,
2026-08-02,6143X,COÍN,MALAGA,230,"33,2","0,0","23,9",05:25,"42,4",16:14,,,,,,,,,
2026-08-03,6143X,COÍN,MALAGA,230,"32,8","0,0","24,0",04:59,"41,7",16:14,,,,,,,,,
2026-08-04,6143X,COÍN,MALAGA,230,"31,8","0,0","23,9",05:29,"39,7",16:12,,,,,,,,,
2026-08-05,6143X,COÍN,MALAGA,230,"32,8","0,0","24,2",05:28,"41,3",15:37,,,,,,,,,
2026-08-06,6143X,COÍN,MALAGA,230,"31,6","0,0","24,6",23:47,"38,5",16:13,,,,,,,,,
2026-08-07,6143X,COÍN,MALAGA,230,"29,5","0,0","22,8",05:03,"36,2",11:58,,,,,,,,,
2026-08-08,6143X,COÍN,MALAGA,230,"30,4","0,0","23,3",04:58,"37,4",17:18,,,,,,,,,
2026-08-09,6143X,COÍN,MALAGA,230,"30,3","0,0","23,6",04:34,"37,0",16:10,,,,,,,,,
2026-08-10,6143X,COÍN,MALAGA,230,"31,6","0,0","23,2",05:34,"40,0",16:10,,,,,,,,,
2026-08-11,6143X,COÍN,MALAGA,230,"29,0","0,0","20,9",05:40,"37,2",15:10,,,,,,,,,
2026-08-12,6143X,COÍN,MALAGA,230,"29,7","0,0","23,8",05:26,"35,6",14:22,,,,,,,,,
2026-08-13,6143X,COÍN,MALAGA,230,,,,,,,,,,,,,,,
2026-08-14,6143X,COÍN,MALAGA,230,"29,4","0,0","22,6",05:41,"36,3",16:09,,,,,,,,,
2026-08-15,6143X,COÍN,MALAGA,230,"29,6","0,0","24,0",05:13,"35,3",13:58,,,,,,,,,
2026-08-16,6143X,COÍN,MALAGA,230,"28,8","0,0","24,6",03:58,"33,0",16:11,,,,,,,,,
2026-08-17,6143X,COÍN,MALAGA,230,"28,6","0,0","24,4",05:06,"32,9",14:34,,,,,,,,,
2026-08-18,6143X,COÍN,MALAGA,230,"29,6","0,0","23,5",05:46,"35,7",16:07,,,,,,,,,
2026-08-19,6143X,COÍN,MALAGA,230,"30,6","0,0","22,5",05:14,"38,6",16:03,,,,,,,,,
2026-08-20,6143X,COÍN,MALAGA,230,"27,0","0,0","22,4",23:45,"31,7",15:58,,,,,,,,,
2026-08-21,6143X,COÍN,MALAGA,230,"27,6","0,0","20,2",05:18,"35,1",16:03,,,,,,,,,
2026-08-22,6143X,COÍN,MALAGA,230,"26,5","0,0","20,2",05:33,"32,8",16:01,,,,,,,,,
2026-08-23,6143X,COÍN,MALAGA,230,"26,1","0,0","20,1",05:35,"32,1",16:02,,,,,,,,,
2026-08-24,6143X,COÍN,MALAGA,230,"26,3","0,0","20,1",03:26,"32,5",14:02,,,,,,,,,
2026-08-25,6143X,COÍN,MALAGA,230,"27,0","0,0","18,1",05:55,"35,9",16:00,,,,,,,,,
2026-08-26,6143X,COÍN,MALAGA,230,"27,9","0,0","20,5",05:14,"35,3",13:09,,,,,,,,,
2026-08-27,6143X,COÍN,MALAGA,230,"27,0","0,0","19,5",05:46,"34,6",15:58,,,,,,,,,
2026-08-28,6143X,COÍN,MALAGA,230,"27,8","0,0","19,1",23:55,"36,6",15:57,,,,,,,,,
2026-08-29,6143X,COÍN,MALAGA,230,"26,0","0,0","17,3",04:10,"34,6",14:06,,,,,,,,,
2026-08-30,6143X,COÍN,MALAGA,230,"26,7","0,0","19,3",05:55,"34,1",15:54,,,,,,,,,
