fecha,indicativo,nombre,provincia,altitud,tmed,prec,tmin,horatmin,tmax,horatmax,dir,velmedia,racha,horaracha,sol,presMax,horaPresMax,presMin,horaPresMin
2010-06-28,C619Y,LA ALDEA DE SAN NICOLÁS,LAS PALMAS,13,,"0,0",,,,,,,,,,,,,
2010-06-29,C619Y,LA ALDEA DE SAN NICOLÁS,LAS PALMAS,13,"23,0","0,0","20,1",05:00,"25,9",12:10,,,,,"8,4","1019,9",11,"1016,8",03
2010-06-30,C619Y,LA ALDEA DE SAN NICOLÁS,LAS PALMAS,13,"22,2","0,0","19,7",06:30,"24,8",13:00,,,,,"12,3","1019,0",22,"1017,4",06
2010-07-01,C619Y,LA ALDEA DE SAN NICOLÁS,LAS PALMAS,13,"22,0",,"19,3",06:00,"24,6",14:30,,,,,"12,5","1018,4",00,"1015,3",19
2010-07-02,C619Y,LA ALDEA DE SAN NICOLÁS,LAS PALMAS,13,,"0,0",,,,,,,,,"12,1",,,,
2010-07-03,C619Y,LA ALDEA DE SAN NICOLÁS,LAS PALMAS,13,"24,4","1,0","20,0",23:59,"28,7",14:10,,,,,"9,4","1017,2",22,"1014,4",15
2010-07-04,C619Y,LA ALDEA DE SAN NICOLÁS,LAS PALMAS,13,"22,3","0,0","18,7",07:10,"25,9",13:40,,,,,"11,7","1017,6",24,"1015,4",Varias
2010-07-05,C619Y,LA ALDEA DE SAN NICOLÁS,LAS PALMAS,13,,,,,,,,,,,,,,,
2010-07-07,C619Y,LA ALDEA DE SAN NICOLÁS,LAS PALMAS,13,,"0,0",,,,,,,,,"12,3",,,,
2010-07-08,C619Y,LA ALDEA DE SAN NICOLÁS,LAS PALMAS,13,,,,,,,,,,,,,,,
2010-07-09,C619Y,LA ALDEA DE SAN NICOLÁS,LAS PALMAS,13,"22,8","0,0","20,1",07:00,"25,5",13:00,,,,,"10,6","1015,9",00,"1013,6",18
2010-07-10,C619Y,LA ALDEA DE SAN NICOLÁS,LAS PALMAS,13,"23,3","0,0","20,1",06:00,"26,5",14:10,,,,,"11,6","1014,5",00,"1010,8",17
2010-07-11,C619Y,LA ALDEA DE SAN NICOLÁS,LAS PALMAS,13,"24,6",,"20,2",04:20,"29,0",17:40,,,,,"12,0","1012,7",00,"1009,5",Varias
2010-07-12,C619Y,LA ALDEA DE SAN NICOLÁS,LAS PALMAS,13,,,,,,,,,,,"11,7",,,,
2010-07-13,C619Y,LA ALDEA DE SAN NICOLÁS,LAS PALMAS,13,"23,6","0,0","20,6",23:59,"26,5",15:00,,,,,"12,2","1014,5",23,"1011,8",18
2010-07-14,C619Y,LA ALDEA DE SAN NICOLÁS,LAS PALMAS,13,"23,1","0,0","20,2",Varias,"26,0",16:00,,,,,"12,7","1015,6",Varias,"1012,3",04
2010-07-16,C619Y,LA ALDEA DE SAN NICOLÁS,LAS PALMAS,13,"23,0","0,0","20,6",06:30,"25,5",15:20,,,,,"12,1","1017,6",11,"1015,0",18
2010-07-17,C619Y,LA ALDEA DE SAN NICOLÁS,LAS PALMAS,13,"23,4","0,0","20,7",Varias,"26,0",13:00,,,,,"11,9","1016,5",00,"1013,4",19
2010-07-18,C619Y,LA ALDEA DE SAN NICOLÁS,LAS PALMAS,13,"23,6","0,0","20,4",05:30,"26,7",14:00,,,,,"11,6","1015,5",24,"1012,3",05
2010-07-19,C619Y,LA ALDEA DE SAN NICOLÁS,LAS PALMAS,13,"23,0","0,0","20,3",06:40,"25,7",13:50,,,,,"11,8","1016,8",Varias,"1014,0",03
2010-07-20,C619Y,LA ALDEA DE SAN NICOLÁS,LAS PALMAS,13,,,,,,,,,,,,,,,
2010-07-21,C619Y,LA ALDEA DE SAN NICOLÁS,LAS PALMAS,13,"23,1","0,0","20,7",05:50,"25,5",13:20,,,,,"12,4","1014,8",10,"1012,6",18
2010-07-22,C619Y,LA ALDEA DE SAN NICOLÁS,LAS PALMAS,13,"24,6","0,0","21,4",05:20,"27,7",14:40,,,,,"12,1","1016,5",23,"1012,3",03
2010-07-23,C619Y,LA ALDEA DE SAN NICOLÁS,LAS PALMAS,13,"24,0","0,0","21,2",23:59,"26,9",14:20,,,,,"12,3","1018,1",23,"1014,0",04
2010-07-24,C619Y,LA ALDEA DE SAN NICOLÁS,LAS PALMAS,13,"22,8","0,0","20,9",Varias,"24,8",14:50,,,,,"11,6","1017,9",10,"1014,3",17
2010-07-25,C619Y,LA ALDEA DE SAN NICOLÁS,LAS PALMAS,13,"23,2","0,0","21,0",05:40,"25,4",14:10,,,,,"11,4","1016,1",00,"1013,3",19
2010-07-26,C619Y,LA ALDEA DE SAN NICOLÁS,LAS PALMAS,13,"23,0","0,0","20,5",05:00,"25,5",14:10,,,,,"11,9","1014,1",00,"1012,0",18
2010-07-27,C619Y,LA ALDEA DE SAN NICOLÁS,LAS PALMAS,13,"24,0",,"20,7",Varias,"27,3",16:00,,,,,"12,4","1014,0",00,"1012,1",18
2010-07-28,C619Y,LA ALDEA DE SAN NICOLÁS,LAS PALMAS,13,,"0,0",,,,,,,,,,,,,
2010-07-29,C619Y,LA ALDEA DE SAN NICOLÁS,LAS PALMAS,13,"22,2","0,0","17,9",06:30,"26,6",14:00,,,,,"11,4","1013,9",Varias,"1011,6",19
2010-07-30,C619Y,LA ALDEA DE SAN NICOLÁS,LAS PALMAS,13,"24,2","0,0","20,4",04:50,"28,0",12:00,,,,,"11,2","1012,9",00,"1011,0",05
2010-07-31,C619Y,LA ALDEA DE SAN NICOLÁS,LAS PALMAS,13,"24,0","0,0","21,7",23:59,"26,3",13:50,,,,,"11,3","1013,2",22,"1010,7",05
2010-08-01,C619Y,LA ALDEA DE SAN NICOLÁS,LAS PALMAS,13,"23,3","0,0","21,2",06:00,"25,4",14:10,,,,,"12,0","1013,2",11,"1010,5",19
2010-08-02,C619Y,LA ALDEA DE SAN NICOLÁS,LAS PALMAS,13,"23,5","9,0","21,3",00:50,"25,7",14:40,,,,,"10,8","1012,8",24,"1010,3",Varias
2010-08-03,C619Y,LA ALDEA DE SAN NICOLÁS,LAS PALMAS,13,"24,1","0,0","21,9",Varias,"26,3",14:20,,,,,"9,2","1013,9",23,"1011,6",03
2010-08-04,C619Y,LA ALDEA DE SAN NICOLÁS,LAS PALMAS,13,"23,8",,"21,6",23:59,"26,0",13:40,,,,,"11,0","1014,0",10,"1011,5",18
2010-08-05,C619Y,LA ALDEA DE SAN NICOLÁS,LAS PALMAS,13,,"0,0",,,,,,,,,"11,6",,,,
2010-08-06,C619Y,LA ALDEA DE SAN NICOLÁS,LAS PALMAS,13,"23,0","0,0","20,9",06:40,"25,1",15:10,,,,,"12,2","1013,7",24,"1010,8",04
2010-08-07,C619Y,LA ALDEA DE SAN NICOLÁS,LAS PALMAS,13,"23,3","0,0","21,0",Varias,"25,6",13:40,,,,,"11,8","1014,4",23,"1011,9",18
2010-08-08,C619Y,LA ALDEA DE SAN NICOLÁS,LAS PALMAS,13,"23,4","0,0","20,9",03:40,"26,0",13:00,,,,,"11,2","1013,9",00,"1010,0",18
2010-08-10,C619Y,LA ALDEA DE SAN NICOLÁS,LAS PALMAS,13,,"0,0",,,,,,,,,"9,3",,,,
2010-08-11,C619Y,LA ALDEA DE SAN NICOLÁS,LAS PALMAS,13,"24,2","0,0","21,1",03:00,"27,3",12:40,,,,,"11,1","1014,5",00,"1011,7",18
2010-08-12,C619Y,LA ALDEA DE SAN NICOLÁS,LAS PALMAS,13,"31,4","0,0","24,1",00:40,"38,7",11:00,,,,,"11,4","1012,5",23,"1009,1",04
2010-08-13,C619Y,LA ALDEA DE SAN NICOLÁS,LAS PALMAS,13,"25,8","0,0","22,0",23:59,"29,6",01:20,,,,,"11,5","1014,4",11,"1011,4",19
2010-08-14,C619Y,LA ALDEA DE SAN NICOLÁS,LAS PALMAS,13,,,,,,,,,,,,,,,
2010-08-15,C619Y,LA ALDEA DE SAN NICOLÁS,LAS PALMAS,13,,,,,,,,,,,,,,,
2010-08-16,C619Y,LA ALDEA DE SAN NICOLÁS,LAS PALMAS,13,,,,,,,,,,,,,,,
2010-08-17,C619Y,LA ALDEA DE SAN NICOLÁS,LAS PALMAS,13,,,,,,,,,,,"11,9",,,,
2010-08-18,C619Y,LA ALDEA DE SAN NICOLÁS,LAS PALMAS,13,"23,6","0,0","21,0",05:50,"26,3",16:40,,,,,"11,9","1017,1",00,"1012,5",Varias
2010-08-19,C619Y,LA ALDEA DE SAN NICOLÁS,LAS PALMAS,13,"23,5","0,0","20,1",07:20,"26,9",13:20,,,,,"11,8","1014,1",22,"1011,3",15
2010-08-20,C619Y,LA ALDEA DE SAN NICOLÁS,LAS PALMAS,13,,,,,,,,,,,"12,0",,,,
2010-08-24,C619Y,LA ALDEA DE SAN NICOLÁS,LAS PALMAS,13,"23,4","0,0","20,2",07:00,"26,7",14:40,,,,,"11,5","1013,9",11,"1011,1",17
2010-08-25,C619Y,LA ALDEA DE SAN NICOLÁS,LAS PALMAS,13,"24,6","0,0","21,7",03:00,"27,5",12:40,,,,,"11,4","1012,9",23,"1010,4",16
2010-08-26,C619Y,LA ALDEA DE SAN NICOLÁS,LAS PALMAS,13,"25,0","9,6","20,0",07:00,"30,0",16:20,,,,,"11,4","1014,4",22,"1012,0",02
2010-08-27,C619Y,LA ALDEA DE SAN NICOLÁS,LAS PALMAS,13,"24,9","0,0","21,9",03:20,"27,9",14:00,,,,,"11,1","1014,0",00,"1011,3",17
2010-08-28,C619Y,LA ALDEA DE SAN NICOLÁS,LAS PALMAS,13,"26,2","0,0","22,4",06:10,"29,9",10:30,,,,,"11,1","1012,5",00,"1009,6",18
2010-08-29,C619Y,LA ALDEA DE SAN NICOLÁS,LAS PALMAS,13,"29,6","0,0","22,6",05:00,"36,6",16:00,,,,,"11,4","1010,2",10,"1007,5",17
2010-08-30,C619Y,LA ALDEA DE SAN NICOLÁS,LAS PALMAS,13,"26,2",,"21,0",04:20,"31,4",14:30,,,,,"11,6","1010,8",Varias,"1007,7",04
2010-09-01,C619Y,LA ALDEA DE SAN NICOLÁS,LAS PALMAS,13,"24,4","0,0","21,2",06:10,"27,6",15:20,,,,,"11,6","1012,1",23,"1009,2",Varias
2010-09-02,C619Y,LA ALDEA DE SAN NICOLÁS,LAS PALMAS,13,"23,7","0,0","20,0",07:20,"27,4",12:50,,,,,"11,7","1012,3",22,"1010,6",16
2010-09-03,C619Y,LA ALDEA DE SAN NICOLÁS,LAS PALMAS,13,"23,2","0,0","18,7",06:40,"27,7",14:30,,,,,"11,1","1013,0",09,"1010,3",17
2010-09-04,C619Y,LA ALDEA DE SAN NICOLÁS,LAS PALMAS,13,"23,6","0,0","18,7",06:50,"28,5",14:30,,,,,"11,3","1013,4",Varias,"1010,5",Varias
2010-09-05,C619Y,LA ALDEA DE SAN NICOLÁS,LAS PALMAS,13,"23,4","0,0","19,2",05:30,"27,6",13:30,,,,,"8,6","1014,8",22,"1011,1",03
2010-09-06,C619Y,LA ALDEA DE SAN NICOLÁS,LAS PALMAS,13,,,,,,,,,,,,,,,
2010-09-07,C619Y,LA ALDEA DE SAN NICOLÁS,LAS PALMAS,13,"25,1","0,0","22,5",04:40,"27,7",12:40,,,,,"11,7","1016,2",11,"1013,8",17
2010-09-08,C619Y,LA ALDEA DE SAN NICOLÁS,LAS PALMAS,13,"24,8","0,0","21,8",23:59,"27,9",14:10,,,,,"11,7","1016,2",13,"1013,1",05
2010-09-09,C619Y,LA ALDEA DE SAN NICOLÁS,LAS PALMAS,13,"24,2","0,0","21,0",00:50,"27,4",14:20,,,,,"11,6","1017,8",12,"1014,7",03
2010-09-10,C619Y,LA ALDEA DE SAN NICOLÁS,LAS PALMAS,13,"25,0","0,0","21,8",05:30,"28,1",14:40,,,,,"11,6","1017,5",09,"1014,4",18
2010-09-11,C619Y,LA ALDEA DE SAN NICOLÁS,LAS PALMAS,13,"25,4","0,0","22,1",04:00,"28,7",14:20,,,,,"11,4","1015,8",00,"1013,2",18
2010-09-12,C619Y,LA ALDEA DE SAN NICOLÁS,LAS PALMAS,13,"24,6",,"21,8",05:40,"27,3",13:10,,,,,"8,2","1015,6",10,"1013,0",05
2010-09-13,C619Y,LA ALDEA DE SAN NICOLÁS,LAS PALMAS,13,,"0,0",,,,,,,,,"6,8",,,,
2010-09-14,C619Y,LA ALDEA DE SAN NICOLÁS,LAS PALMAS,13,"27,8","0,0","22,8",00:50,"32,8",18:00,,,,,"7,9","1018,3",22,"1013,3",17
2010-09-15,C619Y,LA ALDEA DE SAN NICOLÁS,LAS PALMAS,13,"30,0","0,0","24,7",23:00,"35,2",13:40,,,,,"6,4","1016,8",00,"1012,2",15
2010-09-16,C619Y,LA ALDEA DE SAN NICOLÁS,LAS PALMAS,13,"25,0","7,8","23,1",23:59,"26,8",12:30,,,,,"4,9","1013,7",23,"1011,2",04
2010-09-17,C619Y,LA ALDEA DE SAN NICOLÁS,LAS PALMAS,13,"25,0",,"22,2",05:50,"27,8",15:10,,,,,"11,1","1014,0",10,"1011,7",Varias
2010-09-18,C619Y,LA ALDEA DE SAN NICOLÁS,LAS PALMAS,13,,"0,0",,,,,,,,,"11,4",,,,
2010-09-19,C619Y,LA ALDEA DE SAN NICOLÁS,LAS PALMAS,13,"23,8","0,0","19,1",05:40,"28,6",13:10,,,,,"11,2","1014,9",11,"1011,9",18
2010-09-20,C619Y,LA ALDEA DE SAN NICOLÁS,LAS PALMAS,13,"22,6","0,0","17,6",06:40,"27,5",14:20,,,,,"11,3","1014,4",10,"1011,3",16
2010-09-21,C619Y,LA ALDEA DE SAN NICOLÁS,LAS PALMAS,13,"22,8","0,0","17,1",06:50,"28,6",15:50,,,,,"9,5","1013,6",11,"1011,0",18
2010-09-22,C619Y,LA ALDEA DE SAN NICOLÁS,LAS PALMAS,13,"25,0",,"22,9",Varias,"27,2",10:00,,,,,"0,0","1015,1",12,"1010,9",05
2010-09-24,C619Y,LA ALDEA DE SAN NICOLÁS,LAS PALMAS,13,"26,6","0,0","21,5",07:00,"31,8",17:30,,,,,"10,2","1012,6",00,"1009,6",17
2010-09-25,C619Y,LA ALDEA DE SAN NICOLÁS,LAS PALMAS,13,,,,,,,,,,,,,,,
2010-09-26,C619Y,LA ALDEA DE SAN NICOLÁS,LAS PALMAS,13,,"0,0",,,,,,,,,"11,0",,,,
2010-09-27,C619Y,LA ALDEA DE SAN NICOLÁS,LAS PALMAS,13,"24,2","0,0","20,0",05:40,"28,4",15:50,,,,,"9,4","1016,7",11,"1013,4",05
2010-09-28,C619Y,LA ALDEA DE SAN NICOLÁS,LAS PALMAS,13,,,,,,,,,,,,,,,
2010-09-29,C619Y,LA ALDEA DE SAN NICOLÁS,LAS PALMAS,13,"25,4",,"21,9",01:00,"28,8",14:50,,,,,"10,7","1017,5",10,"1014,9",15
2010-09-30,C619Y,LA ALDEA DE SAN NICOLÁS,LAS PALMAS,13,,"0,0",,,,,,,,,"11,0",,,,
2010-10-01,C619Y,LA ALDEA DE SAN NICOLÁS,LAS PALMAS,13,"23,8","0,0","19,9",04:30,"27,6",13:40,,,,,"9,7","1014,9",00,"1011,1",16
2010-10-02,C619Y,LA ALDEA DE SAN NICOLÁS,LAS PALMAS,13,"23,2",,"19,4",05:00,"27,0",20:50,,,,,"3,4","1015,6",Varias,"1010,4",06
2010-10-04,C619Y,LA ALDEA DE SAN NICOLÁS,LAS PALMAS,13,"26,2","0,0","22,1",05:40,"30,3",14:40,,,,,"10,5","1016,7",11,"1014,0",17
2010-10-05,C619Y,LA ALDEA DE SAN NICOLÁS,LAS PALMAS,13,,,,,,,,,,,,,,,
2010-10-06,C619Y,LA ALDEA DE SAN NICOLÁS,LAS PALMAS,13,"23,4","0,0","19,4",05:50,"27,4",13:50,,,,,"5,8","1012,7",10,"1010,2",17
2010-10-07,C619Y,LA ALDEA DE SAN NICOLÁS,LAS PALMAS,13,,,,,,,,,,,"10,6",,,,
2010-12-23,C619Y,LA ALDEA DE SAN NICOLÁS,LAS PALMAS,13,,,,,,,,,,,,,,,
2010-12-26,C619Y,LA ALDEA DE SAN NICOLÁS,LAS PALMAS,13,"20,0",,"15,6",22:50,"24,5",13:50,,,,,"8,9","1018,9",11,"1016,4",17
2011-01-03,C619Y,LA ALDEA DE SAN NICOLÁS,LAS PALMAS,13,,,,,,,,,,,"8,7",,,,
2011-01-05,C619Y,LA ALDEA DE SAN NICOLÁS,LAS PALMAS,13,,,,,,,,,,,"9,0",,,,
2011-01-08,C619Y,LA ALDEA DE SAN NICOLÁS,LAS PALMAS,13,,,,,,,,,,,"8,7",,,,
2011-01-11,C619Y,LA ALDEA DE SAN NICOLÁS,LAS PALMAS,13,"19,4","0,0","15,9",07:30,"22,8",14:30,,,,,"9,1","1025,1",10,"1022,5",16
2011-01-12,C619Y,LA ALDEA DE SAN NICOLÁS,LAS PALMAS,13,"17,2","0,0","12,0",23:59,"22,5",15:20,,,,,"9,1","1024,3",11,"1021,3",16
2011-01-13,C619Y,LA ALDEA DE SAN NICOLÁS,LAS PALMAS,13,"15,6","0,0","8,3",07:00,"22,9",15:50,,,,,"9,2","1022,0",00,"1018,4",16
2011-01-14,C619Y,LA ALDEA DE SAN NICOLÁS,LAS PALMAS,13,"15,6","0,0","8,4",08:00,"22,7",15:20,,,,,"9,3","1021,2",11,"1018,3",18
2011-01-15,C619Y,LA ALDEA DE SAN NICOLÁS,LAS PALMAS,13,"16,4","0,0","9,1",08:20,"23,8",17:00,,,,,"9,3","1021,3",23,"1018,2",Varias
2011-01-16,C619Y,LA ALDEA DE SAN NICOLÁS,LAS PALMAS,13,"16,8","0,0","9,9",08:00,"23,8",14:30,,,,,"9,4","1022,1",11,"1019,5",15
2011-01-17,C619Y,LA ALDEA DE SAN NICOLÁS,LAS PALMAS,13,"17,2","0,0","10,1",05:50,"24,3",14:40,,,,,"8,6","1023,1",11,"1020,2",05
2011-01-18,C619Y,LA ALDEA DE SAN NICOLÁS,LAS PALMAS,13,"16,2","0,0","9,3",07:30,"23,0",16:00,,,,,"9,3","1022,3",00,"1018,2",16
2011-01-19,C619Y,LA ALDEA DE SAN NICOLÁS,LAS PALMAS,13,"17,2","0,0","11,9",05:20,"22,4",14:10,,,,,"9,3","1019,2",00,"1016,1",19
2011-01-20,C619Y,LA ALDEA DE SAN NICOLÁS,LAS PALMAS,13,,,,,,,,,,,,,,,
2011-01-21,C619Y,LA ALDEA DE SAN NICOLÁS,LAS PALMAS,13,"15,7","0,0","8,1",03:50,"23,3",12:40,,,,,"6,4","1011,8",00,"1008,6",17
2011-01-22,C619Y,LA ALDEA DE SAN NICOLÁS,LAS PALMAS,13,"18,3","0,6","14,1",23:59,"22,5",15:20,,,,,"7,9","1009,5",00,"1007,0",15
2011-01-23,C619Y,LA ALDEA DE SAN NICOLÁS,LAS PALMAS,13,"17,0","1,4","11,6",02:10,"22,5",14:30,,,,,"3,3","1008,7",00,"1005,3",19
2011-01-24,C619Y,LA ALDEA DE SAN NICOLÁS,LAS PALMAS,13,,,,,,,,,,,,,,,
2011-01-25,C619Y,LA ALDEA DE SAN NICOLÁS,LAS PALMAS,13,"17,0",,"13,9",Varias,"20,0",17:50,,,,,"1,6","1005,9",Varias,"1000,1",16
2011-01-27,C619Y,LA ALDEA DE SAN NICOLÁS,LAS PALMAS,13,,,,,,,,,,,,,,,
2011-02-01,C619Y,LA ALDEA DE SAN NICOLÁS,LAS PALMAS,13,"18,4","0,2","16,0",08:20,"20,9",13:00,,,,,"4,7","1024,3",22,"1020,9",04
2011-02-02,C619Y,LA ALDEA DE SAN NICOLÁS,LAS PALMAS,13,"19,2",,"15,5",04:20,"23,0",14:00,,,,,"4,7","1026,1",23,"1022,7",05
2011-02-08,C619Y,LA ALDEA DE SAN NICOLÁS,LAS PALMAS,13,"14,2","0,0","7,0",07:50,"21,4",16:30,,,,,"10,1","1023,0",00,"1018,9",16
2011-02-09,C619Y,LA ALDEA DE SAN NICOLÁS,LAS PALMAS,13,"15,8","7,2","8,1",04:30,"23,6",13:00,,,,,"4,2","1019,5",00,"1012,2",16
2011-02-10,C619Y,LA ALDEA DE SAN NICOLÁS,LAS PALMAS,13,,,,,,,,,,,,,,,
2011-02-11,C619Y,LA ALDEA DE SAN NICOLÁS,LAS PALMAS,13,"15,7","0,2","8,2",05:20,"23,2",14:10,,,,,"10,1","1022,8",22,"1017,1",05
2011-02-12,C619Y,LA ALDEA DE SAN NICOLÁS,LAS PALMAS,13,"18,6","0,0","16,0",08:00,"21,3",14:30,,,,,"6,5","1024,1",22,"1021,2",Varias
2011-02-14,C619Y,LA ALDEA DE SAN NICOLÁS,LAS PALMAS,13,,,,,,,,,,,,,,,
2011-02-15,C619Y,LA ALDEA DE SAN NICOLÁS,LAS PALMAS,13,,,,,,,,,,,,,,,
2011-02-16,C619Y,LA ALDEA DE SAN NICOLÁS,LAS PALMAS,13,"19,8","0,0","15,8",05:00,"23,7",12:40,,,,,"7,6","1019,2",23,"1015,6",Varias
2011-02-17,C619Y,LA ALDEA DE SAN NICOLÁS,LAS PALMAS,13,"18,6","0,0","14,6",08:00,"22,5",15:20,,,,,"9,3","1019,7",10,"1017,4",15
2011-02-18,C619Y,LA ALDEA DE SAN NICOLÁS,LAS PALMAS,13,,,,,,,,,,,,,,,
2011-02-19,C619Y,LA ALDEA DE SAN NICOLÁS,LAS PALMAS,13,"17,2","0,0","12,0",02:30,"22,3",15:30,,,,,"10,5","1020,7",23,"1017,8",05
2011-02-20,C619Y,LA ALDEA DE SAN NICOLÁS,LAS PALMAS,13,,,,,,,,,,,,,,,
2011-02-22,C619Y,LA ALDEA DE SAN NICOLÁS,LAS PALMAS,13,,,,,,,,,,,,,,,
2011-02-23,C619Y,LA ALDEA DE SAN NICOLÁS,LAS PALMAS,13,"16,9","0,0","10,1",07:40,"23,7",16:00,,,,,"10,4","1018,7",10,"1016,1",05
2011-02-24,C619Y,LA ALDEA DE SAN NICOLÁS,LAS PALMAS,13,,,,,,,,,,,,,,,
2011-02-25,C619Y,LA ALDEA DE SAN NICOLÁS,LAS PALMAS,13,"16,6","0,0","11,7",05:50,"21,4",15:20,,,,,"10,6","1021,6",10,"1018,0",17
2011-02-26,C619Y,LA ALDEA DE SAN NICOLÁS,LAS PALMAS,13,"18,6","0,0","12,0",07:50,"25,3",13:20,,,,,"10,6","1020,7",22,"1017,9",16
2011-02-28,C619Y,LA ALDEA DE SAN NICOLÁS,LAS PALMAS,13,,,,,,,,,,,,,,,
2011-03-01,C619Y,LA ALDEA DE SAN NICOLÁS,LAS PALMAS,13,,,,,,,,,,,"10,6",,,,
2011-03-02,C619Y,LA ALDEA DE SAN NICOLÁS,LAS PALMAS,13,"20,0","0,0","16,5",09:20,"23,5",14:40,,,,,"6,6","1020,4",Varias,"1017,5",16
2011-03-03,C619Y,LA ALDEA DE SAN NICOLÁS,LAS PALMAS,13,,,,,,,,,,,,,,,
2011-03-05,C619Y,LA ALDEA DE SAN NICOLÁS,LAS PALMAS,13,,,,,,,,,,,"8,4",,,,
2011-03-07,C619Y,LA ALDEA DE SAN NICOLÁS,LAS PALMAS,13,"18,8","0,0","15,5",Varias,"22,2",15:00,,,,,"8,5","1012,7",22,"1010,3",05
2011-03-09,C619Y,LA ALDEA DE SAN NICOLÁS,LAS PALMAS,13,,,,,,,,,,,,,,,
2011-03-25,C619Y,LA ALDEA DE SAN NICOLÁS,LAS PALMAS,13,,,,,,,,,,,,,,,
2011-03-27,C619Y,LA ALDEA DE SAN NICOLÁS,LAS PALMAS,13,"20,2",,"17,1",02:40,"23,2",13:30,,,,,"11,4","1020,9",10,"1018,2",05
2011-03-31,C619Y,LA ALDEA DE SAN NICOLÁS,LAS PALMAS,13,"18,7",,"13,8",07:00,"23,6",14:10,,,,,"11,5","1017,2",00,"1013,7",18
2011-04-02,C619Y,LA ALDEA DE SAN NICOLÁS,LAS PALMAS,13,"19,6",,"15,7",07:10,"23,5",13:30,,,,,"10,4","1018,0",Varias,"1015,0",Varias
2011-04-12,C619Y,LA ALDEA DE SAN NICOLÁS,LAS PALMAS,13,"20,7",,"17,4",05:50,"24,0",14:50,,,,,"10,5","1016,7",00,"1011,5",16
2011-04-17,C619Y,LA ALDEA DE SAN NICOLÁS,LAS PALMAS,13,"21,6","1,4","14,5",06:00,"28,6",12:00,,,,,"6,3","1009,1",00,"1005,5",17
2011-04-20,C619Y,LA ALDEA DE SAN NICOLÁS,LAS PALMAS,13,"20,2","0,0","14,6",04:00,"25,9",13:10,,,,,"8,2","1013,6",23,"1008,4",03
2011-04-21,C619Y,LA ALDEA DE SAN NICOLÁS,LAS PALMAS,13,,,,,,,,,,,,,,,
2011-04-22,C619Y,LA ALDEA DE SAN NICOLÁS,LAS PALMAS,13,"21,4","1,4","17,5",04:30,"25,4",14:10,,,,,"10,9","1017,4",10,"1014,8",18
2011-04-23,C619Y,LA ALDEA DE SAN NICOLÁS,LAS PALMAS,13,"19,6","3,6","16,0",07:20,"23,2",13:40,,,,,"5,4","1016,0",Varias,"1012,8",05
2011-04-24,C619Y,LA ALDEA DE SAN NICOLÁS,LAS PALMAS,13,"20,2",,"16,7",02:00,"23,8",16:20,,,,,"6,3","1016,6",11,"1014,0",06
2011-04-25,C619Y,LA ALDEA DE SAN NICOLÁS,LAS PALMAS,13,,"0,0",,,,,,,,,"0,6",,,,
2011-04-26,C619Y,LA ALDEA DE SAN NICOLÁS,LAS PALMAS,13,"19,2","0,0","15,4",23:59,"23,1",16:00,,,,,"7,9","1015,5",00,"1011,7",18
2011-04-27,C619Y,LA ALDEA DE SAN NICOLÁS,LAS PALMAS,13,"17,4","0,0","11,4",06:00,"23,3",14:50,,,,,"9,2","1013,1",11,"1010,3",16
2011-04-28,C619Y,LA ALDEA DE SAN NICOLÁS,LAS PALMAS,13,"19,0","0,6","12,9",Varias,"25,2",16:00,,,,,"7,4","1011,7",00,"1007,9",17
2011-04-29,C619Y,LA ALDEA DE SAN NICOLÁS,LAS PALMAS,13,"20,2","0,0","15,0",07:00,"25,3",13:20,,,,,"10,2","1010,3",Varias,"1008,1",05
2011-04-30,C619Y,LA ALDEA DE SAN NICOLÁS,LAS PALMAS,13,,,,,,,,,,,"4,4",,,,
2011-05-01,C619Y,LA ALDEA DE SAN NICOLÁS,LAS PALMAS,13,"19,2","0,0","12,8",06:50,"25,7",15:00,,,,,"11,8","1010,4",23,"1002,7",02
2011-05-02,C619Y,LA ALDEA DE SAN NICOLÁS,LAS PALMAS,13,"19,4","0,0","13,8",06:00,"24,9",15:10,,,,,"11,2","1016,0",23,"1008,9",03
2011-05-03,C619Y,LA ALDEA DE SAN NICOLÁS,LAS PALMAS,13,"18,6","0,0","13,5",06:00,"23,8",15:10,,,,,"10,0","1018,5",23,"1014,9",04
2011-05-04,C619Y,LA ALDEA DE SAN NICOLÁS,LAS PALMAS,13,"20,2","0,0","13,8",05:50,"26,5",14:50,,,,,"12,2","1018,3",00,"1015,9",17
2011-05-05,C619Y,LA ALDEA DE SAN NICOLÁS,LAS PALMAS,13,"20,1",,"14,7",06:50,"25,5",13:10,,,,,"12,3","1017,5",00,"1014,2",17
2011-05-06,C619Y,LA ALDEA DE SAN NICOLÁS,LAS PALMAS,13,,"0,0",,,,,,,,,"11,1",,,,
2011-05-07,C619Y,LA ALDEA DE SAN NICOLÁS,LAS PALMAS,13,"21,4","0,0","18,5",04:30,"24,4",15:40,,,,,"11,5","1015,8",00,"1013,7",Varias
2011-05-08,C619Y,LA ALDEA DE SAN NICOLÁS,LAS PALMAS,13,"19,0","0,0","14,8",06:30,"23,3",13:10,,,,,"11,5","1015,2",11,"1012,6",17
2011-05-09,C619Y,LA ALDEA DE SAN NICOLÁS,LAS PALMAS,13,,,,,,,,,,,"12,1",,,,
2011-05-10,C619Y,LA ALDEA DE SAN NICOLÁS,LAS PALMAS,13,"20,8","0,0","18,0",06:50,"23,7",14:10,,,,,"11,1","1013,6",10,"1011,4",03
2011-05-11,C619Y,LA ALDEA DE SAN NICOLÁS,LAS PALMAS,13,,,,,,,,,,,,,,,
2011-05-12,C619Y,LA ALDEA DE SAN NICOLÁS,LAS PALMAS,13,,,,,,,,,,,,,,,
2011-05-13,C619Y,LA ALDEA DE SAN NICOLÁS,LAS PALMAS,13,"21,4","0,0","17,3",06:00,"25,5",14:40,,,,,"7,3","1011,6",23,"1006,9",05
2011-05-14,C619Y,LA ALDEA DE SAN NICOLÁS,LAS PALMAS,13,"21,6","0,0","19,1",03:10,"24,2",15:40,,,,,"8,6","1013,2",23,"1010,0",03
2011-05-15,C619Y,LA ALDEA DE SAN NICOLÁS,LAS PALMAS,13,"19,4","0,0","14,4",05:40,"24,4",14:10,,,,,"12,3","1013,9",23,"1011,3",04
2011-05-16,C619Y,LA ALDEA DE SAN NICOLÁS,LAS PALMAS,13,"21,5","0,0","16,7",05:40,"26,3",14:50,,,,,"10,0","1014,3",22,"1011,9",Varias
2011-05-17,C619Y,LA ALDEA DE SAN NICOLÁS,LAS PALMAS,13,"20,8","0,0","15,7",06:20,"25,9",15:30,,,,,"12,3","1015,0",23,"1011,9",03
2011-05-18,C619Y,LA ALDEA DE SAN NICOLÁS,LAS PALMAS,13,"22,8","0,0","19,1",05:50,"26,6",11:50,,,,,"9,1","1016,1",23,"1013,7",Varias
2011-05-19,C619Y,LA ALDEA DE SAN NICOLÁS,LAS PALMAS,13,"23,0",,"19,3",23:40,"26,7",13:40,,,,,"10,1","1017,3",22,"1014,2",Varias
2011-05-21,C619Y,LA ALDEA DE SAN NICOLÁS,LAS PALMAS,13,"23,2","0,0","19,8",05:00,"26,7",14:30,,,,,"6,7","1017,3",11,"1015,0",Varias
2011-05-22,C619Y,LA ALDEA DE SAN NICOLÁS,LAS PALMAS,13,"22,5","0,0","19,5",03:00,"25,5",13:00,,,,,"11,7","1016,8",00,"1013,1",17
2011-05-23,C619Y,LA ALDEA DE SAN NICOLÁS,LAS PALMAS,13,"22,4","0,0","19,8",04:40,"25,1",11:00,,,,,"9,1","1014,5",00,"1011,6",05
2011-05-24,C619Y,LA ALDEA DE SAN NICOLÁS,LAS PALMAS,13,"22,6","0,0","19,1",06:30,"26,1",13:10,,,,,"7,2","1013,9",23,"1011,4",06
2011-05-25,C619Y,LA ALDEA DE SAN NICOLÁS,LAS PALMAS,13,,,,,,,,,,,,,,,
2011-05-26,C619Y,LA ALDEA DE SAN NICOLÁS,LAS PALMAS,13,"20,4","0,0","15,1",06:20,"25,8",10:40,,,,,"12,2","1014,8",00,"1011,6",17
2011-05-27,C619Y,LA ALDEA DE SAN NICOLÁS,LAS PALMAS,13,"21,0","0,0","15,8",06:10,"26,3",16:20,,,,,"12,6","1014,1",24,"1010,8",05
2011-05-28,C619Y,LA ALDEA DE SAN NICOLÁS,LAS PALMAS,13,"22,6","0,0","17,2",04:50,"28,0",14:00,,,,,"11,4","1016,2",23,"1013,1",04
2011-05-29,C619Y,LA ALDEA DE SAN NICOLÁS,LAS PALMAS,13,"23,7","0,0","19,0",06:10,"28,4",15:40,,,,,"12,3","1017,8",23,"1014,7",04
2011-05-30,C619Y,LA ALDEA DE SAN NICOLÁS,LAS PALMAS,13,"22,8","0,0","19,6",03:10,"26,0",11:40,,,,,"8,8","1018,9",23,"1015,9",03
2011-05-31,C619Y,LA ALDEA DE SAN NICOLÁS,LAS PALMAS,13,"21,8","0,0","17,1",06:20,"26,6",13:20,,,,,"12,6","1018,8",00,"1016,0",18
2011-06-01,C619Y,LA ALDEA DE SAN NICOLÁS,LAS PALMAS,13,"20,8",,"16,6",05:40,"25,1",10:40,,,,,"12,6","1017,5",00,"1014,9",17
2011-06-02,C619Y,LA ALDEA DE SAN NICOLÁS,LAS PALMAS,13,,"0,0",,,,,,,,,"12,5",,,,
2011-06-03,C619Y,LA ALDEA DE SAN NICOLÁS,LAS PALMAS,13,"22,4","0,0","19,4",05:00,"25,4",15:30,,,,,"12,3","1016,3",00,"1013,4",18
2011-06-04,C619Y,LA ALDEA DE SAN NICOLÁS,LAS PALMAS,13,"22,8","0,0","19,9",04:00,"25,6",11:00,,,,,"4,6","1014,2",00,"1010,9",Varias
2011-06-05,C619Y,LA ALDEA DE SAN NICOLÁS,LAS PALMAS,13,"23,2","0,0","19,4",04:20,"27,1",14:10,,,,,"8,7","1013,5",23,"1010,9",04
2011-06-06,C619Y,LA ALDEA DE SAN NICOLÁS,LAS PALMAS,13,"23,6","0,0","18,6",06:00,"28,5",13:20,,,,,"10,6","1015,9",23,"1012,5",03
2011-06-07,C619Y,LA ALDEA DE SAN NICOLÁS,LAS PALMAS,13,"23,3","0,0","19,7",04:30,"26,9",15:00,,,,,"7,8","1018,9",22,"1015,0",04
2011-06-08,C619Y,LA ALDEA DE SAN NICOLÁS,LAS PALMAS,13,"23,0","0,0","19,5",05:40,"26,4",14:00,,,,,"12,5","1019,4",22,"1016,8",05
2011-06-09,C619Y,LA ALDEA DE SAN NICOLÁS,LAS PALMAS,13,"22,5","0,0","19,7",Varias,"25,3",14:30,,,,,"12,1","1021,3",23,"1017,9",02
2011-06-10,C619Y,LA ALDEA DE SAN NICOLÁS,LAS PALMAS,13,"22,2","0,0","19,3",Varias,"25,1",16:00,,,,,"12,4","1020,8",00,"1018,2",18
2011-06-11,C619Y,LA ALDEA DE SAN NICOLÁS,LAS PALMAS,13,"22,8","0,0","19,5",05:50,"26,0",11:50,,,,,"12,1","1019,0",00,"1015,5",18
2011-06-12,C619Y,LA ALDEA DE SAN NICOLÁS,LAS PALMAS,13,"23,4","0,0","20,4",Varias,"26,3",14:10,,,,,"10,9","1017,4",Varias,"1015,3",17
2011-06-13,C619Y,LA ALDEA DE SAN NICOLÁS,LAS PALMAS,13,"22,6","0,0","20,2",06:00,"25,0",14:50,,,,,"12,1","1017,1",00,"1013,4",17
2011-06-14,C619Y,LA ALDEA DE SAN NICOLÁS,LAS PALMAS,13,"22,6","0,0","18,0",04:20,"27,2",13:40,,,,,"12,4","1015,8",Varias,"1013,5",15
2011-06-15,C619Y,LA ALDEA DE SAN NICOLÁS,LAS PALMAS,13,"21,3","0,0","16,2",06:00,"26,4",13:50,,,,,"12,5","1017,3",23,"1013,2",04
2011-06-16,C619Y,LA ALDEA DE SAN NICOLÁS,LAS PALMAS,13,"22,4","0,0","20,5",Varias,"24,4",12:20,,,,,"12,5","1018,3",Varias,"1015,4",05
2011-06-17,C619Y,LA ALDEA DE SAN NICOLÁS,LAS PALMAS,13,"24,0","0,0","20,4",04:00,"27,6",14:40,,,,,"11,2","1018,0",Varias,"1015,3",18
2011-06-18,C619Y,LA ALDEA DE SAN NICOLÁS,LAS PALMAS,13,"23,2","0,0","20,4",03:20,"26,1",12:10,,,,,"9,5","1016,7",00,"1013,4",19
2011-06-19,C619Y,LA ALDEA DE SAN NICOLÁS,LAS PALMAS,13,"24,2","0,0","21,3",06:00,"27,2",13:40,,,,,"9,5","1014,0",00,"1011,3",19
2011-06-20,C619Y,LA ALDEA DE SAN NICOLÁS,LAS PALMAS,13,"25,4","0,0","20,3",05:20,"30,4",16:30,,,,,"11,7","1013,0",00,"1009,6",Varias
2011-06-21,C619Y,LA ALDEA DE SAN NICOLÁS,LAS PALMAS,13,"28,0","0,0","19,7",06:00,"36,4",17:00,,,,,"11,8","1012,6",23,"1009,5",17
2011-06-22,C619Y,LA ALDEA DE SAN NICOLÁS,LAS PALMAS,13,"30,6","0,0","21,2",06:00,"40,1",17:40,,,,,"7,9","1013,4",13,"1010,8",18
2011-06-23,C619Y,LA ALDEA DE SAN NICOLÁS,LAS PALMAS,13,,,,,,,,,,,,,,,
2011-06-24,C619Y,LA ALDEA DE SAN NICOLÁS,LAS PALMAS,13,,"0,0",,,,,,,,,"12,5",,,,
2011-06-25,C619Y,LA ALDEA DE SAN NICOLÁS,LAS PALMAS,13,"22,2","0,0","18,0",06:20,"26,4",15:10,,,,,"12,5","1015,2",Varias,"1012,9",Varias
2011-06-26,C619Y,LA ALDEA DE SAN NICOLÁS,LAS PALMAS,13,"23,2","0,0","20,3",06:00,"26,1",14:30,,,,,"12,1","1015,9",11,"1013,8",Varias
2011-06-27,C619Y,LA ALDEA DE SAN NICOLÁS,LAS PALMAS,13,,,,,,,,,,,"11,1",,,,
2011-06-29,C619Y,LA ALDEA DE SAN NICOLÁS,LAS PALMAS,13,"24,0","0,0","21,7",Varias,"26,4",14:20,,,,,"11,7","1013,4",00,"1011,0",18
2011-06-30,C619Y,LA ALDEA DE SAN NICOLÁS,LAS PALMAS,13,,,,,,,,,,,"11,5",,,,
2011-07-01,C619Y,LA ALDEA DE SAN NICOLÁS,LAS PALMAS,13,,,,,,,,,,,"12,1",,,,
2011-07-02,C619Y,LA ALDEA DE SAN NICOLÁS,LAS PALMAS,13,,"0,0",,,,,,,,,"11,5",,,,
2011-07-05,C619Y,LA ALDEA DE SAN NICOLÁS,LAS PALMAS,13,,,,,,,,,,,,,,,
2011-07-06,C619Y,LA ALDEA DE SAN NICOLÁS,LAS PALMAS,13,,,,,,,,,,,,,,,
2011-07-07,C619Y,LA ALDEA DE SAN NICOLÁS,LAS PALMAS,13,"24,6","0,0","21,7",05:40,"27,6",14:00,,,,,"11,2","1015,2",Varias,"1012,5",04
2011-07-08,C619Y,LA ALDEA DE SAN NICOLÁS,LAS PALMAS,13,,,,,,,,,,,"12,2",,,,
2011-07-12,C619Y,LA ALDEA DE SAN NICOLÁS,LAS PALMAS,13,,,,,,,,,,,,,,,
2011-07-15,C619Y,LA ALDEA DE SAN NICOLÁS,LAS PALMAS,13,,,,,,,,,,,,,,,
2011-07-23,C619Y,LA ALDEA DE SAN NICOLÁS,LAS PALMAS,13,,,,,,,,,,,,,,,
2011-07-24,C619Y,LA ALDEA DE SAN NICOLÁS,LAS PALMAS,13,"24,6",,"20,8",06:40,"28,4",13:50,,,,,"12,6","1018,3",12,"1015,8",19
2011-07-25,C619Y,LA ALDEA DE SAN NICOLÁS,LAS PALMAS,13,,"0,0",,,,,,,,,"9,0",,,,
2011-07-26,C619Y,LA ALDEA DE SAN NICOLÁS,LAS PALMAS,13,"24,4","0,0","21,4",06:00,"27,4",13:00,,,,,"12,3","1014,3",11,"1011,7",03
2011-07-27,C619Y,LA ALDEA DE SAN NICOLÁS,LAS PALMAS,13,,,,,,,,,,,,,,,
2011-07-29,C619Y,LA ALDEA DE SAN NICOLÁS,LAS PALMAS,13,"24,2",,"21,6",04:40,"26,8",12:10,,,,,,"1015,4",22,"1012,2",04
2011-07-30,C619Y,LA ALDEA DE SAN NICOLÁS,LAS PALMAS,13,"25,2","0,0","21,7",06:40,"28,8",16:00,,,,,"7,2","1015,4",11,"1012,3",Varias
2011-07-31,C619Y,LA ALDEA DE SAN NICOLÁS,LAS PALMAS,13,,,,,,,,,,,"10,9",,,,
2011-08-01,C619Y,LA ALDEA DE SAN NICOLÁS,LAS PALMAS,13,,,,,,,,,,,,,,,
2011-08-02,C619Y,LA ALDEA DE SAN NICOLÁS,LAS PALMAS,13,"24,5","0,0","21,3",04:00,"27,7",13:00,,,,,"12,1","1015,7",24,"1012,6",05
2011-08-03,C619Y,LA ALDEA DE SAN NICOLÁS,LAS PALMAS,13,"24,2","0,0","21,7",Varias,"26,7",14:50,,,,,"11,8","1019,1",23,"1014,7",03
2011-08-04,C619Y,LA ALDEA DE SAN NICOLÁS,LAS PALMAS,13,"24,1","0,0","21,7",06:50,"26,5",14:10,,,,,"12,2","1020,3",11,"1016,9",03
2011-08-05,C619Y,LA ALDEA DE SAN NICOLÁS,LAS PALMAS,13,"25,2",,"22,0",03:00,"28,3",15:30,,,,,"10,8","1019,3",00,"1015,1",17
2011-08-06,C619Y,LA ALDEA DE SAN NICOLÁS,LAS PALMAS,13,,"0,0",,,,,,,,,"6,6",,,,
2011-08-07,C619Y,LA ALDEA DE SAN NICOLÁS,LAS PALMAS,13,"24,8","0,0","21,3",02:00,"28,2",13:10,,,,,"11,4","1013,4",23,"1010,9",18
2011-08-08,C619Y,LA ALDEA DE SAN NICOLÁS,LAS PALMAS,13,"24,3","0,0","21,4",08:30,"27,2",11:40,,,,,"8,2","1016,4",23,"1012,0",02
2011-08-09,C619Y,LA ALDEA DE SAN NICOLÁS,LAS PALMAS,13,"24,0","0,0","21,5",06:50,"26,5",14:50,,,,,"11,4","1016,3",10,"1013,9",19
2011-08-10,C619Y,LA ALDEA DE SAN NICOLÁS,LAS PALMAS,13,"24,0","0,0","21,8",Varias,"26,1",14:30,,,,,"11,7","1015,4",00,"1012,5",18
2011-08-11,C619Y,LA ALDEA DE SAN NICOLÁS,LAS PALMAS,13,"23,8","0,0","21,6",23:00,"26,1",14:50,,,,,"11,7","1014,8",Varias,"1012,3",03
2011-08-12,C619Y,LA ALDEA DE SAN NICOLÁS,LAS PALMAS,13,"23,4",,"21,4",07:00,"25,3",13:30,,,,,"11,9","1014,8",11,"1012,6",18
2011-08-13,C619Y,LA ALDEA DE SAN NICOLÁS,LAS PALMAS,13,,,,,,,,,,,,,,,
2011-08-14,C619Y,LA ALDEA DE SAN NICOLÁS,LAS PALMAS,13,,,,,,,,,,,,,,,
2011-08-15,C619Y,LA ALDEA DE SAN NICOLÁS,LAS PALMAS,13,,,,,,,,,,,"11,1",,,,
2011-08-16,C619Y,LA ALDEA DE SAN NICOLÁS,LAS PALMAS,13,,,,,,,,,,,,,,,
2011-08-30,C619Y,LA ALDEA DE SAN NICOLÁS,LAS PALMAS,13,"24,3","0,0","21,5",03:10,"27,1",12:50,,,,,"11,9","1017,8",11,"1015,3",18
2011-08-31,C619Y,LA ALDEA DE SAN NICOLÁS,LAS PALMAS,13,"24,7","0,0","20,6",23:59,"28,8",15:30,,,,,"11,6","1016,6",10,"1013,3",17
2011-09-01,C619Y,LA ALDEA DE SAN NICOLÁS,LAS PALMAS,13,"23,8","0,0","18,1",06:40,"29,4",14:30,,,,,"11,7","1016,1",22,"1013,0",04
2011-09-02,C619Y,LA ALDEA DE SAN NICOLÁS,LAS PALMAS,13,"23,4","0,0","18,2",06:50,"28,6",14:00,,,,,"11,8","1018,1",23,"1015,1",04
2011-09-03,C619Y,LA ALDEA DE SAN NICOLÁS,LAS PALMAS,13,,,,,,,,,,,,,,,
2011-09-04,C619Y,LA ALDEA DE SAN NICOLÁS,LAS PALMAS,13,"25,9",,"22,3",04:00,"29,5",12:40,,,,,"10,5","1018,0",11,"1014,9",18
2011-09-05,C619Y,LA ALDEA DE SAN NICOLÁS,LAS PALMAS,13,,"0,0",,,,,,,,,"11,6",,,,
2011-09-06,C619Y,LA ALDEA DE SAN NICOLÁS,LAS PALMAS,13,"23,4","0,0","19,8",05:30,"26,9",13:30,,,,,"11,4","1017,2",11,"1014,1",17
2011-09-07,C619Y,LA ALDEA DE SAN NICOLÁS,LAS PALMAS,13,"23,7","0,0","19,4",07:00,"28,0",16:00,,,,,"11,1","1016,3",00,"1013,4",17
2011-09-08,C619Y,LA ALDEA DE SAN NICOLÁS,LAS PALMAS,13,"24,6","0,0","19,0",06:50,"30,2",16:00,,,,,"10,6","1013,7",00,"1011,0",17
2011-09-09,C619Y,LA ALDEA DE SAN NICOLÁS,LAS PALMAS,13,"24,4","0,0","21,3",02:20,"27,5",15:00,,,,,"7,1","1014,1",22,"1010,3",04
2011-09-10,C619Y,LA ALDEA DE SAN NICOLÁS,LAS PALMAS,13,"24,8","0,0","22,4",02:50,"27,3",17:30,,,,,"11,6","1017,1",22,"1012,7",04
2011-09-11,C619Y,LA ALDEA DE SAN NICOLÁS,LAS PALMAS,13,"25,1","0,0","20,6",02:50,"29,6",16:00,,,,,"11,5","1017,7",11,"1015,3",04
2011-09-12,C619Y,LA ALDEA DE SAN NICOLÁS,LAS PALMAS,13,,,,,,,,,,,"11,6",,,,
2011-09-13,C619Y,LA ALDEA DE SAN NICOLÁS,LAS PALMAS,13,"25,6","0,0","22,7",00:50,"28,4",12:50,,,,,"11,5","1015,7",00,"1012,3",18
2011-09-14,C619Y,LA ALDEA DE SAN NICOLÁS,LAS PALMAS,13,,,,,,,,,,,,,,,
2011-09-15,C619Y,LA ALDEA DE SAN NICOLÁS,LAS PALMAS,13,"26,2","0,0","22,3",07:00,"30,0",15:40,,,,,"11,5","1015,3",23,"1011,2",05
2011-09-16,C619Y,LA ALDEA DE SAN NICOLÁS,LAS PALMAS,13,"23,8","0,0","18,1",06:40,"29,4",15:10,,,,,"11,4","1016,5",23,"1014,0",05
2011-09-17,C619Y,LA ALDEA DE SAN NICOLÁS,LAS PALMAS,13,"25,2","0,0","22,2",06:50,"28,2",15:00,,,,,"11,5","1018,1",22,"1014,7",05
2011-09-18,C619Y,LA ALDEA DE SAN NICOLÁS,LAS PALMAS,13,"25,4","0,0","22,5",05:30,"28,2",12:00,,,,,"11,1","1018,1",01,"1015,0",17
2011-09-19,C619Y,LA ALDEA DE SAN NICOLÁS,LAS PALMAS,13,"25,6","0,0","22,4",03:00,"28,8",15:00,,,,,"11,3","1016,1",00,"1013,5",15
2011-09-20,C619Y,LA ALDEA DE SAN NICOLÁS,LAS PALMAS,13,"24,3","0,0","21,1",05:40,"27,5",15:20,,,,,"11,3","1017,5",11,"1014,3",05
2011-09-21,C619Y,LA ALDEA DE SAN NICOLÁS,LAS PALMAS,13,"22,6","0,0","17,6",06:50,"27,5",12:50,,,,,"10,4","1018,5",10,"1015,8",03
2011-09-22,C619Y,LA ALDEA DE SAN NICOLÁS,LAS PALMAS,13,"23,8","1,4","19,2",05:40,"28,5",17:00,,,,,"6,3","1019,1",18,"1015,2",05
2011-09-23,C619Y,LA ALDEA DE SAN NICOLÁS,LAS PALMAS,13,"24,7","0,0","22,5",03:50,"26,9",14:30,,,,,"5,7","1017,6",00,"1012,6",05
2011-09-24,C619Y,LA ALDEA DE SAN NICOLÁS,LAS PALMAS,13,"23,5","0,0","18,4",06:50,"28,6",11:50,,,,,"10,8","1016,5",10,"1013,5",17
2011-09-25,C619Y,LA ALDEA DE SAN NICOLÁS,LAS PALMAS,13,"22,4","0,0","16,8",07:00,"28,1",15:00,,,,,"10,2","1017,3",21,"1014,2",03
2011-09-26,C619Y,LA ALDEA DE SAN NICOLÁS,LAS PALMAS,13,"22,8","0,0","18,4",07:00,"27,1",15:00,,,,,"10,9","1019,6",22,"1016,5",00
2011-09-27,C619Y,LA ALDEA DE SAN NICOLÁS,LAS PALMAS,13,"22,7","0,0","18,4",07:00,"27,0",15:00,,,,,"11,1","1019,8",Varias,"1017,1",Varias
2011-09-28,C619Y,LA ALDEA DE SAN NICOLÁS,LAS PALMAS,13,"25,2","0,0","22,2",06:00,"28,3",15:20,,,,,"11,1","1017,7",08,"1014,4",17
2011-09-29,C619Y,LA ALDEA DE SAN NICOLÁS,LAS PALMAS,13,"24,0","0,0","21,9",01:50,"26,2",12:40,,,,,"11,1","1016,7",00,"1014,3",16
2011-09-30,C619Y,LA ALDEA DE SAN NICOLÁS,LAS PALMAS,13,"25,3","0,0","20,7",23:50,"29,9",15:20,,,,,"11,0","1015,9",Varias,"1012,8",15
2011-10-01,C619Y,LA ALDEA DE SAN NICOLÁS,LAS PALMAS,13,"22,6","0,0","17,8",07:00,"27,3",15:10,,,,,"11,0","1014,5",00,"1012,4",16
2011-10-02,C619Y,LA ALDEA DE SAN NICOLÁS,LAS PALMAS,13,,,,,,,,,,,,,,,
2011-10-03,C619Y,LA ALDEA DE SAN NICOLÁS,LAS PALMAS,13,"26,6","0,0","20,8",06:50,"32,4",13:50,,,,,"9,7","1017,9",23,"1014,2",04
2011-10-04,C619Y,LA ALDEA DE SAN NICOLÁS,LAS PALMAS,13,"29,6","0,0","22,3",04:00,"36,8",13:50,,,,,"6,0","1018,4",10,"1015,5",05
2011-10-05,C619Y,LA ALDEA DE SAN NICOLÁS,LAS PALMAS,13,"27,3",,"23,5",23:59,"31,1",16:30,,,,,"6,3","1018,1",09,"1014,3",03
2011-10-06,C619Y,LA ALDEA DE SAN NICOLÁS,LAS PALMAS,13,,,,,,,,,,,,,,,
2011-10-07,C619Y,LA ALDEA DE SAN NICOLÁS,LAS PALMAS,13,"26,4","0,0","21,8",07:50,"31,0",14:10,,,,,"10,5","1018,3",23,"1015,3",Varias
2011-10-08,C619Y,LA ALDEA DE SAN NICOLÁS,LAS PALMAS,13,,,,,,,,,,,"10,8",,,,
2011-10-10,C619Y,LA ALDEA DE SAN NICOLÁS,LAS PALMAS,13,,,,,,,,,,,,,,,
2011-10-11,C619Y,LA ALDEA DE SAN NICOLÁS,LAS PALMAS,13,,,,,,,,,,,"10,6",,,,
2011-10-12,C619Y,LA ALDEA DE SAN NICOLÁS,LAS PALMAS,13,"24,4","0,0","17,9",07:30,"30,8",15:00,,,,,"10,6","1017,7",10,"1014,5",18
2011-10-13,C619Y,LA ALDEA DE SAN NICOLÁS,LAS PALMAS,13,"22,2",,"18,3",01:30,"26,0",11:20,,,,,"10,6","1016,6",10,"1014,6",17
2011-10-15,C619Y,LA ALDEA DE SAN NICOLÁS,LAS PALMAS,13,"23,2","0,0","15,7",06:50,"30,7",16:50,,,,,"10,2","1014,9",Varias,"1012,2",Varias
2011-10-16,C619Y,LA ALDEA DE SAN NICOLÁS,LAS PALMAS,13,"23,8","0,0","17,2",07:20,"30,3",15:20,,,,,"9,6","1016,0",10,"1013,0",03
2011-10-18,C619Y,LA ALDEA DE SAN NICOLÁS,LAS PALMAS,13,,,,,,,,,,,"5,3",,,,
2011-10-19,C619Y,LA ALDEA DE SAN NICOLÁS,LAS PALMAS,13,"24,8","0,0","22,3",22:30,"27,4",16:30,,,,,"1,2","1017,9",11,"1014,0",03
2011-10-22,C619Y,LA ALDEA DE SAN NICOLÁS,LAS PALMAS,13,"21,0","0,0","16,2",07:20,"25,7",14:40,,,,,"9,6","1015,7",23,"1012,1",05
2011-10-24,C619Y,LA ALDEA DE SAN NICOLÁS,LAS PALMAS,13,"23,5","0,0","18,6",04:30,"28,4",15:00,,,,,"10,0","1015,2",00,"1010,6",18
2011-10-25,C619Y,LA ALDEA DE SAN NICOLÁS,LAS PALMAS,13,"24,2","0,0","21,4",,"26,9",14:40,,,,,"7,2","1013,3",23,"1010,4",05
2011-10-26,C619Y,LA ALDEA DE SAN NICOLÁS,LAS PALMAS,13,"21,6","0,2","17,2",07:00,"26,0",14:40,,,,,"8,6","1016,5",24,"1011,8",Varias
2011-10-31,C619Y,LA ALDEA DE SAN NICOLÁS,LAS PALMAS,13,,"0,0",,,,,,,,,"3,0",,,,
2011-11-01,C619Y,LA ALDEA DE SAN NICOLÁS,LAS PALMAS,13,"22,0","0,0","17,3",23:59,"26,7",13:00,,,,,"10,0","1017,5",00,"1014,5",16
2011-11-02,C619Y,LA ALDEA DE SAN NICOLÁS,LAS PALMAS,13,"19,6","0,0","14,1",07:20,"25,1",14:20,,,,,"9,8","1017,3",11,"1013,7",16
2011-11-03,C619Y,LA ALDEA DE SAN NICOLÁS,LAS PALMAS,13,"22,0","0,2","16,6",01:50,"27,5",15:20,,,,,"6,5","1014,3",Varias,"1010,9",17
2011-11-04,C619Y,LA ALDEA DE SAN NICOLÁS,LAS PALMAS,13,"24,2",,"20,8",23:40,"27,7",14:00,,,,,"7,1","1018,5",Varias,"1012,5",04
2011-11-05,C619Y,LA ALDEA DE SAN NICOLÁS,LAS PALMAS,13,,"0,0",,,,,,,,,"9,4",,,,
2011-11-06,C619Y,LA ALDEA DE SAN NICOLÁS,LAS PALMAS,13,"22,7","0,0","19,4",04:30,"26,0",14:00,,,,,"8,3","1021,9",10,"1018,2",17
2011-11-07,C619Y,LA ALDEA DE SAN NICOLÁS,LAS PALMAS,13,,,,,,,,,,,,,,,
2011-11-08,C619Y,LA ALDEA DE SAN NICOLÁS,LAS PALMAS,13,,,,,,,,,,,,,,,
2011-11-11,C619Y,LA ALDEA DE SAN NICOLÁS,LAS PALMAS,13,,"0,4",,,,,,,,,"0,6",,,,
2011-11-13,C619Y,LA ALDEA DE SAN NICOLÁS,LAS PALMAS,13,"21,4","0,0","17,1",23:59,"25,8",14:30,,,,,"8,0","1015,0",Varias,"1011,3",03
2011-11-14,C619Y,LA ALDEA DE SAN NICOLÁS,LAS PALMAS,13,,,,,,,,,,,"6,3",,,,
2011-11-15,C619Y,LA ALDEA DE SAN NICOLÁS,LAS PALMAS,13,"20,9","0,0","17,0",22:50,"24,8",12:20,,,,,"9,4","1018,7",11,"1015,2",16
2011-11-16,C619Y,LA ALDEA DE SAN NICOLÁS,LAS PALMAS,13,,,,,,,,,,,,,,,
2011-11-17,C619Y,LA ALDEA DE SAN NICOLÁS,LAS PALMAS,13,"20,6","0,0","15,6",04:30,"25,6",13:50,,,,,"6,7","1017,2",10,"1014,9",15
2011-11-18,C619Y,LA ALDEA DE SAN NICOLÁS,LAS PALMAS,13,"22,6","0,2","19,2",22:00,"26,0",14:50,,,,,"8,7","1017,8",10,"1015,1",17
2011-11-19,C619Y,LA ALDEA DE SAN NICOLÁS,LAS PALMAS,13,,,,,,,,,,,,,,,
2011-11-20,C619Y,LA ALDEA DE SAN NICOLÁS,LAS PALMAS,13,,"0,2",,,,,,,,,"7,6",,,,
2011-11-21,C619Y,LA ALDEA DE SAN NICOLÁS,LAS PALMAS,13,"21,6","0,0","18,6",05:00,"24,7",13:20,,,,,"8,1","1022,7",24,"1017,6",04
2011-11-22,C619Y,LA ALDEA DE SAN NICOLÁS,LAS PALMAS,13,"21,8","0,0","19,0",23:59,"24,5",12:00,,,,,"7,7","1023,9",11,"1020,3",15
2011-11-23,C619Y,LA ALDEA DE SAN NICOLÁS,LAS PALMAS,13,"20,6","0,0","17,7",06:10,"23,6",11:20,,,,,"6,1","1021,4",00,"1017,4",16
2011-11-24,C619Y,LA ALDEA DE SAN NICOLÁS,LAS PALMAS,13,"21,1","1,0","18,1",08:00,"24,1",13:50,,,,,"5,1","1020,3",23,"1016,1",15
2011-11-25,C619Y,LA ALDEA DE SAN NICOLÁS,LAS PALMAS,13,"19,2","0,0","13,3",06:30,"25,2",13:50,,,,,"9,3","1022,3",11,"1019,3",04
2011-11-26,C619Y,LA ALDEA DE SAN NICOLÁS,LAS PALMAS,13,,,,,,,,,,,,,,,
2011-11-27,C619Y,LA ALDEA DE SAN NICOLÁS,LAS PALMAS,13,"18,0",,"12,0",05:00,"23,9",14:00,,,,,"9,3","1021,3",10,"1018,4",Varias
2011-11-28,C619Y,LA ALDEA DE SAN NICOLÁS,LAS PALMAS,13,,"0,0",,,,,,,,,"6,4",,,,
2011-11-29,C619Y,LA ALDEA DE SAN NICOLÁS,LAS PALMAS,13,"17,7","0,0","11,5",07:20,"23,9",12:30,,,,,"4,8","1021,4",10,"1019,3",Varias
2011-11-30,C619Y,LA ALDEA DE SAN NICOLÁS,LAS PALMAS,13,"16,6",,"9,5",07:40,"23,6",16:40,,,,,"9,2","1021,3",10,"1018,2",17
2011-12-01,C619Y,LA ALDEA DE SAN NICOLÁS,LAS PALMAS,13,,"0,0",,,,,,,,,"9,1",,,,
2011-12-02,C619Y,LA ALDEA DE SAN NICOLÁS,LAS PALMAS,13,"19,4","0,0","13,3",07:50,"25,6",Varias,,,,,"8,9","1023,2",23,"1019,1",Varias
2011-12-03,C619Y,LA ALDEA DE SAN NICOLÁS,LAS PALMAS,13,"18,6","0,0","12,5",02:10,"24,8",14:20,,,,,"8,8","1023,8",10,"1020,8",18
2011-12-04,C619Y,LA ALDEA DE SAN NICOLÁS,LAS PALMAS,13,"20,0","0,0","14,5",23:59,"25,5",13:10,,,,,"6,9","1022,2",10,"1018,7",15
2011-12-05,C619Y,LA ALDEA DE SAN NICOLÁS,LAS PALMAS,13,"16,7","0,0","10,6",07:50,"22,8",14:20,,,,,"9,0","1021,9",10,"1019,2",16
2011-12-06,C619Y,LA ALDEA DE SAN NICOLÁS,LAS PALMAS,13,"16,0","0,0","9,8",08:00,"22,2",14:00,,,,,"9,1","1022,8",10,"1019,7",Varias
2011-12-07,C619Y,LA ALDEA DE SAN NICOLÁS,LAS PALMAS,13,"18,2","0,0","12,9",04:50,"23,4",13:20,,,,,"1,3","1023,4",11,"1019,9",04
2011-12-08,C619Y,LA ALDEA DE SAN NICOLÁS,LAS PALMAS,13,,,,,,,,,,,"3,0",,,,
2011-12-09,C619Y,LA ALDEA DE SAN NICOLÁS,LAS PALMAS,13,,"0,0",,,,,,,,,"7,3",,,,
2011-12-10,C619Y,LA ALDEA DE SAN NICOLÁS,LAS PALMAS,13,"19,0","0,0","13,2",07:40,"24,8",15:20,,,,,"0,0","1019,4",11,"1016,6",16
2011-12-11,C619Y,LA ALDEA DE SAN NICOLÁS,LAS PALMAS,13,"18,4","0,0","14,6",08:20,"22,3",13:00,,,,,"1,3","1021,9",24,"1018,7",04
2011-12-12,C619Y,LA ALDEA DE SAN NICOLÁS,LAS PALMAS,13,"18,9",,"14,1",23:59,"23,7",13:40,,,,,"8,6","1024,4",Varias,"1021,3",05
2011-12-13,C619Y,LA ALDEA DE SAN NICOLÁS,LAS PALMAS,13,,"0,0",,,,,,,,,"8,9",,,,
2011-12-14,C619Y,LA ALDEA DE SAN NICOLÁS,LAS PALMAS,13,"16,8","0,0","10,4",08:00,"23,3",14:30,,,,,"9,0","1025,5",10,"1022,5",17
2011-12-15,C619Y,LA ALDEA DE SAN NICOLÁS,LAS PALMAS,13,,,,,,,,,,,,,,,
2011-12-16,C619Y,LA ALDEA DE SAN NICOLÁS,LAS PALMAS,13,,,,,,,,,,,"9,0",,,,
2012-01-31,C619Y,LA ALDEA DE SAN NICOLÁS,LAS PALMAS,13,"14,6","0,0","8,4",05:20,"20,7",13:50,,,,,"9,8","1019,8",22,"1016,3",05
2012-02-01,C619Y,LA ALDEA DE SAN NICOLÁS,LAS PALMAS,13,"15,6","0,0","11,0",05:20,"20,3",14:30,,,,,"9,8","1020,0",11,"1017,2",16
2012-02-02,C619Y,LA ALDEA DE SAN NICOLÁS,LAS PALMAS,13,"18,7","0,0","15,0",07:00,"22,4",13:30,,,,,"9,8","1021,7",24,"1017,6",04
2012-02-03,C619Y,LA ALDEA DE SAN NICOLÁS,LAS PALMAS,13,"19,6","0,0","16,1",02:40,"23,2",14:30,,,,,"7,2","1023,0",11,"1020,4",05
2012-02-04,C619Y,LA ALDEA DE SAN NICOLÁS,LAS PALMAS,13,"17,8","0,0","15,2",23:59,"20,5",12:40,,,,,"9,0","1026,5",22,"1021,7",05
2012-02-05,C619Y,LA ALDEA DE SAN NICOLÁS,LAS PALMAS,13,,,,,,,,,,,,,,,
2012-02-06,C619Y,LA ALDEA DE SAN NICOLÁS,LAS PALMAS,13,"14,8","0,0","8,8",07:50,"20,7",13:20,,,,,"8,8","1029,4",10,"1026,3",Varias
2012-02-07,C619Y,LA ALDEA DE SAN NICOLÁS,LAS PALMAS,13,"18,7","0,0","16,3",23:00,"21,1",16:00,,,,,"10,0","1027,5",00,"1022,1",16
2012-02-08,C619Y,LA ALDEA DE SAN NICOLÁS,LAS PALMAS,13,"19,4","0,0","15,7",07:10,"23,1",14:40,,,,,"6,0","1023,8",00,"1020,0",16
2012-02-09,C619Y,LA ALDEA DE SAN NICOLÁS,LAS PALMAS,13,"18,6","0,0","15,3",23:00,"21,8",12:10,,,,,"5,0","1023,1",11,"1020,7",06
2012-02-10,C619Y,LA ALDEA DE SAN NICOLÁS,LAS PALMAS,13,,,,,,,,,,,,,,,
2012-02-11,C619Y,LA ALDEA DE SAN NICOLÁS,LAS PALMAS,13,"16,3","0,0","11,4",23:59,"21,2",17:20,,,,,"2,0","1023,2",11,"1019,8",18
2012-02-12,C619Y,LA ALDEA DE SAN NICOLÁS,LAS PALMAS,13,"14,4","0,4","7,3",05:00,"21,4",15:00,,,,,"5,1","1020,5",00,"1017,3",Varias
2012-02-13,C619Y,LA ALDEA DE SAN NICOLÁS,LAS PALMAS,13,"17,4","0,2","13,5",08:30,"21,4",14:10,,,,,"8,0","1022,6",24,"1018,1",04
2012-02-14,C619Y,LA ALDEA DE SAN NICOLÁS,LAS PALMAS,13,,,,,,,,,,,"7,4",,,,
2012-02-16,C619Y,LA ALDEA DE SAN NICOLÁS,LAS PALMAS,13,,,,,,,,,,,,,,,
2012-03-01,C619Y,LA ALDEA DE SAN NICOLÁS,LAS PALMAS,13,,,,,,,,,,,"10,6",,,,
2012-03-02,C619Y,LA ALDEA DE SAN NICOLÁS,LAS PALMAS,13,"15,9","0,0","8,5",07:40,"23,3",16:10,,,,,"10,4","1026,3",22,"1023,2",16
2012-03-03,C619Y,LA ALDEA DE SAN NICOLÁS,LAS PALMAS,13,"15,6",,"9,6",07:00,"21,7",13:40,,,,,"10,6","1026,9",11,"1023,4",17
2012-03-04,C619Y,LA ALDEA DE SAN NICOLÁS,LAS PALMAS,13,,,,,,,,,,,,,,,
2012-03-05,C619Y,LA ALDEA DE SAN NICOLÁS,LAS PALMAS,13,,,,,,,,,,,,,,,
2012-03-06,C619Y,LA ALDEA DE SAN NICOLÁS,LAS PALMAS,13,,,,,,,,,,,"9,7",,,,
2012-03-07,C619Y,LA ALDEA DE SAN NICOLÁS,LAS PALMAS,13,"18,6","0,0","16,2",Varias,"20,9",17:00,,,,,"10,7","1022,2",12,"1020,0",18
2012-03-08,C619Y,LA ALDEA DE SAN NICOLÁS,LAS PALMAS,13,"17,6","0,0","12,0",08:00,"23,1",15:20,,,,,"10,2","1021,7",01,"1019,0",04
2012-03-09,C619Y,LA ALDEA DE SAN NICOLÁS,LAS PALMAS,13,"18,0","0,0","13,8",23:59,"22,1",15:30,,,,,"9,7","1021,1",09,"1019,1",16
2012-03-10,C619Y,LA ALDEA DE SAN NICOLÁS,LAS PALMAS,13,"17,2","0,0","11,4",07:00,"23,0",16:50,,,,,"8,8","1021,1",12,"1019,0",17
2012-03-11,C619Y,LA ALDEA DE SAN NICOLÁS,LAS PALMAS,13,,,,,,,,,,,,,,,
2012-03-12,C619Y,LA ALDEA DE SAN NICOLÁS,LAS PALMAS,13,"16,6","0,0","11,0",07:40,"22,2",15:20,,,,,"10,7","1019,5",24,"1016,8",04
2012-03-13,C619Y,LA ALDEA DE SAN NICOLÁS,LAS PALMAS,13,"16,2","0,0","10,9",07:30,"21,4",15:30,,,,,"11,0","1021,2",11,"1018,1",Varias
2012-03-14,C619Y,LA ALDEA DE SAN NICOLÁS,LAS PALMAS,13,"17,0","0,0","11,3",07:50,"22,6",14:40,,,,,"11,0","1022,4",Varias,"1020,0",04
2012-03-15,C619Y,LA ALDEA DE SAN NICOLÁS,LAS PALMAS,13,"17,2","0,0","10,5",07:20,"24,0",16:50,,,,,"10,1","1022,5",10,"1019,6",Varias
2012-03-17,C619Y,LA ALDEA DE SAN NICOLÁS,LAS PALMAS,13,"24,2","0,0","17,6",02:30,"30,7",13:00,,,,,"3,9","1020,3",01,"1017,1",17
2012-03-18,C619Y,LA ALDEA DE SAN NICOLÁS,LAS PALMAS,13,"20,1","0,0","15,7",06:00,"24,5",10:20,,,,,"10,2","1019,0",22,"1015,9",Varias
2012-03-19,C619Y,LA ALDEA DE SAN NICOLÁS,LAS PALMAS,13,"18,6",,"16,4",23:20,"20,7",14:20,,,,,"10,8","1019,4",22,"1017,1",Varias
2012-03-20,C619Y,LA ALDEA DE SAN NICOLÁS,LAS PALMAS,13,,"0,0",,,,,,,,,"11,1",,,,
2012-03-21,C619Y,LA ALDEA DE SAN NICOLÁS,LAS PALMAS,13,"17,6",,"11,3",07:10,"23,8",15:00,,,,,"11,1","1016,0",00,"1010,8",16
2012-03-22,C619Y,LA ALDEA DE SAN NICOLÁS,LAS PALMAS,13,,"0,0",,,,,,,,,"9,7",,,,
2012-03-23,C619Y,LA ALDEA DE SAN NICOLÁS,LAS PALMAS,13,"19,2","0,0","13,0",07:10,"25,3",10:30,,,,,"10,7","1013,9",24,"1007,0",05
2012-03-24,C619Y,LA ALDEA DE SAN NICOLÁS,LAS PALMAS,13,,,,,,,,,,,,,,,
2012-03-25,C619Y,LA ALDEA DE SAN NICOLÁS,LAS PALMAS,13,,,,,,,,,,,,,,,
2012-03-26,C619Y,LA ALDEA DE SAN NICOLÁS,LAS PALMAS,13,,,,,,,,,,,,,,,
2012-03-27,C619Y,LA ALDEA DE SAN NICOLÁS,LAS PALMAS,13,"19,4",,"17,1",Varias,"21,7",14:20,,,,,"9,6","1011,3",00,"1008,9",17
2012-03-29,C619Y,LA ALDEA DE SAN NICOLÁS,LAS PALMAS,13,"20,2","0,0","16,3",07:50,"24,2",15:20,,,,,"11,4","1019,0",23,"1014,9",04
2012-03-31,C619Y,LA ALDEA DE SAN NICOLÁS,LAS PALMAS,13,,,,,,,08,,"21,7",72:00,,,,,
2012-04-01,C619Y,LA ALDEA DE SAN NICOLÁS,LAS PALMAS,13,"19,8","0,0","14,6",06:00,"25,1",14:20,,,,,,"1015,5",00,"1011,9",18
2012-04-02,C619Y,LA ALDEA DE SAN NICOLÁS,LAS PALMAS,13,"19,0","0,0","14,3",07:30,"23,7",15:10,,,,,,"1015,2",22,"1011,9",04
2012-04-03,C619Y,LA ALDEA DE SAN NICOLÁS,LAS PALMAS,13,,,,,,,,,,,,,,,
2012-04-05,C619Y,LA ALDEA DE SAN NICOLÁS,LAS PALMAS,13,,,,,,,,,,,,,,,
2012-04-06,C619Y,LA ALDEA DE SAN NICOLÁS,LAS PALMAS,13,"18,7","0,0","14,2",23:59,"23,2",16:10,,,,,,"1017,6",10,"1015,0",Varias
2012-04-07,C619Y,LA ALDEA DE SAN NICOLÁS,LAS PALMAS,13,"19,2",,"13,5",02:00,"25,0",14:00,,,,,,"1015,8",00,"1009,3",17
2012-04-08,C619Y,LA ALDEA DE SAN NICOLÁS,LAS PALMAS,13,,"0,2",,,,,,,,,,,,,
2012-04-09,C619Y,LA ALDEA DE SAN NICOLÁS,LAS PALMAS,13,"19,5","0,0","15,8",07:30,"23,2",13:40,,,,,,"1014,9",23,"1010,5",05
2012-04-10,C619Y,LA ALDEA DE SAN NICOLÁS,LAS PALMAS,13,"18,4","0,0","13,2",07:20,"23,6",14:10,,,,,,"1016,1",11,"1013,0",04
2012-04-11,C619Y,LA ALDEA DE SAN NICOLÁS,LAS PALMAS,13,,,,,,,,,,,,,,,
2012-04-14,C619Y,LA ALDEA DE SAN NICOLÁS,LAS PALMAS,13,"18,7","0,0","14,1",05:40,"23,3",13:30,,,,,,"1023,1",10,"1020,0",16
2012-04-15,C619Y,LA ALDEA DE SAN NICOLÁS,LAS PALMAS,13,,,,,,,,,,,,,,,
2012-04-16,C619Y,LA ALDEA DE SAN NICOLÁS,LAS PALMAS,13,"20,3",,"16,9",01:30,"23,7",15:10,,,,,,"1021,4",10,"1018,5",16
2012-04-17,C619Y,LA ALDEA DE SAN NICOLÁS,LAS PALMAS,13,,"0,0",,,,,,,,,,,,,
2012-04-18,C619Y,LA ALDEA DE SAN NICOLÁS,LAS PALMAS,13,"19,6","0,0","17,3",00:20,"21,9",14:00,,,,,,"1018,5",00,"1015,3",18
2012-04-19,C619Y,LA ALDEA DE SAN NICOLÁS,LAS PALMAS,13,"20,0","0,0","17,0",06:50,"23,1",14:10,,,,,,"1017,4",Varias,"1014,6",05
2012-04-20,C619Y,LA ALDEA DE SAN NICOLÁS,LAS PALMAS,13,,,,,,,,,,,,,,,
2012-04-21,C619Y,LA ALDEA DE SAN NICOLÁS,LAS PALMAS,13,"19,8","0,0","15,0",06:50,"24,7",12:20,,,,,,"1019,6",23,"1015,3",03
2012-04-22,C619Y,LA ALDEA DE SAN NICOLÁS,LAS PALMAS,13,"21,2","0,0","17,0",08:00,"25,4",16:00,,,,,,"1020,7",23,"1017,4",04
2012-04-23,C619Y,LA ALDEA DE SAN NICOLÁS,LAS PALMAS,13,,,,,,,,,,,,,,,
2012-04-24,C619Y,LA ALDEA DE SAN NICOLÁS,LAS PALMAS,13,"20,6","0,0","17,7",Varias,"23,6",13:40,,,,,,"1019,3",00,"1014,7",14
2012-04-25,C619Y,LA ALDEA DE SAN NICOLÁS,LAS PALMAS,13,"20,5","0,0","17,3",06:00,"23,7",16:10,,,,,,"1015,5",00,"1012,6",18
2012-04-26,C619Y,LA ALDEA DE SAN NICOLÁS,LAS PALMAS,13,"19,2","0,0","15,7",06:50,"22,7",16:10,,,,,,"1015,0",12,"1012,1",16
2012-04-27,C619Y,LA ALDEA DE SAN NICOLÁS,LAS PALMAS,13,"19,6","5,8","15,5",19:00,"23,7",14:30,,,,,,"1017,2",24,"1010,5",16
2012-04-28,C619Y,LA ALDEA DE SAN NICOLÁS,LAS PALMAS,13,,,,,,,,,,,,,,,
2012-04-29,C619Y,LA ALDEA DE SAN NICOLÁS,LAS PALMAS,13,"20,0","0,0","15,5",07:00,"24,4",12:50,,,,,,"1020,4",23,"1018,0",16
2012-05-01,C619Y,LA ALDEA DE SAN NICOLÁS,LAS PALMAS,13,"19,2","0,0","15,0",07:00,"23,3",14:10,,,,,"10,7","1019,6",00,"1016,3",18
2012-05-02,C619Y,LA ALDEA DE SAN NICOLÁS,LAS PALMAS,13,"17,0",,"12,1",05:40,"22,0",13:30,,,,,"12,2","1019,2",24,"1015,7",04
2012-05-03,C619Y,LA ALDEA DE SAN NICOLÁS,LAS PALMAS,13,,,,,,,,,,,,,,,
2012-05-04,C619Y,LA ALDEA DE SAN NICOLÁS,LAS PALMAS,13,"18,8",,"13,8",06:40,"23,7",15:00,,,,,"11,8","1019,0",01,"1016,4",17
2012-05-05,C619Y,LA ALDEA DE SAN NICOLÁS,LAS PALMAS,13,,"0,0",,,,,,,,,"12,3",,,,
2012-05-06,C619Y,LA ALDEA DE SAN NICOLÁS,LAS PALMAS,13,"21,3","0,0","17,5",05:30,"25,1",11:00,,,,,"11,2","1018,6",09,"1016,2",04
2012-05-07,C619Y,LA ALDEA DE SAN NICOLÁS,LAS PALMAS,13,"19,8","0,0","14,2",06:40,"25,4",16:30,,,,,"11,2","1018,4",11,"1015,9",17
2012-05-08,C619Y,LA ALDEA DE SAN NICOLÁS,LAS PALMAS,13,"22,0","0,0","18,3",01:30,"25,7",14:00,,,,,"10,8","1017,7",09,"1013,9",Varias
2012-05-09,C619Y,LA ALDEA DE SAN NICOLÁS,LAS PALMAS,13,"21,4","0,0","18,8",06:30,"23,9",14:00,,,,,"12,3","1014,6",00,"1011,5",Varias
2012-05-10,C619Y,LA ALDEA DE SAN NICOLÁS,LAS PALMAS,13,,,,,,,,,,,,,,,
2012-05-11,C619Y,LA ALDEA DE SAN NICOLÁS,LAS PALMAS,13,,,,,,,,,,,,,,,
2012-05-12,C619Y,LA ALDEA DE SAN NICOLÁS,LAS PALMAS,13,"27,8","0,0","20,1",07:10,"35,5",17:00,,,,,"11,4","1016,4",01,"1012,9",24
2012-05-13,C619Y,LA ALDEA DE SAN NICOLÁS,LAS PALMAS,13,"26,8","0,0","18,1",07:00,"35,6",15:50,,,,,"11,6","1012,9",00,"1009,8",24
2012-05-14,C619Y,LA ALDEA DE SAN NICOLÁS,LAS PALMAS,13,"27,3","0,0","19,5",06:50,"35,1",18:10,,,,,"8,4","1011,4",23,"1008,7",03
2012-05-15,C619Y,LA ALDEA DE SAN NICOLÁS,LAS PALMAS,13,"26,2","0,0","18,9",07:00,"33,5",13:10,,,,,"11,8","1012,2",09,"1009,5",04
2012-05-16,C619Y,LA ALDEA DE SAN NICOLÁS,LAS PALMAS,13,,,,,,,,,,,"11,3",,,,
2012-05-17,C619Y,LA ALDEA DE SAN NICOLÁS,LAS PALMAS,13,"23,0","0,0","20,4",06:20,"25,7",13:00,,,,,"9,9","1014,7",10,"1011,7",03
2012-05-18,C619Y,LA ALDEA DE SAN NICOLÁS,LAS PALMAS,13,"22,4","0,0","20,0",Varias,"24,7",12:50,,,,,"8,7","1015,9",23,"1011,9",04
2012-05-19,C619Y,LA ALDEA DE SAN NICOLÁS,LAS PALMAS,13,"23,4","0,0","19,9",05:00,"26,9",16:10,,,,,"12,5","1019,9",23,"1014,2",03
2012-05-20,C619Y,LA ALDEA DE SAN NICOLÁS,LAS PALMAS,13,"22,8","0,0","19,1",06:00,"26,6",13:50,,,,,"10,9","1021,6",11,"1018,4",04
2012-05-21,C619Y,LA ALDEA DE SAN NICOLÁS,LAS PALMAS,13,"22,2","0,0","18,6",03:00,"25,8",12:00,,,,,"11,4","1021,3",11,"1018,0",19
2012-05-22,C619Y,LA ALDEA DE SAN NICOLÁS,LAS PALMAS,13,"20,4","0,0","16,4",06:20,"24,4",14:00,,,,,"12,5","1019,1",00,"1016,3",17
2012-05-23,C619Y,LA ALDEA DE SAN NICOLÁS,LAS PALMAS,13,"19,0","0,0","14,4",05:50,"23,6",15:00,,,,,"12,1","1018,1",Varias,"1016,3",02
2012-05-24,C619Y,LA ALDEA DE SAN NICOLÁS,LAS PALMAS,13,"21,4","0,0","18,9",Varias,"23,9",14:30,,,,,"12,6","1018,4",22,"1016,1",05
2012-05-25,C619Y,LA ALDEA DE SAN NICOLÁS,LAS PALMAS,13,"21,6","0,0","18,6",06:10,"24,5",16:20,,,,,"12,5","1018,7",22,"1016,0",03
2012-05-26,C619Y,LA ALDEA DE SAN NICOLÁS,LAS PALMAS,13,,,,,,,,,,,"12,6",,,,
2012-05-27,C619Y,LA ALDEA DE SAN NICOLÁS,LAS PALMAS,13,"21,9","0,0","18,7",02:20,"25,1",16:20,,,,,"12,1","1019,4",10,"1016,9",19
2012-05-28,C619Y,LA ALDEA DE SAN NICOLÁS,LAS PALMAS,13,"22,9","0,0","19,1",02:20,"26,7",13:20,,,,,"11,2","1018,0",12,"1015,5",17
2012-05-29,C619Y,LA ALDEA DE SAN NICOLÁS,LAS PALMAS,13,"22,8","0,0","19,1",06:00,"26,6",13:20,,,,,"11,9","1017,7",00,"1015,0",18
2012-05-30,C619Y,LA ALDEA DE SAN NICOLÁS,LAS PALMAS,13,"23,4","0,0","20,2",23:59,"26,5",16:30,,,,,"12,6","1017,4",23,"1015,0",04
2012-05-31,C619Y,LA ALDEA DE SAN NICOLÁS,LAS PALMAS,13,"22,6","0,0","19,6",07:00,"25,7",17:00,08,"4,2","22,8",11:20,,"1018,2",22,"1015,2",06
2012-06-01,C619Y,LA ALDEA DE SAN NICOLÁS,LAS PALMAS,13,"22,6","0,0","19,3",04:20,"26,0",14:10,,,,,"12,5","1018,4",23,"1016,0",04
2012-06-02,C619Y,LA ALDEA DE SAN NICOLÁS,LAS PALMAS,13,"23,5","0,0","18,8",07:00,"28,2",17:10,,,,,"12,5","1019,1",11,"1016,4",Varias
2012-06-03,C619Y,LA ALDEA DE SAN NICOLÁS,LAS PALMAS,13,"23,9","0,0","21,0",23:59,"26,8",16:20,,,,,"11,7","1019,0",22,"1016,2",19
2012-06-04,C619Y,LA ALDEA DE SAN NICOLÁS,LAS PALMAS,13,"24,8","0,8","20,6",03:00,"29,0",14:20,,,,,"11,0","1019,4",11,"1016,5",05
2012-06-05,C619Y,LA ALDEA DE SAN NICOLÁS,LAS PALMAS,13,"24,3","0,0","20,3",03:30,"28,3",13:40,,,,,"8,6","1018,7",10,"1016,7",18
2012-06-06,C619Y,LA ALDEA DE SAN NICOLÁS,LAS PALMAS,13,,,,,,,,,,,"7,6",,,,
2012-06-07,C619Y,LA ALDEA DE SAN NICOLÁS,LAS PALMAS,13,"25,4","0,4","21,8",05:40,"29,0",13:50,,,,,"10,5","1017,5",24,"1015,2",Varias
2012-06-08,C619Y,LA ALDEA DE SAN NICOLÁS,LAS PALMAS,13,"24,6",,"21,0",23:59,"28,3",14:00,,,,,"10,0","1019,8",23,"1016,2",Varias
2012-06-09,C619Y,LA ALDEA DE SAN NICOLÁS,LAS PALMAS,13,,"0,0",,,,,,,,,"11,8",,,,
2012-06-10,C619Y,LA ALDEA DE SAN NICOLÁS,LAS PALMAS,13,"24,0","0,0","20,3",03:40,"27,6",14:10,,,,,"10,3","1019,8",Varias,"1017,1",17
2012-06-11,C619Y,LA ALDEA DE SAN NICOLÁS,LAS PALMAS,13,,,,,,,,,,,,,,,
2012-06-13,C619Y,LA ALDEA DE SAN NICOLÁS,LAS PALMAS,13,"23,5","0,0","20,1",Varias,"26,9",14:40,,,,,"10,6","1017,0",Varias,"1014,4",02
2012-06-14,C619Y,LA ALDEA DE SAN NICOLÁS,LAS PALMAS,13,"21,8",,"19,5",05:40,"24,0",15:20,,,,,"12,5","1018,7",24,"1015,2",Varias
2012-06-15,C619Y,LA ALDEA DE SAN NICOLÁS,LAS PALMAS,13,,"0,0",,,,,,,,,"12,5",,,,
2012-06-16,C619Y,LA ALDEA DE SAN NICOLÁS,LAS PALMAS,13,"22,2","0,0","20,0",06:30,"24,3",12:10,,,,,"12,5","1020,2",23,"1018,5",17
2012-06-17,C619Y,LA ALDEA DE SAN NICOLÁS,LAS PALMAS,13,"22,3","0,0","20,3",Varias,"24,3",14:10,,,,,"12,5","1019,8",00,"1018,0",17
2012-06-18,C619Y,LA ALDEA DE SAN NICOLÁS,LAS PALMAS,13,"23,9","0,0","20,3",05:40,"27,5",14:30,,,,,"12,5","1018,8",00,"1015,5",18
2012-06-19,C619Y,LA ALDEA DE SAN NICOLÁS,LAS PALMAS,13,,,,,,,,,,,,,,,
2012-06-20,C619Y,LA ALDEA DE SAN NICOLÁS,LAS PALMAS,13,,,,,,,,,,,,,,,
2012-06-21,C619Y,LA ALDEA DE SAN NICOLÁS,LAS PALMAS,13,"22,8","0,0","19,1",04:50,"26,5",14:50,,,,,"12,7","1017,7",23,"1015,8",18
2012-06-22,C619Y,LA ALDEA DE SAN NICOLÁS,LAS PALMAS,13,"25,5","0,0","20,4",05:40,"30,6",15:30,,,,,"12,7","1019,0",24,"1016,2",17
2012-06-23,C619Y,LA ALDEA DE SAN NICOLÁS,LAS PALMAS,13,"22,4","0,0","20,5",06:30,"24,3",15:00,,,,,"12,6","1018,6",00,"1015,5",17
2012-06-24,C619Y,LA ALDEA DE SAN NICOLÁS,LAS PALMAS,13,"23,0","0,0","20,3",Varias,"25,6",14:10,,,,,"11,8","1016,6",00,"1011,6",17
2012-06-25,C619Y,LA ALDEA DE SAN NICOLÁS,LAS PALMAS,13,,,,,,,,,,,"9,3",,,,
2012-06-26,C619Y,LA ALDEA DE SAN NICOLÁS,LAS PALMAS,13,,"0,0",,,,,,,,,"8,3",,,,
2012-06-27,C619Y,LA ALDEA DE SAN NICOLÁS,LAS PALMAS,13,"26,0","0,0","23,5",06:50,"28,4",13:40,,,,,"10,3","1015,4",22,"1013,8",Varias
2012-06-28,C619Y,LA ALDEA DE SAN NICOLÁS,LAS PALMAS,13,,,,,,,,,,,,,,,
2012-06-29,C619Y,LA ALDEA DE SAN NICOLÁS,LAS PALMAS,13,,,,,,,,,,,,,,,
2012-06-30,C619Y,LA ALDEA DE SAN NICOLÁS,LAS PALMAS,13,"24,2","0,0","21,9",05:00,"26,5",16:30,,,,,"12,1","1018,3",23,"1014,3",04
2012-07-01,C619Y,LA ALDEA DE SAN NICOLÁS,LAS PALMAS,13,"24,0","0,0","20,8",05:00,"27,1",14:50,,,,,"12,5","1017,8",00,"1014,4",Varias
2012-07-02,C619Y,LA ALDEA DE SAN NICOLÁS,LAS PALMAS,13,"23,4","0,0","20,5",03:30,"26,3",13:50,,,,,"12,2","1015,4",00,"1012,9",15
2012-07-03,C619Y,LA ALDEA DE SAN NICOLÁS,LAS PALMAS,13,"23,0",,"20,5",06:00,"25,4",14:30,,,,,"12,3","1015,3",Varias,"1013,1",18
2012-07-04,C619Y,LA ALDEA DE SAN NICOLÁS,LAS PALMAS,13,,"0,0",,,,,,,,,"10,7",,,,
2012-07-05,C619Y,LA ALDEA DE SAN NICOLÁS,LAS PALMAS,13,,,,,,,,,,,,,,,
2012-07-06,C619Y,LA ALDEA DE SAN NICOLÁS,LAS PALMAS,13,,,,,,,,,,,,,,,
2012-07-07,C619Y,LA ALDEA DE SAN NICOLÁS,LAS PALMAS,13,,,,,,,,,,,,,,,
2012-07-08,C619Y,LA ALDEA DE SAN NICOLÁS,LAS PALMAS,13,"23,7","0,0","21,1",06:00,"26,3",14:40,,,,,"12,1","1016,1",23,"1014,0",18
2012-07-09,C619Y,LA ALDEA DE SAN NICOLÁS,LAS PALMAS,13,"23,4","0,0","21,0",Varias,"25,9",13:50,,,,,"12,1","1017,0",11,"1014,7",Varias
2012-07-10,C619Y,LA ALDEA DE SAN NICOLÁS,LAS PALMAS,13,,,,,,,,,,,,,,,
2012-07-12,C619Y,LA ALDEA DE SAN NICOLÁS,LAS PALMAS,13,"23,2","0,0","20,8",05:40,"25,6",14:50,,,,,"11,7","1017,0",12,"1014,7",03
2012-07-13,C619Y,LA ALDEA DE SAN NICOLÁS,LAS PALMAS,13,,,,,,,,,,,,,,,
2012-07-21,C619Y,LA ALDEA DE SAN NICOLÁS,LAS PALMAS,13,,,,,,,,,,,,,,,
2012-07-24,C619Y,LA ALDEA DE SAN NICOLÁS,LAS PALMAS,13,,,,,,,,,,,,,,,
2012-07-25,C619Y,LA ALDEA DE SAN NICOLÁS,LAS PALMAS,13,,,,,,,,,,,,,,,
2012-07-26,C619Y,LA ALDEA DE SAN NICOLÁS,LAS PALMAS,13,,,,,,,,,,,,,,,
2012-07-28,C619Y,LA ALDEA DE SAN NICOLÁS,LAS PALMAS,13,"25,0","0,0","22,1",Varias,"27,8",14:10,,,,,"12,4","1016,8",00,"1013,6",19
2012-07-29,C619Y,LA ALDEA DE SAN NICOLÁS,LAS PALMAS,13,,,,,,,,,,,"12,3",,,,
2012-07-30,C619Y,LA ALDEA DE SAN NICOLÁS,LAS PALMAS,13,,,,,,,,,,,,,,,
2012-07-31,C619Y,LA ALDEA DE SAN NICOLÁS,LAS PALMAS,13,"23,8",,"21,9",05:00,"25,8",13:10,,,,,"10,9","1015,5",11,"1012,5",18
2012-08-01,C619Y,LA ALDEA DE SAN NICOLÁS,LAS PALMAS,13,,,,,,,,,,,"11,5",,,,
2012-08-02,C619Y,LA ALDEA DE SAN NICOLÁS,LAS PALMAS,13,,,,,,,,,,,"8,9",,,,
2012-08-03,C619Y,LA ALDEA DE SAN NICOLÁS,LAS PALMAS,13,,,,,,,,,,,,,,,
2012-08-04,C619Y,LA ALDEA DE SAN NICOLÁS,LAS PALMAS,13,,,,,,,,,,,,,,,
2012-08-05,C619Y,LA ALDEA DE SAN NICOLÁS,LAS PALMAS,13,,,,,,,,,,,"11,5",,,,
2012-08-06,C619Y,LA ALDEA DE SAN NICOLÁS,LAS PALMAS,13,"24,5","0,0","22,1",Varias,"26,9",12:30,,,,,"12,3","1016,1",23,"1013,5",05
2012-08-07,C619Y,LA ALDEA DE SAN NICOLÁS,LAS PALMAS,13,,,,,,,,,,,,,,,
2012-08-08,C619Y,LA ALDEA DE SAN NICOLÁS,LAS PALMAS,13,,,,,,,,,,,,,,,
2012-08-09,C619Y,LA ALDEA DE SAN NICOLÁS,LAS PALMAS,13,,,,,,,,,,,"9,3",,,,
2012-08-10,C619Y,LA ALDEA DE SAN NICOLÁS,LAS PALMAS,13,"25,8",,"22,6",02:50,"29,0",15:20,,,,,"11,3","1014,0",Varias,"1011,1",18
2012-08-11,C619Y,LA ALDEA DE SAN NICOLÁS,LAS PALMAS,13,,,,,,,,,,,"11,1",,,,
2012-08-12,C619Y,LA ALDEA DE SAN NICOLÁS,LAS PALMAS,13,,,,,,,,,,,,,,,
2012-08-13,C619Y,LA ALDEA DE SAN NICOLÁS,LAS PALMAS,13,,"0,0",,,,,,,,,,,,,
2012-08-14,C619Y,LA ALDEA DE SAN NICOLÁS,LAS PALMAS,13,"23,6","0,0","19,5",07:00,"27,8",15:20,,,,,"11,6","1014,7",22,"1012,5",16
2012-08-15,C619Y,LA ALDEA DE SAN NICOLÁS,LAS PALMAS,13,,,,,,,,,,,,,,,
2012-08-16,C619Y,LA ALDEA DE SAN NICOLÁS,LAS PALMAS,13,,,,,,,,,,,"12,1",,,,
2012-08-17,C619Y,LA ALDEA DE SAN NICOLÁS,LAS PALMAS,13,,,,,,,,,,,,,,,
2012-08-18,C619Y,LA ALDEA DE SAN NICOLÁS,LAS PALMAS,13,"23,2","0,0","19,4",05:10,"26,9",13:10,,,,,"12,1","1014,6",23,"1012,0",19
2012-08-19,C619Y,LA ALDEA DE SAN NICOLÁS,LAS PALMAS,13,,,,,,,,,,,"11,0",,,,
2012-08-20,C619Y,LA ALDEA DE SAN NICOLÁS,LAS PALMAS,13,"27,4",,"22,6",02:00,"32,3",12:30,,,,,"10,7","1014,4",22,"1011,9",04
2012-08-21,C619Y,LA ALDEA DE SAN NICOLÁS,LAS PALMAS,13,,"0,0",,,,,,,,,"10,7",,,,
2012-08-22,C619Y,LA ALDEA DE SAN NICOLÁS,LAS PALMAS,13,,,,,,,,,,,,,,,
2012-08-23,C619Y,LA ALDEA DE SAN NICOLÁS,LAS PALMAS,13,"27,0","0,0","23,7",Varias,"30,2",12:00,,,,,"7,3","1015,5",22,"1011,9",04
2012-08-24,C619Y,LA ALDEA DE SAN NICOLÁS,LAS PALMAS,13,,,,,,,,,,,"5,0",,,,
2012-08-25,C619Y,LA ALDEA DE SAN NICOLÁS,LAS PALMAS,13,,,,,,,,,,,,,,,
2012-08-26,C619Y,LA ALDEA DE SAN NICOLÁS,LAS PALMAS,13,,,,,,,,,,,"10,3",,,,
2012-08-28,C619Y,LA ALDEA DE SAN NICOLÁS,LAS PALMAS,13,,,,,,,,,,,,,,,
2012-08-29,C619Y,LA ALDEA DE SAN NICOLÁS,LAS PALMAS,13,"25,4","0,0","20,0",07:00,"30,8",14:00,,,,,"11,4","1016,5",22,"1013,4",17
2012-08-30,C619Y,LA ALDEA DE SAN NICOLÁS,LAS PALMAS,13,"26,0","0,0","20,3",04:00,"31,6",09:40,,,,,"11,8","1016,3",22,"1013,7",05
2012-08-31,C619Y,LA ALDEA DE SAN NICOLÁS,LAS PALMAS,13,"24,6","0,0","22,5",Varias,"26,8",16:40,,,,,"11,8","1016,0",00,"1013,1",Varias
2012-09-01,C619Y,LA ALDEA DE SAN NICOLÁS,LAS PALMAS,13,"24,6","0,0","22,1",03:50,"27,2",14:30,,,,,"11,6","1013,9",22,"1011,1",17
2012-09-02,C619Y,LA ALDEA DE SAN NICOLÁS,LAS PALMAS,13,"24,7","0,0","21,5",04:10,"27,9",16:10,,,,,"11,7","1015,8",24,"1012,9",05
2012-09-03,C619Y,LA ALDEA DE SAN NICOLÁS,LAS PALMAS,13,"22,8","0,0","18,2",07:00,"27,5",13:20,,,,,"11,7","1015,8",Varias,"1013,7",17
2012-09-04,C619Y,LA ALDEA DE SAN NICOLÁS,LAS PALMAS,13,,,,,,,,,,,,,,,
2012-09-05,C619Y,LA ALDEA DE SAN NICOLÁS,LAS PALMAS,13,,"0,0",,,,,,,,,"11,4",,,,
2012-09-06,C619Y,LA ALDEA DE SAN NICOLÁS,LAS PALMAS,13,,,,,,,,,,,,,,,
2012-09-07,C619Y,LA ALDEA DE SAN NICOLÁS,LAS PALMAS,13,"23,8",,"17,5",07:00,"30,2",15:00,,,,,"11,5","1017,9",11,"1014,9",04
2012-09-08,C619Y,LA ALDEA DE SAN NICOLÁS,LAS PALMAS,13,,"0,0",,,,,,,,,,,,,
2012-09-09,C619Y,LA ALDEA DE SAN NICOLÁS,LAS PALMAS,13,"24,8","0,0","20,3",07:00,"29,3",15:00,,,,,"11,3","1019,2",10,"1016,7",03
2012-09-10,C619Y,LA ALDEA DE SAN NICOLÁS,LAS PALMAS,13,"23,6","0,0","19,0",07:20,"28,2",14:50,,,,,"11,5","1019,0",Varias,"1016,0",18
2012-09-11,C619Y,LA ALDEA DE SAN NICOLÁS,LAS PALMAS,13,,,,,,,,,,,,,,,
2012-09-12,C619Y,LA ALDEA DE SAN NICOLÁS,LAS PALMAS,13,"23,6","0,0","18,6",07:00,"28,5",14:50,,,,,"11,5","1019,1",22,"1015,7",04
2012-09-13,C619Y,LA ALDEA DE SAN NICOLÁS,LAS PALMAS,13,"24,2","0,0","18,2",07:00,"30,1",14:30,,,,,"11,5","1018,3",00,"1014,4",18
2012-09-14,C619Y,LA ALDEA DE SAN NICOLÁS,LAS PALMAS,13,"23,5","0,0","18,1",07:00,"28,9",14:10,,,,,"11,3","1015,7",Varias,"1012,7",17
2012-09-15,C619Y,LA ALDEA DE SAN NICOLÁS,LAS PALMAS,13,"23,3","0,0","17,8",06:20,"28,8",15:40,,,,,"11,4","1014,5",11,"1012,3",04
2012-09-16,C619Y,LA ALDEA DE SAN NICOLÁS,LAS PALMAS,13,"23,6","0,0","17,7",07:00,"29,6",16:40,,,,,"11,3","1015,3",10,"1012,9",17
2012-09-17,C619Y,LA ALDEA DE SAN NICOLÁS,LAS PALMAS,13,"24,6","0,0","19,6",06:00,"29,5",13:40,,,,,"11,3","1015,4",22,"1012,4",03
2012-09-18,C619Y,LA ALDEA DE SAN NICOLÁS,LAS PALMAS,13,"27,4","0,0","24,0",07:20,"30,7",15:50,,,,,"11,3","1016,8",22,"1013,9",03
2012-09-19,C619Y,LA ALDEA DE SAN NICOLÁS,LAS PALMAS,13,,,,,,,,,,,,,,,
2012-09-20,C619Y,LA ALDEA DE SAN NICOLÁS,LAS PALMAS,13,"26,4","0,0","22,4",23:59,"30,3",16:00,,,,,"11,2","1014,4",00,"1012,0",17
2012-09-21,C619Y,LA ALDEA DE SAN NICOLÁS,LAS PALMAS,13,"24,6","0,0","20,5",06:00,"28,6",16:00,,,,,"11,2","1013,9",Varias,"1011,5",04
2012-09-22,C619Y,LA ALDEA DE SAN NICOLÁS,LAS PALMAS,13,"24,0",,"18,7",07:00,"29,3",12:30,,,,,"11,3","1012,8",00,"1010,2",18
2012-09-23,C619Y,LA ALDEA DE SAN NICOLÁS,LAS PALMAS,13,,"0,0",,,,,,,,,"6,4",,,,
2012-09-24,C619Y,LA ALDEA DE SAN NICOLÁS,LAS PALMAS,13,"25,6","0,0","23,3",01:50,"28,0",10:40,,,,,"4,1","1014,7",11,"1011,8",05
2012-09-25,C619Y,LA ALDEA DE SAN NICOLÁS,LAS PALMAS,13,"26,1",,"23,3",23:59,"28,9",14:20,,,,,"9,4","1014,5",Varias,"1012,8",Varias
2012-09-26,C619Y,LA ALDEA DE SAN NICOLÁS,LAS PALMAS,13,,"0,0",,,,,,,,,"11,1",,,,
2012-09-28,C619Y,LA ALDEA DE SAN NICOLÁS,LAS PALMAS,13,"25,4","0,0","21,2",06:00,"29,5",13:20,,,,,"10,7","1020,1",23,"1015,5",02
2012-09-29,C619Y,LA ALDEA DE SAN NICOLÁS,LAS PALMAS,13,"25,4","0,0","22,0",04:00,"28,9",13:50,,,,,"8,9","1021,4",11,"1017,9",17
2012-09-30,C619Y,LA ALDEA DE SAN NICOLÁS,LAS PALMAS,13,"25,5","0,0","22,3",04:50,"28,7",16:20,,,,,"10,2","1020,1",00,"1016,3",17
2012-10-01,C619Y,LA ALDEA DE SAN NICOLÁS,LAS PALMAS,13,"25,5","0,0","22,2",23:40,"28,8",12:30,,,,,"10,5","1019,8",11,"1017,1",04
2012-10-02,C619Y,LA ALDEA DE SAN NICOLÁS,LAS PALMAS,13,,,,,,,,,,,,,,,
2012-10-03,C619Y,LA ALDEA DE SAN NICOLÁS,LAS PALMAS,13,,,,,,,,,,,,,,,
2012-10-04,C619Y,LA ALDEA DE SAN NICOLÁS,LAS PALMAS,13,"23,0","0,0","17,6",07:00,"28,4",13:40,,,,,"9,6","1016,0",00,"1013,1",16
2012-10-05,C619Y,LA ALDEA DE SAN NICOLÁS,LAS PALMAS,13,"22,3","0,0","17,0",07:00,"27,6",13:00,,,,,"10,8","1016,0",23,"1013,4",Varias
2012-10-06,C619Y,LA ALDEA DE SAN NICOLÁS,LAS PALMAS,13,"22,7","0,0","16,6",06:50,"28,8",18:00,,,,,"10,8","1017,5",11,"1014,8",04
2012-10-07,C619Y,LA ALDEA DE SAN NICOLÁS,LAS PALMAS,13,"23,5","0,0","16,6",07:30,"30,4",15:10,,,,,"10,7","1018,4",Varias,"1015,4",04
2012-10-08,C619Y,LA ALDEA DE SAN NICOLÁS,LAS PALMAS,13,"23,4","0,0","18,5",03:30,"28,3",10:00,,,,,"10,6","1017,6",00,"1014,6",17
2012-10-09,C619Y,LA ALDEA DE SAN NICOLÁS,LAS PALMAS,13,"23,4","0,0","17,2",07:10,"29,5",13:00,,,,,"10,4","1015,9",00,"1013,0",16
2012-10-10,C619Y,LA ALDEA DE SAN NICOLÁS,LAS PALMAS,13,"24,0","0,0","18,9",07:30,"29,0",15:00,,,,,"10,3","1015,7",22,"1012,9",04
2012-10-11,C619Y,LA ALDEA DE SAN NICOLÁS,LAS PALMAS,13,"23,4","0,0","19,6",04:50,"27,2",11:10,,,,,"10,1","1017,4",23,"1014,0",04
2012-10-12,C619Y,LA ALDEA DE SAN NICOLÁS,LAS PALMAS,13,"24,9","0,0","20,2",05:20,"29,6",15:40,,,,,"10,6","1018,2",22,"1015,2",05
2012-10-13,C619Y,LA ALDEA DE SAN NICOLÁS,LAS PALMAS,13,"25,8","0,0","22,7",23:59,"29,0",13:50,,,,,"8,1","1017,5",00,"1014,7",15
2012-10-14,C619Y,LA ALDEA DE SAN NICOLÁS,LAS PALMAS,13,"24,4","0,0","20,2",05:50,"28,6",14:00,,,,,"10,2","1016,1",10,"1013,3",16
2012-10-15,C619Y,LA ALDEA DE SAN NICOLÁS,LAS PALMAS,13,"24,8","0,0","20,4",04:00,"29,1",12:10,,,,,"8,7","1014,6",01,"1012,1",16
2012-10-16,C619Y,LA ALDEA DE SAN NICOLÁS,LAS PALMAS,13,"23,1","0,0","18,2",04:00,"28,0",12:40,,,,,"8,6","1013,8",10,"1011,5",05
2012-10-17,C619Y,LA ALDEA DE SAN NICOLÁS,LAS PALMAS,13,"23,4","0,0","19,5",04:30,"27,3",15:00,,,,,"6,3","1014,2",11,"1010,9",04
2012-10-18,C619Y,LA ALDEA DE SAN NICOLÁS,LAS PALMAS,13,"23,2","6,2","17,1",04:00,"29,2",12:40,,,,,"4,7","1012,3",23,"1009,3",13
2012-10-19,C619Y,LA ALDEA DE SAN NICOLÁS,LAS PALMAS,13,"22,2","0,2","17,3",06:40,"27,1",15:00,,,,,"7,8","1013,8",22,"1011,1",04
2012-10-20,C619Y,LA ALDEA DE SAN NICOLÁS,LAS PALMAS,13,"21,6","0,0","16,8",23:50,"26,4",13:30,,,,,"9,7","1015,7",11,"1012,6",03
2012-10-21,C619Y,LA ALDEA DE SAN NICOLÁS,LAS PALMAS,13,"19,6","0,0","13,7",07:00,"25,6",13:30,,,,,"8,0","1015,1",11,"1012,7",16
2012-10-22,C619Y,LA ALDEA DE SAN NICOLÁS,LAS PALMAS,13,"20,8","0,0","14,8",06:40,"26,8",15:40,,,,,"9,0","1014,2",00,"1011,4",14
2012-10-25,C619Y,LA ALDEA DE SAN NICOLÁS,LAS PALMAS,13,"24,7","0,0","21,0",07:40,"28,4",15:10,,,,,"8,1","1013,8",23,"1011,5",16
2012-10-26,C619Y,LA ALDEA DE SAN NICOLÁS,LAS PALMAS,13,"22,4","0,0","18,5",06:00,"26,4",13:50,,,,,"6,7","1014,1",10,"1012,0",Varias
2012-10-27,C619Y,LA ALDEA DE SAN NICOLÁS,LAS PALMAS,13,"22,1","0,0","17,2",07:00,"27,0",14:40,,,,,"9,0","1013,9",11,"1010,6",17
2012-10-28,C619Y,LA ALDEA DE SAN NICOLÁS,LAS PALMAS,13,"24,1","9,2","20,1",01:30,"28,1",12:20,,,,,"2,1","1012,3",Varias,"1009,8",15
2012-10-29,C619Y,LA ALDEA DE SAN NICOLÁS,LAS PALMAS,13,"23,0","0,0","19,6",07:40,"26,4",13:10,,,,,"8,1","1012,8",21,"1009,7",06
2012-10-30,C619Y,LA ALDEA DE SAN NICOLÁS,LAS PALMAS,13,"24,2","1,0","21,9",00:40,"26,5",15:00,,,,,"0,1","1011,0",00,"1005,4",18
2012-10-31,C619Y,LA ALDEA DE SAN NICOLÁS,LAS PALMAS,13,"23,6","16,6","21,1",10:40,"26,0",00:30,,,,,"0,1","1009,3",24,"1003,9",04
2012-11-01,C619Y,LA ALDEA DE SAN NICOLÁS,LAS PALMAS,13,"26,6","0,0","22,5",22:50,"30,7",15:40,,,,,"3,0","1013,9",24,"1008,6",01
2012-11-02,C619Y,LA ALDEA DE SAN NICOLÁS,LAS PALMAS,13,"24,6","0,0","22,1",06:50,"27,2",14:30,,,,,"2,4","1016,3",10,"1012,7",04
2012-11-03,C619Y,LA ALDEA DE SAN NICOLÁS,LAS PALMAS,13,"26,7","0,0","22,3",04:10,"31,1",14:00,,,,,"5,0","1015,5",10,"1011,4",05
2012-11-04,C619Y,LA ALDEA DE SAN NICOLÁS,LAS PALMAS,13,,,,,,,,,,,"1,3",,,,
2012-11-05,C619Y,LA ALDEA DE SAN NICOLÁS,LAS PALMAS,13,,,,,,,,,,,"5,4",,,,
2012-11-06,C619Y,LA ALDEA DE SAN NICOLÁS,LAS PALMAS,13,"23,2","0,6","19,8",07:40,"26,6",14:00,,,,,"6,3","1012,8",Varias,"1010,2",17
2012-11-07,C619Y,LA ALDEA DE SAN NICOLÁS,LAS PALMAS,13,,,,,,,,,,,,,,,
2012-11-08,C619Y,LA ALDEA DE SAN NICOLÁS,LAS PALMAS,13,"21,8","0,0","17,9",23:50,"25,8",15:40,,,,,"9,2","1017,7",10,"1014,8",03
2012-11-09,C619Y,LA ALDEA DE SAN NICOLÁS,LAS PALMAS,13,"21,6",,"17,2",01:30,"25,9",13:50,,,,,"8,0","1018,7",23,"1016,2",03
2012-11-10,C619Y,LA ALDEA DE SAN NICOLÁS,LAS PALMAS,13,,"0,4",,,,,,,,,"3,8",,,,
2012-11-11,C619Y,LA ALDEA DE SAN NICOLÁS,LAS PALMAS,13,"22,0","1,6","19,0",23:20,"25,1",13:20,,,,,"5,5","1020,9",11,"1016,7",17
2012-12-19,C619Y,LA ALDEA DE SAN NICOLÁS,LAS PALMAS,13,"20,5","0,0","11,1",08:20,"29,9",14:50,,,,,"8,4","1020,0",11,"1017,2",15
2012-12-20,C619Y,LA ALDEA DE SAN NICOLÁS,LAS PALMAS,13,"18,4","0,0","11,1",07:30,"25,6",12:30,,,,,"7,7","1020,3",11,"1017,8",06
2012-12-21,C619Y,LA ALDEA DE SAN NICOLÁS,LAS PALMAS,13,"17,5","0,0","10,4",08:00,"24,6",13:40,,,,,"7,7","1021,0",11,"1018,5",05
2012-12-22,C619Y,LA ALDEA DE SAN NICOLÁS,LAS PALMAS,13,"17,4","0,0","11,2",08:00,"23,5",14:30,,,,,"8,8","1020,9",10,"1017,4",Varias
2012-12-23,C619Y,LA ALDEA DE SAN NICOLÁS,LAS PALMAS,13,"19,6","0,0","11,6",06:00,"27,5",15:40,,,,,"8,9","1019,0",00,"1014,5",16
2012-12-24,C619Y,LA ALDEA DE SAN NICOLÁS,LAS PALMAS,13,"19,8","0,0","11,7",06:00,"27,9",13:40,,,,,"8,5","1019,6",23,"1013,5",Varias
2012-12-25,C619Y,LA ALDEA DE SAN NICOLÁS,LAS PALMAS,13,"20,0","0,0","17,8",06:50,"22,3",13:50,,,,,"8,8","1024,3",24,"1018,6",06
2012-12-26,C619Y,LA ALDEA DE SAN NICOLÁS,LAS PALMAS,13,"19,8","0,0","17,5",02:20,"22,2",15:30,,,,,"4,4","1025,8",11,"1022,6",03
2012-12-27,C619Y,LA ALDEA DE SAN NICOLÁS,LAS PALMAS,13,"17,2","0,0","12,5",23:59,"22,0",15:00,,,,,"8,9","1024,6",Varias,"1021,3",16
2012-12-28,C619Y,LA ALDEA DE SAN NICOLÁS,LAS PALMAS,13,"18,0","0,0","10,2",05:00,"25,9",11:50,,,,,"8,9","1026,6",Varias,"1022,2",05
2012-12-29,C619Y,LA ALDEA DE SAN NICOLÁS,LAS PALMAS,13,"16,8","0,0","10,3",06:30,"23,2",14:40,,,,,"8,9","1028,6",11,"1025,8",05
2012-12-30,C619Y,LA ALDEA DE SAN NICOLÁS,LAS PALMAS,13,"16,4","0,0","9,1",07:40,"23,8",15:20,,,,,"8,9","1029,0",10,"1025,1",15
2012-12-31,C619Y,LA ALDEA DE SAN NICOLÁS,LAS PALMAS,13,"16,7","0,0","9,9",06:20,"23,5",13:30,,,,,"5,5","1027,0",11,"1023,7",15
2013-01-01,C619Y,LA ALDEA DE SAN NICOLÁS,LAS PALMAS,13,"19,4","0,0","16,0",08:40,"22,8",13:00,,,,,"8,4","1024,3",00,"1021,1",17
2013-01-02,C619Y,LA ALDEA DE SAN NICOLÁS,LAS PALMAS,13,"18,7","0,0","13,8",06:20,"23,6",12:20,,,,,"6,6","1022,7",00,"1020,4",Varias
2013-01-03,C619Y,LA ALDEA DE SAN NICOLÁS,LAS PALMAS,13,"17,6","0,0","12,3",08:00,"22,8",13:50,,,,,"8,4","1024,8",Varias,"1021,2",16
2013-01-04,C619Y,LA ALDEA DE SAN NICOLÁS,LAS PALMAS,13,"17,3","0,0","11,5",07:30,"23,1",15:50,,,,,"9,1","1028,3",22,"1024,1",Varias
2013-01-05,C619Y,LA ALDEA DE SAN NICOLÁS,LAS PALMAS,13,"15,8","0,0","9,6",05:00,"22,1",12:50,,,,,"9,1","1029,6",10,"1026,8",16
2013-01-06,C619Y,LA ALDEA DE SAN NICOLÁS,LAS PALMAS,13,"15,6","0,0","9,1",07:00,"22,0",16:50,,,,,"9,1","1028,2",10,"1024,3",15
2013-01-07,C619Y,LA ALDEA DE SAN NICOLÁS,LAS PALMAS,13,"15,4","0,0","8,6",08:00,"22,3",15:20,,,,,"9,1","1025,8",Varias,"1023,5",16
2013-01-08,C619Y,LA ALDEA DE SAN NICOLÁS,LAS PALMAS,13,"16,2","0,0","10,4",05:40,"22,1",16:00,,,,,"6,5","1026,3",10,"1022,8",18
2013-01-09,C619Y,LA ALDEA DE SAN NICOLÁS,LAS PALMAS,13,"16,6","0,0","9,7",02:00,"23,4",13:30,,,,,"9,2","1024,4",11,"1021,6",Varias
2013-01-10,C619Y,LA ALDEA DE SAN NICOLÁS,LAS PALMAS,13,"16,0","0,0","8,6",05:10,"23,3",12:50,,,,,"9,2","1023,4",00,"1019,5",15
2013-01-11,C619Y,LA ALDEA DE SAN NICOLÁS,LAS PALMAS,13,"15,0","0,0","7,5",07:40,"22,5",15:40,,,,,"9,0","1021,3",10,"1019,3",Varias
2013-01-12,C619Y,LA ALDEA DE SAN NICOLÁS,LAS PALMAS,13,"16,0","0,0","9,2",08:00,"22,8",14:50,,,,,"9,2","1021,3",09,"1019,2",Varias
2013-01-13,C619Y,LA ALDEA DE SAN NICOLÁS,LAS PALMAS,13,"15,4","0,0","7,9",07:50,"22,8",12:00,,,,,"9,3","1022,5",11,"1019,7",01
2013-01-14,C619Y,LA ALDEA DE SAN NICOLÁS,LAS PALMAS,13,"15,8","0,0","10,7",04:30,"20,9",15:00,,,,,"9,4","1022,5",Varias,"1019,7",06
2013-01-15,C619Y,LA ALDEA DE SAN NICOLÁS,LAS PALMAS,13,"16,2","0,0","8,9",07:50,"23,6",14:00,,,,,"9,4","1023,1",Varias,"1020,5",15
2013-01-16,C619Y,LA ALDEA DE SAN NICOLÁS,LAS PALMAS,13,"15,4","0,0","8,2",07:00,"22,6",15:10,,,,,"8,7","1024,7",Varias,"1021,7",05
2013-01-17,C619Y,LA ALDEA DE SAN NICOLÁS,LAS PALMAS,13,"15,6","0,0","8,4",06:40,"22,9",15:10,,,,,"9,1","1025,4",11,"1021,9",16
2013-01-18,C619Y,LA ALDEA DE SAN NICOLÁS,LAS PALMAS,13,"15,4","0,0","8,3",08:00,"22,4",13:10,,,,,"9,4","1023,3",00,"1018,8",18
2013-01-19,C619Y,LA ALDEA DE SAN NICOLÁS,LAS PALMAS,13,"17,8","0,0","9,9",05:50,"25,7",13:30,,,,,"6,9","1019,3",00,"1015,2",Varias
2013-01-20,C619Y,LA ALDEA DE SAN NICOLÁS,LAS PALMAS,13,"19,0","0,0","15,2",06:40,"22,9",13:50,,,,,"9,4","1020,5",11,"1017,0",Varias
2013-01-21,C619Y,LA ALDEA DE SAN NICOLÁS,LAS PALMAS,13,"21,6","0,2","17,5",06:50,"25,6",14:40,,,,,"4,9","1020,5",11,"1016,9",15
2013-01-22,C619Y,LA ALDEA DE SAN NICOLÁS,LAS PALMAS,13,"19,3","0,0","16,1",06:00,"22,5",14:00,,,,,"7,6","1023,6",24,"1018,4",02
2013-01-23,C619Y,LA ALDEA DE SAN NICOLÁS,LAS PALMAS,13,"19,4","0,0","16,6",02:00,"22,2",14:30,,,,,"8,3","1025,0",11,"1022,4",Varias
2013-01-24,C619Y,LA ALDEA DE SAN NICOLÁS,LAS PALMAS,13,"19,0","0,0","17,0",03:40,"21,1",13:10,,,,,"9,5","1025,9",11,"1022,8",16
2013-01-25,C619Y,LA ALDEA DE SAN NICOLÁS,LAS PALMAS,13,"20,6","0,0","17,2",06:00,"24,1",13:30,,,,,"8,3","1027,0",10,"1024,1",16
2013-01-26,C619Y,LA ALDEA DE SAN NICOLÁS,LAS PALMAS,13,"20,8","0,2","17,5",06:00,"24,2",15:00,,,,,"9,1","1025,5",00,"1021,9",17
2013-01-27,C619Y,LA ALDEA DE SAN NICOLÁS,LAS PALMAS,13,"20,4","0,0","17,7",23:50,"23,0",13:10,,,,,"9,6","1025,1",24,"1021,8",05
2013-01-28,C619Y,LA ALDEA DE SAN NICOLÁS,LAS PALMAS,13,"16,8","0,0","11,1",08:20,"22,6",14:20,,,,,"9,7","1024,9",00,"1021,7",16
2013-01-29,C619Y,LA ALDEA DE SAN NICOLÁS,LAS PALMAS,13,"15,7","0,0","9,2",08:00,"22,2",16:20,,,,,"9,8","1025,0",Varias,"1022,8",Varias
2013-01-30,C619Y,LA ALDEA DE SAN NICOLÁS,LAS PALMAS,13,"17,6","0,0","9,6",08:00,"25,5",16:00,,,,,"9,8","1026,1",12,"1023,9",16
2013-01-31,C619Y,LA ALDEA DE SAN NICOLÁS,LAS PALMAS,13,"18,2","0,0","10,4",04:40,"26,0",13:00,,,,,"9,8","1025,7",11,"1022,2",18
2013-02-01,C619Y,LA ALDEA DE SAN NICOLÁS,LAS PALMAS,13,"17,4","0,0","9,4",06:10,"25,5",11:00,,,,,"9,8","1024,3",10,"1022,2",20
2013-02-02,C619Y,LA ALDEA DE SAN NICOLÁS,LAS PALMAS,13,"15,6","0,0","9,0",07:00,"22,1",14:30,,,,,"10,0","1023,2",00,"1019,5",19
2013-02-03,C619Y,LA ALDEA DE SAN NICOLÁS,LAS PALMAS,13,"20,4","0,0","17,1",19:40,"23,8",13:30,,,,,"9,3","1021,5",00,"1018,5",16
2013-02-04,C619Y,LA ALDEA DE SAN NICOLÁS,LAS PALMAS,13,"17,4","0,0","12,0",07:40,"22,8",14:50,,,,,"9,7","1019,9",24,"1016,7",15
2013-02-05,C619Y,LA ALDEA DE SAN NICOLÁS,LAS PALMAS,13,"19,5","0,0","14,5",00:10,"24,5",14:00,,,,,"5,5","1023,6",11,"1019,5",04
2013-02-06,C619Y,LA ALDEA DE SAN NICOLÁS,LAS PALMAS,13,"17,8","0,0","13,1",07:20,"22,6",13:20,,,,,"5,6","1024,2",11,"1020,5",Varias
2013-02-07,C619Y,LA ALDEA DE SAN NICOLÁS,LAS PALMAS,13,"17,4","0,0","12,8",07:10,"22,1",14:10,,,,,"9,9","1022,0",00,"1018,4",15
2013-02-08,C619Y,LA ALDEA DE SAN NICOLÁS,LAS PALMAS,13,"19,2","0,0","16,6",Varias,"21,9",13:00,,,,,"2,3","1020,0",00,"1017,4",16
2013-02-09,C619Y,LA ALDEA DE SAN NICOLÁS,LAS PALMAS,13,"19,4","0,0","16,4",04:30,"22,5",15:20,,,,,"9,3","1021,0",23,"1017,9",06
2013-02-10,C619Y,LA ALDEA DE SAN NICOLÁS,LAS PALMAS,13,"18,6","0,0","16,5",06:50,"20,8",13:00,,,,,"10,1","1021,5",11,"1018,9",17
2013-02-11,C619Y,LA ALDEA DE SAN NICOLÁS,LAS PALMAS,13,"17,2","0,0","11,2",07:40,"23,3",12:50,,,,,"9,4","1021,4",24,"1019,1",Varias
2013-02-12,C619Y,LA ALDEA DE SAN NICOLÁS,LAS PALMAS,13,"15,8","0,0","10,4",04:40,"21,3",16:10,,,,,"9,7","1021,7",10,"1018,7",17
2013-02-13,C619Y,LA ALDEA DE SAN NICOLÁS,LAS PALMAS,13,"19,4","0,0","16,6",07:30,"22,2",14:40,,,,,"8,7","1020,4",00,"1016,9",17
2013-02-14,C619Y,LA ALDEA DE SAN NICOLÁS,LAS PALMAS,13,"16,6","0,0","11,7",08:00,"21,4",13:00,,,,,"7,3","1017,4",Varias,"1014,8",16
2013-02-15,C619Y,LA ALDEA DE SAN NICOLÁS,LAS PALMAS,13,"16,0",,"10,2",06:30,"21,7",15:10,,,,,,"1017,1",23,"1014,5",Varias
2013-02-16,C619Y,LA ALDEA DE SAN NICOLÁS,LAS PALMAS,13,"18,4","0,0","10,2",08:00,"26,6",15:40,,,,,"10,0","1017,9",23,"1014,8",16
2013-02-17,C619Y,LA ALDEA DE SAN NICOLÁS,LAS PALMAS,13,"17,2","0,0","10,6",07:50,"23,8",16:00,,,,,"9,9","1018,2",12,"1015,0",18
2013-02-18,C619Y,LA ALDEA DE SAN NICOLÁS,LAS PALMAS,13,"16,7","0,0","11,0",08:20,"22,4",15:30,,,,,"6,9","1015,2",00,"1010,4",17
2013-02-19,C619Y,LA ALDEA DE SAN NICOLÁS,LAS PALMAS,13,"18,5","0,0","15,4",02:50,"21,6",16:30,,,,,"6,8","1018,1",24,"1013,0",05
2013-02-20,C619Y,LA ALDEA DE SAN NICOLÁS,LAS PALMAS,13,"18,4","0,2","14,6",23:59,"22,3",14:50,,,,,"10,1","1019,6",23,"1016,4",06
2013-02-21,C619Y,LA ALDEA DE SAN NICOLÁS,LAS PALMAS,13,"16,9","0,0","11,8",07:40,"22,0",15:10,,,,,"9,8","1020,7",Varias,"1017,9",05
2013-02-22,C619Y,LA ALDEA DE SAN NICOLÁS,LAS PALMAS,13,"17,0","0,0","11,2",07:50,"22,8",13:00,,,,,"9,0","1020,6",Varias,"1017,8",04
2013-02-23,C619Y,LA ALDEA DE SAN NICOLÁS,LAS PALMAS,13,"19,6","0,0","16,4",01:40,"22,8",16:50,,,,,"8,8","1020,8",11,"1018,3",05
2013-02-24,C619Y,LA ALDEA DE SAN NICOLÁS,LAS PALMAS,13,"16,4","0,0","10,3",06:40,"22,6",16:00,,,,,"10,5","1019,9",11,"1015,9",23
2013-02-25,C619Y,LA ALDEA DE SAN NICOLÁS,LAS PALMAS,13,"16,6","0,0","10,0",07:30,"23,2",15:40,,,,,"10,6","1016,1",11,"1010,8",17
2013-02-26,C619Y,LA ALDEA DE SAN NICOLÁS,LAS PALMAS,13,"17,1","0,0","12,0",02:30,"22,2",16:30,,,,,"9,5","1011,9",Varias,"1009,6",16
2013-02-27,C619Y,LA ALDEA DE SAN NICOLÁS,LAS PALMAS,13,"17,7","0,0","13,2",07:40,"22,2",14:20,,,,,"5,2","1014,7",23,"1010,5",05
2013-02-28,C619Y,LA ALDEA DE SAN NICOLÁS,LAS PALMAS,13,"19,0","0,0","15,0",23:59,"23,0",15:20,,,,,"4,8","1017,0",12,"1013,8",01
2013-03-01,C619Y,LA ALDEA DE SAN NICOLÁS,LAS PALMAS,13,"17,6","0,0","12,2",08:00,"23,1",16:30,,,,,"6,5","1015,1",10,"1010,7",18
2013-03-02,C619Y,LA ALDEA DE SAN NICOLÁS,LAS PALMAS,13,"20,0","0,0","16,7",23:59,"23,2",15:00,,,,,"6,8","1012,3",22,"1008,3",05
2013-03-03,C619Y,LA ALDEA DE SAN NICOLÁS,LAS PALMAS,13,,,,,,,,,,,"4,0",,,,
2013-03-04,C619Y,LA ALDEA DE SAN NICOLÁS,LAS PALMAS,13,,"0,0",,,,,,,,,"1,6",,,,
2013-03-05,C619Y,LA ALDEA DE SAN NICOLÁS,LAS PALMAS,13,"20,4","0,0","18,1",00:10,"22,6",18:00,,,,,"7,2","1010,5",23,"999,2",03
2013-03-06,C619Y,LA ALDEA DE SAN NICOLÁS,LAS PALMAS,13,"22,3","0,0","18,4",06:00,"26,2",13:00,,,,,"9,3","1014,8",21,"1009,3",03
2013-03-07,C619Y,LA ALDEA DE SAN NICOLÁS,LAS PALMAS,13,"21,2","0,2","18,0",06:00,"24,3",11:30,,,,,"8,8","1017,1",Varias,"1013,5",05
2013-03-08,C619Y,LA ALDEA DE SAN NICOLÁS,LAS PALMAS,13,"21,8","0,0","17,9",03:30,"25,7",12:10,,,,,"7,3","1017,1",11,"1014,3",05
2013-03-09,C619Y,LA ALDEA DE SAN NICOLÁS,LAS PALMAS,13,"20,8","0,0","17,6",08:00,"24,0",12:00,,,,,"9,6","1019,2",23,"1014,4",05
2013-03-10,C619Y,LA ALDEA DE SAN NICOLÁS,LAS PALMAS,13,"20,3","0,0","17,4",Varias,"23,2",14:20,,,,,"9,7","1020,4",22,"1017,4",03
2013-03-11,C619Y,LA ALDEA DE SAN NICOLÁS,LAS PALMAS,13,"18,4","0,0","14,3",08:10,"22,5",17:10,,,,,"10,8","1020,0",01,"1016,7",Varias
2013-03-12,C619Y,LA ALDEA DE SAN NICOLÁS,LAS PALMAS,13,"17,9","0,0","12,4",04:00,"23,4",14:10,,,,,"10,8","1018,3",00,"1014,0",17
2013-03-13,C619Y,LA ALDEA DE SAN NICOLÁS,LAS PALMAS,13,"18,0","0,0","13,1",07:30,"22,8",13:30,,,,,"10,7","1016,6",00,"1013,3",18
2013-03-14,C619Y,LA ALDEA DE SAN NICOLÁS,LAS PALMAS,13,"17,7","0,0","12,7",07:00,"22,7",12:50,,,,,"8,2","1015,9",10,"1012,0",24
2013-03-15,C619Y,LA ALDEA DE SAN NICOLÁS,LAS PALMAS,13,"20,2","0,0","14,2",07:40,"26,1",17:30,,,,,"9,2","1013,1",01,"1008,7",Varias
2013-03-16,C619Y,LA ALDEA DE SAN NICOLÁS,LAS PALMAS,13,"22,5","0,0","17,9",01:10,"27,1",15:00,,,,,"10,3","1008,7",00,"1005,9",18
2013-03-17,C619Y,LA ALDEA DE SAN NICOLÁS,LAS PALMAS,13,"20,6","0,0","17,0",23:59,"24,3",14:50,,,,,"4,5","1010,2",23,"1006,2",04
2013-03-18,C619Y,LA ALDEA DE SAN NICOLÁS,LAS PALMAS,13,"21,0","0,2","16,4",00:50,"25,6",15:20,,,,,"5,8","1011,8",11,"1009,3",Varias
2013-03-19,C619Y,LA ALDEA DE SAN NICOLÁS,LAS PALMAS,13,"20,0","0,0","14,8",06:00,"25,1",15:30,,,,,"10,2","1015,7",24,"1009,5",05
2013-03-20,C619Y,LA ALDEA DE SAN NICOLÁS,LAS PALMAS,13,"20,4","0,0","15,4",07:50,"25,5",15:20,,,,,"11,0","1017,2",11,"1014,4",04
2013-03-21,C619Y,LA ALDEA DE SAN NICOLÁS,LAS PALMAS,13,"17,6","0,0","12,4",07:00,"22,9",15:40,,,,,"11,2","1016,6",00,"1013,5",19
2013-03-22,C619Y,LA ALDEA DE SAN NICOLÁS,LAS PALMAS,13,"19,4","0,0","14,0",02:00,"24,7",14:20,,,,,"7,7","1016,6",11,"1013,5",04
2013-03-23,C619Y,LA ALDEA DE SAN NICOLÁS,LAS PALMAS,13,"20,6","0,2","13,7",04:00,"27,6",15:30,,,,,"10,6","1016,1",22,"1013,1",17
2013-03-24,C619Y,LA ALDEA DE SAN NICOLÁS,LAS PALMAS,13,"20,6","0,0","16,9",05:00,"24,3",15:10,,,,,"11,3","1018,7",22,"1014,8",02
2013-03-25,C619Y,LA ALDEA DE SAN NICOLÁS,LAS PALMAS,13,"17,4","0,0","12,3",07:30,"22,4",15:10,,,,,"11,4","1019,0",23,"1016,1",16
2013-03-26,C619Y,LA ALDEA DE SAN NICOLÁS,LAS PALMAS,13,"17,6","0,0","12,3",07:00,"22,9",15:00,,,,,"11,3","1017,9",00,"1014,5",19
2013-03-27,C619Y,LA ALDEA DE SAN NICOLÁS,LAS PALMAS,13,"20,2","0,0","14,1",06:50,"26,4",17:20,,,,,"11,0","1015,9",23,"1012,6",17
2013-03-28,C619Y,LA ALDEA DE SAN NICOLÁS,LAS PALMAS,13,"21,6","0,0","18,5",23:59,"24,8",13:50,,,,,"11,2","1020,4",24,"1014,6",04
2013-03-29,C619Y,LA ALDEA DE SAN NICOLÁS,LAS PALMAS,13,"19,8","0,0","15,7",07:40,"23,9",16:40,,,,,"11,5","1021,5",22,"1018,7",03
2013-03-30,C619Y,LA ALDEA DE SAN NICOLÁS,LAS PALMAS,13,"18,4","0,0","13,0",06:50,"23,7",15:10,,,,,"11,6","1021,0",00,"1017,6",17
2013-03-31,C619Y,LA ALDEA DE SAN NICOLÁS,LAS PALMAS,13,"18,0","0,0","12,1",07:00,"24,0",13:40,01,"4,2","16,4",21:30,"11,4","1018,1",00,"1014,2",16
2013-04-01,C619Y,LA ALDEA DE SAN NICOLÁS,LAS PALMAS,13,"21,4","0,0","16,6",07:40,"26,2",14:50,,,,,"10,6","1016,3",12,"1013,5",05
2013-04-02,C619Y,LA ALDEA DE SAN NICOLÁS,LAS PALMAS,13,"21,0","0,0","15,7",07:00,"26,4",16:30,,,,,"10,3","1015,6",00,"1011,6",20
2013-04-03,C619Y,LA ALDEA DE SAN NICOLÁS,LAS PALMAS,13,"22,4","0,0","18,3",07:30,"26,6",13:30,,,,,"9,2","1014,1",23,"1010,7",04
2013-04-04,C619Y,LA ALDEA DE SAN NICOLÁS,LAS PALMAS,13,"21,4","0,0","16,1",06:30,"26,8",14:00,,,,,"10,0","1017,8",23,"1012,0",04
2013-04-05,C619Y,LA ALDEA DE SAN NICOLÁS,LAS PALMAS,13,"21,3","0,0","17,7",02:00,"24,9",12:50,,,,,"7,4","1022,3",22,"1016,4",03
2013-04-06,C619Y,LA ALDEA DE SAN NICOLÁS,LAS PALMAS,13,"19,8","0,0","16,4",06:00,"23,3",16:50,,,,,"8,0","1023,0",10,"1019,2",18
2013-04-07,C619Y,LA ALDEA DE SAN NICOLÁS,LAS PALMAS,13,"20,0","0,0","17,1",07:00,"23,0",14:00,,,,,"7,1","1019,8",00,"1014,5",17
2013-04-08,C619Y,LA ALDEA DE SAN NICOLÁS,LAS PALMAS,13,"19,4","0,0","16,4",04:50,"22,5",15:50,,,,,"4,6","1018,0",24,"1014,4",Varias
2013-04-09,C619Y,LA ALDEA DE SAN NICOLÁS,LAS PALMAS,13,"20,2","0,2","16,6",03:40,"23,9",14:40,,,,,"11,8","1019,8",11,"1016,6",02
2013-04-10,C619Y,LA ALDEA DE SAN NICOLÁS,LAS PALMAS,13,"18,2","0,0","12,2",06:50,"24,1",15:50,,,,,"11,7","1020,1",12,"1016,8",18
2013-04-11,C619Y,LA ALDEA DE SAN NICOLÁS,LAS PALMAS,13,"20,2","0,0","17,8",07:00,"22,7",15:10,,,,,"11,8","1019,4",00,"1016,9",18
2013-04-12,C619Y,LA ALDEA DE SAN NICOLÁS,LAS PALMAS,13,"19,8","0,0","16,0",06:50,"23,7",15:20,,,,,"11,9","1018,1",00,"1014,6",17
2013-04-13,C619Y,LA ALDEA DE SAN NICOLÁS,LAS PALMAS,13,"19,6","0,0","16,8",06:40,"22,5",14:40,,,,,"11,9","1018,0",23,"1014,9",05
2013-04-14,C619Y,LA ALDEA DE SAN NICOLÁS,LAS PALMAS,13,"17,6","0,0","12,4",05:40,"22,7",13:20,,,,,"11,9","1020,0",23,"1015,6",05
2013-04-15,C619Y,LA ALDEA DE SAN NICOLÁS,LAS PALMAS,13,"19,2","0,0","15,6",07:30,"22,7",12:50,,,,,"11,9","1019,9",11,"1017,1",18
2013-04-16,C619Y,LA ALDEA DE SAN NICOLÁS,LAS PALMAS,13,"20,6","0,0","17,8",03:10,"23,5",14:20,,,,,"10,8","1018,9",00,"1015,0",16
2013-04-18,C619Y,LA ALDEA DE SAN NICOLÁS,LAS PALMAS,13,,"0,0",,,,,,,,,"11,0",,,,
2013-04-19,C619Y,LA ALDEA DE SAN NICOLÁS,LAS PALMAS,13,"24,7","0,0","16,0",07:00,"33,4",16:00,,,,,"10,9","1012,1",00,"1007,3",18
2013-04-20,C619Y,LA ALDEA DE SAN NICOLÁS,LAS PALMAS,13,"29,1","0,0","18,0",07:00,"40,2",16:00,,,,,"9,3","1009,7",22,"1007,4",03
2013-04-21,C619Y,LA ALDEA DE SAN NICOLÁS,LAS PALMAS,13,"25,8","0,0","17,3",06:40,"34,4",11:30,,,,,"6,5","1013,6",22,"1008,7",02
2013-04-22,C619Y,LA ALDEA DE SAN NICOLÁS,LAS PALMAS,13,"23,8","0,0","16,6",07:10,"31,1",16:30,,,,,"11,6","1013,4",11,"1011,0",05
2013-04-23,C619Y,LA ALDEA DE SAN NICOLÁS,LAS PALMAS,13,"20,8","0,0","15,7",06:50,"26,0",14:40,,,,,"10,8","1012,9",00,"1009,5",19
2013-04-24,C619Y,LA ALDEA DE SAN NICOLÁS,LAS PALMAS,13,"19,4","0,0","14,4",07:00,"24,4",14:30,,,,,"10,9","1013,8",21,"1009,5",04
2013-04-25,C619Y,LA ALDEA DE SAN NICOLÁS,LAS PALMAS,13,"21,0","0,0","15,8",06:30,"26,3",17:10,,,,,"11,8","1015,9",23,"1011,1",Varias
2013-04-26,C619Y,LA ALDEA DE SAN NICOLÁS,LAS PALMAS,13,"20,7","0,0","16,0",06:40,"25,4",14:30,,,,,"11,5","1016,5",Varias,"1014,6",03
2013-04-27,C619Y,LA ALDEA DE SAN NICOLÁS,LAS PALMAS,13,"21,0","0,0","16,6",07:00,"25,3",12:40,,,,,"11,0","1015,6",00,"1011,3",19
2013-04-28,C619Y,LA ALDEA DE SAN NICOLÁS,LAS PALMAS,13,"22,1","0,0","18,2",22:20,"26,0",14:00,,,,,"8,5","1014,9",22,"1010,7",Varias
2013-04-29,C619Y,LA ALDEA DE SAN NICOLÁS,LAS PALMAS,13,"21,2","0,0","17,3",06:30,"25,2",15:00,,,,,"6,1","1016,0",22,"1013,2",03
2013-04-30,C619Y,LA ALDEA DE SAN NICOLÁS,LAS PALMAS,13,"20,8","0,0","16,9",04:00,"24,8",12:40,,,,,"6,7","1017,3",23,"1014,0",03
2013-05-01,C619Y,LA ALDEA DE SAN NICOLÁS,LAS PALMAS,13,"21,8","0,0","17,5",05:20,"26,0",13:20,,,,,"11,0","1018,9",23,"1015,7",04
2013-05-02,C619Y,LA ALDEA DE SAN NICOLÁS,LAS PALMAS,13,"21,4","0,2","17,2",02:40,"25,7",14:00,,,,,"9,9","1019,8",12,"1016,9",05
2013-05-03,C619Y,LA ALDEA DE SAN NICOLÁS,LAS PALMAS,13,"21,4","0,0","17,3",06:50,"25,6",14:20,,,,,"8,5","1018,9",00,"1016,4",Varias
2013-05-04,C619Y,LA ALDEA DE SAN NICOLÁS,LAS PALMAS,13,"21,1","0,0","17,9",06:00,"24,3",14:00,,,,,"9,9","1019,7",23,"1016,3",03
2013-05-05,C619Y,LA ALDEA DE SAN NICOLÁS,LAS PALMAS,13,"19,6","0,0","17,3",03:00,"22,0",15:10,,,,,"10,9","1019,4",Varias,"1016,4",19
2013-05-06,C619Y,LA ALDEA DE SAN NICOLÁS,LAS PALMAS,13,"20,4","0,0","13,0",06:40,"27,8",17:20,,,,,"11,5","1018,7",00,"1014,9",17
2013-05-07,C619Y,LA ALDEA DE SAN NICOLÁS,LAS PALMAS,13,"21,9","0,0","13,3",Varias,"30,5",17:20,,,,,"11,6","1017,6",10,"1014,2",Varias
2013-05-08,C619Y,LA ALDEA DE SAN NICOLÁS,LAS PALMAS,13,"21,2","0,0","14,0",07:00,"28,4",17:00,,,,,"12,1","1016,7",00,"1014,3",17
2013-05-09,C619Y,LA ALDEA DE SAN NICOLÁS,LAS PALMAS,13,"21,6","0,0","13,9",06:00,"29,3",13:30,,,,,"10,6","1016,5",21,"1013,7",04
2013-05-10,C619Y,LA ALDEA DE SAN NICOLÁS,LAS PALMAS,13,"22,7","0,0","16,1",07:10,"29,3",13:20,,,,,"12,3","1016,8",10,"1014,1",17
2013-05-11,C619Y,LA ALDEA DE SAN NICOLÁS,LAS PALMAS,13,"22,6","0,0","15,2",06:40,"30,0",12:40,,,,,"12,3","1016,4",22,"1013,2",04
2013-05-12,C619Y,LA ALDEA DE SAN NICOLÁS,LAS PALMAS,13,"22,7","0,0","17,8",07:00,"27,6",15:00,,,,,"11,9","1016,7",23,"1012,8",07
2013-05-13,C619Y,LA ALDEA DE SAN NICOLÁS,LAS PALMAS,13,"22,6","0,0","19,7",Varias,"25,4",15:20,,,,,"10,6","1017,6",23,"1014,5",05
2013-05-14,C619Y,LA ALDEA DE SAN NICOLÁS,LAS PALMAS,13,"23,0","0,0","18,9",Varias,"27,2",13:40,,,,,"11,5","1017,7",11,"1015,3",19
2013-05-15,C619Y,LA ALDEA DE SAN NICOLÁS,LAS PALMAS,13,"22,8","0,0","18,5",03:40,"27,1",14:20,,,,,"6,7","1016,9",00,"1013,5",17
2013-05-16,C619Y,LA ALDEA DE SAN NICOLÁS,LAS PALMAS,13,"21,1","0,0","17,9",06:10,"24,3",11:50,,,,,"5,3","1015,7",24,"1012,4",05
2013-05-17,C619Y,LA ALDEA DE SAN NICOLÁS,LAS PALMAS,13,"21,6","0,0","16,3",09:00,"26,8",14:10,,,,,"8,0","1018,1",24,"1013,5",Varias
2013-05-18,C619Y,LA ALDEA DE SAN NICOLÁS,LAS PALMAS,13,"22,0","3,4","18,1",02:30,"25,9",15:10,,,,,"10,4","1021,7",23,"1017,1",05
2013-05-19,C619Y,LA ALDEA DE SAN NICOLÁS,LAS PALMAS,13,"18,8","0,0","13,9",06:20,"23,8",14:40,,,,,"12,0","1021,2",00,"1018,1",19
2013-05-20,C619Y,LA ALDEA DE SAN NICOLÁS,LAS PALMAS,13,"19,4","0,0","14,4",06:30,"24,3",16:00,,,,,"12,5","1020,6",00,"1018,0",16
2013-05-21,C619Y,LA ALDEA DE SAN NICOLÁS,LAS PALMAS,13,"19,6","0,0","14,6",05:20,"24,5",15:40,,,,,"11,9","1019,6",00,"1017,4",14
2013-05-22,C619Y,LA ALDEA DE SAN NICOLÁS,LAS PALMAS,13,"19,6","0,0","14,6",05:50,"24,7",12:10,,,,,"12,2","1020,2",23,"1017,3",05
2013-05-23,C619Y,LA ALDEA DE SAN NICOLÁS,LAS PALMAS,13,"20,8","0,0","16,7",06:50,"24,8",13:20,,,,,"12,6","1020,0",11,"1017,5",04
2013-05-24,C619Y,LA ALDEA DE SAN NICOLÁS,LAS PALMAS,13,"21,5","0,0","18,1",04:00,"24,9",15:30,,,,,"12,6","1021,1",23,"1017,3",05
2013-05-25,C619Y,LA ALDEA DE SAN NICOLÁS,LAS PALMAS,13,"22,0","0,0","18,5",Varias,"25,5",13:50,,,,,"12,4","1020,8",00,"1018,1",16
2013-05-26,C619Y,LA ALDEA DE SAN NICOLÁS,LAS PALMAS,13,"21,5","0,0","18,0",03:40,"25,0",13:30,,,,,"11,5","1019,9",00,"1017,2",17
2013-05-27,C619Y,LA ALDEA DE SAN NICOLÁS,LAS PALMAS,13,"22,2","0,0","18,3",07:20,"26,0",11:50,,,,,"10,5","1018,9",23,"1016,6",16
2013-05-28,C619Y,LA ALDEA DE SAN NICOLÁS,LAS PALMAS,13,"21,2","0,0","18,0",03:50,"24,5",15:10,,,,,"12,6","1019,0",Varias,"1016,8",18
2013-05-29,C619Y,LA ALDEA DE SAN NICOLÁS,LAS PALMAS,13,"21,6","0,0","16,8",06:40,"26,4",15:00,,,,,"11,6","1020,9",23,"1017,5",05
2013-05-30,C619Y,LA ALDEA DE SAN NICOLÁS,LAS PALMAS,13,"22,1","0,0","18,7",06:00,"25,5",13:10,,,,,"11,4","1021,3",11,"1018,8",16
2013-05-31,C619Y,LA ALDEA DE SAN NICOLÁS,LAS PALMAS,13,"21,6","0,0","18,1",07:40,"25,1",11:50,05,"8,6","26,7",14:20,"11,3","1020,4",00,"1017,3",17
2013-06-01,C619Y,LA ALDEA DE SAN NICOLÁS,LAS PALMAS,13,"20,7","0,0","16,9",06:50,"24,5",12:20,10,"7,2","26,1",14:20,"12,0","1018,4",00,"1014,5",18
2013-06-02,C619Y,LA ALDEA DE SAN NICOLÁS,LAS PALMAS,13,"20,7","0,0","17,8",03:20,"23,6",14:00,07,"7,5","18,3",07:30,"12,5","1016,4",Varias,"1014,4",18
2013-06-03,C619Y,LA ALDEA DE SAN NICOLÁS,LAS PALMAS,13,"20,1","0,0","17,4",05:00,"22,8",14:40,01,"8,1","20,6",15:30,"11,8","1016,5",12,"1014,2",19
2013-06-04,C619Y,LA ALDEA DE SAN NICOLÁS,LAS PALMAS,13,"20,8","0,0","16,7",06:00,"25,0",17:10,36,"3,9","16,1",14:10,"10,7","1016,2",11,"1013,9",17
2013-06-05,C619Y,LA ALDEA DE SAN NICOLÁS,LAS PALMAS,13,"22,8","0,0","19,1",04:00,"26,4",14:00,10,"3,6","17,2",18:20,"11,7","1019,1",Varias,"1014,7",Varias
2013-06-06,C619Y,LA ALDEA DE SAN NICOLÁS,LAS PALMAS,13,"22,2","0,0","18,8",03:50,"25,5",12:40,06,"6,4","24,4",19:50,"11,4","1021,5",24,"1017,9",03
2013-06-07,C619Y,LA ALDEA DE SAN NICOLÁS,LAS PALMAS,13,"21,6","0,0","18,2",06:00,"25,0",14:40,99,"6,9","25,3",Varias,"12,7","1021,5",11,"1019,1",Varias
2013-06-08,C619Y,LA ALDEA DE SAN NICOLÁS,LAS PALMAS,13,"21,5","0,0","18,7",Varias,"24,3",15:50,06,"8,3","25,3",17:20,"12,5","1021,4",11,"1018,2",17
2013-06-09,C619Y,LA ALDEA DE SAN NICOLÁS,LAS PALMAS,13,"21,5","0,0","18,2",06:30,"24,8",14:10,07,"6,4","25,6",13:10,"12,5","1020,4",00,"1017,7",18
2013-06-10,C619Y,LA ALDEA DE SAN NICOLÁS,LAS PALMAS,13,"22,3","0,0","18,3",04:30,"26,3",14:20,06,"5,0","23,6",16:10,"12,7","1021,1",24,"1018,1",17
2013-06-11,C619Y,LA ALDEA DE SAN NICOLÁS,LAS PALMAS,13,"21,2","0,0","18,7",Varias,"23,8",13:50,06,"8,9","23,9",11:00,"12,6","1021,9",23,"1018,9",04
2013-06-12,C619Y,LA ALDEA DE SAN NICOLÁS,LAS PALMAS,13,"21,6","0,0","18,7",06:40,"24,4",16:50,06,"9,2","26,1",20:00,"12,6","1021,5",00,"1018,6",18
2013-06-13,C619Y,LA ALDEA DE SAN NICOLÁS,LAS PALMAS,13,"22,4","0,0","19,5",03:00,"25,4",13:30,06,"7,2","26,9",02:50,"10,2","1020,3",00,"1017,0",18
2013-06-14,C619Y,LA ALDEA DE SAN NICOLÁS,LAS PALMAS,13,"22,2","0,0","19,5",02:30,"25,0",15:30,03,"8,9","28,1",13:30,"12,3","1018,1",00,"1015,7",17
2013-06-15,C619Y,LA ALDEA DE SAN NICOLÁS,LAS PALMAS,13,"21,6","0,0","19,2",06:00,"24,0",15:00,36,"10,8","25,3",17:10,"12,2","1017,7",08,"1014,2",18
2013-06-16,C619Y,LA ALDEA DE SAN NICOLÁS,LAS PALMAS,13,"21,4","0,0","18,2",06:40,"24,5",16:10,03,"8,6","25,8",14:40,"12,5","1017,3",22,"1015,0",04
2013-06-17,C619Y,LA ALDEA DE SAN NICOLÁS,LAS PALMAS,13,"22,2","0,0","19,1",05:30,"25,4",15:50,05,"10,3","25,6",17:30,"12,5","1017,6",12,"1015,9",18
2013-06-18,C619Y,LA ALDEA DE SAN NICOLÁS,LAS PALMAS,13,"21,6","0,0","18,7",06:10,"24,6",14:40,06,"11,1","31,1",11:20,"12,0","1018,9",23,"1016,1",03
2013-06-19,C619Y,LA ALDEA DE SAN NICOLÁS,LAS PALMAS,13,"22,0","0,0","19,0",Varias,"25,0",13:00,06,"9,4","28,1",10:40,"12,1","1018,8",00,"1016,1",17
2013-06-20,C619Y,LA ALDEA DE SAN NICOLÁS,LAS PALMAS,13,"22,6","0,0","19,1",06:50,"26,0",12:50,05,"9,7","30,3",20:10,"12,0","1019,3",22,"1015,9",06
2013-06-21,C619Y,LA ALDEA DE SAN NICOLÁS,LAS PALMAS,13,"22,2","0,0","18,8",Varias,"25,5",16:20,,"10,8",,,"11,6","1019,1",23,"1016,3",17
2013-06-22,C619Y,LA ALDEA DE SAN NICOLÁS,LAS PALMAS,13,"21,4","0,0","19,1",Varias,"23,8",14:00,05,"9,4","25,3",02:20,"12,3","1018,8",00,"1015,4",18
2013-06-23,C619Y,LA ALDEA DE SAN NICOLÁS,LAS PALMAS,13,"20,2","0,0","16,1",05:30,"24,3",14:00,03,"7,2","19,2",15:40,"12,5","1017,2",00,"1013,7",18
2013-06-24,C619Y,LA ALDEA DE SAN NICOLÁS,LAS PALMAS,13,"22,0","0,0","19,1",06:00,"24,9",13:40,02,"7,8","20,0",20:20,"12,5","1015,6",00,"1012,9",19
2013-06-25,C619Y,LA ALDEA DE SAN NICOLÁS,LAS PALMAS,13,"21,4","0,2","18,6",06:00,"24,3",14:00,01,"8,1","21,7",18:40,"12,4","1015,7",12,"1013,6",05
2013-06-26,C619Y,LA ALDEA DE SAN NICOLÁS,LAS PALMAS,13,"21,7","0,0","19,1",04:30,"24,3",13:50,03,"9,4","24,7",12:50,"12,3","1015,2",08,"1013,3",18
2013-06-27,C619Y,LA ALDEA DE SAN NICOLÁS,LAS PALMAS,13,"22,0","0,0","19,3",06:00,"24,6",14:10,05,"8,6","24,2",13:30,"11,9","1014,4",11,"1011,6",18
2013-06-28,C619Y,LA ALDEA DE SAN NICOLÁS,LAS PALMAS,13,"22,1","0,0","17,5",06:40,"26,7",12:50,03,"6,7","22,8",19:10,"12,0","1013,3",Varias,"1011,3",04
2013-06-29,C619Y,LA ALDEA DE SAN NICOLÁS,LAS PALMAS,13,"24,2","0,0","21,1",06:20,"27,3",16:10,01,"11,1","23,9",00:30,"12,5","1015,2",23,"1012,0",03
2013-06-30,C619Y,LA ALDEA DE SAN NICOLÁS,LAS PALMAS,13,"26,7","0,0","20,8",Varias,"32,6",14:30,08,"8,3","26,9",16:30,"12,5","1016,5",11,"1013,7",17
2013-07-01,C619Y,LA ALDEA DE SAN NICOLÁS,LAS PALMAS,13,"21,4","0,0","19,6",05:00,"23,2",12:30,,,,,"12,5","1016,1",00,"1013,8",16
2013-07-02,C619Y,LA ALDEA DE SAN NICOLÁS,LAS PALMAS,13,"22,6","0,0","19,4",06:00,"25,8",14:40,,,,,"12,2","1015,9",22,"1013,5",04
2013-07-03,C619Y,LA ALDEA DE SAN NICOLÁS,LAS PALMAS,13,"22,2","0,0","19,2",04:50,"25,3",14:00,,,,,"11,0","1017,4",10,"1014,3",01
2013-07-04,C619Y,LA ALDEA DE SAN NICOLÁS,LAS PALMAS,13,"22,2","0,0","19,5",06:20,"24,8",15:00,,,,,"12,2","1016,9",00,"1014,0",02
2013-07-05,C619Y,LA ALDEA DE SAN NICOLÁS,LAS PALMAS,13,"22,3","0,0","19,8",00:40,"24,8",13:40,,,,,"12,5","1015,7",00,"1013,3",18
2013-07-06,C619Y,LA ALDEA DE SAN NICOLÁS,LAS PALMAS,13,"22,6","0,0","19,6",06:50,"25,6",15:20,,,,,"12,6","1015,3",24,"1013,0",19
2013-07-07,C619Y,LA ALDEA DE SAN NICOLÁS,LAS PALMAS,13,"23,1","0,0","20,2",04:50,"26,0",16:20,,,,,"12,3","1015,0",00,"1013,1",19
2013-07-08,C619Y,LA ALDEA DE SAN NICOLÁS,LAS PALMAS,13,"22,6",,"20,3",05:00,"25,0",14:50,,,,,,"1014,8",11,"1011,9",19
2013-07-09,C619Y,LA ALDEA DE SAN NICOLÁS,LAS PALMAS,13,"23,6","0,0","20,1",06:50,"27,2",16:20,,,,,"11,5","1013,9",00,"1010,6",Varias
2013-07-10,C619Y,LA ALDEA DE SAN NICOLÁS,LAS PALMAS,13,"23,6","0,0","20,4",05:50,"26,8",13:50,,,,,"11,7","1012,6",05,"1011,0",15
2013-07-11,C619Y,LA ALDEA DE SAN NICOLÁS,LAS PALMAS,13,"22,8","0,0","18,0",05:50,"27,5",13:50,,,,,"12,2","1012,3",Varias,"1010,2",18
2013-07-12,C619Y,LA ALDEA DE SAN NICOLÁS,LAS PALMAS,13,"23,8","0,0","19,5",06:30,"28,2",13:20,,,,,"12,0","1014,9",23,"1011,2",04
2013-07-13,C619Y,LA ALDEA DE SAN NICOLÁS,LAS PALMAS,13,"24,8","0,0","18,5",06:40,"31,2",16:30,,,,,"12,1","1016,4",12,"1013,9",17
2013-07-14,C619Y,LA ALDEA DE SAN NICOLÁS,LAS PALMAS,13,"25,0","0,0","18,2",06:40,"31,7",13:40,,,,,"12,0","1016,9",23,"1014,9",04
2013-07-15,C619Y,LA ALDEA DE SAN NICOLÁS,LAS PALMAS,13,"22,8","0,0","20,1",04:20,"25,5",16:00,,,,,"12,4","1016,7",00,"1014,6",16
2013-07-16,C619Y,LA ALDEA DE SAN NICOLÁS,LAS PALMAS,13,"23,0","0,0","20,4",06:40,"25,5",15:20,,,,,"12,4","1017,5",23,"1014,7",04
2013-07-17,C619Y,LA ALDEA DE SAN NICOLÁS,LAS PALMAS,13,"22,8","0,0","19,5",07:00,"26,1",16:30,,,,,"11,9","1018,6",24,"1016,5",04
2013-07-18,C619Y,LA ALDEA DE SAN NICOLÁS,LAS PALMAS,13,"22,4","0,0","20,2",06:20,"24,5",13:30,,,,,"12,0","1018,5",00,"1015,9",17
2013-07-19,C619Y,LA ALDEA DE SAN NICOLÁS,LAS PALMAS,13,"23,1","0,0","20,4",06:30,"25,8",12:40,,,,,"12,3","1017,5",23,"1015,0",18
2013-07-20,C619Y,LA ALDEA DE SAN NICOLÁS,LAS PALMAS,13,"24,9","0,0","21,3",23:20,"28,5",12:30,,,,,"11,2","1017,2",01,"1014,2",17
2013-07-21,C619Y,LA ALDEA DE SAN NICOLÁS,LAS PALMAS,13,"23,6","0,0","21,0",06:40,"26,3",13:50,,,,,"12,5","1016,8",22,"1014,3",03
2013-07-22,C619Y,LA ALDEA DE SAN NICOLÁS,LAS PALMAS,13,"24,0","0,0","21,1",06:00,"26,8",14:10,,,,,"12,4","1016,8",11,"1014,6",04
2013-07-23,C619Y,LA ALDEA DE SAN NICOLÁS,LAS PALMAS,13,"22,9","0,0","18,9",06:40,"26,9",15:30,,,,,"12,5","1016,3",24,"1014,4",03
2013-07-24,C619Y,LA ALDEA DE SAN NICOLÁS,LAS PALMAS,13,"24,1","0,0","21,7",05:00,"26,5",14:50,,,,,"12,6","1018,5",23,"1015,1",02
2013-07-25,C619Y,LA ALDEA DE SAN NICOLÁS,LAS PALMAS,13,"24,1","0,0","21,6",04:00,"26,6",15:30,,,,,"12,4","1017,9",00,"1016,2",18
2013-07-26,C619Y,LA ALDEA DE SAN NICOLÁS,LAS PALMAS,13,"25,2","0,0","21,8",23:59,"28,6",15:00,,,,,"12,4","1016,9",00,"1013,0",16
2013-07-27,C619Y,LA ALDEA DE SAN NICOLÁS,LAS PALMAS,13,"23,0","0,0","17,5",06:40,"28,5",15:20,,,,,"12,1","1014,8",23,"1012,2",05
2013-07-28,C619Y,LA ALDEA DE SAN NICOLÁS,LAS PALMAS,13,"23,4","0,0","18,6",06:40,"28,2",17:20,,,,,"12,1","1018,0",23,"1013,9",04
2013-07-29,C619Y,LA ALDEA DE SAN NICOLÁS,LAS PALMAS,13,"24,6","0,0","22,8",03:50,"26,4",14:50,,,,,"12,1","1017,9",00,"1015,3",17
2013-08-03,C619Y,LA ALDEA DE SAN NICOLÁS,LAS PALMAS,13,"23,9","0,0","21,8",23:59,"26,0",14:40,,,,,"11,6","1016,9",11,"1014,4",05
2013-08-04,C619Y,LA ALDEA DE SAN NICOLÁS,LAS PALMAS,13,"23,8","0,0","21,6",02:20,"25,9",13:00,,,,,"9,6","1016,4",09,"1013,9",05
2013-08-05,C619Y,LA ALDEA DE SAN NICOLÁS,LAS PALMAS,13,"23,8","0,0","21,3",Varias,"26,4",13:10,,,,,"11,6","1015,2",00,"1012,0",18
2013-08-06,C619Y,LA ALDEA DE SAN NICOLÁS,LAS PALMAS,13,,,,,,,,,,,"11,8",,,,
2013-09-01,C619Y,LA ALDEA DE SAN NICOLÁS,LAS PALMAS,13,"23,4","0,0","19,6",05:20,"27,2",12:00,03,"8,1","24,2",15:00,"11,5","1015,2",00,"1012,9",15
2013-09-02,C619Y,LA ALDEA DE SAN NICOLÁS,LAS PALMAS,13,"25,6","0,0","22,6",04:00,"28,7",11:00,05,"11,1","27,5",17:50,"11,7","1015,8",22,"1012,6",Varias
2013-09-03,C619Y,LA ALDEA DE SAN NICOLÁS,LAS PALMAS,13,"24,8","0,0","22,3",04:50,"27,3",14:20,02,"9,4","24,7",15:20,"11,5","1016,4",22,"1013,3",03
2013-09-04,C619Y,LA ALDEA DE SAN NICOLÁS,LAS PALMAS,13,"24,7","0,0","22,5",05:20,"26,9",13:30,04,"10,0","23,9",18:50,"11,5","1017,3",10,"1014,3",03
2013-09-05,C619Y,LA ALDEA DE SAN NICOLÁS,LAS PALMAS,13,"24,6","0,0","21,8",Varias,"27,5",15:50,07,"5,6","22,8",16:20,"11,3","1016,9",12,"1014,1",19
2013-09-06,C619Y,LA ALDEA DE SAN NICOLÁS,LAS PALMAS,13,"24,9","0,2","22,0",06:00,"27,8",14:40,10,"5,0","21,4",14:30,"8,9","1016,3",23,"1013,0",17
2013-09-07,C619Y,LA ALDEA DE SAN NICOLÁS,LAS PALMAS,13,"25,0","0,0","21,7",07:00,"28,4",14:30,08,"5,6","19,7",17:10,"10,7","1017,1",23,"1012,8",04
2013-09-08,C619Y,LA ALDEA DE SAN NICOLÁS,LAS PALMAS,13,"23,6","0,0","19,5",05:20,"27,7",11:50,01,"8,1","21,9",16:20,"11,7","1019,6",22,"1016,2",03
2013-09-09,C619Y,LA ALDEA DE SAN NICOLÁS,LAS PALMAS,13,"24,4","0,0","21,6",07:40,"27,2",13:50,03,"8,9","23,3",12:50,"11,5","1020,7",10,"1017,9",17
2013-09-10,C619Y,LA ALDEA DE SAN NICOLÁS,LAS PALMAS,13,"23,3","0,0","19,9",06:50,"26,7",13:20,04,"6,1","19,2",16:40,"11,3","1018,6",10,"1015,5",17
2013-09-11,C619Y,LA ALDEA DE SAN NICOLÁS,LAS PALMAS,13,"23,6","0,0","20,6",07:30,"26,7",14:20,06,"5,3","16,1",04:00,"10,5","1017,8",00,"1013,7",16
2013-09-12,C619Y,LA ALDEA DE SAN NICOLÁS,LAS PALMAS,13,"22,8",,"20,6",23:59,"25,1",15:00,02,"3,1","14,7",05:30,"2,3","1016,8",10,"1013,1",05
2013-09-15,C619Y,LA ALDEA DE SAN NICOLÁS,LAS PALMAS,13,"26,1","0,0","22,5",05:50,"29,7",12:10,08,"5,6","23,1",00:50,"11,3","1018,2",11,"1015,8",Varias
2013-09-16,C619Y,LA ALDEA DE SAN NICOLÁS,LAS PALMAS,13,"23,2","0,0","18,9",06:20,"27,4",14:50,36,"4,7","14,2",14:30,"11,4","1017,3",11,"1015,3",05
2013-09-17,C619Y,LA ALDEA DE SAN NICOLÁS,LAS PALMAS,13,"23,6","0,0","19,9",07:20,"27,2",13:50,02,"3,9","16,1",10:50,"11,4","1017,9",Varias,"1014,9",04
2013-09-18,C619Y,LA ALDEA DE SAN NICOLÁS,LAS PALMAS,13,"23,6","0,0","18,5",07:00,"28,7",15:10,09,"2,5","16,4",21:10,"11,4","1019,1",11,"1016,2",04
2013-09-19,C619Y,LA ALDEA DE SAN NICOLÁS,LAS PALMAS,13,"25,0","0,0","21,9",23:40,"28,1",17:00,06,"5,3","19,7",17:00,"10,5","1017,9",Varias,"1014,5",16
2013-09-20,C619Y,LA ALDEA DE SAN NICOLÁS,LAS PALMAS,13,"25,4","0,0","21,7",06:00,"29,1",14:00,31,"4,2","15,6",13:00,"6,5","1015,5",00,"1013,4",16
2013-09-21,C619Y,LA ALDEA DE SAN NICOLÁS,LAS PALMAS,13,"23,2","0,0","17,9",Varias,"28,4",14:50,36,"3,6","10,3",15:40,"11,3","1017,0",Varias,"1013,9",Varias
2013-09-22,C619Y,LA ALDEA DE SAN NICOLÁS,LAS PALMAS,13,"22,4","0,0","17,3",06:50,"27,5",14:20,34,"5,3","19,2",11:20,"11,3","1019,6",22,"1016,2",04
2013-09-23,C619Y,LA ALDEA DE SAN NICOLÁS,LAS PALMAS,13,"22,7","0,0","17,6",04:50,"27,8",15:10,34,"4,4","15,3",17:00,"10,9","1019,5",10,"1016,6",19
2013-09-24,C619Y,LA ALDEA DE SAN NICOLÁS,LAS PALMAS,13,"22,4","0,0","17,8",06:40,"26,9",14:40,34,"3,9","8,6",11:40,"11,2","1017,5",Varias,"1014,6",16
2013-09-25,C619Y,LA ALDEA DE SAN NICOLÁS,LAS PALMAS,13,"22,8","0,0","17,9",07:00,"27,7",15:40,25,"3,6","11,7",14:50,"8,6","1014,9",00,"1012,3",16
2013-09-26,C619Y,LA ALDEA DE SAN NICOLÁS,LAS PALMAS,13,"24,8",,"18,9",05:50,"30,6",15:00,18,"2,5","13,9",15:20,"11,0","1014,3",Varias,"1011,8",16
2013-09-28,C619Y,LA ALDEA DE SAN NICOLÁS,LAS PALMAS,13,"24,8","0,0","20,0",07:00,"29,6",16:30,01,"4,7","11,9",18:00,"10,5","1017,2",24,"1013,1",04
2013-09-29,C619Y,LA ALDEA DE SAN NICOLÁS,LAS PALMAS,13,"25,2","0,0","21,5",07:00,"28,8",16:00,01,"3,6","10,0",19:30,"7,8","1017,9",12,"1015,6",04
2013-09-30,C619Y,LA ALDEA DE SAN NICOLÁS,LAS PALMAS,13,"24,6","0,0","19,8",05:50,"29,4",15:00,36,"3,3","11,4",12:30,"10,4","1017,0",00,"1014,0",Varias
2013-10-01,C619Y,LA ALDEA DE SAN NICOLÁS,LAS PALMAS,13,"24,5","0,0","20,6",07:00,"28,4",16:20,,,,,"7,9","1015,1",10,"1012,7",Varias
2013-10-02,C619Y,LA ALDEA DE SAN NICOLÁS,LAS PALMAS,13,"24,0","0,4","18,5",06:50,"29,5",12:20,,,,,"4,4","1013,3",00,"1010,4",19
2013-10-03,C619Y,LA ALDEA DE SAN NICOLÁS,LAS PALMAS,13,"24,4","0,0","20,4",07:20,"28,3",14:40,,,,,"6,9","1015,3",23,"1010,5",04
2013-10-04,C619Y,LA ALDEA DE SAN NICOLÁS,LAS PALMAS,13,"23,2","0,0","17,8",05:50,"28,6",16:20,,,,,"10,9","1017,7",23,"1014,1",04
2013-10-05,C619Y,LA ALDEA DE SAN NICOLÁS,LAS PALMAS,13,"22,3","0,0","16,1",07:00,"28,5",13:30,,,,,"10,8","1018,8",10,"1016,3",04
2013-10-06,C619Y,LA ALDEA DE SAN NICOLÁS,LAS PALMAS,13,"23,2","0,0","18,4",07:00,"28,1",12:10,,,,,"10,7","1018,7",23,"1015,9",15
2013-10-07,C619Y,LA ALDEA DE SAN NICOLÁS,LAS PALMAS,13,"25,0","0,0","22,0",23:00,"28,1",14:40,,,,,"10,7","1018,7",10,"1015,9",17
2013-10-08,C619Y,LA ALDEA DE SAN NICOLÁS,LAS PALMAS,13,"25,2","0,0","21,9",05:00,"28,4",14:10,,,,,"10,5","1017,4",10,"1014,6",17
2013-10-09,C619Y,LA ALDEA DE SAN NICOLÁS,LAS PALMAS,13,"25,4","0,0","22,4",Varias,"28,5",11:20,,,,,"9,3","1016,3",00,"1013,0",15
2013-10-10,C619Y,LA ALDEA DE SAN NICOLÁS,LAS PALMAS,13,"24,1","0,0","21,2",05:00,"27,0",11:00,,,,,"7,4","1015,5",10,"1013,1",05
2013-10-11,C619Y,LA ALDEA DE SAN NICOLÁS,LAS PALMAS,13,"23,4","0,0","18,9",04:40,"28,0",15:00,,,,,"10,6","1017,2",23,"1013,5",03
2013-10-12,C619Y,LA ALDEA DE SAN NICOLÁS,LAS PALMAS,13,"22,2","0,0","17,1",07:00,"27,3",15:10,,,,,"10,1","1019,9",22,"1016,1",03
2013-10-13,C619Y,LA ALDEA DE SAN NICOLÁS,LAS PALMAS,13,"22,6","0,0","17,7",07:00,"27,6",13:00,,,,,"10,3","1020,0",22,"1017,6",Varias
2013-10-14,C619Y,LA ALDEA DE SAN NICOLÁS,LAS PALMAS,13,"21,0","0,0","16,0",03:50,"26,0",13:40,,,,,"10,5","1019,7",22,"1016,7",16
2013-10-15,C619Y,LA ALDEA DE SAN NICOLÁS,LAS PALMAS,13,"21,4","0,0","14,8",07:10,"27,9",14:00,,,,,"10,5","1019,7",10,"1016,5",17
2013-10-16,C619Y,LA ALDEA DE SAN NICOLÁS,LAS PALMAS,13,"22,4","0,0","17,8",06:40,"27,0",12:40,,,,,"10,4","1019,6",10,"1016,6",18
2013-10-17,C619Y,LA ALDEA DE SAN NICOLÁS,LAS PALMAS,13,"21,8","0,0","16,9",07:20,"26,8",14:10,,,,,"10,4","1017,9",10,"1014,9",18
2013-10-18,C619Y,LA ALDEA DE SAN NICOLÁS,LAS PALMAS,13,"21,2","0,0","16,5",05:30,"25,8",14:20,,,,,"8,6","1017,3",22,"1015,2",15
2013-10-19,C619Y,LA ALDEA DE SAN NICOLÁS,LAS PALMAS,13,"23,7","0,0","17,9",06:20,"29,5",14:40,,,,,"10,4","1018,1",10,"1015,7",15
2013-10-20,C619Y,LA ALDEA DE SAN NICOLÁS,LAS PALMAS,13,"22,6","0,0","18,0",04:50,"27,3",14:50,,,,,"10,2","1018,2",Varias,"1016,5",16
2013-10-21,C619Y,LA ALDEA DE SAN NICOLÁS,LAS PALMAS,13,"22,2","0,0","17,4",07:00,"27,1",12:30,,,,,"7,7","1017,3",11,"1014,9",15
2013-10-22,C619Y,LA ALDEA DE SAN NICOLÁS,LAS PALMAS,13,"22,0","0,0","16,6",07:20,"27,5",16:10,,,,,"10,3","1016,6",22,"1013,8",15
2013-10-23,C619Y,LA ALDEA DE SAN NICOLÁS,LAS PALMAS,13,"21,4","0,0","15,0",06:50,"27,9",16:00,,,,,"10,3","1017,8",09,"1014,7",04
2013-10-24,C619Y,LA ALDEA DE SAN NICOLÁS,LAS PALMAS,13,"21,2",,"15,9",07:00,"26,6",14:20,,,,,,"1017,7",10,"1013,1",21
2013-10-25,C619Y,LA ALDEA DE SAN NICOLÁS,LAS PALMAS,13,"24,4","1,2","20,9",23:59,"28,0",16:10,,,,,"4,4","1018,0",23,"1012,9",03
2013-10-26,C619Y,LA ALDEA DE SAN NICOLÁS,LAS PALMAS,13,"23,4","0,0","19,1",05:40,"27,7",14:00,,,,,"8,2","1020,4",23,"1016,6",05
2013-10-27,C619Y,LA ALDEA DE SAN NICOLÁS,LAS PALMAS,13,"23,8","0,6","20,4",02:50,"27,2",13:30,,,,,"8,3","1020,2",00,"1017,4",Varias
2013-10-28,C619Y,LA ALDEA DE SAN NICOLÁS,LAS PALMAS,13,,,,,,,,,,,"0,1",,,,
2013-10-31,C619Y,LA ALDEA DE SAN NICOLÁS,LAS PALMAS,13,"23,4",,"19,7",06:00,"27,0",13:50,,,,,"5,4","1018,4",00,"1016,1",15
2013-11-02,C619Y,LA ALDEA DE SAN NICOLÁS,LAS PALMAS,13,"20,9",,"17,2",02:20,"24,6",15:00,,,,,"6,5","1015,7",23,"1012,5",15
2013-11-08,C619Y,LA ALDEA DE SAN NICOLÁS,LAS PALMAS,13,,"0,0",,,,,,,,,"8,0",,,,
2013-11-09,C619Y,LA ALDEA DE SAN NICOLÁS,LAS PALMAS,13,"24,2","0,0","21,3",03:20,"27,2",14:10,,,,,"9,8","1020,7",11,"1017,2",15
2013-11-10,C619Y,LA ALDEA DE SAN NICOLÁS,LAS PALMAS,13,"21,0","0,0","16,3",06:10,"25,8",13:50,,,,,"9,8","1021,0",11,"1018,7",14
2013-11-11,C619Y,LA ALDEA DE SAN NICOLÁS,LAS PALMAS,13,"19,7","0,0","15,0",04:30,"24,4",14:30,,,,,"9,7","1020,3",Varias,"1017,7",16
2013-11-12,C619Y,LA ALDEA DE SAN NICOLÁS,LAS PALMAS,13,"22,0","0,0","18,1",06:30,"25,9",12:40,,,,,"9,7","1018,6",10,"1015,8",17
2013-11-13,C619Y,LA ALDEA DE SAN NICOLÁS,LAS PALMAS,13,"21,6","0,0","15,9",05:00,"27,2",13:40,,,,,"8,3","1017,6",11,"1014,9",16
2013-11-14,C619Y,LA ALDEA DE SAN NICOLÁS,LAS PALMAS,13,"20,8","0,0","16,7",07:30,"24,9",13:00,,,,,"4,0","1017,4",10,"1014,4",15
2013-11-15,C619Y,LA ALDEA DE SAN NICOLÁS,LAS PALMAS,13,"23,0","0,0","20,2",07:00,"25,9",14:00,,,,,"9,4","1017,0",22,"1014,7",15
2013-11-16,C619Y,LA ALDEA DE SAN NICOLÁS,LAS PALMAS,13,"23,2","0,0","20,3",20:00,"26,1",14:00,,,,,"9,1","1018,1",22,"1014,6",06
2013-11-17,C619Y,LA ALDEA DE SAN NICOLÁS,LAS PALMAS,13,"21,7",,"18,7",07:10,"24,7",12:50,,,,,"5,0","1020,3",24,"1015,9",05
2013-11-27,C619Y,LA ALDEA DE SAN NICOLÁS,LAS PALMAS,13,"20,0","0,0","13,7",07:40,"26,2",12:00,,,,,"9,0","1010,9",00,"1007,3",17
2013-11-28,C619Y,LA ALDEA DE SAN NICOLÁS,LAS PALMAS,13,,,,,,,,,,,,,,,
2013-12-07,C619Y,LA ALDEA DE SAN NICOLÁS,LAS PALMAS,13,"20,0",,"15,5",04:00,"24,4",13:30,,,,,"7,3","1019,6",24,"1015,2",Varias
2013-12-26,C619Y,LA ALDEA DE SAN NICOLÁS,LAS PALMAS,13,,,,,,,,,,,,,,,
2013-12-31,C619Y,LA ALDEA DE SAN NICOLÁS,LAS PALMAS,13,,,,,,,,,,,,,,,
2014-01-01,C619Y,LA ALDEA DE SAN NICOLÁS,LAS PALMAS,13,,,,,,,,,,,,,,,
2014-01-02,C619Y,LA ALDEA DE SAN NICOLÁS,LAS PALMAS,13,"14,8","0,0","8,7",08:30,"20,8",16:20,,,,,"8,9","1023,2",10,"1020,6",05
2014-01-03,C619Y,LA ALDEA DE SAN NICOLÁS,LAS PALMAS,13,"15,3","0,0","8,8",07:00,"21,8",14:50,,,,,"9,0","1024,8",24,"1022,1",Varias
2014-01-04,C619Y,LA ALDEA DE SAN NICOLÁS,LAS PALMAS,13,"16,3","0,0","10,1",05:00,"22,5",13:00,,,,,"9,0","1026,5",10,"1022,8",06
2014-01-05,C619Y,LA ALDEA DE SAN NICOLÁS,LAS PALMAS,13,"16,4","0,0","10,0",08:20,"22,7",14:30,,,,,"9,0","1023,6",10,"1020,3",Varias
2014-01-06,C619Y,LA ALDEA DE SAN NICOLÁS,LAS PALMAS,13,"15,2","0,0","9,6",07:00,"20,8",15:20,,,,,"9,1","1021,6",00,"1017,5",17
2014-01-07,C619Y,LA ALDEA DE SAN NICOLÁS,LAS PALMAS,13,"14,7","0,0","8,1",06:50,"21,3",15:20,,,,,"8,3","1018,6",10,"1014,7",15
2014-01-08,C619Y,LA ALDEA DE SAN NICOLÁS,LAS PALMAS,13,"18,9","11,2","9,4",08:00,"28,4",13:40,,,,,"8,1","1015,3",00,"1008,1",16
2014-01-11,C619Y,LA ALDEA DE SAN NICOLÁS,LAS PALMAS,13,,,,,,,,,,,,,,,
2014-01-12,C619Y,LA ALDEA DE SAN NICOLÁS,LAS PALMAS,13,"15,3","0,0","9,8",07:50,"20,8",15:00,,,,,"9,1","1024,1",11,"1020,0",Varias
2014-01-13,C619Y,LA ALDEA DE SAN NICOLÁS,LAS PALMAS,13,"16,3",,"10,1",05:00,"22,5",16:00,,,,,,"1026,3",11,"1022,7",17
2014-01-15,C619Y,LA ALDEA DE SAN NICOLÁS,LAS PALMAS,13,"16,4",,"11,7",04:00,"21,1",11:30,,,,,,"1021,7",00,"1018,4",15
2014-01-22,C619Y,LA ALDEA DE SAN NICOLÁS,LAS PALMAS,13,,,,,,,,,,,,,,,
2014-02-05,C619Y,LA ALDEA DE SAN NICOLÁS,LAS PALMAS,13,"17,4","0,0","11,7",23:50,"23,2",16:40,,,,,"10,0","1022,0",10,"1017,9",16
2014-02-06,C619Y,LA ALDEA DE SAN NICOLÁS,LAS PALMAS,13,"17,2","0,4","11,2",01:40,"23,1",12:50,,,,,"10,1","1022,3",24,"1018,7",06
2014-02-07,C619Y,LA ALDEA DE SAN NICOLÁS,LAS PALMAS,13,"18,4","0,0","14,7",23:59,"22,1",14:40,,,,,"10,1","1024,4",11,"1021,4",16
2014-02-08,C619Y,LA ALDEA DE SAN NICOLÁS,LAS PALMAS,13,"16,1","0,0","11,1",04:40,"21,1",15:00,,,,,"10,2","1024,4",10,"1021,8",Varias
2014-02-09,C619Y,LA ALDEA DE SAN NICOLÁS,LAS PALMAS,13,"18,4","0,0","13,7",00:30,"23,1",15:20,,,,,"8,5","1023,3",00,"1019,5",16
2014-02-10,C619Y,LA ALDEA DE SAN NICOLÁS,LAS PALMAS,13,"17,0","0,0","12,5",23:59,"21,6",13:20,,,,,"10,0","1025,5",22,"1021,1",05
2014-02-11,C619Y,LA ALDEA DE SAN NICOLÁS,LAS PALMAS,13,"15,8","0,0","11,7",05:30,"19,8",15:30,,,,,"10,2","1025,5",11,"1022,2",16
2014-02-12,C619Y,LA ALDEA DE SAN NICOLÁS,LAS PALMAS,13,"17,8","0,0","13,1",08:00,"22,5",14:40,,,,,"10,2","1024,9",11,"1021,6",17
2014-02-13,C619Y,LA ALDEA DE SAN NICOLÁS,LAS PALMAS,13,"17,3","0,0","11,6",08:00,"23,0",17:10,,,,,"10,1","1024,6",00,"1020,1",Varias
2014-02-14,C619Y,LA ALDEA DE SAN NICOLÁS,LAS PALMAS,13,"16,2","1,8","10,1",07:30,"22,3",15:50,,,,,"10,1","1022,1",00,"1015,0",24
2014-02-15,C619Y,LA ALDEA DE SAN NICOLÁS,LAS PALMAS,13,"14,2",,"11,4",08:00,"16,9",00:10,,,,,"1,0","1018,5",22,"1014,4",19
2014-02-20,C619Y,LA ALDEA DE SAN NICOLÁS,LAS PALMAS,13,"18,2","0,0","15,3",06:40,"21,0",15:30,,,,,"10,4","1024,1",00,"1021,1",15
2014-02-21,C619Y,LA ALDEA DE SAN NICOLÁS,LAS PALMAS,13,"18,6",,"16,0",03:00,"21,1",13:40,,,,,,"1023,6",10,"1020,5",19
2014-02-22,C619Y,LA ALDEA DE SAN NICOLÁS,LAS PALMAS,13,"16,0","0,0","10,8",07:00,"21,2",12:20,,,,,"5,6","1021,9",00,"1018,0",16
2014-02-23,C619Y,LA ALDEA DE SAN NICOLÁS,LAS PALMAS,13,"17,0","3,8","10,8",08:00,"23,3",15:30,,,,,"10,0","1020,3",23,"1016,7",05
2014-02-24,C619Y,LA ALDEA DE SAN NICOLÁS,LAS PALMAS,13,"18,1","0,0","14,8",02:30,"21,4",14:40,,,,,"8,5","1022,9",24,"1018,9",Varias
2014-02-25,C619Y,LA ALDEA DE SAN NICOLÁS,LAS PALMAS,13,"18,4","0,0","15,7",05:50,"21,0",15:00,,,,,"10,1","1023,9",23,"1020,4",15
2014-02-26,C619Y,LA ALDEA DE SAN NICOLÁS,LAS PALMAS,13,"19,5","0,0","16,7",02:20,"22,3",13:00,,,,,"10,2","1026,4",22,"1022,1",05
2014-02-27,C619Y,LA ALDEA DE SAN NICOLÁS,LAS PALMAS,13,"17,0","0,0","13,4",08:00,"20,7",15:10,,,,,"10,5","1028,2",22,"1023,9",06
2014-02-28,C619Y,LA ALDEA DE SAN NICOLÁS,LAS PALMAS,13,"18,6","0,0","16,5",Varias,"20,7",16:00,,,,,"10,6","1028,0",11,"1024,1",17
2014-03-01,C619Y,LA ALDEA DE SAN NICOLÁS,LAS PALMAS,13,"19,0","0,0","16,8",07:00,"21,3",14:20,,,,,"10,6","1025,9",11,"1021,7",17
2014-03-02,C619Y,LA ALDEA DE SAN NICOLÁS,LAS PALMAS,13,"19,2","0,0","16,5",05:00,"21,9",15:50,,,,,"9,9","1023,6",00,"1020,8",16
2014-03-03,C619Y,LA ALDEA DE SAN NICOLÁS,LAS PALMAS,13,"19,4","0,0","16,3",02:50,"22,6",14:00,,,,,"9,8","1022,9",00,"1018,6",17
2014-03-04,C619Y,LA ALDEA DE SAN NICOLÁS,LAS PALMAS,13,"18,8","0,0","16,0",07:00,"21,6",13:00,,,,,"10,1","1021,0",00,"1017,3",17
2014-03-05,C619Y,LA ALDEA DE SAN NICOLÁS,LAS PALMAS,13,"19,2","0,0","16,2",05:50,"22,2",15:10,,,,,"9,1","1018,8",00,"1014,5",16
2014-03-06,C619Y,LA ALDEA DE SAN NICOLÁS,LAS PALMAS,13,"18,2","0,0","14,4",07:40,"22,0",14:30,,,,,"10,0","1015,6",00,"1011,4",17
2014-03-07,C619Y,LA ALDEA DE SAN NICOLÁS,LAS PALMAS,13,"18,5","0,0","14,6",02:50,"22,4",13:20,,,,,"10,8","1013,2",12,"1010,1",17
2014-03-08,C619Y,LA ALDEA DE SAN NICOLÁS,LAS PALMAS,13,"18,0","0,0","13,1",02:40,"23,0",15:50,,,,,"10,5","1013,7",23,"1009,2",04
2014-03-09,C619Y,LA ALDEA DE SAN NICOLÁS,LAS PALMAS,13,"17,9","0,6","12,2",04:00,"23,6",12:40,,,,,"6,1","1014,9",10,"1011,6",16
2014-03-10,C619Y,LA ALDEA DE SAN NICOLÁS,LAS PALMAS,13,"17,0","0,4","12,0",07:00,"22,0",15:30,,,,,"8,4","1013,5",00,"1009,3",19
2014-03-11,C619Y,LA ALDEA DE SAN NICOLÁS,LAS PALMAS,13,"19,0",,"15,3",05:00,"22,8",12:00,,,,,"4,5","1016,1",Varias,"1010,3",04
2014-03-13,C619Y,LA ALDEA DE SAN NICOLÁS,LAS PALMAS,13,"18,5",,"15,1",07:50,"21,9",15:10,,,,,,"1020,7",Varias,"1018,5",04
2014-03-14,C619Y,LA ALDEA DE SAN NICOLÁS,LAS PALMAS,13,"15,3","0,0","9,2",07:20,"21,4",13:50,,,,,"10,8","1020,2",00,"1017,6",16
2014-03-15,C619Y,LA ALDEA DE SAN NICOLÁS,LAS PALMAS,13,"16,4","0,0","10,8",04:40,"22,0",13:20,,,,,"11,1","1020,4",11,"1017,8",Varias
2014-03-16,C619Y,LA ALDEA DE SAN NICOLÁS,LAS PALMAS,13,"16,4","0,0","11,6",06:50,"21,3",14:10,,,,,"11,2","1019,2",00,"1016,1",17
2014-03-17,C619Y,LA ALDEA DE SAN NICOLÁS,LAS PALMAS,13,"17,8","0,0","12,4",07:00,"23,1",15:50,,,,,"11,2","1019,8",22,"1016,2",05
2014-03-18,C619Y,LA ALDEA DE SAN NICOLÁS,LAS PALMAS,13,"19,6","0,0","16,9",04:40,"22,2",15:50,,,,,"11,2","1020,5",13,"1017,6",05
2014-03-19,C619Y,LA ALDEA DE SAN NICOLÁS,LAS PALMAS,13,"19,0",,"16,5",07:00,"21,5",13:00,,,,,"11,1","1021,0",11,"1017,9",04
2014-03-21,C619Y,LA ALDEA DE SAN NICOLÁS,LAS PALMAS,13,"18,1",,"14,2",03:00,"22,0",14:00,,,,,"8,4","1022,2",00,"1018,7",18
2014-03-22,C619Y,LA ALDEA DE SAN NICOLÁS,LAS PALMAS,13,"20,0","0,4","16,4",04:00,"23,5",13:10,,,,,"9,2","1021,4",00,"1017,8",17
2014-03-23,C619Y,LA ALDEA DE SAN NICOLÁS,LAS PALMAS,13,"19,3","0,4","15,8",20:20,"22,8",13:30,,,,,"4,1","1020,8",10,"1017,8",18
2014-03-24,C619Y,LA ALDEA DE SAN NICOLÁS,LAS PALMAS,13,"18,8","0,0","16,3",Varias,"21,3",14:00,,,,,"11,3","1021,5",22,"1018,4",04
2014-03-25,C619Y,LA ALDEA DE SAN NICOLÁS,LAS PALMAS,13,"18,6","0,0","14,9",04:50,"22,2",15:00,,,,,"11,4","1021,5",10,"1019,0",17
2014-03-26,C619Y,LA ALDEA DE SAN NICOLÁS,LAS PALMAS,13,"18,6","0,0","16,6",Varias,"20,7",13:00,,,,,"11,4","1022,1",22,"1017,9",16
2014-03-27,C619Y,LA ALDEA DE SAN NICOLÁS,LAS PALMAS,13,"18,2","0,4","15,7",22:00,"20,8",14:00,,,,,"11,5","1021,7",00,"1014,5",24
2014-03-28,C619Y,LA ALDEA DE SAN NICOLÁS,LAS PALMAS,13,"19,4","0,2","15,5",04:20,"23,3",14:20,,,,,"7,0","1014,5",00,"1010,2",18
2014-03-29,C619Y,LA ALDEA DE SAN NICOLÁS,LAS PALMAS,13,"19,9","0,0","15,6",07:00,"24,2",13:30,,,,,"8,4","1017,6",Varias,"1011,8",04
2014-03-30,C619Y,LA ALDEA DE SAN NICOLÁS,LAS PALMAS,13,"16,6","0,0","11,0",07:00,"22,1",14:00,,,,,"10,3","1017,4",00,"1014,9",17
2014-03-31,C619Y,LA ALDEA DE SAN NICOLÁS,LAS PALMAS,13,"19,6","0,0","14,6",06:20,"24,5",15:40,99,"3,9","13,9",Varias,"10,0","1015,9",00,"1011,8",19
2014-04-01,C619Y,LA ALDEA DE SAN NICOLÁS,LAS PALMAS,13,"20,6","0,0","17,8",02:50,"23,5",16:00,,,,,"8,1","1012,6",00,"1007,4",17
2014-04-02,C619Y,LA ALDEA DE SAN NICOLÁS,LAS PALMAS,13,"20,3",,"16,2",22:50,"24,4",16:50,,,,,"8,1","1015,0",24,"1006,8",05
2014-04-04,C619Y,LA ALDEA DE SAN NICOLÁS,LAS PALMAS,13,"16,9","0,0","11,5",07:10,"22,3",15:00,,,,,"11,7","1020,9",11,"1018,5",04
2014-04-05,C619Y,LA ALDEA DE SAN NICOLÁS,LAS PALMAS,13,"16,8",,"11,1",06:40,"22,4",11:40,,,,,"11,5","1019,9",00,"1015,6",17
2014-04-06,C619Y,LA ALDEA DE SAN NICOLÁS,LAS PALMAS,13,"17,4","0,0","12,5",04:00,"22,3",15:00,,,,,"11,7","1016,8",00,"1013,7",Varias
2014-04-07,C619Y,LA ALDEA DE SAN NICOLÁS,LAS PALMAS,13,"18,4","0,0","13,0",07:00,"23,9",15:40,,,,,"11,5","1015,6",11,"1012,3",16
2014-04-08,C619Y,LA ALDEA DE SAN NICOLÁS,LAS PALMAS,13,"18,4","0,0","13,6",06:00,"23,2",15:10,,,,,"11,5","1014,8",10,"1012,7",05
2014-04-09,C619Y,LA ALDEA DE SAN NICOLÁS,LAS PALMAS,13,"18,6","0,0","12,3",06:50,"24,8",15:30,,,,,"10,5","1015,0",09,"1011,6",17
2014-04-10,C619Y,LA ALDEA DE SAN NICOLÁS,LAS PALMAS,13,"20,4","0,0","17,1",04:30,"23,8",13:00,,,,,"9,8","1014,9",Varias,"1011,7",04
2014-04-11,C619Y,LA ALDEA DE SAN NICOLÁS,LAS PALMAS,13,"19,8",,"16,3",23:59,"23,4",14:30,,,,,"3,0","1015,0",09,"1012,3",17
2014-04-15,C619Y,LA ALDEA DE SAN NICOLÁS,LAS PALMAS,13,"18,6","0,0","13,8",05:00,"23,3",13:30,,,,,"11,1","1016,5",Varias,"1013,3",04
2014-04-16,C619Y,LA ALDEA DE SAN NICOLÁS,LAS PALMAS,13,"18,4","0,0","13,0",06:20,"23,7",13:00,,,,,"8,7","1017,4",23,"1014,9",05
2014-04-17,C619Y,LA ALDEA DE SAN NICOLÁS,LAS PALMAS,13,"19,6","0,0","13,8",07:00,"25,4",14:40,,,,,"11,7","1018,1",23,"1015,6",05
2014-04-18,C619Y,LA ALDEA DE SAN NICOLÁS,LAS PALMAS,13,"19,2","0,0","14,5",06:00,"23,9",14:20,,,,,"9,8","1017,9",21,"1014,4",17
2014-04-19,C619Y,LA ALDEA DE SAN NICOLÁS,LAS PALMAS,13,"20,8","0,0","17,9",06:10,"23,8",12:40,,,,,"6,9","1016,0",00,"1012,6",02
2014-04-20,C619Y,LA ALDEA DE SAN NICOLÁS,LAS PALMAS,13,"20,5",,"15,6",05:30,"25,4",16:40,,,,,"8,9","1015,2",23,"1012,5",05
2014-04-22,C619Y,LA ALDEA DE SAN NICOLÁS,LAS PALMAS,13,"19,6","0,0","14,0",03:50,"25,2",14:10,,,,,"8,8","1020,4",24,"1016,5",04
2014-04-23,C619Y,LA ALDEA DE SAN NICOLÁS,LAS PALMAS,13,"19,4","0,0","15,6",06:50,"23,2",14:40,,,,,"12,0","1021,0",09,"1018,5",18
2014-04-24,C619Y,LA ALDEA DE SAN NICOLÁS,LAS PALMAS,13,"21,4","0,0","18,2",Varias,"24,7",13:40,,,,,"12,1","1020,8",22,"1018,2",16
2014-04-25,C619Y,LA ALDEA DE SAN NICOLÁS,LAS PALMAS,13,"20,6","0,0","17,8",Varias,"23,3",13:30,,,,,"12,1","1020,5",00,"1016,6",17
2014-04-26,C619Y,LA ALDEA DE SAN NICOLÁS,LAS PALMAS,13,"19,4","0,0","14,5",06:30,"24,4",13:20,,,,,"11,9","1019,1",00,"1015,3",17
2014-04-27,C619Y,LA ALDEA DE SAN NICOLÁS,LAS PALMAS,13,"18,8","0,0","13,8",06:20,"23,7",15:40,,,,,"11,9","1016,6",00,"1013,2",17
2014-04-28,C619Y,LA ALDEA DE SAN NICOLÁS,LAS PALMAS,13,"20,4","0,0","15,4",07:00,"25,5",12:30,,,,,"12,1","1015,5",00,"1012,9",18
2014-04-29,C619Y,LA ALDEA DE SAN NICOLÁS,LAS PALMAS,13,"19,3","0,0","13,3",06:40,"25,3",12:30,,,,,"12,0","1014,5",00,"1011,2",06
2014-04-30,C619Y,LA ALDEA DE SAN NICOLÁS,LAS PALMAS,13,"19,6","0,0","14,2",07:00,"25,1",13:20,,,,,"12,0","1012,2",10,"1009,9",18
2014-05-01,C619Y,LA ALDEA DE SAN NICOLÁS,LAS PALMAS,13,"20,5","0,0","18,0",06:30,"23,0",14:10,,,,,"12,0","1012,6",23,"1010,2",03
2014-05-02,C619Y,LA ALDEA DE SAN NICOLÁS,LAS PALMAS,13,"20,6","0,0","18,3",06:40,"23,0",14:40,,,,,"12,1","1014,3",22,"1011,0",03
2014-05-03,C619Y,LA ALDEA DE SAN NICOLÁS,LAS PALMAS,13,"19,8","0,0","17,6",06:50,"22,0",16:40,,,,,"12,2","1013,9",00,"1011,1",18
2014-05-04,C619Y,LA ALDEA DE SAN NICOLÁS,LAS PALMAS,13,"19,4","0,0","14,5",06:30,"24,2",13:40,,,,,"11,4","1012,6",Varias,"1009,4",17
2014-05-05,C619Y,LA ALDEA DE SAN NICOLÁS,LAS PALMAS,13,"19,1","0,0","15,1",06:50,"23,1",18:00,,,,,"12,1","1013,5",23,"1010,4",03
2014-05-06,C619Y,LA ALDEA DE SAN NICOLÁS,LAS PALMAS,13,"21,4","0,0","18,3",Varias,"24,6",14:40,,,,,"11,5","1017,7",23,"1012,2",Varias
2014-05-07,C619Y,LA ALDEA DE SAN NICOLÁS,LAS PALMAS,13,"21,1","0,0","18,4",05:00,"23,8",12:10,,,,,"11,7","1018,7",23,"1015,3",Varias
2014-05-08,C619Y,LA ALDEA DE SAN NICOLÁS,LAS PALMAS,13,"21,6","0,0","18,7",05:00,"24,4",14:10,,,,,"11,8","1018,5",00,"1015,9",18
2014-05-09,C619Y,LA ALDEA DE SAN NICOLÁS,LAS PALMAS,13,"20,6","0,0","18,7",04:00,"22,5",14:50,,,,,"11,8","1016,7",00,"1014,0",17
2014-05-10,C619Y,LA ALDEA DE SAN NICOLÁS,LAS PALMAS,13,"20,7","0,0","18,2",05:00,"23,2",14:50,,,,,"12,1","1016,0",09,"1013,5",18
2014-05-11,C619Y,LA ALDEA DE SAN NICOLÁS,LAS PALMAS,13,"20,0","0,0","14,7",06:00,"25,2",14:40,,,,,"12,0","1014,9",00,"1010,2",18
2014-05-12,C619Y,LA ALDEA DE SAN NICOLÁS,LAS PALMAS,13,"20,0",,"15,7",05:00,"24,4",15:00,,,,,"11,6","1012,2",12,"1010,0",03
2014-05-16,C619Y,LA ALDEA DE SAN NICOLÁS,LAS PALMAS,13,,"0,0",,,,,,,,,"0,0","1014,4",00,"1010,5",Varias
2014-05-17,C619Y,LA ALDEA DE SAN NICOLÁS,LAS PALMAS,13,,"0,0",,,,,,,,,"0,0","1013,3",24,"1010,6",17
2014-05-18,C619Y,LA ALDEA DE SAN NICOLÁS,LAS PALMAS,13,,"0,0",,,,,,,,,"0,0","1013,7",10,"1011,8",Varias
2014-05-19,C619Y,LA ALDEA DE SAN NICOLÁS,LAS PALMAS,13,,"0,0",,,,,,,,,"0,0","1014,4",23,"1012,3",03
2014-05-20,C619Y,LA ALDEA DE SAN NICOLÁS,LAS PALMAS,13,,"0,0",,,,,,,,,"0,0","1016,7",23,"1013,0",03
2014-05-21,C619Y,LA ALDEA DE SAN NICOLÁS,LAS PALMAS,13,,"0,0",,,,,,,,,"0,0","1018,7",23,"1015,2",04
2014-05-22,C619Y,LA ALDEA DE SAN NICOLÁS,LAS PALMAS,13,,"0,0",,,,,,,,,"0,0","1020,2",23,"1016,8",03
2014-05-23,C619Y,LA ALDEA DE SAN NICOLÁS,LAS PALMAS,13,,"0,0",,,,,,,,,"0,0","1019,8",00,"1017,3",17
2014-05-24,C619Y,LA ALDEA DE SAN NICOLÁS,LAS PALMAS,13,,"0,0",,,,,,,,,"0,0","1018,3",Varias,"1015,5",17
2014-05-25,C619Y,LA ALDEA DE SAN NICOLÁS,LAS PALMAS,13,,"0,0",,,,,,,,,"0,0","1020,9",23,"1016,2",04
2014-05-26,C619Y,LA ALDEA DE SAN NICOLÁS,LAS PALMAS,13,,"0,0",,,,,,,,,"0,0","1023,4",23,"1019,7",02
2014-05-27,C619Y,LA ALDEA DE SAN NICOLÁS,LAS PALMAS,13,,"0,0",,,,,,,,,"0,0","1023,8",11,"1020,9",16
2014-05-28,C619Y,LA ALDEA DE SAN NICOLÁS,LAS PALMAS,13,,"0,0",,,,,,,,,"0,0","1022,1",00,"1018,7",19
2014-05-29,C619Y,LA ALDEA DE SAN NICOLÁS,LAS PALMAS,13,,"0,0",,,,,,,,,"0,0","1019,9",00,"1016,9",16
2014-05-30,C619Y,LA ALDEA DE SAN NICOLÁS,LAS PALMAS,13,,"0,0",,,,,,,,,"0,0","1019,4",23,"1016,7",17
2014-05-31,C619Y,LA ALDEA DE SAN NICOLÁS,LAS PALMAS,13,,"0,0",,,,,03,"8,1","26,7",12:10,"0,0","1019,2",00,"1016,1",18
2014-06-08,C619Y,LA ALDEA DE SAN NICOLÁS,LAS PALMAS,13,,"0,0",,,,,,,,,"0,0","1019,8",22,"1016,7",03
2014-06-23,C619Y,LA ALDEA DE SAN NICOLÁS,LAS PALMAS,13,,"0,0",,,,,,,,,"0,0","1022,3",23,"1019,9",03
2014-06-24,C619Y,LA ALDEA DE SAN NICOLÁS,LAS PALMAS,13,,"0,0",,,,,,,,,"0,0","1022,0",00,"1018,8",18
2014-06-25,C619Y,LA ALDEA DE SAN NICOLÁS,LAS PALMAS,13,,"0,0",,,,,,,,,"0,0","1021,2",00,"1017,3",18
2014-06-26,C619Y,LA ALDEA DE SAN NICOLÁS,LAS PALMAS,13,,"0,0",,,,,,,,,"0,0","1018,6",00,"1016,1",17
2014-06-27,C619Y,LA ALDEA DE SAN NICOLÁS,LAS PALMAS,13,,"0,0",,,,,,,,,"0,0","1019,1",Varias,"1016,0",03
2014-06-28,C619Y,LA ALDEA DE SAN NICOLÁS,LAS PALMAS,13,,"0,0",,,,,,,,,"0,0","1019,1",00,"1016,5",18
2014-06-29,C619Y,LA ALDEA DE SAN NICOLÁS,LAS PALMAS,13,,"0,0",,,,,,,,,"0,0","1017,8",00,"1014,0",Varias
2014-06-30,C619Y,LA ALDEA DE SAN NICOLÁS,LAS PALMAS,13,,"0,0",,,,,,,,,"0,0","1015,1",23,"1012,4",05
2014-07-01,C619Y,LA ALDEA DE SAN NICOLÁS,LAS PALMAS,13,,"0,0",,,,,,,,,"0,0","1018,6",24,"1013,7",04
2014-07-02,C619Y,LA ALDEA DE SAN NICOLÁS,LAS PALMAS,13,,"0,0",,,,,,,,,"0,0","1019,6",23,"1016,7",06
2014-07-03,C619Y,LA ALDEA DE SAN NICOLÁS,LAS PALMAS,13,,"0,0",,,,,,,,,,"1019,1",00,"1017,2",03
2014-07-04,C619Y,LA ALDEA DE SAN NICOLÁS,LAS PALMAS,13,,"0,0",,,,,,,,,"0,0","1019,6",13,"1017,0",06
2014-07-05,C619Y,LA ALDEA DE SAN NICOLÁS,LAS PALMAS,13,,"0,0",,,,,,,,,"0,0","1019,8",23,"1017,0",18
2014-07-06,C619Y,LA ALDEA DE SAN NICOLÁS,LAS PALMAS,13,,"0,0",,,,,,,,,"0,0","1020,7",23,"1017,5",03
2014-07-07,C619Y,LA ALDEA DE SAN NICOLÁS,LAS PALMAS,13,,"1,0",,,,,,,,,"0,0","1020,6",00,"1017,3",18
2014-07-08,C619Y,LA ALDEA DE SAN NICOLÁS,LAS PALMAS,13,,"0,0",,,,,,,,,"0,0","1018,4",00,"1013,6",17
2014-07-09,C619Y,LA ALDEA DE SAN NICOLÁS,LAS PALMAS,13,,"0,0",,,,,,,,,"0,0","1014,9",23,"1012,4",04
2014-10-09,C619Y,LA ALDEA DE SAN NICOLÁS,LAS PALMAS,13,"21,3",,"16,2",07:30,"26,4",13:30,,,,,"5,0","1016,3",11,"1013,5",18
2014-10-11,C619Y,LA ALDEA DE SAN NICOLÁS,LAS PALMAS,13,"22,3",,"16,1",06:30,"28,5",15:30,,,,,"7,9","1015,8",23,"1013,3",04
2014-10-16,C619Y,LA ALDEA DE SAN NICOLÁS,LAS PALMAS,13,,"0,0",,,,,,,,,"0,0","1016,3",00,"1013,9",15
2014-10-17,C619Y,LA ALDEA DE SAN NICOLÁS,LAS PALMAS,13,,"0,0",,,,,,,,,"0,0","1016,4",10,"1013,9",15
2014-10-18,C619Y,LA ALDEA DE SAN NICOLÁS,LAS PALMAS,13,,"0,0",,,,,,,,,"0,0","1015,3",10,"1011,7",17
2014-10-19,C619Y,LA ALDEA DE SAN NICOLÁS,LAS PALMAS,13,,"9,4",,,,,,,,,"0,0","1012,1",00,"1006,7",15
2014-10-20,C619Y,LA ALDEA DE SAN NICOLÁS,LAS PALMAS,13,,"0,2",,,,,,,,,"0,0","1015,2",22,"1008,9",03
2014-10-21,C619Y,LA ALDEA DE SAN NICOLÁS,LAS PALMAS,13,,"0,6",,,,,,,,,"0,0","1019,3",11,"1014,2",Varias
2014-10-22,C619Y,LA ALDEA DE SAN NICOLÁS,LAS PALMAS,13,,"0,0",,,,,,,,,"0,0","1019,2",09,"1015,3",16
2014-10-23,C619Y,LA ALDEA DE SAN NICOLÁS,LAS PALMAS,13,,"0,0",,,,,,,,,"0,0","1016,5",00,"1014,0",18
2014-10-24,C619Y,LA ALDEA DE SAN NICOLÁS,LAS PALMAS,13,,"0,0",,,,,,,,,"0,0","1015,1",00,"1012,9",05
2014-10-25,C619Y,LA ALDEA DE SAN NICOLÁS,LAS PALMAS,13,,,,,,,,,,,"0,0","1015,5",22,"1012,9",04
2014-10-26,C619Y,LA ALDEA DE SAN NICOLÁS,LAS PALMAS,13,,"0,0",,,,,,,,,"0,0",,,,
2014-10-27,C619Y,LA ALDEA DE SAN NICOLÁS,LAS PALMAS,13,,"0,0",,,,,,,,,"0,0","1013,6",09,"1010,5",16
2015-01-24,C619Y,LA ALDEA DE SAN NICOLÁS,LAS PALMAS,13,"19,2","0,0","16,5",04:00,"21,9",14:20,,,,,"8,9","1023,2",Varias,"1020,4",18
2015-01-25,C619Y,LA ALDEA DE SAN NICOLÁS,LAS PALMAS,13,"17,8","0,0","15,2",23:59,"20,3",12:50,,,,,"7,9","1022,2",24,"1019,2",16
2015-01-26,C619Y,LA ALDEA DE SAN NICOLÁS,LAS PALMAS,13,"15,4","0,0","8,1",08:00,"22,8",14:10,,,,,"9,6","1026,8",24,"1021,5",04
2015-01-27,C619Y,LA ALDEA DE SAN NICOLÁS,LAS PALMAS,13,"15,6","0,0","10,4",04:30,"20,8",15:40,,,,,"9,6","1027,9",12,"1025,0",17
2015-01-28,C619Y,LA ALDEA DE SAN NICOLÁS,LAS PALMAS,13,,"0,0",,,,,,,,,,,,,
2015-02-03,C619Y,LA ALDEA DE SAN NICOLÁS,LAS PALMAS,13,"17,7",,"15,2",00:20,"20,2",16:10,,,,,,"1018,3",Varias,"1015,6",16
2015-02-04,C619Y,LA ALDEA DE SAN NICOLÁS,LAS PALMAS,13,"18,3","0,0","14,7",08:00,"21,9",13:40,,,,,,"1020,0",11,"1017,5",16
2015-02-05,C619Y,LA ALDEA DE SAN NICOLÁS,LAS PALMAS,13,"17,2","0,0","12,2",04:30,"22,2",15:40,,,,,"8,8","1020,2",11,"1017,1",16
2015-02-06,C619Y,LA ALDEA DE SAN NICOLÁS,LAS PALMAS,13,"18,0","0,0","15,8",08:00,"20,2",14:30,,,,,"2,5","1018,8",00,"1014,8",Varias
2015-02-07,C619Y,LA ALDEA DE SAN NICOLÁS,LAS PALMAS,13,"16,9","0,0","14,7",07:50,"19,1",12:50,,,,,"0,5","1018,2",00,"1013,5",18
2015-02-08,C619Y,LA ALDEA DE SAN NICOLÁS,LAS PALMAS,13,"15,8","0,8","11,7",23:59,"19,9",14:00,,,,,"1,2","1015,2",00,"1012,5",16
2015-02-09,C619Y,LA ALDEA DE SAN NICOLÁS,LAS PALMAS,13,"14,2","0,0","8,2",05:50,"20,1",15:30,,,,,"9,7","1015,4",12,"1013,0",03
2015-02-10,C619Y,LA ALDEA DE SAN NICOLÁS,LAS PALMAS,13,"15,9","0,0","9,8",06:30,"22,0",16:30,,,,,"8,0","1015,4",10,"1012,3",16
2015-02-11,C619Y,LA ALDEA DE SAN NICOLÁS,LAS PALMAS,13,"17,6","0,0","13,4",08:10,"21,9",12:50,,,,,"9,8","1018,5",24,"1013,9",Varias
2015-02-12,C619Y,LA ALDEA DE SAN NICOLÁS,LAS PALMAS,13,"16,5","0,0","10,7",07:00,"22,3",14:50,,,,,"6,6","1023,0",Varias,"1017,4",Varias
2015-02-13,C619Y,LA ALDEA DE SAN NICOLÁS,LAS PALMAS,13,"19,0","0,0","15,6",07:40,"22,4",13:10,,,,,"8,2","1026,8",23,"1021,8",04
2015-02-14,C619Y,LA ALDEA DE SAN NICOLÁS,LAS PALMAS,13,"18,4","0,0","16,2",03:00,"20,6",13:50,,,,,"10,2","1026,7",00,"1022,9",17
2015-02-15,C619Y,LA ALDEA DE SAN NICOLÁS,LAS PALMAS,13,"16,6","0,0","10,9",05:20,"22,3",14:10,,,,,"9,5","1024,8",00,"1021,8",16
2015-02-16,C619Y,LA ALDEA DE SAN NICOLÁS,LAS PALMAS,13,"17,6","0,0","11,8",04:00,"23,5",14:00,,,,,"7,3","1023,8",10,"1020,7",15
2015-02-17,C619Y,LA ALDEA DE SAN NICOLÁS,LAS PALMAS,13,"18,8","0,0","15,1",07:50,"22,5",14:50,,,,,"9,6","1023,3",11,"1019,5",19
2015-02-18,C619Y,LA ALDEA DE SAN NICOLÁS,LAS PALMAS,13,"18,2","0,8","15,5",08:00,"21,0",13:50,,,,,"4,3","1021,2",01,"1017,3",15
2015-02-19,C619Y,LA ALDEA DE SAN NICOLÁS,LAS PALMAS,13,"17,2","0,8","14,4",04:20,"19,9",12:00,,,,,"1,8","1021,0",Varias,"1018,4",07
2015-02-20,C619Y,LA ALDEA DE SAN NICOLÁS,LAS PALMAS,13,"18,2","0,0","16,2",Varias,"20,1",13:50,,,,,"3,1","1021,6",11,"1018,6",04
2015-02-21,C619Y,LA ALDEA DE SAN NICOLÁS,LAS PALMAS,13,"17,2","10,6","15,6",18:20,"18,9",15:20,,,,,"0,0","1022,1",Varias,"1019,2",05
2015-02-22,C619Y,LA ALDEA DE SAN NICOLÁS,LAS PALMAS,13,"18,2","0,0","15,6",Varias,"20,7",14:30,,,,,"9,9","1023,4",12,"1019,7",05
2015-02-23,C619Y,LA ALDEA DE SAN NICOLÁS,LAS PALMAS,13,"17,8","0,0","15,3",07:30,"20,3",13:20,,,,,"9,6","1023,6",23,"1020,1",05
2015-02-24,C619Y,LA ALDEA DE SAN NICOLÁS,LAS PALMAS,13,"18,6","0,0","16,0",01:20,"21,1",15:50,,,,,"9,7","1025,5",24,"1021,3",15
2015-02-25,C619Y,LA ALDEA DE SAN NICOLÁS,LAS PALMAS,13,"17,9","0,0","15,7",05:30,"20,1",13:10,,,,,"10,6","1025,5",00,"1020,9",Varias
2015-02-26,C619Y,LA ALDEA DE SAN NICOLÁS,LAS PALMAS,13,"18,0","0,0","16,2",07:40,"19,9",16:30,,,,,"10,5","1025,3",10,"1022,0",16
2015-02-27,C619Y,LA ALDEA DE SAN NICOLÁS,LAS PALMAS,13,"18,4","0,0","16,3",05:00,"20,4",13:40,,,,,"10,6","1026,7",23,"1022,5",05
2015-02-28,C619Y,LA ALDEA DE SAN NICOLÁS,LAS PALMAS,13,"18,6","0,0","16,4",00:10,"20,8",12:10,,,,,"10,6","1026,7",11,"1023,4",06
2015-03-01,C619Y,LA ALDEA DE SAN NICOLÁS,LAS PALMAS,13,"17,7","0,0","16,0",Varias,"19,4",14:20,,,,,"10,6","1026,1",10,"1022,4",Varias
2015-03-02,C619Y,LA ALDEA DE SAN NICOLÁS,LAS PALMAS,13,"15,7","0,0","9,3",07:50,"22,1",15:10,,,,,"10,0","1024,6",00,"1020,6",17
2015-03-03,C619Y,LA ALDEA DE SAN NICOLÁS,LAS PALMAS,13,"17,4","0,0","11,9",07:00,"22,9",14:00,,,,,"8,9","1022,9",11,"1019,8",05
2015-03-04,C619Y,LA ALDEA DE SAN NICOLÁS,LAS PALMAS,13,"18,3","0,0","10,9",07:50,"25,7",15:30,,,,,"10,7","1022,1",00,"1017,0",18
2015-03-05,C619Y,LA ALDEA DE SAN NICOLÁS,LAS PALMAS,13,"17,2","0,0","11,1",06:00,"23,3",11:50,,,,,"10,7","1019,0",00,"1015,7",Varias
2015-03-06,C619Y,LA ALDEA DE SAN NICOLÁS,LAS PALMAS,13,"16,7","0,0","11,8",07:50,"21,6",16:00,,,,,"10,3","1018,4",10,"1015,3",16
2015-03-07,C619Y,LA ALDEA DE SAN NICOLÁS,LAS PALMAS,13,"20,0","0,0","12,5",06:00,"27,4",16:00,,,,,"5,7","1017,9",11,"1014,9",17
2015-03-08,C619Y,LA ALDEA DE SAN NICOLÁS,LAS PALMAS,13,"20,2","0,0","14,5",04:50,"26,0",17:40,,,,,"7,4","1018,0",11,"1014,3",Varias
2015-03-09,C619Y,LA ALDEA DE SAN NICOLÁS,LAS PALMAS,13,"17,4","0,0","12,7",23:59,"22,2",11:20,,,,,"10,8","1019,3",22,"1016,2",17
2015-03-10,C619Y,LA ALDEA DE SAN NICOLÁS,LAS PALMAS,13,"18,2","0,0","11,1",03:20,"25,2",14:20,,,,,"10,5","1023,8",23,"1017,8",04
2015-03-11,C619Y,LA ALDEA DE SAN NICOLÁS,LAS PALMAS,13,"17,6","0,0","10,3",07:40,"25,0",13:50,,,,,"10,8","1024,0",10,"1021,9",16
2015-03-12,C619Y,LA ALDEA DE SAN NICOLÁS,LAS PALMAS,13,"17,6","0,0","10,8",02:00,"24,5",14:10,,,,,"11,0","1023,7",12,"1020,6",18
2015-03-13,C619Y,LA ALDEA DE SAN NICOLÁS,LAS PALMAS,13,"18,4","0,0","16,0",07:50,"20,9",16:30,,,,,"10,8","1022,9",00,"1019,0",17
2015-03-14,C619Y,LA ALDEA DE SAN NICOLÁS,LAS PALMAS,13,"18,8","0,0","16,2",07:40,"21,5",14:30,,,,,"9,6","1020,9",00,"1017,4",16
2015-03-15,C619Y,LA ALDEA DE SAN NICOLÁS,LAS PALMAS,13,"16,1","0,0","11,8",23:59,"20,4",15:00,,,,,"11,1","1019,1",00,"1015,3",Varias
2015-03-16,C619Y,LA ALDEA DE SAN NICOLÁS,LAS PALMAS,13,"14,7","0,0","7,8",07:00,"21,6",12:40,,,,,"11,1","1019,6",Varias,"1015,8",05
2015-03-17,C619Y,LA ALDEA DE SAN NICOLÁS,LAS PALMAS,13,"18,8","0,0","15,0",05:00,"22,7",12:30,,,,,"9,3","1021,0",10,"1017,9",Varias
2015-03-18,C619Y,LA ALDEA DE SAN NICOLÁS,LAS PALMAS,13,"18,6","1,4","15,2",07:30,"21,9",14:40,,,,,"6,6","1020,1",01,"1016,3",24
2015-03-19,C619Y,LA ALDEA DE SAN NICOLÁS,LAS PALMAS,13,"18,8",,"15,3",01:30,"22,3",15:50,,,,,"4,4","1016,7",00,"1012,7",18
2015-03-20,C619Y,LA ALDEA DE SAN NICOLÁS,LAS PALMAS,13,"19,0","0,0","15,5",22:00,"22,4",13:00,,,,,"4,8","1013,3",00,"1010,4",Varias
2015-03-21,C619Y,LA ALDEA DE SAN NICOLÁS,LAS PALMAS,13,"17,0","0,2","10,8",07:00,"23,2",14:20,,,,,,"1013,8",10,"1010,8",17
2015-03-22,C619Y,LA ALDEA DE SAN NICOLÁS,LAS PALMAS,13,"18,4","2,2","14,4",06:00,"22,3",15:10,,,,,"4,7","1012,2",01,"1008,4",17
2015-03-23,C619Y,LA ALDEA DE SAN NICOLÁS,LAS PALMAS,13,"17,3","4,8","14,4",04:40,"20,2",10:40,,,,,"3,6","1017,8",23,"1009,9",05
2015-03-24,C619Y,LA ALDEA DE SAN NICOLÁS,LAS PALMAS,13,"17,8","0,8","15,5",07:50,"20,1",10:40,,,,,"4,4","1019,1",11,"1016,1",07
2015-03-25,C619Y,LA ALDEA DE SAN NICOLÁS,LAS PALMAS,13,"17,8","0,0","15,0",03:00,"20,6",12:50,,,,,"3,7","1022,2",22,"1016,8",05
2015-03-26,C619Y,LA ALDEA DE SAN NICOLÁS,LAS PALMAS,13,"18,0","0,0","15,5",04:00,"20,6",15:30,,,,,"9,9","1023,5",Varias,"1020,5",04
2015-03-27,C619Y,LA ALDEA DE SAN NICOLÁS,LAS PALMAS,13,"18,3","0,0","15,7",04:00,"20,9",13:50,,,,,"11,4","1024,5",Varias,"1021,8",Varias
2015-03-28,C619Y,LA ALDEA DE SAN NICOLÁS,LAS PALMAS,13,"18,5","0,0","14,6",23:59,"22,4",13:30,,,,,"10,7","1024,8",10,"1021,8",04
2015-03-29,C619Y,LA ALDEA DE SAN NICOLÁS,LAS PALMAS,13,"16,6","0,0","11,5",04:30,"21,6",14:50,,,,,"10,9","1024,3",00,"1021,9",Varias
2015-03-30,C619Y,LA ALDEA DE SAN NICOLÁS,LAS PALMAS,13,"19,0","0,0","11,0",07:10,"26,9",15:30,,,,,"11,4","1024,2",10,"1020,7",17
2015-03-31,C619Y,LA ALDEA DE SAN NICOLÁS,LAS PALMAS,13,"18,8","0,0","12,4",02:30,"25,3",15:40,,,,,"11,5","1023,5",10,"1020,3",18
2015-04-01,C619Y,LA ALDEA DE SAN NICOLÁS,LAS PALMAS,13,"17,0","0,0","10,9",07:00,"23,1",15:50,,,,,"10,7","1022,1",00,"1017,3",18
2015-04-02,C619Y,LA ALDEA DE SAN NICOLÁS,LAS PALMAS,13,"17,3","0,0","12,8",06:00,"21,8",16:00,,,,,"10,7","1018,7",11,"1015,6",17
2015-04-03,C619Y,LA ALDEA DE SAN NICOLÁS,LAS PALMAS,13,"17,6","0,0","13,8",07:40,"21,5",15:20,,,,,"11,4","1016,4",00,"1012,3",17
2015-04-04,C619Y,LA ALDEA DE SAN NICOLÁS,LAS PALMAS,13,"19,8","0,0","16,5",04:00,"23,1",12:40,,,,,"6,4","1015,2",23,"1012,9",04
2015-04-05,C619Y,LA ALDEA DE SAN NICOLÁS,LAS PALMAS,13,"20,2","0,0","17,3",06:00,"23,1",14:30,,,,,"6,7","1015,1",10,"1013,1",04
2015-04-06,C619Y,LA ALDEA DE SAN NICOLÁS,LAS PALMAS,13,"19,7","0,0","15,1",23:59,"24,3",14:40,,,,,"10,2","1014,6",10,"1011,6",18
2015-04-07,C619Y,LA ALDEA DE SAN NICOLÁS,LAS PALMAS,13,"18,8","0,0","13,5",Varias,"24,0",13:00,,,,,"11,3","1015,9",Varias,"1012,1",05
2015-04-08,C619Y,LA ALDEA DE SAN NICOLÁS,LAS PALMAS,13,"17,5","0,0","11,4",07:00,"23,6",15:00,,,,,"11,4","1020,2",23,"1015,0",04
2015-04-09,C619Y,LA ALDEA DE SAN NICOLÁS,LAS PALMAS,13,"17,9","0,0","12,8",04:50,"23,0",14:00,,,,,"11,7","1020,6",11,"1018,2",17
2015-04-10,C619Y,LA ALDEA DE SAN NICOLÁS,LAS PALMAS,13,"18,2","0,0","13,1",07:00,"23,3",13:50,,,,,"11,6","1021,8",Varias,"1018,7",Varias
2015-04-11,C619Y,LA ALDEA DE SAN NICOLÁS,LAS PALMAS,13,"19,6","0,0","15,5",07:30,"23,6",15:00,,,,,"11,7","1021,8",00,"1016,0",17
2015-04-12,C619Y,LA ALDEA DE SAN NICOLÁS,LAS PALMAS,13,"18,6","0,0","13,2",07:30,"24,1",15:00,,,,,"11,7","1018,6",00,"1015,8",17
2015-04-13,C619Y,LA ALDEA DE SAN NICOLÁS,LAS PALMAS,13,"16,9","0,0","11,0",07:00,"22,8",15:00,,,,,"11,8","1018,0",Varias,"1015,7",Varias
2015-04-14,C619Y,LA ALDEA DE SAN NICOLÁS,LAS PALMAS,13,"20,2","0,0","16,9",23:50,"23,4",14:30,,,,,"8,5","1018,7",23,"1015,1",05
2015-04-15,C619Y,LA ALDEA DE SAN NICOLÁS,LAS PALMAS,13,,,,,,,,,,,,,,,
2015-04-16,C619Y,LA ALDEA DE SAN NICOLÁS,LAS PALMAS,13,"19,2","0,0","16,0",06:20,"22,3",13:50,,,,,"11,8","1018,7",00,"1015,9",18
2015-04-17,C619Y,LA ALDEA DE SAN NICOLÁS,LAS PALMAS,13,"16,8","0,0","11,3",05:40,"22,3",14:50,,,,,"11,8","1017,6",00,"1014,7",17
2015-04-18,C619Y,LA ALDEA DE SAN NICOLÁS,LAS PALMAS,13,"19,0","0,0","13,5",05:30,"24,6",14:30,,,,,"11,7","1017,9",23,"1014,9",05
2015-04-19,C619Y,LA ALDEA DE SAN NICOLÁS,LAS PALMAS,13,"19,8","0,0","16,8",06:40,"22,8",13:30,,,,,"11,9","1017,8",00,"1014,7",16
2015-04-20,C619Y,LA ALDEA DE SAN NICOLÁS,LAS PALMAS,13,"20,0","0,0","17,1",04:50,"23,0",14:40,,,,,"11,9","1017,6",00,"1014,5",18
2015-04-21,C619Y,LA ALDEA DE SAN NICOLÁS,LAS PALMAS,13,"20,6","0,0","17,3",Varias,"23,8",11:50,,,,,"10,9","1019,1",23,"1015,0",04
2015-04-22,C619Y,LA ALDEA DE SAN NICOLÁS,LAS PALMAS,13,"16,7","0,0","11,1",06:40,"22,3",14:00,,,,,"12,1","1019,6",11,"1016,8",05
2015-04-23,C619Y,LA ALDEA DE SAN NICOLÁS,LAS PALMAS,13,"16,6","0,0","11,4",07:00,"21,9",14:50,,,,,"11,6","1019,1",00,"1017,0",18
2015-04-24,C619Y,LA ALDEA DE SAN NICOLÁS,LAS PALMAS,13,"17,8","0,0","11,0",06:50,"24,5",16:10,,,,,"12,2","1019,4",12,"1016,9",18
2015-04-25,C619Y,LA ALDEA DE SAN NICOLÁS,LAS PALMAS,13,"18,2","0,0","13,0",07:00,"23,4",16:20,,,,,"12,1","1019,1",Varias,"1016,9",18
2015-04-26,C619Y,LA ALDEA DE SAN NICOLÁS,LAS PALMAS,13,"19,2","0,0","14,8",03:40,"23,6",14:30,,,,,"11,7","1019,0",11,"1016,4",17
2015-04-27,C619Y,LA ALDEA DE SAN NICOLÁS,LAS PALMAS,13,"20,0","0,0","16,0",04:50,"23,9",14:00,,,,,"12,1","1018,8",11,"1015,8",19
2015-04-28,C619Y,LA ALDEA DE SAN NICOLÁS,LAS PALMAS,13,"18,6","0,0","12,8",06:50,"24,3",15:40,,,,,"11,5","1019,3",10,"1015,3",17
2015-04-29,C619Y,LA ALDEA DE SAN NICOLÁS,LAS PALMAS,13,"18,7","0,0","12,4",04:50,"25,0",13:50,,,,,"11,5","1019,0",23,"1016,3",17
2015-04-30,C619Y,LA ALDEA DE SAN NICOLÁS,LAS PALMAS,13,"19,0","0,0","11,9",06:30,"26,0",15:00,,,,,"12,1","1018,6",00,"1015,4",Varias
2015-05-01,C619Y,LA ALDEA DE SAN NICOLÁS,LAS PALMAS,13,"18,6","0,0","12,6",06:40,"24,6",13:50,,,,,"12,2","1018,0",00,"1012,8",18
2015-05-02,C619Y,LA ALDEA DE SAN NICOLÁS,LAS PALMAS,13,"19,9","0,0","14,7",05:40,"25,1",13:40,,,,,"12,1","1015,1",02,"1012,0",17
2015-05-03,C619Y,LA ALDEA DE SAN NICOLÁS,LAS PALMAS,13,"21,0","0,0","14,5",04:40,"27,4",14:10,,,,,"10,3","1014,6",14,"1012,3",04
2015-05-04,C619Y,LA ALDEA DE SAN NICOLÁS,LAS PALMAS,13,"19,7","0,0","14,2",06:50,"25,2",16:20,,,,,"11,1","1016,2",23,"1012,6",05
2015-05-05,C619Y,LA ALDEA DE SAN NICOLÁS,LAS PALMAS,13,"21,1","0,0","16,5",23:59,"25,7",12:50,,,,,"12,3","1016,7",11,"1014,0",04
2015-05-06,C619Y,LA ALDEA DE SAN NICOLÁS,LAS PALMAS,13,"19,6","0,0","14,0",06:00,"25,2",13:10,,,,,"12,2","1016,4",23,"1014,2",05
2015-05-07,C619Y,LA ALDEA DE SAN NICOLÁS,LAS PALMAS,13,"20,0","0,0","14,8",03:00,"25,3",14:00,,,,,"12,2","1020,4",24,"1014,6",05
2015-05-08,C619Y,LA ALDEA DE SAN NICOLÁS,LAS PALMAS,13,"20,2","0,0","16,4",05:50,"23,9",11:10,,,,,"12,2","1020,7",22,"1018,7",05
2015-05-09,C619Y,LA ALDEA DE SAN NICOLÁS,LAS PALMAS,13,"20,2","0,0","14,2",07:00,"26,1",14:40,,,,,"12,3","1020,3",00,"1015,9",Varias
2015-05-10,C619Y,LA ALDEA DE SAN NICOLÁS,LAS PALMAS,13,"20,2","0,0","15,4",07:00,"24,9",13:40,,,,,"11,7","1017,6",00,"1014,4",16
2015-05-11,C619Y,LA ALDEA DE SAN NICOLÁS,LAS PALMAS,13,"24,2","0,0","14,5",06:10,"34,0",15:50,,,,,"11,5","1015,9",00,"1011,9",18
2015-05-12,C619Y,LA ALDEA DE SAN NICOLÁS,LAS PALMAS,13,"23,8","0,0","19,9",06:00,"27,6",13:30,,,,,"10,8","1014,8",10,"1011,0",05
2015-05-13,C619Y,LA ALDEA DE SAN NICOLÁS,LAS PALMAS,13,"24,1","0,0","16,8",05:00,"31,4",11:40,,,,,"11,7","1015,8",23,"1011,6",04
2015-05-14,C619Y,LA ALDEA DE SAN NICOLÁS,LAS PALMAS,13,"22,5","0,0","18,8",03:20,"26,2",14:50,,,,,"10,0","1015,3",00,"1011,9",17
2015-05-15,C619Y,LA ALDEA DE SAN NICOLÁS,LAS PALMAS,13,"24,4","0,0","17,5",06:00,"31,2",16:50,,,,,"7,7","1015,0",24,"1012,6",Varias
2015-05-16,C619Y,LA ALDEA DE SAN NICOLÁS,LAS PALMAS,13,"23,8","0,0","19,6",23:59,"28,0",12:00,,,,,"10,9","1018,1",22,"1012,8",03
2015-05-17,C619Y,LA ALDEA DE SAN NICOLÁS,LAS PALMAS,13,"21,1","0,0","18,1",07:00,"24,1",12:40,,,,,"11,9","1017,9",00,"1014,5",16
2015-05-18,C619Y,LA ALDEA DE SAN NICOLÁS,LAS PALMAS,13,"21,2","0,0","18,5",05:00,"23,8",15:10,,,,,"12,2","1016,7",Varias,"1014,8",Varias
2015-05-19,C619Y,LA ALDEA DE SAN NICOLÁS,LAS PALMAS,13,"22,8","0,0","19,1",06:30,"26,4",13:00,,,,,"8,6","1019,5",23,"1015,6",Varias
2015-05-20,C619Y,LA ALDEA DE SAN NICOLÁS,LAS PALMAS,13,"21,4","0,0","18,4",06:50,"24,3",13:00,,,,,"8,0","1020,4",10,"1017,3",04
2015-05-21,C619Y,LA ALDEA DE SAN NICOLÁS,LAS PALMAS,13,"21,1","0,0","18,2",06:00,"24,0",14:30,08,"8,9","26,1",11:20,"10,8","1021,7",23,"1018,4",03
2015-05-22,C619Y,LA ALDEA DE SAN NICOLÁS,LAS PALMAS,13,"20,6","0,0","18,2",05:00,"22,9",12:50,09,"8,9","25,3",01:40,"4,1","1021,3",00,"1019,0",17
2015-05-23,C619Y,LA ALDEA DE SAN NICOLÁS,LAS PALMAS,13,"21,3","0,0","17,9",03:00,"24,7",14:30,11,"7,8","18,9",18:40,"5,6","1020,2",00,"1017,3",18
2015-05-24,C619Y,LA ALDEA DE SAN NICOLÁS,LAS PALMAS,13,"21,9","0,0","18,2",06:20,"25,6",14:20,09,"5,8","18,3",00:50,"7,5","1018,9",11,"1016,5",18
2015-05-25,C619Y,LA ALDEA DE SAN NICOLÁS,LAS PALMAS,13,"22,2","0,0","17,0",01:00,"27,4",14:30,09,"4,4","15,0",14:20,"10,9","1018,9",Varias,"1016,2",19
2015-05-26,C619Y,LA ALDEA DE SAN NICOLÁS,LAS PALMAS,13,"21,6","0,0","18,1",04:50,"25,0",15:30,07,"4,4","14,7",20:40,"11,7","1018,3",10,"1016,2",02
2015-05-27,C619Y,LA ALDEA DE SAN NICOLÁS,LAS PALMAS,13,"22,0","0,0","18,2",05:50,"25,7",14:00,04,"5,0","13,6",14:00,"11,7","1017,6",00,"1015,1",19
2015-05-28,C619Y,LA ALDEA DE SAN NICOLÁS,LAS PALMAS,13,"22,6","0,0","18,7",05:50,"26,5",15:20,06,"4,2","14,7",17:30,"10,5","1017,3",23,"1014,8",04
2015-05-29,C619Y,LA ALDEA DE SAN NICOLÁS,LAS PALMAS,13,"21,4","0,0","19,1",Varias,"23,7",13:20,01,"7,8","16,7",18:10,"12,6","1018,2",11,"1015,2",19
2015-05-30,C619Y,LA ALDEA DE SAN NICOLÁS,LAS PALMAS,13,"20,0","0,0","16,3",05:30,"23,6",14:20,04,"7,8","17,8",16:20,"12,5","1019,0",23,"1015,5",Varias
2015-05-31,C619Y,LA ALDEA DE SAN NICOLÁS,LAS PALMAS,13,"21,0","0,0","18,6",Varias,"23,3",15:40,04,"9,7","21,4",17:50,"12,5","1020,9",23,"1017,4",03
2015-06-01,C619Y,LA ALDEA DE SAN NICOLÁS,LAS PALMAS,13,"21,2","0,0","18,3",06:00,"24,2",13:30,13,"7,5","23,3",15:50,"11,0","1020,7",00,"1017,0",19
2015-06-02,C619Y,LA ALDEA DE SAN NICOLÁS,LAS PALMAS,13,"21,6","0,0","18,5",07:00,"24,6",12:50,09,"7,2","22,5",02:10,"8,4","1018,1",00,"1014,8",19
2015-06-03,C619Y,LA ALDEA DE SAN NICOLÁS,LAS PALMAS,13,"21,2","0,0","18,7",05:00,"23,6",14:50,04,"7,8","19,7",18:30,"11,9","1017,2",10,"1014,8",17
2015-06-04,C619Y,LA ALDEA DE SAN NICOLÁS,LAS PALMAS,13,"21,0","0,0","18,9",06:40,"23,2",14:30,07,"7,8","23,1",21:20,"11,7","1016,9",00,"1013,5",19
2015-06-05,C619Y,LA ALDEA DE SAN NICOLÁS,LAS PALMAS,13,"20,2","0,2","18,5",20:00,"22,0",09:40,07,"6,4","18,3",10:50,"3,4","1014,6",00,"1012,0",18
2015-06-06,C619Y,LA ALDEA DE SAN NICOLÁS,LAS PALMAS,13,"22,4","0,0","18,6",01:00,"26,1",15:30,05,"4,7","11,7",22:10,"7,7","1015,6",24,"1011,9",Varias
2015-06-07,C619Y,LA ALDEA DE SAN NICOLÁS,LAS PALMAS,13,"22,0","0,0","19,7",23:59,"24,4",12:50,01,"6,7","16,9",15:00,"12,1","1018,2",24,"1013,9",04
2015-06-08,C619Y,LA ALDEA DE SAN NICOLÁS,LAS PALMAS,13,"21,5","0,0","19,0",03:50,"24,0",14:00,36,"6,9","15,8",11:30,"11,0","1018,0",00,"1015,6",17
2015-06-09,C619Y,LA ALDEA DE SAN NICOLÁS,LAS PALMAS,13,"20,7","0,0","16,9",06:30,"24,5",14:10,02,"5,6","15,3",11:50,"12,3","1017,8",00,"1015,1",19
2015-06-10,C619Y,LA ALDEA DE SAN NICOLÁS,LAS PALMAS,13,"22,4","0,0","18,9",03:00,"25,9",14:20,34,"4,7","10,6",18:30,"11,0","1016,9",23,"1015,1",04
2015-06-11,C619Y,LA ALDEA DE SAN NICOLÁS,LAS PALMAS,13,"20,5","0,0","15,6",04:30,"25,4",14:00,99,"3,3","8,9",Varias,"11,1","1018,4",23,"1015,8",04
2015-06-12,C619Y,LA ALDEA DE SAN NICOLÁS,LAS PALMAS,13,"20,6","0,0","15,4",06:20,"25,7",16:50,34,"2,2","8,6",18:10,"12,4","1018,5",12,"1016,1",19
2015-06-13,C619Y,LA ALDEA DE SAN NICOLÁS,LAS PALMAS,13,"22,3","0,0","17,4",06:40,"27,2",13:30,04,"3,9","11,4",19:20,"12,6","1018,4",12,"1016,3",03
2015-06-14,C619Y,LA ALDEA DE SAN NICOLÁS,LAS PALMAS,13,"22,9","0,0","19,7",06:30,"26,1",15:40,07,"4,2","15,8",18:50,"12,3","1020,5",23,"1016,4",05
2015-06-15,C619Y,LA ALDEA DE SAN NICOLÁS,LAS PALMAS,13,"22,4","0,0","19,5",02:00,"25,4",14:00,08,"5,6","21,1",12:10,"12,1","1021,2",23,"1018,8",Varias
2015-06-16,C619Y,LA ALDEA DE SAN NICOLÁS,LAS PALMAS,13,"22,7","0,0","19,7",05:00,"25,7",14:20,07,"6,7","23,6",18:10,"12,4","1021,0",00,"1017,2",17
2015-06-17,C619Y,LA ALDEA DE SAN NICOLÁS,LAS PALMAS,13,"22,3","0,0","19,6",06:00,"25,0",14:40,05,"7,5","20,3",00:50,"12,6","1019,0",00,"1016,6",Varias
2015-06-18,C619Y,LA ALDEA DE SAN NICOLÁS,LAS PALMAS,13,"21,2","0,0","18,3",06:30,"24,2",13:30,04,"6,7","16,7",14:50,"12,6","1017,7",09,"1015,1",18
2015-06-19,C619Y,LA ALDEA DE SAN NICOLÁS,LAS PALMAS,13,"20,8","0,0","17,3",06:50,"24,3",14:50,36,"6,7","16,7",12:00,"12,6","1018,2",24,"1016,0",Varias
2015-06-20,C619Y,LA ALDEA DE SAN NICOLÁS,LAS PALMAS,13,"20,9","0,0","17,2",04:50,"24,6",15:20,04,"6,9","16,4",10:40,"12,5","1018,7",23,"1016,5",17
2015-06-21,C619Y,LA ALDEA DE SAN NICOLÁS,LAS PALMAS,13,"21,8","0,0","18,7",07:00,"25,0",14:30,01,"5,8","14,4",13:50,"12,0","1018,9",23,"1016,9",17
2015-06-22,C619Y,LA ALDEA DE SAN NICOLÁS,LAS PALMAS,13,"22,5","0,0","19,8",06:00,"25,2",14:50,99,"7,8","16,4",Varias,"12,4","1020,8",23,"1017,4",03
2015-06-23,C619Y,LA ALDEA DE SAN NICOLÁS,LAS PALMAS,13,"23,6","0,0","20,0",04:40,"27,3",14:50,10,"6,7","18,3",20:50,"12,7","1020,6",23,"1017,8",16
2015-06-24,C619Y,LA ALDEA DE SAN NICOLÁS,LAS PALMAS,13,"23,2","0,0","19,9",06:00,"26,6",15:30,07,"5,8","18,9",14:40,"12,7","1020,9",23,"1018,4",04
2015-06-29,C619Y,LA ALDEA DE SAN NICOLÁS,LAS PALMAS,13,"22,8","0,0","18,8",06:00,"26,7",14:40,03,"6,7","16,7",16:00,"11,9","1018,0",01,"1015,1",17
2015-06-30,C619Y,LA ALDEA DE SAN NICOLÁS,LAS PALMAS,13,"23,0","0,0","20,0",06:00,"26,0",15:50,01,"6,7","18,3",13:00,"11,8","1017,0",23,"1014,4",04
2015-07-01,C619Y,LA ALDEA DE SAN NICOLÁS,LAS PALMAS,13,"22,5","0,2","20,1",04:40,"24,9",15:30,04,"9,4","21,1",15:00,"12,7","1018,0",23,"1014,6",04
2015-07-02,C619Y,LA ALDEA DE SAN NICOLÁS,LAS PALMAS,13,"24,7","0,0","21,2",05:00,"28,2",13:10,05,"8,6","22,2",12:40,"12,5","1019,1",23,"1015,7",Varias
2015-07-03,C619Y,LA ALDEA DE SAN NICOLÁS,LAS PALMAS,13,"23,0","0,0","20,8",06:00,"25,2",16:20,06,"10,0","20,0",15:30,"12,6","1019,7",23,"1016,8",06
2015-07-04,C619Y,LA ALDEA DE SAN NICOLÁS,LAS PALMAS,13,"21,7","0,0","18,7",05:00,"24,7",15:00,04,"9,7","21,4",17:50,"12,6","1019,5",00,"1015,9",Varias
2015-07-05,C619Y,LA ALDEA DE SAN NICOLÁS,LAS PALMAS,13,"23,3","0,0","20,7",Varias,"25,9",15:50,36,"12,2","24,4",11:10,"12,5","1016,7",00,"1012,1",19
2015-07-06,C619Y,LA ALDEA DE SAN NICOLÁS,LAS PALMAS,13,"23,1","0,0","20,1",05:50,"26,1",15:00,02,"9,7","21,1",12:50,"11,1","1013,2",00,"1010,2",18
2015-07-07,C619Y,LA ALDEA DE SAN NICOLÁS,LAS PALMAS,13,"28,7","0,0","22,0",06:00,"35,4",18:20,02,"5,6","19,7",04:40,"9,4","1012,3",Varias,"1009,5",Varias
2015-07-08,C619Y,LA ALDEA DE SAN NICOLÁS,LAS PALMAS,13,"27,5","0,0","20,8",05:10,"34,2",14:40,02,"3,3","15,6",17:10,"11,9","1013,6",23,"1011,0",17
2015-07-09,C619Y,LA ALDEA DE SAN NICOLÁS,LAS PALMAS,13,"23,6","0,0","19,9",04:50,"27,3",16:00,02,"8,6","20,3",14:40,"12,2","1016,3",23,"1012,6",04
2015-07-10,C619Y,LA ALDEA DE SAN NICOLÁS,LAS PALMAS,13,"23,6","0,0","21,7",23:50,"25,6",13:30,02,"12,8","23,9",15:20,"11,8","1018,5",23,"1014,7",05
2015-07-11,C619Y,LA ALDEA DE SAN NICOLÁS,LAS PALMAS,13,"22,9","0,0","21,0",Varias,"24,8",14:10,36,"13,3","26,1",12:20,"12,4","1018,4",00,"1016,0",18
2015-07-12,C619Y,LA ALDEA DE SAN NICOLÁS,LAS PALMAS,13,"23,3","0,0","21,4",07:00,"25,2",11:50,04,"14,4","28,3",13:40,"11,8","1017,0",00,"1014,8",16
2015-07-13,C619Y,LA ALDEA DE SAN NICOLÁS,LAS PALMAS,13,"23,5","0,0","21,2",03:00,"25,8",14:00,01,"10,8","24,4",15:40,"11,7","1015,8",11,"1013,4",17
2015-07-14,C619Y,LA ALDEA DE SAN NICOLÁS,LAS PALMAS,13,"24,0","0,0","21,5",Varias,"26,4",14:30,36,"9,4","19,4",13:20,"10,6","1015,0",00,"1012,7",Varias
2015-07-15,C619Y,LA ALDEA DE SAN NICOLÁS,LAS PALMAS,13,"25,4","0,0","21,5",06:20,"29,2",17:40,36,"9,7","22,2",15:10,"10,9","1014,4",00,"1011,6",18
2015-07-16,C619Y,LA ALDEA DE SAN NICOLÁS,LAS PALMAS,13,"23,6","0,0","20,8",06:10,"26,3",14:30,02,"9,7","20,3",15:50,"12,3","1015,2",23,"1012,7",02
2015-07-17,C619Y,LA ALDEA DE SAN NICOLÁS,LAS PALMAS,13,"23,2","0,0","19,4",05:50,"26,9",17:20,01,"6,9","17,8",14:20,"12,4","1018,3",Varias,"1014,3",Varias
2015-07-18,C619Y,LA ALDEA DE SAN NICOLÁS,LAS PALMAS,13,"22,2","0,0","18,7",07:00,"25,6",13:50,01,"9,2","22,2",15:20,"12,3","1018,8",23,"1016,5",17
2015-07-19,C619Y,LA ALDEA DE SAN NICOLÁS,LAS PALMAS,13,"24,7","0,0","21,8",02:50,"27,6",12:30,10,"8,9","23,6",17:00,"10,7","1018,8",09,"1015,1",19
2015-07-20,C619Y,LA ALDEA DE SAN NICOLÁS,LAS PALMAS,13,"25,0","0,0","22,3",05:00,"27,7",13:40,06,"8,1","25,8",12:40,"12,2","1016,3",00,"1012,0",17
2015-07-21,C619Y,LA ALDEA DE SAN NICOLÁS,LAS PALMAS,13,"24,4",,"22,2",04:00,"26,6",13:50,05,"9,7","22,8",17:30,"11,0","1013,9",12,"1012,0",19
2015-08-19,C619Y,LA ALDEA DE SAN NICOLÁS,LAS PALMAS,13,,,,,,,,"6,7",,,"11,7",,,,
2015-08-27,C619Y,LA ALDEA DE SAN NICOLÁS,LAS PALMAS,13,"25,9","0,0","22,9",06:00,"28,9",14:50,,,,,"11,8","1016,9",10,"1013,9",16
2015-08-28,C619Y,LA ALDEA DE SAN NICOLÁS,LAS PALMAS,13,"25,8","0,0","22,6",04:40,"29,1",14:10,,,,,"11,8","1016,3",00,"1012,7",15
2015-08-29,C619Y,LA ALDEA DE SAN NICOLÁS,LAS PALMAS,13,"25,6","0,0","23,1",07:00,"28,2",15:30,,"4,7",,,"11,7","1014,8",24,"1012,1",17
2015-08-30,C619Y,LA ALDEA DE SAN NICOLÁS,LAS PALMAS,13,"24,0","0,0","19,6",07:00,"28,3",14:40,04,"4,7","13,6",23:50,"11,8","1016,6",21,"1012,9",Varias
2015-08-31,C619Y,LA ALDEA DE SAN NICOLÁS,LAS PALMAS,13,"25,3","0,0","21,0",07:30,"29,6",13:00,04,"5,6","16,4",14:00,"11,0","1018,5",22,"1014,5",06
2015-09-01,C619Y,LA ALDEA DE SAN NICOLÁS,LAS PALMAS,13,"25,2","0,0","21,7",07:20,"28,7",12:40,07,"6,4","20,6",00:30,"11,6","1018,2",10,"1015,7",18
2015-09-02,C619Y,LA ALDEA DE SAN NICOLÁS,LAS PALMAS,13,"26,6","0,0","23,2",06:00,"29,9",14:30,07,"8,1","21,7",12:00,"11,8","1017,7",23,"1015,3",17
2015-09-03,C619Y,LA ALDEA DE SAN NICOLÁS,LAS PALMAS,13,"24,8","0,0","19,7",06:20,"30,0",14:30,07,"6,9","21,7",20:30,"11,8","1017,8",22,"1015,2",05
2015-09-04,C619Y,LA ALDEA DE SAN NICOLÁS,LAS PALMAS,13,"25,0","0,0","22,8",06:00,"27,2",12:10,10,"8,3","20,0",00:10,"11,8","1017,7",10,"1015,2",18
2015-09-05,C619Y,LA ALDEA DE SAN NICOLÁS,LAS PALMAS,13,"24,7","0,0","20,7",06:20,"28,7",14:40,04,"8,1","17,8",03:20,"11,8","1017,7",10,"1014,8",03
2015-09-06,C619Y,LA ALDEA DE SAN NICOLÁS,LAS PALMAS,13,"25,4","0,0","20,4",07:30,"30,5",13:50,03,"4,7","13,9",22:30,"11,7","1017,8",Varias,"1015,7",Varias
2015-09-07,C619Y,LA ALDEA DE SAN NICOLÁS,LAS PALMAS,13,"25,9","0,0","21,0",07:20,"30,8",14:40,27,"3,3","10,3",10:50,"11,6","1017,1",11,"1015,8",04
2015-09-08,C619Y,LA ALDEA DE SAN NICOLÁS,LAS PALMAS,13,"24,5","0,0","19,9",05:50,"29,1",15:00,10,"3,3","18,1",22:50,"11,5","1017,7",10,"1015,1",19
2015-09-09,C619Y,LA ALDEA DE SAN NICOLÁS,LAS PALMAS,13,"26,3","0,0","22,6",06:00,"30,0",14:20,05,"5,0","16,7",20:00,"11,6","1016,4",10,"1013,7",17
2015-09-10,C619Y,LA ALDEA DE SAN NICOLÁS,LAS PALMAS,13,"24,8","0,0","22,4",06:00,"27,3",14:00,07,"6,9","18,1",19:00,"11,4","1016,4",12,"1014,0",04
2015-09-11,C619Y,LA ALDEA DE SAN NICOLÁS,LAS PALMAS,13,"27,4","0,0","23,4",03:00,"31,4",16:30,07,"4,7","15,6",05:20,"11,3","1015,9",00,"1014,2",15
2015-09-12,C619Y,LA ALDEA DE SAN NICOLÁS,LAS PALMAS,13,"25,9","0,0","22,1",04:50,"29,7",14:50,04,"4,2","11,7",19:10,"11,6","1016,5",11,"1013,8",04
2015-09-13,C619Y,LA ALDEA DE SAN NICOLÁS,LAS PALMAS,13,"24,2","0,0","19,1",06:40,"29,3",15:10,01,"3,3","11,1",19:00,"11,5","1018,1",23,"1014,4",04
2015-09-14,C619Y,LA ALDEA DE SAN NICOLÁS,LAS PALMAS,13,"24,0","0,0","19,6",06:50,"28,5",13:00,08,"3,3","12,5",21:40,"9,3","1018,4",11,"1015,8",06
2015-09-15,C619Y,LA ALDEA DE SAN NICOLÁS,LAS PALMAS,13,"25,9","0,2","20,8",07:30,"31,0",15:10,06,"3,9","13,3",16:00,"11,5","1017,5",00,"1014,5",18
2015-09-16,C619Y,LA ALDEA DE SAN NICOLÁS,LAS PALMAS,13,"26,8","0,0","23,5",Varias,"30,2",14:50,01,"3,9","11,7",16:20,"10,1","1015,4",00,"1013,1",Varias
2015-09-17,C619Y,LA ALDEA DE SAN NICOLÁS,LAS PALMAS,13,"26,8","0,4","23,7",05:50,"30,0",14:10,09,"3,6","11,4",19:20,"10,5","1015,2",10,"1013,0",04
2015-09-18,C619Y,LA ALDEA DE SAN NICOLÁS,LAS PALMAS,13,"24,6","0,8","22,0",08:00,"27,3",17:30,04,"3,6","13,6",20:30,"1,7","1015,7",11,"1012,9",03
2015-09-19,C619Y,LA ALDEA DE SAN NICOLÁS,LAS PALMAS,13,"25,4","0,0","21,7",06:20,"29,1",13:30,07,"4,2","15,8",16:40,"10,7","1017,1",10,"1014,5",03
2015-09-20,C619Y,LA ALDEA DE SAN NICOLÁS,LAS PALMAS,13,"22,5","0,0","17,6",07:20,"27,4",11:30,35,"5,8","15,6",13:30,"11,2","1016,1",Varias,"1013,1",Varias
2015-09-21,C619Y,LA ALDEA DE SAN NICOLÁS,LAS PALMAS,13,"25,6","0,0","20,7",02:50,"30,5",16:20,01,"3,6","13,3",11:50,"10,2","1014,4",10,"1012,2",19
2015-09-22,C619Y,LA ALDEA DE SAN NICOLÁS,LAS PALMAS,13,"27,0","2,4","22,1",03:00,"31,9",15:50,25,"2,8","8,3",12:40,"7,9","1015,2",10,"1011,7",16
2015-09-23,C619Y,LA ALDEA DE SAN NICOLÁS,LAS PALMAS,13,"25,5","0,0","20,0",06:00,"31,0",10:30,29,"3,6","9,4",13:30,"10,9","1015,3",23,"1012,5",04
2015-09-24,C619Y,LA ALDEA DE SAN NICOLÁS,LAS PALMAS,13,"26,2","0,0","23,1",01:40,"29,3",14:30,24,"2,2","8,3",14:00,"2,2","1016,4",Varias,"1013,4",03
2015-09-25,C619Y,LA ALDEA DE SAN NICOLÁS,LAS PALMAS,13,"26,2","0,0","23,3",23:40,"29,2",14:50,01,"2,2","8,9",23:59,"4,9","1016,7",11,"1013,5",04
2015-09-26,C619Y,LA ALDEA DE SAN NICOLÁS,LAS PALMAS,13,"24,2","0,0","20,8",05:00,"27,7",14:50,01,"4,7","14,2",17:30,"4,2","1015,2",00,"1012,9",17
2015-09-27,C619Y,LA ALDEA DE SAN NICOLÁS,LAS PALMAS,13,"26,0","0,0","22,6",06:00,"29,3",14:50,09,"5,0","15,8",16:40,"10,1","1015,4",10,"1012,6",04
2015-09-28,C619Y,LA ALDEA DE SAN NICOLÁS,LAS PALMAS,13,"24,3","0,0","19,7",07:30,"28,9",16:00,31,"2,8","13,1",14:20,"10,5","1014,4",00,"1011,8",17
2015-09-29,C619Y,LA ALDEA DE SAN NICOLÁS,LAS PALMAS,13,"22,8","0,0","18,0",05:00,"27,6",15:30,34,"2,5","7,5",14:00,"10,6","1014,0",Varias,"1011,8",Varias
2015-09-30,C619Y,LA ALDEA DE SAN NICOLÁS,LAS PALMAS,13,"22,6","0,0","17,5",07:00,"27,8",13:00,01,"2,8","8,6",11:50,"11,0","1017,1",22,"1013,6",05
2015-10-01,C619Y,LA ALDEA DE SAN NICOLÁS,LAS PALMAS,13,"23,2","0,0","18,6",07:00,"27,7",12:30,29,"2,8","6,4",13:10,"9,2","1018,2",22,"1015,2",03
2015-10-02,C619Y,LA ALDEA DE SAN NICOLÁS,LAS PALMAS,13,"23,9","0,0","19,5",06:50,"28,3",14:00,29,"3,3","8,1",15:30,"10,7","1017,8",11,"1014,5",15
2015-10-03,C619Y,LA ALDEA DE SAN NICOLÁS,LAS PALMAS,13,"26,2","0,0","21,2",06:20,"31,3",15:40,27,"3,1","8,1",16:00,"8,7","1016,5",00,"1013,0",17
2015-10-04,C619Y,LA ALDEA DE SAN NICOLÁS,LAS PALMAS,13,"27,1","0,0","23,0",05:30,"31,2",16:10,02,"3,1","12,5",10:00,"4,7","1018,7",21,"1013,9",04
2015-10-05,C619Y,LA ALDEA DE SAN NICOLÁS,LAS PALMAS,13,"27,2","0,0","22,2",07:40,"32,2",12:50,35,"5,3","16,1",15:10,"9,6","1019,7",10,"1016,7",03
2015-10-06,C619Y,LA ALDEA DE SAN NICOLÁS,LAS PALMAS,13,"25,2","0,0","22,4",07:40,"28,0",12:20,01,"6,9","16,1",13:00,"10,5","1018,8",11,"1016,4",17
2015-10-07,C619Y,LA ALDEA DE SAN NICOLÁS,LAS PALMAS,13,"25,8","0,0","22,3",00:50,"29,2",14:20,10,"5,0","17,2",18:20,"10,8","1018,0",10,"1015,0",16
2015-10-08,C619Y,LA ALDEA DE SAN NICOLÁS,LAS PALMAS,13,"24,2","0,0","20,4",05:00,"28,1",13:50,10,"4,4","15,8",02:10,"10,7","1017,5",10,"1014,7",17
2015-10-09,C619Y,LA ALDEA DE SAN NICOLÁS,LAS PALMAS,13,"23,6","0,0","19,4",07:30,"27,9",12:30,09,"4,4","10,0",02:50,"10,7","1015,8",00,"1012,8",18
2015-10-10,C619Y,LA ALDEA DE SAN NICOLÁS,LAS PALMAS,13,"24,4","0,0","19,3",06:30,"29,5",12:50,27,"3,6","10,8",13:30,"9,5","1013,6",00,"1010,9",15
2015-10-11,C619Y,LA ALDEA DE SAN NICOLÁS,LAS PALMAS,13,"24,4","3,2","21,1",06:00,"27,8",13:30,04,"3,9","11,7",13:10,"4,7","1013,1",10,"1010,7",05
2015-10-12,C619Y,LA ALDEA DE SAN NICOLÁS,LAS PALMAS,13,"24,2","0,2","20,9",07:50,"27,4",13:40,99,"5,0","10,0",Varias,"6,3","1015,3",11,"1012,0",04
2015-10-13,C619Y,LA ALDEA DE SAN NICOLÁS,LAS PALMAS,13,"25,0","0,0","21,7",23:59,"28,2",15:40,05,"4,2","11,7",14:50,"10,1","1015,7",11,"1013,3",04
2015-10-14,C619Y,LA ALDEA DE SAN NICOLÁS,LAS PALMAS,13,"23,2","0,0","19,5",02:40,"27,0",13:00,26,"3,6","10,3",15:00,"5,5","1015,0",00,"1011,8",18
2015-10-15,C619Y,LA ALDEA DE SAN NICOLÁS,LAS PALMAS,13,"25,0","19,4","18,7",05:00,"31,4",12:50,15,"2,5","10,6",15:10,"6,0","1012,4",00,"1008,6",16
2015-10-16,C619Y,LA ALDEA DE SAN NICOLÁS,LAS PALMAS,13,"24,8","17,0","22,0",03:40,"27,5",14:20,22,"4,7","21,7",10:10,"2,0","1009,7",23,"1006,2",15
2015-10-17,C619Y,LA ALDEA DE SAN NICOLÁS,LAS PALMAS,13,"26,0","0,0","22,9",05:20,"29,0",15:30,22,"3,1","10,3",22:10,"9,3","1012,6",Varias,"1008,8",03
2015-10-18,C619Y,LA ALDEA DE SAN NICOLÁS,LAS PALMAS,13,"24,8","2,8","21,5",10:20,"28,0",14:00,25,"3,1","12,2",12:20,"8,0","1013,5",10,"1010,7",05
2015-10-19,C619Y,LA ALDEA DE SAN NICOLÁS,LAS PALMAS,13,"24,0","0,2","19,7",05:40,"28,4",14:10,10,"2,8","11,4",11:10,"5,4","1015,0",11,"1011,6",03
2015-10-20,C619Y,LA ALDEA DE SAN NICOLÁS,LAS PALMAS,13,"22,8","0,4","18,7",07:30,"26,8",14:50,04,"3,1","8,6",23:10,"9,6","1013,6",00,"1010,2",Varias
2015-10-21,C619Y,LA ALDEA DE SAN NICOLÁS,LAS PALMAS,13,"22,6","0,2","18,0",05:00,"27,2",14:10,27,"3,6","9,4",16:00,"8,0","1011,9",23,"1009,3",Varias
2015-10-22,C619Y,LA ALDEA DE SAN NICOLÁS,LAS PALMAS,13,"23,2","0,0","19,0",07:20,"27,3",11:00,02,"3,9","8,3",14:40,"6,6","1014,6",22,"1010,7",Varias
2015-10-23,C619Y,LA ALDEA DE SAN NICOLÁS,LAS PALMAS,13,"22,2","10,8","17,1",07:40,"27,3",11:00,24,"3,1","16,4",15:00,"4,4","1014,2",00,"1012,2",18
2015-10-24,C619Y,LA ALDEA DE SAN NICOLÁS,LAS PALMAS,13,"22,8","0,0","19,2",07:50,"26,5",17:00,06,"2,5","10,8",17:00,"8,5","1015,4",22,"1012,4",03
2015-10-25,C619Y,LA ALDEA DE SAN NICOLÁS,LAS PALMAS,13,"22,8","0,0","18,9",07:20,"26,7",14:20,31,"3,1","11,7",14:40,"9,9","1017,0",24,"1013,7",04
2015-10-26,C619Y,LA ALDEA DE SAN NICOLÁS,LAS PALMAS,13,"22,0","0,0","17,4",07:00,"26,7",13:30,04,"4,2","10,3",19:30,"9,9","1017,9",22,"1015,2",16
2015-10-27,C619Y,LA ALDEA DE SAN NICOLÁS,LAS PALMAS,13,"21,6","1,0","16,4",07:00,"26,8",Varias,04,"3,3","12,2",17:20,"9,8","1018,5",23,"1016,3",05
2015-10-28,C619Y,LA ALDEA DE SAN NICOLÁS,LAS PALMAS,13,"21,8","0,6","17,7",07:00,"25,9",14:40,04,"3,9","9,7",17:50,"4,7","1019,3",11,"1016,5",Varias
2015-10-29,C619Y,LA ALDEA DE SAN NICOLÁS,LAS PALMAS,13,"21,7","0,0","16,9",07:30,"26,5",15:20,25,"2,8","8,3",13:00,"8,2","1017,8",00,"1015,5",15
2015-10-30,C619Y,LA ALDEA DE SAN NICOLÁS,LAS PALMAS,13,"21,6","0,8","18,3",23:50,"25,0",14:00,27,"2,5","8,9",14:10,"3,1","1017,2",11,"1014,3",05
2015-10-31,C619Y,LA ALDEA DE SAN NICOLÁS,LAS PALMAS,13,"19,7","41,2","18,2",16:30,"21,2",05:10,09,"5,0","18,9",15:50,"1,7","1018,7",Varias,"1016,0",05
2015-11-01,C619Y,LA ALDEA DE SAN NICOLÁS,LAS PALMAS,13,"19,6","0,0","15,5",23:50,"23,6",13:20,07,"5,0","16,1",00:40,"9,6","1018,8",Varias,"1016,3",16
2015-11-02,C619Y,LA ALDEA DE SAN NICOLÁS,LAS PALMAS,13,"19,3","0,0","14,1",06:40,"24,5",14:20,35,"2,2","10,0",12:30,"8,5","1019,2",Varias,"1016,4",Varias
2015-11-03,C619Y,LA ALDEA DE SAN NICOLÁS,LAS PALMAS,13,"19,6","0,0","14,2",07:10,"25,0",13:30,03,"3,6","8,9",13:30,"9,5","1021,3",Varias,"1018,3",04
2015-11-04,C619Y,LA ALDEA DE SAN NICOLÁS,LAS PALMAS,13,"19,8","0,0","14,2",07:00,"25,5",15:40,05,"4,2","11,9",17:20,"10,1","1021,4",10,"1018,7",17
2015-11-05,C619Y,LA ALDEA DE SAN NICOLÁS,LAS PALMAS,13,"20,3","0,0","15,1",07:30,"25,5",15:10,02,"4,2","11,4",18:40,"10,0","1020,6",00,"1018,2",18
2015-11-06,C619Y,LA ALDEA DE SAN NICOLÁS,LAS PALMAS,13,"20,7","0,0","14,8",07:40,"26,6",14:40,03,"4,7","12,2",16:50,"10,1","1020,3",Varias,"1017,5",15
2015-11-07,C619Y,LA ALDEA DE SAN NICOLÁS,LAS PALMAS,13,"20,2","0,0","14,8",07:00,"25,7",15:00,36,"3,9","12,2",13:30,"10,0","1019,2",00,"1016,2",16
2015-11-08,C619Y,LA ALDEA DE SAN NICOLÁS,LAS PALMAS,13,"19,7","0,0","13,9",07:40,"25,5",14:30,04,"4,7","14,2",13:00,"9,8","1021,6",24,"1016,6",04
2015-11-09,C619Y,LA ALDEA DE SAN NICOLÁS,LAS PALMAS,13,"22,0","0,0","16,1",07:40,"28,0",17:00,31,"2,5","6,4",15:10,"8,6","1024,8",11,"1021,4",04
2015-11-10,C619Y,LA ALDEA DE SAN NICOLÁS,LAS PALMAS,13,"22,4","0,0","16,1",03:50,"28,6",11:00,25,"2,5","7,8",16:00,"8,9","1023,7",00,"1020,2",17
2015-11-11,C619Y,LA ALDEA DE SAN NICOLÁS,LAS PALMAS,13,"22,8","0,0","17,2",04:00,"28,4",14:30,04,"2,5","7,5",02:00,"4,1","1021,3",00,"1016,4",18
2015-11-12,C619Y,LA ALDEA DE SAN NICOLÁS,LAS PALMAS,13,"22,3","0,0","15,1",07:20,"29,5",12:50,36,"3,6","13,9",14:00,"9,2","1018,5",24,"1014,7",16
2015-11-13,C619Y,LA ALDEA DE SAN NICOLÁS,LAS PALMAS,13,"23,2","0,0","17,4",07:50,"29,1",15:00,04,"2,5","10,8",02:20,"3,5","1020,3",22,"1017,5",15
2015-11-14,C619Y,LA ALDEA DE SAN NICOLÁS,LAS PALMAS,13,"22,9","0,0","17,0",08:00,"28,8",15:50,11,"2,8","6,9",01:30,"5,9","1021,6",11,"1018,3",17
2015-11-15,C619Y,LA ALDEA DE SAN NICOLÁS,LAS PALMAS,13,"22,2","0,0","16,0",07:30,"28,4",15:20,02,"3,1","5,8",17:30,"8,3","1021,5",Varias,"1018,2",06
2015-11-16,C619Y,LA ALDEA DE SAN NICOLÁS,LAS PALMAS,13,"20,6","0,0","14,2",07:50,"26,9",15:30,27,"2,5","6,7",11:10,"9,4","1022,1",10,"1019,9",16
2015-11-17,C619Y,LA ALDEA DE SAN NICOLÁS,LAS PALMAS,13,"19,5","0,0","13,4",07:00,"25,6",14:20,07,"4,4","17,5",11:10,"8,8","1022,0",00,"1019,0",15
2015-11-18,C619Y,LA ALDEA DE SAN NICOLÁS,LAS PALMAS,13,"20,4","0,0","14,6",07:00,"26,1",15:50,06,"3,3","12,5",00:50,"9,4","1022,3",Varias,"1020,0",04
2015-11-19,C619Y,LA ALDEA DE SAN NICOLÁS,LAS PALMAS,13,"19,7","0,0","12,3",07:30,"27,1",12:40,02,"4,7","13,3",13:20,"9,3","1024,9",24,"1021,6",Varias
2015-11-20,C619Y,LA ALDEA DE SAN NICOLÁS,LAS PALMAS,13,"20,4","0,0","12,4",07:40,"28,3",14:30,05,"3,6","14,7",01:30,"9,4","1026,6",10,"1023,6",Varias
2015-11-21,C619Y,LA ALDEA DE SAN NICOLÁS,LAS PALMAS,13,"20,0","0,0","15,3",08:00,"24,7",13:00,07,"6,4","20,6",17:10,"9,4","1025,9",00,"1020,9",17
2015-11-22,C619Y,LA ALDEA DE SAN NICOLÁS,LAS PALMAS,13,"22,0","0,4","18,4",20:00,"25,7",12:20,10,"7,5","20,8",19:10,"3,7","1021,1",00,"1015,7",18
2015-11-23,C619Y,LA ALDEA DE SAN NICOLÁS,LAS PALMAS,13,"20,8","0,2","18,0",08:00,"23,6",14:00,09,"6,9","22,2",17:40,"4,0","1019,6",24,"1015,7",04
2015-11-24,C619Y,LA ALDEA DE SAN NICOLÁS,LAS PALMAS,13,"21,4","0,0","18,3",03:30,"24,5",16:00,06,"5,6","15,3",13:40,"4,2","1024,2",24,"1019,2",02
2015-11-25,C619Y,LA ALDEA DE SAN NICOLÁS,LAS PALMAS,13,"20,8","0,0","17,9",23:30,"23,7",14:40,07,"7,5","18,3",15:40,"8,7","1027,1",11,"1023,7",16
2015-11-26,C619Y,LA ALDEA DE SAN NICOLÁS,LAS PALMAS,13,"18,6","0,0","12,9",07:50,"24,3",13:20,06,"5,3","17,2",13:30,"8,8","1024,0",00,"1019,3",Varias
2015-11-27,C619Y,LA ALDEA DE SAN NICOLÁS,LAS PALMAS,13,"19,9","0,0","15,5",06:10,"24,3",11:10,09,"3,9","14,4",17:20,"3,8","1019,4",00,"1015,5",17
2015-11-28,C619Y,LA ALDEA DE SAN NICOLÁS,LAS PALMAS,13,"20,2","0,0","15,5",23:59,"24,9",13:50,04,"5,6","14,7",15:10,"6,5","1020,4",24,"1016,2",04
2015-11-29,C619Y,LA ALDEA DE SAN NICOLÁS,LAS PALMAS,13,"19,2","0,0","14,5",08:00,"24,0",13:10,27,"2,5","6,1",13:20,"2,0","1022,9",Varias,"1018,8",05
2015-11-30,C619Y,LA ALDEA DE SAN NICOLÁS,LAS PALMAS,13,"19,6","0,0","13,1",07:40,"26,1",14:40,26,"2,8","7,8",11:20,"8,6","1024,8",12,"1022,1",17
2015-12-01,C619Y,LA ALDEA DE SAN NICOLÁS,LAS PALMAS,13,"20,2","0,0","14,0",07:00,"26,3",13:10,33,"1,9","6,4",14:40,"4,8","1025,2",23,"1023,0",05
2015-12-02,C619Y,LA ALDEA DE SAN NICOLÁS,LAS PALMAS,13,"19,8","0,0","15,0",08:00,"24,5",15:00,02,"2,5","7,8",03:40,"9,1","1025,1",00,"1021,6",17
2015-12-03,C619Y,LA ALDEA DE SAN NICOLÁS,LAS PALMAS,13,"18,2","0,0","12,0",07:20,"24,5",14:00,25,"2,8","6,7",13:30,"8,7","1023,7",23,"1021,3",Varias
2015-12-04,C619Y,LA ALDEA DE SAN NICOLÁS,LAS PALMAS,13,"18,8","0,0","12,4",04:50,"25,2",13:10,99,"2,5","5,0",Varias,"8,4","1025,2",Varias,"1022,5",04
2015-12-05,C619Y,LA ALDEA DE SAN NICOLÁS,LAS PALMAS,13,"18,6","0,0","12,4",07:40,"24,7",15:40,24,"2,5","4,7",13:30,"3,7","1025,4",Varias,"1021,8",18
2015-12-06,C619Y,LA ALDEA DE SAN NICOLÁS,LAS PALMAS,13,"20,5","0,0","15,6",07:50,"25,4",15:50,29,"2,2","5,3",13:50,"7,2","1023,0",00,"1019,0",16
2015-12-07,C619Y,LA ALDEA DE SAN NICOLÁS,LAS PALMAS,13,"19,0","0,0","13,1",07:00,"25,0",13:50,02,"2,5","7,5",16:50,"6,2","1021,8",22,"1018,9",16
2015-12-08,C619Y,LA ALDEA DE SAN NICOLÁS,LAS PALMAS,13,"19,2","0,0","13,7",07:40,"24,7",13:00,02,"2,5","5,8",14:10,"2,4","1023,6",11,"1020,9",Varias
2015-12-09,C619Y,LA ALDEA DE SAN NICOLÁS,LAS PALMAS,13,"18,6","0,0","12,6",07:30,"24,7",14:40,25,"2,2","6,7",15:20,"7,7","1024,3",11,"1021,2",15
2015-12-10,C619Y,LA ALDEA DE SAN NICOLÁS,LAS PALMAS,13,"18,4","0,0","12,2",07:00,"24,5",13:30,03,"1,9","10,3",21:00,"7,7","1023,9",11,"1020,7",17
2015-12-11,C619Y,LA ALDEA DE SAN NICOLÁS,LAS PALMAS,13,"17,0","0,0","9,7",06:40,"24,4",14:30,02,"2,5","7,5",14:50,"8,9","1023,3",11,"1020,6",17
2015-12-12,C619Y,LA ALDEA DE SAN NICOLÁS,LAS PALMAS,13,"16,6","0,0","9,7",06:20,"23,6",14:10,26,"2,8","5,8",12:20,"8,8","1022,0",00,"1018,7",Varias
2015-12-13,C619Y,LA ALDEA DE SAN NICOLÁS,LAS PALMAS,13,"17,7","0,0","9,5",08:00,"25,9",14:10,30,"2,5","8,6",12:30,"6,9","1020,1",00,"1015,7",15
2015-12-14,C619Y,LA ALDEA DE SAN NICOLÁS,LAS PALMAS,13,"19,2","0,0","9,4",07:40,"29,1",15:00,14,"2,8","11,1",15:00,"8,7","1018,3",23,"1014,6",15
2015-12-15,C619Y,LA ALDEA DE SAN NICOLÁS,LAS PALMAS,13,"18,8","0,0","10,4",06:00,"27,3",15:00,29,"2,8","6,1",13:10,"8,6","1021,8",23,"1017,3",Varias
2015-12-16,C619Y,LA ALDEA DE SAN NICOLÁS,LAS PALMAS,13,"23,1","0,0","14,6",Varias,"31,6",13:30,13,"3,3","10,3",09:50,"7,7","1024,1",23,"1020,2",02
2015-12-17,C619Y,LA ALDEA DE SAN NICOLÁS,LAS PALMAS,13,"19,0","0,0","11,7",07:10,"26,2",13:40,26,"1,9","7,5",12:40,"8,9","1025,8",11,"1022,7",Varias
2015-12-18,C619Y,LA ALDEA DE SAN NICOLÁS,LAS PALMAS,13,"19,3","0,0","12,4",23:59,"26,2",13:00,28,"3,1","8,3",12:50,"8,9","1025,5",00,"1022,3",Varias
2015-12-19,C619Y,LA ALDEA DE SAN NICOLÁS,LAS PALMAS,13,"17,8","0,0","10,0",07:40,"25,7",14:50,32,"3,6","10,8",15:40,"8,6","1023,8",00,"1020,4",18
2015-12-20,C619Y,LA ALDEA DE SAN NICOLÁS,LAS PALMAS,13,"19,0","0,6","13,8",04:00,"24,3",11:50,04,"5,6","18,1",16:30,"6,4","1024,8",23,"1020,9",15
2015-12-21,C619Y,LA ALDEA DE SAN NICOLÁS,LAS PALMAS,13,"18,1","2,8","14,7",21:40,"21,5",11:50,10,"7,2","16,7",00:50,"3,0","1024,3",00,"1021,0",Varias
2015-12-22,C619Y,LA ALDEA DE SAN NICOLÁS,LAS PALMAS,13,"18,0","0,0","11,1",06:40,"24,9",14:50,01,"2,8","8,3",00:10,"8,9","1025,5",23,"1022,2",03
2015-12-23,C619Y,LA ALDEA DE SAN NICOLÁS,LAS PALMAS,13,"18,1","0,0","10,4",07:30,"25,8",13:30,99,"3,3","11,1",Varias,"8,9","1026,4",10,"1022,9",16
2015-12-24,C619Y,LA ALDEA DE SAN NICOLÁS,LAS PALMAS,13,"16,8","0,0","9,9",04:40,"23,7",13:50,25,"3,1","8,3",15:40,"8,9","1026,5",Varias,"1023,2",Varias
2015-12-25,C619Y,LA ALDEA DE SAN NICOLÁS,LAS PALMAS,13,"17,6","0,0","10,1",05:00,"25,2",16:00,18,"3,1","9,2",22:30,"6,5","1024,1",00,"1019,7",Varias
2015-12-26,C619Y,LA ALDEA DE SAN NICOLÁS,LAS PALMAS,13,"20,7","0,0","14,9",01:20,"26,5",13:40,16,"5,8","17,8",13:00,"7,7","1020,3",00,"1015,7",15
2015-12-27,C619Y,LA ALDEA DE SAN NICOLÁS,LAS PALMAS,13,"19,4","0,0","14,0",04:40,"24,9",12:30,29,"3,3","10,6",15:40,"6,3","1022,6",24,"1016,3",06
2015-12-28,C619Y,LA ALDEA DE SAN NICOLÁS,LAS PALMAS,13,"17,2","0,0","11,9",07:50,"22,5",14:20,05,"5,3","14,4",17:40,"7,1","1027,7",Varias,"1022,2",Varias
2015-12-29,C619Y,LA ALDEA DE SAN NICOLÁS,LAS PALMAS,13,"17,2","0,0","10,7",08:10,"23,6",13:20,29,"2,8","6,4",14:20,"8,9","1030,0",Varias,"1026,9",05
2015-12-30,C619Y,LA ALDEA DE SAN NICOLÁS,LAS PALMAS,13,"16,9","0,0","10,1",07:40,"23,7",12:50,31,"1,9","5,8",13:30,"8,9","1029,7",11,"1026,0",Varias
2015-12-31,C619Y,LA ALDEA DE SAN NICOLÁS,LAS PALMAS,13,"16,1","0,0","9,5",07:30,"22,7",14:00,29,"3,3","7,8",15:30,"9,0","1026,7",00,"1022,6",17
2016-01-01,C619Y,LA ALDEA DE SAN NICOLÁS,LAS PALMAS,13,"17,0","0,0","9,6",08:00,"24,3",14:50,02,"3,9","10,6",13:10,"8,9","1025,0",11,"1021,9",17
2016-01-02,C619Y,LA ALDEA DE SAN NICOLÁS,LAS PALMAS,13,"16,1","0,0","9,2",07:00,"23,0",15:50,36,"1,9","8,1",21:20,"8,8","1025,6",Varias,"1022,5",05
2016-01-03,C619Y,LA ALDEA DE SAN NICOLÁS,LAS PALMAS,13,"16,7","0,0","9,6",08:00,"23,8",13:20,01,"3,3","14,2",15:30,"9,0","1025,1",00,"1022,4",Varias
2016-01-04,C619Y,LA ALDEA DE SAN NICOLÁS,LAS PALMAS,13,"16,3","0,0","9,8",07:30,"22,8",15:20,10,"4,4","12,5",20:20,"8,6","1024,6",00,"1020,6",16
2016-01-05,C619Y,LA ALDEA DE SAN NICOLÁS,LAS PALMAS,13,"19,6","0,6","14,2",07:00,"25,1",15:00,09,"5,0","16,1",18:10,"4,0","1022,4",23,"1018,9",16
2016-01-06,C619Y,LA ALDEA DE SAN NICOLÁS,LAS PALMAS,13,"17,1","0,0","12,5",06:40,"21,7",14:10,08,"6,9","20,0",15:40,"9,0","1023,8",11,"1020,3",16
2016-01-07,C619Y,LA ALDEA DE SAN NICOLÁS,LAS PALMAS,13,"16,2","0,0","10,4",08:40,"22,1",14:50,11,"3,3","8,9",00:50,"9,0","1022,4",00,"1018,2",15
2016-01-08,C619Y,LA ALDEA DE SAN NICOLÁS,LAS PALMAS,13,"15,8","0,0","10,1",07:00,"21,6",13:40,26,"4,4","11,4",14:10,"9,1","1019,5",00,"1015,9",16
2016-01-09,C619Y,LA ALDEA DE SAN NICOLÁS,LAS PALMAS,13,"17,2","0,0","11,5",07:20,"22,9",14:10,01,"2,5","8,6",15:30,"8,1","1021,2",21,"1017,7",06
2016-01-10,C619Y,LA ALDEA DE SAN NICOLÁS,LAS PALMAS,13,"17,8","0,0","11,9",07:40,"23,6",15:40,27,"4,4","8,6",14:20,"8,9","1020,8",00,"1017,8",16
2016-01-11,C619Y,LA ALDEA DE SAN NICOLÁS,LAS PALMAS,13,"16,9","0,0","11,4",08:30,"22,4",14:20,29,"2,8","5,8",12:50,"7,0","1021,3",11,"1018,9",Varias
2016-01-12,C619Y,LA ALDEA DE SAN NICOLÁS,LAS PALMAS,13,"16,4","0,0","10,2",06:50,"22,5",14:50,30,"2,5","6,7",14:10,"8,5","1020,1",11,"1016,8",16
2016-01-13,C619Y,LA ALDEA DE SAN NICOLÁS,LAS PALMAS,13,"18,6","0,0","9,4",08:30,"27,7",15:50,01,"3,1","8,6",16:20,"9,2","1019,4",12,"1016,4",07
2016-01-14,C619Y,LA ALDEA DE SAN NICOLÁS,LAS PALMAS,13,"19,5","0,0","12,8",04:30,"26,2",11:30,29,"2,2","6,7",12:20,"6,8","1020,3",11,"1016,9",04
2016-01-15,C619Y,LA ALDEA DE SAN NICOLÁS,LAS PALMAS,13,"19,9","0,0","11,5",08:00,"28,3",14:30,31,"2,2","6,9",16:40,"3,9","1020,5",22,"1017,4",15
2016-01-16,C619Y,LA ALDEA DE SAN NICOLÁS,LAS PALMAS,13,"19,1","0,0","12,5",07:10,"25,7",15:50,36,"4,4","14,4",16:50,"8,9","1020,8",22,"1017,9",16
2016-01-17,C619Y,LA ALDEA DE SAN NICOLÁS,LAS PALMAS,13,"17,0","0,0","12,5",05:10,"21,6",11:40,36,"10,0","18,6",11:40,"8,9","1021,3",11,"1018,5",06
2016-01-18,C619Y,LA ALDEA DE SAN NICOLÁS,LAS PALMAS,13,"18,2","0,0","13,9",08:30,"22,6",12:20,05,"6,1","15,6",03:30,"8,6","1021,3",11,"1018,0",Varias
2016-01-19,C619Y,LA ALDEA DE SAN NICOLÁS,LAS PALMAS,13,"17,2","0,0","12,1",08:00,"22,2",14:40,04,"6,7","18,6",17:20,"9,3","1020,3",11,"1016,7",16
2016-01-20,C619Y,LA ALDEA DE SAN NICOLÁS,LAS PALMAS,13,"16,6","0,0","10,0",08:00,"23,2",15:50,04,"2,8","12,5",01:30,"9,4","1022,3",23,"1018,0",05
2016-01-21,C619Y,LA ALDEA DE SAN NICOLÁS,LAS PALMAS,13,"16,3","0,0","9,5",08:30,"23,1",15:40,27,"3,1","6,9",14:30,"9,4","1023,4",Varias,"1020,8",02
2016-01-22,C619Y,LA ALDEA DE SAN NICOLÁS,LAS PALMAS,13,"18,8","0,0","13,7",08:30,"23,8",14:20,25,"2,8","8,3",14:40,"9,4","1024,9",11,"1021,7",16
2016-01-23,C619Y,LA ALDEA DE SAN NICOLÁS,LAS PALMAS,13,"17,3","0,0","11,9",07:50,"22,7",15:00,99,"2,8","6,7",Varias,"9,4","1025,3",Varias,"1022,3",05
2016-01-24,C619Y,LA ALDEA DE SAN NICOLÁS,LAS PALMAS,13,"19,3","0,0","11,5",01:40,"27,1",11:40,99,"2,5","8,1",Varias,"6,9","1025,6",11,"1022,4",05
2016-01-25,C619Y,LA ALDEA DE SAN NICOLÁS,LAS PALMAS,13,"17,2","0,0","10,5",07:20,"23,9",13:20,25,"3,3","8,1",14:10,"9,5","1027,6",24,"1024,7",15
2016-01-26,C619Y,LA ALDEA DE SAN NICOLÁS,LAS PALMAS,13,"17,9","0,0","10,4",08:00,"25,4",15:40,31,"2,5","5,8",13:10,"9,3","1028,3",11,"1024,9",18
2016-01-27,C619Y,LA ALDEA DE SAN NICOLÁS,LAS PALMAS,13,"17,9","0,0","9,9",08:00,"25,9",12:50,25,"2,2","6,4",13:30,"9,5","1026,9",00,"1023,1",18
2016-01-28,C619Y,LA ALDEA DE SAN NICOLÁS,LAS PALMAS,13,"17,4","0,0","10,8",06:50,"24,1",13:40,03,"5,0","17,8",16:20,"6,1","1027,1",11,"1023,3",04
2016-01-29,C619Y,LA ALDEA DE SAN NICOLÁS,LAS PALMAS,13,"18,8","0,0","14,2",07:00,"23,5",13:20,99,"4,4","17,5",14:40,"8,2","1026,0",24,"1022,5",16
2016-01-30,C619Y,LA ALDEA DE SAN NICOLÁS,LAS PALMAS,13,"18,2","0,0","12,3",02:10,"24,0",13:30,04,"6,4","19,4",15:30,"9,7","1028,5",11,"1024,8",Varias
2016-01-31,C619Y,LA ALDEA DE SAN NICOLÁS,LAS PALMAS,13,"18,1","0,0","13,0",05:20,"23,2",13:20,04,"6,4","20,8",08:30,"9,5","1027,6",11,"1024,7",16
2016-02-01,C619Y,LA ALDEA DE SAN NICOLÁS,LAS PALMAS,13,"16,4","0,0","9,8",07:00,"23,0",Varias,29,"2,8","6,9",13:30,"7,1","1027,5",Varias,"1024,3",06
2016-02-02,C619Y,LA ALDEA DE SAN NICOLÁS,LAS PALMAS,13,"17,4","0,0","12,4",02:40,"22,5",17:00,36,"3,1","10,6",20:10,"1,0","1026,5",11,"1022,7",19
2016-02-03,C619Y,LA ALDEA DE SAN NICOLÁS,LAS PALMAS,13,"17,4","0,0","10,7",08:20,"24,0",16:30,01,"4,2","10,3",17:50,"9,2","1024,5",00,"1021,1",Varias
2016-02-04,C619Y,LA ALDEA DE SAN NICOLÁS,LAS PALMAS,13,"17,0","0,0","10,5",07:50,"23,4",14:50,02,"3,3","8,9",18:20,"6,6","1023,6",11,"1020,1",17
2016-02-05,C619Y,LA ALDEA DE SAN NICOLÁS,LAS PALMAS,13,"17,4","0,0","12,2",08:00,"22,6",14:00,02,"5,8","14,7",18:50,"9,9","1021,2",Varias,"1018,7",16
2016-02-06,C619Y,LA ALDEA DE SAN NICOLÁS,LAS PALMAS,13,"17,2","0,0","12,2",08:00,"22,2",13:30,05,"5,0","16,1",14:30,"6,1","1025,6",24,"1020,4",Varias
2016-02-07,C619Y,LA ALDEA DE SAN NICOLÁS,LAS PALMAS,13,"18,5","0,0","11,4",08:00,"25,6",14:50,35,"2,5","8,9",15:40,"7,8","1026,9",11,"1023,3",06
2016-02-08,C619Y,LA ALDEA DE SAN NICOLÁS,LAS PALMAS,13,"17,2","0,0","11,2",06:20,"23,1",13:00,99,"3,3","8,9",13:50,"4,4","1029,2",22,"1025,6",01
2016-02-09,C619Y,LA ALDEA DE SAN NICOLÁS,LAS PALMAS,13,"18,1","0,0","13,5",Varias,"22,7",13:40,04,"6,1","18,6",14:20,"9,7","1030,3",12,"1026,9",05
2016-02-10,C619Y,LA ALDEA DE SAN NICOLÁS,LAS PALMAS,13,"17,3","0,0","12,6",04:50,"22,0",13:50,07,"5,8","21,7",16:30,"9,5","1028,2",00,"1023,4",17
2016-02-11,C619Y,LA ALDEA DE SAN NICOLÁS,LAS PALMAS,13,"20,6","0,0","17,8",06:10,"23,3",13:40,07,"7,8","22,2",12:00,"10,2","1025,4",09,"1022,0",16
2016-02-12,C619Y,LA ALDEA DE SAN NICOLÁS,LAS PALMAS,13,"20,8",,"18,0",07:00,"23,5",14:00,05,"9,4","22,5",18:30,"10,2","1025,3",11,"1022,2",06
2016-02-13,C619Y,LA ALDEA DE SAN NICOLÁS,LAS PALMAS,13,"19,7",,"16,6",07:20,"22,8",15:00,07,"8,9","20,6",21:30,"10,2","1026,2",23,"1022,3",05
2016-02-14,C619Y,LA ALDEA DE SAN NICOLÁS,LAS PALMAS,13,"21,4",,"18,0",00:50,"24,7",13:10,12,"6,4","21,9",14:30,"8,1","1026,7",21,"1023,3",14
2016-02-15,C619Y,LA ALDEA DE SAN NICOLÁS,LAS PALMAS,13,"20,3","0,2","17,2",21:00,"23,4",13:40,10,"8,9","26,7",16:10,"6,4","1027,7",11,"1022,7",18
2016-02-16,C619Y,LA ALDEA DE SAN NICOLÁS,LAS PALMAS,13,"19,0","0,0","15,7",04:50,"22,4",14:30,09,"7,2","22,8",01:20,"5,7","1027,1",23,"1023,5",05
2016-02-17,C619Y,LA ALDEA DE SAN NICOLÁS,LAS PALMAS,13,"19,0","0,0","16,3",06:30,"21,8",14:50,09,"8,6","21,7",01:10,"10,2","1027,3",10,"1024,5",16
2016-02-18,C619Y,LA ALDEA DE SAN NICOLÁS,LAS PALMAS,13,"16,0","9,0","12,7",12:30,"19,3",09:40,30,"5,0","17,8",11:20,"2,6","1026,7",00,"1018,9",17
2016-02-19,C619Y,LA ALDEA DE SAN NICOLÁS,LAS PALMAS,13,"13,7","5,4","10,8",09:40,"16,6",12:40,17,"4,4","20,0",13:30,"3,0","1020,6",Varias,"1016,6",16
2016-02-20,C619Y,LA ALDEA DE SAN NICOLÁS,LAS PALMAS,13,"14,8","2,4","11,7",00:20,"17,8",17:30,30,"4,7","18,3",07:20,"0,8","1019,1",00,"1015,5",15
2016-02-21,C619Y,LA ALDEA DE SAN NICOLÁS,LAS PALMAS,13,"18,2","0,8","13,8",07:00,"22,6",15:20,30,"2,5","10,0",01:30,"7,0","1021,3",24,"1016,4",Varias
2016-02-22,C619Y,LA ALDEA DE SAN NICOLÁS,LAS PALMAS,13,"16,5","0,0","11,0",05:10,"22,0",16:30,09,"3,9","13,3",20:00,"10,4","1024,8",24,"1020,7",04
2016-02-23,C619Y,LA ALDEA DE SAN NICOLÁS,LAS PALMAS,13,"17,4","0,0","12,6",05:20,"22,1",14:40,09,"5,3","19,7",14:00,"10,4","1025,4",11,"1022,1",16
2016-02-24,C619Y,LA ALDEA DE SAN NICOLÁS,LAS PALMAS,13,"17,2","0,0","12,4",04:00,"21,9",14:50,08,"8,6","21,4",15:50,"10,4","1023,6",Varias,"1020,4",17
2016-02-25,C619Y,LA ALDEA DE SAN NICOLÁS,LAS PALMAS,13,"17,3","0,0","13,0",07:50,"21,6",13:50,03,"8,1","18,9",13:40,"10,5","1023,5",11,"1020,3",18
2016-02-26,C619Y,LA ALDEA DE SAN NICOLÁS,LAS PALMAS,13,"18,4","0,0","15,1",06:40,"21,7",12:50,08,"6,7","21,4",19:00,"10,0","1023,2",10,"1020,0",17
2016-02-27,C619Y,LA ALDEA DE SAN NICOLÁS,LAS PALMAS,13,"17,7","0,0","14,7",08:00,"20,7",14:10,10,"7,8","21,1",16:20,"5,3","1022,4",00,"1019,5",06
2016-02-28,C619Y,LA ALDEA DE SAN NICOLÁS,LAS PALMAS,13,"17,2","0,0","15,7",05:00,"18,6",14:20,10,"3,1","16,9",17:50,"0,4","1020,2",01,"1017,6",18
2016-02-29,C619Y,LA ALDEA DE SAN NICOLÁS,LAS PALMAS,13,"18,5","0,0","15,3",01:00,"21,7",13:20,08,"6,4","23,1",14:20,"8,6","1022,6",11,"1019,5",03
2016-03-01,C619Y,LA ALDEA DE SAN NICOLÁS,LAS PALMAS,13,"17,6","0,0","13,3",23:59,"21,8",15:00,03,"6,1","18,3",14:00,"7,1","1023,4",11,"1020,2",16
2016-03-02,C619Y,LA ALDEA DE SAN NICOLÁS,LAS PALMAS,13,"19,6","0,0","12,9",01:00,"26,2",15:30,99,"2,8","6,1",Varias,"6,1","1022,3",10,"1019,5",Varias
2016-03-03,C619Y,LA ALDEA DE SAN NICOLÁS,LAS PALMAS,13,"17,2","0,0","11,0",07:30,"23,4",11:50,01,"4,4","15,6",17:30,"10,3","1020,3",00,"1016,1",16
2016-03-04,C619Y,LA ALDEA DE SAN NICOLÁS,LAS PALMAS,13,"16,4","0,0","10,9",06:40,"21,9",15:10,08,"4,4","15,3",19:50,"10,4","1018,2",00,"1015,3",16
2016-03-05,C619Y,LA ALDEA DE SAN NICOLÁS,LAS PALMAS,13,"19,6","0,0","16,5",01:50,"22,8",11:50,08,"6,1","19,4",16:30,"8,7","1020,4",11,"1016,9",05
2016-03-06,C619Y,LA ALDEA DE SAN NICOLÁS,LAS PALMAS,13,"19,1","0,0","15,8",21:50,"22,4",13:50,10,"6,4","18,6",14:40,"8,2","1020,2",22,"1016,8",18
2016-03-07,C619Y,LA ALDEA DE SAN NICOLÁS,LAS PALMAS,13,"18,6","0,0","14,6",07:40,"22,5",15:10,07,"6,9","18,6",20:40,"2,9","1020,9",11,"1017,8",04
2016-03-08,C619Y,LA ALDEA DE SAN NICOLÁS,LAS PALMAS,13,"19,4","0,0","15,6",04:50,"23,2",15:10,10,"7,8","19,7",15:40,"7,5","1020,4",12,"1017,5",18
2016-03-09,C619Y,LA ALDEA DE SAN NICOLÁS,LAS PALMAS,13,"18,7","0,0","15,9",07:50,"21,5",16:20,08,"9,7","22,8",16:30,"9,9","1020,7",11,"1017,3",17
2016-03-10,C619Y,LA ALDEA DE SAN NICOLÁS,LAS PALMAS,13,"19,6","0,0","17,1",Varias,"22,1",15:00,05,"9,7","23,9",15:00,"11,0","1020,2",23,"1017,4",05
2016-03-11,C619Y,LA ALDEA DE SAN NICOLÁS,LAS PALMAS,13,"18,8","0,0","16,2",05:00,"21,5",14:20,09,"8,6","24,7",03:00,"10,8","1019,9",01,"1016,8",17
2016-03-12,C619Y,LA ALDEA DE SAN NICOLÁS,LAS PALMAS,13,"16,1","0,0","10,5",05:10,"21,7",14:00,06,"2,8","15,0",01:00,"8,7","1019,4",11,"1015,9",16
2016-03-13,C619Y,LA ALDEA DE SAN NICOLÁS,LAS PALMAS,13,"16,6","0,0","11,2",07:40,"21,9",15:10,02,"5,0","12,5",22:10,"11,0","1017,6",11,"1014,8",Varias
2016-03-14,C619Y,LA ALDEA DE SAN NICOLÁS,LAS PALMAS,13,"15,8","0,0","10,4",07:00,"21,1",13:40,35,"3,9","10,6",16:40,"11,0","1018,1",23,"1015,3",05
2016-03-15,C619Y,LA ALDEA DE SAN NICOLÁS,LAS PALMAS,13,"16,0","0,0","9,9",07:40,"22,2",16:10,99,"4,4","8,9",17:40,"10,8","1019,8",12,"1016,5",05
2016-03-16,C619Y,LA ALDEA DE SAN NICOLÁS,LAS PALMAS,13,"16,5","0,0","10,9",07:30,"22,1",16:40,29,"3,1","7,5",14:40,"10,6","1018,4",Varias,"1015,5",04
2016-03-17,C619Y,LA ALDEA DE SAN NICOLÁS,LAS PALMAS,13,"17,6","0,0","11,6",07:00,"23,6",16:40,27,"3,3","7,8",14:40,"10,8","1018,2",12,"1015,3",05
2016-03-18,C619Y,LA ALDEA DE SAN NICOLÁS,LAS PALMAS,13,"16,6","0,0","11,3",07:30,"21,9",14:10,06,"6,4","18,6",22:00,"11,1","1019,0",22,"1015,7",Varias
2016-03-19,C619Y,LA ALDEA DE SAN NICOLÁS,LAS PALMAS,13,"21,0","0,0","17,4",22:00,"24,7",15:20,99,"5,8","16,1",Varias,"9,0","1018,7",00,"1016,2",05
2016-03-20,C619Y,LA ALDEA DE SAN NICOLÁS,LAS PALMAS,13,"19,0","0,0","14,6",05:00,"23,5",14:00,10,"3,3","13,9",14:50,"8,5","1018,8",23,"1015,8",04
2016-03-21,C619Y,LA ALDEA DE SAN NICOLÁS,LAS PALMAS,13,"18,5","0,0","14,0",04:40,"23,0",14:40,10,"3,1","15,0",01:00,"8,2","1022,0",Varias,"1017,3",05
2016-03-22,C619Y,LA ALDEA DE SAN NICOLÁS,LAS PALMAS,13,"19,9","0,0","16,1",07:50,"23,7",15:00,10,"4,7","13,1",18:40,"6,2","1023,9",11,"1020,8",05
2016-03-23,C619Y,LA ALDEA DE SAN NICOLÁS,LAS PALMAS,13,"19,8","0,0","15,4",07:10,"24,1",12:40,22,"3,6","14,2",23:50,"5,5","1022,2",00,"1017,6",16
2016-03-24,C619Y,LA ALDEA DE SAN NICOLÁS,LAS PALMAS,13,"18,4","0,0","15,2",03:00,"21,7",15:00,10,"7,5","20,0",17:50,"5,7","1024,3",22,"1018,2",05
2016-03-25,C619Y,LA ALDEA DE SAN NICOLÁS,LAS PALMAS,13,"16,4","0,0","10,5",07:40,"22,4",14:20,04,"5,8","18,1",13:40,"11,2","1026,2",22,"1022,3",04
2016-03-26,C619Y,LA ALDEA DE SAN NICOLÁS,LAS PALMAS,13,"15,6","0,0","10,0",07:20,"21,3",15:00,07,"5,8","18,3",23:59,"11,3","1025,7",00,"1022,8",17
2016-03-27,C619Y,LA ALDEA DE SAN NICOLÁS,LAS PALMAS,13,"16,1","0,0","10,9",07:30,"21,3",15:50,04,"7,2","16,4",18:50,"11,5","1024,8",00,"1020,0",18
2016-03-28,C619Y,LA ALDEA DE SAN NICOLÁS,LAS PALMAS,13,"17,8","0,0","10,8",07:30,"24,9",13:00,04,"4,7","16,9",17:00,"11,5","1021,4",00,"1017,8",19
2016-03-29,C619Y,LA ALDEA DE SAN NICOLÁS,LAS PALMAS,13,"18,4","0,0","14,0",23:59,"22,7",15:00,36,"3,6","10,3",19:30,"11,2","1018,1",00,"1014,5",17
2016-03-30,C619Y,LA ALDEA DE SAN NICOLÁS,LAS PALMAS,13,"17,9","0,0","11,7",04:00,"24,1",13:30,31,"2,5","12,8",23:50,"7,9","1014,8",00,"1012,2",15
2016-03-31,C619Y,LA ALDEA DE SAN NICOLÁS,LAS PALMAS,13,"18,0","0,0","15,4",19:50,"20,5",12:30,10,"6,9","22,5",16:30,"1,3","1021,3",22,"1013,8",05
2016-04-01,C619Y,LA ALDEA DE SAN NICOLÁS,LAS PALMAS,13,"18,6","0,0","15,3",07:00,"22,0",13:10,08,"7,2","19,2",10:50,"10,3","1020,8",00,"1015,6",18
2016-04-02,C619Y,LA ALDEA DE SAN NICOLÁS,LAS PALMAS,13,"19,6","0,0","15,8",07:00,"23,5",13:40,07,"4,2","13,3",16:10,"7,3","1016,4",00,"1013,2",05
2016-04-03,C619Y,LA ALDEA DE SAN NICOLÁS,LAS PALMAS,13,"20,2","0,0","16,1",02:50,"24,3",13:10,12,"4,7","16,1",18:10,"6,4","1020,6",23,"1015,6",Varias
2016-04-04,C619Y,LA ALDEA DE SAN NICOLÁS,LAS PALMAS,13,"21,0","0,0","16,9",07:10,"25,1",13:30,08,"5,6","15,6",21:50,"9,4","1021,1",11,"1018,2",17
2016-04-05,C619Y,LA ALDEA DE SAN NICOLÁS,LAS PALMAS,13,"17,8","0,0","16,3",19:30,"19,3",14:10,08,"6,7","20,3",22:40,"0,4","1019,7",00,"1016,9",16
2016-04-06,C619Y,LA ALDEA DE SAN NICOLÁS,LAS PALMAS,13,"17,0","0,0","16,0",04:20,"18,1",11:40,09,"8,6","21,9",18:10,"0,6","1018,1",00,"1013,5",17
2016-04-07,C619Y,LA ALDEA DE SAN NICOLÁS,LAS PALMAS,13,"18,8","0,0","15,7",07:50,"21,8",14:20,10,"7,8","20,0",00:30,"4,5","1016,5",11,"1013,5",04
2016-04-08,C619Y,LA ALDEA DE SAN NICOLÁS,LAS PALMAS,13,"18,6","0,0","15,5",05:00,"21,7",12:30,09,"8,1","25,8",12:00,"6,3","1018,8",23,"1015,1",06
2016-04-09,C619Y,LA ALDEA DE SAN NICOLÁS,LAS PALMAS,13,"18,8","0,0","16,3",04:50,"21,3",15:10,07,"8,1","24,7",03:10,"11,5","1018,3",00,"1015,1",05
2016-04-10,C619Y,LA ALDEA DE SAN NICOLÁS,LAS PALMAS,13,"19,8","0,0","16,6",03:40,"23,1",15:00,08,"5,8","16,7",00:10,"10,4","1016,8",00,"1014,1",18
2016-04-11,C619Y,LA ALDEA DE SAN NICOLÁS,LAS PALMAS,13,"19,6","0,0","14,9",23:59,"24,4",16:40,04,"3,6","10,0",13:20,"9,5","1015,9",Varias,"1013,7",06
2016-04-12,C619Y,LA ALDEA DE SAN NICOLÁS,LAS PALMAS,13,"17,6","0,0","12,0",07:00,"23,2",12:50,24,"3,1","8,3",13:50,"11,7","1017,6",23,"1014,9",05
2016-04-13,C619Y,LA ALDEA DE SAN NICOLÁS,LAS PALMAS,13,"18,0","0,0","12,6",07:00,"23,4",14:30,27,"5,3","10,3",16:30,"11,4","1017,2",00,"1014,4",17
2016-04-14,C619Y,LA ALDEA DE SAN NICOLÁS,LAS PALMAS,13,"17,2","0,0","11,8",07:00,"22,7",15:50,26,"3,9","10,0",12:10,"11,5","1016,2",23,"1013,5",17
2016-04-15,C619Y,LA ALDEA DE SAN NICOLÁS,LAS PALMAS,13,"18,4","0,0","12,5",06:50,"24,3",15:40,25,"5,3","12,2",15:40,"11,9","1016,2",Varias,"1013,5",16
2016-04-16,C619Y,LA ALDEA DE SAN NICOLÁS,LAS PALMAS,13,"19,0","0,0","12,7",06:40,"25,2",16:00,27,"3,3","9,7",15:00,"11,1","1017,1",12,"1013,9",04
2016-04-17,C619Y,LA ALDEA DE SAN NICOLÁS,LAS PALMAS,13,"19,8","0,0","14,5",06:00,"25,2",15:40,27,"4,4","11,1",13:30,"11,9","1016,8",00,"1012,5",17
2016-04-18,C619Y,LA ALDEA DE SAN NICOLÁS,LAS PALMAS,13,"22,0","0,0","16,9",00:10,"27,0",13:00,17,"3,1","11,4",07:00,"8,9","1014,1",23,"1011,0",17
2016-04-19,C619Y,LA ALDEA DE SAN NICOLÁS,LAS PALMAS,13,"20,6","0,0","15,5",03:00,"25,6",12:40,07,"5,0","15,0",16:20,"9,6","1017,8",23,"1012,7",04
2016-04-20,C619Y,LA ALDEA DE SAN NICOLÁS,LAS PALMAS,13,"18,4","0,0","12,9",05:50,"23,8",13:00,01,"3,6","11,1",16:30,"11,2","1019,2",11,"1016,5",03
2016-04-21,C619Y,LA ALDEA DE SAN NICOLÁS,LAS PALMAS,13,"17,9","0,0","12,2",05:50,"23,6",14:30,99,"2,5","6,9",13:50,"11,2","1019,4",22,"1016,7",Varias
2016-04-22,C619Y,LA ALDEA DE SAN NICOLÁS,LAS PALMAS,13,"19,2","0,0","13,3",06:00,"25,1",14:30,35,"4,4","13,6",17:50,"12,0","1019,0",Varias,"1016,7",18
2016-04-23,C619Y,LA ALDEA DE SAN NICOLÁS,LAS PALMAS,13,"20,1","0,0","16,3",07:00,"23,9",13:00,01,"5,3","15,6",17:20,"11,2","1019,0",Varias,"1014,7",17
2016-04-24,C619Y,LA ALDEA DE SAN NICOLÁS,LAS PALMAS,13,"20,8","0,0","17,4",07:00,"24,1",13:20,09,"6,7","19,2",23:00,"12,0","1016,6",00,"1013,2",19
2016-04-25,C619Y,LA ALDEA DE SAN NICOLÁS,LAS PALMAS,13,"20,8","0,0","17,8",23:59,"23,9",14:40,06,"5,0","21,1",20:10,"10,3","1014,8",Varias,"1012,6",17
2016-04-26,C619Y,LA ALDEA DE SAN NICOLÁS,LAS PALMAS,13,"20,2","0,0","17,2",05:10,"23,1",13:00,08,"6,7","19,4",13:20,"12,2","1015,6",11,"1012,5",18
2016-04-27,C619Y,LA ALDEA DE SAN NICOLÁS,LAS PALMAS,13,"19,6","0,0","17,1",06:30,"22,1",14:50,07,"6,9","15,3",08:30,"12,1","1015,5",09,"1013,2",19
2016-04-28,C619Y,LA ALDEA DE SAN NICOLÁS,LAS PALMAS,13,"18,8",,"14,4",07:00,"23,1",14:00,02,"4,7","13,9",13:50,"7,0","1014,8",00,"1011,6",18
2016-04-29,C619Y,LA ALDEA DE SAN NICOLÁS,LAS PALMAS,13,"19,1","0,0","12,8",06:50,"25,4",14:40,07,"3,9","18,9",23:00,"12,2","1016,1",23,"1011,1",05
2016-04-30,C619Y,LA ALDEA DE SAN NICOLÁS,LAS PALMAS,13,"21,9","0,0","18,6",23:59,"25,2",15:30,07,"6,9","25,8",18:20,"11,7","1019,1",23,"1014,7",05
2016-05-01,C619Y,LA ALDEA DE SAN NICOLÁS,LAS PALMAS,13,"21,8","0,0","18,3",04:50,"25,4",14:30,08,"6,4","21,7",11:30,"11,4","1018,4",00,"1015,2",18
2016-05-02,C619Y,LA ALDEA DE SAN NICOLÁS,LAS PALMAS,13,"21,2","0,0","18,3",04:40,"24,0",15:10,08,"4,7","18,9",14:20,"6,3","1016,8",00,"1012,9",Varias
2016-05-03,C619Y,LA ALDEA DE SAN NICOLÁS,LAS PALMAS,13,"19,3","0,0","15,4",06:30,"23,2",13:30,99,"5,6","13,3",Varias,"11,2","1014,7",00,"1012,5",16
2016-05-04,C619Y,LA ALDEA DE SAN NICOLÁS,LAS PALMAS,13,"18,4","0,0","13,1",06:10,"23,8",13:30,04,"3,6","11,7",20:40,,"1014,9",23,"1012,0",05
2016-05-05,C619Y,LA ALDEA DE SAN NICOLÁS,LAS PALMAS,13,"20,6","0,0","15,7",02:50,"25,4",14:00,06,"3,3","12,8",16:00,"7,1","1017,6",23,"1013,4",05
2016-05-06,C619Y,LA ALDEA DE SAN NICOLÁS,LAS PALMAS,13,"22,1","0,0","18,2",23:20,"26,0",11:40,10,"3,6","14,2",17:20,"10,3","1017,8",11,"1015,4",05
2016-05-07,C619Y,LA ALDEA DE SAN NICOLÁS,LAS PALMAS,13,"19,8","0,0","15,6",07:10,"24,1",13:20,07,"4,2","11,7",01:40,"12,0","1016,9",00,"1010,0",24
2016-05-08,C619Y,LA ALDEA DE SAN NICOLÁS,LAS PALMAS,13,"21,4","0,0","16,5",04:30,"26,2",14:30,24,"3,6","14,7",10:20,"5,3","1010,0",00,"1006,4",19
2016-05-09,C619Y,LA ALDEA DE SAN NICOLÁS,LAS PALMAS,13,"21,4","0,0","16,7",04:00,"26,0",13:00,24,"4,2","14,7",15:40,"9,2","1010,6",22,"1007,7",04
2016-05-10,C619Y,LA ALDEA DE SAN NICOLÁS,LAS PALMAS,13,"22,3","0,0","18,6",03:40,"26,0",14:40,20,"4,4","11,7",00:10,"6,8","1013,0",23,"1008,5",05
2016-05-11,C619Y,LA ALDEA DE SAN NICOLÁS,LAS PALMAS,13,"20,0","0,0","16,2",07:20,"23,9",16:40,36,"2,8","9,2",19:20,"7,2","1016,5",23,"1011,7",Varias
2016-05-12,C619Y,LA ALDEA DE SAN NICOLÁS,LAS PALMAS,13,"21,2","0,0","15,6",02:50,"26,8",12:00,08,"3,1","12,5",19:50,"11,5","1019,9",23,"1015,2",Varias
2016-05-13,C619Y,LA ALDEA DE SAN NICOLÁS,LAS PALMAS,13,"21,8","0,0","17,3",04:00,"26,4",14:00,10,"5,8","18,1",19:20,"10,5","1020,6",11,"1018,3",19
2016-05-14,C619Y,LA ALDEA DE SAN NICOLÁS,LAS PALMAS,13,"21,2","0,0","18,0",01:50,"24,4",13:00,07,"8,9","22,8",12:40,"11,1","1020,3",Varias,"1017,7",16
2016-05-15,C619Y,LA ALDEA DE SAN NICOLÁS,LAS PALMAS,13,"21,2","0,0","17,9",05:30,"24,4",13:10,07,"7,5","23,3",12:20,"12,1","1020,1",00,"1016,6",18
2016-05-16,C619Y,LA ALDEA DE SAN NICOLÁS,LAS PALMAS,13,"21,5","0,0","18,2",23:10,"24,8",14:20,07,"8,1","22,5",16:50,"11,1","1020,3",23,"1017,0",05
2016-05-17,C619Y,LA ALDEA DE SAN NICOLÁS,LAS PALMAS,13,"21,2","0,0","17,8",08:00,"24,6",12:50,09,"8,9","21,4",15:10,"5,2","1020,3",23,"1017,0",05
2016-05-18,C619Y,LA ALDEA DE SAN NICOLÁS,LAS PALMAS,13,"22,3","0,0","18,3",04:20,"26,3",12:50,10,"7,8","22,5",15:50,"9,0","1021,0",11,"1017,9",17
2016-05-19,C619Y,LA ALDEA DE SAN NICOLÁS,LAS PALMAS,13,"21,3","0,0","18,3",03:50,"24,3",13:00,06,"6,9","20,8",12:40,"11,8","1020,2",10,"1017,5",17
2016-05-20,C619Y,LA ALDEA DE SAN NICOLÁS,LAS PALMAS,13,"21,5","0,0","18,0",06:20,"25,0",12:10,04,"6,4","19,7",19:00,"8,4","1018,0",00,"1015,3",18
2016-05-21,C619Y,LA ALDEA DE SAN NICOLÁS,LAS PALMAS,13,"21,0","0,0","17,9",23:59,"24,0",12:50,06,"7,2","21,4",21:50,"8,9","1017,7",24,"1014,7",06
2016-05-22,C619Y,LA ALDEA DE SAN NICOLÁS,LAS PALMAS,13,"21,0","0,0","17,7",01:00,"24,3",16:20,07,"7,2","21,9",19:20,"12,0","1018,3",23,"1015,4",05
2016-05-23,C619Y,LA ALDEA DE SAN NICOLÁS,LAS PALMAS,13,"21,4","0,0","18,5",06:00,"24,4",14:40,07,"5,3","18,3",21:50,"11,0","1019,0",10,"1015,8",18
2016-05-24,C619Y,LA ALDEA DE SAN NICOLÁS,LAS PALMAS,13,"21,6","0,0","18,8",04:40,"24,5",16:00,08,"6,9","17,8",19:30,"12,4","1018,6",00,"1015,2",17
2016-05-25,C619Y,LA ALDEA DE SAN NICOLÁS,LAS PALMAS,13,"21,3","0,0","18,0",23:59,"24,6",15:10,36,"5,6","11,1",13:40,"10,5","1016,2",00,"1012,8",18
2016-05-26,C619Y,LA ALDEA DE SAN NICOLÁS,LAS PALMAS,13,"19,2","0,0","14,3",06:00,"24,0",13:30,25,"4,2","11,1",13:40,"10,1","1015,0",24,"1012,5",15
2016-05-27,C619Y,LA ALDEA DE SAN NICOLÁS,LAS PALMAS,13,"19,6","0,0","14,0",06:30,"25,1",15:00,32,"3,1","7,2",13:40,"12,2","1019,7",23,"1013,9",04
2016-05-28,C619Y,LA ALDEA DE SAN NICOLÁS,LAS PALMAS,13,"21,2","0,0","15,2",06:00,"27,1",15:30,08,"3,1","14,7",16:20,"12,6","1023,3",23,"1019,2",03
2016-05-29,C619Y,LA ALDEA DE SAN NICOLÁS,LAS PALMAS,13,"20,5","0,0","15,6",02:30,"25,4",14:40,07,"4,4","20,8",20:10,"12,6","1022,9",00,"1018,5",18
2016-05-30,C619Y,LA ALDEA DE SAN NICOLÁS,LAS PALMAS,13,"21,8","0,0","18,6",06:20,"25,1",14:00,07,"8,1","24,7",14:50,"12,6","1020,2",00,"1016,4",18
2016-05-31,C619Y,LA ALDEA DE SAN NICOLÁS,LAS PALMAS,13,"21,3","0,0","18,9",04:40,"23,7",14:30,07,"8,3","22,2",01:00,"12,6","1017,5",11,"1015,8",17
2016-06-01,C619Y,LA ALDEA DE SAN NICOLÁS,LAS PALMAS,13,"19,0","0,0","13,3",06:10,"24,6",14:10,02,"5,8","15,6",13:30,"12,5","1017,7",24,"1015,4",Varias
2016-06-02,C619Y,LA ALDEA DE SAN NICOLÁS,LAS PALMAS,13,"20,2","0,0","16,8",05:10,"23,6",14:30,02,"7,5","17,2",18:10,"12,7","1018,0",23,"1015,7",Varias
2016-06-03,C619Y,LA ALDEA DE SAN NICOLÁS,LAS PALMAS,13,"22,1","0,0","17,6",03:40,"26,6",15:20,05,"5,6","16,9",19:00,"12,7","1018,6",13,"1015,9",19
2016-06-04,C619Y,LA ALDEA DE SAN NICOLÁS,LAS PALMAS,13,"22,4","0,0","20,1",23:59,"24,7",15:00,06,"7,5","15,6",11:10,"12,6","1017,9",Varias,"1015,2",18
2016-06-05,C619Y,LA ALDEA DE SAN NICOLÁS,LAS PALMAS,13,"22,2","0,0","19,6",06:00,"24,8",16:30,99,"7,8","16,4",Varias,"11,7","1017,7",10,"1015,0",Varias
2016-06-06,C619Y,LA ALDEA DE SAN NICOLÁS,LAS PALMAS,13,"22,6","0,0","19,8",05:40,"25,4",15:00,01,"8,1","17,5",16:30,"12,6","1017,3",00,"1015,2",18
2016-06-07,C619Y,LA ALDEA DE SAN NICOLÁS,LAS PALMAS,13,"21,4","0,0","16,1",06:20,"26,7",14:40,01,"6,7","15,6",17:30,"12,6","1018,0",23,"1014,9",Varias
2016-06-08,C619Y,LA ALDEA DE SAN NICOLÁS,LAS PALMAS,13,"20,6","0,0","15,0",06:40,"26,1",14:30,36,"7,2","18,3",17:50,"12,6","1019,1",23,"1016,5",17
2016-06-09,C619Y,LA ALDEA DE SAN NICOLÁS,LAS PALMAS,13,"22,7","0,0","19,5",06:40,"25,9",16:20,09,"6,9","20,0",22:40,"11,9","1019,7",12,"1017,7",05
2016-06-10,C619Y,LA ALDEA DE SAN NICOLÁS,LAS PALMAS,13,"25,0","0,0","21,3",06:20,"28,8",15:00,07,"7,2","23,6",14:20,"9,9","1019,0",01,"1015,8",18
2016-06-11,C619Y,LA ALDEA DE SAN NICOLÁS,LAS PALMAS,13,"23,4","0,0","20,6",23:40,"26,3",11:30,07,"6,4","22,5",Varias,"11,1","1018,7",23,"1015,2",06
2016-06-12,C619Y,LA ALDEA DE SAN NICOLÁS,LAS PALMAS,13,"22,7","0,0","19,9",06:00,"25,5",14:40,06,"9,4","19,4",00:30,"12,6","1021,2",23,"1016,5",Varias
2016-06-13,C619Y,LA ALDEA DE SAN NICOLÁS,LAS PALMAS,13,"24,0","0,0","20,2",00:10,"27,7",13:20,06,"5,8","20,0",13:00,"12,3","1021,2",00,"1018,6",18
2016-06-14,C619Y,LA ALDEA DE SAN NICOLÁS,LAS PALMAS,13,"23,0","0,0","20,8",07:10,"25,1",15:30,06,"9,4","19,4",02:50,"12,1","1019,8",00,"1017,2",16
2016-06-15,C619Y,LA ALDEA DE SAN NICOLÁS,LAS PALMAS,13,"24,6","0,0","21,1",05:30,"28,1",17:30,06,"5,0","18,1",03:30,"10,7","1019,3",01,"1016,3",18
2016-06-16,C619Y,LA ALDEA DE SAN NICOLÁS,LAS PALMAS,13,"24,6","0,0","20,8",06:20,"28,3",12:00,08,"5,0","16,4",16:20,"12,2","1018,0",00,"1015,7",05
2016-06-17,C619Y,LA ALDEA DE SAN NICOLÁS,LAS PALMAS,13,"23,6","0,0","19,7",06:00,"27,6",13:40,08,"6,4","20,6",15:10,"10,5","1020,6",24,"1016,0",04
2016-06-18,C619Y,LA ALDEA DE SAN NICOLÁS,LAS PALMAS,13,"23,1","0,0","19,9",05:00,"26,3",14:20,07,"7,8","21,1",16:50,"12,5","1022,3",23,"1018,9",18
2016-06-19,C619Y,LA ALDEA DE SAN NICOLÁS,LAS PALMAS,13,"20,4","0,0","16,2",06:40,"24,5",14:20,02,"7,5","18,9",14:10,"12,5","1022,3",10,"1019,8",18
2016-06-20,C619Y,LA ALDEA DE SAN NICOLÁS,LAS PALMAS,13,"21,0","0,0","17,9",03:00,"24,2",13:50,35,"10,0","21,1",14:40,"12,5","1021,0",00,"1016,2",18
2016-06-21,C619Y,LA ALDEA DE SAN NICOLÁS,LAS PALMAS,13,"22,7","0,0","19,3",05:20,"26,1",15:20,01,"7,8","17,2",11:20,"12,5","1017,3",00,"1012,8",19
2016-06-22,C619Y,LA ALDEA DE SAN NICOLÁS,LAS PALMAS,13,"20,8","0,0","16,3",06:50,"25,4",15:00,01,"6,7","17,8",17:40,"11,9","1014,8",11,"1011,8",18
2016-06-23,C619Y,LA ALDEA DE SAN NICOLÁS,LAS PALMAS,13,"22,8","0,0","18,0",06:00,"27,7",12:40,02,"5,6","16,7",21:40,"11,8","1014,8",23,"1012,3",15
2016-06-24,C619Y,LA ALDEA DE SAN NICOLÁS,LAS PALMAS,13,"24,0","0,0","21,4",04:50,"26,7",14:50,02,"8,9","18,6",17:50,"11,2","1014,3",11,"1012,2",17
2016-06-25,C619Y,LA ALDEA DE SAN NICOLÁS,LAS PALMAS,13,"23,3","0,0","21,0",23:50,"25,6",15:00,03,"10,6","23,6",12:10,"11,1","1016,6",24,"1012,5",04
2016-06-26,C619Y,LA ALDEA DE SAN NICOLÁS,LAS PALMAS,13,"22,6","0,0","20,5",Varias,"24,6",15:20,04,"11,9","23,6",14:10,"11,6","1019,1",24,"1015,6",04
2016-06-27,C619Y,LA ALDEA DE SAN NICOLÁS,LAS PALMAS,13,"24,0","0,0","20,1",06:00,"28,0",13:10,08,"5,3","20,3",00:40,"11,8","1019,1",00,"1016,2",16
2016-06-28,C619Y,LA ALDEA DE SAN NICOLÁS,LAS PALMAS,13,"24,2","0,0","20,6",04:00,"27,9",13:10,09,"5,0","20,0",16:40,"9,1","1017,5",00,"1015,2",18
2016-06-29,C619Y,LA ALDEA DE SAN NICOLÁS,LAS PALMAS,13,"23,6","0,0","20,9",06:00,"26,2",12:50,06,"7,5","18,1",17:30,"10,2","1018,8",23,"1015,9",05
2016-06-30,C619Y,LA ALDEA DE SAN NICOLÁS,LAS PALMAS,13,"23,0","0,0","20,6",23:59,"25,4",13:50,06,"10,0","20,8",02:00,"12,4","1020,7",23,"1017,3",03
2016-07-01,C619Y,LA ALDEA DE SAN NICOLÁS,LAS PALMAS,13,"22,6","0,0","20,0",05:00,"25,3",13:20,08,"8,1","23,3",20:20,"12,4","1021,2",12,"1019,2",05
2016-07-02,C619Y,LA ALDEA DE SAN NICOLÁS,LAS PALMAS,13,"23,9","0,0","20,0",08:20,"27,8",12:00,09,"7,5","22,2",15:00,"9,3","1020,9",00,"1018,0",Varias
2016-07-03,C619Y,LA ALDEA DE SAN NICOLÁS,LAS PALMAS,13,"23,6","0,0","20,6",06:00,"26,5",11:10,06,"5,8","17,8",18:50,"11,2","1020,0",00,"1017,7",18
2016-07-04,C619Y,LA ALDEA DE SAN NICOLÁS,LAS PALMAS,13,"23,2","0,0","20,3",23:59,"26,0",14:40,08,"6,1","15,8",09:00,"10,9","1019,4",00,"1016,9",18
2016-07-05,C619Y,LA ALDEA DE SAN NICOLÁS,LAS PALMAS,13,"23,3","0,0","19,7",03:00,"26,9",15:20,06,"6,1","19,2",18:00,"7,6","1019,9",12,"1017,4",18
2016-07-06,C619Y,LA ALDEA DE SAN NICOLÁS,LAS PALMAS,13,"23,8","0,0","20,4",06:50,"27,3",13:00,07,"7,2","21,1",17:50,"11,4","1019,4",01,"1016,0",18
2016-07-07,C619Y,LA ALDEA DE SAN NICOLÁS,LAS PALMAS,13,"23,9","0,0","20,4",05:50,"27,4",16:30,10,"7,8","26,4",16:30,"10,1","1018,8",00,"1015,9",19
2016-07-08,C619Y,LA ALDEA DE SAN NICOLÁS,LAS PALMAS,13,"23,6","0,0","20,8",02:30,"26,4",13:10,06,"7,8","24,2",01:00,"12,1","1018,7",23,"1015,9",Varias
2016-07-09,C619Y,LA ALDEA DE SAN NICOLÁS,LAS PALMAS,13,"23,4","0,0","21,0",04:40,"25,7",14:20,35,"10,3","20,6",16:30,"12,5","1018,6",00,"1015,9",17
2016-07-10,C619Y,LA ALDEA DE SAN NICOLÁS,LAS PALMAS,13,"22,5","0,0","20,2",04:40,"24,8",14:40,02,"11,4","20,8",15:00,"12,5","1016,8",00,"1014,5",18
2016-07-11,C619Y,LA ALDEA DE SAN NICOLÁS,LAS PALMAS,13,"24,0","0,0","21,2",02:30,"26,9",16:20,07,"8,1","24,2",20:20,"12,1","1016,3",22,"1014,3",18
2016-07-12,C619Y,LA ALDEA DE SAN NICOLÁS,LAS PALMAS,13,"22,8","0,0","20,9",06:00,"24,6",15:40,04,"11,9","23,6",23:20,"12,1","1015,8",00,"1012,8",18
2016-07-13,C619Y,LA ALDEA DE SAN NICOLÁS,LAS PALMAS,13,"23,1","0,0","21,1",Varias,"25,1",12:50,04,"11,4","25,0",15:30,"11,7","1014,5",23,"1012,4",16
2016-07-14,C619Y,LA ALDEA DE SAN NICOLÁS,LAS PALMAS,13,"24,2","0,0","20,9",04:00,"27,4",14:10,05,"9,7","20,6",08:40,"11,7","1014,6",11,"1011,3",17
2016-07-15,C619Y,LA ALDEA DE SAN NICOLÁS,LAS PALMAS,13,"23,4","0,0","20,6",01:40,"26,2",13:50,99,"9,7","20,3",02:50,"12,2","1013,1",23,"1010,3",05
2016-07-16,C619Y,LA ALDEA DE SAN NICOLÁS,LAS PALMAS,13,"25,8","0,0","21,3",23:59,"30,2",12:10,36,"10,6","20,6",15:40,"12,2","1015,1",24,"1011,5",04
2016-07-17,C619Y,LA ALDEA DE SAN NICOLÁS,LAS PALMAS,13,"22,6","0,0","20,3",06:00,"25,0",14:30,36,"9,2","21,1",13:50,"12,5","1014,9",00,"1011,5",18
2016-07-18,C619Y,LA ALDEA DE SAN NICOLÁS,LAS PALMAS,13,"23,3","0,0","20,1",03:30,"26,5",15:00,03,"8,1","19,2",18:30,"12,3","1013,7",00,"1011,3",18
2016-07-19,C619Y,LA ALDEA DE SAN NICOLÁS,LAS PALMAS,13,"23,2","0,0","21,1",06:00,"25,4",15:50,07,"9,4","21,7",21:50,"11,2","1013,7",10,"1011,8",18
2016-07-20,C619Y,LA ALDEA DE SAN NICOLÁS,LAS PALMAS,13,"24,7","0,0","20,9",02:20,"28,5",10:10,06,"6,7","18,6",00:10,"10,4","1013,7",Varias,"1011,7",02
2016-07-21,C619Y,LA ALDEA DE SAN NICOLÁS,LAS PALMAS,13,"26,0","0,0","22,5",05:20,"29,5",16:10,02,"8,1","20,3",17:40,"11,0","1015,1",23,"1012,4",05
2016-07-22,C619Y,LA ALDEA DE SAN NICOLÁS,LAS PALMAS,13,"23,8","0,0","21,8",22:00,"25,8",13:50,04,"11,7","26,1",17:50,"11,5","1014,8",22,"1013,4",18
2016-07-23,C619Y,LA ALDEA DE SAN NICOLÁS,LAS PALMAS,13,"23,6","0,0","21,4",03:50,"25,7",13:50,04,"12,5","23,3",01:10,"11,8","1014,6",11,"1012,0",18
2016-07-24,C619Y,LA ALDEA DE SAN NICOLÁS,LAS PALMAS,13,"23,4","0,0","20,9",06:20,"25,8",13:40,06,"9,7","20,8",04:20,"11,7","1013,2",00,"1010,7",18
2016-07-25,C619Y,LA ALDEA DE SAN NICOLÁS,LAS PALMAS,13,"25,5","0,0","18,2",05:00,"32,8",14:30,04,"3,3","13,1",22:50,"10,8","1012,7",23,"1010,2",03
2016-07-26,C619Y,LA ALDEA DE SAN NICOLÁS,LAS PALMAS,13,"29,3","0,0","23,2",07:00,"35,4",12:10,01,"5,6","17,2",18:10,"10,9","1016,1",23,"1011,6",02
2016-07-27,C619Y,LA ALDEA DE SAN NICOLÁS,LAS PALMAS,13,"24,2","0,0","21,7",23:59,"26,8",12:30,36,"8,6","23,6",23:50,"11,6","1016,3",10,"1014,1",04
2016-07-28,C619Y,LA ALDEA DE SAN NICOLÁS,LAS PALMAS,13,"23,0","0,0","20,9",06:30,"25,2",14:50,04,"13,1","25,8",18:00,"12,0","1015,8",12,"1013,3",18
2016-07-29,C619Y,LA ALDEA DE SAN NICOLÁS,LAS PALMAS,13,"23,9","0,0","21,7",06:10,"26,1",14:40,04,"11,9","24,2",06:00,"11,7","1015,3",Varias,"1012,8",18
2016-07-30,C619Y,LA ALDEA DE SAN NICOLÁS,LAS PALMAS,13,"24,0","0,0","21,8",06:00,"26,2",13:30,05,"10,0","23,1",19:30,"7,3","1016,6",23,"1013,3",18
2016-07-31,C619Y,LA ALDEA DE SAN NICOLÁS,LAS PALMAS,13,"24,3","0,0","22,1",07:00,"26,5",14:40,04,"11,1","23,3",20:30,"10,8","1017,1",11,"1014,1",04
2016-08-01,C619Y,LA ALDEA DE SAN NICOLÁS,LAS PALMAS,13,"23,8","0,0","21,6",06:50,"26,0",14:40,04,"12,5","24,7",15:40,"11,8","1017,2",23,"1014,3",04
2016-08-02,C619Y,LA ALDEA DE SAN NICOLÁS,LAS PALMAS,13,"23,9","0,2","21,7",06:50,"26,1",14:50,06,"11,4","23,9",15:40,"12,1","1017,6",10,"1015,0",03
2016-08-03,C619Y,LA ALDEA DE SAN NICOLÁS,LAS PALMAS,13,"24,0","3,0","21,5",03:00,"26,5",14:50,05,"10,3","25,6",14:00,"11,9","1016,6",00,"1012,3",19
2016-08-04,C619Y,LA ALDEA DE SAN NICOLÁS,LAS PALMAS,13,"23,3","0,0","19,6",06:30,"27,0",14:50,05,"8,1","22,8",01:20,"11,7","1013,6",00,"1009,4",18
2016-08-05,C619Y,LA ALDEA DE SAN NICOLÁS,LAS PALMAS,13,"27,6","0,0","20,0",06:20,"35,2",15:40,99,"3,6","10,3",Varias,"11,6","1013,7",24,"1008,5",09
2016-08-06,C619Y,LA ALDEA DE SAN NICOLÁS,LAS PALMAS,13,"29,6","0,0","21,7",06:50,"37,5",10:40,01,"5,0","17,2",23:59,"9,4","1015,8",23,"1013,1",15
2016-08-07,C619Y,LA ALDEA DE SAN NICOLÁS,LAS PALMAS,13,"23,7","0,0","21,7",07:00,"25,7",15:10,02,"10,3","20,0",14:20,"11,9","1015,7",00,"1013,3",17
2016-08-08,C619Y,LA ALDEA DE SAN NICOLÁS,LAS PALMAS,13,"25,1","0,2","22,1",03:00,"28,1",15:30,03,"7,8","18,3",00:50,"12,1","1013,8",00,"1010,0",17
2016-08-09,C619Y,LA ALDEA DE SAN NICOLÁS,LAS PALMAS,13,"28,4","0,0","22,0",Varias,"34,8",13:10,03,"2,2","13,3",11:20,"9,1","1011,2",11,"1008,3",13
2016-08-10,C619Y,LA ALDEA DE SAN NICOLÁS,LAS PALMAS,13,"26,4","0,0","20,5",03:50,"32,4",11:50,01,"6,9","20,6",23:59,"11,5","1010,0",01,"1007,5",Varias
2016-08-11,C619Y,LA ALDEA DE SAN NICOLÁS,LAS PALMAS,13,"25,6","0,0","22,4",23:40,"28,8",10:50,01,"6,9","20,0",16:30,"11,7","1013,6",Varias,"1009,0",01
2016-08-12,C619Y,LA ALDEA DE SAN NICOLÁS,LAS PALMAS,13,"23,4","0,0","18,6",07:00,"28,1",13:30,02,"6,1","19,2",22:00,"11,9","1017,2",23,"1013,2",Varias
2016-08-13,C619Y,LA ALDEA DE SAN NICOLÁS,LAS PALMAS,13,"24,0","0,0","21,8",04:00,"26,3",13:50,06,"9,7","24,2",01:30,"11,8","1017,0",23,"1014,7",05
2016-08-14,C619Y,LA ALDEA DE SAN NICOLÁS,LAS PALMAS,13,"25,3","0,0","21,7",06:00,"28,9",14:30,06,"7,5","20,3",13:40,"10,7","1016,4",00,"1013,1",Varias
2016-08-15,C619Y,LA ALDEA DE SAN NICOLÁS,LAS PALMAS,13,"25,0","0,0","22,7",23:00,"27,3",14:50,07,"10,0","22,5",07:40,"11,6","1014,5",00,"1012,1",Varias
2016-08-16,C619Y,LA ALDEA DE SAN NICOLÁS,LAS PALMAS,13,"24,4","0,0","22,3",Varias,"26,6",13:50,04,"9,7","21,1",15:00,"11,5","1015,2",23,"1012,4",05
2016-08-17,C619Y,LA ALDEA DE SAN NICOLÁS,LAS PALMAS,13,"22,9","0,0","18,8",05:40,"27,0",14:30,02,"6,1","18,9",11:50,"11,6","1015,8",10,"1013,7",05
2016-08-18,C619Y,LA ALDEA DE SAN NICOLÁS,LAS PALMAS,13,"23,4","0,0","19,9",02:00,"26,8",13:20,02,"6,1","17,2",18:50,"11,4","1015,6",00,"1012,6",18
2016-08-19,C619Y,LA ALDEA DE SAN NICOLÁS,LAS PALMAS,13,"22,8","0,0","18,2",06:50,"27,3",15:10,36,"6,7","17,5",13:30,"11,9","1015,3",24,"1013,0",04
2016-08-20,C619Y,LA ALDEA DE SAN NICOLÁS,LAS PALMAS,13,"23,0","0,0","18,1",06:40,"28,0",13:50,05,"6,9","20,3",19:00,"11,8","1016,0",24,"1013,1",04
2016-08-21,C619Y,LA ALDEA DE SAN NICOLÁS,LAS PALMAS,13,"23,5","0,0","20,3",05:10,"26,7",09:30,04,"3,3","15,6",11:40,"0,8","1016,8",23,"1013,7",20
2016-08-22,C619Y,LA ALDEA DE SAN NICOLÁS,LAS PALMAS,13,"24,4","0,0","19,4",07:00,"29,5",14:00,03,"4,4","14,2",15:10,"11,5","1017,8",12,"1014,9",18
2016-08-23,C619Y,LA ALDEA DE SAN NICOLÁS,LAS PALMAS,13,"23,0","0,0","19,5",05:00,"26,6",14:50,01,"8,1","17,8",13:40,"11,6","1016,6",Varias,"1014,9",Varias
2016-08-24,C619Y,LA ALDEA DE SAN NICOLÁS,LAS PALMAS,13,"23,0","0,0","19,7",04:50,"26,3",12:40,02,"8,1","20,8",14:30,"11,6","1015,6",00,"1012,2",Varias
2016-08-25,C619Y,LA ALDEA DE SAN NICOLÁS,LAS PALMAS,13,"25,8","0,0","22,5",Varias,"29,1",12:40,10,"6,1","19,2",19:20,"11,9","1012,7",11,"1009,6",17
2016-08-26,C619Y,LA ALDEA DE SAN NICOLÁS,LAS PALMAS,13,"25,5","0,0","22,9",05:50,"28,1",12:30,05,"7,5","18,9",19:20,"11,1","1013,4",11,"1010,1",04
2016-08-27,C619Y,LA ALDEA DE SAN NICOLÁS,LAS PALMAS,13,"25,1","0,0","22,9",02:40,"27,3",12:50,04,"8,6","19,7",17:00,"8,9","1016,4",24,"1011,2",03
2016-08-28,C619Y,LA ALDEA DE SAN NICOLÁS,LAS PALMAS,13,"25,4","0,0","22,0",03:50,"28,7",12:50,04,"5,6","16,1",16:50,"5,7","1017,3",Varias,"1014,7",04
2016-08-29,C619Y,LA ALDEA DE SAN NICOLÁS,LAS PALMAS,13,"25,3","0,0","22,1",07:20,"28,5",13:20,02,"6,4","18,6",19:00,"10,8","1016,7",00,"1014,1",Varias
2016-08-30,C619Y,LA ALDEA DE SAN NICOLÁS,LAS PALMAS,13,"27,1","0,0","24,0",07:00,"30,2",16:40,04,"8,9","20,6",16:40,"10,9","1016,3",23,"1013,2",05
2016-08-31,C619Y,LA ALDEA DE SAN NICOLÁS,LAS PALMAS,13,"25,4","0,0","22,8",23:59,"28,1",01:00,36,"12,2","25,0",12:40,"11,5","1017,5",22,"1014,6",04
2016-09-01,C619Y,LA ALDEA DE SAN NICOLÁS,LAS PALMAS,13,"25,2","0,0","22,6",05:00,"27,8",16:20,06,"10,8","23,9",16:20,"11,7","1017,8",11,"1015,0",18
2016-09-02,C619Y,LA ALDEA DE SAN NICOLÁS,LAS PALMAS,13,"23,5","0,0","19,5",06:40,"27,5",14:40,04,"6,4","17,2",19:50,"11,3","1017,2",11,"1014,2",17
2016-09-03,C619Y,LA ALDEA DE SAN NICOLÁS,LAS PALMAS,13,"23,2","0,0","19,3",07:00,"27,0",13:50,02,"5,8","16,4",15:50,"11,4","1017,7",23,"1014,9",17
2016-09-04,C619Y,LA ALDEA DE SAN NICOLÁS,LAS PALMAS,13,"23,2","0,0","19,2",03:40,"27,1",14:30,99,"6,4","15,0",Varias,"11,7","1018,8",11,"1016,7",05
2016-09-05,C619Y,LA ALDEA DE SAN NICOLÁS,LAS PALMAS,13,"23,0","0,0","19,0",05:30,"27,0",14:00,01,"6,9","15,0",12:50,"11,7","1018,9",10,"1016,6",19
2016-09-06,C619Y,LA ALDEA DE SAN NICOLÁS,LAS PALMAS,13,"23,8","0,0","20,3",05:00,"27,2",13:40,04,"6,4","15,8",22:20,"11,7","1017,4",Varias,"1015,0",19
2016-09-07,C619Y,LA ALDEA DE SAN NICOLÁS,LAS PALMAS,13,"22,8","0,0","18,7",07:30,"27,0",14:40,02,"7,2","20,3",17:10,"11,7","1017,2",00,"1014,8",18
2016-09-08,C619Y,LA ALDEA DE SAN NICOLÁS,LAS PALMAS,13,"23,4","0,0","18,6",07:00,"28,1",13:50,04,"7,5","19,7",13:10,"11,6","1016,4",00,"1013,8",15
2016-09-09,C619Y,LA ALDEA DE SAN NICOLÁS,LAS PALMAS,13,"24,4","0,0","21,0",04:30,"27,8",13:20,36,"9,2","19,7",14:50,"11,5","1016,9",22,"1014,2",04
2016-09-10,C619Y,LA ALDEA DE SAN NICOLÁS,LAS PALMAS,13,"24,8","0,0","22,3",06:00,"27,4",14:30,05,"9,7","23,1",19:10,"11,5","1018,1",11,"1015,4",Varias
2016-09-11,C619Y,LA ALDEA DE SAN NICOLÁS,LAS PALMAS,13,"25,4","0,0","22,6",03:50,"28,2",14:00,08,"6,4","20,6",00:50,"11,5","1016,2",00,"1014,0",16
2016-09-12,C619Y,LA ALDEA DE SAN NICOLÁS,LAS PALMAS,13,"23,0","0,2","19,9",07:00,"26,1",11:20,07,"4,2","16,1",00:30,"0,8","1016,7",10,"1012,9",18
2016-09-13,C619Y,LA ALDEA DE SAN NICOLÁS,LAS PALMAS,13,"24,3","0,0","20,8",04:50,"27,8",13:50,06,"7,5","17,5",19:40,"11,4","1019,5",23,"1015,2",03
2016-09-14,C619Y,LA ALDEA DE SAN NICOLÁS,LAS PALMAS,13,"26,3","0,0","22,4",23:59,"30,2",14:30,99,"6,7","22,8",16:30,"11,5","1019,3",Varias,"1016,5",16
2016-09-15,C619Y,LA ALDEA DE SAN NICOLÁS,LAS PALMAS,13,"25,4","0,0","21,9",06:10,"28,8",14:30,09,"5,8","18,9",09:50,"7,8","1019,6",12,"1016,4",05
2016-09-16,C619Y,LA ALDEA DE SAN NICOLÁS,LAS PALMAS,13,"25,7","0,0","22,3",02:50,"29,1",15:20,09,"7,8","21,7",17:40,"11,4","1018,5",10,"1015,8",18
2016-09-17,C619Y,LA ALDEA DE SAN NICOLÁS,LAS PALMAS,13,"25,0","0,0","22,0",06:50,"28,0",14:00,07,"7,8","21,1",13:50,"11,4","1018,0",10,"1015,9",17
2016-09-18,C619Y,LA ALDEA DE SAN NICOLÁS,LAS PALMAS,13,"24,3","0,0","20,9",05:30,"27,7",14:50,06,"6,1","18,1",00:10,"8,8","1018,6",13,"1016,2",04
2016-09-19,C619Y,LA ALDEA DE SAN NICOLÁS,LAS PALMAS,13,"23,6","0,0","19,6",04:20,"27,5",14:30,04,"4,4","15,6",12:20,"11,2","1018,5",01,"1016,3",14
2016-09-20,C619Y,LA ALDEA DE SAN NICOLÁS,LAS PALMAS,13,"24,4","0,0","20,3",06:50,"28,6",13:40,10,"3,3","15,3",10:20,"11,1","1017,4",Varias,"1015,6",19
2016-09-21,C619Y,LA ALDEA DE SAN NICOLÁS,LAS PALMAS,13,"23,0","0,0","18,2",06:50,"27,8",12:30,06,"4,4","16,9",17:40,"11,3","1019,1",23,"1015,8",05
2016-09-22,C619Y,LA ALDEA DE SAN NICOLÁS,LAS PALMAS,13,"22,2","0,0","17,8",04:00,"26,6",14:00,07,"7,8","20,0",23:10,"11,3","1020,7",22,"1017,9",Varias
2016-09-23,C619Y,LA ALDEA DE SAN NICOLÁS,LAS PALMAS,13,"24,6","0,0","21,6",07:30,"27,7",13:40,07,"6,7","24,2",19:10,"11,2","1021,1",10,"1018,3",16
2016-09-24,C619Y,LA ALDEA DE SAN NICOLÁS,LAS PALMAS,13,"24,5","0,0","22,1",05:00,"26,9",14:30,07,"7,5","23,3",17:50,"11,2","1019,5",22,"1017,2",17
2016-09-25,C619Y,LA ALDEA DE SAN NICOLÁS,LAS PALMAS,13,"24,8","0,0","22,2",04:50,"27,4",11:10,09,"6,7","20,8",22:40,"11,2","1018,7",10,"1015,6",17
2016-09-26,C619Y,LA ALDEA DE SAN NICOLÁS,LAS PALMAS,13,"25,1","0,0","22,4",23:59,"27,8",13:40,04,"8,6","22,8",15:30,"11,1","1017,7",Varias,"1014,9",05
2016-09-27,C619Y,LA ALDEA DE SAN NICOLÁS,LAS PALMAS,13,"22,8","0,0","19,2",07:30,"26,5",14:00,99,"7,8","18,9",Varias,"11,1","1017,1",00,"1014,8",16
2016-09-28,C619Y,LA ALDEA DE SAN NICOLÁS,LAS PALMAS,13,"22,8","0,0","18,8",01:40,"26,7",14:20,05,"8,6","18,6",17:00,"11,0","1016,1",00,"1013,2",16
2016-09-29,C619Y,LA ALDEA DE SAN NICOLÁS,LAS PALMAS,13,"23,8","0,0","20,8",07:00,"26,7",13:40,36,"6,1","16,1",17:00,"10,4","1014,7",10,"1012,2",Varias
2016-09-30,C619Y,LA ALDEA DE SAN NICOLÁS,LAS PALMAS,13,"23,0","0,0","18,9",07:20,"27,0",14:20,05,"5,0","13,6",03:40,"11,0","1015,8",11,"1012,4",04
2016-10-01,C619Y,LA ALDEA DE SAN NICOLÁS,LAS PALMAS,13,"23,2","0,0","18,4",07:30,"28,0",14:00,10,"3,3","14,7",17:40,"10,8","1015,9",12,"1013,0",04
2016-10-02,C619Y,LA ALDEA DE SAN NICOLÁS,LAS PALMAS,13,"23,2","0,0","18,3",07:10,"28,2",13:20,04,"2,5","13,1",11:40,"10,0","1015,8",11,"1013,3",18
2016-10-03,C619Y,LA ALDEA DE SAN NICOLÁS,LAS PALMAS,13,"23,6","0,0","18,3",03:00,"28,9",11:50,09,"4,2","13,6",20:10,"8,5","1016,6",23,"1013,7",04
2016-10-04,C619Y,LA ALDEA DE SAN NICOLÁS,LAS PALMAS,13,"23,7","0,0","21,3",08:30,"26,1",10:40,10,"5,6","17,5",10:50,"4,2","1016,9",Varias,"1013,8",22
2016-10-05,C619Y,LA ALDEA DE SAN NICOLÁS,LAS PALMAS,13,"24,2","0,0","21,5",00:40,"26,9",17:00,09,"3,6","12,8",00:40,"5,3","1014,0",00,"1010,9",18
2016-10-06,C619Y,LA ALDEA DE SAN NICOLÁS,LAS PALMAS,13,"24,0","0,0","20,7",05:10,"27,4",11:40,09,"4,2","12,2",12:10,"3,6","1011,8",24,"1009,4",16
2016-10-07,C619Y,LA ALDEA DE SAN NICOLÁS,LAS PALMAS,13,"24,6","0,0","21,8",07:10,"27,5",12:00,07,"4,2","14,4",16:50,"8,6","1015,9",Varias,"1011,1",03
2016-10-08,C619Y,LA ALDEA DE SAN NICOLÁS,LAS PALMAS,13,"23,4","0,0","19,6",06:20,"27,3",12:00,05,"4,7","16,7",13:40,"10,7","1019,0",22,"1015,1",02
2016-10-09,C619Y,LA ALDEA DE SAN NICOLÁS,LAS PALMAS,13,"22,0","0,0","17,5",07:40,"26,4",13:20,06,"5,8","15,3",13:10,"10,5","1018,9",10,"1015,8",18
2016-10-10,C619Y,LA ALDEA DE SAN NICOLÁS,LAS PALMAS,13,"21,2","0,0","15,4",07:20,"27,0",16:20,01,"5,3","15,6",18:00,"10,7","1017,3",00,"1014,9",17
2016-10-11,C619Y,LA ALDEA DE SAN NICOLÁS,LAS PALMAS,13,"21,4","0,0","16,3",07:00,"26,4",11:20,02,"4,7","14,4",12:20,"10,7","1017,3",10,"1014,6",Varias
2016-10-12,C619Y,LA ALDEA DE SAN NICOLÁS,LAS PALMAS,13,"22,2","0,0","16,7",07:30,"27,6",15:00,04,"3,9","12,2",16:10,"10,6","1016,4",10,"1014,1",Varias
2016-10-13,C619Y,LA ALDEA DE SAN NICOLÁS,LAS PALMAS,13,"25,7","0,0","20,8",04:50,"30,6",13:40,09,"4,2","15,6",09:20,"9,3","1015,5",12,"1012,6",06
2016-10-14,C619Y,LA ALDEA DE SAN NICOLÁS,LAS PALMAS,13,"23,8","0,0","19,9",23:59,"27,6",13:10,36,"3,3","11,9",14:00,"7,0","1014,8",00,"1011,8",15
2016-10-15,C619Y,LA ALDEA DE SAN NICOLÁS,LAS PALMAS,13,"21,4","0,0","16,9",04:40,"25,8",15:50,28,"3,3","8,9",15:30,"9,9","1013,7",11,"1011,1",05
2016-10-16,C619Y,LA ALDEA DE SAN NICOLÁS,LAS PALMAS,13,"24,1","0,0","18,1",03:00,"30,1",13:00,24,"3,1","11,9",21:20,"5,1","1016,2",22,"1010,9",06
2016-10-17,C619Y,LA ALDEA DE SAN NICOLÁS,LAS PALMAS,13,"26,0","0,0","21,3",23:59,"30,6",15:20,09,"5,0","12,2",01:10,"8,3","1017,9",11,"1012,2",04
2016-10-18,C619Y,LA ALDEA DE SAN NICOLÁS,LAS PALMAS,13,"24,1","0,0","18,3",07:20,"29,9",16:40,02,"4,2","11,1",18:20,"10,2","1018,0",10,"1015,6",17
2016-10-19,C619Y,LA ALDEA DE SAN NICOLÁS,LAS PALMAS,13,"22,7","0,0","16,6",07:00,"28,8",13:50,02,"4,2","11,7",15:00,"10,3","1016,7",00,"1013,4",Varias
2016-10-20,C619Y,LA ALDEA DE SAN NICOLÁS,LAS PALMAS,13,"22,8","0,0","16,7",07:20,"29,0",15:00,01,"3,6","11,9",13:30,"10,4","1014,4",09,"1011,5",18
2016-10-21,C619Y,LA ALDEA DE SAN NICOLÁS,LAS PALMAS,13,"21,0","0,0","16,2",07:30,"25,9",13:00,29,"3,1","7,2",10:40,"9,4","1013,8",11,"1011,3",16
2016-10-22,C619Y,LA ALDEA DE SAN NICOLÁS,LAS PALMAS,13,"21,1","0,0","15,2",07:20,"27,0",13:00,27,"3,9","10,8",14:50,"10,0","1014,5",10,"1011,5",03
2016-10-23,C619Y,LA ALDEA DE SAN NICOLÁS,LAS PALMAS,13,"22,4","0,0","16,9",06:20,"27,8",11:30,02,"4,7","11,1",16:40,"7,7","1013,2",00,"1009,0",19
2016-10-24,C619Y,LA ALDEA DE SAN NICOLÁS,LAS PALMAS,13,"23,0","0,0","19,4",23:59,"26,5",13:20,22,"2,8","11,4",16:40,"3,1","1009,3",00,"1005,3",18
2016-10-25,C619Y,LA ALDEA DE SAN NICOLÁS,LAS PALMAS,13,"23,0","0,0","18,9",01:00,"27,2",13:50,28,"2,8","10,3",20:50,"7,6","1007,5",10,"1004,9",24
2016-10-26,C619Y,LA ALDEA DE SAN NICOLÁS,LAS PALMAS,13,"20,8","0,0","17,5",12:40,"24,1",10:20,15,"4,2","13,9",18:20,"3,9","1009,5",24,"1003,9",04
2016-10-27,C619Y,LA ALDEA DE SAN NICOLÁS,LAS PALMAS,13,"23,4","0,0","17,9",04:50,"29,0",15:30,12,"2,8","10,3",10:50,"9,1","1015,0",Varias,"1009,2",02
2016-10-28,C619Y,LA ALDEA DE SAN NICOLÁS,LAS PALMAS,13,"23,4","0,0","17,8",07:40,"29,1",14:40,25,"2,5","8,6",17:20,"8,9","1018,0",22,"1014,1",05
2016-10-29,C619Y,LA ALDEA DE SAN NICOLÁS,LAS PALMAS,13,"23,9","0,0","19,8",23:59,"28,0",14:30,03,"3,3","9,4",15:50,"9,1","1018,8",10,"1015,6",16
2016-10-30,C619Y,LA ALDEA DE SAN NICOLÁS,LAS PALMAS,13,"23,2","0,0","18,1",04:30,"28,4",14:00,03,"3,3","11,1",21:00,"8,7","1015,9",00,"1013,0",Varias
2016-10-31,C619Y,LA ALDEA DE SAN NICOLÁS,LAS PALMAS,13,"23,2","0,0","20,2",06:00,"26,3",12:20,03,"4,2","11,7",20:20,"4,8","1017,1",23,"1013,0",06
2016-11-01,C619Y,LA ALDEA DE SAN NICOLÁS,LAS PALMAS,13,"21,5","0,0","17,3",07:50,"25,7",14:00,02,"3,3","10,8",15:40,"7,4","1019,1",10,"1016,6",Varias
2016-11-02,C619Y,LA ALDEA DE SAN NICOLÁS,LAS PALMAS,13,"21,4","0,0","16,0",07:50,"26,7",14:40,01,"3,9","10,3",20:30,"9,1","1018,0",09,"1014,7",15
2016-11-03,C619Y,LA ALDEA DE SAN NICOLÁS,LAS PALMAS,13,"22,4","0,0","18,4",08:00,"26,4",13:20,25,"2,5","8,9",15:20,"3,8","1015,8",00,"1012,9",15
2016-11-04,C619Y,LA ALDEA DE SAN NICOLÁS,LAS PALMAS,13,"23,1","0,0","19,2",22:50,"27,0",15:10,24,"3,1","9,2",12:20,"8,5","1014,3",10,"1011,6",Varias
2016-11-05,C619Y,LA ALDEA DE SAN NICOLÁS,LAS PALMAS,13,"21,2","0,0","16,7",23:59,"25,8",14:20,24,"3,1","9,7",13:00,"7,3","1013,6",11,"1010,8",16
2016-11-06,C619Y,LA ALDEA DE SAN NICOLÁS,LAS PALMAS,13,"20,0","0,0","15,2",07:00,"24,7",14:40,06,"3,1","8,3",18:40,"9,9","1014,0",23,"1011,7",16
2016-11-07,C619Y,LA ALDEA DE SAN NICOLÁS,LAS PALMAS,13,"20,4","0,0","15,7",06:20,"25,1",12:50,08,"3,1","12,8",16:40,"8,3","1019,1",23,"1013,7",03
2016-11-08,C619Y,LA ALDEA DE SAN NICOLÁS,LAS PALMAS,13,"22,7","0,0","20,1",00:20,"25,3",13:00,04,"6,9","15,3",14:20,"8,9","1023,7",23,"1018,7",00
2016-11-09,C619Y,LA ALDEA DE SAN NICOLÁS,LAS PALMAS,13,"19,5","0,0","14,7",07:00,"24,3",14:00,03,"6,4","18,3",13:30,"9,8","1024,7",11,"1021,4",17
2016-11-10,C619Y,LA ALDEA DE SAN NICOLÁS,LAS PALMAS,13,"18,4","0,0","12,3",07:10,"24,4",14:50,04,"6,1","18,3",16:00,"9,7","1024,7",00,"1021,1",17
2016-11-11,C619Y,LA ALDEA DE SAN NICOLÁS,LAS PALMAS,13,"21,4","0,0","16,6",01:20,"26,3",14:30,08,"7,8","17,8",12:30,"8,6","1022,9",11,"1020,0",19
2016-11-12,C619Y,LA ALDEA DE SAN NICOLÁS,LAS PALMAS,13,"21,0","0,0","16,2",23:50,"25,8",12:40,05,"6,9","14,7",14:10,"8,8","1020,7",11,"1017,8",17
2016-11-13,C619Y,LA ALDEA DE SAN NICOLÁS,LAS PALMAS,13,"19,0","0,0","12,8",07:30,"25,3",13:30,07,"6,1","18,3",16:20,"9,6","1018,6",00,"1014,9",16
2016-11-14,C619Y,LA ALDEA DE SAN NICOLÁS,LAS PALMAS,13,"20,5","0,0","15,2",04:40,"25,8",15:10,07,"4,7","13,3",17:10,"7,2","1016,1",00,"1012,5",16
2016-11-15,C619Y,LA ALDEA DE SAN NICOLÁS,LAS PALMAS,13,"19,6","0,0","12,8",07:30,"26,5",12:40,03,"6,1","15,8",16:00,"9,5","1014,8",10,"1011,8",16
2016-11-16,C619Y,LA ALDEA DE SAN NICOLÁS,LAS PALMAS,13,"19,8","0,0","12,1",07:40,"27,4",14:50,36,"2,8","8,9",15:30,"9,5","1014,5",Varias,"1012,4",15
2016-11-17,C619Y,LA ALDEA DE SAN NICOLÁS,LAS PALMAS,13,"20,2","0,0","13,3",04:00,"27,0",13:40,31,"2,8","7,5",14:20,"9,4","1014,4",Varias,"1012,4",15
2016-11-18,C619Y,LA ALDEA DE SAN NICOLÁS,LAS PALMAS,13,"20,1","0,0","13,4",06:40,"26,8",15:50,29,"3,1","7,5",13:20,"9,1","1016,0",24,"1012,5",Varias
2016-11-19,C619Y,LA ALDEA DE SAN NICOLÁS,LAS PALMAS,13,"19,8","0,0","13,9",06:00,"25,6",13:30,02,"1,9","7,5",18:50,"9,2","1018,3",11,"1015,6",Varias
2016-11-20,C619Y,LA ALDEA DE SAN NICOLÁS,LAS PALMAS,13,"19,6","0,0","14,6",05:40,"24,5",15:30,02,"4,4","11,1",12:30,"8,3","1018,7",10,"1015,9",19
2016-11-21,C619Y,LA ALDEA DE SAN NICOLÁS,LAS PALMAS,13,"19,1","0,0","14,6",06:50,"23,6",13:00,36,"2,5","6,4",14:10,"2,2","1017,6",00,"1013,2",18
2016-11-22,C619Y,LA ALDEA DE SAN NICOLÁS,LAS PALMAS,13,"17,6","0,0","14,8",07:40,"20,5",13:00,08,"3,6","13,9",22:40,"0,3","1014,8",24,"1010,7",06
2016-11-23,C619Y,LA ALDEA DE SAN NICOLÁS,LAS PALMAS,13,"19,4","0,0","16,0",23:59,"22,9",16:00,08,"4,2","13,6",10:10,"5,8","1018,9",23,"1013,5",04
2016-11-24,C619Y,LA ALDEA DE SAN NICOLÁS,LAS PALMAS,13,"18,2","0,0","13,4",07:50,"22,9",12:10,06,"3,6","9,4",11:40,"4,9","1019,6",11,"1016,7",16
2016-11-25,C619Y,LA ALDEA DE SAN NICOLÁS,LAS PALMAS,13,"18,6","0,0","13,7",06:10,"23,4",14:00,99,"2,5","11,9",20:40,"5,0","1017,3",00,"1010,5",18
2016-11-26,C619Y,LA ALDEA DE SAN NICOLÁS,LAS PALMAS,13,"18,2","0,0","13,9",06:40,"22,4",15:40,07,"4,2","13,3",16:40,"4,7","1014,2",Varias,"1010,4",Varias
2016-11-27,C619Y,LA ALDEA DE SAN NICOLÁS,LAS PALMAS,13,"19,0","0,0","13,7",07:30,"24,4",11:50,09,"3,1","10,8",14:10,"7,4","1016,3",24,"1013,3",05
2016-11-28,C619Y,LA ALDEA DE SAN NICOLÁS,LAS PALMAS,13,"19,2","0,0","14,5",08:20,"23,8",14:50,04,"3,1","10,3",12:30,"9,1","1016,4",10,"1013,4",18
2016-11-29,C619Y,LA ALDEA DE SAN NICOLÁS,LAS PALMAS,13,"19,6","0,0","16,1",23:59,"23,0",15:50,24,"1,9","7,8",08:10,"1,8","1014,4",00,"1011,5",16
2016-11-30,C619Y,LA ALDEA DE SAN NICOLÁS,LAS PALMAS,13,"19,6","0,0","14,6",23:50,"24,7",15:30,28,"3,1","7,8",02:20,"8,2","1017,9",24,"1012,7",02
2016-12-01,C619Y,LA ALDEA DE SAN NICOLÁS,LAS PALMAS,13,"17,6","0,0","12,3",06:00,"22,8",13:40,24,"2,2","6,9",11:20,"6,5","1018,7",11,"1015,5",16
2016-12-02,C619Y,LA ALDEA DE SAN NICOLÁS,LAS PALMAS,13,"21,9","0,0","15,6",01:20,"28,2",14:10,22,"3,3","13,9",22:50,"8,3","1015,9",00,"1011,1",19
2016-12-03,C619Y,LA ALDEA DE SAN NICOLÁS,LAS PALMAS,13,"24,0","0,0","21,4",Varias,"26,7",13:30,18,"3,9","19,4",07:50,"5,9","1011,6",00,"1008,0",16
2016-12-04,C619Y,LA ALDEA DE SAN NICOLÁS,LAS PALMAS,13,"22,1","0,0","17,2",06:00,"27,0",14:50,24,"2,8","13,1",00:50,"7,7","1016,7",24,"1009,9",02
2016-12-05,C619Y,LA ALDEA DE SAN NICOLÁS,LAS PALMAS,13,"20,0","0,0","15,4",08:00,"24,6",14:30,04,"3,3","11,1",17:00,"8,9","1020,3",22,"1016,2",Varias
2016-12-06,C619Y,LA ALDEA DE SAN NICOLÁS,LAS PALMAS,13,"18,8","0,0","14,2",07:40,"23,4",12:20,07,"4,2","13,6",19:50,"4,0","1020,9",10,"1019,2",16
2016-12-07,C619Y,LA ALDEA DE SAN NICOLÁS,LAS PALMAS,13,"19,7","0,0","15,2",23:59,"24,2",16:10,02,"2,8","7,2",18:50,"8,7","1020,4",10,"1017,6",15
2016-12-08,C619Y,LA ALDEA DE SAN NICOLÁS,LAS PALMAS,13,"20,1","0,0","12,9",06:10,"27,3",14:20,36,"2,8","6,7",15:00,"8,0","1020,6",10,"1017,5",16
2016-12-09,C619Y,LA ALDEA DE SAN NICOLÁS,LAS PALMAS,13,"19,3","0,0","12,5",08:10,"26,1",13:50,02,"2,5","7,2",15:50,"4,6","1021,6",11,"1018,6",Varias
2016-12-10,C619Y,LA ALDEA DE SAN NICOLÁS,LAS PALMAS,13,"18,6","0,0","11,8",08:00,"25,3",13:10,36,"2,2","6,1",12:30,"8,9","1022,4",Varias,"1019,7",04
2016-12-11,C619Y,LA ALDEA DE SAN NICOLÁS,LAS PALMAS,13,"18,0","0,0","11,2",06:50,"24,9",13:10,01,"3,3","10,0",15:20,"8,8","1021,6",11,"1018,1",16
2016-12-12,C619Y,LA ALDEA DE SAN NICOLÁS,LAS PALMAS,13,"18,7","0,0","12,8",08:10,"24,6",14:50,24,"3,6","6,7",15:00,"8,3","1019,7",24,"1016,7",Varias
2016-12-13,C619Y,LA ALDEA DE SAN NICOLÁS,LAS PALMAS,13,"17,8","0,0","11,0",07:50,"24,5",14:50,26,"2,5","5,3",13:40,"9,0","1023,3",23,"1018,8",04
2016-12-14,C619Y,LA ALDEA DE SAN NICOLÁS,LAS PALMAS,13,"17,2","0,0","11,2",06:00,"23,1",14:50,04,"4,2","14,7",15:50,"8,8","1025,8",23,"1022,2",05
2016-12-15,C619Y,LA ALDEA DE SAN NICOLÁS,LAS PALMAS,13,"20,0","0,0","15,3",02:50,"24,7",15:10,08,"6,9","17,5",13:20,"7,9","1026,7",10,"1024,1",06
2016-12-16,C619Y,LA ALDEA DE SAN NICOLÁS,LAS PALMAS,13,"20,6","1,0","17,3",22:40,"24,0",14:10,08,"6,1","21,4",21:00,"2,3","1027,4",08,"1023,3",24
2016-12-17,C619Y,LA ALDEA DE SAN NICOLÁS,LAS PALMAS,13,"18,8","2,2","16,3",03:20,"21,2",12:30,08,"5,8","23,1",09:30,"3,1","1023,5",01,"1018,4",18
2016-12-18,C619Y,LA ALDEA DE SAN NICOLÁS,LAS PALMAS,13,"18,3","0,6","15,7",02:30,"20,9",15:20,11,"3,9","17,2",00:30,"2,0","1020,6",22,"1018,0",14
2016-12-19,C619Y,LA ALDEA DE SAN NICOLÁS,LAS PALMAS,13,"18,6","0,0","15,2",23:20,"22,0",14:00,10,"3,1","13,1",18:10,"3,6","1021,8",11,"1019,0",06
2016-12-20,C619Y,LA ALDEA DE SAN NICOLÁS,LAS PALMAS,13,"16,8","0,0","10,5",07:00,"23,2",13:10,10,"3,6","13,3",12:30,"8,0","1022,6",Varias,"1019,9",16
2016-12-21,C619Y,LA ALDEA DE SAN NICOLÁS,LAS PALMAS,13,"17,2","0,0","11,4",04:00,"23,1",14:40,05,"3,9","12,8",15:20,"8,5","1022,6",11,"1019,3",15
2016-12-22,C619Y,LA ALDEA DE SAN NICOLÁS,LAS PALMAS,13,"17,4","0,0","10,1",08:30,"24,6",14:00,05,"3,1","11,7",14:10,"7,4","1024,5",11,"1020,8",16
2016-12-23,C619Y,LA ALDEA DE SAN NICOLÁS,LAS PALMAS,13,"14,8","5,8","11,2",23:10,"18,4",08:30,22,"1,4","4,7",07:50,"1,1","1026,7",10,"1023,0",03
2016-12-24,C619Y,LA ALDEA DE SAN NICOLÁS,LAS PALMAS,13,"17,2","1,6","11,6",08:00,"22,7",13:30,31,"2,2","5,3",14:20,"2,2","1025,4",11,"1022,3",16
2016-12-25,C619Y,LA ALDEA DE SAN NICOLÁS,LAS PALMAS,13,"17,0","0,0","12,9",08:40,"21,2",12:00,23,"2,2","7,8",03:10,"5,6","1024,2",00,"1020,7",16
2016-12-26,C619Y,LA ALDEA DE SAN NICOLÁS,LAS PALMAS,13,"17,1","0,0","12,1",03:00,"22,1",14:50,07,"1,9","4,4",09:00,"7,1","1023,3",11,"1019,6",16
2016-12-27,C619Y,LA ALDEA DE SAN NICOLÁS,LAS PALMAS,13,"16,8","0,0","10,4",03:30,"23,1",15:00,24,"2,5","5,3",12:20,"8,3","1022,7",Varias,"1019,7",16
2016-12-28,C619Y,LA ALDEA DE SAN NICOLÁS,LAS PALMAS,13,"16,8","0,0","11,3",04:20,"22,4",14:50,35,"2,2","5,0",12:40,"2,4","1022,1",10,"1019,0",16
2016-12-29,C619Y,LA ALDEA DE SAN NICOLÁS,LAS PALMAS,13,"16,6","0,0","10,2",07:40,"22,9",12:30,34,"2,2","5,8",15:40,"8,9","1023,3",Varias,"1020,2",17
2016-12-30,C619Y,LA ALDEA DE SAN NICOLÁS,LAS PALMAS,13,"16,9","0,0","11,0",08:00,"22,8",12:40,36,"2,2","7,2",15:00,"8,1","1023,9",10,"1021,0",18
2016-12-31,C619Y,LA ALDEA DE SAN NICOLÁS,LAS PALMAS,13,"17,4","0,0","9,9",06:20,"25,0",13:00,15,"2,8","11,1",10:40,"8,9","1022,3",10,"1018,8",16
2017-01-01,C619Y,LA ALDEA DE SAN NICOLÁS,LAS PALMAS,13,"16,5","0,0","9,3",08:00,"23,7",15:10,01,"3,3","8,9",15:30,"9,0","1020,5",00,"1016,2",16
2017-01-02,C619Y,LA ALDEA DE SAN NICOLÁS,LAS PALMAS,13,"18,0","0,0","10,0",02:30,"26,0",14:30,14,"3,9","11,9",10:20,"8,9","1016,5",00,"1012,3",16
2017-01-03,C619Y,LA ALDEA DE SAN NICOLÁS,LAS PALMAS,13,"17,0","0,0","10,1",06:20,"24,0",16:00,13,"2,2","10,6",09:20,"8,9","1020,8",24,"1014,5",02
2017-01-04,C619Y,LA ALDEA DE SAN NICOLÁS,LAS PALMAS,13,"17,4","0,0","9,5",07:50,"25,4",15:40,35,"2,2","7,8",16:10,"9,0","1022,4",11,"1019,6",Varias
2017-01-05,C619Y,LA ALDEA DE SAN NICOLÁS,LAS PALMAS,13,"15,9","0,2","9,8",06:00,"22,0",14:30,29,"2,2","6,9",17:30,"0,8","1021,1",00,"1015,6",17
2017-01-06,C619Y,LA ALDEA DE SAN NICOLÁS,LAS PALMAS,13,"17,7","0,0","8,7",08:20,"26,7",14:40,17,"3,3","10,0",12:00,"9,1","1016,6",00,"1013,1",17
2017-01-07,C619Y,LA ALDEA DE SAN NICOLÁS,LAS PALMAS,13,"18,8","0,0","10,0",06:40,"27,7",14:40,14,"3,6","13,3",12:20,"8,9","1017,1",11,"1014,7",06
2017-01-08,C619Y,LA ALDEA DE SAN NICOLÁS,LAS PALMAS,13,"18,2","0,0","12,0",01:50,"24,5",12:30,12,"2,8","5,8",02:30,"7,7","1019,3",23,"1015,9",00
2017-01-09,C619Y,LA ALDEA DE SAN NICOLÁS,LAS PALMAS,13,"18,2","0,0","11,5",06:10,"24,8",13:40,29,"3,1","5,8",16:50,"8,9","1023,0",23,"1018,2",05
2017-01-10,C619Y,LA ALDEA DE SAN NICOLÁS,LAS PALMAS,13,"15,1","0,0","8,8",07:40,"21,4",13:50,04,"6,7","20,3",23:59,"9,1","1024,0",12,"1020,8",16
2017-01-11,C619Y,LA ALDEA DE SAN NICOLÁS,LAS PALMAS,13,"19,5","0,0","17,2",05:30,"21,8",14:20,06,"8,1","21,1",08:30,"8,0","1022,3",00,"1018,9",17
2017-01-12,C619Y,LA ALDEA DE SAN NICOLÁS,LAS PALMAS,13,"17,8","0,0","13,7",23:59,"21,8",13:50,08,"3,6","18,9",05:30,"6,6","1021,1",Varias,"1017,6",Varias
2017-01-13,C619Y,LA ALDEA DE SAN NICOLÁS,LAS PALMAS,13,"17,0","0,0","11,1",05:00,"23,0",12:50,02,"2,2","7,2",12:50,"7,0","1023,1",11,"1020,3",02
2017-01-14,C619Y,LA ALDEA DE SAN NICOLÁS,LAS PALMAS,13,"16,1","0,0","9,6",08:30,"22,6",16:30,03,"3,9","13,6",21:20,"9,0","1021,9",00,"1017,0",18
2017-01-15,C619Y,LA ALDEA DE SAN NICOLÁS,LAS PALMAS,13,"19,1","0,0","16,8",02:00,"21,4",14:30,07,"7,8","17,2",21:00,"8,3","1019,8",Varias,"1016,3",17
2017-01-16,C619Y,LA ALDEA DE SAN NICOLÁS,LAS PALMAS,13,"16,6","0,0","10,6",06:40,"22,5",17:00,07,"2,8","12,2",00:30,"9,3","1020,1",11,"1017,1",17
2017-01-17,C619Y,LA ALDEA DE SAN NICOLÁS,LAS PALMAS,13,"15,6","0,0","8,8",07:30,"22,4",13:30,29,"2,5","5,3",12:30,"9,3","1020,6",10,"1017,2",16
2017-01-18,C619Y,LA ALDEA DE SAN NICOLÁS,LAS PALMAS,13,"15,9","0,0","9,9",06:10,"21,9",13:30,07,"5,6","15,3",17:50,"6,3","1019,1",11,"1016,0",16
2017-01-19,C619Y,LA ALDEA DE SAN NICOLÁS,LAS PALMAS,13,"19,0","0,0","15,6",05:50,"22,5",14:30,10,"4,2","15,0",14:20,"4,1","1020,2",12,"1017,5",04
2017-01-20,C619Y,LA ALDEA DE SAN NICOLÁS,LAS PALMAS,13,"18,1","0,4","13,7",23:00,"22,5",13:40,09,"2,8","15,8",02:30,"5,8","1021,5",Varias,"1018,2",07
2017-01-21,C619Y,LA ALDEA DE SAN NICOLÁS,LAS PALMAS,13,"18,9","3,0","14,4",03:00,"23,4",13:00,10,"4,4","13,6",14:40,"5,0","1022,0",11,"1018,9",05
2017-01-22,C619Y,LA ALDEA DE SAN NICOLÁS,LAS PALMAS,13,"18,8","0,0","15,6",05:30,"21,9",14:50,12,"5,8","18,3",21:40,"8,1","1024,3",Varias,"1020,3",05
2017-01-23,C619Y,LA ALDEA DE SAN NICOLÁS,LAS PALMAS,13,"17,6","5,2","15,6",03:00,"19,5",11:20,10,"5,8","13,6",17:30,"0,2","1025,3",11,"1022,2",16
2017-01-24,C619Y,LA ALDEA DE SAN NICOLÁS,LAS PALMAS,13,"18,2","0,0","14,7",Varias,"21,6",15:30,11,"7,2","18,9",03:50,"9,4","1025,6",11,"1021,8",17
2017-01-25,C619Y,LA ALDEA DE SAN NICOLÁS,LAS PALMAS,13,"15,6","0,0","10,7",06:00,"20,6",14:50,27,"2,5","8,3",14:20,"5,5","1022,8",11,"1019,4",16
2017-01-26,C619Y,LA ALDEA DE SAN NICOLÁS,LAS PALMAS,13,"15,8","0,2","9,6",05:00,"22,0",15:30,03,"3,3","11,7",22:40,"7,8","1020,9",24,"1018,2",Varias
2017-01-27,C619Y,LA ALDEA DE SAN NICOLÁS,LAS PALMAS,13,"17,4","0,0","12,7",23:59,"22,0",14:40,36,"4,2","10,0",15:50,"4,9","1023,8",11,"1020,6",04
2017-01-28,C619Y,LA ALDEA DE SAN NICOLÁS,LAS PALMAS,13,"16,9","0,0","11,3",04:00,"22,5",13:40,04,"2,5","9,4",13:50,"7,9","1024,9",11,"1021,7",17
2017-01-29,C619Y,LA ALDEA DE SAN NICOLÁS,LAS PALMAS,13,"16,4","0,0","10,7",06:10,"22,1",13:00,07,"4,4","15,6",17:10,"7,8","1023,7",11,"1020,6",16
2017-01-30,C619Y,LA ALDEA DE SAN NICOLÁS,LAS PALMAS,13,"16,1","0,0","10,9",07:40,"21,3",13:00,10,"3,1","12,2",01:20,"7,3","1022,7",00,"1019,3",17
2017-01-31,C619Y,LA ALDEA DE SAN NICOLÁS,LAS PALMAS,13,"17,6","1,0","11,5",05:00,"23,6",12:50,11,"3,6","15,0",16:30,"5,1","1020,9",01,"1017,7",06
2017-02-01,C619Y,LA ALDEA DE SAN NICOLÁS,LAS PALMAS,13,"17,8","1,8","14,9",22:20,"20,7",16:50,12,"4,4","16,1",00:40,"4,3","1022,9",22,"1019,3",05
2017-02-02,C619Y,LA ALDEA DE SAN NICOLÁS,LAS PALMAS,13,"18,8","0,0","15,1",23:59,"22,6",11:40,08,"3,1","12,5",00:40,"4,3","1025,1",24,"1022,0",05
2017-02-03,C619Y,LA ALDEA DE SAN NICOLÁS,LAS PALMAS,13,"16,9","0,0","11,8",23:59,"22,0",14:50,03,"4,4","10,8",18:20,"8,8","1026,3",11,"1023,5",06
2017-02-04,C619Y,LA ALDEA DE SAN NICOLÁS,LAS PALMAS,13,"16,5","0,0","10,4",04:00,"22,6",14:40,06,"4,7","15,6",21:10,"10,0","1027,9",11,"1024,5",16
2017-02-05,C619Y,LA ALDEA DE SAN NICOLÁS,LAS PALMAS,13,"18,4","0,0","13,2",08:00,"23,6",13:50,06,"6,7","18,6",04:00,"10,1","1027,5",10,"1023,9",16
2017-02-06,C619Y,LA ALDEA DE SAN NICOLÁS,LAS PALMAS,13,"17,0","0,0","11,8",08:00,"22,3",14:00,07,"5,3","17,5",19:10,"10,0","1026,3",11,"1023,6",16
2017-02-07,C619Y,LA ALDEA DE SAN NICOLÁS,LAS PALMAS,13,"17,8","0,0","14,1",04:10,"21,5",14:20,01,"6,9","14,7",16:30,"10,1","1025,9",11,"1022,6",16
2017-02-08,C619Y,LA ALDEA DE SAN NICOLÁS,LAS PALMAS,13,"17,1","0,0","12,1",08:20,"22,1",15:40,01,"4,4","11,9",00:10,"10,1","1023,9",00,"1019,7",16
2017-02-09,C619Y,LA ALDEA DE SAN NICOLÁS,LAS PALMAS,13,"16,8","0,6","10,7",04:10,"22,9",13:30,11,"5,3","15,3",18:20,"10,1","1022,3",11,"1019,4",16
2017-02-10,C619Y,LA ALDEA DE SAN NICOLÁS,LAS PALMAS,13,"16,0","4,6","12,1",23:59,"20,0",14:00,27,"4,2","14,7",07:30,"3,4","1021,0",00,"1012,6",24
2017-02-11,C619Y,LA ALDEA DE SAN NICOLÁS,LAS PALMAS,13,"16,1","6,0","10,2",03:40,"22,0",15:20,25,"1,9","13,9",09:50,"2,1","1012,6",00,"1003,8",24
2017-02-12,C619Y,LA ALDEA DE SAN NICOLÁS,LAS PALMAS,13,"17,4","0,8","13,4",23:59,"21,4",16:10,27,"3,9","19,2",06:10,"3,8","1010,0",24,"999,9",Varias
2017-02-13,C619Y,LA ALDEA DE SAN NICOLÁS,LAS PALMAS,13,"15,4","0,0","9,2",07:30,"21,5",13:20,27,"3,9","9,2",14:40,"9,9","1016,2",Varias,"1010,0",00
2017-02-14,C619Y,LA ALDEA DE SAN NICOLÁS,LAS PALMAS,13,"15,5","0,0","9,4",06:00,"21,6",14:00,29,"4,2","10,0",15:10,"9,4","1017,9",23,"1015,2",Varias
2017-02-15,C619Y,LA ALDEA DE SAN NICOLÁS,LAS PALMAS,13,"16,8","2,6","10,7",08:10,"22,8",13:50,27,"2,5","8,6",12:30,"3,1","1017,8",23,"1015,0",05
2017-02-16,C619Y,LA ALDEA DE SAN NICOLÁS,LAS PALMAS,13,"18,6","0,0","14,1",01:30,"23,1",13:30,02,"4,4","12,5",17:10,"8,7","1019,4",23,"1016,8",17
2017-02-17,C619Y,LA ALDEA DE SAN NICOLÁS,LAS PALMAS,13,"20,6","0,0","12,3",07:50,"28,9",16:10,01,"5,3","16,7",17:40,"10,1","1021,0",23,"1016,5",16
2017-02-18,C619Y,LA ALDEA DE SAN NICOLÁS,LAS PALMAS,13,"19,9","0,0","17,8",23:00,"22,0",16:00,10,"8,1","20,0",17:20,"9,3","1021,8",11,"1019,0",05
2017-02-19,C619Y,LA ALDEA DE SAN NICOLÁS,LAS PALMAS,13,"20,1","2,0","16,1",23:00,"24,1",14:10,07,"6,4","18,6",14:30,"5,4","1021,2",02,"1017,5",18
2017-02-20,C619Y,LA ALDEA DE SAN NICOLÁS,LAS PALMAS,13,"18,8","0,2","15,3",02:00,"22,3",14:00,09,"5,0","15,8",01:20,"4,4","1018,3",00,"1015,2",16
2017-02-21,C619Y,LA ALDEA DE SAN NICOLÁS,LAS PALMAS,13,"17,4","2,4","15,6",21:00,"19,3",16:00,29,"3,3","16,7",19:30,"1,1","1016,9",12,"1014,5",16
2017-02-22,C619Y,LA ALDEA DE SAN NICOLÁS,LAS PALMAS,13,"18,1","0,0","16,4",01:30,"19,8",14:00,24,"3,6","13,9",11:50,"1,1","1018,1",22,"1014,7",05
2017-02-23,C619Y,LA ALDEA DE SAN NICOLÁS,LAS PALMAS,13,"19,4","0,0","16,6",23:59,"22,3",13:20,07,"3,3","11,9",11:40,"8,7","1019,3",23,"1016,4",Varias
2017-02-24,C619Y,LA ALDEA DE SAN NICOLÁS,LAS PALMAS,13,"18,6","0,2","15,3",01:10,"21,9",16:00,05,"5,6","16,4",17:00,"3,9","1021,2",23,"1018,3",16
2017-02-25,C619Y,LA ALDEA DE SAN NICOLÁS,LAS PALMAS,13,"19,5","0,0","15,8",02:10,"23,2",13:00,06,"6,1","19,2",15:00,"9,4","1022,4",12,"1019,6",05
2017-02-26,C619Y,LA ALDEA DE SAN NICOLÁS,LAS PALMAS,13,"18,2","0,0","14,2",07:40,"22,2",14:30,08,"6,1","20,0",16:50,"10,6","1022,1",10,"1018,7",16
2017-02-27,C619Y,LA ALDEA DE SAN NICOLÁS,LAS PALMAS,13,"17,2","0,0","12,5",07:50,"22,0",13:30,08,"6,9","19,7",16:10,"10,5","1021,0",10,"1017,5",17
2017-02-28,C619Y,LA ALDEA DE SAN NICOLÁS,LAS PALMAS,13,"16,5","0,0","10,9",07:20,"22,1",14:50,02,"6,4","16,7",18:20,"10,2","1018,6",Varias,"1015,4",18
2017-03-01,C619Y,LA ALDEA DE SAN NICOLÁS,LAS PALMAS,13,"16,2","0,0","10,0",07:50,"22,4",12:50,03,"5,6","16,9",15:30,"10,1","1016,7",00,"1012,9",Varias
2017-03-02,C619Y,LA ALDEA DE SAN NICOLÁS,LAS PALMAS,13,"18,0","0,0","14,2",03:50,"21,9",16:00,08,"5,6","18,6",16:20,"10,1","1018,0",23,"1012,8",05
2017-03-03,C619Y,LA ALDEA DE SAN NICOLÁS,LAS PALMAS,13,"19,6","0,0","15,6",03:40,"23,6",13:10,10,"6,9","20,3",Varias,"4,7","1021,8",23,"1016,4",03
2017-03-04,C619Y,LA ALDEA DE SAN NICOLÁS,LAS PALMAS,13,"19,4","0,0","15,4",03:00,"23,4",14:00,08,"6,7","21,4",14:30,"7,3","1022,1",11,"1018,8",17
2017-03-05,C619Y,LA ALDEA DE SAN NICOLÁS,LAS PALMAS,13,"20,0","0,0","17,2",05:30,"22,7",11:30,06,"10,8","22,2",14:30,"9,4","1022,3",10,"1018,3",16
2017-03-06,C619Y,LA ALDEA DE SAN NICOLÁS,LAS PALMAS,13,"20,1","0,0","14,3",07:40,"25,9",13:50,04,"3,9","20,6",00:50,"6,6","1021,1",Varias,"1018,6",05
2017-03-07,C619Y,LA ALDEA DE SAN NICOLÁS,LAS PALMAS,13,"19,0","0,0","12,4",06:00,"25,6",13:40,29,"2,8","8,1",15:30,"9,4","1019,5",00,"1015,7",Varias
2017-03-08,C619Y,LA ALDEA DE SAN NICOLÁS,LAS PALMAS,13,"20,6","0,0","11,4",07:30,"29,9",18:30,31,"3,6","8,6",12:40,"10,6","1016,8",11,"1013,7",Varias
2017-03-09,C619Y,LA ALDEA DE SAN NICOLÁS,LAS PALMAS,13,"21,1","0,0","12,7",07:20,"29,5",17:20,25,"3,3","8,9",14:20,"10,9","1014,9",10,"1012,4",17
2017-03-10,C619Y,LA ALDEA DE SAN NICOLÁS,LAS PALMAS,13,,"0,0",,,,,15,"3,1","9,4",11:20,"9,8","1015,7",23,"1012,1",05
2017-03-11,C619Y,LA ALDEA DE SAN NICOLÁS,LAS PALMAS,13,"24,4","0,0","16,1",06:40,"32,7",16:00,01,"3,3","9,4",12:10,"10,4","1015,5",Varias,"1012,9",05
2017-03-12,C619Y,LA ALDEA DE SAN NICOLÁS,LAS PALMAS,13,"22,6","0,0","18,1",23:59,"27,2",02:40,04,"8,9","22,5",19:30,"10,9","1018,2",12,"1014,4",06
2017-03-13,C619Y,LA ALDEA DE SAN NICOLÁS,LAS PALMAS,13,"19,4","0,0","17,3",22:40,"21,5",15:00,04,"11,9","26,4",08:30,"11,0","1020,3",22,"1015,9",04
2017-03-14,C619Y,LA ALDEA DE SAN NICOLÁS,LAS PALMAS,13,"20,0","0,0","16,6",05:50,"23,5",12:30,99,"6,7","19,2",Varias,"10,4","1020,0",00,"1015,1",Varias
2017-03-15,C619Y,LA ALDEA DE SAN NICOLÁS,LAS PALMAS,13,"19,2","0,0","14,3",06:20,"24,0",13:50,11,"3,1","11,4",14:30,"9,5","1018,6",22,"1015,4",05
2017-03-16,C619Y,LA ALDEA DE SAN NICOLÁS,LAS PALMAS,13,"20,6","6,2","16,2",22:00,"25,0",13:30,11,"3,9","10,8",05:30,"8,5","1017,8",01,"1013,2",18
2017-03-17,C619Y,LA ALDEA DE SAN NICOLÁS,LAS PALMAS,13,"19,2","1,4","14,8",04:50,"23,6",13:00,09,"4,7","13,9",18:00,"7,6","1015,1",12,"1012,6",17
2017-03-18,C619Y,LA ALDEA DE SAN NICOLÁS,LAS PALMAS,13,"17,3","3,2","11,9",07:40,"22,7",15:40,24,"3,1","8,3",14:20,"9,0","1016,3",24,"1012,5",17
2017-03-21,C619Y,LA ALDEA DE SAN NICOLÁS,LAS PALMAS,13,"19,6","0,0","16,5",07:30,"22,7",12:50,,,,,"11,3","1024,4",11,"1020,0",04
2017-03-22,C619Y,LA ALDEA DE SAN NICOLÁS,LAS PALMAS,13,"18,6","0,0","14,6",07:40,"22,7",13:50,,"6,9",,,"11,1","1022,3",Varias,"1018,2",17
2017-03-23,C619Y,LA ALDEA DE SAN NICOLÁS,LAS PALMAS,13,"19,3","0,0","16,3",23:59,"22,3",13:00,,,,,"8,8","1020,8",10,"1018,1",07
2017-03-24,C619Y,LA ALDEA DE SAN NICOLÁS,LAS PALMAS,13,"18,6","0,2","14,6",11:20,"22,6",14:30,,"5,3",,,"8,0","1020,5",11,"1016,5",18
2017-03-25,C619Y,LA ALDEA DE SAN NICOLÁS,LAS PALMAS,13,"18,8","0,0","14,0",06:30,"23,6",14:40,,"4,2",,,"8,4","1018,3",23,"1014,7",17
2017-03-26,C619Y,LA ALDEA DE SAN NICOLÁS,LAS PALMAS,13,"16,6","0,0","11,3",06:50,"21,9",12:40,,,,,"8,0","1019,5",24,"1015,1",Varias
2017-03-27,C619Y,LA ALDEA DE SAN NICOLÁS,LAS PALMAS,13,"17,8","0,0","12,6",06:40,"22,9",13:20,,,,,"10,4","1022,6",23,"1018,1",04
2017-03-28,C619Y,LA ALDEA DE SAN NICOLÁS,LAS PALMAS,13,"17,3","0,0","10,5",07:30,"24,1",14:50,,"4,4",,,"11,5","1022,3",11,"1019,8",18
2017-03-29,C619Y,LA ALDEA DE SAN NICOLÁS,LAS PALMAS,13,"18,0","0,0","11,0",06:30,"24,9",15:10,,"6,1",,,"11,4","1021,4",00,"1016,4",Varias
2017-03-30,C619Y,LA ALDEA DE SAN NICOLÁS,LAS PALMAS,13,"17,2","0,0","11,1",07:30,"23,2",16:00,,"7,2",,,"11,5","1019,7",22,"1016,5",16
2017-03-31,C619Y,LA ALDEA DE SAN NICOLÁS,LAS PALMAS,13,"18,0","0,0","11,9",07:00,"24,0",16:00,,,,,"10,9","1019,6",00,"1014,7",17
2017-04-01,C619Y,LA ALDEA DE SAN NICOLÁS,LAS PALMAS,13,"22,6","0,0","14,9",07:00,"30,4",17:30,,"2,8",,,"10,9","1015,8",00,"1012,0",17
2017-04-02,C619Y,LA ALDEA DE SAN NICOLÁS,LAS PALMAS,13,"18,8","0,0","14,1",07:10,"23,6",13:50,99,"5,3","13,6",Varias,"10,9","1013,5",Varias,"1010,6",06
2017-04-03,C619Y,LA ALDEA DE SAN NICOLÁS,LAS PALMAS,13,"19,4","0,0","14,7",07:00,"24,0",13:50,01,"5,8","17,8",16:40,"11,3","1015,6",23,"1012,2",04
2017-04-04,C619Y,LA ALDEA DE SAN NICOLÁS,LAS PALMAS,13,"19,3","0,0","16,5",01:50,"22,1",13:20,36,"10,0","20,3",13:30,"11,5","1016,7",11,"1014,1",18
2017-04-05,C619Y,LA ALDEA DE SAN NICOLÁS,LAS PALMAS,13,"19,0","0,0","16,6",23:59,"21,4",13:50,36,"10,0","20,0",13:30,"11,4","1015,9",00,"1013,1",16
2017-04-06,C619Y,LA ALDEA DE SAN NICOLÁS,LAS PALMAS,13,"19,0","0,0","16,4",07:00,"21,6",17:20,,"6,1",,,"11,7","1014,7",00,"1011,5",17
2017-04-07,C619Y,LA ALDEA DE SAN NICOLÁS,LAS PALMAS,13,"21,0","0,0","17,0",05:00,"24,9",13:50,,"3,9",,,"11,5","1013,5",23,"1010,5",06
2017-04-08,C619Y,LA ALDEA DE SAN NICOLÁS,LAS PALMAS,13,"18,9","0,0","14,5",05:30,"23,3",15:40,,,,,"11,7","1014,4",23,"1011,7",19
2017-04-09,C619Y,LA ALDEA DE SAN NICOLÁS,LAS PALMAS,13,"19,1","0,0","14,0",07:20,"24,2",15:50,,"3,3",,,"11,7","1015,4",23,"1012,8",04
2017-04-10,C619Y,LA ALDEA DE SAN NICOLÁS,LAS PALMAS,13,"18,4","0,0","13,3",Varias,"23,5",14:50,,"3,9",,,"11,5","1018,8",24,"1014,3",04
2017-04-11,C619Y,LA ALDEA DE SAN NICOLÁS,LAS PALMAS,13,"18,4","0,0","14,0",07:00,"22,9",14:40,,"3,3",,,"8,7","1020,0",22,"1017,6",Varias
2017-04-12,C619Y,LA ALDEA DE SAN NICOLÁS,LAS PALMAS,13,"19,2","0,0","14,6",07:10,"23,9",13:00,29,"3,6","9,2",14:20,"11,6","1020,1",23,"1017,0",04
2017-04-13,C619Y,LA ALDEA DE SAN NICOLÁS,LAS PALMAS,13,"19,0","0,0","13,8",07:00,"24,3",14:50,24,"3,9","9,7",15:00,"11,7","1020,0",Varias,"1017,8",19
2017-04-14,C619Y,LA ALDEA DE SAN NICOLÁS,LAS PALMAS,13,"19,6","0,0","13,9",07:00,"25,2",14:20,27,"4,2","11,9",11:20,"10,5","1019,8",00,"1017,2",18
2017-04-15,C619Y,LA ALDEA DE SAN NICOLÁS,LAS PALMAS,13,"19,8","0,0","15,5",04:00,"24,1",15:10,,"3,1",,,"9,6","1018,2",00,"1013,4",24
2017-04-16,C619Y,LA ALDEA DE SAN NICOLÁS,LAS PALMAS,13,"21,2","0,0","15,4",06:50,"26,9",14:20,,"3,3",,,"10,9","1013,4",00,"1009,4",19
2017-04-17,C619Y,LA ALDEA DE SAN NICOLÁS,LAS PALMAS,13,,"0,0",,,,,02,"3,9","15,0",22:40,"11,8","1010,1",00,"1006,7",17
2017-04-18,C619Y,LA ALDEA DE SAN NICOLÁS,LAS PALMAS,13,"20,5","0,0","14,6",07:00,"26,4",13:40,,"4,2",,,"11,6","1010,3",23,"1007,4",05
2017-04-19,C619Y,LA ALDEA DE SAN NICOLÁS,LAS PALMAS,13,"21,3","0,0","18,2",07:20,"24,4",14:40,99,"3,1","9,7",Varias,"4,8","1010,4",23,"1008,3",05
2017-04-20,C619Y,LA ALDEA DE SAN NICOLÁS,LAS PALMAS,13,"22,4","0,0","19,3",07:40,"25,4",14:40,,"4,2",,,"11,4","1014,7",Varias,"1008,9",04
2017-04-21,C619Y,LA ALDEA DE SAN NICOLÁS,LAS PALMAS,13,"22,6","0,0","18,6",05:50,"26,5",14:20,,"4,2",,,"10,6","1017,7",24,"1013,3",04
2017-04-22,C619Y,LA ALDEA DE SAN NICOLÁS,LAS PALMAS,13,"22,0","0,0","18,4",05:20,"25,5",13:40,10,"5,8","17,8",12:20,"11,4","1017,7",10,"1014,9",16
2017-04-23,C619Y,LA ALDEA DE SAN NICOLÁS,LAS PALMAS,13,"22,0","0,0","18,6",06:50,"25,5",14:10,07,"5,6","20,8",15:40,"10,4","1017,8",23,"1014,1",16
2017-04-24,C619Y,LA ALDEA DE SAN NICOLÁS,LAS PALMAS,13,"22,5","0,0","19,4",Varias,"25,6",13:50,06,"5,3","13,6",14:00,"11,9","1017,7",00,"1013,7",18
2017-04-25,C619Y,LA ALDEA DE SAN NICOLÁS,LAS PALMAS,13,"18,9","0,0","14,0",06:10,"23,8",Varias,25,"4,2","10,0",16:20,"12,1","1015,5",00,"1011,7",17
2017-04-26,C619Y,LA ALDEA DE SAN NICOLÁS,LAS PALMAS,13,"22,0","0,4","15,5",06:50,"28,6",14:10,20,"3,1","11,7",15:10,"10,5","1012,5",00,"1009,2",18
2017-04-27,C619Y,LA ALDEA DE SAN NICOLÁS,LAS PALMAS,13,"24,9","0,8","21,0",06:00,"28,8",15:10,20,"4,4","13,3",01:10,"10,1","1010,8",23,"1008,0",05
2017-04-28,C619Y,LA ALDEA DE SAN NICOLÁS,LAS PALMAS,13,"24,2","0,2","20,2",06:00,"28,3",13:30,19,"3,9","13,9",11:50,"9,5","1012,2",24,"1008,9",Varias
2017-04-29,C619Y,LA ALDEA DE SAN NICOLÁS,LAS PALMAS,13,"23,2","0,0","19,3",06:30,"27,1",15:50,07,"4,7","13,9",17:40,"11,5","1016,5",Varias,"1010,9",Varias
2017-04-30,C619Y,LA ALDEA DE SAN NICOLÁS,LAS PALMAS,13,"23,2","0,0","18,9",23:59,"27,6",12:50,07,"6,4","18,3",14:00,"11,9","1019,8",23,"1016,2",03
2017-05-01,C619Y,LA ALDEA DE SAN NICOLÁS,LAS PALMAS,13,"22,2","0,0","18,6",02:00,"25,8",12:20,08,"5,3","20,3",12:50,"12,1","1019,4",00,"1014,6",19
2017-05-02,C619Y,LA ALDEA DE SAN NICOLÁS,LAS PALMAS,13,"21,2","0,0","18,0",03:10,"24,3",14:30,06,"5,8","13,6",00:30,"10,7","1015,6",00,"1011,3",18
2017-05-03,C619Y,LA ALDEA DE SAN NICOLÁS,LAS PALMAS,13,"19,8","0,0","14,9",06:00,"24,8",14:50,03,"3,3","8,6",01:40,"12,2","1012,4",00,"1010,4",05
2017-05-04,C619Y,LA ALDEA DE SAN NICOLÁS,LAS PALMAS,13,"20,0","0,0","13,7",06:50,"26,2",14:30,02,"3,9","10,8",20:10,"8,6","1012,2",Varias,"1009,3",05
2017-05-05,C619Y,LA ALDEA DE SAN NICOLÁS,LAS PALMAS,13,"23,4","0,0","19,8",04:10,"26,9",15:20,05,"3,9","11,1",14:30,"10,7","1017,1",23,"1011,1",04
2017-05-06,C619Y,LA ALDEA DE SAN NICOLÁS,LAS PALMAS,13,"20,6","0,0","15,5",06:50,"25,6",15:10,04,"2,2","6,7",00:40,"9,1","1017,0",00,"1014,0",19
2017-05-07,C619Y,LA ALDEA DE SAN NICOLÁS,LAS PALMAS,13,"20,2","0,0","14,9",07:00,"25,4",13:30,28,"3,9","10,3",12:40,"12,3","1015,6",12,"1013,1",17
2017-05-08,C619Y,LA ALDEA DE SAN NICOLÁS,LAS PALMAS,13,"21,0","0,0","15,4",06:40,"26,5",17:10,29,"3,9","8,9",16:30,"9,5","1015,1",00,"1012,1",19
2017-05-09,C619Y,LA ALDEA DE SAN NICOLÁS,LAS PALMAS,13,"22,5","0,0","18,9",01:20,"26,1",14:20,28,"4,4","10,3",16:00,"10,1","1014,3",11,"1011,0",18
2017-05-10,C619Y,LA ALDEA DE SAN NICOLÁS,LAS PALMAS,13,"23,8","0,0","20,3",06:00,"27,3",13:40,28,"4,7","10,3",14:50,"11,0","1012,0",00,"1008,5",04
2017-05-11,C619Y,LA ALDEA DE SAN NICOLÁS,LAS PALMAS,13,"22,6","1,8","17,9",04:10,"27,3",14:50,23,"3,3","11,1",12:00,"10,6","1013,7",23,"1008,9",04
2017-05-12,C619Y,LA ALDEA DE SAN NICOLÁS,LAS PALMAS,13,"22,4","0,0","19,1",05:50,"25,6",13:30,09,"3,6","13,1",23:00,"8,6","1017,8",24,"1012,3",04
2017-05-13,C619Y,LA ALDEA DE SAN NICOLÁS,LAS PALMAS,13,"21,9","0,0","16,6",06:40,"27,2",14:40,09,"3,6","22,2",21:40,"12,1","1020,4",23,"1017,0",02
2017-05-14,C619Y,LA ALDEA DE SAN NICOLÁS,LAS PALMAS,13,"21,1","0,0","15,5",06:40,"26,7",14:30,03,"6,9","19,7",16:40,"12,3","1020,3",Varias,"1017,5",18
2017-05-15,C619Y,LA ALDEA DE SAN NICOLÁS,LAS PALMAS,13,"21,2","0,0","15,6",06:30,"26,7",12:20,04,"6,9","20,3",18:50,"12,3","1019,2",00,"1016,7",19
2017-05-16,C619Y,LA ALDEA DE SAN NICOLÁS,LAS PALMAS,13,"20,8","0,0","15,7",04:20,"25,9",15:30,36,"8,3","20,0",16:40,"10,5","1018,3",10,"1015,0",17
2017-05-17,C619Y,LA ALDEA DE SAN NICOLÁS,LAS PALMAS,13,"23,4",,"20,7",Varias,"26,1",15:30,07,"9,7","21,1",20:10,"12,0","1016,7",Varias,"1014,7",17
2017-05-19,C619Y,LA ALDEA DE SAN NICOLÁS,LAS PALMAS,13,"22,1","0,0","19,8",06:00,"24,4",14:50,,,,,"12,0","1014,4",00,"1011,3",18
2017-05-20,C619Y,LA ALDEA DE SAN NICOLÁS,LAS PALMAS,13,"22,8","0,0","20,0",04:00,"25,7",13:30,,,,,"11,4","1015,4",24,"1010,7",03
2017-05-21,C619Y,LA ALDEA DE SAN NICOLÁS,LAS PALMAS,13,"23,6","0,0","19,8",06:00,"27,4",13:30,07,"5,3","15,8",16:10,"10,8","1017,3",22,"1013,8",03
2017-05-22,C619Y,LA ALDEA DE SAN NICOLÁS,LAS PALMAS,13,"23,2","0,0","19,9",Varias,"26,5",14:40,10,"5,8","19,4",14:30,"12,1","1017,2",10,"1013,9",17
2017-05-23,C619Y,LA ALDEA DE SAN NICOLÁS,LAS PALMAS,13,"23,6","0,0","20,2",Varias,"27,1",14:10,05,"4,7","18,1",11:10,"9,6","1017,2",23,"1013,9",04
2017-05-24,C619Y,LA ALDEA DE SAN NICOLÁS,LAS PALMAS,13,"23,4","0,0","20,0",03:00,"26,8",15:40,10,"5,6","19,4",14:10,"9,9","1017,8",23,"1014,7",05
2017-05-30,C619Y,LA ALDEA DE SAN NICOLÁS,LAS PALMAS,13,"24,3","0,6","20,7",02:50,"27,9",14:00,,,,,"10,7","1018,7",00,"1015,7",Varias
2017-05-31,C619Y,LA ALDEA DE SAN NICOLÁS,LAS PALMAS,13,"23,4","0,4","19,1",04:30,"27,8",13:20,,,,,,"1018,2",00,"1015,3",18
2017-06-01,C619Y,LA ALDEA DE SAN NICOLÁS,LAS PALMAS,13,"23,8","0,0","19,9",03:00,"27,6",15:30,,,,,"7,1","1018,1",00,"1015,7",18
2017-06-02,C619Y,LA ALDEA DE SAN NICOLÁS,LAS PALMAS,13,"22,9","0,0","20,1",06:10,"25,7",13:50,08,"6,9","25,0",20:20,"11,7","1018,7",11,"1016,4",05
2017-06-05,C619Y,LA ALDEA DE SAN NICOLÁS,LAS PALMAS,13,"23,0","0,0","19,8",06:00,"26,3",14:00,,,,,"12,4","1018,6",00,"1016,0",05
2017-06-06,C619Y,LA ALDEA DE SAN NICOLÁS,LAS PALMAS,13,"22,3","0,0","19,8",03:50,"24,8",16:50,,,,,"8,7","1017,3",00,"1013,9",18
2017-06-07,C619Y,LA ALDEA DE SAN NICOLÁS,LAS PALMAS,13,"22,5","0,0","20,3",04:00,"24,7",15:50,,,,,"11,9","1016,1",10,"1013,5",18
2017-06-08,C619Y,LA ALDEA DE SAN NICOLÁS,LAS PALMAS,13,"22,4","0,0","19,8",06:00,"24,9",15:40,,,,,"12,3","1016,5",10,"1014,2",05
2017-06-09,C619Y,LA ALDEA DE SAN NICOLÁS,LAS PALMAS,13,"20,8","0,0","16,1",06:30,"25,4",12:40,,,,,"12,6","1015,8",00,"1013,5",Varias
2017-06-10,C619Y,LA ALDEA DE SAN NICOLÁS,LAS PALMAS,13,"21,4","0,0","17,5",03:20,"25,3",15:00,,,,,"12,5","1015,0",Varias,"1012,7",04
2017-06-11,C619Y,LA ALDEA DE SAN NICOLÁS,LAS PALMAS,13,"23,4","0,0","20,4",Varias,"26,4",15:30,,,,,"11,6","1015,4",11,"1012,5",18
2017-06-12,C619Y,LA ALDEA DE SAN NICOLÁS,LAS PALMAS,13,"24,8","0,0","21,0",03:30,"28,7",15:10,,,,,"10,5","1015,6",11,"1013,1",19
2017-06-13,C619Y,LA ALDEA DE SAN NICOLÁS,LAS PALMAS,13,"24,2","0,0","21,0",06:00,"27,5",12:50,,,,,"11,8","1015,4",24,"1012,7",05
2017-06-14,C619Y,LA ALDEA DE SAN NICOLÁS,LAS PALMAS,13,"24,2","0,0","21,0",05:50,"27,4",13:30,,,,,"10,8","1017,0",22,"1014,2",03
2017-06-15,C619Y,LA ALDEA DE SAN NICOLÁS,LAS PALMAS,13,"24,0","0,0","20,8",01:30,"27,3",14:00,08,"6,9","20,8",14:30,"6,0","1016,8",11,"1014,3",19
2017-06-16,C619Y,LA ALDEA DE SAN NICOLÁS,LAS PALMAS,13,"24,6","0,0","21,3",Varias,"28,0",15:50,08,"3,9","14,4",12:00,"7,4","1015,7",00,"1012,8",17
2017-06-17,C619Y,LA ALDEA DE SAN NICOLÁS,LAS PALMAS,13,"23,2","0,0","17,9",06:30,"28,4",14:10,36,"3,6","8,9",18:50,"12,3","1014,0",00,"1010,5",18
2017-06-18,C619Y,LA ALDEA DE SAN NICOLÁS,LAS PALMAS,13,"22,4","0,0","17,7",06:40,"27,1",15:00,27,"3,6","8,6",13:40,"12,0","1012,8",23,"1010,4",03
2017-06-19,C619Y,LA ALDEA DE SAN NICOLÁS,LAS PALMAS,13,"23,8","0,0","20,0",07:00,"27,5",14:50,02,"3,6","10,6",19:30,"11,9","1015,1",23,"1011,7",04
2017-06-20,C619Y,LA ALDEA DE SAN NICOLÁS,LAS PALMAS,13,"23,4","0,0","20,0",06:50,"26,8",15:00,01,"5,3","13,6",12:00,"12,4","1016,0",11,"1013,4",04
2017-06-21,C619Y,LA ALDEA DE SAN NICOLÁS,LAS PALMAS,13,"22,8","0,0","18,6",06:30,"26,9",14:00,04,"6,7","16,7",12:20,"12,3","1015,4",00,"1012,6",Varias
2017-06-22,C619Y,LA ALDEA DE SAN NICOLÁS,LAS PALMAS,13,"25,0","0,0","19,1",04:20,"30,9",13:10,02,"5,8","18,6",17:40,"7,6","1016,8",10,"1012,4",05
2017-06-23,C619Y,LA ALDEA DE SAN NICOLÁS,LAS PALMAS,13,"28,8","0,0","22,3",05:20,"35,4",15:30,03,"4,4","16,1",17:20,"6,3","1015,9",23,"1012,5",18
2017-06-24,C619Y,LA ALDEA DE SAN NICOLÁS,LAS PALMAS,13,"24,5","0,0","22,5",05:50,"26,5",11:40,36,"8,6","20,3",14:00,"9,3","1015,8",00,"1011,8",19
2017-06-25,C619Y,LA ALDEA DE SAN NICOLÁS,LAS PALMAS,13,"25,2","0,0","22,3",04:50,"28,0",15:00,03,"6,4","16,1",05:50,"6,3","1012,6",00,"1009,5",17
2017-06-26,C619Y,LA ALDEA DE SAN NICOLÁS,LAS PALMAS,13,"25,6","0,0","22,4",01:30,"28,7",12:40,02,"6,4","16,1",16:10,"10,8","1011,4",23,"1009,0",04
2017-06-27,C619Y,LA ALDEA DE SAN NICOLÁS,LAS PALMAS,13,"25,0","0,0","21,9",02:50,"28,0",15:40,02,"7,2","20,8",12:40,"11,7","1016,8",23,"1010,1",02
2017-06-28,C619Y,LA ALDEA DE SAN NICOLÁS,LAS PALMAS,13,"24,7","0,0","21,9",04:00,"27,5",13:10,04,"7,5","23,1",20:40,"12,3","1018,6",24,"1015,8",Varias
2017-06-29,C619Y,LA ALDEA DE SAN NICOLÁS,LAS PALMAS,13,"25,9","0,0","21,4",05:40,"30,4",15:00,06,"8,3","22,2",16:00,"12,2","1018,9",23,"1016,5",17
2017-06-30,C619Y,LA ALDEA DE SAN NICOLÁS,LAS PALMAS,13,"25,0","0,0","21,5",04:00,"28,6",13:10,10,"10,0","25,3",19:00,"9,2","1019,5",23,"1016,2",05
2017-07-01,C619Y,LA ALDEA DE SAN NICOLÁS,LAS PALMAS,13,"24,8","0,0","21,0",05:10,"28,7",15:00,06,"7,2","23,1",17:00,"10,9","1018,9",00,"1016,5",18
2017-07-02,C619Y,LA ALDEA DE SAN NICOLÁS,LAS PALMAS,13,"23,6","0,0","20,5",Varias,"26,6",12:50,06,"6,1","18,1",00:20,"12,4","1018,0",12,"1016,0",18
2017-07-03,C619Y,LA ALDEA DE SAN NICOLÁS,LAS PALMAS,13,"22,5","0,0","18,8",05:30,"26,2",13:20,04,"6,1","15,8",23:20,"12,5","1017,9",10,"1015,6",18
2017-07-04,C619Y,LA ALDEA DE SAN NICOLÁS,LAS PALMAS,13,"23,6","0,0","20,8",05:40,"26,4",13:40,10,"6,9","20,8",19:40,"12,6","1017,9",24,"1015,5",19
2017-07-05,C619Y,LA ALDEA DE SAN NICOLÁS,LAS PALMAS,13,"25,0","0,0","21,2",03:20,"28,8",11:50,,,,,"8,0","1017,8",00,"1015,2",18
2017-07-06,C619Y,LA ALDEA DE SAN NICOLÁS,LAS PALMAS,13,"24,9","0,0","21,6",06:40,"28,2",14:10,,,,,"11,6","1018,2",23,"1014,8",03
2017-07-07,C619Y,LA ALDEA DE SAN NICOLÁS,LAS PALMAS,13,"24,0","0,0","21,5",05:00,"26,6",14:10,,,,,"12,6","1019,2",23,"1016,5",05
2017-07-08,C619Y,LA ALDEA DE SAN NICOLÁS,LAS PALMAS,13,"23,8","0,0","19,9",05:40,"27,8",14:20,,,,,"12,6","1019,8",12,"1017,7",17
2017-07-09,C619Y,LA ALDEA DE SAN NICOLÁS,LAS PALMAS,13,"25,4","0,0","21,5",06:20,"29,4",14:00,,,,,"10,9","1018,9",00,"1016,7",18
2017-07-10,C619Y,LA ALDEA DE SAN NICOLÁS,LAS PALMAS,13,"24,6","0,0","20,2",05:20,"29,0",14:50,,,,,"9,5","1017,5",00,"1013,6",Varias
2017-07-11,C619Y,LA ALDEA DE SAN NICOLÁS,LAS PALMAS,13,"25,2","0,0","21,6",06:00,"28,8",14:20,,,,,"12,1","1016,2",Varias,"1013,3",16
2017-07-12,C619Y,LA ALDEA DE SAN NICOLÁS,LAS PALMAS,13,"24,3","0,0","21,6",Varias,"27,0",13:10,,,,,"12,4","1017,1",23,"1014,7",Varias
2017-07-13,C619Y,LA ALDEA DE SAN NICOLÁS,LAS PALMAS,13,"23,8","0,0","21,4",Varias,"26,1",12:40,04,"9,4","19,7",19:50,"11,6","1016,9",00,"1014,4",18
2017-07-14,C619Y,LA ALDEA DE SAN NICOLÁS,LAS PALMAS,13,"23,8","0,0","21,7",03:00,"26,0",13:10,02,"10,6","21,4",17:30,"10,2","1015,7",00,"1012,3",17
2017-07-15,C619Y,LA ALDEA DE SAN NICOLÁS,LAS PALMAS,13,"24,4","0,0","22,3",03:00,"26,6",14:00,01,"8,1","18,3",14:30,"8,3","1013,9",00,"1011,8",17
2017-07-16,C619Y,LA ALDEA DE SAN NICOLÁS,LAS PALMAS,13,"23,6","0,0","20,6",06:50,"26,6",13:40,05,"6,9","18,1",17:50,"11,7","1014,1",24,"1011,8",04
2017-07-17,C619Y,LA ALDEA DE SAN NICOLÁS,LAS PALMAS,13,"23,5","0,0","20,7",03:30,"26,3",13:50,01,"6,9","19,2",18:10,"11,9","1014,2",Varias,"1011,8",16
2017-07-18,C619Y,LA ALDEA DE SAN NICOLÁS,LAS PALMAS,13,"24,0","0,0","21,1",05:50,"26,8",14:10,02,"8,9","19,2",15:40,"11,7","1015,6",23,"1012,4",05
2017-07-19,C619Y,LA ALDEA DE SAN NICOLÁS,LAS PALMAS,13,"23,5","0,0","21,0",06:00,"26,0",14:30,02,"9,4","21,1",13:30,"12,2","1017,5",22,"1014,0",03
2017-07-20,C619Y,LA ALDEA DE SAN NICOLÁS,LAS PALMAS,13,"24,3",,"21,3",05:10,"27,3",14:00,06,"7,5","20,8",81:30,"12,4","1017,7",11,"1015,6",18
2017-07-21,C619Y,LA ALDEA DE SAN NICOLÁS,LAS PALMAS,13,"25,2","0,0","21,6",07:00,"28,7",14:20,,,,,"12,5","1016,8",00,"1013,8",18
2017-07-22,C619Y,LA ALDEA DE SAN NICOLÁS,LAS PALMAS,13,"25,2","0,0","21,6",02:00,"28,9",15:30,,,,,"10,3","1017,2",23,"1014,5",16
2017-07-23,C619Y,LA ALDEA DE SAN NICOLÁS,LAS PALMAS,13,"24,7","0,0","21,7",01:40,"27,7",14:30,,,,,"12,0","1017,9",12,"1015,0",03
2017-07-24,C619Y,LA ALDEA DE SAN NICOLÁS,LAS PALMAS,13,"23,8","0,0","21,6",06:10,"26,1",14:50,06,"10,8","23,1",01:10,"11,3","1017,6",00,"1014,9",18
2017-07-25,C619Y,LA ALDEA DE SAN NICOLÁS,LAS PALMAS,13,"24,2","0,0","21,4",07:00,"27,1",13:40,03,"7,8","20,0",15:40,"11,6","1015,4",00,"1011,9",18
2017-07-26,C619Y,LA ALDEA DE SAN NICOLÁS,LAS PALMAS,13,"24,1","0,0","21,7",05:40,"26,5",12:20,,,,,"11,6","1013,6",00,"1011,1",17
2017-07-27,C619Y,LA ALDEA DE SAN NICOLÁS,LAS PALMAS,13,"27,1","0,0","20,4",07:00,"33,8",15:30,02,"5,0","11,7",17:30,"11,6","1012,5",00,"1010,2",04
2017-07-28,C619Y,LA ALDEA DE SAN NICOLÁS,LAS PALMAS,13,"28,2","0,0","21,5",06:20,"34,8",14:30,,,,,"11,8","1014,4",11,"1009,9",04
2017-07-29,C619Y,LA ALDEA DE SAN NICOLÁS,LAS PALMAS,13,"26,4","0,0","19,0",06:20,"33,9",13:30,02,"4,4","16,4",17:10,"11,8","1015,9",22,"1012,6",Varias
2017-07-30,C619Y,LA ALDEA DE SAN NICOLÁS,LAS PALMAS,13,"23,9","0,0","21,8",Varias,"26,0",12:20,02,"7,8","20,6",15:20,"12,1","1015,1",00,"1012,9",16
2017-07-31,C619Y,LA ALDEA DE SAN NICOLÁS,LAS PALMAS,13,"24,0","0,0","21,4",06:00,"26,7",16:50,07,"9,2","19,4",23:30,"12,4","1015,3",23,"1013,1",06
2017-08-01,C619Y,LA ALDEA DE SAN NICOLÁS,LAS PALMAS,13,"25,4","0,0","22,0",06:00,"28,7",13:00,06,"7,2","19,4",04:00,"12,3","1017,1",Varias,"1013,4",04
2017-08-02,C619Y,LA ALDEA DE SAN NICOLÁS,LAS PALMAS,13,"24,2","0,0","22,0",07:00,"26,4",14:40,06,"8,1","19,2",20:20,"12,2","1019,1",23,"1015,6",03
2017-08-03,C619Y,LA ALDEA DE SAN NICOLÁS,LAS PALMAS,13,"24,4","0,0","21,8",07:00,"26,9",15:50,07,"7,8","23,6",00:30,"12,2","1018,7",00,"1015,4",17
2017-08-04,C619Y,LA ALDEA DE SAN NICOLÁS,LAS PALMAS,13,"24,6","0,0","22,0",06:30,"27,1",15:20,02,"7,8","16,4",12:20,"12,2","1016,7",00,"1013,0",18
2017-08-05,C619Y,LA ALDEA DE SAN NICOLÁS,LAS PALMAS,13,"25,2","0,0","22,8",06:00,"27,7",14:10,99,"8,1","17,5",Varias,"12,0","1014,4",00,"1011,0",19
2017-08-06,C619Y,LA ALDEA DE SAN NICOLÁS,LAS PALMAS,13,"25,0","0,0","22,5",05:00,"27,6",12:50,99,"7,5","18,3",16:40,"11,5","1012,1",00,"1008,6",17
2017-08-07,C619Y,LA ALDEA DE SAN NICOLÁS,LAS PALMAS,13,"25,6","0,0","23,1",03:30,"28,0",13:50,02,"7,8","15,3",19:40,"8,0","1011,0",Varias,"1008,1",Varias
2017-08-08,C619Y,LA ALDEA DE SAN NICOLÁS,LAS PALMAS,13,"27,4","0,0","23,6",01:50,"31,1",13:10,02,"3,6","14,2",19:20,"10,4","1013,1",23,"1009,7",04
2017-08-09,C619Y,LA ALDEA DE SAN NICOLÁS,LAS PALMAS,13,"27,6","0,0","21,4",06:10,"33,9",13:50,01,"4,4","15,6",17:00,"11,2","1013,5",23,"1011,0",17
2017-08-10,C619Y,LA ALDEA DE SAN NICOLÁS,LAS PALMAS,13,"25,6","0,0","22,4",23:59,"28,7",14:10,02,"8,3","21,4",15:20,"11,5","1013,8",23,"1011,5",Varias
2017-08-11,C619Y,LA ALDEA DE SAN NICOLÁS,LAS PALMAS,13,"24,2","0,0","20,7",07:20,"27,8",13:00,01,"7,8","21,1",02:30,"12,0","1015,4",23,"1012,0",03
2017-08-12,C619Y,LA ALDEA DE SAN NICOLÁS,LAS PALMAS,13,"22,2","0,0","16,7",06:40,"27,8",14:00,35,"7,8","19,2",15:20,"12,0","1016,7",11,"1014,4",03
2017-08-13,C619Y,LA ALDEA DE SAN NICOLÁS,LAS PALMAS,13,"23,4","0,0","19,2",04:40,"27,5",14:40,02,"8,1","19,2",14:30,"11,7","1015,9",00,"1013,1",17
2017-08-14,C619Y,LA ALDEA DE SAN NICOLÁS,LAS PALMAS,13,"23,0","0,0","18,4",07:00,"27,7",14:10,03,"5,6","13,9",15:00,"11,9","1015,6",23,"1013,0",04
2017-08-15,C619Y,LA ALDEA DE SAN NICOLÁS,LAS PALMAS,13,"22,8","0,0","17,4",07:00,"28,1",13:20,04,"5,0","16,1",18:10,"12,0","1016,9",22,"1014,5",03
2017-08-16,C619Y,LA ALDEA DE SAN NICOLÁS,LAS PALMAS,13,"22,7","0,0","17,7",06:30,"27,7",13:00,03,"5,8","18,6",14:20,"11,7","1016,6",00,"1014,6",19
2017-08-17,C619Y,LA ALDEA DE SAN NICOLÁS,LAS PALMAS,13,"24,8","0,0","18,2",06:50,"31,3",14:40,02,"4,7","15,8",18:30,"11,7","1015,4",00,"1013,0",19
2017-08-18,C619Y,LA ALDEA DE SAN NICOLÁS,LAS PALMAS,13,"25,0","0,0","21,6",07:40,"28,4",14:20,04,"10,6","25,3",15:00,"12,0","1014,4",00,"1012,1",18
2017-08-19,C619Y,LA ALDEA DE SAN NICOLÁS,LAS PALMAS,13,"24,6","0,0","22,5",05:00,"26,6",15:40,04,"13,1","25,6",18:10,"11,6","1013,3",00,"1010,6",16
2017-08-20,C619Y,LA ALDEA DE SAN NICOLÁS,LAS PALMAS,13,"24,2","0,0","20,2",06:40,"28,3",15:00,01,"6,7","21,7",00:10,"10,3","1013,9",24,"1010,2",04
2017-08-21,C619Y,LA ALDEA DE SAN NICOLÁS,LAS PALMAS,13,"24,8","0,0","21,7",06:50,"27,9",13:20,02,"4,7","17,2",14:30,"10,2","1014,2",06,"1010,9",16
2017-08-22,C619Y,LA ALDEA DE SAN NICOLÁS,LAS PALMAS,13,"25,4","0,0","21,7",03:00,"29,1",13:20,05,"5,8","18,1",17:50,"10,2","1013,0",08,"1010,5",18
2017-08-23,C619Y,LA ALDEA DE SAN NICOLÁS,LAS PALMAS,13,"25,8","0,0","22,4",23:59,"29,1",03:30,01,"8,3","19,7",17:30,"11,2","1010,9",00,"1008,4",03
2017-08-24,C619Y,LA ALDEA DE SAN NICOLÁS,LAS PALMAS,13,"26,6","0,0","19,9",07:00,"33,4",15:50,03,"3,9","15,3",02:10,"11,2","1011,5",24,"1008,7",04
2017-08-25,C619Y,LA ALDEA DE SAN NICOLÁS,LAS PALMAS,13,"26,2","0,0","23,1",07:00,"29,4",14:30,02,"3,6","13,6",13:30,"10,0","1013,1",23,"1010,9",19
2017-08-26,C619Y,LA ALDEA DE SAN NICOLÁS,LAS PALMAS,13,"25,6","0,0","23,3",04:00,"27,9",13:40,02,"7,8","17,5",17:20,"10,7","1013,0",00,"1011,0",15
2017-08-27,C619Y,LA ALDEA DE SAN NICOLÁS,LAS PALMAS,13,"25,0","0,0","22,9",07:00,"27,0",14:50,05,"8,3","20,3",20:40,"6,4","1015,7",24,"1011,9",04
2017-08-28,C619Y,LA ALDEA DE SAN NICOLÁS,LAS PALMAS,13,"24,4","0,0","21,6",05:20,"27,1",14:20,08,"8,9","21,1",23:40,"10,9","1017,3",23,"1014,4",06
2017-08-29,C619Y,LA ALDEA DE SAN NICOLÁS,LAS PALMAS,13,"25,6","0,0","22,7",03:50,"28,6",15:50,07,"6,9","21,1",18:00,"11,8","1016,8",00,"1014,3",16
2017-08-30,C619Y,LA ALDEA DE SAN NICOLÁS,LAS PALMAS,13,"26,7","0,0","22,9",07:00,"30,5",14:00,10,"6,4","20,0",15:50,"9,2","1017,2",10,"1014,6",18
2017-08-31,C619Y,LA ALDEA DE SAN NICOLÁS,LAS PALMAS,13,"25,2","0,4","22,8",02:50,"27,6",11:40,09,"7,8","19,7",13:10,"3,3","1016,3",11,"1013,5",05
2017-09-01,C619Y,LA ALDEA DE SAN NICOLÁS,LAS PALMAS,13,"25,9","0,0","22,3",Varias,"29,5",14:40,06,"5,8","18,3",15:10,"10,8","1017,4",10,"1014,5",04
2017-09-02,C619Y,LA ALDEA DE SAN NICOLÁS,LAS PALMAS,13,"25,4","0,0","22,2",06:10,"28,7",15:30,10,"5,8","21,4",16:40,"11,6","1016,8",00,"1014,5",19
2017-09-03,C619Y,LA ALDEA DE SAN NICOLÁS,LAS PALMAS,13,"24,0","0,0","20,9",06:20,"27,1",14:00,36,"7,5","18,3",13:20,"11,4","1016,7",11,"1014,4",17
2017-09-04,C619Y,LA ALDEA DE SAN NICOLÁS,LAS PALMAS,13,"24,2","0,0","19,7",06:00,"28,7",12:30,02,"5,6","13,9",13:30,"11,1","1016,0",24,"1014,0",05
2017-09-05,C619Y,LA ALDEA DE SAN NICOLÁS,LAS PALMAS,13,"23,9","0,0","21,2",03:00,"26,6",15:00,04,"11,7","23,9",18:10,"11,5","1019,0",24,"1015,2",04
2017-09-06,C619Y,LA ALDEA DE SAN NICOLÁS,LAS PALMAS,13,"25,4","0,0","22,4",06:00,"28,4",14:20,08,"8,3","24,7",01:40,"10,6","1018,7",00,"1014,5",24
2017-09-07,C619Y,LA ALDEA DE SAN NICOLÁS,LAS PALMAS,13,"24,9","0,0","22,7",Varias,"27,1",14:00,07,"11,4","23,1",02:40,"11,0","1015,1",11,"1012,0",17
2017-09-08,C619Y,LA ALDEA DE SAN NICOLÁS,LAS PALMAS,13,"23,0","0,0","19,4",06:50,"26,6",13:10,02,"6,7","17,8",16:40,"10,4","1015,5",23,"1012,2",04
2017-09-09,C619Y,LA ALDEA DE SAN NICOLÁS,LAS PALMAS,13,"23,2","0,0","19,6",04:00,"26,8",14:00,04,"7,2","18,9",17:10,"10,9","1017,2",10,"1013,6",04
2017-09-10,C619Y,LA ALDEA DE SAN NICOLÁS,LAS PALMAS,13,"25,4","0,6","22,0",06:40,"28,9",13:30,08,"7,5","22,5",17:50,"11,4","1017,0",11,"1013,7",17
2017-09-11,C619Y,LA ALDEA DE SAN NICOLÁS,LAS PALMAS,13,"25,1","0,0","21,2",02:00,"29,0",13:50,09,"4,4","16,1",01:00,"9,0","1015,6",10,"1013,2",04
2017-09-12,C619Y,LA ALDEA DE SAN NICOLÁS,LAS PALMAS,13,"24,5","0,0","21,7",05:20,"27,3",13:20,05,"4,7","13,3",11:40,"9,6","1015,7",23,"1013,1",04
2017-09-13,C619Y,LA ALDEA DE SAN NICOLÁS,LAS PALMAS,13,"24,1","0,0","19,3",07:30,"28,9",16:30,03,"3,3","9,7",17:20,"11,5","1017,3",11,"1014,2",04
2017-09-14,C619Y,LA ALDEA DE SAN NICOLÁS,LAS PALMAS,13,"24,6","0,0","20,9",01:40,"28,2",15:10,02,"5,8","15,3",15:50,"7,8","1016,5",00,"1013,5",20
2017-09-15,C619Y,LA ALDEA DE SAN NICOLÁS,LAS PALMAS,13,"27,2","0,0","22,7",07:10,"31,7",14:30,02,"6,1","17,8",12:50,"6,4","1014,3",12,"1010,8",15
2017-09-16,C619Y,LA ALDEA DE SAN NICOLÁS,LAS PALMAS,13,"26,1","0,0","22,2",23:59,"30,0",13:40,02,"4,4","15,3",14:40,"8,8","1014,7",Varias,"1009,5",04
2017-09-17,C619Y,LA ALDEA DE SAN NICOLÁS,LAS PALMAS,13,"24,6","0,0","19,2",07:00,"29,9",13:30,03,"3,6","13,6",14:20,"10,5","1018,1",22,"1014,0",Varias
2017-09-18,C619Y,LA ALDEA DE SAN NICOLÁS,LAS PALMAS,13,"24,6","0,0","19,2",06:50,"30,1",15:50,28,"4,4","9,4",13:00,"10,4","1019,4",11,"1016,8",16
2017-09-19,C619Y,LA ALDEA DE SAN NICOLÁS,LAS PALMAS,13,"23,7","0,0","19,5",05:40,"27,9",14:50,02,"3,9","12,8",17:20,"9,6","1020,6",10,"1017,9",Varias
2017-09-20,C619Y,LA ALDEA DE SAN NICOLÁS,LAS PALMAS,13,"23,2","0,0","19,0",07:00,"27,3",12:40,08,"7,2","19,2",20:40,"10,8","1019,0",09,"1015,8",15
2017-09-21,C619Y,LA ALDEA DE SAN NICOLÁS,LAS PALMAS,13,"25,2","0,2","21,9",23:20,"28,6",13:00,11,"7,5","19,2",21:40,"3,0","1018,3",10,"1015,1",19
2017-09-22,C619Y,LA ALDEA DE SAN NICOLÁS,LAS PALMAS,13,"24,9","0,0","21,6",06:50,"28,2",15:30,99,"8,3","23,6",Varias,"10,2","1016,1",00,"1012,1",17
2017-09-23,C619Y,LA ALDEA DE SAN NICOLÁS,LAS PALMAS,13,"23,2","0,0","20,1",23:59,"26,2",14:30,06,"8,9","22,2",13:10,"7,4","1014,9",24,"1012,0",04
2017-09-24,C619Y,LA ALDEA DE SAN NICOLÁS,LAS PALMAS,13,"23,6","0,0","16,6",07:00,"30,5",15:10,29,"2,2","14,7",23:59,"10,4","1017,2",24,"1013,4",03
2017-09-25,C619Y,LA ALDEA DE SAN NICOLÁS,LAS PALMAS,13,"26,0","0,0","21,8",05:20,"30,1",12:00,29,"3,1","11,7",00:10,"7,6","1019,1",Varias,"1016,9",05
2017-09-26,C619Y,LA ALDEA DE SAN NICOLÁS,LAS PALMAS,13,"24,8","0,0","21,3",07:00,"28,4",13:00,02,"3,1","12,2",02:50,"10,9","1018,1",00,"1015,2",16
2017-09-27,C619Y,LA ALDEA DE SAN NICOLÁS,LAS PALMAS,13,"24,8","0,0","20,4",05:20,"29,1",15:00,02,"6,9","15,0",13:00,"11,0","1018,2",Varias,"1015,0",05
2017-09-28,C619Y,LA ALDEA DE SAN NICOLÁS,LAS PALMAS,13,"21,8","0,0","17,6",06:50,"26,1",13:10,01,"5,6","16,9",10:40,"11,0","1019,9",Varias,"1017,3",03
2017-09-29,C619Y,LA ALDEA DE SAN NICOLÁS,LAS PALMAS,13,"23,3","0,0","19,1",03:10,"27,5",15:30,07,"5,3","16,7",18:00,"11,0","1020,1",11,"1017,7",18
2017-09-30,C619Y,LA ALDEA DE SAN NICOLÁS,LAS PALMAS,13,"25,6","0,0","22,2",02:00,"28,9",13:30,10,"6,9","19,7",13:10,"9,2","1019,0",10,"1015,5",Varias
2017-10-01,C619Y,LA ALDEA DE SAN NICOLÁS,LAS PALMAS,13,"24,8","0,0","22,4",Varias,"27,3",11:20,36,"11,1","21,9",13:40,"10,8","1017,3",10,"1013,9",15
2017-10-02,C619Y,LA ALDEA DE SAN NICOLÁS,LAS PALMAS,13,"24,8","0,0","22,1",07:30,"27,6",11:50,03,"6,7","18,6",00:20,"10,9","1016,7",10,"1014,0",15
2017-10-03,C619Y,LA ALDEA DE SAN NICOLÁS,LAS PALMAS,13,"22,8","0,0","19,1",07:10,"26,5",12:50,03,"5,8","15,3",15:30,"10,9","1014,7",00,"1011,9",15
2017-10-04,C619Y,LA ALDEA DE SAN NICOLÁS,LAS PALMAS,13,"23,6","0,0","19,5",03:50,"27,8",13:20,02,"4,4","11,7",17:00,"10,8","1015,2",23,"1012,2",16
2017-10-05,C619Y,LA ALDEA DE SAN NICOLÁS,LAS PALMAS,13,"22,0","0,0","16,7",07:10,"27,3",14:20,25,"2,8","8,3",11:10,"10,7","1017,2",23,"1014,2",02
2017-10-06,C619Y,LA ALDEA DE SAN NICOLÁS,LAS PALMAS,13,"22,4","0,0","17,3",07:00,"27,5",13:10,04,"3,1","7,5",21:30,"10,8","1018,0",11,"1015,5",04
2017-10-07,C619Y,LA ALDEA DE SAN NICOLÁS,LAS PALMAS,13,"24,8","0,0","19,7",07:20,"29,8",12:20,04,"2,8","11,1",15:10,"10,2","1016,8",00,"1014,0",17
2017-10-08,C619Y,LA ALDEA DE SAN NICOLÁS,LAS PALMAS,13,"24,0","0,0","18,8",07:30,"29,1",13:40,04,"2,8","10,3",12:00,"10,6","1016,7",22,"1014,6",Varias
2017-10-09,C619Y,LA ALDEA DE SAN NICOLÁS,LAS PALMAS,13,"22,1","0,0","16,4",07:00,"27,8",13:30,02,"3,1","9,7",11:20,"10,6","1017,2",09,"1015,0",18
2017-10-10,C619Y,LA ALDEA DE SAN NICOLÁS,LAS PALMAS,13,"21,3","0,0","15,9",07:10,"26,7",12:50,30,"2,8","6,7",12:30,"10,4","1016,0",22,"1013,9",Varias
2017-10-11,C619Y,LA ALDEA DE SAN NICOLÁS,LAS PALMAS,13,"22,4","0,0","15,9",07:20,"28,9",13:40,03,"3,6","10,6",16:30,"10,7","1016,4",10,"1014,3",Varias
2017-10-12,C619Y,LA ALDEA DE SAN NICOLÁS,LAS PALMAS,13,"23,6","0,0","17,0",07:00,"30,1",15:30,03,"3,3","10,6",19:50,"5,5","1016,8",09,"1014,9",Varias
2017-10-13,C619Y,LA ALDEA DE SAN NICOLÁS,LAS PALMAS,13,"26,1","0,0","20,3",06:00,"31,9",13:00,28,"2,8","8,6",13:30,"5,3","1016,9",11,"1014,4",04
2017-10-14,C619Y,LA ALDEA DE SAN NICOLÁS,LAS PALMAS,13,"30,9","0,0","24,1",06:40,"37,7",13:20,99,"2,8","10,0",09:40,"0,6","1017,6",11,"1015,3",13
2017-10-15,C619Y,LA ALDEA DE SAN NICOLÁS,LAS PALMAS,13,"27,2","0,0","20,4",23:59,"34,0",13:00,29,"2,5","7,5",16:20,"1,1","1018,7",22,"1015,4",04
2017-10-16,C619Y,LA ALDEA DE SAN NICOLÁS,LAS PALMAS,13,"25,0","0,0","20,4",00:30,"29,7",13:30,02,"2,2","8,6",21:20,"5,8","1020,7",22,"1016,7",Varias
2017-10-17,C619Y,LA ALDEA DE SAN NICOLÁS,LAS PALMAS,13,"25,4","0,0","21,9",00:10,"28,8",11:50,02,"6,1","15,0",13:30,"9,3","1022,2",23,"1018,7",03
2017-10-18,C619Y,LA ALDEA DE SAN NICOLÁS,LAS PALMAS,13,"24,4","0,0","21,7",07:20,"27,0",14:40,06,"6,4","15,6",04:50,"10,4","1021,8",00,"1018,9",18
2017-10-19,C619Y,LA ALDEA DE SAN NICOLÁS,LAS PALMAS,13,"25,4","0,0","22,5",00:10,"28,3",11:50,08,"4,2","16,7",16:10,"9,1","1021,1",10,"1018,2",17
2017-10-20,C619Y,LA ALDEA DE SAN NICOLÁS,LAS PALMAS,13,"25,8","0,0","22,4",06:00,"29,3",13:40,07,"6,7","17,5",17:30,"10,0","1021,0",22,"1018,0",04
2017-10-21,C619Y,LA ALDEA DE SAN NICOLÁS,LAS PALMAS,13,"24,8","0,2","21,5",07:40,"28,1",13:50,05,"6,9","16,4",15:10,"6,3","1022,4",11,"1018,8",16
2017-10-22,C619Y,LA ALDEA DE SAN NICOLÁS,LAS PALMAS,13,"24,4","0,0","21,3",00:40,"27,4",14:10,04,"8,3","15,8",14:20,"9,3","1021,3",01,"1016,7",16
2017-10-23,C619Y,LA ALDEA DE SAN NICOLÁS,LAS PALMAS,13,"21,8","0,0","17,1",06:40,"26,4",13:40,02,"2,2","8,6",00:10,"6,7","1017,8",00,"1015,3",18
2017-10-24,C619Y,LA ALDEA DE SAN NICOLÁS,LAS PALMAS,13,"22,5","0,0","17,9",07:00,"27,1",14:40,03,"3,1","7,8",19:20,"8,3","1017,4",11,"1014,4",17
2017-10-25,C619Y,LA ALDEA DE SAN NICOLÁS,LAS PALMAS,13,"24,5","0,0","16,4",07:40,"32,6",14:20,25,"4,2","10,0",13:00,"9,9","1016,0",11,"1013,5",15
2017-10-26,C619Y,LA ALDEA DE SAN NICOLÁS,LAS PALMAS,13,,"0,0",,,,,14,"1,9","9,4",10:00,"8,0","1017,0",22,"1013,5",03
2017-10-27,C619Y,LA ALDEA DE SAN NICOLÁS,LAS PALMAS,13,"25,4","0,0","19,4",01:50,"31,5",14:40,11,"2,5","10,8",02:50,"8,9","1018,5",10,"1015,2",03
2017-10-28,C619Y,LA ALDEA DE SAN NICOLÁS,LAS PALMAS,13,"23,5","0,0","17,7",05:00,"29,3",13:00,31,"2,8","6,1",15:00,"1,1","1017,7",10,"1015,6",Varias
2017-10-29,C619Y,LA ALDEA DE SAN NICOLÁS,LAS PALMAS,13,"21,3","0,0","13,4",07:30,"29,2",13:50,03,"4,4","12,8",18:20,"10,2","1017,1",11,"1014,8",16
2017-10-30,C619Y,LA ALDEA DE SAN NICOLÁS,LAS PALMAS,13,"21,2","0,0","14,5",07:40,"27,9",13:40,02,"4,2","12,8",16:00,"10,2","1015,4",00,"1012,7",17
2017-10-31,C619Y,LA ALDEA DE SAN NICOLÁS,LAS PALMAS,13,"20,1","0,0","13,8",07:50,"26,4",17:00,26,"3,6","8,3",12:00,"10,2","1016,3",23,"1012,9",04
2017-11-01,C619Y,LA ALDEA DE SAN NICOLÁS,LAS PALMAS,13,"19,8","0,0","13,6",05:20,"26,1",14:10,36,"4,7","12,2",15:50,"10,1","1017,8",10,"1014,6",04
2017-11-02,C619Y,LA ALDEA DE SAN NICOLÁS,LAS PALMAS,13,"20,9","0,0","16,1",05:40,"25,7",13:30,05,"3,9","11,4",00:50,"9,9","1017,6",11,"1014,8",17
2017-11-03,C619Y,LA ALDEA DE SAN NICOLÁS,LAS PALMAS,13,"21,6","0,0","17,2",05:20,"26,1",12:00,08,"3,1","10,0",20:00,"6,8","1016,6",10,"1014,4",16
2017-11-04,C619Y,LA ALDEA DE SAN NICOLÁS,LAS PALMAS,13,"22,0","0,0","18,1",02:20,"26,0",15:00,05,"6,1","16,1",16:40,"9,2","1018,2",23,"1014,9",04
2017-11-05,C619Y,LA ALDEA DE SAN NICOLÁS,LAS PALMAS,13,"23,4","0,0","19,8",03:30,"26,9",14:30,08,"6,1","15,6",14:20,"9,8","1018,5",Varias,"1015,5",Varias
2017-11-06,C619Y,LA ALDEA DE SAN NICOLÁS,LAS PALMAS,13,"21,6","0,0","16,8",03:50,"26,3",13:00,05,"7,5","17,2",15:40,"10,0","1016,2",00,"1011,6",17
2017-11-07,C619Y,LA ALDEA DE SAN NICOLÁS,LAS PALMAS,13,"22,1","0,0","18,3",05:20,"25,9",13:30,07,"6,4","20,3",14:30,"8,7","1012,4",00,"1009,8",Varias
2017-11-08,C619Y,LA ALDEA DE SAN NICOLÁS,LAS PALMAS,13,"21,6","0,0","16,7",05:00,"26,6",15:40,06,"3,1","15,0",00:40,"9,5","1013,6",24,"1009,8",05
2017-11-09,C619Y,LA ALDEA DE SAN NICOLÁS,LAS PALMAS,13,"22,0","0,0","17,4",07:30,"26,5",13:20,03,"3,3","10,8",13:50,"8,5","1016,4",22,"1012,5",Varias
2017-11-10,C619Y,LA ALDEA DE SAN NICOLÁS,LAS PALMAS,13,"21,2","0,2","13,8",Varias,"28,6",15:30,02,"1,9","9,2",14:40,"9,6","1017,5",22,"1014,5",Varias
2017-11-11,C619Y,LA ALDEA DE SAN NICOLÁS,LAS PALMAS,13,"21,4","0,6","16,8",07:40,"26,1",14:00,28,"2,5","6,9",14:30,"9,2","1019,1",11,"1016,0",03
2017-11-12,C619Y,LA ALDEA DE SAN NICOLÁS,LAS PALMAS,13,"21,6","0,0","16,3",03:00,"26,8",12:00,28,"3,3","8,6",13:00,"8,6","1019,6",11,"1016,8",15
2017-11-13,C619Y,LA ALDEA DE SAN NICOLÁS,LAS PALMAS,13,"19,8","0,0","14,3",07:00,"25,4",14:30,08,"5,0","16,7",22:00,"9,3","1019,2",11,"1016,1",17
2017-11-14,C619Y,LA ALDEA DE SAN NICOLÁS,LAS PALMAS,13,"20,4","0,0","16,5",23:59,"24,4",12:40,07,"8,1","17,5",01:30,"9,6","1017,6",00,"1014,2",Varias
2017-11-15,C619Y,LA ALDEA DE SAN NICOLÁS,LAS PALMAS,13,"20,3",,"15,4",23:59,"25,2",13:40,09,"3,3","12,8",09:40,"9,4","1016,9",11,"1014,4",Varias
2017-11-16,C619Y,LA ALDEA DE SAN NICOLÁS,LAS PALMAS,13,"18,6","0,0","13,0",06:00,"24,3",12:50,02,"3,6","8,6",12:50,"8,8","1018,0",11,"1015,2",04
2017-11-17,C619Y,LA ALDEA DE SAN NICOLÁS,LAS PALMAS,13,"19,0","0,0","13,8",07:40,"24,1",15:40,03,"2,5","9,2",15:10,"8,2","1017,3",00,"1014,4",16
2017-11-18,C619Y,LA ALDEA DE SAN NICOLÁS,LAS PALMAS,13,"19,2","0,0","15,4",23:59,"23,1",11:10,03,"3,1","7,8",17:30,"1,3","1016,4",10,"1013,7",Varias
2017-11-19,C619Y,LA ALDEA DE SAN NICOLÁS,LAS PALMAS,13,"19,4","0,0","13,5",07:40,"25,4",13:30,99,"4,2","12,5",16:50,"9,2","1015,5",Varias,"1012,9",15
2017-11-20,C619Y,LA ALDEA DE SAN NICOLÁS,LAS PALMAS,13,"22,7","0,0","13,4",08:00,"32,0",15:00,12,"3,3","10,6",14:30,"9,4","1015,5",22,"1013,2",16
2017-11-21,C619Y,LA ALDEA DE SAN NICOLÁS,LAS PALMAS,13,"21,5","0,0","13,5",06:10,"29,5",11:40,18,"1,7","11,4",10:50,"5,5","1015,9",11,"1013,0",21
2017-11-22,C619Y,LA ALDEA DE SAN NICOLÁS,LAS PALMAS,13,"22,0","0,0","13,8",04:00,"30,2",12:00,25,"2,5","8,9",14:00,"9,3","1013,5",00,"1010,8",Varias
2017-11-23,C619Y,LA ALDEA DE SAN NICOLÁS,LAS PALMAS,13,"19,0","0,0","11,8",07:50,"26,3",16:20,29,"3,6","8,1",15:30,"9,3","1015,0",22,"1011,7",02
2017-11-24,C619Y,LA ALDEA DE SAN NICOLÁS,LAS PALMAS,13,"20,2","0,0","14,9",01:20,"25,5",12:50,32,"2,5","7,5",12:50,"1,2","1014,6",00,"1011,1",15
2017-11-25,C619Y,LA ALDEA DE SAN NICOLÁS,LAS PALMAS,13,"25,4","0,0","19,0",05:30,"31,8",12:40,13,"1,9","11,7",08:50,"3,4","1014,9",23,"1010,8",06
2017-11-26,C619Y,LA ALDEA DE SAN NICOLÁS,LAS PALMAS,13,"25,7","0,0","19,4",23:59,"32,0",13:20,12,"3,1","9,4",12:30,"3,1","1018,5",23,"1013,9",04
2017-11-27,C619Y,LA ALDEA DE SAN NICOLÁS,LAS PALMAS,13,"24,4","0,0","15,2",08:00,"33,6",15:00,15,"2,5","8,1",11:00,"7,1","1019,8",10,"1017,0",15
2017-11-28,C619Y,LA ALDEA DE SAN NICOLÁS,LAS PALMAS,13,"22,5","0,0","14,9",07:50,"30,1",15:30,24,"2,5","8,6",13:40,"7,6","1019,1",Varias,"1014,5",Varias
2017-11-29,C619Y,LA ALDEA DE SAN NICOLÁS,LAS PALMAS,13,"21,7","0,0","16,6",05:40,"26,8",11:00,28,"3,9","10,3",15:20,"5,7","1015,6",00,"1012,4",16
2017-11-30,C619Y,LA ALDEA DE SAN NICOLÁS,LAS PALMAS,13,"21,2","0,0","16,7",08:00,"25,6",12:50,03,"3,1","9,4",15:10,"6,8","1017,5",22,"1013,3",Varias
2017-12-01,C619Y,LA ALDEA DE SAN NICOLÁS,LAS PALMAS,13,"20,5","0,0","16,5",08:00,"24,5",15:20,31,"2,2","5,6",13:30,"9,0","1018,9",23,"1016,0",03
2017-12-02,C619Y,LA ALDEA DE SAN NICOLÁS,LAS PALMAS,13,"19,2","0,8","15,8",06:20,"22,5",11:00,01,"2,2","6,7",11:10,"0,7","1019,2",Varias,"1017,1",Varias
2017-12-03,C619Y,LA ALDEA DE SAN NICOLÁS,LAS PALMAS,13,"19,2","0,0","14,8",07:50,"23,7",16:00,06,"4,4","16,1",19:30,"6,4","1020,0",24,"1017,2",16
2017-12-04,C619Y,LA ALDEA DE SAN NICOLÁS,LAS PALMAS,13,"18,4","0,0","12,6",08:00,"24,2",15:20,03,"2,2","13,6",01:10,"9,1","1022,4",22,"1019,0",05
2017-12-05,C619Y,LA ALDEA DE SAN NICOLÁS,LAS PALMAS,13,"18,2","0,0","11,6",03:30,"24,9",14:50,31,"2,5","6,7",15:20,"8,9","1025,4",22,"1022,1",Varias
2017-12-06,C619Y,LA ALDEA DE SAN NICOLÁS,LAS PALMAS,13,"16,6","0,0","10,7",07:20,"22,6",15:00,30,"2,5","6,1",14:50,"9,0","1025,8",10,"1022,8",18
2017-12-07,C619Y,LA ALDEA DE SAN NICOLÁS,LAS PALMAS,13,"16,0","0,0","10,0",05:20,"22,1",14:00,26,"2,2","6,1",14:00,"9,0","1025,7",10,"1022,6",17
2017-12-08,C619Y,LA ALDEA DE SAN NICOLÁS,LAS PALMAS,13,"15,8","0,0","9,2",07:50,"22,4",14:30,29,"2,5","6,4",13:30,"9,0","1026,2",10,"1023,3",15
2017-12-09,C619Y,LA ALDEA DE SAN NICOLÁS,LAS PALMAS,13,"15,4","0,0","8,9",07:10,"22,0",16:30,02,"2,8","9,2",19:50,"7,3","1026,8",10,"1024,2",05
2017-12-10,C619Y,LA ALDEA DE SAN NICOLÁS,LAS PALMAS,13,"16,1","0,0","9,3",08:00,"22,9",14:30,08,"3,1","13,1",19:40,"8,9","1026,0",00,"1021,0",18
2017-12-11,C619Y,LA ALDEA DE SAN NICOLÁS,LAS PALMAS,13,"19,4","17,8","13,2",03:00,"25,7",13:20,11,"2,5","21,1",22:40,"5,4","1021,3",00,"1011,8",19
2017-12-12,C619Y,LA ALDEA DE SAN NICOLÁS,LAS PALMAS,13,"18,1","2,8","15,5",21:00,"20,7",11:20,11,"7,5","20,0",13:50,"2,6","1021,1",23,"1013,5",01
2017-12-13,C619Y,LA ALDEA DE SAN NICOLÁS,LAS PALMAS,13,"19,0","0,0","16,1",01:10,"21,9",12:40,10,"7,5","26,7",61:00,"4,6","1023,8",24,"1018,9",06
2017-12-14,C619Y,LA ALDEA DE SAN NICOLÁS,LAS PALMAS,13,"19,4","0,0","17,5",Varias,"21,4",13:20,08,"6,4","20,6",16:40,"8,9","1024,8",10,"1022,3",16
2017-12-15,C619Y,LA ALDEA DE SAN NICOLÁS,LAS PALMAS,13,"19,6","0,8","15,5",07:30,"23,6",12:50,,"5,8",,,"8,7","1024,6",10,"1020,8",16
2017-12-16,C619Y,LA ALDEA DE SAN NICOLÁS,LAS PALMAS,13,"19,2","16,8","17,6",03:00,"20,7",13:30,,,,,"0,6","1022,5",11,"1020,0",15
2017-12-17,C619Y,LA ALDEA DE SAN NICOLÁS,LAS PALMAS,13,"19,0","0,0","17,3",20:10,"20,8",13:30,,"5,6",,,"2,5","1022,8",Varias,"1019,9",05
2017-12-18,C619Y,LA ALDEA DE SAN NICOLÁS,LAS PALMAS,13,"18,5","0,0","14,0",08:30,"23,0",15:10,04,"6,9","15,8",04:30,"8,9","1023,5",Varias,"1019,5",15
2017-12-19,C619Y,LA ALDEA DE SAN NICOLÁS,LAS PALMAS,13,"16,0","0,0","11,0",Varias,"21,1",11:50,04,"5,6","15,8",13:20,"8,9","1023,8",11,"1021,2",16
2017-12-20,C619Y,LA ALDEA DE SAN NICOLÁS,LAS PALMAS,13,"16,9","0,0","11,7",04:00,"22,1",13:40,05,"6,4","16,1",14:40,"8,9","1025,2",23,"1021,2",15
2017-12-21,C619Y,LA ALDEA DE SAN NICOLÁS,LAS PALMAS,13,"15,6","0,0","9,1",06:30,"22,2",14:30,,"2,5",,,"8,9","1029,6",23,"1025,1",00
2017-12-22,C619Y,LA ALDEA DE SAN NICOLÁS,LAS PALMAS,13,"15,6","0,0","9,9",08:00,"21,3",14:20,04,"2,5","8,6",00:30,"6,8","1031,6",11,"1028,9",Varias
2017-12-23,C619Y,LA ALDEA DE SAN NICOLÁS,LAS PALMAS,13,"15,3","0,0","9,2",07:30,"21,4",16:20,06,"2,8","11,4",18:10,"8,3","1030,6",00,"1026,4",Varias
2017-12-24,C619Y,LA ALDEA DE SAN NICOLÁS,LAS PALMAS,13,"15,0","0,0","9,5",04:30,"20,6",15:00,30,"2,2","6,7",15:00,"8,4","1027,3",00,"1022,6",18
2017-12-25,C619Y,LA ALDEA DE SAN NICOLÁS,LAS PALMAS,13,"14,6","0,0","7,9",05:10,"21,2",13:50,36,"2,8","6,4",18:30,"8,9","1025,8",24,"1022,7",15
2017-12-26,C619Y,LA ALDEA DE SAN NICOLÁS,LAS PALMAS,13,"15,0","0,0","8,7",05:20,"21,4",15:00,03,"2,5","10,8",21:20,"8,9","1027,8",11,"1024,3",16
2017-12-27,C619Y,LA ALDEA DE SAN NICOLÁS,LAS PALMAS,13,"15,9","0,0","8,8",07:40,"23,0",13:40,10,"4,4","19,4",23:50,"8,9","1027,9",10,"1023,8",16
2017-12-28,C619Y,LA ALDEA DE SAN NICOLÁS,LAS PALMAS,13,"19,2","0,0","15,5",23:20,"23,0",13:40,06,"7,5","20,0",12:30,"8,9","1024,6",10,"1021,4",Varias
2017-12-29,C619Y,LA ALDEA DE SAN NICOLÁS,LAS PALMAS,13,"17,0","0,0","12,5",06:50,"21,5",14:40,04,"5,3","15,0",16:00,"5,0","1023,7",00,"1020,6",16
2017-12-30,C619Y,LA ALDEA DE SAN NICOLÁS,LAS PALMAS,13,"17,6","0,0","14,1",07:00,"21,0",16:00,27,"2,8","5,8",12:10,"1,4","1024,4",24,"1021,0",06
2017-12-31,C619Y,LA ALDEA DE SAN NICOLÁS,LAS PALMAS,13,"19,1","0,0","12,7",08:00,"25,5",13:10,36,"1,9","16,4",19:20,"9,0","1027,0",22,"1023,2",15
2018-01-01,C619Y,LA ALDEA DE SAN NICOLÁS,LAS PALMAS,13,"17,7","0,0","13,3",04:30,"22,1",11:40,01,"7,8","20,3",15:50,"8,9","1027,5",11,"1023,6",16
2018-01-02,C619Y,LA ALDEA DE SAN NICOLÁS,LAS PALMAS,13,"18,9","0,0","11,4",08:30,"26,4",14:40,01,"3,1","8,9",12:50,"9,0","1027,3",11,"1024,4",Varias
2018-01-03,C619Y,LA ALDEA DE SAN NICOLÁS,LAS PALMAS,13,"17,4","0,0","10,0",08:10,"24,7",14:10,28,"2,8","7,5",13:20,"9,0","1027,8",10,"1025,2",Varias
2018-01-04,C619Y,LA ALDEA DE SAN NICOLÁS,LAS PALMAS,13,"16,4","0,0","8,0",07:40,"24,7",14:30,03,"2,2","9,2",18:50,"9,0","1027,4",11,"1024,5",Varias
2018-01-05,C619Y,LA ALDEA DE SAN NICOLÁS,LAS PALMAS,13,"15,4","0,0","7,6",07:00,"23,3",12:50,03,"3,9","13,9",22:30,"9,0","1025,6",00,"1018,9",24
2018-01-06,C619Y,LA ALDEA DE SAN NICOLÁS,LAS PALMAS,13,"17,9","3,6","14,8",00:50,"21,0",12:50,29,"3,9","16,4",22:00,"3,2","1018,9",00,"1014,2",16
2018-01-07,C619Y,LA ALDEA DE SAN NICOLÁS,LAS PALMAS,13,"17,6","2,8","14,7",06:20,"20,5",14:50,31,"3,3","20,0",02:20,"6,0","1017,9",23,"1014,3",05
2018-01-08,C619Y,LA ALDEA DE SAN NICOLÁS,LAS PALMAS,13,"18,6","0,6","14,9",05:00,"22,2",15:30,30,"2,5","13,6",03:20,"4,4","1022,0",24,"1015,9",05
2018-01-09,C619Y,LA ALDEA DE SAN NICOLÁS,LAS PALMAS,13,"17,2","0,0","12,8",07:20,"21,6",13:20,02,"2,5","8,6",12:20,"6,8","1026,5",23,"1020,6",05
2018-01-10,C619Y,LA ALDEA DE SAN NICOLÁS,LAS PALMAS,13,"18,9","0,0","14,8",04:20,"23,0",14:20,06,"5,3","15,6",16:50,"7,7","1028,3",11,"1024,4",16
2018-01-11,C619Y,LA ALDEA DE SAN NICOLÁS,LAS PALMAS,13,"17,2","0,0","12,4",07:40,"22,1",14:10,04,"3,6","13,6",16:20,"6,2","1026,4",00,"1023,4",19
2018-01-12,C619Y,LA ALDEA DE SAN NICOLÁS,LAS PALMAS,13,"15,2","0,0","9,8",07:00,"20,7",15:00,08,"3,9","11,9",20:30,"7,5","1024,1",00,"1021,0",16
2018-01-13,C619Y,LA ALDEA DE SAN NICOLÁS,LAS PALMAS,13,"16,8","0,0","11,8",06:50,"21,7",13:00,07,"5,0","19,2",15:10,"9,1","1024,3",11,"1020,7",18
2018-01-14,C619Y,LA ALDEA DE SAN NICOLÁS,LAS PALMAS,13,"17,8","0,0","13,4",05:00,"22,3",14:40,04,"6,7","17,5",06:30,"8,2","1024,6",11,"1020,8",06
2018-01-15,C619Y,LA ALDEA DE SAN NICOLÁS,LAS PALMAS,13,"18,1","3,8","16,1",13:40,"20,1",16:00,10,"6,9","21,4",23:10,"3,6","1024,2",00,"1021,2",06
2018-01-16,C619Y,LA ALDEA DE SAN NICOLÁS,LAS PALMAS,13,"17,4","0,4","16,2",07:00,"18,6",13:30,11,"9,4","25,6",05:10,"0,3","1023,7",10,"1020,4",04
2018-01-17,C619Y,LA ALDEA DE SAN NICOLÁS,LAS PALMAS,13,"19,8","2,4","16,9",05:00,"22,6",14:10,09,"6,9","19,7",08:10,"6,4","1022,7",00,"1020,1",15
2018-01-18,C619Y,LA ALDEA DE SAN NICOLÁS,LAS PALMAS,13,"18,7","1,0","16,6",06:20,"20,8",12:10,09,"5,3","17,5",06:00,"2,3","1022,1",Varias,"1018,5",06
2018-01-19,C619Y,LA ALDEA DE SAN NICOLÁS,LAS PALMAS,13,"19,8","0,0","16,6",04:00,"22,9",13:00,08,"8,1","19,7",17:50,"8,7","1024,7",23,"1020,8",06
2018-01-20,C619Y,LA ALDEA DE SAN NICOLÁS,LAS PALMAS,13,"17,2","0,0","12,4",23:50,"21,9",14:50,04,"6,4","18,9",12:50,"9,4","1025,8",23,"1022,2",17
2018-01-21,C619Y,LA ALDEA DE SAN NICOLÁS,LAS PALMAS,13,"16,6","0,0","9,8",07:50,"23,5",16:30,99,"2,2","6,1",Varias,"9,4","1027,3",11,"1024,4",Varias
2018-01-22,C619Y,LA ALDEA DE SAN NICOLÁS,LAS PALMAS,13,"15,7","0,0","7,8",05:00,"23,6",15:50,07,"3,9","12,2",23:00,"9,4","1025,9",00,"1022,2",16
2018-01-23,C619Y,LA ALDEA DE SAN NICOLÁS,LAS PALMAS,13,"14,9","0,0","8,4",08:20,"21,4",16:20,05,"3,1","11,4",01:10,"9,5","1024,5",11,"1021,3",17
2018-01-24,C619Y,LA ALDEA DE SAN NICOLÁS,LAS PALMAS,13,"15,7","0,0","8,5",07:00,"22,9",15:20,01,"3,6","10,8",16:20,"9,5","1024,2",12,"1021,1",16
2018-01-25,C619Y,LA ALDEA DE SAN NICOLÁS,LAS PALMAS,13,"14,3","0,0","8,1",08:00,"20,5",15:00,03,"7,8","19,2",17:10,"9,5","1026,0",23,"1022,5",04
2018-01-26,C619Y,LA ALDEA DE SAN NICOLÁS,LAS PALMAS,13,"19,1","0,0","16,5",20:40,"21,7",15:30,04,"7,5","19,2",10:50,"7,7","1026,5",11,"1023,5",05
2018-01-27,C619Y,LA ALDEA DE SAN NICOLÁS,LAS PALMAS,13,"18,8","0,0","15,7",01:50,"21,8",13:40,07,"6,1","19,2",16:30,"2,7","1025,8",01,"1022,3",19
2018-01-28,C619Y,LA ALDEA DE SAN NICOLÁS,LAS PALMAS,13,"17,7","0,2","14,8",12:20,"20,6",16:00,11,"6,1","20,8",02:10,"6,4","1023,3",00,"1017,9",16
2018-01-29,C619Y,LA ALDEA DE SAN NICOLÁS,LAS PALMAS,13,"16,0","2,0","14,0",03:50,"18,0",15:20,28,"4,4","15,8",11:00,"3,2","1020,0",00,"1014,8",17
2018-01-30,C619Y,LA ALDEA DE SAN NICOLÁS,LAS PALMAS,13,"16,3","2,2","12,8",07:00,"19,8",16:00,10,"2,8","14,2",21:40,"5,4","1018,5",24,"1014,7",16
2018-01-31,C619Y,LA ALDEA DE SAN NICOLÁS,LAS PALMAS,13,"16,0","4,2","12,3",01:50,"19,7",14:30,29,"2,8","16,4",18:00,"4,8","1019,3",12,"1014,8",17
2018-02-01,C619Y,LA ALDEA DE SAN NICOLÁS,LAS PALMAS,13,"16,9","6,2","13,7",10:00,"20,1",14:30,10,"6,7","19,2",14:00,"5,2","1017,9",12,"1013,5",17
2018-02-02,C619Y,LA ALDEA DE SAN NICOLÁS,LAS PALMAS,13,"17,0","2,2","14,4",23:59,"19,5",12:00,10,"7,5","20,6",17:00,"3,5","1019,6",24,"1014,9",06
2018-02-03,C619Y,LA ALDEA DE SAN NICOLÁS,LAS PALMAS,13,"17,2","0,2","14,7",00:10,"19,7",15:00,09,"7,8","23,9",10:20,"2,9","1021,8",13,"1017,4",06
2018-02-04,C619Y,LA ALDEA DE SAN NICOLÁS,LAS PALMAS,13,"18,2","4,0","14,9",00:20,"21,6",14:50,10,"7,2","18,1",16:30,"6,6","1022,3",11,"1017,9",16
2018-02-05,C619Y,LA ALDEA DE SAN NICOLÁS,LAS PALMAS,13,"17,0","4,2","14,0",08:40,"19,9",15:10,09,"4,2","17,5",05:30,"7,6","1020,2",11,"1016,9",05
2018-02-06,C619Y,LA ALDEA DE SAN NICOLÁS,LAS PALMAS,13,"16,1","1,6","13,9",22:30,"18,3",13:40,09,"5,6","16,1",07:20,"2,6","1022,2",12,"1018,5",07
2018-02-07,C619Y,LA ALDEA DE SAN NICOLÁS,LAS PALMAS,13,"15,8","5,2","12,6",19:20,"19,0",12:10,28,"3,9","17,5",17:30,"3,4","1021,4",00,"1017,2",17
2018-02-08,C619Y,LA ALDEA DE SAN NICOLÁS,LAS PALMAS,13,"15,1","1,2","12,4",00:20,"17,8",14:00,10,"7,5","22,8",13:50,"6,4","1024,7",24,"1018,1",05
2018-02-09,C619Y,LA ALDEA DE SAN NICOLÁS,LAS PALMAS,13,"16,8","0,8","13,4",07:30,"20,2",16:30,09,"7,2","20,0",05:30,"6,7","1026,0",10,"1023,1",05
2018-02-10,C619Y,LA ALDEA DE SAN NICOLÁS,LAS PALMAS,13,"18,4","0,2","15,1",08:20,"21,8",15:00,07,"5,6","16,9",22:30,"5,7","1025,0",00,"1021,2",Varias
2018-02-11,C619Y,LA ALDEA DE SAN NICOLÁS,LAS PALMAS,13,"18,4","0,0","15,6",07:20,"21,2",12:10,08,"8,3","20,3",02:30,"10,2","1024,6",11,"1021,3",17
2018-02-12,C619Y,LA ALDEA DE SAN NICOLÁS,LAS PALMAS,13,"15,5","0,0","10,9",08:10,"20,1",13:50,07,"4,2","16,4",01:10,"4,8","1023,3",11,"1019,9",17
2018-02-13,C619Y,LA ALDEA DE SAN NICOLÁS,LAS PALMAS,13,"15,7","0,0","10,4",07:30,"21,0",17:10,99,"2,8","6,1",17:40,"6,2","1021,7",11,"1018,9",17
2018-02-14,C619Y,LA ALDEA DE SAN NICOLÁS,LAS PALMAS,13,"14,9","0,0","7,8",07:20,"22,0",15:50,29,"2,5","6,4",11:30,"10,2","1021,2",11,"1019,1",Varias
2018-02-15,C619Y,LA ALDEA DE SAN NICOLÁS,LAS PALMAS,13,"15,8","0,0","10,1",05:00,"21,6",16:00,08,"1,4","9,7",21:40,"0,1","1020,9",12,"1017,9",05
2018-02-16,C619Y,LA ALDEA DE SAN NICOLÁS,LAS PALMAS,13,"18,5","0,0","12,4",08:00,"24,6",15:50,05,"3,9","11,4",18:20,"9,4","1022,5",24,"1018,8",04
2018-02-17,C619Y,LA ALDEA DE SAN NICOLÁS,LAS PALMAS,13,"15,8","0,0","10,7",08:00,"20,8",15:00,04,"4,7","17,2",16:40,"10,2","1023,2",11,"1019,5",17
2018-02-18,C619Y,LA ALDEA DE SAN NICOLÁS,LAS PALMAS,13,"16,6","0,0","10,8",07:20,"22,3",16:10,06,"4,7","13,3",19:20,"10,3","1020,6",00,"1016,5",19
2018-02-19,C619Y,LA ALDEA DE SAN NICOLÁS,LAS PALMAS,13,"17,3","0,0","11,3",06:00,"23,3",14:50,08,"4,7","14,4",16:10,"10,0","1017,3",00,"1015,1",18
2018-02-20,C619Y,LA ALDEA DE SAN NICOLÁS,LAS PALMAS,13,"19,1","0,8","15,6",05:40,"22,6",15:00,10,"5,8","15,3",14:10,"8,6","1016,3",Varias,"1013,7",17
2018-02-21,C619Y,LA ALDEA DE SAN NICOLÁS,LAS PALMAS,13,"17,8",,"11,9",23:59,"23,6",11:50,08,"4,4","16,1",02:10,"8,4","1014,6",01,"1011,4",24
2018-02-22,C619Y,LA ALDEA DE SAN NICOLÁS,LAS PALMAS,13,"15,2","0,6","9,7",04:10,"20,6",13:50,26,"2,8","7,2",13:00,"3,0","1011,4",00,"1005,4",24
2018-02-23,C619Y,LA ALDEA DE SAN NICOLÁS,LAS PALMAS,13,"15,3","4,4","12,0",01:50,"18,6",11:50,23,"1,9","10,0",17:30,"0,6","1005,4",00,"999,0",15
2018-02-24,C619Y,LA ALDEA DE SAN NICOLÁS,LAS PALMAS,13,"17,2","0,0","10,8",06:00,"23,7",16:30,25,"2,8","10,0",14:10,"10,0","1005,6",23,"1000,7",00
2018-02-25,C619Y,LA ALDEA DE SAN NICOLÁS,LAS PALMAS,13,"18,7","9,4","16,5",22:00,"20,9",13:50,24,"3,1","23,6",16:50,"1,1","1005,2",00,"999,7",17
2018-02-26,C619Y,LA ALDEA DE SAN NICOLÁS,LAS PALMAS,13,"18,5","0,0","15,5",07:20,"21,5",16:10,20,"3,9","12,8",20:10,"8,6","1011,2",22,"1004,5",00
2018-02-27,C619Y,LA ALDEA DE SAN NICOLÁS,LAS PALMAS,13,"19,9","18,4","17,5",04:00,"22,3",16:00,24,"6,9","18,3",21:20,"6,2","1009,9",00,"1005,5",24
2018-02-28,C619Y,LA ALDEA DE SAN NICOLÁS,LAS PALMAS,13,"18,4","1,2","15,9",05:50,"21,0",16:00,20,"5,0","20,6",15:10,"2,4","1006,6",23,"1001,8",05
2018-03-01,C619Y,LA ALDEA DE SAN NICOLÁS,LAS PALMAS,13,"21,0","0,0","18,7",07:00,"23,2",16:00,23,"4,4","19,2",01:50,"7,2","1011,6",23,"1005,6",04
2018-03-02,C619Y,LA ALDEA DE SAN NICOLÁS,LAS PALMAS,13,"21,0","0,2","18,5",04:00,"23,4",15:00,20,"3,9","14,2",13:20,"5,1","1011,9",11,"1009,6",07
2018-03-03,C619Y,LA ALDEA DE SAN NICOLÁS,LAS PALMAS,13,"21,8","0,2","19,0",Varias,"24,5",14:00,25,"6,7","17,5",18:40,"7,3","1011,4",22,"1007,6",06
2018-03-04,C619Y,LA ALDEA DE SAN NICOLÁS,LAS PALMAS,13,"19,6","0,0","15,5",23:59,"23,8",16:00,18,"3,3","14,2",01:10,"8,6","1015,6",24,"1010,4",01
2018-03-05,C619Y,LA ALDEA DE SAN NICOLÁS,LAS PALMAS,13,"17,9","0,0","12,4",06:40,"23,4",15:10,29,"2,8","6,7",13:40,"10,7","1016,9",23,"1014,0",05
2018-03-06,C619Y,LA ALDEA DE SAN NICOLÁS,LAS PALMAS,13,"17,6","0,0","12,3",07:40,"23,0",14:20,99,"2,8","8,3",14:50,"10,0","1017,0",11,"1014,5",16
2018-03-07,C619Y,LA ALDEA DE SAN NICOLÁS,LAS PALMAS,13,"19,2","0,0","14,1",08:00,"24,3",13:00,25,"2,8","11,7",15:20,"9,3","1016,9",24,"1014,4",Varias
2018-03-08,C619Y,LA ALDEA DE SAN NICOLÁS,LAS PALMAS,13,"19,8","0,0","13,6",07:40,"25,9",15:30,25,"3,3","9,7",16:10,"10,8","1017,5",10,"1014,4",16
2018-03-09,C619Y,LA ALDEA DE SAN NICOLÁS,LAS PALMAS,13,"21,2","0,0","13,3",06:00,"29,2",12:50,27,"3,6","13,3",10:00,"10,9","1016,6",00,"1013,6",16
2018-03-10,C619Y,LA ALDEA DE SAN NICOLÁS,LAS PALMAS,13,"21,5","0,0","17,8",23:59,"25,2",13:10,06,"4,4","12,5",19:50,"6,9","1020,5",24,"1014,1",04
2018-03-11,C619Y,LA ALDEA DE SAN NICOLÁS,LAS PALMAS,13,"18,6","0,0","13,5",04:00,"23,8",12:30,11,"3,1","15,3",21:50,"9,6","1022,2",23,"1019,6",04
2018-03-12,C619Y,LA ALDEA DE SAN NICOLÁS,LAS PALMAS,13,"17,6","0,0","11,4",06:50,"23,8",12:30,03,"5,0","14,2",18:30,"10,9","1022,8",12,"1019,8",15
2018-03-13,C619Y,LA ALDEA DE SAN NICOLÁS,LAS PALMAS,13,"17,2","0,0","11,3",06:00,"23,1",14:10,36,"4,2","15,0",18:30,"11,0","1022,1",10,"1019,2",19
2018-03-14,C619Y,LA ALDEA DE SAN NICOLÁS,LAS PALMAS,13,"17,2","0,0","11,9",05:00,"22,6",14:30,99,"3,1","9,2",Varias,"8,7","1020,5",00,"1017,0",18
2018-03-15,C619Y,LA ALDEA DE SAN NICOLÁS,LAS PALMAS,13,"18,0","0,0","12,9",05:30,"23,1",12:40,10,"3,9","14,2",21:30,"5,7","1017,2",00,"1013,8",06
2018-03-16,C619Y,LA ALDEA DE SAN NICOLÁS,LAS PALMAS,13,"19,9","0,0","16,3",23:59,"23,5",16:40,10,"4,4","16,9",19:10,"8,0","1019,8",24,"1015,2",05
2018-03-17,C619Y,LA ALDEA DE SAN NICOLÁS,LAS PALMAS,13,"17,1","0,0","12,2",07:00,"22,0",16:40,10,"3,6","12,8",17:40,"11,2","1020,9",11,"1018,1",05
2018-03-18,C619Y,LA ALDEA DE SAN NICOLÁS,LAS PALMAS,13,"21,2","0,4","17,2",Varias,"25,1",13:00,07,"5,3","16,1",16:40,"6,6","1021,0",10,"1018,2",16
2018-03-19,C619Y,LA ALDEA DE SAN NICOLÁS,LAS PALMAS,13,"21,4","0,0","17,6",07:00,"25,1",14:00,10,"7,5","19,2",16:50,"8,0","1021,9",11,"1019,1",17
2018-03-20,C619Y,LA ALDEA DE SAN NICOLÁS,LAS PALMAS,13,"20,6","0,0","17,8",Varias,"23,4",11:50,09,"9,7","23,1",76:20,"9,0","1022,5",Varias,"1018,6",05
2018-03-21,C619Y,LA ALDEA DE SAN NICOLÁS,LAS PALMAS,13,"19,4","0,0","16,3",23:59,"22,4",13:30,08,"8,1","21,1",11:50,"11,0","1025,8",23,"1021,0",04
2018-03-22,C619Y,LA ALDEA DE SAN NICOLÁS,LAS PALMAS,13,"18,6","0,0","15,8",07:20,"21,3",14:40,04,"10,8","23,3",17:20,"11,3","1026,4",11,"1023,0",05
2018-03-23,C619Y,LA ALDEA DE SAN NICOLÁS,LAS PALMAS,13,"16,9","0,0","13,6",05:50,"20,2",14:10,04,"8,3","19,2",00:30,"11,3","1025,6",Varias,"1022,2",18
2018-03-24,C619Y,LA ALDEA DE SAN NICOLÁS,LAS PALMAS,13,"21,0","0,0","17,2",01:00,"24,8",13:10,08,"7,2","18,9",13:20,"8,5","1024,1",00,"1019,5",Varias
2018-03-25,C619Y,LA ALDEA DE SAN NICOLÁS,LAS PALMAS,13,"20,2","0,4","16,6",04:50,"23,8",14:00,07,,"23,3",72:00,"11,3","1021,8",13,"1019,0",18
2018-03-26,C619Y,LA ALDEA DE SAN NICOLÁS,LAS PALMAS,13,"19,5","0,0","16,9",23:59,"22,1",12:20,04,"10,0","25,0",20:40,"10,7","1022,4",10,"1017,8",16
2018-03-27,C619Y,LA ALDEA DE SAN NICOLÁS,LAS PALMAS,13,"19,0","0,0","15,7",07:20,"22,3",13:20,03,"7,8","23,3",00:50,"7,0","1019,9",10,"1016,6",24
2018-03-28,C619Y,LA ALDEA DE SAN NICOLÁS,LAS PALMAS,13,"23,0","0,0","16,7",03:00,"29,3",16:00,02,"3,6","9,2",17:40,"3,6","1016,9",10,"1013,2",17
2018-03-29,C619Y,LA ALDEA DE SAN NICOLÁS,LAS PALMAS,13,"20,9","0,0","14,0",07:10,"27,8",12:50,05,"3,9","18,9",22:30,"10,1","1015,7",24,"1011,7",Varias
2018-03-30,C619Y,LA ALDEA DE SAN NICOLÁS,LAS PALMAS,13,"18,2","0,0","14,4",23:59,"21,9",14:00,06,"10,8","22,5",05:20,"11,2","1018,2",23,"1014,4",Varias
2018-03-31,C619Y,LA ALDEA DE SAN NICOLÁS,LAS PALMAS,13,"16,2","0,0","10,1",05:00,"22,2",13:20,29,"3,3","10,0",15:50,"11,5","1018,1",00,"1013,7",17
2018-04-01,C619Y,LA ALDEA DE SAN NICOLÁS,LAS PALMAS,13,"17,0","0,0","12,1",02:50,"21,8",15:40,29,"3,3","7,5",13:50,"10,1","1015,0",00,"1009,8",18
2018-04-02,C619Y,LA ALDEA DE SAN NICOLÁS,LAS PALMAS,13,"19,6","0,0","13,2",05:50,"25,9",13:30,06,"3,1","12,8",13:00,"9,6","1013,8",22,"1009,1",05
2018-04-03,C619Y,LA ALDEA DE SAN NICOLÁS,LAS PALMAS,13,"19,0","0,0","13,9",05:20,"24,1",15:20,10,"3,6","16,9",19:40,"11,5","1016,8",23,"1012,7",04
2018-04-04,C619Y,LA ALDEA DE SAN NICOLÁS,LAS PALMAS,13,"20,5","0,0","17,2",07:30,"23,8",12:10,03,"7,2","18,9",12:40,"11,5","1017,5",11,"1015,0",18
2018-04-05,C619Y,LA ALDEA DE SAN NICOLÁS,LAS PALMAS,13,"18,6","0,0","14,0",07:30,"23,1",12:30,09,"6,1","16,7",08:40,"11,6","1016,7",00,"1014,0",Varias
2018-04-06,C619Y,LA ALDEA DE SAN NICOLÁS,LAS PALMAS,13,"18,1","0,6","12,3",06:50,"23,9",12:40,07,"3,3","11,4",01:20,"10,6","1015,8",Varias,"1013,1",18
2018-04-07,C619Y,LA ALDEA DE SAN NICOLÁS,LAS PALMAS,13,"20,5","0,0","17,1",00:50,"23,9",13:50,99,"5,8","15,3",Varias,"8,6","1019,2",23,"1014,1",Varias
2018-04-08,C619Y,LA ALDEA DE SAN NICOLÁS,LAS PALMAS,13,"20,0","1,0","16,8",03:20,"23,2",15:30,11,"6,9","22,8",12:40,"3,7","1020,7",23,"1017,7",03
2018-04-09,C619Y,LA ALDEA DE SAN NICOLÁS,LAS PALMAS,13,"18,6","0,2","15,1",08:00,"22,2",13:20,07,"8,9","23,3",19:20,"5,5","1022,3",10,"1018,3",05
2018-04-10,C619Y,LA ALDEA DE SAN NICOLÁS,LAS PALMAS,13,"19,6","0,0","15,2",02:10,"24,1",14:20,11,"7,5","23,3",00:20,"10,5","1022,9",11,"1019,5",Varias
2018-04-11,C619Y,LA ALDEA DE SAN NICOLÁS,LAS PALMAS,13,"21,4","0,4","17,3",21:40,"25,6",12:20,09,"4,4","15,0",16:30,"3,1","1020,9",11,"1018,7",19
2018-04-12,C619Y,LA ALDEA DE SAN NICOLÁS,LAS PALMAS,13,"21,4","0,0","17,0",01:50,"25,7",13:50,08,"4,4","14,2",12:20,"8,7","1020,2",10,"1016,5",18
2018-04-13,C619Y,LA ALDEA DE SAN NICOLÁS,LAS PALMAS,13,"20,8","0,0","17,1",04:00,"24,5",13:50,10,"5,8","17,2",13:40,"10,0","1021,1",23,"1017,1",06
2018-04-14,C619Y,LA ALDEA DE SAN NICOLÁS,LAS PALMAS,13,"20,4","0,0","16,6",05:50,"24,1",13:50,06,"5,8","17,8",20:20,"11,3","1022,0",11,"1019,3",04
2018-04-15,C619Y,LA ALDEA DE SAN NICOLÁS,LAS PALMAS,13,"19,6","0,0","17,0",04:00,"22,3",13:40,06,"8,1","18,3",04:20,"11,9","1021,3",00,"1018,4",Varias
2018-04-16,C619Y,LA ALDEA DE SAN NICOLÁS,LAS PALMAS,13,"18,1","0,0","11,8",06:40,"24,4",13:40,03,"4,7","14,7",00:10,"11,9","1019,8",00,"1015,7",18
2018-04-17,C619Y,LA ALDEA DE SAN NICOLÁS,LAS PALMAS,13,"18,2","0,0","12,5",06:20,"23,9",12:40,03,"6,1","16,4",17:30,"11,7","1017,2",00,"1014,6",17
2018-04-18,C619Y,LA ALDEA DE SAN NICOLÁS,LAS PALMAS,13,"19,4","0,0","16,2",07:30,"22,7",16:00,01,"8,9","19,7",17:10,"11,4","1017,4",10,"1014,8",17
2018-04-19,C619Y,LA ALDEA DE SAN NICOLÁS,LAS PALMAS,13,"20,7","0,6","17,3",23:50,"24,1",16:30,09,"8,9","21,9",23:00,"11,6","1017,0",22,"1014,5",05
2018-04-20,C619Y,LA ALDEA DE SAN NICOLÁS,LAS PALMAS,13,"20,4","0,0","16,7",05:50,"24,1",14:10,10,"7,8","20,6",12:10,"11,3","1016,8",00,"1014,7",04
2018-04-21,C619Y,LA ALDEA DE SAN NICOLÁS,LAS PALMAS,13,"20,8","0,2","15,2",04:00,"26,4",14:00,08,"3,1","12,5",13:30,"9,4","1016,4",00,"1013,2",Varias
2018-04-22,C619Y,LA ALDEA DE SAN NICOLÁS,LAS PALMAS,13,"20,8","0,2","17,4",05:50,"24,1",14:30,08,"2,2","13,1",11:30,"3,4","1016,6",22,"1013,2",04
2018-04-23,C619Y,LA ALDEA DE SAN NICOLÁS,LAS PALMAS,13,"21,2","0,2","16,8",07:50,"25,6",15:30,10,"3,6","13,3",14:40,"5,6","1017,7",24,"1014,6",05
2018-04-24,C619Y,LA ALDEA DE SAN NICOLÁS,LAS PALMAS,13,"19,8","0,2","17,4",04:30,"22,3",12:10,31,"5,3","16,1",02:40,"1,0","1021,0",23,"1016,0",04
2018-04-25,C619Y,LA ALDEA DE SAN NICOLÁS,LAS PALMAS,13,"20,2","0,0","16,9",01:30,"23,5",13:00,09,"7,8","21,4",11:00,"10,4","1021,0",09,"1018,2",19
2018-04-26,C619Y,LA ALDEA DE SAN NICOLÁS,LAS PALMAS,13,"20,2","0,0","17,6",06:00,"22,7",13:10,07,"7,8","21,1",10:40,"11,6","1020,0",00,"1016,7",19
2018-04-27,C619Y,LA ALDEA DE SAN NICOLÁS,LAS PALMAS,13,"19,2","0,0","17,0",05:50,"21,4",14:10,03,"8,9","19,2",19:00,"11,5","1018,4",00,"1015,9",06
2018-04-28,C619Y,LA ALDEA DE SAN NICOLÁS,LAS PALMAS,13,"20,6","0,0","17,2",06:00,"24,0",14:00,08,"6,9","21,4",19:30,"12,1","1020,2",23,"1016,0",04
2018-04-29,C619Y,LA ALDEA DE SAN NICOLÁS,LAS PALMAS,13,"19,6","0,0","16,6",05:40,"22,7",12:50,99,"5,3","18,6",Varias,"12,0","1020,6",10,"1017,8",17
2018-04-30,C619Y,LA ALDEA DE SAN NICOLÁS,LAS PALMAS,13,"20,0","0,0","15,8",06:30,"24,1",13:50,09,"5,8","18,6",12:50,"10,1","1020,5",Varias,"1018,1",15
2018-05-01,C619Y,LA ALDEA DE SAN NICOLÁS,LAS PALMAS,13,"20,4","0,0","16,4",05:50,"24,4",13:10,10,"6,1","15,8",09:50,"12,0","1021,3",10,"1019,0",Varias
2018-05-02,C619Y,LA ALDEA DE SAN NICOLÁS,LAS PALMAS,13,"21,2","0,0","16,3",06:10,"26,1",12:20,10,"3,1","15,3",03:30,"8,9","1020,4",00,"1017,1",19
2018-05-03,C619Y,LA ALDEA DE SAN NICOLÁS,LAS PALMAS,13,"21,4","0,0","18,2",23:59,"24,7",11:20,11,"4,4","13,1",19:30,"5,2","1017,5",00,"1014,7",Varias
2018-05-04,C619Y,LA ALDEA DE SAN NICOLÁS,LAS PALMAS,13,"21,0","0,0","17,5",02:40,"24,4",13:50,07,"3,9","18,3",12:20,"10,7","1016,8",24,"1013,4",18
2018-05-05,C619Y,LA ALDEA DE SAN NICOLÁS,LAS PALMAS,13,"21,0","0,0","17,3",02:10,"24,6",15:00,09,"3,6","11,9",11:00,"6,2","1016,4",00,"1013,4",19
2018-05-06,C619Y,LA ALDEA DE SAN NICOLÁS,LAS PALMAS,13,"19,9","0,2","14,8",06:00,"25,0",13:50,34,"3,1","9,7",15:30,"4,5","1016,4",23,"1013,5",05
2018-05-07,C619Y,LA ALDEA DE SAN NICOLÁS,LAS PALMAS,13,"21,4","0,6","16,9",06:20,"26,0",14:10,10,"3,6","14,7",20:10,"11,7","1018,9",24,"1015,2",04
2018-05-08,C619Y,LA ALDEA DE SAN NICOLÁS,LAS PALMAS,13,"22,4","0,0","18,3",Varias,"26,4",14:40,09,"6,9","20,3",15:50,"7,6","1019,4",10,"1016,8",16
2018-05-09,C619Y,LA ALDEA DE SAN NICOLÁS,LAS PALMAS,13,"21,0","0,0","17,9",06:40,"24,0",16:00,08,"6,1","22,2",16:20,"10,4","1018,7",23,"1016,4",04
2018-05-10,C619Y,LA ALDEA DE SAN NICOLÁS,LAS PALMAS,13,"21,6","0,0","18,4",01:50,"24,9",11:50,08,"6,1","22,5",18:20,"11,9","1019,1",23,"1015,1",17
2018-05-11,C619Y,LA ALDEA DE SAN NICOLÁS,LAS PALMAS,13,"20,6","0,0","17,4",04:00,"23,7",15:00,06,"10,0","24,7",23:59,"12,2","1019,5",23,"1016,1",Varias
2018-05-12,C619Y,LA ALDEA DE SAN NICOLÁS,LAS PALMAS,13,"20,6","0,0","17,7",06:00,"23,4",15:00,06,"12,5","25,8",15:00,"12,4","1019,2",00,"1016,6",19
2018-05-13,C619Y,LA ALDEA DE SAN NICOLÁS,LAS PALMAS,13,"19,3","0,0","16,8",06:00,"21,8",13:40,06,"11,9","25,3",07:00,"12,3","1018,3",00,"1015,4",17
2018-05-14,C619Y,LA ALDEA DE SAN NICOLÁS,LAS PALMAS,13,"19,4","0,0","16,9",05:50,"21,8",15:20,06,"9,4","22,5",03:40,"12,4","1017,1",00,"1014,6",04
2018-05-15,C619Y,LA ALDEA DE SAN NICOLÁS,LAS PALMAS,13,"20,7","0,0","17,3",03:50,"24,1",15:20,07,"8,1","24,7",17:00,"11,9","1015,5",Varias,"1013,2",17
2018-05-16,C619Y,LA ALDEA DE SAN NICOLÁS,LAS PALMAS,13,"21,8","0,0","18,1",06:30,"25,4",14:10,10,"6,9","17,5",11:30,"5,7","1016,2",23,"1013,1",Varias
2018-05-17,C619Y,LA ALDEA DE SAN NICOLÁS,LAS PALMAS,13,"21,3","0,0","17,6",04:00,"25,0",15:00,08,"4,7","15,8",12:50,"11,9","1016,5",23,"1013,8",05
2018-05-18,C619Y,LA ALDEA DE SAN NICOLÁS,LAS PALMAS,13,"21,2","0,0","18,1",03:20,"24,2",11:50,08,"5,6","18,6",19:20,"11,0","1016,9",23,"1014,5",03
2018-05-19,C619Y,LA ALDEA DE SAN NICOLÁS,LAS PALMAS,13,"21,6","0,0","18,2",Varias,"25,1",14:30,08,"4,7","18,3",18:00,"10,9","1017,4",11,"1014,7",18
2018-05-20,C619Y,LA ALDEA DE SAN NICOLÁS,LAS PALMAS,13,"21,8","0,0","17,8",04:40,"25,8",11:20,06,"4,4","14,2",11:30,"9,9","1016,9",00,"1013,9",19
2018-05-21,C619Y,LA ALDEA DE SAN NICOLÁS,LAS PALMAS,13,"21,9","0,0","17,9",00:10,"25,9",12:10,08,"3,6","15,3",13:40,"11,7","1016,1",12,"1014,0",18
2018-05-22,C619Y,LA ALDEA DE SAN NICOLÁS,LAS PALMAS,13,"22,0","0,0","17,2",03:00,"26,9",13:10,10,"3,1","11,9",01:00,"9,2","1017,1",23,"1014,6",04
2018-05-23,C619Y,LA ALDEA DE SAN NICOLÁS,LAS PALMAS,13,"21,0","0,0","18,1",23:59,"23,8",16:40,06,"5,0","12,8",19:20,"8,4","1018,4",23,"1015,0",05
2018-05-24,C619Y,LA ALDEA DE SAN NICOLÁS,LAS PALMAS,13,"21,6","0,0","16,8",03:40,"26,5",12:50,09,"3,3","13,6",17:30,"9,2","1018,1",10,"1016,3",Varias
2018-05-25,C619Y,LA ALDEA DE SAN NICOLÁS,LAS PALMAS,13,"21,8","0,0","17,8",05:10,"25,8",12:10,10,"4,7","13,9",14:30,"7,6","1017,7",00,"1015,1",17
2018-05-26,C619Y,LA ALDEA DE SAN NICOLÁS,LAS PALMAS,13,"21,8","0,0","18,2",Varias,"25,4",12:00,09,"5,8","17,2",09:10,"9,8","1018,8",23,"1015,1",05
2018-05-27,C619Y,LA ALDEA DE SAN NICOLÁS,LAS PALMAS,13,"22,0","0,0","17,7",06:00,"26,4",11:40,11,"4,7","17,2",22:00,"11,5","1020,3",Varias,"1017,2",04
2018-05-28,C619Y,LA ALDEA DE SAN NICOLÁS,LAS PALMAS,13,"21,1","0,0","17,8",06:20,"24,4",14:50,07,"6,4","21,4",13:40,"10,6","1020,5",23,"1017,5",17
2018-05-29,C619Y,LA ALDEA DE SAN NICOLÁS,LAS PALMAS,13,"21,2","0,0","18,0",07:00,"24,3",13:30,99,"5,3","21,7",Varias,"11,7","1020,2",00,"1017,2",18
2018-05-30,C619Y,LA ALDEA DE SAN NICOLÁS,LAS PALMAS,13,"21,2","0,0","18,4",00:50,"24,1",15:10,99,"11,1","21,7",Varias,,"1018,9",00,"1016,3",18
2018-05-31,C619Y,LA ALDEA DE SAN NICOLÁS,LAS PALMAS,13,"21,0","0,0","18,5",04:30,"23,4",12:00,03,"8,9","22,5",17:10,"12,7","1020,1",24,"1016,6",02
2018-06-01,C619Y,LA ALDEA DE SAN NICOLÁS,LAS PALMAS,13,"20,6","0,0","18,2",07:20,"23,1",13:40,03,"9,4","21,9",21:50,"12,3","1020,1",23,"1017,7",17
2018-06-02,C619Y,LA ALDEA DE SAN NICOLÁS,LAS PALMAS,13,"21,0","0,0","17,9",07:00,"24,0",14:00,,,,,"12,2","1020,0",00,"1017,9",16
2018-06-03,C619Y,LA ALDEA DE SAN NICOLÁS,LAS PALMAS,13,"21,4","0,0","18,0",04:00,"24,9",12:20,,,,,"12,7","1020,3",10,"1017,6",18
2018-06-04,C619Y,LA ALDEA DE SAN NICOLÁS,LAS PALMAS,13,"20,2","0,0","17,4",06:20,"23,1",14:00,04,"9,7","21,1",02:20,"12,5","1019,4",00,"1016,9",17
2018-06-05,C619Y,LA ALDEA DE SAN NICOLÁS,LAS PALMAS,13,"18,2","0,0","13,4",05:30,"23,1",14:00,04,"8,9","20,3",18:20,"12,7","1018,7",Varias,"1015,8",17
2018-06-06,C619Y,LA ALDEA DE SAN NICOLÁS,LAS PALMAS,13,"18,6","0,0","13,8",05:00,"23,3",12:20,04,"10,0","20,3",19:10,"12,7","1020,1",23,"1017,3",Varias
2018-06-07,C619Y,LA ALDEA DE SAN NICOLÁS,LAS PALMAS,13,"21,4","0,0","19,0",23:59,"23,8",15:00,06,"8,3","19,4",03:50,"12,6","1021,4",11,"1019,2",05
2018-06-08,C619Y,LA ALDEA DE SAN NICOLÁS,LAS PALMAS,13,"21,9","0,0","18,5",02:00,"25,3",18:00,99,"5,8","15,8",Varias,"12,3","1020,6",00,"1017,9",18
2018-06-09,C619Y,LA ALDEA DE SAN NICOLÁS,LAS PALMAS,13,"23,4","0,0","19,7",23:59,"27,1",13:30,06,"3,9","13,6",14:40,"7,8","1019,2",23,"1016,6",04
2018-06-10,C619Y,LA ALDEA DE SAN NICOLÁS,LAS PALMAS,13,"22,4","0,0","17,9",06:50,"27,0",14:20,10,"5,3","17,2",19:10,"7,9","1019,1",11,"1016,8",18
2018-06-11,C619Y,LA ALDEA DE SAN NICOLÁS,LAS PALMAS,13,"22,8","0,0","18,7",01:50,"27,0",13:00,09,"6,9","24,4",16:40,"11,3","1019,7",24,"1017,2",17
2018-06-12,C619Y,LA ALDEA DE SAN NICOLÁS,LAS PALMAS,13,"22,8","0,0","18,4",06:10,"27,2",14:00,07,"8,3","20,8",13:30,"12,2","1021,4",23,"1017,9",03
2018-06-13,C619Y,LA ALDEA DE SAN NICOLÁS,LAS PALMAS,13,"22,8","0,0","19,4",05:00,"26,2",13:50,07,"7,8","22,2",12:40,"12,2","1021,3",01,"1018,2",17
2018-06-14,C619Y,LA ALDEA DE SAN NICOLÁS,LAS PALMAS,13,"22,8","0,0","19,1",05:00,"26,6",13:50,12,"8,3","22,5",11:20,"9,0","1020,1",00,"1016,9",18
2018-06-15,C619Y,LA ALDEA DE SAN NICOLÁS,LAS PALMAS,13,"22,6","0,0","19,2",04:30,"25,9",12:30,08,"6,7","19,7",16:00,"9,4","1019,0",00,"1015,3",19
2018-06-16,C619Y,LA ALDEA DE SAN NICOLÁS,LAS PALMAS,13,"21,3","0,0","17,4",06:00,"25,2",14:30,04,"6,9","19,4",20:20,"12,5","1018,4",23,"1016,1",18
2018-06-17,C619Y,LA ALDEA DE SAN NICOLÁS,LAS PALMAS,13,"22,8","0,0","19,0",22:40,"26,6",14:10,05,"6,1","21,4",07:40,"11,8","1018,4",22,"1015,6",17
2018-06-18,C619Y,LA ALDEA DE SAN NICOLÁS,LAS PALMAS,13,"22,0","0,0","18,7",02:50,"25,3",14:40,04,"5,6","15,3",00:10,"10,1","1018,5",10,"1016,2",19
2018-06-19,C619Y,LA ALDEA DE SAN NICOLÁS,LAS PALMAS,13,"22,8","0,0","19,7",06:00,"25,9",14:20,05,"5,0","15,0",21:00,"11,5","1017,6",00,"1015,2",18
2018-06-20,C619Y,LA ALDEA DE SAN NICOLÁS,LAS PALMAS,13,"22,7","0,0","19,7",Varias,"25,7",12:00,05,"6,1","16,1",21:20,"12,5","1018,2",23,"1015,3",04
2018-06-21,C619Y,LA ALDEA DE SAN NICOLÁS,LAS PALMAS,13,"22,3","0,0","20,1",Varias,"24,5",13:40,03,"6,9","18,3",18:30,"12,2","1019,1",23,"1016,4",05
2018-06-22,C619Y,LA ALDEA DE SAN NICOLÁS,LAS PALMAS,13,"22,7","0,0","19,9",06:50,"25,5",15:10,07,"6,1","18,6",12:10,"12,4","1019,0",00,"1016,4",18
2018-06-23,C619Y,LA ALDEA DE SAN NICOLÁS,LAS PALMAS,13,"22,9","0,0","19,7",05:00,"26,1",14:10,03,"5,8","15,8",01:50,"12,7","1017,2",00,"1014,6",18
2018-06-24,C619Y,LA ALDEA DE SAN NICOLÁS,LAS PALMAS,13,"22,2","0,0","18,6",07:00,"25,9",15:20,99,"4,7","12,2",Varias,"12,7","1017,3",23,"1014,9",03
2018-06-25,C619Y,LA ALDEA DE SAN NICOLÁS,LAS PALMAS,13,"21,2","0,0","15,5",06:50,"26,9",15:00,01,"4,4","13,6",19:30,"12,7","1018,0",23,"1015,2",04
2018-06-26,C619Y,LA ALDEA DE SAN NICOLÁS,LAS PALMAS,13,"21,0","0,0","16,1",06:40,"26,0",16:10,03,"6,4","16,4",13:10,"12,6","1019,0",24,"1016,4",05
2018-06-27,C619Y,LA ALDEA DE SAN NICOLÁS,LAS PALMAS,13,"21,4","0,0","17,9",06:20,"24,9",15:00,36,"10,6","20,3",13:30,"12,7","1018,9",00,"1016,6",19
2018-06-28,C619Y,LA ALDEA DE SAN NICOLÁS,LAS PALMAS,13,"24,6","0,0","20,7",Varias,"28,5",13:30,08,"5,8","20,0",08:30,"12,5","1018,3",00,"1014,9",Varias
2018-06-29,C619Y,LA ALDEA DE SAN NICOLÁS,LAS PALMAS,13,"24,4","0,0","21,1",06:50,"27,7",13:50,06,"3,3","13,3",19:50,"12,5","1014,9",00,"1010,9",19
2018-06-30,C619Y,LA ALDEA DE SAN NICOLÁS,LAS PALMAS,13,"23,4","0,0","20,8",06:50,"26,0",12:20,36,"4,7","12,8",16:10,"8,8","1014,6",23,"1011,6",03
2018-07-01,C619Y,LA ALDEA DE SAN NICOLÁS,LAS PALMAS,13,"22,4","0,0","18,4",06:30,"26,4",16:00,06,"5,0","16,1",14:30,"12,2","1016,1",23,"1013,7",03
2018-07-02,C619Y,LA ALDEA DE SAN NICOLÁS,LAS PALMAS,13,"22,8","0,0","19,3",06:40,"26,2",13:30,07,"6,4","21,4",15:20,"12,5","1016,7",23,"1014,8",16
2018-07-03,C619Y,LA ALDEA DE SAN NICOLÁS,LAS PALMAS,13,"23,6","0,0","20,8",05:00,"26,3",13:30,06,"9,2","22,2",17:10,"11,5","1017,9",22,"1015,1",04
2018-07-04,C619Y,LA ALDEA DE SAN NICOLÁS,LAS PALMAS,13,"23,3",,"21,1",06:00,"25,5",12:40,04,"10,0","23,6",14:10,"11,7","1019,0",24,"1015,9",04
2018-07-05,C619Y,LA ALDEA DE SAN NICOLÁS,LAS PALMAS,13,"23,2","0,0","20,6",06:00,"25,8",15:20,03,"11,9","22,5",20:00,"11,7","1019,0",00,"1016,5",Varias
2018-07-06,C619Y,LA ALDEA DE SAN NICOLÁS,LAS PALMAS,13,"22,8","0,0","20,5",06:00,"25,1",15:20,04,"11,9","21,9",15:20,"12,1","1017,6",Varias,"1015,1",18
2018-07-07,C619Y,LA ALDEA DE SAN NICOLÁS,LAS PALMAS,13,"23,0","0,0","20,3",05:20,"25,7",14:20,06,"9,7","21,4",01:20,"11,9","1016,4",23,"1014,4",04
2018-07-08,C619Y,LA ALDEA DE SAN NICOLÁS,LAS PALMAS,13,"22,4","0,0","17,7",06:20,"27,2",13:40,01,"5,3","15,3",18:20,"11,3","1016,7",22,"1014,2",05
2018-07-09,C619Y,LA ALDEA DE SAN NICOLÁS,LAS PALMAS,13,"22,9","0,0","17,6",06:40,"28,2",15:10,02,"5,6","15,3",16:10,"11,2","1016,2",Varias,"1014,1",04
2018-07-10,C619Y,LA ALDEA DE SAN NICOLÁS,LAS PALMAS,13,"24,0","0,0","20,6",04:50,"27,4",13:50,02,"9,2","20,6",18:10,"11,2","1017,7",23,"1013,9",05
2018-07-11,C619Y,LA ALDEA DE SAN NICOLÁS,LAS PALMAS,13,"23,0","0,0","21,0",05:20,"25,1",12:40,04,"9,7","20,6",02:20,"11,0","1018,6",24,"1015,4",04
2018-07-12,C619Y,LA ALDEA DE SAN NICOLÁS,LAS PALMAS,13,"24,0","0,0","21,0",04:50,"27,0",13:40,07,"8,9","22,8",20:00,"11,8","1018,5",01,"1016,2",18
2018-07-13,C619Y,LA ALDEA DE SAN NICOLÁS,LAS PALMAS,13,"23,5","0,0","20,7",06:00,"26,3",12:30,08,"7,2","19,2",04:20,"11,8","1019,1",23,"1016,2",04
2018-07-14,C619Y,LA ALDEA DE SAN NICOLÁS,LAS PALMAS,13,"22,8","0,0","20,5",06:20,"25,2",14:00,05,"7,5","19,2",Varias,"12,3","1019,7",Varias,"1017,2",04
2018-07-15,C619Y,LA ALDEA DE SAN NICOLÁS,LAS PALMAS,13,"24,0","0,0","20,8",Varias,"27,3",15:30,07,"10,8","27,2",17:20,"12,6","1019,7",Varias,"1017,3",18
2018-07-16,C619Y,LA ALDEA DE SAN NICOLÁS,LAS PALMAS,13,"23,9","0,0","21,0",01:40,"26,8",16:30,09,"8,6","26,1",05:20,"12,3","1019,3",00,"1015,7",18
2018-07-17,C619Y,LA ALDEA DE SAN NICOLÁS,LAS PALMAS,13,"23,7","0,0","21,2",06:00,"26,2",13:00,09,"10,0","26,1",22:10,"12,4","1017,0",00,"1013,2",18
2018-07-18,C619Y,LA ALDEA DE SAN NICOLÁS,LAS PALMAS,13,"23,2","0,0","20,8",05:40,"25,7",13:40,06,"11,7","21,4",04:20,"11,5","1015,4",23,"1013,5",Varias
2018-07-19,C619Y,LA ALDEA DE SAN NICOLÁS,LAS PALMAS,13,"23,2","0,0","21,3",Varias,"25,1",14:40,03,"9,2","20,6",16:40,"11,1","1016,6",12,"1013,9",02
2018-07-20,C619Y,LA ALDEA DE SAN NICOLÁS,LAS PALMAS,13,"23,2","0,0","20,9",06:00,"25,6",14:00,03,"9,4","21,7",16:00,"11,4","1016,3",09,"1014,2",03
2018-07-21,C619Y,LA ALDEA DE SAN NICOLÁS,LAS PALMAS,13,"23,4","0,0","21,1",04:40,"25,8",14:50,03,"11,9","24,2",12:00,"11,7","1015,7",23,"1013,7",03
2018-07-22,C619Y,LA ALDEA DE SAN NICOLÁS,LAS PALMAS,13,"23,1","0,0","20,7",04:20,"25,5",13:10,06,"10,0","19,7",00:50,"12,3","1015,7",12,"1013,5",18
2018-07-23,C619Y,LA ALDEA DE SAN NICOLÁS,LAS PALMAS,13,"23,0","0,0","19,7",06:50,"26,3",14:00,04,"9,7","19,7",11:20,"12,0","1016,2",22,"1013,4",04
2018-07-24,C619Y,LA ALDEA DE SAN NICOLÁS,LAS PALMAS,13,"23,4","0,0","21,1",06:20,"25,8",14:00,07,"9,4","22,8",05:10,"11,8","1016,6",11,"1014,2",Varias
2018-07-25,C619Y,LA ALDEA DE SAN NICOLÁS,LAS PALMAS,13,"23,6","0,0","21,2",04:00,"26,1",14:10,05,"9,2","21,7",14:30,"11,7","1016,7",11,"1014,5",03
2018-07-26,C619Y,LA ALDEA DE SAN NICOLÁS,LAS PALMAS,13,"24,7","0,0","21,7",Varias,"27,7",13:40,06,"9,7","26,1",02:00,"12,2","1015,4",23,"1013,0",18
2018-07-27,C619Y,LA ALDEA DE SAN NICOLÁS,LAS PALMAS,13,"24,2","0,0","21,4",06:40,"27,0",14:30,06,"10,3","25,8",12:20,"12,4","1015,0",00,"1012,2",18
2018-07-28,C619Y,LA ALDEA DE SAN NICOLÁS,LAS PALMAS,13,"24,0","0,0","21,7",06:50,"26,2",13:40,05,"9,2","23,1",03:30,"11,1","1017,3",23,"1013,4",03
2018-07-29,C619Y,LA ALDEA DE SAN NICOLÁS,LAS PALMAS,13,"23,8","0,0","19,5",06:30,"28,2",13:50,02,"4,2","15,8",16:30,"11,1","1018,8",11,"1015,9",05
2018-07-30,C619Y,LA ALDEA DE SAN NICOLÁS,LAS PALMAS,13,"24,0","0,0","19,4",07:00,"28,5",13:20,02,"4,4","18,9",23:30,"11,6","1018,2",00,"1015,0",20
2018-07-31,C619Y,LA ALDEA DE SAN NICOLÁS,LAS PALMAS,13,"23,7","0,0","21,8",05:10,"25,6",16:50,07,"10,3","23,6",20:00,"11,9","1016,5",00,"1014,0",19
2018-08-01,C619Y,LA ALDEA DE SAN NICOLÁS,LAS PALMAS,13,"25,3","0,0","22,1",02:20,"28,5",15:00,06,"6,9","22,2",12:20,"10,6","1014,4",00,"1011,4",19
2018-08-02,C619Y,LA ALDEA DE SAN NICOLÁS,LAS PALMAS,13,"25,2","0,0","21,9",01:50,"28,4",11:40,07,"5,3","18,1",02:20,"10,7","1014,4",23,"1011,4",Varias
2018-08-03,C619Y,LA ALDEA DE SAN NICOLÁS,LAS PALMAS,13,"24,4","0,0","21,3",04:50,"27,6",13:40,06,"5,6","15,3",19:40,"12,2","1015,8",Varias,"1013,1",05
2018-08-04,C619Y,LA ALDEA DE SAN NICOLÁS,LAS PALMAS,13,"23,8","0,0","21,9",Varias,"25,8",13:40,04,"7,8","18,9",20:10,"9,1","1016,3",Varias,"1014,2",19
2018-08-05,C619Y,LA ALDEA DE SAN NICOLÁS,LAS PALMAS,13,"24,4","0,0","22,4",06:10,"26,3",13:00,04,"8,9","21,4",12:10,"11,6","1014,9",00,"1011,8",16
2018-08-06,C619Y,LA ALDEA DE SAN NICOLÁS,LAS PALMAS,13,"24,8","0,0","22,5",05:00,"27,0",12:10,36,"9,4","20,8",23:30,"11,3","1013,2",00,"1010,0",19
2018-08-07,C619Y,LA ALDEA DE SAN NICOLÁS,LAS PALMAS,13,"24,5","0,0","22,3",23:59,"26,7",14:40,05,"10,8","21,7",13:10,"11,5","1013,1",23,"1010,5",04
2018-08-08,C619Y,LA ALDEA DE SAN NICOLÁS,LAS PALMAS,13,"24,2","0,0","21,9",Varias,"26,4",14:50,04,"10,3","23,6",22:00,"11,6","1016,3",24,"1012,0",04
2018-08-09,C619Y,LA ALDEA DE SAN NICOLÁS,LAS PALMAS,13,"24,6","0,0","21,7",06:20,"27,6",15:40,04,"9,7","23,9",16:20,"12,1","1018,5",22,"1015,8",Varias
2018-08-10,C619Y,LA ALDEA DE SAN NICOLÁS,LAS PALMAS,13,"24,7","0,0","21,4",06:00,"28,0",16:00,12,"9,4","23,9",17:40,"12,0","1018,6",11,"1016,2",18
2018-08-11,C619Y,LA ALDEA DE SAN NICOLÁS,LAS PALMAS,13,"24,0","0,0","21,2",07:00,"26,8",16:00,07,"7,8","23,6",19:30,"11,6","1018,1",00,"1013,4",18
2018-08-12,C619Y,LA ALDEA DE SAN NICOLÁS,LAS PALMAS,13,"24,6","0,8","21,8",04:00,"27,4",15:00,05,"8,1","19,7",00:20,"8,5","1014,8",00,"1009,8",19
2018-08-13,C619Y,LA ALDEA DE SAN NICOLÁS,LAS PALMAS,13,"26,6","0,2","23,7",Varias,"29,5",12:00,29,"6,9","12,8",12:30,"3,1","1012,9",14,"1009,5",Varias
2018-08-14,C619Y,LA ALDEA DE SAN NICOLÁS,LAS PALMAS,13,"28,0","0,0","22,8",07:00,"33,1",13:00,02,"4,7","17,8",17:20,"11,7","1016,1",23,"1011,3",Varias
2018-08-15,C619Y,LA ALDEA DE SAN NICOLÁS,LAS PALMAS,13,"24,1","0,0","22,1",07:10,"26,1",13:00,04,"8,3","22,8",22:00,"11,8","1018,4",23,"1015,0",04
2018-08-16,C619Y,LA ALDEA DE SAN NICOLÁS,LAS PALMAS,13,"24,6","0,0","21,4",06:00,"27,9",15:40,10,"10,0","21,9",17:30,"11,9","1019,0",12,"1016,3",18
2018-08-17,C619Y,LA ALDEA DE SAN NICOLÁS,LAS PALMAS,13,"25,1","0,0","22,1",00:40,"28,1",14:50,06,"7,5","22,2",13:20,"11,0","1017,9",00,"1014,3",Varias
2018-08-18,C619Y,LA ALDEA DE SAN NICOLÁS,LAS PALMAS,13,"25,4","0,0","21,8",05:00,"28,9",12:40,07,"6,7","22,5",13:40,"11,5","1015,2",00,"1011,4",17
2018-08-19,C619Y,LA ALDEA DE SAN NICOLÁS,LAS PALMAS,13,"24,2","0,0","21,8",03:40,"26,6",14:30,08,"6,9","16,4",03:30,"11,8","1015,7",24,"1013,0",04
2018-08-20,C619Y,LA ALDEA DE SAN NICOLÁS,LAS PALMAS,13,"24,2","0,0","21,6",Varias,"26,8",14:00,01,"6,7","16,7",16:40,"11,8","1015,6",00,"1012,5",18
2018-08-21,C619Y,LA ALDEA DE SAN NICOLÁS,LAS PALMAS,13,"23,9","0,0","20,1",05:50,"27,7",14:00,03,"5,3","13,9",17:10,"11,6","1014,3",00,"1011,5",Varias
2018-08-22,C619Y,LA ALDEA DE SAN NICOLÁS,LAS PALMAS,13,"23,6","0,0","18,9",07:00,"28,3",14:00,02,"3,6","12,8",18:20,"10,3","1014,6",12,"1011,4",05
2018-08-23,C619Y,LA ALDEA DE SAN NICOLÁS,LAS PALMAS,13,"24,1","0,0","19,1",07:00,"29,1",14:00,02,"5,0","13,9",16:40,"11,6","1015,4",Varias,"1013,0",05
2018-08-24,C619Y,LA ALDEA DE SAN NICOLÁS,LAS PALMAS,13,"24,5","0,0","20,2",05:40,"28,8",15:00,01,"5,8","16,1",19:10,"11,7","1015,7",11,"1013,4",04
2018-08-25,C619Y,LA ALDEA DE SAN NICOLÁS,LAS PALMAS,13,"24,8","0,0","19,2",05:50,"30,3",15:00,03,"5,8","13,6",13:10,"11,8","1015,5",00,"1011,0",18
2018-08-26,C619Y,LA ALDEA DE SAN NICOLÁS,LAS PALMAS,13,"23,4","0,0","19,6",06:00,"27,1",12:40,01,"7,2","18,1",19:10,"11,7","1013,1",11,"1010,6",04
2018-08-27,C619Y,LA ALDEA DE SAN NICOLÁS,LAS PALMAS,13,"24,0","0,0","22,0",03:40,"26,0",14:00,03,"9,2","18,3",13:10,"11,8","1014,9",24,"1011,9",Varias
2018-08-28,C619Y,LA ALDEA DE SAN NICOLÁS,LAS PALMAS,13,"24,3","0,0","21,9",07:10,"26,7",13:30,04,"8,6","20,8",16:10,"11,7","1016,7",11,"1013,7",04
2018-08-29,C619Y,LA ALDEA DE SAN NICOLÁS,LAS PALMAS,13,"24,7","0,0","21,9",07:30,"27,5",12:40,05,"12,2","25,0",23:50,"11,7","1016,6",10,"1014,5",18
2018-08-30,C619Y,LA ALDEA DE SAN NICOLÁS,LAS PALMAS,13,"25,1","0,0","22,0",07:00,"28,2",16:00,06,"10,3","26,4",16:30,"11,6","1015,7",22,"1013,5",17
2018-08-31,C619Y,LA ALDEA DE SAN NICOLÁS,LAS PALMAS,13,"24,6","0,0","22,0",06:30,"27,3",15:20,10,"8,6","21,7",02:50,"11,4","1015,0",01,"1012,5",16
2018-09-01,C619Y,LA ALDEA DE SAN NICOLÁS,LAS PALMAS,13,"23,2","0,0","19,2",07:20,"27,2",13:10,07,"6,7","17,5",03:50,"11,5","1014,6",00,"1012,2",04
2018-09-02,C619Y,LA ALDEA DE SAN NICOLÁS,LAS PALMAS,13,"23,6","0,0","19,8",06:40,"27,5",15:10,05,"5,8","18,9",22:20,"11,5","1016,5",11,"1013,3",Varias
2018-09-03,C619Y,LA ALDEA DE SAN NICOLÁS,LAS PALMAS,13,"23,9","0,0","20,7",06:40,"27,1",14:40,07,"9,4","19,2",22:10,"11,5","1014,7",Varias,"1012,5",Varias
2018-09-04,C619Y,LA ALDEA DE SAN NICOLÁS,LAS PALMAS,13,"24,0","0,0","21,1",07:00,"26,8",14:40,06,"7,5","19,7",02:40,"11,4","1014,6",Varias,"1012,4",04
2018-09-05,C619Y,LA ALDEA DE SAN NICOLÁS,LAS PALMAS,13,"23,8","0,0","21,1",06:00,"26,6",12:00,03,"9,4","20,0",17:10,"10,4","1016,0",11,"1013,6",Varias
2018-09-06,C619Y,LA ALDEA DE SAN NICOLÁS,LAS PALMAS,13,"24,6","0,0","22,3",23:59,"27,0",15:40,05,"8,1","17,5",Varias,"9,6","1015,9",10,"1012,7",05
2018-09-07,C619Y,LA ALDEA DE SAN NICOLÁS,LAS PALMAS,13,"25,2","0,0","20,9",07:00,"29,4",15:00,08,"4,2","18,9",19:10,"11,6","1015,7",23,"1012,4",05
2018-09-08,C619Y,LA ALDEA DE SAN NICOLÁS,LAS PALMAS,13,"24,9","0,0","20,9",03:20,"28,9",15:00,09,"6,1","21,7",16:50,"11,6","1018,2",23,"1014,1",05
2018-09-09,C619Y,LA ALDEA DE SAN NICOLÁS,LAS PALMAS,13,"25,0","0,0","21,8",03:30,"28,2",13:50,08,"7,2","22,2",13:10,"11,1","1018,9",10,"1016,0",17
2018-09-10,C619Y,LA ALDEA DE SAN NICOLÁS,LAS PALMAS,13,"25,2","0,0","21,8",06:50,"28,5",14:50,09,"7,8","23,3",14:20,"10,0","1018,5",10,"1015,2",16
2018-09-11,C619Y,LA ALDEA DE SAN NICOLÁS,LAS PALMAS,13,"25,0","0,0","21,6",05:30,"28,5",13:40,10,"5,6","15,3",03:00,"11,3","1017,0",01,"1013,9",17
2018-09-12,C619Y,LA ALDEA DE SAN NICOLÁS,LAS PALMAS,13,"24,4","0,0","18,6",06:00,"30,2",14:40,36,"3,6","10,3",11:30,"9,9","1017,1",11,"1014,2",04
2018-09-13,C619Y,LA ALDEA DE SAN NICOLÁS,LAS PALMAS,13,"27,4","0,0","24,2",05:00,"30,6",16:00,27,"2,2","9,4",10:40,"8,5","1017,3",12,"1014,2",17
2018-09-14,C619Y,LA ALDEA DE SAN NICOLÁS,LAS PALMAS,13,"26,0","0,0","21,4",06:00,"30,6",16:40,04,"3,3","10,0",23:40,"10,8","1017,5",11,"1014,4",Varias
2018-09-15,C619Y,LA ALDEA DE SAN NICOLÁS,LAS PALMAS,13,"26,0","0,0","23,0",23:59,"28,9",14:40,10,"6,7","16,4",19:30,"11,0","1019,6",23,"1015,4",04
2018-09-16,C619Y,LA ALDEA DE SAN NICOLÁS,LAS PALMAS,13,"25,6","0,0","22,6",05:50,"28,5",13:50,05,"5,8","18,3",17:20,"11,4","1019,2",00,"1015,7",15
2018-09-17,C619Y,LA ALDEA DE SAN NICOLÁS,LAS PALMAS,13,"24,6","0,0","21,5",07:10,"27,7",12:40,08,"5,0","16,4",03:30,"11,4","1017,0",01,"1013,5",18
2018-09-18,C619Y,LA ALDEA DE SAN NICOLÁS,LAS PALMAS,13,"25,8","0,0","22,6",07:00,"29,1",14:50,03,"3,9","14,2",20:40,"10,3","1015,5",23,"1012,8",05
2018-09-19,C619Y,LA ALDEA DE SAN NICOLÁS,LAS PALMAS,13,"25,0","0,0","18,7",07:00,"31,4",15:00,03,"2,2","10,3",16:20,"10,9","1018,1",11,"1013,8",04
2018-09-20,C619Y,LA ALDEA DE SAN NICOLÁS,LAS PALMAS,13,"24,0","0,0","20,4",07:20,"27,7",14:00,02,"5,3","15,0",17:20,"11,0","1018,6",11,"1015,8",17
2018-09-21,C619Y,LA ALDEA DE SAN NICOLÁS,LAS PALMAS,13,"23,7","0,0","19,5",06:20,"27,9",14:10,07,"6,4","20,0",13:40,"11,3","1017,4",00,"1015,1",Varias
2018-09-22,C619Y,LA ALDEA DE SAN NICOLÁS,LAS PALMAS,13,"23,0","0,0","19,1",07:00,"27,0",14:00,05,"7,2","18,9",20:50,"11,0","1017,0",11,"1014,2",05
2018-09-23,C619Y,LA ALDEA DE SAN NICOLÁS,LAS PALMAS,13,"24,6","0,0","21,0",05:40,"28,1",14:10,02,"8,3","18,9",16:10,"10,6","1016,3",10,"1014,0",16
2018-09-24,C619Y,LA ALDEA DE SAN NICOLÁS,LAS PALMAS,13,"27,2","0,0","20,9",07:00,"33,4",16:30,02,"2,5","15,0",01:30,"10,8","1016,2",22,"1013,8",05
2018-09-25,C619Y,LA ALDEA DE SAN NICOLÁS,LAS PALMAS,13,"24,6","0,0","18,9",07:00,"30,4",15:10,03,"2,8","9,2",00:40,"11,0","1016,2",12,"1013,7",05
2018-09-26,C619Y,LA ALDEA DE SAN NICOLÁS,LAS PALMAS,13,"25,8","0,0","18,6",07:00,"33,1",17:50,02,"4,7","13,9",22:10,"11,1","1018,4",23,"1014,8",Varias
2018-09-27,C619Y,LA ALDEA DE SAN NICOLÁS,LAS PALMAS,13,"24,2","0,0","22,4",Varias,"26,1",17:40,36,"7,8","19,7",13:50,"10,9","1019,2",11,"1016,9",04
2018-09-28,C619Y,LA ALDEA DE SAN NICOLÁS,LAS PALMAS,13,"24,4","0,0","22,2",05:10,"26,7",15:00,07,"7,8","17,8",03:10,"9,1","1017,7",00,"1013,5",17
2018-09-29,C619Y,LA ALDEA DE SAN NICOLÁS,LAS PALMAS,13,"25,6","0,0","23,3",Varias,"27,9",14:40,04,"6,1","18,9",01:50,"10,7","1014,8",11,"1012,1",18
2018-09-30,C619Y,LA ALDEA DE SAN NICOLÁS,LAS PALMAS,13,"25,4","0,0","22,4",22:30,"28,3",15:50,06,"5,8","13,3",01:40,"10,9","1014,6",22,"1012,3",04
2018-10-01,C619Y,LA ALDEA DE SAN NICOLÁS,LAS PALMAS,13,"23,1","0,0","18,2",07:00,"28,0",15:20,01,"5,8","14,7",17:20,"11,0","1015,6",Varias,"1013,8",01
2018-10-02,C619Y,LA ALDEA DE SAN NICOLÁS,LAS PALMAS,13,"24,1","0,0","18,9",06:40,"29,3",13:20,03,"4,4","12,2",Varias,"10,9","1016,9",23,"1014,2",03
2018-10-03,C619Y,LA ALDEA DE SAN NICOLÁS,LAS PALMAS,13,"22,7","0,0","17,9",07:00,"27,5",14:40,02,"5,0","12,2",13:00,"10,9","1017,7",10,"1015,0",15
2018-10-04,C619Y,LA ALDEA DE SAN NICOLÁS,LAS PALMAS,13,"22,6","0,0","18,3",04:20,"27,0",14:40,03,"5,3","14,4",15:30,"8,8","1016,3",10,"1013,3",17
2018-10-05,C619Y,LA ALDEA DE SAN NICOLÁS,LAS PALMAS,13,"23,7","0,0","20,7",05:40,"26,7",13:00,02,"3,1","10,8",19:50,"3,0","1014,4",00,"1010,0",20
2018-10-06,C619Y,LA ALDEA DE SAN NICOLÁS,LAS PALMAS,13,"22,7","0,0","18,4",Varias,"27,0",16:30,29,"3,9","8,9",13:20,"10,4","1015,9",22,"1011,8",04
2018-10-07,C619Y,LA ALDEA DE SAN NICOLÁS,LAS PALMAS,13,"24,0","0,0","18,8",07:00,"29,2",15:10,01,"2,5","10,6",16:20,"10,4","1016,6",11,"1013,0",17
2018-10-08,C619Y,LA ALDEA DE SAN NICOLÁS,LAS PALMAS,13,"25,6","0,0","19,5",03:10,"31,8",14:00,28,"4,2","9,7",12:10,"10,7","1014,4",00,"1009,9",Varias
2018-10-09,C619Y,LA ALDEA DE SAN NICOLÁS,LAS PALMAS,13,"25,2","0,0","20,1",03:00,"30,3",14:40,25,"2,5","13,6",16:00,"7,0","1010,4",00,"1007,0",18
2018-10-10,C619Y,LA ALDEA DE SAN NICOLÁS,LAS PALMAS,13,"26,5","0,4","20,7",07:00,"32,3",13:50,03,"3,1","12,5",16:50,"9,5","1013,7",24,"1007,0",04
2018-10-11,C619Y,LA ALDEA DE SAN NICOLÁS,LAS PALMAS,13,"23,6","0,0","19,3",07:00,"27,9",14:50,27,"2,8","6,1",13:10,"9,2","1017,7",23,"1013,1",03
2018-10-12,C619Y,LA ALDEA DE SAN NICOLÁS,LAS PALMAS,13,"22,1","0,0","17,3",07:30,"26,9",13:40,26,"3,9","11,7",14:00,"9,9","1018,2",10,"1016,1",18
2018-10-13,C619Y,LA ALDEA DE SAN NICOLÁS,LAS PALMAS,13,"22,0","0,2","16,3",05:40,"27,7",14:00,06,"3,1","10,8",22:40,"10,6","1017,1",00,"1014,0",Varias
2018-10-14,C619Y,LA ALDEA DE SAN NICOLÁS,LAS PALMAS,13,"25,8","0,0","22,5",04:00,"29,0",15:40,04,"7,5","18,3",18:00,"10,3","1015,4",22,"1012,7",16
2018-10-15,C619Y,LA ALDEA DE SAN NICOLÁS,LAS PALMAS,13,"24,6","0,0","22,3",Varias,"26,8",13:50,03,"9,2","18,1",16:20,"10,5","1016,4",23,"1012,7",04
2018-10-16,C619Y,LA ALDEA DE SAN NICOLÁS,LAS PALMAS,13,"22,9","0,0","18,1",07:00,"27,7",14:40,07,"3,6","16,1",07:50,"10,5","1018,5",11,"1015,8",Varias
2018-10-17,C619Y,LA ALDEA DE SAN NICOLÁS,LAS PALMAS,13,"25,0","0,0","21,8",06:50,"28,1",15:20,06,"5,6","19,4",14:40,"9,8","1018,9",11,"1016,0",16
2018-10-18,C619Y,LA ALDEA DE SAN NICOLÁS,LAS PALMAS,13,"23,3","0,6","20,7",10:00,"25,9",14:00,09,"6,9","18,1",16:30,"4,5","1017,7",11,"1014,5",16
2018-10-19,C619Y,LA ALDEA DE SAN NICOLÁS,LAS PALMAS,13,"23,4","2,8","20,0",20:20,"26,7",14:50,11,"5,3","15,6",02:40,"6,6","1015,5",00,"1012,0",16
2018-10-20,C619Y,LA ALDEA DE SAN NICOLÁS,LAS PALMAS,13,"20,8","0,0","15,2",06:50,"26,4",14:10,04,"3,3","8,9",12:30,"10,3","1014,6",22,"1011,3",05
2018-10-21,C619Y,LA ALDEA DE SAN NICOLÁS,LAS PALMAS,13,"20,7","0,0","15,2",Varias,"26,2",14:30,27,"4,2","9,7",16:10,"10,0","1015,6",22,"1012,3",04
2018-10-22,C619Y,LA ALDEA DE SAN NICOLÁS,LAS PALMAS,13,"21,6","1,0","16,5",05:00,"26,8",14:10,27,"2,5","11,1",09:00,"3,0","1016,3",Varias,"1013,5",14
2018-10-23,C619Y,LA ALDEA DE SAN NICOLÁS,LAS PALMAS,13,"21,2","0,0","15,3",07:00,"27,1",12:40,26,"3,9","10,3",14:20,"10,2","1018,6",23,"1014,9",04
2018-10-24,C619Y,LA ALDEA DE SAN NICOLÁS,LAS PALMAS,13,"20,9","2,4","15,7",07:00,"26,1",12:10,29,"2,2","7,5",13:10,"7,9","1018,8",10,"1015,0",19
2018-10-25,C619Y,LA ALDEA DE SAN NICOLÁS,LAS PALMAS,13,"22,0","6,0","19,7",05:50,"24,4",18:00,24,"2,2","8,9",06:00,"2,1","1016,0",00,"1011,5",18
2018-10-26,C619Y,LA ALDEA DE SAN NICOLÁS,LAS PALMAS,13,"22,1","0,0","17,8",07:30,"26,4",15:40,06,"4,2","11,7",17:30,"10,0","1013,2",10,"1010,3",16
2018-10-27,C619Y,LA ALDEA DE SAN NICOLÁS,LAS PALMAS,13,"21,0","0,0","16,4",07:20,"25,7",16:00,04,"3,1","11,7",19:10,"9,6","1014,8",24,"1011,9",05
2018-10-28,C619Y,LA ALDEA DE SAN NICOLÁS,LAS PALMAS,13,"22,4","1,2","18,1",01:50,"26,7",13:30,10,"5,0","15,6",21:20,"6,8","1017,5",11,"1014,3",04
2018-10-29,C619Y,LA ALDEA DE SAN NICOLÁS,LAS PALMAS,13,"21,4","1,0","17,8",23:59,"25,0",15:00,08,"4,4","17,2",01:30,"7,6","1018,8",22,"1016,1",15
2018-10-30,C619Y,LA ALDEA DE SAN NICOLÁS,LAS PALMAS,13,"21,4","0,0","16,3",01:50,"26,6",14:00,10,"3,3","15,6",23:10,"8,7","1018,4",10,"1015,9",18
2018-10-31,C619Y,LA ALDEA DE SAN NICOLÁS,LAS PALMAS,13,"23,3","0,2","19,9",07:50,"26,7",15:50,09,"3,3","11,9",04:00,"10,2","1020,0",23,"1016,6",04
2018-11-01,C619Y,LA ALDEA DE SAN NICOLÁS,LAS PALMAS,13,"22,8","0,6","19,8",06:00,"25,9",12:20,04,"5,0","15,0",23:30,"5,0","1020,7",11,"1018,3",18
2018-11-02,C619Y,LA ALDEA DE SAN NICOLÁS,LAS PALMAS,13,"22,8","0,0","20,5",02:20,"25,0",13:00,05,"8,3","21,9",13:50,"10,1","1021,4",09,"1018,5",16
2018-11-03,C619Y,LA ALDEA DE SAN NICOLÁS,LAS PALMAS,13,"22,8","0,0","20,4",23:59,"25,1",13:00,05,"10,0","22,2",16:50,"10,0","1019,2",11,"1016,1",16
2018-11-04,C619Y,LA ALDEA DE SAN NICOLÁS,LAS PALMAS,13,"22,4","0,2","18,6",07:20,"26,1",14:00,11,"5,3","17,2",09:40,"9,3","1017,7",11,"1013,8",17
2018-11-05,C619Y,LA ALDEA DE SAN NICOLÁS,LAS PALMAS,13,"21,4","0,0","17,4",23:59,"25,5",13:00,08,"4,7","14,7",18:10,"9,7","1016,4",11,"1014,0",16
2018-11-06,C619Y,LA ALDEA DE SAN NICOLÁS,LAS PALMAS,13,"20,0","0,0","14,9",06:40,"25,2",14:30,04,"4,4","15,3",12:10,"9,3","1017,3",Varias,"1014,7",05
2018-11-07,C619Y,LA ALDEA DE SAN NICOLÁS,LAS PALMAS,13,"19,3","0,0","13,4",07:40,"25,2",12:40,08,"2,2","13,9",00:20,"9,5","1018,6",Varias,"1016,3",Varias
2018-11-08,C619Y,LA ALDEA DE SAN NICOLÁS,LAS PALMAS,13,"20,4","0,0","16,4",,"24,4",13:00,05,"3,6","16,1",19:00,"9,8","1021,4",11,"1018,2",03
2018-11-09,C619Y,LA ALDEA DE SAN NICOLÁS,LAS PALMAS,13,"20,2","0,0","15,1",05:00,"25,4",14:50,10,"3,3","18,6",17:20,"9,8","1022,2",10,"1019,3",16
2018-11-10,C619Y,LA ALDEA DE SAN NICOLÁS,LAS PALMAS,13,"20,5","0,0","16,1",07:20,"24,9",13:30,07,"5,3","18,1",15:40,"9,8","1021,0",00,"1017,1",17
2018-11-11,C619Y,LA ALDEA DE SAN NICOLÁS,LAS PALMAS,13,"21,0","0,0","15,7",04:30,"26,3",14:50,07,"4,7","15,8",16:40,"8,9","1017,8",00,"1014,5",17
2018-11-12,C619Y,LA ALDEA DE SAN NICOLÁS,LAS PALMAS,13,"20,3","5,2","16,2",05:20,"24,4",15:20,11,"3,6","16,7",23:20,"3,9","1018,1",22,"1014,6",04
2018-11-13,C619Y,LA ALDEA DE SAN NICOLÁS,LAS PALMAS,13,"21,6","0,0","18,6",04:40,"24,6",13:50,09,"6,7","19,7",12:40,"6,0","1018,4",09,"1015,9",Varias
2018-11-14,C619Y,LA ALDEA DE SAN NICOLÁS,LAS PALMAS,13,"20,5","0,0","16,7",22:40,"24,3",15:40,11,"2,8","12,5",00:10,"7,1","1016,7",00,"1014,3",Varias
2018-11-15,C619Y,LA ALDEA DE SAN NICOLÁS,LAS PALMAS,13,"19,2","0,0","12,8",05:40,"25,6",15:10,08,"3,3","12,2",17:00,"6,3","1015,6",00,"1012,4",15
2018-11-16,C619Y,LA ALDEA DE SAN NICOLÁS,LAS PALMAS,13,"20,2","0,0","16,3",07:50,"24,2",15:00,04,"3,3","8,1",11:40,"8,6","1014,5",12,"1011,9",17
2018-11-17,C619Y,LA ALDEA DE SAN NICOLÁS,LAS PALMAS,13,"21,2","6,6","19,1",01:30,"23,4",13:40,22,"4,4","13,6",12:20,"1,0","1012,9",01,"1007,6",15
2018-11-18,C619Y,LA ALDEA DE SAN NICOLÁS,LAS PALMAS,13,"20,2","0,0","16,6",06:50,"23,8",13:30,09,"3,1","12,5",15:20,"4,7","1012,9",11,"1010,1",06
2018-11-19,C619Y,LA ALDEA DE SAN NICOLÁS,LAS PALMAS,13,"19,8","0,6","15,7",07:00,"23,8",16:00,10,"2,8","12,8",18:40,"5,7","1015,0",24,"1010,2",04
2018-11-20,C619Y,LA ALDEA DE SAN NICOLÁS,LAS PALMAS,13,"18,6","0,0","13,9",07:30,"23,3",15:00,26,"3,3","8,6",16:10,"9,4","1017,2",Varias,"1014,7",Varias
2018-11-21,C619Y,LA ALDEA DE SAN NICOLÁS,LAS PALMAS,13,"19,6","7,4","14,2",01:00,"25,1",13:50,24,"2,8","10,3",14:20,"9,3","1016,6",00,"1012,9",15
2018-11-22,C619Y,LA ALDEA DE SAN NICOLÁS,LAS PALMAS,13,"18,6","20,4","14,8",22:30,"22,4",14:30,08,"2,8","11,7",18:10,"3,2","1015,8",23,"1012,0",15
2018-11-23,C619Y,LA ALDEA DE SAN NICOLÁS,LAS PALMAS,13,"17,7","0,4","14,1",23:59,"21,3",13:10,29,"4,4","14,7",09:10,"5,4","1021,0",23,"1015,0",Varias
2018-11-24,C619Y,LA ALDEA DE SAN NICOLÁS,LAS PALMAS,13,"17,4","0,0","12,9",04:10,"22,0",15:00,27,"4,2","9,2",15:20,"9,2","1022,1",10,"1019,7",16
2018-11-25,C619Y,LA ALDEA DE SAN NICOLÁS,LAS PALMAS,13,"19,7","0,0","14,4",06:30,"25,0",15:00,07,"3,3","13,1",16:40,"9,0","1022,2",11,"1020,1",17
2018-11-26,C619Y,LA ALDEA DE SAN NICOLÁS,LAS PALMAS,13,"19,6","0,0","15,1",07:30,"24,2",14:30,06,"5,0","13,9",11:30,"7,7","1021,5",00,"1018,5",17
2018-11-27,C619Y,LA ALDEA DE SAN NICOLÁS,LAS PALMAS,13,"18,8","0,0","14,0",07:30,"23,6",13:00,07,"4,2","15,0",16:30,"8,0","1019,9",11,"1017,4",16
2018-11-28,C619Y,LA ALDEA DE SAN NICOLÁS,LAS PALMAS,13,"18,2","0,0","12,7",07:00,"23,8",13:00,01,"2,2","6,9",14:20,"9,2","1020,6",10,"1017,6",16
2018-11-29,C619Y,LA ALDEA DE SAN NICOLÁS,LAS PALMAS,13,"19,3","0,0","13,0",08:20,"25,6",14:30,01,"2,2","8,9",15:50,"9,0","1021,2",09,"1018,0",15
2018-11-30,C619Y,LA ALDEA DE SAN NICOLÁS,LAS PALMAS,13,"18,2","0,0","12,1",05:20,"24,4",12:10,02,"5,6","13,3",13:20,"9,1","1022,1",10,"1018,7",17
2018-12-01,C619Y,LA ALDEA DE SAN NICOLÁS,LAS PALMAS,13,"18,1","0,0","12,0",08:00,"24,2",16:10,04,"2,8","11,4",22:10,"9,1","1022,3",Varias,"1018,8",16
2018-12-02,C619Y,LA ALDEA DE SAN NICOLÁS,LAS PALMAS,13,"17,3","0,0","11,8",08:00,"22,8",15:00,25,"2,5","8,6",12:10,"9,2","1022,4",10,"1019,2",17
2018-12-03,C619Y,LA ALDEA DE SAN NICOLÁS,LAS PALMAS,13,"16,8","0,0","10,0",08:00,"23,6",16:20,30,"3,6","7,8",12:50,"9,1","1020,3",00,"1016,6",Varias
2018-12-04,C619Y,LA ALDEA DE SAN NICOLÁS,LAS PALMAS,13,"19,4","0,0","11,4",04:00,"27,3",16:10,03,"3,6","6,9",15:50,"9,1","1017,5",00,"1013,6",16
2018-12-05,C619Y,LA ALDEA DE SAN NICOLÁS,LAS PALMAS,13,"20,0","0,0","13,2",06:40,"26,7",16:00,09,"2,2","5,3",07:50,"9,1","1017,8",23,"1014,5",Varias
2018-12-06,C619Y,LA ALDEA DE SAN NICOLÁS,LAS PALMAS,13,"20,0","0,0","13,6",07:40,"26,5",12:00,12,"2,2","5,8",02:40,"5,2","1021,0",23,"1017,2",Varias
2018-12-07,C619Y,LA ALDEA DE SAN NICOLÁS,LAS PALMAS,13,"20,6","0,0","13,7",07:20,"27,5",13:40,05,"2,2","8,6",20:20,"8,7","1023,7",Varias,"1020,0",05
2018-12-08,C619Y,LA ALDEA DE SAN NICOLÁS,LAS PALMAS,13,"17,8","0,0","10,0",07:50,"25,6",15:40,02,"2,5","8,1",15:40,"9,0","1024,0",10,"1020,8",16
2018-12-09,C619Y,LA ALDEA DE SAN NICOLÁS,LAS PALMAS,13,"16,9","0,0","9,2",07:50,"24,6",16:20,28,"2,5","6,4",12:40,"9,0","1023,3",11,"1021,1",16
2018-12-10,C619Y,LA ALDEA DE SAN NICOLÁS,LAS PALMAS,13,"17,2","0,0","10,8",04:00,"23,7",16:00,29,"3,6","7,2",13:00,"8,9","1023,7",11,"1021,0",16
2018-12-11,C619Y,LA ALDEA DE SAN NICOLÁS,LAS PALMAS,13,"17,5","0,0","11,2",08:20,"23,8",11:10,06,"5,0","17,5",16:20,"9,0","1024,0",11,"1021,5",06
2018-12-12,C619Y,LA ALDEA DE SAN NICOLÁS,LAS PALMAS,13,"18,9","0,0","14,7",08:20,"23,1",12:50,08,"5,8","21,7",11:00,"9,0","1023,8",Varias,"1021,3",15
2018-12-13,C619Y,LA ALDEA DE SAN NICOLÁS,LAS PALMAS,13,"19,6","0,0","15,7",07:40,"23,6",13:40,09,"4,7","18,9",06:10,"8,9","1026,0",11,"1022,8",14
2018-12-14,C619Y,LA ALDEA DE SAN NICOLÁS,LAS PALMAS,13,"19,8","0,0","17,4",23:59,"22,2",14:00,04,"7,2","19,2",19:20,"8,9","1026,2",11,"1023,3",05
2018-12-15,C619Y,LA ALDEA DE SAN NICOLÁS,LAS PALMAS,13,"18,5","0,0","14,4",23:59,"22,6",13:50,02,"8,3","19,2",16:20,"8,9","1025,1",11,"1021,2",16
2018-12-16,C619Y,LA ALDEA DE SAN NICOLÁS,LAS PALMAS,13,"17,7","0,0","10,9",07:30,"24,5",14:30,28,"2,2","7,5",14:10,"8,9","1023,9",00,"1020,4",17
2018-12-17,C619Y,LA ALDEA DE SAN NICOLÁS,LAS PALMAS,13,"17,6","0,0","11,5",08:00,"23,8",14:40,29,"2,5","6,4",12:10,"8,7","1022,7",10,"1020,0",16
2018-12-18,C619Y,LA ALDEA DE SAN NICOLÁS,LAS PALMAS,13,"17,5","0,0","10,9",05:10,"24,1",15:00,29,"2,8","6,1",12:40,"8,9","1023,3",11,"1020,2",05
2018-12-19,C619Y,LA ALDEA DE SAN NICOLÁS,LAS PALMAS,13,"17,5","0,0","8,8",08:10,"26,2",15:00,02,"2,8","9,7",17:10,"8,9","1024,4",11,"1020,9",15
2018-12-20,C619Y,LA ALDEA DE SAN NICOLÁS,LAS PALMAS,13,"17,3","0,0","9,3",08:00,"25,3",15:30,04,"2,8","7,8",17:20,"8,9","1024,8",10,"1021,3",15
2018-12-21,C619Y,LA ALDEA DE SAN NICOLÁS,LAS PALMAS,13,"15,6","0,0","8,7",08:00,"22,4",16:00,99,"3,3","6,4",Varias,"8,9","1024,7",11,"1022,4",05
2018-12-22,C619Y,LA ALDEA DE SAN NICOLÁS,LAS PALMAS,13,"15,8","0,0","9,0",07:30,"22,6",14:50,99,"2,5","6,1",Varias,"8,9","1023,3",10,"1020,7",16
2018-12-23,C619Y,LA ALDEA DE SAN NICOLÁS,LAS PALMAS,13,"18,6","0,0","11,5",Varias,"25,8",13:30,16,"2,5","9,4",12:40,"7,6","1022,2",10,"1018,9",14
2018-12-24,C619Y,LA ALDEA DE SAN NICOLÁS,LAS PALMAS,13,"19,4","0,0","13,5",01:50,"25,3",16:30,14,"4,2","18,9",13:00,"2,1","1020,6",10,"1013,2",14
2018-12-25,C619Y,LA ALDEA DE SAN NICOLÁS,LAS PALMAS,13,"21,0","0,0","13,5",23:59,"28,6",13:00,15,"2,8","12,2",02:20,"8,8","1021,5",23,"1017,5",02
2018-12-26,C619Y,LA ALDEA DE SAN NICOLÁS,LAS PALMAS,13,"17,4","0,0","10,8",03:50,"23,9",14:10,30,"3,6","6,9",16:00,"8,9","1023,1",10,"1020,5",15
2018-12-27,C619Y,LA ALDEA DE SAN NICOLÁS,LAS PALMAS,13,"17,0","0,0","9,9",05:40,"24,0",12:50,02,"6,4","16,9",16:30,"8,7","1023,2",10,"1020,1",15
2018-12-28,C619Y,LA ALDEA DE SAN NICOLÁS,LAS PALMAS,13,"17,1","0,0","9,3",08:30,"24,9",15:10,03,"2,8","10,8",19:40,"8,9","1022,8",10,"1019,7",14
2018-12-29,C619Y,LA ALDEA DE SAN NICOLÁS,LAS PALMAS,13,"16,6","0,0","10,9",03:20,"22,3",15:40,09,"6,1","14,2",15:50,"9,0","1021,4",00,"1017,6",Varias
2018-12-30,C619Y,LA ALDEA DE SAN NICOLÁS,LAS PALMAS,13,"17,4","0,0","12,9",23:59,"21,8",13:50,08,"2,8","10,3",01:00,"5,6","1018,6",10,"1016,1",14
2018-12-31,C619Y,LA ALDEA DE SAN NICOLÁS,LAS PALMAS,13,"16,4","0,0","10,0",23:59,"22,7",16:00,31,"2,5","7,2",14:00,"8,9","1021,7",23,"1017,8",05
2019-01-01,C619Y,LA ALDEA DE SAN NICOLÁS,LAS PALMAS,13,"17,1","0,0","8,6",07:40,"25,6",11:20,13,"2,8","9,7",10:50,"8,7","1025,6",22,"1020,5",05
2019-01-02,C619Y,LA ALDEA DE SAN NICOLÁS,LAS PALMAS,13,"15,9","0,0","9,0",08:00,"22,8",14:50,29,"3,1","5,3",15:20,"9,0","1027,4",11,"1023,6",24
2019-01-03,C619Y,LA ALDEA DE SAN NICOLÁS,LAS PALMAS,13,"15,6","0,0","9,2",06:40,"21,9",15:20,25,"2,8","6,4",14:50,"9,0","1024,6",11,"1021,1",16
2019-01-04,C619Y,LA ALDEA DE SAN NICOLÁS,LAS PALMAS,13,"15,0","0,0","9,0",08:00,"21,0",16:10,30,"2,8","5,8",13:50,"8,7","1024,9",Varias,"1021,2",06
2019-01-05,C619Y,LA ALDEA DE SAN NICOLÁS,LAS PALMAS,13,"14,6","0,0","7,1",07:50,"22,1",15:20,01,"2,8","6,4",17:30,"4,7","1025,8",10,"1022,9",05
2019-01-06,C619Y,LA ALDEA DE SAN NICOLÁS,LAS PALMAS,13,"15,1","0,0","7,9",06:00,"22,3",14:20,03,"2,5","7,5",12:50,"9,0","1025,5",10,"1022,9",15
2019-01-07,C619Y,LA ALDEA DE SAN NICOLÁS,LAS PALMAS,13,"16,2","0,0","9,7",08:30,"22,8",15:00,29,"2,8","6,4",13:10,"7,9","1024,8",09,"1021,4",16
2019-01-08,C619Y,LA ALDEA DE SAN NICOLÁS,LAS PALMAS,13,"15,4","0,0","8,5",08:20,"22,2",14:20,27,"3,1","6,1",17:10,"7,8","1023,0",11,"1019,7",16
2019-01-09,C619Y,LA ALDEA DE SAN NICOLÁS,LAS PALMAS,13,"15,4","0,0","9,1",03:00,"21,7",14:40,02,"3,6","9,4",19:20,"9,1","1020,9",00,"1017,2",17
2019-01-10,C619Y,LA ALDEA DE SAN NICOLÁS,LAS PALMAS,13,"15,8","0,0","10,4",01:50,"21,3",14:00,36,"5,0","11,7",13:00,"9,1","1019,4",10,"1015,8",15
2019-01-11,C619Y,LA ALDEA DE SAN NICOLÁS,LAS PALMAS,13,"14,4","0,0","8,3",07:00,"20,6",14:10,29,"2,5","6,4",13:50,"7,5","1019,1",11,"1016,3",05
2019-01-12,C619Y,LA ALDEA DE SAN NICOLÁS,LAS PALMAS,13,"15,5","0,0","9,9",08:40,"21,1",15:00,99,"2,5","5,8",Varias,"8,9","1019,7",23,"1017,1",16
2019-01-13,C619Y,LA ALDEA DE SAN NICOLÁS,LAS PALMAS,13,"17,8","0,0","7,7",05:00,"27,8",14:20,15,"3,6","10,0",11:50,"9,2","1020,3",23,"1017,6",Varias
2019-01-14,C619Y,LA ALDEA DE SAN NICOLÁS,LAS PALMAS,13,"15,5","0,0","8,0",07:30,"23,0",12:10,02,"2,5","6,4",11:10,"9,4","1020,1",10,"1017,1",16
2019-01-15,C619Y,LA ALDEA DE SAN NICOLÁS,LAS PALMAS,13,"14,6","0,0","7,4",08:20,"21,8",14:40,04,"3,3","6,1",23:59,"9,2","1021,5",23,"1017,8",06
2019-01-16,C619Y,LA ALDEA DE SAN NICOLÁS,LAS PALMAS,13,"17,0","1,0","11,3",02:20,"22,8",13:10,11,"4,7","15,0",13:40,"8,9","1022,5",11,"1019,1",16
2019-01-17,C619Y,LA ALDEA DE SAN NICOLÁS,LAS PALMAS,13,"18,1","1,8","14,5",02:40,"21,7",13:30,10,"4,2","13,6",18:10,"6,6","1021,6",11,"1018,3",15
2019-01-18,C619Y,LA ALDEA DE SAN NICOLÁS,LAS PALMAS,13,"17,8","0,8","15,8",01:00,"19,9",11:30,10,"5,6","17,8",14:00,"3,1","1024,7",23,"1019,3",Varias
2019-01-19,C619Y,LA ALDEA DE SAN NICOLÁS,LAS PALMAS,13,"18,6","0,0","15,5",08:00,"21,7",13:30,08,"6,9","18,1",15:50,"7,4","1026,7",11,"1023,3",05
2019-01-20,C619Y,LA ALDEA DE SAN NICOLÁS,LAS PALMAS,13,"19,2","2,8","16,5",22:00,"21,8",14:00,09,"5,0","14,2",23:10,"2,3","1026,5",11,"1023,0",18
2019-01-21,C619Y,LA ALDEA DE SAN NICOLÁS,LAS PALMAS,13,"18,6","0,2","15,8",22:50,"21,4",14:40,09,"6,9","20,0",19:00,"3,6","1024,2",00,"1021,7",19
2019-01-22,C619Y,LA ALDEA DE SAN NICOLÁS,LAS PALMAS,13,"17,9","0,0","15,2",04:50,"20,6",12:50,05,"7,2","17,5",14:40,"7,9","1024,8",12,"1022,0",17
2019-01-23,C619Y,LA ALDEA DE SAN NICOLÁS,LAS PALMAS,13,"17,4","0,0","14,6",05:50,"20,3",14:20,06,"7,5","18,9",13:10,"9,4","1024,5",11,"1020,5",17
2019-01-24,C619Y,LA ALDEA DE SAN NICOLÁS,LAS PALMAS,13,"18,6","0,2","15,4",05:50,"21,8",13:30,09,"5,0","15,8",20:20,"5,6","1020,7",00,"1015,3",18
2019-01-25,C619Y,LA ALDEA DE SAN NICOLÁS,LAS PALMAS,13,"17,6","0,0","13,7",04:20,"21,4",14:50,04,"3,3","10,3",14:50,"6,5","1017,4",24,"1014,5",15
2019-01-26,C619Y,LA ALDEA DE SAN NICOLÁS,LAS PALMAS,13,"17,3","0,0","12,0",08:20,"22,6",13:40,04,"3,1","9,4",16:30,"9,2","1021,0",24,"1017,1",05
2019-01-27,C619Y,LA ALDEA DE SAN NICOLÁS,LAS PALMAS,13,"16,7","0,0","10,8",04:20,"22,6",12:10,10,"4,2","18,3",17:40,"9,4","1023,6",22,"1020,8",01
2019-01-28,C619Y,LA ALDEA DE SAN NICOLÁS,LAS PALMAS,13,"18,9","0,0","15,9",23:59,"21,9",14:00,04,"10,3","22,8",17:40,"9,7","1023,4",10,"1020,6",18
2019-01-29,C619Y,LA ALDEA DE SAN NICOLÁS,LAS PALMAS,13,"17,2","0,0","12,8",07:20,"21,7",14:00,06,"6,4","21,7",17:30,"9,7","1024,1",12,"1020,4",16
2019-01-30,C619Y,LA ALDEA DE SAN NICOLÁS,LAS PALMAS,13,"18,9","0,0","15,9",02:30,"21,9",14:00,08,"7,2","20,8",06:10,"9,6","1022,2",11,"1019,0",15
2019-01-31,C619Y,LA ALDEA DE SAN NICOLÁS,LAS PALMAS,13,"19,0","0,0","16,5",00:10,"21,6",12:00,09,"4,4","15,3",11:40,"8,1","1020,6",01,"1017,4",17
2019-02-01,C619Y,LA ALDEA DE SAN NICOLÁS,LAS PALMAS,13,"21,4","1,8","17,3",06:20,"25,4",16:30,09,"4,2","12,5",15:10,"8,2","1019,2",11,"1015,7",17
2019-02-02,C619Y,LA ALDEA DE SAN NICOLÁS,LAS PALMAS,13,"19,0","0,0","16,4",05:20,"21,7",14:00,06,"6,9","21,7",15:00,"9,4","1021,9",12,"1017,9",01
2019-02-03,C619Y,LA ALDEA DE SAN NICOLÁS,LAS PALMAS,13,"16,6","0,0","12,7",23:59,"20,4",15:30,03,"11,1","21,7",13:30,"9,9","1021,2",00,"1017,5",16
2019-02-04,C619Y,LA ALDEA DE SAN NICOLÁS,LAS PALMAS,13,"16,1","0,0","8,9",08:00,"23,3",16:10,03,"2,5","6,4",00:20,"9,4","1020,4",Varias,"1017,7",06
2019-02-05,C619Y,LA ALDEA DE SAN NICOLÁS,LAS PALMAS,13,"17,0","0,0","11,0",04:50,"22,9",13:20,06,"3,6","9,7",16:40,"9,2","1023,3",11,"1020,3",Varias
2019-02-06,C619Y,LA ALDEA DE SAN NICOLÁS,LAS PALMAS,13,"16,6","0,0","8,3",08:00,"24,9",16:00,25,"2,8","6,1",11:30,"10,1","1023,1",12,"1020,9",Varias
2019-02-07,C619Y,LA ALDEA DE SAN NICOLÁS,LAS PALMAS,13,"14,2","0,0","6,2",08:00,"22,2",17:50,28,"3,3","7,8",14:30,"10,1","1022,7",11,"1020,0",18
2019-02-08,C619Y,LA ALDEA DE SAN NICOLÁS,LAS PALMAS,13,"14,2","0,0","7,7",07:50,"20,8",16:10,29,"3,1","6,4",13:00,"10,1","1022,3",11,"1019,4",Varias
2019-02-09,C619Y,LA ALDEA DE SAN NICOLÁS,LAS PALMAS,13,"14,8","0,0","7,5",08:00,"22,0",17:00,28,"3,1","6,9",15:40,"10,1","1021,4",12,"1017,8",17
2019-02-10,C619Y,LA ALDEA DE SAN NICOLÁS,LAS PALMAS,13,"17,4","0,0","8,6",06:00,"26,1",17:00,29,"3,6","7,2",12:30,"10,1","1020,8",Varias,"1017,8",17
2019-02-11,C619Y,LA ALDEA DE SAN NICOLÁS,LAS PALMAS,13,"19,4","0,0","10,7",06:30,"28,0",15:50,32,"2,8","5,6",13:50,"10,2","1020,8",10,"1018,2",Varias
2019-02-12,C619Y,LA ALDEA DE SAN NICOLÁS,LAS PALMAS,13,"18,4","0,0","11,5",07:20,"25,4",13:30,29,"3,3","7,5",14:30,"10,2","1020,8",23,"1019,0",06
2019-02-13,C619Y,LA ALDEA DE SAN NICOLÁS,LAS PALMAS,13,"19,1","0,0","9,5",07:50,"28,7",18:00,25,"3,1","8,1",14:40,"10,3","1021,4",11,"1018,3",18
2019-02-14,C619Y,LA ALDEA DE SAN NICOLÁS,LAS PALMAS,13,"21,7","0,0","12,8",02:10,"30,6",14:40,13,"5,6","15,0",11:00,"10,2","1020,4",11,"1016,7",18
2019-02-15,C619Y,LA ALDEA DE SAN NICOLÁS,LAS PALMAS,13,"18,5","0,4","14,4",08:00,"22,6",16:00,03,"3,9","13,6",11:50,"6,3","1018,6",10,"1015,7",16
2019-02-16,C619Y,LA ALDEA DE SAN NICOLÁS,LAS PALMAS,13,"20,0","0,2","16,3",08:30,"23,7",13:50,09,"4,4","16,1",13:30,"7,6","1021,2",Varias,"1017,2",03
2019-02-17,C619Y,LA ALDEA DE SAN NICOLÁS,LAS PALMAS,13,"17,0","0,0","10,6",07:00,"23,3",12:50,03,"4,4","13,6",18:10,"10,2","1021,4",09,"1018,7",17
2019-02-18,C619Y,LA ALDEA DE SAN NICOLÁS,LAS PALMAS,13,"17,2","0,4","12,7",03:50,"21,6",14:30,07,"6,1","17,8",12:30,"5,8","1021,5",11,"1018,9",18
2019-02-19,C619Y,LA ALDEA DE SAN NICOLÁS,LAS PALMAS,13,"19,2","0,0","15,7",Varias,"22,6",13:40,08,"6,4","19,2",14:10,"10,0","1020,6",00,"1016,9",16
2019-02-20,C619Y,LA ALDEA DE SAN NICOLÁS,LAS PALMAS,13,"16,1","0,0","11,2",07:30,"21,0",13:00,08,"3,3","9,7",01:00,"8,5","1018,9",13,"1017,1",06
2019-02-21,C619Y,LA ALDEA DE SAN NICOLÁS,LAS PALMAS,13,"16,4","0,0","9,4",06:50,"23,3",14:30,36,"3,1","10,3",15:00,"10,4","1020,1",23,"1017,0",06
2019-02-22,C619Y,LA ALDEA DE SAN NICOLÁS,LAS PALMAS,13,"20,4","0,0","8,8",07:30,"31,9",15:50,18,"3,6","11,4",12:50,"10,2","1021,4",22,"1018,4",Varias
2019-02-23,C619Y,LA ALDEA DE SAN NICOLÁS,LAS PALMAS,13,"21,3","0,0","11,1",07:20,"31,5",13:00,15,"2,5","9,2",12:30,"10,0","1022,0",11,"1019,4",16
2019-02-24,C619Y,LA ALDEA DE SAN NICOLÁS,LAS PALMAS,13,"19,8","0,0","11,0",07:50,"28,6",16:20,26,"3,1","6,9",17:00,"10,3","1021,9",12,"1018,7",05
2019-02-25,C619Y,LA ALDEA DE SAN NICOLÁS,LAS PALMAS,13,"16,4","0,0","9,9",06:50,"23,0",14:10,29,"3,6","8,6",13:20,"10,5","1021,6",22,"1018,7",05
2019-02-26,C619Y,LA ALDEA DE SAN NICOLÁS,LAS PALMAS,13,"16,1","0,0","10,3",03:40,"21,9",14:50,36,"4,4","12,2",07:10,"10,6","1023,8",24,"1019,7",05
2019-02-27,C619Y,LA ALDEA DE SAN NICOLÁS,LAS PALMAS,13,"15,9","0,0","9,2",07:50,"22,6",14:00,36,"4,4","15,0",15:30,"10,6","1026,2",24,"1022,3",05
2019-02-28,C619Y,LA ALDEA DE SAN NICOLÁS,LAS PALMAS,13,"17,2","0,0","10,5",Varias,"23,9",14:40,08,"3,6","15,6",15:00,"10,6","1027,8",11,"1024,9",04
2019-03-01,C619Y,LA ALDEA DE SAN NICOLÁS,LAS PALMAS,13,"19,0","0,0","13,6",08:10,"24,5",14:30,06,"3,6","16,1",20:10,"8,3","1027,2",12,"1024,5",16
2019-03-02,C619Y,LA ALDEA DE SAN NICOLÁS,LAS PALMAS,13,"19,3","0,0","15,3",06:30,"23,3",14:40,09,"5,0","15,0",18:00,"5,8","1026,9",00,"1022,6",18
2019-03-03,C619Y,LA ALDEA DE SAN NICOLÁS,LAS PALMAS,13,"19,0","0,0","13,9",03:30,"24,1",13:30,08,"4,7","19,2",18:50,"10,6","1024,8",10,"1022,1",16
2019-03-04,C619Y,LA ALDEA DE SAN NICOLÁS,LAS PALMAS,13,"20,0","0,0","17,2",23:59,"22,8",13:10,06,"7,5","17,8",10:20,"10,7","1024,4",00,"1021,0",17
2019-03-05,C619Y,LA ALDEA DE SAN NICOLÁS,LAS PALMAS,13,"16,6","0,0","10,9",06:50,"22,4",16:40,28,"3,6","10,3",15:10,"10,0","1022,4",00,"1017,1",18
2019-03-06,C619Y,LA ALDEA DE SAN NICOLÁS,LAS PALMAS,13,"18,2","0,2","12,9",04:50,"23,5",15:10,09,"5,0","14,2",20:20,"7,6","1023,3",24,"1017,0",05
2019-03-07,C619Y,LA ALDEA DE SAN NICOLÁS,LAS PALMAS,13,"19,6","0,4","16,0",23:59,"23,1",13:00,10,"7,8","19,2",15:40,"8,3","1024,2",23,"1021,0",03
2019-03-08,C619Y,LA ALDEA DE SAN NICOLÁS,LAS PALMAS,13,"19,8","2,0","16,0",,"23,7",15:00,10,"6,9","22,8",16:40,"6,0","1024,1",00,"1020,3",17
2019-03-09,C619Y,LA ALDEA DE SAN NICOLÁS,LAS PALMAS,13,"20,0","0,0","16,7",03:30,"23,2",15:30,06,"8,9","27,5",11:20,"9,5","1023,4",02,"1020,2",17
2019-03-10,C619Y,LA ALDEA DE SAN NICOLÁS,LAS PALMAS,13,"20,2","0,0","14,5",07:50,"26,0",15:50,03,"7,5","17,2",01:50,"10,9","1024,7",23,"1021,2",04
2019-03-11,C619Y,LA ALDEA DE SAN NICOLÁS,LAS PALMAS,13,"18,8","0,0","13,5",08:00,"24,1",13:50,02,"6,4","14,7",17:40,"10,9","1025,4",23,"1022,1",16
2019-03-12,C619Y,LA ALDEA DE SAN NICOLÁS,LAS PALMAS,13,"16,0","0,0","9,0",07:30,"23,1",12:10,03,"5,8","16,9",19:40,"11,0","1026,0",22,"1023,4",Varias
2019-03-13,C619Y,LA ALDEA DE SAN NICOLÁS,LAS PALMAS,13,"18,2","0,0","14,8",05:50,"21,7",13:50,02,"7,8","16,7",13:10,"11,0","1025,8",Varias,"1021,9",17
2019-03-14,C619Y,LA ALDEA DE SAN NICOLÁS,LAS PALMAS,13,"17,5","0,0","11,3",07:40,"23,7",15:50,02,"2,8","10,8",14:40,"10,3","1022,7",00,"1019,3",Varias
2019-03-15,C619Y,LA ALDEA DE SAN NICOLÁS,LAS PALMAS,13,"18,2","0,0","9,9",07:30,"26,5",17:00,01,"3,3","11,4",21:00,"11,0","1020,9",00,"1017,6",Varias
2019-03-16,C619Y,LA ALDEA DE SAN NICOLÁS,LAS PALMAS,13,"17,4","0,0","10,8",07:30,"24,1",12:50,03,"6,4","14,7",16:10,"11,1","1019,9",23,"1016,9",15
2019-03-17,C619Y,LA ALDEA DE SAN NICOLÁS,LAS PALMAS,13,"19,6","0,0","17,1",05:00,"22,2",13:40,05,"8,6","17,8",12:40,"10,8","1021,0",12,"1017,3",18
2019-03-18,C619Y,LA ALDEA DE SAN NICOLÁS,LAS PALMAS,13,"18,2","0,0","14,3",07:40,"22,0",16:50,06,"7,2","19,2",15:50,"11,1","1019,7",10,"1017,1",17
2019-03-19,C619Y,LA ALDEA DE SAN NICOLÁS,LAS PALMAS,13,"19,6","0,0","17,1",07:40,"22,0",15:00,06,"8,9","19,7",18:10,"11,2","1018,7",00,"1015,8",16
2019-03-20,C619Y,LA ALDEA DE SAN NICOLÁS,LAS PALMAS,13,"17,8","0,0","12,9",07:00,"22,6",12:30,01,"6,9","17,5",13:40,"11,2","1017,1",00,"1013,3",Varias
2019-03-21,C619Y,LA ALDEA DE SAN NICOLÁS,LAS PALMAS,13,"18,2","0,0","12,4",06:30,"24,0",15:00,36,"6,7","21,1",17:00,"10,5","1015,0",00,"1011,8",17
2019-03-22,C619Y,LA ALDEA DE SAN NICOLÁS,LAS PALMAS,13,"19,2","0,0","17,0",Varias,"21,4",14:30,05,"10,3","28,3",08:10,"9,7","1014,6",11,"1011,3",18
2019-03-23,C619Y,LA ALDEA DE SAN NICOLÁS,LAS PALMAS,13,"20,2","0,0","17,1",04:40,"23,3",15:30,08,"7,8","21,9",04:30,"11,3","1014,4",10,"1011,5",17
2019-03-24,C619Y,LA ALDEA DE SAN NICOLÁS,LAS PALMAS,13,"18,0","0,0","12,6",07:20,"23,4",15:00,99,"4,2","14,7",00:10,"10,5","1012,6",10,"1008,8",19
2019-03-25,C619Y,LA ALDEA DE SAN NICOLÁS,LAS PALMAS,13,"16,6","4,6","12,4",05:30,"20,9",11:00,04,"2,8","7,5",11:50,"2,2","1009,9",00,"1004,6",Varias
2019-03-26,C619Y,LA ALDEA DE SAN NICOLÁS,LAS PALMAS,13,"17,0","0,8","11,1",07:00,"22,8",14:10,99,"3,3","9,7",Varias,"11,2","1011,4",Varias,"1005,0",04
2019-03-27,C619Y,LA ALDEA DE SAN NICOLÁS,LAS PALMAS,13,"20,0","0,2","16,6",23:59,"23,4",16:50,36,"4,2","10,8",18:50,"8,3","1016,0",Varias,"1010,8",04
2019-03-28,C619Y,LA ALDEA DE SAN NICOLÁS,LAS PALMAS,13,"17,6","0,0","11,8",07:20,"23,4",17:10,30,"3,1","8,1",15:00,"11,2","1017,0",11,"1015,1",Varias
2019-03-29,C619Y,LA ALDEA DE SAN NICOLÁS,LAS PALMAS,13,"17,8","0,0","12,8",07:10,"22,9",13:50,28,"3,9","10,3",14:50,"9,0","1016,4",00,"1013,6",16
2019-03-30,C619Y,LA ALDEA DE SAN NICOLÁS,LAS PALMAS,13,"17,4","0,4","11,7",05:30,"23,0",15:40,01,"3,3","11,4",14:20,"10,1","1017,4",22,"1013,8",04
2019-03-31,C619Y,LA ALDEA DE SAN NICOLÁS,LAS PALMAS,13,"17,6","0,0","11,9",04:50,"23,2",13:50,06,"2,5","9,2",20:50,"9,6","1016,8",01,"1014,2",16
2019-04-01,C619Y,LA ALDEA DE SAN NICOLÁS,LAS PALMAS,13,"18,3","0,0","13,4",07:10,"23,2",13:10,04,"3,1","8,6",11:50,"9,5","1015,2",00,"1011,2",17
2019-04-02,C619Y,LA ALDEA DE SAN NICOLÁS,LAS PALMAS,13,"18,6","0,0","15,0",07:00,"22,1",12:10,31,"2,5","7,2",16:50,"6,6","1012,0",00,"1009,0",16
2019-04-03,C619Y,LA ALDEA DE SAN NICOLÁS,LAS PALMAS,13,"18,8","1,8","13,6",07:10,"23,9",16:40,29,"3,3","10,8",16:00,"8,8","1012,3",23,"1009,0",17
2019-04-04,C619Y,LA ALDEA DE SAN NICOLÁS,LAS PALMAS,13,"19,2","0,0","14,8",07:30,"23,5",13:00,09,"4,2","14,2",16:20,"7,3","1015,8",24,"1010,2",05
2019-04-05,C619Y,LA ALDEA DE SAN NICOLÁS,LAS PALMAS,13,"21,1","0,2","16,1",05:00,"26,1",15:00,09,"4,4","13,1",13:10,"8,7","1019,4",22,"1015,4",04
2019-04-06,C619Y,LA ALDEA DE SAN NICOLÁS,LAS PALMAS,13,"19,9","0,0","16,3",05:30,"23,5",13:20,08,"4,4","16,1",11:50,"7,9","1021,4",22,"1017,5",03
2019-04-07,C619Y,LA ALDEA DE SAN NICOLÁS,LAS PALMAS,13,"18,2","0,0","12,9",06:40,"23,5",14:40,04,"4,7","12,8",17:00,"11,6","1021,9",11,"1019,0",04
2019-04-08,C619Y,LA ALDEA DE SAN NICOLÁS,LAS PALMAS,13,"21,2","0,0","17,6",01:00,"24,8",14:40,06,"3,6","16,1",21:00,"11,2","1021,5",11,"1018,4",17
2019-04-09,C619Y,LA ALDEA DE SAN NICOLÁS,LAS PALMAS,13,"19,4","0,0","14,4",05:40,"24,4",13:10,09,"3,9","20,0",21:50,"10,2","1020,0",00,"1017,3",Varias
2019-04-10,C619Y,LA ALDEA DE SAN NICOLÁS,LAS PALMAS,13,"20,6","0,0","17,0",03:50,"24,2",12:50,07,"7,2","25,3",14:20,"11,2","1020,1",23,"1017,3",16
2019-04-11,C619Y,LA ALDEA DE SAN NICOLÁS,LAS PALMAS,13,"20,6","0,0","17,2",02:00,"23,9",15:40,05,"7,5","21,9",13:00,"11,6","1020,5",23,"1017,3",18
2019-04-12,C619Y,LA ALDEA DE SAN NICOLÁS,LAS PALMAS,13,"20,6","0,0","17,3",06:20,"23,8",13:40,07,"5,6","21,1",16:30,"10,8","1020,2",00,"1016,9",17
2019-04-13,C619Y,LA ALDEA DE SAN NICOLÁS,LAS PALMAS,13,"20,3","0,0","17,6",02:00,"23,0",13:00,06,"8,6","20,0",11:00,"11,8","1019,4",00,"1015,8",18
2019-04-14,C619Y,LA ALDEA DE SAN NICOLÁS,LAS PALMAS,13,"18,2","0,0","11,8",06:40,"24,5",13:00,04,"4,7","13,9",19:30,"11,9","1017,3",24,"1014,0",17
2019-04-15,C619Y,LA ALDEA DE SAN NICOLÁS,LAS PALMAS,13,"21,4","0,0","17,5",23:59,"25,3",13:40,01,"6,1","14,2",13:40,"11,9","1018,1",12,"1015,9",16
2019-04-16,C619Y,LA ALDEA DE SAN NICOLÁS,LAS PALMAS,13,"18,8","0,0","13,3",07:00,"24,3",15:40,23,"3,6","9,7",13:00,"11,3","1016,8",00,"1012,1",19
2019-04-17,C619Y,LA ALDEA DE SAN NICOLÁS,LAS PALMAS,13,"19,2","0,0","14,4",07:00,"24,1",11:40,08,"3,1","13,6",23:59,"8,4","1017,3",23,"1012,2",Varias
2019-04-18,C619Y,LA ALDEA DE SAN NICOLÁS,LAS PALMAS,13,"21,8","0,0","18,0",Varias,"25,5",14:10,10,"6,9","18,3",23:40,"10,2","1019,3",22,"1015,7",04
2019-04-19,C619Y,LA ALDEA DE SAN NICOLÁS,LAS PALMAS,13,"21,0","0,0","17,2",06:40,"24,8",12:50,07,"6,7","20,6",15:00,"10,5","1018,8",Varias,"1016,3",05
2019-04-20,C619Y,LA ALDEA DE SAN NICOLÁS,LAS PALMAS,13,"20,6","0,0","17,1",07:50,"24,0",14:30,10,"5,8","16,4",03:10,"2,8","1017,0",00,"1013,8",18
2019-04-21,C619Y,LA ALDEA DE SAN NICOLÁS,LAS PALMAS,13,"21,8","0,0","17,5",05:40,"26,0",13:30,09,"5,3","14,7",21:30,"8,1","1015,7",00,"1013,1",05
2019-04-22,C619Y,LA ALDEA DE SAN NICOLÁS,LAS PALMAS,13,"21,0","0,0","18,0",07:00,"24,0",13:00,05,"4,4","16,1",22:00,"11,7","1014,7",00,"1011,7",21
2019-04-23,C619Y,LA ALDEA DE SAN NICOLÁS,LAS PALMAS,13,"22,4","0,0","17,8",23:59,"26,9",12:00,08,"5,0","15,6",12:50,"4,8","1015,6",23,"1011,5",Varias
2019-04-24,C619Y,LA ALDEA DE SAN NICOLÁS,LAS PALMAS,13,"20,6","0,0","16,8",06:00,"24,4",16:00,09,"5,3","14,2",03:10,"11,3","1019,3",24,"1013,8",04
2019-04-25,C619Y,LA ALDEA DE SAN NICOLÁS,LAS PALMAS,13,"21,6","0,0","17,6",Varias,"25,5",16:00,08,"5,0","18,6",18:50,"12,1","1020,3",23,"1017,1",17
2019-04-26,C619Y,LA ALDEA DE SAN NICOLÁS,LAS PALMAS,13,"21,1","0,0","17,8",05:30,"24,4",14:40,05,"7,8","21,1",16:40,"11,8","1020,6",09,"1017,9",15
2019-04-27,C619Y,LA ALDEA DE SAN NICOLÁS,LAS PALMAS,13,"20,8","0,0","17,4",Varias,"24,1",14:30,09,"7,8","20,8",14:30,"11,6","1019,4",00,"1015,7",18
2019-04-28,C619Y,LA ALDEA DE SAN NICOLÁS,LAS PALMAS,13,"19,6","0,0","16,2",04:50,"23,1",15:00,04,"7,2","17,8",16:20,"11,7","1017,0",00,"1013,9",18
2019-04-29,C619Y,LA ALDEA DE SAN NICOLÁS,LAS PALMAS,13,"20,2","0,0","16,9",06:50,"23,5",13:40,03,"7,2","16,7",19:50,"11,8","1015,5",00,"1012,9",16
2019-04-30,C619Y,LA ALDEA DE SAN NICOLÁS,LAS PALMAS,13,"20,5",,"18,0",06:30,"23,0",12:30,05,"8,6","19,7",08:20,"11,7","1014,8",00,"1011,7",16
2019-05-01,C619Y,LA ALDEA DE SAN NICOLÁS,LAS PALMAS,13,"21,3","0,0","18,2",04:20,"24,4",13:40,08,"6,7","20,3",09:30,"12,0","1014,1",11,"1010,4",04
2019-05-02,C619Y,LA ALDEA DE SAN NICOLÁS,LAS PALMAS,13,"21,5","0,2","17,7",21:50,"25,3",11:50,99,"5,3","14,4",Varias,"9,6","1014,1",22,"1011,7",18
2019-05-03,C619Y,LA ALDEA DE SAN NICOLÁS,LAS PALMAS,13,"22,0","0,0","18,3",Varias,"25,7",14:20,08,"3,3","13,9",12:00,"10,8","1016,2",23,"1012,8",05
2019-05-04,C619Y,LA ALDEA DE SAN NICOLÁS,LAS PALMAS,13,"21,8","0,0","18,6",Varias,"25,0",13:50,05,"3,9","14,7",17:10,"8,9","1017,6",Varias,"1014,6",05
2019-05-05,C619Y,LA ALDEA DE SAN NICOLÁS,LAS PALMAS,13,"20,5","0,0","17,0",07:00,"24,0",14:20,05,"4,7","17,5",20:10,"12,2","1019,5",24,"1016,4",03
2019-05-06,C619Y,LA ALDEA DE SAN NICOLÁS,LAS PALMAS,13,"19,0","0,0","14,9",04:30,"23,1",14:50,04,"6,7","16,4",21:00,"12,3","1020,1",Varias,"1017,6",04
2019-05-07,C619Y,LA ALDEA DE SAN NICOLÁS,LAS PALMAS,13,"18,2","0,0","13,7",07:00,"22,7",14:00,03,"6,1","16,4",17:10,"12,2","1019,9",00,"1017,2",19
2019-05-08,C619Y,LA ALDEA DE SAN NICOLÁS,LAS PALMAS,13,"20,2","0,0","14,3",07:10,"26,0",13:30,03,"5,3","17,5",02:40,"12,3","1019,3",00,"1016,4",18
2019-05-09,C619Y,LA ALDEA DE SAN NICOLÁS,LAS PALMAS,13,"20,1","0,0","15,5",06:50,"24,7",12:20,05,"5,8","16,7",17:30,"12,3","1018,2",00,"1014,4",19
2019-05-10,C619Y,LA ALDEA DE SAN NICOLÁS,LAS PALMAS,13,"21,2","0,0","18,2",06:50,"24,3",15:30,04,"8,9","20,3",16:50,"12,3","1016,0",00,"1013,1",Varias
2019-05-11,C619Y,LA ALDEA DE SAN NICOLÁS,LAS PALMAS,13,"20,0","0,0","13,7",06:50,"26,2",12:30,03,"5,6","13,9",13:20,"12,2","1014,5",00,"1011,1",17
2019-05-12,C619Y,LA ALDEA DE SAN NICOLÁS,LAS PALMAS,13,"19,4","0,0","14,5",06:20,"24,4",14:50,02,"5,8","16,7",23:20,"11,9","1012,9",22,"1010,5",03
2019-05-13,C619Y,LA ALDEA DE SAN NICOLÁS,LAS PALMAS,13,"20,4","0,0","16,2",07:00,"24,5",14:50,04,"7,5","18,1",17:50,"12,4","1012,8",11,"1011,0",19
2019-05-14,C619Y,LA ALDEA DE SAN NICOLÁS,LAS PALMAS,13,"22,0","0,0","18,8",06:50,"25,2",14:30,04,"8,1","20,0",18:30,"12,3","1012,5",00,"1010,5",18
2019-05-15,C619Y,LA ALDEA DE SAN NICOLÁS,LAS PALMAS,13,"20,9","0,0","17,7",07:00,"24,1",15:10,02,"6,7","15,8",Varias,"11,3","1012,0",10,"1009,6",18
2019-05-16,C619Y,LA ALDEA DE SAN NICOLÁS,LAS PALMAS,13,"22,5","0,0","18,8",05:40,"26,2",14:50,02,"3,3","10,6",21:20,"11,3","1012,0",11,"1010,0",17
2019-05-17,C619Y,LA ALDEA DE SAN NICOLÁS,LAS PALMAS,13,"21,6","0,0","17,0",01:20,"26,1",14:30,02,"4,4","13,3",13:20,"10,7","1013,3",24,"1010,7",04
2019-05-18,C619Y,LA ALDEA DE SAN NICOLÁS,LAS PALMAS,13,"21,6","0,0","19,1",23:40,"24,2",12:00,04,"8,1","21,4",14:50,"11,5","1015,5",Varias,"1011,0",05
2019-05-19,C619Y,LA ALDEA DE SAN NICOLÁS,LAS PALMAS,13,"21,6","0,0","18,6",07:00,"24,7",13:40,06,"8,9","23,3",16:20,"12,0","1016,8",23,"1013,4",05
2019-05-20,C619Y,LA ALDEA DE SAN NICOLÁS,LAS PALMAS,13,"22,6","0,0","18,7",03:30,"26,5",12:20,07,"7,5","20,8",16:20,"11,6","1016,9",23,"1014,5",04
2019-05-21,C619Y,LA ALDEA DE SAN NICOLÁS,LAS PALMAS,13,"22,4","0,0","19,0",06:20,"25,9",15:00,08,"5,8","20,3",15:40,"12,1","1017,1",23,"1013,9",17
2019-05-22,C619Y,LA ALDEA DE SAN NICOLÁS,LAS PALMAS,13,"22,7","0,0","19,5",06:00,"25,9",14:40,99,"7,8","21,1",Varias,"9,7","1017,2",11,"1014,0",05
2019-05-23,C619Y,LA ALDEA DE SAN NICOLÁS,LAS PALMAS,13,"22,2","0,0","19,3",23:59,"25,2",13:40,06,"8,3","25,0",14:20,"11,9","1016,7",00,"1014,7",18
2019-05-24,C619Y,LA ALDEA DE SAN NICOLÁS,LAS PALMAS,13,"21,3","0,0","18,9",03:00,"23,7",13:40,04,"11,9","23,1",12:20,"12,5","1015,7",00,"1013,5",18
2019-05-25,C619Y,LA ALDEA DE SAN NICOLÁS,LAS PALMAS,13,"21,6","0,0","18,8",06:30,"24,5",14:20,04,"9,7","23,1",03:10,"12,5","1015,8",Varias,"1013,7",03
2019-05-26,C619Y,LA ALDEA DE SAN NICOLÁS,LAS PALMAS,13,"21,6","0,0","19,1",Varias,"24,0",15:30,08,"8,3","19,4",00:20,"12,4","1015,2",11,"1012,9",17
2019-05-27,C619Y,LA ALDEA DE SAN NICOLÁS,LAS PALMAS,13,"20,4","0,0","16,7",06:50,"24,0",14:00,04,"7,8","19,2",11:20,"11,9","1014,4",00,"1011,8",18
2019-05-28,C619Y,LA ALDEA DE SAN NICOLÁS,LAS PALMAS,13,"21,8","0,0","19,4",04:00,"24,2",14:00,05,"7,8","20,0",20:00,"12,3","1015,8",23,"1012,4",04
2019-05-29,C619Y,LA ALDEA DE SAN NICOLÁS,LAS PALMAS,13,"21,1","0,0","18,5",06:00,"23,7",13:50,01,"7,5","16,4",21:50,"12,5","1016,0",08,"1013,7",16
2019-05-30,C619Y,LA ALDEA DE SAN NICOLÁS,LAS PALMAS,13,"20,2","0,0","16,1",06:20,"24,4",14:40,04,"6,7","16,4",18:30,"12,6","1015,6",00,"1013,3",19
2019-05-31,C619Y,LA ALDEA DE SAN NICOLÁS,LAS PALMAS,13,"21,8","0,0","18,4",07:00,"25,1",15:30,04,"6,7","16,1",19:40,"12,4","1014,6",00,"1011,0",18
2019-06-01,C619Y,LA ALDEA DE SAN NICOLÁS,LAS PALMAS,13,"22,4","0,0","19,2",06:00,"25,7",14:20,02,"6,7","14,7",18:10,"11,1","1013,5",23,"1010,3",18
2019-06-02,C619Y,LA ALDEA DE SAN NICOLÁS,LAS PALMAS,13,"21,2","0,0","16,3",06:20,"26,2",13:50,02,"5,8","16,4",15:50,"12,0","1015,0",24,"1010,9",Varias
2019-06-03,C619Y,LA ALDEA DE SAN NICOLÁS,LAS PALMAS,13,"21,8","0,0","18,9",06:30,"24,8",13:30,36,"8,3","20,3",18:20,"11,9","1016,3",23,"1013,0",05
2019-06-04,C619Y,LA ALDEA DE SAN NICOLÁS,LAS PALMAS,13,"21,8","0,0","18,8",05:50,"24,7",13:40,02,"8,9","21,4",15:00,"12,4","1018,4",Varias,"1014,2",Varias
2019-06-05,C619Y,LA ALDEA DE SAN NICOLÁS,LAS PALMAS,13,"23,4","0,0","20,2",04:40,"26,5",13:10,09,"7,2","19,2",01:00,"12,0","1018,1",00,"1015,7",17
2019-06-06,C619Y,LA ALDEA DE SAN NICOLÁS,LAS PALMAS,13,"22,8","0,0","19,6",Varias,"26,1",12:20,09,"6,1","17,8",18:50,"9,7","1017,6",23,"1015,3",05
2019-06-07,C619Y,LA ALDEA DE SAN NICOLÁS,LAS PALMAS,13,"22,8","0,0","19,3",06:00,"26,4",11:30,09,"5,6","18,6",12:50,"11,7","1018,4",23,"1015,8",Varias
2019-06-08,C619Y,LA ALDEA DE SAN NICOLÁS,LAS PALMAS,13,"23,2","0,0","20,0",23:59,"26,5",12:10,06,"4,2","19,2",20:30,"12,0","1021,5",23,"1017,4",04
2019-06-09,C619Y,LA ALDEA DE SAN NICOLÁS,LAS PALMAS,13,"22,2","0,0","19,3",Varias,"25,1",14:30,06,"7,2","24,7",18:40,"12,6","1021,8",11,"1019,6",17
2019-06-10,C619Y,LA ALDEA DE SAN NICOLÁS,LAS PALMAS,13,"23,2","0,0","19,2",05:00,"27,3",14:40,06,"7,8","23,1",15:40,"12,1","1021,1",00,"1017,2",17
2019-06-11,C619Y,LA ALDEA DE SAN NICOLÁS,LAS PALMAS,13,"23,8","0,4","19,2",07:20,"28,5",13:50,10,"7,5","19,7",17:30,"7,0","1018,8",00,"1014,1",Varias
2019-06-12,C619Y,LA ALDEA DE SAN NICOLÁS,LAS PALMAS,13,"23,4","0,2","18,4",03:30,"28,5",15:10,10,"6,4","18,6",07:30,"8,4","1015,3",24,"1012,9",Varias
2019-06-13,C619Y,LA ALDEA DE SAN NICOLÁS,LAS PALMAS,13,"23,1","0,0","19,0",04:20,"27,2",14:10,04,"4,2","14,2",17:50,"10,0","1018,0",24,"1013,9",04
2019-06-14,C619Y,LA ALDEA DE SAN NICOLÁS,LAS PALMAS,13,"20,4","0,0","15,0",06:00,"25,7",17:40,06,"3,3","14,2",18:00,"10,2","1019,5",23,"1016,0",03
2019-06-15,C619Y,LA ALDEA DE SAN NICOLÁS,LAS PALMAS,13,"20,4","0,0","14,6",06:40,"26,2",16:30,08,"4,2","12,8",00:40,"12,5","1019,8",24,"1017,6",18
2019-06-16,C619Y,LA ALDEA DE SAN NICOLÁS,LAS PALMAS,13,"20,2","0,0","15,0",05:40,"25,3",14:00,04,"3,6","10,0",12:20,"12,6","1020,2",23,"1017,8",04
2019-06-17,C619Y,LA ALDEA DE SAN NICOLÁS,LAS PALMAS,13,"20,2","0,0","15,3",05:50,"25,2",14:40,29,"3,1","7,2",14:20,"12,6","1020,0",00,"1017,0",18
2019-06-18,C619Y,LA ALDEA DE SAN NICOLÁS,LAS PALMAS,13,"22,2","0,0","17,0",06:30,"27,4",15:10,29,"2,8","8,3",13:30,"10,2","1018,0",23,"1015,6",04
2019-06-19,C619Y,LA ALDEA DE SAN NICOLÁS,LAS PALMAS,13,"25,4","0,0","21,3",04:00,"29,5",15:40,06,"4,7","13,6",16:30,"12,5","1019,5",23,"1016,6",02
2019-06-20,C619Y,LA ALDEA DE SAN NICOLÁS,LAS PALMAS,13,"24,5","0,0","20,9",04:00,"28,1",11:40,11,"5,3","17,8",21:30,"11,9","1019,3",00,"1016,9",18
2019-06-21,C619Y,LA ALDEA DE SAN NICOLÁS,LAS PALMAS,13,"23,9","0,0","20,8",06:50,"27,0",13:50,06,"5,8","20,3",14:30,"11,8","1019,0",10,"1016,7",16
2019-06-22,C619Y,LA ALDEA DE SAN NICOLÁS,LAS PALMAS,13,"23,2","0,0","20,0",05:50,"26,3",17:00,99,"5,3","16,1",Varias,"11,4","1018,1",Varias,"1015,6",18
2019-06-23,C619Y,LA ALDEA DE SAN NICOLÁS,LAS PALMAS,13,"23,8","0,0","21,1",05:00,"26,4",14:50,10,"3,6","11,7",01:10,"12,3","1016,9",00,"1014,1",18
2019-06-24,C619Y,LA ALDEA DE SAN NICOLÁS,LAS PALMAS,13,"23,8","0,0","18,6",06:20,"29,0",12:40,26,"3,9","10,6",17:20,"12,6","1016,2",23,"1014,0",05
2019-06-25,C619Y,LA ALDEA DE SAN NICOLÁS,LAS PALMAS,13,"23,6","0,0","19,1",05:00,"28,1",16:20,36,"4,2","11,9",17:30,"8,4","1018,4",23,"1014,4",04
2019-06-26,C619Y,LA ALDEA DE SAN NICOLÁS,LAS PALMAS,13,"25,2","0,0","21,7",06:40,"28,7",11:50,10,"4,2","15,0",17:00,"12,4","1018,8",11,"1016,7",18
2019-06-27,C619Y,LA ALDEA DE SAN NICOLÁS,LAS PALMAS,13,"24,4","0,0","20,9",06:50,"27,9",14:00,08,"4,2","16,9",23:59,"12,5","1018,6",00,"1016,2",18
2019-06-28,C619Y,LA ALDEA DE SAN NICOLÁS,LAS PALMAS,13,"24,2","0,0","20,7",07:00,"27,8",16:20,10,"5,3","17,8",20:30,"12,3","1017,7",01,"1015,5",18
2019-06-29,C619Y,LA ALDEA DE SAN NICOLÁS,LAS PALMAS,13,"24,2","0,0","20,6",05:30,"27,9",13:20,12,"4,4","16,9",20:00,"12,5","1018,9",23,"1015,8",04
2019-06-30,C619Y,LA ALDEA DE SAN NICOLÁS,LAS PALMAS,13,"24,4","0,0","21,1",Varias,"27,7",15:50,06,"7,8","24,2",17:40,"12,6","1019,6",11,"1016,8",05
2019-07-01,C619Y,LA ALDEA DE SAN NICOLÁS,LAS PALMAS,13,"23,8","0,0","20,9",04:00,"26,7",13:00,05,"10,8","24,2",13:20,"12,2","1019,3",00,"1016,7",05
2019-07-02,C619Y,LA ALDEA DE SAN NICOLÁS,LAS PALMAS,13,"23,8","0,0","21,1",Varias,"26,6",15:40,07,"11,1","27,2",10:10,"12,4","1017,6",00,"1014,7",18
2019-07-04,C619Y,LA ALDEA DE SAN NICOLÁS,LAS PALMAS,13,"23,6","0,0","20,4",06:40,"26,9",13:20,06,"6,1","24,7",62:10,"12,4","1017,0",Varias,"1014,7",03
2019-07-05,C619Y,LA ALDEA DE SAN NICOLÁS,LAS PALMAS,13,"22,8","0,0","19,0",06:10,"26,7",16:30,07,"6,4","16,9",02:10,"12,7","1017,7",12,"1015,2",04
2019-07-06,C619Y,LA ALDEA DE SAN NICOLÁS,LAS PALMAS,13,"24,9","0,0","21,2",06:30,"28,6",16:50,99,"5,6","18,6",Varias,"12,6","1017,4",Varias,"1015,2",04
2019-07-07,C619Y,LA ALDEA DE SAN NICOLÁS,LAS PALMAS,13,"24,4","0,0","21,1",01:40,"27,8",12:00,,,,,"12,5","1017,4",00,"1014,8",17
2019-07-08,C619Y,LA ALDEA DE SAN NICOLÁS,LAS PALMAS,13,"24,7","0,0","21,3",03:00,"28,1",13:00,,,,,"12,6","1018,3",24,"1015,1",04
2019-07-09,C619Y,LA ALDEA DE SAN NICOLÁS,LAS PALMAS,13,"25,0","0,0","21,4",05:20,"28,5",12:50,,,,,"12,1","1018,0",00,"1015,2",17
2019-07-11,C619Y,LA ALDEA DE SAN NICOLÁS,LAS PALMAS,13,"24,9","0,0","21,1",06:30,"28,7",14:50,,,,,"10,4","1016,3",23,"1013,8",17
2019-07-13,C619Y,LA ALDEA DE SAN NICOLÁS,LAS PALMAS,13,"22,8",,"19,5",07:00,"26,1",15:40,,,,,,"1017,4",11,"1015,3",04
2019-07-14,C619Y,LA ALDEA DE SAN NICOLÁS,LAS PALMAS,13,"23,6","0,0","21,0",05:00,"26,2",17:20,05,"9,7","24,7",17:20,"12,1","1016,6",00,"1014,2",Varias
2019-07-15,C619Y,LA ALDEA DE SAN NICOLÁS,LAS PALMAS,13,"24,0","0,0","21,7",Varias,"26,2",14:00,04,"10,6","22,5",15:40,"12,4","1015,2",00,"1012,6",16
2019-07-16,C619Y,LA ALDEA DE SAN NICOLÁS,LAS PALMAS,13,"23,8","0,0","21,5",Varias,"26,1",14:50,03,"11,1","21,1",00:10,"11,6","1015,8",23,"1012,3",04
2019-07-17,C619Y,LA ALDEA DE SAN NICOLÁS,LAS PALMAS,13,"24,0",,"21,6",Varias,"26,5",14:20,04,"10,0","22,5",22:10,,"1017,5",Varias,"1014,5",04
2019-07-18,C619Y,LA ALDEA DE SAN NICOLÁS,LAS PALMAS,13,"24,2","0,0","20,8",06:00,"27,5",14:00,09,"8,9","25,3",18:50,"11,5","1017,4",00,"1014,3",18
2019-07-19,C619Y,LA ALDEA DE SAN NICOLÁS,LAS PALMAS,13,"25,6","0,0","21,7",Varias,"29,5",13:20,09,"7,2","22,2",11:20,"8,9","1016,3",11,"1014,2",19
2019-07-20,C619Y,LA ALDEA DE SAN NICOLÁS,LAS PALMAS,13,"25,0","0,0","21,5",01:20,"28,4",14:00,,,,,"11,8","1018,2",23,"1014,2",06
2019-07-21,C619Y,LA ALDEA DE SAN NICOLÁS,LAS PALMAS,13,"23,6","0,0","20,6",07:20,"26,7",14:20,04,"8,3","21,4",77:10,"12,5","1018,7",23,"1016,0",05
2019-07-22,C619Y,LA ALDEA DE SAN NICOLÁS,LAS PALMAS,13,"23,4","0,0","21,1",06:00,"25,7",14:30,04,"11,1","21,7",15:00,"12,5","1018,6",00,"1015,0",16
2019-07-23,C619Y,LA ALDEA DE SAN NICOLÁS,LAS PALMAS,13,"23,1","0,0","20,7",06:20,"25,5",14:50,03,"10,3","20,8",82:40,"12,5","1017,1",00,"1014,0",18
2019-07-24,C619Y,LA ALDEA DE SAN NICOLÁS,LAS PALMAS,13,"22,4","0,0","18,9",07:00,"25,8",14:20,01,,"21,4",75:10,"12,5","1014,9",00,"1012,2",18
2019-07-25,C619Y,LA ALDEA DE SAN NICOLÁS,LAS PALMAS,13,"22,9","0,0","19,4",06:20,"26,4",13:30,,,,,"12,2","1015,5",24,"1012,7",17
2019-07-26,C619Y,LA ALDEA DE SAN NICOLÁS,LAS PALMAS,13,"25,0","0,0","21,8",04:50,"28,2",15:00,,,,,"11,6","1016,7",22,"1013,5",04
2019-07-27,C619Y,LA ALDEA DE SAN NICOLÁS,LAS PALMAS,13,"23,6","0,0","21,6",Varias,"25,7",13:40,06,,"22,8",60:30,"12,1","1016,3",11,"1013,9",18
2019-07-28,C619Y,LA ALDEA DE SAN NICOLÁS,LAS PALMAS,13,"25,2","0,0","21,8",05:40,"28,6",16:20,,,,,"12,3","1014,8",Varias,"1011,7",18
2019-07-29,C619Y,LA ALDEA DE SAN NICOLÁS,LAS PALMAS,13,"25,2","0,0","21,8",05:00,"28,5",13:40,,,,,"12,4","1017,2",23,"1013,4",04
2019-07-30,C619Y,LA ALDEA DE SAN NICOLÁS,LAS PALMAS,13,"24,6","0,2","21,1",09:30,"28,1",15:50,,,,,"5,6","1017,9",11,"1014,7",17
2019-07-31,C619Y,LA ALDEA DE SAN NICOLÁS,LAS PALMAS,13,"24,8","0,0","21,3",Varias,"28,4",15:50,,,,,"11,3","1016,5",00,"1013,7",17
2019-08-01,C619Y,LA ALDEA DE SAN NICOLÁS,LAS PALMAS,13,"24,5","0,0","21,1",06:50,"27,9",15:20,,,,,"12,2","1016,8",Varias,"1014,6",Varias
2019-08-02,C619Y,LA ALDEA DE SAN NICOLÁS,LAS PALMAS,13,"24,1","0,0","21,1",04:40,"27,1",13:20,05,"7,8","21,4",80:00,"12,2","1017,9",12,"1015,7",05
2019-08-03,C619Y,LA ALDEA DE SAN NICOLÁS,LAS PALMAS,13,"24,6","0,0","21,4",Varias,"27,9",15:30,08,"8,1","21,7",75:40,"12,2","1017,8",11,"1015,1",17
2019-08-04,C619Y,LA ALDEA DE SAN NICOLÁS,LAS PALMAS,13,"25,4","0,0","21,5",Varias,"29,4",15:20,99,"6,1","21,7",Varias,"12,2","1017,3",10,"1014,8",16
2019-08-05,C619Y,LA ALDEA DE SAN NICOLÁS,LAS PALMAS,13,"24,4","0,0","22,4",07:20,"26,5",13:20,05,"8,3","22,5",15:30,"12,2","1016,9",00,"1014,1",16
2019-08-06,C619Y,LA ALDEA DE SAN NICOLÁS,LAS PALMAS,13,"25,8","0,0","22,2",06:30,"29,3",16:30,06,"7,8","21,7",13:30,"12,1","1016,4",00,"1013,4",18
2019-08-07,C619Y,LA ALDEA DE SAN NICOLÁS,LAS PALMAS,13,"24,2","0,0","21,2",05:30,"27,1",14:10,02,"8,1","16,7",13:40,"11,9","1015,0",11,"1013,2",18
2019-08-08,C619Y,LA ALDEA DE SAN NICOLÁS,LAS PALMAS,13,"23,8","0,0","18,3",06:50,"29,3",14:10,03,"4,2","10,8",12:10,"10,9","1016,9",Varias,"1013,2",04
2019-08-09,C619Y,LA ALDEA DE SAN NICOLÁS,LAS PALMAS,13,"25,5","0,0","21,4",06:00,"29,6",13:30,04,"3,9","14,4",16:10,"11,8","1017,8",23,"1015,1",06
2019-08-10,C619Y,LA ALDEA DE SAN NICOLÁS,LAS PALMAS,13,"25,0","0,0","21,9",07:10,"28,1",14:40,03,"10,3","21,1",19:40,"12,1","1018,1",23,"1015,5",18
2019-08-11,C619Y,LA ALDEA DE SAN NICOLÁS,LAS PALMAS,13,"25,1","0,0","22,6",23:59,"27,6",11:20,04,"11,9","23,3",14:40,"12,0","1017,2",00,"1014,6",Varias
2019-08-12,C619Y,LA ALDEA DE SAN NICOLÁS,LAS PALMAS,13,"24,4","0,0","22,1",23:59,"26,7",16:20,04,"11,1","24,2",12:20,"12,0","1017,0",22,"1014,3",04
2019-08-13,C619Y,LA ALDEA DE SAN NICOLÁS,LAS PALMAS,13,"24,6","0,0","21,7",06:00,"27,5",15:20,08,"10,6","24,4",17:20,"12,0","1017,1",24,"1014,9",Varias
2019-08-14,C619Y,LA ALDEA DE SAN NICOLÁS,LAS PALMAS,13,"23,8","0,0","21,2",06:00,"26,4",14:00,06,"9,2","19,7",00:10,"12,0","1017,1",10,"1014,6",18
2019-08-15,C619Y,LA ALDEA DE SAN NICOLÁS,LAS PALMAS,13,"23,0","0,0","19,4",06:10,"26,7",15:40,03,"9,2","20,0",13:50,"11,6","1016,1",00,"1012,9",19
2019-08-16,C619Y,LA ALDEA DE SAN NICOLÁS,LAS PALMAS,13,"24,4","0,0","20,8",06:40,"28,1",14:40,01,"8,1","17,8",12:30,"10,9","1013,4",00,"1010,2",17
2019-08-17,C619Y,LA ALDEA DE SAN NICOLÁS,LAS PALMAS,13,"26,2","0,0","22,0",07:30,"30,4",11:00,02,"7,5","20,0",Varias,"11,4","1011,2",00,"1009,1",Varias
2019-08-18,C619Y,LA ALDEA DE SAN NICOLÁS,LAS PALMAS,13,"25,8","0,0","23,9",Varias,"27,6",11:30,04,"6,7","18,3",13:00,"9,8","1012,8",23,"1009,4",05
2019-08-19,C619Y,LA ALDEA DE SAN NICOLÁS,LAS PALMAS,13,"25,6","0,0","20,3",07:00,"30,9",12:30,02,"5,8","18,3",15:20,"11,5","1015,7",23,"1011,5",06
2019-08-20,C619Y,LA ALDEA DE SAN NICOLÁS,LAS PALMAS,13,"23,3","0,0","21,4",06:20,"25,2",14:10,02,"11,7","23,3",17:10,"11,7","1016,0",23,"1013,3",05
2019-08-21,C619Y,LA ALDEA DE SAN NICOLÁS,LAS PALMAS,13,"24,0","0,0","21,9",01:00,"26,2",13:30,03,"11,4","25,3",12:10,"11,9","1015,5",00,"1012,7",14
2019-08-22,C619Y,LA ALDEA DE SAN NICOLÁS,LAS PALMAS,13,"24,0","0,0","21,6",04:30,"26,4",13:30,04,"10,6","22,2",01:20,"11,6","1012,9",00,"1009,8",18
2019-08-23,C619Y,LA ALDEA DE SAN NICOLÁS,LAS PALMAS,13,"24,2","0,0","22,2",Varias,"26,2",12:50,03,"8,3","19,2",12:20,"6,6","1012,3",22,"1010,3",05
2019-08-24,C619Y,LA ALDEA DE SAN NICOLÁS,LAS PALMAS,13,"25,5","0,0","21,5",02:50,"29,5",14:40,02,"6,1","19,2",17:30,"7,9","1012,1",10,"1008,9",18
2019-08-25,C619Y,LA ALDEA DE SAN NICOLÁS,LAS PALMAS,13,"25,1","0,8","22,0",06:50,"28,2",11:10,02,"5,0","18,3",12:00,"3,3","1011,7",11,"1009,8",17
2019-08-26,C619Y,LA ALDEA DE SAN NICOLÁS,LAS PALMAS,13,"27,2","0,0","22,8",03:50,"31,6",13:30,02,"5,6","18,1",18:20,"7,4","1013,3",23,"1010,8",15
2019-08-27,C619Y,LA ALDEA DE SAN NICOLÁS,LAS PALMAS,13,"25,6","0,0","22,4",04:30,"28,8",15:40,04,"6,7","15,0",13:50,"9,2","1014,6",11,"1011,5",Varias
2019-08-28,C619Y,LA ALDEA DE SAN NICOLÁS,LAS PALMAS,13,"24,0","0,0","20,3",07:20,"27,7",11:30,05,"8,1","18,9",19:50,"11,5","1015,2",24,"1012,7",04
2019-08-29,C619Y,LA ALDEA DE SAN NICOLÁS,LAS PALMAS,13,"23,1","0,0","18,6",07:00,"27,6",14:30,02,"6,9","18,6",13:40,"11,5","1015,4",00,"1012,6",18
2019-08-30,C619Y,LA ALDEA DE SAN NICOLÁS,LAS PALMAS,13,"22,9","0,0","18,3",06:50,"27,5",14:20,04,"6,9","17,8",13:50,"9,6","1016,8",Varias,"1014,1",03
2019-08-31,C619Y,LA ALDEA DE SAN NICOLÁS,LAS PALMAS,13,"24,8","0,0","21,9",06:00,"27,8",12:30,04,"9,4","20,3",11:10,"9,0","1016,2",00,"1013,8",18
2019-09-01,C619Y,LA ALDEA DE SAN NICOLÁS,LAS PALMAS,13,"25,0","0,0","22,3",Varias,"27,6",15:30,05,"10,0","21,7",01:10,"11,6","1015,1",10,"1013,0",19
2019-09-02,C619Y,LA ALDEA DE SAN NICOLÁS,LAS PALMAS,13,"23,0","0,0","19,4",07:20,"26,7",15:30,06,"5,3","19,7",00:30,"11,7","1016,4",11,"1013,1",05
2019-09-03,C619Y,LA ALDEA DE SAN NICOLÁS,LAS PALMAS,13,"22,4","0,0","18,4",05:50,"26,3",15:00,35,"6,7","15,3",18:00,"11,7","1018,5",11,"1015,3",03
2019-09-04,C619Y,LA ALDEA DE SAN NICOLÁS,LAS PALMAS,13,"23,9","0,0","21,3",04:10,"26,5",13:00,36,"7,2","16,4",15:40,"11,0","1018,8",10,"1016,3",19
2019-09-05,C619Y,LA ALDEA DE SAN NICOLÁS,LAS PALMAS,13,"25,4","0,0","21,9",05:00,"29,0",14:30,07,"5,0","17,8",03:00,"11,5","1017,0",00,"1014,8",18
2019-09-06,C619Y,LA ALDEA DE SAN NICOLÁS,LAS PALMAS,13,"26,0","0,0","22,8",07:00,"29,2",13:20,06,"4,7","15,0",15:10,"9,8","1016,4",22,"1014,0",04
2019-09-07,C619Y,LA ALDEA DE SAN NICOLÁS,LAS PALMAS,13,"25,4","0,0","22,4",23:59,"28,4",13:50,10,"4,2","17,2",05:20,"11,2","1016,5",22,"1014,4",04
2019-09-08,C619Y,LA ALDEA DE SAN NICOLÁS,LAS PALMAS,13,"24,8","0,0","21,8",04:50,"27,8",13:50,99,"5,6","14,7",Varias,"8,6","1017,1",22,"1014,1",Varias
2019-09-09,C619Y,LA ALDEA DE SAN NICOLÁS,LAS PALMAS,13,"23,4","0,0","18,1",06:50,"28,6",13:50,02,"5,8","16,9",17:20,"11,4","1018,8",22,"1015,3",05
2019-09-10,C619Y,LA ALDEA DE SAN NICOLÁS,LAS PALMAS,13,"23,3","0,0","18,9",05:00,"27,7",13:00,04,"7,5","20,3",19:10,"11,3","1020,2",10,"1017,4",02
2019-09-11,C619Y,LA ALDEA DE SAN NICOLÁS,LAS PALMAS,13,"25,6","0,0","22,2",Varias,"29,1",14:30,08,"8,3","26,4",17:30,"11,4","1018,9",10,"1015,6",17
2019-09-12,C619Y,LA ALDEA DE SAN NICOLÁS,LAS PALMAS,13,"24,4","0,0","21,3",06:50,"27,6",13:10,06,"7,8","22,2",11:00,"11,4","1017,9",11,"1015,1",05
2019-09-13,C619Y,LA ALDEA DE SAN NICOLÁS,LAS PALMAS,13,"24,8","0,0","22,2",Varias,"27,5",15:00,08,"6,9","21,1",08:50,"11,5","1017,1",23,"1014,8",04
2019-09-14,C619Y,LA ALDEA DE SAN NICOLÁS,LAS PALMAS,13,"22,8","0,0","17,0",07:30,"28,5",13:10,99,"4,7","13,9",Varias,"11,4","1016,9",22,"1015,0",16
2019-09-15,C619Y,LA ALDEA DE SAN NICOLÁS,LAS PALMAS,13,"23,4","0,0","16,7",06:50,"30,1",12:10,25,"2,8","10,0",13:30,"11,2","1016,9",10,"1014,9",15
2019-09-16,C619Y,LA ALDEA DE SAN NICOLÁS,LAS PALMAS,13,"25,8","1,6","21,7",,"29,8",09:30,28,"2,8","17,5",05:40,"1,2","1017,8",06,"1013,2",09
2019-09-17,C619Y,LA ALDEA DE SAN NICOLÁS,LAS PALMAS,13,"23,4","0,0","19,7",07:00,"27,0",12:30,03,"5,8","15,8",13:30,"11,0","1015,3",23,"1013,4",Varias
2019-09-18,C619Y,LA ALDEA DE SAN NICOLÁS,LAS PALMAS,13,"22,7","0,0","17,6",07:30,"27,8",13:40,02,"5,3","15,3",16:50,"11,4","1015,5",22,"1013,3",04
2019-09-19,C619Y,LA ALDEA DE SAN NICOLÁS,LAS PALMAS,13,"22,8","0,0","19,1",03:20,"26,5",14:40,04,"7,2","18,1",19:20,"11,3","1015,8",11,"1013,6",16
2019-09-20,C619Y,LA ALDEA DE SAN NICOLÁS,LAS PALMAS,13,"23,1","0,0","19,3",06:00,"26,9",12:50,01,"6,4","17,5",17:30,"11,3","1016,5",10,"1012,9",17
2019-09-21,C619Y,LA ALDEA DE SAN NICOLÁS,LAS PALMAS,13,"23,0","0,0","17,7",06:20,"28,4",14:00,02,"5,3","12,2",15:00,"11,3","1016,5",23,"1013,6",03
2019-09-22,C619Y,LA ALDEA DE SAN NICOLÁS,LAS PALMAS,13,"23,9","0,0","19,7",07:30,"28,1",15:40,09,"5,3","18,1",20:10,"10,1","1017,6",22,"1015,0",03
2019-09-23,C619Y,LA ALDEA DE SAN NICOLÁS,LAS PALMAS,13,"25,0","0,0","22,3",Varias,"27,8",15:40,07,"6,7","18,6",17:30,"10,6","1018,7",11,"1016,1",03
2019-09-24,C619Y,LA ALDEA DE SAN NICOLÁS,LAS PALMAS,13,"24,0","0,0","20,2",04:00,"27,7",13:30,04,"7,8","18,3",17:20,"11,2","1019,7",11,"1016,5",05
2019-09-25,C619Y,LA ALDEA DE SAN NICOLÁS,LAS PALMAS,13,"23,9","0,0","21,2",23:59,"26,6",13:50,04,"10,0","17,8",15:10,"11,2","1017,8",00,"1014,7",18
2019-09-26,C619Y,LA ALDEA DE SAN NICOLÁS,LAS PALMAS,13,"23,0","0,0","18,7",05:30,"27,2",14:40,04,"8,1","18,6",17:00,"11,1","1018,1",22,"1014,6",04
2019-09-27,C619Y,LA ALDEA DE SAN NICOLÁS,LAS PALMAS,13,"23,5","0,0","19,8",07:30,"27,2",13:20,05,"7,2","18,1",16:20,"10,9","1018,2",11,"1015,9",18
2019-09-28,C619Y,LA ALDEA DE SAN NICOLÁS,LAS PALMAS,13,"22,9","0,0","18,3",07:00,"27,5",12:30,03,"5,6","17,2",18:20,"10,7","1017,3",11,"1015,3",19
2019-09-29,C619Y,LA ALDEA DE SAN NICOLÁS,LAS PALMAS,13,"24,0","0,0","18,2",07:10,"29,7",14:20,01,"5,0","14,7",18:30,"10,3","1015,9",00,"1012,6",16
2019-09-30,C619Y,LA ALDEA DE SAN NICOLÁS,LAS PALMAS,13,"24,4","0,0","19,4",04:20,"29,5",12:50,02,"6,7","20,0",16:20,"10,4","1014,1",23,"1011,7",04
2019-10-01,C619Y,LA ALDEA DE SAN NICOLÁS,LAS PALMAS,13,"25,6","0,0","17,1",07:20,"34,0",14:40,29,"3,3","12,2",16:20,"10,7","1015,6",22,"1012,4",03
2019-10-02,C619Y,LA ALDEA DE SAN NICOLÁS,LAS PALMAS,13,"23,7","0,0","17,5",06:40,"29,9",15:10,29,"3,6","7,8",12:00,"10,5","1016,7",23,"1013,7",04
2019-10-03,C619Y,LA ALDEA DE SAN NICOLÁS,LAS PALMAS,13,"22,3","0,0","17,5",07:30,"27,1",12:30,01,"9,2","21,4",16:00,"10,4","1018,3",10,"1015,8",Varias
2019-10-04,C619Y,LA ALDEA DE SAN NICOLÁS,LAS PALMAS,13,"24,0","0,0","22,2",Varias,"25,8",13:20,02,"11,9","23,3",15:10,"10,3","1016,7",00,"1013,6",Varias
2019-10-05,C619Y,LA ALDEA DE SAN NICOLÁS,LAS PALMAS,13,"24,9","0,0","22,4",23:00,"27,4",13:00,04,"9,4","23,9",12:10,"10,8","1015,8",22,"1012,8",Varias
2019-10-06,C619Y,LA ALDEA DE SAN NICOLÁS,LAS PALMAS,13,"24,1","0,0","21,7",04:00,"26,5",13:00,04,"8,6","22,2",02:50,"10,7","1016,7",11,"1014,1",04
2019-10-07,C619Y,LA ALDEA DE SAN NICOLÁS,LAS PALMAS,13,"22,4","0,0","17,4",07:20,"27,4",13:40,02,"5,6","15,6",15:40,"10,6","1016,3",10,"1013,5",04
2019-10-08,C619Y,LA ALDEA DE SAN NICOLÁS,LAS PALMAS,13,"22,2","0,0","18,0",04:00,"26,5",13:00,04,"6,4","16,7",11:30,"10,6","1016,0",22,"1013,6",15
2019-10-09,C619Y,LA ALDEA DE SAN NICOLÁS,LAS PALMAS,13,"23,0","0,0","19,5",06:30,"26,4",13:20,03,"7,2","16,1",11:40,"10,6","1016,0",23,"1014,0",17
2019-10-10,C619Y,LA ALDEA DE SAN NICOLÁS,LAS PALMAS,13,"23,1","0,0","17,5",05:00,"28,7",14:30,07,"4,4","13,6",14:40,"10,6","1016,3",11,"1013,4",16
2019-10-11,C619Y,LA ALDEA DE SAN NICOLÁS,LAS PALMAS,13,"22,8","0,0","17,6",06:50,"28,0",16:20,07,"4,2","11,7",19:30,"10,7","1016,7",11,"1014,2",16
2019-10-12,C619Y,LA ALDEA DE SAN NICOLÁS,LAS PALMAS,13,"23,6","0,0","19,6",23:59,"27,7",16:40,06,"4,4","11,4",16:40,"8,9","1016,1",10,"1013,4",Varias
2019-10-13,C619Y,LA ALDEA DE SAN NICOLÁS,LAS PALMAS,13,"22,2","0,0","17,6",02:00,"26,9",14:50,06,"2,5","9,2",22:00,"10,1","1017,9",Varias,"1013,5",04
2019-10-14,C619Y,LA ALDEA DE SAN NICOLÁS,LAS PALMAS,13,"22,5","0,0","18,8",05:20,"26,2",15:00,06,"6,1","19,2",13:30,"10,5","1019,7",Varias,"1016,6",04
2019-10-15,C619Y,LA ALDEA DE SAN NICOLÁS,LAS PALMAS,13,"21,5","0,0","16,1",07:20,"26,9",13:10,04,"4,7","15,6",16:40,"9,8","1020,4",11,"1017,2",Varias
2019-10-16,C619Y,LA ALDEA DE SAN NICOLÁS,LAS PALMAS,13,"21,5","0,0","18,1",07:00,"24,9",13:10,06,"3,3","11,4",23:30,"0,4","1020,2",11,"1017,6",Varias
2019-10-17,C619Y,LA ALDEA DE SAN NICOLÁS,LAS PALMAS,13,"22,7","0,0","19,4",05:20,"26,0",13:50,04,"7,5","15,8",14:30,"10,2","1020,3",10,"1017,5",18
2019-10-18,C619Y,LA ALDEA DE SAN NICOLÁS,LAS PALMAS,13,"23,2","0,0","19,4",06:30,"26,9",13:50,06,"4,7","15,8",13:30,"10,4","1019,5",00,"1015,9",17
2019-10-19,C619Y,LA ALDEA DE SAN NICOLÁS,LAS PALMAS,13,"23,1","0,0","18,0",01:50,"28,2",13:30,06,"4,7","16,4",19:40,"10,3","1016,7",00,"1013,4",17
2019-10-20,C619Y,LA ALDEA DE SAN NICOLÁS,LAS PALMAS,13,"24,0","0,0","21,1",07:50,"27,0",11:00,04,"7,8","18,3",17:20,"9,6","1015,9",22,"1012,9",16
2019-10-21,C619Y,LA ALDEA DE SAN NICOLÁS,LAS PALMAS,13,"23,9","0,0","20,3",23:50,"27,5",14:20,10,"5,8","17,8",11:40,"8,8","1018,3",22,"1014,1",03
2019-10-22,C619Y,LA ALDEA DE SAN NICOLÁS,LAS PALMAS,13,"23,2","0,4","19,3",05:30,"27,1",14:40,09,"4,7","14,7",10:40,"4,8","1018,8",11,"1015,6",17
2019-10-23,C619Y,LA ALDEA DE SAN NICOLÁS,LAS PALMAS,13,"21,2","0,6","16,5",23:59,"25,9",14:10,07,"6,1","13,6",13:30,"4,8","1017,5",11,"1014,4",Varias
2019-10-24,C619Y,LA ALDEA DE SAN NICOLÁS,LAS PALMAS,13,"18,7","0,0","13,2",07:20,"24,2",15:50,99,"2,5","6,1",12:50,"9,7","1017,2",11,"1014,1",17
2019-10-25,C619Y,LA ALDEA DE SAN NICOLÁS,LAS PALMAS,13,"20,1","0,0","15,3",06:00,"24,9",12:40,99,"2,8","7,2",13:40,"0,5","1016,4",23,"1013,6",04
2019-10-26,C619Y,LA ALDEA DE SAN NICOLÁS,LAS PALMAS,13,"24,0","0,2","18,5",04:00,"29,6",16:50,36,"2,2","13,3",08:40,"3,3","1019,2",13,"1014,4",05
2019-10-27,C619Y,LA ALDEA DE SAN NICOLÁS,LAS PALMAS,13,"27,0","0,0","22,5",23:50,"31,5",12:30,01,"3,3","10,8",13:20,"0,8","1018,0",11,"1015,1",20
2019-10-28,C619Y,LA ALDEA DE SAN NICOLÁS,LAS PALMAS,13,"23,8","0,0","18,6",07:20,"29,1",15:00,24,"2,2","6,7",15:30,"9,5","1017,8",11,"1014,8",18
2019-10-29,C619Y,LA ALDEA DE SAN NICOLÁS,LAS PALMAS,13,"22,8","0,0","17,9",07:40,"27,6",13:00,04,"3,3","10,3",19:00,"9,9","1018,8",23,"1014,6",04
2019-10-30,C619Y,LA ALDEA DE SAN NICOLÁS,LAS PALMAS,13,"23,8","0,0","17,8",07:30,"29,9",16:00,04,"6,1","15,0",23:50,"10,0","1021,8",24,"1017,5",04
2019-10-31,C619Y,LA ALDEA DE SAN NICOLÁS,LAS PALMAS,13,"24,2","0,0","22,8",05:50,"25,7",00:10,36,"10,8","21,4",14:30,"10,2","1023,0",10,"1020,3",17
2019-11-01,C619Y,LA ALDEA DE SAN NICOLÁS,LAS PALMAS,13,"24,2","0,0","22,3",22:00,"26,2",13:30,04,"10,0","23,1",21:40,"10,2","1023,1",10,"1020,0",17
2019-11-02,C619Y,LA ALDEA DE SAN NICOLÁS,LAS PALMAS,13,"23,2","0,0","21,5",23:10,"24,9",14:40,01,"11,7","19,7",13:40,"9,8","1021,1",00,"1016,6",17
2019-11-03,C619Y,LA ALDEA DE SAN NICOLÁS,LAS PALMAS,13,"23,0","0,0","18,8",06:00,"27,2",15:10,04,"6,9","18,1",15:50,"9,9","1020,9",11,"1018,7",04
2019-11-04,C619Y,LA ALDEA DE SAN NICOLÁS,LAS PALMAS,13,"24,5","0,0","21,1",05:00,"27,9",13:40,10,"6,9","18,6",15:10,"8,8","1022,5",22,"1019,3",Varias
2019-11-05,C619Y,LA ALDEA DE SAN NICOLÁS,LAS PALMAS,13,"23,4","1,2","19,5",20:50,"27,3",13:20,09,"6,7","20,0",20:40,"6,8","1022,8",11,"1019,4",17
2019-11-06,C619Y,LA ALDEA DE SAN NICOLÁS,LAS PALMAS,13,"22,8","0,4","19,7",03:50,"25,9",13:10,14,"5,8","18,3",10:30,"5,9","1020,6",00,"1016,3",17
2019-11-07,C619Y,LA ALDEA DE SAN NICOLÁS,LAS PALMAS,13,"22,8","0,0","19,4",01:50,"26,1",13:00,06,"7,2","18,3",15:20,"6,8","1017,0",10,"1013,3",15
2019-11-08,C619Y,LA ALDEA DE SAN NICOLÁS,LAS PALMAS,13,"23,5","0,0","20,4",23:59,"26,6",12:20,09,"7,8","18,6",15:10,"8,9","1020,1",23,"1015,7",04
2019-11-09,C619Y,LA ALDEA DE SAN NICOLÁS,LAS PALMAS,13,"22,8","0,0","19,8",23:50,"25,7",14:20,10,"6,1","21,7",14:50,"5,8","1022,2",23,"1018,6",04
2019-11-10,C619Y,LA ALDEA DE SAN NICOLÁS,LAS PALMAS,13,"22,6","0,0","19,8",07:00,"25,4",16:20,08,"7,5","19,2",03:50,"9,7","1023,5",23,"1020,0",15
2019-11-11,C619Y,LA ALDEA DE SAN NICOLÁS,LAS PALMAS,13,"22,9","0,0","20,2",07:40,"25,6",14:10,08,"8,6","24,7",12:30,"8,3","1022,8",00,"1018,7",17
2019-11-12,C619Y,LA ALDEA DE SAN NICOLÁS,LAS PALMAS,13,"23,2","0,0","20,5",23:50,"25,9",15:50,10,"9,2","23,9",05:00,"6,4","1019,0",00,"1015,0",18
2019-11-13,C619Y,LA ALDEA DE SAN NICOLÁS,LAS PALMAS,13,"22,9","0,0","20,4",06:50,"25,4",13:00,04,"9,2","23,3",00:30,"8,5","1017,8",10,"1014,4",03
2019-11-14,C619Y,LA ALDEA DE SAN NICOLÁS,LAS PALMAS,13,"22,6","0,0","20,3",01:30,"25,0",11:40,36,"8,6","18,9",01:30,"5,8","1016,5",Varias,"1013,8",16
2019-11-15,C619Y,LA ALDEA DE SAN NICOLÁS,LAS PALMAS,13,"21,7","1,2","18,5",21:00,"24,9",15:20,99,"6,4","17,8",Varias,"5,5","1017,2",11,"1014,3",07
2019-11-16,C619Y,LA ALDEA DE SAN NICOLÁS,LAS PALMAS,13,"20,6","0,6","17,1",07:50,"24,1",15:40,09,"7,5","20,0",Varias,"5,5","1019,2",11,"1015,7",04
2019-11-17,C619Y,LA ALDEA DE SAN NICOLÁS,LAS PALMAS,13,"21,8","0,0","18,0",07:20,"25,7",15:10,09,"6,4","15,3",20:20,"7,3","1021,2",10,"1017,8",16
2019-11-18,C619Y,LA ALDEA DE SAN NICOLÁS,LAS PALMAS,13,"18,5","0,0","12,5",07:30,"24,5",15:00,08,"5,3","16,7",17:50,"9,4","1020,5",10,"1017,8",16
2019-11-19,C619Y,LA ALDEA DE SAN NICOLÁS,LAS PALMAS,13,"20,3","0,2","15,6",07:00,"25,0",14:10,10,"3,3","11,7",14:00,"5,9","1019,9",00,"1016,7",17
2019-11-20,C619Y,LA ALDEA DE SAN NICOLÁS,LAS PALMAS,13,"18,0","0,0","12,6",06:40,"23,4",14:00,24,"4,4","10,0",12:20,"9,4","1017,5",00,"1014,4",Varias
2019-11-21,C619Y,LA ALDEA DE SAN NICOLÁS,LAS PALMAS,13,"19,5","0,0","15,3",03:30,"23,7",12:40,25,"3,9","11,4",14:50,"7,8","1015,8",11,"1012,4",15
2019-11-22,C619Y,LA ALDEA DE SAN NICOLÁS,LAS PALMAS,13,"20,3","0,0","15,2",03:50,"25,4",15:30,06,"3,1","11,1",11:40,"8,3","1017,4",23,"1013,3",06
2019-11-23,C619Y,LA ALDEA DE SAN NICOLÁS,LAS PALMAS,13,"21,8","1,0","17,7",01:00,"25,9",11:40,09,"4,2","14,7",18:10,"2,0","1018,6",11,"1016,1",Varias
2019-11-24,C619Y,LA ALDEA DE SAN NICOLÁS,LAS PALMAS,13,"21,8","0,0","18,9",06:20,"24,6",13:30,08,"5,6","20,8",15:40,"8,8","1019,4",11,"1016,0",15
2019-11-25,C619Y,LA ALDEA DE SAN NICOLÁS,LAS PALMAS,13,"18,4","0,0","13,4",06:00,"23,5",13:00,04,"4,7","15,3",17:30,"6,4","1018,9",11,"1016,1",17
2019-11-26,C619Y,LA ALDEA DE SAN NICOLÁS,LAS PALMAS,13,"19,0","0,0","13,3",06:30,"24,6",12:40,04,"5,6","15,0",15:40,"9,3","1017,4",10,"1015,0",05
2019-11-27,C619Y,LA ALDEA DE SAN NICOLÁS,LAS PALMAS,13,"19,2","0,0","13,5",07:50,"24,8",12:50,03,"4,7","14,4",13:50,"9,2","1016,9",11,"1014,0",16
2019-11-28,C619Y,LA ALDEA DE SAN NICOLÁS,LAS PALMAS,13,"18,4","0,0","12,1",07:20,"24,8",14:40,02,"2,8","7,8",16:00,"4,4","1016,5",10,"1012,6",16
2019-11-29,C619Y,LA ALDEA DE SAN NICOLÁS,LAS PALMAS,13,"21,0","0,0","12,8",05:50,"29,2",16:40,01,"2,5","7,5",17:10,"9,2","1016,3",22,"1013,3",01
2019-11-30,C619Y,LA ALDEA DE SAN NICOLÁS,LAS PALMAS,13,"21,4","0,0","13,4",07:40,"29,3",16:00,04,"2,5","8,9",23:10,"9,0","1018,9",11,"1015,7",04
2019-12-01,C619Y,LA ALDEA DE SAN NICOLÁS,LAS PALMAS,13,"18,4","0,0","12,2",08:10,"24,6",14:20,04,"5,8","19,2",18:00,"9,1","1020,0",10,"1017,2",17
2019-12-02,C619Y,LA ALDEA DE SAN NICOLÁS,LAS PALMAS,13,"20,8","1,2","16,7",03:00,"25,0",13:20,08,"3,9","15,3",00:50,"5,9","1018,1",00,"1013,9",Varias
2019-12-03,C619Y,LA ALDEA DE SAN NICOLÁS,LAS PALMAS,13,"20,0",,"16,8",09:20,"23,1",11:40,10,"4,4","13,6",09:50,"4,8","1018,4",23,"1013,1",05
2019-12-04,C619Y,LA ALDEA DE SAN NICOLÁS,LAS PALMAS,13,"20,2","4,6","16,2",02:50,"24,3",14:40,09,"3,1","12,2",16:40,"3,8","1019,4",11,"1013,9",24
2019-12-05,C619Y,LA ALDEA DE SAN NICOLÁS,LAS PALMAS,13,"18,5","5,0","16,5",03:10,"20,5",16:00,28,"3,1","16,1",13:40,"2,7","1014,2",01,"1010,7",15
2019-12-06,C619Y,LA ALDEA DE SAN NICOLÁS,LAS PALMAS,13,"19,4","3,0","15,9",03:30,"22,9",14:10,09,"4,4","19,7",21:20,"3,0","1018,9",Varias,"1012,8",Varias
2019-12-07,C619Y,LA ALDEA DE SAN NICOLÁS,LAS PALMAS,13,"20,4","0,0","17,6",06:50,"23,1",14:00,06,"5,0","15,8",16:00,"5,4","1024,1",23,"1018,3",01
2019-12-08,C619Y,LA ALDEA DE SAN NICOLÁS,LAS PALMAS,13,"20,6","0,0","18,1",07:20,"23,1",14:20,06,"6,7","16,4",03:10,"7,6","1025,7",11,"1022,5",16
2019-12-09,C619Y,LA ALDEA DE SAN NICOLÁS,LAS PALMAS,13,"17,5","0,0","12,5",08:20,"22,5",14:50,03,"6,4","16,1",14:20,"9,0","1026,5",10,"1023,2",Varias
2019-12-10,C619Y,LA ALDEA DE SAN NICOLÁS,LAS PALMAS,13,"17,0","0,0","10,6",06:40,"23,5",14:10,04,"5,0","16,7",20:50,"9,0","1025,5",00,"1022,1",17
2019-12-11,C619Y,LA ALDEA DE SAN NICOLÁS,LAS PALMAS,13,"18,0","0,0","11,8",07:40,"24,3",12:40,04,"6,9","20,8",21:20,"8,9","1025,6",11,"1022,4",15
2019-12-12,C619Y,LA ALDEA DE SAN NICOLÁS,LAS PALMAS,13,"21,2","0,0","18,3",23:59,"24,1",13:10,04,"9,2","20,0",03:50,"9,0","1025,5",23,"1023,0",06
2019-12-13,C619Y,LA ALDEA DE SAN NICOLÁS,LAS PALMAS,13,"18,6","0,0","15,0",23:59,"22,3",14:30,04,"9,7","18,9",07:20,"9,0","1025,4",10,"1020,9",16
2019-12-14,C619Y,LA ALDEA DE SAN NICOLÁS,LAS PALMAS,13,"17,4","0,0","11,8",06:50,"22,9",13:30,04,"2,5","10,3",11:50,"4,9","1021,7",00,"1018,0",15
2019-12-15,C619Y,LA ALDEA DE SAN NICOLÁS,LAS PALMAS,13,"16,9","0,0","12,4",06:00,"21,4",14:50,29,"2,5","8,1",14:40,"6,8","1019,0",00,"1012,2",24
2019-12-16,C619Y,LA ALDEA DE SAN NICOLÁS,LAS PALMAS,13,"18,8","0,0","14,2",07:40,"23,4",15:20,28,"4,2","14,2",13:50,"4,2","1016,4",23,"1010,5",Varias
2019-12-17,C619Y,LA ALDEA DE SAN NICOLÁS,LAS PALMAS,13,"19,1","0,0","14,2",23:59,"24,0",13:40,06,"3,3","13,6",15:40,"7,0","1019,9",23,"1016,0",Varias
2019-12-18,C619Y,LA ALDEA DE SAN NICOLÁS,LAS PALMAS,13,"17,0","0,0","12,1",Varias,"21,8",15:00,25,"4,2","9,4",13:20,"8,6","1021,6",21,"1018,5",15
2019-12-19,C619Y,LA ALDEA DE SAN NICOLÁS,LAS PALMAS,13,"17,2","0,0","12,0",07:00,"22,3",14:10,25,"3,6","10,6",13:30,"8,9","1023,0",23,"1018,9",16
2019-12-20,C619Y,LA ALDEA DE SAN NICOLÁS,LAS PALMAS,13,"16,8","0,0","11,2",08:00,"22,5",16:40,27,"2,5","7,2",16:00,"8,9","1023,3",11,"1019,9",15
2019-12-21,C619Y,LA ALDEA DE SAN NICOLÁS,LAS PALMAS,13,"17,6","0,0","11,8",07:10,"23,4",13:50,07,"4,2","16,4",22:40,"8,9","1024,2",Varias,"1021,4",03
2019-12-22,C619Y,LA ALDEA DE SAN NICOLÁS,LAS PALMAS,13,"17,9","0,0","12,4",08:40,"23,4",14:30,99,"2,8","14,2",Varias,"8,4","1024,3",11,"1020,1",24
2019-12-23,C619Y,LA ALDEA DE SAN NICOLÁS,LAS PALMAS,13,"18,0","0,0","12,7",07:50,"23,2",13:00,29,"1,9","7,2",13:20,"8,9","1021,4",Varias,"1018,4",15
2019-12-24,C619Y,LA ALDEA DE SAN NICOLÁS,LAS PALMAS,13,"19,5","0,0","11,3",03:30,"27,7",16:40,29,"2,8","7,2",11:40,"8,9","1019,2",00,"1015,5",16
2019-12-25,C619Y,LA ALDEA DE SAN NICOLÁS,LAS PALMAS,13,"18,6","0,0","12,7",05:20,"24,4",11:30,01,"3,6","11,9",19:20,"3,5","1018,8",10,"1016,8",04
2019-12-26,C619Y,LA ALDEA DE SAN NICOLÁS,LAS PALMAS,13,"19,2","0,0","13,2",23:50,"25,3",12:30,24,"3,1","8,6",16:30,"5,0","1019,0",11,"1015,7",15
2019-12-27,C619Y,LA ALDEA DE SAN NICOLÁS,LAS PALMAS,13,"18,0","0,0","10,8",04:00,"25,3",13:50,25,"2,5","6,1",13:30,"8,9","1019,2",23,"1016,3",15
2019-12-28,C619Y,LA ALDEA DE SAN NICOLÁS,LAS PALMAS,13,"18,4","0,0","10,9",04:20,"25,9",16:30,27,"3,6","7,2",15:30,"8,9","1019,0",23,"1016,6",Varias
2019-12-29,C619Y,LA ALDEA DE SAN NICOLÁS,LAS PALMAS,13,"18,2","0,0","9,6",07:50,"26,9",15:10,30,"2,5","6,7",16:00,"9,0","1020,9",Varias,"1017,3",15
2019-12-30,C619Y,LA ALDEA DE SAN NICOLÁS,LAS PALMAS,13,"18,3","0,0","11,1",08:10,"25,5",16:00,27,"2,8","6,4",12:30,"9,0","1023,4",23,"1020,2",05
2019-12-31,C619Y,LA ALDEA DE SAN NICOLÁS,LAS PALMAS,13,"15,2","0,0","7,6",07:50,"22,8",14:00,04,"3,6","8,1",16:20,"8,9","1024,8",Varias,"1021,9",15
2020-01-01,C619Y,LA ALDEA DE SAN NICOLÁS,LAS PALMAS,13,"16,2","0,0","9,7",08:00,"22,8",12:50,24,"2,5","6,9",14:50,"8,5","1026,8",11,"1023,6",16
2020-01-02,C619Y,LA ALDEA DE SAN NICOLÁS,LAS PALMAS,13,"16,2","0,0","10,4",07:50,"22,1",13:20,32,"2,5","8,1",13:40,"7,1","1026,7",23,"1023,6",17
2020-01-03,C619Y,LA ALDEA DE SAN NICOLÁS,LAS PALMAS,13,"15,0","0,0","8,4",05:40,"21,7",15:20,36,"2,8","6,7",15:30,"9,0","1028,4",11,"1025,2",04
2020-01-04,C619Y,LA ALDEA DE SAN NICOLÁS,LAS PALMAS,13,"15,6","0,0","9,3",08:40,"21,8",16:30,36,"2,2","5,8",11:40,"9,0","1028,5",10,"1024,8",18
2020-01-05,C619Y,LA ALDEA DE SAN NICOLÁS,LAS PALMAS,13,"15,6","0,0","8,1",08:00,"23,1",12:50,05,"3,3","17,5",16:10,"8,9","1026,4",00,"1022,6",15
2020-01-06,C619Y,LA ALDEA DE SAN NICOLÁS,LAS PALMAS,13,"19,2","0,0","15,5",01:30,"23,0",13:20,10,"6,4","16,9",14:30,"4,1","1026,2",10,"1022,2",16
2020-01-07,C619Y,LA ALDEA DE SAN NICOLÁS,LAS PALMAS,13,"18,4","0,0","15,3",07:50,"21,6",13:40,10,"4,7","16,7",01:50,"7,4","1026,0",23,"1021,9",06
2020-01-08,C619Y,LA ALDEA DE SAN NICOLÁS,LAS PALMAS,13,"17,2","0,0","11,6",08:10,"22,8",14:40,09,"5,3","13,9",18:20,"6,9","1027,4",11,"1024,4",16
2020-01-09,C619Y,LA ALDEA DE SAN NICOLÁS,LAS PALMAS,13,"19,4","0,0","15,8",04:40,"23,0",14:40,09,"6,7","18,9",12:50,"5,7","1028,2",11,"1025,3",16
2020-01-10,C619Y,LA ALDEA DE SAN NICOLÁS,LAS PALMAS,13,"21,1","0,0","17,9",00:40,"24,3",15:10,04,"5,8","17,2",16:20,"8,1","1027,4",11,"1024,3",16
2020-01-11,C619Y,LA ALDEA DE SAN NICOLÁS,LAS PALMAS,13,"19,7","0,0","16,5",22:30,"22,9",13:10,07,"6,4","19,7",15:40,"8,7","1025,6",Varias,"1022,3",15
2020-01-12,C619Y,LA ALDEA DE SAN NICOLÁS,LAS PALMAS,13,"17,4","0,0","12,6",23:59,"22,3",14:40,36,"4,4","12,8",07:10,"9,1","1024,6",00,"1020,7",14
2020-01-13,C619Y,LA ALDEA DE SAN NICOLÁS,LAS PALMAS,13,"17,3","0,0","10,1",08:30,"24,5",14:00,02,"2,5","7,2",15:50,"9,1","1022,5",11,"1019,0",16
2020-01-14,C619Y,LA ALDEA DE SAN NICOLÁS,LAS PALMAS,13,"17,5","0,0","9,3",06:40,"25,7",15:00,17,"2,2","9,4",11:40,"9,3","1021,1",24,"1017,9",15
2020-01-15,C619Y,LA ALDEA DE SAN NICOLÁS,LAS PALMAS,13,"15,6","0,0","8,5",08:00,"22,6",16:10,36,"3,1","8,6",17:00,"9,3","1023,1",23,"1019,7",05
2020-01-16,C619Y,LA ALDEA DE SAN NICOLÁS,LAS PALMAS,13,"15,6","0,0","9,1",08:20,"22,1",14:00,29,"3,1","6,4",15:30,"9,3","1027,0",24,"1022,2",03
2020-01-17,C619Y,LA ALDEA DE SAN NICOLÁS,LAS PALMAS,13,"15,2","0,0","7,7",08:20,"22,6",16:20,27,"3,3","6,1",14:40,"9,3","1028,7",11,"1025,4",17
2020-01-18,C619Y,LA ALDEA DE SAN NICOLÁS,LAS PALMAS,13,"15,8","0,0","8,3",06:40,"23,4",15:20,30,"2,8","6,1",15:10,"9,3","1029,2",10,"1025,1",18
2020-01-19,C619Y,LA ALDEA DE SAN NICOLÁS,LAS PALMAS,13,"15,6","0,0","7,9",06:00,"23,3",15:50,06,"3,9","17,5",23:30,"8,9","1026,1",00,"1020,0",24
2020-01-20,C619Y,LA ALDEA DE SAN NICOLÁS,LAS PALMAS,13,"18,8","0,0","15,7",23:40,"21,9",13:10,08,"6,9","18,3",02:50,"5,1","1020,0",00,"1014,1",15
2020-01-21,C619Y,LA ALDEA DE SAN NICOLÁS,LAS PALMAS,13,"16,2","0,0","12,2",23:59,"20,2",15:50,10,"3,1","13,9",04:00,"0,8","1016,6",Varias,"1013,6",06
2020-01-22,C619Y,LA ALDEA DE SAN NICOLÁS,LAS PALMAS,13,"14,7","0,0","9,3",06:50,"20,1",16:40,29,"2,5","6,7",15:40,"6,4","1018,3",23,"1015,7",16
2020-01-23,C619Y,LA ALDEA DE SAN NICOLÁS,LAS PALMAS,13,"16,1","0,0","11,0",07:10,"21,2",14:10,04,"3,3","8,9",13:10,"7,7","1019,8",23,"1016,6",06
2020-01-24,C619Y,LA ALDEA DE SAN NICOLÁS,LAS PALMAS,13,"14,8","0,0","8,8",05:50,"20,9",14:20,28,"2,8","6,1",13:00,"9,5","1020,9",23,"1018,0",Varias
2020-01-25,C619Y,LA ALDEA DE SAN NICOLÁS,LAS PALMAS,13,"17,6","0,0","12,3",03:00,"22,8",15:10,30,"2,2","10,6",13:20,"9,3","1024,0",24,"1019,9",04
2020-01-26,C619Y,LA ALDEA DE SAN NICOLÁS,LAS PALMAS,13,"16,8","0,0","11,5",08:00,"22,2",15:20,07,"3,6","13,3",16:50,"8,5","1025,0",11,"1021,8",Varias
2020-01-27,C619Y,LA ALDEA DE SAN NICOLÁS,LAS PALMAS,13,"15,8","0,0","9,9",07:20,"21,8",16:00,05,"4,4","12,8",17:40,"9,2","1024,1",11,"1020,1",15
2020-01-28,C619Y,LA ALDEA DE SAN NICOLÁS,LAS PALMAS,13,"15,8","0,0","8,4",08:30,"23,2",16:20,25,"3,3","7,8",13:20,"9,7","1022,2",00,"1019,2",16
2020-01-29,C619Y,LA ALDEA DE SAN NICOLÁS,LAS PALMAS,13,"17,1","0,0","9,7",07:50,"24,5",17:40,29,"2,8","7,5",13:50,"9,0","1022,4",24,"1018,8",05
2020-01-30,C619Y,LA ALDEA DE SAN NICOLÁS,LAS PALMAS,13,"19,6","0,0","13,8",08:20,"25,5",15:40,24,"3,6","7,5",13:50,"9,4","1024,2",Varias,"1021,3",Varias
2020-01-31,C619Y,LA ALDEA DE SAN NICOLÁS,LAS PALMAS,13,"18,0","0,0","12,2",06:50,"23,9",14:20,29,"3,9","8,9",13:50,"9,5","1024,6",11,"1022,2",Varias
2020-02-01,C619Y,LA ALDEA DE SAN NICOLÁS,LAS PALMAS,13,"17,2","0,0","10,5",08:00,"23,8",16:50,27,"3,9","9,2",14:30,"9,8","1023,6",00,"1020,1",16
2020-02-02,C619Y,LA ALDEA DE SAN NICOLÁS,LAS PALMAS,13,"16,8","0,0","8,7",08:00,"24,8",13:40,26,"3,6","7,2",13:50,"9,9","1021,7",11,"1019,3",16
2020-02-03,C619Y,LA ALDEA DE SAN NICOLÁS,LAS PALMAS,13,"19,4","0,0","11,4",07:20,"27,5",13:10,26,"3,1","8,9",16:10,"9,9","1021,1",00,"1017,7",15
2020-02-04,C619Y,LA ALDEA DE SAN NICOLÁS,LAS PALMAS,13,"23,4","0,0","15,9",02:00,"30,8",13:50,16,"3,9","13,6",12:40,"9,2","1020,0",00,"1016,4",16
2020-02-05,C619Y,LA ALDEA DE SAN NICOLÁS,LAS PALMAS,13,"21,4","0,0","13,2",08:20,"29,5",11:00,03,"3,6","14,2",23:00,"9,2","1018,8",Varias,"1016,0",16
2020-02-06,C619Y,LA ALDEA DE SAN NICOLÁS,LAS PALMAS,13,"18,2","0,0","13,6",06:40,"22,7",14:40,04,"6,1","15,3",18:30,"9,8","1022,5",Varias,"1017,5",05
2020-02-07,C619Y,LA ALDEA DE SAN NICOLÁS,LAS PALMAS,13,"17,7","0,0","13,0",07:50,"22,4",13:20,02,"6,1","16,4",15:00,"9,7","1024,9",11,"1021,5",03
2020-02-08,C619Y,LA ALDEA DE SAN NICOLÁS,LAS PALMAS,13,"17,0","0,0","12,8",03:10,"21,3",14:40,10,"7,8","20,6",21:30,"9,8","1027,6",24,"1023,0",16
2020-02-09,C619Y,LA ALDEA DE SAN NICOLÁS,LAS PALMAS,13,"21,3",,"18,0",07:30,"24,6",14:10,09,"7,8","22,2",17:20,"7,9","1027,4",00,"1023,8",17
2020-02-11,C619Y,LA ALDEA DE SAN NICOLÁS,LAS PALMAS,13,"18,6","0,0","10,8",06:10,"26,5",15:30,27,"3,1","7,8",15:00,"10,0","1026,0",00,"1021,0",16
2020-02-12,C619Y,LA ALDEA DE SAN NICOLÁS,LAS PALMAS,13,"17,7",,"10,2",08:00,"25,2",18:20,26,"3,1","7,8",13:50,"10,0","1022,8",Varias,"1020,0",Varias
2020-02-13,C619Y,LA ALDEA DE SAN NICOLÁS,LAS PALMAS,13,"18,0","0,0","11,3",04:00,"24,6",14:40,29,"3,1","6,4",13:50,"8,8","1022,1",11,"1018,9",Varias
2020-02-14,C619Y,LA ALDEA DE SAN NICOLÁS,LAS PALMAS,13,"19,4","0,0","12,8",04:50,"25,9",16:00,28,"3,3","8,1",10:50,"6,3","1021,7",22,"1018,5",Varias
2020-02-15,C619Y,LA ALDEA DE SAN NICOLÁS,LAS PALMAS,13,"17,8","0,0","12,1",08:00,"23,4",14:00,,"5,8",,,"9,5","1022,8",11,"1019,7",Varias
2020-02-16,C619Y,LA ALDEA DE SAN NICOLÁS,LAS PALMAS,13,"17,2","0,0","10,6",07:50,"23,9",12:50,02,"5,3","13,3",14:30,"10,2","1023,9",23,"1020,7",17
2020-02-17,C619Y,LA ALDEA DE SAN NICOLÁS,LAS PALMAS,13,"19,4","0,0","14,2",02:30,"24,5",15:40,02,"5,3","15,3",21:20,"8,7","1025,2",11,"1021,9",17
2020-02-18,C619Y,LA ALDEA DE SAN NICOLÁS,LAS PALMAS,13,"19,8","0,0","18,0",Varias,"21,7",16:00,04,"11,1","20,3",11:40,"9,9","1025,3",11,"1022,0",16
2020-02-19,C619Y,LA ALDEA DE SAN NICOLÁS,LAS PALMAS,13,"18,2","0,0","14,4",08:00,"22,1",12:10,,"10,0",,,"10,3","1023,0",00,"1018,4",17
2020-02-20,C619Y,LA ALDEA DE SAN NICOLÁS,LAS PALMAS,13,"20,0","0,0","16,9",04:30,"23,1",14:10,07,"8,1","21,7",79:40,"10,4","1020,8",12,"1017,1",18
2020-02-21,C619Y,LA ALDEA DE SAN NICOLÁS,LAS PALMAS,13,"19,0","0,0","15,1",08:20,"22,9",13:50,10,"3,6","13,6",03:10,"10,1","1020,0",00,"1016,1",18
2020-02-22,C619Y,LA ALDEA DE SAN NICOLÁS,LAS PALMAS,13,"19,3","0,0","9,7",07:00,"28,9",22:30,09,"2,8","19,7",22:40,"9,4","1018,2",00,"1011,9",21
2020-02-23,C619Y,LA ALDEA DE SAN NICOLÁS,LAS PALMAS,13,"28,8","0,0","24,4",21:20,"33,2",11:50,17,"6,9","25,0",10:50,"4,4","1016,5",22,"1010,8",05
2020-02-24,C619Y,LA ALDEA DE SAN NICOLÁS,LAS PALMAS,13,"27,2","0,2","21,5",18:40,"33,0",12:40,17,"4,7","13,1",03:40,"3,5","1022,8",22,"1015,7",00
2020-02-25,C619Y,LA ALDEA DE SAN NICOLÁS,LAS PALMAS,13,"22,4","0,0","16,5",08:10,"28,2",17:30,01,"4,7","15,3",17:40,"10,0","1023,3",09,"1019,9",18
2020-02-26,C619Y,LA ALDEA DE SAN NICOLÁS,LAS PALMAS,13,"19,2","0,0","16,1",07:00,"22,2",00:10,04,"9,2","21,1",17:10,"10,3","1021,7",Varias,"1018,5",16
2020-02-27,C619Y,LA ALDEA DE SAN NICOLÁS,LAS PALMAS,13,"19,2","0,0","15,7",06:00,"22,6",14:20,04,"6,1","18,6",00:10,"10,6","1021,3",10,"1018,1",18
2020-02-28,C619Y,LA ALDEA DE SAN NICOLÁS,LAS PALMAS,13,"18,3","0,0","13,8",08:00,"22,8",15:40,06,"5,6","16,7",23:40,"10,6","1022,3",24,"1018,3",16
2020-02-29,C619Y,LA ALDEA DE SAN NICOLÁS,LAS PALMAS,13,"18,0","0,0","12,5",07:40,"23,5",13:50,04,"5,6","17,5",17:20,"9,5","1023,1",23,"1020,0",16
2020-03-01,C619Y,LA ALDEA DE SAN NICOLÁS,LAS PALMAS,13,"18,0","0,0","12,4",07:00,"23,6",15:00,01,"5,8","17,5",16:10,"10,4","1023,1",24,"1019,4",15
2020-03-02,C619Y,LA ALDEA DE SAN NICOLÁS,LAS PALMAS,13,"20,5","0,0","16,1",08:00,"24,9",12:50,06,"6,1","20,6",19:20,"10,6","1023,8",11,"1020,8",16
2020-03-03,C619Y,LA ALDEA DE SAN NICOLÁS,LAS PALMAS,13,"17,7","0,0","12,0",07:40,"23,4",12:50,01,"5,3","16,9",14:30,"10,7","1023,5",11,"1020,4",Varias
2020-03-04,C619Y,LA ALDEA DE SAN NICOLÁS,LAS PALMAS,13,"18,4","0,0","11,6",07:30,"25,1",17:00,02,"4,7","13,6",12:40,"10,7","1022,1",00,"1018,3",17
2020-03-05,C619Y,LA ALDEA DE SAN NICOLÁS,LAS PALMAS,13,"18,8","0,0","15,0",06:30,"22,5",15:00,99,"10,3","23,6",Varias,"10,5","1022,4",23,"1019,1",Varias
2020-03-06,C619Y,LA ALDEA DE SAN NICOLÁS,LAS PALMAS,13,"19,2","0,0","17,3",07:00,"21,2",Varias,06,"15,0","26,1",09:40,"10,7","1022,2",12,"1018,8",16
2020-03-07,C619Y,LA ALDEA DE SAN NICOLÁS,LAS PALMAS,13,"19,6","0,0","17,2",05:40,"22,1",14:40,06,"9,4","22,2",04:10,"10,7","1020,0",10,"1015,5",17
2020-03-08,C619Y,LA ALDEA DE SAN NICOLÁS,LAS PALMAS,13,"20,0","0,0","12,8",07:40,"27,2",16:10,06,"4,4","16,1",00:40,"10,7","1020,2",24,"1016,0",05
2020-03-09,C619Y,LA ALDEA DE SAN NICOLÁS,LAS PALMAS,13,"20,0","0,0","12,4",07:30,"27,5",14:20,04,"3,1","12,2",00:10,"10,7","1021,8",11,"1018,8",05
2020-03-10,C619Y,LA ALDEA DE SAN NICOLÁS,LAS PALMAS,13,"18,2","0,0","10,2",07:50,"26,1",15:00,02,"3,1","11,1",15:50,"10,4","1020,3",11,"1016,9",17
2020-03-11,C619Y,LA ALDEA DE SAN NICOLÁS,LAS PALMAS,13,"19,1","0,0","10,5",03:00,"27,7",16:40,29,"3,1","8,6",12:10,"7,3","1017,8",11,"1015,1",Varias
2020-03-12,C619Y,LA ALDEA DE SAN NICOLÁS,LAS PALMAS,13,"18,4","0,0","10,2",07:20,"26,6",14:20,02,"3,6","11,9",16:30,"10,8","1017,5",Varias,"1014,6",05
2020-03-13,C619Y,LA ALDEA DE SAN NICOLÁS,LAS PALMAS,13,"19,1","0,0","14,3",07:40,"23,9",12:40,04,"6,1","18,3",18:00,"7,8","1018,7",22,"1016,3",04
2020-03-14,C619Y,LA ALDEA DE SAN NICOLÁS,LAS PALMAS,13,"19,6","0,0","15,8",05:30,"23,4",14:20,06,"6,4","17,8",Varias,"10,7","1018,3",00,"1015,9",17
2020-03-15,C619Y,LA ALDEA DE SAN NICOLÁS,LAS PALMAS,13,"21,1","1,4","16,9",07:00,"25,3",14:20,10,"5,6","16,4",18:30,"8,1","1018,9",Varias,"1016,0",04
2020-03-16,C619Y,LA ALDEA DE SAN NICOLÁS,LAS PALMAS,13,"21,3","0,0","17,0",20:30,"25,6",14:30,09,"6,9","20,0",16:40,"6,7","1019,9",11,"1016,8",17
2020-03-17,C619Y,LA ALDEA DE SAN NICOLÁS,LAS PALMAS,13,"19,6","0,2","15,4",23:59,"23,8",14:10,09,"6,9","21,1",15:50,"8,4","1020,2",10,"1016,9",18
2020-03-18,C619Y,LA ALDEA DE SAN NICOLÁS,LAS PALMAS,13,"18,8","0,2","15,0",00:30,"22,7",15:40,09,"4,2","19,4",04:30,"4,5","1018,7",00,"1015,4",17
2020-03-19,C619Y,LA ALDEA DE SAN NICOLÁS,LAS PALMAS,13,"21,3","1,4","17,6",06:00,"25,0",15:00,09,"5,3","18,9",15:00,"5,1","1018,2",22,"1014,6",03
2020-03-20,C619Y,LA ALDEA DE SAN NICOLÁS,LAS PALMAS,13,"21,7","0,0","17,7",23:50,"25,7",15:00,09,"6,1","16,4",13:00,"7,9","1020,2",22,"1015,6",05
2020-03-21,C619Y,LA ALDEA DE SAN NICOLÁS,LAS PALMAS,13,"20,0","0,0","16,5",04:50,"23,5",13:00,10,"5,3","16,7",13:30,"7,9","1021,4",10,"1017,5",17
2020-03-22,C619Y,LA ALDEA DE SAN NICOLÁS,LAS PALMAS,13,"19,9","0,8","16,4",07:50,"23,4",12:50,99,"3,1","11,1",Varias,"7,9","1018,8",00,"1010,9",24
2020-03-23,C619Y,LA ALDEA DE SAN NICOLÁS,LAS PALMAS,13,"16,6","9,8","13,7",09:50,"19,5",17:20,28,"5,3","20,0",06:00,"2,2","1014,3",22,"1008,1",06
2020-03-24,C619Y,LA ALDEA DE SAN NICOLÁS,LAS PALMAS,13,"19,6","0,0","15,3",04:50,"23,8",16:50,29,"4,7","13,3",02:50,"6,4","1016,8",22,"1013,4",Varias
2020-03-25,C619Y,LA ALDEA DE SAN NICOLÁS,LAS PALMAS,13,"20,0","0,0","16,4",23:59,"23,5",13:00,09,"3,9","12,5",20:20,"7,7","1016,7",11,"1014,5",18
2020-03-26,C619Y,LA ALDEA DE SAN NICOLÁS,LAS PALMAS,13,"18,0","0,2","13,5",07:00,"22,6",16:20,31,"2,2","7,8",15:40,"9,9","1015,7",00,"1012,5",17
2020-03-27,C619Y,LA ALDEA DE SAN NICOLÁS,LAS PALMAS,13,"19,1","0,2","15,1",06:20,"23,1",12:10,05,"3,3","10,6",21:30,"8,7","1014,5",Varias,"1011,7",18
2020-03-28,C619Y,LA ALDEA DE SAN NICOLÁS,LAS PALMAS,13,"18,4","0,0","13,8",07:50,"23,0",14:00,05,"3,9","13,1",12:20,"11,3","1018,8",24,"1013,7",Varias
2020-03-29,C619Y,LA ALDEA DE SAN NICOLÁS,LAS PALMAS,13,"17,0","0,0","11,5",07:40,"22,5",15:10,25,"2,8","6,7",13:10,"11,1","1018,8",11,"1016,4",20
2020-03-30,C619Y,LA ALDEA DE SAN NICOLÁS,LAS PALMAS,13,"18,3","0,0","12,4",07:30,"24,2",16:40,27,"5,6","12,5",14:40,"11,5","1016,6",00,"1011,6",17
2020-03-31,C619Y,LA ALDEA DE SAN NICOLÁS,LAS PALMAS,13,"18,8","0,0","13,3",07:30,"24,3",15:50,27,"4,4","9,7",14:20,"10,6","1015,6",23,"1011,1",04
2020-04-01,C619Y,LA ALDEA DE SAN NICOLÁS,LAS PALMAS,13,"19,6","0,0","14,9",07:30,"24,4",17:10,04,"4,7","10,3",12:10,"11,6","1016,5",11,"1013,9",05
2020-04-02,C619Y,LA ALDEA DE SAN NICOLÁS,LAS PALMAS,13,"17,5","0,0","12,3",07:00,"22,7",13:00,04,"3,1","7,8",01:00,"6,9","1017,1",11,"1013,6",05
2020-04-03,C619Y,LA ALDEA DE SAN NICOLÁS,LAS PALMAS,13,"20,8","0,0","16,1",07:00,"25,4",17:10,24,"3,6","14,2",14:20,"8,8","1014,3",00,"1008,2",17
2020-04-04,C619Y,LA ALDEA DE SAN NICOLÁS,LAS PALMAS,13,"22,8","0,0","19,2",23:59,"26,4",12:40,27,"4,7","10,8",14:00,"10,5","1015,0",24,"1008,2",06
2020-04-05,C619Y,LA ALDEA DE SAN NICOLÁS,LAS PALMAS,13,"20,2","0,0","15,9",07:20,"24,5",18:00,01,"2,5","9,4",21:50,"11,3","1020,0",23,"1013,7",03
2020-04-06,C619Y,LA ALDEA DE SAN NICOLÁS,LAS PALMAS,13,"22,1","0,0","18,5",05:20,"25,7",14:30,01,"6,4","13,9",17:10,"11,7","1021,1",11,"1017,9",04
2020-04-07,C619Y,LA ALDEA DE SAN NICOLÁS,LAS PALMAS,13,"20,6","0,0","15,7",07:30,"25,6",12:20,02,"4,4","16,9",21:50,"11,7","1020,5",00,"1017,4",17
2020-04-08,C619Y,LA ALDEA DE SAN NICOLÁS,LAS PALMAS,13,"21,0","0,0","16,8",07:20,"25,2",11:40,02,"5,3","17,8",13:50,"11,8","1019,7",00,"1015,7",16
2020-04-09,C619Y,LA ALDEA DE SAN NICOLÁS,LAS PALMAS,13,"21,0","0,0","17,3",07:10,"24,6",15:00,04,"7,5","21,4",12:00,"11,8","1019,6",22,"1016,5",04
2020-04-10,C619Y,LA ALDEA DE SAN NICOLÁS,LAS PALMAS,13,"23,2","0,0","20,0",06:00,"26,4",12:20,06,"6,7","21,1",13:00,"11,8","1019,3",11,"1016,1",17
2020-04-11,C619Y,LA ALDEA DE SAN NICOLÁS,LAS PALMAS,13,"22,2","0,0","19,2",23:59,"25,2",12:40,10,"5,0","20,8",17:20,"11,0","1019,4",00,"1015,6",17
2020-04-12,C619Y,LA ALDEA DE SAN NICOLÁS,LAS PALMAS,13,"22,6","0,0","18,3",06:10,"26,8",13:30,07,"4,4","15,8",00:40,"10,9","1018,4",11,"1015,6",Varias
2020-04-13,C619Y,LA ALDEA DE SAN NICOLÁS,LAS PALMAS,13,"21,4","0,0","18,0",06:50,"24,9",14:40,06,"3,6","13,6",14:20,"9,6","1017,2",00,"1012,8",17
2020-04-14,C619Y,LA ALDEA DE SAN NICOLÁS,LAS PALMAS,13,"18,8",,"13,7",06:40,"23,8",11:40,26,"4,4","12,5",14:20,"11,7","1013,8",00,"1010,4",Varias
2020-04-15,C619Y,LA ALDEA DE SAN NICOLÁS,LAS PALMAS,13,"20,8","0,0","16,4",04:40,"25,3",13:20,24,"3,1","10,3",13:50,"9,4","1015,4",23,"1011,4",02
2020-04-16,C619Y,LA ALDEA DE SAN NICOLÁS,LAS PALMAS,13,"20,3","0,0","15,5",06:50,"25,1",14:40,29,"4,2","11,1",13:10,"11,7","1016,0",22,"1013,9",Varias
2020-04-17,C619Y,LA ALDEA DE SAN NICOLÁS,LAS PALMAS,13,"20,0","0,0","15,5",05:50,"24,4",13:10,29,"2,8","7,5",13:00,"8,2","1015,4",00,"1012,8",17
2020-04-18,C619Y,LA ALDEA DE SAN NICOLÁS,LAS PALMAS,13,"21,0","1,4","15,7",06:00,"26,2",15:40,05,"3,1","13,6",14:50,"9,6","1017,9",23,"1011,9",Varias
2020-04-19,C619Y,LA ALDEA DE SAN NICOLÁS,LAS PALMAS,13,"21,5","0,0","17,4",00:40,"25,6",15:40,09,"4,7","15,8",01:50,"11,4","1020,8",24,"1016,7",Varias
2020-04-20,C619Y,LA ALDEA DE SAN NICOLÁS,LAS PALMAS,13,"22,3","0,0","18,0",Varias,"26,6",13:00,10,"6,4","18,6",16:40,"10,5","1022,1",11,"1018,8",16
2020-04-21,C619Y,LA ALDEA DE SAN NICOLÁS,LAS PALMAS,13,"21,2","0,0","18,3",07:00,"24,2",14:40,06,"5,6","21,4",17:30,"11,7","1021,2",00,"1017,9",19
2020-04-22,C619Y,LA ALDEA DE SAN NICOLÁS,LAS PALMAS,13,"20,6","0,0","17,3",06:30,"23,9",13:20,08,"4,7","18,6",18:10,"11,1","1019,5",Varias,"1013,9",19
2020-04-23,C619Y,LA ALDEA DE SAN NICOLÁS,LAS PALMAS,13,"21,1","0,0","17,7",05:10,"24,5",13:10,08,"3,9","16,7",11:30,"6,5","1015,0",00,"1011,8",17
2020-04-24,C619Y,LA ALDEA DE SAN NICOLÁS,LAS PALMAS,13,"22,0","0,0","17,8",06:00,"26,1",15:00,09,"5,6","14,2",08:10,"10,2","1017,7",24,"1012,8",05
2020-04-25,C619Y,LA ALDEA DE SAN NICOLÁS,LAS PALMAS,13,"21,8","0,0","18,2",04:30,"25,4",14:50,08,"5,3","15,3",17:20,"11,9","1018,6",11,"1016,2",03
2020-04-26,C619Y,LA ALDEA DE SAN NICOLÁS,LAS PALMAS,13,"19,5",,"14,3",07:10,"24,7",14:00,04,"3,9","10,8",13:20,"12,0","1018,0",00,"1015,6",17
2020-04-28,C619Y,LA ALDEA DE SAN NICOLÁS,LAS PALMAS,13,"20,7","0,0","15,4",05:40,"26,0",11:50,,,,,"11,0","1021,3",24,"1017,0",04
2020-04-29,C619Y,LA ALDEA DE SAN NICOLÁS,LAS PALMAS,13,"20,4","0,0","16,5",02:50,"24,4",16:10,,,,,"12,1","1023,2",23,"1018,8",05
2020-04-30,C619Y,LA ALDEA DE SAN NICOLÁS,LAS PALMAS,13,"20,6","0,0","18,2",05:00,"23,1",12:30,10,"10,0","21,4",00:50,"12,2","1023,2",23,"1020,0",17
2020-05-01,C619Y,LA ALDEA DE SAN NICOLÁS,LAS PALMAS,13,"20,7","0,0","16,9",07:20,"24,5",13:50,04,"6,4","17,2",11:40,"12,2","1023,1",00,"1018,2",16
2020-05-02,C619Y,LA ALDEA DE SAN NICOLÁS,LAS PALMAS,13,"19,2","0,0","14,5",06:20,"24,0",14:30,01,"3,6","11,7",00:10,"12,2","1019,8",00,"1013,8",18
2020-05-03,C619Y,LA ALDEA DE SAN NICOLÁS,LAS PALMAS,13,"19,6","0,0","14,0",07:00,"25,3",15:40,25,"5,8","14,7",12:50,"12,0","1014,6",00,"1009,9",17
2020-05-04,C619Y,LA ALDEA DE SAN NICOLÁS,LAS PALMAS,13,"21,5","0,0","15,2",04:20,"27,8",14:10,06,"3,1","12,8",19:20,"11,7","1017,3",23,"1012,4",04
2020-05-05,C619Y,LA ALDEA DE SAN NICOLÁS,LAS PALMAS,13,"22,4",,"19,1",06:50,"25,6",15:20,,,,,,"1017,8",23,"1015,1",04
2020-05-06,C619Y,LA ALDEA DE SAN NICOLÁS,LAS PALMAS,13,"20,6","0,0","15,2",04:50,"26,1",15:20,,"3,9",,,"11,0","1017,3",00,"1013,7",18
2020-05-07,C619Y,LA ALDEA DE SAN NICOLÁS,LAS PALMAS,13,"22,7","0,0","18,9",06:30,"26,5",15:50,08,"4,7","16,9",13:30,"12,2","1017,2",24,"1013,3",05
2020-05-08,C619Y,LA ALDEA DE SAN NICOLÁS,LAS PALMAS,13,"21,9","0,0","19,0",Varias,"24,8",12:30,,,,,"12,0","1018,2",23,"1015,7",05
2020-05-09,C619Y,LA ALDEA DE SAN NICOLÁS,LAS PALMAS,13,"23,3","0,0","17,6",04:00,"29,0",15:20,10,,"15,0",22:30,"12,2","1018,6",12,"1016,8",19
2020-05-10,C619Y,LA ALDEA DE SAN NICOLÁS,LAS PALMAS,13,"24,2","0,0","19,4",06:30,"28,9",14:00,10,"5,3","19,2",16:50,"10,3","1019,1",11,"1016,4",19
2020-05-11,C619Y,LA ALDEA DE SAN NICOLÁS,LAS PALMAS,13,"24,8","0,0","20,2",Varias,"29,3",16:30,,"4,2",,,"11,2","1017,8",Varias,"1015,7",19
2020-05-12,C619Y,LA ALDEA DE SAN NICOLÁS,LAS PALMAS,13,"23,5",,"18,1",05:50,"28,9",14:40,,,,,,"1018,0",11,"1015,0",18
2020-05-13,C619Y,LA ALDEA DE SAN NICOLÁS,LAS PALMAS,13,"24,8","0,0","18,7",Varias,"30,8",14:50,,,,,"7,6","1018,1",23,"1014,4",06
2020-05-14,C619Y,LA ALDEA DE SAN NICOLÁS,LAS PALMAS,13,"23,6","0,0","18,5",Varias,"28,6",12:40,08,"4,4","12,8",13:30,"9,4","1018,7",23,"1015,8",05
2020-05-15,C619Y,LA ALDEA DE SAN NICOLÁS,LAS PALMAS,13,"22,3","0,0","18,6",04:40,"26,0",13:00,11,"4,7","15,6",19:20,"4,5","1020,0",10,"1017,7",19
2020-05-16,C619Y,LA ALDEA DE SAN NICOLÁS,LAS PALMAS,13,"22,6","0,0","18,6",04:40,"26,6",12:20,,,,,"11,2","1020,1",23,"1017,8",06
2020-05-17,C619Y,LA ALDEA DE SAN NICOLÁS,LAS PALMAS,13,"22,0","0,0","19,1",05:30,"25,0",13:40,06,"6,4","19,2",15:20,"6,0","1019,9",00,"1017,5",05
2020-05-18,C619Y,LA ALDEA DE SAN NICOLÁS,LAS PALMAS,13,"20,6","0,0","15,0",04:00,"26,1",12:50,08,"5,0","18,1",18:50,"8,9","1019,3",00,"1015,9",18
2020-05-19,C619Y,LA ALDEA DE SAN NICOLÁS,LAS PALMAS,13,"23,0","0,0","20,1",Varias,"26,0",12:10,08,,"15,6",Varias,"3,9","1017,5",23,"1015,2",05
2020-05-20,C619Y,LA ALDEA DE SAN NICOLÁS,LAS PALMAS,13,"22,0","0,0","19,4",Varias,"24,5",14:40,04,"9,4","19,7",20:40,"12,5","1019,0",22,"1014,6",05
2020-05-21,C619Y,LA ALDEA DE SAN NICOLÁS,LAS PALMAS,13,"21,2","0,0","18,8",06:00,"23,6",16:40,01,"9,4","21,1",17:00,"12,5","1020,4",23,"1017,2",04
2020-05-22,C619Y,LA ALDEA DE SAN NICOLÁS,LAS PALMAS,13,"21,2","0,0","18,1",06:00,"24,3",15:50,04,"9,4","22,2",11:30,"12,4","1019,8",09,"1016,1",Varias
2020-05-23,C619Y,LA ALDEA DE SAN NICOLÁS,LAS PALMAS,13,"22,8","0,0","16,8",06:50,"28,9",16:40,01,"5,8","21,9",01:20,"12,3","1017,9",00,"1014,1",19
2020-05-24,C619Y,LA ALDEA DE SAN NICOLÁS,LAS PALMAS,13,"24,0","0,0","17,9",05:10,"30,2",17:30,03,"5,0","13,9",07:50,"12,1","1016,3",13,"1013,2",05
2020-05-25,C619Y,LA ALDEA DE SAN NICOLÁS,LAS PALMAS,13,"23,8","0,0","15,6",06:50,"31,9",16:00,03,"3,9","14,4",19:10,"12,5","1016,1",00,"1014,0",17
2020-05-26,C619Y,LA ALDEA DE SAN NICOLÁS,LAS PALMAS,13,"24,6","0,0","16,1",06:50,"33,2",15:00,99,"4,2","12,8",Varias,"12,4","1016,4",11,"1014,0",17
2020-05-27,C619Y,LA ALDEA DE SAN NICOLÁS,LAS PALMAS,13,"21,0","0,0","15,2",06:50,"26,7",14:10,01,"3,3","12,8",18:10,"12,7","1016,6",22,"1013,5",04
2020-05-28,C619Y,LA ALDEA DE SAN NICOLÁS,LAS PALMAS,13,"20,6","0,0","15,4",06:30,"25,8",13:10,02,"5,0","15,8",14:50,"12,2","1016,3",00,"1014,1",16
2020-05-29,C619Y,LA ALDEA DE SAN NICOLÁS,LAS PALMAS,13,"21,0","0,0","17,7",04:10,"24,4",13:50,01,"5,8","16,1",13:20,"11,8","1015,6",00,"1011,6",17
2020-05-30,C619Y,LA ALDEA DE SAN NICOLÁS,LAS PALMAS,13,"22,3","0,0","20,7",05:00,"23,9",11:00,05,"3,1","10,0",01:20,"3,2","1013,4",00,"1011,0",17
2020-05-31,C619Y,LA ALDEA DE SAN NICOLÁS,LAS PALMAS,13,"22,4","0,0","18,6",06:00,"26,1",16:00,35,"4,7","11,1",16:30,"12,3","1014,5",24,"1011,2",05
2020-06-01,C619Y,LA ALDEA DE SAN NICOLÁS,LAS PALMAS,13,"22,2","0,0","16,9",06:30,"27,5",15:40,28,"5,3","11,7",14:40,"12,0","1014,9",23,"1012,7",17
2020-06-02,C619Y,LA ALDEA DE SAN NICOLÁS,LAS PALMAS,13,"22,6","0,0","16,8",05:40,"28,3",16:00,25,"4,4","13,6",12:20,"12,3","1014,7",00,"1012,3",Varias
2020-06-03,C619Y,LA ALDEA DE SAN NICOLÁS,LAS PALMAS,13,"25,4","0,0","22,1",00:20,"28,8",14:00,27,"4,4","11,4",14:20,"12,2","1014,2",23,"1011,8",17
2020-06-04,C619Y,LA ALDEA DE SAN NICOLÁS,LAS PALMAS,13,"23,2","0,0","19,0",06:10,"27,5",14:00,27,"3,3","9,4",11:10,"11,9","1014,2",23,"1011,8",Varias
2020-06-05,C619Y,LA ALDEA DE SAN NICOLÁS,LAS PALMAS,13,"25,7","2,0","19,6",04:30,"31,8",16:50,22,"4,4","14,2",18:30,"10,0","1013,9",00,"1011,3",17
2020-06-06,C619Y,LA ALDEA DE SAN NICOLÁS,LAS PALMAS,13,"25,4","0,0","21,5",23:59,"29,4",15:40,27,"3,6","11,7",16:50,"11,0","1015,6",23,"1011,7",05
2020-06-07,C619Y,LA ALDEA DE SAN NICOLÁS,LAS PALMAS,13,"22,6","0,0","17,9",06:20,"27,4",13:40,35,"4,4","12,8",16:50,"12,5","1018,0",23,"1014,6",02
2020-06-08,C619Y,LA ALDEA DE SAN NICOLÁS,LAS PALMAS,13,"24,0","0,0","19,9",06:30,"28,0",12:50,09,"5,3","17,8",13:30,"12,6","1018,3",23,"1015,9",18
2020-06-09,C619Y,LA ALDEA DE SAN NICOLÁS,LAS PALMAS,13,"23,6","0,0","19,7",04:10,"27,4",13:30,04,"6,4","18,9",19:20,"12,5","1018,2",12,"1015,5",Varias
2020-06-10,C619Y,LA ALDEA DE SAN NICOLÁS,LAS PALMAS,13,"23,8","0,0","20,9",06:00,"26,6",14:40,04,"6,7","16,1",18:40,"11,2","1019,3",12,"1017,0",18
2020-06-11,C619Y,LA ALDEA DE SAN NICOLÁS,LAS PALMAS,13,"23,7","0,0","21,0",02:20,"26,4",14:30,01,"4,4","13,6",15:00,"6,6","1018,9",13,"1016,1",19
2020-06-12,C619Y,LA ALDEA DE SAN NICOLÁS,LAS PALMAS,13,"23,2","0,0","20,5",06:40,"25,8",13:30,06,"4,4","17,5",22:20,"7,4","1018,7",11,"1015,5",22
2020-06-13,C619Y,LA ALDEA DE SAN NICOLÁS,LAS PALMAS,13,"23,0","0,0","19,2",06:30,"26,8",14:10,06,"4,2","13,1",02:10,"11,5","1020,2",23,"1015,3",02
2020-06-14,C619Y,LA ALDEA DE SAN NICOLÁS,LAS PALMAS,13,"22,4","0,4","16,6",06:10,"28,2",17:10,02,"3,9","12,8",18:10,"7,6","1021,5",12,"1018,5",18
2020-06-15,C619Y,LA ALDEA DE SAN NICOLÁS,LAS PALMAS,13,"28,4","0,0","22,0",04:00,"34,9",14:50,99,"5,3","14,4",Varias,"9,0","1022,7",23,"1018,8",03
2020-06-16,C619Y,LA ALDEA DE SAN NICOLÁS,LAS PALMAS,13,"27,0","0,0","21,8",06:50,"32,2",18:10,08,"3,9","14,2",17:50,"4,0","1022,2",00,"1019,7",20
2020-06-17,C619Y,LA ALDEA DE SAN NICOLÁS,LAS PALMAS,13,"26,0","0,0","22,9",06:40,"29,0",00:10,35,"3,6","14,2",11:40,"5,1","1020,7",00,"1015,4",19
2020-06-18,C619Y,LA ALDEA DE SAN NICOLÁS,LAS PALMAS,13,"25,4","0,0","22,2",07:00,"28,5",13:20,10,"5,3","15,8",19:40,"10,5","1018,5",23,"1014,9",05
2020-06-19,C619Y,LA ALDEA DE SAN NICOLÁS,LAS PALMAS,13,"24,7","0,0","21,8",02:50,"27,6",15:40,06,"9,4","23,1",18:40,"12,0","1020,4",23,"1016,6",05
2020-06-20,C619Y,LA ALDEA DE SAN NICOLÁS,LAS PALMAS,13,"24,0","0,0","21,4",06:50,"26,6",15:00,06,"6,4","21,4",22:00,"12,6","1021,4",24,"1018,8",03
2020-06-21,C619Y,LA ALDEA DE SAN NICOLÁS,LAS PALMAS,13,"23,9","0,0","21,2",05:50,"26,6",15:20,05,"9,4","19,7",13:10,"12,5","1021,1",Varias,"1018,7",19
2020-06-22,C619Y,LA ALDEA DE SAN NICOLÁS,LAS PALMAS,13,"23,5","0,0","21,0",04:00,"26,0",15:00,05,"10,3","19,2",12:10,"12,5","1019,5",00,"1015,2",18
2020-06-23,C619Y,LA ALDEA DE SAN NICOLÁS,LAS PALMAS,13,"23,2","0,2","20,2",06:30,"26,3",14:00,06,"9,4","21,1",12:50,"12,5","1016,8",00,"1014,0",15
2020-06-24,C619Y,LA ALDEA DE SAN NICOLÁS,LAS PALMAS,13,"24,9","0,0","21,4",06:50,"28,4",15:40,06,"8,1","22,2",11:30,"12,4","1017,7",23,"1014,4",05
2020-06-25,C619Y,LA ALDEA DE SAN NICOLÁS,LAS PALMAS,13,"24,7","0,0","21,7",04:00,"27,7",14:40,06,"8,1","23,9",19:20,"12,5","1017,7",Varias,"1015,4",04
2020-06-26,C619Y,LA ALDEA DE SAN NICOLÁS,LAS PALMAS,13,"24,4","0,2","21,4",06:00,"27,4",14:10,07,"8,6","22,8",14:50,"12,5","1017,5",23,"1015,5",16
2020-06-27,C619Y,LA ALDEA DE SAN NICOLÁS,LAS PALMAS,13,"23,4","0,0","20,7",06:00,"26,1",13:10,05,"11,1","22,2",18:10,"12,5","1017,4",00,"1015,3",18
2020-06-28,C619Y,LA ALDEA DE SAN NICOLÁS,LAS PALMAS,13,"24,6","0,2","21,9",Varias,"27,3",14:50,05,"10,0","25,3",17:40,"12,3","1017,4",Varias,"1015,1",17
2020-06-29,C619Y,LA ALDEA DE SAN NICOLÁS,LAS PALMAS,13,"24,8","0,0","21,6",04:40,"27,9",13:10,06,"8,9","25,6",18:30,"12,0","1017,2",00,"1013,1",Varias
2020-06-30,C619Y,LA ALDEA DE SAN NICOLÁS,LAS PALMAS,13,"24,4","0,0","21,9",06:00,"26,9",15:00,05,"9,4","20,0",20:10,"12,1","1014,5",00,"1011,9",17
2020-07-01,C619Y,LA ALDEA DE SAN NICOLÁS,LAS PALMAS,13,"23,9","0,0","21,5",Varias,"26,3",14:50,04,"9,7","20,8",17:40,"10,8","1014,8",23,"1012,6",Varias
2020-07-02,C619Y,LA ALDEA DE SAN NICOLÁS,LAS PALMAS,13,"23,8","0,0","21,2",04:40,"26,4",13:20,03,"11,9","23,9",16:30,"7,6","1017,2",24,"1013,8",03
2020-07-03,C619Y,LA ALDEA DE SAN NICOLÁS,LAS PALMAS,13,"23,9","0,0","21,6",Varias,"26,2",13:40,06,"11,1","26,4",10:50,"11,3","1017,6",22,"1014,7",03
2020-07-04,C619Y,LA ALDEA DE SAN NICOLÁS,LAS PALMAS,13,"23,5","0,0","21,1",Varias,"25,9",14:00,06,"12,8","27,8",04:20,"11,5","1017,4",12,"1014,6",19
2020-07-05,C619Y,LA ALDEA DE SAN NICOLÁS,LAS PALMAS,13,"23,4","0,0","21,0",04:50,"25,7",14:20,05,"10,6","23,9",00:10,"10,9","1015,8",00,"1012,0",Varias
2020-07-06,C619Y,LA ALDEA DE SAN NICOLÁS,LAS PALMAS,13,"24,4","0,0","21,8",04:00,"27,0",14:30,02,"6,9","19,4",15:00,"10,4","1012,5",00,"1009,6",15
2020-07-07,C619Y,LA ALDEA DE SAN NICOLÁS,LAS PALMAS,13,"24,9","0,0","22,3",06:50,"27,5",14:10,99,"6,4","15,8",16:50,"9,9","1013,7",Varias,"1009,9",02
2020-07-08,C619Y,LA ALDEA DE SAN NICOLÁS,LAS PALMAS,13,"27,3","0,0","22,0",05:00,"32,6",15:00,01,"8,6","21,9",16:10,"11,1","1014,8",23,"1012,5",05
2020-07-09,C619Y,LA ALDEA DE SAN NICOLÁS,LAS PALMAS,13,"23,7","0,0","21,7",Varias,"25,7",13:30,01,"11,4","22,2",13:40,"11,9","1015,3",23,"1013,4",03
2020-07-10,C619Y,LA ALDEA DE SAN NICOLÁS,LAS PALMAS,13,"23,6","0,0","21,3",03:30,"25,8",12:20,36,"10,6","21,9",17:10,"12,4","1014,7",00,"1009,9",19
2020-07-11,C619Y,LA ALDEA DE SAN NICOLÁS,LAS PALMAS,13,"23,8","0,0","21,6",05:00,"25,9",15:50,04,"11,1","21,1",14:50,"12,4","1011,5",Varias,"1009,5",05
2020-07-12,C619Y,LA ALDEA DE SAN NICOLÁS,LAS PALMAS,13,"22,8","0,0","18,0",07:00,"27,7",14:50,02,"6,4","16,9",16:50,"12,2","1015,3",24,"1011,0",03
2020-07-13,C619Y,LA ALDEA DE SAN NICOLÁS,LAS PALMAS,13,"22,7","0,0","19,5",02:00,"25,9",13:00,03,"8,1","20,8",16:20,"12,2","1016,6",11,"1014,2",03
2020-07-14,C619Y,LA ALDEA DE SAN NICOLÁS,LAS PALMAS,13,"23,4","0,0","21,0",Varias,"25,8",15:40,04,"7,8","21,1",15:00,"11,2","1016,0",00,"1011,0",18
2020-07-15,C619Y,LA ALDEA DE SAN NICOLÁS,LAS PALMAS,13,"23,8","0,0","21,5",04:00,"26,2",15:20,05,"10,0","22,8",17:20,"11,4","1012,1",00,"1009,0",05
2020-07-16,C619Y,LA ALDEA DE SAN NICOLÁS,LAS PALMAS,13,"24,1","0,0","21,5",Varias,"26,7",14:50,02,"6,9","17,5",16:40,"11,3","1013,3",Varias,"1009,6",03
2020-07-17,C619Y,LA ALDEA DE SAN NICOLÁS,LAS PALMAS,13,"24,1","0,0","21,4",05:00,"26,8",15:00,99,"6,9","16,1",Varias,"8,3","1013,7",14,"1011,2",17
2020-07-18,C619Y,LA ALDEA DE SAN NICOLÁS,LAS PALMAS,13,"24,7","0,0","20,6",06:30,"28,8",12:20,36,"6,9","18,6",20:00,"9,4","1012,9",22,"1010,9",Varias
2020-07-19,C619Y,LA ALDEA DE SAN NICOLÁS,LAS PALMAS,13,"26,2","0,0","21,9",06:30,"30,5",15:40,04,"10,0","22,2",17:50,"11,4","1012,8",23,"1010,2",18
2020-07-20,C619Y,LA ALDEA DE SAN NICOLÁS,LAS PALMAS,13,"24,2","0,0","22,3",Varias,"26,1",14:50,36,"12,5","24,7",12:20,"12,0","1013,7",22,"1011,0",05
2020-07-21,C619Y,LA ALDEA DE SAN NICOLÁS,LAS PALMAS,13,"24,1","0,0","21,8",06:10,"26,4",16:00,04,"12,5","22,5",00:10,"12,2","1015,6",24,"1012,6",Varias
2020-07-22,C619Y,LA ALDEA DE SAN NICOLÁS,LAS PALMAS,13,"24,5","0,0","22,0",06:30,"27,0",14:10,03,"10,6","21,7",15:40,"11,9","1016,5",23,"1013,6",05
2020-07-23,C619Y,LA ALDEA DE SAN NICOLÁS,LAS PALMAS,13,"24,4","0,0","21,8",Varias,"26,9",15:00,04,"11,1","21,1",14:00,"11,8","1016,4",00,"1013,4",18
2020-07-24,C619Y,LA ALDEA DE SAN NICOLÁS,LAS PALMAS,13,"24,0","0,0","21,4",05:10,"26,5",14:40,03,"11,7","23,6",15:30,"12,1","1014,8",00,"1012,7",04
2020-07-25,C619Y,LA ALDEA DE SAN NICOLÁS,LAS PALMAS,13,"24,0","0,0","21,3",Varias,"26,8",14:40,01,"11,1","23,1",11:50,"12,3","1014,7",23,"1012,7",04
2020-07-26,C619Y,LA ALDEA DE SAN NICOLÁS,LAS PALMAS,13,"24,8","0,0","22,1",Varias,"27,6",16:00,04,"10,8","22,2",10:10,"12,4","1014,0",00,"1012,0",17
2020-07-27,C619Y,LA ALDEA DE SAN NICOLÁS,LAS PALMAS,13,"24,3","0,0","21,7",06:00,"26,9",11:50,04,"10,8","21,1",03:40,"11,7","1015,1",23,"1011,7",05
2020-07-28,C619Y,LA ALDEA DE SAN NICOLÁS,LAS PALMAS,13,"24,0","0,0","21,2",06:50,"26,7",14:40,03,"10,0","23,1",22:10,"11,6","1015,0",13,"1012,8",04
2020-07-29,C619Y,LA ALDEA DE SAN NICOLÁS,LAS PALMAS,13,"24,4",,"21,6",09:20,"27,2",15:20,05,"12,2","24,4",10:20,"12,1","1013,4",Varias,"1010,7",19
2020-07-30,C619Y,LA ALDEA DE SAN NICOLÁS,LAS PALMAS,13,"23,2","0,0","19,9",07:20,"26,4",13:20,05,"6,9","19,4",01:40,"11,9","1013,6",Varias,"1009,9",Varias
2020-07-31,C619Y,LA ALDEA DE SAN NICOLÁS,LAS PALMAS,13,"23,3","0,0","19,9",06:50,"26,7",13:50,04,"5,8","16,1",15:10,"10,8","1016,7",24,"1012,2",03
2020-08-01,C619Y,LA ALDEA DE SAN NICOLÁS,LAS PALMAS,13,"24,8","0,0","22,0",07:00,"27,5",13:10,02,"6,1","16,9",14:00,"10,6","1017,5",11,"1014,8",Varias
2020-08-02,C619Y,LA ALDEA DE SAN NICOLÁS,LAS PALMAS,13,"25,0","0,0","22,8",Varias,"27,1",13:30,03,"10,3","22,8",16:20,"11,3","1016,9",11,"1014,5",16
2020-08-03,C619Y,LA ALDEA DE SAN NICOLÁS,LAS PALMAS,13,"24,0","0,0","22,2",23:59,"25,7",13:10,36,"13,3","25,0",16:40,"11,9","1016,4",00,"1013,0",20
2020-08-04,C619Y,LA ALDEA DE SAN NICOLÁS,LAS PALMAS,13,"24,8","0,0","22,0",01:00,"27,5",14:10,03,"10,3","22,5",01:30,"12,2","1013,5",Varias,"1011,1",19
2020-08-05,C619Y,LA ALDEA DE SAN NICOLÁS,LAS PALMAS,13,"24,5","0,0","22,2",07:00,"26,8",14:50,04,"8,6","19,2",00:10,"12,2","1013,6",23,"1011,0",04
2020-08-06,C619Y,LA ALDEA DE SAN NICOLÁS,LAS PALMAS,13,"25,0","0,0","22,0",04:40,"28,0",15:40,05,"6,7","16,9",01:10,"12,3","1016,8",Varias,"1012,6",Varias
2020-08-07,C619Y,LA ALDEA DE SAN NICOLÁS,LAS PALMAS,13,"25,0","0,0","22,2",06:50,"27,8",15:30,04,"7,2","19,4",23:30,"12,1","1018,2",Varias,"1015,7",04
2020-08-08,C619Y,LA ALDEA DE SAN NICOLÁS,LAS PALMAS,13,"24,4","0,0","22,2",04:00,"26,7",13:00,99,"10,3","21,4",Varias,"11,6","1018,1",00,"1015,2",16
2020-08-09,C619Y,LA ALDEA DE SAN NICOLÁS,LAS PALMAS,13,"24,4","0,0","22,2",06:00,"26,5",12:40,05,"10,0","21,4",05:50,"11,9","1016,5",00,"1013,7",16
2020-08-10,C619Y,LA ALDEA DE SAN NICOLÁS,LAS PALMAS,13,"25,4","0,0","22,4",06:00,"28,3",15:10,04,"9,4","23,3",00:30,"11,9","1014,1",00,"1011,6",19
2020-08-11,C619Y,LA ALDEA DE SAN NICOLÁS,LAS PALMAS,13,"25,8","0,0","22,4",07:00,"29,2",13:50,06,"9,7","25,8",22:50,"12,0","1014,3",Varias,"1011,7",03
2020-08-12,C619Y,LA ALDEA DE SAN NICOLÁS,LAS PALMAS,13,"25,4","0,0","22,6",02:40,"28,2",13:20,06,"11,1","23,6",08:50,"12,0","1015,3",11,"1012,7",04
2020-08-13,C619Y,LA ALDEA DE SAN NICOLÁS,LAS PALMAS,13,"24,9","0,0","22,4",Varias,"27,4",13:00,05,"10,3","22,5",03:20,"11,6","1016,6",22,"1012,9",03
2020-08-14,C619Y,LA ALDEA DE SAN NICOLÁS,LAS PALMAS,13,"25,1","0,0","22,3",05:50,"27,9",14:00,06,"10,0","21,4",15:00,"11,7","1017,3",10,"1014,7",17
2020-08-15,C619Y,LA ALDEA DE SAN NICOLÁS,LAS PALMAS,13,"24,7","0,0","22,5",07:00,"26,9",13:10,05,"9,2","22,2",21:30,"11,7","1015,7",Varias,"1013,7",16
2020-08-16,C619Y,LA ALDEA DE SAN NICOLÁS,LAS PALMAS,13,"24,6","0,0","22,3",06:00,"26,9",13:00,04,"11,9","23,9",17:30,"11,8","1015,7",11,"1013,3",04
2020-08-17,C619Y,LA ALDEA DE SAN NICOLÁS,LAS PALMAS,13,"25,7","0,0","22,1",Varias,"29,3",14:30,36,"11,1","22,2",11:50,"12,1","1014,6",00,"1011,5",16
2020-08-18,C619Y,LA ALDEA DE SAN NICOLÁS,LAS PALMAS,13,"24,4","0,0","22,5",Varias,"26,4",12:50,01,"11,9","24,4",13:30,"12,0","1013,9",00,"1011,3",18
2020-08-19,C619Y,LA ALDEA DE SAN NICOLÁS,LAS PALMAS,13,"23,8","0,0","20,8",07:20,"26,9",15:00,36,"8,3","20,3",14:30,"12,0","1013,1",00,"1008,6",19
2020-08-20,C619Y,LA ALDEA DE SAN NICOLÁS,LAS PALMAS,13,"24,4","0,0","16,5",06:40,"32,2",16:50,02,"3,9","12,5",19:40,"12,1","1011,1",12,"1008,0",04
2020-08-21,C619Y,LA ALDEA DE SAN NICOLÁS,LAS PALMAS,13,"24,2","0,0","18,0",06:00,"30,5",14:30,01,"3,9","13,9",15:10,"10,4","1014,8",22,"1009,6",05
2020-08-22,C619Y,LA ALDEA DE SAN NICOLÁS,LAS PALMAS,13,"26,2","0,0","20,4",06:50,"31,9",13:00,01,"6,4","22,8",22:00,"11,6","1016,1",22,"1012,6",02
2020-08-23,C619Y,LA ALDEA DE SAN NICOLÁS,LAS PALMAS,13,"24,8","0,0","23,0",Varias,"26,6",15:20,35,"14,2","26,1",10:30,"11,7","1015,7",00,"1012,2",19
2020-08-24,C619Y,LA ALDEA DE SAN NICOLÁS,LAS PALMAS,13,"25,2","0,0","22,7",05:00,"27,7",13:00,04,"11,4","25,8",14:00,"11,4","1012,5",00,"1008,3",16
2020-08-25,C619Y,LA ALDEA DE SAN NICOLÁS,LAS PALMAS,13,"25,2","0,0","22,5",06:20,"28,0",13:30,02,"8,9","22,5",01:50,"10,3","1010,3",22,"1007,7",16
2020-08-26,C619Y,LA ALDEA DE SAN NICOLÁS,LAS PALMAS,13,"29,0","0,0","22,4",03:10,"35,5",12:50,01,"3,3","11,9",05:40,"8,6","1013,5",24,"1008,4",06
2020-08-27,C619Y,LA ALDEA DE SAN NICOLÁS,LAS PALMAS,13,"30,6","0,0","24,7",04:40,"36,5",12:20,02,"6,9","18,1",18:30,"10,1","1013,4",00,"1011,1",17
2020-08-28,C619Y,LA ALDEA DE SAN NICOLÁS,LAS PALMAS,13,"25,6","0,0","23,1",22:40,"28,1",11:50,36,"10,6","23,9",16:20,"10,9","1012,4",10,"1010,3",16
2020-08-29,C619Y,LA ALDEA DE SAN NICOLÁS,LAS PALMAS,13,"26,8","0,0","22,7",03:50,"30,9",13:50,09,"9,7","24,4",13:00,"9,0","1011,8",10,"1008,6",16
2020-08-30,C619Y,LA ALDEA DE SAN NICOLÁS,LAS PALMAS,13,"26,3","0,0","22,3",06:30,"30,3",13:50,09,"6,7","24,2",15:10,"9,6","1012,0",23,"1008,9",04
2020-08-31,C619Y,LA ALDEA DE SAN NICOLÁS,LAS PALMAS,13,"25,6","0,0","21,7",07:00,"29,4",14:40,07,"6,1","18,9",15:30,"11,6","1012,8",Varias,"1010,1",04
2020-09-01,C619Y,LA ALDEA DE SAN NICOLÁS,LAS PALMAS,13,"25,8","0,0","23,0",06:00,"28,5",14:00,01,"5,0","13,3",14:50,"10,2","1013,0",11,"1010,9",18
2020-09-02,C619Y,LA ALDEA DE SAN NICOLÁS,LAS PALMAS,13,"23,6","0,0","18,7",07:00,"28,5",14:10,02,"5,3","15,0",12:30,"11,7","1012,6",22,"1010,6",05
2020-09-03,C619Y,LA ALDEA DE SAN NICOLÁS,LAS PALMAS,13,"23,9","0,0","18,2",07:00,"29,6",13:00,03,"4,7","14,2",18:20,"11,6","1015,5",23,"1011,0",05
2020-09-04,C619Y,LA ALDEA DE SAN NICOLÁS,LAS PALMAS,13,"23,6","0,0","18,3",07:00,"29,0",15:10,01,"5,0","15,0",13:00,"11,5","1017,6",11,"1014,2",02
2020-09-05,C619Y,LA ALDEA DE SAN NICOLÁS,LAS PALMAS,13,"25,6","0,0","22,5",07:50,"28,6",14:30,03,"6,4","15,3",18:50,"11,4","1016,7",00,"1011,9",Varias
2020-09-06,C619Y,LA ALDEA DE SAN NICOLÁS,LAS PALMAS,13,"24,0","0,0","20,1",07:00,"27,9",13:50,03,"5,8","14,2",15:50,"11,3","1013,4",00,"1009,7",19
2020-09-07,C619Y,LA ALDEA DE SAN NICOLÁS,LAS PALMAS,13,"26,8","0,0","21,8",06:50,"31,9",14:50,02,"4,4","15,0",15:00,"8,1","1012,5",23,"1010,3",15
2020-09-08,C619Y,LA ALDEA DE SAN NICOLÁS,LAS PALMAS,13,"27,2","0,0","24,1",23:59,"30,4",08:40,02,"8,3","20,3",13:20,"11,2","1014,5",22,"1010,6",Varias
2020-09-09,C619Y,LA ALDEA DE SAN NICOLÁS,LAS PALMAS,13,"27,2","0,0","23,6",23:50,"30,8",15:50,01,"9,4","21,9",14:20,"11,3","1017,2",24,"1013,6",05
2020-09-10,C619Y,LA ALDEA DE SAN NICOLÁS,LAS PALMAS,13,"25,2","0,0","22,9",Varias,"27,5",13:50,01,"11,1","21,7",11:40,"11,2","1017,3",10,"1013,4",17
2020-09-11,C619Y,LA ALDEA DE SAN NICOLÁS,LAS PALMAS,13,"24,6","0,0","22,8",05:10,"26,4",14:50,03,"10,6","20,6",07:40,"10,2","1015,2",11,"1012,0",18
2020-09-12,C619Y,LA ALDEA DE SAN NICOLÁS,LAS PALMAS,13,"24,7","0,0","21,5",06:50,"27,9",15:30,03,"5,3","17,2",00:40,"9,6","1016,2",21,"1012,5",05
2020-09-13,C619Y,LA ALDEA DE SAN NICOLÁS,LAS PALMAS,13,"24,8","0,0","22,0",23:59,"27,6",14:50,02,"3,9","9,4",20:20,"4,8","1018,2",22,"1014,7",02
2020-09-14,C619Y,LA ALDEA DE SAN NICOLÁS,LAS PALMAS,13,"23,7","0,0","18,8",07:00,"28,6",14:20,01,"5,0","16,9",16:10,"10,0","1019,0",22,"1015,9",17
2020-09-15,C619Y,LA ALDEA DE SAN NICOLÁS,LAS PALMAS,13,"27,6","0,0","22,4",04:10,"32,7",17:50,02,"8,3","19,7",19:00,"0,8","1017,4",00,"1014,7",17
2020-09-16,C619Y,LA ALDEA DE SAN NICOLÁS,LAS PALMAS,13,"29,8","0,0","24,2",02:10,"35,4",12:20,02,"5,8","18,3",23:40,"3,4","1016,0",10,"1013,3",Varias
2020-09-17,C619Y,LA ALDEA DE SAN NICOLÁS,LAS PALMAS,13,"25,6","0,0","23,5",23:50,"27,8",14:10,99,"7,5","17,8",Varias,"0,7","1014,6",09,"1011,4",04
2020-09-18,C619Y,LA ALDEA DE SAN NICOLÁS,LAS PALMAS,13,"25,0","0,0","22,9",06:50,"27,1",13:30,06,"8,1","17,2",17:50,"11,2","1016,6",Varias,"1012,8",04
2020-09-19,C619Y,LA ALDEA DE SAN NICOLÁS,LAS PALMAS,13,"23,6","0,0","17,8",07:00,"29,3",13:50,03,"4,2","16,4",17:30,"11,3","1016,8",10,"1014,4",18
2020-09-20,C619Y,LA ALDEA DE SAN NICOLÁS,LAS PALMAS,13,"23,6","0,0","17,5",06:50,"29,6",14:20,02,"4,4","12,5",17:30,"10,8","1016,2",00,"1013,6",Varias
2020-09-21,C619Y,LA ALDEA DE SAN NICOLÁS,LAS PALMAS,13,"24,4","0,0","19,4",07:00,"29,3",12:40,01,"3,3","15,8",15:20,"10,5","1016,7",12,"1014,0",19
2020-09-22,C619Y,LA ALDEA DE SAN NICOLÁS,LAS PALMAS,13,"25,6","0,0","20,0",04:30,"31,2",14:00,02,"3,9","18,9",17:10,"7,7","1015,9",10,"1012,6",17
2020-09-23,C619Y,LA ALDEA DE SAN NICOLÁS,LAS PALMAS,13,"26,0","0,0","22,7",01:40,"29,3",18:10,02,"5,6","13,9",12:40,"5,1","1014,2",10,"1011,6",19
2020-09-24,C619Y,LA ALDEA DE SAN NICOLÁS,LAS PALMAS,13,"27,2","0,0","23,4",03:00,"30,9",15:10,02,"3,6","9,7",19:00,"6,8","1017,9",22,"1010,9",01
2020-09-25,C619Y,LA ALDEA DE SAN NICOLÁS,LAS PALMAS,13,"27,3","0,0","20,9",06:30,"33,7",15:40,02,"3,1","11,1",16:10,"9,1","1019,7",23,"1016,4",03
2020-09-26,C619Y,LA ALDEA DE SAN NICOLÁS,LAS PALMAS,13,"25,8","0,0","23,1",23:59,"28,4",15:30,01,"10,3","21,9",12:10,"10,7","1019,2",00,"1015,9",16
2020-09-27,C619Y,LA ALDEA DE SAN NICOLÁS,LAS PALMAS,13,"25,6","0,0","22,3",06:40,"28,9",14:30,06,"8,3","22,8",01:40,"10,8","1017,4",00,"1013,5",17
2020-09-28,C619Y,LA ALDEA DE SAN NICOLÁS,LAS PALMAS,13,"26,2","0,0","22,6",01:20,"29,8",13:40,12,"8,3","21,7",04:50,"7,3","1015,9",11,"1012,8",05
2020-09-29,C619Y,LA ALDEA DE SAN NICOLÁS,LAS PALMAS,13,"26,2","0,0","22,8",06:40,"29,7",13:30,09,"4,4","19,7",17:30,"11,0","1017,2",23,"1013,8",Varias
2020-09-30,C619Y,LA ALDEA DE SAN NICOLÁS,LAS PALMAS,13,"24,2","0,0","20,4",02:30,"28,1",10:50,07,"5,3","18,1",20:30,"11,0","1017,8",11,"1015,1",05
2020-10-01,C619Y,LA ALDEA DE SAN NICOLÁS,LAS PALMAS,13,"25,6","0,0","22,4",05:50,"28,7",12:40,07,"7,2","21,7",16:50,"10,9","1017,2",00,"1014,2",15
2020-10-02,C619Y,LA ALDEA DE SAN NICOLÁS,LAS PALMAS,13,"26,4","0,0","21,8",04:30,"30,9",14:20,10,"6,9","19,4",21:10,"7,0","1016,2",Varias,"1013,6",18
2020-10-03,C619Y,LA ALDEA DE SAN NICOLÁS,LAS PALMAS,13,"24,2","4,6","21,1",08:20,"27,3",12:50,10,"5,3","15,8",09:30,"4,7","1015,1",11,"1012,3",17
2020-10-04,C619Y,LA ALDEA DE SAN NICOLÁS,LAS PALMAS,13,"24,8","0,0","21,1",01:40,"28,5",14:10,06,"7,5","20,0",16:30,"9,4","1016,6",22,"1011,9",04
2020-10-05,C619Y,LA ALDEA DE SAN NICOLÁS,LAS PALMAS,13,"22,6","0,0","17,5",07:00,"27,8",13:40,03,"4,2","9,2",00:10,"9,7","1018,7",22,"1014,7",03
2020-10-06,C619Y,LA ALDEA DE SAN NICOLÁS,LAS PALMAS,13,"22,8","12,4","21,2",14:50,"24,5",16:00,25,"1,7","8,3",14:20,"0,2","1020,3",11,"1016,8",07
2020-10-07,C619Y,LA ALDEA DE SAN NICOLÁS,LAS PALMAS,13,"23,7","0,2","20,3",05:00,"27,1",15:50,28,"2,5","7,5",13:00,"8,6","1018,8",11,"1016,7",03
2020-10-08,C619Y,LA ALDEA DE SAN NICOLÁS,LAS PALMAS,13,"23,8","0,0","18,6",07:00,"29,1",15:30,03,"3,6","13,6",20:10,"10,7","1019,6",23,"1017,1",Varias
2020-10-09,C619Y,LA ALDEA DE SAN NICOLÁS,LAS PALMAS,13,"24,6","0,0","22,0",03:40,"27,3",13:00,07,"8,1","18,9",09:00,"10,4","1019,9",10,"1018,2",Varias
2020-10-10,C619Y,LA ALDEA DE SAN NICOLÁS,LAS PALMAS,13,"24,0","0,0","21,6",07:50,"26,4",13:30,06,"8,9","17,5",01:50,"10,7","1018,9",09,"1015,8",17
2020-10-11,C619Y,LA ALDEA DE SAN NICOLÁS,LAS PALMAS,13,"23,2","0,0","19,1",07:20,"27,2",13:30,03,"6,1","17,5",16:10,"10,1","1016,9",00,"1013,7",16
2020-10-12,C619Y,LA ALDEA DE SAN NICOLÁS,LAS PALMAS,13,"24,3","0,0","18,2",07:00,"30,4",15:30,31,"2,8","8,3",14:50,"10,2","1014,3",10,"1012,2",17
2020-10-13,C619Y,LA ALDEA DE SAN NICOLÁS,LAS PALMAS,13,"25,2","0,0","19,1",07:00,"31,2",17:40,27,"4,2","10,6",11:00,"8,1","1016,3",11,"1012,1",03
2020-10-14,C619Y,LA ALDEA DE SAN NICOLÁS,LAS PALMAS,13,"22,8","0,0","19,3",07:30,"26,4",15:40,02,"3,6","8,9",18:30,"10,2","1017,1",Varias,"1014,4",16
2020-10-15,C619Y,LA ALDEA DE SAN NICOLÁS,LAS PALMAS,13,"22,7","0,0","19,3",04:00,"26,1",15:30,27,"3,1","9,4",10:40,"10,3","1018,1",11,"1015,5",03
2020-10-16,C619Y,LA ALDEA DE SAN NICOLÁS,LAS PALMAS,13,"23,3","0,0","19,4",07:40,"27,2",14:40,05,"3,3","12,2",20:00,"7,1","1018,4",11,"1016,2",05
2020-10-17,C619Y,LA ALDEA DE SAN NICOLÁS,LAS PALMAS,13,"22,7","0,0","19,5",23:59,"25,9",12:40,36,"3,6","8,6",10:00,"5,5","1017,4",00,"1013,9",18
2020-10-18,C619Y,LA ALDEA DE SAN NICOLÁS,LAS PALMAS,13,"22,4","0,0","18,1",07:40,"26,7",12:10,27,"3,1","9,7",15:10,"9,7","1015,6",23,"1012,6",17
2020-10-19,C619Y,LA ALDEA DE SAN NICOLÁS,LAS PALMAS,13,"24,0","0,0","18,4",06:40,"29,5",16:30,27,"4,2","13,3",11:40,"10,3","1015,6",Varias,"1013,0",05
2020-10-20,C619Y,LA ALDEA DE SAN NICOLÁS,LAS PALMAS,13,"26,5","0,0","22,3",00:40,"30,7",13:50,21,"5,3","18,6",11:50,"6,4","1014,8",10,"1011,8",17
2020-10-21,C619Y,LA ALDEA DE SAN NICOLÁS,LAS PALMAS,13,"23,1","1,2","20,1",23:59,"26,1",14:00,05,"2,8","11,1",11:30,"3,4","1015,0",23,"1012,1",07
2020-10-22,C619Y,LA ALDEA DE SAN NICOLÁS,LAS PALMAS,13,"22,4","0,4","18,0",23:59,"26,7",13:50,06,"4,2","13,6",14:20,"8,4","1019,9",24,"1014,1",Varias
2020-10-23,C619Y,LA ALDEA DE SAN NICOLÁS,LAS PALMAS,13,"20,5","0,0","14,7",07:20,"26,3",14:10,04,"5,6","17,5",16:40,"10,3","1023,2",23,"1019,5",Varias
2020-10-24,C619Y,LA ALDEA DE SAN NICOLÁS,LAS PALMAS,13,"20,0","0,0","13,4",07:10,"26,6",15:10,03,"4,2","16,7",21:50,"8,3","1023,3",11,"1020,8",16
2020-10-25,C619Y,LA ALDEA DE SAN NICOLÁS,LAS PALMAS,13,"20,5","0,0","15,8",05:30,"25,2",12:30,06,"7,2","19,4",10:40,"9,2","1022,4",10,"1020,3",Varias
2020-10-26,C619Y,LA ALDEA DE SAN NICOLÁS,LAS PALMAS,13,"22,0","0,0","17,8",05:30,"26,2",13:50,07,"7,5","18,1",08:40,"9,9","1021,7",00,"1018,6",16
2020-10-27,C619Y,LA ALDEA DE SAN NICOLÁS,LAS PALMAS,13,"22,0","0,0","17,5",04:40,"26,4",13:30,08,"5,6","20,0",12:30,"10,0","1020,9",11,"1017,2",18
2020-10-28,C619Y,LA ALDEA DE SAN NICOLÁS,LAS PALMAS,13,"23,2","0,0","20,9",03:40,"25,4",15:10,07,"7,5","18,9",16:40,"4,5","1020,5",10,"1017,3",17
2020-10-29,C619Y,LA ALDEA DE SAN NICOLÁS,LAS PALMAS,13,"22,6","0,0","18,6",05:00,"26,6",12:50,99,"5,6","17,2",Varias,"7,4","1019,1",09,"1016,1",17
2020-10-30,C619Y,LA ALDEA DE SAN NICOLÁS,LAS PALMAS,13,"21,8","0,0","17,6",06:10,"26,1",13:40,07,"5,3","14,2",02:50,"10,1","1017,9",11,"1015,4",Varias
2020-10-31,C619Y,LA ALDEA DE SAN NICOLÁS,LAS PALMAS,13,"21,9","0,0","14,9",07:40,"28,9",13:20,99,"3,1","6,1",Varias,"9,9","1020,2",11,"1016,6",04
2020-11-01,C619Y,LA ALDEA DE SAN NICOLÁS,LAS PALMAS,13,"24,6","0,0","16,3",06:50,"32,9",11:50,36,"6,1","17,5",15:10,"9,9","1019,8",11,"1016,9",15
2020-11-02,C619Y,LA ALDEA DE SAN NICOLÁS,LAS PALMAS,13,"21,0","0,0","16,1",06:00,"25,8",14:10,04,"8,6","20,8",12:40,"5,8","1020,5",23,"1017,1",Varias
2020-11-03,C619Y,LA ALDEA DE SAN NICOLÁS,LAS PALMAS,13,"22,5","0,0","18,9",23:59,"26,1",14:50,08,"7,2","18,9",10:20,"9,8","1021,0",11,"1018,2",24
2020-11-04,C619Y,LA ALDEA DE SAN NICOLÁS,LAS PALMAS,13,"21,0","0,0","16,3",05:20,"25,7",12:40,07,"8,9","17,2",15:30,"2,9","1018,3",Varias,"1013,1",24
2020-11-05,C619Y,LA ALDEA DE SAN NICOLÁS,LAS PALMAS,13,"21,2","0,0","15,9",07:40,"26,4",12:50,05,"3,1","11,4",01:00,"8,9","1013,1",00,"1007,2",16
2020-11-06,C619Y,LA ALDEA DE SAN NICOLÁS,LAS PALMAS,13,"22,5","0,0","18,3",23:00,"26,7",15:10,20,"3,3","14,7",04:40,"5,7","1016,7",Varias,"1008,6",05
2020-11-07,C619Y,LA ALDEA DE SAN NICOLÁS,LAS PALMAS,13,"20,3","0,0","15,0",07:40,"25,6",14:00,33,"2,8","6,4",13:00,"9,2","1020,9",Varias,"1016,5",02
2020-11-08,C619Y,LA ALDEA DE SAN NICOLÁS,LAS PALMAS,13,"20,4","0,0","15,3",06:50,"25,4",15:00,08,"3,9","10,6",15:10,"9,8","1021,8",10,"1019,6",15
2020-11-09,C619Y,LA ALDEA DE SAN NICOLÁS,LAS PALMAS,13,"20,6","0,0","14,7",Varias,"26,4",13:30,04,"4,2","14,4",16:20,"9,4","1021,5",10,"1018,4",17
2020-11-10,C619Y,LA ALDEA DE SAN NICOLÁS,LAS PALMAS,13,"20,0","0,0","15,4",08:00,"24,7",14:00,29,"3,1","7,5",14:10,"9,2","1019,7",00,"1016,1",17
2020-11-11,C619Y,LA ALDEA DE SAN NICOLÁS,LAS PALMAS,13,"20,0","0,0","15,7",06:00,"24,4",16:00,02,"3,6","11,7",19:10,"5,9","1017,9",22,"1015,1",17
2020-11-12,C619Y,LA ALDEA DE SAN NICOLÁS,LAS PALMAS,13,"22,7","0,0","19,4",08:00,"26,0",15:00,25,"2,2","9,7",04:10,"4,1","1017,1",10,"1014,0",05
2020-11-13,C619Y,LA ALDEA DE SAN NICOLÁS,LAS PALMAS,13,"21,7","0,0","19,3",05:20,"24,1",15:50,04,"2,2","7,2",17:10,"0,0","1018,4",11,"1014,2",16
2020-11-14,C619Y,LA ALDEA DE SAN NICOLÁS,LAS PALMAS,13,"24,7","0,0","18,0",02:50,"31,4",11:50,27,"2,5","14,7",13:10,"2,1","1015,7",Varias,"1013,1",05
2020-11-15,C619Y,LA ALDEA DE SAN NICOLÁS,LAS PALMAS,13,"24,9","0,0","18,5",23:59,"31,3",13:00,24,"4,4","10,8",12:10,"9,2","1019,2",Varias,"1014,4",04
2020-11-16,C619Y,LA ALDEA DE SAN NICOLÁS,LAS PALMAS,13,"21,9","0,0","15,8",07:00,"28,0",12:50,99,"3,1","7,8",Varias,"8,2","1020,7",10,"1018,2",03
2020-11-17,C619Y,LA ALDEA DE SAN NICOLÁS,LAS PALMAS,13,"24,7","0,0","18,9",08:00,"30,5",16:50,29,"2,8","6,7",12:00,"9,4","1021,2",10,"1018,5",04
2020-11-18,C619Y,LA ALDEA DE SAN NICOLÁS,LAS PALMAS,13,"23,5","0,0","16,3",08:00,"30,7",14:00,02,"4,7","15,0",18:30,"9,4","1022,1",Varias,"1019,8",03
2020-11-19,C619Y,LA ALDEA DE SAN NICOLÁS,LAS PALMAS,13,"22,2","0,0","18,2",23:50,"26,3",12:30,05,"5,0","15,8",04:10,"9,4","1021,9",00,"1017,5",17
2020-11-20,C619Y,LA ALDEA DE SAN NICOLÁS,LAS PALMAS,13,"20,6","0,0","14,4",07:00,"26,7",16:40,36,"2,5","8,1",16:20,"9,4","1019,2",00,"1016,2",16
2020-11-21,C619Y,LA ALDEA DE SAN NICOLÁS,LAS PALMAS,13,"20,4","0,0","14,0",08:00,"26,7",14:00,32,"2,2","5,3",13:40,"9,4","1018,9",11,"1015,6",16
2020-11-22,C619Y,LA ALDEA DE SAN NICOLÁS,LAS PALMAS,13,"20,4","0,0","14,0",07:40,"26,7",14:20,99,"2,5","6,7",11:50,"8,3","1019,4",22,"1016,9",05
2020-11-23,C619Y,LA ALDEA DE SAN NICOLÁS,LAS PALMAS,13,"20,6","0,0","13,8",07:10,"27,3",14:00,36,"2,8","6,9",16:40,"8,5","1021,0",21,"1018,0",06
2020-11-24,C619Y,LA ALDEA DE SAN NICOLÁS,LAS PALMAS,13,"20,7","0,0","14,6",04:30,"26,8",12:50,35,"3,1","7,8",15:10,"2,6","1022,0",11,"1019,4",06
2020-11-25,C619Y,LA ALDEA DE SAN NICOLÁS,LAS PALMAS,13,"19,9","0,0","13,1",07:40,"26,7",13:30,08,"2,8","17,2",09:00,"8,7","1021,0",00,"1016,9",Varias
2020-11-26,C619Y,LA ALDEA DE SAN NICOLÁS,LAS PALMAS,13,"19,6","0,0","16,9",05:10,"22,2",14:40,31,"2,2","18,1",22:40,"2,0","1018,1",00,"1011,7",17
2020-11-27,C619Y,LA ALDEA DE SAN NICOLÁS,LAS PALMAS,13,"19,9","2,2","16,5",06:30,"23,3",13:50,32,"2,8","14,4",06:20,"5,4","1015,7",10,"1012,0",Varias
2020-11-28,C619Y,LA ALDEA DE SAN NICOLÁS,LAS PALMAS,13,"19,8","6,0","15,7",07:00,"23,9",16:20,30,"2,5","10,0",04:10,"4,9","1016,9",11,"1013,9",16
2020-11-29,C619Y,LA ALDEA DE SAN NICOLÁS,LAS PALMAS,13,"18,5","3,8","16,5",03:20,"20,5",15:40,06,"2,5","11,1",10:50,"3,1","1014,5",00,"1009,4",18
2020-12-01,C619Y,LA ALDEA DE SAN NICOLÁS,LAS PALMAS,13,"19,2","6,0","17,1",07:40,"21,4",12:50,25,"3,3","10,8",13:10,"1,7","1013,9",10,"1011,6",16
2020-12-02,C619Y,LA ALDEA DE SAN NICOLÁS,LAS PALMAS,13,"20,2","1,2","16,3",23:59,"24,2",14:10,29,"2,5","7,5",03:30,"7,6","1013,7",23,"1010,6",15
2020-12-03,C619Y,LA ALDEA DE SAN NICOLÁS,LAS PALMAS,13,"19,9","0,0","15,3",03:30,"24,5",14:50,26,"3,3","7,8",16:20,"8,2","1017,1",22,"1013,1",05
2020-12-04,C619Y,LA ALDEA DE SAN NICOLÁS,LAS PALMAS,13,"18,8","0,6","14,0",08:00,"23,6",13:50,09,"2,8","13,6",16:50,"7,5","1018,1",12,"1015,6",06
2020-12-05,C619Y,LA ALDEA DE SAN NICOLÁS,LAS PALMAS,13,"19,0","4,0","16,7",19:40,"21,3",14:00,14,"3,9","16,1",20:30,"2,6","1019,2",24,"1016,2",05
2020-12-06,C619Y,LA ALDEA DE SAN NICOLÁS,LAS PALMAS,13,"19,4","0,2","16,3",02:50,"22,5",14:40,09,"5,0","16,7",12:20,"5,4","1021,7",24,"1018,6",Varias
2020-12-07,C619Y,LA ALDEA DE SAN NICOLÁS,LAS PALMAS,13,"18,8","0,0","14,8",23:59,"22,7",13:20,09,"6,4","14,2",04:00,"8,1","1024,0",23,"1020,8",05
2020-12-08,C619Y,LA ALDEA DE SAN NICOLÁS,LAS PALMAS,13,"18,6","0,0","13,9",05:00,"23,3",11:40,06,"6,1","17,5",15:10,"8,8","1025,5",11,"1022,5",18
2020-12-09,C619Y,LA ALDEA DE SAN NICOLÁS,LAS PALMAS,13,"20,6","0,2","18,1",00:10,"23,0",14:20,99,"5,8","15,8",Varias,"6,9","1024,8",11,"1021,2",15
2020-12-10,C619Y,LA ALDEA DE SAN NICOLÁS,LAS PALMAS,13,"20,8","0,0","18,2",02:10,"23,4",12:20,04,"7,8","17,5",23:30,"8,9","1024,6",11,"1021,6",05
2020-12-11,C619Y,LA ALDEA DE SAN NICOLÁS,LAS PALMAS,13,"19,6","0,0","15,1",03:30,"24,1",14:50,03,"9,7","17,5",08:10,"8,9","1023,9",11,"1020,3",17
2020-12-12,C619Y,LA ALDEA DE SAN NICOLÁS,LAS PALMAS,13,"19,0","2,4","15,5",02:20,"22,6",14:20,03,"5,0","15,3",15:40,"8,5","1022,1",00,"1017,3",18
2020-12-13,C619Y,LA ALDEA DE SAN NICOLÁS,LAS PALMAS,13,"19,8","0,2","17,3",00:50,"22,2",16:40,07,"3,6","12,5",02:10,"3,0","1018,1",00,"1014,5",Varias
2020-12-14,C619Y,LA ALDEA DE SAN NICOLÁS,LAS PALMAS,13,"20,6","0,0","17,0",00:30,"24,3",14:00,08,"4,2","12,8",20:30,"6,4","1017,9",11,"1014,9",05
2020-12-15,C619Y,LA ALDEA DE SAN NICOLÁS,LAS PALMAS,13,"20,2",,"17,3",06:00,"23,1",14:30,06,"3,3","15,3",13:30,"7,7","1019,0",Varias,"1015,7",Varias
2020-12-16,C619Y,LA ALDEA DE SAN NICOLÁS,LAS PALMAS,13,"20,4","0,6","16,8",05:50,"23,9",15:40,08,"3,9","13,6",15:40,"8,2","1022,1",11,"1018,0",04
2020-12-17,C619Y,LA ALDEA DE SAN NICOLÁS,LAS PALMAS,13,"20,6","0,0","18,3",08:00,"23,0",12:50,07,"6,9","19,7",16:50,"8,3","1023,2",11,"1020,0",05
2020-12-18,C619Y,LA ALDEA DE SAN NICOLÁS,LAS PALMAS,13,"18,4","0,0","14,5",03:00,"22,2",12:40,09,"5,6","15,8",20:20,"8,8","1022,8",12,"1019,9",Varias
2020-12-19,C619Y,LA ALDEA DE SAN NICOLÁS,LAS PALMAS,13,"18,5","0,0","13,7",04:50,"23,3",11:30,07,"4,2","15,6",17:30,"8,2","1023,6",11,"1020,6",02
2020-12-20,C619Y,LA ALDEA DE SAN NICOLÁS,LAS PALMAS,13,"18,3","0,0","13,6",08:30,"23,0",12:50,09,"3,1","12,8",00:50,"8,9","1024,2",11,"1021,6",06
2020-12-21,C619Y,LA ALDEA DE SAN NICOLÁS,LAS PALMAS,13,"17,4","0,0","12,3",07:40,"22,4",12:20,35,"2,5","5,6",13:00,"4,1","1024,6",11,"1022,1",Varias
2020-12-22,C619Y,LA ALDEA DE SAN NICOLÁS,LAS PALMAS,13,"16,7","0,0","11,0",07:50,"22,4",14:40,26,"3,1","6,4",14:10,"8,9","1023,4",Varias,"1020,1",Varias
2020-12-23,C619Y,LA ALDEA DE SAN NICOLÁS,LAS PALMAS,13,"18,6","0,0","11,5",05:30,"25,7",13:40,22,"3,1","9,7",13:40,"8,6","1020,7",00,"1016,9",16
2020-12-24,C619Y,LA ALDEA DE SAN NICOLÁS,LAS PALMAS,13,"18,9","0,0","12,0",04:10,"25,8",13:10,10,"3,1","11,9",05:00,"8,9","1017,8",00,"1011,7",24
2020-12-25,C619Y,LA ALDEA DE SAN NICOLÁS,LAS PALMAS,13,"19,0","0,0","12,0",03:00,"26,1",15:00,25,"2,2","9,2",17:00,"6,3","1011,7",00,"1007,0",15
2020-12-26,C619Y,LA ALDEA DE SAN NICOLÁS,LAS PALMAS,13,"18,6","0,0","13,3",05:00,"23,8",13:00,36,"2,8","7,8",13:10,"5,7","1014,3",22,"1010,1",05
2020-12-27,C619Y,LA ALDEA DE SAN NICOLÁS,LAS PALMAS,13,"17,6","0,0","13,0",07:50,"22,3",13:20,28,"2,5","8,1",16:00,"8,5","1015,4",Varias,"1012,6",16
2020-12-28,C619Y,LA ALDEA DE SAN NICOLÁS,LAS PALMAS,13,"17,0","0,0","11,1",07:50,"23,0",15:00,27,"3,1","7,2",14:40,"8,7","1015,0",00,"1011,9",16
2020-12-29,C619Y,LA ALDEA DE SAN NICOLÁS,LAS PALMAS,13,"16,5","0,0","10,6",05:50,"22,4",15:40,03,"2,8","9,2",17:00,"8,1","1015,6",11,"1012,9",16
2020-12-30,C619Y,LA ALDEA DE SAN NICOLÁS,LAS PALMAS,13,"16,3","0,0","11,2",07:10,"21,4",12:00,02,"3,3","9,4",15:50,"6,0","1017,5",23,"1014,2",05
2020-12-31,C619Y,LA ALDEA DE SAN NICOLÁS,LAS PALMAS,13,"17,0","0,0","12,2",03:30,"21,7",14:40,09,"5,0","14,7",10:40,"8,8","1020,7",23,"1017,0",01
2021-01-01,C619Y,LA ALDEA DE SAN NICOLÁS,LAS PALMAS,13,"18,0","0,0","13,8",22:50,"22,2",11:40,04,"6,9","15,8",14:00,"5,4","1021,1",10,"1018,1",18
2021-01-02,C619Y,LA ALDEA DE SAN NICOLÁS,LAS PALMAS,13,"16,0","0,0","11,3",02:40,"20,7",12:50,99,"3,3","10,8",00:20,"4,8","1019,0",11,"1015,1",18
2021-01-03,C619Y,LA ALDEA DE SAN NICOLÁS,LAS PALMAS,13,"16,7","0,0","13,1",06:00,"20,3",15:50,25,"2,2","6,9",16:30,"1,6","1017,4",11,"1013,5",16
2021-01-04,C619Y,LA ALDEA DE SAN NICOLÁS,LAS PALMAS,13,"18,4","0,0","14,5",02:10,"22,3",12:50,27,"2,5","11,7",20:20,"2,1","1014,9",00,"1009,7",16
2021-01-05,C619Y,LA ALDEA DE SAN NICOLÁS,LAS PALMAS,13,"20,7","0,8","16,7",07:40,"24,7",15:40,17,"1,9","10,6",00:10,"5,4","1011,5",10,"1008,2",15
2021-01-06,C619Y,LA ALDEA DE SAN NICOLÁS,LAS PALMAS,13,"21,4","4,2","20,0",01:00,"22,7",11:20,21,"6,4","19,7",13:50,"0,2","1008,9",00,"1004,8",15
2021-01-07,C619Y,LA ALDEA DE SAN NICOLÁS,LAS PALMAS,13,"21,6","1,2","20,2",04:20,"23,0",14:20,23,"6,1","25,0",11:10,"0,6","1006,7",00,"1004,0",16
2021-01-08,C619Y,LA ALDEA DE SAN NICOLÁS,LAS PALMAS,13,"17,8","6,4","14,7",19:20,"20,8",00:20,28,"2,5","16,7",02:00,"1,0","1015,5",24,"1003,5",02
2021-01-09,C619Y,LA ALDEA DE SAN NICOLÁS,LAS PALMAS,13,"16,1","2,2","13,2",04:30,"19,0",14:50,29,"2,8","16,7",03:20,"5,4","1021,5",24,"1015,2",02
2021-01-10,C619Y,LA ALDEA DE SAN NICOLÁS,LAS PALMAS,13,"16,9","5,4","13,7",05:30,"20,1",15:00,28,"4,4","17,2",02:50,"5,0","1023,1",12,"1019,8",16
2021-01-11,C619Y,LA ALDEA DE SAN NICOLÁS,LAS PALMAS,13,"16,8","4,2","14,3",01:00,"19,2",12:00,12,"3,6","16,1",04:10,"3,3","1023,7",11,"1020,7",04
2021-01-12,C619Y,LA ALDEA DE SAN NICOLÁS,LAS PALMAS,13,"15,8","0,0","12,7",04:00,"19,0",15:00,07,"3,1","12,8",19:20,"3,0","1025,3",11,"1022,0",05
2021-01-13,C619Y,LA ALDEA DE SAN NICOLÁS,LAS PALMAS,13,"16,4","0,0","11,5",06:50,"21,3",14:30,05,"4,7","13,3",15:00,"7,9","1027,3",23,"1023,9",Varias
2021-01-14,C619Y,LA ALDEA DE SAN NICOLÁS,LAS PALMAS,13,"15,7","0,0","11,9",04:10,"19,5",12:30,01,"2,8","10,6",13:40,"1,0","1027,9",11,"1025,2",16
2021-01-15,C619Y,LA ALDEA DE SAN NICOLÁS,LAS PALMAS,13,"16,5","0,0","12,0",08:40,"21,0",14:30,99,"6,4","15,8",Varias,"9,3","1026,9",11,"1023,1",16
2021-01-16,C619Y,LA ALDEA DE SAN NICOLÁS,LAS PALMAS,13,"16,2","0,0","9,8",05:50,"22,5",12:50,06,"2,8","16,4",03:00,"9,3","1024,5",11,"1021,3",16
2021-01-17,C619Y,LA ALDEA DE SAN NICOLÁS,LAS PALMAS,13,"15,0","0,0","9,3",06:40,"20,8",15:40,26,"3,9","8,9",13:10,"9,3","1025,3",10,"1022,6",06
2021-01-18,C619Y,LA ALDEA DE SAN NICOLÁS,LAS PALMAS,13,"14,2","0,0","7,0",08:20,"21,3",14:00,99,"2,2","5,8",14:30,"9,3","1025,4",22,"1022,9",Varias
2021-01-19,C619Y,LA ALDEA DE SAN NICOLÁS,LAS PALMAS,13,"14,1","0,0","7,4",07:40,"20,8",14:00,99,"3,3","7,5",12:40,"9,4","1025,0",00,"1021,2",16
2021-01-20,C619Y,LA ALDEA DE SAN NICOLÁS,LAS PALMAS,13,"15,4","0,0","10,2",08:20,"20,6",13:40,05,"2,8","12,5",23:30,"9,4","1023,1",11,"1021,1",17
2021-01-21,C619Y,LA ALDEA DE SAN NICOLÁS,LAS PALMAS,13,"17,6","0,0","12,6",01:50,"22,5",14:00,06,"5,6","15,0",22:30,"9,4","1025,0",24,"1022,2",06
2021-01-22,C619Y,LA ALDEA DE SAN NICOLÁS,LAS PALMAS,13,"18,6","0,0","15,0",23:59,"22,2",15:30,05,"6,7","15,0",10:30,"8,2","1025,5",11,"1022,8",16
2021-01-23,C619Y,LA ALDEA DE SAN NICOLÁS,LAS PALMAS,13,"17,2","0,0","12,0",07:40,"22,5",14:00,25,"2,5","7,2",14:40,"7,5","1024,5",00,"1020,4",16
2021-01-24,C619Y,LA ALDEA DE SAN NICOLÁS,LAS PALMAS,13,"17,2","0,0","12,0",06:40,"22,4",14:50,27,"3,3","7,5",12:50,"7,7","1022,1",00,"1019,0",16
2021-01-25,C619Y,LA ALDEA DE SAN NICOLÁS,LAS PALMAS,13,"16,8","0,0","10,6",08:10,"23,0",14:00,02,"5,0","13,9",19:10,"9,5","1022,8",23,"1019,8",05
2021-01-26,C619Y,LA ALDEA DE SAN NICOLÁS,LAS PALMAS,13,"17,6","0,0","10,8",08:00,"24,3",15:00,02,"5,0","14,2",12:50,"9,6","1022,7",Varias,"1019,5",16
2021-01-27,C619Y,LA ALDEA DE SAN NICOLÁS,LAS PALMAS,13,"17,2","0,0","10,1",07:00,"24,4",15:50,04,"3,3","10,3",23:10,"9,7","1021,1",11,"1018,1",16
2021-01-28,C619Y,LA ALDEA DE SAN NICOLÁS,LAS PALMAS,13,"17,1","0,0","9,3",07:30,"24,9",13:10,99,"3,1","7,2",13:40,"9,7","1021,2",24,"1018,4",06
2021-01-29,C619Y,LA ALDEA DE SAN NICOLÁS,LAS PALMAS,13,"18,0","0,0","10,6",08:10,"25,5",15:00,01,"3,6","7,2",23:59,"9,7","1023,5",24,"1019,9",06
2021-01-30,C619Y,LA ALDEA DE SAN NICOLÁS,LAS PALMAS,13,"16,6","0,0","11,4",07:20,"21,9",14:40,02,"6,9","21,1",22:30,"9,7","1024,5",11,"1021,6",Varias
2021-01-31,C619Y,LA ALDEA DE SAN NICOLÁS,LAS PALMAS,13,"19,2","0,0","17,3",05:50,"21,1",14:40,36,"11,4","22,5",15:10,"9,8","1023,6",00,"1019,1",16
2021-02-01,C619Y,LA ALDEA DE SAN NICOLÁS,LAS PALMAS,13,"20,7","0,0","14,9",23:59,"26,5",14:50,03,"5,6","20,8",06:30,"9,7","1021,1",00,"1016,1",16
2021-02-02,C619Y,LA ALDEA DE SAN NICOLÁS,LAS PALMAS,13,"17,6","0,0","12,4",07:10,"22,8",14:40,01,"2,2","11,7",22:10,"8,0","1019,3",11,"1016,4",15
2021-02-03,C619Y,LA ALDEA DE SAN NICOLÁS,LAS PALMAS,13,"16,6","0,0","11,6",08:00,"21,7",13:30,03,"4,4","11,1",Varias,"9,9","1018,5",00,"1014,6",Varias
2021-02-04,C619Y,LA ALDEA DE SAN NICOLÁS,LAS PALMAS,13,"16,7","7,6","13,1",23:59,"20,3",13:20,04,"3,9","11,1",15:10,"3,6","1014,8",00,"1008,5",17
2021-02-05,C619Y,LA ALDEA DE SAN NICOLÁS,LAS PALMAS,13,"15,0","2,4","11,2",03:30,"18,8",15:50,30,"3,1","15,8",23:40,"4,0","1015,5",24,"1007,3",06
2021-02-06,C619Y,LA ALDEA DE SAN NICOLÁS,LAS PALMAS,13,"17,9","0,6","14,6",02:20,"21,2",16:50,30,"4,2","17,2",01:00,"8,7","1020,3",Varias,"1014,7",04
2021-02-07,C619Y,LA ALDEA DE SAN NICOLÁS,LAS PALMAS,13,"18,0","0,2","14,8",07:40,"21,2",16:30,06,"3,9","12,8",15:10,"8,3","1022,3",11,"1019,5",17
2021-02-08,C619Y,LA ALDEA DE SAN NICOLÁS,LAS PALMAS,13,"17,6","0,0","13,1",02:40,"22,1",11:30,06,"3,6","10,0",19:50,"9,0","1022,1",Varias,"1018,5",16
2021-02-09,C619Y,LA ALDEA DE SAN NICOLÁS,LAS PALMAS,13,"16,9","0,0","11,8",05:00,"22,0",Varias,36,"3,1","8,3",12:50,"10,2","1021,4",11,"1018,5",16
2021-02-10,C619Y,LA ALDEA DE SAN NICOLÁS,LAS PALMAS,13,"16,8","0,0","11,0",08:00,"22,5",16:20,04,"3,3","7,2",18:20,"10,2","1021,1",Varias,"1018,7",Varias
2021-02-11,C619Y,LA ALDEA DE SAN NICOLÁS,LAS PALMAS,13,"17,8","0,0","12,3",08:00,"23,4",16:10,09,"3,3","15,6",23:50,"10,0","1021,8",11,"1019,5",06
2021-02-12,C619Y,LA ALDEA DE SAN NICOLÁS,LAS PALMAS,13,"17,9","0,0","13,0",08:10,"22,8",15:10,08,"5,0","17,8",22:40,"10,2","1022,4",10,"1020,0",16
2021-02-13,C619Y,LA ALDEA DE SAN NICOLÁS,LAS PALMAS,13,"17,1","0,0","11,6",07:50,"22,6",14:00,05,"6,1","17,5",02:30,"10,2","1022,1",00,"1019,0",16
2021-02-14,C619Y,LA ALDEA DE SAN NICOLÁS,LAS PALMAS,13,"16,4","0,0","10,5",08:00,"22,4",16:40,03,"3,3","8,1",19:40,"10,2","1020,2",Varias,"1017,9",16
2021-02-15,C619Y,LA ALDEA DE SAN NICOLÁS,LAS PALMAS,13,"17,6","0,0","10,0",06:00,"25,1",17:30,26,"3,3","10,6",10:20,"10,2","1021,3",Varias,"1018,3",03
2021-02-16,C619Y,LA ALDEA DE SAN NICOLÁS,LAS PALMAS,13,"19,4","0,0","14,2",22:50,"24,5",13:30,03,"2,5","10,0",23:50,"9,4","1022,8",11,"1018,6",18
2021-02-17,C619Y,LA ALDEA DE SAN NICOLÁS,LAS PALMAS,13,"16,9","0,0","10,0",07:30,"23,8",13:00,04,"2,8","8,6",13:30,"9,8","1020,3",Varias,"1016,5",18
2021-02-18,C619Y,LA ALDEA DE SAN NICOLÁS,LAS PALMAS,13,"16,8","0,0","9,1",07:40,"24,4",14:30,04,"3,1","11,7",17:10,"9,9","1018,4",23,"1015,5",16
2021-02-19,C619Y,LA ALDEA DE SAN NICOLÁS,LAS PALMAS,13,"15,8","0,0","8,7",07:10,"22,8",15:10,29,"2,8","6,7",13:20,"10,0","1018,8",11,"1015,9",18
2021-02-20,C619Y,LA ALDEA DE SAN NICOLÁS,LAS PALMAS,13,"17,4","0,6","10,3",05:30,"24,6",14:40,24,"5,0","15,3",15:20,"6,1","1017,3",00,"1011,6",18
2021-02-21,C619Y,LA ALDEA DE SAN NICOLÁS,LAS PALMAS,13,"18,8","0,0","14,5",23:59,"23,2",14:00,09,"4,4","13,3",00:40,"9,2","1020,4",23,"1013,2",00
2021-02-22,C619Y,LA ALDEA DE SAN NICOLÁS,LAS PALMAS,13,"16,9","0,0","11,8",06:40,"22,0",14:50,06,"3,1","11,1",22:40,"10,4","1022,9",23,"1019,1",05
2021-02-23,C619Y,LA ALDEA DE SAN NICOLÁS,LAS PALMAS,13,"17,6","0,0","11,6",08:00,"23,5",14:40,36,"3,9","11,7",14:00,"8,7","1023,4",11,"1021,2",Varias
2021-02-24,C619Y,LA ALDEA DE SAN NICOLÁS,LAS PALMAS,13,"18,4","0,0","13,0",08:00,"23,8",14:10,06,"5,8","20,0",18:40,"10,5","1024,4",23,"1020,9",04
2021-02-25,C619Y,LA ALDEA DE SAN NICOLÁS,LAS PALMAS,13,"20,0","0,0","16,4",23:59,"23,7",12:00,08,"8,6","21,9",13:30,,"1026,6",Varias,"1022,5",Varias
2021-02-26,C619Y,LA ALDEA DE SAN NICOLÁS,LAS PALMAS,13,"19,0","0,0","16,1",01:00,"21,9",13:40,10,"8,6","21,7",18:40,"6,5","1026,6",00,"1021,6",16
2021-02-27,C619Y,LA ALDEA DE SAN NICOLÁS,LAS PALMAS,13,"18,2","2,8","15,2",23:59,"21,2",13:00,09,"5,0","16,1",15:30,"5,5","1022,9",00,"1016,9",24
2021-02-28,C619Y,LA ALDEA DE SAN NICOLÁS,LAS PALMAS,13,"18,6","0,6","14,0",01:20,"23,1",14:50,09,"4,4","13,3",11:50,"8,4","1017,3",00,"1013,3",16
2021-03-01,C619Y,LA ALDEA DE SAN NICOLÁS,LAS PALMAS,13,"19,8","0,6","15,5",08:00,"24,1",13:50,10,"3,3","13,3",17:00,"9,1","1019,3",Varias,"1014,4",05
2021-03-02,C619Y,LA ALDEA DE SAN NICOLÁS,LAS PALMAS,13,"17,4","0,0","11,7",07:10,"23,2",13:30,05,"3,6","13,6",14:20,"7,9","1021,0",22,"1017,8",05
2021-03-03,C619Y,LA ALDEA DE SAN NICOLÁS,LAS PALMAS,13,"16,7","0,0","10,7",07:50,"22,7",14:00,07,"5,0","16,1",20:50,"10,5","1021,6",10,"1018,6",05
2021-03-04,C619Y,LA ALDEA DE SAN NICOLÁS,LAS PALMAS,13,"17,8","0,2","12,8",03:20,"22,8",13:30,09,"4,7","16,9",17:40,"10,7","1020,7",Varias,"1017,9",19
2021-03-05,C619Y,LA ALDEA DE SAN NICOLÁS,LAS PALMAS,13,"21,6","3,0","17,4",07:40,"25,8",13:40,09,"4,2","16,1",14:40,"7,9","1019,7",00,"1016,0",15
2021-03-06,C619Y,LA ALDEA DE SAN NICOLÁS,LAS PALMAS,13,"18,2","2,2","16,3",05:30,"20,0",16:10,09,"4,2","15,6",20:10,"0,8","1021,3",23,"1016,7",05
2021-03-07,C619Y,LA ALDEA DE SAN NICOLÁS,LAS PALMAS,13,"20,2","0,8","17,1",07:50,"23,2",13:20,10,"6,1","20,8",05:20,"6,7","1023,4",11,"1019,7",17
2021-03-08,C619Y,LA ALDEA DE SAN NICOLÁS,LAS PALMAS,13,"20,2","1,0","16,2",23:59,"24,1",14:20,10,"3,6","16,7",14:30,"4,3","1020,7",00,"1016,7",16
2021-03-09,C619Y,LA ALDEA DE SAN NICOLÁS,LAS PALMAS,13,"19,2","0,0","16,0",02:20,"22,5",14:30,10,"7,5","21,1",16:40,"6,6","1020,8",23,"1017,2",06
2021-03-10,C619Y,LA ALDEA DE SAN NICOLÁS,LAS PALMAS,13,"19,6","0,0","16,6",06:30,"22,6",13:10,06,"8,3","22,5",17:50,"10,0","1022,1",22,"1018,8",05
2021-03-11,C619Y,LA ALDEA DE SAN NICOLÁS,LAS PALMAS,13,"18,8","0,0","13,6",08:00,"24,1",15:00,05,"4,2","16,9",01:00,"10,9","1023,0",23,"1020,1",05
2021-03-12,C619Y,LA ALDEA DE SAN NICOLÁS,LAS PALMAS,13,"17,1","0,0","10,6",06:40,"23,6",13:40,01,"4,4","14,4",16:20,"9,0","1022,6",11,"1018,3",18
2021-03-13,C619Y,LA ALDEA DE SAN NICOLÁS,LAS PALMAS,13,"16,6","0,0","11,2",06:00,"21,9",Varias,05,"3,6","13,9",01:20,"7,5","1020,3",00,"1017,3",17
2021-03-14,C619Y,LA ALDEA DE SAN NICOLÁS,LAS PALMAS,13,"19,2","0,0","14,8",07:50,"23,6",14:40,99,"3,9","12,2",Varias,"11,1","1019,2",00,"1016,7",15
2021-03-15,C619Y,LA ALDEA DE SAN NICOLÁS,LAS PALMAS,13,"20,0","0,0","17,4",03:00,"22,7",13:50,07,"5,8","16,4",21:00,"10,8","1018,3",11,"1015,6",Varias
2021-03-16,C619Y,LA ALDEA DE SAN NICOLÁS,LAS PALMAS,13,"17,8","0,0","13,4",07:30,"22,3",12:40,06,"6,9","16,4",03:20,"11,1","1017,1",00,"1013,7",18
2021-03-17,C619Y,LA ALDEA DE SAN NICOLÁS,LAS PALMAS,13,"17,4","0,0","12,3",05:40,"22,5",15:10,10,"4,7","16,4",21:30,"11,1","1016,0",12,"1012,9",16
2021-03-18,C619Y,LA ALDEA DE SAN NICOLÁS,LAS PALMAS,13,"20,4","0,0","17,4",04:00,"23,4",14:30,11,"5,8","18,6",17:20,"11,2","1016,1",11,"1013,6",16
2021-03-19,C619Y,LA ALDEA DE SAN NICOLÁS,LAS PALMAS,13,"21,2","0,0","17,3",23:59,"25,0",14:40,10,"6,4","18,9",23:30,"9,0","1017,0",23,"1014,5",17
2021-03-20,C619Y,LA ALDEA DE SAN NICOLÁS,LAS PALMAS,13,"19,9","0,0","16,4",07:00,"23,4",15:30,12,"5,0","18,6",18:40,"10,7","1017,7",23,"1015,0",04
2021-03-21,C619Y,LA ALDEA DE SAN NICOLÁS,LAS PALMAS,13,"19,4","0,0","16,0",04:40,"22,7",14:50,09,"6,7","19,2",15:00,"9,9","1018,0",11,"1015,1",18
2021-03-22,C619Y,LA ALDEA DE SAN NICOLÁS,LAS PALMAS,13,"17,8","0,0","12,0",07:40,"23,6",14:00,06,"3,1","13,9",19:50,"11,2","1017,7",11,"1014,4",17
2021-03-23,C619Y,LA ALDEA DE SAN NICOLÁS,LAS PALMAS,13,"16,3","0,0","11,0",07:30,"21,6",14:20,08,"5,0","15,0",00:30,"11,3","1019,2",11,"1016,1",04
2021-03-24,C619Y,LA ALDEA DE SAN NICOLÁS,LAS PALMAS,13,"20,2","0,0","13,7",04:40,"26,7",15:40,05,"3,9","11,7",00:10,"10,3","1019,3",10,"1016,5",24
2021-03-25,C619Y,LA ALDEA DE SAN NICOLÁS,LAS PALMAS,13,"24,0","0,0","13,8",07:10,"34,2",13:00,28,"2,5","11,4",22:10,"10,0","1016,5",00,"1009,4",21
2021-03-26,C619Y,LA ALDEA DE SAN NICOLÁS,LAS PALMAS,13,"20,9","0,0","16,5",03:00,"25,3",15:50,20,"5,0","15,0",08:50,"10,6","1013,9",23,"1007,7",03
2021-03-27,C619Y,LA ALDEA DE SAN NICOLÁS,LAS PALMAS,13,"21,4","0,0","17,8",22:10,"24,9",14:50,23,"3,3","11,4",15:10,"7,7","1014,1",12,"1011,3",05
2021-03-28,C619Y,LA ALDEA DE SAN NICOLÁS,LAS PALMAS,13,"19,4","0,0","13,9",07:00,"24,9",13:40,24,"3,1","10,0",14:50,"10,6","1014,2",11,"1011,3",17
2021-03-29,C619Y,LA ALDEA DE SAN NICOLÁS,LAS PALMAS,13,"21,0","0,0","17,1",07:20,"24,9",15:40,04,"3,1","13,3",16:30,,"1015,9",23,"1011,0",04
2021-03-30,C619Y,LA ALDEA DE SAN NICOLÁS,LAS PALMAS,13,"18,5","0,0","13,0",07:20,"24,0",14:40,29,"3,1","10,3",15:00,"10,7","1015,7",00,"1010,6",17
2021-03-31,C619Y,LA ALDEA DE SAN NICOLÁS,LAS PALMAS,13,"19,8","0,0","14,4",02:40,"25,1",17:00,28,"3,3","14,2",12:30,"9,2","1013,2",24,"1009,2",05
2021-04-01,C619Y,LA ALDEA DE SAN NICOLÁS,LAS PALMAS,13,"17,7","0,0","12,6",06:50,"22,8",11:40,04,"3,9","13,3",21:30,"6,3","1018,6",23,"1013,2",00
2021-04-02,C619Y,LA ALDEA DE SAN NICOLÁS,LAS PALMAS,13,"18,8","0,0","12,6",07:20,"25,0",12:20,06,"4,7","16,1",21:00,"11,3","1018,1",00,"1015,3",18
2021-04-03,C619Y,LA ALDEA DE SAN NICOLÁS,LAS PALMAS,13,"21,2","0,0","17,5",05:50,"24,8",14:30,08,"6,4","20,3",13:50,"11,5","1017,0",00,"1013,7",17
2021-04-04,C619Y,LA ALDEA DE SAN NICOLÁS,LAS PALMAS,13,"19,2","0,0","15,5",07:40,"22,9",15:00,05,"5,3","13,3",21:50,"10,5","1016,6",00,"1014,0",16
2021-04-05,C619Y,LA ALDEA DE SAN NICOLÁS,LAS PALMAS,13,"18,1","0,0","13,3",07:20,"22,9",16:10,06,"3,1","12,8",00:10,"6,6","1016,3",11,"1014,1",16
2021-04-06,C619Y,LA ALDEA DE SAN NICOLÁS,LAS PALMAS,13,"17,8","0,0","12,0",06:30,"23,5",13:40,35,"2,8","9,4",11:50,"10,6","1016,2",Varias,"1013,2",16
2021-04-07,C619Y,LA ALDEA DE SAN NICOLÁS,LAS PALMAS,13,"18,8","0,0","13,5",05:50,"24,1",14:10,28,"3,1","7,5",13:20,"11,6","1017,4",24,"1013,6",05
2021-04-08,C619Y,LA ALDEA DE SAN NICOLÁS,LAS PALMAS,13,"19,6","0,0","13,9",07:00,"25,3",16:50,02,"2,8","8,9",17:30,"11,4","1017,9",Varias,"1015,1",18
2021-04-09,C619Y,LA ALDEA DE SAN NICOLÁS,LAS PALMAS,13,"20,0","0,0","15,0",06:20,"25,0",13:50,36,"4,7","11,9",15:20,"11,6","1016,5",00,"1014,2",Varias
2021-04-10,C619Y,LA ALDEA DE SAN NICOLÁS,LAS PALMAS,13,"20,0","0,0","15,1",07:30,"24,9",16:00,36,"5,0","11,9",12:50,"10,8","1016,0",00,"1013,5",17
2021-04-11,C619Y,LA ALDEA DE SAN NICOLÁS,LAS PALMAS,13,"18,6","0,0","12,9",06:20,"24,4",17:20,99,"3,6","9,7",Varias,"11,4","1018,4",22,"1014,3",04
2021-04-12,C619Y,LA ALDEA DE SAN NICOLÁS,LAS PALMAS,13,"20,5","0,0","15,6",07:00,"25,4",13:20,36,"3,9","13,3",11:50,"11,8","1019,7",23,"1016,1",16
2021-04-13,C619Y,LA ALDEA DE SAN NICOLÁS,LAS PALMAS,13,"21,0","0,0","15,6",06:00,"26,5",15:40,03,"3,9","12,2",16:20,"11,3","1019,5",00,"1015,3",16
2021-04-14,C619Y,LA ALDEA DE SAN NICOLÁS,LAS PALMAS,13,"22,7","0,0","17,7",07:00,"27,7",11:40,04,"4,4","13,6",15:20,"11,7","1017,7",00,"1014,4",16
2021-04-15,C619Y,LA ALDEA DE SAN NICOLÁS,LAS PALMAS,13,"23,8","0,0","19,3",05:00,"28,2",13:00,07,"5,0","13,9",13:20,"9,5","1016,4",11,"1014,1",05
2021-04-16,C619Y,LA ALDEA DE SAN NICOLÁS,LAS PALMAS,13,"23,0","0,2","19,4",04:40,"26,5",14:30,11,"5,8","15,3",22:00,"5,3","1017,2",23,"1014,2",05
2021-04-17,C619Y,LA ALDEA DE SAN NICOLÁS,LAS PALMAS,13,"22,6","0,0","18,9",06:40,"26,4",12:30,09,"6,4","20,8",17:00,"11,6","1018,5",23,"1015,9",15
2021-04-18,C619Y,LA ALDEA DE SAN NICOLÁS,LAS PALMAS,13,"21,2","0,0","18,6",06:00,"23,7",12:00,06,"6,7","20,3",21:40,"11,8","1019,2",11,"1016,6",03
2021-04-19,C619Y,LA ALDEA DE SAN NICOLÁS,LAS PALMAS,13,"20,0","0,0","16,7",06:20,"23,3",14:00,04,"8,9","20,0",18:50,"11,9","1018,7",11,"1015,5",17
2021-04-20,C619Y,LA ALDEA DE SAN NICOLÁS,LAS PALMAS,13,"21,4","0,0","18,5",06:00,"24,4",15:00,06,"8,3","21,4",17:10,"12,0","1016,7",00,"1014,6",17
2021-04-21,C619Y,LA ALDEA DE SAN NICOLÁS,LAS PALMAS,13,"21,8","0,0","18,9",06:50,"24,7",11:50,10,"6,4","19,7",Varias,"12,0","1016,6",11,"1013,3",05
2021-04-22,C619Y,LA ALDEA DE SAN NICOLÁS,LAS PALMAS,13,"20,8","0,0","16,5",07:20,"25,2",15:30,04,"5,0","15,8",01:30,"12,0","1015,8",00,"1013,7",17
2021-04-23,C619Y,LA ALDEA DE SAN NICOLÁS,LAS PALMAS,13,"21,4","0,0","16,1",05:40,"26,6",14:20,06,"3,6","11,1",03:50,"10,2","1014,9",11,"1012,3",16
2021-04-24,C619Y,LA ALDEA DE SAN NICOLÁS,LAS PALMAS,13,"22,8","0,0","19,4",05:30,"26,3",14:30,24,"4,4","13,6",15:30,"10,7","1013,6",00,"1010,2",18
2021-04-25,C619Y,LA ALDEA DE SAN NICOLÁS,LAS PALMAS,13,"20,2","0,0","16,1",07:00,"24,4",12:10,08,"3,6","10,6",00:20,"10,2","1012,0",22,"1009,3",Varias
2021-04-26,C619Y,LA ALDEA DE SAN NICOLÁS,LAS PALMAS,13,"20,1","0,0","14,5",06:40,"25,7",13:20,04,"2,5","11,4",20:20,"7,5","1012,4",10,"1010,2",05
2021-04-27,C619Y,LA ALDEA DE SAN NICOLÁS,LAS PALMAS,13,"22,6",,"19,4",06:00,"25,9",14:20,04,"4,4","9,7",13:50,,"1012,3",10,"1010,2",17
2021-04-28,C619Y,LA ALDEA DE SAN NICOLÁS,LAS PALMAS,13,"22,2","0,0","19,5",07:20,"25,0",14:20,03,"2,8","7,5",17:20,"10,3","1013,2",23,"1010,1",06
2021-04-29,C619Y,LA ALDEA DE SAN NICOLÁS,LAS PALMAS,13,"20,4","0,6","16,3",06:10,"24,6",14:20,99,"3,6","9,7",13:40,"9,5","1013,1",00,"1010,8",17
2021-04-30,C619Y,LA ALDEA DE SAN NICOLÁS,LAS PALMAS,13,"22,3","0,2","18,4",01:00,"26,2",14:50,10,"5,8","16,4",17:30,"5,3","1016,5",23,"1011,3",04
2021-05-01,C619Y,LA ALDEA DE SAN NICOLÁS,LAS PALMAS,13,"21,4","0,0","16,6",06:10,"26,3",14:20,06,"5,8","20,8",16:40,"10,0","1017,2",23,"1013,7",16
2021-05-02,C619Y,LA ALDEA DE SAN NICOLÁS,LAS PALMAS,13,"22,5","0,0","18,4",23:59,"26,6",12:50,99,"4,7","16,4",Varias,"8,3","1017,0",00,"1013,5",19
2021-05-03,C619Y,LA ALDEA DE SAN NICOLÁS,LAS PALMAS,13,"21,8","0,0","18,0",Varias,"25,6",13:40,06,"5,8","19,4",15:40,"10,8","1017,4",23,"1014,1",16
2021-05-04,C619Y,LA ALDEA DE SAN NICOLÁS,LAS PALMAS,13,"21,8","0,0","18,0",04:50,"25,5",15:00,09,"6,7","18,6",14:10,"8,7","1018,7",23,"1015,3",03
2021-05-05,C619Y,LA ALDEA DE SAN NICOLÁS,LAS PALMAS,13,"22,1","0,0","18,6",04:50,"25,6",12:00,06,"7,2","21,7",18:20,"10,8","1019,3",23,"1015,9",16
2021-05-06,C619Y,LA ALDEA DE SAN NICOLÁS,LAS PALMAS,13,"21,2","0,0","18,4",06:40,"23,9",15:50,10,"6,1","18,9",06:00,"12,2","1018,5",00,"1016,2",04
2021-05-07,C619Y,LA ALDEA DE SAN NICOLÁS,LAS PALMAS,13,"20,4","0,0","16,7",04:50,"24,1",15:20,07,"6,4","16,9",22:10,"12,2","1018,8",11,"1015,7",16
2021-05-08,C619Y,LA ALDEA DE SAN NICOLÁS,LAS PALMAS,13,"22,8","0,0","18,9",06:00,"26,8",15:20,07,"5,3","16,1",15:10,"12,0","1017,7",Varias,"1015,2",18
2021-05-09,C619Y,LA ALDEA DE SAN NICOLÁS,LAS PALMAS,13,"22,9","0,0","18,8",05:00,"27,0",11:00,08,"4,4","12,5",21:20,"12,2","1017,6",24,"1014,9",18
2021-05-10,C619Y,LA ALDEA DE SAN NICOLÁS,LAS PALMAS,13,"23,4","0,0","19,8",23:59,"27,1",13:10,06,"4,7","16,9",23:10,"12,2","1020,6",Varias,"1015,5",03
2021-05-11,C619Y,LA ALDEA DE SAN NICOLÁS,LAS PALMAS,13,"22,2","0,0","19,0",03:50,"25,3",13:40,07,"6,7","24,7",13:50,"12,2","1022,1",23,"1018,9",18
2021-05-12,C619Y,LA ALDEA DE SAN NICOLÁS,LAS PALMAS,13,"21,4","0,0","18,4",Varias,"24,3",12:40,05,"9,2","22,8",05:20,"12,4","1021,7",00,"1019,1",18
2021-05-13,C619Y,LA ALDEA DE SAN NICOLÁS,LAS PALMAS,13,"23,2","0,0","19,0",06:20,"27,3",13:00,04,"7,8","21,7",01:10,"11,1","1020,4",09,"1017,0",18
2021-05-14,C619Y,LA ALDEA DE SAN NICOLÁS,LAS PALMAS,13,"22,6","0,0","19,1",01:00,"26,2",13:20,10,"8,9","23,6",12:30,"6,4","1019,1",00,"1015,1",20
2021-05-15,C619Y,LA ALDEA DE SAN NICOLÁS,LAS PALMAS,13,"22,2","0,0","19,4",,"25,1",12:50,13,"7,8","22,2",18:00,"7,3","1017,0",00,"1013,0",17
2021-05-16,C619Y,LA ALDEA DE SAN NICOLÁS,LAS PALMAS,13,"21,3","0,0","19,3",06:00,"23,3",13:50,04,"12,2","25,0",23:00,"11,7","1016,2",11,"1013,5",17
2021-05-17,C619Y,LA ALDEA DE SAN NICOLÁS,LAS PALMAS,13,"21,5","0,0","19,7",03:00,"23,3",16:00,04,"9,4","22,8",17:30,"8,0","1017,5",23,"1013,7",03
2021-05-18,C619Y,LA ALDEA DE SAN NICOLÁS,LAS PALMAS,13,"22,3","0,0","19,4",03:40,"25,2",16:40,03,"10,3","22,8",13:50,"4,4","1018,4",23,"1014,9",16
2021-05-19,C619Y,LA ALDEA DE SAN NICOLÁS,LAS PALMAS,13,"22,4","0,0","19,2",06:00,"25,5",14:00,09,"7,5","23,6",20:20,"7,7","1018,2",00,"1014,4",17
2021-05-20,C619Y,LA ALDEA DE SAN NICOLÁS,LAS PALMAS,13,"21,8","0,0","19,5",03:00,"24,2",14:50,04,"11,7","23,6",01:00,"12,0","1015,9",00,"1012,7",16
2021-05-21,C619Y,LA ALDEA DE SAN NICOLÁS,LAS PALMAS,13,"22,0","0,0","20,1",05:00,"23,9",12:00,04,"13,3","25,8",20:30,"11,7","1013,9",00,"1011,1",Varias
2021-05-22,C619Y,LA ALDEA DE SAN NICOLÁS,LAS PALMAS,13,"21,8","0,0","19,9",04:00,"23,8",17:20,07,"12,8","24,7",22:50,"11,7","1016,5",23,"1010,5",05
2021-05-23,C619Y,LA ALDEA DE SAN NICOLÁS,LAS PALMAS,13,"21,6","0,0","19,0",Varias,"24,1",13:50,05,"12,8","26,4",14:00,"11,9","1020,0",Varias,"1015,6",00
2021-05-24,C619Y,LA ALDEA DE SAN NICOLÁS,LAS PALMAS,13,"21,8","0,0","18,5",04:30,"25,0",15:30,06,"10,6","23,3",15:10,"11,3","1020,7",22,"1017,9",19
2021-05-25,C619Y,LA ALDEA DE SAN NICOLÁS,LAS PALMAS,13,"23,1","0,0","19,3",00:30,"26,9",13:20,10,"9,4","22,8",15:00,"8,1","1021,4",23,"1017,5",18
2021-05-26,C619Y,LA ALDEA DE SAN NICOLÁS,LAS PALMAS,13,"22,0","0,0","18,5",06:10,"25,5",13:40,09,"5,6","21,7",14:30,"11,7","1021,1",00,"1015,3",17
2021-05-27,C619Y,LA ALDEA DE SAN NICOLÁS,LAS PALMAS,13,"22,5","0,0","18,9",06:30,"26,1",14:50,09,"5,3","18,6",12:00,"10,3","1016,7",00,"1013,3",18
2021-05-28,C619Y,LA ALDEA DE SAN NICOLÁS,LAS PALMAS,13,"22,4","0,0","19,0",05:50,"25,8",13:10,06,"4,4","17,5",16:20,"11,2","1017,1",23,"1013,4",06
2021-05-29,C619Y,LA ALDEA DE SAN NICOLÁS,LAS PALMAS,13,"20,0","0,0","16,5",04:40,"23,5",12:50,05,"7,8","18,1",21:30,"12,6","1016,8",10,"1014,9",18
2021-05-30,C619Y,LA ALDEA DE SAN NICOLÁS,LAS PALMAS,13,"22,3","0,0","19,6",03:00,"25,0",15:40,06,"6,7","22,5",09:50,"10,3","1016,3",22,"1013,7",16
2021-05-31,C619Y,LA ALDEA DE SAN NICOLÁS,LAS PALMAS,13,"21,8","0,0","19,0",07:00,"24,5",11:40,06,"6,1","22,5",03:30,"12,3","1015,8",11,"1013,7",Varias
2021-06-01,C619Y,LA ALDEA DE SAN NICOLÁS,LAS PALMAS,13,"21,0","0,0","16,2",05:20,"25,8",13:20,08,"4,2","18,1",21:10,"12,3","1015,3",10,"1012,2",18
2021-06-02,C619Y,LA ALDEA DE SAN NICOLÁS,LAS PALMAS,13,"22,4","0,0","19,2",06:00,"25,7",12:00,08,"4,4","17,8",19:50,"12,6","1017,1",23,"1013,2",04
2021-06-03,C619Y,LA ALDEA DE SAN NICOLÁS,LAS PALMAS,13,"22,9","0,0","19,7",03:00,"26,1",14:20,06,"5,8","20,8",17:40,"11,1","1021,7",22,"1015,7",04
2021-06-04,C619Y,LA ALDEA DE SAN NICOLÁS,LAS PALMAS,13,"22,4","0,0","18,9",06:00,"26,0",14:00,06,"7,8","26,7",15:30,"12,2","1023,3",23,"1019,9",03
2021-06-05,C619Y,LA ALDEA DE SAN NICOLÁS,LAS PALMAS,13,"22,2","0,0","18,9",06:10,"25,5",13:10,07,"6,9","24,7",12:10,"12,5","1022,8",00,"1019,0",18
2021-06-06,C619Y,LA ALDEA DE SAN NICOLÁS,LAS PALMAS,13,"21,8","0,0","19,0",04:50,"24,5",13:10,07,"8,1","20,3",10:20,"12,5","1020,8",00,"1016,3",20
2021-06-07,C619Y,LA ALDEA DE SAN NICOLÁS,LAS PALMAS,13,"22,6","0,0","19,7",06:00,"25,4",14:30,05,"7,8","20,6",10:50,"5,5","1018,0",20,"1013,0",18
2021-06-08,C619Y,LA ALDEA DE SAN NICOLÁS,LAS PALMAS,13,"23,3","0,0","18,5",06:00,"28,1",15:40,02,"4,4","18,9",23:20,"5,2","1016,8",11,"1013,6",16
2021-06-09,C619Y,LA ALDEA DE SAN NICOLÁS,LAS PALMAS,13,"26,4","0,0","20,4",03:00,"32,4",16:50,02,"4,2","21,7",02:40,"0,3","1016,6",00,"1012,4",09
2021-06-10,C619Y,LA ALDEA DE SAN NICOLÁS,LAS PALMAS,13,"25,4","0,0","20,0",03:20,"30,7",14:10,01,"6,7","21,7",19:00,"8,5","1014,9",00,"1012,7",03
2021-06-11,C619Y,LA ALDEA DE SAN NICOLÁS,LAS PALMAS,13,"25,2","0,0","19,3",05:20,"31,2",12:50,02,"6,9","18,3",00:20,,"1014,9",01,"1012,0",17
2021-06-12,C619Y,LA ALDEA DE SAN NICOLÁS,LAS PALMAS,13,"21,8","0,0","19,1",05:40,"24,4",14:00,36,"9,2","22,8",18:10,"11,9","1018,8",24,"1014,0",04
2021-06-13,C619Y,LA ALDEA DE SAN NICOLÁS,LAS PALMAS,13,"21,9","0,0","19,4",05:50,"24,4",14:00,04,"10,3","21,1",17:50,"11,9","1020,6",23,"1017,9",04
2021-06-14,C619Y,LA ALDEA DE SAN NICOLÁS,LAS PALMAS,13,"22,9","0,0","19,9",02:50,"25,9",11:20,06,"9,2","23,1",07:30,"11,8","1020,6",12,"1017,1",24
2021-06-15,C619Y,LA ALDEA DE SAN NICOLÁS,LAS PALMAS,13,"23,6","0,0","20,3",Varias,"27,0",16:50,07,"4,7","18,3",10:10,"12,1","1019,1",01,"1016,2",18
2021-06-16,C619Y,LA ALDEA DE SAN NICOLÁS,LAS PALMAS,13,"24,9","0,0","21,0",05:40,"28,8",13:40,10,"5,6","18,1",20:30,"10,9","1019,1",23,"1015,5",16
2021-06-17,C619Y,LA ALDEA DE SAN NICOLÁS,LAS PALMAS,13,"25,2","0,2","20,5",06:30,"29,9",13:00,08,"5,6","21,7",14:10,"12,1","1019,5",23,"1016,7",05
2021-06-18,C619Y,LA ALDEA DE SAN NICOLÁS,LAS PALMAS,13,"24,0","0,0","20,2",23:59,"27,9",13:40,07,"6,4","19,7",13:10,"10,4","1019,9",23,"1017,1",06
2021-06-19,C619Y,LA ALDEA DE SAN NICOLÁS,LAS PALMAS,13,"23,2","0,0","19,5",04:30,"27,0",13:00,99,"8,1","21,9",Varias,"11,3","1021,0",23,"1017,9",16
2021-06-20,C619Y,LA ALDEA DE SAN NICOLÁS,LAS PALMAS,13,"22,7","0,0","19,7",02:50,"25,7",13:50,07,"5,3","20,3",16:30,"9,6","1020,2",00,"1016,9",19
2021-06-21,C619Y,LA ALDEA DE SAN NICOLÁS,LAS PALMAS,13,"23,8","0,0","20,5",01:30,"27,0",14:30,07,"6,4","17,2",09:30,"12,5","1018,9",23,"1016,1",04
2021-06-22,C619Y,LA ALDEA DE SAN NICOLÁS,LAS PALMAS,13,"24,0","0,0","20,1",03:00,"27,8",15:20,09,"6,1","22,5",15:20,"12,5","1019,5",23,"1016,6",16
2021-06-23,C619Y,LA ALDEA DE SAN NICOLÁS,LAS PALMAS,13,"24,0","0,0","20,4",01:00,"27,5",14:00,06,"9,2","25,0",16:30,"10,2","1019,3",00,"1015,5",17
2021-06-24,C619Y,LA ALDEA DE SAN NICOLÁS,LAS PALMAS,13,"23,2","0,0","19,9",05:00,"26,6",14:20,07,"5,6","20,3",13:10,"11,8","1018,6",24,"1016,0",05
2021-06-25,C619Y,LA ALDEA DE SAN NICOLÁS,LAS PALMAS,13,"21,8","0,0","19,0",06:00,"24,5",14:20,05,"7,2","18,6",18:30,"12,5","1018,5",Varias,"1015,5",18
2021-06-26,C619Y,LA ALDEA DE SAN NICOLÁS,LAS PALMAS,13,"20,7","0,0","16,8",06:10,"24,6",13:20,04,"7,2","20,3",19:50,"12,5","1018,3",00,"1014,7",Varias
2021-06-27,C619Y,LA ALDEA DE SAN NICOLÁS,LAS PALMAS,13,"21,4","0,0","18,0",06:10,"24,9",14:20,04,"8,9","23,9",18:00,"12,5","1018,8",23,"1015,9",18
2021-06-28,C619Y,LA ALDEA DE SAN NICOLÁS,LAS PALMAS,13,"22,2","0,0","19,4",05:50,"24,9",14:10,04,"10,0","25,8",19:20,"12,5","1019,4",Varias,"1017,4",18
2021-06-29,C619Y,LA ALDEA DE SAN NICOLÁS,LAS PALMAS,13,"23,6","0,0","20,3",02:00,"26,8",14:30,08,"8,1","23,6",20:30,"12,3","1019,4",00,"1016,7",18
2021-06-30,C619Y,LA ALDEA DE SAN NICOLÁS,LAS PALMAS,13,"23,0","0,0","20,1",06:20,"25,8",14:00,08,"7,8","22,5",18:10,"12,6","1018,5",00,"1015,7",18
2021-07-01,C619Y,LA ALDEA DE SAN NICOLÁS,LAS PALMAS,13,"21,9","0,0","19,3",06:00,"24,5",15:20,07,"9,4","20,8",21:40,"12,4","1018,1",23,"1015,8",19
2021-07-02,C619Y,LA ALDEA DE SAN NICOLÁS,LAS PALMAS,13,"21,2","0,0","17,8",06:10,"24,5",14:40,02,"8,3","20,3",16:30,"11,9","1018,6",23,"1016,1",17
2021-07-03,C619Y,LA ALDEA DE SAN NICOLÁS,LAS PALMAS,13,"21,7","0,0","17,9",04:20,"25,5",14:20,03,"9,4","23,9",23:20,"12,1","1018,6",Varias,"1016,4",04
2021-07-04,C619Y,LA ALDEA DE SAN NICOLÁS,LAS PALMAS,13,"22,8","0,0","20,5",Varias,"25,2",13:30,03,"13,1","25,6",07:10,"12,5","1018,4",00,"1015,5",18
2021-07-05,C619Y,LA ALDEA DE SAN NICOLÁS,LAS PALMAS,13,"22,6","0,0","20,3",06:30,"24,9",13:30,04,"10,3","23,9",14:50,"11,8","1017,4",00,"1015,2",05
2021-07-06,C619Y,LA ALDEA DE SAN NICOLÁS,LAS PALMAS,13,"22,9","0,0","20,3",07:00,"25,5",16:00,02,"8,9","21,7",18:00,"11,9","1017,5",10,"1015,5",18
2021-07-07,C619Y,LA ALDEA DE SAN NICOLÁS,LAS PALMAS,13,"23,1","0,0","20,9",04:30,"25,3",13:40,36,"11,9","27,2",14:30,"12,0","1019,7",24,"1015,7",04
2021-07-08,C619Y,LA ALDEA DE SAN NICOLÁS,LAS PALMAS,13,"24,0","0,0","20,7",03:10,"27,4",14:30,09,"8,3","28,3",12:50,"11,1","1019,7",00,"1016,3",17
2021-07-09,C619Y,LA ALDEA DE SAN NICOLÁS,LAS PALMAS,13,"23,6","0,0","20,2",06:20,"27,0",13:50,05,"6,9","21,4",12:10,"9,8","1018,7",00,"1012,9",18
2021-07-10,C619Y,LA ALDEA DE SAN NICOLÁS,LAS PALMAS,13,"23,0","0,0","19,9",07:30,"26,2",15:00,06,"7,2","18,3",11:00,"6,8","1014,6",00,"1010,7",15
2021-07-11,C619Y,LA ALDEA DE SAN NICOLÁS,LAS PALMAS,13,"25,0","0,0","20,8",05:10,"29,2",15:20,03,"4,4","14,4",19:00,"3,5","1013,8",10,"1011,0",18
2021-07-12,C619Y,LA ALDEA DE SAN NICOLÁS,LAS PALMAS,13,"30,3","0,0","23,2",03:20,"37,4",15:50,26,"4,7","8,6",11:30,"9,0","1016,9",24,"1011,6",06
2021-07-13,C619Y,LA ALDEA DE SAN NICOLÁS,LAS PALMAS,13,"24,4","0,0","21,5",23:59,"27,3",09:00,03,"7,5","27,2",20:10,"10,3","1017,0",00,"1014,2",16
2021-07-14,C619Y,LA ALDEA DE SAN NICOLÁS,LAS PALMAS,13,"23,0","0,0","20,9",Varias,"25,0",15:00,99,"12,5","25,6",Varias,"11,6","1015,1",00,"1011,0",18
2021-07-15,C619Y,LA ALDEA DE SAN NICOLÁS,LAS PALMAS,13,"22,9","0,0","20,6",06:30,"25,2",14:30,05,"11,4","23,1",11:40,"12,2","1013,8",22,"1011,5",03
2021-07-16,C619Y,LA ALDEA DE SAN NICOLÁS,LAS PALMAS,13,"22,9","0,0","19,7",04:20,"26,1",14:10,02,"7,8","19,2",11:40,"11,8","1014,6",23,"1012,0",03
2021-07-17,C619Y,LA ALDEA DE SAN NICOLÁS,LAS PALMAS,13,"22,8","0,0","18,7",04:50,"26,9",14:30,02,"6,9","18,6",13:00,"11,7","1015,5",23,"1012,8",Varias
2021-07-18,C619Y,LA ALDEA DE SAN NICOLÁS,LAS PALMAS,13,"28,6","0,0","21,2",05:10,"36,0",16:40,04,"4,7","13,9",09:20,"11,8","1015,3",00,"1011,9",17
2021-07-19,C619Y,LA ALDEA DE SAN NICOLÁS,LAS PALMAS,13,"25,0","0,0","19,1",06:10,"30,8",14:30,02,"5,6","18,1",15:40,"11,9","1015,7",23,"1012,3",15
2021-07-20,C619Y,LA ALDEA DE SAN NICOLÁS,LAS PALMAS,13,"23,0","0,0","20,6",05:50,"25,5",15:50,02,"10,0","21,4",18:20,"12,0","1017,2",23,"1013,8",04
2021-07-21,C619Y,LA ALDEA DE SAN NICOLÁS,LAS PALMAS,13,"23,1",,"20,4",09:00,"25,8",15:00,05,"9,2","24,4",19:00,"11,9","1017,8",23,"1015,5",19
2021-07-22,C619Y,LA ALDEA DE SAN NICOLÁS,LAS PALMAS,13,"23,9","0,0","20,9",Varias,"26,9",14:40,08,"8,3","25,0",10:30,"11,3","1017,2",00,"1012,9",19
2021-07-23,C619Y,LA ALDEA DE SAN NICOLÁS,LAS PALMAS,13,"24,0","0,0","21,4",02:00,"26,6",13:30,04,"8,1","26,7",13:50,"11,7","1015,2",00,"1010,8",17
2021-07-24,C619Y,LA ALDEA DE SAN NICOLÁS,LAS PALMAS,13,"23,6","0,0","21,4",05:50,"25,7",13:10,02,"8,9","22,8",17:10,"10,5","1014,8",22,"1011,8",Varias
2021-07-25,C619Y,LA ALDEA DE SAN NICOLÁS,LAS PALMAS,13,"23,6","0,0","21,2",06:40,"25,9",14:00,03,"9,4","23,6",15:20,"11,3","1015,8",11,"1013,7",Varias
2021-07-26,C619Y,LA ALDEA DE SAN NICOLÁS,LAS PALMAS,13,"23,4","0,0","21,0",03:40,"25,7",14:00,06,"10,3","23,3",13:20,"10,8","1015,8",23,"1013,8",17
2021-07-27,C619Y,LA ALDEA DE SAN NICOLÁS,LAS PALMAS,13,"24,3","0,0","21,7",Varias,"26,9",11:50,04,"7,8","23,6",13:00,"11,4","1015,4",00,"1011,9",18
2021-07-28,C619Y,LA ALDEA DE SAN NICOLÁS,LAS PALMAS,13,"24,2","0,0","20,8",04:00,"27,7",16:00,05,"7,8","24,7",15:50,"12,2","1013,8",00,"1011,5",07
2021-07-29,C619Y,LA ALDEA DE SAN NICOLÁS,LAS PALMAS,13,"23,8","0,0","21,3",06:40,"26,2",13:50,05,"9,4","21,1",17:20,"11,4","1015,1",23,"1011,3",05
2021-07-30,C619Y,LA ALDEA DE SAN NICOLÁS,LAS PALMAS,13,"23,6","0,0","21,3",04:50,"25,9",12:10,03,"10,6","23,6",20:40,"10,9","1016,4",10,"1013,7",03
2021-07-31,C619Y,LA ALDEA DE SAN NICOLÁS,LAS PALMAS,13,"23,6","0,0","21,1",04:40,"26,1",12:30,03,"12,2","27,2",21:40,"11,4","1017,0",11,"1014,6",03
2021-08-01,C619Y,LA ALDEA DE SAN NICOLÁS,LAS PALMAS,13,"23,6","0,0","21,4",07:10,"25,7",12:40,04,"11,1","28,6",01:30,"11,8","1017,8",10,"1014,4",04
2021-08-02,C619Y,LA ALDEA DE SAN NICOLÁS,LAS PALMAS,13,"24,0","0,0","21,2",06:50,"26,7",15:50,09,"8,9","26,7",06:40,"12,0","1017,1",00,"1014,5",18
2021-08-03,C619Y,LA ALDEA DE SAN NICOLÁS,LAS PALMAS,13,"25,4","0,0","22,0",02:00,"28,8",15:50,07,"6,9","22,2",17:10,"11,2","1018,2",Varias,"1014,8",05
2021-08-04,C619Y,LA ALDEA DE SAN NICOLÁS,LAS PALMAS,13,"24,8","0,0","21,4",06:50,"28,2",14:20,05,"7,2","21,9",17:00,"12,2","1019,4",23,"1016,7",05
2021-08-05,C619Y,LA ALDEA DE SAN NICOLÁS,LAS PALMAS,13,"23,8","0,0","21,8",Varias,"25,9",16:40,04,"9,4","21,9",05:10,"11,3","1018,8",00,"1016,1",18
2021-08-06,C619Y,LA ALDEA DE SAN NICOLÁS,LAS PALMAS,13,"23,8","0,0","20,8",07:50,"26,9",15:30,06,"8,3","20,6",01:30,"11,9","1017,1",00,"1013,9",18
2021-08-07,C619Y,LA ALDEA DE SAN NICOLÁS,LAS PALMAS,13,"24,4","0,0","20,8",05:00,"27,9",13:40,04,"7,5","19,2",22:50,"12,2","1016,9",22,"1014,3",05
2021-08-08,C619Y,LA ALDEA DE SAN NICOLÁS,LAS PALMAS,13,"26,8","0,0","22,3",Varias,"31,4",13:30,06,"6,4","23,6",03:00,"10,7","1017,5",Varias,"1014,4",19
2021-08-09,C619Y,LA ALDEA DE SAN NICOLÁS,LAS PALMAS,13,"25,5","0,0","21,7",06:00,"29,3",16:00,09,"6,7","18,9",15:30,"11,9","1018,2",Varias,"1015,6",03
2021-08-10,C619Y,LA ALDEA DE SAN NICOLÁS,LAS PALMAS,13,"25,2","0,0","21,6",Varias,"28,7",12:00,11,"4,2","16,1",00:50,"11,9","1018,1",12,"1015,7",16
2021-08-11,C619Y,LA ALDEA DE SAN NICOLÁS,LAS PALMAS,13,"25,6","0,0","22,0",03:40,"29,3",13:00,07,"4,2","18,3",23:20,"11,1","1017,8",23,"1015,7",18
2021-08-12,C619Y,LA ALDEA DE SAN NICOLÁS,LAS PALMAS,13,"23,2","0,0","17,6",07:00,"28,7",13:20,03,"4,4","21,4",16:40,"12,2","1017,7",00,"1015,1",Varias
2021-08-13,C619Y,LA ALDEA DE SAN NICOLÁS,LAS PALMAS,13,"23,2","0,0","19,9",05:50,"26,5",14:50,04,"8,3","20,3",15:40,"11,3","1016,6",00,"1014,0",15
2021-08-14,C619Y,LA ALDEA DE SAN NICOLÁS,LAS PALMAS,13,"24,0","0,0","21,0",06:00,"26,9",12:30,04,"6,9","21,4",16:50,"11,0","1014,8",00,"1012,1",17
2021-08-15,C619Y,LA ALDEA DE SAN NICOLÁS,LAS PALMAS,13,"27,1","0,0","20,9",05:30,"33,3",10:40,03,"6,7","17,8",19:10,"10,5","1013,3",00,"1009,8",15
2021-08-16,C619Y,LA ALDEA DE SAN NICOLÁS,LAS PALMAS,13,"28,9","0,0","22,7",02:10,"35,1",11:20,02,"6,9","19,7",14:40,"11,4","1012,3",22,"1010,2",03
2021-08-17,C619Y,LA ALDEA DE SAN NICOLÁS,LAS PALMAS,13,"30,0","0,0","25,6",07:10,"34,4",14:30,02,"6,9","17,8",23:59,"11,6","1014,7",23,"1010,5",04
2021-08-18,C619Y,LA ALDEA DE SAN NICOLÁS,LAS PALMAS,13,"26,1","0,0","23,8",23:59,"28,4",02:30,02,"12,5","23,3",14:30,"11,4","1014,9",Varias,"1012,7",18
2021-08-19,C619Y,LA ALDEA DE SAN NICOLÁS,LAS PALMAS,13,"25,3","0,0","22,2",06:50,"28,4",16:00,02,"7,5","19,7",10:10,"11,6","1013,9",00,"1010,6",18
2021-08-20,C619Y,LA ALDEA DE SAN NICOLÁS,LAS PALMAS,13,"24,6","0,0","17,3",06:50,"31,9",16:10,36,"3,1","9,2",15:00,"11,6","1015,5",23,"1011,8",16
2021-08-21,C619Y,LA ALDEA DE SAN NICOLÁS,LAS PALMAS,13,"24,4","0,0","19,5",06:30,"29,2",14:40,27,"3,1","9,2",12:20,"11,6","1018,3",23,"1014,9",01
2021-08-22,C619Y,LA ALDEA DE SAN NICOLÁS,LAS PALMAS,13,"22,4","0,0","18,7",07:00,"26,1",13:40,36,"7,8","21,1",15:50,"11,8","1018,0",00,"1014,7",16
2021-08-23,C619Y,LA ALDEA DE SAN NICOLÁS,LAS PALMAS,13,"24,5","0,0","22,0",Varias,"27,0",16:00,02,"10,0","25,8",18:20,"11,8","1016,7",00,"1013,8",16
2021-08-24,C619Y,LA ALDEA DE SAN NICOLÁS,LAS PALMAS,13,"25,0","0,0","22,3",06:20,"27,8",16:00,03,"8,9","21,4",03:20,"11,8","1015,8",00,"1013,2",18
2021-08-25,C619Y,LA ALDEA DE SAN NICOLÁS,LAS PALMAS,13,"24,6","0,0","22,2",07:00,"27,0",13:00,08,"9,2","22,5",03:40,"11,9","1014,3",00,"1011,5",19
2021-08-26,C619Y,LA ALDEA DE SAN NICOLÁS,LAS PALMAS,13,"23,3","0,0","19,2",04:30,"27,4",12:50,03,"5,6","16,7",15:10,"11,8","1014,4",24,"1011,8",05
2021-08-27,C619Y,LA ALDEA DE SAN NICOLÁS,LAS PALMAS,13,"22,3","0,0","17,0",06:20,"27,6",11:00,02,"6,1","20,6",15:50,"11,7","1016,8",Varias,"1012,5",03
2021-08-28,C619Y,LA ALDEA DE SAN NICOLÁS,LAS PALMAS,13,"24,8","0,0","19,0",05:00,"30,6",14:50,01,"4,2","16,1",15:40,"11,5","1017,2",Varias,"1015,1",Varias
2021-08-29,C619Y,LA ALDEA DE SAN NICOLÁS,LAS PALMAS,13,"23,4","0,0","19,2",07:00,"27,6",12:40,03,"6,9","19,7",18:10,"11,7","1017,1",00,"1013,5",18
2021-08-30,C619Y,LA ALDEA DE SAN NICOLÁS,LAS PALMAS,13,"23,6","0,0","19,3",07:30,"28,0",13:40,03,"6,1","16,4",14:50,"11,7","1015,6",22,"1012,6",16
2021-08-31,C619Y,LA ALDEA DE SAN NICOLÁS,LAS PALMAS,13,"24,6","0,0","20,4",05:20,"28,8",15:30,06,"5,3","15,0",15:50,"11,7","1016,9",23,"1014,2",03
2021-09-01,C619Y,LA ALDEA DE SAN NICOLÁS,LAS PALMAS,13,"27,0","0,0","23,4",04:20,"30,6",14:20,09,"4,7","15,0",14:30,"10,5","1017,3",22,"1015,4",03
2021-09-02,C619Y,LA ALDEA DE SAN NICOLÁS,LAS PALMAS,13,"24,6","0,0","19,6",06:30,"29,5",14:10,05,"6,1","16,7",01:00,"11,8","1017,0",09,"1014,5",17
2021-09-03,C619Y,LA ALDEA DE SAN NICOLÁS,LAS PALMAS,13,"24,2","0,0","18,9",07:00,"29,5",15:00,02,"4,2","15,0",16:10,"11,5","1016,2",10,"1013,4",17
2021-09-04,C619Y,LA ALDEA DE SAN NICOLÁS,LAS PALMAS,13,"24,9","0,0","19,9",04:40,"29,9",14:00,01,"1,9","11,4",15:20,"11,1","1014,5",00,"1011,0",16
2021-09-05,C619Y,LA ALDEA DE SAN NICOLÁS,LAS PALMAS,13,"23,8","0,0","19,3",07:00,"28,4",16:40,99,"2,8","7,5",Varias,"11,4","1014,1",11,"1011,5",17
2021-09-06,C619Y,LA ALDEA DE SAN NICOLÁS,LAS PALMAS,13,"25,3","0,0","19,5",07:00,"31,1",14:30,05,"3,6","14,4",21:50,"11,2","1016,0",24,"1012,3",05
2021-09-07,C619Y,LA ALDEA DE SAN NICOLÁS,LAS PALMAS,13,"25,6","0,0","22,6",06:50,"28,7",13:50,04,"6,9","20,6",18:00,"11,1","1016,3",22,"1013,5",Varias
2021-09-08,C619Y,LA ALDEA DE SAN NICOLÁS,LAS PALMAS,13,"26,2","0,0","21,0",07:10,"31,3",13:40,03,"4,7","17,5",16:40,"10,8","1016,2",Varias,"1014,2",15
2021-09-09,C619Y,LA ALDEA DE SAN NICOLÁS,LAS PALMAS,13,"25,1","0,0","20,3",06:50,"29,9",13:30,04,"6,4","19,2",17:20,"11,0","1016,2",10,"1014,1",17
2021-09-10,C619Y,LA ALDEA DE SAN NICOLÁS,LAS PALMAS,13,"25,6","0,0","21,6",02:40,"29,7",12:40,04,"6,9","20,3",16:20,"8,9","1016,2",Varias,"1013,6",05
2021-09-11,C619Y,LA ALDEA DE SAN NICOLÁS,LAS PALMAS,13,"26,7","0,0","21,9",06:00,"31,5",10:50,31,"4,7","11,4",12:00,"10,7","1016,2",07,"1013,2",Varias
2021-09-12,C619Y,LA ALDEA DE SAN NICOLÁS,LAS PALMAS,13,"26,1","0,0","22,6",07:10,"29,6",13:40,25,"3,3","14,2",07:30,"10,5","1015,3",08,"1010,5",18
2021-09-13,C619Y,LA ALDEA DE SAN NICOLÁS,LAS PALMAS,13,"24,8","0,0","20,7",07:30,"28,9",17:00,27,"3,6","12,2",14:30,"6,4","1013,0",22,"1010,1",05
2021-09-14,C619Y,LA ALDEA DE SAN NICOLÁS,LAS PALMAS,13,"24,1","0,0","19,2",06:50,"29,0",14:00,10,"3,6","8,9",20:50,"11,3","1016,5",24,"1011,4",04
2021-09-15,C619Y,LA ALDEA DE SAN NICOLÁS,LAS PALMAS,13,"26,3","0,0","22,8",06:30,"29,8",15:10,11,"4,2","16,7",23:30,"8,7","1018,3",22,"1015,3",04
2021-09-16,C619Y,LA ALDEA DE SAN NICOLÁS,LAS PALMAS,13,"27,0","0,0","23,4",05:00,"30,6",13:30,09,"4,7","18,9",14:50,"10,7","1019,1",Varias,"1016,1",15
2021-09-17,C619Y,LA ALDEA DE SAN NICOLÁS,LAS PALMAS,13,"26,8","0,0","23,1",06:20,"30,4",15:00,10,"7,5","19,4",16:50,"10,6","1018,7",00,"1013,9",17
2021-09-18,C619Y,LA ALDEA DE SAN NICOLÁS,LAS PALMAS,13,"25,2","0,0","21,5",23:59,"28,8",16:00,05,"5,6","15,8",11:40,"8,8","1017,3",22,"1014,3",17
2021-09-19,C619Y,LA ALDEA DE SAN NICOLÁS,LAS PALMAS,13,"24,4","0,0","18,9",06:20,"29,9",12:50,09,"3,1","16,4",22:10,"11,3","1019,7",23,"1015,7",Varias
2021-09-20,C619Y,LA ALDEA DE SAN NICOLÁS,LAS PALMAS,13,"26,2","0,0","22,8",04:00,"29,5",12:00,08,"6,4","19,4",17:20,"10,6","1020,1",10,"1016,7",18
2021-09-21,C619Y,LA ALDEA DE SAN NICOLÁS,LAS PALMAS,13,"26,0","0,0","22,8",05:00,"29,3",14:00,08,"5,8","20,3",17:10,"11,2","1018,3",00,"1014,0",17
2021-09-22,C619Y,LA ALDEA DE SAN NICOLÁS,LAS PALMAS,13,"24,4","0,0","19,7",06:20,"29,1",12:50,06,"4,4","18,1",17:10,"10,6","1015,6",00,"1012,5",17
2021-09-23,C619Y,LA ALDEA DE SAN NICOLÁS,LAS PALMAS,13,"24,6","0,0","20,9",07:50,"28,3",13:40,09,"3,3","12,5",00:10,"9,9","1015,1",11,"1011,9",04
2021-09-24,C619Y,LA ALDEA DE SAN NICOLÁS,LAS PALMAS,13,"24,1","0,2","18,3",07:00,"29,9",15:00,04,"3,6","14,4",18:00,"11,1","1016,8",Varias,"1014,1",02
2021-09-25,C619Y,LA ALDEA DE SAN NICOLÁS,LAS PALMAS,13,"21,9","0,0","16,0",07:20,"27,8",14:50,04,"5,0","15,8",13:50,"11,2","1017,6",23,"1014,9",16
2021-09-26,C619Y,LA ALDEA DE SAN NICOLÁS,LAS PALMAS,13,"23,6","0,0","17,8",07:00,"29,4",16:00,02,"4,7","13,6",17:10,"10,8","1018,6",23,"1016,0",16
2021-09-27,C619Y,LA ALDEA DE SAN NICOLÁS,LAS PALMAS,13,"24,6","0,0","19,2",07:00,"29,9",14:50,03,"5,3","18,1",17:20,"10,5","1018,9",22,"1016,7",05
2021-09-28,C619Y,LA ALDEA DE SAN NICOLÁS,LAS PALMAS,13,"25,0","0,0","22,4",00:30,"27,5",13:20,06,"11,1","24,2",20:40,"10,0","1019,8",23,"1016,0",05
2021-09-29,C619Y,LA ALDEA DE SAN NICOLÁS,LAS PALMAS,13,"25,9","0,0","22,9",23:20,"28,9",14:50,06,"11,1","25,3",02:40,"10,4","1019,9",11,"1016,8",17
2021-09-30,C619Y,LA ALDEA DE SAN NICOLÁS,LAS PALMAS,13,"24,5","0,0","22,1",23:59,"26,9",14:00,08,"10,6","25,0",03:40,"10,7","1018,0",00,"1013,9",17
2021-10-01,C619Y,LA ALDEA DE SAN NICOLÁS,LAS PALMAS,13,"25,6","0,0","18,0",07:00,"33,2",13:40,02,"3,9","15,0",17:10,"10,6","1015,7",Varias,"1013,4",15
2021-10-02,C619Y,LA ALDEA DE SAN NICOLÁS,LAS PALMAS,13,"27,0","0,0","18,4",07:00,"35,6",14:20,02,"3,3","10,8",16:00,"10,6","1015,5",01,"1012,8",15
2021-10-03,C619Y,LA ALDEA DE SAN NICOLÁS,LAS PALMAS,13,"23,0","0,0","19,2",05:50,"26,7",14:00,36,"8,9","23,3",12:10,"10,7","1019,1",22,"1014,5",03
2021-10-04,C619Y,LA ALDEA DE SAN NICOLÁS,LAS PALMAS,13,"26,4","0,0","22,2",22:00,"30,5",14:00,05,"7,5","21,4",05:00,"10,2","1019,7",10,"1016,5",18
2021-10-05,C619Y,LA ALDEA DE SAN NICOLÁS,LAS PALMAS,13,"24,5","0,0","21,8",04:30,"27,2",14:30,06,"6,9","22,8",15:40,"10,8","1018,9",09,"1015,3",Varias
2021-10-06,C619Y,LA ALDEA DE SAN NICOLÁS,LAS PALMAS,13,"22,3","0,0","17,7",06:00,"26,9",14:50,04,"6,1","15,0",16:20,"10,7","1017,6",Varias,"1015,3",17
2021-10-07,C619Y,LA ALDEA DE SAN NICOLÁS,LAS PALMAS,13,"22,0","0,0","16,6",07:10,"27,5",13:30,01,"5,3","15,8",15:20,"10,6","1017,4",00,"1014,6",18
2021-10-08,C619Y,LA ALDEA DE SAN NICOLÁS,LAS PALMAS,13,"22,6","0,0","19,2",06:20,"26,1",11:50,04,"6,9","18,9",15:00,"10,4","1017,3",22,"1015,0",15
2021-10-09,C619Y,LA ALDEA DE SAN NICOLÁS,LAS PALMAS,13,"24,6","0,0","22,1",02:30,"27,1",12:00,06,"6,9","20,6",16:30,"10,0","1017,9",11,"1014,6",17
2021-10-10,C619Y,LA ALDEA DE SAN NICOLÁS,LAS PALMAS,13,"24,8","0,0","21,8",02:50,"27,9",14:20,10,"5,6","20,3",18:10,"10,6","1016,0",00,"1012,2",17
2021-10-11,C619Y,LA ALDEA DE SAN NICOLÁS,LAS PALMAS,13,"25,0","0,0","21,2",07:30,"28,7",14:00,06,"3,6","15,3",14:30,"10,6","1015,7",23,"1012,8",Varias
2021-10-12,C619Y,LA ALDEA DE SAN NICOLÁS,LAS PALMAS,13,"22,9","0,0","17,6",03:40,"28,2",15:10,06,"3,3","16,1",17:50,"10,6","1016,2",10,"1013,7",16
2021-10-13,C619Y,LA ALDEA DE SAN NICOLÁS,LAS PALMAS,13,"23,0","0,0","18,0",07:00,"27,9",14:50,08,"3,6","16,7",16:20,"10,4","1016,5",11,"1014,3",16
2021-10-14,C619Y,LA ALDEA DE SAN NICOLÁS,LAS PALMAS,13,"21,5","0,0","16,4",07:00,"26,6",13:40,02,"6,1","16,4",14:40,"10,4","1017,4",22,"1014,3",15
2021-10-15,C619Y,LA ALDEA DE SAN NICOLÁS,LAS PALMAS,13,"21,2","0,0","15,9",06:20,"26,4",11:40,02,"6,7","19,2",14:20,"10,5","1017,0",00,"1014,9",16
2021-10-16,C619Y,LA ALDEA DE SAN NICOLÁS,LAS PALMAS,13,"22,9","0,0","16,9",07:00,"28,9",14:20,01,"4,4","11,9",02:40,"10,5","1016,3",00,"1013,6",14
2021-10-17,C619Y,LA ALDEA DE SAN NICOLÁS,LAS PALMAS,13,"23,9","0,0","16,1",07:00,"31,7",15:30,28,"3,1","6,9",13:50,"10,4","1015,8",22,"1013,1",15
2021-10-18,C619Y,LA ALDEA DE SAN NICOLÁS,LAS PALMAS,13,"24,4","0,0","18,1",05:10,"30,7",12:30,34,"3,3","10,3",14:10,"10,0","1016,6",10,"1014,1",Varias
2021-10-19,C619Y,LA ALDEA DE SAN NICOLÁS,LAS PALMAS,13,"23,5","0,0","16,7",07:40,"30,3",17:00,03,"3,6","11,4",17:30,"9,2","1017,1",10,"1014,0",04
2021-10-20,C619Y,LA ALDEA DE SAN NICOLÁS,LAS PALMAS,13,"22,7","0,0","16,3",07:00,"29,1",15:30,02,"4,4","12,5",18:40,"9,4","1019,0",22,"1015,1",05
2021-10-21,C619Y,LA ALDEA DE SAN NICOLÁS,LAS PALMAS,13,"22,3","0,0","19,2",01:00,"25,4",12:00,36,"10,8","22,2",10:00,"10,3","1019,5",22,"1017,1",15
2021-10-22,C619Y,LA ALDEA DE SAN NICOLÁS,LAS PALMAS,13,"24,6","0,0","21,5",04:40,"27,7",12:20,99,"6,7","18,6",Varias,"10,2","1019,0",00,"1015,7",17
2021-10-23,C619Y,LA ALDEA DE SAN NICOLÁS,LAS PALMAS,13,"24,1","0,0","20,7",03:00,"27,5",13:40,05,"6,7","18,1",18:00,"9,9","1018,1",22,"1015,5",04
2021-10-24,C619Y,LA ALDEA DE SAN NICOLÁS,LAS PALMAS,13,"24,2","0,0","20,7",01:50,"27,8",12:40,05,"5,0","15,0",12:40,"6,5","1019,2",10,"1016,5",04
2021-10-25,C619Y,LA ALDEA DE SAN NICOLÁS,LAS PALMAS,13,"22,8","0,0","18,2",07:40,"27,3",14:00,29,"3,9","15,6",13:20,"8,5","1019,0",11,"1016,6",15
2021-10-26,C619Y,LA ALDEA DE SAN NICOLÁS,LAS PALMAS,13,"24,7","0,2","21,2",23:59,"28,2",12:20,09,"6,4","16,1",01:30,"9,0","1019,3",11,"1015,8",17
2021-10-27,C619Y,LA ALDEA DE SAN NICOLÁS,LAS PALMAS,13,"23,9","0,0","20,1",04:10,"27,7",13:50,05,"5,0","18,1",17:10,"9,9","1018,5",00,"1014,6",16
2021-10-28,C619Y,LA ALDEA DE SAN NICOLÁS,LAS PALMAS,13,"22,7","0,0","17,5",23:59,"27,9",13:20,08,"6,4","17,8",16:10,"6,1","1018,7",23,"1015,3",16
2021-10-29,C619Y,LA ALDEA DE SAN NICOLÁS,LAS PALMAS,13,"20,8","0,0","15,2",04:30,"26,3",15:50,07,"3,3","11,7",17:50,"10,2","1019,0",11,"1015,7",16
2021-10-30,C619Y,LA ALDEA DE SAN NICOLÁS,LAS PALMAS,13,"19,4","0,0","13,6",07:40,"25,3",14:00,01,"4,4","12,5",18:10,"10,2","1020,5",23,"1017,2",04
2021-10-31,C619Y,LA ALDEA DE SAN NICOLÁS,LAS PALMAS,13,"19,3","0,0","11,4",07:30,"27,2",14:20,02,"3,9","11,4",17:20,"10,0","1021,5",10,"1018,7",16
2021-11-01,C619Y,LA ALDEA DE SAN NICOLÁS,LAS PALMAS,13,"19,6","0,0","13,6",07:00,"25,7",16:10,02,"5,3","16,4",13:50,"10,1","1020,7",00,"1017,2",16
2021-11-02,C619Y,LA ALDEA DE SAN NICOLÁS,LAS PALMAS,13,"20,0","0,0","14,0",04:50,"26,1",15:40,04,"3,1","11,9",19:40,"9,8","1019,3",10,"1016,3",15
2021-11-03,C619Y,LA ALDEA DE SAN NICOLÁS,LAS PALMAS,13,"22,2","0,0","17,3",04:30,"27,2",14:00,08,"4,2","15,0",12:40,"8,9","1018,0",11,"1014,6",18
2021-11-04,C619Y,LA ALDEA DE SAN NICOLÁS,LAS PALMAS,13,"22,8","0,0","19,5",04:30,"26,2",15:00,04,"5,3","15,8",19:00,"6,9","1017,3",Varias,"1014,3",15
2021-11-05,C619Y,LA ALDEA DE SAN NICOLÁS,LAS PALMAS,13,"23,0","0,0","20,2",08:00,"25,9",14:10,06,"6,7","17,5",15:30,"9,4","1018,7",11,"1016,4",Varias
2021-11-06,C619Y,LA ALDEA DE SAN NICOLÁS,LAS PALMAS,13,"22,4","0,0","19,9",07:00,"25,0",14:30,02,"6,7","20,0",13:50,"9,4","1019,4",10,"1016,3",15
2021-11-07,C619Y,LA ALDEA DE SAN NICOLÁS,LAS PALMAS,13,"21,9","0,0","19,9",Varias,"23,9",14:00,01,"9,7","21,4",13:00,"10,0","1018,6",11,"1015,3",16
2021-11-08,C619Y,LA ALDEA DE SAN NICOLÁS,LAS PALMAS,13,"19,2","0,0","13,3",04:10,"25,0",13:10,07,"6,7","21,1",16:50,"9,8","1018,4",10,"1015,7",17
2021-11-09,C619Y,LA ALDEA DE SAN NICOLÁS,LAS PALMAS,13,"18,4","0,0","11,8",07:30,"24,9",13:20,06,"3,6","13,3",19:20,"8,2","1017,1",10,"1014,4",15
2021-11-10,C619Y,LA ALDEA DE SAN NICOLÁS,LAS PALMAS,13,"17,7","0,0","11,4",06:40,"24,0",16:00,24,"3,1","6,4",12:20,"8,9","1017,0",09,"1014,5",15
2021-11-11,C619Y,LA ALDEA DE SAN NICOLÁS,LAS PALMAS,13,"20,4","0,0","16,3",23:59,"24,6",14:50,29,"2,5","6,1",15:00,"4,0","1017,4",11,"1014,9",02
2021-11-12,C619Y,LA ALDEA DE SAN NICOLÁS,LAS PALMAS,13,"21,6","0,0","16,4",00:30,"26,8",13:40,08,"4,2","14,4",18:00,"9,5","1016,7",00,"1012,8",17
2021-11-13,C619Y,LA ALDEA DE SAN NICOLÁS,LAS PALMAS,13,"21,1","0,0","16,7",23:00,"25,5",14:50,08,"3,6","14,2",17:30,"9,1","1015,9",24,"1012,8",16
2021-11-14,C619Y,LA ALDEA DE SAN NICOLÁS,LAS PALMAS,13,"20,3","0,0","14,5",05:40,"26,1",13:50,08,"2,8","11,4",16:30,"8,2","1018,7",23,"1014,7",15
2021-11-15,C619Y,LA ALDEA DE SAN NICOLÁS,LAS PALMAS,13,"18,6","0,0","12,0",07:50,"25,2",13:30,03,"3,3","10,8",21:00,"9,4","1019,2",10,"1015,7",16
2021-11-16,C619Y,LA ALDEA DE SAN NICOLÁS,LAS PALMAS,13,"19,8","0,0","13,9",07:20,"25,6",12:30,07,"3,9","14,7",18:50,"9,4","1017,0",00,"1013,0",15
2021-11-17,C619Y,LA ALDEA DE SAN NICOLÁS,LAS PALMAS,13,"20,5","0,0","15,6",23:59,"25,4",13:50,06,"4,4","16,9",16:20,"8,0","1014,6",Varias,"1011,1",16
2021-11-18,C619Y,LA ALDEA DE SAN NICOLÁS,LAS PALMAS,13,"19,2","0,0","13,7",06:40,"24,6",12:40,08,"3,1","10,0",10:50,"6,8","1013,5",23,"1010,9",14
2021-11-19,C619Y,LA ALDEA DE SAN NICOLÁS,LAS PALMAS,13,"18,7","0,0","13,0",05:30,"24,4",13:00,03,"2,5","7,5",11:50,"9,3","1017,7",23,"1012,5",05
2021-11-20,C619Y,LA ALDEA DE SAN NICOLÁS,LAS PALMAS,13,"18,1","0,0","12,7",05:50,"23,5",13:00,29,"2,5","6,1",12:40,"7,6","1018,4",10,"1014,9",Varias
2021-11-21,C619Y,LA ALDEA DE SAN NICOLÁS,LAS PALMAS,13,"18,2","0,0","11,9",07:40,"24,6",14:30,29,"3,1","8,9",14:10,"8,6","1015,9",00,"1011,8",15
2021-11-22,C619Y,LA ALDEA DE SAN NICOLÁS,LAS PALMAS,13,"21,7","0,0","18,1",03:00,"25,3",12:00,29,"3,1","8,1",14:20,"3,2","1015,5",22,"1012,6",Varias
2021-11-23,C619Y,LA ALDEA DE SAN NICOLÁS,LAS PALMAS,13,"21,6","0,0","16,5",07:20,"26,6",15:20,29,"2,5","6,1",16:10,"5,9","1018,7",23,"1014,4",06
2021-11-24,C619Y,LA ALDEA DE SAN NICOLÁS,LAS PALMAS,13,"19,8","0,0","15,6",06:40,"23,9",11:50,29,"4,4","9,4",12:20,"7,2","1018,9",10,"1015,5",16
2021-11-25,C619Y,LA ALDEA DE SAN NICOLÁS,LAS PALMAS,13,"19,8","0,0","17,0",03:30,"22,5",14:50,04,"2,5","6,9",10:40,"0,0","1017,2",00,"1012,5",24
2021-11-26,C619Y,LA ALDEA DE SAN NICOLÁS,LAS PALMAS,13,"18,2","1,8","15,1",07:50,"21,2",12:30,10,"3,9","21,1",19:30,"0,2","1016,4",22,"1010,5",05
2021-11-27,C619Y,LA ALDEA DE SAN NICOLÁS,LAS PALMAS,13,"19,3","0,4","16,1",04:50,"22,5",13:30,09,"6,7","19,7",18:30,"3,9","1021,4",23,"1016,1",Varias
2021-11-28,C619Y,LA ALDEA DE SAN NICOLÁS,LAS PALMAS,13,"20,2","0,2","17,3",04:10,"23,2",14:20,10,"6,4","18,3",14:30,"5,9","1025,1",24,"1020,5",02
2021-11-29,C619Y,LA ALDEA DE SAN NICOLÁS,LAS PALMAS,13,"20,6","0,4","17,9",06:20,"23,4",14:00,07,"7,2","17,5",05:20,"8,2","1025,5",Varias,"1021,4",17
2021-11-30,C619Y,LA ALDEA DE SAN NICOLÁS,LAS PALMAS,13,"18,2","0,0","12,0",07:00,"24,4",13:00,03,"3,6","12,5",01:50,"9,1","1024,8",10,"1020,5",16
2021-12-01,C619Y,LA ALDEA DE SAN NICOLÁS,LAS PALMAS,13,"17,8","0,0","11,4",08:00,"24,1",15:30,02,"4,2","14,4",16:30,"9,1","1024,1",10,"1020,4",16
2021-12-02,C619Y,LA ALDEA DE SAN NICOLÁS,LAS PALMAS,13,"20,4",,"17,0",00:30,"23,8",15:40,10,"6,9","18,9",13:50,"7,5","1024,5",10,"1020,4",18
2021-12-03,C619Y,LA ALDEA DE SAN NICOLÁS,LAS PALMAS,13,"21,0","0,0","18,3",07:20,"23,7",13:20,08,"6,4","21,4",00:30,"7,3","1021,6",11,"1018,1",15
2021-12-04,C619Y,LA ALDEA DE SAN NICOLÁS,LAS PALMAS,13,"18,4","0,0","11,3",07:40,"25,4",12:50,04,"3,9","12,5",00:40,"8,8","1024,1",23,"1020,2",Varias
2021-12-05,C619Y,LA ALDEA DE SAN NICOLÁS,LAS PALMAS,13,"16,6","0,0","9,9",06:50,"23,4",13:50,03,"6,9","18,9",15:10,"9,1","1024,7",10,"1021,1",15
2021-12-06,C619Y,LA ALDEA DE SAN NICOLÁS,LAS PALMAS,13,"19,5","0,0","15,5",23:30,"23,5",15:40,03,"5,6","16,7",03:20,"7,5","1023,1",10,"1019,3",15
2021-12-07,C619Y,LA ALDEA DE SAN NICOLÁS,LAS PALMAS,13,"17,4","0,0","12,0",07:00,"22,7",14:40,26,"3,1","10,6",17:40,"1,2","1024,4",10,"1020,0",17
2021-12-08,C619Y,LA ALDEA DE SAN NICOLÁS,LAS PALMAS,13,"17,6","0,0","12,9",03:50,"22,4",15:00,06,"6,9","22,5",16:00,"9,0","1024,5",10,"1021,5",03
2021-12-09,C619Y,LA ALDEA DE SAN NICOLÁS,LAS PALMAS,13,"21,0","0,0","17,7",21:50,"24,3",15:00,02,"8,3","20,0",23:50,"7,8","1024,4",11,"1021,1",15
2021-12-10,C619Y,LA ALDEA DE SAN NICOLÁS,LAS PALMAS,13,"18,0","0,0","13,2",23:59,"22,9",14:20,04,"9,2","19,2",17:00,"8,9","1022,0",10,"1018,5",16
2021-12-11,C619Y,LA ALDEA DE SAN NICOLÁS,LAS PALMAS,13,"16,4","0,0","9,7",07:50,"23,1",12:50,07,"4,7","18,6",18:10,"9,0","1021,3",00,"1017,1",16
2021-12-12,C619Y,LA ALDEA DE SAN NICOLÁS,LAS PALMAS,13,"18,4","0,0","13,2",23:59,"23,5",12:40,05,"4,2","15,8",01:20,"6,2","1019,8",23,"1017,0",16
2021-12-13,C619Y,LA ALDEA DE SAN NICOLÁS,LAS PALMAS,13,"17,2","0,0","10,4",07:00,"23,9",14:10,03,"4,4","11,4",16:30,"8,9","1020,1",Varias,"1016,2",16
2021-12-14,C619Y,LA ALDEA DE SAN NICOLÁS,LAS PALMAS,13,"16,7","0,0","10,8",07:30,"22,6",14:30,04,"1,9","7,8",16:50,"8,8","1017,6",00,"1013,2",Varias
2021-12-15,C619Y,LA ALDEA DE SAN NICOLÁS,LAS PALMAS,13,"17,5","0,0","12,4",23:59,"22,6",15:00,06,"3,3","11,7",13:50,"6,3","1014,8",24,"1011,9",16
2021-12-16,C619Y,LA ALDEA DE SAN NICOLÁS,LAS PALMAS,13,"16,0","0,0","10,3",06:50,"21,7",15:00,36,"4,2","9,4",14:00,"8,9","1015,7",Varias,"1012,1",16
2021-12-17,C619Y,LA ALDEA DE SAN NICOLÁS,LAS PALMAS,13,"15,9","0,0","9,4",Varias,"22,4",15:50,24,"2,8","6,7",11:50,"8,9","1016,0",09,"1013,1",15
2021-12-18,C619Y,LA ALDEA DE SAN NICOLÁS,LAS PALMAS,13,"15,0","0,0","8,5",07:40,"21,5",14:40,28,"3,6","12,2",15:10,"8,5","1015,6",00,"1012,5",15
2021-12-19,C619Y,LA ALDEA DE SAN NICOLÁS,LAS PALMAS,13,"19,8","0,0","14,1",00:20,"25,5",13:00,20,"2,5","11,1",10:40,"6,2","1016,3",11,"1013,7",15
2021-12-20,C619Y,LA ALDEA DE SAN NICOLÁS,LAS PALMAS,13,"19,2","0,0","12,6",08:00,"25,7",16:10,26,"3,6","10,8",13:00,"8,8","1016,8",11,"1013,5",15
2021-12-21,C619Y,LA ALDEA DE SAN NICOLÁS,LAS PALMAS,13,"21,2","0,0","17,1",23:59,"25,2",15:00,18,"3,6","11,4",02:00,"3,0","1018,8",24,"1014,5",02
2021-12-22,C619Y,LA ALDEA DE SAN NICOLÁS,LAS PALMAS,13,"18,1","0,0","12,8",07:50,"23,4",14:10,28,"3,3","6,1",12:30,"8,9","1020,8",10,"1018,0",05
2021-12-23,C619Y,LA ALDEA DE SAN NICOLÁS,LAS PALMAS,13,"17,4","0,0","12,1",07:50,"22,6",12:30,31,"3,1","6,9",13:40,"8,0","1020,6",10,"1016,4",17
2021-12-24,C619Y,LA ALDEA DE SAN NICOLÁS,LAS PALMAS,13,"16,6","0,0","10,9",07:50,"22,3",14:20,26,"2,8","6,4",14:20,"8,8","1018,4",10,"1015,4",15
2021-12-25,C619Y,LA ALDEA DE SAN NICOLÁS,LAS PALMAS,13,"17,6","0,0","11,7",07:00,"23,4",15:10,02,"2,8","8,9",14:40,"6,4","1019,7",11,"1016,6",04
2021-12-26,C619Y,LA ALDEA DE SAN NICOLÁS,LAS PALMAS,13,"17,8","0,0","12,8",07:30,"22,9",14:10,04,"3,1","9,2",16:30,"7,5","1020,7",10,"1017,6",16
2021-12-27,C619Y,LA ALDEA DE SAN NICOLÁS,LAS PALMAS,13,"18,8","0,0","14,3",04:20,"23,2",14:00,31,"2,8","7,5",13:10,"6,5","1021,8",Varias,"1019,0",04
2021-12-28,C619Y,LA ALDEA DE SAN NICOLÁS,LAS PALMAS,13,"17,8","0,0","13,0",08:40,"22,6",13:40,29,"2,8","8,1",11:30,"6,2","1021,9",11,"1019,2",17
2021-12-29,C619Y,LA ALDEA DE SAN NICOLÁS,LAS PALMAS,13,"16,4","0,0","10,9",08:00,"22,0",14:30,27,"2,8","6,7",16:50,"8,9","1021,1",00,"1016,7",17
2021-12-30,C619Y,LA ALDEA DE SAN NICOLÁS,LAS PALMAS,13,,"0,0",,,,,13,"2,2","9,2",14:00,"8,9","1018,9",10,"1015,4",15
2021-12-31,C619Y,LA ALDEA DE SAN NICOLÁS,LAS PALMAS,13,,"0,0",,,,,33,"3,1","10,0",14:50,"8,9","1021,1",24,"1016,8",15
2022-01-01,C619Y,LA ALDEA DE SAN NICOLÁS,LAS PALMAS,13,"18,6","0,0","12,4",07:40,"24,8",15:20,32,"3,3","6,7",13:40,"8,9","1023,5",23,"1020,4",05
2022-01-02,C619Y,LA ALDEA DE SAN NICOLÁS,LAS PALMAS,13,"18,4","0,0","11,6",03:20,"25,2",15:00,26,"3,1","7,5",17:20,"9,0","1025,1",Varias,"1022,6",17
2022-01-03,C619Y,LA ALDEA DE SAN NICOLÁS,LAS PALMAS,13,"17,7","0,0","9,4",06:00,"26,0",14:50,30,"3,1","7,5",14:10,"9,0","1024,5",Varias,"1020,7",16
2022-01-04,C619Y,LA ALDEA DE SAN NICOLÁS,LAS PALMAS,13,"17,2","0,0","8,9",07:00,"25,6",16:20,02,"1,9","17,5",18:30,"9,1","1023,1",11,"1020,1",16
2022-01-05,C619Y,LA ALDEA DE SAN NICOLÁS,LAS PALMAS,13,"17,4","0,0","12,0",08:00,"22,7",14:30,03,"7,5","20,0",16:00,"9,1","1023,3",11,"1020,5",15
2022-01-06,C619Y,LA ALDEA DE SAN NICOLÁS,LAS PALMAS,13,"20,0","0,0","17,5",07:30,"22,6",14:20,10,"7,8","21,9",19:30,"8,6","1022,6",02,"1020,5",15
2022-01-07,C619Y,LA ALDEA DE SAN NICOLÁS,LAS PALMAS,13,"20,1","0,0","17,3",08:20,"22,9",15:40,07,"8,1","21,9",00:10,"5,9","1022,3",10,"1018,5",16
2022-01-08,C619Y,LA ALDEA DE SAN NICOLÁS,LAS PALMAS,13,"18,8","0,0","14,3",22:50,"23,2",13:20,02,"6,1","17,8",04:40,"9,2","1021,0",11,"1017,9",15
2022-01-09,C619Y,LA ALDEA DE SAN NICOLÁS,LAS PALMAS,13,"19,0","0,0","13,4",08:00,"24,6",12:40,02,"3,1","8,3",14:30,"6,1","1022,7",10,"1019,4",17
2022-01-10,C619Y,LA ALDEA DE SAN NICOLÁS,LAS PALMAS,13,"17,2","0,0","13,3",23:59,"21,2",13:50,30,"2,5","7,8",14:00,"0,7","1020,7",00,"1015,9",16
2022-01-11,C619Y,LA ALDEA DE SAN NICOLÁS,LAS PALMAS,13,"17,0","0,0","10,6",03:50,"23,3",16:40,01,"2,8","10,3",15:30,"9,1","1018,6",24,"1015,7",Varias
2022-01-12,C619Y,LA ALDEA DE SAN NICOLÁS,LAS PALMAS,13,"16,1","0,0","10,2",06:30,"22,0",14:40,26,"3,1","7,2",14:40,"8,7","1019,7",10,"1016,6",15
2022-01-13,C619Y,LA ALDEA DE SAN NICOLÁS,LAS PALMAS,13,"15,8","0,0","9,3",07:50,"22,3",13:20,30,"3,1","6,4",13:20,"9,2","1019,5",10,"1016,9",16
2022-01-14,C619Y,LA ALDEA DE SAN NICOLÁS,LAS PALMAS,13,"19,0","0,0","10,4",07:50,"27,7",12:50,16,"3,1","12,8",10:40,"9,0","1019,5",22,"1017,1",Varias
2022-01-15,C619Y,LA ALDEA DE SAN NICOLÁS,LAS PALMAS,13,"18,6","0,0","13,8",00:10,"23,4",14:00,11,"2,5","8,3",01:50,"8,6","1019,8",10,"1016,6",17
2022-01-16,C619Y,LA ALDEA DE SAN NICOLÁS,LAS PALMAS,13,"19,4","1,6","14,9",06:10,"23,8",13:10,13,"1,9","13,6",22:10,"7,6","1019,7",00,"1016,2",15
2022-01-17,C619Y,LA ALDEA DE SAN NICOLÁS,LAS PALMAS,13,"20,6","4,2","16,4",08:40,"24,7",12:40,18,"1,7","11,1",02:30,"2,0","1021,6",22,"1017,9",00
2022-01-18,C619Y,LA ALDEA DE SAN NICOLÁS,LAS PALMAS,13,"19,1","0,0","14,5",Varias,"23,7",16:40,02,"2,2","8,3",01:10,"8,6","1020,9",00,"1017,4",16
2022-01-19,C619Y,LA ALDEA DE SAN NICOLÁS,LAS PALMAS,13,"17,8","0,0","11,9",04:30,"23,8",11:10,17,"2,2","8,6",11:00,"6,5","1020,8",00,"1016,4",17
2022-01-20,C619Y,LA ALDEA DE SAN NICOLÁS,LAS PALMAS,13,,"0,0",,,,,13,"3,9","15,6",11:00,"8,6","1017,4",00,"1010,9",15
2022-01-21,C619Y,LA ALDEA DE SAN NICOLÁS,LAS PALMAS,13,"16,7","0,0","11,2",06:50,"22,2",16:10,29,"4,4","10,3",13:10,"4,7","1013,3",23,"1010,1",16
2022-01-22,C619Y,LA ALDEA DE SAN NICOLÁS,LAS PALMAS,13,"17,6","0,0","12,2",07:00,"23,0",16:20,99,"4,4","9,2",Varias,"8,8","1018,0",Varias,"1012,8",03
2022-01-23,C619Y,LA ALDEA DE SAN NICOLÁS,LAS PALMAS,13,"16,0","0,0","10,2",08:00,"21,7",14:50,26,"3,6","9,2",14:50,"8,4","1021,4",24,"1017,5",05
2022-01-24,C619Y,LA ALDEA DE SAN NICOLÁS,LAS PALMAS,13,"17,6","0,0","12,7",08:00,"22,6",13:20,04,"2,8","7,2",22:40,"8,0","1023,0",24,"1019,7",05
2022-01-25,C619Y,LA ALDEA DE SAN NICOLÁS,LAS PALMAS,13,"20,4","1,4","17,4",22:50,"23,5",13:40,08,"5,8","18,3",11:20,"7,3","1022,9",00,"1019,8",15
2022-01-26,C619Y,LA ALDEA DE SAN NICOLÁS,LAS PALMAS,13,"19,6","3,4","15,8",04:40,"23,4",13:40,10,"6,4","18,6",04:00,"5,2","1020,9",00,"1016,6",18
2022-01-27,C619Y,LA ALDEA DE SAN NICOLÁS,LAS PALMAS,13,"17,0",,"12,2",23:59,"21,8",15:50,05,"3,1","15,6",17:30,"6,9","1018,3",00,"1014,2",16
2022-01-28,C619Y,LA ALDEA DE SAN NICOLÁS,LAS PALMAS,13,"15,5","0,0","9,3",08:00,"21,7",15:20,06,"3,3","14,7",18:10,"9,3","1017,3",Varias,"1014,3",16
2022-01-29,C619Y,LA ALDEA DE SAN NICOLÁS,LAS PALMAS,13,"18,0","0,0","13,3",01:30,"22,8",14:20,06,"4,2","13,1",15:50,"4,3","1018,9",23,"1015,6",15
2022-01-30,C619Y,LA ALDEA DE SAN NICOLÁS,LAS PALMAS,13,"16,4","0,0","11,5",08:00,"21,4",14:40,29,"2,5","6,4",13:10,"8,8","1019,5",23,"1015,4",17
2022-01-31,C619Y,LA ALDEA DE SAN NICOLÁS,LAS PALMAS,13,"16,2","0,0","10,5",06:40,"22,0",14:40,03,"4,4","12,8",16:50,"9,2","1021,3",11,"1017,3",17
2022-02-01,C619Y,LA ALDEA DE SAN NICOLÁS,LAS PALMAS,13,"18,3","0,6","13,4",01:40,"23,2",15:40,28,"3,1","9,2",13:10,"1,0","1019,3",00,"1016,3",16
2022-02-02,C619Y,LA ALDEA DE SAN NICOLÁS,LAS PALMAS,13,"22,0","1,6","17,1",00:50,"26,9",13:00,04,"5,6","15,3",18:30,"3,9","1022,3",23,"1015,7",14
2022-02-03,C619Y,LA ALDEA DE SAN NICOLÁS,LAS PALMAS,13,"23,6","0,0","17,3",23:59,"30,0",11:00,16,"3,3","14,2",08:50,"4,4","1020,4",00,"1015,4",Varias
2022-02-04,C619Y,LA ALDEA DE SAN NICOLÁS,LAS PALMAS,13,"21,8","0,0","15,2",23:59,"28,5",15:30,15,"4,2","12,8",03:30,"6,0","1017,5",Varias,"1014,4",15
2022-02-05,C619Y,LA ALDEA DE SAN NICOLÁS,LAS PALMAS,13,"18,2","0,0","11,5",07:00,"24,8",15:50,29,"3,3","6,7",12:00,"9,5","1017,5",00,"1013,5",Varias
2022-02-06,C619Y,LA ALDEA DE SAN NICOLÁS,LAS PALMAS,13,"18,4","0,0","10,7",07:30,"26,0",16:10,99,"4,4","14,2",Varias,"9,5","1016,6",00,"1013,1",Varias
2022-02-07,C619Y,LA ALDEA DE SAN NICOLÁS,LAS PALMAS,13,"19,7","0,0","11,4",08:10,"28,0",13:10,03,"2,5","10,8",00:50,"9,5","1016,1",00,"1012,5",16
2022-02-08,C619Y,LA ALDEA DE SAN NICOLÁS,LAS PALMAS,13,"23,0","0,0","14,9",04:50,"31,1",16:00,12,"2,5","14,7",11:30,"8,7","1015,8",24,"1011,8",16
2022-02-09,C619Y,LA ALDEA DE SAN NICOLÁS,LAS PALMAS,13,"23,8","0,0","14,3",04:10,"33,2",15:10,15,"3,9","14,2",12:10,"4,1","1020,0",22,"1014,9",06
2022-02-10,C619Y,LA ALDEA DE SAN NICOLÁS,LAS PALMAS,13,"22,9","0,0","16,2",07:30,"29,6",10:40,29,"3,6","10,0",02:00,"9,7","1022,2",22,"1017,9",02
2022-02-11,C619Y,LA ALDEA DE SAN NICOLÁS,LAS PALMAS,13,"20,8","0,0","14,5",05:00,"27,2",13:00,04,"2,5","12,2",23:20,"8,7","1023,1",09,"1019,4",16
2022-02-12,C619Y,LA ALDEA DE SAN NICOLÁS,LAS PALMAS,13,"18,5","0,0","14,9",03:40,"22,1",14:20,06,"6,9","17,8",13:50,"10,1","1022,9",11,"1019,7",16
2022-02-13,C619Y,LA ALDEA DE SAN NICOLÁS,LAS PALMAS,13,"17,8","0,0","12,1",05:20,"23,6",14:10,06,"6,1","14,7",22:50,"10,1","1023,3",Varias,"1019,3",16
2022-02-14,C619Y,LA ALDEA DE SAN NICOLÁS,LAS PALMAS,13,"17,8","0,0","11,5",08:10,"24,0",13:00,06,"4,7","15,0",13:00,"10,2","1024,2",23,"1020,8",Varias
2022-02-15,C619Y,LA ALDEA DE SAN NICOLÁS,LAS PALMAS,13,"19,2","0,0","15,1",07:30,"23,3",12:00,06,"7,8","21,1",15:30,"10,2","1025,9",24,"1022,7",15
2022-02-16,C619Y,LA ALDEA DE SAN NICOLÁS,LAS PALMAS,13,"19,0","0,0","14,1",23:59,"23,9",15:40,03,"5,8","18,6",12:40,"10,2","1026,1",10,"1022,8",17
2022-02-17,C619Y,LA ALDEA DE SAN NICOLÁS,LAS PALMAS,13,"18,4","0,0","12,0",03:50,"24,8",13:00,03,"6,4","14,2",04:50,"10,2","1025,0",00,"1019,5",18
2022-02-18,C619Y,LA ALDEA DE SAN NICOLÁS,LAS PALMAS,13,"19,3","0,0","16,9",07:00,"21,7",14:10,08,"5,3","19,7",18:20,"10,4","1022,2",Varias,"1019,1",17
2022-02-19,C619Y,LA ALDEA DE SAN NICOLÁS,LAS PALMAS,13,"20,2","1,0","16,2",21:30,"24,2",14:40,09,"6,7","19,2",18:10,"9,2","1024,6",24,"1019,6",05
2022-02-20,C619Y,LA ALDEA DE SAN NICOLÁS,LAS PALMAS,13,"19,1","0,0","15,8",05:00,"22,4",13:50,08,"4,7","19,7",07:40,"4,9","1024,3",00,"1020,5",17
2022-02-21,C619Y,LA ALDEA DE SAN NICOLÁS,LAS PALMAS,13,"16,5","1,4","11,5",07:30,"21,5",15:50,08,"3,1","9,4",00:50,"5,6","1021,3",01,"1017,6",Varias
2022-02-22,C619Y,LA ALDEA DE SAN NICOLÁS,LAS PALMAS,13,"16,2","0,0","10,0",04:50,"22,3",15:20,03,"4,2","10,6",14:40,"10,2","1019,2",00,"1012,0",18
2022-02-23,C619Y,LA ALDEA DE SAN NICOLÁS,LAS PALMAS,13,"16,1","0,0","9,9",07:10,"22,3",13:50,04,"5,0","12,5",18:40,"8,4","1016,2",23,"1013,5",04
2022-02-24,C619Y,LA ALDEA DE SAN NICOLÁS,LAS PALMAS,13,"18,4","0,0","11,9",07:40,"24,9",13:50,10,"3,9","17,8",18:10,"9,1","1016,9",10,"1014,1",17
2022-02-25,C619Y,LA ALDEA DE SAN NICOLÁS,LAS PALMAS,13,"21,2","2,0","17,9",23:30,"24,5",12:10,08,"5,3","15,8",12:10,"5,6","1016,7",12,"1014,3",18
2022-02-26,C619Y,LA ALDEA DE SAN NICOLÁS,LAS PALMAS,13,"18,1","16,0","16,0",06:30,"20,2",17:30,29,"3,9","22,2",07:40,"2,4","1018,3",22,"1014,0",04
2022-02-27,C619Y,LA ALDEA DE SAN NICOLÁS,LAS PALMAS,13,"18,8","0,0","16,9",01:10,"20,6",16:00,11,"8,3","22,8",15:30,"1,8","1020,6",24,"1016,2",04
2022-02-28,C619Y,LA ALDEA DE SAN NICOLÁS,LAS PALMAS,13,"19,8","0,0","16,2",03:00,"23,3",14:00,09,"7,2","23,3",15:50,"7,5","1022,1",23,"1018,6",16
2022-03-01,C619Y,LA ALDEA DE SAN NICOLÁS,LAS PALMAS,13,"20,4","0,0","17,6",02:50,"23,1",13:40,09,"7,8","24,4",21:20,"9,5","1023,8",23,"1020,2",05
2022-03-02,C619Y,LA ALDEA DE SAN NICOLÁS,LAS PALMAS,13,"20,2","0,0","17,8",04:20,"22,5",15:20,05,"8,1","21,9",16:20,"10,5","1025,9",24,"1022,4",Varias
2022-03-03,C619Y,LA ALDEA DE SAN NICOLÁS,LAS PALMAS,13,"20,1","0,0","17,5",06:40,"22,7",15:30,11,"6,7","22,2",13:00,"9,8","1025,9",10,"1022,6",15
2022-03-04,C619Y,LA ALDEA DE SAN NICOLÁS,LAS PALMAS,13,"19,4","0,0","16,1",05:00,"22,8",13:30,11,"5,6","20,6",19:50,"5,7","1024,7",00,"1021,3",18
2022-03-05,C619Y,LA ALDEA DE SAN NICOLÁS,LAS PALMAS,13,"19,6","0,0","15,4",07:40,"23,9",14:00,07,"7,5","22,8",18:50,"6,8","1022,7",11,"1018,3",18
2022-03-06,C619Y,LA ALDEA DE SAN NICOLÁS,LAS PALMAS,13,"20,8","0,4","17,0",02:40,"24,6",14:00,12,"6,1","17,2",00:30,"7,5","1020,9",01,"1016,4",16
2022-03-07,C619Y,LA ALDEA DE SAN NICOLÁS,LAS PALMAS,13,"18,4","0,0","14,1",23:40,"22,8",14:50,07,"3,9","23,9",18:30,"10,8","1020,2",23,"1016,3",05
2022-03-08,C619Y,LA ALDEA DE SAN NICOLÁS,LAS PALMAS,13,"17,6","0,0","13,1",07:20,"22,1",15:20,07,"5,3","15,3",12:30,"10,8","1020,3",00,"1017,2",18
2022-03-09,C619Y,LA ALDEA DE SAN NICOLÁS,LAS PALMAS,13,"18,2","0,0","12,4",05:00,"24,0",13:00,06,"3,3","16,9",21:30,"10,8","1020,3",23,"1016,6",17
2022-03-10,C619Y,LA ALDEA DE SAN NICOLÁS,LAS PALMAS,13,"17,0","0,0","12,3",06:40,"21,7",13:50,06,"5,8","17,2",21:20,"10,9","1021,2",23,"1018,0",17
2022-03-11,C619Y,LA ALDEA DE SAN NICOLÁS,LAS PALMAS,13,"17,2","0,0","11,1",07:20,"23,4",15:20,09,"6,1","18,6",19:30,"10,8","1022,0",12,"1019,1",Varias
2022-03-12,C619Y,LA ALDEA DE SAN NICOLÁS,LAS PALMAS,13,"19,4","0,0","14,7",07:50,"24,0",14:30,10,"4,7","18,6",22:40,"11,0","1021,6",11,"1018,8",17
2022-03-13,C619Y,LA ALDEA DE SAN NICOLÁS,LAS PALMAS,13,"21,4","0,0","17,5",04:00,"25,4",14:00,09,"4,4","13,9",01:10,"8,4","1019,8",00,"1016,1",18
2022-03-14,C619Y,LA ALDEA DE SAN NICOLÁS,LAS PALMAS,13,"16,6","1,4","13,2",20:20,"20,1",16:00,36,"5,8","23,1",12:40,"4,7","1016,6",01,"1012,4",17
2022-03-15,C619Y,LA ALDEA DE SAN NICOLÁS,LAS PALMAS,13,"17,5","1,4","14,2",01:50,"20,8",18:00,31,"4,7","20,8",08:10,"2,8","1019,2",23,"1012,1",05
2022-03-16,C619Y,LA ALDEA DE SAN NICOLÁS,LAS PALMAS,13,"18,6","0,6","16,1",07:00,"21,1",10:40,08,"5,0","20,3",19:10,"2,6","1021,0",24,"1017,3",05
2022-03-17,C619Y,LA ALDEA DE SAN NICOLÁS,LAS PALMAS,13,"20,2","0,0","17,0",23:40,"23,4",14:30,08,"7,2","19,4",09:40,"2,6","1021,5",11,"1018,2",18
2022-03-18,C619Y,LA ALDEA DE SAN NICOLÁS,LAS PALMAS,13,"18,0","0,0","13,4",06:30,"22,7",12:00,07,"4,2","17,2",02:30,"5,5","1018,9",00,"1015,7",17
2022-03-19,C619Y,LA ALDEA DE SAN NICOLÁS,LAS PALMAS,13,"18,7","0,0","13,9",05:10,"23,5",13:30,08,"4,2","14,7",17:40,"4,9","1017,5",23,"1014,7",15
2022-03-20,C619Y,LA ALDEA DE SAN NICOLÁS,LAS PALMAS,13,"20,4","0,0","16,7",04:20,"24,1",12:30,10,"4,7","18,1",19:20,"8,9","1019,6",22,"1015,6",Varias
2022-03-21,C619Y,LA ALDEA DE SAN NICOLÁS,LAS PALMAS,13,"19,6","0,0","15,5",02:50,"23,8",15:10,07,"3,6","18,3",19:10,"11,3","1019,8",22,"1017,8",06
2022-03-22,C619Y,LA ALDEA DE SAN NICOLÁS,LAS PALMAS,13,"19,3","4,0","14,6",05:50,"24,0",16:20,10,"3,3","13,9",19:00,"8,1","1019,6",10,"1016,8",16
2022-03-23,C619Y,LA ALDEA DE SAN NICOLÁS,LAS PALMAS,13,"18,9","0,0","15,5",03:00,"22,3",16:20,08,"4,4","15,8",13:20,"6,7","1018,7",00,"1016,0",17
2022-03-24,C619Y,LA ALDEA DE SAN NICOLÁS,LAS PALMAS,13,"20,4","0,0","16,3",07:00,"24,6",14:50,08,"3,9","15,3",16:00,"9,4","1016,8",00,"1013,2",16
2022-03-25,C619Y,LA ALDEA DE SAN NICOLÁS,LAS PALMAS,13,"19,4","0,0","14,9",23:59,"23,9",15:30,08,"2,5","12,2",16:50,"7,2","1015,3",00,"1012,5",17
2022-03-26,C619Y,LA ALDEA DE SAN NICOLÁS,LAS PALMAS,13,"18,6","0,0","10,9",07:10,"26,3",16:00,24,"3,3","11,9",14:40,"11,1","1013,6",00,"1007,3",Varias
2022-03-27,C619Y,LA ALDEA DE SAN NICOLÁS,LAS PALMAS,13,"19,4","5,8","16,5",08:20,"22,2",13:50,25,"3,9","13,3",08:10,"2,7","1010,7",23,"1004,9",04
2022-03-28,C619Y,LA ALDEA DE SAN NICOLÁS,LAS PALMAS,13,"19,7","3,0","17,4",01:20,"22,0",12:00,15,"5,3","20,0",13:00,"4,9","1011,5",24,"1007,5",17
2022-03-29,C619Y,LA ALDEA DE SAN NICOLÁS,LAS PALMAS,13,"21,2","0,0","16,9",07:50,"25,6",13:50,11,"3,6","15,8",00:40,"11,2","1015,9",23,"1011,1",00
2022-03-30,C619Y,LA ALDEA DE SAN NICOLÁS,LAS PALMAS,13,"20,7","0,0","16,9",05:30,"24,5",13:00,06,"6,1","18,9",15:20,"10,2","1017,9",23,"1014,7",05
2022-03-31,C619Y,LA ALDEA DE SAN NICOLÁS,LAS PALMAS,13,"20,4","0,0","17,6",02:00,"23,3",13:10,07,"5,6","24,7",13:00,"11,3","1018,4",22,"1015,2",17
2022-04-01,C619Y,LA ALDEA DE SAN NICOLÁS,LAS PALMAS,13,"20,0","0,0","17,5",07:00,"22,4",13:40,08,"8,3","18,6",09:30,"11,5","1017,9",00,"1012,7",16
2022-04-02,C619Y,LA ALDEA DE SAN NICOLÁS,LAS PALMAS,13,"21,6","0,0","17,4",01:50,"25,8",13:10,02,"2,5","10,8",02:20,"6,9","1013,7",01,"1009,1",16
2022-04-03,C619Y,LA ALDEA DE SAN NICOLÁS,LAS PALMAS,13,"19,4","1,2","14,9",05:30,"23,9",15:50,18,"4,4","16,4",14:20,"5,7","1009,5",00,"1001,7",18
2022-04-04,C619Y,LA ALDEA DE SAN NICOLÁS,LAS PALMAS,13,"20,4","0,2","16,6",04:40,"24,3",14:40,12,"5,3","16,4",21:50,"6,6","1014,7",24,"1002,5",Varias
2022-04-05,C619Y,LA ALDEA DE SAN NICOLÁS,LAS PALMAS,13,"20,6","0,0","15,7",06:10,"25,4",14:40,08,"4,2","13,9",16:00,"9,2","1020,9",22,"1014,2",03
2022-04-06,C619Y,LA ALDEA DE SAN NICOLÁS,LAS PALMAS,13,"20,5","0,0","16,3",04:00,"24,7",13:40,11,"6,4","18,1",23:30,"8,2","1022,9",22,"1019,2",06
2022-04-07,C619Y,LA ALDEA DE SAN NICOLÁS,LAS PALMAS,13,"19,0","0,0","14,6",06:10,"23,3",15:00,08,"5,0","22,5",19:20,"11,7","1023,6",10,"1020,1",17
2022-04-08,C619Y,LA ALDEA DE SAN NICOLÁS,LAS PALMAS,13,"19,4","0,0","15,6",05:30,"23,2",14:50,05,"5,8","20,8",20:50,"11,8","1022,4",01,"1018,9",16
2022-04-09,C619Y,LA ALDEA DE SAN NICOLÁS,LAS PALMAS,13,"18,0","0,0","12,2",05:30,"23,7",14:10,04,"5,0","15,3",20:30,"11,7","1020,0",00,"1013,8",16
2022-04-10,C619Y,LA ALDEA DE SAN NICOLÁS,LAS PALMAS,13,"17,0","0,0","11,3",06:00,"22,8",13:00,06,"3,3","11,1",00:10,"11,8","1014,0",00,"1010,7",17
2022-04-11,C619Y,LA ALDEA DE SAN NICOLÁS,LAS PALMAS,13,"19,2","0,0","14,2",01:00,"24,1",17:10,05,"2,5","15,0",19:30,"9,7","1015,4",24,"1011,2",03
2022-04-12,C619Y,LA ALDEA DE SAN NICOLÁS,LAS PALMAS,13,"21,4","0,0","18,0",07:00,"24,9",11:50,08,"5,6","20,3",18:10,"10,7","1016,6",22,"1013,6",05
2022-04-13,C619Y,LA ALDEA DE SAN NICOLÁS,LAS PALMAS,13,"21,2","1,8","17,9",03:00,"24,4",14:00,08,"6,7","21,7",18:40,"8,7","1017,0",11,"1013,5",16
2022-04-14,C619Y,LA ALDEA DE SAN NICOLÁS,LAS PALMAS,13,"20,5","0,0","17,6",06:00,"23,4",12:40,06,"11,1","30,0",16:40,"11,5","1016,5",00,"1013,0",06
2022-04-15,C619Y,LA ALDEA DE SAN NICOLÁS,LAS PALMAS,13,"20,0","0,0","17,5",06:00,"22,5",15:20,04,"10,8","22,8",22:00,"11,8","1015,2",00,"1012,0",19
2022-04-16,C619Y,LA ALDEA DE SAN NICOLÁS,LAS PALMAS,13,"19,1","0,0","12,5",07:20,"25,7",11:10,36,"5,3","19,4",00:50,"11,6","1013,5",00,"1010,7",18
2022-04-17,C619Y,LA ALDEA DE SAN NICOLÁS,LAS PALMAS,13,"24,3","0,0","14,8",05:40,"33,8",15:00,99,"3,9","13,3",16:30,"9,8","1011,7",00,"1007,2",19
2022-04-18,C619Y,LA ALDEA DE SAN NICOLÁS,LAS PALMAS,13,"23,6","0,0","17,8",05:10,"29,3",15:20,28,"3,9","11,1",12:50,"11,3","1013,3",24,"1008,2",05
2022-04-19,C619Y,LA ALDEA DE SAN NICOLÁS,LAS PALMAS,13,"19,6","0,0","15,9",05:30,"23,3",12:20,05,"8,9","24,7",21:10,"10,9","1016,3",23,"1011,3",03
2022-04-20,C619Y,LA ALDEA DE SAN NICOLÁS,LAS PALMAS,13,"20,2","0,0","17,4",06:00,"23,1",14:10,06,"10,6","26,7",16:00,"11,4","1019,2",Varias,"1015,1",04
2022-04-21,C619Y,LA ALDEA DE SAN NICOLÁS,LAS PALMAS,13,"20,9",,"17,1",05:00,"24,7",14:20,06,"5,6","18,9",15:00,"10,9","1018,9",00,"1014,1",18
2022-04-22,C619Y,LA ALDEA DE SAN NICOLÁS,LAS PALMAS,13,,"0,0",,,,,06,"3,6","11,9",14:20,"7,5","1015,8",24,"1013,0",05
2022-04-23,C619Y,LA ALDEA DE SAN NICOLÁS,LAS PALMAS,13,"20,2","0,0","15,9",02:20,"24,6",14:20,09,"3,3","10,6",05:40,"4,8","1016,6",10,"1013,7",05
2022-04-24,C619Y,LA ALDEA DE SAN NICOLÁS,LAS PALMAS,13,"20,8","0,0","15,8",03:30,"25,9",13:40,05,"3,6","10,8",11:50,"11,7","1015,9",00,"1013,3",16
2022-04-25,C619Y,LA ALDEA DE SAN NICOLÁS,LAS PALMAS,13,"20,4","0,2","13,5",05:20,"27,3",16:00,09,"2,2","15,3",22:50,"5,9","1014,2",00,"1010,2",Varias
2022-04-26,C619Y,LA ALDEA DE SAN NICOLÁS,LAS PALMAS,13,"22,3","0,0","17,9",06:00,"26,7",13:10,12,"6,1","16,4",12:40,"11,5","1017,7",23,"1012,3",Varias
2022-04-27,C619Y,LA ALDEA DE SAN NICOLÁS,LAS PALMAS,13,"21,6","0,0","17,5",06:00,"25,6",13:50,07,"6,1","24,4",15:20,"12,0","1018,6",22,"1015,4",15
2022-04-28,C619Y,LA ALDEA DE SAN NICOLÁS,LAS PALMAS,13,"20,5","0,0","17,9",05:00,"23,1",15:40,06,"9,4","23,6",02:00,"11,8","1018,9",23,"1015,8",17
2022-04-29,C619Y,LA ALDEA DE SAN NICOLÁS,LAS PALMAS,13,"20,3","0,0","17,9",03:30,"22,7",12:10,05,"9,2","21,1",03:50,"11,4","1018,6",00,"1015,2",16
2022-04-30,C619Y,LA ALDEA DE SAN NICOLÁS,LAS PALMAS,13,"20,4","0,0","18,1",03:00,"22,7",12:30,05,"9,2","21,1",12:10,"12,1","1020,0",Varias,"1016,9",16
2022-05-01,C619Y,LA ALDEA DE SAN NICOLÁS,LAS PALMAS,13,"21,3","0,0","18,8",23:59,"23,8",14:10,06,"9,2","20,0",07:00,"12,1","1020,5",Varias,"1018,0",05
2022-05-02,C619Y,LA ALDEA DE SAN NICOLÁS,LAS PALMAS,13,"19,6","0,0","16,1",03:20,"23,0",15:00,03,"10,0","22,8",10:00,"12,0","1020,1",00,"1016,9",17
2022-05-03,C619Y,LA ALDEA DE SAN NICOLÁS,LAS PALMAS,13,"21,8","0,0","17,9",04:40,"25,6",12:40,08,"6,4","22,8",14:30,"10,5","1018,3",00,"1014,0",17
2022-05-04,C619Y,LA ALDEA DE SAN NICOLÁS,LAS PALMAS,13,"21,6","0,0","17,5",05:00,"25,7",13:50,09,"6,1","21,9",14:20,"11,2","1018,4",23,"1015,1",16
2022-05-05,C619Y,LA ALDEA DE SAN NICOLÁS,LAS PALMAS,13,"20,6","0,0","17,4",04:20,"23,9",13:40,04,"7,5","18,1",17:20,"12,2","1019,8",23,"1016,4",05
2022-05-06,C619Y,LA ALDEA DE SAN NICOLÁS,LAS PALMAS,13,"19,1","0,0","13,7",06:40,"24,5",15:00,02,"6,4","18,3",17:00,"12,1","1019,2",00,"1015,6",17
2022-05-07,C619Y,LA ALDEA DE SAN NICOLÁS,LAS PALMAS,13,"19,7","0,0","14,9",07:00,"24,5",13:50,02,"6,4","16,9",15:30,"12,1","1017,5",00,"1012,8",17
2022-05-08,C619Y,LA ALDEA DE SAN NICOLÁS,LAS PALMAS,13,"19,8","0,0","14,6",05:00,"24,9",14:30,01,"6,4","18,3",11:40,"11,8","1014,0",00,"1011,0",17
2022-05-09,C619Y,LA ALDEA DE SAN NICOLÁS,LAS PALMAS,13,"22,1","0,0","14,0",06:10,"30,2",13:10,01,"2,2","12,8",11:50,"11,4","1014,1",23,"1011,1",18
2022-05-10,C619Y,LA ALDEA DE SAN NICOLÁS,LAS PALMAS,13,"24,4","0,2","19,5",01:30,"29,3",17:10,30,"3,3","12,2",12:00,"9,8","1014,4",22,"1011,9",18
2022-05-11,C619Y,LA ALDEA DE SAN NICOLÁS,LAS PALMAS,13,"22,2","0,0","19,5",07:00,"24,9",14:20,26,"4,2","15,3",15:40,"11,7","1014,8",24,"1011,9",03
2022-05-12,C619Y,LA ALDEA DE SAN NICOLÁS,LAS PALMAS,13,"21,2","0,0","17,0",03:30,"25,4",13:50,34,"6,7","15,6",18:10,"9,6","1018,1",Varias,"1013,4",04
2022-05-13,C619Y,LA ALDEA DE SAN NICOLÁS,LAS PALMAS,13,"22,8","0,0","19,5",06:20,"26,0",14:20,08,"4,2","11,1",01:50,"9,7","1018,7",05,"1014,8",08
2022-05-14,C619Y,LA ALDEA DE SAN NICOLÁS,LAS PALMAS,13,"22,2","0,0","17,8",06:00,"26,7",13:40,03,"4,7","12,5",16:10,"12,1","1018,8",23,"1015,8",05
2022-05-15,C619Y,LA ALDEA DE SAN NICOLÁS,LAS PALMAS,13,"20,3","0,0","15,0",07:00,"25,6",14:40,02,"4,7","13,3",16:00,"12,4","1020,1",24,"1017,1",18
2022-05-16,C619Y,LA ALDEA DE SAN NICOLÁS,LAS PALMAS,13,"19,9","0,0","13,8",06:00,"26,0",13:30,02,"4,7","13,3",17:30,"12,4","1020,8",23,"1018,2",Varias
2022-05-17,C619Y,LA ALDEA DE SAN NICOLÁS,LAS PALMAS,13,"20,7","0,0","16,1",06:20,"25,3",15:10,04,"7,5","17,5",13:20,"12,5","1020,5",00,"1016,9",Varias
2022-05-18,C619Y,LA ALDEA DE SAN NICOLÁS,LAS PALMAS,13,"22,4","0,0","18,3",06:00,"26,4",14:40,99,"6,4","17,8",Varias,"12,5","1018,4",00,"1014,1",18
2022-05-19,C619Y,LA ALDEA DE SAN NICOLÁS,LAS PALMAS,13,"21,7","0,0","18,1",06:00,"25,3",16:20,07,"5,6","18,9",19:30,"12,5","1015,8",00,"1012,5",17
2022-05-20,C619Y,LA ALDEA DE SAN NICOLÁS,LAS PALMAS,13,"23,3","0,0","20,1",06:00,"26,5",15:30,08,"6,9","22,2",17:40,"12,1","1017,9",23,"1014,2",03
2022-05-21,C619Y,LA ALDEA DE SAN NICOLÁS,LAS PALMAS,13,"22,5","0,0","19,8",Varias,"25,2",14:40,06,"8,3","23,9",18:10,"12,6","1018,3",08,"1016,2",Varias
2022-05-22,C619Y,LA ALDEA DE SAN NICOLÁS,LAS PALMAS,13,"22,2","0,0","19,4",Varias,"24,9",14:10,06,"8,6","24,2",17:00,"12,4","1017,8",00,"1014,4",19
2022-05-23,C619Y,LA ALDEA DE SAN NICOLÁS,LAS PALMAS,13,"22,6","0,0","19,6",05:40,"25,5",16:00,07,"7,8","22,8",17:10,"12,5","1015,8",23,"1013,3",17
2022-05-24,C619Y,LA ALDEA DE SAN NICOLÁS,LAS PALMAS,13,"22,7","0,0","19,3",05:40,"26,1",14:20,06,"6,9","24,4",14:40,"11,2","1016,7",23,"1014,0",17
2022-05-25,C619Y,LA ALDEA DE SAN NICOLÁS,LAS PALMAS,13,"22,6","0,0","19,6",23:59,"25,7",14:40,06,"9,2","22,5",10:40,"10,1","1017,5",11,"1015,2",04
2022-05-26,C619Y,LA ALDEA DE SAN NICOLÁS,LAS PALMAS,13,"21,6","0,0","18,8",07:20,"24,5",14:30,05,"5,6","16,4",00:50,"12,6","1017,5",23,"1014,8",03
2022-05-27,C619Y,LA ALDEA DE SAN NICOLÁS,LAS PALMAS,13,"21,9","0,0","18,4",06:50,"25,4",14:50,04,"5,8","15,3",20:50,"12,6","1017,2",12,"1014,5",04
2022-05-28,C619Y,LA ALDEA DE SAN NICOLÁS,LAS PALMAS,13,"21,4","0,0","16,2",06:40,"26,5",13:00,06,"2,5","12,8",17:30,"11,2","1016,8",Varias,"1014,8",Varias
2022-05-29,C619Y,LA ALDEA DE SAN NICOLÁS,LAS PALMAS,13,"22,0","0,0","17,7",06:50,"26,4",15:10,99,"3,1","8,9",Varias,"11,1","1016,2",00,"1013,1",16
2022-05-30,C619Y,LA ALDEA DE SAN NICOLÁS,LAS PALMAS,13,"23,3","0,0","19,1",06:50,"27,5",16:20,27,"3,9","12,2",11:50,"12,5","1013,9",00,"1009,9",17
2022-05-31,C619Y,LA ALDEA DE SAN NICOLÁS,LAS PALMAS,13,"25,0","0,0","21,4",06:00,"28,5",14:20,24,"4,4","11,4",13:50,"11,8","1016,0",23,"1010,8",03
2022-06-01,C619Y,LA ALDEA DE SAN NICOLÁS,LAS PALMAS,13,"22,5","0,0","18,0",06:20,"27,0",15:20,03,"4,2","14,7",11:30,"11,5","1017,7",24,"1013,9",03
2022-06-02,C619Y,LA ALDEA DE SAN NICOLÁS,LAS PALMAS,13,"24,1","0,0","20,2",03:00,"28,0",12:50,10,"4,2","15,0",10:50,"9,9","1017,7",00,"1015,8",05
2022-06-03,C619Y,LA ALDEA DE SAN NICOLÁS,LAS PALMAS,13,"24,0","0,0","20,2",06:30,"27,8",14:50,10,"5,0","18,3",21:10,"11,3","1018,7",Varias,"1016,3",03
2022-06-04,C619Y,LA ALDEA DE SAN NICOLÁS,LAS PALMAS,13,"23,2","0,0","20,1",06:00,"26,3",15:00,08,"5,8","23,9",16:10,"12,0","1020,5",22,"1017,0",Varias
2022-06-05,C619Y,LA ALDEA DE SAN NICOLÁS,LAS PALMAS,13,"23,9","0,0","20,3",02:40,"27,5",15:00,05,"7,5","24,7",23:20,"12,6","1020,3",Varias,"1017,7",15
2022-06-06,C619Y,LA ALDEA DE SAN NICOLÁS,LAS PALMAS,13,"22,9","0,0","20,3",04:50,"25,5",13:00,08,"11,4","24,2",10:30,"12,0","1020,2",00,"1017,4",06
2022-06-07,C619Y,LA ALDEA DE SAN NICOLÁS,LAS PALMAS,13,"22,4","0,0","19,6",05:50,"25,1",13:20,02,"9,2","21,1",14:50,"11,6","1019,8",00,"1016,0",18
2022-06-08,C619Y,LA ALDEA DE SAN NICOLÁS,LAS PALMAS,13,"23,3","0,0","19,3",05:20,"27,3",15:20,04,"9,2","23,3",09:00,"12,1","1018,4",00,"1014,6",15
2022-06-09,C619Y,LA ALDEA DE SAN NICOLÁS,LAS PALMAS,13,"22,6","0,0","20,8",06:00,"24,4",11:10,36,"12,5","24,7",13:10,"12,1","1017,7",00,"1014,5",15
2022-06-10,C619Y,LA ALDEA DE SAN NICOLÁS,LAS PALMAS,13,"22,4","0,0","20,2",05:00,"24,7",14:20,36,"10,8","21,7",14:50,"12,4","1017,1",10,"1014,6",18
2022-06-11,C619Y,LA ALDEA DE SAN NICOLÁS,LAS PALMAS,13,"22,6","0,0","20,1",03:30,"25,0",15:00,04,"9,7","24,2",07:10,"12,4","1016,1",23,"1013,3",17
2022-06-12,C619Y,LA ALDEA DE SAN NICOLÁS,LAS PALMAS,13,"22,7","0,0","20,3",06:20,"25,1",15:00,01,"8,9","19,7",10:50,"12,2","1016,5",23,"1014,1",18
2022-06-13,C619Y,LA ALDEA DE SAN NICOLÁS,LAS PALMAS,13,"22,9","0,0","20,1",Varias,"25,7",13:30,05,"6,1","15,6",16:40,"11,6","1016,3",09,"1013,6",18
2022-06-14,C619Y,LA ALDEA DE SAN NICOLÁS,LAS PALMAS,13,"23,0","0,0","20,2",06:40,"25,9",14:50,35,"5,0","15,6",16:50,"12,3","1016,4",24,"1013,3",Varias
2022-06-15,C619Y,LA ALDEA DE SAN NICOLÁS,LAS PALMAS,13,"23,0","0,0","20,1",05:10,"26,0",15:40,06,"6,1","19,7",18:50,"12,6","1018,2",23,"1015,0",03
2022-06-16,C619Y,LA ALDEA DE SAN NICOLÁS,LAS PALMAS,13,"23,4","0,0","20,7",05:00,"26,1",15:10,10,"9,4","21,9",08:50,"12,5","1018,1",00,"1014,9",18
2022-06-17,C619Y,LA ALDEA DE SAN NICOLÁS,LAS PALMAS,13,"23,4","0,0","20,6",05:00,"26,2",15:40,06,"9,7","24,4",14:10,"12,5","1016,9",22,"1014,5",17
2022-06-18,C619Y,LA ALDEA DE SAN NICOLÁS,LAS PALMAS,13,"23,2","0,0","20,8",Varias,"25,5",14:10,06,"10,6","23,1",03:20,"11,9","1017,6",12,"1013,8",19
2022-06-19,C619Y,LA ALDEA DE SAN NICOLÁS,LAS PALMAS,13,"23,2","0,0","20,8",06:00,"25,7",15:00,06,"10,3","24,2",01:00,"10,2","1015,1",08,"1012,4",19
2022-06-20,C619Y,LA ALDEA DE SAN NICOLÁS,LAS PALMAS,13,"23,2","0,0","18,8",05:00,"27,5",15:40,05,"8,6","23,3",17:10,"10,8","1015,9",11,"1012,4",17
2022-06-21,C619Y,LA ALDEA DE SAN NICOLÁS,LAS PALMAS,13,"24,5","0,0","20,8",23:59,"28,2",16:20,05,"7,2","19,2",12:00,"10,9","1018,0",22,"1014,3",05
2022-06-22,C619Y,LA ALDEA DE SAN NICOLÁS,LAS PALMAS,13,"22,8","0,0","18,2",04:00,"27,5",12:50,07,"4,4","18,1",21:20,"9,0","1018,6",10,"1015,4",18
2022-06-23,C619Y,LA ALDEA DE SAN NICOLÁS,LAS PALMAS,13,"23,2","0,0","18,2",04:20,"28,1",15:00,09,"4,4","17,5",18:10,"12,6","1020,5",23,"1016,2",03
2022-06-24,C619Y,LA ALDEA DE SAN NICOLÁS,LAS PALMAS,13,"24,3","0,0","20,7",Varias,"27,9",16:00,10,"5,8","23,9",15:50,"12,3","1019,7",12,"1016,7",18
2022-06-25,C619Y,LA ALDEA DE SAN NICOLÁS,LAS PALMAS,13,"25,0","0,0","20,6",05:40,"29,3",16:00,09,"7,8","21,4",16:00,"6,2","1018,5",00,"1015,3",17
2022-06-26,C619Y,LA ALDEA DE SAN NICOLÁS,LAS PALMAS,13,"24,4","0,0","19,7",04:00,"29,0",13:40,09,"6,9","18,9",23:40,"10,5","1018,1",24,"1014,8",18
2022-06-27,C619Y,LA ALDEA DE SAN NICOLÁS,LAS PALMAS,13,"24,2","0,0","20,5",03:00,"27,8",15:00,06,"6,4","25,6",18:30,"12,2","1020,0",23,"1016,7",03
2022-06-28,C619Y,LA ALDEA DE SAN NICOLÁS,LAS PALMAS,13,"24,6","0,0","20,6",Varias,"28,5",12:00,08,"7,5","23,3",15:00,"10,9","1020,7",Varias,"1017,9",05
2022-06-29,C619Y,LA ALDEA DE SAN NICOLÁS,LAS PALMAS,13,"24,1","0,0","20,4",04:00,"27,8",14:10,06,"9,7","26,4",15:00,"9,1","1020,6",00,"1015,9",16
2022-06-30,C619Y,LA ALDEA DE SAN NICOLÁS,LAS PALMAS,13,"24,4","0,0","20,7",07:30,"28,0",13:00,08,"8,3","24,2",14:20,"12,0","1017,7",12,"1014,7",18
2022-07-01,C619Y,LA ALDEA DE SAN NICOLÁS,LAS PALMAS,13,"24,0","0,0","19,4",07:50,"28,7",14:40,10,"6,4","20,6",19:40,"9,7","1018,2",24,"1015,1",17
2022-07-02,C619Y,LA ALDEA DE SAN NICOLÁS,LAS PALMAS,13,"24,2","0,0","19,7",03:10,"28,7",13:30,09,"7,8","21,4",18:40,"10,9","1019,7",23,"1016,4",04
2022-07-03,C619Y,LA ALDEA DE SAN NICOLÁS,LAS PALMAS,13,"24,6","0,0","21,2",Varias,"28,0",14:30,06,"8,1","24,2",11:40,"12,6","1019,5",12,"1017,0",18
2022-07-04,C619Y,LA ALDEA DE SAN NICOLÁS,LAS PALMAS,13,"24,1","0,0","21,0",03:00,"27,2",12:10,07,"7,8","23,1",10:40,"12,6","1019,2",00,"1016,1",18
2022-07-05,C619Y,LA ALDEA DE SAN NICOLÁS,LAS PALMAS,13,"23,4","0,0","20,7",04:00,"26,0",14:00,05,"10,3","26,7",20:40,"12,4","1019,1",23,"1016,9",17
2022-07-06,C619Y,LA ALDEA DE SAN NICOLÁS,LAS PALMAS,13,"23,2","0,0","20,7",Varias,"25,8",13:50,05,"10,6","23,6",18:40,"12,6","1018,7",00,"1016,5",18
2022-07-07,C619Y,LA ALDEA DE SAN NICOLÁS,LAS PALMAS,13,"22,8","0,0","20,2",05:00,"25,3",14:50,05,"11,7","23,1",13:30,"12,2","1018,7",10,"1016,4",18
2022-07-08,C619Y,LA ALDEA DE SAN NICOLÁS,LAS PALMAS,13,"23,2","0,0","20,8",Varias,"25,6",13:40,04,"10,6","23,9",15:30,"11,2","1017,2",00,"1013,6",17
2022-07-09,C619Y,LA ALDEA DE SAN NICOLÁS,LAS PALMAS,13,"24,2","0,0","21,4",03:00,"27,0",12:40,03,"8,6","20,3",01:30,"10,8","1014,7",00,"1012,2",15
2022-07-10,C619Y,LA ALDEA DE SAN NICOLÁS,LAS PALMAS,13,"25,0","0,0","21,6",01:30,"28,3",14:00,99,"9,7","21,4",Varias,"10,4","1013,4",00,"1009,7",18
2022-07-11,C619Y,LA ALDEA DE SAN NICOLÁS,LAS PALMAS,13,"23,6","0,0","21,3",23:59,"25,8",13:50,02,"9,7","23,6",13:00,"11,7","1013,3",Varias,"1010,0",14
2022-07-12,C619Y,LA ALDEA DE SAN NICOLÁS,LAS PALMAS,13,"23,6",,"20,9",06:00,"26,3",12:30,07,"7,5","21,9",00:50,"12,5","1015,9",23,"1012,2",03
2022-07-13,C619Y,LA ALDEA DE SAN NICOLÁS,LAS PALMAS,13,"23,2","0,0","20,3",06:50,"26,2",15:00,03,"6,9","16,9",16:30,"12,5","1016,3",11,"1013,8",18
2022-07-14,C619Y,LA ALDEA DE SAN NICOLÁS,LAS PALMAS,13,"23,4","0,0","21,0",05:40,"25,9",14:00,06,"9,2","21,4",22:50,"12,1","1014,8",00,"1012,1",18
2022-07-15,C619Y,LA ALDEA DE SAN NICOLÁS,LAS PALMAS,13,"23,6","0,0","21,2",06:30,"26,0",14:20,99,"9,2","21,1",Varias,"12,1","1013,7",00,"1012,2",18
2022-07-16,C619Y,LA ALDEA DE SAN NICOLÁS,LAS PALMAS,13,"24,0","0,0","21,6",06:00,"26,4",14:50,99,"9,4","20,3",Varias,"7,3","1015,3",22,"1011,9",03
2022-07-17,C619Y,LA ALDEA DE SAN NICOLÁS,LAS PALMAS,13,"23,8","0,0","21,4",05:00,"26,2",14:40,04,"10,3","22,5",17:00,"12,3","1016,8",23,"1014,1",02
2022-07-18,C619Y,LA ALDEA DE SAN NICOLÁS,LAS PALMAS,13,"24,2","0,0","21,9",06:00,"26,4",12:30,05,"11,7","24,2",10:40,"12,0","1016,5",00,"1013,5",18
2022-07-19,C619Y,LA ALDEA DE SAN NICOLÁS,LAS PALMAS,13,"23,6","0,0","20,6",07:00,"26,6",12:30,05,"8,9","24,7",14:20,"11,7","1014,8",00,"1011,9",19
2022-07-20,C619Y,LA ALDEA DE SAN NICOLÁS,LAS PALMAS,13,"24,7","0,0","20,3",06:30,"29,1",14:30,02,"7,5","22,2",23:20,"11,8","1012,6",22,"1010,0",17
2022-07-21,C619Y,LA ALDEA DE SAN NICOLÁS,LAS PALMAS,13,"24,4","0,0","22,4",23:50,"26,4",15:00,02,"11,4","25,0",14:30,"12,0","1012,8",11,"1010,6",Varias
2022-07-22,C619Y,LA ALDEA DE SAN NICOLÁS,LAS PALMAS,13,"25,0","0,0","22,1",06:00,"27,8",13:40,03,"9,4","22,5",03:10,"11,3","1013,1",23,"1009,8",18
2022-07-23,C619Y,LA ALDEA DE SAN NICOLÁS,LAS PALMAS,13,"27,2","0,0","22,7",02:30,"31,8",13:30,03,"2,5","11,9",04:20,"7,6","1013,8",23,"1010,8",04
2022-07-24,C619Y,LA ALDEA DE SAN NICOLÁS,LAS PALMAS,13,"30,7","0,0","24,5",02:00,"36,9",11:20,04,"5,0","16,7",10:40,"7,6","1014,0",23,"1011,6",05
2022-07-25,C619Y,LA ALDEA DE SAN NICOLÁS,LAS PALMAS,13,"27,5","0,0","24,0",07:00,"31,0",12:20,02,"6,4","19,7",16:30,"11,6","1013,8",00,"1011,4",16
2022-07-26,C619Y,LA ALDEA DE SAN NICOLÁS,LAS PALMAS,13,"32,2","0,0","24,4",07:00,"40,1",16:10,03,"3,6","14,7",22:50,"11,2","1015,0",Varias,"1010,9",04
2022-07-27,C619Y,LA ALDEA DE SAN NICOLÁS,LAS PALMAS,13,"25,4","0,0","22,9",Varias,"27,9",00:10,04,"11,4","23,9",18:50,"11,7","1016,6",24,"1013,5",17
2022-07-28,C619Y,LA ALDEA DE SAN NICOLÁS,LAS PALMAS,13,"24,2","0,0","22,4",04:40,"26,1",13:40,08,"9,7","26,7",18:40,"12,2","1016,0",00,"1012,8",18
2022-07-29,C619Y,LA ALDEA DE SAN NICOLÁS,LAS PALMAS,13,"24,8","0,0","22,1",03:00,"27,4",16:10,06,"10,3","28,1",14:30,"12,1","1015,0",00,"1012,7",16
2022-07-30,C619Y,LA ALDEA DE SAN NICOLÁS,LAS PALMAS,13,"25,1","0,0","22,5",03:00,"27,7",15:10,06,"11,1","23,3",03:20,"12,0","1014,0",00,"1011,3",18
2022-07-31,C619Y,LA ALDEA DE SAN NICOLÁS,LAS PALMAS,13,"24,6","0,0","22,3",06:00,"27,0",13:30,99,"9,7","20,3",Varias,"10,1","1014,0",12,"1012,1",17
2022-08-01,C619Y,LA ALDEA DE SAN NICOLÁS,LAS PALMAS,13,"24,8","0,0","22,4",23:59,"27,3",15:10,05,"9,4","23,1",20:20,"8,1","1013,6",09,"1011,3",17
2022-08-02,C619Y,LA ALDEA DE SAN NICOLÁS,LAS PALMAS,13,"24,4","0,0","22,1",05:40,"26,8",14:30,03,"10,6","24,4",16:20,"10,0","1012,7",11,"1010,6",03
2022-08-03,C619Y,LA ALDEA DE SAN NICOLÁS,LAS PALMAS,13,"24,7","0,0","22,2",05:40,"27,2",13:00,03,"8,9","24,4",15:40,"11,7","1011,8",10,"1009,6",03
2022-08-04,C619Y,LA ALDEA DE SAN NICOLÁS,LAS PALMAS,13,"24,4","0,0","21,6",06:30,"27,2",14:30,02,"8,9","23,6",14:50,"11,8","1012,4",22,"1009,7",03
2022-08-05,C619Y,LA ALDEA DE SAN NICOLÁS,LAS PALMAS,13,"23,8","0,0","20,3",04:20,"27,4",12:40,99,"7,5","20,8",Varias,"11,8","1013,3",23,"1010,5",18
2022-08-06,C619Y,LA ALDEA DE SAN NICOLÁS,LAS PALMAS,13,"25,2","0,0","20,9",02:30,"29,5",12:20,99,"6,4","18,6",Varias,"11,6","1014,5",23,"1011,7",03
2022-08-07,C619Y,LA ALDEA DE SAN NICOLÁS,LAS PALMAS,13,"24,8","0,0","18,5",06:40,"31,1",15:20,01,"5,6","16,9",18:00,"11,8","1014,6",22,"1012,8",16
2022-08-08,C619Y,LA ALDEA DE SAN NICOLÁS,LAS PALMAS,13,"24,7","0,0","19,0",06:40,"30,4",14:20,04,"5,6","17,5",18:00,"11,8","1015,8",Varias,"1012,6",05
2022-08-09,C619Y,LA ALDEA DE SAN NICOLÁS,LAS PALMAS,13,"23,2","0,0","19,9",04:40,"26,6",14:20,02,"8,9","22,8",12:20,"11,7","1016,8",23,"1014,2",17
2022-08-10,C619Y,LA ALDEA DE SAN NICOLÁS,LAS PALMAS,13,"24,2","0,0","21,9",04:00,"26,4",14:00,36,"9,7","20,3",14:10,"12,1","1016,2",00,"1013,6",18
2022-08-11,C619Y,LA ALDEA DE SAN NICOLÁS,LAS PALMAS,13,"24,3","0,0","21,8",02:50,"26,8",14:50,04,"7,8","20,3",16:40,"12,1","1015,1",00,"1012,1",Varias
2022-08-12,C619Y,LA ALDEA DE SAN NICOLÁS,LAS PALMAS,13,"24,8","0,0","21,5",04:00,"28,0",15:30,99,"7,8","20,3",Varias,"12,1","1014,3",00,"1012,1",Varias
2022-08-13,C619Y,LA ALDEA DE SAN NICOLÁS,LAS PALMAS,13,"24,6","0,0","22,2",05:40,"27,0",12:40,05,"8,3","21,1",18:20,"11,5","1015,4",Varias,"1012,4",Varias
2022-08-14,C619Y,LA ALDEA DE SAN NICOLÁS,LAS PALMAS,13,"24,6","0,0","22,4",06:10,"26,9",12:30,04,"8,9","21,9",09:30,"10,6","1015,5",01,"1012,8",18
2022-08-15,C619Y,LA ALDEA DE SAN NICOLÁS,LAS PALMAS,13,"24,8","0,0","22,7",01:00,"26,9",15:30,04,"11,1","23,3",11:20,"11,2","1015,1",00,"1012,2",18
2022-08-16,C619Y,LA ALDEA DE SAN NICOLÁS,LAS PALMAS,13,"26,1","0,0","22,4",03:00,"29,8",14:50,08,"7,5","23,6",17:10,"11,3","1014,7",00,"1011,9",17
2022-08-17,C619Y,LA ALDEA DE SAN NICOLÁS,LAS PALMAS,13,"26,0","0,0","22,7",23:30,"29,4",13:50,06,"10,8","23,9",13:50,"10,9","1013,9",22,"1010,9",15
2022-08-18,C619Y,LA ALDEA DE SAN NICOLÁS,LAS PALMAS,13,"25,2","0,0","22,1",06:30,"28,3",13:40,06,"7,2","22,5",18:30,"11,8","1013,6",11,"1012,1",18
2022-08-19,C619Y,LA ALDEA DE SAN NICOLÁS,LAS PALMAS,13,"23,4","0,0","20,2",07:00,"26,6",13:40,99,"6,7","18,1",Varias,"11,4","1014,2",11,"1012,1",18
2022-08-20,C619Y,LA ALDEA DE SAN NICOLÁS,LAS PALMAS,13,"25,0","0,0","22,4",Varias,"27,7",15:00,01,"7,8","18,9",15:30,"7,9","1014,4",22,"1012,2",Varias
2022-08-21,C619Y,LA ALDEA DE SAN NICOLÁS,LAS PALMAS,13,"29,6","0,0","22,6",03:40,"36,7",15:00,02,"9,2","21,1",20:50,"8,5","1014,9",10,"1011,3",04
2022-08-22,C619Y,LA ALDEA DE SAN NICOLÁS,LAS PALMAS,13,"25,7","0,0","22,9",23:20,"28,5",00:10,02,"11,9","25,0",03:30,"10,2","1013,6",00,"1010,1",15
2022-08-23,C619Y,LA ALDEA DE SAN NICOLÁS,LAS PALMAS,13,"24,8","0,0","22,5",06:30,"27,1",13:20,36,"8,9","23,1",15:30,"10,4","1013,1",11,"1010,4",04
2022-08-24,C619Y,LA ALDEA DE SAN NICOLÁS,LAS PALMAS,13,"24,1","0,0","22,1",03:30,"26,1",14:20,36,"12,5","25,0",13:20,"11,2","1014,7",22,"1011,4",02
2022-08-25,C619Y,LA ALDEA DE SAN NICOLÁS,LAS PALMAS,13,"24,0","0,0","22,0",Varias,"25,9",14:00,04,"13,3","24,7",16:50,"11,9","1016,5",22,"1013,3",03
2022-08-26,C619Y,LA ALDEA DE SAN NICOLÁS,LAS PALMAS,13,"25,0","0,0","22,2",04:00,"27,8",16:40,06,"10,3","26,1",01:40,"11,7","1016,0",00,"1012,2",19
2022-08-27,C619Y,LA ALDEA DE SAN NICOLÁS,LAS PALMAS,13,"26,0","0,0","22,7",06:50,"29,2",14:50,07,"3,3","18,3",02:00,"11,9","1013,8",00,"1010,3",18
2022-08-28,C619Y,LA ALDEA DE SAN NICOLÁS,LAS PALMAS,13,"25,0","0,0","21,7",06:00,"28,4",15:40,07,"5,3","19,7",16:20,"11,4","1013,2",22,"1010,1",04
2022-08-29,C619Y,LA ALDEA DE SAN NICOLÁS,LAS PALMAS,13,"22,8","0,0","18,5",07:00,"27,1",13:40,04,"5,8","18,6",20:20,"10,3","1014,3",23,"1011,7",04
2022-08-30,C619Y,LA ALDEA DE SAN NICOLÁS,LAS PALMAS,13,"24,1","0,0","19,3",06:10,"28,9",14:20,03,"5,8","17,8",15:50,"11,0","1015,0",10,"1012,7",17
2022-08-31,C619Y,LA ALDEA DE SAN NICOLÁS,LAS PALMAS,13,"24,6","4,0","23,4",10:40,"25,7",18:00,04,"4,4","18,6",16:50,"0,0","1018,3",11,"1012,6",03
2022-09-01,C619Y,LA ALDEA DE SAN NICOLÁS,LAS PALMAS,13,"26,6","0,2","23,2",01:50,"30,1",17:00,,,,,"0,2","1015,7",11,"1012,1",18
2022-09-02,C619Y,LA ALDEA DE SAN NICOLÁS,LAS PALMAS,13,"26,3","0,0","23,4",06:40,"29,2",13:20,,,,,"5,9","1017,2",23,"1013,6",03
2022-09-03,C619Y,LA ALDEA DE SAN NICOLÁS,LAS PALMAS,13,"25,0","0,0","22,0",07:20,"27,9",15:20,,,,,"11,7","1017,8",Varias,"1015,2",14
2022-09-04,C619Y,LA ALDEA DE SAN NICOLÁS,LAS PALMAS,13,"24,0","0,0","20,9",06:40,"27,2",13:40,,,,,"11,5","1019,6",22,"1015,5",04
2022-09-05,C619Y,LA ALDEA DE SAN NICOLÁS,LAS PALMAS,13,"24,2","0,0","20,2",06:00,"28,2",14:00,,,,,"10,3","1020,2",11,"1017,9",03
2022-09-06,C619Y,LA ALDEA DE SAN NICOLÁS,LAS PALMAS,13,"24,8","0,0","21,1",04:50,"28,4",14:40,,,,,"11,7","1019,9",Varias,"1016,7",17
2022-09-07,C619Y,LA ALDEA DE SAN NICOLÁS,LAS PALMAS,13,"24,9","0,0","22,3",06:50,"27,5",14:30,,,,,"11,6","1017,9",00,"1015,0",17
2022-09-08,C619Y,LA ALDEA DE SAN NICOLÁS,LAS PALMAS,13,"25,2","0,0","22,8",03:00,"27,5",15:00,,,,,"11,7","1017,8",22,"1014,5",05
2022-09-09,C619Y,LA ALDEA DE SAN NICOLÁS,LAS PALMAS,13,"25,9","0,0","22,8",06:00,"29,0",14:40,,,,,"11,5","1018,6",11,"1015,2",17
2022-09-10,C619Y,LA ALDEA DE SAN NICOLÁS,LAS PALMAS,13,"25,6","0,0","22,4",06:40,"28,8",14:50,,,,,"11,6","1017,8",00,"1015,0",19
2022-09-11,C619Y,LA ALDEA DE SAN NICOLÁS,LAS PALMAS,13,"24,9","0,0","20,8",03:20,"29,0",13:50,,,,,"11,0","1015,9",00,"1011,5",18
2022-09-12,C619Y,LA ALDEA DE SAN NICOLÁS,LAS PALMAS,13,"24,0","0,0","19,1",06:50,"29,0",12:00,,,,,"11,5","1012,9",09,"1010,8",16
2022-09-13,C619Y,LA ALDEA DE SAN NICOLÁS,LAS PALMAS,13,"26,2",,"23,2",07:30,"29,1",14:20,,,,,"11,4","1014,7",22,"1011,5",04
2022-09-14,C619Y,LA ALDEA DE SAN NICOLÁS,LAS PALMAS,13,"27,3","0,0","22,9",04:30,"31,7",13:20,09,"4,7","14,7",22:10,"10,3","1017,4",23,"1013,0",03
2022-09-15,C619Y,LA ALDEA DE SAN NICOLÁS,LAS PALMAS,13,"26,2","0,2","23,1",05:10,"29,3",13:40,10,"5,0","19,2",18:40,"11,3","1018,6",11,"1015,9",Varias
2022-09-16,C619Y,LA ALDEA DE SAN NICOLÁS,LAS PALMAS,13,"27,1","0,0","23,3",03:50,"30,9",12:00,10,"7,5","20,8",21:40,"7,8","1017,4",11,"1014,4",18
2022-09-17,C619Y,LA ALDEA DE SAN NICOLÁS,LAS PALMAS,13,"27,1","0,0","23,6",05:00,"30,6",15:50,08,"4,4","20,6",02:40,"5,3","1015,0",01,"1011,2",18
2022-09-18,C619Y,LA ALDEA DE SAN NICOLÁS,LAS PALMAS,13,"26,8","0,0","22,0",04:00,"31,5",12:20,07,"3,6","11,7",14:50,"9,8","1012,5",Varias,"1009,8",03
2022-09-19,C619Y,LA ALDEA DE SAN NICOLÁS,LAS PALMAS,13,"23,8","0,0","19,6",07:00,"28,1",14:40,06,"2,8","7,2",00:20,"10,4","1014,9",22,"1011,4",03
2022-09-20,C619Y,LA ALDEA DE SAN NICOLÁS,LAS PALMAS,13,"24,0","0,0","19,5",06:50,"28,5",14:00,36,"3,1","12,2",19:00,"9,5","1015,8",22,"1013,1",04
2022-09-21,C619Y,LA ALDEA DE SAN NICOLÁS,LAS PALMAS,13,"24,3","0,0","19,2",07:00,"29,4",14:40,04,"6,1","16,4",12:10,"11,3","1016,1",23,"1013,7",04
2022-09-22,C619Y,LA ALDEA DE SAN NICOLÁS,LAS PALMAS,13,"24,8","0,0","20,5",06:20,"29,0",14:00,05,"7,2","21,1",13:20,"11,3","1015,8",00,"1013,0",Varias
2022-09-23,C619Y,LA ALDEA DE SAN NICOLÁS,LAS PALMAS,13,"24,4","0,6","20,9",07:00,"27,9",11:40,06,"5,8","20,8",13:40,"9,0","1016,6",11,"1013,5",05
2022-09-24,C619Y,LA ALDEA DE SAN NICOLÁS,LAS PALMAS,13,"23,2","44,8","21,3",09:00,"25,0",13:00,05,"2,2","5,8",01:50,"0,0","1016,2",11,"1011,7",24
2022-09-25,C619Y,LA ALDEA DE SAN NICOLÁS,LAS PALMAS,13,"22,3","79,4","21,2",09:40,"23,4",15:50,25,"1,1","9,7",01:30,"0,1","1013,1",11,"1010,4",15
2022-09-26,C619Y,LA ALDEA DE SAN NICOLÁS,LAS PALMAS,13,"23,8","9,2","21,4",Varias,"26,1",13:20,27,"2,8","8,3",14:30,"3,1","1016,1",24,"1010,6",07
2022-09-27,C619Y,LA ALDEA DE SAN NICOLÁS,LAS PALMAS,13,"25,0","0,0","22,0",02:30,"28,1",16:00,36,"3,1","12,2",16:20,"5,7","1018,8",Varias,"1014,9",04
2022-09-28,C619Y,LA ALDEA DE SAN NICOLÁS,LAS PALMAS,13,"24,2","0,0","21,7",01:20,"26,6",13:50,03,"4,4","18,3",17:20,"8,5","1018,9",10,"1016,7",16
2022-09-29,C619Y,LA ALDEA DE SAN NICOLÁS,LAS PALMAS,13,"25,4","0,0","22,2",07:00,"28,5",12:20,99,"6,4","20,8",02:50,"10,2","1018,1",00,"1014,8",17
2022-09-30,C619Y,LA ALDEA DE SAN NICOLÁS,LAS PALMAS,13,"24,5","0,0","21,4",02:00,"27,6",11:10,10,"5,6","20,0",21:30,"4,3","1017,0",00,"1014,3",18
2022-10-01,C619Y,LA ALDEA DE SAN NICOLÁS,LAS PALMAS,13,"24,8","0,0","21,3",05:50,"28,2",13:30,08,"6,9","23,6",15:20,"9,5","1016,6",09,"1013,3",17
2022-10-02,C619Y,LA ALDEA DE SAN NICOLÁS,LAS PALMAS,13,"23,0","0,0","18,0",07:10,"27,9",14:00,99,"3,6","13,1",Varias,"9,6","1016,6",22,"1014,1",04
2022-10-03,C619Y,LA ALDEA DE SAN NICOLÁS,LAS PALMAS,13,"24,2","0,0","18,1",07:00,"30,3",14:40,99,"3,3","7,2",Varias,"9,9","1018,3",22,"1015,9",16
2022-10-04,C619Y,LA ALDEA DE SAN NICOLÁS,LAS PALMAS,13,"25,3","0,0","19,3",06:00,"31,3",12:20,01,"2,8","10,0",22:40,"5,4","1018,6",10,"1015,4",04
2022-10-05,C619Y,LA ALDEA DE SAN NICOLÁS,LAS PALMAS,13,"27,4","0,0","22,9",Varias,"31,9",10:20,03,"9,2","21,9",14:10,"9,8","1019,4",Varias,"1015,8",14
2022-10-06,C619Y,LA ALDEA DE SAN NICOLÁS,LAS PALMAS,13,"25,2","0,0","22,4",23:00,"28,1",14:00,07,"6,7","22,2",11:50,"10,5","1019,3",00,"1015,5",18
2022-10-07,C619Y,LA ALDEA DE SAN NICOLÁS,LAS PALMAS,13,"25,1","0,0","22,2",05:10,"28,0",15:00,06,"7,2","20,0",16:40,"10,3","1016,4",00,"1012,8",16
2022-10-08,C619Y,LA ALDEA DE SAN NICOLÁS,LAS PALMAS,13,"24,9","0,0","22,8",05:00,"27,0",14:20,07,"7,5","20,3",14:00,"6,9","1015,0",24,"1011,8",05
2022-10-09,C619Y,LA ALDEA DE SAN NICOLÁS,LAS PALMAS,13,"25,0","0,0","22,6",07:00,"27,5",14:10,06,"7,8","21,1",07:20,"10,3","1017,7",22,"1013,4",04
2022-10-10,C619Y,LA ALDEA DE SAN NICOLÁS,LAS PALMAS,13,"22,4","0,0","18,4",07:00,"26,4",14:00,06,"6,1","21,1",17:20,"10,6","1019,4",23,"1016,2",Varias
2022-10-11,C619Y,LA ALDEA DE SAN NICOLÁS,LAS PALMAS,13,"24,0","0,0","19,5",05:00,"28,5",14:10,08,"6,7","18,9",15:00,"10,3","1020,1",22,"1017,0",05
2022-10-12,C619Y,LA ALDEA DE SAN NICOLÁS,LAS PALMAS,13,"24,1","0,4","21,0",07:30,"27,2",13:40,09,"6,9","17,8",13:30,"6,6","1019,3",00,"1016,6",17
2022-10-13,C619Y,LA ALDEA DE SAN NICOLÁS,LAS PALMAS,13,"24,1","5,4","20,6",04:40,"27,6",14:10,09,"7,2","21,1",13:20,"6,2","1020,0",09,"1017,6",14
2022-10-14,C619Y,LA ALDEA DE SAN NICOLÁS,LAS PALMAS,13,"23,6","1,4","20,9",07:10,"26,4",13:10,08,"7,2","19,4",15:10,"6,4","1018,5",00,"1014,9",15
2022-10-15,C619Y,LA ALDEA DE SAN NICOLÁS,LAS PALMAS,13,"23,2","0,0","20,0",07:40,"26,3",11:40,04,"5,0","14,7",04:50,"10,1","1015,5",00,"1011,5",18
2022-10-16,C619Y,LA ALDEA DE SAN NICOLÁS,LAS PALMAS,13,"22,6","0,0","17,1",07:00,"28,1",13:30,01,"3,9","11,4",17:40,"10,5","1015,4",Varias,"1011,2",04
2022-10-17,C619Y,LA ALDEA DE SAN NICOLÁS,LAS PALMAS,13,"21,2","0,0","16,3",07:10,"26,2",13:30,99,"3,1","7,2",16:50,"10,0","1019,3",22,"1015,0",02
2022-10-18,C619Y,LA ALDEA DE SAN NICOLÁS,LAS PALMAS,13,"22,6","0,0","18,1",06:00,"27,1",15:50,02,"4,2","13,6",12:20,"9,4","1021,4",11,"1018,0",16
2022-10-19,C619Y,LA ALDEA DE SAN NICOLÁS,LAS PALMAS,13,"22,3","0,0","18,1",07:20,"26,5",11:40,01,"6,1","16,1",16:40,"10,2","1020,1",10,"1016,1",17
2022-10-20,C619Y,LA ALDEA DE SAN NICOLÁS,LAS PALMAS,13,"21,9","0,0","16,9",07:30,"26,9",12:50,02,"4,2","12,5",17:00,"10,2","1016,4",09,"1013,8",Varias
2022-10-21,C619Y,LA ALDEA DE SAN NICOLÁS,LAS PALMAS,13,"21,3","0,0","15,8",07:30,"26,8",13:00,99,"5,0","14,7",Varias,"10,0","1016,7",Varias,"1014,2",16
2022-10-22,C619Y,LA ALDEA DE SAN NICOLÁS,LAS PALMAS,13,"21,6","0,0","16,6",05:40,"26,5",13:40,04,"5,0","15,8",15:40,"9,4","1017,0",10,"1014,2",16
2022-10-23,C619Y,LA ALDEA DE SAN NICOLÁS,LAS PALMAS,13,"22,8","0,0","17,9",23:59,"27,6",13:40,05,"5,3","18,1",02:10,"10,3","1017,1",10,"1013,7",Varias
2022-10-24,C619Y,LA ALDEA DE SAN NICOLÁS,LAS PALMAS,13,"21,4","0,0","15,9",05:50,"26,9",15:20,02,"3,9","11,1",17:50,"8,9","1015,7",00,"1013,0",16
2022-10-25,C619Y,LA ALDEA DE SAN NICOLÁS,LAS PALMAS,13,"21,9","0,0","16,5",06:00,"27,3",16:40,02,"3,9","10,3",16:00,"8,8","1015,7",10,"1012,7",16
2022-10-26,C619Y,LA ALDEA DE SAN NICOLÁS,LAS PALMAS,13,"21,6","0,0","16,8",06:50,"26,4",15:10,30,"3,1","7,2",15:50,"10,1","1016,6",23,"1013,4",05
2022-10-27,C619Y,LA ALDEA DE SAN NICOLÁS,LAS PALMAS,13,"22,0","0,0","16,7",06:30,"27,2",15:20,22,"2,8","8,6",15:00,"10,0","1018,6",21,"1016,1",02
2022-10-28,C619Y,LA ALDEA DE SAN NICOLÁS,LAS PALMAS,13,"22,5","0,0","15,4",07:00,"29,6",16:30,03,"2,8","11,1",20:40,"9,5","1018,1",00,"1014,6",16
2022-10-29,C619Y,LA ALDEA DE SAN NICOLÁS,LAS PALMAS,13,"23,3","0,0","16,4",07:40,"30,2",12:40,03,"4,7","13,3",23:40,"9,8","1016,6",00,"1013,3",16
2022-10-30,C619Y,LA ALDEA DE SAN NICOLÁS,LAS PALMAS,13,"23,6","0,0","17,4",Varias,"29,8",12:40,03,"4,2","13,9",17:20,"9,3","1015,7",22,"1013,2",14
2022-10-31,C619Y,LA ALDEA DE SAN NICOLÁS,LAS PALMAS,13,"23,0","0,0","15,7",07:10,"30,2",14:30,01,"2,8","12,5",10:40,"8,9","1019,5",23,"1015,1",02
2022-11-01,C619Y,LA ALDEA DE SAN NICOLÁS,LAS PALMAS,13,"22,0","0,0","14,3",06:50,"29,8",14:00,36,"2,5","8,6",14:10,"9,7","1021,4",09,"1018,3",14
2022-11-02,C619Y,LA ALDEA DE SAN NICOLÁS,LAS PALMAS,13,"21,4","0,0","14,5",07:00,"28,4",17:00,02,"2,8","10,0",16:00,"9,9","1021,3",09,"1018,4",17
2022-11-03,C619Y,LA ALDEA DE SAN NICOLÁS,LAS PALMAS,13,"20,8","0,0","14,1",07:30,"27,4",15:20,02,"4,2","10,8",17:30,"9,7","1021,7",09,"1018,5",16
2022-11-04,C619Y,LA ALDEA DE SAN NICOLÁS,LAS PALMAS,13,"21,0","0,0","15,4",07:30,"26,5",12:50,04,"5,8","17,2",18:00,"9,9","1021,6",09,"1018,3",16
2022-11-05,C619Y,LA ALDEA DE SAN NICOLÁS,LAS PALMAS,13,"21,8","0,0","16,7",06:40,"26,9",15:40,03,"6,4","16,1",14:30,"9,5","1019,8",00,"1016,4",15
2022-11-06,C619Y,LA ALDEA DE SAN NICOLÁS,LAS PALMAS,13,"21,6","0,0","16,8",07:50,"26,3",13:40,03,"2,5","11,4",03:20,"7,7","1019,0",Varias,"1016,8",16
2022-11-07,C619Y,LA ALDEA DE SAN NICOLÁS,LAS PALMAS,13,"20,8","0,0","13,9",06:50,"27,6",14:50,02,"3,6","10,0",16:00,"9,8","1018,9",10,"1015,7",16
2022-11-08,C619Y,LA ALDEA DE SAN NICOLÁS,LAS PALMAS,13,"19,6","0,0","13,3",07:00,"25,8",12:50,02,"4,4","12,2",Varias,"9,7","1018,7",24,"1016,1",16
2022-11-09,C619Y,LA ALDEA DE SAN NICOLÁS,LAS PALMAS,13,"21,0","0,0","15,6",07:00,"26,4",13:30,01,"6,1","15,6",18:20,"9,9","1019,7",10,"1016,8",15
2022-11-10,C619Y,LA ALDEA DE SAN NICOLÁS,LAS PALMAS,13,"20,2","0,0","14,1",06:30,"26,4",15:20,27,"3,3","6,9",17:20,"9,7","1017,6",00,"1014,3",16
2022-11-11,C619Y,LA ALDEA DE SAN NICOLÁS,LAS PALMAS,13,"20,2","0,0","14,1",07:40,"26,3",13:40,25,"1,9","6,7",11:30,"4,7","1015,6",00,"1011,8",Varias
2022-11-12,C619Y,LA ALDEA DE SAN NICOLÁS,LAS PALMAS,13,"19,8","0,0","14,1",05:40,"25,6",13:00,29,"2,5","6,1",13:20,"8,9","1015,0",Varias,"1012,0",04
2022-11-13,C619Y,LA ALDEA DE SAN NICOLÁS,LAS PALMAS,13,"24,2","0,0","15,0",06:10,"33,4",15:40,19,"2,2","10,0",11:30,"5,8","1017,6",23,"1014,8",04
2022-11-14,C619Y,LA ALDEA DE SAN NICOLÁS,LAS PALMAS,13,"23,1","0,0","16,3",23:59,"29,9",16:20,23,"1,9","16,4",01:50,"9,5","1019,3",22,"1015,8",05
2022-11-15,C619Y,LA ALDEA DE SAN NICOLÁS,LAS PALMAS,13,"22,3","0,0","13,4",05:30,"31,2",12:20,27,"2,8","8,6",13:30,"9,5","1019,5",10,"1016,9",15
2022-11-16,C619Y,LA ALDEA DE SAN NICOLÁS,LAS PALMAS,13,"21,6",,"12,8",07:10,"30,5",14:50,01,"2,2","8,6",17:00,"9,5","1020,2",09,"1017,3",15
2022-11-17,C619Y,LA ALDEA DE SAN NICOLÁS,LAS PALMAS,13,"20,4","0,0","13,5",04:30,"27,4",12:00,02,"4,4","12,5",13:30,"9,5","1020,0",Varias,"1017,8",14
2022-11-18,C619Y,LA ALDEA DE SAN NICOLÁS,LAS PALMAS,13,"21,4","0,0","14,9",04:20,"27,8",13:20,10,"5,8","20,0",22:10,"7,6","1022,6",24,"1019,2",05
2022-11-19,C619Y,LA ALDEA DE SAN NICOLÁS,LAS PALMAS,13,"22,6","0,0","19,7",20:00,"25,5",13:30,09,"8,1","20,8",01:20,"4,2","1024,0",10,"1020,6",15
2022-11-20,C619Y,LA ALDEA DE SAN NICOLÁS,LAS PALMAS,13,"22,0","0,0","19,0",01:50,"25,1",11:00,03,"7,5","22,2",15:20,"9,4","1023,4",00,"1020,3",15
2022-11-21,C619Y,LA ALDEA DE SAN NICOLÁS,LAS PALMAS,13,"20,7","0,0","14,3",07:40,"27,1",14:00,02,"5,3","17,8",16:20,"9,4","1024,4",Varias,"1021,6",15
2022-11-22,C619Y,LA ALDEA DE SAN NICOLÁS,LAS PALMAS,13,"19,4","0,0","13,3",07:50,"25,4",13:00,09,"4,7","17,8",16:30,"9,3","1024,3",10,"1021,1",16
2022-11-23,C619Y,LA ALDEA DE SAN NICOLÁS,LAS PALMAS,13,"19,7","0,0","13,5",07:30,"25,9",11:50,05,"3,9","15,8",14:10,"8,3","1022,4",01,"1017,4",16
2022-11-24,C619Y,LA ALDEA DE SAN NICOLÁS,LAS PALMAS,13,"20,4","0,0","15,6",06:40,"25,3",12:40,99,"3,3","9,7",Varias,"6,4","1019,1",23,"1016,0",16
2022-11-25,C619Y,LA ALDEA DE SAN NICOLÁS,LAS PALMAS,13,"18,6","0,0","12,3",08:00,"24,9",16:10,02,"3,9","11,4",17:30,"9,3","1021,1",Varias,"1018,4",Varias
2022-11-26,C619Y,LA ALDEA DE SAN NICOLÁS,LAS PALMAS,13,"19,6","0,0","11,2",08:00,"27,9",16:30,29,"2,8","6,7",13:20,"9,3","1021,9",10,"1019,3",15
2022-11-27,C619Y,LA ALDEA DE SAN NICOLÁS,LAS PALMAS,13,"18,9","0,0","11,4",05:20,"26,4",16:40,04,"6,1","19,7",19:10,"9,3","1021,7",00,"1017,8",Varias
2022-11-28,C619Y,LA ALDEA DE SAN NICOLÁS,LAS PALMAS,13,"21,4","0,0","15,6",01:00,"27,2",14:30,01,"5,8","20,6",17:10,"9,2","1020,6",00,"1016,1",16
2022-11-29,C619Y,LA ALDEA DE SAN NICOLÁS,LAS PALMAS,13,"19,4","0,0","14,0",07:30,"24,9",12:30,04,"5,8","17,8",02:50,"9,2","1018,1",10,"1015,3",15
2022-11-30,C619Y,LA ALDEA DE SAN NICOLÁS,LAS PALMAS,13,"20,0","0,0","14,9",08:20,"25,1",13:40,06,"3,9","17,2",13:30,"9,1","1017,5",10,"1014,4",15
2022-12-01,C619Y,LA ALDEA DE SAN NICOLÁS,LAS PALMAS,13,"20,6","3,0","16,7",05:20,"24,4",14:00,05,"4,4","13,6",13:00,"8,2","1016,9",00,"1013,2",15
2022-12-02,C619Y,LA ALDEA DE SAN NICOLÁS,LAS PALMAS,13,"21,2","10,6","17,6",06:00,"24,8",14:00,11,"3,9","12,5",16:50,"5,4","1014,3",00,"1009,8",15
2022-12-03,C619Y,LA ALDEA DE SAN NICOLÁS,LAS PALMAS,13,"18,8","7,2","16,3",05:10,"21,3",15:30,01,"4,7","11,9",16:30,"3,2","1010,9",00,"1007,5",15
2022-12-04,C619Y,LA ALDEA DE SAN NICOLÁS,LAS PALMAS,13,"19,6","0,0","16,2",02:50,"23,1",12:00,23,"4,4","16,4",18:00,"4,5","1009,5",10,"1006,6",17
2022-12-05,C619Y,LA ALDEA DE SAN NICOLÁS,LAS PALMAS,13,"20,8","0,0","15,8",23:59,"25,8",13:50,27,"3,9","17,8",03:10,"7,8","1016,3",23,"1008,4",01
2022-12-06,C619Y,LA ALDEA DE SAN NICOLÁS,LAS PALMAS,13,"20,4","0,0","15,0",06:30,"25,9",12:10,21,"3,3","9,2",21:50,"7,0","1016,3",10,"1012,8",18
2022-12-07,C619Y,LA ALDEA DE SAN NICOLÁS,LAS PALMAS,13,"21,4","4,0","19,1",07:00,"23,6",13:00,19,"2,5","13,3",21:00,"0,0","1013,0",00,"1008,0",18
2022-12-08,C619Y,LA ALDEA DE SAN NICOLÁS,LAS PALMAS,13,"23,5","0,0","20,9",22:40,"26,1",12:10,24,"2,5","11,1",04:50,"3,1","1011,7",24,"1007,6",03
2022-12-09,C619Y,LA ALDEA DE SAN NICOLÁS,LAS PALMAS,13,"21,4","0,0","17,7",23:59,"25,1",15:40,25,"3,1","10,0",00:20,"7,2","1016,3",Varias,"1011,0",02
2022-12-10,C619Y,LA ALDEA DE SAN NICOLÁS,LAS PALMAS,13,"21,6","0,0","17,2",06:40,"26,0",13:50,27,"3,3","10,0",16:10,"8,3","1018,1",10,"1014,6",15
2022-12-11,C619Y,LA ALDEA DE SAN NICOLÁS,LAS PALMAS,13,"21,9","0,0","18,3",07:50,"25,5",12:40,29,"3,6","10,3",12:30,"8,7","1018,0",Varias,"1015,1",03
2022-12-12,C619Y,LA ALDEA DE SAN NICOLÁS,LAS PALMAS,13,"20,1","0,0","15,7",07:50,"24,5",14:00,27,"2,5","6,7",13:20,"7,8","1019,1",10,"1016,4",15
2022-12-13,C619Y,LA ALDEA DE SAN NICOLÁS,LAS PALMAS,13,"23,3","0,0","16,7",08:00,"29,9",11:50,27,"3,1","11,1",12:50,"8,9","1018,4",00,"1015,4",15
2022-12-14,C619Y,LA ALDEA DE SAN NICOLÁS,LAS PALMAS,13,"23,1","0,0","16,5",04:40,"29,7",11:20,04,"3,9","17,5",14:50,"9,0","1017,5",21,"1015,0",15
2022-12-15,C619Y,LA ALDEA DE SAN NICOLÁS,LAS PALMAS,13,"19,7","1,8","14,8",07:40,"24,6",13:30,06,"3,6","11,9",17:30,"7,8","1017,9",10,"1014,8",16
2022-12-16,C619Y,LA ALDEA DE SAN NICOLÁS,LAS PALMAS,13,"19,2","0,0","14,7",06:20,"23,7",15:00,05,"4,2","11,7",17:30,"8,7","1018,5",23,"1015,3",14
2022-12-17,C619Y,LA ALDEA DE SAN NICOLÁS,LAS PALMAS,13,"19,4","0,0","14,7",03:30,"24,0",12:40,16,"2,8","7,2",05:50,"6,2","1019,7",23,"1016,5",14
2022-12-18,C619Y,LA ALDEA DE SAN NICOLÁS,LAS PALMAS,13,"18,7","0,0","12,8",07:00,"24,6",13:50,99,"2,5","6,1",Varias,"8,5","1021,8",10,"1018,7",15
2022-12-19,C619Y,LA ALDEA DE SAN NICOLÁS,LAS PALMAS,13,"18,8","0,0","11,3",08:00,"26,4",16:40,28,"2,5","6,9",15:40,"8,9","1022,5",10,"1019,5",15
2022-12-20,C619Y,LA ALDEA DE SAN NICOLÁS,LAS PALMAS,13,"18,2","0,0","11,2",08:00,"25,1",15:00,34,"2,5","7,2",13:10,"8,8","1025,3",24,"1021,2",01
2022-12-21,C619Y,LA ALDEA DE SAN NICOLÁS,LAS PALMAS,13,"18,2","0,0","11,7",07:30,"24,8",16:00,30,"2,5","5,3",12:00,"8,9","1026,6",10,"1023,0",17
2022-12-22,C619Y,LA ALDEA DE SAN NICOLÁS,LAS PALMAS,13,"18,2","0,0","11,0",07:50,"25,3",13:00,29,"2,5","6,7",13:10,"8,9","1026,2",10,"1023,1",15
2022-12-23,C619Y,LA ALDEA DE SAN NICOLÁS,LAS PALMAS,13,"17,9","0,0","11,2",06:00,"24,6",12:00,29,"2,8","6,4",12:40,"8,9","1024,8",10,"1021,7",15
2022-12-24,C619Y,LA ALDEA DE SAN NICOLÁS,LAS PALMAS,13,"18,2","0,0","10,8",07:40,"25,6",15:10,29,"2,8","8,9",14:40,"8,9","1023,1",00,"1019,2",15
2022-12-25,C619Y,LA ALDEA DE SAN NICOLÁS,LAS PALMAS,13,"18,9","0,0","9,7",05:50,"28,1",13:00,15,"2,8","9,7",14:30,"8,9","1021,2",00,"1014,2",16
2022-12-26,C619Y,LA ALDEA DE SAN NICOLÁS,LAS PALMAS,13,"17,2","0,0","12,1",Varias,"22,2",13:50,02,"4,4","15,3",07:00,"6,6","1014,4",00,"1011,0",14
2022-12-27,C619Y,LA ALDEA DE SAN NICOLÁS,LAS PALMAS,13,"22,2","1,0","17,2",18:50,"27,1",13:40,11,"5,0","16,4",19:00,"0,5","1020,8",24,"1012,7",01
2022-12-28,C619Y,LA ALDEA DE SAN NICOLÁS,LAS PALMAS,13,"20,8","0,0","15,5",23:59,"26,1",15:30,04,"6,1","17,2",13:50,"6,6","1020,9",24,"1017,3",Varias
2022-12-29,C619Y,LA ALDEA DE SAN NICOLÁS,LAS PALMAS,13,"21,0","0,0","13,2",03:50,"28,7",14:50,11,"3,1","10,3",13:30,"3,6","1022,4",10,"1019,1",16
2022-12-30,C619Y,LA ALDEA DE SAN NICOLÁS,LAS PALMAS,13,"21,8","0,0","15,5",08:20,"28,0",14:00,17,"3,3","13,3",14:20,"7,0","1023,1",11,"1020,1",15
2022-12-31,C619Y,LA ALDEA DE SAN NICOLÁS,LAS PALMAS,13,"20,2","0,0","14,7",03:40,"25,8",13:40,99,"2,5","8,1",05:40,"8,8","1022,1",10,"1019,0",16
2023-01-01,C619Y,LA ALDEA DE SAN NICOLÁS,LAS PALMAS,13,"19,0","0,0","13,0",07:40,"25,1",15:20,36,"2,8","7,5",13:00,"8,8","1022,3",23,"1019,1",15
2023-01-02,C619Y,LA ALDEA DE SAN NICOLÁS,LAS PALMAS,13,"18,9","0,0","13,0",08:00,"24,8",13:50,03,"3,6","11,4",15:30,"8,8","1023,3",10,"1020,4",15
2023-01-03,C619Y,LA ALDEA DE SAN NICOLÁS,LAS PALMAS,13,"19,4","0,0","13,3",08:20,"25,4",13:10,06,"2,2","8,9",02:50,"8,9","1024,4",24,"1021,0",15
2023-01-04,C619Y,LA ALDEA DE SAN NICOLÁS,LAS PALMAS,13,"17,8","0,0","10,1",08:00,"25,5",15:30,29,"2,8","6,1",13:40,"9,0","1025,1",Varias,"1022,1",16
2023-01-05,C619Y,LA ALDEA DE SAN NICOLÁS,LAS PALMAS,13,"16,8","0,0","9,7",06:40,"23,9",13:00,28,"3,1","5,8",17:30,"9,1","1025,0",11,"1022,4",16
2023-01-06,C619Y,LA ALDEA DE SAN NICOLÁS,LAS PALMAS,13,"16,1","0,0","8,8",08:00,"23,4",14:00,28,"3,1","6,7",14:00,"9,0","1025,9",24,"1023,1",15
2023-01-07,C619Y,LA ALDEA DE SAN NICOLÁS,LAS PALMAS,13,"16,0","0,0","8,7",08:00,"23,4",14:00,26,"3,1","8,3",15:00,"9,1","1027,3",23,"1024,3",Varias
2023-01-08,C619Y,LA ALDEA DE SAN NICOLÁS,LAS PALMAS,13,"15,8","0,0","8,9",06:00,"22,6",15:30,03,"3,3","10,0",18:10,"9,2","1028,9",10,"1025,9",15
2023-01-09,C619Y,LA ALDEA DE SAN NICOLÁS,LAS PALMAS,13,"16,8","0,0","10,0",04:20,"23,5",14:00,25,"3,1","8,9",15:20,"9,1","1028,7",10,"1025,3",Varias
2023-01-10,C619Y,LA ALDEA DE SAN NICOLÁS,LAS PALMAS,13,"16,9","0,0","11,6",06:00,"22,2",13:40,02,"2,2","10,8",22:50,"1,6","1028,4",10,"1025,2",15
2023-01-11,C619Y,LA ALDEA DE SAN NICOLÁS,LAS PALMAS,13,"19,9","0,0","15,8",06:20,"24,0",13:00,07,"7,2","18,3",17:30,"7,5","1027,8",11,"1024,2",16
2023-01-12,C619Y,LA ALDEA DE SAN NICOLÁS,LAS PALMAS,13,"20,4","0,0","18,0",04:30,"22,7",14:00,99,"6,4","19,2",15:50,"5,7","1025,7",Varias,"1022,8",16
2023-01-13,C619Y,LA ALDEA DE SAN NICOLÁS,LAS PALMAS,13,"18,6","0,0","14,4",23:59,"22,9",12:30,05,"8,6","19,2",15:30,"9,2","1024,6",11,"1021,4",17
2023-01-14,C619Y,LA ALDEA DE SAN NICOLÁS,LAS PALMAS,13,"17,6","0,0","10,6",08:00,"24,6",16:10,28,"3,1","6,1",12:40,"9,3","1024,1",10,"1020,3",16
2023-01-15,C619Y,LA ALDEA DE SAN NICOLÁS,LAS PALMAS,13,"17,2","0,0","10,3",07:10,"24,2",11:40,02,"5,8","20,0",14:10,"9,3","1024,7",23,"1021,2",16
2023-01-16,C619Y,LA ALDEA DE SAN NICOLÁS,LAS PALMAS,13,"18,0","0,0","12,3",07:50,"23,6",16:00,05,"6,1","17,8",18:20,"9,4","1025,1",10,"1021,2",16
2023-01-17,C619Y,LA ALDEA DE SAN NICOLÁS,LAS PALMAS,13,"18,0","1,8","12,6",02:00,"23,3",13:00,06,"5,3","17,5",16:10,"6,0","1024,8",11,"1021,3",16
2023-01-18,C619Y,LA ALDEA DE SAN NICOLÁS,LAS PALMAS,13,"18,6","5,0","15,5",05:40,"21,6",12:20,08,"5,6","17,5",17:00,"3,5","1022,7",Varias,"1019,6",16
2023-01-19,C619Y,LA ALDEA DE SAN NICOLÁS,LAS PALMAS,13,"19,0","0,2","16,4",05:50,"21,6",16:30,08,"5,6","18,6",10:50,"5,7","1023,0",11,"1020,1",16
2023-01-20,C619Y,LA ALDEA DE SAN NICOLÁS,LAS PALMAS,13,"19,2","0,0","16,8",06:00,"21,5",15:00,03,"9,4","18,3",16:50,"9,0","1021,8",10,"1018,3",16
2023-01-21,C619Y,LA ALDEA DE SAN NICOLÁS,LAS PALMAS,13,"20,0","0,0","16,6",05:10,"23,4",14:50,01,"6,7","16,9",11:50,"9,1","1021,7",11,"1019,2",16
2023-01-22,C619Y,LA ALDEA DE SAN NICOLÁS,LAS PALMAS,13,"21,2","0,0","17,8",05:10,"24,7",13:30,12,"6,7","18,9",21:20,"8,5","1020,6",10,"1017,7",17
2023-01-23,C619Y,LA ALDEA DE SAN NICOLÁS,LAS PALMAS,13,"20,2","0,0","17,8",22:10,"22,6",13:20,07,"6,7","17,2",15:30,"7,7","1018,7",11,"1015,5",15
2023-01-24,C619Y,LA ALDEA DE SAN NICOLÁS,LAS PALMAS,13,"17,0","0,0","11,5",07:30,"22,5",15:00,02,"7,2","20,0",18:30,,"1017,1",Varias,"1014,4",16
2023-01-25,C619Y,LA ALDEA DE SAN NICOLÁS,LAS PALMAS,13,"16,4","0,0","10,8",05:00,"22,1",14:20,04,"6,1","21,1",16:40,"9,5","1019,8",24,"1016,1",17
2023-01-26,C619Y,LA ALDEA DE SAN NICOLÁS,LAS PALMAS,13,"16,6","0,0","11,0",06:50,"22,1",13:30,03,"6,9","20,8",16:00,"9,5","1022,6",24,"1018,3",02
2023-01-27,C619Y,LA ALDEA DE SAN NICOLÁS,LAS PALMAS,13,"18,2","0,6","13,5",04:50,"23,0",14:10,11,"7,5","17,8",19:00,"6,6","1024,1",11,"1020,5",16
2023-01-28,C619Y,LA ALDEA DE SAN NICOLÁS,LAS PALMAS,13,"18,4","2,8","14,3",22:50,"22,4",15:00,11,"4,4","18,9",12:20,"3,2","1022,2",00,"1017,7",15
2023-01-29,C619Y,LA ALDEA DE SAN NICOLÁS,LAS PALMAS,13,"17,0","0,0","13,2",23:59,"20,7",15:10,06,"3,3","13,1",03:30,"1,4","1020,1",11,"1015,9",16
2023-01-30,C619Y,LA ALDEA DE SAN NICOLÁS,LAS PALMAS,13,"15,9","0,0","10,2",06:30,"21,6",16:00,08,"3,9","14,2",16:10,"6,6","1020,9",23,"1017,4",15
2023-01-31,C619Y,LA ALDEA DE SAN NICOLÁS,LAS PALMAS,13,"17,3","0,0","12,3",03:20,"22,3",12:10,08,"4,4","16,1",17:20,"8,2","1021,4",10,"1018,4",16
2023-02-01,C619Y,LA ALDEA DE SAN NICOLÁS,LAS PALMAS,13,"17,0","0,0","11,8",23:59,"22,1",14:20,07,"3,6","14,2",13:30,"9,8","1021,7",Varias,"1018,6",15
2023-02-02,C619Y,LA ALDEA DE SAN NICOLÁS,LAS PALMAS,13,"15,7","0,0","9,1",05:30,"22,3",15:50,25,"3,6","8,9",13:10,"9,3","1022,5",22,"1019,8",15
2023-02-03,C619Y,LA ALDEA DE SAN NICOLÁS,LAS PALMAS,13,"15,4","0,0","9,1",03:50,"21,7",14:40,01,"3,1","8,1",15:50,"9,6","1024,4",23,"1021,2",03
2023-02-04,C619Y,LA ALDEA DE SAN NICOLÁS,LAS PALMAS,13,"15,6","0,0","8,4",07:50,"22,7",16:00,09,"2,5","11,4",17:30,"6,6","1025,6",23,"1023,1",15
2023-02-05,C619Y,LA ALDEA DE SAN NICOLÁS,LAS PALMAS,13,"14,9","0,0","8,6",07:50,"21,2",15:30,12,"3,9","10,3",17:40,"7,2","1025,6",10,"1022,4",17
2023-02-06,C619Y,LA ALDEA DE SAN NICOLÁS,LAS PALMAS,13,"16,4","0,8","10,5",03:50,"22,4",14:20,34,"3,3","14,2",19:00,"9,4","1024,1",00,"1019,6",17
2023-02-07,C619Y,LA ALDEA DE SAN NICOLÁS,LAS PALMAS,13,"19,4","0,0","15,8",01:30,"23,0",14:30,09,"2,8","11,4",22:10,"4,0","1021,1",00,"1018,6",16
2023-02-08,C619Y,LA ALDEA DE SAN NICOLÁS,LAS PALMAS,13,"17,3","0,0","11,9",07:50,"22,7",14:30,36,"4,2","10,0",13:10,"6,5","1021,7",11,"1018,5",16
2023-02-09,C619Y,LA ALDEA DE SAN NICOLÁS,LAS PALMAS,13,"16,6","7,0","13,8",23:59,"19,3",12:00,36,"2,5","8,3",15:30,"1,2","1020,0",00,"1015,7",17
2023-02-10,C619Y,LA ALDEA DE SAN NICOLÁS,LAS PALMAS,13,"17,0","4,4","11,1",08:00,"23,0",16:00,22,"3,6","10,8",15:10,"9,4","1016,9",11,"1013,7",Varias
2023-02-11,C619Y,LA ALDEA DE SAN NICOLÁS,LAS PALMAS,13,"18,6","2,4","13,7",08:10,"23,6",15:10,30,"3,3","11,9",00:30,"5,9","1018,4",24,"1014,1",05
2023-02-12,C619Y,LA ALDEA DE SAN NICOLÁS,LAS PALMAS,13,"17,8","0,0","10,8",07:50,"24,9",15:40,04,"3,3","6,9",16:30,"10,0","1018,6",01,"1014,9",16
2023-02-13,C619Y,LA ALDEA DE SAN NICOLÁS,LAS PALMAS,13,"17,0","0,0","11,8",04:00,"22,2",16:00,07,"3,6","10,3",21:20,"6,2","1019,9",23,"1016,2",15
2023-02-14,C619Y,LA ALDEA DE SAN NICOLÁS,LAS PALMAS,13,"18,1","0,0","13,3",07:00,"22,9",15:00,08,"3,9","17,2",17:00,"8,3","1022,5",23,"1019,3",04
2023-02-15,C619Y,LA ALDEA DE SAN NICOLÁS,LAS PALMAS,13,"18,0","7,4","13,9",20:20,"22,2",13:40,09,"6,1","21,4",08:30,"6,1","1023,1",10,"1019,1",Varias
2023-02-16,C619Y,LA ALDEA DE SAN NICOLÁS,LAS PALMAS,13,"16,1","0,2","11,4",08:00,"20,8",16:10,08,"4,4","17,8",18:10,"9,9","1020,4",00,"1014,9",16
2023-02-17,C619Y,LA ALDEA DE SAN NICOLÁS,LAS PALMAS,13,"19,0","0,4","14,6",00:20,"23,5",15:50,08,"2,5","12,2",00:50,"8,1","1016,6",23,"1013,5",Varias
2023-02-18,C619Y,LA ALDEA DE SAN NICOLÁS,LAS PALMAS,13,"19,6","0,2","15,2",08:10,"24,1",14:30,03,"3,9","12,2",18:10,"10,1","1018,5",11,"1015,7",04
2023-02-19,C619Y,LA ALDEA DE SAN NICOLÁS,LAS PALMAS,13,"18,6","0,4","14,1",23:59,"23,2",15:30,06,"2,2","8,6",11:40,"8,7","1018,2",10,"1014,7",17
2023-02-20,C619Y,LA ALDEA DE SAN NICOLÁS,LAS PALMAS,13,"17,2","0,0","11,4",07:40,"23,1",14:40,99,"3,9","12,5",Varias,"10,1","1018,3",24,"1014,9",Varias
2023-02-21,C619Y,LA ALDEA DE SAN NICOLÁS,LAS PALMAS,13,"21,0","0,0","17,7",05:50,"24,4",14:10,08,"5,3","18,1",13:40,"7,8","1019,6",23,"1016,5",17
2023-02-22,C619Y,LA ALDEA DE SAN NICOLÁS,LAS PALMAS,13,"20,6","0,2","17,4",Varias,"23,9",13:50,99,"5,3","16,4",Varias,"5,7","1019,3",10,"1015,9",16
2023-02-23,C619Y,LA ALDEA DE SAN NICOLÁS,LAS PALMAS,13,"19,9","0,0","15,6",07:50,"24,2",14:00,09,"3,3","13,9",07:20,"6,7","1016,7",00,"1013,2",17
2023-02-24,C619Y,LA ALDEA DE SAN NICOLÁS,LAS PALMAS,13,"18,4","0,0","13,8",23:30,"23,1",15:20,04,"4,2","12,5",15:50,"9,7","1017,1",24,"1013,9",04
2023-02-25,C619Y,LA ALDEA DE SAN NICOLÁS,LAS PALMAS,13,"17,4","0,0","12,7",02:10,"22,1",14:40,26,"3,3","11,4",14:40,"8,8","1017,4",11,"1014,1",15
2023-02-26,C619Y,LA ALDEA DE SAN NICOLÁS,LAS PALMAS,13,"17,6","0,0","11,4",05:40,"23,9",13:20,04,"3,3","10,8",20:10,"9,2","1018,9",23,"1014,8",05
2023-02-27,C619Y,LA ALDEA DE SAN NICOLÁS,LAS PALMAS,13,"19,2","0,0","13,7",07:40,"24,8",15:10,11,"4,7","13,9",22:50,"10,5","1023,0",23,"1017,8",05
2023-02-28,C619Y,LA ALDEA DE SAN NICOLÁS,LAS PALMAS,13,"18,2","0,0","12,6",05:40,"23,7",15:00,08,"5,3","16,7",11:50,"10,6","1023,6",11,"1020,4",18
2023-03-01,C619Y,LA ALDEA DE SAN NICOLÁS,LAS PALMAS,13,"19,8","0,0","15,4",05:00,"24,2",14:50,08,"3,9","12,5",22:20,"7,8","1022,3",00,"1019,0",15
2023-03-02,C619Y,LA ALDEA DE SAN NICOLÁS,LAS PALMAS,13,,,,,,,,"4,2",,,,,,,
2023-03-03,C619Y,LA ALDEA DE SAN NICOLÁS,LAS PALMAS,13,"19,7","0,0","15,5",07:50,"23,9",13:50,36,"4,7","14,4",12:50,"10,4","1020,0",00,"1016,0",16
2023-03-04,C619Y,LA ALDEA DE SAN NICOLÁS,LAS PALMAS,13,"19,0","0,0","13,7",08:00,"24,2",13:30,02,"5,0","12,2",18:30,"10,5","1018,8",00,"1016,0",18
2023-03-05,C619Y,LA ALDEA DE SAN NICOLÁS,LAS PALMAS,13,"17,6","0,0","12,0",08:00,"23,3",14:10,28,"3,6","10,0",13:20,"9,3","1018,7",12,"1015,2",18
2023-03-06,C619Y,LA ALDEA DE SAN NICOLÁS,LAS PALMAS,13,"17,4","0,0","11,6",07:20,"23,2",15:30,24,"3,3","9,2",11:20,"10,7","1017,8",12,"1015,3",17
2023-03-07,C619Y,LA ALDEA DE SAN NICOLÁS,LAS PALMAS,13,"18,6","0,0","12,8",07:50,"24,5",16:10,31,"3,3","7,8",15:20,"10,7","1018,1",12,"1015,7",Varias
2023-03-08,C619Y,LA ALDEA DE SAN NICOLÁS,LAS PALMAS,13,"17,6","0,0","11,5",07:40,"23,7",17:10,01,"4,2","9,4",19:00,"10,7","1018,2",10,"1015,6",Varias
2023-03-09,C619Y,LA ALDEA DE SAN NICOLÁS,LAS PALMAS,13,"19,0","0,0","12,0",07:20,"26,1",15:20,01,"4,7","17,8",17:00,"10,9","1020,2",12,"1017,0",04
2023-03-10,C619Y,LA ALDEA DE SAN NICOLÁS,LAS PALMAS,13,"19,8","0,0","12,9",07:40,"26,8",14:50,06,"2,8","13,3",05:10,"11,0","1019,9",Varias,"1017,2",17
2023-03-11,C619Y,LA ALDEA DE SAN NICOLÁS,LAS PALMAS,13,"21,0","0,0","12,6",07:30,"29,4",16:20,01,"2,5","10,8",18:30,"11,0","1019,5",00,"1015,7",17
2023-03-12,C619Y,LA ALDEA DE SAN NICOLÁS,LAS PALMAS,13,"21,2","0,0","11,0",07:10,"31,4",15:20,03,"4,4","15,0",17:20,"11,0","1017,9",22,"1015,3",16
2023-03-13,C619Y,LA ALDEA DE SAN NICOLÁS,LAS PALMAS,13,"19,2","0,0","15,1",02:10,"23,3",15:30,03,"7,8","20,0",17:40,"9,8","1019,0",Varias,"1016,9",17
2023-03-14,C619Y,LA ALDEA DE SAN NICOLÁS,LAS PALMAS,13,"19,6","0,0","11,7",06:00,"27,6",16:00,01,"2,8","12,5",16:30,"11,0","1018,0",00,"1013,5",17
2023-03-15,C619Y,LA ALDEA DE SAN NICOLÁS,LAS PALMAS,13,"18,6","0,0","12,1",04:40,"25,1",15:30,36,"5,3","16,4",11:20,"10,5","1014,4",00,"1010,4",17
2023-03-16,C619Y,LA ALDEA DE SAN NICOLÁS,LAS PALMAS,13,"19,0","0,0","14,4",07:00,"23,5",11:00,36,"8,1","23,3",16:30,"10,1","1014,7",24,"1009,8",03
2023-03-17,C619Y,LA ALDEA DE SAN NICOLÁS,LAS PALMAS,13,"21,0","0,0","18,1",23:59,"23,8",14:40,05,"10,8","24,4",19:40,"10,4","1018,4",23,"1013,4",04
2023-03-18,C619Y,LA ALDEA DE SAN NICOLÁS,LAS PALMAS,13,"19,7","0,0","16,3",04:30,"23,1",14:20,99,"10,3","25,0",Varias,"11,2","1018,8",11,"1015,9",04
2023-03-19,C619Y,LA ALDEA DE SAN NICOLÁS,LAS PALMAS,13,"20,4","0,0","17,9",Varias,"22,8",14:30,06,"10,3","22,5",00:40,"11,2","1018,0",00,"1015,0",17
2023-03-20,C619Y,LA ALDEA DE SAN NICOLÁS,LAS PALMAS,13,"20,4","0,0","17,6",07:00,"23,3",15:20,06,"6,9","22,5",19:00,"11,1","1017,0",01,"1013,7",18
2023-03-21,C619Y,LA ALDEA DE SAN NICOLÁS,LAS PALMAS,13,"18,3","0,0","13,0",07:00,"23,6",13:00,03,"5,8","19,7",20:20,"10,9","1015,0",00,"1012,1",18
2023-03-22,C619Y,LA ALDEA DE SAN NICOLÁS,LAS PALMAS,13,"20,1","0,0","14,3",07:20,"25,9",12:40,01,"4,2","20,0",20:00,"8,4","1013,2",00,"1009,4",18
2023-03-23,C619Y,LA ALDEA DE SAN NICOLÁS,LAS PALMAS,13,"24,4","0,0","16,0",06:10,"32,9",13:10,01,"5,0","18,3",16:30,"10,5","1015,8",23,"1011,1",03
2023-03-24,C619Y,LA ALDEA DE SAN NICOLÁS,LAS PALMAS,13,"22,1","0,0","15,1",07:20,"29,1",13:20,01,"3,3","16,7",00:10,"10,8","1017,5",22,"1013,9",03
2023-03-25,C619Y,LA ALDEA DE SAN NICOLÁS,LAS PALMAS,13,"21,5","0,0","14,7",07:00,"28,3",12:40,30,"3,3","9,7",14:40,"10,8","1018,7",11,"1015,7",18
2023-03-26,C619Y,LA ALDEA DE SAN NICOLÁS,LAS PALMAS,13,"20,5","0,0","14,7",07:30,"26,3",11:00,03,"4,2","13,9",22:50,"10,8","1018,2",12,"1015,4",Varias
2023-03-27,C619Y,LA ALDEA DE SAN NICOLÁS,LAS PALMAS,13,"20,2","0,0","12,0",07:20,"28,3",15:30,02,"5,6","15,8",17:40,"11,2","1017,5",00,"1012,7",17
2023-03-28,C619Y,LA ALDEA DE SAN NICOLÁS,LAS PALMAS,13,"20,2","0,0","13,1",07:30,"27,3",14:00,02,"6,4","16,7",15:50,"11,4","1016,2",24,"1012,7",16
2023-03-29,C619Y,LA ALDEA DE SAN NICOLÁS,LAS PALMAS,13,"22,8","0,0","14,9",05:40,"30,6",14:00,01,"10,0","21,4",13:40,"11,0","1018,4",Varias,"1014,7",15
2023-03-30,C619Y,LA ALDEA DE SAN NICOLÁS,LAS PALMAS,13,"28,8","0,0","21,1",07:10,"36,5",15:30,01,"3,1","18,6",04:40,"10,1","1019,0",10,"1016,2",17
2023-03-31,C619Y,LA ALDEA DE SAN NICOLÁS,LAS PALMAS,13,"24,8","0,0","18,0",07:30,"31,7",13:40,29,"3,6","10,6",14:50,"10,4","1020,9",11,"1017,0",04
2023-04-01,C619Y,LA ALDEA DE SAN NICOLÁS,LAS PALMAS,13,"23,7","0,0","18,1",04:00,"29,3",12:00,02,"9,4","23,3",16:20,"11,5","1020,8",10,"1017,2",18
2023-04-02,C619Y,LA ALDEA DE SAN NICOLÁS,LAS PALMAS,13,"19,8","0,0","13,6",07:30,"26,0",13:00,36,"6,1","18,9",11:30,"11,5","1019,2",00,"1015,0",18
2023-04-03,C619Y,LA ALDEA DE SAN NICOLÁS,LAS PALMAS,13,"20,8","0,0","18,5",03:40,"23,0",15:30,06,"8,9","23,9",18:30,"11,2","1017,6",10,"1015,0",16
2023-04-04,C619Y,LA ALDEA DE SAN NICOLÁS,LAS PALMAS,13,"20,8","0,6","16,5",22:30,"25,2",13:40,10,"7,8","25,0",13:50,"7,9","1016,6",00,"1013,4",16
2023-04-05,C619Y,LA ALDEA DE SAN NICOLÁS,LAS PALMAS,13,"19,8","0,0","17,0",00:10,"22,5",11:20,07,"4,4","18,3",04:50,"1,8","1015,7",22,"1011,5",04
2023-04-06,C619Y,LA ALDEA DE SAN NICOLÁS,LAS PALMAS,13,"21,4","0,0","18,0",07:00,"24,9",14:20,06,"7,2","19,4",12:00,"11,6","1015,4",11,"1013,0",04
2023-04-07,C619Y,LA ALDEA DE SAN NICOLÁS,LAS PALMAS,13,"17,4","0,0","12,2",07:00,"22,5",14:10,04,"5,0","14,4",10:30,"10,0","1014,2",00,"1011,0",17
2023-04-08,C619Y,LA ALDEA DE SAN NICOLÁS,LAS PALMAS,13,"19,2","0,0","13,5",06:30,"24,9",15:40,04,"3,6","11,7",14:40,"10,4","1015,3",12,"1012,1",05
2023-04-09,C619Y,LA ALDEA DE SAN NICOLÁS,LAS PALMAS,13,"19,3","0,0","14,4",07:00,"24,2",12:50,07,"4,2","18,3",18:50,"10,8","1017,3",23,"1013,2",05
2023-04-10,C619Y,LA ALDEA DE SAN NICOLÁS,LAS PALMAS,13,"27,8","0,0","18,3",00:10,"37,2",15:50,02,"10,0","21,4",16:30,"11,0","1018,3",Varias,"1015,5",16
2023-04-11,C619Y,LA ALDEA DE SAN NICOLÁS,LAS PALMAS,13,"22,8","0,0","19,6",07:00,"26,0",01:10,01,"8,3","21,1",13:20,"7,4","1018,2",00,"1015,3",Varias
2023-04-12,C619Y,LA ALDEA DE SAN NICOLÁS,LAS PALMAS,13,"24,2","0,0","18,3",04:00,"30,2",12:20,03,"8,1","20,8",13:20,"10,7","1017,0",Varias,"1012,9",17
2023-04-13,C619Y,LA ALDEA DE SAN NICOLÁS,LAS PALMAS,13,"20,3","0,0","17,6",07:20,"23,0",13:30,36,"10,0","24,2",14:10,"11,6","1018,4",11,"1015,3",16
2023-04-14,C619Y,LA ALDEA DE SAN NICOLÁS,LAS PALMAS,13,"19,8","0,0","15,4",03:50,"24,3",15:20,03,"8,3","20,0",15:50,"11,7","1017,5",10,"1014,9",Varias
2023-04-15,C619Y,LA ALDEA DE SAN NICOLÁS,LAS PALMAS,13,"18,5","0,0","12,7",06:50,"24,3",13:10,06,"5,8","18,3",23:00,"11,8","1016,0",00,"1013,0",16
2023-04-16,C619Y,LA ALDEA DE SAN NICOLÁS,LAS PALMAS,13,"20,2","0,0","15,9",07:20,"24,6",14:00,99,"5,0","15,8",Varias,"11,8","1013,7",00,"1009,7",24
2023-04-17,C619Y,LA ALDEA DE SAN NICOLÁS,LAS PALMAS,13,"22,3","0,0","18,6",04:00,"26,0",17:00,03,"3,6","12,5",16:00,"10,5","1009,7",00,"1006,8",19
2023-04-18,C619Y,LA ALDEA DE SAN NICOLÁS,LAS PALMAS,13,"21,6","0,0","19,3",02:30,"24,0",17:40,10,"3,9","17,5",12:30,"2,8","1012,0",24,"1006,1",05
2023-04-19,C619Y,LA ALDEA DE SAN NICOLÁS,LAS PALMAS,13,"22,5",,"18,9",04:20,"26,1",14:10,09,"5,3","14,4",01:30,"10,6","1015,2",22,"1011,2",03
2023-04-20,C619Y,LA ALDEA DE SAN NICOLÁS,LAS PALMAS,13,"20,2","0,0","14,8",07:00,"25,5",13:00,03,"4,4","11,1",13:50,"11,4","1015,1",00,"1011,4",Varias
2023-04-21,C619Y,LA ALDEA DE SAN NICOLÁS,LAS PALMAS,13,"19,5","0,0","13,4",06:00,"25,6",14:10,29,"3,6","10,3",15:50,"11,5","1013,5",24,"1010,0",17
2023-04-22,C619Y,LA ALDEA DE SAN NICOLÁS,LAS PALMAS,13,"20,0","0,0","14,3",07:00,"25,6",14:30,07,"3,3","9,7",Varias,"11,1","1014,4",22,"1011,8",04
2023-04-23,C619Y,LA ALDEA DE SAN NICOLÁS,LAS PALMAS,13,"22,2","0,0","19,3",23:59,"25,1",15:20,04,"4,2","18,3",20:10,"12,2","1015,3",23,"1012,3",05
2023-04-24,C619Y,LA ALDEA DE SAN NICOLÁS,LAS PALMAS,13,"19,5","0,0","14,9",06:20,"24,1",13:00,04,"6,7","16,4",18:20,"11,6","1015,0",00,"1012,9",06
2023-04-25,C619Y,LA ALDEA DE SAN NICOLÁS,LAS PALMAS,13,"20,8","0,0","15,9",06:30,"25,6",14:40,04,"5,3","14,7",00:20,"12,0","1014,4",Varias,"1011,8",16
2023-04-26,C619Y,LA ALDEA DE SAN NICOLÁS,LAS PALMAS,13,"21,1","0,0","16,9",06:50,"25,3",15:10,02,"5,8","15,3",18:10,"11,5","1013,5",00,"1010,5",Varias
2023-04-27,C619Y,LA ALDEA DE SAN NICOLÁS,LAS PALMAS,13,"21,6","0,0","15,5",07:00,"27,6",16:30,02,"4,2","13,9",17:10,"12,0","1014,0",24,"1011,2",05
2023-04-28,C619Y,LA ALDEA DE SAN NICOLÁS,LAS PALMAS,13,"20,4","0,0","14,8",04:40,"26,0",13:50,02,"4,7","15,0",17:30,"12,1","1017,5",23,"1012,6",03
2023-04-29,C619Y,LA ALDEA DE SAN NICOLÁS,LAS PALMAS,13,"22,2","0,0","14,7",06:50,"29,6",16:20,01,"3,1","14,7",19:30,"11,0","1017,3",00,"1015,1",16
2023-04-30,C619Y,LA ALDEA DE SAN NICOLÁS,LAS PALMAS,13,"23,0","0,0","16,1",07:00,"29,8",13:50,01,"3,3","13,1",16:00,"12,2","1016,6",01,"1013,1",17
2023-05-01,C619Y,LA ALDEA DE SAN NICOLÁS,LAS PALMAS,13,"22,5","0,0","15,5",06:20,"29,5",15:30,36,"3,3","12,5",10:40,"12,2","1015,4",00,"1010,8",18
2023-05-02,C619Y,LA ALDEA DE SAN NICOLÁS,LAS PALMAS,13,"21,1",,"14,7",06:30,"27,5",16:00,27,"4,7","12,5",12:10,"12,2","1013,8",23,"1010,4",06
2023-05-03,C619Y,LA ALDEA DE SAN NICOLÁS,LAS PALMAS,13,"23,0",,"19,0",00:10,"27,1",13:10,04,"8,1","16,1",17:40,"11,9","1020,1",23,"1012,4",04
2023-05-04,C619Y,LA ALDEA DE SAN NICOLÁS,LAS PALMAS,13,"23,4",,"20,0",06:50,"26,9",15:30,08,"6,1","23,3",17:30,"12,1","1021,4",22,"1018,5",19
2023-05-05,C619Y,LA ALDEA DE SAN NICOLÁS,LAS PALMAS,13,"23,8",,"19,9",05:50,"27,8",12:40,11,"7,5","20,6",12:20,"9,3","1020,7",00,"1017,5",19
2023-05-06,C619Y,LA ALDEA DE SAN NICOLÁS,LAS PALMAS,13,"24,5",,"20,2",05:00,"28,8",14:50,08,"7,8","20,3",22:50,"9,9","1020,1",11,"1017,0",18
2023-05-07,C619Y,LA ALDEA DE SAN NICOLÁS,LAS PALMAS,13,"23,6",,"20,5",06:00,"26,7",15:50,99,"9,7","25,3",Varias,"9,7","1019,6",23,"1016,2",16
2023-05-08,C619Y,LA ALDEA DE SAN NICOLÁS,LAS PALMAS,13,"23,2",,"20,2",05:40,"26,3",15:10,08,"7,8","28,6",00:30,"12,1","1019,1",00,"1016,9",05
2023-05-09,C619Y,LA ALDEA DE SAN NICOLÁS,LAS PALMAS,13,"22,4",,"20,4",Varias,"24,3",14:10,04,"13,3","27,8",22:40,"11,9","1018,6",00,"1014,4",Varias
2023-05-10,C619Y,LA ALDEA DE SAN NICOLÁS,LAS PALMAS,13,"22,9",,"20,4",04:00,"25,4",12:50,05,"10,3","23,3",01:00,"11,8","1015,7",00,"1013,1",17
2023-05-11,C619Y,LA ALDEA DE SAN NICOLÁS,LAS PALMAS,13,"22,0",,"19,6",05:20,"24,4",13:00,04,"9,4","25,0",15:20,"12,1","1014,6",23,"1012,1",17
2023-05-12,C619Y,LA ALDEA DE SAN NICOLÁS,LAS PALMAS,13,"21,0",,"17,5",Varias,"24,4",14:30,04,"8,1","27,5",19:10,"12,2","1015,1",Varias,"1012,4",16
2023-05-13,C619Y,LA ALDEA DE SAN NICOLÁS,LAS PALMAS,13,"22,7",,"19,7",Varias,"25,7",14:40,05,"8,9","26,9",17:50,"12,1","1017,8",24,"1014,1",04
2023-05-14,C619Y,LA ALDEA DE SAN NICOLÁS,LAS PALMAS,13,"22,2",,"19,4",Varias,"24,9",15:00,04,"8,3","23,6",13:00,"12,4","1020,2",22,"1016,5",03
2023-05-15,C619Y,LA ALDEA DE SAN NICOLÁS,LAS PALMAS,13,"19,2",,"13,9",07:00,"24,6",12:30,03,"7,5","20,8",15:10,"9,6","1019,8",00,"1014,8",19
2023-05-16,C619Y,LA ALDEA DE SAN NICOLÁS,LAS PALMAS,13,"22,6",,"19,3",05:50,"26,0",13:40,06,"6,9","21,7",17:50,"11,5","1016,8",23,"1013,0",06
2023-05-17,C619Y,LA ALDEA DE SAN NICOLÁS,LAS PALMAS,13,"23,6",,"19,6",02:00,"27,5",14:50,11,"7,5","20,6",13:20,"11,5","1018,1",23,"1015,3",03
2023-05-18,C619Y,LA ALDEA DE SAN NICOLÁS,LAS PALMAS,13,"23,4",,"19,7",02:00,"27,1",14:00,15,"5,0","18,1",14:30,"8,7","1020,7",23,"1016,4",Varias
2023-05-19,C619Y,LA ALDEA DE SAN NICOLÁS,LAS PALMAS,13,"22,3",,"19,1",06:00,"25,5",14:20,04,"4,4","18,6",12:10,"11,4","1020,4",00,"1016,8",19
2023-05-20,C619Y,LA ALDEA DE SAN NICOLÁS,LAS PALMAS,13,"23,0",,"18,9",04:40,"27,2",15:20,08,"3,9","16,4",19:10,"11,8","1018,0",00,"1014,3",18
2023-05-21,C619Y,LA ALDEA DE SAN NICOLÁS,LAS PALMAS,13,"22,4",,"17,9",03:30,"26,8",15:20,10,"4,7","14,2",16:30,"11,8","1015,9",23,"1013,3",05
2023-05-22,C619Y,LA ALDEA DE SAN NICOLÁS,LAS PALMAS,13,"23,4",,"18,9",04:00,"27,9",14:30,08,"3,9","13,9",15:10,"9,9","1016,4",23,"1013,7",03
2023-05-23,C619Y,LA ALDEA DE SAN NICOLÁS,LAS PALMAS,13,"22,0",,"18,3",06:30,"25,8",15:30,08,"3,3","16,7",14:40,"9,9","1016,6",23,"1014,7",04
2023-05-24,C619Y,LA ALDEA DE SAN NICOLÁS,LAS PALMAS,13,"20,7",,"14,4",04:00,"27,0",13:20,04,"3,6","13,9",17:40,"11,6","1016,5",00,"1014,2",18
2023-05-25,C619Y,LA ALDEA DE SAN NICOLÁS,LAS PALMAS,13,"21,0",,"14,8",05:50,"27,2",14:50,06,"3,9","11,9",10:10,"11,5","1016,7",23,"1014,1",05
2023-05-26,C619Y,LA ALDEA DE SAN NICOLÁS,LAS PALMAS,13,"21,1",,"15,7",05:50,"26,5",15:30,02,"4,4","11,4",12:30,"10,5","1017,2",Varias,"1014,8",05
2023-05-27,C619Y,LA ALDEA DE SAN NICOLÁS,LAS PALMAS,13,"20,6",,"15,3",06:40,"25,9",13:30,25,"4,2","11,4",13:10,"11,1","1017,3",23,"1015,3",04
2023-05-28,C619Y,LA ALDEA DE SAN NICOLÁS,LAS PALMAS,13,"20,8",,"15,3",06:10,"26,3",14:20,29,"2,8","7,2",11:50,"12,1","1017,6",10,"1015,4",18
2023-05-29,C619Y,LA ALDEA DE SAN NICOLÁS,LAS PALMAS,13,"22,4",,"16,8",06:30,"27,9",15:30,09,"3,6","12,8",16:10,,"1018,3",23,"1015,2",03
2023-05-30,C619Y,LA ALDEA DE SAN NICOLÁS,LAS PALMAS,13,"22,0",,"16,2",06:30,"27,7",14:10,02,"4,2","13,1",15:10,"12,3","1019,2",11,"1016,8",19
2023-05-31,C619Y,LA ALDEA DE SAN NICOLÁS,LAS PALMAS,13,"21,1",,"16,0",06:20,"26,2",13:20,30,"3,9","9,7",18:50,"12,7","1018,1",00,"1013,3",21
2023-06-01,C619Y,LA ALDEA DE SAN NICOLÁS,LAS PALMAS,13,"24,4","0,0","20,3",03:20,"28,6",14:30,99,"4,7","13,1",Varias,"11,8","1013,8",00,"1010,7",19
2023-06-02,C619Y,LA ALDEA DE SAN NICOLÁS,LAS PALMAS,13,"25,0",,"19,7",05:00,"30,3",13:00,08,"4,4","13,1",11:40,"10,9","1013,7",23,"1010,4",04
2023-06-03,C619Y,LA ALDEA DE SAN NICOLÁS,LAS PALMAS,13,"24,1","0,0","20,7",06:30,"27,5",13:50,04,"5,0","13,3",11:10,"12,4","1015,0",23,"1012,0",03
2023-06-04,C619Y,LA ALDEA DE SAN NICOLÁS,LAS PALMAS,13,"23,5","0,0","20,1",06:30,"26,9",11:30,01,"3,3","10,6",01:10,"10,8","1015,6",23,"1012,8",04
2023-06-05,C619Y,LA ALDEA DE SAN NICOLÁS,LAS PALMAS,13,"24,2","0,0","19,3",06:00,"29,1",15:50,36,"3,9","11,1",14:30,"4,8","1015,1",00,"1009,4",17
2023-06-06,C619Y,LA ALDEA DE SAN NICOLÁS,LAS PALMAS,13,"25,0","0,0","19,5",04:00,"30,6",15:00,18,"4,2","18,6",16:20,"6,8","1010,1",00,"1006,9",05
2023-06-07,C619Y,LA ALDEA DE SAN NICOLÁS,LAS PALMAS,13,"26,0","0,8","23,3",Varias,"28,8",16:40,22,"4,4","18,9",13:40,"7,5","1012,5",23,"1007,7",05
2023-06-08,C619Y,LA ALDEA DE SAN NICOLÁS,LAS PALMAS,13,"23,6","0,0","19,1",06:50,"28,2",13:50,01,"4,2","11,7",16:30,"9,9","1015,1",23,"1011,5",01
2023-06-09,C619Y,LA ALDEA DE SAN NICOLÁS,LAS PALMAS,13,"23,0","0,0","18,3",05:50,"27,7",15:10,04,"3,1","9,2",19:50,"11,7","1016,4",Varias,"1013,1",03
2023-06-10,C619Y,LA ALDEA DE SAN NICOLÁS,LAS PALMAS,13,"23,0","0,0","18,6",06:30,"27,4",14:10,02,"2,8","8,3",11:30,"12,4","1016,5",23,"1014,6",18
2023-06-11,C619Y,LA ALDEA DE SAN NICOLÁS,LAS PALMAS,13,"23,0","0,0","18,1",06:40,"27,8",16:20,33,"3,9","10,8",17:50,"12,6","1017,1",12,"1014,9",04
2023-06-12,C619Y,LA ALDEA DE SAN NICOLÁS,LAS PALMAS,13,"24,4","0,0","19,5",05:50,"29,3",15:20,02,"2,8","15,8",19:00,"11,7","1016,9",23,"1014,7",03
2023-06-13,C619Y,LA ALDEA DE SAN NICOLÁS,LAS PALMAS,13,"24,1","0,0","20,1",06:20,"28,1",12:30,06,"4,4","18,9",10:40,"12,6","1016,4",Varias,"1014,6",18
2023-06-14,C619Y,LA ALDEA DE SAN NICOLÁS,LAS PALMAS,13,"23,8","0,0","20,7",06:50,"27,0",13:40,36,"5,6","17,5",11:50,"12,2","1016,0",11,"1013,7",05
2023-06-15,C619Y,LA ALDEA DE SAN NICOLÁS,LAS PALMAS,13,"23,6","0,0","20,6",05:50,"26,7",13:50,06,"7,2","17,2",18:50,"12,4","1016,3",12,"1014,2",04
2023-06-16,C619Y,LA ALDEA DE SAN NICOLÁS,LAS PALMAS,13,"24,5","0,0","21,7",06:00,"27,3",14:00,03,"7,5","18,3",16:20,"12,6","1016,6",24,"1014,0",18
2023-06-17,C619Y,LA ALDEA DE SAN NICOLÁS,LAS PALMAS,13,"22,9","0,0","19,0",06:40,"26,8",15:50,06,"6,4","17,8",20:00,"12,6","1016,3",00,"1014,4",18
2023-06-18,C619Y,LA ALDEA DE SAN NICOLÁS,LAS PALMAS,13,"24,7","0,0","21,6",05:40,"27,8",16:40,02,"5,3","16,1",02:40,"12,5","1015,9",11,"1013,8",Varias
2023-06-19,C619Y,LA ALDEA DE SAN NICOLÁS,LAS PALMAS,13,"25,0","0,0","20,8",05:00,"29,2",12:20,99,"3,3","9,4",Varias,"12,0","1015,4",00,"1013,4",Varias
2023-06-20,C619Y,LA ALDEA DE SAN NICOLÁS,LAS PALMAS,13,"25,8","0,0","22,6",Varias,"29,1",13:00,02,"3,6","10,6",11:30,"10,5","1014,9",23,"1013,0",04
2023-06-21,C619Y,LA ALDEA DE SAN NICOLÁS,LAS PALMAS,13,"25,6","0,0","21,6",04:00,"29,6",14:20,06,"3,9","13,3",17:30,"10,3","1016,7",24,"1013,4",03
2023-06-22,C619Y,LA ALDEA DE SAN NICOLÁS,LAS PALMAS,13,"24,0","0,0","19,1",06:20,"28,8",13:20,06,"4,7","18,6",22:10,"12,7","1018,5",24,"1015,3",Varias
2023-06-23,C619Y,LA ALDEA DE SAN NICOLÁS,LAS PALMAS,13,"24,6","0,0","20,5",06:40,"28,8",13:30,99,"5,3","17,5",Varias,"12,5","1018,4",11,"1015,9",18
2023-06-24,C619Y,LA ALDEA DE SAN NICOLÁS,LAS PALMAS,13,"25,7","0,0","22,4",02:00,"29,0",14:50,08,"5,6","19,7",17:20,"10,5","1017,1",00,"1013,2",18
2023-06-25,C619Y,LA ALDEA DE SAN NICOLÁS,LAS PALMAS,13,"26,8","0,0","22,8",05:50,"30,7",14:30,07,"4,7","16,1",11:10,"8,5","1014,5",00,"1010,7",18
2023-06-26,C619Y,LA ALDEA DE SAN NICOLÁS,LAS PALMAS,13,"24,9","0,0","20,2",06:00,"29,6",14:30,06,"5,0","13,6",08:40,"12,3","1012,0",00,"1009,4",16
2023-06-27,C619Y,LA ALDEA DE SAN NICOLÁS,LAS PALMAS,13,"25,9","0,0","20,2",03:40,"31,6",16:50,02,"3,6","12,8",13:20,"12,2","1012,5",10,"1011,1",Varias
2023-06-28,C619Y,LA ALDEA DE SAN NICOLÁS,LAS PALMAS,13,"25,2","0,0","21,7",05:50,"28,7",14:50,01,"8,9","19,7",17:40,"12,0","1016,2",23,"1012,0",02
2023-06-29,C619Y,LA ALDEA DE SAN NICOLÁS,LAS PALMAS,13,"24,2","0,0","21,2",05:10,"27,2",12:20,99,"11,1","23,3",Varias,"11,8","1017,8",23,"1015,1",05
2023-06-30,C619Y,LA ALDEA DE SAN NICOLÁS,LAS PALMAS,13,"24,6","0,0","22,7",Varias,"26,6",13:40,35,"11,4","24,2",13:00,"12,2","1017,5",00,"1015,6",18
2023-07-01,C619Y,LA ALDEA DE SAN NICOLÁS,LAS PALMAS,13,"25,0","0,0","22,2",05:50,"27,9",15:10,06,"10,3","27,5",14:50,"12,1","1016,7",00,"1013,4",18
2023-07-02,C619Y,LA ALDEA DE SAN NICOLÁS,LAS PALMAS,13,"25,0","0,0","22,4",06:30,"27,6",14:50,06,"8,3","23,9",00:10,"11,9","1016,0",23,"1013,6",03
2023-07-03,C619Y,LA ALDEA DE SAN NICOLÁS,LAS PALMAS,13,"25,6","0,0","22,8",04:00,"28,5",13:00,04,"7,8","17,8",00:50,"10,3","1018,3",24,"1015,0",03
2023-07-04,C619Y,LA ALDEA DE SAN NICOLÁS,LAS PALMAS,13,"24,4","0,0","21,2",05:40,"27,7",11:00,36,"7,2","21,1",14:00,"11,5","1018,3",Varias,"1015,6",17
2023-07-05,C619Y,LA ALDEA DE SAN NICOLÁS,LAS PALMAS,13,"25,0","0,0","22,6",Varias,"27,4",14:50,01,"8,1","20,8",15:10,"11,8","1017,4",00,"1014,9",18
2023-07-06,C619Y,LA ALDEA DE SAN NICOLÁS,LAS PALMAS,13,"25,8","0,0","22,8",04:00,"28,7",16:50,06,"8,3","25,0",17:50,"12,2","1016,4",00,"1013,6",Varias
2023-07-07,C619Y,LA ALDEA DE SAN NICOLÁS,LAS PALMAS,13,"25,4","0,0","22,4",07:00,"28,3",15:10,09,"6,1","21,7",20:10,"12,6","1018,2",22,"1014,2",Varias
2023-07-08,C619Y,LA ALDEA DE SAN NICOLÁS,LAS PALMAS,13,"25,8","0,0","22,3",06:20,"29,3",14:50,07,"5,8","20,8",00:20,"12,6","1019,1",23,"1016,6",04
2023-07-09,C619Y,LA ALDEA DE SAN NICOLÁS,LAS PALMAS,13,"25,6","0,0","22,9",03:00,"28,3",14:10,05,"8,6","21,9",01:00,"12,6","1018,7",00,"1016,1",17
2023-07-10,C619Y,LA ALDEA DE SAN NICOLÁS,LAS PALMAS,13,"24,0","0,0","20,4",05:00,"27,6",15:10,04,"8,6","22,8",13:00,"12,2","1017,7",00,"1014,6",18
2023-07-11,C619Y,LA ALDEA DE SAN NICOLÁS,LAS PALMAS,13,"25,4","0,0","21,8",06:30,"29,1",13:50,01,"6,9","23,1",15:30,"11,7","1016,1",00,"1011,9",18
2023-07-12,C619Y,LA ALDEA DE SAN NICOLÁS,LAS PALMAS,13,"26,6","0,0","22,7",05:50,"30,5",10:50,04,"6,7","20,0",19:40,"10,2","1014,0",12,"1011,2",05
2023-07-13,C619Y,LA ALDEA DE SAN NICOLÁS,LAS PALMAS,13,"27,0","0,0","24,9",06:10,"29,1",23:59,02,"11,7","24,2",16:40,"10,3","1014,7",23,"1011,5",04
2023-07-14,C619Y,LA ALDEA DE SAN NICOLÁS,LAS PALMAS,13,"26,8","0,0","24,8",09:10,"28,7",11:50,36,"13,9","27,5",12:10,"7,7","1015,2",Varias,"1012,6",05
2023-07-15,C619Y,LA ALDEA DE SAN NICOLÁS,LAS PALMAS,13,"26,2","0,0","22,9",05:40,"29,5",13:00,07,"10,8","29,4",13:10,"12,2","1017,6",11,"1014,0",Varias
2023-07-16,C619Y,LA ALDEA DE SAN NICOLÁS,LAS PALMAS,13,"26,8","0,0","22,8",06:00,"30,7",13:40,06,"8,3","27,2",16:00,"12,0","1016,0",00,"1012,7",18
2023-07-17,C619Y,LA ALDEA DE SAN NICOLÁS,LAS PALMAS,13,"25,8","0,0","22,5",00:40,"29,0",16:50,06,"6,4","25,6",15:40,"12,0","1016,2",24,"1013,0",05
2023-07-18,C619Y,LA ALDEA DE SAN NICOLÁS,LAS PALMAS,13,"24,6","0,0","21,5",07:00,"27,7",14:50,09,"6,1","19,4",01:10,"12,0","1019,0",24,"1014,8",03
2023-07-19,C619Y,LA ALDEA DE SAN NICOLÁS,LAS PALMAS,13,"24,0","0,0","20,3",07:00,"27,6",12:20,03,"7,2","23,9",18:30,"12,0","1019,5",11,"1016,1",18
2023-07-20,C619Y,LA ALDEA DE SAN NICOLÁS,LAS PALMAS,13,"24,8","0,0","22,7",06:00,"27,0",15:00,04,"10,3","26,9",22:20,"12,0","1017,5",09,"1015,6",17
2023-07-21,C619Y,LA ALDEA DE SAN NICOLÁS,LAS PALMAS,13,"25,8","0,0","22,9",Varias,"28,6",14:40,05,"13,1","29,4",15:10,"12,2","1016,6",00,"1014,1",18
2023-07-22,C619Y,LA ALDEA DE SAN NICOLÁS,LAS PALMAS,13,"25,9","0,0","23,1",23:59,"28,7",14:10,09,"8,3","33,3",13:40,"12,3","1016,9",23,"1013,7",05
2023-07-23,C619Y,LA ALDEA DE SAN NICOLÁS,LAS PALMAS,13,"25,9","0,0","22,7",06:00,"29,1",15:40,06,"7,5","29,7",18:10,"12,5","1018,1",23,"1015,0",04
2023-07-24,C619Y,LA ALDEA DE SAN NICOLÁS,LAS PALMAS,13,"25,7","0,0","22,5",07:00,"28,9",14:30,05,"8,6","25,0",15:20,"12,4","1018,2",10,"1016,0",18
2023-07-25,C619Y,LA ALDEA DE SAN NICOLÁS,LAS PALMAS,13,"24,4","0,0","21,8",06:10,"27,1",14:00,05,"8,1","22,2",02:00,"12,0","1017,7",09,"1015,7",16
2023-07-26,C619Y,LA ALDEA DE SAN NICOLÁS,LAS PALMAS,13,"25,0","0,0","22,5",06:00,"27,5",14:10,06,"8,3","25,0",16:10,"12,1","1018,4",23,"1015,6",04
2023-07-27,C619Y,LA ALDEA DE SAN NICOLÁS,LAS PALMAS,13,"26,0","0,0","22,4",05:00,"29,5",13:20,08,"8,6","25,6",16:50,"12,3","1018,1",00,"1014,9",17
2023-07-28,C619Y,LA ALDEA DE SAN NICOLÁS,LAS PALMAS,13,"26,0","0,0","22,6",Varias,"29,5",14:20,06,"7,8","24,4",17:20,"12,0","1016,7",00,"1013,6",17
2023-07-29,C619Y,LA ALDEA DE SAN NICOLÁS,LAS PALMAS,13,"25,2","0,0","22,7",Varias,"27,8",14:20,07,"7,8","21,1",02:30,"12,4","1017,0",23,"1013,6",04
2023-07-30,C619Y,LA ALDEA DE SAN NICOLÁS,LAS PALMAS,13,"24,4","0,0","19,0",06:20,"29,8",13:30,03,"6,9","22,2",21:50,"11,0","1017,5",23,"1015,6",03
2023-07-31,C619Y,LA ALDEA DE SAN NICOLÁS,LAS PALMAS,13,"24,8","0,0","22,5",05:00,"27,1",14:40,02,"11,7","26,4",17:10,"9,5","1018,4",10,"1014,9",17
2023-08-01,C619Y,LA ALDEA DE SAN NICOLÁS,LAS PALMAS,13,"25,4","0,0","23,5",23:59,"27,3",13:50,02,"11,9","27,8",20:10,"11,5","1016,1",Varias,"1014,0",17
2023-08-02,C619Y,LA ALDEA DE SAN NICOLÁS,LAS PALMAS,13,"25,5","0,0","22,8",07:00,"28,2",14:40,04,"11,9","28,3",00:50,"11,7","1015,7",23,"1013,2",05
2023-08-03,C619Y,LA ALDEA DE SAN NICOLÁS,LAS PALMAS,13,"26,0","0,0","23,5",05:00,"28,4",13:20,06,"11,1","27,5",03:50,"11,8","1016,9",24,"1013,9",04
2023-08-04,C619Y,LA ALDEA DE SAN NICOLÁS,LAS PALMAS,13,"25,0","0,0","22,7",06:00,"27,3",15:20,02,"10,6","26,1",14:10,"11,8","1017,2",11,"1015,0",05
2023-08-05,C619Y,LA ALDEA DE SAN NICOLÁS,LAS PALMAS,13,"26,0","0,0","22,7",04:10,"29,4",14:30,02,"6,1","23,3",15:40,"10,3","1016,6",01,"1014,0",17
2023-08-06,C619Y,LA ALDEA DE SAN NICOLÁS,LAS PALMAS,13,"27,2","0,0","23,1",Varias,"31,4",14:50,08,"5,0","17,2",00:40,"10,2","1016,2",00,"1013,3",17
2023-08-07,C619Y,LA ALDEA DE SAN NICOLÁS,LAS PALMAS,13,"26,4","0,0","23,3",06:00,"29,4",14:00,05,"5,6","13,9",10:40,"11,9","1014,9",11,"1013,1",18
2023-08-08,C619Y,LA ALDEA DE SAN NICOLÁS,LAS PALMAS,13,"25,5","0,0","21,9",05:50,"29,1",13:40,05,"5,0","15,3",22:40,"11,5","1015,1",23,"1012,7",Varias
2023-08-09,C619Y,LA ALDEA DE SAN NICOLÁS,LAS PALMAS,13,"25,2","0,0","22,3",06:00,"28,2",14:50,02,"7,8","23,9",17:20,"11,3","1015,7",Varias,"1013,1",04
2023-08-10,C619Y,LA ALDEA DE SAN NICOLÁS,LAS PALMAS,13,"27,2","0,0","23,6",06:00,"30,7",14:00,01,"10,6","23,3",19:10,"11,1","1015,5",00,"1010,7",16
2023-08-11,C619Y,LA ALDEA DE SAN NICOLÁS,LAS PALMAS,13,"28,2","0,0","25,1",00:50,"31,4",15:20,02,"8,6","23,3",17:40,"9,4","1013,7",23,"1010,7",16
2023-08-12,C619Y,LA ALDEA DE SAN NICOLÁS,LAS PALMAS,13,"28,3","0,0","24,9",06:40,"31,7",13:20,03,"6,7","19,7",19:10,"10,6","1013,4",00,"1009,8",18
2023-08-13,C619Y,LA ALDEA DE SAN NICOLÁS,LAS PALMAS,13,"27,9","0,0","24,5",06:10,"31,3",12:50,01,"7,2","20,8",16:20,"11,4","1011,8",00,"1008,9",16
2023-08-14,C619Y,LA ALDEA DE SAN NICOLÁS,LAS PALMAS,13,"26,7","0,0","22,2",06:40,"31,2",11:40,01,"6,9","20,0",15:50,"11,4","1012,6",Varias,"1009,2",05
2023-08-15,C619Y,LA ALDEA DE SAN NICOLÁS,LAS PALMAS,13,"28,3","0,0","23,4",07:00,"33,2",13:50,02,"8,3","24,4",18:30,"11,4","1013,7",23,"1010,7",15
2023-08-16,C619Y,LA ALDEA DE SAN NICOLÁS,LAS PALMAS,13,"24,6","0,0","20,2",07:00,"29,0",13:10,02,"6,7","21,9",16:40,"11,6","1014,2",24,"1011,8",16
2023-08-17,C619Y,LA ALDEA DE SAN NICOLÁS,LAS PALMAS,13,"24,4","0,0","20,4",07:10,"28,3",15:10,01,"7,2","20,3",12:50,"11,3","1015,0",08,"1011,9",19
2023-08-18,C619Y,LA ALDEA DE SAN NICOLÁS,LAS PALMAS,13,"24,8","0,0","18,8",06:00,"30,7",10:50,04,"7,8","25,6",16:50,"10,9","1013,1",00,"1010,5",Varias
2023-08-19,C619Y,LA ALDEA DE SAN NICOLÁS,LAS PALMAS,13,"26,8","1,4","21,8",06:40,"31,8",13:40,36,"2,8","15,8",12:40,"3,5","1014,8",22,"1011,2",04
2023-08-20,C619Y,LA ALDEA DE SAN NICOLÁS,LAS PALMAS,13,"30,7","0,4","25,6",05:00,"35,8",14:50,27,"3,3","11,7",08:50,"5,1","1014,7",11,"1011,8",05
2023-08-21,C619Y,LA ALDEA DE SAN NICOLÁS,LAS PALMAS,13,"27,3","0,0","24,1",07:30,"30,5",14:40,02,"6,1","18,6",15:20,"11,3","1014,4",11,"1011,8",16
2023-08-22,C619Y,LA ALDEA DE SAN NICOLÁS,LAS PALMAS,13,"26,5","0,0","22,0",05:30,"31,0",18:10,36,"6,7","18,9",23:20,"11,3","1013,0",00,"1009,9",19
2023-08-23,C619Y,LA ALDEA DE SAN NICOLÁS,LAS PALMAS,13,"27,0","0,0","24,1",06:30,"30,0",14:20,99,"7,2","20,3",Varias,"8,5","1011,2",12,"1009,0",04
2023-08-24,C619Y,LA ALDEA DE SAN NICOLÁS,LAS PALMAS,13,"26,2","0,0","21,9",07:10,"30,6",13:00,02,"5,3","19,2",16:40,,"1013,5",24,"1009,3",04
2023-08-25,C619Y,LA ALDEA DE SAN NICOLÁS,LAS PALMAS,13,"27,2","0,0","22,9",06:00,"31,4",13:20,36,"3,1","15,3",11:40,"4,9","1015,1",21,"1011,5",06
2023-08-26,C619Y,LA ALDEA DE SAN NICOLÁS,LAS PALMAS,13,"30,4","0,0","25,4",23:00,"35,3",14:20,05,"8,1","18,3",23:20,"10,6","1015,3",23,"1011,5",03
2023-08-27,C619Y,LA ALDEA DE SAN NICOLÁS,LAS PALMAS,13,"26,4","0,0","24,2",23:59,"28,5",12:50,99,"10,6","24,2",Varias,"11,6","1018,0",22,"1013,2",05
2023-08-28,C619Y,LA ALDEA DE SAN NICOLÁS,LAS PALMAS,13,"26,3","0,0","23,3",06:50,"29,3",13:00,07,"8,6","28,1",05:00,"11,5","1017,4",00,"1014,9",17
2023-08-29,C619Y,LA ALDEA DE SAN NICOLÁS,LAS PALMAS,13,"26,2","0,0","23,4",00:40,"28,9",13:50,05,"7,5","22,2",05:20,"11,7","1016,5",00,"1014,1",17
2023-08-30,C619Y,LA ALDEA DE SAN NICOLÁS,LAS PALMAS,13,"26,4","0,0","23,2",06:00,"29,5",13:40,05,"6,9","19,2",00:50,"11,7","1015,5",12,"1013,6",Varias
2023-08-31,C619Y,LA ALDEA DE SAN NICOLÁS,LAS PALMAS,13,"24,5","0,0","20,0",05:30,"29,0",13:00,05,"5,3","16,7",00:50,"10,6","1017,8",24,"1013,8",02
2023-09-01,C619Y,LA ALDEA DE SAN NICOLÁS,LAS PALMAS,13,"25,0","0,0","22,2",02:50,"27,8",14:00,05,"8,6","18,3",17:40,"10,6","1018,7",23,"1015,7",06
2023-09-02,C619Y,LA ALDEA DE SAN NICOLÁS,LAS PALMAS,13,"26,0","3,6","23,5",04:00,"28,4",15:40,03,"6,9","20,8",01:20,"10,8","1018,2",00,"1013,5",19
2023-09-03,C619Y,LA ALDEA DE SAN NICOLÁS,LAS PALMAS,13,"26,4","0,0","21,6",07:00,"31,3",13:00,10,"3,9","13,9",04:00,"5,6","1014,6",00,"1011,0",18
2023-09-04,C619Y,LA ALDEA DE SAN NICOLÁS,LAS PALMAS,13,"24,6","0,0","19,6",05:30,"29,6",14:00,07,"2,8","14,4",17:40,"10,8","1015,3",Varias,"1012,2",05
2023-09-05,C619Y,LA ALDEA DE SAN NICOLÁS,LAS PALMAS,13,"23,7","0,0","18,5",07:00,"28,9",14:20,99,"3,6","11,1",Varias,"10,2","1015,1",11,"1013,2",04
2023-09-06,C619Y,LA ALDEA DE SAN NICOLÁS,LAS PALMAS,13,"23,4","0,0","17,6",05:40,"29,3",12:20,02,"3,9","10,8",16:40,"11,1","1014,2",11,"1012,0",04
2023-09-07,C619Y,LA ALDEA DE SAN NICOLÁS,LAS PALMAS,13,"25,0","0,0","19,7",04:00,"30,2",12:40,02,"5,3","15,0",18:10,"11,6","1015,8",23,"1013,9",Varias
2023-09-08,C619Y,LA ALDEA DE SAN NICOLÁS,LAS PALMAS,13,"24,5","0,0","18,5",06:50,"30,5",14:30,36,"4,4","13,6",11:30,"11,2","1015,8",22,"1014,4",04
2023-09-09,C619Y,LA ALDEA DE SAN NICOLÁS,LAS PALMAS,13,"25,4","0,0","20,9",05:00,"30,0",14:20,02,"4,7","12,8",18:30,"11,5","1016,3",Varias,"1014,2",04
2023-09-10,C619Y,LA ALDEA DE SAN NICOLÁS,LAS PALMAS,13,"25,0","0,0","20,0",06:50,"30,0",15:40,08,"3,6","13,3",21:00,"11,4","1017,8",23,"1014,7",Varias
2023-09-11,C619Y,LA ALDEA DE SAN NICOLÁS,LAS PALMAS,13,"25,0","0,0","21,6",04:40,"28,5",12:50,99,"5,6","15,6",Varias,"7,3","1017,5",00,"1014,4",19
2023-09-12,C619Y,LA ALDEA DE SAN NICOLÁS,LAS PALMAS,13,"24,8","0,0","20,3",03:40,"29,4",14:50,11,"5,0","19,4",15:10,"11,6","1016,4",00,"1014,1",Varias
2023-09-13,C619Y,LA ALDEA DE SAN NICOLÁS,LAS PALMAS,13,"26,8","0,0","23,7",05:00,"29,9",15:40,99,"4,7","18,9",Varias,"11,4","1016,0",11,"1013,7",17
2023-09-14,C619Y,LA ALDEA DE SAN NICOLÁS,LAS PALMAS,13,"27,4","0,0","23,5",06:00,"31,3",14:00,10,"6,1","17,2",21:50,"9,6","1015,5",00,"1013,0",17
2023-09-15,C619Y,LA ALDEA DE SAN NICOLÁS,LAS PALMAS,13,"27,5","0,0","23,5",05:00,"31,5",14:00,08,"4,7","19,7",17:30,"10,9","1015,4",10,"1012,4",17
2023-09-16,C619Y,LA ALDEA DE SAN NICOLÁS,LAS PALMAS,13,"25,6","0,0","21,2",07:30,"30,0",15:20,05,"4,2","11,9",11:20,"10,9","1014,5",11,"1012,3",15
2023-09-17,C619Y,LA ALDEA DE SAN NICOLÁS,LAS PALMAS,13,"26,8","0,0","22,9",09:00,"30,8",14:30,06,"6,1","21,1",17:20,"9,3","1016,3",23,"1012,4",03
2023-09-18,C619Y,LA ALDEA DE SAN NICOLÁS,LAS PALMAS,13,"26,2","0,0","22,7",06:40,"29,7",14:20,10,"6,1","23,3",16:50,"11,4","1018,2",23,"1014,6",04
2023-09-19,C619Y,LA ALDEA DE SAN NICOLÁS,LAS PALMAS,13,"26,2","0,0","22,8",06:40,"29,7",13:00,07,"6,7","21,9",14:10,"11,4","1017,9",00,"1014,4",17
2023-09-20,C619Y,LA ALDEA DE SAN NICOLÁS,LAS PALMAS,13,"24,3","0,0","19,1",06:00,"29,5",13:20,09,"4,7","21,9",13:50,"11,3","1017,5",22,"1014,9",18
2023-09-21,C619Y,LA ALDEA DE SAN NICOLÁS,LAS PALMAS,13,"25,4","0,0","21,5",02:10,"29,3",13:40,06,"4,4","19,4",18:50,"11,3","1017,3",22,"1015,0",17
2023-09-22,C619Y,LA ALDEA DE SAN NICOLÁS,LAS PALMAS,13,"26,3","0,0","23,1",07:00,"29,5",15:00,06,"5,6","20,6",19:30,"11,3","1017,1",Varias,"1014,3",18
2023-09-23,C619Y,LA ALDEA DE SAN NICOLÁS,LAS PALMAS,13,"27,6","0,0","23,8",04:00,"31,5",14:00,09,"5,0","18,6",19:00,"10,7","1017,0",10,"1014,4",04
2023-09-24,C619Y,LA ALDEA DE SAN NICOLÁS,LAS PALMAS,13,"25,1","0,0","21,0",04:00,"29,2",12:50,09,"4,4","16,1",19:20,"11,0","1018,2",23,"1015,3",04
2023-09-25,C619Y,LA ALDEA DE SAN NICOLÁS,LAS PALMAS,13,"25,7","0,0","21,9",05:40,"29,5",11:50,08,"7,5","22,2",20:50,"10,6","1018,6",22,"1015,7",03
2023-09-26,C619Y,LA ALDEA DE SAN NICOLÁS,LAS PALMAS,13,"26,6","0,0","23,4",07:00,"29,9",15:00,07,"6,4","18,6",02:10,"11,1","1018,4",00,"1015,0",Varias
2023-09-27,C619Y,LA ALDEA DE SAN NICOLÁS,LAS PALMAS,13,"25,2","0,0","21,3",07:30,"29,1",14:50,07,"6,7","23,3",17:40,"10,9","1017,4",10,"1014,6",18
2023-09-28,C619Y,LA ALDEA DE SAN NICOLÁS,LAS PALMAS,13,"26,5","0,0","23,0",03:00,"30,0",13:50,06,"7,5","20,3",17:40,"10,2","1015,9",10,"1013,0",16
2023-09-29,C619Y,LA ALDEA DE SAN NICOLÁS,LAS PALMAS,13,"25,6","0,0","20,8",05:50,"30,3",14:50,08,"4,4","14,2",00:50,"10,8","1016,6",11,"1013,1",04
2023-09-30,C619Y,LA ALDEA DE SAN NICOLÁS,LAS PALMAS,13,"25,4","0,0","20,7",07:50,"30,0",16:30,01,"4,2","13,6",17:30,"10,4","1017,1",10,"1014,9",02
2023-10-01,C619Y,LA ALDEA DE SAN NICOLÁS,LAS PALMAS,13,"26,7","0,0","20,4",07:30,"33,0",14:30,04,"3,9","13,6",20:40,"10,5","1016,9",11,"1014,3",16
2023-10-02,C619Y,LA ALDEA DE SAN NICOLÁS,LAS PALMAS,13,"26,2","0,0","18,8",07:00,"33,7",14:50,04,"2,8","11,1",22:10,"10,6","1016,2",10,"1013,5",Varias
2023-10-03,C619Y,LA ALDEA DE SAN NICOLÁS,LAS PALMAS,13,"27,4","0,0","19,2",07:20,"35,7",16:40,01,,"13,3",23:40,,"1015,4",Varias,"1012,5",18
2023-10-04,C619Y,LA ALDEA DE SAN NICOLÁS,LAS PALMAS,13,"28,1","0,0","21,9",07:10,"34,3",12:20,02,"2,5","12,8",Varias,"7,8","1016,0",11,"1012,9",03
2023-10-05,C619Y,LA ALDEA DE SAN NICOLÁS,LAS PALMAS,13,"26,8","0,0","18,6",06:20,"34,9",17:10,99,"3,6","7,5",Varias,"10,8","1016,0",10,"1013,3",03
2023-10-06,C619Y,LA ALDEA DE SAN NICOLÁS,LAS PALMAS,13,"27,6","0,0","21,2",06:50,"33,9",18:00,30,"3,6","6,7",10:50,"10,7","1015,3",11,"1012,3",18
2023-10-07,C619Y,LA ALDEA DE SAN NICOLÁS,LAS PALMAS,13,"28,4","0,0","20,3",04:50,"36,4",16:00,31,"2,8","7,2",11:50,"10,4","1013,4",11,"1011,1",04
2023-10-08,C619Y,LA ALDEA DE SAN NICOLÁS,LAS PALMAS,13,"27,6","0,0","22,4",02:00,"32,8",13:00,30,"3,3","8,3",09:40,"10,0","1013,6",22,"1010,4",05
2023-10-09,C619Y,LA ALDEA DE SAN NICOLÁS,LAS PALMAS,13,"28,8","0,0","22,6",02:00,"35,1",14:50,99,"4,2","8,6",Varias,"6,2","1016,2",11,"1011,9",04
2023-10-10,C619Y,LA ALDEA DE SAN NICOLÁS,LAS PALMAS,13,"28,0","0,0","20,6",07:10,"35,3",12:50,03,"2,2","8,6",20:30,"10,3","1016,9",22,"1013,8",04
2023-10-11,C619Y,LA ALDEA DE SAN NICOLÁS,LAS PALMAS,13,"27,1","0,0","21,4",06:20,"32,8",13:30,28,"3,3","10,3",15:30,"10,3","1016,5",00,"1014,2",16
2023-10-12,C619Y,LA ALDEA DE SAN NICOLÁS,LAS PALMAS,13,"24,9","0,0","18,9",07:00,"30,9",16:40,28,"3,9","9,4",13:40,"10,7","1015,7",Varias,"1013,0",16
2023-10-13,C619Y,LA ALDEA DE SAN NICOLÁS,LAS PALMAS,13,"27,0","0,0","18,1",05:50,"35,8",16:30,99,"3,3","7,8",17:30,"10,0","1017,1",Varias,"1013,3",03
2023-10-14,C619Y,LA ALDEA DE SAN NICOLÁS,LAS PALMAS,13,"27,0","0,0","19,3",07:00,"34,8",14:00,26,"3,9","9,4",12:00,"10,5","1018,1",10,"1015,5",04
2023-10-15,C619Y,LA ALDEA DE SAN NICOLÁS,LAS PALMAS,13,"26,5","0,0","19,5",07:30,"33,5",15:50,26,"3,6","9,4",13:30,"8,8","1017,4",11,"1015,0",Varias
2023-10-16,C619Y,LA ALDEA DE SAN NICOLÁS,LAS PALMAS,13,"26,2","0,0","20,6",23:59,"31,9",14:30,31,"4,2","9,4",14:00,"7,9","1015,2",00,"1010,9",16
2023-10-17,C619Y,LA ALDEA DE SAN NICOLÁS,LAS PALMAS,13,"23,8","0,0","18,0",06:50,"29,7",12:50,36,"4,7","15,3",12:50,"10,3","1013,7",23,"1009,9",05
2023-10-18,C619Y,LA ALDEA DE SAN NICOLÁS,LAS PALMAS,13,"24,8","0,0","19,4",07:30,"30,2",14:30,03,"3,6","10,6",12:00,"10,4","1016,3",Varias,"1012,8",04
2023-10-19,C619Y,LA ALDEA DE SAN NICOLÁS,LAS PALMAS,13,"23,3","4,8","18,0",07:20,"28,6",13:00,25,"4,2","11,4",14:20,"10,4","1015,5",00,"1012,7",18
2023-10-20,C619Y,LA ALDEA DE SAN NICOLÁS,LAS PALMAS,13,"24,8","1,2","21,3",04:00,"28,3",16:20,09,"4,4","15,3",17:00,"3,7","1014,6",11,"1011,4",03
2023-10-21,C619Y,LA ALDEA DE SAN NICOLÁS,LAS PALMAS,13,"23,4","4,2","18,7",05:50,"28,2",15:40,29,"3,1","11,4",14:30,"9,0","1013,3",00,"1007,5",19
2023-10-22,C619Y,LA ALDEA DE SAN NICOLÁS,LAS PALMAS,13,"24,5","1,4","21,1",02:20,"27,9",16:30,08,"3,1","12,2",13:40,"5,2","1012,2",Varias,"1006,8",04
2023-10-23,C619Y,LA ALDEA DE SAN NICOLÁS,LAS PALMAS,13,"23,8","0,0","19,7",23:59,"28,0",13:00,07,"4,7","16,1",17:00,"8,6","1017,7",22,"1011,3",03
2023-10-24,C619Y,LA ALDEA DE SAN NICOLÁS,LAS PALMAS,13,"22,1","0,0","16,7",05:20,"27,5",12:10,07,"6,7","21,7",17:30,"10,3","1020,0",22,"1016,2",03
2023-10-25,C619Y,LA ALDEA DE SAN NICOLÁS,LAS PALMAS,13,"21,8",,"16,0",05:40,"27,7",13:00,05,"6,4","20,0",15:40,"10,3","1020,4",11,"1017,2",18
2023-10-26,C619Y,LA ALDEA DE SAN NICOLÁS,LAS PALMAS,13,"23,2","0,0","17,5",06:00,"29,0",14:00,06,"5,8","19,7",16:20,"10,2","1020,1",11,"1016,2",17
2023-10-27,C619Y,LA ALDEA DE SAN NICOLÁS,LAS PALMAS,13,"24,4","0,0","20,2",02:40,"28,6",11:50,07,"5,8","17,5",16:10,"8,6","1018,0",00,"1014,8",17
2023-10-28,C619Y,LA ALDEA DE SAN NICOLÁS,LAS PALMAS,13,"23,1","0,0","17,9",07:00,"28,3",15:30,08,"3,6","11,7",00:30,"10,1","1015,2",00,"1011,6",16
2023-10-29,C619Y,LA ALDEA DE SAN NICOLÁS,LAS PALMAS,13,"22,2","0,0","17,4",07:30,"26,9",16:30,25,"5,0","11,7",14:40,"10,3","1012,2",00,"1007,8",16
2023-10-30,C619Y,LA ALDEA DE SAN NICOLÁS,LAS PALMAS,13,"22,1","0,0","16,2",07:00,"28,0",14:50,26,"4,2","8,9",16:40,"10,2","1010,7",10,"1007,8",Varias
2023-10-31,C619Y,LA ALDEA DE SAN NICOLÁS,LAS PALMAS,13,"24,2","0,0","19,0",00:50,"29,3",11:10,04,"3,3","10,0",20:20,"7,7","1016,5",24,"1009,8",05
2023-11-01,C619Y,LA ALDEA DE SAN NICOLÁS,LAS PALMAS,13,"24,4","0,0","20,7",04:50,"28,0",12:00,36,"6,4","18,9",15:10,"9,9","1020,6",23,"1015,9",04
2023-11-02,C619Y,LA ALDEA DE SAN NICOLÁS,LAS PALMAS,13,"24,9","0,0","21,7",07:40,"28,1",14:30,09,"6,7","24,2",14:40,"9,9","1021,6",Varias,"1019,3",18
2023-11-03,C619Y,LA ALDEA DE SAN NICOLÁS,LAS PALMAS,13,"25,4","0,0","22,2",22:00,"28,5",12:50,05,"8,3","23,6",15:20,"9,7","1019,7",10,"1016,2",16
2023-11-04,C619Y,LA ALDEA DE SAN NICOLÁS,LAS PALMAS,13,"24,5","0,0","21,0",05:00,"28,0",12:00,08,"3,6","18,9",18:40,"9,8","1016,8",00,"1013,4",16
2023-11-05,C619Y,LA ALDEA DE SAN NICOLÁS,LAS PALMAS,13,"23,6","0,4","18,8",06:00,"28,4",12:50,06,"4,7","14,7",21:20,"9,2","1017,2",23,"1013,5",05
2023-11-06,C619Y,LA ALDEA DE SAN NICOLÁS,LAS PALMAS,13,"23,8","0,0","20,1",06:40,"27,4",14:40,09,"7,8","20,0",18:20,"8,8","1021,7",23,"1016,7",02
2023-11-07,C619Y,LA ALDEA DE SAN NICOLÁS,LAS PALMAS,13,"23,0","0,0","19,9",03:30,"26,1",13:30,09,"8,6","23,1",05:00,"4,4","1022,4",10,"1019,4",15
2023-11-08,C619Y,LA ALDEA DE SAN NICOLÁS,LAS PALMAS,13,"23,6","0,0","20,8",05:00,"26,5",14:50,08,"8,1","19,2",12:30,"9,8","1021,7",10,"1019,0",17
2023-11-09,C619Y,LA ALDEA DE SAN NICOLÁS,LAS PALMAS,13,"22,8","0,0","19,1",23:50,"26,4",14:00,04,"10,0","22,2",Varias,"9,9","1021,7",10,"1018,0",17
2023-11-10,C619Y,LA ALDEA DE SAN NICOLÁS,LAS PALMAS,13,"21,4","0,4","14,3",07:40,"28,4",12:20,01,"5,8","17,8",14:10,"9,8","1020,2",Varias,"1016,8",15
2023-11-11,C619Y,LA ALDEA DE SAN NICOLÁS,LAS PALMAS,13,"22,5","0,0","17,3",07:40,"27,7",16:30,05,"2,5","17,8",02:00,"9,7","1019,8",10,"1017,0",Varias
2023-11-12,C619Y,LA ALDEA DE SAN NICOLÁS,LAS PALMAS,13,"20,6","0,0","15,4",07:50,"25,8",13:30,03,"2,8","9,4",21:00,"8,4","1019,5",10,"1016,6",16
2023-11-13,C619Y,LA ALDEA DE SAN NICOLÁS,LAS PALMAS,13,"24,0","0,0","14,5",07:00,"33,4",14:40,04,"2,8","8,9",22:40,"9,5","1019,8",10,"1016,4",16
2023-11-14,C619Y,LA ALDEA DE SAN NICOLÁS,LAS PALMAS,13,"22,8","0,0","15,1",07:20,"30,4",16:10,02,"3,1","10,8",03:10,"7,6","1019,9",Varias,"1017,6",05
2023-11-15,C619Y,LA ALDEA DE SAN NICOLÁS,LAS PALMAS,13,"24,7","0,0","18,0",08:00,"31,4",17:00,25,"2,8","7,5",14:30,"8,4","1020,1",10,"1017,6",15
2023-11-16,C619Y,LA ALDEA DE SAN NICOLÁS,LAS PALMAS,13,"25,2","0,0","17,4",06:40,"33,0",13:30,02,"5,6","15,6",17:00,"9,5","1020,3",Varias,"1017,8",17
2023-11-17,C619Y,LA ALDEA DE SAN NICOLÁS,LAS PALMAS,13,"20,7","0,0","13,4",06:40,"28,0",17:00,28,"2,8","7,2",12:30,"9,4","1020,4",Varias,"1018,1",Varias
2023-11-18,C619Y,LA ALDEA DE SAN NICOLÁS,LAS PALMAS,13,"21,4","0,0","14,3",07:50,"28,4",15:20,99,"2,8","7,5",Varias,"9,4","1020,6",10,"1018,0",Varias
2023-11-19,C619Y,LA ALDEA DE SAN NICOLÁS,LAS PALMAS,13,"19,6","0,0","13,1",07:40,"26,2",14:10,29,"3,1","8,1",14:10,"9,3","1019,1",00,"1015,2",Varias
2023-11-20,C619Y,LA ALDEA DE SAN NICOLÁS,LAS PALMAS,13,"21,2","0,0","12,7",06:50,"29,7",13:00,28,"2,5","6,9",14:10,"8,8","1017,9",23,"1014,2",15
2023-11-21,C619Y,LA ALDEA DE SAN NICOLÁS,LAS PALMAS,13,"22,6","0,0","17,3",06:00,"28,0",16:10,31,"1,9","6,7",13:30,"0,0","1021,2",11,"1016,5",03
2023-11-22,C619Y,LA ALDEA DE SAN NICOLÁS,LAS PALMAS,13,"20,1","0,0","14,0",07:40,"26,2",13:30,27,"3,1","8,3",10:30,"8,8","1019,4",Varias,"1016,9",17
2023-11-23,C619Y,LA ALDEA DE SAN NICOLÁS,LAS PALMAS,13,"19,6","0,0","13,1",07:40,"26,2",14:30,99,"5,8","16,4",18:40,"9,1","1019,3",23,"1016,5",14
2023-11-24,C619Y,LA ALDEA DE SAN NICOLÁS,LAS PALMAS,13,"20,4","0,0","14,9",04:50,"26,0",13:30,07,"4,2","18,6",10:50,"9,1","1019,5",10,"1015,9",16
2023-11-25,C619Y,LA ALDEA DE SAN NICOLÁS,LAS PALMAS,13,"22,0","0,0","17,2",23:59,"26,8",15:30,08,"5,3","15,8",16:20,"7,9","1017,5",00,"1013,8",16
2023-11-26,C619Y,LA ALDEA DE SAN NICOLÁS,LAS PALMAS,13,"20,6","0,0","15,7",23:59,"25,4",14:50,08,"3,1","9,7",03:40,"7,6","1018,5",22,"1014,0",05
2023-11-27,C619Y,LA ALDEA DE SAN NICOLÁS,LAS PALMAS,13,"19,2","0,0","13,6",04:40,"24,8",14:10,28,"2,2","8,3",17:00,"7,5","1019,8",10,"1016,9",17
2023-11-28,C619Y,LA ALDEA DE SAN NICOLÁS,LAS PALMAS,13,"18,6","0,0","12,8",08:00,"24,4",14:30,27,"3,3","8,9",13:20,"8,2","1018,5",00,"1015,2",17
2023-11-29,C619Y,LA ALDEA DE SAN NICOLÁS,LAS PALMAS,13,"18,6","0,0","13,1",07:00,"24,2",15:00,28,"3,6","9,2",12:00,"8,4","1016,5",00,"1010,9",19
2023-11-30,C619Y,LA ALDEA DE SAN NICOLÁS,LAS PALMAS,13,"20,8","2,0","13,8",04:40,"27,8",15:50,21,"3,6","13,3",12:50,"7,2","1011,3",00,"1005,3",20
2023-12-01,C619Y,LA ALDEA DE SAN NICOLÁS,LAS PALMAS,13,"22,4","1,4","19,6",07:40,"25,3",16:00,08,"4,7","15,3",19:10,"7,2","1013,7",24,"1005,9",03
2023-12-02,C619Y,LA ALDEA DE SAN NICOLÁS,LAS PALMAS,13,"20,3","0,8","15,0",06:40,"25,6",15:30,24,"3,9","10,0",12:30,"7,1","1017,9",22,"1013,7",00
2023-12-03,C619Y,LA ALDEA DE SAN NICOLÁS,LAS PALMAS,13,"20,6","0,0","15,4",Varias,"25,8",14:30,04,"2,8","9,7",17:00,"9,0","1018,8",22,"1015,9",04
2023-12-04,C619Y,LA ALDEA DE SAN NICOLÁS,LAS PALMAS,13,"18,0","0,0","12,4",07:00,"23,5",14:20,24,"2,2","6,1",12:20,"7,2","1019,6",10,"1015,4",18
2023-12-05,C619Y,LA ALDEA DE SAN NICOLÁS,LAS PALMAS,13,"19,2","0,0","15,0",02:40,"23,4",14:20,27,"2,5","7,8",16:20,"0,5","1017,5",11,"1014,2",14
2023-12-06,C619Y,LA ALDEA DE SAN NICOLÁS,LAS PALMAS,13,"21,3","0,0","17,3",03:40,"25,3",15:00,03,"3,1","11,7",14:30,"6,0","1018,9",23,"1015,1",05
2023-12-07,C619Y,LA ALDEA DE SAN NICOLÁS,LAS PALMAS,13,"20,2","0,0","15,6",23:59,"24,9",12:50,07,"4,4","16,4",17:00,"7,0","1021,8",22,"1017,6",05
2023-12-08,C619Y,LA ALDEA DE SAN NICOLÁS,LAS PALMAS,13,"19,2","0,0","13,1",08:00,"25,3",14:00,06,"3,1","17,2",02:50,"9,0","1023,6",10,"1020,2",18
2023-12-09,C619Y,LA ALDEA DE SAN NICOLÁS,LAS PALMAS,13,"19,0","0,0","11,7",07:00,"26,3",15:30,04,"3,6","8,3",20:00,"9,0","1022,1",10,"1018,3",15
2023-12-10,C619Y,LA ALDEA DE SAN NICOLÁS,LAS PALMAS,13,"19,1","0,0","12,8",08:00,"25,4",16:10,28,"2,8","6,1",12:50,"8,4","1021,4",11,"1018,8",Varias
2023-12-11,C619Y,LA ALDEA DE SAN NICOLÁS,LAS PALMAS,13,"20,3","0,0","13,3",07:00,"27,3",13:10,99,"1,7","7,2",Varias,"8,1","1020,7",10,"1017,4",Varias
2023-12-12,C619Y,LA ALDEA DE SAN NICOLÁS,LAS PALMAS,13,"19,6","0,0","12,6",07:20,"26,6",15:50,29,"2,2","6,1",15:50,"8,7","1019,8",10,"1016,6",16
2023-12-13,C619Y,LA ALDEA DE SAN NICOLÁS,LAS PALMAS,13,"21,4","0,0","15,0",02:20,"27,8",15:00,28,"3,3","6,7",12:20,"7,8","1019,1",11,"1016,0",Varias
2023-12-14,C619Y,LA ALDEA DE SAN NICOLÁS,LAS PALMAS,13,"19,4","0,0","12,8",07:50,"25,9",14:20,02,"5,3","17,2",18:20,"8,7","1020,8",24,"1017,8",Varias
2023-12-15,C619Y,LA ALDEA DE SAN NICOLÁS,LAS PALMAS,13,"18,4","0,0","12,6",08:00,"24,2",14:50,04,"3,9","10,0",17:20,"8,4","1022,0",10,"1019,0",16
2023-12-16,C619Y,LA ALDEA DE SAN NICOLÁS,LAS PALMAS,13,"18,2","0,0","11,2",08:00,"25,3",12:00,02,"2,5","8,3",10:50,"8,7","1024,4",23,"1020,1",05
2023-12-17,C619Y,LA ALDEA DE SAN NICOLÁS,LAS PALMAS,13,"18,0","0,0","12,4",23:59,"23,6",15:30,27,"2,8","7,5",15:40,"8,8","1026,6",Varias,"1023,6",02
2023-12-18,C619Y,LA ALDEA DE SAN NICOLÁS,LAS PALMAS,13,"16,8","0,0","10,5",06:30,"23,2",13:40,29,"2,5","8,3",14:40,"8,8","1027,8",11,"1024,9",15
2023-12-19,C619Y,LA ALDEA DE SAN NICOLÁS,LAS PALMAS,13,"16,6","0,0","10,3",08:00,"23,0",13:00,03,"3,1","12,8",20:20,"5,7","1028,6",Varias,"1026,1",15
2023-12-20,C619Y,LA ALDEA DE SAN NICOLÁS,LAS PALMAS,13,"19,4","0,0","15,0",05:00,"23,8",14:40,03,"6,7","16,4",13:10,"6,9","1029,8",10,"1026,5",16
2023-12-21,C619Y,LA ALDEA DE SAN NICOLÁS,LAS PALMAS,13,"20,5","1,6","18,2",09:30,"22,8",15:20,10,"6,1","17,2",00:40,"2,8","1027,5",00,"1022,1",17
2023-12-22,C619Y,LA ALDEA DE SAN NICOLÁS,LAS PALMAS,13,"19,0","0,6","14,0",23:59,"24,0",14:20,09,"3,1","13,1",13:10,"6,1","1023,3",00,"1019,3",16
2023-12-23,C619Y,LA ALDEA DE SAN NICOLÁS,LAS PALMAS,13,"16,2","0,6","11,4",06:50,"20,9",17:10,03,"2,5","6,1",11:40,"3,1","1021,4",11,"1018,8",05
2023-12-24,C619Y,LA ALDEA DE SAN NICOLÁS,LAS PALMAS,13,"16,5","0,6","10,0",05:00,"23,0",15:50,28,"2,5","5,3",11:50,"8,9","1021,0",00,"1018,4",16
2023-12-25,C619Y,LA ALDEA DE SAN NICOLÁS,LAS PALMAS,13,"17,0","0,4","10,0",08:10,"23,9",12:20,06,"5,0","15,0",16:50,"8,9","1019,4",00,"1016,6",15
2023-12-26,C619Y,LA ALDEA DE SAN NICOLÁS,LAS PALMAS,13,"18,2","0,4","10,7",08:30,"25,6",15:10,02,"4,2","11,9",12:20,"9,0","1019,6",10,"1015,9",15
2023-12-27,C619Y,LA ALDEA DE SAN NICOLÁS,LAS PALMAS,13,"16,6","0,2","9,3",08:00,"23,9",16:30,26,"3,1","6,9",13:00,"8,8","1019,6",23,"1016,8",15
2023-12-28,C619Y,LA ALDEA DE SAN NICOLÁS,LAS PALMAS,13,"17,2","0,2","10,3",05:00,"24,1",15:40,27,"2,2","6,1",15:50,"8,9","1020,9",23,"1018,0",16
2023-12-29,C619Y,LA ALDEA DE SAN NICOLÁS,LAS PALMAS,13,"18,1","0,0","11,7",03:30,"24,5",13:20,28,"3,3","8,1",13:00,"8,9","1021,0",11,"1017,8",Varias
2023-12-30,C619Y,LA ALDEA DE SAN NICOLÁS,LAS PALMAS,13,"18,2","0,0","10,9",08:40,"25,6",15:30,24,"2,8","7,5",15:20,"8,9","1019,7",10,"1017,0",16
2023-12-31,C619Y,LA ALDEA DE SAN NICOLÁS,LAS PALMAS,13,"16,6","0,0","9,7",07:20,"23,5",14:20,26,"3,1","8,9",11:30,"8,9","1019,3",10,"1016,4",15
2024-01-01,C619Y,LA ALDEA DE SAN NICOLÁS,LAS PALMAS,13,"17,4","0,0","10,8",07:30,"24,0",13:30,35,"2,8","9,4",13:30,"8,9","1019,8",Varias,"1016,9",15
2024-01-02,C619Y,LA ALDEA DE SAN NICOLÁS,LAS PALMAS,13,"18,4","0,0","12,6",07:50,"24,2",12:30,29,"2,5","7,5",15:30,"9,0","1021,6",11,"1018,4",05
2024-01-03,C619Y,LA ALDEA DE SAN NICOLÁS,LAS PALMAS,13,"19,6","0,0","12,0",08:20,"27,1",16:10,24,"1,9","6,9",14:30,"8,9","1021,6",11,"1018,5",15
2024-01-04,C619Y,LA ALDEA DE SAN NICOLÁS,LAS PALMAS,13,"18,8","0,0","11,6",08:00,"26,0",13:30,01,"3,3","10,8",12:20,"9,0","1020,2",Varias,"1017,0",15
2024-01-05,C619Y,LA ALDEA DE SAN NICOLÁS,LAS PALMAS,13,"20,0","0,0","15,2",08:10,"24,7",14:30,05,"2,8","7,8",00:10,"6,0","1019,8",10,"1016,8",16
2024-01-06,C619Y,LA ALDEA DE SAN NICOLÁS,LAS PALMAS,13,"19,4","0,0","14,6",Varias,"24,3",13:30,27,"2,5","7,8",12:00,"8,3","1020,1",10,"1017,3",16
2024-01-07,C619Y,LA ALDEA DE SAN NICOLÁS,LAS PALMAS,13,"19,0","0,0","13,5",08:40,"24,4",13:10,02,"2,5","12,2",15:20,"8,9","1020,2",11,"1017,9",06
2024-01-08,C619Y,LA ALDEA DE SAN NICOLÁS,LAS PALMAS,13,"19,2","0,0","13,8",04:50,"24,7",14:40,04,"3,6","9,7",13:20,"7,4","1020,3",11,"1015,9",15
2024-01-09,C619Y,LA ALDEA DE SAN NICOLÁS,LAS PALMAS,13,"18,6","0,0","11,7",08:30,"25,6",14:40,23,"3,1","6,7",14:40,"8,3","1018,6",11,"1015,9",Varias
2024-01-10,C619Y,LA ALDEA DE SAN NICOLÁS,LAS PALMAS,13,"17,8","0,0","11,5",Varias,"24,0",12:40,25,"4,2","10,0",13:10,"9,1","1018,3",11,"1014,7",16
2024-01-11,C619Y,LA ALDEA DE SAN NICOLÁS,LAS PALMAS,13,"21,2","0,0","11,5",05:40,"30,8",16:10,18,"2,8","8,9",15:50,"8,6","1015,4",00,"1010,2",17
2024-01-12,C619Y,LA ALDEA DE SAN NICOLÁS,LAS PALMAS,13,"25,2","0,0","19,3",23:00,"31,1",15:20,25,"4,2","17,8",12:10,"9,1","1013,3",Varias,"1010,6",05
2024-01-13,C619Y,LA ALDEA DE SAN NICOLÁS,LAS PALMAS,13,"22,4","0,0","13,8",06:50,"31,0",14:50,13,"3,3","10,6",14:20,"8,1","1016,5",24,"1012,6",02
2024-01-14,C619Y,LA ALDEA DE SAN NICOLÁS,LAS PALMAS,13,"19,8","0,0","14,0",07:20,"25,5",15:40,29,"2,5","6,7",12:40,"1,5","1018,5",Varias,"1015,4",16
2024-01-15,C619Y,LA ALDEA DE SAN NICOLÁS,LAS PALMAS,13,"22,0","0,0","14,2",01:50,"29,8",12:50,23,"2,8","11,4",14:20,"2,5","1017,5",00,"1013,6",15
2024-01-16,C619Y,LA ALDEA DE SAN NICOLÁS,LAS PALMAS,13,"26,6","0,0","22,5",22:00,"30,6",12:20,99,"6,9","15,0",06:50,"7,0","1015,8",24,"1012,2",15
2024-01-17,C619Y,LA ALDEA DE SAN NICOLÁS,LAS PALMAS,13,"20,8","0,0","16,2",08:30,"25,4",14:50,26,"3,6","9,4",17:20,"8,9","1017,5",11,"1014,2",Varias
2024-01-18,C619Y,LA ALDEA DE SAN NICOLÁS,LAS PALMAS,13,"20,8","0,0","16,6",04:20,"25,1",13:40,28,"3,1","10,0",16:50,"6,2","1015,2",24,"1012,2",17
2024-01-19,C619Y,LA ALDEA DE SAN NICOLÁS,LAS PALMAS,13,"21,5","0,0","18,9",22:30,"24,1",13:00,10,"6,9","18,6",14:40,"8,7","1019,2",24,"1014,8",04
2024-01-20,C619Y,LA ALDEA DE SAN NICOLÁS,LAS PALMAS,13,"18,8","0,0","13,6",07:00,"23,9",15:00,02,"7,5","18,9",16:10,"9,2","1023,6",23,"1018,4",05
2024-01-21,C619Y,LA ALDEA DE SAN NICOLÁS,LAS PALMAS,13,"20,1","0,0","17,9",07:40,"22,3",14:50,04,"10,3","23,1",19:20,"9,2","1026,5",11,"1022,9",00
2024-01-22,C619Y,LA ALDEA DE SAN NICOLÁS,LAS PALMAS,13,"18,8","0,0","12,2",07:20,"25,3",16:10,02,"3,1","17,8",00:30,"9,3","1027,5",10,"1024,1",16
2024-01-23,C619Y,LA ALDEA DE SAN NICOLÁS,LAS PALMAS,13,"18,4","0,0","11,1",05:50,"25,6",12:10,34,"2,8","7,2",15:00,"9,3","1028,9",11,"1025,6",04
2024-01-24,C619Y,LA ALDEA DE SAN NICOLÁS,LAS PALMAS,13,"18,6","0,0","12,6",07:40,"24,5",14:00,24,"3,6","8,3",15:50,"7,0","1028,3",10,"1024,4",18
2024-01-25,C619Y,LA ALDEA DE SAN NICOLÁS,LAS PALMAS,13,"19,8","0,0","13,6",23:50,"26,1",13:30,28,"2,5","6,9",10:30,"9,3","1025,8",11,"1021,5",16
2024-01-26,C619Y,LA ALDEA DE SAN NICOLÁS,LAS PALMAS,13,"20,4","0,0","13,6",03:40,"27,3",13:00,11,"3,9","10,0",08:10,"7,2","1024,3",10,"1021,4",16
2024-01-27,C619Y,LA ALDEA DE SAN NICOLÁS,LAS PALMAS,13,"19,2","0,0","11,4",08:00,"27,1",14:30,36,"2,2","7,5",15:20,"9,5","1022,2",00,"1019,0",14
2024-01-28,C619Y,LA ALDEA DE SAN NICOLÁS,LAS PALMAS,13,"19,6","0,0","11,5",07:50,"27,6",17:30,29,"3,3","8,9",16:20,"8,0","1021,6",24,"1018,3",Varias
2024-01-29,C619Y,LA ALDEA DE SAN NICOLÁS,LAS PALMAS,13,"18,9","0,0","12,5",08:00,"25,3",13:30,99,"3,3","6,7",15:30,"9,3","1022,8",24,"1020,3",06
2024-01-30,C619Y,LA ALDEA DE SAN NICOLÁS,LAS PALMAS,13,"18,4",,"11,4",08:00,"25,5",14:20,29,"3,6","8,6",13:00,"9,5","1022,7",00,"1020,3",Varias
2024-01-31,C619Y,LA ALDEA DE SAN NICOLÁS,LAS PALMAS,13,"21,0","0,0","11,3",07:20,"30,6",13:20,99,"2,2","8,9",12:40,"9,7","1022,5",22,"1019,5",Varias
2024-02-01,C619Y,LA ALDEA DE SAN NICOLÁS,LAS PALMAS,13,"18,9","0,0","11,5",07:40,"26,3",14:30,30,"2,5","6,7",11:50,"9,7","1025,1",11,"1021,7",02
2024-02-02,C619Y,LA ALDEA DE SAN NICOLÁS,LAS PALMAS,13,"18,6","0,0","12,2",05:40,"24,9",15:00,28,"3,3","6,4",14:50,"9,8","1024,8",11,"1021,7",17
2024-02-03,C619Y,LA ALDEA DE SAN NICOLÁS,LAS PALMAS,13,"18,0","0,0","10,5",07:00,"25,5",15:20,99,"2,8","6,1",Varias,"8,5","1022,2",00,"1020,0",04
2024-02-04,C619Y,LA ALDEA DE SAN NICOLÁS,LAS PALMAS,13,"19,3","0,0","12,4",05:50,"26,2",12:00,24,"3,1","8,3",14:10,"9,6","1024,1",23,"1020,0",05
2024-02-05,C619Y,LA ALDEA DE SAN NICOLÁS,LAS PALMAS,13,"19,2","0,0","12,2",05:00,"26,1",15:20,01,"3,1","7,5",11:40,"8,4","1025,1",22,"1022,3",04
2024-02-06,C619Y,LA ALDEA DE SAN NICOLÁS,LAS PALMAS,13,"19,0","0,0","11,6",08:20,"26,3",16:20,25,"3,3","6,4",15:20,"10,0","1025,0",11,"1022,5",16
2024-02-07,C619Y,LA ALDEA DE SAN NICOLÁS,LAS PALMAS,13,"18,8","0,0","11,2",07:20,"26,5",15:10,27,"3,3","7,8",12:30,"9,2","1024,0",00,"1019,6",18
2024-02-08,C619Y,LA ALDEA DE SAN NICOLÁS,LAS PALMAS,13,"21,4","0,0","11,6",08:00,"31,2",14:40,20,"3,1","11,4",16:30,"8,4","1021,0",00,"1014,2",18
2024-02-09,C619Y,LA ALDEA DE SAN NICOLÁS,LAS PALMAS,13,"23,0","0,0","16,6",05:50,"29,5",16:50,26,"5,3","14,4",15:10,"9,1","1014,8",00,"1011,1",17
2024-02-10,C619Y,LA ALDEA DE SAN NICOLÁS,LAS PALMAS,13,"23,6","0,0","20,7",23:59,"26,4",16:20,08,"6,4","14,2",17:50,"5,6","1018,2",22,"1012,7",Varias
2024-02-11,C619Y,LA ALDEA DE SAN NICOLÁS,LAS PALMAS,13,"18,7","0,0","13,2",08:00,"24,2",14:00,04,"3,6","11,9",15:30,"9,9","1019,5",11,"1016,0",04
2024-02-12,C619Y,LA ALDEA DE SAN NICOLÁS,LAS PALMAS,13,"18,6","0,0","13,7",07:40,"23,4",15:00,28,"3,1","8,9",14:30,"9,0","1019,0",11,"1015,8",18
2024-02-13,C619Y,LA ALDEA DE SAN NICOLÁS,LAS PALMAS,13,"19,2","0,0","12,2",07:40,"26,1",11:40,27,"3,6","8,1",13:10,"9,7","1016,6",00,"1011,2",18
2024-02-14,C619Y,LA ALDEA DE SAN NICOLÁS,LAS PALMAS,13,"22,2","0,0","14,8",08:00,"29,5",14:00,27,"4,2","15,6",14:50,"9,6","1017,9",24,"1011,5",05
2024-02-15,C619Y,LA ALDEA DE SAN NICOLÁS,LAS PALMAS,13,"20,6","0,0","15,6",03:30,"25,6",12:30,06,"4,2","18,6",21:50,"10,2","1022,7",23,"1017,5",01
2024-02-16,C619Y,LA ALDEA DE SAN NICOLÁS,LAS PALMAS,13,"19,4","0,0","14,3",05:40,"24,5",14:50,06,"8,3","20,8",14:50,"10,2","1023,2",11,"1020,4",06
2024-02-17,C619Y,LA ALDEA DE SAN NICOLÁS,LAS PALMAS,13,"17,3","0,0","11,7",07:50,"22,9",14:00,05,"8,6","23,1",18:00,"10,2","1022,6",00,"1019,3",16
2024-02-18,C619Y,LA ALDEA DE SAN NICOLÁS,LAS PALMAS,13,"22,6","0,0","18,3",23:59,"26,9",17:00,02,"6,1","22,8",01:00,"9,9","1022,1",24,"1018,8",Varias
2024-02-19,C619Y,LA ALDEA DE SAN NICOLÁS,LAS PALMAS,13,"22,0","0,0","15,4",23:59,"28,7",17:30,12,"2,8","9,4",04:20,"10,1","1025,6",12,"1021,5",04
2024-02-20,C619Y,LA ALDEA DE SAN NICOLÁS,LAS PALMAS,13,"18,8","0,0","12,6",06:30,"25,1",12:50,02,"6,4","21,1",18:00,"10,3","1024,4",10,"1021,4",18
2024-02-21,C619Y,LA ALDEA DE SAN NICOLÁS,LAS PALMAS,13,"19,2","0,0","12,9",08:10,"25,4",13:50,03,"4,2","21,4",00:50,"10,4","1024,4",10,"1020,8",04
2024-02-22,C619Y,LA ALDEA DE SAN NICOLÁS,LAS PALMAS,13,"18,4","0,0","12,7",07:40,"24,1",15:00,99,"7,2","18,9",Varias,"10,4","1025,9",10,"1022,2",17
2024-02-23,C619Y,LA ALDEA DE SAN NICOLÁS,LAS PALMAS,13,"21,8","1,2","18,1",17:40,"25,6",12:50,08,"8,6","23,3",01:20,"6,1","1024,3",Varias,"1020,9",17
2024-02-24,C619Y,LA ALDEA DE SAN NICOLÁS,LAS PALMAS,13,"21,4","0,0","17,8",04:40,"24,9",14:10,09,"7,2","24,2",10:10,"8,3","1023,6",00,"1021,5",05
2024-02-25,C619Y,LA ALDEA DE SAN NICOLÁS,LAS PALMAS,13,"21,0","0,0","18,6",06:30,"23,4",14:10,04,"9,7","25,3",13:10,"10,5","1023,3",11,"1019,0",17
2024-02-26,C619Y,LA ALDEA DE SAN NICOLÁS,LAS PALMAS,13,"18,2","0,0","13,3",05:00,"23,1",14:10,07,"8,3","24,2",16:30,"8,0","1020,7",00,"1016,7",17
2024-02-27,C619Y,LA ALDEA DE SAN NICOLÁS,LAS PALMAS,13,"21,0","0,0","18,1",08:00,"24,0",13:50,08,"8,3","20,8",07:40,"10,0","1022,0",24,"1017,2",04
2024-02-28,C619Y,LA ALDEA DE SAN NICOLÁS,LAS PALMAS,13,,,,,,,04,"11,1","26,1",13:10,,"1021,9",00,"1019,3",17
2024-02-29,C619Y,LA ALDEA DE SAN NICOLÁS,LAS PALMAS,13,"21,4","0,0","18,4",03:30,"24,3",13:20,07,"8,3","22,5",23:00,"9,1","1022,0",01,"1019,4",16
2024-03-01,C619Y,LA ALDEA DE SAN NICOLÁS,LAS PALMAS,13,"20,2","1,2","17,1",05:50,"23,3",15:00,10,"7,2","21,7",20:20,"5,3","1020,0",10,"1016,3",17
2024-03-02,C619Y,LA ALDEA DE SAN NICOLÁS,LAS PALMAS,13,"19,4","0,2","15,3",06:00,"23,4",13:50,08,"8,3","21,7",09:40,"5,7","1021,7",23,"1017,2",05
2024-03-03,C619Y,LA ALDEA DE SAN NICOLÁS,LAS PALMAS,13,"20,6","1,2","16,7",11:00,"24,6",15:50,12,"6,1","17,5",03:00,"7,1","1023,0",11,"1020,0",04
2024-03-04,C619Y,LA ALDEA DE SAN NICOLÁS,LAS PALMAS,13,"21,1","0,0","18,0",04:00,"24,2",12:50,06,"7,8","20,0",14:40,"8,9","1023,7",11,"1019,2",17
2024-03-05,C619Y,LA ALDEA DE SAN NICOLÁS,LAS PALMAS,13,"18,2","0,0","13,0",07:20,"23,5",15:10,99,"6,9","21,4",16:50,"10,7","1021,1",10,"1018,1",18
2024-03-06,C619Y,LA ALDEA DE SAN NICOLÁS,LAS PALMAS,13,"18,8","0,0","15,0",00:40,"22,6",12:40,09,"7,5","20,6",23:10,"8,6","1019,6",11,"1016,8",18
2024-03-07,C619Y,LA ALDEA DE SAN NICOLÁS,LAS PALMAS,13,"22,0","0,0","17,3",05:00,"26,6",14:40,10,"6,4","17,2",19:00,"8,4","1020,5",22,"1017,4",02
2024-03-08,C619Y,LA ALDEA DE SAN NICOLÁS,LAS PALMAS,13,"20,6","0,0","16,8",04:30,"24,4",15:50,10,"4,7","16,7",00:30,"10,3","1020,3",00,"1017,1",19
2024-03-09,C619Y,LA ALDEA DE SAN NICOLÁS,LAS PALMAS,13,"21,4","0,0","16,2",07:50,"26,5",16:30,08,"3,6","15,0",17:30,"10,1","1018,4",00,"1015,5",16
2024-03-10,C619Y,LA ALDEA DE SAN NICOLÁS,LAS PALMAS,13,"21,5","0,0","18,0",07:20,"25,0",13:50,08,"3,3","13,9",04:10,"9,6","1019,8",23,"1016,5",05
2024-03-11,C619Y,LA ALDEA DE SAN NICOLÁS,LAS PALMAS,13,"18,9","0,0","13,8",07:40,"24,0",14:40,09,"3,9","12,2",03:00,"9,3","1020,8",11,"1017,7",18
2024-03-12,C619Y,LA ALDEA DE SAN NICOLÁS,LAS PALMAS,13,"17,7","0,0","11,7",07:30,"23,7",15:00,27,"4,7","10,3",18:20,"11,0","1019,2",00,"1014,8",18
2024-03-13,C619Y,LA ALDEA DE SAN NICOLÁS,LAS PALMAS,13,"19,8","0,0","13,8",07:20,"25,9",15:00,25,"5,0","13,6",12:20,"10,6","1017,6",24,"1014,9",17
2024-03-14,C619Y,LA ALDEA DE SAN NICOLÁS,LAS PALMAS,13,"22,2","0,0","19,4",23:59,"25,0",13:20,01,"5,6","11,1",13:50,"10,8","1019,3",23,"1016,3",05
2024-03-15,C619Y,LA ALDEA DE SAN NICOLÁS,LAS PALMAS,13,"18,9","0,0","13,8",07:50,"24,0",16:30,03,"3,3","9,2",23:59,"11,0","1019,0",00,"1016,1",19
2024-03-16,C619Y,LA ALDEA DE SAN NICOLÁS,LAS PALMAS,13,"20,0","0,0","11,6",06:40,"28,4",15:40,02,"3,9","10,6",20:10,"11,1","1017,2",00,"1014,2",18
2024-03-17,C619Y,LA ALDEA DE SAN NICOLÁS,LAS PALMAS,13,"21,4","0,0","15,5",05:00,"27,3",16:10,06,"6,1","18,1",23:30,"9,9","1016,3",24,"1012,4",17
2024-03-18,C619Y,LA ALDEA DE SAN NICOLÁS,LAS PALMAS,13,"21,6","0,0","19,4",05:00,"23,7",16:50,05,"8,6","22,8",20:10,"11,0","1017,6",10,"1014,8",16
2024-03-19,C619Y,LA ALDEA DE SAN NICOLÁS,LAS PALMAS,13,"21,7","0,0","19,0",05:00,"24,4",15:10,06,"7,8","24,2",18:00,"10,7","1018,1",24,"1014,3",05
2024-03-20,C619Y,LA ALDEA DE SAN NICOLÁS,LAS PALMAS,13,"22,1","0,0","18,3",06:50,"25,9",13:50,08,"9,2","25,8",18:10,"10,2","1019,6",10,"1015,7",16
2024-03-21,C619Y,LA ALDEA DE SAN NICOLÁS,LAS PALMAS,13,"22,2","0,0","18,2",02:50,"26,2",13:20,10,"5,8","20,6",03:40,"6,6","1017,8",00,"1013,3",18
2024-03-22,C619Y,LA ALDEA DE SAN NICOLÁS,LAS PALMAS,13,"19,8","2,4","15,3",23:00,"24,4",13:40,28,"5,8","13,6",02:40,"3,4","1013,4",00,"1008,7",16
2024-03-23,C619Y,LA ALDEA DE SAN NICOLÁS,LAS PALMAS,13,"17,4","0,2","13,0",06:00,"21,7",13:30,10,"3,3","10,6",02:40,"4,3","1009,6",00,"1004,5",17
2024-03-24,C619Y,LA ALDEA DE SAN NICOLÁS,LAS PALMAS,13,"17,8","0,0","12,0",06:30,"23,7",13:30,08,"3,6","13,3",18:30,"7,8","1011,6",24,"1005,9",05
2024-03-25,C619Y,LA ALDEA DE SAN NICOLÁS,LAS PALMAS,13,"22,5","0,0","18,0",02:40,"27,0",14:00,06,"4,2","16,1",21:00,"7,0","1016,1",22,"1011,0",04
2024-03-26,C619Y,LA ALDEA DE SAN NICOLÁS,LAS PALMAS,13,"20,1","1,2","16,2",19:30,"24,0",14:50,08,"4,7","17,5",19:10,"5,2","1018,9",23,"1013,9",06
2024-03-27,C619Y,LA ALDEA DE SAN NICOLÁS,LAS PALMAS,13,"20,0","0,0","14,7",23:59,"25,2",15:30,08,"3,9","11,4",02:50,"11,4","1019,3",11,"1015,7",16
2024-03-28,C619Y,LA ALDEA DE SAN NICOLÁS,LAS PALMAS,13,"19,2","1,4","13,3",03:00,"25,0",14:20,20,"4,4","15,0",20:20,"10,6","1016,1",00,"1010,1",19
2024-03-29,C619Y,LA ALDEA DE SAN NICOLÁS,LAS PALMAS,13,"21,2","0,0","17,1",05:00,"25,3",14:30,09,"3,9","17,8",10:00,"10,5","1013,7",11,"1009,5",04
2024-03-30,C619Y,LA ALDEA DE SAN NICOLÁS,LAS PALMAS,13,"19,2","0,0","13,5",04:00,"24,8",10:30,27,"4,2","12,2",14:20,"10,9","1013,0",00,"1009,7",19
2024-03-31,C619Y,LA ALDEA DE SAN NICOLÁS,LAS PALMAS,13,"20,6","0,0","16,3",03:00,"24,9",15:20,05,"3,6","13,3",19:50,"9,6","1015,7",Varias,"1010,4",04
2024-04-01,C619Y,LA ALDEA DE SAN NICOLÁS,LAS PALMAS,13,"20,4","0,0","16,1",07:00,"24,6",12:40,04,"3,1","10,0",11:20,"8,2","1017,7",Varias,"1015,0",04
2024-04-02,C619Y,LA ALDEA DE SAN NICOLÁS,LAS PALMAS,13,"19,8","0,0","13,8",07:00,"25,7",16:20,08,"3,9","14,7",23:50,"11,5","1019,5",22,"1016,4",05
2024-04-03,C619Y,LA ALDEA DE SAN NICOLÁS,LAS PALMAS,13,"22,4","0,0","19,6",06:00,"25,2",17:00,04,"5,6","20,8",17:50,"11,6","1019,2",00,"1016,0",18
2024-04-04,C619Y,LA ALDEA DE SAN NICOLÁS,LAS PALMAS,13,"19,8","0,0","15,2",03:40,"24,5",14:30,01,"6,7","18,9",19:30,"11,4","1016,7",00,"1012,4",24
2024-04-05,C619Y,LA ALDEA DE SAN NICOLÁS,LAS PALMAS,13,"20,6","0,0","13,1",07:00,"28,1",18:10,03,"2,8","11,4",01:40,"10,8","1012,4",00,"1006,7",18
2024-04-06,C619Y,LA ALDEA DE SAN NICOLÁS,LAS PALMAS,13,"21,0","0,0","16,8",07:00,"25,1",16:00,10,"3,6","16,9",20:50,"5,7","1016,5",24,"1007,9",03
2024-04-07,C619Y,LA ALDEA DE SAN NICOLÁS,LAS PALMAS,13,"22,8","0,0","18,5",07:00,"27,1",12:40,10,"5,8","18,6",22:20,"11,0","1019,8",24,"1015,3",03
2024-04-08,C619Y,LA ALDEA DE SAN NICOLÁS,LAS PALMAS,13,"21,8","0,2","19,0",Varias,"24,7",14:50,09,"7,5","22,5",22:20,"2,1","1020,8",11,"1017,7",05
2024-04-09,C619Y,LA ALDEA DE SAN NICOLÁS,LAS PALMAS,13,"21,8","0,0","18,8",07:00,"24,7",12:40,09,"8,6","27,5",11:20,"11,1","1019,5",00,"1014,7",Varias
2024-04-10,C619Y,LA ALDEA DE SAN NICOLÁS,LAS PALMAS,13,"22,8","0,0","18,5",02:00,"27,2",14:00,04,"7,5","28,1",04:00,"11,0","1015,8",00,"1013,0",Varias
2024-04-11,C619Y,LA ALDEA DE SAN NICOLÁS,LAS PALMAS,13,"28,0","0,0","20,7",05:20,"35,4",11:00,02,"3,3","13,6",00:10,"9,8","1015,2",00,"1013,1",17
2024-04-12,C619Y,LA ALDEA DE SAN NICOLÁS,LAS PALMAS,13,"26,0","0,0","20,3",23:59,"31,7",17:00,28,"4,2","8,9",12:30,"10,1","1016,5",10,"1013,1",18
2024-04-13,C619Y,LA ALDEA DE SAN NICOLÁS,LAS PALMAS,13,"22,3","0,0","18,1",05:00,"26,5",16:00,29,"3,6","11,1",12:20,"11,3","1014,2",00,"1011,5",18
2024-04-14,C619Y,LA ALDEA DE SAN NICOLÁS,LAS PALMAS,13,"23,2","0,0","13,5",07:00,"32,9",17:00,04,"4,4","10,6",17:50,"11,6","1015,1",24,"1011,1",04
2024-04-15,C619Y,LA ALDEA DE SAN NICOLÁS,LAS PALMAS,13,"25,8","0,0","16,9",04:00,"34,7",16:30,03,"3,6","13,1",20:50,"11,7","1016,6",22,"1013,9",03
2024-04-16,C619Y,LA ALDEA DE SAN NICOLÁS,LAS PALMAS,13,"20,8",,"14,4",07:40,"27,2",14:10,02,"4,4","12,8",18:00,"11,5","1015,9",00,"1013,5",17
2024-04-17,C619Y,LA ALDEA DE SAN NICOLÁS,LAS PALMAS,13,"21,0","0,0","15,1",Varias,"26,8",14:40,03,"3,6","8,9",19:50,"11,3","1015,0",00,"1012,6",19
2024-04-18,C619Y,LA ALDEA DE SAN NICOLÁS,LAS PALMAS,13,"21,0","0,0","16,5",05:30,"25,5",13:50,02,"4,7","13,6",19:20,"8,0","1015,6",22,"1012,6",Varias
2024-04-19,C619Y,LA ALDEA DE SAN NICOLÁS,LAS PALMAS,13,"23,2","0,0","19,4",07:00,"26,9",13:10,02,"3,9","16,7",15:40,"11,1","1016,3",22,"1013,2",04
2024-04-20,C619Y,LA ALDEA DE SAN NICOLÁS,LAS PALMAS,13,"23,7","0,0","20,1",05:00,"27,3",12:20,09,"4,7","15,0",22:30,"7,7","1015,9",00,"1012,9",18
2024-04-21,C619Y,LA ALDEA DE SAN NICOLÁS,LAS PALMAS,13,"23,4","0,0","19,3",06:40,"27,6",13:20,07,"4,4","17,8",16:10,"10,2","1014,4",00,"1011,0",17
2024-04-22,C619Y,LA ALDEA DE SAN NICOLÁS,LAS PALMAS,13,"22,6","0,0","19,1",07:20,"26,1",14:40,06,"3,9","18,1",19:50,"10,5","1012,8",01,"1010,8",17
2024-04-23,C619Y,LA ALDEA DE SAN NICOLÁS,LAS PALMAS,13,"20,1","0,0","15,7",06:50,"24,5",13:30,04,"5,8","16,7",20:30,"11,8","1014,3",22,"1010,9",04
2024-04-24,C619Y,LA ALDEA DE SAN NICOLÁS,LAS PALMAS,13,"20,8","0,0","15,3",06:40,"26,2",11:00,07,"5,0","21,7",17:20,"11,9","1015,2",11,"1011,9",05
2024-04-25,C619Y,LA ALDEA DE SAN NICOLÁS,LAS PALMAS,13,"19,6","0,0","14,6",06:50,"24,7",13:20,04,"6,9","19,2",14:20,"12,1","1014,7",00,"1012,3",19
2024-04-26,C619Y,LA ALDEA DE SAN NICOLÁS,LAS PALMAS,13,"22,2","0,0","18,7",05:00,"25,7",14:40,05,"5,6","18,6",06:00,"12,1","1014,0",00,"1010,3",18
2024-04-27,C619Y,LA ALDEA DE SAN NICOLÁS,LAS PALMAS,13,"21,4","0,0","16,1",06:30,"26,7",13:40,08,"4,2","13,1",16:10,"9,0","1014,1",24,"1010,4",Varias
2024-04-28,C619Y,LA ALDEA DE SAN NICOLÁS,LAS PALMAS,13,"22,8","0,2","18,4",05:40,"27,2",13:10,10,"5,6","20,3",16:10,,"1019,6",24,"1012,8",03
2024-04-29,C619Y,LA ALDEA DE SAN NICOLÁS,LAS PALMAS,13,"21,8","0,0","17,4",04:40,"26,1",15:00,08,"6,4","19,2",13:00,"11,3","1022,7",24,"1018,6",04
2024-04-30,C619Y,LA ALDEA DE SAN NICOLÁS,LAS PALMAS,13,"21,5","0,0","18,1",06:00,"24,9",13:40,06,"5,8","23,9",13:50,"10,4","1022,8",11,"1019,2",17
2024-05-01,C619Y,LA ALDEA DE SAN NICOLÁS,LAS PALMAS,13,"22,1","0,0","18,9",03:50,"25,3",16:10,10,"6,9","21,9",17:50,"11,8","1020,4",00,"1016,3",16
2024-05-02,C619Y,LA ALDEA DE SAN NICOLÁS,LAS PALMAS,13,"20,6","0,0","16,0",06:40,"25,3",14:20,06,"5,6","21,7",14:50,"12,1","1017,7",00,"1015,0",04
2024-05-03,C619Y,LA ALDEA DE SAN NICOLÁS,LAS PALMAS,13,"18,6","0,0","13,3",06:50,"23,9",13:40,02,"6,4","18,3",15:50,"12,1","1017,7",24,"1015,2",04
2024-05-04,C619Y,LA ALDEA DE SAN NICOLÁS,LAS PALMAS,13,"19,0","0,0","12,9",05:40,"25,2",14:50,36,"5,8","20,8",11:00,"12,1","1017,9",24,"1015,1",17
2024-05-05,C619Y,LA ALDEA DE SAN NICOLÁS,LAS PALMAS,13,"20,0","0,0","13,5",06:20,"26,6",14:50,02,"5,0","17,8",23:30,"9,6","1017,9",00,"1013,4",18
2024-05-06,C619Y,LA ALDEA DE SAN NICOLÁS,LAS PALMAS,13,"21,4","0,0","14,5",06:50,"28,4",14:00,02,"5,6","18,6",11:20,"11,5","1014,5",00,"1010,9",17
2024-05-07,C619Y,LA ALDEA DE SAN NICOLÁS,LAS PALMAS,13,"21,8","0,0","16,2",06:10,"27,3",16:20,01,"3,6","13,3",11:10,"11,5","1013,1",11,"1010,7",18
2024-05-08,C619Y,LA ALDEA DE SAN NICOLÁS,LAS PALMAS,13,"22,2","0,0","15,7",06:00,"28,8",16:10,02,"4,4","16,1",22:20,"10,5","1013,4",23,"1010,2",06
2024-05-09,C619Y,LA ALDEA DE SAN NICOLÁS,LAS PALMAS,13,"23,8","0,0","20,3",05:50,"27,4",13:00,36,"6,7","18,9",15:50,"7,8","1014,1",24,"1010,4",05
2024-05-10,C619Y,LA ALDEA DE SAN NICOLÁS,LAS PALMAS,13,"22,9","0,0","20,0",06:40,"25,8",14:50,09,"8,1","21,9",18:10,"11,7","1015,0",23,"1011,5",04
2024-05-11,C619Y,LA ALDEA DE SAN NICOLÁS,LAS PALMAS,13,"22,9","0,0","19,8",06:00,"26,0",14:40,06,"8,6","24,7",17:40,"12,2","1017,4",23,"1013,8",04
2024-05-12,C619Y,LA ALDEA DE SAN NICOLÁS,LAS PALMAS,13,"22,1","0,0","19,5",04:00,"24,7",14:50,09,"7,2","24,2",18:40,"12,0","1017,4",12,"1015,4",19
2024-05-13,C619Y,LA ALDEA DE SAN NICOLÁS,LAS PALMAS,13,"22,0","0,0","19,6",06:20,"24,4",14:50,06,"10,0","24,7",02:10,"11,5","1016,7",00,"1014,7",18
2024-05-14,C619Y,LA ALDEA DE SAN NICOLÁS,LAS PALMAS,13,"23,0","0,0","19,6",06:10,"26,3",15:20,07,"8,1","25,8",15:20,"9,6","1015,3",00,"1011,1",16
2024-05-15,C619Y,LA ALDEA DE SAN NICOLÁS,LAS PALMAS,13,"22,8","0,6","19,3",02:40,"26,4",12:20,07,"6,9","21,7",10:10,"10,8","1015,5",22,"1012,4",06
2024-05-16,C619Y,LA ALDEA DE SAN NICOLÁS,LAS PALMAS,13,"21,6","0,0","17,4",05:40,"25,9",14:20,08,"5,3","21,7",15:30,"8,9","1016,1",22,"1012,8",03
2024-05-17,C619Y,LA ALDEA DE SAN NICOLÁS,LAS PALMAS,13,"22,1","0,0","18,7",02:20,"25,5",15:20,05,"6,4","15,8",13:00,"9,8","1015,8",Varias,"1013,7",04
2024-05-18,C619Y,LA ALDEA DE SAN NICOLÁS,LAS PALMAS,13,"23,1","0,0","19,0",05:00,"27,2",13:40,06,"3,9","12,2",10:30,"10,8","1016,2",10,"1014,1",17
2024-05-19,C619Y,LA ALDEA DE SAN NICOLÁS,LAS PALMAS,13,"23,5","0,0","19,9",23:00,"27,1",13:00,10,"3,3","16,1",19:30,"10,6","1017,7",24,"1014,0",04
2024-05-20,C619Y,LA ALDEA DE SAN NICOLÁS,LAS PALMAS,13,"23,2","0,0","19,4",Varias,"27,0",12:20,09,"4,7","19,2",19:20,"12,4","1019,4",23,"1015,8",05
2024-05-21,C619Y,LA ALDEA DE SAN NICOLÁS,LAS PALMAS,13,"22,6","0,0","19,2",02:50,"26,1",12:00,09,"5,3","20,3",18:00,"11,3","1020,1",10,"1017,8",03
2024-05-22,C619Y,LA ALDEA DE SAN NICOLÁS,LAS PALMAS,13,"23,0","0,0","19,4",06:00,"26,7",11:50,09,"6,9","21,7",17:30,"11,1","1019,4",00,"1016,7",18
2024-05-23,C619Y,LA ALDEA DE SAN NICOLÁS,LAS PALMAS,13,"23,4","0,0","19,5",Varias,"27,2",11:50,07,"5,6","23,9",13:30,"12,4","1018,4",00,"1014,9",16
2024-05-24,C619Y,LA ALDEA DE SAN NICOLÁS,LAS PALMAS,13,"23,2","0,0","19,5",23:59,"27,0",13:40,07,"4,4","18,9",22:50,"11,8","1018,6",23,"1015,2",05
2024-05-25,C619Y,LA ALDEA DE SAN NICOLÁS,LAS PALMAS,13,"21,8","0,0","18,9",Varias,"24,8",14:10,08,"6,9","22,5",18:50,"12,7","1019,7",10,"1017,0",04
2024-05-26,C619Y,LA ALDEA DE SAN NICOLÁS,LAS PALMAS,13,"22,2","0,0","19,3",05:40,"25,0",18:00,04,"10,6","22,8",22:30,"12,1","1019,2",23,"1017,2",Varias
2024-05-27,C619Y,LA ALDEA DE SAN NICOLÁS,LAS PALMAS,13,"24,0","0,0","20,1",06:00,"27,8",14:40,05,"6,7","21,7",16:30,"12,3","1019,8",12,"1017,2",18
2024-05-28,C619Y,LA ALDEA DE SAN NICOLÁS,LAS PALMAS,13,"22,8","0,0","19,5",06:00,"26,0",14:20,08,"5,0","18,6",04:20,"12,0","1018,6",11,"1016,2",18
2024-05-29,C619Y,LA ALDEA DE SAN NICOLÁS,LAS PALMAS,13,"23,2","0,0","19,9",Varias,"26,5",13:50,07,"5,0","18,6",16:00,"12,0","1017,3",00,"1014,1",16
2024-05-30,C619Y,LA ALDEA DE SAN NICOLÁS,LAS PALMAS,13,"23,8","0,0","20,5",05:00,"27,1",15:00,07,"4,4","18,3",16:30,"11,9","1015,6",00,"1011,9",18
2024-05-31,C619Y,LA ALDEA DE SAN NICOLÁS,LAS PALMAS,13,"24,4","0,4","20,3",04:40,"28,6",15:00,11,"6,9","20,0",18:00,"7,4","1014,1",23,"1011,4",17
2024-06-01,C619Y,LA ALDEA DE SAN NICOLÁS,LAS PALMAS,13,"23,6","0,0","19,5",05:00,"27,7",12:40,10,"5,3","20,0",15:30,"7,0","1015,3",Varias,"1012,5",Varias
2024-06-02,C619Y,LA ALDEA DE SAN NICOLÁS,LAS PALMAS,13,"22,4","0,0","19,9",06:00,"24,8",14:10,04,"8,1","18,9",18:00,"12,2","1016,0",22,"1013,6",03
2024-06-03,C619Y,LA ALDEA DE SAN NICOLÁS,LAS PALMAS,13,"23,8","0,0","19,8",06:00,"27,7",15:50,09,"6,7","19,2",22:20,"12,8","1017,7",23,"1014,3",03
2024-06-04,C619Y,LA ALDEA DE SAN NICOLÁS,LAS PALMAS,13,"24,1","0,0","20,5",06:30,"27,7",11:30,10,"6,7","18,6",05:40,"8,7","1017,4",00,"1014,4",18
2024-06-05,C619Y,LA ALDEA DE SAN NICOLÁS,LAS PALMAS,13,"24,0","0,0","20,7",02:30,"27,4",12:40,08,"5,6","16,7",12:30,"10,8","1016,4",00,"1014,1",18
2024-06-06,C619Y,LA ALDEA DE SAN NICOLÁS,LAS PALMAS,13,"22,0","0,0","18,3",04:50,"25,8",15:30,28,"4,4","11,7",15:20,"10,0","1015,9",12,"1013,4",18
2024-06-07,C619Y,LA ALDEA DE SAN NICOLÁS,LAS PALMAS,13,"24,1","0,0","21,1",00:40,"27,1",10:40,28,"4,7","13,6",12:10,"11,6","1016,2",23,"1013,1",04
2024-06-08,C619Y,LA ALDEA DE SAN NICOLÁS,LAS PALMAS,13,"22,0","0,0","17,6",06:20,"26,5",14:50,05,"3,1","10,3",22:00,"12,2","1017,1",23,"1014,1",04
2024-06-09,C619Y,LA ALDEA DE SAN NICOLÁS,LAS PALMAS,13,"24,6","0,0","21,1",06:00,"28,2",15:10,07,"5,0","16,4",16:00,"12,4","1017,1",23,"1014,3",18
2024-06-10,C619Y,LA ALDEA DE SAN NICOLÁS,LAS PALMAS,13,"25,0","0,0","20,9",05:50,"29,1",12:40,99,"5,6","16,7",Varias,"11,5","1018,0",23,"1015,2",04
2024-06-11,C619Y,LA ALDEA DE SAN NICOLÁS,LAS PALMAS,13,"24,6","0,0","20,6",07:50,"28,6",15:50,09,"6,9","20,8",14:40,"10,3","1019,9",23,"1016,6",03
2024-06-12,C619Y,LA ALDEA DE SAN NICOLÁS,LAS PALMAS,13,"23,6","0,0","20,4",05:30,"26,7",15:10,08,"7,2","28,1",17:00,"11,7","1019,8",23,"1017,6",17
2024-06-13,C619Y,LA ALDEA DE SAN NICOLÁS,LAS PALMAS,13,"23,0","0,0","19,9",03:00,"26,1",13:40,08,"6,9","25,6",16:50,"11,6","1019,4",00,"1016,6",03
2024-06-14,C619Y,LA ALDEA DE SAN NICOLÁS,LAS PALMAS,13,"23,2","0,0","20,3",03:00,"26,2",13:40,06,"8,1","22,5",16:30,"12,7","1018,9",23,"1016,5",17
2024-06-15,C619Y,LA ALDEA DE SAN NICOLÁS,LAS PALMAS,13,"23,6","0,0","20,1",05:00,"27,1",13:20,06,"7,5","28,9",10:30,"12,6","1018,2",00,"1014,9",18
2024-06-16,C619Y,LA ALDEA DE SAN NICOLÁS,LAS PALMAS,13,"23,0","0,0","20,0",06:40,"26,0",14:10,05,"8,9","22,5",06:00,"12,5","1016,2",11,"1013,7",17
2024-06-17,C619Y,LA ALDEA DE SAN NICOLÁS,LAS PALMAS,13,"23,0","0,0","19,7",06:00,"26,4",13:00,04,"6,7","21,1",20:50,"12,4","1016,4",23,"1014,0",03
2024-06-18,C619Y,LA ALDEA DE SAN NICOLÁS,LAS PALMAS,13,"23,5","0,0","20,0",06:20,"27,0",16:00,05,"7,8","23,9",19:30,"12,7","1018,8",23,"1014,7",04
2024-06-19,C619Y,LA ALDEA DE SAN NICOLÁS,LAS PALMAS,13,"23,8","0,0","20,9",06:00,"26,6",15:40,07,"7,8","26,1",14:20,"12,5","1021,7",23,"1017,0",02
2024-06-20,C619Y,LA ALDEA DE SAN NICOLÁS,LAS PALMAS,13,"23,4","0,0","20,1",04:20,"26,8",12:50,09,"7,2","25,8",14:20,"12,6","1020,8",00,"1016,8",17
2024-06-21,C619Y,LA ALDEA DE SAN NICOLÁS,LAS PALMAS,13,"23,4","0,0","20,2",03:00,"26,6",14:20,07,"7,5","27,2",11:00,"12,3","1019,6",23,"1017,0",17
2024-06-22,C619Y,LA ALDEA DE SAN NICOLÁS,LAS PALMAS,13,"23,2","0,0","20,5",Varias,"25,9",15:50,07,"8,9","26,4",04:10,"12,4","1018,9",00,"1015,1",19
2024-06-23,C619Y,LA ALDEA DE SAN NICOLÁS,LAS PALMAS,13,"22,8","0,0","20,3",Varias,"25,4",13:00,03,"6,9","22,8",18:40,"12,4","1016,4",00,"1012,9",Varias
2024-06-24,C619Y,LA ALDEA DE SAN NICOLÁS,LAS PALMAS,13,"23,4","0,0","20,3",06:20,"26,4",14:50,04,"7,5","21,4",11:50,"12,3","1014,8",23,"1012,1",05
2024-06-25,C619Y,LA ALDEA DE SAN NICOLÁS,LAS PALMAS,13,"23,7","0,0","20,6",06:00,"26,8",14:50,05,"7,5","23,3",19:30,"10,3","1015,5",23,"1013,0",03
2024-06-26,C619Y,LA ALDEA DE SAN NICOLÁS,LAS PALMAS,13,"24,4","0,0","20,4",04:00,"28,4",11:00,09,"8,1","23,1",13:20,"10,8","1016,7",24,"1013,8",03
2024-06-27,C619Y,LA ALDEA DE SAN NICOLÁS,LAS PALMAS,13,"23,4","0,0","19,3",07:00,"27,6",14:10,05,"5,6","23,3",15:40,,"1017,5",22,"1014,9",04
2024-06-28,C619Y,LA ALDEA DE SAN NICOLÁS,LAS PALMAS,13,"23,6","0,0","20,6",06:00,"26,5",11:50,06,"6,1","21,1",19:20,"12,2","1019,2",23,"1015,6",04
2024-06-29,C619Y,LA ALDEA DE SAN NICOLÁS,LAS PALMAS,13,"22,4","0,0","19,6",06:30,"25,2",13:40,04,"8,6","21,4",19:20,"12,6","1018,9",00,"1015,7",18
2024-06-30,C619Y,LA ALDEA DE SAN NICOLÁS,LAS PALMAS,13,"22,2","0,0","20,0",02:50,"24,3",16:00,03,"10,0","23,6",19:00,"12,3","1017,5",00,"1015,1",Varias
2024-07-01,C619Y,LA ALDEA DE SAN NICOLÁS,LAS PALMAS,13,"21,2","0,0","17,4",05:40,"25,0",14:30,03,"9,2","25,6",16:20,"12,7","1017,4",00,"1015,3",17
2024-07-02,C619Y,LA ALDEA DE SAN NICOLÁS,LAS PALMAS,13,"23,2","0,0","20,6",00:30,"25,7",14:00,06,"11,1","23,6",01:20,"11,9","1017,3",00,"1014,1",18
2024-07-03,C619Y,LA ALDEA DE SAN NICOLÁS,LAS PALMAS,13,"23,1","0,0","20,8",06:00,"25,4",13:20,05,"8,3","22,8",18:40,"11,7","1015,3",Varias,"1012,5",18
2024-07-04,C619Y,LA ALDEA DE SAN NICOLÁS,LAS PALMAS,13,"22,8","0,0","20,5",22:50,"25,2",15:00,04,"8,9","21,7",23:10,"12,0","1015,3",23,"1013,0",18
2024-07-05,C619Y,LA ALDEA DE SAN NICOLÁS,LAS PALMAS,13,"22,4","0,0","20,1",02:00,"24,6",13:50,04,"9,4","22,8",19:20,"12,4","1016,7",23,"1013,8",04
2024-07-06,C619Y,LA ALDEA DE SAN NICOLÁS,LAS PALMAS,13,"22,6","0,0","20,1",04:00,"25,2",14:00,04,"11,4","25,0",18:00,"12,3","1016,5",00,"1014,4",18
2024-07-07,C619Y,LA ALDEA DE SAN NICOLÁS,LAS PALMAS,13,"22,8","0,0","20,2",07:00,"25,4",15:00,02,"10,6","21,4",13:40,"12,5","1016,4",24,"1013,6",02
2024-07-08,C619Y,LA ALDEA DE SAN NICOLÁS,LAS PALMAS,13,"22,4","0,0","19,9",04:40,"24,9",13:30,36,"9,4","21,7",16:10,"12,8","1017,1",23,"1014,9",04
2024-07-09,C619Y,LA ALDEA DE SAN NICOLÁS,LAS PALMAS,13,"23,9","0,0","21,0",02:50,"26,8",15:10,08,"9,7","24,4",15:50,"12,5","1017,4",24,"1014,7",06
2024-07-10,C619Y,LA ALDEA DE SAN NICOLÁS,LAS PALMAS,13,"23,6","0,0","21,8",06:00,"25,3",13:00,03,"10,3","26,4",15:20,"12,5","1017,5",23,"1015,0",17
2024-07-11,C619Y,LA ALDEA DE SAN NICOLÁS,LAS PALMAS,13,"23,6","0,0","21,4",05:20,"25,7",15:00,04,"12,2","26,4",13:00,"11,5","1016,9",00,"1015,1",18
2024-07-12,C619Y,LA ALDEA DE SAN NICOLÁS,LAS PALMAS,13,"23,7","0,0","21,6",05:00,"25,8",12:40,04,"12,8","26,7",05:50,"10,7","1015,5",00,"1012,5",Varias
2024-07-13,C619Y,LA ALDEA DE SAN NICOLÁS,LAS PALMAS,13,"24,5","0,0","21,6",05:40,"27,4",13:10,36,"6,7","21,1",15:20,"10,4","1012,9",23,"1010,9",04
2024-07-14,C619Y,LA ALDEA DE SAN NICOLÁS,LAS PALMAS,13,"24,1","0,0","20,7",05:20,"27,5",12:30,02,"5,3","16,4",16:40,"11,2","1014,6",24,"1011,2",03
2024-07-15,C619Y,LA ALDEA DE SAN NICOLÁS,LAS PALMAS,13,"24,2","0,0","18,5",06:50,"29,9",14:00,01,"7,2","21,4",17:00,"11,8","1015,5",21,"1013,4",15
2024-07-16,C619Y,LA ALDEA DE SAN NICOLÁS,LAS PALMAS,13,"23,8","0,0","21,4",23:59,"26,1",13:50,35,"10,3","24,7",15:30,"11,7","1015,2",Varias,"1013,3",18
2024-07-17,C619Y,LA ALDEA DE SAN NICOLÁS,LAS PALMAS,13,"23,4","0,0","21,0",04:00,"25,8",15:30,04,"8,9","19,4",15:00,"11,7","1015,7",09,"1013,3",17
2024-07-18,C619Y,LA ALDEA DE SAN NICOLÁS,LAS PALMAS,13,"22,6","0,0","18,2",06:50,"26,9",13:40,01,"6,4","17,8",17:50,"11,5","1015,4",23,"1013,1",17
2024-07-19,C619Y,LA ALDEA DE SAN NICOLÁS,LAS PALMAS,13,"23,5","0,0","19,5",03:00,"27,5",10:20,04,"7,5","21,9",15:30,"11,1","1016,5",09,"1013,9",03
2024-07-20,C619Y,LA ALDEA DE SAN NICOLÁS,LAS PALMAS,13,"23,8","0,0","20,7",05:40,"27,0",14:30,35,"11,7","23,9",09:20,"11,9","1015,3",00,"1012,7",18
2024-07-21,C619Y,LA ALDEA DE SAN NICOLÁS,LAS PALMAS,13,"24,6","0,0","22,0",00:30,"27,2",15:40,04,"11,7","25,0",05:40,"12,4","1014,3",00,"1011,9",Varias
2024-07-22,C619Y,LA ALDEA DE SAN NICOLÁS,LAS PALMAS,13,"24,0","0,0","21,8",23:59,"26,2",16:00,05,"11,9","24,7",16:40,"12,4","1015,1",23,"1012,3",04
2024-07-23,C619Y,LA ALDEA DE SAN NICOLÁS,LAS PALMAS,13,"23,6",,"21,4",02:40,"25,9",16:00,04,"10,6","21,4",14:00,,,,,
2024-07-24,C619Y,LA ALDEA DE SAN NICOLÁS,LAS PALMAS,13,"25,4","0,0","20,7",04:00,"30,2",11:40,01,"8,1","18,3",17:20,"9,7","1016,9",10,"1012,9",17
2024-07-25,C619Y,LA ALDEA DE SAN NICOLÁS,LAS PALMAS,13,"25,8","0,0","22,9",05:50,"28,7",13:30,03,"8,1","20,0",18:50,"8,6","1014,4",00,"1010,3",Varias
2024-07-26,C619Y,LA ALDEA DE SAN NICOLÁS,LAS PALMAS,13,"24,4","0,0","22,1",23:59,"26,7",14:30,02,"9,4","18,6",03:50,"11,4","1012,3",23,"1009,8",05
2024-07-27,C619Y,LA ALDEA DE SAN NICOLÁS,LAS PALMAS,13,"22,6","0,0","18,4",06:40,"26,8",13:00,04,"7,8","20,3",14:30,"12,2","1015,1",23,"1011,4",04
2024-07-28,C619Y,LA ALDEA DE SAN NICOLÁS,LAS PALMAS,13,"25,2","0,0","21,5",05:00,"28,8",16:50,04,"7,5","19,2",05:30,"12,3","1015,1",Varias,"1013,5",18
2024-07-29,C619Y,LA ALDEA DE SAN NICOLÁS,LAS PALMAS,13,"26,0","0,0","22,8",01:00,"29,3",16:10,06,"5,3","15,0",22:50,"11,1","1014,0",00,"1012,3",18
2024-07-30,C619Y,LA ALDEA DE SAN NICOLÁS,LAS PALMAS,13,"24,8","0,0","21,8",06:50,"27,8",14:10,05,"5,6","17,2",23:50,"12,4","1014,9",23,"1012,3",05
2024-07-31,C619Y,LA ALDEA DE SAN NICOLÁS,LAS PALMAS,13,"25,4","0,0","22,3",04:00,"28,4",15:10,04,"8,9","21,7",14:50,"12,3",,,,
2024-08-01,C619Y,LA ALDEA DE SAN NICOLÁS,LAS PALMAS,13,"25,1","0,4","23,0",06:30,"27,2",13:00,04,"12,5","22,8",17:30,"11,8",,,,
2024-08-02,C619Y,LA ALDEA DE SAN NICOLÁS,LAS PALMAS,13,"25,0","0,0","22,8",02:10,"27,3",15:00,04,"11,4","22,8",17:50,"11,6",,,,
2024-08-03,C619Y,LA ALDEA DE SAN NICOLÁS,LAS PALMAS,13,"25,8","0,0","22,0",07:30,"29,6",13:20,01,"8,1","21,4",17:10,"11,9","1011,0",23,"1007,8",17
2024-08-04,C619Y,LA ALDEA DE SAN NICOLÁS,LAS PALMAS,13,"24,2","0,0","20,8",03:50,"27,5",14:20,02,"7,5","17,8",15:20,"11,3","1014,4",24,"1010,6",Varias
2024-08-05,C619Y,LA ALDEA DE SAN NICOLÁS,LAS PALMAS,13,"24,2","0,0","22,1",04:20,"26,2",14:10,36,"9,7","20,3",15:20,"11,3",,,,
2024-08-06,C619Y,LA ALDEA DE SAN NICOLÁS,LAS PALMAS,13,"25,0","0,0","22,6",00:50,"27,3",13:20,04,"11,1","22,8",10:40,"11,4",,,,
2024-08-07,C619Y,LA ALDEA DE SAN NICOLÁS,LAS PALMAS,13,"25,4","0,0","22,8",05:00,"27,9",13:50,06,"8,9","21,7",08:40,"11,8",,,,
2024-08-08,C619Y,LA ALDEA DE SAN NICOLÁS,LAS PALMAS,13,"24,4","0,0","21,6",07:10,"27,3",14:00,04,"8,9","21,4",14:00,"11,7",,,,
2024-08-09,C619Y,LA ALDEA DE SAN NICOLÁS,LAS PALMAS,13,"24,7","0,2","22,3",06:00,"27,1",14:00,03,"10,3","21,1",18:00,"11,4",,,,
2024-08-10,C619Y,LA ALDEA DE SAN NICOLÁS,LAS PALMAS,13,"24,2","0,0","22,1",06:40,"26,4",13:50,03,"10,3","20,0",12:00,"11,3","1014,0",00,"1010,8",Varias
2024-08-11,C619Y,LA ALDEA DE SAN NICOLÁS,LAS PALMAS,13,"24,0","0,0","20,9",05:40,"27,2",13:40,02,"8,3","19,4",18:30,"11,7",,,,
2024-08-12,C619Y,LA ALDEA DE SAN NICOLÁS,LAS PALMAS,13,"23,7","0,0","20,4",06:00,"27,0",13:50,03,"8,9","21,4",19:00,"11,3","1012,9",23,"1011,1",Varias
2024-08-13,C619Y,LA ALDEA DE SAN NICOLÁS,LAS PALMAS,13,"24,8","0,0","22,1",07:20,"27,5",12:40,04,"8,3","21,7",13:40,"11,3",,,,
2024-08-14,C619Y,LA ALDEA DE SAN NICOLÁS,LAS PALMAS,13,"24,8","0,6","21,5",03:20,"28,0",14:40,04,"13,3","25,3",12:30,"12,1",,,,
2024-08-15,C619Y,LA ALDEA DE SAN NICOLÁS,LAS PALMAS,13,"25,0","0,0","22,7",Varias,"27,3",12:50,09,"8,6","25,8",00:20,"11,9",,,,
2024-08-16,C619Y,LA ALDEA DE SAN NICOLÁS,LAS PALMAS,13,"24,0","0,0","20,3",05:50,"27,6",14:00,36,"8,1","19,2",23:59,"11,7","1012,3",12,"1010,6",04
2024-08-17,C619Y,LA ALDEA DE SAN NICOLÁS,LAS PALMAS,13,"25,2","0,0","22,9",02:50,"27,6",13:40,35,"11,7","20,6",18:20,"11,8",,,,
2024-08-18,C619Y,LA ALDEA DE SAN NICOLÁS,LAS PALMAS,13,"25,2","0,0","23,2",05:00,"27,3",16:40,01,"11,4","21,9",00:30,"11,0","1011,8",11,"1009,1",19
2024-08-19,C619Y,LA ALDEA DE SAN NICOLÁS,LAS PALMAS,13,"25,0","0,0","22,9",05:00,"27,1",10:40,01,"3,6","17,2",00:20,"0,0","1012,4",11,"1009,7",06
2024-08-20,C619Y,LA ALDEA DE SAN NICOLÁS,LAS PALMAS,13,"27,2","0,0","23,7",01:50,"30,6",12:40,01,"4,4","19,2",23:20,"2,0","1012,7",24,"1009,9",05
2024-08-21,C619Y,LA ALDEA DE SAN NICOLÁS,LAS PALMAS,13,"26,4","0,0","21,6",07:10,"31,3",12:50,02,"4,2","18,3",14:00,"11,6","1013,9",23,"1010,7",Varias
2024-08-22,C619Y,LA ALDEA DE SAN NICOLÁS,LAS PALMAS,13,"25,2","0,0","21,3",07:00,"29,1",13:50,04,"6,9","21,4",20:30,"11,6","1016,0",24,"1013,2",03
2024-08-23,C619Y,LA ALDEA DE SAN NICOLÁS,LAS PALMAS,13,"25,1","0,0","22,4",03:10,"27,8",14:50,06,"10,8","23,6",16:00,"11,9",,,,
2024-08-24,C619Y,LA ALDEA DE SAN NICOLÁS,LAS PALMAS,13,"26,8","0,4","22,9",02:50,"30,6",14:30,07,"9,2","22,8",17:50,"9,4",,,,
2024-08-25,C619Y,LA ALDEA DE SAN NICOLÁS,LAS PALMAS,13,"25,6","0,0","23,4",06:40,"27,8",12:30,06,"8,6","22,2",06:20,"11,3","1015,7",11,"1013,2",19
2024-08-26,C619Y,LA ALDEA DE SAN NICOLÁS,LAS PALMAS,13,"25,3","0,0","20,5",07:00,"30,1",13:20,03,"4,7","16,4",01:20,"10,2","1014,6",11,"1012,1",17
2024-08-27,C619Y,LA ALDEA DE SAN NICOLÁS,LAS PALMAS,13,"24,3","0,0","21,0",07:00,"27,6",13:30,01,"5,8","17,8",19:00,"10,6","1015,7",11,"1012,5",04
2024-08-28,C619Y,LA ALDEA DE SAN NICOLÁS,LAS PALMAS,13,"25,5","0,0","22,6",06:20,"28,4",13:40,06,"8,3","20,3",18:30,"11,4",,,,
2024-08-29,C619Y,LA ALDEA DE SAN NICOLÁS,LAS PALMAS,13,"25,7","0,0","22,4",04:00,"29,0",14:10,06,"8,3","23,3",12:30,"11,8",,,,
2024-08-30,C619Y,LA ALDEA DE SAN NICOLÁS,LAS PALMAS,13,"26,2","0,0","22,9",23:59,"29,6",14:10,06,"5,3","18,9",19:10,"11,7","1014,2",00,"1011,8",19
2024-08-31,C619Y,LA ALDEA DE SAN NICOLÁS,LAS PALMAS,13,"25,6","0,0","22,3",05:10,"28,9",14:10,07,"6,7","18,3",12:30,"11,7","1015,0",23,"1012,4",03
2024-09-01,C619Y,LA ALDEA DE SAN NICOLÁS,LAS PALMAS,13,"23,9","0,0","19,4",07:00,"28,4",12:30,10,"5,8","20,6",17:10,"11,7",,,,
2024-09-02,C619Y,LA ALDEA DE SAN NICOLÁS,LAS PALMAS,13,"25,7","0,0","22,3",05:40,"29,1",13:10,06,"7,5","25,3",14:40,,,,,
2024-09-03,C619Y,LA ALDEA DE SAN NICOLÁS,LAS PALMAS,13,"24,4",,"20,5",07:30,"28,3",13:50,05,"8,9","23,3",15:40,,,,,
2024-09-04,C619Y,LA ALDEA DE SAN NICOLÁS,LAS PALMAS,13,"24,5","0,0","21,4",05:30,"27,6",16:00,06,"9,7","26,7",15:10,"10,6",,,,
2024-09-05,C619Y,LA ALDEA DE SAN NICOLÁS,LAS PALMAS,13,"25,3","0,0","22,3",03:30,"28,3",15:20,07,"5,6","21,7",13:00,"11,4","1012,5",00,"1007,7",17
2024-09-06,C619Y,LA ALDEA DE SAN NICOLÁS,LAS PALMAS,13,"25,5","0,0","22,1",07:00,"28,9",15:30,06,"4,7","19,4",11:30,"11,3","1009,5",23,"1006,5",17
2024-09-07,C619Y,LA ALDEA DE SAN NICOLÁS,LAS PALMAS,13,"24,0","0,0","19,7",04:40,"28,4",13:20,09,"3,9","14,2",18:00,"11,6","1013,1",23,"1008,1",05
2024-09-08,C619Y,LA ALDEA DE SAN NICOLÁS,LAS PALMAS,13,"24,4","0,0","19,7",07:10,"29,2",14:00,06,"4,2","17,2",17:20,"11,6","1017,6",22,"1012,8",01
2024-09-09,C619Y,LA ALDEA DE SAN NICOLÁS,LAS PALMAS,13,"23,0","0,0","18,0",06:00,"28,0",13:00,03,"6,1","17,5",15:10,"11,4","1018,1",11,"1015,9",18
2024-09-10,C619Y,LA ALDEA DE SAN NICOLÁS,LAS PALMAS,13,"25,0","0,0","21,0",01:30,"29,0",13:20,03,"7,2","20,3",23:00,"11,3","1018,6",10,"1015,9",04
2024-09-11,C619Y,LA ALDEA DE SAN NICOLÁS,LAS PALMAS,13,"26,1","0,2","22,5",23:59,"29,7",15:00,09,"10,0","24,2",12:10,"11,4",,,,
2024-09-12,C619Y,LA ALDEA DE SAN NICOLÁS,LAS PALMAS,13,"26,2",,"22,4",03:30,"30,1",14:20,10,"9,4","21,9",10:50,,,,,
2024-09-13,C619Y,LA ALDEA DE SAN NICOLÁS,LAS PALMAS,13,"24,2","0,0","22,4",05:00,"26,1",14:00,04,"9,4","21,9",13:50,"10,5","1015,4",00,"1011,3",16
2024-09-14,C619Y,LA ALDEA DE SAN NICOLÁS,LAS PALMAS,13,"24,1","0,0","21,8",06:30,"26,4",14:00,05,"7,8","17,8",16:00,"10,4","1015,3",23,"1012,3",05
2024-09-15,C619Y,LA ALDEA DE SAN NICOLÁS,LAS PALMAS,13,"24,2","0,0","21,5",07:50,"26,9",13:40,02,"6,9","15,0",17:40,"10,7","1015,4",22,"1013,4",18
2024-09-16,C619Y,LA ALDEA DE SAN NICOLÁS,LAS PALMAS,13,"25,0","0,0","21,5",07:00,"28,6",12:10,04,"5,6","13,3",03:40,"8,3","1015,1",11,"1012,5",18
2024-09-17,C619Y,LA ALDEA DE SAN NICOLÁS,LAS PALMAS,13,"23,6","0,0","20,3",07:20,"26,9",09:40,07,"4,2","11,9",00:20,"6,6","1013,1",01,"1010,4",17
2024-09-18,C619Y,LA ALDEA DE SAN NICOLÁS,LAS PALMAS,13,"23,0","0,0","17,6",07:30,"28,3",15:50,06,"2,8","12,5",00:30,"10,5","1012,4",10,"1010,2",05
2024-09-19,C619Y,LA ALDEA DE SAN NICOLÁS,LAS PALMAS,13,"22,3","0,0","17,9",06:40,"26,7",13:40,27,"3,1","8,6",12:30,"4,1","1012,7",10,"1010,1",04
2024-09-20,C619Y,LA ALDEA DE SAN NICOLÁS,LAS PALMAS,13,"23,2","0,0","17,6",06:50,"28,8",14:30,01,"3,6","10,3",16:10,"10,2","1013,9",23,"1010,9",05
2024-09-21,C619Y,LA ALDEA DE SAN NICOLÁS,LAS PALMAS,13,"22,5","0,0","17,3",07:00,"27,7",15:00,06,"4,2","13,6",23:40,"11,2","1014,9",23,"1012,3",15
2024-09-22,C619Y,LA ALDEA DE SAN NICOLÁS,LAS PALMAS,13,"23,0","0,0","18,1",07:10,"27,9",13:00,05,"5,8","19,4",18:50,"11,2","1016,3",23,"1013,3",05
2024-09-23,C619Y,LA ALDEA DE SAN NICOLÁS,LAS PALMAS,13,"22,8","0,0","18,4",06:40,"27,2",11:50,05,"6,9","17,8",20:50,"11,2","1016,9",22,"1014,5",04
2024-09-24,C619Y,LA ALDEA DE SAN NICOLÁS,LAS PALMAS,13,"22,8","0,0","17,1",07:20,"28,4",13:00,05,"5,6","18,3",18:20,"11,1","1017,3",10,"1014,8",16
2024-09-25,C619Y,LA ALDEA DE SAN NICOLÁS,LAS PALMAS,13,"23,0","0,0","17,7",06:40,"28,2",13:30,36,"5,3","17,8",15:20,"11,1","1017,8",12,"1015,0",15
2024-09-26,C619Y,LA ALDEA DE SAN NICOLÁS,LAS PALMAS,13,"23,2","0,0","18,2",07:10,"28,1",15:30,03,"6,1","15,3",17:10,"11,1","1019,3",Varias,"1016,6",02
2024-09-27,C619Y,LA ALDEA DE SAN NICOLÁS,LAS PALMAS,13,"23,2","0,0","18,4",06:40,"27,9",15:00,04,"7,5","18,3",18:40,"11,0","1019,1",11,"1016,8",17
2024-09-28,C619Y,LA ALDEA DE SAN NICOLÁS,LAS PALMAS,13,"23,8","0,0","20,0",02:50,"27,7",12:00,01,"9,2","17,8",14:10,"11,0","1017,8",00,"1014,9",17
2024-09-29,C619Y,LA ALDEA DE SAN NICOLÁS,LAS PALMAS,13,"24,2","0,0","21,1",06:20,"27,4",12:40,06,"6,4","17,8",20:10,"11,0","1018,6",10,"1016,2",19
2024-09-30,C619Y,LA ALDEA DE SAN NICOLÁS,LAS PALMAS,13,"24,3","0,0","21,5",06:00,"27,1",15:00,05,"6,9","19,7",17:00,"10,8","1017,8",10,"1014,7",17
2024-10-01,C619Y,LA ALDEA DE SAN NICOLÁS,LAS PALMAS,13,"24,7","0,2","22,2",05:00,"27,2",15:00,04,"9,2","20,8",13:50,"10,9",,,,
2024-10-02,C619Y,LA ALDEA DE SAN NICOLÁS,LAS PALMAS,13,"24,4","0,0","22,4",03:40,"26,4",12:10,05,"9,2","21,1",11:00,"10,9",,,,
2024-10-03,C619Y,LA ALDEA DE SAN NICOLÁS,LAS PALMAS,13,"24,4","0,0","17,7",07:20,"31,0",14:30,03,"4,2","14,7",00:10,"10,8","1014,6",23,"1011,6",14
2024-10-04,C619Y,LA ALDEA DE SAN NICOLÁS,LAS PALMAS,13,"24,9","0,0","20,4",07:00,"29,4",14:20,03,"3,3","14,7",22:30,"10,7","1015,9",22,"1012,6",05
2024-10-05,C619Y,LA ALDEA DE SAN NICOLÁS,LAS PALMAS,13,"24,4","0,0","20,2",07:00,"28,7",14:20,01,"4,7","13,3",16:30,"10,4","1016,0",11,"1013,2",17
2024-10-06,C619Y,LA ALDEA DE SAN NICOLÁS,LAS PALMAS,13,"22,6","0,0","18,5",07:30,"26,7",14:00,06,"3,3","11,1",22:30,"10,7","1015,9",11,"1012,6",Varias
2024-10-07,C619Y,LA ALDEA DE SAN NICOLÁS,LAS PALMAS,13,"23,9","0,0","19,8",07:40,"28,0",14:00,06,"2,8","10,6",03:20,"10,7","1015,2",Varias,"1012,1",04
2024-10-08,C619Y,LA ALDEA DE SAN NICOLÁS,LAS PALMAS,13,"25,0","0,0","22,4",05:20,"27,6",13:00,04,"5,0","11,4",15:00,"9,5","1017,5",Varias,"1014,0",Varias
2024-10-09,C619Y,LA ALDEA DE SAN NICOLÁS,LAS PALMAS,13,"23,5","0,0","19,7",05:20,"27,3",11:00,01,"4,7","12,8",16:50,"10,6","1018,4",Varias,"1015,8",03
2024-10-10,C619Y,LA ALDEA DE SAN NICOLÁS,LAS PALMAS,13,"23,4","0,0","19,3",07:00,"27,4",14:00,04,"3,3","11,4",00:50,"10,7","1017,1",00,"1014,1",17
2024-10-11,C619Y,LA ALDEA DE SAN NICOLÁS,LAS PALMAS,13,"22,6","0,0","18,4",07:00,"26,7",13:30,26,"4,2","12,2",15:50,"9,9","1016,0",11,"1013,3",Varias
2024-10-12,C619Y,LA ALDEA DE SAN NICOLÁS,LAS PALMAS,13,"23,9","0,0","19,2",04:50,"28,6",12:50,06,"4,2","12,2",21:20,"4,0","1016,1",23,"1012,6",17
2024-10-13,C619Y,LA ALDEA DE SAN NICOLÁS,LAS PALMAS,13,"26,2","0,0","23,0",03:00,"29,3",14:40,07,"3,9","12,5",17:40,"8,1","1016,0",10,"1013,4",05
2024-10-14,C619Y,LA ALDEA DE SAN NICOLÁS,LAS PALMAS,13,"24,2","0,0","20,9",07:20,"27,6",14:30,26,"4,4","11,7",14:50,"8,9","1015,0",00,"1012,3",15
2024-10-15,C619Y,LA ALDEA DE SAN NICOLÁS,LAS PALMAS,13,"24,7","1,4","20,9",00:30,"28,5",14:00,27,"3,1","12,2",14:10,"7,8","1012,7",11,"1010,6",15
2024-10-16,C619Y,LA ALDEA DE SAN NICOLÁS,LAS PALMAS,13,"26,1","0,2","22,6",07:00,"29,6",14:20,99,"3,1","13,3",21:50,"6,9","1019,1",23,"1012,0",05
2024-10-17,C619Y,LA ALDEA DE SAN NICOLÁS,LAS PALMAS,13,"25,0","0,0","22,4",06:30,"27,7",15:40,03,"8,3","17,8",16:40,"9,0","1021,8",21,"1018,3",04
2024-10-18,C619Y,LA ALDEA DE SAN NICOLÁS,LAS PALMAS,13,"22,7","0,0","18,4",07:10,"27,0",14:00,04,"5,6","18,9",15:00,"10,3","1022,5",10,"1019,2",17
2024-10-19,C619Y,LA ALDEA DE SAN NICOLÁS,LAS PALMAS,13,"21,2","0,0","16,5",07:20,"26,0",15:30,06,"5,0","18,3",10:50,"10,4","1019,8",11,"1016,5",Varias
2024-10-20,C619Y,LA ALDEA DE SAN NICOLÁS,LAS PALMAS,13,"21,3","0,0","15,2",07:00,"27,4",15:00,01,"5,8","14,2",17:40,"10,1","1020,1",23,"1016,9",05
2024-10-21,C619Y,LA ALDEA DE SAN NICOLÁS,LAS PALMAS,13,"23,6","0,0","20,3",04:20,"26,9",12:30,06,"10,0","19,2",13:30,"3,8","1020,8",11,"1017,9",05
2024-10-22,C619Y,LA ALDEA DE SAN NICOLÁS,LAS PALMAS,13,"24,2","0,0","21,6",05:30,"26,9",13:00,08,"9,4","21,1",17:40,"10,1",,,,
2024-10-23,C619Y,LA ALDEA DE SAN NICOLÁS,LAS PALMAS,13,"22,7","0,0","17,9",05:30,"27,5",13:30,02,"6,4","13,3",20:20,"10,2","1017,1",00,"1014,5",16
2024-10-24,C619Y,LA ALDEA DE SAN NICOLÁS,LAS PALMAS,13,"21,6","0,0","16,4",07:30,"26,7",14:20,02,"6,4","14,7",13:50,"10,1","1020,0",22,"1016,1",03
2024-10-25,C619Y,LA ALDEA DE SAN NICOLÁS,LAS PALMAS,13,"22,8","0,0","18,5",02:50,"27,1",11:40,07,"5,0","18,9",20:30,"10,2","1021,8",22,"1018,8",03
2024-10-26,C619Y,LA ALDEA DE SAN NICOLÁS,LAS PALMAS,13,"23,8","1,8","20,6",02:30,"27,1",13:30,10,"6,7","20,6",16:30,"7,9",,,,
2024-10-27,C619Y,LA ALDEA DE SAN NICOLÁS,LAS PALMAS,13,"22,8","2,8","19,1",06:30,"26,4",13:20,10,"7,5","18,1",12:40,"3,2","1021,4",00,"1016,4",17
2024-10-28,C619Y,LA ALDEA DE SAN NICOLÁS,LAS PALMAS,13,"22,6","0,6","19,3",03:00,"25,8",14:40,13,"5,3","16,7",13:50,"6,5","1016,9",00,"1013,8",16
2024-10-29,C619Y,LA ALDEA DE SAN NICOLÁS,LAS PALMAS,13,"20,6","4,6","16,0",22:50,"25,1",13:50,07,"3,1","12,8",16:10,"7,2","1016,9",09,"1014,1",16
2024-10-30,C619Y,LA ALDEA DE SAN NICOLÁS,LAS PALMAS,13,"19,9","0,0","14,4",07:20,"25,4",15:00,02,"3,3","8,3",12:30,"10,2","1017,7",10,"1014,9",18
2024-10-31,C619Y,LA ALDEA DE SAN NICOLÁS,LAS PALMAS,13,"19,1","0,0","13,5",05:50,"24,7",14:40,27,"3,1","6,9",14:30,"9,6","1018,3",23,"1016,1",Varias
2024-11-01,C619Y,LA ALDEA DE SAN NICOLÁS,LAS PALMAS,13,"20,6","0,0","15,6",00:50,"25,6",13:00,06,"3,3","11,7",15:10,"8,3","1017,7",00,"1015,0",15
2024-11-02,C619Y,LA ALDEA DE SAN NICOLÁS,LAS PALMAS,13,"21,0","0,0","16,2",07:00,"25,7",16:00,04,"4,2","9,2",18:00,"8,7","1016,1",00,"1011,8",17
2024-11-03,C619Y,LA ALDEA DE SAN NICOLÁS,LAS PALMAS,13,"20,8","0,0","15,2",07:30,"26,3",14:00,25,"3,9","10,3",13:50,"8,4","1014,4",23,"1011,4",17
2024-11-04,C619Y,LA ALDEA DE SAN NICOLÁS,LAS PALMAS,13,"21,6","0,0","17,1",07:20,"26,1",12:40,03,"3,1","7,5",18:00,"8,3","1016,7",Varias,"1013,5",04
2024-11-05,C619Y,LA ALDEA DE SAN NICOLÁS,LAS PALMAS,13,"20,8","0,0","15,1",07:50,"26,6",12:20,03,"5,0","12,2",16:10,"10,0","1017,8",10,"1014,9",16
2024-11-06,C619Y,LA ALDEA DE SAN NICOLÁS,LAS PALMAS,13,"22,0","0,0","15,7",07:40,"28,2",16:30,01,"3,6","8,9",11:40,"9,4","1015,7",10,"1013,1",16
2024-11-07,C619Y,LA ALDEA DE SAN NICOLÁS,LAS PALMAS,13,"22,0","0,0","16,4",05:20,"27,5",12:50,03,"3,3","13,1",13:50,"5,2","1015,7",10,"1013,1",15
2024-11-08,C619Y,LA ALDEA DE SAN NICOLÁS,LAS PALMAS,13,"27,6","0,0","18,0",Varias,"37,1",14:50,12,"4,2","9,2",14:10,"2,7","1017,3",22,"1013,8",03
2024-11-09,C619Y,LA ALDEA DE SAN NICOLÁS,LAS PALMAS,13,"24,2","0,0","17,5",07:50,"30,8",16:50,27,"2,8","7,5",13:30,"9,7","1018,4",24,"1015,8",Varias
2024-11-10,C619Y,LA ALDEA DE SAN NICOLÁS,LAS PALMAS,13,"24,0","0,0","15,2",07:20,"32,8",12:40,09,"2,2","8,1",22:00,"9,7","1018,8",11,"1016,9",Varias
2024-11-11,C619Y,LA ALDEA DE SAN NICOLÁS,LAS PALMAS,13,"22,8","0,0","17,1",08:00,"28,4",14:40,01,"5,0","16,1",22:50,"9,7","1017,9",10,"1015,3",16
2024-11-12,C619Y,LA ALDEA DE SAN NICOLÁS,LAS PALMAS,13,"24,0","0,0","21,0",06:00,"27,1",15:00,06,"6,7","16,4",08:30,"9,3","1017,5",00,"1014,4",16
2024-11-13,C619Y,LA ALDEA DE SAN NICOLÁS,LAS PALMAS,13,"22,4","0,4","18,6",08:00,"26,2",12:40,02,"3,1","12,5",14:20,"7,8","1015,5",Varias,"1012,9",16
2024-11-14,C619Y,LA ALDEA DE SAN NICOLÁS,LAS PALMAS,13,"20,8","0,0","16,9",02:30,"24,7",13:50,22,"3,1","8,1",16:40,"8,8","1013,9",00,"1010,2",18
2024-11-15,C619Y,LA ALDEA DE SAN NICOLÁS,LAS PALMAS,13,"21,0","0,0","16,7",06:50,"25,2",13:40,27,"3,3","8,9",Varias,"8,0","1011,7",11,"1008,7",16
2024-11-16,C619Y,LA ALDEA DE SAN NICOLÁS,LAS PALMAS,13,"20,9","0,0","15,9",01:50,"25,9",12:20,22,"3,9","11,1",15:00,"7,9","1011,4",23,"1009,0",15
2024-11-17,C619Y,LA ALDEA DE SAN NICOLÁS,LAS PALMAS,13,"23,2","4,2","19,2",06:00,"27,1",15:00,25,"2,8","9,2",13:30,"6,2","1013,1",11,"1009,9",Varias
2024-11-18,C619Y,LA ALDEA DE SAN NICOLÁS,LAS PALMAS,13,"22,6","0,2","18,1",23:59,"27,1",13:40,27,"3,6","10,3",14:40,"8,2","1015,4",23,"1011,3",06
2024-11-19,C619Y,LA ALDEA DE SAN NICOLÁS,LAS PALMAS,13,"20,4","0,0","15,0",06:50,"25,9",17:20,29,"3,6","8,3",13:30,"8,1","1017,1",Varias,"1014,0",Varias
2024-11-20,C619Y,LA ALDEA DE SAN NICOLÁS,LAS PALMAS,13,"25,0","0,0","18,0",02:00,"31,9",15:10,16,"1,9","13,9",09:20,"2,0","1019,8",23,"1015,4",05
2024-11-21,C619Y,LA ALDEA DE SAN NICOLÁS,LAS PALMAS,13,"25,4","0,0","18,7",06:50,"32,1",14:00,03,"3,9","9,7",17:30,"5,5","1018,3",01,"1014,9",14
2024-11-22,C619Y,LA ALDEA DE SAN NICOLÁS,LAS PALMAS,13,"24,1","0,0","16,1",07:40,"32,1",15:40,24,"3,9","8,1",18:00,"9,2","1015,0",00,"1011,1",16
2024-11-23,C619Y,LA ALDEA DE SAN NICOLÁS,LAS PALMAS,13,"23,8","0,0","14,1",06:40,"33,5",14:50,26,"3,6","12,2",16:10,"5,2","1012,4",00,"1009,0",15
2024-11-24,C619Y,LA ALDEA DE SAN NICOLÁS,LAS PALMAS,13,"24,7","0,0","21,7",23:30,"27,7",12:40,24,"5,3","14,7",05:30,"5,0","1016,6",23,"1009,9",04
2024-11-25,C619Y,LA ALDEA DE SAN NICOLÁS,LAS PALMAS,13,"21,8","0,0","17,3",07:50,"26,2",14:50,24,"3,1","7,5",14:30,"7,8","1018,8",Varias,"1015,7",02
2024-11-26,C619Y,LA ALDEA DE SAN NICOLÁS,LAS PALMAS,13,"21,6","0,0","17,4",23:59,"25,9",17:00,02,"1,9","9,4",15:40,"2,5","1018,6",10,"1015,3",Varias
2024-11-27,C619Y,LA ALDEA DE SAN NICOLÁS,LAS PALMAS,13,"23,2","0,0","15,3",05:50,"31,0",14:20,15,"4,2","14,7",15:10,"0,5","1016,7",00,"1013,4",15
2024-11-28,C619Y,LA ALDEA DE SAN NICOLÁS,LAS PALMAS,13,"26,4","0,0","17,5",05:40,"35,3",15:50,15,"3,1","10,6",10:30,"7,8","1019,3",23,"1014,8",05
2024-11-29,C619Y,LA ALDEA DE SAN NICOLÁS,LAS PALMAS,13,"22,0","0,0","15,0",05:50,"29,0",13:20,24,"2,8","7,2",15:00,"8,7","1020,3",10,"1017,4",16
2024-11-30,C619Y,LA ALDEA DE SAN NICOLÁS,LAS PALMAS,13,"24,2","0,0","16,3",03:40,"32,2",12:50,22,"3,9","12,2",09:40,"1,4","1020,6",11,"1018,2",06
2024-12-01,C619Y,LA ALDEA DE SAN NICOLÁS,LAS PALMAS,13,"21,4","0,0","15,1",07:10,"27,8",13:00,28,"3,3","9,2",14:30,"9,1","1020,2",11,"1017,0",15
2024-12-02,C619Y,LA ALDEA DE SAN NICOLÁS,LAS PALMAS,13,"20,4","0,0","13,4",08:10,"27,4",11:40,99,"2,8","8,3",15:50,"8,0","1020,3",24,"1017,2",16
2024-12-03,C619Y,LA ALDEA DE SAN NICOLÁS,LAS PALMAS,13,"19,3","0,0","13,5",03:30,"25,1",11:50,02,"7,2","19,4",13:10,"9,1","1023,5",23,"1019,8",Varias
2024-12-04,C619Y,LA ALDEA DE SAN NICOLÁS,LAS PALMAS,13,"22,7","0,0","20,1",23:59,"25,3",14:40,03,"7,8","18,3",15:50,"9,0","1023,7",23,"1020,2",16
2024-12-05,C619Y,LA ALDEA DE SAN NICOLÁS,LAS PALMAS,13,"20,4","0,0","15,0",04:50,"25,9",11:40,27,"3,6","9,7",16:20,"7,9","1025,0",23,"1021,7",06
2024-12-06,C619Y,LA ALDEA DE SAN NICOLÁS,LAS PALMAS,13,"20,6","0,0","16,7",06:30,"24,4",13:20,04,"3,6","11,9",15:20,"1,4","1024,9",Varias,"1021,8",15
2024-12-07,C619Y,LA ALDEA DE SAN NICOLÁS,LAS PALMAS,13,"20,8","0,0","15,1",23:59,"26,4",14:40,24,"1,4","9,2",14:20,"3,0","1024,5",10,"1021,9",Varias
2024-12-08,C619Y,LA ALDEA DE SAN NICOLÁS,LAS PALMAS,13,"18,4","0,0","12,5",07:00,"24,4",14:10,08,"5,6","16,9",15:50,"8,8","1023,4",11,"1018,7",17
2024-12-09,C619Y,LA ALDEA DE SAN NICOLÁS,LAS PALMAS,13,"21,5","0,0","19,1",18:30,"23,9",14:30,08,"8,1","17,8",04:40,"6,1","1020,1",00,"1016,3",16
2024-12-10,C619Y,LA ALDEA DE SAN NICOLÁS,LAS PALMAS,13,"21,0","1,0","17,5",20:20,"24,4",13:20,08,"5,8","16,4",14:10,"5,4","1018,8",10,"1015,9",15
2024-12-11,C619Y,LA ALDEA DE SAN NICOLÁS,LAS PALMAS,13,"19,3","0,8","16,1",06:20,"22,5",14:20,08,"5,3","14,7",07:20,"2,4","1019,0",11,"1016,5",15
2024-12-12,C619Y,LA ALDEA DE SAN NICOLÁS,LAS PALMAS,13,"18,9","0,0","13,8",08:00,"24,0",14:30,03,"2,2","8,3",13:30,"8,9","1018,9",Varias,"1016,1",Varias
2024-12-13,C619Y,LA ALDEA DE SAN NICOLÁS,LAS PALMAS,13,"17,5","0,0","12,9",07:40,"22,1",13:00,99,"2,8","5,3",Varias,"5,2","1019,8",10,"1016,8",15
2024-12-14,C619Y,LA ALDEA DE SAN NICOLÁS,LAS PALMAS,13,"19,2","4,6","13,0",08:20,"25,4",15:10,26,"2,8","8,9",20:40,"8,1","1019,8",24,"1015,1",17
2024-12-15,C619Y,LA ALDEA DE SAN NICOLÁS,LAS PALMAS,13,"19,4","3,0","17,0",03:50,"21,9",00:10,03,"2,5","8,3",02:30,"0,1","1023,2",12,"1017,3",05
2024-12-16,C619Y,LA ALDEA DE SAN NICOLÁS,LAS PALMAS,13,"23,6","0,0","16,7",04:50,"30,6",15:30,17,"2,2","9,7",15:10,"5,6","1023,7",23,"1019,4",16
2024-12-17,C619Y,LA ALDEA DE SAN NICOLÁS,LAS PALMAS,13,"19,8","0,0","14,9",07:50,"24,7",13:00,30,"2,8","5,8",11:30,"8,6","1026,9",23,"1023,3",02
2024-12-18,C619Y,LA ALDEA DE SAN NICOLÁS,LAS PALMAS,13,"18,1","0,0","13,1",23:59,"23,1",16:00,30,"3,3","6,7",13:40,"8,8","1028,1",11,"1025,3",Varias
2024-12-19,C619Y,LA ALDEA DE SAN NICOLÁS,LAS PALMAS,13,"16,8","0,0","10,3",07:20,"23,3",14:30,25,"3,1","6,9",13:10,"8,8","1028,5",10,"1025,3",15
2024-12-20,C619Y,LA ALDEA DE SAN NICOLÁS,LAS PALMAS,13,"18,2","0,0","11,5",05:00,"24,9",13:40,99,"5,0","15,3",21:50,"8,8","1027,0",00,"1022,6",16
2024-12-21,C619Y,LA ALDEA DE SAN NICOLÁS,LAS PALMAS,13,"19,6","3,2","16,7",20:20,"22,5",15:50,08,"6,4","19,7",20:00,"6,0","1025,3",10,"1022,7",17
2024-12-22,C619Y,LA ALDEA DE SAN NICOLÁS,LAS PALMAS,13,"18,4","5,4","14,3",22:20,"22,4",16:00,10,"5,8","18,1",05:50,"6,2","1023,3",00,"1019,5",15
2024-12-23,C619Y,LA ALDEA DE SAN NICOLÁS,LAS PALMAS,13,"19,4","0,2","13,6",23:59,"25,1",14:30,03,"5,8","12,5",16:20,"8,3","1020,8",00,"1014,9",16
2024-12-24,C619Y,LA ALDEA DE SAN NICOLÁS,LAS PALMAS,13,"17,4","0,0","11,1",05:40,"23,8",13:00,04,"3,3","9,7",00:30,"8,9","1015,8",00,"1011,3",15
2024-12-25,C619Y,LA ALDEA DE SAN NICOLÁS,LAS PALMAS,13,"19,3","0,0","13,3",01:00,"25,3",12:00,24,"4,7","12,2",15:00,"8,9","1015,1",24,"1009,0",05
2024-12-26,C619Y,LA ALDEA DE SAN NICOLÁS,LAS PALMAS,13,"17,4","0,0","11,7",06:40,"23,1",13:40,26,"3,9","8,9",17:20,"8,9","1018,6",23,"1014,4",05
2024-12-27,C619Y,LA ALDEA DE SAN NICOLÁS,LAS PALMAS,13,"17,6","0,0","12,4",08:00,"22,7",13:30,08,"3,6","15,3",21:50,"7,0","1020,6",11,"1017,5",15
2024-12-28,C619Y,LA ALDEA DE SAN NICOLÁS,LAS PALMAS,13,"17,6","0,0","10,9",08:00,"24,3",15:20,01,"5,0","14,4",14:30,"8,9","1021,9",23,"1018,0",Varias
2024-12-29,C619Y,LA ALDEA DE SAN NICOLÁS,LAS PALMAS,13,"17,4","0,0","11,4",07:30,"23,4",12:40,27,"3,3","8,3",14:00,"8,6","1022,2",10,"1019,8",Varias
2024-12-30,C619Y,LA ALDEA DE SAN NICOLÁS,LAS PALMAS,13,"17,2","0,0","10,2",07:40,"24,1",15:50,26,"3,1","7,2",11:30,"8,9","1023,9",23,"1020,8",Varias
2024-12-31,C619Y,LA ALDEA DE SAN NICOLÁS,LAS PALMAS,13,"16,4","0,0","10,3",08:40,"22,4",14:40,28,"2,5","6,1",15:10,"7,5","1024,2",11,"1021,3",15
2025-01-01,C619Y,LA ALDEA DE SAN NICOLÁS,LAS PALMAS,13,"16,0","0,0","9,8",06:50,"22,2",15:20,27,"2,8","6,4",15:40,"6,5","1023,7",Varias,"1019,5",17
2025-01-02,C619Y,LA ALDEA DE SAN NICOLÁS,LAS PALMAS,13,"16,5","0,0","10,8",08:10,"22,2",13:50,01,"2,8","6,4",13:50,"4,1","1022,4",Varias,"1020,1",16
2025-01-03,C619Y,LA ALDEA DE SAN NICOLÁS,LAS PALMAS,13,"16,4","0,0","10,2",08:00,"22,7",14:50,01,"2,2","8,3",15:00,"9,0","1023,7",11,"1021,0",Varias
2025-01-04,C619Y,LA ALDEA DE SAN NICOLÁS,LAS PALMAS,13,"16,8","0,0","9,8",08:20,"23,9",13:50,28,"3,1","7,2",13:50,"8,8","1022,9",01,"1018,9",15
2025-01-05,C619Y,LA ALDEA DE SAN NICOLÁS,LAS PALMAS,13,"16,5","0,0","10,0",07:50,"23,0",16:10,25,"4,2","10,8",13:30,"9,0","1020,1",00,"1016,4",16
2025-01-06,C619Y,LA ALDEA DE SAN NICOLÁS,LAS PALMAS,13,"18,2","0,0","13,3",06:50,"23,2",13:50,01,"4,4","10,3",13:10,"8,7","1020,9",23,"1017,9",05
2025-01-07,C619Y,LA ALDEA DE SAN NICOLÁS,LAS PALMAS,13,"17,2","0,0","11,9",08:00,"22,6",14:40,28,"3,1","5,6",14:20,"5,8","1021,7",Varias,"1018,9",16
2025-01-08,C619Y,LA ALDEA DE SAN NICOLÁS,LAS PALMAS,13,"18,0","0,0","13,5",23:59,"22,6",15:40,26,"3,1","7,2",13:20,"7,4","1023,7",11,"1020,2",05
2025-01-09,C619Y,LA ALDEA DE SAN NICOLÁS,LAS PALMAS,13,"16,4","0,0","9,9",08:20,"22,8",14:50,29,"3,3","6,9",14:10,"9,1","1023,9",10,"1020,8",16
2025-01-10,C619Y,LA ALDEA DE SAN NICOLÁS,LAS PALMAS,13,"17,3","0,0","10,8",08:10,"23,8",12:40,27,"3,9","9,7",13:10,"9,1","1024,4",Varias,"1021,4",06
2025-01-11,C619Y,LA ALDEA DE SAN NICOLÁS,LAS PALMAS,13,"16,8","0,0","9,7",08:00,"23,9",15:40,29,"2,8","5,8",12:10,"9,1","1025,1",11,"1022,1",16
2025-01-12,C619Y,LA ALDEA DE SAN NICOLÁS,LAS PALMAS,13,"16,3","0,0","8,3",08:20,"24,3",13:00,06,"5,3","18,1",21:50,"9,2","1024,1",11,"1020,7",17
2025-01-13,C619Y,LA ALDEA DE SAN NICOLÁS,LAS PALMAS,13,"20,4","0,0","17,0",02:40,"23,9",13:00,08,"7,8","24,2",14:30,"8,9",,,,
2025-01-14,C619Y,LA ALDEA DE SAN NICOLÁS,LAS PALMAS,13,"19,4","0,0","16,6",23:50,"22,3",14:40,06,"10,0","20,8",06:10,"9,3","1018,6",00,"1014,8",15
2025-01-15,C619Y,LA ALDEA DE SAN NICOLÁS,LAS PALMAS,13,"16,8","0,0","10,0",07:50,"23,6",14:30,06,"2,8","16,9",00:40,"9,3","1020,0",24,"1016,2",15
2025-01-16,C619Y,LA ALDEA DE SAN NICOLÁS,LAS PALMAS,13,"16,4","0,0","9,7",08:00,"23,0",14:30,32,"2,5","6,7",13:30,"9,3","1024,4",24,"1019,5",02
2025-01-17,C619Y,LA ALDEA DE SAN NICOLÁS,LAS PALMAS,13,"16,4","0,0","10,2",06:40,"22,5",11:40,10,"3,1","15,0",21:00,"9,2","1025,2",11,"1022,1",Varias
2025-01-18,C619Y,LA ALDEA DE SAN NICOLÁS,LAS PALMAS,13,"18,9","0,0","14,4",04:30,"23,4",13:20,07,"3,9","13,9",16:20,"8,0","1024,1",10,"1021,2",16
2025-01-19,C619Y,LA ALDEA DE SAN NICOLÁS,LAS PALMAS,13,"18,4","0,0","14,8",08:50,"22,1",14:40,33,"3,6","10,3",12:50,"4,7","1022,8",00,"1019,3",16
2025-01-20,C619Y,LA ALDEA DE SAN NICOLÁS,LAS PALMAS,13,"18,0","0,0","13,2",08:00,"22,7",12:30,25,"4,4","12,8",12:40,"5,4","1020,6",00,"1014,6",19
2025-01-21,C619Y,LA ALDEA DE SAN NICOLÁS,LAS PALMAS,13,"20,9","1,8","18,0",01:10,"23,8",10:30,22,"3,9","12,5",16:20,"4,2","1015,7",00,"1012,5",16
2025-01-22,C619Y,LA ALDEA DE SAN NICOLÁS,LAS PALMAS,13,"20,2","1,0","16,5",23:59,"23,9",13:10,22,"2,8","10,3",05:10,"6,3","1014,9",23,"1011,0",16
2025-01-23,C619Y,LA ALDEA DE SAN NICOLÁS,LAS PALMAS,13,"18,6","0,4","13,8",08:20,"23,3",14:40,12,"3,9","13,1",11:10,"7,9","1019,9",23,"1014,7",03
2025-01-24,C619Y,LA ALDEA DE SAN NICOLÁS,LAS PALMAS,13,"18,6","0,8","14,5",08:30,"22,6",13:00,08,"3,9","13,9",04:20,"8,8","1021,9",23,"1018,2",05
2025-01-25,C619Y,LA ALDEA DE SAN NICOLÁS,LAS PALMAS,13,"20,1","0,0","17,4",23:40,"22,8",15:20,06,"4,2","12,8",21:50,"9,3","1024,3",24,"1020,8",05
2025-01-26,C619Y,LA ALDEA DE SAN NICOLÁS,LAS PALMAS,13,"18,6","0,0","14,5",08:30,"22,8",13:20,09,"3,9","12,8",04:10,"9,5","1025,1",Varias,"1022,1",05
2025-01-27,C619Y,LA ALDEA DE SAN NICOLÁS,LAS PALMAS,13,"18,4","0,0","11,8",08:00,"24,9",14:10,99,"4,4","13,6",Varias,"9,7","1026,2",24,"1023,1",Varias
2025-01-28,C619Y,LA ALDEA DE SAN NICOLÁS,LAS PALMAS,13,"19,6","0,0","15,1",04:50,"24,1",15:20,05,"7,5","20,0",10:10,"9,7","1027,6",11,"1024,4",17
2025-01-29,C619Y,LA ALDEA DE SAN NICOLÁS,LAS PALMAS,13,"17,4","0,2","12,8",07:40,"21,9",14:50,05,"6,1","27,8",16:40,"9,7",,,,
2025-01-30,C619Y,LA ALDEA DE SAN NICOLÁS,LAS PALMAS,13,"20,2","0,0","17,8",22:40,"22,6",14:50,07,"6,7","20,8",04:20,"9,6",,,,
2025-01-31,C619Y,LA ALDEA DE SAN NICOLÁS,LAS PALMAS,13,"20,0","0,2","16,6",23:50,"23,3",13:30,10,"6,9","19,7",06:50,"9,0",,,,
2025-02-01,C619Y,LA ALDEA DE SAN NICOLÁS,LAS PALMAS,13,"19,8","0,0","16,8",02:00,"22,9",14:40,07,"8,3","21,1",14:20,"9,8","1026,7",00,"1023,4",18
2025-02-02,C619Y,LA ALDEA DE SAN NICOLÁS,LAS PALMAS,13,"20,8","1,6","17,2",06:50,"24,3",14:50,08,"6,7","17,5",11:50,"7,1",,,,
2025-02-03,C619Y,LA ALDEA DE SAN NICOLÁS,LAS PALMAS,13,"20,5","0,2","16,8",03:40,"24,2",14:00,07,"6,7","17,2",14:10,"6,7","1022,8",11,"1019,6",18
2025-02-04,C619Y,LA ALDEA DE SAN NICOLÁS,LAS PALMAS,13,"20,2","0,0","16,8",08:00,"23,5",15:20,07,"7,8","19,7",17:50,"10,0","1024,2",24,"1020,8",16
2025-02-05,C619Y,LA ALDEA DE SAN NICOLÁS,LAS PALMAS,13,"19,8",,"17,2",08:30,"22,4",14:50,06,"8,3","19,2",14:00,"10,0","1024,2",00,"1021,0",Varias
2025-02-06,C619Y,LA ALDEA DE SAN NICOLÁS,LAS PALMAS,13,"17,4","0,0","10,6",08:00,"24,3",15:00,01,"4,4","12,8",12:50,"10,0","1022,7",11,"1019,6",16
2025-02-07,C619Y,LA ALDEA DE SAN NICOLÁS,LAS PALMAS,13,"16,4","0,0","9,6",08:00,"23,1",15:20,30,"3,1","7,5",14:10,"10,0","1023,0",11,"1020,1",16
2025-02-08,C619Y,LA ALDEA DE SAN NICOLÁS,LAS PALMAS,13,"15,7","0,0","9,5",08:00,"21,9",15:00,26,"3,3","7,8",12:30,"10,0","1023,1",11,"1020,9",Varias
2025-02-09,C619Y,LA ALDEA DE SAN NICOLÁS,LAS PALMAS,13,"15,8","0,0","10,0",08:00,"21,6",14:30,26,"2,5","6,7",13:00,"8,4","1023,0",12,"1019,3",17
2025-02-10,C619Y,LA ALDEA DE SAN NICOLÁS,LAS PALMAS,13,"16,0","0,0","8,0",08:00,"23,9",16:50,29,"3,1","6,9",15:30,"10,2","1020,1",00,"1015,5",17
2025-02-11,C619Y,LA ALDEA DE SAN NICOLÁS,LAS PALMAS,13,"17,1","0,0","11,1",07:00,"23,1",13:50,06,"5,3","13,3",17:00,"10,1","1018,6",22,"1015,8",05
2025-02-12,C619Y,LA ALDEA DE SAN NICOLÁS,LAS PALMAS,13,"18,2","0,0","12,2",07:50,"24,1",15:10,01,"4,7","12,5",13:50,"10,2","1019,3",11,"1016,0",16
2025-02-13,C619Y,LA ALDEA DE SAN NICOLÁS,LAS PALMAS,13,"17,0","0,0","10,3",06:50,"23,8",15:40,03,"4,4","11,4",14:20,"10,2","1019,6",11,"1016,2",17
2025-02-14,C619Y,LA ALDEA DE SAN NICOLÁS,LAS PALMAS,13,"15,6","0,0","8,5",08:10,"22,8",15:00,35,"3,1","6,9",14:10,"10,2","1018,2",00,"1013,2",17
2025-02-15,C619Y,LA ALDEA DE SAN NICOLÁS,LAS PALMAS,13,"17,8","0,0","10,0",08:00,"25,7",15:20,08,"5,3","17,8",17:00,"9,8","1015,9",24,"1011,4",15
2025-02-16,C619Y,LA ALDEA DE SAN NICOLÁS,LAS PALMAS,13,"17,4","0,0","11,3",07:40,"23,5",16:00,08,"4,4","14,4",01:00,"10,2","1017,8",11,"1014,6",05
2025-02-17,C619Y,LA ALDEA DE SAN NICOLÁS,LAS PALMAS,13,"15,5","1,4","9,6",07:40,"21,4",15:20,26,"3,3","9,7",16:30,"10,1","1017,4",01,"1011,8",17
2025-02-18,C619Y,LA ALDEA DE SAN NICOLÁS,LAS PALMAS,13,"20,6","0,2","16,4",08:00,"24,7",15:20,09,"5,6","14,7",17:30,"5,8","1018,3",23,"1010,9",05
2025-02-19,C619Y,LA ALDEA DE SAN NICOLÁS,LAS PALMAS,13,"20,6","0,0","17,4",07:40,"23,9",13:40,10,"6,4","16,7",17:40,"10,4","1023,1",23,"1017,5",06
2025-02-20,C619Y,LA ALDEA DE SAN NICOLÁS,LAS PALMAS,13,"19,4","0,0","15,7",23:59,"23,0",16:40,05,"6,4","16,4",04:30,"10,4","1023,0",00,"1019,9",16
2025-02-21,C619Y,LA ALDEA DE SAN NICOLÁS,LAS PALMAS,13,"17,1","0,0","11,4",07:50,"22,8",13:50,01,"4,4","13,1",14:40,"9,1","1023,1",10,"1020,1",04
2025-02-22,C619Y,LA ALDEA DE SAN NICOLÁS,LAS PALMAS,13,"19,1","0,0","13,6",07:40,"24,6",15:20,06,"4,2","13,1",Varias,"10,4","1024,6",24,"1021,7",15
2025-02-23,C619Y,LA ALDEA DE SAN NICOLÁS,LAS PALMAS,13,"17,8","0,0","12,6",07:50,"23,0",15:20,06,"6,1","17,2",23:40,"10,4","1025,1",Varias,"1022,1",17
2025-02-24,C619Y,LA ALDEA DE SAN NICOLÁS,LAS PALMAS,13,"20,1","0,0","17,8",07:00,"22,4",14:40,04,"8,9","19,7",Varias,"10,5","1026,7",24,"1022,9",06
2025-02-25,C619Y,LA ALDEA DE SAN NICOLÁS,LAS PALMAS,13,"18,0","0,0","11,8",08:00,"24,2",12:40,99,"3,9","11,4",Varias,"10,5","1027,1",12,"1024,4",05
2025-02-26,C619Y,LA ALDEA DE SAN NICOLÁS,LAS PALMAS,13,"17,2","0,0","10,8",07:20,"23,5",15:50,02,"4,4","13,1",18:40,"10,6","1025,6",00,"1021,5",Varias
2025-02-27,C619Y,LA ALDEA DE SAN NICOLÁS,LAS PALMAS,13,"18,0","5,0","11,8",07:30,"24,2",13:30,99,"3,9","10,8",Varias,"10,6","1022,5",00,"1018,1",18
2025-02-28,C619Y,LA ALDEA DE SAN NICOLÁS,LAS PALMAS,13,"19,8","1,4","16,1",07:30,"23,4",14:20,08,"4,2","15,8",15:20,"7,4","1019,5",00,"1016,2",17
2025-03-01,C619Y,LA ALDEA DE SAN NICOLÁS,LAS PALMAS,13,"20,2","0,0","16,4",23:59,"24,1",13:40,08,"3,6","12,5",05:00,"9,3","1017,0",00,"1012,5",Varias
2025-03-02,C619Y,LA ALDEA DE SAN NICOLÁS,LAS PALMAS,13,"19,2","0,0","14,8",08:40,"23,7",17:10,03,"2,5","6,7",18:10,"5,9","1013,3",00,"1008,7",17
2025-03-03,C619Y,LA ALDEA DE SAN NICOLÁS,LAS PALMAS,13,"16,6","0,0","11,5",06:00,"21,7",16:40,27,"2,8","8,6",13:20,"7,8","1011,2",23,"1008,0",04
2025-03-04,C619Y,LA ALDEA DE SAN NICOLÁS,LAS PALMAS,13,"18,2","1,0","13,3",05:00,"23,2",16:30,08,"3,9","15,3",21:00,"6,3","1011,9",11,"1009,8",03
2025-03-05,C619Y,LA ALDEA DE SAN NICOLÁS,LAS PALMAS,13,"18,2","0,0","11,4",07:00,"24,9",15:20,04,"3,3","8,1",13:50,"10,7","1014,1",24,"1009,8",05
2025-03-06,C619Y,LA ALDEA DE SAN NICOLÁS,LAS PALMAS,13,"20,1","0,0","15,0",23:59,"25,2",14:10,06,"2,2","10,6",16:10,"10,0","1017,5",22,"1013,1",05
2025-03-07,C619Y,LA ALDEA DE SAN NICOLÁS,LAS PALMAS,13,"17,4","0,4","12,0",07:50,"22,9",15:30,24,"3,9","11,1",14:30,"8,6","1016,7",00,"1012,3",18
2025-03-08,C619Y,LA ALDEA DE SAN NICOLÁS,LAS PALMAS,13,"19,4","0,0","16,3",06:40,"22,4",15:40,08,"2,8","12,8",13:20,"4,4","1014,1",Varias,"1009,9",05
2025-03-09,C619Y,LA ALDEA DE SAN NICOLÁS,LAS PALMAS,13,"19,2","0,0","15,6",07:40,"22,7",14:10,09,"2,5","13,3",00:20,"10,1","1013,8",00,"1010,8",16
2025-03-10,C619Y,LA ALDEA DE SAN NICOLÁS,LAS PALMAS,13,"17,6","0,0","12,4",06:20,"22,8",14:20,29,"2,8","6,7",14:30,"8,8","1014,5",Varias,"1010,9",04
2025-03-11,C619Y,LA ALDEA DE SAN NICOLÁS,LAS PALMAS,13,"19,7","0,0","16,3",23:59,"23,1",14:40,27,"3,9","8,1",12:50,"10,3","1016,6",22,"1013,6",04
2025-03-12,C619Y,LA ALDEA DE SAN NICOLÁS,LAS PALMAS,13,"19,2","0,6","12,9",06:40,"25,5",16:20,21,"3,1","10,6",12:40,"9,0","1016,4",10,"1012,6",17
2025-03-13,C619Y,LA ALDEA DE SAN NICOLÁS,LAS PALMAS,13,"20,2","0,0","15,3",07:40,"25,1",15:10,06,"2,5","10,3",21:20,"4,4","1013,0",00,"1009,2",17
2025-03-14,C619Y,LA ALDEA DE SAN NICOLÁS,LAS PALMAS,13,"21,1","0,0","17,4",07:00,"24,8",13:10,06,"3,9","12,2",15:50,"9,8","1017,1",24,"1010,6",04
2025-03-15,C619Y,LA ALDEA DE SAN NICOLÁS,LAS PALMAS,13,"17,5","0,0","12,5",06:50,"22,5",17:20,29,"2,5","6,4",Varias,"10,5","1020,4",23,"1016,4",04
2025-03-16,C619Y,LA ALDEA DE SAN NICOLÁS,LAS PALMAS,13,"18,2","0,0","13,0",07:10,"23,5",14:40,28,"4,4","10,6",11:40,"11,1","1021,2",11,"1018,2",16
2025-03-17,C619Y,LA ALDEA DE SAN NICOLÁS,LAS PALMAS,13,"21,0","0,0","16,5",00:30,"25,4",13:20,07,"4,4","11,7",18:40,"11,2","1020,8",11,"1018,6",16
2025-03-18,C619Y,LA ALDEA DE SAN NICOLÁS,LAS PALMAS,13,"20,3","0,0","15,4",23:59,"25,2",14:20,10,"3,6","12,5",01:20,"10,9","1020,4",00,"1015,7",Varias
2025-03-19,C619Y,LA ALDEA DE SAN NICOLÁS,LAS PALMAS,13,"19,8",,"15,3",01:00,"24,4",14:40,17,"3,6","14,4",12:00,,"1016,0",00,"1010,8",19
2025-03-20,C619Y,LA ALDEA DE SAN NICOLÁS,LAS PALMAS,13,"21,5","0,0","18,7",23:59,"24,3",12:00,07,"5,8","15,3",18:30,"6,1","1019,5",Varias,"1012,0",03
2025-03-21,C619Y,LA ALDEA DE SAN NICOLÁS,LAS PALMAS,13,"21,2","0,0","17,3",05:50,"25,0",13:50,07,"5,6","16,7",20:40,"10,2","1021,6",23,"1018,7",04
2025-03-22,C619Y,LA ALDEA DE SAN NICOLÁS,LAS PALMAS,13,"21,0","0,2","16,7",07:40,"25,4",12:40,08,"7,5","18,1",15:00,"7,8",,,,
2025-03-23,C619Y,LA ALDEA DE SAN NICOLÁS,LAS PALMAS,13,"20,0","0,4","16,6",04:30,"23,4",14:30,10,"8,6","20,6",18:10,"3,2",,,,
2025-03-24,C619Y,LA ALDEA DE SAN NICOLÁS,LAS PALMAS,13,"20,7","0,2","17,3",02:50,"24,1",14:10,99,"9,2","20,6",Varias,"7,2",,,,
2025-03-25,C619Y,LA ALDEA DE SAN NICOLÁS,LAS PALMAS,13,"21,0","0,0","16,6",05:00,"25,4",15:00,10,"8,1","20,6",13:30,"9,4","1023,1",11,"1019,7",04
2025-03-26,C619Y,LA ALDEA DE SAN NICOLÁS,LAS PALMAS,13,"20,4","0,0","17,1",07:50,"23,8",13:50,06,"7,5","21,7",12:50,"11,0","1021,6",00,"1016,3",Varias
2025-03-27,C619Y,LA ALDEA DE SAN NICOLÁS,LAS PALMAS,13,"19,4","0,0","14,5",07:40,"24,2",13:20,06,"4,7","19,2",17:10,"9,7","1017,5",00,"1011,9",18
2025-03-28,C619Y,LA ALDEA DE SAN NICOLÁS,LAS PALMAS,13,"20,4","0,0","16,0",23:59,"24,9",14:20,99,"4,7","12,2",Varias,"10,8","1013,0",00,"1008,7",17
2025-03-29,C619Y,LA ALDEA DE SAN NICOLÁS,LAS PALMAS,13,"18,8","0,0","13,0",06:50,"24,6",15:40,26,"4,2","10,6",13:30,"11,5","1012,4",10,"1009,4",Varias
2025-03-30,C619Y,LA ALDEA DE SAN NICOLÁS,LAS PALMAS,13,"20,4","4,4","16,3",04:00,"24,4",16:10,23,"3,3","11,4",15:00,"9,6","1012,9",23,"1010,3",05
2025-03-31,C619Y,LA ALDEA DE SAN NICOLÁS,LAS PALMAS,13,"21,2","0,0","18,5",07:50,"24,0",16:20,05,"3,9","11,9",22:00,"7,7","1015,2",23,"1010,4",05
2025-04-01,C619Y,LA ALDEA DE SAN NICOLÁS,LAS PALMAS,13,"19,6","0,4","14,5",07:20,"24,8",12:20,03,"2,8","10,6",18:30,"10,6","1015,2",Varias,"1010,8",19
2025-04-02,C619Y,LA ALDEA DE SAN NICOLÁS,LAS PALMAS,13,"19,4","0,0","15,5",03:30,"23,2",14:50,03,"3,1","10,3",10:30,"8,4","1011,0",00,"1006,7",18
2025-04-03,C619Y,LA ALDEA DE SAN NICOLÁS,LAS PALMAS,13,"20,6","3,2","17,4",01:30,"23,8",17:00,99,"4,2","15,3",Varias,"6,1","1011,6",Varias,"1005,7",05
2025-04-04,C619Y,LA ALDEA DE SAN NICOLÁS,LAS PALMAS,13,"19,0","0,0","14,3",07:40,"23,7",12:30,27,"3,6","7,2",13:00,"11,4","1016,5",Varias,"1011,3",Varias
2025-04-05,C619Y,LA ALDEA DE SAN NICOLÁS,LAS PALMAS,13,"18,3","0,0","13,5",07:30,"23,1",13:20,26,"4,2","10,8",15:10,"10,8","1016,9",23,"1014,1",15
2025-04-06,C619Y,LA ALDEA DE SAN NICOLÁS,LAS PALMAS,13,"18,4","0,0","13,2",06:50,"23,5",17:00,29,"3,9","9,7",13:30,"11,7","1016,3",00,"1013,8",17
2025-04-07,C619Y,LA ALDEA DE SAN NICOLÁS,LAS PALMAS,13,"20,6","0,0","14,4",07:00,"26,9",17:40,36,"2,8","9,7",16:50,"11,7","1014,4",00,"1009,7",18
2025-04-08,C619Y,LA ALDEA DE SAN NICOLÁS,LAS PALMAS,13,"20,6","4,6","14,6",05:00,"26,5",12:30,27,"5,0","12,5",14:30,"10,0","1012,0",22,"1009,4",16
2025-04-09,C619Y,LA ALDEA DE SAN NICOLÁS,LAS PALMAS,13,"20,8","11,6","17,1",07:00,"24,5",16:10,14,"2,8","10,8",22:00,"8,5","1011,2",00,"1005,5",23
2025-04-10,C619Y,LA ALDEA DE SAN NICOLÁS,LAS PALMAS,13,"20,2","8,4","17,4",01:00,"23,0",16:20,22,"4,2","12,5",14:20,"6,4","1005,8",00,"1002,8",18
2025-04-11,C619Y,LA ALDEA DE SAN NICOLÁS,LAS PALMAS,13,"19,0","0,0","15,4",07:30,"22,6",14:10,24,"3,3","10,6",13:00,"10,5","1010,6",24,"1004,9",04
2025-04-12,C619Y,LA ALDEA DE SAN NICOLÁS,LAS PALMAS,13,"22,0","0,0","17,7",07:20,"26,3",13:10,07,"3,3","13,3",18:20,"7,7","1014,3",Varias,"1009,1",05
2025-04-13,C619Y,LA ALDEA DE SAN NICOLÁS,LAS PALMAS,13,"22,6","0,0","18,7",02:20,"26,4",14:30,09,"3,6","15,3",15:20,"4,3","1017,7",24,"1013,4",03
2025-04-14,C619Y,LA ALDEA DE SAN NICOLÁS,LAS PALMAS,13,"22,4","0,0","18,9",05:00,"26,0",15:10,09,"4,4","15,0",23:30,"8,3","1019,4",23,"1015,9",06
2025-04-15,C619Y,LA ALDEA DE SAN NICOLÁS,LAS PALMAS,13,"21,7","0,2","17,1",07:10,"26,3",13:40,08,"7,8","20,8",23:10,"9,1",,,,
2025-04-16,C619Y,LA ALDEA DE SAN NICOLÁS,LAS PALMAS,13,"21,0","0,0","18,0",05:40,"24,1",13:00,08,"7,5","22,5",15:30,"11,1",,,,
2025-04-17,C619Y,LA ALDEA DE SAN NICOLÁS,LAS PALMAS,13,"21,6","0,0","18,4",04:00,"24,7",14:10,05,"6,9","21,7",02:00,"10,7",,,,
2025-04-18,C619Y,LA ALDEA DE SAN NICOLÁS,LAS PALMAS,13,"20,8","0,0","18,3",05:30,"23,4",16:00,06,"6,7","19,2",01:30,"11,3",,,,
2025-04-19,C619Y,LA ALDEA DE SAN NICOLÁS,LAS PALMAS,13,"21,9","0,0","17,9",06:20,"25,9",14:30,09,"6,4","18,9",12:50,"9,0","1019,2",23,"1015,7",04
2025-04-20,C619Y,LA ALDEA DE SAN NICOLÁS,LAS PALMAS,13,"21,4","0,0","18,0",Varias,"24,7",15:40,08,"8,1","22,2",13:00,"9,7",,,,
2025-04-21,C619Y,LA ALDEA DE SAN NICOLÁS,LAS PALMAS,13,"21,2","0,0","17,4",07:00,"24,9",13:20,08,"7,2","22,8",14:20,"11,0",,,,
2025-04-22,C619Y,LA ALDEA DE SAN NICOLÁS,LAS PALMAS,13,"22,1","0,0","18,2",06:50,"26,0",13:50,07,"8,1","21,7",14:50,"10,8",,,,
2025-04-23,C619Y,LA ALDEA DE SAN NICOLÁS,LAS PALMAS,13,"21,5","0,0","18,4",04:50,"24,6",14:40,08,"7,5","21,1",16:40,"11,4",,,,
2025-04-24,C619Y,LA ALDEA DE SAN NICOLÁS,LAS PALMAS,13,"20,8","0,0","17,5",07:20,"24,1",15:10,07,"5,0","15,3",18:00,"12,0",,,,
2025-04-25,C619Y,LA ALDEA DE SAN NICOLÁS,LAS PALMAS,13,"21,6","0,0","18,7",06:40,"24,6",13:30,07,"8,3","20,0",16:00,"11,9",,,,
2025-04-26,C619Y,LA ALDEA DE SAN NICOLÁS,LAS PALMAS,13,"20,9","0,0","18,5",07:00,"23,3",13:00,03,"10,0","21,1",14:20,"12,0","1018,1",10,"1015,0",Varias
2025-04-27,C619Y,LA ALDEA DE SAN NICOLÁS,LAS PALMAS,13,"19,0","0,0","15,0",06:40,"23,0",13:30,04,"7,2","18,3",18:30,"11,8","1016,3",00,"1013,3",17
2025-04-28,C619Y,LA ALDEA DE SAN NICOLÁS,LAS PALMAS,13,"20,7","0,0","17,3",06:00,"24,1",16:30,04,"6,1","18,1",20:20,"11,8","1015,3",00,"1012,2",18
2025-04-29,C619Y,LA ALDEA DE SAN NICOLÁS,LAS PALMAS,13,"21,3","1,6","17,7",23:59,"24,9",15:30,10,"5,0","14,4",14:40,"6,4","1015,8",Varias,"1012,8",05
2025-04-30,C619Y,LA ALDEA DE SAN NICOLÁS,LAS PALMAS,13,"20,6",,"17,0",23:59,"24,3",13:00,99,"4,7","11,1",Varias,"10,2","1015,6",00,"1012,1",18
2025-05-01,C619Y,LA ALDEA DE SAN NICOLÁS,LAS PALMAS,13,"20,0","0,0","14,4",04:00,"25,6",16:50,28,"2,8","11,1",14:40,"8,2","1014,3",24,"1010,4",17
2025-05-02,C619Y,LA ALDEA DE SAN NICOLÁS,LAS PALMAS,13,"21,4","0,0","18,5",03:10,"24,4",13:30,04,"4,7","11,1",16:30,"11,7","1018,6",24,"1013,6",03
2025-05-03,C619Y,LA ALDEA DE SAN NICOLÁS,LAS PALMAS,13,"19,8","0,0","14,9",05:50,"24,8",14:50,04,"5,8","12,2",18:30,"12,1","1019,1",10,"1016,6",18
2025-05-04,C619Y,LA ALDEA DE SAN NICOLÁS,LAS PALMAS,13,"20,3","0,0","15,7",06:50,"24,9",14:50,06,"5,3","12,5",21:20,"12,1","1018,9",00,"1016,0",18
2025-05-05,C619Y,LA ALDEA DE SAN NICOLÁS,LAS PALMAS,13,"19,5","0,0","15,8",06:50,"23,2",10:30,06,"4,4","16,4",03:20,"5,1","1017,4",00,"1014,5",Varias
2025-05-06,C619Y,LA ALDEA DE SAN NICOLÁS,LAS PALMAS,13,"19,2","0,0","14,5",05:40,"24,0",13:10,28,"2,8","6,4",15:30,"8,7","1015,8",00,"1012,1",05
2025-05-07,C619Y,LA ALDEA DE SAN NICOLÁS,LAS PALMAS,13,"20,0","0,0","14,9",06:40,"25,2",15:50,28,"3,6","10,0",17:10,"11,1","1014,5",Varias,"1011,8",05
2025-05-08,C619Y,LA ALDEA DE SAN NICOLÁS,LAS PALMAS,13,"21,7","0,0","17,4",07:00,"26,0",15:10,35,"3,1","8,3",15:20,"9,6","1015,3",11,"1012,4",05
2025-05-09,C619Y,LA ALDEA DE SAN NICOLÁS,LAS PALMAS,13,"21,0","4,2","15,8",06:30,"26,3",15:00,27,"3,1","8,9",14:00,"10,0","1013,1",00,"1009,1",19
2025-05-10,C619Y,LA ALDEA DE SAN NICOLÁS,LAS PALMAS,13,"22,5","0,6","19,3",02:00,"25,7",15:40,20,"4,7","13,1",13:10,"9,1","1014,3",23,"1009,3",05
2025-05-11,C619Y,LA ALDEA DE SAN NICOLÁS,LAS PALMAS,13,"21,5","0,0","16,7",06:40,"26,3",15:30,09,"3,1","12,5",17:20,"9,5","1017,1",24,"1012,6",04
2025-05-12,C619Y,LA ALDEA DE SAN NICOLÁS,LAS PALMAS,13,"22,6","0,0","19,1",02:20,"26,2",13:30,06,"3,6","12,2",18:30,"11,2","1017,3",Varias,"1014,9",19
2025-05-13,C619Y,LA ALDEA DE SAN NICOLÁS,LAS PALMAS,13,"23,0","0,0","19,1",23:59,"26,8",13:50,07,"5,0","16,7",14:00,"9,8","1018,8",23,"1015,2",04
2025-05-14,C619Y,LA ALDEA DE SAN NICOLÁS,LAS PALMAS,13,"22,6","0,0","18,3",06:30,"26,9",14:20,08,"6,9","19,7",15:30,"11,9","1019,5",Varias,"1017,3",17
2025-05-15,C619Y,LA ALDEA DE SAN NICOLÁS,LAS PALMAS,13,"21,6","0,0","18,0",04:30,"25,2",14:40,08,"6,7","23,9",15:00,"12,2",,,,
2025-05-16,C619Y,LA ALDEA DE SAN NICOLÁS,LAS PALMAS,13,"21,0","0,0","16,8",07:00,"25,3",14:40,07,"3,9","16,7",01:10,"11,8","1016,5",00,"1013,3",19
2025-05-17,C619Y,LA ALDEA DE SAN NICOLÁS,LAS PALMAS,13,"23,2","0,0","19,3",01:00,"27,2",13:00,13,"5,3","15,3",19:00,"12,1","1015,6",23,"1012,7",03
2025-05-18,C619Y,LA ALDEA DE SAN NICOLÁS,LAS PALMAS,13,"23,0","0,0","19,6",05:20,"26,4",16:00,06,"4,7","16,9",17:00,"11,7","1018,2",24,"1013,7",05
2025-05-19,C619Y,LA ALDEA DE SAN NICOLÁS,LAS PALMAS,13,"23,0","0,0","19,6",04:00,"26,3",14:00,07,"6,1","20,0",12:10,"11,3",,,,
2025-05-20,C619Y,LA ALDEA DE SAN NICOLÁS,LAS PALMAS,13,"21,8","0,0","18,2",04:20,"25,3",14:20,07,"8,6","21,1",09:20,"11,2",,,,
2025-05-21,C619Y,LA ALDEA DE SAN NICOLÁS,LAS PALMAS,13,"21,9","0,0","19,2",06:40,"24,6",12:30,07,"7,5","22,2",10:30,"12,4",,,,
2025-05-22,C619Y,LA ALDEA DE SAN NICOLÁS,LAS PALMAS,13,"23,0","0,0","19,8",03:00,"26,2",14:00,06,"8,1","19,7",Varias,"12,5",,,,
2025-05-23,C619Y,LA ALDEA DE SAN NICOLÁS,LAS PALMAS,13,"22,6","0,0","19,8",Varias,"25,5",14:50,04,"7,8","20,6",02:50,"12,3",,,,
2025-05-24,C619Y,LA ALDEA DE SAN NICOLÁS,LAS PALMAS,13,"22,2","0,0","19,8",05:20,"24,7",12:20,06,"6,1","18,6",11:10,"12,3","1017,9",24,"1015,3",05
2025-05-25,C619Y,LA ALDEA DE SAN NICOLÁS,LAS PALMAS,13,"21,0","0,0","17,3",06:00,"24,6",13:00,08,"6,9","15,0",00:20,"12,6","1018,5",11,"1016,0",18
2025-05-26,C619Y,LA ALDEA DE SAN NICOLÁS,LAS PALMAS,13,"22,4","0,0","19,4",04:20,"25,4",12:30,06,"6,7","19,4",20:10,"12,4","1019,8",22,"1017,1",05
2025-05-27,C619Y,LA ALDEA DE SAN NICOLÁS,LAS PALMAS,13,"22,8","0,0","20,0",Varias,"25,7",12:20,06,"6,7","21,7",13:30,"12,1",,,,
2025-05-28,C619Y,LA ALDEA DE SAN NICOLÁS,LAS PALMAS,13,"22,6","0,0","19,6",03:50,"25,7",14:30,06,"5,6","21,7",00:10,"12,2",,,,
2025-05-29,C619Y,LA ALDEA DE SAN NICOLÁS,LAS PALMAS,13,"22,0","0,0","19,4",04:40,"24,5",14:00,04,"6,4","15,0",11:00,"12,3","1018,8",00,"1016,0",17
2025-05-30,C619Y,LA ALDEA DE SAN NICOLÁS,LAS PALMAS,13,"22,0","0,0","19,2",06:50,"24,8",14:50,03,"6,7","15,8",21:30,"12,6","1018,1",23,"1016,0",18
2025-05-31,C619Y,LA ALDEA DE SAN NICOLÁS,LAS PALMAS,13,"21,3","0,0","16,8",06:40,"25,8",13:20,03,"6,1","16,7",19:30,"12,1","1018,1",23,"1016,5",15
2025-06-01,C619Y,LA ALDEA DE SAN NICOLÁS,LAS PALMAS,13,"21,6","0,0","18,5",06:30,"24,8",13:50,03,"6,7","17,8",18:30,"11,5","1017,7",12,"1015,8",05
2025-06-02,C619Y,LA ALDEA DE SAN NICOLÁS,LAS PALMAS,13,"22,2","0,0","19,5",05:40,"25,0",13:40,03,"8,9","18,9",16:40,"8,7","1020,1",21,"1015,7",04
2025-06-03,C619Y,LA ALDEA DE SAN NICOLÁS,LAS PALMAS,13,"23,0","0,0","20,1",Varias,"25,9",13:30,02,"7,8","22,2",15:30,"11,3",,,,
2025-06-04,C619Y,LA ALDEA DE SAN NICOLÁS,LAS PALMAS,13,"22,8","0,0","19,5",03:00,"26,0",15:10,05,"7,5","21,4",17:10,"11,9",,,,
2025-06-05,C619Y,LA ALDEA DE SAN NICOLÁS,LAS PALMAS,13,"23,2","0,0","19,7",04:10,"26,6",13:30,06,"6,9","19,4",00:50,"12,6",,,,
2025-06-06,C619Y,LA ALDEA DE SAN NICOLÁS,LAS PALMAS,13,"22,2","0,0","20,1",06:40,"24,3",13:00,04,"8,6","18,9",20:10,"12,3",,,,
2025-06-07,C619Y,LA ALDEA DE SAN NICOLÁS,LAS PALMAS,13,"22,1","0,0","18,9",06:40,"25,3",13:10,06,"5,8","15,6",02:40,"12,3","1017,9",00,"1015,1",18
2025-06-08,C619Y,LA ALDEA DE SAN NICOLÁS,LAS PALMAS,13,"23,0","0,0","19,2",06:00,"26,8",16:10,99,"4,7","12,8",Varias,"12,1","1017,7",11,"1016,0",04
2025-06-09,C619Y,LA ALDEA DE SAN NICOLÁS,LAS PALMAS,13,"24,2","0,0","19,8",04:40,"28,5",14:00,08,"5,0","18,3",16:40,"12,6","1018,9",24,"1016,1",03
2025-06-10,C619Y,LA ALDEA DE SAN NICOLÁS,LAS PALMAS,13,"23,2","0,0","20,2",06:00,"26,2",13:20,06,"5,8","18,3",08:40,"12,3","1018,8",10,"1016,0",17
2025-06-11,C619Y,LA ALDEA DE SAN NICOLÁS,LAS PALMAS,13,"22,4","0,0","18,3",05:10,"26,4",15:40,09,"5,8","19,2",22:50,"12,7",,,,
2025-06-12,C619Y,LA ALDEA DE SAN NICOLÁS,LAS PALMAS,13,"23,6","0,0","20,6",06:00,"26,7",17:30,06,"6,4","23,1",17:00,"11,7","1017,2",23,"1014,5",17
2025-06-13,C619Y,LA ALDEA DE SAN NICOLÁS,LAS PALMAS,13,"24,7","0,0","20,6",06:20,"28,8",14:20,10,"6,7","18,9",15:50,"10,0",,,,
2025-06-14,C619Y,LA ALDEA DE SAN NICOLÁS,LAS PALMAS,13,"24,8","0,0","21,0",04:20,"28,7",13:00,08,"7,5","22,2",15:20,"10,9",,,,
2025-06-15,C619Y,LA ALDEA DE SAN NICOLÁS,LAS PALMAS,13,"23,8","0,0","20,4",03:00,"27,2",13:40,09,"5,6","20,0",15:00,"11,6",,,,
2025-06-16,C619Y,LA ALDEA DE SAN NICOLÁS,LAS PALMAS,13,"23,1","0,0","18,8",06:40,"27,4",13:00,08,"5,6","14,7",07:20,"12,0","1018,3",Varias,"1015,6",04
2025-06-17,C619Y,LA ALDEA DE SAN NICOLÁS,LAS PALMAS,13,"22,9","0,0","20,1",06:30,"25,7",15:00,01,"6,1","14,7",14:50,"11,2","1018,8",23,"1016,7",04
2025-06-18,C619Y,LA ALDEA DE SAN NICOLÁS,LAS PALMAS,13,"23,0","0,0","20,7",03:40,"25,2",12:50,06,"8,1","18,1",19:10,"11,4","1018,6",09,"1016,6",17
2025-06-19,C619Y,LA ALDEA DE SAN NICOLÁS,LAS PALMAS,13,"23,8","0,0","21,1",06:00,"26,5",13:20,06,"7,5","20,8",23:20,"12,5","1018,3",Varias,"1016,1",Varias
2025-06-20,C619Y,LA ALDEA DE SAN NICOLÁS,LAS PALMAS,13,"23,6","0,0","21,1",05:00,"26,2",17:00,05,"10,6","20,0",02:00,"12,6",,,,
2025-06-21,C619Y,LA ALDEA DE SAN NICOLÁS,LAS PALMAS,13,"24,7","0,0","20,7",Varias,"28,7",15:20,07,"11,1","23,9",18:40,"12,2",,,,
2025-06-22,C619Y,LA ALDEA DE SAN NICOLÁS,LAS PALMAS,13,"24,0","0,0","20,6",05:00,"27,5",14:30,06,"8,3","22,5",18:00,"12,6",,,,
2025-06-23,C619Y,LA ALDEA DE SAN NICOLÁS,LAS PALMAS,13,"24,0","0,0","20,8",05:30,"27,2",12:20,06,"8,1","24,2",10:50,"12,6",,,,
2025-06-24,C619Y,LA ALDEA DE SAN NICOLÁS,LAS PALMAS,13,"23,6",,"20,7",04:40,"26,6",12:00,06,"6,7","23,3",11:20,,,,,
2025-06-25,C619Y,LA ALDEA DE SAN NICOLÁS,LAS PALMAS,13,"23,7","0,0","20,7",05:00,"26,7",13:30,05,"8,6","18,9",18:50,"12,6",,,,
2025-06-26,C619Y,LA ALDEA DE SAN NICOLÁS,LAS PALMAS,13,"24,0","0,0","21,2",06:00,"26,8",14:00,04,"9,7","19,2",13:10,"12,6",,,,
2025-06-27,C619Y,LA ALDEA DE SAN NICOLÁS,LAS PALMAS,13,"23,5","0,0","21,2",06:00,"25,8",13:50,04,"10,3","20,0",07:30,"12,2",,,,
2025-06-28,C619Y,LA ALDEA DE SAN NICOLÁS,LAS PALMAS,13,"23,5","0,0","19,9",06:50,"27,1",16:20,03,"6,7","17,2",01:50,"12,0","1016,5",00,"1014,3",Varias
2025-06-29,C619Y,LA ALDEA DE SAN NICOLÁS,LAS PALMAS,13,"24,0",,"21,4",04:00,"26,6",14:50,04,"9,2","18,6",Varias,,,,,
2025-06-30,C619Y,LA ALDEA DE SAN NICOLÁS,LAS PALMAS,13,"23,9","0,0","21,2",06:30,"26,6",16:40,06,"9,4","20,8",19:20,"12,0",,,,
2025-07-01,C619Y,LA ALDEA DE SAN NICOLÁS,LAS PALMAS,13,"24,3","0,0","21,7",04:30,"26,9",12:50,05,"9,7","21,1",12:40,"12,0",,,,
2025-07-02,C619Y,LA ALDEA DE SAN NICOLÁS,LAS PALMAS,13,"24,3","0,0","21,7",06:00,"26,9",13:30,04,"11,7","22,8",17:50,"11,9",,,,
2025-07-03,C619Y,LA ALDEA DE SAN NICOLÁS,LAS PALMAS,13,"23,6","0,0","21,4",05:40,"25,9",12:30,06,"9,4","22,8",04:30,"11,9",,,,
2025-07-04,C619Y,LA ALDEA DE SAN NICOLÁS,LAS PALMAS,13,"24,0",,"21,2",04:50,"26,8",11:50,04,"8,6","22,2",16:00,"8,9",,,,
2025-07-05,C619Y,LA ALDEA DE SAN NICOLÁS,LAS PALMAS,13,"23,0","0,0","21,4",23:40,"24,6",13:50,01,"14,2","23,6",08:10,"12,0",,,,
2025-07-06,C619Y,LA ALDEA DE SAN NICOLÁS,LAS PALMAS,13,"25,1","0,0","21,2",02:00,"29,0",13:40,08,"9,4","23,9",16:30,"7,9",,,,
2025-07-07,C619Y,LA ALDEA DE SAN NICOLÁS,LAS PALMAS,13,"24,4","0,0","21,3",06:50,"27,5",16:00,09,"6,4","21,4",09:10,"11,0",,,,
2025-07-08,C619Y,LA ALDEA DE SAN NICOLÁS,LAS PALMAS,13,"24,2","0,0","21,3",07:00,"27,2",11:30,06,"7,5","16,4",00:30,"12,1","1015,4",23,"1012,8",18
2025-07-09,C619Y,LA ALDEA DE SAN NICOLÁS,LAS PALMAS,13,"23,6","0,0","21,1",03:40,"26,1",13:50,04,"6,7","18,3",18:00,"11,1","1018,0",23,"1014,2",04
2025-07-10,C619Y,LA ALDEA DE SAN NICOLÁS,LAS PALMAS,13,"23,4","0,0","20,9",06:50,"26,0",14:20,04,"8,3","20,3",15:10,"11,9","1019,0",23,"1016,5",04
2025-07-11,C619Y,LA ALDEA DE SAN NICOLÁS,LAS PALMAS,13,"23,4","0,0","21,1",06:20,"25,7",13:40,04,"10,8","22,5",17:00,"11,9",,,,
2025-07-12,C619Y,LA ALDEA DE SAN NICOLÁS,LAS PALMAS,13,"24,0","0,0","21,0",03:40,"27,1",11:50,06,"8,9","26,7",19:00,"12,5",,,,
2025-07-13,C619Y,LA ALDEA DE SAN NICOLÁS,LAS PALMAS,13,"24,2","0,0","19,8",05:40,"28,7",12:40,09,"7,5","24,2",16:40,"12,0",,,,
2025-07-14,C619Y,LA ALDEA DE SAN NICOLÁS,LAS PALMAS,13,"24,2","0,0","21,5",07:00,"26,9",14:20,06,"11,1","19,4",00:10,"12,7","1017,1",09,"1014,6",19
2025-07-15,C619Y,LA ALDEA DE SAN NICOLÁS,LAS PALMAS,13,"24,4","0,0","18,3",06:00,"30,6",15:00,03,"5,6","13,3",12:20,"11,4","1015,8",00,"1013,0",17
2025-07-16,C619Y,LA ALDEA DE SAN NICOLÁS,LAS PALMAS,13,"28,0","0,0","22,6",06:50,"33,3",15:30,03,"3,1","13,1",20:10,"11,7","1016,0",23,"1013,3",16
2025-07-17,C619Y,LA ALDEA DE SAN NICOLÁS,LAS PALMAS,13,"26,7","0,0","23,5",04:20,"29,9",20:40,36,"10,8","21,7",17:20,"11,2","1015,9",00,"1013,6",17
2025-07-18,C619Y,LA ALDEA DE SAN NICOLÁS,LAS PALMAS,13,"25,4","0,0","22,9",23:59,"28,0",14:50,04,"11,7","21,7",12:30,"11,9",,,,
2025-07-19,C619Y,LA ALDEA DE SAN NICOLÁS,LAS PALMAS,13,"24,9","0,0","22,1",06:00,"27,7",14:20,07,"9,4","21,1",13:00,"12,3",,,,
2025-07-20,C619Y,LA ALDEA DE SAN NICOLÁS,LAS PALMAS,13,"25,5","0,0","22,2",07:00,"28,8",13:50,07,"7,8","22,2",02:10,"12,2",,,,
2025-07-21,C619Y,LA ALDEA DE SAN NICOLÁS,LAS PALMAS,13,"25,8","0,0","22,0",03:30,"29,5",16:20,06,"6,9","20,3",15:40,"12,6",,,,
2025-07-22,C619Y,LA ALDEA DE SAN NICOLÁS,LAS PALMAS,13,"25,0",,"21,8",09:30,"28,1",15:00,04,"9,4","21,1",10:30,"12,5",,,,
2025-07-23,C619Y,LA ALDEA DE SAN NICOLÁS,LAS PALMAS,13,"25,5","0,0","22,5",02:00,"28,5",11:50,09,"8,3","27,5",15:10,"11,4",,,,
2025-07-24,C619Y,LA ALDEA DE SAN NICOLÁS,LAS PALMAS,13,"25,6","0,0","21,9",01:20,"29,3",14:30,09,"9,7","21,1",13:30,"6,9",,,,
2025-07-25,C619Y,LA ALDEA DE SAN NICOLÁS,LAS PALMAS,13,"25,1","0,0","22,0",05:40,"28,2",16:20,10,"5,0","15,8",03:40,"12,3","1012,2",Varias,"1009,2",Varias
2025-07-26,C619Y,LA ALDEA DE SAN NICOLÁS,LAS PALMAS,13,"23,2","0,0","18,9",06:40,"27,6",15:20,03,"3,1","8,9",00:30,"12,4","1015,8",23,"1011,2",05
2025-07-27,C619Y,LA ALDEA DE SAN NICOLÁS,LAS PALMAS,13,"23,9","0,0","18,8",06:40,"29,0",14:30,01,"5,3","14,2",16:30,"11,9","1016,8",12,"1014,7",03
2025-07-28,C619Y,LA ALDEA DE SAN NICOLÁS,LAS PALMAS,13,"24,9","0,0","22,3",06:30,"27,5",10:20,02,"7,2","18,3",12:40,"12,0","1016,2",00,"1014,0",18
2025-07-29,C619Y,LA ALDEA DE SAN NICOLÁS,LAS PALMAS,13,"23,5","0,0","19,9",06:20,"27,1",14:40,01,"9,4","18,3",17:30,"12,0","1015,1",00,"1012,5",16
2025-07-30,C619Y,LA ALDEA DE SAN NICOLÁS,LAS PALMAS,13,"24,6","0,0","22,3",Varias,"27,0",14:00,05,"8,1","16,4",06:40,"12,3","1014,8",11,"1012,8",04
2025-07-31,C619Y,LA ALDEA DE SAN NICOLÁS,LAS PALMAS,13,"25,5",,"22,4",06:00,"28,6",14:40,04,"5,3","13,9",01:20,"12,0","1014,9",11,"1012,8",18
2025-08-01,C619Y,LA ALDEA DE SAN NICOLÁS,LAS PALMAS,13,"27,6","0,0","22,7",05:00,"32,5",13:10,10,"3,3","11,7",14:20,"9,8","1013,6",00,"1010,7",18
2025-08-02,C619Y,LA ALDEA DE SAN NICOLÁS,LAS PALMAS,13,"27,4","0,0","23,7",Varias,"31,0",15:10,10,"6,1","16,9",22:00,"5,1","1014,3",24,"1010,7",03
2025-08-03,C619Y,LA ALDEA DE SAN NICOLÁS,LAS PALMAS,13,"25,8","0,0","22,9",07:00,"28,7",12:50,09,"5,3","16,9",18:10,"11,5","1017,6",22,"1013,7",02
2025-08-04,C619Y,LA ALDEA DE SAN NICOLÁS,LAS PALMAS,13,"24,5","0,0","22,2",05:50,"26,8",15:20,03,"8,1","17,8",18:10,"11,8","1017,9",11,"1015,9",04
2025-08-05,C619Y,LA ALDEA DE SAN NICOLÁS,LAS PALMAS,13,"23,6","0,0","19,8",07:20,"27,3",15:50,02,"6,4","16,9",12:00,"11,9","1017,4",12,"1014,8",19
2025-08-06,C619Y,LA ALDEA DE SAN NICOLÁS,LAS PALMAS,13,"25,2","0,0","21,8",05:00,"28,7",10:50,02,"5,8","16,1",13:00,"11,4","1015,9",00,"1013,3",18
2025-08-07,C619Y,LA ALDEA DE SAN NICOLÁS,LAS PALMAS,13,"23,8","0,0","19,8",07:00,"27,7",14:50,01,"7,2","19,7",15:30,"11,6","1014,6",00,"1012,8",Varias
2025-08-08,C619Y,LA ALDEA DE SAN NICOLÁS,LAS PALMAS,13,"25,8","0,0","22,0",03:50,"29,7",16:00,03,"8,1","15,8",06:40,"10,9","1014,1",10,"1010,9",17
2025-08-09,C619Y,LA ALDEA DE SAN NICOLÁS,LAS PALMAS,13,"27,4","0,0","20,7",06:00,"34,0",12:00,36,"4,4","15,6",19:50,"11,4","1011,4",00,"1009,8",03
2025-08-10,C619Y,LA ALDEA DE SAN NICOLÁS,LAS PALMAS,13,"26,6",,"21,9",05:30,"31,4",11:00,02,"5,6","15,3",17:20,"11,1","1013,2",22,"1009,2",Varias
2025-08-11,C619Y,LA ALDEA DE SAN NICOLÁS,LAS PALMAS,13,"26,6","0,0","24,1",23:59,"29,2",14:00,04,"7,2","16,1",17:00,"10,9","1012,9",00,"1010,4",Varias
2025-08-12,C619Y,LA ALDEA DE SAN NICOLÁS,LAS PALMAS,13,"25,6","0,0","23,3",06:50,"27,9",13:30,03,"8,3","17,2",12:30,"11,3","1012,6",22,"1010,1",18
2025-08-13,C619Y,LA ALDEA DE SAN NICOLÁS,LAS PALMAS,13,"25,1","0,0","22,2",06:40,"28,0",13:20,01,"6,9","18,6",15:10,"11,4","1013,2",Varias,"1010,9",Varias
2025-08-14,C619Y,LA ALDEA DE SAN NICOLÁS,LAS PALMAS,13,"25,0","0,0","23,0",04:00,"27,0",13:00,01,"7,8","18,9",13:40,"11,4","1013,7",22,"1011,4",04
2025-08-15,C619Y,LA ALDEA DE SAN NICOLÁS,LAS PALMAS,13,"24,0","0,0","21,1",07:00,"26,8",11:00,03,"7,2","18,3",15:50,"7,1","1014,1",11,"1012,2",18
2025-08-16,C619Y,LA ALDEA DE SAN NICOLÁS,LAS PALMAS,13,"25,4","0,0","23,5",05:00,"27,2",12:30,03,"7,8","17,8",21:10,"7,7","1015,3",11,"1012,6",04
2025-08-17,C619Y,LA ALDEA DE SAN NICOLÁS,LAS PALMAS,13,"25,9","0,0","23,5",03:00,"28,3",14:20,04,"9,7","20,8",16:20,"10,8",,,,
2025-08-18,C619Y,LA ALDEA DE SAN NICOLÁS,LAS PALMAS,13,"25,6","0,0","23,4",04:30,"27,9",15:00,04,"8,6","21,1",19:10,"11,2",,,,
2025-08-19,C619Y,LA ALDEA DE SAN NICOLÁS,LAS PALMAS,13,"25,8","0,0","23,3",Varias,"28,2",13:40,36,"10,3","21,7",16:30,"11,4",,,,
2025-08-20,C619Y,LA ALDEA DE SAN NICOLÁS,LAS PALMAS,13,"25,5","0,0","23,1",04:00,"27,9",13:00,06,"10,6","21,9",04:20,"11,6",,,,
2025-08-21,C619Y,LA ALDEA DE SAN NICOLÁS,LAS PALMAS,13,"25,0","0,0","22,4",04:00,"27,6",14:40,04,"7,8","18,1",12:10,"11,1","1013,4",22,"1010,6",04
2025-08-22,C619Y,LA ALDEA DE SAN NICOLÁS,LAS PALMAS,13,"25,3","0,0","20,5",06:50,"30,1",12:10,03,"5,8","16,1",19:20,"9,3","1015,8",09,"1012,0",Varias
2025-08-23,C619Y,LA ALDEA DE SAN NICOLÁS,LAS PALMAS,13,"25,0","0,0","21,2",06:50,"28,9",14:20,02,"5,8","15,0",16:10,"11,5","1014,9",23,"1013,2",19
2025-08-24,C619Y,LA ALDEA DE SAN NICOLÁS,LAS PALMAS,13,"23,8","0,0","20,4",06:50,"27,3",14:30,36,"7,2","19,2",17:00,"11,6","1015,6",Varias,"1013,1",03
2025-08-25,C619Y,LA ALDEA DE SAN NICOLÁS,LAS PALMAS,13,"26,0","0,0","23,1",02:00,"29,0",13:20,07,"6,4","20,3",11:30,"11,2",,,,
2025-08-26,C619Y,LA ALDEA DE SAN NICOLÁS,LAS PALMAS,13,"25,0","0,0","22,3",05:50,"27,8",16:30,08,"6,4","17,5",18:10,"7,0","1016,3",00,"1012,2",18
2025-08-27,C619Y,LA ALDEA DE SAN NICOLÁS,LAS PALMAS,13,"25,8","0,0","22,4",23:59,"29,1",14:40,10,"8,3","18,6",00:20,"11,9","1015,9",22,"1013,0",04
2025-08-28,C619Y,LA ALDEA DE SAN NICOLÁS,LAS PALMAS,13,"25,1","0,0","21,3",03:20,"28,9",13:40,05,"8,9","20,0",17:30,"11,8","1017,3",11,"1014,7",03
2025-08-29,C619Y,LA ALDEA DE SAN NICOLÁS,LAS PALMAS,13,"25,1","0,0","21,9",07:30,"28,3",12:00,06,"7,5","18,9",17:00,"11,8",,,,
2025-08-30,C619Y,LA ALDEA DE SAN NICOLÁS,LAS PALMAS,13,"25,4","0,0","22,4",06:00,"28,3",11:50,08,"7,5","22,2",22:20,"11,6",,,,
2025-08-31,C619Y,LA ALDEA DE SAN NICOLÁS,LAS PALMAS,13,"26,2","0,0","23,4",07:00,"29,0",12:00,06,"6,7","20,3",01:10,"11,1",,,,
2025-09-01,C619Y,LA ALDEA DE SAN NICOLÁS,LAS PALMAS,13,"26,0","0,0","23,3",05:20,"28,7",15:30,06,"10,3","24,7",15:50,"10,6",,,,
2025-09-02,C619Y,LA ALDEA DE SAN NICOLÁS,LAS PALMAS,13,"26,0","0,0","22,6",06:40,"29,3",14:40,06,"7,5","21,4",14:50,"11,6",,,,
2025-09-03,C619Y,LA ALDEA DE SAN NICOLÁS,LAS PALMAS,13,"24,6","0,0","21,4",04:50,"27,8",14:20,07,"8,6","19,7",10:50,"11,7",,,,
2025-09-04,C619Y,LA ALDEA DE SAN NICOLÁS,LAS PALMAS,13,"25,4","0,0","22,1",07:20,"28,6",14:10,06,"8,9","23,6",21:00,"11,6",,,,
2025-09-05,C619Y,LA ALDEA DE SAN NICOLÁS,LAS PALMAS,13,"24,8","0,0","22,5",05:30,"27,1",14:40,35,"10,3","20,8",02:10,"11,6",,,,
2025-09-06,C619Y,LA ALDEA DE SAN NICOLÁS,LAS PALMAS,13,"23,0","0,0","19,1",07:00,"27,0",11:30,04,"6,9","18,9",17:00,"9,8","1013,5",23,"1010,4",17
2025-09-07,C619Y,LA ALDEA DE SAN NICOLÁS,LAS PALMAS,13,"24,6","0,0","21,7",06:00,"27,5",14:10,03,"6,9","15,8",17:10,"9,4","1015,4",22,"1011,5",04
2025-09-08,C619Y,LA ALDEA DE SAN NICOLÁS,LAS PALMAS,13,"26,0","0,0","22,9",03:20,"29,2",11:30,06,"6,1","17,2",23:50,"10,2","1017,6",24,"1013,5",04
2025-09-09,C619Y,LA ALDEA DE SAN NICOLÁS,LAS PALMAS,13,"25,2","0,0","22,6",23:59,"27,9",16:00,99,"9,4","23,9",15:40,"10,1",,,,
2025-09-10,C619Y,LA ALDEA DE SAN NICOLÁS,LAS PALMAS,13,"24,9","0,0","21,8",05:30,"28,0",14:00,07,"9,2","24,4",14:50,"11,2",,,,
2025-09-11,C619Y,LA ALDEA DE SAN NICOLÁS,LAS PALMAS,13,"26,2","0,0","22,6",05:50,"29,8",14:20,08,"7,8","21,1",12:20,"11,4",,,,
2025-09-12,C619Y,LA ALDEA DE SAN NICOLÁS,LAS PALMAS,13,"26,2","0,0","23,2",02:20,"29,2",13:40,05,"7,2","19,4",19:10,"11,4",,,,
2025-09-13,C619Y,LA ALDEA DE SAN NICOLÁS,LAS PALMAS,13,"25,0","0,0","22,6",06:00,"27,4",14:20,04,"9,4","20,8",18:20,"11,2","1016,7",11,"1014,7",Varias
2025-09-14,C619Y,LA ALDEA DE SAN NICOLÁS,LAS PALMAS,13,"25,4","0,0","23,2",Varias,"27,5",13:40,04,"8,1","18,6",18:20,"10,8",,,,
2025-09-15,C619Y,LA ALDEA DE SAN NICOLÁS,LAS PALMAS,13,"23,4","0,0","19,6",06:00,"27,2",13:10,04,"8,1","18,6",15:00,"11,2","1015,8",10,"1012,7",16
2025-09-16,C619Y,LA ALDEA DE SAN NICOLÁS,LAS PALMAS,13,"25,4","0,0","20,1",05:50,"30,7",14:30,30,"3,3","8,3",15:30,"10,6","1014,6",00,"1012,4",15
2025-09-17,C619Y,LA ALDEA DE SAN NICOLÁS,LAS PALMAS,13,"30,2","0,0","24,0",07:00,"36,5",13:20,29,"3,1","8,9",16:30,"9,6","1015,8",10,"1012,9",16
2025-09-18,C619Y,LA ALDEA DE SAN NICOLÁS,LAS PALMAS,13,"31,8","0,0","25,2",04:00,"38,4",11:00,01,"3,3","10,3",11:50,"8,1","1015,7",23,"1012,9",05
2025-09-19,C619Y,LA ALDEA DE SAN NICOLÁS,LAS PALMAS,13,"30,2","0,0","26,1",00:10,"34,4",15:10,04,"6,4","16,7",18:10,"9,7","1017,9",22,"1012,0",04
2025-09-20,C619Y,LA ALDEA DE SAN NICOLÁS,LAS PALMAS,13,"34,2","0,0","29,7",23:59,"38,7",13:10,09,"5,6","17,8",10:40,"7,1","1018,2",11,"1015,1",07
2025-09-21,C619Y,LA ALDEA DE SAN NICOLÁS,LAS PALMAS,13,"27,4","0,0","24,6",23:40,"30,3",01:50,10,"6,4","16,1",21:40,"11,0","1017,1",00,"1014,8",04
2025-09-22,C619Y,LA ALDEA DE SAN NICOLÁS,LAS PALMAS,13,"25,8","0,0","22,8",23:59,"28,8",15:00,09,"5,6","20,8",18:10,"10,0",,,,
2025-09-23,C619Y,LA ALDEA DE SAN NICOLÁS,LAS PALMAS,13,"25,4","0,0","21,8",23:59,"29,1",13:50,09,"6,7","18,1",00:50,"10,6","1018,3",11,"1015,5",05
2025-09-24,C619Y,LA ALDEA DE SAN NICOLÁS,LAS PALMAS,13,"24,2","0,0","20,3",08:30,"28,0",16:30,10,"3,9","13,6",16:00,"8,6","1018,4",23,"1015,5",04
2025-09-25,C619Y,LA ALDEA DE SAN NICOLÁS,LAS PALMAS,13,"23,3","0,0","18,3",07:20,"28,3",14:10,07,"2,2","13,6",12:10,"7,8","1018,3",00,"1016,4",Varias
2025-09-26,C619Y,LA ALDEA DE SAN NICOLÁS,LAS PALMAS,13,"22,4","0,0","16,9",07:10,"27,9",12:40,05,"3,9","14,4",16:20,"11,1","1019,4",22,"1016,7",04
2025-09-27,C619Y,LA ALDEA DE SAN NICOLÁS,LAS PALMAS,13,"24,0","0,0","20,9",02:40,"27,0",15:30,08,"7,8","16,4",21:10,"11,1","1021,3",22,"1017,8",Varias
2025-09-28,C619Y,LA ALDEA DE SAN NICOLÁS,LAS PALMAS,13,"26,6","0,0","22,4",06:00,"30,8",13:20,09,"6,7","19,2",18:40,"8,3","1020,8",10,"1017,4",18
2025-09-29,C619Y,LA ALDEA DE SAN NICOLÁS,LAS PALMAS,13,"24,8","0,0","22,0",07:00,"27,5",13:20,07,"6,7","21,4",14:10,"10,6","1019,1",01,"1015,2",16
2025-09-30,C619Y,LA ALDEA DE SAN NICOLÁS,LAS PALMAS,13,"23,9","0,0","19,5",06:40,"28,3",13:00,09,"4,7","17,5",16:00,"11,0","1018,1",10,"1015,1",16
2025-10-01,C619Y,LA ALDEA DE SAN NICOLÁS,LAS PALMAS,13,"22,2","0,0","16,0",07:20,"28,3",13:10,06,"4,7","13,1",14:10,"10,8","1017,9",10,"1015,4",04
2025-10-02,C619Y,LA ALDEA DE SAN NICOLÁS,LAS PALMAS,13,"24,1","0,0","20,2",03:50,"28,0",11:50,03,"5,0","11,7",06:30,"9,5","1018,4",22,"1014,6",06
2025-10-03,C619Y,LA ALDEA DE SAN NICOLÁS,LAS PALMAS,13,"23,8","0,0","19,0",07:00,"28,5",16:00,01,"5,0","13,3",17:10,"10,9","1021,4",23,"1017,7",Varias
2025-10-04,C619Y,LA ALDEA DE SAN NICOLÁS,LAS PALMAS,13,"23,3","0,0","19,2",07:00,"27,4",12:50,01,"7,5","19,2",14:10,"10,8","1021,3",09,"1018,5",15
2025-10-05,C619Y,LA ALDEA DE SAN NICOLÁS,LAS PALMAS,13,"24,3","0,0","21,8",23:59,"26,8",11:20,09,"10,0","21,7",10:30,"10,8","1020,8",00,"1016,3",17
2025-10-06,C619Y,LA ALDEA DE SAN NICOLÁS,LAS PALMAS,13,"24,4","0,0","20,6",03:40,"28,1",13:50,06,"6,9","18,6",23:59,"10,7",,,,
2025-10-07,C619Y,LA ALDEA DE SAN NICOLÁS,LAS PALMAS,13,"24,4","0,0","22,2",07:00,"26,5",13:40,06,"10,3","22,2",16:50,"10,8",,,,
2025-10-08,C619Y,LA ALDEA DE SAN NICOLÁS,LAS PALMAS,13,"24,4","0,0","22,0",23:50,"26,9",13:40,04,"8,3","21,1",00:30,"10,5","1018,7",00,"1016,3",Varias
2025-10-09,C619Y,LA ALDEA DE SAN NICOLÁS,LAS PALMAS,13,"22,8","0,0","17,1",06:40,"28,5",13:40,04,"5,8","20,0",18:10,"10,6","1018,3",21,"1016,0",15
2025-10-10,C619Y,LA ALDEA DE SAN NICOLÁS,LAS PALMAS,13,"22,9","0,0","18,7",06:50,"27,1",12:00,08,"6,1","19,7",17:30,"10,7","1018,4",10,"1015,8",17
2025-10-11,C619Y,LA ALDEA DE SAN NICOLÁS,LAS PALMAS,13,"24,4","0,0","21,9",06:00,"27,0",13:50,06,"5,6","18,1",18:10,"10,5","1017,3",00,"1013,5",16
2025-10-12,C619Y,LA ALDEA DE SAN NICOLÁS,LAS PALMAS,13,"24,1","0,0","20,6",06:40,"27,6",13:50,08,"4,4","17,2",16:40,"10,6","1015,2",00,"1012,9",04
2025-10-13,C619Y,LA ALDEA DE SAN NICOLÁS,LAS PALMAS,13,"22,4","0,0","18,3",07:00,"26,6",12:30,08,"3,9","11,7",00:20,"5,0","1014,7",22,"1012,8",19
2025-10-14,C619Y,LA ALDEA DE SAN NICOLÁS,LAS PALMAS,13,"21,8","0,0","16,1",07:00,"27,6",13:40,34,"2,5","5,8",12:00,"10,4","1015,2",23,"1012,6",04
2025-10-15,C619Y,LA ALDEA DE SAN NICOLÁS,LAS PALMAS,13,"21,7","0,0","16,5",07:00,"26,9",15:10,33,"3,1","8,1",16:20,"7,6","1016,8",10,"1013,6",19
2025-10-16,C619Y,LA ALDEA DE SAN NICOLÁS,LAS PALMAS,13,"21,8","0,0","17,9",07:40,"25,6",14:50,29,"3,3","8,3",15:40,"7,4","1015,3",00,"1012,6",Varias
2025-10-17,C619Y,LA ALDEA DE SAN NICOLÁS,LAS PALMAS,13,"22,1","0,0","18,0",07:00,"26,2",14:00,28,"3,9","8,1",14:40,"7,6","1013,1",23,"1010,6",Varias
2025-10-18,C619Y,LA ALDEA DE SAN NICOLÁS,LAS PALMAS,13,"24,0","0,0","21,0",07:30,"26,9",13:40,01,"2,2","8,6",12:30,"2,8","1015,7",22,"1011,5",04
2025-10-19,C619Y,LA ALDEA DE SAN NICOLÁS,LAS PALMAS,13,"24,7","0,0","21,8",04:00,"27,6",11:20,99,"4,7","11,9",Varias,"9,2","1016,9",12,"1014,3",04
2025-10-20,C619Y,LA ALDEA DE SAN NICOLÁS,LAS PALMAS,13,"23,2","0,0","19,0",07:40,"27,3",15:50,06,"5,0","15,0",21:40,"5,3","1017,4",10,"1014,8",Varias
2025-10-21,C619Y,LA ALDEA DE SAN NICOLÁS,LAS PALMAS,13,"24,9","0,0","21,2",08:00,"28,6",15:20,06,"5,6","15,8",18:10,"10,0","1017,8",10,"1014,8",04
2025-10-22,C619Y,LA ALDEA DE SAN NICOLÁS,LAS PALMAS,13,"23,0","0,0","17,9",07:00,"28,1",15:20,01,"3,9","13,6",17:10,"10,4","1017,9",22,"1014,7",16
2025-10-23,C619Y,LA ALDEA DE SAN NICOLÁS,LAS PALMAS,13,"23,7","0,0","19,3",05:00,"28,1",14:50,07,"4,2","15,3",10:30,"10,2","1017,7",11,"1015,7",15
2025-10-24,C619Y,LA ALDEA DE SAN NICOLÁS,LAS PALMAS,13,"23,8","0,0","20,2",23:59,"27,3",10:10,06,"3,3","10,8",00:10,"8,2","1017,8",11,"1015,3",17
2025-10-25,C619Y,LA ALDEA DE SAN NICOLÁS,LAS PALMAS,13,"22,1","0,0","17,2",07:40,"27,0",13:20,27,"3,1","8,6",14:00,"10,1","1017,6",Varias,"1015,1",16
2025-10-26,C619Y,LA ALDEA DE SAN NICOLÁS,LAS PALMAS,13,"22,2","0,0","18,2",07:00,"26,1",14:00,30,"3,1","6,4",12:20,"9,1","1018,1",11,"1015,7",Varias
2025-10-27,C619Y,LA ALDEA DE SAN NICOLÁS,LAS PALMAS,13,"22,4","0,0","18,5",03:50,"26,4",13:30,28,"3,1","8,9",13:20,"7,3","1018,6",11,"1015,8",Varias
2025-10-28,C619Y,LA ALDEA DE SAN NICOLÁS,LAS PALMAS,13,"23,9","0,0","18,4",05:40,"29,4",13:50,27,"3,9","10,8",15:30,"9,0","1017,3",09,"1014,2",15
2025-10-29,C619Y,LA ALDEA DE SAN NICOLÁS,LAS PALMAS,13,"24,1","0,0","18,8",05:20,"29,4",14:30,99,"4,2","11,1",Varias,"8,1","1016,8",22,"1013,6",04
2025-10-30,C619Y,LA ALDEA DE SAN NICOLÁS,LAS PALMAS,13,"22,4",,"17,5",07:10,"27,2",15:40,35,"3,6","10,3",13:50,,"1017,3",10,"1014,4",15
2025-10-31,C619Y,LA ALDEA DE SAN NICOLÁS,LAS PALMAS,13,"20,9","0,0","16,4",07:50,"25,4",14:10,29,"3,3","8,6",12:30,"9,0","1017,0",10,"1014,4",16
2025-11-01,C619Y,LA ALDEA DE SAN NICOLÁS,LAS PALMAS,13,"20,7","0,0","15,4",07:30,"26,0",17:00,30,"3,1","6,9",16:10,"9,8","1018,0",22,"1014,9",05
2025-11-02,C619Y,LA ALDEA DE SAN NICOLÁS,LAS PALMAS,13,"22,8","0,0","15,6",07:40,"30,1",17:00,28,"3,1","6,4",14:00,"10,0","1020,6",11,"1017,0",02
2025-11-03,C619Y,LA ALDEA DE SAN NICOLÁS,LAS PALMAS,13,"21,0","0,0","15,7",06:20,"26,2",11:40,27,"3,6","7,8",20:10,"8,1","1018,5",11,"1015,7",17
2025-11-04,C619Y,LA ALDEA DE SAN NICOLÁS,LAS PALMAS,13,"22,2","0,0","14,5",07:20,"30,0",14:00,30,"2,8","10,3",15:00,"10,0","1016,9",00,"1012,7",15
2025-11-05,C619Y,LA ALDEA DE SAN NICOLÁS,LAS PALMAS,13,"23,2","0,0","17,7",06:30,"28,7",13:20,01,"7,2","14,7",07:00,"9,0","1018,4",23,"1014,3",04
2025-11-06,C619Y,LA ALDEA DE SAN NICOLÁS,LAS PALMAS,13,"23,0","0,0","18,9",07:50,"27,0",12:50,07,"4,4","14,2",17:50,"9,2","1018,4",11,"1015,9",17
2025-11-07,C619Y,LA ALDEA DE SAN NICOLÁS,LAS PALMAS,13,"23,9","0,0","21,1",05:20,"26,7",14:40,08,"6,1","18,3",14:50,"9,6","1018,4",23,"1015,5",16
2025-11-08,C619Y,LA ALDEA DE SAN NICOLÁS,LAS PALMAS,13,"24,6","0,0","21,3",05:00,"27,9",13:50,99,"6,7","20,3",13:50,"9,9",,,,
2025-11-09,C619Y,LA ALDEA DE SAN NICOLÁS,LAS PALMAS,13,"24,8","0,0","21,6",07:30,"28,0",13:20,09,"6,1","17,5",17:20,"9,8","1018,9",11,"1016,1",18
2025-11-10,C619Y,LA ALDEA DE SAN NICOLÁS,LAS PALMAS,13,"21,8","0,0","16,0",04:00,"27,6",14:00,08,"5,3","15,8",13:50,"9,7","1017,9",09,"1014,5",16
2025-11-11,C619Y,LA ALDEA DE SAN NICOLÁS,LAS PALMAS,13,"19,8","0,0","15,3",07:50,"24,4",13:50,27,"3,6","9,2",16:00,"9,4","1015,3",00,"1011,3",17
2025-11-12,C619Y,LA ALDEA DE SAN NICOLÁS,LAS PALMAS,13,"23,2","30,0","19,7",00:10,"26,7",13:20,18,"4,4","18,1",23:10,"4,8","1011,8",00,"1007,8",Varias
2025-11-13,C619Y,LA ALDEA DE SAN NICOLÁS,LAS PALMAS,13,"21,3","0,2","18,2",23:40,"24,4",14:10,20,"3,1","17,8",01:30,"1,7","1013,4",23,"1006,0",06
2025-11-14,C619Y,LA ALDEA DE SAN NICOLÁS,LAS PALMAS,13,"19,8","0,0","15,5",Varias,"24,1",13:40,27,"2,5","7,8",15:10,"9,2","1017,4",23,"1013,0",02
2025-11-15,C619Y,LA ALDEA DE SAN NICOLÁS,LAS PALMAS,13,"19,1","0,0","14,0",07:00,"24,2",15:00,27,"2,5","6,7",12:10,"9,4","1018,8",11,"1016,3",04
2025-11-16,C619Y,LA ALDEA DE SAN NICOLÁS,LAS PALMAS,13,"20,2","0,0","15,2",07:40,"25,1",11:50,08,"3,6","11,9",23:20,"5,2","1020,2",24,"1017,4",15
2025-11-17,C619Y,LA ALDEA DE SAN NICOLÁS,LAS PALMAS,13,"21,2","0,2","16,8",04:20,"25,6",13:20,07,"5,0","18,9",17:20,"9,4","1021,9",11,"1018,1",16
2025-11-18,C619Y,LA ALDEA DE SAN NICOLÁS,LAS PALMAS,13,"23,0","0,0","19,5",02:50,"26,5",14:10,09,"6,1","15,3",02:20,"7,0","1020,3",10,"1016,5",16
2025-11-19,C619Y,LA ALDEA DE SAN NICOLÁS,LAS PALMAS,13,"22,4","0,0","18,8",05:20,"26,0",14:10,09,"3,6","12,8",16:00,"6,9","1017,7",00,"1014,3",Varias
2025-11-20,C619Y,LA ALDEA DE SAN NICOLÁS,LAS PALMAS,13,"20,0","0,0","15,2",08:00,"24,9",13:40,03,"4,2","12,5",16:40,"5,8","1017,8",23,"1014,4",Varias
2025-11-21,C619Y,LA ALDEA DE SAN NICOLÁS,LAS PALMAS,13,"20,7","0,0","16,4",07:40,"25,0",15:00,10,"6,4","16,9",19:50,"5,2","1018,8",22,"1015,7",Varias
2025-11-22,C619Y,LA ALDEA DE SAN NICOLÁS,LAS PALMAS,13,"21,3","0,0","18,1",07:20,"24,5",12:50,03,"6,1","17,2",14:00,"8,1","1018,7",10,"1015,9",15
2025-11-23,C619Y,LA ALDEA DE SAN NICOLÁS,LAS PALMAS,13,"20,6","0,0","13,8",06:00,"27,5",13:50,29,"2,2","7,8",11:30,"8,4","1019,6",24,"1015,7",14
2025-11-24,C619Y,LA ALDEA DE SAN NICOLÁS,LAS PALMAS,13,"22,7","0,0","16,7",07:50,"28,7",14:30,01,"2,2","8,3",13:30,"7,0","1021,4",10,"1018,3",14
2025-11-25,C619Y,LA ALDEA DE SAN NICOLÁS,LAS PALMAS,13,"21,0","0,0","16,1",08:00,"25,9",12:30,01,"4,2","15,0",15:30,"8,5","1020,7",00,"1017,7",Varias
2025-11-26,C619Y,LA ALDEA DE SAN NICOLÁS,LAS PALMAS,13,"20,6","0,0","17,1",08:00,"24,1",14:10,04,"4,7","12,5",18:30,"5,9","1019,8",10,"1016,5",18
2025-11-27,C619Y,LA ALDEA DE SAN NICOLÁS,LAS PALMAS,13,"21,8","0,0","19,1",06:00,"24,5",11:40,09,"4,7","13,1",16:10,"2,6","1018,1",11,"1015,4",16
2025-11-28,C619Y,LA ALDEA DE SAN NICOLÁS,LAS PALMAS,13,"19,7","0,0","15,1",05:50,"24,3",13:10,10,"4,7","17,8",16:00,"8,8","1018,6",23,"1015,6",16
2025-11-29,C619Y,LA ALDEA DE SAN NICOLÁS,LAS PALMAS,13,"19,4","0,0","15,1",05:40,"23,8",14:40,06,"7,5","18,6",16:00,"9,1","1018,2",Varias,"1015,6",Varias
2025-11-30,C619Y,LA ALDEA DE SAN NICOLÁS,LAS PALMAS,13,"20,5","2,4","15,7",08:30,"25,3",13:50,09,"6,9","16,9",17:20,"9,1","1019,4",11,"1016,0",15
2025-12-01,C619Y,LA ALDEA DE SAN NICOLÁS,LAS PALMAS,13,"21,6","0,0","18,6",Varias,"24,5",13:20,09,"5,8","16,1",14:50,"5,2","1019,7",23,"1016,5",05
2025-12-02,C619Y,LA ALDEA DE SAN NICOLÁS,LAS PALMAS,13,"21,0","0,0","18,3",05:40,"23,7",12:40,04,"7,8","16,9",17:50,"9,1","1021,7",23,"1017,8",05
2025-12-03,C619Y,LA ALDEA DE SAN NICOLÁS,LAS PALMAS,13,"19,0","0,0","13,6",06:50,"24,3",11:00,03,"6,9","17,8",14:00,"8,1","1022,2",Varias,"1019,1",15
2025-12-04,C619Y,LA ALDEA DE SAN NICOLÁS,LAS PALMAS,13,"19,0","0,0","14,7",23:59,"23,4",12:30,02,"7,8","17,5",16:00,"8,2","1022,0",11,"1018,8",16
2025-12-05,C619Y,LA ALDEA DE SAN NICOLÁS,LAS PALMAS,13,"17,2","0,0","11,7",07:50,"22,7",14:10,28,"2,8","7,5",12:00,"7,7","1021,6",11,"1018,9",16
2025-12-06,C619Y,LA ALDEA DE SAN NICOLÁS,LAS PALMAS,13,"19,0","0,0","13,9",05:10,"24,2",13:00,99,"2,2","6,4",Varias,"2,9","1021,0",00,"1018,1",Varias
2025-12-07,C619Y,LA ALDEA DE SAN NICOLÁS,LAS PALMAS,13,"19,4","0,0","13,4",08:10,"25,4",16:00,27,"2,2","5,8",15:00,"9,0","1020,4",11,"1017,6",15
2025-12-08,C619Y,LA ALDEA DE SAN NICOLÁS,LAS PALMAS,13,"17,4","0,0","10,5",07:40,"24,4",13:10,30,"2,5","7,2",13:20,"9,0","1020,9",22,"1017,7",04
2025-12-09,C619Y,LA ALDEA DE SAN NICOLÁS,LAS PALMAS,13,"18,4","0,0","10,3",06:30,"26,6",13:00,26,"3,3","8,3",11:40,"8,5","1021,7",22,"1019,4",05
2025-12-10,C619Y,LA ALDEA DE SAN NICOLÁS,LAS PALMAS,13,"17,4","0,0","12,0",Varias,"22,9",10:50,09,"5,6","16,4",22:20,"5,0","1022,7",24,"1020,1",05
2025-12-11,C619Y,LA ALDEA DE SAN NICOLÁS,LAS PALMAS,13,"17,0","0,0","10,8",07:30,"23,2",13:10,08,"3,1","13,6",20:00,"8,8","1022,5",00,"1019,0",Varias
2025-12-12,C619Y,LA ALDEA DE SAN NICOLÁS,LAS PALMAS,13,"18,4","21,8","15,6",23:59,"21,3",10:20,99,"5,3","21,1",Varias,"3,4","1020,8",11,"1016,1",17
2025-12-13,C619Y,LA ALDEA DE SAN NICOLÁS,LAS PALMAS,13,"16,0","34,4","13,2",01:10,"18,8",16:20,33,"5,3","25,3",10:40,"1,7",,,,
2025-12-14,C619Y,LA ALDEA DE SAN NICOLÁS,LAS PALMAS,13,"17,8","0,8","14,9",05:00,"20,7",15:40,09,"3,6","15,3",23:20,"2,4","1017,0",24,"1011,6",Varias
2025-12-15,C619Y,LA ALDEA DE SAN NICOLÁS,LAS PALMAS,13,"18,8","3,6","14,1",07:40,"23,6",13:00,08,"3,6","12,2",15:50,"8,0","1022,1",22,"1016,7",04
2025-12-16,C619Y,LA ALDEA DE SAN NICOLÁS,LAS PALMAS,13,"19,1","2,6","15,5",02:10,"22,7",12:50,10,"6,4","17,2",18:30,"3,0","1024,8",11,"1021,4",01
2025-12-17,C619Y,LA ALDEA DE SAN NICOLÁS,LAS PALMAS,13,"18,6","18,2","16,8",07:00,"20,3",14:50,08,"6,7","17,8",12:50,"0,8","1024,0",10,"1020,6",16
2025-12-18,C619Y,LA ALDEA DE SAN NICOLÁS,LAS PALMAS,13,"19,2","2,6","16,9",06:40,"21,5",12:40,10,"5,3","15,3",16:50,"3,8","1022,7",11,"1020,1",16
2025-12-19,C619Y,LA ALDEA DE SAN NICOLÁS,LAS PALMAS,13,"20,0","0,2","17,3",22:20,"22,8",12:30,10,"5,6","14,2",23:59,"7,7","1022,9",11,"1019,9",17
2025-12-20,C619Y,LA ALDEA DE SAN NICOLÁS,LAS PALMAS,13,"18,8","0,2","14,8",04:20,"22,8",13:50,09,"7,2","18,9",16:10,"8,5","1022,8",11,"1019,5",17
2025-12-21,C619Y,LA ALDEA DE SAN NICOLÁS,LAS PALMAS,13,"19,4","6,0","16,3",03:50,"22,6",13:30,09,"4,7","12,2",00:50,"5,7","1020,6",00,"1017,1",16
2025-12-22,C619Y,LA ALDEA DE SAN NICOLÁS,LAS PALMAS,13,"18,9","0,6","16,2",05:40,"21,6",13:10,07,"5,6","17,2",16:00,"7,8","1020,4",23,"1017,3",04
2025-12-23,C619Y,LA ALDEA DE SAN NICOLÁS,LAS PALMAS,13,"16,7","0,0","11,4",07:50,"22,0",13:30,10,"5,3","16,7",14:40,"8,9","1021,3",11,"1017,7",16
2025-12-24,C619Y,LA ALDEA DE SAN NICOLÁS,LAS PALMAS,13,"19,2","0,2","15,7",07:30,"22,8",13:30,08,"2,2","10,0",00:20,"8,1","1018,2",00,"1012,3",18
2025-12-25,C619Y,LA ALDEA DE SAN NICOLÁS,LAS PALMAS,13,"18,4","1,0","15,3",22:50,"21,5",14:20,11,"5,6","13,3",13:20,"4,6","1018,5",23,"1012,5",05
2025-12-26,C619Y,LA ALDEA DE SAN NICOLÁS,LAS PALMAS,13,"16,8","0,0","12,0",07:30,"21,7",16:30,07,"2,5","8,3",01:10,"6,1","1020,3",11,"1017,6",05
2025-12-27,C619Y,LA ALDEA DE SAN NICOLÁS,LAS PALMAS,13,"16,4","0,0","11,7",08:50,"21,2",14:50,27,"2,8","8,1",15:10,"8,9","1018,8",10,"1016,1",Varias
2025-12-28,C619Y,LA ALDEA DE SAN NICOLÁS,LAS PALMAS,13,"16,1","0,0","10,8",05:50,"21,4",15:30,02,"2,5","8,1",15:30,"7,3","1019,6",11,"1016,2",15
2025-12-29,C619Y,LA ALDEA DE SAN NICOLÁS,LAS PALMAS,13,"16,6","0,0","12,1",06:40,"21,2",13:20,27,"2,8","6,7",13:30,"5,7","1020,6",11,"1017,3",Varias
2025-12-30,C619Y,LA ALDEA DE SAN NICOLÁS,LAS PALMAS,13,"15,8","0,0","10,8",08:10,"20,7",14:00,27,"3,6","8,6",15:00,"8,9","1021,6",10,"1018,3",16
2025-12-31,C619Y,LA ALDEA DE SAN NICOLÁS,LAS PALMAS,13,"16,9","0,0","9,7",08:00,"24,1",15:40,35,"3,1","6,7",13:10,"8,9","1020,5",00,"1013,4",24
2026-01-01,C619Y,LA ALDEA DE SAN NICOLÁS,LAS PALMAS,13,"18,4","6,8","12,8",01:20,"24,0",14:00,20,"3,6","12,8",12:20,"5,2","1013,4",00,"1006,0",19
2026-01-02,C619Y,LA ALDEA DE SAN NICOLÁS,LAS PALMAS,13,"19,8","1,6","17,6",23:59,"21,9",13:50,21,"4,4","17,5",11:00,"1,7","1007,8",00,"1003,9",15
2026-01-03,C619Y,LA ALDEA DE SAN NICOLÁS,LAS PALMAS,13,"19,0","0,0","14,5",23:00,"23,6",16:00,99,"4,7","13,3",06:50,"3,6","1008,7",23,"1004,6",05
2026-01-04,C619Y,LA ALDEA DE SAN NICOLÁS,LAS PALMAS,13,"18,0","0,0","12,7",05:30,"23,3",14:40,08,"3,3","11,7",15:10,"8,6","1012,4",24,"1007,5",Varias
2026-01-05,C619Y,LA ALDEA DE SAN NICOLÁS,LAS PALMAS,13,"18,6","4,8","16,3",20:00,"20,9",14:40,07,"4,2","17,8",19:40,"1,6","1019,0",24,"1011,9",Varias
2026-01-06,C619Y,LA ALDEA DE SAN NICOLÁS,LAS PALMAS,13,"17,9","0,4","15,3",19:40,"20,5",13:00,11,"5,6","17,2",15:30,"4,6","1024,5",24,"1018,8",03
2026-01-07,C619Y,LA ALDEA DE SAN NICOLÁS,LAS PALMAS,13,"18,0","0,0","15,7",00:30,"20,3",15:10,08,"6,1","17,5",16:40,"5,2","1027,9",23,"1023,6",Varias
2026-01-08,C619Y,LA ALDEA DE SAN NICOLÁS,LAS PALMAS,13,"15,6","0,0","9,6",23:59,"21,6",14:00,03,"5,6","13,6",01:10,"9,0","1029,7",11,"1026,5",16
2026-01-09,C619Y,LA ALDEA DE SAN NICOLÁS,LAS PALMAS,13,"13,6","0,0","6,4",07:40,"20,9",15:00,99,"3,3","11,7",Varias,"9,1","1029,9",10,"1025,9",16
2026-01-10,C619Y,LA ALDEA DE SAN NICOLÁS,LAS PALMAS,13,"16,4","0,0","11,3",23:50,"21,5",13:30,04,"7,2","14,7",16:00,"7,7","1027,4",11,"1023,7",Varias
2026-01-11,C619Y,LA ALDEA DE SAN NICOLÁS,LAS PALMAS,13,"15,2","0,0","8,9",08:00,"21,5",15:00,24,"3,1","6,1",12:50,"9,1","1024,6",00,"1020,9",16
2026-01-12,C619Y,LA ALDEA DE SAN NICOLÁS,LAS PALMAS,13,"15,4","0,0","9,2",07:50,"21,5",16:00,36,"3,1","8,6",16:30,"7,5","1022,5",00,"1018,0",16
2026-01-13,C619Y,LA ALDEA DE SAN NICOLÁS,LAS PALMAS,13,"15,5","0,4","8,1",06:40,"22,9",13:40,07,"3,1","14,7",13:50,"5,7","1019,9",23,"1016,4",06
2026-01-14,C619Y,LA ALDEA DE SAN NICOLÁS,LAS PALMAS,13,"19,0","0,0","16,0",04:20,"21,9",14:10,11,"6,4","16,4",13:10,"5,0","1022,8",22,"1019,4",05
2026-01-15,C619Y,LA ALDEA DE SAN NICOLÁS,LAS PALMAS,13,"19,2","0,0","16,5",03:40,"21,9",14:00,07,"5,8","18,6",15:30,"9,3","1023,9",11,"1020,8",05
2026-01-16,C619Y,LA ALDEA DE SAN NICOLÁS,LAS PALMAS,13,"18,2","8,6","13,5",07:00,"22,9",14:00,09,"3,9","15,3",10:50,"4,3","1024,3",11,"1021,6",15
2026-01-17,C619Y,LA ALDEA DE SAN NICOLÁS,LAS PALMAS,13,"17,5","5,0","14,9",03:30,"20,1",13:20,10,"4,4","15,0",02:40,"1,3","1023,4",00,"1018,1",Varias
2026-01-18,C619Y,LA ALDEA DE SAN NICOLÁS,LAS PALMAS,13,"17,6","5,2","15,9",00:20,"19,4",11:50,11,"5,3","19,2",20:10,"1,1","1018,4",24,"1014,2",14
2026-01-19,C619Y,LA ALDEA DE SAN NICOLÁS,LAS PALMAS,13,"17,8","0,2","15,5",01:00,"20,1",14:20,10,"6,9","21,4",08:30,"4,3","1023,3",23,"1018,1",05
2026-01-20,C619Y,LA ALDEA DE SAN NICOLÁS,LAS PALMAS,13,"17,6","0,0","14,4",07:40,"20,8",12:00,06,"5,8","17,8",14:20,"8,3","1025,3",11,"1021,3",05
2026-01-21,C619Y,LA ALDEA DE SAN NICOLÁS,LAS PALMAS,13,"19,5","0,0","16,3",06:40,"22,7",14:00,09,"4,7","12,2",16:50,"4,8","1023,0",00,"1018,7",15
2026-01-22,C619Y,LA ALDEA DE SAN NICOLÁS,LAS PALMAS,13,"19,0","0,0","14,5",04:30,"23,5",15:50,08,"2,8","12,2",20:30,"8,1","1020,5",10,"1017,1",18
2026-01-23,C619Y,LA ALDEA DE SAN NICOLÁS,LAS PALMAS,13,"20,6","7,2","16,2",03:40,"25,0",16:10,06,"4,2","15,8",23:20,"6,0","1022,0",24,"1017,3",04
2026-01-24,C619Y,LA ALDEA DE SAN NICOLÁS,LAS PALMAS,13,"16,6","0,0","12,0",23:30,"21,3",14:30,06,"6,9","17,8",15:40,"8,1","1026,6",Varias,"1020,9",03
2026-01-25,C619Y,LA ALDEA DE SAN NICOLÁS,LAS PALMAS,13,"14,6","0,0","8,7",07:00,"20,5",15:50,05,"4,4","10,8",16:00,"9,5","1028,2",11,"1024,5",16
2026-01-26,C619Y,LA ALDEA DE SAN NICOLÁS,LAS PALMAS,13,"14,3","0,0","8,3",07:30,"20,3",15:30,28,"2,8","5,6",13:10,"9,6","1025,6",00,"1021,4",17
2026-01-27,C619Y,LA ALDEA DE SAN NICOLÁS,LAS PALMAS,13,"15,6","0,0","9,9",08:00,"21,3",15:10,24,"3,6","9,2",16:20,"9,6","1022,2",01,"1019,2",15
2026-01-28,C619Y,LA ALDEA DE SAN NICOLÁS,LAS PALMAS,13,"17,1","0,0","11,5",06:10,"22,7",15:00,03,"3,6","10,8",14:40,"6,3","1022,4",23,"1018,5",04
2026-01-29,C619Y,LA ALDEA DE SAN NICOLÁS,LAS PALMAS,13,"18,4","0,0","14,3",08:20,"22,6",11:10,09,"3,1","13,6",19:40,"5,1","1024,2",11,"1021,3",Varias
2026-01-30,C619Y,LA ALDEA DE SAN NICOLÁS,LAS PALMAS,13,"18,8","0,0","14,1",07:30,"23,6",13:10,07,"5,0","17,8",17:50,"9,4","1024,6",11,"1021,2",05
2026-01-31,C619Y,LA ALDEA DE SAN NICOLÁS,LAS PALMAS,13,"18,6","0,0","15,7",05:30,"21,4",17:00,36,"7,8","18,3",14:20,"9,5","1023,0",00,"1020,1",16
2026-02-01,C619Y,LA ALDEA DE SAN NICOLÁS,LAS PALMAS,13,"17,4","0,0","11,6",08:00,"23,2",17:00,02,"5,3","14,7",13:10,"9,9","1021,3",00,"1015,8",21
2026-02-02,C619Y,LA ALDEA DE SAN NICOLÁS,LAS PALMAS,13,"17,2","0,2","12,0",07:40,"22,4",13:20,08,"4,2","13,3",19:50,"7,0","1017,3",00,"1014,4",15
2026-02-03,C619Y,LA ALDEA DE SAN NICOLÁS,LAS PALMAS,13,"17,6","0,0","13,3",23:59,"22,0",11:50,99,"4,7","11,7",Varias,"9,1","1018,9",12,"1015,3",02
2026-02-04,C619Y,LA ALDEA DE SAN NICOLÁS,LAS PALMAS,13,"17,2","0,0","11,8",06:00,"22,7",15:30,26,"4,7","11,4",16:00,"9,7","1017,8",10,"1014,0",Varias
2026-02-05,C619Y,LA ALDEA DE SAN NICOLÁS,LAS PALMAS,13,"18,3","0,0","12,6",01:20,"24,0",15:20,25,"4,2","9,4",14:20,"7,2","1016,1",24,"1011,9",15
2026-02-06,C619Y,LA ALDEA DE SAN NICOLÁS,LAS PALMAS,13,"19,2","0,0","14,8",23:50,"23,7",14:00,08,"5,6","16,4",16:10,"9,9","1023,8",24,"1015,7",01
2026-02-07,C619Y,LA ALDEA DE SAN NICOLÁS,LAS PALMAS,13,"16,8","0,0","10,9",03:50,"22,8",14:00,36,"3,9","10,0",17:00,"9,8","1025,9",24,"1021,9",06
2026-02-08,C619Y,LA ALDEA DE SAN NICOLÁS,LAS PALMAS,13,"17,0","0,0","12,0",06:40,"22,1",15:50,05,"4,4","10,0",17:30,"9,9","1025,8",00,"1022,7",Varias
2026-02-09,C619Y,LA ALDEA DE SAN NICOLÁS,LAS PALMAS,13,"17,8","0,0","13,7",05:30,"21,8",11:50,34,"6,4","13,9",16:30,"10,0","1023,9",Varias,"1020,8",17
2026-02-10,C619Y,LA ALDEA DE SAN NICOLÁS,LAS PALMAS,13,"17,6","0,0","11,6",07:20,"23,5",15:50,02,"5,3","12,8",13:00,"10,2","1022,6",00,"1019,5",16
2026-02-11,C619Y,LA ALDEA DE SAN NICOLÁS,LAS PALMAS,13,"19,4","0,0","12,2",08:00,"26,7",15:10,02,"3,3","10,8",16:10,"10,2","1023,1",Varias,"1020,4",17
2026-02-12,C619Y,LA ALDEA DE SAN NICOLÁS,LAS PALMAS,13,"17,7","0,0","11,5",07:50,"23,9",14:30,03,"3,9","15,8",22:50,"10,2","1023,4",24,"1020,5",18
2026-02-13,C619Y,LA ALDEA DE SAN NICOLÁS,LAS PALMAS,13,"20,8","0,0","17,4",23:50,"24,2",14:00,10,"7,8","21,9",16:40,"5,2",,,,
2026-02-14,C619Y,LA ALDEA DE SAN NICOLÁS,LAS PALMAS,13,"19,3","0,0","16,9",07:30,"21,7",14:50,07,"9,2","21,4",17:40,"10,2",,,,
2026-02-15,C619Y,LA ALDEA DE SAN NICOLÁS,LAS PALMAS,13,"16,8","0,0","12,1",23:59,"21,5",15:10,03,"11,1","22,8",11:10,"10,2",,,,
2026-02-16,C619Y,LA ALDEA DE SAN NICOLÁS,LAS PALMAS,13,"17,3","0,0","9,5",08:00,"25,1",15:00,01,"2,8","7,5",17:40,"9,8","1026,7",11,"1023,4",03
2026-02-17,C619Y,LA ALDEA DE SAN NICOLÁS,LAS PALMAS,13,"16,6","0,0","10,6",05:50,"22,5",13:30,28,"3,6","8,1",12:00,"9,6","1024,6",00,"1020,6",16
2026-02-18,C619Y,LA ALDEA DE SAN NICOLÁS,LAS PALMAS,13,"16,2","0,0","8,3",08:20,"24,1",15:50,03,"4,7","11,4",17:10,"10,2","1021,7",Varias,"1018,9",16
2026-02-19,C619Y,LA ALDEA DE SAN NICOLÁS,LAS PALMAS,13,"15,8","0,0","8,3",07:50,"23,4",17:00,04,"3,3","10,8",23:10,"10,4","1021,6",11,"1018,5",17
2026-02-20,C619Y,LA ALDEA DE SAN NICOLÁS,LAS PALMAS,13,"16,4","0,0","9,2",08:10,"23,7",15:10,36,"4,2","10,3",15:30,"10,4","1021,6",Varias,"1018,6",17
2026-02-21,C619Y,LA ALDEA DE SAN NICOLÁS,LAS PALMAS,13,"16,6","0,0","8,9",07:00,"24,3",15:00,01,"4,2","11,4",16:40,"10,4","1021,5",10,"1018,9",Varias
2026-02-22,C619Y,LA ALDEA DE SAN NICOLÁS,LAS PALMAS,13,"18,6","0,0","9,2",05:50,"28,1",15:10,30,"3,9","8,3",12:40,"10,4","1021,1",11,"1018,6",05
2026-02-23,C619Y,LA ALDEA DE SAN NICOLÁS,LAS PALMAS,13,"20,6","0,0","11,7",Varias,"29,4",14:20,30,"3,3","7,5",10:50,"10,5","1020,4",00,"1017,7",05
2026-02-24,C619Y,LA ALDEA DE SAN NICOLÁS,LAS PALMAS,13,"20,2","0,0","11,8",05:00,"28,6",17:30,30,"4,2","7,8",12:50,"10,5","1019,3",01,"1015,3",17
2026-02-25,C619Y,LA ALDEA DE SAN NICOLÁS,LAS PALMAS,13,"19,3","2,8","14,1",00:20,"24,5",13:20,07,"5,6","18,6",12:40,"10,1","1018,1",11,"1016,1",17
2026-02-26,C619Y,LA ALDEA DE SAN NICOLÁS,LAS PALMAS,13,"17,6","8,4","15,2",05:20,"20,1",16:10,09,"5,3","16,9",10:40,"3,6","1018,3",Varias,"1014,6",19
2026-02-27,C619Y,LA ALDEA DE SAN NICOLÁS,LAS PALMAS,13,"20,3","1,4","17,7",00:30,"22,9",14:30,09,"8,6","20,8",10:50,"5,7",,,,
2026-02-28,C619Y,LA ALDEA DE SAN NICOLÁS,LAS PALMAS,13,"19,7","0,2","16,6",20:00,"22,8",13:00,10,"8,1","23,3",02:10,"6,8",,,,
2026-03-01,C619Y,LA ALDEA DE SAN NICOLÁS,LAS PALMAS,13,"19,4","0,0","15,7",02:20,"23,0",12:40,09,"7,8","20,6",14:30,"8,6","1019,7",01,"1016,7",05
2026-03-02,C619Y,LA ALDEA DE SAN NICOLÁS,LAS PALMAS,13,"19,1","8,6","14,8",23:40,"23,4",14:50,12,"3,1","14,7",03:10,"7,0","1018,3",11,"1014,2",18
2026-03-03,C619Y,LA ALDEA DE SAN NICOLÁS,LAS PALMAS,13,"16,6","0,4","14,3",06:50,"19,0",12:40,29,"3,6","17,8",22:40,"5,0","1018,0",10,"1014,5",18
2026-03-04,C619Y,LA ALDEA DE SAN NICOLÁS,LAS PALMAS,13,"17,6","0,4","16,1",00:10,"19,0",15:50,30,"4,4","19,2",09:50,"0,0","1020,5",24,"1014,4",04
2026-03-05,C619Y,LA ALDEA DE SAN NICOLÁS,LAS PALMAS,13,"20,0","3,0","16,7",22:00,"23,3",13:10,99,"5,8","13,6",Varias,"4,9","1022,7",12,"1019,5",05
2026-03-06,C619Y,LA ALDEA DE SAN NICOLÁS,LAS PALMAS,13,"18,0","0,2","15,4",06:40,"20,6",14:30,10,"7,5","19,7",05:00,"9,1","1021,8",11,"1019,2",16
2026-03-07,C619Y,LA ALDEA DE SAN NICOLÁS,LAS PALMAS,13,"18,4","0,0","15,5",05:20,"21,3",15:40,10,"7,2","18,3",19:40,"8,8","1020,3",00,"1017,8",16
2026-03-08,C619Y,LA ALDEA DE SAN NICOLÁS,LAS PALMAS,13,"18,5","0,0","15,6",06:40,"21,4",11:40,06,"6,9","19,2",14:50,"10,1",,,,
2026-03-09,C619Y,LA ALDEA DE SAN NICOLÁS,LAS PALMAS,13,"18,8","0,0","15,2",03:30,"22,5",14:00,08,"5,8","18,6",15:20,"7,5","1023,3",11,"1020,0",05
2026-03-10,C619Y,LA ALDEA DE SAN NICOLÁS,LAS PALMAS,13,"19,0","0,0","15,5",08:30,"22,6",15:50,09,"7,5","19,7",14:40,"9,0","1023,0",10,"1019,5",18
2026-03-11,C619Y,LA ALDEA DE SAN NICOLÁS,LAS PALMAS,13,"18,6","0,0","14,9",03:10,"22,2",14:20,08,"7,2","16,9",15:30,"8,8","1021,1",01,"1016,8",19
2026-03-12,C619Y,LA ALDEA DE SAN NICOLÁS,LAS PALMAS,13,"18,4","0,0","14,6",23:59,"22,1",13:20,08,"5,3","15,3",05:20,"10,8","1018,5",10,"1015,3",17
2026-03-13,C619Y,LA ALDEA DE SAN NICOLÁS,LAS PALMAS,13,"18,2","0,0","12,4",04:10,"23,9",10:20,01,"6,9","19,4",16:50,"10,1","1018,3",23,"1015,2",05
2026-03-14,C619Y,LA ALDEA DE SAN NICOLÁS,LAS PALMAS,13,"19,2","0,0","17,0",Varias,"21,4",14:00,04,"11,7","21,4",14:50,"10,7",,,,
2026-03-15,C619Y,LA ALDEA DE SAN NICOLÁS,LAS PALMAS,13,"16,8","0,0","11,9",07:20,"21,6",13:50,04,"5,8","17,5",00:10,"10,8","1017,5",00,"1012,8",16
2026-03-16,C619Y,LA ALDEA DE SAN NICOLÁS,LAS PALMAS,13,"16,2","0,0","11,2",07:10,"21,1",14:50,27,"3,6","9,2",14:00,"9,2","1014,3",00,"1010,4",19
2026-03-17,C619Y,LA ALDEA DE SAN NICOLÁS,LAS PALMAS,13,"19,0","0,0","14,4",02:50,"23,5",12:40,99,"2,5","11,7",14:30,"8,8","1011,7",00,"1008,8",24
2026-03-18,C619Y,LA ALDEA DE SAN NICOLÁS,LAS PALMAS,13,"18,9","0,0","16,3",23:59,"21,5",11:40,20,"4,2","13,6",10:00,"3,8","1008,8",00,"1002,3",Varias
2026-03-19,C619Y,LA ALDEA DE SAN NICOLÁS,LAS PALMAS,13,"17,4","16,4","14,8",11:30,"19,9",16:30,21,"3,9","16,7",23:40,"2,0","1003,1",00,"998,2",24
2026-03-20,C619Y,LA ALDEA DE SAN NICOLÁS,LAS PALMAS,13,"19,6","10,2","16,2",07:20,"22,9",16:00,17,"6,1","28,3",02:10,"6,6","1002,9",22,"996,0",02
2026-03-21,C619Y,LA ALDEA DE SAN NICOLÁS,LAS PALMAS,13,"18,8","21,8","15,8",09:30,"21,9",16:30,28,"6,1","21,9",09:20,"3,4","1002,5",00,"999,5",05
2026-03-22,C619Y,LA ALDEA DE SAN NICOLÁS,LAS PALMAS,13,"18,9","12,6","16,2",01:10,"21,6",17:20,21,"4,2","15,0",00:20,"5,4","1003,6",23,"1000,4",05
2026-03-23,C619Y,LA ALDEA DE SAN NICOLÁS,LAS PALMAS,13,"18,9","1,4","14,8",07:20,"23,0",15:30,26,"4,2","9,2",13:30,"9,9","1007,8",22,"1002,0",05
2026-03-24,C619Y,LA ALDEA DE SAN NICOLÁS,LAS PALMAS,13,"19,4","1,2","15,7",23:59,"23,1",18:30,04,"2,2","10,3",20:40,"5,7","1011,2",24,"1005,9",05
2026-03-25,C619Y,LA ALDEA DE SAN NICOLÁS,LAS PALMAS,13,"18,7","0,0","13,3",07:00,"24,1",12:40,08,"5,8","17,5",17:10,"10,8","1013,7",23,"1009,9",03
2026-03-26,C619Y,LA ALDEA DE SAN NICOLÁS,LAS PALMAS,13,"20,0","0,0","17,3",23:59,"22,7",16:00,10,"7,2","15,0",20:40,"3,0","1014,7",23,"1012,0",16
2026-03-27,C619Y,LA ALDEA DE SAN NICOLÁS,LAS PALMAS,13,"19,2","0,0","16,0",06:00,"22,3",13:10,08,"5,0","15,3",21:20,"8,1","1016,5",Varias,"1012,6",04
2026-03-28,C619Y,LA ALDEA DE SAN NICOLÁS,LAS PALMAS,13,"19,7","0,0","17,2",00:40,"22,2",14:30,07,"7,2","19,2",15:50,"11,5","1019,2",23,"1014,9",05
2026-03-29,C619Y,LA ALDEA DE SAN NICOLÁS,LAS PALMAS,13,"19,9","0,0","17,3",07:00,"22,5",15:10,04,"11,4","22,5",16:50,"11,4",,,,
2026-03-30,C619Y,LA ALDEA DE SAN NICOLÁS,LAS PALMAS,13,"19,8","0,0","17,2",23:59,"22,3",13:50,03,"12,2","22,2",15:50,"11,4",,,,
2026-03-31,C619Y,LA ALDEA DE SAN NICOLÁS,LAS PALMAS,13,"17,9","0,0","11,4",04:40,"24,4",14:30,03,"2,5","13,6",00:10,"7,3","1017,6",11,"1014,2",05
2026-04-01,C619Y,LA ALDEA DE SAN NICOLÁS,LAS PALMAS,13,"20,6","0,0","14,2",07:20,"27,0",15:40,02,"3,9","7,8",16:40,"9,0","1017,9",11,"1014,9",03
2026-04-02,C619Y,LA ALDEA DE SAN NICOLÁS,LAS PALMAS,13,"18,7","0,0","12,6",07:00,"24,8",13:40,02,"4,2","15,3",18:30,"11,3","1018,2",12,"1014,8",05
2026-04-03,C619Y,LA ALDEA DE SAN NICOLÁS,LAS PALMAS,13,"17,3","0,2","10,4",07:00,"24,2",15:30,24,"3,1","8,3",13:50,"10,2","1017,7",00,"1015,0",15
2026-04-04,C619Y,LA ALDEA DE SAN NICOLÁS,LAS PALMAS,13,"19,7","0,0","15,3",07:20,"24,1",16:50,01,"3,6","11,1",18:30,"8,3","1017,3",02,"1013,9",16
2026-04-05,C619Y,LA ALDEA DE SAN NICOLÁS,LAS PALMAS,13,"20,0","0,0","13,7",07:20,"26,2",13:40,02,"4,4","16,4",18:40,"10,8","1015,8",00,"1010,4",19
2026-04-06,C619Y,LA ALDEA DE SAN NICOLÁS,LAS PALMAS,13,"18,9","0,0","14,5",07:00,"23,3",15:20,04,"4,2","15,0",18:40,"11,1","1018,8",24,"1012,0",03
2026-04-07,C619Y,LA ALDEA DE SAN NICOLÁS,LAS PALMAS,13,"20,1","2,8","15,4",23:30,"24,8",13:50,08,"6,4","18,3",15:50,"5,8","1022,2",23,"1017,3",04
2026-04-08,C619Y,LA ALDEA DE SAN NICOLÁS,LAS PALMAS,13,"18,6","0,0","15,1",05:40,"22,1",16:20,09,"5,0","14,4",09:40,"6,9","1021,9",00,"1018,2",18
2026-04-09,C619Y,LA ALDEA DE SAN NICOLÁS,LAS PALMAS,13,"19,8","2,8","15,4",04:20,"24,2",14:00,10,"3,9","15,3",15:00,"8,2","1018,7",00,"1015,7",05
2026-04-10,C619Y,LA ALDEA DE SAN NICOLÁS,LAS PALMAS,13,"18,0","0,0","14,8",07:00,"21,1",14:00,11,"3,3","16,1",02:00,"3,1","1019,5",23,"1015,6",05
2026-04-11,C619Y,LA ALDEA DE SAN NICOLÁS,LAS PALMAS,13,"19,8","2,2","16,0",23:30,"23,5",14:30,11,"6,1","18,9",16:30,"6,2","1020,8",23,"1017,9",05
2026-04-12,C619Y,LA ALDEA DE SAN NICOLÁS,LAS PALMAS,13,"19,3","1,4","15,9",06:30,"22,7",15:30,09,"8,1","23,1",18:30,"5,4","1022,2",12,"1018,6",06
2026-04-13,C619Y,LA ALDEA DE SAN NICOLÁS,LAS PALMAS,13,"19,8","0,0","16,8",00:20,"22,8",14:20,05,"8,3","23,1",19:30,"10,2","1021,7",00,"1017,7",18
2026-04-14,C619Y,LA ALDEA DE SAN NICOLÁS,LAS PALMAS,13,"19,8","0,0","17,0",05:00,"22,6",14:50,06,"9,2","20,6",12:50,"11,6",,,,
2026-04-15,C619Y,LA ALDEA DE SAN NICOLÁS,LAS PALMAS,13,"20,3","0,0","17,3",Varias,"23,3",14:20,07,"7,8","18,6",10:20,"10,7","1018,6",00,"1015,1",16
2026-04-16,C619Y,LA ALDEA DE SAN NICOLÁS,LAS PALMAS,13,"18,6",,"13,4",07:30,"23,8",13:30,01,"5,3","12,8",16:40,,"1016,5",00,"1013,0",17
2026-04-17,C619Y,LA ALDEA DE SAN NICOLÁS,LAS PALMAS,13,"22,4","0,0","14,4",06:30,"30,3",17:20,01,"3,9","13,9",01:20,"8,8","1013,9",00,"1010,3",19
2026-04-18,C619Y,LA ALDEA DE SAN NICOLÁS,LAS PALMAS,13,"23,5","0,0","15,7",03:00,"31,3",14:20,29,"3,1","11,4",14:20,"3,2","1011,4",00,"1008,4",19
2026-04-19,C619Y,LA ALDEA DE SAN NICOLÁS,LAS PALMAS,13,"28,1","0,0","18,3",23:59,"37,9",14:10,17,"4,7","16,4",15:30,"10,6","1009,0",00,"1004,9",17
2026-04-20,C619Y,LA ALDEA DE SAN NICOLÁS,LAS PALMAS,13,"20,0","0,0","16,4",01:40,"23,5",15:00,26,"4,7","13,3",13:50,"10,8","1008,6",24,"1005,6",17
2026-04-21,C619Y,LA ALDEA DE SAN NICOLÁS,LAS PALMAS,13,"21,6","0,0","18,4",23:59,"24,9",15:00,07,"5,0","11,4",20:20,"7,6","1012,7",23,"1007,5",04
2026-04-22,C619Y,LA ALDEA DE SAN NICOLÁS,LAS PALMAS,13,"20,2","0,0","17,0",23:59,"23,3",14:30,08,"2,5","9,2",00:50,"9,3","1013,7",23,"1010,7",04
2026-04-23,C619Y,LA ALDEA DE SAN NICOLÁS,LAS PALMAS,13,"20,0","0,0","14,7",03:00,"25,3",12:50,04,"3,1","13,1",20:10,"10,9","1017,0",24,"1012,1",05
2026-04-24,C619Y,LA ALDEA DE SAN NICOLÁS,LAS PALMAS,13,"20,6","0,0","17,7",03:30,"23,5",14:50,08,"6,7","19,2",18:50,"11,5","1017,1",22,"1014,4",17
2026-04-25,C619Y,LA ALDEA DE SAN NICOLÁS,LAS PALMAS,13,"21,6","0,0","18,6",06:40,"24,6",16:20,07,"5,3","14,2",14:20,"11,4","1016,7",00,"1012,4",16
2026-04-26,C619Y,LA ALDEA DE SAN NICOLÁS,LAS PALMAS,13,"21,3","0,0","17,7",07:00,"24,9",14:20,08,"4,4","16,9",18:00,"10,4","1015,0",24,"1012,2",04
2026-04-27,C619Y,LA ALDEA DE SAN NICOLÁS,LAS PALMAS,13,"20,5","3,8","17,1",23:00,"23,9",10:40,08,"4,2","13,9",07:50,"0,7","1015,9",23,"1012,7",04
2026-04-28,C619Y,LA ALDEA DE SAN NICOLÁS,LAS PALMAS,13,"19,0","0,0","16,3",03:50,"21,8",11:50,08,"3,1","13,1",05:00,"2,2","1015,6",00,"1012,5",18
2026-04-29,C619Y,LA ALDEA DE SAN NICOLÁS,LAS PALMAS,13,"20,2","0,0","16,5",23:59,"24,0",14:50,26,"3,9","8,9",15:30,"5,1","1014,0",24,"1010,7",05
2026-04-30,C619Y,LA ALDEA DE SAN NICOLÁS,LAS PALMAS,13,"18,6","0,0","13,5",06:30,"23,7",15:20,27,"4,7","9,7",16:10,"10,1","1017,5",24,"1013,0",05
2026-05-01,C619Y,LA ALDEA DE SAN NICOLÁS,LAS PALMAS,13,"19,2","0,0","14,5",06:50,"23,9",15:50,03,"2,8","8,3",23:30,"11,5","1018,5",11,"1016,0",05
2026-05-02,C619Y,LA ALDEA DE SAN NICOLÁS,LAS PALMAS,13,"20,2","0,0","13,7",06:50,"26,7",11:40,07,"4,7","15,3",09:10,"12,0","1018,3",00,"1015,4",19
2026-05-03,C619Y,LA ALDEA DE SAN NICOLÁS,LAS PALMAS,13,"20,6","0,0","16,4",07:00,"24,9",14:10,01,"2,8","12,8",14:50,"11,6","1016,8",00,"1013,7",16
2026-05-04,C619Y,LA ALDEA DE SAN NICOLÁS,LAS PALMAS,13,"19,6","0,0","15,2",06:20,"23,9",13:20,27,"3,6","11,7",16:00,"12,1","1015,6",00,"1012,7",19
2026-05-05,C619Y,LA ALDEA DE SAN NICOLÁS,LAS PALMAS,13,"19,9","0,0","16,2",06:00,"23,6",11:20,36,"2,8","10,0",19:40,"6,9","1014,9",00,"1011,5",19
2026-05-06,C619Y,LA ALDEA DE SAN NICOLÁS,LAS PALMAS,13,"20,4","0,0","15,3",05:50,"25,5",14:50,35,"3,9","12,2",17:10,"11,8","1013,2",00,"1010,7",19
2026-05-07,C619Y,LA ALDEA DE SAN NICOLÁS,LAS PALMAS,13,"20,2","0,0","16,0",07:00,"24,3",11:50,08,"4,2","13,3",10:20,"9,4","1013,6",11,"1010,9",06
2026-05-08,C619Y,LA ALDEA DE SAN NICOLÁS,LAS PALMAS,13,"19,9","0,0","14,8",06:40,"25,0",16:10,28,"4,2","12,2",13:50,"11,4","1013,7",23,"1011,4",04
2026-05-09,C619Y,LA ALDEA DE SAN NICOLÁS,LAS PALMAS,13,"20,6","0,0","15,6",07:00,"25,6",14:40,06,"2,5","10,3",21:40,"10,6","1016,5",23,"1012,4",04
2026-05-10,C619Y,LA ALDEA DE SAN NICOLÁS,LAS PALMAS,13,"20,4","0,2","17,9",23:59,"23,0",16:20,08,"2,8","10,6",18:50,"1,3","1017,0",09,"1014,4",18
2026-05-11,C619Y,LA ALDEA DE SAN NICOLÁS,LAS PALMAS,13,"19,6","0,0","13,4",06:20,"25,7",13:40,05,"3,3","10,3",21:10,"12,1","1019,0",24,"1014,5",03
2026-05-12,C619Y,LA ALDEA DE SAN NICOLÁS,LAS PALMAS,13,"20,8","0,0","17,0",05:50,"24,6",14:50,06,"4,4","14,4",17:00,"11,6","1021,1",12,"1018,0",02
2026-05-13,C619Y,LA ALDEA DE SAN NICOLÁS,LAS PALMAS,13,"20,2","0,0","15,1",04:50,"25,4",15:00,09,"4,4","17,8",14:20,"12,1","1020,2",00,"1016,0",19
2026-05-14,C619Y,LA ALDEA DE SAN NICOLÁS,LAS PALMAS,13,"21,8","0,0","18,1",05:40,"25,4",12:20,13,"6,4","16,9",15:40,"8,2","1018,2",22,"1015,5",17
2026-05-15,C619Y,LA ALDEA DE SAN NICOLÁS,LAS PALMAS,13,"20,9","0,0","17,8",06:30,"24,0",12:00,11,"6,7","18,3",07:50,"4,3","1019,5",23,"1015,4",05
2026-05-16,C619Y,LA ALDEA DE SAN NICOLÁS,LAS PALMAS,13,"21,4","0,0","16,9",05:40,"25,9",13:50,07,"6,4","19,7",18:10,"8,2",,,,
2026-05-17,C619Y,LA ALDEA DE SAN NICOLÁS,LAS PALMAS,13,"21,9","0,0","18,2",02:20,"25,6",14:10,10,"7,5","18,9",14:50,"8,5","1021,0",22,"1018,3",03
2026-05-18,C619Y,LA ALDEA DE SAN NICOLÁS,LAS PALMAS,13,"21,9","0,0","18,0",04:00,"25,8",12:50,10,"7,2","22,8",13:40,"9,9","1020,6",12,"1018,0",16
2026-05-19,C619Y,LA ALDEA DE SAN NICOLÁS,LAS PALMAS,13,"21,1","0,0","18,4",06:40,"23,8",14:00,06,"7,5","20,3",12:20,"12,1","1020,0",00,"1016,4",18
2026-05-20,C619Y,LA ALDEA DE SAN NICOLÁS,LAS PALMAS,13,"19,4","0,0","14,7",06:30,"24,1",15:50,05,"6,7","16,4",01:10,"12,3","1018,5",00,"1015,3",Varias
2026-05-21,C619Y,LA ALDEA DE SAN NICOLÁS,LAS PALMAS,13,"21,2","0,0","18,4",06:00,"24,1",13:10,04,"7,2","16,7",16:50,"12,4","1017,5",Varias,"1014,9",18
2026-05-22,C619Y,LA ALDEA DE SAN NICOLÁS,LAS PALMAS,13,"21,9","0,0","19,2",05:50,"24,6",13:30,04,"6,7","18,1",18:30,"12,2","1018,4",11,"1016,4",05
2026-05-23,C619Y,LA ALDEA DE SAN NICOLÁS,LAS PALMAS,13,"21,7","0,0","19,1",06:30,"24,3",15:40,03,"8,3","17,8",11:30,"12,0","1018,1",00,"1015,2",18
2026-05-24,C619Y,LA ALDEA DE SAN NICOLÁS,LAS PALMAS,13,"20,2","0,0","15,4",06:20,"25,0",13:40,01,"5,6","14,4",14:00,"12,6","1016,6",00,"1013,5",18
2026-05-25,C619Y,LA ALDEA DE SAN NICOLÁS,LAS PALMAS,13,"22,6","0,0","15,5",06:00,"29,8",15:30,02,"5,6","12,8",13:40,"12,1","1016,6",23,"1014,7",03
2026-05-26,C619Y,LA ALDEA DE SAN NICOLÁS,LAS PALMAS,13,"25,4","0,0","20,3",04:20,"30,6",14:30,03,"4,7","12,5",18:00,"4,3","1018,2",10,"1015,3",05
2026-05-27,C619Y,LA ALDEA DE SAN NICOLÁS,LAS PALMAS,13,"22,3","0,0","19,8",Varias,"24,8",14:00,06,"8,1","17,5",23:50,"11,1","1019,5",22,"1015,6",04
2026-05-28,C619Y,LA ALDEA DE SAN NICOLÁS,LAS PALMAS,13,"21,7","0,0","19,3",Varias,"24,1",14:10,03,"10,0","19,4",19:20,"12,7","1020,0",23,"1018,1",03
2026-05-29,C619Y,LA ALDEA DE SAN NICOLÁS,LAS PALMAS,13,"22,8","0,0","19,5",05:30,"26,1",13:50,06,"8,6","22,2",15:50,"12,4",,,,
2026-05-30,C619Y,LA ALDEA DE SAN NICOLÁS,LAS PALMAS,13,"22,0","0,0","19,3",05:00,"24,7",12:30,05,"7,5","21,9",14:10,"12,1",,,,
2026-05-31,C619Y,LA ALDEA DE SAN NICOLÁS,LAS PALMAS,13,"22,1","0,0","19,5",05:30,"24,7",14:20,06,"7,8","20,8",08:00,"12,1",,,,
2026-06-01,C619Y,LA ALDEA DE SAN NICOLÁS,LAS PALMAS,13,"21,8","0,0","19,4",06:20,"24,2",13:20,36,"9,2","20,3",20:10,"12,3","1019,0",24,"1016,3",Varias
2026-06-02,C619Y,LA ALDEA DE SAN NICOLÁS,LAS PALMAS,13,"22,3","0,0","20,0",05:30,"24,6",17:10,05,"10,6","27,2",17:00,"12,3",,,,
2026-06-03,C619Y,LA ALDEA DE SAN NICOLÁS,LAS PALMAS,13,"21,7","0,0","19,4",07:00,"24,0",14:40,03,"8,9","21,4",02:10,"12,3",,,,
2026-06-04,C619Y,LA ALDEA DE SAN NICOLÁS,LAS PALMAS,13,"22,1","0,0","19,7",22:00,"24,5",12:20,06,"7,5","23,6",22:50,"12,0",,,,
2026-06-05,C619Y,LA ALDEA DE SAN NICOLÁS,LAS PALMAS,13,"23,1","0,0","19,7",23:00,"26,5",12:40,08,"8,9","21,7",17:30,"10,2",,,,
2026-06-06,C619Y,LA ALDEA DE SAN NICOLÁS,LAS PALMAS,13,"22,2","0,0","19,1",03:30,"25,2",11:50,10,"6,1","22,5",22:10,"11,6",,,,
2026-06-07,C619Y,LA ALDEA DE SAN NICOLÁS,LAS PALMAS,13,"22,6","0,0","19,8",06:00,"25,3",13:20,06,"8,3","22,2",16:50,"11,8",,,,
2026-06-08,C619Y,LA ALDEA DE SAN NICOLÁS,LAS PALMAS,13,"22,0","0,0","19,6",05:50,"24,3",13:30,04,"10,8","22,2",20:00,"12,4",,,,
2026-06-09,C619Y,LA ALDEA DE SAN NICOLÁS,LAS PALMAS,13,"22,4","0,0","19,5",03:00,"25,2",15:00,04,"11,1","21,7",14:10,"12,2",,,,
2026-06-10,C619Y,LA ALDEA DE SAN NICOLÁS,LAS PALMAS,13,"21,8","0,0","19,4",05:00,"24,3",13:50,05,"9,2","20,0",02:20,"12,6",,,,
2026-06-11,C619Y,LA ALDEA DE SAN NICOLÁS,LAS PALMAS,13,"20,2","0,0","15,7",06:50,"24,6",15:30,04,"5,8","15,8",14:50,"12,6","1016,4",23,"1013,9",04
2026-06-12,C619Y,LA ALDEA DE SAN NICOLÁS,LAS PALMAS,13,"20,6","0,0","15,4",06:40,"25,7",14:50,01,"4,4","13,6",22:30,"12,4","1017,6",24,"1014,7",03
2026-06-13,C619Y,LA ALDEA DE SAN NICOLÁS,LAS PALMAS,13,"21,8","0,0","19,4",06:00,"24,2",14:40,02,"8,9","17,8",20:00,"12,4","1019,1",23,"1016,0",04
2026-06-14,C619Y,LA ALDEA DE SAN NICOLÁS,LAS PALMAS,13,"22,0","0,0","19,4",05:10,"24,7",15:40,08,"9,2","21,1",23:40,"12,6",,,,
2026-06-15,C619Y,LA ALDEA DE SAN NICOLÁS,LAS PALMAS,13,"22,0","0,0","19,4",05:00,"24,7",15:00,06,"7,8","20,3",06:40,"12,5",,,,
2026-06-16,C619Y,LA ALDEA DE SAN NICOLÁS,LAS PALMAS,13,"22,8","0,0","19,5",04:20,"26,2",16:20,07,"7,5","20,0",20:00,"12,6",,,,
2026-06-17,C619Y,LA ALDEA DE SAN NICOLÁS,LAS PALMAS,13,"24,8","0,0","20,7",05:00,"28,9",14:20,09,"4,4","18,6",08:20,"12,2","1019,1",23,"1016,9",04
2026-06-18,C619Y,LA ALDEA DE SAN NICOLÁS,LAS PALMAS,13,"24,2","0,0","20,8",23:59,"27,6",14:00,06,"5,8","18,3",18:00,"11,3",,,,
2026-06-19,C619Y,LA ALDEA DE SAN NICOLÁS,LAS PALMAS,13,"22,0","0,0","19,1",06:50,"25,0",13:50,03,"6,1","16,1",17:40,"11,7","1016,8",00,"1014,7",Varias
2026-06-20,C619Y,LA ALDEA DE SAN NICOLÁS,LAS PALMAS,13,"21,7","0,0","17,7",06:20,"25,7",15:40,01,"6,4","15,0",14:20,"12,6","1017,1",Varias,"1014,4",04
2026-06-21,C619Y,LA ALDEA DE SAN NICOLÁS,LAS PALMAS,13,"21,8","0,0","17,0",05:50,"26,5",13:50,03,"5,3","15,8",21:50,"12,6","1019,9",23,"1016,5",02
2026-06-22,C619Y,LA ALDEA DE SAN NICOLÁS,LAS PALMAS,13,"21,8","0,0","17,3",06:50,"26,4",15:50,99,"6,1","16,9",Varias,"12,7","1019,5",00,"1016,0",15
2026-06-23,C619Y,LA ALDEA DE SAN NICOLÁS,LAS PALMAS,13,"23,8","0,0","20,8",05:00,"26,9",14:00,04,"5,3","14,2",19:40,"8,8","1016,5",00,"1014,0",18
2026-06-24,C619Y,LA ALDEA DE SAN NICOLÁS,LAS PALMAS,13,"23,4","0,0","20,2",07:00,"26,5",15:40,07,"4,7","15,6",03:40,"12,7","1018,6",24,"1014,2",04
2026-06-25,C619Y,LA ALDEA DE SAN NICOLÁS,LAS PALMAS,13,"23,8","0,0","20,8",06:30,"26,9",16:00,07,"5,6","13,6",08:40,"12,7","1019,9",23,"1017,4",05
2026-06-26,C619Y,LA ALDEA DE SAN NICOLÁS,LAS PALMAS,13,"23,6","0,0","19,2",05:50,"28,1",17:00,04,"5,3","14,7",Varias,"12,5","1019,7",00,"1016,9",19
2026-06-27,C619Y,LA ALDEA DE SAN NICOLÁS,LAS PALMAS,13,"24,8","0,0","21,9",03:30,"27,7",15:00,07,"6,4","19,2",18:50,"12,7","1018,7",00,"1016,2",18
2026-06-28,C619Y,LA ALDEA DE SAN NICOLÁS,LAS PALMAS,13,"24,7","0,0","22,2",05:40,"27,2",14:00,03,"9,2","20,3",21:10,"12,5",,,,
2026-06-29,C619Y,LA ALDEA DE SAN NICOLÁS,LAS PALMAS,13,"24,0","0,0","21,7",06:00,"26,2",13:40,04,"11,4","21,7",14:40,"11,2",,,,
2026-06-30,C619Y,LA ALDEA DE SAN NICOLÁS,LAS PALMAS,13,"24,6","0,0","21,9",06:50,"27,3",14:50,05,"7,2","20,0",03:20,"9,0",,,,
2026-07-01,C619Y,LA ALDEA DE SAN NICOLÁS,LAS PALMAS,13,"23,4","0,0","20,9",06:40,"26,0",14:40,01,"10,6","20,0",13:40,"12,4",,,,
2026-07-02,C619Y,LA ALDEA DE SAN NICOLÁS,LAS PALMAS,13,"24,4","0,0","21,4",03:40,"27,4",14:30,08,"6,1","18,3",00:10,"6,9","1015,2",01,"1012,8",18
2026-07-03,C619Y,LA ALDEA DE SAN NICOLÁS,LAS PALMAS,13,"25,3","0,0","21,9",05:20,"28,7",14:50,08,"4,4","12,5",00:10,"11,8","1015,6",24,"1013,0",Varias
2026-07-04,C619Y,LA ALDEA DE SAN NICOLÁS,LAS PALMAS,13,"23,9","0,0","19,4",06:50,"28,4",14:10,02,"3,6","12,5",23:20,"12,5","1017,1",12,"1014,6",03
2026-07-05,C619Y,LA ALDEA DE SAN NICOLÁS,LAS PALMAS,13,"24,2","0,0","21,1",07:00,"27,3",13:50,01,"6,7","15,3",Varias,"11,9","1016,7",02,"1015,0",17
2026-07-06,C619Y,LA ALDEA DE SAN NICOLÁS,LAS PALMAS,13,"24,4","0,0","21,6",06:00,"27,1",15:30,03,"6,7","16,4",13:20,"11,9","1016,3",Varias,"1014,2",18
2026-07-07,C619Y,LA ALDEA DE SAN NICOLÁS,LAS PALMAS,13,"26,9",,"20,9",08:20,"32,9",14:40,,"5,0",,,,,,,
2026-07-08,C619Y,LA ALDEA DE SAN NICOLÁS,LAS PALMAS,13,"25,2","0,0","22,0",06:00,"28,4",14:00,01,"7,2","15,3",17:30,"11,8","1018,0",23,"1015,7",16
2026-07-09,C619Y,LA ALDEA DE SAN NICOLÁS,LAS PALMAS,13,"24,8","0,0","22,2",Varias,"27,3",14:10,04,"10,0","20,8",13:20,,,,,
2026-07-10,C619Y,LA ALDEA DE SAN NICOLÁS,LAS PALMAS,13,"25,2","0,0","22,2",04:00,"28,2",16:10,06,"6,1","19,7",07:00,"12,7",,,,
2026-07-11,C619Y,LA ALDEA DE SAN NICOLÁS,LAS PALMAS,13,"25,6","0,0","22,6",23:59,"28,6",14:20,07,"4,4","16,1",00:40,"7,9","1015,5",Varias,"1012,5",04
2026-07-12,C619Y,LA ALDEA DE SAN NICOLÁS,LAS PALMAS,13,"24,6","0,0","21,1",06:00,"28,1",14:20,07,"4,2","14,7",01:00,"12,7","1016,7",23,"1014,3",04
2026-07-13,C619Y,LA ALDEA DE SAN NICOLÁS,LAS PALMAS,13,"22,5","0,0","17,1",06:30,"27,9",14:40,36,"4,4","11,1",16:30,"12,7","1016,5",00,"1014,2",Varias
2026-07-14,C619Y,LA ALDEA DE SAN NICOLÁS,LAS PALMAS,13,"22,4","0,0","16,8",06:40,"28,1",15:20,01,"5,8","14,7",18:10,"12,8","1016,1",Varias,"1013,7",18
2026-07-15,C619Y,LA ALDEA DE SAN NICOLÁS,LAS PALMAS,13,"24,4","0,0","19,1",06:20,"29,6",15:30,01,"6,1","18,9",16:40,"11,9","1016,5",24,"1014,4",18
2026-07-16,C619Y,LA ALDEA DE SAN NICOLÁS,LAS PALMAS,13,"26,0","0,0","23,2",06:50,"28,8",13:50,02,"7,5","17,5",16:40,"11,4","1016,5",00,"1014,2",18
2026-07-17,C619Y,LA ALDEA DE SAN NICOLÁS,LAS PALMAS,13,"24,4","0,0","20,7",03:50,"28,2",14:30,04,"10,0","20,8",15:40,"11,8",,,,
2026-07-18,C619Y,LA ALDEA DE SAN NICOLÁS,LAS PALMAS,13,"25,5","0,0","23,5",05:50,"27,5",15:10,05,"10,0","19,4",18:50,"11,3",,,,
2026-07-19,C619Y,LA ALDEA DE SAN NICOLÁS,LAS PALMAS,13,"25,2","0,0","22,5",06:30,"27,8",14:20,05,"10,3","23,1",18:50,"11,8",,,,
2026-07-20,C619Y,LA ALDEA DE SAN NICOLÁS,LAS PALMAS,13,"25,2","0,0","23,1",06:20,"27,4",14:30,06,"11,7","23,9",19:10,"11,9",,,,
2026-07-21,C619Y,LA ALDEA DE SAN NICOLÁS,LAS PALMAS,13,"25,6","0,0","22,9",06:30,"28,4",15:20,07,"9,2","24,4",04:40,"11,9",,,,
2026-07-22,C619Y,LA ALDEA DE SAN NICOLÁS,LAS PALMAS,13,"25,0","0,0","22,6",05:00,"27,5",14:40,06,"10,3","22,2",01:50,"10,8",,,,
2026-07-23,C619Y,LA ALDEA DE SAN NICOLÁS,LAS PALMAS,13,"25,2","0,0","22,9",05:00,"27,6",14:20,05,"11,7","23,1",15:10,"11,5",,,,
2026-07-24,C619Y,LA ALDEA DE SAN NICOLÁS,LAS PALMAS,13,"25,4","0,0","23,1",07:00,"27,6",15:00,03,"12,2","25,3",10:10,"11,8",,,,
2026-07-25,C619Y,LA ALDEA DE SAN NICOLÁS,LAS PALMAS,13,"25,5","0,0","22,8",05:50,"28,2",15:10,08,"10,6","26,1",04:50,"12,2",,,,
2026-07-26,C619Y,LA ALDEA DE SAN NICOLÁS,LAS PALMAS,13,"25,8","0,0","22,9",Varias,"28,8",15:40,07,"7,2","21,9",06:50,"12,3",,,,
2026-07-27,C619Y,LA ALDEA DE SAN NICOLÁS,LAS PALMAS,13,"25,3","0,0","22,6",06:40,"28,0",16:20,08,"6,4","18,1",00:10,"12,3","1016,5",23,"1014,0",17
2026-07-28,C619Y,LA ALDEA DE SAN NICOLÁS,LAS PALMAS,13,"24,4","0,0","21,8",05:10,"26,9",14:00,99,"8,3","17,5",Varias,"12,0","1017,5",22,"1014,7",04
2026-07-29,C619Y,LA ALDEA DE SAN NICOLÁS,LAS PALMAS,13,"24,4","0,2","20,9",02:10,"28,0",14:30,04,"9,7","20,8",13:20,"11,5","1016,6",00,"1014,1",19
2026-07-30,C619Y,LA ALDEA DE SAN NICOLÁS,LAS PALMAS,13,"25,7","0,0","22,4",04:30,"29,0",15:20,02,"8,1","19,4",10:00,"10,5",,,,
2026-07-31,C619Y,LA ALDEA DE SAN NICOLÁS,LAS PALMAS,13,"25,6","0,0","20,4",06:10,"30,8",13:40,02,"4,2","14,2",15:00,"11,3","1013,7",24,"1010,4",18
2026-08-01,C619Y,LA ALDEA DE SAN NICOLÁS,LAS PALMAS,13,"25,6","0,0","21,8",07:20,"29,3",10:30,99,"5,6","15,8",15:50,"9,8","1014,1",02,"1011,4",05
2026-08-02,C619Y,LA ALDEA DE SAN NICOLÁS,LAS PALMAS,13,"27,2","0,0","23,4",06:50,"31,1",17:20,04,"7,2","21,1",20:50,"11,0",,,,
2026-08-03,C619Y,LA ALDEA DE SAN NICOLÁS,LAS PALMAS,13,"28,6","0,0","24,7",07:10,"32,6",17:20,04,"7,2","21,1",01:00,"11,5","1012,9",23,"1009,8",05
2026-08-04,C619Y,LA ALDEA DE SAN NICOLÁS,LAS PALMAS,13,"28,6","0,0","23,7",04:30,"33,6",15:00,01,"8,3","20,8",22:10,"11,4","1014,8",23,"1011,5",05
2026-08-05,C619Y,LA ALDEA DE SAN NICOLÁS,LAS PALMAS,13,"29,0","0,0","25,7",00:10,"32,2",11:20,01,"13,1","22,2",11:50,"11,1","1015,0",22,"1012,9",16
2026-08-06,C619Y,LA ALDEA DE SAN NICOLÁS,LAS PALMAS,13,"26,6","0,0","23,9",07:00,"29,2",00:20,01,"12,5","21,7",Varias,"12,2","1015,8",09,"1013,7",04
2026-08-07,C619Y,LA ALDEA DE SAN NICOLÁS,LAS PALMAS,13,"24,8",,"21,2",05:00,"28,3",11:40,36,"11,4","21,1",17:20,,,,,
2026-08-08,C619Y,LA ALDEA DE SAN NICOLÁS,LAS PALMAS,13,"25,4","0,0","23,4",07:00,"27,3",14:30,04,"11,7","20,6",10:50,"11,7","1015,9",23,"1014,0",05
2026-08-09,C619Y,LA ALDEA DE SAN NICOLÁS,LAS PALMAS,13,"26,2","0,0","23,8",03:20,"28,6",14:20,04,"9,4","20,6",16:20,"11,8",,,,
2026-08-10,C619Y,LA ALDEA DE SAN NICOLÁS,LAS PALMAS,13,"26,0","0,0","23,2",07:00,"28,8",13:00,05,"8,6","20,0",17:20,"12,0",,,,
2026-08-11,C619Y,LA ALDEA DE SAN NICOLÁS,LAS PALMAS,13,"25,8","0,0","23,2",04:40,"28,5",14:50,04,"7,5","20,0",18:50,"12,1","1016,4",00,"1013,7",17
2026-08-12,C619Y,LA ALDEA DE SAN NICOLÁS,LAS PALMAS,13,"25,4","0,0","22,1",07:30,"28,7",14:50,04,"8,6","20,0",01:00,"11,4","1016,8",23,"1013,4",04
2026-08-13,C619Y,LA ALDEA DE SAN NICOLÁS,LAS PALMAS,13,"25,2","0,0","22,2",06:50,"28,2",14:30,03,"8,9","20,6",13:30,"11,4",,,,
2026-08-14,C619Y,LA ALDEA DE SAN NICOLÁS,LAS PALMAS,13,"25,6","0,0","23,5",06:10,"27,8",15:00,04,"9,7","21,4",13:40,"11,6",,,,
2026-08-15,C619Y,LA ALDEA DE SAN NICOLÁS,LAS PALMAS,13,"26,7","0,0","23,8",02:30,"29,6",15:40,06,"8,3","20,8",03:30,"12,0",,,,
2026-08-16,C619Y,LA ALDEA DE SAN NICOLÁS,LAS PALMAS,13,"26,6","0,0","23,9",23:59,"29,2",13:20,06,"6,1","19,4",16:00,"12,0","1016,0",23,"1012,7",05
2026-08-17,C619Y,LA ALDEA DE SAN NICOLÁS,LAS PALMAS,13,"26,3","0,0","23,0",06:50,"29,6",14:50,06,"4,4","17,2",13:50,"12,0","1016,1",Varias,"1014,3",17
2026-08-18,C619Y,LA ALDEA DE SAN NICOLÁS,LAS PALMAS,13,"25,2","0,0","21,9",07:00,"28,4",16:00,36,"6,1","14,2",18:40,"11,0","1017,9",24,"1014,3",03
2026-08-19,C619Y,LA ALDEA DE SAN NICOLÁS,LAS PALMAS,13,"26,2",,"23,6",05:10,"28,8",15:10,08,"6,7","16,4",07:30,,"1019,1",23,"1015,6",04
2026-08-20,C619Y,LA ALDEA DE SAN NICOLÁS,LAS PALMAS,13,"27,1","0,0","23,4",03:10,"30,8",15:00,05,"8,9","20,0",21:50,"11,9",,,,
2026-08-21,C619Y,LA ALDEA DE SAN NICOLÁS,LAS PALMAS,13,"27,2","0,0","24,1",06:00,"30,4",15:50,06,"6,4","21,4",16:20,"12,0",,,,
2026-08-22,C619Y,LA ALDEA DE SAN NICOLÁS,LAS PALMAS,13,"25,9","0,0","23,5",07:00,"28,3",14:10,06,"5,6","15,6",02:10,"12,0","1016,8",Varias,"1014,0",05
2026-08-23,C619Y,LA ALDEA DE SAN NICOLÁS,LAS PALMAS,13,"25,3","0,0","20,9",07:30,"29,7",15:10,35,"3,6","12,5",17:30,"11,8","1017,5",11,"1014,5",04
2026-08-24,C619Y,LA ALDEA DE SAN NICOLÁS,LAS PALMAS,13,"25,4","0,0","21,8",02:00,"29,1",14:00,03,"6,7","17,2",23:50,"11,7","1017,5",Varias,"1015,1",04
2026-08-25,C619Y,LA ALDEA DE SAN NICOLÁS,LAS PALMAS,13,"26,1","0,0","23,7",06:00,"28,5",14:20,04,"6,9","15,3",12:10,"11,7","1016,6",11,"1014,4",18
2026-08-26,C619Y,LA ALDEA DE SAN NICOLÁS,LAS PALMAS,13,"26,0","0,0","22,9",06:40,"29,0",13:40,06,"4,4","16,1",12:50,"11,9","1017,3",11,"1014,9",05
2026-08-27,C619Y,LA ALDEA DE SAN NICOLÁS,LAS PALMAS,13,"27,2","0,0","24,1",23:59,"30,4",11:50,06,"6,9","21,7",12:40,"11,4","1017,8",23,"1014,6",05
2026-08-28,C619Y,LA ALDEA DE SAN NICOLÁS,LAS PALMAS,13,"26,8","0,0","23,8",06:00,"29,8",13:50,06,"8,9","23,9",13:50,"11,8",,,,
2026-08-29,C619Y,LA ALDEA DE SAN NICOLÁS,LAS PALMAS,13,"25,5","0,0","21,6",05:40,"29,4",14:10,06,"7,8","19,2",Varias,"11,6",,,,
2026-08-30,C619Y,LA ALDEA DE SAN NICOLÁS,LAS PALMAS,13,"26,0","0,0","23,5",Varias,"28,4",14:00,07,"7,8","19,4",09:30,"11,7","1017,5",12,"1014,7",05
